,Shape_Area,Shape_Leng,cluster_id,fid_1,id_munic,munic_clus,munic_code,min,max,mean,count,std,range,mean_sd_class,mean_sd_class_idx,mean_sd_class3_idx,mean_sd_class3
0,70000.0,1400.0,101_1,1.0,1.0,101_1,101.0,3.568476915359497,3.568476915359497,3.568477085658482,7,1.7029898513598596e-07,0.0,"(mu+1σ, mu+2σ] (high)",2,2,High
1,110000.0,1800.0,101_2,2.0,2.0,101_2,101.0,3.555814504623413,3.555814504623413,3.555813876065341,11,6.285580722575901e-07,0.0,"(mu+1σ, mu+2σ] (high)",2,2,High
2,30000.0,800.0,101_3,3.0,3.0,101_3,101.0,2.9470179080963135,2.9470179080963135,2.9470179875691733,3,7.947285984855057e-08,0.0,"(mu, mu+1σ] (slightly high)",1,1,Medium
3,50000.0,1000.0,101_4,4.0,4.0,101_4,101.0,3.260913133621216,3.260913133621216,3.2609130859375,5,4.7683715642676816e-08,0.0,"(mu+1σ, mu+2σ] (high)",2,2,High
4,20000.0,600.0,101_5,5.0,5.0,101_5,101.0,2.443852186203003,2.443852186203003,2.443852186203003,2,0.0,0.0,"(mu-1σ, mu] (slightly low)",1,1,Medium
5,40000.0,1000.0,101_6,6.0,6.0,101_6,101.0,2.06881046295166,2.06881046295166,2.06881046295166,4,0.0,0.0,"(mu-2σ, mu-1σ] (low)",0,0,Low
6,40000.0,1000.0,101_7,7.0,7.0,101_7,101.0,2.4590139389038086,2.4590139389038086,2.4590139389038086,4,0.0,0.0,"(mu-1σ, mu] (slightly low)",1,1,Medium
7,50000.0,1200.0,101_8,8.0,8.0,101_8,101.0,3.2169277667999268,3.2169277667999268,3.216927719116211,5,4.7683715642676816e-08,0.0,"(mu, mu+1σ] (slightly high)",1,1,Medium
8,90000.0,1400.0,101_9,9.0,9.0,101_9,101.0,3.0004994869232178,3.0004994869232178,3.000499513414171,9,2.6490953430879927e-08,0.0,"(mu, mu+1σ] (slightly high)",1,1,Medium
9,30000.0,800.0,101_10,10.0,10.0,101_10,101.0,2.767244338989258,2.767244338989258,2.767244338989258,3,0.0,0.0,"(mu, mu+1σ] (slightly high)",1,1,Medium
10,30000.0,800.0,101_11,11.0,11.0,101_11,101.0,2.57030987739563,2.57030987739563,2.5703099568684897,3,7.947285984855057e-08,0.0,"(mu-1σ, mu] (slightly low)",1,1,Medium
11,30000.0,800.0,101_12,12.0,12.0,101_12,101.0,2.6152946949005127,2.6152946949005127,2.6152947743733725,3,7.947285984855057e-08,0.0,"(mu-1σ, mu] (slightly low)",1,1,Medium
12,20000.0,600.0,101_13,13.0,13.0,101_13,101.0,2.2367544174194336,2.2367544174194336,2.2367544174194336,2,0.0,0.0,"(mu-1σ, mu] (slightly low)",1,1,Medium
13,30000.0,800.0,101_14,14.0,14.0,101_14,101.0,2.7605795860290527,2.7605795860290527,2.7605794270833335,3,1.5894571925301193e-07,0.0,"(mu, mu+1σ] (slightly high)",1,1,Medium
14,10000.0,400.0,101_15,15.0,15.0,101_15,101.0,2.4443519115448,2.4443519115448,2.4443519115448,1,0.0,0.0,"(mu-1σ, mu] (slightly low)",1,1,Medium
15,20000.0,600.0,101_16,16.0,16.0,101_16,101.0,2.1995999813079834,2.1995999813079834,2.1995999813079834,2,0.0,0.0,"(mu-1σ, mu] (slightly low)",1,1,Medium
16,80000.0,1400.0,101_17,17.0,17.0,101_17,101.0,3.221925973892212,3.221925973892212,3.221925973892212,8,0.0,0.0,"(mu+1σ, mu+2σ] (high)",2,2,High
17,10000.0,400.0,101_18,18.0,18.0,101_18,101.0,2.89170241355896,2.89170241355896,2.89170241355896,1,0.0,0.0,"(mu, mu+1σ] (slightly high)",1,1,Medium
18,20000.0,600.0,101_19,19.0,19.0,101_19,101.0,2.3628792762756348,2.3628792762756348,2.3628792762756348,2,0.0,0.0,"(mu-1σ, mu] (slightly low)",1,1,Medium
19,20000.0,600.0,101_20,20.0,20.0,101_20,101.0,2.3897035121917725,2.3897035121917725,2.3897035121917725,2,0.0,0.0,"(mu-1σ, mu] (slightly low)",1,1,Medium
20,20000.0,600.0,101_21,21.0,21.0,101_21,101.0,2.3133957386016846,2.3133957386016846,2.3133957386016846,2,0.0,0.0,"(mu-1σ, mu] (slightly low)",1,1,Medium
21,90000.0,1400.0,101_22,22.0,22.0,101_22,101.0,2.890869617462158,2.890869617462158,2.890869564480252,9,5.2981906417670643e-08,0.0,"(mu, mu+1σ] (slightly high)",1,1,Medium
22,80000.0,1600.0,101_23,23.0,23.0,101_23,101.0,3.221925973892212,3.221925973892212,3.221925973892212,8,0.0,0.0,"(mu+1σ, mu+2σ] (high)",2,2,High
23,100000.0,1600.0,101_24,24.0,24.0,101_24,101.0,3.3813726902008057,3.3813726902008057,3.381372833251953,10,1.4305114737211966e-07,0.0,"(mu+1σ, mu+2σ] (high)",2,2,High
24,20000.0,600.0,101_25,25.0,25.0,101_25,101.0,2.619793653488159,2.619793653488159,2.619793653488159,2,0.0,0.0,"(mu-1σ, mu] (slightly low)",1,1,Medium
25,100000.0,1800.0,101_26,26.0,26.0,101_26,101.0,3.5904695987701416,3.5904695987701416,3.590469741821289,10,1.4305114737211966e-07,0.0,"(mu+1σ, mu+2σ] (high)",2,2,High
26,110000.0,1600.0,101_27,27.0,27.0,101_27,101.0,2.8183939456939697,2.8183939456939697,2.8183940540660513,11,1.0837208153091638e-07,0.0,"(mu, mu+1σ] (slightly high)",1,1,Medium
27,50000.0,1200.0,101_28,28.0,28.0,101_28,101.0,2.772742509841919,2.772742509841919,2.7727424621582033,5,4.7683715642676816e-08,0.0,"(mu, mu+1σ] (slightly high)",1,1,Medium
28,130000.0,1800.0,101_29,29.0,29.0,101_29,101.0,3.1654446125030518,3.1654446125030518,3.1654445941631613,13,1.833989049515594e-08,0.0,"(mu, mu+1σ] (slightly high)",1,1,Medium
29,40000.0,1000.0,101_30,30.0,30.0,101_30,101.0,2.5423195362091064,2.5423195362091064,2.5423195362091064,4,0.0,0.0,"(mu-1σ, mu] (slightly low)",1,1,Medium
30,10000.0,400.0,101_31,31.0,31.0,101_31,101.0,2.0589804649353027,2.0589804649353027,2.0589804649353027,1,0.0,0.0,"(mu-2σ, mu-1σ] (low)",0,0,Low
31,10000.0,400.0,101_32,32.0,32.0,101_32,101.0,1.9956676959991455,1.9956676959991455,1.9956676959991455,1,0.0,0.0,"(mu-2σ, mu-1σ] (low)",0,0,Low
32,10000.0,400.0,101_33,33.0,33.0,101_33,101.0,2.284072160720825,2.284072160720825,2.284072160720825,1,0.0,0.0,"(mu-1σ, mu] (slightly low)",1,1,Medium
33,30000.0,800.0,101_34,34.0,34.0,101_34,101.0,2.144785165786743,2.144785165786743,2.144785245259603,3,7.947285984855057e-08,0.0,"(mu-2σ, mu-1σ] (low)",0,0,Low
34,10000.0,400.0,101_35,35.0,35.0,101_35,101.0,2.102965831756592,2.102965831756592,2.102965831756592,1,0.0,0.0,"(mu-2σ, mu-1σ] (low)",0,0,Low
35,10000.0,400.0,101_36,36.0,36.0,101_36,101.0,2.450850009918213,2.450850009918213,2.450850009918213,1,0.0,0.0,"(mu-1σ, mu] (slightly low)",1,1,Medium
36,20000.0,600.0,101_37,37.0,37.0,101_37,101.0,2.297067880630493,2.297067880630493,2.297067880630493,2,0.0,0.0,"(mu-1σ, mu] (slightly low)",1,1,Medium
37,30000.0,800.0,101_38,38.0,38.0,101_38,101.0,2.1762747764587402,2.1762747764587402,2.1762747764587402,3,0.0,0.0,"(mu-2σ, mu-1σ] (low)",0,0,Low
38,30000.0,800.0,101_39,39.0,39.0,101_39,101.0,2.05181622505188,2.05181622505188,2.0518163045247397,3,7.947285984855057e-08,0.0,"(mu-2σ, mu-1σ] (low)",0,0,Low
39,20000.0,600.0,101_40,40.0,40.0,101_40,101.0,2.025824785232544,2.025824785232544,2.025824785232544,2,0.0,0.0,"(mu-2σ, mu-1σ] (low)",0,0,Low
40,20000.0,600.0,101_41,41.0,41.0,101_41,101.0,2.253082513809204,2.253082513809204,2.253082513809204,2,0.0,0.0,"(mu-1σ, mu] (slightly low)",1,1,Medium
41,10000.0,400.0,101_42,42.0,42.0,101_42,101.0,3.1222925186157227,3.1222925186157227,3.1222925186157227,1,0.0,0.0,"(mu, mu+1σ] (slightly high)",1,1,Medium
42,10000.0,400.0,101_43,43.0,43.0,101_43,101.0,2.474008560180664,2.474008560180664,2.474008560180664,1,0.0,0.0,"(mu-1σ, mu] (slightly low)",1,1,Medium
43,10000.0,400.0,101_44,44.0,44.0,101_44,101.0,1.9125291109085083,1.9125291109085083,1.9125291109085083,1,0.0,0.0,"(mu-2σ, mu-1σ] (low)",0,0,Low
44,30000.0,800.0,101_45,45.0,45.0,101_45,101.0,2.3458850383758545,2.3458850383758545,2.3458849589029946,3,7.947285984855057e-08,0.0,"(mu-1σ, mu] (slightly low)",1,1,Medium
45,20000.0,600.0,101_46,46.0,46.0,101_46,101.0,1.6751081943511963,1.6751081943511963,1.6751081943511963,2,0.0,0.0,"(mu-2σ, mu-1σ] (low)",0,0,Low
46,30000.0,800.0,101_47,47.0,47.0,101_47,101.0,3.4011995792388916,3.4011995792388916,3.4011996587117515,3,7.947285984855057e-08,0.0,"(mu+1σ, mu+2σ] (high)",2,2,High
47,10000.0,400.0,101_48,48.0,48.0,101_48,101.0,3.157614231109619,3.157614231109619,3.157614231109619,1,0.0,0.0,"(mu, mu+1σ] (slightly high)",1,1,Medium
48,10000.0,400.0,101_49,49.0,49.0,101_49,101.0,2.792069673538208,2.792069673538208,2.792069673538208,1,0.0,0.0,"(mu, mu+1σ] (slightly high)",1,1,Medium
49,20000.0,600.0,101_50,50.0,50.0,101_50,101.0,2.4855048656463623,2.4855048656463623,2.4855048656463623,2,0.0,0.0,"(mu-1σ, mu] (slightly low)",1,1,Medium
50,20000.0,600.0,101_51,51.0,51.0,101_51,101.0,2.176607847213745,2.176607847213745,2.176607847213745,2,0.0,0.0,"(mu-2σ, mu-1σ] (low)",0,0,Low
51,30000.0,800.0,101_52,52.0,52.0,101_52,101.0,2.7887370586395264,2.7887370586395264,2.7887369791666665,3,7.947285984855057e-08,0.0,"(mu, mu+1σ] (slightly high)",1,1,Medium
52,20000.0,600.0,101_53,53.0,53.0,101_53,101.0,2.625124931335449,2.625124931335449,2.625124931335449,2,0.0,0.0,"(mu-1σ, mu] (slightly low)",1,1,Medium
53,70000.0,1400.0,101_54,54.0,54.0,101_54,101.0,3.449516534805298,3.449516534805298,3.449516568865095,7,3.4059797204832876e-08,0.0,"(mu+1σ, mu+2σ] (high)",2,2,High
54,40000.0,1000.0,101_55,55.0,55.0,101_55,101.0,3.374375104904175,3.374375104904175,3.374375104904175,4,0.0,0.0,"(mu+1σ, mu+2σ] (high)",2,2,High
55,50000.0,1000.0,101_56,56.0,56.0,101_56,101.0,2.6754415035247803,2.6754415035247803,2.675441551208496,5,4.7683715642676816e-08,0.0,"(mu-1σ, mu] (slightly low)",1,1,Medium
56,70000.0,1200.0,101_57,57.0,57.0,101_57,101.0,2.9891703128814697,2.9891703128814697,2.989170346941267,7,3.4059797204832876e-08,0.0,"(mu, mu+1σ] (slightly high)",1,1,Medium
57,20000.0,600.0,101_58,58.0,58.0,101_58,101.0,1.9098634719848633,1.9098634719848633,1.9098634719848633,2,0.0,0.0,"(mu-2σ, mu-1σ] (low)",0,0,Low
58,30000.0,800.0,101_59,59.0,59.0,101_59,101.0,3.3455514907836914,3.3455514907836914,3.3455514907836914,3,0.0,0.0,"(mu+1σ, mu+2σ] (high)",2,2,High
59,50000.0,1200.0,101_60,60.0,60.0,101_60,101.0,3.6921026706695557,3.6921026706695557,3.692102813720703,5,1.4305114737211966e-07,0.0,"(mu+1σ, mu+2σ] (high)",2,2,High
60,80000.0,1400.0,101_61,61.0,61.0,101_61,101.0,3.251582384109497,3.251582384109497,3.251582622528076,8,2.384185791015625e-07,0.0,"(mu+1σ, mu+2σ] (high)",2,2,High
61,30000.0,800.0,101_62,62.0,62.0,101_62,101.0,3.1864378452301025,3.1864378452301025,3.1864379247029624,3,7.947285984855057e-08,0.0,"(mu, mu+1σ] (slightly high)",1,1,Medium
62,60000.0,1200.0,101_63,63.0,63.0,101_63,101.0,3.1234586238861084,3.1234586238861084,3.1234585444132485,6,7.947285984855057e-08,0.0,"(mu, mu+1σ] (slightly high)",1,1,Medium
63,90000.0,1400.0,101_64,64.0,64.0,101_64,101.0,2.8530490398406982,2.8530490398406982,2.8530487484402127,9,2.9140048551923314e-07,0.0,"(mu, mu+1σ] (slightly high)",1,1,Medium
64,100000.0,1600.0,101_65,65.0,65.0,101_65,101.0,2.938520669937134,2.938520669937134,2.938520622253418,10,4.7683715642676816e-08,0.0,"(mu, mu+1σ] (slightly high)",1,1,Medium
65,210000.0,2400.0,101_66,66.0,66.0,101_66,101.0,3.2879040241241455,3.2879040241241455,3.2879039219447543,21,1.0217939117040942e-07,0.0,"(mu+1σ, mu+2σ] (high)",2,2,High
66,40000.0,800.0,101_67,67.0,67.0,101_67,101.0,3.2037651538848877,3.2037651538848877,3.2037651538848877,4,0.0,0.0,"(mu, mu+1σ] (slightly high)",1,1,Medium
67,110000.0,1600.0,101_68,68.0,68.0,101_68,101.0,3.4993338584899902,3.4993338584899902,3.4993338151411577,11,4.334883252354871e-08,0.0,"(mu+1σ, mu+2σ] (high)",2,2,High
68,80000.0,1200.0,101_69,69.0,69.0,101_69,101.0,3.348384141921997,3.348384141921997,3.348384141921997,8,0.0,0.0,"(mu+1σ, mu+2σ] (high)",2,2,High
69,100000.0,1400.0,101_70,70.0,70.0,101_70,101.0,3.0044987201690674,3.0044987201690674,3.004499053955078,10,3.3378601083100534e-07,0.0,"(mu, mu+1σ] (slightly high)",1,1,Medium
70,30000.0,800.0,101_71,71.0,71.0,101_71,101.0,2.962346315383911,2.962346315383911,2.962346394856771,3,7.947285984855057e-08,0.0,"(mu, mu+1σ] (slightly high)",1,1,Medium
71,30000.0,800.0,101_72,72.0,72.0,101_72,101.0,3.372209310531616,3.372209310531616,3.3722092310587564,3,7.947285984855057e-08,0.0,"(mu+1σ, mu+2σ] (high)",2,2,High
72,60000.0,1000.0,101_73,73.0,73.0,101_73,101.0,3.102465867996216,3.102465867996216,3.1024659474690757,6,7.947285984855057e-08,0.0,"(mu, mu+1σ] (slightly high)",1,1,Medium
73,20000.0,600.0,101_74,74.0,74.0,101_74,101.0,2.5791401863098145,2.5791401863098145,2.5791401863098145,2,0.0,0.0,"(mu-1σ, mu] (slightly low)",1,1,Medium
74,60000.0,1000.0,101_75,75.0,75.0,101_75,101.0,2.6532821655273438,2.6532821655273438,2.6532821655273438,6,0.0,0.0,"(mu-1σ, mu] (slightly low)",1,1,Medium
75,60000.0,1200.0,101_76,76.0,76.0,101_76,101.0,2.252582550048828,2.252582550048828,2.252582550048828,6,0.0,0.0,"(mu-1σ, mu] (slightly low)",1,1,Medium
76,90000.0,1400.0,101_77,77.0,77.0,101_77,101.0,3.3753750324249268,3.3753750324249268,3.3753753238254123,9,2.9140048551923314e-07,0.0,"(mu+1σ, mu+2σ] (high)",2,2,High
77,10000.0,400.0,101_78,78.0,78.0,101_78,101.0,2.2802398204803467,2.2802398204803467,2.2802398204803467,1,0.0,0.0,"(mu-1σ, mu] (slightly low)",1,1,Medium
78,100000.0,1600.0,101_79,79.0,79.0,101_79,101.0,2.9276907444000244,2.9276907444000244,2.927690887451172,10,1.4305114737211966e-07,0.0,"(mu, mu+1σ] (slightly high)",1,1,Medium
79,10000.0,400.0,101_80,80.0,80.0,101_80,101.0,2.234588384628296,2.234588384628296,2.234588384628296,1,0.0,0.0,"(mu-1σ, mu] (slightly low)",1,1,Medium
80,40000.0,1000.0,101_81,81.0,81.0,101_81,101.0,2.334888458251953,2.334888458251953,2.334888458251953,4,0.0,0.0,"(mu-1σ, mu] (slightly low)",1,1,Medium
81,10000.0,400.0,101_82,82.0,82.0,101_82,101.0,1.7884037494659424,1.7884037494659424,1.7884037494659424,1,0.0,0.0,"(mu-2σ, mu-1σ] (low)",0,0,Low
82,20000.0,600.0,101_83,83.0,83.0,101_83,101.0,1.512495517730713,1.512495517730713,1.512495517730713,2,0.0,0.0,<= mu-2σ (very low),0,0,Low
83,200000.0,2400.0,101_84,84.0,84.0,101_84,101.0,2.1997668743133545,2.1997668743133545,2.19976692199707,20,4.7683715642676816e-08,0.0,"(mu-1σ, mu] (slightly low)",1,1,Medium
84,10000.0,400.0,101_85,85.0,85.0,101_85,101.0,1.556480884552002,1.556480884552002,1.556480884552002,1,0.0,0.0,<= mu-2σ (very low),0,0,Low
85,20000.0,600.0,101_86,86.0,86.0,101_86,101.0,1.4763412475585938,1.4763412475585938,1.4763412475585938,2,0.0,0.0,<= mu-2σ (very low),0,0,Low
86,10000.0,400.0,101_89,89.0,89.0,101_89,101.0,2.2804067134857178,2.2804067134857178,2.2804067134857178,1,0.0,0.0,"(mu-1σ, mu] (slightly low)",1,1,Medium
87,50000.0,1200.0,101_90,90.0,90.0,101_90,101.0,2.178274154663086,2.178274154663086,2.178274154663086,5,0.0,0.0,"(mu-1σ, mu] (slightly low)",1,1,Medium
88,10000.0,400.0,101_91,91.0,91.0,101_91,101.0,3.0728092193603516,3.0728092193603516,3.0728092193603516,1,0.0,0.0,"(mu, mu+1σ] (slightly high)",1,1,Medium
89,10000.0,400.0,101_92,92.0,92.0,101_92,101.0,2.2565813064575195,2.2565813064575195,2.2565813064575195,1,0.0,0.0,"(mu-1σ, mu] (slightly low)",1,1,Medium
90,10000.0,400.0,101_93,93.0,93.0,101_93,101.0,3.221759557723999,3.221759557723999,3.221759557723999,1,0.0,0.0,"(mu+1σ, mu+2σ] (high)",2,2,High
91,50000.0,1000.0,101_94,94.0,94.0,101_94,101.0,2.9195268154144287,2.9195268154144287,2.9195268630981444,5,4.7683715642676816e-08,0.0,"(mu, mu+1σ] (slightly high)",1,1,Medium
92,10000.0,400.0,101_95,95.0,95.0,101_95,101.0,2.411029815673828,2.411029815673828,2.411029815673828,1,0.0,0.0,"(mu-1σ, mu] (slightly low)",1,1,Medium
93,10000.0,400.0,101_96,96.0,96.0,101_96,101.0,2.043985366821289,2.043985366821289,2.043985366821289,1,0.0,0.0,"(mu-2σ, mu-1σ] (low)",0,0,Low
94,10000.0,400.0,101_97,97.0,97.0,101_97,101.0,2.3593802452087402,2.3593802452087402,2.3593802452087402,1,0.0,0.0,"(mu-1σ, mu] (slightly low)",1,1,Medium
95,10000.0,400.0,101_98,98.0,98.0,101_98,101.0,2.727924108505249,2.727924108505249,2.727924108505249,1,0.0,0.0,"(mu, mu+1σ] (slightly high)",1,1,Medium
96,130000.0,1800.0,101_99,99.0,99.0,101_99,101.0,2.024158477783203,2.024158477783203,2.024158477783203,13,0.0,0.0,"(mu-2σ, mu-1σ] (low)",0,0,Low
97,20000.0,600.0,101_100,100.0,100.0,101_100,101.0,2.690936326980591,2.690936326980591,2.690936326980591,2,0.0,0.0,"(mu-1σ, mu] (slightly low)",1,1,Medium
98,20000.0,600.0,101_101,101.0,101.0,101_101,101.0,1.9503498077392578,1.9503498077392578,1.9503498077392578,2,0.0,0.0,"(mu-2σ, mu-1σ] (low)",0,0,Low
99,20000.0,600.0,101_102,102.0,102.0,101_102,101.0,2.157447576522827,2.157447576522827,2.157447576522827,2,0.0,0.0,"(mu-2σ, mu-1σ] (low)",0,0,Low
100,20000.0,600.0,101_103,103.0,103.0,101_103,101.0,3.316727876663208,3.316727876663208,3.316727876663208,2,0.0,0.0,"(mu+1σ, mu+2σ] (high)",2,2,High
101,10000.0,400.0,101_104,104.0,104.0,101_104,101.0,3.5971343517303467,3.5971343517303467,3.5971343517303467,1,0.0,0.0,"(mu+1σ, mu+2σ] (high)",2,2,High
102,10000.0,400.0,101_105,105.0,105.0,101_105,101.0,2.2875709533691406,2.2875709533691406,2.2875709533691406,1,0.0,0.0,"(mu-1σ, mu] (slightly low)",1,1,Medium
103,20000.0,600.0,101_106,106.0,106.0,101_106,101.0,2.2067644596099854,2.2067644596099854,2.2067644596099854,2,0.0,0.0,"(mu-1σ, mu] (slightly low)",1,1,Medium
104,30000.0,800.0,101_107,107.0,107.0,101_107,101.0,3.582805871963501,3.582805871963501,3.582805951436361,3,7.947285984855057e-08,0.0,"(mu+1σ, mu+2σ] (high)",2,2,High
105,10000.0,400.0,101_108,108.0,108.0,101_108,101.0,2.9780073165893555,2.9780073165893555,2.9780073165893555,1,0.0,0.0,"(mu, mu+1σ] (slightly high)",1,1,Medium
106,70000.0,1200.0,101_109,109.0,109.0,101_109,101.0,3.2072641849517822,3.2072641849517822,3.2072642190115794,7,3.4059797204832876e-08,0.0,"(mu, mu+1σ] (slightly high)",1,1,Medium
107,20000.0,600.0,101_110,110.0,110.0,101_110,101.0,2.1797733306884766,2.1797733306884766,2.1797733306884766,2,0.0,0.0,"(mu-1σ, mu] (slightly low)",1,1,Medium
108,10000.0,400.0,101_111,111.0,111.0,101_111,101.0,2.6811065673828125,2.6811065673828125,2.6811065673828125,1,0.0,0.0,"(mu-1σ, mu] (slightly low)",1,1,Medium
109,10000.0,400.0,101_112,112.0,112.0,101_112,101.0,2.811896324157715,2.811896324157715,2.811896324157715,1,0.0,0.0,"(mu, mu+1σ] (slightly high)",1,1,Medium
110,10000.0,400.0,101_113,113.0,113.0,101_113,101.0,2.9480173587799072,2.9480173587799072,2.9480173587799072,1,0.0,0.0,"(mu, mu+1σ] (slightly high)",1,1,Medium
111,10000.0,400.0,101_114,114.0,114.0,101_114,101.0,2.715261936187744,2.715261936187744,2.715261936187744,1,0.0,0.0,"(mu, mu+1σ] (slightly high)",1,1,Medium
112,30000.0,800.0,101_115,115.0,115.0,101_115,101.0,2.4968345165252686,2.4968345165252686,2.4968344370524087,3,7.947285984855057e-08,0.0,"(mu-1σ, mu] (slightly low)",1,1,Medium
113,10000.0,400.0,101_116,116.0,116.0,101_116,101.0,2.7752418518066406,2.7752418518066406,2.7752418518066406,1,0.0,0.0,"(mu, mu+1σ] (slightly high)",1,1,Medium
114,50000.0,1000.0,101_117,117.0,117.0,101_117,101.0,2.90419864654541,2.90419864654541,2.90419864654541,5,0.0,0.0,"(mu, mu+1σ] (slightly high)",1,1,Medium
115,10000.0,400.0,101_118,118.0,118.0,101_118,101.0,2.5611462593078613,2.5611462593078613,2.5611462593078613,1,0.0,0.0,"(mu-1σ, mu] (slightly low)",1,1,Medium
116,20000.0,600.0,101_119,119.0,119.0,101_119,101.0,2.388204336166382,2.388204336166382,2.388204336166382,2,0.0,0.0,"(mu-1σ, mu] (slightly low)",1,1,Medium
117,20000.0,600.0,101_120,120.0,120.0,101_120,101.0,1.8802064657211304,1.8802064657211304,1.8802064657211304,2,0.0,0.0,"(mu-2σ, mu-1σ] (low)",0,0,Low
118,60000.0,1400.0,101_121,121.0,121.0,101_121,101.0,2.8192269802093506,2.8192269802093506,2.8192269007364907,6,7.947285984855057e-08,0.0,"(mu, mu+1σ] (slightly high)",1,1,Medium
119,20000.0,600.0,101_122,122.0,122.0,101_122,101.0,1.9890036582946777,1.9890036582946777,1.9890036582946777,2,0.0,0.0,"(mu-2σ, mu-1σ] (low)",0,0,Low
120,20000.0,600.0,101_123,123.0,123.0,101_123,101.0,1.6012992858886719,1.6012992858886719,1.6012992858886719,2,0.0,0.0,<= mu-2σ (very low),0,0,Low
121,40000.0,1000.0,101_124,124.0,124.0,101_124,101.0,1.6716094017028809,1.6716094017028809,1.6716094017028809,4,0.0,0.0,"(mu-2σ, mu-1σ] (low)",0,0,Low
122,10000.0,400.0,101_125,125.0,125.0,101_125,101.0,2.4218597412109375,2.4218597412109375,2.4218597412109375,1,0.0,0.0,"(mu-1σ, mu] (slightly low)",1,1,Medium
123,10000.0,400.0,101_126,126.0,126.0,101_126,101.0,2.463679075241089,2.463679075241089,2.463679075241089,1,0.0,0.0,"(mu-1σ, mu] (slightly low)",1,1,Medium
124,30000.0,800.0,101_127,127.0,127.0,101_127,101.0,1.9581804275512695,1.9581804275512695,1.9581804275512695,3,0.0,0.0,"(mu-2σ, mu-1σ] (low)",0,0,Low
125,30000.0,800.0,101_128,128.0,128.0,101_128,101.0,2.619460344314575,2.619460344314575,2.619460423787435,3,7.947285984855057e-08,0.0,"(mu-1σ, mu] (slightly low)",1,1,Medium
126,10000.0,400.0,101_129,129.0,129.0,101_129,101.0,1.9861711263656616,1.9861711263656616,1.9861711263656616,1,0.0,0.0,"(mu-2σ, mu-1σ] (low)",0,0,Low
127,20000.0,600.0,101_130,130.0,130.0,101_130,101.0,2.8388872146606445,2.8388872146606445,2.8388872146606445,2,0.0,0.0,"(mu, mu+1σ] (slightly high)",1,1,Medium
128,10000.0,400.0,101_131,131.0,131.0,101_131,101.0,2.246584415435791,2.246584415435791,2.246584415435791,1,0.0,0.0,"(mu-1σ, mu] (slightly low)",1,1,Medium
129,30000.0,800.0,101_132,132.0,132.0,101_132,101.0,2.4090306758880615,2.4090306758880615,2.4090305964152017,3,7.947285984855057e-08,0.0,"(mu-1σ, mu] (slightly low)",1,1,Medium
130,50000.0,1000.0,101_133,133.0,133.0,101_133,101.0,1.8995335102081299,1.8995335102081299,1.899533462524414,5,4.768371586472142e-08,0.0,"(mu-2σ, mu-1σ] (low)",0,0,Low
131,30000.0,800.0,101_134,134.0,134.0,101_134,101.0,3.4461843967437744,3.4461843967437744,3.4461844762166343,3,7.947285984855057e-08,0.0,"(mu+1σ, mu+2σ] (high)",2,2,High
132,40000.0,1000.0,101_135,135.0,135.0,101_135,101.0,2.361379623413086,2.361379623413086,2.361379623413086,4,0.0,0.0,"(mu-1σ, mu] (slightly low)",1,1,Medium
133,40000.0,1000.0,101_136,136.0,136.0,101_136,101.0,3.221592664718628,3.221592664718628,3.221592664718628,4,0.0,0.0,"(mu+1σ, mu+2σ] (high)",2,2,High
134,10000.0,400.0,101_137,137.0,137.0,101_137,101.0,3.3258912563323975,3.3258912563323975,3.3258912563323975,1,0.0,0.0,"(mu+1σ, mu+2σ] (high)",2,2,High
135,20000.0,600.0,101_138,138.0,138.0,101_138,101.0,2.6762747764587402,2.6762747764587402,2.6762747764587402,2,0.0,0.0,"(mu-1σ, mu] (slightly low)",1,1,Medium
136,10000.0,400.0,101_139,139.0,139.0,101_139,101.0,2.779407262802124,2.779407262802124,2.779407262802124,1,0.0,0.0,"(mu, mu+1σ] (slightly high)",1,1,Medium
137,20000.0,600.0,101_140,140.0,140.0,101_140,101.0,3.131789207458496,3.131789207458496,3.131789207458496,2,0.0,0.0,"(mu, mu+1σ] (slightly high)",1,1,Medium
138,10000.0,400.0,101_141,141.0,141.0,101_141,101.0,2.558480739593506,2.558480739593506,2.558480739593506,1,0.0,0.0,"(mu-1σ, mu] (slightly low)",1,1,Medium
139,10000.0,400.0,101_142,142.0,142.0,101_142,101.0,3.190269708633423,3.190269708633423,3.190269708633423,1,0.0,0.0,"(mu, mu+1σ] (slightly high)",1,1,Medium
140,10000.0,400.0,101_143,143.0,143.0,101_143,101.0,2.9010331630706787,2.9010331630706787,2.9010331630706787,1,0.0,0.0,"(mu, mu+1σ] (slightly high)",1,1,Medium
141,80000.0,1400.0,101_144,144.0,144.0,101_144,101.0,2.9661781787872314,2.9661781787872314,2.9661784172058105,8,2.384185791015625e-07,0.0,"(mu, mu+1σ] (slightly high)",1,1,Medium
142,10000.0,400.0,101_145,145.0,145.0,101_145,101.0,2.1237921714782715,2.1237921714782715,2.1237921714782715,1,0.0,0.0,"(mu-2σ, mu-1σ] (low)",0,0,Low
143,20000.0,600.0,101_146,146.0,146.0,101_146,101.0,1.6404531002044678,1.6404531002044678,1.6404531002044678,2,0.0,0.0,<= mu-2σ (very low),0,0,Low
144,60000.0,1000.0,101_147,147.0,147.0,101_147,101.0,2.3068978786468506,2.3068978786468506,2.3068979581197104,6,7.947285984855057e-08,0.0,"(mu-1σ, mu] (slightly low)",1,1,Medium
145,10000.0,400.0,101_148,148.0,148.0,101_148,101.0,1.551149606704712,1.551149606704712,1.551149606704712,1,0.0,0.0,<= mu-2σ (very low),0,0,Low
146,20000.0,600.0,101_149,149.0,149.0,101_149,101.0,1.6481170654296875,1.6481170654296875,1.6481170654296875,2,0.0,0.0,<= mu-2σ (very low),0,0,Low
147,20000.0,600.0,101_150,150.0,150.0,101_150,101.0,1.8885369300842285,1.8885369300842285,1.8885369300842285,2,0.0,0.0,"(mu-2σ, mu-1σ] (low)",0,0,Low
148,90000.0,1800.0,101_151,151.0,151.0,101_151,101.0,2.5653114318847656,2.5653114318847656,2.5653114318847656,9,0.0,0.0,"(mu-1σ, mu] (slightly low)",1,1,Medium
149,300000.0,2400.0,101_152,152.0,152.0,101_152,101.0,3.6812727451324463,3.6812727451324463,3.6812728881835937,30,1.4305114737211966e-07,0.0,"(mu+1σ, mu+2σ] (high)",2,2,High
150,10000.0,400.0,101_153,153.0,153.0,101_153,101.0,1.7170941829681396,1.7170941829681396,1.7170941829681396,1,0.0,0.0,"(mu-2σ, mu-1σ] (low)",0,0,Low
151,20000.0,600.0,101_154,154.0,154.0,101_154,101.0,1.708097219467163,1.708097219467163,1.708097219467163,2,0.0,0.0,"(mu-2σ, mu-1σ] (low)",0,0,Low
152,10000.0,400.0,101_155,155.0,155.0,101_155,101.0,1.9156944751739502,1.9156944751739502,1.9156944751739502,1,0.0,0.0,"(mu-2σ, mu-1σ] (low)",0,0,Low
153,10000.0,400.0,101_156,156.0,156.0,101_156,101.0,1.5048315525054932,1.5048315525054932,1.5048315525054932,1,0.0,0.0,<= mu-2σ (very low),0,0,Low
154,20000.0,600.0,101_157,157.0,157.0,101_157,101.0,2.784238815307617,2.784238815307617,2.784238815307617,2,0.0,0.0,"(mu, mu+1σ] (slightly high)",1,1,Medium
155,10000.0,400.0,101_158,158.0,158.0,101_158,101.0,1.6986002922058105,1.6986002922058105,1.6986002922058105,1,0.0,0.0,"(mu-2σ, mu-1σ] (low)",0,0,Low
156,10000.0,400.0,101_159,159.0,159.0,101_159,101.0,2.1987671852111816,2.1987671852111816,2.1987671852111816,1,0.0,0.0,"(mu-1σ, mu] (slightly low)",1,1,Medium
157,20000.0,600.0,101_160,160.0,160.0,101_160,101.0,1.617127537727356,1.617127537727356,1.617127537727356,2,0.0,0.0,<= mu-2σ (very low),0,0,Low
158,20000.0,600.0,101_161,161.0,161.0,101_161,101.0,2.1982672214508057,2.1982672214508057,2.1982672214508057,2,0.0,0.0,"(mu-1σ, mu] (slightly low)",1,1,Medium
159,20000.0,600.0,101_162,162.0,162.0,101_162,101.0,2.40036678314209,2.40036678314209,2.40036678314209,2,0.0,0.0,"(mu-1σ, mu] (slightly low)",1,1,Medium
160,20000.0,600.0,101_163,163.0,163.0,101_163,101.0,1.9120292663574219,1.9120292663574219,1.9120292663574219,2,0.0,0.0,"(mu-2σ, mu-1σ] (low)",0,0,Low
161,30000.0,800.0,101_164,164.0,164.0,101_164,101.0,1.9471843242645264,1.9471843242645264,1.9471842447916667,3,7.947285962650597e-08,0.0,"(mu-2σ, mu-1σ] (low)",0,0,Low
162,10000.0,400.0,101_165,165.0,165.0,101_165,101.0,3.1217925548553467,3.1217925548553467,3.1217925548553467,1,0.0,0.0,"(mu, mu+1σ] (slightly high)",1,1,Medium
163,10000.0,400.0,101_166,166.0,166.0,101_166,101.0,2.551649570465088,2.551649570465088,2.551649570465088,1,0.0,0.0,"(mu-1σ, mu] (slightly low)",1,1,Medium
164,40000.0,1000.0,101_167,167.0,167.0,101_167,101.0,1.7007663249969482,1.7007663249969482,1.7007663249969482,4,0.0,0.0,"(mu-2σ, mu-1σ] (low)",0,0,Low
165,20000.0,600.0,101_168,168.0,168.0,101_168,101.0,2.152949094772339,2.152949094772339,2.152949094772339,2,0.0,0.0,"(mu-2σ, mu-1σ] (low)",0,0,Low
166,30000.0,800.0,101_169,169.0,169.0,101_169,101.0,1.7999000549316406,1.7999000549316406,1.7999000549316406,3,0.0,0.0,"(mu-2σ, mu-1σ] (low)",0,0,Low
167,10000.0,400.0,101_170,170.0,170.0,101_170,101.0,1.8457181453704834,1.8457181453704834,1.8457181453704834,1,0.0,0.0,"(mu-2σ, mu-1σ] (low)",0,0,Low
168,10000.0,400.0,101_171,171.0,171.0,101_171,101.0,1.987004280090332,1.987004280090332,1.987004280090332,1,0.0,0.0,"(mu-2σ, mu-1σ] (low)",0,0,Low
169,10000.0,400.0,101_172,172.0,172.0,101_172,101.0,1.861546277999878,1.861546277999878,1.861546277999878,1,0.0,0.0,"(mu-2σ, mu-1σ] (low)",0,0,Low
170,90000.0,1600.0,101_173,173.0,173.0,101_173,101.0,2.221926212310791,2.221926212310791,2.2219259474012585,9,2.6490953253244243e-07,0.0,"(mu-1σ, mu] (slightly low)",1,1,Medium
171,30000.0,800.0,101_174,174.0,174.0,101_174,101.0,1.8523826599121094,1.8523826599121094,1.8523826599121094,3,0.0,0.0,"(mu-2σ, mu-1σ] (low)",0,0,Low
172,30000.0,800.0,101_175,175.0,175.0,101_175,101.0,2.6936020851135254,2.6936020851135254,2.6936022440592446,3,1.5894571925301193e-07,0.0,"(mu-1σ, mu] (slightly low)",1,1,Medium
173,20000.0,600.0,101_176,176.0,176.0,101_176,101.0,2.5654783248901367,2.5654783248901367,2.5654783248901367,2,0.0,0.0,"(mu-1σ, mu] (slightly low)",1,1,Medium
174,30000.0,800.0,101_177,177.0,177.0,101_177,101.0,1.7609128952026367,1.7609128952026367,1.7609128952026367,3,0.0,0.0,"(mu-2σ, mu-1σ] (low)",0,0,Low
175,10000.0,400.0,101_178,178.0,178.0,101_178,101.0,2.3192272186279297,2.3192272186279297,2.3192272186279297,1,0.0,0.0,"(mu-1σ, mu] (slightly low)",1,1,Medium
176,10000.0,400.0,101_179,179.0,179.0,101_179,101.0,2.0023324489593506,2.0023324489593506,2.0023324489593506,1,0.0,0.0,"(mu-2σ, mu-1σ] (low)",0,0,Low
177,30000.0,800.0,101_180,180.0,180.0,101_180,101.0,2.0479841232299805,2.0479841232299805,2.0479841232299805,3,0.0,0.0,"(mu-2σ, mu-1σ] (low)",0,0,Low
178,20000.0,600.0,101_181,181.0,181.0,101_181,101.0,3.505997896194458,3.505997896194458,3.505997896194458,2,0.0,0.0,"(mu+1σ, mu+2σ] (high)",2,2,High
179,10000.0,400.0,101_182,182.0,182.0,101_182,101.0,1.9508497714996338,1.9508497714996338,1.9508497714996338,1,0.0,0.0,"(mu-2σ, mu-1σ] (low)",0,0,Low
180,10000.0,400.0,101_183,183.0,183.0,101_183,101.0,2.2757415771484375,2.2757415771484375,2.2757415771484375,1,0.0,0.0,"(mu-1σ, mu] (slightly low)",1,1,Medium
181,30000.0,800.0,101_184,184.0,184.0,101_184,101.0,2.172109365463257,2.172109365463257,2.172109285990397,3,7.947285984855057e-08,0.0,"(mu-2σ, mu-1σ] (low)",0,0,Low
182,10000.0,400.0,101_185,185.0,185.0,101_185,101.0,2.1944353580474854,2.1944353580474854,2.1944353580474854,1,0.0,0.0,"(mu-1σ, mu] (slightly low)",1,1,Medium
183,20000.0,600.0,101_186,186.0,186.0,101_186,101.0,2.20943021774292,2.20943021774292,2.20943021774292,2,0.0,0.0,"(mu-1σ, mu] (slightly low)",1,1,Medium
184,70000.0,1400.0,101_187,187.0,187.0,101_187,101.0,3.3142287731170654,3.3142287731170654,3.3142286028180803,7,1.7029898513598596e-07,0.0,"(mu+1σ, mu+2σ] (high)",2,2,High
185,210000.0,2600.0,101_188,188.0,188.0,101_188,101.0,3.5534822940826416,3.5534822940826416,3.553482418968564,21,1.2488592249226824e-07,0.0,"(mu+1σ, mu+2σ] (high)",2,2,High
186,100000.0,1400.0,101_189,189.0,189.0,101_189,101.0,3.555814504623413,3.555814504623413,3.5558143615722657,10,1.4305114737211966e-07,0.0,"(mu+1σ, mu+2σ] (high)",2,2,High
187,120000.0,1800.0,101_191,191.0,191.0,101_191,101.0,3.6592800617218018,3.6592800617218018,3.6592798233032227,12,2.384185791015625e-07,0.0,"(mu+1σ, mu+2σ] (high)",2,2,High
188,60000.0,1200.0,101_192,192.0,192.0,101_192,101.0,3.531156301498413,3.531156301498413,3.5311562220255532,6,7.947285984855057e-08,0.0,"(mu+1σ, mu+2σ] (high)",2,2,High
189,10000.0,400.0,101_193,193.0,193.0,101_193,101.0,1.7472509145736694,1.7472509145736694,1.7472509145736694,1,0.0,0.0,"(mu-2σ, mu-1σ] (low)",0,0,Low
190,30000.0,800.0,101_194,194.0,194.0,101_194,101.0,3.734421968460083,3.734421968460083,3.734422047932943,3,7.947285984855057e-08,0.0,"(mu+1σ, mu+2σ] (high)",2,2,High
191,10000.0,400.0,101_195,195.0,195.0,101_195,101.0,3.7120962142944336,3.7120962142944336,3.7120962142944336,1,0.0,0.0,"(mu+1σ, mu+2σ] (high)",2,2,High
192,10000.0,400.0,101_196,196.0,196.0,101_196,101.0,1.9606796503067017,1.9606796503067017,1.9606796503067017,1,0.0,0.0,"(mu-2σ, mu-1σ] (low)",0,0,Low
193,10000.0,400.0,101_197,197.0,197.0,101_197,101.0,2.4885036945343018,2.4885036945343018,2.4885036945343018,1,0.0,0.0,"(mu-1σ, mu] (slightly low)",1,1,Medium
194,10000.0,400.0,101_198,198.0,198.0,101_198,101.0,2.310730218887329,2.310730218887329,2.310730218887329,1,0.0,0.0,"(mu-1σ, mu] (slightly low)",1,1,Medium
195,20000.0,600.0,101_199,199.0,199.0,101_199,101.0,2.855215072631836,2.855215072631836,2.855215072631836,2,0.0,0.0,"(mu, mu+1σ] (slightly high)",1,1,Medium
196,20000.0,600.0,101_200,200.0,200.0,101_200,101.0,2.5749752521514893,2.5749752521514893,2.5749752521514893,2,0.0,0.0,"(mu-1σ, mu] (slightly low)",1,1,Medium
197,20000.0,600.0,101_201,201.0,201.0,101_201,101.0,2.2182607650756836,2.2182607650756836,2.2182607650756836,2,0.0,0.0,"(mu-1σ, mu] (slightly low)",1,1,Medium
198,10000.0,400.0,101_202,202.0,202.0,101_202,101.0,2.0936355590820312,2.0936355590820312,2.0936355590820312,1,0.0,0.0,"(mu-2σ, mu-1σ] (low)",0,0,Low
199,30000.0,800.0,101_203,203.0,203.0,101_203,101.0,2.177607536315918,2.177607536315918,2.177607536315918,3,0.0,0.0,"(mu-2σ, mu-1σ] (low)",0,0,Low
200,110000.0,1800.0,101_204,204.0,204.0,101_204,101.0,3.327557325363159,3.327557325363159,3.3275573036887427,11,2.1674416483818956e-08,0.0,"(mu+1σ, mu+2σ] (high)",2,2,High
201,80000.0,1400.0,101_205,205.0,205.0,101_205,101.0,2.435854911804199,2.435854911804199,2.435854911804199,8,0.0,0.0,"(mu-1σ, mu] (slightly low)",1,1,Medium
202,30000.0,800.0,101_206,206.0,206.0,101_206,101.0,3.2624123096466064,3.2624123096466064,3.2624123891194663,3,7.947285984855057e-08,0.0,"(mu+1σ, mu+2σ] (high)",2,2,High
203,60000.0,1200.0,101_207,207.0,207.0,101_207,101.0,2.106797695159912,2.106797695159912,2.106797695159912,6,0.0,0.0,"(mu-2σ, mu-1σ] (low)",0,0,Low
204,20000.0,600.0,101_208,208.0,208.0,101_208,101.0,2.1281239986419678,2.1281239986419678,2.1281239986419678,2,0.0,0.0,"(mu-2σ, mu-1σ] (low)",0,0,Low
205,120000.0,1800.0,101_209,209.0,209.0,101_209,101.0,3.2169272899627686,3.2169272899627686,3.2169272104899087,12,7.947285984855057e-08,0.0,"(mu, mu+1σ] (slightly high)",1,1,Medium
206,70000.0,1200.0,101_210,210.0,210.0,101_210,101.0,1.9208595752716064,1.9208595752716064,1.9208596093314034,7,3.405979698278827e-08,0.0,"(mu-2σ, mu-1σ] (low)",0,0,Low
207,20000.0,600.0,101_211,211.0,211.0,101_211,101.0,2.2435855865478516,2.2435855865478516,2.2435855865478516,2,0.0,0.0,"(mu-1σ, mu] (slightly low)",1,1,Medium
208,20000.0,600.0,101_212,212.0,212.0,101_212,101.0,2.625791311264038,2.625791311264038,2.625791311264038,2,0.0,0.0,"(mu-1σ, mu] (slightly low)",1,1,Medium
209,40000.0,1000.0,101_213,213.0,213.0,101_213,101.0,2.695101499557495,2.695101499557495,2.695101499557495,4,0.0,0.0,"(mu-1σ, mu] (slightly low)",1,1,Medium
210,20000.0,600.0,101_214,214.0,214.0,101_214,101.0,3.4263577461242676,3.4263577461242676,3.4263577461242676,2,0.0,0.0,"(mu+1σ, mu+2σ] (high)",2,2,High
211,10000.0,400.0,101_215,215.0,215.0,101_215,101.0,1.7490835189819336,1.7490835189819336,1.7490835189819336,1,0.0,0.0,"(mu-2σ, mu-1σ] (low)",0,0,Low
212,10000.0,400.0,101_216,216.0,216.0,101_216,101.0,2.0221593379974365,2.0221593379974365,2.0221593379974365,1,0.0,0.0,"(mu-2σ, mu-1σ] (low)",0,0,Low
213,20000.0,600.0,101_217,217.0,217.0,101_217,101.0,1.876541018486023,1.876541018486023,1.876541018486023,2,0.0,0.0,"(mu-2σ, mu-1σ] (low)",0,0,Low
214,40000.0,800.0,101_218,218.0,218.0,101_218,101.0,2.07580828666687,2.07580828666687,2.07580828666687,4,0.0,0.0,"(mu-2σ, mu-1σ] (low)",0,0,Low
215,30000.0,800.0,101_219,219.0,219.0,101_219,101.0,2.3895368576049805,2.3895368576049805,2.3895368576049805,3,0.0,0.0,"(mu-1σ, mu] (slightly low)",1,1,Medium
216,10000.0,400.0,101_220,220.0,220.0,101_220,101.0,3.310563087463379,3.310563087463379,3.310563087463379,1,0.0,0.0,"(mu+1σ, mu+2σ] (high)",2,2,High
217,10000.0,400.0,101_221,221.0,221.0,101_221,101.0,3.083305597305298,3.083305597305298,3.083305597305298,1,0.0,0.0,"(mu, mu+1σ] (slightly high)",1,1,Medium
218,10000.0,400.0,101_222,222.0,222.0,101_222,101.0,2.575641393661499,2.575641393661499,2.575641393661499,1,0.0,0.0,"(mu-1σ, mu] (slightly low)",1,1,Medium
219,10000.0,400.0,101_223,223.0,223.0,101_223,101.0,2.2555813789367676,2.2555813789367676,2.2555813789367676,1,0.0,0.0,"(mu-1σ, mu] (slightly low)",1,1,Medium
220,20000.0,600.0,101_224,224.0,224.0,101_224,101.0,3.4070308208465576,3.4070308208465576,3.4070308208465576,2,0.0,0.0,"(mu+1σ, mu+2σ] (high)",2,2,High
221,10000.0,400.0,101_225,225.0,225.0,101_225,101.0,2.1409530639648438,2.1409530639648438,2.1409530639648438,1,0.0,0.0,"(mu-2σ, mu-1σ] (low)",0,0,Low
222,120000.0,1600.0,101_226,226.0,226.0,101_226,101.0,2.545484781265259,2.545484781265259,2.5454848607381186,12,7.947285984855057e-08,0.0,"(mu-1σ, mu] (slightly low)",1,1,Medium
223,10000.0,400.0,101_227,227.0,227.0,101_227,101.0,2.172276020050049,2.172276020050049,2.172276020050049,1,0.0,0.0,"(mu-2σ, mu-1σ] (low)",0,0,Low
224,30000.0,800.0,101_228,228.0,228.0,101_228,101.0,2.2122626304626465,2.2122626304626465,2.2122626304626465,3,0.0,0.0,"(mu-1σ, mu] (slightly low)",1,1,Medium
225,10000.0,400.0,101_229,229.0,229.0,101_229,101.0,3.4910030364990234,3.4910030364990234,3.4910030364990234,1,0.0,0.0,"(mu+1σ, mu+2σ] (high)",2,2,High
226,40000.0,1000.0,101_230,230.0,230.0,101_230,101.0,2.6484506130218506,2.6484506130218506,2.6484506130218506,4,0.0,0.0,"(mu-1σ, mu] (slightly low)",1,1,Medium
227,20000.0,600.0,101_231,231.0,231.0,101_231,101.0,3.568310499191284,3.568310499191284,3.568310499191284,2,0.0,0.0,"(mu+1σ, mu+2σ] (high)",2,2,High
228,20000.0,600.0,101_232,232.0,232.0,101_232,101.0,3.70876407623291,3.70876407623291,3.70876407623291,2,0.0,0.0,"(mu+1σ, mu+2σ] (high)",2,2,High
229,20000.0,600.0,101_233,233.0,233.0,101_233,101.0,3.568310499191284,3.568310499191284,3.568310499191284,2,0.0,0.0,"(mu+1σ, mu+2σ] (high)",2,2,High
230,10000.0,400.0,101_234,234.0,234.0,101_234,101.0,3.4003665447235107,3.4003665447235107,3.4003665447235107,1,0.0,0.0,"(mu+1σ, mu+2σ] (high)",2,2,High
231,10000.0,400.0,101_235,235.0,235.0,101_235,101.0,2.804398536682129,2.804398536682129,2.804398536682129,1,0.0,0.0,"(mu, mu+1σ] (slightly high)",1,1,Medium
232,10000.0,400.0,101_236,236.0,236.0,101_236,101.0,3.6732752323150635,3.6732752323150635,3.6732752323150635,1,0.0,0.0,"(mu+1σ, mu+2σ] (high)",2,2,High
233,180000.0,2000.0,101_237,237.0,237.0,101_237,101.0,2.8272244930267334,2.8272244930267334,2.8272243075900607,18,1.8543667268389186e-07,0.0,"(mu, mu+1σ] (slightly high)",1,1,Medium
234,10000.0,400.0,101_238,238.0,238.0,101_238,101.0,2.501333236694336,2.501333236694336,2.501333236694336,1,0.0,0.0,"(mu-1σ, mu] (slightly low)",1,1,Medium
235,20000.0,600.0,101_239,239.0,239.0,101_239,101.0,2.8387205600738525,2.8387205600738525,2.8387205600738525,2,0.0,0.0,"(mu, mu+1σ] (slightly high)",1,1,Medium
236,270000.0,2200.0,101_240,240.0,240.0,101_240,101.0,3.063478708267212,3.063478708267212,3.063478257921007,27,4.503462047722451e-07,0.0,"(mu, mu+1σ] (slightly high)",1,1,Medium
237,100000.0,1400.0,101_241,241.0,241.0,101_241,101.0,2.9655115604400635,2.9655115604400635,2.965511512756348,10,4.7683715642676816e-08,0.0,"(mu, mu+1σ] (slightly high)",1,1,Medium
238,50000.0,1200.0,101_242,242.0,242.0,101_242,101.0,3.063645124435425,3.063645124435425,3.0636451721191404,5,4.7683715642676816e-08,0.0,"(mu, mu+1σ] (slightly high)",1,1,Medium
239,110000.0,1600.0,101_243,243.0,243.0,101_243,101.0,2.8212263584136963,2.8212263584136963,2.8212262933904473,11,6.502324900736767e-08,0.0,"(mu, mu+1σ] (slightly high)",1,1,Medium
240,120000.0,1800.0,101_244,244.0,244.0,101_244,101.0,2.5281572341918945,2.5281572341918945,2.5281569163004556,12,3.178914389501131e-07,0.0,"(mu-1σ, mu] (slightly low)",1,1,Medium
241,130000.0,2000.0,101_245,245.0,245.0,101_245,101.0,3.277573823928833,3.277573823928833,3.2775738055889425,13,1.833989049515594e-08,0.0,"(mu+1σ, mu+2σ] (high)",2,2,High
242,20000.0,600.0,101_246,246.0,246.0,101_246,101.0,2.208930253982544,2.208930253982544,2.208930253982544,2,0.0,0.0,"(mu-1σ, mu] (slightly low)",1,1,Medium
243,10000.0,400.0,101_247,247.0,247.0,101_247,101.0,2.2394204139709473,2.2394204139709473,2.2394204139709473,1,0.0,0.0,"(mu-1σ, mu] (slightly low)",1,1,Medium
244,10000.0,400.0,101_248,248.0,248.0,101_248,101.0,2.127957582473755,2.127957582473755,2.127957582473755,1,0.0,0.0,"(mu-2σ, mu-1σ] (low)",0,0,Low
245,10000.0,400.0,101_249,249.0,249.0,101_249,101.0,2.568643808364868,2.568643808364868,2.568643808364868,1,0.0,0.0,"(mu-1σ, mu] (slightly low)",1,1,Medium
246,10000.0,400.0,101_250,250.0,250.0,101_250,101.0,1.9578473567962646,1.9578473567962646,1.9578473567962646,1,0.0,0.0,"(mu-2σ, mu-1σ] (low)",0,0,Low
247,30000.0,800.0,101_251,251.0,251.0,101_251,101.0,2.1921026706695557,2.1921026706695557,2.1921027501424155,3,7.947285984855057e-08,0.0,"(mu-1σ, mu] (slightly low)",1,1,Medium
248,20000.0,600.0,101_252,252.0,252.0,101_252,101.0,2.0493171215057373,2.0493171215057373,2.0493171215057373,2,0.0,0.0,"(mu-2σ, mu-1σ] (low)",0,0,Low
249,20000.0,600.0,101_253,253.0,253.0,101_253,101.0,2.39186954498291,2.39186954498291,2.39186954498291,2,0.0,0.0,"(mu-1σ, mu] (slightly low)",1,1,Medium
250,40000.0,800.0,101_254,254.0,254.0,101_254,101.0,2.4158616065979004,2.4158616065979004,2.4158616065979004,4,0.0,0.0,"(mu-1σ, mu] (slightly low)",1,1,Medium
251,20000.0,600.0,101_255,255.0,255.0,101_255,101.0,2.7997336387634277,2.7997336387634277,2.7997336387634277,2,0.0,0.0,"(mu, mu+1σ] (slightly high)",1,1,Medium
252,50000.0,1000.0,101_256,256.0,256.0,101_256,101.0,2.4531824588775635,2.4531824588775635,2.453182411193848,5,4.7683715642676816e-08,0.0,"(mu-1σ, mu] (slightly low)",1,1,Medium
253,70000.0,1200.0,101_257,257.0,257.0,101_257,101.0,3.5904695987701416,3.5904695987701416,3.590469632829939,7,3.4059797204832876e-08,0.0,"(mu+1σ, mu+2σ] (high)",2,2,High
254,100000.0,1600.0,101_258,258.0,258.0,101_258,101.0,3.5904695987701416,3.5904695987701416,3.590469741821289,10,1.4305114737211966e-07,0.0,"(mu+1σ, mu+2σ] (high)",2,2,High
255,10000.0,400.0,101_259,259.0,259.0,101_259,101.0,2.772075891494751,2.772075891494751,2.772075891494751,1,0.0,0.0,"(mu, mu+1σ] (slightly high)",1,1,Medium
256,20000.0,600.0,101_260,260.0,260.0,101_260,101.0,3.443018913269043,3.443018913269043,3.443018913269043,2,0.0,0.0,"(mu+1σ, mu+2σ] (high)",2,2,High
257,30000.0,800.0,101_261,261.0,261.0,101_261,101.0,2.942518949508667,2.942518949508667,2.942518870035807,3,7.947285984855057e-08,0.0,"(mu, mu+1σ] (slightly high)",1,1,Medium
258,50000.0,1000.0,101_262,262.0,262.0,101_262,101.0,3.5398199558258057,3.5398199558258057,3.539820098876953,5,1.4305114737211966e-07,0.0,"(mu+1σ, mu+2σ] (high)",2,2,High
259,140000.0,1800.0,101_263,263.0,263.0,101_263,101.0,3.6344549655914307,3.6344549655914307,3.6344552721296037,14,3.0653817306713904e-07,0.0,"(mu+1σ, mu+2σ] (high)",2,2,High
260,10000.0,400.0,101_264,264.0,264.0,101_264,101.0,2.128457546234131,2.128457546234131,2.128457546234131,1,0.0,0.0,"(mu-2σ, mu-1σ] (low)",0,0,Low
261,10000.0,400.0,101_265,265.0,265.0,101_265,101.0,2.6736090183258057,2.6736090183258057,2.6736090183258057,1,0.0,0.0,"(mu-1σ, mu] (slightly low)",1,1,Medium
262,10000.0,400.0,101_266,266.0,266.0,101_266,101.0,2.5296568870544434,2.5296568870544434,2.5296568870544434,1,0.0,0.0,"(mu-1σ, mu] (slightly low)",1,1,Medium
263,130000.0,1800.0,101_267,267.0,267.0,101_267,101.0,2.7455849647521973,2.7455849647521973,2.745585221510667,13,2.5675846959671844e-07,0.0,"(mu, mu+1σ] (slightly high)",1,1,Medium
264,10000.0,400.0,101_268,268.0,268.0,101_268,101.0,2.3472177982330322,2.3472177982330322,2.3472177982330322,1,0.0,0.0,"(mu-1σ, mu] (slightly low)",1,1,Medium
265,10000.0,400.0,101_269,269.0,269.0,101_269,101.0,2.726590871810913,2.726590871810913,2.726590871810913,1,0.0,0.0,"(mu, mu+1σ] (slightly high)",1,1,Medium
266,10000.0,400.0,101_270,270.0,270.0,101_270,101.0,3.2239253520965576,3.2239253520965576,3.2239253520965576,1,0.0,0.0,"(mu+1σ, mu+2σ] (high)",2,2,High
267,30000.0,800.0,101_271,271.0,271.0,101_271,101.0,2.6164610385894775,2.6164610385894775,2.6164611180623374,3,7.947285984855057e-08,0.0,"(mu-1σ, mu] (slightly low)",1,1,Medium
268,10000.0,400.0,101_272,272.0,272.0,101_272,101.0,2.456348180770874,2.456348180770874,2.456348180770874,1,0.0,0.0,"(mu-1σ, mu] (slightly low)",1,1,Medium
269,20000.0,600.0,101_273,273.0,273.0,101_273,101.0,2.8217263221740723,2.8217263221740723,2.8217263221740723,2,0.0,0.0,"(mu, mu+1σ] (slightly high)",1,1,Medium
270,10000.0,400.0,101_274,274.0,274.0,101_274,101.0,3.151782512664795,3.151782512664795,3.151782512664795,1,0.0,0.0,"(mu, mu+1σ] (slightly high)",1,1,Medium
271,10000.0,400.0,101_275,275.0,275.0,101_275,101.0,3.190436601638794,3.190436601638794,3.190436601638794,1,0.0,0.0,"(mu, mu+1σ] (slightly high)",1,1,Medium
272,30000.0,800.0,101_276,276.0,276.0,101_276,101.0,3.247084140777588,3.247084140777588,3.247084299723307,3,1.5894571925301193e-07,0.0,"(mu+1σ, mu+2σ] (high)",2,2,High
273,10000.0,400.0,101_277,277.0,277.0,101_277,101.0,1.9598467350006104,1.9598467350006104,1.9598467350006104,1,0.0,0.0,"(mu-2σ, mu-1σ] (low)",0,0,Low
274,10000.0,400.0,101_278,278.0,278.0,101_278,101.0,2.6531155109405518,2.6531155109405518,2.6531155109405518,1,0.0,0.0,"(mu-1σ, mu] (slightly low)",1,1,Medium
275,10000.0,400.0,101_279,279.0,279.0,101_279,101.0,2.9320225715637207,2.9320225715637207,2.9320225715637207,1,0.0,0.0,"(mu, mu+1σ] (slightly high)",1,1,Medium
276,10000.0,400.0,101_280,280.0,280.0,101_280,101.0,2.568977117538452,2.568977117538452,2.568977117538452,1,0.0,0.0,"(mu-1σ, mu] (slightly low)",1,1,Medium
277,10000.0,400.0,101_281,281.0,281.0,101_281,101.0,1.8523824214935303,1.8523824214935303,1.8523824214935303,1,0.0,0.0,"(mu-2σ, mu-1σ] (low)",0,0,Low
278,10000.0,400.0,101_282,282.0,282.0,101_282,101.0,2.191102981567383,2.191102981567383,2.191102981567383,1,0.0,0.0,"(mu-1σ, mu] (slightly low)",1,1,Medium
279,30000.0,800.0,101_283,283.0,283.0,101_283,101.0,2.9843385219573975,2.9843385219573975,2.9843384424845376,3,7.947285984855057e-08,0.0,"(mu, mu+1σ] (slightly high)",1,1,Medium
280,40000.0,800.0,101_284,284.0,284.0,101_284,101.0,2.1797733306884766,2.1797733306884766,2.1797733306884766,4,0.0,0.0,"(mu-1σ, mu] (slightly low)",1,1,Medium
281,220000.0,2200.0,101_285,285.0,285.0,101_285,101.0,2.564645290374756,2.564645290374756,2.5646452470259233,22,4.334883252354871e-08,0.0,"(mu-1σ, mu] (slightly low)",1,1,Medium
282,10000.0,400.0,101_286,286.0,286.0,101_286,101.0,2.2305898666381836,2.2305898666381836,2.2305898666381836,1,0.0,0.0,"(mu-1σ, mu] (slightly low)",1,1,Medium
283,20000.0,600.0,101_287,287.0,287.0,101_287,101.0,2.1941020488739014,2.1941020488739014,2.1941020488739014,2,0.0,0.0,"(mu-1σ, mu] (slightly low)",1,1,Medium
284,20000.0,600.0,101_288,288.0,288.0,101_288,101.0,2.3188939094543457,2.3188939094543457,2.3188939094543457,2,0.0,0.0,"(mu-1σ, mu] (slightly low)",1,1,Medium
285,40000.0,1000.0,101_289,289.0,289.0,101_289,101.0,3.342219114303589,3.342219114303589,3.342219114303589,4,0.0,0.0,"(mu+1σ, mu+2σ] (high)",2,2,High
286,80000.0,1200.0,101_290,290.0,290.0,101_290,101.0,3.2704098224639893,3.2704098224639893,3.2704098224639893,8,0.0,0.0,"(mu+1σ, mu+2σ] (high)",2,2,High
287,50000.0,1000.0,101_291,291.0,291.0,101_291,101.0,2.2240920066833496,2.2240920066833496,2.2240921020507813,5,9.536743172944284e-08,0.0,"(mu-1σ, mu] (slightly low)",1,1,Medium
288,20000.0,600.0,101_292,292.0,292.0,101_292,101.0,2.7247581481933594,2.7247581481933594,2.7247581481933594,2,0.0,0.0,"(mu, mu+1σ] (slightly high)",1,1,Medium
289,70000.0,1200.0,101_293,293.0,293.0,101_293,101.0,3.531989336013794,3.531989336013794,3.531989506312779,7,1.7029898513598596e-07,0.0,"(mu+1σ, mu+2σ] (high)",2,2,High
290,90000.0,1600.0,101_294,294.0,294.0,101_294,101.0,2.9096968173980713,2.9096968173980713,2.909696790907118,9,2.6490953430879927e-08,0.0,"(mu, mu+1σ] (slightly high)",1,1,Medium
291,70000.0,1200.0,101_295,295.0,295.0,101_295,101.0,3.257580518722534,3.257580518722534,3.257580348423549,7,1.7029898513598596e-07,0.0,"(mu+1σ, mu+2σ] (high)",2,2,High
292,50000.0,1000.0,101_296,296.0,296.0,101_296,101.0,3.1416194438934326,3.1416194438934326,3.1416194915771483,5,4.7683715642676816e-08,0.0,"(mu, mu+1σ] (slightly high)",1,1,Medium
293,30000.0,800.0,101_297,297.0,297.0,101_297,101.0,3.197600841522217,3.197600841522217,3.1976006825764975,3,1.5894571925301193e-07,0.0,"(mu, mu+1σ] (slightly high)",1,1,Medium
294,60000.0,1000.0,101_298,298.0,298.0,101_298,101.0,3.1342885494232178,3.1342885494232178,3.134288469950358,6,7.947285984855057e-08,0.0,"(mu, mu+1σ] (slightly high)",1,1,Medium
295,40000.0,800.0,101_299,299.0,299.0,101_299,101.0,2.25891375541687,2.25891375541687,2.25891375541687,4,0.0,0.0,"(mu-1σ, mu] (slightly low)",1,1,Medium
296,230000.0,3000.0,101_300,300.0,300.0,101_300,101.0,3.336387872695923,3.336387872695923,3.3363879659901494,23,9.329422656634279e-08,0.0,"(mu+1σ, mu+2σ] (high)",2,2,High
297,100000.0,1600.0,101_301,301.0,301.0,101_301,101.0,3.3813726902008057,3.3813726902008057,3.381372833251953,10,1.4305114737211966e-07,0.0,"(mu+1σ, mu+2σ] (high)",2,2,High
298,480000.0,4000.0,101_302,302.0,302.0,101_302,101.0,3.1536154747009277,3.1536154747009277,3.153615633646647,48,1.5894571925301193e-07,0.0,"(mu, mu+1σ] (slightly high)",1,1,Medium
299,90000.0,1200.0,101_303,303.0,303.0,101_303,101.0,2.8307230472564697,2.8307230472564697,2.8307230207655163,9,2.6490953430879927e-08,0.0,"(mu, mu+1σ] (slightly high)",1,1,Medium
300,20000.0,600.0,101_304,304.0,304.0,101_304,101.0,2.0616462230682373,2.0616462230682373,2.0616462230682373,2,0.0,0.0,"(mu-2σ, mu-1σ] (low)",0,0,Low
301,10000.0,400.0,101_305,305.0,305.0,101_305,101.0,2.3128957748413086,2.3128957748413086,2.3128957748413086,1,0.0,0.0,"(mu-1σ, mu] (slightly low)",1,1,Medium
302,30000.0,800.0,101_306,306.0,306.0,101_306,101.0,2.2070975303649902,2.2070975303649902,2.2070975303649902,3,0.0,0.0,"(mu-1σ, mu] (slightly low)",1,1,Medium
303,20000.0,600.0,101_307,307.0,307.0,101_307,101.0,2.9475173950195312,2.9475173950195312,2.9475173950195312,2,0.0,0.0,"(mu, mu+1σ] (slightly high)",1,1,Medium
304,10000.0,400.0,101_308,308.0,308.0,101_308,101.0,2.221426248550415,2.221426248550415,2.221426248550415,1,0.0,0.0,"(mu-1σ, mu] (slightly low)",1,1,Medium
305,10000.0,400.0,101_309,309.0,309.0,101_309,101.0,2.1802732944488525,2.1802732944488525,2.1802732944488525,1,0.0,0.0,"(mu-1σ, mu] (slightly low)",1,1,Medium
306,10000.0,400.0,101_310,310.0,310.0,101_310,101.0,2.2690770626068115,2.2690770626068115,2.2690770626068115,1,0.0,0.0,"(mu-1σ, mu] (slightly low)",1,1,Medium
307,20000.0,600.0,101_311,311.0,311.0,101_311,101.0,2.3892035484313965,2.3892035484313965,2.3892035484313965,2,0.0,0.0,"(mu-1σ, mu] (slightly low)",1,1,Medium
308,10000.0,400.0,101_312,312.0,312.0,101_312,101.0,2.5294902324676514,2.5294902324676514,2.5294902324676514,1,0.0,0.0,"(mu-1σ, mu] (slightly low)",1,1,Medium
309,20000.0,600.0,101_313,313.0,313.0,101_313,101.0,2.482006072998047,2.482006072998047,2.482006072998047,2,0.0,0.0,"(mu-1σ, mu] (slightly low)",1,1,Medium
310,20000.0,600.0,101_314,314.0,314.0,101_314,101.0,2.150449752807617,2.150449752807617,2.150449752807617,2,0.0,0.0,"(mu-2σ, mu-1σ] (low)",0,0,Low
311,10000.0,400.0,101_315,315.0,315.0,101_315,101.0,1.6311229467391968,1.6311229467391968,1.6311229467391968,1,0.0,0.0,<= mu-2σ (very low),0,0,Low
312,10000.0,400.0,101_316,316.0,316.0,101_316,101.0,1.8495500087738037,1.8495500087738037,1.8495500087738037,1,0.0,0.0,"(mu-2σ, mu-1σ] (low)",0,0,Low
313,10000.0,400.0,101_317,317.0,317.0,101_317,101.0,2.5749752521514893,2.5749752521514893,2.5749752521514893,1,0.0,0.0,"(mu-1σ, mu] (slightly low)",1,1,Medium
314,10000.0,400.0,101_318,318.0,318.0,101_318,101.0,1.860713005065918,1.860713005065918,1.860713005065918,1,0.0,0.0,"(mu-2σ, mu-1σ] (low)",0,0,Low
315,10000.0,400.0,101_319,319.0,319.0,101_319,101.0,3.1034655570983887,3.1034655570983887,3.1034655570983887,1,0.0,0.0,"(mu, mu+1σ] (slightly high)",1,1,Medium
316,20000.0,600.0,101_320,320.0,320.0,101_320,101.0,2.4596803188323975,2.4596803188323975,2.4596803188323975,2,0.0,0.0,"(mu-1σ, mu] (slightly low)",1,1,Medium
317,20000.0,600.0,101_321,321.0,321.0,101_321,101.0,2.747584342956543,2.747584342956543,2.747584342956543,2,0.0,0.0,"(mu, mu+1σ] (slightly high)",1,1,Medium
318,10000.0,400.0,101_322,322.0,322.0,101_322,101.0,2.55181622505188,2.55181622505188,2.55181622505188,1,0.0,0.0,"(mu-1σ, mu] (slightly low)",1,1,Medium
319,40000.0,800.0,101_323,323.0,323.0,101_323,101.0,2.5471510887145996,2.5471510887145996,2.5471510887145996,4,0.0,0.0,"(mu-1σ, mu] (slightly low)",1,1,Medium
320,10000.0,400.0,101_324,324.0,324.0,101_324,101.0,2.2240920066833496,2.2240920066833496,2.2240920066833496,1,0.0,0.0,"(mu-1σ, mu] (slightly low)",1,1,Medium
321,10000.0,400.0,101_325,325.0,325.0,101_325,101.0,2.411696195602417,2.411696195602417,2.411696195602417,1,0.0,0.0,"(mu-1σ, mu] (slightly low)",1,1,Medium
322,10000.0,400.0,101_326,326.0,326.0,101_326,101.0,2.3123960494995117,2.3123960494995117,2.3123960494995117,1,0.0,0.0,"(mu-1σ, mu] (slightly low)",1,1,Medium
323,70000.0,1200.0,101_327,327.0,327.0,101_327,101.0,2.0271575450897217,2.0271575450897217,2.0271575110299245,7,3.4059797204832876e-08,0.0,"(mu-2σ, mu-1σ] (low)",0,0,Low
324,10000.0,400.0,101_328,328.0,328.0,101_328,101.0,2.2140955924987793,2.2140955924987793,2.2140955924987793,1,0.0,0.0,"(mu-1σ, mu] (slightly low)",1,1,Medium
325,30000.0,800.0,101_329,329.0,329.0,101_329,101.0,2.112962484359741,2.112962484359741,2.1129624048868814,3,7.947285984855057e-08,0.0,"(mu-2σ, mu-1σ] (low)",0,0,Low
326,30000.0,800.0,101_330,330.0,330.0,101_330,101.0,1.8437185287475586,1.8437185287475586,1.8437185287475586,3,0.0,0.0,"(mu-2σ, mu-1σ] (low)",0,0,Low
327,20000.0,600.0,101_331,331.0,331.0,101_331,101.0,2.108963966369629,2.108963966369629,2.108963966369629,2,0.0,0.0,"(mu-2σ, mu-1σ] (low)",0,0,Low
328,30000.0,800.0,101_332,332.0,332.0,101_332,101.0,1.6227924823760986,1.6227924823760986,1.6227925618489583,3,7.947285962650597e-08,0.0,<= mu-2σ (very low),0,0,Low
329,30000.0,800.0,101_333,333.0,333.0,101_333,101.0,2.373209238052368,2.373209238052368,2.373209317525228,3,7.947285984855057e-08,0.0,"(mu-1σ, mu] (slightly low)",1,1,Medium
330,70000.0,1200.0,101_334,334.0,334.0,101_334,101.0,2.3128957748413086,2.3128957748413086,2.3128956386021207,7,1.3623918793115308e-07,0.0,"(mu-1σ, mu] (slightly low)",1,1,Medium
331,10000.0,400.0,101_335,335.0,335.0,101_335,101.0,2.5401532649993896,2.5401532649993896,2.5401532649993896,1,0.0,0.0,"(mu-1σ, mu] (slightly low)",1,1,Medium
332,10000.0,400.0,101_336,336.0,336.0,101_336,101.0,3.056314468383789,3.056314468383789,3.056314468383789,1,0.0,0.0,"(mu, mu+1σ] (slightly high)",1,1,Medium
333,10000.0,400.0,101_337,337.0,337.0,101_337,101.0,1.9088635444641113,1.9088635444641113,1.9088635444641113,1,0.0,0.0,"(mu-2σ, mu-1σ] (low)",0,0,Low
334,20000.0,600.0,101_338,338.0,338.0,101_338,101.0,2.2807397842407227,2.2807397842407227,2.2807397842407227,2,0.0,0.0,"(mu-1σ, mu] (slightly low)",1,1,Medium
335,10000.0,400.0,101_339,339.0,339.0,101_339,101.0,2.2684106826782227,2.2684106826782227,2.2684106826782227,1,0.0,0.0,"(mu-1σ, mu] (slightly low)",1,1,Medium
336,10000.0,400.0,101_340,340.0,340.0,101_340,101.0,1.8637118339538574,1.8637118339538574,1.8637118339538574,1,0.0,0.0,"(mu-2σ, mu-1σ] (low)",0,0,Low
337,10000.0,400.0,101_341,341.0,341.0,101_341,101.0,2.7577474117279053,2.7577474117279053,2.7577474117279053,1,0.0,0.0,"(mu, mu+1σ] (slightly high)",1,1,Medium
338,240000.0,2600.0,101_342,342.0,342.0,101_342,101.0,3.4130287170410156,3.4130287170410156,3.4130287170410156,24,0.0,0.0,"(mu+1σ, mu+2σ] (high)",2,2,High
339,10000.0,400.0,101_343,343.0,343.0,101_343,101.0,2.4636788368225098,2.4636788368225098,2.4636788368225098,1,0.0,0.0,"(mu-1σ, mu] (slightly low)",1,1,Medium
340,60000.0,1200.0,101_344,344.0,344.0,101_344,101.0,2.765411376953125,2.765411376953125,2.765411376953125,6,0.0,0.0,"(mu, mu+1σ] (slightly high)",1,1,Medium
341,80000.0,1400.0,101_345,345.0,345.0,101_345,101.0,2.633455514907837,2.633455514907837,2.633455514907837,8,0.0,0.0,"(mu-1σ, mu] (slightly low)",1,1,Medium
342,40000.0,1000.0,101_346,346.0,346.0,101_346,101.0,3.1607797145843506,3.1607797145843506,3.1607797145843506,4,0.0,0.0,"(mu, mu+1σ] (slightly high)",1,1,Medium
343,40000.0,800.0,101_347,347.0,347.0,101_347,101.0,2.4771745204925537,2.4771745204925537,2.4771745204925537,4,0.0,0.0,"(mu-1σ, mu] (slightly low)",1,1,Medium
344,130000.0,1800.0,101_348,348.0,348.0,101_348,101.0,3.056147813796997,3.056147813796997,3.056147942176232,13,1.2837923479835922e-07,0.0,"(mu, mu+1σ] (slightly high)",1,1,Medium
345,50000.0,1000.0,101_349,349.0,349.0,101_349,101.0,2.961512804031372,2.961512804031372,2.9615127563476564,5,4.7683715642676816e-08,0.0,"(mu, mu+1σ] (slightly high)",1,1,Medium
346,60000.0,1000.0,101_350,350.0,350.0,101_350,101.0,3.463012456893921,3.463012456893921,3.463012377421061,6,7.947285984855057e-08,0.0,"(mu+1σ, mu+2σ] (high)",2,2,High
347,60000.0,1000.0,101_351,351.0,351.0,101_351,101.0,3.804731845855713,3.804731845855713,3.8047316869099936,6,1.5894571925301193e-07,0.0,> mu+2σ (very high),2,2,High
348,10000.0,400.0,101_352,352.0,352.0,101_352,101.0,2.4260246753692627,2.4260246753692627,2.4260246753692627,1,0.0,0.0,"(mu-1σ, mu] (slightly low)",1,1,Medium
349,200000.0,2400.0,101_353,353.0,353.0,101_353,101.0,2.9346885681152344,2.9346885681152344,2.9346885681152344,20,0.0,0.0,"(mu, mu+1σ] (slightly high)",1,1,Medium
350,20000.0,600.0,101_354,354.0,354.0,101_354,101.0,2.108297348022461,2.108297348022461,2.108297348022461,2,0.0,0.0,"(mu-2σ, mu-1σ] (low)",0,0,Low
351,30000.0,800.0,101_355,355.0,355.0,101_355,101.0,2.8338887691497803,2.8338887691497803,2.8338886896769204,3,7.947285984855057e-08,0.0,"(mu, mu+1σ] (slightly high)",1,1,Medium
352,20000.0,600.0,101_356,356.0,356.0,101_356,101.0,2.6181273460388184,2.6181273460388184,2.6181273460388184,2,0.0,0.0,"(mu-1σ, mu] (slightly low)",1,1,Medium
353,30000.0,800.0,101_357,357.0,357.0,101_357,101.0,3.2510826587677,3.2510826587677,3.25108273824056,3,7.947285984855057e-08,0.0,"(mu+1σ, mu+2σ] (high)",2,2,High
354,30000.0,800.0,101_358,358.0,358.0,101_358,101.0,2.6682770252227783,2.6682770252227783,2.668277104695638,3,7.947285984855057e-08,0.0,"(mu-1σ, mu] (slightly low)",1,1,Medium
355,20000.0,600.0,101_359,359.0,359.0,101_359,101.0,2.8263912200927734,2.8263912200927734,2.8263912200927734,2,0.0,0.0,"(mu, mu+1σ] (slightly high)",1,1,Medium
356,20000.0,600.0,101_360,360.0,360.0,101_360,101.0,2.7387537956237793,2.7387537956237793,2.7387537956237793,2,0.0,0.0,"(mu, mu+1σ] (slightly high)",1,1,Medium
357,20000.0,600.0,101_361,361.0,361.0,101_361,101.0,2.195768117904663,2.195768117904663,2.195768117904663,2,0.0,0.0,"(mu-1σ, mu] (slightly low)",1,1,Medium
358,40000.0,1000.0,101_362,362.0,362.0,101_362,101.0,3.1597797870635986,3.1597797870635986,3.1597797870635986,4,0.0,0.0,"(mu, mu+1σ] (slightly high)",1,1,Medium
359,10000.0,400.0,101_363,363.0,363.0,101_363,101.0,2.2227590084075928,2.2227590084075928,2.2227590084075928,1,0.0,0.0,"(mu-1σ, mu] (slightly low)",1,1,Medium
360,10000.0,400.0,101_364,364.0,364.0,101_364,101.0,1.9420192241668701,1.9420192241668701,1.9420192241668701,1,0.0,0.0,"(mu-2σ, mu-1σ] (low)",0,0,Low
361,20000.0,600.0,101_365,365.0,365.0,101_365,101.0,2.1227924823760986,2.1227924823760986,2.1227924823760986,2,0.0,0.0,"(mu-2σ, mu-1σ] (low)",0,0,Low
362,20000.0,600.0,101_366,366.0,366.0,101_366,101.0,3.310563087463379,3.310563087463379,3.310563087463379,2,0.0,0.0,"(mu+1σ, mu+2σ] (high)",2,2,High
363,10000.0,400.0,101_367,367.0,367.0,101_367,101.0,3.073975086212158,3.073975086212158,3.073975086212158,1,0.0,0.0,"(mu, mu+1σ] (slightly high)",1,1,Medium
364,20000.0,600.0,101_368,368.0,368.0,101_368,101.0,2.7519161701202393,2.7519161701202393,2.7519161701202393,2,0.0,0.0,"(mu, mu+1σ] (slightly high)",1,1,Medium
365,10000.0,400.0,101_369,369.0,369.0,101_369,101.0,2.280073404312134,2.280073404312134,2.280073404312134,1,0.0,0.0,"(mu-1σ, mu] (slightly low)",1,1,Medium
366,40000.0,1000.0,101_370,370.0,370.0,101_370,101.0,2.576141357421875,2.576141357421875,2.576141357421875,4,0.0,0.0,"(mu-1σ, mu] (slightly low)",1,1,Medium
367,10000.0,400.0,101_371,371.0,371.0,101_371,101.0,2.4800069332122803,2.4800069332122803,2.4800069332122803,1,0.0,0.0,"(mu-1σ, mu] (slightly low)",1,1,Medium
368,20000.0,600.0,101_372,372.0,372.0,101_372,101.0,2.0869710445404053,2.0869710445404053,2.0869710445404053,2,0.0,0.0,"(mu-2σ, mu-1σ] (low)",0,0,Low
369,20000.0,600.0,101_373,373.0,373.0,101_373,101.0,1.527657389640808,1.527657389640808,1.527657389640808,2,0.0,0.0,<= mu-2σ (very low),0,0,Low
370,10000.0,400.0,101_374,374.0,374.0,101_374,101.0,2.082472562789917,2.082472562789917,2.082472562789917,1,0.0,0.0,"(mu-2σ, mu-1σ] (low)",0,0,Low
371,10000.0,400.0,101_375,375.0,375.0,101_375,101.0,1.9885036945343018,1.9885036945343018,1.9885036945343018,1,0.0,0.0,"(mu-2σ, mu-1σ] (low)",0,0,Low
372,10000.0,400.0,101_376,376.0,376.0,101_376,101.0,2.1927692890167236,2.1927692890167236,2.1927692890167236,1,0.0,0.0,"(mu-1σ, mu] (slightly low)",1,1,Medium
373,10000.0,400.0,101_377,377.0,377.0,101_377,101.0,2.4855051040649414,2.4855051040649414,2.4855051040649414,1,0.0,0.0,"(mu-1σ, mu] (slightly low)",1,1,Medium
374,20000.0,600.0,101_378,378.0,378.0,101_378,101.0,2.506331443786621,2.506331443786621,2.506331443786621,2,0.0,0.0,"(mu-1σ, mu] (slightly low)",1,1,Medium
375,30000.0,800.0,101_379,379.0,379.0,101_379,101.0,2.0071640014648438,2.0071640014648438,2.0071640014648438,3,0.0,0.0,"(mu-2σ, mu-1σ] (low)",0,0,Low
376,40000.0,1000.0,101_380,380.0,380.0,101_380,101.0,2.0419859886169434,2.0419859886169434,2.0419859886169434,4,0.0,0.0,"(mu-2σ, mu-1σ] (low)",0,0,Low
377,40000.0,800.0,101_381,381.0,381.0,101_381,101.0,3.081805944442749,3.081805944442749,3.081805944442749,4,0.0,0.0,"(mu, mu+1σ] (slightly high)",1,1,Medium
378,20000.0,600.0,101_382,382.0,382.0,101_382,101.0,2.095468282699585,2.095468282699585,2.095468282699585,2,0.0,0.0,"(mu-2σ, mu-1σ] (low)",0,0,Low
379,60000.0,1000.0,101_383,383.0,383.0,101_383,101.0,3.315394639968872,3.315394639968872,3.315394719441732,6,7.947285984855057e-08,0.0,"(mu+1σ, mu+2σ] (high)",2,2,High
380,60000.0,1400.0,101_384,384.0,384.0,101_384,101.0,3.321392774581909,3.321392774581909,3.3213926951090493,6,7.947285984855057e-08,0.0,"(mu+1σ, mu+2σ] (high)",2,2,High
381,10000.0,400.0,101_385,385.0,385.0,101_385,101.0,2.1857714653015137,2.1857714653015137,2.1857714653015137,1,0.0,0.0,"(mu-1σ, mu] (slightly low)",1,1,Medium
382,30000.0,800.0,101_386,386.0,386.0,101_386,101.0,2.1281239986419678,2.1281239986419678,2.128123919169108,3,7.947285984855057e-08,0.0,"(mu-2σ, mu-1σ] (low)",0,0,Low
383,40000.0,1000.0,101_387,387.0,387.0,101_387,101.0,2.3518826961517334,2.3518826961517334,2.3518826961517334,4,0.0,0.0,"(mu-1σ, mu] (slightly low)",1,1,Medium
384,20000.0,600.0,101_388,388.0,388.0,101_388,101.0,2.044485330581665,2.044485330581665,2.044485330581665,2,0.0,0.0,"(mu-2σ, mu-1σ] (low)",0,0,Low
385,20000.0,600.0,101_389,389.0,389.0,101_389,101.0,2.56964373588562,2.56964373588562,2.56964373588562,2,0.0,0.0,"(mu-1σ, mu] (slightly low)",1,1,Medium
386,20000.0,600.0,101_390,390.0,390.0,101_390,101.0,2.2385873794555664,2.2385873794555664,2.2385873794555664,2,0.0,0.0,"(mu-1σ, mu] (slightly low)",1,1,Medium
387,30000.0,800.0,101_391,391.0,391.0,101_391,101.0,2.9788403511047363,2.9788403511047363,2.9788405100504556,3,1.5894571925301193e-07,0.0,"(mu, mu+1σ] (slightly high)",1,1,Medium
388,80000.0,1200.0,101_392,392.0,392.0,101_392,101.0,2.722425937652588,2.722425937652588,2.722425937652588,8,0.0,0.0,"(mu, mu+1σ] (slightly high)",1,1,Medium
389,10000.0,400.0,101_393,393.0,393.0,101_393,101.0,2.3445520401000977,2.3445520401000977,2.3445520401000977,1,0.0,0.0,"(mu-1σ, mu] (slightly low)",1,1,Medium
390,30000.0,800.0,101_394,394.0,394.0,101_394,101.0,2.259580135345459,2.259580135345459,2.259580135345459,3,0.0,0.0,"(mu-1σ, mu] (slightly low)",1,1,Medium
391,70000.0,1200.0,101_395,395.0,395.0,101_395,101.0,3.531156301498413,3.531156301498413,3.531156267438616,7,3.4059797204832876e-08,0.0,"(mu+1σ, mu+2σ] (high)",2,2,High
392,60000.0,1000.0,101_396,396.0,396.0,101_396,101.0,3.5904695987701416,3.5904695987701416,3.5904696782430015,6,7.947285984855057e-08,0.0,"(mu+1σ, mu+2σ] (high)",2,2,High
393,20000.0,600.0,101_397,397.0,397.0,101_397,101.0,2.5094969272613525,2.5094969272613525,2.5094969272613525,2,0.0,0.0,"(mu-1σ, mu] (slightly low)",1,1,Medium
394,20000.0,600.0,101_398,398.0,398.0,101_398,101.0,2.184438467025757,2.184438467025757,2.184438467025757,2,0.0,0.0,"(mu-1σ, mu] (slightly low)",1,1,Medium
395,10000.0,400.0,101_399,399.0,399.0,101_399,101.0,2.112962484359741,2.112962484359741,2.112962484359741,1,0.0,0.0,"(mu-2σ, mu-1σ] (low)",0,0,Low
396,20000.0,600.0,101_400,400.0,400.0,101_400,101.0,2.22875714302063,2.22875714302063,2.22875714302063,2,0.0,0.0,"(mu-1σ, mu] (slightly low)",1,1,Medium
397,20000.0,600.0,101_401,401.0,401.0,101_401,101.0,2.334888458251953,2.334888458251953,2.334888458251953,2,0.0,0.0,"(mu-1σ, mu] (slightly low)",1,1,Medium
398,20000.0,600.0,101_402,402.0,402.0,101_402,101.0,2.0266575813293457,2.0266575813293457,2.0266575813293457,2,0.0,0.0,"(mu-2σ, mu-1σ] (low)",0,0,Low
399,20000.0,600.0,101_403,403.0,403.0,101_403,101.0,2.4600136280059814,2.4600136280059814,2.4600136280059814,2,0.0,0.0,"(mu-1σ, mu] (slightly low)",1,1,Medium
400,20000.0,600.0,101_404,404.0,404.0,101_404,101.0,2.3573811054229736,2.3573811054229736,2.3573811054229736,2,0.0,0.0,"(mu-1σ, mu] (slightly low)",1,1,Medium
401,30000.0,800.0,101_405,405.0,405.0,101_405,101.0,2.7554149627685547,2.7554149627685547,2.7554149627685547,3,0.0,0.0,"(mu, mu+1σ] (slightly high)",1,1,Medium
402,10000.0,400.0,101_406,406.0,406.0,101_406,101.0,2.6366212368011475,2.6366212368011475,2.6366212368011475,1,0.0,0.0,"(mu-1σ, mu] (slightly low)",1,1,Medium
403,10000.0,400.0,101_407,407.0,407.0,101_407,101.0,3.6492834091186523,3.6492834091186523,3.6492834091186523,1,0.0,0.0,"(mu+1σ, mu+2σ] (high)",2,2,High
404,60000.0,1000.0,101_408,408.0,408.0,101_408,101.0,3.449850082397461,3.449850082397461,3.449850082397461,6,0.0,0.0,"(mu+1σ, mu+2σ] (high)",2,2,High
405,10000.0,400.0,101_409,409.0,409.0,101_409,101.0,3.3633787631988525,3.3633787631988525,3.3633787631988525,1,0.0,0.0,"(mu+1σ, mu+2σ] (high)",2,2,High
406,30000.0,800.0,101_410,410.0,410.0,101_410,101.0,3.568310499191284,3.568310499191284,3.5683104197184243,3,7.947285984855057e-08,0.0,"(mu+1σ, mu+2σ] (high)",2,2,High
407,20000.0,600.0,101_411,411.0,411.0,101_411,101.0,3.784072160720825,3.784072160720825,3.784072160720825,2,0.0,0.0,> mu+2σ (very high),2,2,High
408,10000.0,400.0,101_412,412.0,412.0,101_412,101.0,3.854048728942871,3.854048728942871,3.854048728942871,1,0.0,0.0,> mu+2σ (very high),2,2,High
409,40000.0,1000.0,101_413,413.0,413.0,101_413,101.0,3.664777994155884,3.664777994155884,3.664777994155884,4,0.0,0.0,"(mu+1σ, mu+2σ] (high)",2,2,High
410,80000.0,1200.0,101_414,414.0,414.0,101_414,101.0,3.083139181137085,3.083139181137085,3.083139181137085,8,0.0,0.0,"(mu, mu+1σ] (slightly high)",1,1,Medium
411,50000.0,1200.0,101_415,415.0,415.0,101_415,101.0,2.8912031650543213,2.8912031650543213,2.8912031173706056,5,4.7683715642676816e-08,0.0,"(mu, mu+1σ] (slightly high)",1,1,Medium
412,10000.0,400.0,101_416,416.0,416.0,101_416,101.0,2.9146950244903564,2.9146950244903564,2.9146950244903564,1,0.0,0.0,"(mu, mu+1σ] (slightly high)",1,1,Medium
413,80000.0,1400.0,101_417,417.0,417.0,101_417,101.0,3.5733087062835693,3.5733087062835693,3.5733087062835693,8,0.0,0.0,"(mu+1σ, mu+2σ] (high)",2,2,High
414,10000.0,400.0,101_418,418.0,418.0,101_418,101.0,2.487170934677124,2.487170934677124,2.487170934677124,1,0.0,0.0,"(mu-1σ, mu] (slightly low)",1,1,Medium
415,10000.0,400.0,101_419,419.0,419.0,101_419,101.0,3.3367209434509277,3.3367209434509277,3.3367209434509277,1,0.0,0.0,"(mu+1σ, mu+2σ] (high)",2,2,High
416,20000.0,600.0,101_420,420.0,420.0,101_420,101.0,3.5086636543273926,3.5086636543273926,3.5086636543273926,2,0.0,0.0,"(mu+1σ, mu+2σ] (high)",2,2,High
417,20000.0,600.0,101_421,421.0,421.0,101_421,101.0,3.6376209259033203,3.6376209259033203,3.6376209259033203,2,0.0,0.0,"(mu+1σ, mu+2σ] (high)",2,2,High
418,140000.0,1800.0,101_422,422.0,422.0,101_422,101.0,3.183605670928955,3.183605670928955,3.183605739048549,14,6.811959396557653e-08,0.0,"(mu, mu+1σ] (slightly high)",1,1,Medium
419,20000.0,600.0,101_423,423.0,423.0,101_423,101.0,3.5719759464263916,3.5719759464263916,3.5719759464263916,2,0.0,0.0,"(mu+1σ, mu+2σ] (high)",2,2,High
420,20000.0,600.0,101_424,424.0,424.0,101_424,101.0,1.8343884944915771,1.8343884944915771,1.8343884944915771,2,0.0,0.0,"(mu-2σ, mu-1σ] (low)",0,0,Low
421,20000.0,600.0,101_425,425.0,425.0,101_425,101.0,2.7615795135498047,2.7615795135498047,2.7615795135498047,2,0.0,0.0,"(mu, mu+1σ] (slightly high)",1,1,Medium
422,40000.0,800.0,101_426,426.0,426.0,101_426,101.0,2.639286994934082,2.639286994934082,2.639286994934082,4,0.0,0.0,"(mu-1σ, mu] (slightly low)",1,1,Medium
423,10000.0,400.0,101_427,427.0,427.0,101_427,101.0,2.102632761001587,2.102632761001587,2.102632761001587,1,0.0,0.0,"(mu-2σ, mu-1σ] (low)",0,0,Low
424,10000.0,400.0,101_428,428.0,428.0,101_428,101.0,2.9136953353881836,2.9136953353881836,2.9136953353881836,1,0.0,0.0,"(mu, mu+1σ] (slightly high)",1,1,Medium
425,20000.0,600.0,101_429,429.0,429.0,101_429,101.0,2.215928077697754,2.215928077697754,2.215928077697754,2,0.0,0.0,"(mu-1σ, mu] (slightly low)",1,1,Medium
426,30000.0,800.0,101_430,430.0,430.0,101_430,101.0,2.4520163536071777,2.4520163536071777,2.4520163536071777,3,0.0,0.0,"(mu-1σ, mu] (slightly low)",1,1,Medium
427,30000.0,800.0,101_431,431.0,431.0,101_431,101.0,2.9515163898468018,2.9515163898468018,2.9515164693196616,3,7.947285984855057e-08,0.0,"(mu, mu+1σ] (slightly high)",1,1,Medium
428,70000.0,1200.0,101_432,432.0,432.0,101_432,101.0,2.4216928482055664,2.4216928482055664,2.4216929844447543,7,1.3623918793115308e-07,0.0,"(mu-1σ, mu] (slightly low)",1,1,Medium
429,60000.0,1400.0,101_433,433.0,433.0,101_433,101.0,2.163278818130493,2.163278818130493,2.1632787386576333,6,7.947285984855057e-08,0.0,"(mu-2σ, mu-1σ] (low)",0,0,Low
430,10000.0,400.0,101_434,434.0,434.0,101_434,101.0,3.4281904697418213,3.4281904697418213,3.4281904697418213,1,0.0,0.0,"(mu+1σ, mu+2σ] (high)",2,2,High
431,90000.0,1400.0,101_435,435.0,435.0,101_435,101.0,3.0143284797668457,3.0143284797668457,3.0143284267849393,9,5.2981906417670643e-08,0.0,"(mu, mu+1σ] (slightly high)",1,1,Medium
432,290000.0,3000.0,101_436,436.0,436.0,101_436,101.0,3.005331516265869,3.005331516265869,3.0053316313644935,29,1.1509862440917118e-07,0.0,"(mu, mu+1σ] (slightly high)",1,1,Medium
433,20000.0,600.0,101_437,437.0,437.0,101_437,101.0,3.095634698867798,3.095634698867798,3.095634698867798,2,0.0,0.0,"(mu, mu+1σ] (slightly high)",1,1,Medium
434,80000.0,1200.0,101_438,438.0,438.0,101_438,101.0,2.834388494491577,2.834388494491577,2.834388494491577,8,0.0,0.0,"(mu, mu+1σ] (slightly high)",1,1,Medium
435,100000.0,1800.0,101_439,439.0,439.0,101_439,101.0,2.9461848735809326,2.9461848735809326,2.9461847305297852,10,1.4305114737211966e-07,0.0,"(mu, mu+1σ] (slightly high)",1,1,Medium
436,20000.0,600.0,101_440,440.0,440.0,101_440,101.0,2.5673110485076904,2.5673110485076904,2.5673110485076904,2,0.0,0.0,"(mu-1σ, mu] (slightly low)",1,1,Medium
437,40000.0,1000.0,101_441,441.0,441.0,101_441,101.0,3.0544819831848145,3.0544819831848145,3.0544819831848145,4,0.0,0.0,"(mu, mu+1σ] (slightly high)",1,1,Medium
438,20000.0,600.0,101_442,442.0,442.0,101_442,101.0,2.568977117538452,2.568977117538452,2.568977117538452,2,0.0,0.0,"(mu-1σ, mu] (slightly low)",1,1,Medium
439,20000.0,600.0,101_443,443.0,443.0,101_443,101.0,2.215928077697754,2.215928077697754,2.215928077697754,2,0.0,0.0,"(mu-1σ, mu] (slightly low)",1,1,Medium
440,10000.0,400.0,101_444,444.0,444.0,101_444,101.0,2.3527157306671143,2.3527157306671143,2.3527157306671143,1,0.0,0.0,"(mu-1σ, mu] (slightly low)",1,1,Medium
441,10000.0,400.0,101_445,445.0,445.0,101_445,101.0,2.362212657928467,2.362212657928467,2.362212657928467,1,0.0,0.0,"(mu-1σ, mu] (slightly low)",1,1,Medium
442,10000.0,400.0,101_446,446.0,446.0,101_446,101.0,2.2185940742492676,2.2185940742492676,2.2185940742492676,1,0.0,0.0,"(mu-1σ, mu] (slightly low)",1,1,Medium
443,20000.0,600.0,101_447,447.0,447.0,101_447,101.0,2.1434521675109863,2.1434521675109863,2.1434521675109863,2,0.0,0.0,"(mu-2σ, mu-1σ] (low)",0,0,Low
444,10000.0,400.0,101_448,448.0,448.0,101_448,101.0,2.35471510887146,2.35471510887146,2.35471510887146,1,0.0,0.0,"(mu-1σ, mu] (slightly low)",1,1,Medium
445,10000.0,400.0,101_449,449.0,449.0,101_449,101.0,2.102632761001587,2.102632761001587,2.102632761001587,1,0.0,0.0,"(mu-2σ, mu-1σ] (low)",0,0,Low
446,20000.0,600.0,101_450,450.0,450.0,101_450,101.0,3.3123955726623535,3.3123955726623535,3.3123955726623535,2,0.0,0.0,"(mu+1σ, mu+2σ] (high)",2,2,High
447,10000.0,400.0,101_451,451.0,451.0,101_451,101.0,2.2312562465667725,2.2312562465667725,2.2312562465667725,1,0.0,0.0,"(mu-1σ, mu] (slightly low)",1,1,Medium
448,10000.0,400.0,101_452,452.0,452.0,101_452,101.0,3.113628625869751,3.113628625869751,3.113628625869751,1,0.0,0.0,"(mu, mu+1σ] (slightly high)",1,1,Medium
449,20000.0,600.0,101_453,453.0,453.0,101_453,101.0,3.435521364212036,3.435521364212036,3.435521364212036,2,0.0,0.0,"(mu+1σ, mu+2σ] (high)",2,2,High
450,20000.0,600.0,101_454,454.0,454.0,101_454,101.0,3.460846185684204,3.460846185684204,3.460846185684204,2,0.0,0.0,"(mu+1σ, mu+2σ] (high)",2,2,High
451,10000.0,400.0,101_455,455.0,455.0,101_455,101.0,2.215928077697754,2.215928077697754,2.215928077697754,1,0.0,0.0,"(mu-1σ, mu] (slightly low)",1,1,Medium
452,20000.0,600.0,101_456,456.0,456.0,101_456,101.0,3.156614303588867,3.156614303588867,3.156614303588867,2,0.0,0.0,"(mu, mu+1σ] (slightly high)",1,1,Medium
453,20000.0,600.0,101_457,457.0,457.0,101_457,101.0,2.8510499000549316,2.8510499000549316,2.8510499000549316,2,0.0,0.0,"(mu, mu+1σ] (slightly high)",1,1,Medium
454,10000.0,400.0,101_458,458.0,458.0,101_458,101.0,2.1309566497802734,2.1309566497802734,2.1309566497802734,1,0.0,0.0,"(mu-2σ, mu-1σ] (low)",0,0,Low
455,20000.0,600.0,101_459,459.0,459.0,101_459,101.0,2.1356215476989746,2.1356215476989746,2.1356215476989746,2,0.0,0.0,"(mu-2σ, mu-1σ] (low)",0,0,Low
456,20000.0,600.0,101_460,460.0,460.0,101_460,101.0,2.936521291732788,2.936521291732788,2.936521291732788,2,0.0,0.0,"(mu, mu+1σ] (slightly high)",1,1,Medium
457,10000.0,400.0,101_461,461.0,461.0,101_461,101.0,2.848050594329834,2.848050594329834,2.848050594329834,1,0.0,0.0,"(mu, mu+1σ] (slightly high)",1,1,Medium
458,10000.0,400.0,101_462,462.0,462.0,101_462,101.0,2.461512804031372,2.461512804031372,2.461512804031372,1,0.0,0.0,"(mu-1σ, mu] (slightly low)",1,1,Medium
459,30000.0,800.0,101_463,463.0,463.0,101_463,101.0,2.2059316635131836,2.2059316635131836,2.2059316635131836,3,0.0,0.0,"(mu-1σ, mu] (slightly low)",1,1,Medium
460,40000.0,1000.0,101_464,464.0,464.0,101_464,101.0,1.9415192604064941,1.9415192604064941,1.9415192604064941,4,0.0,0.0,"(mu-2σ, mu-1σ] (low)",0,0,Low
461,50000.0,1000.0,101_465,465.0,465.0,101_465,101.0,2.3638787269592285,2.3638787269592285,2.363878631591797,5,9.536743172944284e-08,0.0,"(mu-1σ, mu] (slightly low)",1,1,Medium
462,80000.0,1400.0,101_466,466.0,466.0,101_466,101.0,2.7937355041503906,2.7937355041503906,2.7937355041503906,8,0.0,0.0,"(mu, mu+1σ] (slightly high)",1,1,Medium
463,10000.0,400.0,101_467,467.0,467.0,101_467,101.0,2.4851715564727783,2.4851715564727783,2.4851715564727783,1,0.0,0.0,"(mu-1σ, mu] (slightly low)",1,1,Medium
464,10000.0,400.0,101_468,468.0,468.0,101_468,101.0,2.8975343704223633,2.8975343704223633,2.8975343704223633,1,0.0,0.0,"(mu, mu+1σ] (slightly high)",1,1,Medium
465,30000.0,800.0,101_469,469.0,469.0,101_469,101.0,2.2567481994628906,2.2567481994628906,2.2567481994628906,3,0.0,0.0,"(mu-1σ, mu] (slightly low)",1,1,Medium
466,10000.0,400.0,101_470,470.0,470.0,101_470,101.0,3.083972215652466,3.083972215652466,3.083972215652466,1,0.0,0.0,"(mu, mu+1σ] (slightly high)",1,1,Medium
467,10000.0,400.0,101_471,471.0,471.0,101_471,101.0,2.9418528079986572,2.9418528079986572,2.9418528079986572,1,0.0,0.0,"(mu, mu+1σ] (slightly high)",1,1,Medium
468,10000.0,400.0,101_472,472.0,472.0,101_472,101.0,2.6566145420074463,2.6566145420074463,2.6566145420074463,1,0.0,0.0,"(mu-1σ, mu] (slightly low)",1,1,Medium
469,20000.0,600.0,101_473,473.0,473.0,101_473,101.0,2.5419859886169434,2.5419859886169434,2.5419859886169434,2,0.0,0.0,"(mu-1σ, mu] (slightly low)",1,1,Medium
470,10000.0,400.0,101_474,474.0,474.0,101_474,101.0,2.2169277667999268,2.2169277667999268,2.2169277667999268,1,0.0,0.0,"(mu-1σ, mu] (slightly low)",1,1,Medium
471,20000.0,600.0,101_475,475.0,475.0,101_475,101.0,3.006164312362671,3.006164312362671,3.006164312362671,2,0.0,0.0,"(mu, mu+1σ] (slightly high)",1,1,Medium
472,20000.0,600.0,101_476,476.0,476.0,101_476,101.0,3.0139951705932617,3.0139951705932617,3.0139951705932617,2,0.0,0.0,"(mu, mu+1σ] (slightly high)",1,1,Medium
473,10000.0,400.0,101_477,477.0,477.0,101_477,101.0,3.226924180984497,3.226924180984497,3.226924180984497,1,0.0,0.0,"(mu+1σ, mu+2σ] (high)",2,2,High
474,20000.0,600.0,101_478,478.0,478.0,101_478,101.0,2.102632761001587,2.102632761001587,2.102632761001587,2,0.0,0.0,"(mu-2σ, mu-1σ] (low)",0,0,Low
475,10000.0,400.0,101_479,479.0,479.0,101_479,101.0,1.9158611297607422,1.9158611297607422,1.9158611297607422,1,0.0,0.0,"(mu-2σ, mu-1σ] (low)",0,0,Low
476,10000.0,400.0,101_480,480.0,480.0,101_480,101.0,2.683272361755371,2.683272361755371,2.683272361755371,1,0.0,0.0,"(mu-1σ, mu] (slightly low)",1,1,Medium
477,290000.0,2600.0,101_481,481.0,481.0,101_481,101.0,3.4701764583587646,3.4701764583587646,3.470176170612204,29,2.8774656080088334e-07,0.0,"(mu+1σ, mu+2σ] (high)",2,2,High
478,10000.0,400.0,101_482,482.0,482.0,101_482,101.0,1.986670970916748,1.986670970916748,1.986670970916748,1,0.0,0.0,"(mu-2σ, mu-1σ] (low)",0,0,Low
479,10000.0,400.0,101_483,483.0,483.0,101_483,101.0,3.4981675148010254,3.4981675148010254,3.4981675148010254,1,0.0,0.0,"(mu+1σ, mu+2σ] (high)",2,2,High
480,10000.0,400.0,101_484,484.0,484.0,101_484,101.0,3.3367209434509277,3.3367209434509277,3.3367209434509277,1,0.0,0.0,"(mu+1σ, mu+2σ] (high)",2,2,High
481,50000.0,1000.0,101_485,485.0,485.0,101_485,101.0,3.209429979324341,3.209429979324341,3.209429931640625,5,4.7683715642676816e-08,0.0,"(mu, mu+1σ] (slightly high)",1,1,Medium
482,10000.0,400.0,101_486,486.0,486.0,101_486,101.0,2.3377208709716797,2.3377208709716797,2.3377208709716797,1,0.0,0.0,"(mu-1σ, mu] (slightly low)",1,1,Medium
483,40000.0,1000.0,101_487,487.0,487.0,101_487,101.0,2.637953996658325,2.637953996658325,2.637953996658325,4,0.0,0.0,"(mu-1σ, mu] (slightly low)",1,1,Medium
484,30000.0,800.0,101_488,488.0,488.0,101_488,101.0,3.050316572189331,3.050316572189331,3.050316492716471,3,7.947285984855057e-08,0.0,"(mu, mu+1σ] (slightly high)",1,1,Medium
485,80000.0,1400.0,101_489,489.0,489.0,101_489,101.0,3.574475049972534,3.574475049972534,3.574474811553955,8,2.384185791015625e-07,0.0,"(mu+1σ, mu+2σ] (high)",2,2,High
486,10000.0,400.0,101_490,490.0,490.0,101_490,101.0,3.013995409011841,3.013995409011841,3.013995409011841,1,0.0,0.0,"(mu, mu+1σ] (slightly high)",1,1,Medium
487,10000.0,400.0,101_492,492.0,492.0,101_492,101.0,2.2170944213867188,2.2170944213867188,2.2170944213867188,1,0.0,0.0,"(mu-1σ, mu] (slightly low)",1,1,Medium
488,30000.0,800.0,101_493,493.0,493.0,101_493,101.0,2.5648117065429688,2.5648117065429688,2.5648117065429688,3,0.0,0.0,"(mu-1σ, mu] (slightly low)",1,1,Medium
489,10000.0,400.0,101_494,494.0,494.0,101_494,101.0,3.176107883453369,3.176107883453369,3.176107883453369,1,0.0,0.0,"(mu, mu+1σ] (slightly high)",1,1,Medium
490,50000.0,1200.0,101_495,495.0,495.0,101_495,101.0,3.2242584228515625,3.2242584228515625,3.2242584228515625,5,0.0,0.0,"(mu+1σ, mu+2σ] (high)",2,2,High
491,80000.0,1400.0,101_496,496.0,496.0,101_496,101.0,2.3020660877227783,2.3020660877227783,2.3020663261413574,8,2.384185791015625e-07,0.0,"(mu-1σ, mu] (slightly low)",1,1,Medium
492,10000.0,400.0,101_497,497.0,497.0,101_497,101.0,2.5399866104125977,2.5399866104125977,2.5399866104125977,1,0.0,0.0,"(mu-1σ, mu] (slightly low)",1,1,Medium
493,10000.0,400.0,101_498,498.0,498.0,101_498,101.0,2.3187272548675537,2.3187272548675537,2.3187272548675537,1,0.0,0.0,"(mu-1σ, mu] (slightly low)",1,1,Medium
494,70000.0,1400.0,101_499,499.0,499.0,101_499,101.0,2.3823726177215576,2.3823726177215576,2.382372719900949,7,1.0217939117040942e-07,0.0,"(mu-1σ, mu] (slightly low)",1,1,Medium
495,10000.0,400.0,101_500,500.0,500.0,101_500,101.0,2.132622480392456,2.132622480392456,2.132622480392456,1,0.0,0.0,"(mu-2σ, mu-1σ] (low)",0,0,Low
496,10000.0,400.0,101_501,501.0,501.0,101_501,101.0,2.4271910190582275,2.4271910190582275,2.4271910190582275,1,0.0,0.0,"(mu-1σ, mu] (slightly low)",1,1,Medium
497,10000.0,400.0,101_502,502.0,502.0,101_502,101.0,2.0803067684173584,2.0803067684173584,2.0803067684173584,1,0.0,0.0,"(mu-2σ, mu-1σ] (low)",0,0,Low
498,10000.0,400.0,101_503,503.0,503.0,101_503,101.0,3.1727755069732666,3.1727755069732666,3.1727755069732666,1,0.0,0.0,"(mu, mu+1σ] (slightly high)",1,1,Medium
499,140000.0,2200.0,101_504,504.0,504.0,101_504,101.0,3.0359880924224854,3.0359880924224854,3.0359881264822826,14,3.4059797204832876e-08,0.0,"(mu, mu+1σ] (slightly high)",1,1,Medium
500,10000.0,400.0,101_505,505.0,505.0,101_505,101.0,2.3180606365203857,2.3180606365203857,2.3180606365203857,1,0.0,0.0,"(mu-1σ, mu] (slightly low)",1,1,Medium
501,20000.0,600.0,101_506,506.0,506.0,101_506,101.0,1.948850393295288,1.948850393295288,1.948850393295288,2,0.0,0.0,"(mu-2σ, mu-1σ] (low)",0,0,Low
502,10000.0,400.0,101_507,507.0,507.0,101_507,101.0,2.532322645187378,2.532322645187378,2.532322645187378,1,0.0,0.0,"(mu-1σ, mu] (slightly low)",1,1,Medium
503,40000.0,1000.0,101_508,508.0,508.0,101_508,101.0,1.9946684837341309,1.9946684837341309,1.9946684837341309,4,0.0,0.0,"(mu-2σ, mu-1σ] (low)",0,0,Low
504,10000.0,400.0,101_509,509.0,509.0,101_509,101.0,2.9918360710144043,2.9918360710144043,2.9918360710144043,1,0.0,0.0,"(mu, mu+1σ] (slightly high)",1,1,Medium
505,20000.0,600.0,101_510,510.0,510.0,101_510,101.0,2.3773741722106934,2.3773741722106934,2.3773741722106934,2,0.0,0.0,"(mu-1σ, mu] (slightly low)",1,1,Medium
506,10000.0,400.0,101_511,511.0,511.0,101_511,101.0,2.077641010284424,2.077641010284424,2.077641010284424,1,0.0,0.0,"(mu-2σ, mu-1σ] (low)",0,0,Low
507,10000.0,400.0,101_512,512.0,512.0,101_512,101.0,2.102632761001587,2.102632761001587,2.102632761001587,1,0.0,0.0,"(mu-2σ, mu-1σ] (low)",0,0,Low
508,10000.0,400.0,101_513,513.0,513.0,101_513,101.0,1.986670970916748,1.986670970916748,1.986670970916748,1,0.0,0.0,"(mu-2σ, mu-1σ] (low)",0,0,Low
509,30000.0,800.0,101_514,514.0,514.0,101_514,101.0,3.001499652862549,3.001499652862549,3.001499811808268,3,1.5894571925301193e-07,0.0,"(mu, mu+1σ] (slightly high)",1,1,Medium
510,20000.0,600.0,101_515,515.0,515.0,101_515,101.0,1.8617126941680908,1.8617126941680908,1.8617126941680908,2,0.0,0.0,"(mu-2σ, mu-1σ] (low)",0,0,Low
511,20000.0,600.0,101_516,516.0,516.0,101_516,101.0,2.525658369064331,2.525658369064331,2.525658369064331,2,0.0,0.0,"(mu-1σ, mu] (slightly low)",1,1,Medium
512,10000.0,400.0,101_517,517.0,517.0,101_517,101.0,3.2230920791625977,3.2230920791625977,3.2230920791625977,1,0.0,0.0,"(mu+1σ, mu+2σ] (high)",2,2,High
513,20000.0,600.0,101_518,518.0,518.0,101_518,101.0,2.576807975769043,2.576807975769043,2.576807975769043,2,0.0,0.0,"(mu-1σ, mu] (slightly low)",1,1,Medium
514,20000.0,600.0,101_519,519.0,519.0,101_519,101.0,2.405531883239746,2.405531883239746,2.405531883239746,2,0.0,0.0,"(mu-1σ, mu] (slightly low)",1,1,Medium
515,20000.0,600.0,101_520,520.0,520.0,101_520,101.0,2.968843936920166,2.968843936920166,2.968843936920166,2,0.0,0.0,"(mu, mu+1σ] (slightly high)",1,1,Medium
516,10000.0,400.0,101_521,521.0,521.0,101_521,101.0,2.7647454738616943,2.7647454738616943,2.7647454738616943,1,0.0,0.0,"(mu, mu+1σ] (slightly high)",1,1,Medium
517,10000.0,400.0,101_522,522.0,522.0,101_522,101.0,2.1742753982543945,2.1742753982543945,2.1742753982543945,1,0.0,0.0,"(mu-2σ, mu-1σ] (low)",0,0,Low
518,10000.0,400.0,101_523,523.0,523.0,101_523,101.0,2.8125627040863037,2.8125627040863037,2.8125627040863037,1,0.0,0.0,"(mu, mu+1σ] (slightly high)",1,1,Medium
519,20000.0,600.0,101_524,524.0,524.0,101_524,101.0,2.3717098236083984,2.3717098236083984,2.3717098236083984,2,0.0,0.0,"(mu-1σ, mu] (slightly low)",1,1,Medium
520,10000.0,400.0,101_525,525.0,525.0,101_525,101.0,2.5726423263549805,2.5726423263549805,2.5726423263549805,1,0.0,0.0,"(mu-1σ, mu] (slightly low)",1,1,Medium
521,10000.0,400.0,101_526,526.0,526.0,101_526,101.0,2.296234607696533,2.296234607696533,2.296234607696533,1,0.0,0.0,"(mu-1σ, mu] (slightly low)",1,1,Medium
522,20000.0,600.0,101_527,527.0,527.0,101_527,101.0,3.0533156394958496,3.0533156394958496,3.0533156394958496,2,0.0,0.0,"(mu, mu+1σ] (slightly high)",1,1,Medium
523,40000.0,1000.0,101_528,528.0,528.0,101_528,101.0,2.748584032058716,2.748584032058716,2.748584032058716,4,0.0,0.0,"(mu, mu+1σ] (slightly high)",1,1,Medium
524,10000.0,400.0,101_530,530.0,530.0,101_530,101.0,2.0151615142822266,2.0151615142822266,2.0151615142822266,1,0.0,0.0,"(mu-2σ, mu-1σ] (low)",0,0,Low
525,40000.0,1000.0,101_531,531.0,531.0,101_531,101.0,2.1531155109405518,2.1531155109405518,2.1531155109405518,4,0.0,0.0,"(mu-2σ, mu-1σ] (low)",0,0,Low
526,20000.0,600.0,101_532,532.0,532.0,101_532,101.0,2.0679776668548584,2.0679776668548584,2.0679776668548584,2,0.0,0.0,"(mu-2σ, mu-1σ] (low)",0,0,Low
527,30000.0,800.0,101_533,533.0,533.0,101_533,101.0,2.4643454551696777,2.4643454551696777,2.4643454551696777,3,0.0,0.0,"(mu-1σ, mu] (slightly low)",1,1,Medium
528,20000.0,600.0,101_534,534.0,534.0,101_534,101.0,3.1874377727508545,3.1874377727508545,3.1874377727508545,2,0.0,0.0,"(mu, mu+1σ] (slightly high)",1,1,Medium
529,20000.0,600.0,101_535,535.0,535.0,101_535,101.0,3.165444850921631,3.165444850921631,3.165444850921631,2,0.0,0.0,"(mu, mu+1σ] (slightly high)",1,1,Medium
530,40000.0,800.0,101_536,536.0,536.0,101_536,101.0,3.365878105163574,3.365878105163574,3.365878105163574,4,0.0,0.0,"(mu+1σ, mu+2σ] (high)",2,2,High
531,40000.0,800.0,101_537,537.0,537.0,101_537,101.0,2.7682440280914307,2.7682440280914307,2.7682440280914307,4,0.0,0.0,"(mu, mu+1σ] (slightly high)",1,1,Medium
532,20000.0,600.0,101_538,538.0,538.0,101_538,101.0,2.411529779434204,2.411529779434204,2.411529779434204,2,0.0,0.0,"(mu-1σ, mu] (slightly low)",1,1,Medium
533,50000.0,1000.0,101_539,539.0,539.0,101_539,101.0,1.9141952991485596,1.9141952991485596,1.9141952514648437,5,4.768371586472142e-08,0.0,"(mu-2σ, mu-1σ] (low)",0,0,Low
534,80000.0,1400.0,101_540,540.0,540.0,101_540,101.0,1.6766077280044556,1.6766077280044556,1.6766078472137451,8,1.1920928955078125e-07,0.0,"(mu-2σ, mu-1σ] (low)",0,0,Low
535,10000.0,400.0,101_541,541.0,541.0,101_541,101.0,1.9711761474609375,1.9711761474609375,1.9711761474609375,1,0.0,0.0,"(mu-2σ, mu-1σ] (low)",0,0,Low
536,10000.0,400.0,101_542,542.0,542.0,101_542,101.0,2.6052982807159424,2.6052982807159424,2.6052982807159424,1,0.0,0.0,"(mu-1σ, mu] (slightly low)",1,1,Medium
537,20000.0,600.0,101_543,543.0,543.0,101_543,101.0,3.101799488067627,3.101799488067627,3.101799488067627,2,0.0,0.0,"(mu, mu+1σ] (slightly high)",1,1,Medium
538,20000.0,600.0,101_544,544.0,544.0,101_544,101.0,2.4451851844787598,2.4451851844787598,2.4451851844787598,2,0.0,0.0,"(mu-1σ, mu] (slightly low)",1,1,Medium
539,20000.0,600.0,101_545,545.0,545.0,101_545,101.0,1.9065310955047607,1.9065310955047607,1.9065310955047607,2,0.0,0.0,"(mu-2σ, mu-1σ] (low)",0,0,Low
540,20000.0,600.0,101_546,546.0,546.0,101_546,101.0,2.2577476501464844,2.2577476501464844,2.2577476501464844,2,0.0,0.0,"(mu-1σ, mu] (slightly low)",1,1,Medium
541,20000.0,600.0,101_547,547.0,547.0,101_547,101.0,2.929856538772583,2.929856538772583,2.929856538772583,2,0.0,0.0,"(mu, mu+1σ] (slightly high)",1,1,Medium
542,10000.0,400.0,101_548,548.0,548.0,101_548,101.0,3.701599597930908,3.701599597930908,3.701599597930908,1,0.0,0.0,"(mu+1σ, mu+2σ] (high)",2,2,High
543,60000.0,1000.0,101_549,549.0,549.0,101_549,101.0,2.480839967727661,2.480839967727661,2.4808398882548013,6,7.947285984855057e-08,0.0,"(mu-1σ, mu] (slightly low)",1,1,Medium
544,20000.0,600.0,101_550,550.0,550.0,101_550,101.0,2.0936355590820312,2.0936355590820312,2.0936355590820312,2,0.0,0.0,"(mu-2σ, mu-1σ] (low)",0,0,Low
545,20000.0,600.0,101_551,551.0,551.0,101_551,101.0,3.228423833847046,3.228423833847046,3.228423833847046,2,0.0,0.0,"(mu+1σ, mu+2σ] (high)",2,2,High
546,20000.0,600.0,101_552,552.0,552.0,101_552,101.0,3.741252899169922,3.741252899169922,3.741252899169922,2,0.0,0.0,> mu+2σ (very high),2,2,High
547,10000.0,400.0,101_553,553.0,553.0,101_553,101.0,2.923025608062744,2.923025608062744,2.923025608062744,1,0.0,0.0,"(mu, mu+1σ] (slightly high)",1,1,Medium
548,30000.0,800.0,101_554,554.0,554.0,101_554,101.0,3.6252918243408203,3.6252918243408203,3.6252918243408203,3,0.0,0.0,"(mu+1σ, mu+2σ] (high)",2,2,High
549,40000.0,1000.0,101_555,555.0,555.0,101_555,101.0,2.3900368213653564,2.3900368213653564,2.3900368213653564,4,0.0,0.0,"(mu-1σ, mu] (slightly low)",1,1,Medium
550,30000.0,800.0,101_556,556.0,556.0,101_556,101.0,3.1027989387512207,3.1027989387512207,3.10279909769694,3,1.5894571925301193e-07,0.0,"(mu, mu+1σ] (slightly high)",1,1,Medium
551,60000.0,1200.0,101_557,557.0,557.0,101_557,101.0,2.44285249710083,2.44285249710083,2.442852338155111,6,1.5894571925301193e-07,0.0,"(mu-1σ, mu] (slightly low)",1,1,Medium
552,200000.0,3200.0,101_558,558.0,558.0,101_558,101.0,2.855548143386841,2.855548143386841,2.855548095703125,20,4.7683715642676816e-08,0.0,"(mu, mu+1σ] (slightly high)",1,1,Medium
553,20000.0,600.0,101_559,559.0,559.0,101_559,101.0,2.5923025608062744,2.5923025608062744,2.5923025608062744,2,0.0,0.0,"(mu-1σ, mu] (slightly low)",1,1,Medium
554,70000.0,1400.0,101_560,560.0,560.0,101_560,101.0,2.607630729675293,2.607630729675293,2.607630593436105,7,1.3623918793115308e-07,0.0,"(mu-1σ, mu] (slightly low)",1,1,Medium
555,90000.0,1600.0,101_561,561.0,561.0,101_561,101.0,2.849383592605591,2.849383592605591,2.8493834601508246,9,1.3245476626622121e-07,0.0,"(mu, mu+1σ] (slightly high)",1,1,Medium
556,20000.0,600.0,101_562,562.0,562.0,101_562,101.0,2.4921693801879883,2.4921693801879883,2.4921693801879883,2,0.0,0.0,"(mu-1σ, mu] (slightly low)",1,1,Medium
557,10000.0,400.0,101_563,563.0,563.0,101_563,101.0,2.7455849647521973,2.7455849647521973,2.7455849647521973,1,0.0,0.0,"(mu, mu+1σ] (slightly high)",1,1,Medium
558,60000.0,1200.0,101_564,564.0,564.0,101_564,101.0,2.3815395832061768,2.3815395832061768,2.381539503733317,6,7.947285984855057e-08,0.0,"(mu-1σ, mu] (slightly low)",1,1,Medium
559,30000.0,800.0,101_565,565.0,565.0,101_565,101.0,2.138620615005493,2.138620615005493,2.138620694478353,3,7.947285984855057e-08,0.0,"(mu-2σ, mu-1σ] (low)",0,0,Low
560,30000.0,800.0,101_566,566.0,566.0,101_566,101.0,2.297067880630493,2.297067880630493,2.297067960103353,3,7.947285984855057e-08,0.0,"(mu-1σ, mu] (slightly low)",1,1,Medium
561,40000.0,800.0,101_567,567.0,567.0,101_567,101.0,3.184271812438965,3.184271812438965,3.184271812438965,4,0.0,0.0,"(mu, mu+1σ] (slightly high)",1,1,Medium
562,30000.0,800.0,101_568,568.0,568.0,101_568,101.0,2.741419553756714,2.741419553756714,2.741419474283854,3,7.947285984855057e-08,0.0,"(mu, mu+1σ] (slightly high)",1,1,Medium
563,40000.0,1000.0,101_569,569.0,569.0,101_569,101.0,2.5596468448638916,2.5596468448638916,2.5596468448638916,4,0.0,0.0,"(mu-1σ, mu] (slightly low)",1,1,Medium
564,40000.0,800.0,101_570,570.0,570.0,101_570,101.0,2.3648784160614014,2.3648784160614014,2.3648784160614014,4,0.0,0.0,"(mu-1σ, mu] (slightly low)",1,1,Medium
565,20000.0,600.0,101_571,571.0,571.0,101_571,101.0,3.4395203590393066,3.4395203590393066,3.4395203590393066,2,0.0,0.0,"(mu+1σ, mu+2σ] (high)",2,2,High
566,20000.0,600.0,101_572,572.0,572.0,101_572,101.0,2.524991750717163,2.524991750717163,2.524991750717163,2,0.0,0.0,"(mu-1σ, mu] (slightly low)",1,1,Medium
567,10000.0,400.0,101_573,573.0,573.0,101_573,101.0,2.3703765869140625,2.3703765869140625,2.3703765869140625,1,0.0,0.0,"(mu-1σ, mu] (slightly low)",1,1,Medium
568,50000.0,1200.0,101_574,574.0,574.0,101_574,101.0,3.2637455463409424,3.2637455463409424,3.2637454986572267,5,4.7683715642676816e-08,0.0,"(mu+1σ, mu+2σ] (high)",2,2,High
569,20000.0,600.0,101_575,575.0,575.0,101_575,101.0,2.955515146255493,2.955515146255493,2.955515146255493,2,0.0,0.0,"(mu, mu+1σ] (slightly high)",1,1,Medium
570,30000.0,800.0,101_576,576.0,576.0,101_576,101.0,2.4883370399475098,2.4883370399475098,2.4883370399475098,3,0.0,0.0,"(mu-1σ, mu] (slightly low)",1,1,Medium
571,10000.0,400.0,101_577,577.0,577.0,101_577,101.0,2.677274465560913,2.677274465560913,2.677274465560913,1,0.0,0.0,"(mu-1σ, mu] (slightly low)",1,1,Medium
572,10000.0,400.0,101_578,578.0,578.0,101_578,101.0,2.905531406402588,2.905531406402588,2.905531406402588,1,0.0,0.0,"(mu, mu+1σ] (slightly high)",1,1,Medium
573,180000.0,2000.0,101_579,579.0,579.0,101_579,101.0,3.228923797607422,3.228923797607422,3.228923797607422,18,0.0,0.0,"(mu+1σ, mu+2σ] (high)",2,2,High
574,10000.0,400.0,101_580,580.0,580.0,101_580,101.0,2.6109631061553955,2.6109631061553955,2.6109631061553955,1,0.0,0.0,"(mu-1σ, mu] (slightly low)",1,1,Medium
575,10000.0,400.0,101_581,581.0,581.0,101_581,101.0,2.8175604343414307,2.8175604343414307,2.8175604343414307,1,0.0,0.0,"(mu, mu+1σ] (slightly high)",1,1,Medium
576,10000.0,400.0,101_582,582.0,582.0,101_582,101.0,3.2814061641693115,3.2814061641693115,3.2814061641693115,1,0.0,0.0,"(mu+1σ, mu+2σ] (high)",2,2,High
577,30000.0,800.0,101_583,583.0,583.0,101_583,101.0,3.1369545459747314,3.1369545459747314,3.1369546254475913,3,7.947285984855057e-08,0.0,"(mu, mu+1σ] (slightly high)",1,1,Medium
578,40000.0,800.0,101_584,584.0,584.0,101_584,101.0,2.550983190536499,2.550983190536499,2.550983190536499,4,0.0,0.0,"(mu-1σ, mu] (slightly low)",1,1,Medium
579,30000.0,800.0,101_585,585.0,585.0,101_585,101.0,3.280573606491089,3.280573606491089,3.280573527018229,3,7.947285984855057e-08,0.0,"(mu+1σ, mu+2σ] (high)",2,2,High
580,20000.0,600.0,101_586,586.0,586.0,101_586,101.0,3.1924359798431396,3.1924359798431396,3.1924359798431396,2,0.0,0.0,"(mu, mu+1σ] (slightly high)",1,1,Medium
581,10000.0,400.0,101_587,587.0,587.0,101_587,101.0,2.0294899940490723,2.0294899940490723,2.0294899940490723,1,0.0,0.0,"(mu-2σ, mu-1σ] (low)",0,0,Low
582,10000.0,400.0,101_588,588.0,588.0,101_588,101.0,2.9785072803497314,2.9785072803497314,2.9785072803497314,1,0.0,0.0,"(mu, mu+1σ] (slightly high)",1,1,Medium
583,10000.0,400.0,101_589,589.0,589.0,101_589,101.0,2.780073404312134,2.780073404312134,2.780073404312134,1,0.0,0.0,"(mu, mu+1σ] (slightly high)",1,1,Medium
584,30000.0,800.0,101_590,590.0,590.0,101_590,101.0,2.8337223529815674,2.8337223529815674,2.8337224324544272,3,7.947285984855057e-08,0.0,"(mu, mu+1σ] (slightly high)",1,1,Medium
585,10000.0,400.0,101_591,591.0,591.0,101_591,101.0,3.137454032897949,3.137454032897949,3.137454032897949,1,0.0,0.0,"(mu, mu+1σ] (slightly high)",1,1,Medium
586,10000.0,400.0,101_592,592.0,592.0,101_592,101.0,3.0171611309051514,3.0171611309051514,3.0171611309051514,1,0.0,0.0,"(mu, mu+1σ] (slightly high)",1,1,Medium
587,10000.0,400.0,101_593,593.0,593.0,101_593,101.0,2.208763837814331,2.208763837814331,2.208763837814331,1,0.0,0.0,"(mu-1σ, mu] (slightly low)",1,1,Medium
588,10000.0,400.0,101_594,594.0,594.0,101_594,101.0,2.8512163162231445,2.8512163162231445,2.8512163162231445,1,0.0,0.0,"(mu, mu+1σ] (slightly high)",1,1,Medium
589,10000.0,400.0,101_595,595.0,595.0,101_595,101.0,3.1124625205993652,3.1124625205993652,3.1124625205993652,1,0.0,0.0,"(mu, mu+1σ] (slightly high)",1,1,Medium
590,10000.0,400.0,101_596,596.0,596.0,101_596,101.0,2.9765079021453857,2.9765079021453857,2.9765079021453857,1,0.0,0.0,"(mu, mu+1σ] (slightly high)",1,1,Medium
591,20000.0,600.0,101_597,597.0,597.0,101_597,101.0,2.772409439086914,2.772409439086914,2.772409439086914,2,0.0,0.0,"(mu, mu+1σ] (slightly high)",1,1,Medium
592,10000.0,400.0,101_598,598.0,598.0,101_598,101.0,3.184438467025757,3.184438467025757,3.184438467025757,1,0.0,0.0,"(mu, mu+1σ] (slightly high)",1,1,Medium
593,10000.0,400.0,101_599,599.0,599.0,101_599,101.0,2.620460033416748,2.620460033416748,2.620460033416748,1,0.0,0.0,"(mu-1σ, mu] (slightly low)",1,1,Medium
594,20000.0,600.0,101_600,600.0,600.0,101_600,101.0,2.696101665496826,2.696101665496826,2.696101665496826,2,0.0,0.0,"(mu-1σ, mu] (slightly low)",1,1,Medium
595,10000.0,400.0,101_601,601.0,601.0,101_601,101.0,1.904364824295044,1.904364824295044,1.904364824295044,1,0.0,0.0,"(mu-2σ, mu-1σ] (low)",0,0,Low
596,10000.0,400.0,101_602,602.0,602.0,101_602,101.0,3.5534818172454834,3.5534818172454834,3.5534818172454834,1,0.0,0.0,"(mu+1σ, mu+2σ] (high)",2,2,High
597,30000.0,800.0,101_603,603.0,603.0,101_603,101.0,2.9453516006469727,2.9453516006469727,2.9453516006469727,3,0.0,0.0,"(mu, mu+1σ] (slightly high)",1,1,Medium
598,10000.0,400.0,101_604,604.0,604.0,101_604,101.0,3.171942710876465,3.171942710876465,3.171942710876465,1,0.0,0.0,"(mu, mu+1σ] (slightly high)",1,1,Medium
599,20000.0,600.0,101_605,605.0,605.0,101_605,101.0,2.821726083755493,2.821726083755493,2.821726083755493,2,0.0,0.0,"(mu, mu+1σ] (slightly high)",1,1,Medium
600,20000.0,600.0,101_606,606.0,606.0,101_606,101.0,3.2929022312164307,3.2929022312164307,3.2929022312164307,2,0.0,0.0,"(mu+1σ, mu+2σ] (high)",2,2,High
601,10000.0,400.0,101_607,607.0,607.0,101_607,101.0,3.0988006591796875,3.0988006591796875,3.0988006591796875,1,0.0,0.0,"(mu, mu+1σ] (slightly high)",1,1,Medium
602,10000.0,400.0,101_608,608.0,608.0,101_608,101.0,2.1247920989990234,2.1247920989990234,2.1247920989990234,1,0.0,0.0,"(mu-2σ, mu-1σ] (low)",0,0,Low
603,20000.0,600.0,101_609,609.0,609.0,101_609,101.0,1.7760744094848633,1.7760744094848633,1.7760744094848633,2,0.0,0.0,"(mu-2σ, mu-1σ] (low)",0,0,Low
604,30000.0,800.0,101_610,610.0,610.0,101_610,101.0,2.1882708072662354,2.1882708072662354,2.188270886739095,3,7.947285984855057e-08,0.0,"(mu-1σ, mu] (slightly low)",1,1,Medium
605,10000.0,400.0,101_611,611.0,611.0,101_611,101.0,2.2637455463409424,2.2637455463409424,2.2637455463409424,1,0.0,0.0,"(mu-1σ, mu] (slightly low)",1,1,Medium
606,30000.0,800.0,101_612,612.0,612.0,101_612,101.0,1.9696767330169678,1.9696767330169678,1.9696766535441081,3,7.947285962650597e-08,0.0,"(mu-2σ, mu-1σ] (low)",0,0,Low
607,10000.0,400.0,101_613,613.0,613.0,101_613,101.0,1.879373550415039,1.879373550415039,1.879373550415039,1,0.0,0.0,"(mu-2σ, mu-1σ] (low)",0,0,Low
608,10000.0,400.0,101_614,614.0,614.0,101_614,101.0,2.138120651245117,2.138120651245117,2.138120651245117,1,0.0,0.0,"(mu-2σ, mu-1σ] (low)",0,0,Low
609,30000.0,800.0,101_615,615.0,615.0,101_615,101.0,1.6927690505981445,1.6927690505981445,1.6927690505981445,3,0.0,0.0,"(mu-2σ, mu-1σ] (low)",0,0,Low
610,30000.0,800.0,101_616,616.0,616.0,101_616,101.0,2.290236711502075,2.290236711502075,2.290236790974935,3,7.947285984855057e-08,0.0,"(mu-1σ, mu] (slightly low)",1,1,Medium
611,10000.0,400.0,101_617,617.0,617.0,101_617,101.0,2.5774741172790527,2.5774741172790527,2.5774741172790527,1,0.0,0.0,"(mu-1σ, mu] (slightly low)",1,1,Medium
612,10000.0,400.0,101_618,618.0,618.0,101_618,101.0,2.141286611557007,2.141286611557007,2.141286611557007,1,0.0,0.0,"(mu-2σ, mu-1σ] (low)",0,0,Low
613,30000.0,800.0,101_619,619.0,619.0,101_619,101.0,2.0098299980163574,2.0098299980163574,2.0098299980163574,3,0.0,0.0,"(mu-2σ, mu-1σ] (low)",0,0,Low
614,10000.0,400.0,101_620,620.0,620.0,101_620,101.0,2.9333553314208984,2.9333553314208984,2.9333553314208984,1,0.0,0.0,"(mu, mu+1σ] (slightly high)",1,1,Medium
615,10000.0,400.0,101_621,621.0,621.0,101_621,101.0,2.127457857131958,2.127457857131958,2.127457857131958,1,0.0,0.0,"(mu-2σ, mu-1σ] (low)",0,0,Low
616,30000.0,800.0,101_622,622.0,622.0,101_622,101.0,1.9225258827209473,1.9225258827209473,1.9225258827209473,3,0.0,0.0,"(mu-2σ, mu-1σ] (low)",0,0,Low
617,10000.0,400.0,101_623,623.0,623.0,101_623,101.0,2.273408889770508,2.273408889770508,2.273408889770508,1,0.0,0.0,"(mu-1σ, mu] (slightly low)",1,1,Medium
618,20000.0,600.0,101_624,624.0,624.0,101_624,101.0,2.2170944213867188,2.2170944213867188,2.2170944213867188,2,0.0,0.0,"(mu-1σ, mu] (slightly low)",1,1,Medium
619,10000.0,400.0,101_625,625.0,625.0,101_625,101.0,2.185105085372925,2.185105085372925,2.185105085372925,1,0.0,0.0,"(mu-1σ, mu] (slightly low)",1,1,Medium
620,50000.0,1000.0,101_626,626.0,626.0,101_626,101.0,3.6592800617218018,3.6592800617218018,3.659280014038086,5,4.7683715642676816e-08,0.0,"(mu+1σ, mu+2σ] (high)",2,2,High
621,340000.0,3200.0,101_627,627.0,627.0,101_627,101.0,2.081472873687744,2.081472873687744,2.0814731822294346,34,3.085416904191618e-07,0.0,"(mu-2σ, mu-1σ] (low)",0,0,Low
622,30000.0,800.0,101_628,628.0,628.0,101_628,101.0,2.8407199382781982,2.8407199382781982,2.8407198588053384,3,7.947285984855057e-08,0.0,"(mu, mu+1σ] (slightly high)",1,1,Medium
623,80000.0,1400.0,101_629,629.0,629.0,101_629,101.0,3.0896365642547607,3.0896365642547607,3.0896363258361816,8,2.384185791015625e-07,0.0,"(mu, mu+1σ] (slightly high)",1,1,Medium
624,20000.0,600.0,101_630,630.0,630.0,101_630,101.0,2.5,2.5,2.5,2,0.0,0.0,"(mu-1σ, mu] (slightly low)",1,1,Medium
625,30000.0,800.0,101_631,631.0,631.0,101_631,101.0,2.1611130237579346,2.1611130237579346,2.1611131032307944,3,7.947285984855057e-08,0.0,"(mu-2σ, mu-1σ] (low)",0,0,Low
626,20000.0,600.0,101_632,632.0,632.0,101_632,101.0,2.613128662109375,2.613128662109375,2.613128662109375,2,0.0,0.0,"(mu-1σ, mu] (slightly low)",1,1,Medium
627,40000.0,800.0,101_633,633.0,633.0,101_633,101.0,3.435521364212036,3.435521364212036,3.435521364212036,4,0.0,0.0,"(mu+1σ, mu+2σ] (high)",2,2,High
628,20000.0,600.0,101_634,634.0,634.0,101_634,101.0,3.802565813064575,3.802565813064575,3.802565813064575,2,0.0,0.0,> mu+2σ (very high),2,2,High
629,50000.0,1000.0,101_635,635.0,635.0,101_635,101.0,3.5904695987701416,3.5904695987701416,3.590469741821289,5,1.4305114737211966e-07,0.0,"(mu+1σ, mu+2σ] (high)",2,2,High
630,40000.0,800.0,101_636,636.0,636.0,101_636,101.0,2.8135621547698975,2.8135621547698975,2.8135621547698975,4,0.0,0.0,"(mu, mu+1σ] (slightly high)",1,1,Medium
631,10000.0,400.0,101_637,637.0,637.0,101_637,101.0,2.6044652462005615,2.6044652462005615,2.6044652462005615,1,0.0,0.0,"(mu-1σ, mu] (slightly low)",1,1,Medium
632,80000.0,1200.0,101_638,638.0,638.0,101_638,101.0,2.2825725078582764,2.2825725078582764,2.2825725078582764,8,0.0,0.0,"(mu-1σ, mu] (slightly low)",1,1,Medium
633,20000.0,600.0,101_639,639.0,639.0,101_639,101.0,3.3708760738372803,3.3708760738372803,3.3708760738372803,2,0.0,0.0,"(mu+1σ, mu+2σ] (high)",2,2,High
634,40000.0,1000.0,101_640,640.0,640.0,101_640,101.0,2.216261386871338,2.216261386871338,2.216261386871338,4,0.0,0.0,"(mu-1σ, mu] (slightly low)",1,1,Medium
635,40000.0,1000.0,101_641,641.0,641.0,101_641,101.0,2.9891700744628906,2.9891700744628906,2.9891700744628906,4,0.0,0.0,"(mu, mu+1σ] (slightly high)",1,1,Medium
636,40000.0,1000.0,101_642,642.0,642.0,101_642,101.0,2.614128351211548,2.614128351211548,2.614128351211548,4,0.0,0.0,"(mu-1σ, mu] (slightly low)",1,1,Medium
637,20000.0,600.0,101_643,643.0,643.0,101_643,101.0,3.378873586654663,3.378873586654663,3.378873586654663,2,0.0,0.0,"(mu+1σ, mu+2σ] (high)",2,2,High
638,60000.0,1000.0,101_644,644.0,644.0,101_644,101.0,2.545485019683838,2.545485019683838,2.5454848607381186,6,1.5894571925301193e-07,0.0,"(mu-1σ, mu] (slightly low)",1,1,Medium
639,20000.0,600.0,101_645,645.0,645.0,101_645,101.0,2.425358533859253,2.425358533859253,2.425358533859253,2,0.0,0.0,"(mu-1σ, mu] (slightly low)",1,1,Medium
640,30000.0,800.0,101_646,646.0,646.0,101_646,101.0,3.672276020050049,3.672276020050049,3.672276178995768,3,1.5894571925301193e-07,0.0,"(mu+1σ, mu+2σ] (high)",2,2,High
641,40000.0,1000.0,101_647,647.0,647.0,101_647,101.0,2.968010663986206,2.968010663986206,2.968010663986206,4,0.0,0.0,"(mu, mu+1σ] (slightly high)",1,1,Medium
642,50000.0,1200.0,101_648,648.0,648.0,101_648,101.0,2.796401262283325,2.796401262283325,2.7964012145996096,5,4.7683715642676816e-08,0.0,"(mu, mu+1σ] (slightly high)",1,1,Medium
643,60000.0,1000.0,101_649,649.0,649.0,101_649,101.0,3.0346553325653076,3.0346553325653076,3.0346552530924478,6,7.947285984855057e-08,0.0,"(mu, mu+1σ] (slightly high)",1,1,Medium
644,10000.0,400.0,101_650,650.0,650.0,101_650,101.0,2.0423192977905273,2.0423192977905273,2.0423192977905273,1,0.0,0.0,"(mu-2σ, mu-1σ] (low)",0,0,Low
645,10000.0,400.0,101_651,651.0,651.0,101_651,101.0,1.473841905593872,1.473841905593872,1.473841905593872,1,0.0,0.0,<= mu-2σ (very low),0,0,Low
646,20000.0,600.0,101_652,652.0,652.0,101_652,101.0,2.6116292476654053,2.6116292476654053,2.6116292476654053,2,0.0,0.0,"(mu-1σ, mu] (slightly low)",1,1,Medium
647,20000.0,600.0,101_653,653.0,653.0,101_653,101.0,2.4596800804138184,2.4596800804138184,2.4596800804138184,2,0.0,0.0,"(mu-1σ, mu] (slightly low)",1,1,Medium
648,10000.0,400.0,101_654,654.0,654.0,101_654,101.0,3.7134292125701904,3.7134292125701904,3.7134292125701904,1,0.0,0.0,"(mu+1σ, mu+2σ] (high)",2,2,High
649,30000.0,800.0,101_655,655.0,655.0,101_655,101.0,2.505998134613037,2.505998134613037,2.505998134613037,3,0.0,0.0,"(mu-1σ, mu] (slightly low)",1,1,Medium
650,10000.0,400.0,101_656,656.0,656.0,101_656,101.0,3.6227927207946777,3.6227927207946777,3.6227927207946777,1,0.0,0.0,"(mu+1σ, mu+2σ] (high)",2,2,High
651,10000.0,400.0,101_657,657.0,657.0,101_657,101.0,2.576307773590088,2.576307773590088,2.576307773590088,1,0.0,0.0,"(mu-1σ, mu] (slightly low)",1,1,Medium
652,20000.0,600.0,101_658,658.0,658.0,101_658,101.0,2.602965831756592,2.602965831756592,2.602965831756592,2,0.0,0.0,"(mu-1σ, mu] (slightly low)",1,1,Medium
653,50000.0,1200.0,101_659,659.0,659.0,101_659,101.0,3.4210259914398193,3.4210259914398193,3.421025848388672,5,1.4305114737211966e-07,0.0,"(mu+1σ, mu+2σ] (high)",2,2,High
654,30000.0,800.0,101_660,660.0,660.0,101_660,101.0,2.27824068069458,2.27824068069458,2.27824068069458,3,0.0,0.0,"(mu-1σ, mu] (slightly low)",1,1,Medium
655,10000.0,400.0,101_661,661.0,661.0,101_661,101.0,2.3828723430633545,2.3828723430633545,2.3828723430633545,1,0.0,0.0,"(mu-1σ, mu] (slightly low)",1,1,Medium
656,10000.0,400.0,101_662,662.0,662.0,101_662,101.0,2.525325059890747,2.525325059890747,2.525325059890747,1,0.0,0.0,"(mu-1σ, mu] (slightly low)",1,1,Medium
657,20000.0,600.0,101_663,663.0,663.0,101_663,101.0,2.7354214191436768,2.7354214191436768,2.7354214191436768,2,0.0,0.0,"(mu, mu+1σ] (slightly high)",1,1,Medium
658,20000.0,600.0,101_664,664.0,664.0,101_664,101.0,2.772243022918701,2.772243022918701,2.772243022918701,2,0.0,0.0,"(mu, mu+1σ] (slightly high)",1,1,Medium
659,20000.0,600.0,101_665,665.0,665.0,101_665,101.0,2.5733091831207275,2.5733091831207275,2.5733091831207275,2,0.0,0.0,"(mu-1σ, mu] (slightly low)",1,1,Medium
660,10000.0,400.0,101_666,666.0,666.0,101_666,101.0,2.9843387603759766,2.9843387603759766,2.9843387603759766,1,0.0,0.0,"(mu, mu+1σ] (slightly high)",1,1,Medium
661,10000.0,400.0,101_667,667.0,667.0,101_667,101.0,2.5526492595672607,2.5526492595672607,2.5526492595672607,1,0.0,0.0,"(mu-1σ, mu] (slightly low)",1,1,Medium
662,20000.0,600.0,101_668,668.0,668.0,101_668,101.0,2.0214927196502686,2.0214927196502686,2.0214927196502686,2,0.0,0.0,"(mu-2σ, mu-1σ] (low)",0,0,Low
663,20000.0,600.0,101_669,669.0,669.0,101_669,101.0,3.385038375854492,3.385038375854492,3.385038375854492,2,0.0,0.0,"(mu+1σ, mu+2σ] (high)",2,2,High
664,30000.0,800.0,101_670,670.0,670.0,101_670,101.0,2.9470179080963135,2.9470179080963135,2.9470179875691733,3,7.947285984855057e-08,0.0,"(mu, mu+1σ] (slightly high)",1,1,Medium
665,20000.0,600.0,101_671,671.0,671.0,101_671,101.0,2.2457516193389893,2.2457516193389893,2.2457516193389893,2,0.0,0.0,"(mu-1σ, mu] (slightly low)",1,1,Medium
666,10000.0,400.0,101_672,672.0,672.0,101_672,101.0,1.7602463960647583,1.7602463960647583,1.7602463960647583,1,0.0,0.0,"(mu-2σ, mu-1σ] (low)",0,0,Low
667,10000.0,400.0,101_673,673.0,673.0,101_673,101.0,2.210930109024048,2.210930109024048,2.210930109024048,1,0.0,0.0,"(mu-1σ, mu] (slightly low)",1,1,Medium
668,10000.0,400.0,101_674,674.0,674.0,101_674,101.0,2.0146617889404297,2.0146617889404297,2.0146617889404297,1,0.0,0.0,"(mu-2σ, mu-1σ] (low)",0,0,Low
669,10000.0,400.0,101_675,675.0,675.0,101_675,101.0,1.778407335281372,1.778407335281372,1.778407335281372,1,0.0,0.0,"(mu-2σ, mu-1σ] (low)",0,0,Low
670,10000.0,400.0,101_676,676.0,676.0,101_676,101.0,2.303565740585327,2.303565740585327,2.303565740585327,1,0.0,0.0,"(mu-1σ, mu] (slightly low)",1,1,Medium
671,10000.0,400.0,101_677,677.0,677.0,101_677,101.0,2.2887370586395264,2.2887370586395264,2.2887370586395264,1,0.0,0.0,"(mu-1σ, mu] (slightly low)",1,1,Medium
672,20000.0,600.0,101_678,678.0,678.0,101_678,101.0,2.448850631713867,2.448850631713867,2.448850631713867,2,0.0,0.0,"(mu-1σ, mu] (slightly low)",1,1,Medium
673,20000.0,600.0,101_679,679.0,679.0,101_679,101.0,1.993168830871582,1.993168830871582,1.993168830871582,2,0.0,0.0,"(mu-2σ, mu-1σ] (low)",0,0,Low
674,20000.0,600.0,101_680,680.0,680.0,101_680,101.0,3.0154950618743896,3.0154950618743896,3.0154950618743896,2,0.0,0.0,"(mu, mu+1σ] (slightly high)",1,1,Medium
675,10000.0,400.0,101_681,681.0,681.0,101_681,101.0,2.5998003482818604,2.5998003482818604,2.5998003482818604,1,0.0,0.0,"(mu-1σ, mu] (slightly low)",1,1,Medium
676,20000.0,600.0,101_682,682.0,682.0,101_682,101.0,2.653949022293091,2.653949022293091,2.653949022293091,2,0.0,0.0,"(mu-1σ, mu] (slightly low)",1,1,Medium
677,30000.0,800.0,101_683,683.0,683.0,101_683,101.0,2.030822992324829,2.030822992324829,2.030823071797689,3,7.947285984855057e-08,0.0,"(mu-2σ, mu-1σ] (low)",0,0,Low
678,20000.0,600.0,101_684,684.0,684.0,101_684,101.0,1.797400712966919,1.797400712966919,1.797400712966919,2,0.0,0.0,"(mu-2σ, mu-1σ] (low)",0,0,Low
679,30000.0,800.0,101_685,685.0,685.0,101_685,101.0,2.278740644454956,2.278740644454956,2.278740564982096,3,7.947285984855057e-08,0.0,"(mu-1σ, mu] (slightly low)",1,1,Medium
680,10000.0,400.0,101_686,686.0,686.0,101_686,101.0,1.7997334003448486,1.7997334003448486,1.7997334003448486,1,0.0,0.0,"(mu-2σ, mu-1σ] (low)",0,0,Low
681,10000.0,400.0,101_687,687.0,687.0,101_687,101.0,2.310230255126953,2.310230255126953,2.310230255126953,1,0.0,0.0,"(mu-1σ, mu] (slightly low)",1,1,Medium
682,10000.0,400.0,101_688,688.0,688.0,101_688,101.0,1.9186937808990479,1.9186937808990479,1.9186937808990479,1,0.0,0.0,"(mu-2σ, mu-1σ] (low)",0,0,Low
683,10000.0,400.0,101_689,689.0,689.0,101_689,101.0,2.1427860260009766,2.1427860260009766,2.1427860260009766,1,0.0,0.0,"(mu-2σ, mu-1σ] (low)",0,0,Low
684,10000.0,400.0,101_690,690.0,690.0,101_690,101.0,1.816894292831421,1.816894292831421,1.816894292831421,1,0.0,0.0,"(mu-2σ, mu-1σ] (low)",0,0,Low
685,10000.0,400.0,101_691,691.0,691.0,101_691,101.0,1.72175931930542,1.72175931930542,1.72175931930542,1,0.0,0.0,"(mu-2σ, mu-1σ] (low)",0,0,Low
686,20000.0,600.0,101_692,692.0,692.0,101_692,101.0,2.005498170852661,2.005498170852661,2.005498170852661,2,0.0,0.0,"(mu-2σ, mu-1σ] (low)",0,0,Low
687,10000.0,400.0,101_693,693.0,693.0,101_693,101.0,2.5599799156188965,2.5599799156188965,2.5599799156188965,1,0.0,0.0,"(mu-1σ, mu] (slightly low)",1,1,Medium
688,10000.0,400.0,101_694,694.0,694.0,101_694,101.0,1.9265244007110596,1.9265244007110596,1.9265244007110596,1,0.0,0.0,"(mu-2σ, mu-1σ] (low)",0,0,Low
689,20000.0,600.0,101_695,695.0,695.0,101_695,101.0,3.2130954265594482,3.2130954265594482,3.2130954265594482,2,0.0,0.0,"(mu, mu+1σ] (slightly high)",1,1,Medium
690,80000.0,1400.0,101_696,696.0,696.0,101_696,101.0,2.856381416320801,2.856381416320801,2.856381416320801,8,0.0,0.0,"(mu, mu+1σ] (slightly high)",1,1,Medium
691,20000.0,600.0,101_697,697.0,697.0,101_697,101.0,3.214761734008789,3.214761734008789,3.214761734008789,2,0.0,0.0,"(mu, mu+1σ] (slightly high)",1,1,Medium
692,60000.0,1200.0,101_698,698.0,698.0,101_698,101.0,2.8090639114379883,2.8090639114379883,2.8090639114379883,6,0.0,0.0,"(mu, mu+1σ] (slightly high)",1,1,Medium
693,60000.0,1200.0,101_699,699.0,699.0,101_699,101.0,3.5954678058624268,3.5954678058624268,3.5954678853352866,6,7.947285984855057e-08,0.0,"(mu+1σ, mu+2σ] (high)",2,2,High
694,160000.0,2400.0,101_700,700.0,700.0,101_700,101.0,3.303398847579956,3.303398847579956,3.303398609161377,16,2.384185791015625e-07,0.0,"(mu+1σ, mu+2σ] (high)",2,2,High
695,200000.0,2000.0,101_701,701.0,701.0,101_701,101.0,3.6466176509857178,3.6466176509857178,3.6466175079345704,20,1.4305114737211966e-07,0.0,"(mu+1σ, mu+2σ] (high)",2,2,High
696,50000.0,1000.0,101_702,702.0,702.0,101_702,101.0,3.342219114303589,3.342219114303589,3.3422191619873045,5,4.7683715642676816e-08,0.0,"(mu+1σ, mu+2σ] (high)",2,2,High
697,310000.0,2400.0,101_703,703.0,703.0,101_703,101.0,3.119460105895996,3.119460105895996,3.1194600751323085,31,3.076368759735715e-08,0.0,"(mu, mu+1σ] (slightly high)",1,1,Medium
698,30000.0,800.0,101_704,704.0,704.0,101_704,101.0,2.868377447128296,2.868377447128296,2.868377367655436,3,7.947285984855057e-08,0.0,"(mu, mu+1σ] (slightly high)",1,1,Medium
699,10000.0,400.0,101_705,705.0,705.0,101_705,101.0,2.8637123107910156,2.8637123107910156,2.8637123107910156,1,0.0,0.0,"(mu, mu+1σ] (slightly high)",1,1,Medium
700,10000.0,400.0,101_706,706.0,706.0,101_706,101.0,2.689936637878418,2.689936637878418,2.689936637878418,1,0.0,0.0,"(mu-1σ, mu] (slightly low)",1,1,Medium
701,20000.0,600.0,101_707,707.0,707.0,101_707,101.0,2.613295555114746,2.613295555114746,2.613295555114746,2,0.0,0.0,"(mu-1σ, mu] (slightly low)",1,1,Medium
702,10000.0,400.0,101_708,708.0,708.0,101_708,101.0,2.5174942016601562,2.5174942016601562,2.5174942016601562,1,0.0,0.0,"(mu-1σ, mu] (slightly low)",1,1,Medium
703,10000.0,400.0,101_709,709.0,709.0,101_709,101.0,2.4848384857177734,2.4848384857177734,2.4848384857177734,1,0.0,0.0,"(mu-1σ, mu] (slightly low)",1,1,Medium
704,20000.0,600.0,101_710,710.0,710.0,101_710,101.0,1.9880039691925049,1.9880039691925049,1.9880039691925049,2,0.0,0.0,"(mu-2σ, mu-1σ] (low)",0,0,Low
705,10000.0,400.0,101_711,711.0,711.0,101_711,101.0,2.424858808517456,2.424858808517456,2.424858808517456,1,0.0,0.0,"(mu-1σ, mu] (slightly low)",1,1,Medium
706,10000.0,400.0,101_712,712.0,712.0,101_712,101.0,3.032822608947754,3.032822608947754,3.032822608947754,1,0.0,0.0,"(mu, mu+1σ] (slightly high)",1,1,Medium
707,20000.0,600.0,101_713,713.0,713.0,101_713,101.0,2.6237919330596924,2.6237919330596924,2.6237919330596924,2,0.0,0.0,"(mu-1σ, mu] (slightly low)",1,1,Medium
708,10000.0,400.0,101_714,714.0,714.0,101_714,101.0,2.8752083778381348,2.8752083778381348,2.8752083778381348,1,0.0,0.0,"(mu, mu+1σ] (slightly high)",1,1,Medium
709,30000.0,800.0,101_715,715.0,715.0,101_715,101.0,2.752915859222412,2.752915859222412,2.752915700276693,3,1.5894571925301193e-07,0.0,"(mu, mu+1σ] (slightly high)",1,1,Medium
710,40000.0,800.0,101_716,716.0,716.0,101_716,101.0,2.9091973304748535,2.9091973304748535,2.9091973304748535,4,0.0,0.0,"(mu, mu+1σ] (slightly high)",1,1,Medium
711,20000.0,600.0,101_717,717.0,717.0,101_717,101.0,2.799400568008423,2.799400568008423,2.799400568008423,2,0.0,0.0,"(mu, mu+1σ] (slightly high)",1,1,Medium
712,20000.0,600.0,101_718,718.0,718.0,101_718,101.0,2.9470179080963135,2.9470179080963135,2.9470179080963135,2,0.0,0.0,"(mu, mu+1σ] (slightly high)",1,1,Medium
713,10000.0,400.0,101_719,719.0,719.0,101_719,101.0,3.239753484725952,3.239753484725952,3.239753484725952,1,0.0,0.0,"(mu+1σ, mu+2σ] (high)",2,2,High
714,10000.0,400.0,101_720,720.0,720.0,101_720,101.0,2.5493171215057373,2.5493171215057373,2.5493171215057373,1,0.0,0.0,"(mu-1σ, mu] (slightly low)",1,1,Medium
715,10000.0,400.0,101_721,721.0,721.0,101_721,101.0,2.4865047931671143,2.4865047931671143,2.4865047931671143,1,0.0,0.0,"(mu-1σ, mu] (slightly low)",1,1,Medium
716,10000.0,400.0,101_722,722.0,722.0,101_722,101.0,2.683439254760742,2.683439254760742,2.683439254760742,1,0.0,0.0,"(mu-1σ, mu] (slightly low)",1,1,Medium
717,20000.0,600.0,101_723,723.0,723.0,101_723,101.0,3.0481507778167725,3.0481507778167725,3.0481507778167725,2,0.0,0.0,"(mu, mu+1σ] (slightly high)",1,1,Medium
718,10000.0,400.0,101_724,724.0,724.0,101_724,101.0,3.0713095664978027,3.0713095664978027,3.0713095664978027,1,0.0,0.0,"(mu, mu+1σ] (slightly high)",1,1,Medium
719,20000.0,600.0,101_725,725.0,725.0,101_725,101.0,2.7967348098754883,2.7967348098754883,2.7967348098754883,2,0.0,0.0,"(mu, mu+1σ] (slightly high)",1,1,Medium
720,20000.0,600.0,101_726,726.0,726.0,101_726,101.0,2.919193744659424,2.919193744659424,2.919193744659424,2,0.0,0.0,"(mu, mu+1σ] (slightly high)",1,1,Medium
721,30000.0,800.0,101_727,727.0,727.0,101_727,101.0,2.956681251525879,2.956681251525879,2.956681251525879,3,0.0,0.0,"(mu, mu+1σ] (slightly high)",1,1,Medium
722,20000.0,600.0,101_728,728.0,728.0,101_728,101.0,3.1995999813079834,3.1995999813079834,3.1995999813079834,2,0.0,0.0,"(mu, mu+1σ] (slightly high)",1,1,Medium
723,40000.0,800.0,101_729,729.0,729.0,101_729,101.0,3.0734753608703613,3.0734753608703613,3.0734753608703613,4,0.0,0.0,"(mu, mu+1σ] (slightly high)",1,1,Medium
724,20000.0,600.0,101_730,730.0,730.0,101_730,101.0,2.1431190967559814,2.1431190967559814,2.1431190967559814,2,0.0,0.0,"(mu-2σ, mu-1σ] (low)",0,0,Low
725,20000.0,600.0,101_731,731.0,731.0,101_731,101.0,2.780406951904297,2.780406951904297,2.780406951904297,2,0.0,0.0,"(mu, mu+1σ] (slightly high)",1,1,Medium
726,10000.0,400.0,101_732,732.0,732.0,101_732,101.0,2.664112091064453,2.664112091064453,2.664112091064453,1,0.0,0.0,"(mu-1σ, mu] (slightly low)",1,1,Medium
727,10000.0,400.0,101_733,733.0,733.0,101_733,101.0,2.708597421646118,2.708597421646118,2.708597421646118,1,0.0,0.0,"(mu, mu+1σ] (slightly high)",1,1,Medium
728,10000.0,400.0,101_734,734.0,734.0,101_734,101.0,3.544818162918091,3.544818162918091,3.544818162918091,1,0.0,0.0,"(mu+1σ, mu+2σ] (high)",2,2,High
729,10000.0,400.0,101_735,735.0,735.0,101_735,101.0,3.1699435710906982,3.1699435710906982,3.1699435710906982,1,0.0,0.0,"(mu, mu+1σ] (slightly high)",1,1,Medium
730,10000.0,400.0,101_736,736.0,736.0,101_736,101.0,2.5776407718658447,2.5776407718658447,2.5776407718658447,1,0.0,0.0,"(mu-1σ, mu] (slightly low)",1,1,Medium
731,20000.0,600.0,101_737,737.0,737.0,101_737,101.0,3.4190266132354736,3.4190266132354736,3.4190266132354736,2,0.0,0.0,"(mu+1σ, mu+2σ] (high)",2,2,High
732,10000.0,400.0,101_738,738.0,738.0,101_738,101.0,3.063145637512207,3.063145637512207,3.063145637512207,1,0.0,0.0,"(mu, mu+1σ] (slightly high)",1,1,Medium
733,10000.0,400.0,101_739,739.0,739.0,101_739,101.0,3.3517160415649414,3.3517160415649414,3.3517160415649414,1,0.0,0.0,"(mu+1σ, mu+2σ] (high)",2,2,High
734,80000.0,1400.0,101_740,740.0,740.0,101_740,101.0,2.720926284790039,2.720926284790039,2.720926284790039,8,0.0,0.0,"(mu, mu+1σ] (slightly high)",1,1,Medium
735,20000.0,600.0,101_741,741.0,741.0,101_741,101.0,2.695101737976074,2.695101737976074,2.695101737976074,2,0.0,0.0,"(mu-1σ, mu] (slightly low)",1,1,Medium
736,20000.0,600.0,101_742,742.0,742.0,101_742,101.0,1.8693768978118896,1.8693768978118896,1.8693768978118896,2,0.0,0.0,"(mu-2σ, mu-1σ] (low)",0,0,Low
737,40000.0,800.0,101_743,743.0,743.0,101_743,101.0,3.6439521312713623,3.6439521312713623,3.6439521312713623,4,0.0,0.0,"(mu+1σ, mu+2σ] (high)",2,2,High
738,10000.0,400.0,101_744,744.0,744.0,101_744,101.0,1.9650113582611084,1.9650113582611084,1.9650113582611084,1,0.0,0.0,"(mu-2σ, mu-1σ] (low)",0,0,Low
739,10000.0,400.0,101_745,745.0,745.0,101_745,101.0,3.1682772636413574,3.1682772636413574,3.1682772636413574,1,0.0,0.0,"(mu, mu+1σ] (slightly high)",1,1,Medium
740,20000.0,600.0,101_746,746.0,746.0,101_746,101.0,2.3198933601379395,2.3198933601379395,2.3198933601379395,2,0.0,0.0,"(mu-1σ, mu] (slightly low)",1,1,Medium
741,10000.0,400.0,101_747,747.0,747.0,101_747,101.0,3.6812727451324463,3.6812727451324463,3.6812727451324463,1,0.0,0.0,"(mu+1σ, mu+2σ] (high)",2,2,High
742,20000.0,600.0,101_748,748.0,748.0,101_748,101.0,3.006164789199829,3.006164789199829,3.006164789199829,2,0.0,0.0,"(mu, mu+1σ] (slightly high)",1,1,Medium
743,20000.0,600.0,101_749,749.0,749.0,101_749,101.0,2.4910030364990234,2.4910030364990234,2.4910030364990234,2,0.0,0.0,"(mu-1σ, mu] (slightly low)",1,1,Medium
744,40000.0,800.0,101_750,750.0,750.0,101_750,101.0,2.398367404937744,2.398367404937744,2.398367404937744,4,0.0,0.0,"(mu-1σ, mu] (slightly low)",1,1,Medium
745,30000.0,800.0,101_751,751.0,751.0,101_751,101.0,3.5011661052703857,3.5011661052703857,3.501166025797526,3,7.947285984855057e-08,0.0,"(mu+1σ, mu+2σ] (high)",2,2,High
746,90000.0,1400.0,101_752,752.0,752.0,101_752,101.0,3.5239920616149902,3.5239920616149902,3.5239921145968967,9,5.2981906417670643e-08,0.0,"(mu+1σ, mu+2σ] (high)",2,2,High
747,160000.0,2000.0,101_753,753.0,753.0,101_753,101.0,2.3700437545776367,2.3700437545776367,2.3700437545776367,16,0.0,0.0,"(mu-1σ, mu] (slightly low)",1,1,Medium
748,20000.0,600.0,101_754,754.0,754.0,101_754,101.0,2.619959831237793,2.619959831237793,2.619959831237793,2,0.0,0.0,"(mu-1σ, mu] (slightly low)",1,1,Medium
749,10000.0,400.0,101_755,755.0,755.0,101_755,101.0,2.6867709159851074,2.6867709159851074,2.6867709159851074,1,0.0,0.0,"(mu-1σ, mu] (slightly low)",1,1,Medium
750,10000.0,400.0,101_756,756.0,756.0,101_756,101.0,3.3215596675872803,3.3215596675872803,3.3215596675872803,1,0.0,0.0,"(mu+1σ, mu+2σ] (high)",2,2,High
751,20000.0,600.0,101_757,757.0,757.0,101_757,101.0,3.349050283432007,3.349050283432007,3.349050283432007,2,0.0,0.0,"(mu+1σ, mu+2σ] (high)",2,2,High
752,20000.0,600.0,101_758,758.0,758.0,101_758,101.0,3.493168592453003,3.493168592453003,3.493168592453003,2,0.0,0.0,"(mu+1σ, mu+2σ] (high)",2,2,High
753,10000.0,400.0,101_759,759.0,759.0,101_759,101.0,2.7249250411987305,2.7249250411987305,2.7249250411987305,1,0.0,0.0,"(mu, mu+1σ] (slightly high)",1,1,Medium
754,10000.0,400.0,101_760,760.0,760.0,101_760,101.0,2.8127293586730957,2.8127293586730957,2.8127293586730957,1,0.0,0.0,"(mu, mu+1σ] (slightly high)",1,1,Medium
755,90000.0,1600.0,101_761,761.0,761.0,101_761,101.0,3.8818728923797607,3.8818728923797607,3.881872812906901,9,7.947285984855057e-08,0.0,> mu+2σ (very high),2,2,High
756,10000.0,400.0,101_762,762.0,762.0,101_762,101.0,2.7430858612060547,2.7430858612060547,2.7430858612060547,1,0.0,0.0,"(mu, mu+1σ] (slightly high)",1,1,Medium
757,10000.0,400.0,101_763,763.0,763.0,101_763,101.0,3.228423833847046,3.228423833847046,3.228423833847046,1,0.0,0.0,"(mu+1σ, mu+2σ] (high)",2,2,High
758,10000.0,400.0,101_764,764.0,764.0,101_764,101.0,3.172276020050049,3.172276020050049,3.172276020050049,1,0.0,0.0,"(mu, mu+1σ] (slightly high)",1,1,Medium
759,10000.0,400.0,101_765,765.0,765.0,101_765,101.0,3.1752750873565674,3.1752750873565674,3.1752750873565674,1,0.0,0.0,"(mu, mu+1σ] (slightly high)",1,1,Medium
760,40000.0,1000.0,101_766,766.0,766.0,101_766,101.0,2.809896945953369,2.809896945953369,2.809896945953369,4,0.0,0.0,"(mu, mu+1σ] (slightly high)",1,1,Medium
761,50000.0,1000.0,101_767,767.0,767.0,101_767,101.0,2.8655450344085693,2.8655450344085693,2.865545082092285,5,4.7683715642676816e-08,0.0,"(mu, mu+1σ] (slightly high)",1,1,Medium
762,40000.0,800.0,101_768,768.0,768.0,101_768,101.0,3.1179606914520264,3.1179606914520264,3.1179606914520264,4,0.0,0.0,"(mu, mu+1σ] (slightly high)",1,1,Medium
763,40000.0,1000.0,101_769,769.0,769.0,101_769,101.0,2.740086793899536,2.740086793899536,2.740086793899536,4,0.0,0.0,"(mu, mu+1σ] (slightly high)",1,1,Medium
764,50000.0,1200.0,101_770,770.0,770.0,101_770,101.0,2.5233256816864014,2.5233256816864014,2.523325729370117,5,4.7683715642676816e-08,0.0,"(mu-1σ, mu] (slightly low)",1,1,Medium
765,30000.0,800.0,101_771,771.0,771.0,101_771,101.0,3.4825055599212646,3.4825055599212646,3.482505480448405,3,7.947285984855057e-08,0.0,"(mu+1σ, mu+2σ] (high)",2,2,High
766,10000.0,400.0,101_772,772.0,772.0,101_772,101.0,3.6682772636413574,3.6682772636413574,3.6682772636413574,1,0.0,0.0,"(mu+1σ, mu+2σ] (high)",2,2,High
767,20000.0,600.0,101_773,773.0,773.0,101_773,101.0,2.5163283348083496,2.5163283348083496,2.5163283348083496,2,0.0,0.0,"(mu-1σ, mu] (slightly low)",1,1,Medium
768,40000.0,1000.0,101_774,774.0,774.0,101_774,101.0,2.677607536315918,2.677607536315918,2.677607536315918,4,0.0,0.0,"(mu-1σ, mu] (slightly low)",1,1,Medium
769,70000.0,1600.0,101_775,775.0,775.0,101_775,101.0,2.0201597213745117,2.0201597213745117,2.0201597213745117,7,0.0,0.0,"(mu-2σ, mu-1σ] (low)",0,0,Low
770,30000.0,800.0,101_776,776.0,776.0,101_776,101.0,2.5279908180236816,2.5279908180236816,2.5279908180236816,3,0.0,0.0,"(mu-1σ, mu] (slightly low)",1,1,Medium
771,20000.0,600.0,101_777,777.0,777.0,101_777,101.0,2.486837863922119,2.486837863922119,2.486837863922119,2,0.0,0.0,"(mu-1σ, mu] (slightly low)",1,1,Medium
772,20000.0,600.0,101_778,778.0,778.0,101_778,101.0,2.266411304473877,2.266411304473877,2.266411304473877,2,0.0,0.0,"(mu-1σ, mu] (slightly low)",1,1,Medium
773,40000.0,1000.0,101_779,779.0,779.0,101_779,101.0,2.519493579864502,2.519493579864502,2.519493579864502,4,0.0,0.0,"(mu-1σ, mu] (slightly low)",1,1,Medium
774,10000.0,400.0,101_780,780.0,780.0,101_780,101.0,2.000833034515381,2.000833034515381,2.000833034515381,1,0.0,0.0,"(mu-2σ, mu-1σ] (low)",0,0,Low
775,10000.0,400.0,101_781,781.0,781.0,101_781,101.0,2.3258914947509766,2.3258914947509766,2.3258914947509766,1,0.0,0.0,"(mu-1σ, mu] (slightly low)",1,1,Medium
776,20000.0,600.0,101_782,782.0,782.0,101_782,101.0,2.165444850921631,2.165444850921631,2.165444850921631,2,0.0,0.0,"(mu-2σ, mu-1σ] (low)",0,0,Low
777,10000.0,400.0,101_783,783.0,783.0,101_783,101.0,2.3778741359710693,2.3778741359710693,2.3778741359710693,1,0.0,0.0,"(mu-1σ, mu] (slightly low)",1,1,Medium
778,50000.0,1000.0,101_784,784.0,784.0,101_784,101.0,2.4578473567962646,2.4578473567962646,2.4578474044799803,5,4.7683715642676816e-08,0.0,"(mu-1σ, mu] (slightly low)",1,1,Medium
779,20000.0,600.0,101_785,785.0,785.0,101_785,101.0,2.956847667694092,2.956847667694092,2.956847667694092,2,0.0,0.0,"(mu, mu+1σ] (slightly high)",1,1,Medium
780,40000.0,1000.0,101_786,786.0,786.0,101_786,101.0,2.461346387863159,2.461346387863159,2.461346387863159,4,0.0,0.0,"(mu-1σ, mu] (slightly low)",1,1,Medium
781,10000.0,400.0,101_787,787.0,787.0,101_787,101.0,2.569476842880249,2.569476842880249,2.569476842880249,1,0.0,0.0,"(mu-1σ, mu] (slightly low)",1,1,Medium
782,20000.0,600.0,101_788,788.0,788.0,101_788,101.0,2.2259247303009033,2.2259247303009033,2.2259247303009033,2,0.0,0.0,"(mu-1σ, mu] (slightly low)",1,1,Medium
783,10000.0,400.0,101_789,789.0,789.0,101_789,101.0,3.1684436798095703,3.1684436798095703,3.1684436798095703,1,0.0,0.0,"(mu, mu+1σ] (slightly high)",1,1,Medium
784,20000.0,600.0,101_790,790.0,790.0,101_790,101.0,3.023991823196411,3.023991823196411,3.023991823196411,2,0.0,0.0,"(mu, mu+1σ] (slightly high)",1,1,Medium
785,20000.0,600.0,101_791,791.0,791.0,101_791,101.0,3.3243918418884277,3.3243918418884277,3.3243918418884277,2,0.0,0.0,"(mu+1σ, mu+2σ] (high)",2,2,High
786,20000.0,600.0,101_792,792.0,792.0,101_792,101.0,3.550983190536499,3.550983190536499,3.550983190536499,2,0.0,0.0,"(mu+1σ, mu+2σ] (high)",2,2,High
787,40000.0,800.0,101_793,793.0,793.0,101_793,101.0,2.7124292850494385,2.7124292850494385,2.7124292850494385,4,0.0,0.0,"(mu, mu+1σ] (slightly high)",1,1,Medium
788,30000.0,800.0,101_794,794.0,794.0,101_794,101.0,2.867210865020752,2.867210865020752,2.867211023966471,3,1.5894571925301193e-07,0.0,"(mu, mu+1σ] (slightly high)",1,1,Medium
789,10000.0,400.0,101_795,795.0,795.0,101_795,101.0,3.3005664348602295,3.3005664348602295,3.3005664348602295,1,0.0,0.0,"(mu+1σ, mu+2σ] (high)",2,2,High
790,10000.0,400.0,101_796,796.0,796.0,101_796,101.0,2.153282403945923,2.153282403945923,2.153282403945923,1,0.0,0.0,"(mu-2σ, mu-1σ] (low)",0,0,Low
791,40000.0,1000.0,101_797,797.0,797.0,101_797,101.0,3.227590560913086,3.227590560913086,3.227590560913086,4,0.0,0.0,"(mu+1σ, mu+2σ] (high)",2,2,High
792,30000.0,800.0,101_798,798.0,798.0,101_798,101.0,3.3712093830108643,3.3712093830108643,3.371209462483724,3,7.947285984855057e-08,0.0,"(mu+1σ, mu+2σ] (high)",2,2,High
793,40000.0,800.0,101_799,799.0,799.0,101_799,101.0,3.6292901039123535,3.6292901039123535,3.6292901039123535,4,0.0,0.0,"(mu+1σ, mu+2σ] (high)",2,2,High
794,80000.0,1400.0,101_800,800.0,800.0,101_800,101.0,3.3367209434509277,3.3367209434509277,3.3367209434509277,8,0.0,0.0,"(mu+1σ, mu+2σ] (high)",2,2,High
795,30000.0,800.0,101_801,801.0,801.0,101_801,101.0,3.780240058898926,3.780240058898926,3.780240058898926,3,0.0,0.0,> mu+2σ (very high),2,2,High
796,110000.0,1600.0,101_802,802.0,802.0,101_802,101.0,3.5606465339660645,3.5606465339660645,3.560646403919567,11,1.3004649757064612e-07,0.0,"(mu+1σ, mu+2σ] (high)",2,2,High
797,30000.0,800.0,101_803,803.0,803.0,101_803,101.0,3.525658130645752,3.525658130645752,3.525658289591471,3,1.5894571925301193e-07,0.0,"(mu+1σ, mu+2σ] (high)",2,2,High
798,30000.0,800.0,101_804,804.0,804.0,101_804,101.0,2.7639119625091553,2.7639119625091553,2.7639118830362954,3,7.947285984855057e-08,0.0,"(mu, mu+1σ] (slightly high)",1,1,Medium
799,20000.0,600.0,101_805,805.0,805.0,101_805,101.0,2.1284573078155518,2.1284573078155518,2.1284573078155518,2,0.0,0.0,"(mu-2σ, mu-1σ] (low)",0,0,Low
800,290000.0,3400.0,101_806,806.0,806.0,101_806,101.0,2.8957011699676514,2.8957011699676514,2.8957009151064117,29,2.548612396680028e-07,0.0,"(mu, mu+1σ] (slightly high)",1,1,Medium
801,130000.0,1800.0,101_807,807.0,807.0,101_807,101.0,3.2994003295898438,3.2994003295898438,3.2994003295898438,13,0.0,0.0,"(mu+1σ, mu+2σ] (high)",2,2,High
802,20000.0,600.0,101_808,808.0,808.0,101_808,101.0,3.290402889251709,3.290402889251709,3.290402889251709,2,0.0,0.0,"(mu+1σ, mu+2σ] (high)",2,2,High
803,10000.0,400.0,101_809,809.0,809.0,101_809,101.0,3.163445472717285,3.163445472717285,3.163445472717285,1,0.0,0.0,"(mu, mu+1σ] (slightly high)",1,1,Medium
804,30000.0,800.0,101_810,810.0,810.0,101_810,101.0,3.4058644771575928,3.4058644771575928,3.405864397684733,3,7.947285984855057e-08,0.0,"(mu+1σ, mu+2σ] (high)",2,2,High
805,20000.0,600.0,101_811,811.0,811.0,101_811,101.0,3.2174277305603027,3.2174277305603027,3.2174277305603027,2,0.0,0.0,"(mu, mu+1σ] (slightly high)",1,1,Medium
806,40000.0,1000.0,101_812,812.0,812.0,101_812,101.0,2.854048728942871,2.854048728942871,2.854048728942871,4,0.0,0.0,"(mu, mu+1σ] (slightly high)",1,1,Medium
807,50000.0,1000.0,101_813,813.0,813.0,101_813,101.0,3.9713432788848877,3.9713432788848877,3.971343231201172,5,4.7683715642676816e-08,0.0,> mu+2σ (very high),2,2,High
808,40000.0,1000.0,101_814,814.0,814.0,101_814,101.0,3.463179111480713,3.463179111480713,3.463179111480713,4,0.0,0.0,"(mu+1σ, mu+2σ] (high)",2,2,High
809,50000.0,1000.0,101_815,815.0,815.0,101_815,101.0,3.5834720134735107,3.5834720134735107,3.5834720611572264,5,4.7683715642676816e-08,0.0,"(mu+1σ, mu+2σ] (high)",2,2,High
810,100000.0,1800.0,101_816,816.0,816.0,101_816,101.0,3.5078303813934326,3.5078303813934326,3.5078304290771483,10,4.7683715642676816e-08,0.0,"(mu+1σ, mu+2σ] (high)",2,2,High
811,30000.0,800.0,101_817,817.0,817.0,101_817,101.0,3.321726083755493,3.321726083755493,3.321726163228353,3,7.947285984855057e-08,0.0,"(mu+1σ, mu+2σ] (high)",2,2,High
812,40000.0,800.0,101_818,818.0,818.0,101_818,101.0,2.2292568683624268,2.2292568683624268,2.2292568683624268,4,0.0,0.0,"(mu-1σ, mu] (slightly low)",1,1,Medium
813,30000.0,800.0,101_819,819.0,819.0,101_819,101.0,3.1436188220977783,3.1436188220977783,3.143618901570638,3,7.947285984855057e-08,0.0,"(mu, mu+1σ] (slightly high)",1,1,Medium
814,20000.0,600.0,101_820,820.0,820.0,101_820,101.0,2.258247137069702,2.258247137069702,2.258247137069702,2,0.0,0.0,"(mu-1σ, mu] (slightly low)",1,1,Medium
815,20000.0,600.0,101_821,821.0,821.0,101_821,101.0,2.6554481983184814,2.6554481983184814,2.6554481983184814,2,0.0,0.0,"(mu-1σ, mu] (slightly low)",1,1,Medium
816,10000.0,400.0,101_822,822.0,822.0,101_822,101.0,2.0803067684173584,2.0803067684173584,2.0803067684173584,1,0.0,0.0,"(mu-2σ, mu-1σ] (low)",0,0,Low
817,30000.0,800.0,101_823,823.0,823.0,101_823,101.0,1.969177007675171,1.969177007675171,1.9691769282023113,3,7.947285962650597e-08,0.0,"(mu-2σ, mu-1σ] (low)",0,0,Low
818,50000.0,1000.0,101_824,824.0,824.0,101_824,101.0,2.367210865020752,2.367210865020752,2.3672107696533202,5,9.536743172944284e-08,0.0,"(mu-1σ, mu] (slightly low)",1,1,Medium
819,30000.0,800.0,101_825,825.0,825.0,101_825,101.0,2.594635248184204,2.594635248184204,2.594635327657064,3,7.947285984855057e-08,0.0,"(mu-1σ, mu] (slightly low)",1,1,Medium
820,70000.0,1200.0,101_826,826.0,826.0,101_826,101.0,3.5924689769744873,3.5924689769744873,3.592468806675502,7,1.7029898513598596e-07,0.0,"(mu+1σ, mu+2σ] (high)",2,2,High
821,10000.0,400.0,101_827,827.0,827.0,101_827,101.0,2.7930688858032227,2.7930688858032227,2.7930688858032227,1,0.0,0.0,"(mu, mu+1σ] (slightly high)",1,1,Medium
822,60000.0,1200.0,101_828,828.0,828.0,101_828,101.0,2.815894603729248,2.815894603729248,2.8158947626749673,6,1.5894571925301193e-07,0.0,"(mu, mu+1σ] (slightly high)",1,1,Medium
823,50000.0,1200.0,101_829,829.0,829.0,101_829,101.0,3.3753750324249268,3.3753750324249268,3.375374984741211,5,4.7683715642676816e-08,0.0,"(mu+1σ, mu+2σ] (high)",2,2,High
824,30000.0,800.0,101_830,830.0,830.0,101_830,101.0,2.8212263584136963,2.8212263584136963,2.821226437886556,3,7.947285984855057e-08,0.0,"(mu, mu+1σ] (slightly high)",1,1,Medium
825,170000.0,1800.0,101_831,831.0,831.0,101_831,101.0,2.191436290740967,2.191436290740967,2.1914363187902115,17,2.8049244704675402e-08,0.0,"(mu-1σ, mu] (slightly low)",1,1,Medium
826,110000.0,1600.0,101_832,832.0,832.0,101_832,101.0,3.1414530277252197,3.1414530277252197,3.1414531360973013,11,1.0837208153091638e-07,0.0,"(mu, mu+1σ] (slightly high)",1,1,Medium
827,220000.0,2200.0,101_833,833.0,833.0,101_833,101.0,1.8252248764038086,1.8252248764038086,1.825225136496804,22,2.600929953633369e-07,0.0,"(mu-2σ, mu-1σ] (low)",0,0,Low
828,20000.0,600.0,101_834,834.0,834.0,101_834,101.0,2.487837314605713,2.487837314605713,2.487837314605713,2,0.0,0.0,"(mu-1σ, mu] (slightly low)",1,1,Medium
829,20000.0,600.0,101_835,835.0,835.0,101_835,101.0,2.3522160053253174,2.3522160053253174,2.3522160053253174,2,0.0,0.0,"(mu-1σ, mu] (slightly low)",1,1,Medium
830,30000.0,800.0,101_836,836.0,836.0,101_836,101.0,2.0588138103485107,2.0588138103485107,2.058813730875651,3,7.947285984855057e-08,0.0,"(mu-2σ, mu-1σ] (low)",0,0,Low
831,50000.0,1000.0,101_837,837.0,837.0,101_837,101.0,2.733588933944702,2.733588933944702,2.733588981628418,5,4.7683715642676816e-08,0.0,"(mu, mu+1σ] (slightly high)",1,1,Medium
832,60000.0,1200.0,101_838,838.0,838.0,101_838,101.0,3.5828053951263428,3.5828053951263428,3.582805315653483,6,7.947285984855057e-08,0.0,"(mu+1σ, mu+2σ] (high)",2,2,High
833,20000.0,600.0,101_839,839.0,839.0,101_839,101.0,2.772742509841919,2.772742509841919,2.772742509841919,2,0.0,0.0,"(mu, mu+1σ] (slightly high)",1,1,Medium
834,40000.0,800.0,101_840,840.0,840.0,101_840,101.0,2.2772409915924072,2.2772409915924072,2.2772409915924072,4,0.0,0.0,"(mu-1σ, mu] (slightly low)",1,1,Medium
835,20000.0,600.0,101_841,841.0,841.0,101_841,101.0,3.4225258827209473,3.4225258827209473,3.4225258827209473,2,0.0,0.0,"(mu+1σ, mu+2σ] (high)",2,2,High
836,40000.0,800.0,101_842,842.0,842.0,101_842,101.0,2.569310188293457,2.569310188293457,2.569310188293457,4,0.0,0.0,"(mu-1σ, mu] (slightly low)",1,1,Medium
837,60000.0,1400.0,101_843,843.0,843.0,101_843,101.0,3.367377519607544,3.367377519607544,3.367377599080404,6,7.947285984855057e-08,0.0,"(mu+1σ, mu+2σ] (high)",2,2,High
838,90000.0,1400.0,101_844,844.0,844.0,101_844,101.0,3.1491169929504395,3.1491169929504395,3.149116939968533,9,5.2981906417670643e-08,0.0,"(mu, mu+1σ] (slightly high)",1,1,Medium
839,350000.0,3000.0,101_845,845.0,845.0,101_845,101.0,3.1491172313690186,3.1491172313690186,3.149117388044085,35,1.5667506625405283e-07,0.0,"(mu, mu+1σ] (slightly high)",1,1,Medium
840,10000.0,400.0,101_846,846.0,846.0,101_846,101.0,2.477008104324341,2.477008104324341,2.477008104324341,1,0.0,0.0,"(mu-1σ, mu] (slightly low)",1,1,Medium
841,20000.0,600.0,101_847,847.0,847.0,101_847,101.0,2.988170862197876,2.988170862197876,2.988170862197876,2,0.0,0.0,"(mu, mu+1σ] (slightly high)",1,1,Medium
842,110000.0,1600.0,101_848,848.0,848.0,101_848,101.0,3.158113956451416,3.158113956451416,3.1581139998002485,11,4.334883252354871e-08,0.0,"(mu, mu+1σ] (slightly high)",1,1,Medium
843,30000.0,800.0,101_849,849.0,849.0,101_849,101.0,2.5356550216674805,2.5356550216674805,2.5356550216674805,3,0.0,0.0,"(mu-1σ, mu] (slightly low)",1,1,Medium
844,40000.0,1000.0,101_850,850.0,850.0,101_850,101.0,3.455681562423706,3.455681562423706,3.455681562423706,4,0.0,0.0,"(mu+1σ, mu+2σ] (high)",2,2,High
845,10000.0,400.0,101_851,851.0,851.0,101_851,101.0,2.8017330169677734,2.8017330169677734,2.8017330169677734,1,0.0,0.0,"(mu, mu+1σ] (slightly high)",1,1,Medium
846,20000.0,600.0,101_852,852.0,852.0,101_852,101.0,2.450350046157837,2.450350046157837,2.450350046157837,2,0.0,0.0,"(mu-1σ, mu] (slightly low)",1,1,Medium
847,10000.0,400.0,101_853,853.0,853.0,101_853,101.0,1.969177007675171,1.969177007675171,1.969177007675171,1,0.0,0.0,"(mu-2σ, mu-1σ] (low)",0,0,Low
848,40000.0,1000.0,101_854,854.0,854.0,101_854,101.0,2.2500834465026855,2.2500834465026855,2.2500834465026855,4,0.0,0.0,"(mu-1σ, mu] (slightly low)",1,1,Medium
849,30000.0,800.0,101_855,855.0,855.0,101_855,101.0,2.721092939376831,2.721092939376831,2.721092859903971,3,7.947285984855057e-08,0.0,"(mu, mu+1σ] (slightly high)",1,1,Medium
850,20000.0,600.0,101_856,856.0,856.0,101_856,101.0,2.643618583679199,2.643618583679199,2.643618583679199,2,0.0,0.0,"(mu-1σ, mu] (slightly low)",1,1,Medium
851,20000.0,600.0,101_857,857.0,857.0,101_857,101.0,2.1797733306884766,2.1797733306884766,2.1797733306884766,2,0.0,0.0,"(mu-1σ, mu] (slightly low)",1,1,Medium
852,20000.0,600.0,101_858,858.0,858.0,101_858,101.0,2.3002333641052246,2.3002333641052246,2.3002333641052246,2,0.0,0.0,"(mu-1σ, mu] (slightly low)",1,1,Medium
853,50000.0,1000.0,101_859,859.0,859.0,101_859,101.0,2.4536821842193604,2.4536821842193604,2.4536821365356447,5,4.7683715642676816e-08,0.0,"(mu-1σ, mu] (slightly low)",1,1,Medium
854,50000.0,1200.0,101_860,860.0,860.0,101_860,101.0,2.4010331630706787,2.4010331630706787,2.4010330200195313,5,1.4305114737211966e-07,0.0,"(mu-1σ, mu] (slightly low)",1,1,Medium
855,10000.0,400.0,101_861,861.0,861.0,101_861,101.0,3.525658130645752,3.525658130645752,3.525658130645752,1,0.0,0.0,"(mu+1σ, mu+2σ] (high)",2,2,High
856,10000.0,400.0,101_862,862.0,862.0,101_862,101.0,3.4723424911499023,3.4723424911499023,3.4723424911499023,1,0.0,0.0,"(mu+1σ, mu+2σ] (high)",2,2,High
857,20000.0,600.0,101_863,863.0,863.0,101_863,101.0,3.500499963760376,3.500499963760376,3.500499963760376,2,0.0,0.0,"(mu+1σ, mu+2σ] (high)",2,2,High
858,20000.0,600.0,101_864,864.0,864.0,101_864,101.0,3.568310499191284,3.568310499191284,3.568310499191284,2,0.0,0.0,"(mu+1σ, mu+2σ] (high)",2,2,High
859,230000.0,2200.0,101_865,865.0,865.0,101_865,101.0,2.6379542350769043,2.6379542350769043,2.637954380201257,23,1.4512435253521971e-07,0.0,"(mu-1σ, mu] (slightly low)",1,1,Medium
860,10000.0,400.0,101_866,866.0,866.0,101_866,101.0,1.8518824577331543,1.8518824577331543,1.8518824577331543,1,0.0,0.0,"(mu-2σ, mu-1σ] (low)",0,0,Low
861,10000.0,400.0,101_867,867.0,867.0,101_867,101.0,1.778407335281372,1.778407335281372,1.778407335281372,1,0.0,0.0,"(mu-2σ, mu-1σ] (low)",0,0,Low
862,10000.0,400.0,101_868,868.0,868.0,101_868,101.0,1.426690936088562,1.426690936088562,1.426690936088562,1,0.0,0.0,<= mu-2σ (very low),0,0,Low
863,20000.0,600.0,101_869,869.0,869.0,101_869,101.0,2.1046319007873535,2.1046319007873535,2.1046319007873535,2,0.0,0.0,"(mu-2σ, mu-1σ] (low)",0,0,Low
864,20000.0,600.0,101_870,870.0,870.0,101_870,101.0,1.5048315525054932,1.5048315525054932,1.5048315525054932,2,0.0,0.0,<= mu-2σ (very low),0,0,Low
865,20000.0,600.0,101_871,871.0,871.0,101_871,101.0,1.7182602882385254,1.7182602882385254,1.7182602882385254,2,0.0,0.0,"(mu-2σ, mu-1σ] (low)",0,0,Low
866,30000.0,800.0,101_872,872.0,872.0,101_872,101.0,1.9055312871932983,1.9055312871932983,1.9055312474568684,3,3.9736429924275285e-08,0.0,"(mu-2σ, mu-1σ] (low)",0,0,Low
867,10000.0,400.0,101_873,873.0,873.0,101_873,101.0,2.1376209259033203,2.1376209259033203,2.1376209259033203,1,0.0,0.0,"(mu-2σ, mu-1σ] (low)",0,0,Low
868,10000.0,400.0,101_874,874.0,874.0,101_874,101.0,1.8872041702270508,1.8872041702270508,1.8872041702270508,1,0.0,0.0,"(mu-2σ, mu-1σ] (low)",0,0,Low
869,20000.0,600.0,101_875,875.0,875.0,101_875,101.0,2.0228257179260254,2.0228257179260254,2.0228257179260254,2,0.0,0.0,"(mu-2σ, mu-1σ] (low)",0,0,Low
870,20000.0,600.0,101_876,876.0,876.0,101_876,101.0,2.3452184200286865,2.3452184200286865,2.3452184200286865,2,0.0,0.0,"(mu-1σ, mu] (slightly low)",1,1,Medium
871,50000.0,1000.0,101_877,877.0,877.0,101_877,101.0,1.9560145139694214,1.9560145139694214,1.9560144424438477,5,7.152557368605983e-08,0.0,"(mu-2σ, mu-1σ] (low)",0,0,Low
872,10000.0,400.0,101_878,878.0,878.0,101_878,101.0,2.5746419429779053,2.5746419429779053,2.5746419429779053,1,0.0,0.0,"(mu-1σ, mu] (slightly low)",1,1,Medium
873,20000.0,600.0,101_879,879.0,879.0,101_879,101.0,1.7650781869888306,1.7650781869888306,1.7650781869888306,2,0.0,0.0,"(mu-2σ, mu-1σ] (low)",0,0,Low
874,10000.0,400.0,101_880,880.0,880.0,101_880,101.0,2.064645290374756,2.064645290374756,2.064645290374756,1,0.0,0.0,"(mu-2σ, mu-1σ] (low)",0,0,Low
875,10000.0,400.0,101_881,881.0,881.0,101_881,101.0,1.8850383758544922,1.8850383758544922,1.8850383758544922,1,0.0,0.0,"(mu-2σ, mu-1σ] (low)",0,0,Low
876,20000.0,600.0,101_882,882.0,882.0,101_882,101.0,1.9125291109085083,1.9125291109085083,1.9125291109085083,2,0.0,0.0,"(mu-2σ, mu-1σ] (low)",0,0,Low
877,10000.0,400.0,101_883,883.0,883.0,101_883,101.0,2.0364878177642822,2.0364878177642822,2.0364878177642822,1,0.0,0.0,"(mu-2σ, mu-1σ] (low)",0,0,Low
878,10000.0,400.0,101_884,884.0,884.0,101_884,101.0,2.1307899951934814,2.1307899951934814,2.1307899951934814,1,0.0,0.0,"(mu-2σ, mu-1σ] (low)",0,0,Low
879,80000.0,1600.0,101_885,885.0,885.0,101_885,101.0,3.272742509841919,3.272742509841919,3.272742748260498,8,2.384185791015625e-07,0.0,"(mu+1σ, mu+2σ] (high)",2,2,High
880,10000.0,400.0,101_886,886.0,886.0,101_886,101.0,1.9286904335021973,1.9286904335021973,1.9286904335021973,1,0.0,0.0,"(mu-2σ, mu-1σ] (low)",0,0,Low
881,20000.0,600.0,101_887,887.0,887.0,101_887,101.0,2.0463178157806396,2.0463178157806396,2.0463178157806396,2,0.0,0.0,"(mu-2σ, mu-1σ] (low)",0,0,Low
882,10000.0,400.0,101_888,888.0,888.0,101_888,101.0,1.8708763122558594,1.8708763122558594,1.8708763122558594,1,0.0,0.0,"(mu-2σ, mu-1σ] (low)",0,0,Low
883,10000.0,400.0,101_889,889.0,889.0,101_889,101.0,2.182605743408203,2.182605743408203,2.182605743408203,1,0.0,0.0,"(mu-1σ, mu] (slightly low)",1,1,Medium
884,10000.0,400.0,101_890,890.0,890.0,101_890,101.0,1.9345216751098633,1.9345216751098633,1.9345216751098633,1,0.0,0.0,"(mu-2σ, mu-1σ] (low)",0,0,Low
885,60000.0,1000.0,101_891,891.0,891.0,101_891,101.0,3.6812727451324463,3.6812727451324463,3.681272824605306,6,7.947285984855057e-08,0.0,"(mu+1σ, mu+2σ] (high)",2,2,High
886,120000.0,1600.0,101_892,892.0,892.0,101_892,101.0,2.956347703933716,2.956347703933716,2.9563477834065757,12,7.947285984855057e-08,0.0,"(mu, mu+1σ] (slightly high)",1,1,Medium
887,290000.0,3200.0,101_894,894.0,894.0,101_894,101.0,3.5476508140563965,3.5476508140563965,3.547650830499057,29,1.644266056644028e-08,0.0,"(mu+1σ, mu+2σ] (high)",2,2,High
888,70000.0,1200.0,101_895,895.0,895.0,101_895,101.0,3.555814504623413,3.555814504623413,3.555814470563616,7,3.4059797204832876e-08,0.0,"(mu+1σ, mu+2σ] (high)",2,2,High
889,20000.0,600.0,101_896,896.0,896.0,101_896,101.0,2.0588135719299316,2.0588135719299316,2.0588135719299316,2,0.0,0.0,"(mu-2σ, mu-1σ] (low)",0,0,Low
890,20000.0,600.0,101_897,897.0,897.0,101_897,101.0,3.4765079021453857,3.4765079021453857,3.4765079021453857,2,0.0,0.0,"(mu+1σ, mu+2σ] (high)",2,2,High
891,30000.0,800.0,101_898,898.0,898.0,101_898,101.0,3.120959520339966,3.120959520339966,3.1209595998128257,3,7.947285984855057e-08,0.0,"(mu, mu+1σ] (slightly high)",1,1,Medium
892,30000.0,800.0,101_899,899.0,899.0,101_899,101.0,2.6022989749908447,2.6022989749908447,2.6022990544637046,3,7.947285984855057e-08,0.0,"(mu-1σ, mu] (slightly low)",1,1,Medium
893,20000.0,600.0,101_900,900.0,900.0,101_900,101.0,2.575641632080078,2.575641632080078,2.575641632080078,2,0.0,0.0,"(mu-1σ, mu] (slightly low)",1,1,Medium
894,50000.0,1200.0,101_901,901.0,901.0,101_901,101.0,3.0141618251800537,3.0141618251800537,3.0141618728637694,5,4.7683715642676816e-08,0.0,"(mu, mu+1σ] (slightly high)",1,1,Medium
895,30000.0,800.0,101_902,902.0,902.0,101_902,101.0,2.665111541748047,2.665111541748047,2.665111541748047,3,0.0,0.0,"(mu-1σ, mu] (slightly low)",1,1,Medium
896,50000.0,1000.0,101_903,903.0,903.0,101_903,101.0,3.081472635269165,3.081472635269165,3.0814725875854494,5,4.7683715642676816e-08,0.0,"(mu, mu+1σ] (slightly high)",1,1,Medium
897,50000.0,1000.0,101_904,904.0,904.0,101_904,101.0,2.8082306385040283,2.8082306385040283,2.8082305908203127,5,4.7683715642676816e-08,0.0,"(mu, mu+1σ] (slightly high)",1,1,Medium
898,60000.0,1000.0,101_905,905.0,905.0,101_905,101.0,2.6362876892089844,2.6362876892089844,2.6362876892089844,6,0.0,0.0,"(mu-1σ, mu] (slightly low)",1,1,Medium
899,80000.0,1200.0,101_906,906.0,906.0,101_906,101.0,3.1821062564849854,3.1821062564849854,3.1821062564849854,8,0.0,0.0,"(mu, mu+1σ] (slightly high)",1,1,Medium
900,90000.0,1600.0,101_907,907.0,907.0,101_907,101.0,3.0088307857513428,3.0088307857513428,3.008830812242296,9,2.6490953430879927e-08,0.0,"(mu, mu+1σ] (slightly high)",1,1,Medium
901,220000.0,2400.0,101_908,908.0,908.0,101_908,101.0,3.2639119625091553,3.2639119625091553,3.2639118541370737,22,1.0837208153091638e-07,0.0,"(mu+1σ, mu+2σ] (high)",2,2,High
902,80000.0,1200.0,101_909,909.0,909.0,101_909,101.0,3.4468510150909424,3.4468510150909424,3.4468510150909424,8,0.0,0.0,"(mu+1σ, mu+2σ] (high)",2,2,High
903,30000.0,800.0,101_910,910.0,910.0,101_910,101.0,3.1614463329315186,3.1614463329315186,3.1614462534586587,3,7.947285984855057e-08,0.0,"(mu, mu+1σ] (slightly high)",1,1,Medium
904,20000.0,600.0,101_911,911.0,911.0,101_911,101.0,3.0141618251800537,3.0141618251800537,3.0141618251800537,2,0.0,0.0,"(mu, mu+1σ] (slightly high)",1,1,Medium
905,10000.0,400.0,101_912,912.0,912.0,101_912,101.0,3.2674107551574707,3.2674107551574707,3.2674107551574707,1,0.0,0.0,"(mu+1σ, mu+2σ] (high)",2,2,High
906,20000.0,600.0,101_913,913.0,913.0,101_913,101.0,3.4208598136901855,3.4208598136901855,3.4208598136901855,2,0.0,0.0,"(mu+1σ, mu+2σ] (high)",2,2,High
907,10000.0,400.0,101_914,914.0,914.0,101_914,101.0,2.6602797508239746,2.6602797508239746,2.6602797508239746,1,0.0,0.0,"(mu-1σ, mu] (slightly low)",1,1,Medium
908,20000.0,600.0,101_915,915.0,915.0,101_915,101.0,2.745418071746826,2.745418071746826,2.745418071746826,2,0.0,0.0,"(mu, mu+1σ] (slightly high)",1,1,Medium
909,20000.0,600.0,101_916,916.0,916.0,101_916,101.0,2.4215264320373535,2.4215264320373535,2.4215264320373535,2,0.0,0.0,"(mu-1σ, mu] (slightly low)",1,1,Medium
910,10000.0,400.0,101_917,917.0,917.0,101_917,101.0,2.2435855865478516,2.2435855865478516,2.2435855865478516,1,0.0,0.0,"(mu-1σ, mu] (slightly low)",1,1,Medium
911,20000.0,600.0,101_918,918.0,918.0,101_918,101.0,1.9821723699569702,1.9821723699569702,1.9821723699569702,2,0.0,0.0,"(mu-2σ, mu-1σ] (low)",0,0,Low
912,10000.0,400.0,101_919,919.0,919.0,101_919,101.0,2.0081639289855957,2.0081639289855957,2.0081639289855957,1,0.0,0.0,"(mu-2σ, mu-1σ] (low)",0,0,Low
913,10000.0,400.0,101_920,920.0,920.0,101_920,101.0,2.1884372234344482,2.1884372234344482,2.1884372234344482,1,0.0,0.0,"(mu-1σ, mu] (slightly low)",1,1,Medium
914,20000.0,600.0,101_921,921.0,921.0,101_921,101.0,2.826890707015991,2.826890707015991,2.826890707015991,2,0.0,0.0,"(mu, mu+1σ] (slightly high)",1,1,Medium
915,10000.0,400.0,101_922,922.0,922.0,101_922,101.0,3.653449058532715,3.653449058532715,3.653449058532715,1,0.0,0.0,"(mu+1σ, mu+2σ] (high)",2,2,High
916,90000.0,1400.0,101_923,923.0,923.0,101_923,101.0,3.089303493499756,3.089303493499756,3.0893035464816623,9,5.2981906417670643e-08,0.0,"(mu, mu+1σ] (slightly high)",1,1,Medium
917,40000.0,1000.0,101_924,924.0,924.0,101_924,101.0,3.335554838180542,3.335554838180542,3.335554838180542,4,0.0,0.0,"(mu+1σ, mu+2σ] (high)",2,2,High
918,30000.0,800.0,101_925,925.0,925.0,101_925,101.0,3.1777737140655518,3.1777737140655518,3.1777737935384116,3,7.947285984855057e-08,0.0,"(mu, mu+1σ] (slightly high)",1,1,Medium
919,20000.0,600.0,101_926,926.0,926.0,101_926,101.0,1.9353547096252441,1.9353547096252441,1.9353547096252441,2,0.0,0.0,"(mu-2σ, mu-1σ] (low)",0,0,Low
920,20000.0,600.0,101_927,927.0,927.0,101_927,101.0,2.4208598136901855,2.4208598136901855,2.4208598136901855,2,0.0,0.0,"(mu-1σ, mu] (slightly low)",1,1,Medium
921,40000.0,800.0,101_928,928.0,928.0,101_928,101.0,2.9978339672088623,2.9978339672088623,2.9978339672088623,4,0.0,0.0,"(mu, mu+1σ] (slightly high)",1,1,Medium
922,10000.0,400.0,101_929,929.0,929.0,101_929,101.0,2.6474509239196777,2.6474509239196777,2.6474509239196777,1,0.0,0.0,"(mu-1σ, mu] (slightly low)",1,1,Medium
923,10000.0,400.0,101_930,930.0,930.0,101_930,101.0,2.627624273300171,2.627624273300171,2.627624273300171,1,0.0,0.0,"(mu-1σ, mu] (slightly low)",1,1,Medium
924,10000.0,400.0,101_931,931.0,931.0,101_931,101.0,2.328057289123535,2.328057289123535,2.328057289123535,1,0.0,0.0,"(mu-1σ, mu] (slightly low)",1,1,Medium
925,10000.0,400.0,101_932,932.0,932.0,101_932,101.0,2.7497498989105225,2.7497498989105225,2.7497498989105225,1,0.0,0.0,"(mu, mu+1σ] (slightly high)",1,1,Medium
926,40000.0,800.0,101_933,933.0,933.0,101_933,101.0,3.1166276931762695,3.1166276931762695,3.1166276931762695,4,0.0,0.0,"(mu, mu+1σ] (slightly high)",1,1,Medium
927,30000.0,800.0,101_934,934.0,934.0,101_934,101.0,1.7940685749053955,1.7940685749053955,1.7940686543782551,3,7.947285962650597e-08,0.0,"(mu-2σ, mu-1σ] (low)",0,0,Low
928,20000.0,600.0,101_935,935.0,935.0,101_935,101.0,2.8257246017456055,2.8257246017456055,2.8257246017456055,2,0.0,0.0,"(mu, mu+1σ] (slightly high)",1,1,Medium
929,20000.0,600.0,101_936,936.0,936.0,101_936,101.0,2.6061313152313232,2.6061313152313232,2.6061313152313232,2,0.0,0.0,"(mu-1σ, mu] (slightly low)",1,1,Medium
930,20000.0,600.0,101_937,937.0,937.0,101_937,101.0,1.6801064014434814,1.6801064014434814,1.6801064014434814,2,0.0,0.0,"(mu-2σ, mu-1σ] (low)",0,0,Low
931,20000.0,600.0,101_938,938.0,938.0,101_938,101.0,2.172609329223633,2.172609329223633,2.172609329223633,2,0.0,0.0,"(mu-2σ, mu-1σ] (low)",0,0,Low
932,20000.0,600.0,101_939,939.0,939.0,101_939,101.0,2.702932596206665,2.702932596206665,2.702932596206665,2,0.0,0.0,"(mu, mu+1σ] (slightly high)",1,1,Medium
933,40000.0,800.0,101_940,940.0,940.0,101_940,101.0,2.747584342956543,2.747584342956543,2.747584342956543,4,0.0,0.0,"(mu, mu+1σ] (slightly high)",1,1,Medium
934,20000.0,600.0,101_941,941.0,941.0,101_941,101.0,2.6541154384613037,2.6541154384613037,2.6541154384613037,2,0.0,0.0,"(mu-1σ, mu] (slightly low)",1,1,Medium
935,20000.0,600.0,101_942,942.0,942.0,101_942,101.0,2.7832391262054443,2.7832391262054443,2.7832391262054443,2,0.0,0.0,"(mu, mu+1σ] (slightly high)",1,1,Medium
936,20000.0,600.0,101_943,943.0,943.0,101_943,101.0,2.500000238418579,2.500000238418579,2.500000238418579,2,0.0,0.0,"(mu-1σ, mu] (slightly low)",1,1,Medium
937,30000.0,800.0,101_944,944.0,944.0,101_944,101.0,2.6724424362182617,2.6724424362182617,2.6724424362182617,3,0.0,0.0,"(mu-1σ, mu] (slightly low)",1,1,Medium
938,30000.0,800.0,101_945,945.0,945.0,101_945,101.0,3.125458002090454,3.125458002090454,3.125458081563314,3,7.947285984855057e-08,0.0,"(mu, mu+1σ] (slightly high)",1,1,Medium
939,20000.0,600.0,101_946,946.0,946.0,101_946,101.0,2.27824068069458,2.27824068069458,2.27824068069458,2,0.0,0.0,"(mu-1σ, mu] (slightly low)",1,1,Medium
940,20000.0,600.0,101_947,947.0,947.0,101_947,101.0,3.094135284423828,3.094135284423828,3.094135284423828,2,0.0,0.0,"(mu, mu+1σ] (slightly high)",1,1,Medium
941,90000.0,1600.0,101_948,948.0,948.0,101_948,101.0,3.0599801540374756,3.0599801540374756,3.059980180528429,9,2.6490953430879927e-08,0.0,"(mu, mu+1σ] (slightly high)",1,1,Medium
942,60000.0,1200.0,101_949,949.0,949.0,101_949,101.0,3.5149948596954346,3.5149948596954346,3.5149949391682944,6,7.947285984855057e-08,0.0,"(mu+1σ, mu+2σ] (high)",2,2,High
943,180000.0,2200.0,101_950,950.0,950.0,101_950,101.0,2.449350357055664,2.449350357055664,2.449350357055664,18,0.0,0.0,"(mu-1σ, mu] (slightly low)",1,1,Medium
944,70000.0,1200.0,101_951,951.0,951.0,101_951,101.0,2.847883939743042,2.847883939743042,2.847883769444057,7,1.7029898513598596e-07,0.0,"(mu, mu+1σ] (slightly high)",1,1,Medium
945,20000.0,600.0,101_952,952.0,952.0,101_952,101.0,2.4076974391937256,2.4076974391937256,2.4076974391937256,2,0.0,0.0,"(mu-1σ, mu] (slightly low)",1,1,Medium
946,30000.0,800.0,101_953,953.0,953.0,101_953,101.0,2.063978910446167,2.063978910446167,2.063978830973307,3,7.947285984855057e-08,0.0,"(mu-2σ, mu-1σ] (low)",0,0,Low
947,20000.0,600.0,101_954,954.0,954.0,101_954,101.0,2.2435855865478516,2.2435855865478516,2.2435855865478516,2,0.0,0.0,"(mu-1σ, mu] (slightly low)",1,1,Medium
948,70000.0,1200.0,101_955,955.0,955.0,101_955,101.0,2.962679147720337,2.962679147720337,2.962679181780134,7,3.4059797204832876e-08,0.0,"(mu, mu+1σ] (slightly high)",1,1,Medium
949,10000.0,400.0,101_956,956.0,956.0,101_956,101.0,2.355881452560425,2.355881452560425,2.355881452560425,1,0.0,0.0,"(mu-1σ, mu] (slightly low)",1,1,Medium
950,60000.0,1200.0,101_957,957.0,957.0,101_957,101.0,2.158113956451416,2.158113956451416,2.1581137975056968,6,1.5894571925301193e-07,0.0,"(mu-2σ, mu-1σ] (low)",0,0,Low
951,10000.0,400.0,101_958,958.0,958.0,101_958,101.0,2.317560911178589,2.317560911178589,2.317560911178589,1,0.0,0.0,"(mu-1σ, mu] (slightly low)",1,1,Medium
952,10000.0,400.0,101_959,959.0,959.0,101_959,101.0,2.2515828609466553,2.2515828609466553,2.2515828609466553,1,0.0,0.0,"(mu-1σ, mu] (slightly low)",1,1,Medium
953,10000.0,400.0,101_960,960.0,960.0,101_960,101.0,2.267744302749634,2.267744302749634,2.267744302749634,1,0.0,0.0,"(mu-1σ, mu] (slightly low)",1,1,Medium
954,30000.0,800.0,101_961,961.0,961.0,101_961,101.0,2.5043320655822754,2.5043320655822754,2.5043320655822754,3,0.0,0.0,"(mu-1σ, mu] (slightly low)",1,1,Medium
955,30000.0,800.0,101_962,962.0,962.0,101_962,101.0,3.5353214740753174,3.5353214740753174,3.5353215535481772,3,7.947285984855057e-08,0.0,"(mu+1σ, mu+2σ] (high)",2,2,High
956,20000.0,600.0,101_963,963.0,963.0,101_963,101.0,1.9111961126327515,1.9111961126327515,1.9111961126327515,2,0.0,0.0,"(mu-2σ, mu-1σ] (low)",0,0,Low
957,10000.0,400.0,101_964,964.0,964.0,101_964,101.0,2.207430839538574,2.207430839538574,2.207430839538574,1,0.0,0.0,"(mu-1σ, mu] (slightly low)",1,1,Medium
958,20000.0,600.0,101_965,965.0,965.0,101_965,101.0,2.7750749588012695,2.7750749588012695,2.7750749588012695,2,0.0,0.0,"(mu, mu+1σ] (slightly high)",1,1,Medium
959,10000.0,400.0,101_966,966.0,966.0,101_966,101.0,2.1292903423309326,2.1292903423309326,2.1292903423309326,1,0.0,0.0,"(mu-2σ, mu-1σ] (low)",0,0,Low
960,20000.0,600.0,101_967,967.0,967.0,101_967,101.0,2.4723427295684814,2.4723427295684814,2.4723427295684814,2,0.0,0.0,"(mu-1σ, mu] (slightly low)",1,1,Medium
961,80000.0,1400.0,101_968,968.0,968.0,101_968,101.0,3.1121294498443604,3.1121294498443604,3.1121294498443604,8,0.0,0.0,"(mu, mu+1σ] (slightly high)",1,1,Medium
962,40000.0,1000.0,101_969,969.0,969.0,101_969,101.0,2.442519426345825,2.442519426345825,2.442519426345825,4,0.0,0.0,"(mu-1σ, mu] (slightly low)",1,1,Medium
963,20000.0,600.0,101_970,970.0,970.0,101_970,101.0,2.8637123107910156,2.8637123107910156,2.8637123107910156,2,0.0,0.0,"(mu, mu+1σ] (slightly high)",1,1,Medium
964,20000.0,600.0,101_971,971.0,971.0,101_971,101.0,3.0234923362731934,3.0234923362731934,3.0234923362731934,2,0.0,0.0,"(mu, mu+1σ] (slightly high)",1,1,Medium
965,10000.0,400.0,101_972,972.0,972.0,101_972,101.0,3.6439521312713623,3.6439521312713623,3.6439521312713623,1,0.0,0.0,"(mu+1σ, mu+2σ] (high)",2,2,High
966,30000.0,800.0,101_973,973.0,973.0,101_973,101.0,3.322892189025879,3.322892189025879,3.322892189025879,3,0.0,0.0,"(mu+1σ, mu+2σ] (high)",2,2,High
967,10000.0,400.0,101_974,974.0,974.0,101_974,101.0,3.6439521312713623,3.6439521312713623,3.6439521312713623,1,0.0,0.0,"(mu+1σ, mu+2σ] (high)",2,2,High
968,20000.0,600.0,101_975,975.0,975.0,101_975,101.0,3.2044317722320557,3.2044317722320557,3.2044317722320557,2,0.0,0.0,"(mu, mu+1σ] (slightly high)",1,1,Medium
969,30000.0,800.0,101_976,976.0,976.0,101_976,101.0,2.334888458251953,2.334888458251953,2.334888458251953,3,0.0,0.0,"(mu-1σ, mu] (slightly low)",1,1,Medium
970,10000.0,400.0,101_977,977.0,977.0,101_977,101.0,3.196600914001465,3.196600914001465,3.196600914001465,1,0.0,0.0,"(mu, mu+1σ] (slightly high)",1,1,Medium
971,10000.0,400.0,101_978,978.0,978.0,101_978,101.0,3.201266288757324,3.201266288757324,3.201266288757324,1,0.0,0.0,"(mu, mu+1σ] (slightly high)",1,1,Medium
972,30000.0,800.0,101_979,979.0,979.0,101_979,101.0,2.2455849647521973,2.2455849647521973,2.2455849647521973,3,0.0,0.0,"(mu-1σ, mu] (slightly low)",1,1,Medium
973,50000.0,1200.0,101_980,980.0,980.0,101_980,101.0,1.9325222969055176,1.9325222969055176,1.9325222015380858,5,9.536743172944284e-08,0.0,"(mu-2σ, mu-1σ] (low)",0,0,Low
974,180000.0,2800.0,101_981,981.0,981.0,101_981,101.0,3.133122205734253,3.133122205734253,3.133122126261393,18,7.947285984855056e-08,0.0,"(mu, mu+1σ] (slightly high)",1,1,Medium
975,40000.0,1000.0,101_982,982.0,982.0,101_982,101.0,2.6351215839385986,2.6351215839385986,2.6351215839385986,4,0.0,0.0,"(mu-1σ, mu] (slightly low)",1,1,Medium
976,10000.0,400.0,101_983,983.0,983.0,101_983,101.0,2.330389976501465,2.330389976501465,2.330389976501465,1,0.0,0.0,"(mu-1σ, mu] (slightly low)",1,1,Medium
977,60000.0,1200.0,101_984,984.0,984.0,101_984,101.0,3.1116294860839844,3.1116294860839844,3.1116294860839844,6,0.0,0.0,"(mu, mu+1σ] (slightly high)",1,1,Medium
978,30000.0,800.0,101_985,985.0,985.0,101_985,101.0,2.473841667175293,2.473841667175293,2.473841667175293,3,0.0,0.0,"(mu-1σ, mu] (slightly low)",1,1,Medium
979,20000.0,600.0,101_986,986.0,986.0,101_986,101.0,2.152282476425171,2.152282476425171,2.152282476425171,2,0.0,0.0,"(mu-2σ, mu-1σ] (low)",0,0,Low
980,30000.0,800.0,101_987,987.0,987.0,101_987,101.0,2.06414532661438,2.06414532661438,2.0641454060872397,3,7.947285984855057e-08,0.0,"(mu-2σ, mu-1σ] (low)",0,0,Low
981,80000.0,1400.0,101_988,988.0,988.0,101_988,101.0,3.5904695987701416,3.5904695987701416,3.5904695987701416,8,0.0,0.0,"(mu+1σ, mu+2σ] (high)",2,2,High
982,60000.0,1000.0,101_989,989.0,989.0,101_989,101.0,3.2169277667999268,3.2169277667999268,3.2169278462727866,6,7.947285984855057e-08,0.0,"(mu, mu+1σ] (slightly high)",1,1,Medium
983,100000.0,1600.0,101_990,990.0,990.0,101_990,101.0,3.4083640575408936,3.4083640575408936,3.408364105224609,10,4.7683715642676816e-08,0.0,"(mu+1σ, mu+2σ] (high)",2,2,High
984,40000.0,1000.0,101_991,991.0,991.0,101_991,101.0,2.3380539417266846,2.3380539417266846,2.3380539417266846,4,0.0,0.0,"(mu-1σ, mu] (slightly low)",1,1,Medium
985,30000.0,800.0,101_992,992.0,992.0,101_992,101.0,2.2685773372650146,2.2685773372650146,2.268577257792155,3,7.947285984855057e-08,0.0,"(mu-1σ, mu] (slightly low)",1,1,Medium
986,80000.0,1400.0,101_993,993.0,993.0,101_993,101.0,3.4353549480438232,3.4353549480438232,3.435354709625244,8,2.384185791015625e-07,0.0,"(mu+1σ, mu+2σ] (high)",2,2,High
987,100000.0,1600.0,101_994,994.0,994.0,101_994,101.0,3.3643786907196045,3.3643786907196045,3.36437873840332,10,4.7683715642676816e-08,0.0,"(mu+1σ, mu+2σ] (high)",2,2,High
988,40000.0,1000.0,101_995,995.0,995.0,101_995,101.0,2.6479506492614746,2.6479506492614746,2.6479506492614746,4,0.0,0.0,"(mu-1σ, mu] (slightly low)",1,1,Medium
989,20000.0,600.0,101_996,996.0,996.0,101_996,101.0,1.5394866466522217,1.5394866466522217,1.5394866466522217,2,0.0,0.0,<= mu-2σ (very low),0,0,Low
990,100000.0,1400.0,101_997,997.0,997.0,101_997,101.0,2.7380876541137695,2.7380876541137695,2.738087463378906,10,1.907348634588857e-07,0.0,"(mu, mu+1σ] (slightly high)",1,1,Medium
991,100000.0,1600.0,101_998,998.0,998.0,101_998,101.0,2.608130693435669,2.608130693435669,2.6081310272216798,10,3.3378601083100534e-07,0.0,"(mu-1σ, mu] (slightly low)",1,1,Medium
992,50000.0,1000.0,101_1000,1000.0,1000.0,101_1000,101.0,2.761579751968384,2.761579751968384,2.761579704284668,5,4.7683715642676816e-08,0.0,"(mu, mu+1σ] (slightly high)",1,1,Medium
993,80000.0,1200.0,101_1001,1001.0,1001.0,101_1001,101.0,3.5468177795410156,3.5468177795410156,3.5468177795410156,8,0.0,0.0,"(mu+1σ, mu+2σ] (high)",2,2,High
994,50000.0,1000.0,101_1002,1002.0,1002.0,101_1002,101.0,3.406697988510132,3.406697988510132,3.4066978454589845,5,1.4305114737211966e-07,0.0,"(mu+1σ, mu+2σ] (high)",2,2,High
995,190000.0,2600.0,101_1003,1003.0,1003.0,101_1003,101.0,2.9665114879608154,2.9665114879608154,2.966511375025699,19,1.1293511636978337e-07,0.0,"(mu, mu+1σ] (slightly high)",1,1,Medium
996,40000.0,1000.0,101_1004,1004.0,1004.0,101_1004,101.0,1.4140284061431885,1.4140284061431885,1.4140284061431885,4,0.0,0.0,<= mu-2σ (very low),0,0,Low
997,30000.0,800.0,101_1005,1005.0,1005.0,101_1005,101.0,2.102965831756592,2.102965831756592,2.102965831756592,3,0.0,0.0,"(mu-2σ, mu-1σ] (low)",0,0,Low
998,40000.0,1000.0,101_1006,1006.0,1006.0,101_1006,101.0,2.6242921352386475,2.6242921352386475,2.6242921352386475,4,0.0,0.0,"(mu-1σ, mu] (slightly low)",1,1,Medium
999,140000.0,1600.0,101_1007,1007.0,1007.0,101_1007,101.0,2.6114628314971924,2.6114628314971924,2.611462729317801,14,1.0217939117040942e-07,0.0,"(mu-1σ, mu] (slightly low)",1,1,Medium
1000,20000.0,600.0,101_1008,1008.0,1008.0,101_1008,101.0,1.9571809768676758,1.9571809768676758,1.9571809768676758,2,0.0,0.0,"(mu-2σ, mu-1σ] (low)",0,0,Low
1001,90000.0,1200.0,101_1009,1009.0,1009.0,101_1009,101.0,3.0854716300964355,3.0854716300964355,3.085471683078342,9,5.2981906417670643e-08,0.0,"(mu, mu+1σ] (slightly high)",1,1,Medium
1002,100000.0,1400.0,101_1010,1010.0,1010.0,101_1010,101.0,2.7755749225616455,2.7755749225616455,2.7755752563476563,10,3.3378601083100534e-07,0.0,"(mu, mu+1σ] (slightly high)",1,1,Medium
1003,70000.0,1200.0,101_1013,1013.0,1013.0,101_1013,101.0,2.4036989212036133,2.4036989212036133,2.403699057442801,7,1.3623918793115308e-07,0.0,"(mu-1σ, mu] (slightly low)",1,1,Medium
1004,90000.0,1200.0,101_1014,1014.0,1014.0,101_1014,101.0,2.555481433868408,2.555481433868408,2.555481380886502,9,5.2981906417670643e-08,0.0,"(mu-1σ, mu] (slightly low)",1,1,Medium
1005,40000.0,800.0,101_1015,1015.0,1015.0,101_1015,101.0,3.4340217113494873,3.4340217113494873,3.4340217113494873,4,0.0,0.0,"(mu+1σ, mu+2σ] (high)",2,2,High
1006,60000.0,1000.0,101_1016,1016.0,1016.0,101_1016,101.0,3.2304234504699707,3.2304234504699707,3.2304232915242515,6,1.5894571925301193e-07,0.0,"(mu+1σ, mu+2σ] (high)",2,2,High
1007,300000.0,2600.0,101_1017,1017.0,1017.0,101_1017,101.0,3.1861045360565186,3.1861045360565186,3.186104329427083,30,2.0662943533977796e-07,0.0,"(mu, mu+1σ] (slightly high)",1,1,Medium
1008,50000.0,1000.0,101_1018,1018.0,1018.0,101_1018,101.0,3.284238576889038,3.284238576889038,3.2842384338378907,5,1.4305114737211966e-07,0.0,"(mu+1σ, mu+2σ] (high)",2,2,High
1009,130000.0,1600.0,101_1019,1019.0,1019.0,101_1019,101.0,2.4705097675323486,2.4705097675323486,2.470509749192458,13,1.833989049515594e-08,0.0,"(mu-1σ, mu] (slightly low)",1,1,Medium
1010,40000.0,800.0,101_1020,1020.0,1020.0,101_1020,101.0,2.0414860248565674,2.0414860248565674,2.0414860248565674,4,0.0,0.0,"(mu-2σ, mu-1σ] (low)",0,0,Low
1011,70000.0,1200.0,101_1021,1021.0,1021.0,101_1021,101.0,2.7230923175811768,2.7230923175811768,2.7230922154017856,7,1.0217939117040942e-07,0.0,"(mu, mu+1σ] (slightly high)",1,1,Medium
1012,190000.0,2200.0,101_1022,1022.0,1022.0,101_1022,101.0,2.9778409004211426,2.9778409004211426,2.977840825131065,19,7.529007772788532e-08,0.0,"(mu, mu+1σ] (slightly high)",1,1,Medium
1013,50000.0,1000.0,101_1023,1023.0,1023.0,101_1023,101.0,3.3113961219787598,3.3113961219787598,3.311396026611328,5,9.536743172944284e-08,0.0,"(mu+1σ, mu+2σ] (high)",2,2,High
1014,40000.0,800.0,101_1024,1024.0,1024.0,101_1024,101.0,2.0663113594055176,2.0663113594055176,2.0663113594055176,4,0.0,0.0,"(mu-2σ, mu-1σ] (low)",0,0,Low
1015,50000.0,1000.0,101_1025,1025.0,1025.0,101_1025,101.0,3.277740716934204,3.277740716934204,3.2777408599853515,5,1.4305114737211966e-07,0.0,"(mu+1σ, mu+2σ] (high)",2,2,High
1016,100000.0,1600.0,101_1026,1026.0,1026.0,101_1026,101.0,3.533155679702759,3.533155679702759,3.533155822753906,10,1.4305114737211966e-07,0.0,"(mu+1σ, mu+2σ] (high)",2,2,High
1017,60000.0,1200.0,101_1027,1027.0,1027.0,101_1027,101.0,3.1761081218719482,3.1761081218719482,3.1761080423990884,6,7.947285984855057e-08,0.0,"(mu, mu+1σ] (slightly high)",1,1,Medium
1018,50000.0,1000.0,101_1028,1028.0,1028.0,101_1028,101.0,3.538320779800415,3.538320779800415,3.5383209228515624,5,1.4305114737211966e-07,0.0,"(mu+1σ, mu+2σ] (high)",2,2,High
1019,70000.0,1200.0,101_1029,1029.0,1029.0,101_1029,101.0,2.1281239986419678,2.1281239986419678,2.1281239645821706,7,3.4059797204832876e-08,0.0,"(mu-2σ, mu-1σ] (low)",0,0,Low
1020,190000.0,2000.0,101_1030,1030.0,1030.0,101_1030,101.0,3.6174604892730713,3.6174604892730713,3.6174605520148027,19,6.274173136588956e-08,0.0,"(mu+1σ, mu+2σ] (high)",2,2,High
1021,40000.0,800.0,101_1031,1031.0,1031.0,101_1031,101.0,3.025324821472168,3.025324821472168,3.025324821472168,4,0.0,0.0,"(mu, mu+1σ] (slightly high)",1,1,Medium
1022,70000.0,1200.0,101_1032,1032.0,1032.0,101_1032,101.0,3.213595390319824,3.213595390319824,3.2135952540806363,7,1.3623918793115308e-07,0.0,"(mu, mu+1σ] (slightly high)",1,1,Medium
1023,170000.0,2400.0,101_1033,1033.0,1033.0,101_1033,101.0,2.601466417312622,2.601466417312622,2.601466459386489,17,4.2073867057013103e-08,0.0,"(mu-1σ, mu] (slightly low)",1,1,Medium
1024,120000.0,1400.0,101_1034,1034.0,1034.0,101_1034,101.0,2.6299567222595215,2.6299567222595215,2.6299568812052407,12,1.5894571925301193e-07,0.0,"(mu-1σ, mu] (slightly low)",1,1,Medium
1025,90000.0,1200.0,101_1035,1035.0,1035.0,101_1035,101.0,2.7649118900299072,2.7649118900299072,2.764911863538954,9,2.6490953430879927e-08,0.0,"(mu, mu+1σ] (slightly high)",1,1,Medium
1026,330000.0,3000.0,101_1036,1036.0,1036.0,101_1036,101.0,3.1734418869018555,3.1734418869018555,3.173442031397964,33,1.4449610841182903e-07,0.0,"(mu, mu+1σ] (slightly high)",1,1,Medium
1027,120000.0,1600.0,101_1037,1037.0,1037.0,101_1037,101.0,2.82222580909729,2.82222580909729,2.82222588857015,12,7.947285984855057e-08,0.0,"(mu, mu+1σ] (slightly high)",1,1,Medium
1028,40000.0,800.0,101_1038,1038.0,1038.0,101_1038,101.0,2.6631124019622803,2.6631124019622803,2.6631124019622803,4,0.0,0.0,"(mu-1σ, mu] (slightly low)",1,1,Medium
1029,50000.0,1000.0,101_1039,1039.0,1039.0,101_1039,101.0,2.303565502166748,2.303565502166748,2.3035655975341798,5,9.536743172944284e-08,0.0,"(mu-1σ, mu] (slightly low)",1,1,Medium
1030,60000.0,1200.0,101_1040,1040.0,1040.0,101_1040,101.0,2.412196159362793,2.412196159362793,2.412196159362793,6,0.0,0.0,"(mu-1σ, mu] (slightly low)",1,1,Medium
1031,50000.0,1000.0,101_1042,1042.0,1042.0,101_1042,101.0,2.3383874893188477,2.3383874893188477,2.3383874893188477,5,0.0,0.0,"(mu-1σ, mu] (slightly low)",1,1,Medium
1032,150000.0,1600.0,101_1043,1043.0,1043.0,101_1043,101.0,2.8902032375335693,2.8902032375335693,2.890203348795573,15,1.1126200361033511e-07,0.0,"(mu, mu+1σ] (slightly high)",1,1,Medium
1033,60000.0,1200.0,101_1044,1044.0,1044.0,101_1044,101.0,3.1414530277252197,3.1414530277252197,3.1414531071980796,6,7.947285984855057e-08,0.0,"(mu, mu+1σ] (slightly high)",1,1,Medium
1034,60000.0,1000.0,101_1045,1045.0,1045.0,101_1045,101.0,2.8512160778045654,2.8512160778045654,2.8512159983317056,6,7.947285984855057e-08,0.0,"(mu, mu+1σ] (slightly high)",1,1,Medium
1035,130000.0,2000.0,101_1046,1046.0,1046.0,101_1046,101.0,2.7950685024261475,2.7950685024261475,2.795068594125601,13,9.169945336395813e-08,0.0,"(mu, mu+1σ] (slightly high)",1,1,Medium
1036,50000.0,1000.0,101_1047,1047.0,1047.0,101_1047,101.0,3.5648114681243896,3.5648114681243896,3.5648113250732423,5,1.4305114737211966e-07,0.0,"(mu+1σ, mu+2σ] (high)",2,2,High
1037,230000.0,2400.0,101_1048,1048.0,1048.0,101_1048,101.0,2.4726760387420654,2.4726760387420654,2.4726758210555366,23,2.176865288028296e-07,0.0,"(mu-1σ, mu] (slightly low)",1,1,Medium
1038,110000.0,1600.0,101_1049,1049.0,1049.0,101_1049,101.0,3.891369581222534,3.891369581222534,3.8913695595481177,11,2.167441648381896e-08,0.0,> mu+2σ (very high),2,2,High
1039,50000.0,1000.0,101_1050,1050.0,1050.0,101_1050,101.0,2.975341796875,2.975341796875,2.975341796875,5,0.0,0.0,"(mu, mu+1σ] (slightly high)",1,1,Medium
1040,40000.0,800.0,101_1051,1051.0,1051.0,101_1051,101.0,1.6544482707977295,1.6544482707977295,1.6544482707977295,4,0.0,0.0,<= mu-2σ (very low),0,0,Low
1041,170000.0,2600.0,101_1052,1052.0,1052.0,101_1052,101.0,2.4390203952789307,2.4390203952789307,2.4390204934512867,17,9.81723560222747e-08,0.0,"(mu-1σ, mu] (slightly low)",1,1,Medium
1042,40000.0,800.0,101_1054,1054.0,1054.0,101_1054,101.0,1.8377206325531006,1.8377206325531006,1.8377206325531006,4,0.0,0.0,"(mu-2σ, mu-1σ] (low)",0,0,Low
1043,80000.0,1400.0,101_1055,1055.0,1055.0,101_1055,101.0,3.076974391937256,3.076974391937256,3.076974391937256,8,0.0,0.0,"(mu, mu+1σ] (slightly high)",1,1,Medium
1044,100000.0,1400.0,101_1056,1056.0,1056.0,101_1056,101.0,1.721426248550415,1.721426248550415,1.7214262008666992,10,4.768371586472143e-08,0.0,"(mu-2σ, mu-1σ] (low)",0,0,Low
1045,90000.0,1400.0,101_1057,1057.0,1057.0,101_1057,101.0,2.3275575637817383,2.3275575637817383,2.3275574578179254,9,1.0596381283534129e-07,0.0,"(mu-1σ, mu] (slightly low)",1,1,Medium
1046,80000.0,1200.0,101_1058,1058.0,1058.0,101_1058,101.0,1.942185878753662,1.942185878753662,1.942185878753662,8,0.0,0.0,"(mu-2σ, mu-1σ] (low)",0,0,Low
1047,40000.0,800.0,101_1059,1059.0,1059.0,101_1059,101.0,2.5844717025756836,2.5844717025756836,2.5844717025756836,4,0.0,0.0,"(mu-1σ, mu] (slightly low)",1,1,Medium
1048,40000.0,800.0,101_1060,1060.0,1060.0,101_1060,101.0,1.9301897287368774,1.9301897287368774,1.9301897287368774,4,0.0,0.0,"(mu-2σ, mu-1σ] (low)",0,0,Low
1049,410000.0,3600.0,101_1061,1061.0,1061.0,101_1061,101.0,3.8942019939422607,3.8942019939422607,3.894202255621189,41,2.6167892830386563e-07,0.0,> mu+2σ (very high),2,2,High
1050,90000.0,1400.0,101_1063,1063.0,1063.0,101_1063,101.0,3.125791311264038,3.125791311264038,3.1257913377549915,9,2.6490953430879927e-08,0.0,"(mu, mu+1σ] (slightly high)",1,1,Medium
1051,40000.0,800.0,101_1064,1064.0,1064.0,101_1064,101.0,3.7072646617889404,3.7072646617889404,3.7072646617889404,4,0.0,0.0,"(mu+1σ, mu+2σ] (high)",2,2,High
1052,110000.0,1600.0,101_1065,1065.0,1065.0,101_1065,101.0,3.0676441192626953,3.0676441192626953,3.0676442926580254,11,1.7339533009419483e-07,0.0,"(mu, mu+1σ] (slightly high)",1,1,Medium
1053,60000.0,1000.0,101_1066,1066.0,1066.0,101_1066,101.0,2.6561145782470703,2.6561145782470703,2.6561145782470703,6,0.0,0.0,"(mu-1σ, mu] (slightly low)",1,1,Medium
1054,270000.0,3200.0,101_1067,1067.0,1067.0,101_1067,101.0,3.555814504623413,3.555814504623413,3.555814954969618,27,4.503462047722451e-07,0.0,"(mu+1σ, mu+2σ] (high)",2,2,High
1055,170000.0,2400.0,101_1068,1068.0,1068.0,101_1068,101.0,2.6314563751220703,2.6314563751220703,2.631456262925092,17,1.121969783746124e-07,0.0,"(mu-1σ, mu] (slightly low)",1,1,Medium
1056,40000.0,800.0,101_1069,1069.0,1069.0,101_1069,101.0,3.2350881099700928,3.2350881099700928,3.2350881099700928,4,0.0,0.0,"(mu+1σ, mu+2σ] (high)",2,2,High
1057,70000.0,1200.0,101_1070,1070.0,1070.0,101_1070,101.0,2.296567916870117,2.296567916870117,2.296567916870117,7,0.0,0.0,"(mu-1σ, mu] (slightly low)",1,1,Medium
1058,270000.0,2400.0,101_1071,1071.0,1071.0,101_1071,101.0,3.6812727451324463,3.6812727451324463,3.681273001211661,27,2.560792147221491e-07,0.0,"(mu+1σ, mu+2σ] (high)",2,2,High
1059,20000.0,600.0,101_1073,1073.0,1073.0,101_1073,101.0,3.6347882747650146,3.6347882747650146,3.6347882747650146,2,0.0,0.0,"(mu+1σ, mu+2σ] (high)",2,2,High
1060,50000.0,1200.0,101_1074,1074.0,1074.0,101_1074,101.0,2.7180943489074707,2.7180943489074707,2.7180944442749024,5,9.536743172944284e-08,0.0,"(mu, mu+1σ] (slightly high)",1,1,Medium
1061,60000.0,1200.0,101_1075,1075.0,1075.0,101_1075,101.0,2.5148284435272217,2.5148284435272217,2.514828364054362,6,7.947285984855057e-08,0.0,"(mu-1σ, mu] (slightly low)",1,1,Medium
1062,40000.0,800.0,101_1076,1076.0,1076.0,101_1076,101.0,1.783738613128662,1.783738613128662,1.783738613128662,4,0.0,0.0,"(mu-2σ, mu-1σ] (low)",0,0,Low
1063,100000.0,1800.0,101_1077,1077.0,1077.0,101_1077,101.0,2.9213595390319824,2.9213595390319824,2.921359825134277,10,2.861022947442393e-07,0.0,"(mu, mu+1σ] (slightly high)",1,1,Medium
1064,50000.0,1000.0,101_1078,1078.0,1078.0,101_1078,101.0,2.797734498977661,2.797734498977661,2.7977344512939455,5,4.7683715642676816e-08,0.0,"(mu, mu+1σ] (slightly high)",1,1,Medium
1065,160000.0,2600.0,101_1079,1079.0,1079.0,101_1079,101.0,3.284072160720825,3.284072160720825,3.284072160720825,16,0.0,0.0,"(mu+1σ, mu+2σ] (high)",2,2,High
1066,30000.0,800.0,101_1081,1081.0,1081.0,101_1081,101.0,2.157447576522827,2.157447576522827,2.1574474970499673,3,7.947285984855057e-08,0.0,"(mu-2σ, mu-1σ] (low)",0,0,Low
1067,30000.0,800.0,101_1082,1082.0,1082.0,101_1082,101.0,3.310563087463379,3.310563087463379,3.310563087463379,3,0.0,0.0,"(mu+1σ, mu+2σ] (high)",2,2,High
1068,20000.0,600.0,101_1083,1083.0,1083.0,101_1083,101.0,2.61979341506958,2.61979341506958,2.61979341506958,2,0.0,0.0,"(mu-1σ, mu] (slightly low)",1,1,Medium
1069,60000.0,1200.0,101_1084,1084.0,1084.0,101_1084,101.0,3.6812727451324463,3.6812727451324463,3.681272824605306,6,7.947285984855057e-08,0.0,"(mu+1σ, mu+2σ] (high)",2,2,High
1070,30000.0,800.0,101_1085,1085.0,1085.0,101_1085,101.0,2.391702890396118,2.391702890396118,2.391702969868978,3,7.947285984855057e-08,0.0,"(mu-1σ, mu] (slightly low)",1,1,Medium
1071,100000.0,1400.0,101_1086,1086.0,1086.0,101_1086,101.0,2.3708767890930176,2.3708767890930176,2.370876693725586,10,9.536743172944286e-08,0.0,"(mu-1σ, mu] (slightly low)",1,1,Medium
1072,130000.0,1800.0,101_1087,1087.0,1087.0,101_1087,101.0,3.4030323028564453,3.4030323028564453,3.4030321561373196,13,1.467191257376044e-07,0.0,"(mu+1σ, mu+2σ] (high)",2,2,High
1073,60000.0,1000.0,101_1088,1088.0,1088.0,101_1088,101.0,3.602132558822632,3.602132558822632,3.602132479349772,6,7.947285984855057e-08,0.0,"(mu+1σ, mu+2σ] (high)",2,2,High
1074,20000.0,600.0,101_1089,1089.0,1089.0,101_1089,101.0,2.1601133346557617,2.1601133346557617,2.1601133346557617,2,0.0,0.0,"(mu-2σ, mu-1σ] (low)",0,0,Low
1075,240000.0,2800.0,101_1090,1090.0,1090.0,101_1090,101.0,3.207764148712158,3.207764148712158,3.2077643076578775,24,1.5894571925301193e-07,0.0,"(mu, mu+1σ] (slightly high)",1,1,Medium
1076,20000.0,600.0,101_1091,1091.0,1091.0,101_1091,101.0,2.8337223529815674,2.8337223529815674,2.8337223529815674,2,0.0,0.0,"(mu, mu+1σ] (slightly high)",1,1,Medium
1077,40000.0,800.0,101_1092,1092.0,1092.0,101_1092,101.0,1.5344884395599365,1.5344884395599365,1.5344884395599365,4,0.0,0.0,<= mu-2σ (very low),0,0,Low
1078,20000.0,600.0,101_1093,1093.0,1093.0,101_1093,101.0,1.9536820650100708,1.9536820650100708,1.9536820650100708,2,0.0,0.0,"(mu-2σ, mu-1σ] (low)",0,0,Low
1079,30000.0,800.0,101_1094,1094.0,1094.0,101_1094,101.0,2.716761350631714,2.716761350631714,2.716761271158854,3,7.947285984855057e-08,0.0,"(mu, mu+1σ] (slightly high)",1,1,Medium
1080,30000.0,800.0,101_1095,1095.0,1095.0,101_1095,101.0,2.1926026344299316,2.1926026344299316,2.1926026344299316,3,0.0,0.0,"(mu-1σ, mu] (slightly low)",1,1,Medium
1081,40000.0,1000.0,101_1097,1097.0,1097.0,101_1097,101.0,2.1941020488739014,2.1941020488739014,2.1941020488739014,4,0.0,0.0,"(mu-1σ, mu] (slightly low)",1,1,Medium
1082,70000.0,1400.0,101_1099,1099.0,1099.0,101_1099,101.0,3.6466176509857178,3.6466176509857178,3.6466176169259206,7,3.4059797204832876e-08,0.0,"(mu+1σ, mu+2σ] (high)",2,2,High
1083,110000.0,1600.0,101_1100,1100.0,1100.0,101_1100,101.0,2.734921455383301,2.734921455383301,2.734921195290305,11,2.600929955853814e-07,0.0,"(mu, mu+1σ] (slightly high)",1,1,Medium
1084,20000.0,600.0,101_1101,1101.0,1101.0,101_1101,101.0,3.264911413192749,3.264911413192749,3.264911413192749,2,0.0,0.0,"(mu+1σ, mu+2σ] (high)",2,2,High
1085,50000.0,1000.0,101_1102,1102.0,1102.0,101_1102,101.0,2.595468282699585,2.595468282699585,2.5954683303833006,5,4.7683715642676816e-08,0.0,"(mu-1σ, mu] (slightly low)",1,1,Medium
1086,20000.0,600.0,101_1103,1103.0,1103.0,101_1103,101.0,2.507330894470215,2.507330894470215,2.507330894470215,2,0.0,0.0,"(mu-1σ, mu] (slightly low)",1,1,Medium
1087,80000.0,1600.0,101_1104,1104.0,1104.0,101_1104,101.0,1.9021990299224854,1.9021990299224854,1.9021990299224854,8,0.0,0.0,"(mu-2σ, mu-1σ] (low)",0,0,Low
1088,20000.0,600.0,101_1105,1105.0,1105.0,101_1105,101.0,2.176441192626953,2.176441192626953,2.176441192626953,2,0.0,0.0,"(mu-2σ, mu-1σ] (low)",0,0,Low
1089,30000.0,800.0,101_1106,1106.0,1106.0,101_1106,101.0,2.0931358337402344,2.0931358337402344,2.0931358337402344,3,0.0,0.0,"(mu-2σ, mu-1σ] (low)",0,0,Low
1090,40000.0,1000.0,101_1107,1107.0,1107.0,101_1107,101.0,2.2955682277679443,2.2955682277679443,2.2955682277679443,4,0.0,0.0,"(mu-1σ, mu] (slightly low)",1,1,Medium
1091,70000.0,1200.0,101_1108,1108.0,1108.0,101_1108,101.0,3.0721423625946045,3.0721423625946045,3.0721421922956194,7,1.7029898513598596e-07,0.0,"(mu, mu+1σ] (slightly high)",1,1,Medium
1092,30000.0,800.0,101_1109,1109.0,1109.0,101_1109,101.0,2.4968345165252686,2.4968345165252686,2.4968344370524087,3,7.947285984855057e-08,0.0,"(mu-1σ, mu] (slightly low)",1,1,Medium
1093,50000.0,1000.0,101_1110,1110.0,1110.0,101_1110,101.0,3.102132558822632,3.102132558822632,3.1021326065063475,5,4.7683715642676816e-08,0.0,"(mu, mu+1σ] (slightly high)",1,1,Medium
1094,220000.0,3000.0,101_1111,1111.0,1111.0,101_1111,101.0,3.245918035507202,3.245918035507202,3.2459179271351206,22,1.0837208153091638e-07,0.0,"(mu+1σ, mu+2σ] (high)",2,2,High
1095,130000.0,2200.0,101_1112,1112.0,1112.0,101_1112,101.0,2.790569543838501,2.790569543838501,2.790569598858173,13,5.5019671929557035e-08,0.0,"(mu, mu+1σ] (slightly high)",1,1,Medium
1096,30000.0,800.0,101_1113,1113.0,1113.0,101_1113,101.0,2.7490835189819336,2.7490835189819336,2.7490835189819336,3,0.0,0.0,"(mu, mu+1σ] (slightly high)",1,1,Medium
1097,40000.0,1000.0,101_1114,1114.0,1114.0,101_1114,101.0,2.1426191329956055,2.1426191329956055,2.1426191329956055,4,0.0,0.0,"(mu-2σ, mu-1σ] (low)",0,0,Low
1098,20000.0,600.0,101_1115,1115.0,1115.0,101_1115,101.0,2.665111541748047,2.665111541748047,2.665111541748047,2,0.0,0.0,"(mu-1σ, mu] (slightly low)",1,1,Medium
1099,160000.0,1800.0,101_1116,1116.0,1116.0,101_1116,101.0,1.9778406620025635,1.9778406620025635,1.9778406620025635,16,0.0,0.0,"(mu-2σ, mu-1σ] (low)",0,0,Low
1100,20000.0,600.0,101_1117,1117.0,1117.0,101_1117,101.0,2.8115625381469727,2.8115625381469727,2.8115625381469727,2,0.0,0.0,"(mu, mu+1σ] (slightly high)",1,1,Medium
1101,60000.0,1400.0,101_1118,1118.0,1118.0,101_1118,101.0,2.5603132247924805,2.5603132247924805,2.5603132247924805,6,0.0,0.0,"(mu-1σ, mu] (slightly low)",1,1,Medium
1102,20000.0,600.0,101_1119,1119.0,1119.0,101_1119,101.0,3.3452181816101074,3.3452181816101074,3.3452181816101074,2,0.0,0.0,"(mu+1σ, mu+2σ] (high)",2,2,High
1103,30000.0,800.0,101_1120,1120.0,1120.0,101_1120,101.0,2.709096908569336,2.709096908569336,2.709096908569336,3,0.0,0.0,"(mu, mu+1σ] (slightly high)",1,1,Medium
1104,40000.0,1000.0,101_1121,1121.0,1121.0,101_1121,101.0,2.030822992324829,2.030822992324829,2.030822992324829,4,0.0,0.0,"(mu-2σ, mu-1σ] (low)",0,0,Low
1105,170000.0,2000.0,101_1122,1122.0,1122.0,101_1122,101.0,2.9151949882507324,2.9151949882507324,2.915195016299977,17,2.8049244704675402e-08,0.0,"(mu, mu+1σ] (slightly high)",1,1,Medium
1106,70000.0,1200.0,101_1123,1123.0,1123.0,101_1123,101.0,2.425691604614258,2.425691604614258,2.425691604614258,7,0.0,0.0,"(mu-1σ, mu] (slightly low)",1,1,Medium
1107,60000.0,1200.0,101_1124,1124.0,1124.0,101_1124,101.0,2.75191593170166,2.75191593170166,2.75191593170166,6,0.0,0.0,"(mu, mu+1σ] (slightly high)",1,1,Medium
1108,250000.0,2600.0,101_1125,1125.0,1125.0,101_1125,101.0,2.5906364917755127,2.5906364917755127,2.5906365966796874,25,1.0490417468034252e-07,0.0,"(mu-1σ, mu] (slightly low)",1,1,Medium
1109,40000.0,800.0,101_1126,1126.0,1126.0,101_1126,101.0,3.0354881286621094,3.0354881286621094,3.0354881286621094,4,0.0,0.0,"(mu, mu+1σ] (slightly high)",1,1,Medium
1110,30000.0,800.0,101_1127,1127.0,1127.0,101_1127,101.0,2.5724759101867676,2.5724759101867676,2.5724759101867676,3,0.0,0.0,"(mu-1σ, mu] (slightly low)",1,1,Medium
1111,30000.0,800.0,101_1128,1128.0,1128.0,101_1128,101.0,3.4523491859436035,3.4523491859436035,3.4523493448893228,3,1.5894571925301193e-07,0.0,"(mu+1σ, mu+2σ] (high)",2,2,High
1112,120000.0,1600.0,101_1129,1129.0,1129.0,101_1129,101.0,3.050816297531128,3.050816297531128,3.0508159001668296,12,3.9736429835457443e-07,0.0,"(mu, mu+1σ] (slightly high)",1,1,Medium
1113,20000.0,600.0,101_1130,1130.0,1130.0,101_1130,101.0,2.588637351989746,2.588637351989746,2.588637351989746,2,0.0,0.0,"(mu-1σ, mu] (slightly low)",1,1,Medium
1114,40000.0,1000.0,101_1131,1131.0,1131.0,101_1131,101.0,3.4285240173339844,3.4285240173339844,3.4285240173339844,4,0.0,0.0,"(mu+1σ, mu+2σ] (high)",2,2,High
1115,20000.0,600.0,101_1132,1132.0,1132.0,101_1132,101.0,2.956847667694092,2.956847667694092,2.956847667694092,2,0.0,0.0,"(mu, mu+1σ] (slightly high)",1,1,Medium
1116,30000.0,800.0,101_1133,1133.0,1133.0,101_1133,101.0,1.9661779403686523,1.9661779403686523,1.9661779403686523,3,0.0,0.0,"(mu-2σ, mu-1σ] (low)",0,0,Low
1117,30000.0,800.0,101_1134,1134.0,1134.0,101_1134,101.0,2.120793104171753,2.120793104171753,2.120793024698893,3,7.947285984855057e-08,0.0,"(mu-2σ, mu-1σ] (low)",0,0,Low
1118,20000.0,600.0,101_1135,1135.0,1135.0,101_1135,101.0,2.2634124755859375,2.2634124755859375,2.2634124755859375,2,0.0,0.0,"(mu-1σ, mu] (slightly low)",1,1,Medium
1119,90000.0,1600.0,101_1136,1136.0,1136.0,101_1136,101.0,3.2070975303649902,3.2070975303649902,3.2070977952745228,9,2.6490953253244243e-07,0.0,"(mu, mu+1σ] (slightly high)",1,1,Medium
1120,30000.0,800.0,101_1137,1137.0,1137.0,101_1137,101.0,2.2424192428588867,2.2424192428588867,2.2424192428588867,3,0.0,0.0,"(mu-1σ, mu] (slightly low)",1,1,Medium
1121,30000.0,800.0,101_1138,1138.0,1138.0,101_1138,101.0,3.361379384994507,3.361379384994507,3.361379305521647,3,7.947285984855057e-08,0.0,"(mu+1σ, mu+2σ] (high)",2,2,High
1122,170000.0,2000.0,101_1139,1139.0,1139.0,101_1139,101.0,2.442686080932617,2.442686080932617,2.4426861931295956,17,1.121969783746124e-07,0.0,"(mu-1σ, mu] (slightly low)",1,1,Medium
1123,20000.0,600.0,101_1140,1140.0,1140.0,101_1140,101.0,2.3763747215270996,2.3763747215270996,2.3763747215270996,2,0.0,0.0,"(mu-1σ, mu] (slightly low)",1,1,Medium
1124,60000.0,1200.0,101_1141,1141.0,1141.0,101_1141,101.0,2.195268392562866,2.195268392562866,2.1952683130900064,6,7.947285984855057e-08,0.0,"(mu-1σ, mu] (slightly low)",1,1,Medium
1125,20000.0,600.0,101_1142,1142.0,1142.0,101_1142,101.0,1.8298900127410889,1.8298900127410889,1.8298900127410889,2,0.0,0.0,"(mu-2σ, mu-1σ] (low)",0,0,Low
1126,30000.0,800.0,101_1143,1143.0,1143.0,101_1143,101.0,2.157447576522827,2.157447576522827,2.1574474970499673,3,7.947285984855057e-08,0.0,"(mu-2σ, mu-1σ] (low)",0,0,Low
1127,60000.0,1000.0,101_1144,1144.0,1144.0,101_1144,101.0,2.651283025741577,2.651283025741577,2.651283105214437,6,7.947285984855057e-08,0.0,"(mu-1σ, mu] (slightly low)",1,1,Medium
1128,160000.0,1800.0,101_1145,1145.0,1145.0,101_1145,101.0,2.7760746479034424,2.7760746479034424,2.7760744094848633,16,2.384185791015625e-07,0.0,"(mu, mu+1σ] (slightly high)",1,1,Medium
1129,20000.0,600.0,101_1146,1146.0,1146.0,101_1146,101.0,2.2059314250946045,2.2059314250946045,2.2059314250946045,2,0.0,0.0,"(mu-1σ, mu] (slightly low)",1,1,Medium
1130,50000.0,1000.0,101_1147,1147.0,1147.0,101_1147,101.0,2.8510499000549316,2.8510499000549316,2.8510498046875,5,9.536743172944284e-08,0.0,"(mu, mu+1σ] (slightly high)",1,1,Medium
1131,50000.0,1000.0,101_1148,1148.0,1148.0,101_1148,101.0,2.656280994415283,2.656280994415283,2.6562808990478515,5,9.536743172944284e-08,0.0,"(mu-1σ, mu] (slightly low)",1,1,Medium
1132,30000.0,800.0,101_1149,1149.0,1149.0,101_1149,101.0,2.240919589996338,2.240919589996338,2.240919589996338,3,0.0,0.0,"(mu-1σ, mu] (slightly low)",1,1,Medium
1133,20000.0,600.0,101_1150,1150.0,1150.0,101_1150,101.0,3.0648117065429688,3.0648117065429688,3.0648117065429688,2,0.0,0.0,"(mu, mu+1σ] (slightly high)",1,1,Medium
1134,40000.0,1000.0,101_1151,1151.0,1151.0,101_1151,101.0,1.9906697273254395,1.9906697273254395,1.9906697273254395,4,0.0,0.0,"(mu-2σ, mu-1σ] (low)",0,0,Low
1135,30000.0,800.0,101_1152,1152.0,1152.0,101_1152,101.0,2.6111297607421875,2.6111297607421875,2.6111297607421875,3,0.0,0.0,"(mu-1σ, mu] (slightly low)",1,1,Medium
1136,20000.0,600.0,101_1153,1153.0,1153.0,101_1153,101.0,2.1351215839385986,2.1351215839385986,2.1351215839385986,2,0.0,0.0,"(mu-2σ, mu-1σ] (low)",0,0,Low
1137,60000.0,1000.0,101_1154,1154.0,1154.0,101_1154,101.0,2.290570020675659,2.290570020675659,2.290570100148519,6,7.947285984855057e-08,0.0,"(mu-1σ, mu] (slightly low)",1,1,Medium
1138,20000.0,600.0,101_1155,1155.0,1155.0,101_1155,101.0,3.58963680267334,3.58963680267334,3.58963680267334,2,0.0,0.0,"(mu+1σ, mu+2σ] (high)",2,2,High
1139,50000.0,1200.0,101_1156,1156.0,1156.0,101_1156,101.0,2.430356740951538,2.430356740951538,2.4303567886352537,5,4.7683715642676816e-08,0.0,"(mu-1σ, mu] (slightly low)",1,1,Medium
1140,40000.0,1000.0,101_1158,1158.0,1158.0,101_1158,101.0,2.480173349380493,2.480173349380493,2.480173349380493,4,0.0,0.0,"(mu-1σ, mu] (slightly low)",1,1,Medium
1141,30000.0,800.0,101_1159,1159.0,1159.0,101_1159,101.0,2.574808359146118,2.574808359146118,2.574808438618978,3,7.947285984855057e-08,0.0,"(mu-1σ, mu] (slightly low)",1,1,Medium
1142,30000.0,800.0,101_1160,1160.0,1160.0,101_1160,101.0,2.5356550216674805,2.5356550216674805,2.5356550216674805,3,0.0,0.0,"(mu-1σ, mu] (slightly low)",1,1,Medium
1143,100000.0,1800.0,101_1161,1161.0,1161.0,101_1161,101.0,2.683772087097168,2.683772087097168,2.6837722778320314,10,1.907348634588857e-07,0.0,"(mu-1σ, mu] (slightly low)",1,1,Medium
1144,40000.0,800.0,101_1162,1162.0,1162.0,101_1162,101.0,2.030822992324829,2.030822992324829,2.030822992324829,4,0.0,0.0,"(mu-2σ, mu-1σ] (low)",0,0,Low
1145,130000.0,1800.0,101_1163,1163.0,1163.0,101_1163,101.0,2.824058771133423,2.824058771133423,2.824058826153095,13,5.5019671929557035e-08,0.0,"(mu, mu+1σ] (slightly high)",1,1,Medium
1146,110000.0,1600.0,101_1164,1164.0,1164.0,101_1164,101.0,3.3753750324249268,3.3753750324249268,3.3753752274946733,11,1.950697465780138e-07,0.0,"(mu+1σ, mu+2σ] (high)",2,2,High
1147,470000.0,3800.0,101_1165,1165.0,1165.0,101_1165,101.0,3.5608127117156982,3.5608127117156982,3.5608127675157912,47,5.580009299066546e-08,0.0,"(mu+1σ, mu+2σ] (high)",2,2,High
1148,200000.0,2400.0,101_1166,1166.0,1166.0,101_1166,101.0,3.014162063598633,3.014162063598633,3.014162063598633,20,0.0,0.0,"(mu, mu+1σ] (slightly high)",1,1,Medium
1149,40000.0,800.0,101_1167,1167.0,1167.0,101_1167,101.0,2.2680773735046387,2.2680773735046387,2.2680773735046387,4,0.0,0.0,"(mu-1σ, mu] (slightly low)",1,1,Medium
1150,20000.0,600.0,101_1168,1168.0,1168.0,101_1168,101.0,2.2042651176452637,2.2042651176452637,2.2042651176452637,2,0.0,0.0,"(mu-1σ, mu] (slightly low)",1,1,Medium
1151,100000.0,1600.0,101_1169,1169.0,1169.0,101_1169,101.0,2.580639600753784,2.580639600753784,2.5806396484375,10,4.7683715642676816e-08,0.0,"(mu-1σ, mu] (slightly low)",1,1,Medium
1152,190000.0,2200.0,101_1170,1170.0,1170.0,101_1170,101.0,3.16377854347229,3.16377854347229,3.163778806987562,19,2.63515271825554e-07,0.0,"(mu, mu+1σ] (slightly high)",1,1,Medium
1153,90000.0,1400.0,101_1172,1172.0,1172.0,101_1172,101.0,3.329390287399292,3.329390287399292,3.3293899959988065,9,2.9140048551923314e-07,0.0,"(mu+1σ, mu+2σ] (high)",2,2,High
1154,40000.0,800.0,101_1173,1173.0,1173.0,101_1173,101.0,2.233588933944702,2.233588933944702,2.233588933944702,4,0.0,0.0,"(mu-1σ, mu] (slightly low)",1,1,Medium
1155,140000.0,1800.0,101_1174,1174.0,1174.0,101_1174,101.0,2.6296236515045166,2.6296236515045166,2.629623685564314,14,3.4059797204832876e-08,0.0,"(mu-1σ, mu] (slightly low)",1,1,Medium
1156,70000.0,1200.0,101_1176,1176.0,1176.0,101_1176,101.0,1.895867943763733,1.895867943763733,1.8958680289132255,7,8.514949256799298e-08,0.0,"(mu-2σ, mu-1σ] (low)",0,0,Low
1157,150000.0,1600.0,101_1177,1177.0,1177.0,101_1177,101.0,2.772908926010132,2.772908926010132,2.7729090372721354,15,1.1126200361033511e-07,0.0,"(mu, mu+1σ] (slightly high)",1,1,Medium
1158,80000.0,1200.0,101_1179,1179.0,1179.0,101_1179,101.0,1.9335219860076904,1.9335219860076904,1.9335219860076904,8,0.0,0.0,"(mu-2σ, mu-1σ] (low)",0,0,Low
1159,250000.0,3000.0,101_1180,1180.0,1180.0,101_1180,101.0,2.5603132247924805,2.5603132247924805,2.5603131103515624,25,1.1444091807533141e-07,0.0,"(mu-1σ, mu] (slightly low)",1,1,Medium
1160,170000.0,2000.0,101_1181,1181.0,1181.0,101_1181,101.0,3.321392774581909,3.321392774581909,3.321392732508042,17,4.2073867057013103e-08,0.0,"(mu+1σ, mu+2σ] (high)",2,2,High
1161,120000.0,1600.0,101_1182,1182.0,1182.0,101_1182,101.0,2.816561460494995,2.816561460494995,2.8165610631306968,12,3.9736429835457443e-07,0.0,"(mu, mu+1σ] (slightly high)",1,1,Medium
1162,110000.0,1400.0,101_1183,1183.0,1183.0,101_1183,101.0,3.156447649002075,3.156447649002075,3.156448017467152,11,3.684650766722086e-07,0.0,"(mu, mu+1σ] (slightly high)",1,1,Medium
1163,50000.0,1000.0,101_1184,1184.0,1184.0,101_1184,101.0,2.2367546558380127,2.2367546558380127,2.236754608154297,5,4.7683715642676816e-08,0.0,"(mu-1σ, mu] (slightly low)",1,1,Medium
1164,130000.0,2000.0,101_1185,1185.0,1185.0,101_1185,101.0,2.8325555324554443,2.8325555324554443,2.8325553307166467,13,2.0173879766716143e-07,0.0,"(mu, mu+1σ] (slightly high)",1,1,Medium
1165,150000.0,1800.0,101_1186,1186.0,1186.0,101_1186,101.0,2.234255313873291,2.234255313873291,2.2342552185058593,15,9.536743172944283e-08,0.0,"(mu-1σ, mu] (slightly low)",1,1,Medium
1166,230000.0,2600.0,101_1187,1187.0,1187.0,101_1187,101.0,2.759580135345459,2.759580135345459,2.759579865828804,23,2.695166547717065e-07,0.0,"(mu, mu+1σ] (slightly high)",1,1,Medium
1167,80000.0,1400.0,101_1188,1188.0,1188.0,101_1188,101.0,2.9906694889068604,2.9906694889068604,2.9906694889068604,8,0.0,0.0,"(mu, mu+1σ] (slightly high)",1,1,Medium
1168,80000.0,1400.0,101_1189,1189.0,1189.0,101_1189,101.0,2.2819063663482666,2.2819063663482666,2.2819063663482666,8,0.0,0.0,"(mu-1σ, mu] (slightly low)",1,1,Medium
1169,200000.0,2600.0,101_1190,1190.0,1190.0,101_1190,101.0,3.3460512161254883,3.3460512161254883,3.346051025390625,20,1.9073486345888568e-07,0.0,"(mu+1σ, mu+2σ] (high)",2,2,High
1170,150000.0,1800.0,101_1191,1191.0,1191.0,101_1191,101.0,2.0029990673065186,2.0029990673065186,2.002998860677083,15,2.0662943533977796e-07,0.0,"(mu-2σ, mu-1σ] (low)",0,0,Low
1171,130000.0,1800.0,101_1192,1192.0,1192.0,101_1192,101.0,2.5793068408966064,2.5793068408966064,2.5793069692758412,13,1.2837923479835922e-07,0.0,"(mu-1σ, mu] (slightly low)",1,1,Medium
1172,50000.0,1000.0,101_1193,1193.0,1193.0,101_1193,101.0,2.233922243118286,2.233922243118286,2.2339221954345705,5,4.7683715642676816e-08,0.0,"(mu-1σ, mu] (slightly low)",1,1,Medium
1173,40000.0,1000.0,101_1194,1194.0,1194.0,101_1194,101.0,2.353882312774658,2.353882312774658,2.353882312774658,4,0.0,0.0,"(mu-1σ, mu] (slightly low)",1,1,Medium
1174,140000.0,1800.0,101_1195,1195.0,1195.0,101_1195,101.0,2.703598737716675,2.703598737716675,2.7035985674176897,14,1.7029898513598596e-07,0.0,"(mu, mu+1σ] (slightly high)",1,1,Medium
1175,80000.0,1400.0,101_1196,1196.0,1196.0,101_1196,101.0,2.1169610023498535,2.1169610023498535,2.1169607639312744,8,2.384185791015625e-07,0.0,"(mu-2σ, mu-1σ] (low)",0,0,Low
1176,100000.0,1600.0,101_1197,1197.0,1197.0,101_1197,101.0,2.177607536315918,2.177607536315918,2.1776077270507814,10,1.907348634588857e-07,0.0,"(mu-2σ, mu-1σ] (low)",0,0,Low
1177,90000.0,1400.0,101_1198,1198.0,1198.0,101_1198,101.0,2.5783073902130127,2.5783073902130127,2.5783074696858725,9,7.947285984855057e-08,0.0,"(mu-1σ, mu] (slightly low)",1,1,Medium
1178,50000.0,1000.0,101_1199,1199.0,1199.0,101_1199,101.0,1.8995333909988403,1.8995333909988403,1.899533462524414,5,7.152557368605983e-08,0.0,"(mu-2σ, mu-1σ] (low)",0,0,Low
1179,270000.0,3200.0,101_1200,1200.0,1200.0,101_1200,101.0,2.987671136856079,2.987671136856079,2.9876711810076677,27,4.4151588607377334e-08,0.0,"(mu, mu+1σ] (slightly high)",1,1,Medium
1180,120000.0,1600.0,101_1201,1201.0,1201.0,101_1201,101.0,2.2364213466644287,2.2364213466644287,2.236421267191569,12,7.947285984855057e-08,0.0,"(mu-1σ, mu] (slightly low)",1,1,Medium
1181,420000.0,3600.0,101_1202,1202.0,1202.0,101_1202,101.0,2.898533582687378,2.898533582687378,2.898533594040644,42,1.1353265882974029e-08,0.0,"(mu, mu+1σ] (slightly high)",1,1,Medium
1182,220000.0,2600.0,101_1204,1204.0,1204.0,101_1204,101.0,2.841386318206787,2.841386318206787,2.8413864482532847,22,1.3004649757064612e-07,0.0,"(mu, mu+1σ] (slightly high)",1,1,Medium
1183,380000.0,3400.0,101_1206,1206.0,1206.0,101_1206,101.0,3.138453960418701,3.138453960418701,3.1384538349352384,38,1.2548346273177913e-07,0.0,"(mu, mu+1σ] (slightly high)",1,1,Medium
1184,320000.0,2800.0,101_1207,1207.0,1207.0,101_1207,101.0,3.353215456008911,3.353215456008911,3.353215456008911,32,0.0,0.0,"(mu+1σ, mu+2σ] (high)",2,2,High
1185,100000.0,1600.0,147_1,1209.0,1.0,147_1,147.0,3.240586280822754,3.240586280822754,3.2405860900878904,10,1.9073486345888568e-07,0.0,"(mu+1σ, mu+2σ] (high)",2,2,High
1186,10000.0,400.0,147_2,1210.0,2.0,147_2,147.0,3.2875707149505615,3.2875707149505615,3.2875707149505615,1,0.0,0.0,"(mu+1σ, mu+2σ] (high)",2,2,High
1187,40000.0,1000.0,147_3,1211.0,3.0,147_3,147.0,2.7002668380737305,2.7002668380737305,2.7002668380737305,4,0.0,0.0,"(mu, mu+1σ] (slightly high)",1,1,Medium
1188,50000.0,1200.0,147_4,1212.0,4.0,147_4,147.0,3.087970733642578,3.087970733642578,3.087970733642578,5,0.0,0.0,"(mu, mu+1σ] (slightly high)",1,1,Medium
1189,10000.0,400.0,147_5,1213.0,5.0,147_5,147.0,2.740586519241333,2.740586519241333,2.740586519241333,1,0.0,0.0,"(mu, mu+1σ] (slightly high)",1,1,Medium
1190,10000.0,400.0,147_6,1214.0,6.0,147_6,147.0,3.2445852756500244,3.2445852756500244,3.2445852756500244,1,0.0,0.0,"(mu+1σ, mu+2σ] (high)",2,2,High
1191,80000.0,1400.0,147_7,1215.0,7.0,147_7,147.0,3.1342885494232178,3.1342885494232178,3.1342885494232178,8,0.0,0.0,"(mu, mu+1σ] (slightly high)",1,1,Medium
1192,10000.0,400.0,147_8,1216.0,8.0,147_8,147.0,2.9768412113189697,2.9768412113189697,2.9768412113189697,1,0.0,0.0,"(mu, mu+1σ] (slightly high)",1,1,Medium
1193,80000.0,1400.0,147_9,1217.0,9.0,147_9,147.0,2.1851048469543457,2.1851048469543457,2.1851046085357666,8,2.384185791015625e-07,0.0,"(mu-1σ, mu] (slightly low)",1,1,Medium
1194,20000.0,600.0,147_10,1218.0,10.0,147_10,147.0,3.144118547439575,3.144118547439575,3.144118547439575,2,0.0,0.0,"(mu, mu+1σ] (slightly high)",1,1,Medium
1195,40000.0,800.0,147_11,1219.0,11.0,147_11,147.0,3.2252581119537354,3.2252581119537354,3.2252581119537354,4,0.0,0.0,"(mu+1σ, mu+2σ] (high)",2,2,High
1196,10000.0,400.0,147_12,1220.0,12.0,147_12,147.0,2.7690768241882324,2.7690768241882324,2.7690768241882324,1,0.0,0.0,"(mu, mu+1σ] (slightly high)",1,1,Medium
1197,20000.0,600.0,147_13,1221.0,13.0,147_13,147.0,2.9338552951812744,2.9338552951812744,2.9338552951812744,2,0.0,0.0,"(mu, mu+1σ] (slightly high)",1,1,Medium
1198,20000.0,600.0,147_14,1222.0,14.0,147_14,147.0,3.030823230743408,3.030823230743408,3.030823230743408,2,0.0,0.0,"(mu, mu+1σ] (slightly high)",1,1,Medium
1199,250000.0,2200.0,147_15,1223.0,15.0,147_15,147.0,2.7932357788085938,2.7932357788085938,2.7932357788085938,25,0.0,0.0,"(mu, mu+1σ] (slightly high)",1,1,Medium
1200,70000.0,1200.0,147_16,1224.0,16.0,147_16,147.0,3.088636636734009,3.088636636734009,3.088636670793806,7,3.4059797204832876e-08,0.0,"(mu, mu+1σ] (slightly high)",1,1,Medium
1201,10000.0,400.0,147_17,1225.0,17.0,147_17,147.0,2.7502498626708984,2.7502498626708984,2.7502498626708984,1,0.0,0.0,"(mu, mu+1σ] (slightly high)",1,1,Medium
1202,10000.0,400.0,147_18,1226.0,18.0,147_18,147.0,2.930522918701172,2.930522918701172,2.930522918701172,1,0.0,0.0,"(mu, mu+1σ] (slightly high)",1,1,Medium
1203,10000.0,400.0,147_19,1227.0,19.0,147_19,147.0,3.1027989387512207,3.1027989387512207,3.1027989387512207,1,0.0,0.0,"(mu, mu+1σ] (slightly high)",1,1,Medium
1204,20000.0,600.0,147_20,1228.0,20.0,147_20,147.0,3.058147430419922,3.058147430419922,3.058147430419922,2,0.0,0.0,"(mu, mu+1σ] (slightly high)",1,1,Medium
1205,180000.0,2200.0,147_21,1229.0,21.0,147_21,147.0,2.71026349067688,2.71026349067688,2.710263146294488,18,3.443823919369038e-07,0.0,"(mu, mu+1σ] (slightly high)",1,1,Medium
1206,30000.0,800.0,147_22,1230.0,22.0,147_22,147.0,2.7550814151763916,2.7550814151763916,2.7550814946492515,3,7.947285984855057e-08,0.0,"(mu, mu+1σ] (slightly high)",1,1,Medium
1207,10000.0,400.0,147_23,1231.0,23.0,147_23,147.0,2.5856382846832275,2.5856382846832275,2.5856382846832275,1,0.0,0.0,"(mu-1σ, mu] (slightly low)",1,1,Medium
1208,20000.0,600.0,147_24,1232.0,24.0,147_24,147.0,2.7182605266571045,2.7182605266571045,2.7182605266571045,2,0.0,0.0,"(mu, mu+1σ] (slightly high)",1,1,Medium
1209,10000.0,400.0,147_25,1233.0,25.0,147_25,147.0,3.007830858230591,3.007830858230591,3.007830858230591,1,0.0,0.0,"(mu, mu+1σ] (slightly high)",1,1,Medium
1210,20000.0,600.0,147_26,1234.0,26.0,147_26,147.0,3.0474841594696045,3.0474841594696045,3.0474841594696045,2,0.0,0.0,"(mu, mu+1σ] (slightly high)",1,1,Medium
1211,10000.0,400.0,147_27,1235.0,27.0,147_27,147.0,2.988003969192505,2.988003969192505,2.988003969192505,1,0.0,0.0,"(mu, mu+1σ] (slightly high)",1,1,Medium
1212,10000.0,400.0,147_28,1236.0,28.0,147_28,147.0,3.1747751235961914,3.1747751235961914,3.1747751235961914,1,0.0,0.0,"(mu, mu+1σ] (slightly high)",1,1,Medium
1213,20000.0,600.0,147_29,1237.0,29.0,147_29,147.0,2.688937187194824,2.688937187194824,2.688937187194824,2,0.0,0.0,"(mu-1σ, mu] (slightly low)",1,1,Medium
1214,20000.0,600.0,147_30,1238.0,30.0,147_30,147.0,3.4543488025665283,3.4543488025665283,3.4543488025665283,2,0.0,0.0,"(mu+1σ, mu+2σ] (high)",2,2,High
1215,10000.0,400.0,147_31,1239.0,31.0,147_31,147.0,3.26741099357605,3.26741099357605,3.26741099357605,1,0.0,0.0,"(mu+1σ, mu+2σ] (high)",2,2,High
1216,10000.0,400.0,147_32,1240.0,32.0,147_32,147.0,2.59513521194458,2.59513521194458,2.59513521194458,1,0.0,0.0,"(mu-1σ, mu] (slightly low)",1,1,Medium
1217,10000.0,400.0,147_33,1241.0,33.0,147_33,147.0,2.987837553024292,2.987837553024292,2.987837553024292,1,0.0,0.0,"(mu, mu+1σ] (slightly high)",1,1,Medium
1218,60000.0,1200.0,147_34,1242.0,34.0,147_34,147.0,3.1557815074920654,3.1557815074920654,3.1557814280192056,6,7.947285984855057e-08,0.0,"(mu, mu+1σ] (slightly high)",1,1,Medium
1219,20000.0,600.0,147_35,1243.0,35.0,147_35,147.0,2.558147668838501,2.558147668838501,2.558147668838501,2,0.0,0.0,"(mu-1σ, mu] (slightly low)",1,1,Medium
1220,10000.0,400.0,147_36,1244.0,36.0,147_36,147.0,2.512995958328247,2.512995958328247,2.512995958328247,1,0.0,0.0,"(mu-1σ, mu] (slightly low)",1,1,Medium
1221,20000.0,600.0,147_37,1245.0,37.0,147_37,147.0,2.8645453453063965,2.8645453453063965,2.8645453453063965,2,0.0,0.0,"(mu, mu+1σ] (slightly high)",1,1,Medium
1222,30000.0,800.0,147_38,1246.0,38.0,147_38,147.0,2.3830392360687256,2.3830392360687256,2.3830391565958657,3,7.947285984855057e-08,0.0,"(mu-1σ, mu] (slightly low)",1,1,Medium
1223,20000.0,600.0,147_39,1247.0,39.0,147_39,147.0,2.7172610759735107,2.7172610759735107,2.7172610759735107,2,0.0,0.0,"(mu, mu+1σ] (slightly high)",1,1,Medium
1224,10000.0,400.0,147_40,1248.0,40.0,147_40,147.0,2.0666446685791016,2.0666446685791016,2.0666446685791016,1,0.0,0.0,"(mu-2σ, mu-1σ] (low)",0,0,Low
1225,40000.0,800.0,147_41,1249.0,41.0,147_41,147.0,3.215428113937378,3.215428113937378,3.215428113937378,4,0.0,0.0,"(mu, mu+1σ] (slightly high)",1,1,Medium
1226,10000.0,400.0,147_42,1250.0,42.0,147_42,147.0,3.0158278942108154,3.0158278942108154,3.0158278942108154,1,0.0,0.0,"(mu, mu+1σ] (slightly high)",1,1,Medium
1227,20000.0,600.0,147_43,1251.0,43.0,147_43,147.0,2.6379542350769043,2.6379542350769043,2.6379542350769043,2,0.0,0.0,"(mu-1σ, mu] (slightly low)",1,1,Medium
1228,10000.0,400.0,147_44,1252.0,44.0,147_44,147.0,2.7830724716186523,2.7830724716186523,2.7830724716186523,1,0.0,0.0,"(mu, mu+1σ] (slightly high)",1,1,Medium
1229,20000.0,600.0,147_45,1253.0,45.0,147_45,147.0,3.1294567584991455,3.1294567584991455,3.1294567584991455,2,0.0,0.0,"(mu, mu+1σ] (slightly high)",1,1,Medium
1230,30000.0,800.0,147_46,1254.0,46.0,147_46,147.0,2.5546483993530273,2.5546483993530273,2.5546483993530273,3,0.0,0.0,"(mu-1σ, mu] (slightly low)",1,1,Medium
1231,10000.0,400.0,147_47,1255.0,47.0,147_47,147.0,1.7337554693222046,1.7337554693222046,1.7337554693222046,1,0.0,0.0,"(mu-2σ, mu-1σ] (low)",0,0,Low
1232,20000.0,600.0,147_48,1256.0,48.0,147_48,147.0,2.40036678314209,2.40036678314209,2.40036678314209,2,0.0,0.0,"(mu-1σ, mu] (slightly low)",1,1,Medium
1233,20000.0,600.0,147_49,1257.0,49.0,147_49,147.0,2.6826059818267822,2.6826059818267822,2.6826059818267822,2,0.0,0.0,"(mu-1σ, mu] (slightly low)",1,1,Medium
1234,20000.0,600.0,147_50,1258.0,50.0,147_50,147.0,2.159613847732544,2.159613847732544,2.159613847732544,2,0.0,0.0,"(mu-2σ, mu-1σ] (low)",0,0,Low
1235,20000.0,600.0,147_51,1259.0,51.0,147_51,147.0,3.1687772274017334,3.1687772274017334,3.1687772274017334,2,0.0,0.0,"(mu, mu+1σ] (slightly high)",1,1,Medium
1236,20000.0,600.0,147_52,1260.0,52.0,147_52,147.0,2.595634937286377,2.595634937286377,2.595634937286377,2,0.0,0.0,"(mu-1σ, mu] (slightly low)",1,1,Medium
1237,10000.0,400.0,147_53,1261.0,53.0,147_53,147.0,2.2759084701538086,2.2759084701538086,2.2759084701538086,1,0.0,0.0,"(mu-1σ, mu] (slightly low)",1,1,Medium
1238,10000.0,400.0,147_54,1262.0,54.0,147_54,147.0,2.6056315898895264,2.6056315898895264,2.6056315898895264,1,0.0,0.0,"(mu-1σ, mu] (slightly low)",1,1,Medium
1239,10000.0,400.0,147_55,1263.0,55.0,147_55,147.0,3.0234923362731934,3.0234923362731934,3.0234923362731934,1,0.0,0.0,"(mu, mu+1σ] (slightly high)",1,1,Medium
1240,20000.0,600.0,147_56,1264.0,56.0,147_56,147.0,2.4976675510406494,2.4976675510406494,2.4976675510406494,2,0.0,0.0,"(mu-1σ, mu] (slightly low)",1,1,Medium
1241,20000.0,600.0,147_57,1265.0,57.0,147_57,147.0,2.7172610759735107,2.7172610759735107,2.7172610759735107,2,0.0,0.0,"(mu, mu+1σ] (slightly high)",1,1,Medium
1242,20000.0,600.0,147_58,1266.0,58.0,147_58,147.0,2.568643808364868,2.568643808364868,2.568643808364868,2,0.0,0.0,"(mu-1σ, mu] (slightly low)",1,1,Medium
1243,10000.0,400.0,147_59,1267.0,59.0,147_59,147.0,1.778407335281372,1.778407335281372,1.778407335281372,1,0.0,0.0,"(mu-2σ, mu-1σ] (low)",0,0,Low
1244,10000.0,400.0,147_60,1268.0,60.0,147_60,147.0,2.7392537593841553,2.7392537593841553,2.7392537593841553,1,0.0,0.0,"(mu, mu+1σ] (slightly high)",1,1,Medium
1245,20000.0,600.0,147_61,1269.0,61.0,147_61,147.0,2.7312564849853516,2.7312564849853516,2.7312564849853516,2,0.0,0.0,"(mu, mu+1σ] (slightly high)",1,1,Medium
1246,10000.0,400.0,147_62,1270.0,62.0,147_62,147.0,3.2679107189178467,3.2679107189178467,3.2679107189178467,1,0.0,0.0,"(mu+1σ, mu+2σ] (high)",2,2,High
1247,20000.0,600.0,147_63,1271.0,63.0,147_63,147.0,2.930356740951538,2.930356740951538,2.930356740951538,2,0.0,0.0,"(mu, mu+1σ] (slightly high)",1,1,Medium
1248,10000.0,400.0,147_64,1272.0,64.0,147_64,147.0,1.778407096862793,1.778407096862793,1.778407096862793,1,0.0,0.0,"(mu-2σ, mu-1σ] (low)",0,0,Low
1249,20000.0,600.0,147_65,1273.0,65.0,147_65,147.0,2.5733091831207275,2.5733091831207275,2.5733091831207275,2,0.0,0.0,"(mu-1σ, mu] (slightly low)",1,1,Medium
1250,10000.0,400.0,147_66,1274.0,66.0,147_66,147.0,2.5461513996124268,2.5461513996124268,2.5461513996124268,1,0.0,0.0,"(mu-1σ, mu] (slightly low)",1,1,Medium
1251,20000.0,600.0,147_67,1275.0,67.0,147_67,147.0,2.6122958660125732,2.6122958660125732,2.6122958660125732,2,0.0,0.0,"(mu-1σ, mu] (slightly low)",1,1,Medium
1252,20000.0,600.0,147_68,1276.0,68.0,147_68,147.0,2.631789445877075,2.631789445877075,2.631789445877075,2,0.0,0.0,"(mu-1σ, mu] (slightly low)",1,1,Medium
1253,40000.0,1000.0,147_69,1277.0,69.0,147_69,147.0,2.5029990673065186,2.5029990673065186,2.5029990673065186,4,0.0,0.0,"(mu-1σ, mu] (slightly low)",1,1,Medium
1254,10000.0,400.0,147_70,1278.0,70.0,147_70,147.0,2.4518494606018066,2.4518494606018066,2.4518494606018066,1,0.0,0.0,"(mu-1σ, mu] (slightly low)",1,1,Medium
1255,10000.0,400.0,147_71,1279.0,71.0,147_71,147.0,2.5176608562469482,2.5176608562469482,2.5176608562469482,1,0.0,0.0,"(mu-1σ, mu] (slightly low)",1,1,Medium
1256,10000.0,400.0,147_72,1280.0,72.0,147_72,147.0,2.145285129547119,2.145285129547119,2.145285129547119,1,0.0,0.0,"(mu-2σ, mu-1σ] (low)",0,0,Low
1257,30000.0,800.0,147_73,1281.0,73.0,147_73,147.0,2.829056978225708,2.829056978225708,2.829057057698568,3,7.947285984855057e-08,0.0,"(mu, mu+1σ] (slightly high)",1,1,Medium
1258,20000.0,600.0,147_74,1282.0,74.0,147_74,147.0,3.0551483631134033,3.0551483631134033,3.0551483631134033,2,0.0,0.0,"(mu, mu+1σ] (slightly high)",1,1,Medium
1259,20000.0,600.0,147_75,1283.0,75.0,147_75,147.0,2.7444188594818115,2.7444188594818115,2.7444188594818115,2,0.0,0.0,"(mu, mu+1σ] (slightly high)",1,1,Medium
1260,20000.0,600.0,147_76,1284.0,76.0,147_76,147.0,3.030989646911621,3.030989646911621,3.030989646911621,2,0.0,0.0,"(mu, mu+1σ] (slightly high)",1,1,Medium
1261,40000.0,1000.0,147_77,1285.0,77.0,147_77,147.0,2.898367166519165,2.898367166519165,2.898367166519165,4,0.0,0.0,"(mu, mu+1σ] (slightly high)",1,1,Medium
1262,10000.0,400.0,147_78,1286.0,78.0,147_78,147.0,3.271575927734375,3.271575927734375,3.271575927734375,1,0.0,0.0,"(mu+1σ, mu+2σ] (high)",2,2,High
1263,20000.0,600.0,147_79,1287.0,79.0,147_79,147.0,2.1409530639648438,2.1409530639648438,2.1409530639648438,2,0.0,0.0,"(mu-2σ, mu-1σ] (low)",0,0,Low
1264,10000.0,400.0,147_80,1288.0,80.0,147_80,147.0,2.158113956451416,2.158113956451416,2.158113956451416,1,0.0,0.0,"(mu-2σ, mu-1σ] (low)",0,0,Low
1265,10000.0,400.0,147_81,1289.0,81.0,147_81,147.0,2.30989670753479,2.30989670753479,2.30989670753479,1,0.0,0.0,"(mu-1σ, mu] (slightly low)",1,1,Medium
1266,20000.0,600.0,147_82,1290.0,82.0,147_82,147.0,2.6112964153289795,2.6112964153289795,2.6112964153289795,2,0.0,0.0,"(mu-1σ, mu] (slightly low)",1,1,Medium
1267,40000.0,1000.0,147_83,1291.0,83.0,147_83,147.0,2.449350357055664,2.449350357055664,2.449350357055664,4,0.0,0.0,"(mu-1σ, mu] (slightly low)",1,1,Medium
1268,10000.0,400.0,147_84,1292.0,84.0,147_84,147.0,2.5229923725128174,2.5229923725128174,2.5229923725128174,1,0.0,0.0,"(mu-1σ, mu] (slightly low)",1,1,Medium
1269,30000.0,800.0,147_85,1293.0,85.0,147_85,147.0,2.480340003967285,2.480340003967285,2.480340003967285,3,0.0,0.0,"(mu-1σ, mu] (slightly low)",1,1,Medium
1270,20000.0,600.0,147_86,1294.0,86.0,147_86,147.0,2.519160270690918,2.519160270690918,2.519160270690918,2,0.0,0.0,"(mu-1σ, mu] (slightly low)",1,1,Medium
1271,10000.0,400.0,147_87,1295.0,87.0,147_87,147.0,2.77974009513855,2.77974009513855,2.77974009513855,1,0.0,0.0,"(mu, mu+1σ] (slightly high)",1,1,Medium
1272,20000.0,600.0,147_88,1296.0,88.0,147_88,147.0,2.2687439918518066,2.2687439918518066,2.2687439918518066,2,0.0,0.0,"(mu-1σ, mu] (slightly low)",1,1,Medium
1273,20000.0,600.0,147_89,1297.0,89.0,147_89,147.0,2.309896945953369,2.309896945953369,2.309896945953369,2,0.0,0.0,"(mu-1σ, mu] (slightly low)",1,1,Medium
1274,20000.0,600.0,147_90,1298.0,90.0,147_90,147.0,2.0864713191986084,2.0864713191986084,2.0864713191986084,2,0.0,0.0,"(mu-2σ, mu-1σ] (low)",0,0,Low
1275,20000.0,600.0,147_91,1299.0,91.0,147_91,147.0,2.531822919845581,2.531822919845581,2.531822919845581,2,0.0,0.0,"(mu-1σ, mu] (slightly low)",1,1,Medium
1276,10000.0,400.0,147_92,1300.0,92.0,147_92,147.0,2.595634937286377,2.595634937286377,2.595634937286377,1,0.0,0.0,"(mu-1σ, mu] (slightly low)",1,1,Medium
1277,20000.0,600.0,147_93,1301.0,93.0,147_93,147.0,3.2325892448425293,3.2325892448425293,3.2325892448425293,2,0.0,0.0,"(mu+1σ, mu+2σ] (high)",2,2,High
1278,40000.0,1000.0,147_94,1302.0,94.0,147_94,147.0,3.4266910552978516,3.4266910552978516,3.4266910552978516,4,0.0,0.0,"(mu+1σ, mu+2σ] (high)",2,2,High
1279,80000.0,1200.0,147_95,1303.0,95.0,147_95,147.0,3.125957727432251,3.125957727432251,3.125957727432251,8,0.0,0.0,"(mu, mu+1σ] (slightly high)",1,1,Medium
1280,10000.0,400.0,147_96,1304.0,96.0,147_96,147.0,2.625624895095825,2.625624895095825,2.625624895095825,1,0.0,0.0,"(mu-1σ, mu] (slightly low)",1,1,Medium
1281,10000.0,400.0,147_97,1305.0,97.0,147_97,147.0,3.006664514541626,3.006664514541626,3.006664514541626,1,0.0,0.0,"(mu, mu+1σ] (slightly high)",1,1,Medium
1282,20000.0,600.0,147_98,1306.0,98.0,147_98,147.0,2.607297658920288,2.607297658920288,2.607297658920288,2,0.0,0.0,"(mu-1σ, mu] (slightly low)",1,1,Medium
1283,10000.0,400.0,147_99,1307.0,99.0,147_99,147.0,2.575641632080078,2.575641632080078,2.575641632080078,1,0.0,0.0,"(mu-1σ, mu] (slightly low)",1,1,Medium
1284,50000.0,1000.0,147_100,1308.0,100.0,147_100,147.0,3.3708763122558594,3.3708763122558594,3.3708763122558594,5,0.0,0.0,"(mu+1σ, mu+2σ] (high)",2,2,High
1285,30000.0,800.0,147_101,1309.0,101.0,147_101,147.0,2.354548692703247,2.354548692703247,2.354548772176107,3,7.947285984855057e-08,0.0,"(mu-1σ, mu] (slightly low)",1,1,Medium
1286,20000.0,600.0,147_102,1310.0,102.0,147_102,147.0,3.125957727432251,3.125957727432251,3.125957727432251,2,0.0,0.0,"(mu, mu+1σ] (slightly high)",1,1,Medium
1287,20000.0,600.0,147_103,1311.0,103.0,147_103,147.0,2.5481507778167725,2.5481507778167725,2.5481507778167725,2,0.0,0.0,"(mu-1σ, mu] (slightly low)",1,1,Medium
1288,10000.0,400.0,147_104,1312.0,104.0,147_104,147.0,2.72109317779541,2.72109317779541,2.72109317779541,1,0.0,0.0,"(mu, mu+1σ] (slightly high)",1,1,Medium
1289,20000.0,600.0,147_105,1313.0,105.0,147_105,147.0,2.7582476139068604,2.7582476139068604,2.7582476139068604,2,0.0,0.0,"(mu, mu+1σ] (slightly high)",1,1,Medium
1290,20000.0,600.0,147_106,1314.0,106.0,147_106,147.0,3.1949350833892822,3.1949350833892822,3.1949350833892822,2,0.0,0.0,"(mu, mu+1σ] (slightly high)",1,1,Medium
1291,40000.0,1000.0,147_107,1315.0,107.0,147_107,147.0,2.918360710144043,2.918360710144043,2.918360710144043,4,0.0,0.0,"(mu, mu+1σ] (slightly high)",1,1,Medium
1292,10000.0,400.0,147_108,1316.0,108.0,147_108,147.0,3.196601390838623,3.196601390838623,3.196601390838623,1,0.0,0.0,"(mu, mu+1σ] (slightly high)",1,1,Medium
1293,30000.0,800.0,147_109,1317.0,109.0,147_109,147.0,2.886371374130249,2.886371374130249,2.886371294657389,3,7.947285984855057e-08,0.0,"(mu, mu+1σ] (slightly high)",1,1,Medium
1294,130000.0,2000.0,147_110,1318.0,110.0,147_110,147.0,2.6032989025115967,2.6032989025115967,2.603299067570613,13,1.6505901623276031e-07,0.0,"(mu-1σ, mu] (slightly low)",1,1,Medium
1295,20000.0,600.0,147_111,1319.0,111.0,147_111,147.0,3.3118960857391357,3.3118960857391357,3.3118960857391357,2,0.0,0.0,"(mu+1σ, mu+2σ] (high)",2,2,High
1296,30000.0,800.0,147_112,1320.0,112.0,147_112,147.0,2.8447182178497314,2.8447182178497314,2.8447182973225913,3,7.947285984855057e-08,0.0,"(mu, mu+1σ] (slightly high)",1,1,Medium
1297,30000.0,800.0,147_113,1321.0,113.0,147_113,147.0,2.886704444885254,2.886704444885254,2.886704444885254,3,0.0,0.0,"(mu, mu+1σ] (slightly high)",1,1,Medium
1298,20000.0,600.0,147_114,1322.0,114.0,147_114,147.0,3.1937689781188965,3.1937689781188965,3.1937689781188965,2,0.0,0.0,"(mu, mu+1σ] (slightly high)",1,1,Medium
1299,30000.0,800.0,147_115,1323.0,115.0,147_115,147.0,3.1047985553741455,3.1047985553741455,3.1047986348470054,3,7.947285984855057e-08,0.0,"(mu, mu+1σ] (slightly high)",1,1,Medium
1300,30000.0,800.0,147_116,1324.0,116.0,147_116,147.0,2.721426486968994,2.721426486968994,2.7214266459147134,3,1.5894571925301193e-07,0.0,"(mu, mu+1σ] (slightly high)",1,1,Medium
1301,20000.0,600.0,147_117,1325.0,117.0,147_117,147.0,2.652615785598755,2.652615785598755,2.652615785598755,2,0.0,0.0,"(mu-1σ, mu] (slightly low)",1,1,Medium
1302,20000.0,600.0,147_118,1326.0,118.0,147_118,147.0,3.0021660327911377,3.0021660327911377,3.0021660327911377,2,0.0,0.0,"(mu, mu+1σ] (slightly high)",1,1,Medium
1303,10000.0,400.0,147_119,1327.0,119.0,147_119,147.0,3.4540154933929443,3.4540154933929443,3.4540154933929443,1,0.0,0.0,"(mu+1σ, mu+2σ] (high)",2,2,High
1304,10000.0,400.0,147_120,1328.0,120.0,147_120,147.0,3.119293689727783,3.119293689727783,3.119293689727783,1,0.0,0.0,"(mu, mu+1σ] (slightly high)",1,1,Medium
1305,20000.0,600.0,147_121,1329.0,121.0,147_121,147.0,3.2579140663146973,3.2579140663146973,3.2579140663146973,2,0.0,0.0,"(mu+1σ, mu+2σ] (high)",2,2,High
1306,10000.0,400.0,147_122,1330.0,122.0,147_122,147.0,2.650949478149414,2.650949478149414,2.650949478149414,1,0.0,0.0,"(mu-1σ, mu] (slightly low)",1,1,Medium
1307,10000.0,400.0,147_123,1331.0,123.0,147_123,147.0,3.1257917881011963,3.1257917881011963,3.1257917881011963,1,0.0,0.0,"(mu, mu+1σ] (slightly high)",1,1,Medium
1308,10000.0,400.0,147_124,1332.0,124.0,147_124,147.0,3.061479330062866,3.061479330062866,3.061479330062866,1,0.0,0.0,"(mu, mu+1σ] (slightly high)",1,1,Medium
1309,20000.0,600.0,147_125,1333.0,125.0,147_125,147.0,2.558480739593506,2.558480739593506,2.558480739593506,2,0.0,0.0,"(mu-1σ, mu] (slightly low)",1,1,Medium
1310,30000.0,800.0,147_126,1334.0,126.0,147_126,147.0,2.9765079021453857,2.9765079021453857,2.976507822672526,3,7.947285984855057e-08,0.0,"(mu, mu+1σ] (slightly high)",1,1,Medium
1311,10000.0,400.0,147_127,1335.0,127.0,147_127,147.0,2.9775075912475586,2.9775075912475586,2.9775075912475586,1,0.0,0.0,"(mu, mu+1σ] (slightly high)",1,1,Medium
1312,40000.0,1000.0,147_128,1336.0,128.0,147_128,147.0,3.1542818546295166,3.1542818546295166,3.1542818546295166,4,0.0,0.0,"(mu, mu+1σ] (slightly high)",1,1,Medium
1313,20000.0,600.0,147_129,1337.0,129.0,147_129,147.0,3.8775408267974854,3.8775408267974854,3.8775408267974854,2,0.0,0.0,> mu+2σ (very high),2,2,High
1314,20000.0,600.0,147_130,1338.0,130.0,147_130,147.0,3.095134735107422,3.095134735107422,3.095134735107422,2,0.0,0.0,"(mu, mu+1σ] (slightly high)",1,1,Medium
1315,60000.0,1000.0,147_131,1339.0,131.0,147_131,147.0,2.5729756355285645,2.5729756355285645,2.572975476582845,6,1.5894571925301193e-07,0.0,"(mu-1σ, mu] (slightly low)",1,1,Medium
1316,10000.0,400.0,147_132,1340.0,132.0,147_132,147.0,2.9721760749816895,2.9721760749816895,2.9721760749816895,1,0.0,0.0,"(mu, mu+1σ] (slightly high)",1,1,Medium
1317,140000.0,1600.0,147_133,1341.0,133.0,147_133,147.0,2.6666111946105957,2.6666111946105957,2.666610990251814,14,2.0435878189672962e-07,0.0,"(mu-1σ, mu] (slightly low)",1,1,Medium
1318,20000.0,600.0,147_134,1342.0,134.0,147_134,147.0,2.6302900314331055,2.6302900314331055,2.6302900314331055,2,0.0,0.0,"(mu-1σ, mu] (slightly low)",1,1,Medium
1319,10000.0,400.0,147_135,1343.0,135.0,147_135,147.0,3.3563809394836426,3.3563809394836426,3.3563809394836426,1,0.0,0.0,"(mu+1σ, mu+2σ] (high)",2,2,High
1320,20000.0,600.0,147_136,1344.0,136.0,147_136,147.0,2.279906988143921,2.279906988143921,2.279906988143921,2,0.0,0.0,"(mu-1σ, mu] (slightly low)",1,1,Medium
1321,30000.0,800.0,147_137,1345.0,137.0,147_137,147.0,3.069976806640625,3.069976806640625,3.069976806640625,3,0.0,0.0,"(mu, mu+1σ] (slightly high)",1,1,Medium
1322,20000.0,600.0,147_138,1346.0,138.0,147_138,147.0,2.68310546875,2.68310546875,2.68310546875,2,0.0,0.0,"(mu-1σ, mu] (slightly low)",1,1,Medium
1323,20000.0,600.0,147_139,1347.0,139.0,147_139,147.0,3.1047985553741455,3.1047985553741455,3.1047985553741455,2,0.0,0.0,"(mu, mu+1σ] (slightly high)",1,1,Medium
1324,20000.0,600.0,147_140,1348.0,140.0,147_140,147.0,3.569976568222046,3.569976568222046,3.569976568222046,2,0.0,0.0,"(mu+1σ, mu+2σ] (high)",2,2,High
1325,20000.0,600.0,147_141,1349.0,141.0,147_141,147.0,3.335554599761963,3.335554599761963,3.335554599761963,2,0.0,0.0,"(mu+1σ, mu+2σ] (high)",2,2,High
1326,30000.0,800.0,147_142,1350.0,142.0,147_142,147.0,3.2957346439361572,3.2957346439361572,3.295734723409017,3,7.947285984855057e-08,0.0,"(mu+1σ, mu+2σ] (high)",2,2,High
1327,30000.0,800.0,147_143,1351.0,143.0,147_143,147.0,3.145617961883545,3.145617961883545,3.1456178029378257,3,1.5894571925301193e-07,0.0,"(mu, mu+1σ] (slightly high)",1,1,Medium
1328,30000.0,800.0,147_144,1352.0,144.0,147_144,147.0,3.0904698371887207,3.0904698371887207,3.09046999613444,3,1.5894571925301193e-07,0.0,"(mu, mu+1σ] (slightly high)",1,1,Medium
1329,10000.0,400.0,147_145,1353.0,145.0,147_145,147.0,3.3018991947174072,3.3018991947174072,3.3018991947174072,1,0.0,0.0,"(mu+1σ, mu+2σ] (high)",2,2,High
1330,20000.0,600.0,147_146,1354.0,146.0,147_146,147.0,2.9531824588775635,2.9531824588775635,2.9531824588775635,2,0.0,0.0,"(mu, mu+1σ] (slightly high)",1,1,Medium
1331,10000.0,400.0,147_147,1355.0,147.0,147_147,147.0,2.893035888671875,2.893035888671875,2.893035888671875,1,0.0,0.0,"(mu, mu+1σ] (slightly high)",1,1,Medium
1332,20000.0,600.0,147_148,1356.0,148.0,147_148,147.0,3.0611462593078613,3.0611462593078613,3.0611462593078613,2,0.0,0.0,"(mu, mu+1σ] (slightly high)",1,1,Medium
1333,10000.0,400.0,147_149,1357.0,149.0,147_149,147.0,2.974675178527832,2.974675178527832,2.974675178527832,1,0.0,0.0,"(mu, mu+1σ] (slightly high)",1,1,Medium
1334,20000.0,600.0,147_150,1358.0,150.0,147_150,147.0,3.1287903785705566,3.1287903785705566,3.1287903785705566,2,0.0,0.0,"(mu, mu+1σ] (slightly high)",1,1,Medium
1335,20000.0,600.0,147_151,1359.0,151.0,147_151,147.0,2.6557815074920654,2.6557815074920654,2.6557815074920654,2,0.0,0.0,"(mu-1σ, mu] (slightly low)",1,1,Medium
1336,10000.0,400.0,147_152,1360.0,152.0,147_152,147.0,2.621626377105713,2.621626377105713,2.621626377105713,1,0.0,0.0,"(mu-1σ, mu] (slightly low)",1,1,Medium
1337,10000.0,400.0,147_153,1361.0,153.0,147_153,147.0,2.1811063289642334,2.1811063289642334,2.1811063289642334,1,0.0,0.0,"(mu-1σ, mu] (slightly low)",1,1,Medium
1338,20000.0,600.0,147_154,1362.0,154.0,147_154,147.0,3.5031654834747314,3.5031654834747314,3.5031654834747314,2,0.0,0.0,"(mu+1σ, mu+2σ] (high)",2,2,High
1339,10000.0,400.0,147_155,1363.0,155.0,147_155,147.0,2.7699100971221924,2.7699100971221924,2.7699100971221924,1,0.0,0.0,"(mu, mu+1σ] (slightly high)",1,1,Medium
1340,90000.0,1400.0,147_156,1364.0,156.0,147_156,147.0,2.6742753982543945,2.6742753982543945,2.6742752922905817,9,1.0596381283534129e-07,0.0,"(mu-1σ, mu] (slightly low)",1,1,Medium
1341,20000.0,600.0,147_157,1365.0,157.0,147_157,147.0,2.5238256454467773,2.5238256454467773,2.5238256454467773,2,0.0,0.0,"(mu-1σ, mu] (slightly low)",1,1,Medium
1342,10000.0,400.0,147_158,1366.0,158.0,147_158,147.0,3.1717758178710938,3.1717758178710938,3.1717758178710938,1,0.0,0.0,"(mu, mu+1σ] (slightly high)",1,1,Medium
1343,30000.0,800.0,147_159,1367.0,159.0,147_159,147.0,2.5546483993530273,2.5546483993530273,2.5546483993530273,3,0.0,0.0,"(mu-1σ, mu] (slightly low)",1,1,Medium
1344,10000.0,400.0,147_160,1368.0,160.0,147_160,147.0,2.7767410278320312,2.7767410278320312,2.7767410278320312,1,0.0,0.0,"(mu, mu+1σ] (slightly high)",1,1,Medium
1345,10000.0,400.0,147_161,1369.0,161.0,147_161,147.0,3.758580446243286,3.758580446243286,3.758580446243286,1,0.0,0.0,> mu+2σ (very high),2,2,High
1346,10000.0,400.0,147_162,1370.0,162.0,147_162,147.0,3.2994000911712646,3.2994000911712646,3.2994000911712646,1,0.0,0.0,"(mu+1σ, mu+2σ] (high)",2,2,High
1347,10000.0,400.0,147_163,1371.0,163.0,147_163,147.0,2.7442519664764404,2.7442519664764404,2.7442519664764404,1,0.0,0.0,"(mu, mu+1σ] (slightly high)",1,1,Medium
1348,40000.0,1000.0,147_164,1372.0,164.0,147_164,147.0,3.1804397106170654,3.1804397106170654,3.1804397106170654,4,0.0,0.0,"(mu, mu+1σ] (slightly high)",1,1,Medium
1349,40000.0,800.0,147_165,1373.0,165.0,147_165,147.0,3.3063981533050537,3.3063981533050537,3.3063981533050537,4,0.0,0.0,"(mu+1σ, mu+2σ] (high)",2,2,High
1350,50000.0,1000.0,147_166,1374.0,166.0,147_166,147.0,2.778406858444214,2.778406858444214,2.7784069061279295,5,4.7683715642676816e-08,0.0,"(mu, mu+1σ] (slightly high)",1,1,Medium
1351,20000.0,600.0,147_167,1375.0,167.0,147_167,147.0,2.5801401138305664,2.5801401138305664,2.5801401138305664,2,0.0,0.0,"(mu-1σ, mu] (slightly low)",1,1,Medium
1352,40000.0,800.0,147_168,1376.0,168.0,147_168,147.0,3.6592800617218018,3.6592800617218018,3.6592800617218018,4,0.0,0.0,"(mu+1σ, mu+2σ] (high)",2,2,High
1353,60000.0,1200.0,147_169,1377.0,169.0,147_169,147.0,3.6439521312713623,3.6439521312713623,3.6439520517985025,6,7.947285984855057e-08,0.0,"(mu+1σ, mu+2σ] (high)",2,2,High
1354,20000.0,600.0,147_170,1378.0,170.0,147_170,147.0,2.1926023960113525,2.1926023960113525,2.1926023960113525,2,0.0,0.0,"(mu-1σ, mu] (slightly low)",1,1,Medium
1355,10000.0,400.0,147_171,1379.0,171.0,147_171,147.0,3.1557815074920654,3.1557815074920654,3.1557815074920654,1,0.0,0.0,"(mu, mu+1σ] (slightly high)",1,1,Medium
1356,40000.0,1000.0,147_172,1380.0,172.0,147_172,147.0,3.5603134632110596,3.5603134632110596,3.5603134632110596,4,0.0,0.0,"(mu+1σ, mu+2σ] (high)",2,2,High
1357,10000.0,400.0,147_173,1381.0,173.0,147_173,147.0,3.1287901401519775,3.1287901401519775,3.1287901401519775,1,0.0,0.0,"(mu, mu+1σ] (slightly high)",1,1,Medium
1358,10000.0,400.0,147_174,1382.0,174.0,147_174,147.0,2.9950015544891357,2.9950015544891357,2.9950015544891357,1,0.0,0.0,"(mu, mu+1σ] (slightly high)",1,1,Medium
1359,50000.0,1000.0,147_175,1383.0,175.0,147_175,147.0,3.283905267715454,3.283905267715454,3.2839054107666015,5,1.4305114737211966e-07,0.0,"(mu+1σ, mu+2σ] (high)",2,2,High
1360,10000.0,400.0,147_176,1384.0,176.0,147_176,147.0,3.1124625205993652,3.1124625205993652,3.1124625205993652,1,0.0,0.0,"(mu, mu+1σ] (slightly high)",1,1,Medium
1361,20000.0,600.0,147_177,1385.0,177.0,147_177,147.0,3.125291585922241,3.125291585922241,3.125291585922241,2,0.0,0.0,"(mu, mu+1σ] (slightly high)",1,1,Medium
1362,30000.0,800.0,147_178,1386.0,178.0,147_178,147.0,3.1102964878082275,3.1102964878082275,3.1102965672810874,3,7.947285984855057e-08,0.0,"(mu, mu+1σ] (slightly high)",1,1,Medium
1363,50000.0,1000.0,147_179,1387.0,179.0,147_179,147.0,3.569976568222046,3.569976568222046,3.5699764251708985,5,1.4305114737211966e-07,0.0,"(mu+1σ, mu+2σ] (high)",2,2,High
1364,170000.0,1800.0,147_180,1388.0,180.0,147_180,147.0,3.627124071121216,3.627124071121216,3.627124113195083,17,4.2073867057013103e-08,0.0,"(mu+1σ, mu+2σ] (high)",2,2,High
1365,10000.0,400.0,147_181,1389.0,181.0,147_181,147.0,2.1937687397003174,2.1937687397003174,2.1937687397003174,1,0.0,0.0,"(mu-1σ, mu] (slightly low)",1,1,Medium
1366,30000.0,800.0,147_182,1390.0,182.0,147_182,147.0,2.816561460494995,2.816561460494995,2.8165613810221353,3,7.947285984855057e-08,0.0,"(mu, mu+1σ] (slightly high)",1,1,Medium
1367,170000.0,2000.0,147_183,1391.0,183.0,147_183,147.0,2.9001998901367188,2.9001998901367188,2.9001998901367188,17,0.0,0.0,"(mu, mu+1σ] (slightly high)",1,1,Medium
1368,30000.0,800.0,147_184,1392.0,184.0,147_184,147.0,2.626457691192627,2.626457691192627,2.626457691192627,3,0.0,0.0,"(mu-1σ, mu] (slightly low)",1,1,Medium
1369,30000.0,800.0,147_185,1393.0,185.0,147_185,147.0,3.202932357788086,3.202932357788086,3.202932357788086,3,0.0,0.0,"(mu, mu+1σ] (slightly high)",1,1,Medium
1370,40000.0,1000.0,147_186,1394.0,186.0,147_186,147.0,2.8645453453063965,2.8645453453063965,2.8645453453063965,4,0.0,0.0,"(mu, mu+1σ] (slightly high)",1,1,Medium
1371,20000.0,600.0,147_187,1395.0,187.0,147_187,147.0,3.2195935249328613,3.2195935249328613,3.2195935249328613,2,0.0,0.0,"(mu, mu+1σ] (slightly high)",1,1,Medium
1372,30000.0,800.0,147_188,1396.0,188.0,147_188,147.0,3.0864713191986084,3.0864713191986084,3.0864712397257485,3,7.947285984855057e-08,0.0,"(mu, mu+1σ] (slightly high)",1,1,Medium
1373,20000.0,600.0,147_189,1397.0,189.0,147_189,147.0,3.3568809032440186,3.3568809032440186,3.3568809032440186,2,0.0,0.0,"(mu+1σ, mu+2σ] (high)",2,2,High
1374,20000.0,600.0,147_190,1398.0,190.0,147_190,147.0,2.936854124069214,2.936854124069214,2.936854124069214,2,0.0,0.0,"(mu, mu+1σ] (slightly high)",1,1,Medium
1375,40000.0,1000.0,147_191,1399.0,191.0,147_191,147.0,2.7459182739257812,2.7459182739257812,2.7459182739257812,4,0.0,0.0,"(mu, mu+1σ] (slightly high)",1,1,Medium
1376,20000.0,600.0,147_192,1400.0,192.0,147_192,147.0,3.1049649715423584,3.1049649715423584,3.1049649715423584,2,0.0,0.0,"(mu, mu+1σ] (slightly high)",1,1,Medium
1377,20000.0,600.0,147_193,1401.0,193.0,147_193,147.0,2.5089972019195557,2.5089972019195557,2.5089972019195557,2,0.0,0.0,"(mu-1σ, mu] (slightly low)",1,1,Medium
1378,50000.0,1000.0,147_194,1402.0,194.0,147_194,147.0,3.518826723098755,3.518826723098755,3.5188266754150392,5,4.7683715642676816e-08,0.0,"(mu+1σ, mu+2σ] (high)",2,2,High
1379,140000.0,2200.0,147_195,1403.0,195.0,147_195,147.0,3.2569143772125244,3.2569143772125244,3.2569144112723216,14,3.4059797204832876e-08,0.0,"(mu+1σ, mu+2σ] (high)",2,2,High
1380,110000.0,1400.0,147_196,1404.0,196.0,147_196,147.0,2.9400200843811035,2.9400200843811035,2.940020127729936,11,4.33488325235487e-08,0.0,"(mu, mu+1σ] (slightly high)",1,1,Medium
1381,40000.0,1000.0,147_197,1405.0,197.0,147_197,147.0,3.702099561691284,3.702099561691284,3.702099561691284,4,0.0,0.0,"(mu+1σ, mu+2σ] (high)",2,2,High
1382,30000.0,800.0,147_198,1406.0,198.0,147_198,147.0,2.9516828060150146,2.9516828060150146,2.951682726542155,3,7.947285984855057e-08,0.0,"(mu, mu+1σ] (slightly high)",1,1,Medium
1383,20000.0,600.0,147_199,1407.0,199.0,147_199,147.0,2.70859694480896,2.70859694480896,2.70859694480896,2,0.0,0.0,"(mu, mu+1σ] (slightly high)",1,1,Medium
1384,30000.0,800.0,147_200,1408.0,200.0,147_200,147.0,2.044485330581665,2.044485330581665,2.044485410054525,3,7.947285984855057e-08,0.0,"(mu-2σ, mu-1σ] (low)",0,0,Low
1385,10000.0,400.0,147_201,1409.0,201.0,147_201,147.0,2.576308012008667,2.576308012008667,2.576308012008667,1,0.0,0.0,"(mu-1σ, mu] (slightly low)",1,1,Medium
1386,10000.0,400.0,147_202,1410.0,202.0,147_202,147.0,2.7577474117279053,2.7577474117279053,2.7577474117279053,1,0.0,0.0,"(mu, mu+1σ] (slightly high)",1,1,Medium
1387,70000.0,1600.0,147_203,1411.0,203.0,147_203,147.0,2.1162948608398438,2.1162948608398438,2.1162948608398438,7,0.0,0.0,"(mu-2σ, mu-1σ] (low)",0,0,Low
1388,20000.0,600.0,147_204,1412.0,204.0,147_204,147.0,2.2859046459198,2.2859046459198,2.2859046459198,2,0.0,0.0,"(mu-1σ, mu] (slightly low)",1,1,Medium
1389,50000.0,1200.0,147_205,1413.0,205.0,147_205,147.0,2.6429524421691895,2.6429524421691895,2.6429523468017577,5,9.536743172944284e-08,0.0,"(mu-1σ, mu] (slightly low)",1,1,Medium
1390,40000.0,800.0,147_206,1414.0,206.0,147_206,147.0,2.543652296066284,2.543652296066284,2.543652296066284,4,0.0,0.0,"(mu-1σ, mu] (slightly low)",1,1,Medium
1391,370000.0,2800.0,147_207,1415.0,207.0,147_207,147.0,2.4091968536376953,2.4091968536376953,2.4091968020877323,37,5.154996296496961e-08,0.0,"(mu-1σ, mu] (slightly low)",1,1,Medium
1392,130000.0,1800.0,147_208,1416.0,208.0,147_208,147.0,3.049150228500366,3.049150228500366,3.0491500267615685,13,2.0173879766716143e-07,0.0,"(mu, mu+1σ] (slightly high)",1,1,Medium
1393,40000.0,1000.0,147_209,1417.0,209.0,147_209,147.0,3.0164942741394043,3.0164942741394043,3.0164942741394043,4,0.0,0.0,"(mu, mu+1σ] (slightly high)",1,1,Medium
1394,60000.0,1200.0,147_210,1418.0,210.0,147_210,147.0,3.2122626304626465,3.2122626304626465,3.2122624715169272,6,1.5894571925301193e-07,0.0,"(mu, mu+1σ] (slightly high)",1,1,Medium
1395,80000.0,1600.0,147_211,1419.0,211.0,147_211,147.0,2.696434736251831,2.696434736251831,2.696434736251831,8,0.0,0.0,"(mu-1σ, mu] (slightly low)",1,1,Medium
1396,50000.0,1000.0,147_212,1420.0,212.0,147_212,147.0,3.3632123470306396,3.3632123470306396,3.3632122039794923,5,1.4305114737211966e-07,0.0,"(mu+1σ, mu+2σ] (high)",2,2,High
1397,90000.0,1600.0,147_213,1421.0,213.0,147_213,147.0,2.0734755992889404,2.0734755992889404,2.0734757317437067,9,1.3245476626622121e-07,0.0,"(mu-2σ, mu-1σ] (low)",0,0,Low
1398,90000.0,1400.0,147_214,1422.0,214.0,147_214,147.0,3.6344549655914307,3.6344549655914307,3.6344549391004772,9,2.6490953430879927e-08,0.0,"(mu+1σ, mu+2σ] (high)",2,2,High
1399,40000.0,800.0,147_215,1423.0,215.0,147_215,147.0,2.9778409004211426,2.9778409004211426,2.9778409004211426,4,0.0,0.0,"(mu, mu+1σ] (slightly high)",1,1,Medium
1400,60000.0,1200.0,147_216,1424.0,216.0,147_216,147.0,3.0674777030944824,3.0674777030944824,3.067477544148763,6,1.5894571925301193e-07,0.0,"(mu, mu+1σ] (slightly high)",1,1,Medium
1401,40000.0,800.0,147_217,1425.0,217.0,147_217,147.0,2.52632474899292,2.52632474899292,2.52632474899292,4,0.0,0.0,"(mu-1σ, mu] (slightly low)",1,1,Medium
1402,100000.0,1600.0,147_218,1426.0,218.0,147_218,147.0,3.3627123832702637,3.3627123832702637,3.3627124786376954,10,9.536743172944286e-08,0.0,"(mu+1σ, mu+2σ] (high)",2,2,High
1403,30000.0,800.0,147_219,1427.0,219.0,147_219,147.0,2.3265578746795654,2.3265578746795654,2.3265577952067056,3,7.947285984855057e-08,0.0,"(mu-1σ, mu] (slightly low)",1,1,Medium
1404,20000.0,600.0,147_220,1428.0,220.0,147_220,147.0,2.5661447048187256,2.5661447048187256,2.5661447048187256,2,0.0,0.0,"(mu-1σ, mu] (slightly low)",1,1,Medium
1405,50000.0,1000.0,147_221,1429.0,221.0,147_221,147.0,3.0731422901153564,3.0731422901153564,3.073142242431641,5,4.7683715642676816e-08,0.0,"(mu, mu+1σ] (slightly high)",1,1,Medium
1406,80000.0,1400.0,147_222,1430.0,222.0,147_222,147.0,3.335554599761963,3.335554599761963,3.335554599761963,8,0.0,0.0,"(mu+1σ, mu+2σ] (high)",2,2,High
1407,20000.0,600.0,147_223,1431.0,223.0,147_223,147.0,3.196600914001465,3.196600914001465,3.196600914001465,2,0.0,0.0,"(mu, mu+1σ] (slightly high)",1,1,Medium
1408,30000.0,800.0,147_224,1432.0,224.0,147_224,147.0,2.8515493869781494,2.8515493869781494,2.8515494664510093,3,7.947285984855057e-08,0.0,"(mu, mu+1σ] (slightly high)",1,1,Medium
1409,50000.0,1000.0,147_225,1433.0,225.0,147_225,147.0,3.1027987003326416,3.1027987003326416,3.102798652648926,5,4.7683715642676816e-08,0.0,"(mu, mu+1σ] (slightly high)",1,1,Medium
1410,50000.0,1000.0,147_226,1434.0,226.0,147_226,147.0,3.133622169494629,3.133622169494629,3.133622169494629,5,0.0,0.0,"(mu, mu+1σ] (slightly high)",1,1,Medium
1411,40000.0,1000.0,147_227,1435.0,227.0,147_227,147.0,2.9798402786254883,2.9798402786254883,2.9798402786254883,4,0.0,0.0,"(mu, mu+1σ] (slightly high)",1,1,Medium
1412,40000.0,1000.0,147_228,1436.0,228.0,147_228,147.0,3.0219926834106445,3.0219926834106445,3.0219926834106445,4,0.0,0.0,"(mu, mu+1σ] (slightly high)",1,1,Medium
1413,100000.0,1600.0,147_229,1437.0,229.0,147_229,147.0,3.6439521312713623,3.6439521312713623,3.643952178955078,10,4.7683715642676816e-08,0.0,"(mu+1σ, mu+2σ] (high)",2,2,High
1414,180000.0,2000.0,147_230,1438.0,230.0,147_230,147.0,2.804898262023926,2.804898262023926,2.804898156060113,18,1.0596381283534129e-07,0.0,"(mu, mu+1σ] (slightly high)",1,1,Medium
1415,100000.0,1400.0,147_231,1439.0,231.0,147_231,147.0,2.3778741359710693,2.3778741359710693,2.377874183654785,10,4.7683715642676816e-08,0.0,"(mu-1σ, mu] (slightly low)",1,1,Medium
1416,50000.0,1000.0,147_232,1440.0,232.0,147_232,147.0,3.2107629776000977,3.2107629776000977,3.210762786865234,5,1.9073486345888568e-07,0.0,"(mu, mu+1σ] (slightly high)",1,1,Medium
1417,50000.0,1000.0,147_233,1441.0,233.0,147_233,147.0,2.4213597774505615,2.4213597774505615,2.421359825134277,5,4.7683715642676816e-08,0.0,"(mu-1σ, mu] (slightly low)",1,1,Medium
1418,90000.0,1400.0,147_235,1443.0,235.0,147_235,147.0,2.410696506500244,2.410696506500244,2.4106964535183377,9,5.2981906417670643e-08,0.0,"(mu-1σ, mu] (slightly low)",1,1,Medium
1419,60000.0,1200.0,147_236,1444.0,236.0,147_236,147.0,2.3065645694732666,2.3065645694732666,2.3065646489461265,6,7.947285984855057e-08,0.0,"(mu-1σ, mu] (slightly low)",1,1,Medium
1420,110000.0,1600.0,147_237,1445.0,237.0,147_237,147.0,2.8323891162872314,2.8323891162872314,2.832389484752308,11,3.684650766722086e-07,0.0,"(mu, mu+1σ] (slightly high)",1,1,Medium
