{
"type": "FeatureCollection",
"name": "weighted_overlay_clusters_2010_2015",
"crs": { "type": "name", "properties": { "name": "urn:ogc:def:crs:EPSG::25832" } },
"features": [
{ "type": "Feature", "properties": { "Shape_Area": 70000.0, "Shape_Leng": 1400.0, "cluster_id": "101_1", "fid_1": 1.0, "id_munic": 1.0, "munic_clus": "101_1", "munic_code": 101.0, "min": 3.7359213829040527, "max": 3.7359213829040527, "mean": 3.7359215872628346, "count": 7, "std": 2.0435878189672962e-07, "range": 0.0 }, "geometry": { "type": "Polygon", "coordinates": [ [ [ 719400.0, 6178100.0 ], [ 719400.0, 6178200.0 ], [ 719500.0, 6178200.0 ], [ 719500.0, 6178300.0 ], [ 719600.0, 6178300.0 ], [ 719600.0, 6178200.0 ], [ 719700.0, 6178200.0 ], [ 719700.0, 6178100.0 ], [ 719600.0, 6178100.0 ], [ 719600.0, 6178000.0 ], [ 719500.0, 6178000.0 ], [ 719400.0, 6178000.0 ], [ 719300.0, 6178000.0 ], [ 719300.0, 6178100.0 ], [ 719400.0, 6178100.0 ] ] ] } },
{ "type": "Feature", "properties": { "Shape_Area": 110000.0, "Shape_Leng": 1800.0, "cluster_id": "101_2", "fid_1": 2.0, "id_munic": 2.0, "munic_clus": "101_2", "munic_code": 101.0, "min": 3.0439860820770264, "max": 3.0439860820770264, "mean": 3.0439858870072798, "count": 11, "std": 1.9506974657801379e-07, "range": 0.0 }, "geometry": { "type": "Polygon", "coordinates": [ [ [ 719200.0, 6178100.0 ], [ 719100.0, 6178100.0 ], [ 719100.0, 6178200.0 ], [ 719000.0, 6178200.0 ], [ 719000.0, 6178300.0 ], [ 719100.0, 6178300.0 ], [ 719100.0, 6178400.0 ], [ 719100.0, 6178500.0 ], [ 719200.0, 6178500.0 ], [ 719200.0, 6178400.0 ], [ 719300.0, 6178400.0 ], [ 719300.0, 6178300.0 ], [ 719400.0, 6178300.0 ], [ 719500.0, 6178300.0 ], [ 719500.0, 6178200.0 ], [ 719400.0, 6178200.0 ], [ 719400.0, 6178100.0 ], [ 719300.0, 6178100.0 ], [ 719200.0, 6178100.0 ] ] ] } },
{ "type": "Feature", "properties": { "Shape_Area": 30000.0, "Shape_Leng": 800.0, "cluster_id": "101_3", "fid_1": 3.0, "id_munic": 3.0, "munic_clus": "101_3", "munic_code": 101.0, "min": 3.2379207611083984, "max": 3.2379207611083984, "mean": 3.2379207611083984, "count": 3, "std": 0.0, "range": 0.0 }, "geometry": { "type": "Polygon", "coordinates": [ [ [ 719400.0, 6177700.0 ], [ 719400.0, 6177800.0 ], [ 719400.0, 6177900.0 ], [ 719500.0, 6177900.0 ], [ 719500.0, 6177800.0 ], [ 719500.0, 6177700.0 ], [ 719500.0, 6177600.0 ], [ 719400.0, 6177600.0 ], [ 719400.0, 6177700.0 ] ] ] } },
{ "type": "Feature", "properties": { "Shape_Area": 50000.0, "Shape_Leng": 1000.0, "cluster_id": "101_4", "fid_1": 4.0, "id_munic": 4.0, "munic_clus": "101_4", "munic_code": 101.0, "min": 3.0134963989257812, "max": 3.0134963989257812, "mean": 3.0134963989257812, "count": 5, "std": 0.0, "range": 0.0 }, "geometry": { "type": "Polygon", "coordinates": [ [ [ 719800.0, 6178200.0 ], [ 719700.0, 6178200.0 ], [ 719600.0, 6178200.0 ], [ 719600.0, 6178300.0 ], [ 719600.0, 6178400.0 ], [ 719700.0, 6178400.0 ], [ 719700.0, 6178500.0 ], [ 719800.0, 6178500.0 ], [ 719800.0, 6178400.0 ], [ 719800.0, 6178300.0 ], [ 719800.0, 6178200.0 ] ] ] } },
{ "type": "Feature", "properties": { "Shape_Area": 20000.0, "Shape_Leng": 600.0, "cluster_id": "101_5", "fid_1": 5.0, "id_munic": 5.0, "munic_clus": "101_5", "munic_code": 101.0, "min": 3.2490837574005127, "max": 3.2490837574005127, "mean": 3.2490837574005127, "count": 2, "std": 0.0, "range": 0.0 }, "geometry": { "type": "Polygon", "coordinates": [ [ [ 719900.0, 6177800.0 ], [ 719900.0, 6177900.0 ], [ 720000.0, 6177900.0 ], [ 720000.0, 6177800.0 ], [ 720000.0, 6177700.0 ], [ 719900.0, 6177700.0 ], [ 719900.0, 6177800.0 ] ] ] } },
{ "type": "Feature", "properties": { "Shape_Area": 40000.0, "Shape_Leng": 1000.0, "cluster_id": "101_6", "fid_1": 6.0, "id_munic": 6.0, "munic_clus": "101_6", "munic_code": 101.0, "min": 3.8707096576690674, "max": 3.8707096576690674, "mean": 3.8707096576690674, "count": 4, "std": 0.0, "range": 0.0 }, "geometry": { "type": "Polygon", "coordinates": [ [ [ 719600.0, 6178700.0 ], [ 719600.0, 6178800.0 ], [ 719700.0, 6178800.0 ], [ 719700.0, 6178700.0 ], [ 719800.0, 6178700.0 ], [ 719800.0, 6178600.0 ], [ 719700.0, 6178600.0 ], [ 719600.0, 6178600.0 ], [ 719500.0, 6178600.0 ], [ 719500.0, 6178700.0 ], [ 719600.0, 6178700.0 ] ] ] } },
{ "type": "Feature", "properties": { "Shape_Area": 40000.0, "Shape_Leng": 1000.0, "cluster_id": "101_7", "fid_1": 7.0, "id_munic": 7.0, "munic_clus": "101_7", "munic_code": 101.0, "min": 2.9440188407897949, "max": 2.9440188407897949, "mean": 2.9440188407897949, "count": 4, "std": 0.0, "range": 0.0 }, "geometry": { "type": "Polygon", "coordinates": [ [ [ 718900.0, 6179000.0 ], [ 718900.0, 6179100.0 ], [ 719000.0, 6179100.0 ], [ 719000.0, 6179000.0 ], [ 719100.0, 6179000.0 ], [ 719100.0, 6178900.0 ], [ 719000.0, 6178900.0 ], [ 719000.0, 6178800.0 ], [ 718900.0, 6178800.0 ], [ 718900.0, 6178900.0 ], [ 718900.0, 6179000.0 ] ] ] } },
{ "type": "Feature", "properties": { "Shape_Area": 50000.0, "Shape_Leng": 1200.0, "cluster_id": "101_8", "fid_1": 8.0, "id_munic": 8.0, "munic_clus": "101_8", "munic_code": 101.0, "min": 3.2815730571746826, "max": 3.2815730571746826, "mean": 3.2815731048583983, "count": 5, "std": 4.7683715642676816e-08, "range": 0.0 }, "geometry": { "type": "Polygon", "coordinates": [ [ [ 718800.0, 6178000.0 ], [ 718900.0, 6178000.0 ], [ 719000.0, 6178000.0 ], [ 719000.0, 6178100.0 ], [ 719100.0, 6178100.0 ], [ 719100.0, 6178000.0 ], [ 719100.0, 6177900.0 ], [ 719000.0, 6177900.0 ], [ 718900.0, 6177900.0 ], [ 718800.0, 6177900.0 ], [ 718700.0, 6177900.0 ], [ 718700.0, 6178000.0 ], [ 718800.0, 6178000.0 ] ] ] } },
{ "type": "Feature", "properties": { "Shape_Area": 90000.0, "Shape_Leng": 1400.0, "cluster_id": "101_9", "fid_1": 9.0, "id_munic": 9.0, "munic_clus": "101_9", "munic_code": 101.0, "min": 3.00699782371521, "max": 3.00699782371521, "mean": 3.0069978502061634, "count": 9, "std": 2.6490953430879927e-08, "range": 0.0 }, "geometry": { "type": "Polygon", "coordinates": [ [ [ 719000.0, 6178000.0 ], [ 718900.0, 6178000.0 ], [ 718800.0, 6178000.0 ], [ 718700.0, 6178000.0 ], [ 718700.0, 6178100.0 ], [ 718700.0, 6178200.0 ], [ 718800.0, 6178200.0 ], [ 718800.0, 6178300.0 ], [ 718900.0, 6178300.0 ], [ 719000.0, 6178300.0 ], [ 719000.0, 6178200.0 ], [ 719100.0, 6178200.0 ], [ 719100.0, 6178100.0 ], [ 719000.0, 6178100.0 ], [ 719000.0, 6178000.0 ] ] ] } },
{ "type": "Feature", "properties": { "Shape_Area": 30000.0, "Shape_Leng": 800.0, "cluster_id": "101_10", "fid_1": 10.0, "id_munic": 10.0, "munic_clus": "101_10", "munic_code": 101.0, "min": 3.6997666358947754, "max": 3.6997666358947754, "mean": 3.6997667948404946, "count": 3, "std": 1.5894571925301193e-07, "range": 0.0 }, "geometry": { "type": "Polygon", "coordinates": [ [ [ 719600.0, 6178500.0 ], [ 719600.0, 6178600.0 ], [ 719700.0, 6178600.0 ], [ 719800.0, 6178600.0 ], [ 719800.0, 6178500.0 ], [ 719700.0, 6178500.0 ], [ 719700.0, 6178400.0 ], [ 719600.0, 6178400.0 ], [ 719600.0, 6178500.0 ] ] ] } },
{ "type": "Feature", "properties": { "Shape_Area": 30000.0, "Shape_Leng": 800.0, "cluster_id": "101_11", "fid_1": 11.0, "id_munic": 11.0, "munic_clus": "101_11", "munic_code": 101.0, "min": 2.9765083789825439, "max": 2.9765083789825439, "mean": 2.9765084584554038, "count": 3, "std": 7.947285984855057e-08, "range": 0.0 }, "geometry": { "type": "Polygon", "coordinates": [ [ [ 725100.0, 6176500.0 ], [ 725100.0, 6176600.0 ], [ 725200.0, 6176600.0 ], [ 725200.0, 6176500.0 ], [ 725300.0, 6176500.0 ], [ 725300.0, 6176400.0 ], [ 725200.0, 6176400.0 ], [ 725100.0, 6176400.0 ], [ 725100.0, 6176500.0 ] ] ] } },
{ "type": "Feature", "properties": { "Shape_Area": 30000.0, "Shape_Leng": 800.0, "cluster_id": "101_12", "fid_1": 12.0, "id_munic": 12.0, "munic_clus": "101_12", "munic_code": 101.0, "min": 3.8870384693145752, "max": 3.8870384693145752, "mean": 3.887038548787435, "count": 3, "std": 7.947285984855057e-08, "range": 0.0 }, "geometry": { "type": "Polygon", "coordinates": [ [ [ 724400.0, 6179700.0 ], [ 724400.0, 6179800.0 ], [ 724500.0, 6179800.0 ], [ 724500.0, 6179700.0 ], [ 724600.0, 6179700.0 ], [ 724600.0, 6179600.0 ], [ 724500.0, 6179600.0 ], [ 724400.0, 6179600.0 ], [ 724400.0, 6179700.0 ] ] ] } },
{ "type": "Feature", "properties": { "Shape_Area": 20000.0, "Shape_Leng": 600.0, "cluster_id": "101_13", "fid_1": 13.0, "id_munic": 13.0, "munic_clus": "101_13", "munic_code": 101.0, "min": 3.9238588809967041, "max": 3.9238588809967041, "mean": 3.9238588809967041, "count": 2, "std": 0.0, "range": 0.0 }, "geometry": { "type": "Polygon", "coordinates": [ [ [ 724500.0, 6179800.0 ], [ 724500.0, 6179900.0 ], [ 724600.0, 6179900.0 ], [ 724600.0, 6179800.0 ], [ 724600.0, 6179700.0 ], [ 724500.0, 6179700.0 ], [ 724500.0, 6179800.0 ] ] ] } },
{ "type": "Feature", "properties": { "Shape_Area": 30000.0, "Shape_Leng": 800.0, "cluster_id": "101_14", "fid_1": 14.0, "id_munic": 14.0, "munic_clus": "101_14", "munic_code": 101.0, "min": 3.2257583141326904, "max": 3.2257583141326904, "mean": 3.2257582346598306, "count": 3, "std": 7.947285984855057e-08, "range": 0.0 }, "geometry": { "type": "Polygon", "coordinates": [ [ [ 724500.0, 6179500.0 ], [ 724500.0, 6179600.0 ], [ 724600.0, 6179600.0 ], [ 724700.0, 6179600.0 ], [ 724700.0, 6179500.0 ], [ 724600.0, 6179500.0 ], [ 724600.0, 6179400.0 ], [ 724500.0, 6179400.0 ], [ 724500.0, 6179500.0 ] ] ] } },
{ "type": "Feature", "properties": { "Shape_Area": 10000.0, "Shape_Leng": 400.0, "cluster_id": "101_15", "fid_1": 15.0, "id_munic": 15.0, "munic_clus": "101_15", "munic_code": 101.0, "min": 3.4071979522705078, "max": 3.4071979522705078, "mean": 3.4071979522705078, "count": 1, "std": 0.0, "range": 0.0 }, "geometry": { "type": "Polygon", "coordinates": [ [ [ 724300.0, 6179700.0 ], [ 724300.0, 6179800.0 ], [ 724400.0, 6179800.0 ], [ 724400.0, 6179700.0 ], [ 724300.0, 6179700.0 ] ] ] } },
{ "type": "Feature", "properties": { "Shape_Area": 20000.0, "Shape_Leng": 600.0, "cluster_id": "101_16", "fid_1": 16.0, "id_munic": 16.0, "munic_clus": "101_16", "munic_code": 101.0, "min": 3.0664782524108887, "max": 3.0664782524108887, "mean": 3.0664782524108887, "count": 2, "std": 0.0, "range": 0.0 }, "geometry": { "type": "Polygon", "coordinates": [ [ [ 724200.0, 6179700.0 ], [ 724300.0, 6179700.0 ], [ 724400.0, 6179700.0 ], [ 724400.0, 6179600.0 ], [ 724300.0, 6179600.0 ], [ 724200.0, 6179600.0 ], [ 724200.0, 6179700.0 ] ] ] } },
{ "type": "Feature", "properties": { "Shape_Area": 80000.0, "Shape_Leng": 1400.0, "cluster_id": "101_17", "fid_1": 17.0, "id_munic": 17.0, "munic_clus": "101_17", "munic_code": 101.0, "min": 3.5906367301940918, "max": 3.5906367301940918, "mean": 3.5906367301940918, "count": 8, "std": 0.0, "range": 0.0 }, "geometry": { "type": "Polygon", "coordinates": [ [ [ 719400.0, 6177300.0 ], [ 719400.0, 6177400.0 ], [ 719500.0, 6177400.0 ], [ 719600.0, 6177400.0 ], [ 719600.0, 6177300.0 ], [ 719700.0, 6177300.0 ], [ 719700.0, 6177200.0 ], [ 719600.0, 6177200.0 ], [ 719600.0, 6177100.0 ], [ 719500.0, 6177100.0 ], [ 719500.0, 6177000.0 ], [ 719400.0, 6177000.0 ], [ 719400.0, 6177100.0 ], [ 719400.0, 6177200.0 ], [ 719400.0, 6177300.0 ] ] ] } },
{ "type": "Feature", "properties": { "Shape_Area": 10000.0, "Shape_Leng": 400.0, "cluster_id": "101_18", "fid_1": 18.0, "id_munic": 18.0, "munic_clus": "101_18", "munic_code": 101.0, "min": 3.6552815437316895, "max": 3.6552815437316895, "mean": 3.6552815437316895, "count": 1, "std": 0.0, "range": 0.0 }, "geometry": { "type": "Polygon", "coordinates": [ [ [ 724600.0, 6179600.0 ], [ 724600.0, 6179700.0 ], [ 724700.0, 6179700.0 ], [ 724700.0, 6179600.0 ], [ 724600.0, 6179600.0 ] ] ] } },
{ "type": "Feature", "properties": { "Shape_Area": 20000.0, "Shape_Leng": 600.0, "cluster_id": "101_19", "fid_1": 19.0, "id_munic": 19.0, "munic_clus": "101_19", "munic_code": 101.0, "min": 4.0989675521850586, "max": 4.0989675521850586, "mean": 4.0989675521850586, "count": 2, "std": 0.0, "range": 0.0 }, "geometry": { "type": "Polygon", "coordinates": [ [ [ 724300.0, 6179500.0 ], [ 724300.0, 6179600.0 ], [ 724400.0, 6179600.0 ], [ 724400.0, 6179500.0 ], [ 724400.0, 6179400.0 ], [ 724300.0, 6179400.0 ], [ 724300.0, 6179500.0 ] ] ] } },
{ "type": "Feature", "properties": { "Shape_Area": 20000.0, "Shape_Leng": 600.0, "cluster_id": "101_20", "fid_1": 20.0, "id_munic": 20.0, "munic_clus": "101_20", "munic_code": 101.0, "min": 3.5219926834106445, "max": 3.5219926834106445, "mean": 3.5219926834106445, "count": 2, "std": 0.0, "range": 0.0 }, "geometry": { "type": "Polygon", "coordinates": [ [ [ 724400.0, 6179500.0 ], [ 724400.0, 6179600.0 ], [ 724500.0, 6179600.0 ], [ 724500.0, 6179500.0 ], [ 724500.0, 6179400.0 ], [ 724400.0, 6179400.0 ], [ 724400.0, 6179500.0 ] ] ] } },
{ "type": "Feature", "properties": { "Shape_Area": 20000.0, "Shape_Leng": 600.0, "cluster_id": "101_21", "fid_1": 21.0, "id_munic": 21.0, "munic_clus": "101_21", "munic_code": 101.0, "min": 3.9373543262481689, "max": 3.9373543262481689, "mean": 3.9373543262481689, "count": 2, "std": 0.0, "range": 0.0 }, "geometry": { "type": "Polygon", "coordinates": [ [ [ 724600.0, 6179800.0 ], [ 724600.0, 6179900.0 ], [ 724700.0, 6179900.0 ], [ 724700.0, 6179800.0 ], [ 724700.0, 6179700.0 ], [ 724600.0, 6179700.0 ], [ 724600.0, 6179800.0 ] ] ] } },
{ "type": "Feature", "properties": { "Shape_Area": 90000.0, "Shape_Leng": 1400.0, "cluster_id": "101_22", "fid_1": 22.0, "id_munic": 22.0, "munic_clus": "101_22", "munic_code": 101.0, "min": 3.7174277305603027, "max": 3.7174277305603027, "mean": 3.7174275716145835, "count": 9, "std": 1.5894571925301193e-07, "range": 0.0 }, "geometry": { "type": "Polygon", "coordinates": [ [ [ 718000.0, 6177900.0 ], [ 717900.0, 6177900.0 ], [ 717800.0, 6177900.0 ], [ 717800.0, 6177800.0 ], [ 717700.0, 6177800.0 ], [ 717700.0, 6177900.0 ], [ 717700.0, 6178000.0 ], [ 717700.0, 6178100.0 ], [ 717700.0, 6178200.0 ], [ 717800.0, 6178200.0 ], [ 717900.0, 6178200.0 ], [ 717900.0, 6178100.0 ], [ 718000.0, 6178100.0 ], [ 718000.0, 6178000.0 ], [ 718000.0, 6177900.0 ] ] ] } },
{ "type": "Feature", "properties": { "Shape_Area": 80000.0, "Shape_Leng": 1600.0, "cluster_id": "101_23", "fid_1": 23.0, "id_munic": 23.0, "munic_clus": "101_23", "munic_code": 101.0, "min": 3.4548490047454834, "max": 3.4548490047454834, "mean": 3.4548490047454834, "count": 8, "std": 0.0, "range": 0.0 }, "geometry": { "type": "Polygon", "coordinates": [ [ [ 718500.0, 6177500.0 ], [ 718500.0, 6177600.0 ], [ 718400.0, 6177600.0 ], [ 718400.0, 6177700.0 ], [ 718500.0, 6177700.0 ], [ 718500.0, 6177800.0 ], [ 718600.0, 6177800.0 ], [ 718600.0, 6177700.0 ], [ 718700.0, 6177700.0 ], [ 718700.0, 6177600.0 ], [ 718700.0, 6177500.0 ], [ 718700.0, 6177400.0 ], [ 718700.0, 6177300.0 ], [ 718600.0, 6177300.0 ], [ 718600.0, 6177400.0 ], [ 718600.0, 6177500.0 ], [ 718500.0, 6177500.0 ] ] ] } },
{ "type": "Feature", "properties": { "Shape_Area": 100000.0, "Shape_Leng": 1600.0, "cluster_id": "101_24", "fid_1": 24.0, "id_munic": 24.0, "munic_clus": "101_24", "munic_code": 101.0, "min": 3.8782076835632324, "max": 3.8782076835632324, "mean": 3.8782077789306642, "count": 10, "std": 9.5367431729442855e-08, "range": 0.0 }, "geometry": { "type": "Polygon", "coordinates": [ [ [ 718100.0, 6177700.0 ], [ 718100.0, 6177600.0 ], [ 718000.0, 6177600.0 ], [ 717900.0, 6177600.0 ], [ 717800.0, 6177600.0 ], [ 717700.0, 6177600.0 ], [ 717700.0, 6177700.0 ], [ 717600.0, 6177700.0 ], [ 717600.0, 6177800.0 ], [ 717700.0, 6177800.0 ], [ 717800.0, 6177800.0 ], [ 717800.0, 6177900.0 ], [ 717900.0, 6177900.0 ], [ 718000.0, 6177900.0 ], [ 718000.0, 6177800.0 ], [ 718000.0, 6177700.0 ], [ 718100.0, 6177700.0 ] ] ] } },
{ "type": "Feature", "properties": { "Shape_Area": 20000.0, "Shape_Leng": 600.0, "cluster_id": "101_25", "fid_1": 25.0, "id_munic": 25.0, "munic_clus": "101_25", "munic_code": 101.0, "min": 3.4551820755004883, "max": 3.4551820755004883, "mean": 3.4551820755004883, "count": 2, "std": 0.0, "range": 0.0 }, "geometry": { "type": "Polygon", "coordinates": [ [ [ 719100.0, 6177400.0 ], [ 719200.0, 6177400.0 ], [ 719300.0, 6177400.0 ], [ 719300.0, 6177300.0 ], [ 719200.0, 6177300.0 ], [ 719100.0, 6177300.0 ], [ 719100.0, 6177400.0 ] ] ] } },
{ "type": "Feature", "properties": { "Shape_Area": 100000.0, "Shape_Leng": 1800.0, "cluster_id": "101_26", "fid_1": 26.0, "id_munic": 26.0, "munic_clus": "101_26", "munic_code": 101.0, "min": 3.4398536682128906, "max": 3.4398536682128906, "mean": 3.4398536682128906, "count": 10, "std": 0.0, "range": 0.0 }, "geometry": { "type": "Polygon", "coordinates": [ [ [ 718400.0, 6177700.0 ], [ 718400.0, 6177800.0 ], [ 718300.0, 6177800.0 ], [ 718200.0, 6177800.0 ], [ 718100.0, 6177800.0 ], [ 718100.0, 6177900.0 ], [ 718100.0, 6178000.0 ], [ 718100.0, 6178100.0 ], [ 718200.0, 6178100.0 ], [ 718200.0, 6178000.0 ], [ 718300.0, 6178000.0 ], [ 718400.0, 6178000.0 ], [ 718400.0, 6177900.0 ], [ 718500.0, 6177900.0 ], [ 718600.0, 6177900.0 ], [ 718600.0, 6177800.0 ], [ 718500.0, 6177800.0 ], [ 718500.0, 6177700.0 ], [ 718400.0, 6177700.0 ] ] ] } },
{ "type": "Feature", "properties": { "Shape_Area": 110000.0, "Shape_Leng": 1600.0, "cluster_id": "101_27", "fid_1": 27.0, "id_munic": 27.0, "munic_clus": "101_27", "munic_code": 101.0, "min": 3.4891705513000488, "max": 3.4891705513000488, "mean": 3.4891707680442114, "count": 11, "std": 2.1674416261774357e-07, "range": 0.0 }, "geometry": { "type": "Polygon", "coordinates": [ [ [ 717800.0, 6177400.0 ], [ 717800.0, 6177500.0 ], [ 717800.0, 6177600.0 ], [ 717900.0, 6177600.0 ], [ 718000.0, 6177600.0 ], [ 718100.0, 6177600.0 ], [ 718100.0, 6177500.0 ], [ 718200.0, 6177500.0 ], [ 718200.0, 6177400.0 ], [ 718100.0, 6177400.0 ], [ 718100.0, 6177300.0 ], [ 718100.0, 6177200.0 ], [ 718000.0, 6177200.0 ], [ 717900.0, 6177200.0 ], [ 717900.0, 6177300.0 ], [ 717900.0, 6177400.0 ], [ 717800.0, 6177400.0 ] ] ] } },
{ "type": "Feature", "properties": { "Shape_Area": 50000.0, "Shape_Leng": 1200.0, "cluster_id": "101_28", "fid_1": 28.0, "id_munic": 28.0, "munic_clus": "101_28", "munic_code": 101.0, "min": 3.3087303638458252, "max": 3.3087303638458252, "mean": 3.3087303161621096, "count": 5, "std": 4.7683715642676816e-08, "range": 0.0 }, "geometry": { "type": "Polygon", "coordinates": [ [ [ 721100.0, 6177400.0 ], [ 721100.0, 6177300.0 ], [ 721000.0, 6177300.0 ], [ 720900.0, 6177300.0 ], [ 720900.0, 6177400.0 ], [ 720800.0, 6177400.0 ], [ 720800.0, 6177500.0 ], [ 720800.0, 6177600.0 ], [ 720900.0, 6177600.0 ], [ 720900.0, 6177500.0 ], [ 721000.0, 6177500.0 ], [ 721000.0, 6177400.0 ], [ 721100.0, 6177400.0 ] ] ] } },
{ "type": "Feature", "properties": { "Shape_Area": 130000.0, "Shape_Leng": 1800.0, "cluster_id": "101_29", "fid_1": 29.0, "id_munic": 29.0, "munic_clus": "101_29", "munic_code": 101.0, "min": 2.6806063652038574, "max": 2.6806063652038574, "mean": 2.6806062551645131, "count": 13, "std": 1.1003934430320328e-07, "range": 0.0 }, "geometry": { "type": "Polygon", "coordinates": [ [ [ 721100.0, 6177400.0 ], [ 721000.0, 6177400.0 ], [ 721000.0, 6177500.0 ], [ 720900.0, 6177500.0 ], [ 720900.0, 6177600.0 ], [ 720800.0, 6177600.0 ], [ 720800.0, 6177700.0 ], [ 720800.0, 6177800.0 ], [ 720900.0, 6177800.0 ], [ 720900.0, 6177900.0 ], [ 721000.0, 6177900.0 ], [ 721100.0, 6177900.0 ], [ 721200.0, 6177900.0 ], [ 721200.0, 6177800.0 ], [ 721200.0, 6177700.0 ], [ 721100.0, 6177700.0 ], [ 721100.0, 6177600.0 ], [ 721100.0, 6177500.0 ], [ 721100.0, 6177400.0 ] ] ] } },
{ "type": "Feature", "properties": { "Shape_Area": 40000.0, "Shape_Leng": 1000.0, "cluster_id": "101_30", "fid_1": 30.0, "id_munic": 30.0, "munic_clus": "101_30", "munic_code": 101.0, "min": 3.8343887329101562, "max": 3.8343887329101562, "mean": 3.8343887329101562, "count": 4, "std": 0.0, "range": 0.0 }, "geometry": { "type": "Polygon", "coordinates": [ [ [ 724000.0, 6176700.0 ], [ 724000.0, 6176800.0 ], [ 724100.0, 6176800.0 ], [ 724200.0, 6176800.0 ], [ 724200.0, 6176700.0 ], [ 724100.0, 6176700.0 ], [ 724100.0, 6176600.0 ], [ 724100.0, 6176500.0 ], [ 724000.0, 6176500.0 ], [ 724000.0, 6176600.0 ], [ 724000.0, 6176700.0 ] ] ] } },
{ "type": "Feature", "properties": { "Shape_Area": 10000.0, "Shape_Leng": 400.0, "cluster_id": "101_31", "fid_1": 31.0, "id_munic": 31.0, "munic_clus": "101_31", "munic_code": 101.0, "min": 3.2517497539520264, "max": 3.2517497539520264, "mean": 3.2517497539520264, "count": 1, "std": 0.0, "range": 0.0 }, "geometry": { "type": "Polygon", "coordinates": [ [ [ 724100.0, 6176500.0 ], [ 724100.0, 6176600.0 ], [ 724200.0, 6176600.0 ], [ 724200.0, 6176500.0 ], [ 724100.0, 6176500.0 ] ] ] } },
{ "type": "Feature", "properties": { "Shape_Area": 10000.0, "Shape_Leng": 400.0, "cluster_id": "101_32", "fid_1": 32.0, "id_munic": 32.0, "munic_clus": "101_32", "munic_code": 101.0, "min": 3.4495172500610352, "max": 3.4495172500610352, "mean": 3.4495172500610352, "count": 1, "std": 0.0, "range": 0.0 }, "geometry": { "type": "Polygon", "coordinates": [ [ [ 724000.0, 6176400.0 ], [ 724000.0, 6176500.0 ], [ 724100.0, 6176500.0 ], [ 724100.0, 6176400.0 ], [ 724000.0, 6176400.0 ] ] ] } },
{ "type": "Feature", "properties": { "Shape_Area": 10000.0, "Shape_Leng": 400.0, "cluster_id": "101_33", "fid_1": 33.0, "id_munic": 33.0, "munic_clus": "101_33", "munic_code": 101.0, "min": 2.9666781425476074, "max": 2.9666781425476074, "mean": 2.9666781425476074, "count": 1, "std": 0.0, "range": 0.0 }, "geometry": { "type": "Polygon", "coordinates": [ [ [ 724100.0, 6176600.0 ], [ 724100.0, 6176700.0 ], [ 724200.0, 6176700.0 ], [ 724200.0, 6176600.0 ], [ 724100.0, 6176600.0 ] ] ] } },
{ "type": "Feature", "properties": { "Shape_Area": 30000.0, "Shape_Leng": 800.0, "cluster_id": "101_34", "fid_1": 34.0, "id_munic": 34.0, "munic_clus": "101_34", "munic_code": 101.0, "min": 3.3467180728912354, "max": 3.3467180728912354, "mean": 3.3467181523640952, "count": 3, "std": 7.947285984855057e-08, "range": 0.0 }, "geometry": { "type": "Polygon", "coordinates": [ [ [ 724000.0, 6176300.0 ], [ 723900.0, 6176300.0 ], [ 723900.0, 6176400.0 ], [ 724000.0, 6176400.0 ], [ 724100.0, 6176400.0 ], [ 724100.0, 6176300.0 ], [ 724100.0, 6176200.0 ], [ 724000.0, 6176200.0 ], [ 724000.0, 6176300.0 ] ] ] } },
{ "type": "Feature", "properties": { "Shape_Area": 10000.0, "Shape_Leng": 400.0, "cluster_id": "101_35", "fid_1": 35.0, "id_munic": 35.0, "munic_clus": "101_35", "munic_code": 101.0, "min": 3.1877710819244385, "max": 3.1877710819244385, "mean": 3.1877710819244385, "count": 1, "std": 0.0, "range": 0.0 }, "geometry": { "type": "Polygon", "coordinates": [ [ [ 724200.0, 6176700.0 ], [ 724200.0, 6176800.0 ], [ 724300.0, 6176800.0 ], [ 724300.0, 6176700.0 ], [ 724200.0, 6176700.0 ] ] ] } },
{ "type": "Feature", "properties": { "Shape_Area": 10000.0, "Shape_Leng": 400.0, "cluster_id": "101_36", "fid_1": 36.0, "id_munic": 36.0, "munic_clus": "101_36", "munic_code": 101.0, "min": 3.6684441566467285, "max": 3.6684441566467285, "mean": 3.6684441566467285, "count": 1, "std": 0.0, "range": 0.0 }, "geometry": { "type": "Polygon", "coordinates": [ [ [ 724100.0, 6176800.0 ], [ 724100.0, 6176900.0 ], [ 724200.0, 6176900.0 ], [ 724200.0, 6176800.0 ], [ 724100.0, 6176800.0 ] ] ] } },
{ "type": "Feature", "properties": { "Shape_Area": 20000.0, "Shape_Leng": 600.0, "cluster_id": "101_37", "fid_1": 37.0, "id_munic": 37.0, "munic_clus": "101_37", "munic_code": 101.0, "min": 2.9673447608947754, "max": 2.9673447608947754, "mean": 2.9673447608947754, "count": 2, "std": 0.0, "range": 0.0 }, "geometry": { "type": "Polygon", "coordinates": [ [ [ 723900.0, 6176500.0 ], [ 723900.0, 6176600.0 ], [ 724000.0, 6176600.0 ], [ 724000.0, 6176500.0 ], [ 724000.0, 6176400.0 ], [ 723900.0, 6176400.0 ], [ 723900.0, 6176500.0 ] ] ] } },
{ "type": "Feature", "properties": { "Shape_Area": 30000.0, "Shape_Leng": 800.0, "cluster_id": "101_38", "fid_1": 38.0, "id_munic": 38.0, "munic_clus": "101_38", "munic_code": 101.0, "min": 2.6149618625640869, "max": 2.6149618625640869, "mean": 2.6149619420369468, "count": 3, "std": 7.947285984855057e-08, "range": 0.0 }, "geometry": { "type": "Polygon", "coordinates": [ [ [ 723000.0, 6178400.0 ], [ 723000.0, 6178500.0 ], [ 723100.0, 6178500.0 ], [ 723200.0, 6178500.0 ], [ 723200.0, 6178400.0 ], [ 723100.0, 6178400.0 ], [ 723100.0, 6178300.0 ], [ 723000.0, 6178300.0 ], [ 723000.0, 6178400.0 ] ] ] } },
{ "type": "Feature", "properties": { "Shape_Area": 30000.0, "Shape_Leng": 800.0, "cluster_id": "101_39", "fid_1": 39.0, "id_munic": 39.0, "munic_clus": "101_39", "munic_code": 101.0, "min": 2.5351550579071045, "max": 2.5351550579071045, "mean": 2.5351549784342446, "count": 3, "std": 7.947285984855057e-08, "range": 0.0 }, "geometry": { "type": "Polygon", "coordinates": [ [ [ 722800.0, 6178600.0 ], [ 722800.0, 6178700.0 ], [ 722900.0, 6178700.0 ], [ 723000.0, 6178700.0 ], [ 723000.0, 6178600.0 ], [ 722900.0, 6178600.0 ], [ 722900.0, 6178500.0 ], [ 722800.0, 6178500.0 ], [ 722800.0, 6178600.0 ] ] ] } },
{ "type": "Feature", "properties": { "Shape_Area": 20000.0, "Shape_Leng": 600.0, "cluster_id": "101_40", "fid_1": 40.0, "id_munic": 40.0, "munic_clus": "101_40", "munic_code": 101.0, "min": 2.6651120185852051, "max": 2.6651120185852051, "mean": 2.6651120185852051, "count": 2, "std": 0.0, "range": 0.0 }, "geometry": { "type": "Polygon", "coordinates": [ [ [ 723100.0, 6178400.0 ], [ 723200.0, 6178400.0 ], [ 723300.0, 6178400.0 ], [ 723300.0, 6178300.0 ], [ 723200.0, 6178300.0 ], [ 723100.0, 6178300.0 ], [ 723100.0, 6178400.0 ] ] ] } },
{ "type": "Feature", "properties": { "Shape_Area": 20000.0, "Shape_Leng": 600.0, "cluster_id": "101_41", "fid_1": 41.0, "id_munic": 41.0, "munic_clus": "101_41", "munic_code": 101.0, "min": 3.2252583503723145, "max": 3.2252583503723145, "mean": 3.2252583503723145, "count": 2, "std": 0.0, "range": 0.0 }, "geometry": { "type": "Polygon", "coordinates": [ [ [ 723100.0, 6178300.0 ], [ 723200.0, 6178300.0 ], [ 723300.0, 6178300.0 ], [ 723300.0, 6178200.0 ], [ 723200.0, 6178200.0 ], [ 723100.0, 6178200.0 ], [ 723100.0, 6178300.0 ] ] ] } },
{ "type": "Feature", "properties": { "Shape_Area": 10000.0, "Shape_Leng": 400.0, "cluster_id": "101_42", "fid_1": 42.0, "id_munic": 42.0, "munic_clus": "101_42", "munic_code": 101.0, "min": 3.7817397117614746, "max": 3.7817397117614746, "mean": 3.7817397117614746, "count": 1, "std": 0.0, "range": 0.0 }, "geometry": { "type": "Polygon", "coordinates": [ [ [ 719600.0, 6177400.0 ], [ 719600.0, 6177500.0 ], [ 719700.0, 6177500.0 ], [ 719700.0, 6177400.0 ], [ 719600.0, 6177400.0 ] ] ] } },
{ "type": "Feature", "properties": { "Shape_Area": 10000.0, "Shape_Leng": 400.0, "cluster_id": "101_43", "fid_1": 43.0, "id_munic": 43.0, "munic_clus": "101_43", "munic_code": 101.0, "min": 3.2974011898040771, "max": 3.2974011898040771, "mean": 3.2974011898040771, "count": 1, "std": 0.0, "range": 0.0 }, "geometry": { "type": "Polygon", "coordinates": [ [ [ 722900.0, 6178300.0 ], [ 722900.0, 6178400.0 ], [ 723000.0, 6178400.0 ], [ 723000.0, 6178300.0 ], [ 722900.0, 6178300.0 ] ] ] } },
{ "type": "Feature", "properties": { "Shape_Area": 10000.0, "Shape_Leng": 400.0, "cluster_id": "101_44", "fid_1": 44.0, "id_munic": 44.0, "munic_clus": "101_44", "munic_code": 101.0, "min": 2.6404533386230469, "max": 2.6404533386230469, "mean": 2.6404533386230469, "count": 1, "std": 0.0, "range": 0.0 }, "geometry": { "type": "Polygon", "coordinates": [ [ [ 722800.0, 6178400.0 ], [ 722800.0, 6178500.0 ], [ 722900.0, 6178500.0 ], [ 722900.0, 6178400.0 ], [ 722800.0, 6178400.0 ] ] ] } },
{ "type": "Feature", "properties": { "Shape_Area": 30000.0, "Shape_Leng": 800.0, "cluster_id": "101_45", "fid_1": 45.0, "id_munic": 45.0, "munic_clus": "101_45", "munic_code": 101.0, "min": 2.5941357612609863, "max": 2.5941357612609863, "mean": 2.5941357612609863, "count": 3, "std": 0.0, "range": 0.0 }, "geometry": { "type": "Polygon", "coordinates": [ [ [ 722900.0, 6178500.0 ], [ 722900.0, 6178600.0 ], [ 723000.0, 6178600.0 ], [ 723100.0, 6178600.0 ], [ 723100.0, 6178500.0 ], [ 723000.0, 6178500.0 ], [ 723000.0, 6178400.0 ], [ 722900.0, 6178400.0 ], [ 722900.0, 6178500.0 ] ] ] } },
{ "type": "Feature", "properties": { "Shape_Area": 20000.0, "Shape_Leng": 600.0, "cluster_id": "101_46", "fid_1": 46.0, "id_munic": 46.0, "munic_clus": "101_46", "munic_code": 101.0, "min": 2.7539157867431641, "max": 2.7539157867431641, "mean": 2.7539157867431641, "count": 2, "std": 0.0, "range": 0.0 }, "geometry": { "type": "Polygon", "coordinates": [ [ [ 723000.0, 6175400.0 ], [ 723100.0, 6175400.0 ], [ 723200.0, 6175400.0 ], [ 723200.0, 6175300.0 ], [ 723100.0, 6175300.0 ], [ 723000.0, 6175300.0 ], [ 723000.0, 6175400.0 ] ] ] } },
{ "type": "Feature", "properties": { "Shape_Area": 30000.0, "Shape_Leng": 800.0, "cluster_id": "101_47", "fid_1": 47.0, "id_munic": 47.0, "munic_clus": "101_47", "munic_code": 101.0, "min": 3.2925693988800049, "max": 3.2925693988800049, "mean": 3.2925694783528647, "count": 3, "std": 7.947285984855057e-08, "range": 0.0 }, "geometry": { "type": "Polygon", "coordinates": [ [ [ 724500.0, 6178300.0 ], [ 724500.0, 6178400.0 ], [ 724600.0, 6178400.0 ], [ 724700.0, 6178400.0 ], [ 724700.0, 6178300.0 ], [ 724600.0, 6178300.0 ], [ 724600.0, 6178200.0 ], [ 724500.0, 6178200.0 ], [ 724500.0, 6178300.0 ] ] ] } },
{ "type": "Feature", "properties": { "Shape_Area": 10000.0, "Shape_Leng": 400.0, "cluster_id": "101_48", "fid_1": 48.0, "id_munic": 48.0, "munic_clus": "101_48", "munic_code": 101.0, "min": 4.0716428756713867, "max": 4.0716428756713867, "mean": 4.0716428756713867, "count": 1, "std": 0.0, "range": 0.0 }, "geometry": { "type": "Polygon", "coordinates": [ [ [ 719600.0, 6177300.0 ], [ 719600.0, 6177400.0 ], [ 719700.0, 6177400.0 ], [ 719700.0, 6177300.0 ], [ 719600.0, 6177300.0 ] ] ] } },
{ "type": "Feature", "properties": { "Shape_Area": 10000.0, "Shape_Leng": 400.0, "cluster_id": "101_49", "fid_1": 49.0, "id_munic": 49.0, "munic_clus": "101_49", "munic_code": 101.0, "min": 3.2512502670288086, "max": 3.2512502670288086, "mean": 3.2512502670288086, "count": 1, "std": 0.0, "range": 0.0 }, "geometry": { "type": "Polygon", "coordinates": [ [ [ 720000.0, 6177200.0 ], [ 720000.0, 6177300.0 ], [ 720100.0, 6177300.0 ], [ 720100.0, 6177200.0 ], [ 720000.0, 6177200.0 ] ] ] } },
{ "type": "Feature", "properties": { "Shape_Area": 20000.0, "Shape_Leng": 600.0, "cluster_id": "101_50", "fid_1": 50.0, "id_munic": 50.0, "munic_clus": "101_50", "munic_code": 101.0, "min": 3.3805398941040039, "max": 3.3805398941040039, "mean": 3.3805398941040039, "count": 2, "std": 0.0, "range": 0.0 }, "geometry": { "type": "Polygon", "coordinates": [ [ [ 719400.0, 6177500.0 ], [ 719500.0, 6177500.0 ], [ 719600.0, 6177500.0 ], [ 719600.0, 6177400.0 ], [ 719500.0, 6177400.0 ], [ 719400.0, 6177400.0 ], [ 719400.0, 6177500.0 ] ] ] } },
{ "type": "Feature", "properties": { "Shape_Area": 20000.0, "Shape_Leng": 600.0, "cluster_id": "101_51", "fid_1": 51.0, "id_munic": 51.0, "munic_clus": "101_51", "munic_code": 101.0, "min": 2.9976675510406494, "max": 2.9976675510406494, "mean": 2.9976675510406494, "count": 2, "std": 0.0, "range": 0.0 }, "geometry": { "type": "Polygon", "coordinates": [ [ [ 722700.0, 6174400.0 ], [ 722700.0, 6174500.0 ], [ 722800.0, 6174500.0 ], [ 722800.0, 6174400.0 ], [ 722800.0, 6174300.0 ], [ 722700.0, 6174300.0 ], [ 722700.0, 6174400.0 ] ] ] } },
{ "type": "Feature", "properties": { "Shape_Area": 30000.0, "Shape_Leng": 800.0, "cluster_id": "101_52", "fid_1": 52.0, "id_munic": 52.0, "munic_clus": "101_52", "munic_code": 101.0, "min": 2.6947684288024902, "max": 2.6947684288024902, "mean": 2.694768269856771, "count": 3, "std": 1.5894571925301193e-07, "range": 0.0 }, "geometry": { "type": "Polygon", "coordinates": [ [ [ 723400.0, 6176500.0 ], [ 723500.0, 6176500.0 ], [ 723500.0, 6176600.0 ], [ 723600.0, 6176600.0 ], [ 723600.0, 6176500.0 ], [ 723600.0, 6176400.0 ], [ 723500.0, 6176400.0 ], [ 723400.0, 6176400.0 ], [ 723400.0, 6176500.0 ] ] ] } },
{ "type": "Feature", "properties": { "Shape_Area": 20000.0, "Shape_Leng": 600.0, "cluster_id": "101_53", "fid_1": 53.0, "id_munic": 53.0, "munic_clus": "101_53", "munic_code": 101.0, "min": 2.8765413761138916, "max": 2.8765413761138916, "mean": 2.8765413761138916, "count": 2, "std": 0.0, "range": 0.0 }, "geometry": { "type": "Polygon", "coordinates": [ [ [ 724600.0, 6175400.0 ], [ 724700.0, 6175400.0 ], [ 724800.0, 6175400.0 ], [ 724800.0, 6175300.0 ], [ 724700.0, 6175300.0 ], [ 724600.0, 6175300.0 ], [ 724600.0, 6175400.0 ] ] ] } },
{ "type": "Feature", "properties": { "Shape_Area": 70000.0, "Shape_Leng": 1400.0, "cluster_id": "101_54", "fid_1": 54.0, "id_munic": 54.0, "munic_clus": "101_54", "munic_code": 101.0, "min": 3.1967678070068359, "max": 3.1967678070068359, "mean": 3.1967678070068359, "count": 7, "std": 0.0, "range": 0.0 }, "geometry": { "type": "Polygon", "coordinates": [ [ [ 724400.0, 6175200.0 ], [ 724400.0, 6175300.0 ], [ 724400.0, 6175400.0 ], [ 724500.0, 6175400.0 ], [ 724500.0, 6175500.0 ], [ 724600.0, 6175500.0 ], [ 724700.0, 6175500.0 ], [ 724700.0, 6175400.0 ], [ 724600.0, 6175400.0 ], [ 724600.0, 6175300.0 ], [ 724600.0, 6175200.0 ], [ 724600.0, 6175100.0 ], [ 724500.0, 6175100.0 ], [ 724500.0, 6175200.0 ], [ 724400.0, 6175200.0 ] ] ] } },
{ "type": "Feature", "properties": { "Shape_Area": 40000.0, "Shape_Leng": 1000.0, "cluster_id": "101_55", "fid_1": 55.0, "id_munic": 55.0, "munic_clus": "101_55", "munic_code": 101.0, "min": 2.5874710083007812, "max": 2.5874710083007812, "mean": 2.5874710083007812, "count": 4, "std": 0.0, "range": 0.0 }, "geometry": { "type": "Polygon", "coordinates": [ [ [ 723800.0, 6178700.0 ], [ 723700.0, 6178700.0 ], [ 723700.0, 6178800.0 ], [ 723600.0, 6178800.0 ], [ 723600.0, 6178900.0 ], [ 723700.0, 6178900.0 ], [ 723700.0, 6179000.0 ], [ 723800.0, 6179000.0 ], [ 723800.0, 6178900.0 ], [ 723800.0, 6178800.0 ], [ 723800.0, 6178700.0 ] ] ] } },
{ "type": "Feature", "properties": { "Shape_Area": 50000.0, "Shape_Leng": 1000.0, "cluster_id": "101_56", "fid_1": 56.0, "id_munic": 56.0, "munic_clus": "101_56", "munic_code": 101.0, "min": 2.8580472469329834, "max": 2.8580472469329834, "mean": 2.858047294616699, "count": 5, "std": 4.7683715642676816e-08, "range": 0.0 }, "geometry": { "type": "Polygon", "coordinates": [ [ [ 725800.0, 6176300.0 ], [ 725700.0, 6176300.0 ], [ 725600.0, 6176300.0 ], [ 725600.0, 6176400.0 ], [ 725500.0, 6176400.0 ], [ 725500.0, 6176500.0 ], [ 725600.0, 6176500.0 ], [ 725700.0, 6176500.0 ], [ 725800.0, 6176500.0 ], [ 725800.0, 6176400.0 ], [ 725800.0, 6176300.0 ] ] ] } },
{ "type": "Feature", "properties": { "Shape_Area": 70000.0, "Shape_Leng": 1200.0, "cluster_id": "101_57", "fid_1": 57.0, "id_munic": 57.0, "munic_clus": "101_57", "munic_code": 101.0, "min": 3.8378875255584717, "max": 3.8378875255584717, "mean": 3.8378873552594865, "count": 7, "std": 1.7029898513598596e-07, "range": 0.0 }, "geometry": { "type": "Polygon", "coordinates": [ [ [ 725900.0, 6176900.0 ], [ 725900.0, 6177000.0 ], [ 726000.0, 6177000.0 ], [ 726100.0, 6177000.0 ], [ 726100.0, 6176900.0 ], [ 726200.0, 6176900.0 ], [ 726200.0, 6176800.0 ], [ 726100.0, 6176800.0 ], [ 726100.0, 6176700.0 ], [ 726000.0, 6176700.0 ], [ 725900.0, 6176700.0 ], [ 725900.0, 6176800.0 ], [ 725900.0, 6176900.0 ] ] ] } },
{ "type": "Feature", "properties": { "Shape_Area": 20000.0, "Shape_Leng": 600.0, "cluster_id": "101_58", "fid_1": 58.0, "id_munic": 58.0, "munic_clus": "101_58", "munic_code": 101.0, "min": 2.5946352481842041, "max": 2.5946352481842041, "mean": 2.5946352481842041, "count": 2, "std": 0.0, "range": 0.0 }, "geometry": { "type": "Polygon", "coordinates": [ [ [ 722600.0, 6174800.0 ], [ 722600.0, 6174900.0 ], [ 722700.0, 6174900.0 ], [ 722700.0, 6174800.0 ], [ 722700.0, 6174700.0 ], [ 722600.0, 6174700.0 ], [ 722600.0, 6174800.0 ] ] ] } },
{ "type": "Feature", "properties": { "Shape_Area": 30000.0, "Shape_Leng": 800.0, "cluster_id": "101_59", "fid_1": 59.0, "id_munic": 59.0, "munic_clus": "101_59", "munic_code": 101.0, "min": 3.1003000736236572, "max": 3.1003000736236572, "mean": 3.1003001530965171, "count": 3, "std": 7.947285984855057e-08, "range": 0.0 }, "geometry": { "type": "Polygon", "coordinates": [ [ [ 718200.0, 6179100.0 ], [ 718200.0, 6179200.0 ], [ 718300.0, 6179200.0 ], [ 718400.0, 6179200.0 ], [ 718400.0, 6179100.0 ], [ 718300.0, 6179100.0 ], [ 718300.0, 6179000.0 ], [ 718200.0, 6179000.0 ], [ 718200.0, 6179100.0 ] ] ] } },
{ "type": "Feature", "properties": { "Shape_Area": 50000.0, "Shape_Leng": 1200.0, "cluster_id": "101_60", "fid_1": 60.0, "id_munic": 60.0, "munic_clus": "101_60", "munic_code": 101.0, "min": 3.9063644409179688, "max": 3.9063644409179688, "mean": 3.9063644409179688, "count": 5, "std": 0.0, "range": 0.0 }, "geometry": { "type": "Polygon", "coordinates": [ [ [ 718400.0, 6178800.0 ], [ 718300.0, 6178800.0 ], [ 718300.0, 6178900.0 ], [ 718200.0, 6178900.0 ], [ 718100.0, 6178900.0 ], [ 718100.0, 6179000.0 ], [ 718200.0, 6179000.0 ], [ 718300.0, 6179000.0 ], [ 718300.0, 6179100.0 ], [ 718400.0, 6179100.0 ], [ 718400.0, 6179000.0 ], [ 718400.0, 6178900.0 ], [ 718400.0, 6178800.0 ] ] ] } },
{ "type": "Feature", "properties": { "Shape_Area": 80000.0, "Shape_Leng": 1400.0, "cluster_id": "101_61", "fid_1": 61.0, "id_munic": 61.0, "munic_clus": "101_61", "munic_code": 101.0, "min": 3.3552150726318359, "max": 3.3552150726318359, "mean": 3.3552150726318359, "count": 8, "std": 0.0, "range": 0.0 }, "geometry": { "type": "Polygon", "coordinates": [ [ [ 717500.0, 6178700.0 ], [ 717500.0, 6178800.0 ], [ 717400.0, 6178800.0 ], [ 717400.0, 6178900.0 ], [ 717300.0, 6178900.0 ], [ 717300.0, 6179000.0 ], [ 717400.0, 6179000.0 ], [ 717400.0, 6179100.0 ], [ 717500.0, 6179100.0 ], [ 717600.0, 6179100.0 ], [ 717600.0, 6179000.0 ], [ 717600.0, 6178900.0 ], [ 717600.0, 6178800.0 ], [ 717600.0, 6178700.0 ], [ 717500.0, 6178700.0 ] ] ] } },
{ "type": "Feature", "properties": { "Shape_Area": 30000.0, "Shape_Leng": 800.0, "cluster_id": "101_62", "fid_1": 62.0, "id_munic": 62.0, "munic_clus": "101_62", "munic_code": 101.0, "min": 3.0619795322418213, "max": 3.0619795322418213, "mean": 3.0619796117146811, "count": 3, "std": 7.947285984855057e-08, "range": 0.0 }, "geometry": { "type": "Polygon", "coordinates": [ [ [ 718000.0, 6178800.0 ], [ 717900.0, 6178800.0 ], [ 717900.0, 6178900.0 ], [ 718000.0, 6178900.0 ], [ 718100.0, 6178900.0 ], [ 718100.0, 6178800.0 ], [ 718100.0, 6178700.0 ], [ 718000.0, 6178700.0 ], [ 718000.0, 6178800.0 ] ] ] } },
{ "type": "Feature", "properties": { "Shape_Area": 60000.0, "Shape_Leng": 1200.0, "cluster_id": "101_63", "fid_1": 63.0, "id_munic": 63.0, "munic_clus": "101_63", "munic_code": 101.0, "min": 3.4830055236816406, "max": 3.4830055236816406, "mean": 3.4830055236816406, "count": 6, "std": 0.0, "range": 0.0 }, "geometry": { "type": "Polygon", "coordinates": [ [ [ 718000.0, 6178400.0 ], [ 718000.0, 6178500.0 ], [ 718000.0, 6178600.0 ], [ 718100.0, 6178600.0 ], [ 718200.0, 6178600.0 ], [ 718200.0, 6178500.0 ], [ 718200.0, 6178400.0 ], [ 718100.0, 6178400.0 ], [ 718100.0, 6178300.0 ], [ 718100.0, 6178200.0 ], [ 718000.0, 6178200.0 ], [ 718000.0, 6178300.0 ], [ 718000.0, 6178400.0 ] ] ] } },
{ "type": "Feature", "properties": { "Shape_Area": 90000.0, "Shape_Leng": 1400.0, "cluster_id": "101_64", "fid_1": 64.0, "id_munic": 64.0, "munic_clus": "101_64", "munic_code": 101.0, "min": 4.0684781074523926, "max": 4.0684781074523926, "mean": 4.0684780544704857, "count": 9, "std": 5.2981906861759853e-08, "range": 0.0 }, "geometry": { "type": "Polygon", "coordinates": [ [ [ 717700.0, 6178500.0 ], [ 717600.0, 6178500.0 ], [ 717500.0, 6178500.0 ], [ 717400.0, 6178500.0 ], [ 717300.0, 6178500.0 ], [ 717300.0, 6178600.0 ], [ 717300.0, 6178700.0 ], [ 717400.0, 6178700.0 ], [ 717400.0, 6178800.0 ], [ 717500.0, 6178800.0 ], [ 717500.0, 6178700.0 ], [ 717600.0, 6178700.0 ], [ 717700.0, 6178700.0 ], [ 717700.0, 6178600.0 ], [ 717700.0, 6178500.0 ] ] ] } },
{ "type": "Feature", "properties": { "Shape_Area": 100000.0, "Shape_Leng": 1600.0, "cluster_id": "101_65", "fid_1": 65.0, "id_munic": 65.0, "munic_clus": "101_65", "munic_code": 101.0, "min": 3.5171608924865723, "max": 3.5171608924865723, "mean": 3.5171607971191405, "count": 10, "std": 9.5367431729442855e-08, "range": 0.0 }, "geometry": { "type": "Polygon", "coordinates": [ [ [ 717600.0, 6179000.0 ], [ 717600.0, 6179100.0 ], [ 717600.0, 6179200.0 ], [ 717700.0, 6179200.0 ], [ 717800.0, 6179200.0 ], [ 717800.0, 6179100.0 ], [ 717800.0, 6179000.0 ], [ 717900.0, 6179000.0 ], [ 717900.0, 6178900.0 ], [ 717800.0, 6178900.0 ], [ 717800.0, 6178800.0 ], [ 717700.0, 6178800.0 ], [ 717700.0, 6178700.0 ], [ 717600.0, 6178700.0 ], [ 717600.0, 6178800.0 ], [ 717600.0, 6178900.0 ], [ 717600.0, 6179000.0 ] ] ] } },
{ "type": "Feature", "properties": { "Shape_Area": 210000.0, "Shape_Leng": 2400.0, "cluster_id": "101_66", "fid_1": 66.0, "id_munic": 66.0, "munic_clus": "101_66", "munic_code": 101.0, "min": 3.4838385581970215, "max": 3.4838385581970215, "mean": 3.4838387625558034, "count": 21, "std": 2.0435878189672962e-07, "range": 0.0 }, "geometry": { "type": "Polygon", "coordinates": [ [ [ 717600.0, 6178500.0 ], [ 717700.0, 6178500.0 ], [ 717700.0, 6178600.0 ], [ 717700.0, 6178700.0 ], [ 717700.0, 6178800.0 ], [ 717800.0, 6178800.0 ], [ 717800.0, 6178900.0 ], [ 717900.0, 6178900.0 ], [ 717900.0, 6178800.0 ], [ 718000.0, 6178800.0 ], [ 718000.0, 6178700.0 ], [ 718000.0, 6178600.0 ], [ 718000.0, 6178500.0 ], [ 718000.0, 6178400.0 ], [ 718000.0, 6178300.0 ], [ 718000.0, 6178200.0 ], [ 718000.0, 6178100.0 ], [ 717900.0, 6178100.0 ], [ 717900.0, 6178200.0 ], [ 717800.0, 6178200.0 ], [ 717700.0, 6178200.0 ], [ 717700.0, 6178300.0 ], [ 717700.0, 6178400.0 ], [ 717600.0, 6178400.0 ], [ 717600.0, 6178500.0 ] ] ] } },
{ "type": "Feature", "properties": { "Shape_Area": 40000.0, "Shape_Leng": 800.0, "cluster_id": "101_67", "fid_1": 67.0, "id_munic": 67.0, "munic_clus": "101_67", "munic_code": 101.0, "min": 2.7880706787109375, "max": 2.7880706787109375, "mean": 2.7880706787109375, "count": 4, "std": 0.0, "range": 0.0 }, "geometry": { "type": "Polygon", "coordinates": [ [ [ 718300.0, 6178200.0 ], [ 718200.0, 6178200.0 ], [ 718100.0, 6178200.0 ], [ 718100.0, 6178300.0 ], [ 718100.0, 6178400.0 ], [ 718200.0, 6178400.0 ], [ 718300.0, 6178400.0 ], [ 718300.0, 6178300.0 ], [ 718300.0, 6178200.0 ] ] ] } },
{ "type": "Feature", "properties": { "Shape_Area": 110000.0, "Shape_Leng": 1600.0, "cluster_id": "101_68", "fid_1": 68.0, "id_munic": 68.0, "munic_clus": "101_68", "munic_code": 101.0, "min": 4.3930363655090332, "max": 4.3930363655090332, "mean": 4.3930365822531963, "count": 11, "std": 2.1674416306183275e-07, "range": 0.0 }, "geometry": { "type": "Polygon", "coordinates": [ [ [ 718200.0, 6178500.0 ], [ 718200.0, 6178600.0 ], [ 718100.0, 6178600.0 ], [ 718000.0, 6178600.0 ], [ 718000.0, 6178700.0 ], [ 718100.0, 6178700.0 ], [ 718100.0, 6178800.0 ], [ 718100.0, 6178900.0 ], [ 718200.0, 6178900.0 ], [ 718300.0, 6178900.0 ], [ 718300.0, 6178800.0 ], [ 718400.0, 6178800.0 ], [ 718400.0, 6178700.0 ], [ 718400.0, 6178600.0 ], [ 718400.0, 6178500.0 ], [ 718300.0, 6178500.0 ], [ 718200.0, 6178500.0 ] ] ] } },
{ "type": "Feature", "properties": { "Shape_Area": 80000.0, "Shape_Leng": 1200.0, "cluster_id": "101_69", "fid_1": 69.0, "id_munic": 69.0, "munic_clus": "101_69", "munic_code": 101.0, "min": 3.7780740261077881, "max": 3.7780740261077881, "mean": 3.7780740261077881, "count": 8, "std": 0.0, "range": 0.0 }, "geometry": { "type": "Polygon", "coordinates": [ [ [ 717200.0, 6178600.0 ], [ 717100.0, 6178600.0 ], [ 717100.0, 6178700.0 ], [ 717100.0, 6178800.0 ], [ 717100.0, 6178900.0 ], [ 717200.0, 6178900.0 ], [ 717300.0, 6178900.0 ], [ 717400.0, 6178900.0 ], [ 717400.0, 6178800.0 ], [ 717400.0, 6178700.0 ], [ 717300.0, 6178700.0 ], [ 717300.0, 6178600.0 ], [ 717200.0, 6178600.0 ] ] ] } },
{ "type": "Feature", "properties": { "Shape_Area": 100000.0, "Shape_Leng": 1400.0, "cluster_id": "101_70", "fid_1": 70.0, "id_munic": 70.0, "munic_clus": "101_70", "munic_code": 101.0, "min": 3.6051316261291504, "max": 3.6051316261291504, "mean": 3.6051319122314451, "count": 10, "std": 2.8610229474423932e-07, "range": 0.0 }, "geometry": { "type": "Polygon", "coordinates": [ [ [ 718400.0, 6178100.0 ], [ 718400.0, 6178200.0 ], [ 718400.0, 6178300.0 ], [ 718400.0, 6178400.0 ], [ 718400.0, 6178500.0 ], [ 718500.0, 6178500.0 ], [ 718600.0, 6178500.0 ], [ 718600.0, 6178400.0 ], [ 718600.0, 6178300.0 ], [ 718700.0, 6178300.0 ], [ 718700.0, 6178200.0 ], [ 718700.0, 6178100.0 ], [ 718600.0, 6178100.0 ], [ 718500.0, 6178100.0 ], [ 718400.0, 6178100.0 ] ] ] } },
{ "type": "Feature", "properties": { "Shape_Area": 30000.0, "Shape_Leng": 800.0, "cluster_id": "101_71", "fid_1": 71.0, "id_munic": 71.0, "munic_clus": "101_71", "munic_code": 101.0, "min": 3.874042272567749, "max": 3.874042272567749, "mean": 3.8740421930948892, "count": 3, "std": 7.947285984855057e-08, "range": 0.0 }, "geometry": { "type": "Polygon", "coordinates": [ [ [ 718100.0, 6179400.0 ], [ 718100.0, 6179500.0 ], [ 718200.0, 6179500.0 ], [ 718200.0, 6179400.0 ], [ 718300.0, 6179400.0 ], [ 718300.0, 6179300.0 ], [ 718200.0, 6179300.0 ], [ 718100.0, 6179300.0 ], [ 718100.0, 6179400.0 ] ] ] } },
{ "type": "Feature", "properties": { "Shape_Area": 30000.0, "Shape_Leng": 800.0, "cluster_id": "101_72", "fid_1": 72.0, "id_munic": 72.0, "munic_clus": "101_72", "munic_code": 101.0, "min": 3.4956681728363037, "max": 3.4956681728363037, "mean": 3.4956680933634439, "count": 3, "std": 7.947285984855057e-08, "range": 0.0 }, "geometry": { "type": "Polygon", "coordinates": [ [ [ 718200.0, 6179300.0 ], [ 718300.0, 6179300.0 ], [ 718300.0, 6179400.0 ], [ 718400.0, 6179400.0 ], [ 718400.0, 6179300.0 ], [ 718400.0, 6179200.0 ], [ 718300.0, 6179200.0 ], [ 718200.0, 6179200.0 ], [ 718200.0, 6179300.0 ] ] ] } },
{ "type": "Feature", "properties": { "Shape_Area": 60000.0, "Shape_Leng": 1000.0, "cluster_id": "101_73", "fid_1": 73.0, "id_munic": 73.0, "munic_clus": "101_73", "munic_code": 101.0, "min": 4.2802410125732422, "max": 4.2802410125732422, "mean": 4.2802410125732422, "count": 6, "std": 0.0, "range": 0.0 }, "geometry": { "type": "Polygon", "coordinates": [ [ [ 718400.0, 6178700.0 ], [ 718400.0, 6178800.0 ], [ 718500.0, 6178800.0 ], [ 718600.0, 6178800.0 ], [ 718600.0, 6178700.0 ], [ 718600.0, 6178600.0 ], [ 718600.0, 6178500.0 ], [ 718500.0, 6178500.0 ], [ 718400.0, 6178500.0 ], [ 718400.0, 6178600.0 ], [ 718400.0, 6178700.0 ] ] ] } },
{ "type": "Feature", "properties": { "Shape_Area": 20000.0, "Shape_Leng": 600.0, "cluster_id": "101_74", "fid_1": 74.0, "id_munic": 74.0, "munic_clus": "101_74", "munic_code": 101.0, "min": 3.2639124393463135, "max": 3.2639124393463135, "mean": 3.2639124393463135, "count": 2, "std": 0.0, "range": 0.0 }, "geometry": { "type": "Polygon", "coordinates": [ [ [ 719400.0, 6177600.0 ], [ 719500.0, 6177600.0 ], [ 719600.0, 6177600.0 ], [ 719600.0, 6177500.0 ], [ 719500.0, 6177500.0 ], [ 719400.0, 6177500.0 ], [ 719400.0, 6177600.0 ] ] ] } },
{ "type": "Feature", "properties": { "Shape_Area": 60000.0, "Shape_Leng": 1000.0, "cluster_id": "101_75", "fid_1": 75.0, "id_munic": 75.0, "munic_clus": "101_75", "munic_code": 101.0, "min": 3.532822847366333, "max": 3.532822847366333, "mean": 3.5328229268391929, "count": 6, "std": 7.947285984855057e-08, "range": 0.0 }, "geometry": { "type": "Polygon", "coordinates": [ [ [ 719200.0, 6177600.0 ], [ 719200.0, 6177700.0 ], [ 719300.0, 6177700.0 ], [ 719400.0, 6177700.0 ], [ 719400.0, 6177600.0 ], [ 719400.0, 6177500.0 ], [ 719400.0, 6177400.0 ], [ 719300.0, 6177400.0 ], [ 719200.0, 6177400.0 ], [ 719200.0, 6177500.0 ], [ 719200.0, 6177600.0 ] ] ] } },
{ "type": "Feature", "properties": { "Shape_Area": 60000.0, "Shape_Leng": 1200.0, "cluster_id": "101_76", "fid_1": 76.0, "id_munic": 76.0, "munic_clus": "101_76", "munic_code": 101.0, "min": 2.9265246391296387, "max": 2.9265246391296387, "mean": 2.9265244801839194, "count": 6, "std": 1.5894571925301193e-07, "range": 0.0 }, "geometry": { "type": "Polygon", "coordinates": [ [ [ 718700.0, 6177300.0 ], [ 718700.0, 6177400.0 ], [ 718700.0, 6177500.0 ], [ 718700.0, 6177600.0 ], [ 718800.0, 6177600.0 ], [ 718800.0, 6177500.0 ], [ 718900.0, 6177500.0 ], [ 718900.0, 6177400.0 ], [ 718900.0, 6177300.0 ], [ 718900.0, 6177200.0 ], [ 718800.0, 6177200.0 ], [ 718800.0, 6177300.0 ], [ 718700.0, 6177300.0 ] ] ] } },
{ "type": "Feature", "properties": { "Shape_Area": 90000.0, "Shape_Leng": 1400.0, "cluster_id": "101_77", "fid_1": 77.0, "id_munic": 77.0, "munic_clus": "101_77", "munic_code": 101.0, "min": 3.1992676258087158, "max": 3.1992676258087158, "mean": 3.1992679172092013, "count": 9, "std": 2.9140048551923314e-07, "range": 0.0 }, "geometry": { "type": "Polygon", "coordinates": [ [ [ 719100.0, 6177600.0 ], [ 719000.0, 6177600.0 ], [ 718900.0, 6177600.0 ], [ 718800.0, 6177600.0 ], [ 718800.0, 6177700.0 ], [ 718800.0, 6177800.0 ], [ 718900.0, 6177800.0 ], [ 718900.0, 6177900.0 ], [ 719000.0, 6177900.0 ], [ 719100.0, 6177900.0 ], [ 719100.0, 6177800.0 ], [ 719200.0, 6177800.0 ], [ 719200.0, 6177700.0 ], [ 719100.0, 6177700.0 ], [ 719100.0, 6177600.0 ] ] ] } },
{ "type": "Feature", "properties": { "Shape_Area": 10000.0, "Shape_Leng": 400.0, "cluster_id": "101_78", "fid_1": 78.0, "id_munic": 78.0, "munic_clus": "101_78", "munic_code": 101.0, "min": 3.1311230659484863, "max": 3.1311230659484863, "mean": 3.1311230659484863, "count": 1, "std": 0.0, "range": 0.0 }, "geometry": { "type": "Polygon", "coordinates": [ [ [ 718800.0, 6177800.0 ], [ 718800.0, 6177900.0 ], [ 718900.0, 6177900.0 ], [ 718900.0, 6177800.0 ], [ 718800.0, 6177800.0 ] ] ] } },
{ "type": "Feature", "properties": { "Shape_Area": 100000.0, "Shape_Leng": 1600.0, "cluster_id": "101_79", "fid_1": 79.0, "id_munic": 79.0, "munic_clus": "101_79", "munic_code": 101.0, "min": 2.5048317909240723, "max": 2.5048317909240723, "mean": 2.5048316955566405, "count": 10, "std": 9.5367431729442842e-08, "range": 0.0 }, "geometry": { "type": "Polygon", "coordinates": [ [ [ 719000.0, 6177300.0 ], [ 718900.0, 6177300.0 ], [ 718900.0, 6177400.0 ], [ 718900.0, 6177500.0 ], [ 718800.0, 6177500.0 ], [ 718800.0, 6177600.0 ], [ 718900.0, 6177600.0 ], [ 719000.0, 6177600.0 ], [ 719100.0, 6177600.0 ], [ 719100.0, 6177700.0 ], [ 719200.0, 6177700.0 ], [ 719200.0, 6177600.0 ], [ 719200.0, 6177500.0 ], [ 719200.0, 6177400.0 ], [ 719100.0, 6177400.0 ], [ 719100.0, 6177300.0 ], [ 719000.0, 6177300.0 ] ] ] } },
{ "type": "Feature", "properties": { "Shape_Area": 10000.0, "Shape_Leng": 400.0, "cluster_id": "101_80", "fid_1": 80.0, "id_munic": 80.0, "munic_clus": "101_80", "munic_code": 101.0, "min": 3.4798405170440674, "max": 3.4798405170440674, "mean": 3.4798405170440674, "count": 1, "std": 0.0, "range": 0.0 }, "geometry": { "type": "Polygon", "coordinates": [ [ [ 718700.0, 6177800.0 ], [ 718700.0, 6177900.0 ], [ 718800.0, 6177900.0 ], [ 718800.0, 6177800.0 ], [ 718700.0, 6177800.0 ] ] ] } },
{ "type": "Feature", "properties": { "Shape_Area": 40000.0, "Shape_Leng": 1000.0, "cluster_id": "101_81", "fid_1": 81.0, "id_munic": 81.0, "munic_clus": "101_81", "munic_code": 101.0, "min": 3.4071979522705078, "max": 3.4071979522705078, "mean": 3.4071979522705078, "count": 4, "std": 0.0, "range": 0.0 }, "geometry": { "type": "Polygon", "coordinates": [ [ [ 718800.0, 6177600.0 ], [ 718700.0, 6177600.0 ], [ 718700.0, 6177700.0 ], [ 718600.0, 6177700.0 ], [ 718600.0, 6177800.0 ], [ 718600.0, 6177900.0 ], [ 718700.0, 6177900.0 ], [ 718700.0, 6177800.0 ], [ 718800.0, 6177800.0 ], [ 718800.0, 6177700.0 ], [ 718800.0, 6177600.0 ] ] ] } },
{ "type": "Feature", "properties": { "Shape_Area": 10000.0, "Shape_Leng": 400.0, "cluster_id": "101_82", "fid_1": 82.0, "id_munic": 82.0, "munic_clus": "101_82", "munic_code": 101.0, "min": 3.8583812713623047, "max": 3.8583812713623047, "mean": 3.8583812713623047, "count": 1, "std": 0.0, "range": 0.0 }, "geometry": { "type": "Polygon", "coordinates": [ [ [ 724000.0, 6175100.0 ], [ 724000.0, 6175200.0 ], [ 724100.0, 6175200.0 ], [ 724100.0, 6175100.0 ], [ 724000.0, 6175100.0 ] ] ] } },
{ "type": "Feature", "properties": { "Shape_Area": 20000.0, "Shape_Leng": 600.0, "cluster_id": "101_83", "fid_1": 83.0, "id_munic": 83.0, "munic_clus": "101_83", "munic_code": 101.0, "min": 2.880706787109375, "max": 2.880706787109375, "mean": 2.880706787109375, "count": 2, "std": 0.0, "range": 0.0 }, "geometry": { "type": "Polygon", "coordinates": [ [ [ 724000.0, 6175300.0 ], [ 724000.0, 6175400.0 ], [ 724100.0, 6175400.0 ], [ 724100.0, 6175300.0 ], [ 724100.0, 6175200.0 ], [ 724000.0, 6175200.0 ], [ 724000.0, 6175300.0 ] ] ] } },
{ "type": "Feature", "properties": { "Shape_Area": 200000.0, "Shape_Leng": 2400.0, "cluster_id": "101_84", "fid_1": 84.0, "id_munic": 84.0, "munic_clus": "101_84", "munic_code": 101.0, "min": 3.8172273635864258, "max": 3.8172273635864258, "mean": 3.8172271728515623, "count": 20, "std": 1.9073486345888568e-07, "range": 0.0 }, "geometry": { "type": "Polygon", "coordinates": [ [ [ 724000.0, 6175400.0 ], [ 724000.0, 6175500.0 ], [ 724000.0, 6175600.0 ], [ 724100.0, 6175600.0 ], [ 724200.0, 6175600.0 ], [ 724200.0, 6175700.0 ], [ 724300.0, 6175700.0 ], [ 724400.0, 6175700.0 ], [ 724500.0, 6175700.0 ], [ 724500.0, 6175600.0 ], [ 724600.0, 6175600.0 ], [ 724600.0, 6175500.0 ], [ 724500.0, 6175500.0 ], [ 724500.0, 6175400.0 ], [ 724400.0, 6175400.0 ], [ 724400.0, 6175300.0 ], [ 724300.0, 6175300.0 ], [ 724300.0, 6175200.0 ], [ 724200.0, 6175200.0 ], [ 724200.0, 6175100.0 ], [ 724100.0, 6175100.0 ], [ 724100.0, 6175200.0 ], [ 724100.0, 6175300.0 ], [ 724100.0, 6175400.0 ], [ 724000.0, 6175400.0 ] ] ] } },
{ "type": "Feature", "properties": { "Shape_Area": 10000.0, "Shape_Leng": 400.0, "cluster_id": "101_85", "fid_1": 85.0, "id_munic": 85.0, "munic_clus": "101_85", "munic_code": 101.0, "min": 2.9691770076751709, "max": 2.9691770076751709, "mean": 2.9691770076751709, "count": 1, "std": 0.0, "range": 0.0 }, "geometry": { "type": "Polygon", "coordinates": [ [ [ 723900.0, 6175200.0 ], [ 723900.0, 6175300.0 ], [ 724000.0, 6175300.0 ], [ 724000.0, 6175200.0 ], [ 723900.0, 6175200.0 ] ] ] } },
{ "type": "Feature", "properties": { "Shape_Area": 20000.0, "Shape_Leng": 600.0, "cluster_id": "101_86", "fid_1": 86.0, "id_munic": 86.0, "munic_clus": "101_86", "munic_code": 101.0, "min": 2.7264246940612793, "max": 2.7264246940612793, "mean": 2.7264246940612793, "count": 2, "std": 0.0, "range": 0.0 }, "geometry": { "type": "Polygon", "coordinates": [ [ [ 723700.0, 6175200.0 ], [ 723800.0, 6175200.0 ], [ 723900.0, 6175200.0 ], [ 723900.0, 6175100.0 ], [ 723800.0, 6175100.0 ], [ 723700.0, 6175100.0 ], [ 723700.0, 6175200.0 ] ] ] } },
{ "type": "Feature", "properties": { "Shape_Area": 10000.0, "Shape_Leng": 400.0, "cluster_id": "101_89", "fid_1": 89.0, "id_munic": 89.0, "munic_clus": "101_89", "munic_code": 101.0, "min": 3.265911340713501, "max": 3.265911340713501, "mean": 3.265911340713501, "count": 1, "std": 0.0, "range": 0.0 }, "geometry": { "type": "Polygon", "coordinates": [ [ [ 722000.0, 6172600.0 ], [ 722000.0, 6172700.0 ], [ 722100.0, 6172700.0 ], [ 722100.0, 6172600.0 ], [ 722000.0, 6172600.0 ] ] ] } },
{ "type": "Feature", "properties": { "Shape_Area": 50000.0, "Shape_Leng": 1200.0, "cluster_id": "101_90", "fid_1": 90.0, "id_munic": 90.0, "munic_clus": "101_90", "munic_code": 101.0, "min": 3.3512163162231445, "max": 3.3512163162231445, "mean": 3.3512161254882811, "count": 5, "std": 1.9073486345888568e-07, "range": 0.0 }, "geometry": { "type": "Polygon", "coordinates": [ [ [ 721800.0, 6172600.0 ], [ 721700.0, 6172600.0 ], [ 721700.0, 6172700.0 ], [ 721600.0, 6172700.0 ], [ 721600.0, 6172800.0 ], [ 721700.0, 6172800.0 ], [ 721800.0, 6172800.0 ], [ 721900.0, 6172800.0 ], [ 722000.0, 6172800.0 ], [ 722000.0, 6172700.0 ], [ 721900.0, 6172700.0 ], [ 721800.0, 6172700.0 ], [ 721800.0, 6172600.0 ] ] ] } },
{ "type": "Feature", "properties": { "Shape_Area": 10000.0, "Shape_Leng": 400.0, "cluster_id": "101_91", "fid_1": 91.0, "id_munic": 91.0, "munic_clus": "101_91", "munic_code": 101.0, "min": 3.2375876903533936, "max": 3.2375876903533936, "mean": 3.2375876903533936, "count": 1, "std": 0.0, "range": 0.0 }, "geometry": { "type": "Polygon", "coordinates": [ [ [ 721700.0, 6172400.0 ], [ 721700.0, 6172500.0 ], [ 721800.0, 6172500.0 ], [ 721800.0, 6172400.0 ], [ 721700.0, 6172400.0 ] ] ] } },
{ "type": "Feature", "properties": { "Shape_Area": 10000.0, "Shape_Leng": 400.0, "cluster_id": "101_92", "fid_1": 92.0, "id_munic": 92.0, "munic_clus": "101_92", "munic_code": 101.0, "min": 2.8275575637817383, "max": 2.8275575637817383, "mean": 2.8275575637817383, "count": 1, "std": 0.0, "range": 0.0 }, "geometry": { "type": "Polygon", "coordinates": [ [ [ 721800.0, 6172500.0 ], [ 721800.0, 6172600.0 ], [ 721900.0, 6172600.0 ], [ 721900.0, 6172500.0 ], [ 721800.0, 6172500.0 ] ] ] } },
{ "type": "Feature", "properties": { "Shape_Area": 10000.0, "Shape_Leng": 400.0, "cluster_id": "101_93", "fid_1": 93.0, "id_munic": 93.0, "munic_clus": "101_93", "munic_code": 101.0, "min": 3.8210597038269043, "max": 3.8210597038269043, "mean": 3.8210597038269043, "count": 1, "std": 0.0, "range": 0.0 }, "geometry": { "type": "Polygon", "coordinates": [ [ [ 722000.0, 6172500.0 ], [ 722000.0, 6172600.0 ], [ 722100.0, 6172600.0 ], [ 722100.0, 6172500.0 ], [ 722000.0, 6172500.0 ] ] ] } },
{ "type": "Feature", "properties": { "Shape_Area": 50000.0, "Shape_Leng": 1000.0, "cluster_id": "101_94", "fid_1": 94.0, "id_munic": 94.0, "munic_clus": "101_94", "munic_code": 101.0, "min": 3.3602144718170166, "max": 3.3602144718170166, "mean": 3.360214614868164, "count": 5, "std": 1.4305114737211966e-07, "range": 0.0 }, "geometry": { "type": "Polygon", "coordinates": [ [ [ 721700.0, 6172000.0 ], [ 721700.0, 6172100.0 ], [ 721800.0, 6172100.0 ], [ 721900.0, 6172100.0 ], [ 721900.0, 6172000.0 ], [ 721900.0, 6171900.0 ], [ 721800.0, 6171900.0 ], [ 721800.0, 6171800.0 ], [ 721700.0, 6171800.0 ], [ 721700.0, 6171900.0 ], [ 721700.0, 6172000.0 ] ] ] } },
{ "type": "Feature", "properties": { "Shape_Area": 10000.0, "Shape_Leng": 400.0, "cluster_id": "101_95", "fid_1": 95.0, "id_munic": 95.0, "munic_clus": "101_95", "munic_code": 101.0, "min": 3.5284905433654785, "max": 3.5284905433654785, "mean": 3.5284905433654785, "count": 1, "std": 0.0, "range": 0.0 }, "geometry": { "type": "Polygon", "coordinates": [ [ [ 721900.0, 6172600.0 ], [ 721900.0, 6172700.0 ], [ 722000.0, 6172700.0 ], [ 722000.0, 6172600.0 ], [ 721900.0, 6172600.0 ] ] ] } },
{ "type": "Feature", "properties": { "Shape_Area": 10000.0, "Shape_Leng": 400.0, "cluster_id": "101_96", "fid_1": 96.0, "id_munic": 96.0, "munic_clus": "101_96", "munic_code": 101.0, "min": 3.6719427108764648, "max": 3.6719427108764648, "mean": 3.6719427108764648, "count": 1, "std": 0.0, "range": 0.0 }, "geometry": { "type": "Polygon", "coordinates": [ [ [ 721800.0, 6172300.0 ], [ 721800.0, 6172400.0 ], [ 721900.0, 6172400.0 ], [ 721900.0, 6172300.0 ], [ 721800.0, 6172300.0 ] ] ] } },
{ "type": "Feature", "properties": { "Shape_Area": 10000.0, "Shape_Leng": 400.0, "cluster_id": "101_97", "fid_1": 97.0, "id_munic": 97.0, "munic_clus": "101_97", "munic_code": 101.0, "min": 3.038487434387207, "max": 3.038487434387207, "mean": 3.038487434387207, "count": 1, "std": 0.0, "range": 0.0 }, "geometry": { "type": "Polygon", "coordinates": [ [ [ 721900.0, 6172500.0 ], [ 721900.0, 6172600.0 ], [ 722000.0, 6172600.0 ], [ 722000.0, 6172500.0 ], [ 721900.0, 6172500.0 ] ] ] } },
{ "type": "Feature", "properties": { "Shape_Area": 10000.0, "Shape_Leng": 400.0, "cluster_id": "101_98", "fid_1": 98.0, "id_munic": 98.0, "munic_clus": "101_98", "munic_code": 101.0, "min": 3.2274246215820312, "max": 3.2274246215820312, "mean": 3.2274246215820312, "count": 1, "std": 0.0, "range": 0.0 }, "geometry": { "type": "Polygon", "coordinates": [ [ [ 721900.0, 6172300.0 ], [ 721900.0, 6172400.0 ], [ 722000.0, 6172400.0 ], [ 722000.0, 6172300.0 ], [ 721900.0, 6172300.0 ] ] ] } },
{ "type": "Feature", "properties": { "Shape_Area": 130000.0, "Shape_Leng": 1800.0, "cluster_id": "101_99", "fid_1": 99.0, "id_munic": 99.0, "munic_clus": "101_99", "munic_code": 101.0, "min": 3.9290242195129395, "max": 3.9290242195129395, "mean": 3.9290243295522838, "count": 13, "std": 1.1003934430320329e-07, "range": 0.0 }, "geometry": { "type": "Polygon", "coordinates": [ [ [ 722000.0, 6172100.0 ], [ 721900.0, 6172100.0 ], [ 721800.0, 6172100.0 ], [ 721700.0, 6172100.0 ], [ 721700.0, 6172200.0 ], [ 721700.0, 6172300.0 ], [ 721800.0, 6172300.0 ], [ 721900.0, 6172300.0 ], [ 722000.0, 6172300.0 ], [ 722000.0, 6172400.0 ], [ 722000.0, 6172500.0 ], [ 722100.0, 6172500.0 ], [ 722100.0, 6172400.0 ], [ 722200.0, 6172400.0 ], [ 722200.0, 6172300.0 ], [ 722200.0, 6172200.0 ], [ 722200.0, 6172100.0 ], [ 722100.0, 6172100.0 ], [ 722000.0, 6172100.0 ] ] ] } },
{ "type": "Feature", "properties": { "Shape_Area": 20000.0, "Shape_Leng": 600.0, "cluster_id": "101_100", "fid_1": 100.0, "id_munic": 100.0, "munic_clus": "101_100", "munic_code": 101.0, "min": 4.2039322853088379, "max": 4.2039322853088379, "mean": 4.2039322853088379, "count": 2, "std": 0.0, "range": 0.0 }, "geometry": { "type": "Polygon", "coordinates": [ [ [ 722500.0, 6172900.0 ], [ 722500.0, 6173000.0 ], [ 722600.0, 6173000.0 ], [ 722600.0, 6172900.0 ], [ 722600.0, 6172800.0 ], [ 722500.0, 6172800.0 ], [ 722500.0, 6172900.0 ] ] ] } },
{ "type": "Feature", "properties": { "Shape_Area": 20000.0, "Shape_Leng": 600.0, "cluster_id": "101_101", "fid_1": 101.0, "id_munic": 101.0, "munic_clus": "101_101", "munic_code": 101.0, "min": 3.545318603515625, "max": 3.545318603515625, "mean": 3.545318603515625, "count": 2, "std": 0.0, "range": 0.0 }, "geometry": { "type": "Polygon", "coordinates": [ [ [ 722600.0, 6175000.0 ], [ 722600.0, 6175100.0 ], [ 722700.0, 6175100.0 ], [ 722700.0, 6175000.0 ], [ 722700.0, 6174900.0 ], [ 722600.0, 6174900.0 ], [ 722600.0, 6175000.0 ] ] ] } },
{ "type": "Feature", "properties": { "Shape_Area": 20000.0, "Shape_Leng": 600.0, "cluster_id": "101_102", "fid_1": 102.0, "id_munic": 102.0, "munic_clus": "101_102", "munic_code": 101.0, "min": 3.417860746383667, "max": 3.417860746383667, "mean": 3.417860746383667, "count": 2, "std": 0.0, "range": 0.0 }, "geometry": { "type": "Polygon", "coordinates": [ [ [ 721800.0, 6172500.0 ], [ 721900.0, 6172500.0 ], [ 722000.0, 6172500.0 ], [ 722000.0, 6172400.0 ], [ 721900.0, 6172400.0 ], [ 721800.0, 6172400.0 ], [ 721800.0, 6172500.0 ] ] ] } },
{ "type": "Feature", "properties": { "Shape_Area": 20000.0, "Shape_Leng": 600.0, "cluster_id": "101_103", "fid_1": 103.0, "id_munic": 103.0, "munic_clus": "101_103", "munic_code": 101.0, "min": 3.7930688858032227, "max": 3.7930688858032227, "mean": 3.7930688858032227, "count": 2, "std": 0.0, "range": 0.0 }, "geometry": { "type": "Polygon", "coordinates": [ [ [ 721600.0, 6172600.0 ], [ 721600.0, 6172700.0 ], [ 721700.0, 6172700.0 ], [ 721700.0, 6172600.0 ], [ 721700.0, 6172500.0 ], [ 721600.0, 6172500.0 ], [ 721600.0, 6172600.0 ] ] ] } },
{ "type": "Feature", "properties": { "Shape_Area": 10000.0, "Shape_Leng": 400.0, "cluster_id": "101_104", "fid_1": 104.0, "id_munic": 104.0, "munic_clus": "101_104", "munic_code": 101.0, "min": 3.8310565948486328, "max": 3.8310565948486328, "mean": 3.8310565948486328, "count": 1, "std": 0.0, "range": 0.0 }, "geometry": { "type": "Polygon", "coordinates": [ [ [ 721700.0, 6172500.0 ], [ 721700.0, 6172600.0 ], [ 721800.0, 6172600.0 ], [ 721800.0, 6172500.0 ], [ 721700.0, 6172500.0 ] ] ] } },
{ "type": "Feature", "properties": { "Shape_Area": 10000.0, "Shape_Leng": 400.0, "cluster_id": "101_105", "fid_1": 105.0, "id_munic": 105.0, "munic_clus": "101_105", "munic_code": 101.0, "min": 3.6502830982208252, "max": 3.6502830982208252, "mean": 3.6502830982208252, "count": 1, "std": 0.0, "range": 0.0 }, "geometry": { "type": "Polygon", "coordinates": [ [ [ 721800.0, 6172600.0 ], [ 721800.0, 6172700.0 ], [ 721900.0, 6172700.0 ], [ 721900.0, 6172600.0 ], [ 721800.0, 6172600.0 ] ] ] } },
{ "type": "Feature", "properties": { "Shape_Area": 20000.0, "Shape_Leng": 600.0, "cluster_id": "101_106", "fid_1": 106.0, "id_munic": 106.0, "munic_clus": "101_106", "munic_code": 101.0, "min": 3.2394204139709473, "max": 3.2394204139709473, "mean": 3.2394204139709473, "count": 2, "std": 0.0, "range": 0.0 }, "geometry": { "type": "Polygon", "coordinates": [ [ [ 722100.0, 6172500.0 ], [ 722100.0, 6172600.0 ], [ 722200.0, 6172600.0 ], [ 722200.0, 6172500.0 ], [ 722200.0, 6172400.0 ], [ 722100.0, 6172400.0 ], [ 722100.0, 6172500.0 ] ] ] } },
{ "type": "Feature", "properties": { "Shape_Area": 30000.0, "Shape_Leng": 800.0, "cluster_id": "101_107", "fid_1": 107.0, "id_munic": 107.0, "munic_clus": "101_107", "munic_code": 101.0, "min": 3.5201597213745117, "max": 3.5201597213745117, "mean": 3.5201597213745117, "count": 3, "std": 0.0, "range": 0.0 }, "geometry": { "type": "Polygon", "coordinates": [ [ [ 722400.0, 6172600.0 ], [ 722300.0, 6172600.0 ], [ 722300.0, 6172700.0 ], [ 722400.0, 6172700.0 ], [ 722500.0, 6172700.0 ], [ 722500.0, 6172600.0 ], [ 722500.0, 6172500.0 ], [ 722400.0, 6172500.0 ], [ 722400.0, 6172600.0 ] ] ] } },
{ "type": "Feature", "properties": { "Shape_Area": 10000.0, "Shape_Leng": 400.0, "cluster_id": "101_108", "fid_1": 108.0, "id_munic": 108.0, "munic_clus": "101_108", "munic_code": 101.0, "min": 3.0876376628875732, "max": 3.0876376628875732, "mean": 3.0876376628875732, "count": 1, "std": 0.0, "range": 0.0 }, "geometry": { "type": "Polygon", "coordinates": [ [ [ 722400.0, 6172700.0 ], [ 722400.0, 6172800.0 ], [ 722500.0, 6172800.0 ], [ 722500.0, 6172700.0 ], [ 722400.0, 6172700.0 ] ] ] } },
{ "type": "Feature", "properties": { "Shape_Area": 70000.0, "Shape_Leng": 1200.0, "cluster_id": "101_109", "fid_1": 109.0, "id_munic": 109.0, "munic_clus": "101_109", "munic_code": 101.0, "min": 3.2179276943206787, "max": 3.2179276943206787, "mean": 3.2179276602608815, "count": 7, "std": 3.4059797204832876e-08, "range": 0.0 }, "geometry": { "type": "Polygon", "coordinates": [ [ [ 722500.0, 6172300.0 ], [ 722500.0, 6172200.0 ], [ 722400.0, 6172200.0 ], [ 722300.0, 6172200.0 ], [ 722200.0, 6172200.0 ], [ 722200.0, 6172300.0 ], [ 722200.0, 6172400.0 ], [ 722200.0, 6172500.0 ], [ 722300.0, 6172500.0 ], [ 722400.0, 6172500.0 ], [ 722400.0, 6172400.0 ], [ 722400.0, 6172300.0 ], [ 722500.0, 6172300.0 ] ] ] } },
{ "type": "Feature", "properties": { "Shape_Area": 20000.0, "Shape_Leng": 600.0, "cluster_id": "101_110", "fid_1": 110.0, "id_munic": 110.0, "munic_clus": "101_110", "munic_code": 101.0, "min": 2.8668782711029053, "max": 2.8668782711029053, "mean": 2.8668782711029053, "count": 2, "std": 0.0, "range": 0.0 }, "geometry": { "type": "Polygon", "coordinates": [ [ [ 722200.0, 6172600.0 ], [ 722300.0, 6172600.0 ], [ 722400.0, 6172600.0 ], [ 722400.0, 6172500.0 ], [ 722300.0, 6172500.0 ], [ 722200.0, 6172500.0 ], [ 722200.0, 6172600.0 ] ] ] } },
{ "type": "Feature", "properties": { "Shape_Area": 10000.0, "Shape_Leng": 400.0, "cluster_id": "101_111", "fid_1": 111.0, "id_munic": 111.0, "munic_clus": "101_111", "munic_code": 101.0, "min": 3.2800736427307129, "max": 3.2800736427307129, "mean": 3.2800736427307129, "count": 1, "std": 0.0, "range": 0.0 }, "geometry": { "type": "Polygon", "coordinates": [ [ [ 724300.0, 6176800.0 ], [ 724300.0, 6176900.0 ], [ 724400.0, 6176900.0 ], [ 724400.0, 6176800.0 ], [ 724300.0, 6176800.0 ] ] ] } },
{ "type": "Feature", "properties": { "Shape_Area": 10000.0, "Shape_Leng": 400.0, "cluster_id": "101_112", "fid_1": 112.0, "id_munic": 112.0, "munic_clus": "101_112", "munic_code": 101.0, "min": 3.9305236339569092, "max": 3.9305236339569092, "mean": 3.9305236339569092, "count": 1, "std": 0.0, "range": 0.0 }, "geometry": { "type": "Polygon", "coordinates": [ [ [ 724400.0, 6176700.0 ], [ 724400.0, 6176800.0 ], [ 724500.0, 6176800.0 ], [ 724500.0, 6176700.0 ], [ 724400.0, 6176700.0 ] ] ] } },
{ "type": "Feature", "properties": { "Shape_Area": 10000.0, "Shape_Leng": 400.0, "cluster_id": "101_113", "fid_1": 113.0, "id_munic": 113.0, "munic_clus": "101_113", "munic_code": 101.0, "min": 3.3160614967346191, "max": 3.3160614967346191, "mean": 3.3160614967346191, "count": 1, "std": 0.0, "range": 0.0 }, "geometry": { "type": "Polygon", "coordinates": [ [ [ 724500.0, 6176700.0 ], [ 724500.0, 6176800.0 ], [ 724600.0, 6176800.0 ], [ 724600.0, 6176700.0 ], [ 724500.0, 6176700.0 ] ] ] } },
{ "type": "Feature", "properties": { "Shape_Area": 10000.0, "Shape_Leng": 400.0, "cluster_id": "101_114", "fid_1": 114.0, "id_munic": 114.0, "munic_clus": "101_114", "munic_code": 101.0, "min": 2.9023661613464355, "max": 2.9023661613464355, "mean": 2.9023661613464355, "count": 1, "std": 0.0, "range": 0.0 }, "geometry": { "type": "Polygon", "coordinates": [ [ [ 724200.0, 6176600.0 ], [ 724200.0, 6176700.0 ], [ 724300.0, 6176700.0 ], [ 724300.0, 6176600.0 ], [ 724200.0, 6176600.0 ] ] ] } },
{ "type": "Feature", "properties": { "Shape_Area": 30000.0, "Shape_Leng": 800.0, "cluster_id": "101_115", "fid_1": 115.0, "id_munic": 115.0, "munic_clus": "101_115", "munic_code": 101.0, "min": 3.7057645320892334, "max": 3.7057645320892334, "mean": 3.7057644526163735, "count": 3, "std": 7.947285984855057e-08, "range": 0.0 }, "geometry": { "type": "Polygon", "coordinates": [ [ [ 724300.0, 6176700.0 ], [ 724300.0, 6176800.0 ], [ 724400.0, 6176800.0 ], [ 724400.0, 6176700.0 ], [ 724500.0, 6176700.0 ], [ 724500.0, 6176600.0 ], [ 724400.0, 6176600.0 ], [ 724300.0, 6176600.0 ], [ 724300.0, 6176700.0 ] ] ] } },
{ "type": "Feature", "properties": { "Shape_Area": 10000.0, "Shape_Leng": 400.0, "cluster_id": "101_116", "fid_1": 116.0, "id_munic": 116.0, "munic_clus": "101_116", "munic_code": 101.0, "min": 3.4880044460296631, "max": 3.4880044460296631, "mean": 3.4880044460296631, "count": 1, "std": 0.0, "range": 0.0 }, "geometry": { "type": "Polygon", "coordinates": [ [ [ 724100.0, 6176400.0 ], [ 724100.0, 6176500.0 ], [ 724200.0, 6176500.0 ], [ 724200.0, 6176400.0 ], [ 724100.0, 6176400.0 ] ] ] } },
{ "type": "Feature", "properties": { "Shape_Area": 50000.0, "Shape_Leng": 1000.0, "cluster_id": "101_117", "fid_1": 117.0, "id_munic": 117.0, "munic_clus": "101_117", "munic_code": 101.0, "min": 3.1916029453277588, "max": 3.1916029453277588, "mean": 3.1916028976440431, "count": 5, "std": 4.7683715642676816e-08, "range": 0.0 }, "geometry": { "type": "Polygon", "coordinates": [ [ [ 719100.0, 6175500.0 ], [ 719100.0, 6175600.0 ], [ 719200.0, 6175600.0 ], [ 719300.0, 6175600.0 ], [ 719300.0, 6175500.0 ], [ 719300.0, 6175400.0 ], [ 719200.0, 6175400.0 ], [ 719200.0, 6175300.0 ], [ 719100.0, 6175300.0 ], [ 719100.0, 6175400.0 ], [ 719100.0, 6175500.0 ] ] ] } },
{ "type": "Feature", "properties": { "Shape_Area": 10000.0, "Shape_Leng": 400.0, "cluster_id": "101_118", "fid_1": 118.0, "id_munic": 118.0, "munic_clus": "101_118", "munic_code": 101.0, "min": 3.2452518939971924, "max": 3.2452518939971924, "mean": 3.2452518939971924, "count": 1, "std": 0.0, "range": 0.0 }, "geometry": { "type": "Polygon", "coordinates": [ [ [ 723200.0, 6175400.0 ], [ 723200.0, 6175500.0 ], [ 723300.0, 6175500.0 ], [ 723300.0, 6175400.0 ], [ 723200.0, 6175400.0 ] ] ] } },
{ "type": "Feature", "properties": { "Shape_Area": 20000.0, "Shape_Leng": 600.0, "cluster_id": "101_119", "fid_1": 119.0, "id_munic": 119.0, "munic_clus": "101_119", "munic_code": 101.0, "min": 2.620126485824585, "max": 2.620126485824585, "mean": 2.620126485824585, "count": 2, "std": 0.0, "range": 0.0 }, "geometry": { "type": "Polygon", "coordinates": [ [ [ 723300.0, 6175500.0 ], [ 723400.0, 6175500.0 ], [ 723500.0, 6175500.0 ], [ 723500.0, 6175400.0 ], [ 723400.0, 6175400.0 ], [ 723300.0, 6175400.0 ], [ 723300.0, 6175500.0 ] ] ] } },
{ "type": "Feature", "properties": { "Shape_Area": 20000.0, "Shape_Leng": 600.0, "cluster_id": "101_120", "fid_1": 120.0, "id_munic": 120.0, "munic_clus": "101_120", "munic_code": 101.0, "min": 3.6182947158813477, "max": 3.6182947158813477, "mean": 3.6182947158813477, "count": 2, "std": 0.0, "range": 0.0 }, "geometry": { "type": "Polygon", "coordinates": [ [ [ 723500.0, 6175500.0 ], [ 723600.0, 6175500.0 ], [ 723700.0, 6175500.0 ], [ 723700.0, 6175400.0 ], [ 723600.0, 6175400.0 ], [ 723500.0, 6175400.0 ], [ 723500.0, 6175500.0 ] ] ] } },
{ "type": "Feature", "properties": { "Shape_Area": 60000.0, "Shape_Leng": 1400.0, "cluster_id": "101_121", "fid_1": 121.0, "id_munic": 121.0, "munic_clus": "101_121", "munic_code": 101.0, "min": 2.8200600147247314, "max": 2.8200600147247314, "mean": 2.8200600941975913, "count": 6, "std": 7.947285984855057e-08, "range": 0.0 }, "geometry": { "type": "Polygon", "coordinates": [ [ [ 723700.0, 6175600.0 ], [ 723800.0, 6175600.0 ], [ 723900.0, 6175600.0 ], [ 723900.0, 6175700.0 ], [ 724000.0, 6175700.0 ], [ 724100.0, 6175700.0 ], [ 724100.0, 6175600.0 ], [ 724000.0, 6175600.0 ], [ 724000.0, 6175500.0 ], [ 723900.0, 6175500.0 ], [ 723800.0, 6175500.0 ], [ 723800.0, 6175400.0 ], [ 723700.0, 6175400.0 ], [ 723700.0, 6175500.0 ], [ 723700.0, 6175600.0 ] ] ] } },
{ "type": "Feature", "properties": { "Shape_Area": 20000.0, "Shape_Leng": 600.0, "cluster_id": "101_122", "fid_1": 122.0, "id_munic": 122.0, "munic_clus": "101_122", "munic_code": 101.0, "min": 2.4223594665527344, "max": 2.4223594665527344, "mean": 2.4223594665527344, "count": 2, "std": 0.0, "range": 0.0 }, "geometry": { "type": "Polygon", "coordinates": [ [ [ 723600.0, 6175300.0 ], [ 723600.0, 6175400.0 ], [ 723700.0, 6175400.0 ], [ 723700.0, 6175300.0 ], [ 723700.0, 6175200.0 ], [ 723600.0, 6175200.0 ], [ 723600.0, 6175300.0 ] ] ] } },
{ "type": "Feature", "properties": { "Shape_Area": 20000.0, "Shape_Leng": 600.0, "cluster_id": "101_123", "fid_1": 123.0, "id_munic": 123.0, "munic_clus": "101_123", "munic_code": 101.0, "min": 4.1456193923950195, "max": 4.1456193923950195, "mean": 4.1456193923950195, "count": 2, "std": 0.0, "range": 0.0 }, "geometry": { "type": "Polygon", "coordinates": [ [ [ 723700.0, 6175300.0 ], [ 723800.0, 6175300.0 ], [ 723900.0, 6175300.0 ], [ 723900.0, 6175200.0 ], [ 723800.0, 6175200.0 ], [ 723700.0, 6175200.0 ], [ 723700.0, 6175300.0 ] ] ] } },
{ "type": "Feature", "properties": { "Shape_Area": 40000.0, "Shape_Leng": 1000.0, "cluster_id": "101_124", "fid_1": 124.0, "id_munic": 124.0, "munic_clus": "101_124", "munic_code": 101.0, "min": 2.9020328521728516, "max": 2.9020328521728516, "mean": 2.9020328521728516, "count": 4, "std": 0.0, "range": 0.0 }, "geometry": { "type": "Polygon", "coordinates": [ [ [ 723800.0, 6177200.0 ], [ 723800.0, 6177300.0 ], [ 723800.0, 6177400.0 ], [ 723900.0, 6177400.0 ], [ 723900.0, 6177300.0 ], [ 723900.0, 6177200.0 ], [ 723900.0, 6177100.0 ], [ 723800.0, 6177100.0 ], [ 723700.0, 6177100.0 ], [ 723700.0, 6177200.0 ], [ 723800.0, 6177200.0 ] ] ] } },
{ "type": "Feature", "properties": { "Shape_Area": 10000.0, "Shape_Leng": 400.0, "cluster_id": "101_125", "fid_1": 125.0, "id_munic": 125.0, "munic_clus": "101_125", "munic_code": 101.0, "min": 3.1899371147155762, "max": 3.1899371147155762, "mean": 3.1899371147155762, "count": 1, "std": 0.0, "range": 0.0 }, "geometry": { "type": "Polygon", "coordinates": [ [ [ 723900.0, 6177200.0 ], [ 723900.0, 6177300.0 ], [ 724000.0, 6177300.0 ], [ 724000.0, 6177200.0 ], [ 723900.0, 6177200.0 ] ] ] } },
{ "type": "Feature", "properties": { "Shape_Area": 10000.0, "Shape_Leng": 400.0, "cluster_id": "101_126", "fid_1": 126.0, "id_munic": 126.0, "munic_clus": "101_126", "munic_code": 101.0, "min": 2.7090973854064941, "max": 2.7090973854064941, "mean": 2.7090973854064941, "count": 1, "std": 0.0, "range": 0.0 }, "geometry": { "type": "Polygon", "coordinates": [ [ [ 723900.0, 6177100.0 ], [ 723900.0, 6177200.0 ], [ 724000.0, 6177200.0 ], [ 724000.0, 6177100.0 ], [ 723900.0, 6177100.0 ] ] ] } },
{ "type": "Feature", "properties": { "Shape_Area": 30000.0, "Shape_Leng": 800.0, "cluster_id": "101_127", "fid_1": 127.0, "id_munic": 127.0, "munic_clus": "101_127", "munic_code": 101.0, "min": 3.3820393085479736, "max": 3.3820393085479736, "mean": 3.3820393880208335, "count": 3, "std": 7.947285984855057e-08, "range": 0.0 }, "geometry": { "type": "Polygon", "coordinates": [ [ [ 724100.0, 6177600.0 ], [ 724000.0, 6177600.0 ], [ 724000.0, 6177700.0 ], [ 724100.0, 6177700.0 ], [ 724200.0, 6177700.0 ], [ 724200.0, 6177600.0 ], [ 724200.0, 6177500.0 ], [ 724100.0, 6177500.0 ], [ 724100.0, 6177600.0 ] ] ] } },
{ "type": "Feature", "properties": { "Shape_Area": 30000.0, "Shape_Leng": 800.0, "cluster_id": "101_128", "fid_1": 128.0, "id_munic": 128.0, "munic_clus": "101_128", "munic_code": 101.0, "min": 3.2400870323181152, "max": 3.2400870323181152, "mean": 3.240086873372396, "count": 3, "std": 1.5894571925301193e-07, "range": 0.0 }, "geometry": { "type": "Polygon", "coordinates": [ [ [ 724000.0, 6177500.0 ], [ 723900.0, 6177500.0 ], [ 723900.0, 6177600.0 ], [ 724000.0, 6177600.0 ], [ 724100.0, 6177600.0 ], [ 724100.0, 6177500.0 ], [ 724100.0, 6177400.0 ], [ 724000.0, 6177400.0 ], [ 724000.0, 6177500.0 ] ] ] } },
{ "type": "Feature", "properties": { "Shape_Area": 10000.0, "Shape_Leng": 400.0, "cluster_id": "101_129", "fid_1": 129.0, "id_munic": 129.0, "munic_clus": "101_129", "munic_code": 101.0, "min": 2.6571147441864014, "max": 2.6571147441864014, "mean": 2.6571147441864014, "count": 1, "std": 0.0, "range": 0.0 }, "geometry": { "type": "Polygon", "coordinates": [ [ [ 724200.0, 6177500.0 ], [ 724200.0, 6177600.0 ], [ 724300.0, 6177600.0 ], [ 724300.0, 6177500.0 ], [ 724200.0, 6177500.0 ] ] ] } },
{ "type": "Feature", "properties": { "Shape_Area": 20000.0, "Shape_Leng": 600.0, "cluster_id": "101_130", "fid_1": 130.0, "id_munic": 130.0, "munic_clus": "101_130", "munic_code": 101.0, "min": 2.9203600883483887, "max": 2.9203600883483887, "mean": 2.9203600883483887, "count": 2, "std": 0.0, "range": 0.0 }, "geometry": { "type": "Polygon", "coordinates": [ [ [ 724000.0, 6177300.0 ], [ 724000.0, 6177400.0 ], [ 724100.0, 6177400.0 ], [ 724100.0, 6177300.0 ], [ 724100.0, 6177200.0 ], [ 724000.0, 6177200.0 ], [ 724000.0, 6177300.0 ] ] ] } },
{ "type": "Feature", "properties": { "Shape_Area": 10000.0, "Shape_Leng": 400.0, "cluster_id": "101_131", "fid_1": 131.0, "id_munic": 131.0, "munic_clus": "101_131", "munic_code": 101.0, "min": 2.6562809944152832, "max": 2.6562809944152832, "mean": 2.6562809944152832, "count": 1, "std": 0.0, "range": 0.0 }, "geometry": { "type": "Polygon", "coordinates": [ [ [ 720000.0, 6177500.0 ], [ 720000.0, 6177600.0 ], [ 720100.0, 6177600.0 ], [ 720100.0, 6177500.0 ], [ 720000.0, 6177500.0 ] ] ] } },
{ "type": "Feature", "properties": { "Shape_Area": 30000.0, "Shape_Leng": 800.0, "cluster_id": "101_132", "fid_1": 132.0, "id_munic": 132.0, "munic_clus": "101_132", "munic_code": 101.0, "min": 2.785405158996582, "max": 2.785405158996582, "mean": 2.785405158996582, "count": 3, "std": 0.0, "range": 0.0 }, "geometry": { "type": "Polygon", "coordinates": [ [ [ 719600.0, 6177600.0 ], [ 719700.0, 6177600.0 ], [ 719800.0, 6177600.0 ], [ 719900.0, 6177600.0 ], [ 719900.0, 6177500.0 ], [ 719800.0, 6177500.0 ], [ 719700.0, 6177500.0 ], [ 719600.0, 6177500.0 ], [ 719600.0, 6177600.0 ] ] ] } },
{ "type": "Feature", "properties": { "Shape_Area": 50000.0, "Shape_Leng": 1000.0, "cluster_id": "101_133", "fid_1": 133.0, "id_munic": 133.0, "munic_clus": "101_133", "munic_code": 101.0, "min": 3.5501503944396973, "max": 3.5501503944396973, "mean": 3.5501502990722655, "count": 5, "std": 9.5367431729442842e-08, "range": 0.0 }, "geometry": { "type": "Polygon", "coordinates": [ [ [ 722600.0, 6174200.0 ], [ 722500.0, 6174200.0 ], [ 722500.0, 6174300.0 ], [ 722500.0, 6174400.0 ], [ 722600.0, 6174400.0 ], [ 722700.0, 6174400.0 ], [ 722700.0, 6174300.0 ], [ 722800.0, 6174300.0 ], [ 722800.0, 6174200.0 ], [ 722700.0, 6174200.0 ], [ 722600.0, 6174200.0 ] ] ] } },
{ "type": "Feature", "properties": { "Shape_Area": 30000.0, "Shape_Leng": 800.0, "cluster_id": "101_134", "fid_1": 134.0, "id_munic": 134.0, "munic_clus": "101_134", "munic_code": 101.0, "min": 3.2270915508270264, "max": 3.2270915508270264, "mean": 3.2270914713541665, "count": 3, "std": 7.947285984855057e-08, "range": 0.0 }, "geometry": { "type": "Polygon", "coordinates": [ [ [ 720200.0, 6177600.0 ], [ 720200.0, 6177700.0 ], [ 720300.0, 6177700.0 ], [ 720300.0, 6177600.0 ], [ 720400.0, 6177600.0 ], [ 720400.0, 6177500.0 ], [ 720300.0, 6177500.0 ], [ 720200.0, 6177500.0 ], [ 720200.0, 6177600.0 ] ] ] } },
{ "type": "Feature", "properties": { "Shape_Area": 40000.0, "Shape_Leng": 1000.0, "cluster_id": "101_135", "fid_1": 135.0, "id_munic": 135.0, "munic_clus": "101_135", "munic_code": 101.0, "min": 2.7257583141326904, "max": 2.7257583141326904, "mean": 2.7257583141326904, "count": 4, "std": 0.0, "range": 0.0 }, "geometry": { "type": "Polygon", "coordinates": [ [ [ 720000.0, 6177700.0 ], [ 720000.0, 6177800.0 ], [ 720100.0, 6177800.0 ], [ 720100.0, 6177700.0 ], [ 720200.0, 6177700.0 ], [ 720200.0, 6177600.0 ], [ 720100.0, 6177600.0 ], [ 720000.0, 6177600.0 ], [ 719900.0, 6177600.0 ], [ 719900.0, 6177700.0 ], [ 720000.0, 6177700.0 ] ] ] } },
{ "type": "Feature", "properties": { "Shape_Area": 40000.0, "Shape_Leng": 1000.0, "cluster_id": "101_136", "fid_1": 136.0, "id_munic": 136.0, "munic_clus": "101_136", "munic_code": 101.0, "min": 3.2779076099395752, "max": 3.2779076099395752, "mean": 3.2779076099395752, "count": 4, "std": 0.0, "range": 0.0 }, "geometry": { "type": "Polygon", "coordinates": [ [ [ 720400.0, 6177700.0 ], [ 720400.0, 6177800.0 ], [ 720500.0, 6177800.0 ], [ 720500.0, 6177700.0 ], [ 720600.0, 6177700.0 ], [ 720600.0, 6177600.0 ], [ 720500.0, 6177600.0 ], [ 720400.0, 6177600.0 ], [ 720300.0, 6177600.0 ], [ 720300.0, 6177700.0 ], [ 720400.0, 6177700.0 ] ] ] } },
{ "type": "Feature", "properties": { "Shape_Area": 10000.0, "Shape_Leng": 400.0, "cluster_id": "101_137", "fid_1": 137.0, "id_munic": 137.0, "munic_clus": "101_137", "munic_code": 101.0, "min": 3.8103971481323242, "max": 3.8103971481323242, "mean": 3.8103971481323242, "count": 1, "std": 0.0, "range": 0.0 }, "geometry": { "type": "Polygon", "coordinates": [ [ [ 724900.0, 6177500.0 ], [ 724900.0, 6177600.0 ], [ 725000.0, 6177600.0 ], [ 725000.0, 6177500.0 ], [ 724900.0, 6177500.0 ] ] ] } },
{ "type": "Feature", "properties": { "Shape_Area": 20000.0, "Shape_Leng": 600.0, "cluster_id": "101_138", "fid_1": 138.0, "id_munic": 138.0, "munic_clus": "101_138", "munic_code": 101.0, "min": 2.4398531913757324, "max": 2.4398531913757324, "mean": 2.4398531913757324, "count": 2, "std": 0.0, "range": 0.0 }, "geometry": { "type": "Polygon", "coordinates": [ [ [ 724900.0, 6178000.0 ], [ 725000.0, 6178000.0 ], [ 725100.0, 6178000.0 ], [ 725100.0, 6177900.0 ], [ 725000.0, 6177900.0 ], [ 724900.0, 6177900.0 ], [ 724900.0, 6178000.0 ] ] ] } },
{ "type": "Feature", "properties": { "Shape_Area": 10000.0, "Shape_Leng": 400.0, "cluster_id": "101_139", "fid_1": 139.0, "id_munic": 139.0, "munic_clus": "101_139", "munic_code": 101.0, "min": 3.0554816722869873, "max": 3.0554816722869873, "mean": 3.0554816722869873, "count": 1, "std": 0.0, "range": 0.0 }, "geometry": { "type": "Polygon", "coordinates": [ [ [ 724200.0, 6176900.0 ], [ 724200.0, 6177000.0 ], [ 724300.0, 6177000.0 ], [ 724300.0, 6176900.0 ], [ 724200.0, 6176900.0 ] ] ] } },
{ "type": "Feature", "properties": { "Shape_Area": 20000.0, "Shape_Leng": 600.0, "cluster_id": "101_140", "fid_1": 140.0, "id_munic": 140.0, "munic_clus": "101_140", "munic_code": 101.0, "min": 3.5749754905700684, "max": 3.5749754905700684, "mean": 3.5749754905700684, "count": 2, "std": 0.0, "range": 0.0 }, "geometry": { "type": "Polygon", "coordinates": [ [ [ 721900.0, 6180100.0 ], [ 722000.0, 6180100.0 ], [ 722100.0, 6180100.0 ], [ 722100.0, 6180000.0 ], [ 722000.0, 6180000.0 ], [ 721900.0, 6180000.0 ], [ 721900.0, 6180100.0 ] ] ] } },
{ "type": "Feature", "properties": { "Shape_Area": 10000.0, "Shape_Leng": 400.0, "cluster_id": "101_141", "fid_1": 141.0, "id_munic": 141.0, "munic_clus": "101_141", "munic_code": 101.0, "min": 2.292236328125, "max": 2.292236328125, "mean": 2.292236328125, "count": 1, "std": 0.0, "range": 0.0 }, "geometry": { "type": "Polygon", "coordinates": [ [ [ 724500.0, 6177200.0 ], [ 724500.0, 6177300.0 ], [ 724600.0, 6177300.0 ], [ 724600.0, 6177200.0 ], [ 724500.0, 6177200.0 ] ] ] } },
{ "type": "Feature", "properties": { "Shape_Area": 10000.0, "Shape_Leng": 400.0, "cluster_id": "101_142", "fid_1": 142.0, "id_munic": 142.0, "munic_clus": "101_142", "munic_code": 101.0, "min": 3.4703433513641357, "max": 3.4703433513641357, "mean": 3.4703433513641357, "count": 1, "std": 0.0, "range": 0.0 }, "geometry": { "type": "Polygon", "coordinates": [ [ [ 724400.0, 6177300.0 ], [ 724400.0, 6177400.0 ], [ 724500.0, 6177400.0 ], [ 724500.0, 6177300.0 ], [ 724400.0, 6177300.0 ] ] ] } },
{ "type": "Feature", "properties": { "Shape_Area": 10000.0, "Shape_Leng": 400.0, "cluster_id": "101_143", "fid_1": 143.0, "id_munic": 143.0, "munic_clus": "101_143", "munic_code": 101.0, "min": 3.0686438083648682, "max": 3.0686438083648682, "mean": 3.0686438083648682, "count": 1, "std": 0.0, "range": 0.0 }, "geometry": { "type": "Polygon", "coordinates": [ [ [ 724500.0, 6177300.0 ], [ 724500.0, 6177400.0 ], [ 724600.0, 6177400.0 ], [ 724600.0, 6177300.0 ], [ 724500.0, 6177300.0 ] ] ] } },
{ "type": "Feature", "properties": { "Shape_Area": 80000.0, "Shape_Leng": 1400.0, "cluster_id": "101_144", "fid_1": 144.0, "id_munic": 144.0, "munic_clus": "101_144", "munic_code": 101.0, "min": 3.7555820941925049, "max": 3.7555820941925049, "mean": 3.755582332611084, "count": 8, "std": 2.384185791015625e-07, "range": 0.0 }, "geometry": { "type": "Polygon", "coordinates": [ [ [ 724300.0, 6176900.0 ], [ 724300.0, 6177000.0 ], [ 724200.0, 6177000.0 ], [ 724200.0, 6177100.0 ], [ 724300.0, 6177100.0 ], [ 724300.0, 6177200.0 ], [ 724300.0, 6177300.0 ], [ 724400.0, 6177300.0 ], [ 724500.0, 6177300.0 ], [ 724500.0, 6177200.0 ], [ 724500.0, 6177100.0 ], [ 724500.0, 6177000.0 ], [ 724400.0, 6177000.0 ], [ 724400.0, 6176900.0 ], [ 724300.0, 6176900.0 ] ] ] } },
{ "type": "Feature", "properties": { "Shape_Area": 10000.0, "Shape_Leng": 400.0, "cluster_id": "101_145", "fid_1": 145.0, "id_munic": 145.0, "munic_clus": "101_145", "munic_code": 101.0, "min": 3.6427860260009766, "max": 3.6427860260009766, "mean": 3.6427860260009766, "count": 1, "std": 0.0, "range": 0.0 }, "geometry": { "type": "Polygon", "coordinates": [ [ [ 722900.0, 6174800.0 ], [ 722900.0, 6174900.0 ], [ 723000.0, 6174900.0 ], [ 723000.0, 6174800.0 ], [ 722900.0, 6174800.0 ] ] ] } },
{ "type": "Feature", "properties": { "Shape_Area": 20000.0, "Shape_Leng": 600.0, "cluster_id": "101_146", "fid_1": 146.0, "id_munic": 146.0, "munic_clus": "101_146", "munic_code": 101.0, "min": 3.3605468273162842, "max": 3.3605468273162842, "mean": 3.3605468273162842, "count": 2, "std": 0.0, "range": 0.0 }, "geometry": { "type": "Polygon", "coordinates": [ [ [ 723400.0, 6175100.0 ], [ 723500.0, 6175100.0 ], [ 723600.0, 6175100.0 ], [ 723600.0, 6175000.0 ], [ 723500.0, 6175000.0 ], [ 723400.0, 6175000.0 ], [ 723400.0, 6175100.0 ] ] ] } },
{ "type": "Feature", "properties": { "Shape_Area": 60000.0, "Shape_Leng": 1000.0, "cluster_id": "101_147", "fid_1": 147.0, "id_munic": 147.0, "munic_clus": "101_147", "munic_code": 101.0, "min": 2.7894039154052734, "max": 2.7894039154052734, "mean": 2.7894039154052734, "count": 6, "std": 0.0, "range": 0.0 }, "geometry": { "type": "Polygon", "coordinates": [ [ [ 723300.0, 6175300.0 ], [ 723300.0, 6175400.0 ], [ 723400.0, 6175400.0 ], [ 723500.0, 6175400.0 ], [ 723500.0, 6175300.0 ], [ 723500.0, 6175200.0 ], [ 723500.0, 6175100.0 ], [ 723400.0, 6175100.0 ], [ 723300.0, 6175100.0 ], [ 723300.0, 6175200.0 ], [ 723300.0, 6175300.0 ] ] ] } },
{ "type": "Feature", "properties": { "Shape_Area": 10000.0, "Shape_Leng": 400.0, "cluster_id": "101_148", "fid_1": 148.0, "id_munic": 148.0, "munic_clus": "101_148", "munic_code": 101.0, "min": 2.2322561740875244, "max": 2.2322561740875244, "mean": 2.2322561740875244, "count": 1, "std": 0.0, "range": 0.0 }, "geometry": { "type": "Polygon", "coordinates": [ [ [ 723000.0, 6174800.0 ], [ 723000.0, 6174900.0 ], [ 723100.0, 6174900.0 ], [ 723100.0, 6174800.0 ], [ 723000.0, 6174800.0 ] ] ] } },
{ "type": "Feature", "properties": { "Shape_Area": 20000.0, "Shape_Leng": 600.0, "cluster_id": "101_149", "fid_1": 149.0, "id_munic": 149.0, "munic_clus": "101_149", "munic_code": 101.0, "min": 2.6391205787658691, "max": 2.6391205787658691, "mean": 2.6391205787658691, "count": 2, "std": 0.0, "range": 0.0 }, "geometry": { "type": "Polygon", "coordinates": [ [ [ 723100.0, 6174900.0 ], [ 723100.0, 6175000.0 ], [ 723200.0, 6175000.0 ], [ 723200.0, 6174900.0 ], [ 723200.0, 6174800.0 ], [ 723100.0, 6174800.0 ], [ 723100.0, 6174900.0 ] ] ] } },
{ "type": "Feature", "properties": { "Shape_Area": 20000.0, "Shape_Leng": 600.0, "cluster_id": "101_150", "fid_1": 150.0, "id_munic": 150.0, "munic_clus": "101_150", "munic_code": 101.0, "min": 3.228090763092041, "max": 3.228090763092041, "mean": 3.228090763092041, "count": 2, "std": 0.0, "range": 0.0 }, "geometry": { "type": "Polygon", "coordinates": [ [ [ 722900.0, 6175000.0 ], [ 723000.0, 6175000.0 ], [ 723100.0, 6175000.0 ], [ 723100.0, 6174900.0 ], [ 723000.0, 6174900.0 ], [ 722900.0, 6174900.0 ], [ 722900.0, 6175000.0 ] ] ] } },
{ "type": "Feature", "properties": { "Shape_Area": 90000.0, "Shape_Leng": 1800.0, "cluster_id": "101_151", "fid_1": 151.0, "id_munic": 151.0, "munic_clus": "101_151", "munic_code": 101.0, "min": 3.1861050128936768, "max": 3.1861050128936768, "mean": 3.1861050923665366, "count": 9, "std": 7.947285984855057e-08, "range": 0.0 }, "geometry": { "type": "Polygon", "coordinates": [ [ [ 721700.0, 6174100.0 ], [ 721600.0, 6174100.0 ], [ 721500.0, 6174100.0 ], [ 721500.0, 6174200.0 ], [ 721400.0, 6174200.0 ], [ 721300.0, 6174200.0 ], [ 721300.0, 6174300.0 ], [ 721400.0, 6174300.0 ], [ 721500.0, 6174300.0 ], [ 721600.0, 6174300.0 ], [ 721700.0, 6174300.0 ], [ 721800.0, 6174300.0 ], [ 721900.0, 6174300.0 ], [ 722000.0, 6174300.0 ], [ 722000.0, 6174200.0 ], [ 721900.0, 6174200.0 ], [ 721800.0, 6174200.0 ], [ 721700.0, 6174200.0 ], [ 721700.0, 6174100.0 ] ] ] } },
{ "type": "Feature", "properties": { "Shape_Area": 300000.0, "Shape_Leng": 2400.0, "cluster_id": "101_152", "fid_1": 152.0, "id_munic": 152.0, "munic_clus": "101_152", "munic_code": 101.0, "min": 3.001333475112915, "max": 3.001333475112915, "mean": 3.0013336181640624, "count": 30, "std": 1.4305114737211966e-07, "range": 0.0 }, "geometry": { "type": "Polygon", "coordinates": [ [ [ 721500.0, 6174300.0 ], [ 721500.0, 6174400.0 ], [ 721500.0, 6174500.0 ], [ 721500.0, 6174600.0 ], [ 721600.0, 6174600.0 ], [ 721700.0, 6174600.0 ], [ 721700.0, 6174700.0 ], [ 721800.0, 6174700.0 ], [ 721900.0, 6174700.0 ], [ 722000.0, 6174700.0 ], [ 722100.0, 6174700.0 ], [ 722200.0, 6174700.0 ], [ 722300.0, 6174700.0 ], [ 722300.0, 6174600.0 ], [ 722300.0, 6174500.0 ], [ 722300.0, 6174400.0 ], [ 722300.0, 6174300.0 ], [ 722200.0, 6174300.0 ], [ 722100.0, 6174300.0 ], [ 722000.0, 6174300.0 ], [ 721900.0, 6174300.0 ], [ 721800.0, 6174300.0 ], [ 721700.0, 6174300.0 ], [ 721600.0, 6174300.0 ], [ 721500.0, 6174300.0 ] ] ] } },
{ "type": "Feature", "properties": { "Shape_Area": 10000.0, "Shape_Leng": 400.0, "cluster_id": "101_153", "fid_1": 153.0, "id_munic": 153.0, "munic_clus": "101_153", "munic_code": 101.0, "min": 3.0221590995788574, "max": 3.0221590995788574, "mean": 3.0221590995788574, "count": 1, "std": 0.0, "range": 0.0 }, "geometry": { "type": "Polygon", "coordinates": [ [ [ 723500.0, 6175100.0 ], [ 723500.0, 6175200.0 ], [ 723600.0, 6175200.0 ], [ 723600.0, 6175100.0 ], [ 723500.0, 6175100.0 ] ] ] } },
{ "type": "Feature", "properties": { "Shape_Area": 20000.0, "Shape_Leng": 600.0, "cluster_id": "101_154", "fid_1": 154.0, "id_munic": 154.0, "munic_clus": "101_154", "munic_code": 101.0, "min": 4.1251249313354492, "max": 4.1251249313354492, "mean": 4.1251249313354492, "count": 2, "std": 0.0, "range": 0.0 }, "geometry": { "type": "Polygon", "coordinates": [ [ [ 723300.0, 6175000.0 ], [ 723300.0, 6175100.0 ], [ 723400.0, 6175100.0 ], [ 723400.0, 6175000.0 ], [ 723400.0, 6174900.0 ], [ 723300.0, 6174900.0 ], [ 723300.0, 6175000.0 ] ] ] } },
{ "type": "Feature", "properties": { "Shape_Area": 10000.0, "Shape_Leng": 400.0, "cluster_id": "101_155", "fid_1": 155.0, "id_munic": 155.0, "munic_clus": "101_155", "munic_code": 101.0, "min": 2.9493508338928223, "max": 2.9493508338928223, "mean": 2.9493508338928223, "count": 1, "std": 0.0, "range": 0.0 }, "geometry": { "type": "Polygon", "coordinates": [ [ [ 723200.0, 6174900.0 ], [ 723200.0, 6175000.0 ], [ 723300.0, 6175000.0 ], [ 723300.0, 6174900.0 ], [ 723200.0, 6174900.0 ] ] ] } },
{ "type": "Feature", "properties": { "Shape_Area": 10000.0, "Shape_Leng": 400.0, "cluster_id": "101_156", "fid_1": 156.0, "id_munic": 156.0, "munic_clus": "101_156", "munic_code": 101.0, "min": 3.7584140300750732, "max": 3.7584140300750732, "mean": 3.7584140300750732, "count": 1, "std": 0.0, "range": 0.0 }, "geometry": { "type": "Polygon", "coordinates": [ [ [ 723600.0, 6175100.0 ], [ 723600.0, 6175200.0 ], [ 723700.0, 6175200.0 ], [ 723700.0, 6175100.0 ], [ 723600.0, 6175100.0 ] ] ] } },
{ "type": "Feature", "properties": { "Shape_Area": 20000.0, "Shape_Leng": 600.0, "cluster_id": "101_157", "fid_1": 157.0, "id_munic": 157.0, "munic_clus": "101_157", "munic_code": 101.0, "min": 3.5423195362091064, "max": 3.5423195362091064, "mean": 3.5423195362091064, "count": 2, "std": 0.0, "range": 0.0 }, "geometry": { "type": "Polygon", "coordinates": [ [ [ 723500.0, 6175300.0 ], [ 723500.0, 6175400.0 ], [ 723600.0, 6175400.0 ], [ 723600.0, 6175300.0 ], [ 723600.0, 6175200.0 ], [ 723500.0, 6175200.0 ], [ 723500.0, 6175300.0 ] ] ] } },
{ "type": "Feature", "properties": { "Shape_Area": 10000.0, "Shape_Leng": 400.0, "cluster_id": "101_158", "fid_1": 158.0, "id_munic": 158.0, "munic_clus": "101_158", "munic_code": 101.0, "min": 2.7569143772125244, "max": 2.7569143772125244, "mean": 2.7569143772125244, "count": 1, "std": 0.0, "range": 0.0 }, "geometry": { "type": "Polygon", "coordinates": [ [ [ 723000.0, 6175000.0 ], [ 723000.0, 6175100.0 ], [ 723100.0, 6175100.0 ], [ 723100.0, 6175000.0 ], [ 723000.0, 6175000.0 ] ] ] } },
{ "type": "Feature", "properties": { "Shape_Area": 10000.0, "Shape_Leng": 400.0, "cluster_id": "101_159", "fid_1": 159.0, "id_munic": 159.0, "munic_clus": "101_159", "munic_code": 101.0, "min": 2.9483509063720703, "max": 2.9483509063720703, "mean": 2.9483509063720703, "count": 1, "std": 0.0, "range": 0.0 }, "geometry": { "type": "Polygon", "coordinates": [ [ [ 723100.0, 6175000.0 ], [ 723100.0, 6175100.0 ], [ 723200.0, 6175100.0 ], [ 723200.0, 6175000.0 ], [ 723100.0, 6175000.0 ] ] ] } },
{ "type": "Feature", "properties": { "Shape_Area": 20000.0, "Shape_Leng": 600.0, "cluster_id": "101_160", "fid_1": 160.0, "id_munic": 160.0, "munic_clus": "101_160", "munic_code": 101.0, "min": 2.994002103805542, "max": 2.994002103805542, "mean": 2.994002103805542, "count": 2, "std": 0.0, "range": 0.0 }, "geometry": { "type": "Polygon", "coordinates": [ [ [ 723000.0, 6175200.0 ], [ 723000.0, 6175300.0 ], [ 723100.0, 6175300.0 ], [ 723100.0, 6175200.0 ], [ 723100.0, 6175100.0 ], [ 723000.0, 6175100.0 ], [ 723000.0, 6175200.0 ] ] ] } },
{ "type": "Feature", "properties": { "Shape_Area": 20000.0, "Shape_Leng": 600.0, "cluster_id": "101_161", "fid_1": 161.0, "id_munic": 161.0, "munic_clus": "101_161", "munic_code": 101.0, "min": 3.6734423637390137, "max": 3.6734423637390137, "mean": 3.6734423637390137, "count": 2, "std": 0.0, "range": 0.0 }, "geometry": { "type": "Polygon", "coordinates": [ [ [ 723200.0, 6175300.0 ], [ 723200.0, 6175400.0 ], [ 723300.0, 6175400.0 ], [ 723300.0, 6175300.0 ], [ 723300.0, 6175200.0 ], [ 723200.0, 6175200.0 ], [ 723200.0, 6175300.0 ] ] ] } },
{ "type": "Feature", "properties": { "Shape_Area": 20000.0, "Shape_Leng": 600.0, "cluster_id": "101_162", "fid_1": 162.0, "id_munic": 162.0, "munic_clus": "101_162", "munic_code": 101.0, "min": 3.1182947158813477, "max": 3.1182947158813477, "mean": 3.1182947158813477, "count": 2, "std": 0.0, "range": 0.0 }, "geometry": { "type": "Polygon", "coordinates": [ [ [ 723200.0, 6175100.0 ], [ 723200.0, 6175200.0 ], [ 723300.0, 6175200.0 ], [ 723300.0, 6175100.0 ], [ 723300.0, 6175000.0 ], [ 723200.0, 6175000.0 ], [ 723200.0, 6175100.0 ] ] ] } },
{ "type": "Feature", "properties": { "Shape_Area": 20000.0, "Shape_Leng": 600.0, "cluster_id": "101_163", "fid_1": 163.0, "id_munic": 163.0, "munic_clus": "101_163", "munic_code": 101.0, "min": 3.0551486015319824, "max": 3.0551486015319824, "mean": 3.0551486015319824, "count": 2, "std": 0.0, "range": 0.0 }, "geometry": { "type": "Polygon", "coordinates": [ [ [ 723100.0, 6175200.0 ], [ 723100.0, 6175300.0 ], [ 723200.0, 6175300.0 ], [ 723200.0, 6175200.0 ], [ 723200.0, 6175100.0 ], [ 723100.0, 6175100.0 ], [ 723100.0, 6175200.0 ] ] ] } },
{ "type": "Feature", "properties": { "Shape_Area": 30000.0, "Shape_Leng": 800.0, "cluster_id": "101_164", "fid_1": 164.0, "id_munic": 164.0, "munic_clus": "101_164", "munic_code": 101.0, "min": 4.3978681564331055, "max": 4.3978681564331055, "mean": 4.3978681564331055, "count": 3, "std": 0.0, "range": 0.0 }, "geometry": { "type": "Polygon", "coordinates": [ [ [ 723600.0, 6177300.0 ], [ 723700.0, 6177300.0 ], [ 723700.0, 6177400.0 ], [ 723800.0, 6177400.0 ], [ 723800.0, 6177300.0 ], [ 723800.0, 6177200.0 ], [ 723700.0, 6177200.0 ], [ 723600.0, 6177200.0 ], [ 723600.0, 6177300.0 ] ] ] } },
{ "type": "Feature", "properties": { "Shape_Area": 10000.0, "Shape_Leng": 400.0, "cluster_id": "101_165", "fid_1": 165.0, "id_munic": 165.0, "munic_clus": "101_165", "munic_code": 101.0, "min": 3.0743088722229004, "max": 3.0743088722229004, "mean": 3.0743088722229004, "count": 1, "std": 0.0, "range": 0.0 }, "geometry": { "type": "Polygon", "coordinates": [ [ [ 723200.0, 6178100.0 ], [ 723200.0, 6178200.0 ], [ 723300.0, 6178200.0 ], [ 723300.0, 6178100.0 ], [ 723200.0, 6178100.0 ] ] ] } },
{ "type": "Feature", "properties": { "Shape_Area": 10000.0, "Shape_Leng": 400.0, "cluster_id": "101_166", "fid_1": 166.0, "id_munic": 166.0, "munic_clus": "101_166", "munic_code": 101.0, "min": 3.4140291213989258, "max": 3.4140291213989258, "mean": 3.4140291213989258, "count": 1, "std": 0.0, "range": 0.0 }, "geometry": { "type": "Polygon", "coordinates": [ [ [ 723300.0, 6178200.0 ], [ 723300.0, 6178300.0 ], [ 723400.0, 6178300.0 ], [ 723400.0, 6178200.0 ], [ 723300.0, 6178200.0 ] ] ] } },
{ "type": "Feature", "properties": { "Shape_Area": 40000.0, "Shape_Leng": 1000.0, "cluster_id": "101_167", "fid_1": 167.0, "id_munic": 167.0, "munic_clus": "101_167", "munic_code": 101.0, "min": 3.3492169380187988, "max": 3.3492169380187988, "mean": 3.3492169380187988, "count": 4, "std": 0.0, "range": 0.0 }, "geometry": { "type": "Polygon", "coordinates": [ [ [ 723600.0, 6177200.0 ], [ 723500.0, 6177200.0 ], [ 723500.0, 6177300.0 ], [ 723400.0, 6177300.0 ], [ 723400.0, 6177400.0 ], [ 723500.0, 6177400.0 ], [ 723500.0, 6177500.0 ], [ 723600.0, 6177500.0 ], [ 723600.0, 6177400.0 ], [ 723600.0, 6177300.0 ], [ 723600.0, 6177200.0 ] ] ] } },
{ "type": "Feature", "properties": { "Shape_Area": 20000.0, "Shape_Leng": 600.0, "cluster_id": "101_168", "fid_1": 168.0, "id_munic": 168.0, "munic_clus": "101_168", "munic_code": 101.0, "min": 2.2435858249664307, "max": 2.2435858249664307, "mean": 2.2435858249664307, "count": 2, "std": 0.0, "range": 0.0 }, "geometry": { "type": "Polygon", "coordinates": [ [ [ 723600.0, 6177400.0 ], [ 723600.0, 6177500.0 ], [ 723700.0, 6177500.0 ], [ 723700.0, 6177400.0 ], [ 723700.0, 6177300.0 ], [ 723600.0, 6177300.0 ], [ 723600.0, 6177400.0 ] ] ] } },
{ "type": "Feature", "properties": { "Shape_Area": 30000.0, "Shape_Leng": 800.0, "cluster_id": "101_169", "fid_1": 169.0, "id_munic": 169.0, "munic_clus": "101_169", "munic_code": 101.0, "min": 2.703099250793457, "max": 2.703099250793457, "mean": 2.703099250793457, "count": 3, "std": 0.0, "range": 0.0 }, "geometry": { "type": "Polygon", "coordinates": [ [ [ 723200.0, 6177800.0 ], [ 723100.0, 6177800.0 ], [ 723100.0, 6177900.0 ], [ 723200.0, 6177900.0 ], [ 723300.0, 6177900.0 ], [ 723300.0, 6177800.0 ], [ 723300.0, 6177700.0 ], [ 723200.0, 6177700.0 ], [ 723200.0, 6177800.0 ] ] ] } },
{ "type": "Feature", "properties": { "Shape_Area": 10000.0, "Shape_Leng": 400.0, "cluster_id": "101_170", "fid_1": 170.0, "id_munic": 170.0, "munic_clus": "101_170", "munic_code": 101.0, "min": 2.7264246940612793, "max": 2.7264246940612793, "mean": 2.7264246940612793, "count": 1, "std": 0.0, "range": 0.0 }, "geometry": { "type": "Polygon", "coordinates": [ [ [ 723300.0, 6177800.0 ], [ 723300.0, 6177900.0 ], [ 723400.0, 6177900.0 ], [ 723400.0, 6177800.0 ], [ 723300.0, 6177800.0 ] ] ] } },
{ "type": "Feature", "properties": { "Shape_Area": 10000.0, "Shape_Leng": 400.0, "cluster_id": "101_171", "fid_1": 171.0, "id_munic": 171.0, "munic_clus": "101_171", "munic_code": 101.0, "min": 2.4756748676300049, "max": 2.4756748676300049, "mean": 2.4756748676300049, "count": 1, "std": 0.0, "range": 0.0 }, "geometry": { "type": "Polygon", "coordinates": [ [ [ 723400.0, 6177900.0 ], [ 723400.0, 6178000.0 ], [ 723500.0, 6178000.0 ], [ 723500.0, 6177900.0 ], [ 723400.0, 6177900.0 ] ] ] } },
{ "type": "Feature", "properties": { "Shape_Area": 10000.0, "Shape_Leng": 400.0, "cluster_id": "101_172", "fid_1": 172.0, "id_munic": 172.0, "munic_clus": "101_172", "munic_code": 101.0, "min": 3.4263579845428467, "max": 3.4263579845428467, "mean": 3.4263579845428467, "count": 1, "std": 0.0, "range": 0.0 }, "geometry": { "type": "Polygon", "coordinates": [ [ [ 723500.0, 6178000.0 ], [ 723500.0, 6178100.0 ], [ 723600.0, 6178100.0 ], [ 723600.0, 6178000.0 ], [ 723500.0, 6178000.0 ] ] ] } },
{ "type": "Feature", "properties": { "Shape_Area": 90000.0, "Shape_Leng": 1600.0, "cluster_id": "101_173", "fid_1": 173.0, "id_munic": 173.0, "munic_clus": "101_173", "munic_code": 101.0, "min": 3.2022659778594971, "max": 3.2022659778594971, "mean": 3.2022662692599826, "count": 9, "std": 2.9140048551923314e-07, "range": 0.0 }, "geometry": { "type": "Polygon", "coordinates": [ [ [ 723500.0, 6177800.0 ], [ 723500.0, 6177900.0 ], [ 723500.0, 6178000.0 ], [ 723600.0, 6178000.0 ], [ 723600.0, 6177900.0 ], [ 723700.0, 6177900.0 ], [ 723700.0, 6177800.0 ], [ 723800.0, 6177800.0 ], [ 723800.0, 6177700.0 ], [ 723700.0, 6177700.0 ], [ 723700.0, 6177600.0 ], [ 723600.0, 6177600.0 ], [ 723600.0, 6177500.0 ], [ 723500.0, 6177500.0 ], [ 723500.0, 6177600.0 ], [ 723500.0, 6177700.0 ], [ 723500.0, 6177800.0 ] ] ] } },
{ "type": "Feature", "properties": { "Shape_Area": 30000.0, "Shape_Leng": 800.0, "cluster_id": "101_174", "fid_1": 174.0, "id_munic": 174.0, "munic_clus": "101_174", "munic_code": 101.0, "min": 2.7590806484222412, "max": 2.7590806484222412, "mean": 2.7590805689493814, "count": 3, "std": 7.947285984855057e-08, "range": 0.0 }, "geometry": { "type": "Polygon", "coordinates": [ [ [ 723600.0, 6177600.0 ], [ 723700.0, 6177600.0 ], [ 723700.0, 6177700.0 ], [ 723800.0, 6177700.0 ], [ 723800.0, 6177600.0 ], [ 723800.0, 6177500.0 ], [ 723700.0, 6177500.0 ], [ 723600.0, 6177500.0 ], [ 723600.0, 6177600.0 ] ] ] } },
{ "type": "Feature", "properties": { "Shape_Area": 30000.0, "Shape_Leng": 800.0, "cluster_id": "101_175", "fid_1": 175.0, "id_munic": 175.0, "munic_clus": "101_175", "munic_code": 101.0, "min": 3.8045651912689209, "max": 3.8045651912689209, "mean": 3.804565111796061, "count": 3, "std": 7.947285984855057e-08, "range": 0.0 }, "geometry": { "type": "Polygon", "coordinates": [ [ [ 723100.0, 6178000.0 ], [ 723200.0, 6178000.0 ], [ 723200.0, 6178100.0 ], [ 723300.0, 6178100.0 ], [ 723300.0, 6178000.0 ], [ 723300.0, 6177900.0 ], [ 723200.0, 6177900.0 ], [ 723100.0, 6177900.0 ], [ 723100.0, 6178000.0 ] ] ] } },
{ "type": "Feature", "properties": { "Shape_Area": 20000.0, "Shape_Leng": 600.0, "cluster_id": "101_176", "fid_1": 176.0, "id_munic": 176.0, "munic_clus": "101_176", "munic_code": 101.0, "min": 2.7364211082458496, "max": 2.7364211082458496, "mean": 2.7364211082458496, "count": 2, "std": 0.0, "range": 0.0 }, "geometry": { "type": "Polygon", "coordinates": [ [ [ 723300.0, 6178000.0 ], [ 723300.0, 6178100.0 ], [ 723400.0, 6178100.0 ], [ 723400.0, 6178000.0 ], [ 723400.0, 6177900.0 ], [ 723300.0, 6177900.0 ], [ 723300.0, 6178000.0 ] ] ] } },
{ "type": "Feature", "properties": { "Shape_Area": 30000.0, "Shape_Leng": 800.0, "cluster_id": "101_177", "fid_1": 177.0, "id_munic": 177.0, "munic_clus": "101_177", "munic_code": 101.0, "min": 2.3460519313812256, "max": 2.3460519313812256, "mean": 2.3460518519083657, "count": 3, "std": 7.947285984855057e-08, "range": 0.0 }, "geometry": { "type": "Polygon", "coordinates": [ [ [ 723100.0, 6177700.0 ], [ 723100.0, 6177800.0 ], [ 723200.0, 6177800.0 ], [ 723200.0, 6177700.0 ], [ 723300.0, 6177700.0 ], [ 723300.0, 6177600.0 ], [ 723200.0, 6177600.0 ], [ 723100.0, 6177600.0 ], [ 723100.0, 6177700.0 ] ] ] } },
{ "type": "Feature", "properties": { "Shape_Area": 10000.0, "Shape_Leng": 400.0, "cluster_id": "101_178", "fid_1": 178.0, "id_munic": 178.0, "munic_clus": "101_178", "munic_code": 101.0, "min": 3.0546486377716064, "max": 3.0546486377716064, "mean": 3.0546486377716064, "count": 1, "std": 0.0, "range": 0.0 }, "geometry": { "type": "Polygon", "coordinates": [ [ [ 723300.0, 6178100.0 ], [ 723300.0, 6178200.0 ], [ 723400.0, 6178200.0 ], [ 723400.0, 6178100.0 ], [ 723300.0, 6178100.0 ] ] ] } },
{ "type": "Feature", "properties": { "Shape_Area": 10000.0, "Shape_Leng": 400.0, "cluster_id": "101_179", "fid_1": 179.0, "id_munic": 179.0, "munic_clus": "101_179", "munic_code": 101.0, "min": 3.0643119812011719, "max": 3.0643119812011719, "mean": 3.0643119812011719, "count": 1, "std": 0.0, "range": 0.0 }, "geometry": { "type": "Polygon", "coordinates": [ [ [ 723400.0, 6178000.0 ], [ 723400.0, 6178100.0 ], [ 723500.0, 6178100.0 ], [ 723500.0, 6178000.0 ], [ 723400.0, 6178000.0 ] ] ] } },
{ "type": "Feature", "properties": { "Shape_Area": 30000.0, "Shape_Leng": 800.0, "cluster_id": "101_180", "fid_1": 180.0, "id_munic": 180.0, "munic_clus": "101_180", "munic_code": 101.0, "min": 3.374042272567749, "max": 3.374042272567749, "mean": 3.3740421930948892, "count": 3, "std": 7.947285984855057e-08, "range": 0.0 }, "geometry": { "type": "Polygon", "coordinates": [ [ [ 723300.0, 6177700.0 ], [ 723300.0, 6177800.0 ], [ 723400.0, 6177800.0 ], [ 723400.0, 6177700.0 ], [ 723500.0, 6177700.0 ], [ 723500.0, 6177600.0 ], [ 723400.0, 6177600.0 ], [ 723300.0, 6177600.0 ], [ 723300.0, 6177700.0 ] ] ] } },
{ "type": "Feature", "properties": { "Shape_Area": 20000.0, "Shape_Leng": 600.0, "cluster_id": "101_181", "fid_1": 181.0, "id_munic": 181.0, "munic_clus": "101_181", "munic_code": 101.0, "min": 3.1972675323486328, "max": 3.1972675323486328, "mean": 3.1972675323486328, "count": 2, "std": 0.0, "range": 0.0 }, "geometry": { "type": "Polygon", "coordinates": [ [ [ 723400.0, 6177800.0 ], [ 723400.0, 6177900.0 ], [ 723500.0, 6177900.0 ], [ 723500.0, 6177800.0 ], [ 723500.0, 6177700.0 ], [ 723400.0, 6177700.0 ], [ 723400.0, 6177800.0 ] ] ] } },
{ "type": "Feature", "properties": { "Shape_Area": 10000.0, "Shape_Leng": 400.0, "cluster_id": "101_182", "fid_1": 182.0, "id_munic": 182.0, "munic_clus": "101_182", "munic_code": 101.0, "min": 3.3172280788421631, "max": 3.3172280788421631, "mean": 3.3172280788421631, "count": 1, "std": 0.0, "range": 0.0 }, "geometry": { "type": "Polygon", "coordinates": [ [ [ 723400.0, 6177400.0 ], [ 723400.0, 6177500.0 ], [ 723500.0, 6177500.0 ], [ 723500.0, 6177400.0 ], [ 723400.0, 6177400.0 ] ] ] } },
{ "type": "Feature", "properties": { "Shape_Area": 10000.0, "Shape_Leng": 400.0, "cluster_id": "101_183", "fid_1": 183.0, "id_munic": 183.0, "munic_clus": "101_183", "munic_code": 101.0, "min": 3.6061315536499023, "max": 3.6061315536499023, "mean": 3.6061315536499023, "count": 1, "std": 0.0, "range": 0.0 }, "geometry": { "type": "Polygon", "coordinates": [ [ [ 723300.0, 6177400.0 ], [ 723300.0, 6177500.0 ], [ 723400.0, 6177500.0 ], [ 723400.0, 6177400.0 ], [ 723300.0, 6177400.0 ] ] ] } },
{ "type": "Feature", "properties": { "Shape_Area": 30000.0, "Shape_Leng": 800.0, "cluster_id": "101_184", "fid_1": 184.0, "id_munic": 184.0, "munic_clus": "101_184", "munic_code": 101.0, "min": 2.9533491134643555, "max": 2.9533491134643555, "mean": 2.9533491134643555, "count": 3, "std": 0.0, "range": 0.0 }, "geometry": { "type": "Polygon", "coordinates": [ [ [ 721200.0, 6174500.0 ], [ 721200.0, 6174600.0 ], [ 721300.0, 6174600.0 ], [ 721300.0, 6174500.0 ], [ 721400.0, 6174500.0 ], [ 721400.0, 6174400.0 ], [ 721300.0, 6174400.0 ], [ 721200.0, 6174400.0 ], [ 721200.0, 6174500.0 ] ] ] } },
{ "type": "Feature", "properties": { "Shape_Area": 10000.0, "Shape_Leng": 400.0, "cluster_id": "101_185", "fid_1": 185.0, "id_munic": 185.0, "munic_clus": "101_185", "munic_code": 101.0, "min": 3.2692437171936035, "max": 3.2692437171936035, "mean": 3.2692437171936035, "count": 1, "std": 0.0, "range": 0.0 }, "geometry": { "type": "Polygon", "coordinates": [ [ [ 723400.0, 6178100.0 ], [ 723400.0, 6178200.0 ], [ 723500.0, 6178200.0 ], [ 723500.0, 6178100.0 ], [ 723400.0, 6178100.0 ] ] ] } },
{ "type": "Feature", "properties": { "Shape_Area": 20000.0, "Shape_Leng": 600.0, "cluster_id": "101_186", "fid_1": 186.0, "id_munic": 186.0, "munic_clus": "101_186", "munic_code": 101.0, "min": 3.9500167369842529, "max": 3.9500167369842529, "mean": 3.9500167369842529, "count": 2, "std": 0.0, "range": 0.0 }, "geometry": { "type": "Polygon", "coordinates": [ [ [ 723200.0, 6180600.0 ], [ 723300.0, 6180600.0 ], [ 723400.0, 6180600.0 ], [ 723400.0, 6180500.0 ], [ 723300.0, 6180500.0 ], [ 723200.0, 6180500.0 ], [ 723200.0, 6180600.0 ] ] ] } },
{ "type": "Feature", "properties": { "Shape_Area": 70000.0, "Shape_Leng": 1400.0, "cluster_id": "101_187", "fid_1": 187.0, "id_munic": 187.0, "munic_clus": "101_187", "munic_code": 101.0, "min": 3.9401869773864746, "max": 3.9401869773864746, "mean": 3.9401871817452565, "count": 7, "std": 2.0435878189672962e-07, "range": 0.0 }, "geometry": { "type": "Polygon", "coordinates": [ [ [ 723400.0, 6180700.0 ], [ 723400.0, 6180600.0 ], [ 723300.0, 6180600.0 ], [ 723200.0, 6180600.0 ], [ 723200.0, 6180700.0 ], [ 723100.0, 6180700.0 ], [ 723100.0, 6180800.0 ], [ 723100.0, 6180900.0 ], [ 723200.0, 6180900.0 ], [ 723200.0, 6181000.0 ], [ 723300.0, 6181000.0 ], [ 723300.0, 6180900.0 ], [ 723300.0, 6180800.0 ], [ 723300.0, 6180700.0 ], [ 723400.0, 6180700.0 ] ] ] } },
{ "type": "Feature", "properties": { "Shape_Area": 210000.0, "Shape_Leng": 2600.0, "cluster_id": "101_188", "fid_1": 188.0, "id_munic": 188.0, "munic_clus": "101_188", "munic_code": 101.0, "min": 3.0513162612915039, "max": 3.0513162612915039, "mean": 3.0513160342261907, "count": 21, "std": 2.2706531321858845e-07, "range": 0.0 }, "geometry": { "type": "Polygon", "coordinates": [ [ [ 722800.0, 6180800.0 ], [ 722700.0, 6180800.0 ], [ 722600.0, 6180800.0 ], [ 722600.0, 6180900.0 ], [ 722700.0, 6180900.0 ], [ 722700.0, 6181000.0 ], [ 722700.0, 6181100.0 ], [ 722800.0, 6181100.0 ], [ 722900.0, 6181100.0 ], [ 723000.0, 6181100.0 ], [ 723000.0, 6181000.0 ], [ 723100.0, 6181000.0 ], [ 723200.0, 6181000.0 ], [ 723200.0, 6180900.0 ], [ 723100.0, 6180900.0 ], [ 723100.0, 6180800.0 ], [ 723100.0, 6180700.0 ], [ 723200.0, 6180700.0 ], [ 723200.0, 6180600.0 ], [ 723200.0, 6180500.0 ], [ 723100.0, 6180500.0 ], [ 723000.0, 6180500.0 ], [ 723000.0, 6180600.0 ], [ 722900.0, 6180600.0 ], [ 722900.0, 6180700.0 ], [ 722800.0, 6180700.0 ], [ 722800.0, 6180800.0 ] ] ] } },
{ "type": "Feature", "properties": { "Shape_Area": 100000.0, "Shape_Leng": 1400.0, "cluster_id": "101_189", "fid_1": 189.0, "id_munic": 189.0, "munic_clus": "101_189", "munic_code": 101.0, "min": 3.0178277492523193, "max": 3.0178277492523193, "mean": 3.017827796936035, "count": 10, "std": 4.7683715642676816e-08, "range": 0.0 }, "geometry": { "type": "Polygon", "coordinates": [ [ [ 718600.0, 6176900.0 ], [ 718500.0, 6176900.0 ], [ 718400.0, 6176900.0 ], [ 718300.0, 6176900.0 ], [ 718300.0, 6177000.0 ], [ 718200.0, 6177000.0 ], [ 718200.0, 6177100.0 ], [ 718200.0, 6177200.0 ], [ 718300.0, 6177200.0 ], [ 718400.0, 6177200.0 ], [ 718500.0, 6177200.0 ], [ 718500.0, 6177100.0 ], [ 718600.0, 6177100.0 ], [ 718600.0, 6177000.0 ], [ 718600.0, 6176900.0 ] ] ] } },
{ "type": "Feature", "properties": { "Shape_Area": 120000.0, "Shape_Leng": 1800.0, "cluster_id": "101_191", "fid_1": 191.0, "id_munic": 191.0, "munic_clus": "101_191", "munic_code": 101.0, "min": 3.9401872158050537, "max": 3.9401872158050537, "mean": 3.9401868184407554, "count": 12, "std": 3.9736429835457443e-07, "range": 0.0 }, "geometry": { "type": "Polygon", "coordinates": [ [ [ 718400.0, 6176600.0 ], [ 718400.0, 6176700.0 ], [ 718300.0, 6176700.0 ], [ 718200.0, 6176700.0 ], [ 718200.0, 6176800.0 ], [ 718200.0, 6176900.0 ], [ 718200.0, 6177000.0 ], [ 718300.0, 6177000.0 ], [ 718300.0, 6176900.0 ], [ 718400.0, 6176900.0 ], [ 718500.0, 6176900.0 ], [ 718600.0, 6176900.0 ], [ 718600.0, 6176800.0 ], [ 718700.0, 6176800.0 ], [ 718700.0, 6176700.0 ], [ 718600.0, 6176700.0 ], [ 718600.0, 6176600.0 ], [ 718500.0, 6176600.0 ], [ 718400.0, 6176600.0 ] ] ] } },
{ "type": "Feature", "properties": { "Shape_Area": 60000.0, "Shape_Leng": 1200.0, "cluster_id": "101_192", "fid_1": 192.0, "id_munic": 192.0, "munic_clus": "101_192", "munic_code": 101.0, "min": 3.3498833179473877, "max": 3.3498833179473877, "mean": 3.3498833974202475, "count": 6, "std": 7.947285984855057e-08, "range": 0.0 }, "geometry": { "type": "Polygon", "coordinates": [ [ [ 718800.0, 6175900.0 ], [ 718900.0, 6175900.0 ], [ 719000.0, 6175900.0 ], [ 719000.0, 6176000.0 ], [ 719100.0, 6176000.0 ], [ 719100.0, 6175900.0 ], [ 719100.0, 6175800.0 ], [ 719000.0, 6175800.0 ], [ 719000.0, 6175700.0 ], [ 718900.0, 6175700.0 ], [ 718800.0, 6175700.0 ], [ 718800.0, 6175800.0 ], [ 718800.0, 6175900.0 ] ] ] } },
{ "type": "Feature", "properties": { "Shape_Area": 10000.0, "Shape_Leng": 400.0, "cluster_id": "101_193", "fid_1": 193.0, "id_munic": 193.0, "munic_clus": "101_193", "munic_code": 101.0, "min": 3.2180938720703125, "max": 3.2180938720703125, "mean": 3.2180938720703125, "count": 1, "std": 0.0, "range": 0.0 }, "geometry": { "type": "Polygon", "coordinates": [ [ [ 721300.0, 6174500.0 ], [ 721300.0, 6174600.0 ], [ 721400.0, 6174600.0 ], [ 721400.0, 6174500.0 ], [ 721300.0, 6174500.0 ] ] ] } },
{ "type": "Feature", "properties": { "Shape_Area": 30000.0, "Shape_Leng": 800.0, "cluster_id": "101_194", "fid_1": 194.0, "id_munic": 194.0, "munic_clus": "101_194", "munic_code": 101.0, "min": 3.2739088535308838, "max": 3.2739088535308838, "mean": 3.2739089330037436, "count": 3, "std": 7.947285984855057e-08, "range": 0.0 }, "geometry": { "type": "Polygon", "coordinates": [ [ [ 718500.0, 6176600.0 ], [ 718600.0, 6176600.0 ], [ 718600.0, 6176700.0 ], [ 718700.0, 6176700.0 ], [ 718700.0, 6176600.0 ], [ 718700.0, 6176500.0 ], [ 718600.0, 6176500.0 ], [ 718500.0, 6176500.0 ], [ 718500.0, 6176600.0 ] ] ] } },
{ "type": "Feature", "properties": { "Shape_Area": 10000.0, "Shape_Leng": 400.0, "cluster_id": "101_195", "fid_1": 195.0, "id_munic": 195.0, "munic_clus": "101_195", "munic_code": 101.0, "min": 3.1989340782165527, "max": 3.1989340782165527, "mean": 3.1989340782165527, "count": 1, "std": 0.0, "range": 0.0 }, "geometry": { "type": "Polygon", "coordinates": [ [ [ 718400.0, 6176500.0 ], [ 718400.0, 6176600.0 ], [ 718500.0, 6176600.0 ], [ 718500.0, 6176500.0 ], [ 718400.0, 6176500.0 ] ] ] } },
{ "type": "Feature", "properties": { "Shape_Area": 10000.0, "Shape_Leng": 400.0, "cluster_id": "101_196", "fid_1": 196.0, "id_munic": 196.0, "munic_clus": "101_196", "munic_code": 101.0, "min": 3.4263579845428467, "max": 3.4263579845428467, "mean": 3.4263579845428467, "count": 1, "std": 0.0, "range": 0.0 }, "geometry": { "type": "Polygon", "coordinates": [ [ [ 727600.0, 6173300.0 ], [ 727600.0, 6173400.0 ], [ 727700.0, 6173400.0 ], [ 727700.0, 6173300.0 ], [ 727600.0, 6173300.0 ] ] ] } },
{ "type": "Feature", "properties": { "Shape_Area": 10000.0, "Shape_Leng": 400.0, "cluster_id": "101_197", "fid_1": 197.0, "id_munic": 197.0, "munic_clus": "101_197", "munic_code": 101.0, "min": 2.7029328346252441, "max": 2.7029328346252441, "mean": 2.7029328346252441, "count": 1, "std": 0.0, "range": 0.0 }, "geometry": { "type": "Polygon", "coordinates": [ [ [ 721400.0, 6174500.0 ], [ 721400.0, 6174600.0 ], [ 721500.0, 6174600.0 ], [ 721500.0, 6174500.0 ], [ 721400.0, 6174500.0 ] ] ] } },
{ "type": "Feature", "properties": { "Shape_Area": 10000.0, "Shape_Leng": 400.0, "cluster_id": "101_198", "fid_1": 198.0, "id_munic": 198.0, "munic_clus": "101_198", "munic_code": 101.0, "min": 3.5524826049804688, "max": 3.5524826049804688, "mean": 3.5524826049804688, "count": 1, "std": 0.0, "range": 0.0 }, "geometry": { "type": "Polygon", "coordinates": [ [ [ 727200.0, 6173600.0 ], [ 727200.0, 6173700.0 ], [ 727300.0, 6173700.0 ], [ 727300.0, 6173600.0 ], [ 727200.0, 6173600.0 ] ] ] } },
{ "type": "Feature", "properties": { "Shape_Area": 20000.0, "Shape_Leng": 600.0, "cluster_id": "101_199", "fid_1": 199.0, "id_munic": 199.0, "munic_clus": "101_199", "munic_code": 101.0, "min": 3.2309234142303467, "max": 3.2309234142303467, "mean": 3.2309234142303467, "count": 2, "std": 0.0, "range": 0.0 }, "geometry": { "type": "Polygon", "coordinates": [ [ [ 727600.0, 6172100.0 ], [ 727600.0, 6172200.0 ], [ 727700.0, 6172200.0 ], [ 727700.0, 6172100.0 ], [ 727700.0, 6172000.0 ], [ 727600.0, 6172000.0 ], [ 727600.0, 6172100.0 ] ] ] } },
{ "type": "Feature", "properties": { "Shape_Area": 20000.0, "Shape_Leng": 600.0, "cluster_id": "101_200", "fid_1": 200.0, "id_munic": 200.0, "munic_clus": "101_200", "munic_code": 101.0, "min": 3.6169610023498535, "max": 3.6169610023498535, "mean": 3.6169610023498535, "count": 2, "std": 0.0, "range": 0.0 }, "geometry": { "type": "Polygon", "coordinates": [ [ [ 727600.0, 6173100.0 ], [ 727700.0, 6173100.0 ], [ 727800.0, 6173100.0 ], [ 727800.0, 6173000.0 ], [ 727700.0, 6173000.0 ], [ 727600.0, 6173000.0 ], [ 727600.0, 6173100.0 ] ] ] } },
{ "type": "Feature", "properties": { "Shape_Area": 20000.0, "Shape_Leng": 600.0, "cluster_id": "101_201", "fid_1": 201.0, "id_munic": 201.0, "munic_clus": "101_201", "munic_code": 101.0, "min": 3.1736090183258057, "max": 3.1736090183258057, "mean": 3.1736090183258057, "count": 2, "std": 0.0, "range": 0.0 }, "geometry": { "type": "Polygon", "coordinates": [ [ [ 727300.0, 6173200.0 ], [ 727400.0, 6173200.0 ], [ 727500.0, 6173200.0 ], [ 727500.0, 6173100.0 ], [ 727400.0, 6173100.0 ], [ 727300.0, 6173100.0 ], [ 727300.0, 6173200.0 ] ] ] } },
{ "type": "Feature", "properties": { "Shape_Area": 10000.0, "Shape_Leng": 400.0, "cluster_id": "101_202", "fid_1": 202.0, "id_munic": 202.0, "munic_clus": "101_202", "munic_code": 101.0, "min": 3.5593137741088867, "max": 3.5593137741088867, "mean": 3.5593137741088867, "count": 1, "std": 0.0, "range": 0.0 }, "geometry": { "type": "Polygon", "coordinates": [ [ [ 727600.0, 6173400.0 ], [ 727600.0, 6173500.0 ], [ 727700.0, 6173500.0 ], [ 727700.0, 6173400.0 ], [ 727600.0, 6173400.0 ] ] ] } },
{ "type": "Feature", "properties": { "Shape_Area": 30000.0, "Shape_Leng": 800.0, "cluster_id": "101_203", "fid_1": 203.0, "id_munic": 203.0, "munic_clus": "101_203", "munic_code": 101.0, "min": 2.6804397106170654, "max": 2.6804397106170654, "mean": 2.6804396311442056, "count": 3, "std": 7.947285984855057e-08, "range": 0.0 }, "geometry": { "type": "Polygon", "coordinates": [ [ [ 727200.0, 6173400.0 ], [ 727200.0, 6173500.0 ], [ 727300.0, 6173500.0 ], [ 727400.0, 6173500.0 ], [ 727400.0, 6173400.0 ], [ 727300.0, 6173400.0 ], [ 727300.0, 6173300.0 ], [ 727200.0, 6173300.0 ], [ 727200.0, 6173400.0 ] ] ] } },
{ "type": "Feature", "properties": { "Shape_Area": 110000.0, "Shape_Leng": 1800.0, "cluster_id": "101_204", "fid_1": 204.0, "id_munic": 204.0, "munic_clus": "101_204", "munic_code": 101.0, "min": 2.8510499000549316, "max": 2.8510499000549316, "mean": 2.8510499434037642, "count": 11, "std": 4.3348832523548702e-08, "range": 0.0 }, "geometry": { "type": "Polygon", "coordinates": [ [ [ 727900.0, 6171900.0 ], [ 727800.0, 6171900.0 ], [ 727700.0, 6171900.0 ], [ 727700.0, 6172000.0 ], [ 727700.0, 6172100.0 ], [ 727700.0, 6172200.0 ], [ 727600.0, 6172200.0 ], [ 727600.0, 6172300.0 ], [ 727700.0, 6172300.0 ], [ 727800.0, 6172300.0 ], [ 727800.0, 6172400.0 ], [ 727900.0, 6172400.0 ], [ 727900.0, 6172300.0 ], [ 727900.0, 6172200.0 ], [ 727900.0, 6172100.0 ], [ 728000.0, 6172100.0 ], [ 728000.0, 6172000.0 ], [ 727900.0, 6172000.0 ], [ 727900.0, 6171900.0 ] ] ] } },
{ "type": "Feature", "properties": { "Shape_Area": 80000.0, "Shape_Leng": 1400.0, "cluster_id": "101_205", "fid_1": 205.0, "id_munic": 205.0, "munic_clus": "101_205", "munic_code": 101.0, "min": 3.7910692691802979, "max": 3.7910692691802979, "mean": 3.7910692691802979, "count": 8, "std": 0.0, "range": 0.0 }, "geometry": { "type": "Polygon", "coordinates": [ [ [ 727600.0, 6172300.0 ], [ 727500.0, 6172300.0 ], [ 727500.0, 6172400.0 ], [ 727500.0, 6172500.0 ], [ 727400.0, 6172500.0 ], [ 727400.0, 6172600.0 ], [ 727400.0, 6172700.0 ], [ 727500.0, 6172700.0 ], [ 727600.0, 6172700.0 ], [ 727600.0, 6172600.0 ], [ 727600.0, 6172500.0 ], [ 727700.0, 6172500.0 ], [ 727700.0, 6172400.0 ], [ 727700.0, 6172300.0 ], [ 727600.0, 6172300.0 ] ] ] } },
{ "type": "Feature", "properties": { "Shape_Area": 30000.0, "Shape_Leng": 800.0, "cluster_id": "101_206", "fid_1": 206.0, "id_munic": 206.0, "munic_clus": "101_206", "munic_code": 101.0, "min": 3.5113294124603271, "max": 3.5113294124603271, "mean": 3.5113293329874673, "count": 3, "std": 7.947285984855057e-08, "range": 0.0 }, "geometry": { "type": "Polygon", "coordinates": [ [ [ 727300.0, 6173100.0 ], [ 727400.0, 6173100.0 ], [ 727500.0, 6173100.0 ], [ 727600.0, 6173100.0 ], [ 727600.0, 6173000.0 ], [ 727500.0, 6173000.0 ], [ 727400.0, 6173000.0 ], [ 727300.0, 6173000.0 ], [ 727300.0, 6173100.0 ] ] ] } },
{ "type": "Feature", "properties": { "Shape_Area": 60000.0, "Shape_Leng": 1200.0, "cluster_id": "101_207", "fid_1": 207.0, "id_munic": 207.0, "munic_clus": "101_207", "munic_code": 101.0, "min": 3.2904031276702881, "max": 3.2904031276702881, "mean": 3.2904030481974282, "count": 6, "std": 7.947285984855057e-08, "range": 0.0 }, "geometry": { "type": "Polygon", "coordinates": [ [ [ 727300.0, 6173300.0 ], [ 727300.0, 6173400.0 ], [ 727400.0, 6173400.0 ], [ 727500.0, 6173400.0 ], [ 727600.0, 6173400.0 ], [ 727600.0, 6173300.0 ], [ 727500.0, 6173300.0 ], [ 727500.0, 6173200.0 ], [ 727400.0, 6173200.0 ], [ 727300.0, 6173200.0 ], [ 727200.0, 6173200.0 ], [ 727200.0, 6173300.0 ], [ 727300.0, 6173300.0 ] ] ] } },
{ "type": "Feature", "properties": { "Shape_Area": 20000.0, "Shape_Leng": 600.0, "cluster_id": "101_208", "fid_1": 208.0, "id_munic": 208.0, "munic_clus": "101_208", "munic_code": 101.0, "min": 2.8137290477752686, "max": 2.8137290477752686, "mean": 2.8137290477752686, "count": 2, "std": 0.0, "range": 0.0 }, "geometry": { "type": "Polygon", "coordinates": [ [ [ 727400.0, 6173500.0 ], [ 727500.0, 6173500.0 ], [ 727600.0, 6173500.0 ], [ 727600.0, 6173400.0 ], [ 727500.0, 6173400.0 ], [ 727400.0, 6173400.0 ], [ 727400.0, 6173500.0 ] ] ] } },
{ "type": "Feature", "properties": { "Shape_Area": 120000.0, "Shape_Leng": 1800.0, "cluster_id": "101_209", "fid_1": 209.0, "id_munic": 209.0, "munic_clus": "101_209", "munic_code": 101.0, "min": 3.2559149265289307, "max": 3.2559149265289307, "mean": 3.2559150060017905, "count": 12, "std": 7.947285984855057e-08, "range": 0.0 }, "geometry": { "type": "Polygon", "coordinates": [ [ [ 728100.0, 6172000.0 ], [ 728000.0, 6172000.0 ], [ 728000.0, 6172100.0 ], [ 727900.0, 6172100.0 ], [ 727900.0, 6172200.0 ], [ 727900.0, 6172300.0 ], [ 727900.0, 6172400.0 ], [ 727800.0, 6172400.0 ], [ 727800.0, 6172500.0 ], [ 727900.0, 6172500.0 ], [ 728000.0, 6172500.0 ], [ 728000.0, 6172400.0 ], [ 728100.0, 6172400.0 ], [ 728200.0, 6172400.0 ], [ 728200.0, 6172300.0 ], [ 728200.0, 6172200.0 ], [ 728200.0, 6172100.0 ], [ 728100.0, 6172100.0 ], [ 728100.0, 6172000.0 ] ] ] } },
{ "type": "Feature", "properties": { "Shape_Area": 70000.0, "Shape_Leng": 1200.0, "cluster_id": "101_210", "fid_1": 210.0, "id_munic": 210.0, "munic_clus": "101_210", "munic_code": 101.0, "min": 3.1846048831939697, "max": 3.1846048831939697, "mean": 3.1846049172537669, "count": 7, "std": 3.4059797204832876e-08, "range": 0.0 }, "geometry": { "type": "Polygon", "coordinates": [ [ [ 727700.0, 6172700.0 ], [ 727600.0, 6172700.0 ], [ 727500.0, 6172700.0 ], [ 727400.0, 6172700.0 ], [ 727400.0, 6172800.0 ], [ 727300.0, 6172800.0 ], [ 727300.0, 6172900.0 ], [ 727400.0, 6172900.0 ], [ 727500.0, 6172900.0 ], [ 727600.0, 6172900.0 ], [ 727700.0, 6172900.0 ], [ 727700.0, 6172800.0 ], [ 727700.0, 6172700.0 ] ] ] } },
{ "type": "Feature", "properties": { "Shape_Area": 20000.0, "Shape_Leng": 600.0, "cluster_id": "101_211", "fid_1": 211.0, "id_munic": 211.0, "munic_clus": "101_211", "munic_code": 101.0, "min": 3.7120962142944336, "max": 3.7120962142944336, "mean": 3.7120962142944336, "count": 2, "std": 0.0, "range": 0.0 }, "geometry": { "type": "Polygon", "coordinates": [ [ [ 727200.0, 6173600.0 ], [ 727300.0, 6173600.0 ], [ 727400.0, 6173600.0 ], [ 727400.0, 6173500.0 ], [ 727300.0, 6173500.0 ], [ 727200.0, 6173500.0 ], [ 727200.0, 6173600.0 ] ] ] } },
{ "type": "Feature", "properties": { "Shape_Area": 20000.0, "Shape_Leng": 600.0, "cluster_id": "101_212", "fid_1": 212.0, "id_munic": 212.0, "munic_clus": "101_212", "munic_code": 101.0, "min": 3.9041991233825684, "max": 3.9041991233825684, "mean": 3.9041991233825684, "count": 2, "std": 0.0, "range": 0.0 }, "geometry": { "type": "Polygon", "coordinates": [ [ [ 727600.0, 6172600.0 ], [ 727600.0, 6172700.0 ], [ 727700.0, 6172700.0 ], [ 727700.0, 6172600.0 ], [ 727700.0, 6172500.0 ], [ 727600.0, 6172500.0 ], [ 727600.0, 6172600.0 ] ] ] } },
{ "type": "Feature", "properties": { "Shape_Area": 40000.0, "Shape_Leng": 1000.0, "cluster_id": "101_213", "fid_1": 213.0, "id_munic": 213.0, "munic_clus": "101_213", "munic_code": 101.0, "min": 3.8100631237030029, "max": 3.8100631237030029, "mean": 3.8100631237030029, "count": 4, "std": 0.0, "range": 0.0 }, "geometry": { "type": "Polygon", "coordinates": [ [ [ 727700.0, 6172500.0 ], [ 727700.0, 6172600.0 ], [ 727700.0, 6172700.0 ], [ 727800.0, 6172700.0 ], [ 727800.0, 6172600.0 ], [ 727800.0, 6172500.0 ], [ 727800.0, 6172400.0 ], [ 727800.0, 6172300.0 ], [ 727700.0, 6172300.0 ], [ 727700.0, 6172400.0 ], [ 727700.0, 6172500.0 ] ] ] } },
{ "type": "Feature", "properties": { "Shape_Area": 20000.0, "Shape_Leng": 600.0, "cluster_id": "101_214", "fid_1": 214.0, "id_munic": 214.0, "munic_clus": "101_214", "munic_code": 101.0, "min": 3.938521146774292, "max": 3.938521146774292, "mean": 3.938521146774292, "count": 2, "std": 0.0, "range": 0.0 }, "geometry": { "type": "Polygon", "coordinates": [ [ [ 727800.0, 6172600.0 ], [ 727900.0, 6172600.0 ], [ 728000.0, 6172600.0 ], [ 728000.0, 6172500.0 ], [ 727900.0, 6172500.0 ], [ 727800.0, 6172500.0 ], [ 727800.0, 6172600.0 ] ] ] } },
{ "type": "Feature", "properties": { "Shape_Area": 10000.0, "Shape_Leng": 400.0, "cluster_id": "101_215", "fid_1": 215.0, "id_munic": 215.0, "munic_clus": "101_215", "munic_code": 101.0, "min": 3.8562147617340088, "max": 3.8562147617340088, "mean": 3.8562147617340088, "count": 1, "std": 0.0, "range": 0.0 }, "geometry": { "type": "Polygon", "coordinates": [ [ [ 727100.0, 6173500.0 ], [ 727100.0, 6173600.0 ], [ 727200.0, 6173600.0 ], [ 727200.0, 6173500.0 ], [ 727100.0, 6173500.0 ] ] ] } },
{ "type": "Feature", "properties": { "Shape_Area": 10000.0, "Shape_Leng": 400.0, "cluster_id": "101_216", "fid_1": 216.0, "id_munic": 216.0, "munic_clus": "101_216", "munic_code": 101.0, "min": 3.2569148540496826, "max": 3.2569148540496826, "mean": 3.2569148540496826, "count": 1, "std": 0.0, "range": 0.0 }, "geometry": { "type": "Polygon", "coordinates": [ [ [ 727100.0, 6173600.0 ], [ 727100.0, 6173700.0 ], [ 727200.0, 6173700.0 ], [ 727200.0, 6173600.0 ], [ 727100.0, 6173600.0 ] ] ] } },
{ "type": "Feature", "properties": { "Shape_Area": 20000.0, "Shape_Leng": 600.0, "cluster_id": "101_217", "fid_1": 217.0, "id_munic": 217.0, "munic_clus": "101_217", "munic_code": 101.0, "min": 3.7677440643310547, "max": 3.7677440643310547, "mean": 3.7677440643310547, "count": 2, "std": 0.0, "range": 0.0 }, "geometry": { "type": "Polygon", "coordinates": [ [ [ 727100.0, 6173800.0 ], [ 727200.0, 6173800.0 ], [ 727300.0, 6173800.0 ], [ 727300.0, 6173700.0 ], [ 727200.0, 6173700.0 ], [ 727100.0, 6173700.0 ], [ 727100.0, 6173800.0 ] ] ] } },
{ "type": "Feature", "properties": { "Shape_Area": 40000.0, "Shape_Leng": 800.0, "cluster_id": "101_218", "fid_1": 218.0, "id_munic": 218.0, "munic_clus": "101_218", "munic_code": 101.0, "min": 2.6639456748962402, "max": 2.6639456748962402, "mean": 2.6639456748962402, "count": 4, "std": 0.0, "range": 0.0 }, "geometry": { "type": "Polygon", "coordinates": [ [ [ 727400.0, 6173800.0 ], [ 727300.0, 6173800.0 ], [ 727200.0, 6173800.0 ], [ 727200.0, 6173900.0 ], [ 727200.0, 6174000.0 ], [ 727300.0, 6174000.0 ], [ 727400.0, 6174000.0 ], [ 727400.0, 6173900.0 ], [ 727400.0, 6173800.0 ] ] ] } },
{ "type": "Feature", "properties": { "Shape_Area": 30000.0, "Shape_Leng": 800.0, "cluster_id": "101_219", "fid_1": 219.0, "id_munic": 219.0, "munic_clus": "101_219", "munic_code": 101.0, "min": 3.3902039527893066, "max": 3.3902039527893066, "mean": 3.3902041117350259, "count": 3, "std": 1.5894571925301193e-07, "range": 0.0 }, "geometry": { "type": "Polygon", "coordinates": [ [ [ 726000.0, 6174900.0 ], [ 725900.0, 6174900.0 ], [ 725900.0, 6175000.0 ], [ 726000.0, 6175000.0 ], [ 726100.0, 6175000.0 ], [ 726100.0, 6174900.0 ], [ 726100.0, 6174800.0 ], [ 726000.0, 6174800.0 ], [ 726000.0, 6174900.0 ] ] ] } },
{ "type": "Feature", "properties": { "Shape_Area": 10000.0, "Shape_Leng": 400.0, "cluster_id": "101_220", "fid_1": 220.0, "id_munic": 220.0, "munic_clus": "101_220", "munic_code": 101.0, "min": 3.3375542163848877, "max": 3.3375542163848877, "mean": 3.3375542163848877, "count": 1, "std": 0.0, "range": 0.0 }, "geometry": { "type": "Polygon", "coordinates": [ [ [ 726600.0, 6173600.0 ], [ 726600.0, 6173700.0 ], [ 726700.0, 6173700.0 ], [ 726700.0, 6173600.0 ], [ 726600.0, 6173600.0 ] ] ] } },
{ "type": "Feature", "properties": { "Shape_Area": 10000.0, "Shape_Leng": 400.0, "cluster_id": "101_221", "fid_1": 221.0, "id_munic": 221.0, "munic_clus": "101_221", "munic_code": 101.0, "min": 4.7554154396057129, "max": 4.7554154396057129, "mean": 4.7554154396057129, "count": 1, "std": 0.0, "range": 0.0 }, "geometry": { "type": "Polygon", "coordinates": [ [ [ 726600.0, 6173800.0 ], [ 726600.0, 6173900.0 ], [ 726700.0, 6173900.0 ], [ 726700.0, 6173800.0 ], [ 726600.0, 6173800.0 ] ] ] } },
{ "type": "Feature", "properties": { "Shape_Area": 10000.0, "Shape_Leng": 400.0, "cluster_id": "101_222", "fid_1": 222.0, "id_munic": 222.0, "munic_clus": "101_222", "munic_code": 101.0, "min": 3.1321232318878174, "max": 3.1321232318878174, "mean": 3.1321232318878174, "count": 1, "std": 0.0, "range": 0.0 }, "geometry": { "type": "Polygon", "coordinates": [ [ [ 726500.0, 6173500.0 ], [ 726500.0, 6173600.0 ], [ 726600.0, 6173600.0 ], [ 726600.0, 6173500.0 ], [ 726500.0, 6173500.0 ] ] ] } },
{ "type": "Feature", "properties": { "Shape_Area": 10000.0, "Shape_Leng": 400.0, "cluster_id": "101_223", "fid_1": 223.0, "id_munic": 223.0, "munic_clus": "101_223", "munic_code": 101.0, "min": 4.1269583702087402, "max": 4.1269583702087402, "mean": 4.1269583702087402, "count": 1, "std": 0.0, "range": 0.0 }, "geometry": { "type": "Polygon", "coordinates": [ [ [ 726400.0, 6173800.0 ], [ 726400.0, 6173900.0 ], [ 726500.0, 6173900.0 ], [ 726500.0, 6173800.0 ], [ 726400.0, 6173800.0 ] ] ] } },
{ "type": "Feature", "properties": { "Shape_Area": 20000.0, "Shape_Leng": 600.0, "cluster_id": "101_224", "fid_1": 224.0, "id_munic": 224.0, "munic_clus": "101_224", "munic_code": 101.0, "min": 4.5228266716003418, "max": 4.5228266716003418, "mean": 4.5228266716003418, "count": 2, "std": 0.0, "range": 0.0 }, "geometry": { "type": "Polygon", "coordinates": [ [ [ 726500.0, 6173900.0 ], [ 726500.0, 6174000.0 ], [ 726600.0, 6174000.0 ], [ 726600.0, 6173900.0 ], [ 726600.0, 6173800.0 ], [ 726500.0, 6173800.0 ], [ 726500.0, 6173900.0 ] ] ] } },
{ "type": "Feature", "properties": { "Shape_Area": 10000.0, "Shape_Leng": 400.0, "cluster_id": "101_225", "fid_1": 225.0, "id_munic": 225.0, "munic_clus": "101_225", "munic_code": 101.0, "min": 2.5668110847473145, "max": 2.5668110847473145, "mean": 2.5668110847473145, "count": 1, "std": 0.0, "range": 0.0 }, "geometry": { "type": "Polygon", "coordinates": [ [ [ 726600.0, 6173500.0 ], [ 726600.0, 6173600.0 ], [ 726700.0, 6173600.0 ], [ 726700.0, 6173500.0 ], [ 726600.0, 6173500.0 ] ] ] } },
{ "type": "Feature", "properties": { "Shape_Area": 120000.0, "Shape_Leng": 1600.0, "cluster_id": "101_226", "fid_1": 226.0, "id_munic": 226.0, "munic_clus": "101_226", "munic_code": 101.0, "min": 3.1727762222290039, "max": 3.1727762222290039, "mean": 3.1727762222290039, "count": 12, "std": 0.0, "range": 0.0 }, "geometry": { "type": "Polygon", "coordinates": [ [ [ 726000.0, 6174300.0 ], [ 726000.0, 6174400.0 ], [ 726100.0, 6174400.0 ], [ 726200.0, 6174400.0 ], [ 726200.0, 6174300.0 ], [ 726300.0, 6174300.0 ], [ 726300.0, 6174200.0 ], [ 726400.0, 6174200.0 ], [ 726400.0, 6174100.0 ], [ 726300.0, 6174100.0 ], [ 726300.0, 6174000.0 ], [ 726200.0, 6174000.0 ], [ 726100.0, 6174000.0 ], [ 726000.0, 6174000.0 ], [ 726000.0, 6174100.0 ], [ 726000.0, 6174200.0 ], [ 726000.0, 6174300.0 ] ] ] } },
{ "type": "Feature", "properties": { "Shape_Area": 10000.0, "Shape_Leng": 400.0, "cluster_id": "101_227", "fid_1": 227.0, "id_munic": 227.0, "munic_clus": "101_227", "munic_code": 101.0, "min": 3.8832058906555176, "max": 3.8832058906555176, "mean": 3.8832058906555176, "count": 1, "std": 0.0, "range": 0.0 }, "geometry": { "type": "Polygon", "coordinates": [ [ [ 726400.0, 6173900.0 ], [ 726400.0, 6174000.0 ], [ 726500.0, 6174000.0 ], [ 726500.0, 6173900.0 ], [ 726400.0, 6173900.0 ] ] ] } },
{ "type": "Feature", "properties": { "Shape_Area": 30000.0, "Shape_Leng": 800.0, "cluster_id": "101_228", "fid_1": 228.0, "id_munic": 228.0, "munic_clus": "101_228", "munic_code": 101.0, "min": 3.260746955871582, "max": 3.260746955871582, "mean": 3.260746955871582, "count": 3, "std": 0.0, "range": 0.0 }, "geometry": { "type": "Polygon", "coordinates": [ [ [ 721300.0, 6174100.0 ], [ 721300.0, 6174200.0 ], [ 721400.0, 6174200.0 ], [ 721500.0, 6174200.0 ], [ 721500.0, 6174100.0 ], [ 721400.0, 6174100.0 ], [ 721400.0, 6174000.0 ], [ 721300.0, 6174000.0 ], [ 721300.0, 6174100.0 ] ] ] } },
{ "type": "Feature", "properties": { "Shape_Area": 10000.0, "Shape_Leng": 400.0, "cluster_id": "101_229", "fid_1": 229.0, "id_munic": 229.0, "munic_clus": "101_229", "munic_code": 101.0, "min": 3.8028995990753174, "max": 3.8028995990753174, "mean": 3.8028995990753174, "count": 1, "std": 0.0, "range": 0.0 }, "geometry": { "type": "Polygon", "coordinates": [ [ [ 726100.0, 6173900.0 ], [ 726100.0, 6174000.0 ], [ 726200.0, 6174000.0 ], [ 726200.0, 6173900.0 ], [ 726100.0, 6173900.0 ] ] ] } },
{ "type": "Feature", "properties": { "Shape_Area": 40000.0, "Shape_Leng": 1000.0, "cluster_id": "101_230", "fid_1": 230.0, "id_munic": 230.0, "munic_clus": "101_230", "munic_code": 101.0, "min": 3.0101637840270996, "max": 3.0101637840270996, "mean": 3.0101637840270996, "count": 4, "std": 0.0, "range": 0.0 }, "geometry": { "type": "Polygon", "coordinates": [ [ [ 726300.0, 6174000.0 ], [ 726300.0, 6174100.0 ], [ 726400.0, 6174100.0 ], [ 726500.0, 6174100.0 ], [ 726500.0, 6174000.0 ], [ 726400.0, 6174000.0 ], [ 726400.0, 6173900.0 ], [ 726300.0, 6173900.0 ], [ 726200.0, 6173900.0 ], [ 726200.0, 6174000.0 ], [ 726300.0, 6174000.0 ] ] ] } },
{ "type": "Feature", "properties": { "Shape_Area": 20000.0, "Shape_Leng": 600.0, "cluster_id": "101_231", "fid_1": 231.0, "id_munic": 231.0, "munic_clus": "101_231", "munic_code": 101.0, "min": 3.5478179454803467, "max": 3.5478179454803467, "mean": 3.5478179454803467, "count": 2, "std": 0.0, "range": 0.0 }, "geometry": { "type": "Polygon", "coordinates": [ [ [ 726000.0, 6173900.0 ], [ 726000.0, 6174000.0 ], [ 726100.0, 6174000.0 ], [ 726100.0, 6173900.0 ], [ 726100.0, 6173800.0 ], [ 726000.0, 6173800.0 ], [ 726000.0, 6173900.0 ] ] ] } },
{ "type": "Feature", "properties": { "Shape_Area": 20000.0, "Shape_Leng": 600.0, "cluster_id": "101_232", "fid_1": 232.0, "id_munic": 232.0, "munic_clus": "101_232", "munic_code": 101.0, "min": 3.0093302726745605, "max": 3.0093302726745605, "mean": 3.0093302726745605, "count": 2, "std": 0.0, "range": 0.0 }, "geometry": { "type": "Polygon", "coordinates": [ [ [ 726100.0, 6173900.0 ], [ 726200.0, 6173900.0 ], [ 726300.0, 6173900.0 ], [ 726300.0, 6173800.0 ], [ 726200.0, 6173800.0 ], [ 726100.0, 6173800.0 ], [ 726100.0, 6173900.0 ] ] ] } },
{ "type": "Feature", "properties": { "Shape_Area": 20000.0, "Shape_Leng": 600.0, "cluster_id": "101_233", "fid_1": 233.0, "id_munic": 233.0, "munic_clus": "101_233", "munic_code": 101.0, "min": 4.1637792587280273, "max": 4.1637792587280273, "mean": 4.1637792587280273, "count": 2, "std": 0.0, "range": 0.0 }, "geometry": { "type": "Polygon", "coordinates": [ [ [ 726100.0, 6173600.0 ], [ 726100.0, 6173700.0 ], [ 726200.0, 6173700.0 ], [ 726200.0, 6173600.0 ], [ 726200.0, 6173500.0 ], [ 726100.0, 6173500.0 ], [ 726100.0, 6173600.0 ] ] ] } },
{ "type": "Feature", "properties": { "Shape_Area": 10000.0, "Shape_Leng": 400.0, "cluster_id": "101_234", "fid_1": 234.0, "id_munic": 234.0, "munic_clus": "101_234", "munic_code": 101.0, "min": 4.285405158996582, "max": 4.285405158996582, "mean": 4.285405158996582, "count": 1, "std": 0.0, "range": 0.0 }, "geometry": { "type": "Polygon", "coordinates": [ [ [ 726100.0, 6173700.0 ], [ 726100.0, 6173800.0 ], [ 726200.0, 6173800.0 ], [ 726200.0, 6173700.0 ], [ 726100.0, 6173700.0 ] ] ] } },
{ "type": "Feature", "properties": { "Shape_Area": 10000.0, "Shape_Leng": 400.0, "cluster_id": "101_235", "fid_1": 235.0, "id_munic": 235.0, "munic_clus": "101_235", "munic_code": 101.0, "min": 3.7560815811157227, "max": 3.7560815811157227, "mean": 3.7560815811157227, "count": 1, "std": 0.0, "range": 0.0 }, "geometry": { "type": "Polygon", "coordinates": [ [ [ 726300.0, 6173800.0 ], [ 726300.0, 6173900.0 ], [ 726400.0, 6173900.0 ], [ 726400.0, 6173800.0 ], [ 726300.0, 6173800.0 ] ] ] } },
{ "type": "Feature", "properties": { "Shape_Area": 10000.0, "Shape_Leng": 400.0, "cluster_id": "101_236", "fid_1": 236.0, "id_munic": 236.0, "munic_clus": "101_236", "munic_code": 101.0, "min": 3.0489840507507324, "max": 3.0489840507507324, "mean": 3.0489840507507324, "count": 1, "std": 0.0, "range": 0.0 }, "geometry": { "type": "Polygon", "coordinates": [ [ [ 726000.0, 6173400.0 ], [ 726000.0, 6173500.0 ], [ 726100.0, 6173500.0 ], [ 726100.0, 6173400.0 ], [ 726000.0, 6173400.0 ] ] ] } },
{ "type": "Feature", "properties": { "Shape_Area": 180000.0, "Shape_Leng": 2000.0, "cluster_id": "101_237", "fid_1": 237.0, "id_munic": 237.0, "munic_clus": "101_237", "munic_code": 101.0, "min": 2.678274393081665, "max": 2.678274393081665, "mean": 2.6782743665907116, "count": 18, "std": 2.6490953430879927e-08, "range": 0.0 }, "geometry": { "type": "Polygon", "coordinates": [ [ [ 725600.0, 6172300.0 ], [ 725600.0, 6172400.0 ], [ 725700.0, 6172400.0 ], [ 725700.0, 6172500.0 ], [ 725800.0, 6172500.0 ], [ 725900.0, 6172500.0 ], [ 726000.0, 6172500.0 ], [ 726000.0, 6172400.0 ], [ 726000.0, 6172300.0 ], [ 726000.0, 6172200.0 ], [ 726000.0, 6172100.0 ], [ 725900.0, 6172100.0 ], [ 725800.0, 6172100.0 ], [ 725800.0, 6172000.0 ], [ 725700.0, 6172000.0 ], [ 725600.0, 6172000.0 ], [ 725500.0, 6172000.0 ], [ 725500.0, 6172100.0 ], [ 725600.0, 6172100.0 ], [ 725600.0, 6172200.0 ], [ 725600.0, 6172300.0 ] ] ] } },
{ "type": "Feature", "properties": { "Shape_Area": 10000.0, "Shape_Leng": 400.0, "cluster_id": "101_238", "fid_1": 238.0, "id_munic": 238.0, "munic_clus": "101_238", "munic_code": 101.0, "min": 3.5928025245666504, "max": 3.5928025245666504, "mean": 3.5928025245666504, "count": 1, "std": 0.0, "range": 0.0 }, "geometry": { "type": "Polygon", "coordinates": [ [ [ 726200.0, 6174800.0 ], [ 726200.0, 6174900.0 ], [ 726300.0, 6174900.0 ], [ 726300.0, 6174800.0 ], [ 726200.0, 6174800.0 ] ] ] } },
{ "type": "Feature", "properties": { "Shape_Area": 20000.0, "Shape_Leng": 600.0, "cluster_id": "101_239", "fid_1": 239.0, "id_munic": 239.0, "munic_clus": "101_239", "munic_code": 101.0, "min": 3.2679107189178467, "max": 3.2679107189178467, "mean": 3.2679107189178467, "count": 2, "std": 0.0, "range": 0.0 }, "geometry": { "type": "Polygon", "coordinates": [ [ [ 726100.0, 6174900.0 ], [ 726100.0, 6175000.0 ], [ 726200.0, 6175000.0 ], [ 726200.0, 6174900.0 ], [ 726200.0, 6174800.0 ], [ 726100.0, 6174800.0 ], [ 726100.0, 6174900.0 ] ] ] } },
{ "type": "Feature", "properties": { "Shape_Area": 270000.0, "Shape_Leng": 2200.0, "cluster_id": "101_240", "fid_1": 240.0, "id_munic": 240.0, "munic_clus": "101_240", "munic_code": 101.0, "min": 2.8458847999572754, "max": 2.8458847999572754, "mean": 2.8458851001880787, "count": 27, "std": 3.0023080332952651e-07, "range": 0.0 }, "geometry": { "type": "Polygon", "coordinates": [ [ [ 725800.0, 6171000.0 ], [ 725800.0, 6171100.0 ], [ 725800.0, 6171200.0 ], [ 725900.0, 6171200.0 ], [ 725900.0, 6171300.0 ], [ 726000.0, 6171300.0 ], [ 726100.0, 6171300.0 ], [ 726200.0, 6171300.0 ], [ 726200.0, 6171200.0 ], [ 726200.0, 6171100.0 ], [ 726200.0, 6171000.0 ], [ 726200.0, 6170900.0 ], [ 726200.0, 6170800.0 ], [ 726200.0, 6170700.0 ], [ 726200.0, 6170600.0 ], [ 726100.0, 6170600.0 ], [ 726000.0, 6170600.0 ], [ 725900.0, 6170600.0 ], [ 725800.0, 6170600.0 ], [ 725800.0, 6170700.0 ], [ 725800.0, 6170800.0 ], [ 725800.0, 6170900.0 ], [ 725800.0, 6171000.0 ] ] ] } },
{ "type": "Feature", "properties": { "Shape_Area": 100000.0, "Shape_Leng": 1400.0, "cluster_id": "101_241", "fid_1": 241.0, "id_munic": 241.0, "munic_clus": "101_241", "munic_code": 101.0, "min": 2.7622461318969727, "max": 2.7622461318969727, "mean": 2.7622459411621092, "count": 10, "std": 1.9073486345888571e-07, "range": 0.0 }, "geometry": { "type": "Polygon", "coordinates": [ [ [ 726500.0, 6172000.0 ], [ 726400.0, 6172000.0 ], [ 726300.0, 6172000.0 ], [ 726200.0, 6172000.0 ], [ 726100.0, 6172000.0 ], [ 726000.0, 6172000.0 ], [ 726000.0, 6172100.0 ], [ 726000.0, 6172200.0 ], [ 726100.0, 6172200.0 ], [ 726200.0, 6172200.0 ], [ 726300.0, 6172200.0 ], [ 726400.0, 6172200.0 ], [ 726500.0, 6172200.0 ], [ 726500.0, 6172100.0 ], [ 726500.0, 6172000.0 ] ] ] } },
{ "type": "Feature", "properties": { "Shape_Area": 50000.0, "Shape_Leng": 1200.0, "cluster_id": "101_242", "fid_1": 242.0, "id_munic": 242.0, "munic_clus": "101_242", "munic_code": 101.0, "min": 3.7182610034942627, "max": 3.7182610034942627, "mean": 3.7182609558105471, "count": 5, "std": 4.7683715642676816e-08, "range": 0.0 }, "geometry": { "type": "Polygon", "coordinates": [ [ [ 726100.0, 6172000.0 ], [ 726200.0, 6172000.0 ], [ 726300.0, 6172000.0 ], [ 726400.0, 6172000.0 ], [ 726500.0, 6172000.0 ], [ 726500.0, 6171900.0 ], [ 726400.0, 6171900.0 ], [ 726300.0, 6171900.0 ], [ 726200.0, 6171900.0 ], [ 726100.0, 6171900.0 ], [ 726000.0, 6171900.0 ], [ 726000.0, 6172000.0 ], [ 726100.0, 6172000.0 ] ] ] } },
{ "type": "Feature", "properties": { "Shape_Area": 110000.0, "Shape_Leng": 1600.0, "cluster_id": "101_243", "fid_1": 243.0, "id_munic": 243.0, "munic_clus": "101_243", "munic_code": 101.0, "min": 2.6039657592773438, "max": 2.6039657592773438, "mean": 2.6039657592773438, "count": 11, "std": 0.0, "range": 0.0 }, "geometry": { "type": "Polygon", "coordinates": [ [ [ 726200.0, 6171600.0 ], [ 726100.0, 6171600.0 ], [ 726100.0, 6171700.0 ], [ 726100.0, 6171800.0 ], [ 726000.0, 6171800.0 ], [ 726000.0, 6171900.0 ], [ 726100.0, 6171900.0 ], [ 726200.0, 6171900.0 ], [ 726300.0, 6171900.0 ], [ 726400.0, 6171900.0 ], [ 726500.0, 6171900.0 ], [ 726500.0, 6171800.0 ], [ 726500.0, 6171700.0 ], [ 726400.0, 6171700.0 ], [ 726300.0, 6171700.0 ], [ 726300.0, 6171600.0 ], [ 726200.0, 6171600.0 ] ] ] } },
{ "type": "Feature", "properties": { "Shape_Area": 120000.0, "Shape_Leng": 1800.0, "cluster_id": "101_244", "fid_1": 244.0, "id_munic": 244.0, "munic_clus": "101_244", "munic_code": 101.0, "min": 3.622126579284668, "max": 3.622126579284668, "mean": 3.6221272150675454, "count": 12, "std": 6.3578287745613693e-07, "range": 0.0 }, "geometry": { "type": "Polygon", "coordinates": [ [ [ 725900.0, 6171500.0 ], [ 725900.0, 6171600.0 ], [ 725800.0, 6171600.0 ], [ 725800.0, 6171700.0 ], [ 725900.0, 6171700.0 ], [ 726000.0, 6171700.0 ], [ 726000.0, 6171800.0 ], [ 726100.0, 6171800.0 ], [ 726100.0, 6171700.0 ], [ 726100.0, 6171600.0 ], [ 726100.0, 6171500.0 ], [ 726100.0, 6171400.0 ], [ 726100.0, 6171300.0 ], [ 726000.0, 6171300.0 ], [ 725900.0, 6171300.0 ], [ 725800.0, 6171300.0 ], [ 725800.0, 6171400.0 ], [ 725800.0, 6171500.0 ], [ 725900.0, 6171500.0 ] ] ] } },
{ "type": "Feature", "properties": { "Shape_Area": 130000.0, "Shape_Leng": 2000.0, "cluster_id": "101_245", "fid_1": 245.0, "id_munic": 245.0, "munic_clus": "101_245", "munic_code": 101.0, "min": 3.1712765693664551, "max": 3.1712765693664551, "mean": 3.1712766794057994, "count": 13, "std": 1.1003934430320328e-07, "range": 0.0 }, "geometry": { "type": "Polygon", "coordinates": [ [ [ 722200.0, 6174800.0 ], [ 722200.0, 6174900.0 ], [ 722300.0, 6174900.0 ], [ 722300.0, 6175000.0 ], [ 722400.0, 6175000.0 ], [ 722500.0, 6175000.0 ], [ 722500.0, 6175100.0 ], [ 722600.0, 6175100.0 ], [ 722600.0, 6175000.0 ], [ 722600.0, 6174900.0 ], [ 722600.0, 6174800.0 ], [ 722500.0, 6174800.0 ], [ 722500.0, 6174700.0 ], [ 722400.0, 6174700.0 ], [ 722300.0, 6174700.0 ], [ 722200.0, 6174700.0 ], [ 722100.0, 6174700.0 ], [ 722000.0, 6174700.0 ], [ 722000.0, 6174800.0 ], [ 722100.0, 6174800.0 ], [ 722200.0, 6174800.0 ] ] ] } },
{ "type": "Feature", "properties": { "Shape_Area": 20000.0, "Shape_Leng": 600.0, "cluster_id": "101_246", "fid_1": 246.0, "id_munic": 246.0, "munic_clus": "101_246", "munic_code": 101.0, "min": 3.7450854778289795, "max": 3.7450854778289795, "mean": 3.7450854778289795, "count": 2, "std": 0.0, "range": 0.0 }, "geometry": { "type": "Polygon", "coordinates": [ [ [ 725100.0, 6174400.0 ], [ 725100.0, 6174500.0 ], [ 725200.0, 6174500.0 ], [ 725200.0, 6174400.0 ], [ 725200.0, 6174300.0 ], [ 725100.0, 6174300.0 ], [ 725100.0, 6174400.0 ] ] ] } },
{ "type": "Feature", "properties": { "Shape_Area": 10000.0, "Shape_Leng": 400.0, "cluster_id": "101_247", "fid_1": 247.0, "id_munic": 247.0, "munic_clus": "101_247", "munic_code": 101.0, "min": 2.4085307121276855, "max": 2.4085307121276855, "mean": 2.4085307121276855, "count": 1, "std": 0.0, "range": 0.0 }, "geometry": { "type": "Polygon", "coordinates": [ [ [ 724900.0, 6174600.0 ], [ 724900.0, 6174700.0 ], [ 725000.0, 6174700.0 ], [ 725000.0, 6174600.0 ], [ 724900.0, 6174600.0 ] ] ] } },
{ "type": "Feature", "properties": { "Shape_Area": 10000.0, "Shape_Leng": 400.0, "cluster_id": "101_248", "fid_1": 248.0, "id_munic": 248.0, "munic_clus": "101_248", "munic_code": 101.0, "min": 3.1487843990325928, "max": 3.1487843990325928, "mean": 3.1487843990325928, "count": 1, "std": 0.0, "range": 0.0 }, "geometry": { "type": "Polygon", "coordinates": [ [ [ 725100.0, 6174600.0 ], [ 725100.0, 6174700.0 ], [ 725200.0, 6174700.0 ], [ 725200.0, 6174600.0 ], [ 725100.0, 6174600.0 ] ] ] } },
{ "type": "Feature", "properties": { "Shape_Area": 10000.0, "Shape_Leng": 400.0, "cluster_id": "101_249", "fid_1": 249.0, "id_munic": 249.0, "munic_clus": "101_249", "munic_code": 101.0, "min": 2.4976680278778076, "max": 2.4976680278778076, "mean": 2.4976680278778076, "count": 1, "std": 0.0, "range": 0.0 }, "geometry": { "type": "Polygon", "coordinates": [ [ [ 725100.0, 6175000.0 ], [ 725100.0, 6175100.0 ], [ 725200.0, 6175100.0 ], [ 725200.0, 6175000.0 ], [ 725100.0, 6175000.0 ] ] ] } },
{ "type": "Feature", "properties": { "Shape_Area": 10000.0, "Shape_Leng": 400.0, "cluster_id": "101_250", "fid_1": 250.0, "id_munic": 250.0, "munic_clus": "101_250", "munic_code": 101.0, "min": 3.3698773384094238, "max": 3.3698773384094238, "mean": 3.3698773384094238, "count": 1, "std": 0.0, "range": 0.0 }, "geometry": { "type": "Polygon", "coordinates": [ [ [ 725200.0, 6174400.0 ], [ 725200.0, 6174500.0 ], [ 725300.0, 6174500.0 ], [ 725300.0, 6174400.0 ], [ 725200.0, 6174400.0 ] ] ] } },
{ "type": "Feature", "properties": { "Shape_Area": 30000.0, "Shape_Leng": 800.0, "cluster_id": "101_251", "fid_1": 251.0, "id_munic": 251.0, "munic_clus": "101_251", "munic_code": 101.0, "min": 3.1104631423950195, "max": 3.1104631423950195, "mean": 3.1104631423950195, "count": 3, "std": 0.0, "range": 0.0 }, "geometry": { "type": "Polygon", "coordinates": [ [ [ 725000.0, 6174600.0 ], [ 725000.0, 6174700.0 ], [ 725100.0, 6174700.0 ], [ 725100.0, 6174600.0 ], [ 725200.0, 6174600.0 ], [ 725200.0, 6174500.0 ], [ 725100.0, 6174500.0 ], [ 725000.0, 6174500.0 ], [ 725000.0, 6174600.0 ] ] ] } },
{ "type": "Feature", "properties": { "Shape_Area": 20000.0, "Shape_Leng": 600.0, "cluster_id": "101_252", "fid_1": 252.0, "id_munic": 252.0, "munic_clus": "101_252", "munic_code": 101.0, "min": 2.8070642948150635, "max": 2.8070642948150635, "mean": 2.8070642948150635, "count": 2, "std": 0.0, "range": 0.0 }, "geometry": { "type": "Polygon", "coordinates": [ [ [ 725200.0, 6174600.0 ], [ 725300.0, 6174600.0 ], [ 725400.0, 6174600.0 ], [ 725400.0, 6174500.0 ], [ 725300.0, 6174500.0 ], [ 725200.0, 6174500.0 ], [ 725200.0, 6174600.0 ] ] ] } },
{ "type": "Feature", "properties": { "Shape_Area": 20000.0, "Shape_Leng": 600.0, "cluster_id": "101_253", "fid_1": 253.0, "id_munic": 253.0, "munic_clus": "101_253", "munic_code": 101.0, "min": 3.3012330532073975, "max": 3.3012330532073975, "mean": 3.3012330532073975, "count": 2, "std": 0.0, "range": 0.0 }, "geometry": { "type": "Polygon", "coordinates": [ [ [ 718900.0, 6175100.0 ], [ 719000.0, 6175100.0 ], [ 719100.0, 6175100.0 ], [ 719100.0, 6175000.0 ], [ 719000.0, 6175000.0 ], [ 718900.0, 6175000.0 ], [ 718900.0, 6175100.0 ] ] ] } },
{ "type": "Feature", "properties": { "Shape_Area": 40000.0, "Shape_Leng": 800.0, "cluster_id": "101_254", "fid_1": 254.0, "id_munic": 254.0, "munic_clus": "101_254", "munic_code": 101.0, "min": 2.9856719970703125, "max": 2.9856719970703125, "mean": 2.9856719970703125, "count": 4, "std": 0.0, "range": 0.0 }, "geometry": { "type": "Polygon", "coordinates": [ [ [ 719500.0, 6174800.0 ], [ 719400.0, 6174800.0 ], [ 719300.0, 6174800.0 ], [ 719300.0, 6174900.0 ], [ 719300.0, 6175000.0 ], [ 719400.0, 6175000.0 ], [ 719500.0, 6175000.0 ], [ 719500.0, 6174900.0 ], [ 719500.0, 6174800.0 ] ] ] } },
{ "type": "Feature", "properties": { "Shape_Area": 20000.0, "Shape_Leng": 600.0, "cluster_id": "101_255", "fid_1": 255.0, "id_munic": 255.0, "munic_clus": "101_255", "munic_code": 101.0, "min": 3.1129624843597412, "max": 3.1129624843597412, "mean": 3.1129624843597412, "count": 2, "std": 0.0, "range": 0.0 }, "geometry": { "type": "Polygon", "coordinates": [ [ [ 719200.0, 6174800.0 ], [ 719300.0, 6174800.0 ], [ 719400.0, 6174800.0 ], [ 719400.0, 6174700.0 ], [ 719300.0, 6174700.0 ], [ 719200.0, 6174700.0 ], [ 719200.0, 6174800.0 ] ] ] } },
{ "type": "Feature", "properties": { "Shape_Area": 50000.0, "Shape_Leng": 1000.0, "cluster_id": "101_256", "fid_1": 256.0, "id_munic": 256.0, "munic_clus": "101_256", "munic_code": 101.0, "min": 3.5206601619720459, "max": 3.5206601619720459, "mean": 3.5206600189208985, "count": 5, "std": 1.4305114737211966e-07, "range": 0.0 }, "geometry": { "type": "Polygon", "coordinates": [ [ [ 719100.0, 6174600.0 ], [ 719100.0, 6174700.0 ], [ 719200.0, 6174700.0 ], [ 719300.0, 6174700.0 ], [ 719300.0, 6174600.0 ], [ 719300.0, 6174500.0 ], [ 719200.0, 6174500.0 ], [ 719200.0, 6174400.0 ], [ 719100.0, 6174400.0 ], [ 719100.0, 6174500.0 ], [ 719100.0, 6174600.0 ] ] ] } },
{ "type": "Feature", "properties": { "Shape_Area": 70000.0, "Shape_Leng": 1200.0, "cluster_id": "101_257", "fid_1": 257.0, "id_munic": 257.0, "munic_clus": "101_257", "munic_code": 101.0, "min": 2.9456853866577148, "max": 2.9456853866577148, "mean": 2.9456852504185269, "count": 7, "std": 1.3623918793115308e-07, "range": 0.0 }, "geometry": { "type": "Polygon", "coordinates": [ [ [ 718900.0, 6174400.0 ], [ 718900.0, 6174500.0 ], [ 718900.0, 6174600.0 ], [ 718900.0, 6174700.0 ], [ 719000.0, 6174700.0 ], [ 719100.0, 6174700.0 ], [ 719100.0, 6174600.0 ], [ 719100.0, 6174500.0 ], [ 719100.0, 6174400.0 ], [ 719100.0, 6174300.0 ], [ 719000.0, 6174300.0 ], [ 719000.0, 6174400.0 ], [ 718900.0, 6174400.0 ] ] ] } },
{ "type": "Feature", "properties": { "Shape_Area": 100000.0, "Shape_Leng": 1600.0, "cluster_id": "101_258", "fid_1": 258.0, "id_munic": 258.0, "munic_clus": "101_258", "munic_code": 101.0, "min": 3.241586446762085, "max": 3.241586446762085, "mean": 3.2415863037109376, "count": 10, "std": 1.4305114737211966e-07, "range": 0.0 }, "geometry": { "type": "Polygon", "coordinates": [ [ [ 719100.0, 6174300.0 ], [ 719100.0, 6174200.0 ], [ 719000.0, 6174200.0 ], [ 718900.0, 6174200.0 ], [ 718800.0, 6174200.0 ], [ 718800.0, 6174300.0 ], [ 718700.0, 6174300.0 ], [ 718700.0, 6174400.0 ], [ 718700.0, 6174500.0 ], [ 718700.0, 6174600.0 ], [ 718800.0, 6174600.0 ], [ 718900.0, 6174600.0 ], [ 718900.0, 6174500.0 ], [ 718900.0, 6174400.0 ], [ 719000.0, 6174400.0 ], [ 719000.0, 6174300.0 ], [ 719100.0, 6174300.0 ] ] ] } },
{ "type": "Feature", "properties": { "Shape_Area": 10000.0, "Shape_Leng": 400.0, "cluster_id": "101_259", "fid_1": 259.0, "id_munic": 259.0, "munic_clus": "101_259", "munic_code": 101.0, "min": 3.4220263957977295, "max": 3.4220263957977295, "mean": 3.4220263957977295, "count": 1, "std": 0.0, "range": 0.0 }, "geometry": { "type": "Polygon", "coordinates": [ [ [ 722300.0, 6177600.0 ], [ 722300.0, 6177700.0 ], [ 722400.0, 6177700.0 ], [ 722400.0, 6177600.0 ], [ 722300.0, 6177600.0 ] ] ] } },
{ "type": "Feature", "properties": { "Shape_Area": 20000.0, "Shape_Leng": 600.0, "cluster_id": "101_260", "fid_1": 260.0, "id_munic": 260.0, "munic_clus": "101_260", "munic_code": 101.0, "min": 3.0064983367919922, "max": 3.0064983367919922, "mean": 3.0064983367919922, "count": 2, "std": 0.0, "range": 0.0 }, "geometry": { "type": "Polygon", "coordinates": [ [ [ 722200.0, 6177800.0 ], [ 722200.0, 6177900.0 ], [ 722300.0, 6177900.0 ], [ 722300.0, 6177800.0 ], [ 722300.0, 6177700.0 ], [ 722200.0, 6177700.0 ], [ 722200.0, 6177800.0 ] ] ] } },
{ "type": "Feature", "properties": { "Shape_Area": 30000.0, "Shape_Leng": 800.0, "cluster_id": "101_261", "fid_1": 261.0, "id_munic": 261.0, "munic_clus": "101_261", "munic_code": 101.0, "min": 2.5158283710479736, "max": 2.5158283710479736, "mean": 2.5158284505208335, "count": 3, "std": 7.947285984855057e-08, "range": 0.0 }, "geometry": { "type": "Polygon", "coordinates": [ [ [ 722300.0, 6177800.0 ], [ 722300.0, 6177900.0 ], [ 722300.0, 6178000.0 ], [ 722400.0, 6178000.0 ], [ 722400.0, 6177900.0 ], [ 722400.0, 6177800.0 ], [ 722400.0, 6177700.0 ], [ 722300.0, 6177700.0 ], [ 722300.0, 6177800.0 ] ] ] } },
{ "type": "Feature", "properties": { "Shape_Area": 50000.0, "Shape_Leng": 1000.0, "cluster_id": "101_262", "fid_1": 262.0, "id_munic": 262.0, "munic_clus": "101_262", "munic_code": 101.0, "min": 3.6637792587280273, "max": 3.6637792587280273, "mean": 3.6637794494628908, "count": 5, "std": 1.9073486345888568e-07, "range": 0.0 }, "geometry": { "type": "Polygon", "coordinates": [ [ [ 719200.0, 6174700.0 ], [ 719100.0, 6174700.0 ], [ 719000.0, 6174700.0 ], [ 719000.0, 6174800.0 ], [ 719000.0, 6174900.0 ], [ 719100.0, 6174900.0 ], [ 719200.0, 6174900.0 ], [ 719300.0, 6174900.0 ], [ 719300.0, 6174800.0 ], [ 719200.0, 6174800.0 ], [ 719200.0, 6174700.0 ] ] ] } },
{ "type": "Feature", "properties": { "Shape_Area": 140000.0, "Shape_Leng": 1800.0, "cluster_id": "101_263", "fid_1": 263.0, "id_munic": 263.0, "munic_clus": "101_263", "munic_code": 101.0, "min": 2.7737424373626709, "max": 2.7737424373626709, "mean": 2.7737424033028737, "count": 14, "std": 3.4059797204832876e-08, "range": 0.0 }, "geometry": { "type": "Polygon", "coordinates": [ [ [ 718700.0, 6174900.0 ], [ 718700.0, 6175000.0 ], [ 718700.0, 6175100.0 ], [ 718800.0, 6175100.0 ], [ 718900.0, 6175100.0 ], [ 718900.0, 6175000.0 ], [ 719000.0, 6175000.0 ], [ 719100.0, 6175000.0 ], [ 719100.0, 6174900.0 ], [ 719000.0, 6174900.0 ], [ 719000.0, 6174800.0 ], [ 719000.0, 6174700.0 ], [ 718900.0, 6174700.0 ], [ 718900.0, 6174600.0 ], [ 718800.0, 6174600.0 ], [ 718700.0, 6174600.0 ], [ 718700.0, 6174700.0 ], [ 718700.0, 6174800.0 ], [ 718700.0, 6174900.0 ] ] ] } },
{ "type": "Feature", "properties": { "Shape_Area": 10000.0, "Shape_Leng": 400.0, "cluster_id": "101_264", "fid_1": 264.0, "id_munic": 264.0, "munic_clus": "101_264", "munic_code": 101.0, "min": 4.6652789115905762, "max": 4.6652789115905762, "mean": 4.6652789115905762, "count": 1, "std": 0.0, "range": 0.0 }, "geometry": { "type": "Polygon", "coordinates": [ [ [ 725800.0, 6175300.0 ], [ 725800.0, 6175400.0 ], [ 725900.0, 6175400.0 ], [ 725900.0, 6175300.0 ], [ 725800.0, 6175300.0 ] ] ] } },
{ "type": "Feature", "properties": { "Shape_Area": 10000.0, "Shape_Leng": 400.0, "cluster_id": "101_265", "fid_1": 265.0, "id_munic": 265.0, "munic_clus": "101_265", "munic_code": 101.0, "min": 3.2030987739562988, "max": 3.2030987739562988, "mean": 3.2030987739562988, "count": 1, "std": 0.0, "range": 0.0 }, "geometry": { "type": "Polygon", "coordinates": [ [ [ 725700.0, 6175200.0 ], [ 725700.0, 6175300.0 ], [ 725800.0, 6175300.0 ], [ 725800.0, 6175200.0 ], [ 725700.0, 6175200.0 ] ] ] } },
{ "type": "Feature", "properties": { "Shape_Area": 10000.0, "Shape_Leng": 400.0, "cluster_id": "101_266", "fid_1": 266.0, "id_munic": 266.0, "munic_clus": "101_266", "munic_code": 101.0, "min": 3.348884105682373, "max": 3.348884105682373, "mean": 3.348884105682373, "count": 1, "std": 0.0, "range": 0.0 }, "geometry": { "type": "Polygon", "coordinates": [ [ [ 725900.0, 6175300.0 ], [ 725900.0, 6175400.0 ], [ 726000.0, 6175400.0 ], [ 726000.0, 6175300.0 ], [ 725900.0, 6175300.0 ] ] ] } },
{ "type": "Feature", "properties": { "Shape_Area": 130000.0, "Shape_Leng": 1800.0, "cluster_id": "101_267", "fid_1": 267.0, "id_munic": 267.0, "munic_clus": "101_267", "munic_code": 101.0, "min": 2.9090306758880615, "max": 2.9090306758880615, "mean": 2.9090306208683896, "count": 13, "std": 5.5019671929557035e-08, "range": 0.0 }, "geometry": { "type": "Polygon", "coordinates": [ [ [ 725700.0, 6175100.0 ], [ 725700.0, 6175200.0 ], [ 725800.0, 6175200.0 ], [ 725800.0, 6175300.0 ], [ 725900.0, 6175300.0 ], [ 726000.0, 6175300.0 ], [ 726100.0, 6175300.0 ], [ 726100.0, 6175200.0 ], [ 726100.0, 6175100.0 ], [ 726200.0, 6175100.0 ], [ 726200.0, 6175000.0 ], [ 726100.0, 6175000.0 ], [ 726000.0, 6175000.0 ], [ 725900.0, 6175000.0 ], [ 725900.0, 6174900.0 ], [ 725800.0, 6174900.0 ], [ 725800.0, 6175000.0 ], [ 725700.0, 6175000.0 ], [ 725700.0, 6175100.0 ] ] ] } },
{ "type": "Feature", "properties": { "Shape_Area": 10000.0, "Shape_Leng": 400.0, "cluster_id": "101_268", "fid_1": 268.0, "id_munic": 268.0, "munic_clus": "101_268", "munic_code": 101.0, "min": 3.0181608200073242, "max": 3.0181608200073242, "mean": 3.0181608200073242, "count": 1, "std": 0.0, "range": 0.0 }, "geometry": { "type": "Polygon", "coordinates": [ [ [ 725700.0, 6175300.0 ], [ 725700.0, 6175400.0 ], [ 725800.0, 6175400.0 ], [ 725800.0, 6175300.0 ], [ 725700.0, 6175300.0 ] ] ] } },
{ "type": "Feature", "properties": { "Shape_Area": 10000.0, "Shape_Leng": 400.0, "cluster_id": "101_269", "fid_1": 269.0, "id_munic": 269.0, "munic_clus": "101_269", "munic_code": 101.0, "min": 3.0316565036773682, "max": 3.0316565036773682, "mean": 3.0316565036773682, "count": 1, "std": 0.0, "range": 0.0 }, "geometry": { "type": "Polygon", "coordinates": [ [ [ 726300.0, 6174700.0 ], [ 726300.0, 6174800.0 ], [ 726400.0, 6174800.0 ], [ 726400.0, 6174700.0 ], [ 726300.0, 6174700.0 ] ] ] } },
{ "type": "Feature", "properties": { "Shape_Area": 10000.0, "Shape_Leng": 400.0, "cluster_id": "101_270", "fid_1": 270.0, "id_munic": 270.0, "munic_clus": "101_270", "munic_code": 101.0, "min": 3.1181273460388184, "max": 3.1181273460388184, "mean": 3.1181273460388184, "count": 1, "std": 0.0, "range": 0.0 }, "geometry": { "type": "Polygon", "coordinates": [ [ [ 726500.0, 6174800.0 ], [ 726500.0, 6174900.0 ], [ 726600.0, 6174900.0 ], [ 726600.0, 6174800.0 ], [ 726500.0, 6174800.0 ] ] ] } },
{ "type": "Feature", "properties": { "Shape_Area": 30000.0, "Shape_Leng": 800.0, "cluster_id": "101_271", "fid_1": 271.0, "id_munic": 271.0, "munic_clus": "101_271", "munic_code": 101.0, "min": 3.5559816360473633, "max": 3.5559816360473633, "mean": 3.5559816360473633, "count": 3, "std": 0.0, "range": 0.0 }, "geometry": { "type": "Polygon", "coordinates": [ [ [ 726300.0, 6175100.0 ], [ 726400.0, 6175100.0 ], [ 726500.0, 6175100.0 ], [ 726600.0, 6175100.0 ], [ 726600.0, 6175000.0 ], [ 726500.0, 6175000.0 ], [ 726400.0, 6175000.0 ], [ 726300.0, 6175000.0 ], [ 726300.0, 6175100.0 ] ] ] } },
{ "type": "Feature", "properties": { "Shape_Area": 10000.0, "Shape_Leng": 400.0, "cluster_id": "101_272", "fid_1": 272.0, "id_munic": 272.0, "munic_clus": "101_272", "munic_code": 101.0, "min": 3.1572811603546143, "max": 3.1572811603546143, "mean": 3.1572811603546143, "count": 1, "std": 0.0, "range": 0.0 }, "geometry": { "type": "Polygon", "coordinates": [ [ [ 726200.0, 6175000.0 ], [ 726200.0, 6175100.0 ], [ 726300.0, 6175100.0 ], [ 726300.0, 6175000.0 ], [ 726200.0, 6175000.0 ] ] ] } },
{ "type": "Feature", "properties": { "Shape_Area": 20000.0, "Shape_Leng": 600.0, "cluster_id": "101_273", "fid_1": 273.0, "id_munic": 273.0, "munic_clus": "101_273", "munic_code": 101.0, "min": 3.2959015369415283, "max": 3.2959015369415283, "mean": 3.2959015369415283, "count": 2, "std": 0.0, "range": 0.0 }, "geometry": { "type": "Polygon", "coordinates": [ [ [ 726200.0, 6175000.0 ], [ 726300.0, 6175000.0 ], [ 726400.0, 6175000.0 ], [ 726400.0, 6174900.0 ], [ 726300.0, 6174900.0 ], [ 726200.0, 6174900.0 ], [ 726200.0, 6175000.0 ] ] ] } },
{ "type": "Feature", "properties": { "Shape_Area": 10000.0, "Shape_Leng": 400.0, "cluster_id": "101_274", "fid_1": 274.0, "id_munic": 274.0, "munic_clus": "101_274", "munic_code": 101.0, "min": 3.2329225540161133, "max": 3.2329225540161133, "mean": 3.2329225540161133, "count": 1, "std": 0.0, "range": 0.0 }, "geometry": { "type": "Polygon", "coordinates": [ [ [ 726300.0, 6174800.0 ], [ 726300.0, 6174900.0 ], [ 726400.0, 6174900.0 ], [ 726400.0, 6174800.0 ], [ 726300.0, 6174800.0 ] ] ] } },
{ "type": "Feature", "properties": { "Shape_Area": 10000.0, "Shape_Leng": 400.0, "cluster_id": "101_275", "fid_1": 275.0, "id_munic": 275.0, "munic_clus": "101_275", "munic_code": 101.0, "min": 3.375375509262085, "max": 3.375375509262085, "mean": 3.375375509262085, "count": 1, "std": 0.0, "range": 0.0 }, "geometry": { "type": "Polygon", "coordinates": [ [ [ 726400.0, 6174900.0 ], [ 726400.0, 6175000.0 ], [ 726500.0, 6175000.0 ], [ 726500.0, 6174900.0 ], [ 726400.0, 6174900.0 ] ] ] } },
{ "type": "Feature", "properties": { "Shape_Area": 30000.0, "Shape_Leng": 800.0, "cluster_id": "101_276", "fid_1": 276.0, "id_munic": 276.0, "munic_clus": "101_276", "munic_code": 101.0, "min": 3.9016997814178467, "max": 3.9016997814178467, "mean": 3.9016997019449868, "count": 3, "std": 7.947285984855057e-08, "range": 0.0 }, "geometry": { "type": "Polygon", "coordinates": [ [ [ 719100.0, 6175800.0 ], [ 719200.0, 6175800.0 ], [ 719200.0, 6175900.0 ], [ 719300.0, 6175900.0 ], [ 719300.0, 6175800.0 ], [ 719300.0, 6175700.0 ], [ 719200.0, 6175700.0 ], [ 719100.0, 6175700.0 ], [ 719100.0, 6175800.0 ] ] ] } },
{ "type": "Feature", "properties": { "Shape_Area": 10000.0, "Shape_Leng": 400.0, "cluster_id": "101_277", "fid_1": 277.0, "id_munic": 277.0, "munic_clus": "101_277", "munic_code": 101.0, "min": 2.7217593193054199, "max": 2.7217593193054199, "mean": 2.7217593193054199, "count": 1, "std": 0.0, "range": 0.0 }, "geometry": { "type": "Polygon", "coordinates": [ [ [ 727100.0, 6174800.0 ], [ 727100.0, 6174900.0 ], [ 727200.0, 6174900.0 ], [ 727200.0, 6174800.0 ], [ 727100.0, 6174800.0 ] ] ] } },
{ "type": "Feature", "properties": { "Shape_Area": 10000.0, "Shape_Leng": 400.0, "cluster_id": "101_278", "fid_1": 278.0, "id_munic": 278.0, "munic_clus": "101_278", "munic_code": 101.0, "min": 3.4905030727386475, "max": 3.4905030727386475, "mean": 3.4905030727386475, "count": 1, "std": 0.0, "range": 0.0 }, "geometry": { "type": "Polygon", "coordinates": [ [ [ 726400.0, 6174800.0 ], [ 726400.0, 6174900.0 ], [ 726500.0, 6174900.0 ], [ 726500.0, 6174800.0 ], [ 726400.0, 6174800.0 ] ] ] } },
{ "type": "Feature", "properties": { "Shape_Area": 10000.0, "Shape_Leng": 400.0, "cluster_id": "101_279", "fid_1": 279.0, "id_munic": 279.0, "munic_clus": "101_279", "munic_code": 101.0, "min": 3.2625794410705566, "max": 3.2625794410705566, "mean": 3.2625794410705566, "count": 1, "std": 0.0, "range": 0.0 }, "geometry": { "type": "Polygon", "coordinates": [ [ [ 726500.0, 6174900.0 ], [ 726500.0, 6175000.0 ], [ 726600.0, 6175000.0 ], [ 726600.0, 6174900.0 ], [ 726500.0, 6174900.0 ] ] ] } },
{ "type": "Feature", "properties": { "Shape_Area": 10000.0, "Shape_Leng": 400.0, "cluster_id": "101_280", "fid_1": 280.0, "id_munic": 280.0, "munic_clus": "101_280", "munic_code": 101.0, "min": 2.5924694538116455, "max": 2.5924694538116455, "mean": 2.5924694538116455, "count": 1, "std": 0.0, "range": 0.0 }, "geometry": { "type": "Polygon", "coordinates": [ [ [ 726800.0, 6174700.0 ], [ 726800.0, 6174800.0 ], [ 726900.0, 6174800.0 ], [ 726900.0, 6174700.0 ], [ 726800.0, 6174700.0 ] ] ] } },
{ "type": "Feature", "properties": { "Shape_Area": 10000.0, "Shape_Leng": 400.0, "cluster_id": "101_281", "fid_1": 281.0, "id_munic": 281.0, "munic_clus": "101_281", "munic_code": 101.0, "min": 2.8215599060058594, "max": 2.8215599060058594, "mean": 2.8215599060058594, "count": 1, "std": 0.0, "range": 0.0 }, "geometry": { "type": "Polygon", "coordinates": [ [ [ 726600.0, 6174600.0 ], [ 726600.0, 6174700.0 ], [ 726700.0, 6174700.0 ], [ 726700.0, 6174600.0 ], [ 726600.0, 6174600.0 ] ] ] } },
{ "type": "Feature", "properties": { "Shape_Area": 10000.0, "Shape_Leng": 400.0, "cluster_id": "101_282", "fid_1": 282.0, "id_munic": 282.0, "munic_clus": "101_282", "munic_code": 101.0, "min": 2.8142285346984863, "max": 2.8142285346984863, "mean": 2.8142285346984863, "count": 1, "std": 0.0, "range": 0.0 }, "geometry": { "type": "Polygon", "coordinates": [ [ [ 726700.0, 6174700.0 ], [ 726700.0, 6174800.0 ], [ 726800.0, 6174800.0 ], [ 726800.0, 6174700.0 ], [ 726700.0, 6174700.0 ] ] ] } },
{ "type": "Feature", "properties": { "Shape_Area": 30000.0, "Shape_Leng": 800.0, "cluster_id": "101_283", "fid_1": 283.0, "id_munic": 283.0, "munic_clus": "101_283", "munic_code": 101.0, "min": 3.0059976577758789, "max": 3.0059976577758789, "mean": 3.0059976577758789, "count": 3, "std": 0.0, "range": 0.0 }, "geometry": { "type": "Polygon", "coordinates": [ [ [ 726600.0, 6174800.0 ], [ 726600.0, 6174900.0 ], [ 726700.0, 6174900.0 ], [ 726800.0, 6174900.0 ], [ 726800.0, 6174800.0 ], [ 726700.0, 6174800.0 ], [ 726700.0, 6174700.0 ], [ 726600.0, 6174700.0 ], [ 726600.0, 6174800.0 ] ] ] } },
{ "type": "Feature", "properties": { "Shape_Area": 40000.0, "Shape_Leng": 800.0, "cluster_id": "101_284", "fid_1": 284.0, "id_munic": 284.0, "munic_clus": "101_284", "munic_code": 101.0, "min": 3.5429856777191162, "max": 3.5429856777191162, "mean": 3.5429856777191162, "count": 4, "std": 0.0, "range": 0.0 }, "geometry": { "type": "Polygon", "coordinates": [ [ [ 726600.0, 6174600.0 ], [ 726500.0, 6174600.0 ], [ 726400.0, 6174600.0 ], [ 726400.0, 6174700.0 ], [ 726400.0, 6174800.0 ], [ 726500.0, 6174800.0 ], [ 726600.0, 6174800.0 ], [ 726600.0, 6174700.0 ], [ 726600.0, 6174600.0 ] ] ] } },
{ "type": "Feature", "properties": { "Shape_Area": 220000.0, "Shape_Leng": 2200.0, "cluster_id": "101_285", "fid_1": 285.0, "id_munic": 285.0, "munic_clus": "101_285", "munic_code": 101.0, "min": 2.4446852207183838, "max": 2.4446852207183838, "mean": 2.4446855024857954, "count": 22, "std": 2.8176741162511121e-07, "range": 0.0 }, "geometry": { "type": "Polygon", "coordinates": [ [ [ 725800.0, 6174500.0 ], [ 725700.0, 6174500.0 ], [ 725600.0, 6174500.0 ], [ 725500.0, 6174500.0 ], [ 725500.0, 6174600.0 ], [ 725500.0, 6174700.0 ], [ 725600.0, 6174700.0 ], [ 725600.0, 6174800.0 ], [ 725600.0, 6174900.0 ], [ 725700.0, 6174900.0 ], [ 725800.0, 6174900.0 ], [ 725900.0, 6174900.0 ], [ 726000.0, 6174900.0 ], [ 726000.0, 6174800.0 ], [ 726100.0, 6174800.0 ], [ 726100.0, 6174700.0 ], [ 726100.0, 6174600.0 ], [ 726100.0, 6174500.0 ], [ 726000.0, 6174500.0 ], [ 726000.0, 6174400.0 ], [ 725900.0, 6174400.0 ], [ 725900.0, 6174500.0 ], [ 725800.0, 6174500.0 ] ] ] } },
{ "type": "Feature", "properties": { "Shape_Area": 10000.0, "Shape_Leng": 400.0, "cluster_id": "101_286", "fid_1": 286.0, "id_munic": 286.0, "munic_clus": "101_286", "munic_code": 101.0, "min": 3.7980678081512451, "max": 3.7980678081512451, "mean": 3.7980678081512451, "count": 1, "std": 0.0, "range": 0.0 }, "geometry": { "type": "Polygon", "coordinates": [ [ [ 727300.0, 6172500.0 ], [ 727300.0, 6172600.0 ], [ 727400.0, 6172600.0 ], [ 727400.0, 6172500.0 ], [ 727300.0, 6172500.0 ] ] ] } },
{ "type": "Feature", "properties": { "Shape_Area": 20000.0, "Shape_Leng": 600.0, "cluster_id": "101_287", "fid_1": 287.0, "id_munic": 287.0, "munic_clus": "101_287", "munic_code": 101.0, "min": 3.2584142684936523, "max": 3.2584142684936523, "mean": 3.2584142684936523, "count": 2, "std": 0.0, "range": 0.0 }, "geometry": { "type": "Polygon", "coordinates": [ [ [ 727300.0, 6172400.0 ], [ 727400.0, 6172400.0 ], [ 727500.0, 6172400.0 ], [ 727500.0, 6172300.0 ], [ 727400.0, 6172300.0 ], [ 727300.0, 6172300.0 ], [ 727300.0, 6172400.0 ] ] ] } },
{ "type": "Feature", "properties": { "Shape_Area": 20000.0, "Shape_Leng": 600.0, "cluster_id": "101_288", "fid_1": 288.0, "id_munic": 288.0, "munic_clus": "101_288", "munic_code": 101.0, "min": 3.0103299617767334, "max": 3.0103299617767334, "mean": 3.0103299617767334, "count": 2, "std": 0.0, "range": 0.0 }, "geometry": { "type": "Polygon", "coordinates": [ [ [ 727300.0, 6172500.0 ], [ 727400.0, 6172500.0 ], [ 727500.0, 6172500.0 ], [ 727500.0, 6172400.0 ], [ 727400.0, 6172400.0 ], [ 727300.0, 6172400.0 ], [ 727300.0, 6172500.0 ] ] ] } },
{ "type": "Feature", "properties": { "Shape_Area": 40000.0, "Shape_Leng": 1000.0, "cluster_id": "101_289", "fid_1": 289.0, "id_munic": 289.0, "munic_clus": "101_289", "munic_code": 101.0, "min": 3.7937357425689697, "max": 3.7937357425689697, "mean": 3.7937357425689697, "count": 4, "std": 0.0, "range": 0.0 }, "geometry": { "type": "Polygon", "coordinates": [ [ [ 727200.0, 6172500.0 ], [ 727100.0, 6172500.0 ], [ 727100.0, 6172600.0 ], [ 727200.0, 6172600.0 ], [ 727300.0, 6172600.0 ], [ 727300.0, 6172500.0 ], [ 727300.0, 6172400.0 ], [ 727300.0, 6172300.0 ], [ 727200.0, 6172300.0 ], [ 727200.0, 6172400.0 ], [ 727200.0, 6172500.0 ] ] ] } },
{ "type": "Feature", "properties": { "Shape_Area": 80000.0, "Shape_Leng": 1200.0, "cluster_id": "101_290", "fid_1": 290.0, "id_munic": 290.0, "munic_clus": "101_290", "munic_code": 101.0, "min": 3.1749420166015625, "max": 3.1749420166015625, "mean": 3.1749420166015625, "count": 8, "std": 0.0, "range": 0.0 }, "geometry": { "type": "Polygon", "coordinates": [ [ [ 727200.0, 6172300.0 ], [ 727100.0, 6172300.0 ], [ 727000.0, 6172300.0 ], [ 726900.0, 6172300.0 ], [ 726900.0, 6172400.0 ], [ 726900.0, 6172500.0 ], [ 726900.0, 6172600.0 ], [ 727000.0, 6172600.0 ], [ 727100.0, 6172600.0 ], [ 727100.0, 6172500.0 ], [ 727200.0, 6172500.0 ], [ 727200.0, 6172400.0 ], [ 727200.0, 6172300.0 ] ] ] } },
{ "type": "Feature", "properties": { "Shape_Area": 50000.0, "Shape_Leng": 1000.0, "cluster_id": "101_291", "fid_1": 291.0, "id_munic": 291.0, "munic_clus": "101_291", "munic_code": 101.0, "min": 3.5191607475280762, "max": 3.5191607475280762, "mean": 3.5191608428955079, "count": 5, "std": 9.5367431729442842e-08, "range": 0.0 }, "geometry": { "type": "Polygon", "coordinates": [ [ [ 719300.0, 6175900.0 ], [ 719200.0, 6175900.0 ], [ 719200.0, 6176000.0 ], [ 719100.0, 6176000.0 ], [ 719100.0, 6176100.0 ], [ 719100.0, 6176200.0 ], [ 719200.0, 6176200.0 ], [ 719300.0, 6176200.0 ], [ 719300.0, 6176100.0 ], [ 719300.0, 6176000.0 ], [ 719300.0, 6175900.0 ] ] ] } },
{ "type": "Feature", "properties": { "Shape_Area": 20000.0, "Shape_Leng": 600.0, "cluster_id": "101_292", "fid_1": 292.0, "id_munic": 292.0, "munic_clus": "101_292", "munic_code": 101.0, "min": 2.8958685398101807, "max": 2.8958685398101807, "mean": 2.8958685398101807, "count": 2, "std": 0.0, "range": 0.0 }, "geometry": { "type": "Polygon", "coordinates": [ [ [ 728600.0, 6172700.0 ], [ 728700.0, 6172700.0 ], [ 728800.0, 6172700.0 ], [ 728800.0, 6172600.0 ], [ 728700.0, 6172600.0 ], [ 728600.0, 6172600.0 ], [ 728600.0, 6172700.0 ] ] ] } },
{ "type": "Feature", "properties": { "Shape_Area": 70000.0, "Shape_Leng": 1200.0, "cluster_id": "101_293", "fid_1": 293.0, "id_munic": 293.0, "munic_clus": "101_293", "munic_code": 101.0, "min": 3.1632792949676514, "max": 3.1632792949676514, "mean": 3.1632791246686662, "count": 7, "std": 1.7029898513598596e-07, "range": 0.0 }, "geometry": { "type": "Polygon", "coordinates": [ [ [ 728400.0, 6173000.0 ], [ 728300.0, 6173000.0 ], [ 728200.0, 6173000.0 ], [ 728200.0, 6173100.0 ], [ 728100.0, 6173100.0 ], [ 728100.0, 6173200.0 ], [ 728200.0, 6173200.0 ], [ 728200.0, 6173300.0 ], [ 728300.0, 6173300.0 ], [ 728400.0, 6173300.0 ], [ 728400.0, 6173200.0 ], [ 728400.0, 6173100.0 ], [ 728400.0, 6173000.0 ] ] ] } },
{ "type": "Feature", "properties": { "Shape_Area": 90000.0, "Shape_Leng": 1600.0, "cluster_id": "101_294", "fid_1": 294.0, "id_munic": 294.0, "munic_clus": "101_294", "munic_code": 101.0, "min": 3.2777407169342041, "max": 3.2777407169342041, "mean": 3.2777406904432507, "count": 9, "std": 2.6490953430879927e-08, "range": 0.0 }, "geometry": { "type": "Polygon", "coordinates": [ [ [ 728100.0, 6173200.0 ], [ 728100.0, 6173300.0 ], [ 728000.0, 6173300.0 ], [ 728000.0, 6173400.0 ], [ 728100.0, 6173400.0 ], [ 728200.0, 6173400.0 ], [ 728200.0, 6173500.0 ], [ 728300.0, 6173500.0 ], [ 728400.0, 6173500.0 ], [ 728500.0, 6173500.0 ], [ 728500.0, 6173400.0 ], [ 728500.0, 6173300.0 ], [ 728400.0, 6173300.0 ], [ 728300.0, 6173300.0 ], [ 728200.0, 6173300.0 ], [ 728200.0, 6173200.0 ], [ 728100.0, 6173200.0 ] ] ] } },
{ "type": "Feature", "properties": { "Shape_Area": 70000.0, "Shape_Leng": 1200.0, "cluster_id": "101_295", "fid_1": 295.0, "id_munic": 295.0, "munic_clus": "101_295", "munic_code": 101.0, "min": 3.0254921913146973, "max": 3.0254921913146973, "mean": 3.0254922594342912, "count": 7, "std": 6.8119593965576541e-08, "range": 0.0 }, "geometry": { "type": "Polygon", "coordinates": [ [ [ 728500.0, 6172800.0 ], [ 728400.0, 6172800.0 ], [ 728300.0, 6172800.0 ], [ 728200.0, 6172800.0 ], [ 728200.0, 6172900.0 ], [ 728200.0, 6173000.0 ], [ 728300.0, 6173000.0 ], [ 728400.0, 6173000.0 ], [ 728400.0, 6173100.0 ], [ 728500.0, 6173100.0 ], [ 728500.0, 6173000.0 ], [ 728500.0, 6172900.0 ], [ 728500.0, 6172800.0 ] ] ] } },
{ "type": "Feature", "properties": { "Shape_Area": 50000.0, "Shape_Leng": 1000.0, "cluster_id": "101_296", "fid_1": 296.0, "id_munic": 296.0, "munic_clus": "101_296", "munic_code": 101.0, "min": 2.9861717224121094, "max": 2.9861717224121094, "mean": 2.9861717224121094, "count": 5, "std": 0.0, "range": 0.0 }, "geometry": { "type": "Polygon", "coordinates": [ [ [ 728400.0, 6173500.0 ], [ 728300.0, 6173500.0 ], [ 728200.0, 6173500.0 ], [ 728200.0, 6173600.0 ], [ 728200.0, 6173700.0 ], [ 728200.0, 6173800.0 ], [ 728300.0, 6173800.0 ], [ 728300.0, 6173700.0 ], [ 728400.0, 6173700.0 ], [ 728400.0, 6173600.0 ], [ 728400.0, 6173500.0 ] ] ] } },
{ "type": "Feature", "properties": { "Shape_Area": 30000.0, "Shape_Leng": 800.0, "cluster_id": "101_297", "fid_1": 297.0, "id_munic": 297.0, "munic_clus": "101_297", "munic_code": 101.0, "min": 3.4451851844787598, "max": 3.4451851844787598, "mean": 3.445185343424479, "count": 3, "std": 1.5894571925301193e-07, "range": 0.0 }, "geometry": { "type": "Polygon", "coordinates": [ [ [ 728600.0, 6172800.0 ], [ 728500.0, 6172800.0 ], [ 728500.0, 6172900.0 ], [ 728600.0, 6172900.0 ], [ 728700.0, 6172900.0 ], [ 728700.0, 6172800.0 ], [ 728700.0, 6172700.0 ], [ 728600.0, 6172700.0 ], [ 728600.0, 6172800.0 ] ] ] } },
{ "type": "Feature", "properties": { "Shape_Area": 60000.0, "Shape_Leng": 1000.0, "cluster_id": "101_298", "fid_1": 298.0, "id_munic": 298.0, "munic_clus": "101_298", "munic_code": 101.0, "min": 3.880373477935791, "max": 3.880373477935791, "mean": 3.8803733189900718, "count": 6, "std": 1.5894571925301193e-07, "range": 0.0 }, "geometry": { "type": "Polygon", "coordinates": [ [ [ 728900.0, 6173400.0 ], [ 728800.0, 6173400.0 ], [ 728700.0, 6173400.0 ], [ 728600.0, 6173400.0 ], [ 728600.0, 6173500.0 ], [ 728600.0, 6173600.0 ], [ 728700.0, 6173600.0 ], [ 728800.0, 6173600.0 ], [ 728900.0, 6173600.0 ], [ 728900.0, 6173500.0 ], [ 728900.0, 6173400.0 ] ] ] } },
{ "type": "Feature", "properties": { "Shape_Area": 40000.0, "Shape_Leng": 800.0, "cluster_id": "101_299", "fid_1": 299.0, "id_munic": 299.0, "munic_clus": "101_299", "munic_code": 101.0, "min": 3.39170241355896, "max": 3.39170241355896, "mean": 3.39170241355896, "count": 4, "std": 0.0, "range": 0.0 }, "geometry": { "type": "Polygon", "coordinates": [ [ [ 719600.0, 6176100.0 ], [ 719500.0, 6176100.0 ], [ 719400.0, 6176100.0 ], [ 719400.0, 6176200.0 ], [ 719400.0, 6176300.0 ], [ 719500.0, 6176300.0 ], [ 719600.0, 6176300.0 ], [ 719600.0, 6176200.0 ], [ 719600.0, 6176100.0 ] ] ] } },
{ "type": "Feature", "properties": { "Shape_Area": 230000.0, "Shape_Leng": 3000.0, "cluster_id": "101_300", "fid_1": 300.0, "id_munic": 300.0, "munic_clus": "101_300", "munic_code": 101.0, "min": 2.5428192615509033, "max": 2.5428192615509033, "mean": 2.5428193133810293, "count": 23, "std": 5.1830125968876928e-08, "range": 0.0 }, "geometry": { "type": "Polygon", "coordinates": [ [ [ 728800.0, 6173200.0 ], [ 728800.0, 6173300.0 ], [ 728800.0, 6173400.0 ], [ 728900.0, 6173400.0 ], [ 728900.0, 6173500.0 ], [ 728900.0, 6173600.0 ], [ 728800.0, 6173600.0 ], [ 728700.0, 6173600.0 ], [ 728700.0, 6173700.0 ], [ 728700.0, 6173800.0 ], [ 728600.0, 6173800.0 ], [ 728600.0, 6173900.0 ], [ 728700.0, 6173900.0 ], [ 728800.0, 6173900.0 ], [ 728800.0, 6174000.0 ], [ 728900.0, 6174000.0 ], [ 728900.0, 6173900.0 ], [ 729000.0, 6173900.0 ], [ 729000.0, 6173800.0 ], [ 729000.0, 6173700.0 ], [ 729100.0, 6173700.0 ], [ 729100.0, 6173600.0 ], [ 729100.0, 6173500.0 ], [ 729100.0, 6173400.0 ], [ 729200.0, 6173400.0 ], [ 729200.0, 6173300.0 ], [ 729100.0, 6173300.0 ], [ 729100.0, 6173200.0 ], [ 729000.0, 6173200.0 ], [ 728900.0, 6173200.0 ], [ 728800.0, 6173200.0 ] ] ] } },
{ "type": "Feature", "properties": { "Shape_Area": 100000.0, "Shape_Leng": 1600.0, "cluster_id": "101_301", "fid_1": 301.0, "id_munic": 301.0, "munic_clus": "101_301", "munic_code": 101.0, "min": 3.3402202129364014, "max": 3.3402202129364014, "mean": 3.340220260620117, "count": 10, "std": 4.7683715642676816e-08, "range": 0.0 }, "geometry": { "type": "Polygon", "coordinates": [ [ [ 728500.0, 6173500.0 ], [ 728400.0, 6173500.0 ], [ 728400.0, 6173600.0 ], [ 728400.0, 6173700.0 ], [ 728300.0, 6173700.0 ], [ 728300.0, 6173800.0 ], [ 728400.0, 6173800.0 ], [ 728500.0, 6173800.0 ], [ 728500.0, 6173900.0 ], [ 728600.0, 6173900.0 ], [ 728600.0, 6173800.0 ], [ 728700.0, 6173800.0 ], [ 728700.0, 6173700.0 ], [ 728700.0, 6173600.0 ], [ 728600.0, 6173600.0 ], [ 728600.0, 6173500.0 ], [ 728500.0, 6173500.0 ] ] ] } },
{ "type": "Feature", "properties": { "Shape_Area": 480000.0, "Shape_Leng": 4000.0, "cluster_id": "101_302", "fid_1": 302.0, "id_munic": 302.0, "munic_clus": "101_302", "munic_code": 101.0, "min": 3.77290940284729, "max": 3.77290940284729, "mean": 3.7729094823201499, "count": 48, "std": 7.947285984855057e-08, "range": 0.0 }, "geometry": { "type": "Polygon", "coordinates": [ [ [ 728700.0, 6172700.0 ], [ 728700.0, 6172800.0 ], [ 728700.0, 6172900.0 ], [ 728700.0, 6173000.0 ], [ 728800.0, 6173000.0 ], [ 728800.0, 6173100.0 ], [ 728800.0, 6173200.0 ], [ 728900.0, 6173200.0 ], [ 729000.0, 6173200.0 ], [ 729100.0, 6173200.0 ], [ 729100.0, 6173300.0 ], [ 729200.0, 6173300.0 ], [ 729200.0, 6173200.0 ], [ 729300.0, 6173200.0 ], [ 729300.0, 6173100.0 ], [ 729400.0, 6173100.0 ], [ 729400.0, 6173000.0 ], [ 729500.0, 6173000.0 ], [ 729600.0, 6173000.0 ], [ 729700.0, 6173000.0 ], [ 729700.0, 6172900.0 ], [ 729700.0, 6172800.0 ], [ 729600.0, 6172800.0 ], [ 729600.0, 6172700.0 ], [ 729500.0, 6172700.0 ], [ 729400.0, 6172700.0 ], [ 729300.0, 6172700.0 ], [ 729200.0, 6172700.0 ], [ 729200.0, 6172600.0 ], [ 729100.0, 6172600.0 ], [ 729000.0, 6172600.0 ], [ 728900.0, 6172600.0 ], [ 728900.0, 6172500.0 ], [ 728800.0, 6172500.0 ], [ 728700.0, 6172500.0 ], [ 728600.0, 6172500.0 ], [ 728600.0, 6172600.0 ], [ 728700.0, 6172600.0 ], [ 728800.0, 6172600.0 ], [ 728800.0, 6172700.0 ], [ 728700.0, 6172700.0 ] ] ] } },
{ "type": "Feature", "properties": { "Shape_Area": 90000.0, "Shape_Leng": 1200.0, "cluster_id": "101_303", "fid_1": 303.0, "id_munic": 303.0, "munic_clus": "101_303", "munic_code": 101.0, "min": 3.8570475578308105, "max": 3.8570475578308105, "mean": 3.857047610812717, "count": 9, "std": 5.2981906417670643e-08, "range": 0.0 }, "geometry": { "type": "Polygon", "coordinates": [ [ [ 728600.0, 6172500.0 ], [ 728500.0, 6172500.0 ], [ 728400.0, 6172500.0 ], [ 728300.0, 6172500.0 ], [ 728300.0, 6172600.0 ], [ 728300.0, 6172700.0 ], [ 728300.0, 6172800.0 ], [ 728400.0, 6172800.0 ], [ 728500.0, 6172800.0 ], [ 728600.0, 6172800.0 ], [ 728600.0, 6172700.0 ], [ 728600.0, 6172600.0 ], [ 728600.0, 6172500.0 ] ] ] } },
{ "type": "Feature", "properties": { "Shape_Area": 20000.0, "Shape_Leng": 600.0, "cluster_id": "101_304", "fid_1": 304.0, "id_munic": 304.0, "munic_clus": "101_304", "munic_code": 101.0, "min": 3.2669110298156738, "max": 3.2669110298156738, "mean": 3.2669110298156738, "count": 2, "std": 0.0, "range": 0.0 }, "geometry": { "type": "Polygon", "coordinates": [ [ [ 726800.0, 6173900.0 ], [ 726800.0, 6174000.0 ], [ 726900.0, 6174000.0 ], [ 726900.0, 6173900.0 ], [ 726900.0, 6173800.0 ], [ 726800.0, 6173800.0 ], [ 726800.0, 6173900.0 ] ] ] } },
{ "type": "Feature", "properties": { "Shape_Area": 10000.0, "Shape_Leng": 400.0, "cluster_id": "101_305", "fid_1": 305.0, "id_munic": 305.0, "munic_clus": "101_305", "munic_code": 101.0, "min": 3.2430860996246338, "max": 3.2430860996246338, "mean": 3.2430860996246338, "count": 1, "std": 0.0, "range": 0.0 }, "geometry": { "type": "Polygon", "coordinates": [ [ [ 726300.0, 6174200.0 ], [ 726300.0, 6174300.0 ], [ 726400.0, 6174300.0 ], [ 726400.0, 6174200.0 ], [ 726300.0, 6174200.0 ] ] ] } },
{ "type": "Feature", "properties": { "Shape_Area": 30000.0, "Shape_Leng": 800.0, "cluster_id": "101_306", "fid_1": 306.0, "id_munic": 306.0, "munic_clus": "101_306", "munic_code": 101.0, "min": 3.932689905166626, "max": 3.932689905166626, "mean": 3.9326899846394858, "count": 3, "std": 7.947285984855057e-08, "range": 0.0 }, "geometry": { "type": "Polygon", "coordinates": [ [ [ 726700.0, 6174100.0 ], [ 726700.0, 6174200.0 ], [ 726800.0, 6174200.0 ], [ 726800.0, 6174100.0 ], [ 726900.0, 6174100.0 ], [ 726900.0, 6174000.0 ], [ 726800.0, 6174000.0 ], [ 726700.0, 6174000.0 ], [ 726700.0, 6174100.0 ] ] ] } },
{ "type": "Feature", "properties": { "Shape_Area": 20000.0, "Shape_Leng": 600.0, "cluster_id": "101_307", "fid_1": 307.0, "id_munic": 307.0, "munic_clus": "101_307", "munic_code": 101.0, "min": 3.5826394557952881, "max": 3.5826394557952881, "mean": 3.5826394557952881, "count": 2, "std": 0.0, "range": 0.0 }, "geometry": { "type": "Polygon", "coordinates": [ [ [ 726600.0, 6174000.0 ], [ 726700.0, 6174000.0 ], [ 726800.0, 6174000.0 ], [ 726800.0, 6173900.0 ], [ 726700.0, 6173900.0 ], [ 726600.0, 6173900.0 ], [ 726600.0, 6174000.0 ] ] ] } },
{ "type": "Feature", "properties": { "Shape_Area": 10000.0, "Shape_Leng": 400.0, "cluster_id": "101_308", "fid_1": 308.0, "id_munic": 308.0, "munic_clus": "101_308", "munic_code": 101.0, "min": 3.583305835723877, "max": 3.583305835723877, "mean": 3.583305835723877, "count": 1, "std": 0.0, "range": 0.0 }, "geometry": { "type": "Polygon", "coordinates": [ [ [ 726500.0, 6174000.0 ], [ 726500.0, 6174100.0 ], [ 726600.0, 6174100.0 ], [ 726600.0, 6174000.0 ], [ 726500.0, 6174000.0 ] ] ] } },
{ "type": "Feature", "properties": { "Shape_Area": 10000.0, "Shape_Leng": 400.0, "cluster_id": "101_309", "fid_1": 309.0, "id_munic": 309.0, "munic_clus": "101_309", "munic_code": 101.0, "min": 3.3615462779998779, "max": 3.3615462779998779, "mean": 3.3615462779998779, "count": 1, "std": 0.0, "range": 0.0 }, "geometry": { "type": "Polygon", "coordinates": [ [ [ 726400.0, 6174300.0 ], [ 726400.0, 6174400.0 ], [ 726500.0, 6174400.0 ], [ 726500.0, 6174300.0 ], [ 726400.0, 6174300.0 ] ] ] } },
{ "type": "Feature", "properties": { "Shape_Area": 10000.0, "Shape_Leng": 400.0, "cluster_id": "101_310", "fid_1": 310.0, "id_munic": 310.0, "munic_clus": "101_310", "munic_code": 101.0, "min": 4.2149291038513184, "max": 4.2149291038513184, "mean": 4.2149291038513184, "count": 1, "std": 0.0, "range": 0.0 }, "geometry": { "type": "Polygon", "coordinates": [ [ [ 726100.0, 6174500.0 ], [ 726100.0, 6174600.0 ], [ 726200.0, 6174600.0 ], [ 726200.0, 6174500.0 ], [ 726100.0, 6174500.0 ] ] ] } },
{ "type": "Feature", "properties": { "Shape_Area": 20000.0, "Shape_Leng": 600.0, "cluster_id": "101_311", "fid_1": 311.0, "id_munic": 311.0, "munic_clus": "101_311", "munic_code": 101.0, "min": 2.9726755619049072, "max": 2.9726755619049072, "mean": 2.9726755619049072, "count": 2, "std": 0.0, "range": 0.0 }, "geometry": { "type": "Polygon", "coordinates": [ [ [ 726200.0, 6174700.0 ], [ 726300.0, 6174700.0 ], [ 726400.0, 6174700.0 ], [ 726400.0, 6174600.0 ], [ 726300.0, 6174600.0 ], [ 726200.0, 6174600.0 ], [ 726200.0, 6174700.0 ] ] ] } },
{ "type": "Feature", "properties": { "Shape_Area": 10000.0, "Shape_Leng": 400.0, "cluster_id": "101_312", "fid_1": 312.0, "id_munic": 312.0, "munic_clus": "101_312", "munic_code": 101.0, "min": 3.5243251323699951, "max": 3.5243251323699951, "mean": 3.5243251323699951, "count": 1, "std": 0.0, "range": 0.0 }, "geometry": { "type": "Polygon", "coordinates": [ [ [ 726200.0, 6174700.0 ], [ 726200.0, 6174800.0 ], [ 726300.0, 6174800.0 ], [ 726300.0, 6174700.0 ], [ 726200.0, 6174700.0 ] ] ] } },
{ "type": "Feature", "properties": { "Shape_Area": 20000.0, "Shape_Leng": 600.0, "cluster_id": "101_313", "fid_1": 313.0, "id_munic": 313.0, "munic_clus": "101_313", "munic_code": 101.0, "min": 3.4226927757263184, "max": 3.4226927757263184, "mean": 3.4226927757263184, "count": 2, "std": 0.0, "range": 0.0 }, "geometry": { "type": "Polygon", "coordinates": [ [ [ 726600.0, 6174100.0 ], [ 726600.0, 6174200.0 ], [ 726700.0, 6174200.0 ], [ 726700.0, 6174100.0 ], [ 726700.0, 6174000.0 ], [ 726600.0, 6174000.0 ], [ 726600.0, 6174100.0 ] ] ] } },
{ "type": "Feature", "properties": { "Shape_Area": 20000.0, "Shape_Leng": 600.0, "cluster_id": "101_314", "fid_1": 314.0, "id_munic": 314.0, "munic_clus": "101_314", "munic_code": 101.0, "min": 2.8465514183044434, "max": 2.8465514183044434, "mean": 2.8465514183044434, "count": 2, "std": 0.0, "range": 0.0 }, "geometry": { "type": "Polygon", "coordinates": [ [ [ 726200.0, 6174600.0 ], [ 726300.0, 6174600.0 ], [ 726400.0, 6174600.0 ], [ 726400.0, 6174500.0 ], [ 726300.0, 6174500.0 ], [ 726200.0, 6174500.0 ], [ 726200.0, 6174600.0 ] ] ] } },
{ "type": "Feature", "properties": { "Shape_Area": 10000.0, "Shape_Leng": 400.0, "cluster_id": "101_315", "fid_1": 315.0, "id_munic": 315.0, "munic_clus": "101_315", "munic_code": 101.0, "min": 2.8967010974884033, "max": 2.8967010974884033, "mean": 2.8967010974884033, "count": 1, "std": 0.0, "range": 0.0 }, "geometry": { "type": "Polygon", "coordinates": [ [ [ 726400.0, 6174500.0 ], [ 726400.0, 6174600.0 ], [ 726500.0, 6174600.0 ], [ 726500.0, 6174500.0 ], [ 726400.0, 6174500.0 ] ] ] } },
{ "type": "Feature", "properties": { "Shape_Area": 10000.0, "Shape_Leng": 400.0, "cluster_id": "101_316", "fid_1": 316.0, "id_munic": 316.0, "munic_clus": "101_316", "munic_code": 101.0, "min": 3.5034990310668945, "max": 3.5034990310668945, "mean": 3.5034990310668945, "count": 1, "std": 0.0, "range": 0.0 }, "geometry": { "type": "Polygon", "coordinates": [ [ [ 726300.0, 6174400.0 ], [ 726300.0, 6174500.0 ], [ 726400.0, 6174500.0 ], [ 726400.0, 6174400.0 ], [ 726300.0, 6174400.0 ] ] ] } },
{ "type": "Feature", "properties": { "Shape_Area": 10000.0, "Shape_Leng": 400.0, "cluster_id": "101_317", "fid_1": 317.0, "id_munic": 317.0, "munic_clus": "101_317", "munic_code": 101.0, "min": 3.3913698196411133, "max": 3.3913698196411133, "mean": 3.3913698196411133, "count": 1, "std": 0.0, "range": 0.0 }, "geometry": { "type": "Polygon", "coordinates": [ [ [ 726300.0, 6174300.0 ], [ 726300.0, 6174400.0 ], [ 726400.0, 6174400.0 ], [ 726400.0, 6174300.0 ], [ 726300.0, 6174300.0 ] ] ] } },
{ "type": "Feature", "properties": { "Shape_Area": 10000.0, "Shape_Leng": 400.0, "cluster_id": "101_318", "fid_1": 318.0, "id_munic": 318.0, "munic_clus": "101_318", "munic_code": 101.0, "min": 3.6901037693023682, "max": 3.6901037693023682, "mean": 3.6901037693023682, "count": 1, "std": 0.0, "range": 0.0 }, "geometry": { "type": "Polygon", "coordinates": [ [ [ 726400.0, 6174400.0 ], [ 726400.0, 6174500.0 ], [ 726500.0, 6174500.0 ], [ 726500.0, 6174400.0 ], [ 726400.0, 6174400.0 ] ] ] } },
{ "type": "Feature", "properties": { "Shape_Area": 10000.0, "Shape_Leng": 400.0, "cluster_id": "101_319", "fid_1": 319.0, "id_munic": 319.0, "munic_clus": "101_319", "munic_code": 101.0, "min": 3.2252590656280518, "max": 3.2252590656280518, "mean": 3.2252590656280518, "count": 1, "std": 0.0, "range": 0.0 }, "geometry": { "type": "Polygon", "coordinates": [ [ [ 726200.0, 6174300.0 ], [ 726200.0, 6174400.0 ], [ 726300.0, 6174400.0 ], [ 726300.0, 6174300.0 ], [ 726200.0, 6174300.0 ] ] ] } },
{ "type": "Feature", "properties": { "Shape_Area": 20000.0, "Shape_Leng": 600.0, "cluster_id": "101_320", "fid_1": 320.0, "id_munic": 320.0, "munic_clus": "101_320", "munic_code": 101.0, "min": 3.3857049942016602, "max": 3.3857049942016602, "mean": 3.3857049942016602, "count": 2, "std": 0.0, "range": 0.0 }, "geometry": { "type": "Polygon", "coordinates": [ [ [ 719300.0, 6176100.0 ], [ 719300.0, 6176200.0 ], [ 719400.0, 6176200.0 ], [ 719400.0, 6176100.0 ], [ 719400.0, 6176000.0 ], [ 719300.0, 6176000.0 ], [ 719300.0, 6176100.0 ] ] ] } },
{ "type": "Feature", "properties": { "Shape_Area": 20000.0, "Shape_Leng": 600.0, "cluster_id": "101_321", "fid_1": 321.0, "id_munic": 321.0, "munic_clus": "101_321", "munic_code": 101.0, "min": 3.1112966537475586, "max": 3.1112966537475586, "mean": 3.1112966537475586, "count": 2, "std": 0.0, "range": 0.0 }, "geometry": { "type": "Polygon", "coordinates": [ [ [ 726100.0, 6174700.0 ], [ 726100.0, 6174800.0 ], [ 726200.0, 6174800.0 ], [ 726200.0, 6174700.0 ], [ 726200.0, 6174600.0 ], [ 726100.0, 6174600.0 ], [ 726100.0, 6174700.0 ] ] ] } },
{ "type": "Feature", "properties": { "Shape_Area": 10000.0, "Shape_Leng": 400.0, "cluster_id": "101_322", "fid_1": 322.0, "id_munic": 322.0, "munic_clus": "101_322", "munic_code": 101.0, "min": 3.4005334377288818, "max": 3.4005334377288818, "mean": 3.4005334377288818, "count": 1, "std": 0.0, "range": 0.0 }, "geometry": { "type": "Polygon", "coordinates": [ [ [ 726600.0, 6174200.0 ], [ 726600.0, 6174300.0 ], [ 726700.0, 6174300.0 ], [ 726700.0, 6174200.0 ], [ 726600.0, 6174200.0 ] ] ] } },
{ "type": "Feature", "properties": { "Shape_Area": 40000.0, "Shape_Leng": 800.0, "cluster_id": "101_323", "fid_1": 323.0, "id_munic": 323.0, "munic_clus": "101_323", "munic_code": 101.0, "min": 3.5221593379974365, "max": 3.5221593379974365, "mean": 3.5221593379974365, "count": 4, "std": 0.0, "range": 0.0 }, "geometry": { "type": "Polygon", "coordinates": [ [ [ 726200.0, 6175400.0 ], [ 726100.0, 6175400.0 ], [ 726000.0, 6175400.0 ], [ 726000.0, 6175500.0 ], [ 726000.0, 6175600.0 ], [ 726100.0, 6175600.0 ], [ 726200.0, 6175600.0 ], [ 726200.0, 6175500.0 ], [ 726200.0, 6175400.0 ] ] ] } },
{ "type": "Feature", "properties": { "Shape_Area": 10000.0, "Shape_Leng": 400.0, "cluster_id": "101_324", "fid_1": 324.0, "id_munic": 324.0, "munic_clus": "101_324", "munic_code": 101.0, "min": 3.4650120735168457, "max": 3.4650120735168457, "mean": 3.4650120735168457, "count": 1, "std": 0.0, "range": 0.0 }, "geometry": { "type": "Polygon", "coordinates": [ [ [ 727500.0, 6174600.0 ], [ 727500.0, 6174700.0 ], [ 727600.0, 6174700.0 ], [ 727600.0, 6174600.0 ], [ 727500.0, 6174600.0 ] ] ] } },
{ "type": "Feature", "properties": { "Shape_Area": 10000.0, "Shape_Leng": 400.0, "cluster_id": "101_325", "fid_1": 325.0, "id_munic": 325.0, "munic_clus": "101_325", "munic_code": 101.0, "min": 3.5539820194244385, "max": 3.5539820194244385, "mean": 3.5539820194244385, "count": 1, "std": 0.0, "range": 0.0 }, "geometry": { "type": "Polygon", "coordinates": [ [ [ 727400.0, 6174400.0 ], [ 727400.0, 6174500.0 ], [ 727500.0, 6174500.0 ], [ 727500.0, 6174400.0 ], [ 727400.0, 6174400.0 ] ] ] } },
{ "type": "Feature", "properties": { "Shape_Area": 10000.0, "Shape_Leng": 400.0, "cluster_id": "101_326", "fid_1": 326.0, "id_munic": 326.0, "munic_clus": "101_326", "munic_code": 101.0, "min": 3.114962100982666, "max": 3.114962100982666, "mean": 3.114962100982666, "count": 1, "std": 0.0, "range": 0.0 }, "geometry": { "type": "Polygon", "coordinates": [ [ [ 727500.0, 6174500.0 ], [ 727500.0, 6174600.0 ], [ 727600.0, 6174600.0 ], [ 727600.0, 6174500.0 ], [ 727500.0, 6174500.0 ] ] ] } },
{ "type": "Feature", "properties": { "Shape_Area": 70000.0, "Shape_Leng": 1200.0, "cluster_id": "101_327", "fid_1": 327.0, "id_munic": 327.0, "munic_clus": "101_327", "munic_code": 101.0, "min": 3.170943021774292, "max": 3.170943021774292, "mean": 3.1709428514753069, "count": 7, "std": 1.7029898513598596e-07, "range": 0.0 }, "geometry": { "type": "Polygon", "coordinates": [ [ [ 727800.0, 6174600.0 ], [ 727700.0, 6174600.0 ], [ 727600.0, 6174600.0 ], [ 727600.0, 6174700.0 ], [ 727500.0, 6174700.0 ], [ 727500.0, 6174800.0 ], [ 727500.0, 6174900.0 ], [ 727600.0, 6174900.0 ], [ 727700.0, 6174900.0 ], [ 727700.0, 6174800.0 ], [ 727800.0, 6174800.0 ], [ 727800.0, 6174700.0 ], [ 727800.0, 6174600.0 ] ] ] } },
{ "type": "Feature", "properties": { "Shape_Area": 10000.0, "Shape_Leng": 400.0, "cluster_id": "101_328", "fid_1": 328.0, "id_munic": 328.0, "munic_clus": "101_328", "munic_code": 101.0, "min": 3.3778741359710693, "max": 3.3778741359710693, "mean": 3.3778741359710693, "count": 1, "std": 0.0, "range": 0.0 }, "geometry": { "type": "Polygon", "coordinates": [ [ [ 727600.0, 6174500.0 ], [ 727600.0, 6174600.0 ], [ 727700.0, 6174600.0 ], [ 727700.0, 6174500.0 ], [ 727600.0, 6174500.0 ] ] ] } },
{ "type": "Feature", "properties": { "Shape_Area": 30000.0, "Shape_Leng": 800.0, "cluster_id": "101_329", "fid_1": 329.0, "id_munic": 329.0, "munic_clus": "101_329", "munic_code": 101.0, "min": 2.5864713191986084, "max": 2.5864713191986084, "mean": 2.5864712397257485, "count": 3, "std": 7.947285984855057e-08, "range": 0.0 }, "geometry": { "type": "Polygon", "coordinates": [ [ [ 727200.0, 6174800.0 ], [ 727200.0, 6174900.0 ], [ 727300.0, 6174900.0 ], [ 727300.0, 6174800.0 ], [ 727400.0, 6174800.0 ], [ 727400.0, 6174700.0 ], [ 727300.0, 6174700.0 ], [ 727200.0, 6174700.0 ], [ 727200.0, 6174800.0 ] ] ] } },
{ "type": "Feature", "properties": { "Shape_Area": 30000.0, "Shape_Leng": 800.0, "cluster_id": "101_330", "fid_1": 330.0, "id_munic": 330.0, "munic_clus": "101_330", "munic_code": 101.0, "min": 3.6537826061248779, "max": 3.6537826061248779, "mean": 3.6537825266520181, "count": 3, "std": 7.947285984855057e-08, "range": 0.0 }, "geometry": { "type": "Polygon", "coordinates": [ [ [ 727300.0, 6174900.0 ], [ 727400.0, 6174900.0 ], [ 727400.0, 6175000.0 ], [ 727500.0, 6175000.0 ], [ 727500.0, 6174900.0 ], [ 727500.0, 6174800.0 ], [ 727400.0, 6174800.0 ], [ 727300.0, 6174800.0 ], [ 727300.0, 6174900.0 ] ] ] } },
{ "type": "Feature", "properties": { "Shape_Area": 20000.0, "Shape_Leng": 600.0, "cluster_id": "101_331", "fid_1": 331.0, "id_munic": 331.0, "munic_clus": "101_331", "munic_code": 101.0, "min": 3.4450185298919678, "max": 3.4450185298919678, "mean": 3.4450185298919678, "count": 2, "std": 0.0, "range": 0.0 }, "geometry": { "type": "Polygon", "coordinates": [ [ [ 727400.0, 6174700.0 ], [ 727400.0, 6174800.0 ], [ 727500.0, 6174800.0 ], [ 727500.0, 6174700.0 ], [ 727500.0, 6174600.0 ], [ 727400.0, 6174600.0 ], [ 727400.0, 6174700.0 ] ] ] } },
{ "type": "Feature", "properties": { "Shape_Area": 30000.0, "Shape_Leng": 800.0, "cluster_id": "101_332", "fid_1": 332.0, "id_munic": 332.0, "munic_clus": "101_332", "munic_code": 101.0, "min": 3.0543158054351807, "max": 3.0543158054351807, "mean": 3.0543158849080405, "count": 3, "std": 7.947285984855057e-08, "range": 0.0 }, "geometry": { "type": "Polygon", "coordinates": [ [ [ 727100.0, 6175000.0 ], [ 727200.0, 6175000.0 ], [ 727300.0, 6175000.0 ], [ 727400.0, 6175000.0 ], [ 727400.0, 6174900.0 ], [ 727300.0, 6174900.0 ], [ 727200.0, 6174900.0 ], [ 727100.0, 6174900.0 ], [ 727100.0, 6175000.0 ] ] ] } },
{ "type": "Feature", "properties": { "Shape_Area": 30000.0, "Shape_Leng": 800.0, "cluster_id": "101_333", "fid_1": 333.0, "id_munic": 333.0, "munic_clus": "101_333", "munic_code": 101.0, "min": 2.7487509250640869, "max": 2.7487509250640869, "mean": 2.7487510045369468, "count": 3, "std": 7.947285984855057e-08, "range": 0.0 }, "geometry": { "type": "Polygon", "coordinates": [ [ [ 726000.0, 6175700.0 ], [ 726000.0, 6175800.0 ], [ 726100.0, 6175800.0 ], [ 726100.0, 6175700.0 ], [ 726200.0, 6175700.0 ], [ 726200.0, 6175600.0 ], [ 726100.0, 6175600.0 ], [ 726000.0, 6175600.0 ], [ 726000.0, 6175700.0 ] ] ] } },
{ "type": "Feature", "properties": { "Shape_Area": 70000.0, "Shape_Leng": 1200.0, "cluster_id": "101_334", "fid_1": 334.0, "id_munic": 334.0, "munic_clus": "101_334", "munic_code": 101.0, "min": 3.5881376266479492, "max": 3.5881376266479492, "mean": 3.5881374904087613, "count": 7, "std": 1.3623918793115308e-07, "range": 0.0 }, "geometry": { "type": "Polygon", "coordinates": [ [ [ 726300.0, 6175800.0 ], [ 726300.0, 6175900.0 ], [ 726400.0, 6175900.0 ], [ 726500.0, 6175900.0 ], [ 726500.0, 6175800.0 ], [ 726600.0, 6175800.0 ], [ 726600.0, 6175700.0 ], [ 726500.0, 6175700.0 ], [ 726500.0, 6175600.0 ], [ 726400.0, 6175600.0 ], [ 726300.0, 6175600.0 ], [ 726300.0, 6175700.0 ], [ 726300.0, 6175800.0 ] ] ] } },
{ "type": "Feature", "properties": { "Shape_Area": 10000.0, "Shape_Leng": 400.0, "cluster_id": "101_335", "fid_1": 335.0, "id_munic": 335.0, "munic_clus": "101_335", "munic_code": 101.0, "min": 2.8080639839172363, "max": 2.8080639839172363, "mean": 2.8080639839172363, "count": 1, "std": 0.0, "range": 0.0 }, "geometry": { "type": "Polygon", "coordinates": [ [ [ 726100.0, 6175800.0 ], [ 726100.0, 6175900.0 ], [ 726200.0, 6175900.0 ], [ 726200.0, 6175800.0 ], [ 726100.0, 6175800.0 ] ] ] } },
{ "type": "Feature", "properties": { "Shape_Area": 10000.0, "Shape_Leng": 400.0, "cluster_id": "101_336", "fid_1": 336.0, "id_munic": 336.0, "munic_clus": "101_336", "munic_code": 101.0, "min": 4.007164478302002, "max": 4.007164478302002, "mean": 4.007164478302002, "count": 1, "std": 0.0, "range": 0.0 }, "geometry": { "type": "Polygon", "coordinates": [ [ [ 726200.0, 6175900.0 ], [ 726200.0, 6176000.0 ], [ 726300.0, 6176000.0 ], [ 726300.0, 6175900.0 ], [ 726200.0, 6175900.0 ] ] ] } },
{ "type": "Feature", "properties": { "Shape_Area": 10000.0, "Shape_Leng": 400.0, "cluster_id": "101_337", "fid_1": 337.0, "id_munic": 337.0, "munic_clus": "101_337", "munic_code": 101.0, "min": 3.6001331806182861, "max": 3.6001331806182861, "mean": 3.6001331806182861, "count": 1, "std": 0.0, "range": 0.0 }, "geometry": { "type": "Polygon", "coordinates": [ [ [ 726200.0, 6175800.0 ], [ 726200.0, 6175900.0 ], [ 726300.0, 6175900.0 ], [ 726300.0, 6175800.0 ], [ 726200.0, 6175800.0 ] ] ] } },
{ "type": "Feature", "properties": { "Shape_Area": 20000.0, "Shape_Leng": 600.0, "cluster_id": "101_338", "fid_1": 338.0, "id_munic": 338.0, "munic_clus": "101_338", "munic_code": 101.0, "min": 2.9433524608612061, "max": 2.9433524608612061, "mean": 2.9433524608612061, "count": 2, "std": 0.0, "range": 0.0 }, "geometry": { "type": "Polygon", "coordinates": [ [ [ 725800.0, 6175500.0 ], [ 725900.0, 6175500.0 ], [ 726000.0, 6175500.0 ], [ 726000.0, 6175400.0 ], [ 725900.0, 6175400.0 ], [ 725800.0, 6175400.0 ], [ 725800.0, 6175500.0 ] ] ] } },
{ "type": "Feature", "properties": { "Shape_Area": 10000.0, "Shape_Leng": 400.0, "cluster_id": "101_339", "fid_1": 339.0, "id_munic": 339.0, "munic_clus": "101_339", "munic_code": 101.0, "min": 2.9028654098510742, "max": 2.9028654098510742, "mean": 2.9028654098510742, "count": 1, "std": 0.0, "range": 0.0 }, "geometry": { "type": "Polygon", "coordinates": [ [ [ 727400.0, 6174500.0 ], [ 727400.0, 6174600.0 ], [ 727500.0, 6174600.0 ], [ 727500.0, 6174500.0 ], [ 727400.0, 6174500.0 ] ] ] } },
{ "type": "Feature", "properties": { "Shape_Area": 10000.0, "Shape_Leng": 400.0, "cluster_id": "101_340", "fid_1": 340.0, "id_munic": 340.0, "munic_clus": "101_340", "munic_code": 101.0, "min": 3.8863720893859863, "max": 3.8863720893859863, "mean": 3.8863720893859863, "count": 1, "std": 0.0, "range": 0.0 }, "geometry": { "type": "Polygon", "coordinates": [ [ [ 727300.0, 6174600.0 ], [ 727300.0, 6174700.0 ], [ 727400.0, 6174700.0 ], [ 727400.0, 6174600.0 ], [ 727300.0, 6174600.0 ] ] ] } },
{ "type": "Feature", "properties": { "Shape_Area": 10000.0, "Shape_Leng": 400.0, "cluster_id": "101_341", "fid_1": 341.0, "id_munic": 341.0, "munic_clus": "101_341", "munic_code": 101.0, "min": 3.9926693439483643, "max": 3.9926693439483643, "mean": 3.9926693439483643, "count": 1, "std": 0.0, "range": 0.0 }, "geometry": { "type": "Polygon", "coordinates": [ [ [ 726100.0, 6175700.0 ], [ 726100.0, 6175800.0 ], [ 726200.0, 6175800.0 ], [ 726200.0, 6175700.0 ], [ 726100.0, 6175700.0 ] ] ] } },
{ "type": "Feature", "properties": { "Shape_Area": 240000.0, "Shape_Leng": 2600.0, "cluster_id": "101_342", "fid_1": 342.0, "id_munic": 342.0, "munic_clus": "101_342", "munic_code": 101.0, "min": 3.2449181079864502, "max": 3.2449181079864502, "mean": 3.24491818745931, "count": 24, "std": 7.947285984855057e-08, "range": 0.0 }, "geometry": { "type": "Polygon", "coordinates": [ [ [ 726200.0, 6176200.0 ], [ 726100.0, 6176200.0 ], [ 726100.0, 6176300.0 ], [ 726100.0, 6176400.0 ], [ 726200.0, 6176400.0 ], [ 726300.0, 6176400.0 ], [ 726300.0, 6176300.0 ], [ 726400.0, 6176300.0 ], [ 726500.0, 6176300.0 ], [ 726500.0, 6176200.0 ], [ 726600.0, 6176200.0 ], [ 726700.0, 6176200.0 ], [ 726800.0, 6176200.0 ], [ 726800.0, 6176100.0 ], [ 726800.0, 6176000.0 ], [ 726700.0, 6176000.0 ], [ 726700.0, 6175900.0 ], [ 726700.0, 6175800.0 ], [ 726600.0, 6175800.0 ], [ 726500.0, 6175800.0 ], [ 726500.0, 6175900.0 ], [ 726400.0, 6175900.0 ], [ 726300.0, 6175900.0 ], [ 726300.0, 6176000.0 ], [ 726200.0, 6176000.0 ], [ 726200.0, 6176100.0 ], [ 726200.0, 6176200.0 ] ] ] } },
{ "type": "Feature", "properties": { "Shape_Area": 10000.0, "Shape_Leng": 400.0, "cluster_id": "101_343", "fid_1": 343.0, "id_munic": 343.0, "munic_clus": "101_343", "munic_code": 101.0, "min": 3.2140955924987793, "max": 3.2140955924987793, "mean": 3.2140955924987793, "count": 1, "std": 0.0, "range": 0.0 }, "geometry": { "type": "Polygon", "coordinates": [ [ [ 726200.0, 6175700.0 ], [ 726200.0, 6175800.0 ], [ 726300.0, 6175800.0 ], [ 726300.0, 6175700.0 ], [ 726200.0, 6175700.0 ] ] ] } },
{ "type": "Feature", "properties": { "Shape_Area": 60000.0, "Shape_Leng": 1200.0, "cluster_id": "101_344", "fid_1": 344.0, "id_munic": 344.0, "munic_clus": "101_344", "munic_code": 101.0, "min": 3.379706859588623, "max": 3.379706859588623, "mean": 3.3797067006429038, "count": 6, "std": 1.5894571925301193e-07, "range": 0.0 }, "geometry": { "type": "Polygon", "coordinates": [ [ [ 725600.0, 6170800.0 ], [ 725600.0, 6170900.0 ], [ 725600.0, 6171000.0 ], [ 725700.0, 6171000.0 ], [ 725700.0, 6171100.0 ], [ 725800.0, 6171100.0 ], [ 725800.0, 6171000.0 ], [ 725800.0, 6170900.0 ], [ 725800.0, 6170800.0 ], [ 725800.0, 6170700.0 ], [ 725700.0, 6170700.0 ], [ 725700.0, 6170800.0 ], [ 725600.0, 6170800.0 ] ] ] } },
{ "type": "Feature", "properties": { "Shape_Area": 80000.0, "Shape_Leng": 1400.0, "cluster_id": "101_345", "fid_1": 345.0, "id_munic": 345.0, "munic_clus": "101_345", "munic_code": 101.0, "min": 3.4830060005187988, "max": 3.4830060005187988, "mean": 3.4830060005187988, "count": 8, "std": 0.0, "range": 0.0 }, "geometry": { "type": "Polygon", "coordinates": [ [ [ 725700.0, 6171100.0 ], [ 725600.0, 6171100.0 ], [ 725600.0, 6171200.0 ], [ 725600.0, 6171300.0 ], [ 725600.0, 6171400.0 ], [ 725600.0, 6171500.0 ], [ 725700.0, 6171500.0 ], [ 725700.0, 6171400.0 ], [ 725800.0, 6171400.0 ], [ 725800.0, 6171300.0 ], [ 725900.0, 6171300.0 ], [ 725900.0, 6171200.0 ], [ 725800.0, 6171200.0 ], [ 725800.0, 6171100.0 ], [ 725700.0, 6171100.0 ] ] ] } },
{ "type": "Feature", "properties": { "Shape_Area": 40000.0, "Shape_Leng": 1000.0, "cluster_id": "101_346", "fid_1": 346.0, "id_munic": 346.0, "munic_clus": "101_346", "munic_code": 101.0, "min": 3.2169280052185059, "max": 3.2169280052185059, "mean": 3.2169280052185059, "count": 4, "std": 0.0, "range": 0.0 }, "geometry": { "type": "Polygon", "coordinates": [ [ [ 725800.0, 6171400.0 ], [ 725700.0, 6171400.0 ], [ 725700.0, 6171500.0 ], [ 725600.0, 6171500.0 ], [ 725600.0, 6171600.0 ], [ 725700.0, 6171600.0 ], [ 725800.0, 6171600.0 ], [ 725900.0, 6171600.0 ], [ 725900.0, 6171500.0 ], [ 725800.0, 6171500.0 ], [ 725800.0, 6171400.0 ] ] ] } },
{ "type": "Feature", "properties": { "Shape_Area": 40000.0, "Shape_Leng": 800.0, "cluster_id": "101_347", "fid_1": 347.0, "id_munic": 347.0, "munic_clus": "101_347", "munic_code": 101.0, "min": 3.6661117076873779, "max": 3.6661117076873779, "mean": 3.6661117076873779, "count": 4, "std": 0.0, "range": 0.0 }, "geometry": { "type": "Polygon", "coordinates": [ [ [ 726900.0, 6172400.0 ], [ 726800.0, 6172400.0 ], [ 726700.0, 6172400.0 ], [ 726700.0, 6172500.0 ], [ 726700.0, 6172600.0 ], [ 726800.0, 6172600.0 ], [ 726900.0, 6172600.0 ], [ 726900.0, 6172500.0 ], [ 726900.0, 6172400.0 ] ] ] } },
{ "type": "Feature", "properties": { "Shape_Area": 130000.0, "Shape_Leng": 1800.0, "cluster_id": "101_348", "fid_1": 348.0, "id_munic": 348.0, "munic_clus": "101_348", "munic_code": 101.0, "min": 3.2419192790985107, "max": 3.2419192790985107, "mean": 3.2419192974384012, "count": 13, "std": 1.8339890495155942e-08, "range": 0.0 }, "geometry": { "type": "Polygon", "coordinates": [ [ [ 726700.0, 6171700.0 ], [ 726600.0, 6171700.0 ], [ 726500.0, 6171700.0 ], [ 726500.0, 6171800.0 ], [ 726500.0, 6171900.0 ], [ 726600.0, 6171900.0 ], [ 726600.0, 6172000.0 ], [ 726700.0, 6172000.0 ], [ 726800.0, 6172000.0 ], [ 726900.0, 6172000.0 ], [ 727000.0, 6172000.0 ], [ 727000.0, 6171900.0 ], [ 727100.0, 6171900.0 ], [ 727100.0, 6171800.0 ], [ 727000.0, 6171800.0 ], [ 726900.0, 6171800.0 ], [ 726800.0, 6171800.0 ], [ 726800.0, 6171700.0 ], [ 726700.0, 6171700.0 ] ] ] } },
{ "type": "Feature", "properties": { "Shape_Area": 50000.0, "Shape_Leng": 1000.0, "cluster_id": "101_349", "fid_1": 349.0, "id_munic": 349.0, "munic_clus": "101_349", "munic_code": 101.0, "min": 2.9028656482696533, "max": 2.9028656482696533, "mean": 2.9028656005859377, "count": 5, "std": 4.7683715642676816e-08, "range": 0.0 }, "geometry": { "type": "Polygon", "coordinates": [ [ [ 726500.0, 6172100.0 ], [ 726500.0, 6172200.0 ], [ 726600.0, 6172200.0 ], [ 726700.0, 6172200.0 ], [ 726700.0, 6172100.0 ], [ 726700.0, 6172000.0 ], [ 726600.0, 6172000.0 ], [ 726600.0, 6171900.0 ], [ 726500.0, 6171900.0 ], [ 726500.0, 6172000.0 ], [ 726500.0, 6172100.0 ] ] ] } },
{ "type": "Feature", "properties": { "Shape_Area": 60000.0, "Shape_Leng": 1000.0, "cluster_id": "101_350", "fid_1": 350.0, "id_munic": 350.0, "munic_clus": "101_350", "munic_code": 101.0, "min": 3.1804401874542236, "max": 3.1804401874542236, "mean": 3.1804402669270835, "count": 6, "std": 7.947285984855057e-08, "range": 0.0 }, "geometry": { "type": "Polygon", "coordinates": [ [ [ 726700.0, 6172200.0 ], [ 726600.0, 6172200.0 ], [ 726500.0, 6172200.0 ], [ 726400.0, 6172200.0 ], [ 726400.0, 6172300.0 ], [ 726400.0, 6172400.0 ], [ 726500.0, 6172400.0 ], [ 726600.0, 6172400.0 ], [ 726700.0, 6172400.0 ], [ 726700.0, 6172300.0 ], [ 726700.0, 6172200.0 ] ] ] } },
{ "type": "Feature", "properties": { "Shape_Area": 60000.0, "Shape_Leng": 1000.0, "cluster_id": "101_351", "fid_1": 351.0, "id_munic": 351.0, "munic_clus": "101_351", "munic_code": 101.0, "min": 3.3290574550628662, "max": 3.3290574550628662, "mean": 3.3290573755900064, "count": 6, "std": 7.947285984855057e-08, "range": 0.0 }, "geometry": { "type": "Polygon", "coordinates": [ [ [ 726700.0, 6172400.0 ], [ 726600.0, 6172400.0 ], [ 726500.0, 6172400.0 ], [ 726400.0, 6172400.0 ], [ 726400.0, 6172500.0 ], [ 726400.0, 6172600.0 ], [ 726500.0, 6172600.0 ], [ 726600.0, 6172600.0 ], [ 726700.0, 6172600.0 ], [ 726700.0, 6172500.0 ], [ 726700.0, 6172400.0 ] ] ] } },
{ "type": "Feature", "properties": { "Shape_Area": 10000.0, "Shape_Leng": 400.0, "cluster_id": "101_352", "fid_1": 352.0, "id_munic": 352.0, "munic_clus": "101_352", "munic_code": 101.0, "min": 2.3775410652160645, "max": 2.3775410652160645, "mean": 2.3775410652160645, "count": 1, "std": 0.0, "range": 0.0 }, "geometry": { "type": "Polygon", "coordinates": [ [ [ 719500.0, 6176500.0 ], [ 719500.0, 6176600.0 ], [ 719600.0, 6176600.0 ], [ 719600.0, 6176500.0 ], [ 719500.0, 6176500.0 ] ] ] } },
{ "type": "Feature", "properties": { "Shape_Area": 200000.0, "Shape_Leng": 2400.0, "cluster_id": "101_353", "fid_1": 353.0, "id_munic": 353.0, "munic_clus": "101_353", "munic_code": 101.0, "min": 3.3345556259155273, "max": 3.3345556259155273, "mean": 3.3345558166503908, "count": 20, "std": 1.9073486345888568e-07, "range": 0.0 }, "geometry": { "type": "Polygon", "coordinates": [ [ [ 719500.0, 6176700.0 ], [ 719400.0, 6176700.0 ], [ 719400.0, 6176800.0 ], [ 719400.0, 6176900.0 ], [ 719500.0, 6176900.0 ], [ 719600.0, 6176900.0 ], [ 719700.0, 6176900.0 ], [ 719800.0, 6176900.0 ], [ 719900.0, 6176900.0 ], [ 720000.0, 6176900.0 ], [ 720100.0, 6176900.0 ], [ 720100.0, 6176800.0 ], [ 720000.0, 6176800.0 ], [ 720000.0, 6176700.0 ], [ 719900.0, 6176700.0 ], [ 719900.0, 6176600.0 ], [ 719800.0, 6176600.0 ], [ 719800.0, 6176500.0 ], [ 719700.0, 6176500.0 ], [ 719700.0, 6176400.0 ], [ 719600.0, 6176400.0 ], [ 719600.0, 6176500.0 ], [ 719600.0, 6176600.0 ], [ 719500.0, 6176600.0 ], [ 719500.0, 6176700.0 ] ] ] } },
{ "type": "Feature", "properties": { "Shape_Area": 20000.0, "Shape_Leng": 600.0, "cluster_id": "101_354", "fid_1": 354.0, "id_munic": 354.0, "munic_clus": "101_354", "munic_code": 101.0, "min": 3.9866712093353271, "max": 3.9866712093353271, "mean": 3.9866712093353271, "count": 2, "std": 0.0, "range": 0.0 }, "geometry": { "type": "Polygon", "coordinates": [ [ [ 727700.0, 6173500.0 ], [ 727800.0, 6173500.0 ], [ 727900.0, 6173500.0 ], [ 727900.0, 6173400.0 ], [ 727800.0, 6173400.0 ], [ 727700.0, 6173400.0 ], [ 727700.0, 6173500.0 ] ] ] } },
{ "type": "Feature", "properties": { "Shape_Area": 30000.0, "Shape_Leng": 800.0, "cluster_id": "101_355", "fid_1": 355.0, "id_munic": 355.0, "munic_clus": "101_355", "munic_code": 101.0, "min": 2.8238921165466309, "max": 2.8238921165466309, "mean": 2.8238919576009116, "count": 3, "std": 1.5894571925301193e-07, "range": 0.0 }, "geometry": { "type": "Polygon", "coordinates": [ [ [ 727800.0, 6173300.0 ], [ 727900.0, 6173300.0 ], [ 727900.0, 6173400.0 ], [ 728000.0, 6173400.0 ], [ 728000.0, 6173300.0 ], [ 728000.0, 6173200.0 ], [ 727900.0, 6173200.0 ], [ 727800.0, 6173200.0 ], [ 727800.0, 6173300.0 ] ] ] } },
{ "type": "Feature", "properties": { "Shape_Area": 20000.0, "Shape_Leng": 600.0, "cluster_id": "101_356", "fid_1": 356.0, "id_munic": 356.0, "munic_clus": "101_356", "munic_code": 101.0, "min": 3.5763084888458252, "max": 3.5763084888458252, "mean": 3.5763084888458252, "count": 2, "std": 0.0, "range": 0.0 }, "geometry": { "type": "Polygon", "coordinates": [ [ [ 727700.0, 6173600.0 ], [ 727800.0, 6173600.0 ], [ 727900.0, 6173600.0 ], [ 727900.0, 6173500.0 ], [ 727800.0, 6173500.0 ], [ 727700.0, 6173500.0 ], [ 727700.0, 6173600.0 ] ] ] } },
{ "type": "Feature", "properties": { "Shape_Area": 30000.0, "Shape_Leng": 800.0, "cluster_id": "101_357", "fid_1": 357.0, "id_munic": 357.0, "munic_clus": "101_357", "munic_code": 101.0, "min": 3.0743091106414795, "max": 3.0743091106414795, "mean": 3.0743090311686196, "count": 3, "std": 7.947285984855057e-08, "range": 0.0 }, "geometry": { "type": "Polygon", "coordinates": [ [ [ 727900.0, 6173000.0 ], [ 727900.0, 6173100.0 ], [ 727900.0, 6173200.0 ], [ 728000.0, 6173200.0 ], [ 728000.0, 6173100.0 ], [ 728000.0, 6173000.0 ], [ 728000.0, 6172900.0 ], [ 727900.0, 6172900.0 ], [ 727900.0, 6173000.0 ] ] ] } },
{ "type": "Feature", "properties": { "Shape_Area": 30000.0, "Shape_Leng": 800.0, "cluster_id": "101_358", "fid_1": 358.0, "id_munic": 358.0, "munic_clus": "101_358", "munic_code": 101.0, "min": 2.4048652648925781, "max": 2.4048652648925781, "mean": 2.4048652648925781, "count": 3, "std": 0.0, "range": 0.0 }, "geometry": { "type": "Polygon", "coordinates": [ [ [ 728200.0, 6172600.0 ], [ 728100.0, 6172600.0 ], [ 728100.0, 6172700.0 ], [ 728200.0, 6172700.0 ], [ 728300.0, 6172700.0 ], [ 728300.0, 6172600.0 ], [ 728300.0, 6172500.0 ], [ 728200.0, 6172500.0 ], [ 728200.0, 6172600.0 ] ] ] } },
{ "type": "Feature", "properties": { "Shape_Area": 20000.0, "Shape_Leng": 600.0, "cluster_id": "101_359", "fid_1": 359.0, "id_munic": 359.0, "munic_clus": "101_359", "munic_code": 101.0, "min": 2.9563479423522949, "max": 2.9563479423522949, "mean": 2.9563479423522949, "count": 2, "std": 0.0, "range": 0.0 }, "geometry": { "type": "Polygon", "coordinates": [ [ [ 721900.0, 6180200.0 ], [ 721900.0, 6180300.0 ], [ 722000.0, 6180300.0 ], [ 722000.0, 6180200.0 ], [ 722000.0, 6180100.0 ], [ 721900.0, 6180100.0 ], [ 721900.0, 6180200.0 ] ] ] } },
{ "type": "Feature", "properties": { "Shape_Area": 20000.0, "Shape_Leng": 600.0, "cluster_id": "101_360", "fid_1": 360.0, "id_munic": 360.0, "munic_clus": "101_360", "munic_code": 101.0, "min": 2.9361879825592041, "max": 2.9361879825592041, "mean": 2.9361879825592041, "count": 2, "std": 0.0, "range": 0.0 }, "geometry": { "type": "Polygon", "coordinates": [ [ [ 727700.0, 6173400.0 ], [ 727800.0, 6173400.0 ], [ 727900.0, 6173400.0 ], [ 727900.0, 6173300.0 ], [ 727800.0, 6173300.0 ], [ 727700.0, 6173300.0 ], [ 727700.0, 6173400.0 ] ] ] } },
{ "type": "Feature", "properties": { "Shape_Area": 20000.0, "Shape_Leng": 600.0, "cluster_id": "101_361", "fid_1": 361.0, "id_munic": 361.0, "munic_clus": "101_361", "munic_code": 101.0, "min": 3.4303572177886963, "max": 3.4303572177886963, "mean": 3.4303572177886963, "count": 2, "std": 0.0, "range": 0.0 }, "geometry": { "type": "Polygon", "coordinates": [ [ [ 727800.0, 6173100.0 ], [ 727800.0, 6173200.0 ], [ 727900.0, 6173200.0 ], [ 727900.0, 6173100.0 ], [ 727900.0, 6173000.0 ], [ 727800.0, 6173000.0 ], [ 727800.0, 6173100.0 ] ] ] } },
{ "type": "Feature", "properties": { "Shape_Area": 40000.0, "Shape_Leng": 1000.0, "cluster_id": "101_362", "fid_1": 362.0, "id_munic": 362.0, "munic_clus": "101_362", "munic_code": 101.0, "min": 3.0654785633087158, "max": 3.0654785633087158, "mean": 3.0654785633087158, "count": 4, "std": 0.0, "range": 0.0 }, "geometry": { "type": "Polygon", "coordinates": [ [ [ 728200.0, 6173100.0 ], [ 728200.0, 6173000.0 ], [ 728100.0, 6173000.0 ], [ 728000.0, 6173000.0 ], [ 728000.0, 6173100.0 ], [ 728000.0, 6173200.0 ], [ 728000.0, 6173300.0 ], [ 728100.0, 6173300.0 ], [ 728100.0, 6173200.0 ], [ 728100.0, 6173100.0 ], [ 728200.0, 6173100.0 ] ] ] } },
{ "type": "Feature", "properties": { "Shape_Area": 10000.0, "Shape_Leng": 400.0, "cluster_id": "101_363", "fid_1": 363.0, "id_munic": 363.0, "munic_clus": "101_363", "munic_code": 101.0, "min": 2.8245589733123779, "max": 2.8245589733123779, "mean": 2.8245589733123779, "count": 1, "std": 0.0, "range": 0.0 }, "geometry": { "type": "Polygon", "coordinates": [ [ [ 726800.0, 6174100.0 ], [ 726800.0, 6174200.0 ], [ 726900.0, 6174200.0 ], [ 726900.0, 6174100.0 ], [ 726800.0, 6174100.0 ] ] ] } },
{ "type": "Feature", "properties": { "Shape_Area": 10000.0, "Shape_Leng": 400.0, "cluster_id": "101_364", "fid_1": 364.0, "id_munic": 364.0, "munic_clus": "101_364", "munic_code": 101.0, "min": 3.6087970733642578, "max": 3.6087970733642578, "mean": 3.6087970733642578, "count": 1, "std": 0.0, "range": 0.0 }, "geometry": { "type": "Polygon", "coordinates": [ [ [ 726900.0, 6174000.0 ], [ 726900.0, 6174100.0 ], [ 727000.0, 6174100.0 ], [ 727000.0, 6174000.0 ], [ 726900.0, 6174000.0 ] ] ] } },
{ "type": "Feature", "properties": { "Shape_Area": 20000.0, "Shape_Leng": 600.0, "cluster_id": "101_365", "fid_1": 365.0, "id_munic": 365.0, "munic_clus": "101_365", "munic_code": 101.0, "min": 2.918194055557251, "max": 2.918194055557251, "mean": 2.918194055557251, "count": 2, "std": 0.0, "range": 0.0 }, "geometry": { "type": "Polygon", "coordinates": [ [ [ 727200.0, 6174300.0 ], [ 727300.0, 6174300.0 ], [ 727400.0, 6174300.0 ], [ 727400.0, 6174200.0 ], [ 727300.0, 6174200.0 ], [ 727200.0, 6174200.0 ], [ 727200.0, 6174300.0 ] ] ] } },
{ "type": "Feature", "properties": { "Shape_Area": 20000.0, "Shape_Leng": 600.0, "cluster_id": "101_366", "fid_1": 366.0, "id_munic": 366.0, "munic_clus": "101_366", "munic_code": 101.0, "min": 2.9486837387084961, "max": 2.9486837387084961, "mean": 2.9486837387084961, "count": 2, "std": 0.0, "range": 0.0 }, "geometry": { "type": "Polygon", "coordinates": [ [ [ 727100.0, 6174400.0 ], [ 727100.0, 6174500.0 ], [ 727200.0, 6174500.0 ], [ 727200.0, 6174400.0 ], [ 727200.0, 6174300.0 ], [ 727100.0, 6174300.0 ], [ 727100.0, 6174400.0 ] ] ] } },
{ "type": "Feature", "properties": { "Shape_Area": 10000.0, "Shape_Leng": 400.0, "cluster_id": "101_367", "fid_1": 367.0, "id_munic": 367.0, "munic_clus": "101_367", "munic_code": 101.0, "min": 4.0171613693237305, "max": 4.0171613693237305, "mean": 4.0171613693237305, "count": 1, "std": 0.0, "range": 0.0 }, "geometry": { "type": "Polygon", "coordinates": [ [ [ 719100.0, 6176500.0 ], [ 719100.0, 6176600.0 ], [ 719200.0, 6176600.0 ], [ 719200.0, 6176500.0 ], [ 719100.0, 6176500.0 ] ] ] } },
{ "type": "Feature", "properties": { "Shape_Area": 20000.0, "Shape_Leng": 600.0, "cluster_id": "101_368", "fid_1": 368.0, "id_munic": 368.0, "munic_clus": "101_368", "munic_code": 101.0, "min": 3.5398204326629639, "max": 3.5398204326629639, "mean": 3.5398204326629639, "count": 2, "std": 0.0, "range": 0.0 }, "geometry": { "type": "Polygon", "coordinates": [ [ [ 719200.0, 6176600.0 ], [ 719300.0, 6176600.0 ], [ 719400.0, 6176600.0 ], [ 719400.0, 6176500.0 ], [ 719300.0, 6176500.0 ], [ 719200.0, 6176500.0 ], [ 719200.0, 6176600.0 ] ] ] } },
{ "type": "Feature", "properties": { "Shape_Area": 10000.0, "Shape_Leng": 400.0, "cluster_id": "101_369", "fid_1": 369.0, "id_munic": 369.0, "munic_clus": "101_369", "munic_code": 101.0, "min": 4.2547488212585449, "max": 4.2547488212585449, "mean": 4.2547488212585449, "count": 1, "std": 0.0, "range": 0.0 }, "geometry": { "type": "Polygon", "coordinates": [ [ [ 719400.0, 6176600.0 ], [ 719400.0, 6176700.0 ], [ 719500.0, 6176700.0 ], [ 719500.0, 6176600.0 ], [ 719400.0, 6176600.0 ] ] ] } },
{ "type": "Feature", "properties": { "Shape_Area": 40000.0, "Shape_Leng": 1000.0, "cluster_id": "101_370", "fid_1": 370.0, "id_munic": 370.0, "munic_clus": "101_370", "munic_code": 101.0, "min": 3.4031991958618164, "max": 3.4031991958618164, "mean": 3.4031991958618164, "count": 4, "std": 0.0, "range": 0.0 }, "geometry": { "type": "Polygon", "coordinates": [ [ [ 726900.0, 6174400.0 ], [ 727000.0, 6174400.0 ], [ 727000.0, 6174500.0 ], [ 727100.0, 6174500.0 ], [ 727100.0, 6174400.0 ], [ 727100.0, 6174300.0 ], [ 727000.0, 6174300.0 ], [ 727000.0, 6174200.0 ], [ 726900.0, 6174200.0 ], [ 726900.0, 6174300.0 ], [ 726900.0, 6174400.0 ] ] ] } },
{ "type": "Feature", "properties": { "Shape_Area": 10000.0, "Shape_Leng": 400.0, "cluster_id": "101_371", "fid_1": 371.0, "id_munic": 371.0, "munic_clus": "101_371", "munic_code": 101.0, "min": 4.5159950256347656, "max": 4.5159950256347656, "mean": 4.5159950256347656, "count": 1, "std": 0.0, "range": 0.0 }, "geometry": { "type": "Polygon", "coordinates": [ [ [ 726900.0, 6174100.0 ], [ 726900.0, 6174200.0 ], [ 727000.0, 6174200.0 ], [ 727000.0, 6174100.0 ], [ 726900.0, 6174100.0 ] ] ] } },
{ "type": "Feature", "properties": { "Shape_Area": 20000.0, "Shape_Leng": 600.0, "cluster_id": "101_372", "fid_1": 372.0, "id_munic": 372.0, "munic_clus": "101_372", "munic_code": 101.0, "min": 2.8728759288787842, "max": 2.8728759288787842, "mean": 2.8728759288787842, "count": 2, "std": 0.0, "range": 0.0 }, "geometry": { "type": "Polygon", "coordinates": [ [ [ 726800.0, 6174500.0 ], [ 726900.0, 6174500.0 ], [ 727000.0, 6174500.0 ], [ 727000.0, 6174400.0 ], [ 726900.0, 6174400.0 ], [ 726800.0, 6174400.0 ], [ 726800.0, 6174500.0 ] ] ] } },
{ "type": "Feature", "properties": { "Shape_Area": 20000.0, "Shape_Leng": 600.0, "cluster_id": "101_373", "fid_1": 373.0, "id_munic": 373.0, "munic_clus": "101_373", "munic_code": 101.0, "min": 3.2422525882720947, "max": 3.2422525882720947, "mean": 3.2422525882720947, "count": 2, "std": 0.0, "range": 0.0 }, "geometry": { "type": "Polygon", "coordinates": [ [ [ 726700.0, 6174600.0 ], [ 726700.0, 6174700.0 ], [ 726800.0, 6174700.0 ], [ 726800.0, 6174600.0 ], [ 726800.0, 6174500.0 ], [ 726700.0, 6174500.0 ], [ 726700.0, 6174600.0 ] ] ] } },
{ "type": "Feature", "properties": { "Shape_Area": 10000.0, "Shape_Leng": 400.0, "cluster_id": "101_374", "fid_1": 374.0, "id_munic": 374.0, "munic_clus": "101_374", "munic_code": 101.0, "min": 3.0008327960968018, "max": 3.0008327960968018, "mean": 3.0008327960968018, "count": 1, "std": 0.0, "range": 0.0 }, "geometry": { "type": "Polygon", "coordinates": [ [ [ 726900.0, 6174700.0 ], [ 726900.0, 6174800.0 ], [ 727000.0, 6174800.0 ], [ 727000.0, 6174700.0 ], [ 726900.0, 6174700.0 ] ] ] } },
{ "type": "Feature", "properties": { "Shape_Area": 10000.0, "Shape_Leng": 400.0, "cluster_id": "101_375", "fid_1": 375.0, "id_munic": 375.0, "munic_clus": "101_375", "munic_code": 101.0, "min": 4.1891040802001953, "max": 4.1891040802001953, "mean": 4.1891040802001953, "count": 1, "std": 0.0, "range": 0.0 }, "geometry": { "type": "Polygon", "coordinates": [ [ [ 726900.0, 6173900.0 ], [ 726900.0, 6174000.0 ], [ 727000.0, 6174000.0 ], [ 727000.0, 6173900.0 ], [ 726900.0, 6173900.0 ] ] ] } },
{ "type": "Feature", "properties": { "Shape_Area": 10000.0, "Shape_Leng": 400.0, "cluster_id": "101_376", "fid_1": 376.0, "id_munic": 376.0, "munic_clus": "101_376", "munic_code": 101.0, "min": 3.0714762210845947, "max": 3.0714762210845947, "mean": 3.0714762210845947, "count": 1, "std": 0.0, "range": 0.0 }, "geometry": { "type": "Polygon", "coordinates": [ [ [ 727100.0, 6174700.0 ], [ 727100.0, 6174800.0 ], [ 727200.0, 6174800.0 ], [ 727200.0, 6174700.0 ], [ 727100.0, 6174700.0 ] ] ] } },
{ "type": "Feature", "properties": { "Shape_Area": 10000.0, "Shape_Leng": 400.0, "cluster_id": "101_377", "fid_1": 377.0, "id_munic": 377.0, "munic_clus": "101_377", "munic_code": 101.0, "min": 3.1971011161804199, "max": 3.1971011161804199, "mean": 3.1971011161804199, "count": 1, "std": 0.0, "range": 0.0 }, "geometry": { "type": "Polygon", "coordinates": [ [ [ 727200.0, 6174400.0 ], [ 727200.0, 6174500.0 ], [ 727300.0, 6174500.0 ], [ 727300.0, 6174400.0 ], [ 727200.0, 6174400.0 ] ] ] } },
{ "type": "Feature", "properties": { "Shape_Area": 20000.0, "Shape_Leng": 600.0, "cluster_id": "101_378", "fid_1": 378.0, "id_munic": 378.0, "munic_clus": "101_378", "munic_code": 101.0, "min": 3.1067981719970703, "max": 3.1067981719970703, "mean": 3.1067981719970703, "count": 2, "std": 0.0, "range": 0.0 }, "geometry": { "type": "Polygon", "coordinates": [ [ [ 727100.0, 6174600.0 ], [ 727100.0, 6174700.0 ], [ 727200.0, 6174700.0 ], [ 727200.0, 6174600.0 ], [ 727200.0, 6174500.0 ], [ 727100.0, 6174500.0 ], [ 727100.0, 6174600.0 ] ] ] } },
{ "type": "Feature", "properties": { "Shape_Area": 30000.0, "Shape_Leng": 800.0, "cluster_id": "101_379", "fid_1": 379.0, "id_munic": 379.0, "munic_clus": "101_379", "munic_code": 101.0, "min": 3.7212598323822021, "max": 3.7212598323822021, "mean": 3.7212597529093423, "count": 3, "std": 7.947285984855057e-08, "range": 0.0 }, "geometry": { "type": "Polygon", "coordinates": [ [ [ 719100.0, 6176300.0 ], [ 719200.0, 6176300.0 ], [ 719300.0, 6176300.0 ], [ 719400.0, 6176300.0 ], [ 719400.0, 6176200.0 ], [ 719300.0, 6176200.0 ], [ 719200.0, 6176200.0 ], [ 719100.0, 6176200.0 ], [ 719100.0, 6176300.0 ] ] ] } },
{ "type": "Feature", "properties": { "Shape_Area": 40000.0, "Shape_Leng": 1000.0, "cluster_id": "101_380", "fid_1": 380.0, "id_munic": 380.0, "munic_clus": "101_380", "munic_code": 101.0, "min": 3.5021655559539795, "max": 3.5021655559539795, "mean": 3.5021655559539795, "count": 4, "std": 0.0, "range": 0.0 }, "geometry": { "type": "Polygon", "coordinates": [ [ [ 727400.0, 6174400.0 ], [ 727300.0, 6174400.0 ], [ 727300.0, 6174500.0 ], [ 727200.0, 6174500.0 ], [ 727200.0, 6174600.0 ], [ 727200.0, 6174700.0 ], [ 727300.0, 6174700.0 ], [ 727300.0, 6174600.0 ], [ 727400.0, 6174600.0 ], [ 727400.0, 6174500.0 ], [ 727400.0, 6174400.0 ] ] ] } },
{ "type": "Feature", "properties": { "Shape_Area": 40000.0, "Shape_Leng": 800.0, "cluster_id": "101_381", "fid_1": 381.0, "id_munic": 381.0, "munic_clus": "101_381", "munic_code": 101.0, "min": 3.8053982257843018, "max": 3.8053982257843018, "mean": 3.8053982257843018, "count": 4, "std": 0.0, "range": 0.0 }, "geometry": { "type": "Polygon", "coordinates": [ [ [ 727200.0, 6174100.0 ], [ 727100.0, 6174100.0 ], [ 727000.0, 6174100.0 ], [ 727000.0, 6174200.0 ], [ 727000.0, 6174300.0 ], [ 727100.0, 6174300.0 ], [ 727200.0, 6174300.0 ], [ 727200.0, 6174200.0 ], [ 727200.0, 6174100.0 ] ] ] } },
{ "type": "Feature", "properties": { "Shape_Area": 20000.0, "Shape_Leng": 600.0, "cluster_id": "101_382", "fid_1": 382.0, "id_munic": 382.0, "munic_clus": "101_382", "munic_code": 101.0, "min": 2.564312219619751, "max": 2.564312219619751, "mean": 2.564312219619751, "count": 2, "std": 0.0, "range": 0.0 }, "geometry": { "type": "Polygon", "coordinates": [ [ [ 727700.0, 6174300.0 ], [ 727800.0, 6174300.0 ], [ 727900.0, 6174300.0 ], [ 727900.0, 6174200.0 ], [ 727800.0, 6174200.0 ], [ 727700.0, 6174200.0 ], [ 727700.0, 6174300.0 ] ] ] } },
{ "type": "Feature", "properties": { "Shape_Area": 60000.0, "Shape_Leng": 1000.0, "cluster_id": "101_383", "fid_1": 383.0, "id_munic": 383.0, "munic_clus": "101_383", "munic_code": 101.0, "min": 2.5051653385162354, "max": 2.5051653385162354, "mean": 2.5051652590433755, "count": 6, "std": 7.947285984855057e-08, "range": 0.0 }, "geometry": { "type": "Polygon", "coordinates": [ [ [ 728100.0, 6173700.0 ], [ 728000.0, 6173700.0 ], [ 727900.0, 6173700.0 ], [ 727800.0, 6173700.0 ], [ 727800.0, 6173800.0 ], [ 727800.0, 6173900.0 ], [ 727900.0, 6173900.0 ], [ 728000.0, 6173900.0 ], [ 728100.0, 6173900.0 ], [ 728100.0, 6173800.0 ], [ 728100.0, 6173700.0 ] ] ] } },
{ "type": "Feature", "properties": { "Shape_Area": 60000.0, "Shape_Leng": 1400.0, "cluster_id": "101_384", "fid_1": 384.0, "id_munic": 384.0, "munic_clus": "101_384", "munic_code": 101.0, "min": 3.6421196460723877, "max": 3.6421196460723877, "mean": 3.6421197255452475, "count": 6, "std": 7.947285984855057e-08, "range": 0.0 }, "geometry": { "type": "Polygon", "coordinates": [ [ [ 728100.0, 6173900.0 ], [ 728000.0, 6173900.0 ], [ 728000.0, 6174000.0 ], [ 728000.0, 6174100.0 ], [ 728100.0, 6174100.0 ], [ 728100.0, 6174000.0 ], [ 728200.0, 6174000.0 ], [ 728200.0, 6173900.0 ], [ 728300.0, 6173900.0 ], [ 728300.0, 6173800.0 ], [ 728200.0, 6173800.0 ], [ 728200.0, 6173700.0 ], [ 728100.0, 6173700.0 ], [ 728100.0, 6173800.0 ], [ 728100.0, 6173900.0 ] ] ] } },
{ "type": "Feature", "properties": { "Shape_Area": 10000.0, "Shape_Leng": 400.0, "cluster_id": "101_385", "fid_1": 385.0, "id_munic": 385.0, "munic_clus": "101_385", "munic_code": 101.0, "min": 3.1037991046905518, "max": 3.1037991046905518, "mean": 3.1037991046905518, "count": 1, "std": 0.0, "range": 0.0 }, "geometry": { "type": "Polygon", "coordinates": [ [ [ 727600.0, 6174200.0 ], [ 727600.0, 6174300.0 ], [ 727700.0, 6174300.0 ], [ 727700.0, 6174200.0 ], [ 727600.0, 6174200.0 ] ] ] } },
{ "type": "Feature", "properties": { "Shape_Area": 30000.0, "Shape_Leng": 800.0, "cluster_id": "101_386", "fid_1": 386.0, "id_munic": 386.0, "munic_clus": "101_386", "munic_code": 101.0, "min": 2.6987669467926025, "max": 2.6987669467926025, "mean": 2.6987670262654624, "count": 3, "std": 7.947285984855057e-08, "range": 0.0 }, "geometry": { "type": "Polygon", "coordinates": [ [ [ 727900.0, 6174300.0 ], [ 727800.0, 6174300.0 ], [ 727800.0, 6174400.0 ], [ 727900.0, 6174400.0 ], [ 728000.0, 6174400.0 ], [ 728000.0, 6174300.0 ], [ 728000.0, 6174200.0 ], [ 727900.0, 6174200.0 ], [ 727900.0, 6174300.0 ] ] ] } },
{ "type": "Feature", "properties": { "Shape_Area": 40000.0, "Shape_Leng": 1000.0, "cluster_id": "101_387", "fid_1": 387.0, "id_munic": 387.0, "munic_clus": "101_387", "munic_code": 101.0, "min": 2.7829058170318604, "max": 2.7829058170318604, "mean": 2.7829058170318604, "count": 4, "std": 0.0, "range": 0.0 }, "geometry": { "type": "Polygon", "coordinates": [ [ [ 727800.0, 6174000.0 ], [ 727900.0, 6174000.0 ], [ 727900.0, 6174100.0 ], [ 728000.0, 6174100.0 ], [ 728000.0, 6174000.0 ], [ 728000.0, 6173900.0 ], [ 727900.0, 6173900.0 ], [ 727800.0, 6173900.0 ], [ 727700.0, 6173900.0 ], [ 727700.0, 6174000.0 ], [ 727800.0, 6174000.0 ] ] ] } },
{ "type": "Feature", "properties": { "Shape_Area": 20000.0, "Shape_Leng": 600.0, "cluster_id": "101_388", "fid_1": 388.0, "id_munic": 388.0, "munic_clus": "101_388", "munic_code": 101.0, "min": 2.9385209083557129, "max": 2.9385209083557129, "mean": 2.9385209083557129, "count": 2, "std": 0.0, "range": 0.0 }, "geometry": { "type": "Polygon", "coordinates": [ [ [ 727700.0, 6174100.0 ], [ 727800.0, 6174100.0 ], [ 727900.0, 6174100.0 ], [ 727900.0, 6174000.0 ], [ 727800.0, 6174000.0 ], [ 727700.0, 6174000.0 ], [ 727700.0, 6174100.0 ] ] ] } },
{ "type": "Feature", "properties": { "Shape_Area": 20000.0, "Shape_Leng": 600.0, "cluster_id": "101_389", "fid_1": 389.0, "id_munic": 389.0, "munic_clus": "101_389", "munic_code": 101.0, "min": 3.0096638202667236, "max": 3.0096638202667236, "mean": 3.0096638202667236, "count": 2, "std": 0.0, "range": 0.0 }, "geometry": { "type": "Polygon", "coordinates": [ [ [ 727600.0, 6174200.0 ], [ 727700.0, 6174200.0 ], [ 727800.0, 6174200.0 ], [ 727800.0, 6174100.0 ], [ 727700.0, 6174100.0 ], [ 727600.0, 6174100.0 ], [ 727600.0, 6174200.0 ] ] ] } },
{ "type": "Feature", "properties": { "Shape_Area": 20000.0, "Shape_Leng": 600.0, "cluster_id": "101_390", "fid_1": 390.0, "id_munic": 390.0, "munic_clus": "101_390", "munic_code": 101.0, "min": 3.7292568683624268, "max": 3.7292568683624268, "mean": 3.7292568683624268, "count": 2, "std": 0.0, "range": 0.0 }, "geometry": { "type": "Polygon", "coordinates": [ [ [ 719000.0, 6176200.0 ], [ 719000.0, 6176300.0 ], [ 719100.0, 6176300.0 ], [ 719100.0, 6176200.0 ], [ 719100.0, 6176100.0 ], [ 719000.0, 6176100.0 ], [ 719000.0, 6176200.0 ] ] ] } },
{ "type": "Feature", "properties": { "Shape_Area": 30000.0, "Shape_Leng": 800.0, "cluster_id": "101_391", "fid_1": 391.0, "id_munic": 391.0, "munic_clus": "101_391", "munic_code": 101.0, "min": 3.4640123844146729, "max": 3.4640123844146729, "mean": 3.4640124638875327, "count": 3, "std": 7.947285984855057e-08, "range": 0.0 }, "geometry": { "type": "Polygon", "coordinates": [ [ [ 726900.0, 6173300.0 ], [ 727000.0, 6173300.0 ], [ 727100.0, 6173300.0 ], [ 727200.0, 6173300.0 ], [ 727200.0, 6173200.0 ], [ 727100.0, 6173200.0 ], [ 727000.0, 6173200.0 ], [ 726900.0, 6173200.0 ], [ 726900.0, 6173300.0 ] ] ] } },
{ "type": "Feature", "properties": { "Shape_Area": 80000.0, "Shape_Leng": 1200.0, "cluster_id": "101_392", "fid_1": 392.0, "id_munic": 392.0, "munic_clus": "101_392", "munic_code": 101.0, "min": 3.0394868850708008, "max": 3.0394868850708008, "mean": 3.0394868850708008, "count": 8, "std": 0.0, "range": 0.0 }, "geometry": { "type": "Polygon", "coordinates": [ [ [ 727300.0, 6173000.0 ], [ 727200.0, 6173000.0 ], [ 727100.0, 6173000.0 ], [ 727000.0, 6173000.0 ], [ 726900.0, 6173000.0 ], [ 726900.0, 6173100.0 ], [ 726900.0, 6173200.0 ], [ 727000.0, 6173200.0 ], [ 727100.0, 6173200.0 ], [ 727200.0, 6173200.0 ], [ 727300.0, 6173200.0 ], [ 727300.0, 6173100.0 ], [ 727300.0, 6173000.0 ] ] ] } },
{ "type": "Feature", "properties": { "Shape_Area": 10000.0, "Shape_Leng": 400.0, "cluster_id": "101_393", "fid_1": 393.0, "id_munic": 393.0, "munic_clus": "101_393", "munic_code": 101.0, "min": 3.0658118724822998, "max": 3.0658118724822998, "mean": 3.0658118724822998, "count": 1, "std": 0.0, "range": 0.0 }, "geometry": { "type": "Polygon", "coordinates": [ [ [ 727100.0, 6172900.0 ], [ 727100.0, 6173000.0 ], [ 727200.0, 6173000.0 ], [ 727200.0, 6172900.0 ], [ 727100.0, 6172900.0 ] ] ] } },
{ "type": "Feature", "properties": { "Shape_Area": 30000.0, "Shape_Leng": 800.0, "cluster_id": "101_394", "fid_1": 394.0, "id_munic": 394.0, "munic_clus": "101_394", "munic_code": 101.0, "min": 2.3470513820648193, "max": 2.3470513820648193, "mean": 2.3470513025919595, "count": 3, "std": 7.947285984855057e-08, "range": 0.0 }, "geometry": { "type": "Polygon", "coordinates": [ [ [ 726600.0, 6173500.0 ], [ 726700.0, 6173500.0 ], [ 726700.0, 6173600.0 ], [ 726800.0, 6173600.0 ], [ 726800.0, 6173500.0 ], [ 726800.0, 6173400.0 ], [ 726700.0, 6173400.0 ], [ 726600.0, 6173400.0 ], [ 726600.0, 6173500.0 ] ] ] } },
{ "type": "Feature", "properties": { "Shape_Area": 70000.0, "Shape_Leng": 1200.0, "cluster_id": "101_395", "fid_1": 395.0, "id_munic": 395.0, "munic_clus": "101_395", "munic_code": 101.0, "min": 3.6882705688476562, "max": 3.6882705688476562, "mean": 3.6882705688476562, "count": 7, "std": 0.0, "range": 0.0 }, "geometry": { "type": "Polygon", "coordinates": [ [ [ 726700.0, 6173400.0 ], [ 726800.0, 6173400.0 ], [ 726800.0, 6173500.0 ], [ 726900.0, 6173500.0 ], [ 727000.0, 6173500.0 ], [ 727000.0, 6173400.0 ], [ 727000.0, 6173300.0 ], [ 726900.0, 6173300.0 ], [ 726900.0, 6173200.0 ], [ 726800.0, 6173200.0 ], [ 726700.0, 6173200.0 ], [ 726700.0, 6173300.0 ], [ 726700.0, 6173400.0 ] ] ] } },
{ "type": "Feature", "properties": { "Shape_Area": 60000.0, "Shape_Leng": 1000.0, "cluster_id": "101_396", "fid_1": 396.0, "id_munic": 396.0, "munic_clus": "101_396", "munic_code": 101.0, "min": 3.7145955562591553, "max": 3.7145955562591553, "mean": 3.7145954767862954, "count": 6, "std": 7.947285984855057e-08, "range": 0.0 }, "geometry": { "type": "Polygon", "coordinates": [ [ [ 727100.0, 6172600.0 ], [ 727000.0, 6172600.0 ], [ 726900.0, 6172600.0 ], [ 726800.0, 6172600.0 ], [ 726800.0, 6172700.0 ], [ 726800.0, 6172800.0 ], [ 726900.0, 6172800.0 ], [ 727000.0, 6172800.0 ], [ 727100.0, 6172800.0 ], [ 727100.0, 6172700.0 ], [ 727100.0, 6172600.0 ] ] ] } },
{ "type": "Feature", "properties": { "Shape_Area": 20000.0, "Shape_Leng": 600.0, "cluster_id": "101_397", "fid_1": 397.0, "id_munic": 397.0, "munic_clus": "101_397", "munic_code": 101.0, "min": 3.545318603515625, "max": 3.545318603515625, "mean": 3.545318603515625, "count": 2, "std": 0.0, "range": 0.0 }, "geometry": { "type": "Polygon", "coordinates": [ [ [ 727100.0, 6172900.0 ], [ 727200.0, 6172900.0 ], [ 727300.0, 6172900.0 ], [ 727300.0, 6172800.0 ], [ 727200.0, 6172800.0 ], [ 727100.0, 6172800.0 ], [ 727100.0, 6172900.0 ] ] ] } },
{ "type": "Feature", "properties": { "Shape_Area": 20000.0, "Shape_Leng": 600.0, "cluster_id": "101_398", "fid_1": 398.0, "id_munic": 398.0, "munic_clus": "101_398", "munic_code": 101.0, "min": 2.5374879837036133, "max": 2.5374879837036133, "mean": 2.5374879837036133, "count": 2, "std": 0.0, "range": 0.0 }, "geometry": { "type": "Polygon", "coordinates": [ [ [ 719100.0, 6175900.0 ], [ 719100.0, 6176000.0 ], [ 719200.0, 6176000.0 ], [ 719200.0, 6175900.0 ], [ 719200.0, 6175800.0 ], [ 719100.0, 6175800.0 ], [ 719100.0, 6175900.0 ] ] ] } },
{ "type": "Feature", "properties": { "Shape_Area": 10000.0, "Shape_Leng": 400.0, "cluster_id": "101_399", "fid_1": 399.0, "id_munic": 399.0, "munic_clus": "101_399", "munic_code": 101.0, "min": 3.0863046646118164, "max": 3.0863046646118164, "mean": 3.0863046646118164, "count": 1, "std": 0.0, "range": 0.0 }, "geometry": { "type": "Polygon", "coordinates": [ [ [ 726600.0, 6173300.0 ], [ 726600.0, 6173400.0 ], [ 726700.0, 6173400.0 ], [ 726700.0, 6173300.0 ], [ 726600.0, 6173300.0 ] ] ] } },
{ "type": "Feature", "properties": { "Shape_Area": 20000.0, "Shape_Leng": 600.0, "cluster_id": "101_400", "fid_1": 400.0, "id_munic": 400.0, "munic_clus": "101_400", "munic_code": 101.0, "min": 3.3537149429321289, "max": 3.3537149429321289, "mean": 3.3537149429321289, "count": 2, "std": 0.0, "range": 0.0 }, "geometry": { "type": "Polygon", "coordinates": [ [ [ 727000.0, 6173500.0 ], [ 727100.0, 6173500.0 ], [ 727200.0, 6173500.0 ], [ 727200.0, 6173400.0 ], [ 727100.0, 6173400.0 ], [ 727000.0, 6173400.0 ], [ 727000.0, 6173500.0 ] ] ] } },
{ "type": "Feature", "properties": { "Shape_Area": 20000.0, "Shape_Leng": 600.0, "cluster_id": "101_401", "fid_1": 401.0, "id_munic": 401.0, "munic_clus": "101_401", "munic_code": 101.0, "min": 2.8372209072113037, "max": 2.8372209072113037, "mean": 2.8372209072113037, "count": 2, "std": 0.0, "range": 0.0 }, "geometry": { "type": "Polygon", "coordinates": [ [ [ 727000.0, 6173400.0 ], [ 727100.0, 6173400.0 ], [ 727200.0, 6173400.0 ], [ 727200.0, 6173300.0 ], [ 727100.0, 6173300.0 ], [ 727000.0, 6173300.0 ], [ 727000.0, 6173400.0 ] ] ] } },
{ "type": "Feature", "properties": { "Shape_Area": 20000.0, "Shape_Leng": 600.0, "cluster_id": "101_402", "fid_1": 402.0, "id_munic": 402.0, "munic_clus": "101_402", "munic_code": 101.0, "min": 3.3433856964111328, "max": 3.3433856964111328, "mean": 3.3433856964111328, "count": 2, "std": 0.0, "range": 0.0 }, "geometry": { "type": "Polygon", "coordinates": [ [ [ 726900.0, 6173800.0 ], [ 727000.0, 6173800.0 ], [ 727100.0, 6173800.0 ], [ 727100.0, 6173700.0 ], [ 727000.0, 6173700.0 ], [ 726900.0, 6173700.0 ], [ 726900.0, 6173800.0 ] ] ] } },
{ "type": "Feature", "properties": { "Shape_Area": 20000.0, "Shape_Leng": 600.0, "cluster_id": "101_403", "fid_1": 403.0, "id_munic": 403.0, "munic_clus": "101_403", "munic_code": 101.0, "min": 2.3762080669403076, "max": 2.3762080669403076, "mean": 2.3762080669403076, "count": 2, "std": 0.0, "range": 0.0 }, "geometry": { "type": "Polygon", "coordinates": [ [ [ 727400.0, 6174200.0 ], [ 727400.0, 6174300.0 ], [ 727500.0, 6174300.0 ], [ 727500.0, 6174200.0 ], [ 727500.0, 6174100.0 ], [ 727400.0, 6174100.0 ], [ 727400.0, 6174200.0 ] ] ] } },
{ "type": "Feature", "properties": { "Shape_Area": 20000.0, "Shape_Leng": 600.0, "cluster_id": "101_404", "fid_1": 404.0, "id_munic": 404.0, "munic_clus": "101_404", "munic_code": 101.0, "min": 3.0948021411895752, "max": 3.0948021411895752, "mean": 3.0948021411895752, "count": 2, "std": 0.0, "range": 0.0 }, "geometry": { "type": "Polygon", "coordinates": [ [ [ 727500.0, 6174200.0 ], [ 727500.0, 6174300.0 ], [ 727600.0, 6174300.0 ], [ 727600.0, 6174200.0 ], [ 727600.0, 6174100.0 ], [ 727500.0, 6174100.0 ], [ 727500.0, 6174200.0 ] ] ] } },
{ "type": "Feature", "properties": { "Shape_Area": 30000.0, "Shape_Leng": 800.0, "cluster_id": "101_405", "fid_1": 405.0, "id_munic": 405.0, "munic_clus": "101_405", "munic_code": 101.0, "min": 3.329390287399292, "max": 3.329390287399292, "mean": 3.3293902079264321, "count": 3, "std": 7.947285984855057e-08, "range": 0.0 }, "geometry": { "type": "Polygon", "coordinates": [ [ [ 719300.0, 6176400.0 ], [ 719200.0, 6176400.0 ], [ 719200.0, 6176500.0 ], [ 719300.0, 6176500.0 ], [ 719400.0, 6176500.0 ], [ 719400.0, 6176400.0 ], [ 719400.0, 6176300.0 ], [ 719300.0, 6176300.0 ], [ 719300.0, 6176400.0 ] ] ] } },
{ "type": "Feature", "properties": { "Shape_Area": 10000.0, "Shape_Leng": 400.0, "cluster_id": "101_406", "fid_1": 406.0, "id_munic": 406.0, "munic_clus": "101_406", "munic_code": 101.0, "min": 3.0706431865692139, "max": 3.0706431865692139, "mean": 3.0706431865692139, "count": 1, "std": 0.0, "range": 0.0 }, "geometry": { "type": "Polygon", "coordinates": [ [ [ 726500.0, 6173300.0 ], [ 726500.0, 6173400.0 ], [ 726600.0, 6173400.0 ], [ 726600.0, 6173300.0 ], [ 726500.0, 6173300.0 ] ] ] } },
{ "type": "Feature", "properties": { "Shape_Area": 10000.0, "Shape_Leng": 400.0, "cluster_id": "101_407", "fid_1": 407.0, "id_munic": 407.0, "munic_clus": "101_407", "munic_code": 101.0, "min": 3.5431523323059082, "max": 3.5431523323059082, "mean": 3.5431523323059082, "count": 1, "std": 0.0, "range": 0.0 }, "geometry": { "type": "Polygon", "coordinates": [ [ [ 726300.0, 6173100.0 ], [ 726300.0, 6173200.0 ], [ 726400.0, 6173200.0 ], [ 726400.0, 6173100.0 ], [ 726300.0, 6173100.0 ] ] ] } },
{ "type": "Feature", "properties": { "Shape_Area": 60000.0, "Shape_Leng": 1000.0, "cluster_id": "101_408", "fid_1": 408.0, "id_munic": 408.0, "munic_clus": "101_408", "munic_code": 101.0, "min": 3.3538823127746582, "max": 3.3538823127746582, "mean": 3.353882153828939, "count": 6, "std": 1.5894571925301193e-07, "range": 0.0 }, "geometry": { "type": "Polygon", "coordinates": [ [ [ 726300.0, 6172900.0 ], [ 726200.0, 6172900.0 ], [ 726100.0, 6172900.0 ], [ 726000.0, 6172900.0 ], [ 726000.0, 6173000.0 ], [ 726000.0, 6173100.0 ], [ 726100.0, 6173100.0 ], [ 726200.0, 6173100.0 ], [ 726300.0, 6173100.0 ], [ 726300.0, 6173000.0 ], [ 726300.0, 6172900.0 ] ] ] } },
{ "type": "Feature", "properties": { "Shape_Area": 10000.0, "Shape_Leng": 400.0, "cluster_id": "101_409", "fid_1": 409.0, "id_munic": 409.0, "munic_clus": "101_409", "munic_code": 101.0, "min": 4.1327896118164062, "max": 4.1327896118164062, "mean": 4.1327896118164062, "count": 1, "std": 0.0, "range": 0.0 }, "geometry": { "type": "Polygon", "coordinates": [ [ [ 726400.0, 6173100.0 ], [ 726400.0, 6173200.0 ], [ 726500.0, 6173200.0 ], [ 726500.0, 6173100.0 ], [ 726400.0, 6173100.0 ] ] ] } },
{ "type": "Feature", "properties": { "Shape_Area": 30000.0, "Shape_Leng": 800.0, "cluster_id": "101_410", "fid_1": 410.0, "id_munic": 410.0, "munic_clus": "101_410", "munic_code": 101.0, "min": 3.4403536319732666, "max": 3.4403536319732666, "mean": 3.4403537114461265, "count": 3, "std": 7.947285984855057e-08, "range": 0.0 }, "geometry": { "type": "Polygon", "coordinates": [ [ [ 726300.0, 6173000.0 ], [ 726300.0, 6173100.0 ], [ 726400.0, 6173100.0 ], [ 726500.0, 6173100.0 ], [ 726500.0, 6173000.0 ], [ 726400.0, 6173000.0 ], [ 726400.0, 6172900.0 ], [ 726300.0, 6172900.0 ], [ 726300.0, 6173000.0 ] ] ] } },
{ "type": "Feature", "properties": { "Shape_Area": 20000.0, "Shape_Leng": 600.0, "cluster_id": "101_411", "fid_1": 411.0, "id_munic": 411.0, "munic_clus": "101_411", "munic_code": 101.0, "min": 3.6534485816955566, "max": 3.6534485816955566, "mean": 3.6534485816955566, "count": 2, "std": 0.0, "range": 0.0 }, "geometry": { "type": "Polygon", "coordinates": [ [ [ 726100.0, 6173400.0 ], [ 726100.0, 6173500.0 ], [ 726200.0, 6173500.0 ], [ 726200.0, 6173400.0 ], [ 726200.0, 6173300.0 ], [ 726100.0, 6173300.0 ], [ 726100.0, 6173400.0 ] ] ] } },
{ "type": "Feature", "properties": { "Shape_Area": 10000.0, "Shape_Leng": 400.0, "cluster_id": "101_412", "fid_1": 412.0, "id_munic": 412.0, "munic_clus": "101_412", "munic_code": 101.0, "min": 2.7459185123443604, "max": 2.7459185123443604, "mean": 2.7459185123443604, "count": 1, "std": 0.0, "range": 0.0 }, "geometry": { "type": "Polygon", "coordinates": [ [ [ 726200.0, 6173400.0 ], [ 726200.0, 6173500.0 ], [ 726300.0, 6173500.0 ], [ 726300.0, 6173400.0 ], [ 726200.0, 6173400.0 ] ] ] } },
{ "type": "Feature", "properties": { "Shape_Area": 40000.0, "Shape_Leng": 1000.0, "cluster_id": "101_413", "fid_1": 413.0, "id_munic": 413.0, "munic_clus": "101_413", "munic_code": 101.0, "min": 3.6992666721343994, "max": 3.6992666721343994, "mean": 3.6992666721343994, "count": 4, "std": 0.0, "range": 0.0 }, "geometry": { "type": "Polygon", "coordinates": [ [ [ 726100.0, 6173200.0 ], [ 726100.0, 6173300.0 ], [ 726200.0, 6173300.0 ], [ 726200.0, 6173200.0 ], [ 726300.0, 6173200.0 ], [ 726300.0, 6173100.0 ], [ 726200.0, 6173100.0 ], [ 726100.0, 6173100.0 ], [ 726000.0, 6173100.0 ], [ 726000.0, 6173200.0 ], [ 726100.0, 6173200.0 ] ] ] } },
{ "type": "Feature", "properties": { "Shape_Area": 80000.0, "Shape_Leng": 1200.0, "cluster_id": "101_414", "fid_1": 414.0, "id_munic": 414.0, "munic_clus": "101_414", "munic_code": 101.0, "min": 3.1174609661102295, "max": 3.1174609661102295, "mean": 3.1174609661102295, "count": 8, "std": 0.0, "range": 0.0 }, "geometry": { "type": "Polygon", "coordinates": [ [ [ 726400.0, 6172200.0 ], [ 726300.0, 6172200.0 ], [ 726200.0, 6172200.0 ], [ 726100.0, 6172200.0 ], [ 726000.0, 6172200.0 ], [ 726000.0, 6172300.0 ], [ 726000.0, 6172400.0 ], [ 726100.0, 6172400.0 ], [ 726200.0, 6172400.0 ], [ 726300.0, 6172400.0 ], [ 726400.0, 6172400.0 ], [ 726400.0, 6172300.0 ], [ 726400.0, 6172200.0 ] ] ] } },
{ "type": "Feature", "properties": { "Shape_Area": 50000.0, "Shape_Leng": 1200.0, "cluster_id": "101_415", "fid_1": 415.0, "id_munic": 415.0, "munic_clus": "101_415", "munic_code": 101.0, "min": 3.2350883483886719, "max": 3.2350883483886719, "mean": 3.2350883483886719, "count": 5, "std": 0.0, "range": 0.0 }, "geometry": { "type": "Polygon", "coordinates": [ [ [ 726100.0, 6172500.0 ], [ 726200.0, 6172500.0 ], [ 726300.0, 6172500.0 ], [ 726300.0, 6172600.0 ], [ 726400.0, 6172600.0 ], [ 726400.0, 6172500.0 ], [ 726400.0, 6172400.0 ], [ 726300.0, 6172400.0 ], [ 726200.0, 6172400.0 ], [ 726100.0, 6172400.0 ], [ 726000.0, 6172400.0 ], [ 726000.0, 6172500.0 ], [ 726100.0, 6172500.0 ] ] ] } },
{ "type": "Feature", "properties": { "Shape_Area": 10000.0, "Shape_Leng": 400.0, "cluster_id": "101_416", "fid_1": 416.0, "id_munic": 416.0, "munic_clus": "101_416", "munic_code": 101.0, "min": 2.4161949157714844, "max": 2.4161949157714844, "mean": 2.4161949157714844, "count": 1, "std": 0.0, "range": 0.0 }, "geometry": { "type": "Polygon", "coordinates": [ [ [ 725800.0, 6175600.0 ], [ 725800.0, 6175700.0 ], [ 725900.0, 6175700.0 ], [ 725900.0, 6175600.0 ], [ 725800.0, 6175600.0 ] ] ] } },
{ "type": "Feature", "properties": { "Shape_Area": 80000.0, "Shape_Leng": 1400.0, "cluster_id": "101_417", "fid_1": 417.0, "id_munic": 417.0, "munic_clus": "101_417", "munic_code": 101.0, "min": 3.4466841220855713, "max": 3.4466841220855713, "mean": 3.4466841220855713, "count": 8, "std": 0.0, "range": 0.0 }, "geometry": { "type": "Polygon", "coordinates": [ [ [ 726000.0, 6176000.0 ], [ 726000.0, 6176100.0 ], [ 726000.0, 6176200.0 ], [ 726100.0, 6176200.0 ], [ 726200.0, 6176200.0 ], [ 726200.0, 6176100.0 ], [ 726200.0, 6176000.0 ], [ 726200.0, 6175900.0 ], [ 726100.0, 6175900.0 ], [ 726100.0, 6175800.0 ], [ 726000.0, 6175800.0 ], [ 725900.0, 6175800.0 ], [ 725900.0, 6175900.0 ], [ 726000.0, 6175900.0 ], [ 726000.0, 6176000.0 ] ] ] } },
{ "type": "Feature", "properties": { "Shape_Area": 10000.0, "Shape_Leng": 400.0, "cluster_id": "101_418", "fid_1": 418.0, "id_munic": 418.0, "munic_clus": "101_418", "munic_code": 101.0, "min": 2.8568811416625977, "max": 2.8568811416625977, "mean": 2.8568811416625977, "count": 1, "std": 0.0, "range": 0.0 }, "geometry": { "type": "Polygon", "coordinates": [ [ [ 719000.0, 6176300.0 ], [ 719000.0, 6176400.0 ], [ 719100.0, 6176400.0 ], [ 719100.0, 6176300.0 ], [ 719000.0, 6176300.0 ] ] ] } },
{ "type": "Feature", "properties": { "Shape_Area": 10000.0, "Shape_Leng": 400.0, "cluster_id": "101_419", "fid_1": 419.0, "id_munic": 419.0, "munic_clus": "101_419", "munic_code": 101.0, "min": 3.3807065486907959, "max": 3.3807065486907959, "mean": 3.3807065486907959, "count": 1, "std": 0.0, "range": 0.0 }, "geometry": { "type": "Polygon", "coordinates": [ [ [ 720400.0, 6173600.0 ], [ 720400.0, 6173700.0 ], [ 720500.0, 6173700.0 ], [ 720500.0, 6173600.0 ], [ 720400.0, 6173600.0 ] ] ] } },
{ "type": "Feature", "properties": { "Shape_Area": 20000.0, "Shape_Leng": 600.0, "cluster_id": "101_420", "fid_1": 420.0, "id_munic": 420.0, "munic_clus": "101_420", "munic_code": 101.0, "min": 4.1369552612304688, "max": 4.1369552612304688, "mean": 4.1369552612304688, "count": 2, "std": 0.0, "range": 0.0 }, "geometry": { "type": "Polygon", "coordinates": [ [ [ 720500.0, 6173900.0 ], [ 720600.0, 6173900.0 ], [ 720700.0, 6173900.0 ], [ 720700.0, 6173800.0 ], [ 720600.0, 6173800.0 ], [ 720500.0, 6173800.0 ], [ 720500.0, 6173900.0 ] ] ] } },
{ "type": "Feature", "properties": { "Shape_Area": 20000.0, "Shape_Leng": 600.0, "cluster_id": "101_421", "fid_1": 421.0, "id_munic": 421.0, "munic_clus": "101_421", "munic_code": 101.0, "min": 3.0898036956787109, "max": 3.0898036956787109, "mean": 3.0898036956787109, "count": 2, "std": 0.0, "range": 0.0 }, "geometry": { "type": "Polygon", "coordinates": [ [ [ 720400.0, 6172900.0 ], [ 720500.0, 6172900.0 ], [ 720600.0, 6172900.0 ], [ 720600.0, 6172800.0 ], [ 720500.0, 6172800.0 ], [ 720400.0, 6172800.0 ], [ 720400.0, 6172900.0 ] ] ] } },
{ "type": "Feature", "properties": { "Shape_Area": 140000.0, "Shape_Leng": 1800.0, "cluster_id": "101_422", "fid_1": 422.0, "id_munic": 422.0, "munic_clus": "101_422", "munic_code": 101.0, "min": 3.3005669116973877, "max": 3.3005669116973877, "mean": 3.3005670819963728, "count": 14, "std": 1.7029898513598596e-07, "range": 0.0 }, "geometry": { "type": "Polygon", "coordinates": [ [ [ 720500.0, 6172900.0 ], [ 720400.0, 6172900.0 ], [ 720400.0, 6173000.0 ], [ 720300.0, 6173000.0 ], [ 720300.0, 6173100.0 ], [ 720300.0, 6173200.0 ], [ 720400.0, 6173200.0 ], [ 720500.0, 6173200.0 ], [ 720600.0, 6173200.0 ], [ 720700.0, 6173200.0 ], [ 720700.0, 6173100.0 ], [ 720800.0, 6173100.0 ], [ 720800.0, 6173000.0 ], [ 720800.0, 6172900.0 ], [ 720700.0, 6172900.0 ], [ 720700.0, 6172800.0 ], [ 720600.0, 6172800.0 ], [ 720600.0, 6172900.0 ], [ 720500.0, 6172900.0 ] ] ] } },
{ "type": "Feature", "properties": { "Shape_Area": 20000.0, "Shape_Leng": 600.0, "cluster_id": "101_423", "fid_1": 423.0, "id_munic": 423.0, "munic_clus": "101_423", "munic_code": 101.0, "min": 3.5886373519897461, "max": 3.5886373519897461, "mean": 3.5886373519897461, "count": 2, "std": 0.0, "range": 0.0 }, "geometry": { "type": "Polygon", "coordinates": [ [ [ 720400.0, 6173800.0 ], [ 720500.0, 6173800.0 ], [ 720600.0, 6173800.0 ], [ 720600.0, 6173700.0 ], [ 720500.0, 6173700.0 ], [ 720400.0, 6173700.0 ], [ 720400.0, 6173800.0 ] ] ] } },
{ "type": "Feature", "properties": { "Shape_Area": 20000.0, "Shape_Leng": 600.0, "cluster_id": "101_424", "fid_1": 424.0, "id_munic": 424.0, "munic_clus": "101_424", "munic_code": 101.0, "min": 3.7787408828735352, "max": 3.7787408828735352, "mean": 3.7787408828735352, "count": 2, "std": 0.0, "range": 0.0 }, "geometry": { "type": "Polygon", "coordinates": [ [ [ 720300.0, 6173900.0 ], [ 720400.0, 6173900.0 ], [ 720500.0, 6173900.0 ], [ 720500.0, 6173800.0 ], [ 720400.0, 6173800.0 ], [ 720300.0, 6173800.0 ], [ 720300.0, 6173900.0 ] ] ] } },
{ "type": "Feature", "properties": { "Shape_Area": 20000.0, "Shape_Leng": 600.0, "cluster_id": "101_425", "fid_1": 425.0, "id_munic": 425.0, "munic_clus": "101_425", "munic_code": 101.0, "min": 3.7272577285766602, "max": 3.7272577285766602, "mean": 3.7272577285766602, "count": 2, "std": 0.0, "range": 0.0 }, "geometry": { "type": "Polygon", "coordinates": [ [ [ 723200.0, 6179100.0 ], [ 723300.0, 6179100.0 ], [ 723400.0, 6179100.0 ], [ 723400.0, 6179000.0 ], [ 723300.0, 6179000.0 ], [ 723200.0, 6179000.0 ], [ 723200.0, 6179100.0 ] ] ] } },
{ "type": "Feature", "properties": { "Shape_Area": 40000.0, "Shape_Leng": 800.0, "cluster_id": "101_426", "fid_1": 426.0, "id_munic": 426.0, "munic_clus": "101_426", "munic_code": 101.0, "min": 3.2439191341400146, "max": 3.2439191341400146, "mean": 3.2439191341400146, "count": 4, "std": 0.0, "range": 0.0 }, "geometry": { "type": "Polygon", "coordinates": [ [ [ 723300.0, 6178800.0 ], [ 723200.0, 6178800.0 ], [ 723100.0, 6178800.0 ], [ 723100.0, 6178900.0 ], [ 723100.0, 6179000.0 ], [ 723200.0, 6179000.0 ], [ 723300.0, 6179000.0 ], [ 723300.0, 6178900.0 ], [ 723300.0, 6178800.0 ] ] ] } },
{ "type": "Feature", "properties": { "Shape_Area": 10000.0, "Shape_Leng": 400.0, "cluster_id": "101_427", "fid_1": 427.0, "id_munic": 427.0, "munic_clus": "101_427", "munic_code": 101.0, "min": 3.2765750885009766, "max": 3.2765750885009766, "mean": 3.2765750885009766, "count": 1, "std": 0.0, "range": 0.0 }, "geometry": { "type": "Polygon", "coordinates": [ [ [ 723500.0, 6178700.0 ], [ 723500.0, 6178800.0 ], [ 723600.0, 6178800.0 ], [ 723600.0, 6178700.0 ], [ 723500.0, 6178700.0 ] ] ] } },
{ "type": "Feature", "properties": { "Shape_Area": 10000.0, "Shape_Leng": 400.0, "cluster_id": "101_428", "fid_1": 428.0, "id_munic": 428.0, "munic_clus": "101_428", "munic_code": 101.0, "min": 3.1932690143585205, "max": 3.1932690143585205, "mean": 3.1932690143585205, "count": 1, "std": 0.0, "range": 0.0 }, "geometry": { "type": "Polygon", "coordinates": [ [ [ 723000.0, 6178800.0 ], [ 723000.0, 6178900.0 ], [ 723100.0, 6178900.0 ], [ 723100.0, 6178800.0 ], [ 723000.0, 6178800.0 ] ] ] } },
{ "type": "Feature", "properties": { "Shape_Area": 20000.0, "Shape_Leng": 600.0, "cluster_id": "101_429", "fid_1": 429.0, "id_munic": 429.0, "munic_clus": "101_429", "munic_code": 101.0, "min": 2.7755746841430664, "max": 2.7755746841430664, "mean": 2.7755746841430664, "count": 2, "std": 0.0, "range": 0.0 }, "geometry": { "type": "Polygon", "coordinates": [ [ [ 722900.0, 6178800.0 ], [ 723000.0, 6178800.0 ], [ 723100.0, 6178800.0 ], [ 723100.0, 6178700.0 ], [ 723000.0, 6178700.0 ], [ 722900.0, 6178700.0 ], [ 722900.0, 6178800.0 ] ] ] } },
{ "type": "Feature", "properties": { "Shape_Area": 30000.0, "Shape_Leng": 800.0, "cluster_id": "101_430", "fid_1": 430.0, "id_munic": 430.0, "munic_clus": "101_430", "munic_code": 101.0, "min": 3.1584475040435791, "max": 3.1584475040435791, "mean": 3.158447583516439, "count": 3, "std": 7.947285984855057e-08, "range": 0.0 }, "geometry": { "type": "Polygon", "coordinates": [ [ [ 723300.0, 6178400.0 ], [ 723200.0, 6178400.0 ], [ 723200.0, 6178500.0 ], [ 723300.0, 6178500.0 ], [ 723400.0, 6178500.0 ], [ 723400.0, 6178400.0 ], [ 723400.0, 6178300.0 ], [ 723300.0, 6178300.0 ], [ 723300.0, 6178400.0 ] ] ] } },
{ "type": "Feature", "properties": { "Shape_Area": 30000.0, "Shape_Leng": 800.0, "cluster_id": "101_431", "fid_1": 431.0, "id_munic": 431.0, "munic_clus": "101_431", "munic_code": 101.0, "min": 2.6691107749938965, "max": 2.6691107749938965, "mean": 2.6691106160481772, "count": 3, "std": 1.5894571925301193e-07, "range": 0.0 }, "geometry": { "type": "Polygon", "coordinates": [ [ [ 723400.0, 6179100.0 ], [ 723300.0, 6179100.0 ], [ 723300.0, 6179200.0 ], [ 723400.0, 6179200.0 ], [ 723500.0, 6179200.0 ], [ 723500.0, 6179100.0 ], [ 723500.0, 6179000.0 ], [ 723400.0, 6179000.0 ], [ 723400.0, 6179100.0 ] ] ] } },
{ "type": "Feature", "properties": { "Shape_Area": 70000.0, "Shape_Leng": 1200.0, "cluster_id": "101_432", "fid_1": 432.0, "id_munic": 432.0, "munic_clus": "101_432", "munic_code": 101.0, "min": 3.6957681179046631, "max": 3.6957681179046631, "mean": 3.6957680838448659, "count": 7, "std": 3.4059797204832876e-08, "range": 0.0 }, "geometry": { "type": "Polygon", "coordinates": [ [ [ 723300.0, 6178500.0 ], [ 723200.0, 6178500.0 ], [ 723100.0, 6178500.0 ], [ 723100.0, 6178600.0 ], [ 723000.0, 6178600.0 ], [ 723000.0, 6178700.0 ], [ 723100.0, 6178700.0 ], [ 723100.0, 6178800.0 ], [ 723200.0, 6178800.0 ], [ 723300.0, 6178800.0 ], [ 723300.0, 6178700.0 ], [ 723300.0, 6178600.0 ], [ 723300.0, 6178500.0 ] ] ] } },
{ "type": "Feature", "properties": { "Shape_Area": 60000.0, "Shape_Leng": 1400.0, "cluster_id": "101_433", "fid_1": 433.0, "id_munic": 433.0, "munic_clus": "101_433", "munic_code": 101.0, "min": 2.3033988475799561, "max": 2.3033988475799561, "mean": 2.3033989270528159, "count": 6, "std": 7.947285984855057e-08, "range": 0.0 }, "geometry": { "type": "Polygon", "coordinates": [ [ [ 722700.0, 6177200.0 ], [ 722700.0, 6177100.0 ], [ 722600.0, 6177100.0 ], [ 722500.0, 6177100.0 ], [ 722500.0, 6177200.0 ], [ 722400.0, 6177200.0 ], [ 722300.0, 6177200.0 ], [ 722300.0, 6177300.0 ], [ 722400.0, 6177300.0 ], [ 722400.0, 6177400.0 ], [ 722500.0, 6177400.0 ], [ 722500.0, 6177300.0 ], [ 722600.0, 6177300.0 ], [ 722600.0, 6177200.0 ], [ 722700.0, 6177200.0 ] ] ] } },
{ "type": "Feature", "properties": { "Shape_Area": 10000.0, "Shape_Leng": 400.0, "cluster_id": "101_434", "fid_1": 434.0, "id_munic": 434.0, "munic_clus": "101_434", "munic_code": 101.0, "min": 3.5104968547821045, "max": 3.5104968547821045, "mean": 3.5104968547821045, "count": 1, "std": 0.0, "range": 0.0 }, "geometry": { "type": "Polygon", "coordinates": [ [ [ 723200.0, 6180400.0 ], [ 723200.0, 6180500.0 ], [ 723300.0, 6180500.0 ], [ 723300.0, 6180400.0 ], [ 723200.0, 6180400.0 ] ] ] } },
{ "type": "Feature", "properties": { "Shape_Area": 90000.0, "Shape_Leng": 1400.0, "cluster_id": "101_435", "fid_1": 435.0, "id_munic": 435.0, "munic_clus": "101_435", "munic_code": 101.0, "min": 3.5644791126251221, "max": 3.5644791126251221, "mean": 3.5644794040256076, "count": 9, "std": 2.9140048551923314e-07, "range": 0.0 }, "geometry": { "type": "Polygon", "coordinates": [ [ [ 723200.0, 6180200.0 ], [ 723100.0, 6180200.0 ], [ 723000.0, 6180200.0 ], [ 723000.0, 6180300.0 ], [ 722900.0, 6180300.0 ], [ 722900.0, 6180400.0 ], [ 722900.0, 6180500.0 ], [ 723000.0, 6180500.0 ], [ 723100.0, 6180500.0 ], [ 723200.0, 6180500.0 ], [ 723200.0, 6180400.0 ], [ 723300.0, 6180400.0 ], [ 723300.0, 6180300.0 ], [ 723200.0, 6180300.0 ], [ 723200.0, 6180200.0 ] ] ] } },
{ "type": "Feature", "properties": { "Shape_Area": 290000.0, "Shape_Leng": 3000.0, "cluster_id": "101_436", "fid_1": 436.0, "id_munic": 436.0, "munic_clus": "101_436", "munic_code": 101.0, "min": 4.350217342376709, "max": 4.350217342376709, "mean": 4.3502173588193696, "count": 29, "std": 1.6442660566440281e-08, "range": 0.0 }, "geometry": { "type": "Polygon", "coordinates": [ [ [ 723000.0, 6179800.0 ], [ 723000.0, 6179900.0 ], [ 723000.0, 6180000.0 ], [ 723100.0, 6180000.0 ], [ 723100.0, 6180100.0 ], [ 723200.0, 6180100.0 ], [ 723200.0, 6180200.0 ], [ 723200.0, 6180300.0 ], [ 723300.0, 6180300.0 ], [ 723300.0, 6180400.0 ], [ 723300.0, 6180500.0 ], [ 723400.0, 6180500.0 ], [ 723400.0, 6180400.0 ], [ 723500.0, 6180400.0 ], [ 723500.0, 6180300.0 ], [ 723500.0, 6180200.0 ], [ 723500.0, 6180100.0 ], [ 723600.0, 6180100.0 ], [ 723600.0, 6180000.0 ], [ 723600.0, 6179900.0 ], [ 723500.0, 6179900.0 ], [ 723500.0, 6179800.0 ], [ 723400.0, 6179800.0 ], [ 723400.0, 6179700.0 ], [ 723300.0, 6179700.0 ], [ 723300.0, 6179600.0 ], [ 723200.0, 6179600.0 ], [ 723200.0, 6179700.0 ], [ 723100.0, 6179700.0 ], [ 723100.0, 6179800.0 ], [ 723000.0, 6179800.0 ] ] ] } },
{ "type": "Feature", "properties": { "Shape_Area": 20000.0, "Shape_Leng": 600.0, "cluster_id": "101_437", "fid_1": 437.0, "id_munic": 437.0, "munic_clus": "101_437", "munic_code": 101.0, "min": 2.9440188407897949, "max": 2.9440188407897949, "mean": 2.9440188407897949, "count": 2, "std": 0.0, "range": 0.0 }, "geometry": { "type": "Polygon", "coordinates": [ [ [ 722800.0, 6180600.0 ], [ 722900.0, 6180600.0 ], [ 723000.0, 6180600.0 ], [ 723000.0, 6180500.0 ], [ 722900.0, 6180500.0 ], [ 722800.0, 6180500.0 ], [ 722800.0, 6180600.0 ] ] ] } },
{ "type": "Feature", "properties": { "Shape_Area": 80000.0, "Shape_Leng": 1200.0, "cluster_id": "101_438", "fid_1": 438.0, "id_munic": 438.0, "munic_clus": "101_438", "munic_code": 101.0, "min": 2.8202271461486816, "max": 2.8202271461486816, "mean": 2.8202271461486816, "count": 8, "std": 0.0, "range": 0.0 }, "geometry": { "type": "Polygon", "coordinates": [ [ [ 722900.0, 6180200.0 ], [ 722800.0, 6180200.0 ], [ 722700.0, 6180200.0 ], [ 722700.0, 6180300.0 ], [ 722600.0, 6180300.0 ], [ 722600.0, 6180400.0 ], [ 722600.0, 6180500.0 ], [ 722700.0, 6180500.0 ], [ 722800.0, 6180500.0 ], [ 722900.0, 6180500.0 ], [ 722900.0, 6180400.0 ], [ 722900.0, 6180300.0 ], [ 722900.0, 6180200.0 ] ] ] } },
{ "type": "Feature", "properties": { "Shape_Area": 100000.0, "Shape_Leng": 1800.0, "cluster_id": "101_439", "fid_1": 439.0, "id_munic": 439.0, "munic_clus": "101_439", "munic_code": 101.0, "min": 4.3403868675231934, "max": 4.3403868675231934, "mean": 4.3403869628906246, "count": 10, "std": 9.5367431285353632e-08, "range": 0.0 }, "geometry": { "type": "Polygon", "coordinates": [ [ [ 722900.0, 6179900.0 ], [ 722900.0, 6180000.0 ], [ 722800.0, 6180000.0 ], [ 722800.0, 6180100.0 ], [ 722700.0, 6180100.0 ], [ 722700.0, 6180200.0 ], [ 722800.0, 6180200.0 ], [ 722900.0, 6180200.0 ], [ 722900.0, 6180300.0 ], [ 723000.0, 6180300.0 ], [ 723000.0, 6180200.0 ], [ 723100.0, 6180200.0 ], [ 723200.0, 6180200.0 ], [ 723200.0, 6180100.0 ], [ 723100.0, 6180100.0 ], [ 723100.0, 6180000.0 ], [ 723000.0, 6180000.0 ], [ 723000.0, 6179900.0 ], [ 722900.0, 6179900.0 ] ] ] } },
{ "type": "Feature", "properties": { "Shape_Area": 20000.0, "Shape_Leng": 600.0, "cluster_id": "101_440", "fid_1": 440.0, "id_munic": 440.0, "munic_clus": "101_440", "munic_code": 101.0, "min": 3.5744755268096924, "max": 3.5744755268096924, "mean": 3.5744755268096924, "count": 2, "std": 0.0, "range": 0.0 }, "geometry": { "type": "Polygon", "coordinates": [ [ [ 725600.0, 6177100.0 ], [ 725700.0, 6177100.0 ], [ 725800.0, 6177100.0 ], [ 725800.0, 6177000.0 ], [ 725700.0, 6177000.0 ], [ 725600.0, 6177000.0 ], [ 725600.0, 6177100.0 ] ] ] } },
{ "type": "Feature", "properties": { "Shape_Area": 40000.0, "Shape_Leng": 1000.0, "cluster_id": "101_441", "fid_1": 441.0, "id_munic": 441.0, "munic_clus": "101_441", "munic_code": 101.0, "min": 3.544985294342041, "max": 3.544985294342041, "mean": 3.544985294342041, "count": 4, "std": 0.0, "range": 0.0 }, "geometry": { "type": "Polygon", "coordinates": [ [ [ 725600.0, 6176800.0 ], [ 725600.0, 6176900.0 ], [ 725600.0, 6177000.0 ], [ 725700.0, 6177000.0 ], [ 725700.0, 6176900.0 ], [ 725700.0, 6176800.0 ], [ 725700.0, 6176700.0 ], [ 725600.0, 6176700.0 ], [ 725500.0, 6176700.0 ], [ 725500.0, 6176800.0 ], [ 725600.0, 6176800.0 ] ] ] } },
{ "type": "Feature", "properties": { "Shape_Area": 20000.0, "Shape_Leng": 600.0, "cluster_id": "101_442", "fid_1": 442.0, "id_munic": 442.0, "munic_clus": "101_442", "munic_code": 101.0, "min": 2.8067317008972168, "max": 2.8067317008972168, "mean": 2.8067317008972168, "count": 2, "std": 0.0, "range": 0.0 }, "geometry": { "type": "Polygon", "coordinates": [ [ [ 723600.0, 6177100.0 ], [ 723600.0, 6177200.0 ], [ 723700.0, 6177200.0 ], [ 723700.0, 6177100.0 ], [ 723700.0, 6177000.0 ], [ 723600.0, 6177000.0 ], [ 723600.0, 6177100.0 ] ] ] } },
{ "type": "Feature", "properties": { "Shape_Area": 20000.0, "Shape_Leng": 600.0, "cluster_id": "101_443", "fid_1": 443.0, "id_munic": 443.0, "munic_clus": "101_443", "munic_code": 101.0, "min": 2.6959352493286133, "max": 2.6959352493286133, "mean": 2.6959352493286133, "count": 2, "std": 0.0, "range": 0.0 }, "geometry": { "type": "Polygon", "coordinates": [ [ [ 722100.0, 6179200.0 ], [ 722200.0, 6179200.0 ], [ 722300.0, 6179200.0 ], [ 722300.0, 6179100.0 ], [ 722200.0, 6179100.0 ], [ 722100.0, 6179100.0 ], [ 722100.0, 6179200.0 ] ] ] } },
{ "type": "Feature", "properties": { "Shape_Area": 10000.0, "Shape_Leng": 400.0, "cluster_id": "101_444", "fid_1": 444.0, "id_munic": 444.0, "munic_clus": "101_444", "munic_code": 101.0, "min": 2.8747086524963379, "max": 2.8747086524963379, "mean": 2.8747086524963379, "count": 1, "std": 0.0, "range": 0.0 }, "geometry": { "type": "Polygon", "coordinates": [ [ [ 722200.0, 6179400.0 ], [ 722200.0, 6179500.0 ], [ 722300.0, 6179500.0 ], [ 722300.0, 6179400.0 ], [ 722200.0, 6179400.0 ] ] ] } },
{ "type": "Feature", "properties": { "Shape_Area": 10000.0, "Shape_Leng": 400.0, "cluster_id": "101_445", "fid_1": 445.0, "id_munic": 445.0, "munic_clus": "101_445", "munic_code": 101.0, "min": 3.3683772087097168, "max": 3.3683772087097168, "mean": 3.3683772087097168, "count": 1, "std": 0.0, "range": 0.0 }, "geometry": { "type": "Polygon", "coordinates": [ [ [ 722200.0, 6179200.0 ], [ 722200.0, 6179300.0 ], [ 722300.0, 6179300.0 ], [ 722300.0, 6179200.0 ], [ 722200.0, 6179200.0 ] ] ] } },
{ "type": "Feature", "properties": { "Shape_Area": 10000.0, "Shape_Leng": 400.0, "cluster_id": "101_446", "fid_1": 446.0, "id_munic": 446.0, "munic_clus": "101_446", "munic_code": 101.0, "min": 3.9355216026306152, "max": 3.9355216026306152, "mean": 3.9355216026306152, "count": 1, "std": 0.0, "range": 0.0 }, "geometry": { "type": "Polygon", "coordinates": [ [ [ 722200.0, 6179300.0 ], [ 722200.0, 6179400.0 ], [ 722300.0, 6179400.0 ], [ 722300.0, 6179300.0 ], [ 722200.0, 6179300.0 ] ] ] } },
{ "type": "Feature", "properties": { "Shape_Area": 20000.0, "Shape_Leng": 600.0, "cluster_id": "101_447", "fid_1": 447.0, "id_munic": 447.0, "munic_clus": "101_447", "munic_code": 101.0, "min": 2.9003670215606689, "max": 2.9003670215606689, "mean": 2.9003670215606689, "count": 2, "std": 0.0, "range": 0.0 }, "geometry": { "type": "Polygon", "coordinates": [ [ [ 721900.0, 6179000.0 ], [ 721900.0, 6179100.0 ], [ 722000.0, 6179100.0 ], [ 722000.0, 6179000.0 ], [ 722000.0, 6178900.0 ], [ 721900.0, 6178900.0 ], [ 721900.0, 6179000.0 ] ] ] } },
{ "type": "Feature", "properties": { "Shape_Area": 10000.0, "Shape_Leng": 400.0, "cluster_id": "101_448", "fid_1": 448.0, "id_munic": 448.0, "munic_clus": "101_448", "munic_code": 101.0, "min": 3.5459845066070557, "max": 3.5459845066070557, "mean": 3.5459845066070557, "count": 1, "std": 0.0, "range": 0.0 }, "geometry": { "type": "Polygon", "coordinates": [ [ [ 722000.0, 6179100.0 ], [ 722000.0, 6179200.0 ], [ 722100.0, 6179200.0 ], [ 722100.0, 6179100.0 ], [ 722000.0, 6179100.0 ] ] ] } },
{ "type": "Feature", "properties": { "Shape_Area": 10000.0, "Shape_Leng": 400.0, "cluster_id": "101_449", "fid_1": 449.0, "id_munic": 449.0, "munic_clus": "101_449", "munic_code": 101.0, "min": 3.557814359664917, "max": 3.557814359664917, "mean": 3.557814359664917, "count": 1, "std": 0.0, "range": 0.0 }, "geometry": { "type": "Polygon", "coordinates": [ [ [ 722000.0, 6179200.0 ], [ 722000.0, 6179300.0 ], [ 722100.0, 6179300.0 ], [ 722100.0, 6179200.0 ], [ 722000.0, 6179200.0 ] ] ] } },
{ "type": "Feature", "properties": { "Shape_Area": 20000.0, "Shape_Leng": 600.0, "cluster_id": "101_450", "fid_1": 450.0, "id_munic": 450.0, "munic_clus": "101_450", "munic_code": 101.0, "min": 3.7914028167724609, "max": 3.7914028167724609, "mean": 3.7914028167724609, "count": 2, "std": 0.0, "range": 0.0 }, "geometry": { "type": "Polygon", "coordinates": [ [ [ 721900.0, 6179400.0 ], [ 721900.0, 6179500.0 ], [ 722000.0, 6179500.0 ], [ 722000.0, 6179400.0 ], [ 722000.0, 6179300.0 ], [ 721900.0, 6179300.0 ], [ 721900.0, 6179400.0 ] ] ] } },
{ "type": "Feature", "properties": { "Shape_Area": 10000.0, "Shape_Leng": 400.0, "cluster_id": "101_451", "fid_1": 451.0, "id_munic": 451.0, "munic_clus": "101_451", "munic_code": 101.0, "min": 2.94985032081604, "max": 2.94985032081604, "mean": 2.94985032081604, "count": 1, "std": 0.0, "range": 0.0 }, "geometry": { "type": "Polygon", "coordinates": [ [ [ 723600.0, 6176900.0 ], [ 723600.0, 6177000.0 ], [ 723700.0, 6177000.0 ], [ 723700.0, 6176900.0 ], [ 723600.0, 6176900.0 ] ] ] } },
{ "type": "Feature", "properties": { "Shape_Area": 10000.0, "Shape_Leng": 400.0, "cluster_id": "101_452", "fid_1": 452.0, "id_munic": 452.0, "munic_clus": "101_452", "munic_code": 101.0, "min": 2.9971675872802734, "max": 2.9971675872802734, "mean": 2.9971675872802734, "count": 1, "std": 0.0, "range": 0.0 }, "geometry": { "type": "Polygon", "coordinates": [ [ [ 722000.0, 6179900.0 ], [ 722000.0, 6180000.0 ], [ 722100.0, 6180000.0 ], [ 722100.0, 6179900.0 ], [ 722000.0, 6179900.0 ] ] ] } },
{ "type": "Feature", "properties": { "Shape_Area": 20000.0, "Shape_Leng": 600.0, "cluster_id": "101_453", "fid_1": 453.0, "id_munic": 453.0, "munic_clus": "101_453", "munic_code": 101.0, "min": 3.8400528430938721, "max": 3.8400528430938721, "mean": 3.8400528430938721, "count": 2, "std": 0.0, "range": 0.0 }, "geometry": { "type": "Polygon", "coordinates": [ [ [ 722000.0, 6179600.0 ], [ 722100.0, 6179600.0 ], [ 722200.0, 6179600.0 ], [ 722200.0, 6179500.0 ], [ 722100.0, 6179500.0 ], [ 722000.0, 6179500.0 ], [ 722000.0, 6179600.0 ] ] ] } },
{ "type": "Feature", "properties": { "Shape_Area": 20000.0, "Shape_Leng": 600.0, "cluster_id": "101_454", "fid_1": 454.0, "id_munic": 454.0, "munic_clus": "101_454", "munic_code": 101.0, "min": 3.8350551128387451, "max": 3.8350551128387451, "mean": 3.8350551128387451, "count": 2, "std": 0.0, "range": 0.0 }, "geometry": { "type": "Polygon", "coordinates": [ [ [ 722000.0, 6179700.0 ], [ 722100.0, 6179700.0 ], [ 722200.0, 6179700.0 ], [ 722200.0, 6179600.0 ], [ 722100.0, 6179600.0 ], [ 722000.0, 6179600.0 ], [ 722000.0, 6179700.0 ] ] ] } },
{ "type": "Feature", "properties": { "Shape_Area": 10000.0, "Shape_Leng": 400.0, "cluster_id": "101_455", "fid_1": 455.0, "id_munic": 455.0, "munic_clus": "101_455", "munic_code": 101.0, "min": 3.676440954208374, "max": 3.676440954208374, "mean": 3.676440954208374, "count": 1, "std": 0.0, "range": 0.0 }, "geometry": { "type": "Polygon", "coordinates": [ [ [ 722100.0, 6179200.0 ], [ 722100.0, 6179300.0 ], [ 722200.0, 6179300.0 ], [ 722200.0, 6179200.0 ], [ 722100.0, 6179200.0 ] ] ] } },
{ "type": "Feature", "properties": { "Shape_Area": 20000.0, "Shape_Leng": 600.0, "cluster_id": "101_456", "fid_1": 456.0, "id_munic": 456.0, "munic_clus": "101_456", "munic_code": 101.0, "min": 3.5139954090118408, "max": 3.5139954090118408, "mean": 3.5139954090118408, "count": 2, "std": 0.0, "range": 0.0 }, "geometry": { "type": "Polygon", "coordinates": [ [ [ 723400.0, 6178300.0 ], [ 723400.0, 6178400.0 ], [ 723500.0, 6178400.0 ], [ 723500.0, 6178300.0 ], [ 723500.0, 6178200.0 ], [ 723400.0, 6178200.0 ], [ 723400.0, 6178300.0 ] ] ] } },
{ "type": "Feature", "properties": { "Shape_Area": 20000.0, "Shape_Leng": 600.0, "cluster_id": "101_457", "fid_1": 457.0, "id_munic": 457.0, "munic_clus": "101_457", "munic_code": 101.0, "min": 2.9376876354217529, "max": 2.9376876354217529, "mean": 2.9376876354217529, "count": 2, "std": 0.0, "range": 0.0 }, "geometry": { "type": "Polygon", "coordinates": [ [ [ 724100.0, 6179800.0 ], [ 724100.0, 6179900.0 ], [ 724200.0, 6179900.0 ], [ 724200.0, 6179800.0 ], [ 724200.0, 6179700.0 ], [ 724100.0, 6179700.0 ], [ 724100.0, 6179800.0 ] ] ] } },
{ "type": "Feature", "properties": { "Shape_Area": 10000.0, "Shape_Leng": 400.0, "cluster_id": "101_458", "fid_1": 458.0, "id_munic": 458.0, "munic_clus": "101_458", "munic_code": 101.0, "min": 2.8883707523345947, "max": 2.8883707523345947, "mean": 2.8883707523345947, "count": 1, "std": 0.0, "range": 0.0 }, "geometry": { "type": "Polygon", "coordinates": [ [ [ 723700.0, 6176900.0 ], [ 723700.0, 6177000.0 ], [ 723800.0, 6177000.0 ], [ 723800.0, 6176900.0 ], [ 723700.0, 6176900.0 ] ] ] } },
{ "type": "Feature", "properties": { "Shape_Area": 20000.0, "Shape_Leng": 600.0, "cluster_id": "101_459", "fid_1": 459.0, "id_munic": 459.0, "munic_clus": "101_459", "munic_code": 101.0, "min": 3.0056653022766113, "max": 3.0056653022766113, "mean": 3.0056653022766113, "count": 2, "std": 0.0, "range": 0.0 }, "geometry": { "type": "Polygon", "coordinates": [ [ [ 723600.0, 6176900.0 ], [ 723700.0, 6176900.0 ], [ 723800.0, 6176900.0 ], [ 723800.0, 6176800.0 ], [ 723700.0, 6176800.0 ], [ 723600.0, 6176800.0 ], [ 723600.0, 6176900.0 ] ] ] } },
{ "type": "Feature", "properties": { "Shape_Area": 20000.0, "Shape_Leng": 600.0, "cluster_id": "101_460", "fid_1": 460.0, "id_munic": 460.0, "munic_clus": "101_460", "munic_code": 101.0, "min": 2.9418525695800781, "max": 2.9418525695800781, "mean": 2.9418525695800781, "count": 2, "std": 0.0, "range": 0.0 }, "geometry": { "type": "Polygon", "coordinates": [ [ [ 724000.0, 6179800.0 ], [ 724000.0, 6179900.0 ], [ 724100.0, 6179900.0 ], [ 724100.0, 6179800.0 ], [ 724100.0, 6179700.0 ], [ 724000.0, 6179700.0 ], [ 724000.0, 6179800.0 ] ] ] } },
{ "type": "Feature", "properties": { "Shape_Area": 10000.0, "Shape_Leng": 400.0, "cluster_id": "101_461", "fid_1": 461.0, "id_munic": 461.0, "munic_clus": "101_461", "munic_code": 101.0, "min": 2.6924364566802979, "max": 2.6924364566802979, "mean": 2.6924364566802979, "count": 1, "std": 0.0, "range": 0.0 }, "geometry": { "type": "Polygon", "coordinates": [ [ [ 724000.0, 6179900.0 ], [ 724000.0, 6180000.0 ], [ 724100.0, 6180000.0 ], [ 724100.0, 6179900.0 ], [ 724000.0, 6179900.0 ] ] ] } },
{ "type": "Feature", "properties": { "Shape_Area": 10000.0, "Shape_Leng": 400.0, "cluster_id": "101_462", "fid_1": 462.0, "id_munic": 462.0, "munic_clus": "101_462", "munic_code": 101.0, "min": 3.4370212554931641, "max": 3.4370212554931641, "mean": 3.4370212554931641, "count": 1, "std": 0.0, "range": 0.0 }, "geometry": { "type": "Polygon", "coordinates": [ [ [ 723900.0, 6179900.0 ], [ 723900.0, 6180000.0 ], [ 724000.0, 6180000.0 ], [ 724000.0, 6179900.0 ], [ 723900.0, 6179900.0 ] ] ] } },
{ "type": "Feature", "properties": { "Shape_Area": 30000.0, "Shape_Leng": 800.0, "cluster_id": "101_463", "fid_1": 463.0, "id_munic": 463.0, "munic_clus": "101_463", "munic_code": 101.0, "min": 2.6191272735595703, "max": 2.6191272735595703, "mean": 2.6191272735595703, "count": 3, "std": 0.0, "range": 0.0 }, "geometry": { "type": "Polygon", "coordinates": [ [ [ 723600.0, 6179800.0 ], [ 723600.0, 6179900.0 ], [ 723700.0, 6179900.0 ], [ 723700.0, 6179800.0 ], [ 723800.0, 6179800.0 ], [ 723800.0, 6179700.0 ], [ 723700.0, 6179700.0 ], [ 723600.0, 6179700.0 ], [ 723600.0, 6179800.0 ] ] ] } },
{ "type": "Feature", "properties": { "Shape_Area": 40000.0, "Shape_Leng": 1000.0, "cluster_id": "101_464", "fid_1": 464.0, "id_munic": 464.0, "munic_clus": "101_464", "munic_code": 101.0, "min": 3.5903031826019287, "max": 3.5903031826019287, "mean": 3.5903031826019287, "count": 4, "std": 0.0, "range": 0.0 }, "geometry": { "type": "Polygon", "coordinates": [ [ [ 719700.0, 6173000.0 ], [ 719700.0, 6173100.0 ], [ 719800.0, 6173100.0 ], [ 719900.0, 6173100.0 ], [ 719900.0, 6173000.0 ], [ 719800.0, 6173000.0 ], [ 719800.0, 6172900.0 ], [ 719700.0, 6172900.0 ], [ 719600.0, 6172900.0 ], [ 719600.0, 6173000.0 ], [ 719700.0, 6173000.0 ] ] ] } },
{ "type": "Feature", "properties": { "Shape_Area": 50000.0, "Shape_Leng": 1000.0, "cluster_id": "101_465", "fid_1": 465.0, "id_munic": 465.0, "munic_clus": "101_465", "munic_code": 101.0, "min": 3.4310235977172852, "max": 3.4310235977172852, "mean": 3.4310234069824217, "count": 5, "std": 1.9073486345888568e-07, "range": 0.0 }, "geometry": { "type": "Polygon", "coordinates": [ [ [ 719900.0, 6173000.0 ], [ 719900.0, 6173100.0 ], [ 720000.0, 6173100.0 ], [ 720100.0, 6173100.0 ], [ 720100.0, 6173000.0 ], [ 720100.0, 6172900.0 ], [ 720000.0, 6172900.0 ], [ 719900.0, 6172900.0 ], [ 719800.0, 6172900.0 ], [ 719800.0, 6173000.0 ], [ 719900.0, 6173000.0 ] ] ] } },
{ "type": "Feature", "properties": { "Shape_Area": 80000.0, "Shape_Leng": 1400.0, "cluster_id": "101_466", "fid_1": 466.0, "id_munic": 466.0, "munic_clus": "101_466", "munic_code": 101.0, "min": 3.3152287006378174, "max": 3.3152287006378174, "mean": 3.3152289390563965, "count": 8, "std": 2.384185791015625e-07, "range": 0.0 }, "geometry": { "type": "Polygon", "coordinates": [ [ [ 720400.0, 6172800.0 ], [ 720300.0, 6172800.0 ], [ 720200.0, 6172800.0 ], [ 720200.0, 6172900.0 ], [ 720100.0, 6172900.0 ], [ 720100.0, 6173000.0 ], [ 720100.0, 6173100.0 ], [ 720200.0, 6173100.0 ], [ 720200.0, 6173200.0 ], [ 720300.0, 6173200.0 ], [ 720300.0, 6173100.0 ], [ 720300.0, 6173000.0 ], [ 720400.0, 6173000.0 ], [ 720400.0, 6172900.0 ], [ 720400.0, 6172800.0 ] ] ] } },
{ "type": "Feature", "properties": { "Shape_Area": 10000.0, "Shape_Leng": 400.0, "cluster_id": "101_467", "fid_1": 467.0, "id_munic": 467.0, "munic_clus": "101_467", "munic_code": 101.0, "min": 2.9961676597595215, "max": 2.9961676597595215, "mean": 2.9961676597595215, "count": 1, "std": 0.0, "range": 0.0 }, "geometry": { "type": "Polygon", "coordinates": [ [ [ 723500.0, 6176600.0 ], [ 723500.0, 6176700.0 ], [ 723600.0, 6176700.0 ], [ 723600.0, 6176600.0 ], [ 723500.0, 6176600.0 ] ] ] } },
{ "type": "Feature", "properties": { "Shape_Area": 10000.0, "Shape_Leng": 400.0, "cluster_id": "101_468", "fid_1": 468.0, "id_munic": 468.0, "munic_clus": "101_468", "munic_code": 101.0, "min": 2.0543153285980225, "max": 2.0543153285980225, "mean": 2.0543153285980225, "count": 1, "std": 0.0, "range": 0.0 }, "geometry": { "type": "Polygon", "coordinates": [ [ [ 725100.0, 6179300.0 ], [ 725100.0, 6179400.0 ], [ 725200.0, 6179400.0 ], [ 725200.0, 6179300.0 ], [ 725100.0, 6179300.0 ] ] ] } },
{ "type": "Feature", "properties": { "Shape_Area": 30000.0, "Shape_Leng": 800.0, "cluster_id": "101_469", "fid_1": 469.0, "id_munic": 469.0, "munic_clus": "101_469", "munic_code": 101.0, "min": 3.1674444675445557, "max": 3.1674444675445557, "mean": 3.1674445470174155, "count": 3, "std": 7.947285984855057e-08, "range": 0.0 }, "geometry": { "type": "Polygon", "coordinates": [ [ [ 724900.0, 6179300.0 ], [ 725000.0, 6179300.0 ], [ 725100.0, 6179300.0 ], [ 725200.0, 6179300.0 ], [ 725200.0, 6179200.0 ], [ 725100.0, 6179200.0 ], [ 725000.0, 6179200.0 ], [ 724900.0, 6179200.0 ], [ 724900.0, 6179300.0 ] ] ] } },
{ "type": "Feature", "properties": { "Shape_Area": 10000.0, "Shape_Leng": 400.0, "cluster_id": "101_470", "fid_1": 470.0, "id_munic": 470.0, "munic_clus": "101_470", "munic_code": 101.0, "min": 2.545818567276001, "max": 2.545818567276001, "mean": 2.545818567276001, "count": 1, "std": 0.0, "range": 0.0 }, "geometry": { "type": "Polygon", "coordinates": [ [ [ 725200.0, 6179300.0 ], [ 725200.0, 6179400.0 ], [ 725300.0, 6179400.0 ], [ 725300.0, 6179300.0 ], [ 725200.0, 6179300.0 ] ] ] } },
{ "type": "Feature", "properties": { "Shape_Area": 10000.0, "Shape_Leng": 400.0, "cluster_id": "101_471", "fid_1": 471.0, "id_munic": 471.0, "munic_clus": "101_471", "munic_code": 101.0, "min": 2.7499172687530518, "max": 2.7499172687530518, "mean": 2.7499172687530518, "count": 1, "std": 0.0, "range": 0.0 }, "geometry": { "type": "Polygon", "coordinates": [ [ [ 725100.0, 6179400.0 ], [ 725100.0, 6179500.0 ], [ 725200.0, 6179500.0 ], [ 725200.0, 6179400.0 ], [ 725100.0, 6179400.0 ] ] ] } },
{ "type": "Feature", "properties": { "Shape_Area": 10000.0, "Shape_Leng": 400.0, "cluster_id": "101_472", "fid_1": 472.0, "id_munic": 472.0, "munic_clus": "101_472", "munic_code": 101.0, "min": 3.7704100608825684, "max": 3.7704100608825684, "mean": 3.7704100608825684, "count": 1, "std": 0.0, "range": 0.0 }, "geometry": { "type": "Polygon", "coordinates": [ [ [ 725000.0, 6179400.0 ], [ 725000.0, 6179500.0 ], [ 725100.0, 6179500.0 ], [ 725100.0, 6179400.0 ], [ 725000.0, 6179400.0 ] ] ] } },
{ "type": "Feature", "properties": { "Shape_Area": 20000.0, "Shape_Leng": 600.0, "cluster_id": "101_473", "fid_1": 473.0, "id_munic": 473.0, "munic_clus": "101_473", "munic_code": 101.0, "min": 3.165611743927002, "max": 3.165611743927002, "mean": 3.165611743927002, "count": 2, "std": 0.0, "range": 0.0 }, "geometry": { "type": "Polygon", "coordinates": [ [ [ 724900.0, 6179400.0 ], [ 725000.0, 6179400.0 ], [ 725100.0, 6179400.0 ], [ 725100.0, 6179300.0 ], [ 725000.0, 6179300.0 ], [ 724900.0, 6179300.0 ], [ 724900.0, 6179400.0 ] ] ] } },
{ "type": "Feature", "properties": { "Shape_Area": 10000.0, "Shape_Leng": 400.0, "cluster_id": "101_474", "fid_1": 474.0, "id_munic": 474.0, "munic_clus": "101_474", "munic_code": 101.0, "min": 2.8795404434204102, "max": 2.8795404434204102, "mean": 2.8795404434204102, "count": 1, "std": 0.0, "range": 0.0 }, "geometry": { "type": "Polygon", "coordinates": [ [ [ 724900.0, 6179400.0 ], [ 724900.0, 6179500.0 ], [ 725000.0, 6179500.0 ], [ 725000.0, 6179400.0 ], [ 724900.0, 6179400.0 ] ] ] } },
{ "type": "Feature", "properties": { "Shape_Area": 20000.0, "Shape_Leng": 600.0, "cluster_id": "101_475", "fid_1": 475.0, "id_munic": 475.0, "munic_clus": "101_475", "munic_code": 101.0, "min": 3.3152282238006592, "max": 3.3152282238006592, "mean": 3.3152282238006592, "count": 2, "std": 0.0, "range": 0.0 }, "geometry": { "type": "Polygon", "coordinates": [ [ [ 722500.0, 6173500.0 ], [ 722500.0, 6173600.0 ], [ 722600.0, 6173600.0 ], [ 722600.0, 6173500.0 ], [ 722600.0, 6173400.0 ], [ 722500.0, 6173400.0 ], [ 722500.0, 6173500.0 ] ] ] } },
{ "type": "Feature", "properties": { "Shape_Area": 20000.0, "Shape_Leng": 600.0, "cluster_id": "101_476", "fid_1": 476.0, "id_munic": 476.0, "munic_clus": "101_476", "munic_code": 101.0, "min": 3.7635781764984131, "max": 3.7635781764984131, "mean": 3.7635781764984131, "count": 2, "std": 0.0, "range": 0.0 }, "geometry": { "type": "Polygon", "coordinates": [ [ [ 722400.0, 6173200.0 ], [ 722500.0, 6173200.0 ], [ 722600.0, 6173200.0 ], [ 722600.0, 6173100.0 ], [ 722500.0, 6173100.0 ], [ 722400.0, 6173100.0 ], [ 722400.0, 6173200.0 ] ] ] } },
{ "type": "Feature", "properties": { "Shape_Area": 10000.0, "Shape_Leng": 400.0, "cluster_id": "101_477", "fid_1": 477.0, "id_munic": 477.0, "munic_clus": "101_477", "munic_code": 101.0, "min": 3.6761078834533691, "max": 3.6761078834533691, "mean": 3.6761078834533691, "count": 1, "std": 0.0, "range": 0.0 }, "geometry": { "type": "Polygon", "coordinates": [ [ [ 722300.0, 6173000.0 ], [ 722300.0, 6173100.0 ], [ 722400.0, 6173100.0 ], [ 722400.0, 6173000.0 ], [ 722300.0, 6173000.0 ] ] ] } },
{ "type": "Feature", "properties": { "Shape_Area": 20000.0, "Shape_Leng": 600.0, "cluster_id": "101_478", "fid_1": 478.0, "id_munic": 478.0, "munic_clus": "101_478", "munic_code": 101.0, "min": 2.4851717948913574, "max": 2.4851717948913574, "mean": 2.4851717948913574, "count": 2, "std": 0.0, "range": 0.0 }, "geometry": { "type": "Polygon", "coordinates": [ [ [ 722400.0, 6173600.0 ], [ 722400.0, 6173700.0 ], [ 722500.0, 6173700.0 ], [ 722500.0, 6173600.0 ], [ 722500.0, 6173500.0 ], [ 722400.0, 6173500.0 ], [ 722400.0, 6173600.0 ] ] ] } },
{ "type": "Feature", "properties": { "Shape_Area": 10000.0, "Shape_Leng": 400.0, "cluster_id": "101_479", "fid_1": 479.0, "id_munic": 479.0, "munic_clus": "101_479", "munic_code": 101.0, "min": 2.8307232856750488, "max": 2.8307232856750488, "mean": 2.8307232856750488, "count": 1, "std": 0.0, "range": 0.0 }, "geometry": { "type": "Polygon", "coordinates": [ [ [ 723200.0, 6176800.0 ], [ 723200.0, 6176900.0 ], [ 723300.0, 6176900.0 ], [ 723300.0, 6176800.0 ], [ 723200.0, 6176800.0 ] ] ] } },
{ "type": "Feature", "properties": { "Shape_Area": 10000.0, "Shape_Leng": 400.0, "cluster_id": "101_480", "fid_1": 480.0, "id_munic": 480.0, "munic_clus": "101_480", "munic_code": 101.0, "min": 3.2469182014465332, "max": 3.2469182014465332, "mean": 3.2469182014465332, "count": 1, "std": 0.0, "range": 0.0 }, "geometry": { "type": "Polygon", "coordinates": [ [ [ 723300.0, 6176900.0 ], [ 723300.0, 6177000.0 ], [ 723400.0, 6177000.0 ], [ 723400.0, 6176900.0 ], [ 723300.0, 6176900.0 ] ] ] } },
{ "type": "Feature", "properties": { "Shape_Area": 290000.0, "Shape_Leng": 2600.0, "cluster_id": "101_481", "fid_1": 481.0, "id_munic": 481.0, "munic_clus": "101_481", "munic_code": 101.0, "min": 3.1861047744750977, "max": 3.1861047744750977, "mean": 3.1861048731310615, "count": 29, "std": 9.8655963842730898e-08, "range": 0.0 }, "geometry": { "type": "Polygon", "coordinates": [ [ [ 722200.0, 6173700.0 ], [ 722100.0, 6173700.0 ], [ 722100.0, 6173800.0 ], [ 722000.0, 6173800.0 ], [ 722000.0, 6173900.0 ], [ 722000.0, 6174000.0 ], [ 722100.0, 6174000.0 ], [ 722100.0, 6174100.0 ], [ 722200.0, 6174100.0 ], [ 722300.0, 6174100.0 ], [ 722300.0, 6174200.0 ], [ 722400.0, 6174200.0 ], [ 722400.0, 6174300.0 ], [ 722500.0, 6174300.0 ], [ 722500.0, 6174200.0 ], [ 722600.0, 6174200.0 ], [ 722700.0, 6174200.0 ], [ 722700.0, 6174100.0 ], [ 722700.0, 6174000.0 ], [ 722700.0, 6173900.0 ], [ 722600.0, 6173900.0 ], [ 722600.0, 6173800.0 ], [ 722600.0, 6173700.0 ], [ 722500.0, 6173700.0 ], [ 722400.0, 6173700.0 ], [ 722300.0, 6173700.0 ], [ 722200.0, 6173700.0 ] ] ] } },
{ "type": "Feature", "properties": { "Shape_Area": 10000.0, "Shape_Leng": 400.0, "cluster_id": "101_482", "fid_1": 482.0, "id_munic": 482.0, "munic_clus": "101_482", "munic_code": 101.0, "min": 3.2434194087982178, "max": 3.2434194087982178, "mean": 3.2434194087982178, "count": 1, "std": 0.0, "range": 0.0 }, "geometry": { "type": "Polygon", "coordinates": [ [ [ 722500.0, 6173600.0 ], [ 722500.0, 6173700.0 ], [ 722600.0, 6173700.0 ], [ 722600.0, 6173600.0 ], [ 722500.0, 6173600.0 ] ] ] } },
{ "type": "Feature", "properties": { "Shape_Area": 10000.0, "Shape_Leng": 400.0, "cluster_id": "101_483", "fid_1": 483.0, "id_munic": 483.0, "munic_clus": "101_483", "munic_code": 101.0, "min": 3.3883705139160156, "max": 3.3883705139160156, "mean": 3.3883705139160156, "count": 1, "std": 0.0, "range": 0.0 }, "geometry": { "type": "Polygon", "coordinates": [ [ [ 722000.0, 6172800.0 ], [ 722000.0, 6172900.0 ], [ 722100.0, 6172900.0 ], [ 722100.0, 6172800.0 ], [ 722000.0, 6172800.0 ] ] ] } },
{ "type": "Feature", "properties": { "Shape_Area": 10000.0, "Shape_Leng": 400.0, "cluster_id": "101_484", "fid_1": 484.0, "id_munic": 484.0, "munic_clus": "101_484", "munic_code": 101.0, "min": 3.9628462791442871, "max": 3.9628462791442871, "mean": 3.9628462791442871, "count": 1, "std": 0.0, "range": 0.0 }, "geometry": { "type": "Polygon", "coordinates": [ [ [ 722100.0, 6172900.0 ], [ 722100.0, 6173000.0 ], [ 722200.0, 6173000.0 ], [ 722200.0, 6172900.0 ], [ 722100.0, 6172900.0 ] ] ] } },
{ "type": "Feature", "properties": { "Shape_Area": 50000.0, "Shape_Leng": 1000.0, "cluster_id": "101_485", "fid_1": 485.0, "id_munic": 485.0, "munic_clus": "101_485", "munic_code": 101.0, "min": 3.5718097686767578, "max": 3.5718097686767578, "mean": 3.5718097686767578, "count": 5, "std": 0.0, "range": 0.0 }, "geometry": { "type": "Polygon", "coordinates": [ [ [ 722300.0, 6174100.0 ], [ 722200.0, 6174100.0 ], [ 722100.0, 6174100.0 ], [ 722100.0, 6174200.0 ], [ 722100.0, 6174300.0 ], [ 722200.0, 6174300.0 ], [ 722300.0, 6174300.0 ], [ 722400.0, 6174300.0 ], [ 722400.0, 6174200.0 ], [ 722300.0, 6174200.0 ], [ 722300.0, 6174100.0 ] ] ] } },
{ "type": "Feature", "properties": { "Shape_Area": 10000.0, "Shape_Leng": 400.0, "cluster_id": "101_486", "fid_1": 486.0, "id_munic": 486.0, "munic_clus": "101_486", "munic_code": 101.0, "min": 3.4851717948913574, "max": 3.4851717948913574, "mean": 3.4851717948913574, "count": 1, "std": 0.0, "range": 0.0 }, "geometry": { "type": "Polygon", "coordinates": [ [ [ 722400.0, 6173300.0 ], [ 722400.0, 6173400.0 ], [ 722500.0, 6173400.0 ], [ 722500.0, 6173300.0 ], [ 722400.0, 6173300.0 ] ] ] } },
{ "type": "Feature", "properties": { "Shape_Area": 40000.0, "Shape_Leng": 1000.0, "cluster_id": "101_487", "fid_1": 487.0, "id_munic": 487.0, "munic_clus": "101_487", "munic_code": 101.0, "min": 3.0143289566040039, "max": 3.0143289566040039, "mean": 3.0143289566040039, "count": 4, "std": 0.0, "range": 0.0 }, "geometry": { "type": "Polygon", "coordinates": [ [ [ 722500.0, 6173500.0 ], [ 722500.0, 6173400.0 ], [ 722400.0, 6173400.0 ], [ 722300.0, 6173400.0 ], [ 722300.0, 6173500.0 ], [ 722300.0, 6173600.0 ], [ 722300.0, 6173700.0 ], [ 722400.0, 6173700.0 ], [ 722400.0, 6173600.0 ], [ 722400.0, 6173500.0 ], [ 722500.0, 6173500.0 ] ] ] } },
{ "type": "Feature", "properties": { "Shape_Area": 30000.0, "Shape_Leng": 800.0, "cluster_id": "101_488", "fid_1": 488.0, "id_munic": 488.0, "munic_clus": "101_488", "munic_code": 101.0, "min": 3.0469846725463867, "max": 3.0469846725463867, "mean": 3.0469846725463867, "count": 3, "std": 0.0, "range": 0.0 }, "geometry": { "type": "Polygon", "coordinates": [ [ [ 722400.0, 6173300.0 ], [ 722500.0, 6173300.0 ], [ 722500.0, 6173400.0 ], [ 722600.0, 6173400.0 ], [ 722600.0, 6173300.0 ], [ 722600.0, 6173200.0 ], [ 722500.0, 6173200.0 ], [ 722400.0, 6173200.0 ], [ 722400.0, 6173300.0 ] ] ] } },
{ "type": "Feature", "properties": { "Shape_Area": 80000.0, "Shape_Leng": 1400.0, "cluster_id": "101_489", "fid_1": 489.0, "id_munic": 489.0, "munic_clus": "101_489", "munic_code": 101.0, "min": 3.3702104091644287, "max": 3.3702104091644287, "mean": 3.3702104091644287, "count": 8, "std": 0.0, "range": 0.0 }, "geometry": { "type": "Polygon", "coordinates": [ [ [ 720500.0, 6179500.0 ], [ 720500.0, 6179600.0 ], [ 720400.0, 6179600.0 ], [ 720400.0, 6179700.0 ], [ 720400.0, 6179800.0 ], [ 720500.0, 6179800.0 ], [ 720500.0, 6179900.0 ], [ 720600.0, 6179900.0 ], [ 720600.0, 6179800.0 ], [ 720700.0, 6179800.0 ], [ 720700.0, 6179700.0 ], [ 720700.0, 6179600.0 ], [ 720600.0, 6179600.0 ], [ 720600.0, 6179500.0 ], [ 720500.0, 6179500.0 ] ] ] } },
{ "type": "Feature", "properties": { "Shape_Area": 10000.0, "Shape_Leng": 400.0, "cluster_id": "101_490", "fid_1": 490.0, "id_munic": 490.0, "munic_clus": "101_490", "munic_code": 101.0, "min": 3.2947349548339844, "max": 3.2947349548339844, "mean": 3.2947349548339844, "count": 1, "std": 0.0, "range": 0.0 }, "geometry": { "type": "Polygon", "coordinates": [ [ [ 720700.0, 6179100.0 ], [ 720700.0, 6179200.0 ], [ 720800.0, 6179200.0 ], [ 720800.0, 6179100.0 ], [ 720700.0, 6179100.0 ] ] ] } },
{ "type": "Feature", "properties": { "Shape_Area": 10000.0, "Shape_Leng": 400.0, "cluster_id": "101_492", "fid_1": 492.0, "id_munic": 492.0, "munic_clus": "101_492", "munic_code": 101.0, "min": 2.7759084701538086, "max": 2.7759084701538086, "mean": 2.7759084701538086, "count": 1, "std": 0.0, "range": 0.0 }, "geometry": { "type": "Polygon", "coordinates": [ [ [ 721600.0, 6178600.0 ], [ 721600.0, 6178700.0 ], [ 721700.0, 6178700.0 ], [ 721700.0, 6178600.0 ], [ 721600.0, 6178600.0 ] ] ] } },
{ "type": "Feature", "properties": { "Shape_Area": 30000.0, "Shape_Leng": 800.0, "cluster_id": "101_493", "fid_1": 493.0, "id_munic": 493.0, "munic_clus": "101_493", "munic_code": 101.0, "min": 3.6564478874206543, "max": 3.6564478874206543, "mean": 3.656447728474935, "count": 3, "std": 1.5894571925301193e-07, "range": 0.0 }, "geometry": { "type": "Polygon", "coordinates": [ [ [ 723400.0, 6176800.0 ], [ 723400.0, 6176900.0 ], [ 723500.0, 6176900.0 ], [ 723500.0, 6176800.0 ], [ 723600.0, 6176800.0 ], [ 723600.0, 6176700.0 ], [ 723500.0, 6176700.0 ], [ 723400.0, 6176700.0 ], [ 723400.0, 6176800.0 ] ] ] } },
{ "type": "Feature", "properties": { "Shape_Area": 10000.0, "Shape_Leng": 400.0, "cluster_id": "101_494", "fid_1": 494.0, "id_munic": 494.0, "munic_clus": "101_494", "munic_code": 101.0, "min": 3.7800734043121338, "max": 3.7800734043121338, "mean": 3.7800734043121338, "count": 1, "std": 0.0, "range": 0.0 }, "geometry": { "type": "Polygon", "coordinates": [ [ [ 721300.0, 6178500.0 ], [ 721300.0, 6178600.0 ], [ 721400.0, 6178600.0 ], [ 721400.0, 6178500.0 ], [ 721300.0, 6178500.0 ] ] ] } },
{ "type": "Feature", "properties": { "Shape_Area": 50000.0, "Shape_Leng": 1200.0, "cluster_id": "101_495", "fid_1": 495.0, "id_munic": 495.0, "munic_clus": "101_495", "munic_code": 101.0, "min": 3.0931358337402344, "max": 3.0931358337402344, "mean": 3.0931358337402344, "count": 5, "std": 0.0, "range": 0.0 }, "geometry": { "type": "Polygon", "coordinates": [ [ [ 721200.0, 6178600.0 ], [ 721200.0, 6178700.0 ], [ 721200.0, 6178800.0 ], [ 721300.0, 6178800.0 ], [ 721300.0, 6178700.0 ], [ 721400.0, 6178700.0 ], [ 721400.0, 6178600.0 ], [ 721300.0, 6178600.0 ], [ 721300.0, 6178500.0 ], [ 721200.0, 6178500.0 ], [ 721100.0, 6178500.0 ], [ 721100.0, 6178600.0 ], [ 721200.0, 6178600.0 ] ] ] } },
{ "type": "Feature", "properties": { "Shape_Area": 80000.0, "Shape_Leng": 1400.0, "cluster_id": "101_496", "fid_1": 496.0, "id_munic": 496.0, "munic_clus": "101_496", "munic_code": 101.0, "min": 2.4203600883483887, "max": 2.4203600883483887, "mean": 2.4203600883483887, "count": 8, "std": 0.0, "range": 0.0 }, "geometry": { "type": "Polygon", "coordinates": [ [ [ 721400.0, 6178600.0 ], [ 721400.0, 6178700.0 ], [ 721300.0, 6178700.0 ], [ 721300.0, 6178800.0 ], [ 721200.0, 6178800.0 ], [ 721200.0, 6178900.0 ], [ 721200.0, 6179000.0 ], [ 721300.0, 6179000.0 ], [ 721400.0, 6179000.0 ], [ 721400.0, 6178900.0 ], [ 721500.0, 6178900.0 ], [ 721500.0, 6178800.0 ], [ 721500.0, 6178700.0 ], [ 721500.0, 6178600.0 ], [ 721400.0, 6178600.0 ] ] ] } },
{ "type": "Feature", "properties": { "Shape_Area": 10000.0, "Shape_Leng": 400.0, "cluster_id": "101_497", "fid_1": 497.0, "id_munic": 497.0, "munic_clus": "101_497", "munic_code": 101.0, "min": 3.703765869140625, "max": 3.703765869140625, "mean": 3.703765869140625, "count": 1, "std": 0.0, "range": 0.0 }, "geometry": { "type": "Polygon", "coordinates": [ [ [ 721500.0, 6178000.0 ], [ 721500.0, 6178100.0 ], [ 721600.0, 6178100.0 ], [ 721600.0, 6178000.0 ], [ 721500.0, 6178000.0 ] ] ] } },
{ "type": "Feature", "properties": { "Shape_Area": 10000.0, "Shape_Leng": 400.0, "cluster_id": "101_498", "fid_1": 498.0, "id_munic": 498.0, "munic_clus": "101_498", "munic_code": 101.0, "min": 2.9233589172363281, "max": 2.9233589172363281, "mean": 2.9233589172363281, "count": 1, "std": 0.0, "range": 0.0 }, "geometry": { "type": "Polygon", "coordinates": [ [ [ 721400.0, 6178100.0 ], [ 721400.0, 6178200.0 ], [ 721500.0, 6178200.0 ], [ 721500.0, 6178100.0 ], [ 721400.0, 6178100.0 ] ] ] } },
{ "type": "Feature", "properties": { "Shape_Area": 70000.0, "Shape_Leng": 1400.0, "cluster_id": "101_499", "fid_1": 499.0, "id_munic": 499.0, "munic_clus": "101_499", "munic_code": 101.0, "min": 3.4131953716278076, "max": 3.4131953716278076, "mean": 3.4131952013288225, "count": 7, "std": 1.7029898513598596e-07, "range": 0.0 }, "geometry": { "type": "Polygon", "coordinates": [ [ [ 722100.0, 6178100.0 ], [ 722100.0, 6178000.0 ], [ 722000.0, 6178000.0 ], [ 721900.0, 6178000.0 ], [ 721800.0, 6178000.0 ], [ 721800.0, 6178100.0 ], [ 721700.0, 6178100.0 ], [ 721700.0, 6178200.0 ], [ 721800.0, 6178200.0 ], [ 721800.0, 6178300.0 ], [ 721900.0, 6178300.0 ], [ 721900.0, 6178200.0 ], [ 722000.0, 6178200.0 ], [ 722000.0, 6178100.0 ], [ 722100.0, 6178100.0 ] ] ] } },
{ "type": "Feature", "properties": { "Shape_Area": 10000.0, "Shape_Leng": 400.0, "cluster_id": "101_500", "fid_1": 500.0, "id_munic": 500.0, "munic_clus": "101_500", "munic_code": 101.0, "min": 3.5496499538421631, "max": 3.5496499538421631, "mean": 3.5496499538421631, "count": 1, "std": 0.0, "range": 0.0 }, "geometry": { "type": "Polygon", "coordinates": [ [ [ 721900.0, 6178500.0 ], [ 721900.0, 6178600.0 ], [ 722000.0, 6178600.0 ], [ 722000.0, 6178500.0 ], [ 721900.0, 6178500.0 ] ] ] } },
{ "type": "Feature", "properties": { "Shape_Area": 10000.0, "Shape_Leng": 400.0, "cluster_id": "101_501", "fid_1": 501.0, "id_munic": 501.0, "munic_clus": "101_501", "munic_code": 101.0, "min": 3.9380209445953369, "max": 3.9380209445953369, "mean": 3.9380209445953369, "count": 1, "std": 0.0, "range": 0.0 }, "geometry": { "type": "Polygon", "coordinates": [ [ [ 721700.0, 6178600.0 ], [ 721700.0, 6178700.0 ], [ 721800.0, 6178700.0 ], [ 721800.0, 6178600.0 ], [ 721700.0, 6178600.0 ] ] ] } },
{ "type": "Feature", "properties": { "Shape_Area": 10000.0, "Shape_Leng": 400.0, "cluster_id": "101_502", "fid_1": 502.0, "id_munic": 502.0, "munic_clus": "101_502", "munic_code": 101.0, "min": 3.1149618625640869, "max": 3.1149618625640869, "mean": 3.1149618625640869, "count": 1, "std": 0.0, "range": 0.0 }, "geometry": { "type": "Polygon", "coordinates": [ [ [ 721500.0, 6178700.0 ], [ 721500.0, 6178800.0 ], [ 721600.0, 6178800.0 ], [ 721600.0, 6178700.0 ], [ 721500.0, 6178700.0 ] ] ] } },
{ "type": "Feature", "properties": { "Shape_Area": 10000.0, "Shape_Leng": 400.0, "cluster_id": "101_503", "fid_1": 503.0, "id_munic": 503.0, "munic_clus": "101_503", "munic_code": 101.0, "min": 3.1056315898895264, "max": 3.1056315898895264, "mean": 3.1056315898895264, "count": 1, "std": 0.0, "range": 0.0 }, "geometry": { "type": "Polygon", "coordinates": [ [ [ 723700.0, 6176700.0 ], [ 723700.0, 6176800.0 ], [ 723800.0, 6176800.0 ], [ 723800.0, 6176700.0 ], [ 723700.0, 6176700.0 ] ] ] } },
{ "type": "Feature", "properties": { "Shape_Area": 140000.0, "Shape_Leng": 2200.0, "cluster_id": "101_504", "fid_1": 504.0, "id_munic": 504.0, "munic_clus": "101_504", "munic_code": 101.0, "min": 3.1297903060913086, "max": 3.1297903060913086, "mean": 3.1297904423304965, "count": 14, "std": 1.3623918793115306e-07, "range": 0.0 }, "geometry": { "type": "Polygon", "coordinates": [ [ [ 723700.0, 6176600.0 ], [ 723700.0, 6176700.0 ], [ 723800.0, 6176700.0 ], [ 723800.0, 6176800.0 ], [ 723800.0, 6176900.0 ], [ 723900.0, 6176900.0 ], [ 723900.0, 6177000.0 ], [ 724000.0, 6177000.0 ], [ 724000.0, 6176900.0 ], [ 724100.0, 6176900.0 ], [ 724100.0, 6176800.0 ], [ 724000.0, 6176800.0 ], [ 724000.0, 6176700.0 ], [ 724000.0, 6176600.0 ], [ 723900.0, 6176600.0 ], [ 723900.0, 6176500.0 ], [ 723900.0, 6176400.0 ], [ 723800.0, 6176400.0 ], [ 723700.0, 6176400.0 ], [ 723600.0, 6176400.0 ], [ 723600.0, 6176500.0 ], [ 723700.0, 6176500.0 ], [ 723700.0, 6176600.0 ] ] ] } },
{ "type": "Feature", "properties": { "Shape_Area": 10000.0, "Shape_Leng": 400.0, "cluster_id": "101_505", "fid_1": 505.0, "id_munic": 505.0, "munic_clus": "101_505", "munic_code": 101.0, "min": 2.9143621921539307, "max": 2.9143621921539307, "mean": 2.9143621921539307, "count": 1, "std": 0.0, "range": 0.0 }, "geometry": { "type": "Polygon", "coordinates": [ [ [ 721600.0, 6178700.0 ], [ 721600.0, 6178800.0 ], [ 721700.0, 6178800.0 ], [ 721700.0, 6178700.0 ], [ 721600.0, 6178700.0 ] ] ] } },
{ "type": "Feature", "properties": { "Shape_Area": 20000.0, "Shape_Leng": 600.0, "cluster_id": "101_506", "fid_1": 506.0, "id_munic": 506.0, "munic_clus": "101_506", "munic_code": 101.0, "min": 3.1754417419433594, "max": 3.1754417419433594, "mean": 3.1754417419433594, "count": 2, "std": 0.0, "range": 0.0 }, "geometry": { "type": "Polygon", "coordinates": [ [ [ 721500.0, 6178600.0 ], [ 721500.0, 6178700.0 ], [ 721600.0, 6178700.0 ], [ 721600.0, 6178600.0 ], [ 721600.0, 6178500.0 ], [ 721500.0, 6178500.0 ], [ 721500.0, 6178600.0 ] ] ] } },
{ "type": "Feature", "properties": { "Shape_Area": 10000.0, "Shape_Leng": 400.0, "cluster_id": "101_507", "fid_1": 507.0, "id_munic": 507.0, "munic_clus": "101_507", "munic_code": 101.0, "min": 3.2022662162780762, "max": 3.2022662162780762, "mean": 3.2022662162780762, "count": 1, "std": 0.0, "range": 0.0 }, "geometry": { "type": "Polygon", "coordinates": [ [ [ 721700.0, 6178200.0 ], [ 721700.0, 6178300.0 ], [ 721800.0, 6178300.0 ], [ 721800.0, 6178200.0 ], [ 721700.0, 6178200.0 ] ] ] } },
{ "type": "Feature", "properties": { "Shape_Area": 40000.0, "Shape_Leng": 1000.0, "cluster_id": "101_508", "fid_1": 508.0, "id_munic": 508.0, "munic_clus": "101_508", "munic_code": 101.0, "min": 2.7282576560974121, "max": 2.7282576560974121, "mean": 2.7282576560974121, "count": 4, "std": 0.0, "range": 0.0 }, "geometry": { "type": "Polygon", "coordinates": [ [ [ 721400.0, 6178400.0 ], [ 721300.0, 6178400.0 ], [ 721300.0, 6178500.0 ], [ 721400.0, 6178500.0 ], [ 721500.0, 6178500.0 ], [ 721500.0, 6178400.0 ], [ 721500.0, 6178300.0 ], [ 721500.0, 6178200.0 ], [ 721400.0, 6178200.0 ], [ 721400.0, 6178300.0 ], [ 721400.0, 6178400.0 ] ] ] } },
{ "type": "Feature", "properties": { "Shape_Area": 10000.0, "Shape_Leng": 400.0, "cluster_id": "101_509", "fid_1": 509.0, "id_munic": 509.0, "munic_clus": "101_509", "munic_code": 101.0, "min": 2.4820060729980469, "max": 2.4820060729980469, "mean": 2.4820060729980469, "count": 1, "std": 0.0, "range": 0.0 }, "geometry": { "type": "Polygon", "coordinates": [ [ [ 721500.0, 6178200.0 ], [ 721500.0, 6178300.0 ], [ 721600.0, 6178300.0 ], [ 721600.0, 6178200.0 ], [ 721500.0, 6178200.0 ] ] ] } },
{ "type": "Feature", "properties": { "Shape_Area": 20000.0, "Shape_Leng": 600.0, "cluster_id": "101_510", "fid_1": 510.0, "id_munic": 510.0, "munic_clus": "101_510", "munic_code": 101.0, "min": 3.2694108486175537, "max": 3.2694108486175537, "mean": 3.2694108486175537, "count": 2, "std": 0.0, "range": 0.0 }, "geometry": { "type": "Polygon", "coordinates": [ [ [ 721500.0, 6178400.0 ], [ 721500.0, 6178500.0 ], [ 721600.0, 6178500.0 ], [ 721600.0, 6178400.0 ], [ 721600.0, 6178300.0 ], [ 721500.0, 6178300.0 ], [ 721500.0, 6178400.0 ] ] ] } },
{ "type": "Feature", "properties": { "Shape_Area": 10000.0, "Shape_Leng": 400.0, "cluster_id": "101_511", "fid_1": 511.0, "id_munic": 511.0, "munic_clus": "101_511", "munic_code": 101.0, "min": 2.9360218048095703, "max": 2.9360218048095703, "mean": 2.9360218048095703, "count": 1, "std": 0.0, "range": 0.0 }, "geometry": { "type": "Polygon", "coordinates": [ [ [ 722100.0, 6178100.0 ], [ 722100.0, 6178200.0 ], [ 722200.0, 6178200.0 ], [ 722200.0, 6178100.0 ], [ 722100.0, 6178100.0 ] ] ] } },
{ "type": "Feature", "properties": { "Shape_Area": 10000.0, "Shape_Leng": 400.0, "cluster_id": "101_512", "fid_1": 512.0, "id_munic": 512.0, "munic_clus": "101_512", "munic_code": 101.0, "min": 3.2712428569793701, "max": 3.2712428569793701, "mean": 3.2712428569793701, "count": 1, "std": 0.0, "range": 0.0 }, "geometry": { "type": "Polygon", "coordinates": [ [ [ 721400.0, 6178500.0 ], [ 721400.0, 6178600.0 ], [ 721500.0, 6178600.0 ], [ 721500.0, 6178500.0 ], [ 721400.0, 6178500.0 ] ] ] } },
{ "type": "Feature", "properties": { "Shape_Area": 10000.0, "Shape_Leng": 400.0, "cluster_id": "101_513", "fid_1": 513.0, "id_munic": 513.0, "munic_clus": "101_513", "munic_code": 101.0, "min": 3.1266248226165771, "max": 3.1266248226165771, "mean": 3.1266248226165771, "count": 1, "std": 0.0, "range": 0.0 }, "geometry": { "type": "Polygon", "coordinates": [ [ [ 721700.0, 6178000.0 ], [ 721700.0, 6178100.0 ], [ 721800.0, 6178100.0 ], [ 721800.0, 6178000.0 ], [ 721700.0, 6178000.0 ] ] ] } },
{ "type": "Feature", "properties": { "Shape_Area": 30000.0, "Shape_Leng": 800.0, "cluster_id": "101_514", "fid_1": 514.0, "id_munic": 514.0, "munic_clus": "101_514", "munic_code": 101.0, "min": 3.3017327785491943, "max": 3.3017327785491943, "mean": 3.3017326990763345, "count": 3, "std": 7.947285984855057e-08, "range": 0.0 }, "geometry": { "type": "Polygon", "coordinates": [ [ [ 725400.0, 6179100.0 ], [ 725300.0, 6179100.0 ], [ 725300.0, 6179200.0 ], [ 725400.0, 6179200.0 ], [ 725500.0, 6179200.0 ], [ 725500.0, 6179100.0 ], [ 725500.0, 6179000.0 ], [ 725400.0, 6179000.0 ], [ 725400.0, 6179100.0 ] ] ] } },
{ "type": "Feature", "properties": { "Shape_Area": 20000.0, "Shape_Leng": 600.0, "cluster_id": "101_515", "fid_1": 515.0, "id_munic": 515.0, "munic_clus": "101_515", "munic_code": 101.0, "min": 3.3385539054870605, "max": 3.3385539054870605, "mean": 3.3385539054870605, "count": 2, "std": 0.0, "range": 0.0 }, "geometry": { "type": "Polygon", "coordinates": [ [ [ 725300.0, 6179300.0 ], [ 725400.0, 6179300.0 ], [ 725500.0, 6179300.0 ], [ 725500.0, 6179200.0 ], [ 725400.0, 6179200.0 ], [ 725300.0, 6179200.0 ], [ 725300.0, 6179300.0 ] ] ] } },
{ "type": "Feature", "properties": { "Shape_Area": 20000.0, "Shape_Leng": 600.0, "cluster_id": "101_516", "fid_1": 516.0, "id_munic": 516.0, "munic_clus": "101_516", "munic_code": 101.0, "min": 3.0768077373504639, "max": 3.0768077373504639, "mean": 3.0768077373504639, "count": 2, "std": 0.0, "range": 0.0 }, "geometry": { "type": "Polygon", "coordinates": [ [ [ 725400.0, 6179400.0 ], [ 725400.0, 6179500.0 ], [ 725500.0, 6179500.0 ], [ 725500.0, 6179400.0 ], [ 725500.0, 6179300.0 ], [ 725400.0, 6179300.0 ], [ 725400.0, 6179400.0 ] ] ] } },
{ "type": "Feature", "properties": { "Shape_Area": 10000.0, "Shape_Leng": 400.0, "cluster_id": "101_517", "fid_1": 517.0, "id_munic": 517.0, "munic_clus": "101_517", "munic_code": 101.0, "min": 3.575141429901123, "max": 3.575141429901123, "mean": 3.575141429901123, "count": 1, "std": 0.0, "range": 0.0 }, "geometry": { "type": "Polygon", "coordinates": [ [ [ 725500.0, 6178700.0 ], [ 725500.0, 6178800.0 ], [ 725600.0, 6178800.0 ], [ 725600.0, 6178700.0 ], [ 725500.0, 6178700.0 ] ] ] } },
{ "type": "Feature", "properties": { "Shape_Area": 20000.0, "Shape_Leng": 600.0, "cluster_id": "101_518", "fid_1": 518.0, "id_munic": 518.0, "munic_clus": "101_518", "munic_code": 101.0, "min": 2.6984338760375977, "max": 2.6984338760375977, "mean": 2.6984338760375977, "count": 2, "std": 0.0, "range": 0.0 }, "geometry": { "type": "Polygon", "coordinates": [ [ [ 725400.0, 6178900.0 ], [ 725500.0, 6178900.0 ], [ 725600.0, 6178900.0 ], [ 725600.0, 6178800.0 ], [ 725500.0, 6178800.0 ], [ 725400.0, 6178800.0 ], [ 725400.0, 6178900.0 ] ] ] } },
{ "type": "Feature", "properties": { "Shape_Area": 20000.0, "Shape_Leng": 600.0, "cluster_id": "101_519", "fid_1": 519.0, "id_munic": 519.0, "munic_clus": "101_519", "munic_code": 101.0, "min": 3.3942022323608398, "max": 3.3942022323608398, "mean": 3.3942022323608398, "count": 2, "std": 0.0, "range": 0.0 }, "geometry": { "type": "Polygon", "coordinates": [ [ [ 725500.0, 6179100.0 ], [ 725500.0, 6179200.0 ], [ 725600.0, 6179200.0 ], [ 725600.0, 6179100.0 ], [ 725600.0, 6179000.0 ], [ 725500.0, 6179000.0 ], [ 725500.0, 6179100.0 ] ] ] } },
{ "type": "Feature", "properties": { "Shape_Area": 20000.0, "Shape_Leng": 600.0, "cluster_id": "101_520", "fid_1": 520.0, "id_munic": 520.0, "munic_clus": "101_520", "munic_code": 101.0, "min": 3.2982344627380371, "max": 3.2982344627380371, "mean": 3.2982344627380371, "count": 2, "std": 0.0, "range": 0.0 }, "geometry": { "type": "Polygon", "coordinates": [ [ [ 725600.0, 6178300.0 ], [ 725600.0, 6178400.0 ], [ 725700.0, 6178400.0 ], [ 725700.0, 6178300.0 ], [ 725700.0, 6178200.0 ], [ 725600.0, 6178200.0 ], [ 725600.0, 6178300.0 ] ] ] } },
{ "type": "Feature", "properties": { "Shape_Area": 10000.0, "Shape_Leng": 400.0, "cluster_id": "101_521", "fid_1": 521.0, "id_munic": 521.0, "munic_clus": "101_521", "munic_code": 101.0, "min": 3.0818061828613281, "max": 3.0818061828613281, "mean": 3.0818061828613281, "count": 1, "std": 0.0, "range": 0.0 }, "geometry": { "type": "Polygon", "coordinates": [ [ [ 725300.0, 6179300.0 ], [ 725300.0, 6179400.0 ], [ 725400.0, 6179400.0 ], [ 725400.0, 6179300.0 ], [ 725300.0, 6179300.0 ] ] ] } },
{ "type": "Feature", "properties": { "Shape_Area": 10000.0, "Shape_Leng": 400.0, "cluster_id": "101_522", "fid_1": 522.0, "id_munic": 522.0, "munic_clus": "101_522", "munic_code": 101.0, "min": 2.6992669105529785, "max": 2.6992669105529785, "mean": 2.6992669105529785, "count": 1, "std": 0.0, "range": 0.0 }, "geometry": { "type": "Polygon", "coordinates": [ [ [ 725500.0, 6178900.0 ], [ 725500.0, 6179000.0 ], [ 725600.0, 6179000.0 ], [ 725600.0, 6178900.0 ], [ 725500.0, 6178900.0 ] ] ] } },
{ "type": "Feature", "properties": { "Shape_Area": 10000.0, "Shape_Leng": 400.0, "cluster_id": "101_523", "fid_1": 523.0, "id_munic": 523.0, "munic_clus": "101_523", "munic_code": 101.0, "min": 3.2242588996887207, "max": 3.2242588996887207, "mean": 3.2242588996887207, "count": 1, "std": 0.0, "range": 0.0 }, "geometry": { "type": "Polygon", "coordinates": [ [ [ 725400.0, 6178900.0 ], [ 725400.0, 6179000.0 ], [ 725500.0, 6179000.0 ], [ 725500.0, 6178900.0 ], [ 725400.0, 6178900.0 ] ] ] } },
{ "type": "Feature", "properties": { "Shape_Area": 20000.0, "Shape_Leng": 600.0, "cluster_id": "101_524", "fid_1": 524.0, "id_munic": 524.0, "munic_clus": "101_524", "munic_code": 101.0, "min": 2.7362546920776367, "max": 2.7362546920776367, "mean": 2.7362546920776367, "count": 2, "std": 0.0, "range": 0.0 }, "geometry": { "type": "Polygon", "coordinates": [ [ [ 725600.0, 6178500.0 ], [ 725600.0, 6178600.0 ], [ 725700.0, 6178600.0 ], [ 725700.0, 6178500.0 ], [ 725700.0, 6178400.0 ], [ 725600.0, 6178400.0 ], [ 725600.0, 6178500.0 ] ] ] } },
{ "type": "Feature", "properties": { "Shape_Area": 10000.0, "Shape_Leng": 400.0, "cluster_id": "101_525", "fid_1": 525.0, "id_munic": 525.0, "munic_clus": "101_525", "munic_code": 101.0, "min": 2.8453848361968994, "max": 2.8453848361968994, "mean": 2.8453848361968994, "count": 1, "std": 0.0, "range": 0.0 }, "geometry": { "type": "Polygon", "coordinates": [ [ [ 724700.0, 6179800.0 ], [ 724700.0, 6179900.0 ], [ 724800.0, 6179900.0 ], [ 724800.0, 6179800.0 ], [ 724700.0, 6179800.0 ] ] ] } },
{ "type": "Feature", "properties": { "Shape_Area": 10000.0, "Shape_Leng": 400.0, "cluster_id": "101_526", "fid_1": 526.0, "id_munic": 526.0, "munic_clus": "101_526", "munic_code": 101.0, "min": 3.4261915683746338, "max": 3.4261915683746338, "mean": 3.4261915683746338, "count": 1, "std": 0.0, "range": 0.0 }, "geometry": { "type": "Polygon", "coordinates": [ [ [ 725300.0, 6179500.0 ], [ 725300.0, 6179600.0 ], [ 725400.0, 6179600.0 ], [ 725400.0, 6179500.0 ], [ 725300.0, 6179500.0 ] ] ] } },
{ "type": "Feature", "properties": { "Shape_Area": 20000.0, "Shape_Leng": 600.0, "cluster_id": "101_527", "fid_1": 527.0, "id_munic": 527.0, "munic_clus": "101_527", "munic_code": 101.0, "min": 3.4396867752075195, "max": 3.4396867752075195, "mean": 3.4396867752075195, "count": 2, "std": 0.0, "range": 0.0 }, "geometry": { "type": "Polygon", "coordinates": [ [ [ 725200.0, 6179500.0 ], [ 725300.0, 6179500.0 ], [ 725400.0, 6179500.0 ], [ 725400.0, 6179400.0 ], [ 725300.0, 6179400.0 ], [ 725200.0, 6179400.0 ], [ 725200.0, 6179500.0 ] ] ] } },
{ "type": "Feature", "properties": { "Shape_Area": 40000.0, "Shape_Leng": 1000.0, "cluster_id": "101_528", "fid_1": 528.0, "id_munic": 528.0, "munic_clus": "101_528", "munic_code": 101.0, "min": 3.0529825687408447, "max": 3.0529825687408447, "mean": 3.0529825687408447, "count": 4, "std": 0.0, "range": 0.0 }, "geometry": { "type": "Polygon", "coordinates": [ [ [ 724700.0, 6180100.0 ], [ 724700.0, 6180200.0 ], [ 724800.0, 6180200.0 ], [ 724800.0, 6180100.0 ], [ 724900.0, 6180100.0 ], [ 724900.0, 6180000.0 ], [ 724800.0, 6180000.0 ], [ 724800.0, 6179900.0 ], [ 724700.0, 6179900.0 ], [ 724700.0, 6180000.0 ], [ 724700.0, 6180100.0 ] ] ] } },
{ "type": "Feature", "properties": { "Shape_Area": 10000.0, "Shape_Leng": 400.0, "cluster_id": "101_530", "fid_1": 530.0, "id_munic": 530.0, "munic_clus": "101_530", "munic_code": 101.0, "min": 2.4171948432922363, "max": 2.4171948432922363, "mean": 2.4171948432922363, "count": 1, "std": 0.0, "range": 0.0 }, "geometry": { "type": "Polygon", "coordinates": [ [ [ 722600.0, 6177000.0 ], [ 722600.0, 6177100.0 ], [ 722700.0, 6177100.0 ], [ 722700.0, 6177000.0 ], [ 722600.0, 6177000.0 ] ] ] } },
{ "type": "Feature", "properties": { "Shape_Area": 40000.0, "Shape_Leng": 1000.0, "cluster_id": "101_531", "fid_1": 531.0, "id_munic": 531.0, "munic_clus": "101_531", "munic_code": 101.0, "min": 2.8613803386688232, "max": 2.8613803386688232, "mean": 2.8613803386688232, "count": 4, "std": 0.0, "range": 0.0 }, "geometry": { "type": "Polygon", "coordinates": [ [ [ 724900.0, 6179600.0 ], [ 724900.0, 6179500.0 ], [ 724800.0, 6179500.0 ], [ 724700.0, 6179500.0 ], [ 724700.0, 6179600.0 ], [ 724700.0, 6179700.0 ], [ 724700.0, 6179800.0 ], [ 724800.0, 6179800.0 ], [ 724800.0, 6179700.0 ], [ 724800.0, 6179600.0 ], [ 724900.0, 6179600.0 ] ] ] } },
{ "type": "Feature", "properties": { "Shape_Area": 20000.0, "Shape_Leng": 600.0, "cluster_id": "101_532", "fid_1": 532.0, "id_munic": 532.0, "munic_clus": "101_532", "munic_code": 101.0, "min": 3.7110962867736816, "max": 3.7110962867736816, "mean": 3.7110962867736816, "count": 2, "std": 0.0, "range": 0.0 }, "geometry": { "type": "Polygon", "coordinates": [ [ [ 725000.0, 6179600.0 ], [ 725000.0, 6179700.0 ], [ 725100.0, 6179700.0 ], [ 725100.0, 6179600.0 ], [ 725100.0, 6179500.0 ], [ 725000.0, 6179500.0 ], [ 725000.0, 6179600.0 ] ] ] } },
{ "type": "Feature", "properties": { "Shape_Area": 30000.0, "Shape_Leng": 800.0, "cluster_id": "101_533", "fid_1": 533.0, "id_munic": 533.0, "munic_clus": "101_533", "munic_code": 101.0, "min": 3.0659780502319336, "max": 3.0659780502319336, "mean": 3.0659780502319336, "count": 3, "std": 0.0, "range": 0.0 }, "geometry": { "type": "Polygon", "coordinates": [ [ [ 724900.0, 6179600.0 ], [ 724800.0, 6179600.0 ], [ 724800.0, 6179700.0 ], [ 724900.0, 6179700.0 ], [ 725000.0, 6179700.0 ], [ 725000.0, 6179600.0 ], [ 725000.0, 6179500.0 ], [ 724900.0, 6179500.0 ], [ 724900.0, 6179600.0 ] ] ] } },
{ "type": "Feature", "properties": { "Shape_Area": 20000.0, "Shape_Leng": 600.0, "cluster_id": "101_534", "fid_1": 534.0, "id_munic": 534.0, "munic_clus": "101_534", "munic_code": 101.0, "min": 3.7750751972198486, "max": 3.7750751972198486, "mean": 3.7750751972198486, "count": 2, "std": 0.0, "range": 0.0 }, "geometry": { "type": "Polygon", "coordinates": [ [ [ 725600.0, 6177300.0 ], [ 725600.0, 6177400.0 ], [ 725700.0, 6177400.0 ], [ 725700.0, 6177300.0 ], [ 725700.0, 6177200.0 ], [ 725600.0, 6177200.0 ], [ 725600.0, 6177300.0 ] ] ] } },
{ "type": "Feature", "properties": { "Shape_Area": 20000.0, "Shape_Leng": 600.0, "cluster_id": "101_535", "fid_1": 535.0, "id_munic": 535.0, "munic_clus": "101_535", "munic_code": 101.0, "min": 3.6797738075256348, "max": 3.6797738075256348, "mean": 3.6797738075256348, "count": 2, "std": 0.0, "range": 0.0 }, "geometry": { "type": "Polygon", "coordinates": [ [ [ 725700.0, 6177200.0 ], [ 725700.0, 6177300.0 ], [ 725800.0, 6177300.0 ], [ 725800.0, 6177200.0 ], [ 725800.0, 6177100.0 ], [ 725700.0, 6177100.0 ], [ 725700.0, 6177200.0 ] ] ] } },
{ "type": "Feature", "properties": { "Shape_Area": 40000.0, "Shape_Leng": 800.0, "cluster_id": "101_536", "fid_1": 536.0, "id_munic": 536.0, "munic_clus": "101_536", "munic_code": 101.0, "min": 3.1964347362518311, "max": 3.1964347362518311, "mean": 3.1964347362518311, "count": 4, "std": 0.0, "range": 0.0 }, "geometry": { "type": "Polygon", "coordinates": [ [ [ 720900.0, 6178000.0 ], [ 720800.0, 6178000.0 ], [ 720700.0, 6178000.0 ], [ 720700.0, 6178100.0 ], [ 720700.0, 6178200.0 ], [ 720800.0, 6178200.0 ], [ 720900.0, 6178200.0 ], [ 720900.0, 6178100.0 ], [ 720900.0, 6178000.0 ] ] ] } },
{ "type": "Feature", "properties": { "Shape_Area": 40000.0, "Shape_Leng": 800.0, "cluster_id": "101_537", "fid_1": 537.0, "id_munic": 537.0, "munic_clus": "101_537", "munic_code": 101.0, "min": 3.7467515468597412, "max": 3.7467515468597412, "mean": 3.7467515468597412, "count": 4, "std": 0.0, "range": 0.0 }, "geometry": { "type": "Polygon", "coordinates": [ [ [ 720700.0, 6177700.0 ], [ 720600.0, 6177700.0 ], [ 720500.0, 6177700.0 ], [ 720500.0, 6177800.0 ], [ 720500.0, 6177900.0 ], [ 720600.0, 6177900.0 ], [ 720700.0, 6177900.0 ], [ 720700.0, 6177800.0 ], [ 720700.0, 6177700.0 ] ] ] } },
{ "type": "Feature", "properties": { "Shape_Area": 20000.0, "Shape_Leng": 600.0, "cluster_id": "101_538", "fid_1": 538.0, "id_munic": 538.0, "munic_clus": "101_538", "munic_code": 101.0, "min": 2.9765081405639648, "max": 2.9765081405639648, "mean": 2.9765081405639648, "count": 2, "std": 0.0, "range": 0.0 }, "geometry": { "type": "Polygon", "coordinates": [ [ [ 722700.0, 6177200.0 ], [ 722700.0, 6177300.0 ], [ 722800.0, 6177300.0 ], [ 722800.0, 6177200.0 ], [ 722800.0, 6177100.0 ], [ 722700.0, 6177100.0 ], [ 722700.0, 6177200.0 ] ] ] } },
{ "type": "Feature", "properties": { "Shape_Area": 50000.0, "Shape_Leng": 1000.0, "cluster_id": "101_539", "fid_1": 539.0, "id_munic": 539.0, "munic_clus": "101_539", "munic_code": 101.0, "min": 2.8623793125152588, "max": 2.8623793125152588, "mean": 2.8623792648315431, "count": 5, "std": 4.7683715642676816e-08, "range": 0.0 }, "geometry": { "type": "Polygon", "coordinates": [ [ [ 722800.0, 6177300.0 ], [ 722800.0, 6177400.0 ], [ 722900.0, 6177400.0 ], [ 723000.0, 6177400.0 ], [ 723000.0, 6177300.0 ], [ 723000.0, 6177200.0 ], [ 722900.0, 6177200.0 ], [ 722900.0, 6177100.0 ], [ 722800.0, 6177100.0 ], [ 722800.0, 6177200.0 ], [ 722800.0, 6177300.0 ] ] ] } },
{ "type": "Feature", "properties": { "Shape_Area": 80000.0, "Shape_Leng": 1400.0, "cluster_id": "101_540", "fid_1": 540.0, "id_munic": 540.0, "munic_clus": "101_540", "munic_code": 101.0, "min": 2.4650115966796875, "max": 2.4650115966796875, "mean": 2.4650115966796875, "count": 8, "std": 0.0, "range": 0.0 }, "geometry": { "type": "Polygon", "coordinates": [ [ [ 722900.0, 6177600.0 ], [ 722900.0, 6177700.0 ], [ 723000.0, 6177700.0 ], [ 723100.0, 6177700.0 ], [ 723100.0, 6177600.0 ], [ 723200.0, 6177600.0 ], [ 723200.0, 6177500.0 ], [ 723100.0, 6177500.0 ], [ 723100.0, 6177400.0 ], [ 723000.0, 6177400.0 ], [ 722900.0, 6177400.0 ], [ 722800.0, 6177400.0 ], [ 722800.0, 6177500.0 ], [ 722900.0, 6177500.0 ], [ 722900.0, 6177600.0 ] ] ] } },
{ "type": "Feature", "properties": { "Shape_Area": 10000.0, "Shape_Leng": 400.0, "cluster_id": "101_541", "fid_1": 541.0, "id_munic": 541.0, "munic_clus": "101_541", "munic_code": 101.0, "min": 2.779740571975708, "max": 2.779740571975708, "mean": 2.779740571975708, "count": 1, "std": 0.0, "range": 0.0 }, "geometry": { "type": "Polygon", "coordinates": [ [ [ 722900.0, 6177100.0 ], [ 722900.0, 6177200.0 ], [ 723000.0, 6177200.0 ], [ 723000.0, 6177100.0 ], [ 722900.0, 6177100.0 ] ] ] } },
{ "type": "Feature", "properties": { "Shape_Area": 10000.0, "Shape_Leng": 400.0, "cluster_id": "101_542", "fid_1": 542.0, "id_munic": 542.0, "munic_clus": "101_542", "munic_code": 101.0, "min": 2.950016975402832, "max": 2.950016975402832, "mean": 2.950016975402832, "count": 1, "std": 0.0, "range": 0.0 }, "geometry": { "type": "Polygon", "coordinates": [ [ [ 721600.0, 6179500.0 ], [ 721600.0, 6179600.0 ], [ 721700.0, 6179600.0 ], [ 721700.0, 6179500.0 ], [ 721600.0, 6179500.0 ] ] ] } },
{ "type": "Feature", "properties": { "Shape_Area": 20000.0, "Shape_Leng": 600.0, "cluster_id": "101_543", "fid_1": 543.0, "id_munic": 543.0, "munic_clus": "101_543", "munic_code": 101.0, "min": 3.4166944026947021, "max": 3.4166944026947021, "mean": 3.4166944026947021, "count": 2, "std": 0.0, "range": 0.0 }, "geometry": { "type": "Polygon", "coordinates": [ [ [ 721200.0, 6179500.0 ], [ 721200.0, 6179600.0 ], [ 721300.0, 6179600.0 ], [ 721300.0, 6179500.0 ], [ 721300.0, 6179400.0 ], [ 721200.0, 6179400.0 ], [ 721200.0, 6179500.0 ] ] ] } },
{ "type": "Feature", "properties": { "Shape_Area": 20000.0, "Shape_Leng": 600.0, "cluster_id": "101_544", "fid_1": 544.0, "id_munic": 544.0, "munic_clus": "101_544", "munic_code": 101.0, "min": 3.3942019939422607, "max": 3.3942019939422607, "mean": 3.3942019939422607, "count": 2, "std": 0.0, "range": 0.0 }, "geometry": { "type": "Polygon", "coordinates": [ [ [ 720900.0, 6179300.0 ], [ 721000.0, 6179300.0 ], [ 721100.0, 6179300.0 ], [ 721100.0, 6179200.0 ], [ 721000.0, 6179200.0 ], [ 720900.0, 6179200.0 ], [ 720900.0, 6179300.0 ] ] ] } },
{ "type": "Feature", "properties": { "Shape_Area": 20000.0, "Shape_Leng": 600.0, "cluster_id": "101_545", "fid_1": 545.0, "id_munic": 545.0, "munic_clus": "101_545", "munic_code": 101.0, "min": 3.8918695449829102, "max": 3.8918695449829102, "mean": 3.8918695449829102, "count": 2, "std": 0.0, "range": 0.0 }, "geometry": { "type": "Polygon", "coordinates": [ [ [ 721500.0, 6179500.0 ], [ 721500.0, 6179600.0 ], [ 721600.0, 6179600.0 ], [ 721600.0, 6179500.0 ], [ 721600.0, 6179400.0 ], [ 721500.0, 6179400.0 ], [ 721500.0, 6179500.0 ] ] ] } },
{ "type": "Feature", "properties": { "Shape_Area": 20000.0, "Shape_Leng": 600.0, "cluster_id": "101_546", "fid_1": 546.0, "id_munic": 546.0, "munic_clus": "101_546", "munic_code": 101.0, "min": 3.5758085250854492, "max": 3.5758085250854492, "mean": 3.5758085250854492, "count": 2, "std": 0.0, "range": 0.0 }, "geometry": { "type": "Polygon", "coordinates": [ [ [ 721700.0, 6179700.0 ], [ 721800.0, 6179700.0 ], [ 721900.0, 6179700.0 ], [ 721900.0, 6179600.0 ], [ 721800.0, 6179600.0 ], [ 721700.0, 6179600.0 ], [ 721700.0, 6179700.0 ] ] ] } },
{ "type": "Feature", "properties": { "Shape_Area": 20000.0, "Shape_Leng": 600.0, "cluster_id": "101_547", "fid_1": 547.0, "id_munic": 547.0, "munic_clus": "101_547", "munic_code": 101.0, "min": 3.2909033298492432, "max": 3.2909033298492432, "mean": 3.2909033298492432, "count": 2, "std": 0.0, "range": 0.0 }, "geometry": { "type": "Polygon", "coordinates": [ [ [ 720800.0, 6179100.0 ], [ 720900.0, 6179100.0 ], [ 721000.0, 6179100.0 ], [ 721000.0, 6179000.0 ], [ 720900.0, 6179000.0 ], [ 720800.0, 6179000.0 ], [ 720800.0, 6179100.0 ] ] ] } },
{ "type": "Feature", "properties": { "Shape_Area": 10000.0, "Shape_Leng": 400.0, "cluster_id": "101_548", "fid_1": 548.0, "id_munic": 548.0, "munic_clus": "101_548", "munic_code": 101.0, "min": 3.4550151824951172, "max": 3.4550151824951172, "mean": 3.4550151824951172, "count": 1, "std": 0.0, "range": 0.0 }, "geometry": { "type": "Polygon", "coordinates": [ [ [ 720900.0, 6179100.0 ], [ 720900.0, 6179200.0 ], [ 721000.0, 6179200.0 ], [ 721000.0, 6179100.0 ], [ 720900.0, 6179100.0 ] ] ] } },
{ "type": "Feature", "properties": { "Shape_Area": 60000.0, "Shape_Leng": 1000.0, "cluster_id": "101_549", "fid_1": 549.0, "id_munic": 549.0, "munic_clus": "101_549", "munic_code": 101.0, "min": 3.6534488201141357, "max": 3.6534488201141357, "mean": 3.6534487406412759, "count": 6, "std": 7.947285984855057e-08, "range": 0.0 }, "geometry": { "type": "Polygon", "coordinates": [ [ [ 721300.0, 6179000.0 ], [ 721200.0, 6179000.0 ], [ 721100.0, 6179000.0 ], [ 721000.0, 6179000.0 ], [ 721000.0, 6179100.0 ], [ 721000.0, 6179200.0 ], [ 721100.0, 6179200.0 ], [ 721200.0, 6179200.0 ], [ 721300.0, 6179200.0 ], [ 721300.0, 6179100.0 ], [ 721300.0, 6179000.0 ] ] ] } },
{ "type": "Feature", "properties": { "Shape_Area": 20000.0, "Shape_Leng": 600.0, "cluster_id": "101_550", "fid_1": 550.0, "id_munic": 550.0, "munic_clus": "101_550", "munic_code": 101.0, "min": 3.4635119438171387, "max": 3.4635119438171387, "mean": 3.4635119438171387, "count": 2, "std": 0.0, "range": 0.0 }, "geometry": { "type": "Polygon", "coordinates": [ [ [ 723300.0, 6176800.0 ], [ 723300.0, 6176900.0 ], [ 723400.0, 6176900.0 ], [ 723400.0, 6176800.0 ], [ 723400.0, 6176700.0 ], [ 723300.0, 6176700.0 ], [ 723300.0, 6176800.0 ] ] ] } },
{ "type": "Feature", "properties": { "Shape_Area": 20000.0, "Shape_Leng": 600.0, "cluster_id": "101_551", "fid_1": 551.0, "id_munic": 551.0, "munic_clus": "101_551", "munic_code": 101.0, "min": 3.4578475952148438, "max": 3.4578475952148438, "mean": 3.4578475952148438, "count": 2, "std": 0.0, "range": 0.0 }, "geometry": { "type": "Polygon", "coordinates": [ [ [ 721400.0, 6179500.0 ], [ 721400.0, 6179600.0 ], [ 721500.0, 6179600.0 ], [ 721500.0, 6179500.0 ], [ 721500.0, 6179400.0 ], [ 721400.0, 6179400.0 ], [ 721400.0, 6179500.0 ] ] ] } },
{ "type": "Feature", "properties": { "Shape_Area": 20000.0, "Shape_Leng": 600.0, "cluster_id": "101_552", "fid_1": 552.0, "id_munic": 552.0, "munic_clus": "101_552", "munic_code": 101.0, "min": 3.7434191703796387, "max": 3.7434191703796387, "mean": 3.7434191703796387, "count": 2, "std": 0.0, "range": 0.0 }, "geometry": { "type": "Polygon", "coordinates": [ [ [ 720800.0, 6179200.0 ], [ 720800.0, 6179300.0 ], [ 720900.0, 6179300.0 ], [ 720900.0, 6179200.0 ], [ 720900.0, 6179100.0 ], [ 720800.0, 6179100.0 ], [ 720800.0, 6179200.0 ] ] ] } },
{ "type": "Feature", "properties": { "Shape_Area": 10000.0, "Shape_Leng": 400.0, "cluster_id": "101_553", "fid_1": 553.0, "id_munic": 553.0, "munic_clus": "101_553", "munic_code": 101.0, "min": 3.5586473941802979, "max": 3.5586473941802979, "mean": 3.5586473941802979, "count": 1, "std": 0.0, "range": 0.0 }, "geometry": { "type": "Polygon", "coordinates": [ [ [ 724400.0, 6180200.0 ], [ 724400.0, 6180300.0 ], [ 724500.0, 6180300.0 ], [ 724500.0, 6180200.0 ], [ 724400.0, 6180200.0 ] ] ] } },
{ "type": "Feature", "properties": { "Shape_Area": 30000.0, "Shape_Leng": 800.0, "cluster_id": "101_554", "fid_1": 554.0, "id_munic": 554.0, "munic_clus": "101_554", "munic_code": 101.0, "min": 3.1217927932739258, "max": 3.1217927932739258, "mean": 3.1217927932739258, "count": 3, "std": 0.0, "range": 0.0 }, "geometry": { "type": "Polygon", "coordinates": [ [ [ 723600.0, 6180000.0 ], [ 723600.0, 6180100.0 ], [ 723700.0, 6180100.0 ], [ 723800.0, 6180100.0 ], [ 723800.0, 6180000.0 ], [ 723700.0, 6180000.0 ], [ 723700.0, 6179900.0 ], [ 723600.0, 6179900.0 ], [ 723600.0, 6180000.0 ] ] ] } },
{ "type": "Feature", "properties": { "Shape_Area": 40000.0, "Shape_Leng": 1000.0, "cluster_id": "101_555", "fid_1": 555.0, "id_munic": 555.0, "munic_clus": "101_555", "munic_code": 101.0, "min": 4.0491504669189453, "max": 4.0491504669189453, "mean": 4.0491504669189453, "count": 4, "std": 0.0, "range": 0.0 }, "geometry": { "type": "Polygon", "coordinates": [ [ [ 724200.0, 6180200.0 ], [ 724200.0, 6180300.0 ], [ 724300.0, 6180300.0 ], [ 724400.0, 6180300.0 ], [ 724400.0, 6180200.0 ], [ 724300.0, 6180200.0 ], [ 724300.0, 6180100.0 ], [ 724200.0, 6180100.0 ], [ 724100.0, 6180100.0 ], [ 724100.0, 6180200.0 ], [ 724200.0, 6180200.0 ] ] ] } },
{ "type": "Feature", "properties": { "Shape_Area": 30000.0, "Shape_Leng": 800.0, "cluster_id": "101_556", "fid_1": 556.0, "id_munic": 556.0, "munic_clus": "101_556", "munic_code": 101.0, "min": 3.861213207244873, "max": 3.861213207244873, "mean": 3.8612130482991538, "count": 3, "std": 1.5894571925301193e-07, "range": 0.0 }, "geometry": { "type": "Polygon", "coordinates": [ [ [ 723700.0, 6180000.0 ], [ 723800.0, 6180000.0 ], [ 723800.0, 6180100.0 ], [ 723900.0, 6180100.0 ], [ 723900.0, 6180000.0 ], [ 723900.0, 6179900.0 ], [ 723800.0, 6179900.0 ], [ 723700.0, 6179900.0 ], [ 723700.0, 6180000.0 ] ] ] } },
{ "type": "Feature", "properties": { "Shape_Area": 60000.0, "Shape_Leng": 1200.0, "cluster_id": "101_557", "fid_1": 557.0, "id_munic": 557.0, "munic_clus": "101_557", "munic_code": 101.0, "min": 2.8035657405853271, "max": 2.8035657405853271, "mean": 2.8035656611124673, "count": 6, "std": 7.947285984855057e-08, "range": 0.0 }, "geometry": { "type": "Polygon", "coordinates": [ [ [ 724200.0, 6180100.0 ], [ 724200.0, 6180000.0 ], [ 724100.0, 6180000.0 ], [ 724000.0, 6180000.0 ], [ 723900.0, 6180000.0 ], [ 723900.0, 6180100.0 ], [ 723900.0, 6180200.0 ], [ 724000.0, 6180200.0 ], [ 724000.0, 6180300.0 ], [ 724100.0, 6180300.0 ], [ 724100.0, 6180200.0 ], [ 724100.0, 6180100.0 ], [ 724200.0, 6180100.0 ] ] ] } },
{ "type": "Feature", "properties": { "Shape_Area": 200000.0, "Shape_Leng": 3200.0, "cluster_id": "101_558", "fid_1": 558.0, "id_munic": 558.0, "munic_clus": "101_558", "munic_code": 101.0, "min": 4.0239930152893066, "max": 4.0239930152893066, "mean": 4.0239929199218754, "count": 20, "std": 9.5367431285353632e-08, "range": 0.0 }, "geometry": { "type": "Polygon", "coordinates": [ [ [ 723800.0, 6180100.0 ], [ 723700.0, 6180100.0 ], [ 723600.0, 6180100.0 ], [ 723500.0, 6180100.0 ], [ 723500.0, 6180200.0 ], [ 723500.0, 6180300.0 ], [ 723600.0, 6180300.0 ], [ 723700.0, 6180300.0 ], [ 723700.0, 6180400.0 ], [ 723800.0, 6180400.0 ], [ 723900.0, 6180400.0 ], [ 724000.0, 6180400.0 ], [ 724100.0, 6180400.0 ], [ 724200.0, 6180400.0 ], [ 724300.0, 6180400.0 ], [ 724400.0, 6180400.0 ], [ 724500.0, 6180400.0 ], [ 724600.0, 6180400.0 ], [ 724700.0, 6180400.0 ], [ 724700.0, 6180300.0 ], [ 724600.0, 6180300.0 ], [ 724500.0, 6180300.0 ], [ 724400.0, 6180300.0 ], [ 724300.0, 6180300.0 ], [ 724200.0, 6180300.0 ], [ 724200.0, 6180200.0 ], [ 724100.0, 6180200.0 ], [ 724100.0, 6180300.0 ], [ 724000.0, 6180300.0 ], [ 724000.0, 6180200.0 ], [ 723900.0, 6180200.0 ], [ 723900.0, 6180100.0 ], [ 723800.0, 6180100.0 ] ] ] } },
{ "type": "Feature", "properties": { "Shape_Area": 20000.0, "Shape_Leng": 600.0, "cluster_id": "101_559", "fid_1": 559.0, "id_munic": 559.0, "munic_clus": "101_559", "munic_code": 101.0, "min": 3.438521146774292, "max": 3.438521146774292, "mean": 3.438521146774292, "count": 2, "std": 0.0, "range": 0.0 }, "geometry": { "type": "Polygon", "coordinates": [ [ [ 724200.0, 6176200.0 ], [ 724300.0, 6176200.0 ], [ 724400.0, 6176200.0 ], [ 724400.0, 6176100.0 ], [ 724300.0, 6176100.0 ], [ 724200.0, 6176100.0 ], [ 724200.0, 6176200.0 ] ] ] } },
{ "type": "Feature", "properties": { "Shape_Area": 70000.0, "Shape_Leng": 1400.0, "cluster_id": "101_560", "fid_1": 560.0, "id_munic": 560.0, "munic_clus": "101_560", "munic_code": 101.0, "min": 3.1327893733978271, "max": 3.1327893733978271, "mean": 3.1327893393380299, "count": 7, "std": 3.4059797204832876e-08, "range": 0.0 }, "geometry": { "type": "Polygon", "coordinates": [ [ [ 725500.0, 6175800.0 ], [ 725400.0, 6175800.0 ], [ 725300.0, 6175800.0 ], [ 725300.0, 6175900.0 ], [ 725200.0, 6175900.0 ], [ 725200.0, 6176000.0 ], [ 725100.0, 6176000.0 ], [ 725100.0, 6176100.0 ], [ 725200.0, 6176100.0 ], [ 725300.0, 6176100.0 ], [ 725300.0, 6176000.0 ], [ 725400.0, 6176000.0 ], [ 725500.0, 6176000.0 ], [ 725500.0, 6175900.0 ], [ 725500.0, 6175800.0 ] ] ] } },
{ "type": "Feature", "properties": { "Shape_Area": 90000.0, "Shape_Leng": 1600.0, "cluster_id": "101_561", "fid_1": 561.0, "id_munic": 561.0, "munic_clus": "101_561", "munic_code": 101.0, "min": 2.855048656463623, "max": 2.855048656463623, "mean": 2.8550487094455295, "count": 9, "std": 5.2981906417670643e-08, "range": 0.0 }, "geometry": { "type": "Polygon", "coordinates": [ [ [ 725100.0, 6176000.0 ], [ 725000.0, 6176000.0 ], [ 725000.0, 6175900.0 ], [ 724900.0, 6175900.0 ], [ 724900.0, 6176000.0 ], [ 724900.0, 6176100.0 ], [ 724800.0, 6176100.0 ], [ 724800.0, 6176200.0 ], [ 724700.0, 6176200.0 ], [ 724700.0, 6176300.0 ], [ 724800.0, 6176300.0 ], [ 724900.0, 6176300.0 ], [ 725000.0, 6176300.0 ], [ 725000.0, 6176200.0 ], [ 725100.0, 6176200.0 ], [ 725100.0, 6176100.0 ], [ 725100.0, 6176000.0 ] ] ] } },
{ "type": "Feature", "properties": { "Shape_Area": 20000.0, "Shape_Leng": 600.0, "cluster_id": "101_562", "fid_1": 562.0, "id_munic": 562.0, "munic_clus": "101_562", "munic_code": 101.0, "min": 4.0041661262512207, "max": 4.0041661262512207, "mean": 4.0041661262512207, "count": 2, "std": 0.0, "range": 0.0 }, "geometry": { "type": "Polygon", "coordinates": [ [ [ 724600.0, 6176400.0 ], [ 724700.0, 6176400.0 ], [ 724800.0, 6176400.0 ], [ 724800.0, 6176300.0 ], [ 724700.0, 6176300.0 ], [ 724600.0, 6176300.0 ], [ 724600.0, 6176400.0 ] ] ] } },
{ "type": "Feature", "properties": { "Shape_Area": 10000.0, "Shape_Leng": 400.0, "cluster_id": "101_563", "fid_1": 563.0, "id_munic": 563.0, "munic_clus": "101_563", "munic_code": 101.0, "min": 3.4726760387420654, "max": 3.4726760387420654, "mean": 3.4726760387420654, "count": 1, "std": 0.0, "range": 0.0 }, "geometry": { "type": "Polygon", "coordinates": [ [ [ 724600.0, 6176400.0 ], [ 724600.0, 6176500.0 ], [ 724700.0, 6176500.0 ], [ 724700.0, 6176400.0 ], [ 724600.0, 6176400.0 ] ] ] } },
{ "type": "Feature", "properties": { "Shape_Area": 60000.0, "Shape_Leng": 1200.0, "cluster_id": "101_564", "fid_1": 564.0, "id_munic": 564.0, "munic_clus": "101_564", "munic_code": 101.0, "min": 2.8250589370727539, "max": 2.8250589370727539, "mean": 2.8250589370727539, "count": 6, "std": 0.0, "range": 0.0 }, "geometry": { "type": "Polygon", "coordinates": [ [ [ 725300.0, 6176200.0 ], [ 725300.0, 6176100.0 ], [ 725200.0, 6176100.0 ], [ 725100.0, 6176100.0 ], [ 725100.0, 6176200.0 ], [ 725000.0, 6176200.0 ], [ 725000.0, 6176300.0 ], [ 725000.0, 6176400.0 ], [ 725100.0, 6176400.0 ], [ 725200.0, 6176400.0 ], [ 725200.0, 6176300.0 ], [ 725200.0, 6176200.0 ], [ 725300.0, 6176200.0 ] ] ] } },
{ "type": "Feature", "properties": { "Shape_Area": 30000.0, "Shape_Leng": 800.0, "cluster_id": "101_565", "fid_1": 565.0, "id_munic": 565.0, "munic_clus": "101_565", "munic_code": 101.0, "min": 3.0744755268096924, "max": 3.0744755268096924, "mean": 3.0744756062825522, "count": 3, "std": 7.947285984855057e-08, "range": 0.0 }, "geometry": { "type": "Polygon", "coordinates": [ [ [ 724300.0, 6176000.0 ], [ 724200.0, 6176000.0 ], [ 724200.0, 6176100.0 ], [ 724300.0, 6176100.0 ], [ 724400.0, 6176100.0 ], [ 724400.0, 6176000.0 ], [ 724400.0, 6175900.0 ], [ 724300.0, 6175900.0 ], [ 724300.0, 6176000.0 ] ] ] } },
{ "type": "Feature", "properties": { "Shape_Area": 30000.0, "Shape_Leng": 800.0, "cluster_id": "101_566", "fid_1": 566.0, "id_munic": 566.0, "munic_clus": "101_566", "munic_code": 101.0, "min": 3.0351548194885254, "max": 3.0351548194885254, "mean": 3.0351549784342446, "count": 3, "std": 1.5894571925301193e-07, "range": 0.0 }, "geometry": { "type": "Polygon", "coordinates": [ [ [ 723800.0, 6177000.0 ], [ 723700.0, 6177000.0 ], [ 723700.0, 6177100.0 ], [ 723800.0, 6177100.0 ], [ 723900.0, 6177100.0 ], [ 723900.0, 6177000.0 ], [ 723900.0, 6176900.0 ], [ 723800.0, 6176900.0 ], [ 723800.0, 6177000.0 ] ] ] } },
{ "type": "Feature", "properties": { "Shape_Area": 40000.0, "Shape_Leng": 800.0, "cluster_id": "101_567", "fid_1": 567.0, "id_munic": 567.0, "munic_clus": "101_567", "munic_code": 101.0, "min": 4.0411539077758789, "max": 4.0411539077758789, "mean": 4.0411539077758789, "count": 4, "std": 0.0, "range": 0.0 }, "geometry": { "type": "Polygon", "coordinates": [ [ [ 722200.0, 6180100.0 ], [ 722100.0, 6180100.0 ], [ 722000.0, 6180100.0 ], [ 722000.0, 6180200.0 ], [ 722000.0, 6180300.0 ], [ 722100.0, 6180300.0 ], [ 722200.0, 6180300.0 ], [ 722200.0, 6180200.0 ], [ 722200.0, 6180100.0 ] ] ] } },
{ "type": "Feature", "properties": { "Shape_Area": 30000.0, "Shape_Leng": 800.0, "cluster_id": "101_568", "fid_1": 568.0, "id_munic": 568.0, "munic_clus": "101_568", "munic_code": 101.0, "min": 2.6684443950653076, "max": 2.6684443950653076, "mean": 2.6684443155924478, "count": 3, "std": 7.947285984855057e-08, "range": 0.0 }, "geometry": { "type": "Polygon", "coordinates": [ [ [ 724700.0, 6175900.0 ], [ 724700.0, 6176000.0 ], [ 724800.0, 6176000.0 ], [ 724900.0, 6176000.0 ], [ 724900.0, 6175900.0 ], [ 724800.0, 6175900.0 ], [ 724800.0, 6175800.0 ], [ 724700.0, 6175800.0 ], [ 724700.0, 6175900.0 ] ] ] } },
{ "type": "Feature", "properties": { "Shape_Area": 40000.0, "Shape_Leng": 1000.0, "cluster_id": "101_569", "fid_1": 569.0, "id_munic": 569.0, "munic_clus": "101_569", "munic_code": 101.0, "min": 3.8002331256866455, "max": 3.8002331256866455, "mean": 3.8002331256866455, "count": 4, "std": 0.0, "range": 0.0 }, "geometry": { "type": "Polygon", "coordinates": [ [ [ 724700.0, 6176100.0 ], [ 724700.0, 6176200.0 ], [ 724800.0, 6176200.0 ], [ 724800.0, 6176100.0 ], [ 724900.0, 6176100.0 ], [ 724900.0, 6176000.0 ], [ 724800.0, 6176000.0 ], [ 724700.0, 6176000.0 ], [ 724600.0, 6176000.0 ], [ 724600.0, 6176100.0 ], [ 724700.0, 6176100.0 ] ] ] } },
{ "type": "Feature", "properties": { "Shape_Area": 40000.0, "Shape_Leng": 800.0, "cluster_id": "101_570", "fid_1": 570.0, "id_munic": 570.0, "munic_clus": "101_570", "munic_code": 101.0, "min": 2.7262580394744873, "max": 2.7262580394744873, "mean": 2.7262580394744873, "count": 4, "std": 0.0, "range": 0.0 }, "geometry": { "type": "Polygon", "coordinates": [ [ [ 724600.0, 6176000.0 ], [ 724500.0, 6176000.0 ], [ 724400.0, 6176000.0 ], [ 724400.0, 6176100.0 ], [ 724400.0, 6176200.0 ], [ 724500.0, 6176200.0 ], [ 724600.0, 6176200.0 ], [ 724600.0, 6176100.0 ], [ 724600.0, 6176000.0 ] ] ] } },
{ "type": "Feature", "properties": { "Shape_Area": 20000.0, "Shape_Leng": 600.0, "cluster_id": "101_571", "fid_1": 571.0, "id_munic": 571.0, "munic_clus": "101_571", "munic_code": 101.0, "min": 2.9865047931671143, "max": 2.9865047931671143, "mean": 2.9865047931671143, "count": 2, "std": 0.0, "range": 0.0 }, "geometry": { "type": "Polygon", "coordinates": [ [ [ 723500.0, 6179100.0 ], [ 723500.0, 6179200.0 ], [ 723600.0, 6179200.0 ], [ 723600.0, 6179100.0 ], [ 723600.0, 6179000.0 ], [ 723500.0, 6179000.0 ], [ 723500.0, 6179100.0 ] ] ] } },
{ "type": "Feature", "properties": { "Shape_Area": 20000.0, "Shape_Leng": 600.0, "cluster_id": "101_572", "fid_1": 572.0, "id_munic": 572.0, "munic_clus": "101_572", "munic_code": 101.0, "min": 2.380040168762207, "max": 2.380040168762207, "mean": 2.380040168762207, "count": 2, "std": 0.0, "range": 0.0 }, "geometry": { "type": "Polygon", "coordinates": [ [ [ 723600.0, 6179200.0 ], [ 723700.0, 6179200.0 ], [ 723800.0, 6179200.0 ], [ 723800.0, 6179100.0 ], [ 723700.0, 6179100.0 ], [ 723600.0, 6179100.0 ], [ 723600.0, 6179200.0 ] ] ] } },
{ "type": "Feature", "properties": { "Shape_Area": 10000.0, "Shape_Leng": 400.0, "cluster_id": "101_573", "fid_1": 573.0, "id_munic": 573.0, "munic_clus": "101_573", "munic_code": 101.0, "min": 3.4603471755981445, "max": 3.4603471755981445, "mean": 3.4603471755981445, "count": 1, "std": 0.0, "range": 0.0 }, "geometry": { "type": "Polygon", "coordinates": [ [ [ 723600.0, 6179400.0 ], [ 723600.0, 6179500.0 ], [ 723700.0, 6179500.0 ], [ 723700.0, 6179400.0 ], [ 723600.0, 6179400.0 ] ] ] } },
{ "type": "Feature", "properties": { "Shape_Area": 50000.0, "Shape_Leng": 1200.0, "cluster_id": "101_574", "fid_1": 574.0, "id_munic": 574.0, "munic_clus": "101_574", "munic_code": 101.0, "min": 2.722926139831543, "max": 2.722926139831543, "mean": 2.722926139831543, "count": 5, "std": 0.0, "range": 0.0 }, "geometry": { "type": "Polygon", "coordinates": [ [ [ 723500.0, 6179000.0 ], [ 723600.0, 6179000.0 ], [ 723600.0, 6179100.0 ], [ 723700.0, 6179100.0 ], [ 723800.0, 6179100.0 ], [ 723800.0, 6179000.0 ], [ 723700.0, 6179000.0 ], [ 723700.0, 6178900.0 ], [ 723600.0, 6178900.0 ], [ 723600.0, 6178800.0 ], [ 723500.0, 6178800.0 ], [ 723500.0, 6178900.0 ], [ 723500.0, 6179000.0 ] ] ] } },
{ "type": "Feature", "properties": { "Shape_Area": 20000.0, "Shape_Leng": 600.0, "cluster_id": "101_575", "fid_1": 575.0, "id_munic": 575.0, "munic_clus": "101_575", "munic_code": 101.0, "min": 2.5069983005523682, "max": 2.5069983005523682, "mean": 2.5069983005523682, "count": 2, "std": 0.0, "range": 0.0 }, "geometry": { "type": "Polygon", "coordinates": [ [ [ 724700.0, 6178500.0 ], [ 724700.0, 6178600.0 ], [ 724800.0, 6178600.0 ], [ 724800.0, 6178500.0 ], [ 724800.0, 6178400.0 ], [ 724700.0, 6178400.0 ], [ 724700.0, 6178500.0 ] ] ] } },
{ "type": "Feature", "properties": { "Shape_Area": 30000.0, "Shape_Leng": 800.0, "cluster_id": "101_576", "fid_1": 576.0, "id_munic": 576.0, "munic_clus": "101_576", "munic_code": 101.0, "min": 2.6861050128936768, "max": 2.6861050128936768, "mean": 2.6861050923665366, "count": 3, "std": 7.947285984855057e-08, "range": 0.0 }, "geometry": { "type": "Polygon", "coordinates": [ [ [ 723300.0, 6177200.0 ], [ 723300.0, 6177300.0 ], [ 723400.0, 6177300.0 ], [ 723500.0, 6177300.0 ], [ 723500.0, 6177200.0 ], [ 723400.0, 6177200.0 ], [ 723400.0, 6177100.0 ], [ 723300.0, 6177100.0 ], [ 723300.0, 6177200.0 ] ] ] } },
{ "type": "Feature", "properties": { "Shape_Area": 10000.0, "Shape_Leng": 400.0, "cluster_id": "101_577", "fid_1": 577.0, "id_munic": 577.0, "munic_clus": "101_577", "munic_code": 101.0, "min": 3.5404870510101318, "max": 3.5404870510101318, "mean": 3.5404870510101318, "count": 1, "std": 0.0, "range": 0.0 }, "geometry": { "type": "Polygon", "coordinates": [ [ [ 724700.0, 6179200.0 ], [ 724700.0, 6179300.0 ], [ 724800.0, 6179300.0 ], [ 724800.0, 6179200.0 ], [ 724700.0, 6179200.0 ] ] ] } },
{ "type": "Feature", "properties": { "Shape_Area": 10000.0, "Shape_Leng": 400.0, "cluster_id": "101_578", "fid_1": 578.0, "id_munic": 578.0, "munic_clus": "101_578", "munic_code": 101.0, "min": 4.2067656517028809, "max": 4.2067656517028809, "mean": 4.2067656517028809, "count": 1, "std": 0.0, "range": 0.0 }, "geometry": { "type": "Polygon", "coordinates": [ [ [ 724600.0, 6179300.0 ], [ 724600.0, 6179400.0 ], [ 724700.0, 6179400.0 ], [ 724700.0, 6179300.0 ], [ 724600.0, 6179300.0 ] ] ] } },
{ "type": "Feature", "properties": { "Shape_Area": 180000.0, "Shape_Leng": 2000.0, "cluster_id": "101_579", "fid_1": 579.0, "id_munic": 579.0, "munic_clus": "101_579", "munic_code": 101.0, "min": 3.7905702590942383, "max": 3.7905702590942383, "mean": 3.7905701531304254, "count": 18, "std": 1.0596381283534129e-07, "range": 0.0 }, "geometry": { "type": "Polygon", "coordinates": [ [ [ 724500.0, 6178600.0 ], [ 724400.0, 6178600.0 ], [ 724400.0, 6178700.0 ], [ 724300.0, 6178700.0 ], [ 724300.0, 6178800.0 ], [ 724400.0, 6178800.0 ], [ 724400.0, 6178900.0 ], [ 724500.0, 6178900.0 ], [ 724500.0, 6179000.0 ], [ 724600.0, 6179000.0 ], [ 724700.0, 6179000.0 ], [ 724800.0, 6179000.0 ], [ 724800.0, 6178900.0 ], [ 724800.0, 6178800.0 ], [ 724800.0, 6178700.0 ], [ 724800.0, 6178600.0 ], [ 724700.0, 6178600.0 ], [ 724700.0, 6178500.0 ], [ 724600.0, 6178500.0 ], [ 724500.0, 6178500.0 ], [ 724500.0, 6178600.0 ] ] ] } },
{ "type": "Feature", "properties": { "Shape_Area": 10000.0, "Shape_Leng": 400.0, "cluster_id": "101_580", "fid_1": 580.0, "id_munic": 580.0, "munic_clus": "101_580", "munic_code": 101.0, "min": 2.9511833190917969, "max": 2.9511833190917969, "mean": 2.9511833190917969, "count": 1, "std": 0.0, "range": 0.0 }, "geometry": { "type": "Polygon", "coordinates": [ [ [ 724700.0, 6179300.0 ], [ 724700.0, 6179400.0 ], [ 724800.0, 6179400.0 ], [ 724800.0, 6179300.0 ], [ 724700.0, 6179300.0 ] ] ] } },
{ "type": "Feature", "properties": { "Shape_Area": 10000.0, "Shape_Leng": 400.0, "cluster_id": "101_581", "fid_1": 581.0, "id_munic": 581.0, "munic_clus": "101_581", "munic_code": 101.0, "min": 2.9238593578338623, "max": 2.9238593578338623, "mean": 2.9238593578338623, "count": 1, "std": 0.0, "range": 0.0 }, "geometry": { "type": "Polygon", "coordinates": [ [ [ 724600.0, 6179400.0 ], [ 724600.0, 6179500.0 ], [ 724700.0, 6179500.0 ], [ 724700.0, 6179400.0 ], [ 724600.0, 6179400.0 ] ] ] } },
{ "type": "Feature", "properties": { "Shape_Area": 10000.0, "Shape_Leng": 400.0, "cluster_id": "101_582", "fid_1": 582.0, "id_munic": 582.0, "munic_clus": "101_582", "munic_code": 101.0, "min": 3.5829727649688721, "max": 3.5829727649688721, "mean": 3.5829727649688721, "count": 1, "std": 0.0, "range": 0.0 }, "geometry": { "type": "Polygon", "coordinates": [ [ [ 724500.0, 6179300.0 ], [ 724500.0, 6179400.0 ], [ 724600.0, 6179400.0 ], [ 724600.0, 6179300.0 ], [ 724500.0, 6179300.0 ] ] ] } },
{ "type": "Feature", "properties": { "Shape_Area": 30000.0, "Shape_Leng": 800.0, "cluster_id": "101_583", "fid_1": 583.0, "id_munic": 583.0, "munic_clus": "101_583", "munic_code": 101.0, "min": 3.2979006767272949, "max": 3.2979006767272949, "mean": 3.2979005177815757, "count": 3, "std": 1.5894571925301193e-07, "range": 0.0 }, "geometry": { "type": "Polygon", "coordinates": [ [ [ 724400.0, 6179300.0 ], [ 724300.0, 6179300.0 ], [ 724300.0, 6179400.0 ], [ 724400.0, 6179400.0 ], [ 724500.0, 6179400.0 ], [ 724500.0, 6179300.0 ], [ 724500.0, 6179200.0 ], [ 724400.0, 6179200.0 ], [ 724400.0, 6179300.0 ] ] ] } },
{ "type": "Feature", "properties": { "Shape_Area": 40000.0, "Shape_Leng": 800.0, "cluster_id": "101_584", "fid_1": 584.0, "id_munic": 584.0, "munic_clus": "101_584", "munic_code": 101.0, "min": 3.1372878551483154, "max": 3.1372878551483154, "mean": 3.1372878551483154, "count": 4, "std": 0.0, "range": 0.0 }, "geometry": { "type": "Polygon", "coordinates": [ [ [ 724800.0, 6179000.0 ], [ 724700.0, 6179000.0 ], [ 724600.0, 6179000.0 ], [ 724600.0, 6179100.0 ], [ 724600.0, 6179200.0 ], [ 724700.0, 6179200.0 ], [ 724800.0, 6179200.0 ], [ 724800.0, 6179100.0 ], [ 724800.0, 6179000.0 ] ] ] } },
{ "type": "Feature", "properties": { "Shape_Area": 30000.0, "Shape_Leng": 800.0, "cluster_id": "101_585", "fid_1": 585.0, "id_munic": 585.0, "munic_clus": "101_585", "munic_code": 101.0, "min": 3.5298235416412354, "max": 3.5298235416412354, "mean": 3.5298236211140952, "count": 3, "std": 7.947285984855057e-08, "range": 0.0 }, "geometry": { "type": "Polygon", "coordinates": [ [ [ 724500.0, 6179200.0 ], [ 724500.0, 6179300.0 ], [ 724600.0, 6179300.0 ], [ 724700.0, 6179300.0 ], [ 724700.0, 6179200.0 ], [ 724600.0, 6179200.0 ], [ 724600.0, 6179100.0 ], [ 724500.0, 6179100.0 ], [ 724500.0, 6179200.0 ] ] ] } },
{ "type": "Feature", "properties": { "Shape_Area": 20000.0, "Shape_Leng": 600.0, "cluster_id": "101_586", "fid_1": 586.0, "id_munic": 586.0, "munic_clus": "101_586", "munic_code": 101.0, "min": 3.3093969821929932, "max": 3.3093969821929932, "mean": 3.3093969821929932, "count": 2, "std": 0.0, "range": 0.0 }, "geometry": { "type": "Polygon", "coordinates": [ [ [ 723500.0, 6179500.0 ], [ 723500.0, 6179600.0 ], [ 723600.0, 6179600.0 ], [ 723600.0, 6179500.0 ], [ 723600.0, 6179400.0 ], [ 723500.0, 6179400.0 ], [ 723500.0, 6179500.0 ] ] ] } },
{ "type": "Feature", "properties": { "Shape_Area": 10000.0, "Shape_Leng": 400.0, "cluster_id": "101_587", "fid_1": 587.0, "id_munic": 587.0, "munic_clus": "101_587", "munic_code": 101.0, "min": 2.5248253345489502, "max": 2.5248253345489502, "mean": 2.5248253345489502, "count": 1, "std": 0.0, "range": 0.0 }, "geometry": { "type": "Polygon", "coordinates": [ [ [ 723400.0, 6179500.0 ], [ 723400.0, 6179600.0 ], [ 723500.0, 6179600.0 ], [ 723500.0, 6179500.0 ], [ 723400.0, 6179500.0 ] ] ] } },
{ "type": "Feature", "properties": { "Shape_Area": 10000.0, "Shape_Leng": 400.0, "cluster_id": "101_588", "fid_1": 588.0, "id_munic": 588.0, "munic_clus": "101_588", "munic_code": 101.0, "min": 2.968510627746582, "max": 2.968510627746582, "mean": 2.968510627746582, "count": 1, "std": 0.0, "range": 0.0 }, "geometry": { "type": "Polygon", "coordinates": [ [ [ 723600.0, 6179600.0 ], [ 723600.0, 6179700.0 ], [ 723700.0, 6179700.0 ], [ 723700.0, 6179600.0 ], [ 723600.0, 6179600.0 ] ] ] } },
{ "type": "Feature", "properties": { "Shape_Area": 10000.0, "Shape_Leng": 400.0, "cluster_id": "101_589", "fid_1": 589.0, "id_munic": 589.0, "munic_clus": "101_589", "munic_code": 101.0, "min": 2.9098637104034424, "max": 2.9098637104034424, "mean": 2.9098637104034424, "count": 1, "std": 0.0, "range": 0.0 }, "geometry": { "type": "Polygon", "coordinates": [ [ [ 723600.0, 6179500.0 ], [ 723600.0, 6179600.0 ], [ 723700.0, 6179600.0 ], [ 723700.0, 6179500.0 ], [ 723600.0, 6179500.0 ] ] ] } },
{ "type": "Feature", "properties": { "Shape_Area": 30000.0, "Shape_Leng": 800.0, "cluster_id": "101_590", "fid_1": 590.0, "id_munic": 590.0, "munic_clus": "101_590", "munic_code": 101.0, "min": 2.7579135894775391, "max": 2.7579135894775391, "mean": 2.7579135894775391, "count": 3, "std": 0.0, "range": 0.0 }, "geometry": { "type": "Polygon", "coordinates": [ [ [ 723400.0, 6179800.0 ], [ 723500.0, 6179800.0 ], [ 723500.0, 6179900.0 ], [ 723600.0, 6179900.0 ], [ 723600.0, 6179800.0 ], [ 723600.0, 6179700.0 ], [ 723500.0, 6179700.0 ], [ 723400.0, 6179700.0 ], [ 723400.0, 6179800.0 ] ] ] } },
{ "type": "Feature", "properties": { "Shape_Area": 10000.0, "Shape_Leng": 400.0, "cluster_id": "101_591", "fid_1": 591.0, "id_munic": 591.0, "munic_clus": "101_591", "munic_code": 101.0, "min": 2.837054967880249, "max": 2.837054967880249, "mean": 2.837054967880249, "count": 1, "std": 0.0, "range": 0.0 }, "geometry": { "type": "Polygon", "coordinates": [ [ [ 723500.0, 6179600.0 ], [ 723500.0, 6179700.0 ], [ 723600.0, 6179700.0 ], [ 723600.0, 6179600.0 ], [ 723500.0, 6179600.0 ] ] ] } },
{ "type": "Feature", "properties": { "Shape_Area": 10000.0, "Shape_Leng": 400.0, "cluster_id": "101_592", "fid_1": 592.0, "id_munic": 592.0, "munic_clus": "101_592", "munic_code": 101.0, "min": 3.0836386680603027, "max": 3.0836386680603027, "mean": 3.0836386680603027, "count": 1, "std": 0.0, "range": 0.0 }, "geometry": { "type": "Polygon", "coordinates": [ [ [ 723300.0, 6179500.0 ], [ 723300.0, 6179600.0 ], [ 723400.0, 6179600.0 ], [ 723400.0, 6179500.0 ], [ 723300.0, 6179500.0 ] ] ] } },
{ "type": "Feature", "properties": { "Shape_Area": 10000.0, "Shape_Leng": 400.0, "cluster_id": "101_593", "fid_1": 593.0, "id_munic": 593.0, "munic_clus": "101_593", "munic_code": 101.0, "min": 2.6772739887237549, "max": 2.6772739887237549, "mean": 2.6772739887237549, "count": 1, "std": 0.0, "range": 0.0 }, "geometry": { "type": "Polygon", "coordinates": [ [ [ 723400.0, 6179600.0 ], [ 723400.0, 6179700.0 ], [ 723500.0, 6179700.0 ], [ 723500.0, 6179600.0 ], [ 723400.0, 6179600.0 ] ] ] } },
{ "type": "Feature", "properties": { "Shape_Area": 10000.0, "Shape_Leng": 400.0, "cluster_id": "101_594", "fid_1": 594.0, "id_munic": 594.0, "munic_clus": "101_594", "munic_code": 101.0, "min": 3.4956679344177246, "max": 3.4956679344177246, "mean": 3.4956679344177246, "count": 1, "std": 0.0, "range": 0.0 }, "geometry": { "type": "Polygon", "coordinates": [ [ [ 723300.0, 6179600.0 ], [ 723300.0, 6179700.0 ], [ 723400.0, 6179700.0 ], [ 723400.0, 6179600.0 ], [ 723300.0, 6179600.0 ] ] ] } },
{ "type": "Feature", "properties": { "Shape_Area": 10000.0, "Shape_Leng": 400.0, "cluster_id": "101_595", "fid_1": 595.0, "id_munic": 595.0, "munic_clus": "101_595", "munic_code": 101.0, "min": 3.3122298717498779, "max": 3.3122298717498779, "mean": 3.3122298717498779, "count": 1, "std": 0.0, "range": 0.0 }, "geometry": { "type": "Polygon", "coordinates": [ [ [ 724800.0, 6179300.0 ], [ 724800.0, 6179400.0 ], [ 724900.0, 6179400.0 ], [ 724900.0, 6179300.0 ], [ 724800.0, 6179300.0 ] ] ] } },
{ "type": "Feature", "properties": { "Shape_Area": 10000.0, "Shape_Leng": 400.0, "cluster_id": "101_596", "fid_1": 596.0, "id_munic": 596.0, "munic_clus": "101_596", "munic_code": 101.0, "min": 2.9041984081268311, "max": 2.9041984081268311, "mean": 2.9041984081268311, "count": 1, "std": 0.0, "range": 0.0 }, "geometry": { "type": "Polygon", "coordinates": [ [ [ 724800.0, 6179200.0 ], [ 724800.0, 6179300.0 ], [ 724900.0, 6179300.0 ], [ 724900.0, 6179200.0 ], [ 724800.0, 6179200.0 ] ] ] } },
{ "type": "Feature", "properties": { "Shape_Area": 20000.0, "Shape_Leng": 600.0, "cluster_id": "101_597", "fid_1": 597.0, "id_munic": 597.0, "munic_clus": "101_597", "munic_code": 101.0, "min": 3.6772747039794922, "max": 3.6772747039794922, "mean": 3.6772747039794922, "count": 2, "std": 0.0, "range": 0.0 }, "geometry": { "type": "Polygon", "coordinates": [ [ [ 724700.0, 6179500.0 ], [ 724800.0, 6179500.0 ], [ 724900.0, 6179500.0 ], [ 724900.0, 6179400.0 ], [ 724800.0, 6179400.0 ], [ 724700.0, 6179400.0 ], [ 724700.0, 6179500.0 ] ] ] } },
{ "type": "Feature", "properties": { "Shape_Area": 10000.0, "Shape_Leng": 400.0, "cluster_id": "101_598", "fid_1": 598.0, "id_munic": 598.0, "munic_clus": "101_598", "munic_code": 101.0, "min": 3.4501831531524658, "max": 3.4501831531524658, "mean": 3.4501831531524658, "count": 1, "std": 0.0, "range": 0.0 }, "geometry": { "type": "Polygon", "coordinates": [ [ [ 724500.0, 6180200.0 ], [ 724500.0, 6180300.0 ], [ 724600.0, 6180300.0 ], [ 724600.0, 6180200.0 ], [ 724500.0, 6180200.0 ] ] ] } },
{ "type": "Feature", "properties": { "Shape_Area": 10000.0, "Shape_Leng": 400.0, "cluster_id": "101_599", "fid_1": 599.0, "id_munic": 599.0, "munic_clus": "101_599", "munic_code": 101.0, "min": 2.9913361072540283, "max": 2.9913361072540283, "mean": 2.9913361072540283, "count": 1, "std": 0.0, "range": 0.0 }, "geometry": { "type": "Polygon", "coordinates": [ [ [ 724200.0, 6180000.0 ], [ 724200.0, 6180100.0 ], [ 724300.0, 6180100.0 ], [ 724300.0, 6180000.0 ], [ 724200.0, 6180000.0 ] ] ] } },
{ "type": "Feature", "properties": { "Shape_Area": 20000.0, "Shape_Leng": 600.0, "cluster_id": "101_600", "fid_1": 600.0, "id_munic": 600.0, "munic_clus": "101_600", "munic_code": 101.0, "min": 3.4386873245239258, "max": 3.4386873245239258, "mean": 3.4386873245239258, "count": 2, "std": 0.0, "range": 0.0 }, "geometry": { "type": "Polygon", "coordinates": [ [ [ 724600.0, 6180200.0 ], [ 724600.0, 6180300.0 ], [ 724700.0, 6180300.0 ], [ 724700.0, 6180200.0 ], [ 724700.0, 6180100.0 ], [ 724600.0, 6180100.0 ], [ 724600.0, 6180200.0 ] ] ] } },
{ "type": "Feature", "properties": { "Shape_Area": 10000.0, "Shape_Leng": 400.0, "cluster_id": "101_601", "fid_1": 601.0, "id_munic": 601.0, "munic_clus": "101_601", "munic_code": 101.0, "min": 2.6092970371246338, "max": 2.6092970371246338, "mean": 2.6092970371246338, "count": 1, "std": 0.0, "range": 0.0 }, "geometry": { "type": "Polygon", "coordinates": [ [ [ 723300.0, 6177000.0 ], [ 723300.0, 6177100.0 ], [ 723400.0, 6177100.0 ], [ 723400.0, 6177000.0 ], [ 723300.0, 6177000.0 ] ] ] } },
{ "type": "Feature", "properties": { "Shape_Area": 10000.0, "Shape_Leng": 400.0, "cluster_id": "101_602", "fid_1": 602.0, "id_munic": 602.0, "munic_clus": "101_602", "munic_code": 101.0, "min": 2.8152284622192383, "max": 2.8152284622192383, "mean": 2.8152284622192383, "count": 1, "std": 0.0, "range": 0.0 }, "geometry": { "type": "Polygon", "coordinates": [ [ [ 724500.0, 6180100.0 ], [ 724500.0, 6180200.0 ], [ 724600.0, 6180200.0 ], [ 724600.0, 6180100.0 ], [ 724500.0, 6180100.0 ] ] ] } },
{ "type": "Feature", "properties": { "Shape_Area": 30000.0, "Shape_Leng": 800.0, "cluster_id": "101_603", "fid_1": 603.0, "id_munic": 603.0, "munic_clus": "101_603", "munic_code": 101.0, "min": 3.6039655208587646, "max": 3.6039655208587646, "mean": 3.6039654413859048, "count": 3, "std": 7.947285984855057e-08, "range": 0.0 }, "geometry": { "type": "Polygon", "coordinates": [ [ [ 724300.0, 6180100.0 ], [ 724300.0, 6180200.0 ], [ 724400.0, 6180200.0 ], [ 724500.0, 6180200.0 ], [ 724500.0, 6180100.0 ], [ 724400.0, 6180100.0 ], [ 724400.0, 6180000.0 ], [ 724300.0, 6180000.0 ], [ 724300.0, 6180100.0 ] ] ] } },
{ "type": "Feature", "properties": { "Shape_Area": 10000.0, "Shape_Leng": 400.0, "cluster_id": "101_604", "fid_1": 604.0, "id_munic": 604.0, "munic_clus": "101_604", "munic_code": 101.0, "min": 2.3570473194122314, "max": 2.3570473194122314, "mean": 2.3570473194122314, "count": 1, "std": 0.0, "range": 0.0 }, "geometry": { "type": "Polygon", "coordinates": [ [ [ 725600.0, 6176100.0 ], [ 725600.0, 6176200.0 ], [ 725700.0, 6176200.0 ], [ 725700.0, 6176100.0 ], [ 725600.0, 6176100.0 ] ] ] } },
{ "type": "Feature", "properties": { "Shape_Area": 20000.0, "Shape_Leng": 600.0, "cluster_id": "101_605", "fid_1": 605.0, "id_munic": 605.0, "munic_clus": "101_605", "munic_code": 101.0, "min": 3.9035325050354004, "max": 3.9035325050354004, "mean": 3.9035325050354004, "count": 2, "std": 0.0, "range": 0.0 }, "geometry": { "type": "Polygon", "coordinates": [ [ [ 725600.0, 6176300.0 ], [ 725700.0, 6176300.0 ], [ 725800.0, 6176300.0 ], [ 725800.0, 6176200.0 ], [ 725700.0, 6176200.0 ], [ 725600.0, 6176200.0 ], [ 725600.0, 6176300.0 ] ] ] } },
{ "type": "Feature", "properties": { "Shape_Area": 20000.0, "Shape_Leng": 600.0, "cluster_id": "101_606", "fid_1": 606.0, "id_munic": 606.0, "munic_clus": "101_606", "munic_code": 101.0, "min": 3.1511166095733643, "max": 3.1511166095733643, "mean": 3.1511166095733643, "count": 2, "std": 0.0, "range": 0.0 }, "geometry": { "type": "Polygon", "coordinates": [ [ [ 725600.0, 6176100.0 ], [ 725700.0, 6176100.0 ], [ 725800.0, 6176100.0 ], [ 725800.0, 6176000.0 ], [ 725700.0, 6176000.0 ], [ 725600.0, 6176000.0 ], [ 725600.0, 6176100.0 ] ] ] } },
{ "type": "Feature", "properties": { "Shape_Area": 10000.0, "Shape_Leng": 400.0, "cluster_id": "101_607", "fid_1": 607.0, "id_munic": 607.0, "munic_clus": "101_607", "munic_code": 101.0, "min": 3.3122293949127197, "max": 3.3122293949127197, "mean": 3.3122293949127197, "count": 1, "std": 0.0, "range": 0.0 }, "geometry": { "type": "Polygon", "coordinates": [ [ [ 725700.0, 6176100.0 ], [ 725700.0, 6176200.0 ], [ 725800.0, 6176200.0 ], [ 725800.0, 6176100.0 ], [ 725700.0, 6176100.0 ] ] ] } },
{ "type": "Feature", "properties": { "Shape_Area": 10000.0, "Shape_Leng": 400.0, "cluster_id": "101_608", "fid_1": 608.0, "id_munic": 608.0, "munic_clus": "101_608", "munic_code": 101.0, "min": 2.9413530826568604, "max": 2.9413530826568604, "mean": 2.9413530826568604, "count": 1, "std": 0.0, "range": 0.0 }, "geometry": { "type": "Polygon", "coordinates": [ [ [ 722400.0, 6178200.0 ], [ 722400.0, 6178300.0 ], [ 722500.0, 6178300.0 ], [ 722500.0, 6178200.0 ], [ 722400.0, 6178200.0 ] ] ] } },
{ "type": "Feature", "properties": { "Shape_Area": 20000.0, "Shape_Leng": 600.0, "cluster_id": "101_609", "fid_1": 609.0, "id_munic": 609.0, "munic_clus": "101_609", "munic_code": 101.0, "min": 3.1632792949676514, "max": 3.1632792949676514, "mean": 3.1632792949676514, "count": 2, "std": 0.0, "range": 0.0 }, "geometry": { "type": "Polygon", "coordinates": [ [ [ 722300.0, 6178400.0 ], [ 722400.0, 6178400.0 ], [ 722500.0, 6178400.0 ], [ 722500.0, 6178300.0 ], [ 722400.0, 6178300.0 ], [ 722300.0, 6178300.0 ], [ 722300.0, 6178400.0 ] ] ] } },
{ "type": "Feature", "properties": { "Shape_Area": 30000.0, "Shape_Leng": 800.0, "cluster_id": "101_610", "fid_1": 610.0, "id_munic": 610.0, "munic_clus": "101_610", "munic_code": 101.0, "min": 2.9301900863647461, "max": 2.9301900863647461, "mean": 2.9301900863647461, "count": 3, "std": 0.0, "range": 0.0 }, "geometry": { "type": "Polygon", "coordinates": [ [ [ 722300.0, 6178100.0 ], [ 722300.0, 6178200.0 ], [ 722400.0, 6178200.0 ], [ 722500.0, 6178200.0 ], [ 722500.0, 6178100.0 ], [ 722400.0, 6178100.0 ], [ 722400.0, 6178000.0 ], [ 722300.0, 6178000.0 ], [ 722300.0, 6178100.0 ] ] ] } },
{ "type": "Feature", "properties": { "Shape_Area": 10000.0, "Shape_Leng": 400.0, "cluster_id": "101_611", "fid_1": 611.0, "id_munic": 611.0, "munic_clus": "101_611", "munic_code": 101.0, "min": 2.9901702404022217, "max": 2.9901702404022217, "mean": 2.9901702404022217, "count": 1, "std": 0.0, "range": 0.0 }, "geometry": { "type": "Polygon", "coordinates": [ [ [ 724600.0, 6177300.0 ], [ 724600.0, 6177400.0 ], [ 724700.0, 6177400.0 ], [ 724700.0, 6177300.0 ], [ 724600.0, 6177300.0 ] ] ] } },
{ "type": "Feature", "properties": { "Shape_Area": 30000.0, "Shape_Leng": 800.0, "cluster_id": "101_612", "fid_1": 612.0, "id_munic": 612.0, "munic_clus": "101_612", "munic_code": 101.0, "min": 3.5631458759307861, "max": 3.5631458759307861, "mean": 3.563145955403646, "count": 3, "std": 7.947285984855057e-08, "range": 0.0 }, "geometry": { "type": "Polygon", "coordinates": [ [ [ 722800.0, 6178300.0 ], [ 722800.0, 6178400.0 ], [ 722900.0, 6178400.0 ], [ 722900.0, 6178300.0 ], [ 723000.0, 6178300.0 ], [ 723000.0, 6178200.0 ], [ 722900.0, 6178200.0 ], [ 722800.0, 6178200.0 ], [ 722800.0, 6178300.0 ] ] ] } },
{ "type": "Feature", "properties": { "Shape_Area": 10000.0, "Shape_Leng": 400.0, "cluster_id": "101_613", "fid_1": 613.0, "id_munic": 613.0, "munic_clus": "101_613", "munic_code": 101.0, "min": 3.291236400604248, "max": 3.291236400604248, "mean": 3.291236400604248, "count": 1, "std": 0.0, "range": 0.0 }, "geometry": { "type": "Polygon", "coordinates": [ [ [ 722800.0, 6177900.0 ], [ 722800.0, 6178000.0 ], [ 722900.0, 6178000.0 ], [ 722900.0, 6177900.0 ], [ 722800.0, 6177900.0 ] ] ] } },
{ "type": "Feature", "properties": { "Shape_Area": 10000.0, "Shape_Leng": 400.0, "cluster_id": "101_614", "fid_1": 614.0, "id_munic": 614.0, "munic_clus": "101_614", "munic_code": 101.0, "min": 2.7504169940948486, "max": 2.7504169940948486, "mean": 2.7504169940948486, "count": 1, "std": 0.0, "range": 0.0 }, "geometry": { "type": "Polygon", "coordinates": [ [ [ 722900.0, 6178000.0 ], [ 722900.0, 6178100.0 ], [ 723000.0, 6178100.0 ], [ 723000.0, 6178000.0 ], [ 722900.0, 6178000.0 ] ] ] } },
{ "type": "Feature", "properties": { "Shape_Area": 30000.0, "Shape_Leng": 800.0, "cluster_id": "101_615", "fid_1": 615.0, "id_munic": 615.0, "munic_clus": "101_615", "munic_code": 101.0, "min": 3.1859381198883057, "max": 3.1859381198883057, "mean": 3.1859381993611655, "count": 3, "std": 7.947285984855057e-08, "range": 0.0 }, "geometry": { "type": "Polygon", "coordinates": [ [ [ 722700.0, 6178100.0 ], [ 722700.0, 6178200.0 ], [ 722800.0, 6178200.0 ], [ 722900.0, 6178200.0 ], [ 722900.0, 6178100.0 ], [ 722800.0, 6178100.0 ], [ 722800.0, 6178000.0 ], [ 722700.0, 6178000.0 ], [ 722700.0, 6178100.0 ] ] ] } },
{ "type": "Feature", "properties": { "Shape_Area": 30000.0, "Shape_Leng": 800.0, "cluster_id": "101_616", "fid_1": 616.0, "id_munic": 616.0, "munic_clus": "101_616", "munic_code": 101.0, "min": 3.1554484367370605, "max": 3.1554484367370605, "mean": 3.1554482777913413, "count": 3, "std": 1.5894571925301193e-07, "range": 0.0 }, "geometry": { "type": "Polygon", "coordinates": [ [ [ 722900.0, 6178200.0 ], [ 723000.0, 6178200.0 ], [ 723000.0, 6178300.0 ], [ 723100.0, 6178300.0 ], [ 723100.0, 6178200.0 ], [ 723100.0, 6178100.0 ], [ 723000.0, 6178100.0 ], [ 722900.0, 6178100.0 ], [ 722900.0, 6178200.0 ] ] ] } },
{ "type": "Feature", "properties": { "Shape_Area": 10000.0, "Shape_Leng": 400.0, "cluster_id": "101_617", "fid_1": 617.0, "id_munic": 617.0, "munic_clus": "101_617", "munic_code": 101.0, "min": 2.8287241458892822, "max": 2.8287241458892822, "mean": 2.8287241458892822, "count": 1, "std": 0.0, "range": 0.0 }, "geometry": { "type": "Polygon", "coordinates": [ [ [ 722800.0, 6178000.0 ], [ 722800.0, 6178100.0 ], [ 722900.0, 6178100.0 ], [ 722900.0, 6178000.0 ], [ 722800.0, 6178000.0 ] ] ] } },
{ "type": "Feature", "properties": { "Shape_Area": 10000.0, "Shape_Leng": 400.0, "cluster_id": "101_618", "fid_1": 618.0, "id_munic": 618.0, "munic_clus": "101_618", "munic_code": 101.0, "min": 2.9998338222503662, "max": 2.9998338222503662, "mean": 2.9998338222503662, "count": 1, "std": 0.0, "range": 0.0 }, "geometry": { "type": "Polygon", "coordinates": [ [ [ 722700.0, 6178200.0 ], [ 722700.0, 6178300.0 ], [ 722800.0, 6178300.0 ], [ 722800.0, 6178200.0 ], [ 722700.0, 6178200.0 ] ] ] } },
{ "type": "Feature", "properties": { "Shape_Area": 30000.0, "Shape_Leng": 800.0, "cluster_id": "101_619", "fid_1": 619.0, "id_munic": 619.0, "munic_clus": "101_619", "munic_code": 101.0, "min": 3.2240920066833496, "max": 3.2240920066833496, "mean": 3.2240918477376304, "count": 3, "std": 1.5894571925301193e-07, "range": 0.0 }, "geometry": { "type": "Polygon", "coordinates": [ [ [ 722900.0, 6177900.0 ], [ 722900.0, 6178000.0 ], [ 723000.0, 6178000.0 ], [ 723000.0, 6177900.0 ], [ 723100.0, 6177900.0 ], [ 723100.0, 6177800.0 ], [ 723000.0, 6177800.0 ], [ 722900.0, 6177800.0 ], [ 722900.0, 6177900.0 ] ] ] } },
{ "type": "Feature", "properties": { "Shape_Area": 10000.0, "Shape_Leng": 400.0, "cluster_id": "101_620", "fid_1": 620.0, "id_munic": 620.0, "munic_clus": "101_620", "munic_code": 101.0, "min": 3.7154288291931152, "max": 3.7154288291931152, "mean": 3.7154288291931152, "count": 1, "std": 0.0, "range": 0.0 }, "geometry": { "type": "Polygon", "coordinates": [ [ [ 723000.0, 6177900.0 ], [ 723000.0, 6178000.0 ], [ 723100.0, 6178000.0 ], [ 723100.0, 6177900.0 ], [ 723000.0, 6177900.0 ] ] ] } },
{ "type": "Feature", "properties": { "Shape_Area": 10000.0, "Shape_Leng": 400.0, "cluster_id": "101_621", "fid_1": 621.0, "id_munic": 621.0, "munic_clus": "101_621", "munic_code": 101.0, "min": 2.7134292125701904, "max": 2.7134292125701904, "mean": 2.7134292125701904, "count": 1, "std": 0.0, "range": 0.0 }, "geometry": { "type": "Polygon", "coordinates": [ [ [ 722700.0, 6176900.0 ], [ 722700.0, 6177000.0 ], [ 722800.0, 6177000.0 ], [ 722800.0, 6176900.0 ], [ 722700.0, 6176900.0 ] ] ] } },
{ "type": "Feature", "properties": { "Shape_Area": 30000.0, "Shape_Leng": 800.0, "cluster_id": "101_622", "fid_1": 622.0, "id_munic": 622.0, "munic_clus": "101_622", "munic_code": 101.0, "min": 3.2595810890197754, "max": 3.2595810890197754, "mean": 3.2595812479654946, "count": 3, "std": 1.5894571925301193e-07, "range": 0.0 }, "geometry": { "type": "Polygon", "coordinates": [ [ [ 722800.0, 6177000.0 ], [ 722700.0, 6177000.0 ], [ 722700.0, 6177100.0 ], [ 722800.0, 6177100.0 ], [ 722900.0, 6177100.0 ], [ 722900.0, 6177000.0 ], [ 722900.0, 6176900.0 ], [ 722800.0, 6176900.0 ], [ 722800.0, 6177000.0 ] ] ] } },
{ "type": "Feature", "properties": { "Shape_Area": 10000.0, "Shape_Leng": 400.0, "cluster_id": "101_623", "fid_1": 623.0, "id_munic": 623.0, "munic_clus": "101_623", "munic_code": 101.0, "min": 3.227590799331665, "max": 3.227590799331665, "mean": 3.227590799331665, "count": 1, "std": 0.0, "range": 0.0 }, "geometry": { "type": "Polygon", "coordinates": [ [ [ 722400.0, 6178400.0 ], [ 722400.0, 6178500.0 ], [ 722500.0, 6178500.0 ], [ 722500.0, 6178400.0 ], [ 722400.0, 6178400.0 ] ] ] } },
{ "type": "Feature", "properties": { "Shape_Area": 20000.0, "Shape_Leng": 600.0, "cluster_id": "101_624", "fid_1": 624.0, "id_munic": 624.0, "munic_clus": "101_624", "munic_code": 101.0, "min": 2.9403536319732666, "max": 2.9403536319732666, "mean": 2.9403536319732666, "count": 2, "std": 0.0, "range": 0.0 }, "geometry": { "type": "Polygon", "coordinates": [ [ [ 723000.0, 6178100.0 ], [ 723100.0, 6178100.0 ], [ 723200.0, 6178100.0 ], [ 723200.0, 6178000.0 ], [ 723100.0, 6178000.0 ], [ 723000.0, 6178000.0 ], [ 723000.0, 6178100.0 ] ] ] } },
{ "type": "Feature", "properties": { "Shape_Area": 10000.0, "Shape_Leng": 400.0, "cluster_id": "101_625", "fid_1": 625.0, "id_munic": 625.0, "munic_clus": "101_625", "munic_code": 101.0, "min": 3.4336888790130615, "max": 3.4336888790130615, "mean": 3.4336888790130615, "count": 1, "std": 0.0, "range": 0.0 }, "geometry": { "type": "Polygon", "coordinates": [ [ [ 723100.0, 6178100.0 ], [ 723100.0, 6178200.0 ], [ 723200.0, 6178200.0 ], [ 723200.0, 6178100.0 ], [ 723100.0, 6178100.0 ] ] ] } },
{ "type": "Feature", "properties": { "Shape_Area": 50000.0, "Shape_Leng": 1000.0, "cluster_id": "101_626", "fid_1": 626.0, "id_munic": 626.0, "munic_clus": "101_626", "munic_code": 101.0, "min": 3.3345556259155273, "max": 3.3345556259155273, "mean": 3.3345558166503908, "count": 5, "std": 1.9073486345888568e-07, "range": 0.0 }, "geometry": { "type": "Polygon", "coordinates": [ [ [ 721400.0, 6180800.0 ], [ 721400.0, 6180900.0 ], [ 721500.0, 6180900.0 ], [ 721600.0, 6180900.0 ], [ 721600.0, 6180800.0 ], [ 721600.0, 6180700.0 ], [ 721500.0, 6180700.0 ], [ 721500.0, 6180600.0 ], [ 721400.0, 6180600.0 ], [ 721400.0, 6180700.0 ], [ 721400.0, 6180800.0 ] ] ] } },
{ "type": "Feature", "properties": { "Shape_Area": 340000.0, "Shape_Leng": 3200.0, "cluster_id": "101_627", "fid_1": 627.0, "id_munic": 627.0, "munic_clus": "101_627", "munic_code": 101.0, "min": 2.9265246391296387, "max": 2.9265246391296387, "mean": 2.9265242183909699, "count": 34, "std": 4.207386687937742e-07, "range": 0.0 }, "geometry": { "type": "Polygon", "coordinates": [ [ [ 720800.0, 6172900.0 ], [ 720800.0, 6173000.0 ], [ 720800.0, 6173100.0 ], [ 720800.0, 6173200.0 ], [ 720900.0, 6173200.0 ], [ 720900.0, 6173300.0 ], [ 720900.0, 6173400.0 ], [ 721000.0, 6173400.0 ], [ 721000.0, 6173300.0 ], [ 721100.0, 6173300.0 ], [ 721100.0, 6173200.0 ], [ 721200.0, 6173200.0 ], [ 721300.0, 6173200.0 ], [ 721300.0, 6173100.0 ], [ 721400.0, 6173100.0 ], [ 721500.0, 6173100.0 ], [ 721600.0, 6173100.0 ], [ 721600.0, 6173000.0 ], [ 721700.0, 6173000.0 ], [ 721700.0, 6172900.0 ], [ 721600.0, 6172900.0 ], [ 721600.0, 6172800.0 ], [ 721500.0, 6172800.0 ], [ 721400.0, 6172800.0 ], [ 721300.0, 6172800.0 ], [ 721200.0, 6172800.0 ], [ 721100.0, 6172800.0 ], [ 721000.0, 6172800.0 ], [ 720900.0, 6172800.0 ], [ 720800.0, 6172800.0 ], [ 720700.0, 6172800.0 ], [ 720700.0, 6172900.0 ], [ 720800.0, 6172900.0 ] ] ] } },
{ "type": "Feature", "properties": { "Shape_Area": 30000.0, "Shape_Leng": 800.0, "cluster_id": "101_628", "fid_1": 628.0, "id_munic": 628.0, "munic_clus": "101_628", "munic_code": 101.0, "min": 3.7020993232727051, "max": 3.7020993232727051, "mean": 3.7020994822184243, "count": 3, "std": 1.5894571925301193e-07, "range": 0.0 }, "geometry": { "type": "Polygon", "coordinates": [ [ [ 721800.0, 6180400.0 ], [ 721800.0, 6180500.0 ], [ 721800.0, 6180600.0 ], [ 721900.0, 6180600.0 ], [ 721900.0, 6180500.0 ], [ 721900.0, 6180400.0 ], [ 721900.0, 6180300.0 ], [ 721800.0, 6180300.0 ], [ 721800.0, 6180400.0 ] ] ] } },
{ "type": "Feature", "properties": { "Shape_Area": 80000.0, "Shape_Leng": 1400.0, "cluster_id": "101_629", "fid_1": 629.0, "id_munic": 629.0, "munic_clus": "101_629", "munic_code": 101.0, "min": 2.8997001647949219, "max": 2.8997001647949219, "mean": 2.8997001647949219, "count": 8, "std": 0.0, "range": 0.0 }, "geometry": { "type": "Polygon", "coordinates": [ [ [ 722200.0, 6180300.0 ], [ 722100.0, 6180300.0 ], [ 722100.0, 6180400.0 ], [ 722100.0, 6180500.0 ], [ 722000.0, 6180500.0 ], [ 722000.0, 6180600.0 ], [ 722100.0, 6180600.0 ], [ 722200.0, 6180600.0 ], [ 722300.0, 6180600.0 ], [ 722400.0, 6180600.0 ], [ 722400.0, 6180500.0 ], [ 722300.0, 6180500.0 ], [ 722300.0, 6180400.0 ], [ 722300.0, 6180300.0 ], [ 722200.0, 6180300.0 ] ] ] } },
{ "type": "Feature", "properties": { "Shape_Area": 20000.0, "Shape_Leng": 600.0, "cluster_id": "101_630", "fid_1": 630.0, "id_munic": 630.0, "munic_clus": "101_630", "munic_code": 101.0, "min": 3.5379877090454102, "max": 3.5379877090454102, "mean": 3.5379877090454102, "count": 2, "std": 0.0, "range": 0.0 }, "geometry": { "type": "Polygon", "coordinates": [ [ [ 721600.0, 6180900.0 ], [ 721700.0, 6180900.0 ], [ 721800.0, 6180900.0 ], [ 721800.0, 6180800.0 ], [ 721700.0, 6180800.0 ], [ 721600.0, 6180800.0 ], [ 721600.0, 6180900.0 ] ] ] } },
{ "type": "Feature", "properties": { "Shape_Area": 30000.0, "Shape_Leng": 800.0, "cluster_id": "101_631", "fid_1": 631.0, "id_munic": 631.0, "munic_clus": "101_631", "munic_code": 101.0, "min": 2.6791071891784668, "max": 2.6791071891784668, "mean": 2.6791070302327475, "count": 3, "std": 1.5894571925301193e-07, "range": 0.0 }, "geometry": { "type": "Polygon", "coordinates": [ [ [ 723000.0, 6176800.0 ], [ 723100.0, 6176800.0 ], [ 723200.0, 6176800.0 ], [ 723300.0, 6176800.0 ], [ 723300.0, 6176700.0 ], [ 723200.0, 6176700.0 ], [ 723100.0, 6176700.0 ], [ 723000.0, 6176700.0 ], [ 723000.0, 6176800.0 ] ] ] } },
{ "type": "Feature", "properties": { "Shape_Area": 20000.0, "Shape_Leng": 600.0, "cluster_id": "101_632", "fid_1": 632.0, "id_munic": 632.0, "munic_clus": "101_632", "munic_code": 101.0, "min": 3.3893702030181885, "max": 3.3893702030181885, "mean": 3.3893702030181885, "count": 2, "std": 0.0, "range": 0.0 }, "geometry": { "type": "Polygon", "coordinates": [ [ [ 722200.0, 6180800.0 ], [ 722200.0, 6180900.0 ], [ 722300.0, 6180900.0 ], [ 722300.0, 6180800.0 ], [ 722300.0, 6180700.0 ], [ 722200.0, 6180700.0 ], [ 722200.0, 6180800.0 ] ] ] } },
{ "type": "Feature", "properties": { "Shape_Area": 40000.0, "Shape_Leng": 800.0, "cluster_id": "101_633", "fid_1": 633.0, "id_munic": 633.0, "munic_clus": "101_633", "munic_code": 101.0, "min": 2.2782409191131592, "max": 2.2782409191131592, "mean": 2.2782409191131592, "count": 4, "std": 0.0, "range": 0.0 }, "geometry": { "type": "Polygon", "coordinates": [ [ [ 722200.0, 6180600.0 ], [ 722100.0, 6180600.0 ], [ 722000.0, 6180600.0 ], [ 722000.0, 6180700.0 ], [ 722000.0, 6180800.0 ], [ 722100.0, 6180800.0 ], [ 722200.0, 6180800.0 ], [ 722200.0, 6180700.0 ], [ 722200.0, 6180600.0 ] ] ] } },
{ "type": "Feature", "properties": { "Shape_Area": 20000.0, "Shape_Leng": 600.0, "cluster_id": "101_634", "fid_1": 634.0, "id_munic": 634.0, "munic_clus": "101_634", "munic_code": 101.0, "min": 3.0678107738494873, "max": 3.0678107738494873, "mean": 3.0678107738494873, "count": 2, "std": 0.0, "range": 0.0 }, "geometry": { "type": "Polygon", "coordinates": [ [ [ 722000.0, 6180900.0 ], [ 722100.0, 6180900.0 ], [ 722200.0, 6180900.0 ], [ 722200.0, 6180800.0 ], [ 722100.0, 6180800.0 ], [ 722000.0, 6180800.0 ], [ 722000.0, 6180900.0 ] ] ] } },
{ "type": "Feature", "properties": { "Shape_Area": 50000.0, "Shape_Leng": 1000.0, "cluster_id": "101_635", "fid_1": 635.0, "id_munic": 635.0, "munic_clus": "101_635", "munic_code": 101.0, "min": 3.8967015743255615, "max": 3.8967015743255615, "mean": 3.8967014312744142, "count": 5, "std": 1.4305114737211966e-07, "range": 0.0 }, "geometry": { "type": "Polygon", "coordinates": [ [ [ 722100.0, 6180300.0 ], [ 722000.0, 6180300.0 ], [ 721900.0, 6180300.0 ], [ 721900.0, 6180400.0 ], [ 721900.0, 6180500.0 ], [ 721900.0, 6180600.0 ], [ 722000.0, 6180600.0 ], [ 722000.0, 6180500.0 ], [ 722100.0, 6180500.0 ], [ 722100.0, 6180400.0 ], [ 722100.0, 6180300.0 ] ] ] } },
{ "type": "Feature", "properties": { "Shape_Area": 40000.0, "Shape_Leng": 800.0, "cluster_id": "101_636", "fid_1": 636.0, "id_munic": 636.0, "munic_clus": "101_636", "munic_code": 101.0, "min": 3.0979678630828857, "max": 3.0979678630828857, "mean": 3.0979678630828857, "count": 4, "std": 0.0, "range": 0.0 }, "geometry": { "type": "Polygon", "coordinates": [ [ [ 722000.0, 6180700.0 ], [ 721900.0, 6180700.0 ], [ 721800.0, 6180700.0 ], [ 721800.0, 6180800.0 ], [ 721800.0, 6180900.0 ], [ 721900.0, 6180900.0 ], [ 722000.0, 6180900.0 ], [ 722000.0, 6180800.0 ], [ 722000.0, 6180700.0 ] ] ] } },
{ "type": "Feature", "properties": { "Shape_Area": 10000.0, "Shape_Leng": 400.0, "cluster_id": "101_637", "fid_1": 637.0, "id_munic": 637.0, "munic_clus": "101_637", "munic_code": 101.0, "min": 2.9300236701965332, "max": 2.9300236701965332, "mean": 2.9300236701965332, "count": 1, "std": 0.0, "range": 0.0 }, "geometry": { "type": "Polygon", "coordinates": [ [ [ 722200.0, 6180600.0 ], [ 722200.0, 6180700.0 ], [ 722300.0, 6180700.0 ], [ 722300.0, 6180600.0 ], [ 722200.0, 6180600.0 ] ] ] } },
{ "type": "Feature", "properties": { "Shape_Area": 80000.0, "Shape_Leng": 1200.0, "cluster_id": "101_638", "fid_1": 638.0, "id_munic": 638.0, "munic_clus": "101_638", "munic_code": 101.0, "min": 2.4765081405639648, "max": 2.4765081405639648, "mean": 2.4765081405639648, "count": 8, "std": 0.0, "range": 0.0 }, "geometry": { "type": "Polygon", "coordinates": [ [ [ 722400.0, 6180600.0 ], [ 722300.0, 6180600.0 ], [ 722300.0, 6180700.0 ], [ 722300.0, 6180800.0 ], [ 722300.0, 6180900.0 ], [ 722400.0, 6180900.0 ], [ 722500.0, 6180900.0 ], [ 722600.0, 6180900.0 ], [ 722600.0, 6180800.0 ], [ 722600.0, 6180700.0 ], [ 722500.0, 6180700.0 ], [ 722500.0, 6180600.0 ], [ 722400.0, 6180600.0 ] ] ] } },
{ "type": "Feature", "properties": { "Shape_Area": 20000.0, "Shape_Leng": 600.0, "cluster_id": "101_639", "fid_1": 639.0, "id_munic": 639.0, "munic_clus": "101_639", "munic_code": 101.0, "min": 4.2580809593200684, "max": 4.2580809593200684, "mean": 4.2580809593200684, "count": 2, "std": 0.0, "range": 0.0 }, "geometry": { "type": "Polygon", "coordinates": [ [ [ 721800.0, 6180700.0 ], [ 721900.0, 6180700.0 ], [ 722000.0, 6180700.0 ], [ 722000.0, 6180600.0 ], [ 721900.0, 6180600.0 ], [ 721800.0, 6180600.0 ], [ 721800.0, 6180700.0 ] ] ] } },
{ "type": "Feature", "properties": { "Shape_Area": 40000.0, "Shape_Leng": 1000.0, "cluster_id": "101_640", "fid_1": 640.0, "id_munic": 640.0, "munic_clus": "101_640", "munic_code": 101.0, "min": 3.2872378826141357, "max": 3.2872378826141357, "mean": 3.2872378826141357, "count": 4, "std": 0.0, "range": 0.0 }, "geometry": { "type": "Polygon", "coordinates": [ [ [ 722200.0, 6178600.0 ], [ 722300.0, 6178600.0 ], [ 722300.0, 6178500.0 ], [ 722200.0, 6178500.0 ], [ 722100.0, 6178500.0 ], [ 722000.0, 6178500.0 ], [ 722000.0, 6178600.0 ], [ 722000.0, 6178700.0 ], [ 722100.0, 6178700.0 ], [ 722100.0, 6178600.0 ], [ 722200.0, 6178600.0 ] ] ] } },
{ "type": "Feature", "properties": { "Shape_Area": 40000.0, "Shape_Leng": 1000.0, "cluster_id": "101_641", "fid_1": 641.0, "id_munic": 641.0, "munic_clus": "101_641", "munic_code": 101.0, "min": 2.835888147354126, "max": 2.835888147354126, "mean": 2.835888147354126, "count": 4, "std": 0.0, "range": 0.0 }, "geometry": { "type": "Polygon", "coordinates": [ [ [ 720900.0, 6179500.0 ], [ 720800.0, 6179500.0 ], [ 720800.0, 6179600.0 ], [ 720700.0, 6179600.0 ], [ 720700.0, 6179700.0 ], [ 720700.0, 6179800.0 ], [ 720800.0, 6179800.0 ], [ 720800.0, 6179700.0 ], [ 720900.0, 6179700.0 ], [ 720900.0, 6179600.0 ], [ 720900.0, 6179500.0 ] ] ] } },
{ "type": "Feature", "properties": { "Shape_Area": 40000.0, "Shape_Leng": 1000.0, "cluster_id": "101_642", "fid_1": 642.0, "id_munic": 642.0, "munic_clus": "101_642", "munic_code": 101.0, "min": 3.3855381011962891, "max": 3.3855381011962891, "mean": 3.3855381011962891, "count": 4, "std": 0.0, "range": 0.0 }, "geometry": { "type": "Polygon", "coordinates": [ [ [ 717800.0, 6179500.0 ], [ 717900.0, 6179500.0 ], [ 718000.0, 6179500.0 ], [ 718100.0, 6179500.0 ], [ 718100.0, 6179400.0 ], [ 718000.0, 6179400.0 ], [ 717900.0, 6179400.0 ], [ 717900.0, 6179300.0 ], [ 717800.0, 6179300.0 ], [ 717800.0, 6179400.0 ], [ 717800.0, 6179500.0 ] ] ] } },
{ "type": "Feature", "properties": { "Shape_Area": 20000.0, "Shape_Leng": 600.0, "cluster_id": "101_643", "fid_1": 643.0, "id_munic": 643.0, "munic_clus": "101_643", "munic_code": 101.0, "min": 3.3448851108551025, "max": 3.3448851108551025, "mean": 3.3448851108551025, "count": 2, "std": 0.0, "range": 0.0 }, "geometry": { "type": "Polygon", "coordinates": [ [ [ 718800.0, 6174200.0 ], [ 718900.0, 6174200.0 ], [ 719000.0, 6174200.0 ], [ 719000.0, 6174100.0 ], [ 718900.0, 6174100.0 ], [ 718800.0, 6174100.0 ], [ 718800.0, 6174200.0 ] ] ] } },
{ "type": "Feature", "properties": { "Shape_Area": 60000.0, "Shape_Leng": 1000.0, "cluster_id": "101_644", "fid_1": 644.0, "id_munic": 644.0, "munic_clus": "101_644", "munic_code": 101.0, "min": 4.044151782989502, "max": 4.044151782989502, "mean": 4.0441516240437823, "count": 6, "std": 1.5894571969710114e-07, "range": 0.0 }, "geometry": { "type": "Polygon", "coordinates": [ [ [ 719100.0, 6173800.0 ], [ 719000.0, 6173800.0 ], [ 718900.0, 6173800.0 ], [ 718800.0, 6173800.0 ], [ 718800.0, 6173900.0 ], [ 718800.0, 6174000.0 ], [ 718900.0, 6174000.0 ], [ 719000.0, 6174000.0 ], [ 719100.0, 6174000.0 ], [ 719100.0, 6173900.0 ], [ 719100.0, 6173800.0 ] ] ] } },
{ "type": "Feature", "properties": { "Shape_Area": 20000.0, "Shape_Leng": 600.0, "cluster_id": "101_645", "fid_1": 645.0, "id_munic": 645.0, "munic_clus": "101_645", "munic_code": 101.0, "min": 3.7714097499847412, "max": 3.7714097499847412, "mean": 3.7714097499847412, "count": 2, "std": 0.0, "range": 0.0 }, "geometry": { "type": "Polygon", "coordinates": [ [ [ 720200.0, 6172200.0 ], [ 720300.0, 6172200.0 ], [ 720400.0, 6172200.0 ], [ 720400.0, 6172100.0 ], [ 720300.0, 6172100.0 ], [ 720200.0, 6172100.0 ], [ 720200.0, 6172200.0 ] ] ] } },
{ "type": "Feature", "properties": { "Shape_Area": 30000.0, "Shape_Leng": 800.0, "cluster_id": "101_646", "fid_1": 646.0, "id_munic": 646.0, "munic_clus": "101_646", "munic_code": 101.0, "min": 3.6116299629211426, "max": 3.6116299629211426, "mean": 3.6116301218668618, "count": 3, "std": 1.5894571925301193e-07, "range": 0.0 }, "geometry": { "type": "Polygon", "coordinates": [ [ [ 720300.0, 6172800.0 ], [ 720400.0, 6172800.0 ], [ 720500.0, 6172800.0 ], [ 720600.0, 6172800.0 ], [ 720600.0, 6172700.0 ], [ 720500.0, 6172700.0 ], [ 720400.0, 6172700.0 ], [ 720300.0, 6172700.0 ], [ 720300.0, 6172800.0 ] ] ] } },
{ "type": "Feature", "properties": { "Shape_Area": 40000.0, "Shape_Leng": 1000.0, "cluster_id": "101_647", "fid_1": 647.0, "id_munic": 647.0, "munic_clus": "101_647", "munic_code": 101.0, "min": 3.5116629600524902, "max": 3.5116629600524902, "mean": 3.5116629600524902, "count": 4, "std": 0.0, "range": 0.0 }, "geometry": { "type": "Polygon", "coordinates": [ [ [ 720200.0, 6172300.0 ], [ 720100.0, 6172300.0 ], [ 720100.0, 6172400.0 ], [ 720000.0, 6172400.0 ], [ 720000.0, 6172500.0 ], [ 720100.0, 6172500.0 ], [ 720100.0, 6172600.0 ], [ 720200.0, 6172600.0 ], [ 720200.0, 6172500.0 ], [ 720200.0, 6172400.0 ], [ 720200.0, 6172300.0 ] ] ] } },
{ "type": "Feature", "properties": { "Shape_Area": 50000.0, "Shape_Leng": 1200.0, "cluster_id": "101_648", "fid_1": 648.0, "id_munic": 648.0, "munic_clus": "101_648", "munic_code": 101.0, "min": 3.5306568145751953, "max": 3.5306568145751953, "mean": 3.5306568145751953, "count": 5, "std": 0.0, "range": 0.0 }, "geometry": { "type": "Polygon", "coordinates": [ [ [ 720200.0, 6172300.0 ], [ 720200.0, 6172200.0 ], [ 720100.0, 6172200.0 ], [ 720000.0, 6172200.0 ], [ 720000.0, 6172300.0 ], [ 719900.0, 6172300.0 ], [ 719900.0, 6172400.0 ], [ 719900.0, 6172500.0 ], [ 720000.0, 6172500.0 ], [ 720000.0, 6172400.0 ], [ 720100.0, 6172400.0 ], [ 720100.0, 6172300.0 ], [ 720200.0, 6172300.0 ] ] ] } },
{ "type": "Feature", "properties": { "Shape_Area": 60000.0, "Shape_Leng": 1000.0, "cluster_id": "101_649", "fid_1": 649.0, "id_munic": 649.0, "munic_clus": "101_649", "munic_code": 101.0, "min": 3.829890251159668, "max": 3.829890251159668, "mean": 3.8298905690511069, "count": 6, "std": 3.1789143895011307e-07, "range": 0.0 }, "geometry": { "type": "Polygon", "coordinates": [ [ [ 720500.0, 6172200.0 ], [ 720400.0, 6172200.0 ], [ 720300.0, 6172200.0 ], [ 720200.0, 6172200.0 ], [ 720200.0, 6172300.0 ], [ 720200.0, 6172400.0 ], [ 720300.0, 6172400.0 ], [ 720400.0, 6172400.0 ], [ 720500.0, 6172400.0 ], [ 720500.0, 6172300.0 ], [ 720500.0, 6172200.0 ] ] ] } },
{ "type": "Feature", "properties": { "Shape_Area": 10000.0, "Shape_Leng": 400.0, "cluster_id": "101_650", "fid_1": 650.0, "id_munic": 650.0, "munic_clus": "101_650", "munic_code": 101.0, "min": 3.2590804100036621, "max": 3.2590804100036621, "mean": 3.2590804100036621, "count": 1, "std": 0.0, "range": 0.0 }, "geometry": { "type": "Polygon", "coordinates": [ [ [ 723000.0, 6176900.0 ], [ 723000.0, 6177000.0 ], [ 723100.0, 6177000.0 ], [ 723100.0, 6176900.0 ], [ 723000.0, 6176900.0 ] ] ] } },
{ "type": "Feature", "properties": { "Shape_Area": 10000.0, "Shape_Leng": 400.0, "cluster_id": "101_651", "fid_1": 651.0, "id_munic": 651.0, "munic_clus": "101_651", "munic_code": 101.0, "min": 3.0429859161376953, "max": 3.0429859161376953, "mean": 3.0429859161376953, "count": 1, "std": 0.0, "range": 0.0 }, "geometry": { "type": "Polygon", "coordinates": [ [ [ 722900.0, 6177000.0 ], [ 722900.0, 6177100.0 ], [ 723000.0, 6177100.0 ], [ 723000.0, 6177000.0 ], [ 722900.0, 6177000.0 ] ] ] } },
{ "type": "Feature", "properties": { "Shape_Area": 20000.0, "Shape_Leng": 600.0, "cluster_id": "101_652", "fid_1": 652.0, "id_munic": 652.0, "munic_clus": "101_652", "munic_code": 101.0, "min": 3.3715431690216064, "max": 3.3715431690216064, "mean": 3.3715431690216064, "count": 2, "std": 0.0, "range": 0.0 }, "geometry": { "type": "Polygon", "coordinates": [ [ [ 719600.0, 6172700.0 ], [ 719600.0, 6172800.0 ], [ 719700.0, 6172800.0 ], [ 719700.0, 6172700.0 ], [ 719700.0, 6172600.0 ], [ 719600.0, 6172600.0 ], [ 719600.0, 6172700.0 ] ] ] } },
{ "type": "Feature", "properties": { "Shape_Area": 20000.0, "Shape_Leng": 600.0, "cluster_id": "101_653", "fid_1": 653.0, "id_munic": 653.0, "munic_clus": "101_653", "munic_code": 101.0, "min": 4.5976347923278809, "max": 4.5976347923278809, "mean": 4.5976347923278809, "count": 2, "std": 0.0, "range": 0.0 }, "geometry": { "type": "Polygon", "coordinates": [ [ [ 719500.0, 6172900.0 ], [ 719500.0, 6173000.0 ], [ 719600.0, 6173000.0 ], [ 719600.0, 6172900.0 ], [ 719600.0, 6172800.0 ], [ 719500.0, 6172800.0 ], [ 719500.0, 6172900.0 ] ] ] } },
{ "type": "Feature", "properties": { "Shape_Area": 10000.0, "Shape_Leng": 400.0, "cluster_id": "101_654", "fid_1": 654.0, "id_munic": 654.0, "munic_clus": "101_654", "munic_code": 101.0, "min": 4.2042651176452637, "max": 4.2042651176452637, "mean": 4.2042651176452637, "count": 1, "std": 0.0, "range": 0.0 }, "geometry": { "type": "Polygon", "coordinates": [ [ [ 720100.0, 6172600.0 ], [ 720100.0, 6172700.0 ], [ 720200.0, 6172700.0 ], [ 720200.0, 6172600.0 ], [ 720100.0, 6172600.0 ] ] ] } },
{ "type": "Feature", "properties": { "Shape_Area": 30000.0, "Shape_Leng": 800.0, "cluster_id": "101_655", "fid_1": 655.0, "id_munic": 655.0, "munic_clus": "101_655", "munic_code": 101.0, "min": 3.576474666595459, "max": 3.576474666595459, "mean": 3.5764745076497397, "count": 3, "std": 1.5894571925301193e-07, "range": 0.0 }, "geometry": { "type": "Polygon", "coordinates": [ [ [ 719900.0, 6172800.0 ], [ 719800.0, 6172800.0 ], [ 719800.0, 6172900.0 ], [ 719900.0, 6172900.0 ], [ 720000.0, 6172900.0 ], [ 720000.0, 6172800.0 ], [ 720000.0, 6172700.0 ], [ 719900.0, 6172700.0 ], [ 719900.0, 6172800.0 ] ] ] } },
{ "type": "Feature", "properties": { "Shape_Area": 10000.0, "Shape_Leng": 400.0, "cluster_id": "101_656", "fid_1": 656.0, "id_munic": 656.0, "munic_clus": "101_656", "munic_code": 101.0, "min": 3.6512832641601562, "max": 3.6512832641601562, "mean": 3.6512832641601562, "count": 1, "std": 0.0, "range": 0.0 }, "geometry": { "type": "Polygon", "coordinates": [ [ [ 720500.0, 6172500.0 ], [ 720500.0, 6172600.0 ], [ 720600.0, 6172600.0 ], [ 720600.0, 6172500.0 ], [ 720500.0, 6172500.0 ] ] ] } },
{ "type": "Feature", "properties": { "Shape_Area": 10000.0, "Shape_Leng": 400.0, "cluster_id": "101_657", "fid_1": 657.0, "id_munic": 657.0, "munic_clus": "101_657", "munic_code": 101.0, "min": 3.7332561016082764, "max": 3.7332561016082764, "mean": 3.7332561016082764, "count": 1, "std": 0.0, "range": 0.0 }, "geometry": { "type": "Polygon", "coordinates": [ [ [ 721100.0, 6178400.0 ], [ 721100.0, 6178500.0 ], [ 721200.0, 6178500.0 ], [ 721200.0, 6178400.0 ], [ 721100.0, 6178400.0 ] ] ] } },
{ "type": "Feature", "properties": { "Shape_Area": 20000.0, "Shape_Leng": 600.0, "cluster_id": "101_658", "fid_1": 658.0, "id_munic": 658.0, "munic_clus": "101_658", "munic_code": 101.0, "min": 2.7414195537567139, "max": 2.7414195537567139, "mean": 2.7414195537567139, "count": 2, "std": 0.0, "range": 0.0 }, "geometry": { "type": "Polygon", "coordinates": [ [ [ 721200.0, 6178100.0 ], [ 721300.0, 6178100.0 ], [ 721400.0, 6178100.0 ], [ 721400.0, 6178000.0 ], [ 721300.0, 6178000.0 ], [ 721200.0, 6178000.0 ], [ 721200.0, 6178100.0 ] ] ] } },
{ "type": "Feature", "properties": { "Shape_Area": 50000.0, "Shape_Leng": 1200.0, "cluster_id": "101_659", "fid_1": 659.0, "id_munic": 659.0, "munic_clus": "101_659", "munic_code": 101.0, "min": 2.5398201942443848, "max": 2.5398201942443848, "mean": 2.539820098876953, "count": 5, "std": 9.5367431729442842e-08, "range": 0.0 }, "geometry": { "type": "Polygon", "coordinates": [ [ [ 720800.0, 6177900.0 ], [ 720800.0, 6178000.0 ], [ 720900.0, 6178000.0 ], [ 720900.0, 6178100.0 ], [ 721000.0, 6178100.0 ], [ 721000.0, 6178000.0 ], [ 721000.0, 6177900.0 ], [ 720900.0, 6177900.0 ], [ 720900.0, 6177800.0 ], [ 720800.0, 6177800.0 ], [ 720700.0, 6177800.0 ], [ 720700.0, 6177900.0 ], [ 720800.0, 6177900.0 ] ] ] } },
{ "type": "Feature", "properties": { "Shape_Area": 30000.0, "Shape_Leng": 800.0, "cluster_id": "101_660", "fid_1": 660.0, "id_munic": 660.0, "munic_clus": "101_660", "munic_code": 101.0, "min": 3.0344882011413574, "max": 3.0344882011413574, "mean": 3.0344880421956382, "count": 3, "std": 1.5894571925301193e-07, "range": 0.0 }, "geometry": { "type": "Polygon", "coordinates": [ [ [ 721300.0, 6178000.0 ], [ 721400.0, 6178000.0 ], [ 721400.0, 6178100.0 ], [ 721500.0, 6178100.0 ], [ 721500.0, 6178000.0 ], [ 721500.0, 6177900.0 ], [ 721400.0, 6177900.0 ], [ 721300.0, 6177900.0 ], [ 721300.0, 6178000.0 ] ] ] } },
{ "type": "Feature", "properties": { "Shape_Area": 10000.0, "Shape_Leng": 400.0, "cluster_id": "101_661", "fid_1": 661.0, "id_munic": 661.0, "munic_clus": "101_661", "munic_code": 101.0, "min": 2.9515166282653809, "max": 2.9515166282653809, "mean": 2.9515166282653809, "count": 1, "std": 0.0, "range": 0.0 }, "geometry": { "type": "Polygon", "coordinates": [ [ [ 721100.0, 6178300.0 ], [ 721100.0, 6178400.0 ], [ 721200.0, 6178400.0 ], [ 721200.0, 6178300.0 ], [ 721100.0, 6178300.0 ] ] ] } },
{ "type": "Feature", "properties": { "Shape_Area": 10000.0, "Shape_Leng": 400.0, "cluster_id": "101_662", "fid_1": 662.0, "id_munic": 662.0, "munic_clus": "101_662", "munic_code": 101.0, "min": 3.2944021224975586, "max": 3.2944021224975586, "mean": 3.2944021224975586, "count": 1, "std": 0.0, "range": 0.0 }, "geometry": { "type": "Polygon", "coordinates": [ [ [ 721300.0, 6178100.0 ], [ 721300.0, 6178200.0 ], [ 721400.0, 6178200.0 ], [ 721400.0, 6178100.0 ], [ 721300.0, 6178100.0 ] ] ] } },
{ "type": "Feature", "properties": { "Shape_Area": 20000.0, "Shape_Leng": 600.0, "cluster_id": "101_663", "fid_1": 663.0, "id_munic": 663.0, "munic_clus": "101_663", "munic_code": 101.0, "min": 2.9723429679870605, "max": 2.9723429679870605, "mean": 2.9723429679870605, "count": 2, "std": 0.0, "range": 0.0 }, "geometry": { "type": "Polygon", "coordinates": [ [ [ 720900.0, 6178200.0 ], [ 721000.0, 6178200.0 ], [ 721100.0, 6178200.0 ], [ 721100.0, 6178100.0 ], [ 721000.0, 6178100.0 ], [ 720900.0, 6178100.0 ], [ 720900.0, 6178200.0 ] ] ] } },
{ "type": "Feature", "properties": { "Shape_Area": 20000.0, "Shape_Leng": 600.0, "cluster_id": "101_664", "fid_1": 664.0, "id_munic": 664.0, "munic_clus": "101_664", "munic_code": 101.0, "min": 3.368211030960083, "max": 3.368211030960083, "mean": 3.368211030960083, "count": 2, "std": 0.0, "range": 0.0 }, "geometry": { "type": "Polygon", "coordinates": [ [ [ 725000.0, 6179000.0 ], [ 725100.0, 6179000.0 ], [ 725200.0, 6179000.0 ], [ 725200.0, 6178900.0 ], [ 725100.0, 6178900.0 ], [ 725000.0, 6178900.0 ], [ 725000.0, 6179000.0 ] ] ] } },
{ "type": "Feature", "properties": { "Shape_Area": 20000.0, "Shape_Leng": 600.0, "cluster_id": "101_665", "fid_1": 665.0, "id_munic": 665.0, "munic_clus": "101_665", "munic_code": 101.0, "min": 3.3827061653137207, "max": 3.3827061653137207, "mean": 3.3827061653137207, "count": 2, "std": 0.0, "range": 0.0 }, "geometry": { "type": "Polygon", "coordinates": [ [ [ 725200.0, 6179200.0 ], [ 725200.0, 6179300.0 ], [ 725300.0, 6179300.0 ], [ 725300.0, 6179200.0 ], [ 725300.0, 6179100.0 ], [ 725200.0, 6179100.0 ], [ 725200.0, 6179200.0 ] ] ] } },
{ "type": "Feature", "properties": { "Shape_Area": 10000.0, "Shape_Leng": 400.0, "cluster_id": "101_666", "fid_1": 666.0, "id_munic": 666.0, "munic_clus": "101_666", "munic_code": 101.0, "min": 3.4678444862365723, "max": 3.4678444862365723, "mean": 3.4678444862365723, "count": 1, "std": 0.0, "range": 0.0 }, "geometry": { "type": "Polygon", "coordinates": [ [ [ 725200.0, 6178900.0 ], [ 725200.0, 6179000.0 ], [ 725300.0, 6179000.0 ], [ 725300.0, 6178900.0 ], [ 725200.0, 6178900.0 ] ] ] } },
{ "type": "Feature", "properties": { "Shape_Area": 10000.0, "Shape_Leng": 400.0, "cluster_id": "101_667", "fid_1": 667.0, "id_munic": 667.0, "munic_clus": "101_667", "munic_code": 101.0, "min": 2.8300566673278809, "max": 2.8300566673278809, "mean": 2.8300566673278809, "count": 1, "std": 0.0, "range": 0.0 }, "geometry": { "type": "Polygon", "coordinates": [ [ [ 725300.0, 6178900.0 ], [ 725300.0, 6179000.0 ], [ 725400.0, 6179000.0 ], [ 725400.0, 6178900.0 ], [ 725300.0, 6178900.0 ] ] ] } },
{ "type": "Feature", "properties": { "Shape_Area": 20000.0, "Shape_Leng": 600.0, "cluster_id": "101_668", "fid_1": 668.0, "id_munic": 668.0, "munic_clus": "101_668", "munic_code": 101.0, "min": 3.9896702766418457, "max": 3.9896702766418457, "mean": 3.9896702766418457, "count": 2, "std": 0.0, "range": 0.0 }, "geometry": { "type": "Polygon", "coordinates": [ [ [ 723100.0, 6177000.0 ], [ 723200.0, 6177000.0 ], [ 723300.0, 6177000.0 ], [ 723300.0, 6176900.0 ], [ 723200.0, 6176900.0 ], [ 723100.0, 6176900.0 ], [ 723100.0, 6177000.0 ] ] ] } },
{ "type": "Feature", "properties": { "Shape_Area": 20000.0, "Shape_Leng": 600.0, "cluster_id": "101_669", "fid_1": 669.0, "id_munic": 669.0, "munic_clus": "101_669", "munic_code": 101.0, "min": 3.1659450531005859, "max": 3.1659450531005859, "mean": 3.1659450531005859, "count": 2, "std": 0.0, "range": 0.0 }, "geometry": { "type": "Polygon", "coordinates": [ [ [ 722500.0, 6174500.0 ], [ 722600.0, 6174500.0 ], [ 722700.0, 6174500.0 ], [ 722700.0, 6174400.0 ], [ 722600.0, 6174400.0 ], [ 722500.0, 6174400.0 ], [ 722500.0, 6174500.0 ] ] ] } },
{ "type": "Feature", "properties": { "Shape_Area": 30000.0, "Shape_Leng": 800.0, "cluster_id": "101_670", "fid_1": 670.0, "id_munic": 670.0, "munic_clus": "101_670", "munic_code": 101.0, "min": 3.1639454364776611, "max": 3.1639454364776611, "mean": 3.163945515950521, "count": 3, "std": 7.947285984855057e-08, "range": 0.0 }, "geometry": { "type": "Polygon", "coordinates": [ [ [ 725000.0, 6178800.0 ], [ 725000.0, 6178900.0 ], [ 725100.0, 6178900.0 ], [ 725200.0, 6178900.0 ], [ 725200.0, 6178800.0 ], [ 725100.0, 6178800.0 ], [ 725100.0, 6178700.0 ], [ 725000.0, 6178700.0 ], [ 725000.0, 6178800.0 ] ] ] } },
{ "type": "Feature", "properties": { "Shape_Area": 20000.0, "Shape_Leng": 600.0, "cluster_id": "101_671", "fid_1": 671.0, "id_munic": 671.0, "munic_clus": "101_671", "munic_code": 101.0, "min": 2.7740755081176758, "max": 2.7740755081176758, "mean": 2.7740755081176758, "count": 2, "std": 0.0, "range": 0.0 }, "geometry": { "type": "Polygon", "coordinates": [ [ [ 725200.0, 6179100.0 ], [ 725300.0, 6179100.0 ], [ 725400.0, 6179100.0 ], [ 725400.0, 6179000.0 ], [ 725300.0, 6179000.0 ], [ 725200.0, 6179000.0 ], [ 725200.0, 6179100.0 ] ] ] } },
{ "type": "Feature", "properties": { "Shape_Area": 10000.0, "Shape_Leng": 400.0, "cluster_id": "101_672", "fid_1": 672.0, "id_munic": 672.0, "munic_clus": "101_672", "munic_code": 101.0, "min": 2.3748750686645508, "max": 2.3748750686645508, "mean": 2.3748750686645508, "count": 1, "std": 0.0, "range": 0.0 }, "geometry": { "type": "Polygon", "coordinates": [ [ [ 722800.0, 6177600.0 ], [ 722800.0, 6177700.0 ], [ 722900.0, 6177700.0 ], [ 722900.0, 6177600.0 ], [ 722800.0, 6177600.0 ] ] ] } },
{ "type": "Feature", "properties": { "Shape_Area": 10000.0, "Shape_Leng": 400.0, "cluster_id": "101_673", "fid_1": 673.0, "id_munic": 673.0, "munic_clus": "101_673", "munic_code": 101.0, "min": 3.3882043361663818, "max": 3.3882043361663818, "mean": 3.3882043361663818, "count": 1, "std": 0.0, "range": 0.0 }, "geometry": { "type": "Polygon", "coordinates": [ [ [ 722700.0, 6177700.0 ], [ 722700.0, 6177800.0 ], [ 722800.0, 6177800.0 ], [ 722800.0, 6177700.0 ], [ 722700.0, 6177700.0 ] ] ] } },
{ "type": "Feature", "properties": { "Shape_Area": 10000.0, "Shape_Leng": 400.0, "cluster_id": "101_674", "fid_1": 674.0, "id_munic": 674.0, "munic_clus": "101_674", "munic_code": 101.0, "min": 2.9543485641479492, "max": 2.9543485641479492, "mean": 2.9543485641479492, "count": 1, "std": 0.0, "range": 0.0 }, "geometry": { "type": "Polygon", "coordinates": [ [ [ 722800.0, 6177700.0 ], [ 722800.0, 6177800.0 ], [ 722900.0, 6177800.0 ], [ 722900.0, 6177700.0 ], [ 722800.0, 6177700.0 ] ] ] } },
{ "type": "Feature", "properties": { "Shape_Area": 10000.0, "Shape_Leng": 400.0, "cluster_id": "101_675", "fid_1": 675.0, "id_munic": 675.0, "munic_clus": "101_675", "munic_code": 101.0, "min": 3.3705432415008545, "max": 3.3705432415008545, "mean": 3.3705432415008545, "count": 1, "std": 0.0, "range": 0.0 }, "geometry": { "type": "Polygon", "coordinates": [ [ [ 722800.0, 6177800.0 ], [ 722800.0, 6177900.0 ], [ 722900.0, 6177900.0 ], [ 722900.0, 6177800.0 ], [ 722800.0, 6177800.0 ] ] ] } },
{ "type": "Feature", "properties": { "Shape_Area": 10000.0, "Shape_Leng": 400.0, "cluster_id": "101_676", "fid_1": 676.0, "id_munic": 676.0, "munic_clus": "101_676", "munic_code": 101.0, "min": 2.8290572166442871, "max": 2.8290572166442871, "mean": 2.8290572166442871, "count": 1, "std": 0.0, "range": 0.0 }, "geometry": { "type": "Polygon", "coordinates": [ [ [ 722600.0, 6177200.0 ], [ 722600.0, 6177300.0 ], [ 722700.0, 6177300.0 ], [ 722700.0, 6177200.0 ], [ 722600.0, 6177200.0 ] ] ] } },
{ "type": "Feature", "properties": { "Shape_Area": 10000.0, "Shape_Leng": 400.0, "cluster_id": "101_677", "fid_1": 677.0, "id_munic": 677.0, "munic_clus": "101_677", "munic_code": 101.0, "min": 3.3632125854492188, "max": 3.3632125854492188, "mean": 3.3632125854492188, "count": 1, "std": 0.0, "range": 0.0 }, "geometry": { "type": "Polygon", "coordinates": [ [ [ 722500.0, 6177300.0 ], [ 722500.0, 6177400.0 ], [ 722600.0, 6177400.0 ], [ 722600.0, 6177300.0 ], [ 722500.0, 6177300.0 ] ] ] } },
{ "type": "Feature", "properties": { "Shape_Area": 20000.0, "Shape_Leng": 600.0, "cluster_id": "101_678", "fid_1": 678.0, "id_munic": 678.0, "munic_clus": "101_678", "munic_code": 101.0, "min": 3.6177940368652344, "max": 3.6177940368652344, "mean": 3.6177940368652344, "count": 2, "std": 0.0, "range": 0.0 }, "geometry": { "type": "Polygon", "coordinates": [ [ [ 722500.0, 6177600.0 ], [ 722600.0, 6177600.0 ], [ 722700.0, 6177600.0 ], [ 722700.0, 6177500.0 ], [ 722600.0, 6177500.0 ], [ 722500.0, 6177500.0 ], [ 722500.0, 6177600.0 ] ] ] } },
{ "type": "Feature", "properties": { "Shape_Area": 20000.0, "Shape_Leng": 600.0, "cluster_id": "101_679", "fid_1": 679.0, "id_munic": 679.0, "munic_clus": "101_679", "munic_code": 101.0, "min": 3.4451854228973389, "max": 3.4451854228973389, "mean": 3.4451854228973389, "count": 2, "std": 0.0, "range": 0.0 }, "geometry": { "type": "Polygon", "coordinates": [ [ [ 722600.0, 6177400.0 ], [ 722600.0, 6177500.0 ], [ 722700.0, 6177500.0 ], [ 722700.0, 6177400.0 ], [ 722700.0, 6177300.0 ], [ 722600.0, 6177300.0 ], [ 722600.0, 6177400.0 ] ] ] } },
{ "type": "Feature", "properties": { "Shape_Area": 20000.0, "Shape_Leng": 600.0, "cluster_id": "101_680", "fid_1": 680.0, "id_munic": 680.0, "munic_clus": "101_680", "munic_code": 101.0, "min": 3.0226593017578125, "max": 3.0226593017578125, "mean": 3.0226593017578125, "count": 2, "std": 0.0, "range": 0.0 }, "geometry": { "type": "Polygon", "coordinates": [ [ [ 722400.0, 6177800.0 ], [ 722400.0, 6177900.0 ], [ 722500.0, 6177900.0 ], [ 722500.0, 6177800.0 ], [ 722500.0, 6177700.0 ], [ 722400.0, 6177700.0 ], [ 722400.0, 6177800.0 ] ] ] } },
{ "type": "Feature", "properties": { "Shape_Area": 10000.0, "Shape_Leng": 400.0, "cluster_id": "101_681", "fid_1": 681.0, "id_munic": 681.0, "munic_clus": "101_681", "munic_code": 101.0, "min": 3.0458183288574219, "max": 3.0458183288574219, "mean": 3.0458183288574219, "count": 1, "std": 0.0, "range": 0.0 }, "geometry": { "type": "Polygon", "coordinates": [ [ [ 723600.0, 6176500.0 ], [ 723600.0, 6176600.0 ], [ 723700.0, 6176600.0 ], [ 723700.0, 6176500.0 ], [ 723600.0, 6176500.0 ] ] ] } },
{ "type": "Feature", "properties": { "Shape_Area": 20000.0, "Shape_Leng": 600.0, "cluster_id": "101_682", "fid_1": 682.0, "id_munic": 682.0, "munic_clus": "101_682", "munic_code": 101.0, "min": 3.4120299816131592, "max": 3.4120299816131592, "mean": 3.4120299816131592, "count": 2, "std": 0.0, "range": 0.0 }, "geometry": { "type": "Polygon", "coordinates": [ [ [ 722500.0, 6177800.0 ], [ 722600.0, 6177800.0 ], [ 722700.0, 6177800.0 ], [ 722700.0, 6177700.0 ], [ 722600.0, 6177700.0 ], [ 722500.0, 6177700.0 ], [ 722500.0, 6177800.0 ] ] ] } },
{ "type": "Feature", "properties": { "Shape_Area": 30000.0, "Shape_Leng": 800.0, "cluster_id": "101_683", "fid_1": 683.0, "id_munic": 683.0, "munic_clus": "101_683", "munic_code": 101.0, "min": 3.0994675159454346, "max": 3.0994675159454346, "mean": 3.0994675954182944, "count": 3, "std": 7.947285984855057e-08, "range": 0.0 }, "geometry": { "type": "Polygon", "coordinates": [ [ [ 722400.0, 6178000.0 ], [ 722400.0, 6178100.0 ], [ 722500.0, 6178100.0 ], [ 722600.0, 6178100.0 ], [ 722600.0, 6178000.0 ], [ 722500.0, 6178000.0 ], [ 722500.0, 6177900.0 ], [ 722400.0, 6177900.0 ], [ 722400.0, 6178000.0 ] ] ] } },
{ "type": "Feature", "properties": { "Shape_Area": 20000.0, "Shape_Leng": 600.0, "cluster_id": "101_684", "fid_1": 684.0, "id_munic": 684.0, "munic_clus": "101_684", "munic_code": 101.0, "min": 3.2607464790344238, "max": 3.2607464790344238, "mean": 3.2607464790344238, "count": 2, "std": 0.0, "range": 0.0 }, "geometry": { "type": "Polygon", "coordinates": [ [ [ 722600.0, 6178000.0 ], [ 722600.0, 6178100.0 ], [ 722700.0, 6178100.0 ], [ 722700.0, 6178000.0 ], [ 722700.0, 6177900.0 ], [ 722600.0, 6177900.0 ], [ 722600.0, 6178000.0 ] ] ] } },
{ "type": "Feature", "properties": { "Shape_Area": 30000.0, "Shape_Leng": 800.0, "cluster_id": "101_685", "fid_1": 685.0, "id_munic": 685.0, "munic_clus": "101_685", "munic_code": 101.0, "min": 3.9086968898773193, "max": 3.9086968898773193, "mean": 3.9086968104044595, "count": 3, "std": 7.947285984855057e-08, "range": 0.0 }, "geometry": { "type": "Polygon", "coordinates": [ [ [ 722500.0, 6177900.0 ], [ 722500.0, 6178000.0 ], [ 722600.0, 6178000.0 ], [ 722600.0, 6177900.0 ], [ 722700.0, 6177900.0 ], [ 722700.0, 6177800.0 ], [ 722600.0, 6177800.0 ], [ 722500.0, 6177800.0 ], [ 722500.0, 6177900.0 ] ] ] } },
{ "type": "Feature", "properties": { "Shape_Area": 10000.0, "Shape_Leng": 400.0, "cluster_id": "101_686", "fid_1": 686.0, "id_munic": 686.0, "munic_clus": "101_686", "munic_code": 101.0, "min": 3.0556483268737793, "max": 3.0556483268737793, "mean": 3.0556483268737793, "count": 1, "std": 0.0, "range": 0.0 }, "geometry": { "type": "Polygon", "coordinates": [ [ [ 722700.0, 6177900.0 ], [ 722700.0, 6178000.0 ], [ 722800.0, 6178000.0 ], [ 722800.0, 6177900.0 ], [ 722700.0, 6177900.0 ] ] ] } },
{ "type": "Feature", "properties": { "Shape_Area": 10000.0, "Shape_Leng": 400.0, "cluster_id": "101_687", "fid_1": 687.0, "id_munic": 687.0, "munic_clus": "101_687", "munic_code": 101.0, "min": 3.9931693077087402, "max": 3.9931693077087402, "mean": 3.9931693077087402, "count": 1, "std": 0.0, "range": 0.0 }, "geometry": { "type": "Polygon", "coordinates": [ [ [ 722700.0, 6177800.0 ], [ 722700.0, 6177900.0 ], [ 722800.0, 6177900.0 ], [ 722800.0, 6177800.0 ], [ 722700.0, 6177800.0 ] ] ] } },
{ "type": "Feature", "properties": { "Shape_Area": 10000.0, "Shape_Leng": 400.0, "cluster_id": "101_688", "fid_1": 688.0, "id_munic": 688.0, "munic_clus": "101_688", "munic_code": 101.0, "min": 2.2325892448425293, "max": 2.2325892448425293, "mean": 2.2325892448425293, "count": 1, "std": 0.0, "range": 0.0 }, "geometry": { "type": "Polygon", "coordinates": [ [ [ 722800.0, 6177500.0 ], [ 722800.0, 6177600.0 ], [ 722900.0, 6177600.0 ], [ 722900.0, 6177500.0 ], [ 722800.0, 6177500.0 ] ] ] } },
{ "type": "Feature", "properties": { "Shape_Area": 10000.0, "Shape_Leng": 400.0, "cluster_id": "101_689", "fid_1": 689.0, "id_munic": 689.0, "munic_clus": "101_689", "munic_code": 101.0, "min": 3.1541154384613037, "max": 3.1541154384613037, "mean": 3.1541154384613037, "count": 1, "std": 0.0, "range": 0.0 }, "geometry": { "type": "Polygon", "coordinates": [ [ [ 722700.0, 6177600.0 ], [ 722700.0, 6177700.0 ], [ 722800.0, 6177700.0 ], [ 722800.0, 6177600.0 ], [ 722700.0, 6177600.0 ] ] ] } },
{ "type": "Feature", "properties": { "Shape_Area": 10000.0, "Shape_Leng": 400.0, "cluster_id": "101_690", "fid_1": 690.0, "id_munic": 690.0, "munic_clus": "101_690", "munic_code": 101.0, "min": 3.7220926284790039, "max": 3.7220926284790039, "mean": 3.7220926284790039, "count": 1, "std": 0.0, "range": 0.0 }, "geometry": { "type": "Polygon", "coordinates": [ [ [ 722700.0, 6177500.0 ], [ 722700.0, 6177600.0 ], [ 722800.0, 6177600.0 ], [ 722800.0, 6177500.0 ], [ 722700.0, 6177500.0 ] ] ] } },
{ "type": "Feature", "properties": { "Shape_Area": 10000.0, "Shape_Leng": 400.0, "cluster_id": "101_691", "fid_1": 691.0, "id_munic": 691.0, "munic_clus": "101_691", "munic_code": 101.0, "min": 3.0033326148986816, "max": 3.0033326148986816, "mean": 3.0033326148986816, "count": 1, "std": 0.0, "range": 0.0 }, "geometry": { "type": "Polygon", "coordinates": [ [ [ 722600.0, 6177600.0 ], [ 722600.0, 6177700.0 ], [ 722700.0, 6177700.0 ], [ 722700.0, 6177600.0 ], [ 722600.0, 6177600.0 ] ] ] } },
{ "type": "Feature", "properties": { "Shape_Area": 20000.0, "Shape_Leng": 600.0, "cluster_id": "101_692", "fid_1": 692.0, "id_munic": 692.0, "munic_clus": "101_692", "munic_code": 101.0, "min": 2.7255916595458984, "max": 2.7255916595458984, "mean": 2.7255916595458984, "count": 2, "std": 0.0, "range": 0.0 }, "geometry": { "type": "Polygon", "coordinates": [ [ [ 722700.0, 6177400.0 ], [ 722700.0, 6177500.0 ], [ 722800.0, 6177500.0 ], [ 722800.0, 6177400.0 ], [ 722800.0, 6177300.0 ], [ 722700.0, 6177300.0 ], [ 722700.0, 6177400.0 ] ] ] } },
{ "type": "Feature", "properties": { "Shape_Area": 10000.0, "Shape_Leng": 400.0, "cluster_id": "101_693", "fid_1": 693.0, "id_munic": 693.0, "munic_clus": "101_693", "munic_code": 101.0, "min": 3.253748893737793, "max": 3.253748893737793, "mean": 3.253748893737793, "count": 1, "std": 0.0, "range": 0.0 }, "geometry": { "type": "Polygon", "coordinates": [ [ [ 722500.0, 6177400.0 ], [ 722500.0, 6177500.0 ], [ 722600.0, 6177500.0 ], [ 722600.0, 6177400.0 ], [ 722500.0, 6177400.0 ] ] ] } },
{ "type": "Feature", "properties": { "Shape_Area": 10000.0, "Shape_Leng": 400.0, "cluster_id": "101_694", "fid_1": 694.0, "id_munic": 694.0, "munic_clus": "101_694", "munic_code": 101.0, "min": 2.9111964702606201, "max": 2.9111964702606201, "mean": 2.9111964702606201, "count": 1, "std": 0.0, "range": 0.0 }, "geometry": { "type": "Polygon", "coordinates": [ [ [ 722400.0, 6177400.0 ], [ 722400.0, 6177500.0 ], [ 722500.0, 6177500.0 ], [ 722500.0, 6177400.0 ], [ 722400.0, 6177400.0 ] ] ] } },
{ "type": "Feature", "properties": { "Shape_Area": 20000.0, "Shape_Leng": 600.0, "cluster_id": "101_695", "fid_1": 695.0, "id_munic": 695.0, "munic_clus": "101_695", "munic_code": 101.0, "min": 2.7379207611083984, "max": 2.7379207611083984, "mean": 2.7379207611083984, "count": 2, "std": 0.0, "range": 0.0 }, "geometry": { "type": "Polygon", "coordinates": [ [ [ 723600.0, 6176700.0 ], [ 723600.0, 6176800.0 ], [ 723700.0, 6176800.0 ], [ 723700.0, 6176700.0 ], [ 723700.0, 6176600.0 ], [ 723600.0, 6176600.0 ], [ 723600.0, 6176700.0 ] ] ] } },
{ "type": "Feature", "properties": { "Shape_Area": 80000.0, "Shape_Leng": 1400.0, "cluster_id": "101_696", "fid_1": 696.0, "id_munic": 696.0, "munic_clus": "101_696", "munic_code": 101.0, "min": 3.6612796783447266, "max": 3.6612796783447266, "mean": 3.6612796783447266, "count": 8, "std": 0.0, "range": 0.0 }, "geometry": { "type": "Polygon", "coordinates": [ [ [ 724000.0, 6181500.0 ], [ 723900.0, 6181500.0 ], [ 723900.0, 6181600.0 ], [ 723900.0, 6181700.0 ], [ 723900.0, 6181800.0 ], [ 723900.0, 6181900.0 ], [ 723900.0, 6182000.0 ], [ 724000.0, 6182000.0 ], [ 724000.0, 6181900.0 ], [ 724000.0, 6181800.0 ], [ 724100.0, 6181800.0 ], [ 724100.0, 6181700.0 ], [ 724100.0, 6181600.0 ], [ 724100.0, 6181500.0 ], [ 724000.0, 6181500.0 ] ] ] } },
{ "type": "Feature", "properties": { "Shape_Area": 20000.0, "Shape_Leng": 600.0, "cluster_id": "101_697", "fid_1": 697.0, "id_munic": 697.0, "munic_clus": "101_697", "munic_code": 101.0, "min": 2.5369882583618164, "max": 2.5369882583618164, "mean": 2.5369882583618164, "count": 2, "std": 0.0, "range": 0.0 }, "geometry": { "type": "Polygon", "coordinates": [ [ [ 723800.0, 6181600.0 ], [ 723800.0, 6181700.0 ], [ 723900.0, 6181700.0 ], [ 723900.0, 6181600.0 ], [ 723900.0, 6181500.0 ], [ 723800.0, 6181500.0 ], [ 723800.0, 6181600.0 ] ] ] } },
{ "type": "Feature", "properties": { "Shape_Area": 60000.0, "Shape_Leng": 1200.0, "cluster_id": "101_698", "fid_1": 698.0, "id_munic": 698.0, "munic_clus": "101_698", "munic_code": 101.0, "min": 2.6372873783111572, "max": 2.6372873783111572, "mean": 2.6372874577840171, "count": 6, "std": 7.947285984855057e-08, "range": 0.0 }, "geometry": { "type": "Polygon", "coordinates": [ [ [ 723700.0, 6181800.0 ], [ 723700.0, 6181900.0 ], [ 723800.0, 6181900.0 ], [ 723800.0, 6182000.0 ], [ 723900.0, 6182000.0 ], [ 723900.0, 6181900.0 ], [ 723900.0, 6181800.0 ], [ 723900.0, 6181700.0 ], [ 723800.0, 6181700.0 ], [ 723800.0, 6181600.0 ], [ 723700.0, 6181600.0 ], [ 723700.0, 6181700.0 ], [ 723700.0, 6181800.0 ] ] ] } },
{ "type": "Feature", "properties": { "Shape_Area": 60000.0, "Shape_Leng": 1200.0, "cluster_id": "101_699", "fid_1": 699.0, "id_munic": 699.0, "munic_clus": "101_699", "munic_code": 101.0, "min": 3.000499963760376, "max": 3.000499963760376, "mean": 3.0005000432332358, "count": 6, "std": 7.947285984855057e-08, "range": 0.0 }, "geometry": { "type": "Polygon", "coordinates": [ [ [ 721700.0, 6181100.0 ], [ 721600.0, 6181100.0 ], [ 721500.0, 6181100.0 ], [ 721500.0, 6181200.0 ], [ 721400.0, 6181200.0 ], [ 721400.0, 6181300.0 ], [ 721500.0, 6181300.0 ], [ 721600.0, 6181300.0 ], [ 721600.0, 6181400.0 ], [ 721700.0, 6181400.0 ], [ 721700.0, 6181300.0 ], [ 721700.0, 6181200.0 ], [ 721700.0, 6181100.0 ] ] ] } },
{ "type": "Feature", "properties": { "Shape_Area": 160000.0, "Shape_Leng": 2400.0, "cluster_id": "101_700", "fid_1": 700.0, "id_munic": 700.0, "munic_clus": "101_700", "munic_code": 101.0, "min": 3.2899036407470703, "max": 3.2899036407470703, "mean": 3.2899031639099121, "count": 16, "std": 4.76837158203125e-07, "range": 0.0 }, "geometry": { "type": "Polygon", "coordinates": [ [ [ 722200.0, 6180900.0 ], [ 722100.0, 6180900.0 ], [ 722000.0, 6180900.0 ], [ 722000.0, 6181000.0 ], [ 722000.0, 6181100.0 ], [ 722100.0, 6181100.0 ], [ 722100.0, 6181200.0 ], [ 722100.0, 6181300.0 ], [ 722200.0, 6181300.0 ], [ 722300.0, 6181300.0 ], [ 722300.0, 6181200.0 ], [ 722300.0, 6181100.0 ], [ 722400.0, 6181100.0 ], [ 722400.0, 6181000.0 ], [ 722500.0, 6181000.0 ], [ 722600.0, 6181000.0 ], [ 722600.0, 6181100.0 ], [ 722700.0, 6181100.0 ], [ 722700.0, 6181000.0 ], [ 722700.0, 6180900.0 ], [ 722600.0, 6180900.0 ], [ 722500.0, 6180900.0 ], [ 722400.0, 6180900.0 ], [ 722300.0, 6180900.0 ], [ 722200.0, 6180900.0 ] ] ] } },
{ "type": "Feature", "properties": { "Shape_Area": 200000.0, "Shape_Leng": 2000.0, "cluster_id": "101_701", "fid_1": 701.0, "id_munic": 701.0, "munic_clus": "101_701", "munic_code": 101.0, "min": 2.6842720508575439, "max": 2.6842720508575439, "mean": 2.6842720031738283, "count": 20, "std": 4.7683715642676816e-08, "range": 0.0 }, "geometry": { "type": "Polygon", "coordinates": [ [ [ 721600.0, 6181000.0 ], [ 721600.0, 6181100.0 ], [ 721700.0, 6181100.0 ], [ 721700.0, 6181200.0 ], [ 721700.0, 6181300.0 ], [ 721700.0, 6181400.0 ], [ 721800.0, 6181400.0 ], [ 721900.0, 6181400.0 ], [ 722000.0, 6181400.0 ], [ 722100.0, 6181400.0 ], [ 722100.0, 6181300.0 ], [ 722100.0, 6181200.0 ], [ 722100.0, 6181100.0 ], [ 722000.0, 6181100.0 ], [ 722000.0, 6181000.0 ], [ 722000.0, 6180900.0 ], [ 721900.0, 6180900.0 ], [ 721800.0, 6180900.0 ], [ 721700.0, 6180900.0 ], [ 721600.0, 6180900.0 ], [ 721600.0, 6181000.0 ] ] ] } },
{ "type": "Feature", "properties": { "Shape_Area": 50000.0, "Shape_Leng": 1000.0, "cluster_id": "101_702", "fid_1": 702.0, "id_munic": 702.0, "munic_clus": "101_702", "munic_code": 101.0, "min": 3.0674774646759033, "max": 3.0674774646759033, "mean": 3.0674774169921877, "count": 5, "std": 4.7683715642676816e-08, "range": 0.0 }, "geometry": { "type": "Polygon", "coordinates": [ [ [ 721600.0, 6180900.0 ], [ 721500.0, 6180900.0 ], [ 721400.0, 6180900.0 ], [ 721400.0, 6181000.0 ], [ 721400.0, 6181100.0 ], [ 721400.0, 6181200.0 ], [ 721500.0, 6181200.0 ], [ 721500.0, 6181100.0 ], [ 721600.0, 6181100.0 ], [ 721600.0, 6181000.0 ], [ 721600.0, 6180900.0 ] ] ] } },
{ "type": "Feature", "properties": { "Shape_Area": 310000.0, "Shape_Leng": 2400.0, "cluster_id": "101_703", "fid_1": 703.0, "id_munic": 703.0, "munic_clus": "101_703", "munic_code": 101.0, "min": 3.2240924835205078, "max": 3.2240924835205078, "mean": 3.2240922989383822, "count": 31, "std": 1.8458212558414289e-07, "range": 0.0 }, "geometry": { "type": "Polygon", "coordinates": [ [ [ 720900.0, 6180800.0 ], [ 720800.0, 6180800.0 ], [ 720800.0, 6180900.0 ], [ 720800.0, 6181000.0 ], [ 720800.0, 6181100.0 ], [ 720900.0, 6181100.0 ], [ 720900.0, 6181200.0 ], [ 720900.0, 6181300.0 ], [ 721000.0, 6181300.0 ], [ 721000.0, 6181400.0 ], [ 721100.0, 6181400.0 ], [ 721200.0, 6181400.0 ], [ 721300.0, 6181400.0 ], [ 721400.0, 6181400.0 ], [ 721400.0, 6181300.0 ], [ 721400.0, 6181200.0 ], [ 721400.0, 6181100.0 ], [ 721400.0, 6181000.0 ], [ 721400.0, 6180900.0 ], [ 721300.0, 6180900.0 ], [ 721300.0, 6180800.0 ], [ 721200.0, 6180800.0 ], [ 721100.0, 6180800.0 ], [ 721000.0, 6180800.0 ], [ 720900.0, 6180800.0 ] ] ] } },
{ "type": "Feature", "properties": { "Shape_Area": 30000.0, "Shape_Leng": 800.0, "cluster_id": "101_704", "fid_1": 704.0, "id_munic": 704.0, "munic_clus": "101_704", "munic_code": 101.0, "min": 2.6546154022216797, "max": 2.6546154022216797, "mean": 2.6546154022216797, "count": 3, "std": 0.0, "range": 0.0 }, "geometry": { "type": "Polygon", "coordinates": [ [ [ 724800.0, 6178600.0 ], [ 724800.0, 6178700.0 ], [ 724900.0, 6178700.0 ], [ 725000.0, 6178700.0 ], [ 725000.0, 6178600.0 ], [ 724900.0, 6178600.0 ], [ 724900.0, 6178500.0 ], [ 724800.0, 6178500.0 ], [ 724800.0, 6178600.0 ] ] ] } },
{ "type": "Feature", "properties": { "Shape_Area": 10000.0, "Shape_Leng": 400.0, "cluster_id": "101_705", "fid_1": 705.0, "id_munic": 705.0, "munic_clus": "101_705", "munic_code": 101.0, "min": 3.6286239624023438, "max": 3.6286239624023438, "mean": 3.6286239624023438, "count": 1, "std": 0.0, "range": 0.0 }, "geometry": { "type": "Polygon", "coordinates": [ [ [ 725300.0, 6178500.0 ], [ 725300.0, 6178600.0 ], [ 725400.0, 6178600.0 ], [ 725400.0, 6178500.0 ], [ 725300.0, 6178500.0 ] ] ] } },
{ "type": "Feature", "properties": { "Shape_Area": 10000.0, "Shape_Leng": 400.0, "cluster_id": "101_706", "fid_1": 706.0, "id_munic": 706.0, "munic_clus": "101_706", "munic_code": 101.0, "min": 2.9598472118377686, "max": 2.9598472118377686, "mean": 2.9598472118377686, "count": 1, "std": 0.0, "range": 0.0 }, "geometry": { "type": "Polygon", "coordinates": [ [ [ 723500.0, 6177000.0 ], [ 723500.0, 6177100.0 ], [ 723600.0, 6177100.0 ], [ 723600.0, 6177000.0 ], [ 723500.0, 6177000.0 ] ] ] } },
{ "type": "Feature", "properties": { "Shape_Area": 20000.0, "Shape_Leng": 600.0, "cluster_id": "101_707", "fid_1": 707.0, "id_munic": 707.0, "munic_clus": "101_707", "munic_code": 101.0, "min": 3.0029990673065186, "max": 3.0029990673065186, "mean": 3.0029990673065186, "count": 2, "std": 0.0, "range": 0.0 }, "geometry": { "type": "Polygon", "coordinates": [ [ [ 723400.0, 6177000.0 ], [ 723500.0, 6177000.0 ], [ 723600.0, 6177000.0 ], [ 723600.0, 6176900.0 ], [ 723500.0, 6176900.0 ], [ 723400.0, 6176900.0 ], [ 723400.0, 6177000.0 ] ] ] } },
{ "type": "Feature", "properties": { "Shape_Area": 10000.0, "Shape_Leng": 400.0, "cluster_id": "101_708", "fid_1": 708.0, "id_munic": 708.0, "munic_clus": "101_708", "munic_code": 101.0, "min": 3.5059981346130371, "max": 3.5059981346130371, "mean": 3.5059981346130371, "count": 1, "std": 0.0, "range": 0.0 }, "geometry": { "type": "Polygon", "coordinates": [ [ [ 723500.0, 6176800.0 ], [ 723500.0, 6176900.0 ], [ 723600.0, 6176900.0 ], [ 723600.0, 6176800.0 ], [ 723500.0, 6176800.0 ] ] ] } },
{ "type": "Feature", "properties": { "Shape_Area": 10000.0, "Shape_Leng": 400.0, "cluster_id": "101_709", "fid_1": 709.0, "id_munic": 709.0, "munic_clus": "101_709", "munic_code": 101.0, "min": 2.7734091281890869, "max": 2.7734091281890869, "mean": 2.7734091281890869, "count": 1, "std": 0.0, "range": 0.0 }, "geometry": { "type": "Polygon", "coordinates": [ [ [ 725000.0, 6178400.0 ], [ 725000.0, 6178500.0 ], [ 725100.0, 6178500.0 ], [ 725100.0, 6178400.0 ], [ 725000.0, 6178400.0 ] ] ] } },
{ "type": "Feature", "properties": { "Shape_Area": 20000.0, "Shape_Leng": 600.0, "cluster_id": "101_710", "fid_1": 710.0, "id_munic": 710.0, "munic_clus": "101_710", "munic_code": 101.0, "min": 2.5426526069641113, "max": 2.5426526069641113, "mean": 2.5426526069641113, "count": 2, "std": 0.0, "range": 0.0 }, "geometry": { "type": "Polygon", "coordinates": [ [ [ 724800.0, 6179200.0 ], [ 724900.0, 6179200.0 ], [ 725000.0, 6179200.0 ], [ 725000.0, 6179100.0 ], [ 724900.0, 6179100.0 ], [ 724800.0, 6179100.0 ], [ 724800.0, 6179200.0 ] ] ] } },
{ "type": "Feature", "properties": { "Shape_Area": 10000.0, "Shape_Leng": 400.0, "cluster_id": "101_711", "fid_1": 711.0, "id_munic": 711.0, "munic_clus": "101_711", "munic_code": 101.0, "min": 2.7307562828063965, "max": 2.7307562828063965, "mean": 2.7307562828063965, "count": 1, "std": 0.0, "range": 0.0 }, "geometry": { "type": "Polygon", "coordinates": [ [ [ 724800.0, 6178400.0 ], [ 724800.0, 6178500.0 ], [ 724900.0, 6178500.0 ], [ 724900.0, 6178400.0 ], [ 724800.0, 6178400.0 ] ] ] } },
{ "type": "Feature", "properties": { "Shape_Area": 10000.0, "Shape_Leng": 400.0, "cluster_id": "101_712", "fid_1": 712.0, "id_munic": 712.0, "munic_clus": "101_712", "munic_code": 101.0, "min": 3.1071310043334961, "max": 3.1071310043334961, "mean": 3.1071310043334961, "count": 1, "std": 0.0, "range": 0.0 }, "geometry": { "type": "Polygon", "coordinates": [ [ [ 724900.0, 6178500.0 ], [ 724900.0, 6178600.0 ], [ 725000.0, 6178600.0 ], [ 725000.0, 6178500.0 ], [ 724900.0, 6178500.0 ] ] ] } },
{ "type": "Feature", "properties": { "Shape_Area": 20000.0, "Shape_Leng": 600.0, "cluster_id": "101_713", "fid_1": 713.0, "id_munic": 713.0, "munic_clus": "101_713", "munic_code": 101.0, "min": 2.7397539615631104, "max": 2.7397539615631104, "mean": 2.7397539615631104, "count": 2, "std": 0.0, "range": 0.0 }, "geometry": { "type": "Polygon", "coordinates": [ [ [ 725200.0, 6178900.0 ], [ 725300.0, 6178900.0 ], [ 725400.0, 6178900.0 ], [ 725400.0, 6178800.0 ], [ 725300.0, 6178800.0 ], [ 725200.0, 6178800.0 ], [ 725200.0, 6178900.0 ] ] ] } },
{ "type": "Feature", "properties": { "Shape_Area": 10000.0, "Shape_Leng": 400.0, "cluster_id": "101_714", "fid_1": 714.0, "id_munic": 714.0, "munic_clus": "101_714", "munic_code": 101.0, "min": 3.1747753620147705, "max": 3.1747753620147705, "mean": 3.1747753620147705, "count": 1, "std": 0.0, "range": 0.0 }, "geometry": { "type": "Polygon", "coordinates": [ [ [ 725300.0, 6178600.0 ], [ 725300.0, 6178700.0 ], [ 725400.0, 6178700.0 ], [ 725400.0, 6178600.0 ], [ 725300.0, 6178600.0 ] ] ] } },
{ "type": "Feature", "properties": { "Shape_Area": 30000.0, "Shape_Leng": 800.0, "cluster_id": "101_715", "fid_1": 715.0, "id_munic": 715.0, "munic_clus": "101_715", "munic_code": 101.0, "min": 2.6747753620147705, "max": 2.6747753620147705, "mean": 2.6747754414876304, "count": 3, "std": 7.947285984855057e-08, "range": 0.0 }, "geometry": { "type": "Polygon", "coordinates": [ [ [ 725400.0, 6178700.0 ], [ 725300.0, 6178700.0 ], [ 725300.0, 6178800.0 ], [ 725400.0, 6178800.0 ], [ 725500.0, 6178800.0 ], [ 725500.0, 6178700.0 ], [ 725500.0, 6178600.0 ], [ 725400.0, 6178600.0 ], [ 725400.0, 6178700.0 ] ] ] } },
{ "type": "Feature", "properties": { "Shape_Area": 40000.0, "Shape_Leng": 800.0, "cluster_id": "101_716", "fid_1": 716.0, "id_munic": 716.0, "munic_clus": "101_716", "munic_code": 101.0, "min": 3.3350553512573242, "max": 3.3350553512573242, "mean": 3.3350553512573242, "count": 4, "std": 0.0, "range": 0.0 }, "geometry": { "type": "Polygon", "coordinates": [ [ [ 725300.0, 6178600.0 ], [ 725200.0, 6178600.0 ], [ 725100.0, 6178600.0 ], [ 725100.0, 6178700.0 ], [ 725100.0, 6178800.0 ], [ 725200.0, 6178800.0 ], [ 725300.0, 6178800.0 ], [ 725300.0, 6178700.0 ], [ 725300.0, 6178600.0 ] ] ] } },
{ "type": "Feature", "properties": { "Shape_Area": 20000.0, "Shape_Leng": 600.0, "cluster_id": "101_717", "fid_1": 717.0, "id_munic": 717.0, "munic_clus": "101_717", "munic_code": 101.0, "min": 3.1722760200500488, "max": 3.1722760200500488, "mean": 3.1722760200500488, "count": 2, "std": 0.0, "range": 0.0 }, "geometry": { "type": "Polygon", "coordinates": [ [ [ 725300.0, 6178400.0 ], [ 725400.0, 6178400.0 ], [ 725500.0, 6178400.0 ], [ 725500.0, 6178300.0 ], [ 725400.0, 6178300.0 ], [ 725300.0, 6178300.0 ], [ 725300.0, 6178400.0 ] ] ] } },
{ "type": "Feature", "properties": { "Shape_Area": 20000.0, "Shape_Leng": 600.0, "cluster_id": "101_718", "fid_1": 718.0, "id_munic": 718.0, "munic_clus": "101_718", "munic_code": 101.0, "min": 2.9703433513641357, "max": 2.9703433513641357, "mean": 2.9703433513641357, "count": 2, "std": 0.0, "range": 0.0 }, "geometry": { "type": "Polygon", "coordinates": [ [ [ 725400.0, 6178600.0 ], [ 725500.0, 6178600.0 ], [ 725600.0, 6178600.0 ], [ 725600.0, 6178500.0 ], [ 725500.0, 6178500.0 ], [ 725400.0, 6178500.0 ], [ 725400.0, 6178600.0 ] ] ] } },
{ "type": "Feature", "properties": { "Shape_Area": 10000.0, "Shape_Leng": 400.0, "cluster_id": "101_719", "fid_1": 719.0, "id_munic": 719.0, "munic_clus": "101_719", "munic_code": 101.0, "min": 3.7624130249023438, "max": 3.7624130249023438, "mean": 3.7624130249023438, "count": 1, "std": 0.0, "range": 0.0 }, "geometry": { "type": "Polygon", "coordinates": [ [ [ 724800.0, 6178800.0 ], [ 724800.0, 6178900.0 ], [ 724900.0, 6178900.0 ], [ 724900.0, 6178800.0 ], [ 724800.0, 6178800.0 ] ] ] } },
{ "type": "Feature", "properties": { "Shape_Area": 10000.0, "Shape_Leng": 400.0, "cluster_id": "101_720", "fid_1": 720.0, "id_munic": 720.0, "munic_clus": "101_720", "munic_code": 101.0, "min": 2.6551151275634766, "max": 2.6551151275634766, "mean": 2.6551151275634766, "count": 1, "std": 0.0, "range": 0.0 }, "geometry": { "type": "Polygon", "coordinates": [ [ [ 720100.0, 6177800.0 ], [ 720100.0, 6177900.0 ], [ 720200.0, 6177900.0 ], [ 720200.0, 6177800.0 ], [ 720100.0, 6177800.0 ] ] ] } },
{ "type": "Feature", "properties": { "Shape_Area": 10000.0, "Shape_Leng": 400.0, "cluster_id": "101_721", "fid_1": 721.0, "id_munic": 721.0, "munic_clus": "101_721", "munic_code": 101.0, "min": 2.7929024696350098, "max": 2.7929024696350098, "mean": 2.7929024696350098, "count": 1, "std": 0.0, "range": 0.0 }, "geometry": { "type": "Polygon", "coordinates": [ [ [ 725000.0, 6178600.0 ], [ 725000.0, 6178700.0 ], [ 725100.0, 6178700.0 ], [ 725100.0, 6178600.0 ], [ 725000.0, 6178600.0 ] ] ] } },
{ "type": "Feature", "properties": { "Shape_Area": 10000.0, "Shape_Leng": 400.0, "cluster_id": "101_722", "fid_1": 722.0, "id_munic": 722.0, "munic_clus": "101_722", "munic_code": 101.0, "min": 3.1096303462982178, "max": 3.1096303462982178, "mean": 3.1096303462982178, "count": 1, "std": 0.0, "range": 0.0 }, "geometry": { "type": "Polygon", "coordinates": [ [ [ 725200.0, 6178300.0 ], [ 725200.0, 6178400.0 ], [ 725300.0, 6178400.0 ], [ 725300.0, 6178300.0 ], [ 725200.0, 6178300.0 ] ] ] } },
{ "type": "Feature", "properties": { "Shape_Area": 20000.0, "Shape_Leng": 600.0, "cluster_id": "101_723", "fid_1": 723.0, "id_munic": 723.0, "munic_clus": "101_723", "munic_code": 101.0, "min": 3.3390538692474365, "max": 3.3390538692474365, "mean": 3.3390538692474365, "count": 2, "std": 0.0, "range": 0.0 }, "geometry": { "type": "Polygon", "coordinates": [ [ [ 725300.0, 6178500.0 ], [ 725400.0, 6178500.0 ], [ 725500.0, 6178500.0 ], [ 725500.0, 6178400.0 ], [ 725400.0, 6178400.0 ], [ 725300.0, 6178400.0 ], [ 725300.0, 6178500.0 ] ] ] } },
{ "type": "Feature", "properties": { "Shape_Area": 10000.0, "Shape_Leng": 400.0, "cluster_id": "101_724", "fid_1": 724.0, "id_munic": 724.0, "munic_clus": "101_724", "munic_code": 101.0, "min": 3.1916029453277588, "max": 3.1916029453277588, "mean": 3.1916029453277588, "count": 1, "std": 0.0, "range": 0.0 }, "geometry": { "type": "Polygon", "coordinates": [ [ [ 724900.0, 6178200.0 ], [ 724900.0, 6178300.0 ], [ 725000.0, 6178300.0 ], [ 725000.0, 6178200.0 ], [ 724900.0, 6178200.0 ] ] ] } },
{ "type": "Feature", "properties": { "Shape_Area": 20000.0, "Shape_Leng": 600.0, "cluster_id": "101_725", "fid_1": 725.0, "id_munic": 725.0, "munic_clus": "101_725", "munic_code": 101.0, "min": 3.3018994331359863, "max": 3.3018994331359863, "mean": 3.3018994331359863, "count": 2, "std": 0.0, "range": 0.0 }, "geometry": { "type": "Polygon", "coordinates": [ [ [ 724900.0, 6178200.0 ], [ 725000.0, 6178200.0 ], [ 725100.0, 6178200.0 ], [ 725100.0, 6178100.0 ], [ 725000.0, 6178100.0 ], [ 724900.0, 6178100.0 ], [ 724900.0, 6178200.0 ] ] ] } },
{ "type": "Feature", "properties": { "Shape_Area": 20000.0, "Shape_Leng": 600.0, "cluster_id": "101_726", "fid_1": 726.0, "id_munic": 726.0, "munic_clus": "101_726", "munic_code": 101.0, "min": 3.0283243656158447, "max": 3.0283243656158447, "mean": 3.0283243656158447, "count": 2, "std": 0.0, "range": 0.0 }, "geometry": { "type": "Polygon", "coordinates": [ [ [ 725100.0, 6178300.0 ], [ 725200.0, 6178300.0 ], [ 725300.0, 6178300.0 ], [ 725300.0, 6178200.0 ], [ 725200.0, 6178200.0 ], [ 725100.0, 6178200.0 ], [ 725100.0, 6178300.0 ] ] ] } },
{ "type": "Feature", "properties": { "Shape_Area": 30000.0, "Shape_Leng": 800.0, "cluster_id": "101_727", "fid_1": 727.0, "id_munic": 727.0, "munic_clus": "101_727", "munic_code": 101.0, "min": 2.1921031475067139, "max": 2.1921031475067139, "mean": 2.192103068033854, "count": 3, "std": 7.947285984855057e-08, "range": 0.0 }, "geometry": { "type": "Polygon", "coordinates": [ [ [ 725000.0, 6178300.0 ], [ 725000.0, 6178400.0 ], [ 725100.0, 6178400.0 ], [ 725200.0, 6178400.0 ], [ 725200.0, 6178300.0 ], [ 725100.0, 6178300.0 ], [ 725100.0, 6178200.0 ], [ 725000.0, 6178200.0 ], [ 725000.0, 6178300.0 ] ] ] } },
{ "type": "Feature", "properties": { "Shape_Area": 20000.0, "Shape_Leng": 600.0, "cluster_id": "101_728", "fid_1": 728.0, "id_munic": 728.0, "munic_clus": "101_728", "munic_code": 101.0, "min": 3.8028993606567383, "max": 3.8028993606567383, "mean": 3.8028993606567383, "count": 2, "std": 0.0, "range": 0.0 }, "geometry": { "type": "Polygon", "coordinates": [ [ [ 724800.0, 6178800.0 ], [ 724900.0, 6178800.0 ], [ 725000.0, 6178800.0 ], [ 725000.0, 6178700.0 ], [ 724900.0, 6178700.0 ], [ 724800.0, 6178700.0 ], [ 724800.0, 6178800.0 ] ] ] } },
{ "type": "Feature", "properties": { "Shape_Area": 40000.0, "Shape_Leng": 800.0, "cluster_id": "101_729", "fid_1": 729.0, "id_munic": 729.0, "munic_clus": "101_729", "munic_code": 101.0, "min": 2.6656115055084229, "max": 2.6656115055084229, "mean": 2.6656115055084229, "count": 4, "std": 0.0, "range": 0.0 }, "geometry": { "type": "Polygon", "coordinates": [ [ [ 725300.0, 6178400.0 ], [ 725200.0, 6178400.0 ], [ 725100.0, 6178400.0 ], [ 725100.0, 6178500.0 ], [ 725100.0, 6178600.0 ], [ 725200.0, 6178600.0 ], [ 725300.0, 6178600.0 ], [ 725300.0, 6178500.0 ], [ 725300.0, 6178400.0 ] ] ] } },
{ "type": "Feature", "properties": { "Shape_Area": 20000.0, "Shape_Leng": 600.0, "cluster_id": "101_730", "fid_1": 730.0, "id_munic": 730.0, "munic_clus": "101_730", "munic_code": 101.0, "min": 3.2180943489074707, "max": 3.2180943489074707, "mean": 3.2180943489074707, "count": 2, "std": 0.0, "range": 0.0 }, "geometry": { "type": "Polygon", "coordinates": [ [ [ 724800.0, 6179100.0 ], [ 724900.0, 6179100.0 ], [ 725000.0, 6179100.0 ], [ 725000.0, 6179000.0 ], [ 724900.0, 6179000.0 ], [ 724800.0, 6179000.0 ], [ 724800.0, 6179100.0 ] ] ] } },
{ "type": "Feature", "properties": { "Shape_Area": 20000.0, "Shape_Leng": 600.0, "cluster_id": "101_731", "fid_1": 731.0, "id_munic": 731.0, "munic_clus": "101_731", "munic_code": 101.0, "min": 3.3397202491760254, "max": 3.3397202491760254, "mean": 3.3397202491760254, "count": 2, "std": 0.0, "range": 0.0 }, "geometry": { "type": "Polygon", "coordinates": [ [ [ 724800.0, 6179000.0 ], [ 724900.0, 6179000.0 ], [ 725000.0, 6179000.0 ], [ 725000.0, 6178900.0 ], [ 724900.0, 6178900.0 ], [ 724800.0, 6178900.0 ], [ 724800.0, 6179000.0 ] ] ] } },
{ "type": "Feature", "properties": { "Shape_Area": 10000.0, "Shape_Leng": 400.0, "cluster_id": "101_732", "fid_1": 732.0, "id_munic": 732.0, "munic_clus": "101_732", "munic_code": 101.0, "min": 3.0723094940185547, "max": 3.0723094940185547, "mean": 3.0723094940185547, "count": 1, "std": 0.0, "range": 0.0 }, "geometry": { "type": "Polygon", "coordinates": [ [ [ 724900.0, 6178800.0 ], [ 724900.0, 6178900.0 ], [ 725000.0, 6178900.0 ], [ 725000.0, 6178800.0 ], [ 724900.0, 6178800.0 ] ] ] } },
{ "type": "Feature", "properties": { "Shape_Area": 10000.0, "Shape_Leng": 400.0, "cluster_id": "101_733", "fid_1": 733.0, "id_munic": 733.0, "munic_clus": "101_733", "munic_code": 101.0, "min": 3.5506501197814941, "max": 3.5506501197814941, "mean": 3.5506501197814941, "count": 1, "std": 0.0, "range": 0.0 }, "geometry": { "type": "Polygon", "coordinates": [ [ [ 725500.0, 6178400.0 ], [ 725500.0, 6178500.0 ], [ 725600.0, 6178500.0 ], [ 725600.0, 6178400.0 ], [ 725500.0, 6178400.0 ] ] ] } },
{ "type": "Feature", "properties": { "Shape_Area": 10000.0, "Shape_Leng": 400.0, "cluster_id": "101_734", "fid_1": 734.0, "id_munic": 734.0, "munic_clus": "101_734", "munic_code": 101.0, "min": 2.9596800804138184, "max": 2.9596800804138184, "mean": 2.9596800804138184, "count": 1, "std": 0.0, "range": 0.0 }, "geometry": { "type": "Polygon", "coordinates": [ [ [ 724900.0, 6178300.0 ], [ 724900.0, 6178400.0 ], [ 725000.0, 6178400.0 ], [ 725000.0, 6178300.0 ], [ 724900.0, 6178300.0 ] ] ] } },
{ "type": "Feature", "properties": { "Shape_Area": 10000.0, "Shape_Leng": 400.0, "cluster_id": "101_735", "fid_1": 735.0, "id_munic": 735.0, "munic_clus": "101_735", "munic_code": 101.0, "min": 2.4910030364990234, "max": 2.4910030364990234, "mean": 2.4910030364990234, "count": 1, "std": 0.0, "range": 0.0 }, "geometry": { "type": "Polygon", "coordinates": [ [ [ 724900.0, 6178400.0 ], [ 724900.0, 6178500.0 ], [ 725000.0, 6178500.0 ], [ 725000.0, 6178400.0 ], [ 724900.0, 6178400.0 ] ] ] } },
{ "type": "Feature", "properties": { "Shape_Area": 10000.0, "Shape_Leng": 400.0, "cluster_id": "101_736", "fid_1": 736.0, "id_munic": 736.0, "munic_clus": "101_736", "munic_code": 101.0, "min": 2.5036659240722656, "max": 2.5036659240722656, "mean": 2.5036659240722656, "count": 1, "std": 0.0, "range": 0.0 }, "geometry": { "type": "Polygon", "coordinates": [ [ [ 725000.0, 6178500.0 ], [ 725000.0, 6178600.0 ], [ 725100.0, 6178600.0 ], [ 725100.0, 6178500.0 ], [ 725000.0, 6178500.0 ] ] ] } },
{ "type": "Feature", "properties": { "Shape_Area": 20000.0, "Shape_Leng": 600.0, "cluster_id": "101_737", "fid_1": 737.0, "id_munic": 737.0, "munic_clus": "101_737", "munic_code": 101.0, "min": 3.6391205787658691, "max": 3.6391205787658691, "mean": 3.6391205787658691, "count": 2, "std": 0.0, "range": 0.0 }, "geometry": { "type": "Polygon", "coordinates": [ [ [ 722400.0, 6173000.0 ], [ 722400.0, 6173100.0 ], [ 722500.0, 6173100.0 ], [ 722500.0, 6173000.0 ], [ 722500.0, 6172900.0 ], [ 722400.0, 6172900.0 ], [ 722400.0, 6173000.0 ] ] ] } },
{ "type": "Feature", "properties": { "Shape_Area": 10000.0, "Shape_Leng": 400.0, "cluster_id": "101_738", "fid_1": 738.0, "id_munic": 738.0, "munic_clus": "101_738", "munic_code": 101.0, "min": 4.0901370048522949, "max": 4.0901370048522949, "mean": 4.0901370048522949, "count": 1, "std": 0.0, "range": 0.0 }, "geometry": { "type": "Polygon", "coordinates": [ [ [ 722400.0, 6172800.0 ], [ 722400.0, 6172900.0 ], [ 722500.0, 6172900.0 ], [ 722500.0, 6172800.0 ], [ 722400.0, 6172800.0 ] ] ] } },
{ "type": "Feature", "properties": { "Shape_Area": 10000.0, "Shape_Leng": 400.0, "cluster_id": "101_739", "fid_1": 739.0, "id_munic": 739.0, "munic_clus": "101_739", "munic_code": 101.0, "min": 2.7907369136810303, "max": 2.7907369136810303, "mean": 2.7907369136810303, "count": 1, "std": 0.0, "range": 0.0 }, "geometry": { "type": "Polygon", "coordinates": [ [ [ 722300.0, 6172700.0 ], [ 722300.0, 6172800.0 ], [ 722400.0, 6172800.0 ], [ 722400.0, 6172700.0 ], [ 722300.0, 6172700.0 ] ] ] } },
{ "type": "Feature", "properties": { "Shape_Area": 80000.0, "Shape_Leng": 1400.0, "cluster_id": "101_740", "fid_1": 740.0, "id_munic": 740.0, "munic_clus": "101_740", "munic_code": 101.0, "min": 3.0113294124603271, "max": 3.0113294124603271, "mean": 3.0113294124603271, "count": 8, "std": 0.0, "range": 0.0 }, "geometry": { "type": "Polygon", "coordinates": [ [ [ 722100.0, 6172900.0 ], [ 722200.0, 6172900.0 ], [ 722200.0, 6173000.0 ], [ 722300.0, 6173000.0 ], [ 722400.0, 6173000.0 ], [ 722400.0, 6172900.0 ], [ 722400.0, 6172800.0 ], [ 722300.0, 6172800.0 ], [ 722300.0, 6172700.0 ], [ 722200.0, 6172700.0 ], [ 722100.0, 6172700.0 ], [ 722000.0, 6172700.0 ], [ 722000.0, 6172800.0 ], [ 722100.0, 6172800.0 ], [ 722100.0, 6172900.0 ] ] ] } },
{ "type": "Feature", "properties": { "Shape_Area": 20000.0, "Shape_Leng": 600.0, "cluster_id": "101_741", "fid_1": 741.0, "id_munic": 741.0, "munic_clus": "101_741", "munic_code": 101.0, "min": 3.6134624481201172, "max": 3.6134624481201172, "mean": 3.6134624481201172, "count": 2, "std": 0.0, "range": 0.0 }, "geometry": { "type": "Polygon", "coordinates": [ [ [ 724500.0, 6180000.0 ], [ 724600.0, 6180000.0 ], [ 724700.0, 6180000.0 ], [ 724700.0, 6179900.0 ], [ 724600.0, 6179900.0 ], [ 724500.0, 6179900.0 ], [ 724500.0, 6180000.0 ] ] ] } },
{ "type": "Feature", "properties": { "Shape_Area": 20000.0, "Shape_Leng": 600.0, "cluster_id": "101_742", "fid_1": 742.0, "id_munic": 742.0, "munic_clus": "101_742", "munic_code": 101.0, "min": 2.8028988838195801, "max": 2.8028988838195801, "mean": 2.8028988838195801, "count": 2, "std": 0.0, "range": 0.0 }, "geometry": { "type": "Polygon", "coordinates": [ [ [ 724300.0, 6179900.0 ], [ 724400.0, 6179900.0 ], [ 724500.0, 6179900.0 ], [ 724500.0, 6179800.0 ], [ 724400.0, 6179800.0 ], [ 724300.0, 6179800.0 ], [ 724300.0, 6179900.0 ] ] ] } },
{ "type": "Feature", "properties": { "Shape_Area": 40000.0, "Shape_Leng": 800.0, "cluster_id": "101_743", "fid_1": 743.0, "id_munic": 743.0, "munic_clus": "101_743", "munic_code": 101.0, "min": 3.4973347187042236, "max": 3.4973347187042236, "mean": 3.4973347187042236, "count": 4, "std": 0.0, "range": 0.0 }, "geometry": { "type": "Polygon", "coordinates": [ [ [ 720100.0, 6178400.0 ], [ 720000.0, 6178400.0 ], [ 719900.0, 6178400.0 ], [ 719900.0, 6178500.0 ], [ 719900.0, 6178600.0 ], [ 720000.0, 6178600.0 ], [ 720100.0, 6178600.0 ], [ 720100.0, 6178500.0 ], [ 720100.0, 6178400.0 ] ] ] } },
{ "type": "Feature", "properties": { "Shape_Area": 10000.0, "Shape_Leng": 400.0, "cluster_id": "101_744", "fid_1": 744.0, "id_munic": 744.0, "munic_clus": "101_744", "munic_code": 101.0, "min": 3.887204647064209, "max": 3.887204647064209, "mean": 3.887204647064209, "count": 1, "std": 0.0, "range": 0.0 }, "geometry": { "type": "Polygon", "coordinates": [ [ [ 724300.0, 6179900.0 ], [ 724300.0, 6180000.0 ], [ 724400.0, 6180000.0 ], [ 724400.0, 6179900.0 ], [ 724300.0, 6179900.0 ] ] ] } },
{ "type": "Feature", "properties": { "Shape_Area": 10000.0, "Shape_Leng": 400.0, "cluster_id": "101_745", "fid_1": 745.0, "id_munic": 745.0, "munic_clus": "101_745", "munic_code": 101.0, "min": 3.107297420501709, "max": 3.107297420501709, "mean": 3.107297420501709, "count": 1, "std": 0.0, "range": 0.0 }, "geometry": { "type": "Polygon", "coordinates": [ [ [ 724600.0, 6180000.0 ], [ 724600.0, 6180100.0 ], [ 724700.0, 6180100.0 ], [ 724700.0, 6180000.0 ], [ 724600.0, 6180000.0 ] ] ] } },
{ "type": "Feature", "properties": { "Shape_Area": 20000.0, "Shape_Leng": 600.0, "cluster_id": "101_746", "fid_1": 746.0, "id_munic": 746.0, "munic_clus": "101_746", "munic_code": 101.0, "min": 3.8255581855773926, "max": 3.8255581855773926, "mean": 3.8255581855773926, "count": 2, "std": 0.0, "range": 0.0 }, "geometry": { "type": "Polygon", "coordinates": [ [ [ 724200.0, 6179800.0 ], [ 724200.0, 6179900.0 ], [ 724300.0, 6179900.0 ], [ 724300.0, 6179800.0 ], [ 724300.0, 6179700.0 ], [ 724200.0, 6179700.0 ], [ 724200.0, 6179800.0 ] ] ] } },
{ "type": "Feature", "properties": { "Shape_Area": 10000.0, "Shape_Leng": 400.0, "cluster_id": "101_747", "fid_1": 747.0, "id_munic": 747.0, "munic_clus": "101_747", "munic_code": 101.0, "min": 4.095634937286377, "max": 4.095634937286377, "mean": 4.095634937286377, "count": 1, "std": 0.0, "range": 0.0 }, "geometry": { "type": "Polygon", "coordinates": [ [ [ 724500.0, 6180000.0 ], [ 724500.0, 6180100.0 ], [ 724600.0, 6180100.0 ], [ 724600.0, 6180000.0 ], [ 724500.0, 6180000.0 ] ] ] } },
{ "type": "Feature", "properties": { "Shape_Area": 20000.0, "Shape_Leng": 600.0, "cluster_id": "101_748", "fid_1": 748.0, "id_munic": 748.0, "munic_clus": "101_748", "munic_code": 101.0, "min": 3.7409200668334961, "max": 3.7409200668334961, "mean": 3.7409200668334961, "count": 2, "std": 0.0, "range": 0.0 }, "geometry": { "type": "Polygon", "coordinates": [ [ [ 724400.0, 6180000.0 ], [ 724400.0, 6180100.0 ], [ 724500.0, 6180100.0 ], [ 724500.0, 6180000.0 ], [ 724500.0, 6179900.0 ], [ 724400.0, 6179900.0 ], [ 724400.0, 6180000.0 ] ] ] } },
{ "type": "Feature", "properties": { "Shape_Area": 20000.0, "Shape_Leng": 600.0, "cluster_id": "101_749", "fid_1": 749.0, "id_munic": 749.0, "munic_clus": "101_749", "munic_code": 101.0, "min": 3.7090973854064941, "max": 3.7090973854064941, "mean": 3.7090973854064941, "count": 2, "std": 0.0, "range": 0.0 }, "geometry": { "type": "Polygon", "coordinates": [ [ [ 719100.0, 6173400.0 ], [ 719200.0, 6173400.0 ], [ 719300.0, 6173400.0 ], [ 719300.0, 6173300.0 ], [ 719200.0, 6173300.0 ], [ 719100.0, 6173300.0 ], [ 719100.0, 6173400.0 ] ] ] } },
{ "type": "Feature", "properties": { "Shape_Area": 40000.0, "Shape_Leng": 800.0, "cluster_id": "101_750", "fid_1": 750.0, "id_munic": 750.0, "munic_clus": "101_750", "munic_code": 101.0, "min": 3.2635793685913086, "max": 3.2635793685913086, "mean": 3.2635793685913086, "count": 4, "std": 0.0, "range": 0.0 }, "geometry": { "type": "Polygon", "coordinates": [ [ [ 720100.0, 6178600.0 ], [ 720000.0, 6178600.0 ], [ 719900.0, 6178600.0 ], [ 719900.0, 6178700.0 ], [ 719900.0, 6178800.0 ], [ 720000.0, 6178800.0 ], [ 720100.0, 6178800.0 ], [ 720100.0, 6178700.0 ], [ 720100.0, 6178600.0 ] ] ] } },
{ "type": "Feature", "properties": { "Shape_Area": 30000.0, "Shape_Leng": 800.0, "cluster_id": "101_751", "fid_1": 751.0, "id_munic": 751.0, "munic_clus": "101_751", "munic_code": 101.0, "min": 2.8927023410797119, "max": 2.8927023410797119, "mean": 2.8927024205525718, "count": 3, "std": 7.947285984855057e-08, "range": 0.0 }, "geometry": { "type": "Polygon", "coordinates": [ [ [ 719400.0, 6173500.0 ], [ 719500.0, 6173500.0 ], [ 719500.0, 6173600.0 ], [ 719600.0, 6173600.0 ], [ 719600.0, 6173500.0 ], [ 719600.0, 6173400.0 ], [ 719500.0, 6173400.0 ], [ 719400.0, 6173400.0 ], [ 719400.0, 6173500.0 ] ] ] } },
{ "type": "Feature", "properties": { "Shape_Area": 90000.0, "Shape_Leng": 1400.0, "cluster_id": "101_752", "fid_1": 752.0, "id_munic": 752.0, "munic_clus": "101_752", "munic_code": 101.0, "min": 4.089637279510498, "max": 4.089637279510498, "mean": 4.0896373324924049, "count": 9, "std": 5.2981906861759853e-08, "range": 0.0 }, "geometry": { "type": "Polygon", "coordinates": [ [ [ 720000.0, 6173500.0 ], [ 719900.0, 6173500.0 ], [ 719800.0, 6173500.0 ], [ 719700.0, 6173500.0 ], [ 719600.0, 6173500.0 ], [ 719600.0, 6173600.0 ], [ 719500.0, 6173600.0 ], [ 719500.0, 6173700.0 ], [ 719600.0, 6173700.0 ], [ 719700.0, 6173700.0 ], [ 719800.0, 6173700.0 ], [ 719900.0, 6173700.0 ], [ 720000.0, 6173700.0 ], [ 720000.0, 6173600.0 ], [ 720000.0, 6173500.0 ] ] ] } },
{ "type": "Feature", "properties": { "Shape_Area": 160000.0, "Shape_Leng": 2000.0, "cluster_id": "101_753", "fid_1": 753.0, "id_munic": 753.0, "munic_clus": "101_753", "munic_code": 101.0, "min": 2.9675111770629883, "max": 2.9675111770629883, "mean": 2.9675111770629883, "count": 16, "std": 0.0, "range": 0.0 }, "geometry": { "type": "Polygon", "coordinates": [ [ [ 724600.0, 6176800.0 ], [ 724500.0, 6176800.0 ], [ 724400.0, 6176800.0 ], [ 724400.0, 6176900.0 ], [ 724400.0, 6177000.0 ], [ 724500.0, 6177000.0 ], [ 724500.0, 6177100.0 ], [ 724500.0, 6177200.0 ], [ 724600.0, 6177200.0 ], [ 724600.0, 6177300.0 ], [ 724700.0, 6177300.0 ], [ 724700.0, 6177200.0 ], [ 724800.0, 6177200.0 ], [ 724900.0, 6177200.0 ], [ 724900.0, 6177100.0 ], [ 724900.0, 6177000.0 ], [ 724800.0, 6177000.0 ], [ 724800.0, 6176900.0 ], [ 724700.0, 6176900.0 ], [ 724700.0, 6176800.0 ], [ 724600.0, 6176800.0 ] ] ] } },
{ "type": "Feature", "properties": { "Shape_Area": 20000.0, "Shape_Leng": 600.0, "cluster_id": "101_754", "fid_1": 754.0, "id_munic": 754.0, "munic_clus": "101_754", "munic_code": 101.0, "min": 2.7642455101013184, "max": 2.7642455101013184, "mean": 2.7642455101013184, "count": 2, "std": 0.0, "range": 0.0 }, "geometry": { "type": "Polygon", "coordinates": [ [ [ 725300.0, 6177000.0 ], [ 725300.0, 6177100.0 ], [ 725400.0, 6177100.0 ], [ 725400.0, 6177000.0 ], [ 725400.0, 6176900.0 ], [ 725300.0, 6176900.0 ], [ 725300.0, 6177000.0 ] ] ] } },
{ "type": "Feature", "properties": { "Shape_Area": 10000.0, "Shape_Leng": 400.0, "cluster_id": "101_755", "fid_1": 755.0, "id_munic": 755.0, "munic_clus": "101_755", "munic_code": 101.0, "min": 3.1971018314361572, "max": 3.1971018314361572, "mean": 3.1971018314361572, "count": 1, "std": 0.0, "range": 0.0 }, "geometry": { "type": "Polygon", "coordinates": [ [ [ 725300.0, 6176800.0 ], [ 725300.0, 6176900.0 ], [ 725400.0, 6176900.0 ], [ 725400.0, 6176800.0 ], [ 725300.0, 6176800.0 ] ] ] } },
{ "type": "Feature", "properties": { "Shape_Area": 10000.0, "Shape_Leng": 400.0, "cluster_id": "101_756", "fid_1": 756.0, "id_munic": 756.0, "munic_clus": "101_756", "munic_code": 101.0, "min": 2.944352388381958, "max": 2.944352388381958, "mean": 2.944352388381958, "count": 1, "std": 0.0, "range": 0.0 }, "geometry": { "type": "Polygon", "coordinates": [ [ [ 725400.0, 6176900.0 ], [ 725400.0, 6177000.0 ], [ 725500.0, 6177000.0 ], [ 725500.0, 6176900.0 ], [ 725400.0, 6176900.0 ] ] ] } },
{ "type": "Feature", "properties": { "Shape_Area": 20000.0, "Shape_Leng": 600.0, "cluster_id": "101_757", "fid_1": 757.0, "id_munic": 757.0, "munic_clus": "101_757", "munic_code": 101.0, "min": 3.7760748863220215, "max": 3.7760748863220215, "mean": 3.7760748863220215, "count": 2, "std": 0.0, "range": 0.0 }, "geometry": { "type": "Polygon", "coordinates": [ [ [ 725200.0, 6177300.0 ], [ 725300.0, 6177300.0 ], [ 725400.0, 6177300.0 ], [ 725400.0, 6177200.0 ], [ 725300.0, 6177200.0 ], [ 725200.0, 6177200.0 ], [ 725200.0, 6177300.0 ] ] ] } },
{ "type": "Feature", "properties": { "Shape_Area": 20000.0, "Shape_Leng": 600.0, "cluster_id": "101_758", "fid_1": 758.0, "id_munic": 758.0, "munic_clus": "101_758", "munic_code": 101.0, "min": 3.7657449245452881, "max": 3.7657449245452881, "mean": 3.7657449245452881, "count": 2, "std": 0.0, "range": 0.0 }, "geometry": { "type": "Polygon", "coordinates": [ [ [ 725200.0, 6177100.0 ], [ 725200.0, 6177200.0 ], [ 725300.0, 6177200.0 ], [ 725300.0, 6177100.0 ], [ 725300.0, 6177000.0 ], [ 725200.0, 6177000.0 ], [ 725200.0, 6177100.0 ] ] ] } },
{ "type": "Feature", "properties": { "Shape_Area": 10000.0, "Shape_Leng": 400.0, "cluster_id": "101_759", "fid_1": 759.0, "id_munic": 759.0, "munic_clus": "101_759", "munic_code": 101.0, "min": 3.1274576187133789, "max": 3.1274576187133789, "mean": 3.1274576187133789, "count": 1, "std": 0.0, "range": 0.0 }, "geometry": { "type": "Polygon", "coordinates": [ [ [ 725600.0, 6177100.0 ], [ 725600.0, 6177200.0 ], [ 725700.0, 6177200.0 ], [ 725700.0, 6177100.0 ], [ 725600.0, 6177100.0 ] ] ] } },
{ "type": "Feature", "properties": { "Shape_Area": 10000.0, "Shape_Leng": 400.0, "cluster_id": "101_760", "fid_1": 760.0, "id_munic": 760.0, "munic_clus": "101_760", "munic_code": 101.0, "min": 3.2450852394104004, "max": 3.2450852394104004, "mean": 3.2450852394104004, "count": 1, "std": 0.0, "range": 0.0 }, "geometry": { "type": "Polygon", "coordinates": [ [ [ 725500.0, 6177000.0 ], [ 725500.0, 6177100.0 ], [ 725600.0, 6177100.0 ], [ 725600.0, 6177000.0 ], [ 725500.0, 6177000.0 ] ] ] } },
{ "type": "Feature", "properties": { "Shape_Area": 90000.0, "Shape_Leng": 1600.0, "cluster_id": "101_761", "fid_1": 761.0, "id_munic": 761.0, "munic_clus": "101_761", "munic_code": 101.0, "min": 3.9693436622619629, "max": 3.9693436622619629, "mean": 3.9693438212076821, "count": 9, "std": 1.5894571925301193e-07, "range": 0.0 }, "geometry": { "type": "Polygon", "coordinates": [ [ [ 720100.0, 6178300.0 ], [ 720100.0, 6178400.0 ], [ 720200.0, 6178400.0 ], [ 720300.0, 6178400.0 ], [ 720300.0, 6178500.0 ], [ 720400.0, 6178500.0 ], [ 720400.0, 6178400.0 ], [ 720400.0, 6178300.0 ], [ 720300.0, 6178300.0 ], [ 720300.0, 6178200.0 ], [ 720300.0, 6178100.0 ], [ 720200.0, 6178100.0 ], [ 720100.0, 6178100.0 ], [ 720000.0, 6178100.0 ], [ 720000.0, 6178200.0 ], [ 720100.0, 6178200.0 ], [ 720100.0, 6178300.0 ] ] ] } },
{ "type": "Feature", "properties": { "Shape_Area": 10000.0, "Shape_Leng": 400.0, "cluster_id": "101_762", "fid_1": 762.0, "id_munic": 762.0, "munic_clus": "101_762", "munic_code": 101.0, "min": 3.1072983741760254, "max": 3.1072983741760254, "mean": 3.1072983741760254, "count": 1, "std": 0.0, "range": 0.0 }, "geometry": { "type": "Polygon", "coordinates": [ [ [ 725400.0, 6177000.0 ], [ 725400.0, 6177100.0 ], [ 725500.0, 6177100.0 ], [ 725500.0, 6177000.0 ], [ 725400.0, 6177000.0 ] ] ] } },
{ "type": "Feature", "properties": { "Shape_Area": 10000.0, "Shape_Leng": 400.0, "cluster_id": "101_763", "fid_1": 763.0, "id_munic": 763.0, "munic_clus": "101_763", "munic_code": 101.0, "min": 2.684438943862915, "max": 2.684438943862915, "mean": 2.684438943862915, "count": 1, "std": 0.0, "range": 0.0 }, "geometry": { "type": "Polygon", "coordinates": [ [ [ 725200.0, 6176800.0 ], [ 725200.0, 6176900.0 ], [ 725300.0, 6176900.0 ], [ 725300.0, 6176800.0 ], [ 725200.0, 6176800.0 ] ] ] } },
{ "type": "Feature", "properties": { "Shape_Area": 10000.0, "Shape_Leng": 400.0, "cluster_id": "101_764", "fid_1": 764.0, "id_munic": 764.0, "munic_clus": "101_764", "munic_code": 101.0, "min": 3.083972692489624, "max": 3.083972692489624, "mean": 3.083972692489624, "count": 1, "std": 0.0, "range": 0.0 }, "geometry": { "type": "Polygon", "coordinates": [ [ [ 725200.0, 6176700.0 ], [ 725200.0, 6176800.0 ], [ 725300.0, 6176800.0 ], [ 725300.0, 6176700.0 ], [ 725200.0, 6176700.0 ] ] ] } },
{ "type": "Feature", "properties": { "Shape_Area": 10000.0, "Shape_Leng": 400.0, "cluster_id": "101_765", "fid_1": 765.0, "id_munic": 765.0, "munic_clus": "101_765", "munic_code": 101.0, "min": 3.164111852645874, "max": 3.164111852645874, "mean": 3.164111852645874, "count": 1, "std": 0.0, "range": 0.0 }, "geometry": { "type": "Polygon", "coordinates": [ [ [ 725300.0, 6176700.0 ], [ 725300.0, 6176800.0 ], [ 725400.0, 6176800.0 ], [ 725400.0, 6176700.0 ], [ 725300.0, 6176700.0 ] ] ] } },
{ "type": "Feature", "properties": { "Shape_Area": 40000.0, "Shape_Leng": 1000.0, "cluster_id": "101_766", "fid_1": 766.0, "id_munic": 766.0, "munic_clus": "101_766", "munic_code": 101.0, "min": 2.4045321941375732, "max": 2.4045321941375732, "mean": 2.4045321941375732, "count": 4, "std": 0.0, "range": 0.0 }, "geometry": { "type": "Polygon", "coordinates": [ [ [ 725400.0, 6176900.0 ], [ 725500.0, 6176900.0 ], [ 725500.0, 6177000.0 ], [ 725600.0, 6177000.0 ], [ 725600.0, 6176900.0 ], [ 725600.0, 6176800.0 ], [ 725500.0, 6176800.0 ], [ 725500.0, 6176700.0 ], [ 725400.0, 6176700.0 ], [ 725400.0, 6176800.0 ], [ 725400.0, 6176900.0 ] ] ] } },
{ "type": "Feature", "properties": { "Shape_Area": 50000.0, "Shape_Leng": 1000.0, "cluster_id": "101_767", "fid_1": 767.0, "id_munic": 767.0, "munic_clus": "101_767", "munic_code": 101.0, "min": 2.8757083415985107, "max": 2.8757083415985107, "mean": 2.8757083892822264, "count": 5, "std": 4.7683715642676816e-08, "range": 0.0 }, "geometry": { "type": "Polygon", "coordinates": [ [ [ 725200.0, 6177000.0 ], [ 725100.0, 6177000.0 ], [ 725000.0, 6177000.0 ], [ 725000.0, 6177100.0 ], [ 725000.0, 6177200.0 ], [ 725100.0, 6177200.0 ], [ 725100.0, 6177300.0 ], [ 725200.0, 6177300.0 ], [ 725200.0, 6177200.0 ], [ 725200.0, 6177100.0 ], [ 725200.0, 6177000.0 ] ] ] } },
{ "type": "Feature", "properties": { "Shape_Area": 40000.0, "Shape_Leng": 800.0, "cluster_id": "101_768", "fid_1": 768.0, "id_munic": 768.0, "munic_clus": "101_768", "munic_code": 101.0, "min": 2.5361549854278564, "max": 2.5361549854278564, "mean": 2.5361549854278564, "count": 4, "std": 0.0, "range": 0.0 }, "geometry": { "type": "Polygon", "coordinates": [ [ [ 725600.0, 6177300.0 ], [ 725500.0, 6177300.0 ], [ 725400.0, 6177300.0 ], [ 725400.0, 6177400.0 ], [ 725400.0, 6177500.0 ], [ 725500.0, 6177500.0 ], [ 725600.0, 6177500.0 ], [ 725600.0, 6177400.0 ], [ 725600.0, 6177300.0 ] ] ] } },
{ "type": "Feature", "properties": { "Shape_Area": 40000.0, "Shape_Leng": 1000.0, "cluster_id": "101_769", "fid_1": 769.0, "id_munic": 769.0, "munic_clus": "101_769", "munic_code": 101.0, "min": 3.6869380474090576, "max": 3.6869380474090576, "mean": 3.6869380474090576, "count": 4, "std": 0.0, "range": 0.0 }, "geometry": { "type": "Polygon", "coordinates": [ [ [ 720100.0, 6178600.0 ], [ 720100.0, 6178700.0 ], [ 720100.0, 6178800.0 ], [ 720200.0, 6178800.0 ], [ 720200.0, 6178700.0 ], [ 720200.0, 6178600.0 ], [ 720200.0, 6178500.0 ], [ 720200.0, 6178400.0 ], [ 720100.0, 6178400.0 ], [ 720100.0, 6178500.0 ], [ 720100.0, 6178600.0 ] ] ] } },
{ "type": "Feature", "properties": { "Shape_Area": 50000.0, "Shape_Leng": 1200.0, "cluster_id": "101_770", "fid_1": 770.0, "id_munic": 770.0, "munic_clus": "101_770", "munic_code": 101.0, "min": 3.4716761112213135, "max": 3.4716761112213135, "mean": 3.4716762542724608, "count": 5, "std": 1.4305114737211966e-07, "range": 0.0 }, "geometry": { "type": "Polygon", "coordinates": [ [ [ 717300.0, 6180000.0 ], [ 717400.0, 6180000.0 ], [ 717400.0, 6180100.0 ], [ 717500.0, 6180100.0 ], [ 717600.0, 6180100.0 ], [ 717600.0, 6180000.0 ], [ 717500.0, 6180000.0 ], [ 717500.0, 6179900.0 ], [ 717400.0, 6179900.0 ], [ 717300.0, 6179900.0 ], [ 717200.0, 6179900.0 ], [ 717200.0, 6180000.0 ], [ 717300.0, 6180000.0 ] ] ] } },
{ "type": "Feature", "properties": { "Shape_Area": 30000.0, "Shape_Leng": 800.0, "cluster_id": "101_771", "fid_1": 771.0, "id_munic": 771.0, "munic_clus": "101_771", "munic_code": 101.0, "min": 3.9060313701629639, "max": 3.9060313701629639, "mean": 3.906031290690104, "count": 3, "std": 7.947285984855057e-08, "range": 0.0 }, "geometry": { "type": "Polygon", "coordinates": [ [ [ 717600.0, 6180100.0 ], [ 717600.0, 6180200.0 ], [ 717700.0, 6180200.0 ], [ 717800.0, 6180200.0 ], [ 717800.0, 6180100.0 ], [ 717700.0, 6180100.0 ], [ 717700.0, 6180000.0 ], [ 717600.0, 6180000.0 ], [ 717600.0, 6180100.0 ] ] ] } },
{ "type": "Feature", "properties": { "Shape_Area": 10000.0, "Shape_Leng": 400.0, "cluster_id": "101_772", "fid_1": 772.0, "id_munic": 772.0, "munic_clus": "101_772", "munic_code": 101.0, "min": 3.3390541076660156, "max": 3.3390541076660156, "mean": 3.3390541076660156, "count": 1, "std": 0.0, "range": 0.0 }, "geometry": { "type": "Polygon", "coordinates": [ [ [ 717800.0, 6180100.0 ], [ 717800.0, 6180200.0 ], [ 717900.0, 6180200.0 ], [ 717900.0, 6180100.0 ], [ 717800.0, 6180100.0 ] ] ] } },
{ "type": "Feature", "properties": { "Shape_Area": 20000.0, "Shape_Leng": 600.0, "cluster_id": "101_773", "fid_1": 773.0, "id_munic": 773.0, "munic_clus": "101_773", "munic_code": 101.0, "min": 3.7135953903198242, "max": 3.7135953903198242, "mean": 3.7135953903198242, "count": 2, "std": 0.0, "range": 0.0 }, "geometry": { "type": "Polygon", "coordinates": [ [ [ 722100.0, 6179800.0 ], [ 722100.0, 6179900.0 ], [ 722200.0, 6179900.0 ], [ 722200.0, 6179800.0 ], [ 722200.0, 6179700.0 ], [ 722100.0, 6179700.0 ], [ 722100.0, 6179800.0 ] ] ] } },
{ "type": "Feature", "properties": { "Shape_Area": 40000.0, "Shape_Leng": 1000.0, "cluster_id": "101_774", "fid_1": 774.0, "id_munic": 774.0, "munic_clus": "101_774", "munic_code": 101.0, "min": 3.3972008228302002, "max": 3.3972008228302002, "mean": 3.3972008228302002, "count": 4, "std": 0.0, "range": 0.0 }, "geometry": { "type": "Polygon", "coordinates": [ [ [ 722200.0, 6179700.0 ], [ 722200.0, 6179800.0 ], [ 722300.0, 6179800.0 ], [ 722300.0, 6179700.0 ], [ 722400.0, 6179700.0 ], [ 722400.0, 6179600.0 ], [ 722300.0, 6179600.0 ], [ 722300.0, 6179500.0 ], [ 722200.0, 6179500.0 ], [ 722200.0, 6179600.0 ], [ 722200.0, 6179700.0 ] ] ] } },
{ "type": "Feature", "properties": { "Shape_Area": 70000.0, "Shape_Leng": 1600.0, "cluster_id": "101_775", "fid_1": 775.0, "id_munic": 775.0, "munic_clus": "101_775", "munic_code": 101.0, "min": 3.5441522598266602, "max": 3.5441522598266602, "mean": 3.5441518511090959, "count": 7, "std": 4.0871756423754846e-07, "range": 0.0 }, "geometry": { "type": "Polygon", "coordinates": [ [ [ 719500.0, 6172700.0 ], [ 719400.0, 6172700.0 ], [ 719400.0, 6172800.0 ], [ 719300.0, 6172800.0 ], [ 719300.0, 6172900.0 ], [ 719400.0, 6172900.0 ], [ 719400.0, 6173000.0 ], [ 719500.0, 6173000.0 ], [ 719500.0, 6172900.0 ], [ 719500.0, 6172800.0 ], [ 719600.0, 6172800.0 ], [ 719600.0, 6172700.0 ], [ 719600.0, 6172600.0 ], [ 719600.0, 6172500.0 ], [ 719500.0, 6172500.0 ], [ 719500.0, 6172600.0 ], [ 719500.0, 6172700.0 ] ] ] } },
{ "type": "Feature", "properties": { "Shape_Area": 30000.0, "Shape_Leng": 800.0, "cluster_id": "101_776", "fid_1": 776.0, "id_munic": 776.0, "munic_clus": "101_776", "munic_code": 101.0, "min": 4.0611462593078613, "max": 4.0611462593078613, "mean": 4.061146418253581, "count": 3, "std": 1.5894571969710114e-07, "range": 0.0 }, "geometry": { "type": "Polygon", "coordinates": [ [ [ 719600.0, 6172500.0 ], [ 719600.0, 6172600.0 ], [ 719700.0, 6172600.0 ], [ 719700.0, 6172500.0 ], [ 719800.0, 6172500.0 ], [ 719800.0, 6172400.0 ], [ 719700.0, 6172400.0 ], [ 719600.0, 6172400.0 ], [ 719600.0, 6172500.0 ] ] ] } },
{ "type": "Feature", "properties": { "Shape_Area": 20000.0, "Shape_Leng": 600.0, "cluster_id": "101_777", "fid_1": 777.0, "id_munic": 777.0, "munic_clus": "101_777", "munic_code": 101.0, "min": 3.5456516742706299, "max": 3.5456516742706299, "mean": 3.5456516742706299, "count": 2, "std": 0.0, "range": 0.0 }, "geometry": { "type": "Polygon", "coordinates": [ [ [ 720500.0, 6174700.0 ], [ 720500.0, 6174800.0 ], [ 720600.0, 6174800.0 ], [ 720600.0, 6174700.0 ], [ 720600.0, 6174600.0 ], [ 720500.0, 6174600.0 ], [ 720500.0, 6174700.0 ] ] ] } },
{ "type": "Feature", "properties": { "Shape_Area": 20000.0, "Shape_Leng": 600.0, "cluster_id": "101_778", "fid_1": 778.0, "id_munic": 778.0, "munic_clus": "101_778", "munic_code": 101.0, "min": 2.8237259387969971, "max": 2.8237259387969971, "mean": 2.8237259387969971, "count": 2, "std": 0.0, "range": 0.0 }, "geometry": { "type": "Polygon", "coordinates": [ [ [ 720600.0, 6174700.0 ], [ 720600.0, 6174800.0 ], [ 720700.0, 6174800.0 ], [ 720700.0, 6174700.0 ], [ 720700.0, 6174600.0 ], [ 720600.0, 6174600.0 ], [ 720600.0, 6174700.0 ] ] ] } },
{ "type": "Feature", "properties": { "Shape_Area": 40000.0, "Shape_Leng": 1000.0, "cluster_id": "101_779", "fid_1": 779.0, "id_munic": 779.0, "munic_clus": "101_779", "munic_code": 101.0, "min": 3.4256916046142578, "max": 3.4256916046142578, "mean": 3.4256916046142578, "count": 4, "std": 0.0, "range": 0.0 }, "geometry": { "type": "Polygon", "coordinates": [ [ [ 720200.0, 6178600.0 ], [ 720200.0, 6178700.0 ], [ 720200.0, 6178800.0 ], [ 720300.0, 6178800.0 ], [ 720300.0, 6178700.0 ], [ 720300.0, 6178600.0 ], [ 720300.0, 6178500.0 ], [ 720300.0, 6178400.0 ], [ 720200.0, 6178400.0 ], [ 720200.0, 6178500.0 ], [ 720200.0, 6178600.0 ] ] ] } },
{ "type": "Feature", "properties": { "Shape_Area": 10000.0, "Shape_Leng": 400.0, "cluster_id": "101_780", "fid_1": 780.0, "id_munic": 780.0, "munic_clus": "101_780", "munic_code": 101.0, "min": 3.09596848487854, "max": 3.09596848487854, "mean": 3.09596848487854, "count": 1, "std": 0.0, "range": 0.0 }, "geometry": { "type": "Polygon", "coordinates": [ [ [ 722700.0, 6174500.0 ], [ 722700.0, 6174600.0 ], [ 722800.0, 6174600.0 ], [ 722800.0, 6174500.0 ], [ 722700.0, 6174500.0 ] ] ] } },
{ "type": "Feature", "properties": { "Shape_Area": 10000.0, "Shape_Leng": 400.0, "cluster_id": "101_781", "fid_1": 781.0, "id_munic": 781.0, "munic_clus": "101_781", "munic_code": 101.0, "min": 3.3508832454681396, "max": 3.3508832454681396, "mean": 3.3508832454681396, "count": 1, "std": 0.0, "range": 0.0 }, "geometry": { "type": "Polygon", "coordinates": [ [ [ 720600.0, 6174500.0 ], [ 720600.0, 6174600.0 ], [ 720700.0, 6174600.0 ], [ 720700.0, 6174500.0 ], [ 720600.0, 6174500.0 ] ] ] } },
{ "type": "Feature", "properties": { "Shape_Area": 20000.0, "Shape_Leng": 600.0, "cluster_id": "101_782", "fid_1": 782.0, "id_munic": 782.0, "munic_clus": "101_782", "munic_code": 101.0, "min": 3.6444518566131592, "max": 3.6444518566131592, "mean": 3.6444518566131592, "count": 2, "std": 0.0, "range": 0.0 }, "geometry": { "type": "Polygon", "coordinates": [ [ [ 720700.0, 6174600.0 ], [ 720800.0, 6174600.0 ], [ 720900.0, 6174600.0 ], [ 720900.0, 6174500.0 ], [ 720800.0, 6174500.0 ], [ 720700.0, 6174500.0 ], [ 720700.0, 6174600.0 ] ] ] } },
{ "type": "Feature", "properties": { "Shape_Area": 10000.0, "Shape_Leng": 400.0, "cluster_id": "101_783", "fid_1": 783.0, "id_munic": 783.0, "munic_clus": "101_783", "munic_code": 101.0, "min": 2.6594474315643311, "max": 2.6594474315643311, "mean": 2.6594474315643311, "count": 1, "std": 0.0, "range": 0.0 }, "geometry": { "type": "Polygon", "coordinates": [ [ [ 720700.0, 6174700.0 ], [ 720700.0, 6174800.0 ], [ 720800.0, 6174800.0 ], [ 720800.0, 6174700.0 ], [ 720700.0, 6174700.0 ] ] ] } },
{ "type": "Feature", "properties": { "Shape_Area": 50000.0, "Shape_Leng": 1000.0, "cluster_id": "101_784", "fid_1": 784.0, "id_munic": 784.0, "munic_clus": "101_784", "munic_code": 101.0, "min": 2.9706766605377197, "max": 2.9706766605377197, "mean": 2.9706766128540041, "count": 5, "std": 4.7683715642676816e-08, "range": 0.0 }, "geometry": { "type": "Polygon", "coordinates": [ [ [ 720500.0, 6174500.0 ], [ 720400.0, 6174500.0 ], [ 720400.0, 6174600.0 ], [ 720300.0, 6174600.0 ], [ 720300.0, 6174700.0 ], [ 720300.0, 6174800.0 ], [ 720400.0, 6174800.0 ], [ 720500.0, 6174800.0 ], [ 720500.0, 6174700.0 ], [ 720500.0, 6174600.0 ], [ 720500.0, 6174500.0 ] ] ] } },
{ "type": "Feature", "properties": { "Shape_Area": 20000.0, "Shape_Leng": 600.0, "cluster_id": "101_785", "fid_1": 785.0, "id_munic": 785.0, "munic_clus": "101_785", "munic_code": 101.0, "min": 3.7935690879821777, "max": 3.7935690879821777, "mean": 3.7935690879821777, "count": 2, "std": 0.0, "range": 0.0 }, "geometry": { "type": "Polygon", "coordinates": [ [ [ 720200.0, 6174700.0 ], [ 720200.0, 6174800.0 ], [ 720300.0, 6174800.0 ], [ 720300.0, 6174700.0 ], [ 720300.0, 6174600.0 ], [ 720200.0, 6174600.0 ], [ 720200.0, 6174700.0 ] ] ] } },
{ "type": "Feature", "properties": { "Shape_Area": 40000.0, "Shape_Leng": 1000.0, "cluster_id": "101_786", "fid_1": 786.0, "id_munic": 786.0, "munic_clus": "101_786", "munic_code": 101.0, "min": 3.671776294708252, "max": 3.671776294708252, "mean": 3.671776294708252, "count": 4, "std": 0.0, "range": 0.0 }, "geometry": { "type": "Polygon", "coordinates": [ [ [ 720200.0, 6174600.0 ], [ 720100.0, 6174600.0 ], [ 720100.0, 6174700.0 ], [ 720000.0, 6174700.0 ], [ 719900.0, 6174700.0 ], [ 719900.0, 6174800.0 ], [ 720000.0, 6174800.0 ], [ 720100.0, 6174800.0 ], [ 720200.0, 6174800.0 ], [ 720200.0, 6174700.0 ], [ 720200.0, 6174600.0 ] ] ] } },
{ "type": "Feature", "properties": { "Shape_Area": 10000.0, "Shape_Leng": 400.0, "cluster_id": "101_787", "fid_1": 787.0, "id_munic": 787.0, "munic_clus": "101_787", "munic_code": 101.0, "min": 3.1027994155883789, "max": 3.1027994155883789, "mean": 3.1027994155883789, "count": 1, "std": 0.0, "range": 0.0 }, "geometry": { "type": "Polygon", "coordinates": [ [ [ 720500.0, 6174500.0 ], [ 720500.0, 6174600.0 ], [ 720600.0, 6174600.0 ], [ 720600.0, 6174500.0 ], [ 720500.0, 6174500.0 ] ] ] } },
{ "type": "Feature", "properties": { "Shape_Area": 20000.0, "Shape_Leng": 600.0, "cluster_id": "101_788", "fid_1": 788.0, "id_munic": 788.0, "munic_clus": "101_788", "munic_code": 101.0, "min": 2.4390203952789307, "max": 2.4390203952789307, "mean": 2.4390203952789307, "count": 2, "std": 0.0, "range": 0.0 }, "geometry": { "type": "Polygon", "coordinates": [ [ [ 720700.0, 6174700.0 ], [ 720800.0, 6174700.0 ], [ 720900.0, 6174700.0 ], [ 720900.0, 6174600.0 ], [ 720800.0, 6174600.0 ], [ 720700.0, 6174600.0 ], [ 720700.0, 6174700.0 ] ] ] } },
{ "type": "Feature", "properties": { "Shape_Area": 10000.0, "Shape_Leng": 400.0, "cluster_id": "101_789", "fid_1": 789.0, "id_munic": 789.0, "munic_clus": "101_789", "munic_code": 101.0, "min": 2.9516828060150146, "max": 2.9516828060150146, "mean": 2.9516828060150146, "count": 1, "std": 0.0, "range": 0.0 }, "geometry": { "type": "Polygon", "coordinates": [ [ [ 720800.0, 6174700.0 ], [ 720800.0, 6174800.0 ], [ 720900.0, 6174800.0 ], [ 720900.0, 6174700.0 ], [ 720800.0, 6174700.0 ] ] ] } },
{ "type": "Feature", "properties": { "Shape_Area": 20000.0, "Shape_Leng": 600.0, "cluster_id": "101_790", "fid_1": 790.0, "id_munic": 790.0, "munic_clus": "101_790", "munic_code": 101.0, "min": 3.2352547645568848, "max": 3.2352547645568848, "mean": 3.2352547645568848, "count": 2, "std": 0.0, "range": 0.0 }, "geometry": { "type": "Polygon", "coordinates": [ [ [ 719200.0, 6177000.0 ], [ 719200.0, 6177100.0 ], [ 719300.0, 6177100.0 ], [ 719300.0, 6177000.0 ], [ 719300.0, 6176900.0 ], [ 719200.0, 6176900.0 ], [ 719200.0, 6177000.0 ] ] ] } },
{ "type": "Feature", "properties": { "Shape_Area": 20000.0, "Shape_Leng": 600.0, "cluster_id": "101_791", "fid_1": 791.0, "id_munic": 791.0, "munic_clus": "101_791", "munic_code": 101.0, "min": 4.1552824974060059, "max": 4.1552824974060059, "mean": 4.1552824974060059, "count": 2, "std": 0.0, "range": 0.0 }, "geometry": { "type": "Polygon", "coordinates": [ [ [ 720600.0, 6178700.0 ], [ 720600.0, 6178800.0 ], [ 720700.0, 6178800.0 ], [ 720700.0, 6178700.0 ], [ 720700.0, 6178600.0 ], [ 720600.0, 6178600.0 ], [ 720600.0, 6178700.0 ] ] ] } },
{ "type": "Feature", "properties": { "Shape_Area": 20000.0, "Shape_Leng": 600.0, "cluster_id": "101_792", "fid_1": 792.0, "id_munic": 792.0, "munic_clus": "101_792", "munic_code": 101.0, "min": 3.7309236526489258, "max": 3.7309236526489258, "mean": 3.7309236526489258, "count": 2, "std": 0.0, "range": 0.0 }, "geometry": { "type": "Polygon", "coordinates": [ [ [ 720600.0, 6179000.0 ], [ 720700.0, 6179000.0 ], [ 720800.0, 6179000.0 ], [ 720800.0, 6178900.0 ], [ 720700.0, 6178900.0 ], [ 720600.0, 6178900.0 ], [ 720600.0, 6179000.0 ] ] ] } },
{ "type": "Feature", "properties": { "Shape_Area": 40000.0, "Shape_Leng": 800.0, "cluster_id": "101_793", "fid_1": 793.0, "id_munic": 793.0, "munic_clus": "101_793", "munic_code": 101.0, "min": 3.4111959934234619, "max": 3.4111959934234619, "mean": 3.4111959934234619, "count": 4, "std": 0.0, "range": 0.0 }, "geometry": { "type": "Polygon", "coordinates": [ [ [ 719100.0, 6176700.0 ], [ 719000.0, 6176700.0 ], [ 718900.0, 6176700.0 ], [ 718900.0, 6176800.0 ], [ 718900.0, 6176900.0 ], [ 719000.0, 6176900.0 ], [ 719100.0, 6176900.0 ], [ 719100.0, 6176800.0 ], [ 719100.0, 6176700.0 ] ] ] } },
{ "type": "Feature", "properties": { "Shape_Area": 30000.0, "Shape_Leng": 800.0, "cluster_id": "101_794", "fid_1": 794.0, "id_munic": 794.0, "munic_clus": "101_794", "munic_code": 101.0, "min": 2.9100301265716553, "max": 2.9100301265716553, "mean": 2.9100300470987954, "count": 3, "std": 7.947285984855057e-08, "range": 0.0 }, "geometry": { "type": "Polygon", "coordinates": [ [ [ 719100.0, 6177200.0 ], [ 719000.0, 6177200.0 ], [ 719000.0, 6177300.0 ], [ 719100.0, 6177300.0 ], [ 719200.0, 6177300.0 ], [ 719200.0, 6177200.0 ], [ 719200.0, 6177100.0 ], [ 719100.0, 6177100.0 ], [ 719100.0, 6177200.0 ] ] ] } },
{ "type": "Feature", "properties": { "Shape_Area": 10000.0, "Shape_Leng": 400.0, "cluster_id": "101_795", "fid_1": 795.0, "id_munic": 795.0, "munic_clus": "101_795", "munic_code": 101.0, "min": 4.0059986114501953, "max": 4.0059986114501953, "mean": 4.0059986114501953, "count": 1, "std": 0.0, "range": 0.0 }, "geometry": { "type": "Polygon", "coordinates": [ [ [ 718900.0, 6180700.0 ], [ 718900.0, 6180800.0 ], [ 719000.0, 6180800.0 ], [ 719000.0, 6180700.0 ], [ 718900.0, 6180700.0 ] ] ] } },
{ "type": "Feature", "properties": { "Shape_Area": 10000.0, "Shape_Leng": 400.0, "cluster_id": "101_796", "fid_1": 796.0, "id_munic": 796.0, "munic_clus": "101_796", "munic_code": 101.0, "min": 4.2710766792297363, "max": 4.2710766792297363, "mean": 4.2710766792297363, "count": 1, "std": 0.0, "range": 0.0 }, "geometry": { "type": "Polygon", "coordinates": [ [ [ 720300.0, 6178800.0 ], [ 720300.0, 6178900.0 ], [ 720400.0, 6178900.0 ], [ 720400.0, 6178800.0 ], [ 720300.0, 6178800.0 ] ] ] } },
{ "type": "Feature", "properties": { "Shape_Area": 40000.0, "Shape_Leng": 1000.0, "cluster_id": "101_797", "fid_1": 797.0, "id_munic": 797.0, "munic_clus": "101_797", "munic_code": 101.0, "min": 4.0368218421936035, "max": 4.0368218421936035, "mean": 4.0368218421936035, "count": 4, "std": 0.0, "range": 0.0 }, "geometry": { "type": "Polygon", "coordinates": [ [ [ 718700.0, 6180800.0 ], [ 718700.0, 6180900.0 ], [ 718800.0, 6180900.0 ], [ 718800.0, 6180800.0 ], [ 718900.0, 6180800.0 ], [ 718900.0, 6180700.0 ], [ 718800.0, 6180700.0 ], [ 718700.0, 6180700.0 ], [ 718600.0, 6180700.0 ], [ 718600.0, 6180800.0 ], [ 718700.0, 6180800.0 ] ] ] } },
{ "type": "Feature", "properties": { "Shape_Area": 30000.0, "Shape_Leng": 800.0, "cluster_id": "101_798", "fid_1": 798.0, "id_munic": 798.0, "munic_clus": "101_798", "munic_code": 101.0, "min": 4.5416526794433594, "max": 4.5416526794433594, "mean": 4.5416526794433594, "count": 3, "std": 0.0, "range": 0.0 }, "geometry": { "type": "Polygon", "coordinates": [ [ [ 718600.0, 6180500.0 ], [ 718600.0, 6180600.0 ], [ 718700.0, 6180600.0 ], [ 718700.0, 6180500.0 ], [ 718800.0, 6180500.0 ], [ 718800.0, 6180400.0 ], [ 718700.0, 6180400.0 ], [ 718600.0, 6180400.0 ], [ 718600.0, 6180500.0 ] ] ] } },
{ "type": "Feature", "properties": { "Shape_Area": 40000.0, "Shape_Leng": 800.0, "cluster_id": "101_799", "fid_1": 799.0, "id_munic": 799.0, "munic_clus": "101_799", "munic_code": 101.0, "min": 4.2550826072692871, "max": 4.2550826072692871, "mean": 4.2550826072692871, "count": 4, "std": 0.0, "range": 0.0 }, "geometry": { "type": "Polygon", "coordinates": [ [ [ 719200.0, 6180300.0 ], [ 719100.0, 6180300.0 ], [ 719000.0, 6180300.0 ], [ 719000.0, 6180400.0 ], [ 719000.0, 6180500.0 ], [ 719100.0, 6180500.0 ], [ 719200.0, 6180500.0 ], [ 719200.0, 6180400.0 ], [ 719200.0, 6180300.0 ] ] ] } },
{ "type": "Feature", "properties": { "Shape_Area": 80000.0, "Shape_Leng": 1400.0, "cluster_id": "101_800", "fid_1": 800.0, "id_munic": 800.0, "munic_clus": "101_800", "munic_code": 101.0, "min": 4.3410539627075195, "max": 4.3410539627075195, "mean": 4.3410539627075195, "count": 8, "std": 0.0, "range": 0.0 }, "geometry": { "type": "Polygon", "coordinates": [ [ [ 718900.0, 6180100.0 ], [ 718900.0, 6180200.0 ], [ 718800.0, 6180200.0 ], [ 718800.0, 6180300.0 ], [ 718800.0, 6180400.0 ], [ 718800.0, 6180500.0 ], [ 718900.0, 6180500.0 ], [ 719000.0, 6180500.0 ], [ 719000.0, 6180400.0 ], [ 719000.0, 6180300.0 ], [ 719100.0, 6180300.0 ], [ 719100.0, 6180200.0 ], [ 719000.0, 6180200.0 ], [ 719000.0, 6180100.0 ], [ 718900.0, 6180100.0 ] ] ] } },
{ "type": "Feature", "properties": { "Shape_Area": 30000.0, "Shape_Leng": 800.0, "cluster_id": "101_801", "fid_1": 801.0, "id_munic": 801.0, "munic_clus": "101_801", "munic_code": 101.0, "min": 4.2247591018676758, "max": 4.2247591018676758, "mean": 4.2247591018676758, "count": 3, "std": 0.0, "range": 0.0 }, "geometry": { "type": "Polygon", "coordinates": [ [ [ 718400.0, 6180000.0 ], [ 718400.0, 6180100.0 ], [ 718500.0, 6180100.0 ], [ 718500.0, 6180000.0 ], [ 718600.0, 6180000.0 ], [ 718600.0, 6179900.0 ], [ 718500.0, 6179900.0 ], [ 718400.0, 6179900.0 ], [ 718400.0, 6180000.0 ] ] ] } },
{ "type": "Feature", "properties": { "Shape_Area": 110000.0, "Shape_Leng": 1600.0, "cluster_id": "101_802", "fid_1": 802.0, "id_munic": 802.0, "munic_clus": "101_802", "munic_code": 101.0, "min": 3.1736087799072266, "max": 3.1736087799072266, "mean": 3.1736089533025567, "count": 11, "std": 1.7339533009419481e-07, "range": 0.0 }, "geometry": { "type": "Polygon", "coordinates": [ [ [ 718800.0, 6179600.0 ], [ 718800.0, 6179700.0 ], [ 718800.0, 6179800.0 ], [ 718800.0, 6179900.0 ], [ 718900.0, 6179900.0 ], [ 719000.0, 6179900.0 ], [ 719000.0, 6179800.0 ], [ 719000.0, 6179700.0 ], [ 719000.0, 6179600.0 ], [ 719000.0, 6179500.0 ], [ 719000.0, 6179400.0 ], [ 718900.0, 6179400.0 ], [ 718800.0, 6179400.0 ], [ 718700.0, 6179400.0 ], [ 718700.0, 6179500.0 ], [ 718800.0, 6179500.0 ], [ 718800.0, 6179600.0 ] ] ] } },
{ "type": "Feature", "properties": { "Shape_Area": 30000.0, "Shape_Leng": 800.0, "cluster_id": "101_803", "fid_1": 803.0, "id_munic": 803.0, "munic_clus": "101_803", "munic_code": 101.0, "min": 3.5013329982757568, "max": 3.5013329982757568, "mean": 3.501332918802897, "count": 3, "std": 7.947285984855057e-08, "range": 0.0 }, "geometry": { "type": "Polygon", "coordinates": [ [ [ 719000.0, 6180000.0 ], [ 719000.0, 6180100.0 ], [ 719000.0, 6180200.0 ], [ 719100.0, 6180200.0 ], [ 719100.0, 6180100.0 ], [ 719100.0, 6180000.0 ], [ 719100.0, 6179900.0 ], [ 719000.0, 6179900.0 ], [ 719000.0, 6180000.0 ] ] ] } },
{ "type": "Feature", "properties": { "Shape_Area": 30000.0, "Shape_Leng": 800.0, "cluster_id": "101_804", "fid_1": 804.0, "id_munic": 804.0, "munic_clus": "101_804", "munic_code": 101.0, "min": 4.2687435150146484, "max": 4.2687435150146484, "mean": 4.2687435150146484, "count": 3, "std": 0.0, "range": 0.0 }, "geometry": { "type": "Polygon", "coordinates": [ [ [ 718600.0, 6179900.0 ], [ 718600.0, 6180000.0 ], [ 718700.0, 6180000.0 ], [ 718700.0, 6179900.0 ], [ 718800.0, 6179900.0 ], [ 718800.0, 6179800.0 ], [ 718700.0, 6179800.0 ], [ 718600.0, 6179800.0 ], [ 718600.0, 6179900.0 ] ] ] } },
{ "type": "Feature", "properties": { "Shape_Area": 20000.0, "Shape_Leng": 600.0, "cluster_id": "101_805", "fid_1": 805.0, "id_munic": 805.0, "munic_clus": "101_805", "munic_code": 101.0, "min": 3.7999002933502197, "max": 3.7999002933502197, "mean": 3.7999002933502197, "count": 2, "std": 0.0, "range": 0.0 }, "geometry": { "type": "Polygon", "coordinates": [ [ [ 717900.0, 6179600.0 ], [ 717900.0, 6179700.0 ], [ 718000.0, 6179700.0 ], [ 718000.0, 6179600.0 ], [ 718000.0, 6179500.0 ], [ 717900.0, 6179500.0 ], [ 717900.0, 6179600.0 ] ] ] } },
{ "type": "Feature", "properties": { "Shape_Area": 290000.0, "Shape_Leng": 3400.0, "cluster_id": "101_806", "fid_1": 806.0, "id_munic": 806.0, "munic_clus": "101_806", "munic_code": 101.0, "min": 2.8775413036346436, "max": 2.8775413036346436, "mean": 2.8775411145440462, "count": 29, "std": 1.8909059740224166e-07, "range": 0.0 }, "geometry": { "type": "Polygon", "coordinates": [ [ [ 717900.0, 6179800.0 ], [ 717900.0, 6179900.0 ], [ 717900.0, 6180000.0 ], [ 717900.0, 6180100.0 ], [ 717900.0, 6180200.0 ], [ 718000.0, 6180200.0 ], [ 718000.0, 6180300.0 ], [ 718100.0, 6180300.0 ], [ 718200.0, 6180300.0 ], [ 718200.0, 6180400.0 ], [ 718300.0, 6180400.0 ], [ 718400.0, 6180400.0 ], [ 718400.0, 6180300.0 ], [ 718500.0, 6180300.0 ], [ 718500.0, 6180200.0 ], [ 718500.0, 6180100.0 ], [ 718400.0, 6180100.0 ], [ 718300.0, 6180100.0 ], [ 718200.0, 6180100.0 ], [ 718200.0, 6180000.0 ], [ 718100.0, 6180000.0 ], [ 718100.0, 6179900.0 ], [ 718100.0, 6179800.0 ], [ 718200.0, 6179800.0 ], [ 718200.0, 6179700.0 ], [ 718300.0, 6179700.0 ], [ 718300.0, 6179600.0 ], [ 718300.0, 6179500.0 ], [ 718200.0, 6179500.0 ], [ 718100.0, 6179500.0 ], [ 718000.0, 6179500.0 ], [ 718000.0, 6179600.0 ], [ 718000.0, 6179700.0 ], [ 717900.0, 6179700.0 ], [ 717900.0, 6179800.0 ] ] ] } },
{ "type": "Feature", "properties": { "Shape_Area": 130000.0, "Shape_Leng": 1800.0, "cluster_id": "101_807", "fid_1": 807.0, "id_munic": 807.0, "munic_clus": "101_807", "munic_code": 101.0, "min": 4.5273246765136719, "max": 4.5273246765136719, "mean": 4.5273246765136719, "count": 13, "std": 0.0, "range": 0.0 }, "geometry": { "type": "Polygon", "coordinates": [ [ [ 718700.0, 6179900.0 ], [ 718700.0, 6180000.0 ], [ 718600.0, 6180000.0 ], [ 718500.0, 6180000.0 ], [ 718500.0, 6180100.0 ], [ 718500.0, 6180200.0 ], [ 718500.0, 6180300.0 ], [ 718600.0, 6180300.0 ], [ 718600.0, 6180200.0 ], [ 718700.0, 6180200.0 ], [ 718800.0, 6180200.0 ], [ 718900.0, 6180200.0 ], [ 718900.0, 6180100.0 ], [ 719000.0, 6180100.0 ], [ 719000.0, 6180000.0 ], [ 719000.0, 6179900.0 ], [ 718900.0, 6179900.0 ], [ 718800.0, 6179900.0 ], [ 718700.0, 6179900.0 ] ] ] } },
{ "type": "Feature", "properties": { "Shape_Area": 20000.0, "Shape_Leng": 600.0, "cluster_id": "101_808", "fid_1": 808.0, "id_munic": 808.0, "munic_clus": "101_808", "munic_code": 101.0, "min": 3.861879825592041, "max": 3.861879825592041, "mean": 3.861879825592041, "count": 2, "std": 0.0, "range": 0.0 }, "geometry": { "type": "Polygon", "coordinates": [ [ [ 718900.0, 6180600.0 ], [ 718900.0, 6180700.0 ], [ 719000.0, 6180700.0 ], [ 719000.0, 6180600.0 ], [ 719000.0, 6180500.0 ], [ 718900.0, 6180500.0 ], [ 718900.0, 6180600.0 ] ] ] } },
{ "type": "Feature", "properties": { "Shape_Area": 10000.0, "Shape_Leng": 400.0, "cluster_id": "101_809", "fid_1": 809.0, "id_munic": 809.0, "munic_clus": "101_809", "munic_code": 101.0, "min": 3.8703763484954834, "max": 3.8703763484954834, "mean": 3.8703763484954834, "count": 1, "std": 0.0, "range": 0.0 }, "geometry": { "type": "Polygon", "coordinates": [ [ [ 718700.0, 6180600.0 ], [ 718700.0, 6180700.0 ], [ 718800.0, 6180700.0 ], [ 718800.0, 6180600.0 ], [ 718700.0, 6180600.0 ] ] ] } },
{ "type": "Feature", "properties": { "Shape_Area": 30000.0, "Shape_Leng": 800.0, "cluster_id": "101_810", "fid_1": 810.0, "id_munic": 810.0, "munic_clus": "101_810", "munic_code": 101.0, "min": 3.8010663986206055, "max": 3.8010663986206055, "mean": 3.8010663986206055, "count": 3, "std": 0.0, "range": 0.0 }, "geometry": { "type": "Polygon", "coordinates": [ [ [ 718700.0, 6180600.0 ], [ 718800.0, 6180600.0 ], [ 718800.0, 6180700.0 ], [ 718900.0, 6180700.0 ], [ 718900.0, 6180600.0 ], [ 718900.0, 6180500.0 ], [ 718800.0, 6180500.0 ], [ 718700.0, 6180500.0 ], [ 718700.0, 6180600.0 ] ] ] } },
{ "type": "Feature", "properties": { "Shape_Area": 20000.0, "Shape_Leng": 600.0, "cluster_id": "101_811", "fid_1": 811.0, "id_munic": 811.0, "munic_clus": "101_811", "munic_code": 101.0, "min": 4.8697109222412109, "max": 4.8697109222412109, "mean": 4.8697109222412109, "count": 2, "std": 0.0, "range": 0.0 }, "geometry": { "type": "Polygon", "coordinates": [ [ [ 718700.0, 6180300.0 ], [ 718700.0, 6180400.0 ], [ 718800.0, 6180400.0 ], [ 718800.0, 6180300.0 ], [ 718800.0, 6180200.0 ], [ 718700.0, 6180200.0 ], [ 718700.0, 6180300.0 ] ] ] } },
{ "type": "Feature", "properties": { "Shape_Area": 40000.0, "Shape_Leng": 1000.0, "cluster_id": "101_812", "fid_1": 812.0, "id_munic": 812.0, "munic_clus": "101_812", "munic_code": 101.0, "min": 2.842219352722168, "max": 2.842219352722168, "mean": 2.842219352722168, "count": 4, "std": 0.0, "range": 0.0 }, "geometry": { "type": "Polygon", "coordinates": [ [ [ 719800.0, 6178500.0 ], [ 719800.0, 6178600.0 ], [ 719800.0, 6178700.0 ], [ 719900.0, 6178700.0 ], [ 719900.0, 6178600.0 ], [ 719900.0, 6178500.0 ], [ 719900.0, 6178400.0 ], [ 719900.0, 6178300.0 ], [ 719800.0, 6178300.0 ], [ 719800.0, 6178400.0 ], [ 719800.0, 6178500.0 ] ] ] } },
{ "type": "Feature", "properties": { "Shape_Area": 50000.0, "Shape_Leng": 1000.0, "cluster_id": "101_813", "fid_1": 813.0, "id_munic": 813.0, "munic_clus": "101_813", "munic_code": 101.0, "min": 3.5338225364685059, "max": 3.5338225364685059, "mean": 3.5338226318359376, "count": 5, "std": 9.5367431729442842e-08, "range": 0.0 }, "geometry": { "type": "Polygon", "coordinates": [ [ [ 718200.0, 6180000.0 ], [ 718200.0, 6180100.0 ], [ 718300.0, 6180100.0 ], [ 718400.0, 6180100.0 ], [ 718400.0, 6180000.0 ], [ 718400.0, 6179900.0 ], [ 718300.0, 6179900.0 ], [ 718200.0, 6179900.0 ], [ 718100.0, 6179900.0 ], [ 718100.0, 6180000.0 ], [ 718200.0, 6180000.0 ] ] ] } },
{ "type": "Feature", "properties": { "Shape_Area": 40000.0, "Shape_Leng": 1000.0, "cluster_id": "101_814", "fid_1": 814.0, "id_munic": 814.0, "munic_clus": "101_814", "munic_code": 101.0, "min": 4.0574817657470703, "max": 4.0574817657470703, "mean": 4.0574817657470703, "count": 4, "std": 0.0, "range": 0.0 }, "geometry": { "type": "Polygon", "coordinates": [ [ [ 718300.0, 6179700.0 ], [ 718200.0, 6179700.0 ], [ 718200.0, 6179800.0 ], [ 718100.0, 6179800.0 ], [ 718100.0, 6179900.0 ], [ 718200.0, 6179900.0 ], [ 718300.0, 6179900.0 ], [ 718400.0, 6179900.0 ], [ 718400.0, 6179800.0 ], [ 718300.0, 6179800.0 ], [ 718300.0, 6179700.0 ] ] ] } },
{ "type": "Feature", "properties": { "Shape_Area": 50000.0, "Shape_Leng": 1000.0, "cluster_id": "101_815", "fid_1": 815.0, "id_munic": 815.0, "munic_clus": "101_815", "munic_code": 101.0, "min": 4.2359218597412109, "max": 4.2359218597412109, "mean": 4.2359218597412109, "count": 5, "std": 0.0, "range": 0.0 }, "geometry": { "type": "Polygon", "coordinates": [ [ [ 718800.0, 6179500.0 ], [ 718700.0, 6179500.0 ], [ 718600.0, 6179500.0 ], [ 718600.0, 6179600.0 ], [ 718600.0, 6179700.0 ], [ 718700.0, 6179700.0 ], [ 718700.0, 6179800.0 ], [ 718800.0, 6179800.0 ], [ 718800.0, 6179700.0 ], [ 718800.0, 6179600.0 ], [ 718800.0, 6179500.0 ] ] ] } },
{ "type": "Feature", "properties": { "Shape_Area": 100000.0, "Shape_Leng": 1800.0, "cluster_id": "101_816", "fid_1": 816.0, "id_munic": 816.0, "munic_clus": "101_816", "munic_code": 101.0, "min": 3.8138954639434814, "max": 3.8138954639434814, "mean": 3.8138954162597658, "count": 10, "std": 4.7683715642676816e-08, "range": 0.0 }, "geometry": { "type": "Polygon", "coordinates": [ [ [ 718400.0, 6180300.0 ], [ 718400.0, 6180400.0 ], [ 718300.0, 6180400.0 ], [ 718300.0, 6180500.0 ], [ 718400.0, 6180500.0 ], [ 718400.0, 6180600.0 ], [ 718400.0, 6180700.0 ], [ 718500.0, 6180700.0 ], [ 718500.0, 6180800.0 ], [ 718600.0, 6180800.0 ], [ 718600.0, 6180700.0 ], [ 718700.0, 6180700.0 ], [ 718700.0, 6180600.0 ], [ 718600.0, 6180600.0 ], [ 718600.0, 6180500.0 ], [ 718600.0, 6180400.0 ], [ 718500.0, 6180400.0 ], [ 718500.0, 6180300.0 ], [ 718400.0, 6180300.0 ] ] ] } },
{ "type": "Feature", "properties": { "Shape_Area": 30000.0, "Shape_Leng": 800.0, "cluster_id": "101_817", "fid_1": 817.0, "id_munic": 817.0, "munic_clus": "101_817", "munic_code": 101.0, "min": 4.4263582229614258, "max": 4.4263582229614258, "mean": 4.4263582229614258, "count": 3, "std": 0.0, "range": 0.0 }, "geometry": { "type": "Polygon", "coordinates": [ [ [ 718600.0, 6180300.0 ], [ 718500.0, 6180300.0 ], [ 718500.0, 6180400.0 ], [ 718600.0, 6180400.0 ], [ 718700.0, 6180400.0 ], [ 718700.0, 6180300.0 ], [ 718700.0, 6180200.0 ], [ 718600.0, 6180200.0 ], [ 718600.0, 6180300.0 ] ] ] } },
{ "type": "Feature", "properties": { "Shape_Area": 40000.0, "Shape_Leng": 800.0, "cluster_id": "101_818", "fid_1": 818.0, "id_munic": 818.0, "munic_clus": "101_818", "munic_code": 101.0, "min": 2.9786744117736816, "max": 2.9786744117736816, "mean": 2.9786744117736816, "count": 4, "std": 0.0, "range": 0.0 }, "geometry": { "type": "Polygon", "coordinates": [ [ [ 721900.0, 6179300.0 ], [ 721800.0, 6179300.0 ], [ 721700.0, 6179300.0 ], [ 721700.0, 6179400.0 ], [ 721700.0, 6179500.0 ], [ 721800.0, 6179500.0 ], [ 721900.0, 6179500.0 ], [ 721900.0, 6179400.0 ], [ 721900.0, 6179300.0 ] ] ] } },
{ "type": "Feature", "properties": { "Shape_Area": 30000.0, "Shape_Leng": 800.0, "cluster_id": "101_819", "fid_1": 819.0, "id_munic": 819.0, "munic_clus": "101_819", "munic_code": 101.0, "min": 4.4310235977172852, "max": 4.4310235977172852, "mean": 4.4310235977172852, "count": 3, "std": 0.0, "range": 0.0 }, "geometry": { "type": "Polygon", "coordinates": [ [ [ 721500.0, 6179400.0 ], [ 721600.0, 6179400.0 ], [ 721600.0, 6179500.0 ], [ 721700.0, 6179500.0 ], [ 721700.0, 6179400.0 ], [ 721700.0, 6179300.0 ], [ 721600.0, 6179300.0 ], [ 721500.0, 6179300.0 ], [ 721500.0, 6179400.0 ] ] ] } },
{ "type": "Feature", "properties": { "Shape_Area": 20000.0, "Shape_Leng": 600.0, "cluster_id": "101_820", "fid_1": 820.0, "id_munic": 820.0, "munic_clus": "101_820", "munic_code": 101.0, "min": 2.6104636192321777, "max": 2.6104636192321777, "mean": 2.6104636192321777, "count": 2, "std": 0.0, "range": 0.0 }, "geometry": { "type": "Polygon", "coordinates": [ [ [ 720000.0, 6178000.0 ], [ 720100.0, 6178000.0 ], [ 720200.0, 6178000.0 ], [ 720200.0, 6177900.0 ], [ 720100.0, 6177900.0 ], [ 720000.0, 6177900.0 ], [ 720000.0, 6178000.0 ] ] ] } },
{ "type": "Feature", "properties": { "Shape_Area": 20000.0, "Shape_Leng": 600.0, "cluster_id": "101_821", "fid_1": 821.0, "id_munic": 821.0, "munic_clus": "101_821", "munic_code": 101.0, "min": 4.0889706611633301, "max": 4.0889706611633301, "mean": 4.0889706611633301, "count": 2, "std": 0.0, "range": 0.0 }, "geometry": { "type": "Polygon", "coordinates": [ [ [ 721700.0, 6179600.0 ], [ 721800.0, 6179600.0 ], [ 721900.0, 6179600.0 ], [ 721900.0, 6179500.0 ], [ 721800.0, 6179500.0 ], [ 721700.0, 6179500.0 ], [ 721700.0, 6179600.0 ] ] ] } },
{ "type": "Feature", "properties": { "Shape_Area": 10000.0, "Shape_Leng": 400.0, "cluster_id": "101_822", "fid_1": 822.0, "id_munic": 822.0, "munic_clus": "101_822", "munic_code": 101.0, "min": 4.2900700569152832, "max": 4.2900700569152832, "mean": 4.2900700569152832, "count": 1, "std": 0.0, "range": 0.0 }, "geometry": { "type": "Polygon", "coordinates": [ [ [ 721600.0, 6178800.0 ], [ 721600.0, 6178900.0 ], [ 721700.0, 6178900.0 ], [ 721700.0, 6178800.0 ], [ 721600.0, 6178800.0 ] ] ] } },
{ "type": "Feature", "properties": { "Shape_Area": 30000.0, "Shape_Leng": 800.0, "cluster_id": "101_823", "fid_1": 823.0, "id_munic": 823.0, "munic_clus": "101_823", "munic_code": 101.0, "min": 3.5024993419647217, "max": 3.5024993419647217, "mean": 3.5024992624918618, "count": 3, "std": 7.947285984855057e-08, "range": 0.0 }, "geometry": { "type": "Polygon", "coordinates": [ [ [ 721500.0, 6178900.0 ], [ 721400.0, 6178900.0 ], [ 721400.0, 6179000.0 ], [ 721500.0, 6179000.0 ], [ 721600.0, 6179000.0 ], [ 721600.0, 6178900.0 ], [ 721600.0, 6178800.0 ], [ 721500.0, 6178800.0 ], [ 721500.0, 6178900.0 ] ] ] } },
{ "type": "Feature", "properties": { "Shape_Area": 50000.0, "Shape_Leng": 1000.0, "cluster_id": "101_824", "fid_1": 824.0, "id_munic": 824.0, "munic_clus": "101_824", "munic_code": 101.0, "min": 3.5561480522155762, "max": 3.5561480522155762, "mean": 3.5561481475830079, "count": 5, "std": 9.5367431729442842e-08, "range": 0.0 }, "geometry": { "type": "Polygon", "coordinates": [ [ [ 721900.0, 6179100.0 ], [ 721800.0, 6179100.0 ], [ 721700.0, 6179100.0 ], [ 721700.0, 6179200.0 ], [ 721600.0, 6179200.0 ], [ 721600.0, 6179300.0 ], [ 721700.0, 6179300.0 ], [ 721800.0, 6179300.0 ], [ 721900.0, 6179300.0 ], [ 721900.0, 6179200.0 ], [ 721900.0, 6179100.0 ] ] ] } },
{ "type": "Feature", "properties": { "Shape_Area": 30000.0, "Shape_Leng": 800.0, "cluster_id": "101_825", "fid_1": 825.0, "id_munic": 825.0, "munic_clus": "101_825", "munic_code": 101.0, "min": 3.3745417594909668, "max": 3.3745417594909668, "mean": 3.3745416005452475, "count": 3, "std": 1.5894571925301193e-07, "range": 0.0 }, "geometry": { "type": "Polygon", "coordinates": [ [ [ 719300.0, 6173500.0 ], [ 719300.0, 6173600.0 ], [ 719400.0, 6173600.0 ], [ 719500.0, 6173600.0 ], [ 719500.0, 6173500.0 ], [ 719400.0, 6173500.0 ], [ 719400.0, 6173400.0 ], [ 719300.0, 6173400.0 ], [ 719300.0, 6173500.0 ] ] ] } },
{ "type": "Feature", "properties": { "Shape_Area": 70000.0, "Shape_Leng": 1200.0, "cluster_id": "101_826", "fid_1": 826.0, "id_munic": 826.0, "munic_clus": "101_826", "munic_code": 101.0, "min": 3.8243920803070068, "max": 3.8243920803070068, "mean": 3.8243920462472096, "count": 7, "std": 3.4059797204832876e-08, "range": 0.0 }, "geometry": { "type": "Polygon", "coordinates": [ [ [ 721000.0, 6178700.0 ], [ 721000.0, 6178800.0 ], [ 721000.0, 6178900.0 ], [ 721000.0, 6179000.0 ], [ 721100.0, 6179000.0 ], [ 721200.0, 6179000.0 ], [ 721200.0, 6178900.0 ], [ 721200.0, 6178800.0 ], [ 721200.0, 6178700.0 ], [ 721200.0, 6178600.0 ], [ 721100.0, 6178600.0 ], [ 721100.0, 6178700.0 ], [ 721000.0, 6178700.0 ] ] ] } },
{ "type": "Feature", "properties": { "Shape_Area": 10000.0, "Shape_Leng": 400.0, "cluster_id": "101_827", "fid_1": 827.0, "id_munic": 827.0, "munic_clus": "101_827", "munic_code": 101.0, "min": 3.7529160976409912, "max": 3.7529160976409912, "mean": 3.7529160976409912, "count": 1, "std": 0.0, "range": 0.0 }, "geometry": { "type": "Polygon", "coordinates": [ [ [ 721700.0, 6180600.0 ], [ 721700.0, 6180700.0 ], [ 721800.0, 6180700.0 ], [ 721800.0, 6180600.0 ], [ 721700.0, 6180600.0 ] ] ] } },
{ "type": "Feature", "properties": { "Shape_Area": 60000.0, "Shape_Leng": 1200.0, "cluster_id": "101_828", "fid_1": 828.0, "id_munic": 828.0, "munic_clus": "101_828", "munic_code": 101.0, "min": 3.0531492233276367, "max": 3.0531492233276367, "mean": 3.0531492233276367, "count": 6, "std": 0.0, "range": 0.0 }, "geometry": { "type": "Polygon", "coordinates": [ [ [ 721000.0, 6179600.0 ], [ 721000.0, 6179700.0 ], [ 721100.0, 6179700.0 ], [ 721100.0, 6179800.0 ], [ 721200.0, 6179800.0 ], [ 721200.0, 6179700.0 ], [ 721200.0, 6179600.0 ], [ 721200.0, 6179500.0 ], [ 721100.0, 6179500.0 ], [ 721000.0, 6179500.0 ], [ 720900.0, 6179500.0 ], [ 720900.0, 6179600.0 ], [ 721000.0, 6179600.0 ] ] ] } },
{ "type": "Feature", "properties": { "Shape_Area": 50000.0, "Shape_Leng": 1200.0, "cluster_id": "101_829", "fid_1": 829.0, "id_munic": 829.0, "munic_clus": "101_829", "munic_code": 101.0, "min": 3.1484510898590088, "max": 3.1484510898590088, "mean": 3.1484512329101562, "count": 5, "std": 1.4305114737211966e-07, "range": 0.0 }, "geometry": { "type": "Polygon", "coordinates": [ [ [ 720900.0, 6179800.0 ], [ 721000.0, 6179800.0 ], [ 721000.0, 6179900.0 ], [ 721000.0, 6180000.0 ], [ 721100.0, 6180000.0 ], [ 721100.0, 6179900.0 ], [ 721100.0, 6179800.0 ], [ 721100.0, 6179700.0 ], [ 721000.0, 6179700.0 ], [ 721000.0, 6179600.0 ], [ 720900.0, 6179600.0 ], [ 720900.0, 6179700.0 ], [ 720900.0, 6179800.0 ] ] ] } },
{ "type": "Feature", "properties": { "Shape_Area": 30000.0, "Shape_Leng": 800.0, "cluster_id": "101_830", "fid_1": 830.0, "id_munic": 830.0, "munic_clus": "101_830", "munic_code": 101.0, "min": 3.7709097862243652, "max": 3.7709097862243652, "mean": 3.770909627278646, "count": 3, "std": 1.5894571925301193e-07, "range": 0.0 }, "geometry": { "type": "Polygon", "coordinates": [ [ [ 721600.0, 6180500.0 ], [ 721700.0, 6180500.0 ], [ 721700.0, 6180600.0 ], [ 721800.0, 6180600.0 ], [ 721800.0, 6180500.0 ], [ 721800.0, 6180400.0 ], [ 721700.0, 6180400.0 ], [ 721600.0, 6180400.0 ], [ 721600.0, 6180500.0 ] ] ] } },
{ "type": "Feature", "properties": { "Shape_Area": 170000.0, "Shape_Leng": 1800.0, "cluster_id": "101_831", "fid_1": 831.0, "id_munic": 831.0, "munic_clus": "101_831", "munic_code": 101.0, "min": 3.6791071891784668, "max": 3.6791071891784668, "mean": 3.6791072172277115, "count": 17, "std": 2.8049244704675402e-08, "range": 0.0 }, "geometry": { "type": "Polygon", "coordinates": [ [ [ 721500.0, 6180100.0 ], [ 721400.0, 6180100.0 ], [ 721300.0, 6180100.0 ], [ 721300.0, 6180200.0 ], [ 721300.0, 6180300.0 ], [ 721400.0, 6180300.0 ], [ 721400.0, 6180400.0 ], [ 721500.0, 6180400.0 ], [ 721600.0, 6180400.0 ], [ 721700.0, 6180400.0 ], [ 721800.0, 6180400.0 ], [ 721800.0, 6180300.0 ], [ 721800.0, 6180200.0 ], [ 721800.0, 6180100.0 ], [ 721800.0, 6180000.0 ], [ 721700.0, 6180000.0 ], [ 721600.0, 6180000.0 ], [ 721500.0, 6180000.0 ], [ 721500.0, 6180100.0 ] ] ] } },
{ "type": "Feature", "properties": { "Shape_Area": 110000.0, "Shape_Leng": 1600.0, "cluster_id": "101_832", "fid_1": 832.0, "id_munic": 832.0, "munic_clus": "101_832", "munic_code": 101.0, "min": 3.0183277130126953, "max": 3.0183277130126953, "mean": 3.0183278864080254, "count": 11, "std": 1.7339533009419483e-07, "range": 0.0 }, "geometry": { "type": "Polygon", "coordinates": [ [ [ 721500.0, 6179800.0 ], [ 721500.0, 6179900.0 ], [ 721500.0, 6180000.0 ], [ 721600.0, 6180000.0 ], [ 721700.0, 6180000.0 ], [ 721800.0, 6180000.0 ], [ 721800.0, 6179900.0 ], [ 721900.0, 6179900.0 ], [ 721900.0, 6179800.0 ], [ 721900.0, 6179700.0 ], [ 721800.0, 6179700.0 ], [ 721700.0, 6179700.0 ], [ 721700.0, 6179600.0 ], [ 721600.0, 6179600.0 ], [ 721600.0, 6179700.0 ], [ 721600.0, 6179800.0 ], [ 721500.0, 6179800.0 ] ] ] } },
{ "type": "Feature", "properties": { "Shape_Area": 220000.0, "Shape_Leng": 2200.0, "cluster_id": "101_833", "fid_1": 833.0, "id_munic": 833.0, "munic_clus": "101_833", "munic_code": 101.0, "min": 3.1304566860198975, "max": 3.1304566860198975, "mean": 3.1304564042524858, "count": 22, "std": 2.8176741162511116e-07, "range": 0.0 }, "geometry": { "type": "Polygon", "coordinates": [ [ [ 721300.0, 6179600.0 ], [ 721200.0, 6179600.0 ], [ 721200.0, 6179700.0 ], [ 721200.0, 6179800.0 ], [ 721100.0, 6179800.0 ], [ 721100.0, 6179900.0 ], [ 721100.0, 6180000.0 ], [ 721100.0, 6180100.0 ], [ 721100.0, 6180200.0 ], [ 721200.0, 6180200.0 ], [ 721300.0, 6180200.0 ], [ 721300.0, 6180100.0 ], [ 721400.0, 6180100.0 ], [ 721500.0, 6180100.0 ], [ 721500.0, 6180000.0 ], [ 721500.0, 6179900.0 ], [ 721500.0, 6179800.0 ], [ 721600.0, 6179800.0 ], [ 721600.0, 6179700.0 ], [ 721600.0, 6179600.0 ], [ 721500.0, 6179600.0 ], [ 721400.0, 6179600.0 ], [ 721300.0, 6179600.0 ] ] ] } },
{ "type": "Feature", "properties": { "Shape_Area": 20000.0, "Shape_Leng": 600.0, "cluster_id": "101_834", "fid_1": 834.0, "id_munic": 834.0, "munic_clus": "101_834", "munic_code": 101.0, "min": 3.3012332916259766, "max": 3.3012332916259766, "mean": 3.3012332916259766, "count": 2, "std": 0.0, "range": 0.0 }, "geometry": { "type": "Polygon", "coordinates": [ [ [ 720600.0, 6177500.0 ], [ 720700.0, 6177500.0 ], [ 720800.0, 6177500.0 ], [ 720800.0, 6177400.0 ], [ 720700.0, 6177400.0 ], [ 720600.0, 6177400.0 ], [ 720600.0, 6177500.0 ] ] ] } },
{ "type": "Feature", "properties": { "Shape_Area": 20000.0, "Shape_Leng": 600.0, "cluster_id": "101_835", "fid_1": 835.0, "id_munic": 835.0, "munic_clus": "101_835", "munic_code": 101.0, "min": 3.5118293762207031, "max": 3.5118293762207031, "mean": 3.5118293762207031, "count": 2, "std": 0.0, "range": 0.0 }, "geometry": { "type": "Polygon", "coordinates": [ [ [ 720600.0, 6177400.0 ], [ 720700.0, 6177400.0 ], [ 720800.0, 6177400.0 ], [ 720800.0, 6177300.0 ], [ 720700.0, 6177300.0 ], [ 720600.0, 6177300.0 ], [ 720600.0, 6177400.0 ] ] ] } },
{ "type": "Feature", "properties": { "Shape_Area": 30000.0, "Shape_Leng": 800.0, "cluster_id": "101_836", "fid_1": 836.0, "id_munic": 836.0, "munic_clus": "101_836", "munic_code": 101.0, "min": 3.3607132434844971, "max": 3.3607132434844971, "mean": 3.3607133229573569, "count": 3, "std": 7.947285984855057e-08, "range": 0.0 }, "geometry": { "type": "Polygon", "coordinates": [ [ [ 720800.0, 6177300.0 ], [ 720800.0, 6177400.0 ], [ 720900.0, 6177400.0 ], [ 720900.0, 6177300.0 ], [ 721000.0, 6177300.0 ], [ 721000.0, 6177200.0 ], [ 720900.0, 6177200.0 ], [ 720800.0, 6177200.0 ], [ 720800.0, 6177300.0 ] ] ] } },
{ "type": "Feature", "properties": { "Shape_Area": 50000.0, "Shape_Leng": 1000.0, "cluster_id": "101_837", "fid_1": 837.0, "id_munic": 837.0, "munic_clus": "101_837", "munic_code": 101.0, "min": 3.5208265781402588, "max": 3.5208265781402588, "mean": 3.5208267211914062, "count": 5, "std": 1.4305114737211966e-07, "range": 0.0 }, "geometry": { "type": "Polygon", "coordinates": [ [ [ 720600.0, 6177300.0 ], [ 720500.0, 6177300.0 ], [ 720500.0, 6177400.0 ], [ 720400.0, 6177400.0 ], [ 720400.0, 6177500.0 ], [ 720400.0, 6177600.0 ], [ 720500.0, 6177600.0 ], [ 720600.0, 6177600.0 ], [ 720600.0, 6177500.0 ], [ 720600.0, 6177400.0 ], [ 720600.0, 6177300.0 ] ] ] } },
{ "type": "Feature", "properties": { "Shape_Area": 60000.0, "Shape_Leng": 1200.0, "cluster_id": "101_838", "fid_1": 838.0, "id_munic": 838.0, "munic_clus": "101_838", "munic_code": 101.0, "min": 2.7065982818603516, "max": 2.7065982818603516, "mean": 2.7065982818603516, "count": 6, "std": 0.0, "range": 0.0 }, "geometry": { "type": "Polygon", "coordinates": [ [ [ 719800.0, 6178200.0 ], [ 719800.0, 6178300.0 ], [ 719900.0, 6178300.0 ], [ 719900.0, 6178400.0 ], [ 720000.0, 6178400.0 ], [ 720100.0, 6178400.0 ], [ 720100.0, 6178300.0 ], [ 720100.0, 6178200.0 ], [ 720000.0, 6178200.0 ], [ 720000.0, 6178100.0 ], [ 719900.0, 6178100.0 ], [ 719900.0, 6178200.0 ], [ 719800.0, 6178200.0 ] ] ] } },
{ "type": "Feature", "properties": { "Shape_Area": 20000.0, "Shape_Leng": 600.0, "cluster_id": "101_839", "fid_1": 839.0, "id_munic": 839.0, "munic_clus": "101_839", "munic_code": 101.0, "min": 3.1307897567749023, "max": 3.1307897567749023, "mean": 3.1307897567749023, "count": 2, "std": 0.0, "range": 0.0 }, "geometry": { "type": "Polygon", "coordinates": [ [ [ 720500.0, 6177200.0 ], [ 720500.0, 6177300.0 ], [ 720600.0, 6177300.0 ], [ 720600.0, 6177200.0 ], [ 720600.0, 6177100.0 ], [ 720500.0, 6177100.0 ], [ 720500.0, 6177200.0 ] ] ] } },
{ "type": "Feature", "properties": { "Shape_Area": 40000.0, "Shape_Leng": 800.0, "cluster_id": "101_840", "fid_1": 840.0, "id_munic": 840.0, "munic_clus": "101_840", "munic_code": 101.0, "min": 3.7297570705413818, "max": 3.7297570705413818, "mean": 3.7297570705413818, "count": 4, "std": 0.0, "range": 0.0 }, "geometry": { "type": "Polygon", "coordinates": [ [ [ 720800.0, 6177100.0 ], [ 720700.0, 6177100.0 ], [ 720600.0, 6177100.0 ], [ 720600.0, 6177200.0 ], [ 720600.0, 6177300.0 ], [ 720700.0, 6177300.0 ], [ 720800.0, 6177300.0 ], [ 720800.0, 6177200.0 ], [ 720800.0, 6177100.0 ] ] ] } },
{ "type": "Feature", "properties": { "Shape_Area": 20000.0, "Shape_Leng": 600.0, "cluster_id": "101_841", "fid_1": 841.0, "id_munic": 841.0, "munic_clus": "101_841", "munic_code": 101.0, "min": 3.480839729309082, "max": 3.480839729309082, "mean": 3.480839729309082, "count": 2, "std": 0.0, "range": 0.0 }, "geometry": { "type": "Polygon", "coordinates": [ [ [ 717300.0, 6179700.0 ], [ 717400.0, 6179700.0 ], [ 717500.0, 6179700.0 ], [ 717500.0, 6179600.0 ], [ 717400.0, 6179600.0 ], [ 717300.0, 6179600.0 ], [ 717300.0, 6179700.0 ] ] ] } },
{ "type": "Feature", "properties": { "Shape_Area": 40000.0, "Shape_Leng": 800.0, "cluster_id": "101_842", "fid_1": 842.0, "id_munic": 842.0, "munic_clus": "101_842", "munic_code": 101.0, "min": 3.6332888603210449, "max": 3.6332888603210449, "mean": 3.6332888603210449, "count": 4, "std": 0.0, "range": 0.0 }, "geometry": { "type": "Polygon", "coordinates": [ [ [ 717400.0, 6179700.0 ], [ 717300.0, 6179700.0 ], [ 717200.0, 6179700.0 ], [ 717200.0, 6179800.0 ], [ 717200.0, 6179900.0 ], [ 717300.0, 6179900.0 ], [ 717400.0, 6179900.0 ], [ 717400.0, 6179800.0 ], [ 717400.0, 6179700.0 ] ] ] } },
{ "type": "Feature", "properties": { "Shape_Area": 60000.0, "Shape_Leng": 1400.0, "cluster_id": "101_843", "fid_1": 843.0, "id_munic": 843.0, "munic_clus": "101_843", "munic_code": 101.0, "min": 3.8127295970916748, "max": 3.8127295970916748, "mean": 3.812729517618815, "count": 6, "std": 7.947285984855057e-08, "range": 0.0 }, "geometry": { "type": "Polygon", "coordinates": [ [ [ 717400.0, 6179600.0 ], [ 717500.0, 6179600.0 ], [ 717500.0, 6179700.0 ], [ 717400.0, 6179700.0 ], [ 717400.0, 6179800.0 ], [ 717500.0, 6179800.0 ], [ 717600.0, 6179800.0 ], [ 717600.0, 6179700.0 ], [ 717600.0, 6179600.0 ], [ 717600.0, 6179500.0 ], [ 717500.0, 6179500.0 ], [ 717500.0, 6179400.0 ], [ 717400.0, 6179400.0 ], [ 717400.0, 6179500.0 ], [ 717400.0, 6179600.0 ] ] ] } },
{ "type": "Feature", "properties": { "Shape_Area": 90000.0, "Shape_Leng": 1400.0, "cluster_id": "101_844", "fid_1": 844.0, "id_munic": 844.0, "munic_clus": "101_844", "munic_code": 101.0, "min": 3.7742416858673096, "max": 3.7742416858673096, "mean": 3.7742419772677951, "count": 9, "std": 2.9140048551923314e-07, "range": 0.0 }, "geometry": { "type": "Polygon", "coordinates": [ [ [ 717500.0, 6179100.0 ], [ 717400.0, 6179100.0 ], [ 717400.0, 6179200.0 ], [ 717400.0, 6179300.0 ], [ 717500.0, 6179300.0 ], [ 717500.0, 6179400.0 ], [ 717600.0, 6179400.0 ], [ 717700.0, 6179400.0 ], [ 717800.0, 6179400.0 ], [ 717800.0, 6179300.0 ], [ 717800.0, 6179200.0 ], [ 717700.0, 6179200.0 ], [ 717600.0, 6179200.0 ], [ 717600.0, 6179100.0 ], [ 717500.0, 6179100.0 ] ] ] } },
{ "type": "Feature", "properties": { "Shape_Area": 350000.0, "Shape_Leng": 3000.0, "cluster_id": "101_845", "fid_1": 845.0, "id_munic": 845.0, "munic_clus": "101_845", "munic_code": 101.0, "min": 4.3678789138793945, "max": 4.3678789138793945, "mean": 4.3678785051618307, "count": 35, "std": 4.0871756379345925e-07, "range": 0.0 }, "geometry": { "type": "Polygon", "coordinates": [ [ [ 716900.0, 6179200.0 ], [ 716900.0, 6179300.0 ], [ 716900.0, 6179400.0 ], [ 716900.0, 6179500.0 ], [ 717000.0, 6179500.0 ], [ 717000.0, 6179600.0 ], [ 717100.0, 6179600.0 ], [ 717100.0, 6179700.0 ], [ 717200.0, 6179700.0 ], [ 717300.0, 6179700.0 ], [ 717300.0, 6179600.0 ], [ 717400.0, 6179600.0 ], [ 717400.0, 6179500.0 ], [ 717400.0, 6179400.0 ], [ 717500.0, 6179400.0 ], [ 717500.0, 6179300.0 ], [ 717400.0, 6179300.0 ], [ 717400.0, 6179200.0 ], [ 717400.0, 6179100.0 ], [ 717400.0, 6179000.0 ], [ 717300.0, 6179000.0 ], [ 717300.0, 6178900.0 ], [ 717200.0, 6178900.0 ], [ 717100.0, 6178900.0 ], [ 717100.0, 6178800.0 ], [ 717000.0, 6178800.0 ], [ 717000.0, 6178900.0 ], [ 717000.0, 6179000.0 ], [ 717000.0, 6179100.0 ], [ 716900.0, 6179100.0 ], [ 716900.0, 6179200.0 ] ] ] } },
{ "type": "Feature", "properties": { "Shape_Area": 10000.0, "Shape_Leng": 400.0, "cluster_id": "101_846", "fid_1": 846.0, "id_munic": 846.0, "munic_clus": "101_846", "munic_code": 101.0, "min": 3.0348219871520996, "max": 3.0348219871520996, "mean": 3.0348219871520996, "count": 1, "std": 0.0, "range": 0.0 }, "geometry": { "type": "Polygon", "coordinates": [ [ [ 725400.0, 6178100.0 ], [ 725400.0, 6178200.0 ], [ 725500.0, 6178200.0 ], [ 725500.0, 6178100.0 ], [ 725400.0, 6178100.0 ] ] ] } },
{ "type": "Feature", "properties": { "Shape_Area": 20000.0, "Shape_Leng": 600.0, "cluster_id": "101_847", "fid_1": 847.0, "id_munic": 847.0, "munic_clus": "101_847", "munic_code": 101.0, "min": 2.2855715751647949, "max": 2.2855715751647949, "mean": 2.2855715751647949, "count": 2, "std": 0.0, "range": 0.0 }, "geometry": { "type": "Polygon", "coordinates": [ [ [ 725300.0, 6178200.0 ], [ 725300.0, 6178300.0 ], [ 725400.0, 6178300.0 ], [ 725400.0, 6178200.0 ], [ 725400.0, 6178100.0 ], [ 725300.0, 6178100.0 ], [ 725300.0, 6178200.0 ] ] ] } },
{ "type": "Feature", "properties": { "Shape_Area": 110000.0, "Shape_Leng": 1600.0, "cluster_id": "101_848", "fid_1": 848.0, "id_munic": 848.0, "munic_clus": "101_848", "munic_code": 101.0, "min": 2.8322229385375977, "max": 2.8322229385375977, "mean": 2.8322230252352627, "count": 11, "std": 8.6697665047097416e-08, "range": 0.0 }, "geometry": { "type": "Polygon", "coordinates": [ [ [ 725200.0, 6177800.0 ], [ 725200.0, 6177900.0 ], [ 725100.0, 6177900.0 ], [ 725100.0, 6178000.0 ], [ 725000.0, 6178000.0 ], [ 725000.0, 6178100.0 ], [ 725100.0, 6178100.0 ], [ 725100.0, 6178200.0 ], [ 725200.0, 6178200.0 ], [ 725300.0, 6178200.0 ], [ 725300.0, 6178100.0 ], [ 725400.0, 6178100.0 ], [ 725400.0, 6178000.0 ], [ 725400.0, 6177900.0 ], [ 725400.0, 6177800.0 ], [ 725300.0, 6177800.0 ], [ 725200.0, 6177800.0 ] ] ] } },
{ "type": "Feature", "properties": { "Shape_Area": 30000.0, "Shape_Leng": 800.0, "cluster_id": "101_849", "fid_1": 849.0, "id_munic": 849.0, "munic_clus": "101_849", "munic_code": 101.0, "min": 3.0041654109954834, "max": 3.0041654109954834, "mean": 3.0041653315226235, "count": 3, "std": 7.947285984855057e-08, "range": 0.0 }, "geometry": { "type": "Polygon", "coordinates": [ [ [ 725400.0, 6178300.0 ], [ 725500.0, 6178300.0 ], [ 725500.0, 6178400.0 ], [ 725600.0, 6178400.0 ], [ 725600.0, 6178300.0 ], [ 725600.0, 6178200.0 ], [ 725500.0, 6178200.0 ], [ 725400.0, 6178200.0 ], [ 725400.0, 6178300.0 ] ] ] } },
{ "type": "Feature", "properties": { "Shape_Area": 40000.0, "Shape_Leng": 1000.0, "cluster_id": "101_850", "fid_1": 850.0, "id_munic": 850.0, "munic_clus": "101_850", "munic_code": 101.0, "min": 3.3507168292999268, "max": 3.3507168292999268, "mean": 3.3507168292999268, "count": 4, "std": 0.0, "range": 0.0 }, "geometry": { "type": "Polygon", "coordinates": [ [ [ 724700.0, 6175600.0 ], [ 724700.0, 6175700.0 ], [ 724800.0, 6175700.0 ], [ 724900.0, 6175700.0 ], [ 724900.0, 6175600.0 ], [ 724800.0, 6175600.0 ], [ 724800.0, 6175500.0 ], [ 724700.0, 6175500.0 ], [ 724600.0, 6175500.0 ], [ 724600.0, 6175600.0 ], [ 724700.0, 6175600.0 ] ] ] } },
{ "type": "Feature", "properties": { "Shape_Area": 10000.0, "Shape_Leng": 400.0, "cluster_id": "101_851", "fid_1": 851.0, "id_munic": 851.0, "munic_clus": "101_851", "munic_code": 101.0, "min": 3.1274576187133789, "max": 3.1274576187133789, "mean": 3.1274576187133789, "count": 1, "std": 0.0, "range": 0.0 }, "geometry": { "type": "Polygon", "coordinates": [ [ [ 724200.0, 6176800.0 ], [ 724200.0, 6176900.0 ], [ 724300.0, 6176900.0 ], [ 724300.0, 6176800.0 ], [ 724200.0, 6176800.0 ] ] ] } },
{ "type": "Feature", "properties": { "Shape_Area": 20000.0, "Shape_Leng": 600.0, "cluster_id": "101_852", "fid_1": 852.0, "id_munic": 852.0, "munic_clus": "101_852", "munic_code": 101.0, "min": 3.2572474479675293, "max": 3.2572474479675293, "mean": 3.2572474479675293, "count": 2, "std": 0.0, "range": 0.0 }, "geometry": { "type": "Polygon", "coordinates": [ [ [ 721200.0, 6174700.0 ], [ 721300.0, 6174700.0 ], [ 721400.0, 6174700.0 ], [ 721400.0, 6174600.0 ], [ 721300.0, 6174600.0 ], [ 721200.0, 6174600.0 ], [ 721200.0, 6174700.0 ] ] ] } },
{ "type": "Feature", "properties": { "Shape_Area": 10000.0, "Shape_Leng": 400.0, "cluster_id": "101_853", "fid_1": 853.0, "id_munic": 853.0, "munic_clus": "101_853", "munic_code": 101.0, "min": 4.3075647354125977, "max": 4.3075647354125977, "mean": 4.3075647354125977, "count": 1, "std": 0.0, "range": 0.0 }, "geometry": { "type": "Polygon", "coordinates": [ [ [ 721900.0, 6178600.0 ], [ 721900.0, 6178700.0 ], [ 722000.0, 6178700.0 ], [ 722000.0, 6178600.0 ], [ 721900.0, 6178600.0 ] ] ] } },
{ "type": "Feature", "properties": { "Shape_Area": 40000.0, "Shape_Leng": 1000.0, "cluster_id": "101_854", "fid_1": 854.0, "id_munic": 854.0, "munic_clus": "101_854", "munic_code": 101.0, "min": 3.0934689044952393, "max": 3.0934689044952393, "mean": 3.0934689044952393, "count": 4, "std": 0.0, "range": 0.0 }, "geometry": { "type": "Polygon", "coordinates": [ [ [ 721800.0, 6178800.0 ], [ 721800.0, 6178900.0 ], [ 721900.0, 6178900.0 ], [ 721900.0, 6178800.0 ], [ 722000.0, 6178800.0 ], [ 722000.0, 6178700.0 ], [ 721900.0, 6178700.0 ], [ 721900.0, 6178600.0 ], [ 721800.0, 6178600.0 ], [ 721800.0, 6178700.0 ], [ 721800.0, 6178800.0 ] ] ] } },
{ "type": "Feature", "properties": { "Shape_Area": 30000.0, "Shape_Leng": 800.0, "cluster_id": "101_855", "fid_1": 855.0, "id_munic": 855.0, "munic_clus": "101_855", "munic_code": 101.0, "min": 3.3993675708770752, "max": 3.3993675708770752, "mean": 3.399367650349935, "count": 3, "std": 7.947285984855057e-08, "range": 0.0 }, "geometry": { "type": "Polygon", "coordinates": [ [ [ 721500.0, 6173900.0 ], [ 721500.0, 6174000.0 ], [ 721500.0, 6174100.0 ], [ 721600.0, 6174100.0 ], [ 721600.0, 6174000.0 ], [ 721600.0, 6173900.0 ], [ 721600.0, 6173800.0 ], [ 721500.0, 6173800.0 ], [ 721500.0, 6173900.0 ] ] ] } },
{ "type": "Feature", "properties": { "Shape_Area": 20000.0, "Shape_Leng": 600.0, "cluster_id": "101_856", "fid_1": 856.0, "id_munic": 856.0, "munic_clus": "101_856", "munic_code": 101.0, "min": 3.5246584415435791, "max": 3.5246584415435791, "mean": 3.5246584415435791, "count": 2, "std": 0.0, "range": 0.0 }, "geometry": { "type": "Polygon", "coordinates": [ [ [ 721400.0, 6173400.0 ], [ 721400.0, 6173500.0 ], [ 721500.0, 6173500.0 ], [ 721500.0, 6173400.0 ], [ 721500.0, 6173300.0 ], [ 721400.0, 6173300.0 ], [ 721400.0, 6173400.0 ] ] ] } },
{ "type": "Feature", "properties": { "Shape_Area": 20000.0, "Shape_Leng": 600.0, "cluster_id": "101_857", "fid_1": 857.0, "id_munic": 857.0, "munic_clus": "101_857", "munic_code": 101.0, "min": 3.5286574363708496, "max": 3.5286574363708496, "mean": 3.5286574363708496, "count": 2, "std": 0.0, "range": 0.0 }, "geometry": { "type": "Polygon", "coordinates": [ [ [ 721600.0, 6173600.0 ], [ 721600.0, 6173700.0 ], [ 721700.0, 6173700.0 ], [ 721700.0, 6173600.0 ], [ 721700.0, 6173500.0 ], [ 721600.0, 6173500.0 ], [ 721600.0, 6173600.0 ] ] ] } },
{ "type": "Feature", "properties": { "Shape_Area": 20000.0, "Shape_Leng": 600.0, "cluster_id": "101_858", "fid_1": 858.0, "id_munic": 858.0, "munic_clus": "101_858", "munic_code": 101.0, "min": 2.5528159141540527, "max": 2.5528159141540527, "mean": 2.5528159141540527, "count": 2, "std": 0.0, "range": 0.0 }, "geometry": { "type": "Polygon", "coordinates": [ [ [ 721400.0, 6174000.0 ], [ 721400.0, 6174100.0 ], [ 721500.0, 6174100.0 ], [ 721500.0, 6174000.0 ], [ 721500.0, 6173900.0 ], [ 721400.0, 6173900.0 ], [ 721400.0, 6174000.0 ] ] ] } },
{ "type": "Feature", "properties": { "Shape_Area": 50000.0, "Shape_Leng": 1000.0, "cluster_id": "101_859", "fid_1": 859.0, "id_munic": 859.0, "munic_clus": "101_859", "munic_code": 101.0, "min": 2.9376881122589111, "max": 2.9376881122589111, "mean": 2.9376880645751955, "count": 5, "std": 4.7683715642676816e-08, "range": 0.0 }, "geometry": { "type": "Polygon", "coordinates": [ [ [ 721200.0, 6173900.0 ], [ 721200.0, 6174000.0 ], [ 721300.0, 6174000.0 ], [ 721400.0, 6174000.0 ], [ 721400.0, 6173900.0 ], [ 721400.0, 6173800.0 ], [ 721300.0, 6173800.0 ], [ 721200.0, 6173800.0 ], [ 721100.0, 6173800.0 ], [ 721100.0, 6173900.0 ], [ 721200.0, 6173900.0 ] ] ] } },
{ "type": "Feature", "properties": { "Shape_Area": 50000.0, "Shape_Leng": 1200.0, "cluster_id": "101_860", "fid_1": 860.0, "id_munic": 860.0, "munic_clus": "101_860", "munic_code": 101.0, "min": 3.6817727088928223, "max": 3.6817727088928223, "mean": 3.6817726135253905, "count": 5, "std": 9.5367431729442842e-08, "range": 0.0 }, "geometry": { "type": "Polygon", "coordinates": [ [ [ 721800.0, 6173600.0 ], [ 721700.0, 6173600.0 ], [ 721700.0, 6173700.0 ], [ 721600.0, 6173700.0 ], [ 721600.0, 6173800.0 ], [ 721600.0, 6173900.0 ], [ 721600.0, 6174000.0 ], [ 721700.0, 6174000.0 ], [ 721700.0, 6173900.0 ], [ 721700.0, 6173800.0 ], [ 721800.0, 6173800.0 ], [ 721800.0, 6173700.0 ], [ 721800.0, 6173600.0 ] ] ] } },
{ "type": "Feature", "properties": { "Shape_Area": 10000.0, "Shape_Leng": 400.0, "cluster_id": "101_861", "fid_1": 861.0, "id_munic": 861.0, "munic_clus": "101_861", "munic_code": 101.0, "min": 3.588637113571167, "max": 3.588637113571167, "mean": 3.588637113571167, "count": 1, "std": 0.0, "range": 0.0 }, "geometry": { "type": "Polygon", "coordinates": [ [ [ 721600.0, 6174000.0 ], [ 721600.0, 6174100.0 ], [ 721700.0, 6174100.0 ], [ 721700.0, 6174000.0 ], [ 721600.0, 6174000.0 ] ] ] } },
{ "type": "Feature", "properties": { "Shape_Area": 10000.0, "Shape_Leng": 400.0, "cluster_id": "101_862", "fid_1": 862.0, "id_munic": 862.0, "munic_clus": "101_862", "munic_code": 101.0, "min": 3.4551815986633301, "max": 3.4551815986633301, "mean": 3.4551815986633301, "count": 1, "std": 0.0, "range": 0.0 }, "geometry": { "type": "Polygon", "coordinates": [ [ [ 721800.0, 6173200.0 ], [ 721800.0, 6173300.0 ], [ 721900.0, 6173300.0 ], [ 721900.0, 6173200.0 ], [ 721800.0, 6173200.0 ] ] ] } },
{ "type": "Feature", "properties": { "Shape_Area": 20000.0, "Shape_Leng": 600.0, "cluster_id": "101_863", "fid_1": 863.0, "id_munic": 863.0, "munic_clus": "101_863", "munic_code": 101.0, "min": 4.2202606201171875, "max": 4.2202606201171875, "mean": 4.2202606201171875, "count": 2, "std": 0.0, "range": 0.0 }, "geometry": { "type": "Polygon", "coordinates": [ [ [ 721800.0, 6173100.0 ], [ 721800.0, 6173200.0 ], [ 721900.0, 6173200.0 ], [ 721900.0, 6173100.0 ], [ 721900.0, 6173000.0 ], [ 721800.0, 6173000.0 ], [ 721800.0, 6173100.0 ] ] ] } },
{ "type": "Feature", "properties": { "Shape_Area": 20000.0, "Shape_Leng": 600.0, "cluster_id": "101_864", "fid_1": 864.0, "id_munic": 864.0, "munic_clus": "101_864", "munic_code": 101.0, "min": 3.5159947872161865, "max": 3.5159947872161865, "mean": 3.5159947872161865, "count": 2, "std": 0.0, "range": 0.0 }, "geometry": { "type": "Polygon", "coordinates": [ [ [ 721700.0, 6173200.0 ], [ 721700.0, 6173300.0 ], [ 721800.0, 6173300.0 ], [ 721800.0, 6173200.0 ], [ 721800.0, 6173100.0 ], [ 721700.0, 6173100.0 ], [ 721700.0, 6173200.0 ] ] ] } },
{ "type": "Feature", "properties": { "Shape_Area": 230000.0, "Shape_Leng": 2200.0, "cluster_id": "101_865", "fid_1": 865.0, "id_munic": 865.0, "munic_clus": "101_865", "munic_code": 101.0, "min": 3.6796071529388428, "max": 3.6796071529388428, "mean": 3.6796068937882134, "count": 23, "std": 2.5915062940029543e-07, "range": 0.0 }, "geometry": { "type": "Polygon", "coordinates": [ [ [ 721100.0, 6173300.0 ], [ 721000.0, 6173300.0 ], [ 721000.0, 6173400.0 ], [ 721000.0, 6173500.0 ], [ 721000.0, 6173600.0 ], [ 721000.0, 6173700.0 ], [ 721100.0, 6173700.0 ], [ 721100.0, 6173800.0 ], [ 721200.0, 6173800.0 ], [ 721300.0, 6173800.0 ], [ 721400.0, 6173800.0 ], [ 721400.0, 6173700.0 ], [ 721400.0, 6173600.0 ], [ 721400.0, 6173500.0 ], [ 721400.0, 6173400.0 ], [ 721400.0, 6173300.0 ], [ 721400.0, 6173200.0 ], [ 721400.0, 6173100.0 ], [ 721300.0, 6173100.0 ], [ 721300.0, 6173200.0 ], [ 721200.0, 6173200.0 ], [ 721100.0, 6173200.0 ], [ 721100.0, 6173300.0 ] ] ] } },
{ "type": "Feature", "properties": { "Shape_Area": 10000.0, "Shape_Leng": 400.0, "cluster_id": "101_866", "fid_1": 866.0, "id_munic": 866.0, "munic_clus": "101_866", "munic_code": 101.0, "min": 2.4933357238769531, "max": 2.4933357238769531, "mean": 2.4933357238769531, "count": 1, "std": 0.0, "range": 0.0 }, "geometry": { "type": "Polygon", "coordinates": [ [ [ 723700.0, 6174500.0 ], [ 723700.0, 6174600.0 ], [ 723800.0, 6174600.0 ], [ 723800.0, 6174500.0 ], [ 723700.0, 6174500.0 ] ] ] } },
{ "type": "Feature", "properties": { "Shape_Area": 10000.0, "Shape_Leng": 400.0, "cluster_id": "101_867", "fid_1": 867.0, "id_munic": 867.0, "munic_clus": "101_867", "munic_code": 101.0, "min": 3.6616129875183105, "max": 3.6616129875183105, "mean": 3.6616129875183105, "count": 1, "std": 0.0, "range": 0.0 }, "geometry": { "type": "Polygon", "coordinates": [ [ [ 723600.0, 6174600.0 ], [ 723600.0, 6174700.0 ], [ 723700.0, 6174700.0 ], [ 723700.0, 6174600.0 ], [ 723600.0, 6174600.0 ] ] ] } },
{ "type": "Feature", "properties": { "Shape_Area": 10000.0, "Shape_Leng": 400.0, "cluster_id": "101_868", "fid_1": 868.0, "id_munic": 868.0, "munic_clus": "101_868", "munic_code": 101.0, "min": 3.0346555709838867, "max": 3.0346555709838867, "mean": 3.0346555709838867, "count": 1, "std": 0.0, "range": 0.0 }, "geometry": { "type": "Polygon", "coordinates": [ [ [ 723700.0, 6175000.0 ], [ 723700.0, 6175100.0 ], [ 723800.0, 6175100.0 ], [ 723800.0, 6175000.0 ], [ 723700.0, 6175000.0 ] ] ] } },
{ "type": "Feature", "properties": { "Shape_Area": 20000.0, "Shape_Leng": 600.0, "cluster_id": "101_869", "fid_1": 869.0, "id_munic": 869.0, "munic_clus": "101_869", "munic_code": 101.0, "min": 3.6816065311431885, "max": 3.6816065311431885, "mean": 3.6816065311431885, "count": 2, "std": 0.0, "range": 0.0 }, "geometry": { "type": "Polygon", "coordinates": [ [ [ 723500.0, 6174900.0 ], [ 723500.0, 6175000.0 ], [ 723600.0, 6175000.0 ], [ 723600.0, 6174900.0 ], [ 723600.0, 6174800.0 ], [ 723500.0, 6174800.0 ], [ 723500.0, 6174900.0 ] ] ] } },
{ "type": "Feature", "properties": { "Shape_Area": 20000.0, "Shape_Leng": 600.0, "cluster_id": "101_870", "fid_1": 870.0, "id_munic": 870.0, "munic_clus": "101_870", "munic_code": 101.0, "min": 4.1394538879394531, "max": 4.1394538879394531, "mean": 4.1394538879394531, "count": 2, "std": 0.0, "range": 0.0 }, "geometry": { "type": "Polygon", "coordinates": [ [ [ 723600.0, 6175000.0 ], [ 723600.0, 6175100.0 ], [ 723700.0, 6175100.0 ], [ 723700.0, 6175000.0 ], [ 723700.0, 6174900.0 ], [ 723600.0, 6174900.0 ], [ 723600.0, 6175000.0 ] ] ] } },
{ "type": "Feature", "properties": { "Shape_Area": 20000.0, "Shape_Leng": 600.0, "cluster_id": "101_871", "fid_1": 871.0, "id_munic": 871.0, "munic_clus": "101_871", "munic_code": 101.0, "min": 3.6319558620452881, "max": 3.6319558620452881, "mean": 3.6319558620452881, "count": 2, "std": 0.0, "range": 0.0 }, "geometry": { "type": "Polygon", "coordinates": [ [ [ 723400.0, 6174900.0 ], [ 723400.0, 6175000.0 ], [ 723500.0, 6175000.0 ], [ 723500.0, 6174900.0 ], [ 723500.0, 6174800.0 ], [ 723400.0, 6174800.0 ], [ 723400.0, 6174900.0 ] ] ] } },
{ "type": "Feature", "properties": { "Shape_Area": 30000.0, "Shape_Leng": 800.0, "cluster_id": "101_872", "fid_1": 872.0, "id_munic": 872.0, "munic_clus": "101_872", "munic_code": 101.0, "min": 2.5819730758666992, "max": 2.5819730758666992, "mean": 2.5819730758666992, "count": 3, "std": 0.0, "range": 0.0 }, "geometry": { "type": "Polygon", "coordinates": [ [ [ 723200.0, 6174600.0 ], [ 723200.0, 6174700.0 ], [ 723300.0, 6174700.0 ], [ 723400.0, 6174700.0 ], [ 723400.0, 6174600.0 ], [ 723300.0, 6174600.0 ], [ 723300.0, 6174500.0 ], [ 723200.0, 6174500.0 ], [ 723200.0, 6174600.0 ] ] ] } },
{ "type": "Feature", "properties": { "Shape_Area": 10000.0, "Shape_Leng": 400.0, "cluster_id": "101_873", "fid_1": 873.0, "id_munic": 873.0, "munic_clus": "101_873", "munic_code": 101.0, "min": 3.4983339309692383, "max": 3.4983339309692383, "mean": 3.4983339309692383, "count": 1, "std": 0.0, "range": 0.0 }, "geometry": { "type": "Polygon", "coordinates": [ [ [ 723000.0, 6174400.0 ], [ 723000.0, 6174500.0 ], [ 723100.0, 6174500.0 ], [ 723100.0, 6174400.0 ], [ 723000.0, 6174400.0 ] ] ] } },
{ "type": "Feature", "properties": { "Shape_Area": 10000.0, "Shape_Leng": 400.0, "cluster_id": "101_874", "fid_1": 874.0, "id_munic": 874.0, "munic_clus": "101_874", "munic_code": 101.0, "min": 3.0141620635986328, "max": 3.0141620635986328, "mean": 3.0141620635986328, "count": 1, "std": 0.0, "range": 0.0 }, "geometry": { "type": "Polygon", "coordinates": [ [ [ 722900.0, 6174300.0 ], [ 722900.0, 6174400.0 ], [ 723000.0, 6174400.0 ], [ 723000.0, 6174300.0 ], [ 722900.0, 6174300.0 ] ] ] } },
{ "type": "Feature", "properties": { "Shape_Area": 20000.0, "Shape_Leng": 600.0, "cluster_id": "101_875", "fid_1": 875.0, "id_munic": 875.0, "munic_clus": "101_875", "munic_code": 101.0, "min": 2.8292238712310791, "max": 2.8292238712310791, "mean": 2.8292238712310791, "count": 2, "std": 0.0, "range": 0.0 }, "geometry": { "type": "Polygon", "coordinates": [ [ [ 723100.0, 6174500.0 ], [ 723200.0, 6174500.0 ], [ 723300.0, 6174500.0 ], [ 723300.0, 6174400.0 ], [ 723200.0, 6174400.0 ], [ 723100.0, 6174400.0 ], [ 723100.0, 6174500.0 ] ] ] } },
{ "type": "Feature", "properties": { "Shape_Area": 20000.0, "Shape_Leng": 600.0, "cluster_id": "101_876", "fid_1": 876.0, "id_munic": 876.0, "munic_clus": "101_876", "munic_code": 101.0, "min": 2.7175943851470947, "max": 2.7175943851470947, "mean": 2.7175943851470947, "count": 2, "std": 0.0, "range": 0.0 }, "geometry": { "type": "Polygon", "coordinates": [ [ [ 722900.0, 6174800.0 ], [ 723000.0, 6174800.0 ], [ 723100.0, 6174800.0 ], [ 723100.0, 6174700.0 ], [ 723000.0, 6174700.0 ], [ 722900.0, 6174700.0 ], [ 722900.0, 6174800.0 ] ] ] } },
{ "type": "Feature", "properties": { "Shape_Area": 50000.0, "Shape_Leng": 1000.0, "cluster_id": "101_877", "fid_1": 877.0, "id_munic": 877.0, "munic_clus": "101_877", "munic_code": 101.0, "min": 3.2239258289337158, "max": 3.2239258289337158, "mean": 3.2239257812500002, "count": 5, "std": 4.7683715642676816e-08, "range": 0.0 }, "geometry": { "type": "Polygon", "coordinates": [ [ [ 723200.0, 6174500.0 ], [ 723100.0, 6174500.0 ], [ 723000.0, 6174500.0 ], [ 723000.0, 6174600.0 ], [ 723000.0, 6174700.0 ], [ 723100.0, 6174700.0 ], [ 723100.0, 6174800.0 ], [ 723200.0, 6174800.0 ], [ 723200.0, 6174700.0 ], [ 723200.0, 6174600.0 ], [ 723200.0, 6174500.0 ] ] ] } },
{ "type": "Feature", "properties": { "Shape_Area": 10000.0, "Shape_Leng": 400.0, "cluster_id": "101_878", "fid_1": 878.0, "id_munic": 878.0, "munic_clus": "101_878", "munic_code": 101.0, "min": 2.5134952068328857, "max": 2.5134952068328857, "mean": 2.5134952068328857, "count": 1, "std": 0.0, "range": 0.0 }, "geometry": { "type": "Polygon", "coordinates": [ [ [ 723400.0, 6174600.0 ], [ 723400.0, 6174700.0 ], [ 723500.0, 6174700.0 ], [ 723500.0, 6174600.0 ], [ 723400.0, 6174600.0 ] ] ] } },
{ "type": "Feature", "properties": { "Shape_Area": 20000.0, "Shape_Leng": 600.0, "cluster_id": "101_879", "fid_1": 879.0, "id_munic": 879.0, "munic_clus": "101_879", "munic_code": 101.0, "min": 2.9351887702941895, "max": 2.9351887702941895, "mean": 2.9351887702941895, "count": 2, "std": 0.0, "range": 0.0 }, "geometry": { "type": "Polygon", "coordinates": [ [ [ 723500.0, 6174600.0 ], [ 723600.0, 6174600.0 ], [ 723700.0, 6174600.0 ], [ 723700.0, 6174500.0 ], [ 723600.0, 6174500.0 ], [ 723500.0, 6174500.0 ], [ 723500.0, 6174600.0 ] ] ] } },
{ "type": "Feature", "properties": { "Shape_Area": 10000.0, "Shape_Leng": 400.0, "cluster_id": "101_880", "fid_1": 880.0, "id_munic": 880.0, "munic_clus": "101_880", "munic_code": 101.0, "min": 3.0213265419006348, "max": 3.0213265419006348, "mean": 3.0213265419006348, "count": 1, "std": 0.0, "range": 0.0 }, "geometry": { "type": "Polygon", "coordinates": [ [ [ 722900.0, 6174400.0 ], [ 722900.0, 6174500.0 ], [ 723000.0, 6174500.0 ], [ 723000.0, 6174400.0 ], [ 722900.0, 6174400.0 ] ] ] } },
{ "type": "Feature", "properties": { "Shape_Area": 10000.0, "Shape_Leng": 400.0, "cluster_id": "101_881", "fid_1": 881.0, "id_munic": 881.0, "munic_clus": "101_881", "munic_code": 101.0, "min": 2.8712100982666016, "max": 2.8712100982666016, "mean": 2.8712100982666016, "count": 1, "std": 0.0, "range": 0.0 }, "geometry": { "type": "Polygon", "coordinates": [ [ [ 722800.0, 6174500.0 ], [ 722800.0, 6174600.0 ], [ 722900.0, 6174600.0 ], [ 722900.0, 6174500.0 ], [ 722800.0, 6174500.0 ] ] ] } },
{ "type": "Feature", "properties": { "Shape_Area": 20000.0, "Shape_Leng": 600.0, "cluster_id": "101_882", "fid_1": 882.0, "id_munic": 882.0, "munic_clus": "101_882", "munic_code": 101.0, "min": 2.9770081043243408, "max": 2.9770081043243408, "mean": 2.9770081043243408, "count": 2, "std": 0.0, "range": 0.0 }, "geometry": { "type": "Polygon", "coordinates": [ [ [ 723500.0, 6174700.0 ], [ 723500.0, 6174800.0 ], [ 723600.0, 6174800.0 ], [ 723600.0, 6174700.0 ], [ 723600.0, 6174600.0 ], [ 723500.0, 6174600.0 ], [ 723500.0, 6174700.0 ] ] ] } },
{ "type": "Feature", "properties": { "Shape_Area": 10000.0, "Shape_Leng": 400.0, "cluster_id": "101_883", "fid_1": 883.0, "id_munic": 883.0, "munic_clus": "101_883", "munic_code": 101.0, "min": 3.0658116340637207, "max": 3.0658116340637207, "mean": 3.0658116340637207, "count": 1, "std": 0.0, "range": 0.0 }, "geometry": { "type": "Polygon", "coordinates": [ [ [ 723400.0, 6174500.0 ], [ 723400.0, 6174600.0 ], [ 723500.0, 6174600.0 ], [ 723500.0, 6174500.0 ], [ 723400.0, 6174500.0 ] ] ] } },
{ "type": "Feature", "properties": { "Shape_Area": 10000.0, "Shape_Leng": 400.0, "cluster_id": "101_884", "fid_1": 884.0, "id_munic": 884.0, "munic_clus": "101_884", "munic_code": 101.0, "min": 2.6729426383972168, "max": 2.6729426383972168, "mean": 2.6729426383972168, "count": 1, "std": 0.0, "range": 0.0 }, "geometry": { "type": "Polygon", "coordinates": [ [ [ 723300.0, 6174500.0 ], [ 723300.0, 6174600.0 ], [ 723400.0, 6174600.0 ], [ 723400.0, 6174500.0 ], [ 723300.0, 6174500.0 ] ] ] } },
{ "type": "Feature", "properties": { "Shape_Area": 80000.0, "Shape_Leng": 1600.0, "cluster_id": "101_885", "fid_1": 885.0, "id_munic": 885.0, "munic_clus": "101_885", "munic_code": 101.0, "min": 2.7887375354766846, "max": 2.7887375354766846, "mean": 2.7887377738952637, "count": 8, "std": 2.384185791015625e-07, "range": 0.0 }, "geometry": { "type": "Polygon", "coordinates": [ [ [ 725200.0, 6180800.0 ], [ 725200.0, 6180700.0 ], [ 725100.0, 6180700.0 ], [ 725000.0, 6180700.0 ], [ 725000.0, 6180800.0 ], [ 724900.0, 6180800.0 ], [ 724800.0, 6180800.0 ], [ 724700.0, 6180800.0 ], [ 724700.0, 6180900.0 ], [ 724700.0, 6181000.0 ], [ 724800.0, 6181000.0 ], [ 724900.0, 6181000.0 ], [ 724900.0, 6180900.0 ], [ 725000.0, 6180900.0 ], [ 725100.0, 6180900.0 ], [ 725100.0, 6180800.0 ], [ 725200.0, 6180800.0 ] ] ] } },
{ "type": "Feature", "properties": { "Shape_Area": 10000.0, "Shape_Leng": 400.0, "cluster_id": "101_886", "fid_1": 886.0, "id_munic": 886.0, "munic_clus": "101_886", "munic_code": 101.0, "min": 2.8868710994720459, "max": 2.8868710994720459, "mean": 2.8868710994720459, "count": 1, "std": 0.0, "range": 0.0 }, "geometry": { "type": "Polygon", "coordinates": [ [ [ 722700.0, 6175000.0 ], [ 722700.0, 6175100.0 ], [ 722800.0, 6175100.0 ], [ 722800.0, 6175000.0 ], [ 722700.0, 6175000.0 ] ] ] } },
{ "type": "Feature", "properties": { "Shape_Area": 20000.0, "Shape_Leng": 600.0, "cluster_id": "101_887", "fid_1": 887.0, "id_munic": 887.0, "munic_clus": "101_887", "munic_code": 101.0, "min": 2.7432525157928467, "max": 2.7432525157928467, "mean": 2.7432525157928467, "count": 2, "std": 0.0, "range": 0.0 }, "geometry": { "type": "Polygon", "coordinates": [ [ [ 722800.0, 6174400.0 ], [ 722800.0, 6174500.0 ], [ 722900.0, 6174500.0 ], [ 722900.0, 6174400.0 ], [ 722900.0, 6174300.0 ], [ 722800.0, 6174300.0 ], [ 722800.0, 6174400.0 ] ] ] } },
{ "type": "Feature", "properties": { "Shape_Area": 10000.0, "Shape_Leng": 400.0, "cluster_id": "101_888", "fid_1": 888.0, "id_munic": 888.0, "munic_clus": "101_888", "munic_code": 101.0, "min": 3.0923027992248535, "max": 3.0923027992248535, "mean": 3.0923027992248535, "count": 1, "std": 0.0, "range": 0.0 }, "geometry": { "type": "Polygon", "coordinates": [ [ [ 722900.0, 6174600.0 ], [ 722900.0, 6174700.0 ], [ 723000.0, 6174700.0 ], [ 723000.0, 6174600.0 ], [ 722900.0, 6174600.0 ] ] ] } },
{ "type": "Feature", "properties": { "Shape_Area": 10000.0, "Shape_Leng": 400.0, "cluster_id": "101_889", "fid_1": 889.0, "id_munic": 889.0, "munic_clus": "101_889", "munic_code": 101.0, "min": 2.5996336936950684, "max": 2.5996336936950684, "mean": 2.5996336936950684, "count": 1, "std": 0.0, "range": 0.0 }, "geometry": { "type": "Polygon", "coordinates": [ [ [ 723400.0, 6174700.0 ], [ 723400.0, 6174800.0 ], [ 723500.0, 6174800.0 ], [ 723500.0, 6174700.0 ], [ 723400.0, 6174700.0 ] ] ] } },
{ "type": "Feature", "properties": { "Shape_Area": 10000.0, "Shape_Leng": 400.0, "cluster_id": "101_890", "fid_1": 890.0, "id_munic": 890.0, "munic_clus": "101_890", "munic_code": 101.0, "min": 3.1609463691711426, "max": 3.1609463691711426, "mean": 3.1609463691711426, "count": 1, "std": 0.0, "range": 0.0 }, "geometry": { "type": "Polygon", "coordinates": [ [ [ 722900.0, 6174500.0 ], [ 722900.0, 6174600.0 ], [ 723000.0, 6174600.0 ], [ 723000.0, 6174500.0 ], [ 722900.0, 6174500.0 ] ] ] } },
{ "type": "Feature", "properties": { "Shape_Area": 60000.0, "Shape_Leng": 1000.0, "cluster_id": "101_891", "fid_1": 891.0, "id_munic": 891.0, "munic_clus": "101_891", "munic_code": 101.0, "min": 3.4086971282958984, "max": 3.4086971282958984, "mean": 3.4086971282958984, "count": 6, "std": 0.0, "range": 0.0 }, "geometry": { "type": "Polygon", "coordinates": [ [ [ 719800.0, 6178900.0 ], [ 719700.0, 6178900.0 ], [ 719600.0, 6178900.0 ], [ 719500.0, 6178900.0 ], [ 719500.0, 6179000.0 ], [ 719500.0, 6179100.0 ], [ 719600.0, 6179100.0 ], [ 719700.0, 6179100.0 ], [ 719800.0, 6179100.0 ], [ 719800.0, 6179000.0 ], [ 719800.0, 6178900.0 ] ] ] } },
{ "type": "Feature", "properties": { "Shape_Area": 120000.0, "Shape_Leng": 1600.0, "cluster_id": "101_892", "fid_1": 892.0, "id_munic": 892.0, "munic_clus": "101_892", "munic_code": 101.0, "min": 3.3740417957305908, "max": 3.3740417957305908, "mean": 3.3740418752034507, "count": 12, "std": 7.947285984855057e-08, "range": 0.0 }, "geometry": { "type": "Polygon", "coordinates": [ [ [ 719800.0, 6178900.0 ], [ 719800.0, 6179000.0 ], [ 719800.0, 6179100.0 ], [ 719900.0, 6179100.0 ], [ 720000.0, 6179100.0 ], [ 720100.0, 6179100.0 ], [ 720100.0, 6179000.0 ], [ 720100.0, 6178900.0 ], [ 720100.0, 6178800.0 ], [ 720000.0, 6178800.0 ], [ 719900.0, 6178800.0 ], [ 719900.0, 6178700.0 ], [ 719800.0, 6178700.0 ], [ 719700.0, 6178700.0 ], [ 719700.0, 6178800.0 ], [ 719700.0, 6178900.0 ], [ 719800.0, 6178900.0 ] ] ] } },
{ "type": "Feature", "properties": { "Shape_Area": 290000.0, "Shape_Leng": 3200.0, "cluster_id": "101_894", "fid_1": 894.0, "id_munic": 894.0, "munic_clus": "101_894", "munic_code": 101.0, "min": 3.3782074451446533, "max": 3.3782074451446533, "mean": 3.3782075026939653, "count": 29, "std": 5.7549311982540985e-08, "range": 0.0 }, "geometry": { "type": "Polygon", "coordinates": [ [ [ 724700.0, 6180300.0 ], [ 724700.0, 6180400.0 ], [ 724700.0, 6180500.0 ], [ 724700.0, 6180600.0 ], [ 724800.0, 6180600.0 ], [ 724900.0, 6180600.0 ], [ 724900.0, 6180700.0 ], [ 725000.0, 6180700.0 ], [ 725100.0, 6180700.0 ], [ 725100.0, 6180600.0 ], [ 725100.0, 6180500.0 ], [ 725200.0, 6180500.0 ], [ 725200.0, 6180600.0 ], [ 725300.0, 6180600.0 ], [ 725400.0, 6180600.0 ], [ 725400.0, 6180700.0 ], [ 725500.0, 6180700.0 ], [ 725600.0, 6180700.0 ], [ 725700.0, 6180700.0 ], [ 725700.0, 6180600.0 ], [ 725700.0, 6180500.0 ], [ 725700.0, 6180400.0 ], [ 725600.0, 6180400.0 ], [ 725500.0, 6180400.0 ], [ 725400.0, 6180400.0 ], [ 725300.0, 6180400.0 ], [ 725200.0, 6180400.0 ], [ 725200.0, 6180300.0 ], [ 725100.0, 6180300.0 ], [ 725000.0, 6180300.0 ], [ 724900.0, 6180300.0 ], [ 724800.0, 6180300.0 ], [ 724700.0, 6180300.0 ] ] ] } },
{ "type": "Feature", "properties": { "Shape_Area": 70000.0, "Shape_Leng": 1200.0, "cluster_id": "101_895", "fid_1": 895.0, "id_munic": 895.0, "munic_clus": "101_895", "munic_code": 101.0, "min": 2.400200366973877, "max": 2.400200366973877, "mean": 2.4002004350934709, "count": 7, "std": 6.8119593965576541e-08, "range": 0.0 }, "geometry": { "type": "Polygon", "coordinates": [ [ [ 719400.0, 6179200.0 ], [ 719400.0, 6179300.0 ], [ 719400.0, 6179400.0 ], [ 719500.0, 6179400.0 ], [ 719600.0, 6179400.0 ], [ 719600.0, 6179300.0 ], [ 719600.0, 6179200.0 ], [ 719600.0, 6179100.0 ], [ 719500.0, 6179100.0 ], [ 719400.0, 6179100.0 ], [ 719300.0, 6179100.0 ], [ 719300.0, 6179200.0 ], [ 719400.0, 6179200.0 ] ] ] } },
{ "type": "Feature", "properties": { "Shape_Area": 20000.0, "Shape_Leng": 600.0, "cluster_id": "101_896", "fid_1": 896.0, "id_munic": 896.0, "munic_clus": "101_896", "munic_code": 101.0, "min": 3.6236259937286377, "max": 3.6236259937286377, "mean": 3.6236259937286377, "count": 2, "std": 0.0, "range": 0.0 }, "geometry": { "type": "Polygon", "coordinates": [ [ [ 719300.0, 6178900.0 ], [ 719300.0, 6179000.0 ], [ 719400.0, 6179000.0 ], [ 719400.0, 6178900.0 ], [ 719400.0, 6178800.0 ], [ 719300.0, 6178800.0 ], [ 719300.0, 6178900.0 ] ] ] } },
{ "type": "Feature", "properties": { "Shape_Area": 20000.0, "Shape_Leng": 600.0, "cluster_id": "101_897", "fid_1": 897.0, "id_munic": 897.0, "munic_clus": "101_897", "munic_code": 101.0, "min": 3.8582136631011963, "max": 3.8582136631011963, "mean": 3.8582136631011963, "count": 2, "std": 0.0, "range": 0.0 }, "geometry": { "type": "Polygon", "coordinates": [ [ [ 720500.0, 6179000.0 ], [ 720500.0, 6179100.0 ], [ 720600.0, 6179100.0 ], [ 720600.0, 6179000.0 ], [ 720600.0, 6178900.0 ], [ 720500.0, 6178900.0 ], [ 720500.0, 6179000.0 ] ] ] } },
{ "type": "Feature", "properties": { "Shape_Area": 30000.0, "Shape_Leng": 800.0, "cluster_id": "101_898", "fid_1": 898.0, "id_munic": 898.0, "munic_clus": "101_898", "munic_code": 101.0, "min": 3.575974702835083, "max": 3.575974702835083, "mean": 3.5759747823079429, "count": 3, "std": 7.947285984855057e-08, "range": 0.0 }, "geometry": { "type": "Polygon", "coordinates": [ [ [ 720600.0, 6179100.0 ], [ 720600.0, 6179200.0 ], [ 720700.0, 6179200.0 ], [ 720700.0, 6179100.0 ], [ 720800.0, 6179100.0 ], [ 720800.0, 6179000.0 ], [ 720700.0, 6179000.0 ], [ 720600.0, 6179000.0 ], [ 720600.0, 6179100.0 ] ] ] } },
{ "type": "Feature", "properties": { "Shape_Area": 30000.0, "Shape_Leng": 800.0, "cluster_id": "101_899", "fid_1": 899.0, "id_munic": 899.0, "munic_clus": "101_899", "munic_code": 101.0, "min": 3.6636123657226562, "max": 3.6636123657226562, "mean": 3.6636123657226562, "count": 3, "std": 0.0, "range": 0.0 }, "geometry": { "type": "Polygon", "coordinates": [ [ [ 719200.0, 6179000.0 ], [ 719200.0, 6179100.0 ], [ 719300.0, 6179100.0 ], [ 719400.0, 6179100.0 ], [ 719400.0, 6179000.0 ], [ 719300.0, 6179000.0 ], [ 719300.0, 6178900.0 ], [ 719200.0, 6178900.0 ], [ 719200.0, 6179000.0 ] ] ] } },
{ "type": "Feature", "properties": { "Shape_Area": 20000.0, "Shape_Leng": 600.0, "cluster_id": "101_900", "fid_1": 900.0, "id_munic": 900.0, "munic_clus": "101_900", "munic_code": 101.0, "min": 2.752582311630249, "max": 2.752582311630249, "mean": 2.752582311630249, "count": 2, "std": 0.0, "range": 0.0 }, "geometry": { "type": "Polygon", "coordinates": [ [ [ 719000.0, 6179100.0 ], [ 719000.0, 6179200.0 ], [ 719100.0, 6179200.0 ], [ 719100.0, 6179100.0 ], [ 719100.0, 6179000.0 ], [ 719000.0, 6179000.0 ], [ 719000.0, 6179100.0 ] ] ] } },
{ "type": "Feature", "properties": { "Shape_Area": 50000.0, "Shape_Leng": 1200.0, "cluster_id": "101_901", "fid_1": 901.0, "id_munic": 901.0, "munic_clus": "101_901", "munic_code": 101.0, "min": 3.3508830070495605, "max": 3.3508830070495605, "mean": 3.3508831024169923, "count": 5, "std": 9.5367431729442842e-08, "range": 0.0 }, "geometry": { "type": "Polygon", "coordinates": [ [ [ 720300.0, 6178900.0 ], [ 720300.0, 6178800.0 ], [ 720200.0, 6178800.0 ], [ 720100.0, 6178800.0 ], [ 720100.0, 6178900.0 ], [ 720100.0, 6179000.0 ], [ 720100.0, 6179100.0 ], [ 720200.0, 6179100.0 ], [ 720300.0, 6179100.0 ], [ 720300.0, 6179000.0 ], [ 720200.0, 6179000.0 ], [ 720200.0, 6178900.0 ], [ 720300.0, 6178900.0 ] ] ] } },
{ "type": "Feature", "properties": { "Shape_Area": 30000.0, "Shape_Leng": 800.0, "cluster_id": "101_902", "fid_1": 902.0, "id_munic": 902.0, "munic_clus": "101_902", "munic_code": 101.0, "min": 3.6821060180664062, "max": 3.6821060180664062, "mean": 3.6821060180664062, "count": 3, "std": 0.0, "range": 0.0 }, "geometry": { "type": "Polygon", "coordinates": [ [ [ 719100.0, 6179100.0 ], [ 719100.0, 6179200.0 ], [ 719200.0, 6179200.0 ], [ 719300.0, 6179200.0 ], [ 719300.0, 6179100.0 ], [ 719200.0, 6179100.0 ], [ 719200.0, 6179000.0 ], [ 719100.0, 6179000.0 ], [ 719100.0, 6179100.0 ] ] ] } },
{ "type": "Feature", "properties": { "Shape_Area": 50000.0, "Shape_Leng": 1000.0, "cluster_id": "101_903", "fid_1": 903.0, "id_munic": 903.0, "munic_clus": "101_903", "munic_code": 101.0, "min": 3.7382540702819824, "max": 3.7382540702819824, "mean": 3.7382541656494142, "count": 5, "std": 9.5367431729442842e-08, "range": 0.0 }, "geometry": { "type": "Polygon", "coordinates": [ [ [ 720300.0, 6179000.0 ], [ 720300.0, 6179100.0 ], [ 720400.0, 6179100.0 ], [ 720500.0, 6179100.0 ], [ 720500.0, 6179000.0 ], [ 720500.0, 6178900.0 ], [ 720400.0, 6178900.0 ], [ 720300.0, 6178900.0 ], [ 720200.0, 6178900.0 ], [ 720200.0, 6179000.0 ], [ 720300.0, 6179000.0 ] ] ] } },
{ "type": "Feature", "properties": { "Shape_Area": 50000.0, "Shape_Leng": 1000.0, "cluster_id": "101_904", "fid_1": 904.0, "id_munic": 904.0, "munic_clus": "101_904", "munic_code": 101.0, "min": 3.9853386878967285, "max": 3.9853386878967285, "mean": 3.9853385925292968, "count": 5, "std": 9.5367431729442842e-08, "range": 0.0 }, "geometry": { "type": "Polygon", "coordinates": [ [ [ 720400.0, 6179100.0 ], [ 720300.0, 6179100.0 ], [ 720300.0, 6179200.0 ], [ 720300.0, 6179300.0 ], [ 720400.0, 6179300.0 ], [ 720500.0, 6179300.0 ], [ 720500.0, 6179200.0 ], [ 720600.0, 6179200.0 ], [ 720600.0, 6179100.0 ], [ 720500.0, 6179100.0 ], [ 720400.0, 6179100.0 ] ] ] } },
{ "type": "Feature", "properties": { "Shape_Area": 60000.0, "Shape_Leng": 1000.0, "cluster_id": "101_905", "fid_1": 905.0, "id_munic": 905.0, "munic_clus": "101_905", "munic_code": 101.0, "min": 4.0441522598266602, "max": 4.0441522598266602, "mean": 4.0441519419352217, "count": 6, "std": 3.1789143850602386e-07, "range": 0.0 }, "geometry": { "type": "Polygon", "coordinates": [ [ [ 724500.0, 6180900.0 ], [ 724500.0, 6181000.0 ], [ 724600.0, 6181000.0 ], [ 724700.0, 6181000.0 ], [ 724700.0, 6180900.0 ], [ 724700.0, 6180800.0 ], [ 724700.0, 6180700.0 ], [ 724600.0, 6180700.0 ], [ 724500.0, 6180700.0 ], [ 724500.0, 6180800.0 ], [ 724500.0, 6180900.0 ] ] ] } },
{ "type": "Feature", "properties": { "Shape_Area": 80000.0, "Shape_Leng": 1200.0, "cluster_id": "101_906", "fid_1": 906.0, "id_munic": 906.0, "munic_clus": "101_906", "munic_code": 101.0, "min": 3.6531157493591309, "max": 3.6531157493591309, "mean": 3.6531157493591309, "count": 8, "std": 0.0, "range": 0.0 }, "geometry": { "type": "Polygon", "coordinates": [ [ [ 724700.0, 6180400.0 ], [ 724600.0, 6180400.0 ], [ 724500.0, 6180400.0 ], [ 724500.0, 6180500.0 ], [ 724400.0, 6180500.0 ], [ 724400.0, 6180600.0 ], [ 724400.0, 6180700.0 ], [ 724500.0, 6180700.0 ], [ 724600.0, 6180700.0 ], [ 724700.0, 6180700.0 ], [ 724700.0, 6180600.0 ], [ 724700.0, 6180500.0 ], [ 724700.0, 6180400.0 ] ] ] } },
{ "type": "Feature", "properties": { "Shape_Area": 90000.0, "Shape_Leng": 1600.0, "cluster_id": "101_907", "fid_1": 907.0, "id_munic": 907.0, "munic_clus": "101_907", "munic_code": 101.0, "min": 3.2615797519683838, "max": 3.2615797519683838, "mean": 3.2615797254774304, "count": 9, "std": 2.6490953430879927e-08, "range": 0.0 }, "geometry": { "type": "Polygon", "coordinates": [ [ [ 724600.0, 6181000.0 ], [ 724500.0, 6181000.0 ], [ 724500.0, 6181100.0 ], [ 724500.0, 6181200.0 ], [ 724500.0, 6181300.0 ], [ 724400.0, 6181300.0 ], [ 724400.0, 6181400.0 ], [ 724400.0, 6181500.0 ], [ 724500.0, 6181500.0 ], [ 724600.0, 6181500.0 ], [ 724600.0, 6181400.0 ], [ 724600.0, 6181300.0 ], [ 724600.0, 6181200.0 ], [ 724700.0, 6181200.0 ], [ 724700.0, 6181100.0 ], [ 724700.0, 6181000.0 ], [ 724600.0, 6181000.0 ] ] ] } },
{ "type": "Feature", "properties": { "Shape_Area": 220000.0, "Shape_Leng": 2400.0, "cluster_id": "101_908", "fid_1": 908.0, "id_munic": 908.0, "munic_clus": "101_908", "munic_code": 101.0, "min": 2.4901704788208008, "max": 2.4901704788208008, "mean": 2.4901705655184658, "count": 22, "std": 8.6697665047097416e-08, "range": 0.0 }, "geometry": { "type": "Polygon", "coordinates": [ [ [ 724300.0, 6180700.0 ], [ 724300.0, 6180800.0 ], [ 724300.0, 6180900.0 ], [ 724300.0, 6181000.0 ], [ 724200.0, 6181000.0 ], [ 724200.0, 6181100.0 ], [ 724200.0, 6181200.0 ], [ 724100.0, 6181200.0 ], [ 724100.0, 6181300.0 ], [ 724100.0, 6181400.0 ], [ 724100.0, 6181500.0 ], [ 724200.0, 6181500.0 ], [ 724300.0, 6181500.0 ], [ 724400.0, 6181500.0 ], [ 724400.0, 6181400.0 ], [ 724400.0, 6181300.0 ], [ 724500.0, 6181300.0 ], [ 724500.0, 6181200.0 ], [ 724500.0, 6181100.0 ], [ 724500.0, 6181000.0 ], [ 724500.0, 6180900.0 ], [ 724500.0, 6180800.0 ], [ 724500.0, 6180700.0 ], [ 724400.0, 6180700.0 ], [ 724300.0, 6180700.0 ] ] ] } },
{ "type": "Feature", "properties": { "Shape_Area": 80000.0, "Shape_Leng": 1200.0, "cluster_id": "101_909", "fid_1": 909.0, "id_munic": 909.0, "munic_clus": "101_909", "munic_code": 101.0, "min": 3.5141620635986328, "max": 3.5141620635986328, "mean": 3.5141620635986328, "count": 8, "std": 0.0, "range": 0.0 }, "geometry": { "type": "Polygon", "coordinates": [ [ [ 724400.0, 6181500.0 ], [ 724300.0, 6181500.0 ], [ 724200.0, 6181500.0 ], [ 724100.0, 6181500.0 ], [ 724100.0, 6181600.0 ], [ 724100.0, 6181700.0 ], [ 724100.0, 6181800.0 ], [ 724200.0, 6181800.0 ], [ 724300.0, 6181800.0 ], [ 724300.0, 6181700.0 ], [ 724400.0, 6181700.0 ], [ 724400.0, 6181600.0 ], [ 724400.0, 6181500.0 ] ] ] } },
{ "type": "Feature", "properties": { "Shape_Area": 30000.0, "Shape_Leng": 800.0, "cluster_id": "101_910", "fid_1": 910.0, "id_munic": 910.0, "munic_clus": "101_910", "munic_code": 101.0, "min": 3.5364878177642822, "max": 3.5364878177642822, "mean": 3.5364878972371421, "count": 3, "std": 7.947285984855057e-08, "range": 0.0 }, "geometry": { "type": "Polygon", "coordinates": [ [ [ 724400.0, 6181600.0 ], [ 724400.0, 6181700.0 ], [ 724500.0, 6181700.0 ], [ 724600.0, 6181700.0 ], [ 724600.0, 6181600.0 ], [ 724500.0, 6181600.0 ], [ 724500.0, 6181500.0 ], [ 724400.0, 6181500.0 ], [ 724400.0, 6181600.0 ] ] ] } },
{ "type": "Feature", "properties": { "Shape_Area": 20000.0, "Shape_Leng": 600.0, "cluster_id": "101_911", "fid_1": 911.0, "id_munic": 911.0, "munic_clus": "101_911", "munic_code": 101.0, "min": 3.9815065860748291, "max": 3.9815065860748291, "mean": 3.9815065860748291, "count": 2, "std": 0.0, "range": 0.0 }, "geometry": { "type": "Polygon", "coordinates": [ [ [ 721900.0, 6179900.0 ], [ 722000.0, 6179900.0 ], [ 722100.0, 6179900.0 ], [ 722100.0, 6179800.0 ], [ 722000.0, 6179800.0 ], [ 721900.0, 6179800.0 ], [ 721900.0, 6179900.0 ] ] ] } },
{ "type": "Feature", "properties": { "Shape_Area": 10000.0, "Shape_Leng": 400.0, "cluster_id": "101_912", "fid_1": 912.0, "id_munic": 912.0, "munic_clus": "101_912", "munic_code": 101.0, "min": 3.5071642398834229, "max": 3.5071642398834229, "mean": 3.5071642398834229, "count": 1, "std": 0.0, "range": 0.0 }, "geometry": { "type": "Polygon", "coordinates": [ [ [ 721800.0, 6180000.0 ], [ 721800.0, 6180100.0 ], [ 721900.0, 6180100.0 ], [ 721900.0, 6180000.0 ], [ 721800.0, 6180000.0 ] ] ] } },
{ "type": "Feature", "properties": { "Shape_Area": 20000.0, "Shape_Leng": 600.0, "cluster_id": "101_913", "fid_1": 913.0, "id_munic": 913.0, "munic_clus": "101_913", "munic_code": 101.0, "min": 3.7219259738922119, "max": 3.7219259738922119, "mean": 3.7219259738922119, "count": 2, "std": 0.0, "range": 0.0 }, "geometry": { "type": "Polygon", "coordinates": [ [ [ 721800.0, 6180000.0 ], [ 721900.0, 6180000.0 ], [ 722000.0, 6180000.0 ], [ 722000.0, 6179900.0 ], [ 721900.0, 6179900.0 ], [ 721800.0, 6179900.0 ], [ 721800.0, 6180000.0 ] ] ] } },
{ "type": "Feature", "properties": { "Shape_Area": 10000.0, "Shape_Leng": 400.0, "cluster_id": "101_914", "fid_1": 914.0, "id_munic": 914.0, "munic_clus": "101_914", "munic_code": 101.0, "min": 3.189936637878418, "max": 3.189936637878418, "mean": 3.189936637878418, "count": 1, "std": 0.0, "range": 0.0 }, "geometry": { "type": "Polygon", "coordinates": [ [ [ 722800.0, 6178700.0 ], [ 722800.0, 6178800.0 ], [ 722900.0, 6178800.0 ], [ 722900.0, 6178700.0 ], [ 722800.0, 6178700.0 ] ] ] } },
{ "type": "Feature", "properties": { "Shape_Area": 20000.0, "Shape_Leng": 600.0, "cluster_id": "101_915", "fid_1": 915.0, "id_munic": 915.0, "munic_clus": "101_915", "munic_code": 101.0, "min": 2.9721758365631104, "max": 2.9721758365631104, "mean": 2.9721758365631104, "count": 2, "std": 0.0, "range": 0.0 }, "geometry": { "type": "Polygon", "coordinates": [ [ [ 722700.0, 6178600.0 ], [ 722700.0, 6178700.0 ], [ 722800.0, 6178700.0 ], [ 722800.0, 6178600.0 ], [ 722800.0, 6178500.0 ], [ 722700.0, 6178500.0 ], [ 722700.0, 6178600.0 ] ] ] } },
{ "type": "Feature", "properties": { "Shape_Area": 20000.0, "Shape_Leng": 600.0, "cluster_id": "101_916", "fid_1": 916.0, "id_munic": 916.0, "munic_clus": "101_916", "munic_code": 101.0, "min": 2.8052318096160889, "max": 2.8052318096160889, "mean": 2.8052318096160889, "count": 2, "std": 0.0, "range": 0.0 }, "geometry": { "type": "Polygon", "coordinates": [ [ [ 722400.0, 6178600.0 ], [ 722500.0, 6178600.0 ], [ 722600.0, 6178600.0 ], [ 722600.0, 6178500.0 ], [ 722500.0, 6178500.0 ], [ 722400.0, 6178500.0 ], [ 722400.0, 6178600.0 ] ] ] } },
{ "type": "Feature", "properties": { "Shape_Area": 10000.0, "Shape_Leng": 400.0, "cluster_id": "101_917", "fid_1": 917.0, "id_munic": 917.0, "munic_clus": "101_917", "munic_code": 101.0, "min": 2.6954350471496582, "max": 2.6954350471496582, "mean": 2.6954350471496582, "count": 1, "std": 0.0, "range": 0.0 }, "geometry": { "type": "Polygon", "coordinates": [ [ [ 722300.0, 6178200.0 ], [ 722300.0, 6178300.0 ], [ 722400.0, 6178300.0 ], [ 722400.0, 6178200.0 ], [ 722300.0, 6178200.0 ] ] ] } },
{ "type": "Feature", "properties": { "Shape_Area": 20000.0, "Shape_Leng": 600.0, "cluster_id": "101_918", "fid_1": 918.0, "id_munic": 918.0, "munic_clus": "101_918", "munic_code": 101.0, "min": 3.4706766605377197, "max": 3.4706766605377197, "mean": 3.4706766605377197, "count": 2, "std": 0.0, "range": 0.0 }, "geometry": { "type": "Polygon", "coordinates": [ [ [ 722200.0, 6178200.0 ], [ 722200.0, 6178300.0 ], [ 722300.0, 6178300.0 ], [ 722300.0, 6178200.0 ], [ 722300.0, 6178100.0 ], [ 722200.0, 6178100.0 ], [ 722200.0, 6178200.0 ] ] ] } },
{ "type": "Feature", "properties": { "Shape_Area": 10000.0, "Shape_Leng": 400.0, "cluster_id": "101_919", "fid_1": 919.0, "id_munic": 919.0, "munic_clus": "101_919", "munic_code": 101.0, "min": 3.8417198657989502, "max": 3.8417198657989502, "mean": 3.8417198657989502, "count": 1, "std": 0.0, "range": 0.0 }, "geometry": { "type": "Polygon", "coordinates": [ [ [ 722200.0, 6178300.0 ], [ 722200.0, 6178400.0 ], [ 722300.0, 6178400.0 ], [ 722300.0, 6178300.0 ], [ 722200.0, 6178300.0 ] ] ] } },
{ "type": "Feature", "properties": { "Shape_Area": 10000.0, "Shape_Leng": 400.0, "cluster_id": "101_920", "fid_1": 920.0, "id_munic": 920.0, "munic_clus": "101_920", "munic_code": 101.0, "min": 3.6812727451324463, "max": 3.6812727451324463, "mean": 3.6812727451324463, "count": 1, "std": 0.0, "range": 0.0 }, "geometry": { "type": "Polygon", "coordinates": [ [ [ 722600.0, 6178500.0 ], [ 722600.0, 6178600.0 ], [ 722700.0, 6178600.0 ], [ 722700.0, 6178500.0 ], [ 722600.0, 6178500.0 ] ] ] } },
{ "type": "Feature", "properties": { "Shape_Area": 20000.0, "Shape_Leng": 600.0, "cluster_id": "101_921", "fid_1": 921.0, "id_munic": 921.0, "munic_clus": "101_921", "munic_code": 101.0, "min": 3.8620460033416748, "max": 3.8620460033416748, "mean": 3.8620460033416748, "count": 2, "std": 0.0, "range": 0.0 }, "geometry": { "type": "Polygon", "coordinates": [ [ [ 722700.0, 6178800.0 ], [ 722700.0, 6178900.0 ], [ 722800.0, 6178900.0 ], [ 722800.0, 6178800.0 ], [ 722800.0, 6178700.0 ], [ 722700.0, 6178700.0 ], [ 722700.0, 6178800.0 ] ] ] } },
{ "type": "Feature", "properties": { "Shape_Area": 10000.0, "Shape_Leng": 400.0, "cluster_id": "101_922", "fid_1": 922.0, "id_munic": 922.0, "munic_clus": "101_922", "munic_code": 101.0, "min": 3.9060308933258057, "max": 3.9060308933258057, "mean": 3.9060308933258057, "count": 1, "std": 0.0, "range": 0.0 }, "geometry": { "type": "Polygon", "coordinates": [ [ [ 722600.0, 6178800.0 ], [ 722600.0, 6178900.0 ], [ 722700.0, 6178900.0 ], [ 722700.0, 6178800.0 ], [ 722600.0, 6178800.0 ] ] ] } },
{ "type": "Feature", "properties": { "Shape_Area": 90000.0, "Shape_Leng": 1400.0, "cluster_id": "101_923", "fid_1": 923.0, "id_munic": 923.0, "munic_clus": "101_923", "munic_code": 101.0, "min": 3.962846040725708, "max": 3.962846040725708, "mean": 3.9628461201985679, "count": 9, "std": 7.947285984855057e-08, "range": 0.0 }, "geometry": { "type": "Polygon", "coordinates": [ [ [ 723400.0, 6180600.0 ], [ 723400.0, 6180700.0 ], [ 723300.0, 6180700.0 ], [ 723300.0, 6180800.0 ], [ 723300.0, 6180900.0 ], [ 723300.0, 6181000.0 ], [ 723400.0, 6181000.0 ], [ 723500.0, 6181000.0 ], [ 723500.0, 6180900.0 ], [ 723600.0, 6180900.0 ], [ 723600.0, 6180800.0 ], [ 723600.0, 6180700.0 ], [ 723500.0, 6180700.0 ], [ 723500.0, 6180600.0 ], [ 723400.0, 6180600.0 ] ] ] } },
{ "type": "Feature", "properties": { "Shape_Area": 40000.0, "Shape_Leng": 1000.0, "cluster_id": "101_924", "fid_1": 924.0, "id_munic": 924.0, "munic_clus": "101_924", "munic_code": 101.0, "min": 3.7844052314758301, "max": 3.7844052314758301, "mean": 3.7844052314758301, "count": 4, "std": 0.0, "range": 0.0 }, "geometry": { "type": "Polygon", "coordinates": [ [ [ 723600.0, 6181000.0 ], [ 723600.0, 6181100.0 ], [ 723600.0, 6181200.0 ], [ 723700.0, 6181200.0 ], [ 723700.0, 6181100.0 ], [ 723700.0, 6181000.0 ], [ 723700.0, 6180900.0 ], [ 723600.0, 6180900.0 ], [ 723500.0, 6180900.0 ], [ 723500.0, 6181000.0 ], [ 723600.0, 6181000.0 ] ] ] } },
{ "type": "Feature", "properties": { "Shape_Area": 30000.0, "Shape_Leng": 800.0, "cluster_id": "101_925", "fid_1": 925.0, "id_munic": 925.0, "munic_clus": "101_925", "munic_code": 101.0, "min": 3.3843724727630615, "max": 3.3843724727630615, "mean": 3.3843723932902017, "count": 3, "std": 7.947285984855057e-08, "range": 0.0 }, "geometry": { "type": "Polygon", "coordinates": [ [ [ 723700.0, 6181000.0 ], [ 723700.0, 6181100.0 ], [ 723700.0, 6181200.0 ], [ 723800.0, 6181200.0 ], [ 723800.0, 6181100.0 ], [ 723800.0, 6181000.0 ], [ 723800.0, 6180900.0 ], [ 723700.0, 6180900.0 ], [ 723700.0, 6181000.0 ] ] ] } },
{ "type": "Feature", "properties": { "Shape_Area": 20000.0, "Shape_Leng": 600.0, "cluster_id": "101_926", "fid_1": 926.0, "id_munic": 926.0, "munic_clus": "101_926", "munic_code": 101.0, "min": 3.7110960483551025, "max": 3.7110960483551025, "mean": 3.7110960483551025, "count": 2, "std": 0.0, "range": 0.0 }, "geometry": { "type": "Polygon", "coordinates": [ [ [ 723400.0, 6180500.0 ], [ 723400.0, 6180600.0 ], [ 723500.0, 6180600.0 ], [ 723500.0, 6180500.0 ], [ 723500.0, 6180400.0 ], [ 723400.0, 6180400.0 ], [ 723400.0, 6180500.0 ] ] ] } },
{ "type": "Feature", "properties": { "Shape_Area": 20000.0, "Shape_Leng": 600.0, "cluster_id": "101_927", "fid_1": 927.0, "id_munic": 927.0, "munic_clus": "101_927", "munic_code": 101.0, "min": 3.2905700206756592, "max": 3.2905700206756592, "mean": 3.2905700206756592, "count": 2, "std": 0.0, "range": 0.0 }, "geometry": { "type": "Polygon", "coordinates": [ [ [ 723500.0, 6180600.0 ], [ 723500.0, 6180700.0 ], [ 723600.0, 6180700.0 ], [ 723600.0, 6180600.0 ], [ 723600.0, 6180500.0 ], [ 723500.0, 6180500.0 ], [ 723500.0, 6180600.0 ] ] ] } },
{ "type": "Feature", "properties": { "Shape_Area": 40000.0, "Shape_Leng": 800.0, "cluster_id": "101_928", "fid_1": 928.0, "id_munic": 928.0, "munic_clus": "101_928", "munic_code": 101.0, "min": 3.7420856952667236, "max": 3.7420856952667236, "mean": 3.7420856952667236, "count": 4, "std": 0.0, "range": 0.0 }, "geometry": { "type": "Polygon", "coordinates": [ [ [ 723800.0, 6180700.0 ], [ 723700.0, 6180700.0 ], [ 723600.0, 6180700.0 ], [ 723600.0, 6180800.0 ], [ 723600.0, 6180900.0 ], [ 723700.0, 6180900.0 ], [ 723800.0, 6180900.0 ], [ 723800.0, 6180800.0 ], [ 723800.0, 6180700.0 ] ] ] } },
{ "type": "Feature", "properties": { "Shape_Area": 10000.0, "Shape_Leng": 400.0, "cluster_id": "101_929", "fid_1": 929.0, "id_munic": 929.0, "munic_clus": "101_929", "munic_code": 101.0, "min": 2.4706766605377197, "max": 2.4706766605377197, "mean": 2.4706766605377197, "count": 1, "std": 0.0, "range": 0.0 }, "geometry": { "type": "Polygon", "coordinates": [ [ [ 722800.0, 6178900.0 ], [ 722800.0, 6179000.0 ], [ 722900.0, 6179000.0 ], [ 722900.0, 6178900.0 ], [ 722800.0, 6178900.0 ] ] ] } },
{ "type": "Feature", "properties": { "Shape_Area": 10000.0, "Shape_Leng": 400.0, "cluster_id": "101_930", "fid_1": 930.0, "id_munic": 930.0, "munic_clus": "101_930", "munic_code": 101.0, "min": 1.9823392629623413, "max": 1.9823392629623413, "mean": 1.9823392629623413, "count": 1, "std": 0.0, "range": 0.0 }, "geometry": { "type": "Polygon", "coordinates": [ [ [ 722900.0, 6178800.0 ], [ 722900.0, 6178900.0 ], [ 723000.0, 6178900.0 ], [ 723000.0, 6178800.0 ], [ 722900.0, 6178800.0 ] ] ] } },
{ "type": "Feature", "properties": { "Shape_Area": 10000.0, "Shape_Leng": 400.0, "cluster_id": "101_931", "fid_1": 931.0, "id_munic": 931.0, "munic_clus": "101_931", "munic_code": 101.0, "min": 3.4765079021453857, "max": 3.4765079021453857, "mean": 3.4765079021453857, "count": 1, "std": 0.0, "range": 0.0 }, "geometry": { "type": "Polygon", "coordinates": [ [ [ 722800.0, 6178800.0 ], [ 722800.0, 6178900.0 ], [ 722900.0, 6178900.0 ], [ 722900.0, 6178800.0 ], [ 722800.0, 6178800.0 ] ] ] } },
{ "type": "Feature", "properties": { "Shape_Area": 10000.0, "Shape_Leng": 400.0, "cluster_id": "101_932", "fid_1": 932.0, "id_munic": 932.0, "munic_clus": "101_932", "munic_code": 101.0, "min": 3.2017664909362793, "max": 3.2017664909362793, "mean": 3.2017664909362793, "count": 1, "std": 0.0, "range": 0.0 }, "geometry": { "type": "Polygon", "coordinates": [ [ [ 722900.0, 6178900.0 ], [ 722900.0, 6179000.0 ], [ 723000.0, 6179000.0 ], [ 723000.0, 6178900.0 ], [ 722900.0, 6178900.0 ] ] ] } },
{ "type": "Feature", "properties": { "Shape_Area": 40000.0, "Shape_Leng": 800.0, "cluster_id": "101_933", "fid_1": 933.0, "id_munic": 933.0, "munic_clus": "101_933", "munic_code": 101.0, "min": 4.5639791488647461, "max": 4.5639791488647461, "mean": 4.5639791488647461, "count": 4, "std": 0.0, "range": 0.0 }, "geometry": { "type": "Polygon", "coordinates": [ [ [ 723100.0, 6179100.0 ], [ 723000.0, 6179100.0 ], [ 722900.0, 6179100.0 ], [ 722900.0, 6179200.0 ], [ 722900.0, 6179300.0 ], [ 723000.0, 6179300.0 ], [ 723100.0, 6179300.0 ], [ 723100.0, 6179200.0 ], [ 723100.0, 6179100.0 ] ] ] } },
{ "type": "Feature", "properties": { "Shape_Area": 30000.0, "Shape_Leng": 800.0, "cluster_id": "101_934", "fid_1": 934.0, "id_munic": 934.0, "munic_clus": "101_934", "munic_code": 101.0, "min": 3.2830719947814941, "max": 3.2830719947814941, "mean": 3.2830721537272134, "count": 3, "std": 1.5894571925301193e-07, "range": 0.0 }, "geometry": { "type": "Polygon", "coordinates": [ [ [ 723000.0, 6179000.0 ], [ 723000.0, 6179100.0 ], [ 723100.0, 6179100.0 ], [ 723200.0, 6179100.0 ], [ 723200.0, 6179000.0 ], [ 723100.0, 6179000.0 ], [ 723100.0, 6178900.0 ], [ 723000.0, 6178900.0 ], [ 723000.0, 6179000.0 ] ] ] } },
{ "type": "Feature", "properties": { "Shape_Area": 20000.0, "Shape_Leng": 600.0, "cluster_id": "101_935", "fid_1": 935.0, "id_munic": 935.0, "munic_clus": "101_935", "munic_code": 101.0, "min": 3.2385869026184082, "max": 3.2385869026184082, "mean": 3.2385869026184082, "count": 2, "std": 0.0, "range": 0.0 }, "geometry": { "type": "Polygon", "coordinates": [ [ [ 722800.0, 6179100.0 ], [ 722900.0, 6179100.0 ], [ 723000.0, 6179100.0 ], [ 723000.0, 6179000.0 ], [ 722900.0, 6179000.0 ], [ 722800.0, 6179000.0 ], [ 722800.0, 6179100.0 ] ] ] } },
{ "type": "Feature", "properties": { "Shape_Area": 20000.0, "Shape_Leng": 600.0, "cluster_id": "101_936", "fid_1": 936.0, "id_munic": 936.0, "munic_clus": "101_936", "munic_code": 101.0, "min": 3.3465514183044434, "max": 3.3465514183044434, "mean": 3.3465514183044434, "count": 2, "std": 0.0, "range": 0.0 }, "geometry": { "type": "Polygon", "coordinates": [ [ [ 723900.0, 6179500.0 ], [ 724000.0, 6179500.0 ], [ 724100.0, 6179500.0 ], [ 724100.0, 6179400.0 ], [ 724000.0, 6179400.0 ], [ 723900.0, 6179400.0 ], [ 723900.0, 6179500.0 ] ] ] } },
{ "type": "Feature", "properties": { "Shape_Area": 20000.0, "Shape_Leng": 600.0, "cluster_id": "101_937", "fid_1": 937.0, "id_munic": 937.0, "munic_clus": "101_937", "munic_code": 101.0, "min": 3.6786074638366699, "max": 3.6786074638366699, "mean": 3.6786074638366699, "count": 2, "std": 0.0, "range": 0.0 }, "geometry": { "type": "Polygon", "coordinates": [ [ [ 723800.0, 6179300.0 ], [ 723800.0, 6179400.0 ], [ 723900.0, 6179400.0 ], [ 723900.0, 6179300.0 ], [ 723900.0, 6179200.0 ], [ 723800.0, 6179200.0 ], [ 723800.0, 6179300.0 ] ] ] } },
{ "type": "Feature", "properties": { "Shape_Area": 20000.0, "Shape_Leng": 600.0, "cluster_id": "101_938", "fid_1": 938.0, "id_munic": 938.0, "munic_clus": "101_938", "munic_code": 101.0, "min": 2.6124627590179443, "max": 2.6124627590179443, "mean": 2.6124627590179443, "count": 2, "std": 0.0, "range": 0.0 }, "geometry": { "type": "Polygon", "coordinates": [ [ [ 723900.0, 6179300.0 ], [ 723900.0, 6179400.0 ], [ 724000.0, 6179400.0 ], [ 724000.0, 6179300.0 ], [ 724000.0, 6179200.0 ], [ 723900.0, 6179200.0 ], [ 723900.0, 6179300.0 ] ] ] } },
{ "type": "Feature", "properties": { "Shape_Area": 20000.0, "Shape_Leng": 600.0, "cluster_id": "101_939", "fid_1": 939.0, "id_munic": 939.0, "munic_clus": "101_939", "munic_code": 101.0, "min": 3.4370212554931641, "max": 3.4370212554931641, "mean": 3.4370212554931641, "count": 2, "std": 0.0, "range": 0.0 }, "geometry": { "type": "Polygon", "coordinates": [ [ [ 724100.0, 6179600.0 ], [ 724200.0, 6179600.0 ], [ 724300.0, 6179600.0 ], [ 724300.0, 6179500.0 ], [ 724200.0, 6179500.0 ], [ 724100.0, 6179500.0 ], [ 724100.0, 6179600.0 ] ] ] } },
{ "type": "Feature", "properties": { "Shape_Area": 40000.0, "Shape_Leng": 800.0, "cluster_id": "101_940", "fid_1": 940.0, "id_munic": 940.0, "munic_clus": "101_940", "munic_code": 101.0, "min": 2.7372543811798096, "max": 2.7372543811798096, "mean": 2.7372543811798096, "count": 4, "std": 0.0, "range": 0.0 }, "geometry": { "type": "Polygon", "coordinates": [ [ [ 724300.0, 6179300.0 ], [ 724200.0, 6179300.0 ], [ 724100.0, 6179300.0 ], [ 724100.0, 6179400.0 ], [ 724100.0, 6179500.0 ], [ 724200.0, 6179500.0 ], [ 724300.0, 6179500.0 ], [ 724300.0, 6179400.0 ], [ 724300.0, 6179300.0 ] ] ] } },
{ "type": "Feature", "properties": { "Shape_Area": 20000.0, "Shape_Leng": 600.0, "cluster_id": "101_941", "fid_1": 941.0, "id_munic": 941.0, "munic_clus": "101_941", "munic_code": 101.0, "min": 2.8707096576690674, "max": 2.8707096576690674, "mean": 2.8707096576690674, "count": 2, "std": 0.0, "range": 0.0 }, "geometry": { "type": "Polygon", "coordinates": [ [ [ 723700.0, 6179600.0 ], [ 723800.0, 6179600.0 ], [ 723900.0, 6179600.0 ], [ 723900.0, 6179500.0 ], [ 723800.0, 6179500.0 ], [ 723700.0, 6179500.0 ], [ 723700.0, 6179600.0 ] ] ] } },
{ "type": "Feature", "properties": { "Shape_Area": 20000.0, "Shape_Leng": 600.0, "cluster_id": "101_942", "fid_1": 942.0, "id_munic": 942.0, "munic_clus": "101_942", "munic_code": 101.0, "min": 2.8833720684051514, "max": 2.8833720684051514, "mean": 2.8833720684051514, "count": 2, "std": 0.0, "range": 0.0 }, "geometry": { "type": "Polygon", "coordinates": [ [ [ 724000.0, 6179700.0 ], [ 724100.0, 6179700.0 ], [ 724200.0, 6179700.0 ], [ 724200.0, 6179600.0 ], [ 724100.0, 6179600.0 ], [ 724000.0, 6179600.0 ], [ 724000.0, 6179700.0 ] ] ] } },
{ "type": "Feature", "properties": { "Shape_Area": 20000.0, "Shape_Leng": 600.0, "cluster_id": "101_943", "fid_1": 943.0, "id_munic": 943.0, "munic_clus": "101_943", "munic_code": 101.0, "min": 2.9283573627471924, "max": 2.9283573627471924, "mean": 2.9283573627471924, "count": 2, "std": 0.0, "range": 0.0 }, "geometry": { "type": "Polygon", "coordinates": [ [ [ 723900.0, 6179600.0 ], [ 724000.0, 6179600.0 ], [ 724100.0, 6179600.0 ], [ 724100.0, 6179500.0 ], [ 724000.0, 6179500.0 ], [ 723900.0, 6179500.0 ], [ 723900.0, 6179600.0 ] ] ] } },
{ "type": "Feature", "properties": { "Shape_Area": 30000.0, "Shape_Leng": 800.0, "cluster_id": "101_944", "fid_1": 944.0, "id_munic": 944.0, "munic_clus": "101_944", "munic_code": 101.0, "min": 3.271242618560791, "max": 3.271242618560791, "mean": 3.2712427775065103, "count": 3, "std": 1.5894571925301193e-07, "range": 0.0 }, "geometry": { "type": "Polygon", "coordinates": [ [ [ 719300.0, 6174700.0 ], [ 719400.0, 6174700.0 ], [ 719400.0, 6174800.0 ], [ 719500.0, 6174800.0 ], [ 719500.0, 6174700.0 ], [ 719500.0, 6174600.0 ], [ 719400.0, 6174600.0 ], [ 719300.0, 6174600.0 ], [ 719300.0, 6174700.0 ] ] ] } },
{ "type": "Feature", "properties": { "Shape_Area": 30000.0, "Shape_Leng": 800.0, "cluster_id": "101_945", "fid_1": 945.0, "id_munic": 945.0, "munic_clus": "101_945", "munic_code": 101.0, "min": 3.3197271823883057, "max": 3.3197271823883057, "mean": 3.3197272618611655, "count": 3, "std": 7.947285984855057e-08, "range": 0.0 }, "geometry": { "type": "Polygon", "coordinates": [ [ [ 720300.0, 6174000.0 ], [ 720300.0, 6174100.0 ], [ 720400.0, 6174100.0 ], [ 720500.0, 6174100.0 ], [ 720500.0, 6174000.0 ], [ 720400.0, 6174000.0 ], [ 720400.0, 6173900.0 ], [ 720300.0, 6173900.0 ], [ 720300.0, 6174000.0 ] ] ] } },
{ "type": "Feature", "properties": { "Shape_Area": 20000.0, "Shape_Leng": 600.0, "cluster_id": "101_946", "fid_1": 946.0, "id_munic": 946.0, "munic_clus": "101_946", "munic_code": 101.0, "min": 3.398700475692749, "max": 3.398700475692749, "mean": 3.398700475692749, "count": 2, "std": 0.0, "range": 0.0 }, "geometry": { "type": "Polygon", "coordinates": [ [ [ 721000.0, 6174200.0 ], [ 721100.0, 6174200.0 ], [ 721200.0, 6174200.0 ], [ 721200.0, 6174100.0 ], [ 721100.0, 6174100.0 ], [ 721000.0, 6174100.0 ], [ 721000.0, 6174200.0 ] ] ] } },
{ "type": "Feature", "properties": { "Shape_Area": 20000.0, "Shape_Leng": 600.0, "cluster_id": "101_947", "fid_1": 947.0, "id_munic": 947.0, "munic_clus": "101_947", "munic_code": 101.0, "min": 2.5221598148345947, "max": 2.5221598148345947, "mean": 2.5221598148345947, "count": 2, "std": 0.0, "range": 0.0 }, "geometry": { "type": "Polygon", "coordinates": [ [ [ 720000.0, 6177400.0 ], [ 720100.0, 6177400.0 ], [ 720200.0, 6177400.0 ], [ 720200.0, 6177300.0 ], [ 720100.0, 6177300.0 ], [ 720000.0, 6177300.0 ], [ 720000.0, 6177400.0 ] ] ] } },
{ "type": "Feature", "properties": { "Shape_Area": 90000.0, "Shape_Leng": 1600.0, "cluster_id": "101_948", "fid_1": 948.0, "id_munic": 948.0, "munic_clus": "101_948", "munic_code": 101.0, "min": 3.2369215488433838, "max": 3.2369215488433838, "mean": 3.2369215223524304, "count": 9, "std": 2.6490953430879927e-08, "range": 0.0 }, "geometry": { "type": "Polygon", "coordinates": [ [ [ 719700.0, 6174400.0 ], [ 719600.0, 6174400.0 ], [ 719600.0, 6174500.0 ], [ 719600.0, 6174600.0 ], [ 719700.0, 6174600.0 ], [ 719700.0, 6174700.0 ], [ 719600.0, 6174700.0 ], [ 719600.0, 6174800.0 ], [ 719700.0, 6174800.0 ], [ 719800.0, 6174800.0 ], [ 719800.0, 6174700.0 ], [ 719900.0, 6174700.0 ], [ 719900.0, 6174600.0 ], [ 719900.0, 6174500.0 ], [ 719800.0, 6174500.0 ], [ 719800.0, 6174400.0 ], [ 719700.0, 6174400.0 ] ] ] } },
{ "type": "Feature", "properties": { "Shape_Area": 60000.0, "Shape_Leng": 1200.0, "cluster_id": "101_949", "fid_1": 949.0, "id_munic": 949.0, "munic_clus": "101_949", "munic_code": 101.0, "min": 3.6241257190704346, "max": 3.6241257190704346, "mean": 3.6241257985432944, "count": 6, "std": 7.947285984855057e-08, "range": 0.0 }, "geometry": { "type": "Polygon", "coordinates": [ [ [ 720000.0, 6173900.0 ], [ 720000.0, 6174000.0 ], [ 720100.0, 6174000.0 ], [ 720100.0, 6174100.0 ], [ 720200.0, 6174100.0 ], [ 720300.0, 6174100.0 ], [ 720300.0, 6174000.0 ], [ 720300.0, 6173900.0 ], [ 720200.0, 6173900.0 ], [ 720200.0, 6173800.0 ], [ 720100.0, 6173800.0 ], [ 720100.0, 6173900.0 ], [ 720000.0, 6173900.0 ] ] ] } },
{ "type": "Feature", "properties": { "Shape_Area": 180000.0, "Shape_Leng": 2200.0, "cluster_id": "101_950", "fid_1": 950.0, "id_munic": 950.0, "munic_clus": "101_950", "munic_code": 101.0, "min": 2.9413530826568604, "max": 2.9413530826568604, "mean": 2.941353268093533, "count": 18, "std": 1.8543667268389186e-07, "range": 0.0 }, "geometry": { "type": "Polygon", "coordinates": [ [ [ 719900.0, 6174000.0 ], [ 719900.0, 6174100.0 ], [ 719900.0, 6174200.0 ], [ 719900.0, 6174300.0 ], [ 720000.0, 6174300.0 ], [ 720100.0, 6174300.0 ], [ 720100.0, 6174400.0 ], [ 720200.0, 6174400.0 ], [ 720300.0, 6174400.0 ], [ 720300.0, 6174300.0 ], [ 720400.0, 6174300.0 ], [ 720500.0, 6174300.0 ], [ 720600.0, 6174300.0 ], [ 720600.0, 6174200.0 ], [ 720600.0, 6174100.0 ], [ 720500.0, 6174100.0 ], [ 720400.0, 6174100.0 ], [ 720300.0, 6174100.0 ], [ 720200.0, 6174100.0 ], [ 720100.0, 6174100.0 ], [ 720100.0, 6174000.0 ], [ 720000.0, 6174000.0 ], [ 719900.0, 6174000.0 ] ] ] } },
{ "type": "Feature", "properties": { "Shape_Area": 70000.0, "Shape_Leng": 1200.0, "cluster_id": "101_951", "fid_1": 951.0, "id_munic": 951.0, "munic_clus": "101_951", "munic_code": 101.0, "min": 3.2190937995910645, "max": 3.2190937995910645, "mean": 3.2190938677106584, "count": 7, "std": 6.8119593965576541e-08, "range": 0.0 }, "geometry": { "type": "Polygon", "coordinates": [ [ [ 720600.0, 6174300.0 ], [ 720500.0, 6174300.0 ], [ 720400.0, 6174300.0 ], [ 720300.0, 6174300.0 ], [ 720300.0, 6174400.0 ], [ 720300.0, 6174500.0 ], [ 720300.0, 6174600.0 ], [ 720400.0, 6174600.0 ], [ 720400.0, 6174500.0 ], [ 720500.0, 6174500.0 ], [ 720600.0, 6174500.0 ], [ 720600.0, 6174400.0 ], [ 720600.0, 6174300.0 ] ] ] } },
{ "type": "Feature", "properties": { "Shape_Area": 20000.0, "Shape_Leng": 600.0, "cluster_id": "101_952", "fid_1": 952.0, "id_munic": 952.0, "munic_clus": "101_952", "munic_code": 101.0, "min": 3.0293240547180176, "max": 3.0293240547180176, "mean": 3.0293240547180176, "count": 2, "std": 0.0, "range": 0.0 }, "geometry": { "type": "Polygon", "coordinates": [ [ [ 721000.0, 6174100.0 ], [ 721100.0, 6174100.0 ], [ 721200.0, 6174100.0 ], [ 721200.0, 6174000.0 ], [ 721100.0, 6174000.0 ], [ 721000.0, 6174000.0 ], [ 721000.0, 6174100.0 ] ] ] } },
{ "type": "Feature", "properties": { "Shape_Area": 30000.0, "Shape_Leng": 800.0, "cluster_id": "101_953", "fid_1": 953.0, "id_munic": 953.0, "munic_clus": "101_953", "munic_code": 101.0, "min": 3.0464847087860107, "max": 3.0464847087860107, "mean": 3.0464846293131509, "count": 3, "std": 7.947285984855057e-08, "range": 0.0 }, "geometry": { "type": "Polygon", "coordinates": [ [ [ 719500.0, 6173800.0 ], [ 719500.0, 6173900.0 ], [ 719600.0, 6173900.0 ], [ 719600.0, 6173800.0 ], [ 719700.0, 6173800.0 ], [ 719700.0, 6173700.0 ], [ 719600.0, 6173700.0 ], [ 719500.0, 6173700.0 ], [ 719500.0, 6173800.0 ] ] ] } },
{ "type": "Feature", "properties": { "Shape_Area": 20000.0, "Shape_Leng": 600.0, "cluster_id": "101_954", "fid_1": 954.0, "id_munic": 954.0, "munic_clus": "101_954", "munic_code": 101.0, "min": 3.3208930492401123, "max": 3.3208930492401123, "mean": 3.3208930492401123, "count": 2, "std": 0.0, "range": 0.0 }, "geometry": { "type": "Polygon", "coordinates": [ [ [ 720800.0, 6174100.0 ], [ 720900.0, 6174100.0 ], [ 721000.0, 6174100.0 ], [ 721000.0, 6174000.0 ], [ 720900.0, 6174000.0 ], [ 720800.0, 6174000.0 ], [ 720800.0, 6174100.0 ] ] ] } },
{ "type": "Feature", "properties": { "Shape_Area": 70000.0, "Shape_Leng": 1200.0, "cluster_id": "101_955", "fid_1": 955.0, "id_munic": 955.0, "munic_clus": "101_955", "munic_code": 101.0, "min": 3.7480843067169189, "max": 3.7480843067169189, "mean": 3.7480844770159041, "count": 7, "std": 1.7029898513598596e-07, "range": 0.0 }, "geometry": { "type": "Polygon", "coordinates": [ [ [ 719100.0, 6174000.0 ], [ 719100.0, 6174100.0 ], [ 719200.0, 6174100.0 ], [ 719300.0, 6174100.0 ], [ 719300.0, 6174000.0 ], [ 719400.0, 6174000.0 ], [ 719400.0, 6173900.0 ], [ 719300.0, 6173900.0 ], [ 719300.0, 6173800.0 ], [ 719200.0, 6173800.0 ], [ 719100.0, 6173800.0 ], [ 719100.0, 6173900.0 ], [ 719100.0, 6174000.0 ] ] ] } },
{ "type": "Feature", "properties": { "Shape_Area": 10000.0, "Shape_Leng": 400.0, "cluster_id": "101_956", "fid_1": 956.0, "id_munic": 956.0, "munic_clus": "101_956", "munic_code": 101.0, "min": 2.912362813949585, "max": 2.912362813949585, "mean": 2.912362813949585, "count": 1, "std": 0.0, "range": 0.0 }, "geometry": { "type": "Polygon", "coordinates": [ [ [ 720700.0, 6174000.0 ], [ 720700.0, 6174100.0 ], [ 720800.0, 6174100.0 ], [ 720800.0, 6174000.0 ], [ 720700.0, 6174000.0 ] ] ] } },
{ "type": "Feature", "properties": { "Shape_Area": 60000.0, "Shape_Leng": 1200.0, "cluster_id": "101_957", "fid_1": 957.0, "id_munic": 957.0, "munic_clus": "101_957", "munic_code": 101.0, "min": 2.6239585876464844, "max": 2.6239585876464844, "mean": 2.6239585876464844, "count": 6, "std": 0.0, "range": 0.0 }, "geometry": { "type": "Polygon", "coordinates": [ [ [ 720500.0, 6174000.0 ], [ 720500.0, 6174100.0 ], [ 720600.0, 6174100.0 ], [ 720600.0, 6174200.0 ], [ 720700.0, 6174200.0 ], [ 720700.0, 6174100.0 ], [ 720700.0, 6174000.0 ], [ 720700.0, 6173900.0 ], [ 720600.0, 6173900.0 ], [ 720500.0, 6173900.0 ], [ 720400.0, 6173900.0 ], [ 720400.0, 6174000.0 ], [ 720500.0, 6174000.0 ] ] ] } },
{ "type": "Feature", "properties": { "Shape_Area": 10000.0, "Shape_Leng": 400.0, "cluster_id": "101_958", "fid_1": 958.0, "id_munic": 958.0, "munic_clus": "101_958", "munic_code": 101.0, "min": 3.4170277118682861, "max": 3.4170277118682861, "mean": 3.4170277118682861, "count": 1, "std": 0.0, "range": 0.0 }, "geometry": { "type": "Polygon", "coordinates": [ [ [ 720200.0, 6174500.0 ], [ 720200.0, 6174600.0 ], [ 720300.0, 6174600.0 ], [ 720300.0, 6174500.0 ], [ 720200.0, 6174500.0 ] ] ] } },
{ "type": "Feature", "properties": { "Shape_Area": 10000.0, "Shape_Leng": 400.0, "cluster_id": "101_959", "fid_1": 959.0, "id_munic": 959.0, "munic_clus": "101_959", "munic_code": 101.0, "min": 2.4188604354858398, "max": 2.4188604354858398, "mean": 2.4188604354858398, "count": 1, "std": 0.0, "range": 0.0 }, "geometry": { "type": "Polygon", "coordinates": [ [ [ 720900.0, 6174100.0 ], [ 720900.0, 6174200.0 ], [ 721000.0, 6174200.0 ], [ 721000.0, 6174100.0 ], [ 720900.0, 6174100.0 ] ] ] } },
{ "type": "Feature", "properties": { "Shape_Area": 10000.0, "Shape_Leng": 400.0, "cluster_id": "101_960", "fid_1": 960.0, "id_munic": 960.0, "munic_clus": "101_960", "munic_code": 101.0, "min": 3.9076974391937256, "max": 3.9076974391937256, "mean": 3.9076974391937256, "count": 1, "std": 0.0, "range": 0.0 }, "geometry": { "type": "Polygon", "coordinates": [ [ [ 720800.0, 6174100.0 ], [ 720800.0, 6174200.0 ], [ 720900.0, 6174200.0 ], [ 720900.0, 6174100.0 ], [ 720800.0, 6174100.0 ] ] ] } },
{ "type": "Feature", "properties": { "Shape_Area": 30000.0, "Shape_Leng": 800.0, "cluster_id": "101_961", "fid_1": 961.0, "id_munic": 961.0, "munic_clus": "101_961", "munic_code": 101.0, "min": 3.5643124580383301, "max": 3.5643124580383301, "mean": 3.5643126169840493, "count": 3, "std": 1.5894571925301193e-07, "range": 0.0 }, "geometry": { "type": "Polygon", "coordinates": [ [ [ 719300.0, 6177100.0 ], [ 719200.0, 6177100.0 ], [ 719200.0, 6177200.0 ], [ 719300.0, 6177200.0 ], [ 719400.0, 6177200.0 ], [ 719400.0, 6177100.0 ], [ 719400.0, 6177000.0 ], [ 719300.0, 6177000.0 ], [ 719300.0, 6177100.0 ] ] ] } },
{ "type": "Feature", "properties": { "Shape_Area": 30000.0, "Shape_Leng": 800.0, "cluster_id": "101_962", "fid_1": 962.0, "id_munic": 962.0, "munic_clus": "101_962", "munic_code": 101.0, "min": 3.2297570705413818, "max": 3.2297570705413818, "mean": 3.229756991068522, "count": 3, "std": 7.947285984855057e-08, "range": 0.0 }, "geometry": { "type": "Polygon", "coordinates": [ [ [ 719500.0, 6174600.0 ], [ 719500.0, 6174700.0 ], [ 719600.0, 6174700.0 ], [ 719700.0, 6174700.0 ], [ 719700.0, 6174600.0 ], [ 719600.0, 6174600.0 ], [ 719600.0, 6174500.0 ], [ 719500.0, 6174500.0 ], [ 719500.0, 6174600.0 ] ] ] } },
{ "type": "Feature", "properties": { "Shape_Area": 20000.0, "Shape_Leng": 600.0, "cluster_id": "101_963", "fid_1": 963.0, "id_munic": 963.0, "munic_clus": "101_963", "munic_code": 101.0, "min": 3.234588623046875, "max": 3.234588623046875, "mean": 3.234588623046875, "count": 2, "std": 0.0, "range": 0.0 }, "geometry": { "type": "Polygon", "coordinates": [ [ [ 721100.0, 6174500.0 ], [ 721100.0, 6174600.0 ], [ 721200.0, 6174600.0 ], [ 721200.0, 6174500.0 ], [ 721200.0, 6174400.0 ], [ 721100.0, 6174400.0 ], [ 721100.0, 6174500.0 ] ] ] } },
{ "type": "Feature", "properties": { "Shape_Area": 10000.0, "Shape_Leng": 400.0, "cluster_id": "101_964", "fid_1": 964.0, "id_munic": 964.0, "munic_clus": "101_964", "munic_code": 101.0, "min": 3.6429524421691895, "max": 3.6429524421691895, "mean": 3.6429524421691895, "count": 1, "std": 0.0, "range": 0.0 }, "geometry": { "type": "Polygon", "coordinates": [ [ [ 720700.0, 6174100.0 ], [ 720700.0, 6174200.0 ], [ 720800.0, 6174200.0 ], [ 720800.0, 6174100.0 ], [ 720700.0, 6174100.0 ] ] ] } },
{ "type": "Feature", "properties": { "Shape_Area": 20000.0, "Shape_Leng": 600.0, "cluster_id": "101_965", "fid_1": 965.0, "id_munic": 965.0, "munic_clus": "101_965", "munic_code": 101.0, "min": 2.9740087985992432, "max": 2.9740087985992432, "mean": 2.9740087985992432, "count": 2, "std": 0.0, "range": 0.0 }, "geometry": { "type": "Polygon", "coordinates": [ [ [ 719500.0, 6174800.0 ], [ 719500.0, 6174900.0 ], [ 719600.0, 6174900.0 ], [ 719600.0, 6174800.0 ], [ 719600.0, 6174700.0 ], [ 719500.0, 6174700.0 ], [ 719500.0, 6174800.0 ] ] ] } },
{ "type": "Feature", "properties": { "Shape_Area": 10000.0, "Shape_Leng": 400.0, "cluster_id": "101_966", "fid_1": 966.0, "id_munic": 966.0, "munic_clus": "101_966", "munic_code": 101.0, "min": 3.7470846176147461, "max": 3.7470846176147461, "mean": 3.7470846176147461, "count": 1, "std": 0.0, "range": 0.0 }, "geometry": { "type": "Polygon", "coordinates": [ [ [ 724400.0, 6177800.0 ], [ 724400.0, 6177900.0 ], [ 724500.0, 6177900.0 ], [ 724500.0, 6177800.0 ], [ 724400.0, 6177800.0 ] ] ] } },
{ "type": "Feature", "properties": { "Shape_Area": 20000.0, "Shape_Leng": 600.0, "cluster_id": "101_967", "fid_1": 967.0, "id_munic": 967.0, "munic_clus": "101_967", "munic_code": 101.0, "min": 3.2519161701202393, "max": 3.2519161701202393, "mean": 3.2519161701202393, "count": 2, "std": 0.0, "range": 0.0 }, "geometry": { "type": "Polygon", "coordinates": [ [ [ 724300.0, 6177700.0 ], [ 724300.0, 6177800.0 ], [ 724400.0, 6177800.0 ], [ 724400.0, 6177700.0 ], [ 724400.0, 6177600.0 ], [ 724300.0, 6177600.0 ], [ 724300.0, 6177700.0 ] ] ] } },
{ "type": "Feature", "properties": { "Shape_Area": 80000.0, "Shape_Leng": 1400.0, "cluster_id": "101_968", "fid_1": 968.0, "id_munic": 968.0, "munic_clus": "101_968", "munic_code": 101.0, "min": 3.3530492782592773, "max": 3.3530492782592773, "mean": 3.3530497550964355, "count": 8, "std": 4.76837158203125e-07, "range": 0.0 }, "geometry": { "type": "Polygon", "coordinates": [ [ [ 720100.0, 6176900.0 ], [ 720000.0, 6176900.0 ], [ 719900.0, 6176900.0 ], [ 719800.0, 6176900.0 ], [ 719800.0, 6177000.0 ], [ 719700.0, 6177000.0 ], [ 719700.0, 6177100.0 ], [ 719800.0, 6177100.0 ], [ 719900.0, 6177100.0 ], [ 719900.0, 6177200.0 ], [ 720000.0, 6177200.0 ], [ 720000.0, 6177100.0 ], [ 720100.0, 6177100.0 ], [ 720100.0, 6177000.0 ], [ 720100.0, 6176900.0 ] ] ] } },
{ "type": "Feature", "properties": { "Shape_Area": 40000.0, "Shape_Leng": 1000.0, "cluster_id": "101_969", "fid_1": 969.0, "id_munic": 969.0, "munic_clus": "101_969", "munic_code": 101.0, "min": 3.3165614604949951, "max": 3.3165614604949951, "mean": 3.3165614604949951, "count": 4, "std": 0.0, "range": 0.0 }, "geometry": { "type": "Polygon", "coordinates": [ [ [ 724600.0, 6178200.0 ], [ 724600.0, 6178300.0 ], [ 724700.0, 6178300.0 ], [ 724800.0, 6178300.0 ], [ 724800.0, 6178200.0 ], [ 724700.0, 6178200.0 ], [ 724700.0, 6178100.0 ], [ 724600.0, 6178100.0 ], [ 724500.0, 6178100.0 ], [ 724500.0, 6178200.0 ], [ 724600.0, 6178200.0 ] ] ] } },
{ "type": "Feature", "properties": { "Shape_Area": 20000.0, "Shape_Leng": 600.0, "cluster_id": "101_970", "fid_1": 970.0, "id_munic": 970.0, "munic_clus": "101_970", "munic_code": 101.0, "min": 3.2109301090240479, "max": 3.2109301090240479, "mean": 3.2109301090240479, "count": 2, "std": 0.0, "range": 0.0 }, "geometry": { "type": "Polygon", "coordinates": [ [ [ 724700.0, 6178400.0 ], [ 724800.0, 6178400.0 ], [ 724900.0, 6178400.0 ], [ 724900.0, 6178300.0 ], [ 724800.0, 6178300.0 ], [ 724700.0, 6178300.0 ], [ 724700.0, 6178400.0 ] ] ] } },
{ "type": "Feature", "properties": { "Shape_Area": 20000.0, "Shape_Leng": 600.0, "cluster_id": "101_971", "fid_1": 971.0, "id_munic": 971.0, "munic_clus": "101_971", "munic_code": 101.0, "min": 3.3347225189208984, "max": 3.3347225189208984, "mean": 3.3347225189208984, "count": 2, "std": 0.0, "range": 0.0 }, "geometry": { "type": "Polygon", "coordinates": [ [ [ 724800.0, 6177800.0 ], [ 724800.0, 6177900.0 ], [ 724900.0, 6177900.0 ], [ 724900.0, 6177800.0 ], [ 724900.0, 6177700.0 ], [ 724800.0, 6177700.0 ], [ 724800.0, 6177800.0 ] ] ] } },
{ "type": "Feature", "properties": { "Shape_Area": 10000.0, "Shape_Leng": 400.0, "cluster_id": "101_972", "fid_1": 972.0, "id_munic": 972.0, "munic_clus": "101_972", "munic_code": 101.0, "min": 3.3253920078277588, "max": 3.3253920078277588, "mean": 3.3253920078277588, "count": 1, "std": 0.0, "range": 0.0 }, "geometry": { "type": "Polygon", "coordinates": [ [ [ 724700.0, 6177700.0 ], [ 724700.0, 6177800.0 ], [ 724800.0, 6177800.0 ], [ 724800.0, 6177700.0 ], [ 724700.0, 6177700.0 ] ] ] } },
{ "type": "Feature", "properties": { "Shape_Area": 30000.0, "Shape_Leng": 800.0, "cluster_id": "101_973", "fid_1": 973.0, "id_munic": 973.0, "munic_clus": "101_973", "munic_code": 101.0, "min": 3.1544489860534668, "max": 3.1544489860534668, "mean": 3.1544488271077475, "count": 3, "std": 1.5894571925301193e-07, "range": 0.0 }, "geometry": { "type": "Polygon", "coordinates": [ [ [ 724700.0, 6177600.0 ], [ 724600.0, 6177600.0 ], [ 724600.0, 6177700.0 ], [ 724700.0, 6177700.0 ], [ 724800.0, 6177700.0 ], [ 724800.0, 6177600.0 ], [ 724800.0, 6177500.0 ], [ 724700.0, 6177500.0 ], [ 724700.0, 6177600.0 ] ] ] } },
{ "type": "Feature", "properties": { "Shape_Area": 10000.0, "Shape_Leng": 400.0, "cluster_id": "101_974", "fid_1": 974.0, "id_munic": 974.0, "munic_clus": "101_974", "munic_code": 101.0, "min": 3.431689977645874, "max": 3.431689977645874, "mean": 3.431689977645874, "count": 1, "std": 0.0, "range": 0.0 }, "geometry": { "type": "Polygon", "coordinates": [ [ [ 724600.0, 6177500.0 ], [ 724600.0, 6177600.0 ], [ 724700.0, 6177600.0 ], [ 724700.0, 6177500.0 ], [ 724600.0, 6177500.0 ] ] ] } },
{ "type": "Feature", "properties": { "Shape_Area": 20000.0, "Shape_Leng": 600.0, "cluster_id": "101_975", "fid_1": 975.0, "id_munic": 975.0, "munic_clus": "101_975", "munic_code": 101.0, "min": 3.3368878364562988, "max": 3.3368878364562988, "mean": 3.3368878364562988, "count": 2, "std": 0.0, "range": 0.0 }, "geometry": { "type": "Polygon", "coordinates": [ [ [ 724500.0, 6177500.0 ], [ 724600.0, 6177500.0 ], [ 724700.0, 6177500.0 ], [ 724700.0, 6177400.0 ], [ 724600.0, 6177400.0 ], [ 724500.0, 6177400.0 ], [ 724500.0, 6177500.0 ] ] ] } },
{ "type": "Feature", "properties": { "Shape_Area": 30000.0, "Shape_Leng": 800.0, "cluster_id": "101_976", "fid_1": 976.0, "id_munic": 976.0, "munic_clus": "101_976", "munic_code": 101.0, "min": 3.9111964702606201, "max": 3.9111964702606201, "mean": 3.9111963907877603, "count": 3, "std": 7.947285984855057e-08, "range": 0.0 }, "geometry": { "type": "Polygon", "coordinates": [ [ [ 724300.0, 6178000.0 ], [ 724400.0, 6178000.0 ], [ 724400.0, 6178100.0 ], [ 724500.0, 6178100.0 ], [ 724500.0, 6178000.0 ], [ 724500.0, 6177900.0 ], [ 724400.0, 6177900.0 ], [ 724300.0, 6177900.0 ], [ 724300.0, 6178000.0 ] ] ] } },
{ "type": "Feature", "properties": { "Shape_Area": 10000.0, "Shape_Leng": 400.0, "cluster_id": "101_977", "fid_1": 977.0, "id_munic": 977.0, "munic_clus": "101_977", "munic_code": 101.0, "min": 3.792402982711792, "max": 3.792402982711792, "mean": 3.792402982711792, "count": 1, "std": 0.0, "range": 0.0 }, "geometry": { "type": "Polygon", "coordinates": [ [ [ 724700.0, 6178100.0 ], [ 724700.0, 6178200.0 ], [ 724800.0, 6178200.0 ], [ 724800.0, 6178100.0 ], [ 724700.0, 6178100.0 ] ] ] } },
{ "type": "Feature", "properties": { "Shape_Area": 10000.0, "Shape_Leng": 400.0, "cluster_id": "101_978", "fid_1": 978.0, "id_munic": 978.0, "munic_clus": "101_978", "munic_code": 101.0, "min": 2.4933359622955322, "max": 2.4933359622955322, "mean": 2.4933359622955322, "count": 1, "std": 0.0, "range": 0.0 }, "geometry": { "type": "Polygon", "coordinates": [ [ [ 724800.0, 6178200.0 ], [ 724800.0, 6178300.0 ], [ 724900.0, 6178300.0 ], [ 724900.0, 6178200.0 ], [ 724800.0, 6178200.0 ] ] ] } },
{ "type": "Feature", "properties": { "Shape_Area": 30000.0, "Shape_Leng": 800.0, "cluster_id": "101_979", "fid_1": 979.0, "id_munic": 979.0, "munic_clus": "101_979", "munic_code": 101.0, "min": 3.3898706436157227, "max": 3.3898706436157227, "mean": 3.3898706436157227, "count": 3, "std": 0.0, "range": 0.0 }, "geometry": { "type": "Polygon", "coordinates": [ [ [ 724500.0, 6178000.0 ], [ 724500.0, 6178100.0 ], [ 724600.0, 6178100.0 ], [ 724700.0, 6178100.0 ], [ 724700.0, 6178000.0 ], [ 724600.0, 6178000.0 ], [ 724600.0, 6177900.0 ], [ 724500.0, 6177900.0 ], [ 724500.0, 6178000.0 ] ] ] } },
{ "type": "Feature", "properties": { "Shape_Area": 50000.0, "Shape_Leng": 1200.0, "cluster_id": "101_980", "fid_1": 980.0, "id_munic": 980.0, "munic_clus": "101_980", "munic_code": 101.0, "min": 3.3977012634277344, "max": 3.3977012634277344, "mean": 3.3977012634277344, "count": 5, "std": 0.0, "range": 0.0 }, "geometry": { "type": "Polygon", "coordinates": [ [ [ 724300.0, 6177600.0 ], [ 724200.0, 6177600.0 ], [ 724200.0, 6177700.0 ], [ 724100.0, 6177700.0 ], [ 724100.0, 6177800.0 ], [ 724200.0, 6177800.0 ], [ 724200.0, 6177900.0 ], [ 724300.0, 6177900.0 ], [ 724400.0, 6177900.0 ], [ 724400.0, 6177800.0 ], [ 724300.0, 6177800.0 ], [ 724300.0, 6177700.0 ], [ 724300.0, 6177600.0 ] ] ] } },
{ "type": "Feature", "properties": { "Shape_Area": 180000.0, "Shape_Leng": 2800.0, "cluster_id": "101_981", "fid_1": 981.0, "id_munic": 981.0, "munic_clus": "101_981", "munic_code": 101.0, "min": 2.9796731472015381, "max": 2.9796731472015381, "mean": 2.9796729617648654, "count": 18, "std": 1.8543667268389186e-07, "range": 0.0 }, "geometry": { "type": "Polygon", "coordinates": [ [ [ 724400.0, 6177800.0 ], [ 724500.0, 6177800.0 ], [ 724500.0, 6177900.0 ], [ 724600.0, 6177900.0 ], [ 724600.0, 6178000.0 ], [ 724700.0, 6178000.0 ], [ 724700.0, 6178100.0 ], [ 724800.0, 6178100.0 ], [ 724800.0, 6178200.0 ], [ 724900.0, 6178200.0 ], [ 724900.0, 6178100.0 ], [ 725000.0, 6178100.0 ], [ 725000.0, 6178000.0 ], [ 724900.0, 6178000.0 ], [ 724900.0, 6177900.0 ], [ 724800.0, 6177900.0 ], [ 724800.0, 6177800.0 ], [ 724700.0, 6177800.0 ], [ 724700.0, 6177700.0 ], [ 724600.0, 6177700.0 ], [ 724600.0, 6177600.0 ], [ 724600.0, 6177500.0 ], [ 724500.0, 6177500.0 ], [ 724400.0, 6177500.0 ], [ 724300.0, 6177500.0 ], [ 724300.0, 6177600.0 ], [ 724400.0, 6177600.0 ], [ 724400.0, 6177700.0 ], [ 724400.0, 6177800.0 ] ] ] } },
{ "type": "Feature", "properties": { "Shape_Area": 40000.0, "Shape_Leng": 1000.0, "cluster_id": "101_982", "fid_1": 982.0, "id_munic": 982.0, "munic_clus": "101_982", "munic_code": 101.0, "min": 3.2694103717803955, "max": 3.2694103717803955, "mean": 3.2694103717803955, "count": 4, "std": 0.0, "range": 0.0 }, "geometry": { "type": "Polygon", "coordinates": [ [ [ 719100.0, 6178800.0 ], [ 719200.0, 6178800.0 ], [ 719200.0, 6178900.0 ], [ 719300.0, 6178900.0 ], [ 719300.0, 6178800.0 ], [ 719300.0, 6178700.0 ], [ 719200.0, 6178700.0 ], [ 719200.0, 6178600.0 ], [ 719100.0, 6178600.0 ], [ 719100.0, 6178700.0 ], [ 719100.0, 6178800.0 ] ] ] } },
{ "type": "Feature", "properties": { "Shape_Area": 10000.0, "Shape_Leng": 400.0, "cluster_id": "101_983", "fid_1": 983.0, "id_munic": 983.0, "munic_clus": "101_983", "munic_code": 101.0, "min": 3.4213597774505615, "max": 3.4213597774505615, "mean": 3.4213597774505615, "count": 1, "std": 0.0, "range": 0.0 }, "geometry": { "type": "Polygon", "coordinates": [ [ [ 720000.0, 6177800.0 ], [ 720000.0, 6177900.0 ], [ 720100.0, 6177900.0 ], [ 720100.0, 6177800.0 ], [ 720000.0, 6177800.0 ] ] ] } },
{ "type": "Feature", "properties": { "Shape_Area": 60000.0, "Shape_Leng": 1200.0, "cluster_id": "101_984", "fid_1": 984.0, "id_munic": 984.0, "munic_clus": "101_984", "munic_code": 101.0, "min": 3.2565813064575195, "max": 3.2565813064575195, "mean": 3.2565813064575195, "count": 6, "std": 0.0, "range": 0.0 }, "geometry": { "type": "Polygon", "coordinates": [ [ [ 719700.0, 6177200.0 ], [ 719700.0, 6177300.0 ], [ 719800.0, 6177300.0 ], [ 719900.0, 6177300.0 ], [ 720000.0, 6177300.0 ], [ 720000.0, 6177200.0 ], [ 719900.0, 6177200.0 ], [ 719900.0, 6177100.0 ], [ 719800.0, 6177100.0 ], [ 719700.0, 6177100.0 ], [ 719600.0, 6177100.0 ], [ 719600.0, 6177200.0 ], [ 719700.0, 6177200.0 ] ] ] } },
{ "type": "Feature", "properties": { "Shape_Area": 30000.0, "Shape_Leng": 800.0, "cluster_id": "101_985", "fid_1": 985.0, "id_munic": 985.0, "munic_clus": "101_985", "munic_code": 101.0, "min": 3.097135066986084, "max": 3.097135066986084, "mean": 3.0971349080403647, "count": 3, "std": 1.5894571925301193e-07, "range": 0.0 }, "geometry": { "type": "Polygon", "coordinates": [ [ [ 719200.0, 6178500.0 ], [ 719200.0, 6178600.0 ], [ 719200.0, 6178700.0 ], [ 719300.0, 6178700.0 ], [ 719300.0, 6178600.0 ], [ 719300.0, 6178500.0 ], [ 719300.0, 6178400.0 ], [ 719200.0, 6178400.0 ], [ 719200.0, 6178500.0 ] ] ] } },
{ "type": "Feature", "properties": { "Shape_Area": 20000.0, "Shape_Leng": 600.0, "cluster_id": "101_986", "fid_1": 986.0, "id_munic": 986.0, "munic_clus": "101_986", "munic_code": 101.0, "min": 2.8458847999572754, "max": 2.8458847999572754, "mean": 2.8458847999572754, "count": 2, "std": 0.0, "range": 0.0 }, "geometry": { "type": "Polygon", "coordinates": [ [ [ 719300.0, 6178700.0 ], [ 719300.0, 6178800.0 ], [ 719400.0, 6178800.0 ], [ 719400.0, 6178700.0 ], [ 719400.0, 6178600.0 ], [ 719300.0, 6178600.0 ], [ 719300.0, 6178700.0 ] ] ] } },
{ "type": "Feature", "properties": { "Shape_Area": 30000.0, "Shape_Leng": 800.0, "cluster_id": "101_987", "fid_1": 987.0, "id_munic": 987.0, "munic_clus": "101_987", "munic_code": 101.0, "min": 3.4468514919281006, "max": 3.4468514919281006, "mean": 3.4468514124552407, "count": 3, "std": 7.947285984855057e-08, "range": 0.0 }, "geometry": { "type": "Polygon", "coordinates": [ [ [ 719400.0, 6178700.0 ], [ 719400.0, 6178800.0 ], [ 719500.0, 6178800.0 ], [ 719600.0, 6178800.0 ], [ 719600.0, 6178700.0 ], [ 719500.0, 6178700.0 ], [ 719500.0, 6178600.0 ], [ 719400.0, 6178600.0 ], [ 719400.0, 6178700.0 ] ] ] } },
{ "type": "Feature", "properties": { "Shape_Area": 80000.0, "Shape_Leng": 1400.0, "cluster_id": "101_988", "fid_1": 988.0, "id_munic": 988.0, "munic_clus": "101_988", "munic_code": 101.0, "min": 4.3060650825500488, "max": 4.3060650825500488, "mean": 4.3060650825500488, "count": 8, "std": 0.0, "range": 0.0 }, "geometry": { "type": "Polygon", "coordinates": [ [ [ 719000.0, 6178300.0 ], [ 719000.0, 6178400.0 ], [ 718900.0, 6178400.0 ], [ 718900.0, 6178500.0 ], [ 718900.0, 6178600.0 ], [ 718900.0, 6178700.0 ], [ 719000.0, 6178700.0 ], [ 719100.0, 6178700.0 ], [ 719100.0, 6178600.0 ], [ 719200.0, 6178600.0 ], [ 719200.0, 6178500.0 ], [ 719100.0, 6178500.0 ], [ 719100.0, 6178400.0 ], [ 719100.0, 6178300.0 ], [ 719000.0, 6178300.0 ] ] ] } },
{ "type": "Feature", "properties": { "Shape_Area": 60000.0, "Shape_Leng": 1000.0, "cluster_id": "101_989", "fid_1": 989.0, "id_munic": 989.0, "munic_clus": "101_989", "munic_code": 101.0, "min": 3.4208600521087646, "max": 3.4208600521087646, "mean": 3.4208599726359048, "count": 6, "std": 7.947285984855057e-08, "range": 0.0 }, "geometry": { "type": "Polygon", "coordinates": [ [ [ 719300.0, 6178500.0 ], [ 719300.0, 6178600.0 ], [ 719400.0, 6178600.0 ], [ 719500.0, 6178600.0 ], [ 719500.0, 6178500.0 ], [ 719500.0, 6178400.0 ], [ 719500.0, 6178300.0 ], [ 719400.0, 6178300.0 ], [ 719300.0, 6178300.0 ], [ 719300.0, 6178400.0 ], [ 719300.0, 6178500.0 ] ] ] } },
{ "type": "Feature", "properties": { "Shape_Area": 100000.0, "Shape_Leng": 1600.0, "cluster_id": "101_990", "fid_1": 990.0, "id_munic": 990.0, "munic_clus": "101_990", "munic_code": 101.0, "min": 2.4811728000640869, "max": 2.4811728000640869, "mean": 2.4811729431152343, "count": 10, "std": 1.4305114737211966e-07, "range": 0.0 }, "geometry": { "type": "Polygon", "coordinates": [ [ [ 718700.0, 6178200.0 ], [ 718700.0, 6178300.0 ], [ 718600.0, 6178300.0 ], [ 718600.0, 6178400.0 ], [ 718600.0, 6178500.0 ], [ 718700.0, 6178500.0 ], [ 718700.0, 6178600.0 ], [ 718800.0, 6178600.0 ], [ 718900.0, 6178600.0 ], [ 718900.0, 6178500.0 ], [ 718900.0, 6178400.0 ], [ 719000.0, 6178400.0 ], [ 719000.0, 6178300.0 ], [ 718900.0, 6178300.0 ], [ 718800.0, 6178300.0 ], [ 718800.0, 6178200.0 ], [ 718700.0, 6178200.0 ] ] ] } },
{ "type": "Feature", "properties": { "Shape_Area": 40000.0, "Shape_Leng": 1000.0, "cluster_id": "101_991", "fid_1": 991.0, "id_munic": 991.0, "munic_clus": "101_991", "munic_code": 101.0, "min": 3.6339554786682129, "max": 3.6339554786682129, "mean": 3.6339554786682129, "count": 4, "std": 0.0, "range": 0.0 }, "geometry": { "type": "Polygon", "coordinates": [ [ [ 719000.0, 6178900.0 ], [ 719100.0, 6178900.0 ], [ 719100.0, 6179000.0 ], [ 719200.0, 6179000.0 ], [ 719200.0, 6178900.0 ], [ 719200.0, 6178800.0 ], [ 719100.0, 6178800.0 ], [ 719100.0, 6178700.0 ], [ 719000.0, 6178700.0 ], [ 719000.0, 6178800.0 ], [ 719000.0, 6178900.0 ] ] ] } },
{ "type": "Feature", "properties": { "Shape_Area": 30000.0, "Shape_Leng": 800.0, "cluster_id": "101_992", "fid_1": 992.0, "id_munic": 992.0, "munic_clus": "101_992", "munic_code": 101.0, "min": 3.1857719421386719, "max": 3.1857719421386719, "mean": 3.1857719421386719, "count": 3, "std": 0.0, "range": 0.0 }, "geometry": { "type": "Polygon", "coordinates": [ [ [ 719500.0, 6178400.0 ], [ 719500.0, 6178500.0 ], [ 719500.0, 6178600.0 ], [ 719600.0, 6178600.0 ], [ 719600.0, 6178500.0 ], [ 719600.0, 6178400.0 ], [ 719600.0, 6178300.0 ], [ 719500.0, 6178300.0 ], [ 719500.0, 6178400.0 ] ] ] } },
{ "type": "Feature", "properties": { "Shape_Area": 80000.0, "Shape_Leng": 1400.0, "cluster_id": "101_993", "fid_1": 993.0, "id_munic": 993.0, "munic_clus": "101_993", "munic_code": 101.0, "min": 2.8442184925079346, "max": 2.8442184925079346, "mean": 2.8442187309265137, "count": 8, "std": 2.384185791015625e-07, "range": 0.0 }, "geometry": { "type": "Polygon", "coordinates": [ [ [ 720000.0, 6177900.0 ], [ 719900.0, 6177900.0 ], [ 719800.0, 6177900.0 ], [ 719800.0, 6178000.0 ], [ 719700.0, 6178000.0 ], [ 719600.0, 6178000.0 ], [ 719600.0, 6178100.0 ], [ 719700.0, 6178100.0 ], [ 719700.0, 6178200.0 ], [ 719800.0, 6178200.0 ], [ 719900.0, 6178200.0 ], [ 719900.0, 6178100.0 ], [ 720000.0, 6178100.0 ], [ 720000.0, 6178000.0 ], [ 720000.0, 6177900.0 ] ] ] } },
{ "type": "Feature", "properties": { "Shape_Area": 100000.0, "Shape_Leng": 1600.0, "cluster_id": "101_994", "fid_1": 994.0, "id_munic": 994.0, "munic_clus": "101_994", "munic_code": 101.0, "min": 3.8847055435180664, "max": 3.8847055435180664, "mean": 3.8847053527832029, "count": 10, "std": 1.9073486345888568e-07, "range": 0.0 }, "geometry": { "type": "Polygon", "coordinates": [ [ [ 718600.0, 6178800.0 ], [ 718700.0, 6178800.0 ], [ 718700.0, 6178900.0 ], [ 718800.0, 6178900.0 ], [ 718900.0, 6178900.0 ], [ 718900.0, 6178800.0 ], [ 719000.0, 6178800.0 ], [ 719000.0, 6178700.0 ], [ 718900.0, 6178700.0 ], [ 718900.0, 6178600.0 ], [ 718800.0, 6178600.0 ], [ 718700.0, 6178600.0 ], [ 718700.0, 6178500.0 ], [ 718600.0, 6178500.0 ], [ 718600.0, 6178600.0 ], [ 718600.0, 6178700.0 ], [ 718600.0, 6178800.0 ] ] ] } },
{ "type": "Feature", "properties": { "Shape_Area": 40000.0, "Shape_Leng": 1000.0, "cluster_id": "101_995", "fid_1": 995.0, "id_munic": 995.0, "munic_clus": "101_995", "munic_code": 101.0, "min": 2.968177318572998, "max": 2.968177318572998, "mean": 2.968177318572998, "count": 4, "std": 0.0, "range": 0.0 }, "geometry": { "type": "Polygon", "coordinates": [ [ [ 719800.0, 6177000.0 ], [ 719800.0, 6176900.0 ], [ 719700.0, 6176900.0 ], [ 719600.0, 6176900.0 ], [ 719600.0, 6177000.0 ], [ 719500.0, 6177000.0 ], [ 719500.0, 6177100.0 ], [ 719600.0, 6177100.0 ], [ 719700.0, 6177100.0 ], [ 719700.0, 6177000.0 ], [ 719800.0, 6177000.0 ] ] ] } },
{ "type": "Feature", "properties": { "Shape_Area": 20000.0, "Shape_Leng": 600.0, "cluster_id": "101_996", "fid_1": 996.0, "id_munic": 996.0, "munic_clus": "101_996", "munic_code": 101.0, "min": 2.8472180366516113, "max": 2.8472180366516113, "mean": 2.8472180366516113, "count": 2, "std": 0.0, "range": 0.0 }, "geometry": { "type": "Polygon", "coordinates": [ [ [ 722800.0, 6175000.0 ], [ 722800.0, 6175100.0 ], [ 722900.0, 6175100.0 ], [ 722900.0, 6175000.0 ], [ 722900.0, 6174900.0 ], [ 722800.0, 6174900.0 ], [ 722800.0, 6175000.0 ] ] ] } },
{ "type": "Feature", "properties": { "Shape_Area": 100000.0, "Shape_Leng": 1400.0, "cluster_id": "101_997", "fid_1": 997.0, "id_munic": 997.0, "munic_clus": "101_997", "munic_code": 101.0, "min": 2.0508167743682861, "max": 2.0508167743682861, "mean": 2.0508169174194335, "count": 10, "std": 1.4305114737211966e-07, "range": 0.0 }, "geometry": { "type": "Polygon", "coordinates": [ [ [ 719100.0, 6173100.0 ], [ 719100.0, 6173200.0 ], [ 719100.0, 6173300.0 ], [ 719200.0, 6173300.0 ], [ 719300.0, 6173300.0 ], [ 719300.0, 6173200.0 ], [ 719400.0, 6173200.0 ], [ 719400.0, 6173100.0 ], [ 719400.0, 6173000.0 ], [ 719400.0, 6172900.0 ], [ 719300.0, 6172900.0 ], [ 719200.0, 6172900.0 ], [ 719200.0, 6173000.0 ], [ 719100.0, 6173000.0 ], [ 719100.0, 6173100.0 ] ] ] } },
{ "type": "Feature", "properties": { "Shape_Area": 100000.0, "Shape_Leng": 1600.0, "cluster_id": "101_998", "fid_1": 998.0, "id_munic": 998.0, "munic_clus": "101_998", "munic_code": 101.0, "min": 2.8827061653137207, "max": 2.8827061653137207, "mean": 2.882706069946289, "count": 10, "std": 9.5367431729442855e-08, "range": 0.0 }, "geometry": { "type": "Polygon", "coordinates": [ [ [ 719800.0, 6174800.0 ], [ 719700.0, 6174800.0 ], [ 719600.0, 6174800.0 ], [ 719600.0, 6174900.0 ], [ 719600.0, 6175000.0 ], [ 719600.0, 6175100.0 ], [ 719600.0, 6175200.0 ], [ 719700.0, 6175200.0 ], [ 719800.0, 6175200.0 ], [ 719800.0, 6175100.0 ], [ 719800.0, 6175000.0 ], [ 719800.0, 6174900.0 ], [ 719900.0, 6174900.0 ], [ 719900.0, 6174800.0 ], [ 719900.0, 6174700.0 ], [ 719800.0, 6174700.0 ], [ 719800.0, 6174800.0 ] ] ] } },
{ "type": "Feature", "properties": { "Shape_Area": 50000.0, "Shape_Leng": 1000.0, "cluster_id": "101_1000", "fid_1": 1000.0, "id_munic": 1000.0, "munic_clus": "101_1000", "munic_code": 101.0, "min": 3.3705430030822754, "max": 3.3705430030822754, "mean": 3.3705429077148437, "count": 5, "std": 9.5367431729442842e-08, "range": 0.0 }, "geometry": { "type": "Polygon", "coordinates": [ [ [ 719000.0, 6173200.0 ], [ 718900.0, 6173200.0 ], [ 718900.0, 6173300.0 ], [ 718900.0, 6173400.0 ], [ 719000.0, 6173400.0 ], [ 719100.0, 6173400.0 ], [ 719100.0, 6173300.0 ], [ 719100.0, 6173200.0 ], [ 719100.0, 6173100.0 ], [ 719000.0, 6173100.0 ], [ 719000.0, 6173200.0 ] ] ] } },
{ "type": "Feature", "properties": { "Shape_Area": 80000.0, "Shape_Leng": 1200.0, "cluster_id": "101_1001", "fid_1": 1001.0, "id_munic": 1001.0, "munic_clus": "101_1001", "munic_code": 101.0, "min": 3.6646120548248291, "max": 3.6646120548248291, "mean": 3.6646120548248291, "count": 8, "std": 0.0, "range": 0.0 }, "geometry": { "type": "Polygon", "coordinates": [ [ [ 726000.0, 6173200.0 ], [ 725900.0, 6173200.0 ], [ 725800.0, 6173200.0 ], [ 725800.0, 6173300.0 ], [ 725800.0, 6173400.0 ], [ 725800.0, 6173500.0 ], [ 725900.0, 6173500.0 ], [ 726000.0, 6173500.0 ], [ 726000.0, 6173400.0 ], [ 726100.0, 6173400.0 ], [ 726100.0, 6173300.0 ], [ 726100.0, 6173200.0 ], [ 726000.0, 6173200.0 ] ] ] } },
{ "type": "Feature", "properties": { "Shape_Area": 50000.0, "Shape_Leng": 1000.0, "cluster_id": "101_1002", "fid_1": 1002.0, "id_munic": 1002.0, "munic_clus": "101_1002", "munic_code": 101.0, "min": 3.2609133720397949, "max": 3.2609133720397949, "mean": 3.2609134674072267, "count": 5, "std": 9.5367431729442842e-08, "range": 0.0 }, "geometry": { "type": "Polygon", "coordinates": [ [ [ 720400.0, 6177700.0 ], [ 720300.0, 6177700.0 ], [ 720200.0, 6177700.0 ], [ 720100.0, 6177700.0 ], [ 720100.0, 6177800.0 ], [ 720200.0, 6177800.0 ], [ 720200.0, 6177900.0 ], [ 720300.0, 6177900.0 ], [ 720400.0, 6177900.0 ], [ 720400.0, 6177800.0 ], [ 720400.0, 6177700.0 ] ] ] } },
{ "type": "Feature", "properties": { "Shape_Area": 190000.0, "Shape_Leng": 2600.0, "cluster_id": "101_1003", "fid_1": 1003.0, "id_munic": 1003.0, "munic_clus": "101_1003", "munic_code": 101.0, "min": 4.3120632171630859, "max": 4.3120632171630859, "mean": 4.3120631167763159, "count": 19, "std": 1.0038677000778762e-07, "range": 0.0 }, "geometry": { "type": "Polygon", "coordinates": [ [ [ 718700.0, 6179200.0 ], [ 718600.0, 6179200.0 ], [ 718600.0, 6179300.0 ], [ 718500.0, 6179300.0 ], [ 718400.0, 6179300.0 ], [ 718400.0, 6179400.0 ], [ 718300.0, 6179400.0 ], [ 718200.0, 6179400.0 ], [ 718200.0, 6179500.0 ], [ 718300.0, 6179500.0 ], [ 718300.0, 6179600.0 ], [ 718400.0, 6179600.0 ], [ 718500.0, 6179600.0 ], [ 718500.0, 6179500.0 ], [ 718600.0, 6179500.0 ], [ 718700.0, 6179500.0 ], [ 718700.0, 6179400.0 ], [ 718800.0, 6179400.0 ], [ 718900.0, 6179400.0 ], [ 718900.0, 6179300.0 ], [ 719000.0, 6179300.0 ], [ 719000.0, 6179200.0 ], [ 719000.0, 6179100.0 ], [ 718900.0, 6179100.0 ], [ 718800.0, 6179100.0 ], [ 718700.0, 6179100.0 ], [ 718700.0, 6179200.0 ] ] ] } },
{ "type": "Feature", "properties": { "Shape_Area": 40000.0, "Shape_Leng": 1000.0, "cluster_id": "101_1004", "fid_1": 1004.0, "id_munic": 1004.0, "munic_clus": "101_1004", "munic_code": 101.0, "min": 2.7845718860626221, "max": 2.7845718860626221, "mean": 2.7845718860626221, "count": 4, "std": 0.0, "range": 0.0 }, "geometry": { "type": "Polygon", "coordinates": [ [ [ 722800.0, 6175100.0 ], [ 722700.0, 6175100.0 ], [ 722700.0, 6175200.0 ], [ 722800.0, 6175200.0 ], [ 722900.0, 6175200.0 ], [ 723000.0, 6175200.0 ], [ 723000.0, 6175100.0 ], [ 723000.0, 6175000.0 ], [ 722900.0, 6175000.0 ], [ 722900.0, 6175100.0 ], [ 722800.0, 6175100.0 ] ] ] } },
{ "type": "Feature", "properties": { "Shape_Area": 30000.0, "Shape_Leng": 800.0, "cluster_id": "101_1005", "fid_1": 1005.0, "id_munic": 1005.0, "munic_clus": "101_1005", "munic_code": 101.0, "min": 3.1357886791229248, "max": 3.1357886791229248, "mean": 3.135788599650065, "count": 3, "std": 7.947285984855057e-08, "range": 0.0 }, "geometry": { "type": "Polygon", "coordinates": [ [ [ 722800.0, 6176900.0 ], [ 722900.0, 6176900.0 ], [ 722900.0, 6177000.0 ], [ 723000.0, 6177000.0 ], [ 723000.0, 6176900.0 ], [ 723000.0, 6176800.0 ], [ 722900.0, 6176800.0 ], [ 722800.0, 6176800.0 ], [ 722800.0, 6176900.0 ] ] ] } },
{ "type": "Feature", "properties": { "Shape_Area": 40000.0, "Shape_Leng": 1000.0, "cluster_id": "101_1006", "fid_1": 1006.0, "id_munic": 1006.0, "munic_clus": "101_1006", "munic_code": 101.0, "min": 2.8798730373382568, "max": 2.8798730373382568, "mean": 2.8798730373382568, "count": 4, "std": 0.0, "range": 0.0 }, "geometry": { "type": "Polygon", "coordinates": [ [ [ 720600.0, 6174900.0 ], [ 720700.0, 6174900.0 ], [ 720800.0, 6174900.0 ], [ 720900.0, 6174900.0 ], [ 720900.0, 6174800.0 ], [ 720800.0, 6174800.0 ], [ 720700.0, 6174800.0 ], [ 720600.0, 6174800.0 ], [ 720500.0, 6174800.0 ], [ 720500.0, 6174900.0 ], [ 720600.0, 6174900.0 ] ] ] } },
{ "type": "Feature", "properties": { "Shape_Area": 140000.0, "Shape_Leng": 1600.0, "cluster_id": "101_1007", "fid_1": 1007.0, "id_munic": 1007.0, "munic_clus": "101_1007", "munic_code": 101.0, "min": 3.5026659965515137, "max": 3.5026659965515137, "mean": 3.5026659284319197, "count": 14, "std": 6.8119593965576541e-08, "range": 0.0 }, "geometry": { "type": "Polygon", "coordinates": [ [ [ 727000.0, 6172300.0 ], [ 727100.0, 6172300.0 ], [ 727200.0, 6172300.0 ], [ 727300.0, 6172300.0 ], [ 727400.0, 6172300.0 ], [ 727400.0, 6172200.0 ], [ 727400.0, 6172100.0 ], [ 727300.0, 6172100.0 ], [ 727300.0, 6172000.0 ], [ 727300.0, 6171900.0 ], [ 727200.0, 6171900.0 ], [ 727100.0, 6171900.0 ], [ 727000.0, 6171900.0 ], [ 727000.0, 6172000.0 ], [ 727000.0, 6172100.0 ], [ 727000.0, 6172200.0 ], [ 727000.0, 6172300.0 ] ] ] } },
{ "type": "Feature", "properties": { "Shape_Area": 20000.0, "Shape_Leng": 600.0, "cluster_id": "101_1008", "fid_1": 1008.0, "id_munic": 1008.0, "munic_clus": "101_1008", "munic_code": 101.0, "min": 2.9285242557525635, "max": 2.9285242557525635, "mean": 2.9285242557525635, "count": 2, "std": 0.0, "range": 0.0 }, "geometry": { "type": "Polygon", "coordinates": [ [ [ 722800.0, 6175300.0 ], [ 722900.0, 6175300.0 ], [ 723000.0, 6175300.0 ], [ 723000.0, 6175200.0 ], [ 722900.0, 6175200.0 ], [ 722800.0, 6175200.0 ], [ 722800.0, 6175300.0 ] ] ] } },
{ "type": "Feature", "properties": { "Shape_Area": 90000.0, "Shape_Leng": 1200.0, "cluster_id": "101_1009", "fid_1": 1009.0, "id_munic": 1009.0, "munic_clus": "101_1009", "munic_code": 101.0, "min": 3.2067649364471436, "max": 3.2067649364471436, "mean": 3.2067648569742837, "count": 9, "std": 7.947285984855057e-08, "range": 0.0 }, "geometry": { "type": "Polygon", "coordinates": [ [ [ 725100.0, 6177900.0 ], [ 725200.0, 6177900.0 ], [ 725200.0, 6177800.0 ], [ 725200.0, 6177700.0 ], [ 725200.0, 6177600.0 ], [ 725100.0, 6177600.0 ], [ 725000.0, 6177600.0 ], [ 724900.0, 6177600.0 ], [ 724900.0, 6177700.0 ], [ 724900.0, 6177800.0 ], [ 724900.0, 6177900.0 ], [ 725000.0, 6177900.0 ], [ 725100.0, 6177900.0 ] ] ] } },
{ "type": "Feature", "properties": { "Shape_Area": 100000.0, "Shape_Leng": 1400.0, "cluster_id": "101_1010", "fid_1": 1010.0, "id_munic": 1010.0, "munic_clus": "101_1010", "munic_code": 101.0, "min": 4.2754087448120117, "max": 4.2754087448120117, "mean": 4.2754089355468752, "count": 10, "std": 1.9073486345888571e-07, "range": 0.0 }, "geometry": { "type": "Polygon", "coordinates": [ [ [ 727400.0, 6173900.0 ], [ 727400.0, 6174000.0 ], [ 727400.0, 6174100.0 ], [ 727500.0, 6174100.0 ], [ 727600.0, 6174100.0 ], [ 727700.0, 6174100.0 ], [ 727700.0, 6174000.0 ], [ 727700.0, 6173900.0 ], [ 727800.0, 6173900.0 ], [ 727800.0, 6173800.0 ], [ 727700.0, 6173800.0 ], [ 727600.0, 6173800.0 ], [ 727500.0, 6173800.0 ], [ 727400.0, 6173800.0 ], [ 727400.0, 6173900.0 ] ] ] } },
{ "type": "Feature", "properties": { "Shape_Area": 70000.0, "Shape_Leng": 1200.0, "cluster_id": "101_1013", "fid_1": 1013.0, "id_munic": 1013.0, "munic_clus": "101_1013", "munic_code": 101.0, "min": 3.2212600708007812, "max": 3.2212600708007812, "mean": 3.2212600708007812, "count": 7, "std": 0.0, "range": 0.0 }, "geometry": { "type": "Polygon", "coordinates": [ [ [ 727100.0, 6173500.0 ], [ 727000.0, 6173500.0 ], [ 726900.0, 6173500.0 ], [ 726800.0, 6173500.0 ], [ 726800.0, 6173600.0 ], [ 726700.0, 6173600.0 ], [ 726700.0, 6173700.0 ], [ 726800.0, 6173700.0 ], [ 726900.0, 6173700.0 ], [ 727000.0, 6173700.0 ], [ 727100.0, 6173700.0 ], [ 727100.0, 6173600.0 ], [ 727100.0, 6173500.0 ] ] ] } },
{ "type": "Feature", "properties": { "Shape_Area": 90000.0, "Shape_Leng": 1200.0, "cluster_id": "101_1014", "fid_1": 1014.0, "id_munic": 1014.0, "munic_clus": "101_1014", "munic_code": 101.0, "min": 3.1421194076538086, "max": 3.1421194076538086, "mean": 3.1421195136176214, "count": 9, "std": 1.0596381283534129e-07, "range": 0.0 }, "geometry": { "type": "Polygon", "coordinates": [ [ [ 726500.0, 6173500.0 ], [ 726400.0, 6173500.0 ], [ 726300.0, 6173500.0 ], [ 726200.0, 6173500.0 ], [ 726200.0, 6173600.0 ], [ 726200.0, 6173700.0 ], [ 726200.0, 6173800.0 ], [ 726300.0, 6173800.0 ], [ 726400.0, 6173800.0 ], [ 726500.0, 6173800.0 ], [ 726500.0, 6173700.0 ], [ 726500.0, 6173600.0 ], [ 726500.0, 6173500.0 ] ] ] } },
{ "type": "Feature", "properties": { "Shape_Area": 40000.0, "Shape_Leng": 800.0, "cluster_id": "101_1015", "fid_1": 1015.0, "id_munic": 1015.0, "munic_clus": "101_1015", "munic_code": 101.0, "min": 3.9188604354858398, "max": 3.9188604354858398, "mean": 3.9188604354858398, "count": 4, "std": 0.0, "range": 0.0 }, "geometry": { "type": "Polygon", "coordinates": [ [ [ 726000.0, 6176100.0 ], [ 726000.0, 6176000.0 ], [ 726000.0, 6175900.0 ], [ 725900.0, 6175900.0 ], [ 725800.0, 6175900.0 ], [ 725800.0, 6176000.0 ], [ 725800.0, 6176100.0 ], [ 725900.0, 6176100.0 ], [ 726000.0, 6176100.0 ] ] ] } },
{ "type": "Feature", "properties": { "Shape_Area": 60000.0, "Shape_Leng": 1000.0, "cluster_id": "101_1016", "fid_1": 1016.0, "id_munic": 1016.0, "munic_clus": "101_1016", "munic_code": 101.0, "min": 3.5243256092071533, "max": 3.5243256092071533, "mean": 3.5243256886800132, "count": 6, "std": 7.947285984855057e-08, "range": 0.0 }, "geometry": { "type": "Polygon", "coordinates": [ [ [ 726800.0, 6174900.0 ], [ 726800.0, 6175000.0 ], [ 726900.0, 6175000.0 ], [ 727000.0, 6175000.0 ], [ 727100.0, 6175000.0 ], [ 727100.0, 6174900.0 ], [ 727100.0, 6174800.0 ], [ 727000.0, 6174800.0 ], [ 726900.0, 6174800.0 ], [ 726800.0, 6174800.0 ], [ 726800.0, 6174900.0 ] ] ] } },
{ "type": "Feature", "properties": { "Shape_Area": 300000.0, "Shape_Leng": 2600.0, "cluster_id": "101_1017", "fid_1": 1017.0, "id_munic": 1017.0, "munic_clus": "101_1017", "munic_code": 101.0, "min": 4.3915367126464844, "max": 4.3915367126464844, "mean": 4.3915364583333334, "count": 30, "std": 2.5431315098245477e-07, "range": 0.0 }, "geometry": { "type": "Polygon", "coordinates": [ [ [ 721100.0, 6178200.0 ], [ 721000.0, 6178200.0 ], [ 720900.0, 6178200.0 ], [ 720800.0, 6178200.0 ], [ 720700.0, 6178200.0 ], [ 720700.0, 6178300.0 ], [ 720600.0, 6178300.0 ], [ 720600.0, 6178400.0 ], [ 720600.0, 6178500.0 ], [ 720700.0, 6178500.0 ], [ 720700.0, 6178600.0 ], [ 720700.0, 6178700.0 ], [ 720700.0, 6178800.0 ], [ 720700.0, 6178900.0 ], [ 720800.0, 6178900.0 ], [ 720800.0, 6179000.0 ], [ 720900.0, 6179000.0 ], [ 721000.0, 6179000.0 ], [ 721000.0, 6178900.0 ], [ 721000.0, 6178800.0 ], [ 721000.0, 6178700.0 ], [ 721100.0, 6178700.0 ], [ 721100.0, 6178600.0 ], [ 721100.0, 6178500.0 ], [ 721100.0, 6178400.0 ], [ 721100.0, 6178300.0 ], [ 721100.0, 6178200.0 ] ] ] } },
{ "type": "Feature", "properties": { "Shape_Area": 50000.0, "Shape_Leng": 1000.0, "cluster_id": "101_1018", "fid_1": 1018.0, "id_munic": 1018.0, "munic_clus": "101_1018", "munic_code": 101.0, "min": 4.2687439918518066, "max": 4.2687439918518066, "mean": 4.2687438964843754, "count": 5, "std": 9.5367431285353632e-08, "range": 0.0 }, "geometry": { "type": "Polygon", "coordinates": [ [ [ 722700.0, 6178600.0 ], [ 722600.0, 6178600.0 ], [ 722500.0, 6178600.0 ], [ 722500.0, 6178700.0 ], [ 722500.0, 6178800.0 ], [ 722500.0, 6178900.0 ], [ 722600.0, 6178900.0 ], [ 722600.0, 6178800.0 ], [ 722700.0, 6178800.0 ], [ 722700.0, 6178700.0 ], [ 722700.0, 6178600.0 ] ] ] } },
{ "type": "Feature", "properties": { "Shape_Area": 130000.0, "Shape_Leng": 1600.0, "cluster_id": "101_1019", "fid_1": 1019.0, "id_munic": 1019.0, "munic_clus": "101_1019", "munic_code": 101.0, "min": 3.1334559917449951, "max": 3.1334559917449951, "mean": 3.1334560100848856, "count": 13, "std": 1.8339890495155942e-08, "range": 0.0 }, "geometry": { "type": "Polygon", "coordinates": [ [ [ 723600.0, 6176400.0 ], [ 723700.0, 6176400.0 ], [ 723800.0, 6176400.0 ], [ 723900.0, 6176400.0 ], [ 723900.0, 6176300.0 ], [ 724000.0, 6176300.0 ], [ 724000.0, 6176200.0 ], [ 724000.0, 6176100.0 ], [ 723900.0, 6176100.0 ], [ 723800.0, 6176100.0 ], [ 723800.0, 6176000.0 ], [ 723700.0, 6176000.0 ], [ 723600.0, 6176000.0 ], [ 723600.0, 6176100.0 ], [ 723600.0, 6176200.0 ], [ 723600.0, 6176300.0 ], [ 723600.0, 6176400.0 ] ] ] } },
{ "type": "Feature", "properties": { "Shape_Area": 40000.0, "Shape_Leng": 800.0, "cluster_id": "101_1020", "fid_1": 1020.0, "id_munic": 1020.0, "munic_clus": "101_1020", "munic_code": 101.0, "min": 3.575474739074707, "max": 3.575474739074707, "mean": 3.575474739074707, "count": 4, "std": 0.0, "range": 0.0 }, "geometry": { "type": "Polygon", "coordinates": [ [ [ 726900.0, 6174200.0 ], [ 726800.0, 6174200.0 ], [ 726700.0, 6174200.0 ], [ 726700.0, 6174300.0 ], [ 726700.0, 6174400.0 ], [ 726800.0, 6174400.0 ], [ 726900.0, 6174400.0 ], [ 726900.0, 6174300.0 ], [ 726900.0, 6174200.0 ] ] ] } },
{ "type": "Feature", "properties": { "Shape_Area": 70000.0, "Shape_Leng": 1200.0, "cluster_id": "101_1021", "fid_1": 1021.0, "id_munic": 1021.0, "munic_clus": "101_1021", "munic_code": 101.0, "min": 2.6796069145202637, "max": 2.6796069145202637, "mean": 2.6796068464006697, "count": 7, "std": 6.8119593965576541e-08, "range": 0.0 }, "geometry": { "type": "Polygon", "coordinates": [ [ [ 724800.0, 6176400.0 ], [ 724800.0, 6176500.0 ], [ 724900.0, 6176500.0 ], [ 724900.0, 6176600.0 ], [ 725000.0, 6176600.0 ], [ 725100.0, 6176600.0 ], [ 725100.0, 6176500.0 ], [ 725100.0, 6176400.0 ], [ 725000.0, 6176400.0 ], [ 725000.0, 6176300.0 ], [ 724900.0, 6176300.0 ], [ 724800.0, 6176300.0 ], [ 724800.0, 6176400.0 ] ] ] } },
{ "type": "Feature", "properties": { "Shape_Area": 190000.0, "Shape_Leng": 2200.0, "cluster_id": "101_1022", "fid_1": 1022.0, "id_munic": 1022.0, "munic_clus": "101_1022", "munic_code": 101.0, "min": 2.8468847274780273, "max": 2.8468847274780273, "mean": 2.8468848780581824, "count": 19, "std": 1.5058015501168145e-07, "range": 0.0 }, "geometry": { "type": "Polygon", "coordinates": [ [ [ 725200.0, 6176600.0 ], [ 725100.0, 6176600.0 ], [ 725000.0, 6176600.0 ], [ 724900.0, 6176600.0 ], [ 724900.0, 6176700.0 ], [ 724800.0, 6176700.0 ], [ 724700.0, 6176700.0 ], [ 724700.0, 6176800.0 ], [ 724700.0, 6176900.0 ], [ 724800.0, 6176900.0 ], [ 724800.0, 6177000.0 ], [ 724900.0, 6177000.0 ], [ 724900.0, 6177100.0 ], [ 725000.0, 6177100.0 ], [ 725000.0, 6177000.0 ], [ 725100.0, 6177000.0 ], [ 725200.0, 6177000.0 ], [ 725300.0, 6177000.0 ], [ 725300.0, 6176900.0 ], [ 725200.0, 6176900.0 ], [ 725200.0, 6176800.0 ], [ 725200.0, 6176700.0 ], [ 725200.0, 6176600.0 ] ] ] } },
{ "type": "Feature", "properties": { "Shape_Area": 50000.0, "Shape_Leng": 1000.0, "cluster_id": "101_1023", "fid_1": 1023.0, "id_munic": 1023.0, "munic_clus": "101_1023", "munic_code": 101.0, "min": 2.8027327060699463, "max": 2.8027327060699463, "mean": 2.8027326583862306, "count": 5, "std": 4.7683715642676816e-08, "range": 0.0 }, "geometry": { "type": "Polygon", "coordinates": [ [ [ 719000.0, 6176100.0 ], [ 719100.0, 6176100.0 ], [ 719100.0, 6176000.0 ], [ 719000.0, 6176000.0 ], [ 719000.0, 6175900.0 ], [ 718900.0, 6175900.0 ], [ 718800.0, 6175900.0 ], [ 718800.0, 6176000.0 ], [ 718800.0, 6176100.0 ], [ 718900.0, 6176100.0 ], [ 719000.0, 6176100.0 ] ] ] } },
{ "type": "Feature", "properties": { "Shape_Area": 40000.0, "Shape_Leng": 800.0, "cluster_id": "101_1024", "fid_1": 1024.0, "id_munic": 1024.0, "munic_clus": "101_1024", "munic_code": 101.0, "min": 3.6804397106170654, "max": 3.6804397106170654, "mean": 3.6804397106170654, "count": 4, "std": 0.0, "range": 0.0 }, "geometry": { "type": "Polygon", "coordinates": [ [ [ 719700.0, 6177400.0 ], [ 719700.0, 6177500.0 ], [ 719800.0, 6177500.0 ], [ 719900.0, 6177500.0 ], [ 719900.0, 6177400.0 ], [ 719900.0, 6177300.0 ], [ 719800.0, 6177300.0 ], [ 719700.0, 6177300.0 ], [ 719700.0, 6177400.0 ] ] ] } },
{ "type": "Feature", "properties": { "Shape_Area": 50000.0, "Shape_Leng": 1000.0, "cluster_id": "101_1025", "fid_1": 1025.0, "id_munic": 1025.0, "munic_clus": "101_1025", "munic_code": 101.0, "min": 3.6008005142211914, "max": 3.6008005142211914, "mean": 3.6008003234863279, "count": 5, "std": 1.9073486345888568e-07, "range": 0.0 }, "geometry": { "type": "Polygon", "coordinates": [ [ [ 724700.0, 6180700.0 ], [ 724700.0, 6180800.0 ], [ 724800.0, 6180800.0 ], [ 724900.0, 6180800.0 ], [ 725000.0, 6180800.0 ], [ 725000.0, 6180700.0 ], [ 724900.0, 6180700.0 ], [ 724900.0, 6180600.0 ], [ 724800.0, 6180600.0 ], [ 724700.0, 6180600.0 ], [ 724700.0, 6180700.0 ] ] ] } },
{ "type": "Feature", "properties": { "Shape_Area": 100000.0, "Shape_Leng": 1600.0, "cluster_id": "101_1026", "fid_1": 1026.0, "id_munic": 1026.0, "munic_clus": "101_1026", "munic_code": 101.0, "min": 3.8990335464477539, "max": 3.8990335464477539, "mean": 3.8990333557128904, "count": 10, "std": 1.9073486345888568e-07, "range": 0.0 }, "geometry": { "type": "Polygon", "coordinates": [ [ [ 718600.0, 6179600.0 ], [ 718600.0, 6179500.0 ], [ 718500.0, 6179500.0 ], [ 718500.0, 6179600.0 ], [ 718400.0, 6179600.0 ], [ 718300.0, 6179600.0 ], [ 718300.0, 6179700.0 ], [ 718300.0, 6179800.0 ], [ 718400.0, 6179800.0 ], [ 718400.0, 6179900.0 ], [ 718500.0, 6179900.0 ], [ 718600.0, 6179900.0 ], [ 718600.0, 6179800.0 ], [ 718700.0, 6179800.0 ], [ 718700.0, 6179700.0 ], [ 718600.0, 6179700.0 ], [ 718600.0, 6179600.0 ] ] ] } },
{ "type": "Feature", "properties": { "Shape_Area": 60000.0, "Shape_Leng": 1200.0, "cluster_id": "101_1027", "fid_1": 1027.0, "id_munic": 1027.0, "munic_clus": "101_1027", "munic_code": 101.0, "min": 2.5256578922271729, "max": 2.5256578922271729, "mean": 2.5256579717000327, "count": 6, "std": 7.947285984855057e-08, "range": 0.0 }, "geometry": { "type": "Polygon", "coordinates": [ [ [ 720300.0, 6179400.0 ], [ 720300.0, 6179500.0 ], [ 720400.0, 6179500.0 ], [ 720400.0, 6179600.0 ], [ 720500.0, 6179600.0 ], [ 720500.0, 6179500.0 ], [ 720600.0, 6179500.0 ], [ 720600.0, 6179400.0 ], [ 720500.0, 6179400.0 ], [ 720500.0, 6179300.0 ], [ 720400.0, 6179300.0 ], [ 720300.0, 6179300.0 ], [ 720300.0, 6179400.0 ] ] ] } },
{ "type": "Feature", "properties": { "Shape_Area": 50000.0, "Shape_Leng": 1000.0, "cluster_id": "101_1028", "fid_1": 1028.0, "id_munic": 1028.0, "munic_clus": "101_1028", "munic_code": 101.0, "min": 4.6764421463012695, "max": 4.6764421463012695, "mean": 4.6764419555664061, "count": 5, "std": 1.9073486345888568e-07, "range": 0.0 }, "geometry": { "type": "Polygon", "coordinates": [ [ [ 719500.0, 6173400.0 ], [ 719600.0, 6173400.0 ], [ 719600.0, 6173300.0 ], [ 719500.0, 6173300.0 ], [ 719500.0, 6173200.0 ], [ 719400.0, 6173200.0 ], [ 719300.0, 6173200.0 ], [ 719300.0, 6173300.0 ], [ 719300.0, 6173400.0 ], [ 719400.0, 6173400.0 ], [ 719500.0, 6173400.0 ] ] ] } },
{ "type": "Feature", "properties": { "Shape_Area": 70000.0, "Shape_Leng": 1200.0, "cluster_id": "101_1029", "fid_1": 1029.0, "id_munic": 1029.0, "munic_clus": "101_1029", "munic_code": 101.0, "min": 3.038820743560791, "max": 3.038820743560791, "mean": 3.038820811680385, "count": 7, "std": 6.8119593965576541e-08, "range": 0.0 }, "geometry": { "type": "Polygon", "coordinates": [ [ [ 726500.0, 6174400.0 ], [ 726500.0, 6174500.0 ], [ 726500.0, 6174600.0 ], [ 726600.0, 6174600.0 ], [ 726700.0, 6174600.0 ], [ 726700.0, 6174500.0 ], [ 726800.0, 6174500.0 ], [ 726800.0, 6174400.0 ], [ 726700.0, 6174400.0 ], [ 726700.0, 6174300.0 ], [ 726600.0, 6174300.0 ], [ 726500.0, 6174300.0 ], [ 726500.0, 6174400.0 ] ] ] } },
{ "type": "Feature", "properties": { "Shape_Area": 190000.0, "Shape_Leng": 2000.0, "cluster_id": "101_1030", "fid_1": 1030.0, "id_munic": 1030.0, "munic_clus": "101_1030", "munic_code": 101.0, "min": 2.7184269428253174, "max": 2.7184269428253174, "mean": 2.7184269553736637, "count": 19, "std": 1.2548346361995755e-08, "range": 0.0 }, "geometry": { "type": "Polygon", "coordinates": [ [ [ 720600.0, 6180000.0 ], [ 720600.0, 6180100.0 ], [ 720600.0, 6180200.0 ], [ 720700.0, 6180200.0 ], [ 720800.0, 6180200.0 ], [ 720900.0, 6180200.0 ], [ 721000.0, 6180200.0 ], [ 721100.0, 6180200.0 ], [ 721100.0, 6180100.0 ], [ 721100.0, 6180000.0 ], [ 721000.0, 6180000.0 ], [ 721000.0, 6179900.0 ], [ 721000.0, 6179800.0 ], [ 720900.0, 6179800.0 ], [ 720900.0, 6179700.0 ], [ 720800.0, 6179700.0 ], [ 720800.0, 6179800.0 ], [ 720700.0, 6179800.0 ], [ 720600.0, 6179800.0 ], [ 720600.0, 6179900.0 ], [ 720600.0, 6180000.0 ] ] ] } },
{ "type": "Feature", "properties": { "Shape_Area": 40000.0, "Shape_Leng": 800.0, "cluster_id": "101_1031", "fid_1": 1031.0, "id_munic": 1031.0, "munic_clus": "101_1031", "munic_code": 101.0, "min": 3.2912368774414062, "max": 3.2912368774414062, "mean": 3.2912368774414062, "count": 4, "std": 0.0, "range": 0.0 }, "geometry": { "type": "Polygon", "coordinates": [ [ [ 725700.0, 6178200.0 ], [ 725700.0, 6178100.0 ], [ 725700.0, 6178000.0 ], [ 725600.0, 6178000.0 ], [ 725500.0, 6178000.0 ], [ 725500.0, 6178100.0 ], [ 725500.0, 6178200.0 ], [ 725600.0, 6178200.0 ], [ 725700.0, 6178200.0 ] ] ] } },
{ "type": "Feature", "properties": { "Shape_Area": 70000.0, "Shape_Leng": 1200.0, "cluster_id": "101_1032", "fid_1": 1032.0, "id_munic": 1032.0, "munic_clus": "101_1032", "munic_code": 101.0, "min": 3.1746087074279785, "max": 3.1746087074279785, "mean": 3.1746087755475725, "count": 7, "std": 6.8119593965576541e-08, "range": 0.0 }, "geometry": { "type": "Polygon", "coordinates": [ [ [ 721400.0, 6173800.0 ], [ 721400.0, 6173900.0 ], [ 721500.0, 6173900.0 ], [ 721500.0, 6173800.0 ], [ 721600.0, 6173800.0 ], [ 721600.0, 6173700.0 ], [ 721600.0, 6173600.0 ], [ 721600.0, 6173500.0 ], [ 721500.0, 6173500.0 ], [ 721400.0, 6173500.0 ], [ 721400.0, 6173600.0 ], [ 721400.0, 6173700.0 ], [ 721400.0, 6173800.0 ] ] ] } },
{ "type": "Feature", "properties": { "Shape_Area": 170000.0, "Shape_Leng": 2400.0, "cluster_id": "101_1033", "fid_1": 1033.0, "id_munic": 1033.0, "munic_clus": "101_1033", "munic_code": 101.0, "min": 4.3240599632263184, "max": 4.3240599632263184, "mean": 4.3240598790785842, "count": 17, "std": 8.4147734114026207e-08, "range": 0.0 }, "geometry": { "type": "Polygon", "coordinates": [ [ [ 724200.0, 6176900.0 ], [ 724100.0, 6176900.0 ], [ 724000.0, 6176900.0 ], [ 724000.0, 6177000.0 ], [ 723900.0, 6177000.0 ], [ 723900.0, 6177100.0 ], [ 724000.0, 6177100.0 ], [ 724000.0, 6177200.0 ], [ 724100.0, 6177200.0 ], [ 724100.0, 6177300.0 ], [ 724100.0, 6177400.0 ], [ 724100.0, 6177500.0 ], [ 724200.0, 6177500.0 ], [ 724300.0, 6177500.0 ], [ 724400.0, 6177500.0 ], [ 724500.0, 6177500.0 ], [ 724500.0, 6177400.0 ], [ 724400.0, 6177400.0 ], [ 724400.0, 6177300.0 ], [ 724300.0, 6177300.0 ], [ 724300.0, 6177200.0 ], [ 724300.0, 6177100.0 ], [ 724200.0, 6177100.0 ], [ 724200.0, 6177000.0 ], [ 724200.0, 6176900.0 ] ] ] } },
{ "type": "Feature", "properties": { "Shape_Area": 120000.0, "Shape_Leng": 1400.0, "cluster_id": "101_1034", "fid_1": 1034.0, "id_munic": 1034.0, "munic_clus": "101_1034", "munic_code": 101.0, "min": 3.5056653022766113, "max": 3.5056653022766113, "mean": 3.5056651433308921, "count": 12, "std": 1.5894571925301193e-07, "range": 0.0 }, "geometry": { "type": "Polygon", "coordinates": [ [ [ 719000.0, 6176200.0 ], [ 718900.0, 6176200.0 ], [ 718800.0, 6176200.0 ], [ 718700.0, 6176200.0 ], [ 718600.0, 6176200.0 ], [ 718600.0, 6176300.0 ], [ 718600.0, 6176400.0 ], [ 718600.0, 6176500.0 ], [ 718700.0, 6176500.0 ], [ 718800.0, 6176500.0 ], [ 718900.0, 6176500.0 ], [ 719000.0, 6176500.0 ], [ 719000.0, 6176400.0 ], [ 719000.0, 6176300.0 ], [ 719000.0, 6176200.0 ] ] ] } },
{ "type": "Feature", "properties": { "Shape_Area": 90000.0, "Shape_Leng": 1200.0, "cluster_id": "101_1035", "fid_1": 1035.0, "id_munic": 1035.0, "munic_clus": "101_1035", "munic_code": 101.0, "min": 4.0941357612609863, "max": 4.0941357612609863, "mean": 4.0941357082790795, "count": 9, "std": 5.2981906861759853e-08, "range": 0.0 }, "geometry": { "type": "Polygon", "coordinates": [ [ [ 727900.0, 6173500.0 ], [ 727900.0, 6173600.0 ], [ 727900.0, 6173700.0 ], [ 728000.0, 6173700.0 ], [ 728100.0, 6173700.0 ], [ 728200.0, 6173700.0 ], [ 728200.0, 6173600.0 ], [ 728200.0, 6173500.0 ], [ 728200.0, 6173400.0 ], [ 728100.0, 6173400.0 ], [ 728000.0, 6173400.0 ], [ 727900.0, 6173400.0 ], [ 727900.0, 6173500.0 ] ] ] } },
{ "type": "Feature", "properties": { "Shape_Area": 330000.0, "Shape_Leng": 3000.0, "cluster_id": "101_1036", "fid_1": 1036.0, "id_munic": 1036.0, "munic_clus": "101_1036", "munic_code": 101.0, "min": 3.1956014633178711, "max": 3.1956014633178711, "mean": 3.1956014922170928, "count": 33, "std": 2.8899221682365805e-08, "range": 0.0 }, "geometry": { "type": "Polygon", "coordinates": [ [ [ 720200.0, 6173100.0 ], [ 720100.0, 6173100.0 ], [ 720000.0, 6173100.0 ], [ 719900.0, 6173100.0 ], [ 719800.0, 6173100.0 ], [ 719700.0, 6173100.0 ], [ 719700.0, 6173000.0 ], [ 719600.0, 6173000.0 ], [ 719500.0, 6173000.0 ], [ 719400.0, 6173000.0 ], [ 719400.0, 6173100.0 ], [ 719400.0, 6173200.0 ], [ 719500.0, 6173200.0 ], [ 719500.0, 6173300.0 ], [ 719600.0, 6173300.0 ], [ 719600.0, 6173400.0 ], [ 719600.0, 6173500.0 ], [ 719700.0, 6173500.0 ], [ 719800.0, 6173500.0 ], [ 719900.0, 6173500.0 ], [ 720000.0, 6173500.0 ], [ 720000.0, 6173600.0 ], [ 720100.0, 6173600.0 ], [ 720200.0, 6173600.0 ], [ 720200.0, 6173500.0 ], [ 720200.0, 6173400.0 ], [ 720200.0, 6173300.0 ], [ 720300.0, 6173300.0 ], [ 720300.0, 6173200.0 ], [ 720200.0, 6173200.0 ], [ 720200.0, 6173100.0 ] ] ] } },
{ "type": "Feature", "properties": { "Shape_Area": 120000.0, "Shape_Leng": 1600.0, "cluster_id": "101_1037", "fid_1": 1037.0, "id_munic": 1037.0, "munic_clus": "101_1037", "munic_code": 101.0, "min": 3.5944685935974121, "max": 3.5944685935974121, "mean": 3.5944681167602539, "count": 12, "std": 4.76837158203125e-07, "range": 0.0 }, "geometry": { "type": "Polygon", "coordinates": [ [ [ 718700.0, 6173600.0 ], [ 718700.0, 6173700.0 ], [ 718700.0, 6173800.0 ], [ 718800.0, 6173800.0 ], [ 718900.0, 6173800.0 ], [ 719000.0, 6173800.0 ], [ 719000.0, 6173700.0 ], [ 719000.0, 6173600.0 ], [ 719000.0, 6173500.0 ], [ 719000.0, 6173400.0 ], [ 718900.0, 6173400.0 ], [ 718900.0, 6173300.0 ], [ 718800.0, 6173300.0 ], [ 718800.0, 6173400.0 ], [ 718800.0, 6173500.0 ], [ 718700.0, 6173500.0 ], [ 718700.0, 6173600.0 ] ] ] } },
{ "type": "Feature", "properties": { "Shape_Area": 40000.0, "Shape_Leng": 800.0, "cluster_id": "101_1038", "fid_1": 1038.0, "id_munic": 1038.0, "munic_clus": "101_1038", "munic_code": 101.0, "min": 2.874708890914917, "max": 2.874708890914917, "mean": 2.874708890914917, "count": 4, "std": 0.0, "range": 0.0 }, "geometry": { "type": "Polygon", "coordinates": [ [ [ 727500.0, 6173800.0 ], [ 727500.0, 6173700.0 ], [ 727500.0, 6173600.0 ], [ 727400.0, 6173600.0 ], [ 727300.0, 6173600.0 ], [ 727300.0, 6173700.0 ], [ 727300.0, 6173800.0 ], [ 727400.0, 6173800.0 ], [ 727500.0, 6173800.0 ] ] ] } },
{ "type": "Feature", "properties": { "Shape_Area": 50000.0, "Shape_Leng": 1000.0, "cluster_id": "101_1039", "fid_1": 1039.0, "id_munic": 1039.0, "munic_clus": "101_1039", "munic_code": 101.0, "min": 3.6216261386871338, "max": 3.6216261386871338, "mean": 3.6216262817382812, "count": 5, "std": 1.4305114737211966e-07, "range": 0.0 }, "geometry": { "type": "Polygon", "coordinates": [ [ [ 725400.0, 6177300.0 ], [ 725500.0, 6177300.0 ], [ 725600.0, 6177300.0 ], [ 725600.0, 6177200.0 ], [ 725600.0, 6177100.0 ], [ 725500.0, 6177100.0 ], [ 725400.0, 6177100.0 ], [ 725300.0, 6177100.0 ], [ 725300.0, 6177200.0 ], [ 725400.0, 6177200.0 ], [ 725400.0, 6177300.0 ] ] ] } },
{ "type": "Feature", "properties": { "Shape_Area": 60000.0, "Shape_Leng": 1200.0, "cluster_id": "101_1040", "fid_1": 1040.0, "id_munic": 1040.0, "munic_clus": "101_1040", "munic_code": 101.0, "min": 3.7082643508911133, "max": 3.7082643508911133, "mean": 3.7082640329996743, "count": 6, "std": 3.1789143895011307e-07, "range": 0.0 }, "geometry": { "type": "Polygon", "coordinates": [ [ [ 719400.0, 6176400.0 ], [ 719400.0, 6176500.0 ], [ 719400.0, 6176600.0 ], [ 719500.0, 6176600.0 ], [ 719500.0, 6176500.0 ], [ 719600.0, 6176500.0 ], [ 719600.0, 6176400.0 ], [ 719700.0, 6176400.0 ], [ 719700.0, 6176300.0 ], [ 719600.0, 6176300.0 ], [ 719500.0, 6176300.0 ], [ 719400.0, 6176300.0 ], [ 719400.0, 6176400.0 ] ] ] } },
{ "type": "Feature", "properties": { "Shape_Area": 50000.0, "Shape_Leng": 1000.0, "cluster_id": "101_1042", "fid_1": 1042.0, "id_munic": 1042.0, "munic_clus": "101_1042", "munic_code": 101.0, "min": 3.2587471008300781, "max": 3.2587471008300781, "mean": 3.2587471008300781, "count": 5, "std": 0.0, "range": 0.0 }, "geometry": { "type": "Polygon", "coordinates": [ [ [ 727100.0, 6173800.0 ], [ 727100.0, 6173900.0 ], [ 727000.0, 6173900.0 ], [ 727000.0, 6174000.0 ], [ 727000.0, 6174100.0 ], [ 727100.0, 6174100.0 ], [ 727200.0, 6174100.0 ], [ 727200.0, 6174000.0 ], [ 727200.0, 6173900.0 ], [ 727200.0, 6173800.0 ], [ 727100.0, 6173800.0 ] ] ] } },
{ "type": "Feature", "properties": { "Shape_Area": 150000.0, "Shape_Leng": 1600.0, "cluster_id": "101_1043", "fid_1": 1043.0, "id_munic": 1043.0, "munic_clus": "101_1043", "munic_code": 101.0, "min": 3.0336554050445557, "max": 3.0336554050445557, "mean": 3.0336552937825521, "count": 15, "std": 1.1126200361033511e-07, "range": 0.0 }, "geometry": { "type": "Polygon", "coordinates": [ [ [ 719900.0, 6177600.0 ], [ 719800.0, 6177600.0 ], [ 719700.0, 6177600.0 ], [ 719600.0, 6177600.0 ], [ 719500.0, 6177600.0 ], [ 719500.0, 6177700.0 ], [ 719500.0, 6177800.0 ], [ 719500.0, 6177900.0 ], [ 719500.0, 6178000.0 ], [ 719600.0, 6178000.0 ], [ 719700.0, 6178000.0 ], [ 719800.0, 6178000.0 ], [ 719800.0, 6177900.0 ], [ 719900.0, 6177900.0 ], [ 719900.0, 6177800.0 ], [ 719900.0, 6177700.0 ], [ 719900.0, 6177600.0 ] ] ] } },
{ "type": "Feature", "properties": { "Shape_Area": 60000.0, "Shape_Leng": 1200.0, "cluster_id": "101_1044", "fid_1": 1044.0, "id_munic": 1044.0, "munic_clus": "101_1044", "munic_code": 101.0, "min": 3.2097640037536621, "max": 3.2097640037536621, "mean": 3.2097638448079429, "count": 6, "std": 1.5894571925301193e-07, "range": 0.0 }, "geometry": { "type": "Polygon", "coordinates": [ [ [ 722300.0, 6177300.0 ], [ 722300.0, 6177400.0 ], [ 722200.0, 6177400.0 ], [ 722200.0, 6177500.0 ], [ 722200.0, 6177600.0 ], [ 722200.0, 6177700.0 ], [ 722300.0, 6177700.0 ], [ 722300.0, 6177600.0 ], [ 722400.0, 6177600.0 ], [ 722400.0, 6177500.0 ], [ 722400.0, 6177400.0 ], [ 722400.0, 6177300.0 ], [ 722300.0, 6177300.0 ] ] ] } },
{ "type": "Feature", "properties": { "Shape_Area": 60000.0, "Shape_Leng": 1000.0, "cluster_id": "101_1045", "fid_1": 1045.0, "id_munic": 1045.0, "munic_clus": "101_1045", "munic_code": 101.0, "min": 3.5398204326629639, "max": 3.5398204326629639, "mean": 3.539820353190104, "count": 6, "std": 7.947285984855057e-08, "range": 0.0 }, "geometry": { "type": "Polygon", "coordinates": [ [ [ 720900.0, 6179400.0 ], [ 720900.0, 6179500.0 ], [ 721000.0, 6179500.0 ], [ 721100.0, 6179500.0 ], [ 721200.0, 6179500.0 ], [ 721200.0, 6179400.0 ], [ 721200.0, 6179300.0 ], [ 721100.0, 6179300.0 ], [ 721000.0, 6179300.0 ], [ 720900.0, 6179300.0 ], [ 720900.0, 6179400.0 ] ] ] } },
{ "type": "Feature", "properties": { "Shape_Area": 130000.0, "Shape_Leng": 2000.0, "cluster_id": "101_1046", "fid_1": 1046.0, "id_munic": 1046.0, "munic_clus": "101_1046", "munic_code": 101.0, "min": 3.5306563377380371, "max": 3.5306563377380371, "mean": 3.5306563744178185, "count": 13, "std": 3.6679781434401093e-08, "range": 0.0 }, "geometry": { "type": "Polygon", "coordinates": [ [ [ 724400.0, 6176300.0 ], [ 724400.0, 6176200.0 ], [ 724300.0, 6176200.0 ], [ 724200.0, 6176200.0 ], [ 724200.0, 6176100.0 ], [ 724100.0, 6176100.0 ], [ 724000.0, 6176100.0 ], [ 724000.0, 6176200.0 ], [ 724100.0, 6176200.0 ], [ 724100.0, 6176300.0 ], [ 724100.0, 6176400.0 ], [ 724200.0, 6176400.0 ], [ 724200.0, 6176500.0 ], [ 724200.0, 6176600.0 ], [ 724300.0, 6176600.0 ], [ 724400.0, 6176600.0 ], [ 724500.0, 6176600.0 ], [ 724500.0, 6176500.0 ], [ 724400.0, 6176500.0 ], [ 724400.0, 6176400.0 ], [ 724400.0, 6176300.0 ] ] ] } },
{ "type": "Feature", "properties": { "Shape_Area": 50000.0, "Shape_Leng": 1000.0, "cluster_id": "101_1047", "fid_1": 1047.0, "id_munic": 1047.0, "munic_clus": "101_1047", "munic_code": 101.0, "min": 3.8757083415985107, "max": 3.8757083415985107, "mean": 3.8757083892822264, "count": 5, "std": 4.7683715642676816e-08, "range": 0.0 }, "geometry": { "type": "Polygon", "coordinates": [ [ [ 726400.0, 6173400.0 ], [ 726400.0, 6173300.0 ], [ 726500.0, 6173300.0 ], [ 726500.0, 6173200.0 ], [ 726400.0, 6173200.0 ], [ 726300.0, 6173200.0 ], [ 726200.0, 6173200.0 ], [ 726200.0, 6173300.0 ], [ 726200.0, 6173400.0 ], [ 726300.0, 6173400.0 ], [ 726400.0, 6173400.0 ] ] ] } },
{ "type": "Feature", "properties": { "Shape_Area": 230000.0, "Shape_Leng": 2400.0, "cluster_id": "101_1048", "fid_1": 1048.0, "id_munic": 1048.0, "munic_clus": "101_1048", "munic_code": 101.0, "min": 3.6981003284454346, "max": 3.6981003284454346, "mean": 3.698099882706352, "count": 23, "std": 4.45739082532981e-07, "range": 0.0 }, "geometry": { "type": "Polygon", "coordinates": [ [ [ 725200.0, 6175100.0 ], [ 725100.0, 6175100.0 ], [ 725100.0, 6175200.0 ], [ 725100.0, 6175300.0 ], [ 725200.0, 6175300.0 ], [ 725200.0, 6175400.0 ], [ 725300.0, 6175400.0 ], [ 725400.0, 6175400.0 ], [ 725500.0, 6175400.0 ], [ 725500.0, 6175300.0 ], [ 725600.0, 6175300.0 ], [ 725700.0, 6175300.0 ], [ 725700.0, 6175200.0 ], [ 725700.0, 6175100.0 ], [ 725700.0, 6175000.0 ], [ 725800.0, 6175000.0 ], [ 725800.0, 6174900.0 ], [ 725700.0, 6174900.0 ], [ 725600.0, 6174900.0 ], [ 725500.0, 6174900.0 ], [ 725500.0, 6175000.0 ], [ 725400.0, 6175000.0 ], [ 725300.0, 6175000.0 ], [ 725200.0, 6175000.0 ], [ 725200.0, 6175100.0 ] ] ] } },
{ "type": "Feature", "properties": { "Shape_Area": 110000.0, "Shape_Leng": 1600.0, "cluster_id": "101_1049", "fid_1": 1049.0, "id_munic": 1049.0, "munic_clus": "101_1049", "munic_code": 101.0, "min": 3.557481050491333, "max": 3.557481050491333, "mean": 3.557480898770419, "count": 11, "std": 1.5172091405446508e-07, "range": 0.0 }, "geometry": { "type": "Polygon", "coordinates": [ [ [ 720200.0, 6172500.0 ], [ 720200.0, 6172600.0 ], [ 720200.0, 6172700.0 ], [ 720200.0, 6172800.0 ], [ 720300.0, 6172800.0 ], [ 720300.0, 6172700.0 ], [ 720400.0, 6172700.0 ], [ 720500.0, 6172700.0 ], [ 720600.0, 6172700.0 ], [ 720600.0, 6172600.0 ], [ 720500.0, 6172600.0 ], [ 720500.0, 6172500.0 ], [ 720500.0, 6172400.0 ], [ 720400.0, 6172400.0 ], [ 720300.0, 6172400.0 ], [ 720200.0, 6172400.0 ], [ 720200.0, 6172500.0 ] ] ] } },
{ "type": "Feature", "properties": { "Shape_Area": 50000.0, "Shape_Leng": 1000.0, "cluster_id": "101_1050", "fid_1": 1050.0, "id_munic": 1050.0, "munic_clus": "101_1050", "munic_code": 101.0, "min": 2.640620231628418, "max": 2.640620231628418, "mean": 2.640620231628418, "count": 5, "std": 0.0, "range": 0.0 }, "geometry": { "type": "Polygon", "coordinates": [ [ [ 724900.0, 6174900.0 ], [ 724900.0, 6175000.0 ], [ 725000.0, 6175000.0 ], [ 725100.0, 6175000.0 ], [ 725100.0, 6174900.0 ], [ 725100.0, 6174800.0 ], [ 725000.0, 6174800.0 ], [ 724900.0, 6174800.0 ], [ 724800.0, 6174800.0 ], [ 724800.0, 6174900.0 ], [ 724900.0, 6174900.0 ] ] ] } },
{ "type": "Feature", "properties": { "Shape_Area": 40000.0, "Shape_Leng": 800.0, "cluster_id": "101_1051", "fid_1": 1051.0, "id_munic": 1051.0, "munic_clus": "101_1051", "munic_code": 101.0, "min": 3.3368880748748779, "max": 3.3368880748748779, "mean": 3.3368880748748779, "count": 4, "std": 0.0, "range": 0.0 }, "geometry": { "type": "Polygon", "coordinates": [ [ [ 727200.0, 6174200.0 ], [ 727300.0, 6174200.0 ], [ 727400.0, 6174200.0 ], [ 727400.0, 6174100.0 ], [ 727400.0, 6174000.0 ], [ 727300.0, 6174000.0 ], [ 727200.0, 6174000.0 ], [ 727200.0, 6174100.0 ], [ 727200.0, 6174200.0 ] ] ] } },
{ "type": "Feature", "properties": { "Shape_Area": 170000.0, "Shape_Leng": 2600.0, "cluster_id": "101_1052", "fid_1": 1052.0, "id_munic": 1052.0, "munic_clus": "101_1052", "munic_code": 101.0, "min": 3.4308567047119141, "max": 3.4308567047119141, "mean": 3.4308565925149357, "count": 17, "std": 1.121969783746124e-07, "range": 0.0 }, "geometry": { "type": "Polygon", "coordinates": [ [ [ 720300.0, 6172100.0 ], [ 720300.0, 6172000.0 ], [ 720300.0, 6171900.0 ], [ 720300.0, 6171800.0 ], [ 720200.0, 6171800.0 ], [ 720200.0, 6171900.0 ], [ 720100.0, 6171900.0 ], [ 720000.0, 6171900.0 ], [ 720000.0, 6172000.0 ], [ 720000.0, 6172100.0 ], [ 719900.0, 6172100.0 ], [ 719900.0, 6172200.0 ], [ 719800.0, 6172200.0 ], [ 719700.0, 6172200.0 ], [ 719600.0, 6172200.0 ], [ 719600.0, 6172300.0 ], [ 719600.0, 6172400.0 ], [ 719700.0, 6172400.0 ], [ 719800.0, 6172400.0 ], [ 719900.0, 6172400.0 ], [ 719900.0, 6172300.0 ], [ 720000.0, 6172300.0 ], [ 720000.0, 6172200.0 ], [ 720100.0, 6172200.0 ], [ 720200.0, 6172200.0 ], [ 720200.0, 6172100.0 ], [ 720300.0, 6172100.0 ] ] ] } },
{ "type": "Feature", "properties": { "Shape_Area": 40000.0, "Shape_Leng": 800.0, "cluster_id": "101_1054", "fid_1": 1054.0, "id_munic": 1054.0, "munic_clus": "101_1054", "munic_code": 101.0, "min": 2.8702099323272705, "max": 2.8702099323272705, "mean": 2.8702099323272705, "count": 4, "std": 0.0, "range": 0.0 }, "geometry": { "type": "Polygon", "coordinates": [ [ [ 723200.0, 6174900.0 ], [ 723300.0, 6174900.0 ], [ 723400.0, 6174900.0 ], [ 723400.0, 6174800.0 ], [ 723400.0, 6174700.0 ], [ 723300.0, 6174700.0 ], [ 723200.0, 6174700.0 ], [ 723200.0, 6174800.0 ], [ 723200.0, 6174900.0 ] ] ] } },
{ "type": "Feature", "properties": { "Shape_Area": 80000.0, "Shape_Leng": 1400.0, "cluster_id": "101_1055", "fid_1": 1055.0, "id_munic": 1055.0, "munic_clus": "101_1055", "munic_code": 101.0, "min": 3.216094970703125, "max": 3.216094970703125, "mean": 3.216094970703125, "count": 8, "std": 0.0, "range": 0.0 }, "geometry": { "type": "Polygon", "coordinates": [ [ [ 718900.0, 6178900.0 ], [ 718800.0, 6178900.0 ], [ 718700.0, 6178900.0 ], [ 718600.0, 6178900.0 ], [ 718600.0, 6179000.0 ], [ 718600.0, 6179100.0 ], [ 718500.0, 6179100.0 ], [ 718500.0, 6179200.0 ], [ 718600.0, 6179200.0 ], [ 718700.0, 6179200.0 ], [ 718700.0, 6179100.0 ], [ 718800.0, 6179100.0 ], [ 718900.0, 6179100.0 ], [ 718900.0, 6179000.0 ], [ 718900.0, 6178900.0 ] ] ] } },
{ "type": "Feature", "properties": { "Shape_Area": 100000.0, "Shape_Leng": 1400.0, "cluster_id": "101_1056", "fid_1": 1056.0, "id_munic": 1056.0, "munic_clus": "101_1056", "munic_code": 101.0, "min": 3.923025369644165, "max": 3.923025369644165, "mean": 3.9230255126953124, "count": 10, "std": 1.4305114737211966e-07, "range": 0.0 }, "geometry": { "type": "Polygon", "coordinates": [ [ [ 721300.0, 6179100.0 ], [ 721300.0, 6179200.0 ], [ 721400.0, 6179200.0 ], [ 721400.0, 6179300.0 ], [ 721500.0, 6179300.0 ], [ 721600.0, 6179300.0 ], [ 721600.0, 6179200.0 ], [ 721700.0, 6179200.0 ], [ 721700.0, 6179100.0 ], [ 721700.0, 6179000.0 ], [ 721600.0, 6179000.0 ], [ 721500.0, 6179000.0 ], [ 721400.0, 6179000.0 ], [ 721300.0, 6179000.0 ], [ 721300.0, 6179100.0 ] ] ] } },
{ "type": "Feature", "properties": { "Shape_Area": 90000.0, "Shape_Leng": 1400.0, "cluster_id": "101_1057", "fid_1": 1057.0, "id_munic": 1057.0, "munic_clus": "101_1057", "munic_code": 101.0, "min": 3.1641123294830322, "max": 3.1641123294830322, "mean": 3.1641123029920788, "count": 9, "std": 2.6490953430879927e-08, "range": 0.0 }, "geometry": { "type": "Polygon", "coordinates": [ [ [ 719400.0, 6175100.0 ], [ 719300.0, 6175100.0 ], [ 719200.0, 6175100.0 ], [ 719100.0, 6175100.0 ], [ 719000.0, 6175100.0 ], [ 719000.0, 6175200.0 ], [ 719100.0, 6175200.0 ], [ 719100.0, 6175300.0 ], [ 719200.0, 6175300.0 ], [ 719200.0, 6175400.0 ], [ 719300.0, 6175400.0 ], [ 719400.0, 6175400.0 ], [ 719400.0, 6175300.0 ], [ 719400.0, 6175200.0 ], [ 719400.0, 6175100.0 ] ] ] } },
{ "type": "Feature", "properties": { "Shape_Area": 80000.0, "Shape_Leng": 1200.0, "cluster_id": "101_1058", "fid_1": 1058.0, "id_munic": 1058.0, "munic_clus": "101_1058", "munic_code": 101.0, "min": 3.6707768440246582, "max": 3.6707768440246582, "mean": 3.6707768440246582, "count": 8, "std": 0.0, "range": 0.0 }, "geometry": { "type": "Polygon", "coordinates": [ [ [ 721800.0, 6178300.0 ], [ 721700.0, 6178300.0 ], [ 721700.0, 6178400.0 ], [ 721600.0, 6178400.0 ], [ 721600.0, 6178500.0 ], [ 721600.0, 6178600.0 ], [ 721700.0, 6178600.0 ], [ 721800.0, 6178600.0 ], [ 721900.0, 6178600.0 ], [ 721900.0, 6178500.0 ], [ 721900.0, 6178400.0 ], [ 721900.0, 6178300.0 ], [ 721800.0, 6178300.0 ] ] ] } },
{ "type": "Feature", "properties": { "Shape_Area": 40000.0, "Shape_Leng": 800.0, "cluster_id": "101_1059", "fid_1": 1059.0, "id_munic": 1059.0, "munic_clus": "101_1059", "munic_code": 101.0, "min": 2.9371881484985352, "max": 2.9371881484985352, "mean": 2.9371881484985352, "count": 4, "std": 0.0, "range": 0.0 }, "geometry": { "type": "Polygon", "coordinates": [ [ [ 721000.0, 6178100.0 ], [ 721100.0, 6178100.0 ], [ 721200.0, 6178100.0 ], [ 721200.0, 6178000.0 ], [ 721200.0, 6177900.0 ], [ 721100.0, 6177900.0 ], [ 721000.0, 6177900.0 ], [ 721000.0, 6178000.0 ], [ 721000.0, 6178100.0 ] ] ] } },
{ "type": "Feature", "properties": { "Shape_Area": 40000.0, "Shape_Leng": 800.0, "cluster_id": "101_1060", "fid_1": 1060.0, "id_munic": 1060.0, "munic_clus": "101_1060", "munic_code": 101.0, "min": 3.3143951892852783, "max": 3.3143951892852783, "mean": 3.3143951892852783, "count": 4, "std": 0.0, "range": 0.0 }, "geometry": { "type": "Polygon", "coordinates": [ [ [ 722500.0, 6178300.0 ], [ 722600.0, 6178300.0 ], [ 722700.0, 6178300.0 ], [ 722700.0, 6178200.0 ], [ 722700.0, 6178100.0 ], [ 722600.0, 6178100.0 ], [ 722500.0, 6178100.0 ], [ 722500.0, 6178200.0 ], [ 722500.0, 6178300.0 ] ] ] } },
{ "type": "Feature", "properties": { "Shape_Area": 410000.0, "Shape_Leng": 3600.0, "cluster_id": "101_1061", "fid_1": 1061.0, "id_munic": 1061.0, "munic_clus": "101_1061", "munic_code": 101.0, "min": 2.9001998901367188, "max": 2.9001998901367188, "mean": 2.9001998901367188, "count": 41, "std": 0.0, "range": 0.0 }, "geometry": { "type": "Polygon", "coordinates": [ [ [ 719100.0, 6180300.0 ], [ 719200.0, 6180300.0 ], [ 719200.0, 6180400.0 ], [ 719200.0, 6180500.0 ], [ 719100.0, 6180500.0 ], [ 719000.0, 6180500.0 ], [ 719000.0, 6180600.0 ], [ 719000.0, 6180700.0 ], [ 719000.0, 6180800.0 ], [ 718900.0, 6180800.0 ], [ 718800.0, 6180800.0 ], [ 718800.0, 6180900.0 ], [ 718900.0, 6180900.0 ], [ 719000.0, 6180900.0 ], [ 719100.0, 6180900.0 ], [ 719200.0, 6180900.0 ], [ 719200.0, 6180800.0 ], [ 719300.0, 6180800.0 ], [ 719400.0, 6180800.0 ], [ 719500.0, 6180800.0 ], [ 719500.0, 6180700.0 ], [ 719600.0, 6180700.0 ], [ 719600.0, 6180600.0 ], [ 719700.0, 6180600.0 ], [ 719700.0, 6180500.0 ], [ 719700.0, 6180400.0 ], [ 719700.0, 6180300.0 ], [ 719600.0, 6180300.0 ], [ 719600.0, 6180200.0 ], [ 719500.0, 6180200.0 ], [ 719500.0, 6180100.0 ], [ 719400.0, 6180100.0 ], [ 719300.0, 6180100.0 ], [ 719200.0, 6180100.0 ], [ 719100.0, 6180100.0 ], [ 719100.0, 6180200.0 ], [ 719100.0, 6180300.0 ] ] ] } },
{ "type": "Feature", "properties": { "Shape_Area": 90000.0, "Shape_Leng": 1400.0, "cluster_id": "101_1063", "fid_1": 1063.0, "id_munic": 1063.0, "munic_clus": "101_1063", "munic_code": 101.0, "min": 3.2274239063262939, "max": 3.2274239063262939, "mean": 3.2274241977267795, "count": 9, "std": 2.9140048551923314e-07, "range": 0.0 }, "geometry": { "type": "Polygon", "coordinates": [ [ [ 722500.0, 6180700.0 ], [ 722600.0, 6180700.0 ], [ 722600.0, 6180800.0 ], [ 722700.0, 6180800.0 ], [ 722800.0, 6180800.0 ], [ 722800.0, 6180700.0 ], [ 722900.0, 6180700.0 ], [ 722900.0, 6180600.0 ], [ 722800.0, 6180600.0 ], [ 722800.0, 6180500.0 ], [ 722700.0, 6180500.0 ], [ 722600.0, 6180500.0 ], [ 722500.0, 6180500.0 ], [ 722500.0, 6180600.0 ], [ 722500.0, 6180700.0 ] ] ] } },
{ "type": "Feature", "properties": { "Shape_Area": 40000.0, "Shape_Leng": 800.0, "cluster_id": "101_1064", "fid_1": 1064.0, "id_munic": 1064.0, "munic_clus": "101_1064", "munic_code": 101.0, "min": 3.5764739513397217, "max": 3.5764739513397217, "mean": 3.5764739513397217, "count": 4, "std": 0.0, "range": 0.0 }, "geometry": { "type": "Polygon", "coordinates": [ [ [ 720000.0, 6172800.0 ], [ 720000.0, 6172900.0 ], [ 720100.0, 6172900.0 ], [ 720200.0, 6172900.0 ], [ 720200.0, 6172800.0 ], [ 720200.0, 6172700.0 ], [ 720100.0, 6172700.0 ], [ 720000.0, 6172700.0 ], [ 720000.0, 6172800.0 ] ] ] } },
{ "type": "Feature", "properties": { "Shape_Area": 110000.0, "Shape_Leng": 1600.0, "cluster_id": "101_1065", "fid_1": 1065.0, "id_munic": 1065.0, "munic_clus": "101_1065", "munic_code": 101.0, "min": 3.3257246017456055, "max": 3.3257246017456055, "mean": 3.3257245150479404, "count": 11, "std": 8.6697665047097416e-08, "range": 0.0 }, "geometry": { "type": "Polygon", "coordinates": [ [ [ 719200.0, 6175600.0 ], [ 719200.0, 6175700.0 ], [ 719300.0, 6175700.0 ], [ 719400.0, 6175700.0 ], [ 719500.0, 6175700.0 ], [ 719500.0, 6175800.0 ], [ 719600.0, 6175800.0 ], [ 719600.0, 6175700.0 ], [ 719600.0, 6175600.0 ], [ 719600.0, 6175500.0 ], [ 719600.0, 6175400.0 ], [ 719500.0, 6175400.0 ], [ 719400.0, 6175400.0 ], [ 719300.0, 6175400.0 ], [ 719300.0, 6175500.0 ], [ 719300.0, 6175600.0 ], [ 719200.0, 6175600.0 ] ] ] } },
{ "type": "Feature", "properties": { "Shape_Area": 60000.0, "Shape_Leng": 1000.0, "cluster_id": "101_1066", "fid_1": 1066.0, "id_munic": 1066.0, "munic_clus": "101_1066", "munic_code": 101.0, "min": 3.3643786907196045, "max": 3.3643786907196045, "mean": 3.3643786112467446, "count": 6, "std": 7.947285984855057e-08, "range": 0.0 }, "geometry": { "type": "Polygon", "coordinates": [ [ [ 719600.0, 6175100.0 ], [ 719500.0, 6175100.0 ], [ 719400.0, 6175100.0 ], [ 719400.0, 6175200.0 ], [ 719400.0, 6175300.0 ], [ 719400.0, 6175400.0 ], [ 719500.0, 6175400.0 ], [ 719600.0, 6175400.0 ], [ 719600.0, 6175300.0 ], [ 719600.0, 6175200.0 ], [ 719600.0, 6175100.0 ] ] ] } },
{ "type": "Feature", "properties": { "Shape_Area": 270000.0, "Shape_Leng": 3200.0, "cluster_id": "101_1067", "fid_1": 1067.0, "id_munic": 1067.0, "munic_clus": "101_1067", "munic_code": 101.0, "min": 2.8853716850280762, "max": 2.8853716850280762, "mean": 2.885370890299479, "count": 27, "std": 7.9472859715323796e-07, "range": 0.0 }, "geometry": { "type": "Polygon", "coordinates": [ [ [ 718500.0, 6177600.0 ], [ 718500.0, 6177500.0 ], [ 718600.0, 6177500.0 ], [ 718600.0, 6177400.0 ], [ 718600.0, 6177300.0 ], [ 718500.0, 6177300.0 ], [ 718500.0, 6177200.0 ], [ 718400.0, 6177200.0 ], [ 718300.0, 6177200.0 ], [ 718200.0, 6177200.0 ], [ 718100.0, 6177200.0 ], [ 718100.0, 6177300.0 ], [ 718100.0, 6177400.0 ], [ 718200.0, 6177400.0 ], [ 718200.0, 6177500.0 ], [ 718100.0, 6177500.0 ], [ 718100.0, 6177600.0 ], [ 718100.0, 6177700.0 ], [ 718000.0, 6177700.0 ], [ 718000.0, 6177800.0 ], [ 718000.0, 6177900.0 ], [ 718000.0, 6178000.0 ], [ 718000.0, 6178100.0 ], [ 718100.0, 6178100.0 ], [ 718100.0, 6178000.0 ], [ 718100.0, 6177900.0 ], [ 718100.0, 6177800.0 ], [ 718200.0, 6177800.0 ], [ 718300.0, 6177800.0 ], [ 718400.0, 6177800.0 ], [ 718400.0, 6177700.0 ], [ 718400.0, 6177600.0 ], [ 718500.0, 6177600.0 ] ] ] } },
{ "type": "Feature", "properties": { "Shape_Area": 170000.0, "Shape_Leng": 2400.0, "cluster_id": "101_1068", "fid_1": 1068.0, "id_munic": 1068.0, "munic_clus": "101_1068", "munic_code": 101.0, "min": 3.2464179992675781, "max": 3.2464179992675781, "mean": 3.2464179992675781, "count": 17, "std": 0.0, "range": 0.0 }, "geometry": { "type": "Polygon", "coordinates": [ [ [ 722300.0, 6178900.0 ], [ 722300.0, 6179000.0 ], [ 722300.0, 6179100.0 ], [ 722300.0, 6179200.0 ], [ 722300.0, 6179300.0 ], [ 722400.0, 6179300.0 ], [ 722400.0, 6179200.0 ], [ 722500.0, 6179200.0 ], [ 722500.0, 6179100.0 ], [ 722600.0, 6179100.0 ], [ 722600.0, 6179000.0 ], [ 722600.0, 6178900.0 ], [ 722500.0, 6178900.0 ], [ 722500.0, 6178800.0 ], [ 722500.0, 6178700.0 ], [ 722500.0, 6178600.0 ], [ 722400.0, 6178600.0 ], [ 722400.0, 6178500.0 ], [ 722400.0, 6178400.0 ], [ 722300.0, 6178400.0 ], [ 722300.0, 6178500.0 ], [ 722300.0, 6178600.0 ], [ 722300.0, 6178700.0 ], [ 722300.0, 6178800.0 ], [ 722300.0, 6178900.0 ] ] ] } },
{ "type": "Feature", "properties": { "Shape_Area": 40000.0, "Shape_Leng": 800.0, "cluster_id": "101_1069", "fid_1": 1069.0, "id_munic": 1069.0, "munic_clus": "101_1069", "munic_code": 101.0, "min": 2.918027400970459, "max": 2.918027400970459, "mean": 2.918027400970459, "count": 4, "std": 0.0, "range": 0.0 }, "geometry": { "type": "Polygon", "coordinates": [ [ [ 726400.0, 6174200.0 ], [ 726400.0, 6174300.0 ], [ 726500.0, 6174300.0 ], [ 726600.0, 6174300.0 ], [ 726600.0, 6174200.0 ], [ 726600.0, 6174100.0 ], [ 726500.0, 6174100.0 ], [ 726400.0, 6174100.0 ], [ 726400.0, 6174200.0 ] ] ] } },
{ "type": "Feature", "properties": { "Shape_Area": 70000.0, "Shape_Leng": 1200.0, "cluster_id": "101_1070", "fid_1": 1070.0, "id_munic": 1070.0, "munic_clus": "101_1070", "munic_code": 101.0, "min": 3.1711099147796631, "max": 3.1711099147796631, "mean": 3.1711098807198659, "count": 7, "std": 3.4059797204832876e-08, "range": 0.0 }, "geometry": { "type": "Polygon", "coordinates": [ [ [ 719400.0, 6176100.0 ], [ 719500.0, 6176100.0 ], [ 719500.0, 6176000.0 ], [ 719500.0, 6175900.0 ], [ 719500.0, 6175800.0 ], [ 719500.0, 6175700.0 ], [ 719400.0, 6175700.0 ], [ 719300.0, 6175700.0 ], [ 719300.0, 6175800.0 ], [ 719300.0, 6175900.0 ], [ 719300.0, 6176000.0 ], [ 719400.0, 6176000.0 ], [ 719400.0, 6176100.0 ] ] ] } },
{ "type": "Feature", "properties": { "Shape_Area": 270000.0, "Shape_Leng": 2400.0, "cluster_id": "101_1071", "fid_1": 1071.0, "id_munic": 1071.0, "munic_clus": "101_1071", "munic_code": 101.0, "min": 2.8578808307647705, "max": 2.8578808307647705, "mean": 2.8578807689525463, "count": 27, "std": 6.1812224227963952e-08, "range": 0.0 }, "geometry": { "type": "Polygon", "coordinates": [ [ [ 720300.0, 6179200.0 ], [ 720300.0, 6179100.0 ], [ 720200.0, 6179100.0 ], [ 720100.0, 6179100.0 ], [ 720000.0, 6179100.0 ], [ 719900.0, 6179100.0 ], [ 719800.0, 6179100.0 ], [ 719700.0, 6179100.0 ], [ 719600.0, 6179100.0 ], [ 719600.0, 6179200.0 ], [ 719600.0, 6179300.0 ], [ 719600.0, 6179400.0 ], [ 719700.0, 6179400.0 ], [ 719800.0, 6179400.0 ], [ 719800.0, 6179500.0 ], [ 719900.0, 6179500.0 ], [ 720000.0, 6179500.0 ], [ 720100.0, 6179500.0 ], [ 720100.0, 6179600.0 ], [ 720200.0, 6179600.0 ], [ 720200.0, 6179500.0 ], [ 720300.0, 6179500.0 ], [ 720300.0, 6179400.0 ], [ 720300.0, 6179300.0 ], [ 720300.0, 6179200.0 ] ] ] } },
{ "type": "Feature", "properties": { "Shape_Area": 20000.0, "Shape_Leng": 600.0, "cluster_id": "101_1073", "fid_1": 1073.0, "id_munic": 1073.0, "munic_clus": "101_1073", "munic_code": 101.0, "min": 3.2109296321868896, "max": 3.2109296321868896, "mean": 3.2109296321868896, "count": 2, "std": 0.0, "range": 0.0 }, "geometry": { "type": "Polygon", "coordinates": [ [ [ 726600.0, 6175000.0 ], [ 726700.0, 6175000.0 ], [ 726800.0, 6175000.0 ], [ 726800.0, 6174900.0 ], [ 726700.0, 6174900.0 ], [ 726600.0, 6174900.0 ], [ 726600.0, 6175000.0 ] ] ] } },
{ "type": "Feature", "properties": { "Shape_Area": 50000.0, "Shape_Leng": 1200.0, "cluster_id": "101_1074", "fid_1": 1074.0, "id_munic": 1074.0, "munic_clus": "101_1074", "munic_code": 101.0, "min": 2.8507168292999268, "max": 2.8507168292999268, "mean": 2.8507167816162111, "count": 5, "std": 4.7683715642676816e-08, "range": 0.0 }, "geometry": { "type": "Polygon", "coordinates": [ [ [ 724800.0, 6177500.0 ], [ 724800.0, 6177600.0 ], [ 724800.0, 6177700.0 ], [ 724900.0, 6177700.0 ], [ 724900.0, 6177600.0 ], [ 724900.0, 6177500.0 ], [ 724900.0, 6177400.0 ], [ 724800.0, 6177400.0 ], [ 724800.0, 6177300.0 ], [ 724700.0, 6177300.0 ], [ 724700.0, 6177400.0 ], [ 724700.0, 6177500.0 ], [ 724800.0, 6177500.0 ] ] ] } },
{ "type": "Feature", "properties": { "Shape_Area": 60000.0, "Shape_Leng": 1200.0, "cluster_id": "101_1075", "fid_1": 1075.0, "id_munic": 1075.0, "munic_clus": "101_1075", "munic_code": 101.0, "min": 2.8367214202880859, "max": 2.8367214202880859, "mean": 2.8367214202880859, "count": 6, "std": 0.0, "range": 0.0 }, "geometry": { "type": "Polygon", "coordinates": [ [ [ 723700.0, 6179200.0 ], [ 723600.0, 6179200.0 ], [ 723600.0, 6179300.0 ], [ 723600.0, 6179400.0 ], [ 723700.0, 6179400.0 ], [ 723700.0, 6179500.0 ], [ 723800.0, 6179500.0 ], [ 723900.0, 6179500.0 ], [ 723900.0, 6179400.0 ], [ 723800.0, 6179400.0 ], [ 723800.0, 6179300.0 ], [ 723800.0, 6179200.0 ], [ 723700.0, 6179200.0 ] ] ] } },
{ "type": "Feature", "properties": { "Shape_Area": 40000.0, "Shape_Leng": 800.0, "cluster_id": "101_1076", "fid_1": 1076.0, "id_munic": 1076.0, "munic_clus": "101_1076", "munic_code": 101.0, "min": 2.9741756916046143, "max": 2.9741756916046143, "mean": 2.9741756916046143, "count": 4, "std": 0.0, "range": 0.0 }, "geometry": { "type": "Polygon", "coordinates": [ [ [ 725200.0, 6179000.0 ], [ 725100.0, 6179000.0 ], [ 725000.0, 6179000.0 ], [ 725000.0, 6179100.0 ], [ 725000.0, 6179200.0 ], [ 725100.0, 6179200.0 ], [ 725200.0, 6179200.0 ], [ 725200.0, 6179100.0 ], [ 725200.0, 6179000.0 ] ] ] } },
{ "type": "Feature", "properties": { "Shape_Area": 100000.0, "Shape_Leng": 1800.0, "cluster_id": "101_1077", "fid_1": 1077.0, "id_munic": 1077.0, "munic_clus": "101_1077", "munic_code": 101.0, "min": 3.311063289642334, "max": 3.311063289642334, "mean": 3.3110633850097657, "count": 10, "std": 9.5367431729442855e-08, "range": 0.0 }, "geometry": { "type": "Polygon", "coordinates": [ [ [ 725800.0, 6175500.0 ], [ 725700.0, 6175500.0 ], [ 725700.0, 6175600.0 ], [ 725600.0, 6175600.0 ], [ 725600.0, 6175700.0 ], [ 725600.0, 6175800.0 ], [ 725700.0, 6175800.0 ], [ 725700.0, 6175900.0 ], [ 725700.0, 6176000.0 ], [ 725800.0, 6176000.0 ], [ 725800.0, 6175900.0 ], [ 725900.0, 6175900.0 ], [ 725900.0, 6175800.0 ], [ 725900.0, 6175700.0 ], [ 725800.0, 6175700.0 ], [ 725800.0, 6175600.0 ], [ 725900.0, 6175600.0 ], [ 725900.0, 6175500.0 ], [ 725800.0, 6175500.0 ] ] ] } },
{ "type": "Feature", "properties": { "Shape_Area": 50000.0, "Shape_Leng": 1000.0, "cluster_id": "101_1078", "fid_1": 1078.0, "id_munic": 1078.0, "munic_clus": "101_1078", "munic_code": 101.0, "min": 2.7064313888549805, "max": 2.7064313888549805, "mean": 2.7064313888549805, "count": 5, "std": 0.0, "range": 0.0 }, "geometry": { "type": "Polygon", "coordinates": [ [ [ 725700.0, 6175800.0 ], [ 725600.0, 6175800.0 ], [ 725500.0, 6175800.0 ], [ 725500.0, 6175900.0 ], [ 725500.0, 6176000.0 ], [ 725500.0, 6176100.0 ], [ 725600.0, 6176100.0 ], [ 725600.0, 6176000.0 ], [ 725700.0, 6176000.0 ], [ 725700.0, 6175900.0 ], [ 725700.0, 6175800.0 ] ] ] } },
{ "type": "Feature", "properties": { "Shape_Area": 160000.0, "Shape_Leng": 2600.0, "cluster_id": "101_1079", "fid_1": 1079.0, "id_munic": 1079.0, "munic_clus": "101_1079", "munic_code": 101.0, "min": 3.2834060192108154, "max": 3.2834060192108154, "mean": 3.2834060192108154, "count": 16, "std": 0.0, "range": 0.0 }, "geometry": { "type": "Polygon", "coordinates": [ [ [ 721200.0, 6177700.0 ], [ 721200.0, 6177800.0 ], [ 721200.0, 6177900.0 ], [ 721200.0, 6178000.0 ], [ 721300.0, 6178000.0 ], [ 721300.0, 6177900.0 ], [ 721400.0, 6177900.0 ], [ 721500.0, 6177900.0 ], [ 721500.0, 6178000.0 ], [ 721600.0, 6178000.0 ], [ 721600.0, 6177900.0 ], [ 721700.0, 6177900.0 ], [ 721700.0, 6177800.0 ], [ 721600.0, 6177800.0 ], [ 721500.0, 6177800.0 ], [ 721500.0, 6177700.0 ], [ 721400.0, 6177700.0 ], [ 721400.0, 6177600.0 ], [ 721300.0, 6177600.0 ], [ 721300.0, 6177500.0 ], [ 721200.0, 6177500.0 ], [ 721200.0, 6177400.0 ], [ 721100.0, 6177400.0 ], [ 721100.0, 6177500.0 ], [ 721100.0, 6177600.0 ], [ 721100.0, 6177700.0 ], [ 721200.0, 6177700.0 ] ] ] } },
{ "type": "Feature", "properties": { "Shape_Area": 30000.0, "Shape_Leng": 800.0, "cluster_id": "101_1081", "fid_1": 1081.0, "id_munic": 1081.0, "munic_clus": "101_1081", "munic_code": 101.0, "min": 2.7424192428588867, "max": 2.7424192428588867, "mean": 2.7424192428588867, "count": 3, "std": 0.0, "range": 0.0 }, "geometry": { "type": "Polygon", "coordinates": [ [ [ 723300.0, 6177600.0 ], [ 723400.0, 6177600.0 ], [ 723500.0, 6177600.0 ], [ 723500.0, 6177500.0 ], [ 723400.0, 6177500.0 ], [ 723300.0, 6177500.0 ], [ 723200.0, 6177500.0 ], [ 723200.0, 6177600.0 ], [ 723300.0, 6177600.0 ] ] ] } },
{ "type": "Feature", "properties": { "Shape_Area": 30000.0, "Shape_Leng": 800.0, "cluster_id": "101_1082", "fid_1": 1082.0, "id_munic": 1082.0, "munic_clus": "101_1082", "munic_code": 101.0, "min": 3.9258580207824707, "max": 3.9258580207824707, "mean": 3.92585817972819, "count": 3, "std": 1.5894571925301193e-07, "range": 0.0 }, "geometry": { "type": "Polygon", "coordinates": [ [ [ 718400.0, 6179200.0 ], [ 718400.0, 6179300.0 ], [ 718500.0, 6179300.0 ], [ 718600.0, 6179300.0 ], [ 718600.0, 6179200.0 ], [ 718500.0, 6179200.0 ], [ 718500.0, 6179100.0 ], [ 718400.0, 6179100.0 ], [ 718400.0, 6179200.0 ] ] ] } },
{ "type": "Feature", "properties": { "Shape_Area": 20000.0, "Shape_Leng": 600.0, "cluster_id": "101_1083", "fid_1": 1083.0, "id_munic": 1083.0, "munic_clus": "101_1083", "munic_code": 101.0, "min": 2.4476845264434814, "max": 2.4476845264434814, "mean": 2.4476845264434814, "count": 2, "std": 0.0, "range": 0.0 }, "geometry": { "type": "Polygon", "coordinates": [ [ [ 720100.0, 6177500.0 ], [ 720100.0, 6177600.0 ], [ 720200.0, 6177600.0 ], [ 720200.0, 6177500.0 ], [ 720200.0, 6177400.0 ], [ 720100.0, 6177400.0 ], [ 720100.0, 6177500.0 ] ] ] } },
{ "type": "Feature", "properties": { "Shape_Area": 60000.0, "Shape_Leng": 1200.0, "cluster_id": "101_1084", "fid_1": 1084.0, "id_munic": 1084.0, "munic_clus": "101_1084", "munic_code": 101.0, "min": 4.0411534309387207, "max": 4.0411534309387207, "mean": 4.0411535898844404, "count": 6, "std": 1.5894571969710114e-07, "range": 0.0 }, "geometry": { "type": "Polygon", "coordinates": [ [ [ 718600.0, 6176000.0 ], [ 718500.0, 6176000.0 ], [ 718500.0, 6176100.0 ], [ 718400.0, 6176100.0 ], [ 718400.0, 6176200.0 ], [ 718500.0, 6176200.0 ], [ 718600.0, 6176200.0 ], [ 718700.0, 6176200.0 ], [ 718800.0, 6176200.0 ], [ 718800.0, 6176100.0 ], [ 718700.0, 6176100.0 ], [ 718700.0, 6176000.0 ], [ 718600.0, 6176000.0 ] ] ] } },
{ "type": "Feature", "properties": { "Shape_Area": 30000.0, "Shape_Leng": 800.0, "cluster_id": "101_1085", "fid_1": 1085.0, "id_munic": 1085.0, "munic_clus": "101_1085", "munic_code": 101.0, "min": 3.0163278579711914, "max": 3.0163278579711914, "mean": 3.0163278579711914, "count": 3, "std": 0.0, "range": 0.0 }, "geometry": { "type": "Polygon", "coordinates": [ [ [ 721400.0, 6174400.0 ], [ 721400.0, 6174500.0 ], [ 721500.0, 6174500.0 ], [ 721500.0, 6174400.0 ], [ 721500.0, 6174300.0 ], [ 721400.0, 6174300.0 ], [ 721300.0, 6174300.0 ], [ 721300.0, 6174400.0 ], [ 721400.0, 6174400.0 ] ] ] } },
{ "type": "Feature", "properties": { "Shape_Area": 100000.0, "Shape_Leng": 1400.0, "cluster_id": "101_1086", "fid_1": 1086.0, "id_munic": 1086.0, "munic_clus": "101_1086", "munic_code": 101.0, "min": 3.5601468086242676, "max": 3.5601468086242676, "mean": 3.5601467132568358, "count": 10, "std": 9.5367431729442855e-08, "range": 0.0 }, "geometry": { "type": "Polygon", "coordinates": [ [ [ 723500.0, 6178500.0 ], [ 723400.0, 6178500.0 ], [ 723300.0, 6178500.0 ], [ 723300.0, 6178600.0 ], [ 723300.0, 6178700.0 ], [ 723300.0, 6178800.0 ], [ 723300.0, 6178900.0 ], [ 723300.0, 6179000.0 ], [ 723400.0, 6179000.0 ], [ 723500.0, 6179000.0 ], [ 723500.0, 6178900.0 ], [ 723500.0, 6178800.0 ], [ 723500.0, 6178700.0 ], [ 723500.0, 6178600.0 ], [ 723500.0, 6178500.0 ] ] ] } },
{ "type": "Feature", "properties": { "Shape_Area": 130000.0, "Shape_Leng": 1800.0, "cluster_id": "101_1087", "fid_1": 1087.0, "id_munic": 1087.0, "munic_clus": "101_1087", "munic_code": 101.0, "min": 3.3515493869781494, "max": 3.3515493869781494, "mean": 3.3515498821551981, "count": 13, "std": 4.9517704869828094e-07, "range": 0.0 }, "geometry": { "type": "Polygon", "coordinates": [ [ [ 721400.0, 6173300.0 ], [ 721500.0, 6173300.0 ], [ 721500.0, 6173400.0 ], [ 721500.0, 6173500.0 ], [ 721600.0, 6173500.0 ], [ 721700.0, 6173500.0 ], [ 721700.0, 6173600.0 ], [ 721800.0, 6173600.0 ], [ 721800.0, 6173500.0 ], [ 721800.0, 6173400.0 ], [ 721800.0, 6173300.0 ], [ 721700.0, 6173300.0 ], [ 721700.0, 6173200.0 ], [ 721700.0, 6173100.0 ], [ 721600.0, 6173100.0 ], [ 721500.0, 6173100.0 ], [ 721400.0, 6173100.0 ], [ 721400.0, 6173200.0 ], [ 721400.0, 6173300.0 ] ] ] } },
{ "type": "Feature", "properties": { "Shape_Area": 60000.0, "Shape_Leng": 1000.0, "cluster_id": "101_1088", "fid_1": 1088.0, "id_munic": 1088.0, "munic_clus": "101_1088", "munic_code": 101.0, "min": 3.8953683376312256, "max": 3.8953683376312256, "mean": 3.8953682581583657, "count": 6, "std": 7.947285984855057e-08, "range": 0.0 }, "geometry": { "type": "Polygon", "coordinates": [ [ [ 718800.0, 6176500.0 ], [ 718700.0, 6176500.0 ], [ 718700.0, 6176600.0 ], [ 718700.0, 6176700.0 ], [ 718700.0, 6176800.0 ], [ 718800.0, 6176800.0 ], [ 718900.0, 6176800.0 ], [ 718900.0, 6176700.0 ], [ 718900.0, 6176600.0 ], [ 718900.0, 6176500.0 ], [ 718800.0, 6176500.0 ] ] ] } },
{ "type": "Feature", "properties": { "Shape_Area": 20000.0, "Shape_Leng": 600.0, "cluster_id": "101_1089", "fid_1": 1089.0, "id_munic": 1089.0, "munic_clus": "101_1089", "munic_code": 101.0, "min": 3.2254254817962646, "max": 3.2254254817962646, "mean": 3.2254254817962646, "count": 2, "std": 0.0, "range": 0.0 }, "geometry": { "type": "Polygon", "coordinates": [ [ [ 724100.0, 6180000.0 ], [ 724200.0, 6180000.0 ], [ 724300.0, 6180000.0 ], [ 724300.0, 6179900.0 ], [ 724200.0, 6179900.0 ], [ 724100.0, 6179900.0 ], [ 724100.0, 6180000.0 ] ] ] } },
{ "type": "Feature", "properties": { "Shape_Area": 240000.0, "Shape_Leng": 2800.0, "cluster_id": "101_1090", "fid_1": 1090.0, "id_munic": 1090.0, "munic_clus": "101_1090", "munic_code": 101.0, "min": 4.4591798782348633, "max": 4.4591798782348633, "mean": 4.4591795603434248, "count": 24, "std": 3.1789143850602386e-07, "range": 0.0 }, "geometry": { "type": "Polygon", "coordinates": [ [ [ 724000.0, 6179000.0 ], [ 724000.0, 6179100.0 ], [ 723900.0, 6179100.0 ], [ 723800.0, 6179100.0 ], [ 723800.0, 6179200.0 ], [ 723900.0, 6179200.0 ], [ 724000.0, 6179200.0 ], [ 724000.0, 6179300.0 ], [ 724000.0, 6179400.0 ], [ 724100.0, 6179400.0 ], [ 724100.0, 6179300.0 ], [ 724200.0, 6179300.0 ], [ 724300.0, 6179300.0 ], [ 724400.0, 6179300.0 ], [ 724400.0, 6179200.0 ], [ 724500.0, 6179200.0 ], [ 724500.0, 6179100.0 ], [ 724600.0, 6179100.0 ], [ 724600.0, 6179000.0 ], [ 724500.0, 6179000.0 ], [ 724500.0, 6178900.0 ], [ 724400.0, 6178900.0 ], [ 724400.0, 6178800.0 ], [ 724300.0, 6178800.0 ], [ 724200.0, 6178800.0 ], [ 724200.0, 6178900.0 ], [ 724100.0, 6178900.0 ], [ 724100.0, 6179000.0 ], [ 724000.0, 6179000.0 ] ] ] } },
{ "type": "Feature", "properties": { "Shape_Area": 20000.0, "Shape_Leng": 600.0, "cluster_id": "101_1091", "fid_1": 1091.0, "id_munic": 1091.0, "munic_clus": "101_1091", "munic_code": 101.0, "min": 2.8385541439056396, "max": 2.8385541439056396, "mean": 2.8385541439056396, "count": 2, "std": 0.0, "range": 0.0 }, "geometry": { "type": "Polygon", "coordinates": [ [ [ 721200.0, 6174100.0 ], [ 721200.0, 6174200.0 ], [ 721300.0, 6174200.0 ], [ 721300.0, 6174100.0 ], [ 721300.0, 6174000.0 ], [ 721200.0, 6174000.0 ], [ 721200.0, 6174100.0 ] ] ] } },
{ "type": "Feature", "properties": { "Shape_Area": 40000.0, "Shape_Leng": 800.0, "cluster_id": "101_1092", "fid_1": 1092.0, "id_munic": 1092.0, "munic_clus": "101_1092", "munic_code": 101.0, "min": 3.7735753059387207, "max": 3.7735753059387207, "mean": 3.7735753059387207, "count": 4, "std": 0.0, "range": 0.0 }, "geometry": { "type": "Polygon", "coordinates": [ [ [ 727000.0, 6174500.0 ], [ 726900.0, 6174500.0 ], [ 726800.0, 6174500.0 ], [ 726800.0, 6174600.0 ], [ 726800.0, 6174700.0 ], [ 726900.0, 6174700.0 ], [ 727000.0, 6174700.0 ], [ 727000.0, 6174600.0 ], [ 727000.0, 6174500.0 ] ] ] } },
{ "type": "Feature", "properties": { "Shape_Area": 20000.0, "Shape_Leng": 600.0, "cluster_id": "101_1093", "fid_1": 1093.0, "id_munic": 1093.0, "munic_clus": "101_1093", "munic_code": 101.0, "min": 3.234588623046875, "max": 3.234588623046875, "mean": 3.234588623046875, "count": 2, "std": 0.0, "range": 0.0 }, "geometry": { "type": "Polygon", "coordinates": [ [ [ 722900.0, 6177800.0 ], [ 723000.0, 6177800.0 ], [ 723100.0, 6177800.0 ], [ 723100.0, 6177700.0 ], [ 723000.0, 6177700.0 ], [ 722900.0, 6177700.0 ], [ 722900.0, 6177800.0 ] ] ] } },
{ "type": "Feature", "properties": { "Shape_Area": 30000.0, "Shape_Leng": 800.0, "cluster_id": "101_1094", "fid_1": 1094.0, "id_munic": 1094.0, "munic_clus": "101_1094", "munic_code": 101.0, "min": 4.2700772285461426, "max": 4.2700772285461426, "mean": 4.2700773874918623, "count": 3, "std": 1.5894571969710114e-07, "range": 0.0 }, "geometry": { "type": "Polygon", "coordinates": [ [ [ 727900.0, 6172800.0 ], [ 727900.0, 6172900.0 ], [ 728000.0, 6172900.0 ], [ 728000.0, 6172800.0 ], [ 728000.0, 6172700.0 ], [ 728000.0, 6172600.0 ], [ 727900.0, 6172600.0 ], [ 727900.0, 6172700.0 ], [ 727900.0, 6172800.0 ] ] ] } },
{ "type": "Feature", "properties": { "Shape_Area": 30000.0, "Shape_Leng": 800.0, "cluster_id": "101_1095", "fid_1": 1095.0, "id_munic": 1095.0, "munic_clus": "101_1095", "munic_code": 101.0, "min": 3.1801071166992188, "max": 3.1801071166992188, "mean": 3.1801071166992188, "count": 3, "std": 0.0, "range": 0.0 }, "geometry": { "type": "Polygon", "coordinates": [ [ [ 725000.0, 6174800.0 ], [ 725100.0, 6174800.0 ], [ 725200.0, 6174800.0 ], [ 725200.0, 6174700.0 ], [ 725100.0, 6174700.0 ], [ 725000.0, 6174700.0 ], [ 724900.0, 6174700.0 ], [ 724900.0, 6174800.0 ], [ 725000.0, 6174800.0 ] ] ] } },
{ "type": "Feature", "properties": { "Shape_Area": 40000.0, "Shape_Leng": 1000.0, "cluster_id": "101_1097", "fid_1": 1097.0, "id_munic": 1097.0, "munic_clus": "101_1097", "munic_code": 101.0, "min": 3.2972345352172852, "max": 3.2972345352172852, "mean": 3.2972345352172852, "count": 4, "std": 0.0, "range": 0.0 }, "geometry": { "type": "Polygon", "coordinates": [ [ [ 719200.0, 6176500.0 ], [ 719200.0, 6176400.0 ], [ 719300.0, 6176400.0 ], [ 719300.0, 6176300.0 ], [ 719200.0, 6176300.0 ], [ 719100.0, 6176300.0 ], [ 719100.0, 6176400.0 ], [ 719000.0, 6176400.0 ], [ 719000.0, 6176500.0 ], [ 719100.0, 6176500.0 ], [ 719200.0, 6176500.0 ] ] ] } },
{ "type": "Feature", "properties": { "Shape_Area": 70000.0, "Shape_Leng": 1400.0, "cluster_id": "101_1099", "fid_1": 1099.0, "id_munic": 1099.0, "munic_clus": "101_1099", "munic_code": 101.0, "min": 2.8955352306365967, "max": 2.8955352306365967, "mean": 2.8955350603376115, "count": 7, "std": 1.7029898513598596e-07, "range": 0.0 }, "geometry": { "type": "Polygon", "coordinates": [ [ [ 720100.0, 6174500.0 ], [ 720200.0, 6174500.0 ], [ 720300.0, 6174500.0 ], [ 720300.0, 6174400.0 ], [ 720200.0, 6174400.0 ], [ 720100.0, 6174400.0 ], [ 720100.0, 6174300.0 ], [ 720000.0, 6174300.0 ], [ 719900.0, 6174300.0 ], [ 719900.0, 6174400.0 ], [ 719800.0, 6174400.0 ], [ 719800.0, 6174500.0 ], [ 719900.0, 6174500.0 ], [ 720000.0, 6174500.0 ], [ 720100.0, 6174500.0 ] ] ] } },
{ "type": "Feature", "properties": { "Shape_Area": 110000.0, "Shape_Leng": 1600.0, "cluster_id": "101_1100", "fid_1": 1100.0, "id_munic": 1100.0, "munic_clus": "101_1100", "munic_code": 101.0, "min": 3.4725093841552734, "max": 3.4725093841552734, "mean": 3.4725092107599433, "count": 11, "std": 1.7339533009419481e-07, "range": 0.0 }, "geometry": { "type": "Polygon", "coordinates": [ [ [ 722300.0, 6174300.0 ], [ 722300.0, 6174400.0 ], [ 722300.0, 6174500.0 ], [ 722300.0, 6174600.0 ], [ 722300.0, 6174700.0 ], [ 722400.0, 6174700.0 ], [ 722500.0, 6174700.0 ], [ 722500.0, 6174800.0 ], [ 722600.0, 6174800.0 ], [ 722600.0, 6174700.0 ], [ 722600.0, 6174600.0 ], [ 722600.0, 6174500.0 ], [ 722500.0, 6174500.0 ], [ 722500.0, 6174400.0 ], [ 722500.0, 6174300.0 ], [ 722400.0, 6174300.0 ], [ 722300.0, 6174300.0 ] ] ] } },
{ "type": "Feature", "properties": { "Shape_Area": 20000.0, "Shape_Leng": 600.0, "cluster_id": "101_1101", "fid_1": 1101.0, "id_munic": 1101.0, "munic_clus": "101_1101", "munic_code": 101.0, "min": 3.7035989761352539, "max": 3.7035989761352539, "mean": 3.7035989761352539, "count": 2, "std": 0.0, "range": 0.0 }, "geometry": { "type": "Polygon", "coordinates": [ [ [ 722100.0, 6172700.0 ], [ 722200.0, 6172700.0 ], [ 722300.0, 6172700.0 ], [ 722300.0, 6172600.0 ], [ 722200.0, 6172600.0 ], [ 722100.0, 6172600.0 ], [ 722100.0, 6172700.0 ] ] ] } },
{ "type": "Feature", "properties": { "Shape_Area": 50000.0, "Shape_Leng": 1000.0, "cluster_id": "101_1102", "fid_1": 1102.0, "id_munic": 1102.0, "munic_clus": "101_1102", "munic_code": 101.0, "min": 3.3132295608520508, "max": 3.3132295608520508, "mean": 3.3132293701171873, "count": 5, "std": 1.9073486345888568e-07, "range": 0.0 }, "geometry": { "type": "Polygon", "coordinates": [ [ [ 719300.0, 6174900.0 ], [ 719200.0, 6174900.0 ], [ 719100.0, 6174900.0 ], [ 719100.0, 6175000.0 ], [ 719100.0, 6175100.0 ], [ 719200.0, 6175100.0 ], [ 719300.0, 6175100.0 ], [ 719400.0, 6175100.0 ], [ 719400.0, 6175000.0 ], [ 719300.0, 6175000.0 ], [ 719300.0, 6174900.0 ] ] ] } },
{ "type": "Feature", "properties": { "Shape_Area": 20000.0, "Shape_Leng": 600.0, "cluster_id": "101_1103", "fid_1": 1103.0, "id_munic": 1103.0, "munic_clus": "101_1103", "munic_code": 101.0, "min": 3.8400533199310303, "max": 3.8400533199310303, "mean": 3.8400533199310303, "count": 2, "std": 0.0, "range": 0.0 }, "geometry": { "type": "Polygon", "coordinates": [ [ [ 718800.0, 6176200.0 ], [ 718900.0, 6176200.0 ], [ 719000.0, 6176200.0 ], [ 719000.0, 6176100.0 ], [ 718900.0, 6176100.0 ], [ 718800.0, 6176100.0 ], [ 718800.0, 6176200.0 ] ] ] } },
{ "type": "Feature", "properties": { "Shape_Area": 80000.0, "Shape_Leng": 1600.0, "cluster_id": "101_1104", "fid_1": 1104.0, "id_munic": 1104.0, "munic_clus": "101_1104", "munic_code": 101.0, "min": 3.3292236328125, "max": 3.3292236328125, "mean": 3.3292236328125, "count": 8, "std": 0.0, "range": 0.0 }, "geometry": { "type": "Polygon", "coordinates": [ [ [ 721100.0, 6179300.0 ], [ 721200.0, 6179300.0 ], [ 721200.0, 6179400.0 ], [ 721300.0, 6179400.0 ], [ 721300.0, 6179500.0 ], [ 721300.0, 6179600.0 ], [ 721400.0, 6179600.0 ], [ 721400.0, 6179500.0 ], [ 721400.0, 6179400.0 ], [ 721500.0, 6179400.0 ], [ 721500.0, 6179300.0 ], [ 721400.0, 6179300.0 ], [ 721400.0, 6179200.0 ], [ 721300.0, 6179200.0 ], [ 721200.0, 6179200.0 ], [ 721100.0, 6179200.0 ], [ 721100.0, 6179300.0 ] ] ] } },
{ "type": "Feature", "properties": { "Shape_Area": 20000.0, "Shape_Leng": 600.0, "cluster_id": "101_1105", "fid_1": 1105.0, "id_munic": 1105.0, "munic_clus": "101_1105", "munic_code": 101.0, "min": 2.9388537406921387, "max": 2.9388537406921387, "mean": 2.9388537406921387, "count": 2, "std": 0.0, "range": 0.0 }, "geometry": { "type": "Polygon", "coordinates": [ [ [ 720600.0, 6177600.0 ], [ 720700.0, 6177600.0 ], [ 720800.0, 6177600.0 ], [ 720800.0, 6177500.0 ], [ 720700.0, 6177500.0 ], [ 720600.0, 6177500.0 ], [ 720600.0, 6177600.0 ] ] ] } },
{ "type": "Feature", "properties": { "Shape_Area": 30000.0, "Shape_Leng": 800.0, "cluster_id": "101_1106", "fid_1": 1106.0, "id_munic": 1106.0, "munic_clus": "101_1106", "munic_code": 101.0, "min": 4.0714764595031738, "max": 4.0714764595031738, "mean": 4.0714766184488935, "count": 3, "std": 1.5894571969710114e-07, "range": 0.0 }, "geometry": { "type": "Polygon", "coordinates": [ [ [ 719300.0, 6177000.0 ], [ 719400.0, 6177000.0 ], [ 719500.0, 6177000.0 ], [ 719600.0, 6177000.0 ], [ 719600.0, 6176900.0 ], [ 719500.0, 6176900.0 ], [ 719400.0, 6176900.0 ], [ 719300.0, 6176900.0 ], [ 719300.0, 6177000.0 ] ] ] } },
{ "type": "Feature", "properties": { "Shape_Area": 40000.0, "Shape_Leng": 1000.0, "cluster_id": "101_1107", "fid_1": 1107.0, "id_munic": 1107.0, "munic_clus": "101_1107", "munic_code": 101.0, "min": 2.9700100421905518, "max": 2.9700100421905518, "mean": 2.9700100421905518, "count": 4, "std": 0.0, "range": 0.0 }, "geometry": { "type": "Polygon", "coordinates": [ [ [ 719900.0, 6177400.0 ], [ 719900.0, 6177500.0 ], [ 719900.0, 6177600.0 ], [ 720000.0, 6177600.0 ], [ 720000.0, 6177500.0 ], [ 720100.0, 6177500.0 ], [ 720100.0, 6177400.0 ], [ 720000.0, 6177400.0 ], [ 720000.0, 6177300.0 ], [ 719900.0, 6177300.0 ], [ 719900.0, 6177400.0 ] ] ] } },
{ "type": "Feature", "properties": { "Shape_Area": 70000.0, "Shape_Leng": 1200.0, "cluster_id": "101_1108", "fid_1": 1108.0, "id_munic": 1108.0, "munic_clus": "101_1108", "munic_code": 101.0, "min": 3.3217263221740723, "max": 3.3217263221740723, "mean": 3.3217263902936662, "count": 7, "std": 6.8119593965576541e-08, "range": 0.0 }, "geometry": { "type": "Polygon", "coordinates": [ [ [ 718400.0, 6179000.0 ], [ 718400.0, 6179100.0 ], [ 718500.0, 6179100.0 ], [ 718600.0, 6179100.0 ], [ 718600.0, 6179000.0 ], [ 718600.0, 6178900.0 ], [ 718700.0, 6178900.0 ], [ 718700.0, 6178800.0 ], [ 718600.0, 6178800.0 ], [ 718500.0, 6178800.0 ], [ 718400.0, 6178800.0 ], [ 718400.0, 6178900.0 ], [ 718400.0, 6179000.0 ] ] ] } },
{ "type": "Feature", "properties": { "Shape_Area": 30000.0, "Shape_Leng": 800.0, "cluster_id": "101_1109", "fid_1": 1109.0, "id_munic": 1109.0, "munic_clus": "101_1109", "munic_code": 101.0, "min": 3.6479511260986328, "max": 3.6479511260986328, "mean": 3.6479511260986328, "count": 3, "std": 0.0, "range": 0.0 }, "geometry": { "type": "Polygon", "coordinates": [ [ [ 723800.0, 6179900.0 ], [ 723900.0, 6179900.0 ], [ 724000.0, 6179900.0 ], [ 724000.0, 6179800.0 ], [ 723900.0, 6179800.0 ], [ 723800.0, 6179800.0 ], [ 723700.0, 6179800.0 ], [ 723700.0, 6179900.0 ], [ 723800.0, 6179900.0 ] ] ] } },
{ "type": "Feature", "properties": { "Shape_Area": 50000.0, "Shape_Leng": 1000.0, "cluster_id": "101_1110", "fid_1": 1110.0, "id_munic": 1110.0, "munic_clus": "101_1110", "munic_code": 101.0, "min": 3.2319226264953613, "max": 3.2319226264953613, "mean": 3.2319225311279296, "count": 5, "std": 9.5367431729442842e-08, "range": 0.0 }, "geometry": { "type": "Polygon", "coordinates": [ [ [ 720200.0, 6174600.0 ], [ 720200.0, 6174500.0 ], [ 720100.0, 6174500.0 ], [ 720000.0, 6174500.0 ], [ 719900.0, 6174500.0 ], [ 719900.0, 6174600.0 ], [ 719900.0, 6174700.0 ], [ 720000.0, 6174700.0 ], [ 720100.0, 6174700.0 ], [ 720100.0, 6174600.0 ], [ 720200.0, 6174600.0 ] ] ] } },
{ "type": "Feature", "properties": { "Shape_Area": 220000.0, "Shape_Leng": 3000.0, "cluster_id": "101_1111", "fid_1": 1111.0, "id_munic": 1111.0, "munic_clus": "101_1111", "munic_code": 101.0, "min": 4.0599808692932129, "max": 4.0599808692932129, "mean": 4.0599809126420459, "count": 22, "std": 4.3348832967637918e-08, "range": 0.0 }, "geometry": { "type": "Polygon", "coordinates": [ [ [ 724800.0, 6177200.0 ], [ 724700.0, 6177200.0 ], [ 724700.0, 6177300.0 ], [ 724800.0, 6177300.0 ], [ 724800.0, 6177400.0 ], [ 724900.0, 6177400.0 ], [ 724900.0, 6177500.0 ], [ 725000.0, 6177500.0 ], [ 725000.0, 6177600.0 ], [ 725100.0, 6177600.0 ], [ 725200.0, 6177600.0 ], [ 725200.0, 6177700.0 ], [ 725200.0, 6177800.0 ], [ 725300.0, 6177800.0 ], [ 725300.0, 6177700.0 ], [ 725400.0, 6177700.0 ], [ 725400.0, 6177600.0 ], [ 725500.0, 6177600.0 ], [ 725500.0, 6177500.0 ], [ 725400.0, 6177500.0 ], [ 725400.0, 6177400.0 ], [ 725300.0, 6177400.0 ], [ 725200.0, 6177400.0 ], [ 725200.0, 6177300.0 ], [ 725100.0, 6177300.0 ], [ 725100.0, 6177200.0 ], [ 725000.0, 6177200.0 ], [ 725000.0, 6177100.0 ], [ 724900.0, 6177100.0 ], [ 724900.0, 6177200.0 ], [ 724800.0, 6177200.0 ] ] ] } },
{ "type": "Feature", "properties": { "Shape_Area": 130000.0, "Shape_Leng": 2200.0, "cluster_id": "101_1112", "fid_1": 1112.0, "id_munic": 1112.0, "munic_clus": "101_1112", "munic_code": 101.0, "min": 3.9475176334381104, "max": 3.9475176334381104, "mean": 3.9475176884577823, "count": 13, "std": 5.5019671929557035e-08, "range": 0.0 }, "geometry": { "type": "Polygon", "coordinates": [ [ [ 718200.0, 6178000.0 ], [ 718200.0, 6178100.0 ], [ 718100.0, 6178100.0 ], [ 718000.0, 6178100.0 ], [ 718000.0, 6178200.0 ], [ 718100.0, 6178200.0 ], [ 718200.0, 6178200.0 ], [ 718300.0, 6178200.0 ], [ 718300.0, 6178300.0 ], [ 718400.0, 6178300.0 ], [ 718400.0, 6178200.0 ], [ 718400.0, 6178100.0 ], [ 718500.0, 6178100.0 ], [ 718600.0, 6178100.0 ], [ 718700.0, 6178100.0 ], [ 718700.0, 6178000.0 ], [ 718700.0, 6177900.0 ], [ 718600.0, 6177900.0 ], [ 718500.0, 6177900.0 ], [ 718400.0, 6177900.0 ], [ 718400.0, 6178000.0 ], [ 718300.0, 6178000.0 ], [ 718200.0, 6178000.0 ] ] ] } },
{ "type": "Feature", "properties": { "Shape_Area": 30000.0, "Shape_Leng": 800.0, "cluster_id": "101_1113", "fid_1": 1113.0, "id_munic": 1113.0, "munic_clus": "101_1113", "munic_code": 101.0, "min": 2.8552150726318359, "max": 2.8552150726318359, "mean": 2.8552150726318359, "count": 3, "std": 0.0, "range": 0.0 }, "geometry": { "type": "Polygon", "coordinates": [ [ [ 723400.0, 6177100.0 ], [ 723400.0, 6177200.0 ], [ 723500.0, 6177200.0 ], [ 723600.0, 6177200.0 ], [ 723600.0, 6177100.0 ], [ 723500.0, 6177100.0 ], [ 723500.0, 6177000.0 ], [ 723400.0, 6177000.0 ], [ 723400.0, 6177100.0 ] ] ] } },
{ "type": "Feature", "properties": { "Shape_Area": 40000.0, "Shape_Leng": 1000.0, "cluster_id": "101_1114", "fid_1": 1114.0, "id_munic": 1114.0, "munic_clus": "101_1114", "munic_code": 101.0, "min": 3.70243239402771, "max": 3.70243239402771, "mean": 3.70243239402771, "count": 4, "std": 0.0, "range": 0.0 }, "geometry": { "type": "Polygon", "coordinates": [ [ [ 721800.0, 6178000.0 ], [ 721900.0, 6178000.0 ], [ 721900.0, 6177900.0 ], [ 721800.0, 6177900.0 ], [ 721700.0, 6177900.0 ], [ 721600.0, 6177900.0 ], [ 721600.0, 6178000.0 ], [ 721600.0, 6178100.0 ], [ 721700.0, 6178100.0 ], [ 721700.0, 6178000.0 ], [ 721800.0, 6178000.0 ] ] ] } },
{ "type": "Feature", "properties": { "Shape_Area": 20000.0, "Shape_Leng": 600.0, "cluster_id": "101_1115", "fid_1": 1115.0, "id_munic": 1115.0, "munic_clus": "101_1115", "munic_code": 101.0, "min": 3.482006311416626, "max": 3.482006311416626, "mean": 3.482006311416626, "count": 2, "std": 0.0, "range": 0.0 }, "geometry": { "type": "Polygon", "coordinates": [ [ [ 723000.0, 6176900.0 ], [ 723100.0, 6176900.0 ], [ 723200.0, 6176900.0 ], [ 723200.0, 6176800.0 ], [ 723100.0, 6176800.0 ], [ 723000.0, 6176800.0 ], [ 723000.0, 6176900.0 ] ] ] } },
{ "type": "Feature", "properties": { "Shape_Area": 160000.0, "Shape_Leng": 1800.0, "cluster_id": "101_1116", "fid_1": 1116.0, "id_munic": 1116.0, "munic_clus": "101_1116", "munic_code": 101.0, "min": 3.7625787258148193, "max": 3.7625787258148193, "mean": 3.7625784873962402, "count": 16, "std": 2.384185791015625e-07, "range": 0.0 }, "geometry": { "type": "Polygon", "coordinates": [ [ [ 720700.0, 6174200.0 ], [ 720600.0, 6174200.0 ], [ 720600.0, 6174300.0 ], [ 720600.0, 6174400.0 ], [ 720600.0, 6174500.0 ], [ 720700.0, 6174500.0 ], [ 720800.0, 6174500.0 ], [ 720900.0, 6174500.0 ], [ 721000.0, 6174500.0 ], [ 721100.0, 6174500.0 ], [ 721100.0, 6174400.0 ], [ 721100.0, 6174300.0 ], [ 721200.0, 6174300.0 ], [ 721200.0, 6174200.0 ], [ 721100.0, 6174200.0 ], [ 721000.0, 6174200.0 ], [ 720900.0, 6174200.0 ], [ 720800.0, 6174200.0 ], [ 720700.0, 6174200.0 ] ] ] } },
{ "type": "Feature", "properties": { "Shape_Area": 20000.0, "Shape_Leng": 600.0, "cluster_id": "101_1117", "fid_1": 1117.0, "id_munic": 1117.0, "munic_clus": "101_1117", "munic_code": 101.0, "min": 3.8450517654418945, "max": 3.8450517654418945, "mean": 3.8450517654418945, "count": 2, "std": 0.0, "range": 0.0 }, "geometry": { "type": "Polygon", "coordinates": [ [ [ 727200.0, 6174400.0 ], [ 727300.0, 6174400.0 ], [ 727400.0, 6174400.0 ], [ 727400.0, 6174300.0 ], [ 727300.0, 6174300.0 ], [ 727200.0, 6174300.0 ], [ 727200.0, 6174400.0 ] ] ] } },
{ "type": "Feature", "properties": { "Shape_Area": 60000.0, "Shape_Leng": 1400.0, "cluster_id": "101_1118", "fid_1": 1118.0, "id_munic": 1118.0, "munic_clus": "101_1118", "munic_code": 101.0, "min": 2.8265583515167236, "max": 2.8265583515167236, "mean": 2.8265584309895835, "count": 6, "std": 7.947285984855057e-08, "range": 0.0 }, "geometry": { "type": "Polygon", "coordinates": [ [ [ 726600.0, 6173800.0 ], [ 726700.0, 6173800.0 ], [ 726700.0, 6173900.0 ], [ 726800.0, 6173900.0 ], [ 726800.0, 6173800.0 ], [ 726900.0, 6173800.0 ], [ 726900.0, 6173700.0 ], [ 726800.0, 6173700.0 ], [ 726700.0, 6173700.0 ], [ 726600.0, 6173700.0 ], [ 726600.0, 6173600.0 ], [ 726500.0, 6173600.0 ], [ 726500.0, 6173700.0 ], [ 726500.0, 6173800.0 ], [ 726600.0, 6173800.0 ] ] ] } },
{ "type": "Feature", "properties": { "Shape_Area": 20000.0, "Shape_Leng": 600.0, "cluster_id": "101_1119", "fid_1": 1119.0, "id_munic": 1119.0, "munic_clus": "101_1119", "munic_code": 101.0, "min": 3.5119965076446533, "max": 3.5119965076446533, "mean": 3.5119965076446533, "count": 2, "std": 0.0, "range": 0.0 }, "geometry": { "type": "Polygon", "coordinates": [ [ [ 721900.0, 6179600.0 ], [ 721900.0, 6179700.0 ], [ 722000.0, 6179700.0 ], [ 722000.0, 6179600.0 ], [ 722000.0, 6179500.0 ], [ 721900.0, 6179500.0 ], [ 721900.0, 6179600.0 ] ] ] } },
{ "type": "Feature", "properties": { "Shape_Area": 30000.0, "Shape_Leng": 800.0, "cluster_id": "101_1120", "fid_1": 1120.0, "id_munic": 1120.0, "munic_clus": "101_1120", "munic_code": 101.0, "min": 2.4901702404022217, "max": 2.4901702404022217, "mean": 2.4901701609293618, "count": 3, "std": 7.947285984855057e-08, "range": 0.0 }, "geometry": { "type": "Polygon", "coordinates": [ [ [ 725900.0, 6175700.0 ], [ 725900.0, 6175800.0 ], [ 726000.0, 6175800.0 ], [ 726000.0, 6175700.0 ], [ 726000.0, 6175600.0 ], [ 726000.0, 6175500.0 ], [ 725900.0, 6175500.0 ], [ 725900.0, 6175600.0 ], [ 725900.0, 6175700.0 ] ] ] } },
{ "type": "Feature", "properties": { "Shape_Area": 40000.0, "Shape_Leng": 1000.0, "cluster_id": "101_1121", "fid_1": 1121.0, "id_munic": 1121.0, "munic_clus": "101_1121", "munic_code": 101.0, "min": 2.9231925010681152, "max": 2.9231925010681152, "mean": 2.9231925010681152, "count": 4, "std": 0.0, "range": 0.0 }, "geometry": { "type": "Polygon", "coordinates": [ [ [ 722100.0, 6178300.0 ], [ 722100.0, 6178400.0 ], [ 722100.0, 6178500.0 ], [ 722200.0, 6178500.0 ], [ 722300.0, 6178500.0 ], [ 722300.0, 6178400.0 ], [ 722200.0, 6178400.0 ], [ 722200.0, 6178300.0 ], [ 722200.0, 6178200.0 ], [ 722100.0, 6178200.0 ], [ 722100.0, 6178300.0 ] ] ] } },
{ "type": "Feature", "properties": { "Shape_Area": 170000.0, "Shape_Leng": 2000.0, "cluster_id": "101_1122", "fid_1": 1122.0, "id_munic": 1122.0, "munic_clus": "101_1122", "munic_code": 101.0, "min": 2.8727097511291504, "max": 2.8727097511291504, "mean": 2.8727098352768841, "count": 17, "std": 8.4147733669936984e-08, "range": 0.0 }, "geometry": { "type": "Polygon", "coordinates": [ [ [ 726000.0, 6176100.0 ], [ 725900.0, 6176100.0 ], [ 725800.0, 6176100.0 ], [ 725800.0, 6176200.0 ], [ 725800.0, 6176300.0 ], [ 725800.0, 6176400.0 ], [ 725800.0, 6176500.0 ], [ 725900.0, 6176500.0 ], [ 725900.0, 6176600.0 ], [ 725900.0, 6176700.0 ], [ 726000.0, 6176700.0 ], [ 726100.0, 6176700.0 ], [ 726200.0, 6176700.0 ], [ 726200.0, 6176600.0 ], [ 726200.0, 6176500.0 ], [ 726100.0, 6176500.0 ], [ 726100.0, 6176400.0 ], [ 726100.0, 6176300.0 ], [ 726100.0, 6176200.0 ], [ 726000.0, 6176200.0 ], [ 726000.0, 6176100.0 ] ] ] } },
{ "type": "Feature", "properties": { "Shape_Area": 70000.0, "Shape_Leng": 1200.0, "cluster_id": "101_1123", "fid_1": 1123.0, "id_munic": 1123.0, "munic_clus": "101_1123", "munic_code": 101.0, "min": 4.1236257553100586, "max": 4.1236257553100586, "mean": 4.1236256190708707, "count": 7, "std": 1.3623918793115308e-07, "range": 0.0 }, "geometry": { "type": "Polygon", "coordinates": [ [ [ 728000.0, 6172700.0 ], [ 728000.0, 6172800.0 ], [ 728000.0, 6172900.0 ], [ 728000.0, 6173000.0 ], [ 728100.0, 6173000.0 ], [ 728200.0, 6173000.0 ], [ 728200.0, 6172900.0 ], [ 728200.0, 6172800.0 ], [ 728300.0, 6172800.0 ], [ 728300.0, 6172700.0 ], [ 728200.0, 6172700.0 ], [ 728100.0, 6172700.0 ], [ 728000.0, 6172700.0 ] ] ] } },
{ "type": "Feature", "properties": { "Shape_Area": 60000.0, "Shape_Leng": 1200.0, "cluster_id": "101_1124", "fid_1": 1124.0, "id_munic": 1124.0, "munic_clus": "101_1124", "munic_code": 101.0, "min": 3.7640786170959473, "max": 3.7640786170959473, "mean": 3.764078458150228, "count": 6, "std": 1.5894571925301193e-07, "range": 0.0 }, "geometry": { "type": "Polygon", "coordinates": [ [ [ 728000.0, 6172400.0 ], [ 728000.0, 6172500.0 ], [ 728000.0, 6172600.0 ], [ 728000.0, 6172700.0 ], [ 728100.0, 6172700.0 ], [ 728100.0, 6172600.0 ], [ 728200.0, 6172600.0 ], [ 728200.0, 6172500.0 ], [ 728300.0, 6172500.0 ], [ 728300.0, 6172400.0 ], [ 728200.0, 6172400.0 ], [ 728100.0, 6172400.0 ], [ 728000.0, 6172400.0 ] ] ] } },
{ "type": "Feature", "properties": { "Shape_Area": 250000.0, "Shape_Leng": 2600.0, "cluster_id": "101_1125", "fid_1": 1125.0, "id_munic": 1125.0, "munic_clus": "101_1125", "munic_code": 101.0, "min": 3.4580140113830566, "max": 3.4580140113830566, "mean": 3.4580142211914064, "count": 25, "std": 2.0980834980477425e-07, "range": 0.0 }, "geometry": { "type": "Polygon", "coordinates": [ [ [ 726000.0, 6172600.0 ], [ 726000.0, 6172500.0 ], [ 725900.0, 6172500.0 ], [ 725800.0, 6172500.0 ], [ 725700.0, 6172500.0 ], [ 725700.0, 6172400.0 ], [ 725600.0, 6172400.0 ], [ 725600.0, 6172500.0 ], [ 725600.0, 6172600.0 ], [ 725600.0, 6172700.0 ], [ 725700.0, 6172700.0 ], [ 725700.0, 6172800.0 ], [ 725700.0, 6172900.0 ], [ 725700.0, 6173000.0 ], [ 725700.0, 6173100.0 ], [ 725700.0, 6173200.0 ], [ 725700.0, 6173300.0 ], [ 725800.0, 6173300.0 ], [ 725800.0, 6173200.0 ], [ 725900.0, 6173200.0 ], [ 726000.0, 6173200.0 ], [ 726000.0, 6173100.0 ], [ 726000.0, 6173000.0 ], [ 726000.0, 6172900.0 ], [ 726000.0, 6172800.0 ], [ 726000.0, 6172700.0 ], [ 726000.0, 6172600.0 ] ] ] } },
{ "type": "Feature", "properties": { "Shape_Area": 40000.0, "Shape_Leng": 800.0, "cluster_id": "101_1126", "fid_1": 1126.0, "id_munic": 1126.0, "munic_clus": "101_1126", "munic_code": 101.0, "min": 4.0556478500366211, "max": 4.0556478500366211, "mean": 4.0556478500366211, "count": 4, "std": 0.0, "range": 0.0 }, "geometry": { "type": "Polygon", "coordinates": [ [ [ 722000.0, 6179500.0 ], [ 722100.0, 6179500.0 ], [ 722200.0, 6179500.0 ], [ 722200.0, 6179400.0 ], [ 722200.0, 6179300.0 ], [ 722100.0, 6179300.0 ], [ 722000.0, 6179300.0 ], [ 722000.0, 6179400.0 ], [ 722000.0, 6179500.0 ] ] ] } },
{ "type": "Feature", "properties": { "Shape_Area": 30000.0, "Shape_Leng": 800.0, "cluster_id": "101_1127", "fid_1": 1127.0, "id_munic": 1127.0, "munic_clus": "101_1127", "munic_code": 101.0, "min": 3.3040661811828613, "max": 3.3040661811828613, "mean": 3.3040663401285806, "count": 3, "std": 1.5894571925301193e-07, "range": 0.0 }, "geometry": { "type": "Polygon", "coordinates": [ [ [ 718900.0, 6174100.0 ], [ 719000.0, 6174100.0 ], [ 719100.0, 6174100.0 ], [ 719100.0, 6174000.0 ], [ 719000.0, 6174000.0 ], [ 718900.0, 6174000.0 ], [ 718800.0, 6174000.0 ], [ 718800.0, 6174100.0 ], [ 718900.0, 6174100.0 ] ] ] } },
{ "type": "Feature", "properties": { "Shape_Area": 30000.0, "Shape_Leng": 800.0, "cluster_id": "101_1128", "fid_1": 1128.0, "id_munic": 1128.0, "munic_clus": "101_1128", "munic_code": 101.0, "min": 4.1977682113647461, "max": 4.1977682113647461, "mean": 4.1977682113647461, "count": 3, "std": 0.0, "range": 0.0 }, "geometry": { "type": "Polygon", "coordinates": [ [ [ 720500.0, 6178900.0 ], [ 720600.0, 6178900.0 ], [ 720700.0, 6178900.0 ], [ 720700.0, 6178800.0 ], [ 720600.0, 6178800.0 ], [ 720500.0, 6178800.0 ], [ 720400.0, 6178800.0 ], [ 720400.0, 6178900.0 ], [ 720500.0, 6178900.0 ] ] ] } },
{ "type": "Feature", "properties": { "Shape_Area": 120000.0, "Shape_Leng": 1600.0, "cluster_id": "101_1129", "fid_1": 1129.0, "id_munic": 1129.0, "munic_clus": "101_1129", "munic_code": 101.0, "min": 3.9228594303131104, "max": 3.9228594303131104, "mean": 3.9228595097859702, "count": 12, "std": 7.947285984855057e-08, "range": 0.0 }, "geometry": { "type": "Polygon", "coordinates": [ [ [ 719000.0, 6173800.0 ], [ 719100.0, 6173800.0 ], [ 719200.0, 6173800.0 ], [ 719300.0, 6173800.0 ], [ 719300.0, 6173900.0 ], [ 719400.0, 6173900.0 ], [ 719500.0, 6173900.0 ], [ 719500.0, 6173800.0 ], [ 719500.0, 6173700.0 ], [ 719500.0, 6173600.0 ], [ 719400.0, 6173600.0 ], [ 719300.0, 6173600.0 ], [ 719200.0, 6173600.0 ], [ 719100.0, 6173600.0 ], [ 719000.0, 6173600.0 ], [ 719000.0, 6173700.0 ], [ 719000.0, 6173800.0 ] ] ] } },
{ "type": "Feature", "properties": { "Shape_Area": 20000.0, "Shape_Leng": 600.0, "cluster_id": "101_1130", "fid_1": 1130.0, "id_munic": 1130.0, "munic_clus": "101_1130", "munic_code": 101.0, "min": 3.3453848361968994, "max": 3.3453848361968994, "mean": 3.3453848361968994, "count": 2, "std": 0.0, "range": 0.0 }, "geometry": { "type": "Polygon", "coordinates": [ [ [ 725200.0, 6177400.0 ], [ 725300.0, 6177400.0 ], [ 725400.0, 6177400.0 ], [ 725400.0, 6177300.0 ], [ 725300.0, 6177300.0 ], [ 725200.0, 6177300.0 ], [ 725200.0, 6177400.0 ] ] ] } },
{ "type": "Feature", "properties": { "Shape_Area": 40000.0, "Shape_Leng": 1000.0, "cluster_id": "101_1131", "fid_1": 1131.0, "id_munic": 1131.0, "munic_clus": "101_1131", "munic_code": 101.0, "min": 4.1141295433044434, "max": 4.1141295433044434, "mean": 4.1141295433044434, "count": 4, "std": 0.0, "range": 0.0 }, "geometry": { "type": "Polygon", "coordinates": [ [ [ 726500.0, 6173500.0 ], [ 726600.0, 6173500.0 ], [ 726600.0, 6173400.0 ], [ 726500.0, 6173400.0 ], [ 726500.0, 6173300.0 ], [ 726400.0, 6173300.0 ], [ 726400.0, 6173400.0 ], [ 726300.0, 6173400.0 ], [ 726300.0, 6173500.0 ], [ 726400.0, 6173500.0 ], [ 726500.0, 6173500.0 ] ] ] } },
{ "type": "Feature", "properties": { "Shape_Area": 20000.0, "Shape_Leng": 600.0, "cluster_id": "101_1132", "fid_1": 1132.0, "id_munic": 1132.0, "munic_clus": "101_1132", "munic_code": 101.0, "min": 2.975008487701416, "max": 2.975008487701416, "mean": 2.975008487701416, "count": 2, "std": 0.0, "range": 0.0 }, "geometry": { "type": "Polygon", "coordinates": [ [ [ 721900.0, 6179200.0 ], [ 721900.0, 6179300.0 ], [ 722000.0, 6179300.0 ], [ 722000.0, 6179200.0 ], [ 722000.0, 6179100.0 ], [ 721900.0, 6179100.0 ], [ 721900.0, 6179200.0 ] ] ] } },
{ "type": "Feature", "properties": { "Shape_Area": 30000.0, "Shape_Leng": 800.0, "cluster_id": "101_1133", "fid_1": 1133.0, "id_munic": 1133.0, "munic_clus": "101_1133", "munic_code": 101.0, "min": 2.9135286808013916, "max": 2.9135286808013916, "mean": 2.9135287602742515, "count": 3, "std": 7.947285984855057e-08, "range": 0.0 }, "geometry": { "type": "Polygon", "coordinates": [ [ [ 722400.0, 6177700.0 ], [ 722500.0, 6177700.0 ], [ 722600.0, 6177700.0 ], [ 722600.0, 6177600.0 ], [ 722500.0, 6177600.0 ], [ 722500.0, 6177500.0 ], [ 722400.0, 6177500.0 ], [ 722400.0, 6177600.0 ], [ 722400.0, 6177700.0 ] ] ] } },
{ "type": "Feature", "properties": { "Shape_Area": 30000.0, "Shape_Leng": 800.0, "cluster_id": "101_1134", "fid_1": 1134.0, "id_munic": 1134.0, "munic_clus": "101_1134", "munic_code": 101.0, "min": 3.0324892997741699, "max": 3.0324892997741699, "mean": 3.0324891408284507, "count": 3, "std": 1.5894571925301193e-07, "range": 0.0 }, "geometry": { "type": "Polygon", "coordinates": [ [ [ 726100.0, 6174500.0 ], [ 726200.0, 6174500.0 ], [ 726300.0, 6174500.0 ], [ 726300.0, 6174400.0 ], [ 726200.0, 6174400.0 ], [ 726100.0, 6174400.0 ], [ 726000.0, 6174400.0 ], [ 726000.0, 6174500.0 ], [ 726100.0, 6174500.0 ] ] ] } },
{ "type": "Feature", "properties": { "Shape_Area": 20000.0, "Shape_Leng": 600.0, "cluster_id": "101_1135", "fid_1": 1135.0, "id_munic": 1135.0, "munic_clus": "101_1135", "munic_code": 101.0, "min": 3.6609466075897217, "max": 3.6609466075897217, "mean": 3.6609466075897217, "count": 2, "std": 0.0, "range": 0.0 }, "geometry": { "type": "Polygon", "coordinates": [ [ [ 721800.0, 6180200.0 ], [ 721800.0, 6180300.0 ], [ 721900.0, 6180300.0 ], [ 721900.0, 6180200.0 ], [ 721900.0, 6180100.0 ], [ 721800.0, 6180100.0 ], [ 721800.0, 6180200.0 ] ] ] } },
{ "type": "Feature", "properties": { "Shape_Area": 90000.0, "Shape_Leng": 1600.0, "cluster_id": "101_1136", "fid_1": 1136.0, "id_munic": 1136.0, "munic_clus": "101_1136", "munic_code": 101.0, "min": 3.6229591369628906, "max": 3.6229591369628906, "mean": 3.6229591369628906, "count": 9, "std": 0.0, "range": 0.0 }, "geometry": { "type": "Polygon", "coordinates": [ [ [ 727400.0, 6174400.0 ], [ 727500.0, 6174400.0 ], [ 727500.0, 6174500.0 ], [ 727600.0, 6174500.0 ], [ 727700.0, 6174500.0 ], [ 727700.0, 6174600.0 ], [ 727800.0, 6174600.0 ], [ 727800.0, 6174500.0 ], [ 727900.0, 6174500.0 ], [ 727900.0, 6174400.0 ], [ 727800.0, 6174400.0 ], [ 727800.0, 6174300.0 ], [ 727700.0, 6174300.0 ], [ 727600.0, 6174300.0 ], [ 727500.0, 6174300.0 ], [ 727400.0, 6174300.0 ], [ 727400.0, 6174400.0 ] ] ] } },
{ "type": "Feature", "properties": { "Shape_Area": 30000.0, "Shape_Leng": 800.0, "cluster_id": "101_1137", "fid_1": 1137.0, "id_munic": 1137.0, "munic_clus": "101_1137", "munic_code": 101.0, "min": 3.6269581317901611, "max": 3.6269581317901611, "mean": 3.626958211263021, "count": 3, "std": 7.947285984855057e-08, "range": 0.0 }, "geometry": { "type": "Polygon", "coordinates": [ [ [ 720600.0, 6177700.0 ], [ 720700.0, 6177700.0 ], [ 720700.0, 6177800.0 ], [ 720800.0, 6177800.0 ], [ 720800.0, 6177700.0 ], [ 720800.0, 6177600.0 ], [ 720700.0, 6177600.0 ], [ 720600.0, 6177600.0 ], [ 720600.0, 6177700.0 ] ] ] } },
{ "type": "Feature", "properties": { "Shape_Area": 30000.0, "Shape_Leng": 800.0, "cluster_id": "101_1138", "fid_1": 1138.0, "id_munic": 1138.0, "munic_clus": "101_1138", "munic_code": 101.0, "min": 4.7702441215515137, "max": 4.7702441215515137, "mean": 4.770243962605794, "count": 3, "std": 1.5894571969710114e-07, "range": 0.0 }, "geometry": { "type": "Polygon", "coordinates": [ [ [ 718300.0, 6178400.0 ], [ 718200.0, 6178400.0 ], [ 718200.0, 6178500.0 ], [ 718300.0, 6178500.0 ], [ 718400.0, 6178500.0 ], [ 718400.0, 6178400.0 ], [ 718400.0, 6178300.0 ], [ 718300.0, 6178300.0 ], [ 718300.0, 6178400.0 ] ] ] } },
{ "type": "Feature", "properties": { "Shape_Area": 170000.0, "Shape_Leng": 2000.0, "cluster_id": "101_1139", "fid_1": 1139.0, "id_munic": 1139.0, "munic_clus": "101_1139", "munic_code": 101.0, "min": 3.0293238162994385, "max": 3.0293238162994385, "mean": 3.0293238022748161, "count": 17, "std": 1.4024622352337701e-08, "range": 0.0 }, "geometry": { "type": "Polygon", "coordinates": [ [ [ 725300.0, 6175000.0 ], [ 725400.0, 6175000.0 ], [ 725500.0, 6175000.0 ], [ 725500.0, 6174900.0 ], [ 725600.0, 6174900.0 ], [ 725600.0, 6174800.0 ], [ 725600.0, 6174700.0 ], [ 725500.0, 6174700.0 ], [ 725500.0, 6174600.0 ], [ 725500.0, 6174500.0 ], [ 725400.0, 6174500.0 ], [ 725400.0, 6174600.0 ], [ 725300.0, 6174600.0 ], [ 725200.0, 6174600.0 ], [ 725200.0, 6174700.0 ], [ 725200.0, 6174800.0 ], [ 725100.0, 6174800.0 ], [ 725100.0, 6174900.0 ], [ 725100.0, 6175000.0 ], [ 725200.0, 6175000.0 ], [ 725300.0, 6175000.0 ] ] ] } },
{ "type": "Feature", "properties": { "Shape_Area": 20000.0, "Shape_Leng": 600.0, "cluster_id": "101_1140", "fid_1": 1140.0, "id_munic": 1140.0, "munic_clus": "101_1140", "munic_code": 101.0, "min": 2.3240587711334229, "max": 2.3240587711334229, "mean": 2.3240587711334229, "count": 2, "std": 0.0, "range": 0.0 }, "geometry": { "type": "Polygon", "coordinates": [ [ [ 720200.0, 6177500.0 ], [ 720300.0, 6177500.0 ], [ 720400.0, 6177500.0 ], [ 720400.0, 6177400.0 ], [ 720300.0, 6177400.0 ], [ 720200.0, 6177400.0 ], [ 720200.0, 6177500.0 ] ] ] } },
{ "type": "Feature", "properties": { "Shape_Area": 60000.0, "Shape_Leng": 1200.0, "cluster_id": "101_1141", "fid_1": 1141.0, "id_munic": 1141.0, "munic_clus": "101_1141", "munic_code": 101.0, "min": 3.0303235054016113, "max": 3.0303235054016113, "mean": 3.0303236643473306, "count": 6, "std": 1.5894571925301193e-07, "range": 0.0 }, "geometry": { "type": "Polygon", "coordinates": [ [ [ 722600.0, 6174600.0 ], [ 722600.0, 6174700.0 ], [ 722700.0, 6174700.0 ], [ 722700.0, 6174800.0 ], [ 722800.0, 6174800.0 ], [ 722900.0, 6174800.0 ], [ 722900.0, 6174700.0 ], [ 722900.0, 6174600.0 ], [ 722800.0, 6174600.0 ], [ 722700.0, 6174600.0 ], [ 722700.0, 6174500.0 ], [ 722600.0, 6174500.0 ], [ 722600.0, 6174600.0 ] ] ] } },
{ "type": "Feature", "properties": { "Shape_Area": 20000.0, "Shape_Leng": 600.0, "cluster_id": "101_1142", "fid_1": 1142.0, "id_munic": 1142.0, "munic_clus": "101_1142", "munic_code": 101.0, "min": 3.045818567276001, "max": 3.045818567276001, "mean": 3.045818567276001, "count": 2, "std": 0.0, "range": 0.0 }, "geometry": { "type": "Polygon", "coordinates": [ [ [ 722700.0, 6178400.0 ], [ 722700.0, 6178500.0 ], [ 722800.0, 6178500.0 ], [ 722800.0, 6178400.0 ], [ 722800.0, 6178300.0 ], [ 722700.0, 6178300.0 ], [ 722700.0, 6178400.0 ] ] ] } },
{ "type": "Feature", "properties": { "Shape_Area": 30000.0, "Shape_Leng": 800.0, "cluster_id": "101_1143", "fid_1": 1143.0, "id_munic": 1143.0, "munic_clus": "101_1143", "munic_code": 101.0, "min": 3.1117961406707764, "max": 3.1117961406707764, "mean": 3.1117960611979165, "count": 3, "std": 7.947285984855057e-08, "range": 0.0 }, "geometry": { "type": "Polygon", "coordinates": [ [ [ 722900.0, 6174900.0 ], [ 722900.0, 6174800.0 ], [ 722800.0, 6174800.0 ], [ 722700.0, 6174800.0 ], [ 722700.0, 6174900.0 ], [ 722700.0, 6175000.0 ], [ 722800.0, 6175000.0 ], [ 722800.0, 6174900.0 ], [ 722900.0, 6174900.0 ] ] ] } },
{ "type": "Feature", "properties": { "Shape_Area": 60000.0, "Shape_Leng": 1000.0, "cluster_id": "101_1144", "fid_1": 1144.0, "id_munic": 1144.0, "munic_clus": "101_1144", "munic_code": 101.0, "min": 2.741419792175293, "max": 2.741419792175293, "mean": 2.741419792175293, "count": 6, "std": 0.0, "range": 0.0 }, "geometry": { "type": "Polygon", "coordinates": [ [ [ 727100.0, 6172800.0 ], [ 727200.0, 6172800.0 ], [ 727300.0, 6172800.0 ], [ 727400.0, 6172800.0 ], [ 727400.0, 6172700.0 ], [ 727400.0, 6172600.0 ], [ 727300.0, 6172600.0 ], [ 727200.0, 6172600.0 ], [ 727100.0, 6172600.0 ], [ 727100.0, 6172700.0 ], [ 727100.0, 6172800.0 ] ] ] } },
{ "type": "Feature", "properties": { "Shape_Area": 160000.0, "Shape_Leng": 1800.0, "cluster_id": "101_1145", "fid_1": 1145.0, "id_munic": 1145.0, "munic_clus": "101_1145", "munic_code": 101.0, "min": 3.353715181350708, "max": 3.353715181350708, "mean": 3.3537149429321289, "count": 16, "std": 2.384185791015625e-07, "range": 0.0 }, "geometry": { "type": "Polygon", "coordinates": [ [ [ 718000.0, 6178900.0 ], [ 717900.0, 6178900.0 ], [ 717900.0, 6179000.0 ], [ 717800.0, 6179000.0 ], [ 717800.0, 6179100.0 ], [ 717800.0, 6179200.0 ], [ 717800.0, 6179300.0 ], [ 717900.0, 6179300.0 ], [ 717900.0, 6179400.0 ], [ 718000.0, 6179400.0 ], [ 718100.0, 6179400.0 ], [ 718100.0, 6179300.0 ], [ 718200.0, 6179300.0 ], [ 718200.0, 6179200.0 ], [ 718200.0, 6179100.0 ], [ 718200.0, 6179000.0 ], [ 718100.0, 6179000.0 ], [ 718100.0, 6178900.0 ], [ 718000.0, 6178900.0 ] ] ] } },
{ "type": "Feature", "properties": { "Shape_Area": 20000.0, "Shape_Leng": 600.0, "cluster_id": "101_1146", "fid_1": 1146.0, "id_munic": 1146.0, "munic_clus": "101_1146", "munic_code": 101.0, "min": 3.551483154296875, "max": 3.551483154296875, "mean": 3.551483154296875, "count": 2, "std": 0.0, "range": 0.0 }, "geometry": { "type": "Polygon", "coordinates": [ [ [ 721700.0, 6178800.0 ], [ 721700.0, 6178900.0 ], [ 721800.0, 6178900.0 ], [ 721800.0, 6178800.0 ], [ 721800.0, 6178700.0 ], [ 721700.0, 6178700.0 ], [ 721700.0, 6178800.0 ] ] ] } },
{ "type": "Feature", "properties": { "Shape_Area": 50000.0, "Shape_Leng": 1000.0, "cluster_id": "101_1147", "fid_1": 1147.0, "id_munic": 1147.0, "munic_clus": "101_1147", "munic_code": 101.0, "min": 3.4820067882537842, "max": 3.4820067882537842, "mean": 3.4820068359374998, "count": 5, "std": 4.7683715642676816e-08, "range": 0.0 }, "geometry": { "type": "Polygon", "coordinates": [ [ [ 723700.0, 6179700.0 ], [ 723800.0, 6179700.0 ], [ 723800.0, 6179800.0 ], [ 723900.0, 6179800.0 ], [ 724000.0, 6179800.0 ], [ 724000.0, 6179700.0 ], [ 724000.0, 6179600.0 ], [ 723900.0, 6179600.0 ], [ 723800.0, 6179600.0 ], [ 723700.0, 6179600.0 ], [ 723700.0, 6179700.0 ] ] ] } },
{ "type": "Feature", "properties": { "Shape_Area": 50000.0, "Shape_Leng": 1000.0, "cluster_id": "101_1148", "fid_1": 1148.0, "id_munic": 1148.0, "munic_clus": "101_1148", "munic_code": 101.0, "min": 3.7439184188842773, "max": 3.7439184188842773, "mean": 3.7439186096191408, "count": 5, "std": 1.9073486345888568e-07, "range": 0.0 }, "geometry": { "type": "Polygon", "coordinates": [ [ [ 718900.0, 6176700.0 ], [ 719000.0, 6176700.0 ], [ 719100.0, 6176700.0 ], [ 719200.0, 6176700.0 ], [ 719200.0, 6176600.0 ], [ 719100.0, 6176600.0 ], [ 719100.0, 6176500.0 ], [ 719000.0, 6176500.0 ], [ 718900.0, 6176500.0 ], [ 718900.0, 6176600.0 ], [ 718900.0, 6176700.0 ] ] ] } },
{ "type": "Feature", "properties": { "Shape_Area": 30000.0, "Shape_Leng": 800.0, "cluster_id": "101_1149", "fid_1": 1149.0, "id_munic": 1149.0, "munic_clus": "101_1149", "munic_code": 101.0, "min": 3.0198268890380859, "max": 3.0198268890380859, "mean": 3.0198268890380859, "count": 3, "std": 0.0, "range": 0.0 }, "geometry": { "type": "Polygon", "coordinates": [ [ [ 721200.0, 6174300.0 ], [ 721100.0, 6174300.0 ], [ 721100.0, 6174400.0 ], [ 721200.0, 6174400.0 ], [ 721300.0, 6174400.0 ], [ 721300.0, 6174300.0 ], [ 721300.0, 6174200.0 ], [ 721200.0, 6174200.0 ], [ 721200.0, 6174300.0 ] ] ] } },
{ "type": "Feature", "properties": { "Shape_Area": 20000.0, "Shape_Leng": 600.0, "cluster_id": "101_1150", "fid_1": 1150.0, "id_munic": 1150.0, "munic_clus": "101_1150", "munic_code": 101.0, "min": 3.8708767890930176, "max": 3.8708767890930176, "mean": 3.8708767890930176, "count": 2, "std": 0.0, "range": 0.0 }, "geometry": { "type": "Polygon", "coordinates": [ [ [ 722500.0, 6173100.0 ], [ 722600.0, 6173100.0 ], [ 722700.0, 6173100.0 ], [ 722700.0, 6173000.0 ], [ 722600.0, 6173000.0 ], [ 722500.0, 6173000.0 ], [ 722500.0, 6173100.0 ] ] ] } },
{ "type": "Feature", "properties": { "Shape_Area": 40000.0, "Shape_Leng": 1000.0, "cluster_id": "101_1151", "fid_1": 1151.0, "id_munic": 1151.0, "munic_clus": "101_1151", "munic_code": 101.0, "min": 2.8328895568847656, "max": 2.8328895568847656, "mean": 2.8328895568847656, "count": 4, "std": 0.0, "range": 0.0 }, "geometry": { "type": "Polygon", "coordinates": [ [ [ 723800.0, 6177400.0 ], [ 723700.0, 6177400.0 ], [ 723700.0, 6177500.0 ], [ 723800.0, 6177500.0 ], [ 723900.0, 6177500.0 ], [ 724000.0, 6177500.0 ], [ 724000.0, 6177400.0 ], [ 724000.0, 6177300.0 ], [ 723900.0, 6177300.0 ], [ 723900.0, 6177400.0 ], [ 723800.0, 6177400.0 ] ] ] } },
{ "type": "Feature", "properties": { "Shape_Area": 30000.0, "Shape_Leng": 800.0, "cluster_id": "101_1152", "fid_1": 1152.0, "id_munic": 1152.0, "munic_clus": "101_1152", "munic_code": 101.0, "min": 2.5298235416412354, "max": 2.5298235416412354, "mean": 2.5298236211140952, "count": 3, "std": 7.947285984855057e-08, "range": 0.0 }, "geometry": { "type": "Polygon", "coordinates": [ [ [ 719200.0, 6177300.0 ], [ 719300.0, 6177300.0 ], [ 719300.0, 6177400.0 ], [ 719400.0, 6177400.0 ], [ 719400.0, 6177300.0 ], [ 719400.0, 6177200.0 ], [ 719300.0, 6177200.0 ], [ 719200.0, 6177200.0 ], [ 719200.0, 6177300.0 ] ] ] } },
{ "type": "Feature", "properties": { "Shape_Area": 20000.0, "Shape_Leng": 600.0, "cluster_id": "101_1153", "fid_1": 1153.0, "id_munic": 1153.0, "munic_clus": "101_1153", "munic_code": 101.0, "min": 3.5291569232940674, "max": 3.5291569232940674, "mean": 3.5291569232940674, "count": 2, "std": 0.0, "range": 0.0 }, "geometry": { "type": "Polygon", "coordinates": [ [ [ 726900.0, 6173900.0 ], [ 727000.0, 6173900.0 ], [ 727100.0, 6173900.0 ], [ 727100.0, 6173800.0 ], [ 727000.0, 6173800.0 ], [ 726900.0, 6173800.0 ], [ 726900.0, 6173900.0 ] ] ] } },
{ "type": "Feature", "properties": { "Shape_Area": 60000.0, "Shape_Leng": 1000.0, "cluster_id": "101_1154", "fid_1": 1154.0, "id_munic": 1154.0, "munic_clus": "101_1154", "munic_code": 101.0, "min": 2.7492501735687256, "max": 2.7492501735687256, "mean": 2.7492500940958657, "count": 6, "std": 7.947285984855057e-08, "range": 0.0 }, "geometry": { "type": "Polygon", "coordinates": [ [ [ 719100.0, 6173400.0 ], [ 719000.0, 6173400.0 ], [ 719000.0, 6173500.0 ], [ 719000.0, 6173600.0 ], [ 719100.0, 6173600.0 ], [ 719200.0, 6173600.0 ], [ 719300.0, 6173600.0 ], [ 719300.0, 6173500.0 ], [ 719300.0, 6173400.0 ], [ 719200.0, 6173400.0 ], [ 719100.0, 6173400.0 ] ] ] } },
{ "type": "Feature", "properties": { "Shape_Area": 20000.0, "Shape_Leng": 600.0, "cluster_id": "101_1155", "fid_1": 1155.0, "id_munic": 1155.0, "munic_clus": "101_1155", "munic_code": 101.0, "min": 3.4965014457702637, "max": 3.4965014457702637, "mean": 3.4965014457702637, "count": 2, "std": 0.0, "range": 0.0 }, "geometry": { "type": "Polygon", "coordinates": [ [ [ 721900.0, 6179800.0 ], [ 722000.0, 6179800.0 ], [ 722100.0, 6179800.0 ], [ 722100.0, 6179700.0 ], [ 722000.0, 6179700.0 ], [ 721900.0, 6179700.0 ], [ 721900.0, 6179800.0 ] ] ] } },
{ "type": "Feature", "properties": { "Shape_Area": 50000.0, "Shape_Leng": 1200.0, "cluster_id": "101_1156", "fid_1": 1156.0, "id_munic": 1156.0, "munic_clus": "101_1156", "munic_code": 101.0, "min": 2.6204602718353271, "max": 2.6204602718353271, "mean": 2.6204603195190428, "count": 5, "std": 4.7683715642676816e-08, "range": 0.0 }, "geometry": { "type": "Polygon", "coordinates": [ [ [ 719700.0, 6178900.0 ], [ 719700.0, 6178800.0 ], [ 719600.0, 6178800.0 ], [ 719500.0, 6178800.0 ], [ 719400.0, 6178800.0 ], [ 719400.0, 6178900.0 ], [ 719400.0, 6179000.0 ], [ 719400.0, 6179100.0 ], [ 719500.0, 6179100.0 ], [ 719500.0, 6179000.0 ], [ 719500.0, 6178900.0 ], [ 719600.0, 6178900.0 ], [ 719700.0, 6178900.0 ] ] ] } },
{ "type": "Feature", "properties": { "Shape_Area": 40000.0, "Shape_Leng": 1000.0, "cluster_id": "101_1158", "fid_1": 1158.0, "id_munic": 1158.0, "munic_clus": "101_1158", "munic_code": 101.0, "min": 3.7494170665740967, "max": 3.7494170665740967, "mean": 3.7494170665740967, "count": 4, "std": 0.0, "range": 0.0 }, "geometry": { "type": "Polygon", "coordinates": [ [ [ 727200.0, 6173000.0 ], [ 727300.0, 6173000.0 ], [ 727400.0, 6173000.0 ], [ 727500.0, 6173000.0 ], [ 727600.0, 6173000.0 ], [ 727600.0, 6172900.0 ], [ 727500.0, 6172900.0 ], [ 727400.0, 6172900.0 ], [ 727300.0, 6172900.0 ], [ 727200.0, 6172900.0 ], [ 727200.0, 6173000.0 ] ] ] } },
{ "type": "Feature", "properties": { "Shape_Area": 30000.0, "Shape_Leng": 800.0, "cluster_id": "101_1159", "fid_1": 1159.0, "id_munic": 1159.0, "munic_clus": "101_1159", "munic_code": 101.0, "min": 3.2119295597076416, "max": 3.2119295597076416, "mean": 3.2119296391805015, "count": 3, "std": 7.947285984855057e-08, "range": 0.0 }, "geometry": { "type": "Polygon", "coordinates": [ [ [ 719500.0, 6175000.0 ], [ 719400.0, 6175000.0 ], [ 719400.0, 6175100.0 ], [ 719500.0, 6175100.0 ], [ 719600.0, 6175100.0 ], [ 719600.0, 6175000.0 ], [ 719600.0, 6174900.0 ], [ 719500.0, 6174900.0 ], [ 719500.0, 6175000.0 ] ] ] } },
{ "type": "Feature", "properties": { "Shape_Area": 30000.0, "Shape_Leng": 800.0, "cluster_id": "101_1160", "fid_1": 1160.0, "id_munic": 1160.0, "munic_clus": "101_1160", "munic_code": 101.0, "min": 3.0689773559570312, "max": 3.0689773559570312, "mean": 3.0689773559570312, "count": 3, "std": 0.0, "range": 0.0 }, "geometry": { "type": "Polygon", "coordinates": [ [ [ 727000.0, 6174700.0 ], [ 727000.0, 6174800.0 ], [ 727100.0, 6174800.0 ], [ 727100.0, 6174700.0 ], [ 727100.0, 6174600.0 ], [ 727100.0, 6174500.0 ], [ 727000.0, 6174500.0 ], [ 727000.0, 6174600.0 ], [ 727000.0, 6174700.0 ] ] ] } },
{ "type": "Feature", "properties": { "Shape_Area": 100000.0, "Shape_Leng": 1800.0, "cluster_id": "101_1161", "fid_1": 1161.0, "id_munic": 1161.0, "munic_clus": "101_1161", "munic_code": 101.0, "min": 4.6982674598693848, "max": 4.6982674598693848, "mean": 4.6982677459716795, "count": 10, "std": 2.8610229474423932e-07, "range": 0.0 }, "geometry": { "type": "Polygon", "coordinates": [ [ [ 722000.0, 6172800.0 ], [ 721900.0, 6172800.0 ], [ 721800.0, 6172800.0 ], [ 721700.0, 6172800.0 ], [ 721600.0, 6172800.0 ], [ 721600.0, 6172900.0 ], [ 721700.0, 6172900.0 ], [ 721700.0, 6173000.0 ], [ 721600.0, 6173000.0 ], [ 721600.0, 6173100.0 ], [ 721700.0, 6173100.0 ], [ 721800.0, 6173100.0 ], [ 721800.0, 6173000.0 ], [ 721900.0, 6173000.0 ], [ 722000.0, 6173000.0 ], [ 722100.0, 6173000.0 ], [ 722100.0, 6172900.0 ], [ 722000.0, 6172900.0 ], [ 722000.0, 6172800.0 ] ] ] } },
{ "type": "Feature", "properties": { "Shape_Area": 40000.0, "Shape_Leng": 800.0, "cluster_id": "101_1162", "fid_1": 1162.0, "id_munic": 1162.0, "munic_clus": "101_1162", "munic_code": 101.0, "min": 2.374542236328125, "max": 2.374542236328125, "mean": 2.374542236328125, "count": 4, "std": 0.0, "range": 0.0 }, "geometry": { "type": "Polygon", "coordinates": [ [ [ 722500.0, 6178500.0 ], [ 722600.0, 6178500.0 ], [ 722700.0, 6178500.0 ], [ 722700.0, 6178400.0 ], [ 722700.0, 6178300.0 ], [ 722600.0, 6178300.0 ], [ 722500.0, 6178300.0 ], [ 722500.0, 6178400.0 ], [ 722500.0, 6178500.0 ] ] ] } },
{ "type": "Feature", "properties": { "Shape_Area": 130000.0, "Shape_Leng": 1800.0, "cluster_id": "101_1163", "fid_1": 1163.0, "id_munic": 1163.0, "munic_clus": "101_1163", "munic_code": 101.0, "min": 4.2622461318969727, "max": 4.2622461318969727, "mean": 4.2622457650991583, "count": 13, "std": 3.6679781434401093e-07, "range": 0.0 }, "geometry": { "type": "Polygon", "coordinates": [ [ [ 718600.0, 6176900.0 ], [ 718600.0, 6177000.0 ], [ 718600.0, 6177100.0 ], [ 718500.0, 6177100.0 ], [ 718500.0, 6177200.0 ], [ 718500.0, 6177300.0 ], [ 718600.0, 6177300.0 ], [ 718700.0, 6177300.0 ], [ 718800.0, 6177300.0 ], [ 718800.0, 6177200.0 ], [ 718800.0, 6177100.0 ], [ 718800.0, 6177000.0 ], [ 718800.0, 6176900.0 ], [ 718900.0, 6176900.0 ], [ 718900.0, 6176800.0 ], [ 718800.0, 6176800.0 ], [ 718700.0, 6176800.0 ], [ 718600.0, 6176800.0 ], [ 718600.0, 6176900.0 ] ] ] } },
{ "type": "Feature", "properties": { "Shape_Area": 110000.0, "Shape_Leng": 1600.0, "cluster_id": "101_1164", "fid_1": 1164.0, "id_munic": 1164.0, "munic_clus": "101_1164", "munic_code": 101.0, "min": 3.4913368225097656, "max": 3.4913368225097656, "mean": 3.4913368225097656, "count": 11, "std": 0.0, "range": 0.0 }, "geometry": { "type": "Polygon", "coordinates": [ [ [ 719300.0, 6177700.0 ], [ 719200.0, 6177700.0 ], [ 719200.0, 6177800.0 ], [ 719100.0, 6177800.0 ], [ 719100.0, 6177900.0 ], [ 719100.0, 6178000.0 ], [ 719100.0, 6178100.0 ], [ 719200.0, 6178100.0 ], [ 719300.0, 6178100.0 ], [ 719300.0, 6178000.0 ], [ 719400.0, 6178000.0 ], [ 719500.0, 6178000.0 ], [ 719500.0, 6177900.0 ], [ 719400.0, 6177900.0 ], [ 719400.0, 6177800.0 ], [ 719400.0, 6177700.0 ], [ 719300.0, 6177700.0 ] ] ] } },
{ "type": "Feature", "properties": { "Shape_Area": 470000.0, "Shape_Leng": 3800.0, "cluster_id": "101_1165", "fid_1": 1165.0, "id_munic": 1165.0, "munic_clus": "101_1165", "munic_code": 101.0, "min": 4.1492838859558105, "max": 4.1492838859558105, "mean": 4.1492838758103394, "count": 47, "std": 1.0145471129874295e-08, "range": 0.0 }, "geometry": { "type": "Polygon", "coordinates": [ [ [ 718500.0, 6176500.0 ], [ 718600.0, 6176500.0 ], [ 718600.0, 6176400.0 ], [ 718600.0, 6176300.0 ], [ 718600.0, 6176200.0 ], [ 718500.0, 6176200.0 ], [ 718400.0, 6176200.0 ], [ 718300.0, 6176200.0 ], [ 718300.0, 6176100.0 ], [ 718200.0, 6176100.0 ], [ 718100.0, 6176100.0 ], [ 718000.0, 6176100.0 ], [ 718000.0, 6176200.0 ], [ 718000.0, 6176300.0 ], [ 718000.0, 6176400.0 ], [ 718000.0, 6176500.0 ], [ 717900.0, 6176500.0 ], [ 717900.0, 6176600.0 ], [ 717900.0, 6176700.0 ], [ 717900.0, 6176800.0 ], [ 717900.0, 6176900.0 ], [ 717900.0, 6177000.0 ], [ 717800.0, 6177000.0 ], [ 717800.0, 6177100.0 ], [ 717900.0, 6177100.0 ], [ 717900.0, 6177200.0 ], [ 718000.0, 6177200.0 ], [ 718100.0, 6177200.0 ], [ 718200.0, 6177200.0 ], [ 718200.0, 6177100.0 ], [ 718200.0, 6177000.0 ], [ 718200.0, 6176900.0 ], [ 718200.0, 6176800.0 ], [ 718200.0, 6176700.0 ], [ 718300.0, 6176700.0 ], [ 718400.0, 6176700.0 ], [ 718400.0, 6176600.0 ], [ 718400.0, 6176500.0 ], [ 718500.0, 6176500.0 ] ] ] } },
{ "type": "Feature", "properties": { "Shape_Area": 200000.0, "Shape_Leng": 2400.0, "cluster_id": "101_1166", "fid_1": 1166.0, "id_munic": 1166.0, "munic_clus": "101_1166", "munic_code": 101.0, "min": 3.0066642761230469, "max": 3.0066642761230469, "mean": 3.0066642761230469, "count": 20, "std": 0.0, "range": 0.0 }, "geometry": { "type": "Polygon", "coordinates": [ [ [ 723600.0, 6175900.0 ], [ 723600.0, 6176000.0 ], [ 723700.0, 6176000.0 ], [ 723800.0, 6176000.0 ], [ 723800.0, 6176100.0 ], [ 723900.0, 6176100.0 ], [ 724000.0, 6176100.0 ], [ 724100.0, 6176100.0 ], [ 724100.0, 6176000.0 ], [ 724000.0, 6176000.0 ], [ 724000.0, 6175900.0 ], [ 724000.0, 6175800.0 ], [ 724000.0, 6175700.0 ], [ 723900.0, 6175700.0 ], [ 723900.0, 6175600.0 ], [ 723800.0, 6175600.0 ], [ 723700.0, 6175600.0 ], [ 723700.0, 6175500.0 ], [ 723600.0, 6175500.0 ], [ 723500.0, 6175500.0 ], [ 723500.0, 6175600.0 ], [ 723600.0, 6175600.0 ], [ 723600.0, 6175700.0 ], [ 723600.0, 6175800.0 ], [ 723600.0, 6175900.0 ] ] ] } },
{ "type": "Feature", "properties": { "Shape_Area": 40000.0, "Shape_Leng": 800.0, "cluster_id": "101_1167", "fid_1": 1167.0, "id_munic": 1167.0, "munic_clus": "101_1167", "munic_code": 101.0, "min": 3.3730425834655762, "max": 3.3730425834655762, "mean": 3.3730425834655762, "count": 4, "std": 0.0, "range": 0.0 }, "geometry": { "type": "Polygon", "coordinates": [ [ [ 727700.0, 6173100.0 ], [ 727600.0, 6173100.0 ], [ 727500.0, 6173100.0 ], [ 727500.0, 6173200.0 ], [ 727500.0, 6173300.0 ], [ 727600.0, 6173300.0 ], [ 727700.0, 6173300.0 ], [ 727700.0, 6173200.0 ], [ 727700.0, 6173100.0 ] ] ] } },
{ "type": "Feature", "properties": { "Shape_Area": 20000.0, "Shape_Leng": 600.0, "cluster_id": "101_1168", "fid_1": 1168.0, "id_munic": 1168.0, "munic_clus": "101_1168", "munic_code": 101.0, "min": 3.3752083778381348, "max": 3.3752083778381348, "mean": 3.3752083778381348, "count": 2, "std": 0.0, "range": 0.0 }, "geometry": { "type": "Polygon", "coordinates": [ [ [ 727700.0, 6173200.0 ], [ 727700.0, 6173300.0 ], [ 727800.0, 6173300.0 ], [ 727800.0, 6173200.0 ], [ 727800.0, 6173100.0 ], [ 727700.0, 6173100.0 ], [ 727700.0, 6173200.0 ] ] ] } },
{ "type": "Feature", "properties": { "Shape_Area": 100000.0, "Shape_Leng": 1600.0, "cluster_id": "101_1169", "fid_1": 1169.0, "id_munic": 1169.0, "munic_clus": "101_1169", "munic_code": 101.0, "min": 2.5866382122039795, "max": 2.5866382122039795, "mean": 2.5866382598876951, "count": 10, "std": 4.7683715642676816e-08, "range": 0.0 }, "geometry": { "type": "Polygon", "coordinates": [ [ [ 724600.0, 6176500.0 ], [ 724500.0, 6176500.0 ], [ 724500.0, 6176600.0 ], [ 724500.0, 6176700.0 ], [ 724600.0, 6176700.0 ], [ 724600.0, 6176800.0 ], [ 724700.0, 6176800.0 ], [ 724700.0, 6176700.0 ], [ 724800.0, 6176700.0 ], [ 724900.0, 6176700.0 ], [ 724900.0, 6176600.0 ], [ 724900.0, 6176500.0 ], [ 724800.0, 6176500.0 ], [ 724800.0, 6176400.0 ], [ 724700.0, 6176400.0 ], [ 724700.0, 6176500.0 ], [ 724600.0, 6176500.0 ] ] ] } },
{ "type": "Feature", "properties": { "Shape_Area": 190000.0, "Shape_Leng": 2200.0, "cluster_id": "101_1170", "fid_1": 1170.0, "id_munic": 1170.0, "munic_clus": "101_1170", "munic_code": 101.0, "min": 3.3078970909118652, "max": 3.3078970909118652, "mean": 3.3078970658151725, "count": 19, "std": 2.5096692723991509e-08, "range": 0.0 }, "geometry": { "type": "Polygon", "coordinates": [ [ [ 720500.0, 6177100.0 ], [ 720600.0, 6177100.0 ], [ 720600.0, 6177000.0 ], [ 720500.0, 6177000.0 ], [ 720400.0, 6177000.0 ], [ 720300.0, 6177000.0 ], [ 720300.0, 6176900.0 ], [ 720200.0, 6176900.0 ], [ 720100.0, 6176900.0 ], [ 720100.0, 6177000.0 ], [ 720100.0, 6177100.0 ], [ 720000.0, 6177100.0 ], [ 720000.0, 6177200.0 ], [ 720100.0, 6177200.0 ], [ 720100.0, 6177300.0 ], [ 720200.0, 6177300.0 ], [ 720200.0, 6177400.0 ], [ 720300.0, 6177400.0 ], [ 720400.0, 6177400.0 ], [ 720500.0, 6177400.0 ], [ 720500.0, 6177300.0 ], [ 720500.0, 6177200.0 ], [ 720500.0, 6177100.0 ] ] ] } },
{ "type": "Feature", "properties": { "Shape_Area": 90000.0, "Shape_Leng": 1400.0, "cluster_id": "101_1172", "fid_1": 1172.0, "id_munic": 1172.0, "munic_clus": "101_1172", "munic_code": 101.0, "min": 3.3217263221740723, "max": 3.3217263221740723, "mean": 3.3217262691921658, "count": 9, "std": 5.2981906417670643e-08, "range": 0.0 }, "geometry": { "type": "Polygon", "coordinates": [ [ [ 727300.0, 6172000.0 ], [ 727300.0, 6172100.0 ], [ 727400.0, 6172100.0 ], [ 727400.0, 6172200.0 ], [ 727400.0, 6172300.0 ], [ 727500.0, 6172300.0 ], [ 727600.0, 6172300.0 ], [ 727600.0, 6172200.0 ], [ 727600.0, 6172100.0 ], [ 727600.0, 6172000.0 ], [ 727500.0, 6172000.0 ], [ 727500.0, 6171900.0 ], [ 727400.0, 6171900.0 ], [ 727300.0, 6171900.0 ], [ 727300.0, 6172000.0 ] ] ] } },
{ "type": "Feature", "properties": { "Shape_Area": 40000.0, "Shape_Leng": 800.0, "cluster_id": "101_1173", "fid_1": 1173.0, "id_munic": 1173.0, "munic_clus": "101_1173", "munic_code": 101.0, "min": 3.2324225902557373, "max": 3.2324225902557373, "mean": 3.2324225902557373, "count": 4, "std": 0.0, "range": 0.0 }, "geometry": { "type": "Polygon", "coordinates": [ [ [ 722800.0, 6178900.0 ], [ 722700.0, 6178900.0 ], [ 722600.0, 6178900.0 ], [ 722600.0, 6179000.0 ], [ 722600.0, 6179100.0 ], [ 722700.0, 6179100.0 ], [ 722800.0, 6179100.0 ], [ 722800.0, 6179000.0 ], [ 722800.0, 6178900.0 ] ] ] } },
{ "type": "Feature", "properties": { "Shape_Area": 140000.0, "Shape_Leng": 1800.0, "cluster_id": "101_1174", "fid_1": 1174.0, "id_munic": 1174.0, "munic_clus": "101_1174", "munic_code": 101.0, "min": 2.4286911487579346, "max": 2.4286911487579346, "mean": 2.4286913190569197, "count": 14, "std": 1.7029898513598596e-07, "range": 0.0 }, "geometry": { "type": "Polygon", "coordinates": [ [ [ 725400.0, 6176000.0 ], [ 725300.0, 6176000.0 ], [ 725300.0, 6176100.0 ], [ 725300.0, 6176200.0 ], [ 725200.0, 6176200.0 ], [ 725200.0, 6176300.0 ], [ 725200.0, 6176400.0 ], [ 725300.0, 6176400.0 ], [ 725300.0, 6176500.0 ], [ 725400.0, 6176500.0 ], [ 725400.0, 6176400.0 ], [ 725500.0, 6176400.0 ], [ 725600.0, 6176400.0 ], [ 725600.0, 6176300.0 ], [ 725600.0, 6176200.0 ], [ 725600.0, 6176100.0 ], [ 725500.0, 6176100.0 ], [ 725500.0, 6176000.0 ], [ 725400.0, 6176000.0 ] ] ] } },
{ "type": "Feature", "properties": { "Shape_Area": 70000.0, "Shape_Leng": 1200.0, "cluster_id": "101_1176", "fid_1": 1176.0, "id_munic": 1176.0, "munic_clus": "101_1176", "munic_code": 101.0, "min": 3.6129622459411621, "max": 3.6129622459411621, "mean": 3.6129621778215681, "count": 7, "std": 6.8119593965576541e-08, "range": 0.0 }, "geometry": { "type": "Polygon", "coordinates": [ [ [ 722000.0, 6178100.0 ], [ 722000.0, 6178200.0 ], [ 721900.0, 6178200.0 ], [ 721900.0, 6178300.0 ], [ 721900.0, 6178400.0 ], [ 721900.0, 6178500.0 ], [ 722000.0, 6178500.0 ], [ 722100.0, 6178500.0 ], [ 722100.0, 6178400.0 ], [ 722100.0, 6178300.0 ], [ 722100.0, 6178200.0 ], [ 722100.0, 6178100.0 ], [ 722000.0, 6178100.0 ] ] ] } },
{ "type": "Feature", "properties": { "Shape_Area": 150000.0, "Shape_Leng": 1600.0, "cluster_id": "101_1177", "fid_1": 1177.0, "id_munic": 1177.0, "munic_clus": "101_1177", "munic_code": 101.0, "min": 3.569810152053833, "max": 3.569810152053833, "mean": 3.5698099772135419, "count": 15, "std": 1.748402911339042e-07, "range": 0.0 }, "geometry": { "type": "Polygon", "coordinates": [ [ [ 726400.0, 6172600.0 ], [ 726300.0, 6172600.0 ], [ 726300.0, 6172500.0 ], [ 726200.0, 6172500.0 ], [ 726100.0, 6172500.0 ], [ 726000.0, 6172500.0 ], [ 726000.0, 6172600.0 ], [ 726000.0, 6172700.0 ], [ 726000.0, 6172800.0 ], [ 726000.0, 6172900.0 ], [ 726100.0, 6172900.0 ], [ 726200.0, 6172900.0 ], [ 726300.0, 6172900.0 ], [ 726400.0, 6172900.0 ], [ 726400.0, 6172800.0 ], [ 726400.0, 6172700.0 ], [ 726400.0, 6172600.0 ] ] ] } },
{ "type": "Feature", "properties": { "Shape_Area": 80000.0, "Shape_Leng": 1200.0, "cluster_id": "101_1179", "fid_1": 1179.0, "id_munic": 1179.0, "munic_clus": "101_1179", "munic_code": 101.0, "min": 3.330223560333252, "max": 3.330223560333252, "mean": 3.330223560333252, "count": 8, "std": 0.0, "range": 0.0 }, "geometry": { "type": "Polygon", "coordinates": [ [ [ 720900.0, 6174700.0 ], [ 720900.0, 6174800.0 ], [ 721000.0, 6174800.0 ], [ 721100.0, 6174800.0 ], [ 721200.0, 6174800.0 ], [ 721200.0, 6174700.0 ], [ 721200.0, 6174600.0 ], [ 721100.0, 6174600.0 ], [ 721100.0, 6174500.0 ], [ 721000.0, 6174500.0 ], [ 720900.0, 6174500.0 ], [ 720900.0, 6174600.0 ], [ 720900.0, 6174700.0 ] ] ] } },
{ "type": "Feature", "properties": { "Shape_Area": 250000.0, "Shape_Leng": 3000.0, "cluster_id": "101_1180", "fid_1": 1180.0, "id_munic": 1180.0, "munic_clus": "101_1180", "munic_code": 101.0, "min": 2.8397200107574463, "max": 2.8397200107574463, "mean": 2.8397198486328126, "count": 25, "std": 1.6212463371800823e-07, "range": 0.0 }, "geometry": { "type": "Polygon", "coordinates": [ [ [ 724800.0, 6175800.0 ], [ 724800.0, 6175700.0 ], [ 724700.0, 6175700.0 ], [ 724700.0, 6175600.0 ], [ 724600.0, 6175600.0 ], [ 724500.0, 6175600.0 ], [ 724500.0, 6175700.0 ], [ 724400.0, 6175700.0 ], [ 724300.0, 6175700.0 ], [ 724200.0, 6175700.0 ], [ 724200.0, 6175600.0 ], [ 724100.0, 6175600.0 ], [ 724100.0, 6175700.0 ], [ 724000.0, 6175700.0 ], [ 724000.0, 6175800.0 ], [ 724000.0, 6175900.0 ], [ 724000.0, 6176000.0 ], [ 724100.0, 6176000.0 ], [ 724100.0, 6176100.0 ], [ 724200.0, 6176100.0 ], [ 724200.0, 6176000.0 ], [ 724300.0, 6176000.0 ], [ 724300.0, 6175900.0 ], [ 724400.0, 6175900.0 ], [ 724400.0, 6176000.0 ], [ 724500.0, 6176000.0 ], [ 724600.0, 6176000.0 ], [ 724700.0, 6176000.0 ], [ 724700.0, 6175900.0 ], [ 724700.0, 6175800.0 ], [ 724800.0, 6175800.0 ] ] ] } },
{ "type": "Feature", "properties": { "Shape_Area": 170000.0, "Shape_Leng": 2000.0, "cluster_id": "101_1181", "fid_1": 1181.0, "id_munic": 1181.0, "munic_clus": "101_1181", "munic_code": 101.0, "min": 3.089970588684082, "max": 3.089970588684082, "mean": 3.0899705325855926, "count": 17, "std": 5.6098489409350805e-08, "range": 0.0 }, "geometry": { "type": "Polygon", "coordinates": [ [ [ 728400.0, 6173100.0 ], [ 728400.0, 6173200.0 ], [ 728400.0, 6173300.0 ], [ 728500.0, 6173300.0 ], [ 728500.0, 6173400.0 ], [ 728500.0, 6173500.0 ], [ 728600.0, 6173500.0 ], [ 728600.0, 6173400.0 ], [ 728700.0, 6173400.0 ], [ 728800.0, 6173400.0 ], [ 728800.0, 6173300.0 ], [ 728800.0, 6173200.0 ], [ 728800.0, 6173100.0 ], [ 728800.0, 6173000.0 ], [ 728700.0, 6173000.0 ], [ 728700.0, 6172900.0 ], [ 728600.0, 6172900.0 ], [ 728500.0, 6172900.0 ], [ 728500.0, 6173000.0 ], [ 728500.0, 6173100.0 ], [ 728400.0, 6173100.0 ] ] ] } },
{ "type": "Feature", "properties": { "Shape_Area": 120000.0, "Shape_Leng": 1600.0, "cluster_id": "101_1182", "fid_1": 1182.0, "id_munic": 1182.0, "munic_clus": "101_1182", "munic_code": 101.0, "min": 3.4725093841552734, "max": 3.4725093841552734, "mean": 3.4725093841552734, "count": 12, "std": 0.0, "range": 0.0 }, "geometry": { "type": "Polygon", "coordinates": [ [ [ 725600.0, 6176600.0 ], [ 725600.0, 6176700.0 ], [ 725700.0, 6176700.0 ], [ 725700.0, 6176800.0 ], [ 725700.0, 6176900.0 ], [ 725700.0, 6177000.0 ], [ 725800.0, 6177000.0 ], [ 725900.0, 6177000.0 ], [ 725900.0, 6176900.0 ], [ 725900.0, 6176800.0 ], [ 725900.0, 6176700.0 ], [ 725900.0, 6176600.0 ], [ 725900.0, 6176500.0 ], [ 725800.0, 6176500.0 ], [ 725700.0, 6176500.0 ], [ 725600.0, 6176500.0 ], [ 725600.0, 6176600.0 ] ] ] } },
{ "type": "Feature", "properties": { "Shape_Area": 110000.0, "Shape_Leng": 1400.0, "cluster_id": "101_1183", "fid_1": 1183.0, "id_munic": 1183.0, "munic_clus": "101_1183", "munic_code": 101.0, "min": 3.342219352722168, "max": 3.342219352722168, "mean": 3.3422196128151636, "count": 11, "std": 2.6009299558538141e-07, "range": 0.0 }, "geometry": { "type": "Polygon", "coordinates": [ [ [ 726900.0, 6172000.0 ], [ 726800.0, 6172000.0 ], [ 726700.0, 6172000.0 ], [ 726700.0, 6172100.0 ], [ 726700.0, 6172200.0 ], [ 726700.0, 6172300.0 ], [ 726700.0, 6172400.0 ], [ 726800.0, 6172400.0 ], [ 726900.0, 6172400.0 ], [ 726900.0, 6172300.0 ], [ 727000.0, 6172300.0 ], [ 727000.0, 6172200.0 ], [ 727000.0, 6172100.0 ], [ 727000.0, 6172000.0 ], [ 726900.0, 6172000.0 ] ] ] } },
{ "type": "Feature", "properties": { "Shape_Area": 50000.0, "Shape_Leng": 1000.0, "cluster_id": "101_1184", "fid_1": 1184.0, "id_munic": 1184.0, "munic_clus": "101_1184", "munic_code": 101.0, "min": 2.7760746479034424, "max": 2.7760746479034424, "mean": 2.7760746002197267, "count": 5, "std": 4.7683715642676816e-08, "range": 0.0 }, "geometry": { "type": "Polygon", "coordinates": [ [ [ 723800.0, 6175400.0 ], [ 723800.0, 6175500.0 ], [ 723900.0, 6175500.0 ], [ 724000.0, 6175500.0 ], [ 724000.0, 6175400.0 ], [ 724000.0, 6175300.0 ], [ 723900.0, 6175300.0 ], [ 723800.0, 6175300.0 ], [ 723700.0, 6175300.0 ], [ 723700.0, 6175400.0 ], [ 723800.0, 6175400.0 ] ] ] } },
{ "type": "Feature", "properties": { "Shape_Area": 130000.0, "Shape_Leng": 2000.0, "cluster_id": "101_1185", "fid_1": 1185.0, "id_munic": 1185.0, "munic_clus": "101_1185", "munic_code": 101.0, "min": 3.36087965965271, "max": 3.36087965965271, "mean": 3.3608797513521633, "count": 13, "std": 9.1699453363958128e-08, "range": 0.0 }, "geometry": { "type": "Polygon", "coordinates": [ [ [ 719800.0, 6172500.0 ], [ 719700.0, 6172500.0 ], [ 719700.0, 6172600.0 ], [ 719700.0, 6172700.0 ], [ 719700.0, 6172800.0 ], [ 719600.0, 6172800.0 ], [ 719600.0, 6172900.0 ], [ 719700.0, 6172900.0 ], [ 719800.0, 6172900.0 ], [ 719800.0, 6172800.0 ], [ 719900.0, 6172800.0 ], [ 719900.0, 6172700.0 ], [ 720000.0, 6172700.0 ], [ 720100.0, 6172700.0 ], [ 720100.0, 6172600.0 ], [ 720100.0, 6172500.0 ], [ 720000.0, 6172500.0 ], [ 719900.0, 6172500.0 ], [ 719900.0, 6172400.0 ], [ 719800.0, 6172400.0 ], [ 719800.0, 6172500.0 ] ] ] } },
{ "type": "Feature", "properties": { "Shape_Area": 150000.0, "Shape_Leng": 1800.0, "cluster_id": "101_1186", "fid_1": 1186.0, "id_munic": 1186.0, "munic_clus": "101_1186", "munic_code": 101.0, "min": 3.891535758972168, "max": 3.891535758972168, "mean": 3.8915359497070314, "count": 15, "std": 1.9073486345888566e-07, "range": 0.0 }, "geometry": { "type": "Polygon", "coordinates": [ [ [ 722200.0, 6178600.0 ], [ 722100.0, 6178600.0 ], [ 722100.0, 6178700.0 ], [ 722000.0, 6178700.0 ], [ 722000.0, 6178800.0 ], [ 721900.0, 6178800.0 ], [ 721900.0, 6178900.0 ], [ 722000.0, 6178900.0 ], [ 722000.0, 6179000.0 ], [ 722000.0, 6179100.0 ], [ 722100.0, 6179100.0 ], [ 722200.0, 6179100.0 ], [ 722300.0, 6179100.0 ], [ 722300.0, 6179000.0 ], [ 722300.0, 6178900.0 ], [ 722300.0, 6178800.0 ], [ 722300.0, 6178700.0 ], [ 722300.0, 6178600.0 ], [ 722200.0, 6178600.0 ] ] ] } },
{ "type": "Feature", "properties": { "Shape_Area": 230000.0, "Shape_Leng": 2600.0, "cluster_id": "101_1187", "fid_1": 1187.0, "id_munic": 1187.0, "munic_clus": "101_1187", "munic_code": 101.0, "min": 3.5488173961639404, "max": 3.5488173961639404, "mean": 3.5488175101902173, "count": 23, "std": 1.1402627686507572e-07, "range": 0.0 }, "geometry": { "type": "Polygon", "coordinates": [ [ [ 717600.0, 6179600.0 ], [ 717600.0, 6179700.0 ], [ 717600.0, 6179800.0 ], [ 717500.0, 6179800.0 ], [ 717400.0, 6179800.0 ], [ 717400.0, 6179900.0 ], [ 717500.0, 6179900.0 ], [ 717500.0, 6180000.0 ], [ 717600.0, 6180000.0 ], [ 717700.0, 6180000.0 ], [ 717700.0, 6180100.0 ], [ 717800.0, 6180100.0 ], [ 717900.0, 6180100.0 ], [ 717900.0, 6180000.0 ], [ 717900.0, 6179900.0 ], [ 717900.0, 6179800.0 ], [ 717900.0, 6179700.0 ], [ 717900.0, 6179600.0 ], [ 717900.0, 6179500.0 ], [ 717800.0, 6179500.0 ], [ 717800.0, 6179400.0 ], [ 717700.0, 6179400.0 ], [ 717600.0, 6179400.0 ], [ 717500.0, 6179400.0 ], [ 717500.0, 6179500.0 ], [ 717600.0, 6179500.0 ], [ 717600.0, 6179600.0 ] ] ] } },
{ "type": "Feature", "properties": { "Shape_Area": 80000.0, "Shape_Leng": 1400.0, "cluster_id": "101_1188", "fid_1": 1188.0, "id_munic": 1188.0, "munic_clus": "101_1188", "munic_code": 101.0, "min": 4.007164478302002, "max": 4.007164478302002, "mean": 4.007164478302002, "count": 8, "std": 0.0, "range": 0.0 }, "geometry": { "type": "Polygon", "coordinates": [ [ [ 727800.0, 6172600.0 ], [ 727800.0, 6172700.0 ], [ 727700.0, 6172700.0 ], [ 727700.0, 6172800.0 ], [ 727700.0, 6172900.0 ], [ 727600.0, 6172900.0 ], [ 727600.0, 6173000.0 ], [ 727700.0, 6173000.0 ], [ 727800.0, 6173000.0 ], [ 727900.0, 6173000.0 ], [ 727900.0, 6172900.0 ], [ 727900.0, 6172800.0 ], [ 727900.0, 6172700.0 ], [ 727900.0, 6172600.0 ], [ 727800.0, 6172600.0 ] ] ] } },
{ "type": "Feature", "properties": { "Shape_Area": 80000.0, "Shape_Leng": 1400.0, "cluster_id": "101_1189", "fid_1": 1189.0, "id_munic": 1189.0, "munic_clus": "101_1189", "munic_code": 101.0, "min": 3.6227924823760986, "max": 3.6227924823760986, "mean": 3.6227927207946777, "count": 8, "std": 2.384185791015625e-07, "range": 0.0 }, "geometry": { "type": "Polygon", "coordinates": [ [ [ 724500.0, 6176200.0 ], [ 724400.0, 6176200.0 ], [ 724400.0, 6176300.0 ], [ 724400.0, 6176400.0 ], [ 724400.0, 6176500.0 ], [ 724500.0, 6176500.0 ], [ 724600.0, 6176500.0 ], [ 724600.0, 6176400.0 ], [ 724600.0, 6176300.0 ], [ 724700.0, 6176300.0 ], [ 724700.0, 6176200.0 ], [ 724700.0, 6176100.0 ], [ 724600.0, 6176100.0 ], [ 724600.0, 6176200.0 ], [ 724500.0, 6176200.0 ] ] ] } },
{ "type": "Feature", "properties": { "Shape_Area": 200000.0, "Shape_Leng": 2600.0, "cluster_id": "101_1190", "fid_1": 1190.0, "id_munic": 1190.0, "munic_clus": "101_1190", "munic_code": 101.0, "min": 2.67777419090271, "max": 2.67777419090271, "mean": 2.6777738571166991, "count": 20, "std": 3.3378601083100539e-07, "range": 0.0 }, "geometry": { "type": "Polygon", "coordinates": [ [ [ 719100.0, 6176800.0 ], [ 719100.0, 6176900.0 ], [ 719000.0, 6176900.0 ], [ 718900.0, 6176900.0 ], [ 718800.0, 6176900.0 ], [ 718800.0, 6177000.0 ], [ 718800.0, 6177100.0 ], [ 718800.0, 6177200.0 ], [ 718900.0, 6177200.0 ], [ 718900.0, 6177300.0 ], [ 719000.0, 6177300.0 ], [ 719000.0, 6177200.0 ], [ 719100.0, 6177200.0 ], [ 719100.0, 6177100.0 ], [ 719200.0, 6177100.0 ], [ 719200.0, 6177000.0 ], [ 719200.0, 6176900.0 ], [ 719300.0, 6176900.0 ], [ 719400.0, 6176900.0 ], [ 719400.0, 6176800.0 ], [ 719400.0, 6176700.0 ], [ 719400.0, 6176600.0 ], [ 719300.0, 6176600.0 ], [ 719200.0, 6176600.0 ], [ 719200.0, 6176700.0 ], [ 719100.0, 6176700.0 ], [ 719100.0, 6176800.0 ] ] ] } },
{ "type": "Feature", "properties": { "Shape_Area": 150000.0, "Shape_Leng": 1800.0, "cluster_id": "101_1191", "fid_1": 1191.0, "id_munic": 1191.0, "munic_clus": "101_1191", "munic_code": 101.0, "min": 2.5543153285980225, "max": 2.5543153285980225, "mean": 2.5543149312337241, "count": 15, "std": 3.9736429835457443e-07, "range": 0.0 }, "geometry": { "type": "Polygon", "coordinates": [ [ [ 723000.0, 6177000.0 ], [ 723000.0, 6177100.0 ], [ 723000.0, 6177200.0 ], [ 723000.0, 6177300.0 ], [ 723000.0, 6177400.0 ], [ 723100.0, 6177400.0 ], [ 723100.0, 6177500.0 ], [ 723200.0, 6177500.0 ], [ 723300.0, 6177500.0 ], [ 723300.0, 6177400.0 ], [ 723400.0, 6177400.0 ], [ 723400.0, 6177300.0 ], [ 723300.0, 6177300.0 ], [ 723300.0, 6177200.0 ], [ 723300.0, 6177100.0 ], [ 723300.0, 6177000.0 ], [ 723200.0, 6177000.0 ], [ 723100.0, 6177000.0 ], [ 723000.0, 6177000.0 ] ] ] } },
{ "type": "Feature", "properties": { "Shape_Area": 130000.0, "Shape_Leng": 1800.0, "cluster_id": "101_1192", "fid_1": 1192.0, "id_munic": 1192.0, "munic_clus": "101_1192", "munic_code": 101.0, "min": 2.9266910552978516, "max": 2.9266910552978516, "mean": 2.9266909085787258, "count": 13, "std": 1.467191257376044e-07, "range": 0.0 }, "geometry": { "type": "Polygon", "coordinates": [ [ [ 723100.0, 6179100.0 ], [ 723100.0, 6179200.0 ], [ 723100.0, 6179300.0 ], [ 723000.0, 6179300.0 ], [ 723000.0, 6179400.0 ], [ 723100.0, 6179400.0 ], [ 723100.0, 6179500.0 ], [ 723200.0, 6179500.0 ], [ 723200.0, 6179600.0 ], [ 723300.0, 6179600.0 ], [ 723300.0, 6179500.0 ], [ 723400.0, 6179500.0 ], [ 723400.0, 6179400.0 ], [ 723400.0, 6179300.0 ], [ 723400.0, 6179200.0 ], [ 723300.0, 6179200.0 ], [ 723300.0, 6179100.0 ], [ 723200.0, 6179100.0 ], [ 723100.0, 6179100.0 ] ] ] } },
{ "type": "Feature", "properties": { "Shape_Area": 50000.0, "Shape_Leng": 1000.0, "cluster_id": "101_1193", "fid_1": 1193.0, "id_munic": 1193.0, "munic_clus": "101_1193", "munic_code": 101.0, "min": 2.3758749961853027, "max": 2.3758749961853027, "mean": 2.3758750915527345, "count": 5, "std": 9.5367431729442842e-08, "range": 0.0 }, "geometry": { "type": "Polygon", "coordinates": [ [ [ 723600.0, 6179400.0 ], [ 723600.0, 6179300.0 ], [ 723600.0, 6179200.0 ], [ 723500.0, 6179200.0 ], [ 723400.0, 6179200.0 ], [ 723400.0, 6179300.0 ], [ 723400.0, 6179400.0 ], [ 723400.0, 6179500.0 ], [ 723500.0, 6179500.0 ], [ 723500.0, 6179400.0 ], [ 723600.0, 6179400.0 ] ] ] } },
{ "type": "Feature", "properties": { "Shape_Area": 40000.0, "Shape_Leng": 1000.0, "cluster_id": "101_1194", "fid_1": 1194.0, "id_munic": 1194.0, "munic_clus": "101_1194", "munic_code": 101.0, "min": 3.6672775745391846, "max": 3.6672775745391846, "mean": 3.6672775745391846, "count": 4, "std": 0.0, "range": 0.0 }, "geometry": { "type": "Polygon", "coordinates": [ [ [ 721600.0, 6178200.0 ], [ 721600.0, 6178300.0 ], [ 721600.0, 6178400.0 ], [ 721700.0, 6178400.0 ], [ 721700.0, 6178300.0 ], [ 721700.0, 6178200.0 ], [ 721700.0, 6178100.0 ], [ 721600.0, 6178100.0 ], [ 721500.0, 6178100.0 ], [ 721500.0, 6178200.0 ], [ 721600.0, 6178200.0 ] ] ] } },
{ "type": "Feature", "properties": { "Shape_Area": 140000.0, "Shape_Leng": 1800.0, "cluster_id": "101_1195", "fid_1": 1195.0, "id_munic": 1195.0, "munic_clus": "101_1195", "munic_code": 101.0, "min": 3.2185938358306885, "max": 3.2185938358306885, "mean": 3.2185938698904857, "count": 14, "std": 3.4059797204832876e-08, "range": 0.0 }, "geometry": { "type": "Polygon", "coordinates": [ [ [ 720600.0, 6178600.0 ], [ 720700.0, 6178600.0 ], [ 720700.0, 6178500.0 ], [ 720600.0, 6178500.0 ], [ 720600.0, 6178400.0 ], [ 720600.0, 6178300.0 ], [ 720500.0, 6178300.0 ], [ 720400.0, 6178300.0 ], [ 720400.0, 6178400.0 ], [ 720400.0, 6178500.0 ], [ 720300.0, 6178500.0 ], [ 720300.0, 6178600.0 ], [ 720300.0, 6178700.0 ], [ 720300.0, 6178800.0 ], [ 720400.0, 6178800.0 ], [ 720500.0, 6178800.0 ], [ 720600.0, 6178800.0 ], [ 720600.0, 6178700.0 ], [ 720600.0, 6178600.0 ] ] ] } },
{ "type": "Feature", "properties": { "Shape_Area": 80000.0, "Shape_Leng": 1400.0, "cluster_id": "101_1196", "fid_1": 1196.0, "id_munic": 1196.0, "munic_clus": "101_1196", "munic_code": 101.0, "min": 3.3073973655700684, "max": 3.3073973655700684, "mean": 3.3073976039886475, "count": 8, "std": 2.384185791015625e-07, "range": 0.0 }, "geometry": { "type": "Polygon", "coordinates": [ [ [ 721100.0, 6178300.0 ], [ 721200.0, 6178300.0 ], [ 721200.0, 6178400.0 ], [ 721200.0, 6178500.0 ], [ 721300.0, 6178500.0 ], [ 721300.0, 6178400.0 ], [ 721400.0, 6178400.0 ], [ 721400.0, 6178300.0 ], [ 721400.0, 6178200.0 ], [ 721300.0, 6178200.0 ], [ 721300.0, 6178100.0 ], [ 721200.0, 6178100.0 ], [ 721100.0, 6178100.0 ], [ 721100.0, 6178200.0 ], [ 721100.0, 6178300.0 ] ] ] } },
{ "type": "Feature", "properties": { "Shape_Area": 100000.0, "Shape_Leng": 1600.0, "cluster_id": "101_1197", "fid_1": 1197.0, "id_munic": 1197.0, "munic_clus": "101_1197", "munic_code": 101.0, "min": 2.7937359809875488, "max": 2.7937359809875488, "mean": 2.7937358856201171, "count": 10, "std": 9.5367431729442855e-08, "range": 0.0 }, "geometry": { "type": "Polygon", "coordinates": [ [ [ 727500.0, 6173600.0 ], [ 727500.0, 6173700.0 ], [ 727500.0, 6173800.0 ], [ 727600.0, 6173800.0 ], [ 727700.0, 6173800.0 ], [ 727800.0, 6173800.0 ], [ 727800.0, 6173700.0 ], [ 727900.0, 6173700.0 ], [ 727900.0, 6173600.0 ], [ 727800.0, 6173600.0 ], [ 727700.0, 6173600.0 ], [ 727700.0, 6173500.0 ], [ 727600.0, 6173500.0 ], [ 727500.0, 6173500.0 ], [ 727400.0, 6173500.0 ], [ 727400.0, 6173600.0 ], [ 727500.0, 6173600.0 ] ] ] } },
{ "type": "Feature", "properties": { "Shape_Area": 90000.0, "Shape_Leng": 1400.0, "cluster_id": "101_1198", "fid_1": 1198.0, "id_munic": 1198.0, "munic_clus": "101_1198", "munic_code": 101.0, "min": 3.601632833480835, "max": 3.601632833480835, "mean": 3.6016328599717884, "count": 9, "std": 2.6490953430879927e-08, "range": 0.0 }, "geometry": { "type": "Polygon", "coordinates": [ [ [ 725600.0, 6176700.0 ], [ 725600.0, 6176600.0 ], [ 725600.0, 6176500.0 ], [ 725500.0, 6176500.0 ], [ 725500.0, 6176400.0 ], [ 725400.0, 6176400.0 ], [ 725400.0, 6176500.0 ], [ 725300.0, 6176500.0 ], [ 725200.0, 6176500.0 ], [ 725200.0, 6176600.0 ], [ 725200.0, 6176700.0 ], [ 725300.0, 6176700.0 ], [ 725400.0, 6176700.0 ], [ 725500.0, 6176700.0 ], [ 725600.0, 6176700.0 ] ] ] } },
{ "type": "Feature", "properties": { "Shape_Area": 50000.0, "Shape_Leng": 1000.0, "cluster_id": "101_1199", "fid_1": 1199.0, "id_munic": 1199.0, "munic_clus": "101_1199", "munic_code": 101.0, "min": 2.5388205051422119, "max": 2.5388205051422119, "mean": 2.5388204574584963, "count": 5, "std": 4.7683715642676816e-08, "range": 0.0 }, "geometry": { "type": "Polygon", "coordinates": [ [ [ 721600.0, 6179000.0 ], [ 721700.0, 6179000.0 ], [ 721700.0, 6179100.0 ], [ 721800.0, 6179100.0 ], [ 721900.0, 6179100.0 ], [ 721900.0, 6179000.0 ], [ 721900.0, 6178900.0 ], [ 721800.0, 6178900.0 ], [ 721700.0, 6178900.0 ], [ 721600.0, 6178900.0 ], [ 721600.0, 6179000.0 ] ] ] } },
{ "type": "Feature", "properties": { "Shape_Area": 270000.0, "Shape_Leng": 3200.0, "cluster_id": "101_1200", "fid_1": 1200.0, "id_munic": 1200.0, "munic_clus": "101_1200", "munic_code": 101.0, "min": 2.5844719409942627, "max": 2.5844719409942627, "mean": 2.5844720911096641, "count": 27, "std": 1.5011540144271862e-07, "range": 0.0 }, "geometry": { "type": "Polygon", "coordinates": [ [ [ 724600.0, 6174900.0 ], [ 724600.0, 6175000.0 ], [ 724500.0, 6175000.0 ], [ 724500.0, 6175100.0 ], [ 724600.0, 6175100.0 ], [ 724600.0, 6175200.0 ], [ 724600.0, 6175300.0 ], [ 724700.0, 6175300.0 ], [ 724800.0, 6175300.0 ], [ 724800.0, 6175400.0 ], [ 724700.0, 6175400.0 ], [ 724700.0, 6175500.0 ], [ 724800.0, 6175500.0 ], [ 724800.0, 6175600.0 ], [ 724900.0, 6175600.0 ], [ 725000.0, 6175600.0 ], [ 725000.0, 6175500.0 ], [ 725100.0, 6175500.0 ], [ 725100.0, 6175400.0 ], [ 725200.0, 6175400.0 ], [ 725200.0, 6175300.0 ], [ 725100.0, 6175300.0 ], [ 725100.0, 6175200.0 ], [ 725100.0, 6175100.0 ], [ 725100.0, 6175000.0 ], [ 725000.0, 6175000.0 ], [ 725000.0, 6175100.0 ], [ 724900.0, 6175100.0 ], [ 724900.0, 6175000.0 ], [ 724800.0, 6175000.0 ], [ 724800.0, 6174900.0 ], [ 724700.0, 6174900.0 ], [ 724600.0, 6174900.0 ] ] ] } },
{ "type": "Feature", "properties": { "Shape_Area": 120000.0, "Shape_Leng": 1600.0, "cluster_id": "101_1201", "fid_1": 1201.0, "id_munic": 1201.0, "munic_clus": "101_1201", "munic_code": 101.0, "min": 3.3943688869476318, "max": 3.3943688869476318, "mean": 3.394368807474772, "count": 12, "std": 7.947285984855057e-08, "range": 0.0 }, "geometry": { "type": "Polygon", "coordinates": [ [ [ 720800.0, 6179200.0 ], [ 720700.0, 6179200.0 ], [ 720600.0, 6179200.0 ], [ 720500.0, 6179200.0 ], [ 720500.0, 6179300.0 ], [ 720500.0, 6179400.0 ], [ 720600.0, 6179400.0 ], [ 720600.0, 6179500.0 ], [ 720600.0, 6179600.0 ], [ 720700.0, 6179600.0 ], [ 720800.0, 6179600.0 ], [ 720800.0, 6179500.0 ], [ 720900.0, 6179500.0 ], [ 720900.0, 6179400.0 ], [ 720900.0, 6179300.0 ], [ 720800.0, 6179300.0 ], [ 720800.0, 6179200.0 ] ] ] } },
{ "type": "Feature", "properties": { "Shape_Area": 420000.0, "Shape_Leng": 3600.0, "cluster_id": "101_1202", "fid_1": 1202.0, "id_munic": 1202.0, "munic_clus": "101_1202", "munic_code": 101.0, "min": 3.3942022323608398, "max": 3.3942022323608398, "mean": 3.3942020961216519, "count": 42, "std": 1.3623918793115308e-07, "range": 0.0 }, "geometry": { "type": "Polygon", "coordinates": [ [ [ 727900.0, 6174200.0 ], [ 728000.0, 6174200.0 ], [ 728000.0, 6174300.0 ], [ 728000.0, 6174400.0 ], [ 728100.0, 6174400.0 ], [ 728200.0, 6174400.0 ], [ 728300.0, 6174400.0 ], [ 728300.0, 6174500.0 ], [ 728400.0, 6174500.0 ], [ 728400.0, 6174400.0 ], [ 728500.0, 6174400.0 ], [ 728600.0, 6174400.0 ], [ 728700.0, 6174400.0 ], [ 728700.0, 6174300.0 ], [ 728800.0, 6174300.0 ], [ 728800.0, 6174200.0 ], [ 728800.0, 6174100.0 ], [ 728900.0, 6174100.0 ], [ 728900.0, 6174000.0 ], [ 728800.0, 6174000.0 ], [ 728800.0, 6173900.0 ], [ 728700.0, 6173900.0 ], [ 728600.0, 6173900.0 ], [ 728500.0, 6173900.0 ], [ 728500.0, 6173800.0 ], [ 728400.0, 6173800.0 ], [ 728300.0, 6173800.0 ], [ 728300.0, 6173900.0 ], [ 728200.0, 6173900.0 ], [ 728200.0, 6174000.0 ], [ 728100.0, 6174000.0 ], [ 728100.0, 6174100.0 ], [ 728000.0, 6174100.0 ], [ 727900.0, 6174100.0 ], [ 727800.0, 6174100.0 ], [ 727800.0, 6174200.0 ], [ 727900.0, 6174200.0 ] ] ] } },
{ "type": "Feature", "properties": { "Shape_Area": 220000.0, "Shape_Leng": 2600.0, "cluster_id": "101_1204", "fid_1": 1204.0, "id_munic": 1204.0, "munic_clus": "101_1204", "munic_code": 101.0, "min": 3.2272574901580811, "max": 3.2272574901580811, "mean": 3.2272574684836646, "count": 22, "std": 2.1674416483818956e-08, "range": 0.0 }, "geometry": { "type": "Polygon", "coordinates": [ [ [ 720000.0, 6178100.0 ], [ 720100.0, 6178100.0 ], [ 720200.0, 6178100.0 ], [ 720300.0, 6178100.0 ], [ 720300.0, 6178200.0 ], [ 720300.0, 6178300.0 ], [ 720400.0, 6178300.0 ], [ 720500.0, 6178300.0 ], [ 720600.0, 6178300.0 ], [ 720700.0, 6178300.0 ], [ 720700.0, 6178200.0 ], [ 720700.0, 6178100.0 ], [ 720700.0, 6178000.0 ], [ 720800.0, 6178000.0 ], [ 720800.0, 6177900.0 ], [ 720700.0, 6177900.0 ], [ 720600.0, 6177900.0 ], [ 720500.0, 6177900.0 ], [ 720500.0, 6177800.0 ], [ 720400.0, 6177800.0 ], [ 720400.0, 6177900.0 ], [ 720300.0, 6177900.0 ], [ 720200.0, 6177900.0 ], [ 720200.0, 6178000.0 ], [ 720100.0, 6178000.0 ], [ 720000.0, 6178000.0 ], [ 720000.0, 6178100.0 ] ] ] } },
{ "type": "Feature", "properties": { "Shape_Area": 380000.0, "Shape_Leng": 3400.0, "cluster_id": "101_1206", "fid_1": 1206.0, "id_munic": 1206.0, "munic_clus": "101_1206", "munic_code": 101.0, "min": 2.8318893909454346, "max": 2.8318893909454346, "mean": 2.8318893031070105, "count": 38, "std": 8.7838424089881086e-08, "range": 0.0 }, "geometry": { "type": "Polygon", "coordinates": [ [ [ 725500.0, 6175400.0 ], [ 725400.0, 6175400.0 ], [ 725300.0, 6175400.0 ], [ 725200.0, 6175400.0 ], [ 725100.0, 6175400.0 ], [ 725100.0, 6175500.0 ], [ 725000.0, 6175500.0 ], [ 725000.0, 6175600.0 ], [ 724900.0, 6175600.0 ], [ 724900.0, 6175700.0 ], [ 724800.0, 6175700.0 ], [ 724800.0, 6175800.0 ], [ 724800.0, 6175900.0 ], [ 724900.0, 6175900.0 ], [ 725000.0, 6175900.0 ], [ 725000.0, 6176000.0 ], [ 725100.0, 6176000.0 ], [ 725200.0, 6176000.0 ], [ 725200.0, 6175900.0 ], [ 725300.0, 6175900.0 ], [ 725300.0, 6175800.0 ], [ 725400.0, 6175800.0 ], [ 725500.0, 6175800.0 ], [ 725600.0, 6175800.0 ], [ 725600.0, 6175700.0 ], [ 725600.0, 6175600.0 ], [ 725700.0, 6175600.0 ], [ 725700.0, 6175500.0 ], [ 725800.0, 6175500.0 ], [ 725800.0, 6175400.0 ], [ 725700.0, 6175400.0 ], [ 725700.0, 6175300.0 ], [ 725600.0, 6175300.0 ], [ 725500.0, 6175300.0 ], [ 725500.0, 6175400.0 ] ] ] } },
{ "type": "Feature", "properties": { "Shape_Area": 320000.0, "Shape_Leng": 2800.0, "cluster_id": "101_1207", "fid_1": 1207.0, "id_munic": 1207.0, "munic_clus": "101_1207", "munic_code": 101.0, "min": 3.2194271087646484, "max": 3.2194271087646484, "mean": 3.2194271087646484, "count": 32, "std": 0.0, "range": 0.0 }, "geometry": { "type": "Polygon", "coordinates": [ [ [ 726400.0, 6172700.0 ], [ 726400.0, 6172800.0 ], [ 726400.0, 6172900.0 ], [ 726400.0, 6173000.0 ], [ 726500.0, 6173000.0 ], [ 726500.0, 6173100.0 ], [ 726500.0, 6173200.0 ], [ 726500.0, 6173300.0 ], [ 726600.0, 6173300.0 ], [ 726700.0, 6173300.0 ], [ 726700.0, 6173200.0 ], [ 726800.0, 6173200.0 ], [ 726900.0, 6173200.0 ], [ 726900.0, 6173100.0 ], [ 726900.0, 6173000.0 ], [ 727000.0, 6173000.0 ], [ 727100.0, 6173000.0 ], [ 727100.0, 6172900.0 ], [ 727100.0, 6172800.0 ], [ 727000.0, 6172800.0 ], [ 726900.0, 6172800.0 ], [ 726800.0, 6172800.0 ], [ 726800.0, 6172700.0 ], [ 726800.0, 6172600.0 ], [ 726700.0, 6172600.0 ], [ 726600.0, 6172600.0 ], [ 726500.0, 6172600.0 ], [ 726400.0, 6172600.0 ], [ 726400.0, 6172700.0 ] ] ] } },
{ "type": "Feature", "properties": { "Shape_Area": 100000.0, "Shape_Leng": 1600.0, "cluster_id": "147_1", "fid_1": 1209.0, "id_munic": 1.0, "munic_clus": "147_1", "munic_code": 147.0, "min": 3.164445161819458, "max": 3.164445161819458, "mean": 3.1644451141357424, "count": 10, "std": 4.7683715642676816e-08, "range": 0.0 }, "geometry": { "type": "Polygon", "coordinates": [ [ [ 721200.0, 6176400.0 ], [ 721100.0, 6176400.0 ], [ 721000.0, 6176400.0 ], [ 720900.0, 6176400.0 ], [ 720900.0, 6176500.0 ], [ 720800.0, 6176500.0 ], [ 720800.0, 6176600.0 ], [ 720900.0, 6176600.0 ], [ 720900.0, 6176700.0 ], [ 720900.0, 6176800.0 ], [ 721000.0, 6176800.0 ], [ 721000.0, 6176700.0 ], [ 721100.0, 6176700.0 ], [ 721100.0, 6176600.0 ], [ 721200.0, 6176600.0 ], [ 721200.0, 6176500.0 ], [ 721200.0, 6176400.0 ] ] ] } },
{ "type": "Feature", "properties": { "Shape_Area": 10000.0, "Shape_Leng": 400.0, "cluster_id": "147_2", "fid_1": 1210.0, "id_munic": 2.0, "munic_clus": "147_2", "munic_code": 147.0, "min": 4.1377878189086914, "max": 4.1377878189086914, "mean": 4.1377878189086914, "count": 1, "std": 0.0, "range": 0.0 }, "geometry": { "type": "Polygon", "coordinates": [ [ [ 722100.0, 6175000.0 ], [ 722100.0, 6175100.0 ], [ 722200.0, 6175100.0 ], [ 722200.0, 6175000.0 ], [ 722100.0, 6175000.0 ] ] ] } },
{ "type": "Feature", "properties": { "Shape_Area": 40000.0, "Shape_Leng": 1000.0, "cluster_id": "147_3", "fid_1": 1211.0, "id_munic": 3.0, "munic_clus": "147_3", "munic_code": 147.0, "min": 2.8562150001525879, "max": 2.8562150001525879, "mean": 2.8562150001525879, "count": 4, "std": 0.0, "range": 0.0 }, "geometry": { "type": "Polygon", "coordinates": [ [ [ 722200.0, 6174900.0 ], [ 722200.0, 6174800.0 ], [ 722100.0, 6174800.0 ], [ 722000.0, 6174800.0 ], [ 722000.0, 6174900.0 ], [ 722000.0, 6175000.0 ], [ 722000.0, 6175100.0 ], [ 722100.0, 6175100.0 ], [ 722100.0, 6175000.0 ], [ 722100.0, 6174900.0 ], [ 722200.0, 6174900.0 ] ] ] } },
{ "type": "Feature", "properties": { "Shape_Area": 50000.0, "Shape_Leng": 1200.0, "cluster_id": "147_4", "fid_1": 1212.0, "id_munic": 4.0, "munic_clus": "147_4", "munic_code": 147.0, "min": 2.6489503383636475, "max": 2.6489503383636475, "mean": 2.6489501953125001, "count": 5, "std": 1.4305114737211966e-07, "range": 0.0 }, "geometry": { "type": "Polygon", "coordinates": [ [ [ 722200.0, 6175000.0 ], [ 722200.0, 6175100.0 ], [ 722300.0, 6175100.0 ], [ 722400.0, 6175100.0 ], [ 722500.0, 6175100.0 ], [ 722500.0, 6175000.0 ], [ 722400.0, 6175000.0 ], [ 722300.0, 6175000.0 ], [ 722300.0, 6174900.0 ], [ 722200.0, 6174900.0 ], [ 722100.0, 6174900.0 ], [ 722100.0, 6175000.0 ], [ 722200.0, 6175000.0 ] ] ] } },
{ "type": "Feature", "properties": { "Shape_Area": 10000.0, "Shape_Leng": 400.0, "cluster_id": "147_5", "fid_1": 1213.0, "id_munic": 5.0, "munic_clus": "147_5", "munic_code": 147.0, "min": 3.0814733505249023, "max": 3.0814733505249023, "mean": 3.0814733505249023, "count": 1, "std": 0.0, "range": 0.0 }, "geometry": { "type": "Polygon", "coordinates": [ [ [ 721400.0, 6174600.0 ], [ 721400.0, 6174700.0 ], [ 721500.0, 6174700.0 ], [ 721500.0, 6174600.0 ], [ 721400.0, 6174600.0 ] ] ] } },
{ "type": "Feature", "properties": { "Shape_Area": 10000.0, "Shape_Leng": 400.0, "cluster_id": "147_6", "fid_1": 1214.0, "id_munic": 6.0, "munic_clus": "147_6", "munic_code": 147.0, "min": 2.5851387977600098, "max": 2.5851387977600098, "mean": 2.5851387977600098, "count": 1, "std": 0.0, "range": 0.0 }, "geometry": { "type": "Polygon", "coordinates": [ [ [ 720400.0, 6175400.0 ], [ 720400.0, 6175500.0 ], [ 720500.0, 6175500.0 ], [ 720500.0, 6175400.0 ], [ 720400.0, 6175400.0 ] ] ] } },
{ "type": "Feature", "properties": { "Shape_Area": 80000.0, "Shape_Leng": 1400.0, "cluster_id": "147_7", "fid_1": 1215.0, "id_munic": 7.0, "munic_clus": "147_7", "munic_code": 147.0, "min": 2.9476842880249023, "max": 2.9476842880249023, "mean": 2.9476842880249023, "count": 8, "std": 0.0, "range": 0.0 }, "geometry": { "type": "Polygon", "coordinates": [ [ [ 720400.0, 6175500.0 ], [ 720300.0, 6175500.0 ], [ 720300.0, 6175600.0 ], [ 720300.0, 6175700.0 ], [ 720200.0, 6175700.0 ], [ 720200.0, 6175800.0 ], [ 720200.0, 6175900.0 ], [ 720300.0, 6175900.0 ], [ 720400.0, 6175900.0 ], [ 720400.0, 6175800.0 ], [ 720400.0, 6175700.0 ], [ 720500.0, 6175700.0 ], [ 720500.0, 6175600.0 ], [ 720500.0, 6175500.0 ], [ 720400.0, 6175500.0 ] ] ] } },
{ "type": "Feature", "properties": { "Shape_Area": 10000.0, "Shape_Leng": 400.0, "cluster_id": "147_8", "fid_1": 1216.0, "id_munic": 8.0, "munic_clus": "147_8", "munic_code": 147.0, "min": 3.4046988487243652, "max": 3.4046988487243652, "mean": 3.4046988487243652, "count": 1, "std": 0.0, "range": 0.0 }, "geometry": { "type": "Polygon", "coordinates": [ [ [ 720400.0, 6175300.0 ], [ 720400.0, 6175400.0 ], [ 720500.0, 6175400.0 ], [ 720500.0, 6175300.0 ], [ 720400.0, 6175300.0 ] ] ] } },
{ "type": "Feature", "properties": { "Shape_Area": 80000.0, "Shape_Leng": 1400.0, "cluster_id": "147_9", "fid_1": 1217.0, "id_munic": 9.0, "munic_clus": "147_9", "munic_code": 147.0, "min": 3.3935356140136719, "max": 3.3935356140136719, "mean": 3.3935356140136719, "count": 8, "std": 0.0, "range": 0.0 }, "geometry": { "type": "Polygon", "coordinates": [ [ [ 720500.0, 6175300.0 ], [ 720500.0, 6175200.0 ], [ 720400.0, 6175200.0 ], [ 720300.0, 6175200.0 ], [ 720200.0, 6175200.0 ], [ 720200.0, 6175300.0 ], [ 720200.0, 6175400.0 ], [ 720100.0, 6175400.0 ], [ 720100.0, 6175500.0 ], [ 720200.0, 6175500.0 ], [ 720300.0, 6175500.0 ], [ 720400.0, 6175500.0 ], [ 720400.0, 6175400.0 ], [ 720400.0, 6175300.0 ], [ 720500.0, 6175300.0 ] ] ] } },
{ "type": "Feature", "properties": { "Shape_Area": 20000.0, "Shape_Leng": 600.0, "cluster_id": "147_10", "fid_1": 1218.0, "id_munic": 10.0, "munic_clus": "147_10", "munic_code": 147.0, "min": 3.5669777393341064, "max": 3.5669777393341064, "mean": 3.5669777393341064, "count": 2, "std": 0.0, "range": 0.0 }, "geometry": { "type": "Polygon", "coordinates": [ [ [ 722100.0, 6175200.0 ], [ 722100.0, 6175300.0 ], [ 722200.0, 6175300.0 ], [ 722200.0, 6175200.0 ], [ 722200.0, 6175100.0 ], [ 722100.0, 6175100.0 ], [ 722100.0, 6175200.0 ] ] ] } },
{ "type": "Feature", "properties": { "Shape_Area": 40000.0, "Shape_Leng": 800.0, "cluster_id": "147_11", "fid_1": 1219.0, "id_munic": 11.0, "munic_clus": "147_11", "munic_code": 147.0, "min": 3.7702434062957764, "max": 3.7702434062957764, "mean": 3.7702434062957764, "count": 4, "std": 0.0, "range": 0.0 }, "geometry": { "type": "Polygon", "coordinates": [ [ [ 720600.0, 6175700.0 ], [ 720500.0, 6175700.0 ], [ 720400.0, 6175700.0 ], [ 720400.0, 6175800.0 ], [ 720400.0, 6175900.0 ], [ 720500.0, 6175900.0 ], [ 720600.0, 6175900.0 ], [ 720600.0, 6175800.0 ], [ 720600.0, 6175700.0 ] ] ] } },
{ "type": "Feature", "properties": { "Shape_Area": 10000.0, "Shape_Leng": 400.0, "cluster_id": "147_12", "fid_1": 1220.0, "id_munic": 12.0, "munic_clus": "147_12", "munic_code": 147.0, "min": 3.0624797344207764, "max": 3.0624797344207764, "mean": 3.0624797344207764, "count": 1, "std": 0.0, "range": 0.0 }, "geometry": { "type": "Polygon", "coordinates": [ [ [ 720100.0, 6175800.0 ], [ 720100.0, 6175900.0 ], [ 720200.0, 6175900.0 ], [ 720200.0, 6175800.0 ], [ 720100.0, 6175800.0 ] ] ] } },
{ "type": "Feature", "properties": { "Shape_Area": 20000.0, "Shape_Leng": 600.0, "cluster_id": "147_13", "fid_1": 1221.0, "id_munic": 13.0, "munic_clus": "147_13", "munic_code": 147.0, "min": 2.6816062927246094, "max": 2.6816062927246094, "mean": 2.6816062927246094, "count": 2, "std": 0.0, "range": 0.0 }, "geometry": { "type": "Polygon", "coordinates": [ [ [ 720000.0, 6175800.0 ], [ 720000.0, 6175900.0 ], [ 720100.0, 6175900.0 ], [ 720100.0, 6175800.0 ], [ 720100.0, 6175700.0 ], [ 720000.0, 6175700.0 ], [ 720000.0, 6175800.0 ] ] ] } },
{ "type": "Feature", "properties": { "Shape_Area": 20000.0, "Shape_Leng": 600.0, "cluster_id": "147_14", "fid_1": 1222.0, "id_munic": 14.0, "munic_clus": "147_14", "munic_code": 147.0, "min": 2.9310233592987061, "max": 2.9310233592987061, "mean": 2.9310233592987061, "count": 2, "std": 0.0, "range": 0.0 }, "geometry": { "type": "Polygon", "coordinates": [ [ [ 720000.0, 6175300.0 ], [ 720000.0, 6175400.0 ], [ 720100.0, 6175400.0 ], [ 720100.0, 6175300.0 ], [ 720100.0, 6175200.0 ], [ 720000.0, 6175200.0 ], [ 720000.0, 6175300.0 ] ] ] } },
{ "type": "Feature", "properties": { "Shape_Area": 250000.0, "Shape_Leng": 2200.0, "cluster_id": "147_15", "fid_1": 1223.0, "id_munic": 15.0, "munic_clus": "147_15", "munic_code": 147.0, "min": 2.6444518566131592, "max": 2.6444518566131592, "mean": 2.6444519042968748, "count": 25, "std": 4.7683715642676809e-08, "range": 0.0 }, "geometry": { "type": "Polygon", "coordinates": [ [ [ 719600.0, 6175600.0 ], [ 719600.0, 6175700.0 ], [ 719600.0, 6175800.0 ], [ 719700.0, 6175800.0 ], [ 719800.0, 6175800.0 ], [ 719900.0, 6175800.0 ], [ 720000.0, 6175800.0 ], [ 720000.0, 6175700.0 ], [ 720000.0, 6175600.0 ], [ 720000.0, 6175500.0 ], [ 720100.0, 6175500.0 ], [ 720100.0, 6175400.0 ], [ 720000.0, 6175400.0 ], [ 720000.0, 6175300.0 ], [ 720000.0, 6175200.0 ], [ 719900.0, 6175200.0 ], [ 719800.0, 6175200.0 ], [ 719700.0, 6175200.0 ], [ 719600.0, 6175200.0 ], [ 719600.0, 6175300.0 ], [ 719600.0, 6175400.0 ], [ 719600.0, 6175500.0 ], [ 719600.0, 6175600.0 ] ] ] } },
{ "type": "Feature", "properties": { "Shape_Area": 70000.0, "Shape_Leng": 1200.0, "cluster_id": "147_16", "fid_1": 1224.0, "id_munic": 16.0, "munic_clus": "147_16", "munic_code": 147.0, "min": 3.5746417045593262, "max": 3.5746417045593262, "mean": 3.5746416364397322, "count": 7, "std": 6.8119593965576541e-08, "range": 0.0 }, "geometry": { "type": "Polygon", "coordinates": [ [ [ 720300.0, 6175500.0 ], [ 720200.0, 6175500.0 ], [ 720100.0, 6175500.0 ], [ 720000.0, 6175500.0 ], [ 720000.0, 6175600.0 ], [ 720000.0, 6175700.0 ], [ 720100.0, 6175700.0 ], [ 720100.0, 6175800.0 ], [ 720200.0, 6175800.0 ], [ 720200.0, 6175700.0 ], [ 720300.0, 6175700.0 ], [ 720300.0, 6175600.0 ], [ 720300.0, 6175500.0 ] ] ] } },
{ "type": "Feature", "properties": { "Shape_Area": 10000.0, "Shape_Leng": 400.0, "cluster_id": "147_17", "fid_1": 1225.0, "id_munic": 17.0, "munic_clus": "147_17", "munic_code": 147.0, "min": 3.4951684474945068, "max": 3.4951684474945068, "mean": 3.4951684474945068, "count": 1, "std": 0.0, "range": 0.0 }, "geometry": { "type": "Polygon", "coordinates": [ [ [ 719800.0, 6175800.0 ], [ 719800.0, 6175900.0 ], [ 719900.0, 6175900.0 ], [ 719900.0, 6175800.0 ], [ 719800.0, 6175800.0 ] ] ] } },
{ "type": "Feature", "properties": { "Shape_Area": 10000.0, "Shape_Leng": 400.0, "cluster_id": "147_18", "fid_1": 1226.0, "id_munic": 18.0, "munic_clus": "147_18", "munic_code": 147.0, "min": 3.0001671314239502, "max": 3.0001671314239502, "mean": 3.0001671314239502, "count": 1, "std": 0.0, "range": 0.0 }, "geometry": { "type": "Polygon", "coordinates": [ [ [ 719700.0, 6175800.0 ], [ 719700.0, 6175900.0 ], [ 719800.0, 6175900.0 ], [ 719800.0, 6175800.0 ], [ 719700.0, 6175800.0 ] ] ] } },
{ "type": "Feature", "properties": { "Shape_Area": 10000.0, "Shape_Leng": 400.0, "cluster_id": "147_19", "fid_1": 1227.0, "id_munic": 19.0, "munic_clus": "147_19", "munic_code": 147.0, "min": 2.4560146331787109, "max": 2.4560146331787109, "mean": 2.4560146331787109, "count": 1, "std": 0.0, "range": 0.0 }, "geometry": { "type": "Polygon", "coordinates": [ [ [ 719600.0, 6175800.0 ], [ 719600.0, 6175900.0 ], [ 719700.0, 6175900.0 ], [ 719700.0, 6175800.0 ], [ 719600.0, 6175800.0 ] ] ] } },
{ "type": "Feature", "properties": { "Shape_Area": 20000.0, "Shape_Leng": 600.0, "cluster_id": "147_20", "fid_1": 1228.0, "id_munic": 20.0, "munic_clus": "147_20", "munic_code": 147.0, "min": 3.8130626678466797, "max": 3.8130626678466797, "mean": 3.8130626678466797, "count": 2, "std": 0.0, "range": 0.0 }, "geometry": { "type": "Polygon", "coordinates": [ [ [ 719700.0, 6176000.0 ], [ 719800.0, 6176000.0 ], [ 719900.0, 6176000.0 ], [ 719900.0, 6175900.0 ], [ 719800.0, 6175900.0 ], [ 719700.0, 6175900.0 ], [ 719700.0, 6176000.0 ] ] ] } },
{ "type": "Feature", "properties": { "Shape_Area": 180000.0, "Shape_Leng": 2200.0, "cluster_id": "147_21", "fid_1": 1229.0, "id_munic": 21.0, "munic_clus": "147_21", "munic_code": 147.0, "min": 2.8082311153411865, "max": 2.8082311153411865, "mean": 2.80823114183214, "count": 18, "std": 2.6490953430879927e-08, "range": 0.0 }, "geometry": { "type": "Polygon", "coordinates": [ [ [ 719900.0, 6176300.0 ], [ 719800.0, 6176300.0 ], [ 719700.0, 6176300.0 ], [ 719700.0, 6176400.0 ], [ 719700.0, 6176500.0 ], [ 719800.0, 6176500.0 ], [ 719800.0, 6176600.0 ], [ 719900.0, 6176600.0 ], [ 719900.0, 6176700.0 ], [ 720000.0, 6176700.0 ], [ 720000.0, 6176800.0 ], [ 720100.0, 6176800.0 ], [ 720200.0, 6176800.0 ], [ 720300.0, 6176800.0 ], [ 720300.0, 6176700.0 ], [ 720200.0, 6176700.0 ], [ 720200.0, 6176600.0 ], [ 720200.0, 6176500.0 ], [ 720100.0, 6176500.0 ], [ 720100.0, 6176400.0 ], [ 720100.0, 6176300.0 ], [ 720000.0, 6176300.0 ], [ 719900.0, 6176300.0 ] ] ] } },
{ "type": "Feature", "properties": { "Shape_Area": 30000.0, "Shape_Leng": 800.0, "cluster_id": "147_22", "fid_1": 1230.0, "id_munic": 22.0, "munic_clus": "147_22", "munic_code": 147.0, "min": 3.9405200481414795, "max": 3.9405200481414795, "mean": 3.9405199686686196, "count": 3, "std": 7.947285984855057e-08, "range": 0.0 }, "geometry": { "type": "Polygon", "coordinates": [ [ [ 720200.0, 6176700.0 ], [ 720300.0, 6176700.0 ], [ 720400.0, 6176700.0 ], [ 720500.0, 6176700.0 ], [ 720500.0, 6176600.0 ], [ 720400.0, 6176600.0 ], [ 720300.0, 6176600.0 ], [ 720200.0, 6176600.0 ], [ 720200.0, 6176700.0 ] ] ] } },
{ "type": "Feature", "properties": { "Shape_Area": 10000.0, "Shape_Leng": 400.0, "cluster_id": "147_23", "fid_1": 1231.0, "id_munic": 23.0, "munic_clus": "147_23", "munic_code": 147.0, "min": 3.3475511074066162, "max": 3.3475511074066162, "mean": 3.3475511074066162, "count": 1, "std": 0.0, "range": 0.0 }, "geometry": { "type": "Polygon", "coordinates": [ [ [ 720700.0, 6176400.0 ], [ 720700.0, 6176500.0 ], [ 720800.0, 6176500.0 ], [ 720800.0, 6176400.0 ], [ 720700.0, 6176400.0 ] ] ] } },
{ "type": "Feature", "properties": { "Shape_Area": 20000.0, "Shape_Leng": 600.0, "cluster_id": "147_24", "fid_1": 1232.0, "id_munic": 24.0, "munic_clus": "147_24", "munic_code": 147.0, "min": 3.3052315711975098, "max": 3.3052315711975098, "mean": 3.3052315711975098, "count": 2, "std": 0.0, "range": 0.0 }, "geometry": { "type": "Polygon", "coordinates": [ [ [ 720500.0, 6176400.0 ], [ 720600.0, 6176400.0 ], [ 720700.0, 6176400.0 ], [ 720700.0, 6176300.0 ], [ 720600.0, 6176300.0 ], [ 720500.0, 6176300.0 ], [ 720500.0, 6176400.0 ] ] ] } },
{ "type": "Feature", "properties": { "Shape_Area": 10000.0, "Shape_Leng": 400.0, "cluster_id": "147_25", "fid_1": 1233.0, "id_munic": 25.0, "munic_clus": "147_25", "munic_code": 147.0, "min": 2.6969342231750488, "max": 2.6969342231750488, "mean": 2.6969342231750488, "count": 1, "std": 0.0, "range": 0.0 }, "geometry": { "type": "Polygon", "coordinates": [ [ [ 722400.0, 6176400.0 ], [ 722400.0, 6176500.0 ], [ 722500.0, 6176500.0 ], [ 722500.0, 6176400.0 ], [ 722400.0, 6176400.0 ] ] ] } },
{ "type": "Feature", "properties": { "Shape_Area": 20000.0, "Shape_Leng": 600.0, "cluster_id": "147_26", "fid_1": 1234.0, "id_munic": 26.0, "munic_clus": "147_26", "munic_code": 147.0, "min": 1.9961678981781006, "max": 1.9961678981781006, "mean": 1.9961678981781006, "count": 2, "std": 0.0, "range": 0.0 }, "geometry": { "type": "Polygon", "coordinates": [ [ [ 722500.0, 6176600.0 ], [ 722500.0, 6176700.0 ], [ 722600.0, 6176700.0 ], [ 722600.0, 6176600.0 ], [ 722600.0, 6176500.0 ], [ 722500.0, 6176500.0 ], [ 722500.0, 6176600.0 ] ] ] } },
{ "type": "Feature", "properties": { "Shape_Area": 10000.0, "Shape_Leng": 400.0, "cluster_id": "147_27", "fid_1": 1235.0, "id_munic": 27.0, "munic_clus": "147_27", "munic_code": 147.0, "min": 2.6647789478302002, "max": 2.6647789478302002, "mean": 2.6647789478302002, "count": 1, "std": 0.0, "range": 0.0 }, "geometry": { "type": "Polygon", "coordinates": [ [ [ 722500.0, 6176400.0 ], [ 722500.0, 6176500.0 ], [ 722600.0, 6176500.0 ], [ 722600.0, 6176400.0 ], [ 722500.0, 6176400.0 ] ] ] } },
{ "type": "Feature", "properties": { "Shape_Area": 10000.0, "Shape_Leng": 400.0, "cluster_id": "147_28", "fid_1": 1236.0, "id_munic": 28.0, "munic_clus": "147_28", "munic_code": 147.0, "min": 3.7610800266265869, "max": 3.7610800266265869, "mean": 3.7610800266265869, "count": 1, "std": 0.0, "range": 0.0 }, "geometry": { "type": "Polygon", "coordinates": [ [ [ 722400.0, 6176600.0 ], [ 722400.0, 6176700.0 ], [ 722500.0, 6176700.0 ], [ 722500.0, 6176600.0 ], [ 722400.0, 6176600.0 ] ] ] } },
{ "type": "Feature", "properties": { "Shape_Area": 20000.0, "Shape_Leng": 600.0, "cluster_id": "147_29", "fid_1": 1237.0, "id_munic": 29.0, "munic_clus": "147_29", "munic_code": 147.0, "min": 3.0594804286956787, "max": 3.0594804286956787, "mean": 3.0594804286956787, "count": 2, "std": 0.0, "range": 0.0 }, "geometry": { "type": "Polygon", "coordinates": [ [ [ 722300.0, 6176600.0 ], [ 722400.0, 6176600.0 ], [ 722500.0, 6176600.0 ], [ 722500.0, 6176500.0 ], [ 722400.0, 6176500.0 ], [ 722300.0, 6176500.0 ], [ 722300.0, 6176600.0 ] ] ] } },
{ "type": "Feature", "properties": { "Shape_Area": 20000.0, "Shape_Leng": 600.0, "cluster_id": "147_30", "fid_1": 1238.0, "id_munic": 30.0, "munic_clus": "147_30", "munic_code": 147.0, "min": 2.2604134082794189, "max": 2.2604134082794189, "mean": 2.2604134082794189, "count": 2, "std": 0.0, "range": 0.0 }, "geometry": { "type": "Polygon", "coordinates": [ [ [ 722200.0, 6175200.0 ], [ 722200.0, 6175300.0 ], [ 722300.0, 6175300.0 ], [ 722300.0, 6175200.0 ], [ 722300.0, 6175100.0 ], [ 722200.0, 6175100.0 ], [ 722200.0, 6175200.0 ] ] ] } },
{ "type": "Feature", "properties": { "Shape_Area": 10000.0, "Shape_Leng": 400.0, "cluster_id": "147_31", "fid_1": 1239.0, "id_munic": 31.0, "munic_clus": "147_31", "munic_code": 147.0, "min": 3.0384876728057861, "max": 3.0384876728057861, "mean": 3.0384876728057861, "count": 1, "std": 0.0, "range": 0.0 }, "geometry": { "type": "Polygon", "coordinates": [ [ [ 722600.0, 6176500.0 ], [ 722600.0, 6176600.0 ], [ 722700.0, 6176600.0 ], [ 722700.0, 6176500.0 ], [ 722600.0, 6176500.0 ] ] ] } },
{ "type": "Feature", "properties": { "Shape_Area": 10000.0, "Shape_Leng": 400.0, "cluster_id": "147_32", "fid_1": 1240.0, "id_munic": 32.0, "munic_clus": "147_32", "munic_code": 147.0, "min": 3.8143951892852783, "max": 3.8143951892852783, "mean": 3.8143951892852783, "count": 1, "std": 0.0, "range": 0.0 }, "geometry": { "type": "Polygon", "coordinates": [ [ [ 723000.0, 6176300.0 ], [ 723000.0, 6176400.0 ], [ 723100.0, 6176400.0 ], [ 723100.0, 6176300.0 ], [ 723000.0, 6176300.0 ] ] ] } },
{ "type": "Feature", "properties": { "Shape_Area": 10000.0, "Shape_Leng": 400.0, "cluster_id": "147_33", "fid_1": 1241.0, "id_munic": 33.0, "munic_clus": "147_33", "munic_code": 147.0, "min": 3.4120297431945801, "max": 3.4120297431945801, "mean": 3.4120297431945801, "count": 1, "std": 0.0, "range": 0.0 }, "geometry": { "type": "Polygon", "coordinates": [ [ [ 723000.0, 6176200.0 ], [ 723000.0, 6176300.0 ], [ 723100.0, 6176300.0 ], [ 723100.0, 6176200.0 ], [ 723000.0, 6176200.0 ] ] ] } },
{ "type": "Feature", "properties": { "Shape_Area": 60000.0, "Shape_Leng": 1200.0, "cluster_id": "147_34", "fid_1": 1242.0, "id_munic": 34.0, "munic_clus": "147_34", "munic_code": 147.0, "min": 3.5796403884887695, "max": 3.5796403884887695, "mean": 3.5796403884887695, "count": 6, "std": 0.0, "range": 0.0 }, "geometry": { "type": "Polygon", "coordinates": [ [ [ 722600.0, 6176400.0 ], [ 722600.0, 6176500.0 ], [ 722700.0, 6176500.0 ], [ 722700.0, 6176600.0 ], [ 722800.0, 6176600.0 ], [ 722900.0, 6176600.0 ], [ 722900.0, 6176500.0 ], [ 722900.0, 6176400.0 ], [ 722800.0, 6176400.0 ], [ 722800.0, 6176300.0 ], [ 722700.0, 6176300.0 ], [ 722700.0, 6176400.0 ], [ 722600.0, 6176400.0 ] ] ] } },
{ "type": "Feature", "properties": { "Shape_Area": 20000.0, "Shape_Leng": 600.0, "cluster_id": "147_35", "fid_1": 1243.0, "id_munic": 35.0, "munic_clus": "147_35", "munic_code": 147.0, "min": 3.0888042449951172, "max": 3.0888042449951172, "mean": 3.0888042449951172, "count": 2, "std": 0.0, "range": 0.0 }, "geometry": { "type": "Polygon", "coordinates": [ [ [ 723000.0, 6176500.0 ], [ 723100.0, 6176500.0 ], [ 723200.0, 6176500.0 ], [ 723200.0, 6176400.0 ], [ 723100.0, 6176400.0 ], [ 723000.0, 6176400.0 ], [ 723000.0, 6176500.0 ] ] ] } },
{ "type": "Feature", "properties": { "Shape_Area": 10000.0, "Shape_Leng": 400.0, "cluster_id": "147_36", "fid_1": 1244.0, "id_munic": 36.0, "munic_clus": "147_36", "munic_code": 147.0, "min": 2.9473509788513184, "max": 2.9473509788513184, "mean": 2.9473509788513184, "count": 1, "std": 0.0, "range": 0.0 }, "geometry": { "type": "Polygon", "coordinates": [ [ [ 722300.0, 6176400.0 ], [ 722300.0, 6176500.0 ], [ 722400.0, 6176500.0 ], [ 722400.0, 6176400.0 ], [ 722300.0, 6176400.0 ] ] ] } },
{ "type": "Feature", "properties": { "Shape_Area": 20000.0, "Shape_Leng": 600.0, "cluster_id": "147_37", "fid_1": 1245.0, "id_munic": 37.0, "munic_clus": "147_37", "munic_code": 147.0, "min": 3.2519161701202393, "max": 3.2519161701202393, "mean": 3.2519161701202393, "count": 2, "std": 0.0, "range": 0.0 }, "geometry": { "type": "Polygon", "coordinates": [ [ [ 722200.0, 6176400.0 ], [ 722300.0, 6176400.0 ], [ 722400.0, 6176400.0 ], [ 722400.0, 6176300.0 ], [ 722300.0, 6176300.0 ], [ 722200.0, 6176300.0 ], [ 722200.0, 6176400.0 ] ] ] } },
{ "type": "Feature", "properties": { "Shape_Area": 30000.0, "Shape_Leng": 800.0, "cluster_id": "147_38", "fid_1": 1246.0, "id_munic": 38.0, "munic_clus": "147_38", "munic_code": 147.0, "min": 2.8030660152435303, "max": 2.8030660152435303, "mean": 2.8030659357706704, "count": 3, "std": 7.947285984855057e-08, "range": 0.0 }, "geometry": { "type": "Polygon", "coordinates": [ [ [ 722800.0, 6176400.0 ], [ 722900.0, 6176400.0 ], [ 722900.0, 6176500.0 ], [ 723000.0, 6176500.0 ], [ 723000.0, 6176400.0 ], [ 723000.0, 6176300.0 ], [ 722900.0, 6176300.0 ], [ 722800.0, 6176300.0 ], [ 722800.0, 6176400.0 ] ] ] } },
{ "type": "Feature", "properties": { "Shape_Area": 20000.0, "Shape_Leng": 600.0, "cluster_id": "147_39", "fid_1": 1247.0, "id_munic": 39.0, "munic_clus": "147_39", "munic_code": 147.0, "min": 3.8172280788421631, "max": 3.8172280788421631, "mean": 3.8172280788421631, "count": 2, "std": 0.0, "range": 0.0 }, "geometry": { "type": "Polygon", "coordinates": [ [ [ 721500.0, 6176500.0 ], [ 721600.0, 6176500.0 ], [ 721700.0, 6176500.0 ], [ 721700.0, 6176400.0 ], [ 721600.0, 6176400.0 ], [ 721500.0, 6176400.0 ], [ 721500.0, 6176500.0 ] ] ] } },
{ "type": "Feature", "properties": { "Shape_Area": 10000.0, "Shape_Leng": 400.0, "cluster_id": "147_40", "fid_1": 1248.0, "id_munic": 40.0, "munic_clus": "147_40", "munic_code": 147.0, "min": 3.4490172863006592, "max": 3.4490172863006592, "mean": 3.4490172863006592, "count": 1, "std": 0.0, "range": 0.0 }, "geometry": { "type": "Polygon", "coordinates": [ [ [ 721600.0, 6176500.0 ], [ 721600.0, 6176600.0 ], [ 721700.0, 6176600.0 ], [ 721700.0, 6176500.0 ], [ 721600.0, 6176500.0 ] ] ] } },
{ "type": "Feature", "properties": { "Shape_Area": 40000.0, "Shape_Leng": 800.0, "cluster_id": "147_41", "fid_1": 1249.0, "id_munic": 41.0, "munic_clus": "147_41", "munic_code": 147.0, "min": 2.8047318458557129, "max": 2.8047318458557129, "mean": 2.8047318458557129, "count": 4, "std": 0.0, "range": 0.0 }, "geometry": { "type": "Polygon", "coordinates": [ [ [ 722200.0, 6176200.0 ], [ 722100.0, 6176200.0 ], [ 722000.0, 6176200.0 ], [ 722000.0, 6176300.0 ], [ 722000.0, 6176400.0 ], [ 722100.0, 6176400.0 ], [ 722200.0, 6176400.0 ], [ 722200.0, 6176300.0 ], [ 722200.0, 6176200.0 ] ] ] } },
{ "type": "Feature", "properties": { "Shape_Area": 10000.0, "Shape_Leng": 400.0, "cluster_id": "147_42", "fid_1": 1250.0, "id_munic": 42.0, "munic_clus": "147_42", "munic_code": 147.0, "min": 3.4023661613464355, "max": 3.4023661613464355, "mean": 3.4023661613464355, "count": 1, "std": 0.0, "range": 0.0 }, "geometry": { "type": "Polygon", "coordinates": [ [ [ 722100.0, 6176100.0 ], [ 722100.0, 6176200.0 ], [ 722200.0, 6176200.0 ], [ 722200.0, 6176100.0 ], [ 722100.0, 6176100.0 ] ] ] } },
{ "type": "Feature", "properties": { "Shape_Area": 20000.0, "Shape_Leng": 600.0, "cluster_id": "147_43", "fid_1": 1251.0, "id_munic": 43.0, "munic_clus": "147_43", "munic_code": 147.0, "min": 2.7272574901580811, "max": 2.7272574901580811, "mean": 2.7272574901580811, "count": 2, "std": 0.0, "range": 0.0 }, "geometry": { "type": "Polygon", "coordinates": [ [ [ 721800.0, 6176500.0 ], [ 721900.0, 6176500.0 ], [ 722000.0, 6176500.0 ], [ 722000.0, 6176400.0 ], [ 721900.0, 6176400.0 ], [ 721800.0, 6176400.0 ], [ 721800.0, 6176500.0 ] ] ] } },
{ "type": "Feature", "properties": { "Shape_Area": 10000.0, "Shape_Leng": 400.0, "cluster_id": "147_44", "fid_1": 1252.0, "id_munic": 44.0, "munic_clus": "147_44", "munic_code": 147.0, "min": 2.557647705078125, "max": 2.557647705078125, "mean": 2.557647705078125, "count": 1, "std": 0.0, "range": 0.0 }, "geometry": { "type": "Polygon", "coordinates": [ [ [ 721700.0, 6176400.0 ], [ 721700.0, 6176500.0 ], [ 721800.0, 6176500.0 ], [ 721800.0, 6176400.0 ], [ 721700.0, 6176400.0 ] ] ] } },
{ "type": "Feature", "properties": { "Shape_Area": 20000.0, "Shape_Leng": 600.0, "cluster_id": "147_45", "fid_1": 1253.0, "id_munic": 45.0, "munic_clus": "147_45", "munic_code": 147.0, "min": 2.6994340419769287, "max": 2.6994340419769287, "mean": 2.6994340419769287, "count": 2, "std": 0.0, "range": 0.0 }, "geometry": { "type": "Polygon", "coordinates": [ [ [ 721600.0, 6176200.0 ], [ 721700.0, 6176200.0 ], [ 721800.0, 6176200.0 ], [ 721800.0, 6176100.0 ], [ 721700.0, 6176100.0 ], [ 721600.0, 6176100.0 ], [ 721600.0, 6176200.0 ] ] ] } },
{ "type": "Feature", "properties": { "Shape_Area": 30000.0, "Shape_Leng": 800.0, "cluster_id": "147_46", "fid_1": 1254.0, "id_munic": 46.0, "munic_clus": "147_46", "munic_code": 147.0, "min": 2.7229256629943848, "max": 2.7229256629943848, "mean": 2.722925821940104, "count": 3, "std": 1.5894571925301193e-07, "range": 0.0 }, "geometry": { "type": "Polygon", "coordinates": [ [ [ 721600.0, 6176100.0 ], [ 721700.0, 6176100.0 ], [ 721800.0, 6176100.0 ], [ 721900.0, 6176100.0 ], [ 721900.0, 6176000.0 ], [ 721800.0, 6176000.0 ], [ 721700.0, 6176000.0 ], [ 721600.0, 6176000.0 ], [ 721600.0, 6176100.0 ] ] ] } },
{ "type": "Feature", "properties": { "Shape_Area": 10000.0, "Shape_Leng": 400.0, "cluster_id": "147_47", "fid_1": 1255.0, "id_munic": 47.0, "munic_clus": "147_47", "munic_code": 147.0, "min": 3.0553154945373535, "max": 3.0553154945373535, "mean": 3.0553154945373535, "count": 1, "std": 0.0, "range": 0.0 }, "geometry": { "type": "Polygon", "coordinates": [ [ [ 722200.0, 6176500.0 ], [ 722200.0, 6176600.0 ], [ 722300.0, 6176600.0 ], [ 722300.0, 6176500.0 ], [ 722200.0, 6176500.0 ] ] ] } },
{ "type": "Feature", "properties": { "Shape_Area": 20000.0, "Shape_Leng": 600.0, "cluster_id": "147_48", "fid_1": 1256.0, "id_munic": 48.0, "munic_clus": "147_48", "munic_code": 147.0, "min": 3.4548485279083252, "max": 3.4548485279083252, "mean": 3.4548485279083252, "count": 2, "std": 0.0, "range": 0.0 }, "geometry": { "type": "Polygon", "coordinates": [ [ [ 721700.0, 6176600.0 ], [ 721700.0, 6176700.0 ], [ 721800.0, 6176700.0 ], [ 721800.0, 6176600.0 ], [ 721800.0, 6176500.0 ], [ 721700.0, 6176500.0 ], [ 721700.0, 6176600.0 ] ] ] } },
{ "type": "Feature", "properties": { "Shape_Area": 20000.0, "Shape_Leng": 600.0, "cluster_id": "147_49", "fid_1": 1257.0, "id_munic": 49.0, "munic_clus": "147_49", "munic_code": 147.0, "min": 3.0154953002929688, "max": 3.0154953002929688, "mean": 3.0154953002929688, "count": 2, "std": 0.0, "range": 0.0 }, "geometry": { "type": "Polygon", "coordinates": [ [ [ 721600.0, 6176700.0 ], [ 721600.0, 6176800.0 ], [ 721700.0, 6176800.0 ], [ 721700.0, 6176700.0 ], [ 721700.0, 6176600.0 ], [ 721600.0, 6176600.0 ], [ 721600.0, 6176700.0 ] ] ] } },
{ "type": "Feature", "properties": { "Shape_Area": 20000.0, "Shape_Leng": 600.0, "cluster_id": "147_50", "fid_1": 1258.0, "id_munic": 50.0, "munic_clus": "147_50", "munic_code": 147.0, "min": 3.2344222068786621, "max": 3.2344222068786621, "mean": 3.2344222068786621, "count": 2, "std": 0.0, "range": 0.0 }, "geometry": { "type": "Polygon", "coordinates": [ [ [ 722200.0, 6176700.0 ], [ 722300.0, 6176700.0 ], [ 722400.0, 6176700.0 ], [ 722400.0, 6176600.0 ], [ 722300.0, 6176600.0 ], [ 722200.0, 6176600.0 ], [ 722200.0, 6176700.0 ] ] ] } },
{ "type": "Feature", "properties": { "Shape_Area": 20000.0, "Shape_Leng": 600.0, "cluster_id": "147_51", "fid_1": 1259.0, "id_munic": 51.0, "munic_clus": "147_51", "munic_code": 147.0, "min": 3.5006668567657471, "max": 3.5006668567657471, "mean": 3.5006668567657471, "count": 2, "std": 0.0, "range": 0.0 }, "geometry": { "type": "Polygon", "coordinates": [ [ [ 722100.0, 6175400.0 ], [ 722100.0, 6175500.0 ], [ 722200.0, 6175500.0 ], [ 722200.0, 6175400.0 ], [ 722200.0, 6175300.0 ], [ 722100.0, 6175300.0 ], [ 722100.0, 6175400.0 ] ] ] } },
{ "type": "Feature", "properties": { "Shape_Area": 20000.0, "Shape_Leng": 600.0, "cluster_id": "147_52", "fid_1": 1260.0, "id_munic": 52.0, "munic_clus": "147_52", "munic_code": 147.0, "min": 2.6816058158874512, "max": 2.6816058158874512, "mean": 2.6816058158874512, "count": 2, "std": 0.0, "range": 0.0 }, "geometry": { "type": "Polygon", "coordinates": [ [ [ 722200.0, 6176800.0 ], [ 722300.0, 6176800.0 ], [ 722400.0, 6176800.0 ], [ 722400.0, 6176700.0 ], [ 722300.0, 6176700.0 ], [ 722200.0, 6176700.0 ], [ 722200.0, 6176800.0 ] ] ] } },
{ "type": "Feature", "properties": { "Shape_Area": 10000.0, "Shape_Leng": 400.0, "cluster_id": "147_53", "fid_1": 1261.0, "id_munic": 53.0, "munic_clus": "147_53", "munic_code": 147.0, "min": 2.4205267429351807, "max": 2.4205267429351807, "mean": 2.4205267429351807, "count": 1, "std": 0.0, "range": 0.0 }, "geometry": { "type": "Polygon", "coordinates": [ [ [ 722100.0, 6176700.0 ], [ 722100.0, 6176800.0 ], [ 722200.0, 6176800.0 ], [ 722200.0, 6176700.0 ], [ 722100.0, 6176700.0 ] ] ] } },
{ "type": "Feature", "properties": { "Shape_Area": 10000.0, "Shape_Leng": 400.0, "cluster_id": "147_54", "fid_1": 1262.0, "id_munic": 54.0, "munic_clus": "147_54", "munic_code": 147.0, "min": 4.0674781799316406, "max": 4.0674781799316406, "mean": 4.0674781799316406, "count": 1, "std": 0.0, "range": 0.0 }, "geometry": { "type": "Polygon", "coordinates": [ [ [ 721900.0, 6176500.0 ], [ 721900.0, 6176600.0 ], [ 722000.0, 6176600.0 ], [ 722000.0, 6176500.0 ], [ 721900.0, 6176500.0 ] ] ] } },
{ "type": "Feature", "properties": { "Shape_Area": 10000.0, "Shape_Leng": 400.0, "cluster_id": "147_55", "fid_1": 1263.0, "id_munic": 55.0, "munic_clus": "147_55", "munic_code": 147.0, "min": 3.3953688144683838, "max": 3.3953688144683838, "mean": 3.3953688144683838, "count": 1, "std": 0.0, "range": 0.0 }, "geometry": { "type": "Polygon", "coordinates": [ [ [ 722000.0, 6176500.0 ], [ 722000.0, 6176600.0 ], [ 722100.0, 6176600.0 ], [ 722100.0, 6176500.0 ], [ 722000.0, 6176500.0 ] ] ] } },
{ "type": "Feature", "properties": { "Shape_Area": 20000.0, "Shape_Leng": 600.0, "cluster_id": "147_56", "fid_1": 1264.0, "id_munic": 56.0, "munic_clus": "147_56", "munic_code": 147.0, "min": 3.1797735691070557, "max": 3.1797735691070557, "mean": 3.1797735691070557, "count": 2, "std": 0.0, "range": 0.0 }, "geometry": { "type": "Polygon", "coordinates": [ [ [ 722100.0, 6176500.0 ], [ 722200.0, 6176500.0 ], [ 722300.0, 6176500.0 ], [ 722300.0, 6176400.0 ], [ 722200.0, 6176400.0 ], [ 722100.0, 6176400.0 ], [ 722100.0, 6176500.0 ] ] ] } },
{ "type": "Feature", "properties": { "Shape_Area": 20000.0, "Shape_Leng": 600.0, "cluster_id": "147_57", "fid_1": 1265.0, "id_munic": 57.0, "munic_clus": "147_57", "munic_code": 147.0, "min": 2.8898701667785645, "max": 2.8898701667785645, "mean": 2.8898701667785645, "count": 2, "std": 0.0, "range": 0.0 }, "geometry": { "type": "Polygon", "coordinates": [ [ [ 722100.0, 6176600.0 ], [ 722100.0, 6176700.0 ], [ 722200.0, 6176700.0 ], [ 722200.0, 6176600.0 ], [ 722200.0, 6176500.0 ], [ 722100.0, 6176500.0 ], [ 722100.0, 6176600.0 ] ] ] } },
{ "type": "Feature", "properties": { "Shape_Area": 20000.0, "Shape_Leng": 600.0, "cluster_id": "147_58", "fid_1": 1266.0, "id_munic": 58.0, "munic_clus": "147_58", "munic_code": 147.0, "min": 2.6894369125366211, "max": 2.6894369125366211, "mean": 2.6894369125366211, "count": 2, "std": 0.0, "range": 0.0 }, "geometry": { "type": "Polygon", "coordinates": [ [ [ 721800.0, 6176600.0 ], [ 721800.0, 6176700.0 ], [ 721900.0, 6176700.0 ], [ 721900.0, 6176600.0 ], [ 721900.0, 6176500.0 ], [ 721800.0, 6176500.0 ], [ 721800.0, 6176600.0 ] ] ] } },
{ "type": "Feature", "properties": { "Shape_Area": 10000.0, "Shape_Leng": 400.0, "cluster_id": "147_59", "fid_1": 1267.0, "id_munic": 59.0, "munic_clus": "147_59", "munic_code": 147.0, "min": 2.8177275657653809, "max": 2.8177275657653809, "mean": 2.8177275657653809, "count": 1, "std": 0.0, "range": 0.0 }, "geometry": { "type": "Polygon", "coordinates": [ [ [ 722000.0, 6176400.0 ], [ 722000.0, 6176500.0 ], [ 722100.0, 6176500.0 ], [ 722100.0, 6176400.0 ], [ 722000.0, 6176400.0 ] ] ] } },
{ "type": "Feature", "properties": { "Shape_Area": 10000.0, "Shape_Leng": 400.0, "cluster_id": "147_60", "fid_1": 1268.0, "id_munic": 60.0, "munic_clus": "147_60", "munic_code": 147.0, "min": 3.5344886779785156, "max": 3.5344886779785156, "mean": 3.5344886779785156, "count": 1, "std": 0.0, "range": 0.0 }, "geometry": { "type": "Polygon", "coordinates": [ [ [ 721700.0, 6176900.0 ], [ 721700.0, 6177000.0 ], [ 721800.0, 6177000.0 ], [ 721800.0, 6176900.0 ], [ 721700.0, 6176900.0 ] ] ] } },
{ "type": "Feature", "properties": { "Shape_Area": 20000.0, "Shape_Leng": 600.0, "cluster_id": "147_61", "fid_1": 1269.0, "id_munic": 61.0, "munic_clus": "147_61", "munic_code": 147.0, "min": 2.6777744293212891, "max": 2.6777744293212891, "mean": 2.6777744293212891, "count": 2, "std": 0.0, "range": 0.0 }, "geometry": { "type": "Polygon", "coordinates": [ [ [ 721700.0, 6176800.0 ], [ 721700.0, 6176900.0 ], [ 721800.0, 6176900.0 ], [ 721800.0, 6176800.0 ], [ 721800.0, 6176700.0 ], [ 721700.0, 6176700.0 ], [ 721700.0, 6176800.0 ] ] ] } },
{ "type": "Feature", "properties": { "Shape_Area": 10000.0, "Shape_Leng": 400.0, "cluster_id": "147_62", "fid_1": 1270.0, "id_munic": 62.0, "munic_clus": "147_62", "munic_code": 147.0, "min": 2.6096301078796387, "max": 2.6096301078796387, "mean": 2.6096301078796387, "count": 1, "std": 0.0, "range": 0.0 }, "geometry": { "type": "Polygon", "coordinates": [ [ [ 722500.0, 6175100.0 ], [ 722500.0, 6175200.0 ], [ 722600.0, 6175200.0 ], [ 722600.0, 6175100.0 ], [ 722500.0, 6175100.0 ] ] ] } },
{ "type": "Feature", "properties": { "Shape_Area": 20000.0, "Shape_Leng": 600.0, "cluster_id": "147_63", "fid_1": 1271.0, "id_munic": 63.0, "munic_clus": "147_63", "munic_code": 147.0, "min": 3.5888040065765381, "max": 3.5888040065765381, "mean": 3.5888040065765381, "count": 2, "std": 0.0, "range": 0.0 }, "geometry": { "type": "Polygon", "coordinates": [ [ [ 721800.0, 6176800.0 ], [ 721800.0, 6176900.0 ], [ 721900.0, 6176900.0 ], [ 721900.0, 6176800.0 ], [ 721900.0, 6176700.0 ], [ 721800.0, 6176700.0 ], [ 721800.0, 6176800.0 ] ] ] } },
{ "type": "Feature", "properties": { "Shape_Area": 10000.0, "Shape_Leng": 400.0, "cluster_id": "147_64", "fid_1": 1272.0, "id_munic": 64.0, "munic_clus": "147_64", "munic_code": 147.0, "min": 3.0091638565063477, "max": 3.0091638565063477, "mean": 3.0091638565063477, "count": 1, "std": 0.0, "range": 0.0 }, "geometry": { "type": "Polygon", "coordinates": [ [ [ 721900.0, 6176800.0 ], [ 721900.0, 6176900.0 ], [ 722000.0, 6176900.0 ], [ 722000.0, 6176800.0 ], [ 721900.0, 6176800.0 ] ] ] } },
{ "type": "Feature", "properties": { "Shape_Area": 20000.0, "Shape_Leng": 600.0, "cluster_id": "147_65", "fid_1": 1273.0, "id_munic": 65.0, "munic_clus": "147_65", "munic_code": 147.0, "min": 2.3620467185974121, "max": 2.3620467185974121, "mean": 2.3620467185974121, "count": 2, "std": 0.0, "range": 0.0 }, "geometry": { "type": "Polygon", "coordinates": [ [ [ 721900.0, 6176700.0 ], [ 721900.0, 6176800.0 ], [ 722000.0, 6176800.0 ], [ 722000.0, 6176700.0 ], [ 722000.0, 6176600.0 ], [ 721900.0, 6176600.0 ], [ 721900.0, 6176700.0 ] ] ] } },
{ "type": "Feature", "properties": { "Shape_Area": 10000.0, "Shape_Leng": 400.0, "cluster_id": "147_66", "fid_1": 1274.0, "id_munic": 66.0, "munic_clus": "147_66", "munic_code": 147.0, "min": 2.424191951751709, "max": 2.424191951751709, "mean": 2.424191951751709, "count": 1, "std": 0.0, "range": 0.0 }, "geometry": { "type": "Polygon", "coordinates": [ [ [ 722000.0, 6176800.0 ], [ 722000.0, 6176900.0 ], [ 722100.0, 6176900.0 ], [ 722100.0, 6176800.0 ], [ 722000.0, 6176800.0 ] ] ] } },
{ "type": "Feature", "properties": { "Shape_Area": 20000.0, "Shape_Leng": 600.0, "cluster_id": "147_67", "fid_1": 1275.0, "id_munic": 67.0, "munic_clus": "147_67", "munic_code": 147.0, "min": 2.7359213829040527, "max": 2.7359213829040527, "mean": 2.7359213829040527, "count": 2, "std": 0.0, "range": 0.0 }, "geometry": { "type": "Polygon", "coordinates": [ [ [ 722000.0, 6176700.0 ], [ 722000.0, 6176800.0 ], [ 722100.0, 6176800.0 ], [ 722100.0, 6176700.0 ], [ 722100.0, 6176600.0 ], [ 722000.0, 6176600.0 ], [ 722000.0, 6176700.0 ] ] ] } },
{ "type": "Feature", "properties": { "Shape_Area": 20000.0, "Shape_Leng": 600.0, "cluster_id": "147_68", "fid_1": 1276.0, "id_munic": 68.0, "munic_clus": "147_68", "munic_code": 147.0, "min": 2.9591805934906006, "max": 2.9591805934906006, "mean": 2.9591805934906006, "count": 2, "std": 0.0, "range": 0.0 }, "geometry": { "type": "Polygon", "coordinates": [ [ [ 721900.0, 6177800.0 ], [ 722000.0, 6177800.0 ], [ 722100.0, 6177800.0 ], [ 722100.0, 6177700.0 ], [ 722000.0, 6177700.0 ], [ 721900.0, 6177700.0 ], [ 721900.0, 6177800.0 ] ] ] } },
{ "type": "Feature", "properties": { "Shape_Area": 40000.0, "Shape_Leng": 1000.0, "cluster_id": "147_69", "fid_1": 1277.0, "id_munic": 69.0, "munic_clus": "147_69", "munic_code": 147.0, "min": 2.4976675510406494, "max": 2.4976675510406494, "mean": 2.4976675510406494, "count": 4, "std": 0.0, "range": 0.0 }, "geometry": { "type": "Polygon", "coordinates": [ [ [ 721900.0, 6177700.0 ], [ 721800.0, 6177700.0 ], [ 721800.0, 6177800.0 ], [ 721700.0, 6177800.0 ], [ 721700.0, 6177900.0 ], [ 721800.0, 6177900.0 ], [ 721900.0, 6177900.0 ], [ 722000.0, 6177900.0 ], [ 722000.0, 6177800.0 ], [ 721900.0, 6177800.0 ], [ 721900.0, 6177700.0 ] ] ] } },
{ "type": "Feature", "properties": { "Shape_Area": 10000.0, "Shape_Leng": 400.0, "cluster_id": "147_70", "fid_1": 1278.0, "id_munic": 70.0, "munic_clus": "147_70", "munic_code": 147.0, "min": 3.140953540802002, "max": 3.140953540802002, "mean": 3.140953540802002, "count": 1, "std": 0.0, "range": 0.0 }, "geometry": { "type": "Polygon", "coordinates": [ [ [ 722000.0, 6177600.0 ], [ 722000.0, 6177700.0 ], [ 722100.0, 6177700.0 ], [ 722100.0, 6177600.0 ], [ 722000.0, 6177600.0 ] ] ] } },
{ "type": "Feature", "properties": { "Shape_Area": 10000.0, "Shape_Leng": 400.0, "cluster_id": "147_71", "fid_1": 1279.0, "id_munic": 71.0, "munic_clus": "147_71", "munic_code": 147.0, "min": 2.9973347187042236, "max": 2.9973347187042236, "mean": 2.9973347187042236, "count": 1, "std": 0.0, "range": 0.0 }, "geometry": { "type": "Polygon", "coordinates": [ [ [ 722100.0, 6177600.0 ], [ 722100.0, 6177700.0 ], [ 722200.0, 6177700.0 ], [ 722200.0, 6177600.0 ], [ 722100.0, 6177600.0 ] ] ] } },
{ "type": "Feature", "properties": { "Shape_Area": 10000.0, "Shape_Leng": 400.0, "cluster_id": "147_72", "fid_1": 1280.0, "id_munic": 72.0, "munic_clus": "147_72", "munic_code": 147.0, "min": 3.5189938545227051, "max": 3.5189938545227051, "mean": 3.5189938545227051, "count": 1, "std": 0.0, "range": 0.0 }, "geometry": { "type": "Polygon", "coordinates": [ [ [ 722400.0, 6176800.0 ], [ 722400.0, 6176900.0 ], [ 722500.0, 6176900.0 ], [ 722500.0, 6176800.0 ], [ 722400.0, 6176800.0 ] ] ] } },
{ "type": "Feature", "properties": { "Shape_Area": 30000.0, "Shape_Leng": 800.0, "cluster_id": "147_73", "fid_1": 1281.0, "id_munic": 73.0, "munic_clus": "147_73", "munic_code": 147.0, "min": 3.9718427658081055, "max": 3.9718427658081055, "mean": 3.9718427658081055, "count": 3, "std": 0.0, "range": 0.0 }, "geometry": { "type": "Polygon", "coordinates": [ [ [ 722600.0, 6175200.0 ], [ 722600.0, 6175300.0 ], [ 722700.0, 6175300.0 ], [ 722800.0, 6175300.0 ], [ 722800.0, 6175200.0 ], [ 722700.0, 6175200.0 ], [ 722700.0, 6175100.0 ], [ 722600.0, 6175100.0 ], [ 722600.0, 6175200.0 ] ] ] } },
{ "type": "Feature", "properties": { "Shape_Area": 20000.0, "Shape_Leng": 600.0, "cluster_id": "147_74", "fid_1": 1282.0, "id_munic": 74.0, "munic_clus": "147_74", "munic_code": 147.0, "min": 2.8805398941040039, "max": 2.8805398941040039, "mean": 2.8805398941040039, "count": 2, "std": 0.0, "range": 0.0 }, "geometry": { "type": "Polygon", "coordinates": [ [ [ 722600.0, 6175400.0 ], [ 722600.0, 6175500.0 ], [ 722700.0, 6175500.0 ], [ 722700.0, 6175400.0 ], [ 722700.0, 6175300.0 ], [ 722600.0, 6175300.0 ], [ 722600.0, 6175400.0 ] ] ] } },
{ "type": "Feature", "properties": { "Shape_Area": 20000.0, "Shape_Leng": 600.0, "cluster_id": "147_75", "fid_1": 1283.0, "id_munic": 75.0, "munic_clus": "147_75", "munic_code": 147.0, "min": 3.2759082317352295, "max": 3.2759082317352295, "mean": 3.2759082317352295, "count": 2, "std": 0.0, "range": 0.0 }, "geometry": { "type": "Polygon", "coordinates": [ [ [ 722000.0, 6177400.0 ], [ 722100.0, 6177400.0 ], [ 722200.0, 6177400.0 ], [ 722200.0, 6177300.0 ], [ 722100.0, 6177300.0 ], [ 722000.0, 6177300.0 ], [ 722000.0, 6177400.0 ] ] ] } },
{ "type": "Feature", "properties": { "Shape_Area": 20000.0, "Shape_Leng": 600.0, "cluster_id": "147_76", "fid_1": 1284.0, "id_munic": 76.0, "munic_clus": "147_76", "munic_code": 147.0, "min": 3.7519164085388184, "max": 3.7519164085388184, "mean": 3.7519164085388184, "count": 2, "std": 0.0, "range": 0.0 }, "geometry": { "type": "Polygon", "coordinates": [ [ [ 722000.0, 6177300.0 ], [ 722100.0, 6177300.0 ], [ 722200.0, 6177300.0 ], [ 722200.0, 6177200.0 ], [ 722100.0, 6177200.0 ], [ 722000.0, 6177200.0 ], [ 722000.0, 6177300.0 ] ] ] } },
{ "type": "Feature", "properties": { "Shape_Area": 40000.0, "Shape_Leng": 1000.0, "cluster_id": "147_77", "fid_1": 1285.0, "id_munic": 77.0, "munic_clus": "147_77", "munic_code": 147.0, "min": 3.8187272548675537, "max": 3.8187272548675537, "mean": 3.8187272548675537, "count": 4, "std": 0.0, "range": 0.0 }, "geometry": { "type": "Polygon", "coordinates": [ [ [ 722000.0, 6177100.0 ], [ 721900.0, 6177100.0 ], [ 721900.0, 6177200.0 ], [ 721800.0, 6177200.0 ], [ 721800.0, 6177300.0 ], [ 721900.0, 6177300.0 ], [ 721900.0, 6177400.0 ], [ 722000.0, 6177400.0 ], [ 722000.0, 6177300.0 ], [ 722000.0, 6177200.0 ], [ 722000.0, 6177100.0 ] ] ] } },
{ "type": "Feature", "properties": { "Shape_Area": 10000.0, "Shape_Leng": 400.0, "cluster_id": "147_78", "fid_1": 1286.0, "id_munic": 78.0, "munic_clus": "147_78", "munic_code": 147.0, "min": 2.6091301441192627, "max": 2.6091301441192627, "mean": 2.6091301441192627, "count": 1, "std": 0.0, "range": 0.0 }, "geometry": { "type": "Polygon", "coordinates": [ [ [ 722000.0, 6177100.0 ], [ 722000.0, 6177200.0 ], [ 722100.0, 6177200.0 ], [ 722100.0, 6177100.0 ], [ 722000.0, 6177100.0 ] ] ] } },
{ "type": "Feature", "properties": { "Shape_Area": 20000.0, "Shape_Leng": 600.0, "cluster_id": "147_79", "fid_1": 1287.0, "id_munic": 79.0, "munic_clus": "147_79", "munic_code": 147.0, "min": 2.8517165184020996, "max": 2.8517165184020996, "mean": 2.8517165184020996, "count": 2, "std": 0.0, "range": 0.0 }, "geometry": { "type": "Polygon", "coordinates": [ [ [ 721900.0, 6177500.0 ], [ 722000.0, 6177500.0 ], [ 722100.0, 6177500.0 ], [ 722100.0, 6177400.0 ], [ 722000.0, 6177400.0 ], [ 721900.0, 6177400.0 ], [ 721900.0, 6177500.0 ] ] ] } },
{ "type": "Feature", "properties": { "Shape_Area": 10000.0, "Shape_Leng": 400.0, "cluster_id": "147_80", "fid_1": 1288.0, "id_munic": 80.0, "munic_clus": "147_80", "munic_code": 147.0, "min": 2.7197599411010742, "max": 2.7197599411010742, "mean": 2.7197599411010742, "count": 1, "std": 0.0, "range": 0.0 }, "geometry": { "type": "Polygon", "coordinates": [ [ [ 722000.0, 6177500.0 ], [ 722000.0, 6177600.0 ], [ 722100.0, 6177600.0 ], [ 722100.0, 6177500.0 ], [ 722000.0, 6177500.0 ] ] ] } },
{ "type": "Feature", "properties": { "Shape_Area": 10000.0, "Shape_Leng": 400.0, "cluster_id": "147_81", "fid_1": 1289.0, "id_munic": 81.0, "munic_clus": "147_81", "munic_code": 147.0, "min": 3.2569148540496826, "max": 3.2569148540496826, "mean": 3.2569148540496826, "count": 1, "std": 0.0, "range": 0.0 }, "geometry": { "type": "Polygon", "coordinates": [ [ [ 722200.0, 6177300.0 ], [ 722200.0, 6177400.0 ], [ 722300.0, 6177400.0 ], [ 722300.0, 6177300.0 ], [ 722200.0, 6177300.0 ] ] ] } },
{ "type": "Feature", "properties": { "Shape_Area": 20000.0, "Shape_Leng": 600.0, "cluster_id": "147_82", "fid_1": 1290.0, "id_munic": 82.0, "munic_clus": "147_82", "munic_code": 147.0, "min": 2.3288908004760742, "max": 2.3288908004760742, "mean": 2.3288908004760742, "count": 2, "std": 0.0, "range": 0.0 }, "geometry": { "type": "Polygon", "coordinates": [ [ [ 722100.0, 6177500.0 ], [ 722100.0, 6177600.0 ], [ 722200.0, 6177600.0 ], [ 722200.0, 6177500.0 ], [ 722200.0, 6177400.0 ], [ 722100.0, 6177400.0 ], [ 722100.0, 6177500.0 ] ] ] } },
{ "type": "Feature", "properties": { "Shape_Area": 40000.0, "Shape_Leng": 1000.0, "cluster_id": "147_83", "fid_1": 1291.0, "id_munic": 83.0, "munic_clus": "147_83", "munic_code": 147.0, "min": 2.9491839408874512, "max": 2.9491839408874512, "mean": 2.9491839408874512, "count": 4, "std": 0.0, "range": 0.0 }, "geometry": { "type": "Polygon", "coordinates": [ [ [ 722600.0, 6177100.0 ], [ 722600.0, 6177000.0 ], [ 722500.0, 6177000.0 ], [ 722400.0, 6177000.0 ], [ 722400.0, 6177100.0 ], [ 722300.0, 6177100.0 ], [ 722300.0, 6177200.0 ], [ 722400.0, 6177200.0 ], [ 722500.0, 6177200.0 ], [ 722500.0, 6177100.0 ], [ 722600.0, 6177100.0 ] ] ] } },
{ "type": "Feature", "properties": { "Shape_Area": 10000.0, "Shape_Leng": 400.0, "cluster_id": "147_84", "fid_1": 1292.0, "id_munic": 84.0, "munic_clus": "147_84", "munic_code": 147.0, "min": 2.5228257179260254, "max": 2.5228257179260254, "mean": 2.5228257179260254, "count": 1, "std": 0.0, "range": 0.0 }, "geometry": { "type": "Polygon", "coordinates": [ [ [ 722200.0, 6177200.0 ], [ 722200.0, 6177300.0 ], [ 722300.0, 6177300.0 ], [ 722300.0, 6177200.0 ], [ 722200.0, 6177200.0 ] ] ] } },
{ "type": "Feature", "properties": { "Shape_Area": 30000.0, "Shape_Leng": 800.0, "cluster_id": "147_85", "fid_1": 1293.0, "id_munic": 85.0, "munic_clus": "147_85", "munic_code": 147.0, "min": 3.2034327983856201, "max": 3.2034327983856201, "mean": 3.2034327189127603, "count": 3, "std": 7.947285984855057e-08, "range": 0.0 }, "geometry": { "type": "Polygon", "coordinates": [ [ [ 722100.0, 6176900.0 ], [ 722000.0, 6176900.0 ], [ 722000.0, 6177000.0 ], [ 722100.0, 6177000.0 ], [ 722200.0, 6177000.0 ], [ 722200.0, 6176900.0 ], [ 722200.0, 6176800.0 ], [ 722100.0, 6176800.0 ], [ 722100.0, 6176900.0 ] ] ] } },
{ "type": "Feature", "properties": { "Shape_Area": 20000.0, "Shape_Leng": 600.0, "cluster_id": "147_86", "fid_1": 1294.0, "id_munic": 86.0, "munic_clus": "147_86", "munic_code": 147.0, "min": 3.4920029640197754, "max": 3.4920029640197754, "mean": 3.4920029640197754, "count": 2, "std": 0.0, "range": 0.0 }, "geometry": { "type": "Polygon", "coordinates": [ [ [ 721900.0, 6177100.0 ], [ 722000.0, 6177100.0 ], [ 722100.0, 6177100.0 ], [ 722100.0, 6177000.0 ], [ 722000.0, 6177000.0 ], [ 721900.0, 6177000.0 ], [ 721900.0, 6177100.0 ] ] ] } },
{ "type": "Feature", "properties": { "Shape_Area": 10000.0, "Shape_Leng": 400.0, "cluster_id": "147_87", "fid_1": 1295.0, "id_munic": 87.0, "munic_clus": "147_87", "munic_code": 147.0, "min": 3.5486507415771484, "max": 3.5486507415771484, "mean": 3.5486507415771484, "count": 1, "std": 0.0, "range": 0.0 }, "geometry": { "type": "Polygon", "coordinates": [ [ [ 721800.0, 6177100.0 ], [ 721800.0, 6177200.0 ], [ 721900.0, 6177200.0 ], [ 721900.0, 6177100.0 ], [ 721800.0, 6177100.0 ] ] ] } },
{ "type": "Feature", "properties": { "Shape_Area": 20000.0, "Shape_Leng": 600.0, "cluster_id": "147_88", "fid_1": 1296.0, "id_munic": 88.0, "munic_clus": "147_88", "munic_code": 147.0, "min": 3.3638787269592285, "max": 3.3638787269592285, "mean": 3.3638787269592285, "count": 2, "std": 0.0, "range": 0.0 }, "geometry": { "type": "Polygon", "coordinates": [ [ [ 721800.0, 6177000.0 ], [ 721800.0, 6177100.0 ], [ 721900.0, 6177100.0 ], [ 721900.0, 6177000.0 ], [ 721900.0, 6176900.0 ], [ 721800.0, 6176900.0 ], [ 721800.0, 6177000.0 ] ] ] } },
{ "type": "Feature", "properties": { "Shape_Area": 20000.0, "Shape_Leng": 600.0, "cluster_id": "147_89", "fid_1": 1297.0, "id_munic": 89.0, "munic_clus": "147_89", "munic_code": 147.0, "min": 3.5264914035797119, "max": 3.5264914035797119, "mean": 3.5264914035797119, "count": 2, "std": 0.0, "range": 0.0 }, "geometry": { "type": "Polygon", "coordinates": [ [ [ 722100.0, 6177200.0 ], [ 722200.0, 6177200.0 ], [ 722300.0, 6177200.0 ], [ 722300.0, 6177100.0 ], [ 722200.0, 6177100.0 ], [ 722100.0, 6177100.0 ], [ 722100.0, 6177200.0 ] ] ] } },
{ "type": "Feature", "properties": { "Shape_Area": 20000.0, "Shape_Leng": 600.0, "cluster_id": "147_90", "fid_1": 1298.0, "id_munic": 90.0, "munic_clus": "147_90", "munic_code": 147.0, "min": 2.9380209445953369, "max": 2.9380209445953369, "mean": 2.9380209445953369, "count": 2, "std": 0.0, "range": 0.0 }, "geometry": { "type": "Polygon", "coordinates": [ [ [ 722200.0, 6176900.0 ], [ 722300.0, 6176900.0 ], [ 722400.0, 6176900.0 ], [ 722400.0, 6176800.0 ], [ 722300.0, 6176800.0 ], [ 722200.0, 6176800.0 ], [ 722200.0, 6176900.0 ] ] ] } },
{ "type": "Feature", "properties": { "Shape_Area": 20000.0, "Shape_Leng": 600.0, "cluster_id": "147_91", "fid_1": 1299.0, "id_munic": 91.0, "munic_clus": "147_91", "munic_code": 147.0, "min": 3.2010998725891113, "max": 3.2010998725891113, "mean": 3.2010998725891113, "count": 2, "std": 0.0, "range": 0.0 }, "geometry": { "type": "Polygon", "coordinates": [ [ [ 722400.0, 6177000.0 ], [ 722500.0, 6177000.0 ], [ 722600.0, 6177000.0 ], [ 722600.0, 6176900.0 ], [ 722500.0, 6176900.0 ], [ 722400.0, 6176900.0 ], [ 722400.0, 6177000.0 ] ] ] } },
{ "type": "Feature", "properties": { "Shape_Area": 10000.0, "Shape_Leng": 400.0, "cluster_id": "147_92", "fid_1": 1300.0, "id_munic": 92.0, "munic_clus": "147_92", "munic_code": 147.0, "min": 2.9648451805114746, "max": 2.9648451805114746, "mean": 2.9648451805114746, "count": 1, "std": 0.0, "range": 0.0 }, "geometry": { "type": "Polygon", "coordinates": [ [ [ 721900.0, 6176900.0 ], [ 721900.0, 6177000.0 ], [ 722000.0, 6177000.0 ], [ 722000.0, 6176900.0 ], [ 721900.0, 6176900.0 ] ] ] } },
{ "type": "Feature", "properties": { "Shape_Area": 20000.0, "Shape_Leng": 600.0, "cluster_id": "147_93", "fid_1": 1301.0, "id_munic": 93.0, "munic_clus": "147_93", "munic_code": 147.0, "min": 3.2805731296539307, "max": 3.2805731296539307, "mean": 3.2805731296539307, "count": 2, "std": 0.0, "range": 0.0 }, "geometry": { "type": "Polygon", "coordinates": [ [ [ 721800.0, 6177600.0 ], [ 721800.0, 6177700.0 ], [ 721900.0, 6177700.0 ], [ 721900.0, 6177600.0 ], [ 721900.0, 6177500.0 ], [ 721800.0, 6177500.0 ], [ 721800.0, 6177600.0 ] ] ] } },
{ "type": "Feature", "properties": { "Shape_Area": 40000.0, "Shape_Leng": 1000.0, "cluster_id": "147_94", "fid_1": 1302.0, "id_munic": 94.0, "munic_clus": "147_94", "munic_code": 147.0, "min": 2.5161612033843994, "max": 2.5161612033843994, "mean": 2.5161612033843994, "count": 4, "std": 0.0, "range": 0.0 }, "geometry": { "type": "Polygon", "coordinates": [ [ [ 721700.0, 6177300.0 ], [ 721700.0, 6177400.0 ], [ 721700.0, 6177500.0 ], [ 721800.0, 6177500.0 ], [ 721800.0, 6177400.0 ], [ 721800.0, 6177300.0 ], [ 721800.0, 6177200.0 ], [ 721700.0, 6177200.0 ], [ 721600.0, 6177200.0 ], [ 721600.0, 6177300.0 ], [ 721700.0, 6177300.0 ] ] ] } },
{ "type": "Feature", "properties": { "Shape_Area": 80000.0, "Shape_Leng": 1200.0, "cluster_id": "147_95", "fid_1": 1303.0, "id_munic": 95.0, "munic_clus": "147_95", "munic_code": 147.0, "min": 2.7522499561309814, "max": 2.7522499561309814, "mean": 2.7522501945495605, "count": 8, "std": 2.384185791015625e-07, "range": 0.0 }, "geometry": { "type": "Polygon", "coordinates": [ [ [ 721700.0, 6177300.0 ], [ 721600.0, 6177300.0 ], [ 721500.0, 6177300.0 ], [ 721400.0, 6177300.0 ], [ 721400.0, 6177400.0 ], [ 721400.0, 6177500.0 ], [ 721400.0, 6177600.0 ], [ 721500.0, 6177600.0 ], [ 721600.0, 6177600.0 ], [ 721600.0, 6177500.0 ], [ 721700.0, 6177500.0 ], [ 721700.0, 6177400.0 ], [ 721700.0, 6177300.0 ] ] ] } },
{ "type": "Feature", "properties": { "Shape_Area": 10000.0, "Shape_Leng": 400.0, "cluster_id": "147_96", "fid_1": 1304.0, "id_munic": 96.0, "munic_clus": "147_96", "munic_code": 147.0, "min": 2.9325227737426758, "max": 2.9325227737426758, "mean": 2.9325227737426758, "count": 1, "std": 0.0, "range": 0.0 }, "geometry": { "type": "Polygon", "coordinates": [ [ [ 721800.0, 6177300.0 ], [ 721800.0, 6177400.0 ], [ 721900.0, 6177400.0 ], [ 721900.0, 6177300.0 ], [ 721800.0, 6177300.0 ] ] ] } },
{ "type": "Feature", "properties": { "Shape_Area": 10000.0, "Shape_Leng": 400.0, "cluster_id": "147_97", "fid_1": 1305.0, "id_munic": 97.0, "munic_clus": "147_97", "munic_code": 147.0, "min": 2.9800071716308594, "max": 2.9800071716308594, "mean": 2.9800071716308594, "count": 1, "std": 0.0, "range": 0.0 }, "geometry": { "type": "Polygon", "coordinates": [ [ [ 721800.0, 6177400.0 ], [ 721800.0, 6177500.0 ], [ 721900.0, 6177500.0 ], [ 721900.0, 6177400.0 ], [ 721800.0, 6177400.0 ] ] ] } },
{ "type": "Feature", "properties": { "Shape_Area": 20000.0, "Shape_Leng": 600.0, "cluster_id": "147_98", "fid_1": 1306.0, "id_munic": 98.0, "munic_clus": "147_98", "munic_code": 147.0, "min": 2.9976673126220703, "max": 2.9976673126220703, "mean": 2.9976673126220703, "count": 2, "std": 0.0, "range": 0.0 }, "geometry": { "type": "Polygon", "coordinates": [ [ [ 721900.0, 6177600.0 ], [ 721900.0, 6177700.0 ], [ 722000.0, 6177700.0 ], [ 722000.0, 6177600.0 ], [ 722000.0, 6177500.0 ], [ 721900.0, 6177500.0 ], [ 721900.0, 6177600.0 ] ] ] } },
{ "type": "Feature", "properties": { "Shape_Area": 10000.0, "Shape_Leng": 400.0, "cluster_id": "147_99", "fid_1": 1307.0, "id_munic": 99.0, "munic_clus": "147_99", "munic_code": 147.0, "min": 3.1429526805877686, "max": 3.1429526805877686, "mean": 3.1429526805877686, "count": 1, "std": 0.0, "range": 0.0 }, "geometry": { "type": "Polygon", "coordinates": [ [ [ 721200.0, 6177200.0 ], [ 721200.0, 6177300.0 ], [ 721300.0, 6177300.0 ], [ 721300.0, 6177200.0 ], [ 721200.0, 6177200.0 ] ] ] } },
{ "type": "Feature", "properties": { "Shape_Area": 50000.0, "Shape_Leng": 1000.0, "cluster_id": "147_100", "fid_1": 1308.0, "id_munic": 100.0, "munic_clus": "147_100", "munic_code": 147.0, "min": 3.0779743194580078, "max": 3.0779743194580078, "mean": 3.0779743194580078, "count": 5, "std": 0.0, "range": 0.0 }, "geometry": { "type": "Polygon", "coordinates": [ [ [ 721400.0, 6177300.0 ], [ 721300.0, 6177300.0 ], [ 721200.0, 6177300.0 ], [ 721200.0, 6177400.0 ], [ 721200.0, 6177500.0 ], [ 721300.0, 6177500.0 ], [ 721300.0, 6177600.0 ], [ 721400.0, 6177600.0 ], [ 721400.0, 6177500.0 ], [ 721400.0, 6177400.0 ], [ 721400.0, 6177300.0 ] ] ] } },
{ "type": "Feature", "properties": { "Shape_Area": 30000.0, "Shape_Leng": 800.0, "cluster_id": "147_101", "fid_1": 1309.0, "id_munic": 101.0, "munic_clus": "147_101", "munic_code": 147.0, "min": 2.8808732032775879, "max": 2.8808732032775879, "mean": 2.8808733622233071, "count": 3, "std": 1.5894571925301193e-07, "range": 0.0 }, "geometry": { "type": "Polygon", "coordinates": [ [ [ 721000.0, 6177300.0 ], [ 721100.0, 6177300.0 ], [ 721100.0, 6177400.0 ], [ 721200.0, 6177400.0 ], [ 721200.0, 6177300.0 ], [ 721200.0, 6177200.0 ], [ 721100.0, 6177200.0 ], [ 721000.0, 6177200.0 ], [ 721000.0, 6177300.0 ] ] ] } },
{ "type": "Feature", "properties": { "Shape_Area": 20000.0, "Shape_Leng": 600.0, "cluster_id": "147_102", "fid_1": 1310.0, "id_munic": 102.0, "munic_clus": "147_102", "munic_code": 147.0, "min": 2.5598137378692627, "max": 2.5598137378692627, "mean": 2.5598137378692627, "count": 2, "std": 0.0, "range": 0.0 }, "geometry": { "type": "Polygon", "coordinates": [ [ [ 721300.0, 6177200.0 ], [ 721300.0, 6177300.0 ], [ 721400.0, 6177300.0 ], [ 721400.0, 6177200.0 ], [ 721400.0, 6177100.0 ], [ 721300.0, 6177100.0 ], [ 721300.0, 6177200.0 ] ] ] } },
{ "type": "Feature", "properties": { "Shape_Area": 20000.0, "Shape_Leng": 600.0, "cluster_id": "147_103", "fid_1": 1311.0, "id_munic": 103.0, "munic_clus": "147_103", "munic_code": 147.0, "min": 3.5569813251495361, "max": 3.5569813251495361, "mean": 3.5569813251495361, "count": 2, "std": 0.0, "range": 0.0 }, "geometry": { "type": "Polygon", "coordinates": [ [ [ 722400.0, 6175200.0 ], [ 722400.0, 6175300.0 ], [ 722500.0, 6175300.0 ], [ 722500.0, 6175200.0 ], [ 722500.0, 6175100.0 ], [ 722400.0, 6175100.0 ], [ 722400.0, 6175200.0 ] ] ] } },
{ "type": "Feature", "properties": { "Shape_Area": 10000.0, "Shape_Leng": 400.0, "cluster_id": "147_104", "fid_1": 1312.0, "id_munic": 104.0, "munic_clus": "147_104", "munic_code": 147.0, "min": 2.6421191692352295, "max": 2.6421191692352295, "mean": 2.6421191692352295, "count": 1, "std": 0.0, "range": 0.0 }, "geometry": { "type": "Polygon", "coordinates": [ [ [ 722900.0, 6175300.0 ], [ 722900.0, 6175400.0 ], [ 723000.0, 6175400.0 ], [ 723000.0, 6175300.0 ], [ 722900.0, 6175300.0 ] ] ] } },
{ "type": "Feature", "properties": { "Shape_Area": 20000.0, "Shape_Leng": 600.0, "cluster_id": "147_105", "fid_1": 1313.0, "id_munic": 105.0, "munic_clus": "147_105", "munic_code": 147.0, "min": 3.0469846725463867, "max": 3.0469846725463867, "mean": 3.0469846725463867, "count": 2, "std": 0.0, "range": 0.0 }, "geometry": { "type": "Polygon", "coordinates": [ [ [ 723200.0, 6176600.0 ], [ 723200.0, 6176700.0 ], [ 723300.0, 6176700.0 ], [ 723300.0, 6176600.0 ], [ 723300.0, 6176500.0 ], [ 723200.0, 6176500.0 ], [ 723200.0, 6176600.0 ] ] ] } },
{ "type": "Feature", "properties": { "Shape_Area": 20000.0, "Shape_Leng": 600.0, "cluster_id": "147_106", "fid_1": 1314.0, "id_munic": 106.0, "munic_clus": "147_106", "munic_code": 147.0, "min": 3.0493173599243164, "max": 3.0493173599243164, "mean": 3.0493173599243164, "count": 2, "std": 0.0, "range": 0.0 }, "geometry": { "type": "Polygon", "coordinates": [ [ [ 723300.0, 6176700.0 ], [ 723400.0, 6176700.0 ], [ 723500.0, 6176700.0 ], [ 723500.0, 6176600.0 ], [ 723400.0, 6176600.0 ], [ 723300.0, 6176600.0 ], [ 723300.0, 6176700.0 ] ] ] } },
{ "type": "Feature", "properties": { "Shape_Area": 40000.0, "Shape_Leng": 1000.0, "cluster_id": "147_107", "fid_1": 1315.0, "id_munic": 107.0, "munic_clus": "147_107", "munic_code": 147.0, "min": 3.0648119449615479, "max": 3.0648119449615479, "mean": 3.0648119449615479, "count": 4, "std": 0.0, "range": 0.0 }, "geometry": { "type": "Polygon", "coordinates": [ [ [ 723300.0, 6176500.0 ], [ 723300.0, 6176600.0 ], [ 723400.0, 6176600.0 ], [ 723500.0, 6176600.0 ], [ 723500.0, 6176500.0 ], [ 723400.0, 6176500.0 ], [ 723400.0, 6176400.0 ], [ 723300.0, 6176400.0 ], [ 723200.0, 6176400.0 ], [ 723200.0, 6176500.0 ], [ 723300.0, 6176500.0 ] ] ] } },
{ "type": "Feature", "properties": { "Shape_Area": 10000.0, "Shape_Leng": 400.0, "cluster_id": "147_108", "fid_1": 1316.0, "id_munic": 108.0, "munic_clus": "147_108", "munic_code": 147.0, "min": 3.4035325050354004, "max": 3.4035325050354004, "mean": 3.4035325050354004, "count": 1, "std": 0.0, "range": 0.0 }, "geometry": { "type": "Polygon", "coordinates": [ [ [ 723100.0, 6176600.0 ], [ 723100.0, 6176700.0 ], [ 723200.0, 6176700.0 ], [ 723200.0, 6176600.0 ], [ 723100.0, 6176600.0 ] ] ] } },
{ "type": "Feature", "properties": { "Shape_Area": 30000.0, "Shape_Leng": 800.0, "cluster_id": "147_109", "fid_1": 1317.0, "id_munic": 109.0, "munic_clus": "147_109", "munic_code": 147.0, "min": 2.6047987937927246, "max": 2.6047987937927246, "mean": 2.6047987937927246, "count": 3, "std": 0.0, "range": 0.0 }, "geometry": { "type": "Polygon", "coordinates": [ [ [ 722900.0, 6176600.0 ], [ 723000.0, 6176600.0 ], [ 723100.0, 6176600.0 ], [ 723200.0, 6176600.0 ], [ 723200.0, 6176500.0 ], [ 723100.0, 6176500.0 ], [ 723000.0, 6176500.0 ], [ 722900.0, 6176500.0 ], [ 722900.0, 6176600.0 ] ] ] } },
{ "type": "Feature", "properties": { "Shape_Area": 130000.0, "Shape_Leng": 2000.0, "cluster_id": "147_110", "fid_1": 1318.0, "id_munic": 110.0, "munic_clus": "147_110", "munic_code": 147.0, "min": 2.7332558631896973, "max": 2.7332558631896973, "mean": 2.7332558265099158, "count": 13, "std": 3.6679781434401093e-08, "range": 0.0 }, "geometry": { "type": "Polygon", "coordinates": [ [ [ 722600.0, 6176600.0 ], [ 722600.0, 6176700.0 ], [ 722500.0, 6176700.0 ], [ 722400.0, 6176700.0 ], [ 722400.0, 6176800.0 ], [ 722500.0, 6176800.0 ], [ 722500.0, 6176900.0 ], [ 722600.0, 6176900.0 ], [ 722600.0, 6177000.0 ], [ 722700.0, 6177000.0 ], [ 722700.0, 6176900.0 ], [ 722800.0, 6176900.0 ], [ 722800.0, 6176800.0 ], [ 722900.0, 6176800.0 ], [ 723000.0, 6176800.0 ], [ 723000.0, 6176700.0 ], [ 722900.0, 6176700.0 ], [ 722900.0, 6176600.0 ], [ 722800.0, 6176600.0 ], [ 722700.0, 6176600.0 ], [ 722600.0, 6176600.0 ] ] ] } },
{ "type": "Feature", "properties": { "Shape_Area": 20000.0, "Shape_Leng": 600.0, "cluster_id": "147_111", "fid_1": 1319.0, "id_munic": 111.0, "munic_clus": "147_111", "munic_code": 147.0, "min": 3.5363214015960693, "max": 3.5363214015960693, "mean": 3.5363214015960693, "count": 2, "std": 0.0, "range": 0.0 }, "geometry": { "type": "Polygon", "coordinates": [ [ [ 722900.0, 6176700.0 ], [ 723000.0, 6176700.0 ], [ 723100.0, 6176700.0 ], [ 723100.0, 6176600.0 ], [ 723000.0, 6176600.0 ], [ 722900.0, 6176600.0 ], [ 722900.0, 6176700.0 ] ] ] } },
{ "type": "Feature", "properties": { "Shape_Area": 30000.0, "Shape_Leng": 800.0, "cluster_id": "147_112", "fid_1": 1320.0, "id_munic": 112.0, "munic_clus": "147_112", "munic_code": 147.0, "min": 2.9393537044525146, "max": 2.9393537044525146, "mean": 2.9393536249796548, "count": 3, "std": 7.947285984855057e-08, "range": 0.0 }, "geometry": { "type": "Polygon", "coordinates": [ [ [ 721000.0, 6176800.0 ], [ 721100.0, 6176800.0 ], [ 721100.0, 6176900.0 ], [ 721200.0, 6176900.0 ], [ 721200.0, 6176800.0 ], [ 721200.0, 6176700.0 ], [ 721100.0, 6176700.0 ], [ 721000.0, 6176700.0 ], [ 721000.0, 6176800.0 ] ] ] } },
{ "type": "Feature", "properties": { "Shape_Area": 30000.0, "Shape_Leng": 800.0, "cluster_id": "147_113", "fid_1": 1321.0, "id_munic": 113.0, "munic_clus": "147_113", "munic_code": 147.0, "min": 2.9598467350006104, "max": 2.9598467350006104, "mean": 2.9598468144734702, "count": 3, "std": 7.947285984855057e-08, "range": 0.0 }, "geometry": { "type": "Polygon", "coordinates": [ [ [ 722500.0, 6175300.0 ], [ 722500.0, 6175400.0 ], [ 722500.0, 6175500.0 ], [ 722600.0, 6175500.0 ], [ 722600.0, 6175400.0 ], [ 722600.0, 6175300.0 ], [ 722600.0, 6175200.0 ], [ 722500.0, 6175200.0 ], [ 722500.0, 6175300.0 ] ] ] } },
{ "type": "Feature", "properties": { "Shape_Area": 20000.0, "Shape_Leng": 600.0, "cluster_id": "147_114", "fid_1": 1322.0, "id_munic": 114.0, "munic_clus": "147_114", "munic_code": 147.0, "min": 2.79840087890625, "max": 2.79840087890625, "mean": 2.79840087890625, "count": 2, "std": 0.0, "range": 0.0 }, "geometry": { "type": "Polygon", "coordinates": [ [ [ 722200.0, 6175600.0 ], [ 722300.0, 6175600.0 ], [ 722400.0, 6175600.0 ], [ 722400.0, 6175500.0 ], [ 722300.0, 6175500.0 ], [ 722200.0, 6175500.0 ], [ 722200.0, 6175600.0 ] ] ] } },
{ "type": "Feature", "properties": { "Shape_Area": 30000.0, "Shape_Leng": 800.0, "cluster_id": "147_115", "fid_1": 1323.0, "id_munic": 115.0, "munic_clus": "147_115", "munic_code": 147.0, "min": 2.9386875629425049, "max": 2.9386875629425049, "mean": 2.9386876424153647, "count": 3, "std": 7.947285984855057e-08, "range": 0.0 }, "geometry": { "type": "Polygon", "coordinates": [ [ [ 722100.0, 6175900.0 ], [ 722200.0, 6175900.0 ], [ 722300.0, 6175900.0 ], [ 722400.0, 6175900.0 ], [ 722400.0, 6175800.0 ], [ 722300.0, 6175800.0 ], [ 722200.0, 6175800.0 ], [ 722100.0, 6175800.0 ], [ 722100.0, 6175900.0 ] ] ] } },
{ "type": "Feature", "properties": { "Shape_Area": 30000.0, "Shape_Leng": 800.0, "cluster_id": "147_116", "fid_1": 1324.0, "id_munic": 116.0, "munic_clus": "147_116", "munic_code": 147.0, "min": 2.3523828983306885, "max": 2.3523828983306885, "mean": 2.3523829778035483, "count": 3, "std": 7.947285984855057e-08, "range": 0.0 }, "geometry": { "type": "Polygon", "coordinates": [ [ [ 722100.0, 6175600.0 ], [ 722100.0, 6175700.0 ], [ 722200.0, 6175700.0 ], [ 722300.0, 6175700.0 ], [ 722300.0, 6175600.0 ], [ 722200.0, 6175600.0 ], [ 722200.0, 6175500.0 ], [ 722100.0, 6175500.0 ], [ 722100.0, 6175600.0 ] ] ] } },
{ "type": "Feature", "properties": { "Shape_Area": 20000.0, "Shape_Leng": 600.0, "cluster_id": "147_117", "fid_1": 1325.0, "id_munic": 117.0, "munic_clus": "147_117", "munic_code": 147.0, "min": 2.557647705078125, "max": 2.557647705078125, "mean": 2.557647705078125, "count": 2, "std": 0.0, "range": 0.0 }, "geometry": { "type": "Polygon", "coordinates": [ [ [ 722800.0, 6175600.0 ], [ 722800.0, 6175700.0 ], [ 722900.0, 6175700.0 ], [ 722900.0, 6175600.0 ], [ 722900.0, 6175500.0 ], [ 722800.0, 6175500.0 ], [ 722800.0, 6175600.0 ] ] ] } },
{ "type": "Feature", "properties": { "Shape_Area": 20000.0, "Shape_Leng": 600.0, "cluster_id": "147_118", "fid_1": 1326.0, "id_munic": 118.0, "munic_clus": "147_118", "munic_code": 147.0, "min": 2.4913365840911865, "max": 2.4913365840911865, "mean": 2.4913365840911865, "count": 2, "std": 0.0, "range": 0.0 }, "geometry": { "type": "Polygon", "coordinates": [ [ [ 722600.0, 6175600.0 ], [ 722600.0, 6175700.0 ], [ 722700.0, 6175700.0 ], [ 722700.0, 6175600.0 ], [ 722700.0, 6175500.0 ], [ 722600.0, 6175500.0 ], [ 722600.0, 6175600.0 ] ] ] } },
{ "type": "Feature", "properties": { "Shape_Area": 10000.0, "Shape_Leng": 400.0, "cluster_id": "147_119", "fid_1": 1327.0, "id_munic": 119.0, "munic_clus": "147_119", "munic_code": 147.0, "min": 3.3370544910430908, "max": 3.3370544910430908, "mean": 3.3370544910430908, "count": 1, "std": 0.0, "range": 0.0 }, "geometry": { "type": "Polygon", "coordinates": [ [ [ 722700.0, 6175600.0 ], [ 722700.0, 6175700.0 ], [ 722800.0, 6175700.0 ], [ 722800.0, 6175600.0 ], [ 722700.0, 6175600.0 ] ] ] } },
{ "type": "Feature", "properties": { "Shape_Area": 10000.0, "Shape_Leng": 400.0, "cluster_id": "147_120", "fid_1": 1328.0, "id_munic": 120.0, "munic_clus": "147_120", "munic_code": 147.0, "min": 3.8128960132598877, "max": 3.8128960132598877, "mean": 3.8128960132598877, "count": 1, "std": 0.0, "range": 0.0 }, "geometry": { "type": "Polygon", "coordinates": [ [ [ 722400.0, 6175500.0 ], [ 722400.0, 6175600.0 ], [ 722500.0, 6175600.0 ], [ 722500.0, 6175500.0 ], [ 722400.0, 6175500.0 ] ] ] } },
{ "type": "Feature", "properties": { "Shape_Area": 20000.0, "Shape_Leng": 600.0, "cluster_id": "147_121", "fid_1": 1329.0, "id_munic": 121.0, "munic_clus": "147_121", "munic_code": 147.0, "min": 2.8435521125793457, "max": 2.8435521125793457, "mean": 2.8435521125793457, "count": 2, "std": 0.0, "range": 0.0 }, "geometry": { "type": "Polygon", "coordinates": [ [ [ 722500.0, 6175700.0 ], [ 722500.0, 6175800.0 ], [ 722600.0, 6175800.0 ], [ 722600.0, 6175700.0 ], [ 722600.0, 6175600.0 ], [ 722500.0, 6175600.0 ], [ 722500.0, 6175700.0 ] ] ] } },
{ "type": "Feature", "properties": { "Shape_Area": 10000.0, "Shape_Leng": 400.0, "cluster_id": "147_122", "fid_1": 1330.0, "id_munic": 122.0, "munic_clus": "147_122", "munic_code": 147.0, "min": 2.9135289192199707, "max": 2.9135289192199707, "mean": 2.9135289192199707, "count": 1, "std": 0.0, "range": 0.0 }, "geometry": { "type": "Polygon", "coordinates": [ [ [ 722600.0, 6175700.0 ], [ 722600.0, 6175800.0 ], [ 722700.0, 6175800.0 ], [ 722700.0, 6175700.0 ], [ 722600.0, 6175700.0 ] ] ] } },
{ "type": "Feature", "properties": { "Shape_Area": 10000.0, "Shape_Leng": 400.0, "cluster_id": "147_123", "fid_1": 1331.0, "id_munic": 123.0, "munic_clus": "147_123", "munic_code": 147.0, "min": 3.4360220432281494, "max": 3.4360220432281494, "mean": 3.4360220432281494, "count": 1, "std": 0.0, "range": 0.0 }, "geometry": { "type": "Polygon", "coordinates": [ [ [ 722500.0, 6175500.0 ], [ 722500.0, 6175600.0 ], [ 722600.0, 6175600.0 ], [ 722600.0, 6175500.0 ], [ 722500.0, 6175500.0 ] ] ] } },
{ "type": "Feature", "properties": { "Shape_Area": 10000.0, "Shape_Leng": 400.0, "cluster_id": "147_124", "fid_1": 1332.0, "id_munic": 124.0, "munic_clus": "147_124", "munic_code": 147.0, "min": 3.2244250774383545, "max": 3.2244250774383545, "mean": 3.2244250774383545, "count": 1, "std": 0.0, "range": 0.0 }, "geometry": { "type": "Polygon", "coordinates": [ [ [ 722800.0, 6175400.0 ], [ 722800.0, 6175500.0 ], [ 722900.0, 6175500.0 ], [ 722900.0, 6175400.0 ], [ 722800.0, 6175400.0 ] ] ] } },
{ "type": "Feature", "properties": { "Shape_Area": 20000.0, "Shape_Leng": 600.0, "cluster_id": "147_125", "fid_1": 1333.0, "id_munic": 125.0, "munic_clus": "147_125", "munic_code": 147.0, "min": 2.2979011535644531, "max": 2.2979011535644531, "mean": 2.2979011535644531, "count": 2, "std": 0.0, "range": 0.0 }, "geometry": { "type": "Polygon", "coordinates": [ [ [ 722300.0, 6175700.0 ], [ 722400.0, 6175700.0 ], [ 722500.0, 6175700.0 ], [ 722500.0, 6175600.0 ], [ 722400.0, 6175600.0 ], [ 722300.0, 6175600.0 ], [ 722300.0, 6175700.0 ] ] ] } },
{ "type": "Feature", "properties": { "Shape_Area": 30000.0, "Shape_Leng": 800.0, "cluster_id": "147_126", "fid_1": 1334.0, "id_munic": 126.0, "munic_clus": "147_126", "munic_code": 147.0, "min": 2.9640123844146729, "max": 2.9640123844146729, "mean": 2.9640124638875327, "count": 3, "std": 7.947285984855057e-08, "range": 0.0 }, "geometry": { "type": "Polygon", "coordinates": [ [ [ 720900.0, 6174900.0 ], [ 721000.0, 6174900.0 ], [ 721100.0, 6174900.0 ], [ 721200.0, 6174900.0 ], [ 721200.0, 6174800.0 ], [ 721100.0, 6174800.0 ], [ 721000.0, 6174800.0 ], [ 720900.0, 6174800.0 ], [ 720900.0, 6174900.0 ] ] ] } },
{ "type": "Feature", "properties": { "Shape_Area": 10000.0, "Shape_Leng": 400.0, "cluster_id": "147_127", "fid_1": 1335.0, "id_munic": 127.0, "munic_clus": "147_127", "munic_code": 147.0, "min": 3.7789068222045898, "max": 3.7789068222045898, "mean": 3.7789068222045898, "count": 1, "std": 0.0, "range": 0.0 }, "geometry": { "type": "Polygon", "coordinates": [ [ [ 720100.0, 6175000.0 ], [ 720100.0, 6175100.0 ], [ 720200.0, 6175100.0 ], [ 720200.0, 6175000.0 ], [ 720100.0, 6175000.0 ] ] ] } },
{ "type": "Feature", "properties": { "Shape_Area": 40000.0, "Shape_Leng": 1000.0, "cluster_id": "147_128", "fid_1": 1336.0, "id_munic": 128.0, "munic_clus": "147_128", "munic_code": 147.0, "min": 2.7095973491668701, "max": 2.7095973491668701, "mean": 2.7095973491668701, "count": 4, "std": 0.0, "range": 0.0 }, "geometry": { "type": "Polygon", "coordinates": [ [ [ 719800.0, 6175200.0 ], [ 719900.0, 6175200.0 ], [ 720000.0, 6175200.0 ], [ 720100.0, 6175200.0 ], [ 720100.0, 6175100.0 ], [ 720000.0, 6175100.0 ], [ 719900.0, 6175100.0 ], [ 719900.0, 6175000.0 ], [ 719800.0, 6175000.0 ], [ 719800.0, 6175100.0 ], [ 719800.0, 6175200.0 ] ] ] } },
{ "type": "Feature", "properties": { "Shape_Area": 20000.0, "Shape_Leng": 600.0, "cluster_id": "147_129", "fid_1": 1337.0, "id_munic": 129.0, "munic_clus": "147_129", "munic_code": 147.0, "min": 3.659447193145752, "max": 3.659447193145752, "mean": 3.659447193145752, "count": 2, "std": 0.0, "range": 0.0 }, "geometry": { "type": "Polygon", "coordinates": [ [ [ 720200.0, 6175100.0 ], [ 720300.0, 6175100.0 ], [ 720400.0, 6175100.0 ], [ 720400.0, 6175000.0 ], [ 720300.0, 6175000.0 ], [ 720200.0, 6175000.0 ], [ 720200.0, 6175100.0 ] ] ] } },
{ "type": "Feature", "properties": { "Shape_Area": 20000.0, "Shape_Leng": 600.0, "cluster_id": "147_130", "fid_1": 1338.0, "id_munic": 130.0, "munic_clus": "147_130", "munic_code": 147.0, "min": 3.0418193340301514, "max": 3.0418193340301514, "mean": 3.0418193340301514, "count": 2, "std": 0.0, "range": 0.0 }, "geometry": { "type": "Polygon", "coordinates": [ [ [ 720200.0, 6175200.0 ], [ 720300.0, 6175200.0 ], [ 720400.0, 6175200.0 ], [ 720400.0, 6175100.0 ], [ 720300.0, 6175100.0 ], [ 720200.0, 6175100.0 ], [ 720200.0, 6175200.0 ] ] ] } },
{ "type": "Feature", "properties": { "Shape_Area": 60000.0, "Shape_Leng": 1000.0, "cluster_id": "147_131", "fid_1": 1339.0, "id_munic": 131.0, "munic_clus": "147_131", "munic_code": 147.0, "min": 3.6227924823760986, "max": 3.6227924823760986, "mean": 3.6227925618489585, "count": 6, "std": 7.947285984855057e-08, "range": 0.0 }, "geometry": { "type": "Polygon", "coordinates": [ [ [ 721000.0, 6175100.0 ], [ 721000.0, 6175200.0 ], [ 721100.0, 6175200.0 ], [ 721200.0, 6175200.0 ], [ 721200.0, 6175100.0 ], [ 721200.0, 6175000.0 ], [ 721200.0, 6174900.0 ], [ 721100.0, 6174900.0 ], [ 721000.0, 6174900.0 ], [ 721000.0, 6175000.0 ], [ 721000.0, 6175100.0 ] ] ] } },
{ "type": "Feature", "properties": { "Shape_Area": 10000.0, "Shape_Leng": 400.0, "cluster_id": "147_132", "fid_1": 1340.0, "id_munic": 132.0, "munic_clus": "147_132", "munic_code": 147.0, "min": 2.9231929779052734, "max": 2.9231929779052734, "mean": 2.9231929779052734, "count": 1, "std": 0.0, "range": 0.0 }, "geometry": { "type": "Polygon", "coordinates": [ [ [ 720500.0, 6175100.0 ], [ 720500.0, 6175200.0 ], [ 720600.0, 6175200.0 ], [ 720600.0, 6175100.0 ], [ 720500.0, 6175100.0 ] ] ] } },
{ "type": "Feature", "properties": { "Shape_Area": 140000.0, "Shape_Leng": 1600.0, "cluster_id": "147_133", "fid_1": 1341.0, "id_munic": 133.0, "munic_clus": "147_133", "munic_code": 147.0, "min": 3.0134954452514648, "max": 3.0134954452514648, "mean": 3.0134958539690291, "count": 14, "std": 4.0871756423754846e-07, "range": 0.0 }, "geometry": { "type": "Polygon", "coordinates": [ [ [ 720700.0, 6174900.0 ], [ 720600.0, 6174900.0 ], [ 720500.0, 6174900.0 ], [ 720500.0, 6175000.0 ], [ 720500.0, 6175100.0 ], [ 720600.0, 6175100.0 ], [ 720600.0, 6175200.0 ], [ 720700.0, 6175200.0 ], [ 720800.0, 6175200.0 ], [ 720900.0, 6175200.0 ], [ 721000.0, 6175200.0 ], [ 721000.0, 6175100.0 ], [ 721000.0, 6175000.0 ], [ 721000.0, 6174900.0 ], [ 720900.0, 6174900.0 ], [ 720800.0, 6174900.0 ], [ 720700.0, 6174900.0 ] ] ] } },
{ "type": "Feature", "properties": { "Shape_Area": 20000.0, "Shape_Leng": 600.0, "cluster_id": "147_134", "fid_1": 1342.0, "id_munic": 134.0, "munic_clus": "147_134", "munic_code": 147.0, "min": 2.9441852569580078, "max": 2.9441852569580078, "mean": 2.9441852569580078, "count": 2, "std": 0.0, "range": 0.0 }, "geometry": { "type": "Polygon", "coordinates": [ [ [ 723000.0, 6175700.0 ], [ 723000.0, 6175800.0 ], [ 723100.0, 6175800.0 ], [ 723100.0, 6175700.0 ], [ 723100.0, 6175600.0 ], [ 723000.0, 6175600.0 ], [ 723000.0, 6175700.0 ] ] ] } },
{ "type": "Feature", "properties": { "Shape_Area": 10000.0, "Shape_Leng": 400.0, "cluster_id": "147_135", "fid_1": 1343.0, "id_munic": 135.0, "munic_clus": "147_135", "munic_code": 147.0, "min": 3.4138627052307129, "max": 3.4138627052307129, "mean": 3.4138627052307129, "count": 1, "std": 0.0, "range": 0.0 }, "geometry": { "type": "Polygon", "coordinates": [ [ [ 723300.0, 6175600.0 ], [ 723300.0, 6175700.0 ], [ 723400.0, 6175700.0 ], [ 723400.0, 6175600.0 ], [ 723300.0, 6175600.0 ] ] ] } },
{ "type": "Feature", "properties": { "Shape_Area": 20000.0, "Shape_Leng": 600.0, "cluster_id": "147_136", "fid_1": 1344.0, "id_munic": 136.0, "munic_clus": "147_136", "munic_code": 147.0, "min": 2.2010998725891113, "max": 2.2010998725891113, "mean": 2.2010998725891113, "count": 2, "std": 0.0, "range": 0.0 }, "geometry": { "type": "Polygon", "coordinates": [ [ [ 723200.0, 6175600.0 ], [ 723200.0, 6175700.0 ], [ 723300.0, 6175700.0 ], [ 723300.0, 6175600.0 ], [ 723300.0, 6175500.0 ], [ 723200.0, 6175500.0 ], [ 723200.0, 6175600.0 ] ] ] } },
{ "type": "Feature", "properties": { "Shape_Area": 30000.0, "Shape_Leng": 800.0, "cluster_id": "147_137", "fid_1": 1345.0, "id_munic": 137.0, "munic_clus": "147_137", "munic_code": 147.0, "min": 3.0513167381286621, "max": 3.0513167381286621, "mean": 3.0513165791829429, "count": 3, "std": 1.5894571925301193e-07, "range": 0.0 }, "geometry": { "type": "Polygon", "coordinates": [ [ [ 723300.0, 6175600.0 ], [ 723400.0, 6175600.0 ], [ 723400.0, 6175700.0 ], [ 723500.0, 6175700.0 ], [ 723500.0, 6175600.0 ], [ 723500.0, 6175500.0 ], [ 723400.0, 6175500.0 ], [ 723300.0, 6175500.0 ], [ 723300.0, 6175600.0 ] ] ] } },
{ "type": "Feature", "properties": { "Shape_Area": 20000.0, "Shape_Leng": 600.0, "cluster_id": "147_138", "fid_1": 1346.0, "id_munic": 138.0, "munic_clus": "147_138", "munic_code": 147.0, "min": 3.1797738075256348, "max": 3.1797738075256348, "mean": 3.1797738075256348, "count": 2, "std": 0.0, "range": 0.0 }, "geometry": { "type": "Polygon", "coordinates": [ [ [ 722900.0, 6175700.0 ], [ 722900.0, 6175800.0 ], [ 723000.0, 6175800.0 ], [ 723000.0, 6175700.0 ], [ 723000.0, 6175600.0 ], [ 722900.0, 6175600.0 ], [ 722900.0, 6175700.0 ] ] ] } },
{ "type": "Feature", "properties": { "Shape_Area": 20000.0, "Shape_Leng": 600.0, "cluster_id": "147_139", "fid_1": 1347.0, "id_munic": 139.0, "munic_clus": "147_139", "munic_code": 147.0, "min": 3.3095638751983643, "max": 3.3095638751983643, "mean": 3.3095638751983643, "count": 2, "std": 0.0, "range": 0.0 }, "geometry": { "type": "Polygon", "coordinates": [ [ [ 723000.0, 6175900.0 ], [ 723000.0, 6176000.0 ], [ 723100.0, 6176000.0 ], [ 723100.0, 6175900.0 ], [ 723100.0, 6175800.0 ], [ 723000.0, 6175800.0 ], [ 723000.0, 6175900.0 ] ] ] } },
{ "type": "Feature", "properties": { "Shape_Area": 20000.0, "Shape_Leng": 600.0, "cluster_id": "147_140", "fid_1": 1348.0, "id_munic": 140.0, "munic_clus": "147_140", "munic_code": 147.0, "min": 2.7655785083770752, "max": 2.7655785083770752, "mean": 2.7655785083770752, "count": 2, "std": 0.0, "range": 0.0 }, "geometry": { "type": "Polygon", "coordinates": [ [ [ 722900.0, 6175500.0 ], [ 722900.0, 6175600.0 ], [ 723000.0, 6175600.0 ], [ 723000.0, 6175500.0 ], [ 723000.0, 6175400.0 ], [ 722900.0, 6175400.0 ], [ 722900.0, 6175500.0 ] ] ] } },
{ "type": "Feature", "properties": { "Shape_Area": 20000.0, "Shape_Leng": 600.0, "cluster_id": "147_141", "fid_1": 1349.0, "id_munic": 141.0, "munic_clus": "147_141", "munic_code": 147.0, "min": 3.0423197746276855, "max": 3.0423197746276855, "mean": 3.0423197746276855, "count": 2, "std": 0.0, "range": 0.0 }, "geometry": { "type": "Polygon", "coordinates": [ [ [ 723500.0, 6175900.0 ], [ 723500.0, 6176000.0 ], [ 723600.0, 6176000.0 ], [ 723600.0, 6175900.0 ], [ 723600.0, 6175800.0 ], [ 723500.0, 6175800.0 ], [ 723500.0, 6175900.0 ] ] ] } },
{ "type": "Feature", "properties": { "Shape_Area": 30000.0, "Shape_Leng": 800.0, "cluster_id": "147_142", "fid_1": 1350.0, "id_munic": 142.0, "munic_clus": "147_142", "munic_code": 147.0, "min": 3.7895703315734863, "max": 3.7895703315734863, "mean": 3.7895704905192056, "count": 3, "std": 1.5894571925301193e-07, "range": 0.0 }, "geometry": { "type": "Polygon", "coordinates": [ [ [ 723500.0, 6175700.0 ], [ 723400.0, 6175700.0 ], [ 723400.0, 6175800.0 ], [ 723500.0, 6175800.0 ], [ 723600.0, 6175800.0 ], [ 723600.0, 6175700.0 ], [ 723600.0, 6175600.0 ], [ 723500.0, 6175600.0 ], [ 723500.0, 6175700.0 ] ] ] } },
{ "type": "Feature", "properties": { "Shape_Area": 30000.0, "Shape_Leng": 800.0, "cluster_id": "147_143", "fid_1": 1351.0, "id_munic": 143.0, "munic_clus": "147_143", "munic_code": 147.0, "min": 3.5906367301940918, "max": 3.5906367301940918, "mean": 3.5906365712483725, "count": 3, "std": 1.5894571925301193e-07, "range": 0.0 }, "geometry": { "type": "Polygon", "coordinates": [ [ [ 723300.0, 6175800.0 ], [ 723300.0, 6175900.0 ], [ 723400.0, 6175900.0 ], [ 723500.0, 6175900.0 ], [ 723500.0, 6175800.0 ], [ 723400.0, 6175800.0 ], [ 723400.0, 6175700.0 ], [ 723300.0, 6175700.0 ], [ 723300.0, 6175800.0 ] ] ] } },
{ "type": "Feature", "properties": { "Shape_Area": 30000.0, "Shape_Leng": 800.0, "cluster_id": "147_144", "fid_1": 1352.0, "id_munic": 144.0, "munic_clus": "147_144", "munic_code": 147.0, "min": 2.7735755443572998, "max": 2.7735755443572998, "mean": 2.77357546488444, "count": 3, "std": 7.947285984855057e-08, "range": 0.0 }, "geometry": { "type": "Polygon", "coordinates": [ [ [ 723300.0, 6176000.0 ], [ 723300.0, 6176100.0 ], [ 723400.0, 6176100.0 ], [ 723400.0, 6176000.0 ], [ 723500.0, 6176000.0 ], [ 723500.0, 6175900.0 ], [ 723400.0, 6175900.0 ], [ 723300.0, 6175900.0 ], [ 723300.0, 6176000.0 ] ] ] } },
{ "type": "Feature", "properties": { "Shape_Area": 10000.0, "Shape_Leng": 400.0, "cluster_id": "147_145", "fid_1": 1353.0, "id_munic": 145.0, "munic_clus": "147_145", "munic_code": 147.0, "min": 3.2302567958831787, "max": 3.2302567958831787, "mean": 3.2302567958831787, "count": 1, "std": 0.0, "range": 0.0 }, "geometry": { "type": "Polygon", "coordinates": [ [ [ 723200.0, 6176000.0 ], [ 723200.0, 6176100.0 ], [ 723300.0, 6176100.0 ], [ 723300.0, 6176000.0 ], [ 723200.0, 6176000.0 ] ] ] } },
{ "type": "Feature", "properties": { "Shape_Area": 20000.0, "Shape_Leng": 600.0, "cluster_id": "147_146", "fid_1": 1354.0, "id_munic": 146.0, "munic_clus": "147_146", "munic_code": 147.0, "min": 2.716428279876709, "max": 2.716428279876709, "mean": 2.716428279876709, "count": 2, "std": 0.0, "range": 0.0 }, "geometry": { "type": "Polygon", "coordinates": [ [ [ 723000.0, 6176100.0 ], [ 723100.0, 6176100.0 ], [ 723200.0, 6176100.0 ], [ 723200.0, 6176000.0 ], [ 723100.0, 6176000.0 ], [ 723000.0, 6176000.0 ], [ 723000.0, 6176100.0 ] ] ] } },
{ "type": "Feature", "properties": { "Shape_Area": 10000.0, "Shape_Leng": 400.0, "cluster_id": "147_147", "fid_1": 1355.0, "id_munic": 147.0, "munic_clus": "147_147", "munic_code": 147.0, "min": 2.9338557720184326, "max": 2.9338557720184326, "mean": 2.9338557720184326, "count": 1, "std": 0.0, "range": 0.0 }, "geometry": { "type": "Polygon", "coordinates": [ [ [ 723200.0, 6175700.0 ], [ 723200.0, 6175800.0 ], [ 723300.0, 6175800.0 ], [ 723300.0, 6175700.0 ], [ 723200.0, 6175700.0 ] ] ] } },
{ "type": "Feature", "properties": { "Shape_Area": 20000.0, "Shape_Leng": 600.0, "cluster_id": "147_148", "fid_1": 1356.0, "id_munic": 148.0, "munic_clus": "147_148", "munic_code": 147.0, "min": 3.7292568683624268, "max": 3.7292568683624268, "mean": 3.7292568683624268, "count": 2, "std": 0.0, "range": 0.0 }, "geometry": { "type": "Polygon", "coordinates": [ [ [ 720600.0, 6176000.0 ], [ 720700.0, 6176000.0 ], [ 720800.0, 6176000.0 ], [ 720800.0, 6175900.0 ], [ 720700.0, 6175900.0 ], [ 720600.0, 6175900.0 ], [ 720600.0, 6176000.0 ] ] ] } },
{ "type": "Feature", "properties": { "Shape_Area": 10000.0, "Shape_Leng": 400.0, "cluster_id": "147_149", "fid_1": 1357.0, "id_munic": 149.0, "munic_clus": "147_149", "munic_code": 147.0, "min": 2.7050983905792236, "max": 2.7050983905792236, "mean": 2.7050983905792236, "count": 1, "std": 0.0, "range": 0.0 }, "geometry": { "type": "Polygon", "coordinates": [ [ [ 721200.0, 6176100.0 ], [ 721200.0, 6176200.0 ], [ 721300.0, 6176200.0 ], [ 721300.0, 6176100.0 ], [ 721200.0, 6176100.0 ] ] ] } },
{ "type": "Feature", "properties": { "Shape_Area": 20000.0, "Shape_Leng": 600.0, "cluster_id": "147_150", "fid_1": 1358.0, "id_munic": 150.0, "munic_clus": "147_150", "munic_code": 147.0, "min": 2.3888707160949707, "max": 2.3888707160949707, "mean": 2.3888707160949707, "count": 2, "std": 0.0, "range": 0.0 }, "geometry": { "type": "Polygon", "coordinates": [ [ [ 723000.0, 6175600.0 ], [ 723100.0, 6175600.0 ], [ 723200.0, 6175600.0 ], [ 723200.0, 6175500.0 ], [ 723100.0, 6175500.0 ], [ 723000.0, 6175500.0 ], [ 723000.0, 6175600.0 ] ] ] } },
{ "type": "Feature", "properties": { "Shape_Area": 20000.0, "Shape_Leng": 600.0, "cluster_id": "147_151", "fid_1": 1359.0, "id_munic": 151.0, "munic_clus": "147_151", "munic_code": 147.0, "min": 3.5921361446380615, "max": 3.5921361446380615, "mean": 3.5921361446380615, "count": 2, "std": 0.0, "range": 0.0 }, "geometry": { "type": "Polygon", "coordinates": [ [ [ 723000.0, 6175500.0 ], [ 723100.0, 6175500.0 ], [ 723200.0, 6175500.0 ], [ 723200.0, 6175400.0 ], [ 723100.0, 6175400.0 ], [ 723000.0, 6175400.0 ], [ 723000.0, 6175500.0 ] ] ] } },
{ "type": "Feature", "properties": { "Shape_Area": 10000.0, "Shape_Leng": 400.0, "cluster_id": "147_152", "fid_1": 1360.0, "id_munic": 152.0, "munic_clus": "147_152", "munic_code": 147.0, "min": 3.3208930492401123, "max": 3.3208930492401123, "mean": 3.3208930492401123, "count": 1, "std": 0.0, "range": 0.0 }, "geometry": { "type": "Polygon", "coordinates": [ [ [ 719900.0, 6176200.0 ], [ 719900.0, 6176300.0 ], [ 720000.0, 6176300.0 ], [ 720000.0, 6176200.0 ], [ 719900.0, 6176200.0 ] ] ] } },
{ "type": "Feature", "properties": { "Shape_Area": 10000.0, "Shape_Leng": 400.0, "cluster_id": "147_153", "fid_1": 1361.0, "id_munic": 153.0, "munic_clus": "147_153", "munic_code": 147.0, "min": 3.2610797882080078, "max": 3.2610797882080078, "mean": 3.2610797882080078, "count": 1, "std": 0.0, "range": 0.0 }, "geometry": { "type": "Polygon", "coordinates": [ [ [ 720300.0, 6176000.0 ], [ 720300.0, 6176100.0 ], [ 720400.0, 6176100.0 ], [ 720400.0, 6176000.0 ], [ 720300.0, 6176000.0 ] ] ] } },
{ "type": "Feature", "properties": { "Shape_Area": 20000.0, "Shape_Leng": 600.0, "cluster_id": "147_154", "fid_1": 1362.0, "id_munic": 154.0, "munic_clus": "147_154", "munic_code": 147.0, "min": 4.0071649551391602, "max": 4.0071649551391602, "mean": 4.0071649551391602, "count": 2, "std": 0.0, "range": 0.0 }, "geometry": { "type": "Polygon", "coordinates": [ [ [ 720200.0, 6176200.0 ], [ 720200.0, 6176300.0 ], [ 720300.0, 6176300.0 ], [ 720300.0, 6176200.0 ], [ 720300.0, 6176100.0 ], [ 720200.0, 6176100.0 ], [ 720200.0, 6176200.0 ] ] ] } },
{ "type": "Feature", "properties": { "Shape_Area": 10000.0, "Shape_Leng": 400.0, "cluster_id": "147_155", "fid_1": 1363.0, "id_munic": 155.0, "munic_clus": "147_155", "munic_code": 147.0, "min": 3.1624462604522705, "max": 3.1624462604522705, "mean": 3.1624462604522705, "count": 1, "std": 0.0, "range": 0.0 }, "geometry": { "type": "Polygon", "coordinates": [ [ [ 720400.0, 6176100.0 ], [ 720400.0, 6176200.0 ], [ 720500.0, 6176200.0 ], [ 720500.0, 6176100.0 ], [ 720400.0, 6176100.0 ] ] ] } },
{ "type": "Feature", "properties": { "Shape_Area": 90000.0, "Shape_Leng": 1400.0, "cluster_id": "147_156", "fid_1": 1364.0, "id_munic": 156.0, "munic_clus": "147_156", "munic_code": 147.0, "min": 3.5194940567016602, "max": 3.5194940567016602, "mean": 3.5194939507378473, "count": 9, "std": 1.0596381283534129e-07, "range": 0.0 }, "geometry": { "type": "Polygon", "coordinates": [ [ [ 720100.0, 6175900.0 ], [ 720000.0, 6175900.0 ], [ 720000.0, 6175800.0 ], [ 719900.0, 6175800.0 ], [ 719900.0, 6175900.0 ], [ 719900.0, 6176000.0 ], [ 719800.0, 6176000.0 ], [ 719800.0, 6176100.0 ], [ 719800.0, 6176200.0 ], [ 719900.0, 6176200.0 ], [ 720000.0, 6176200.0 ], [ 720100.0, 6176200.0 ], [ 720100.0, 6176100.0 ], [ 720100.0, 6176000.0 ], [ 720100.0, 6175900.0 ] ] ] } },
{ "type": "Feature", "properties": { "Shape_Area": 20000.0, "Shape_Leng": 600.0, "cluster_id": "147_157", "fid_1": 1365.0, "id_munic": 157.0, "munic_clus": "147_157", "munic_code": 147.0, "min": 3.133955717086792, "max": 3.133955717086792, "mean": 3.133955717086792, "count": 2, "std": 0.0, "range": 0.0 }, "geometry": { "type": "Polygon", "coordinates": [ [ [ 720400.0, 6176000.0 ], [ 720400.0, 6176100.0 ], [ 720500.0, 6176100.0 ], [ 720500.0, 6176000.0 ], [ 720500.0, 6175900.0 ], [ 720400.0, 6175900.0 ], [ 720400.0, 6176000.0 ] ] ] } },
{ "type": "Feature", "properties": { "Shape_Area": 10000.0, "Shape_Leng": 400.0, "cluster_id": "147_158", "fid_1": 1366.0, "id_munic": 158.0, "munic_clus": "147_158", "munic_code": 147.0, "min": 3.166611909866333, "max": 3.166611909866333, "mean": 3.166611909866333, "count": 1, "std": 0.0, "range": 0.0 }, "geometry": { "type": "Polygon", "coordinates": [ [ [ 720500.0, 6175900.0 ], [ 720500.0, 6176000.0 ], [ 720600.0, 6176000.0 ], [ 720600.0, 6175900.0 ], [ 720500.0, 6175900.0 ] ] ] } },
{ "type": "Feature", "properties": { "Shape_Area": 30000.0, "Shape_Leng": 800.0, "cluster_id": "147_159", "fid_1": 1367.0, "id_munic": 159.0, "munic_clus": "147_159", "munic_code": 147.0, "min": 2.8487174510955811, "max": 2.8487174510955811, "mean": 2.8487173716227212, "count": 3, "std": 7.947285984855057e-08, "range": 0.0 }, "geometry": { "type": "Polygon", "coordinates": [ [ [ 720500.0, 6176100.0 ], [ 720500.0, 6176200.0 ], [ 720600.0, 6176200.0 ], [ 720600.0, 6176100.0 ], [ 720700.0, 6176100.0 ], [ 720700.0, 6176000.0 ], [ 720600.0, 6176000.0 ], [ 720500.0, 6176000.0 ], [ 720500.0, 6176100.0 ] ] ] } },
{ "type": "Feature", "properties": { "Shape_Area": 10000.0, "Shape_Leng": 400.0, "cluster_id": "147_160", "fid_1": 1368.0, "id_munic": 160.0, "munic_clus": "147_160", "munic_code": 147.0, "min": 3.2799065113067627, "max": 3.2799065113067627, "mean": 3.2799065113067627, "count": 1, "std": 0.0, "range": 0.0 }, "geometry": { "type": "Polygon", "coordinates": [ [ [ 720300.0, 6176200.0 ], [ 720300.0, 6176300.0 ], [ 720400.0, 6176300.0 ], [ 720400.0, 6176200.0 ], [ 720300.0, 6176200.0 ] ] ] } },
{ "type": "Feature", "properties": { "Shape_Area": 10000.0, "Shape_Leng": 400.0, "cluster_id": "147_161", "fid_1": 1369.0, "id_munic": 161.0, "munic_clus": "147_161", "munic_code": 147.0, "min": 3.9845058917999268, "max": 3.9845058917999268, "mean": 3.9845058917999268, "count": 1, "std": 0.0, "range": 0.0 }, "geometry": { "type": "Polygon", "coordinates": [ [ [ 719800.0, 6176200.0 ], [ 719800.0, 6176300.0 ], [ 719900.0, 6176300.0 ], [ 719900.0, 6176200.0 ], [ 719800.0, 6176200.0 ] ] ] } },
{ "type": "Feature", "properties": { "Shape_Area": 10000.0, "Shape_Leng": 400.0, "cluster_id": "147_162", "fid_1": 1370.0, "id_munic": 162.0, "munic_clus": "147_162", "munic_code": 147.0, "min": 3.2472507953643799, "max": 3.2472507953643799, "mean": 3.2472507953643799, "count": 1, "std": 0.0, "range": 0.0 }, "geometry": { "type": "Polygon", "coordinates": [ [ [ 720300.0, 6176100.0 ], [ 720300.0, 6176200.0 ], [ 720400.0, 6176200.0 ], [ 720400.0, 6176100.0 ], [ 720300.0, 6176100.0 ] ] ] } },
{ "type": "Feature", "properties": { "Shape_Area": 10000.0, "Shape_Leng": 400.0, "cluster_id": "147_163", "fid_1": 1371.0, "id_munic": 163.0, "munic_clus": "147_163", "munic_code": 147.0, "min": 3.2824058532714844, "max": 3.2824058532714844, "mean": 3.2824058532714844, "count": 1, "std": 0.0, "range": 0.0 }, "geometry": { "type": "Polygon", "coordinates": [ [ [ 720400.0, 6176200.0 ], [ 720400.0, 6176300.0 ], [ 720500.0, 6176300.0 ], [ 720500.0, 6176200.0 ], [ 720400.0, 6176200.0 ] ] ] } },
{ "type": "Feature", "properties": { "Shape_Area": 40000.0, "Shape_Leng": 1000.0, "cluster_id": "147_164", "fid_1": 1372.0, "id_munic": 164.0, "munic_clus": "147_164", "munic_code": 147.0, "min": 2.9781742095947266, "max": 2.9781742095947266, "mean": 2.9781742095947266, "count": 4, "std": 0.0, "range": 0.0 }, "geometry": { "type": "Polygon", "coordinates": [ [ [ 720700.0, 6176700.0 ], [ 720800.0, 6176700.0 ], [ 720800.0, 6176800.0 ], [ 720900.0, 6176800.0 ], [ 720900.0, 6176700.0 ], [ 720900.0, 6176600.0 ], [ 720800.0, 6176600.0 ], [ 720800.0, 6176500.0 ], [ 720700.0, 6176500.0 ], [ 720700.0, 6176600.0 ], [ 720700.0, 6176700.0 ] ] ] } },
{ "type": "Feature", "properties": { "Shape_Area": 40000.0, "Shape_Leng": 800.0, "cluster_id": "147_165", "fid_1": 1373.0, "id_munic": 165.0, "munic_clus": "147_165", "munic_code": 147.0, "min": 3.2365882396697998, "max": 3.2365882396697998, "mean": 3.2365882396697998, "count": 4, "std": 0.0, "range": 0.0 }, "geometry": { "type": "Polygon", "coordinates": [ [ [ 720700.0, 6176600.0 ], [ 720600.0, 6176600.0 ], [ 720500.0, 6176600.0 ], [ 720500.0, 6176700.0 ], [ 720500.0, 6176800.0 ], [ 720600.0, 6176800.0 ], [ 720700.0, 6176800.0 ], [ 720700.0, 6176700.0 ], [ 720700.0, 6176600.0 ] ] ] } },
{ "type": "Feature", "properties": { "Shape_Area": 50000.0, "Shape_Leng": 1000.0, "cluster_id": "147_166", "fid_1": 1374.0, "id_munic": 166.0, "munic_clus": "147_166", "munic_code": 147.0, "min": 2.874542236328125, "max": 2.874542236328125, "mean": 2.874542236328125, "count": 5, "std": 0.0, "range": 0.0 }, "geometry": { "type": "Polygon", "coordinates": [ [ [ 721300.0, 6177000.0 ], [ 721200.0, 6177000.0 ], [ 721100.0, 6177000.0 ], [ 721100.0, 6177100.0 ], [ 721000.0, 6177100.0 ], [ 721000.0, 6177200.0 ], [ 721100.0, 6177200.0 ], [ 721200.0, 6177200.0 ], [ 721300.0, 6177200.0 ], [ 721300.0, 6177100.0 ], [ 721300.0, 6177000.0 ] ] ] } },
{ "type": "Feature", "properties": { "Shape_Area": 20000.0, "Shape_Leng": 600.0, "cluster_id": "147_167", "fid_1": 1375.0, "id_munic": 167.0, "munic_clus": "147_167", "munic_code": 147.0, "min": 3.5351552963256836, "max": 3.5351552963256836, "mean": 3.5351552963256836, "count": 2, "std": 0.0, "range": 0.0 }, "geometry": { "type": "Polygon", "coordinates": [ [ [ 721300.0, 6177100.0 ], [ 721400.0, 6177100.0 ], [ 721500.0, 6177100.0 ], [ 721500.0, 6177000.0 ], [ 721400.0, 6177000.0 ], [ 721300.0, 6177000.0 ], [ 721300.0, 6177100.0 ] ] ] } },
{ "type": "Feature", "properties": { "Shape_Area": 40000.0, "Shape_Leng": 800.0, "cluster_id": "147_168", "fid_1": 1376.0, "id_munic": 168.0, "munic_clus": "147_168", "munic_code": 147.0, "min": 2.7634122371673584, "max": 2.7634122371673584, "mean": 2.7634122371673584, "count": 4, "std": 0.0, "range": 0.0 }, "geometry": { "type": "Polygon", "coordinates": [ [ [ 721000.0, 6177000.0 ], [ 720900.0, 6177000.0 ], [ 720800.0, 6177000.0 ], [ 720800.0, 6177100.0 ], [ 720800.0, 6177200.0 ], [ 720900.0, 6177200.0 ], [ 721000.0, 6177200.0 ], [ 721000.0, 6177100.0 ], [ 721000.0, 6177000.0 ] ] ] } },
{ "type": "Feature", "properties": { "Shape_Area": 60000.0, "Shape_Leng": 1200.0, "cluster_id": "147_169", "fid_1": 1377.0, "id_munic": 169.0, "munic_clus": "147_169", "munic_code": 147.0, "min": 3.3148956298828125, "max": 3.3148956298828125, "mean": 3.3148956298828125, "count": 6, "std": 0.0, "range": 0.0 }, "geometry": { "type": "Polygon", "coordinates": [ [ [ 721100.0, 6176800.0 ], [ 721000.0, 6176800.0 ], [ 720900.0, 6176800.0 ], [ 720900.0, 6176900.0 ], [ 720800.0, 6176900.0 ], [ 720800.0, 6177000.0 ], [ 720900.0, 6177000.0 ], [ 721000.0, 6177000.0 ], [ 721000.0, 6177100.0 ], [ 721100.0, 6177100.0 ], [ 721100.0, 6177000.0 ], [ 721100.0, 6176900.0 ], [ 721100.0, 6176800.0 ] ] ] } },
{ "type": "Feature", "properties": { "Shape_Area": 20000.0, "Shape_Leng": 600.0, "cluster_id": "147_170", "fid_1": 1378.0, "id_munic": 170.0, "munic_clus": "147_170", "munic_code": 147.0, "min": 2.7085974216461182, "max": 2.7085974216461182, "mean": 2.7085974216461182, "count": 2, "std": 0.0, "range": 0.0 }, "geometry": { "type": "Polygon", "coordinates": [ [ [ 722100.0, 6176000.0 ], [ 722200.0, 6176000.0 ], [ 722300.0, 6176000.0 ], [ 722300.0, 6175900.0 ], [ 722200.0, 6175900.0 ], [ 722100.0, 6175900.0 ], [ 722100.0, 6176000.0 ] ] ] } },
{ "type": "Feature", "properties": { "Shape_Area": 10000.0, "Shape_Leng": 400.0, "cluster_id": "147_171", "fid_1": 1379.0, "id_munic": 171.0, "munic_clus": "147_171", "munic_code": 147.0, "min": 2.6617798805236816, "max": 2.6617798805236816, "mean": 2.6617798805236816, "count": 1, "std": 0.0, "range": 0.0 }, "geometry": { "type": "Polygon", "coordinates": [ [ [ 722900.0, 6175800.0 ], [ 722900.0, 6175900.0 ], [ 723000.0, 6175900.0 ], [ 723000.0, 6175800.0 ], [ 722900.0, 6175800.0 ] ] ] } },
{ "type": "Feature", "properties": { "Shape_Area": 40000.0, "Shape_Leng": 1000.0, "cluster_id": "147_172", "fid_1": 1380.0, "id_munic": 172.0, "munic_clus": "147_172", "munic_code": 147.0, "min": 3.374042272567749, "max": 3.374042272567749, "mean": 3.374042272567749, "count": 4, "std": 0.0, "range": 0.0 }, "geometry": { "type": "Polygon", "coordinates": [ [ [ 723000.0, 6176000.0 ], [ 723000.0, 6175900.0 ], [ 722900.0, 6175900.0 ], [ 722800.0, 6175900.0 ], [ 722800.0, 6176000.0 ], [ 722700.0, 6176000.0 ], [ 722700.0, 6176100.0 ], [ 722800.0, 6176100.0 ], [ 722900.0, 6176100.0 ], [ 722900.0, 6176000.0 ], [ 723000.0, 6176000.0 ] ] ] } },
{ "type": "Feature", "properties": { "Shape_Area": 10000.0, "Shape_Leng": 400.0, "cluster_id": "147_173", "fid_1": 1381.0, "id_munic": 173.0, "munic_clus": "147_173", "munic_code": 147.0, "min": 2.6681110858917236, "max": 2.6681110858917236, "mean": 2.6681110858917236, "count": 1, "std": 0.0, "range": 0.0 }, "geometry": { "type": "Polygon", "coordinates": [ [ [ 722900.0, 6176000.0 ], [ 722900.0, 6176100.0 ], [ 723000.0, 6176100.0 ], [ 723000.0, 6176000.0 ], [ 722900.0, 6176000.0 ] ] ] } },
{ "type": "Feature", "properties": { "Shape_Area": 10000.0, "Shape_Leng": 400.0, "cluster_id": "147_174", "fid_1": 1382.0, "id_munic": 174.0, "munic_clus": "147_174", "munic_code": 147.0, "min": 2.8722093105316162, "max": 2.8722093105316162, "mean": 2.8722093105316162, "count": 1, "std": 0.0, "range": 0.0 }, "geometry": { "type": "Polygon", "coordinates": [ [ [ 723000.0, 6176100.0 ], [ 723000.0, 6176200.0 ], [ 723100.0, 6176200.0 ], [ 723100.0, 6176100.0 ], [ 723000.0, 6176100.0 ] ] ] } },
{ "type": "Feature", "properties": { "Shape_Area": 50000.0, "Shape_Leng": 1000.0, "cluster_id": "147_175", "fid_1": 1383.0, "id_munic": 175.0, "munic_clus": "147_175", "munic_code": 147.0, "min": 2.5196602344512939, "max": 2.5196602344512939, "mean": 2.5196601867675783, "count": 5, "std": 4.7683715642676816e-08, "range": 0.0 }, "geometry": { "type": "Polygon", "coordinates": [ [ [ 722800.0, 6176200.0 ], [ 722800.0, 6176300.0 ], [ 722900.0, 6176300.0 ], [ 723000.0, 6176300.0 ], [ 723000.0, 6176200.0 ], [ 723000.0, 6176100.0 ], [ 722900.0, 6176100.0 ], [ 722800.0, 6176100.0 ], [ 722700.0, 6176100.0 ], [ 722700.0, 6176200.0 ], [ 722800.0, 6176200.0 ] ] ] } },
{ "type": "Feature", "properties": { "Shape_Area": 10000.0, "Shape_Leng": 400.0, "cluster_id": "147_176", "fid_1": 1384.0, "id_munic": 176.0, "munic_clus": "147_176", "munic_code": 147.0, "min": 3.5708096027374268, "max": 3.5708096027374268, "mean": 3.5708096027374268, "count": 1, "std": 0.0, "range": 0.0 }, "geometry": { "type": "Polygon", "coordinates": [ [ [ 722600.0, 6175800.0 ], [ 722600.0, 6175900.0 ], [ 722700.0, 6175900.0 ], [ 722700.0, 6175800.0 ], [ 722600.0, 6175800.0 ] ] ] } },
{ "type": "Feature", "properties": { "Shape_Area": 20000.0, "Shape_Leng": 600.0, "cluster_id": "147_177", "fid_1": 1385.0, "id_munic": 177.0, "munic_clus": "147_177", "munic_code": 147.0, "min": 3.1727759838104248, "max": 3.1727759838104248, "mean": 3.1727759838104248, "count": 2, "std": 0.0, "range": 0.0 }, "geometry": { "type": "Polygon", "coordinates": [ [ [ 722300.0, 6176000.0 ], [ 722400.0, 6176000.0 ], [ 722500.0, 6176000.0 ], [ 722500.0, 6175900.0 ], [ 722400.0, 6175900.0 ], [ 722300.0, 6175900.0 ], [ 722300.0, 6176000.0 ] ] ] } },
{ "type": "Feature", "properties": { "Shape_Area": 30000.0, "Shape_Leng": 800.0, "cluster_id": "147_178", "fid_1": 1386.0, "id_munic": 178.0, "munic_clus": "147_178", "munic_code": 147.0, "min": 3.0931358337402344, "max": 3.0931358337402344, "mean": 3.0931358337402344, "count": 3, "std": 0.0, "range": 0.0 }, "geometry": { "type": "Polygon", "coordinates": [ [ [ 722400.0, 6175900.0 ], [ 722500.0, 6175900.0 ], [ 722500.0, 6176000.0 ], [ 722600.0, 6176000.0 ], [ 722600.0, 6175900.0 ], [ 722600.0, 6175800.0 ], [ 722500.0, 6175800.0 ], [ 722400.0, 6175800.0 ], [ 722400.0, 6175900.0 ] ] ] } },
{ "type": "Feature", "properties": { "Shape_Area": 50000.0, "Shape_Leng": 1000.0, "cluster_id": "147_179", "fid_1": 1387.0, "id_munic": 179.0, "munic_clus": "147_179", "munic_code": 147.0, "min": 3.9608469009399414, "max": 3.9608469009399414, "mean": 3.9608467102050779, "count": 5, "std": 1.9073486345888568e-07, "range": 0.0 }, "geometry": { "type": "Polygon", "coordinates": [ [ [ 722100.0, 6175500.0 ], [ 722000.0, 6175500.0 ], [ 722000.0, 6175600.0 ], [ 721900.0, 6175600.0 ], [ 721900.0, 6175700.0 ], [ 721900.0, 6175800.0 ], [ 722000.0, 6175800.0 ], [ 722100.0, 6175800.0 ], [ 722100.0, 6175700.0 ], [ 722100.0, 6175600.0 ], [ 722100.0, 6175500.0 ] ] ] } },
{ "type": "Feature", "properties": { "Shape_Area": 170000.0, "Shape_Leng": 1800.0, "cluster_id": "147_180", "fid_1": 1388.0, "id_munic": 180.0, "munic_clus": "147_180", "munic_code": 147.0, "min": 2.80539870262146, "max": 2.80539870262146, "mean": 2.8053983800551472, "count": 17, "std": 3.225663127714995e-07, "range": 0.0 }, "geometry": { "type": "Polygon", "coordinates": [ [ [ 721800.0, 6175100.0 ], [ 721700.0, 6175100.0 ], [ 721600.0, 6175100.0 ], [ 721600.0, 6175200.0 ], [ 721600.0, 6175300.0 ], [ 721600.0, 6175400.0 ], [ 721700.0, 6175400.0 ], [ 721800.0, 6175400.0 ], [ 721900.0, 6175400.0 ], [ 721900.0, 6175500.0 ], [ 722000.0, 6175500.0 ], [ 722100.0, 6175500.0 ], [ 722100.0, 6175400.0 ], [ 722100.0, 6175300.0 ], [ 722100.0, 6175200.0 ], [ 722100.0, 6175100.0 ], [ 722000.0, 6175100.0 ], [ 721900.0, 6175100.0 ], [ 721800.0, 6175100.0 ] ] ] } },
{ "type": "Feature", "properties": { "Shape_Area": 10000.0, "Shape_Leng": 400.0, "cluster_id": "147_181", "fid_1": 1389.0, "id_munic": 181.0, "munic_clus": "147_181", "munic_code": 147.0, "min": 2.2655782699584961, "max": 2.2655782699584961, "mean": 2.2655782699584961, "count": 1, "std": 0.0, "range": 0.0 }, "geometry": { "type": "Polygon", "coordinates": [ [ [ 722600.0, 6175900.0 ], [ 722600.0, 6176000.0 ], [ 722700.0, 6176000.0 ], [ 722700.0, 6175900.0 ], [ 722600.0, 6175900.0 ] ] ] } },
{ "type": "Feature", "properties": { "Shape_Area": 30000.0, "Shape_Leng": 800.0, "cluster_id": "147_182", "fid_1": 1390.0, "id_munic": 182.0, "munic_clus": "147_182", "munic_code": 147.0, "min": 3.6827726364135742, "max": 3.6827726364135742, "mean": 3.6827726364135742, "count": 3, "std": 0.0, "range": 0.0 }, "geometry": { "type": "Polygon", "coordinates": [ [ [ 722100.0, 6176100.0 ], [ 722200.0, 6176100.0 ], [ 722200.0, 6176200.0 ], [ 722300.0, 6176200.0 ], [ 722300.0, 6176100.0 ], [ 722300.0, 6176000.0 ], [ 722200.0, 6176000.0 ], [ 722100.0, 6176000.0 ], [ 722100.0, 6176100.0 ] ] ] } },
{ "type": "Feature", "properties": { "Shape_Area": 170000.0, "Shape_Leng": 2000.0, "cluster_id": "147_183", "fid_1": 1391.0, "id_munic": 183.0, "munic_clus": "147_183", "munic_code": 147.0, "min": 2.8430526256561279, "max": 2.8430526256561279, "mean": 2.8430525835822609, "count": 17, "std": 4.2073867057013103e-08, "range": 0.0 }, "geometry": { "type": "Polygon", "coordinates": [ [ [ 722300.0, 6176000.0 ], [ 722300.0, 6176100.0 ], [ 722300.0, 6176200.0 ], [ 722200.0, 6176200.0 ], [ 722200.0, 6176300.0 ], [ 722300.0, 6176300.0 ], [ 722400.0, 6176300.0 ], [ 722400.0, 6176400.0 ], [ 722500.0, 6176400.0 ], [ 722600.0, 6176400.0 ], [ 722700.0, 6176400.0 ], [ 722700.0, 6176300.0 ], [ 722800.0, 6176300.0 ], [ 722800.0, 6176200.0 ], [ 722700.0, 6176200.0 ], [ 722700.0, 6176100.0 ], [ 722700.0, 6176000.0 ], [ 722600.0, 6176000.0 ], [ 722500.0, 6176000.0 ], [ 722400.0, 6176000.0 ], [ 722300.0, 6176000.0 ] ] ] } },
{ "type": "Feature", "properties": { "Shape_Area": 30000.0, "Shape_Leng": 800.0, "cluster_id": "147_184", "fid_1": 1392.0, "id_munic": 184.0, "munic_clus": "147_184", "munic_code": 147.0, "min": 2.3892040252685547, "max": 2.3892040252685547, "mean": 2.3892040252685547, "count": 3, "std": 0.0, "range": 0.0 }, "geometry": { "type": "Polygon", "coordinates": [ [ [ 723400.0, 6176300.0 ], [ 723400.0, 6176400.0 ], [ 723500.0, 6176400.0 ], [ 723600.0, 6176400.0 ], [ 723600.0, 6176300.0 ], [ 723500.0, 6176300.0 ], [ 723500.0, 6176200.0 ], [ 723400.0, 6176200.0 ], [ 723400.0, 6176300.0 ] ] ] } },
{ "type": "Feature", "properties": { "Shape_Area": 30000.0, "Shape_Leng": 800.0, "cluster_id": "147_185", "fid_1": 1393.0, "id_munic": 185.0, "munic_clus": "147_185", "munic_code": 147.0, "min": 2.9478509426116943, "max": 2.9478509426116943, "mean": 2.9478508631388345, "count": 3, "std": 7.947285984855057e-08, "range": 0.0 }, "geometry": { "type": "Polygon", "coordinates": [ [ [ 723500.0, 6176100.0 ], [ 723500.0, 6176200.0 ], [ 723500.0, 6176300.0 ], [ 723600.0, 6176300.0 ], [ 723600.0, 6176200.0 ], [ 723600.0, 6176100.0 ], [ 723600.0, 6176000.0 ], [ 723500.0, 6176000.0 ], [ 723500.0, 6176100.0 ] ] ] } },
{ "type": "Feature", "properties": { "Shape_Area": 40000.0, "Shape_Leng": 1000.0, "cluster_id": "147_186", "fid_1": 1394.0, "id_munic": 186.0, "munic_clus": "147_186", "munic_code": 147.0, "min": 2.8125629425048828, "max": 2.8125629425048828, "mean": 2.8125629425048828, "count": 4, "std": 0.0, "range": 0.0 }, "geometry": { "type": "Polygon", "coordinates": [ [ [ 723400.0, 6176200.0 ], [ 723300.0, 6176200.0 ], [ 723300.0, 6176300.0 ], [ 723200.0, 6176300.0 ], [ 723100.0, 6176300.0 ], [ 723100.0, 6176400.0 ], [ 723200.0, 6176400.0 ], [ 723300.0, 6176400.0 ], [ 723400.0, 6176400.0 ], [ 723400.0, 6176300.0 ], [ 723400.0, 6176200.0 ] ] ] } },
{ "type": "Feature", "properties": { "Shape_Area": 20000.0, "Shape_Leng": 600.0, "cluster_id": "147_187", "fid_1": 1395.0, "id_munic": 187.0, "munic_clus": "147_187", "munic_code": 147.0, "min": 2.1877708435058594, "max": 2.1877708435058594, "mean": 2.1877708435058594, "count": 2, "std": 0.0, "range": 0.0 }, "geometry": { "type": "Polygon", "coordinates": [ [ [ 723200.0, 6176200.0 ], [ 723300.0, 6176200.0 ], [ 723400.0, 6176200.0 ], [ 723400.0, 6176100.0 ], [ 723300.0, 6176100.0 ], [ 723200.0, 6176100.0 ], [ 723200.0, 6176200.0 ] ] ] } },
{ "type": "Feature", "properties": { "Shape_Area": 30000.0, "Shape_Leng": 800.0, "cluster_id": "147_188", "fid_1": 1396.0, "id_munic": 188.0, "munic_clus": "147_188", "munic_code": 147.0, "min": 3.4363551139831543, "max": 3.4363551139831543, "mean": 3.436354955037435, "count": 3, "std": 1.5894571925301193e-07, "range": 0.0 }, "geometry": { "type": "Polygon", "coordinates": [ [ [ 723100.0, 6176200.0 ], [ 723100.0, 6176300.0 ], [ 723200.0, 6176300.0 ], [ 723300.0, 6176300.0 ], [ 723300.0, 6176200.0 ], [ 723200.0, 6176200.0 ], [ 723200.0, 6176100.0 ], [ 723100.0, 6176100.0 ], [ 723100.0, 6176200.0 ] ] ] } },
{ "type": "Feature", "properties": { "Shape_Area": 20000.0, "Shape_Leng": 600.0, "cluster_id": "147_189", "fid_1": 1397.0, "id_munic": 189.0, "munic_clus": "147_189", "munic_code": 147.0, "min": 3.6079645156860352, "max": 3.6079645156860352, "mean": 3.6079645156860352, "count": 2, "std": 0.0, "range": 0.0 }, "geometry": { "type": "Polygon", "coordinates": [ [ [ 723400.0, 6176100.0 ], [ 723400.0, 6176200.0 ], [ 723500.0, 6176200.0 ], [ 723500.0, 6176100.0 ], [ 723500.0, 6176000.0 ], [ 723400.0, 6176000.0 ], [ 723400.0, 6176100.0 ] ] ] } },
{ "type": "Feature", "properties": { "Shape_Area": 20000.0, "Shape_Leng": 600.0, "cluster_id": "147_190", "fid_1": 1398.0, "id_munic": 190.0, "munic_clus": "147_190", "munic_code": 147.0, "min": 3.343219518661499, "max": 3.343219518661499, "mean": 3.343219518661499, "count": 2, "std": 0.0, "range": 0.0 }, "geometry": { "type": "Polygon", "coordinates": [ [ [ 720700.0, 6175800.0 ], [ 720700.0, 6175900.0 ], [ 720800.0, 6175900.0 ], [ 720800.0, 6175800.0 ], [ 720800.0, 6175700.0 ], [ 720700.0, 6175700.0 ], [ 720700.0, 6175800.0 ] ] ] } },
{ "type": "Feature", "properties": { "Shape_Area": 40000.0, "Shape_Leng": 1000.0, "cluster_id": "147_191", "fid_1": 1399.0, "id_munic": 191.0, "munic_clus": "147_191", "munic_code": 147.0, "min": 3.089637279510498, "max": 3.089637279510498, "mean": 3.089637279510498, "count": 4, "std": 0.0, "range": 0.0 }, "geometry": { "type": "Polygon", "coordinates": [ [ [ 720800.0, 6175600.0 ], [ 720900.0, 6175600.0 ], [ 721000.0, 6175600.0 ], [ 721100.0, 6175600.0 ], [ 721100.0, 6175500.0 ], [ 721000.0, 6175500.0 ], [ 720900.0, 6175500.0 ], [ 720800.0, 6175500.0 ], [ 720700.0, 6175500.0 ], [ 720700.0, 6175600.0 ], [ 720800.0, 6175600.0 ] ] ] } },
{ "type": "Feature", "properties": { "Shape_Area": 20000.0, "Shape_Leng": 600.0, "cluster_id": "147_192", "fid_1": 1400.0, "id_munic": 192.0, "munic_clus": "147_192", "munic_code": 147.0, "min": 3.24208664894104, "max": 3.24208664894104, "mean": 3.24208664894104, "count": 2, "std": 0.0, "range": 0.0 }, "geometry": { "type": "Polygon", "coordinates": [ [ [ 721100.0, 6175700.0 ], [ 721200.0, 6175700.0 ], [ 721300.0, 6175700.0 ], [ 721300.0, 6175600.0 ], [ 721200.0, 6175600.0 ], [ 721100.0, 6175600.0 ], [ 721100.0, 6175700.0 ] ] ] } },
{ "type": "Feature", "properties": { "Shape_Area": 20000.0, "Shape_Leng": 600.0, "cluster_id": "147_193", "fid_1": 1401.0, "id_munic": 193.0, "munic_clus": "147_193", "munic_code": 147.0, "min": 2.886204719543457, "max": 2.886204719543457, "mean": 2.886204719543457, "count": 2, "std": 0.0, "range": 0.0 }, "geometry": { "type": "Polygon", "coordinates": [ [ [ 721100.0, 6175600.0 ], [ 721200.0, 6175600.0 ], [ 721300.0, 6175600.0 ], [ 721300.0, 6175500.0 ], [ 721200.0, 6175500.0 ], [ 721100.0, 6175500.0 ], [ 721100.0, 6175600.0 ] ] ] } },
{ "type": "Feature", "properties": { "Shape_Area": 50000.0, "Shape_Leng": 1000.0, "cluster_id": "147_194", "fid_1": 1402.0, "id_munic": 194.0, "munic_clus": "147_194", "munic_code": 147.0, "min": 3.0536489486694336, "max": 3.0536489486694336, "mean": 3.0536489486694336, "count": 5, "std": 0.0, "range": 0.0 }, "geometry": { "type": "Polygon", "coordinates": [ [ [ 721100.0, 6175600.0 ], [ 721000.0, 6175600.0 ], [ 720900.0, 6175600.0 ], [ 720900.0, 6175700.0 ], [ 720900.0, 6175800.0 ], [ 721000.0, 6175800.0 ], [ 721100.0, 6175800.0 ], [ 721200.0, 6175800.0 ], [ 721200.0, 6175700.0 ], [ 721100.0, 6175700.0 ], [ 721100.0, 6175600.0 ] ] ] } },
{ "type": "Feature", "properties": { "Shape_Area": 140000.0, "Shape_Leng": 2200.0, "cluster_id": "147_195", "fid_1": 1403.0, "id_munic": 195.0, "munic_clus": "147_195", "munic_code": 147.0, "min": 4.292236328125, "max": 4.292236328125, "mean": 4.292236328125, "count": 14, "std": 0.0, "range": 0.0 }, "geometry": { "type": "Polygon", "coordinates": [ [ [ 720800.0, 6175800.0 ], [ 720800.0, 6175900.0 ], [ 720900.0, 6175900.0 ], [ 720900.0, 6176000.0 ], [ 721000.0, 6176000.0 ], [ 721100.0, 6176000.0 ], [ 721200.0, 6176000.0 ], [ 721300.0, 6176000.0 ], [ 721400.0, 6176000.0 ], [ 721400.0, 6175900.0 ], [ 721400.0, 6175800.0 ], [ 721300.0, 6175800.0 ], [ 721200.0, 6175800.0 ], [ 721100.0, 6175800.0 ], [ 721000.0, 6175800.0 ], [ 720900.0, 6175800.0 ], [ 720900.0, 6175700.0 ], [ 720900.0, 6175600.0 ], [ 720800.0, 6175600.0 ], [ 720700.0, 6175600.0 ], [ 720700.0, 6175700.0 ], [ 720800.0, 6175700.0 ], [ 720800.0, 6175800.0 ] ] ] } },
{ "type": "Feature", "properties": { "Shape_Area": 110000.0, "Shape_Leng": 1400.0, "cluster_id": "147_196", "fid_1": 1404.0, "id_munic": 196.0, "munic_clus": "147_196", "munic_code": 147.0, "min": 3.4581811428070068, "max": 3.4581811428070068, "mean": 3.4581808610395952, "count": 11, "std": 2.8176741162511121e-07, "range": 0.0 }, "geometry": { "type": "Polygon", "coordinates": [ [ [ 720600.0, 6175200.0 ], [ 720500.0, 6175200.0 ], [ 720500.0, 6175300.0 ], [ 720500.0, 6175400.0 ], [ 720500.0, 6175500.0 ], [ 720500.0, 6175600.0 ], [ 720600.0, 6175600.0 ], [ 720700.0, 6175600.0 ], [ 720700.0, 6175500.0 ], [ 720800.0, 6175500.0 ], [ 720800.0, 6175400.0 ], [ 720800.0, 6175300.0 ], [ 720800.0, 6175200.0 ], [ 720700.0, 6175200.0 ], [ 720600.0, 6175200.0 ] ] ] } },
{ "type": "Feature", "properties": { "Shape_Area": 40000.0, "Shape_Leng": 1000.0, "cluster_id": "147_197", "fid_1": 1405.0, "id_munic": 197.0, "munic_clus": "147_197", "munic_code": 147.0, "min": 2.9940028190612793, "max": 2.9940028190612793, "mean": 2.9940028190612793, "count": 4, "std": 0.0, "range": 0.0 }, "geometry": { "type": "Polygon", "coordinates": [ [ [ 720600.0, 6175700.0 ], [ 720600.0, 6175800.0 ], [ 720600.0, 6175900.0 ], [ 720700.0, 6175900.0 ], [ 720700.0, 6175800.0 ], [ 720700.0, 6175700.0 ], [ 720700.0, 6175600.0 ], [ 720600.0, 6175600.0 ], [ 720500.0, 6175600.0 ], [ 720500.0, 6175700.0 ], [ 720600.0, 6175700.0 ] ] ] } },
{ "type": "Feature", "properties": { "Shape_Area": 30000.0, "Shape_Leng": 800.0, "cluster_id": "147_198", "fid_1": 1406.0, "id_munic": 198.0, "munic_clus": "147_198", "munic_code": 147.0, "min": 3.8845386505126953, "max": 3.8845386505126953, "mean": 3.8845386505126953, "count": 3, "std": 0.0, "range": 0.0 }, "geometry": { "type": "Polygon", "coordinates": [ [ [ 721300.0, 6176600.0 ], [ 721400.0, 6176600.0 ], [ 721500.0, 6176600.0 ], [ 721600.0, 6176600.0 ], [ 721600.0, 6176500.0 ], [ 721500.0, 6176500.0 ], [ 721400.0, 6176500.0 ], [ 721300.0, 6176500.0 ], [ 721300.0, 6176600.0 ] ] ] } },
{ "type": "Feature", "properties": { "Shape_Area": 20000.0, "Shape_Leng": 600.0, "cluster_id": "147_199", "fid_1": 1407.0, "id_munic": 199.0, "munic_clus": "147_199", "munic_code": 147.0, "min": 3.2502501010894775, "max": 3.2502501010894775, "mean": 3.2502501010894775, "count": 2, "std": 0.0, "range": 0.0 }, "geometry": { "type": "Polygon", "coordinates": [ [ [ 721400.0, 6176400.0 ], [ 721400.0, 6176500.0 ], [ 721500.0, 6176500.0 ], [ 721500.0, 6176400.0 ], [ 721500.0, 6176300.0 ], [ 721400.0, 6176300.0 ], [ 721400.0, 6176400.0 ] ] ] } },
{ "type": "Feature", "properties": { "Shape_Area": 30000.0, "Shape_Leng": 800.0, "cluster_id": "147_200", "fid_1": 1408.0, "id_munic": 200.0, "munic_clus": "147_200", "munic_code": 147.0, "min": 3.1724424362182617, "max": 3.1724424362182617, "mean": 3.1724424362182617, "count": 3, "std": 0.0, "range": 0.0 }, "geometry": { "type": "Polygon", "coordinates": [ [ [ 720800.0, 6176300.0 ], [ 720900.0, 6176300.0 ], [ 721000.0, 6176300.0 ], [ 721100.0, 6176300.0 ], [ 721100.0, 6176200.0 ], [ 721000.0, 6176200.0 ], [ 720900.0, 6176200.0 ], [ 720800.0, 6176200.0 ], [ 720800.0, 6176300.0 ] ] ] } },
{ "type": "Feature", "properties": { "Shape_Area": 10000.0, "Shape_Leng": 400.0, "cluster_id": "147_201", "fid_1": 1409.0, "id_munic": 201.0, "munic_clus": "147_201", "munic_code": 147.0, "min": 2.740919828414917, "max": 2.740919828414917, "mean": 2.740919828414917, "count": 1, "std": 0.0, "range": 0.0 }, "geometry": { "type": "Polygon", "coordinates": [ [ [ 720700.0, 6176300.0 ], [ 720700.0, 6176400.0 ], [ 720800.0, 6176400.0 ], [ 720800.0, 6176300.0 ], [ 720700.0, 6176300.0 ] ] ] } },
{ "type": "Feature", "properties": { "Shape_Area": 10000.0, "Shape_Leng": 400.0, "cluster_id": "147_202", "fid_1": 1410.0, "id_munic": 202.0, "munic_clus": "147_202", "munic_code": 147.0, "min": 2.7434189319610596, "max": 2.7434189319610596, "mean": 2.7434189319610596, "count": 1, "std": 0.0, "range": 0.0 }, "geometry": { "type": "Polygon", "coordinates": [ [ [ 721100.0, 6176200.0 ], [ 721100.0, 6176300.0 ], [ 721200.0, 6176300.0 ], [ 721200.0, 6176200.0 ], [ 721100.0, 6176200.0 ] ] ] } },
{ "type": "Feature", "properties": { "Shape_Area": 70000.0, "Shape_Leng": 1600.0, "cluster_id": "147_203", "fid_1": 1411.0, "id_munic": 203.0, "munic_clus": "147_203", "munic_code": 147.0, "min": 2.6726093292236328, "max": 2.6726093292236328, "mean": 2.6726093292236328, "count": 7, "std": 0.0, "range": 0.0 }, "geometry": { "type": "Polygon", "coordinates": [ [ [ 721000.0, 6176400.0 ], [ 721100.0, 6176400.0 ], [ 721200.0, 6176400.0 ], [ 721300.0, 6176400.0 ], [ 721400.0, 6176400.0 ], [ 721400.0, 6176300.0 ], [ 721300.0, 6176300.0 ], [ 721200.0, 6176300.0 ], [ 721100.0, 6176300.0 ], [ 721000.0, 6176300.0 ], [ 720900.0, 6176300.0 ], [ 720800.0, 6176300.0 ], [ 720800.0, 6176400.0 ], [ 720800.0, 6176500.0 ], [ 720900.0, 6176500.0 ], [ 720900.0, 6176400.0 ], [ 721000.0, 6176400.0 ] ] ] } },
{ "type": "Feature", "properties": { "Shape_Area": 20000.0, "Shape_Leng": 600.0, "cluster_id": "147_204", "fid_1": 1412.0, "id_munic": 204.0, "munic_clus": "147_204", "munic_code": 147.0, "min": 3.3720428943634033, "max": 3.3720428943634033, "mean": 3.3720428943634033, "count": 2, "std": 0.0, "range": 0.0 }, "geometry": { "type": "Polygon", "coordinates": [ [ [ 721200.0, 6176300.0 ], [ 721300.0, 6176300.0 ], [ 721400.0, 6176300.0 ], [ 721400.0, 6176200.0 ], [ 721300.0, 6176200.0 ], [ 721200.0, 6176200.0 ], [ 721200.0, 6176300.0 ] ] ] } },
{ "type": "Feature", "properties": { "Shape_Area": 50000.0, "Shape_Leng": 1200.0, "cluster_id": "147_205", "fid_1": 1413.0, "id_munic": 205.0, "munic_clus": "147_205", "munic_code": 147.0, "min": 3.6642794609069824, "max": 3.6642794609069824, "mean": 3.6642795562744142, "count": 5, "std": 9.5367431729442842e-08, "range": 0.0 }, "geometry": { "type": "Polygon", "coordinates": [ [ [ 721400.0, 6176500.0 ], [ 721400.0, 6176400.0 ], [ 721300.0, 6176400.0 ], [ 721200.0, 6176400.0 ], [ 721200.0, 6176500.0 ], [ 721200.0, 6176600.0 ], [ 721100.0, 6176600.0 ], [ 721100.0, 6176700.0 ], [ 721200.0, 6176700.0 ], [ 721300.0, 6176700.0 ], [ 721300.0, 6176600.0 ], [ 721300.0, 6176500.0 ], [ 721400.0, 6176500.0 ] ] ] } },
{ "type": "Feature", "properties": { "Shape_Area": 40000.0, "Shape_Leng": 800.0, "cluster_id": "147_206", "fid_1": 1414.0, "id_munic": 206.0, "munic_clus": "147_206", "munic_code": 147.0, "min": 2.6969344615936279, "max": 2.6969344615936279, "mean": 2.6969344615936279, "count": 4, "std": 0.0, "range": 0.0 }, "geometry": { "type": "Polygon", "coordinates": [ [ [ 722100.0, 6175800.0 ], [ 722000.0, 6175800.0 ], [ 721900.0, 6175800.0 ], [ 721900.0, 6175900.0 ], [ 721900.0, 6176000.0 ], [ 722000.0, 6176000.0 ], [ 722100.0, 6176000.0 ], [ 722100.0, 6175900.0 ], [ 722100.0, 6175800.0 ] ] ] } },
{ "type": "Feature", "properties": { "Shape_Area": 370000.0, "Shape_Leng": 2800.0, "cluster_id": "147_207", "fid_1": 1415.0, "id_munic": 207.0, "munic_clus": "147_207", "munic_code": 147.0, "min": 3.1769411563873291, "max": 3.1769411563873291, "mean": 3.1769411241686023, "count": 37, "std": 3.2218726797594854e-08, "range": 0.0 }, "geometry": { "type": "Polygon", "coordinates": [ [ [ 721300.0, 6174700.0 ], [ 721200.0, 6174700.0 ], [ 721200.0, 6174800.0 ], [ 721200.0, 6174900.0 ], [ 721200.0, 6175000.0 ], [ 721200.0, 6175100.0 ], [ 721200.0, 6175200.0 ], [ 721300.0, 6175200.0 ], [ 721400.0, 6175200.0 ], [ 721500.0, 6175200.0 ], [ 721500.0, 6175100.0 ], [ 721600.0, 6175100.0 ], [ 721700.0, 6175100.0 ], [ 721800.0, 6175100.0 ], [ 721900.0, 6175100.0 ], [ 722000.0, 6175100.0 ], [ 722000.0, 6175000.0 ], [ 722000.0, 6174900.0 ], [ 722000.0, 6174800.0 ], [ 722000.0, 6174700.0 ], [ 721900.0, 6174700.0 ], [ 721800.0, 6174700.0 ], [ 721700.0, 6174700.0 ], [ 721700.0, 6174600.0 ], [ 721600.0, 6174600.0 ], [ 721500.0, 6174600.0 ], [ 721500.0, 6174700.0 ], [ 721400.0, 6174700.0 ], [ 721300.0, 6174700.0 ] ] ] } },
{ "type": "Feature", "properties": { "Shape_Area": 130000.0, "Shape_Leng": 1800.0, "cluster_id": "147_208", "fid_1": 1416.0, "id_munic": 208.0, "munic_clus": "147_208", "munic_code": 147.0, "min": 3.1662781238555908, "max": 3.1662781238555908, "mean": 3.1662782522348256, "count": 13, "std": 1.2837923479835922e-07, "range": 0.0 }, "geometry": { "type": "Polygon", "coordinates": [ [ [ 720400.0, 6174800.0 ], [ 720300.0, 6174800.0 ], [ 720200.0, 6174800.0 ], [ 720100.0, 6174800.0 ], [ 720000.0, 6174800.0 ], [ 719900.0, 6174800.0 ], [ 719900.0, 6174900.0 ], [ 719800.0, 6174900.0 ], [ 719800.0, 6175000.0 ], [ 719900.0, 6175000.0 ], [ 719900.0, 6175100.0 ], [ 720000.0, 6175100.0 ], [ 720100.0, 6175100.0 ], [ 720100.0, 6175000.0 ], [ 720200.0, 6175000.0 ], [ 720300.0, 6175000.0 ], [ 720400.0, 6175000.0 ], [ 720400.0, 6174900.0 ], [ 720400.0, 6174800.0 ] ] ] } },
{ "type": "Feature", "properties": { "Shape_Area": 40000.0, "Shape_Leng": 1000.0, "cluster_id": "147_209", "fid_1": 1417.0, "id_munic": 209.0, "munic_clus": "147_209", "munic_code": 147.0, "min": 2.8930356502532959, "max": 2.8930356502532959, "mean": 2.8930356502532959, "count": 4, "std": 0.0, "range": 0.0 }, "geometry": { "type": "Polygon", "coordinates": [ [ [ 720400.0, 6174900.0 ], [ 720400.0, 6175000.0 ], [ 720400.0, 6175100.0 ], [ 720400.0, 6175200.0 ], [ 720500.0, 6175200.0 ], [ 720500.0, 6175100.0 ], [ 720500.0, 6175000.0 ], [ 720500.0, 6174900.0 ], [ 720500.0, 6174800.0 ], [ 720400.0, 6174800.0 ], [ 720400.0, 6174900.0 ] ] ] } },
{ "type": "Feature", "properties": { "Shape_Area": 60000.0, "Shape_Leng": 1200.0, "cluster_id": "147_210", "fid_1": 1418.0, "id_munic": 210.0, "munic_clus": "147_210", "munic_code": 147.0, "min": 3.8722093105316162, "max": 3.8722093105316162, "mean": 3.8722092310587564, "count": 6, "std": 7.947285984855057e-08, "range": 0.0 }, "geometry": { "type": "Polygon", "coordinates": [ [ [ 720500.0, 6176800.0 ], [ 720400.0, 6176800.0 ], [ 720300.0, 6176800.0 ], [ 720200.0, 6176800.0 ], [ 720100.0, 6176800.0 ], [ 720100.0, 6176900.0 ], [ 720200.0, 6176900.0 ], [ 720300.0, 6176900.0 ], [ 720300.0, 6177000.0 ], [ 720400.0, 6177000.0 ], [ 720500.0, 6177000.0 ], [ 720500.0, 6176900.0 ], [ 720500.0, 6176800.0 ] ] ] } },
{ "type": "Feature", "properties": { "Shape_Area": 80000.0, "Shape_Leng": 1600.0, "cluster_id": "147_211", "fid_1": 1419.0, "id_munic": 211.0, "munic_clus": "147_211", "munic_code": 147.0, "min": 3.1749417781829834, "max": 3.1749417781829834, "mean": 3.1749417781829834, "count": 8, "std": 0.0, "range": 0.0 }, "geometry": { "type": "Polygon", "coordinates": [ [ [ 720100.0, 6176000.0 ], [ 720100.0, 6176100.0 ], [ 720100.0, 6176200.0 ], [ 720000.0, 6176200.0 ], [ 720000.0, 6176300.0 ], [ 720100.0, 6176300.0 ], [ 720200.0, 6176300.0 ], [ 720200.0, 6176200.0 ], [ 720200.0, 6176100.0 ], [ 720300.0, 6176100.0 ], [ 720300.0, 6176000.0 ], [ 720400.0, 6176000.0 ], [ 720400.0, 6175900.0 ], [ 720300.0, 6175900.0 ], [ 720200.0, 6175900.0 ], [ 720100.0, 6175900.0 ], [ 720100.0, 6176000.0 ] ] ] } },
{ "type": "Feature", "properties": { "Shape_Area": 50000.0, "Shape_Leng": 1000.0, "cluster_id": "147_212", "fid_1": 1420.0, "id_munic": 212.0, "munic_clus": "147_212", "munic_code": 147.0, "min": 3.456681489944458, "max": 3.456681489944458, "mean": 3.4566814422607424, "count": 5, "std": 4.7683715642676816e-08, "range": 0.0 }, "geometry": { "type": "Polygon", "coordinates": [ [ [ 722900.0, 6175700.0 ], [ 722800.0, 6175700.0 ], [ 722700.0, 6175700.0 ], [ 722700.0, 6175800.0 ], [ 722700.0, 6175900.0 ], [ 722700.0, 6176000.0 ], [ 722800.0, 6176000.0 ], [ 722800.0, 6175900.0 ], [ 722900.0, 6175900.0 ], [ 722900.0, 6175800.0 ], [ 722900.0, 6175700.0 ] ] ] } },
{ "type": "Feature", "properties": { "Shape_Area": 90000.0, "Shape_Leng": 1600.0, "cluster_id": "147_213", "fid_1": 1421.0, "id_munic": 213.0, "munic_clus": "147_213", "munic_code": 147.0, "min": 2.9088637828826904, "max": 2.9088637828826904, "mean": 2.9088639153374567, "count": 9, "std": 1.3245476626622121e-07, "range": 0.0 }, "geometry": { "type": "Polygon", "coordinates": [ [ [ 722100.0, 6177800.0 ], [ 722000.0, 6177800.0 ], [ 722000.0, 6177900.0 ], [ 721900.0, 6177900.0 ], [ 721900.0, 6178000.0 ], [ 722000.0, 6178000.0 ], [ 722100.0, 6178000.0 ], [ 722100.0, 6178100.0 ], [ 722200.0, 6178100.0 ], [ 722300.0, 6178100.0 ], [ 722300.0, 6178000.0 ], [ 722300.0, 6177900.0 ], [ 722200.0, 6177900.0 ], [ 722200.0, 6177800.0 ], [ 722200.0, 6177700.0 ], [ 722100.0, 6177700.0 ], [ 722100.0, 6177800.0 ] ] ] } },
{ "type": "Feature", "properties": { "Shape_Area": 90000.0, "Shape_Leng": 1400.0, "cluster_id": "147_214", "fid_1": 1422.0, "id_munic": 214.0, "munic_clus": "147_214", "munic_code": 147.0, "min": 3.696768045425415, "max": 3.696768045425415, "mean": 3.6967680189344616, "count": 9, "std": 2.6490953430879927e-08, "range": 0.0 }, "geometry": { "type": "Polygon", "coordinates": [ [ [ 721800.0, 6177600.0 ], [ 721800.0, 6177500.0 ], [ 721700.0, 6177500.0 ], [ 721600.0, 6177500.0 ], [ 721600.0, 6177600.0 ], [ 721500.0, 6177600.0 ], [ 721400.0, 6177600.0 ], [ 721400.0, 6177700.0 ], [ 721500.0, 6177700.0 ], [ 721500.0, 6177800.0 ], [ 721600.0, 6177800.0 ], [ 721700.0, 6177800.0 ], [ 721800.0, 6177800.0 ], [ 721800.0, 6177700.0 ], [ 721800.0, 6177600.0 ] ] ] } },
{ "type": "Feature", "properties": { "Shape_Area": 40000.0, "Shape_Leng": 800.0, "cluster_id": "147_215", "fid_1": 1423.0, "id_munic": 215.0, "munic_clus": "147_215", "munic_code": 147.0, "min": 3.7014334201812744, "max": 3.7014334201812744, "mean": 3.7014334201812744, "count": 4, "std": 0.0, "range": 0.0 }, "geometry": { "type": "Polygon", "coordinates": [ [ [ 721800.0, 6177200.0 ], [ 721800.0, 6177100.0 ], [ 721800.0, 6177000.0 ], [ 721700.0, 6177000.0 ], [ 721600.0, 6177000.0 ], [ 721600.0, 6177100.0 ], [ 721600.0, 6177200.0 ], [ 721700.0, 6177200.0 ], [ 721800.0, 6177200.0 ] ] ] } },
{ "type": "Feature", "properties": { "Shape_Area": 60000.0, "Shape_Leng": 1200.0, "cluster_id": "147_216", "fid_1": 1424.0, "id_munic": 216.0, "munic_clus": "147_216", "munic_code": 147.0, "min": 3.0904700756072998, "max": 3.0904700756072998, "mean": 3.09046999613444, "count": 6, "std": 7.947285984855057e-08, "range": 0.0 }, "geometry": { "type": "Polygon", "coordinates": [ [ [ 723100.0, 6175900.0 ], [ 723100.0, 6176000.0 ], [ 723200.0, 6176000.0 ], [ 723300.0, 6176000.0 ], [ 723300.0, 6175900.0 ], [ 723300.0, 6175800.0 ], [ 723200.0, 6175800.0 ], [ 723200.0, 6175700.0 ], [ 723200.0, 6175600.0 ], [ 723100.0, 6175600.0 ], [ 723100.0, 6175700.0 ], [ 723100.0, 6175800.0 ], [ 723100.0, 6175900.0 ] ] ] } },
{ "type": "Feature", "properties": { "Shape_Area": 40000.0, "Shape_Leng": 800.0, "cluster_id": "147_217", "fid_1": 1425.0, "id_munic": 217.0, "munic_clus": "147_217", "munic_code": 147.0, "min": 3.0119960308074951, "max": 3.0119960308074951, "mean": 3.0119960308074951, "count": 4, "std": 0.0, "range": 0.0 }, "geometry": { "type": "Polygon", "coordinates": [ [ [ 721400.0, 6176200.0 ], [ 721500.0, 6176200.0 ], [ 721600.0, 6176200.0 ], [ 721600.0, 6176100.0 ], [ 721600.0, 6176000.0 ], [ 721500.0, 6176000.0 ], [ 721400.0, 6176000.0 ], [ 721400.0, 6176100.0 ], [ 721400.0, 6176200.0 ] ] ] } },
{ "type": "Feature", "properties": { "Shape_Area": 100000.0, "Shape_Leng": 1600.0, "cluster_id": "147_218", "fid_1": 1426.0, "id_munic": 218.0, "munic_clus": "147_218", "munic_code": 147.0, "min": 3.1761081218719482, "max": 3.1761081218719482, "mean": 3.1761077880859374, "count": 10, "std": 3.3378601083100534e-07, "range": 0.0 }, "geometry": { "type": "Polygon", "coordinates": [ [ [ 719600.0, 6176100.0 ], [ 719600.0, 6176200.0 ], [ 719600.0, 6176300.0 ], [ 719700.0, 6176300.0 ], [ 719800.0, 6176300.0 ], [ 719800.0, 6176200.0 ], [ 719800.0, 6176100.0 ], [ 719800.0, 6176000.0 ], [ 719700.0, 6176000.0 ], [ 719700.0, 6175900.0 ], [ 719600.0, 6175900.0 ], [ 719600.0, 6175800.0 ], [ 719500.0, 6175800.0 ], [ 719500.0, 6175900.0 ], [ 719500.0, 6176000.0 ], [ 719500.0, 6176100.0 ], [ 719600.0, 6176100.0 ] ] ] } },
{ "type": "Feature", "properties": { "Shape_Area": 30000.0, "Shape_Leng": 800.0, "cluster_id": "147_219", "fid_1": 1427.0, "id_munic": 219.0, "munic_clus": "147_219", "munic_code": 147.0, "min": 1.9871711730957031, "max": 1.9871711730957031, "mean": 1.9871711730957031, "count": 3, "std": 0.0, "range": 0.0 }, "geometry": { "type": "Polygon", "coordinates": [ [ [ 720100.0, 6175200.0 ], [ 720100.0, 6175300.0 ], [ 720100.0, 6175400.0 ], [ 720200.0, 6175400.0 ], [ 720200.0, 6175300.0 ], [ 720200.0, 6175200.0 ], [ 720200.0, 6175100.0 ], [ 720100.0, 6175100.0 ], [ 720100.0, 6175200.0 ] ] ] } },
{ "type": "Feature", "properties": { "Shape_Area": 20000.0, "Shape_Leng": 600.0, "cluster_id": "147_220", "fid_1": 1428.0, "id_munic": 220.0, "munic_clus": "147_220", "munic_code": 147.0, "min": 2.1242921352386475, "max": 2.1242921352386475, "mean": 2.1242921352386475, "count": 2, "std": 0.0, "range": 0.0 }, "geometry": { "type": "Polygon", "coordinates": [ [ [ 721200.0, 6175800.0 ], [ 721300.0, 6175800.0 ], [ 721400.0, 6175800.0 ], [ 721400.0, 6175700.0 ], [ 721300.0, 6175700.0 ], [ 721200.0, 6175700.0 ], [ 721200.0, 6175800.0 ] ] ] } },
{ "type": "Feature", "properties": { "Shape_Area": 50000.0, "Shape_Leng": 1000.0, "cluster_id": "147_221", "fid_1": 1429.0, "id_munic": 221.0, "munic_clus": "147_221", "munic_code": 147.0, "min": 2.8457186222076416, "max": 2.8457186222076416, "mean": 2.845718574523926, "count": 5, "std": 4.7683715642676816e-08, "range": 0.0 }, "geometry": { "type": "Polygon", "coordinates": [ [ [ 721400.0, 6176000.0 ], [ 721500.0, 6176000.0 ], [ 721600.0, 6176000.0 ], [ 721700.0, 6176000.0 ], [ 721700.0, 6175900.0 ], [ 721600.0, 6175900.0 ], [ 721600.0, 6175800.0 ], [ 721500.0, 6175800.0 ], [ 721400.0, 6175800.0 ], [ 721400.0, 6175900.0 ], [ 721400.0, 6176000.0 ] ] ] } },
{ "type": "Feature", "properties": { "Shape_Area": 80000.0, "Shape_Leng": 1400.0, "cluster_id": "147_222", "fid_1": 1430.0, "id_munic": 222.0, "munic_clus": "147_222", "munic_code": 147.0, "min": 3.7512500286102295, "max": 3.7512500286102295, "mean": 3.7512500286102295, "count": 8, "std": 0.0, "range": 0.0 }, "geometry": { "type": "Polygon", "coordinates": [ [ [ 722500.0, 6175500.0 ], [ 722500.0, 6175400.0 ], [ 722500.0, 6175300.0 ], [ 722400.0, 6175300.0 ], [ 722400.0, 6175200.0 ], [ 722400.0, 6175100.0 ], [ 722300.0, 6175100.0 ], [ 722300.0, 6175200.0 ], [ 722300.0, 6175300.0 ], [ 722200.0, 6175300.0 ], [ 722200.0, 6175400.0 ], [ 722200.0, 6175500.0 ], [ 722300.0, 6175500.0 ], [ 722400.0, 6175500.0 ], [ 722500.0, 6175500.0 ] ] ] } },
{ "type": "Feature", "properties": { "Shape_Area": 20000.0, "Shape_Leng": 600.0, "cluster_id": "147_223", "fid_1": 1431.0, "id_munic": 223.0, "munic_clus": "147_223", "munic_code": 147.0, "min": 2.5519828796386719, "max": 2.5519828796386719, "mean": 2.5519828796386719, "count": 2, "std": 0.0, "range": 0.0 }, "geometry": { "type": "Polygon", "coordinates": [ [ [ 720300.0, 6176800.0 ], [ 720400.0, 6176800.0 ], [ 720500.0, 6176800.0 ], [ 720500.0, 6176700.0 ], [ 720400.0, 6176700.0 ], [ 720300.0, 6176700.0 ], [ 720300.0, 6176800.0 ] ] ] } },
{ "type": "Feature", "properties": { "Shape_Area": 30000.0, "Shape_Leng": 800.0, "cluster_id": "147_224", "fid_1": 1432.0, "id_munic": 224.0, "munic_clus": "147_224", "munic_code": 147.0, "min": 2.9791736602783203, "max": 2.9791736602783203, "mean": 2.9791736602783203, "count": 3, "std": 0.0, "range": 0.0 }, "geometry": { "type": "Polygon", "coordinates": [ [ [ 721300.0, 6176100.0 ], [ 721300.0, 6176200.0 ], [ 721400.0, 6176200.0 ], [ 721400.0, 6176100.0 ], [ 721400.0, 6176000.0 ], [ 721300.0, 6176000.0 ], [ 721200.0, 6176000.0 ], [ 721200.0, 6176100.0 ], [ 721300.0, 6176100.0 ] ] ] } },
{ "type": "Feature", "properties": { "Shape_Area": 50000.0, "Shape_Leng": 1000.0, "cluster_id": "147_225", "fid_1": 1433.0, "id_munic": 225.0, "munic_clus": "147_225", "munic_code": 147.0, "min": 3.0119965076446533, "max": 3.0119965076446533, "mean": 3.0119964599609377, "count": 5, "std": 4.7683715642676816e-08, "range": 0.0 }, "geometry": { "type": "Polygon", "coordinates": [ [ [ 721500.0, 6177100.0 ], [ 721400.0, 6177100.0 ], [ 721400.0, 6177200.0 ], [ 721400.0, 6177300.0 ], [ 721500.0, 6177300.0 ], [ 721600.0, 6177300.0 ], [ 721600.0, 6177200.0 ], [ 721600.0, 6177100.0 ], [ 721600.0, 6177000.0 ], [ 721500.0, 6177000.0 ], [ 721500.0, 6177100.0 ] ] ] } },
{ "type": "Feature", "properties": { "Shape_Area": 50000.0, "Shape_Leng": 1000.0, "cluster_id": "147_226", "fid_1": 1434.0, "id_munic": 226.0, "munic_clus": "147_226", "munic_code": 147.0, "min": 2.9763419628143311, "max": 2.9763419628143311, "mean": 2.9763420104980467, "count": 5, "std": 4.7683715642676816e-08, "range": 0.0 }, "geometry": { "type": "Polygon", "coordinates": [ [ [ 722400.0, 6176900.0 ], [ 722300.0, 6176900.0 ], [ 722200.0, 6176900.0 ], [ 722200.0, 6177000.0 ], [ 722100.0, 6177000.0 ], [ 722100.0, 6177100.0 ], [ 722200.0, 6177100.0 ], [ 722300.0, 6177100.0 ], [ 722400.0, 6177100.0 ], [ 722400.0, 6177000.0 ], [ 722400.0, 6176900.0 ] ] ] } },
{ "type": "Feature", "properties": { "Shape_Area": 40000.0, "Shape_Leng": 1000.0, "cluster_id": "147_227", "fid_1": 1435.0, "id_munic": 227.0, "munic_clus": "147_227", "munic_code": 147.0, "min": 2.5586471557617188, "max": 2.5586471557617188, "mean": 2.5586471557617188, "count": 4, "std": 0.0, "range": 0.0 }, "geometry": { "type": "Polygon", "coordinates": [ [ [ 722700.0, 6175500.0 ], [ 722700.0, 6175600.0 ], [ 722800.0, 6175600.0 ], [ 722800.0, 6175500.0 ], [ 722800.0, 6175400.0 ], [ 722900.0, 6175400.0 ], [ 722900.0, 6175300.0 ], [ 722800.0, 6175300.0 ], [ 722700.0, 6175300.0 ], [ 722700.0, 6175400.0 ], [ 722700.0, 6175500.0 ] ] ] } },
{ "type": "Feature", "properties": { "Shape_Area": 40000.0, "Shape_Leng": 1000.0, "cluster_id": "147_228", "fid_1": 1436.0, "id_munic": 228.0, "munic_clus": "147_228", "munic_code": 147.0, "min": 2.7580807209014893, "max": 2.7580807209014893, "mean": 2.7580807209014893, "count": 4, "std": 0.0, "range": 0.0 }, "geometry": { "type": "Polygon", "coordinates": [ [ [ 722200.0, 6175800.0 ], [ 722300.0, 6175800.0 ], [ 722400.0, 6175800.0 ], [ 722500.0, 6175800.0 ], [ 722500.0, 6175700.0 ], [ 722400.0, 6175700.0 ], [ 722300.0, 6175700.0 ], [ 722200.0, 6175700.0 ], [ 722100.0, 6175700.0 ], [ 722100.0, 6175800.0 ], [ 722200.0, 6175800.0 ] ] ] } },
{ "type": "Feature", "properties": { "Shape_Area": 100000.0, "Shape_Leng": 1600.0, "cluster_id": "147_229", "fid_1": 1437.0, "id_munic": 229.0, "munic_clus": "147_229", "munic_code": 147.0, "min": 3.46917724609375, "max": 3.46917724609375, "mean": 3.46917724609375, "count": 10, "std": 0.0, "range": 0.0 }, "geometry": { "type": "Polygon", "coordinates": [ [ [ 720700.0, 6176700.0 ], [ 720700.0, 6176800.0 ], [ 720600.0, 6176800.0 ], [ 720500.0, 6176800.0 ], [ 720500.0, 6176900.0 ], [ 720500.0, 6177000.0 ], [ 720600.0, 6177000.0 ], [ 720600.0, 6177100.0 ], [ 720700.0, 6177100.0 ], [ 720800.0, 6177100.0 ], [ 720800.0, 6177000.0 ], [ 720800.0, 6176900.0 ], [ 720900.0, 6176900.0 ], [ 720900.0, 6176800.0 ], [ 720800.0, 6176800.0 ], [ 720800.0, 6176700.0 ], [ 720700.0, 6176700.0 ] ] ] } },
{ "type": "Feature", "properties": { "Shape_Area": 180000.0, "Shape_Leng": 2000.0, "cluster_id": "147_230", "fid_1": 1438.0, "id_munic": 230.0, "munic_clus": "147_230", "munic_code": 147.0, "min": 2.2922360897064209, "max": 2.2922360897064209, "mean": 2.2922359042697482, "count": 18, "std": 1.8543667268389186e-07, "range": 0.0 }, "geometry": { "type": "Polygon", "coordinates": [ [ [ 721300.0, 6176600.0 ], [ 721300.0, 6176700.0 ], [ 721200.0, 6176700.0 ], [ 721200.0, 6176800.0 ], [ 721200.0, 6176900.0 ], [ 721100.0, 6176900.0 ], [ 721100.0, 6177000.0 ], [ 721200.0, 6177000.0 ], [ 721300.0, 6177000.0 ], [ 721400.0, 6177000.0 ], [ 721500.0, 6177000.0 ], [ 721600.0, 6177000.0 ], [ 721700.0, 6177000.0 ], [ 721700.0, 6176900.0 ], [ 721700.0, 6176800.0 ], [ 721600.0, 6176800.0 ], [ 721600.0, 6176700.0 ], [ 721600.0, 6176600.0 ], [ 721500.0, 6176600.0 ], [ 721400.0, 6176600.0 ], [ 721300.0, 6176600.0 ] ] ] } },
{ "type": "Feature", "properties": { "Shape_Area": 100000.0, "Shape_Leng": 1400.0, "cluster_id": "147_231", "fid_1": 1439.0, "id_munic": 231.0, "munic_clus": "147_231", "munic_code": 147.0, "min": 3.2727425098419189, "max": 3.2727425098419189, "mean": 3.2727428436279298, "count": 10, "std": 3.3378601083100534e-07, "range": 0.0 }, "geometry": { "type": "Polygon", "coordinates": [ [ [ 720100.0, 6176300.0 ], [ 720100.0, 6176400.0 ], [ 720100.0, 6176500.0 ], [ 720200.0, 6176500.0 ], [ 720200.0, 6176600.0 ], [ 720300.0, 6176600.0 ], [ 720400.0, 6176600.0 ], [ 720400.0, 6176500.0 ], [ 720500.0, 6176500.0 ], [ 720500.0, 6176400.0 ], [ 720500.0, 6176300.0 ], [ 720400.0, 6176300.0 ], [ 720300.0, 6176300.0 ], [ 720200.0, 6176300.0 ], [ 720100.0, 6176300.0 ] ] ] } },
{ "type": "Feature", "properties": { "Shape_Area": 50000.0, "Shape_Leng": 1000.0, "cluster_id": "147_232", "fid_1": 1440.0, "id_munic": 232.0, "munic_clus": "147_232", "munic_code": 147.0, "min": 3.7477512359619141, "max": 3.7477512359619141, "mean": 3.7477512359619141, "count": 5, "std": 0.0, "range": 0.0 }, "geometry": { "type": "Polygon", "coordinates": [ [ [ 720700.0, 6176400.0 ], [ 720600.0, 6176400.0 ], [ 720500.0, 6176400.0 ], [ 720500.0, 6176500.0 ], [ 720400.0, 6176500.0 ], [ 720400.0, 6176600.0 ], [ 720500.0, 6176600.0 ], [ 720600.0, 6176600.0 ], [ 720700.0, 6176600.0 ], [ 720700.0, 6176500.0 ], [ 720700.0, 6176400.0 ] ] ] } },
{ "type": "Feature", "properties": { "Shape_Area": 50000.0, "Shape_Leng": 1000.0, "cluster_id": "147_233", "fid_1": 1441.0, "id_munic": 233.0, "munic_clus": "147_233", "munic_code": 147.0, "min": 3.006664514541626, "max": 3.006664514541626, "mean": 3.0066644668579103, "count": 5, "std": 4.7683715642676816e-08, "range": 0.0 }, "geometry": { "type": "Polygon", "coordinates": [ [ [ 722100.0, 6176000.0 ], [ 722000.0, 6176000.0 ], [ 721900.0, 6176000.0 ], [ 721900.0, 6176100.0 ], [ 721800.0, 6176100.0 ], [ 721800.0, 6176200.0 ], [ 721900.0, 6176200.0 ], [ 722000.0, 6176200.0 ], [ 722100.0, 6176200.0 ], [ 722100.0, 6176100.0 ], [ 722100.0, 6176000.0 ] ] ] } },
{ "type": "Feature", "properties": { "Shape_Area": 90000.0, "Shape_Leng": 1400.0, "cluster_id": "147_235", "fid_1": 1443.0, "id_munic": 235.0, "munic_clus": "147_235", "munic_code": 147.0, "min": 3.7179272174835205, "max": 3.7179272174835205, "mean": 3.7179272969563804, "count": 9, "std": 7.947285984855057e-08, "range": 0.0 }, "geometry": { "type": "Polygon", "coordinates": [ [ [ 720800.0, 6176200.0 ], [ 720900.0, 6176200.0 ], [ 721000.0, 6176200.0 ], [ 721100.0, 6176200.0 ], [ 721200.0, 6176200.0 ], [ 721200.0, 6176100.0 ], [ 721200.0, 6176000.0 ], [ 721100.0, 6176000.0 ], [ 721000.0, 6176000.0 ], [ 720900.0, 6176000.0 ], [ 720900.0, 6175900.0 ], [ 720800.0, 6175900.0 ], [ 720800.0, 6176000.0 ], [ 720800.0, 6176100.0 ], [ 720800.0, 6176200.0 ] ] ] } },
{ "type": "Feature", "properties": { "Shape_Area": 60000.0, "Shape_Leng": 1200.0, "cluster_id": "147_236", "fid_1": 1444.0, "id_munic": 236.0, "munic_clus": "147_236", "munic_code": 147.0, "min": 2.8560481071472168, "max": 2.8560481071472168, "mean": 2.8560479482014975, "count": 6, "std": 1.5894571925301193e-07, "range": 0.0 }, "geometry": { "type": "Polygon", "coordinates": [ [ [ 720800.0, 6176300.0 ], [ 720800.0, 6176200.0 ], [ 720800.0, 6176100.0 ], [ 720800.0, 6176000.0 ], [ 720700.0, 6176000.0 ], [ 720700.0, 6176100.0 ], [ 720600.0, 6176100.0 ], [ 720600.0, 6176200.0 ], [ 720500.0, 6176200.0 ], [ 720500.0, 6176300.0 ], [ 720600.0, 6176300.0 ], [ 720700.0, 6176300.0 ], [ 720800.0, 6176300.0 ] ] ] } },
{ "type": "Feature", "properties": { "Shape_Area": 110000.0, "Shape_Leng": 1600.0, "cluster_id": "147_237", "fid_1": 1445.0, "id_munic": 237.0, "munic_clus": "147_237", "munic_code": 147.0, "min": 3.2777414321899414, "max": 3.2777414321899414, "mean": 3.2777411720969458, "count": 11, "std": 2.6009299558538141e-07, "range": 0.0 }, "geometry": { "type": "Polygon", "coordinates": [ [ [ 721400.0, 6176300.0 ], [ 721500.0, 6176300.0 ], [ 721500.0, 6176400.0 ], [ 721600.0, 6176400.0 ], [ 721700.0, 6176400.0 ], [ 721800.0, 6176400.0 ], [ 721900.0, 6176400.0 ], [ 722000.0, 6176400.0 ], [ 722000.0, 6176300.0 ], [ 722000.0, 6176200.0 ], [ 721900.0, 6176200.0 ], [ 721800.0, 6176200.0 ], [ 721700.0, 6176200.0 ], [ 721600.0, 6176200.0 ], [ 721500.0, 6176200.0 ], [ 721400.0, 6176200.0 ], [ 721400.0, 6176300.0 ] ] ] } }
]
}
