{
"type": "FeatureCollection",
"name": "weighted_overlay_clusters_1990_1995",
"crs": { "type": "name", "properties": { "name": "urn:ogc:def:crs:EPSG::25832" } },
"features": [
{ "type": "Feature", "properties": { "Shape_Area": 70000.0, "Shape_Leng": 1400.0, "cluster_id": "101_1", "fid_1": 1.0, "id_munic": 1.0, "munic_clus": "101_1", "munic_code": 101.0, "min": 3.9793400764465332, "max": 3.9793400764465332, "mean": 3.9793398720877513, "count": 7, "std": 2.0435878189672962e-07, "range": 0.0 }, "geometry": { "type": "Polygon", "coordinates": [ [ [ 719400.0, 6178100.0 ], [ 719400.0, 6178200.0 ], [ 719500.0, 6178200.0 ], [ 719500.0, 6178300.0 ], [ 719600.0, 6178300.0 ], [ 719600.0, 6178200.0 ], [ 719700.0, 6178200.0 ], [ 719700.0, 6178100.0 ], [ 719600.0, 6178100.0 ], [ 719600.0, 6178000.0 ], [ 719500.0, 6178000.0 ], [ 719400.0, 6178000.0 ], [ 719300.0, 6178000.0 ], [ 719300.0, 6178100.0 ], [ 719400.0, 6178100.0 ] ] ] } },
{ "type": "Feature", "properties": { "Shape_Area": 110000.0, "Shape_Leng": 1800.0, "cluster_id": "101_2", "fid_1": 2.0, "id_munic": 2.0, "munic_clus": "101_2", "munic_code": 101.0, "min": 3.0114965438842773, "max": 3.0114965438842773, "mean": 3.0114968039772729, "count": 11, "std": 2.6009299558538146e-07, "range": 0.0 }, "geometry": { "type": "Polygon", "coordinates": [ [ [ 719200.0, 6178100.0 ], [ 719100.0, 6178100.0 ], [ 719100.0, 6178200.0 ], [ 719000.0, 6178200.0 ], [ 719000.0, 6178300.0 ], [ 719100.0, 6178300.0 ], [ 719100.0, 6178400.0 ], [ 719100.0, 6178500.0 ], [ 719200.0, 6178500.0 ], [ 719200.0, 6178400.0 ], [ 719300.0, 6178400.0 ], [ 719300.0, 6178300.0 ], [ 719400.0, 6178300.0 ], [ 719500.0, 6178300.0 ], [ 719500.0, 6178200.0 ], [ 719400.0, 6178200.0 ], [ 719400.0, 6178100.0 ], [ 719300.0, 6178100.0 ], [ 719200.0, 6178100.0 ] ] ] } },
{ "type": "Feature", "properties": { "Shape_Area": 30000.0, "Shape_Leng": 800.0, "cluster_id": "101_3", "fid_1": 3.0, "id_munic": 3.0, "munic_clus": "101_3", "munic_code": 101.0, "min": 2.5613133907318115, "max": 2.5613133907318115, "mean": 2.5613133112589517, "count": 3, "std": 7.947285984855057e-08, "range": 0.0 }, "geometry": { "type": "Polygon", "coordinates": [ [ [ 719400.0, 6177700.0 ], [ 719400.0, 6177800.0 ], [ 719400.0, 6177900.0 ], [ 719500.0, 6177900.0 ], [ 719500.0, 6177800.0 ], [ 719500.0, 6177700.0 ], [ 719500.0, 6177600.0 ], [ 719400.0, 6177600.0 ], [ 719400.0, 6177700.0 ] ] ] } },
{ "type": "Feature", "properties": { "Shape_Area": 50000.0, "Shape_Leng": 1000.0, "cluster_id": "101_4", "fid_1": 4.0, "id_munic": 4.0, "munic_clus": "101_4", "munic_code": 101.0, "min": 3.2797403335571289, "max": 3.2797403335571289, "mean": 3.2797401428222654, "count": 5, "std": 1.9073486345888568e-07, "range": 0.0 }, "geometry": { "type": "Polygon", "coordinates": [ [ [ 719800.0, 6178200.0 ], [ 719700.0, 6178200.0 ], [ 719600.0, 6178200.0 ], [ 719600.0, 6178300.0 ], [ 719600.0, 6178400.0 ], [ 719700.0, 6178400.0 ], [ 719700.0, 6178500.0 ], [ 719800.0, 6178500.0 ], [ 719800.0, 6178400.0 ], [ 719800.0, 6178300.0 ], [ 719800.0, 6178200.0 ] ] ] } },
{ "type": "Feature", "properties": { "Shape_Area": 20000.0, "Shape_Leng": 600.0, "cluster_id": "101_5", "fid_1": 5.0, "id_munic": 5.0, "munic_clus": "101_5", "munic_code": 101.0, "min": 2.7439186573028564, "max": 2.7439186573028564, "mean": 2.7439186573028564, "count": 2, "std": 0.0, "range": 0.0 }, "geometry": { "type": "Polygon", "coordinates": [ [ [ 719900.0, 6177800.0 ], [ 719900.0, 6177900.0 ], [ 720000.0, 6177900.0 ], [ 720000.0, 6177800.0 ], [ 720000.0, 6177700.0 ], [ 719900.0, 6177700.0 ], [ 719900.0, 6177800.0 ] ] ] } },
{ "type": "Feature", "properties": { "Shape_Area": 40000.0, "Shape_Leng": 1000.0, "cluster_id": "101_6", "fid_1": 6.0, "id_munic": 6.0, "munic_clus": "101_6", "munic_code": 101.0, "min": 2.7557477951049805, "max": 2.7557477951049805, "mean": 2.7557477951049805, "count": 4, "std": 0.0, "range": 0.0 }, "geometry": { "type": "Polygon", "coordinates": [ [ [ 719600.0, 6178700.0 ], [ 719600.0, 6178800.0 ], [ 719700.0, 6178800.0 ], [ 719700.0, 6178700.0 ], [ 719800.0, 6178700.0 ], [ 719800.0, 6178600.0 ], [ 719700.0, 6178600.0 ], [ 719600.0, 6178600.0 ], [ 719500.0, 6178600.0 ], [ 719500.0, 6178700.0 ], [ 719600.0, 6178700.0 ] ] ] } },
{ "type": "Feature", "properties": { "Shape_Area": 40000.0, "Shape_Leng": 1000.0, "cluster_id": "101_7", "fid_1": 7.0, "id_munic": 7.0, "munic_clus": "101_7", "munic_code": 101.0, "min": 3.7630791664123535, "max": 3.7630791664123535, "mean": 3.7630791664123535, "count": 4, "std": 0.0, "range": 0.0 }, "geometry": { "type": "Polygon", "coordinates": [ [ [ 718900.0, 6179000.0 ], [ 718900.0, 6179100.0 ], [ 719000.0, 6179100.0 ], [ 719000.0, 6179000.0 ], [ 719100.0, 6179000.0 ], [ 719100.0, 6178900.0 ], [ 719000.0, 6178900.0 ], [ 719000.0, 6178800.0 ], [ 718900.0, 6178800.0 ], [ 718900.0, 6178900.0 ], [ 718900.0, 6179000.0 ] ] ] } },
{ "type": "Feature", "properties": { "Shape_Area": 50000.0, "Shape_Leng": 1200.0, "cluster_id": "101_8", "fid_1": 8.0, "id_munic": 8.0, "munic_clus": "101_8", "munic_code": 101.0, "min": 3.3380544185638428, "max": 3.3380544185638428, "mean": 3.3380542755126954, "count": 5, "std": 1.4305114737211966e-07, "range": 0.0 }, "geometry": { "type": "Polygon", "coordinates": [ [ [ 718800.0, 6178000.0 ], [ 718900.0, 6178000.0 ], [ 719000.0, 6178000.0 ], [ 719000.0, 6178100.0 ], [ 719100.0, 6178100.0 ], [ 719100.0, 6178000.0 ], [ 719100.0, 6177900.0 ], [ 719000.0, 6177900.0 ], [ 718900.0, 6177900.0 ], [ 718800.0, 6177900.0 ], [ 718700.0, 6177900.0 ], [ 718700.0, 6178000.0 ], [ 718800.0, 6178000.0 ] ] ] } },
{ "type": "Feature", "properties": { "Shape_Area": 90000.0, "Shape_Leng": 1400.0, "cluster_id": "101_9", "fid_1": 9.0, "id_munic": 9.0, "munic_clus": "101_9", "munic_code": 101.0, "min": 3.2780742645263672, "max": 3.2780742645263672, "mean": 3.2780742645263672, "count": 9, "std": 0.0, "range": 0.0 }, "geometry": { "type": "Polygon", "coordinates": [ [ [ 719000.0, 6178000.0 ], [ 718900.0, 6178000.0 ], [ 718800.0, 6178000.0 ], [ 718700.0, 6178000.0 ], [ 718700.0, 6178100.0 ], [ 718700.0, 6178200.0 ], [ 718800.0, 6178200.0 ], [ 718800.0, 6178300.0 ], [ 718900.0, 6178300.0 ], [ 719000.0, 6178300.0 ], [ 719000.0, 6178200.0 ], [ 719100.0, 6178200.0 ], [ 719100.0, 6178100.0 ], [ 719000.0, 6178100.0 ], [ 719000.0, 6178000.0 ] ] ] } },
{ "type": "Feature", "properties": { "Shape_Area": 30000.0, "Shape_Leng": 800.0, "cluster_id": "101_10", "fid_1": 10.0, "id_munic": 10.0, "munic_clus": "101_10", "munic_code": 101.0, "min": 2.8635461330413818, "max": 2.8635461330413818, "mean": 2.863546053568522, "count": 3, "std": 7.947285984855057e-08, "range": 0.0 }, "geometry": { "type": "Polygon", "coordinates": [ [ [ 719600.0, 6178500.0 ], [ 719600.0, 6178600.0 ], [ 719700.0, 6178600.0 ], [ 719800.0, 6178600.0 ], [ 719800.0, 6178500.0 ], [ 719700.0, 6178500.0 ], [ 719700.0, 6178400.0 ], [ 719600.0, 6178400.0 ], [ 719600.0, 6178500.0 ] ] ] } },
{ "type": "Feature", "properties": { "Shape_Area": 30000.0, "Shape_Leng": 800.0, "cluster_id": "101_11", "fid_1": 11.0, "id_munic": 11.0, "munic_clus": "101_11", "munic_code": 101.0, "min": 4.2462520599365234, "max": 4.2462520599365234, "mean": 4.2462520599365234, "count": 3, "std": 0.0, "range": 0.0 }, "geometry": { "type": "Polygon", "coordinates": [ [ [ 725100.0, 6176500.0 ], [ 725100.0, 6176600.0 ], [ 725200.0, 6176600.0 ], [ 725200.0, 6176500.0 ], [ 725300.0, 6176500.0 ], [ 725300.0, 6176400.0 ], [ 725200.0, 6176400.0 ], [ 725100.0, 6176400.0 ], [ 725100.0, 6176500.0 ] ] ] } },
{ "type": "Feature", "properties": { "Shape_Area": 30000.0, "Shape_Leng": 800.0, "cluster_id": "101_12", "fid_1": 12.0, "id_munic": 12.0, "munic_clus": "101_12", "munic_code": 101.0, "min": 3.3978679180145264, "max": 3.3978679180145264, "mean": 3.3978678385416665, "count": 3, "std": 7.947285984855057e-08, "range": 0.0 }, "geometry": { "type": "Polygon", "coordinates": [ [ [ 724400.0, 6179700.0 ], [ 724400.0, 6179800.0 ], [ 724500.0, 6179800.0 ], [ 724500.0, 6179700.0 ], [ 724600.0, 6179700.0 ], [ 724600.0, 6179600.0 ], [ 724500.0, 6179600.0 ], [ 724400.0, 6179600.0 ], [ 724400.0, 6179700.0 ] ] ] } },
{ "type": "Feature", "properties": { "Shape_Area": 20000.0, "Shape_Leng": 600.0, "cluster_id": "101_13", "fid_1": 13.0, "id_munic": 13.0, "munic_clus": "101_13", "munic_code": 101.0, "min": 3.4151952266693115, "max": 3.4151952266693115, "mean": 3.4151952266693115, "count": 2, "std": 0.0, "range": 0.0 }, "geometry": { "type": "Polygon", "coordinates": [ [ [ 724500.0, 6179800.0 ], [ 724500.0, 6179900.0 ], [ 724600.0, 6179900.0 ], [ 724600.0, 6179800.0 ], [ 724600.0, 6179700.0 ], [ 724500.0, 6179700.0 ], [ 724500.0, 6179800.0 ] ] ] } },
{ "type": "Feature", "properties": { "Shape_Area": 30000.0, "Shape_Leng": 800.0, "cluster_id": "101_14", "fid_1": 14.0, "id_munic": 14.0, "munic_clus": "101_14", "munic_code": 101.0, "min": 3.6614465713500977, "max": 3.6614465713500977, "mean": 3.6614465713500977, "count": 3, "std": 0.0, "range": 0.0 }, "geometry": { "type": "Polygon", "coordinates": [ [ [ 724500.0, 6179500.0 ], [ 724500.0, 6179600.0 ], [ 724600.0, 6179600.0 ], [ 724700.0, 6179600.0 ], [ 724700.0, 6179500.0 ], [ 724600.0, 6179500.0 ], [ 724600.0, 6179400.0 ], [ 724500.0, 6179400.0 ], [ 724500.0, 6179500.0 ] ] ] } },
{ "type": "Feature", "properties": { "Shape_Area": 10000.0, "Shape_Leng": 400.0, "cluster_id": "101_15", "fid_1": 15.0, "id_munic": 15.0, "munic_clus": "101_15", "munic_code": 101.0, "min": 4.2857379913330078, "max": 4.2857379913330078, "mean": 4.2857379913330078, "count": 1, "std": 0.0, "range": 0.0 }, "geometry": { "type": "Polygon", "coordinates": [ [ [ 724300.0, 6179700.0 ], [ 724300.0, 6179800.0 ], [ 724400.0, 6179800.0 ], [ 724400.0, 6179700.0 ], [ 724300.0, 6179700.0 ] ] ] } },
{ "type": "Feature", "properties": { "Shape_Area": 20000.0, "Shape_Leng": 600.0, "cluster_id": "101_16", "fid_1": 16.0, "id_munic": 16.0, "munic_clus": "101_16", "munic_code": 101.0, "min": 2.9318563938140869, "max": 2.9318563938140869, "mean": 2.9318563938140869, "count": 2, "std": 0.0, "range": 0.0 }, "geometry": { "type": "Polygon", "coordinates": [ [ [ 724200.0, 6179700.0 ], [ 724300.0, 6179700.0 ], [ 724400.0, 6179700.0 ], [ 724400.0, 6179600.0 ], [ 724300.0, 6179600.0 ], [ 724200.0, 6179600.0 ], [ 724200.0, 6179700.0 ] ] ] } },
{ "type": "Feature", "properties": { "Shape_Area": 80000.0, "Shape_Leng": 1400.0, "cluster_id": "101_17", "fid_1": 17.0, "id_munic": 17.0, "munic_clus": "101_17", "munic_code": 101.0, "min": 3.7299234867095947, "max": 3.7299234867095947, "mean": 3.7299234867095947, "count": 8, "std": 0.0, "range": 0.0 }, "geometry": { "type": "Polygon", "coordinates": [ [ [ 719400.0, 6177300.0 ], [ 719400.0, 6177400.0 ], [ 719500.0, 6177400.0 ], [ 719600.0, 6177400.0 ], [ 719600.0, 6177300.0 ], [ 719700.0, 6177300.0 ], [ 719700.0, 6177200.0 ], [ 719600.0, 6177200.0 ], [ 719600.0, 6177100.0 ], [ 719500.0, 6177100.0 ], [ 719500.0, 6177000.0 ], [ 719400.0, 6177000.0 ], [ 719400.0, 6177100.0 ], [ 719400.0, 6177200.0 ], [ 719400.0, 6177300.0 ] ] ] } },
{ "type": "Feature", "properties": { "Shape_Area": 10000.0, "Shape_Leng": 400.0, "cluster_id": "101_18", "fid_1": 18.0, "id_munic": 18.0, "munic_clus": "101_18", "munic_code": 101.0, "min": 3.2267580032348633, "max": 3.2267580032348633, "mean": 3.2267580032348633, "count": 1, "std": 0.0, "range": 0.0 }, "geometry": { "type": "Polygon", "coordinates": [ [ [ 724600.0, 6179600.0 ], [ 724600.0, 6179700.0 ], [ 724700.0, 6179700.0 ], [ 724700.0, 6179600.0 ], [ 724600.0, 6179600.0 ] ] ] } },
{ "type": "Feature", "properties": { "Shape_Area": 20000.0, "Shape_Leng": 600.0, "cluster_id": "101_19", "fid_1": 19.0, "id_munic": 19.0, "munic_clus": "101_19", "munic_code": 101.0, "min": 3.1461176872253418, "max": 3.1461176872253418, "mean": 3.1461176872253418, "count": 2, "std": 0.0, "range": 0.0 }, "geometry": { "type": "Polygon", "coordinates": [ [ [ 724300.0, 6179500.0 ], [ 724300.0, 6179600.0 ], [ 724400.0, 6179600.0 ], [ 724400.0, 6179500.0 ], [ 724400.0, 6179400.0 ], [ 724300.0, 6179400.0 ], [ 724300.0, 6179500.0 ] ] ] } },
{ "type": "Feature", "properties": { "Shape_Area": 20000.0, "Shape_Leng": 600.0, "cluster_id": "101_20", "fid_1": 20.0, "id_munic": 20.0, "munic_clus": "101_20", "munic_code": 101.0, "min": 3.4168610572814941, "max": 3.4168610572814941, "mean": 3.4168610572814941, "count": 2, "std": 0.0, "range": 0.0 }, "geometry": { "type": "Polygon", "coordinates": [ [ [ 724400.0, 6179500.0 ], [ 724400.0, 6179600.0 ], [ 724500.0, 6179600.0 ], [ 724500.0, 6179500.0 ], [ 724500.0, 6179400.0 ], [ 724400.0, 6179400.0 ], [ 724400.0, 6179500.0 ] ] ] } },
{ "type": "Feature", "properties": { "Shape_Area": 20000.0, "Shape_Leng": 600.0, "cluster_id": "101_21", "fid_1": 21.0, "id_munic": 21.0, "munic_clus": "101_21", "munic_code": 101.0, "min": 2.9703435897827148, "max": 2.9703435897827148, "mean": 2.9703435897827148, "count": 2, "std": 0.0, "range": 0.0 }, "geometry": { "type": "Polygon", "coordinates": [ [ [ 724600.0, 6179800.0 ], [ 724600.0, 6179900.0 ], [ 724700.0, 6179900.0 ], [ 724700.0, 6179800.0 ], [ 724700.0, 6179700.0 ], [ 724600.0, 6179700.0 ], [ 724600.0, 6179800.0 ] ] ] } },
{ "type": "Feature", "properties": { "Shape_Area": 90000.0, "Shape_Leng": 1400.0, "cluster_id": "101_22", "fid_1": 22.0, "id_munic": 22.0, "munic_clus": "101_22", "munic_code": 101.0, "min": 2.8472177982330322, "max": 2.8472177982330322, "mean": 2.8472177717420788, "count": 9, "std": 2.6490953430879927e-08, "range": 0.0 }, "geometry": { "type": "Polygon", "coordinates": [ [ [ 718000.0, 6177900.0 ], [ 717900.0, 6177900.0 ], [ 717800.0, 6177900.0 ], [ 717800.0, 6177800.0 ], [ 717700.0, 6177800.0 ], [ 717700.0, 6177900.0 ], [ 717700.0, 6178000.0 ], [ 717700.0, 6178100.0 ], [ 717700.0, 6178200.0 ], [ 717800.0, 6178200.0 ], [ 717900.0, 6178200.0 ], [ 717900.0, 6178100.0 ], [ 718000.0, 6178100.0 ], [ 718000.0, 6178000.0 ], [ 718000.0, 6177900.0 ] ] ] } },
{ "type": "Feature", "properties": { "Shape_Area": 80000.0, "Shape_Leng": 1600.0, "cluster_id": "101_23", "fid_1": 23.0, "id_munic": 23.0, "munic_clus": "101_23", "munic_code": 101.0, "min": 3.2695767879486084, "max": 3.2695767879486084, "mean": 3.2695767879486084, "count": 8, "std": 0.0, "range": 0.0 }, "geometry": { "type": "Polygon", "coordinates": [ [ [ 718500.0, 6177500.0 ], [ 718500.0, 6177600.0 ], [ 718400.0, 6177600.0 ], [ 718400.0, 6177700.0 ], [ 718500.0, 6177700.0 ], [ 718500.0, 6177800.0 ], [ 718600.0, 6177800.0 ], [ 718600.0, 6177700.0 ], [ 718700.0, 6177700.0 ], [ 718700.0, 6177600.0 ], [ 718700.0, 6177500.0 ], [ 718700.0, 6177400.0 ], [ 718700.0, 6177300.0 ], [ 718600.0, 6177300.0 ], [ 718600.0, 6177400.0 ], [ 718600.0, 6177500.0 ], [ 718500.0, 6177500.0 ] ] ] } },
{ "type": "Feature", "properties": { "Shape_Area": 100000.0, "Shape_Leng": 1600.0, "cluster_id": "101_24", "fid_1": 24.0, "id_munic": 24.0, "munic_clus": "101_24", "munic_code": 101.0, "min": 3.2565808296203613, "max": 3.2565808296203613, "mean": 3.2565807342529296, "count": 10, "std": 9.5367431729442855e-08, "range": 0.0 }, "geometry": { "type": "Polygon", "coordinates": [ [ [ 718100.0, 6177700.0 ], [ 718100.0, 6177600.0 ], [ 718000.0, 6177600.0 ], [ 717900.0, 6177600.0 ], [ 717800.0, 6177600.0 ], [ 717700.0, 6177600.0 ], [ 717700.0, 6177700.0 ], [ 717600.0, 6177700.0 ], [ 717600.0, 6177800.0 ], [ 717700.0, 6177800.0 ], [ 717800.0, 6177800.0 ], [ 717800.0, 6177900.0 ], [ 717900.0, 6177900.0 ], [ 718000.0, 6177900.0 ], [ 718000.0, 6177800.0 ], [ 718000.0, 6177700.0 ], [ 718100.0, 6177700.0 ] ] ] } },
{ "type": "Feature", "properties": { "Shape_Area": 20000.0, "Shape_Leng": 600.0, "cluster_id": "101_25", "fid_1": 25.0, "id_munic": 25.0, "munic_clus": "101_25", "munic_code": 101.0, "min": 2.9406869411468506, "max": 2.9406869411468506, "mean": 2.9406869411468506, "count": 2, "std": 0.0, "range": 0.0 }, "geometry": { "type": "Polygon", "coordinates": [ [ [ 719100.0, 6177400.0 ], [ 719200.0, 6177400.0 ], [ 719300.0, 6177400.0 ], [ 719300.0, 6177300.0 ], [ 719200.0, 6177300.0 ], [ 719100.0, 6177300.0 ], [ 719100.0, 6177400.0 ] ] ] } },
{ "type": "Feature", "properties": { "Shape_Area": 100000.0, "Shape_Leng": 1800.0, "cluster_id": "101_26", "fid_1": 26.0, "id_munic": 26.0, "munic_clus": "101_26", "munic_code": 101.0, "min": 3.2254250049591064, "max": 3.2254250049591064, "mean": 3.2254249572753908, "count": 10, "std": 4.7683715642676816e-08, "range": 0.0 }, "geometry": { "type": "Polygon", "coordinates": [ [ [ 718400.0, 6177700.0 ], [ 718400.0, 6177800.0 ], [ 718300.0, 6177800.0 ], [ 718200.0, 6177800.0 ], [ 718100.0, 6177800.0 ], [ 718100.0, 6177900.0 ], [ 718100.0, 6178000.0 ], [ 718100.0, 6178100.0 ], [ 718200.0, 6178100.0 ], [ 718200.0, 6178000.0 ], [ 718300.0, 6178000.0 ], [ 718400.0, 6178000.0 ], [ 718400.0, 6177900.0 ], [ 718500.0, 6177900.0 ], [ 718600.0, 6177900.0 ], [ 718600.0, 6177800.0 ], [ 718500.0, 6177800.0 ], [ 718500.0, 6177700.0 ], [ 718400.0, 6177700.0 ] ] ] } },
{ "type": "Feature", "properties": { "Shape_Area": 110000.0, "Shape_Leng": 1600.0, "cluster_id": "101_27", "fid_1": 27.0, "id_munic": 27.0, "munic_clus": "101_27", "munic_code": 101.0, "min": 3.6314563751220703, "max": 3.6314563751220703, "mean": 3.6314565485174004, "count": 11, "std": 1.7339533009419483e-07, "range": 0.0 }, "geometry": { "type": "Polygon", "coordinates": [ [ [ 717800.0, 6177400.0 ], [ 717800.0, 6177500.0 ], [ 717800.0, 6177600.0 ], [ 717900.0, 6177600.0 ], [ 718000.0, 6177600.0 ], [ 718100.0, 6177600.0 ], [ 718100.0, 6177500.0 ], [ 718200.0, 6177500.0 ], [ 718200.0, 6177400.0 ], [ 718100.0, 6177400.0 ], [ 718100.0, 6177300.0 ], [ 718100.0, 6177200.0 ], [ 718000.0, 6177200.0 ], [ 717900.0, 6177200.0 ], [ 717900.0, 6177300.0 ], [ 717900.0, 6177400.0 ], [ 717800.0, 6177400.0 ] ] ] } },
{ "type": "Feature", "properties": { "Shape_Area": 50000.0, "Shape_Leng": 1200.0, "cluster_id": "101_28", "fid_1": 28.0, "id_munic": 28.0, "munic_clus": "101_28", "munic_code": 101.0, "min": 4.1669459342956543, "max": 4.1669459342956543, "mean": 4.1669460296630856, "count": 5, "std": 9.5367431285353632e-08, "range": 0.0 }, "geometry": { "type": "Polygon", "coordinates": [ [ [ 721100.0, 6177400.0 ], [ 721100.0, 6177300.0 ], [ 721000.0, 6177300.0 ], [ 720900.0, 6177300.0 ], [ 720900.0, 6177400.0 ], [ 720800.0, 6177400.0 ], [ 720800.0, 6177500.0 ], [ 720800.0, 6177600.0 ], [ 720900.0, 6177600.0 ], [ 720900.0, 6177500.0 ], [ 721000.0, 6177500.0 ], [ 721000.0, 6177400.0 ], [ 721100.0, 6177400.0 ] ] ] } },
{ "type": "Feature", "properties": { "Shape_Area": 130000.0, "Shape_Leng": 1800.0, "cluster_id": "101_29", "fid_1": 29.0, "id_munic": 29.0, "munic_clus": "101_29", "munic_code": 101.0, "min": 3.1631121635437012, "max": 3.1631121635437012, "mean": 3.1631120535043569, "count": 13, "std": 1.1003934430320328e-07, "range": 0.0 }, "geometry": { "type": "Polygon", "coordinates": [ [ [ 721100.0, 6177400.0 ], [ 721000.0, 6177400.0 ], [ 721000.0, 6177500.0 ], [ 720900.0, 6177500.0 ], [ 720900.0, 6177600.0 ], [ 720800.0, 6177600.0 ], [ 720800.0, 6177700.0 ], [ 720800.0, 6177800.0 ], [ 720900.0, 6177800.0 ], [ 720900.0, 6177900.0 ], [ 721000.0, 6177900.0 ], [ 721100.0, 6177900.0 ], [ 721200.0, 6177900.0 ], [ 721200.0, 6177800.0 ], [ 721200.0, 6177700.0 ], [ 721100.0, 6177700.0 ], [ 721100.0, 6177600.0 ], [ 721100.0, 6177500.0 ], [ 721100.0, 6177400.0 ] ] ] } },
{ "type": "Feature", "properties": { "Shape_Area": 40000.0, "Shape_Leng": 1000.0, "cluster_id": "101_30", "fid_1": 30.0, "id_munic": 30.0, "munic_clus": "101_30", "munic_code": 101.0, "min": 3.5249919891357422, "max": 3.5249919891357422, "mean": 3.5249919891357422, "count": 4, "std": 0.0, "range": 0.0 }, "geometry": { "type": "Polygon", "coordinates": [ [ [ 724000.0, 6176700.0 ], [ 724000.0, 6176800.0 ], [ 724100.0, 6176800.0 ], [ 724200.0, 6176800.0 ], [ 724200.0, 6176700.0 ], [ 724100.0, 6176700.0 ], [ 724100.0, 6176600.0 ], [ 724100.0, 6176500.0 ], [ 724000.0, 6176500.0 ], [ 724000.0, 6176600.0 ], [ 724000.0, 6176700.0 ] ] ] } },
{ "type": "Feature", "properties": { "Shape_Area": 10000.0, "Shape_Leng": 400.0, "cluster_id": "101_31", "fid_1": 31.0, "id_munic": 31.0, "munic_clus": "101_31", "munic_code": 101.0, "min": 2.9590139389038086, "max": 2.9590139389038086, "mean": 2.9590139389038086, "count": 1, "std": 0.0, "range": 0.0 }, "geometry": { "type": "Polygon", "coordinates": [ [ [ 724100.0, 6176500.0 ], [ 724100.0, 6176600.0 ], [ 724200.0, 6176600.0 ], [ 724200.0, 6176500.0 ], [ 724100.0, 6176500.0 ] ] ] } },
{ "type": "Feature", "properties": { "Shape_Area": 10000.0, "Shape_Leng": 400.0, "cluster_id": "101_32", "fid_1": 32.0, "id_munic": 32.0, "munic_clus": "101_32", "munic_code": 101.0, "min": 2.3883709907531738, "max": 2.3883709907531738, "mean": 2.3883709907531738, "count": 1, "std": 0.0, "range": 0.0 }, "geometry": { "type": "Polygon", "coordinates": [ [ [ 724000.0, 6176400.0 ], [ 724000.0, 6176500.0 ], [ 724100.0, 6176500.0 ], [ 724100.0, 6176400.0 ], [ 724000.0, 6176400.0 ] ] ] } },
{ "type": "Feature", "properties": { "Shape_Area": 10000.0, "Shape_Leng": 400.0, "cluster_id": "101_33", "fid_1": 33.0, "id_munic": 33.0, "munic_clus": "101_33", "munic_code": 101.0, "min": 2.9660115242004395, "max": 2.9660115242004395, "mean": 2.9660115242004395, "count": 1, "std": 0.0, "range": 0.0 }, "geometry": { "type": "Polygon", "coordinates": [ [ [ 724100.0, 6176600.0 ], [ 724100.0, 6176700.0 ], [ 724200.0, 6176700.0 ], [ 724200.0, 6176600.0 ], [ 724100.0, 6176600.0 ] ] ] } },
{ "type": "Feature", "properties": { "Shape_Area": 30000.0, "Shape_Leng": 800.0, "cluster_id": "101_34", "fid_1": 34.0, "id_munic": 34.0, "munic_clus": "101_34", "munic_code": 101.0, "min": 2.62062668800354, "max": 2.62062668800354, "mean": 2.6206267674763999, "count": 3, "std": 7.947285984855057e-08, "range": 0.0 }, "geometry": { "type": "Polygon", "coordinates": [ [ [ 724000.0, 6176300.0 ], [ 723900.0, 6176300.0 ], [ 723900.0, 6176400.0 ], [ 724000.0, 6176400.0 ], [ 724100.0, 6176400.0 ], [ 724100.0, 6176300.0 ], [ 724100.0, 6176200.0 ], [ 724000.0, 6176200.0 ], [ 724000.0, 6176300.0 ] ] ] } },
{ "type": "Feature", "properties": { "Shape_Area": 10000.0, "Shape_Leng": 400.0, "cluster_id": "101_35", "fid_1": 35.0, "id_munic": 35.0, "munic_clus": "101_35", "munic_code": 101.0, "min": 2.6106297969818115, "max": 2.6106297969818115, "mean": 2.6106297969818115, "count": 1, "std": 0.0, "range": 0.0 }, "geometry": { "type": "Polygon", "coordinates": [ [ [ 724200.0, 6176700.0 ], [ 724200.0, 6176800.0 ], [ 724300.0, 6176800.0 ], [ 724300.0, 6176700.0 ], [ 724200.0, 6176700.0 ] ] ] } },
{ "type": "Feature", "properties": { "Shape_Area": 10000.0, "Shape_Leng": 400.0, "cluster_id": "101_36", "fid_1": 36.0, "id_munic": 36.0, "munic_clus": "101_36", "munic_code": 101.0, "min": 2.8205602169036865, "max": 2.8205602169036865, "mean": 2.8205602169036865, "count": 1, "std": 0.0, "range": 0.0 }, "geometry": { "type": "Polygon", "coordinates": [ [ [ 724100.0, 6176800.0 ], [ 724100.0, 6176900.0 ], [ 724200.0, 6176900.0 ], [ 724200.0, 6176800.0 ], [ 724100.0, 6176800.0 ] ] ] } },
{ "type": "Feature", "properties": { "Shape_Area": 20000.0, "Shape_Leng": 600.0, "cluster_id": "101_37", "fid_1": 37.0, "id_munic": 37.0, "munic_clus": "101_37", "munic_code": 101.0, "min": 2.6682775020599365, "max": 2.6682775020599365, "mean": 2.6682775020599365, "count": 2, "std": 0.0, "range": 0.0 }, "geometry": { "type": "Polygon", "coordinates": [ [ [ 723900.0, 6176500.0 ], [ 723900.0, 6176600.0 ], [ 724000.0, 6176600.0 ], [ 724000.0, 6176500.0 ], [ 724000.0, 6176400.0 ], [ 723900.0, 6176400.0 ], [ 723900.0, 6176500.0 ] ] ] } },
{ "type": "Feature", "properties": { "Shape_Area": 30000.0, "Shape_Leng": 800.0, "cluster_id": "101_38", "fid_1": 38.0, "id_munic": 38.0, "munic_clus": "101_38", "munic_code": 101.0, "min": 3.6507835388183594, "max": 3.6507835388183594, "mean": 3.6507835388183594, "count": 3, "std": 0.0, "range": 0.0 }, "geometry": { "type": "Polygon", "coordinates": [ [ [ 723000.0, 6178400.0 ], [ 723000.0, 6178500.0 ], [ 723100.0, 6178500.0 ], [ 723200.0, 6178500.0 ], [ 723200.0, 6178400.0 ], [ 723100.0, 6178400.0 ], [ 723100.0, 6178300.0 ], [ 723000.0, 6178300.0 ], [ 723000.0, 6178400.0 ] ] ] } },
{ "type": "Feature", "properties": { "Shape_Area": 30000.0, "Shape_Leng": 800.0, "cluster_id": "101_39", "fid_1": 39.0, "id_munic": 39.0, "munic_clus": "101_39", "munic_code": 101.0, "min": 3.3568811416625977, "max": 3.3568811416625977, "mean": 3.3568811416625977, "count": 3, "std": 0.0, "range": 0.0 }, "geometry": { "type": "Polygon", "coordinates": [ [ [ 722800.0, 6178600.0 ], [ 722800.0, 6178700.0 ], [ 722900.0, 6178700.0 ], [ 723000.0, 6178700.0 ], [ 723000.0, 6178600.0 ], [ 722900.0, 6178600.0 ], [ 722900.0, 6178500.0 ], [ 722800.0, 6178500.0 ], [ 722800.0, 6178600.0 ] ] ] } },
{ "type": "Feature", "properties": { "Shape_Area": 20000.0, "Shape_Leng": 600.0, "cluster_id": "101_40", "fid_1": 40.0, "id_munic": 40.0, "munic_clus": "101_40", "munic_code": 101.0, "min": 2.9825060367584229, "max": 2.9825060367584229, "mean": 2.9825060367584229, "count": 2, "std": 0.0, "range": 0.0 }, "geometry": { "type": "Polygon", "coordinates": [ [ [ 723100.0, 6178400.0 ], [ 723200.0, 6178400.0 ], [ 723300.0, 6178400.0 ], [ 723300.0, 6178300.0 ], [ 723200.0, 6178300.0 ], [ 723100.0, 6178300.0 ], [ 723100.0, 6178400.0 ] ] ] } },
{ "type": "Feature", "properties": { "Shape_Area": 20000.0, "Shape_Leng": 600.0, "cluster_id": "101_41", "fid_1": 41.0, "id_munic": 41.0, "munic_clus": "101_41", "munic_code": 101.0, "min": 3.8277246952056885, "max": 3.8277246952056885, "mean": 3.8277246952056885, "count": 2, "std": 0.0, "range": 0.0 }, "geometry": { "type": "Polygon", "coordinates": [ [ [ 723100.0, 6178300.0 ], [ 723200.0, 6178300.0 ], [ 723300.0, 6178300.0 ], [ 723300.0, 6178200.0 ], [ 723200.0, 6178200.0 ], [ 723100.0, 6178200.0 ], [ 723100.0, 6178300.0 ] ] ] } },
{ "type": "Feature", "properties": { "Shape_Area": 10000.0, "Shape_Leng": 400.0, "cluster_id": "101_42", "fid_1": 42.0, "id_munic": 42.0, "munic_clus": "101_42", "munic_code": 101.0, "min": 2.7714095115661621, "max": 2.7714095115661621, "mean": 2.7714095115661621, "count": 1, "std": 0.0, "range": 0.0 }, "geometry": { "type": "Polygon", "coordinates": [ [ [ 719600.0, 6177400.0 ], [ 719600.0, 6177500.0 ], [ 719700.0, 6177500.0 ], [ 719700.0, 6177400.0 ], [ 719600.0, 6177400.0 ] ] ] } },
{ "type": "Feature", "properties": { "Shape_Area": 10000.0, "Shape_Leng": 400.0, "cluster_id": "101_43", "fid_1": 43.0, "id_munic": 43.0, "munic_clus": "101_43", "munic_code": 101.0, "min": 2.7680773735046387, "max": 2.7680773735046387, "mean": 2.7680773735046387, "count": 1, "std": 0.0, "range": 0.0 }, "geometry": { "type": "Polygon", "coordinates": [ [ [ 722900.0, 6178300.0 ], [ 722900.0, 6178400.0 ], [ 723000.0, 6178400.0 ], [ 723000.0, 6178300.0 ], [ 722900.0, 6178300.0 ] ] ] } },
{ "type": "Feature", "properties": { "Shape_Area": 10000.0, "Shape_Leng": 400.0, "cluster_id": "101_44", "fid_1": 44.0, "id_munic": 44.0, "munic_clus": "101_44", "munic_code": 101.0, "min": 2.2524158954620361, "max": 2.2524158954620361, "mean": 2.2524158954620361, "count": 1, "std": 0.0, "range": 0.0 }, "geometry": { "type": "Polygon", "coordinates": [ [ [ 722800.0, 6178400.0 ], [ 722800.0, 6178500.0 ], [ 722900.0, 6178500.0 ], [ 722900.0, 6178400.0 ], [ 722800.0, 6178400.0 ] ] ] } },
{ "type": "Feature", "properties": { "Shape_Area": 30000.0, "Shape_Leng": 800.0, "cluster_id": "101_45", "fid_1": 45.0, "id_munic": 45.0, "munic_clus": "101_45", "munic_code": 101.0, "min": 2.9341886043548584, "max": 2.9341886043548584, "mean": 2.9341885248819985, "count": 3, "std": 7.947285984855057e-08, "range": 0.0 }, "geometry": { "type": "Polygon", "coordinates": [ [ [ 722900.0, 6178500.0 ], [ 722900.0, 6178600.0 ], [ 723000.0, 6178600.0 ], [ 723100.0, 6178600.0 ], [ 723100.0, 6178500.0 ], [ 723000.0, 6178500.0 ], [ 723000.0, 6178400.0 ], [ 722900.0, 6178400.0 ], [ 722900.0, 6178500.0 ] ] ] } },
{ "type": "Feature", "properties": { "Shape_Area": 20000.0, "Shape_Leng": 600.0, "cluster_id": "101_46", "fid_1": 46.0, "id_munic": 46.0, "munic_clus": "101_46", "munic_code": 101.0, "min": 3.1146285533905029, "max": 3.1146285533905029, "mean": 3.1146285533905029, "count": 2, "std": 0.0, "range": 0.0 }, "geometry": { "type": "Polygon", "coordinates": [ [ [ 723000.0, 6175400.0 ], [ 723100.0, 6175400.0 ], [ 723200.0, 6175400.0 ], [ 723200.0, 6175300.0 ], [ 723100.0, 6175300.0 ], [ 723000.0, 6175300.0 ], [ 723000.0, 6175400.0 ] ] ] } },
{ "type": "Feature", "properties": { "Shape_Area": 30000.0, "Shape_Leng": 800.0, "cluster_id": "101_47", "fid_1": 47.0, "id_munic": 47.0, "munic_clus": "101_47", "munic_code": 101.0, "min": 2.3898706436157227, "max": 2.3898706436157227, "mean": 2.3898706436157227, "count": 3, "std": 0.0, "range": 0.0 }, "geometry": { "type": "Polygon", "coordinates": [ [ [ 724500.0, 6178300.0 ], [ 724500.0, 6178400.0 ], [ 724600.0, 6178400.0 ], [ 724700.0, 6178400.0 ], [ 724700.0, 6178300.0 ], [ 724600.0, 6178300.0 ], [ 724600.0, 6178200.0 ], [ 724500.0, 6178200.0 ], [ 724500.0, 6178300.0 ] ] ] } },
{ "type": "Feature", "properties": { "Shape_Area": 10000.0, "Shape_Leng": 400.0, "cluster_id": "101_48", "fid_1": 48.0, "id_munic": 48.0, "munic_clus": "101_48", "munic_code": 101.0, "min": 4.0784745216369629, "max": 4.0784745216369629, "mean": 4.0784745216369629, "count": 1, "std": 0.0, "range": 0.0 }, "geometry": { "type": "Polygon", "coordinates": [ [ [ 719600.0, 6177300.0 ], [ 719600.0, 6177400.0 ], [ 719700.0, 6177400.0 ], [ 719700.0, 6177300.0 ], [ 719600.0, 6177300.0 ] ] ] } },
{ "type": "Feature", "properties": { "Shape_Area": 10000.0, "Shape_Leng": 400.0, "cluster_id": "101_49", "fid_1": 49.0, "id_munic": 49.0, "munic_clus": "101_49", "munic_code": 101.0, "min": 2.8448851108551025, "max": 2.8448851108551025, "mean": 2.8448851108551025, "count": 1, "std": 0.0, "range": 0.0 }, "geometry": { "type": "Polygon", "coordinates": [ [ [ 720000.0, 6177200.0 ], [ 720000.0, 6177300.0 ], [ 720100.0, 6177300.0 ], [ 720100.0, 6177200.0 ], [ 720000.0, 6177200.0 ] ] ] } },
{ "type": "Feature", "properties": { "Shape_Area": 20000.0, "Shape_Leng": 600.0, "cluster_id": "101_50", "fid_1": 50.0, "id_munic": 50.0, "munic_clus": "101_50", "munic_code": 101.0, "min": 3.3035662174224854, "max": 3.3035662174224854, "mean": 3.3035662174224854, "count": 2, "std": 0.0, "range": 0.0 }, "geometry": { "type": "Polygon", "coordinates": [ [ [ 719400.0, 6177500.0 ], [ 719500.0, 6177500.0 ], [ 719600.0, 6177500.0 ], [ 719600.0, 6177400.0 ], [ 719500.0, 6177400.0 ], [ 719400.0, 6177400.0 ], [ 719400.0, 6177500.0 ] ] ] } },
{ "type": "Feature", "properties": { "Shape_Area": 20000.0, "Shape_Leng": 600.0, "cluster_id": "101_51", "fid_1": 51.0, "id_munic": 51.0, "munic_clus": "101_51", "munic_code": 101.0, "min": 2.9768414497375488, "max": 2.9768414497375488, "mean": 2.9768414497375488, "count": 2, "std": 0.0, "range": 0.0 }, "geometry": { "type": "Polygon", "coordinates": [ [ [ 722700.0, 6174400.0 ], [ 722700.0, 6174500.0 ], [ 722800.0, 6174500.0 ], [ 722800.0, 6174400.0 ], [ 722800.0, 6174300.0 ], [ 722700.0, 6174300.0 ], [ 722700.0, 6174400.0 ] ] ] } },
{ "type": "Feature", "properties": { "Shape_Area": 30000.0, "Shape_Leng": 800.0, "cluster_id": "101_52", "fid_1": 52.0, "id_munic": 52.0, "munic_clus": "101_52", "munic_code": 101.0, "min": 2.9180276393890381, "max": 2.9180276393890381, "mean": 2.9180275599161782, "count": 3, "std": 7.947285984855057e-08, "range": 0.0 }, "geometry": { "type": "Polygon", "coordinates": [ [ [ 723400.0, 6176500.0 ], [ 723500.0, 6176500.0 ], [ 723500.0, 6176600.0 ], [ 723600.0, 6176600.0 ], [ 723600.0, 6176500.0 ], [ 723600.0, 6176400.0 ], [ 723500.0, 6176400.0 ], [ 723400.0, 6176400.0 ], [ 723400.0, 6176500.0 ] ] ] } },
{ "type": "Feature", "properties": { "Shape_Area": 20000.0, "Shape_Leng": 600.0, "cluster_id": "101_53", "fid_1": 53.0, "id_munic": 53.0, "munic_clus": "101_53", "munic_code": 101.0, "min": 3.7044322490692139, "max": 3.7044322490692139, "mean": 3.7044322490692139, "count": 2, "std": 0.0, "range": 0.0 }, "geometry": { "type": "Polygon", "coordinates": [ [ [ 724600.0, 6175400.0 ], [ 724700.0, 6175400.0 ], [ 724800.0, 6175400.0 ], [ 724800.0, 6175300.0 ], [ 724700.0, 6175300.0 ], [ 724600.0, 6175300.0 ], [ 724600.0, 6175400.0 ] ] ] } },
{ "type": "Feature", "properties": { "Shape_Area": 70000.0, "Shape_Leng": 1400.0, "cluster_id": "101_54", "fid_1": 54.0, "id_munic": 54.0, "munic_clus": "101_54", "munic_code": 101.0, "min": 3.4568476676940918, "max": 3.4568476676940918, "mean": 3.4568475995744978, "count": 7, "std": 6.8119593965576541e-08, "range": 0.0 }, "geometry": { "type": "Polygon", "coordinates": [ [ [ 724400.0, 6175200.0 ], [ 724400.0, 6175300.0 ], [ 724400.0, 6175400.0 ], [ 724500.0, 6175400.0 ], [ 724500.0, 6175500.0 ], [ 724600.0, 6175500.0 ], [ 724700.0, 6175500.0 ], [ 724700.0, 6175400.0 ], [ 724600.0, 6175400.0 ], [ 724600.0, 6175300.0 ], [ 724600.0, 6175200.0 ], [ 724600.0, 6175100.0 ], [ 724500.0, 6175100.0 ], [ 724500.0, 6175200.0 ], [ 724400.0, 6175200.0 ] ] ] } },
{ "type": "Feature", "properties": { "Shape_Area": 40000.0, "Shape_Leng": 1000.0, "cluster_id": "101_55", "fid_1": 55.0, "id_munic": 55.0, "munic_clus": "101_55", "munic_code": 101.0, "min": 3.671109676361084, "max": 3.671109676361084, "mean": 3.671109676361084, "count": 4, "std": 0.0, "range": 0.0 }, "geometry": { "type": "Polygon", "coordinates": [ [ [ 723800.0, 6178700.0 ], [ 723700.0, 6178700.0 ], [ 723700.0, 6178800.0 ], [ 723600.0, 6178800.0 ], [ 723600.0, 6178900.0 ], [ 723700.0, 6178900.0 ], [ 723700.0, 6179000.0 ], [ 723800.0, 6179000.0 ], [ 723800.0, 6178900.0 ], [ 723800.0, 6178800.0 ], [ 723800.0, 6178700.0 ] ] ] } },
{ "type": "Feature", "properties": { "Shape_Area": 50000.0, "Shape_Leng": 1000.0, "cluster_id": "101_56", "fid_1": 56.0, "id_munic": 56.0, "munic_clus": "101_56", "munic_code": 101.0, "min": 2.1474511623382568, "max": 2.1474511623382568, "mean": 2.1474512100219725, "count": 5, "std": 4.7683715642676816e-08, "range": 0.0 }, "geometry": { "type": "Polygon", "coordinates": [ [ [ 725800.0, 6176300.0 ], [ 725700.0, 6176300.0 ], [ 725600.0, 6176300.0 ], [ 725600.0, 6176400.0 ], [ 725500.0, 6176400.0 ], [ 725500.0, 6176500.0 ], [ 725600.0, 6176500.0 ], [ 725700.0, 6176500.0 ], [ 725800.0, 6176500.0 ], [ 725800.0, 6176400.0 ], [ 725800.0, 6176300.0 ] ] ] } },
{ "type": "Feature", "properties": { "Shape_Area": 70000.0, "Shape_Leng": 1200.0, "cluster_id": "101_57", "fid_1": 57.0, "id_munic": 57.0, "munic_clus": "101_57", "munic_code": 101.0, "min": 2.6766080856323242, "max": 2.6766080856323242, "mean": 2.6766079493931363, "count": 7, "std": 1.3623918793115308e-07, "range": 0.0 }, "geometry": { "type": "Polygon", "coordinates": [ [ [ 725900.0, 6176900.0 ], [ 725900.0, 6177000.0 ], [ 726000.0, 6177000.0 ], [ 726100.0, 6177000.0 ], [ 726100.0, 6176900.0 ], [ 726200.0, 6176900.0 ], [ 726200.0, 6176800.0 ], [ 726100.0, 6176800.0 ], [ 726100.0, 6176700.0 ], [ 726000.0, 6176700.0 ], [ 725900.0, 6176700.0 ], [ 725900.0, 6176800.0 ], [ 725900.0, 6176900.0 ] ] ] } },
{ "type": "Feature", "properties": { "Shape_Area": 20000.0, "Shape_Leng": 600.0, "cluster_id": "101_58", "fid_1": 58.0, "id_munic": 58.0, "munic_clus": "101_58", "munic_code": 101.0, "min": 2.5661447048187256, "max": 2.5661447048187256, "mean": 2.5661447048187256, "count": 2, "std": 0.0, "range": 0.0 }, "geometry": { "type": "Polygon", "coordinates": [ [ [ 722600.0, 6174800.0 ], [ 722600.0, 6174900.0 ], [ 722700.0, 6174900.0 ], [ 722700.0, 6174800.0 ], [ 722700.0, 6174700.0 ], [ 722600.0, 6174700.0 ], [ 722600.0, 6174800.0 ] ] ] } },
{ "type": "Feature", "properties": { "Shape_Area": 30000.0, "Shape_Leng": 800.0, "cluster_id": "101_59", "fid_1": 59.0, "id_munic": 59.0, "munic_clus": "101_59", "munic_code": 101.0, "min": 3.551483154296875, "max": 3.551483154296875, "mean": 3.551483154296875, "count": 3, "std": 0.0, "range": 0.0 }, "geometry": { "type": "Polygon", "coordinates": [ [ [ 718200.0, 6179100.0 ], [ 718200.0, 6179200.0 ], [ 718300.0, 6179200.0 ], [ 718400.0, 6179200.0 ], [ 718400.0, 6179100.0 ], [ 718300.0, 6179100.0 ], [ 718300.0, 6179000.0 ], [ 718200.0, 6179000.0 ], [ 718200.0, 6179100.0 ] ] ] } },
{ "type": "Feature", "properties": { "Shape_Area": 50000.0, "Shape_Leng": 1200.0, "cluster_id": "101_60", "fid_1": 60.0, "id_munic": 60.0, "munic_clus": "101_60", "munic_code": 101.0, "min": 3.0541491508483887, "max": 3.0541491508483887, "mean": 3.0541492462158204, "count": 5, "std": 9.5367431729442842e-08, "range": 0.0 }, "geometry": { "type": "Polygon", "coordinates": [ [ [ 718400.0, 6178800.0 ], [ 718300.0, 6178800.0 ], [ 718300.0, 6178900.0 ], [ 718200.0, 6178900.0 ], [ 718100.0, 6178900.0 ], [ 718100.0, 6179000.0 ], [ 718200.0, 6179000.0 ], [ 718300.0, 6179000.0 ], [ 718300.0, 6179100.0 ], [ 718400.0, 6179100.0 ], [ 718400.0, 6179000.0 ], [ 718400.0, 6178900.0 ], [ 718400.0, 6178800.0 ] ] ] } },
{ "type": "Feature", "properties": { "Shape_Area": 80000.0, "Shape_Leng": 1400.0, "cluster_id": "101_61", "fid_1": 61.0, "id_munic": 61.0, "munic_clus": "101_61", "munic_code": 101.0, "min": 3.9030330181121826, "max": 3.9030330181121826, "mean": 3.9030327796936035, "count": 8, "std": 2.384185791015625e-07, "range": 0.0 }, "geometry": { "type": "Polygon", "coordinates": [ [ [ 717500.0, 6178700.0 ], [ 717500.0, 6178800.0 ], [ 717400.0, 6178800.0 ], [ 717400.0, 6178900.0 ], [ 717300.0, 6178900.0 ], [ 717300.0, 6179000.0 ], [ 717400.0, 6179000.0 ], [ 717400.0, 6179100.0 ], [ 717500.0, 6179100.0 ], [ 717600.0, 6179100.0 ], [ 717600.0, 6179000.0 ], [ 717600.0, 6178900.0 ], [ 717600.0, 6178800.0 ], [ 717600.0, 6178700.0 ], [ 717500.0, 6178700.0 ] ] ] } },
{ "type": "Feature", "properties": { "Shape_Area": 30000.0, "Shape_Leng": 800.0, "cluster_id": "101_62", "fid_1": 62.0, "id_munic": 62.0, "munic_clus": "101_62", "munic_code": 101.0, "min": 3.7760748863220215, "max": 3.7760748863220215, "mean": 3.7760747273763022, "count": 3, "std": 1.5894571925301193e-07, "range": 0.0 }, "geometry": { "type": "Polygon", "coordinates": [ [ [ 718000.0, 6178800.0 ], [ 717900.0, 6178800.0 ], [ 717900.0, 6178900.0 ], [ 718000.0, 6178900.0 ], [ 718100.0, 6178900.0 ], [ 718100.0, 6178800.0 ], [ 718100.0, 6178700.0 ], [ 718000.0, 6178700.0 ], [ 718000.0, 6178800.0 ] ] ] } },
{ "type": "Feature", "properties": { "Shape_Area": 60000.0, "Shape_Leng": 1200.0, "cluster_id": "101_63", "fid_1": 63.0, "id_munic": 63.0, "munic_clus": "101_63", "munic_code": 101.0, "min": 2.5768077373504639, "max": 2.5768077373504639, "mean": 2.576807657877604, "count": 6, "std": 7.947285984855057e-08, "range": 0.0 }, "geometry": { "type": "Polygon", "coordinates": [ [ [ 718000.0, 6178400.0 ], [ 718000.0, 6178500.0 ], [ 718000.0, 6178600.0 ], [ 718100.0, 6178600.0 ], [ 718200.0, 6178600.0 ], [ 718200.0, 6178500.0 ], [ 718200.0, 6178400.0 ], [ 718100.0, 6178400.0 ], [ 718100.0, 6178300.0 ], [ 718100.0, 6178200.0 ], [ 718000.0, 6178200.0 ], [ 718000.0, 6178300.0 ], [ 718000.0, 6178400.0 ] ] ] } },
{ "type": "Feature", "properties": { "Shape_Area": 90000.0, "Shape_Leng": 1400.0, "cluster_id": "101_64", "fid_1": 64.0, "id_munic": 64.0, "munic_clus": "101_64", "munic_code": 101.0, "min": 3.1636123657226562, "max": 3.1636123657226562, "mean": 3.1636123657226562, "count": 9, "std": 0.0, "range": 0.0 }, "geometry": { "type": "Polygon", "coordinates": [ [ [ 717700.0, 6178500.0 ], [ 717600.0, 6178500.0 ], [ 717500.0, 6178500.0 ], [ 717400.0, 6178500.0 ], [ 717300.0, 6178500.0 ], [ 717300.0, 6178600.0 ], [ 717300.0, 6178700.0 ], [ 717400.0, 6178700.0 ], [ 717400.0, 6178800.0 ], [ 717500.0, 6178800.0 ], [ 717500.0, 6178700.0 ], [ 717600.0, 6178700.0 ], [ 717700.0, 6178700.0 ], [ 717700.0, 6178600.0 ], [ 717700.0, 6178500.0 ] ] ] } },
{ "type": "Feature", "properties": { "Shape_Area": 100000.0, "Shape_Leng": 1600.0, "cluster_id": "101_65", "fid_1": 65.0, "id_munic": 65.0, "munic_clus": "101_65", "munic_code": 101.0, "min": 3.9676780700683594, "max": 3.9676780700683594, "mean": 3.9676780700683594, "count": 10, "std": 0.0, "range": 0.0 }, "geometry": { "type": "Polygon", "coordinates": [ [ [ 717600.0, 6179000.0 ], [ 717600.0, 6179100.0 ], [ 717600.0, 6179200.0 ], [ 717700.0, 6179200.0 ], [ 717800.0, 6179200.0 ], [ 717800.0, 6179100.0 ], [ 717800.0, 6179000.0 ], [ 717900.0, 6179000.0 ], [ 717900.0, 6178900.0 ], [ 717800.0, 6178900.0 ], [ 717800.0, 6178800.0 ], [ 717700.0, 6178800.0 ], [ 717700.0, 6178700.0 ], [ 717600.0, 6178700.0 ], [ 717600.0, 6178800.0 ], [ 717600.0, 6178900.0 ], [ 717600.0, 6179000.0 ] ] ] } },
{ "type": "Feature", "properties": { "Shape_Area": 210000.0, "Shape_Leng": 2400.0, "cluster_id": "101_66", "fid_1": 66.0, "id_munic": 66.0, "munic_clus": "101_66", "munic_code": 101.0, "min": 3.6724426746368408, "max": 3.6724426746368408, "mean": 3.6724424816313244, "count": 21, "std": 1.9300551645784483e-07, "range": 0.0 }, "geometry": { "type": "Polygon", "coordinates": [ [ [ 717600.0, 6178500.0 ], [ 717700.0, 6178500.0 ], [ 717700.0, 6178600.0 ], [ 717700.0, 6178700.0 ], [ 717700.0, 6178800.0 ], [ 717800.0, 6178800.0 ], [ 717800.0, 6178900.0 ], [ 717900.0, 6178900.0 ], [ 717900.0, 6178800.0 ], [ 718000.0, 6178800.0 ], [ 718000.0, 6178700.0 ], [ 718000.0, 6178600.0 ], [ 718000.0, 6178500.0 ], [ 718000.0, 6178400.0 ], [ 718000.0, 6178300.0 ], [ 718000.0, 6178200.0 ], [ 718000.0, 6178100.0 ], [ 717900.0, 6178100.0 ], [ 717900.0, 6178200.0 ], [ 717800.0, 6178200.0 ], [ 717700.0, 6178200.0 ], [ 717700.0, 6178300.0 ], [ 717700.0, 6178400.0 ], [ 717600.0, 6178400.0 ], [ 717600.0, 6178500.0 ] ] ] } },
{ "type": "Feature", "properties": { "Shape_Area": 40000.0, "Shape_Leng": 800.0, "cluster_id": "101_67", "fid_1": 67.0, "id_munic": 67.0, "munic_clus": "101_67", "munic_code": 101.0, "min": 3.0238261222839355, "max": 3.0238261222839355, "mean": 3.0238261222839355, "count": 4, "std": 0.0, "range": 0.0 }, "geometry": { "type": "Polygon", "coordinates": [ [ [ 718300.0, 6178200.0 ], [ 718200.0, 6178200.0 ], [ 718100.0, 6178200.0 ], [ 718100.0, 6178300.0 ], [ 718100.0, 6178400.0 ], [ 718200.0, 6178400.0 ], [ 718300.0, 6178400.0 ], [ 718300.0, 6178300.0 ], [ 718300.0, 6178200.0 ] ] ] } },
{ "type": "Feature", "properties": { "Shape_Area": 110000.0, "Shape_Leng": 1600.0, "cluster_id": "101_68", "fid_1": 68.0, "id_munic": 68.0, "munic_clus": "101_68", "munic_code": 101.0, "min": 3.1382877826690674, "max": 3.1382877826690674, "mean": 3.1382876309481533, "count": 11, "std": 1.5172091405446508e-07, "range": 0.0 }, "geometry": { "type": "Polygon", "coordinates": [ [ [ 718200.0, 6178500.0 ], [ 718200.0, 6178600.0 ], [ 718100.0, 6178600.0 ], [ 718000.0, 6178600.0 ], [ 718000.0, 6178700.0 ], [ 718100.0, 6178700.0 ], [ 718100.0, 6178800.0 ], [ 718100.0, 6178900.0 ], [ 718200.0, 6178900.0 ], [ 718300.0, 6178900.0 ], [ 718300.0, 6178800.0 ], [ 718400.0, 6178800.0 ], [ 718400.0, 6178700.0 ], [ 718400.0, 6178600.0 ], [ 718400.0, 6178500.0 ], [ 718300.0, 6178500.0 ], [ 718200.0, 6178500.0 ] ] ] } },
{ "type": "Feature", "properties": { "Shape_Area": 80000.0, "Shape_Leng": 1200.0, "cluster_id": "101_69", "fid_1": 69.0, "id_munic": 69.0, "munic_clus": "101_69", "munic_code": 101.0, "min": 4.0524821281433105, "max": 4.0524821281433105, "mean": 4.0524821281433105, "count": 8, "std": 0.0, "range": 0.0 }, "geometry": { "type": "Polygon", "coordinates": [ [ [ 717200.0, 6178600.0 ], [ 717100.0, 6178600.0 ], [ 717100.0, 6178700.0 ], [ 717100.0, 6178800.0 ], [ 717100.0, 6178900.0 ], [ 717200.0, 6178900.0 ], [ 717300.0, 6178900.0 ], [ 717400.0, 6178900.0 ], [ 717400.0, 6178800.0 ], [ 717400.0, 6178700.0 ], [ 717300.0, 6178700.0 ], [ 717300.0, 6178600.0 ], [ 717200.0, 6178600.0 ] ] ] } },
{ "type": "Feature", "properties": { "Shape_Area": 100000.0, "Shape_Leng": 1400.0, "cluster_id": "101_70", "fid_1": 70.0, "id_munic": 70.0, "munic_clus": "101_70", "munic_code": 101.0, "min": 3.1227924823760986, "max": 3.1227924823760986, "mean": 3.1227928161621095, "count": 10, "std": 3.3378601083100534e-07, "range": 0.0 }, "geometry": { "type": "Polygon", "coordinates": [ [ [ 718400.0, 6178100.0 ], [ 718400.0, 6178200.0 ], [ 718400.0, 6178300.0 ], [ 718400.0, 6178400.0 ], [ 718400.0, 6178500.0 ], [ 718500.0, 6178500.0 ], [ 718600.0, 6178500.0 ], [ 718600.0, 6178400.0 ], [ 718600.0, 6178300.0 ], [ 718700.0, 6178300.0 ], [ 718700.0, 6178200.0 ], [ 718700.0, 6178100.0 ], [ 718600.0, 6178100.0 ], [ 718500.0, 6178100.0 ], [ 718400.0, 6178100.0 ] ] ] } },
{ "type": "Feature", "properties": { "Shape_Area": 30000.0, "Shape_Leng": 800.0, "cluster_id": "101_71", "fid_1": 71.0, "id_munic": 71.0, "munic_clus": "101_71", "munic_code": 101.0, "min": 2.6003000736236572, "max": 2.6003000736236572, "mean": 2.6003001530965171, "count": 3, "std": 7.947285984855057e-08, "range": 0.0 }, "geometry": { "type": "Polygon", "coordinates": [ [ [ 718100.0, 6179400.0 ], [ 718100.0, 6179500.0 ], [ 718200.0, 6179500.0 ], [ 718200.0, 6179400.0 ], [ 718300.0, 6179400.0 ], [ 718300.0, 6179300.0 ], [ 718200.0, 6179300.0 ], [ 718100.0, 6179300.0 ], [ 718100.0, 6179400.0 ] ] ] } },
{ "type": "Feature", "properties": { "Shape_Area": 30000.0, "Shape_Leng": 800.0, "cluster_id": "101_72", "fid_1": 72.0, "id_munic": 72.0, "munic_clus": "101_72", "munic_code": 101.0, "min": 2.5241589546203613, "max": 2.5241589546203613, "mean": 2.5241589546203613, "count": 3, "std": 0.0, "range": 0.0 }, "geometry": { "type": "Polygon", "coordinates": [ [ [ 718200.0, 6179300.0 ], [ 718300.0, 6179300.0 ], [ 718300.0, 6179400.0 ], [ 718400.0, 6179400.0 ], [ 718400.0, 6179300.0 ], [ 718400.0, 6179200.0 ], [ 718300.0, 6179200.0 ], [ 718200.0, 6179200.0 ], [ 718200.0, 6179300.0 ] ] ] } },
{ "type": "Feature", "properties": { "Shape_Area": 60000.0, "Shape_Leng": 1000.0, "cluster_id": "101_73", "fid_1": 73.0, "id_munic": 73.0, "munic_clus": "101_73", "munic_code": 101.0, "min": 3.83622145652771, "max": 3.83622145652771, "mean": 3.8362213770548501, "count": 6, "std": 7.947285984855057e-08, "range": 0.0 }, "geometry": { "type": "Polygon", "coordinates": [ [ [ 718400.0, 6178700.0 ], [ 718400.0, 6178800.0 ], [ 718500.0, 6178800.0 ], [ 718600.0, 6178800.0 ], [ 718600.0, 6178700.0 ], [ 718600.0, 6178600.0 ], [ 718600.0, 6178500.0 ], [ 718500.0, 6178500.0 ], [ 718400.0, 6178500.0 ], [ 718400.0, 6178600.0 ], [ 718400.0, 6178700.0 ] ] ] } },
{ "type": "Feature", "properties": { "Shape_Area": 20000.0, "Shape_Leng": 600.0, "cluster_id": "101_74", "fid_1": 74.0, "id_munic": 74.0, "munic_clus": "101_74", "munic_code": 101.0, "min": 3.3578810691833496, "max": 3.3578810691833496, "mean": 3.3578810691833496, "count": 2, "std": 0.0, "range": 0.0 }, "geometry": { "type": "Polygon", "coordinates": [ [ [ 719400.0, 6177600.0 ], [ 719500.0, 6177600.0 ], [ 719600.0, 6177600.0 ], [ 719600.0, 6177500.0 ], [ 719500.0, 6177500.0 ], [ 719400.0, 6177500.0 ], [ 719400.0, 6177600.0 ] ] ] } },
{ "type": "Feature", "properties": { "Shape_Area": 60000.0, "Shape_Leng": 1000.0, "cluster_id": "101_75", "fid_1": 75.0, "id_munic": 75.0, "munic_clus": "101_75", "munic_code": 101.0, "min": 3.4386868476867676, "max": 3.4386868476867676, "mean": 3.4386866887410483, "count": 6, "std": 1.5894571925301193e-07, "range": 0.0 }, "geometry": { "type": "Polygon", "coordinates": [ [ [ 719200.0, 6177600.0 ], [ 719200.0, 6177700.0 ], [ 719300.0, 6177700.0 ], [ 719400.0, 6177700.0 ], [ 719400.0, 6177600.0 ], [ 719400.0, 6177500.0 ], [ 719400.0, 6177400.0 ], [ 719300.0, 6177400.0 ], [ 719200.0, 6177400.0 ], [ 719200.0, 6177500.0 ], [ 719200.0, 6177600.0 ] ] ] } },
{ "type": "Feature", "properties": { "Shape_Area": 60000.0, "Shape_Leng": 1200.0, "cluster_id": "101_76", "fid_1": 76.0, "id_munic": 76.0, "munic_clus": "101_76", "munic_code": 101.0, "min": 3.8618800640106201, "max": 3.8618800640106201, "mean": 3.8618799845377603, "count": 6, "std": 7.947285984855057e-08, "range": 0.0 }, "geometry": { "type": "Polygon", "coordinates": [ [ [ 718700.0, 6177300.0 ], [ 718700.0, 6177400.0 ], [ 718700.0, 6177500.0 ], [ 718700.0, 6177600.0 ], [ 718800.0, 6177600.0 ], [ 718800.0, 6177500.0 ], [ 718900.0, 6177500.0 ], [ 718900.0, 6177400.0 ], [ 718900.0, 6177300.0 ], [ 718900.0, 6177200.0 ], [ 718800.0, 6177200.0 ], [ 718800.0, 6177300.0 ], [ 718700.0, 6177300.0 ] ] ] } },
{ "type": "Feature", "properties": { "Shape_Area": 90000.0, "Shape_Leng": 1400.0, "cluster_id": "101_77", "fid_1": 77.0, "id_munic": 77.0, "munic_clus": "101_77", "munic_code": 101.0, "min": 3.9728429317474365, "max": 3.9728429317474365, "mean": 3.9728427463107638, "count": 9, "std": 1.8543667268389186e-07, "range": 0.0 }, "geometry": { "type": "Polygon", "coordinates": [ [ [ 719100.0, 6177600.0 ], [ 719000.0, 6177600.0 ], [ 718900.0, 6177600.0 ], [ 718800.0, 6177600.0 ], [ 718800.0, 6177700.0 ], [ 718800.0, 6177800.0 ], [ 718900.0, 6177800.0 ], [ 718900.0, 6177900.0 ], [ 719000.0, 6177900.0 ], [ 719100.0, 6177900.0 ], [ 719100.0, 6177800.0 ], [ 719200.0, 6177800.0 ], [ 719200.0, 6177700.0 ], [ 719100.0, 6177700.0 ], [ 719100.0, 6177600.0 ] ] ] } },
{ "type": "Feature", "properties": { "Shape_Area": 10000.0, "Shape_Leng": 400.0, "cluster_id": "101_78", "fid_1": 78.0, "id_munic": 78.0, "munic_clus": "101_78", "munic_code": 101.0, "min": 3.0679783821105957, "max": 3.0679783821105957, "mean": 3.0679783821105957, "count": 1, "std": 0.0, "range": 0.0 }, "geometry": { "type": "Polygon", "coordinates": [ [ [ 718800.0, 6177800.0 ], [ 718800.0, 6177900.0 ], [ 718900.0, 6177900.0 ], [ 718900.0, 6177800.0 ], [ 718800.0, 6177800.0 ] ] ] } },
{ "type": "Feature", "properties": { "Shape_Area": 100000.0, "Shape_Leng": 1600.0, "cluster_id": "101_79", "fid_1": 79.0, "id_munic": 79.0, "munic_clus": "101_79", "munic_code": 101.0, "min": 2.469010591506958, "max": 2.469010591506958, "mean": 2.4690105438232424, "count": 10, "std": 4.7683715642676816e-08, "range": 0.0 }, "geometry": { "type": "Polygon", "coordinates": [ [ [ 719000.0, 6177300.0 ], [ 718900.0, 6177300.0 ], [ 718900.0, 6177400.0 ], [ 718900.0, 6177500.0 ], [ 718800.0, 6177500.0 ], [ 718800.0, 6177600.0 ], [ 718900.0, 6177600.0 ], [ 719000.0, 6177600.0 ], [ 719100.0, 6177600.0 ], [ 719100.0, 6177700.0 ], [ 719200.0, 6177700.0 ], [ 719200.0, 6177600.0 ], [ 719200.0, 6177500.0 ], [ 719200.0, 6177400.0 ], [ 719100.0, 6177400.0 ], [ 719100.0, 6177300.0 ], [ 719000.0, 6177300.0 ] ] ] } },
{ "type": "Feature", "properties": { "Shape_Area": 10000.0, "Shape_Leng": 400.0, "cluster_id": "101_80", "fid_1": 80.0, "id_munic": 80.0, "munic_clus": "101_80", "munic_code": 101.0, "min": 3.018993616104126, "max": 3.018993616104126, "mean": 3.018993616104126, "count": 1, "std": 0.0, "range": 0.0 }, "geometry": { "type": "Polygon", "coordinates": [ [ [ 718700.0, 6177800.0 ], [ 718700.0, 6177900.0 ], [ 718800.0, 6177900.0 ], [ 718800.0, 6177800.0 ], [ 718700.0, 6177800.0 ] ] ] } },
{ "type": "Feature", "properties": { "Shape_Area": 40000.0, "Shape_Leng": 1000.0, "cluster_id": "101_81", "fid_1": 81.0, "id_munic": 81.0, "munic_clus": "101_81", "munic_code": 101.0, "min": 2.6189603805541992, "max": 2.6189603805541992, "mean": 2.6189603805541992, "count": 4, "std": 0.0, "range": 0.0 }, "geometry": { "type": "Polygon", "coordinates": [ [ [ 718800.0, 6177600.0 ], [ 718700.0, 6177600.0 ], [ 718700.0, 6177700.0 ], [ 718600.0, 6177700.0 ], [ 718600.0, 6177800.0 ], [ 718600.0, 6177900.0 ], [ 718700.0, 6177900.0 ], [ 718700.0, 6177800.0 ], [ 718800.0, 6177800.0 ], [ 718800.0, 6177700.0 ], [ 718800.0, 6177600.0 ] ] ] } },
{ "type": "Feature", "properties": { "Shape_Area": 10000.0, "Shape_Leng": 400.0, "cluster_id": "101_82", "fid_1": 82.0, "id_munic": 82.0, "munic_clus": "101_82", "munic_code": 101.0, "min": 2.7730755805969238, "max": 2.7730755805969238, "mean": 2.7730755805969238, "count": 1, "std": 0.0, "range": 0.0 }, "geometry": { "type": "Polygon", "coordinates": [ [ [ 724000.0, 6175100.0 ], [ 724000.0, 6175200.0 ], [ 724100.0, 6175200.0 ], [ 724100.0, 6175100.0 ], [ 724000.0, 6175100.0 ] ] ] } },
{ "type": "Feature", "properties": { "Shape_Area": 20000.0, "Shape_Leng": 600.0, "cluster_id": "101_83", "fid_1": 83.0, "id_munic": 83.0, "munic_clus": "101_83", "munic_code": 101.0, "min": 3.3758752346038818, "max": 3.3758752346038818, "mean": 3.3758752346038818, "count": 2, "std": 0.0, "range": 0.0 }, "geometry": { "type": "Polygon", "coordinates": [ [ [ 724000.0, 6175300.0 ], [ 724000.0, 6175400.0 ], [ 724100.0, 6175400.0 ], [ 724100.0, 6175300.0 ], [ 724100.0, 6175200.0 ], [ 724000.0, 6175200.0 ], [ 724000.0, 6175300.0 ] ] ] } },
{ "type": "Feature", "properties": { "Shape_Area": 200000.0, "Shape_Leng": 2400.0, "cluster_id": "101_84", "fid_1": 84.0, "id_munic": 84.0, "munic_clus": "101_84", "munic_code": 101.0, "min": 3.0123298168182373, "max": 3.0123298168182373, "mean": 3.0123298645019529, "count": 20, "std": 4.7683715642676816e-08, "range": 0.0 }, "geometry": { "type": "Polygon", "coordinates": [ [ [ 724000.0, 6175400.0 ], [ 724000.0, 6175500.0 ], [ 724000.0, 6175600.0 ], [ 724100.0, 6175600.0 ], [ 724200.0, 6175600.0 ], [ 724200.0, 6175700.0 ], [ 724300.0, 6175700.0 ], [ 724400.0, 6175700.0 ], [ 724500.0, 6175700.0 ], [ 724500.0, 6175600.0 ], [ 724600.0, 6175600.0 ], [ 724600.0, 6175500.0 ], [ 724500.0, 6175500.0 ], [ 724500.0, 6175400.0 ], [ 724400.0, 6175400.0 ], [ 724400.0, 6175300.0 ], [ 724300.0, 6175300.0 ], [ 724300.0, 6175200.0 ], [ 724200.0, 6175200.0 ], [ 724200.0, 6175100.0 ], [ 724100.0, 6175100.0 ], [ 724100.0, 6175200.0 ], [ 724100.0, 6175300.0 ], [ 724100.0, 6175400.0 ], [ 724000.0, 6175400.0 ] ] ] } },
{ "type": "Feature", "properties": { "Shape_Area": 10000.0, "Shape_Leng": 400.0, "cluster_id": "101_85", "fid_1": 85.0, "id_munic": 85.0, "munic_clus": "101_85", "munic_code": 101.0, "min": 3.3075642585754395, "max": 3.3075642585754395, "mean": 3.3075642585754395, "count": 1, "std": 0.0, "range": 0.0 }, "geometry": { "type": "Polygon", "coordinates": [ [ [ 723900.0, 6175200.0 ], [ 723900.0, 6175300.0 ], [ 724000.0, 6175300.0 ], [ 724000.0, 6175200.0 ], [ 723900.0, 6175200.0 ] ] ] } },
{ "type": "Feature", "properties": { "Shape_Area": 20000.0, "Shape_Leng": 600.0, "cluster_id": "101_86", "fid_1": 86.0, "id_munic": 86.0, "munic_clus": "101_86", "munic_code": 101.0, "min": 3.0716433525085449, "max": 3.0716433525085449, "mean": 3.0716433525085449, "count": 2, "std": 0.0, "range": 0.0 }, "geometry": { "type": "Polygon", "coordinates": [ [ [ 723700.0, 6175200.0 ], [ 723800.0, 6175200.0 ], [ 723900.0, 6175200.0 ], [ 723900.0, 6175100.0 ], [ 723800.0, 6175100.0 ], [ 723700.0, 6175100.0 ], [ 723700.0, 6175200.0 ] ] ] } },
{ "type": "Feature", "properties": { "Shape_Area": 10000.0, "Shape_Leng": 400.0, "cluster_id": "101_89", "fid_1": 89.0, "id_munic": 89.0, "munic_clus": "101_89", "munic_code": 101.0, "min": 2.7747421264648438, "max": 2.7747421264648438, "mean": 2.7747421264648438, "count": 1, "std": 0.0, "range": 0.0 }, "geometry": { "type": "Polygon", "coordinates": [ [ [ 722000.0, 6172600.0 ], [ 722000.0, 6172700.0 ], [ 722100.0, 6172700.0 ], [ 722100.0, 6172600.0 ], [ 722000.0, 6172600.0 ] ] ] } },
{ "type": "Feature", "properties": { "Shape_Area": 50000.0, "Shape_Leng": 1200.0, "cluster_id": "101_90", "fid_1": 90.0, "id_munic": 90.0, "munic_clus": "101_90", "munic_code": 101.0, "min": 4.964512825012207, "max": 4.964512825012207, "mean": 4.9645126342773436, "count": 5, "std": 1.9073486345888568e-07, "range": 0.0 }, "geometry": { "type": "Polygon", "coordinates": [ [ [ 721800.0, 6172600.0 ], [ 721700.0, 6172600.0 ], [ 721700.0, 6172700.0 ], [ 721600.0, 6172700.0 ], [ 721600.0, 6172800.0 ], [ 721700.0, 6172800.0 ], [ 721800.0, 6172800.0 ], [ 721900.0, 6172800.0 ], [ 722000.0, 6172800.0 ], [ 722000.0, 6172700.0 ], [ 721900.0, 6172700.0 ], [ 721800.0, 6172700.0 ], [ 721800.0, 6172600.0 ] ] ] } },
{ "type": "Feature", "properties": { "Shape_Area": 10000.0, "Shape_Leng": 400.0, "cluster_id": "101_91", "fid_1": 91.0, "id_munic": 91.0, "munic_clus": "101_91", "munic_code": 101.0, "min": 3.645618200302124, "max": 3.645618200302124, "mean": 3.645618200302124, "count": 1, "std": 0.0, "range": 0.0 }, "geometry": { "type": "Polygon", "coordinates": [ [ [ 721700.0, 6172400.0 ], [ 721700.0, 6172500.0 ], [ 721800.0, 6172500.0 ], [ 721800.0, 6172400.0 ], [ 721700.0, 6172400.0 ] ] ] } },
{ "type": "Feature", "properties": { "Shape_Area": 10000.0, "Shape_Leng": 400.0, "cluster_id": "101_92", "fid_1": 92.0, "id_munic": 92.0, "munic_clus": "101_92", "munic_code": 101.0, "min": 2.9083640575408936, "max": 2.9083640575408936, "mean": 2.9083640575408936, "count": 1, "std": 0.0, "range": 0.0 }, "geometry": { "type": "Polygon", "coordinates": [ [ [ 721800.0, 6172500.0 ], [ 721800.0, 6172600.0 ], [ 721900.0, 6172600.0 ], [ 721900.0, 6172500.0 ], [ 721800.0, 6172500.0 ] ] ] } },
{ "type": "Feature", "properties": { "Shape_Area": 10000.0, "Shape_Leng": 400.0, "cluster_id": "101_93", "fid_1": 93.0, "id_munic": 93.0, "munic_clus": "101_93", "munic_code": 101.0, "min": 2.8332223892211914, "max": 2.8332223892211914, "mean": 2.8332223892211914, "count": 1, "std": 0.0, "range": 0.0 }, "geometry": { "type": "Polygon", "coordinates": [ [ [ 722000.0, 6172500.0 ], [ 722000.0, 6172600.0 ], [ 722100.0, 6172600.0 ], [ 722100.0, 6172500.0 ], [ 722000.0, 6172500.0 ] ] ] } },
{ "type": "Feature", "properties": { "Shape_Area": 50000.0, "Shape_Leng": 1000.0, "cluster_id": "101_94", "fid_1": 94.0, "id_munic": 94.0, "munic_clus": "101_94", "munic_code": 101.0, "min": 2.1997671127319336, "max": 2.1997671127319336, "mean": 2.1997671127319336, "count": 5, "std": 0.0, "range": 0.0 }, "geometry": { "type": "Polygon", "coordinates": [ [ [ 721700.0, 6172000.0 ], [ 721700.0, 6172100.0 ], [ 721800.0, 6172100.0 ], [ 721900.0, 6172100.0 ], [ 721900.0, 6172000.0 ], [ 721900.0, 6171900.0 ], [ 721800.0, 6171900.0 ], [ 721800.0, 6171800.0 ], [ 721700.0, 6171800.0 ], [ 721700.0, 6171900.0 ], [ 721700.0, 6172000.0 ] ] ] } },
{ "type": "Feature", "properties": { "Shape_Area": 10000.0, "Shape_Leng": 400.0, "cluster_id": "101_95", "fid_1": 95.0, "id_munic": 95.0, "munic_clus": "101_95", "munic_code": 101.0, "min": 2.3990340232849121, "max": 2.3990340232849121, "mean": 2.3990340232849121, "count": 1, "std": 0.0, "range": 0.0 }, "geometry": { "type": "Polygon", "coordinates": [ [ [ 721900.0, 6172600.0 ], [ 721900.0, 6172700.0 ], [ 722000.0, 6172700.0 ], [ 722000.0, 6172600.0 ], [ 721900.0, 6172600.0 ] ] ] } },
{ "type": "Feature", "properties": { "Shape_Area": 10000.0, "Shape_Leng": 400.0, "cluster_id": "101_96", "fid_1": 96.0, "id_munic": 96.0, "munic_clus": "101_96", "munic_code": 101.0, "min": 2.8713762760162354, "max": 2.8713762760162354, "mean": 2.8713762760162354, "count": 1, "std": 0.0, "range": 0.0 }, "geometry": { "type": "Polygon", "coordinates": [ [ [ 721800.0, 6172300.0 ], [ 721800.0, 6172400.0 ], [ 721900.0, 6172400.0 ], [ 721900.0, 6172300.0 ], [ 721800.0, 6172300.0 ] ] ] } },
{ "type": "Feature", "properties": { "Shape_Area": 10000.0, "Shape_Leng": 400.0, "cluster_id": "101_97", "fid_1": 97.0, "id_munic": 97.0, "munic_clus": "101_97", "munic_code": 101.0, "min": 3.1886041164398193, "max": 3.1886041164398193, "mean": 3.1886041164398193, "count": 1, "std": 0.0, "range": 0.0 }, "geometry": { "type": "Polygon", "coordinates": [ [ [ 721900.0, 6172500.0 ], [ 721900.0, 6172600.0 ], [ 722000.0, 6172600.0 ], [ 722000.0, 6172500.0 ], [ 721900.0, 6172500.0 ] ] ] } },
{ "type": "Feature", "properties": { "Shape_Area": 10000.0, "Shape_Leng": 400.0, "cluster_id": "101_98", "fid_1": 98.0, "id_munic": 98.0, "munic_clus": "101_98", "munic_code": 101.0, "min": 2.3667113780975342, "max": 2.3667113780975342, "mean": 2.3667113780975342, "count": 1, "std": 0.0, "range": 0.0 }, "geometry": { "type": "Polygon", "coordinates": [ [ [ 721900.0, 6172300.0 ], [ 721900.0, 6172400.0 ], [ 722000.0, 6172400.0 ], [ 722000.0, 6172300.0 ], [ 721900.0, 6172300.0 ] ] ] } },
{ "type": "Feature", "properties": { "Shape_Area": 130000.0, "Shape_Leng": 1800.0, "cluster_id": "101_99", "fid_1": 99.0, "id_munic": 99.0, "munic_clus": "101_99", "munic_code": 101.0, "min": 4.3345565795898438, "max": 4.3345565795898438, "mean": 4.3345565795898438, "count": 13, "std": 0.0, "range": 0.0 }, "geometry": { "type": "Polygon", "coordinates": [ [ [ 722000.0, 6172100.0 ], [ 721900.0, 6172100.0 ], [ 721800.0, 6172100.0 ], [ 721700.0, 6172100.0 ], [ 721700.0, 6172200.0 ], [ 721700.0, 6172300.0 ], [ 721800.0, 6172300.0 ], [ 721900.0, 6172300.0 ], [ 722000.0, 6172300.0 ], [ 722000.0, 6172400.0 ], [ 722000.0, 6172500.0 ], [ 722100.0, 6172500.0 ], [ 722100.0, 6172400.0 ], [ 722200.0, 6172400.0 ], [ 722200.0, 6172300.0 ], [ 722200.0, 6172200.0 ], [ 722200.0, 6172100.0 ], [ 722100.0, 6172100.0 ], [ 722000.0, 6172100.0 ] ] ] } },
{ "type": "Feature", "properties": { "Shape_Area": 20000.0, "Shape_Leng": 600.0, "cluster_id": "101_100", "fid_1": 100.0, "id_munic": 100.0, "munic_clus": "101_100", "munic_code": 101.0, "min": 3.4231927394866943, "max": 3.4231927394866943, "mean": 3.4231927394866943, "count": 2, "std": 0.0, "range": 0.0 }, "geometry": { "type": "Polygon", "coordinates": [ [ [ 722500.0, 6172900.0 ], [ 722500.0, 6173000.0 ], [ 722600.0, 6173000.0 ], [ 722600.0, 6172900.0 ], [ 722600.0, 6172800.0 ], [ 722500.0, 6172800.0 ], [ 722500.0, 6172900.0 ] ] ] } },
{ "type": "Feature", "properties": { "Shape_Area": 20000.0, "Shape_Leng": 600.0, "cluster_id": "101_101", "fid_1": 101.0, "id_munic": 101.0, "munic_clus": "101_101", "munic_code": 101.0, "min": 3.0071642398834229, "max": 3.0071642398834229, "mean": 3.0071642398834229, "count": 2, "std": 0.0, "range": 0.0 }, "geometry": { "type": "Polygon", "coordinates": [ [ [ 722600.0, 6175000.0 ], [ 722600.0, 6175100.0 ], [ 722700.0, 6175100.0 ], [ 722700.0, 6175000.0 ], [ 722700.0, 6174900.0 ], [ 722600.0, 6174900.0 ], [ 722600.0, 6175000.0 ] ] ] } },
{ "type": "Feature", "properties": { "Shape_Area": 20000.0, "Shape_Leng": 600.0, "cluster_id": "101_102", "fid_1": 102.0, "id_munic": 102.0, "munic_clus": "101_102", "munic_code": 101.0, "min": 2.8330557346343994, "max": 2.8330557346343994, "mean": 2.8330557346343994, "count": 2, "std": 0.0, "range": 0.0 }, "geometry": { "type": "Polygon", "coordinates": [ [ [ 721800.0, 6172500.0 ], [ 721900.0, 6172500.0 ], [ 722000.0, 6172500.0 ], [ 722000.0, 6172400.0 ], [ 721900.0, 6172400.0 ], [ 721800.0, 6172400.0 ], [ 721800.0, 6172500.0 ] ] ] } },
{ "type": "Feature", "properties": { "Shape_Area": 20000.0, "Shape_Leng": 600.0, "cluster_id": "101_103", "fid_1": 103.0, "id_munic": 103.0, "munic_clus": "101_103", "munic_code": 101.0, "min": 3.526824951171875, "max": 3.526824951171875, "mean": 3.526824951171875, "count": 2, "std": 0.0, "range": 0.0 }, "geometry": { "type": "Polygon", "coordinates": [ [ [ 721600.0, 6172600.0 ], [ 721600.0, 6172700.0 ], [ 721700.0, 6172700.0 ], [ 721700.0, 6172600.0 ], [ 721700.0, 6172500.0 ], [ 721600.0, 6172500.0 ], [ 721600.0, 6172600.0 ] ] ] } },
{ "type": "Feature", "properties": { "Shape_Area": 10000.0, "Shape_Leng": 400.0, "cluster_id": "101_104", "fid_1": 104.0, "id_munic": 104.0, "munic_clus": "101_104", "munic_code": 101.0, "min": 2.9290237426757812, "max": 2.9290237426757812, "mean": 2.9290237426757812, "count": 1, "std": 0.0, "range": 0.0 }, "geometry": { "type": "Polygon", "coordinates": [ [ [ 721700.0, 6172500.0 ], [ 721700.0, 6172600.0 ], [ 721800.0, 6172600.0 ], [ 721800.0, 6172500.0 ], [ 721700.0, 6172500.0 ] ] ] } },
{ "type": "Feature", "properties": { "Shape_Area": 10000.0, "Shape_Leng": 400.0, "cluster_id": "101_105", "fid_1": 105.0, "id_munic": 105.0, "munic_clus": "101_105", "munic_code": 101.0, "min": 3.2014334201812744, "max": 3.2014334201812744, "mean": 3.2014334201812744, "count": 1, "std": 0.0, "range": 0.0 }, "geometry": { "type": "Polygon", "coordinates": [ [ [ 721800.0, 6172600.0 ], [ 721800.0, 6172700.0 ], [ 721900.0, 6172700.0 ], [ 721900.0, 6172600.0 ], [ 721800.0, 6172600.0 ] ] ] } },
{ "type": "Feature", "properties": { "Shape_Area": 20000.0, "Shape_Leng": 600.0, "cluster_id": "101_106", "fid_1": 106.0, "id_munic": 106.0, "munic_clus": "101_106", "munic_code": 101.0, "min": 3.7262585163116455, "max": 3.7262585163116455, "mean": 3.7262585163116455, "count": 2, "std": 0.0, "range": 0.0 }, "geometry": { "type": "Polygon", "coordinates": [ [ [ 722100.0, 6172500.0 ], [ 722100.0, 6172600.0 ], [ 722200.0, 6172600.0 ], [ 722200.0, 6172500.0 ], [ 722200.0, 6172400.0 ], [ 722100.0, 6172400.0 ], [ 722100.0, 6172500.0 ] ] ] } },
{ "type": "Feature", "properties": { "Shape_Area": 30000.0, "Shape_Leng": 800.0, "cluster_id": "101_107", "fid_1": 107.0, "id_munic": 107.0, "munic_clus": "101_107", "munic_code": 101.0, "min": 3.133622407913208, "max": 3.133622407913208, "mean": 3.1336224873860679, "count": 3, "std": 7.947285984855057e-08, "range": 0.0 }, "geometry": { "type": "Polygon", "coordinates": [ [ [ 722400.0, 6172600.0 ], [ 722300.0, 6172600.0 ], [ 722300.0, 6172700.0 ], [ 722400.0, 6172700.0 ], [ 722500.0, 6172700.0 ], [ 722500.0, 6172600.0 ], [ 722500.0, 6172500.0 ], [ 722400.0, 6172500.0 ], [ 722400.0, 6172600.0 ] ] ] } },
{ "type": "Feature", "properties": { "Shape_Area": 10000.0, "Shape_Leng": 400.0, "cluster_id": "101_108", "fid_1": 108.0, "id_munic": 108.0, "munic_clus": "101_108", "munic_code": 101.0, "min": 2.7185940742492676, "max": 2.7185940742492676, "mean": 2.7185940742492676, "count": 1, "std": 0.0, "range": 0.0 }, "geometry": { "type": "Polygon", "coordinates": [ [ [ 722400.0, 6172700.0 ], [ 722400.0, 6172800.0 ], [ 722500.0, 6172800.0 ], [ 722500.0, 6172700.0 ], [ 722400.0, 6172700.0 ] ] ] } },
{ "type": "Feature", "properties": { "Shape_Area": 70000.0, "Shape_Leng": 1200.0, "cluster_id": "101_109", "fid_1": 109.0, "id_munic": 109.0, "munic_clus": "101_109", "munic_code": 101.0, "min": 2.7797403335571289, "max": 2.7797403335571289, "mean": 2.7797404697963168, "count": 7, "std": 1.3623918793115308e-07, "range": 0.0 }, "geometry": { "type": "Polygon", "coordinates": [ [ [ 722500.0, 6172300.0 ], [ 722500.0, 6172200.0 ], [ 722400.0, 6172200.0 ], [ 722300.0, 6172200.0 ], [ 722200.0, 6172200.0 ], [ 722200.0, 6172300.0 ], [ 722200.0, 6172400.0 ], [ 722200.0, 6172500.0 ], [ 722300.0, 6172500.0 ], [ 722400.0, 6172500.0 ], [ 722400.0, 6172400.0 ], [ 722400.0, 6172300.0 ], [ 722500.0, 6172300.0 ] ] ] } },
{ "type": "Feature", "properties": { "Shape_Area": 20000.0, "Shape_Leng": 600.0, "cluster_id": "101_110", "fid_1": 110.0, "id_munic": 110.0, "munic_clus": "101_110", "munic_code": 101.0, "min": 3.0378208160400391, "max": 3.0378208160400391, "mean": 3.0378208160400391, "count": 2, "std": 0.0, "range": 0.0 }, "geometry": { "type": "Polygon", "coordinates": [ [ [ 722200.0, 6172600.0 ], [ 722300.0, 6172600.0 ], [ 722400.0, 6172600.0 ], [ 722400.0, 6172500.0 ], [ 722300.0, 6172500.0 ], [ 722200.0, 6172500.0 ], [ 722200.0, 6172600.0 ] ] ] } },
{ "type": "Feature", "properties": { "Shape_Area": 10000.0, "Shape_Leng": 400.0, "cluster_id": "101_111", "fid_1": 111.0, "id_munic": 111.0, "munic_clus": "101_111", "munic_code": 101.0, "min": 3.3495502471923828, "max": 3.3495502471923828, "mean": 3.3495502471923828, "count": 1, "std": 0.0, "range": 0.0 }, "geometry": { "type": "Polygon", "coordinates": [ [ [ 724300.0, 6176800.0 ], [ 724300.0, 6176900.0 ], [ 724400.0, 6176900.0 ], [ 724400.0, 6176800.0 ], [ 724300.0, 6176800.0 ] ] ] } },
{ "type": "Feature", "properties": { "Shape_Area": 10000.0, "Shape_Leng": 400.0, "cluster_id": "101_112", "fid_1": 112.0, "id_munic": 112.0, "munic_clus": "101_112", "munic_code": 101.0, "min": 2.4026992321014404, "max": 2.4026992321014404, "mean": 2.4026992321014404, "count": 1, "std": 0.0, "range": 0.0 }, "geometry": { "type": "Polygon", "coordinates": [ [ [ 724400.0, 6176700.0 ], [ 724400.0, 6176800.0 ], [ 724500.0, 6176800.0 ], [ 724500.0, 6176700.0 ], [ 724400.0, 6176700.0 ] ] ] } },
{ "type": "Feature", "properties": { "Shape_Area": 10000.0, "Shape_Leng": 400.0, "cluster_id": "101_113", "fid_1": 113.0, "id_munic": 113.0, "munic_clus": "101_113", "munic_code": 101.0, "min": 2.8782074451446533, "max": 2.8782074451446533, "mean": 2.8782074451446533, "count": 1, "std": 0.0, "range": 0.0 }, "geometry": { "type": "Polygon", "coordinates": [ [ [ 724500.0, 6176700.0 ], [ 724500.0, 6176800.0 ], [ 724600.0, 6176800.0 ], [ 724600.0, 6176700.0 ], [ 724500.0, 6176700.0 ] ] ] } },
{ "type": "Feature", "properties": { "Shape_Area": 10000.0, "Shape_Leng": 400.0, "cluster_id": "101_114", "fid_1": 114.0, "id_munic": 114.0, "munic_clus": "101_114", "munic_code": 101.0, "min": 2.3075647354125977, "max": 2.3075647354125977, "mean": 2.3075647354125977, "count": 1, "std": 0.0, "range": 0.0 }, "geometry": { "type": "Polygon", "coordinates": [ [ [ 724200.0, 6176600.0 ], [ 724200.0, 6176700.0 ], [ 724300.0, 6176700.0 ], [ 724300.0, 6176600.0 ], [ 724200.0, 6176600.0 ] ] ] } },
{ "type": "Feature", "properties": { "Shape_Area": 30000.0, "Shape_Leng": 800.0, "cluster_id": "101_115", "fid_1": 115.0, "id_munic": 115.0, "munic_clus": "101_115", "munic_code": 101.0, "min": 2.1897704601287842, "max": 2.1897704601287842, "mean": 2.1897703806559243, "count": 3, "std": 7.947285984855057e-08, "range": 0.0 }, "geometry": { "type": "Polygon", "coordinates": [ [ [ 724300.0, 6176700.0 ], [ 724300.0, 6176800.0 ], [ 724400.0, 6176800.0 ], [ 724400.0, 6176700.0 ], [ 724500.0, 6176700.0 ], [ 724500.0, 6176600.0 ], [ 724400.0, 6176600.0 ], [ 724300.0, 6176600.0 ], [ 724300.0, 6176700.0 ] ] ] } },
{ "type": "Feature", "properties": { "Shape_Area": 10000.0, "Shape_Leng": 400.0, "cluster_id": "101_116", "fid_1": 116.0, "id_munic": 116.0, "munic_clus": "101_116", "munic_code": 101.0, "min": 2.6544487476348877, "max": 2.6544487476348877, "mean": 2.6544487476348877, "count": 1, "std": 0.0, "range": 0.0 }, "geometry": { "type": "Polygon", "coordinates": [ [ [ 724100.0, 6176400.0 ], [ 724100.0, 6176500.0 ], [ 724200.0, 6176500.0 ], [ 724200.0, 6176400.0 ], [ 724100.0, 6176400.0 ] ] ] } },
{ "type": "Feature", "properties": { "Shape_Area": 50000.0, "Shape_Leng": 1000.0, "cluster_id": "101_117", "fid_1": 117.0, "id_munic": 117.0, "munic_clus": "101_117", "munic_code": 101.0, "min": 3.1316230297088623, "max": 3.1316230297088623, "mean": 3.1316230773925779, "count": 5, "std": 4.7683715642676816e-08, "range": 0.0 }, "geometry": { "type": "Polygon", "coordinates": [ [ [ 719100.0, 6175500.0 ], [ 719100.0, 6175600.0 ], [ 719200.0, 6175600.0 ], [ 719300.0, 6175600.0 ], [ 719300.0, 6175500.0 ], [ 719300.0, 6175400.0 ], [ 719200.0, 6175400.0 ], [ 719200.0, 6175300.0 ], [ 719100.0, 6175300.0 ], [ 719100.0, 6175400.0 ], [ 719100.0, 6175500.0 ] ] ] } },
{ "type": "Feature", "properties": { "Shape_Area": 10000.0, "Shape_Leng": 400.0, "cluster_id": "101_118", "fid_1": 118.0, "id_munic": 118.0, "munic_clus": "101_118", "munic_code": 101.0, "min": 2.5688107013702393, "max": 2.5688107013702393, "mean": 2.5688107013702393, "count": 1, "std": 0.0, "range": 0.0 }, "geometry": { "type": "Polygon", "coordinates": [ [ [ 723200.0, 6175400.0 ], [ 723200.0, 6175500.0 ], [ 723300.0, 6175500.0 ], [ 723300.0, 6175400.0 ], [ 723200.0, 6175400.0 ] ] ] } },
{ "type": "Feature", "properties": { "Shape_Area": 20000.0, "Shape_Leng": 600.0, "cluster_id": "101_119", "fid_1": 119.0, "id_munic": 119.0, "munic_clus": "101_119", "munic_code": 101.0, "min": 2.9000334739685059, "max": 2.9000334739685059, "mean": 2.9000334739685059, "count": 2, "std": 0.0, "range": 0.0 }, "geometry": { "type": "Polygon", "coordinates": [ [ [ 723300.0, 6175500.0 ], [ 723400.0, 6175500.0 ], [ 723500.0, 6175500.0 ], [ 723500.0, 6175400.0 ], [ 723400.0, 6175400.0 ], [ 723300.0, 6175400.0 ], [ 723300.0, 6175500.0 ] ] ] } },
{ "type": "Feature", "properties": { "Shape_Area": 20000.0, "Shape_Leng": 600.0, "cluster_id": "101_120", "fid_1": 120.0, "id_munic": 120.0, "munic_clus": "101_120", "munic_code": 101.0, "min": 2.9031991958618164, "max": 2.9031991958618164, "mean": 2.9031991958618164, "count": 2, "std": 0.0, "range": 0.0 }, "geometry": { "type": "Polygon", "coordinates": [ [ [ 723500.0, 6175500.0 ], [ 723600.0, 6175500.0 ], [ 723700.0, 6175500.0 ], [ 723700.0, 6175400.0 ], [ 723600.0, 6175400.0 ], [ 723500.0, 6175400.0 ], [ 723500.0, 6175500.0 ] ] ] } },
{ "type": "Feature", "properties": { "Shape_Area": 60000.0, "Shape_Leng": 1400.0, "cluster_id": "101_121", "fid_1": 121.0, "id_munic": 121.0, "munic_clus": "101_121", "munic_code": 101.0, "min": 2.4968345165252686, "max": 2.4968345165252686, "mean": 2.4968345959981284, "count": 6, "std": 7.947285984855057e-08, "range": 0.0 }, "geometry": { "type": "Polygon", "coordinates": [ [ [ 723700.0, 6175600.0 ], [ 723800.0, 6175600.0 ], [ 723900.0, 6175600.0 ], [ 723900.0, 6175700.0 ], [ 724000.0, 6175700.0 ], [ 724100.0, 6175700.0 ], [ 724100.0, 6175600.0 ], [ 724000.0, 6175600.0 ], [ 724000.0, 6175500.0 ], [ 723900.0, 6175500.0 ], [ 723800.0, 6175500.0 ], [ 723800.0, 6175400.0 ], [ 723700.0, 6175400.0 ], [ 723700.0, 6175500.0 ], [ 723700.0, 6175600.0 ] ] ] } },
{ "type": "Feature", "properties": { "Shape_Area": 20000.0, "Shape_Leng": 600.0, "cluster_id": "101_122", "fid_1": 122.0, "id_munic": 122.0, "munic_clus": "101_122", "munic_code": 101.0, "min": 3.4258584976196289, "max": 3.4258584976196289, "mean": 3.4258584976196289, "count": 2, "std": 0.0, "range": 0.0 }, "geometry": { "type": "Polygon", "coordinates": [ [ [ 723600.0, 6175300.0 ], [ 723600.0, 6175400.0 ], [ 723700.0, 6175400.0 ], [ 723700.0, 6175300.0 ], [ 723700.0, 6175200.0 ], [ 723600.0, 6175200.0 ], [ 723600.0, 6175300.0 ] ] ] } },
{ "type": "Feature", "properties": { "Shape_Area": 20000.0, "Shape_Leng": 600.0, "cluster_id": "101_123", "fid_1": 123.0, "id_munic": 123.0, "munic_clus": "101_123", "munic_code": 101.0, "min": 3.5038323402404785, "max": 3.5038323402404785, "mean": 3.5038323402404785, "count": 2, "std": 0.0, "range": 0.0 }, "geometry": { "type": "Polygon", "coordinates": [ [ [ 723700.0, 6175300.0 ], [ 723800.0, 6175300.0 ], [ 723900.0, 6175300.0 ], [ 723900.0, 6175200.0 ], [ 723800.0, 6175200.0 ], [ 723700.0, 6175200.0 ], [ 723700.0, 6175300.0 ] ] ] } },
{ "type": "Feature", "properties": { "Shape_Area": 40000.0, "Shape_Leng": 1000.0, "cluster_id": "101_124", "fid_1": 124.0, "id_munic": 124.0, "munic_clus": "101_124", "munic_code": 101.0, "min": 3.1671111583709717, "max": 3.1671111583709717, "mean": 3.1671111583709717, "count": 4, "std": 0.0, "range": 0.0 }, "geometry": { "type": "Polygon", "coordinates": [ [ [ 723800.0, 6177200.0 ], [ 723800.0, 6177300.0 ], [ 723800.0, 6177400.0 ], [ 723900.0, 6177400.0 ], [ 723900.0, 6177300.0 ], [ 723900.0, 6177200.0 ], [ 723900.0, 6177100.0 ], [ 723800.0, 6177100.0 ], [ 723700.0, 6177100.0 ], [ 723700.0, 6177200.0 ], [ 723800.0, 6177200.0 ] ] ] } },
{ "type": "Feature", "properties": { "Shape_Area": 10000.0, "Shape_Leng": 400.0, "cluster_id": "101_125", "fid_1": 125.0, "id_munic": 125.0, "munic_clus": "101_125", "munic_code": 101.0, "min": 3.4660112857818604, "max": 3.4660112857818604, "mean": 3.4660112857818604, "count": 1, "std": 0.0, "range": 0.0 }, "geometry": { "type": "Polygon", "coordinates": [ [ [ 723900.0, 6177200.0 ], [ 723900.0, 6177300.0 ], [ 724000.0, 6177300.0 ], [ 724000.0, 6177200.0 ], [ 723900.0, 6177200.0 ] ] ] } },
{ "type": "Feature", "properties": { "Shape_Area": 10000.0, "Shape_Leng": 400.0, "cluster_id": "101_126", "fid_1": 126.0, "id_munic": 126.0, "munic_clus": "101_126", "munic_code": 101.0, "min": 3.1737759113311768, "max": 3.1737759113311768, "mean": 3.1737759113311768, "count": 1, "std": 0.0, "range": 0.0 }, "geometry": { "type": "Polygon", "coordinates": [ [ [ 723900.0, 6177100.0 ], [ 723900.0, 6177200.0 ], [ 724000.0, 6177200.0 ], [ 724000.0, 6177100.0 ], [ 723900.0, 6177100.0 ] ] ] } },
{ "type": "Feature", "properties": { "Shape_Area": 30000.0, "Shape_Leng": 800.0, "cluster_id": "101_127", "fid_1": 127.0, "id_munic": 127.0, "munic_clus": "101_127", "munic_code": 101.0, "min": 3.6986007690429688, "max": 3.6986007690429688, "mean": 3.6986007690429688, "count": 3, "std": 0.0, "range": 0.0 }, "geometry": { "type": "Polygon", "coordinates": [ [ [ 724100.0, 6177600.0 ], [ 724000.0, 6177600.0 ], [ 724000.0, 6177700.0 ], [ 724100.0, 6177700.0 ], [ 724200.0, 6177700.0 ], [ 724200.0, 6177600.0 ], [ 724200.0, 6177500.0 ], [ 724100.0, 6177500.0 ], [ 724100.0, 6177600.0 ] ] ] } },
{ "type": "Feature", "properties": { "Shape_Area": 30000.0, "Shape_Leng": 800.0, "cluster_id": "101_128", "fid_1": 128.0, "id_munic": 128.0, "munic_clus": "101_128", "munic_code": 101.0, "min": 3.4391870498657227, "max": 3.4391870498657227, "mean": 3.4391870498657227, "count": 3, "std": 0.0, "range": 0.0 }, "geometry": { "type": "Polygon", "coordinates": [ [ [ 724000.0, 6177500.0 ], [ 723900.0, 6177500.0 ], [ 723900.0, 6177600.0 ], [ 724000.0, 6177600.0 ], [ 724100.0, 6177600.0 ], [ 724100.0, 6177500.0 ], [ 724100.0, 6177400.0 ], [ 724000.0, 6177400.0 ], [ 724000.0, 6177500.0 ] ] ] } },
{ "type": "Feature", "properties": { "Shape_Area": 10000.0, "Shape_Leng": 400.0, "cluster_id": "101_129", "fid_1": 129.0, "id_munic": 129.0, "munic_clus": "101_129", "munic_code": 101.0, "min": 2.9870047569274902, "max": 2.9870047569274902, "mean": 2.9870047569274902, "count": 1, "std": 0.0, "range": 0.0 }, "geometry": { "type": "Polygon", "coordinates": [ [ [ 724200.0, 6177500.0 ], [ 724200.0, 6177600.0 ], [ 724300.0, 6177600.0 ], [ 724300.0, 6177500.0 ], [ 724200.0, 6177500.0 ] ] ] } },
{ "type": "Feature", "properties": { "Shape_Area": 20000.0, "Shape_Leng": 600.0, "cluster_id": "101_130", "fid_1": 130.0, "id_munic": 130.0, "munic_clus": "101_130", "munic_code": 101.0, "min": 3.2424194812774658, "max": 3.2424194812774658, "mean": 3.2424194812774658, "count": 2, "std": 0.0, "range": 0.0 }, "geometry": { "type": "Polygon", "coordinates": [ [ [ 724000.0, 6177300.0 ], [ 724000.0, 6177400.0 ], [ 724100.0, 6177400.0 ], [ 724100.0, 6177300.0 ], [ 724100.0, 6177200.0 ], [ 724000.0, 6177200.0 ], [ 724000.0, 6177300.0 ] ] ] } },
{ "type": "Feature", "properties": { "Shape_Area": 10000.0, "Shape_Leng": 400.0, "cluster_id": "101_131", "fid_1": 131.0, "id_munic": 131.0, "munic_clus": "101_131", "munic_code": 101.0, "min": 2.9033658504486084, "max": 2.9033658504486084, "mean": 2.9033658504486084, "count": 1, "std": 0.0, "range": 0.0 }, "geometry": { "type": "Polygon", "coordinates": [ [ [ 720000.0, 6177500.0 ], [ 720000.0, 6177600.0 ], [ 720100.0, 6177600.0 ], [ 720100.0, 6177500.0 ], [ 720000.0, 6177500.0 ] ] ] } },
{ "type": "Feature", "properties": { "Shape_Area": 30000.0, "Shape_Leng": 800.0, "cluster_id": "101_132", "fid_1": 132.0, "id_munic": 132.0, "munic_clus": "101_132", "munic_code": 101.0, "min": 3.5028326511383057, "max": 3.5028326511383057, "mean": 3.5028327306111655, "count": 3, "std": 7.947285984855057e-08, "range": 0.0 }, "geometry": { "type": "Polygon", "coordinates": [ [ [ 719600.0, 6177600.0 ], [ 719700.0, 6177600.0 ], [ 719800.0, 6177600.0 ], [ 719900.0, 6177600.0 ], [ 719900.0, 6177500.0 ], [ 719800.0, 6177500.0 ], [ 719700.0, 6177500.0 ], [ 719600.0, 6177500.0 ], [ 719600.0, 6177600.0 ] ] ] } },
{ "type": "Feature", "properties": { "Shape_Area": 50000.0, "Shape_Leng": 1000.0, "cluster_id": "101_133", "fid_1": 133.0, "id_munic": 133.0, "munic_clus": "101_133", "munic_code": 101.0, "min": 3.026491641998291, "max": 3.026491641998291, "mean": 3.0264915466308593, "count": 5, "std": 9.5367431729442842e-08, "range": 0.0 }, "geometry": { "type": "Polygon", "coordinates": [ [ [ 722600.0, 6174200.0 ], [ 722500.0, 6174200.0 ], [ 722500.0, 6174300.0 ], [ 722500.0, 6174400.0 ], [ 722600.0, 6174400.0 ], [ 722700.0, 6174400.0 ], [ 722700.0, 6174300.0 ], [ 722800.0, 6174300.0 ], [ 722800.0, 6174200.0 ], [ 722700.0, 6174200.0 ], [ 722600.0, 6174200.0 ] ] ] } },
{ "type": "Feature", "properties": { "Shape_Area": 30000.0, "Shape_Leng": 800.0, "cluster_id": "101_134", "fid_1": 134.0, "id_munic": 134.0, "munic_clus": "101_134", "munic_code": 101.0, "min": 2.3953683376312256, "max": 2.3953683376312256, "mean": 2.3953682581583657, "count": 3, "std": 7.947285984855057e-08, "range": 0.0 }, "geometry": { "type": "Polygon", "coordinates": [ [ [ 720200.0, 6177600.0 ], [ 720200.0, 6177700.0 ], [ 720300.0, 6177700.0 ], [ 720300.0, 6177600.0 ], [ 720400.0, 6177600.0 ], [ 720400.0, 6177500.0 ], [ 720300.0, 6177500.0 ], [ 720200.0, 6177500.0 ], [ 720200.0, 6177600.0 ] ] ] } },
{ "type": "Feature", "properties": { "Shape_Area": 40000.0, "Shape_Leng": 1000.0, "cluster_id": "101_135", "fid_1": 135.0, "id_munic": 135.0, "munic_clus": "101_135", "munic_code": 101.0, "min": 3.1177947521209717, "max": 3.1177947521209717, "mean": 3.1177947521209717, "count": 4, "std": 0.0, "range": 0.0 }, "geometry": { "type": "Polygon", "coordinates": [ [ [ 720000.0, 6177700.0 ], [ 720000.0, 6177800.0 ], [ 720100.0, 6177800.0 ], [ 720100.0, 6177700.0 ], [ 720200.0, 6177700.0 ], [ 720200.0, 6177600.0 ], [ 720100.0, 6177600.0 ], [ 720000.0, 6177600.0 ], [ 719900.0, 6177600.0 ], [ 719900.0, 6177700.0 ], [ 720000.0, 6177700.0 ] ] ] } },
{ "type": "Feature", "properties": { "Shape_Area": 40000.0, "Shape_Leng": 1000.0, "cluster_id": "101_136", "fid_1": 136.0, "id_munic": 136.0, "munic_clus": "101_136", "munic_code": 101.0, "min": 3.5019996166229248, "max": 3.5019996166229248, "mean": 3.5019996166229248, "count": 4, "std": 0.0, "range": 0.0 }, "geometry": { "type": "Polygon", "coordinates": [ [ [ 720400.0, 6177700.0 ], [ 720400.0, 6177800.0 ], [ 720500.0, 6177800.0 ], [ 720500.0, 6177700.0 ], [ 720600.0, 6177700.0 ], [ 720600.0, 6177600.0 ], [ 720500.0, 6177600.0 ], [ 720400.0, 6177600.0 ], [ 720300.0, 6177600.0 ], [ 720300.0, 6177700.0 ], [ 720400.0, 6177700.0 ] ] ] } },
{ "type": "Feature", "properties": { "Shape_Area": 10000.0, "Shape_Leng": 400.0, "cluster_id": "101_137", "fid_1": 137.0, "id_munic": 137.0, "munic_clus": "101_137", "munic_code": 101.0, "min": 3.6289572715759277, "max": 3.6289572715759277, "mean": 3.6289572715759277, "count": 1, "std": 0.0, "range": 0.0 }, "geometry": { "type": "Polygon", "coordinates": [ [ [ 724900.0, 6177500.0 ], [ 724900.0, 6177600.0 ], [ 725000.0, 6177600.0 ], [ 725000.0, 6177500.0 ], [ 724900.0, 6177500.0 ] ] ] } },
{ "type": "Feature", "properties": { "Shape_Area": 20000.0, "Shape_Leng": 600.0, "cluster_id": "101_138", "fid_1": 138.0, "id_munic": 138.0, "munic_clus": "101_138", "munic_code": 101.0, "min": 2.5964682102203369, "max": 2.5964682102203369, "mean": 2.5964682102203369, "count": 2, "std": 0.0, "range": 0.0 }, "geometry": { "type": "Polygon", "coordinates": [ [ [ 724900.0, 6178000.0 ], [ 725000.0, 6178000.0 ], [ 725100.0, 6178000.0 ], [ 725100.0, 6177900.0 ], [ 725000.0, 6177900.0 ], [ 724900.0, 6177900.0 ], [ 724900.0, 6178000.0 ] ] ] } },
{ "type": "Feature", "properties": { "Shape_Area": 10000.0, "Shape_Leng": 400.0, "cluster_id": "101_139", "fid_1": 139.0, "id_munic": 139.0, "munic_clus": "101_139", "munic_code": 101.0, "min": 2.1894371509552002, "max": 2.1894371509552002, "mean": 2.1894371509552002, "count": 1, "std": 0.0, "range": 0.0 }, "geometry": { "type": "Polygon", "coordinates": [ [ [ 724200.0, 6176900.0 ], [ 724200.0, 6177000.0 ], [ 724300.0, 6177000.0 ], [ 724300.0, 6176900.0 ], [ 724200.0, 6176900.0 ] ] ] } },
{ "type": "Feature", "properties": { "Shape_Area": 20000.0, "Shape_Leng": 600.0, "cluster_id": "101_140", "fid_1": 140.0, "id_munic": 140.0, "munic_clus": "101_140", "munic_code": 101.0, "min": 3.3718764781951904, "max": 3.3718764781951904, "mean": 3.3718764781951904, "count": 2, "std": 0.0, "range": 0.0 }, "geometry": { "type": "Polygon", "coordinates": [ [ [ 721900.0, 6180100.0 ], [ 722000.0, 6180100.0 ], [ 722100.0, 6180100.0 ], [ 722100.0, 6180000.0 ], [ 722000.0, 6180000.0 ], [ 721900.0, 6180000.0 ], [ 721900.0, 6180100.0 ] ] ] } },
{ "type": "Feature", "properties": { "Shape_Area": 10000.0, "Shape_Leng": 400.0, "cluster_id": "101_141", "fid_1": 141.0, "id_munic": 141.0, "munic_clus": "101_141", "munic_code": 101.0, "min": 2.3632125854492188, "max": 2.3632125854492188, "mean": 2.3632125854492188, "count": 1, "std": 0.0, "range": 0.0 }, "geometry": { "type": "Polygon", "coordinates": [ [ [ 724500.0, 6177200.0 ], [ 724500.0, 6177300.0 ], [ 724600.0, 6177300.0 ], [ 724600.0, 6177200.0 ], [ 724500.0, 6177200.0 ] ] ] } },
{ "type": "Feature", "properties": { "Shape_Area": 10000.0, "Shape_Leng": 400.0, "cluster_id": "101_142", "fid_1": 142.0, "id_munic": 142.0, "munic_clus": "101_142", "munic_code": 101.0, "min": 3.4898369312286377, "max": 3.4898369312286377, "mean": 3.4898369312286377, "count": 1, "std": 0.0, "range": 0.0 }, "geometry": { "type": "Polygon", "coordinates": [ [ [ 724400.0, 6177300.0 ], [ 724400.0, 6177400.0 ], [ 724500.0, 6177400.0 ], [ 724500.0, 6177300.0 ], [ 724400.0, 6177300.0 ] ] ] } },
{ "type": "Feature", "properties": { "Shape_Area": 10000.0, "Shape_Leng": 400.0, "cluster_id": "101_143", "fid_1": 143.0, "id_munic": 143.0, "munic_clus": "101_143", "munic_code": 101.0, "min": 2.9015331268310547, "max": 2.9015331268310547, "mean": 2.9015331268310547, "count": 1, "std": 0.0, "range": 0.0 }, "geometry": { "type": "Polygon", "coordinates": [ [ [ 724500.0, 6177300.0 ], [ 724500.0, 6177400.0 ], [ 724600.0, 6177400.0 ], [ 724600.0, 6177300.0 ], [ 724500.0, 6177300.0 ] ] ] } },
{ "type": "Feature", "properties": { "Shape_Area": 80000.0, "Shape_Leng": 1400.0, "cluster_id": "101_144", "fid_1": 144.0, "id_munic": 144.0, "munic_clus": "101_144", "munic_code": 101.0, "min": 3.1356217861175537, "max": 3.1356217861175537, "mean": 3.1356217861175537, "count": 8, "std": 0.0, "range": 0.0 }, "geometry": { "type": "Polygon", "coordinates": [ [ [ 724300.0, 6176900.0 ], [ 724300.0, 6177000.0 ], [ 724200.0, 6177000.0 ], [ 724200.0, 6177100.0 ], [ 724300.0, 6177100.0 ], [ 724300.0, 6177200.0 ], [ 724300.0, 6177300.0 ], [ 724400.0, 6177300.0 ], [ 724500.0, 6177300.0 ], [ 724500.0, 6177200.0 ], [ 724500.0, 6177100.0 ], [ 724500.0, 6177000.0 ], [ 724400.0, 6177000.0 ], [ 724400.0, 6176900.0 ], [ 724300.0, 6176900.0 ] ] ] } },
{ "type": "Feature", "properties": { "Shape_Area": 10000.0, "Shape_Leng": 400.0, "cluster_id": "101_145", "fid_1": 145.0, "id_munic": 145.0, "munic_clus": "101_145", "munic_code": 101.0, "min": 2.4903371334075928, "max": 2.4903371334075928, "mean": 2.4903371334075928, "count": 1, "std": 0.0, "range": 0.0 }, "geometry": { "type": "Polygon", "coordinates": [ [ [ 722900.0, 6174800.0 ], [ 722900.0, 6174900.0 ], [ 723000.0, 6174900.0 ], [ 723000.0, 6174800.0 ], [ 722900.0, 6174800.0 ] ] ] } },
{ "type": "Feature", "properties": { "Shape_Area": 20000.0, "Shape_Leng": 600.0, "cluster_id": "101_146", "fid_1": 146.0, "id_munic": 146.0, "munic_clus": "101_146", "munic_code": 101.0, "min": 3.1246254444122314, "max": 3.1246254444122314, "mean": 3.1246254444122314, "count": 2, "std": 0.0, "range": 0.0 }, "geometry": { "type": "Polygon", "coordinates": [ [ [ 723400.0, 6175100.0 ], [ 723500.0, 6175100.0 ], [ 723600.0, 6175100.0 ], [ 723600.0, 6175000.0 ], [ 723500.0, 6175000.0 ], [ 723400.0, 6175000.0 ], [ 723400.0, 6175100.0 ] ] ] } },
{ "type": "Feature", "properties": { "Shape_Area": 60000.0, "Shape_Leng": 1000.0, "cluster_id": "101_147", "fid_1": 147.0, "id_munic": 147.0, "munic_clus": "101_147", "munic_code": 101.0, "min": 3.2144286632537842, "max": 3.2144286632537842, "mean": 3.2144285837809243, "count": 6, "std": 7.947285984855057e-08, "range": 0.0 }, "geometry": { "type": "Polygon", "coordinates": [ [ [ 723300.0, 6175300.0 ], [ 723300.0, 6175400.0 ], [ 723400.0, 6175400.0 ], [ 723500.0, 6175400.0 ], [ 723500.0, 6175300.0 ], [ 723500.0, 6175200.0 ], [ 723500.0, 6175100.0 ], [ 723400.0, 6175100.0 ], [ 723300.0, 6175100.0 ], [ 723300.0, 6175200.0 ], [ 723300.0, 6175300.0 ] ] ] } },
{ "type": "Feature", "properties": { "Shape_Area": 10000.0, "Shape_Leng": 400.0, "cluster_id": "101_148", "fid_1": 148.0, "id_munic": 148.0, "munic_clus": "101_148", "munic_code": 101.0, "min": 2.4575145244598389, "max": 2.4575145244598389, "mean": 2.4575145244598389, "count": 1, "std": 0.0, "range": 0.0 }, "geometry": { "type": "Polygon", "coordinates": [ [ [ 723000.0, 6174800.0 ], [ 723000.0, 6174900.0 ], [ 723100.0, 6174900.0 ], [ 723100.0, 6174800.0 ], [ 723000.0, 6174800.0 ] ] ] } },
{ "type": "Feature", "properties": { "Shape_Area": 20000.0, "Shape_Leng": 600.0, "cluster_id": "101_149", "fid_1": 149.0, "id_munic": 149.0, "munic_clus": "101_149", "munic_code": 101.0, "min": 3.4103634357452393, "max": 3.4103634357452393, "mean": 3.4103634357452393, "count": 2, "std": 0.0, "range": 0.0 }, "geometry": { "type": "Polygon", "coordinates": [ [ [ 723100.0, 6174900.0 ], [ 723100.0, 6175000.0 ], [ 723200.0, 6175000.0 ], [ 723200.0, 6174900.0 ], [ 723200.0, 6174800.0 ], [ 723100.0, 6174800.0 ], [ 723100.0, 6174900.0 ] ] ] } },
{ "type": "Feature", "properties": { "Shape_Area": 20000.0, "Shape_Leng": 600.0, "cluster_id": "101_150", "fid_1": 150.0, "id_munic": 150.0, "munic_clus": "101_150", "munic_code": 101.0, "min": 3.3105635643005371, "max": 3.3105635643005371, "mean": 3.3105635643005371, "count": 2, "std": 0.0, "range": 0.0 }, "geometry": { "type": "Polygon", "coordinates": [ [ [ 722900.0, 6175000.0 ], [ 723000.0, 6175000.0 ], [ 723100.0, 6175000.0 ], [ 723100.0, 6174900.0 ], [ 723000.0, 6174900.0 ], [ 722900.0, 6174900.0 ], [ 722900.0, 6175000.0 ] ] ] } },
{ "type": "Feature", "properties": { "Shape_Area": 90000.0, "Shape_Leng": 1800.0, "cluster_id": "101_151", "fid_1": 151.0, "id_munic": 151.0, "munic_clus": "101_151", "munic_code": 101.0, "min": 3.5166614055633545, "max": 3.5166614055633545, "mean": 3.5166613260904946, "count": 9, "std": 7.947285984855057e-08, "range": 0.0 }, "geometry": { "type": "Polygon", "coordinates": [ [ [ 721700.0, 6174100.0 ], [ 721600.0, 6174100.0 ], [ 721500.0, 6174100.0 ], [ 721500.0, 6174200.0 ], [ 721400.0, 6174200.0 ], [ 721300.0, 6174200.0 ], [ 721300.0, 6174300.0 ], [ 721400.0, 6174300.0 ], [ 721500.0, 6174300.0 ], [ 721600.0, 6174300.0 ], [ 721700.0, 6174300.0 ], [ 721800.0, 6174300.0 ], [ 721900.0, 6174300.0 ], [ 722000.0, 6174300.0 ], [ 722000.0, 6174200.0 ], [ 721900.0, 6174200.0 ], [ 721800.0, 6174200.0 ], [ 721700.0, 6174200.0 ], [ 721700.0, 6174100.0 ] ] ] } },
{ "type": "Feature", "properties": { "Shape_Area": 300000.0, "Shape_Leng": 2400.0, "cluster_id": "101_152", "fid_1": 152.0, "id_munic": 152.0, "munic_clus": "101_152", "munic_code": 101.0, "min": 2.5276575088500977, "max": 2.5276575088500977, "mean": 2.5276575724283856, "count": 30, "std": 6.3578287967658298e-08, "range": 0.0 }, "geometry": { "type": "Polygon", "coordinates": [ [ [ 721500.0, 6174300.0 ], [ 721500.0, 6174400.0 ], [ 721500.0, 6174500.0 ], [ 721500.0, 6174600.0 ], [ 721600.0, 6174600.0 ], [ 721700.0, 6174600.0 ], [ 721700.0, 6174700.0 ], [ 721800.0, 6174700.0 ], [ 721900.0, 6174700.0 ], [ 722000.0, 6174700.0 ], [ 722100.0, 6174700.0 ], [ 722200.0, 6174700.0 ], [ 722300.0, 6174700.0 ], [ 722300.0, 6174600.0 ], [ 722300.0, 6174500.0 ], [ 722300.0, 6174400.0 ], [ 722300.0, 6174300.0 ], [ 722200.0, 6174300.0 ], [ 722100.0, 6174300.0 ], [ 722000.0, 6174300.0 ], [ 721900.0, 6174300.0 ], [ 721800.0, 6174300.0 ], [ 721700.0, 6174300.0 ], [ 721600.0, 6174300.0 ], [ 721500.0, 6174300.0 ] ] ] } },
{ "type": "Feature", "properties": { "Shape_Area": 10000.0, "Shape_Leng": 400.0, "cluster_id": "101_153", "fid_1": 153.0, "id_munic": 153.0, "munic_clus": "101_153", "munic_code": 101.0, "min": 2.8325560092926025, "max": 2.8325560092926025, "mean": 2.8325560092926025, "count": 1, "std": 0.0, "range": 0.0 }, "geometry": { "type": "Polygon", "coordinates": [ [ [ 723500.0, 6175100.0 ], [ 723500.0, 6175200.0 ], [ 723600.0, 6175200.0 ], [ 723600.0, 6175100.0 ], [ 723500.0, 6175100.0 ] ] ] } },
{ "type": "Feature", "properties": { "Shape_Area": 20000.0, "Shape_Leng": 600.0, "cluster_id": "101_154", "fid_1": 154.0, "id_munic": 154.0, "munic_clus": "101_154", "munic_code": 101.0, "min": 3.0984675884246826, "max": 3.0984675884246826, "mean": 3.0984675884246826, "count": 2, "std": 0.0, "range": 0.0 }, "geometry": { "type": "Polygon", "coordinates": [ [ [ 723300.0, 6175000.0 ], [ 723300.0, 6175100.0 ], [ 723400.0, 6175100.0 ], [ 723400.0, 6175000.0 ], [ 723400.0, 6174900.0 ], [ 723300.0, 6174900.0 ], [ 723300.0, 6175000.0 ] ] ] } },
{ "type": "Feature", "properties": { "Shape_Area": 10000.0, "Shape_Leng": 400.0, "cluster_id": "101_155", "fid_1": 155.0, "id_munic": 155.0, "munic_clus": "101_155", "munic_code": 101.0, "min": 3.3382213115692139, "max": 3.3382213115692139, "mean": 3.3382213115692139, "count": 1, "std": 0.0, "range": 0.0 }, "geometry": { "type": "Polygon", "coordinates": [ [ [ 723200.0, 6174900.0 ], [ 723200.0, 6175000.0 ], [ 723300.0, 6175000.0 ], [ 723300.0, 6174900.0 ], [ 723200.0, 6174900.0 ] ] ] } },
{ "type": "Feature", "properties": { "Shape_Area": 10000.0, "Shape_Leng": 400.0, "cluster_id": "101_156", "fid_1": 156.0, "id_munic": 156.0, "munic_clus": "101_156", "munic_code": 101.0, "min": 2.7392537593841553, "max": 2.7392537593841553, "mean": 2.7392537593841553, "count": 1, "std": 0.0, "range": 0.0 }, "geometry": { "type": "Polygon", "coordinates": [ [ [ 723600.0, 6175100.0 ], [ 723600.0, 6175200.0 ], [ 723700.0, 6175200.0 ], [ 723700.0, 6175100.0 ], [ 723600.0, 6175100.0 ] ] ] } },
{ "type": "Feature", "properties": { "Shape_Area": 20000.0, "Shape_Leng": 600.0, "cluster_id": "101_157", "fid_1": 157.0, "id_munic": 157.0, "munic_clus": "101_157", "munic_code": 101.0, "min": 2.2014334201812744, "max": 2.2014334201812744, "mean": 2.2014334201812744, "count": 2, "std": 0.0, "range": 0.0 }, "geometry": { "type": "Polygon", "coordinates": [ [ [ 723500.0, 6175300.0 ], [ 723500.0, 6175400.0 ], [ 723600.0, 6175400.0 ], [ 723600.0, 6175300.0 ], [ 723600.0, 6175200.0 ], [ 723500.0, 6175200.0 ], [ 723500.0, 6175300.0 ] ] ] } },
{ "type": "Feature", "properties": { "Shape_Area": 10000.0, "Shape_Leng": 400.0, "cluster_id": "101_158", "fid_1": 158.0, "id_munic": 158.0, "munic_clus": "101_158", "munic_code": 101.0, "min": 3.298567533493042, "max": 3.298567533493042, "mean": 3.298567533493042, "count": 1, "std": 0.0, "range": 0.0 }, "geometry": { "type": "Polygon", "coordinates": [ [ [ 723000.0, 6175000.0 ], [ 723000.0, 6175100.0 ], [ 723100.0, 6175100.0 ], [ 723100.0, 6175000.0 ], [ 723000.0, 6175000.0 ] ] ] } },
{ "type": "Feature", "properties": { "Shape_Area": 10000.0, "Shape_Leng": 400.0, "cluster_id": "101_159", "fid_1": 159.0, "id_munic": 159.0, "munic_clus": "101_159", "munic_code": 101.0, "min": 3.2559151649475098, "max": 3.2559151649475098, "mean": 3.2559151649475098, "count": 1, "std": 0.0, "range": 0.0 }, "geometry": { "type": "Polygon", "coordinates": [ [ [ 723100.0, 6175000.0 ], [ 723100.0, 6175100.0 ], [ 723200.0, 6175100.0 ], [ 723200.0, 6175000.0 ], [ 723100.0, 6175000.0 ] ] ] } },
{ "type": "Feature", "properties": { "Shape_Area": 20000.0, "Shape_Leng": 600.0, "cluster_id": "101_160", "fid_1": 160.0, "id_munic": 160.0, "munic_clus": "101_160", "munic_code": 101.0, "min": 3.1677780151367188, "max": 3.1677780151367188, "mean": 3.1677780151367188, "count": 2, "std": 0.0, "range": 0.0 }, "geometry": { "type": "Polygon", "coordinates": [ [ [ 723000.0, 6175200.0 ], [ 723000.0, 6175300.0 ], [ 723100.0, 6175300.0 ], [ 723100.0, 6175200.0 ], [ 723100.0, 6175100.0 ], [ 723000.0, 6175100.0 ], [ 723000.0, 6175200.0 ] ] ] } },
{ "type": "Feature", "properties": { "Shape_Area": 20000.0, "Shape_Leng": 600.0, "cluster_id": "101_161", "fid_1": 161.0, "id_munic": 161.0, "munic_clus": "101_161", "munic_code": 101.0, "min": 3.1364545822143555, "max": 3.1364545822143555, "mean": 3.1364545822143555, "count": 2, "std": 0.0, "range": 0.0 }, "geometry": { "type": "Polygon", "coordinates": [ [ [ 723200.0, 6175300.0 ], [ 723200.0, 6175400.0 ], [ 723300.0, 6175400.0 ], [ 723300.0, 6175300.0 ], [ 723300.0, 6175200.0 ], [ 723200.0, 6175200.0 ], [ 723200.0, 6175300.0 ] ] ] } },
{ "type": "Feature", "properties": { "Shape_Area": 20000.0, "Shape_Leng": 600.0, "cluster_id": "101_162", "fid_1": 162.0, "id_munic": 162.0, "munic_clus": "101_162", "munic_code": 101.0, "min": 4.2584147453308105, "max": 4.2584147453308105, "mean": 4.2584147453308105, "count": 2, "std": 0.0, "range": 0.0 }, "geometry": { "type": "Polygon", "coordinates": [ [ [ 723200.0, 6175100.0 ], [ 723200.0, 6175200.0 ], [ 723300.0, 6175200.0 ], [ 723300.0, 6175100.0 ], [ 723300.0, 6175000.0 ], [ 723200.0, 6175000.0 ], [ 723200.0, 6175100.0 ] ] ] } },
{ "type": "Feature", "properties": { "Shape_Area": 20000.0, "Shape_Leng": 600.0, "cluster_id": "101_163", "fid_1": 163.0, "id_munic": 163.0, "munic_clus": "101_163", "munic_code": 101.0, "min": 3.3007330894470215, "max": 3.3007330894470215, "mean": 3.3007330894470215, "count": 2, "std": 0.0, "range": 0.0 }, "geometry": { "type": "Polygon", "coordinates": [ [ [ 723100.0, 6175200.0 ], [ 723100.0, 6175300.0 ], [ 723200.0, 6175300.0 ], [ 723200.0, 6175200.0 ], [ 723200.0, 6175100.0 ], [ 723100.0, 6175100.0 ], [ 723100.0, 6175200.0 ] ] ] } },
{ "type": "Feature", "properties": { "Shape_Area": 30000.0, "Shape_Leng": 800.0, "cluster_id": "101_164", "fid_1": 164.0, "id_munic": 164.0, "munic_clus": "101_164", "munic_code": 101.0, "min": 3.4118626117706299, "max": 3.4118626117706299, "mean": 3.4118626912434897, "count": 3, "std": 7.947285984855057e-08, "range": 0.0 }, "geometry": { "type": "Polygon", "coordinates": [ [ [ 723600.0, 6177300.0 ], [ 723700.0, 6177300.0 ], [ 723700.0, 6177400.0 ], [ 723800.0, 6177400.0 ], [ 723800.0, 6177300.0 ], [ 723800.0, 6177200.0 ], [ 723700.0, 6177200.0 ], [ 723600.0, 6177200.0 ], [ 723600.0, 6177300.0 ] ] ] } },
{ "type": "Feature", "properties": { "Shape_Area": 10000.0, "Shape_Leng": 400.0, "cluster_id": "101_165", "fid_1": 165.0, "id_munic": 165.0, "munic_clus": "101_165", "munic_code": 101.0, "min": 2.3920364379882812, "max": 2.3920364379882812, "mean": 2.3920364379882812, "count": 1, "std": 0.0, "range": 0.0 }, "geometry": { "type": "Polygon", "coordinates": [ [ [ 723200.0, 6178100.0 ], [ 723200.0, 6178200.0 ], [ 723300.0, 6178200.0 ], [ 723300.0, 6178100.0 ], [ 723200.0, 6178100.0 ] ] ] } },
{ "type": "Feature", "properties": { "Shape_Area": 10000.0, "Shape_Leng": 400.0, "cluster_id": "101_166", "fid_1": 166.0, "id_munic": 166.0, "munic_clus": "101_166", "munic_code": 101.0, "min": 2.8168942928314209, "max": 2.8168942928314209, "mean": 2.8168942928314209, "count": 1, "std": 0.0, "range": 0.0 }, "geometry": { "type": "Polygon", "coordinates": [ [ [ 723300.0, 6178200.0 ], [ 723300.0, 6178300.0 ], [ 723400.0, 6178300.0 ], [ 723400.0, 6178200.0 ], [ 723300.0, 6178200.0 ] ] ] } },
{ "type": "Feature", "properties": { "Shape_Area": 40000.0, "Shape_Leng": 1000.0, "cluster_id": "101_167", "fid_1": 167.0, "id_munic": 167.0, "munic_clus": "101_167", "munic_code": 101.0, "min": 3.3655452728271484, "max": 3.3655452728271484, "mean": 3.3655452728271484, "count": 4, "std": 0.0, "range": 0.0 }, "geometry": { "type": "Polygon", "coordinates": [ [ [ 723600.0, 6177200.0 ], [ 723500.0, 6177200.0 ], [ 723500.0, 6177300.0 ], [ 723400.0, 6177300.0 ], [ 723400.0, 6177400.0 ], [ 723500.0, 6177400.0 ], [ 723500.0, 6177500.0 ], [ 723600.0, 6177500.0 ], [ 723600.0, 6177400.0 ], [ 723600.0, 6177300.0 ], [ 723600.0, 6177200.0 ] ] ] } },
{ "type": "Feature", "properties": { "Shape_Area": 20000.0, "Shape_Leng": 600.0, "cluster_id": "101_168", "fid_1": 168.0, "id_munic": 168.0, "munic_clus": "101_168", "munic_code": 101.0, "min": 3.645784854888916, "max": 3.645784854888916, "mean": 3.645784854888916, "count": 2, "std": 0.0, "range": 0.0 }, "geometry": { "type": "Polygon", "coordinates": [ [ [ 723600.0, 6177400.0 ], [ 723600.0, 6177500.0 ], [ 723700.0, 6177500.0 ], [ 723700.0, 6177400.0 ], [ 723700.0, 6177300.0 ], [ 723600.0, 6177300.0 ], [ 723600.0, 6177400.0 ] ] ] } },
{ "type": "Feature", "properties": { "Shape_Area": 30000.0, "Shape_Leng": 800.0, "cluster_id": "101_169", "fid_1": 169.0, "id_munic": 169.0, "munic_clus": "101_169", "munic_code": 101.0, "min": 3.1552817821502686, "max": 3.1552817821502686, "mean": 3.1552817026774087, "count": 3, "std": 7.947285984855057e-08, "range": 0.0 }, "geometry": { "type": "Polygon", "coordinates": [ [ [ 723200.0, 6177800.0 ], [ 723100.0, 6177800.0 ], [ 723100.0, 6177900.0 ], [ 723200.0, 6177900.0 ], [ 723300.0, 6177900.0 ], [ 723300.0, 6177800.0 ], [ 723300.0, 6177700.0 ], [ 723200.0, 6177700.0 ], [ 723200.0, 6177800.0 ] ] ] } },
{ "type": "Feature", "properties": { "Shape_Area": 10000.0, "Shape_Leng": 400.0, "cluster_id": "101_170", "fid_1": 170.0, "id_munic": 170.0, "munic_clus": "101_170", "munic_code": 101.0, "min": 3.2612464427947998, "max": 3.2612464427947998, "mean": 3.2612464427947998, "count": 1, "std": 0.0, "range": 0.0 }, "geometry": { "type": "Polygon", "coordinates": [ [ [ 723300.0, 6177800.0 ], [ 723300.0, 6177900.0 ], [ 723400.0, 6177900.0 ], [ 723400.0, 6177800.0 ], [ 723300.0, 6177800.0 ] ] ] } },
{ "type": "Feature", "properties": { "Shape_Area": 10000.0, "Shape_Leng": 400.0, "cluster_id": "101_171", "fid_1": 171.0, "id_munic": 171.0, "munic_clus": "101_171", "munic_code": 101.0, "min": 2.4465179443359375, "max": 2.4465179443359375, "mean": 2.4465179443359375, "count": 1, "std": 0.0, "range": 0.0 }, "geometry": { "type": "Polygon", "coordinates": [ [ [ 723400.0, 6177900.0 ], [ 723400.0, 6178000.0 ], [ 723500.0, 6178000.0 ], [ 723500.0, 6177900.0 ], [ 723400.0, 6177900.0 ] ] ] } },
{ "type": "Feature", "properties": { "Shape_Area": 10000.0, "Shape_Leng": 400.0, "cluster_id": "101_172", "fid_1": 172.0, "id_munic": 172.0, "munic_clus": "101_172", "munic_code": 101.0, "min": 2.6432855129241943, "max": 2.6432855129241943, "mean": 2.6432855129241943, "count": 1, "std": 0.0, "range": 0.0 }, "geometry": { "type": "Polygon", "coordinates": [ [ [ 723500.0, 6178000.0 ], [ 723500.0, 6178100.0 ], [ 723600.0, 6178100.0 ], [ 723600.0, 6178000.0 ], [ 723500.0, 6178000.0 ] ] ] } },
{ "type": "Feature", "properties": { "Shape_Area": 90000.0, "Shape_Leng": 1600.0, "cluster_id": "101_173", "fid_1": 173.0, "id_munic": 173.0, "munic_clus": "101_173", "munic_code": 101.0, "min": 3.4638454914093018, "max": 3.4638454914093018, "mean": 3.4638457828097873, "count": 9, "std": 2.9140048551923314e-07, "range": 0.0 }, "geometry": { "type": "Polygon", "coordinates": [ [ [ 723500.0, 6177800.0 ], [ 723500.0, 6177900.0 ], [ 723500.0, 6178000.0 ], [ 723600.0, 6178000.0 ], [ 723600.0, 6177900.0 ], [ 723700.0, 6177900.0 ], [ 723700.0, 6177800.0 ], [ 723800.0, 6177800.0 ], [ 723800.0, 6177700.0 ], [ 723700.0, 6177700.0 ], [ 723700.0, 6177600.0 ], [ 723600.0, 6177600.0 ], [ 723600.0, 6177500.0 ], [ 723500.0, 6177500.0 ], [ 723500.0, 6177600.0 ], [ 723500.0, 6177700.0 ], [ 723500.0, 6177800.0 ] ] ] } },
{ "type": "Feature", "properties": { "Shape_Area": 30000.0, "Shape_Leng": 800.0, "cluster_id": "101_174", "fid_1": 174.0, "id_munic": 174.0, "munic_clus": "101_174", "munic_code": 101.0, "min": 2.9225261211395264, "max": 2.9225261211395264, "mean": 2.9225260416666665, "count": 3, "std": 7.947285984855057e-08, "range": 0.0 }, "geometry": { "type": "Polygon", "coordinates": [ [ [ 723600.0, 6177600.0 ], [ 723700.0, 6177600.0 ], [ 723700.0, 6177700.0 ], [ 723800.0, 6177700.0 ], [ 723800.0, 6177600.0 ], [ 723800.0, 6177500.0 ], [ 723700.0, 6177500.0 ], [ 723600.0, 6177500.0 ], [ 723600.0, 6177600.0 ] ] ] } },
{ "type": "Feature", "properties": { "Shape_Area": 30000.0, "Shape_Leng": 800.0, "cluster_id": "101_175", "fid_1": 175.0, "id_munic": 175.0, "munic_clus": "101_175", "munic_code": 101.0, "min": 3.1621127128601074, "max": 3.1621127128601074, "mean": 3.1621125539143882, "count": 3, "std": 1.5894571925301193e-07, "range": 0.0 }, "geometry": { "type": "Polygon", "coordinates": [ [ [ 723100.0, 6178000.0 ], [ 723200.0, 6178000.0 ], [ 723200.0, 6178100.0 ], [ 723300.0, 6178100.0 ], [ 723300.0, 6178000.0 ], [ 723300.0, 6177900.0 ], [ 723200.0, 6177900.0 ], [ 723100.0, 6177900.0 ], [ 723100.0, 6178000.0 ] ] ] } },
{ "type": "Feature", "properties": { "Shape_Area": 20000.0, "Shape_Leng": 600.0, "cluster_id": "101_176", "fid_1": 176.0, "id_munic": 176.0, "munic_clus": "101_176", "munic_code": 101.0, "min": 2.3030657768249512, "max": 2.3030657768249512, "mean": 2.3030657768249512, "count": 2, "std": 0.0, "range": 0.0 }, "geometry": { "type": "Polygon", "coordinates": [ [ [ 723300.0, 6178000.0 ], [ 723300.0, 6178100.0 ], [ 723400.0, 6178100.0 ], [ 723400.0, 6178000.0 ], [ 723400.0, 6177900.0 ], [ 723300.0, 6177900.0 ], [ 723300.0, 6178000.0 ] ] ] } },
{ "type": "Feature", "properties": { "Shape_Area": 30000.0, "Shape_Leng": 800.0, "cluster_id": "101_177", "fid_1": 177.0, "id_munic": 177.0, "munic_clus": "101_177", "munic_code": 101.0, "min": 3.6949355602264404, "max": 3.6949355602264404, "mean": 3.6949354807535806, "count": 3, "std": 7.947285984855057e-08, "range": 0.0 }, "geometry": { "type": "Polygon", "coordinates": [ [ [ 723100.0, 6177700.0 ], [ 723100.0, 6177800.0 ], [ 723200.0, 6177800.0 ], [ 723200.0, 6177700.0 ], [ 723300.0, 6177700.0 ], [ 723300.0, 6177600.0 ], [ 723200.0, 6177600.0 ], [ 723100.0, 6177600.0 ], [ 723100.0, 6177700.0 ] ] ] } },
{ "type": "Feature", "properties": { "Shape_Area": 10000.0, "Shape_Leng": 400.0, "cluster_id": "101_178", "fid_1": 178.0, "id_munic": 178.0, "munic_clus": "101_178", "munic_code": 101.0, "min": 2.8373878002166748, "max": 2.8373878002166748, "mean": 2.8373878002166748, "count": 1, "std": 0.0, "range": 0.0 }, "geometry": { "type": "Polygon", "coordinates": [ [ [ 723300.0, 6178100.0 ], [ 723300.0, 6178200.0 ], [ 723400.0, 6178200.0 ], [ 723400.0, 6178100.0 ], [ 723300.0, 6178100.0 ] ] ] } },
{ "type": "Feature", "properties": { "Shape_Area": 10000.0, "Shape_Leng": 400.0, "cluster_id": "101_179", "fid_1": 179.0, "id_munic": 179.0, "munic_clus": "101_179", "munic_code": 101.0, "min": 3.1254587173461914, "max": 3.1254587173461914, "mean": 3.1254587173461914, "count": 1, "std": 0.0, "range": 0.0 }, "geometry": { "type": "Polygon", "coordinates": [ [ [ 723400.0, 6178000.0 ], [ 723400.0, 6178100.0 ], [ 723500.0, 6178100.0 ], [ 723500.0, 6178000.0 ], [ 723400.0, 6178000.0 ] ] ] } },
{ "type": "Feature", "properties": { "Shape_Area": 30000.0, "Shape_Leng": 800.0, "cluster_id": "101_180", "fid_1": 180.0, "id_munic": 180.0, "munic_clus": "101_180", "munic_code": 101.0, "min": 3.3398871421813965, "max": 3.3398871421813965, "mean": 3.3398869832356772, "count": 3, "std": 1.5894571925301193e-07, "range": 0.0 }, "geometry": { "type": "Polygon", "coordinates": [ [ [ 723300.0, 6177700.0 ], [ 723300.0, 6177800.0 ], [ 723400.0, 6177800.0 ], [ 723400.0, 6177700.0 ], [ 723500.0, 6177700.0 ], [ 723500.0, 6177600.0 ], [ 723400.0, 6177600.0 ], [ 723300.0, 6177600.0 ], [ 723300.0, 6177700.0 ] ] ] } },
{ "type": "Feature", "properties": { "Shape_Area": 20000.0, "Shape_Leng": 600.0, "cluster_id": "101_181", "fid_1": 181.0, "id_munic": 181.0, "munic_clus": "101_181", "munic_code": 101.0, "min": 3.2550818920135498, "max": 3.2550818920135498, "mean": 3.2550818920135498, "count": 2, "std": 0.0, "range": 0.0 }, "geometry": { "type": "Polygon", "coordinates": [ [ [ 723400.0, 6177800.0 ], [ 723400.0, 6177900.0 ], [ 723500.0, 6177900.0 ], [ 723500.0, 6177800.0 ], [ 723500.0, 6177700.0 ], [ 723400.0, 6177700.0 ], [ 723400.0, 6177800.0 ] ] ] } },
{ "type": "Feature", "properties": { "Shape_Area": 10000.0, "Shape_Leng": 400.0, "cluster_id": "101_182", "fid_1": 182.0, "id_munic": 182.0, "munic_clus": "101_182", "munic_code": 101.0, "min": 3.8150618076324463, "max": 3.8150618076324463, "mean": 3.8150618076324463, "count": 1, "std": 0.0, "range": 0.0 }, "geometry": { "type": "Polygon", "coordinates": [ [ [ 723400.0, 6177400.0 ], [ 723400.0, 6177500.0 ], [ 723500.0, 6177500.0 ], [ 723500.0, 6177400.0 ], [ 723400.0, 6177400.0 ] ] ] } },
{ "type": "Feature", "properties": { "Shape_Area": 10000.0, "Shape_Leng": 400.0, "cluster_id": "101_183", "fid_1": 183.0, "id_munic": 183.0, "munic_clus": "101_183", "munic_code": 101.0, "min": 2.6272914409637451, "max": 2.6272914409637451, "mean": 2.6272914409637451, "count": 1, "std": 0.0, "range": 0.0 }, "geometry": { "type": "Polygon", "coordinates": [ [ [ 723300.0, 6177400.0 ], [ 723300.0, 6177500.0 ], [ 723400.0, 6177500.0 ], [ 723400.0, 6177400.0 ], [ 723300.0, 6177400.0 ] ] ] } },
{ "type": "Feature", "properties": { "Shape_Area": 30000.0, "Shape_Leng": 800.0, "cluster_id": "101_184", "fid_1": 184.0, "id_munic": 184.0, "munic_clus": "101_184", "munic_code": 101.0, "min": 3.6847720146179199, "max": 3.6847720146179199, "mean": 3.6847718556722007, "count": 3, "std": 1.5894571925301193e-07, "range": 0.0 }, "geometry": { "type": "Polygon", "coordinates": [ [ [ 721200.0, 6174500.0 ], [ 721200.0, 6174600.0 ], [ 721300.0, 6174600.0 ], [ 721300.0, 6174500.0 ], [ 721400.0, 6174500.0 ], [ 721400.0, 6174400.0 ], [ 721300.0, 6174400.0 ], [ 721200.0, 6174400.0 ], [ 721200.0, 6174500.0 ] ] ] } },
{ "type": "Feature", "properties": { "Shape_Area": 10000.0, "Shape_Leng": 400.0, "cluster_id": "101_185", "fid_1": 185.0, "id_munic": 185.0, "munic_clus": "101_185", "munic_code": 101.0, "min": 3.0926356315612793, "max": 3.0926356315612793, "mean": 3.0926356315612793, "count": 1, "std": 0.0, "range": 0.0 }, "geometry": { "type": "Polygon", "coordinates": [ [ [ 723400.0, 6178100.0 ], [ 723400.0, 6178200.0 ], [ 723500.0, 6178200.0 ], [ 723500.0, 6178100.0 ], [ 723400.0, 6178100.0 ] ] ] } },
{ "type": "Feature", "properties": { "Shape_Area": 20000.0, "Shape_Leng": 600.0, "cluster_id": "101_186", "fid_1": 186.0, "id_munic": 186.0, "munic_clus": "101_186", "munic_code": 101.0, "min": 3.3543822765350342, "max": 3.3543822765350342, "mean": 3.3543822765350342, "count": 2, "std": 0.0, "range": 0.0 }, "geometry": { "type": "Polygon", "coordinates": [ [ [ 723200.0, 6180600.0 ], [ 723300.0, 6180600.0 ], [ 723400.0, 6180600.0 ], [ 723400.0, 6180500.0 ], [ 723300.0, 6180500.0 ], [ 723200.0, 6180500.0 ], [ 723200.0, 6180600.0 ] ] ] } },
{ "type": "Feature", "properties": { "Shape_Area": 70000.0, "Shape_Leng": 1400.0, "cluster_id": "101_187", "fid_1": 187.0, "id_munic": 187.0, "munic_clus": "101_187", "munic_code": 101.0, "min": 3.8265576362609863, "max": 3.8265576362609863, "mean": 3.8265577043805803, "count": 7, "std": 6.8119593965576541e-08, "range": 0.0 }, "geometry": { "type": "Polygon", "coordinates": [ [ [ 723400.0, 6180700.0 ], [ 723400.0, 6180600.0 ], [ 723300.0, 6180600.0 ], [ 723200.0, 6180600.0 ], [ 723200.0, 6180700.0 ], [ 723100.0, 6180700.0 ], [ 723100.0, 6180800.0 ], [ 723100.0, 6180900.0 ], [ 723200.0, 6180900.0 ], [ 723200.0, 6181000.0 ], [ 723300.0, 6181000.0 ], [ 723300.0, 6180900.0 ], [ 723300.0, 6180800.0 ], [ 723300.0, 6180700.0 ], [ 723400.0, 6180700.0 ] ] ] } },
{ "type": "Feature", "properties": { "Shape_Area": 210000.0, "Shape_Leng": 2600.0, "cluster_id": "101_188", "fid_1": 188.0, "id_munic": 188.0, "munic_clus": "101_188", "munic_code": 101.0, "min": 2.804232120513916, "max": 2.804232120513916, "mean": 2.8042322794596353, "count": 21, "std": 1.5894571925301193e-07, "range": 0.0 }, "geometry": { "type": "Polygon", "coordinates": [ [ [ 722800.0, 6180800.0 ], [ 722700.0, 6180800.0 ], [ 722600.0, 6180800.0 ], [ 722600.0, 6180900.0 ], [ 722700.0, 6180900.0 ], [ 722700.0, 6181000.0 ], [ 722700.0, 6181100.0 ], [ 722800.0, 6181100.0 ], [ 722900.0, 6181100.0 ], [ 723000.0, 6181100.0 ], [ 723000.0, 6181000.0 ], [ 723100.0, 6181000.0 ], [ 723200.0, 6181000.0 ], [ 723200.0, 6180900.0 ], [ 723100.0, 6180900.0 ], [ 723100.0, 6180800.0 ], [ 723100.0, 6180700.0 ], [ 723200.0, 6180700.0 ], [ 723200.0, 6180600.0 ], [ 723200.0, 6180500.0 ], [ 723100.0, 6180500.0 ], [ 723000.0, 6180500.0 ], [ 723000.0, 6180600.0 ], [ 722900.0, 6180600.0 ], [ 722900.0, 6180700.0 ], [ 722800.0, 6180700.0 ], [ 722800.0, 6180800.0 ] ] ] } },
{ "type": "Feature", "properties": { "Shape_Area": 100000.0, "Shape_Leng": 1400.0, "cluster_id": "101_189", "fid_1": 189.0, "id_munic": 189.0, "munic_clus": "101_189", "munic_code": 101.0, "min": 3.1872711181640625, "max": 3.1872711181640625, "mean": 3.1872711181640625, "count": 10, "std": 0.0, "range": 0.0 }, "geometry": { "type": "Polygon", "coordinates": [ [ [ 718600.0, 6176900.0 ], [ 718500.0, 6176900.0 ], [ 718400.0, 6176900.0 ], [ 718300.0, 6176900.0 ], [ 718300.0, 6177000.0 ], [ 718200.0, 6177000.0 ], [ 718200.0, 6177100.0 ], [ 718200.0, 6177200.0 ], [ 718300.0, 6177200.0 ], [ 718400.0, 6177200.0 ], [ 718500.0, 6177200.0 ], [ 718500.0, 6177100.0 ], [ 718600.0, 6177100.0 ], [ 718600.0, 6177000.0 ], [ 718600.0, 6176900.0 ] ] ] } },
{ "type": "Feature", "properties": { "Shape_Area": 120000.0, "Shape_Leng": 1800.0, "cluster_id": "101_191", "fid_1": 191.0, "id_munic": 191.0, "munic_clus": "101_191", "munic_code": 101.0, "min": 3.3722097873687744, "max": 3.3722097873687744, "mean": 3.3722101847330728, "count": 12, "std": 3.9736429835457443e-07, "range": 0.0 }, "geometry": { "type": "Polygon", "coordinates": [ [ [ 718400.0, 6176600.0 ], [ 718400.0, 6176700.0 ], [ 718300.0, 6176700.0 ], [ 718200.0, 6176700.0 ], [ 718200.0, 6176800.0 ], [ 718200.0, 6176900.0 ], [ 718200.0, 6177000.0 ], [ 718300.0, 6177000.0 ], [ 718300.0, 6176900.0 ], [ 718400.0, 6176900.0 ], [ 718500.0, 6176900.0 ], [ 718600.0, 6176900.0 ], [ 718600.0, 6176800.0 ], [ 718700.0, 6176800.0 ], [ 718700.0, 6176700.0 ], [ 718600.0, 6176700.0 ], [ 718600.0, 6176600.0 ], [ 718500.0, 6176600.0 ], [ 718400.0, 6176600.0 ] ] ] } },
{ "type": "Feature", "properties": { "Shape_Area": 60000.0, "Shape_Leng": 1200.0, "cluster_id": "101_192", "fid_1": 192.0, "id_munic": 192.0, "munic_clus": "101_192", "munic_code": 101.0, "min": 3.4028658866882324, "max": 3.4028658866882324, "mean": 3.4028657277425132, "count": 6, "std": 1.5894571925301193e-07, "range": 0.0 }, "geometry": { "type": "Polygon", "coordinates": [ [ [ 718800.0, 6175900.0 ], [ 718900.0, 6175900.0 ], [ 719000.0, 6175900.0 ], [ 719000.0, 6176000.0 ], [ 719100.0, 6176000.0 ], [ 719100.0, 6175900.0 ], [ 719100.0, 6175800.0 ], [ 719000.0, 6175800.0 ], [ 719000.0, 6175700.0 ], [ 718900.0, 6175700.0 ], [ 718800.0, 6175700.0 ], [ 718800.0, 6175800.0 ], [ 718800.0, 6175900.0 ] ] ] } },
{ "type": "Feature", "properties": { "Shape_Area": 10000.0, "Shape_Leng": 400.0, "cluster_id": "101_193", "fid_1": 193.0, "id_munic": 193.0, "munic_clus": "101_193", "munic_code": 101.0, "min": 2.2705767154693604, "max": 2.2705767154693604, "mean": 2.2705767154693604, "count": 1, "std": 0.0, "range": 0.0 }, "geometry": { "type": "Polygon", "coordinates": [ [ [ 721300.0, 6174500.0 ], [ 721300.0, 6174600.0 ], [ 721400.0, 6174600.0 ], [ 721400.0, 6174500.0 ], [ 721300.0, 6174500.0 ] ] ] } },
{ "type": "Feature", "properties": { "Shape_Area": 30000.0, "Shape_Leng": 800.0, "cluster_id": "101_194", "fid_1": 194.0, "id_munic": 194.0, "munic_clus": "101_194", "munic_code": 101.0, "min": 3.8225593566894531, "max": 3.8225593566894531, "mean": 3.8225593566894531, "count": 3, "std": 0.0, "range": 0.0 }, "geometry": { "type": "Polygon", "coordinates": [ [ [ 718500.0, 6176600.0 ], [ 718600.0, 6176600.0 ], [ 718600.0, 6176700.0 ], [ 718700.0, 6176700.0 ], [ 718700.0, 6176600.0 ], [ 718700.0, 6176500.0 ], [ 718600.0, 6176500.0 ], [ 718500.0, 6176500.0 ], [ 718500.0, 6176600.0 ] ] ] } },
{ "type": "Feature", "properties": { "Shape_Area": 10000.0, "Shape_Leng": 400.0, "cluster_id": "101_195", "fid_1": 195.0, "id_munic": 195.0, "munic_clus": "101_195", "munic_code": 101.0, "min": 2.6186273097991943, "max": 2.6186273097991943, "mean": 2.6186273097991943, "count": 1, "std": 0.0, "range": 0.0 }, "geometry": { "type": "Polygon", "coordinates": [ [ [ 718400.0, 6176500.0 ], [ 718400.0, 6176600.0 ], [ 718500.0, 6176600.0 ], [ 718500.0, 6176500.0 ], [ 718400.0, 6176500.0 ] ] ] } },
{ "type": "Feature", "properties": { "Shape_Area": 10000.0, "Shape_Leng": 400.0, "cluster_id": "101_196", "fid_1": 196.0, "id_munic": 196.0, "munic_clus": "101_196", "munic_code": 101.0, "min": 3.9583475589752197, "max": 3.9583475589752197, "mean": 3.9583475589752197, "count": 1, "std": 0.0, "range": 0.0 }, "geometry": { "type": "Polygon", "coordinates": [ [ [ 727600.0, 6173300.0 ], [ 727600.0, 6173400.0 ], [ 727700.0, 6173400.0 ], [ 727700.0, 6173300.0 ], [ 727600.0, 6173300.0 ] ] ] } },
{ "type": "Feature", "properties": { "Shape_Area": 10000.0, "Shape_Leng": 400.0, "cluster_id": "101_197", "fid_1": 197.0, "id_munic": 197.0, "munic_clus": "101_197", "munic_code": 101.0, "min": 3.5171613693237305, "max": 3.5171613693237305, "mean": 3.5171613693237305, "count": 1, "std": 0.0, "range": 0.0 }, "geometry": { "type": "Polygon", "coordinates": [ [ [ 721400.0, 6174500.0 ], [ 721400.0, 6174600.0 ], [ 721500.0, 6174600.0 ], [ 721500.0, 6174500.0 ], [ 721400.0, 6174500.0 ] ] ] } },
{ "type": "Feature", "properties": { "Shape_Area": 10000.0, "Shape_Leng": 400.0, "cluster_id": "101_198", "fid_1": 198.0, "id_munic": 198.0, "munic_clus": "101_198", "munic_code": 101.0, "min": 4.3453855514526367, "max": 4.3453855514526367, "mean": 4.3453855514526367, "count": 1, "std": 0.0, "range": 0.0 }, "geometry": { "type": "Polygon", "coordinates": [ [ [ 727200.0, 6173600.0 ], [ 727200.0, 6173700.0 ], [ 727300.0, 6173700.0 ], [ 727300.0, 6173600.0 ], [ 727200.0, 6173600.0 ] ] ] } },
{ "type": "Feature", "properties": { "Shape_Area": 20000.0, "Shape_Leng": 600.0, "cluster_id": "101_199", "fid_1": 199.0, "id_munic": 199.0, "munic_clus": "101_199", "munic_code": 101.0, "min": 2.7767415046691895, "max": 2.7767415046691895, "mean": 2.7767415046691895, "count": 2, "std": 0.0, "range": 0.0 }, "geometry": { "type": "Polygon", "coordinates": [ [ [ 727600.0, 6172100.0 ], [ 727600.0, 6172200.0 ], [ 727700.0, 6172200.0 ], [ 727700.0, 6172100.0 ], [ 727700.0, 6172000.0 ], [ 727600.0, 6172000.0 ], [ 727600.0, 6172100.0 ] ] ] } },
{ "type": "Feature", "properties": { "Shape_Area": 20000.0, "Shape_Leng": 600.0, "cluster_id": "101_200", "fid_1": 200.0, "id_munic": 200.0, "munic_clus": "101_200", "munic_code": 101.0, "min": 3.3993668556213379, "max": 3.3993668556213379, "mean": 3.3993668556213379, "count": 2, "std": 0.0, "range": 0.0 }, "geometry": { "type": "Polygon", "coordinates": [ [ [ 727600.0, 6173100.0 ], [ 727700.0, 6173100.0 ], [ 727800.0, 6173100.0 ], [ 727800.0, 6173000.0 ], [ 727700.0, 6173000.0 ], [ 727600.0, 6173000.0 ], [ 727600.0, 6173100.0 ] ] ] } },
{ "type": "Feature", "properties": { "Shape_Area": 20000.0, "Shape_Leng": 600.0, "cluster_id": "101_201", "fid_1": 201.0, "id_munic": 201.0, "munic_clus": "101_201", "munic_code": 101.0, "min": 2.6196269989013672, "max": 2.6196269989013672, "mean": 2.6196269989013672, "count": 2, "std": 0.0, "range": 0.0 }, "geometry": { "type": "Polygon", "coordinates": [ [ [ 727300.0, 6173200.0 ], [ 727400.0, 6173200.0 ], [ 727500.0, 6173200.0 ], [ 727500.0, 6173100.0 ], [ 727400.0, 6173100.0 ], [ 727300.0, 6173100.0 ], [ 727300.0, 6173200.0 ] ] ] } },
{ "type": "Feature", "properties": { "Shape_Area": 10000.0, "Shape_Leng": 400.0, "cluster_id": "101_202", "fid_1": 202.0, "id_munic": 202.0, "munic_clus": "101_202", "munic_code": 101.0, "min": 2.8967013359069824, "max": 2.8967013359069824, "mean": 2.8967013359069824, "count": 1, "std": 0.0, "range": 0.0 }, "geometry": { "type": "Polygon", "coordinates": [ [ [ 727600.0, 6173400.0 ], [ 727600.0, 6173500.0 ], [ 727700.0, 6173500.0 ], [ 727700.0, 6173400.0 ], [ 727600.0, 6173400.0 ] ] ] } },
{ "type": "Feature", "properties": { "Shape_Area": 30000.0, "Shape_Leng": 800.0, "cluster_id": "101_203", "fid_1": 203.0, "id_munic": 203.0, "munic_clus": "101_203", "munic_code": 101.0, "min": 3.6316232681274414, "max": 3.6316232681274414, "mean": 3.6316232681274414, "count": 3, "std": 0.0, "range": 0.0 }, "geometry": { "type": "Polygon", "coordinates": [ [ [ 727200.0, 6173400.0 ], [ 727200.0, 6173500.0 ], [ 727300.0, 6173500.0 ], [ 727400.0, 6173500.0 ], [ 727400.0, 6173400.0 ], [ 727300.0, 6173400.0 ], [ 727300.0, 6173300.0 ], [ 727200.0, 6173300.0 ], [ 727200.0, 6173400.0 ] ] ] } },
{ "type": "Feature", "properties": { "Shape_Area": 110000.0, "Shape_Leng": 1800.0, "cluster_id": "101_204", "fid_1": 204.0, "id_munic": 204.0, "munic_clus": "101_204", "munic_code": 101.0, "min": 1.9906697273254395, "max": 1.9906697273254395, "mean": 1.9906695972789417, "count": 11, "std": 1.3004649779269073e-07, "range": 0.0 }, "geometry": { "type": "Polygon", "coordinates": [ [ [ 727900.0, 6171900.0 ], [ 727800.0, 6171900.0 ], [ 727700.0, 6171900.0 ], [ 727700.0, 6172000.0 ], [ 727700.0, 6172100.0 ], [ 727700.0, 6172200.0 ], [ 727600.0, 6172200.0 ], [ 727600.0, 6172300.0 ], [ 727700.0, 6172300.0 ], [ 727800.0, 6172300.0 ], [ 727800.0, 6172400.0 ], [ 727900.0, 6172400.0 ], [ 727900.0, 6172300.0 ], [ 727900.0, 6172200.0 ], [ 727900.0, 6172100.0 ], [ 728000.0, 6172100.0 ], [ 728000.0, 6172000.0 ], [ 727900.0, 6172000.0 ], [ 727900.0, 6171900.0 ] ] ] } },
{ "type": "Feature", "properties": { "Shape_Area": 80000.0, "Shape_Leng": 1400.0, "cluster_id": "101_205", "fid_1": 205.0, "id_munic": 205.0, "munic_clus": "101_205", "munic_code": 101.0, "min": 3.6774413585662842, "max": 3.6774413585662842, "mean": 3.6774411201477051, "count": 8, "std": 2.384185791015625e-07, "range": 0.0 }, "geometry": { "type": "Polygon", "coordinates": [ [ [ 727600.0, 6172300.0 ], [ 727500.0, 6172300.0 ], [ 727500.0, 6172400.0 ], [ 727500.0, 6172500.0 ], [ 727400.0, 6172500.0 ], [ 727400.0, 6172600.0 ], [ 727400.0, 6172700.0 ], [ 727500.0, 6172700.0 ], [ 727600.0, 6172700.0 ], [ 727600.0, 6172600.0 ], [ 727600.0, 6172500.0 ], [ 727700.0, 6172500.0 ], [ 727700.0, 6172400.0 ], [ 727700.0, 6172300.0 ], [ 727600.0, 6172300.0 ] ] ] } },
{ "type": "Feature", "properties": { "Shape_Area": 30000.0, "Shape_Leng": 800.0, "cluster_id": "101_206", "fid_1": 206.0, "id_munic": 206.0, "munic_clus": "101_206", "munic_code": 101.0, "min": 2.9648454189300537, "max": 2.9648454189300537, "mean": 2.9648453394571939, "count": 3, "std": 7.947285984855057e-08, "range": 0.0 }, "geometry": { "type": "Polygon", "coordinates": [ [ [ 727300.0, 6173100.0 ], [ 727400.0, 6173100.0 ], [ 727500.0, 6173100.0 ], [ 727600.0, 6173100.0 ], [ 727600.0, 6173000.0 ], [ 727500.0, 6173000.0 ], [ 727400.0, 6173000.0 ], [ 727300.0, 6173000.0 ], [ 727300.0, 6173100.0 ] ] ] } },
{ "type": "Feature", "properties": { "Shape_Area": 60000.0, "Shape_Leng": 1200.0, "cluster_id": "101_207", "fid_1": 207.0, "id_munic": 207.0, "munic_clus": "101_207", "munic_code": 101.0, "min": 3.5309903621673584, "max": 3.5309903621673584, "mean": 3.5309902826944985, "count": 6, "std": 7.947285984855057e-08, "range": 0.0 }, "geometry": { "type": "Polygon", "coordinates": [ [ [ 727300.0, 6173300.0 ], [ 727300.0, 6173400.0 ], [ 727400.0, 6173400.0 ], [ 727500.0, 6173400.0 ], [ 727600.0, 6173400.0 ], [ 727600.0, 6173300.0 ], [ 727500.0, 6173300.0 ], [ 727500.0, 6173200.0 ], [ 727400.0, 6173200.0 ], [ 727300.0, 6173200.0 ], [ 727200.0, 6173200.0 ], [ 727200.0, 6173300.0 ], [ 727300.0, 6173300.0 ] ] ] } },
{ "type": "Feature", "properties": { "Shape_Area": 20000.0, "Shape_Leng": 600.0, "cluster_id": "101_208", "fid_1": 208.0, "id_munic": 208.0, "munic_clus": "101_208", "munic_code": 101.0, "min": 3.0366547107696533, "max": 3.0366547107696533, "mean": 3.0366547107696533, "count": 2, "std": 0.0, "range": 0.0 }, "geometry": { "type": "Polygon", "coordinates": [ [ [ 727400.0, 6173500.0 ], [ 727500.0, 6173500.0 ], [ 727600.0, 6173500.0 ], [ 727600.0, 6173400.0 ], [ 727500.0, 6173400.0 ], [ 727400.0, 6173400.0 ], [ 727400.0, 6173500.0 ] ] ] } },
{ "type": "Feature", "properties": { "Shape_Area": 120000.0, "Shape_Leng": 1800.0, "cluster_id": "101_209", "fid_1": 209.0, "id_munic": 209.0, "munic_clus": "101_209", "munic_code": 101.0, "min": 3.153616189956665, "max": 3.153616189956665, "mean": 3.1536165873209634, "count": 12, "std": 3.9736429835457443e-07, "range": 0.0 }, "geometry": { "type": "Polygon", "coordinates": [ [ [ 728100.0, 6172000.0 ], [ 728000.0, 6172000.0 ], [ 728000.0, 6172100.0 ], [ 727900.0, 6172100.0 ], [ 727900.0, 6172200.0 ], [ 727900.0, 6172300.0 ], [ 727900.0, 6172400.0 ], [ 727800.0, 6172400.0 ], [ 727800.0, 6172500.0 ], [ 727900.0, 6172500.0 ], [ 728000.0, 6172500.0 ], [ 728000.0, 6172400.0 ], [ 728100.0, 6172400.0 ], [ 728200.0, 6172400.0 ], [ 728200.0, 6172300.0 ], [ 728200.0, 6172200.0 ], [ 728200.0, 6172100.0 ], [ 728100.0, 6172100.0 ], [ 728100.0, 6172000.0 ] ] ] } },
{ "type": "Feature", "properties": { "Shape_Area": 70000.0, "Shape_Leng": 1200.0, "cluster_id": "101_210", "fid_1": 210.0, "id_munic": 210.0, "munic_clus": "101_210", "munic_code": 101.0, "min": 4.0111632347106934, "max": 4.0111632347106934, "mean": 4.0111631665910989, "count": 7, "std": 6.8119594409665751e-08, "range": 0.0 }, "geometry": { "type": "Polygon", "coordinates": [ [ [ 727700.0, 6172700.0 ], [ 727600.0, 6172700.0 ], [ 727500.0, 6172700.0 ], [ 727400.0, 6172700.0 ], [ 727400.0, 6172800.0 ], [ 727300.0, 6172800.0 ], [ 727300.0, 6172900.0 ], [ 727400.0, 6172900.0 ], [ 727500.0, 6172900.0 ], [ 727600.0, 6172900.0 ], [ 727700.0, 6172900.0 ], [ 727700.0, 6172800.0 ], [ 727700.0, 6172700.0 ] ] ] } },
{ "type": "Feature", "properties": { "Shape_Area": 20000.0, "Shape_Leng": 600.0, "cluster_id": "101_211", "fid_1": 211.0, "id_munic": 211.0, "munic_clus": "101_211", "munic_code": 101.0, "min": 3.754915714263916, "max": 3.754915714263916, "mean": 3.754915714263916, "count": 2, "std": 0.0, "range": 0.0 }, "geometry": { "type": "Polygon", "coordinates": [ [ [ 727200.0, 6173600.0 ], [ 727300.0, 6173600.0 ], [ 727400.0, 6173600.0 ], [ 727400.0, 6173500.0 ], [ 727300.0, 6173500.0 ], [ 727200.0, 6173500.0 ], [ 727200.0, 6173600.0 ] ] ] } },
{ "type": "Feature", "properties": { "Shape_Area": 20000.0, "Shape_Leng": 600.0, "cluster_id": "101_212", "fid_1": 212.0, "id_munic": 212.0, "munic_clus": "101_212", "munic_code": 101.0, "min": 3.3703773021697998, "max": 3.3703773021697998, "mean": 3.3703773021697998, "count": 2, "std": 0.0, "range": 0.0 }, "geometry": { "type": "Polygon", "coordinates": [ [ [ 727600.0, 6172600.0 ], [ 727600.0, 6172700.0 ], [ 727700.0, 6172700.0 ], [ 727700.0, 6172600.0 ], [ 727700.0, 6172500.0 ], [ 727600.0, 6172500.0 ], [ 727600.0, 6172600.0 ] ] ] } },
{ "type": "Feature", "properties": { "Shape_Area": 40000.0, "Shape_Leng": 1000.0, "cluster_id": "101_213", "fid_1": 213.0, "id_munic": 213.0, "munic_clus": "101_213", "munic_code": 101.0, "min": 3.4705104827880859, "max": 3.4705104827880859, "mean": 3.4705104827880859, "count": 4, "std": 0.0, "range": 0.0 }, "geometry": { "type": "Polygon", "coordinates": [ [ [ 727700.0, 6172500.0 ], [ 727700.0, 6172600.0 ], [ 727700.0, 6172700.0 ], [ 727800.0, 6172700.0 ], [ 727800.0, 6172600.0 ], [ 727800.0, 6172500.0 ], [ 727800.0, 6172400.0 ], [ 727800.0, 6172300.0 ], [ 727700.0, 6172300.0 ], [ 727700.0, 6172400.0 ], [ 727700.0, 6172500.0 ] ] ] } },
{ "type": "Feature", "properties": { "Shape_Area": 20000.0, "Shape_Leng": 600.0, "cluster_id": "101_214", "fid_1": 214.0, "id_munic": 214.0, "munic_clus": "101_214", "munic_code": 101.0, "min": 2.5576472282409668, "max": 2.5576472282409668, "mean": 2.5576472282409668, "count": 2, "std": 0.0, "range": 0.0 }, "geometry": { "type": "Polygon", "coordinates": [ [ [ 727800.0, 6172600.0 ], [ 727900.0, 6172600.0 ], [ 728000.0, 6172600.0 ], [ 728000.0, 6172500.0 ], [ 727900.0, 6172500.0 ], [ 727800.0, 6172500.0 ], [ 727800.0, 6172600.0 ] ] ] } },
{ "type": "Feature", "properties": { "Shape_Area": 10000.0, "Shape_Leng": 400.0, "cluster_id": "101_215", "fid_1": 215.0, "id_munic": 215.0, "munic_clus": "101_215", "munic_code": 101.0, "min": 3.3212263584136963, "max": 3.3212263584136963, "mean": 3.3212263584136963, "count": 1, "std": 0.0, "range": 0.0 }, "geometry": { "type": "Polygon", "coordinates": [ [ [ 727100.0, 6173500.0 ], [ 727100.0, 6173600.0 ], [ 727200.0, 6173600.0 ], [ 727200.0, 6173500.0 ], [ 727100.0, 6173500.0 ] ] ] } },
{ "type": "Feature", "properties": { "Shape_Area": 10000.0, "Shape_Leng": 400.0, "cluster_id": "101_216", "fid_1": 216.0, "id_munic": 216.0, "munic_clus": "101_216", "munic_code": 101.0, "min": 3.2472512722015381, "max": 3.2472512722015381, "mean": 3.2472512722015381, "count": 1, "std": 0.0, "range": 0.0 }, "geometry": { "type": "Polygon", "coordinates": [ [ [ 727100.0, 6173600.0 ], [ 727100.0, 6173700.0 ], [ 727200.0, 6173700.0 ], [ 727200.0, 6173600.0 ], [ 727100.0, 6173600.0 ] ] ] } },
{ "type": "Feature", "properties": { "Shape_Area": 20000.0, "Shape_Leng": 600.0, "cluster_id": "101_217", "fid_1": 217.0, "id_munic": 217.0, "munic_clus": "101_217", "munic_code": 101.0, "min": 3.4936692714691162, "max": 3.4936692714691162, "mean": 3.4936692714691162, "count": 2, "std": 0.0, "range": 0.0 }, "geometry": { "type": "Polygon", "coordinates": [ [ [ 727100.0, 6173800.0 ], [ 727200.0, 6173800.0 ], [ 727300.0, 6173800.0 ], [ 727300.0, 6173700.0 ], [ 727200.0, 6173700.0 ], [ 727100.0, 6173700.0 ], [ 727100.0, 6173800.0 ] ] ] } },
{ "type": "Feature", "properties": { "Shape_Area": 40000.0, "Shape_Leng": 800.0, "cluster_id": "101_218", "fid_1": 218.0, "id_munic": 218.0, "munic_clus": "101_218", "munic_code": 101.0, "min": 3.2395868301391602, "max": 3.2395868301391602, "mean": 3.2395868301391602, "count": 4, "std": 0.0, "range": 0.0 }, "geometry": { "type": "Polygon", "coordinates": [ [ [ 727400.0, 6173800.0 ], [ 727300.0, 6173800.0 ], [ 727200.0, 6173800.0 ], [ 727200.0, 6173900.0 ], [ 727200.0, 6174000.0 ], [ 727300.0, 6174000.0 ], [ 727400.0, 6174000.0 ], [ 727400.0, 6173900.0 ], [ 727400.0, 6173800.0 ] ] ] } },
{ "type": "Feature", "properties": { "Shape_Area": 30000.0, "Shape_Leng": 800.0, "cluster_id": "101_219", "fid_1": 219.0, "id_munic": 219.0, "munic_clus": "101_219", "munic_code": 101.0, "min": 2.8070642948150635, "max": 2.8070642948150635, "mean": 2.8070643742879233, "count": 3, "std": 7.947285984855057e-08, "range": 0.0 }, "geometry": { "type": "Polygon", "coordinates": [ [ [ 726000.0, 6174900.0 ], [ 725900.0, 6174900.0 ], [ 725900.0, 6175000.0 ], [ 726000.0, 6175000.0 ], [ 726100.0, 6175000.0 ], [ 726100.0, 6174900.0 ], [ 726100.0, 6174800.0 ], [ 726000.0, 6174800.0 ], [ 726000.0, 6174900.0 ] ] ] } },
{ "type": "Feature", "properties": { "Shape_Area": 10000.0, "Shape_Leng": 400.0, "cluster_id": "101_220", "fid_1": 220.0, "id_munic": 220.0, "munic_clus": "101_220", "munic_code": 101.0, "min": 3.0564815998077393, "max": 3.0564815998077393, "mean": 3.0564815998077393, "count": 1, "std": 0.0, "range": 0.0 }, "geometry": { "type": "Polygon", "coordinates": [ [ [ 726600.0, 6173600.0 ], [ 726600.0, 6173700.0 ], [ 726700.0, 6173700.0 ], [ 726700.0, 6173600.0 ], [ 726600.0, 6173600.0 ] ] ] } },
{ "type": "Feature", "properties": { "Shape_Area": 10000.0, "Shape_Leng": 400.0, "cluster_id": "101_221", "fid_1": 221.0, "id_munic": 221.0, "munic_clus": "101_221", "munic_code": 101.0, "min": 3.2152621746063232, "max": 3.2152621746063232, "mean": 3.2152621746063232, "count": 1, "std": 0.0, "range": 0.0 }, "geometry": { "type": "Polygon", "coordinates": [ [ [ 726600.0, 6173800.0 ], [ 726600.0, 6173900.0 ], [ 726700.0, 6173900.0 ], [ 726700.0, 6173800.0 ], [ 726600.0, 6173800.0 ] ] ] } },
{ "type": "Feature", "properties": { "Shape_Area": 10000.0, "Shape_Leng": 400.0, "cluster_id": "101_222", "fid_1": 222.0, "id_munic": 222.0, "munic_clus": "101_222", "munic_code": 101.0, "min": 2.6032991409301758, "max": 2.6032991409301758, "mean": 2.6032991409301758, "count": 1, "std": 0.0, "range": 0.0 }, "geometry": { "type": "Polygon", "coordinates": [ [ [ 726500.0, 6173500.0 ], [ 726500.0, 6173600.0 ], [ 726600.0, 6173600.0 ], [ 726600.0, 6173500.0 ], [ 726500.0, 6173500.0 ] ] ] } },
{ "type": "Feature", "properties": { "Shape_Area": 10000.0, "Shape_Leng": 400.0, "cluster_id": "101_223", "fid_1": 223.0, "id_munic": 223.0, "munic_clus": "101_223", "munic_code": 101.0, "min": 2.4288570880889893, "max": 2.4288570880889893, "mean": 2.4288570880889893, "count": 1, "std": 0.0, "range": 0.0 }, "geometry": { "type": "Polygon", "coordinates": [ [ [ 726400.0, 6173800.0 ], [ 726400.0, 6173900.0 ], [ 726500.0, 6173900.0 ], [ 726500.0, 6173800.0 ], [ 726400.0, 6173800.0 ] ] ] } },
{ "type": "Feature", "properties": { "Shape_Area": 20000.0, "Shape_Leng": 600.0, "cluster_id": "101_224", "fid_1": 224.0, "id_munic": 224.0, "munic_clus": "101_224", "munic_code": 101.0, "min": 3.2312567234039307, "max": 3.2312567234039307, "mean": 3.2312567234039307, "count": 2, "std": 0.0, "range": 0.0 }, "geometry": { "type": "Polygon", "coordinates": [ [ [ 726500.0, 6173900.0 ], [ 726500.0, 6174000.0 ], [ 726600.0, 6174000.0 ], [ 726600.0, 6173900.0 ], [ 726600.0, 6173800.0 ], [ 726500.0, 6173800.0 ], [ 726500.0, 6173900.0 ] ] ] } },
{ "type": "Feature", "properties": { "Shape_Area": 10000.0, "Shape_Leng": 400.0, "cluster_id": "101_225", "fid_1": 225.0, "id_munic": 225.0, "munic_clus": "101_225", "munic_code": 101.0, "min": 3.2960681915283203, "max": 3.2960681915283203, "mean": 3.2960681915283203, "count": 1, "std": 0.0, "range": 0.0 }, "geometry": { "type": "Polygon", "coordinates": [ [ [ 726600.0, 6173500.0 ], [ 726600.0, 6173600.0 ], [ 726700.0, 6173600.0 ], [ 726700.0, 6173500.0 ], [ 726600.0, 6173500.0 ] ] ] } },
{ "type": "Feature", "properties": { "Shape_Area": 120000.0, "Shape_Leng": 1600.0, "cluster_id": "101_226", "fid_1": 226.0, "id_munic": 226.0, "munic_clus": "101_226", "munic_code": 101.0, "min": 3.7822394371032715, "max": 3.7822394371032715, "mean": 3.7822392781575522, "count": 12, "std": 1.5894571925301193e-07, "range": 0.0 }, "geometry": { "type": "Polygon", "coordinates": [ [ [ 726000.0, 6174300.0 ], [ 726000.0, 6174400.0 ], [ 726100.0, 6174400.0 ], [ 726200.0, 6174400.0 ], [ 726200.0, 6174300.0 ], [ 726300.0, 6174300.0 ], [ 726300.0, 6174200.0 ], [ 726400.0, 6174200.0 ], [ 726400.0, 6174100.0 ], [ 726300.0, 6174100.0 ], [ 726300.0, 6174000.0 ], [ 726200.0, 6174000.0 ], [ 726100.0, 6174000.0 ], [ 726000.0, 6174000.0 ], [ 726000.0, 6174100.0 ], [ 726000.0, 6174200.0 ], [ 726000.0, 6174300.0 ] ] ] } },
{ "type": "Feature", "properties": { "Shape_Area": 10000.0, "Shape_Leng": 400.0, "cluster_id": "101_227", "fid_1": 227.0, "id_munic": 227.0, "munic_clus": "101_227", "munic_code": 101.0, "min": 2.7549149990081787, "max": 2.7549149990081787, "mean": 2.7549149990081787, "count": 1, "std": 0.0, "range": 0.0 }, "geometry": { "type": "Polygon", "coordinates": [ [ [ 726400.0, 6173900.0 ], [ 726400.0, 6174000.0 ], [ 726500.0, 6174000.0 ], [ 726500.0, 6173900.0 ], [ 726400.0, 6173900.0 ] ] ] } },
{ "type": "Feature", "properties": { "Shape_Area": 30000.0, "Shape_Leng": 800.0, "cluster_id": "101_228", "fid_1": 228.0, "id_munic": 228.0, "munic_clus": "101_228", "munic_code": 101.0, "min": 4.0423197746276855, "max": 4.0423197746276855, "mean": 4.0423196156819658, "count": 3, "std": 1.5894571969710114e-07, "range": 0.0 }, "geometry": { "type": "Polygon", "coordinates": [ [ [ 721300.0, 6174100.0 ], [ 721300.0, 6174200.0 ], [ 721400.0, 6174200.0 ], [ 721500.0, 6174200.0 ], [ 721500.0, 6174100.0 ], [ 721400.0, 6174100.0 ], [ 721400.0, 6174000.0 ], [ 721300.0, 6174000.0 ], [ 721300.0, 6174100.0 ] ] ] } },
{ "type": "Feature", "properties": { "Shape_Area": 10000.0, "Shape_Leng": 400.0, "cluster_id": "101_229", "fid_1": 229.0, "id_munic": 229.0, "munic_clus": "101_229", "munic_code": 101.0, "min": 3.2144286632537842, "max": 3.2144286632537842, "mean": 3.2144286632537842, "count": 1, "std": 0.0, "range": 0.0 }, "geometry": { "type": "Polygon", "coordinates": [ [ [ 726100.0, 6173900.0 ], [ 726100.0, 6174000.0 ], [ 726200.0, 6174000.0 ], [ 726200.0, 6173900.0 ], [ 726100.0, 6173900.0 ] ] ] } },
{ "type": "Feature", "properties": { "Shape_Area": 40000.0, "Shape_Leng": 1000.0, "cluster_id": "101_230", "fid_1": 230.0, "id_munic": 230.0, "munic_clus": "101_230", "munic_code": 101.0, "min": 3.1864380836486816, "max": 3.1864380836486816, "mean": 3.1864380836486816, "count": 4, "std": 0.0, "range": 0.0 }, "geometry": { "type": "Polygon", "coordinates": [ [ [ 726300.0, 6174000.0 ], [ 726300.0, 6174100.0 ], [ 726400.0, 6174100.0 ], [ 726500.0, 6174100.0 ], [ 726500.0, 6174000.0 ], [ 726400.0, 6174000.0 ], [ 726400.0, 6173900.0 ], [ 726300.0, 6173900.0 ], [ 726200.0, 6173900.0 ], [ 726200.0, 6174000.0 ], [ 726300.0, 6174000.0 ] ] ] } },
{ "type": "Feature", "properties": { "Shape_Area": 20000.0, "Shape_Leng": 600.0, "cluster_id": "101_231", "fid_1": 231.0, "id_munic": 231.0, "munic_clus": "101_231", "munic_code": 101.0, "min": 3.0788071155548096, "max": 3.0788071155548096, "mean": 3.0788071155548096, "count": 2, "std": 0.0, "range": 0.0 }, "geometry": { "type": "Polygon", "coordinates": [ [ [ 726000.0, 6173900.0 ], [ 726000.0, 6174000.0 ], [ 726100.0, 6174000.0 ], [ 726100.0, 6173900.0 ], [ 726100.0, 6173800.0 ], [ 726000.0, 6173800.0 ], [ 726000.0, 6173900.0 ] ] ] } },
{ "type": "Feature", "properties": { "Shape_Area": 20000.0, "Shape_Leng": 600.0, "cluster_id": "101_232", "fid_1": 232.0, "id_munic": 232.0, "munic_clus": "101_232", "munic_code": 101.0, "min": 2.810563325881958, "max": 2.810563325881958, "mean": 2.810563325881958, "count": 2, "std": 0.0, "range": 0.0 }, "geometry": { "type": "Polygon", "coordinates": [ [ [ 726100.0, 6173900.0 ], [ 726200.0, 6173900.0 ], [ 726300.0, 6173900.0 ], [ 726300.0, 6173800.0 ], [ 726200.0, 6173800.0 ], [ 726100.0, 6173800.0 ], [ 726100.0, 6173900.0 ] ] ] } },
{ "type": "Feature", "properties": { "Shape_Area": 20000.0, "Shape_Leng": 600.0, "cluster_id": "101_233", "fid_1": 233.0, "id_munic": 233.0, "munic_clus": "101_233", "munic_code": 101.0, "min": 3.3703768253326416, "max": 3.3703768253326416, "mean": 3.3703768253326416, "count": 2, "std": 0.0, "range": 0.0 }, "geometry": { "type": "Polygon", "coordinates": [ [ [ 726100.0, 6173600.0 ], [ 726100.0, 6173700.0 ], [ 726200.0, 6173700.0 ], [ 726200.0, 6173600.0 ], [ 726200.0, 6173500.0 ], [ 726100.0, 6173500.0 ], [ 726100.0, 6173600.0 ] ] ] } },
{ "type": "Feature", "properties": { "Shape_Area": 10000.0, "Shape_Leng": 400.0, "cluster_id": "101_234", "fid_1": 234.0, "id_munic": 234.0, "munic_clus": "101_234", "munic_code": 101.0, "min": 3.5633125305175781, "max": 3.5633125305175781, "mean": 3.5633125305175781, "count": 1, "std": 0.0, "range": 0.0 }, "geometry": { "type": "Polygon", "coordinates": [ [ [ 726100.0, 6173700.0 ], [ 726100.0, 6173800.0 ], [ 726200.0, 6173800.0 ], [ 726200.0, 6173700.0 ], [ 726100.0, 6173700.0 ] ] ] } },
{ "type": "Feature", "properties": { "Shape_Area": 10000.0, "Shape_Leng": 400.0, "cluster_id": "101_235", "fid_1": 235.0, "id_munic": 235.0, "munic_clus": "101_235", "munic_code": 101.0, "min": 3.2492504119873047, "max": 3.2492504119873047, "mean": 3.2492504119873047, "count": 1, "std": 0.0, "range": 0.0 }, "geometry": { "type": "Polygon", "coordinates": [ [ [ 726300.0, 6173800.0 ], [ 726300.0, 6173900.0 ], [ 726400.0, 6173900.0 ], [ 726400.0, 6173800.0 ], [ 726300.0, 6173800.0 ] ] ] } },
{ "type": "Feature", "properties": { "Shape_Area": 10000.0, "Shape_Leng": 400.0, "cluster_id": "101_236", "fid_1": 236.0, "id_munic": 236.0, "munic_clus": "101_236", "munic_code": 101.0, "min": 3.2744085788726807, "max": 3.2744085788726807, "mean": 3.2744085788726807, "count": 1, "std": 0.0, "range": 0.0 }, "geometry": { "type": "Polygon", "coordinates": [ [ [ 726000.0, 6173400.0 ], [ 726000.0, 6173500.0 ], [ 726100.0, 6173500.0 ], [ 726100.0, 6173400.0 ], [ 726000.0, 6173400.0 ] ] ] } },
{ "type": "Feature", "properties": { "Shape_Area": 180000.0, "Shape_Leng": 2000.0, "cluster_id": "101_237", "fid_1": 237.0, "id_munic": 237.0, "munic_clus": "101_237", "munic_code": 101.0, "min": 2.8953685760498047, "max": 2.8953685760498047, "mean": 2.8953685760498047, "count": 18, "std": 0.0, "range": 0.0 }, "geometry": { "type": "Polygon", "coordinates": [ [ [ 725600.0, 6172300.0 ], [ 725600.0, 6172400.0 ], [ 725700.0, 6172400.0 ], [ 725700.0, 6172500.0 ], [ 725800.0, 6172500.0 ], [ 725900.0, 6172500.0 ], [ 726000.0, 6172500.0 ], [ 726000.0, 6172400.0 ], [ 726000.0, 6172300.0 ], [ 726000.0, 6172200.0 ], [ 726000.0, 6172100.0 ], [ 725900.0, 6172100.0 ], [ 725800.0, 6172100.0 ], [ 725800.0, 6172000.0 ], [ 725700.0, 6172000.0 ], [ 725600.0, 6172000.0 ], [ 725500.0, 6172000.0 ], [ 725500.0, 6172100.0 ], [ 725600.0, 6172100.0 ], [ 725600.0, 6172200.0 ], [ 725600.0, 6172300.0 ] ] ] } },
{ "type": "Feature", "properties": { "Shape_Area": 10000.0, "Shape_Leng": 400.0, "cluster_id": "101_238", "fid_1": 238.0, "id_munic": 238.0, "munic_clus": "101_238", "munic_code": 101.0, "min": 2.925025463104248, "max": 2.925025463104248, "mean": 2.925025463104248, "count": 1, "std": 0.0, "range": 0.0 }, "geometry": { "type": "Polygon", "coordinates": [ [ [ 726200.0, 6174800.0 ], [ 726200.0, 6174900.0 ], [ 726300.0, 6174900.0 ], [ 726300.0, 6174800.0 ], [ 726200.0, 6174800.0 ] ] ] } },
{ "type": "Feature", "properties": { "Shape_Area": 20000.0, "Shape_Leng": 600.0, "cluster_id": "101_239", "fid_1": 239.0, "id_munic": 239.0, "munic_clus": "101_239", "munic_code": 101.0, "min": 2.8410534858703613, "max": 2.8410534858703613, "mean": 2.8410534858703613, "count": 2, "std": 0.0, "range": 0.0 }, "geometry": { "type": "Polygon", "coordinates": [ [ [ 726100.0, 6174900.0 ], [ 726100.0, 6175000.0 ], [ 726200.0, 6175000.0 ], [ 726200.0, 6174900.0 ], [ 726200.0, 6174800.0 ], [ 726100.0, 6174800.0 ], [ 726100.0, 6174900.0 ] ] ] } },
{ "type": "Feature", "properties": { "Shape_Area": 270000.0, "Shape_Leng": 2200.0, "cluster_id": "101_240", "fid_1": 240.0, "id_munic": 240.0, "munic_clus": "101_240", "munic_code": 101.0, "min": 3.3113963603973389, "max": 3.3113963603973389, "mean": 3.3113959983543113, "count": 27, "std": 3.620430275574904e-07, "range": 0.0 }, "geometry": { "type": "Polygon", "coordinates": [ [ [ 725800.0, 6171000.0 ], [ 725800.0, 6171100.0 ], [ 725800.0, 6171200.0 ], [ 725900.0, 6171200.0 ], [ 725900.0, 6171300.0 ], [ 726000.0, 6171300.0 ], [ 726100.0, 6171300.0 ], [ 726200.0, 6171300.0 ], [ 726200.0, 6171200.0 ], [ 726200.0, 6171100.0 ], [ 726200.0, 6171000.0 ], [ 726200.0, 6170900.0 ], [ 726200.0, 6170800.0 ], [ 726200.0, 6170700.0 ], [ 726200.0, 6170600.0 ], [ 726100.0, 6170600.0 ], [ 726000.0, 6170600.0 ], [ 725900.0, 6170600.0 ], [ 725800.0, 6170600.0 ], [ 725800.0, 6170700.0 ], [ 725800.0, 6170800.0 ], [ 725800.0, 6170900.0 ], [ 725800.0, 6171000.0 ] ] ] } },
{ "type": "Feature", "properties": { "Shape_Area": 100000.0, "Shape_Leng": 1400.0, "cluster_id": "101_241", "fid_1": 241.0, "id_munic": 241.0, "munic_clus": "101_241", "munic_code": 101.0, "min": 2.9841721057891846, "max": 2.9841721057891846, "mean": 2.9841722488403319, "count": 10, "std": 1.4305114737211966e-07, "range": 0.0 }, "geometry": { "type": "Polygon", "coordinates": [ [ [ 726500.0, 6172000.0 ], [ 726400.0, 6172000.0 ], [ 726300.0, 6172000.0 ], [ 726200.0, 6172000.0 ], [ 726100.0, 6172000.0 ], [ 726000.0, 6172000.0 ], [ 726000.0, 6172100.0 ], [ 726000.0, 6172200.0 ], [ 726100.0, 6172200.0 ], [ 726200.0, 6172200.0 ], [ 726300.0, 6172200.0 ], [ 726400.0, 6172200.0 ], [ 726500.0, 6172200.0 ], [ 726500.0, 6172100.0 ], [ 726500.0, 6172000.0 ] ] ] } },
{ "type": "Feature", "properties": { "Shape_Area": 50000.0, "Shape_Leng": 1200.0, "cluster_id": "101_242", "fid_1": 242.0, "id_munic": 242.0, "munic_clus": "101_242", "munic_code": 101.0, "min": 3.2185940742492676, "max": 3.2185940742492676, "mean": 3.2185939788818358, "count": 5, "std": 9.5367431729442842e-08, "range": 0.0 }, "geometry": { "type": "Polygon", "coordinates": [ [ [ 726100.0, 6172000.0 ], [ 726200.0, 6172000.0 ], [ 726300.0, 6172000.0 ], [ 726400.0, 6172000.0 ], [ 726500.0, 6172000.0 ], [ 726500.0, 6171900.0 ], [ 726400.0, 6171900.0 ], [ 726300.0, 6171900.0 ], [ 726200.0, 6171900.0 ], [ 726100.0, 6171900.0 ], [ 726000.0, 6171900.0 ], [ 726000.0, 6172000.0 ], [ 726100.0, 6172000.0 ] ] ] } },
{ "type": "Feature", "properties": { "Shape_Area": 110000.0, "Shape_Leng": 1600.0, "cluster_id": "101_243", "fid_1": 243.0, "id_munic": 243.0, "munic_clus": "101_243", "munic_code": 101.0, "min": 2.8748753070831299, "max": 2.8748753070831299, "mean": 2.8748755021528765, "count": 11, "std": 1.9506974657801379e-07, "range": 0.0 }, "geometry": { "type": "Polygon", "coordinates": [ [ [ 726200.0, 6171600.0 ], [ 726100.0, 6171600.0 ], [ 726100.0, 6171700.0 ], [ 726100.0, 6171800.0 ], [ 726000.0, 6171800.0 ], [ 726000.0, 6171900.0 ], [ 726100.0, 6171900.0 ], [ 726200.0, 6171900.0 ], [ 726300.0, 6171900.0 ], [ 726400.0, 6171900.0 ], [ 726500.0, 6171900.0 ], [ 726500.0, 6171800.0 ], [ 726500.0, 6171700.0 ], [ 726400.0, 6171700.0 ], [ 726300.0, 6171700.0 ], [ 726300.0, 6171600.0 ], [ 726200.0, 6171600.0 ] ] ] } },
{ "type": "Feature", "properties": { "Shape_Area": 120000.0, "Shape_Leng": 1800.0, "cluster_id": "101_244", "fid_1": 244.0, "id_munic": 244.0, "munic_clus": "101_244", "munic_code": 101.0, "min": 3.7332561016082764, "max": 3.7332561016082764, "mean": 3.7332563400268555, "count": 12, "std": 2.384185791015625e-07, "range": 0.0 }, "geometry": { "type": "Polygon", "coordinates": [ [ [ 725900.0, 6171500.0 ], [ 725900.0, 6171600.0 ], [ 725800.0, 6171600.0 ], [ 725800.0, 6171700.0 ], [ 725900.0, 6171700.0 ], [ 726000.0, 6171700.0 ], [ 726000.0, 6171800.0 ], [ 726100.0, 6171800.0 ], [ 726100.0, 6171700.0 ], [ 726100.0, 6171600.0 ], [ 726100.0, 6171500.0 ], [ 726100.0, 6171400.0 ], [ 726100.0, 6171300.0 ], [ 726000.0, 6171300.0 ], [ 725900.0, 6171300.0 ], [ 725800.0, 6171300.0 ], [ 725800.0, 6171400.0 ], [ 725800.0, 6171500.0 ], [ 725900.0, 6171500.0 ] ] ] } },
{ "type": "Feature", "properties": { "Shape_Area": 130000.0, "Shape_Leng": 2000.0, "cluster_id": "101_245", "fid_1": 245.0, "id_munic": 245.0, "munic_clus": "101_245", "munic_code": 101.0, "min": 4.0364885330200195, "max": 4.0364885330200195, "mean": 4.0364884596604567, "count": 13, "std": 7.3359562868802186e-08, "range": 0.0 }, "geometry": { "type": "Polygon", "coordinates": [ [ [ 722200.0, 6174800.0 ], [ 722200.0, 6174900.0 ], [ 722300.0, 6174900.0 ], [ 722300.0, 6175000.0 ], [ 722400.0, 6175000.0 ], [ 722500.0, 6175000.0 ], [ 722500.0, 6175100.0 ], [ 722600.0, 6175100.0 ], [ 722600.0, 6175000.0 ], [ 722600.0, 6174900.0 ], [ 722600.0, 6174800.0 ], [ 722500.0, 6174800.0 ], [ 722500.0, 6174700.0 ], [ 722400.0, 6174700.0 ], [ 722300.0, 6174700.0 ], [ 722200.0, 6174700.0 ], [ 722100.0, 6174700.0 ], [ 722000.0, 6174700.0 ], [ 722000.0, 6174800.0 ], [ 722100.0, 6174800.0 ], [ 722200.0, 6174800.0 ] ] ] } },
{ "type": "Feature", "properties": { "Shape_Area": 20000.0, "Shape_Leng": 600.0, "cluster_id": "101_246", "fid_1": 246.0, "id_munic": 246.0, "munic_clus": "101_246", "munic_code": 101.0, "min": 3.0443189144134521, "max": 3.0443189144134521, "mean": 3.0443189144134521, "count": 2, "std": 0.0, "range": 0.0 }, "geometry": { "type": "Polygon", "coordinates": [ [ [ 725100.0, 6174400.0 ], [ 725100.0, 6174500.0 ], [ 725200.0, 6174500.0 ], [ 725200.0, 6174400.0 ], [ 725200.0, 6174300.0 ], [ 725100.0, 6174300.0 ], [ 725100.0, 6174400.0 ] ] ] } },
{ "type": "Feature", "properties": { "Shape_Area": 10000.0, "Shape_Leng": 400.0, "cluster_id": "101_247", "fid_1": 247.0, "id_munic": 247.0, "munic_clus": "101_247", "munic_code": 101.0, "min": 3.2650785446166992, "max": 3.2650785446166992, "mean": 3.2650785446166992, "count": 1, "std": 0.0, "range": 0.0 }, "geometry": { "type": "Polygon", "coordinates": [ [ [ 724900.0, 6174600.0 ], [ 724900.0, 6174700.0 ], [ 725000.0, 6174700.0 ], [ 725000.0, 6174600.0 ], [ 724900.0, 6174600.0 ] ] ] } },
{ "type": "Feature", "properties": { "Shape_Area": 10000.0, "Shape_Leng": 400.0, "cluster_id": "101_248", "fid_1": 248.0, "id_munic": 248.0, "munic_clus": "101_248", "munic_code": 101.0, "min": 3.0288240909576416, "max": 3.0288240909576416, "mean": 3.0288240909576416, "count": 1, "std": 0.0, "range": 0.0 }, "geometry": { "type": "Polygon", "coordinates": [ [ [ 725100.0, 6174600.0 ], [ 725100.0, 6174700.0 ], [ 725200.0, 6174700.0 ], [ 725200.0, 6174600.0 ], [ 725100.0, 6174600.0 ] ] ] } },
{ "type": "Feature", "properties": { "Shape_Area": 10000.0, "Shape_Leng": 400.0, "cluster_id": "101_249", "fid_1": 249.0, "id_munic": 249.0, "munic_clus": "101_249", "munic_code": 101.0, "min": 3.046318531036377, "max": 3.046318531036377, "mean": 3.046318531036377, "count": 1, "std": 0.0, "range": 0.0 }, "geometry": { "type": "Polygon", "coordinates": [ [ [ 725100.0, 6175000.0 ], [ 725100.0, 6175100.0 ], [ 725200.0, 6175100.0 ], [ 725200.0, 6175000.0 ], [ 725100.0, 6175000.0 ] ] ] } },
{ "type": "Feature", "properties": { "Shape_Area": 10000.0, "Shape_Leng": 400.0, "cluster_id": "101_250", "fid_1": 250.0, "id_munic": 250.0, "munic_clus": "101_250", "munic_code": 101.0, "min": 2.9433524608612061, "max": 2.9433524608612061, "mean": 2.9433524608612061, "count": 1, "std": 0.0, "range": 0.0 }, "geometry": { "type": "Polygon", "coordinates": [ [ [ 725200.0, 6174400.0 ], [ 725200.0, 6174500.0 ], [ 725300.0, 6174500.0 ], [ 725300.0, 6174400.0 ], [ 725200.0, 6174400.0 ] ] ] } },
{ "type": "Feature", "properties": { "Shape_Area": 30000.0, "Shape_Leng": 800.0, "cluster_id": "101_251", "fid_1": 251.0, "id_munic": 251.0, "munic_clus": "101_251", "munic_code": 101.0, "min": 3.7679111957550049, "max": 3.7679111957550049, "mean": 3.7679112752278647, "count": 3, "std": 7.947285984855057e-08, "range": 0.0 }, "geometry": { "type": "Polygon", "coordinates": [ [ [ 725000.0, 6174600.0 ], [ 725000.0, 6174700.0 ], [ 725100.0, 6174700.0 ], [ 725100.0, 6174600.0 ], [ 725200.0, 6174600.0 ], [ 725200.0, 6174500.0 ], [ 725100.0, 6174500.0 ], [ 725000.0, 6174500.0 ], [ 725000.0, 6174600.0 ] ] ] } },
{ "type": "Feature", "properties": { "Shape_Area": 20000.0, "Shape_Leng": 600.0, "cluster_id": "101_252", "fid_1": 252.0, "id_munic": 252.0, "munic_clus": "101_252", "munic_code": 101.0, "min": 2.8920364379882812, "max": 2.8920364379882812, "mean": 2.8920364379882812, "count": 2, "std": 0.0, "range": 0.0 }, "geometry": { "type": "Polygon", "coordinates": [ [ [ 725200.0, 6174600.0 ], [ 725300.0, 6174600.0 ], [ 725400.0, 6174600.0 ], [ 725400.0, 6174500.0 ], [ 725300.0, 6174500.0 ], [ 725200.0, 6174500.0 ], [ 725200.0, 6174600.0 ] ] ] } },
{ "type": "Feature", "properties": { "Shape_Area": 20000.0, "Shape_Leng": 600.0, "cluster_id": "101_253", "fid_1": 253.0, "id_munic": 253.0, "munic_clus": "101_253", "munic_code": 101.0, "min": 2.929523229598999, "max": 2.929523229598999, "mean": 2.929523229598999, "count": 2, "std": 0.0, "range": 0.0 }, "geometry": { "type": "Polygon", "coordinates": [ [ [ 718900.0, 6175100.0 ], [ 719000.0, 6175100.0 ], [ 719100.0, 6175100.0 ], [ 719100.0, 6175000.0 ], [ 719000.0, 6175000.0 ], [ 718900.0, 6175000.0 ], [ 718900.0, 6175100.0 ] ] ] } },
{ "type": "Feature", "properties": { "Shape_Area": 40000.0, "Shape_Leng": 800.0, "cluster_id": "101_254", "fid_1": 254.0, "id_munic": 254.0, "munic_clus": "101_254", "munic_code": 101.0, "min": 3.7584140300750732, "max": 3.7584140300750732, "mean": 3.7584140300750732, "count": 4, "std": 0.0, "range": 0.0 }, "geometry": { "type": "Polygon", "coordinates": [ [ [ 719500.0, 6174800.0 ], [ 719400.0, 6174800.0 ], [ 719300.0, 6174800.0 ], [ 719300.0, 6174900.0 ], [ 719300.0, 6175000.0 ], [ 719400.0, 6175000.0 ], [ 719500.0, 6175000.0 ], [ 719500.0, 6174900.0 ], [ 719500.0, 6174800.0 ] ] ] } },
{ "type": "Feature", "properties": { "Shape_Area": 20000.0, "Shape_Leng": 600.0, "cluster_id": "101_255", "fid_1": 255.0, "id_munic": 255.0, "munic_clus": "101_255", "munic_code": 101.0, "min": 3.1581146717071533, "max": 3.1581146717071533, "mean": 3.1581146717071533, "count": 2, "std": 0.0, "range": 0.0 }, "geometry": { "type": "Polygon", "coordinates": [ [ [ 719200.0, 6174800.0 ], [ 719300.0, 6174800.0 ], [ 719400.0, 6174800.0 ], [ 719400.0, 6174700.0 ], [ 719300.0, 6174700.0 ], [ 719200.0, 6174700.0 ], [ 719200.0, 6174800.0 ] ] ] } },
{ "type": "Feature", "properties": { "Shape_Area": 50000.0, "Shape_Leng": 1000.0, "cluster_id": "101_256", "fid_1": 256.0, "id_munic": 256.0, "munic_clus": "101_256", "munic_code": 101.0, "min": 2.8068978786468506, "max": 2.8068978786468506, "mean": 2.8068979263305662, "count": 5, "std": 4.7683715642676816e-08, "range": 0.0 }, "geometry": { "type": "Polygon", "coordinates": [ [ [ 719100.0, 6174600.0 ], [ 719100.0, 6174700.0 ], [ 719200.0, 6174700.0 ], [ 719300.0, 6174700.0 ], [ 719300.0, 6174600.0 ], [ 719300.0, 6174500.0 ], [ 719200.0, 6174500.0 ], [ 719200.0, 6174400.0 ], [ 719100.0, 6174400.0 ], [ 719100.0, 6174500.0 ], [ 719100.0, 6174600.0 ] ] ] } },
{ "type": "Feature", "properties": { "Shape_Area": 70000.0, "Shape_Leng": 1200.0, "cluster_id": "101_257", "fid_1": 257.0, "id_munic": 257.0, "munic_clus": "101_257", "munic_code": 101.0, "min": 2.6992673873901367, "max": 2.6992673873901367, "mean": 2.6992672511509488, "count": 7, "std": 1.3623918793115308e-07, "range": 0.0 }, "geometry": { "type": "Polygon", "coordinates": [ [ [ 718900.0, 6174400.0 ], [ 718900.0, 6174500.0 ], [ 718900.0, 6174600.0 ], [ 718900.0, 6174700.0 ], [ 719000.0, 6174700.0 ], [ 719100.0, 6174700.0 ], [ 719100.0, 6174600.0 ], [ 719100.0, 6174500.0 ], [ 719100.0, 6174400.0 ], [ 719100.0, 6174300.0 ], [ 719000.0, 6174300.0 ], [ 719000.0, 6174400.0 ], [ 718900.0, 6174400.0 ] ] ] } },
{ "type": "Feature", "properties": { "Shape_Area": 100000.0, "Shape_Leng": 1600.0, "cluster_id": "101_258", "fid_1": 258.0, "id_munic": 258.0, "munic_clus": "101_258", "munic_code": 101.0, "min": 3.7555818557739258, "max": 3.7555818557739258, "mean": 3.7555816650390623, "count": 10, "std": 1.9073486345888568e-07, "range": 0.0 }, "geometry": { "type": "Polygon", "coordinates": [ [ [ 719100.0, 6174300.0 ], [ 719100.0, 6174200.0 ], [ 719000.0, 6174200.0 ], [ 718900.0, 6174200.0 ], [ 718800.0, 6174200.0 ], [ 718800.0, 6174300.0 ], [ 718700.0, 6174300.0 ], [ 718700.0, 6174400.0 ], [ 718700.0, 6174500.0 ], [ 718700.0, 6174600.0 ], [ 718800.0, 6174600.0 ], [ 718900.0, 6174600.0 ], [ 718900.0, 6174500.0 ], [ 718900.0, 6174400.0 ], [ 719000.0, 6174400.0 ], [ 719000.0, 6174300.0 ], [ 719100.0, 6174300.0 ] ] ] } },
{ "type": "Feature", "properties": { "Shape_Area": 10000.0, "Shape_Leng": 400.0, "cluster_id": "101_259", "fid_1": 259.0, "id_munic": 259.0, "munic_clus": "101_259", "munic_code": 101.0, "min": 4.0679783821105957, "max": 4.0679783821105957, "mean": 4.0679783821105957, "count": 1, "std": 0.0, "range": 0.0 }, "geometry": { "type": "Polygon", "coordinates": [ [ [ 722300.0, 6177600.0 ], [ 722300.0, 6177700.0 ], [ 722400.0, 6177700.0 ], [ 722400.0, 6177600.0 ], [ 722300.0, 6177600.0 ] ] ] } },
{ "type": "Feature", "properties": { "Shape_Area": 20000.0, "Shape_Leng": 600.0, "cluster_id": "101_260", "fid_1": 260.0, "id_munic": 260.0, "munic_clus": "101_260", "munic_code": 101.0, "min": 3.4416866302490234, "max": 3.4416866302490234, "mean": 3.4416866302490234, "count": 2, "std": 0.0, "range": 0.0 }, "geometry": { "type": "Polygon", "coordinates": [ [ [ 722200.0, 6177800.0 ], [ 722200.0, 6177900.0 ], [ 722300.0, 6177900.0 ], [ 722300.0, 6177800.0 ], [ 722300.0, 6177700.0 ], [ 722200.0, 6177700.0 ], [ 722200.0, 6177800.0 ] ] ] } },
{ "type": "Feature", "properties": { "Shape_Area": 30000.0, "Shape_Leng": 800.0, "cluster_id": "101_261", "fid_1": 261.0, "id_munic": 261.0, "munic_clus": "101_261", "munic_code": 101.0, "min": 3.8742086887359619, "max": 3.8742086887359619, "mean": 3.8742087682088218, "count": 3, "std": 7.947285984855057e-08, "range": 0.0 }, "geometry": { "type": "Polygon", "coordinates": [ [ [ 722300.0, 6177800.0 ], [ 722300.0, 6177900.0 ], [ 722300.0, 6178000.0 ], [ 722400.0, 6178000.0 ], [ 722400.0, 6177900.0 ], [ 722400.0, 6177800.0 ], [ 722400.0, 6177700.0 ], [ 722300.0, 6177700.0 ], [ 722300.0, 6177800.0 ] ] ] } },
{ "type": "Feature", "properties": { "Shape_Area": 50000.0, "Shape_Leng": 1000.0, "cluster_id": "101_262", "fid_1": 262.0, "id_munic": 262.0, "munic_clus": "101_262", "munic_code": 101.0, "min": 2.923525333404541, "max": 2.923525333404541, "mean": 2.9235252380371093, "count": 5, "std": 9.5367431729442842e-08, "range": 0.0 }, "geometry": { "type": "Polygon", "coordinates": [ [ [ 719200.0, 6174700.0 ], [ 719100.0, 6174700.0 ], [ 719000.0, 6174700.0 ], [ 719000.0, 6174800.0 ], [ 719000.0, 6174900.0 ], [ 719100.0, 6174900.0 ], [ 719200.0, 6174900.0 ], [ 719300.0, 6174900.0 ], [ 719300.0, 6174800.0 ], [ 719200.0, 6174800.0 ], [ 719200.0, 6174700.0 ] ] ] } },
{ "type": "Feature", "properties": { "Shape_Area": 140000.0, "Shape_Leng": 1800.0, "cluster_id": "101_263", "fid_1": 263.0, "id_munic": 263.0, "munic_clus": "101_263", "munic_code": 101.0, "min": 1.8200597763061523, "max": 1.8200597763061523, "mean": 1.8200599125453405, "count": 14, "std": 1.3623918815319769e-07, "range": 0.0 }, "geometry": { "type": "Polygon", "coordinates": [ [ [ 718700.0, 6174900.0 ], [ 718700.0, 6175000.0 ], [ 718700.0, 6175100.0 ], [ 718800.0, 6175100.0 ], [ 718900.0, 6175100.0 ], [ 718900.0, 6175000.0 ], [ 719000.0, 6175000.0 ], [ 719100.0, 6175000.0 ], [ 719100.0, 6174900.0 ], [ 719000.0, 6174900.0 ], [ 719000.0, 6174800.0 ], [ 719000.0, 6174700.0 ], [ 718900.0, 6174700.0 ], [ 718900.0, 6174600.0 ], [ 718800.0, 6174600.0 ], [ 718700.0, 6174600.0 ], [ 718700.0, 6174700.0 ], [ 718700.0, 6174800.0 ], [ 718700.0, 6174900.0 ] ] ] } },
{ "type": "Feature", "properties": { "Shape_Area": 10000.0, "Shape_Leng": 400.0, "cluster_id": "101_264", "fid_1": 264.0, "id_munic": 264.0, "munic_clus": "101_264", "munic_code": 101.0, "min": 3.9303567409515381, "max": 3.9303567409515381, "mean": 3.9303567409515381, "count": 1, "std": 0.0, "range": 0.0 }, "geometry": { "type": "Polygon", "coordinates": [ [ [ 725800.0, 6175300.0 ], [ 725800.0, 6175400.0 ], [ 725900.0, 6175400.0 ], [ 725900.0, 6175300.0 ], [ 725800.0, 6175300.0 ] ] ] } },
{ "type": "Feature", "properties": { "Shape_Area": 10000.0, "Shape_Leng": 400.0, "cluster_id": "101_265", "fid_1": 265.0, "id_munic": 265.0, "munic_clus": "101_265", "munic_code": 101.0, "min": 4.1619472503662109, "max": 4.1619472503662109, "mean": 4.1619472503662109, "count": 1, "std": 0.0, "range": 0.0 }, "geometry": { "type": "Polygon", "coordinates": [ [ [ 725700.0, 6175200.0 ], [ 725700.0, 6175300.0 ], [ 725800.0, 6175300.0 ], [ 725800.0, 6175200.0 ], [ 725700.0, 6175200.0 ] ] ] } },
{ "type": "Feature", "properties": { "Shape_Area": 10000.0, "Shape_Leng": 400.0, "cluster_id": "101_266", "fid_1": 266.0, "id_munic": 266.0, "munic_clus": "101_266", "munic_code": 101.0, "min": 2.2714099884033203, "max": 2.2714099884033203, "mean": 2.2714099884033203, "count": 1, "std": 0.0, "range": 0.0 }, "geometry": { "type": "Polygon", "coordinates": [ [ [ 725900.0, 6175300.0 ], [ 725900.0, 6175400.0 ], [ 726000.0, 6175400.0 ], [ 726000.0, 6175300.0 ], [ 725900.0, 6175300.0 ] ] ] } },
{ "type": "Feature", "properties": { "Shape_Area": 130000.0, "Shape_Leng": 1800.0, "cluster_id": "101_267", "fid_1": 267.0, "id_munic": 267.0, "munic_clus": "101_267", "munic_code": 101.0, "min": 3.9283576011657715, "max": 3.9283576011657715, "mean": 3.9283573444073019, "count": 13, "std": 2.5675846959671844e-07, "range": 0.0 }, "geometry": { "type": "Polygon", "coordinates": [ [ [ 725700.0, 6175100.0 ], [ 725700.0, 6175200.0 ], [ 725800.0, 6175200.0 ], [ 725800.0, 6175300.0 ], [ 725900.0, 6175300.0 ], [ 726000.0, 6175300.0 ], [ 726100.0, 6175300.0 ], [ 726100.0, 6175200.0 ], [ 726100.0, 6175100.0 ], [ 726200.0, 6175100.0 ], [ 726200.0, 6175000.0 ], [ 726100.0, 6175000.0 ], [ 726000.0, 6175000.0 ], [ 725900.0, 6175000.0 ], [ 725900.0, 6174900.0 ], [ 725800.0, 6174900.0 ], [ 725800.0, 6175000.0 ], [ 725700.0, 6175000.0 ], [ 725700.0, 6175100.0 ] ] ] } },
{ "type": "Feature", "properties": { "Shape_Area": 10000.0, "Shape_Leng": 400.0, "cluster_id": "101_268", "fid_1": 268.0, "id_munic": 268.0, "munic_clus": "101_268", "munic_code": 101.0, "min": 3.570143461227417, "max": 3.570143461227417, "mean": 3.570143461227417, "count": 1, "std": 0.0, "range": 0.0 }, "geometry": { "type": "Polygon", "coordinates": [ [ [ 725700.0, 6175300.0 ], [ 725700.0, 6175400.0 ], [ 725800.0, 6175400.0 ], [ 725800.0, 6175300.0 ], [ 725700.0, 6175300.0 ] ] ] } },
{ "type": "Feature", "properties": { "Shape_Area": 10000.0, "Shape_Leng": 400.0, "cluster_id": "101_269", "fid_1": 269.0, "id_munic": 269.0, "munic_clus": "101_269", "munic_code": 101.0, "min": 3.5628128051757812, "max": 3.5628128051757812, "mean": 3.5628128051757812, "count": 1, "std": 0.0, "range": 0.0 }, "geometry": { "type": "Polygon", "coordinates": [ [ [ 726300.0, 6174700.0 ], [ 726300.0, 6174800.0 ], [ 726400.0, 6174800.0 ], [ 726400.0, 6174700.0 ], [ 726300.0, 6174700.0 ] ] ] } },
{ "type": "Feature", "properties": { "Shape_Area": 10000.0, "Shape_Leng": 400.0, "cluster_id": "101_270", "fid_1": 270.0, "id_munic": 270.0, "munic_clus": "101_270", "munic_code": 101.0, "min": 4.0394868850708008, "max": 4.0394868850708008, "mean": 4.0394868850708008, "count": 1, "std": 0.0, "range": 0.0 }, "geometry": { "type": "Polygon", "coordinates": [ [ [ 726500.0, 6174800.0 ], [ 726500.0, 6174900.0 ], [ 726600.0, 6174900.0 ], [ 726600.0, 6174800.0 ], [ 726500.0, 6174800.0 ] ] ] } },
{ "type": "Feature", "properties": { "Shape_Area": 30000.0, "Shape_Leng": 800.0, "cluster_id": "101_271", "fid_1": 271.0, "id_munic": 271.0, "munic_clus": "101_271", "munic_code": 101.0, "min": 2.8165614604949951, "max": 2.8165614604949951, "mean": 2.8165613810221353, "count": 3, "std": 7.947285984855057e-08, "range": 0.0 }, "geometry": { "type": "Polygon", "coordinates": [ [ [ 726300.0, 6175100.0 ], [ 726400.0, 6175100.0 ], [ 726500.0, 6175100.0 ], [ 726600.0, 6175100.0 ], [ 726600.0, 6175000.0 ], [ 726500.0, 6175000.0 ], [ 726400.0, 6175000.0 ], [ 726300.0, 6175000.0 ], [ 726300.0, 6175100.0 ] ] ] } },
{ "type": "Feature", "properties": { "Shape_Area": 10000.0, "Shape_Leng": 400.0, "cluster_id": "101_272", "fid_1": 272.0, "id_munic": 272.0, "munic_clus": "101_272", "munic_code": 101.0, "min": 2.880873441696167, "max": 2.880873441696167, "mean": 2.880873441696167, "count": 1, "std": 0.0, "range": 0.0 }, "geometry": { "type": "Polygon", "coordinates": [ [ [ 726200.0, 6175000.0 ], [ 726200.0, 6175100.0 ], [ 726300.0, 6175100.0 ], [ 726300.0, 6175000.0 ], [ 726200.0, 6175000.0 ] ] ] } },
{ "type": "Feature", "properties": { "Shape_Area": 20000.0, "Shape_Leng": 600.0, "cluster_id": "101_273", "fid_1": 273.0, "id_munic": 273.0, "munic_clus": "101_273", "munic_code": 101.0, "min": 2.5564811229705811, "max": 2.5564811229705811, "mean": 2.5564811229705811, "count": 2, "std": 0.0, "range": 0.0 }, "geometry": { "type": "Polygon", "coordinates": [ [ [ 726200.0, 6175000.0 ], [ 726300.0, 6175000.0 ], [ 726400.0, 6175000.0 ], [ 726400.0, 6174900.0 ], [ 726300.0, 6174900.0 ], [ 726200.0, 6174900.0 ], [ 726200.0, 6175000.0 ] ] ] } },
{ "type": "Feature", "properties": { "Shape_Area": 10000.0, "Shape_Leng": 400.0, "cluster_id": "101_274", "fid_1": 274.0, "id_munic": 274.0, "munic_clus": "101_274", "munic_code": 101.0, "min": 3.6717765331268311, "max": 3.6717765331268311, "mean": 3.6717765331268311, "count": 1, "std": 0.0, "range": 0.0 }, "geometry": { "type": "Polygon", "coordinates": [ [ [ 726300.0, 6174800.0 ], [ 726300.0, 6174900.0 ], [ 726400.0, 6174900.0 ], [ 726400.0, 6174800.0 ], [ 726300.0, 6174800.0 ] ] ] } },
{ "type": "Feature", "properties": { "Shape_Area": 10000.0, "Shape_Leng": 400.0, "cluster_id": "101_275", "fid_1": 275.0, "id_munic": 275.0, "munic_clus": "101_275", "munic_code": 101.0, "min": 3.2102634906768799, "max": 3.2102634906768799, "mean": 3.2102634906768799, "count": 1, "std": 0.0, "range": 0.0 }, "geometry": { "type": "Polygon", "coordinates": [ [ [ 726400.0, 6174900.0 ], [ 726400.0, 6175000.0 ], [ 726500.0, 6175000.0 ], [ 726500.0, 6174900.0 ], [ 726400.0, 6174900.0 ] ] ] } },
{ "type": "Feature", "properties": { "Shape_Area": 30000.0, "Shape_Leng": 800.0, "cluster_id": "101_276", "fid_1": 276.0, "id_munic": 276.0, "munic_clus": "101_276", "munic_code": 101.0, "min": 2.4590137004852295, "max": 2.4590137004852295, "mean": 2.4590136210123696, "count": 3, "std": 7.947285984855057e-08, "range": 0.0 }, "geometry": { "type": "Polygon", "coordinates": [ [ [ 719100.0, 6175800.0 ], [ 719200.0, 6175800.0 ], [ 719200.0, 6175900.0 ], [ 719300.0, 6175900.0 ], [ 719300.0, 6175800.0 ], [ 719300.0, 6175700.0 ], [ 719200.0, 6175700.0 ], [ 719100.0, 6175700.0 ], [ 719100.0, 6175800.0 ] ] ] } },
{ "type": "Feature", "properties": { "Shape_Area": 10000.0, "Shape_Leng": 400.0, "cluster_id": "101_277", "fid_1": 277.0, "id_munic": 277.0, "munic_clus": "101_277", "munic_code": 101.0, "min": 3.6004664897918701, "max": 3.6004664897918701, "mean": 3.6004664897918701, "count": 1, "std": 0.0, "range": 0.0 }, "geometry": { "type": "Polygon", "coordinates": [ [ [ 727100.0, 6174800.0 ], [ 727100.0, 6174900.0 ], [ 727200.0, 6174900.0 ], [ 727200.0, 6174800.0 ], [ 727100.0, 6174800.0 ] ] ] } },
{ "type": "Feature", "properties": { "Shape_Area": 10000.0, "Shape_Leng": 400.0, "cluster_id": "101_278", "fid_1": 278.0, "id_munic": 278.0, "munic_clus": "101_278", "munic_code": 101.0, "min": 3.1171278953552246, "max": 3.1171278953552246, "mean": 3.1171278953552246, "count": 1, "std": 0.0, "range": 0.0 }, "geometry": { "type": "Polygon", "coordinates": [ [ [ 726400.0, 6174800.0 ], [ 726400.0, 6174900.0 ], [ 726500.0, 6174900.0 ], [ 726500.0, 6174800.0 ], [ 726400.0, 6174800.0 ] ] ] } },
{ "type": "Feature", "properties": { "Shape_Area": 10000.0, "Shape_Leng": 400.0, "cluster_id": "101_279", "fid_1": 279.0, "id_munic": 279.0, "munic_clus": "101_279", "munic_code": 101.0, "min": 3.0726425647735596, "max": 3.0726425647735596, "mean": 3.0726425647735596, "count": 1, "std": 0.0, "range": 0.0 }, "geometry": { "type": "Polygon", "coordinates": [ [ [ 726500.0, 6174900.0 ], [ 726500.0, 6175000.0 ], [ 726600.0, 6175000.0 ], [ 726600.0, 6174900.0 ], [ 726500.0, 6174900.0 ] ] ] } },
{ "type": "Feature", "properties": { "Shape_Area": 10000.0, "Shape_Leng": 400.0, "cluster_id": "101_280", "fid_1": 280.0, "id_munic": 280.0, "munic_clus": "101_280", "munic_code": 101.0, "min": 3.4906697273254395, "max": 3.4906697273254395, "mean": 3.4906697273254395, "count": 1, "std": 0.0, "range": 0.0 }, "geometry": { "type": "Polygon", "coordinates": [ [ [ 726800.0, 6174700.0 ], [ 726800.0, 6174800.0 ], [ 726900.0, 6174800.0 ], [ 726900.0, 6174700.0 ], [ 726800.0, 6174700.0 ] ] ] } },
{ "type": "Feature", "properties": { "Shape_Area": 10000.0, "Shape_Leng": 400.0, "cluster_id": "101_281", "fid_1": 281.0, "id_munic": 281.0, "munic_clus": "101_281", "munic_code": 101.0, "min": 2.2980673313140869, "max": 2.2980673313140869, "mean": 2.2980673313140869, "count": 1, "std": 0.0, "range": 0.0 }, "geometry": { "type": "Polygon", "coordinates": [ [ [ 726600.0, 6174600.0 ], [ 726600.0, 6174700.0 ], [ 726700.0, 6174700.0 ], [ 726700.0, 6174600.0 ], [ 726600.0, 6174600.0 ] ] ] } },
{ "type": "Feature", "properties": { "Shape_Area": 10000.0, "Shape_Leng": 400.0, "cluster_id": "101_282", "fid_1": 282.0, "id_munic": 282.0, "munic_clus": "101_282", "munic_code": 101.0, "min": 2.7875709533691406, "max": 2.7875709533691406, "mean": 2.7875709533691406, "count": 1, "std": 0.0, "range": 0.0 }, "geometry": { "type": "Polygon", "coordinates": [ [ [ 726700.0, 6174700.0 ], [ 726700.0, 6174800.0 ], [ 726800.0, 6174800.0 ], [ 726800.0, 6174700.0 ], [ 726700.0, 6174700.0 ] ] ] } },
{ "type": "Feature", "properties": { "Shape_Area": 30000.0, "Shape_Leng": 800.0, "cluster_id": "101_283", "fid_1": 283.0, "id_munic": 283.0, "munic_clus": "101_283", "munic_code": 101.0, "min": 3.380206823348999, "max": 3.380206823348999, "mean": 3.3802067438761392, "count": 3, "std": 7.947285984855057e-08, "range": 0.0 }, "geometry": { "type": "Polygon", "coordinates": [ [ [ 726600.0, 6174800.0 ], [ 726600.0, 6174900.0 ], [ 726700.0, 6174900.0 ], [ 726800.0, 6174900.0 ], [ 726800.0, 6174800.0 ], [ 726700.0, 6174800.0 ], [ 726700.0, 6174700.0 ], [ 726600.0, 6174700.0 ], [ 726600.0, 6174800.0 ] ] ] } },
{ "type": "Feature", "properties": { "Shape_Area": 40000.0, "Shape_Leng": 800.0, "cluster_id": "101_284", "fid_1": 284.0, "id_munic": 284.0, "munic_clus": "101_284", "munic_code": 101.0, "min": 2.6839389801025391, "max": 2.6839389801025391, "mean": 2.6839389801025391, "count": 4, "std": 0.0, "range": 0.0 }, "geometry": { "type": "Polygon", "coordinates": [ [ [ 726600.0, 6174600.0 ], [ 726500.0, 6174600.0 ], [ 726400.0, 6174600.0 ], [ 726400.0, 6174700.0 ], [ 726400.0, 6174800.0 ], [ 726500.0, 6174800.0 ], [ 726600.0, 6174800.0 ], [ 726600.0, 6174700.0 ], [ 726600.0, 6174600.0 ] ] ] } },
{ "type": "Feature", "properties": { "Shape_Area": 220000.0, "Shape_Leng": 2200.0, "cluster_id": "101_285", "fid_1": 285.0, "id_munic": 285.0, "munic_clus": "101_285", "munic_code": 101.0, "min": 2.6002998352050781, "max": 2.6002998352050781, "mean": 2.6002998352050781, "count": 22, "std": 0.0, "range": 0.0 }, "geometry": { "type": "Polygon", "coordinates": [ [ [ 725800.0, 6174500.0 ], [ 725700.0, 6174500.0 ], [ 725600.0, 6174500.0 ], [ 725500.0, 6174500.0 ], [ 725500.0, 6174600.0 ], [ 725500.0, 6174700.0 ], [ 725600.0, 6174700.0 ], [ 725600.0, 6174800.0 ], [ 725600.0, 6174900.0 ], [ 725700.0, 6174900.0 ], [ 725800.0, 6174900.0 ], [ 725900.0, 6174900.0 ], [ 726000.0, 6174900.0 ], [ 726000.0, 6174800.0 ], [ 726100.0, 6174800.0 ], [ 726100.0, 6174700.0 ], [ 726100.0, 6174600.0 ], [ 726100.0, 6174500.0 ], [ 726000.0, 6174500.0 ], [ 726000.0, 6174400.0 ], [ 725900.0, 6174400.0 ], [ 725900.0, 6174500.0 ], [ 725800.0, 6174500.0 ] ] ] } },
{ "type": "Feature", "properties": { "Shape_Area": 10000.0, "Shape_Leng": 400.0, "cluster_id": "101_286", "fid_1": 286.0, "id_munic": 286.0, "munic_clus": "101_286", "munic_code": 101.0, "min": 2.3872041702270508, "max": 2.3872041702270508, "mean": 2.3872041702270508, "count": 1, "std": 0.0, "range": 0.0 }, "geometry": { "type": "Polygon", "coordinates": [ [ [ 727300.0, 6172500.0 ], [ 727300.0, 6172600.0 ], [ 727400.0, 6172600.0 ], [ 727400.0, 6172500.0 ], [ 727300.0, 6172500.0 ] ] ] } },
{ "type": "Feature", "properties": { "Shape_Area": 20000.0, "Shape_Leng": 600.0, "cluster_id": "101_287", "fid_1": 287.0, "id_munic": 287.0, "munic_clus": "101_287", "munic_code": 101.0, "min": 2.741253137588501, "max": 2.741253137588501, "mean": 2.741253137588501, "count": 2, "std": 0.0, "range": 0.0 }, "geometry": { "type": "Polygon", "coordinates": [ [ [ 727300.0, 6172400.0 ], [ 727400.0, 6172400.0 ], [ 727500.0, 6172400.0 ], [ 727500.0, 6172300.0 ], [ 727400.0, 6172300.0 ], [ 727300.0, 6172300.0 ], [ 727300.0, 6172400.0 ] ] ] } },
{ "type": "Feature", "properties": { "Shape_Area": 20000.0, "Shape_Leng": 600.0, "cluster_id": "101_288", "fid_1": 288.0, "id_munic": 288.0, "munic_clus": "101_288", "munic_code": 101.0, "min": 3.6712758541107178, "max": 3.6712758541107178, "mean": 3.6712758541107178, "count": 2, "std": 0.0, "range": 0.0 }, "geometry": { "type": "Polygon", "coordinates": [ [ [ 727300.0, 6172500.0 ], [ 727400.0, 6172500.0 ], [ 727500.0, 6172500.0 ], [ 727500.0, 6172400.0 ], [ 727400.0, 6172400.0 ], [ 727300.0, 6172400.0 ], [ 727300.0, 6172500.0 ] ] ] } },
{ "type": "Feature", "properties": { "Shape_Area": 40000.0, "Shape_Leng": 1000.0, "cluster_id": "101_289", "fid_1": 289.0, "id_munic": 289.0, "munic_clus": "101_289", "munic_code": 101.0, "min": 2.8165614604949951, "max": 2.8165614604949951, "mean": 2.8165614604949951, "count": 4, "std": 0.0, "range": 0.0 }, "geometry": { "type": "Polygon", "coordinates": [ [ [ 727200.0, 6172500.0 ], [ 727100.0, 6172500.0 ], [ 727100.0, 6172600.0 ], [ 727200.0, 6172600.0 ], [ 727300.0, 6172600.0 ], [ 727300.0, 6172500.0 ], [ 727300.0, 6172400.0 ], [ 727300.0, 6172300.0 ], [ 727200.0, 6172300.0 ], [ 727200.0, 6172400.0 ], [ 727200.0, 6172500.0 ] ] ] } },
{ "type": "Feature", "properties": { "Shape_Area": 80000.0, "Shape_Leng": 1200.0, "cluster_id": "101_290", "fid_1": 290.0, "id_munic": 290.0, "munic_clus": "101_290", "munic_code": 101.0, "min": 2.4868381023406982, "max": 2.4868381023406982, "mean": 2.4868381023406982, "count": 8, "std": 0.0, "range": 0.0 }, "geometry": { "type": "Polygon", "coordinates": [ [ [ 727200.0, 6172300.0 ], [ 727100.0, 6172300.0 ], [ 727000.0, 6172300.0 ], [ 726900.0, 6172300.0 ], [ 726900.0, 6172400.0 ], [ 726900.0, 6172500.0 ], [ 726900.0, 6172600.0 ], [ 727000.0, 6172600.0 ], [ 727100.0, 6172600.0 ], [ 727100.0, 6172500.0 ], [ 727200.0, 6172500.0 ], [ 727200.0, 6172400.0 ], [ 727200.0, 6172300.0 ] ] ] } },
{ "type": "Feature", "properties": { "Shape_Area": 50000.0, "Shape_Leng": 1000.0, "cluster_id": "101_291", "fid_1": 291.0, "id_munic": 291.0, "munic_clus": "101_291", "munic_code": 101.0, "min": 3.6517832279205322, "max": 3.6517832279205322, "mean": 3.6517833709716796, "count": 5, "std": 1.4305114737211966e-07, "range": 0.0 }, "geometry": { "type": "Polygon", "coordinates": [ [ [ 719300.0, 6175900.0 ], [ 719200.0, 6175900.0 ], [ 719200.0, 6176000.0 ], [ 719100.0, 6176000.0 ], [ 719100.0, 6176100.0 ], [ 719100.0, 6176200.0 ], [ 719200.0, 6176200.0 ], [ 719300.0, 6176200.0 ], [ 719300.0, 6176100.0 ], [ 719300.0, 6176000.0 ], [ 719300.0, 6175900.0 ] ] ] } },
{ "type": "Feature", "properties": { "Shape_Area": 20000.0, "Shape_Leng": 600.0, "cluster_id": "101_292", "fid_1": 292.0, "id_munic": 292.0, "munic_clus": "101_292", "munic_code": 101.0, "min": 2.8312234878540039, "max": 2.8312234878540039, "mean": 2.8312234878540039, "count": 2, "std": 0.0, "range": 0.0 }, "geometry": { "type": "Polygon", "coordinates": [ [ [ 728600.0, 6172700.0 ], [ 728700.0, 6172700.0 ], [ 728800.0, 6172700.0 ], [ 728800.0, 6172600.0 ], [ 728700.0, 6172600.0 ], [ 728600.0, 6172600.0 ], [ 728600.0, 6172700.0 ] ] ] } },
{ "type": "Feature", "properties": { "Shape_Area": 70000.0, "Shape_Leng": 1200.0, "cluster_id": "101_293", "fid_1": 293.0, "id_munic": 293.0, "munic_clus": "101_293", "munic_code": 101.0, "min": 3.3042325973510742, "max": 3.3042325973510742, "mean": 3.3042324611118863, "count": 7, "std": 1.3623918793115308e-07, "range": 0.0 }, "geometry": { "type": "Polygon", "coordinates": [ [ [ 728400.0, 6173000.0 ], [ 728300.0, 6173000.0 ], [ 728200.0, 6173000.0 ], [ 728200.0, 6173100.0 ], [ 728100.0, 6173100.0 ], [ 728100.0, 6173200.0 ], [ 728200.0, 6173200.0 ], [ 728200.0, 6173300.0 ], [ 728300.0, 6173300.0 ], [ 728400.0, 6173300.0 ], [ 728400.0, 6173200.0 ], [ 728400.0, 6173100.0 ], [ 728400.0, 6173000.0 ] ] ] } },
{ "type": "Feature", "properties": { "Shape_Area": 90000.0, "Shape_Leng": 1600.0, "cluster_id": "101_294", "fid_1": 294.0, "id_munic": 294.0, "munic_clus": "101_294", "munic_code": 101.0, "min": 3.1146283149719238, "max": 3.1146283149719238, "mean": 3.1146282619900174, "count": 9, "std": 5.2981906417670643e-08, "range": 0.0 }, "geometry": { "type": "Polygon", "coordinates": [ [ [ 728100.0, 6173200.0 ], [ 728100.0, 6173300.0 ], [ 728000.0, 6173300.0 ], [ 728000.0, 6173400.0 ], [ 728100.0, 6173400.0 ], [ 728200.0, 6173400.0 ], [ 728200.0, 6173500.0 ], [ 728300.0, 6173500.0 ], [ 728400.0, 6173500.0 ], [ 728500.0, 6173500.0 ], [ 728500.0, 6173400.0 ], [ 728500.0, 6173300.0 ], [ 728400.0, 6173300.0 ], [ 728300.0, 6173300.0 ], [ 728200.0, 6173300.0 ], [ 728200.0, 6173200.0 ], [ 728100.0, 6173200.0 ] ] ] } },
{ "type": "Feature", "properties": { "Shape_Area": 70000.0, "Shape_Leng": 1200.0, "cluster_id": "101_295", "fid_1": 295.0, "id_munic": 295.0, "munic_clus": "101_295", "munic_code": 101.0, "min": 3.0096635818481445, "max": 3.0096635818481445, "mean": 3.0096637180873325, "count": 7, "std": 1.3623918793115308e-07, "range": 0.0 }, "geometry": { "type": "Polygon", "coordinates": [ [ [ 728500.0, 6172800.0 ], [ 728400.0, 6172800.0 ], [ 728300.0, 6172800.0 ], [ 728200.0, 6172800.0 ], [ 728200.0, 6172900.0 ], [ 728200.0, 6173000.0 ], [ 728300.0, 6173000.0 ], [ 728400.0, 6173000.0 ], [ 728400.0, 6173100.0 ], [ 728500.0, 6173100.0 ], [ 728500.0, 6173000.0 ], [ 728500.0, 6172900.0 ], [ 728500.0, 6172800.0 ] ] ] } },
{ "type": "Feature", "properties": { "Shape_Area": 50000.0, "Shape_Leng": 1000.0, "cluster_id": "101_296", "fid_1": 296.0, "id_munic": 296.0, "munic_clus": "101_296", "munic_code": 101.0, "min": 2.6991002559661865, "max": 2.6991002559661865, "mean": 2.6991003036499022, "count": 5, "std": 4.7683715642676816e-08, "range": 0.0 }, "geometry": { "type": "Polygon", "coordinates": [ [ [ 728400.0, 6173500.0 ], [ 728300.0, 6173500.0 ], [ 728200.0, 6173500.0 ], [ 728200.0, 6173600.0 ], [ 728200.0, 6173700.0 ], [ 728200.0, 6173800.0 ], [ 728300.0, 6173800.0 ], [ 728300.0, 6173700.0 ], [ 728400.0, 6173700.0 ], [ 728400.0, 6173600.0 ], [ 728400.0, 6173500.0 ] ] ] } },
{ "type": "Feature", "properties": { "Shape_Area": 30000.0, "Shape_Leng": 800.0, "cluster_id": "101_297", "fid_1": 297.0, "id_munic": 297.0, "munic_clus": "101_297", "munic_code": 101.0, "min": 2.5149953365325928, "max": 2.5149953365325928, "mean": 2.5149952570597329, "count": 3, "std": 7.947285984855057e-08, "range": 0.0 }, "geometry": { "type": "Polygon", "coordinates": [ [ [ 728600.0, 6172800.0 ], [ 728500.0, 6172800.0 ], [ 728500.0, 6172900.0 ], [ 728600.0, 6172900.0 ], [ 728700.0, 6172900.0 ], [ 728700.0, 6172800.0 ], [ 728700.0, 6172700.0 ], [ 728600.0, 6172700.0 ], [ 728600.0, 6172800.0 ] ] ] } },
{ "type": "Feature", "properties": { "Shape_Area": 60000.0, "Shape_Leng": 1000.0, "cluster_id": "101_298", "fid_1": 298.0, "id_munic": 298.0, "munic_clus": "101_298", "munic_code": 101.0, "min": 2.6349549293518066, "max": 2.6349549293518066, "mean": 2.6349547704060874, "count": 6, "std": 1.5894571925301193e-07, "range": 0.0 }, "geometry": { "type": "Polygon", "coordinates": [ [ [ 728900.0, 6173400.0 ], [ 728800.0, 6173400.0 ], [ 728700.0, 6173400.0 ], [ 728600.0, 6173400.0 ], [ 728600.0, 6173500.0 ], [ 728600.0, 6173600.0 ], [ 728700.0, 6173600.0 ], [ 728800.0, 6173600.0 ], [ 728900.0, 6173600.0 ], [ 728900.0, 6173500.0 ], [ 728900.0, 6173400.0 ] ] ] } },
{ "type": "Feature", "properties": { "Shape_Area": 40000.0, "Shape_Leng": 800.0, "cluster_id": "101_299", "fid_1": 299.0, "id_munic": 299.0, "munic_clus": "101_299", "munic_code": 101.0, "min": 2.7807397842407227, "max": 2.7807397842407227, "mean": 2.7807397842407227, "count": 4, "std": 0.0, "range": 0.0 }, "geometry": { "type": "Polygon", "coordinates": [ [ [ 719600.0, 6176100.0 ], [ 719500.0, 6176100.0 ], [ 719400.0, 6176100.0 ], [ 719400.0, 6176200.0 ], [ 719400.0, 6176300.0 ], [ 719500.0, 6176300.0 ], [ 719600.0, 6176300.0 ], [ 719600.0, 6176200.0 ], [ 719600.0, 6176100.0 ] ] ] } },
{ "type": "Feature", "properties": { "Shape_Area": 230000.0, "Shape_Leng": 3000.0, "cluster_id": "101_300", "fid_1": 300.0, "id_munic": 300.0, "munic_clus": "101_300", "munic_code": 101.0, "min": 2.9293570518493652, "max": 2.9293570518493652, "mean": 2.9293571140455161, "count": 23, "std": 6.2196150896198787e-08, "range": 0.0 }, "geometry": { "type": "Polygon", "coordinates": [ [ [ 728800.0, 6173200.0 ], [ 728800.0, 6173300.0 ], [ 728800.0, 6173400.0 ], [ 728900.0, 6173400.0 ], [ 728900.0, 6173500.0 ], [ 728900.0, 6173600.0 ], [ 728800.0, 6173600.0 ], [ 728700.0, 6173600.0 ], [ 728700.0, 6173700.0 ], [ 728700.0, 6173800.0 ], [ 728600.0, 6173800.0 ], [ 728600.0, 6173900.0 ], [ 728700.0, 6173900.0 ], [ 728800.0, 6173900.0 ], [ 728800.0, 6174000.0 ], [ 728900.0, 6174000.0 ], [ 728900.0, 6173900.0 ], [ 729000.0, 6173900.0 ], [ 729000.0, 6173800.0 ], [ 729000.0, 6173700.0 ], [ 729100.0, 6173700.0 ], [ 729100.0, 6173600.0 ], [ 729100.0, 6173500.0 ], [ 729100.0, 6173400.0 ], [ 729200.0, 6173400.0 ], [ 729200.0, 6173300.0 ], [ 729100.0, 6173300.0 ], [ 729100.0, 6173200.0 ], [ 729000.0, 6173200.0 ], [ 728900.0, 6173200.0 ], [ 728800.0, 6173200.0 ] ] ] } },
{ "type": "Feature", "properties": { "Shape_Area": 100000.0, "Shape_Leng": 1600.0, "cluster_id": "101_301", "fid_1": 301.0, "id_munic": 301.0, "munic_clus": "101_301", "munic_code": 101.0, "min": 3.4711763858795166, "max": 3.4711763858795166, "mean": 3.471176528930664, "count": 10, "std": 1.4305114737211966e-07, "range": 0.0 }, "geometry": { "type": "Polygon", "coordinates": [ [ [ 728500.0, 6173500.0 ], [ 728400.0, 6173500.0 ], [ 728400.0, 6173600.0 ], [ 728400.0, 6173700.0 ], [ 728300.0, 6173700.0 ], [ 728300.0, 6173800.0 ], [ 728400.0, 6173800.0 ], [ 728500.0, 6173800.0 ], [ 728500.0, 6173900.0 ], [ 728600.0, 6173900.0 ], [ 728600.0, 6173800.0 ], [ 728700.0, 6173800.0 ], [ 728700.0, 6173700.0 ], [ 728700.0, 6173600.0 ], [ 728600.0, 6173600.0 ], [ 728600.0, 6173500.0 ], [ 728500.0, 6173500.0 ] ] ] } },
{ "type": "Feature", "properties": { "Shape_Area": 480000.0, "Shape_Leng": 4000.0, "cluster_id": "101_302", "fid_1": 302.0, "id_munic": 302.0, "munic_clus": "101_302", "munic_code": 101.0, "min": 3.3648786544799805, "max": 3.3648786544799805, "mean": 3.3648789723714194, "count": 48, "std": 3.1789143895011307e-07, "range": 0.0 }, "geometry": { "type": "Polygon", "coordinates": [ [ [ 728700.0, 6172700.0 ], [ 728700.0, 6172800.0 ], [ 728700.0, 6172900.0 ], [ 728700.0, 6173000.0 ], [ 728800.0, 6173000.0 ], [ 728800.0, 6173100.0 ], [ 728800.0, 6173200.0 ], [ 728900.0, 6173200.0 ], [ 729000.0, 6173200.0 ], [ 729100.0, 6173200.0 ], [ 729100.0, 6173300.0 ], [ 729200.0, 6173300.0 ], [ 729200.0, 6173200.0 ], [ 729300.0, 6173200.0 ], [ 729300.0, 6173100.0 ], [ 729400.0, 6173100.0 ], [ 729400.0, 6173000.0 ], [ 729500.0, 6173000.0 ], [ 729600.0, 6173000.0 ], [ 729700.0, 6173000.0 ], [ 729700.0, 6172900.0 ], [ 729700.0, 6172800.0 ], [ 729600.0, 6172800.0 ], [ 729600.0, 6172700.0 ], [ 729500.0, 6172700.0 ], [ 729400.0, 6172700.0 ], [ 729300.0, 6172700.0 ], [ 729200.0, 6172700.0 ], [ 729200.0, 6172600.0 ], [ 729100.0, 6172600.0 ], [ 729000.0, 6172600.0 ], [ 728900.0, 6172600.0 ], [ 728900.0, 6172500.0 ], [ 728800.0, 6172500.0 ], [ 728700.0, 6172500.0 ], [ 728600.0, 6172500.0 ], [ 728600.0, 6172600.0 ], [ 728700.0, 6172600.0 ], [ 728800.0, 6172600.0 ], [ 728800.0, 6172700.0 ], [ 728700.0, 6172700.0 ] ] ] } },
{ "type": "Feature", "properties": { "Shape_Area": 90000.0, "Shape_Leng": 1200.0, "cluster_id": "101_303", "fid_1": 303.0, "id_munic": 303.0, "munic_clus": "101_303", "munic_code": 101.0, "min": 3.450516939163208, "max": 3.450516939163208, "mean": 3.4505170186360679, "count": 9, "std": 7.947285984855057e-08, "range": 0.0 }, "geometry": { "type": "Polygon", "coordinates": [ [ [ 728600.0, 6172500.0 ], [ 728500.0, 6172500.0 ], [ 728400.0, 6172500.0 ], [ 728300.0, 6172500.0 ], [ 728300.0, 6172600.0 ], [ 728300.0, 6172700.0 ], [ 728300.0, 6172800.0 ], [ 728400.0, 6172800.0 ], [ 728500.0, 6172800.0 ], [ 728600.0, 6172800.0 ], [ 728600.0, 6172700.0 ], [ 728600.0, 6172600.0 ], [ 728600.0, 6172500.0 ] ] ] } },
{ "type": "Feature", "properties": { "Shape_Area": 20000.0, "Shape_Leng": 600.0, "cluster_id": "101_304", "fid_1": 304.0, "id_munic": 304.0, "munic_clus": "101_304", "munic_code": 101.0, "min": 3.4393539428710938, "max": 3.4393539428710938, "mean": 3.4393539428710938, "count": 2, "std": 0.0, "range": 0.0 }, "geometry": { "type": "Polygon", "coordinates": [ [ [ 726800.0, 6173900.0 ], [ 726800.0, 6174000.0 ], [ 726900.0, 6174000.0 ], [ 726900.0, 6173900.0 ], [ 726900.0, 6173800.0 ], [ 726800.0, 6173800.0 ], [ 726800.0, 6173900.0 ] ] ] } },
{ "type": "Feature", "properties": { "Shape_Area": 10000.0, "Shape_Leng": 400.0, "cluster_id": "101_305", "fid_1": 305.0, "id_munic": 305.0, "munic_clus": "101_305", "munic_code": 101.0, "min": 3.1056320667266846, "max": 3.1056320667266846, "mean": 3.1056320667266846, "count": 1, "std": 0.0, "range": 0.0 }, "geometry": { "type": "Polygon", "coordinates": [ [ [ 726300.0, 6174200.0 ], [ 726300.0, 6174300.0 ], [ 726400.0, 6174300.0 ], [ 726400.0, 6174200.0 ], [ 726300.0, 6174200.0 ] ] ] } },
{ "type": "Feature", "properties": { "Shape_Area": 30000.0, "Shape_Leng": 800.0, "cluster_id": "101_306", "fid_1": 306.0, "id_munic": 306.0, "munic_clus": "101_306", "munic_code": 101.0, "min": 3.1899368762969971, "max": 3.1899368762969971, "mean": 3.1899369557698569, "count": 3, "std": 7.947285984855057e-08, "range": 0.0 }, "geometry": { "type": "Polygon", "coordinates": [ [ [ 726700.0, 6174100.0 ], [ 726700.0, 6174200.0 ], [ 726800.0, 6174200.0 ], [ 726800.0, 6174100.0 ], [ 726900.0, 6174100.0 ], [ 726900.0, 6174000.0 ], [ 726800.0, 6174000.0 ], [ 726700.0, 6174000.0 ], [ 726700.0, 6174100.0 ] ] ] } },
{ "type": "Feature", "properties": { "Shape_Area": 20000.0, "Shape_Leng": 600.0, "cluster_id": "101_307", "fid_1": 307.0, "id_munic": 307.0, "munic_clus": "101_307", "munic_code": 101.0, "min": 3.5786402225494385, "max": 3.5786402225494385, "mean": 3.5786402225494385, "count": 2, "std": 0.0, "range": 0.0 }, "geometry": { "type": "Polygon", "coordinates": [ [ [ 726600.0, 6174000.0 ], [ 726700.0, 6174000.0 ], [ 726800.0, 6174000.0 ], [ 726800.0, 6173900.0 ], [ 726700.0, 6173900.0 ], [ 726600.0, 6173900.0 ], [ 726600.0, 6174000.0 ] ] ] } },
{ "type": "Feature", "properties": { "Shape_Area": 10000.0, "Shape_Leng": 400.0, "cluster_id": "101_308", "fid_1": 308.0, "id_munic": 308.0, "munic_clus": "101_308", "munic_code": 101.0, "min": 2.8560481071472168, "max": 2.8560481071472168, "mean": 2.8560481071472168, "count": 1, "std": 0.0, "range": 0.0 }, "geometry": { "type": "Polygon", "coordinates": [ [ [ 726500.0, 6174000.0 ], [ 726500.0, 6174100.0 ], [ 726600.0, 6174100.0 ], [ 726600.0, 6174000.0 ], [ 726500.0, 6174000.0 ] ] ] } },
{ "type": "Feature", "properties": { "Shape_Area": 10000.0, "Shape_Leng": 400.0, "cluster_id": "101_309", "fid_1": 309.0, "id_munic": 309.0, "munic_clus": "101_309", "munic_code": 101.0, "min": 3.4516830444335938, "max": 3.4516830444335938, "mean": 3.4516830444335938, "count": 1, "std": 0.0, "range": 0.0 }, "geometry": { "type": "Polygon", "coordinates": [ [ [ 726400.0, 6174300.0 ], [ 726400.0, 6174400.0 ], [ 726500.0, 6174400.0 ], [ 726500.0, 6174300.0 ], [ 726400.0, 6174300.0 ] ] ] } },
{ "type": "Feature", "properties": { "Shape_Area": 10000.0, "Shape_Leng": 400.0, "cluster_id": "101_310", "fid_1": 310.0, "id_munic": 310.0, "munic_clus": "101_310", "munic_code": 101.0, "min": 3.1236255168914795, "max": 3.1236255168914795, "mean": 3.1236255168914795, "count": 1, "std": 0.0, "range": 0.0 }, "geometry": { "type": "Polygon", "coordinates": [ [ [ 726100.0, 6174500.0 ], [ 726100.0, 6174600.0 ], [ 726200.0, 6174600.0 ], [ 726200.0, 6174500.0 ], [ 726100.0, 6174500.0 ] ] ] } },
{ "type": "Feature", "properties": { "Shape_Area": 20000.0, "Shape_Leng": 600.0, "cluster_id": "101_311", "fid_1": 311.0, "id_munic": 311.0, "munic_clus": "101_311", "munic_code": 101.0, "min": 3.2419195175170898, "max": 3.2419195175170898, "mean": 3.2419195175170898, "count": 2, "std": 0.0, "range": 0.0 }, "geometry": { "type": "Polygon", "coordinates": [ [ [ 726200.0, 6174700.0 ], [ 726300.0, 6174700.0 ], [ 726400.0, 6174700.0 ], [ 726400.0, 6174600.0 ], [ 726300.0, 6174600.0 ], [ 726200.0, 6174600.0 ], [ 726200.0, 6174700.0 ] ] ] } },
{ "type": "Feature", "properties": { "Shape_Area": 10000.0, "Shape_Leng": 400.0, "cluster_id": "101_312", "fid_1": 312.0, "id_munic": 312.0, "munic_clus": "101_312", "munic_code": 101.0, "min": 3.3996996879577637, "max": 3.3996996879577637, "mean": 3.3996996879577637, "count": 1, "std": 0.0, "range": 0.0 }, "geometry": { "type": "Polygon", "coordinates": [ [ [ 726200.0, 6174700.0 ], [ 726200.0, 6174800.0 ], [ 726300.0, 6174800.0 ], [ 726300.0, 6174700.0 ], [ 726200.0, 6174700.0 ] ] ] } },
{ "type": "Feature", "properties": { "Shape_Area": 20000.0, "Shape_Leng": 600.0, "cluster_id": "101_313", "fid_1": 313.0, "id_munic": 313.0, "munic_clus": "101_313", "munic_code": 101.0, "min": 3.2279243469238281, "max": 3.2279243469238281, "mean": 3.2279243469238281, "count": 2, "std": 0.0, "range": 0.0 }, "geometry": { "type": "Polygon", "coordinates": [ [ [ 726600.0, 6174100.0 ], [ 726600.0, 6174200.0 ], [ 726700.0, 6174200.0 ], [ 726700.0, 6174100.0 ], [ 726700.0, 6174000.0 ], [ 726600.0, 6174000.0 ], [ 726600.0, 6174100.0 ] ] ] } },
{ "type": "Feature", "properties": { "Shape_Area": 20000.0, "Shape_Leng": 600.0, "cluster_id": "101_314", "fid_1": 314.0, "id_munic": 314.0, "munic_clus": "101_314", "munic_code": 101.0, "min": 2.8770415782928467, "max": 2.8770415782928467, "mean": 2.8770415782928467, "count": 2, "std": 0.0, "range": 0.0 }, "geometry": { "type": "Polygon", "coordinates": [ [ [ 726200.0, 6174600.0 ], [ 726300.0, 6174600.0 ], [ 726400.0, 6174600.0 ], [ 726400.0, 6174500.0 ], [ 726300.0, 6174500.0 ], [ 726200.0, 6174500.0 ], [ 726200.0, 6174600.0 ] ] ] } },
{ "type": "Feature", "properties": { "Shape_Area": 10000.0, "Shape_Leng": 400.0, "cluster_id": "101_315", "fid_1": 315.0, "id_munic": 315.0, "munic_clus": "101_315", "munic_code": 101.0, "min": 2.6012997627258301, "max": 2.6012997627258301, "mean": 2.6012997627258301, "count": 1, "std": 0.0, "range": 0.0 }, "geometry": { "type": "Polygon", "coordinates": [ [ [ 726400.0, 6174500.0 ], [ 726400.0, 6174600.0 ], [ 726500.0, 6174600.0 ], [ 726500.0, 6174500.0 ], [ 726400.0, 6174500.0 ] ] ] } },
{ "type": "Feature", "properties": { "Shape_Area": 10000.0, "Shape_Leng": 400.0, "cluster_id": "101_316", "fid_1": 316.0, "id_munic": 316.0, "munic_clus": "101_316", "munic_code": 101.0, "min": 3.0429861545562744, "max": 3.0429861545562744, "mean": 3.0429861545562744, "count": 1, "std": 0.0, "range": 0.0 }, "geometry": { "type": "Polygon", "coordinates": [ [ [ 726300.0, 6174400.0 ], [ 726300.0, 6174500.0 ], [ 726400.0, 6174500.0 ], [ 726400.0, 6174400.0 ], [ 726300.0, 6174400.0 ] ] ] } },
{ "type": "Feature", "properties": { "Shape_Area": 10000.0, "Shape_Leng": 400.0, "cluster_id": "101_317", "fid_1": 317.0, "id_munic": 317.0, "munic_clus": "101_317", "munic_code": 101.0, "min": 3.9468517303466797, "max": 3.9468517303466797, "mean": 3.9468517303466797, "count": 1, "std": 0.0, "range": 0.0 }, "geometry": { "type": "Polygon", "coordinates": [ [ [ 726300.0, 6174300.0 ], [ 726300.0, 6174400.0 ], [ 726400.0, 6174400.0 ], [ 726400.0, 6174300.0 ], [ 726300.0, 6174300.0 ] ] ] } },
{ "type": "Feature", "properties": { "Shape_Area": 10000.0, "Shape_Leng": 400.0, "cluster_id": "101_318", "fid_1": 318.0, "id_munic": 318.0, "munic_clus": "101_318", "munic_code": 101.0, "min": 3.5099968910217285, "max": 3.5099968910217285, "mean": 3.5099968910217285, "count": 1, "std": 0.0, "range": 0.0 }, "geometry": { "type": "Polygon", "coordinates": [ [ [ 726400.0, 6174400.0 ], [ 726400.0, 6174500.0 ], [ 726500.0, 6174500.0 ], [ 726500.0, 6174400.0 ], [ 726400.0, 6174400.0 ] ] ] } },
{ "type": "Feature", "properties": { "Shape_Area": 10000.0, "Shape_Leng": 400.0, "cluster_id": "101_319", "fid_1": 319.0, "id_munic": 319.0, "munic_clus": "101_319", "munic_code": 101.0, "min": 2.8138957023620605, "max": 2.8138957023620605, "mean": 2.8138957023620605, "count": 1, "std": 0.0, "range": 0.0 }, "geometry": { "type": "Polygon", "coordinates": [ [ [ 726200.0, 6174300.0 ], [ 726200.0, 6174400.0 ], [ 726300.0, 6174400.0 ], [ 726300.0, 6174300.0 ], [ 726200.0, 6174300.0 ] ] ] } },
{ "type": "Feature", "properties": { "Shape_Area": 20000.0, "Shape_Leng": 600.0, "cluster_id": "101_320", "fid_1": 320.0, "id_munic": 320.0, "munic_clus": "101_320", "munic_code": 101.0, "min": 2.8892037868499756, "max": 2.8892037868499756, "mean": 2.8892037868499756, "count": 2, "std": 0.0, "range": 0.0 }, "geometry": { "type": "Polygon", "coordinates": [ [ [ 719300.0, 6176100.0 ], [ 719300.0, 6176200.0 ], [ 719400.0, 6176200.0 ], [ 719400.0, 6176100.0 ], [ 719400.0, 6176000.0 ], [ 719300.0, 6176000.0 ], [ 719300.0, 6176100.0 ] ] ] } },
{ "type": "Feature", "properties": { "Shape_Area": 20000.0, "Shape_Leng": 600.0, "cluster_id": "101_321", "fid_1": 321.0, "id_munic": 321.0, "munic_clus": "101_321", "munic_code": 101.0, "min": 2.9493503570556641, "max": 2.9493503570556641, "mean": 2.9493503570556641, "count": 2, "std": 0.0, "range": 0.0 }, "geometry": { "type": "Polygon", "coordinates": [ [ [ 726100.0, 6174700.0 ], [ 726100.0, 6174800.0 ], [ 726200.0, 6174800.0 ], [ 726200.0, 6174700.0 ], [ 726200.0, 6174600.0 ], [ 726100.0, 6174600.0 ], [ 726100.0, 6174700.0 ] ] ] } },
{ "type": "Feature", "properties": { "Shape_Area": 10000.0, "Shape_Leng": 400.0, "cluster_id": "101_322", "fid_1": 322.0, "id_munic": 322.0, "munic_clus": "101_322", "munic_code": 101.0, "min": 2.6222927570343018, "max": 2.6222927570343018, "mean": 2.6222927570343018, "count": 1, "std": 0.0, "range": 0.0 }, "geometry": { "type": "Polygon", "coordinates": [ [ [ 726600.0, 6174200.0 ], [ 726600.0, 6174300.0 ], [ 726700.0, 6174300.0 ], [ 726700.0, 6174200.0 ], [ 726600.0, 6174200.0 ] ] ] } },
{ "type": "Feature", "properties": { "Shape_Area": 40000.0, "Shape_Leng": 800.0, "cluster_id": "101_323", "fid_1": 323.0, "id_munic": 323.0, "munic_clus": "101_323", "munic_code": 101.0, "min": 2.9405200481414795, "max": 2.9405200481414795, "mean": 2.9405200481414795, "count": 4, "std": 0.0, "range": 0.0 }, "geometry": { "type": "Polygon", "coordinates": [ [ [ 726200.0, 6175400.0 ], [ 726100.0, 6175400.0 ], [ 726000.0, 6175400.0 ], [ 726000.0, 6175500.0 ], [ 726000.0, 6175600.0 ], [ 726100.0, 6175600.0 ], [ 726200.0, 6175600.0 ], [ 726200.0, 6175500.0 ], [ 726200.0, 6175400.0 ] ] ] } },
{ "type": "Feature", "properties": { "Shape_Area": 10000.0, "Shape_Leng": 400.0, "cluster_id": "101_324", "fid_1": 324.0, "id_munic": 324.0, "munic_clus": "101_324", "munic_code": 101.0, "min": 2.7755749225616455, "max": 2.7755749225616455, "mean": 2.7755749225616455, "count": 1, "std": 0.0, "range": 0.0 }, "geometry": { "type": "Polygon", "coordinates": [ [ [ 727500.0, 6174600.0 ], [ 727500.0, 6174700.0 ], [ 727600.0, 6174700.0 ], [ 727600.0, 6174600.0 ], [ 727500.0, 6174600.0 ] ] ] } },
{ "type": "Feature", "properties": { "Shape_Area": 10000.0, "Shape_Leng": 400.0, "cluster_id": "101_325", "fid_1": 325.0, "id_munic": 325.0, "munic_clus": "101_325", "munic_code": 101.0, "min": 2.0673110485076904, "max": 2.0673110485076904, "mean": 2.0673110485076904, "count": 1, "std": 0.0, "range": 0.0 }, "geometry": { "type": "Polygon", "coordinates": [ [ [ 727400.0, 6174400.0 ], [ 727400.0, 6174500.0 ], [ 727500.0, 6174500.0 ], [ 727500.0, 6174400.0 ], [ 727400.0, 6174400.0 ] ] ] } },
{ "type": "Feature", "properties": { "Shape_Area": 10000.0, "Shape_Leng": 400.0, "cluster_id": "101_326", "fid_1": 326.0, "id_munic": 326.0, "munic_clus": "101_326", "munic_code": 101.0, "min": 2.9390206336975098, "max": 2.9390206336975098, "mean": 2.9390206336975098, "count": 1, "std": 0.0, "range": 0.0 }, "geometry": { "type": "Polygon", "coordinates": [ [ [ 727500.0, 6174500.0 ], [ 727500.0, 6174600.0 ], [ 727600.0, 6174600.0 ], [ 727600.0, 6174500.0 ], [ 727500.0, 6174500.0 ] ] ] } },
{ "type": "Feature", "properties": { "Shape_Area": 70000.0, "Shape_Leng": 1200.0, "cluster_id": "101_327", "fid_1": 327.0, "id_munic": 327.0, "munic_clus": "101_327", "munic_code": 101.0, "min": 4.2595810890197754, "max": 4.2595810890197754, "mean": 4.2595811571393698, "count": 7, "std": 6.8119594409665751e-08, "range": 0.0 }, "geometry": { "type": "Polygon", "coordinates": [ [ [ 727800.0, 6174600.0 ], [ 727700.0, 6174600.0 ], [ 727600.0, 6174600.0 ], [ 727600.0, 6174700.0 ], [ 727500.0, 6174700.0 ], [ 727500.0, 6174800.0 ], [ 727500.0, 6174900.0 ], [ 727600.0, 6174900.0 ], [ 727700.0, 6174900.0 ], [ 727700.0, 6174800.0 ], [ 727800.0, 6174800.0 ], [ 727800.0, 6174700.0 ], [ 727800.0, 6174600.0 ] ] ] } },
{ "type": "Feature", "properties": { "Shape_Area": 10000.0, "Shape_Leng": 400.0, "cluster_id": "101_328", "fid_1": 328.0, "id_munic": 328.0, "munic_clus": "101_328", "munic_code": 101.0, "min": 2.8202266693115234, "max": 2.8202266693115234, "mean": 2.8202266693115234, "count": 1, "std": 0.0, "range": 0.0 }, "geometry": { "type": "Polygon", "coordinates": [ [ [ 727600.0, 6174500.0 ], [ 727600.0, 6174600.0 ], [ 727700.0, 6174600.0 ], [ 727700.0, 6174500.0 ], [ 727600.0, 6174500.0 ] ] ] } },
{ "type": "Feature", "properties": { "Shape_Area": 30000.0, "Shape_Leng": 800.0, "cluster_id": "101_329", "fid_1": 329.0, "id_munic": 329.0, "munic_clus": "101_329", "munic_code": 101.0, "min": 3.5231595039367676, "max": 3.5231595039367676, "mean": 3.5231596628824868, "count": 3, "std": 1.5894571925301193e-07, "range": 0.0 }, "geometry": { "type": "Polygon", "coordinates": [ [ [ 727200.0, 6174800.0 ], [ 727200.0, 6174900.0 ], [ 727300.0, 6174900.0 ], [ 727300.0, 6174800.0 ], [ 727400.0, 6174800.0 ], [ 727400.0, 6174700.0 ], [ 727300.0, 6174700.0 ], [ 727200.0, 6174700.0 ], [ 727200.0, 6174800.0 ] ] ] } },
{ "type": "Feature", "properties": { "Shape_Area": 30000.0, "Shape_Leng": 800.0, "cluster_id": "101_330", "fid_1": 330.0, "id_munic": 330.0, "munic_clus": "101_330", "munic_code": 101.0, "min": 2.8148951530456543, "max": 2.8148951530456543, "mean": 2.814894994099935, "count": 3, "std": 1.5894571925301193e-07, "range": 0.0 }, "geometry": { "type": "Polygon", "coordinates": [ [ [ 727300.0, 6174900.0 ], [ 727400.0, 6174900.0 ], [ 727400.0, 6175000.0 ], [ 727500.0, 6175000.0 ], [ 727500.0, 6174900.0 ], [ 727500.0, 6174800.0 ], [ 727400.0, 6174800.0 ], [ 727300.0, 6174800.0 ], [ 727300.0, 6174900.0 ] ] ] } },
{ "type": "Feature", "properties": { "Shape_Area": 20000.0, "Shape_Leng": 600.0, "cluster_id": "101_331", "fid_1": 331.0, "id_munic": 331.0, "munic_clus": "101_331", "munic_code": 101.0, "min": 4.2272586822509766, "max": 4.2272586822509766, "mean": 4.2272586822509766, "count": 2, "std": 0.0, "range": 0.0 }, "geometry": { "type": "Polygon", "coordinates": [ [ [ 727400.0, 6174700.0 ], [ 727400.0, 6174800.0 ], [ 727500.0, 6174800.0 ], [ 727500.0, 6174700.0 ], [ 727500.0, 6174600.0 ], [ 727400.0, 6174600.0 ], [ 727400.0, 6174700.0 ] ] ] } },
{ "type": "Feature", "properties": { "Shape_Area": 30000.0, "Shape_Leng": 800.0, "cluster_id": "101_332", "fid_1": 332.0, "id_munic": 332.0, "munic_clus": "101_332", "munic_code": 101.0, "min": 4.4018664360046387, "max": 4.4018664360046387, "mean": 4.401866277058919, "count": 3, "std": 1.5894571969710114e-07, "range": 0.0 }, "geometry": { "type": "Polygon", "coordinates": [ [ [ 727100.0, 6175000.0 ], [ 727200.0, 6175000.0 ], [ 727300.0, 6175000.0 ], [ 727400.0, 6175000.0 ], [ 727400.0, 6174900.0 ], [ 727300.0, 6174900.0 ], [ 727200.0, 6174900.0 ], [ 727100.0, 6174900.0 ], [ 727100.0, 6175000.0 ] ] ] } },
{ "type": "Feature", "properties": { "Shape_Area": 30000.0, "Shape_Leng": 800.0, "cluster_id": "101_333", "fid_1": 333.0, "id_munic": 333.0, "munic_clus": "101_333", "munic_code": 101.0, "min": 2.3247253894805908, "max": 2.3247253894805908, "mean": 2.3247254689534507, "count": 3, "std": 7.947285984855057e-08, "range": 0.0 }, "geometry": { "type": "Polygon", "coordinates": [ [ [ 726000.0, 6175700.0 ], [ 726000.0, 6175800.0 ], [ 726100.0, 6175800.0 ], [ 726100.0, 6175700.0 ], [ 726200.0, 6175700.0 ], [ 726200.0, 6175600.0 ], [ 726100.0, 6175600.0 ], [ 726000.0, 6175600.0 ], [ 726000.0, 6175700.0 ] ] ] } },
{ "type": "Feature", "properties": { "Shape_Area": 70000.0, "Shape_Leng": 1200.0, "cluster_id": "101_334", "fid_1": 334.0, "id_munic": 334.0, "munic_clus": "101_334", "munic_code": 101.0, "min": 3.6479508876800537, "max": 3.6479508876800537, "mean": 3.6479508536202565, "count": 7, "std": 3.4059797204832876e-08, "range": 0.0 }, "geometry": { "type": "Polygon", "coordinates": [ [ [ 726300.0, 6175800.0 ], [ 726300.0, 6175900.0 ], [ 726400.0, 6175900.0 ], [ 726500.0, 6175900.0 ], [ 726500.0, 6175800.0 ], [ 726600.0, 6175800.0 ], [ 726600.0, 6175700.0 ], [ 726500.0, 6175700.0 ], [ 726500.0, 6175600.0 ], [ 726400.0, 6175600.0 ], [ 726300.0, 6175600.0 ], [ 726300.0, 6175700.0 ], [ 726300.0, 6175800.0 ] ] ] } },
{ "type": "Feature", "properties": { "Shape_Area": 10000.0, "Shape_Leng": 400.0, "cluster_id": "101_335", "fid_1": 335.0, "id_munic": 335.0, "munic_clus": "101_335", "munic_code": 101.0, "min": 3.0109965801239014, "max": 3.0109965801239014, "mean": 3.0109965801239014, "count": 1, "std": 0.0, "range": 0.0 }, "geometry": { "type": "Polygon", "coordinates": [ [ [ 726100.0, 6175800.0 ], [ 726100.0, 6175900.0 ], [ 726200.0, 6175900.0 ], [ 726200.0, 6175800.0 ], [ 726100.0, 6175800.0 ] ] ] } },
{ "type": "Feature", "properties": { "Shape_Area": 10000.0, "Shape_Leng": 400.0, "cluster_id": "101_336", "fid_1": 336.0, "id_munic": 336.0, "munic_clus": "101_336", "munic_code": 101.0, "min": 4.3647127151489258, "max": 4.3647127151489258, "mean": 4.3647127151489258, "count": 1, "std": 0.0, "range": 0.0 }, "geometry": { "type": "Polygon", "coordinates": [ [ [ 726200.0, 6175900.0 ], [ 726200.0, 6176000.0 ], [ 726300.0, 6176000.0 ], [ 726300.0, 6175900.0 ], [ 726200.0, 6175900.0 ] ] ] } },
{ "type": "Feature", "properties": { "Shape_Area": 10000.0, "Shape_Leng": 400.0, "cluster_id": "101_337", "fid_1": 337.0, "id_munic": 337.0, "munic_clus": "101_337", "munic_code": 101.0, "min": 3.6219594478607178, "max": 3.6219594478607178, "mean": 3.6219594478607178, "count": 1, "std": 0.0, "range": 0.0 }, "geometry": { "type": "Polygon", "coordinates": [ [ [ 726200.0, 6175800.0 ], [ 726200.0, 6175900.0 ], [ 726300.0, 6175900.0 ], [ 726300.0, 6175800.0 ], [ 726200.0, 6175800.0 ] ] ] } },
{ "type": "Feature", "properties": { "Shape_Area": 20000.0, "Shape_Leng": 600.0, "cluster_id": "101_338", "fid_1": 338.0, "id_munic": 338.0, "munic_clus": "101_338", "munic_code": 101.0, "min": 3.7717432975769043, "max": 3.7717432975769043, "mean": 3.7717432975769043, "count": 2, "std": 0.0, "range": 0.0 }, "geometry": { "type": "Polygon", "coordinates": [ [ [ 725800.0, 6175500.0 ], [ 725900.0, 6175500.0 ], [ 726000.0, 6175500.0 ], [ 726000.0, 6175400.0 ], [ 725900.0, 6175400.0 ], [ 725800.0, 6175400.0 ], [ 725800.0, 6175500.0 ] ] ] } },
{ "type": "Feature", "properties": { "Shape_Area": 10000.0, "Shape_Leng": 400.0, "cluster_id": "101_339", "fid_1": 339.0, "id_munic": 339.0, "munic_clus": "101_339", "munic_code": 101.0, "min": 2.44451904296875, "max": 2.44451904296875, "mean": 2.44451904296875, "count": 1, "std": 0.0, "range": 0.0 }, "geometry": { "type": "Polygon", "coordinates": [ [ [ 727400.0, 6174500.0 ], [ 727400.0, 6174600.0 ], [ 727500.0, 6174600.0 ], [ 727500.0, 6174500.0 ], [ 727400.0, 6174500.0 ] ] ] } },
{ "type": "Feature", "properties": { "Shape_Area": 10000.0, "Shape_Leng": 400.0, "cluster_id": "101_340", "fid_1": 340.0, "id_munic": 340.0, "munic_clus": "101_340", "munic_code": 101.0, "min": 2.8273913860321045, "max": 2.8273913860321045, "mean": 2.8273913860321045, "count": 1, "std": 0.0, "range": 0.0 }, "geometry": { "type": "Polygon", "coordinates": [ [ [ 727300.0, 6174600.0 ], [ 727300.0, 6174700.0 ], [ 727400.0, 6174700.0 ], [ 727400.0, 6174600.0 ], [ 727300.0, 6174600.0 ] ] ] } },
{ "type": "Feature", "properties": { "Shape_Area": 10000.0, "Shape_Leng": 400.0, "cluster_id": "101_341", "fid_1": 341.0, "id_munic": 341.0, "munic_clus": "101_341", "munic_code": 101.0, "min": 2.8557150363922119, "max": 2.8557150363922119, "mean": 2.8557150363922119, "count": 1, "std": 0.0, "range": 0.0 }, "geometry": { "type": "Polygon", "coordinates": [ [ [ 726100.0, 6175700.0 ], [ 726100.0, 6175800.0 ], [ 726200.0, 6175800.0 ], [ 726200.0, 6175700.0 ], [ 726100.0, 6175700.0 ] ] ] } },
{ "type": "Feature", "properties": { "Shape_Area": 240000.0, "Shape_Leng": 2600.0, "cluster_id": "101_342", "fid_1": 342.0, "id_munic": 342.0, "munic_clus": "101_342", "munic_code": 101.0, "min": 3.7922360897064209, "max": 3.7922360897064209, "mean": 3.792236010233561, "count": 24, "std": 7.947285984855057e-08, "range": 0.0 }, "geometry": { "type": "Polygon", "coordinates": [ [ [ 726200.0, 6176200.0 ], [ 726100.0, 6176200.0 ], [ 726100.0, 6176300.0 ], [ 726100.0, 6176400.0 ], [ 726200.0, 6176400.0 ], [ 726300.0, 6176400.0 ], [ 726300.0, 6176300.0 ], [ 726400.0, 6176300.0 ], [ 726500.0, 6176300.0 ], [ 726500.0, 6176200.0 ], [ 726600.0, 6176200.0 ], [ 726700.0, 6176200.0 ], [ 726800.0, 6176200.0 ], [ 726800.0, 6176100.0 ], [ 726800.0, 6176000.0 ], [ 726700.0, 6176000.0 ], [ 726700.0, 6175900.0 ], [ 726700.0, 6175800.0 ], [ 726600.0, 6175800.0 ], [ 726500.0, 6175800.0 ], [ 726500.0, 6175900.0 ], [ 726400.0, 6175900.0 ], [ 726300.0, 6175900.0 ], [ 726300.0, 6176000.0 ], [ 726200.0, 6176000.0 ], [ 726200.0, 6176100.0 ], [ 726200.0, 6176200.0 ] ] ] } },
{ "type": "Feature", "properties": { "Shape_Area": 10000.0, "Shape_Leng": 400.0, "cluster_id": "101_343", "fid_1": 343.0, "id_munic": 343.0, "munic_clus": "101_343", "munic_code": 101.0, "min": 3.2387540340423584, "max": 3.2387540340423584, "mean": 3.2387540340423584, "count": 1, "std": 0.0, "range": 0.0 }, "geometry": { "type": "Polygon", "coordinates": [ [ [ 726200.0, 6175700.0 ], [ 726200.0, 6175800.0 ], [ 726300.0, 6175800.0 ], [ 726300.0, 6175700.0 ], [ 726200.0, 6175700.0 ] ] ] } },
{ "type": "Feature", "properties": { "Shape_Area": 60000.0, "Shape_Leng": 1200.0, "cluster_id": "101_344", "fid_1": 344.0, "id_munic": 344.0, "munic_clus": "101_344", "munic_code": 101.0, "min": 2.8198933601379395, "max": 2.8198933601379395, "mean": 2.8198935190836587, "count": 6, "std": 1.5894571925301193e-07, "range": 0.0 }, "geometry": { "type": "Polygon", "coordinates": [ [ [ 725600.0, 6170800.0 ], [ 725600.0, 6170900.0 ], [ 725600.0, 6171000.0 ], [ 725700.0, 6171000.0 ], [ 725700.0, 6171100.0 ], [ 725800.0, 6171100.0 ], [ 725800.0, 6171000.0 ], [ 725800.0, 6170900.0 ], [ 725800.0, 6170800.0 ], [ 725800.0, 6170700.0 ], [ 725700.0, 6170700.0 ], [ 725700.0, 6170800.0 ], [ 725600.0, 6170800.0 ] ] ] } },
{ "type": "Feature", "properties": { "Shape_Area": 80000.0, "Shape_Leng": 1400.0, "cluster_id": "101_345", "fid_1": 345.0, "id_munic": 345.0, "munic_clus": "101_345", "munic_code": 101.0, "min": 2.1849386692047119, "max": 2.1849386692047119, "mean": 2.1849386692047119, "count": 8, "std": 0.0, "range": 0.0 }, "geometry": { "type": "Polygon", "coordinates": [ [ [ 725700.0, 6171100.0 ], [ 725600.0, 6171100.0 ], [ 725600.0, 6171200.0 ], [ 725600.0, 6171300.0 ], [ 725600.0, 6171400.0 ], [ 725600.0, 6171500.0 ], [ 725700.0, 6171500.0 ], [ 725700.0, 6171400.0 ], [ 725800.0, 6171400.0 ], [ 725800.0, 6171300.0 ], [ 725900.0, 6171300.0 ], [ 725900.0, 6171200.0 ], [ 725800.0, 6171200.0 ], [ 725800.0, 6171100.0 ], [ 725700.0, 6171100.0 ] ] ] } },
{ "type": "Feature", "properties": { "Shape_Area": 40000.0, "Shape_Leng": 1000.0, "cluster_id": "101_346", "fid_1": 346.0, "id_munic": 346.0, "munic_clus": "101_346", "munic_code": 101.0, "min": 3.1761081218719482, "max": 3.1761081218719482, "mean": 3.1761081218719482, "count": 4, "std": 0.0, "range": 0.0 }, "geometry": { "type": "Polygon", "coordinates": [ [ [ 725800.0, 6171400.0 ], [ 725700.0, 6171400.0 ], [ 725700.0, 6171500.0 ], [ 725600.0, 6171500.0 ], [ 725600.0, 6171600.0 ], [ 725700.0, 6171600.0 ], [ 725800.0, 6171600.0 ], [ 725900.0, 6171600.0 ], [ 725900.0, 6171500.0 ], [ 725800.0, 6171500.0 ], [ 725800.0, 6171400.0 ] ] ] } },
{ "type": "Feature", "properties": { "Shape_Area": 40000.0, "Shape_Leng": 800.0, "cluster_id": "101_347", "fid_1": 347.0, "id_munic": 347.0, "munic_clus": "101_347", "munic_code": 101.0, "min": 2.8607134819030762, "max": 2.8607134819030762, "mean": 2.8607134819030762, "count": 4, "std": 0.0, "range": 0.0 }, "geometry": { "type": "Polygon", "coordinates": [ [ [ 726900.0, 6172400.0 ], [ 726800.0, 6172400.0 ], [ 726700.0, 6172400.0 ], [ 726700.0, 6172500.0 ], [ 726700.0, 6172600.0 ], [ 726800.0, 6172600.0 ], [ 726900.0, 6172600.0 ], [ 726900.0, 6172500.0 ], [ 726900.0, 6172400.0 ] ] ] } },
{ "type": "Feature", "properties": { "Shape_Area": 130000.0, "Shape_Leng": 1800.0, "cluster_id": "101_348", "fid_1": 348.0, "id_munic": 348.0, "munic_clus": "101_348", "munic_code": 101.0, "min": 3.7375876903533936, "max": 3.7375876903533936, "mean": 3.7375875619741588, "count": 13, "std": 1.2837923479835922e-07, "range": 0.0 }, "geometry": { "type": "Polygon", "coordinates": [ [ [ 726700.0, 6171700.0 ], [ 726600.0, 6171700.0 ], [ 726500.0, 6171700.0 ], [ 726500.0, 6171800.0 ], [ 726500.0, 6171900.0 ], [ 726600.0, 6171900.0 ], [ 726600.0, 6172000.0 ], [ 726700.0, 6172000.0 ], [ 726800.0, 6172000.0 ], [ 726900.0, 6172000.0 ], [ 727000.0, 6172000.0 ], [ 727000.0, 6171900.0 ], [ 727100.0, 6171900.0 ], [ 727100.0, 6171800.0 ], [ 727000.0, 6171800.0 ], [ 726900.0, 6171800.0 ], [ 726800.0, 6171800.0 ], [ 726800.0, 6171700.0 ], [ 726700.0, 6171700.0 ] ] ] } },
{ "type": "Feature", "properties": { "Shape_Area": 50000.0, "Shape_Leng": 1000.0, "cluster_id": "101_349", "fid_1": 349.0, "id_munic": 349.0, "munic_clus": "101_349", "munic_code": 101.0, "min": 4.0674781799316406, "max": 4.0674781799316406, "mean": 4.0674781799316406, "count": 5, "std": 0.0, "range": 0.0 }, "geometry": { "type": "Polygon", "coordinates": [ [ [ 726500.0, 6172100.0 ], [ 726500.0, 6172200.0 ], [ 726600.0, 6172200.0 ], [ 726700.0, 6172200.0 ], [ 726700.0, 6172100.0 ], [ 726700.0, 6172000.0 ], [ 726600.0, 6172000.0 ], [ 726600.0, 6171900.0 ], [ 726500.0, 6171900.0 ], [ 726500.0, 6172000.0 ], [ 726500.0, 6172100.0 ] ] ] } },
{ "type": "Feature", "properties": { "Shape_Area": 60000.0, "Shape_Leng": 1000.0, "cluster_id": "101_350", "fid_1": 350.0, "id_munic": 350.0, "munic_clus": "101_350", "munic_code": 101.0, "min": 4.126957893371582, "max": 4.126957893371582, "mean": 4.1269575754801435, "count": 6, "std": 3.1789143850602386e-07, "range": 0.0 }, "geometry": { "type": "Polygon", "coordinates": [ [ [ 726700.0, 6172200.0 ], [ 726600.0, 6172200.0 ], [ 726500.0, 6172200.0 ], [ 726400.0, 6172200.0 ], [ 726400.0, 6172300.0 ], [ 726400.0, 6172400.0 ], [ 726500.0, 6172400.0 ], [ 726600.0, 6172400.0 ], [ 726700.0, 6172400.0 ], [ 726700.0, 6172300.0 ], [ 726700.0, 6172200.0 ] ] ] } },
{ "type": "Feature", "properties": { "Shape_Area": 60000.0, "Shape_Leng": 1000.0, "cluster_id": "101_351", "fid_1": 351.0, "id_munic": 351.0, "munic_clus": "101_351", "munic_code": 101.0, "min": 2.9431858062744141, "max": 2.9431858062744141, "mean": 2.9431858062744141, "count": 6, "std": 0.0, "range": 0.0 }, "geometry": { "type": "Polygon", "coordinates": [ [ [ 726700.0, 6172400.0 ], [ 726600.0, 6172400.0 ], [ 726500.0, 6172400.0 ], [ 726400.0, 6172400.0 ], [ 726400.0, 6172500.0 ], [ 726400.0, 6172600.0 ], [ 726500.0, 6172600.0 ], [ 726600.0, 6172600.0 ], [ 726700.0, 6172600.0 ], [ 726700.0, 6172500.0 ], [ 726700.0, 6172400.0 ] ] ] } },
{ "type": "Feature", "properties": { "Shape_Area": 10000.0, "Shape_Leng": 400.0, "cluster_id": "101_352", "fid_1": 352.0, "id_munic": 352.0, "munic_clus": "101_352", "munic_code": 101.0, "min": 2.8612129688262939, "max": 2.8612129688262939, "mean": 2.8612129688262939, "count": 1, "std": 0.0, "range": 0.0 }, "geometry": { "type": "Polygon", "coordinates": [ [ [ 719500.0, 6176500.0 ], [ 719500.0, 6176600.0 ], [ 719600.0, 6176600.0 ], [ 719600.0, 6176500.0 ], [ 719500.0, 6176500.0 ] ] ] } },
{ "type": "Feature", "properties": { "Shape_Area": 200000.0, "Shape_Leng": 2400.0, "cluster_id": "101_353", "fid_1": 353.0, "id_munic": 353.0, "munic_clus": "101_353", "munic_code": 101.0, "min": 2.6939353942871094, "max": 2.6939353942871094, "mean": 2.6939353942871094, "count": 20, "std": 0.0, "range": 0.0 }, "geometry": { "type": "Polygon", "coordinates": [ [ [ 719500.0, 6176700.0 ], [ 719400.0, 6176700.0 ], [ 719400.0, 6176800.0 ], [ 719400.0, 6176900.0 ], [ 719500.0, 6176900.0 ], [ 719600.0, 6176900.0 ], [ 719700.0, 6176900.0 ], [ 719800.0, 6176900.0 ], [ 719900.0, 6176900.0 ], [ 720000.0, 6176900.0 ], [ 720100.0, 6176900.0 ], [ 720100.0, 6176800.0 ], [ 720000.0, 6176800.0 ], [ 720000.0, 6176700.0 ], [ 719900.0, 6176700.0 ], [ 719900.0, 6176600.0 ], [ 719800.0, 6176600.0 ], [ 719800.0, 6176500.0 ], [ 719700.0, 6176500.0 ], [ 719700.0, 6176400.0 ], [ 719600.0, 6176400.0 ], [ 719600.0, 6176500.0 ], [ 719600.0, 6176600.0 ], [ 719500.0, 6176600.0 ], [ 719500.0, 6176700.0 ] ] ] } },
{ "type": "Feature", "properties": { "Shape_Area": 20000.0, "Shape_Leng": 600.0, "cluster_id": "101_354", "fid_1": 354.0, "id_munic": 354.0, "munic_clus": "101_354", "munic_code": 101.0, "min": 3.2452518939971924, "max": 3.2452518939971924, "mean": 3.2452518939971924, "count": 2, "std": 0.0, "range": 0.0 }, "geometry": { "type": "Polygon", "coordinates": [ [ [ 727700.0, 6173500.0 ], [ 727800.0, 6173500.0 ], [ 727900.0, 6173500.0 ], [ 727900.0, 6173400.0 ], [ 727800.0, 6173400.0 ], [ 727700.0, 6173400.0 ], [ 727700.0, 6173500.0 ] ] ] } },
{ "type": "Feature", "properties": { "Shape_Area": 30000.0, "Shape_Leng": 800.0, "cluster_id": "101_355", "fid_1": 355.0, "id_munic": 355.0, "munic_clus": "101_355", "munic_code": 101.0, "min": 2.9381875991821289, "max": 2.9381875991821289, "mean": 2.9381875991821289, "count": 3, "std": 0.0, "range": 0.0 }, "geometry": { "type": "Polygon", "coordinates": [ [ [ 727800.0, 6173300.0 ], [ 727900.0, 6173300.0 ], [ 727900.0, 6173400.0 ], [ 728000.0, 6173400.0 ], [ 728000.0, 6173300.0 ], [ 728000.0, 6173200.0 ], [ 727900.0, 6173200.0 ], [ 727800.0, 6173200.0 ], [ 727800.0, 6173300.0 ] ] ] } },
{ "type": "Feature", "properties": { "Shape_Area": 20000.0, "Shape_Leng": 600.0, "cluster_id": "101_356", "fid_1": 356.0, "id_munic": 356.0, "munic_clus": "101_356", "munic_code": 101.0, "min": 3.1747756004333496, "max": 3.1747756004333496, "mean": 3.1747756004333496, "count": 2, "std": 0.0, "range": 0.0 }, "geometry": { "type": "Polygon", "coordinates": [ [ [ 727700.0, 6173600.0 ], [ 727800.0, 6173600.0 ], [ 727900.0, 6173600.0 ], [ 727900.0, 6173500.0 ], [ 727800.0, 6173500.0 ], [ 727700.0, 6173500.0 ], [ 727700.0, 6173600.0 ] ] ] } },
{ "type": "Feature", "properties": { "Shape_Area": 30000.0, "Shape_Leng": 800.0, "cluster_id": "101_357", "fid_1": 357.0, "id_munic": 357.0, "munic_clus": "101_357", "munic_code": 101.0, "min": 3.5396535396575928, "max": 3.5396535396575928, "mean": 3.5396534601847329, "count": 3, "std": 7.947285984855057e-08, "range": 0.0 }, "geometry": { "type": "Polygon", "coordinates": [ [ [ 727900.0, 6173000.0 ], [ 727900.0, 6173100.0 ], [ 727900.0, 6173200.0 ], [ 728000.0, 6173200.0 ], [ 728000.0, 6173100.0 ], [ 728000.0, 6173000.0 ], [ 728000.0, 6172900.0 ], [ 727900.0, 6172900.0 ], [ 727900.0, 6173000.0 ] ] ] } },
{ "type": "Feature", "properties": { "Shape_Area": 30000.0, "Shape_Leng": 800.0, "cluster_id": "101_358", "fid_1": 358.0, "id_munic": 358.0, "munic_clus": "101_358", "munic_code": 101.0, "min": 2.657947301864624, "max": 2.657947301864624, "mean": 2.6579472223917642, "count": 3, "std": 7.947285984855057e-08, "range": 0.0 }, "geometry": { "type": "Polygon", "coordinates": [ [ [ 728200.0, 6172600.0 ], [ 728100.0, 6172600.0 ], [ 728100.0, 6172700.0 ], [ 728200.0, 6172700.0 ], [ 728300.0, 6172700.0 ], [ 728300.0, 6172600.0 ], [ 728300.0, 6172500.0 ], [ 728200.0, 6172500.0 ], [ 728200.0, 6172600.0 ] ] ] } },
{ "type": "Feature", "properties": { "Shape_Area": 20000.0, "Shape_Leng": 600.0, "cluster_id": "101_359", "fid_1": 359.0, "id_munic": 359.0, "munic_clus": "101_359", "munic_code": 101.0, "min": 3.6547818183898926, "max": 3.6547818183898926, "mean": 3.6547818183898926, "count": 2, "std": 0.0, "range": 0.0 }, "geometry": { "type": "Polygon", "coordinates": [ [ [ 721900.0, 6180200.0 ], [ 721900.0, 6180300.0 ], [ 722000.0, 6180300.0 ], [ 722000.0, 6180200.0 ], [ 722000.0, 6180100.0 ], [ 721900.0, 6180100.0 ], [ 721900.0, 6180200.0 ] ] ] } },
{ "type": "Feature", "properties": { "Shape_Area": 20000.0, "Shape_Leng": 600.0, "cluster_id": "101_360", "fid_1": 360.0, "id_munic": 360.0, "munic_clus": "101_360", "munic_code": 101.0, "min": 3.3963682651519775, "max": 3.3963682651519775, "mean": 3.3963682651519775, "count": 2, "std": 0.0, "range": 0.0 }, "geometry": { "type": "Polygon", "coordinates": [ [ [ 727700.0, 6173400.0 ], [ 727800.0, 6173400.0 ], [ 727900.0, 6173400.0 ], [ 727900.0, 6173300.0 ], [ 727800.0, 6173300.0 ], [ 727700.0, 6173300.0 ], [ 727700.0, 6173400.0 ] ] ] } },
{ "type": "Feature", "properties": { "Shape_Area": 20000.0, "Shape_Leng": 600.0, "cluster_id": "101_361", "fid_1": 361.0, "id_munic": 361.0, "munic_clus": "101_361", "munic_code": 101.0, "min": 2.5464847087860107, "max": 2.5464847087860107, "mean": 2.5464847087860107, "count": 2, "std": 0.0, "range": 0.0 }, "geometry": { "type": "Polygon", "coordinates": [ [ [ 727800.0, 6173100.0 ], [ 727800.0, 6173200.0 ], [ 727900.0, 6173200.0 ], [ 727900.0, 6173100.0 ], [ 727900.0, 6173000.0 ], [ 727800.0, 6173000.0 ], [ 727800.0, 6173100.0 ] ] ] } },
{ "type": "Feature", "properties": { "Shape_Area": 40000.0, "Shape_Leng": 1000.0, "cluster_id": "101_362", "fid_1": 362.0, "id_munic": 362.0, "munic_clus": "101_362", "munic_code": 101.0, "min": 3.2269244194030762, "max": 3.2269244194030762, "mean": 3.2269244194030762, "count": 4, "std": 0.0, "range": 0.0 }, "geometry": { "type": "Polygon", "coordinates": [ [ [ 728200.0, 6173100.0 ], [ 728200.0, 6173000.0 ], [ 728100.0, 6173000.0 ], [ 728000.0, 6173000.0 ], [ 728000.0, 6173100.0 ], [ 728000.0, 6173200.0 ], [ 728000.0, 6173300.0 ], [ 728100.0, 6173300.0 ], [ 728100.0, 6173200.0 ], [ 728100.0, 6173100.0 ], [ 728200.0, 6173100.0 ] ] ] } },
{ "type": "Feature", "properties": { "Shape_Area": 10000.0, "Shape_Leng": 400.0, "cluster_id": "101_363", "fid_1": 363.0, "id_munic": 363.0, "munic_clus": "101_363", "munic_code": 101.0, "min": 3.2645790576934814, "max": 3.2645790576934814, "mean": 3.2645790576934814, "count": 1, "std": 0.0, "range": 0.0 }, "geometry": { "type": "Polygon", "coordinates": [ [ [ 726800.0, 6174100.0 ], [ 726800.0, 6174200.0 ], [ 726900.0, 6174200.0 ], [ 726900.0, 6174100.0 ], [ 726800.0, 6174100.0 ] ] ] } },
{ "type": "Feature", "properties": { "Shape_Area": 10000.0, "Shape_Leng": 400.0, "cluster_id": "101_364", "fid_1": 364.0, "id_munic": 364.0, "munic_clus": "101_364", "munic_code": 101.0, "min": 3.5091643333435059, "max": 3.5091643333435059, "mean": 3.5091643333435059, "count": 1, "std": 0.0, "range": 0.0 }, "geometry": { "type": "Polygon", "coordinates": [ [ [ 726900.0, 6174000.0 ], [ 726900.0, 6174100.0 ], [ 727000.0, 6174100.0 ], [ 727000.0, 6174000.0 ], [ 726900.0, 6174000.0 ] ] ] } },
{ "type": "Feature", "properties": { "Shape_Area": 20000.0, "Shape_Leng": 600.0, "cluster_id": "101_365", "fid_1": 365.0, "id_munic": 365.0, "munic_clus": "101_365", "munic_code": 101.0, "min": 2.3833723068237305, "max": 2.3833723068237305, "mean": 2.3833723068237305, "count": 2, "std": 0.0, "range": 0.0 }, "geometry": { "type": "Polygon", "coordinates": [ [ [ 727200.0, 6174300.0 ], [ 727300.0, 6174300.0 ], [ 727400.0, 6174300.0 ], [ 727400.0, 6174200.0 ], [ 727300.0, 6174200.0 ], [ 727200.0, 6174200.0 ], [ 727200.0, 6174300.0 ] ] ] } },
{ "type": "Feature", "properties": { "Shape_Area": 20000.0, "Shape_Leng": 600.0, "cluster_id": "101_366", "fid_1": 366.0, "id_munic": 366.0, "munic_clus": "101_366", "munic_code": 101.0, "min": 3.0849719047546387, "max": 3.0849719047546387, "mean": 3.0849719047546387, "count": 2, "std": 0.0, "range": 0.0 }, "geometry": { "type": "Polygon", "coordinates": [ [ [ 727100.0, 6174400.0 ], [ 727100.0, 6174500.0 ], [ 727200.0, 6174500.0 ], [ 727200.0, 6174400.0 ], [ 727200.0, 6174300.0 ], [ 727100.0, 6174300.0 ], [ 727100.0, 6174400.0 ] ] ] } },
{ "type": "Feature", "properties": { "Shape_Area": 10000.0, "Shape_Leng": 400.0, "cluster_id": "101_367", "fid_1": 367.0, "id_munic": 367.0, "munic_clus": "101_367", "munic_code": 101.0, "min": 3.5836389064788818, "max": 3.5836389064788818, "mean": 3.5836389064788818, "count": 1, "std": 0.0, "range": 0.0 }, "geometry": { "type": "Polygon", "coordinates": [ [ [ 719100.0, 6176500.0 ], [ 719100.0, 6176600.0 ], [ 719200.0, 6176600.0 ], [ 719200.0, 6176500.0 ], [ 719100.0, 6176500.0 ] ] ] } },
{ "type": "Feature", "properties": { "Shape_Area": 20000.0, "Shape_Leng": 600.0, "cluster_id": "101_368", "fid_1": 368.0, "id_munic": 368.0, "munic_clus": "101_368", "munic_code": 101.0, "min": 3.8235592842102051, "max": 3.8235592842102051, "mean": 3.8235592842102051, "count": 2, "std": 0.0, "range": 0.0 }, "geometry": { "type": "Polygon", "coordinates": [ [ [ 719200.0, 6176600.0 ], [ 719300.0, 6176600.0 ], [ 719400.0, 6176600.0 ], [ 719400.0, 6176500.0 ], [ 719300.0, 6176500.0 ], [ 719200.0, 6176500.0 ], [ 719200.0, 6176600.0 ] ] ] } },
{ "type": "Feature", "properties": { "Shape_Area": 10000.0, "Shape_Leng": 400.0, "cluster_id": "101_369", "fid_1": 369.0, "id_munic": 369.0, "munic_clus": "101_369", "munic_code": 101.0, "min": 3.0421526432037354, "max": 3.0421526432037354, "mean": 3.0421526432037354, "count": 1, "std": 0.0, "range": 0.0 }, "geometry": { "type": "Polygon", "coordinates": [ [ [ 719400.0, 6176600.0 ], [ 719400.0, 6176700.0 ], [ 719500.0, 6176700.0 ], [ 719500.0, 6176600.0 ], [ 719400.0, 6176600.0 ] ] ] } },
{ "type": "Feature", "properties": { "Shape_Area": 40000.0, "Shape_Leng": 1000.0, "cluster_id": "101_370", "fid_1": 370.0, "id_munic": 370.0, "munic_clus": "101_370", "munic_code": 101.0, "min": 4.2340888977050781, "max": 4.2340888977050781, "mean": 4.2340888977050781, "count": 4, "std": 0.0, "range": 0.0 }, "geometry": { "type": "Polygon", "coordinates": [ [ [ 726900.0, 6174400.0 ], [ 727000.0, 6174400.0 ], [ 727000.0, 6174500.0 ], [ 727100.0, 6174500.0 ], [ 727100.0, 6174400.0 ], [ 727100.0, 6174300.0 ], [ 727000.0, 6174300.0 ], [ 727000.0, 6174200.0 ], [ 726900.0, 6174200.0 ], [ 726900.0, 6174300.0 ], [ 726900.0, 6174400.0 ] ] ] } },
{ "type": "Feature", "properties": { "Shape_Area": 10000.0, "Shape_Leng": 400.0, "cluster_id": "101_371", "fid_1": 371.0, "id_munic": 371.0, "munic_clus": "101_371", "munic_code": 101.0, "min": 3.1541152000427246, "max": 3.1541152000427246, "mean": 3.1541152000427246, "count": 1, "std": 0.0, "range": 0.0 }, "geometry": { "type": "Polygon", "coordinates": [ [ [ 726900.0, 6174100.0 ], [ 726900.0, 6174200.0 ], [ 727000.0, 6174200.0 ], [ 727000.0, 6174100.0 ], [ 726900.0, 6174100.0 ] ] ] } },
{ "type": "Feature", "properties": { "Shape_Area": 20000.0, "Shape_Leng": 600.0, "cluster_id": "101_372", "fid_1": 372.0, "id_munic": 372.0, "munic_clus": "101_372", "munic_code": 101.0, "min": 3.2874040603637695, "max": 3.2874040603637695, "mean": 3.2874040603637695, "count": 2, "std": 0.0, "range": 0.0 }, "geometry": { "type": "Polygon", "coordinates": [ [ [ 726800.0, 6174500.0 ], [ 726900.0, 6174500.0 ], [ 727000.0, 6174500.0 ], [ 727000.0, 6174400.0 ], [ 726900.0, 6174400.0 ], [ 726800.0, 6174400.0 ], [ 726800.0, 6174500.0 ] ] ] } },
{ "type": "Feature", "properties": { "Shape_Area": 20000.0, "Shape_Leng": 600.0, "cluster_id": "101_373", "fid_1": 373.0, "id_munic": 373.0, "munic_clus": "101_373", "munic_code": 101.0, "min": 3.450850248336792, "max": 3.450850248336792, "mean": 3.450850248336792, "count": 2, "std": 0.0, "range": 0.0 }, "geometry": { "type": "Polygon", "coordinates": [ [ [ 726700.0, 6174600.0 ], [ 726700.0, 6174700.0 ], [ 726800.0, 6174700.0 ], [ 726800.0, 6174600.0 ], [ 726800.0, 6174500.0 ], [ 726700.0, 6174500.0 ], [ 726700.0, 6174600.0 ] ] ] } },
{ "type": "Feature", "properties": { "Shape_Area": 10000.0, "Shape_Leng": 400.0, "cluster_id": "101_374", "fid_1": 374.0, "id_munic": 374.0, "munic_clus": "101_374", "munic_code": 101.0, "min": 3.8013997077941895, "max": 3.8013997077941895, "mean": 3.8013997077941895, "count": 1, "std": 0.0, "range": 0.0 }, "geometry": { "type": "Polygon", "coordinates": [ [ [ 726900.0, 6174700.0 ], [ 726900.0, 6174800.0 ], [ 727000.0, 6174800.0 ], [ 727000.0, 6174700.0 ], [ 726900.0, 6174700.0 ] ] ] } },
{ "type": "Feature", "properties": { "Shape_Area": 10000.0, "Shape_Leng": 400.0, "cluster_id": "101_375", "fid_1": 375.0, "id_munic": 375.0, "munic_clus": "101_375", "munic_code": 101.0, "min": 3.3180611133575439, "max": 3.3180611133575439, "mean": 3.3180611133575439, "count": 1, "std": 0.0, "range": 0.0 }, "geometry": { "type": "Polygon", "coordinates": [ [ [ 726900.0, 6173900.0 ], [ 726900.0, 6174000.0 ], [ 727000.0, 6174000.0 ], [ 727000.0, 6173900.0 ], [ 726900.0, 6173900.0 ] ] ] } },
{ "type": "Feature", "properties": { "Shape_Area": 10000.0, "Shape_Leng": 400.0, "cluster_id": "101_376", "fid_1": 376.0, "id_munic": 376.0, "munic_clus": "101_376", "munic_code": 101.0, "min": 3.0431523323059082, "max": 3.0431523323059082, "mean": 3.0431523323059082, "count": 1, "std": 0.0, "range": 0.0 }, "geometry": { "type": "Polygon", "coordinates": [ [ [ 727100.0, 6174700.0 ], [ 727100.0, 6174800.0 ], [ 727200.0, 6174800.0 ], [ 727200.0, 6174700.0 ], [ 727100.0, 6174700.0 ] ] ] } },
{ "type": "Feature", "properties": { "Shape_Area": 10000.0, "Shape_Leng": 400.0, "cluster_id": "101_377", "fid_1": 377.0, "id_munic": 377.0, "munic_clus": "101_377", "munic_code": 101.0, "min": 3.1049652099609375, "max": 3.1049652099609375, "mean": 3.1049652099609375, "count": 1, "std": 0.0, "range": 0.0 }, "geometry": { "type": "Polygon", "coordinates": [ [ [ 727200.0, 6174400.0 ], [ 727200.0, 6174500.0 ], [ 727300.0, 6174500.0 ], [ 727300.0, 6174400.0 ], [ 727200.0, 6174400.0 ] ] ] } },
{ "type": "Feature", "properties": { "Shape_Area": 20000.0, "Shape_Leng": 600.0, "cluster_id": "101_378", "fid_1": 378.0, "id_munic": 378.0, "munic_clus": "101_378", "munic_code": 101.0, "min": 2.5108299255371094, "max": 2.5108299255371094, "mean": 2.5108299255371094, "count": 2, "std": 0.0, "range": 0.0 }, "geometry": { "type": "Polygon", "coordinates": [ [ [ 727100.0, 6174600.0 ], [ 727100.0, 6174700.0 ], [ 727200.0, 6174700.0 ], [ 727200.0, 6174600.0 ], [ 727200.0, 6174500.0 ], [ 727100.0, 6174500.0 ], [ 727100.0, 6174600.0 ] ] ] } },
{ "type": "Feature", "properties": { "Shape_Area": 30000.0, "Shape_Leng": 800.0, "cluster_id": "101_379", "fid_1": 379.0, "id_munic": 379.0, "munic_clus": "101_379", "munic_code": 101.0, "min": 3.5274910926818848, "max": 3.5274910926818848, "mean": 3.527491251627604, "count": 3, "std": 1.5894571925301193e-07, "range": 0.0 }, "geometry": { "type": "Polygon", "coordinates": [ [ [ 719100.0, 6176300.0 ], [ 719200.0, 6176300.0 ], [ 719300.0, 6176300.0 ], [ 719400.0, 6176300.0 ], [ 719400.0, 6176200.0 ], [ 719300.0, 6176200.0 ], [ 719200.0, 6176200.0 ], [ 719100.0, 6176200.0 ], [ 719100.0, 6176300.0 ] ] ] } },
{ "type": "Feature", "properties": { "Shape_Area": 40000.0, "Shape_Leng": 1000.0, "cluster_id": "101_380", "fid_1": 380.0, "id_munic": 380.0, "munic_clus": "101_380", "munic_code": 101.0, "min": 3.6612799167633057, "max": 3.6612799167633057, "mean": 3.6612799167633057, "count": 4, "std": 0.0, "range": 0.0 }, "geometry": { "type": "Polygon", "coordinates": [ [ [ 727400.0, 6174400.0 ], [ 727300.0, 6174400.0 ], [ 727300.0, 6174500.0 ], [ 727200.0, 6174500.0 ], [ 727200.0, 6174600.0 ], [ 727200.0, 6174700.0 ], [ 727300.0, 6174700.0 ], [ 727300.0, 6174600.0 ], [ 727400.0, 6174600.0 ], [ 727400.0, 6174500.0 ], [ 727400.0, 6174400.0 ] ] ] } },
{ "type": "Feature", "properties": { "Shape_Area": 40000.0, "Shape_Leng": 800.0, "cluster_id": "101_381", "fid_1": 381.0, "id_munic": 381.0, "munic_clus": "101_381", "munic_code": 101.0, "min": 3.9098641872406006, "max": 3.9098641872406006, "mean": 3.9098641872406006, "count": 4, "std": 0.0, "range": 0.0 }, "geometry": { "type": "Polygon", "coordinates": [ [ [ 727200.0, 6174100.0 ], [ 727100.0, 6174100.0 ], [ 727000.0, 6174100.0 ], [ 727000.0, 6174200.0 ], [ 727000.0, 6174300.0 ], [ 727100.0, 6174300.0 ], [ 727200.0, 6174300.0 ], [ 727200.0, 6174200.0 ], [ 727200.0, 6174100.0 ] ] ] } },
{ "type": "Feature", "properties": { "Shape_Area": 20000.0, "Shape_Leng": 600.0, "cluster_id": "101_382", "fid_1": 382.0, "id_munic": 382.0, "munic_clus": "101_382", "munic_code": 101.0, "min": 2.8757081031799316, "max": 2.8757081031799316, "mean": 2.8757081031799316, "count": 2, "std": 0.0, "range": 0.0 }, "geometry": { "type": "Polygon", "coordinates": [ [ [ 727700.0, 6174300.0 ], [ 727800.0, 6174300.0 ], [ 727900.0, 6174300.0 ], [ 727900.0, 6174200.0 ], [ 727800.0, 6174200.0 ], [ 727700.0, 6174200.0 ], [ 727700.0, 6174300.0 ] ] ] } },
{ "type": "Feature", "properties": { "Shape_Area": 60000.0, "Shape_Leng": 1000.0, "cluster_id": "101_383", "fid_1": 383.0, "id_munic": 383.0, "munic_clus": "101_383", "munic_code": 101.0, "min": 2.7597472667694092, "max": 2.7597472667694092, "mean": 2.7597471872965493, "count": 6, "std": 7.947285984855057e-08, "range": 0.0 }, "geometry": { "type": "Polygon", "coordinates": [ [ [ 728100.0, 6173700.0 ], [ 728000.0, 6173700.0 ], [ 727900.0, 6173700.0 ], [ 727800.0, 6173700.0 ], [ 727800.0, 6173800.0 ], [ 727800.0, 6173900.0 ], [ 727900.0, 6173900.0 ], [ 728000.0, 6173900.0 ], [ 728100.0, 6173900.0 ], [ 728100.0, 6173800.0 ], [ 728100.0, 6173700.0 ] ] ] } },
{ "type": "Feature", "properties": { "Shape_Area": 60000.0, "Shape_Leng": 1400.0, "cluster_id": "101_384", "fid_1": 384.0, "id_munic": 384.0, "munic_clus": "101_384", "munic_code": 101.0, "min": 2.5394871234893799, "max": 2.5394871234893799, "mean": 2.53948704401652, "count": 6, "std": 7.947285984855057e-08, "range": 0.0 }, "geometry": { "type": "Polygon", "coordinates": [ [ [ 728100.0, 6173900.0 ], [ 728000.0, 6173900.0 ], [ 728000.0, 6174000.0 ], [ 728000.0, 6174100.0 ], [ 728100.0, 6174100.0 ], [ 728100.0, 6174000.0 ], [ 728200.0, 6174000.0 ], [ 728200.0, 6173900.0 ], [ 728300.0, 6173900.0 ], [ 728300.0, 6173800.0 ], [ 728200.0, 6173800.0 ], [ 728200.0, 6173700.0 ], [ 728100.0, 6173700.0 ], [ 728100.0, 6173800.0 ], [ 728100.0, 6173900.0 ] ] ] } },
{ "type": "Feature", "properties": { "Shape_Area": 10000.0, "Shape_Leng": 400.0, "cluster_id": "101_385", "fid_1": 385.0, "id_munic": 385.0, "munic_clus": "101_385", "munic_code": 101.0, "min": 2.5288238525390625, "max": 2.5288238525390625, "mean": 2.5288238525390625, "count": 1, "std": 0.0, "range": 0.0 }, "geometry": { "type": "Polygon", "coordinates": [ [ [ 727600.0, 6174200.0 ], [ 727600.0, 6174300.0 ], [ 727700.0, 6174300.0 ], [ 727700.0, 6174200.0 ], [ 727600.0, 6174200.0 ] ] ] } },
{ "type": "Feature", "properties": { "Shape_Area": 30000.0, "Shape_Leng": 800.0, "cluster_id": "101_386", "fid_1": 386.0, "id_munic": 386.0, "munic_clus": "101_386", "munic_code": 101.0, "min": 3.0883042812347412, "max": 3.0883042812347412, "mean": 3.0883042017618814, "count": 3, "std": 7.947285984855057e-08, "range": 0.0 }, "geometry": { "type": "Polygon", "coordinates": [ [ [ 727900.0, 6174300.0 ], [ 727800.0, 6174300.0 ], [ 727800.0, 6174400.0 ], [ 727900.0, 6174400.0 ], [ 728000.0, 6174400.0 ], [ 728000.0, 6174300.0 ], [ 728000.0, 6174200.0 ], [ 727900.0, 6174200.0 ], [ 727900.0, 6174300.0 ] ] ] } },
{ "type": "Feature", "properties": { "Shape_Area": 40000.0, "Shape_Leng": 1000.0, "cluster_id": "101_387", "fid_1": 387.0, "id_munic": 387.0, "munic_clus": "101_387", "munic_code": 101.0, "min": 3.2449183464050293, "max": 3.2449183464050293, "mean": 3.2449183464050293, "count": 4, "std": 0.0, "range": 0.0 }, "geometry": { "type": "Polygon", "coordinates": [ [ [ 727800.0, 6174000.0 ], [ 727900.0, 6174000.0 ], [ 727900.0, 6174100.0 ], [ 728000.0, 6174100.0 ], [ 728000.0, 6174000.0 ], [ 728000.0, 6173900.0 ], [ 727900.0, 6173900.0 ], [ 727800.0, 6173900.0 ], [ 727700.0, 6173900.0 ], [ 727700.0, 6174000.0 ], [ 727800.0, 6174000.0 ] ] ] } },
{ "type": "Feature", "properties": { "Shape_Area": 20000.0, "Shape_Leng": 600.0, "cluster_id": "101_388", "fid_1": 388.0, "id_munic": 388.0, "munic_clus": "101_388", "munic_code": 101.0, "min": 2.9151954650878906, "max": 2.9151954650878906, "mean": 2.9151954650878906, "count": 2, "std": 0.0, "range": 0.0 }, "geometry": { "type": "Polygon", "coordinates": [ [ [ 727700.0, 6174100.0 ], [ 727800.0, 6174100.0 ], [ 727900.0, 6174100.0 ], [ 727900.0, 6174000.0 ], [ 727800.0, 6174000.0 ], [ 727700.0, 6174000.0 ], [ 727700.0, 6174100.0 ] ] ] } },
{ "type": "Feature", "properties": { "Shape_Area": 20000.0, "Shape_Leng": 600.0, "cluster_id": "101_389", "fid_1": 389.0, "id_munic": 389.0, "munic_clus": "101_389", "munic_code": 101.0, "min": 3.6682775020599365, "max": 3.6682775020599365, "mean": 3.6682775020599365, "count": 2, "std": 0.0, "range": 0.0 }, "geometry": { "type": "Polygon", "coordinates": [ [ [ 727600.0, 6174200.0 ], [ 727700.0, 6174200.0 ], [ 727800.0, 6174200.0 ], [ 727800.0, 6174100.0 ], [ 727700.0, 6174100.0 ], [ 727600.0, 6174100.0 ], [ 727600.0, 6174200.0 ] ] ] } },
{ "type": "Feature", "properties": { "Shape_Area": 20000.0, "Shape_Leng": 600.0, "cluster_id": "101_390", "fid_1": 390.0, "id_munic": 390.0, "munic_clus": "101_390", "munic_code": 101.0, "min": 2.9535157680511475, "max": 2.9535157680511475, "mean": 2.9535157680511475, "count": 2, "std": 0.0, "range": 0.0 }, "geometry": { "type": "Polygon", "coordinates": [ [ [ 719000.0, 6176200.0 ], [ 719000.0, 6176300.0 ], [ 719100.0, 6176300.0 ], [ 719100.0, 6176200.0 ], [ 719100.0, 6176100.0 ], [ 719000.0, 6176100.0 ], [ 719000.0, 6176200.0 ] ] ] } },
{ "type": "Feature", "properties": { "Shape_Area": 30000.0, "Shape_Leng": 800.0, "cluster_id": "101_391", "fid_1": 391.0, "id_munic": 391.0, "munic_clus": "101_391", "munic_code": 101.0, "min": 3.4823398590087891, "max": 3.4823398590087891, "mean": 3.4823398590087891, "count": 3, "std": 0.0, "range": 0.0 }, "geometry": { "type": "Polygon", "coordinates": [ [ [ 726900.0, 6173300.0 ], [ 727000.0, 6173300.0 ], [ 727100.0, 6173300.0 ], [ 727200.0, 6173300.0 ], [ 727200.0, 6173200.0 ], [ 727100.0, 6173200.0 ], [ 727000.0, 6173200.0 ], [ 726900.0, 6173200.0 ], [ 726900.0, 6173300.0 ] ] ] } },
{ "type": "Feature", "properties": { "Shape_Area": 80000.0, "Shape_Leng": 1200.0, "cluster_id": "101_392", "fid_1": 392.0, "id_munic": 392.0, "munic_clus": "101_392", "munic_code": 101.0, "min": 2.6104631423950195, "max": 2.6104631423950195, "mean": 2.6104631423950195, "count": 8, "std": 0.0, "range": 0.0 }, "geometry": { "type": "Polygon", "coordinates": [ [ [ 727300.0, 6173000.0 ], [ 727200.0, 6173000.0 ], [ 727100.0, 6173000.0 ], [ 727000.0, 6173000.0 ], [ 726900.0, 6173000.0 ], [ 726900.0, 6173100.0 ], [ 726900.0, 6173200.0 ], [ 727000.0, 6173200.0 ], [ 727100.0, 6173200.0 ], [ 727200.0, 6173200.0 ], [ 727300.0, 6173200.0 ], [ 727300.0, 6173100.0 ], [ 727300.0, 6173000.0 ] ] ] } },
{ "type": "Feature", "properties": { "Shape_Area": 10000.0, "Shape_Leng": 400.0, "cluster_id": "101_393", "fid_1": 393.0, "id_munic": 393.0, "munic_clus": "101_393", "munic_code": 101.0, "min": 2.5726425647735596, "max": 2.5726425647735596, "mean": 2.5726425647735596, "count": 1, "std": 0.0, "range": 0.0 }, "geometry": { "type": "Polygon", "coordinates": [ [ [ 727100.0, 6172900.0 ], [ 727100.0, 6173000.0 ], [ 727200.0, 6173000.0 ], [ 727200.0, 6172900.0 ], [ 727100.0, 6172900.0 ] ] ] } },
{ "type": "Feature", "properties": { "Shape_Area": 30000.0, "Shape_Leng": 800.0, "cluster_id": "101_394", "fid_1": 394.0, "id_munic": 394.0, "munic_clus": "101_394", "munic_code": 101.0, "min": 2.6777744293212891, "max": 2.6777744293212891, "mean": 2.6777744293212891, "count": 3, "std": 0.0, "range": 0.0 }, "geometry": { "type": "Polygon", "coordinates": [ [ [ 726600.0, 6173500.0 ], [ 726700.0, 6173500.0 ], [ 726700.0, 6173600.0 ], [ 726800.0, 6173600.0 ], [ 726800.0, 6173500.0 ], [ 726800.0, 6173400.0 ], [ 726700.0, 6173400.0 ], [ 726600.0, 6173400.0 ], [ 726600.0, 6173500.0 ] ] ] } },
{ "type": "Feature", "properties": { "Shape_Area": 70000.0, "Shape_Leng": 1200.0, "cluster_id": "101_395", "fid_1": 395.0, "id_munic": 395.0, "munic_clus": "101_395", "munic_code": 101.0, "min": 4.1189603805541992, "max": 4.1189603805541992, "mean": 4.1189602443150113, "count": 7, "std": 1.3623918793115308e-07, "range": 0.0 }, "geometry": { "type": "Polygon", "coordinates": [ [ [ 726700.0, 6173400.0 ], [ 726800.0, 6173400.0 ], [ 726800.0, 6173500.0 ], [ 726900.0, 6173500.0 ], [ 727000.0, 6173500.0 ], [ 727000.0, 6173400.0 ], [ 727000.0, 6173300.0 ], [ 726900.0, 6173300.0 ], [ 726900.0, 6173200.0 ], [ 726800.0, 6173200.0 ], [ 726700.0, 6173200.0 ], [ 726700.0, 6173300.0 ], [ 726700.0, 6173400.0 ] ] ] } },
{ "type": "Feature", "properties": { "Shape_Area": 60000.0, "Shape_Leng": 1000.0, "cluster_id": "101_396", "fid_1": 396.0, "id_munic": 396.0, "munic_clus": "101_396", "munic_code": 101.0, "min": 2.9323561191558838, "max": 2.9323561191558838, "mean": 2.9323561986287436, "count": 6, "std": 7.947285984855057e-08, "range": 0.0 }, "geometry": { "type": "Polygon", "coordinates": [ [ [ 727100.0, 6172600.0 ], [ 727000.0, 6172600.0 ], [ 726900.0, 6172600.0 ], [ 726800.0, 6172600.0 ], [ 726800.0, 6172700.0 ], [ 726800.0, 6172800.0 ], [ 726900.0, 6172800.0 ], [ 727000.0, 6172800.0 ], [ 727100.0, 6172800.0 ], [ 727100.0, 6172700.0 ], [ 727100.0, 6172600.0 ] ] ] } },
{ "type": "Feature", "properties": { "Shape_Area": 20000.0, "Shape_Leng": 600.0, "cluster_id": "101_397", "fid_1": 397.0, "id_munic": 397.0, "munic_clus": "101_397", "munic_code": 101.0, "min": 3.6137955188751221, "max": 3.6137955188751221, "mean": 3.6137955188751221, "count": 2, "std": 0.0, "range": 0.0 }, "geometry": { "type": "Polygon", "coordinates": [ [ [ 727100.0, 6172900.0 ], [ 727200.0, 6172900.0 ], [ 727300.0, 6172900.0 ], [ 727300.0, 6172800.0 ], [ 727200.0, 6172800.0 ], [ 727100.0, 6172800.0 ], [ 727100.0, 6172900.0 ] ] ] } },
{ "type": "Feature", "properties": { "Shape_Area": 20000.0, "Shape_Leng": 600.0, "cluster_id": "101_398", "fid_1": 398.0, "id_munic": 398.0, "munic_clus": "101_398", "munic_code": 101.0, "min": 2.5174944400787354, "max": 2.5174944400787354, "mean": 2.5174944400787354, "count": 2, "std": 0.0, "range": 0.0 }, "geometry": { "type": "Polygon", "coordinates": [ [ [ 719100.0, 6175900.0 ], [ 719100.0, 6176000.0 ], [ 719200.0, 6176000.0 ], [ 719200.0, 6175900.0 ], [ 719200.0, 6175800.0 ], [ 719100.0, 6175800.0 ], [ 719100.0, 6175900.0 ] ] ] } },
{ "type": "Feature", "properties": { "Shape_Area": 10000.0, "Shape_Leng": 400.0, "cluster_id": "101_399", "fid_1": 399.0, "id_munic": 399.0, "munic_clus": "101_399", "munic_code": 101.0, "min": 2.727924108505249, "max": 2.727924108505249, "mean": 2.727924108505249, "count": 1, "std": 0.0, "range": 0.0 }, "geometry": { "type": "Polygon", "coordinates": [ [ [ 726600.0, 6173300.0 ], [ 726600.0, 6173400.0 ], [ 726700.0, 6173400.0 ], [ 726700.0, 6173300.0 ], [ 726600.0, 6173300.0 ] ] ] } },
{ "type": "Feature", "properties": { "Shape_Area": 20000.0, "Shape_Leng": 600.0, "cluster_id": "101_400", "fid_1": 400.0, "id_munic": 400.0, "munic_clus": "101_400", "munic_code": 101.0, "min": 2.886871337890625, "max": 2.886871337890625, "mean": 2.886871337890625, "count": 2, "std": 0.0, "range": 0.0 }, "geometry": { "type": "Polygon", "coordinates": [ [ [ 727000.0, 6173500.0 ], [ 727100.0, 6173500.0 ], [ 727200.0, 6173500.0 ], [ 727200.0, 6173400.0 ], [ 727100.0, 6173400.0 ], [ 727000.0, 6173400.0 ], [ 727000.0, 6173500.0 ] ] ] } },
{ "type": "Feature", "properties": { "Shape_Area": 20000.0, "Shape_Leng": 600.0, "cluster_id": "101_401", "fid_1": 401.0, "id_munic": 401.0, "munic_clus": "101_401", "munic_code": 101.0, "min": 3.1341221332550049, "max": 3.1341221332550049, "mean": 3.1341221332550049, "count": 2, "std": 0.0, "range": 0.0 }, "geometry": { "type": "Polygon", "coordinates": [ [ [ 727000.0, 6173400.0 ], [ 727100.0, 6173400.0 ], [ 727200.0, 6173400.0 ], [ 727200.0, 6173300.0 ], [ 727100.0, 6173300.0 ], [ 727000.0, 6173300.0 ], [ 727000.0, 6173400.0 ] ] ] } },
{ "type": "Feature", "properties": { "Shape_Area": 20000.0, "Shape_Leng": 600.0, "cluster_id": "101_402", "fid_1": 402.0, "id_munic": 402.0, "munic_clus": "101_402", "munic_code": 101.0, "min": 2.9690101146697998, "max": 2.9690101146697998, "mean": 2.9690101146697998, "count": 2, "std": 0.0, "range": 0.0 }, "geometry": { "type": "Polygon", "coordinates": [ [ [ 726900.0, 6173800.0 ], [ 727000.0, 6173800.0 ], [ 727100.0, 6173800.0 ], [ 727100.0, 6173700.0 ], [ 727000.0, 6173700.0 ], [ 726900.0, 6173700.0 ], [ 726900.0, 6173800.0 ] ] ] } },
{ "type": "Feature", "properties": { "Shape_Area": 20000.0, "Shape_Leng": 600.0, "cluster_id": "101_403", "fid_1": 403.0, "id_munic": 403.0, "munic_clus": "101_403", "munic_code": 101.0, "min": 2.8285574913024902, "max": 2.8285574913024902, "mean": 2.8285574913024902, "count": 2, "std": 0.0, "range": 0.0 }, "geometry": { "type": "Polygon", "coordinates": [ [ [ 727400.0, 6174200.0 ], [ 727400.0, 6174300.0 ], [ 727500.0, 6174300.0 ], [ 727500.0, 6174200.0 ], [ 727500.0, 6174100.0 ], [ 727400.0, 6174100.0 ], [ 727400.0, 6174200.0 ] ] ] } },
{ "type": "Feature", "properties": { "Shape_Area": 20000.0, "Shape_Leng": 600.0, "cluster_id": "101_404", "fid_1": 404.0, "id_munic": 404.0, "munic_clus": "101_404", "munic_code": 101.0, "min": 2.4200270175933838, "max": 2.4200270175933838, "mean": 2.4200270175933838, "count": 2, "std": 0.0, "range": 0.0 }, "geometry": { "type": "Polygon", "coordinates": [ [ [ 727500.0, 6174200.0 ], [ 727500.0, 6174300.0 ], [ 727600.0, 6174300.0 ], [ 727600.0, 6174200.0 ], [ 727600.0, 6174100.0 ], [ 727500.0, 6174100.0 ], [ 727500.0, 6174200.0 ] ] ] } },
{ "type": "Feature", "properties": { "Shape_Area": 30000.0, "Shape_Leng": 800.0, "cluster_id": "101_405", "fid_1": 405.0, "id_munic": 405.0, "munic_clus": "101_405", "munic_code": 101.0, "min": 2.7767415046691895, "max": 2.7767415046691895, "mean": 2.7767416636149087, "count": 3, "std": 1.5894571925301193e-07, "range": 0.0 }, "geometry": { "type": "Polygon", "coordinates": [ [ [ 719300.0, 6176400.0 ], [ 719200.0, 6176400.0 ], [ 719200.0, 6176500.0 ], [ 719300.0, 6176500.0 ], [ 719400.0, 6176500.0 ], [ 719400.0, 6176400.0 ], [ 719400.0, 6176300.0 ], [ 719300.0, 6176300.0 ], [ 719300.0, 6176400.0 ] ] ] } },
{ "type": "Feature", "properties": { "Shape_Area": 10000.0, "Shape_Leng": 400.0, "cluster_id": "101_406", "fid_1": 406.0, "id_munic": 406.0, "munic_clus": "101_406", "munic_code": 101.0, "min": 2.7715764045715332, "max": 2.7715764045715332, "mean": 2.7715764045715332, "count": 1, "std": 0.0, "range": 0.0 }, "geometry": { "type": "Polygon", "coordinates": [ [ [ 726500.0, 6173300.0 ], [ 726500.0, 6173400.0 ], [ 726600.0, 6173400.0 ], [ 726600.0, 6173300.0 ], [ 726500.0, 6173300.0 ] ] ] } },
{ "type": "Feature", "properties": { "Shape_Area": 10000.0, "Shape_Leng": 400.0, "cluster_id": "101_407", "fid_1": 407.0, "id_munic": 407.0, "munic_clus": "101_407", "munic_code": 101.0, "min": 3.1636123657226562, "max": 3.1636123657226562, "mean": 3.1636123657226562, "count": 1, "std": 0.0, "range": 0.0 }, "geometry": { "type": "Polygon", "coordinates": [ [ [ 726300.0, 6173100.0 ], [ 726300.0, 6173200.0 ], [ 726400.0, 6173200.0 ], [ 726400.0, 6173100.0 ], [ 726300.0, 6173100.0 ] ] ] } },
{ "type": "Feature", "properties": { "Shape_Area": 60000.0, "Shape_Leng": 1000.0, "cluster_id": "101_408", "fid_1": 408.0, "id_munic": 408.0, "munic_clus": "101_408", "munic_code": 101.0, "min": 3.6301233768463135, "max": 3.6301233768463135, "mean": 3.6301234563191733, "count": 6, "std": 7.947285984855057e-08, "range": 0.0 }, "geometry": { "type": "Polygon", "coordinates": [ [ [ 726300.0, 6172900.0 ], [ 726200.0, 6172900.0 ], [ 726100.0, 6172900.0 ], [ 726000.0, 6172900.0 ], [ 726000.0, 6173000.0 ], [ 726000.0, 6173100.0 ], [ 726100.0, 6173100.0 ], [ 726200.0, 6173100.0 ], [ 726300.0, 6173100.0 ], [ 726300.0, 6173000.0 ], [ 726300.0, 6172900.0 ] ] ] } },
{ "type": "Feature", "properties": { "Shape_Area": 10000.0, "Shape_Leng": 400.0, "cluster_id": "101_409", "fid_1": 409.0, "id_munic": 409.0, "munic_clus": "101_409", "munic_code": 101.0, "min": 2.7180945873260498, "max": 2.7180945873260498, "mean": 2.7180945873260498, "count": 1, "std": 0.0, "range": 0.0 }, "geometry": { "type": "Polygon", "coordinates": [ [ [ 726400.0, 6173100.0 ], [ 726400.0, 6173200.0 ], [ 726500.0, 6173200.0 ], [ 726500.0, 6173100.0 ], [ 726400.0, 6173100.0 ] ] ] } },
{ "type": "Feature", "properties": { "Shape_Area": 30000.0, "Shape_Leng": 800.0, "cluster_id": "101_410", "fid_1": 410.0, "id_munic": 410.0, "munic_clus": "101_410", "munic_code": 101.0, "min": 3.6652786731719971, "max": 3.6652786731719971, "mean": 3.6652787526448569, "count": 3, "std": 7.947285984855057e-08, "range": 0.0 }, "geometry": { "type": "Polygon", "coordinates": [ [ [ 726300.0, 6173000.0 ], [ 726300.0, 6173100.0 ], [ 726400.0, 6173100.0 ], [ 726500.0, 6173100.0 ], [ 726500.0, 6173000.0 ], [ 726400.0, 6173000.0 ], [ 726400.0, 6172900.0 ], [ 726300.0, 6172900.0 ], [ 726300.0, 6173000.0 ] ] ] } },
{ "type": "Feature", "properties": { "Shape_Area": 20000.0, "Shape_Leng": 600.0, "cluster_id": "101_411", "fid_1": 411.0, "id_munic": 411.0, "munic_clus": "101_411", "munic_code": 101.0, "min": 3.8790409564971924, "max": 3.8790409564971924, "mean": 3.8790409564971924, "count": 2, "std": 0.0, "range": 0.0 }, "geometry": { "type": "Polygon", "coordinates": [ [ [ 726100.0, 6173400.0 ], [ 726100.0, 6173500.0 ], [ 726200.0, 6173500.0 ], [ 726200.0, 6173400.0 ], [ 726200.0, 6173300.0 ], [ 726100.0, 6173300.0 ], [ 726100.0, 6173400.0 ] ] ] } },
{ "type": "Feature", "properties": { "Shape_Area": 10000.0, "Shape_Leng": 400.0, "cluster_id": "101_412", "fid_1": 412.0, "id_munic": 412.0, "munic_clus": "101_412", "munic_code": 101.0, "min": 3.3648786544799805, "max": 3.3648786544799805, "mean": 3.3648786544799805, "count": 1, "std": 0.0, "range": 0.0 }, "geometry": { "type": "Polygon", "coordinates": [ [ [ 726200.0, 6173400.0 ], [ 726200.0, 6173500.0 ], [ 726300.0, 6173500.0 ], [ 726300.0, 6173400.0 ], [ 726200.0, 6173400.0 ] ] ] } },
{ "type": "Feature", "properties": { "Shape_Area": 40000.0, "Shape_Leng": 1000.0, "cluster_id": "101_413", "fid_1": 413.0, "id_munic": 413.0, "munic_clus": "101_413", "munic_code": 101.0, "min": 3.3307232856750488, "max": 3.3307232856750488, "mean": 3.3307232856750488, "count": 4, "std": 0.0, "range": 0.0 }, "geometry": { "type": "Polygon", "coordinates": [ [ [ 726100.0, 6173200.0 ], [ 726100.0, 6173300.0 ], [ 726200.0, 6173300.0 ], [ 726200.0, 6173200.0 ], [ 726300.0, 6173200.0 ], [ 726300.0, 6173100.0 ], [ 726200.0, 6173100.0 ], [ 726100.0, 6173100.0 ], [ 726000.0, 6173100.0 ], [ 726000.0, 6173200.0 ], [ 726100.0, 6173200.0 ] ] ] } },
{ "type": "Feature", "properties": { "Shape_Area": 80000.0, "Shape_Leng": 1200.0, "cluster_id": "101_414", "fid_1": 414.0, "id_munic": 414.0, "munic_clus": "101_414", "munic_code": 101.0, "min": 3.6759419441223145, "max": 3.6759419441223145, "mean": 3.6759419441223145, "count": 8, "std": 0.0, "range": 0.0 }, "geometry": { "type": "Polygon", "coordinates": [ [ [ 726400.0, 6172200.0 ], [ 726300.0, 6172200.0 ], [ 726200.0, 6172200.0 ], [ 726100.0, 6172200.0 ], [ 726000.0, 6172200.0 ], [ 726000.0, 6172300.0 ], [ 726000.0, 6172400.0 ], [ 726100.0, 6172400.0 ], [ 726200.0, 6172400.0 ], [ 726300.0, 6172400.0 ], [ 726400.0, 6172400.0 ], [ 726400.0, 6172300.0 ], [ 726400.0, 6172200.0 ] ] ] } },
{ "type": "Feature", "properties": { "Shape_Area": 50000.0, "Shape_Leng": 1200.0, "cluster_id": "101_415", "fid_1": 415.0, "id_munic": 415.0, "munic_clus": "101_415", "munic_code": 101.0, "min": 2.7309231758117676, "max": 2.7309231758117676, "mean": 2.7309230804443358, "count": 5, "std": 9.5367431729442842e-08, "range": 0.0 }, "geometry": { "type": "Polygon", "coordinates": [ [ [ 726100.0, 6172500.0 ], [ 726200.0, 6172500.0 ], [ 726300.0, 6172500.0 ], [ 726300.0, 6172600.0 ], [ 726400.0, 6172600.0 ], [ 726400.0, 6172500.0 ], [ 726400.0, 6172400.0 ], [ 726300.0, 6172400.0 ], [ 726200.0, 6172400.0 ], [ 726100.0, 6172400.0 ], [ 726000.0, 6172400.0 ], [ 726000.0, 6172500.0 ], [ 726100.0, 6172500.0 ] ] ] } },
{ "type": "Feature", "properties": { "Shape_Area": 10000.0, "Shape_Leng": 400.0, "cluster_id": "101_416", "fid_1": 416.0, "id_munic": 416.0, "munic_clus": "101_416", "munic_code": 101.0, "min": 3.7044317722320557, "max": 3.7044317722320557, "mean": 3.7044317722320557, "count": 1, "std": 0.0, "range": 0.0 }, "geometry": { "type": "Polygon", "coordinates": [ [ [ 725800.0, 6175600.0 ], [ 725800.0, 6175700.0 ], [ 725900.0, 6175700.0 ], [ 725900.0, 6175600.0 ], [ 725800.0, 6175600.0 ] ] ] } },
{ "type": "Feature", "properties": { "Shape_Area": 80000.0, "Shape_Leng": 1400.0, "cluster_id": "101_417", "fid_1": 417.0, "id_munic": 417.0, "munic_clus": "101_417", "munic_code": 101.0, "min": 3.0479843616485596, "max": 3.0479843616485596, "mean": 3.0479846000671387, "count": 8, "std": 2.384185791015625e-07, "range": 0.0 }, "geometry": { "type": "Polygon", "coordinates": [ [ [ 726000.0, 6176000.0 ], [ 726000.0, 6176100.0 ], [ 726000.0, 6176200.0 ], [ 726100.0, 6176200.0 ], [ 726200.0, 6176200.0 ], [ 726200.0, 6176100.0 ], [ 726200.0, 6176000.0 ], [ 726200.0, 6175900.0 ], [ 726100.0, 6175900.0 ], [ 726100.0, 6175800.0 ], [ 726000.0, 6175800.0 ], [ 725900.0, 6175800.0 ], [ 725900.0, 6175900.0 ], [ 726000.0, 6175900.0 ], [ 726000.0, 6176000.0 ] ] ] } },
{ "type": "Feature", "properties": { "Shape_Area": 10000.0, "Shape_Leng": 400.0, "cluster_id": "101_418", "fid_1": 418.0, "id_munic": 418.0, "munic_clus": "101_418", "munic_code": 101.0, "min": 2.470177173614502, "max": 2.470177173614502, "mean": 2.470177173614502, "count": 1, "std": 0.0, "range": 0.0 }, "geometry": { "type": "Polygon", "coordinates": [ [ [ 719000.0, 6176300.0 ], [ 719000.0, 6176400.0 ], [ 719100.0, 6176400.0 ], [ 719100.0, 6176300.0 ], [ 719000.0, 6176300.0 ] ] ] } },
{ "type": "Feature", "properties": { "Shape_Area": 10000.0, "Shape_Leng": 400.0, "cluster_id": "101_419", "fid_1": 419.0, "id_munic": 419.0, "munic_clus": "101_419", "munic_code": 101.0, "min": 3.8453853130340576, "max": 3.8453853130340576, "mean": 3.8453853130340576, "count": 1, "std": 0.0, "range": 0.0 }, "geometry": { "type": "Polygon", "coordinates": [ [ [ 720400.0, 6173600.0 ], [ 720400.0, 6173700.0 ], [ 720500.0, 6173700.0 ], [ 720500.0, 6173600.0 ], [ 720400.0, 6173600.0 ] ] ] } },
{ "type": "Feature", "properties": { "Shape_Area": 20000.0, "Shape_Leng": 600.0, "cluster_id": "101_420", "fid_1": 420.0, "id_munic": 420.0, "munic_clus": "101_420", "munic_code": 101.0, "min": 3.8920366764068604, "max": 3.8920366764068604, "mean": 3.8920366764068604, "count": 2, "std": 0.0, "range": 0.0 }, "geometry": { "type": "Polygon", "coordinates": [ [ [ 720500.0, 6173900.0 ], [ 720600.0, 6173900.0 ], [ 720700.0, 6173900.0 ], [ 720700.0, 6173800.0 ], [ 720600.0, 6173800.0 ], [ 720500.0, 6173800.0 ], [ 720500.0, 6173900.0 ] ] ] } },
{ "type": "Feature", "properties": { "Shape_Area": 20000.0, "Shape_Leng": 600.0, "cluster_id": "101_421", "fid_1": 421.0, "id_munic": 421.0, "munic_clus": "101_421", "munic_code": 101.0, "min": 2.6711099147796631, "max": 2.6711099147796631, "mean": 2.6711099147796631, "count": 2, "std": 0.0, "range": 0.0 }, "geometry": { "type": "Polygon", "coordinates": [ [ [ 720400.0, 6172900.0 ], [ 720500.0, 6172900.0 ], [ 720600.0, 6172900.0 ], [ 720600.0, 6172800.0 ], [ 720500.0, 6172800.0 ], [ 720400.0, 6172800.0 ], [ 720400.0, 6172900.0 ] ] ] } },
{ "type": "Feature", "properties": { "Shape_Area": 140000.0, "Shape_Leng": 1800.0, "cluster_id": "101_422", "fid_1": 422.0, "id_munic": 422.0, "munic_clus": "101_422", "munic_code": 101.0, "min": 2.7732422351837158, "max": 2.7732422351837158, "mean": 2.773242405482701, "count": 14, "std": 1.7029898513598596e-07, "range": 0.0 }, "geometry": { "type": "Polygon", "coordinates": [ [ [ 720500.0, 6172900.0 ], [ 720400.0, 6172900.0 ], [ 720400.0, 6173000.0 ], [ 720300.0, 6173000.0 ], [ 720300.0, 6173100.0 ], [ 720300.0, 6173200.0 ], [ 720400.0, 6173200.0 ], [ 720500.0, 6173200.0 ], [ 720600.0, 6173200.0 ], [ 720700.0, 6173200.0 ], [ 720700.0, 6173100.0 ], [ 720800.0, 6173100.0 ], [ 720800.0, 6173000.0 ], [ 720800.0, 6172900.0 ], [ 720700.0, 6172900.0 ], [ 720700.0, 6172800.0 ], [ 720600.0, 6172800.0 ], [ 720600.0, 6172900.0 ], [ 720500.0, 6172900.0 ] ] ] } },
{ "type": "Feature", "properties": { "Shape_Area": 20000.0, "Shape_Leng": 600.0, "cluster_id": "101_423", "fid_1": 423.0, "id_munic": 423.0, "munic_clus": "101_423", "munic_code": 101.0, "min": 3.2690775394439697, "max": 3.2690775394439697, "mean": 3.2690775394439697, "count": 2, "std": 0.0, "range": 0.0 }, "geometry": { "type": "Polygon", "coordinates": [ [ [ 720400.0, 6173800.0 ], [ 720500.0, 6173800.0 ], [ 720600.0, 6173800.0 ], [ 720600.0, 6173700.0 ], [ 720500.0, 6173700.0 ], [ 720400.0, 6173700.0 ], [ 720400.0, 6173800.0 ] ] ] } },
{ "type": "Feature", "properties": { "Shape_Area": 20000.0, "Shape_Leng": 600.0, "cluster_id": "101_424", "fid_1": 424.0, "id_munic": 424.0, "munic_clus": "101_424", "munic_code": 101.0, "min": 2.8213932514190674, "max": 2.8213932514190674, "mean": 2.8213932514190674, "count": 2, "std": 0.0, "range": 0.0 }, "geometry": { "type": "Polygon", "coordinates": [ [ [ 720300.0, 6173900.0 ], [ 720400.0, 6173900.0 ], [ 720500.0, 6173900.0 ], [ 720500.0, 6173800.0 ], [ 720400.0, 6173800.0 ], [ 720300.0, 6173800.0 ], [ 720300.0, 6173900.0 ] ] ] } },
{ "type": "Feature", "properties": { "Shape_Area": 20000.0, "Shape_Leng": 600.0, "cluster_id": "101_425", "fid_1": 425.0, "id_munic": 425.0, "munic_clus": "101_425", "munic_code": 101.0, "min": 3.7070984840393066, "max": 3.7070984840393066, "mean": 3.7070984840393066, "count": 2, "std": 0.0, "range": 0.0 }, "geometry": { "type": "Polygon", "coordinates": [ [ [ 723200.0, 6179100.0 ], [ 723300.0, 6179100.0 ], [ 723400.0, 6179100.0 ], [ 723400.0, 6179000.0 ], [ 723300.0, 6179000.0 ], [ 723200.0, 6179000.0 ], [ 723200.0, 6179100.0 ] ] ] } },
{ "type": "Feature", "properties": { "Shape_Area": 40000.0, "Shape_Leng": 800.0, "cluster_id": "101_426", "fid_1": 426.0, "id_munic": 426.0, "munic_clus": "101_426", "munic_code": 101.0, "min": 3.4870047569274902, "max": 3.4870047569274902, "mean": 3.4870047569274902, "count": 4, "std": 0.0, "range": 0.0 }, "geometry": { "type": "Polygon", "coordinates": [ [ [ 723300.0, 6178800.0 ], [ 723200.0, 6178800.0 ], [ 723100.0, 6178800.0 ], [ 723100.0, 6178900.0 ], [ 723100.0, 6179000.0 ], [ 723200.0, 6179000.0 ], [ 723300.0, 6179000.0 ], [ 723300.0, 6178900.0 ], [ 723300.0, 6178800.0 ] ] ] } },
{ "type": "Feature", "properties": { "Shape_Area": 10000.0, "Shape_Leng": 400.0, "cluster_id": "101_427", "fid_1": 427.0, "id_munic": 427.0, "munic_clus": "101_427", "munic_code": 101.0, "min": 2.3747086524963379, "max": 2.3747086524963379, "mean": 2.3747086524963379, "count": 1, "std": 0.0, "range": 0.0 }, "geometry": { "type": "Polygon", "coordinates": [ [ [ 723500.0, 6178700.0 ], [ 723500.0, 6178800.0 ], [ 723600.0, 6178800.0 ], [ 723600.0, 6178700.0 ], [ 723500.0, 6178700.0 ] ] ] } },
{ "type": "Feature", "properties": { "Shape_Area": 10000.0, "Shape_Leng": 400.0, "cluster_id": "101_428", "fid_1": 428.0, "id_munic": 428.0, "munic_clus": "101_428", "munic_code": 101.0, "min": 3.6597805023193359, "max": 3.6597805023193359, "mean": 3.6597805023193359, "count": 1, "std": 0.0, "range": 0.0 }, "geometry": { "type": "Polygon", "coordinates": [ [ [ 723000.0, 6178800.0 ], [ 723000.0, 6178900.0 ], [ 723100.0, 6178900.0 ], [ 723100.0, 6178800.0 ], [ 723000.0, 6178800.0 ] ] ] } },
{ "type": "Feature", "properties": { "Shape_Area": 20000.0, "Shape_Leng": 600.0, "cluster_id": "101_429", "fid_1": 429.0, "id_munic": 429.0, "munic_clus": "101_429", "munic_code": 101.0, "min": 3.4366881847381592, "max": 3.4366881847381592, "mean": 3.4366881847381592, "count": 2, "std": 0.0, "range": 0.0 }, "geometry": { "type": "Polygon", "coordinates": [ [ [ 722900.0, 6178800.0 ], [ 723000.0, 6178800.0 ], [ 723100.0, 6178800.0 ], [ 723100.0, 6178700.0 ], [ 723000.0, 6178700.0 ], [ 722900.0, 6178700.0 ], [ 722900.0, 6178800.0 ] ] ] } },
{ "type": "Feature", "properties": { "Shape_Area": 30000.0, "Shape_Leng": 800.0, "cluster_id": "101_430", "fid_1": 430.0, "id_munic": 430.0, "munic_clus": "101_430", "munic_code": 101.0, "min": 3.6654453277587891, "max": 3.6654453277587891, "mean": 3.6654453277587891, "count": 3, "std": 0.0, "range": 0.0 }, "geometry": { "type": "Polygon", "coordinates": [ [ [ 723300.0, 6178400.0 ], [ 723200.0, 6178400.0 ], [ 723200.0, 6178500.0 ], [ 723300.0, 6178500.0 ], [ 723400.0, 6178500.0 ], [ 723400.0, 6178400.0 ], [ 723400.0, 6178300.0 ], [ 723300.0, 6178300.0 ], [ 723300.0, 6178400.0 ] ] ] } },
{ "type": "Feature", "properties": { "Shape_Area": 30000.0, "Shape_Leng": 800.0, "cluster_id": "101_431", "fid_1": 431.0, "id_munic": 431.0, "munic_clus": "101_431", "munic_code": 101.0, "min": 2.8335554599761963, "max": 2.8335554599761963, "mean": 2.8335555394490561, "count": 3, "std": 7.947285984855057e-08, "range": 0.0 }, "geometry": { "type": "Polygon", "coordinates": [ [ [ 723400.0, 6179100.0 ], [ 723300.0, 6179100.0 ], [ 723300.0, 6179200.0 ], [ 723400.0, 6179200.0 ], [ 723500.0, 6179200.0 ], [ 723500.0, 6179100.0 ], [ 723500.0, 6179000.0 ], [ 723400.0, 6179000.0 ], [ 723400.0, 6179100.0 ] ] ] } },
{ "type": "Feature", "properties": { "Shape_Area": 70000.0, "Shape_Leng": 1200.0, "cluster_id": "101_432", "fid_1": 432.0, "id_munic": 432.0, "munic_clus": "101_432", "munic_code": 101.0, "min": 4.3160619735717773, "max": 4.3160619735717773, "mean": 4.3160618373325894, "count": 7, "std": 1.3623918793115308e-07, "range": 0.0 }, "geometry": { "type": "Polygon", "coordinates": [ [ [ 723300.0, 6178500.0 ], [ 723200.0, 6178500.0 ], [ 723100.0, 6178500.0 ], [ 723100.0, 6178600.0 ], [ 723000.0, 6178600.0 ], [ 723000.0, 6178700.0 ], [ 723100.0, 6178700.0 ], [ 723100.0, 6178800.0 ], [ 723200.0, 6178800.0 ], [ 723300.0, 6178800.0 ], [ 723300.0, 6178700.0 ], [ 723300.0, 6178600.0 ], [ 723300.0, 6178500.0 ] ] ] } },
{ "type": "Feature", "properties": { "Shape_Area": 60000.0, "Shape_Leng": 1400.0, "cluster_id": "101_433", "fid_1": 433.0, "id_munic": 433.0, "munic_clus": "101_433", "munic_code": 101.0, "min": 2.9336891174316406, "max": 2.9336891174316406, "mean": 2.9336891174316406, "count": 6, "std": 0.0, "range": 0.0 }, "geometry": { "type": "Polygon", "coordinates": [ [ [ 722700.0, 6177200.0 ], [ 722700.0, 6177100.0 ], [ 722600.0, 6177100.0 ], [ 722500.0, 6177100.0 ], [ 722500.0, 6177200.0 ], [ 722400.0, 6177200.0 ], [ 722300.0, 6177200.0 ], [ 722300.0, 6177300.0 ], [ 722400.0, 6177300.0 ], [ 722400.0, 6177400.0 ], [ 722500.0, 6177400.0 ], [ 722500.0, 6177300.0 ], [ 722600.0, 6177300.0 ], [ 722600.0, 6177200.0 ], [ 722700.0, 6177200.0 ] ] ] } },
{ "type": "Feature", "properties": { "Shape_Area": 10000.0, "Shape_Leng": 400.0, "cluster_id": "101_434", "fid_1": 434.0, "id_munic": 434.0, "munic_clus": "101_434", "munic_code": 101.0, "min": 3.6304574012756348, "max": 3.6304574012756348, "mean": 3.6304574012756348, "count": 1, "std": 0.0, "range": 0.0 }, "geometry": { "type": "Polygon", "coordinates": [ [ [ 723200.0, 6180400.0 ], [ 723200.0, 6180500.0 ], [ 723300.0, 6180500.0 ], [ 723300.0, 6180400.0 ], [ 723200.0, 6180400.0 ] ] ] } },
{ "type": "Feature", "properties": { "Shape_Area": 90000.0, "Shape_Leng": 1400.0, "cluster_id": "101_435", "fid_1": 435.0, "id_munic": 435.0, "munic_clus": "101_435", "munic_code": 101.0, "min": 2.3160614967346191, "max": 2.3160614967346191, "mean": 2.3160614437527127, "count": 9, "std": 5.2981906417670643e-08, "range": 0.0 }, "geometry": { "type": "Polygon", "coordinates": [ [ [ 723200.0, 6180200.0 ], [ 723100.0, 6180200.0 ], [ 723000.0, 6180200.0 ], [ 723000.0, 6180300.0 ], [ 722900.0, 6180300.0 ], [ 722900.0, 6180400.0 ], [ 722900.0, 6180500.0 ], [ 723000.0, 6180500.0 ], [ 723100.0, 6180500.0 ], [ 723200.0, 6180500.0 ], [ 723200.0, 6180400.0 ], [ 723300.0, 6180400.0 ], [ 723300.0, 6180300.0 ], [ 723200.0, 6180300.0 ], [ 723200.0, 6180200.0 ] ] ] } },
{ "type": "Feature", "properties": { "Shape_Area": 290000.0, "Shape_Leng": 3000.0, "cluster_id": "101_436", "fid_1": 436.0, "id_munic": 436.0, "munic_clus": "101_436", "munic_code": 101.0, "min": 2.9993340969085693, "max": 2.9993340969085693, "mean": 2.9993341380152208, "count": 29, "std": 4.1106651416100703e-08, "range": 0.0 }, "geometry": { "type": "Polygon", "coordinates": [ [ [ 723000.0, 6179800.0 ], [ 723000.0, 6179900.0 ], [ 723000.0, 6180000.0 ], [ 723100.0, 6180000.0 ], [ 723100.0, 6180100.0 ], [ 723200.0, 6180100.0 ], [ 723200.0, 6180200.0 ], [ 723200.0, 6180300.0 ], [ 723300.0, 6180300.0 ], [ 723300.0, 6180400.0 ], [ 723300.0, 6180500.0 ], [ 723400.0, 6180500.0 ], [ 723400.0, 6180400.0 ], [ 723500.0, 6180400.0 ], [ 723500.0, 6180300.0 ], [ 723500.0, 6180200.0 ], [ 723500.0, 6180100.0 ], [ 723600.0, 6180100.0 ], [ 723600.0, 6180000.0 ], [ 723600.0, 6179900.0 ], [ 723500.0, 6179900.0 ], [ 723500.0, 6179800.0 ], [ 723400.0, 6179800.0 ], [ 723400.0, 6179700.0 ], [ 723300.0, 6179700.0 ], [ 723300.0, 6179600.0 ], [ 723200.0, 6179600.0 ], [ 723200.0, 6179700.0 ], [ 723100.0, 6179700.0 ], [ 723100.0, 6179800.0 ], [ 723000.0, 6179800.0 ] ] ] } },
{ "type": "Feature", "properties": { "Shape_Area": 20000.0, "Shape_Leng": 600.0, "cluster_id": "101_437", "fid_1": 437.0, "id_munic": 437.0, "munic_clus": "101_437", "munic_code": 101.0, "min": 2.8227260112762451, "max": 2.8227260112762451, "mean": 2.8227260112762451, "count": 2, "std": 0.0, "range": 0.0 }, "geometry": { "type": "Polygon", "coordinates": [ [ [ 722800.0, 6180600.0 ], [ 722900.0, 6180600.0 ], [ 723000.0, 6180600.0 ], [ 723000.0, 6180500.0 ], [ 722900.0, 6180500.0 ], [ 722800.0, 6180500.0 ], [ 722800.0, 6180600.0 ] ] ] } },
{ "type": "Feature", "properties": { "Shape_Area": 80000.0, "Shape_Leng": 1200.0, "cluster_id": "101_438", "fid_1": 438.0, "id_munic": 438.0, "munic_clus": "101_438", "munic_code": 101.0, "min": 2.9480171203613281, "max": 2.9480171203613281, "mean": 2.9480171203613281, "count": 8, "std": 0.0, "range": 0.0 }, "geometry": { "type": "Polygon", "coordinates": [ [ [ 722900.0, 6180200.0 ], [ 722800.0, 6180200.0 ], [ 722700.0, 6180200.0 ], [ 722700.0, 6180300.0 ], [ 722600.0, 6180300.0 ], [ 722600.0, 6180400.0 ], [ 722600.0, 6180500.0 ], [ 722700.0, 6180500.0 ], [ 722800.0, 6180500.0 ], [ 722900.0, 6180500.0 ], [ 722900.0, 6180400.0 ], [ 722900.0, 6180300.0 ], [ 722900.0, 6180200.0 ] ] ] } },
{ "type": "Feature", "properties": { "Shape_Area": 100000.0, "Shape_Leng": 1800.0, "cluster_id": "101_439", "fid_1": 439.0, "id_munic": 439.0, "munic_clus": "101_439", "munic_code": 101.0, "min": 2.8217258453369141, "max": 2.8217258453369141, "mean": 2.8217258453369141, "count": 10, "std": 0.0, "range": 0.0 }, "geometry": { "type": "Polygon", "coordinates": [ [ [ 722900.0, 6179900.0 ], [ 722900.0, 6180000.0 ], [ 722800.0, 6180000.0 ], [ 722800.0, 6180100.0 ], [ 722700.0, 6180100.0 ], [ 722700.0, 6180200.0 ], [ 722800.0, 6180200.0 ], [ 722900.0, 6180200.0 ], [ 722900.0, 6180300.0 ], [ 723000.0, 6180300.0 ], [ 723000.0, 6180200.0 ], [ 723100.0, 6180200.0 ], [ 723200.0, 6180200.0 ], [ 723200.0, 6180100.0 ], [ 723100.0, 6180100.0 ], [ 723100.0, 6180000.0 ], [ 723000.0, 6180000.0 ], [ 723000.0, 6179900.0 ], [ 722900.0, 6179900.0 ] ] ] } },
{ "type": "Feature", "properties": { "Shape_Area": 20000.0, "Shape_Leng": 600.0, "cluster_id": "101_440", "fid_1": 440.0, "id_munic": 440.0, "munic_clus": "101_440", "munic_code": 101.0, "min": 2.5579807758331299, "max": 2.5579807758331299, "mean": 2.5579807758331299, "count": 2, "std": 0.0, "range": 0.0 }, "geometry": { "type": "Polygon", "coordinates": [ [ [ 725600.0, 6177100.0 ], [ 725700.0, 6177100.0 ], [ 725800.0, 6177100.0 ], [ 725800.0, 6177000.0 ], [ 725700.0, 6177000.0 ], [ 725600.0, 6177000.0 ], [ 725600.0, 6177100.0 ] ] ] } },
{ "type": "Feature", "properties": { "Shape_Area": 40000.0, "Shape_Leng": 1000.0, "cluster_id": "101_441", "fid_1": 441.0, "id_munic": 441.0, "munic_clus": "101_441", "munic_code": 101.0, "min": 3.0083308219909668, "max": 3.0083308219909668, "mean": 3.0083308219909668, "count": 4, "std": 0.0, "range": 0.0 }, "geometry": { "type": "Polygon", "coordinates": [ [ [ 725600.0, 6176800.0 ], [ 725600.0, 6176900.0 ], [ 725600.0, 6177000.0 ], [ 725700.0, 6177000.0 ], [ 725700.0, 6176900.0 ], [ 725700.0, 6176800.0 ], [ 725700.0, 6176700.0 ], [ 725600.0, 6176700.0 ], [ 725500.0, 6176700.0 ], [ 725500.0, 6176800.0 ], [ 725600.0, 6176800.0 ] ] ] } },
{ "type": "Feature", "properties": { "Shape_Area": 20000.0, "Shape_Leng": 600.0, "cluster_id": "101_442", "fid_1": 442.0, "id_munic": 442.0, "munic_clus": "101_442", "munic_code": 101.0, "min": 3.2962350845336914, "max": 3.2962350845336914, "mean": 3.2962350845336914, "count": 2, "std": 0.0, "range": 0.0 }, "geometry": { "type": "Polygon", "coordinates": [ [ [ 723600.0, 6177100.0 ], [ 723600.0, 6177200.0 ], [ 723700.0, 6177200.0 ], [ 723700.0, 6177100.0 ], [ 723700.0, 6177000.0 ], [ 723600.0, 6177000.0 ], [ 723600.0, 6177100.0 ] ] ] } },
{ "type": "Feature", "properties": { "Shape_Area": 20000.0, "Shape_Leng": 600.0, "cluster_id": "101_443", "fid_1": 443.0, "id_munic": 443.0, "munic_clus": "101_443", "munic_code": 101.0, "min": 4.1166286468505859, "max": 4.1166286468505859, "mean": 4.1166286468505859, "count": 2, "std": 0.0, "range": 0.0 }, "geometry": { "type": "Polygon", "coordinates": [ [ [ 722100.0, 6179200.0 ], [ 722200.0, 6179200.0 ], [ 722300.0, 6179200.0 ], [ 722300.0, 6179100.0 ], [ 722200.0, 6179100.0 ], [ 722100.0, 6179100.0 ], [ 722100.0, 6179200.0 ] ] ] } },
{ "type": "Feature", "properties": { "Shape_Area": 10000.0, "Shape_Leng": 400.0, "cluster_id": "101_444", "fid_1": 444.0, "id_munic": 444.0, "munic_clus": "101_444", "munic_code": 101.0, "min": 2.8590474128723145, "max": 2.8590474128723145, "mean": 2.8590474128723145, "count": 1, "std": 0.0, "range": 0.0 }, "geometry": { "type": "Polygon", "coordinates": [ [ [ 722200.0, 6179400.0 ], [ 722200.0, 6179500.0 ], [ 722300.0, 6179500.0 ], [ 722300.0, 6179400.0 ], [ 722200.0, 6179400.0 ] ] ] } },
{ "type": "Feature", "properties": { "Shape_Area": 10000.0, "Shape_Leng": 400.0, "cluster_id": "101_445", "fid_1": 445.0, "id_munic": 445.0, "munic_clus": "101_445", "munic_code": 101.0, "min": 2.563812255859375, "max": 2.563812255859375, "mean": 2.563812255859375, "count": 1, "std": 0.0, "range": 0.0 }, "geometry": { "type": "Polygon", "coordinates": [ [ [ 722200.0, 6179200.0 ], [ 722200.0, 6179300.0 ], [ 722300.0, 6179300.0 ], [ 722300.0, 6179200.0 ], [ 722200.0, 6179200.0 ] ] ] } },
{ "type": "Feature", "properties": { "Shape_Area": 10000.0, "Shape_Leng": 400.0, "cluster_id": "101_446", "fid_1": 446.0, "id_munic": 446.0, "munic_clus": "101_446", "munic_code": 101.0, "min": 2.7865712642669678, "max": 2.7865712642669678, "mean": 2.7865712642669678, "count": 1, "std": 0.0, "range": 0.0 }, "geometry": { "type": "Polygon", "coordinates": [ [ [ 722200.0, 6179300.0 ], [ 722200.0, 6179400.0 ], [ 722300.0, 6179400.0 ], [ 722300.0, 6179300.0 ], [ 722200.0, 6179300.0 ] ] ] } },
{ "type": "Feature", "properties": { "Shape_Area": 20000.0, "Shape_Leng": 600.0, "cluster_id": "101_447", "fid_1": 447.0, "id_munic": 447.0, "munic_clus": "101_447", "munic_code": 101.0, "min": 3.3768744468688965, "max": 3.3768744468688965, "mean": 3.3768744468688965, "count": 2, "std": 0.0, "range": 0.0 }, "geometry": { "type": "Polygon", "coordinates": [ [ [ 721900.0, 6179000.0 ], [ 721900.0, 6179100.0 ], [ 722000.0, 6179100.0 ], [ 722000.0, 6179000.0 ], [ 722000.0, 6178900.0 ], [ 721900.0, 6178900.0 ], [ 721900.0, 6179000.0 ] ] ] } },
{ "type": "Feature", "properties": { "Shape_Area": 10000.0, "Shape_Leng": 400.0, "cluster_id": "101_448", "fid_1": 448.0, "id_munic": 448.0, "munic_clus": "101_448", "munic_code": 101.0, "min": 3.4855046272277832, "max": 3.4855046272277832, "mean": 3.4855046272277832, "count": 1, "std": 0.0, "range": 0.0 }, "geometry": { "type": "Polygon", "coordinates": [ [ [ 722000.0, 6179100.0 ], [ 722000.0, 6179200.0 ], [ 722100.0, 6179200.0 ], [ 722100.0, 6179100.0 ], [ 722000.0, 6179100.0 ] ] ] } },
{ "type": "Feature", "properties": { "Shape_Area": 10000.0, "Shape_Leng": 400.0, "cluster_id": "101_449", "fid_1": 449.0, "id_munic": 449.0, "munic_clus": "101_449", "munic_code": 101.0, "min": 3.6339554786682129, "max": 3.6339554786682129, "mean": 3.6339554786682129, "count": 1, "std": 0.0, "range": 0.0 }, "geometry": { "type": "Polygon", "coordinates": [ [ [ 722000.0, 6179200.0 ], [ 722000.0, 6179300.0 ], [ 722100.0, 6179300.0 ], [ 722100.0, 6179200.0 ], [ 722000.0, 6179200.0 ] ] ] } },
{ "type": "Feature", "properties": { "Shape_Area": 20000.0, "Shape_Leng": 600.0, "cluster_id": "101_450", "fid_1": 450.0, "id_munic": 450.0, "munic_clus": "101_450", "munic_code": 101.0, "min": 3.0401535034179688, "max": 3.0401535034179688, "mean": 3.0401535034179688, "count": 2, "std": 0.0, "range": 0.0 }, "geometry": { "type": "Polygon", "coordinates": [ [ [ 721900.0, 6179400.0 ], [ 721900.0, 6179500.0 ], [ 722000.0, 6179500.0 ], [ 722000.0, 6179400.0 ], [ 722000.0, 6179300.0 ], [ 721900.0, 6179300.0 ], [ 721900.0, 6179400.0 ] ] ] } },
{ "type": "Feature", "properties": { "Shape_Area": 10000.0, "Shape_Leng": 400.0, "cluster_id": "101_451", "fid_1": 451.0, "id_munic": 451.0, "munic_clus": "101_451", "munic_code": 101.0, "min": 3.1552820205688477, "max": 3.1552820205688477, "mean": 3.1552820205688477, "count": 1, "std": 0.0, "range": 0.0 }, "geometry": { "type": "Polygon", "coordinates": [ [ [ 723600.0, 6176900.0 ], [ 723600.0, 6177000.0 ], [ 723700.0, 6177000.0 ], [ 723700.0, 6176900.0 ], [ 723600.0, 6176900.0 ] ] ] } },
{ "type": "Feature", "properties": { "Shape_Area": 10000.0, "Shape_Leng": 400.0, "cluster_id": "101_452", "fid_1": 452.0, "id_munic": 452.0, "munic_clus": "101_452", "munic_code": 101.0, "min": 2.7325894832611084, "max": 2.7325894832611084, "mean": 2.7325894832611084, "count": 1, "std": 0.0, "range": 0.0 }, "geometry": { "type": "Polygon", "coordinates": [ [ [ 722000.0, 6179900.0 ], [ 722000.0, 6180000.0 ], [ 722100.0, 6180000.0 ], [ 722100.0, 6179900.0 ], [ 722000.0, 6179900.0 ] ] ] } },
{ "type": "Feature", "properties": { "Shape_Area": 20000.0, "Shape_Leng": 600.0, "cluster_id": "101_453", "fid_1": 453.0, "id_munic": 453.0, "munic_clus": "101_453", "munic_code": 101.0, "min": 3.9510166645050049, "max": 3.9510166645050049, "mean": 3.9510166645050049, "count": 2, "std": 0.0, "range": 0.0 }, "geometry": { "type": "Polygon", "coordinates": [ [ [ 722000.0, 6179600.0 ], [ 722100.0, 6179600.0 ], [ 722200.0, 6179600.0 ], [ 722200.0, 6179500.0 ], [ 722100.0, 6179500.0 ], [ 722000.0, 6179500.0 ], [ 722000.0, 6179600.0 ] ] ] } },
{ "type": "Feature", "properties": { "Shape_Area": 20000.0, "Shape_Leng": 600.0, "cluster_id": "101_454", "fid_1": 454.0, "id_munic": 454.0, "munic_clus": "101_454", "munic_code": 101.0, "min": 3.1944358348846436, "max": 3.1944358348846436, "mean": 3.1944358348846436, "count": 2, "std": 0.0, "range": 0.0 }, "geometry": { "type": "Polygon", "coordinates": [ [ [ 722000.0, 6179700.0 ], [ 722100.0, 6179700.0 ], [ 722200.0, 6179700.0 ], [ 722200.0, 6179600.0 ], [ 722100.0, 6179600.0 ], [ 722000.0, 6179600.0 ], [ 722000.0, 6179700.0 ] ] ] } },
{ "type": "Feature", "properties": { "Shape_Area": 10000.0, "Shape_Leng": 400.0, "cluster_id": "101_455", "fid_1": 455.0, "id_munic": 455.0, "munic_clus": "101_455", "munic_code": 101.0, "min": 3.887204647064209, "max": 3.887204647064209, "mean": 3.887204647064209, "count": 1, "std": 0.0, "range": 0.0 }, "geometry": { "type": "Polygon", "coordinates": [ [ [ 722100.0, 6179200.0 ], [ 722100.0, 6179300.0 ], [ 722200.0, 6179300.0 ], [ 722200.0, 6179200.0 ], [ 722100.0, 6179200.0 ] ] ] } },
{ "type": "Feature", "properties": { "Shape_Area": 20000.0, "Shape_Leng": 600.0, "cluster_id": "101_456", "fid_1": 456.0, "id_munic": 456.0, "munic_clus": "101_456", "munic_code": 101.0, "min": 3.1027989387512207, "max": 3.1027989387512207, "mean": 3.1027989387512207, "count": 2, "std": 0.0, "range": 0.0 }, "geometry": { "type": "Polygon", "coordinates": [ [ [ 723400.0, 6178300.0 ], [ 723400.0, 6178400.0 ], [ 723500.0, 6178400.0 ], [ 723500.0, 6178300.0 ], [ 723500.0, 6178200.0 ], [ 723400.0, 6178200.0 ], [ 723400.0, 6178300.0 ] ] ] } },
{ "type": "Feature", "properties": { "Shape_Area": 20000.0, "Shape_Leng": 600.0, "cluster_id": "101_457", "fid_1": 457.0, "id_munic": 457.0, "munic_clus": "101_457", "munic_code": 101.0, "min": 3.798067569732666, "max": 3.798067569732666, "mean": 3.798067569732666, "count": 2, "std": 0.0, "range": 0.0 }, "geometry": { "type": "Polygon", "coordinates": [ [ [ 724100.0, 6179800.0 ], [ 724100.0, 6179900.0 ], [ 724200.0, 6179900.0 ], [ 724200.0, 6179800.0 ], [ 724200.0, 6179700.0 ], [ 724100.0, 6179700.0 ], [ 724100.0, 6179800.0 ] ] ] } },
{ "type": "Feature", "properties": { "Shape_Area": 10000.0, "Shape_Leng": 400.0, "cluster_id": "101_458", "fid_1": 458.0, "id_munic": 458.0, "munic_clus": "101_458", "munic_code": 101.0, "min": 3.7975678443908691, "max": 3.7975678443908691, "mean": 3.7975678443908691, "count": 1, "std": 0.0, "range": 0.0 }, "geometry": { "type": "Polygon", "coordinates": [ [ [ 723700.0, 6176900.0 ], [ 723700.0, 6177000.0 ], [ 723800.0, 6177000.0 ], [ 723800.0, 6176900.0 ], [ 723700.0, 6176900.0 ] ] ] } },
{ "type": "Feature", "properties": { "Shape_Area": 20000.0, "Shape_Leng": 600.0, "cluster_id": "101_459", "fid_1": 459.0, "id_munic": 459.0, "munic_clus": "101_459", "munic_code": 101.0, "min": 3.6677775382995605, "max": 3.6677775382995605, "mean": 3.6677775382995605, "count": 2, "std": 0.0, "range": 0.0 }, "geometry": { "type": "Polygon", "coordinates": [ [ [ 723600.0, 6176900.0 ], [ 723700.0, 6176900.0 ], [ 723800.0, 6176900.0 ], [ 723800.0, 6176800.0 ], [ 723700.0, 6176800.0 ], [ 723600.0, 6176800.0 ], [ 723600.0, 6176900.0 ] ] ] } },
{ "type": "Feature", "properties": { "Shape_Area": 20000.0, "Shape_Leng": 600.0, "cluster_id": "101_460", "fid_1": 460.0, "id_munic": 460.0, "munic_clus": "101_460", "munic_code": 101.0, "min": 2.9295234680175781, "max": 2.9295234680175781, "mean": 2.9295234680175781, "count": 2, "std": 0.0, "range": 0.0 }, "geometry": { "type": "Polygon", "coordinates": [ [ [ 724000.0, 6179800.0 ], [ 724000.0, 6179900.0 ], [ 724100.0, 6179900.0 ], [ 724100.0, 6179800.0 ], [ 724100.0, 6179700.0 ], [ 724000.0, 6179700.0 ], [ 724000.0, 6179800.0 ] ] ] } },
{ "type": "Feature", "properties": { "Shape_Area": 10000.0, "Shape_Leng": 400.0, "cluster_id": "101_461", "fid_1": 461.0, "id_munic": 461.0, "munic_clus": "101_461", "munic_code": 101.0, "min": 2.7665784358978271, "max": 2.7665784358978271, "mean": 2.7665784358978271, "count": 1, "std": 0.0, "range": 0.0 }, "geometry": { "type": "Polygon", "coordinates": [ [ [ 724000.0, 6179900.0 ], [ 724000.0, 6180000.0 ], [ 724100.0, 6180000.0 ], [ 724100.0, 6179900.0 ], [ 724000.0, 6179900.0 ] ] ] } },
{ "type": "Feature", "properties": { "Shape_Area": 10000.0, "Shape_Leng": 400.0, "cluster_id": "101_462", "fid_1": 462.0, "id_munic": 462.0, "munic_clus": "101_462", "munic_code": 101.0, "min": 3.2754085063934326, "max": 3.2754085063934326, "mean": 3.2754085063934326, "count": 1, "std": 0.0, "range": 0.0 }, "geometry": { "type": "Polygon", "coordinates": [ [ [ 723900.0, 6179900.0 ], [ 723900.0, 6180000.0 ], [ 724000.0, 6180000.0 ], [ 724000.0, 6179900.0 ], [ 723900.0, 6179900.0 ] ] ] } },
{ "type": "Feature", "properties": { "Shape_Area": 30000.0, "Shape_Leng": 800.0, "cluster_id": "101_463", "fid_1": 463.0, "id_munic": 463.0, "munic_clus": "101_463", "munic_code": 101.0, "min": 3.4198606014251709, "max": 3.4198606014251709, "mean": 3.419860521952311, "count": 3, "std": 7.947285984855057e-08, "range": 0.0 }, "geometry": { "type": "Polygon", "coordinates": [ [ [ 723600.0, 6179800.0 ], [ 723600.0, 6179900.0 ], [ 723700.0, 6179900.0 ], [ 723700.0, 6179800.0 ], [ 723800.0, 6179800.0 ], [ 723800.0, 6179700.0 ], [ 723700.0, 6179700.0 ], [ 723600.0, 6179700.0 ], [ 723600.0, 6179800.0 ] ] ] } },
{ "type": "Feature", "properties": { "Shape_Area": 40000.0, "Shape_Leng": 1000.0, "cluster_id": "101_464", "fid_1": 464.0, "id_munic": 464.0, "munic_clus": "101_464", "munic_code": 101.0, "min": 3.127791166305542, "max": 3.127791166305542, "mean": 3.127791166305542, "count": 4, "std": 0.0, "range": 0.0 }, "geometry": { "type": "Polygon", "coordinates": [ [ [ 719700.0, 6173000.0 ], [ 719700.0, 6173100.0 ], [ 719800.0, 6173100.0 ], [ 719900.0, 6173100.0 ], [ 719900.0, 6173000.0 ], [ 719800.0, 6173000.0 ], [ 719800.0, 6172900.0 ], [ 719700.0, 6172900.0 ], [ 719600.0, 6172900.0 ], [ 719600.0, 6173000.0 ], [ 719700.0, 6173000.0 ] ] ] } },
{ "type": "Feature", "properties": { "Shape_Area": 50000.0, "Shape_Leng": 1000.0, "cluster_id": "101_465", "fid_1": 465.0, "id_munic": 465.0, "munic_clus": "101_465", "munic_code": 101.0, "min": 3.7065980434417725, "max": 3.7065980434417725, "mean": 3.7065979003906251, "count": 5, "std": 1.4305114737211966e-07, "range": 0.0 }, "geometry": { "type": "Polygon", "coordinates": [ [ [ 719900.0, 6173000.0 ], [ 719900.0, 6173100.0 ], [ 720000.0, 6173100.0 ], [ 720100.0, 6173100.0 ], [ 720100.0, 6173000.0 ], [ 720100.0, 6172900.0 ], [ 720000.0, 6172900.0 ], [ 719900.0, 6172900.0 ], [ 719800.0, 6172900.0 ], [ 719800.0, 6173000.0 ], [ 719900.0, 6173000.0 ] ] ] } },
{ "type": "Feature", "properties": { "Shape_Area": 80000.0, "Shape_Leng": 1400.0, "cluster_id": "101_466", "fid_1": 466.0, "id_munic": 466.0, "munic_clus": "101_466", "munic_code": 101.0, "min": 3.1767752170562744, "max": 3.1767752170562744, "mean": 3.1767752170562744, "count": 8, "std": 0.0, "range": 0.0 }, "geometry": { "type": "Polygon", "coordinates": [ [ [ 720400.0, 6172800.0 ], [ 720300.0, 6172800.0 ], [ 720200.0, 6172800.0 ], [ 720200.0, 6172900.0 ], [ 720100.0, 6172900.0 ], [ 720100.0, 6173000.0 ], [ 720100.0, 6173100.0 ], [ 720200.0, 6173100.0 ], [ 720200.0, 6173200.0 ], [ 720300.0, 6173200.0 ], [ 720300.0, 6173100.0 ], [ 720300.0, 6173000.0 ], [ 720400.0, 6173000.0 ], [ 720400.0, 6172900.0 ], [ 720400.0, 6172800.0 ] ] ] } },
{ "type": "Feature", "properties": { "Shape_Area": 10000.0, "Shape_Leng": 400.0, "cluster_id": "101_467", "fid_1": 467.0, "id_munic": 467.0, "munic_clus": "101_467", "munic_code": 101.0, "min": 3.1562812328338623, "max": 3.1562812328338623, "mean": 3.1562812328338623, "count": 1, "std": 0.0, "range": 0.0 }, "geometry": { "type": "Polygon", "coordinates": [ [ [ 723500.0, 6176600.0 ], [ 723500.0, 6176700.0 ], [ 723600.0, 6176700.0 ], [ 723600.0, 6176600.0 ], [ 723500.0, 6176600.0 ] ] ] } },
{ "type": "Feature", "properties": { "Shape_Area": 10000.0, "Shape_Leng": 400.0, "cluster_id": "101_468", "fid_1": 468.0, "id_munic": 468.0, "munic_clus": "101_468", "munic_code": 101.0, "min": 4.0569815635681152, "max": 4.0569815635681152, "mean": 4.0569815635681152, "count": 1, "std": 0.0, "range": 0.0 }, "geometry": { "type": "Polygon", "coordinates": [ [ [ 725100.0, 6179300.0 ], [ 725100.0, 6179400.0 ], [ 725200.0, 6179400.0 ], [ 725200.0, 6179300.0 ], [ 725100.0, 6179300.0 ] ] ] } },
{ "type": "Feature", "properties": { "Shape_Area": 30000.0, "Shape_Leng": 800.0, "cluster_id": "101_469", "fid_1": 469.0, "id_munic": 469.0, "munic_clus": "101_469", "munic_code": 101.0, "min": 3.2119295597076416, "max": 3.2119295597076416, "mean": 3.2119296391805015, "count": 3, "std": 7.947285984855057e-08, "range": 0.0 }, "geometry": { "type": "Polygon", "coordinates": [ [ [ 724900.0, 6179300.0 ], [ 725000.0, 6179300.0 ], [ 725100.0, 6179300.0 ], [ 725200.0, 6179300.0 ], [ 725200.0, 6179200.0 ], [ 725100.0, 6179200.0 ], [ 725000.0, 6179200.0 ], [ 724900.0, 6179200.0 ], [ 724900.0, 6179300.0 ] ] ] } },
{ "type": "Feature", "properties": { "Shape_Area": 10000.0, "Shape_Leng": 400.0, "cluster_id": "101_470", "fid_1": 470.0, "id_munic": 470.0, "munic_clus": "101_470", "munic_code": 101.0, "min": 3.133455753326416, "max": 3.133455753326416, "mean": 3.133455753326416, "count": 1, "std": 0.0, "range": 0.0 }, "geometry": { "type": "Polygon", "coordinates": [ [ [ 725200.0, 6179300.0 ], [ 725200.0, 6179400.0 ], [ 725300.0, 6179400.0 ], [ 725300.0, 6179300.0 ], [ 725200.0, 6179300.0 ] ] ] } },
{ "type": "Feature", "properties": { "Shape_Area": 10000.0, "Shape_Leng": 400.0, "cluster_id": "101_471", "fid_1": 471.0, "id_munic": 471.0, "munic_clus": "101_471", "munic_code": 101.0, "min": 3.5813064575195312, "max": 3.5813064575195312, "mean": 3.5813064575195312, "count": 1, "std": 0.0, "range": 0.0 }, "geometry": { "type": "Polygon", "coordinates": [ [ [ 725100.0, 6179400.0 ], [ 725100.0, 6179500.0 ], [ 725200.0, 6179500.0 ], [ 725200.0, 6179400.0 ], [ 725100.0, 6179400.0 ] ] ] } },
{ "type": "Feature", "properties": { "Shape_Area": 10000.0, "Shape_Leng": 400.0, "cluster_id": "101_472", "fid_1": 472.0, "id_munic": 472.0, "munic_clus": "101_472", "munic_code": 101.0, "min": 2.9718427658081055, "max": 2.9718427658081055, "mean": 2.9718427658081055, "count": 1, "std": 0.0, "range": 0.0 }, "geometry": { "type": "Polygon", "coordinates": [ [ [ 725000.0, 6179400.0 ], [ 725000.0, 6179500.0 ], [ 725100.0, 6179500.0 ], [ 725100.0, 6179400.0 ], [ 725000.0, 6179400.0 ] ] ] } },
{ "type": "Feature", "properties": { "Shape_Area": 20000.0, "Shape_Leng": 600.0, "cluster_id": "101_473", "fid_1": 473.0, "id_munic": 473.0, "munic_clus": "101_473", "munic_code": 101.0, "min": 3.5648119449615479, "max": 3.5648119449615479, "mean": 3.5648119449615479, "count": 2, "std": 0.0, "range": 0.0 }, "geometry": { "type": "Polygon", "coordinates": [ [ [ 724900.0, 6179400.0 ], [ 725000.0, 6179400.0 ], [ 725100.0, 6179400.0 ], [ 725100.0, 6179300.0 ], [ 725000.0, 6179300.0 ], [ 724900.0, 6179300.0 ], [ 724900.0, 6179400.0 ] ] ] } },
{ "type": "Feature", "properties": { "Shape_Area": 10000.0, "Shape_Leng": 400.0, "cluster_id": "101_474", "fid_1": 474.0, "id_munic": 474.0, "munic_clus": "101_474", "munic_code": 101.0, "min": 3.1519498825073242, "max": 3.1519498825073242, "mean": 3.1519498825073242, "count": 1, "std": 0.0, "range": 0.0 }, "geometry": { "type": "Polygon", "coordinates": [ [ [ 724900.0, 6179400.0 ], [ 724900.0, 6179500.0 ], [ 725000.0, 6179500.0 ], [ 725000.0, 6179400.0 ], [ 724900.0, 6179400.0 ] ] ] } },
{ "type": "Feature", "properties": { "Shape_Area": 20000.0, "Shape_Leng": 600.0, "cluster_id": "101_475", "fid_1": 475.0, "id_munic": 475.0, "munic_clus": "101_475", "munic_code": 101.0, "min": 3.3077306747436523, "max": 3.3077306747436523, "mean": 3.3077306747436523, "count": 2, "std": 0.0, "range": 0.0 }, "geometry": { "type": "Polygon", "coordinates": [ [ [ 722500.0, 6173500.0 ], [ 722500.0, 6173600.0 ], [ 722600.0, 6173600.0 ], [ 722600.0, 6173500.0 ], [ 722600.0, 6173400.0 ], [ 722500.0, 6173400.0 ], [ 722500.0, 6173500.0 ] ] ] } },
{ "type": "Feature", "properties": { "Shape_Area": 20000.0, "Shape_Leng": 600.0, "cluster_id": "101_476", "fid_1": 476.0, "id_munic": 476.0, "munic_clus": "101_476", "munic_code": 101.0, "min": 3.4155282974243164, "max": 3.4155282974243164, "mean": 3.4155282974243164, "count": 2, "std": 0.0, "range": 0.0 }, "geometry": { "type": "Polygon", "coordinates": [ [ [ 722400.0, 6173200.0 ], [ 722500.0, 6173200.0 ], [ 722600.0, 6173200.0 ], [ 722600.0, 6173100.0 ], [ 722500.0, 6173100.0 ], [ 722400.0, 6173100.0 ], [ 722400.0, 6173200.0 ] ] ] } },
{ "type": "Feature", "properties": { "Shape_Area": 10000.0, "Shape_Leng": 400.0, "cluster_id": "101_477", "fid_1": 477.0, "id_munic": 477.0, "munic_clus": "101_477", "munic_code": 101.0, "min": 3.0409860610961914, "max": 3.0409860610961914, "mean": 3.0409860610961914, "count": 1, "std": 0.0, "range": 0.0 }, "geometry": { "type": "Polygon", "coordinates": [ [ [ 722300.0, 6173000.0 ], [ 722300.0, 6173100.0 ], [ 722400.0, 6173100.0 ], [ 722400.0, 6173000.0 ], [ 722300.0, 6173000.0 ] ] ] } },
{ "type": "Feature", "properties": { "Shape_Area": 20000.0, "Shape_Leng": 600.0, "cluster_id": "101_478", "fid_1": 478.0, "id_munic": 478.0, "munic_clus": "101_478", "munic_code": 101.0, "min": 3.3843727111816406, "max": 3.3843727111816406, "mean": 3.3843727111816406, "count": 2, "std": 0.0, "range": 0.0 }, "geometry": { "type": "Polygon", "coordinates": [ [ [ 722400.0, 6173600.0 ], [ 722400.0, 6173700.0 ], [ 722500.0, 6173700.0 ], [ 722500.0, 6173600.0 ], [ 722500.0, 6173500.0 ], [ 722400.0, 6173500.0 ], [ 722400.0, 6173600.0 ] ] ] } },
{ "type": "Feature", "properties": { "Shape_Area": 10000.0, "Shape_Leng": 400.0, "cluster_id": "101_479", "fid_1": 479.0, "id_munic": 479.0, "munic_clus": "101_479", "munic_code": 101.0, "min": 3.4696769714355469, "max": 3.4696769714355469, "mean": 3.4696769714355469, "count": 1, "std": 0.0, "range": 0.0 }, "geometry": { "type": "Polygon", "coordinates": [ [ [ 723200.0, 6176800.0 ], [ 723200.0, 6176900.0 ], [ 723300.0, 6176900.0 ], [ 723300.0, 6176800.0 ], [ 723200.0, 6176800.0 ] ] ] } },
{ "type": "Feature", "properties": { "Shape_Area": 10000.0, "Shape_Leng": 400.0, "cluster_id": "101_480", "fid_1": 480.0, "id_munic": 480.0, "munic_clus": "101_480", "munic_code": 101.0, "min": 3.1644449234008789, "max": 3.1644449234008789, "mean": 3.1644449234008789, "count": 1, "std": 0.0, "range": 0.0 }, "geometry": { "type": "Polygon", "coordinates": [ [ [ 723300.0, 6176900.0 ], [ 723300.0, 6177000.0 ], [ 723400.0, 6177000.0 ], [ 723400.0, 6176900.0 ], [ 723300.0, 6176900.0 ] ] ] } },
{ "type": "Feature", "properties": { "Shape_Area": 290000.0, "Shape_Leng": 2600.0, "cluster_id": "101_481", "fid_1": 481.0, "id_munic": 481.0, "munic_clus": "101_481", "munic_code": 101.0, "min": 3.1236259937286377, "max": 3.1236259937286377, "mean": 3.1236261828192351, "count": 29, "std": 1.8909059740224166e-07, "range": 0.0 }, "geometry": { "type": "Polygon", "coordinates": [ [ [ 722200.0, 6173700.0 ], [ 722100.0, 6173700.0 ], [ 722100.0, 6173800.0 ], [ 722000.0, 6173800.0 ], [ 722000.0, 6173900.0 ], [ 722000.0, 6174000.0 ], [ 722100.0, 6174000.0 ], [ 722100.0, 6174100.0 ], [ 722200.0, 6174100.0 ], [ 722300.0, 6174100.0 ], [ 722300.0, 6174200.0 ], [ 722400.0, 6174200.0 ], [ 722400.0, 6174300.0 ], [ 722500.0, 6174300.0 ], [ 722500.0, 6174200.0 ], [ 722600.0, 6174200.0 ], [ 722700.0, 6174200.0 ], [ 722700.0, 6174100.0 ], [ 722700.0, 6174000.0 ], [ 722700.0, 6173900.0 ], [ 722600.0, 6173900.0 ], [ 722600.0, 6173800.0 ], [ 722600.0, 6173700.0 ], [ 722500.0, 6173700.0 ], [ 722400.0, 6173700.0 ], [ 722300.0, 6173700.0 ], [ 722200.0, 6173700.0 ] ] ] } },
{ "type": "Feature", "properties": { "Shape_Area": 10000.0, "Shape_Leng": 400.0, "cluster_id": "101_482", "fid_1": 482.0, "id_munic": 482.0, "munic_clus": "101_482", "munic_code": 101.0, "min": 3.4181942939758301, "max": 3.4181942939758301, "mean": 3.4181942939758301, "count": 1, "std": 0.0, "range": 0.0 }, "geometry": { "type": "Polygon", "coordinates": [ [ [ 722500.0, 6173600.0 ], [ 722500.0, 6173700.0 ], [ 722600.0, 6173700.0 ], [ 722600.0, 6173600.0 ], [ 722500.0, 6173600.0 ] ] ] } },
{ "type": "Feature", "properties": { "Shape_Area": 10000.0, "Shape_Leng": 400.0, "cluster_id": "101_483", "fid_1": 483.0, "id_munic": 483.0, "munic_clus": "101_483", "munic_code": 101.0, "min": 3.1529495716094971, "max": 3.1529495716094971, "mean": 3.1529495716094971, "count": 1, "std": 0.0, "range": 0.0 }, "geometry": { "type": "Polygon", "coordinates": [ [ [ 722000.0, 6172800.0 ], [ 722000.0, 6172900.0 ], [ 722100.0, 6172900.0 ], [ 722100.0, 6172800.0 ], [ 722000.0, 6172800.0 ] ] ] } },
{ "type": "Feature", "properties": { "Shape_Area": 10000.0, "Shape_Leng": 400.0, "cluster_id": "101_484", "fid_1": 484.0, "id_munic": 484.0, "munic_clus": "101_484", "munic_code": 101.0, "min": 3.1716098785400391, "max": 3.1716098785400391, "mean": 3.1716098785400391, "count": 1, "std": 0.0, "range": 0.0 }, "geometry": { "type": "Polygon", "coordinates": [ [ [ 722100.0, 6172900.0 ], [ 722100.0, 6173000.0 ], [ 722200.0, 6173000.0 ], [ 722200.0, 6172900.0 ], [ 722100.0, 6172900.0 ] ] ] } },
{ "type": "Feature", "properties": { "Shape_Area": 50000.0, "Shape_Leng": 1000.0, "cluster_id": "101_485", "fid_1": 485.0, "id_munic": 485.0, "munic_clus": "101_485", "munic_code": 101.0, "min": 2.8448853492736816, "max": 2.8448853492736816, "mean": 2.8448852539062499, "count": 5, "std": 9.5367431729442842e-08, "range": 0.0 }, "geometry": { "type": "Polygon", "coordinates": [ [ [ 722300.0, 6174100.0 ], [ 722200.0, 6174100.0 ], [ 722100.0, 6174100.0 ], [ 722100.0, 6174200.0 ], [ 722100.0, 6174300.0 ], [ 722200.0, 6174300.0 ], [ 722300.0, 6174300.0 ], [ 722400.0, 6174300.0 ], [ 722400.0, 6174200.0 ], [ 722300.0, 6174200.0 ], [ 722300.0, 6174100.0 ] ] ] } },
{ "type": "Feature", "properties": { "Shape_Area": 10000.0, "Shape_Leng": 400.0, "cluster_id": "101_486", "fid_1": 486.0, "id_munic": 486.0, "munic_clus": "101_486", "munic_code": 101.0, "min": 4.4126973152160645, "max": 4.4126973152160645, "mean": 4.4126973152160645, "count": 1, "std": 0.0, "range": 0.0 }, "geometry": { "type": "Polygon", "coordinates": [ [ [ 722400.0, 6173300.0 ], [ 722400.0, 6173400.0 ], [ 722500.0, 6173400.0 ], [ 722500.0, 6173300.0 ], [ 722400.0, 6173300.0 ] ] ] } },
{ "type": "Feature", "properties": { "Shape_Area": 40000.0, "Shape_Leng": 1000.0, "cluster_id": "101_487", "fid_1": 487.0, "id_munic": 487.0, "munic_clus": "101_487", "munic_code": 101.0, "min": 3.2074315547943115, "max": 3.2074315547943115, "mean": 3.2074315547943115, "count": 4, "std": 0.0, "range": 0.0 }, "geometry": { "type": "Polygon", "coordinates": [ [ [ 722500.0, 6173500.0 ], [ 722500.0, 6173400.0 ], [ 722400.0, 6173400.0 ], [ 722300.0, 6173400.0 ], [ 722300.0, 6173500.0 ], [ 722300.0, 6173600.0 ], [ 722300.0, 6173700.0 ], [ 722400.0, 6173700.0 ], [ 722400.0, 6173600.0 ], [ 722400.0, 6173500.0 ], [ 722500.0, 6173500.0 ] ] ] } },
{ "type": "Feature", "properties": { "Shape_Area": 30000.0, "Shape_Leng": 800.0, "cluster_id": "101_488", "fid_1": 488.0, "id_munic": 488.0, "munic_clus": "101_488", "munic_code": 101.0, "min": 3.5736429691314697, "max": 3.5736429691314697, "mean": 3.5736430486043296, "count": 3, "std": 7.947285984855057e-08, "range": 0.0 }, "geometry": { "type": "Polygon", "coordinates": [ [ [ 722400.0, 6173300.0 ], [ 722500.0, 6173300.0 ], [ 722500.0, 6173400.0 ], [ 722600.0, 6173400.0 ], [ 722600.0, 6173300.0 ], [ 722600.0, 6173200.0 ], [ 722500.0, 6173200.0 ], [ 722400.0, 6173200.0 ], [ 722400.0, 6173300.0 ] ] ] } },
{ "type": "Feature", "properties": { "Shape_Area": 80000.0, "Shape_Leng": 1400.0, "cluster_id": "101_489", "fid_1": 489.0, "id_munic": 489.0, "munic_clus": "101_489", "munic_code": 101.0, "min": 2.8332226276397705, "max": 2.8332226276397705, "mean": 2.8332228660583496, "count": 8, "std": 2.384185791015625e-07, "range": 0.0 }, "geometry": { "type": "Polygon", "coordinates": [ [ [ 720500.0, 6179500.0 ], [ 720500.0, 6179600.0 ], [ 720400.0, 6179600.0 ], [ 720400.0, 6179700.0 ], [ 720400.0, 6179800.0 ], [ 720500.0, 6179800.0 ], [ 720500.0, 6179900.0 ], [ 720600.0, 6179900.0 ], [ 720600.0, 6179800.0 ], [ 720700.0, 6179800.0 ], [ 720700.0, 6179700.0 ], [ 720700.0, 6179600.0 ], [ 720600.0, 6179600.0 ], [ 720600.0, 6179500.0 ], [ 720500.0, 6179500.0 ] ] ] } },
{ "type": "Feature", "properties": { "Shape_Area": 10000.0, "Shape_Leng": 400.0, "cluster_id": "101_490", "fid_1": 490.0, "id_munic": 490.0, "munic_clus": "101_490", "munic_code": 101.0, "min": 2.7615799903869629, "max": 2.7615799903869629, "mean": 2.7615799903869629, "count": 1, "std": 0.0, "range": 0.0 }, "geometry": { "type": "Polygon", "coordinates": [ [ [ 720700.0, 6179100.0 ], [ 720700.0, 6179200.0 ], [ 720800.0, 6179200.0 ], [ 720800.0, 6179100.0 ], [ 720700.0, 6179100.0 ] ] ] } },
{ "type": "Feature", "properties": { "Shape_Area": 10000.0, "Shape_Leng": 400.0, "cluster_id": "101_492", "fid_1": 492.0, "id_munic": 492.0, "munic_clus": "101_492", "munic_code": 101.0, "min": 3.0061650276184082, "max": 3.0061650276184082, "mean": 3.0061650276184082, "count": 1, "std": 0.0, "range": 0.0 }, "geometry": { "type": "Polygon", "coordinates": [ [ [ 721600.0, 6178600.0 ], [ 721600.0, 6178700.0 ], [ 721700.0, 6178700.0 ], [ 721700.0, 6178600.0 ], [ 721600.0, 6178600.0 ] ] ] } },
{ "type": "Feature", "properties": { "Shape_Area": 30000.0, "Shape_Leng": 800.0, "cluster_id": "101_493", "fid_1": 493.0, "id_munic": 493.0, "munic_clus": "101_493", "munic_code": 101.0, "min": 4.0609803199768066, "max": 4.0609803199768066, "mean": 4.0609804789225263, "count": 3, "std": 1.5894571969710114e-07, "range": 0.0 }, "geometry": { "type": "Polygon", "coordinates": [ [ [ 723400.0, 6176800.0 ], [ 723400.0, 6176900.0 ], [ 723500.0, 6176900.0 ], [ 723500.0, 6176800.0 ], [ 723600.0, 6176800.0 ], [ 723600.0, 6176700.0 ], [ 723500.0, 6176700.0 ], [ 723400.0, 6176700.0 ], [ 723400.0, 6176800.0 ] ] ] } },
{ "type": "Feature", "properties": { "Shape_Area": 10000.0, "Shape_Leng": 400.0, "cluster_id": "101_494", "fid_1": 494.0, "id_munic": 494.0, "munic_clus": "101_494", "munic_code": 101.0, "min": 3.4540154933929443, "max": 3.4540154933929443, "mean": 3.4540154933929443, "count": 1, "std": 0.0, "range": 0.0 }, "geometry": { "type": "Polygon", "coordinates": [ [ [ 721300.0, 6178500.0 ], [ 721300.0, 6178600.0 ], [ 721400.0, 6178600.0 ], [ 721400.0, 6178500.0 ], [ 721300.0, 6178500.0 ] ] ] } },
{ "type": "Feature", "properties": { "Shape_Area": 50000.0, "Shape_Leng": 1200.0, "cluster_id": "101_495", "fid_1": 495.0, "id_munic": 495.0, "munic_clus": "101_495", "munic_code": 101.0, "min": 3.6866044998168945, "max": 3.6866044998168945, "mean": 3.6866043090820311, "count": 5, "std": 1.9073486345888568e-07, "range": 0.0 }, "geometry": { "type": "Polygon", "coordinates": [ [ [ 721200.0, 6178600.0 ], [ 721200.0, 6178700.0 ], [ 721200.0, 6178800.0 ], [ 721300.0, 6178800.0 ], [ 721300.0, 6178700.0 ], [ 721400.0, 6178700.0 ], [ 721400.0, 6178600.0 ], [ 721300.0, 6178600.0 ], [ 721300.0, 6178500.0 ], [ 721200.0, 6178500.0 ], [ 721100.0, 6178500.0 ], [ 721100.0, 6178600.0 ], [ 721200.0, 6178600.0 ] ] ] } },
{ "type": "Feature", "properties": { "Shape_Area": 80000.0, "Shape_Leng": 1400.0, "cluster_id": "101_496", "fid_1": 496.0, "id_munic": 496.0, "munic_clus": "101_496", "munic_code": 101.0, "min": 3.2045986652374268, "max": 3.2045986652374268, "mean": 3.2045989036560059, "count": 8, "std": 2.384185791015625e-07, "range": 0.0 }, "geometry": { "type": "Polygon", "coordinates": [ [ [ 721400.0, 6178600.0 ], [ 721400.0, 6178700.0 ], [ 721300.0, 6178700.0 ], [ 721300.0, 6178800.0 ], [ 721200.0, 6178800.0 ], [ 721200.0, 6178900.0 ], [ 721200.0, 6179000.0 ], [ 721300.0, 6179000.0 ], [ 721400.0, 6179000.0 ], [ 721400.0, 6178900.0 ], [ 721500.0, 6178900.0 ], [ 721500.0, 6178800.0 ], [ 721500.0, 6178700.0 ], [ 721500.0, 6178600.0 ], [ 721400.0, 6178600.0 ] ] ] } },
{ "type": "Feature", "properties": { "Shape_Area": 10000.0, "Shape_Leng": 400.0, "cluster_id": "101_497", "fid_1": 497.0, "id_munic": 497.0, "munic_clus": "101_497", "munic_code": 101.0, "min": 3.1867713928222656, "max": 3.1867713928222656, "mean": 3.1867713928222656, "count": 1, "std": 0.0, "range": 0.0 }, "geometry": { "type": "Polygon", "coordinates": [ [ [ 721500.0, 6178000.0 ], [ 721500.0, 6178100.0 ], [ 721600.0, 6178100.0 ], [ 721600.0, 6178000.0 ], [ 721500.0, 6178000.0 ] ] ] } },
{ "type": "Feature", "properties": { "Shape_Area": 10000.0, "Shape_Leng": 400.0, "cluster_id": "101_498", "fid_1": 498.0, "id_munic": 498.0, "munic_clus": "101_498", "munic_code": 101.0, "min": 3.2605798244476318, "max": 3.2605798244476318, "mean": 3.2605798244476318, "count": 1, "std": 0.0, "range": 0.0 }, "geometry": { "type": "Polygon", "coordinates": [ [ [ 721400.0, 6178100.0 ], [ 721400.0, 6178200.0 ], [ 721500.0, 6178200.0 ], [ 721500.0, 6178100.0 ], [ 721400.0, 6178100.0 ] ] ] } },
{ "type": "Feature", "properties": { "Shape_Area": 70000.0, "Shape_Leng": 1400.0, "cluster_id": "101_499", "fid_1": 499.0, "id_munic": 499.0, "munic_clus": "101_499", "munic_code": 101.0, "min": 3.7877378463745117, "max": 3.7877378463745117, "mean": 3.787738255092076, "count": 7, "std": 4.0871756423754846e-07, "range": 0.0 }, "geometry": { "type": "Polygon", "coordinates": [ [ [ 722100.0, 6178100.0 ], [ 722100.0, 6178000.0 ], [ 722000.0, 6178000.0 ], [ 721900.0, 6178000.0 ], [ 721800.0, 6178000.0 ], [ 721800.0, 6178100.0 ], [ 721700.0, 6178100.0 ], [ 721700.0, 6178200.0 ], [ 721800.0, 6178200.0 ], [ 721800.0, 6178300.0 ], [ 721900.0, 6178300.0 ], [ 721900.0, 6178200.0 ], [ 722000.0, 6178200.0 ], [ 722000.0, 6178100.0 ], [ 722100.0, 6178100.0 ] ] ] } },
{ "type": "Feature", "properties": { "Shape_Area": 10000.0, "Shape_Leng": 400.0, "cluster_id": "101_500", "fid_1": 500.0, "id_munic": 500.0, "munic_clus": "101_500", "munic_code": 101.0, "min": 2.6182940006256104, "max": 2.6182940006256104, "mean": 2.6182940006256104, "count": 1, "std": 0.0, "range": 0.0 }, "geometry": { "type": "Polygon", "coordinates": [ [ [ 721900.0, 6178500.0 ], [ 721900.0, 6178600.0 ], [ 722000.0, 6178600.0 ], [ 722000.0, 6178500.0 ], [ 721900.0, 6178500.0 ] ] ] } },
{ "type": "Feature", "properties": { "Shape_Area": 10000.0, "Shape_Leng": 400.0, "cluster_id": "101_501", "fid_1": 501.0, "id_munic": 501.0, "munic_clus": "101_501", "munic_code": 101.0, "min": 3.2295906543731689, "max": 3.2295906543731689, "mean": 3.2295906543731689, "count": 1, "std": 0.0, "range": 0.0 }, "geometry": { "type": "Polygon", "coordinates": [ [ [ 721700.0, 6178600.0 ], [ 721700.0, 6178700.0 ], [ 721800.0, 6178700.0 ], [ 721800.0, 6178600.0 ], [ 721700.0, 6178600.0 ] ] ] } },
{ "type": "Feature", "properties": { "Shape_Area": 10000.0, "Shape_Leng": 400.0, "cluster_id": "101_502", "fid_1": 502.0, "id_munic": 502.0, "munic_clus": "101_502", "munic_code": 101.0, "min": 4.0596470832824707, "max": 4.0596470832824707, "mean": 4.0596470832824707, "count": 1, "std": 0.0, "range": 0.0 }, "geometry": { "type": "Polygon", "coordinates": [ [ [ 721500.0, 6178700.0 ], [ 721500.0, 6178800.0 ], [ 721600.0, 6178800.0 ], [ 721600.0, 6178700.0 ], [ 721500.0, 6178700.0 ] ] ] } },
{ "type": "Feature", "properties": { "Shape_Area": 10000.0, "Shape_Leng": 400.0, "cluster_id": "101_503", "fid_1": 503.0, "id_munic": 503.0, "munic_clus": "101_503", "munic_code": 101.0, "min": 3.6732761859893799, "max": 3.6732761859893799, "mean": 3.6732761859893799, "count": 1, "std": 0.0, "range": 0.0 }, "geometry": { "type": "Polygon", "coordinates": [ [ [ 723700.0, 6176700.0 ], [ 723700.0, 6176800.0 ], [ 723800.0, 6176800.0 ], [ 723800.0, 6176700.0 ], [ 723700.0, 6176700.0 ] ] ] } },
{ "type": "Feature", "properties": { "Shape_Area": 140000.0, "Shape_Leng": 2200.0, "cluster_id": "101_504", "fid_1": 504.0, "id_munic": 504.0, "munic_clus": "101_504", "munic_code": 101.0, "min": 2.1711099147796631, "max": 2.1711099147796631, "mean": 2.1711098807198659, "count": 14, "std": 3.4059797204832876e-08, "range": 0.0 }, "geometry": { "type": "Polygon", "coordinates": [ [ [ 723700.0, 6176600.0 ], [ 723700.0, 6176700.0 ], [ 723800.0, 6176700.0 ], [ 723800.0, 6176800.0 ], [ 723800.0, 6176900.0 ], [ 723900.0, 6176900.0 ], [ 723900.0, 6177000.0 ], [ 724000.0, 6177000.0 ], [ 724000.0, 6176900.0 ], [ 724100.0, 6176900.0 ], [ 724100.0, 6176800.0 ], [ 724000.0, 6176800.0 ], [ 724000.0, 6176700.0 ], [ 724000.0, 6176600.0 ], [ 723900.0, 6176600.0 ], [ 723900.0, 6176500.0 ], [ 723900.0, 6176400.0 ], [ 723800.0, 6176400.0 ], [ 723700.0, 6176400.0 ], [ 723600.0, 6176400.0 ], [ 723600.0, 6176500.0 ], [ 723700.0, 6176500.0 ], [ 723700.0, 6176600.0 ] ] ] } },
{ "type": "Feature", "properties": { "Shape_Area": 10000.0, "Shape_Leng": 400.0, "cluster_id": "101_505", "fid_1": 505.0, "id_munic": 505.0, "munic_clus": "101_505", "munic_code": 101.0, "min": 2.9346885681152344, "max": 2.9346885681152344, "mean": 2.9346885681152344, "count": 1, "std": 0.0, "range": 0.0 }, "geometry": { "type": "Polygon", "coordinates": [ [ [ 721600.0, 6178700.0 ], [ 721600.0, 6178800.0 ], [ 721700.0, 6178800.0 ], [ 721700.0, 6178700.0 ], [ 721600.0, 6178700.0 ] ] ] } },
{ "type": "Feature", "properties": { "Shape_Area": 20000.0, "Shape_Leng": 600.0, "cluster_id": "101_506", "fid_1": 506.0, "id_munic": 506.0, "munic_clus": "101_506", "munic_code": 101.0, "min": 2.6309566497802734, "max": 2.6309566497802734, "mean": 2.6309566497802734, "count": 2, "std": 0.0, "range": 0.0 }, "geometry": { "type": "Polygon", "coordinates": [ [ [ 721500.0, 6178600.0 ], [ 721500.0, 6178700.0 ], [ 721600.0, 6178700.0 ], [ 721600.0, 6178600.0 ], [ 721600.0, 6178500.0 ], [ 721500.0, 6178500.0 ], [ 721500.0, 6178600.0 ] ] ] } },
{ "type": "Feature", "properties": { "Shape_Area": 10000.0, "Shape_Leng": 400.0, "cluster_id": "101_507", "fid_1": 507.0, "id_munic": 507.0, "munic_clus": "101_507", "munic_code": 101.0, "min": 4.3802070617675781, "max": 4.3802070617675781, "mean": 4.3802070617675781, "count": 1, "std": 0.0, "range": 0.0 }, "geometry": { "type": "Polygon", "coordinates": [ [ [ 721700.0, 6178200.0 ], [ 721700.0, 6178300.0 ], [ 721800.0, 6178300.0 ], [ 721800.0, 6178200.0 ], [ 721700.0, 6178200.0 ] ] ] } },
{ "type": "Feature", "properties": { "Shape_Area": 40000.0, "Shape_Leng": 1000.0, "cluster_id": "101_508", "fid_1": 508.0, "id_munic": 508.0, "munic_clus": "101_508", "munic_code": 101.0, "min": 3.1097972393035889, "max": 3.1097972393035889, "mean": 3.1097972393035889, "count": 4, "std": 0.0, "range": 0.0 }, "geometry": { "type": "Polygon", "coordinates": [ [ [ 721400.0, 6178400.0 ], [ 721300.0, 6178400.0 ], [ 721300.0, 6178500.0 ], [ 721400.0, 6178500.0 ], [ 721500.0, 6178500.0 ], [ 721500.0, 6178400.0 ], [ 721500.0, 6178300.0 ], [ 721500.0, 6178200.0 ], [ 721400.0, 6178200.0 ], [ 721400.0, 6178300.0 ], [ 721400.0, 6178400.0 ] ] ] } },
{ "type": "Feature", "properties": { "Shape_Area": 10000.0, "Shape_Leng": 400.0, "cluster_id": "101_509", "fid_1": 509.0, "id_munic": 509.0, "munic_clus": "101_509", "munic_code": 101.0, "min": 3.3668777942657471, "max": 3.3668777942657471, "mean": 3.3668777942657471, "count": 1, "std": 0.0, "range": 0.0 }, "geometry": { "type": "Polygon", "coordinates": [ [ [ 721500.0, 6178200.0 ], [ 721500.0, 6178300.0 ], [ 721600.0, 6178300.0 ], [ 721600.0, 6178200.0 ], [ 721500.0, 6178200.0 ] ] ] } },
{ "type": "Feature", "properties": { "Shape_Area": 20000.0, "Shape_Leng": 600.0, "cluster_id": "101_510", "fid_1": 510.0, "id_munic": 510.0, "munic_clus": "101_510", "munic_code": 101.0, "min": 2.9946689605712891, "max": 2.9946689605712891, "mean": 2.9946689605712891, "count": 2, "std": 0.0, "range": 0.0 }, "geometry": { "type": "Polygon", "coordinates": [ [ [ 721500.0, 6178400.0 ], [ 721500.0, 6178500.0 ], [ 721600.0, 6178500.0 ], [ 721600.0, 6178400.0 ], [ 721600.0, 6178300.0 ], [ 721500.0, 6178300.0 ], [ 721500.0, 6178400.0 ] ] ] } },
{ "type": "Feature", "properties": { "Shape_Area": 10000.0, "Shape_Leng": 400.0, "cluster_id": "101_511", "fid_1": 511.0, "id_munic": 511.0, "munic_clus": "101_511", "munic_code": 101.0, "min": 2.9186935424804688, "max": 2.9186935424804688, "mean": 2.9186935424804688, "count": 1, "std": 0.0, "range": 0.0 }, "geometry": { "type": "Polygon", "coordinates": [ [ [ 722100.0, 6178100.0 ], [ 722100.0, 6178200.0 ], [ 722200.0, 6178200.0 ], [ 722200.0, 6178100.0 ], [ 722100.0, 6178100.0 ] ] ] } },
{ "type": "Feature", "properties": { "Shape_Area": 10000.0, "Shape_Leng": 400.0, "cluster_id": "101_512", "fid_1": 512.0, "id_munic": 512.0, "munic_clus": "101_512", "munic_code": 101.0, "min": 2.9550154209136963, "max": 2.9550154209136963, "mean": 2.9550154209136963, "count": 1, "std": 0.0, "range": 0.0 }, "geometry": { "type": "Polygon", "coordinates": [ [ [ 721400.0, 6178500.0 ], [ 721400.0, 6178600.0 ], [ 721500.0, 6178600.0 ], [ 721500.0, 6178500.0 ], [ 721400.0, 6178500.0 ] ] ] } },
{ "type": "Feature", "properties": { "Shape_Area": 10000.0, "Shape_Leng": 400.0, "cluster_id": "101_513", "fid_1": 513.0, "id_munic": 513.0, "munic_clus": "101_513", "munic_code": 101.0, "min": 3.4238595962524414, "max": 3.4238595962524414, "mean": 3.4238595962524414, "count": 1, "std": 0.0, "range": 0.0 }, "geometry": { "type": "Polygon", "coordinates": [ [ [ 721700.0, 6178000.0 ], [ 721700.0, 6178100.0 ], [ 721800.0, 6178100.0 ], [ 721800.0, 6178000.0 ], [ 721700.0, 6178000.0 ] ] ] } },
{ "type": "Feature", "properties": { "Shape_Area": 30000.0, "Shape_Leng": 800.0, "cluster_id": "101_514", "fid_1": 514.0, "id_munic": 514.0, "munic_clus": "101_514", "munic_code": 101.0, "min": 3.3578808307647705, "max": 3.3578808307647705, "mean": 3.3578809102376304, "count": 3, "std": 7.947285984855057e-08, "range": 0.0 }, "geometry": { "type": "Polygon", "coordinates": [ [ [ 725400.0, 6179100.0 ], [ 725300.0, 6179100.0 ], [ 725300.0, 6179200.0 ], [ 725400.0, 6179200.0 ], [ 725500.0, 6179200.0 ], [ 725500.0, 6179100.0 ], [ 725500.0, 6179000.0 ], [ 725400.0, 6179000.0 ], [ 725400.0, 6179100.0 ] ] ] } },
{ "type": "Feature", "properties": { "Shape_Area": 20000.0, "Shape_Leng": 600.0, "cluster_id": "101_515", "fid_1": 515.0, "id_munic": 515.0, "munic_clus": "101_515", "munic_code": 101.0, "min": 3.3448853492736816, "max": 3.3448853492736816, "mean": 3.3448853492736816, "count": 2, "std": 0.0, "range": 0.0 }, "geometry": { "type": "Polygon", "coordinates": [ [ [ 725300.0, 6179300.0 ], [ 725400.0, 6179300.0 ], [ 725500.0, 6179300.0 ], [ 725500.0, 6179200.0 ], [ 725400.0, 6179200.0 ], [ 725300.0, 6179200.0 ], [ 725300.0, 6179300.0 ] ] ] } },
{ "type": "Feature", "properties": { "Shape_Area": 20000.0, "Shape_Leng": 600.0, "cluster_id": "101_516", "fid_1": 516.0, "id_munic": 516.0, "munic_clus": "101_516", "munic_code": 101.0, "min": 2.868044376373291, "max": 2.868044376373291, "mean": 2.868044376373291, "count": 2, "std": 0.0, "range": 0.0 }, "geometry": { "type": "Polygon", "coordinates": [ [ [ 725400.0, 6179400.0 ], [ 725400.0, 6179500.0 ], [ 725500.0, 6179500.0 ], [ 725500.0, 6179400.0 ], [ 725500.0, 6179300.0 ], [ 725400.0, 6179300.0 ], [ 725400.0, 6179400.0 ] ] ] } },
{ "type": "Feature", "properties": { "Shape_Area": 10000.0, "Shape_Leng": 400.0, "cluster_id": "101_517", "fid_1": 517.0, "id_munic": 517.0, "munic_clus": "101_517", "munic_code": 101.0, "min": 2.8018991947174072, "max": 2.8018991947174072, "mean": 2.8018991947174072, "count": 1, "std": 0.0, "range": 0.0 }, "geometry": { "type": "Polygon", "coordinates": [ [ [ 725500.0, 6178700.0 ], [ 725500.0, 6178800.0 ], [ 725600.0, 6178800.0 ], [ 725600.0, 6178700.0 ], [ 725500.0, 6178700.0 ] ] ] } },
{ "type": "Feature", "properties": { "Shape_Area": 20000.0, "Shape_Leng": 600.0, "cluster_id": "101_518", "fid_1": 518.0, "id_munic": 518.0, "munic_clus": "101_518", "munic_code": 101.0, "min": 3.3758754730224609, "max": 3.3758754730224609, "mean": 3.3758754730224609, "count": 2, "std": 0.0, "range": 0.0 }, "geometry": { "type": "Polygon", "coordinates": [ [ [ 725400.0, 6178900.0 ], [ 725500.0, 6178900.0 ], [ 725600.0, 6178900.0 ], [ 725600.0, 6178800.0 ], [ 725500.0, 6178800.0 ], [ 725400.0, 6178800.0 ], [ 725400.0, 6178900.0 ] ] ] } },
{ "type": "Feature", "properties": { "Shape_Area": 20000.0, "Shape_Leng": 600.0, "cluster_id": "101_519", "fid_1": 519.0, "id_munic": 519.0, "munic_clus": "101_519", "munic_code": 101.0, "min": 2.5778076648712158, "max": 2.5778076648712158, "mean": 2.5778076648712158, "count": 2, "std": 0.0, "range": 0.0 }, "geometry": { "type": "Polygon", "coordinates": [ [ [ 725500.0, 6179100.0 ], [ 725500.0, 6179200.0 ], [ 725600.0, 6179200.0 ], [ 725600.0, 6179100.0 ], [ 725600.0, 6179000.0 ], [ 725500.0, 6179000.0 ], [ 725500.0, 6179100.0 ] ] ] } },
{ "type": "Feature", "properties": { "Shape_Area": 20000.0, "Shape_Leng": 600.0, "cluster_id": "101_520", "fid_1": 520.0, "id_munic": 520.0, "munic_clus": "101_520", "munic_code": 101.0, "min": 3.3563816547393799, "max": 3.3563816547393799, "mean": 3.3563816547393799, "count": 2, "std": 0.0, "range": 0.0 }, "geometry": { "type": "Polygon", "coordinates": [ [ [ 725600.0, 6178300.0 ], [ 725600.0, 6178400.0 ], [ 725700.0, 6178400.0 ], [ 725700.0, 6178300.0 ], [ 725700.0, 6178200.0 ], [ 725600.0, 6178200.0 ], [ 725600.0, 6178300.0 ] ] ] } },
{ "type": "Feature", "properties": { "Shape_Area": 10000.0, "Shape_Leng": 400.0, "cluster_id": "101_521", "fid_1": 521.0, "id_munic": 521.0, "munic_clus": "101_521", "munic_code": 101.0, "min": 2.482006311416626, "max": 2.482006311416626, "mean": 2.482006311416626, "count": 1, "std": 0.0, "range": 0.0 }, "geometry": { "type": "Polygon", "coordinates": [ [ [ 725300.0, 6179300.0 ], [ 725300.0, 6179400.0 ], [ 725400.0, 6179400.0 ], [ 725400.0, 6179300.0 ], [ 725300.0, 6179300.0 ] ] ] } },
{ "type": "Feature", "properties": { "Shape_Area": 10000.0, "Shape_Leng": 400.0, "cluster_id": "101_522", "fid_1": 522.0, "id_munic": 522.0, "munic_clus": "101_522", "munic_code": 101.0, "min": 2.5928027629852295, "max": 2.5928027629852295, "mean": 2.5928027629852295, "count": 1, "std": 0.0, "range": 0.0 }, "geometry": { "type": "Polygon", "coordinates": [ [ [ 725500.0, 6178900.0 ], [ 725500.0, 6179000.0 ], [ 725600.0, 6179000.0 ], [ 725600.0, 6178900.0 ], [ 725500.0, 6178900.0 ] ] ] } },
{ "type": "Feature", "properties": { "Shape_Area": 10000.0, "Shape_Leng": 400.0, "cluster_id": "101_523", "fid_1": 523.0, "id_munic": 523.0, "munic_clus": "101_523", "munic_code": 101.0, "min": 3.6607797145843506, "max": 3.6607797145843506, "mean": 3.6607797145843506, "count": 1, "std": 0.0, "range": 0.0 }, "geometry": { "type": "Polygon", "coordinates": [ [ [ 725400.0, 6178900.0 ], [ 725400.0, 6179000.0 ], [ 725500.0, 6179000.0 ], [ 725500.0, 6178900.0 ], [ 725400.0, 6178900.0 ] ] ] } },
{ "type": "Feature", "properties": { "Shape_Area": 20000.0, "Shape_Leng": 600.0, "cluster_id": "101_524", "fid_1": 524.0, "id_munic": 524.0, "munic_clus": "101_524", "munic_code": 101.0, "min": 3.2682440280914307, "max": 3.2682440280914307, "mean": 3.2682440280914307, "count": 2, "std": 0.0, "range": 0.0 }, "geometry": { "type": "Polygon", "coordinates": [ [ [ 725600.0, 6178500.0 ], [ 725600.0, 6178600.0 ], [ 725700.0, 6178600.0 ], [ 725700.0, 6178500.0 ], [ 725700.0, 6178400.0 ], [ 725600.0, 6178400.0 ], [ 725600.0, 6178500.0 ] ] ] } },
{ "type": "Feature", "properties": { "Shape_Area": 10000.0, "Shape_Leng": 400.0, "cluster_id": "101_525", "fid_1": 525.0, "id_munic": 525.0, "munic_clus": "101_525", "munic_code": 101.0, "min": 3.1124625205993652, "max": 3.1124625205993652, "mean": 3.1124625205993652, "count": 1, "std": 0.0, "range": 0.0 }, "geometry": { "type": "Polygon", "coordinates": [ [ [ 724700.0, 6179800.0 ], [ 724700.0, 6179900.0 ], [ 724800.0, 6179900.0 ], [ 724800.0, 6179800.0 ], [ 724700.0, 6179800.0 ] ] ] } },
{ "type": "Feature", "properties": { "Shape_Area": 10000.0, "Shape_Leng": 400.0, "cluster_id": "101_526", "fid_1": 526.0, "id_munic": 526.0, "munic_clus": "101_526", "munic_code": 101.0, "min": 3.6812732219696045, "max": 3.6812732219696045, "mean": 3.6812732219696045, "count": 1, "std": 0.0, "range": 0.0 }, "geometry": { "type": "Polygon", "coordinates": [ [ [ 725300.0, 6179500.0 ], [ 725300.0, 6179600.0 ], [ 725400.0, 6179600.0 ], [ 725400.0, 6179500.0 ], [ 725300.0, 6179500.0 ] ] ] } },
{ "type": "Feature", "properties": { "Shape_Area": 20000.0, "Shape_Leng": 600.0, "cluster_id": "101_527", "fid_1": 527.0, "id_munic": 527.0, "munic_clus": "101_527", "munic_code": 101.0, "min": 3.5156617164611816, "max": 3.5156617164611816, "mean": 3.5156617164611816, "count": 2, "std": 0.0, "range": 0.0 }, "geometry": { "type": "Polygon", "coordinates": [ [ [ 725200.0, 6179500.0 ], [ 725300.0, 6179500.0 ], [ 725400.0, 6179500.0 ], [ 725400.0, 6179400.0 ], [ 725300.0, 6179400.0 ], [ 725200.0, 6179400.0 ], [ 725200.0, 6179500.0 ] ] ] } },
{ "type": "Feature", "properties": { "Shape_Area": 40000.0, "Shape_Leng": 1000.0, "cluster_id": "101_528", "fid_1": 528.0, "id_munic": 528.0, "munic_clus": "101_528", "munic_code": 101.0, "min": 3.4828395843505859, "max": 3.4828395843505859, "mean": 3.4828395843505859, "count": 4, "std": 0.0, "range": 0.0 }, "geometry": { "type": "Polygon", "coordinates": [ [ [ 724700.0, 6180100.0 ], [ 724700.0, 6180200.0 ], [ 724800.0, 6180200.0 ], [ 724800.0, 6180100.0 ], [ 724900.0, 6180100.0 ], [ 724900.0, 6180000.0 ], [ 724800.0, 6180000.0 ], [ 724800.0, 6179900.0 ], [ 724700.0, 6179900.0 ], [ 724700.0, 6180000.0 ], [ 724700.0, 6180100.0 ] ] ] } },
{ "type": "Feature", "properties": { "Shape_Area": 10000.0, "Shape_Leng": 400.0, "cluster_id": "101_530", "fid_1": 530.0, "id_munic": 530.0, "munic_clus": "101_530", "munic_code": 101.0, "min": 3.1106297969818115, "max": 3.1106297969818115, "mean": 3.1106297969818115, "count": 1, "std": 0.0, "range": 0.0 }, "geometry": { "type": "Polygon", "coordinates": [ [ [ 722600.0, 6177000.0 ], [ 722600.0, 6177100.0 ], [ 722700.0, 6177100.0 ], [ 722700.0, 6177000.0 ], [ 722600.0, 6177000.0 ] ] ] } },
{ "type": "Feature", "properties": { "Shape_Area": 40000.0, "Shape_Leng": 1000.0, "cluster_id": "101_531", "fid_1": 531.0, "id_munic": 531.0, "munic_clus": "101_531", "munic_code": 101.0, "min": 2.748084545135498, "max": 2.748084545135498, "mean": 2.748084545135498, "count": 4, "std": 0.0, "range": 0.0 }, "geometry": { "type": "Polygon", "coordinates": [ [ [ 724900.0, 6179600.0 ], [ 724900.0, 6179500.0 ], [ 724800.0, 6179500.0 ], [ 724700.0, 6179500.0 ], [ 724700.0, 6179600.0 ], [ 724700.0, 6179700.0 ], [ 724700.0, 6179800.0 ], [ 724800.0, 6179800.0 ], [ 724800.0, 6179700.0 ], [ 724800.0, 6179600.0 ], [ 724900.0, 6179600.0 ] ] ] } },
{ "type": "Feature", "properties": { "Shape_Area": 20000.0, "Shape_Leng": 600.0, "cluster_id": "101_532", "fid_1": 532.0, "id_munic": 532.0, "munic_clus": "101_532", "munic_code": 101.0, "min": 2.475341796875, "max": 2.475341796875, "mean": 2.475341796875, "count": 2, "std": 0.0, "range": 0.0 }, "geometry": { "type": "Polygon", "coordinates": [ [ [ 725000.0, 6179600.0 ], [ 725000.0, 6179700.0 ], [ 725100.0, 6179700.0 ], [ 725100.0, 6179600.0 ], [ 725100.0, 6179500.0 ], [ 725000.0, 6179500.0 ], [ 725000.0, 6179600.0 ] ] ] } },
{ "type": "Feature", "properties": { "Shape_Area": 30000.0, "Shape_Leng": 800.0, "cluster_id": "101_533", "fid_1": 533.0, "id_munic": 533.0, "munic_clus": "101_533", "munic_code": 101.0, "min": 3.3983674049377441, "max": 3.3983674049377441, "mean": 3.3983675638834634, "count": 3, "std": 1.5894571925301193e-07, "range": 0.0 }, "geometry": { "type": "Polygon", "coordinates": [ [ [ 724900.0, 6179600.0 ], [ 724800.0, 6179600.0 ], [ 724800.0, 6179700.0 ], [ 724900.0, 6179700.0 ], [ 725000.0, 6179700.0 ], [ 725000.0, 6179600.0 ], [ 725000.0, 6179500.0 ], [ 724900.0, 6179500.0 ], [ 724900.0, 6179600.0 ] ] ] } },
{ "type": "Feature", "properties": { "Shape_Area": 20000.0, "Shape_Leng": 600.0, "cluster_id": "101_534", "fid_1": 534.0, "id_munic": 534.0, "munic_clus": "101_534", "munic_code": 101.0, "min": 2.8652119636535645, "max": 2.8652119636535645, "mean": 2.8652119636535645, "count": 2, "std": 0.0, "range": 0.0 }, "geometry": { "type": "Polygon", "coordinates": [ [ [ 725600.0, 6177300.0 ], [ 725600.0, 6177400.0 ], [ 725700.0, 6177400.0 ], [ 725700.0, 6177300.0 ], [ 725700.0, 6177200.0 ], [ 725600.0, 6177200.0 ], [ 725600.0, 6177300.0 ] ] ] } },
{ "type": "Feature", "properties": { "Shape_Area": 20000.0, "Shape_Leng": 600.0, "cluster_id": "101_535", "fid_1": 535.0, "id_munic": 535.0, "munic_clus": "101_535", "munic_code": 101.0, "min": 2.9956686496734619, "max": 2.9956686496734619, "mean": 2.9956686496734619, "count": 2, "std": 0.0, "range": 0.0 }, "geometry": { "type": "Polygon", "coordinates": [ [ [ 725700.0, 6177200.0 ], [ 725700.0, 6177300.0 ], [ 725800.0, 6177300.0 ], [ 725800.0, 6177200.0 ], [ 725800.0, 6177100.0 ], [ 725700.0, 6177100.0 ], [ 725700.0, 6177200.0 ] ] ] } },
{ "type": "Feature", "properties": { "Shape_Area": 40000.0, "Shape_Leng": 800.0, "cluster_id": "101_536", "fid_1": 536.0, "id_munic": 536.0, "munic_clus": "101_536", "munic_code": 101.0, "min": 3.158113956451416, "max": 3.158113956451416, "mean": 3.158113956451416, "count": 4, "std": 0.0, "range": 0.0 }, "geometry": { "type": "Polygon", "coordinates": [ [ [ 720900.0, 6178000.0 ], [ 720800.0, 6178000.0 ], [ 720700.0, 6178000.0 ], [ 720700.0, 6178100.0 ], [ 720700.0, 6178200.0 ], [ 720800.0, 6178200.0 ], [ 720900.0, 6178200.0 ], [ 720900.0, 6178100.0 ], [ 720900.0, 6178000.0 ] ] ] } },
{ "type": "Feature", "properties": { "Shape_Area": 40000.0, "Shape_Leng": 800.0, "cluster_id": "101_537", "fid_1": 537.0, "id_munic": 537.0, "munic_clus": "101_537", "munic_code": 101.0, "min": 2.6827726364135742, "max": 2.6827726364135742, "mean": 2.6827726364135742, "count": 4, "std": 0.0, "range": 0.0 }, "geometry": { "type": "Polygon", "coordinates": [ [ [ 720700.0, 6177700.0 ], [ 720600.0, 6177700.0 ], [ 720500.0, 6177700.0 ], [ 720500.0, 6177800.0 ], [ 720500.0, 6177900.0 ], [ 720600.0, 6177900.0 ], [ 720700.0, 6177900.0 ], [ 720700.0, 6177800.0 ], [ 720700.0, 6177700.0 ] ] ] } },
{ "type": "Feature", "properties": { "Shape_Area": 20000.0, "Shape_Leng": 600.0, "cluster_id": "101_538", "fid_1": 538.0, "id_munic": 538.0, "munic_clus": "101_538", "munic_code": 101.0, "min": 3.3562150001525879, "max": 3.3562150001525879, "mean": 3.3562150001525879, "count": 2, "std": 0.0, "range": 0.0 }, "geometry": { "type": "Polygon", "coordinates": [ [ [ 722700.0, 6177200.0 ], [ 722700.0, 6177300.0 ], [ 722800.0, 6177300.0 ], [ 722800.0, 6177200.0 ], [ 722800.0, 6177100.0 ], [ 722700.0, 6177100.0 ], [ 722700.0, 6177200.0 ] ] ] } },
{ "type": "Feature", "properties": { "Shape_Area": 50000.0, "Shape_Leng": 1000.0, "cluster_id": "101_539", "fid_1": 539.0, "id_munic": 539.0, "munic_clus": "101_539", "munic_code": 101.0, "min": 2.5944688320159912, "max": 2.5944688320159912, "mean": 2.5944688796997069, "count": 5, "std": 4.7683715642676816e-08, "range": 0.0 }, "geometry": { "type": "Polygon", "coordinates": [ [ [ 722800.0, 6177300.0 ], [ 722800.0, 6177400.0 ], [ 722900.0, 6177400.0 ], [ 723000.0, 6177400.0 ], [ 723000.0, 6177300.0 ], [ 723000.0, 6177200.0 ], [ 722900.0, 6177200.0 ], [ 722900.0, 6177100.0 ], [ 722800.0, 6177100.0 ], [ 722800.0, 6177200.0 ], [ 722800.0, 6177300.0 ] ] ] } },
{ "type": "Feature", "properties": { "Shape_Area": 80000.0, "Shape_Leng": 1400.0, "cluster_id": "101_540", "fid_1": 540.0, "id_munic": 540.0, "munic_clus": "101_540", "munic_code": 101.0, "min": 4.0129966735839844, "max": 4.0129966735839844, "mean": 4.0129966735839844, "count": 8, "std": 0.0, "range": 0.0 }, "geometry": { "type": "Polygon", "coordinates": [ [ [ 722900.0, 6177600.0 ], [ 722900.0, 6177700.0 ], [ 723000.0, 6177700.0 ], [ 723100.0, 6177700.0 ], [ 723100.0, 6177600.0 ], [ 723200.0, 6177600.0 ], [ 723200.0, 6177500.0 ], [ 723100.0, 6177500.0 ], [ 723100.0, 6177400.0 ], [ 723000.0, 6177400.0 ], [ 722900.0, 6177400.0 ], [ 722800.0, 6177400.0 ], [ 722800.0, 6177500.0 ], [ 722900.0, 6177500.0 ], [ 722900.0, 6177600.0 ] ] ] } },
{ "type": "Feature", "properties": { "Shape_Area": 10000.0, "Shape_Leng": 400.0, "cluster_id": "101_541", "fid_1": 541.0, "id_munic": 541.0, "munic_clus": "101_541", "munic_code": 101.0, "min": 2.7969009876251221, "max": 2.7969009876251221, "mean": 2.7969009876251221, "count": 1, "std": 0.0, "range": 0.0 }, "geometry": { "type": "Polygon", "coordinates": [ [ [ 722900.0, 6177100.0 ], [ 722900.0, 6177200.0 ], [ 723000.0, 6177200.0 ], [ 723000.0, 6177100.0 ], [ 722900.0, 6177100.0 ] ] ] } },
{ "type": "Feature", "properties": { "Shape_Area": 10000.0, "Shape_Leng": 400.0, "cluster_id": "101_542", "fid_1": 542.0, "id_munic": 542.0, "munic_clus": "101_542", "munic_code": 101.0, "min": 2.6876044273376465, "max": 2.6876044273376465, "mean": 2.6876044273376465, "count": 1, "std": 0.0, "range": 0.0 }, "geometry": { "type": "Polygon", "coordinates": [ [ [ 721600.0, 6179500.0 ], [ 721600.0, 6179600.0 ], [ 721700.0, 6179600.0 ], [ 721700.0, 6179500.0 ], [ 721600.0, 6179500.0 ] ] ] } },
{ "type": "Feature", "properties": { "Shape_Area": 20000.0, "Shape_Leng": 600.0, "cluster_id": "101_543", "fid_1": 543.0, "id_munic": 543.0, "munic_clus": "101_543", "munic_code": 101.0, "min": 3.2835724353790283, "max": 3.2835724353790283, "mean": 3.2835724353790283, "count": 2, "std": 0.0, "range": 0.0 }, "geometry": { "type": "Polygon", "coordinates": [ [ [ 721200.0, 6179500.0 ], [ 721200.0, 6179600.0 ], [ 721300.0, 6179600.0 ], [ 721300.0, 6179500.0 ], [ 721300.0, 6179400.0 ], [ 721200.0, 6179400.0 ], [ 721200.0, 6179500.0 ] ] ] } },
{ "type": "Feature", "properties": { "Shape_Area": 20000.0, "Shape_Leng": 600.0, "cluster_id": "101_544", "fid_1": 544.0, "id_munic": 544.0, "munic_clus": "101_544", "munic_code": 101.0, "min": 3.1299569606781006, "max": 3.1299569606781006, "mean": 3.1299569606781006, "count": 2, "std": 0.0, "range": 0.0 }, "geometry": { "type": "Polygon", "coordinates": [ [ [ 720900.0, 6179300.0 ], [ 721000.0, 6179300.0 ], [ 721100.0, 6179300.0 ], [ 721100.0, 6179200.0 ], [ 721000.0, 6179200.0 ], [ 720900.0, 6179200.0 ], [ 720900.0, 6179300.0 ] ] ] } },
{ "type": "Feature", "properties": { "Shape_Area": 20000.0, "Shape_Leng": 600.0, "cluster_id": "101_545", "fid_1": 545.0, "id_munic": 545.0, "munic_clus": "101_545", "munic_code": 101.0, "min": 3.0784742832183838, "max": 3.0784742832183838, "mean": 3.0784742832183838, "count": 2, "std": 0.0, "range": 0.0 }, "geometry": { "type": "Polygon", "coordinates": [ [ [ 721500.0, 6179500.0 ], [ 721500.0, 6179600.0 ], [ 721600.0, 6179600.0 ], [ 721600.0, 6179500.0 ], [ 721600.0, 6179400.0 ], [ 721500.0, 6179400.0 ], [ 721500.0, 6179500.0 ] ] ] } },
{ "type": "Feature", "properties": { "Shape_Area": 20000.0, "Shape_Leng": 600.0, "cluster_id": "101_546", "fid_1": 546.0, "id_munic": 546.0, "munic_clus": "101_546", "munic_code": 101.0, "min": 3.4985010623931885, "max": 3.4985010623931885, "mean": 3.4985010623931885, "count": 2, "std": 0.0, "range": 0.0 }, "geometry": { "type": "Polygon", "coordinates": [ [ [ 721700.0, 6179700.0 ], [ 721800.0, 6179700.0 ], [ 721900.0, 6179700.0 ], [ 721900.0, 6179600.0 ], [ 721800.0, 6179600.0 ], [ 721700.0, 6179600.0 ], [ 721700.0, 6179700.0 ] ] ] } },
{ "type": "Feature", "properties": { "Shape_Area": 20000.0, "Shape_Leng": 600.0, "cluster_id": "101_547", "fid_1": 547.0, "id_munic": 547.0, "munic_clus": "101_547", "munic_code": 101.0, "min": 2.9540154933929443, "max": 2.9540154933929443, "mean": 2.9540154933929443, "count": 2, "std": 0.0, "range": 0.0 }, "geometry": { "type": "Polygon", "coordinates": [ [ [ 720800.0, 6179100.0 ], [ 720900.0, 6179100.0 ], [ 721000.0, 6179100.0 ], [ 721000.0, 6179000.0 ], [ 720900.0, 6179000.0 ], [ 720800.0, 6179000.0 ], [ 720800.0, 6179100.0 ] ] ] } },
{ "type": "Feature", "properties": { "Shape_Area": 10000.0, "Shape_Leng": 400.0, "cluster_id": "101_548", "fid_1": 548.0, "id_munic": 548.0, "munic_clus": "101_548", "munic_code": 101.0, "min": 3.8773748874664307, "max": 3.8773748874664307, "mean": 3.8773748874664307, "count": 1, "std": 0.0, "range": 0.0 }, "geometry": { "type": "Polygon", "coordinates": [ [ [ 720900.0, 6179100.0 ], [ 720900.0, 6179200.0 ], [ 721000.0, 6179200.0 ], [ 721000.0, 6179100.0 ], [ 720900.0, 6179100.0 ] ] ] } },
{ "type": "Feature", "properties": { "Shape_Area": 60000.0, "Shape_Leng": 1000.0, "cluster_id": "101_549", "fid_1": 549.0, "id_munic": 549.0, "munic_clus": "101_549", "munic_code": 101.0, "min": 2.9660117626190186, "max": 2.9660117626190186, "mean": 2.9660116831461587, "count": 6, "std": 7.947285984855057e-08, "range": 0.0 }, "geometry": { "type": "Polygon", "coordinates": [ [ [ 721300.0, 6179000.0 ], [ 721200.0, 6179000.0 ], [ 721100.0, 6179000.0 ], [ 721000.0, 6179000.0 ], [ 721000.0, 6179100.0 ], [ 721000.0, 6179200.0 ], [ 721100.0, 6179200.0 ], [ 721200.0, 6179200.0 ], [ 721300.0, 6179200.0 ], [ 721300.0, 6179100.0 ], [ 721300.0, 6179000.0 ] ] ] } },
{ "type": "Feature", "properties": { "Shape_Area": 20000.0, "Shape_Leng": 600.0, "cluster_id": "101_550", "fid_1": 550.0, "id_munic": 550.0, "munic_clus": "101_550", "munic_code": 101.0, "min": 3.0176608562469482, "max": 3.0176608562469482, "mean": 3.0176608562469482, "count": 2, "std": 0.0, "range": 0.0 }, "geometry": { "type": "Polygon", "coordinates": [ [ [ 723300.0, 6176800.0 ], [ 723300.0, 6176900.0 ], [ 723400.0, 6176900.0 ], [ 723400.0, 6176800.0 ], [ 723400.0, 6176700.0 ], [ 723300.0, 6176700.0 ], [ 723300.0, 6176800.0 ] ] ] } },
{ "type": "Feature", "properties": { "Shape_Area": 20000.0, "Shape_Leng": 600.0, "cluster_id": "101_551", "fid_1": 551.0, "id_munic": 551.0, "munic_clus": "101_551", "munic_code": 101.0, "min": 3.6511166095733643, "max": 3.6511166095733643, "mean": 3.6511166095733643, "count": 2, "std": 0.0, "range": 0.0 }, "geometry": { "type": "Polygon", "coordinates": [ [ [ 721400.0, 6179500.0 ], [ 721400.0, 6179600.0 ], [ 721500.0, 6179600.0 ], [ 721500.0, 6179500.0 ], [ 721500.0, 6179400.0 ], [ 721400.0, 6179400.0 ], [ 721400.0, 6179500.0 ] ] ] } },
{ "type": "Feature", "properties": { "Shape_Area": 20000.0, "Shape_Leng": 600.0, "cluster_id": "101_552", "fid_1": 552.0, "id_munic": 552.0, "munic_clus": "101_552", "munic_code": 101.0, "min": 2.9371874332427979, "max": 2.9371874332427979, "mean": 2.9371874332427979, "count": 2, "std": 0.0, "range": 0.0 }, "geometry": { "type": "Polygon", "coordinates": [ [ [ 720800.0, 6179200.0 ], [ 720800.0, 6179300.0 ], [ 720900.0, 6179300.0 ], [ 720900.0, 6179200.0 ], [ 720900.0, 6179100.0 ], [ 720800.0, 6179100.0 ], [ 720800.0, 6179200.0 ] ] ] } },
{ "type": "Feature", "properties": { "Shape_Area": 10000.0, "Shape_Leng": 400.0, "cluster_id": "101_553", "fid_1": 553.0, "id_munic": 553.0, "munic_clus": "101_553", "munic_code": 101.0, "min": 3.1377880573272705, "max": 3.1377880573272705, "mean": 3.1377880573272705, "count": 1, "std": 0.0, "range": 0.0 }, "geometry": { "type": "Polygon", "coordinates": [ [ [ 724400.0, 6180200.0 ], [ 724400.0, 6180300.0 ], [ 724500.0, 6180300.0 ], [ 724500.0, 6180200.0 ], [ 724400.0, 6180200.0 ] ] ] } },
{ "type": "Feature", "properties": { "Shape_Area": 30000.0, "Shape_Leng": 800.0, "cluster_id": "101_554", "fid_1": 554.0, "id_munic": 554.0, "munic_clus": "101_554", "munic_code": 101.0, "min": 3.9663448333740234, "max": 3.9663448333740234, "mean": 3.9663448333740234, "count": 3, "std": 0.0, "range": 0.0 }, "geometry": { "type": "Polygon", "coordinates": [ [ [ 723600.0, 6180000.0 ], [ 723600.0, 6180100.0 ], [ 723700.0, 6180100.0 ], [ 723800.0, 6180100.0 ], [ 723800.0, 6180000.0 ], [ 723700.0, 6180000.0 ], [ 723700.0, 6179900.0 ], [ 723600.0, 6179900.0 ], [ 723600.0, 6180000.0 ] ] ] } },
{ "type": "Feature", "properties": { "Shape_Area": 40000.0, "Shape_Leng": 1000.0, "cluster_id": "101_555", "fid_1": 555.0, "id_munic": 555.0, "munic_clus": "101_555", "munic_code": 101.0, "min": 3.4106972217559814, "max": 3.4106972217559814, "mean": 3.4106972217559814, "count": 4, "std": 0.0, "range": 0.0 }, "geometry": { "type": "Polygon", "coordinates": [ [ [ 724200.0, 6180200.0 ], [ 724200.0, 6180300.0 ], [ 724300.0, 6180300.0 ], [ 724400.0, 6180300.0 ], [ 724400.0, 6180200.0 ], [ 724300.0, 6180200.0 ], [ 724300.0, 6180100.0 ], [ 724200.0, 6180100.0 ], [ 724100.0, 6180100.0 ], [ 724100.0, 6180200.0 ], [ 724200.0, 6180200.0 ] ] ] } },
{ "type": "Feature", "properties": { "Shape_Area": 30000.0, "Shape_Leng": 800.0, "cluster_id": "101_556", "fid_1": 556.0, "id_munic": 556.0, "munic_clus": "101_556", "munic_code": 101.0, "min": 3.8657112121582031, "max": 3.8657112121582031, "mean": 3.8657112121582031, "count": 3, "std": 0.0, "range": 0.0 }, "geometry": { "type": "Polygon", "coordinates": [ [ [ 723700.0, 6180000.0 ], [ 723800.0, 6180000.0 ], [ 723800.0, 6180100.0 ], [ 723900.0, 6180100.0 ], [ 723900.0, 6180000.0 ], [ 723900.0, 6179900.0 ], [ 723800.0, 6179900.0 ], [ 723700.0, 6179900.0 ], [ 723700.0, 6180000.0 ] ] ] } },
{ "type": "Feature", "properties": { "Shape_Area": 60000.0, "Shape_Leng": 1200.0, "cluster_id": "101_557", "fid_1": 557.0, "id_munic": 557.0, "munic_clus": "101_557", "munic_code": 101.0, "min": 2.8163952827453613, "max": 2.8163952827453613, "mean": 2.8163954416910806, "count": 6, "std": 1.5894571925301193e-07, "range": 0.0 }, "geometry": { "type": "Polygon", "coordinates": [ [ [ 724200.0, 6180100.0 ], [ 724200.0, 6180000.0 ], [ 724100.0, 6180000.0 ], [ 724000.0, 6180000.0 ], [ 723900.0, 6180000.0 ], [ 723900.0, 6180100.0 ], [ 723900.0, 6180200.0 ], [ 724000.0, 6180200.0 ], [ 724000.0, 6180300.0 ], [ 724100.0, 6180300.0 ], [ 724100.0, 6180200.0 ], [ 724100.0, 6180100.0 ], [ 724200.0, 6180100.0 ] ] ] } },
{ "type": "Feature", "properties": { "Shape_Area": 200000.0, "Shape_Leng": 3200.0, "cluster_id": "101_558", "fid_1": 558.0, "id_munic": 558.0, "munic_clus": "101_558", "munic_code": 101.0, "min": 2.557981014251709, "max": 2.557981014251709, "mean": 2.5579811096191407, "count": 20, "std": 9.5367431729442842e-08, "range": 0.0 }, "geometry": { "type": "Polygon", "coordinates": [ [ [ 723800.0, 6180100.0 ], [ 723700.0, 6180100.0 ], [ 723600.0, 6180100.0 ], [ 723500.0, 6180100.0 ], [ 723500.0, 6180200.0 ], [ 723500.0, 6180300.0 ], [ 723600.0, 6180300.0 ], [ 723700.0, 6180300.0 ], [ 723700.0, 6180400.0 ], [ 723800.0, 6180400.0 ], [ 723900.0, 6180400.0 ], [ 724000.0, 6180400.0 ], [ 724100.0, 6180400.0 ], [ 724200.0, 6180400.0 ], [ 724300.0, 6180400.0 ], [ 724400.0, 6180400.0 ], [ 724500.0, 6180400.0 ], [ 724600.0, 6180400.0 ], [ 724700.0, 6180400.0 ], [ 724700.0, 6180300.0 ], [ 724600.0, 6180300.0 ], [ 724500.0, 6180300.0 ], [ 724400.0, 6180300.0 ], [ 724300.0, 6180300.0 ], [ 724200.0, 6180300.0 ], [ 724200.0, 6180200.0 ], [ 724100.0, 6180200.0 ], [ 724100.0, 6180300.0 ], [ 724000.0, 6180300.0 ], [ 724000.0, 6180200.0 ], [ 723900.0, 6180200.0 ], [ 723900.0, 6180100.0 ], [ 723800.0, 6180100.0 ] ] ] } },
{ "type": "Feature", "properties": { "Shape_Area": 20000.0, "Shape_Leng": 600.0, "cluster_id": "101_559", "fid_1": 559.0, "id_munic": 559.0, "munic_clus": "101_559", "munic_code": 101.0, "min": 3.2654116153717041, "max": 3.2654116153717041, "mean": 3.2654116153717041, "count": 2, "std": 0.0, "range": 0.0 }, "geometry": { "type": "Polygon", "coordinates": [ [ [ 724200.0, 6176200.0 ], [ 724300.0, 6176200.0 ], [ 724400.0, 6176200.0 ], [ 724400.0, 6176100.0 ], [ 724300.0, 6176100.0 ], [ 724200.0, 6176100.0 ], [ 724200.0, 6176200.0 ] ] ] } },
{ "type": "Feature", "properties": { "Shape_Area": 70000.0, "Shape_Leng": 1400.0, "cluster_id": "101_560", "fid_1": 560.0, "id_munic": 560.0, "munic_clus": "101_560", "munic_code": 101.0, "min": 3.6119627952575684, "max": 3.6119627952575684, "mean": 3.6119629996163503, "count": 7, "std": 2.0435878189672962e-07, "range": 0.0 }, "geometry": { "type": "Polygon", "coordinates": [ [ [ 725500.0, 6175800.0 ], [ 725400.0, 6175800.0 ], [ 725300.0, 6175800.0 ], [ 725300.0, 6175900.0 ], [ 725200.0, 6175900.0 ], [ 725200.0, 6176000.0 ], [ 725100.0, 6176000.0 ], [ 725100.0, 6176100.0 ], [ 725200.0, 6176100.0 ], [ 725300.0, 6176100.0 ], [ 725300.0, 6176000.0 ], [ 725400.0, 6176000.0 ], [ 725500.0, 6176000.0 ], [ 725500.0, 6175900.0 ], [ 725500.0, 6175800.0 ] ] ] } },
{ "type": "Feature", "properties": { "Shape_Area": 90000.0, "Shape_Leng": 1600.0, "cluster_id": "101_561", "fid_1": 561.0, "id_munic": 561.0, "munic_clus": "101_561", "munic_code": 101.0, "min": 3.4983344078063965, "max": 3.4983344078063965, "mean": 3.4983344607883029, "count": 9, "std": 5.2981906417670643e-08, "range": 0.0 }, "geometry": { "type": "Polygon", "coordinates": [ [ [ 725100.0, 6176000.0 ], [ 725000.0, 6176000.0 ], [ 725000.0, 6175900.0 ], [ 724900.0, 6175900.0 ], [ 724900.0, 6176000.0 ], [ 724900.0, 6176100.0 ], [ 724800.0, 6176100.0 ], [ 724800.0, 6176200.0 ], [ 724700.0, 6176200.0 ], [ 724700.0, 6176300.0 ], [ 724800.0, 6176300.0 ], [ 724900.0, 6176300.0 ], [ 725000.0, 6176300.0 ], [ 725000.0, 6176200.0 ], [ 725100.0, 6176200.0 ], [ 725100.0, 6176100.0 ], [ 725100.0, 6176000.0 ] ] ] } },
{ "type": "Feature", "properties": { "Shape_Area": 20000.0, "Shape_Leng": 600.0, "cluster_id": "101_562", "fid_1": 562.0, "id_munic": 562.0, "munic_clus": "101_562", "munic_code": 101.0, "min": 2.6031322479248047, "max": 2.6031322479248047, "mean": 2.6031322479248047, "count": 2, "std": 0.0, "range": 0.0 }, "geometry": { "type": "Polygon", "coordinates": [ [ [ 724600.0, 6176400.0 ], [ 724700.0, 6176400.0 ], [ 724800.0, 6176400.0 ], [ 724800.0, 6176300.0 ], [ 724700.0, 6176300.0 ], [ 724600.0, 6176300.0 ], [ 724600.0, 6176400.0 ] ] ] } },
{ "type": "Feature", "properties": { "Shape_Area": 10000.0, "Shape_Leng": 400.0, "cluster_id": "101_563", "fid_1": 563.0, "id_munic": 563.0, "munic_clus": "101_563", "munic_code": 101.0, "min": 3.4468510150909424, "max": 3.4468510150909424, "mean": 3.4468510150909424, "count": 1, "std": 0.0, "range": 0.0 }, "geometry": { "type": "Polygon", "coordinates": [ [ [ 724600.0, 6176400.0 ], [ 724600.0, 6176500.0 ], [ 724700.0, 6176500.0 ], [ 724700.0, 6176400.0 ], [ 724600.0, 6176400.0 ] ] ] } },
{ "type": "Feature", "properties": { "Shape_Area": 60000.0, "Shape_Leng": 1200.0, "cluster_id": "101_564", "fid_1": 564.0, "id_munic": 564.0, "munic_clus": "101_564", "munic_code": 101.0, "min": 2.3208932876586914, "max": 2.3208932876586914, "mean": 2.3208932876586914, "count": 6, "std": 0.0, "range": 0.0 }, "geometry": { "type": "Polygon", "coordinates": [ [ [ 725300.0, 6176200.0 ], [ 725300.0, 6176100.0 ], [ 725200.0, 6176100.0 ], [ 725100.0, 6176100.0 ], [ 725100.0, 6176200.0 ], [ 725000.0, 6176200.0 ], [ 725000.0, 6176300.0 ], [ 725000.0, 6176400.0 ], [ 725100.0, 6176400.0 ], [ 725200.0, 6176400.0 ], [ 725200.0, 6176300.0 ], [ 725200.0, 6176200.0 ], [ 725300.0, 6176200.0 ] ] ] } },
{ "type": "Feature", "properties": { "Shape_Area": 30000.0, "Shape_Leng": 800.0, "cluster_id": "101_565", "fid_1": 565.0, "id_munic": 565.0, "munic_clus": "101_565", "munic_code": 101.0, "min": 2.7532494068145752, "max": 2.7532494068145752, "mean": 2.753249486287435, "count": 3, "std": 7.947285984855057e-08, "range": 0.0 }, "geometry": { "type": "Polygon", "coordinates": [ [ [ 724300.0, 6176000.0 ], [ 724200.0, 6176000.0 ], [ 724200.0, 6176100.0 ], [ 724300.0, 6176100.0 ], [ 724400.0, 6176100.0 ], [ 724400.0, 6176000.0 ], [ 724400.0, 6175900.0 ], [ 724300.0, 6175900.0 ], [ 724300.0, 6176000.0 ] ] ] } },
{ "type": "Feature", "properties": { "Shape_Area": 30000.0, "Shape_Leng": 800.0, "cluster_id": "101_566", "fid_1": 566.0, "id_munic": 566.0, "munic_clus": "101_566", "munic_code": 101.0, "min": 4.1971015930175781, "max": 4.1971015930175781, "mean": 4.1971015930175781, "count": 3, "std": 0.0, "range": 0.0 }, "geometry": { "type": "Polygon", "coordinates": [ [ [ 723800.0, 6177000.0 ], [ 723700.0, 6177000.0 ], [ 723700.0, 6177100.0 ], [ 723800.0, 6177100.0 ], [ 723900.0, 6177100.0 ], [ 723900.0, 6177000.0 ], [ 723900.0, 6176900.0 ], [ 723800.0, 6176900.0 ], [ 723800.0, 6177000.0 ] ] ] } },
{ "type": "Feature", "properties": { "Shape_Area": 40000.0, "Shape_Leng": 800.0, "cluster_id": "101_567", "fid_1": 567.0, "id_munic": 567.0, "munic_clus": "101_567", "munic_code": 101.0, "min": 2.7919027805328369, "max": 2.7919027805328369, "mean": 2.7919027805328369, "count": 4, "std": 0.0, "range": 0.0 }, "geometry": { "type": "Polygon", "coordinates": [ [ [ 722200.0, 6180100.0 ], [ 722100.0, 6180100.0 ], [ 722000.0, 6180100.0 ], [ 722000.0, 6180200.0 ], [ 722000.0, 6180300.0 ], [ 722100.0, 6180300.0 ], [ 722200.0, 6180300.0 ], [ 722200.0, 6180200.0 ], [ 722200.0, 6180100.0 ] ] ] } },
{ "type": "Feature", "properties": { "Shape_Area": 30000.0, "Shape_Leng": 800.0, "cluster_id": "101_568", "fid_1": 568.0, "id_munic": 568.0, "munic_clus": "101_568", "munic_code": 101.0, "min": 3.2370879650115967, "max": 3.2370879650115967, "mean": 3.2370878855387368, "count": 3, "std": 7.947285984855057e-08, "range": 0.0 }, "geometry": { "type": "Polygon", "coordinates": [ [ [ 724700.0, 6175900.0 ], [ 724700.0, 6176000.0 ], [ 724800.0, 6176000.0 ], [ 724900.0, 6176000.0 ], [ 724900.0, 6175900.0 ], [ 724800.0, 6175900.0 ], [ 724800.0, 6175800.0 ], [ 724700.0, 6175800.0 ], [ 724700.0, 6175900.0 ] ] ] } },
{ "type": "Feature", "properties": { "Shape_Area": 40000.0, "Shape_Leng": 1000.0, "cluster_id": "101_569", "fid_1": 569.0, "id_munic": 569.0, "munic_clus": "101_569", "munic_code": 101.0, "min": 3.1109631061553955, "max": 3.1109631061553955, "mean": 3.1109631061553955, "count": 4, "std": 0.0, "range": 0.0 }, "geometry": { "type": "Polygon", "coordinates": [ [ [ 724700.0, 6176100.0 ], [ 724700.0, 6176200.0 ], [ 724800.0, 6176200.0 ], [ 724800.0, 6176100.0 ], [ 724900.0, 6176100.0 ], [ 724900.0, 6176000.0 ], [ 724800.0, 6176000.0 ], [ 724700.0, 6176000.0 ], [ 724600.0, 6176000.0 ], [ 724600.0, 6176100.0 ], [ 724700.0, 6176100.0 ] ] ] } },
{ "type": "Feature", "properties": { "Shape_Area": 40000.0, "Shape_Leng": 800.0, "cluster_id": "101_570", "fid_1": 570.0, "id_munic": 570.0, "munic_clus": "101_570", "munic_code": 101.0, "min": 4.0949692726135254, "max": 4.0949692726135254, "mean": 4.0949692726135254, "count": 4, "std": 0.0, "range": 0.0 }, "geometry": { "type": "Polygon", "coordinates": [ [ [ 724600.0, 6176000.0 ], [ 724500.0, 6176000.0 ], [ 724400.0, 6176000.0 ], [ 724400.0, 6176100.0 ], [ 724400.0, 6176200.0 ], [ 724500.0, 6176200.0 ], [ 724600.0, 6176200.0 ], [ 724600.0, 6176100.0 ], [ 724600.0, 6176000.0 ] ] ] } },
{ "type": "Feature", "properties": { "Shape_Area": 20000.0, "Shape_Leng": 600.0, "cluster_id": "101_571", "fid_1": 571.0, "id_munic": 571.0, "munic_clus": "101_571", "munic_code": 101.0, "min": 3.381373405456543, "max": 3.381373405456543, "mean": 3.381373405456543, "count": 2, "std": 0.0, "range": 0.0 }, "geometry": { "type": "Polygon", "coordinates": [ [ [ 723500.0, 6179100.0 ], [ 723500.0, 6179200.0 ], [ 723600.0, 6179200.0 ], [ 723600.0, 6179100.0 ], [ 723600.0, 6179000.0 ], [ 723500.0, 6179000.0 ], [ 723500.0, 6179100.0 ] ] ] } },
{ "type": "Feature", "properties": { "Shape_Area": 20000.0, "Shape_Leng": 600.0, "cluster_id": "101_572", "fid_1": 572.0, "id_munic": 572.0, "munic_clus": "101_572", "munic_code": 101.0, "min": 4.3798742294311523, "max": 4.3798742294311523, "mean": 4.3798742294311523, "count": 2, "std": 0.0, "range": 0.0 }, "geometry": { "type": "Polygon", "coordinates": [ [ [ 723600.0, 6179200.0 ], [ 723700.0, 6179200.0 ], [ 723800.0, 6179200.0 ], [ 723800.0, 6179100.0 ], [ 723700.0, 6179100.0 ], [ 723600.0, 6179100.0 ], [ 723600.0, 6179200.0 ] ] ] } },
{ "type": "Feature", "properties": { "Shape_Area": 10000.0, "Shape_Leng": 400.0, "cluster_id": "101_573", "fid_1": 573.0, "id_munic": 573.0, "munic_clus": "101_573", "munic_code": 101.0, "min": 2.9413530826568604, "max": 2.9413530826568604, "mean": 2.9413530826568604, "count": 1, "std": 0.0, "range": 0.0 }, "geometry": { "type": "Polygon", "coordinates": [ [ [ 723600.0, 6179400.0 ], [ 723600.0, 6179500.0 ], [ 723700.0, 6179500.0 ], [ 723700.0, 6179400.0 ], [ 723600.0, 6179400.0 ] ] ] } },
{ "type": "Feature", "properties": { "Shape_Area": 50000.0, "Shape_Leng": 1200.0, "cluster_id": "101_574", "fid_1": 574.0, "id_munic": 574.0, "munic_clus": "101_574", "munic_code": 101.0, "min": 2.9513499736785889, "max": 2.9513499736785889, "mean": 2.9513500213623045, "count": 5, "std": 4.7683715642676816e-08, "range": 0.0 }, "geometry": { "type": "Polygon", "coordinates": [ [ [ 723500.0, 6179000.0 ], [ 723600.0, 6179000.0 ], [ 723600.0, 6179100.0 ], [ 723700.0, 6179100.0 ], [ 723800.0, 6179100.0 ], [ 723800.0, 6179000.0 ], [ 723700.0, 6179000.0 ], [ 723700.0, 6178900.0 ], [ 723600.0, 6178900.0 ], [ 723600.0, 6178800.0 ], [ 723500.0, 6178800.0 ], [ 723500.0, 6178900.0 ], [ 723500.0, 6179000.0 ] ] ] } },
{ "type": "Feature", "properties": { "Shape_Area": 20000.0, "Shape_Leng": 600.0, "cluster_id": "101_575", "fid_1": 575.0, "id_munic": 575.0, "munic_clus": "101_575", "munic_code": 101.0, "min": 3.2662448883056641, "max": 3.2662448883056641, "mean": 3.2662448883056641, "count": 2, "std": 0.0, "range": 0.0 }, "geometry": { "type": "Polygon", "coordinates": [ [ [ 724700.0, 6178500.0 ], [ 724700.0, 6178600.0 ], [ 724800.0, 6178600.0 ], [ 724800.0, 6178500.0 ], [ 724800.0, 6178400.0 ], [ 724700.0, 6178400.0 ], [ 724700.0, 6178500.0 ] ] ] } },
{ "type": "Feature", "properties": { "Shape_Area": 30000.0, "Shape_Leng": 800.0, "cluster_id": "101_576", "fid_1": 576.0, "id_munic": 576.0, "munic_clus": "101_576", "munic_code": 101.0, "min": 3.1919364929199219, "max": 3.1919364929199219, "mean": 3.1919364929199219, "count": 3, "std": 0.0, "range": 0.0 }, "geometry": { "type": "Polygon", "coordinates": [ [ [ 723300.0, 6177200.0 ], [ 723300.0, 6177300.0 ], [ 723400.0, 6177300.0 ], [ 723500.0, 6177300.0 ], [ 723500.0, 6177200.0 ], [ 723400.0, 6177200.0 ], [ 723400.0, 6177100.0 ], [ 723300.0, 6177100.0 ], [ 723300.0, 6177200.0 ] ] ] } },
{ "type": "Feature", "properties": { "Shape_Area": 10000.0, "Shape_Leng": 400.0, "cluster_id": "101_577", "fid_1": 577.0, "id_munic": 577.0, "munic_clus": "101_577", "munic_code": 101.0, "min": 3.0338222980499268, "max": 3.0338222980499268, "mean": 3.0338222980499268, "count": 1, "std": 0.0, "range": 0.0 }, "geometry": { "type": "Polygon", "coordinates": [ [ [ 724700.0, 6179200.0 ], [ 724700.0, 6179300.0 ], [ 724800.0, 6179300.0 ], [ 724800.0, 6179200.0 ], [ 724700.0, 6179200.0 ] ] ] } },
{ "type": "Feature", "properties": { "Shape_Area": 10000.0, "Shape_Leng": 400.0, "cluster_id": "101_578", "fid_1": 578.0, "id_munic": 578.0, "munic_clus": "101_578", "munic_code": 101.0, "min": 3.0533161163330078, "max": 3.0533161163330078, "mean": 3.0533161163330078, "count": 1, "std": 0.0, "range": 0.0 }, "geometry": { "type": "Polygon", "coordinates": [ [ [ 724600.0, 6179300.0 ], [ 724600.0, 6179400.0 ], [ 724700.0, 6179400.0 ], [ 724700.0, 6179300.0 ], [ 724600.0, 6179300.0 ] ] ] } },
{ "type": "Feature", "properties": { "Shape_Area": 180000.0, "Shape_Leng": 2000.0, "cluster_id": "101_579", "fid_1": 579.0, "id_munic": 579.0, "munic_clus": "101_579", "munic_code": 101.0, "min": 2.811396598815918, "max": 2.811396598815918, "mean": 2.8113967047797308, "count": 18, "std": 1.0596381283534129e-07, "range": 0.0 }, "geometry": { "type": "Polygon", "coordinates": [ [ [ 724500.0, 6178600.0 ], [ 724400.0, 6178600.0 ], [ 724400.0, 6178700.0 ], [ 724300.0, 6178700.0 ], [ 724300.0, 6178800.0 ], [ 724400.0, 6178800.0 ], [ 724400.0, 6178900.0 ], [ 724500.0, 6178900.0 ], [ 724500.0, 6179000.0 ], [ 724600.0, 6179000.0 ], [ 724700.0, 6179000.0 ], [ 724800.0, 6179000.0 ], [ 724800.0, 6178900.0 ], [ 724800.0, 6178800.0 ], [ 724800.0, 6178700.0 ], [ 724800.0, 6178600.0 ], [ 724700.0, 6178600.0 ], [ 724700.0, 6178500.0 ], [ 724600.0, 6178500.0 ], [ 724500.0, 6178500.0 ], [ 724500.0, 6178600.0 ] ] ] } },
{ "type": "Feature", "properties": { "Shape_Area": 10000.0, "Shape_Leng": 400.0, "cluster_id": "101_580", "fid_1": 580.0, "id_munic": 580.0, "munic_clus": "101_580", "munic_code": 101.0, "min": 2.7809066772460938, "max": 2.7809066772460938, "mean": 2.7809066772460938, "count": 1, "std": 0.0, "range": 0.0 }, "geometry": { "type": "Polygon", "coordinates": [ [ [ 724700.0, 6179300.0 ], [ 724700.0, 6179400.0 ], [ 724800.0, 6179400.0 ], [ 724800.0, 6179300.0 ], [ 724700.0, 6179300.0 ] ] ] } },
{ "type": "Feature", "properties": { "Shape_Area": 10000.0, "Shape_Leng": 400.0, "cluster_id": "101_581", "fid_1": 581.0, "id_munic": 581.0, "munic_clus": "101_581", "munic_code": 101.0, "min": 2.0806403160095215, "max": 2.0806403160095215, "mean": 2.0806403160095215, "count": 1, "std": 0.0, "range": 0.0 }, "geometry": { "type": "Polygon", "coordinates": [ [ [ 724600.0, 6179400.0 ], [ 724600.0, 6179500.0 ], [ 724700.0, 6179500.0 ], [ 724700.0, 6179400.0 ], [ 724600.0, 6179400.0 ] ] ] } },
{ "type": "Feature", "properties": { "Shape_Area": 10000.0, "Shape_Leng": 400.0, "cluster_id": "101_582", "fid_1": 582.0, "id_munic": 582.0, "munic_clus": "101_582", "munic_code": 101.0, "min": 2.5783076286315918, "max": 2.5783076286315918, "mean": 2.5783076286315918, "count": 1, "std": 0.0, "range": 0.0 }, "geometry": { "type": "Polygon", "coordinates": [ [ [ 724500.0, 6179300.0 ], [ 724500.0, 6179400.0 ], [ 724600.0, 6179400.0 ], [ 724600.0, 6179300.0 ], [ 724500.0, 6179300.0 ] ] ] } },
{ "type": "Feature", "properties": { "Shape_Area": 30000.0, "Shape_Leng": 800.0, "cluster_id": "101_583", "fid_1": 583.0, "id_munic": 583.0, "munic_clus": "101_583", "munic_code": 101.0, "min": 2.8702104091644287, "max": 2.8702104091644287, "mean": 2.8702103296915689, "count": 3, "std": 7.947285984855057e-08, "range": 0.0 }, "geometry": { "type": "Polygon", "coordinates": [ [ [ 724400.0, 6179300.0 ], [ 724300.0, 6179300.0 ], [ 724300.0, 6179400.0 ], [ 724400.0, 6179400.0 ], [ 724500.0, 6179400.0 ], [ 724500.0, 6179300.0 ], [ 724500.0, 6179200.0 ], [ 724400.0, 6179200.0 ], [ 724400.0, 6179300.0 ] ] ] } },
{ "type": "Feature", "properties": { "Shape_Area": 40000.0, "Shape_Leng": 800.0, "cluster_id": "101_584", "fid_1": 584.0, "id_munic": 584.0, "munic_clus": "101_584", "munic_code": 101.0, "min": 2.7932357788085938, "max": 2.7932357788085938, "mean": 2.7932357788085938, "count": 4, "std": 0.0, "range": 0.0 }, "geometry": { "type": "Polygon", "coordinates": [ [ [ 724800.0, 6179000.0 ], [ 724700.0, 6179000.0 ], [ 724600.0, 6179000.0 ], [ 724600.0, 6179100.0 ], [ 724600.0, 6179200.0 ], [ 724700.0, 6179200.0 ], [ 724800.0, 6179200.0 ], [ 724800.0, 6179100.0 ], [ 724800.0, 6179000.0 ] ] ] } },
{ "type": "Feature", "properties": { "Shape_Area": 30000.0, "Shape_Leng": 800.0, "cluster_id": "101_585", "fid_1": 585.0, "id_munic": 585.0, "munic_clus": "101_585", "munic_code": 101.0, "min": 3.2672445774078369, "max": 3.2672445774078369, "mean": 3.2672446568806968, "count": 3, "std": 7.947285984855057e-08, "range": 0.0 }, "geometry": { "type": "Polygon", "coordinates": [ [ [ 724500.0, 6179200.0 ], [ 724500.0, 6179300.0 ], [ 724600.0, 6179300.0 ], [ 724700.0, 6179300.0 ], [ 724700.0, 6179200.0 ], [ 724600.0, 6179200.0 ], [ 724600.0, 6179100.0 ], [ 724500.0, 6179100.0 ], [ 724500.0, 6179200.0 ] ] ] } },
{ "type": "Feature", "properties": { "Shape_Area": 20000.0, "Shape_Leng": 600.0, "cluster_id": "101_586", "fid_1": 586.0, "id_munic": 586.0, "munic_clus": "101_586", "munic_code": 101.0, "min": 2.3878710269927979, "max": 2.3878710269927979, "mean": 2.3878710269927979, "count": 2, "std": 0.0, "range": 0.0 }, "geometry": { "type": "Polygon", "coordinates": [ [ [ 723500.0, 6179500.0 ], [ 723500.0, 6179600.0 ], [ 723600.0, 6179600.0 ], [ 723600.0, 6179500.0 ], [ 723600.0, 6179400.0 ], [ 723500.0, 6179400.0 ], [ 723500.0, 6179500.0 ] ] ] } },
{ "type": "Feature", "properties": { "Shape_Area": 10000.0, "Shape_Leng": 400.0, "cluster_id": "101_587", "fid_1": 587.0, "id_munic": 587.0, "munic_clus": "101_587", "munic_code": 101.0, "min": 2.9533486366271973, "max": 2.9533486366271973, "mean": 2.9533486366271973, "count": 1, "std": 0.0, "range": 0.0 }, "geometry": { "type": "Polygon", "coordinates": [ [ [ 723400.0, 6179500.0 ], [ 723400.0, 6179600.0 ], [ 723500.0, 6179600.0 ], [ 723500.0, 6179500.0 ], [ 723400.0, 6179500.0 ] ] ] } },
{ "type": "Feature", "properties": { "Shape_Area": 10000.0, "Shape_Leng": 400.0, "cluster_id": "101_588", "fid_1": 588.0, "id_munic": 588.0, "munic_clus": "101_588", "munic_code": 101.0, "min": 3.2565813064575195, "max": 3.2565813064575195, "mean": 3.2565813064575195, "count": 1, "std": 0.0, "range": 0.0 }, "geometry": { "type": "Polygon", "coordinates": [ [ [ 723600.0, 6179600.0 ], [ 723600.0, 6179700.0 ], [ 723700.0, 6179700.0 ], [ 723700.0, 6179600.0 ], [ 723600.0, 6179600.0 ] ] ] } },
{ "type": "Feature", "properties": { "Shape_Area": 10000.0, "Shape_Leng": 400.0, "cluster_id": "101_589", "fid_1": 589.0, "id_munic": 589.0, "munic_clus": "101_589", "munic_code": 101.0, "min": 3.1786067485809326, "max": 3.1786067485809326, "mean": 3.1786067485809326, "count": 1, "std": 0.0, "range": 0.0 }, "geometry": { "type": "Polygon", "coordinates": [ [ [ 723600.0, 6179500.0 ], [ 723600.0, 6179600.0 ], [ 723700.0, 6179600.0 ], [ 723700.0, 6179500.0 ], [ 723600.0, 6179500.0 ] ] ] } },
{ "type": "Feature", "properties": { "Shape_Area": 30000.0, "Shape_Leng": 800.0, "cluster_id": "101_590", "fid_1": 590.0, "id_munic": 590.0, "munic_clus": "101_590", "munic_code": 101.0, "min": 2.3620462417602539, "max": 2.3620462417602539, "mean": 2.3620462417602539, "count": 3, "std": 0.0, "range": 0.0 }, "geometry": { "type": "Polygon", "coordinates": [ [ [ 723400.0, 6179800.0 ], [ 723500.0, 6179800.0 ], [ 723500.0, 6179900.0 ], [ 723600.0, 6179900.0 ], [ 723600.0, 6179800.0 ], [ 723600.0, 6179700.0 ], [ 723500.0, 6179700.0 ], [ 723400.0, 6179700.0 ], [ 723400.0, 6179800.0 ] ] ] } },
{ "type": "Feature", "properties": { "Shape_Area": 10000.0, "Shape_Leng": 400.0, "cluster_id": "101_591", "fid_1": 591.0, "id_munic": 591.0, "munic_clus": "101_591", "munic_code": 101.0, "min": 2.6256248950958252, "max": 2.6256248950958252, "mean": 2.6256248950958252, "count": 1, "std": 0.0, "range": 0.0 }, "geometry": { "type": "Polygon", "coordinates": [ [ [ 723500.0, 6179600.0 ], [ 723500.0, 6179700.0 ], [ 723600.0, 6179700.0 ], [ 723600.0, 6179600.0 ], [ 723500.0, 6179600.0 ] ] ] } },
{ "type": "Feature", "properties": { "Shape_Area": 10000.0, "Shape_Leng": 400.0, "cluster_id": "101_592", "fid_1": 592.0, "id_munic": 592.0, "munic_clus": "101_592", "munic_code": 101.0, "min": 2.8712098598480225, "max": 2.8712098598480225, "mean": 2.8712098598480225, "count": 1, "std": 0.0, "range": 0.0 }, "geometry": { "type": "Polygon", "coordinates": [ [ [ 723300.0, 6179500.0 ], [ 723300.0, 6179600.0 ], [ 723400.0, 6179600.0 ], [ 723400.0, 6179500.0 ], [ 723300.0, 6179500.0 ] ] ] } },
{ "type": "Feature", "properties": { "Shape_Area": 10000.0, "Shape_Leng": 400.0, "cluster_id": "101_593", "fid_1": 593.0, "id_munic": 593.0, "munic_clus": "101_593", "munic_code": 101.0, "min": 3.4186937808990479, "max": 3.4186937808990479, "mean": 3.4186937808990479, "count": 1, "std": 0.0, "range": 0.0 }, "geometry": { "type": "Polygon", "coordinates": [ [ [ 723400.0, 6179600.0 ], [ 723400.0, 6179700.0 ], [ 723500.0, 6179700.0 ], [ 723500.0, 6179600.0 ], [ 723400.0, 6179600.0 ] ] ] } },
{ "type": "Feature", "properties": { "Shape_Area": 10000.0, "Shape_Leng": 400.0, "cluster_id": "101_594", "fid_1": 594.0, "id_munic": 594.0, "munic_clus": "101_594", "munic_code": 101.0, "min": 2.7849051952362061, "max": 2.7849051952362061, "mean": 2.7849051952362061, "count": 1, "std": 0.0, "range": 0.0 }, "geometry": { "type": "Polygon", "coordinates": [ [ [ 723300.0, 6179600.0 ], [ 723300.0, 6179700.0 ], [ 723400.0, 6179700.0 ], [ 723400.0, 6179600.0 ], [ 723300.0, 6179600.0 ] ] ] } },
{ "type": "Feature", "properties": { "Shape_Area": 10000.0, "Shape_Leng": 400.0, "cluster_id": "101_595", "fid_1": 595.0, "id_munic": 595.0, "munic_clus": "101_595", "munic_code": 101.0, "min": 2.3863716125488281, "max": 2.3863716125488281, "mean": 2.3863716125488281, "count": 1, "std": 0.0, "range": 0.0 }, "geometry": { "type": "Polygon", "coordinates": [ [ [ 724800.0, 6179300.0 ], [ 724800.0, 6179400.0 ], [ 724900.0, 6179400.0 ], [ 724900.0, 6179300.0 ], [ 724800.0, 6179300.0 ] ] ] } },
{ "type": "Feature", "properties": { "Shape_Area": 10000.0, "Shape_Leng": 400.0, "cluster_id": "101_596", "fid_1": 596.0, "id_munic": 596.0, "munic_clus": "101_596", "munic_code": 101.0, "min": 3.5396537780761719, "max": 3.5396537780761719, "mean": 3.5396537780761719, "count": 1, "std": 0.0, "range": 0.0 }, "geometry": { "type": "Polygon", "coordinates": [ [ [ 724800.0, 6179200.0 ], [ 724800.0, 6179300.0 ], [ 724900.0, 6179300.0 ], [ 724900.0, 6179200.0 ], [ 724800.0, 6179200.0 ] ] ] } },
{ "type": "Feature", "properties": { "Shape_Area": 20000.0, "Shape_Leng": 600.0, "cluster_id": "101_597", "fid_1": 597.0, "id_munic": 597.0, "munic_clus": "101_597", "munic_code": 101.0, "min": 3.2499167919158936, "max": 3.2499167919158936, "mean": 3.2499167919158936, "count": 2, "std": 0.0, "range": 0.0 }, "geometry": { "type": "Polygon", "coordinates": [ [ [ 724700.0, 6179500.0 ], [ 724800.0, 6179500.0 ], [ 724900.0, 6179500.0 ], [ 724900.0, 6179400.0 ], [ 724800.0, 6179400.0 ], [ 724700.0, 6179400.0 ], [ 724700.0, 6179500.0 ] ] ] } },
{ "type": "Feature", "properties": { "Shape_Area": 10000.0, "Shape_Leng": 400.0, "cluster_id": "101_598", "fid_1": 598.0, "id_munic": 598.0, "munic_clus": "101_598", "munic_code": 101.0, "min": 2.982172966003418, "max": 2.982172966003418, "mean": 2.982172966003418, "count": 1, "std": 0.0, "range": 0.0 }, "geometry": { "type": "Polygon", "coordinates": [ [ [ 724500.0, 6180200.0 ], [ 724500.0, 6180300.0 ], [ 724600.0, 6180300.0 ], [ 724600.0, 6180200.0 ], [ 724500.0, 6180200.0 ] ] ] } },
{ "type": "Feature", "properties": { "Shape_Area": 10000.0, "Shape_Leng": 400.0, "cluster_id": "101_599", "fid_1": 599.0, "id_munic": 599.0, "munic_clus": "101_599", "munic_code": 101.0, "min": 3.9121959209442139, "max": 3.9121959209442139, "mean": 3.9121959209442139, "count": 1, "std": 0.0, "range": 0.0 }, "geometry": { "type": "Polygon", "coordinates": [ [ [ 724200.0, 6180000.0 ], [ 724200.0, 6180100.0 ], [ 724300.0, 6180100.0 ], [ 724300.0, 6180000.0 ], [ 724200.0, 6180000.0 ] ] ] } },
{ "type": "Feature", "properties": { "Shape_Area": 20000.0, "Shape_Leng": 600.0, "cluster_id": "101_600", "fid_1": 600.0, "id_munic": 600.0, "munic_clus": "101_600", "munic_code": 101.0, "min": 3.0828063488006592, "max": 3.0828063488006592, "mean": 3.0828063488006592, "count": 2, "std": 0.0, "range": 0.0 }, "geometry": { "type": "Polygon", "coordinates": [ [ [ 724600.0, 6180200.0 ], [ 724600.0, 6180300.0 ], [ 724700.0, 6180300.0 ], [ 724700.0, 6180200.0 ], [ 724700.0, 6180100.0 ], [ 724600.0, 6180100.0 ], [ 724600.0, 6180200.0 ] ] ] } },
{ "type": "Feature", "properties": { "Shape_Area": 10000.0, "Shape_Leng": 400.0, "cluster_id": "101_601", "fid_1": 601.0, "id_munic": 601.0, "munic_clus": "101_601", "munic_code": 101.0, "min": 2.8077309131622314, "max": 2.8077309131622314, "mean": 2.8077309131622314, "count": 1, "std": 0.0, "range": 0.0 }, "geometry": { "type": "Polygon", "coordinates": [ [ [ 723300.0, 6177000.0 ], [ 723300.0, 6177100.0 ], [ 723400.0, 6177100.0 ], [ 723400.0, 6177000.0 ], [ 723300.0, 6177000.0 ] ] ] } },
{ "type": "Feature", "properties": { "Shape_Area": 10000.0, "Shape_Leng": 400.0, "cluster_id": "101_602", "fid_1": 602.0, "id_munic": 602.0, "munic_clus": "101_602", "munic_code": 101.0, "min": 3.4550154209136963, "max": 3.4550154209136963, "mean": 3.4550154209136963, "count": 1, "std": 0.0, "range": 0.0 }, "geometry": { "type": "Polygon", "coordinates": [ [ [ 724500.0, 6180100.0 ], [ 724500.0, 6180200.0 ], [ 724600.0, 6180200.0 ], [ 724600.0, 6180100.0 ], [ 724500.0, 6180100.0 ] ] ] } },
{ "type": "Feature", "properties": { "Shape_Area": 30000.0, "Shape_Leng": 800.0, "cluster_id": "101_603", "fid_1": 603.0, "id_munic": 603.0, "munic_clus": "101_603", "munic_code": 101.0, "min": 3.4765081405639648, "max": 3.4765081405639648, "mean": 3.4765081405639648, "count": 3, "std": 0.0, "range": 0.0 }, "geometry": { "type": "Polygon", "coordinates": [ [ [ 724300.0, 6180100.0 ], [ 724300.0, 6180200.0 ], [ 724400.0, 6180200.0 ], [ 724500.0, 6180200.0 ], [ 724500.0, 6180100.0 ], [ 724400.0, 6180100.0 ], [ 724400.0, 6180000.0 ], [ 724300.0, 6180000.0 ], [ 724300.0, 6180100.0 ] ] ] } },
{ "type": "Feature", "properties": { "Shape_Area": 10000.0, "Shape_Leng": 400.0, "cluster_id": "101_604", "fid_1": 604.0, "id_munic": 604.0, "munic_clus": "101_604", "munic_code": 101.0, "min": 2.8877043724060059, "max": 2.8877043724060059, "mean": 2.8877043724060059, "count": 1, "std": 0.0, "range": 0.0 }, "geometry": { "type": "Polygon", "coordinates": [ [ [ 725600.0, 6176100.0 ], [ 725600.0, 6176200.0 ], [ 725700.0, 6176200.0 ], [ 725700.0, 6176100.0 ], [ 725600.0, 6176100.0 ] ] ] } },
{ "type": "Feature", "properties": { "Shape_Area": 20000.0, "Shape_Leng": 600.0, "cluster_id": "101_605", "fid_1": 605.0, "id_munic": 605.0, "munic_clus": "101_605", "munic_code": 101.0, "min": 3.2877376079559326, "max": 3.2877376079559326, "mean": 3.2877376079559326, "count": 2, "std": 0.0, "range": 0.0 }, "geometry": { "type": "Polygon", "coordinates": [ [ [ 725600.0, 6176300.0 ], [ 725700.0, 6176300.0 ], [ 725800.0, 6176300.0 ], [ 725800.0, 6176200.0 ], [ 725700.0, 6176200.0 ], [ 725600.0, 6176200.0 ], [ 725600.0, 6176300.0 ] ] ] } },
{ "type": "Feature", "properties": { "Shape_Area": 20000.0, "Shape_Leng": 600.0, "cluster_id": "101_606", "fid_1": 606.0, "id_munic": 606.0, "munic_clus": "101_606", "munic_code": 101.0, "min": 3.4536821842193604, "max": 3.4536821842193604, "mean": 3.4536821842193604, "count": 2, "std": 0.0, "range": 0.0 }, "geometry": { "type": "Polygon", "coordinates": [ [ [ 725600.0, 6176100.0 ], [ 725700.0, 6176100.0 ], [ 725800.0, 6176100.0 ], [ 725800.0, 6176000.0 ], [ 725700.0, 6176000.0 ], [ 725600.0, 6176000.0 ], [ 725600.0, 6176100.0 ] ] ] } },
{ "type": "Feature", "properties": { "Shape_Area": 10000.0, "Shape_Leng": 400.0, "cluster_id": "101_607", "fid_1": 607.0, "id_munic": 607.0, "munic_clus": "101_607", "munic_code": 101.0, "min": 2.4606800079345703, "max": 2.4606800079345703, "mean": 2.4606800079345703, "count": 1, "std": 0.0, "range": 0.0 }, "geometry": { "type": "Polygon", "coordinates": [ [ [ 725700.0, 6176100.0 ], [ 725700.0, 6176200.0 ], [ 725800.0, 6176200.0 ], [ 725800.0, 6176100.0 ], [ 725700.0, 6176100.0 ] ] ] } },
{ "type": "Feature", "properties": { "Shape_Area": 10000.0, "Shape_Leng": 400.0, "cluster_id": "101_608", "fid_1": 608.0, "id_munic": 608.0, "munic_clus": "101_608", "munic_code": 101.0, "min": 3.0494837760925293, "max": 3.0494837760925293, "mean": 3.0494837760925293, "count": 1, "std": 0.0, "range": 0.0 }, "geometry": { "type": "Polygon", "coordinates": [ [ [ 722400.0, 6178200.0 ], [ 722400.0, 6178300.0 ], [ 722500.0, 6178300.0 ], [ 722500.0, 6178200.0 ], [ 722400.0, 6178200.0 ] ] ] } },
{ "type": "Feature", "properties": { "Shape_Area": 20000.0, "Shape_Leng": 600.0, "cluster_id": "101_609", "fid_1": 609.0, "id_munic": 609.0, "munic_clus": "101_609", "munic_code": 101.0, "min": 3.0236589908599854, "max": 3.0236589908599854, "mean": 3.0236589908599854, "count": 2, "std": 0.0, "range": 0.0 }, "geometry": { "type": "Polygon", "coordinates": [ [ [ 722300.0, 6178400.0 ], [ 722400.0, 6178400.0 ], [ 722500.0, 6178400.0 ], [ 722500.0, 6178300.0 ], [ 722400.0, 6178300.0 ], [ 722300.0, 6178300.0 ], [ 722300.0, 6178400.0 ] ] ] } },
{ "type": "Feature", "properties": { "Shape_Area": 30000.0, "Shape_Leng": 800.0, "cluster_id": "101_610", "fid_1": 610.0, "id_munic": 610.0, "munic_clus": "101_610", "munic_code": 101.0, "min": 3.8375544548034668, "max": 3.8375544548034668, "mean": 3.8375542958577475, "count": 3, "std": 1.5894571925301193e-07, "range": 0.0 }, "geometry": { "type": "Polygon", "coordinates": [ [ [ 722300.0, 6178100.0 ], [ 722300.0, 6178200.0 ], [ 722400.0, 6178200.0 ], [ 722500.0, 6178200.0 ], [ 722500.0, 6178100.0 ], [ 722400.0, 6178100.0 ], [ 722400.0, 6178000.0 ], [ 722300.0, 6178000.0 ], [ 722300.0, 6178100.0 ] ] ] } },
{ "type": "Feature", "properties": { "Shape_Area": 10000.0, "Shape_Leng": 400.0, "cluster_id": "101_611", "fid_1": 611.0, "id_munic": 611.0, "munic_clus": "101_611", "munic_code": 101.0, "min": 2.5971341133117676, "max": 2.5971341133117676, "mean": 2.5971341133117676, "count": 1, "std": 0.0, "range": 0.0 }, "geometry": { "type": "Polygon", "coordinates": [ [ [ 724600.0, 6177300.0 ], [ 724600.0, 6177400.0 ], [ 724700.0, 6177400.0 ], [ 724700.0, 6177300.0 ], [ 724600.0, 6177300.0 ] ] ] } },
{ "type": "Feature", "properties": { "Shape_Area": 30000.0, "Shape_Leng": 800.0, "cluster_id": "101_612", "fid_1": 612.0, "id_munic": 612.0, "munic_clus": "101_612", "munic_code": 101.0, "min": 3.7864046096801758, "max": 3.7864046096801758, "mean": 3.7864046096801758, "count": 3, "std": 0.0, "range": 0.0 }, "geometry": { "type": "Polygon", "coordinates": [ [ [ 722800.0, 6178300.0 ], [ 722800.0, 6178400.0 ], [ 722900.0, 6178400.0 ], [ 722900.0, 6178300.0 ], [ 723000.0, 6178300.0 ], [ 723000.0, 6178200.0 ], [ 722900.0, 6178200.0 ], [ 722800.0, 6178200.0 ], [ 722800.0, 6178300.0 ] ] ] } },
{ "type": "Feature", "properties": { "Shape_Area": 10000.0, "Shape_Leng": 400.0, "cluster_id": "101_613", "fid_1": 613.0, "id_munic": 613.0, "munic_clus": "101_613", "munic_code": 101.0, "min": 3.2264251708984375, "max": 3.2264251708984375, "mean": 3.2264251708984375, "count": 1, "std": 0.0, "range": 0.0 }, "geometry": { "type": "Polygon", "coordinates": [ [ [ 722800.0, 6177900.0 ], [ 722800.0, 6178000.0 ], [ 722900.0, 6178000.0 ], [ 722900.0, 6177900.0 ], [ 722800.0, 6177900.0 ] ] ] } },
{ "type": "Feature", "properties": { "Shape_Area": 10000.0, "Shape_Leng": 400.0, "cluster_id": "101_614", "fid_1": 614.0, "id_munic": 614.0, "munic_clus": "101_614", "munic_code": 101.0, "min": 3.6624462604522705, "max": 3.6624462604522705, "mean": 3.6624462604522705, "count": 1, "std": 0.0, "range": 0.0 }, "geometry": { "type": "Polygon", "coordinates": [ [ [ 722900.0, 6178000.0 ], [ 722900.0, 6178100.0 ], [ 723000.0, 6178100.0 ], [ 723000.0, 6178000.0 ], [ 722900.0, 6178000.0 ] ] ] } },
{ "type": "Feature", "properties": { "Shape_Area": 30000.0, "Shape_Leng": 800.0, "cluster_id": "101_615", "fid_1": 615.0, "id_munic": 615.0, "munic_clus": "101_615", "munic_code": 101.0, "min": 4.1567816734313965, "max": 4.1567816734313965, "mean": 4.1567815144856768, "count": 3, "std": 1.5894571969710114e-07, "range": 0.0 }, "geometry": { "type": "Polygon", "coordinates": [ [ [ 722700.0, 6178100.0 ], [ 722700.0, 6178200.0 ], [ 722800.0, 6178200.0 ], [ 722900.0, 6178200.0 ], [ 722900.0, 6178100.0 ], [ 722800.0, 6178100.0 ], [ 722800.0, 6178000.0 ], [ 722700.0, 6178000.0 ], [ 722700.0, 6178100.0 ] ] ] } },
{ "type": "Feature", "properties": { "Shape_Area": 30000.0, "Shape_Leng": 800.0, "cluster_id": "101_616", "fid_1": 616.0, "id_munic": 616.0, "munic_clus": "101_616", "munic_code": 101.0, "min": 2.7562482357025146, "max": 2.7562482357025146, "mean": 2.7562481562296548, "count": 3, "std": 7.947285984855057e-08, "range": 0.0 }, "geometry": { "type": "Polygon", "coordinates": [ [ [ 722900.0, 6178200.0 ], [ 723000.0, 6178200.0 ], [ 723000.0, 6178300.0 ], [ 723100.0, 6178300.0 ], [ 723100.0, 6178200.0 ], [ 723100.0, 6178100.0 ], [ 723000.0, 6178100.0 ], [ 722900.0, 6178100.0 ], [ 722900.0, 6178200.0 ] ] ] } },
{ "type": "Feature", "properties": { "Shape_Area": 10000.0, "Shape_Leng": 400.0, "cluster_id": "101_617", "fid_1": 617.0, "id_munic": 617.0, "munic_clus": "101_617", "munic_code": 101.0, "min": 3.6792736053466797, "max": 3.6792736053466797, "mean": 3.6792736053466797, "count": 1, "std": 0.0, "range": 0.0 }, "geometry": { "type": "Polygon", "coordinates": [ [ [ 722800.0, 6178000.0 ], [ 722800.0, 6178100.0 ], [ 722900.0, 6178100.0 ], [ 722900.0, 6178000.0 ], [ 722800.0, 6178000.0 ] ] ] } },
{ "type": "Feature", "properties": { "Shape_Area": 10000.0, "Shape_Leng": 400.0, "cluster_id": "101_618", "fid_1": 618.0, "id_munic": 618.0, "munic_clus": "101_618", "munic_code": 101.0, "min": 3.8015658855438232, "max": 3.8015658855438232, "mean": 3.8015658855438232, "count": 1, "std": 0.0, "range": 0.0 }, "geometry": { "type": "Polygon", "coordinates": [ [ [ 722700.0, 6178200.0 ], [ 722700.0, 6178300.0 ], [ 722800.0, 6178300.0 ], [ 722800.0, 6178200.0 ], [ 722700.0, 6178200.0 ] ] ] } },
{ "type": "Feature", "properties": { "Shape_Area": 30000.0, "Shape_Leng": 800.0, "cluster_id": "101_619", "fid_1": 619.0, "id_munic": 619.0, "munic_clus": "101_619", "munic_code": 101.0, "min": 3.8415524959564209, "max": 3.8415524959564209, "mean": 3.841552416483561, "count": 3, "std": 7.947285984855057e-08, "range": 0.0 }, "geometry": { "type": "Polygon", "coordinates": [ [ [ 722900.0, 6177900.0 ], [ 722900.0, 6178000.0 ], [ 723000.0, 6178000.0 ], [ 723000.0, 6177900.0 ], [ 723100.0, 6177900.0 ], [ 723100.0, 6177800.0 ], [ 723000.0, 6177800.0 ], [ 722900.0, 6177800.0 ], [ 722900.0, 6177900.0 ] ] ] } },
{ "type": "Feature", "properties": { "Shape_Area": 10000.0, "Shape_Leng": 400.0, "cluster_id": "101_620", "fid_1": 620.0, "id_munic": 620.0, "munic_clus": "101_620", "munic_code": 101.0, "min": 3.4566810131072998, "max": 3.4566810131072998, "mean": 3.4566810131072998, "count": 1, "std": 0.0, "range": 0.0 }, "geometry": { "type": "Polygon", "coordinates": [ [ [ 723000.0, 6177900.0 ], [ 723000.0, 6178000.0 ], [ 723100.0, 6178000.0 ], [ 723100.0, 6177900.0 ], [ 723000.0, 6177900.0 ] ] ] } },
{ "type": "Feature", "properties": { "Shape_Area": 10000.0, "Shape_Leng": 400.0, "cluster_id": "101_621", "fid_1": 621.0, "id_munic": 621.0, "munic_clus": "101_621", "munic_code": 101.0, "min": 3.1262912750244141, "max": 3.1262912750244141, "mean": 3.1262912750244141, "count": 1, "std": 0.0, "range": 0.0 }, "geometry": { "type": "Polygon", "coordinates": [ [ [ 722700.0, 6176900.0 ], [ 722700.0, 6177000.0 ], [ 722800.0, 6177000.0 ], [ 722800.0, 6176900.0 ], [ 722700.0, 6176900.0 ] ] ] } },
{ "type": "Feature", "properties": { "Shape_Area": 30000.0, "Shape_Leng": 800.0, "cluster_id": "101_622", "fid_1": 622.0, "id_munic": 622.0, "munic_clus": "101_622", "munic_code": 101.0, "min": 3.0219929218292236, "max": 3.0219929218292236, "mean": 3.0219930013020835, "count": 3, "std": 7.947285984855057e-08, "range": 0.0 }, "geometry": { "type": "Polygon", "coordinates": [ [ [ 722800.0, 6177000.0 ], [ 722700.0, 6177000.0 ], [ 722700.0, 6177100.0 ], [ 722800.0, 6177100.0 ], [ 722900.0, 6177100.0 ], [ 722900.0, 6177000.0 ], [ 722900.0, 6176900.0 ], [ 722800.0, 6176900.0 ], [ 722800.0, 6177000.0 ] ] ] } },
{ "type": "Feature", "properties": { "Shape_Area": 10000.0, "Shape_Leng": 400.0, "cluster_id": "101_623", "fid_1": 623.0, "id_munic": 623.0, "munic_clus": "101_623", "munic_code": 101.0, "min": 2.5228261947631836, "max": 2.5228261947631836, "mean": 2.5228261947631836, "count": 1, "std": 0.0, "range": 0.0 }, "geometry": { "type": "Polygon", "coordinates": [ [ [ 722400.0, 6178400.0 ], [ 722400.0, 6178500.0 ], [ 722500.0, 6178500.0 ], [ 722500.0, 6178400.0 ], [ 722400.0, 6178400.0 ] ] ] } },
{ "type": "Feature", "properties": { "Shape_Area": 20000.0, "Shape_Leng": 600.0, "cluster_id": "101_624", "fid_1": 624.0, "id_munic": 624.0, "munic_clus": "101_624", "munic_code": 101.0, "min": 2.7697434425354004, "max": 2.7697434425354004, "mean": 2.7697434425354004, "count": 2, "std": 0.0, "range": 0.0 }, "geometry": { "type": "Polygon", "coordinates": [ [ [ 723000.0, 6178100.0 ], [ 723100.0, 6178100.0 ], [ 723200.0, 6178100.0 ], [ 723200.0, 6178000.0 ], [ 723100.0, 6178000.0 ], [ 723000.0, 6178000.0 ], [ 723000.0, 6178100.0 ] ] ] } },
{ "type": "Feature", "properties": { "Shape_Area": 10000.0, "Shape_Leng": 400.0, "cluster_id": "101_625", "fid_1": 625.0, "id_munic": 625.0, "munic_clus": "101_625", "munic_code": 101.0, "min": 3.7049319744110107, "max": 3.7049319744110107, "mean": 3.7049319744110107, "count": 1, "std": 0.0, "range": 0.0 }, "geometry": { "type": "Polygon", "coordinates": [ [ [ 723100.0, 6178100.0 ], [ 723100.0, 6178200.0 ], [ 723200.0, 6178200.0 ], [ 723200.0, 6178100.0 ], [ 723100.0, 6178100.0 ] ] ] } },
{ "type": "Feature", "properties": { "Shape_Area": 50000.0, "Shape_Leng": 1000.0, "cluster_id": "101_626", "fid_1": 626.0, "id_munic": 626.0, "munic_clus": "101_626", "munic_code": 101.0, "min": 3.4181938171386719, "max": 3.4181938171386719, "mean": 3.4181938171386719, "count": 5, "std": 0.0, "range": 0.0 }, "geometry": { "type": "Polygon", "coordinates": [ [ [ 721400.0, 6180800.0 ], [ 721400.0, 6180900.0 ], [ 721500.0, 6180900.0 ], [ 721600.0, 6180900.0 ], [ 721600.0, 6180800.0 ], [ 721600.0, 6180700.0 ], [ 721500.0, 6180700.0 ], [ 721500.0, 6180600.0 ], [ 721400.0, 6180600.0 ], [ 721400.0, 6180700.0 ], [ 721400.0, 6180800.0 ] ] ] } },
{ "type": "Feature", "properties": { "Shape_Area": 340000.0, "Shape_Leng": 3200.0, "cluster_id": "101_627", "fid_1": 627.0, "id_munic": 627.0, "munic_clus": "101_627", "munic_code": 101.0, "min": 2.3703768253326416, "max": 2.3703768253326416, "mean": 2.3703768113080192, "count": 34, "std": 1.4024622352337701e-08, "range": 0.0 }, "geometry": { "type": "Polygon", "coordinates": [ [ [ 720800.0, 6172900.0 ], [ 720800.0, 6173000.0 ], [ 720800.0, 6173100.0 ], [ 720800.0, 6173200.0 ], [ 720900.0, 6173200.0 ], [ 720900.0, 6173300.0 ], [ 720900.0, 6173400.0 ], [ 721000.0, 6173400.0 ], [ 721000.0, 6173300.0 ], [ 721100.0, 6173300.0 ], [ 721100.0, 6173200.0 ], [ 721200.0, 6173200.0 ], [ 721300.0, 6173200.0 ], [ 721300.0, 6173100.0 ], [ 721400.0, 6173100.0 ], [ 721500.0, 6173100.0 ], [ 721600.0, 6173100.0 ], [ 721600.0, 6173000.0 ], [ 721700.0, 6173000.0 ], [ 721700.0, 6172900.0 ], [ 721600.0, 6172900.0 ], [ 721600.0, 6172800.0 ], [ 721500.0, 6172800.0 ], [ 721400.0, 6172800.0 ], [ 721300.0, 6172800.0 ], [ 721200.0, 6172800.0 ], [ 721100.0, 6172800.0 ], [ 721000.0, 6172800.0 ], [ 720900.0, 6172800.0 ], [ 720800.0, 6172800.0 ], [ 720700.0, 6172800.0 ], [ 720700.0, 6172900.0 ], [ 720800.0, 6172900.0 ] ] ] } },
{ "type": "Feature", "properties": { "Shape_Area": 30000.0, "Shape_Leng": 800.0, "cluster_id": "101_628", "fid_1": 628.0, "id_munic": 628.0, "munic_clus": "101_628", "munic_code": 101.0, "min": 3.1017997264862061, "max": 3.1017997264862061, "mean": 3.1017996470133462, "count": 3, "std": 7.947285984855057e-08, "range": 0.0 }, "geometry": { "type": "Polygon", "coordinates": [ [ [ 721800.0, 6180400.0 ], [ 721800.0, 6180500.0 ], [ 721800.0, 6180600.0 ], [ 721900.0, 6180600.0 ], [ 721900.0, 6180500.0 ], [ 721900.0, 6180400.0 ], [ 721900.0, 6180300.0 ], [ 721800.0, 6180300.0 ], [ 721800.0, 6180400.0 ] ] ] } },
{ "type": "Feature", "properties": { "Shape_Area": 80000.0, "Shape_Leng": 1400.0, "cluster_id": "101_629", "fid_1": 629.0, "id_munic": 629.0, "munic_clus": "101_629", "munic_code": 101.0, "min": 3.0746421813964844, "max": 3.0746421813964844, "mean": 3.0746421813964844, "count": 8, "std": 0.0, "range": 0.0 }, "geometry": { "type": "Polygon", "coordinates": [ [ [ 722200.0, 6180300.0 ], [ 722100.0, 6180300.0 ], [ 722100.0, 6180400.0 ], [ 722100.0, 6180500.0 ], [ 722000.0, 6180500.0 ], [ 722000.0, 6180600.0 ], [ 722100.0, 6180600.0 ], [ 722200.0, 6180600.0 ], [ 722300.0, 6180600.0 ], [ 722400.0, 6180600.0 ], [ 722400.0, 6180500.0 ], [ 722300.0, 6180500.0 ], [ 722300.0, 6180400.0 ], [ 722300.0, 6180300.0 ], [ 722200.0, 6180300.0 ] ] ] } },
{ "type": "Feature", "properties": { "Shape_Area": 20000.0, "Shape_Leng": 600.0, "cluster_id": "101_630", "fid_1": 630.0, "id_munic": 630.0, "munic_clus": "101_630", "munic_code": 101.0, "min": 3.070643424987793, "max": 3.070643424987793, "mean": 3.070643424987793, "count": 2, "std": 0.0, "range": 0.0 }, "geometry": { "type": "Polygon", "coordinates": [ [ [ 721600.0, 6180900.0 ], [ 721700.0, 6180900.0 ], [ 721800.0, 6180900.0 ], [ 721800.0, 6180800.0 ], [ 721700.0, 6180800.0 ], [ 721600.0, 6180800.0 ], [ 721600.0, 6180900.0 ] ] ] } },
{ "type": "Feature", "properties": { "Shape_Area": 30000.0, "Shape_Leng": 800.0, "cluster_id": "101_631", "fid_1": 631.0, "id_munic": 631.0, "munic_clus": "101_631", "munic_code": 101.0, "min": 3.1547818183898926, "max": 3.1547818183898926, "mean": 3.1547819773356118, "count": 3, "std": 1.5894571925301193e-07, "range": 0.0 }, "geometry": { "type": "Polygon", "coordinates": [ [ [ 723000.0, 6176800.0 ], [ 723100.0, 6176800.0 ], [ 723200.0, 6176800.0 ], [ 723300.0, 6176800.0 ], [ 723300.0, 6176700.0 ], [ 723200.0, 6176700.0 ], [ 723100.0, 6176700.0 ], [ 723000.0, 6176700.0 ], [ 723000.0, 6176800.0 ] ] ] } },
{ "type": "Feature", "properties": { "Shape_Area": 20000.0, "Shape_Leng": 600.0, "cluster_id": "101_632", "fid_1": 632.0, "id_munic": 632.0, "munic_clus": "101_632", "munic_code": 101.0, "min": 3.6994338035583496, "max": 3.6994338035583496, "mean": 3.6994338035583496, "count": 2, "std": 0.0, "range": 0.0 }, "geometry": { "type": "Polygon", "coordinates": [ [ [ 722200.0, 6180800.0 ], [ 722200.0, 6180900.0 ], [ 722300.0, 6180900.0 ], [ 722300.0, 6180800.0 ], [ 722300.0, 6180700.0 ], [ 722200.0, 6180700.0 ], [ 722200.0, 6180800.0 ] ] ] } },
{ "type": "Feature", "properties": { "Shape_Area": 40000.0, "Shape_Leng": 800.0, "cluster_id": "101_633", "fid_1": 633.0, "id_munic": 633.0, "munic_clus": "101_633", "munic_code": 101.0, "min": 3.2110960483551025, "max": 3.2110960483551025, "mean": 3.2110960483551025, "count": 4, "std": 0.0, "range": 0.0 }, "geometry": { "type": "Polygon", "coordinates": [ [ [ 722200.0, 6180600.0 ], [ 722100.0, 6180600.0 ], [ 722000.0, 6180600.0 ], [ 722000.0, 6180700.0 ], [ 722000.0, 6180800.0 ], [ 722100.0, 6180800.0 ], [ 722200.0, 6180800.0 ], [ 722200.0, 6180700.0 ], [ 722200.0, 6180600.0 ] ] ] } },
{ "type": "Feature", "properties": { "Shape_Area": 20000.0, "Shape_Leng": 600.0, "cluster_id": "101_634", "fid_1": 634.0, "id_munic": 634.0, "munic_clus": "101_634", "munic_code": 101.0, "min": 3.1734423637390137, "max": 3.1734423637390137, "mean": 3.1734423637390137, "count": 2, "std": 0.0, "range": 0.0 }, "geometry": { "type": "Polygon", "coordinates": [ [ [ 722000.0, 6180900.0 ], [ 722100.0, 6180900.0 ], [ 722200.0, 6180900.0 ], [ 722200.0, 6180800.0 ], [ 722100.0, 6180800.0 ], [ 722000.0, 6180800.0 ], [ 722000.0, 6180900.0 ] ] ] } },
{ "type": "Feature", "properties": { "Shape_Area": 50000.0, "Shape_Leng": 1000.0, "cluster_id": "101_635", "fid_1": 635.0, "id_munic": 635.0, "munic_clus": "101_635", "munic_code": 101.0, "min": 2.4296903610229492, "max": 2.4296903610229492, "mean": 2.4296903610229492, "count": 5, "std": 0.0, "range": 0.0 }, "geometry": { "type": "Polygon", "coordinates": [ [ [ 722100.0, 6180300.0 ], [ 722000.0, 6180300.0 ], [ 721900.0, 6180300.0 ], [ 721900.0, 6180400.0 ], [ 721900.0, 6180500.0 ], [ 721900.0, 6180600.0 ], [ 722000.0, 6180600.0 ], [ 722000.0, 6180500.0 ], [ 722100.0, 6180500.0 ], [ 722100.0, 6180400.0 ], [ 722100.0, 6180300.0 ] ] ] } },
{ "type": "Feature", "properties": { "Shape_Area": 40000.0, "Shape_Leng": 800.0, "cluster_id": "101_636", "fid_1": 636.0, "id_munic": 636.0, "munic_clus": "101_636", "munic_code": 101.0, "min": 3.9116964340209961, "max": 3.9116964340209961, "mean": 3.9116964340209961, "count": 4, "std": 0.0, "range": 0.0 }, "geometry": { "type": "Polygon", "coordinates": [ [ [ 722000.0, 6180700.0 ], [ 721900.0, 6180700.0 ], [ 721800.0, 6180700.0 ], [ 721800.0, 6180800.0 ], [ 721800.0, 6180900.0 ], [ 721900.0, 6180900.0 ], [ 722000.0, 6180900.0 ], [ 722000.0, 6180800.0 ], [ 722000.0, 6180700.0 ] ] ] } },
{ "type": "Feature", "properties": { "Shape_Area": 10000.0, "Shape_Leng": 400.0, "cluster_id": "101_637", "fid_1": 637.0, "id_munic": 637.0, "munic_clus": "101_637", "munic_code": 101.0, "min": 2.7300899028778076, "max": 2.7300899028778076, "mean": 2.7300899028778076, "count": 1, "std": 0.0, "range": 0.0 }, "geometry": { "type": "Polygon", "coordinates": [ [ [ 722200.0, 6180600.0 ], [ 722200.0, 6180700.0 ], [ 722300.0, 6180700.0 ], [ 722300.0, 6180600.0 ], [ 722200.0, 6180600.0 ] ] ] } },
{ "type": "Feature", "properties": { "Shape_Area": 80000.0, "Shape_Leng": 1200.0, "cluster_id": "101_638", "fid_1": 638.0, "id_munic": 638.0, "munic_clus": "101_638", "munic_code": 101.0, "min": 3.899033784866333, "max": 3.899033784866333, "mean": 3.899033784866333, "count": 8, "std": 0.0, "range": 0.0 }, "geometry": { "type": "Polygon", "coordinates": [ [ [ 722400.0, 6180600.0 ], [ 722300.0, 6180600.0 ], [ 722300.0, 6180700.0 ], [ 722300.0, 6180800.0 ], [ 722300.0, 6180900.0 ], [ 722400.0, 6180900.0 ], [ 722500.0, 6180900.0 ], [ 722600.0, 6180900.0 ], [ 722600.0, 6180800.0 ], [ 722600.0, 6180700.0 ], [ 722500.0, 6180700.0 ], [ 722500.0, 6180600.0 ], [ 722400.0, 6180600.0 ] ] ] } },
{ "type": "Feature", "properties": { "Shape_Area": 20000.0, "Shape_Leng": 600.0, "cluster_id": "101_639", "fid_1": 639.0, "id_munic": 639.0, "munic_clus": "101_639", "munic_code": 101.0, "min": 3.3127295970916748, "max": 3.3127295970916748, "mean": 3.3127295970916748, "count": 2, "std": 0.0, "range": 0.0 }, "geometry": { "type": "Polygon", "coordinates": [ [ [ 721800.0, 6180700.0 ], [ 721900.0, 6180700.0 ], [ 722000.0, 6180700.0 ], [ 722000.0, 6180600.0 ], [ 721900.0, 6180600.0 ], [ 721800.0, 6180600.0 ], [ 721800.0, 6180700.0 ] ] ] } },
{ "type": "Feature", "properties": { "Shape_Area": 40000.0, "Shape_Leng": 1000.0, "cluster_id": "101_640", "fid_1": 640.0, "id_munic": 640.0, "munic_clus": "101_640", "munic_code": 101.0, "min": 3.4420194625854492, "max": 3.4420194625854492, "mean": 3.4420194625854492, "count": 4, "std": 0.0, "range": 0.0 }, "geometry": { "type": "Polygon", "coordinates": [ [ [ 722200.0, 6178600.0 ], [ 722300.0, 6178600.0 ], [ 722300.0, 6178500.0 ], [ 722200.0, 6178500.0 ], [ 722100.0, 6178500.0 ], [ 722000.0, 6178500.0 ], [ 722000.0, 6178600.0 ], [ 722000.0, 6178700.0 ], [ 722100.0, 6178700.0 ], [ 722100.0, 6178600.0 ], [ 722200.0, 6178600.0 ] ] ] } },
{ "type": "Feature", "properties": { "Shape_Area": 40000.0, "Shape_Leng": 1000.0, "cluster_id": "101_641", "fid_1": 641.0, "id_munic": 641.0, "munic_clus": "101_641", "munic_code": 101.0, "min": 3.2757415771484375, "max": 3.2757415771484375, "mean": 3.2757415771484375, "count": 4, "std": 0.0, "range": 0.0 }, "geometry": { "type": "Polygon", "coordinates": [ [ [ 720900.0, 6179500.0 ], [ 720800.0, 6179500.0 ], [ 720800.0, 6179600.0 ], [ 720700.0, 6179600.0 ], [ 720700.0, 6179700.0 ], [ 720700.0, 6179800.0 ], [ 720800.0, 6179800.0 ], [ 720800.0, 6179700.0 ], [ 720900.0, 6179700.0 ], [ 720900.0, 6179600.0 ], [ 720900.0, 6179500.0 ] ] ] } },
{ "type": "Feature", "properties": { "Shape_Area": 40000.0, "Shape_Leng": 1000.0, "cluster_id": "101_642", "fid_1": 642.0, "id_munic": 642.0, "munic_clus": "101_642", "munic_code": 101.0, "min": 2.5223262310028076, "max": 2.5223262310028076, "mean": 2.5223262310028076, "count": 4, "std": 0.0, "range": 0.0 }, "geometry": { "type": "Polygon", "coordinates": [ [ [ 717800.0, 6179500.0 ], [ 717900.0, 6179500.0 ], [ 718000.0, 6179500.0 ], [ 718100.0, 6179500.0 ], [ 718100.0, 6179400.0 ], [ 718000.0, 6179400.0 ], [ 717900.0, 6179400.0 ], [ 717900.0, 6179300.0 ], [ 717800.0, 6179300.0 ], [ 717800.0, 6179400.0 ], [ 717800.0, 6179500.0 ] ] ] } },
{ "type": "Feature", "properties": { "Shape_Area": 20000.0, "Shape_Leng": 600.0, "cluster_id": "101_643", "fid_1": 643.0, "id_munic": 643.0, "munic_clus": "101_643", "munic_code": 101.0, "min": 3.3505499362945557, "max": 3.3505499362945557, "mean": 3.3505499362945557, "count": 2, "std": 0.0, "range": 0.0 }, "geometry": { "type": "Polygon", "coordinates": [ [ [ 718800.0, 6174200.0 ], [ 718900.0, 6174200.0 ], [ 719000.0, 6174200.0 ], [ 719000.0, 6174100.0 ], [ 718900.0, 6174100.0 ], [ 718800.0, 6174100.0 ], [ 718800.0, 6174200.0 ] ] ] } },
{ "type": "Feature", "properties": { "Shape_Area": 60000.0, "Shape_Leng": 1000.0, "cluster_id": "101_644", "fid_1": 644.0, "id_munic": 644.0, "munic_clus": "101_644", "munic_code": 101.0, "min": 2.9030327796936035, "max": 2.9030327796936035, "mean": 2.9030326207478843, "count": 6, "std": 1.5894571925301193e-07, "range": 0.0 }, "geometry": { "type": "Polygon", "coordinates": [ [ [ 719100.0, 6173800.0 ], [ 719000.0, 6173800.0 ], [ 718900.0, 6173800.0 ], [ 718800.0, 6173800.0 ], [ 718800.0, 6173900.0 ], [ 718800.0, 6174000.0 ], [ 718900.0, 6174000.0 ], [ 719000.0, 6174000.0 ], [ 719100.0, 6174000.0 ], [ 719100.0, 6173900.0 ], [ 719100.0, 6173800.0 ] ] ] } },
{ "type": "Feature", "properties": { "Shape_Area": 20000.0, "Shape_Leng": 600.0, "cluster_id": "101_645", "fid_1": 645.0, "id_munic": 645.0, "munic_clus": "101_645", "munic_code": 101.0, "min": 3.1924362182617188, "max": 3.1924362182617188, "mean": 3.1924362182617188, "count": 2, "std": 0.0, "range": 0.0 }, "geometry": { "type": "Polygon", "coordinates": [ [ [ 720200.0, 6172200.0 ], [ 720300.0, 6172200.0 ], [ 720400.0, 6172200.0 ], [ 720400.0, 6172100.0 ], [ 720300.0, 6172100.0 ], [ 720200.0, 6172100.0 ], [ 720200.0, 6172200.0 ] ] ] } },
{ "type": "Feature", "properties": { "Shape_Area": 30000.0, "Shape_Leng": 800.0, "cluster_id": "101_646", "fid_1": 646.0, "id_munic": 646.0, "munic_clus": "101_646", "munic_code": 101.0, "min": 2.6957683563232422, "max": 2.6957683563232422, "mean": 2.6957683563232422, "count": 3, "std": 0.0, "range": 0.0 }, "geometry": { "type": "Polygon", "coordinates": [ [ [ 720300.0, 6172800.0 ], [ 720400.0, 6172800.0 ], [ 720500.0, 6172800.0 ], [ 720600.0, 6172800.0 ], [ 720600.0, 6172700.0 ], [ 720500.0, 6172700.0 ], [ 720400.0, 6172700.0 ], [ 720300.0, 6172700.0 ], [ 720300.0, 6172800.0 ] ] ] } },
{ "type": "Feature", "properties": { "Shape_Area": 40000.0, "Shape_Leng": 1000.0, "cluster_id": "101_647", "fid_1": 647.0, "id_munic": 647.0, "munic_clus": "101_647", "munic_code": 101.0, "min": 3.6559476852416992, "max": 3.6559476852416992, "mean": 3.6559476852416992, "count": 4, "std": 0.0, "range": 0.0 }, "geometry": { "type": "Polygon", "coordinates": [ [ [ 720200.0, 6172300.0 ], [ 720100.0, 6172300.0 ], [ 720100.0, 6172400.0 ], [ 720000.0, 6172400.0 ], [ 720000.0, 6172500.0 ], [ 720100.0, 6172500.0 ], [ 720100.0, 6172600.0 ], [ 720200.0, 6172600.0 ], [ 720200.0, 6172500.0 ], [ 720200.0, 6172400.0 ], [ 720200.0, 6172300.0 ] ] ] } },
{ "type": "Feature", "properties": { "Shape_Area": 50000.0, "Shape_Leng": 1200.0, "cluster_id": "101_648", "fid_1": 648.0, "id_munic": 648.0, "munic_clus": "101_648", "munic_code": 101.0, "min": 3.2714102268218994, "max": 3.2714102268218994, "mean": 3.2714103698730468, "count": 5, "std": 1.4305114737211966e-07, "range": 0.0 }, "geometry": { "type": "Polygon", "coordinates": [ [ [ 720200.0, 6172300.0 ], [ 720200.0, 6172200.0 ], [ 720100.0, 6172200.0 ], [ 720000.0, 6172200.0 ], [ 720000.0, 6172300.0 ], [ 719900.0, 6172300.0 ], [ 719900.0, 6172400.0 ], [ 719900.0, 6172500.0 ], [ 720000.0, 6172500.0 ], [ 720000.0, 6172400.0 ], [ 720100.0, 6172400.0 ], [ 720100.0, 6172300.0 ], [ 720200.0, 6172300.0 ] ] ] } },
{ "type": "Feature", "properties": { "Shape_Area": 60000.0, "Shape_Leng": 1000.0, "cluster_id": "101_649", "fid_1": 649.0, "id_munic": 649.0, "munic_clus": "101_649", "munic_code": 101.0, "min": 3.2959017753601074, "max": 3.2959017753601074, "mean": 3.2959019343058267, "count": 6, "std": 1.5894571925301193e-07, "range": 0.0 }, "geometry": { "type": "Polygon", "coordinates": [ [ [ 720500.0, 6172200.0 ], [ 720400.0, 6172200.0 ], [ 720300.0, 6172200.0 ], [ 720200.0, 6172200.0 ], [ 720200.0, 6172300.0 ], [ 720200.0, 6172400.0 ], [ 720300.0, 6172400.0 ], [ 720400.0, 6172400.0 ], [ 720500.0, 6172400.0 ], [ 720500.0, 6172300.0 ], [ 720500.0, 6172200.0 ] ] ] } },
{ "type": "Feature", "properties": { "Shape_Area": 10000.0, "Shape_Leng": 400.0, "cluster_id": "101_650", "fid_1": 650.0, "id_munic": 650.0, "munic_clus": "101_650", "munic_code": 101.0, "min": 4.1362886428833008, "max": 4.1362886428833008, "mean": 4.1362886428833008, "count": 1, "std": 0.0, "range": 0.0 }, "geometry": { "type": "Polygon", "coordinates": [ [ [ 723000.0, 6176900.0 ], [ 723000.0, 6177000.0 ], [ 723100.0, 6177000.0 ], [ 723100.0, 6176900.0 ], [ 723000.0, 6176900.0 ] ] ] } },
{ "type": "Feature", "properties": { "Shape_Area": 10000.0, "Shape_Leng": 400.0, "cluster_id": "101_651", "fid_1": 651.0, "id_munic": 651.0, "munic_clus": "101_651", "munic_code": 101.0, "min": 3.1211264133453369, "max": 3.1211264133453369, "mean": 3.1211264133453369, "count": 1, "std": 0.0, "range": 0.0 }, "geometry": { "type": "Polygon", "coordinates": [ [ [ 722900.0, 6177000.0 ], [ 722900.0, 6177100.0 ], [ 723000.0, 6177100.0 ], [ 723000.0, 6177000.0 ], [ 722900.0, 6177000.0 ] ] ] } },
{ "type": "Feature", "properties": { "Shape_Area": 20000.0, "Shape_Leng": 600.0, "cluster_id": "101_652", "fid_1": 652.0, "id_munic": 652.0, "munic_clus": "101_652", "munic_code": 101.0, "min": 2.7454185485839844, "max": 2.7454185485839844, "mean": 2.7454185485839844, "count": 2, "std": 0.0, "range": 0.0 }, "geometry": { "type": "Polygon", "coordinates": [ [ [ 719600.0, 6172700.0 ], [ 719600.0, 6172800.0 ], [ 719700.0, 6172800.0 ], [ 719700.0, 6172700.0 ], [ 719700.0, 6172600.0 ], [ 719600.0, 6172600.0 ], [ 719600.0, 6172700.0 ] ] ] } },
{ "type": "Feature", "properties": { "Shape_Area": 20000.0, "Shape_Leng": 600.0, "cluster_id": "101_653", "fid_1": 653.0, "id_munic": 653.0, "munic_clus": "101_653", "munic_code": 101.0, "min": 3.9798405170440674, "max": 3.9798405170440674, "mean": 3.9798405170440674, "count": 2, "std": 0.0, "range": 0.0 }, "geometry": { "type": "Polygon", "coordinates": [ [ [ 719500.0, 6172900.0 ], [ 719500.0, 6173000.0 ], [ 719600.0, 6173000.0 ], [ 719600.0, 6172900.0 ], [ 719600.0, 6172800.0 ], [ 719500.0, 6172800.0 ], [ 719500.0, 6172900.0 ] ] ] } },
{ "type": "Feature", "properties": { "Shape_Area": 10000.0, "Shape_Leng": 400.0, "cluster_id": "101_654", "fid_1": 654.0, "id_munic": 654.0, "munic_clus": "101_654", "munic_code": 101.0, "min": 3.2294237613677979, "max": 3.2294237613677979, "mean": 3.2294237613677979, "count": 1, "std": 0.0, "range": 0.0 }, "geometry": { "type": "Polygon", "coordinates": [ [ [ 720100.0, 6172600.0 ], [ 720100.0, 6172700.0 ], [ 720200.0, 6172700.0 ], [ 720200.0, 6172600.0 ], [ 720100.0, 6172600.0 ] ] ] } },
{ "type": "Feature", "properties": { "Shape_Area": 30000.0, "Shape_Leng": 800.0, "cluster_id": "101_655", "fid_1": 655.0, "id_munic": 655.0, "munic_clus": "101_655", "munic_code": 101.0, "min": 2.7579138278961182, "max": 2.7579138278961182, "mean": 2.757913907368978, "count": 3, "std": 7.947285984855057e-08, "range": 0.0 }, "geometry": { "type": "Polygon", "coordinates": [ [ [ 719900.0, 6172800.0 ], [ 719800.0, 6172800.0 ], [ 719800.0, 6172900.0 ], [ 719900.0, 6172900.0 ], [ 720000.0, 6172900.0 ], [ 720000.0, 6172800.0 ], [ 720000.0, 6172700.0 ], [ 719900.0, 6172700.0 ], [ 719900.0, 6172800.0 ] ] ] } },
{ "type": "Feature", "properties": { "Shape_Area": 10000.0, "Shape_Leng": 400.0, "cluster_id": "101_656", "fid_1": 656.0, "id_munic": 656.0, "munic_clus": "101_656", "munic_code": 101.0, "min": 3.6257915496826172, "max": 3.6257915496826172, "mean": 3.6257915496826172, "count": 1, "std": 0.0, "range": 0.0 }, "geometry": { "type": "Polygon", "coordinates": [ [ [ 720500.0, 6172500.0 ], [ 720500.0, 6172600.0 ], [ 720600.0, 6172600.0 ], [ 720600.0, 6172500.0 ], [ 720500.0, 6172500.0 ] ] ] } },
{ "type": "Feature", "properties": { "Shape_Area": 10000.0, "Shape_Leng": 400.0, "cluster_id": "101_657", "fid_1": 657.0, "id_munic": 657.0, "munic_clus": "101_657", "munic_code": 101.0, "min": 4.1262922286987305, "max": 4.1262922286987305, "mean": 4.1262922286987305, "count": 1, "std": 0.0, "range": 0.0 }, "geometry": { "type": "Polygon", "coordinates": [ [ [ 721100.0, 6178400.0 ], [ 721100.0, 6178500.0 ], [ 721200.0, 6178500.0 ], [ 721200.0, 6178400.0 ], [ 721100.0, 6178400.0 ] ] ] } },
{ "type": "Feature", "properties": { "Shape_Area": 20000.0, "Shape_Leng": 600.0, "cluster_id": "101_658", "fid_1": 658.0, "id_munic": 658.0, "munic_clus": "101_658", "munic_code": 101.0, "min": 2.9008665084838867, "max": 2.9008665084838867, "mean": 2.9008665084838867, "count": 2, "std": 0.0, "range": 0.0 }, "geometry": { "type": "Polygon", "coordinates": [ [ [ 721200.0, 6178100.0 ], [ 721300.0, 6178100.0 ], [ 721400.0, 6178100.0 ], [ 721400.0, 6178000.0 ], [ 721300.0, 6178000.0 ], [ 721200.0, 6178000.0 ], [ 721200.0, 6178100.0 ] ] ] } },
{ "type": "Feature", "properties": { "Shape_Area": 50000.0, "Shape_Leng": 1200.0, "cluster_id": "101_659", "fid_1": 659.0, "id_munic": 659.0, "munic_clus": "101_659", "munic_code": 101.0, "min": 3.0569813251495361, "max": 3.0569813251495361, "mean": 3.0569812774658205, "count": 5, "std": 4.7683715642676816e-08, "range": 0.0 }, "geometry": { "type": "Polygon", "coordinates": [ [ [ 720800.0, 6177900.0 ], [ 720800.0, 6178000.0 ], [ 720900.0, 6178000.0 ], [ 720900.0, 6178100.0 ], [ 721000.0, 6178100.0 ], [ 721000.0, 6178000.0 ], [ 721000.0, 6177900.0 ], [ 720900.0, 6177900.0 ], [ 720900.0, 6177800.0 ], [ 720800.0, 6177800.0 ], [ 720700.0, 6177800.0 ], [ 720700.0, 6177900.0 ], [ 720800.0, 6177900.0 ] ] ] } },
{ "type": "Feature", "properties": { "Shape_Area": 30000.0, "Shape_Leng": 800.0, "cluster_id": "101_660", "fid_1": 660.0, "id_munic": 660.0, "munic_clus": "101_660", "munic_code": 101.0, "min": 3.1637787818908691, "max": 3.1637787818908691, "mean": 3.1637789408365884, "count": 3, "std": 1.5894571925301193e-07, "range": 0.0 }, "geometry": { "type": "Polygon", "coordinates": [ [ [ 721300.0, 6178000.0 ], [ 721400.0, 6178000.0 ], [ 721400.0, 6178100.0 ], [ 721500.0, 6178100.0 ], [ 721500.0, 6178000.0 ], [ 721500.0, 6177900.0 ], [ 721400.0, 6177900.0 ], [ 721300.0, 6177900.0 ], [ 721300.0, 6178000.0 ] ] ] } },
{ "type": "Feature", "properties": { "Shape_Area": 10000.0, "Shape_Leng": 400.0, "cluster_id": "101_661", "fid_1": 661.0, "id_munic": 661.0, "munic_clus": "101_661", "munic_code": 101.0, "min": 3.7659118175506592, "max": 3.7659118175506592, "mean": 3.7659118175506592, "count": 1, "std": 0.0, "range": 0.0 }, "geometry": { "type": "Polygon", "coordinates": [ [ [ 721100.0, 6178300.0 ], [ 721100.0, 6178400.0 ], [ 721200.0, 6178400.0 ], [ 721200.0, 6178300.0 ], [ 721100.0, 6178300.0 ] ] ] } },
{ "type": "Feature", "properties": { "Shape_Area": 10000.0, "Shape_Leng": 400.0, "cluster_id": "101_662", "fid_1": 662.0, "id_munic": 662.0, "munic_clus": "101_662", "munic_code": 101.0, "min": 2.7395873069763184, "max": 2.7395873069763184, "mean": 2.7395873069763184, "count": 1, "std": 0.0, "range": 0.0 }, "geometry": { "type": "Polygon", "coordinates": [ [ [ 721300.0, 6178100.0 ], [ 721300.0, 6178200.0 ], [ 721400.0, 6178200.0 ], [ 721400.0, 6178100.0 ], [ 721300.0, 6178100.0 ] ] ] } },
{ "type": "Feature", "properties": { "Shape_Area": 20000.0, "Shape_Leng": 600.0, "cluster_id": "101_663", "fid_1": 663.0, "id_munic": 663.0, "munic_clus": "101_663", "munic_code": 101.0, "min": 4.0154953002929688, "max": 4.0154953002929688, "mean": 4.0154953002929688, "count": 2, "std": 0.0, "range": 0.0 }, "geometry": { "type": "Polygon", "coordinates": [ [ [ 720900.0, 6178200.0 ], [ 721000.0, 6178200.0 ], [ 721100.0, 6178200.0 ], [ 721100.0, 6178100.0 ], [ 721000.0, 6178100.0 ], [ 720900.0, 6178100.0 ], [ 720900.0, 6178200.0 ] ] ] } },
{ "type": "Feature", "properties": { "Shape_Area": 20000.0, "Shape_Leng": 600.0, "cluster_id": "101_664", "fid_1": 664.0, "id_munic": 664.0, "munic_clus": "101_664", "munic_code": 101.0, "min": 2.760246753692627, "max": 2.760246753692627, "mean": 2.760246753692627, "count": 2, "std": 0.0, "range": 0.0 }, "geometry": { "type": "Polygon", "coordinates": [ [ [ 725000.0, 6179000.0 ], [ 725100.0, 6179000.0 ], [ 725200.0, 6179000.0 ], [ 725200.0, 6178900.0 ], [ 725100.0, 6178900.0 ], [ 725000.0, 6178900.0 ], [ 725000.0, 6179000.0 ] ] ] } },
{ "type": "Feature", "properties": { "Shape_Area": 20000.0, "Shape_Leng": 600.0, "cluster_id": "101_665", "fid_1": 665.0, "id_munic": 665.0, "munic_clus": "101_665", "munic_code": 101.0, "min": 3.8362216949462891, "max": 3.8362216949462891, "mean": 3.8362216949462891, "count": 2, "std": 0.0, "range": 0.0 }, "geometry": { "type": "Polygon", "coordinates": [ [ [ 725200.0, 6179200.0 ], [ 725200.0, 6179300.0 ], [ 725300.0, 6179300.0 ], [ 725300.0, 6179200.0 ], [ 725300.0, 6179100.0 ], [ 725200.0, 6179100.0 ], [ 725200.0, 6179200.0 ] ] ] } },
{ "type": "Feature", "properties": { "Shape_Area": 10000.0, "Shape_Leng": 400.0, "cluster_id": "101_666", "fid_1": 666.0, "id_munic": 666.0, "munic_clus": "101_666", "munic_code": 101.0, "min": 2.7754087448120117, "max": 2.7754087448120117, "mean": 2.7754087448120117, "count": 1, "std": 0.0, "range": 0.0 }, "geometry": { "type": "Polygon", "coordinates": [ [ [ 725200.0, 6178900.0 ], [ 725200.0, 6179000.0 ], [ 725300.0, 6179000.0 ], [ 725300.0, 6178900.0 ], [ 725200.0, 6178900.0 ] ] ] } },
{ "type": "Feature", "properties": { "Shape_Area": 10000.0, "Shape_Leng": 400.0, "cluster_id": "101_667", "fid_1": 667.0, "id_munic": 667.0, "munic_clus": "101_667", "munic_code": 101.0, "min": 2.5848054885864258, "max": 2.5848054885864258, "mean": 2.5848054885864258, "count": 1, "std": 0.0, "range": 0.0 }, "geometry": { "type": "Polygon", "coordinates": [ [ [ 725300.0, 6178900.0 ], [ 725300.0, 6179000.0 ], [ 725400.0, 6179000.0 ], [ 725400.0, 6178900.0 ], [ 725300.0, 6178900.0 ] ] ] } },
{ "type": "Feature", "properties": { "Shape_Area": 20000.0, "Shape_Leng": 600.0, "cluster_id": "101_668", "fid_1": 668.0, "id_munic": 668.0, "munic_clus": "101_668", "munic_code": 101.0, "min": 2.9008665084838867, "max": 2.9008665084838867, "mean": 2.9008665084838867, "count": 2, "std": 0.0, "range": 0.0 }, "geometry": { "type": "Polygon", "coordinates": [ [ [ 723100.0, 6177000.0 ], [ 723200.0, 6177000.0 ], [ 723300.0, 6177000.0 ], [ 723300.0, 6176900.0 ], [ 723200.0, 6176900.0 ], [ 723100.0, 6176900.0 ], [ 723100.0, 6177000.0 ] ] ] } },
{ "type": "Feature", "properties": { "Shape_Area": 20000.0, "Shape_Leng": 600.0, "cluster_id": "101_669", "fid_1": 669.0, "id_munic": 669.0, "munic_clus": "101_669", "munic_code": 101.0, "min": 3.0611462593078613, "max": 3.0611462593078613, "mean": 3.0611462593078613, "count": 2, "std": 0.0, "range": 0.0 }, "geometry": { "type": "Polygon", "coordinates": [ [ [ 722500.0, 6174500.0 ], [ 722600.0, 6174500.0 ], [ 722700.0, 6174500.0 ], [ 722700.0, 6174400.0 ], [ 722600.0, 6174400.0 ], [ 722500.0, 6174400.0 ], [ 722500.0, 6174500.0 ] ] ] } },
{ "type": "Feature", "properties": { "Shape_Area": 30000.0, "Shape_Leng": 800.0, "cluster_id": "101_670", "fid_1": 670.0, "id_munic": 670.0, "munic_clus": "101_670", "munic_code": 101.0, "min": 3.1792736053466797, "max": 3.1792736053466797, "mean": 3.1792736053466797, "count": 3, "std": 0.0, "range": 0.0 }, "geometry": { "type": "Polygon", "coordinates": [ [ [ 725000.0, 6178800.0 ], [ 725000.0, 6178900.0 ], [ 725100.0, 6178900.0 ], [ 725200.0, 6178900.0 ], [ 725200.0, 6178800.0 ], [ 725100.0, 6178800.0 ], [ 725100.0, 6178700.0 ], [ 725000.0, 6178700.0 ], [ 725000.0, 6178800.0 ] ] ] } },
{ "type": "Feature", "properties": { "Shape_Area": 20000.0, "Shape_Leng": 600.0, "cluster_id": "101_671", "fid_1": 671.0, "id_munic": 671.0, "munic_clus": "101_671", "munic_code": 101.0, "min": 2.7252585887908936, "max": 2.7252585887908936, "mean": 2.7252585887908936, "count": 2, "std": 0.0, "range": 0.0 }, "geometry": { "type": "Polygon", "coordinates": [ [ [ 725200.0, 6179100.0 ], [ 725300.0, 6179100.0 ], [ 725400.0, 6179100.0 ], [ 725400.0, 6179000.0 ], [ 725300.0, 6179000.0 ], [ 725200.0, 6179000.0 ], [ 725200.0, 6179100.0 ] ] ] } },
{ "type": "Feature", "properties": { "Shape_Area": 10000.0, "Shape_Leng": 400.0, "cluster_id": "101_672", "fid_1": 672.0, "id_munic": 672.0, "munic_clus": "101_672", "munic_code": 101.0, "min": 3.8453850746154785, "max": 3.8453850746154785, "mean": 3.8453850746154785, "count": 1, "std": 0.0, "range": 0.0 }, "geometry": { "type": "Polygon", "coordinates": [ [ [ 722800.0, 6177600.0 ], [ 722800.0, 6177700.0 ], [ 722900.0, 6177700.0 ], [ 722900.0, 6177600.0 ], [ 722800.0, 6177600.0 ] ] ] } },
{ "type": "Feature", "properties": { "Shape_Area": 10000.0, "Shape_Leng": 400.0, "cluster_id": "101_673", "fid_1": 673.0, "id_munic": 673.0, "munic_clus": "101_673", "munic_code": 101.0, "min": 3.1224594116210938, "max": 3.1224594116210938, "mean": 3.1224594116210938, "count": 1, "std": 0.0, "range": 0.0 }, "geometry": { "type": "Polygon", "coordinates": [ [ [ 722700.0, 6177700.0 ], [ 722700.0, 6177800.0 ], [ 722800.0, 6177800.0 ], [ 722800.0, 6177700.0 ], [ 722700.0, 6177700.0 ] ] ] } },
{ "type": "Feature", "properties": { "Shape_Area": 10000.0, "Shape_Leng": 400.0, "cluster_id": "101_674", "fid_1": 674.0, "id_munic": 674.0, "munic_clus": "101_674", "munic_code": 101.0, "min": 4.152949333190918, "max": 4.152949333190918, "mean": 4.152949333190918, "count": 1, "std": 0.0, "range": 0.0 }, "geometry": { "type": "Polygon", "coordinates": [ [ [ 722800.0, 6177700.0 ], [ 722800.0, 6177800.0 ], [ 722900.0, 6177800.0 ], [ 722900.0, 6177700.0 ], [ 722800.0, 6177700.0 ] ] ] } },
{ "type": "Feature", "properties": { "Shape_Area": 10000.0, "Shape_Leng": 400.0, "cluster_id": "101_675", "fid_1": 675.0, "id_munic": 675.0, "munic_clus": "101_675", "munic_code": 101.0, "min": 3.36704421043396, "max": 3.36704421043396, "mean": 3.36704421043396, "count": 1, "std": 0.0, "range": 0.0 }, "geometry": { "type": "Polygon", "coordinates": [ [ [ 722800.0, 6177800.0 ], [ 722800.0, 6177900.0 ], [ 722900.0, 6177900.0 ], [ 722900.0, 6177800.0 ], [ 722800.0, 6177800.0 ] ] ] } },
{ "type": "Feature", "properties": { "Shape_Area": 10000.0, "Shape_Leng": 400.0, "cluster_id": "101_676", "fid_1": 676.0, "id_munic": 676.0, "munic_clus": "101_676", "munic_code": 101.0, "min": 2.3157284259796143, "max": 2.3157284259796143, "mean": 2.3157284259796143, "count": 1, "std": 0.0, "range": 0.0 }, "geometry": { "type": "Polygon", "coordinates": [ [ [ 722600.0, 6177200.0 ], [ 722600.0, 6177300.0 ], [ 722700.0, 6177300.0 ], [ 722700.0, 6177200.0 ], [ 722600.0, 6177200.0 ] ] ] } },
{ "type": "Feature", "properties": { "Shape_Area": 10000.0, "Shape_Leng": 400.0, "cluster_id": "101_677", "fid_1": 677.0, "id_munic": 677.0, "munic_clus": "101_677", "munic_code": 101.0, "min": 2.3150618076324463, "max": 2.3150618076324463, "mean": 2.3150618076324463, "count": 1, "std": 0.0, "range": 0.0 }, "geometry": { "type": "Polygon", "coordinates": [ [ [ 722500.0, 6177300.0 ], [ 722500.0, 6177400.0 ], [ 722600.0, 6177400.0 ], [ 722600.0, 6177300.0 ], [ 722500.0, 6177300.0 ] ] ] } },
{ "type": "Feature", "properties": { "Shape_Area": 20000.0, "Shape_Leng": 600.0, "cluster_id": "101_678", "fid_1": 678.0, "id_munic": 678.0, "munic_clus": "101_678", "munic_code": 101.0, "min": 3.1101303100585938, "max": 3.1101303100585938, "mean": 3.1101303100585938, "count": 2, "std": 0.0, "range": 0.0 }, "geometry": { "type": "Polygon", "coordinates": [ [ [ 722500.0, 6177600.0 ], [ 722600.0, 6177600.0 ], [ 722700.0, 6177600.0 ], [ 722700.0, 6177500.0 ], [ 722600.0, 6177500.0 ], [ 722500.0, 6177500.0 ], [ 722500.0, 6177600.0 ] ] ] } },
{ "type": "Feature", "properties": { "Shape_Area": 20000.0, "Shape_Leng": 600.0, "cluster_id": "101_679", "fid_1": 679.0, "id_munic": 679.0, "munic_clus": "101_679", "munic_code": 101.0, "min": 2.9601800441741943, "max": 2.9601800441741943, "mean": 2.9601800441741943, "count": 2, "std": 0.0, "range": 0.0 }, "geometry": { "type": "Polygon", "coordinates": [ [ [ 722600.0, 6177400.0 ], [ 722600.0, 6177500.0 ], [ 722700.0, 6177500.0 ], [ 722700.0, 6177400.0 ], [ 722700.0, 6177300.0 ], [ 722600.0, 6177300.0 ], [ 722600.0, 6177400.0 ] ] ] } },
{ "type": "Feature", "properties": { "Shape_Area": 20000.0, "Shape_Leng": 600.0, "cluster_id": "101_680", "fid_1": 680.0, "id_munic": 680.0, "munic_clus": "101_680", "munic_code": 101.0, "min": 2.8877043724060059, "max": 2.8877043724060059, "mean": 2.8877043724060059, "count": 2, "std": 0.0, "range": 0.0 }, "geometry": { "type": "Polygon", "coordinates": [ [ [ 722400.0, 6177800.0 ], [ 722400.0, 6177900.0 ], [ 722500.0, 6177900.0 ], [ 722500.0, 6177800.0 ], [ 722500.0, 6177700.0 ], [ 722400.0, 6177700.0 ], [ 722400.0, 6177800.0 ] ] ] } },
{ "type": "Feature", "properties": { "Shape_Area": 10000.0, "Shape_Leng": 400.0, "cluster_id": "101_681", "fid_1": 681.0, "id_munic": 681.0, "munic_clus": "101_681", "munic_code": 101.0, "min": 2.8502168655395508, "max": 2.8502168655395508, "mean": 2.8502168655395508, "count": 1, "std": 0.0, "range": 0.0 }, "geometry": { "type": "Polygon", "coordinates": [ [ [ 723600.0, 6176500.0 ], [ 723600.0, 6176600.0 ], [ 723700.0, 6176600.0 ], [ 723700.0, 6176500.0 ], [ 723600.0, 6176500.0 ] ] ] } },
{ "type": "Feature", "properties": { "Shape_Area": 20000.0, "Shape_Leng": 600.0, "cluster_id": "101_682", "fid_1": 682.0, "id_munic": 682.0, "munic_clus": "101_682", "munic_code": 101.0, "min": 4.1914372444152832, "max": 4.1914372444152832, "mean": 4.1914372444152832, "count": 2, "std": 0.0, "range": 0.0 }, "geometry": { "type": "Polygon", "coordinates": [ [ [ 722500.0, 6177800.0 ], [ 722600.0, 6177800.0 ], [ 722700.0, 6177800.0 ], [ 722700.0, 6177700.0 ], [ 722600.0, 6177700.0 ], [ 722500.0, 6177700.0 ], [ 722500.0, 6177800.0 ] ] ] } },
{ "type": "Feature", "properties": { "Shape_Area": 30000.0, "Shape_Leng": 800.0, "cluster_id": "101_683", "fid_1": 683.0, "id_munic": 683.0, "munic_clus": "101_683", "munic_code": 101.0, "min": 3.5164949893951416, "max": 3.5164949893951416, "mean": 3.5164950688680015, "count": 3, "std": 7.947285984855057e-08, "range": 0.0 }, "geometry": { "type": "Polygon", "coordinates": [ [ [ 722400.0, 6178000.0 ], [ 722400.0, 6178100.0 ], [ 722500.0, 6178100.0 ], [ 722600.0, 6178100.0 ], [ 722600.0, 6178000.0 ], [ 722500.0, 6178000.0 ], [ 722500.0, 6177900.0 ], [ 722400.0, 6177900.0 ], [ 722400.0, 6178000.0 ] ] ] } },
{ "type": "Feature", "properties": { "Shape_Area": 20000.0, "Shape_Leng": 600.0, "cluster_id": "101_684", "fid_1": 684.0, "id_munic": 684.0, "munic_clus": "101_684", "munic_code": 101.0, "min": 3.2652456760406494, "max": 3.2652456760406494, "mean": 3.2652456760406494, "count": 2, "std": 0.0, "range": 0.0 }, "geometry": { "type": "Polygon", "coordinates": [ [ [ 722600.0, 6178000.0 ], [ 722600.0, 6178100.0 ], [ 722700.0, 6178100.0 ], [ 722700.0, 6178000.0 ], [ 722700.0, 6177900.0 ], [ 722600.0, 6177900.0 ], [ 722600.0, 6178000.0 ] ] ] } },
{ "type": "Feature", "properties": { "Shape_Area": 30000.0, "Shape_Leng": 800.0, "cluster_id": "101_685", "fid_1": 685.0, "id_munic": 685.0, "munic_clus": "101_685", "munic_code": 101.0, "min": 3.1184604167938232, "max": 3.1184604167938232, "mean": 3.1184603373209634, "count": 3, "std": 7.947285984855057e-08, "range": 0.0 }, "geometry": { "type": "Polygon", "coordinates": [ [ [ 722500.0, 6177900.0 ], [ 722500.0, 6178000.0 ], [ 722600.0, 6178000.0 ], [ 722600.0, 6177900.0 ], [ 722700.0, 6177900.0 ], [ 722700.0, 6177800.0 ], [ 722600.0, 6177800.0 ], [ 722500.0, 6177800.0 ], [ 722500.0, 6177900.0 ] ] ] } },
{ "type": "Feature", "properties": { "Shape_Area": 10000.0, "Shape_Leng": 400.0, "cluster_id": "101_686", "fid_1": 686.0, "id_munic": 686.0, "munic_clus": "101_686", "munic_code": 101.0, "min": 3.2007668018341064, "max": 3.2007668018341064, "mean": 3.2007668018341064, "count": 1, "std": 0.0, "range": 0.0 }, "geometry": { "type": "Polygon", "coordinates": [ [ [ 722700.0, 6177900.0 ], [ 722700.0, 6178000.0 ], [ 722800.0, 6178000.0 ], [ 722800.0, 6177900.0 ], [ 722700.0, 6177900.0 ] ] ] } },
{ "type": "Feature", "properties": { "Shape_Area": 10000.0, "Shape_Leng": 400.0, "cluster_id": "101_687", "fid_1": 687.0, "id_munic": 687.0, "munic_clus": "101_687", "munic_code": 101.0, "min": 3.8487176895141602, "max": 3.8487176895141602, "mean": 3.8487176895141602, "count": 1, "std": 0.0, "range": 0.0 }, "geometry": { "type": "Polygon", "coordinates": [ [ [ 722700.0, 6177800.0 ], [ 722700.0, 6177900.0 ], [ 722800.0, 6177900.0 ], [ 722800.0, 6177800.0 ], [ 722700.0, 6177800.0 ] ] ] } },
{ "type": "Feature", "properties": { "Shape_Area": 10000.0, "Shape_Leng": 400.0, "cluster_id": "101_688", "fid_1": 688.0, "id_munic": 688.0, "munic_clus": "101_688", "munic_code": 101.0, "min": 3.5613138675689697, "max": 3.5613138675689697, "mean": 3.5613138675689697, "count": 1, "std": 0.0, "range": 0.0 }, "geometry": { "type": "Polygon", "coordinates": [ [ [ 722800.0, 6177500.0 ], [ 722800.0, 6177600.0 ], [ 722900.0, 6177600.0 ], [ 722900.0, 6177500.0 ], [ 722800.0, 6177500.0 ] ] ] } },
{ "type": "Feature", "properties": { "Shape_Area": 10000.0, "Shape_Leng": 400.0, "cluster_id": "101_689", "fid_1": 689.0, "id_munic": 689.0, "munic_clus": "101_689", "munic_code": 101.0, "min": 3.3125629425048828, "max": 3.3125629425048828, "mean": 3.3125629425048828, "count": 1, "std": 0.0, "range": 0.0 }, "geometry": { "type": "Polygon", "coordinates": [ [ [ 722700.0, 6177600.0 ], [ 722700.0, 6177700.0 ], [ 722800.0, 6177700.0 ], [ 722800.0, 6177600.0 ], [ 722700.0, 6177600.0 ] ] ] } },
{ "type": "Feature", "properties": { "Shape_Area": 10000.0, "Shape_Leng": 400.0, "cluster_id": "101_690", "fid_1": 690.0, "id_munic": 690.0, "munic_clus": "101_690", "munic_code": 101.0, "min": 3.6586143970489502, "max": 3.6586143970489502, "mean": 3.6586143970489502, "count": 1, "std": 0.0, "range": 0.0 }, "geometry": { "type": "Polygon", "coordinates": [ [ [ 722700.0, 6177500.0 ], [ 722700.0, 6177600.0 ], [ 722800.0, 6177600.0 ], [ 722800.0, 6177500.0 ], [ 722700.0, 6177500.0 ] ] ] } },
{ "type": "Feature", "properties": { "Shape_Area": 10000.0, "Shape_Leng": 400.0, "cluster_id": "101_691", "fid_1": 691.0, "id_munic": 691.0, "munic_clus": "101_691", "munic_code": 101.0, "min": 2.704099178314209, "max": 2.704099178314209, "mean": 2.704099178314209, "count": 1, "std": 0.0, "range": 0.0 }, "geometry": { "type": "Polygon", "coordinates": [ [ [ 722600.0, 6177600.0 ], [ 722600.0, 6177700.0 ], [ 722700.0, 6177700.0 ], [ 722700.0, 6177600.0 ], [ 722600.0, 6177600.0 ] ] ] } },
{ "type": "Feature", "properties": { "Shape_Area": 20000.0, "Shape_Leng": 600.0, "cluster_id": "101_692", "fid_1": 692.0, "id_munic": 692.0, "munic_clus": "101_692", "munic_code": 101.0, "min": 3.6787736415863037, "max": 3.6787736415863037, "mean": 3.6787736415863037, "count": 2, "std": 0.0, "range": 0.0 }, "geometry": { "type": "Polygon", "coordinates": [ [ [ 722700.0, 6177400.0 ], [ 722700.0, 6177500.0 ], [ 722800.0, 6177500.0 ], [ 722800.0, 6177400.0 ], [ 722800.0, 6177300.0 ], [ 722700.0, 6177300.0 ], [ 722700.0, 6177400.0 ] ] ] } },
{ "type": "Feature", "properties": { "Shape_Area": 10000.0, "Shape_Leng": 400.0, "cluster_id": "101_693", "fid_1": 693.0, "id_munic": 693.0, "munic_clus": "101_693", "munic_code": 101.0, "min": 3.0661449432373047, "max": 3.0661449432373047, "mean": 3.0661449432373047, "count": 1, "std": 0.0, "range": 0.0 }, "geometry": { "type": "Polygon", "coordinates": [ [ [ 722500.0, 6177400.0 ], [ 722500.0, 6177500.0 ], [ 722600.0, 6177500.0 ], [ 722600.0, 6177400.0 ], [ 722500.0, 6177400.0 ] ] ] } },
{ "type": "Feature", "properties": { "Shape_Area": 10000.0, "Shape_Leng": 400.0, "cluster_id": "101_694", "fid_1": 694.0, "id_munic": 694.0, "munic_clus": "101_694", "munic_code": 101.0, "min": 2.5521495342254639, "max": 2.5521495342254639, "mean": 2.5521495342254639, "count": 1, "std": 0.0, "range": 0.0 }, "geometry": { "type": "Polygon", "coordinates": [ [ [ 722400.0, 6177400.0 ], [ 722400.0, 6177500.0 ], [ 722500.0, 6177500.0 ], [ 722500.0, 6177400.0 ], [ 722400.0, 6177400.0 ] ] ] } },
{ "type": "Feature", "properties": { "Shape_Area": 20000.0, "Shape_Leng": 600.0, "cluster_id": "101_695", "fid_1": 695.0, "id_munic": 695.0, "munic_clus": "101_695", "munic_code": 101.0, "min": 3.588470458984375, "max": 3.588470458984375, "mean": 3.588470458984375, "count": 2, "std": 0.0, "range": 0.0 }, "geometry": { "type": "Polygon", "coordinates": [ [ [ 723600.0, 6176700.0 ], [ 723600.0, 6176800.0 ], [ 723700.0, 6176800.0 ], [ 723700.0, 6176700.0 ], [ 723700.0, 6176600.0 ], [ 723600.0, 6176600.0 ], [ 723600.0, 6176700.0 ] ] ] } },
{ "type": "Feature", "properties": { "Shape_Area": 80000.0, "Shape_Leng": 1400.0, "cluster_id": "101_696", "fid_1": 696.0, "id_munic": 696.0, "munic_clus": "101_696", "munic_code": 101.0, "min": 2.4330222606658936, "max": 2.4330222606658936, "mean": 2.4330220222473145, "count": 8, "std": 2.384185791015625e-07, "range": 0.0 }, "geometry": { "type": "Polygon", "coordinates": [ [ [ 724000.0, 6181500.0 ], [ 723900.0, 6181500.0 ], [ 723900.0, 6181600.0 ], [ 723900.0, 6181700.0 ], [ 723900.0, 6181800.0 ], [ 723900.0, 6181900.0 ], [ 723900.0, 6182000.0 ], [ 724000.0, 6182000.0 ], [ 724000.0, 6181900.0 ], [ 724000.0, 6181800.0 ], [ 724100.0, 6181800.0 ], [ 724100.0, 6181700.0 ], [ 724100.0, 6181600.0 ], [ 724100.0, 6181500.0 ], [ 724000.0, 6181500.0 ] ] ] } },
{ "type": "Feature", "properties": { "Shape_Area": 20000.0, "Shape_Leng": 600.0, "cluster_id": "101_697", "fid_1": 697.0, "id_munic": 697.0, "munic_clus": "101_697", "munic_code": 101.0, "min": 3.4263577461242676, "max": 3.4263577461242676, "mean": 3.4263577461242676, "count": 2, "std": 0.0, "range": 0.0 }, "geometry": { "type": "Polygon", "coordinates": [ [ [ 723800.0, 6181600.0 ], [ 723800.0, 6181700.0 ], [ 723900.0, 6181700.0 ], [ 723900.0, 6181600.0 ], [ 723900.0, 6181500.0 ], [ 723800.0, 6181500.0 ], [ 723800.0, 6181600.0 ] ] ] } },
{ "type": "Feature", "properties": { "Shape_Area": 60000.0, "Shape_Leng": 1200.0, "cluster_id": "101_698", "fid_1": 698.0, "id_munic": 698.0, "munic_clus": "101_698", "munic_code": 101.0, "min": 2.8610467910766602, "max": 2.8610467910766602, "mean": 2.8610467910766602, "count": 6, "std": 0.0, "range": 0.0 }, "geometry": { "type": "Polygon", "coordinates": [ [ [ 723700.0, 6181800.0 ], [ 723700.0, 6181900.0 ], [ 723800.0, 6181900.0 ], [ 723800.0, 6182000.0 ], [ 723900.0, 6182000.0 ], [ 723900.0, 6181900.0 ], [ 723900.0, 6181800.0 ], [ 723900.0, 6181700.0 ], [ 723800.0, 6181700.0 ], [ 723800.0, 6181600.0 ], [ 723700.0, 6181600.0 ], [ 723700.0, 6181700.0 ], [ 723700.0, 6181800.0 ] ] ] } },
{ "type": "Feature", "properties": { "Shape_Area": 60000.0, "Shape_Leng": 1200.0, "cluster_id": "101_699", "fid_1": 699.0, "id_munic": 699.0, "munic_clus": "101_699", "munic_code": 101.0, "min": 3.1686105728149414, "max": 3.1686105728149414, "mean": 3.1686105728149414, "count": 6, "std": 0.0, "range": 0.0 }, "geometry": { "type": "Polygon", "coordinates": [ [ [ 721700.0, 6181100.0 ], [ 721600.0, 6181100.0 ], [ 721500.0, 6181100.0 ], [ 721500.0, 6181200.0 ], [ 721400.0, 6181200.0 ], [ 721400.0, 6181300.0 ], [ 721500.0, 6181300.0 ], [ 721600.0, 6181300.0 ], [ 721600.0, 6181400.0 ], [ 721700.0, 6181400.0 ], [ 721700.0, 6181300.0 ], [ 721700.0, 6181200.0 ], [ 721700.0, 6181100.0 ] ] ] } },
{ "type": "Feature", "properties": { "Shape_Area": 160000.0, "Shape_Leng": 2400.0, "cluster_id": "101_700", "fid_1": 700.0, "id_munic": 700.0, "munic_clus": "101_700", "munic_code": 101.0, "min": 3.4941685199737549, "max": 3.4941685199737549, "mean": 3.4941682815551758, "count": 16, "std": 2.384185791015625e-07, "range": 0.0 }, "geometry": { "type": "Polygon", "coordinates": [ [ [ 722200.0, 6180900.0 ], [ 722100.0, 6180900.0 ], [ 722000.0, 6180900.0 ], [ 722000.0, 6181000.0 ], [ 722000.0, 6181100.0 ], [ 722100.0, 6181100.0 ], [ 722100.0, 6181200.0 ], [ 722100.0, 6181300.0 ], [ 722200.0, 6181300.0 ], [ 722300.0, 6181300.0 ], [ 722300.0, 6181200.0 ], [ 722300.0, 6181100.0 ], [ 722400.0, 6181100.0 ], [ 722400.0, 6181000.0 ], [ 722500.0, 6181000.0 ], [ 722600.0, 6181000.0 ], [ 722600.0, 6181100.0 ], [ 722700.0, 6181100.0 ], [ 722700.0, 6181000.0 ], [ 722700.0, 6180900.0 ], [ 722600.0, 6180900.0 ], [ 722500.0, 6180900.0 ], [ 722400.0, 6180900.0 ], [ 722300.0, 6180900.0 ], [ 722200.0, 6180900.0 ] ] ] } },
{ "type": "Feature", "properties": { "Shape_Area": 200000.0, "Shape_Leng": 2000.0, "cluster_id": "101_701", "fid_1": 701.0, "id_munic": 701.0, "munic_clus": "101_701", "munic_code": 101.0, "min": 2.6157946586608887, "max": 2.6157946586608887, "mean": 2.6157947540283204, "count": 20, "std": 9.5367431729442842e-08, "range": 0.0 }, "geometry": { "type": "Polygon", "coordinates": [ [ [ 721600.0, 6181000.0 ], [ 721600.0, 6181100.0 ], [ 721700.0, 6181100.0 ], [ 721700.0, 6181200.0 ], [ 721700.0, 6181300.0 ], [ 721700.0, 6181400.0 ], [ 721800.0, 6181400.0 ], [ 721900.0, 6181400.0 ], [ 722000.0, 6181400.0 ], [ 722100.0, 6181400.0 ], [ 722100.0, 6181300.0 ], [ 722100.0, 6181200.0 ], [ 722100.0, 6181100.0 ], [ 722000.0, 6181100.0 ], [ 722000.0, 6181000.0 ], [ 722000.0, 6180900.0 ], [ 721900.0, 6180900.0 ], [ 721800.0, 6180900.0 ], [ 721700.0, 6180900.0 ], [ 721600.0, 6180900.0 ], [ 721600.0, 6181000.0 ] ] ] } },
{ "type": "Feature", "properties": { "Shape_Area": 50000.0, "Shape_Leng": 1000.0, "cluster_id": "101_702", "fid_1": 702.0, "id_munic": 702.0, "munic_clus": "101_702", "munic_code": 101.0, "min": 2.4510164260864258, "max": 2.4510164260864258, "mean": 2.4510164260864258, "count": 5, "std": 0.0, "range": 0.0 }, "geometry": { "type": "Polygon", "coordinates": [ [ [ 721600.0, 6180900.0 ], [ 721500.0, 6180900.0 ], [ 721400.0, 6180900.0 ], [ 721400.0, 6181000.0 ], [ 721400.0, 6181100.0 ], [ 721400.0, 6181200.0 ], [ 721500.0, 6181200.0 ], [ 721500.0, 6181100.0 ], [ 721600.0, 6181100.0 ], [ 721600.0, 6181000.0 ], [ 721600.0, 6180900.0 ] ] ] } },
{ "type": "Feature", "properties": { "Shape_Area": 310000.0, "Shape_Leng": 2400.0, "cluster_id": "101_703", "fid_1": 703.0, "id_munic": 703.0, "munic_clus": "101_703", "munic_code": 101.0, "min": 3.1332888603210449, "max": 3.1332888603210449, "mean": 3.1332884757749495, "count": 31, "std": 3.8454609541105361e-07, "range": 0.0 }, "geometry": { "type": "Polygon", "coordinates": [ [ [ 720900.0, 6180800.0 ], [ 720800.0, 6180800.0 ], [ 720800.0, 6180900.0 ], [ 720800.0, 6181000.0 ], [ 720800.0, 6181100.0 ], [ 720900.0, 6181100.0 ], [ 720900.0, 6181200.0 ], [ 720900.0, 6181300.0 ], [ 721000.0, 6181300.0 ], [ 721000.0, 6181400.0 ], [ 721100.0, 6181400.0 ], [ 721200.0, 6181400.0 ], [ 721300.0, 6181400.0 ], [ 721400.0, 6181400.0 ], [ 721400.0, 6181300.0 ], [ 721400.0, 6181200.0 ], [ 721400.0, 6181100.0 ], [ 721400.0, 6181000.0 ], [ 721400.0, 6180900.0 ], [ 721300.0, 6180900.0 ], [ 721300.0, 6180800.0 ], [ 721200.0, 6180800.0 ], [ 721100.0, 6180800.0 ], [ 721000.0, 6180800.0 ], [ 720900.0, 6180800.0 ] ] ] } },
{ "type": "Feature", "properties": { "Shape_Area": 30000.0, "Shape_Leng": 800.0, "cluster_id": "101_704", "fid_1": 704.0, "id_munic": 704.0, "munic_clus": "101_704", "munic_code": 101.0, "min": 2.4206931591033936, "max": 2.4206931591033936, "mean": 2.4206930796305337, "count": 3, "std": 7.947285984855057e-08, "range": 0.0 }, "geometry": { "type": "Polygon", "coordinates": [ [ [ 724800.0, 6178600.0 ], [ 724800.0, 6178700.0 ], [ 724900.0, 6178700.0 ], [ 725000.0, 6178700.0 ], [ 725000.0, 6178600.0 ], [ 724900.0, 6178600.0 ], [ 724900.0, 6178500.0 ], [ 724800.0, 6178500.0 ], [ 724800.0, 6178600.0 ] ] ] } },
{ "type": "Feature", "properties": { "Shape_Area": 10000.0, "Shape_Leng": 400.0, "cluster_id": "101_705", "fid_1": 705.0, "id_munic": 705.0, "munic_clus": "101_705", "munic_code": 101.0, "min": 3.7085978984832764, "max": 3.7085978984832764, "mean": 3.7085978984832764, "count": 1, "std": 0.0, "range": 0.0 }, "geometry": { "type": "Polygon", "coordinates": [ [ [ 725300.0, 6178500.0 ], [ 725300.0, 6178600.0 ], [ 725400.0, 6178600.0 ], [ 725400.0, 6178500.0 ], [ 725300.0, 6178500.0 ] ] ] } },
{ "type": "Feature", "properties": { "Shape_Area": 10000.0, "Shape_Leng": 400.0, "cluster_id": "101_706", "fid_1": 706.0, "id_munic": 706.0, "munic_clus": "101_706", "munic_code": 101.0, "min": 2.6437857151031494, "max": 2.6437857151031494, "mean": 2.6437857151031494, "count": 1, "std": 0.0, "range": 0.0 }, "geometry": { "type": "Polygon", "coordinates": [ [ [ 723500.0, 6177000.0 ], [ 723500.0, 6177100.0 ], [ 723600.0, 6177100.0 ], [ 723600.0, 6177000.0 ], [ 723500.0, 6177000.0 ] ] ] } },
{ "type": "Feature", "properties": { "Shape_Area": 20000.0, "Shape_Leng": 600.0, "cluster_id": "101_707", "fid_1": 707.0, "id_munic": 707.0, "munic_clus": "101_707", "munic_code": 101.0, "min": 3.5013332366943359, "max": 3.5013332366943359, "mean": 3.5013332366943359, "count": 2, "std": 0.0, "range": 0.0 }, "geometry": { "type": "Polygon", "coordinates": [ [ [ 723400.0, 6177000.0 ], [ 723500.0, 6177000.0 ], [ 723600.0, 6177000.0 ], [ 723600.0, 6176900.0 ], [ 723500.0, 6176900.0 ], [ 723400.0, 6176900.0 ], [ 723400.0, 6177000.0 ] ] ] } },
{ "type": "Feature", "properties": { "Shape_Area": 10000.0, "Shape_Leng": 400.0, "cluster_id": "101_708", "fid_1": 708.0, "id_munic": 708.0, "munic_clus": "101_708", "munic_code": 101.0, "min": 4.418860912322998, "max": 4.418860912322998, "mean": 4.418860912322998, "count": 1, "std": 0.0, "range": 0.0 }, "geometry": { "type": "Polygon", "coordinates": [ [ [ 723500.0, 6176800.0 ], [ 723500.0, 6176900.0 ], [ 723600.0, 6176900.0 ], [ 723600.0, 6176800.0 ], [ 723500.0, 6176800.0 ] ] ] } },
{ "type": "Feature", "properties": { "Shape_Area": 10000.0, "Shape_Leng": 400.0, "cluster_id": "101_709", "fid_1": 709.0, "id_munic": 709.0, "munic_clus": "101_709", "munic_code": 101.0, "min": 3.7670779228210449, "max": 3.7670779228210449, "mean": 3.7670779228210449, "count": 1, "std": 0.0, "range": 0.0 }, "geometry": { "type": "Polygon", "coordinates": [ [ [ 725000.0, 6178400.0 ], [ 725000.0, 6178500.0 ], [ 725100.0, 6178500.0 ], [ 725100.0, 6178400.0 ], [ 725000.0, 6178400.0 ] ] ] } },
{ "type": "Feature", "properties": { "Shape_Area": 20000.0, "Shape_Leng": 600.0, "cluster_id": "101_710", "fid_1": 710.0, "id_munic": 710.0, "munic_clus": "101_710", "munic_code": 101.0, "min": 3.1962683200836182, "max": 3.1962683200836182, "mean": 3.1962683200836182, "count": 2, "std": 0.0, "range": 0.0 }, "geometry": { "type": "Polygon", "coordinates": [ [ [ 724800.0, 6179200.0 ], [ 724900.0, 6179200.0 ], [ 725000.0, 6179200.0 ], [ 725000.0, 6179100.0 ], [ 724900.0, 6179100.0 ], [ 724800.0, 6179100.0 ], [ 724800.0, 6179200.0 ] ] ] } },
{ "type": "Feature", "properties": { "Shape_Area": 10000.0, "Shape_Leng": 400.0, "cluster_id": "101_711", "fid_1": 711.0, "id_munic": 711.0, "munic_clus": "101_711", "munic_code": 101.0, "min": 3.1167943477630615, "max": 3.1167943477630615, "mean": 3.1167943477630615, "count": 1, "std": 0.0, "range": 0.0 }, "geometry": { "type": "Polygon", "coordinates": [ [ [ 724800.0, 6178400.0 ], [ 724800.0, 6178500.0 ], [ 724900.0, 6178500.0 ], [ 724900.0, 6178400.0 ], [ 724800.0, 6178400.0 ] ] ] } },
{ "type": "Feature", "properties": { "Shape_Area": 10000.0, "Shape_Leng": 400.0, "cluster_id": "101_712", "fid_1": 712.0, "id_munic": 712.0, "munic_clus": "101_712", "munic_code": 101.0, "min": 3.8602135181427002, "max": 3.8602135181427002, "mean": 3.8602135181427002, "count": 1, "std": 0.0, "range": 0.0 }, "geometry": { "type": "Polygon", "coordinates": [ [ [ 724900.0, 6178500.0 ], [ 724900.0, 6178600.0 ], [ 725000.0, 6178600.0 ], [ 725000.0, 6178500.0 ], [ 724900.0, 6178500.0 ] ] ] } },
{ "type": "Feature", "properties": { "Shape_Area": 20000.0, "Shape_Leng": 600.0, "cluster_id": "101_713", "fid_1": 713.0, "id_munic": 713.0, "munic_clus": "101_713", "munic_code": 101.0, "min": 3.4383542537689209, "max": 3.4383542537689209, "mean": 3.4383542537689209, "count": 2, "std": 0.0, "range": 0.0 }, "geometry": { "type": "Polygon", "coordinates": [ [ [ 725200.0, 6178900.0 ], [ 725300.0, 6178900.0 ], [ 725400.0, 6178900.0 ], [ 725400.0, 6178800.0 ], [ 725300.0, 6178800.0 ], [ 725200.0, 6178800.0 ], [ 725200.0, 6178900.0 ] ] ] } },
{ "type": "Feature", "properties": { "Shape_Area": 10000.0, "Shape_Leng": 400.0, "cluster_id": "101_714", "fid_1": 714.0, "id_munic": 714.0, "munic_clus": "101_714", "munic_code": 101.0, "min": 4.2465848922729492, "max": 4.2465848922729492, "mean": 4.2465848922729492, "count": 1, "std": 0.0, "range": 0.0 }, "geometry": { "type": "Polygon", "coordinates": [ [ [ 725300.0, 6178600.0 ], [ 725300.0, 6178700.0 ], [ 725400.0, 6178700.0 ], [ 725400.0, 6178600.0 ], [ 725300.0, 6178600.0 ] ] ] } },
{ "type": "Feature", "properties": { "Shape_Area": 30000.0, "Shape_Leng": 800.0, "cluster_id": "101_715", "fid_1": 715.0, "id_munic": 715.0, "munic_clus": "101_715", "munic_code": 101.0, "min": 2.0623128414154053, "max": 2.0623128414154053, "mean": 2.0623127619425454, "count": 3, "std": 7.947285984855057e-08, "range": 0.0 }, "geometry": { "type": "Polygon", "coordinates": [ [ [ 725400.0, 6178700.0 ], [ 725300.0, 6178700.0 ], [ 725300.0, 6178800.0 ], [ 725400.0, 6178800.0 ], [ 725500.0, 6178800.0 ], [ 725500.0, 6178700.0 ], [ 725500.0, 6178600.0 ], [ 725400.0, 6178600.0 ], [ 725400.0, 6178700.0 ] ] ] } },
{ "type": "Feature", "properties": { "Shape_Area": 40000.0, "Shape_Leng": 800.0, "cluster_id": "101_716", "fid_1": 716.0, "id_munic": 716.0, "munic_clus": "101_716", "munic_code": 101.0, "min": 2.0751419067382812, "max": 2.0751419067382812, "mean": 2.0751419067382812, "count": 4, "std": 0.0, "range": 0.0 }, "geometry": { "type": "Polygon", "coordinates": [ [ [ 725300.0, 6178600.0 ], [ 725200.0, 6178600.0 ], [ 725100.0, 6178600.0 ], [ 725100.0, 6178700.0 ], [ 725100.0, 6178800.0 ], [ 725200.0, 6178800.0 ], [ 725300.0, 6178800.0 ], [ 725300.0, 6178700.0 ], [ 725300.0, 6178600.0 ] ] ] } },
{ "type": "Feature", "properties": { "Shape_Area": 20000.0, "Shape_Leng": 600.0, "cluster_id": "101_717", "fid_1": 717.0, "id_munic": 717.0, "munic_clus": "101_717", "munic_code": 101.0, "min": 3.1992673873901367, "max": 3.1992673873901367, "mean": 3.1992673873901367, "count": 2, "std": 0.0, "range": 0.0 }, "geometry": { "type": "Polygon", "coordinates": [ [ [ 725300.0, 6178400.0 ], [ 725400.0, 6178400.0 ], [ 725500.0, 6178400.0 ], [ 725500.0, 6178300.0 ], [ 725400.0, 6178300.0 ], [ 725300.0, 6178300.0 ], [ 725300.0, 6178400.0 ] ] ] } },
{ "type": "Feature", "properties": { "Shape_Area": 20000.0, "Shape_Leng": 600.0, "cluster_id": "101_718", "fid_1": 718.0, "id_munic": 718.0, "munic_clus": "101_718", "munic_code": 101.0, "min": 2.9075314998626709, "max": 2.9075314998626709, "mean": 2.9075314998626709, "count": 2, "std": 0.0, "range": 0.0 }, "geometry": { "type": "Polygon", "coordinates": [ [ [ 725400.0, 6178600.0 ], [ 725500.0, 6178600.0 ], [ 725600.0, 6178600.0 ], [ 725600.0, 6178500.0 ], [ 725500.0, 6178500.0 ], [ 725400.0, 6178500.0 ], [ 725400.0, 6178600.0 ] ] ] } },
{ "type": "Feature", "properties": { "Shape_Area": 10000.0, "Shape_Leng": 400.0, "cluster_id": "101_719", "fid_1": 719.0, "id_munic": 719.0, "munic_clus": "101_719", "munic_code": 101.0, "min": 3.4760081768035889, "max": 3.4760081768035889, "mean": 3.4760081768035889, "count": 1, "std": 0.0, "range": 0.0 }, "geometry": { "type": "Polygon", "coordinates": [ [ [ 724800.0, 6178800.0 ], [ 724800.0, 6178900.0 ], [ 724900.0, 6178900.0 ], [ 724900.0, 6178800.0 ], [ 724800.0, 6178800.0 ] ] ] } },
{ "type": "Feature", "properties": { "Shape_Area": 10000.0, "Shape_Leng": 400.0, "cluster_id": "101_720", "fid_1": 720.0, "id_munic": 720.0, "munic_clus": "101_720", "munic_code": 101.0, "min": 2.6199600696563721, "max": 2.6199600696563721, "mean": 2.6199600696563721, "count": 1, "std": 0.0, "range": 0.0 }, "geometry": { "type": "Polygon", "coordinates": [ [ [ 720100.0, 6177800.0 ], [ 720100.0, 6177900.0 ], [ 720200.0, 6177900.0 ], [ 720200.0, 6177800.0 ], [ 720100.0, 6177800.0 ] ] ] } },
{ "type": "Feature", "properties": { "Shape_Area": 10000.0, "Shape_Leng": 400.0, "cluster_id": "101_721", "fid_1": 721.0, "id_munic": 721.0, "munic_clus": "101_721", "munic_code": 101.0, "min": 2.6944351196289062, "max": 2.6944351196289062, "mean": 2.6944351196289062, "count": 1, "std": 0.0, "range": 0.0 }, "geometry": { "type": "Polygon", "coordinates": [ [ [ 725000.0, 6178600.0 ], [ 725000.0, 6178700.0 ], [ 725100.0, 6178700.0 ], [ 725100.0, 6178600.0 ], [ 725000.0, 6178600.0 ] ] ] } },
{ "type": "Feature", "properties": { "Shape_Area": 10000.0, "Shape_Leng": 400.0, "cluster_id": "101_722", "fid_1": 722.0, "id_munic": 722.0, "munic_clus": "101_722", "munic_code": 101.0, "min": 3.702932596206665, "max": 3.702932596206665, "mean": 3.702932596206665, "count": 1, "std": 0.0, "range": 0.0 }, "geometry": { "type": "Polygon", "coordinates": [ [ [ 725200.0, 6178300.0 ], [ 725200.0, 6178400.0 ], [ 725300.0, 6178400.0 ], [ 725300.0, 6178300.0 ], [ 725200.0, 6178300.0 ] ] ] } },
{ "type": "Feature", "properties": { "Shape_Area": 20000.0, "Shape_Leng": 600.0, "cluster_id": "101_723", "fid_1": 723.0, "id_munic": 723.0, "munic_clus": "101_723", "munic_code": 101.0, "min": 3.8375544548034668, "max": 3.8375544548034668, "mean": 3.8375544548034668, "count": 2, "std": 0.0, "range": 0.0 }, "geometry": { "type": "Polygon", "coordinates": [ [ [ 725300.0, 6178500.0 ], [ 725400.0, 6178500.0 ], [ 725500.0, 6178500.0 ], [ 725500.0, 6178400.0 ], [ 725400.0, 6178400.0 ], [ 725300.0, 6178400.0 ], [ 725300.0, 6178500.0 ] ] ] } },
{ "type": "Feature", "properties": { "Shape_Area": 10000.0, "Shape_Leng": 400.0, "cluster_id": "101_724", "fid_1": 724.0, "id_munic": 724.0, "munic_clus": "101_724", "munic_code": 101.0, "min": 3.2894041538238525, "max": 3.2894041538238525, "mean": 3.2894041538238525, "count": 1, "std": 0.0, "range": 0.0 }, "geometry": { "type": "Polygon", "coordinates": [ [ [ 724900.0, 6178200.0 ], [ 724900.0, 6178300.0 ], [ 725000.0, 6178300.0 ], [ 725000.0, 6178200.0 ], [ 724900.0, 6178200.0 ] ] ] } },
{ "type": "Feature", "properties": { "Shape_Area": 20000.0, "Shape_Leng": 600.0, "cluster_id": "101_725", "fid_1": 725.0, "id_munic": 725.0, "munic_clus": "101_725", "munic_code": 101.0, "min": 2.3863716125488281, "max": 2.3863716125488281, "mean": 2.3863716125488281, "count": 2, "std": 0.0, "range": 0.0 }, "geometry": { "type": "Polygon", "coordinates": [ [ [ 724900.0, 6178200.0 ], [ 725000.0, 6178200.0 ], [ 725100.0, 6178200.0 ], [ 725100.0, 6178100.0 ], [ 725000.0, 6178100.0 ], [ 724900.0, 6178100.0 ], [ 724900.0, 6178200.0 ] ] ] } },
{ "type": "Feature", "properties": { "Shape_Area": 20000.0, "Shape_Leng": 600.0, "cluster_id": "101_726", "fid_1": 726.0, "id_munic": 726.0, "munic_clus": "101_726", "munic_code": 101.0, "min": 3.3603801727294922, "max": 3.3603801727294922, "mean": 3.3603801727294922, "count": 2, "std": 0.0, "range": 0.0 }, "geometry": { "type": "Polygon", "coordinates": [ [ [ 725100.0, 6178300.0 ], [ 725200.0, 6178300.0 ], [ 725300.0, 6178300.0 ], [ 725300.0, 6178200.0 ], [ 725200.0, 6178200.0 ], [ 725100.0, 6178200.0 ], [ 725100.0, 6178300.0 ] ] ] } },
{ "type": "Feature", "properties": { "Shape_Area": 30000.0, "Shape_Leng": 800.0, "cluster_id": "101_727", "fid_1": 727.0, "id_munic": 727.0, "munic_clus": "101_727", "munic_code": 101.0, "min": 4.229924201965332, "max": 4.229924201965332, "mean": 4.229924201965332, "count": 3, "std": 0.0, "range": 0.0 }, "geometry": { "type": "Polygon", "coordinates": [ [ [ 725000.0, 6178300.0 ], [ 725000.0, 6178400.0 ], [ 725100.0, 6178400.0 ], [ 725200.0, 6178400.0 ], [ 725200.0, 6178300.0 ], [ 725100.0, 6178300.0 ], [ 725100.0, 6178200.0 ], [ 725000.0, 6178200.0 ], [ 725000.0, 6178300.0 ] ] ] } },
{ "type": "Feature", "properties": { "Shape_Area": 20000.0, "Shape_Leng": 600.0, "cluster_id": "101_728", "fid_1": 728.0, "id_munic": 728.0, "munic_clus": "101_728", "munic_code": 101.0, "min": 3.1979341506958008, "max": 3.1979341506958008, "mean": 3.1979341506958008, "count": 2, "std": 0.0, "range": 0.0 }, "geometry": { "type": "Polygon", "coordinates": [ [ [ 724800.0, 6178800.0 ], [ 724900.0, 6178800.0 ], [ 725000.0, 6178800.0 ], [ 725000.0, 6178700.0 ], [ 724900.0, 6178700.0 ], [ 724800.0, 6178700.0 ], [ 724800.0, 6178800.0 ] ] ] } },
{ "type": "Feature", "properties": { "Shape_Area": 40000.0, "Shape_Leng": 800.0, "cluster_id": "101_729", "fid_1": 729.0, "id_munic": 729.0, "munic_clus": "101_729", "munic_code": 101.0, "min": 1.9921691417694092, "max": 1.9921691417694092, "mean": 1.9921691417694092, "count": 4, "std": 0.0, "range": 0.0 }, "geometry": { "type": "Polygon", "coordinates": [ [ [ 725300.0, 6178400.0 ], [ 725200.0, 6178400.0 ], [ 725100.0, 6178400.0 ], [ 725100.0, 6178500.0 ], [ 725100.0, 6178600.0 ], [ 725200.0, 6178600.0 ], [ 725300.0, 6178600.0 ], [ 725300.0, 6178500.0 ], [ 725300.0, 6178400.0 ] ] ] } },
{ "type": "Feature", "properties": { "Shape_Area": 20000.0, "Shape_Leng": 600.0, "cluster_id": "101_730", "fid_1": 730.0, "id_munic": 730.0, "munic_clus": "101_730", "munic_code": 101.0, "min": 3.0643119812011719, "max": 3.0643119812011719, "mean": 3.0643119812011719, "count": 2, "std": 0.0, "range": 0.0 }, "geometry": { "type": "Polygon", "coordinates": [ [ [ 724800.0, 6179100.0 ], [ 724900.0, 6179100.0 ], [ 725000.0, 6179100.0 ], [ 725000.0, 6179000.0 ], [ 724900.0, 6179000.0 ], [ 724800.0, 6179000.0 ], [ 724800.0, 6179100.0 ] ] ] } },
{ "type": "Feature", "properties": { "Shape_Area": 20000.0, "Shape_Leng": 600.0, "cluster_id": "101_731", "fid_1": 731.0, "id_munic": 731.0, "munic_clus": "101_731", "munic_code": 101.0, "min": 3.7435858249664307, "max": 3.7435858249664307, "mean": 3.7435858249664307, "count": 2, "std": 0.0, "range": 0.0 }, "geometry": { "type": "Polygon", "coordinates": [ [ [ 724800.0, 6179000.0 ], [ 724900.0, 6179000.0 ], [ 725000.0, 6179000.0 ], [ 725000.0, 6178900.0 ], [ 724900.0, 6178900.0 ], [ 724800.0, 6178900.0 ], [ 724800.0, 6179000.0 ] ] ] } },
{ "type": "Feature", "properties": { "Shape_Area": 10000.0, "Shape_Leng": 400.0, "cluster_id": "101_732", "fid_1": 732.0, "id_munic": 732.0, "munic_clus": "101_732", "munic_code": 101.0, "min": 3.9046988487243652, "max": 3.9046988487243652, "mean": 3.9046988487243652, "count": 1, "std": 0.0, "range": 0.0 }, "geometry": { "type": "Polygon", "coordinates": [ [ [ 724900.0, 6178800.0 ], [ 724900.0, 6178900.0 ], [ 725000.0, 6178900.0 ], [ 725000.0, 6178800.0 ], [ 724900.0, 6178800.0 ] ] ] } },
{ "type": "Feature", "properties": { "Shape_Area": 10000.0, "Shape_Leng": 400.0, "cluster_id": "101_733", "fid_1": 733.0, "id_munic": 733.0, "munic_clus": "101_733", "munic_code": 101.0, "min": 2.3553817272186279, "max": 2.3553817272186279, "mean": 2.3553817272186279, "count": 1, "std": 0.0, "range": 0.0 }, "geometry": { "type": "Polygon", "coordinates": [ [ [ 725500.0, 6178400.0 ], [ 725500.0, 6178500.0 ], [ 725600.0, 6178500.0 ], [ 725600.0, 6178400.0 ], [ 725500.0, 6178400.0 ] ] ] } },
{ "type": "Feature", "properties": { "Shape_Area": 10000.0, "Shape_Leng": 400.0, "cluster_id": "101_734", "fid_1": 734.0, "id_munic": 734.0, "munic_clus": "101_734", "munic_code": 101.0, "min": 3.4673445224761963, "max": 3.4673445224761963, "mean": 3.4673445224761963, "count": 1, "std": 0.0, "range": 0.0 }, "geometry": { "type": "Polygon", "coordinates": [ [ [ 724900.0, 6178300.0 ], [ 724900.0, 6178400.0 ], [ 725000.0, 6178400.0 ], [ 725000.0, 6178300.0 ], [ 724900.0, 6178300.0 ] ] ] } },
{ "type": "Feature", "properties": { "Shape_Area": 10000.0, "Shape_Leng": 400.0, "cluster_id": "101_735", "fid_1": 735.0, "id_munic": 735.0, "munic_clus": "101_735", "munic_code": 101.0, "min": 3.500166654586792, "max": 3.500166654586792, "mean": 3.500166654586792, "count": 1, "std": 0.0, "range": 0.0 }, "geometry": { "type": "Polygon", "coordinates": [ [ [ 724900.0, 6178400.0 ], [ 724900.0, 6178500.0 ], [ 725000.0, 6178500.0 ], [ 725000.0, 6178400.0 ], [ 724900.0, 6178400.0 ] ] ] } },
{ "type": "Feature", "properties": { "Shape_Area": 10000.0, "Shape_Leng": 400.0, "cluster_id": "101_736", "fid_1": 736.0, "id_munic": 736.0, "munic_clus": "101_736", "munic_code": 101.0, "min": 2.8383874893188477, "max": 2.8383874893188477, "mean": 2.8383874893188477, "count": 1, "std": 0.0, "range": 0.0 }, "geometry": { "type": "Polygon", "coordinates": [ [ [ 725000.0, 6178500.0 ], [ 725000.0, 6178600.0 ], [ 725100.0, 6178600.0 ], [ 725100.0, 6178500.0 ], [ 725000.0, 6178500.0 ] ] ] } },
{ "type": "Feature", "properties": { "Shape_Area": 20000.0, "Shape_Leng": 600.0, "cluster_id": "101_737", "fid_1": 737.0, "id_munic": 737.0, "munic_clus": "101_737", "munic_code": 101.0, "min": 2.8805398941040039, "max": 2.8805398941040039, "mean": 2.8805398941040039, "count": 2, "std": 0.0, "range": 0.0 }, "geometry": { "type": "Polygon", "coordinates": [ [ [ 722400.0, 6173000.0 ], [ 722400.0, 6173100.0 ], [ 722500.0, 6173100.0 ], [ 722500.0, 6173000.0 ], [ 722500.0, 6172900.0 ], [ 722400.0, 6172900.0 ], [ 722400.0, 6173000.0 ] ] ] } },
{ "type": "Feature", "properties": { "Shape_Area": 10000.0, "Shape_Leng": 400.0, "cluster_id": "101_738", "fid_1": 738.0, "id_munic": 738.0, "munic_clus": "101_738", "munic_code": 101.0, "min": 2.8825395107269287, "max": 2.8825395107269287, "mean": 2.8825395107269287, "count": 1, "std": 0.0, "range": 0.0 }, "geometry": { "type": "Polygon", "coordinates": [ [ [ 722400.0, 6172800.0 ], [ 722400.0, 6172900.0 ], [ 722500.0, 6172900.0 ], [ 722500.0, 6172800.0 ], [ 722400.0, 6172800.0 ] ] ] } },
{ "type": "Feature", "properties": { "Shape_Area": 10000.0, "Shape_Leng": 400.0, "cluster_id": "101_739", "fid_1": 739.0, "id_munic": 739.0, "munic_clus": "101_739", "munic_code": 101.0, "min": 3.2942349910736084, "max": 3.2942349910736084, "mean": 3.2942349910736084, "count": 1, "std": 0.0, "range": 0.0 }, "geometry": { "type": "Polygon", "coordinates": [ [ [ 722300.0, 6172700.0 ], [ 722300.0, 6172800.0 ], [ 722400.0, 6172800.0 ], [ 722400.0, 6172700.0 ], [ 722300.0, 6172700.0 ] ] ] } },
{ "type": "Feature", "properties": { "Shape_Area": 80000.0, "Shape_Leng": 1400.0, "cluster_id": "101_740", "fid_1": 740.0, "id_munic": 740.0, "munic_clus": "101_740", "munic_code": 101.0, "min": 3.4533491134643555, "max": 3.4533491134643555, "mean": 3.4533495903015137, "count": 8, "std": 4.76837158203125e-07, "range": 0.0 }, "geometry": { "type": "Polygon", "coordinates": [ [ [ 722100.0, 6172900.0 ], [ 722200.0, 6172900.0 ], [ 722200.0, 6173000.0 ], [ 722300.0, 6173000.0 ], [ 722400.0, 6173000.0 ], [ 722400.0, 6172900.0 ], [ 722400.0, 6172800.0 ], [ 722300.0, 6172800.0 ], [ 722300.0, 6172700.0 ], [ 722200.0, 6172700.0 ], [ 722100.0, 6172700.0 ], [ 722000.0, 6172700.0 ], [ 722000.0, 6172800.0 ], [ 722100.0, 6172800.0 ], [ 722100.0, 6172900.0 ] ] ] } },
{ "type": "Feature", "properties": { "Shape_Area": 20000.0, "Shape_Leng": 600.0, "cluster_id": "101_741", "fid_1": 741.0, "id_munic": 741.0, "munic_clus": "101_741", "munic_code": 101.0, "min": 3.2812402248382568, "max": 3.2812402248382568, "mean": 3.2812402248382568, "count": 2, "std": 0.0, "range": 0.0 }, "geometry": { "type": "Polygon", "coordinates": [ [ [ 724500.0, 6180000.0 ], [ 724600.0, 6180000.0 ], [ 724700.0, 6180000.0 ], [ 724700.0, 6179900.0 ], [ 724600.0, 6179900.0 ], [ 724500.0, 6179900.0 ], [ 724500.0, 6180000.0 ] ] ] } },
{ "type": "Feature", "properties": { "Shape_Area": 20000.0, "Shape_Leng": 600.0, "cluster_id": "101_742", "fid_1": 742.0, "id_munic": 742.0, "munic_clus": "101_742", "munic_code": 101.0, "min": 2.8795404434204102, "max": 2.8795404434204102, "mean": 2.8795404434204102, "count": 2, "std": 0.0, "range": 0.0 }, "geometry": { "type": "Polygon", "coordinates": [ [ [ 724300.0, 6179900.0 ], [ 724400.0, 6179900.0 ], [ 724500.0, 6179900.0 ], [ 724500.0, 6179800.0 ], [ 724400.0, 6179800.0 ], [ 724300.0, 6179800.0 ], [ 724300.0, 6179900.0 ] ] ] } },
{ "type": "Feature", "properties": { "Shape_Area": 40000.0, "Shape_Leng": 800.0, "cluster_id": "101_743", "fid_1": 743.0, "id_munic": 743.0, "munic_clus": "101_743", "munic_code": 101.0, "min": 2.5859715938568115, "max": 2.5859715938568115, "mean": 2.5859715938568115, "count": 4, "std": 0.0, "range": 0.0 }, "geometry": { "type": "Polygon", "coordinates": [ [ [ 720100.0, 6178400.0 ], [ 720000.0, 6178400.0 ], [ 719900.0, 6178400.0 ], [ 719900.0, 6178500.0 ], [ 719900.0, 6178600.0 ], [ 720000.0, 6178600.0 ], [ 720100.0, 6178600.0 ], [ 720100.0, 6178500.0 ], [ 720100.0, 6178400.0 ] ] ] } },
{ "type": "Feature", "properties": { "Shape_Area": 10000.0, "Shape_Leng": 400.0, "cluster_id": "101_744", "fid_1": 744.0, "id_munic": 744.0, "munic_clus": "101_744", "munic_code": 101.0, "min": 2.5268247127532959, "max": 2.5268247127532959, "mean": 2.5268247127532959, "count": 1, "std": 0.0, "range": 0.0 }, "geometry": { "type": "Polygon", "coordinates": [ [ [ 724300.0, 6179900.0 ], [ 724300.0, 6180000.0 ], [ 724400.0, 6180000.0 ], [ 724400.0, 6179900.0 ], [ 724300.0, 6179900.0 ] ] ] } },
{ "type": "Feature", "properties": { "Shape_Area": 10000.0, "Shape_Leng": 400.0, "cluster_id": "101_745", "fid_1": 745.0, "id_munic": 745.0, "munic_clus": "101_745", "munic_code": 101.0, "min": 4.0010004043579102, "max": 4.0010004043579102, "mean": 4.0010004043579102, "count": 1, "std": 0.0, "range": 0.0 }, "geometry": { "type": "Polygon", "coordinates": [ [ [ 724600.0, 6180000.0 ], [ 724600.0, 6180100.0 ], [ 724700.0, 6180100.0 ], [ 724700.0, 6180000.0 ], [ 724600.0, 6180000.0 ] ] ] } },
{ "type": "Feature", "properties": { "Shape_Area": 20000.0, "Shape_Leng": 600.0, "cluster_id": "101_746", "fid_1": 746.0, "id_munic": 746.0, "munic_clus": "101_746", "munic_code": 101.0, "min": 3.9268584251403809, "max": 3.9268584251403809, "mean": 3.9268584251403809, "count": 2, "std": 0.0, "range": 0.0 }, "geometry": { "type": "Polygon", "coordinates": [ [ [ 724200.0, 6179800.0 ], [ 724200.0, 6179900.0 ], [ 724300.0, 6179900.0 ], [ 724300.0, 6179800.0 ], [ 724300.0, 6179700.0 ], [ 724200.0, 6179700.0 ], [ 724200.0, 6179800.0 ] ] ] } },
{ "type": "Feature", "properties": { "Shape_Area": 10000.0, "Shape_Leng": 400.0, "cluster_id": "101_747", "fid_1": 747.0, "id_munic": 747.0, "munic_clus": "101_747", "munic_code": 101.0, "min": 2.6879374980926514, "max": 2.6879374980926514, "mean": 2.6879374980926514, "count": 1, "std": 0.0, "range": 0.0 }, "geometry": { "type": "Polygon", "coordinates": [ [ [ 724500.0, 6180000.0 ], [ 724500.0, 6180100.0 ], [ 724600.0, 6180100.0 ], [ 724600.0, 6180000.0 ], [ 724500.0, 6180000.0 ] ] ] } },
{ "type": "Feature", "properties": { "Shape_Area": 20000.0, "Shape_Leng": 600.0, "cluster_id": "101_748", "fid_1": 748.0, "id_munic": 748.0, "munic_clus": "101_748", "munic_code": 101.0, "min": 2.9501833915710449, "max": 2.9501833915710449, "mean": 2.9501833915710449, "count": 2, "std": 0.0, "range": 0.0 }, "geometry": { "type": "Polygon", "coordinates": [ [ [ 724400.0, 6180000.0 ], [ 724400.0, 6180100.0 ], [ 724500.0, 6180100.0 ], [ 724500.0, 6180000.0 ], [ 724500.0, 6179900.0 ], [ 724400.0, 6179900.0 ], [ 724400.0, 6180000.0 ] ] ] } },
{ "type": "Feature", "properties": { "Shape_Area": 20000.0, "Shape_Leng": 600.0, "cluster_id": "101_749", "fid_1": 749.0, "id_munic": 749.0, "munic_clus": "101_749", "munic_code": 101.0, "min": 2.386038064956665, "max": 2.386038064956665, "mean": 2.386038064956665, "count": 2, "std": 0.0, "range": 0.0 }, "geometry": { "type": "Polygon", "coordinates": [ [ [ 719100.0, 6173400.0 ], [ 719200.0, 6173400.0 ], [ 719300.0, 6173400.0 ], [ 719300.0, 6173300.0 ], [ 719200.0, 6173300.0 ], [ 719100.0, 6173300.0 ], [ 719100.0, 6173400.0 ] ] ] } },
{ "type": "Feature", "properties": { "Shape_Area": 40000.0, "Shape_Leng": 800.0, "cluster_id": "101_750", "fid_1": 750.0, "id_munic": 750.0, "munic_clus": "101_750", "munic_code": 101.0, "min": 2.627457857131958, "max": 2.627457857131958, "mean": 2.627457857131958, "count": 4, "std": 0.0, "range": 0.0 }, "geometry": { "type": "Polygon", "coordinates": [ [ [ 720100.0, 6178600.0 ], [ 720000.0, 6178600.0 ], [ 719900.0, 6178600.0 ], [ 719900.0, 6178700.0 ], [ 719900.0, 6178800.0 ], [ 720000.0, 6178800.0 ], [ 720100.0, 6178800.0 ], [ 720100.0, 6178700.0 ], [ 720100.0, 6178600.0 ] ] ] } },
{ "type": "Feature", "properties": { "Shape_Area": 30000.0, "Shape_Leng": 800.0, "cluster_id": "101_751", "fid_1": 751.0, "id_munic": 751.0, "munic_clus": "101_751", "munic_code": 101.0, "min": 2.9366879463195801, "max": 2.9366879463195801, "mean": 2.9366881052652993, "count": 3, "std": 1.5894571925301193e-07, "range": 0.0 }, "geometry": { "type": "Polygon", "coordinates": [ [ [ 719400.0, 6173500.0 ], [ 719500.0, 6173500.0 ], [ 719500.0, 6173600.0 ], [ 719600.0, 6173600.0 ], [ 719600.0, 6173500.0 ], [ 719600.0, 6173400.0 ], [ 719500.0, 6173400.0 ], [ 719400.0, 6173400.0 ], [ 719400.0, 6173500.0 ] ] ] } },
{ "type": "Feature", "properties": { "Shape_Area": 90000.0, "Shape_Leng": 1400.0, "cluster_id": "101_752", "fid_1": 752.0, "id_munic": 752.0, "munic_clus": "101_752", "munic_code": 101.0, "min": 3.3017330169677734, "max": 3.3017330169677734, "mean": 3.3017330169677734, "count": 9, "std": 0.0, "range": 0.0 }, "geometry": { "type": "Polygon", "coordinates": [ [ [ 720000.0, 6173500.0 ], [ 719900.0, 6173500.0 ], [ 719800.0, 6173500.0 ], [ 719700.0, 6173500.0 ], [ 719600.0, 6173500.0 ], [ 719600.0, 6173600.0 ], [ 719500.0, 6173600.0 ], [ 719500.0, 6173700.0 ], [ 719600.0, 6173700.0 ], [ 719700.0, 6173700.0 ], [ 719800.0, 6173700.0 ], [ 719900.0, 6173700.0 ], [ 720000.0, 6173700.0 ], [ 720000.0, 6173600.0 ], [ 720000.0, 6173500.0 ] ] ] } },
{ "type": "Feature", "properties": { "Shape_Area": 160000.0, "Shape_Leng": 2000.0, "cluster_id": "101_753", "fid_1": 753.0, "id_munic": 753.0, "munic_clus": "101_753", "munic_code": 101.0, "min": 2.4998335838317871, "max": 2.4998335838317871, "mean": 2.4998335838317871, "count": 16, "std": 0.0, "range": 0.0 }, "geometry": { "type": "Polygon", "coordinates": [ [ [ 724600.0, 6176800.0 ], [ 724500.0, 6176800.0 ], [ 724400.0, 6176800.0 ], [ 724400.0, 6176900.0 ], [ 724400.0, 6177000.0 ], [ 724500.0, 6177000.0 ], [ 724500.0, 6177100.0 ], [ 724500.0, 6177200.0 ], [ 724600.0, 6177200.0 ], [ 724600.0, 6177300.0 ], [ 724700.0, 6177300.0 ], [ 724700.0, 6177200.0 ], [ 724800.0, 6177200.0 ], [ 724900.0, 6177200.0 ], [ 724900.0, 6177100.0 ], [ 724900.0, 6177000.0 ], [ 724800.0, 6177000.0 ], [ 724800.0, 6176900.0 ], [ 724700.0, 6176900.0 ], [ 724700.0, 6176800.0 ], [ 724600.0, 6176800.0 ] ] ] } },
{ "type": "Feature", "properties": { "Shape_Area": 20000.0, "Shape_Leng": 600.0, "cluster_id": "101_754", "fid_1": 754.0, "id_munic": 754.0, "munic_clus": "101_754", "munic_code": 101.0, "min": 4.6629467010498047, "max": 4.6629467010498047, "mean": 4.6629467010498047, "count": 2, "std": 0.0, "range": 0.0 }, "geometry": { "type": "Polygon", "coordinates": [ [ [ 725300.0, 6177000.0 ], [ 725300.0, 6177100.0 ], [ 725400.0, 6177100.0 ], [ 725400.0, 6177000.0 ], [ 725400.0, 6176900.0 ], [ 725300.0, 6176900.0 ], [ 725300.0, 6177000.0 ] ] ] } },
{ "type": "Feature", "properties": { "Shape_Area": 10000.0, "Shape_Leng": 400.0, "cluster_id": "101_755", "fid_1": 755.0, "id_munic": 755.0, "munic_clus": "101_755", "munic_code": 101.0, "min": 2.5041656494140625, "max": 2.5041656494140625, "mean": 2.5041656494140625, "count": 1, "std": 0.0, "range": 0.0 }, "geometry": { "type": "Polygon", "coordinates": [ [ [ 725300.0, 6176800.0 ], [ 725300.0, 6176900.0 ], [ 725400.0, 6176900.0 ], [ 725400.0, 6176800.0 ], [ 725300.0, 6176800.0 ] ] ] } },
{ "type": "Feature", "properties": { "Shape_Area": 10000.0, "Shape_Leng": 400.0, "cluster_id": "101_756", "fid_1": 756.0, "id_munic": 756.0, "munic_clus": "101_756", "munic_code": 101.0, "min": 3.1937687397003174, "max": 3.1937687397003174, "mean": 3.1937687397003174, "count": 1, "std": 0.0, "range": 0.0 }, "geometry": { "type": "Polygon", "coordinates": [ [ [ 725400.0, 6176900.0 ], [ 725400.0, 6177000.0 ], [ 725500.0, 6177000.0 ], [ 725500.0, 6176900.0 ], [ 725400.0, 6176900.0 ] ] ] } },
{ "type": "Feature", "properties": { "Shape_Area": 20000.0, "Shape_Leng": 600.0, "cluster_id": "101_757", "fid_1": 757.0, "id_munic": 757.0, "munic_clus": "101_757", "munic_code": 101.0, "min": 3.8427190780639648, "max": 3.8427190780639648, "mean": 3.8427190780639648, "count": 2, "std": 0.0, "range": 0.0 }, "geometry": { "type": "Polygon", "coordinates": [ [ [ 725200.0, 6177300.0 ], [ 725300.0, 6177300.0 ], [ 725400.0, 6177300.0 ], [ 725400.0, 6177200.0 ], [ 725300.0, 6177200.0 ], [ 725200.0, 6177200.0 ], [ 725200.0, 6177300.0 ] ] ] } },
{ "type": "Feature", "properties": { "Shape_Area": 20000.0, "Shape_Leng": 600.0, "cluster_id": "101_758", "fid_1": 758.0, "id_munic": 758.0, "munic_clus": "101_758", "munic_code": 101.0, "min": 3.8085641860961914, "max": 3.8085641860961914, "mean": 3.8085641860961914, "count": 2, "std": 0.0, "range": 0.0 }, "geometry": { "type": "Polygon", "coordinates": [ [ [ 725200.0, 6177100.0 ], [ 725200.0, 6177200.0 ], [ 725300.0, 6177200.0 ], [ 725300.0, 6177100.0 ], [ 725300.0, 6177000.0 ], [ 725200.0, 6177000.0 ], [ 725200.0, 6177100.0 ] ] ] } },
{ "type": "Feature", "properties": { "Shape_Area": 10000.0, "Shape_Leng": 400.0, "cluster_id": "101_759", "fid_1": 759.0, "id_munic": 759.0, "munic_clus": "101_759", "munic_code": 101.0, "min": 2.2875714302062988, "max": 2.2875714302062988, "mean": 2.2875714302062988, "count": 1, "std": 0.0, "range": 0.0 }, "geometry": { "type": "Polygon", "coordinates": [ [ [ 725600.0, 6177100.0 ], [ 725600.0, 6177200.0 ], [ 725700.0, 6177200.0 ], [ 725700.0, 6177100.0 ], [ 725600.0, 6177100.0 ] ] ] } },
{ "type": "Feature", "properties": { "Shape_Area": 10000.0, "Shape_Leng": 400.0, "cluster_id": "101_760", "fid_1": 760.0, "id_munic": 760.0, "munic_clus": "101_760", "munic_code": 101.0, "min": 2.8398869037628174, "max": 2.8398869037628174, "mean": 2.8398869037628174, "count": 1, "std": 0.0, "range": 0.0 }, "geometry": { "type": "Polygon", "coordinates": [ [ [ 725500.0, 6177000.0 ], [ 725500.0, 6177100.0 ], [ 725600.0, 6177100.0 ], [ 725600.0, 6177000.0 ], [ 725500.0, 6177000.0 ] ] ] } },
{ "type": "Feature", "properties": { "Shape_Area": 90000.0, "Shape_Leng": 1600.0, "cluster_id": "101_761", "fid_1": 761.0, "id_munic": 761.0, "munic_clus": "101_761", "munic_code": 101.0, "min": 3.3587136268615723, "max": 3.3587136268615723, "mean": 3.3587137858072915, "count": 9, "std": 1.5894571925301193e-07, "range": 0.0 }, "geometry": { "type": "Polygon", "coordinates": [ [ [ 720100.0, 6178300.0 ], [ 720100.0, 6178400.0 ], [ 720200.0, 6178400.0 ], [ 720300.0, 6178400.0 ], [ 720300.0, 6178500.0 ], [ 720400.0, 6178500.0 ], [ 720400.0, 6178400.0 ], [ 720400.0, 6178300.0 ], [ 720300.0, 6178300.0 ], [ 720300.0, 6178200.0 ], [ 720300.0, 6178100.0 ], [ 720200.0, 6178100.0 ], [ 720100.0, 6178100.0 ], [ 720000.0, 6178100.0 ], [ 720000.0, 6178200.0 ], [ 720100.0, 6178200.0 ], [ 720100.0, 6178300.0 ] ] ] } },
{ "type": "Feature", "properties": { "Shape_Area": 10000.0, "Shape_Leng": 400.0, "cluster_id": "101_762", "fid_1": 762.0, "id_munic": 762.0, "munic_clus": "101_762", "munic_code": 101.0, "min": 3.905364990234375, "max": 3.905364990234375, "mean": 3.905364990234375, "count": 1, "std": 0.0, "range": 0.0 }, "geometry": { "type": "Polygon", "coordinates": [ [ [ 725400.0, 6177000.0 ], [ 725400.0, 6177100.0 ], [ 725500.0, 6177100.0 ], [ 725500.0, 6177000.0 ], [ 725400.0, 6177000.0 ] ] ] } },
{ "type": "Feature", "properties": { "Shape_Area": 10000.0, "Shape_Leng": 400.0, "cluster_id": "101_763", "fid_1": 763.0, "id_munic": 763.0, "munic_clus": "101_763", "munic_code": 101.0, "min": 2.9928359985351562, "max": 2.9928359985351562, "mean": 2.9928359985351562, "count": 1, "std": 0.0, "range": 0.0 }, "geometry": { "type": "Polygon", "coordinates": [ [ [ 725200.0, 6176800.0 ], [ 725200.0, 6176900.0 ], [ 725300.0, 6176900.0 ], [ 725300.0, 6176800.0 ], [ 725200.0, 6176800.0 ] ] ] } },
{ "type": "Feature", "properties": { "Shape_Area": 10000.0, "Shape_Leng": 400.0, "cluster_id": "101_764", "fid_1": 764.0, "id_munic": 764.0, "munic_clus": "101_764", "munic_code": 101.0, "min": 2.8890373706817627, "max": 2.8890373706817627, "mean": 2.8890373706817627, "count": 1, "std": 0.0, "range": 0.0 }, "geometry": { "type": "Polygon", "coordinates": [ [ [ 725200.0, 6176700.0 ], [ 725200.0, 6176800.0 ], [ 725300.0, 6176800.0 ], [ 725300.0, 6176700.0 ], [ 725200.0, 6176700.0 ] ] ] } },
{ "type": "Feature", "properties": { "Shape_Area": 10000.0, "Shape_Leng": 400.0, "cluster_id": "101_765", "fid_1": 765.0, "id_munic": 765.0, "munic_clus": "101_765", "munic_code": 101.0, "min": 2.222426176071167, "max": 2.222426176071167, "mean": 2.222426176071167, "count": 1, "std": 0.0, "range": 0.0 }, "geometry": { "type": "Polygon", "coordinates": [ [ [ 725300.0, 6176700.0 ], [ 725300.0, 6176800.0 ], [ 725400.0, 6176800.0 ], [ 725400.0, 6176700.0 ], [ 725300.0, 6176700.0 ] ] ] } },
{ "type": "Feature", "properties": { "Shape_Area": 40000.0, "Shape_Leng": 1000.0, "cluster_id": "101_766", "fid_1": 766.0, "id_munic": 766.0, "munic_clus": "101_766", "munic_code": 101.0, "min": 3.5119967460632324, "max": 3.5119967460632324, "mean": 3.5119967460632324, "count": 4, "std": 0.0, "range": 0.0 }, "geometry": { "type": "Polygon", "coordinates": [ [ [ 725400.0, 6176900.0 ], [ 725500.0, 6176900.0 ], [ 725500.0, 6177000.0 ], [ 725600.0, 6177000.0 ], [ 725600.0, 6176900.0 ], [ 725600.0, 6176800.0 ], [ 725500.0, 6176800.0 ], [ 725500.0, 6176700.0 ], [ 725400.0, 6176700.0 ], [ 725400.0, 6176800.0 ], [ 725400.0, 6176900.0 ] ] ] } },
{ "type": "Feature", "properties": { "Shape_Area": 50000.0, "Shape_Leng": 1000.0, "cluster_id": "101_767", "fid_1": 767.0, "id_munic": 767.0, "munic_clus": "101_767", "munic_code": 101.0, "min": 2.7327561378479004, "max": 2.7327561378479004, "mean": 2.7327560424804687, "count": 5, "std": 9.5367431729442842e-08, "range": 0.0 }, "geometry": { "type": "Polygon", "coordinates": [ [ [ 725200.0, 6177000.0 ], [ 725100.0, 6177000.0 ], [ 725000.0, 6177000.0 ], [ 725000.0, 6177100.0 ], [ 725000.0, 6177200.0 ], [ 725100.0, 6177200.0 ], [ 725100.0, 6177300.0 ], [ 725200.0, 6177300.0 ], [ 725200.0, 6177200.0 ], [ 725200.0, 6177100.0 ], [ 725200.0, 6177000.0 ] ] ] } },
{ "type": "Feature", "properties": { "Shape_Area": 40000.0, "Shape_Leng": 800.0, "cluster_id": "101_768", "fid_1": 768.0, "id_munic": 768.0, "munic_clus": "101_768", "munic_code": 101.0, "min": 2.8055648803710938, "max": 2.8055648803710938, "mean": 2.8055648803710938, "count": 4, "std": 0.0, "range": 0.0 }, "geometry": { "type": "Polygon", "coordinates": [ [ [ 725600.0, 6177300.0 ], [ 725500.0, 6177300.0 ], [ 725400.0, 6177300.0 ], [ 725400.0, 6177400.0 ], [ 725400.0, 6177500.0 ], [ 725500.0, 6177500.0 ], [ 725600.0, 6177500.0 ], [ 725600.0, 6177400.0 ], [ 725600.0, 6177300.0 ] ] ] } },
{ "type": "Feature", "properties": { "Shape_Area": 40000.0, "Shape_Leng": 1000.0, "cluster_id": "101_769", "fid_1": 769.0, "id_munic": 769.0, "munic_clus": "101_769", "munic_code": 101.0, "min": 2.2812399864196777, "max": 2.2812399864196777, "mean": 2.2812399864196777, "count": 4, "std": 0.0, "range": 0.0 }, "geometry": { "type": "Polygon", "coordinates": [ [ [ 720100.0, 6178600.0 ], [ 720100.0, 6178700.0 ], [ 720100.0, 6178800.0 ], [ 720200.0, 6178800.0 ], [ 720200.0, 6178700.0 ], [ 720200.0, 6178600.0 ], [ 720200.0, 6178500.0 ], [ 720200.0, 6178400.0 ], [ 720100.0, 6178400.0 ], [ 720100.0, 6178500.0 ], [ 720100.0, 6178600.0 ] ] ] } },
{ "type": "Feature", "properties": { "Shape_Area": 50000.0, "Shape_Leng": 1200.0, "cluster_id": "101_770", "fid_1": 770.0, "id_munic": 770.0, "munic_clus": "101_770", "munic_code": 101.0, "min": 2.9866714477539062, "max": 2.9866714477539062, "mean": 2.9866714477539062, "count": 5, "std": 0.0, "range": 0.0 }, "geometry": { "type": "Polygon", "coordinates": [ [ [ 717300.0, 6180000.0 ], [ 717400.0, 6180000.0 ], [ 717400.0, 6180100.0 ], [ 717500.0, 6180100.0 ], [ 717600.0, 6180100.0 ], [ 717600.0, 6180000.0 ], [ 717500.0, 6180000.0 ], [ 717500.0, 6179900.0 ], [ 717400.0, 6179900.0 ], [ 717300.0, 6179900.0 ], [ 717200.0, 6179900.0 ], [ 717200.0, 6180000.0 ], [ 717300.0, 6180000.0 ] ] ] } },
{ "type": "Feature", "properties": { "Shape_Area": 30000.0, "Shape_Leng": 800.0, "cluster_id": "101_771", "fid_1": 771.0, "id_munic": 771.0, "munic_clus": "101_771", "munic_code": 101.0, "min": 3.4306902885437012, "max": 3.4306902885437012, "mean": 3.4306901295979819, "count": 3, "std": 1.5894571925301193e-07, "range": 0.0 }, "geometry": { "type": "Polygon", "coordinates": [ [ [ 717600.0, 6180100.0 ], [ 717600.0, 6180200.0 ], [ 717700.0, 6180200.0 ], [ 717800.0, 6180200.0 ], [ 717800.0, 6180100.0 ], [ 717700.0, 6180100.0 ], [ 717700.0, 6180000.0 ], [ 717600.0, 6180000.0 ], [ 717600.0, 6180100.0 ] ] ] } },
{ "type": "Feature", "properties": { "Shape_Area": 10000.0, "Shape_Leng": 400.0, "cluster_id": "101_772", "fid_1": 772.0, "id_munic": 772.0, "munic_clus": "101_772", "munic_code": 101.0, "min": 3.2149286270141602, "max": 3.2149286270141602, "mean": 3.2149286270141602, "count": 1, "std": 0.0, "range": 0.0 }, "geometry": { "type": "Polygon", "coordinates": [ [ [ 717800.0, 6180100.0 ], [ 717800.0, 6180200.0 ], [ 717900.0, 6180200.0 ], [ 717900.0, 6180100.0 ], [ 717800.0, 6180100.0 ] ] ] } },
{ "type": "Feature", "properties": { "Shape_Area": 20000.0, "Shape_Leng": 600.0, "cluster_id": "101_773", "fid_1": 773.0, "id_munic": 773.0, "munic_clus": "101_773", "munic_code": 101.0, "min": 3.5439853668212891, "max": 3.5439853668212891, "mean": 3.5439853668212891, "count": 2, "std": 0.0, "range": 0.0 }, "geometry": { "type": "Polygon", "coordinates": [ [ [ 722100.0, 6179800.0 ], [ 722100.0, 6179900.0 ], [ 722200.0, 6179900.0 ], [ 722200.0, 6179800.0 ], [ 722200.0, 6179700.0 ], [ 722100.0, 6179700.0 ], [ 722100.0, 6179800.0 ] ] ] } },
{ "type": "Feature", "properties": { "Shape_Area": 40000.0, "Shape_Leng": 1000.0, "cluster_id": "101_774", "fid_1": 774.0, "id_munic": 774.0, "munic_clus": "101_774", "munic_code": 101.0, "min": 3.5689771175384521, "max": 3.5689771175384521, "mean": 3.5689771175384521, "count": 4, "std": 0.0, "range": 0.0 }, "geometry": { "type": "Polygon", "coordinates": [ [ [ 722200.0, 6179700.0 ], [ 722200.0, 6179800.0 ], [ 722300.0, 6179800.0 ], [ 722300.0, 6179700.0 ], [ 722400.0, 6179700.0 ], [ 722400.0, 6179600.0 ], [ 722300.0, 6179600.0 ], [ 722300.0, 6179500.0 ], [ 722200.0, 6179500.0 ], [ 722200.0, 6179600.0 ], [ 722200.0, 6179700.0 ] ] ] } },
{ "type": "Feature", "properties": { "Shape_Area": 70000.0, "Shape_Leng": 1600.0, "cluster_id": "101_775", "fid_1": 775.0, "id_munic": 775.0, "munic_clus": "101_775", "munic_code": 101.0, "min": 2.2722427845001221, "max": 2.2722427845001221, "mean": 2.2722426823207309, "count": 7, "std": 1.0217939117040942e-07, "range": 0.0 }, "geometry": { "type": "Polygon", "coordinates": [ [ [ 719500.0, 6172700.0 ], [ 719400.0, 6172700.0 ], [ 719400.0, 6172800.0 ], [ 719300.0, 6172800.0 ], [ 719300.0, 6172900.0 ], [ 719400.0, 6172900.0 ], [ 719400.0, 6173000.0 ], [ 719500.0, 6173000.0 ], [ 719500.0, 6172900.0 ], [ 719500.0, 6172800.0 ], [ 719600.0, 6172800.0 ], [ 719600.0, 6172700.0 ], [ 719600.0, 6172600.0 ], [ 719600.0, 6172500.0 ], [ 719500.0, 6172500.0 ], [ 719500.0, 6172600.0 ], [ 719500.0, 6172700.0 ] ] ] } },
{ "type": "Feature", "properties": { "Shape_Area": 30000.0, "Shape_Leng": 800.0, "cluster_id": "101_776", "fid_1": 776.0, "id_munic": 776.0, "munic_clus": "101_776", "munic_code": 101.0, "min": 2.5294899940490723, "max": 2.5294899940490723, "mean": 2.5294899940490723, "count": 3, "std": 0.0, "range": 0.0 }, "geometry": { "type": "Polygon", "coordinates": [ [ [ 719600.0, 6172500.0 ], [ 719600.0, 6172600.0 ], [ 719700.0, 6172600.0 ], [ 719700.0, 6172500.0 ], [ 719800.0, 6172500.0 ], [ 719800.0, 6172400.0 ], [ 719700.0, 6172400.0 ], [ 719600.0, 6172400.0 ], [ 719600.0, 6172500.0 ] ] ] } },
{ "type": "Feature", "properties": { "Shape_Area": 20000.0, "Shape_Leng": 600.0, "cluster_id": "101_777", "fid_1": 777.0, "id_munic": 777.0, "munic_clus": "101_777", "munic_code": 101.0, "min": 3.5676443576812744, "max": 3.5676443576812744, "mean": 3.5676443576812744, "count": 2, "std": 0.0, "range": 0.0 }, "geometry": { "type": "Polygon", "coordinates": [ [ [ 720500.0, 6174700.0 ], [ 720500.0, 6174800.0 ], [ 720600.0, 6174800.0 ], [ 720600.0, 6174700.0 ], [ 720600.0, 6174600.0 ], [ 720500.0, 6174600.0 ], [ 720500.0, 6174700.0 ] ] ] } },
{ "type": "Feature", "properties": { "Shape_Area": 20000.0, "Shape_Leng": 600.0, "cluster_id": "101_778", "fid_1": 778.0, "id_munic": 778.0, "munic_clus": "101_778", "munic_code": 101.0, "min": 2.5081639289855957, "max": 2.5081639289855957, "mean": 2.5081639289855957, "count": 2, "std": 0.0, "range": 0.0 }, "geometry": { "type": "Polygon", "coordinates": [ [ [ 720600.0, 6174700.0 ], [ 720600.0, 6174800.0 ], [ 720700.0, 6174800.0 ], [ 720700.0, 6174700.0 ], [ 720700.0, 6174600.0 ], [ 720600.0, 6174600.0 ], [ 720600.0, 6174700.0 ] ] ] } },
{ "type": "Feature", "properties": { "Shape_Area": 40000.0, "Shape_Leng": 1000.0, "cluster_id": "101_779", "fid_1": 779.0, "id_munic": 779.0, "munic_clus": "101_779", "munic_code": 101.0, "min": 3.164445161819458, "max": 3.164445161819458, "mean": 3.164445161819458, "count": 4, "std": 0.0, "range": 0.0 }, "geometry": { "type": "Polygon", "coordinates": [ [ [ 720200.0, 6178600.0 ], [ 720200.0, 6178700.0 ], [ 720200.0, 6178800.0 ], [ 720300.0, 6178800.0 ], [ 720300.0, 6178700.0 ], [ 720300.0, 6178600.0 ], [ 720300.0, 6178500.0 ], [ 720300.0, 6178400.0 ], [ 720200.0, 6178400.0 ], [ 720200.0, 6178500.0 ], [ 720200.0, 6178600.0 ] ] ] } },
{ "type": "Feature", "properties": { "Shape_Area": 10000.0, "Shape_Leng": 400.0, "cluster_id": "101_780", "fid_1": 780.0, "id_munic": 780.0, "munic_clus": "101_780", "munic_code": 101.0, "min": 2.5954687595367432, "max": 2.5954687595367432, "mean": 2.5954687595367432, "count": 1, "std": 0.0, "range": 0.0 }, "geometry": { "type": "Polygon", "coordinates": [ [ [ 722700.0, 6174500.0 ], [ 722700.0, 6174600.0 ], [ 722800.0, 6174600.0 ], [ 722800.0, 6174500.0 ], [ 722700.0, 6174500.0 ] ] ] } },
{ "type": "Feature", "properties": { "Shape_Area": 10000.0, "Shape_Leng": 400.0, "cluster_id": "101_781", "fid_1": 781.0, "id_munic": 781.0, "munic_clus": "101_781", "munic_code": 101.0, "min": 2.6507830619812012, "max": 2.6507830619812012, "mean": 2.6507830619812012, "count": 1, "std": 0.0, "range": 0.0 }, "geometry": { "type": "Polygon", "coordinates": [ [ [ 720600.0, 6174500.0 ], [ 720600.0, 6174600.0 ], [ 720700.0, 6174600.0 ], [ 720700.0, 6174500.0 ], [ 720600.0, 6174500.0 ] ] ] } },
{ "type": "Feature", "properties": { "Shape_Area": 20000.0, "Shape_Leng": 600.0, "cluster_id": "101_782", "fid_1": 782.0, "id_munic": 782.0, "munic_clus": "101_782", "munic_code": 101.0, "min": 2.2210934162139893, "max": 2.2210934162139893, "mean": 2.2210934162139893, "count": 2, "std": 0.0, "range": 0.0 }, "geometry": { "type": "Polygon", "coordinates": [ [ [ 720700.0, 6174600.0 ], [ 720800.0, 6174600.0 ], [ 720900.0, 6174600.0 ], [ 720900.0, 6174500.0 ], [ 720800.0, 6174500.0 ], [ 720700.0, 6174500.0 ], [ 720700.0, 6174600.0 ] ] ] } },
{ "type": "Feature", "properties": { "Shape_Area": 10000.0, "Shape_Leng": 400.0, "cluster_id": "101_783", "fid_1": 783.0, "id_munic": 783.0, "munic_clus": "101_783", "munic_code": 101.0, "min": 2.488004207611084, "max": 2.488004207611084, "mean": 2.488004207611084, "count": 1, "std": 0.0, "range": 0.0 }, "geometry": { "type": "Polygon", "coordinates": [ [ [ 720700.0, 6174700.0 ], [ 720700.0, 6174800.0 ], [ 720800.0, 6174800.0 ], [ 720800.0, 6174700.0 ], [ 720700.0, 6174700.0 ] ] ] } },
{ "type": "Feature", "properties": { "Shape_Area": 50000.0, "Shape_Leng": 1000.0, "cluster_id": "101_784", "fid_1": 784.0, "id_munic": 784.0, "munic_clus": "101_784", "munic_code": 101.0, "min": 3.5334892272949219, "max": 3.5334892272949219, "mean": 3.5334892272949219, "count": 5, "std": 0.0, "range": 0.0 }, "geometry": { "type": "Polygon", "coordinates": [ [ [ 720500.0, 6174500.0 ], [ 720400.0, 6174500.0 ], [ 720400.0, 6174600.0 ], [ 720300.0, 6174600.0 ], [ 720300.0, 6174700.0 ], [ 720300.0, 6174800.0 ], [ 720400.0, 6174800.0 ], [ 720500.0, 6174800.0 ], [ 720500.0, 6174700.0 ], [ 720500.0, 6174600.0 ], [ 720500.0, 6174500.0 ] ] ] } },
{ "type": "Feature", "properties": { "Shape_Area": 20000.0, "Shape_Leng": 600.0, "cluster_id": "101_785", "fid_1": 785.0, "id_munic": 785.0, "munic_clus": "101_785", "munic_code": 101.0, "min": 3.0191605091094971, "max": 3.0191605091094971, "mean": 3.0191605091094971, "count": 2, "std": 0.0, "range": 0.0 }, "geometry": { "type": "Polygon", "coordinates": [ [ [ 720200.0, 6174700.0 ], [ 720200.0, 6174800.0 ], [ 720300.0, 6174800.0 ], [ 720300.0, 6174700.0 ], [ 720300.0, 6174600.0 ], [ 720200.0, 6174600.0 ], [ 720200.0, 6174700.0 ] ] ] } },
{ "type": "Feature", "properties": { "Shape_Area": 40000.0, "Shape_Leng": 1000.0, "cluster_id": "101_786", "fid_1": 786.0, "id_munic": 786.0, "munic_clus": "101_786", "munic_code": 101.0, "min": 3.03165602684021, "max": 3.03165602684021, "mean": 3.03165602684021, "count": 4, "std": 0.0, "range": 0.0 }, "geometry": { "type": "Polygon", "coordinates": [ [ [ 720200.0, 6174600.0 ], [ 720100.0, 6174600.0 ], [ 720100.0, 6174700.0 ], [ 720000.0, 6174700.0 ], [ 719900.0, 6174700.0 ], [ 719900.0, 6174800.0 ], [ 720000.0, 6174800.0 ], [ 720100.0, 6174800.0 ], [ 720200.0, 6174800.0 ], [ 720200.0, 6174700.0 ], [ 720200.0, 6174600.0 ] ] ] } },
{ "type": "Feature", "properties": { "Shape_Area": 10000.0, "Shape_Leng": 400.0, "cluster_id": "101_787", "fid_1": 787.0, "id_munic": 787.0, "munic_clus": "101_787", "munic_code": 101.0, "min": 2.1779410839080811, "max": 2.1779410839080811, "mean": 2.1779410839080811, "count": 1, "std": 0.0, "range": 0.0 }, "geometry": { "type": "Polygon", "coordinates": [ [ [ 720500.0, 6174500.0 ], [ 720500.0, 6174600.0 ], [ 720600.0, 6174600.0 ], [ 720600.0, 6174500.0 ], [ 720500.0, 6174500.0 ] ] ] } },
{ "type": "Feature", "properties": { "Shape_Area": 20000.0, "Shape_Leng": 600.0, "cluster_id": "101_788", "fid_1": 788.0, "id_munic": 788.0, "munic_clus": "101_788", "munic_code": 101.0, "min": 3.9883370399475098, "max": 3.9883370399475098, "mean": 3.9883370399475098, "count": 2, "std": 0.0, "range": 0.0 }, "geometry": { "type": "Polygon", "coordinates": [ [ [ 720700.0, 6174700.0 ], [ 720800.0, 6174700.0 ], [ 720900.0, 6174700.0 ], [ 720900.0, 6174600.0 ], [ 720800.0, 6174600.0 ], [ 720700.0, 6174600.0 ], [ 720700.0, 6174700.0 ] ] ] } },
{ "type": "Feature", "properties": { "Shape_Area": 10000.0, "Shape_Leng": 400.0, "cluster_id": "101_789", "fid_1": 789.0, "id_munic": 789.0, "munic_clus": "101_789", "munic_code": 101.0, "min": 3.2582476139068604, "max": 3.2582476139068604, "mean": 3.2582476139068604, "count": 1, "std": 0.0, "range": 0.0 }, "geometry": { "type": "Polygon", "coordinates": [ [ [ 720800.0, 6174700.0 ], [ 720800.0, 6174800.0 ], [ 720900.0, 6174800.0 ], [ 720900.0, 6174700.0 ], [ 720800.0, 6174700.0 ] ] ] } },
{ "type": "Feature", "properties": { "Shape_Area": 20000.0, "Shape_Leng": 600.0, "cluster_id": "101_790", "fid_1": 790.0, "id_munic": 790.0, "munic_clus": "101_790", "munic_code": 101.0, "min": 2.9841721057891846, "max": 2.9841721057891846, "mean": 2.9841721057891846, "count": 2, "std": 0.0, "range": 0.0 }, "geometry": { "type": "Polygon", "coordinates": [ [ [ 719200.0, 6177000.0 ], [ 719200.0, 6177100.0 ], [ 719300.0, 6177100.0 ], [ 719300.0, 6177000.0 ], [ 719300.0, 6176900.0 ], [ 719200.0, 6176900.0 ], [ 719200.0, 6177000.0 ] ] ] } },
{ "type": "Feature", "properties": { "Shape_Area": 20000.0, "Shape_Leng": 600.0, "cluster_id": "101_791", "fid_1": 791.0, "id_munic": 791.0, "munic_clus": "101_791", "munic_code": 101.0, "min": 2.8315563201904297, "max": 2.8315563201904297, "mean": 2.8315563201904297, "count": 2, "std": 0.0, "range": 0.0 }, "geometry": { "type": "Polygon", "coordinates": [ [ [ 720600.0, 6178700.0 ], [ 720600.0, 6178800.0 ], [ 720700.0, 6178800.0 ], [ 720700.0, 6178700.0 ], [ 720700.0, 6178600.0 ], [ 720600.0, 6178600.0 ], [ 720600.0, 6178700.0 ] ] ] } },
{ "type": "Feature", "properties": { "Shape_Area": 20000.0, "Shape_Leng": 600.0, "cluster_id": "101_792", "fid_1": 792.0, "id_munic": 792.0, "munic_clus": "101_792", "munic_code": 101.0, "min": 3.0646450519561768, "max": 3.0646450519561768, "mean": 3.0646450519561768, "count": 2, "std": 0.0, "range": 0.0 }, "geometry": { "type": "Polygon", "coordinates": [ [ [ 720600.0, 6179000.0 ], [ 720700.0, 6179000.0 ], [ 720800.0, 6179000.0 ], [ 720800.0, 6178900.0 ], [ 720700.0, 6178900.0 ], [ 720600.0, 6178900.0 ], [ 720600.0, 6179000.0 ] ] ] } },
{ "type": "Feature", "properties": { "Shape_Area": 40000.0, "Shape_Leng": 800.0, "cluster_id": "101_793", "fid_1": 793.0, "id_munic": 793.0, "munic_clus": "101_793", "munic_code": 101.0, "min": 3.0708103179931641, "max": 3.0708103179931641, "mean": 3.0708103179931641, "count": 4, "std": 0.0, "range": 0.0 }, "geometry": { "type": "Polygon", "coordinates": [ [ [ 719100.0, 6176700.0 ], [ 719000.0, 6176700.0 ], [ 718900.0, 6176700.0 ], [ 718900.0, 6176800.0 ], [ 718900.0, 6176900.0 ], [ 719000.0, 6176900.0 ], [ 719100.0, 6176900.0 ], [ 719100.0, 6176800.0 ], [ 719100.0, 6176700.0 ] ] ] } },
{ "type": "Feature", "properties": { "Shape_Area": 30000.0, "Shape_Leng": 800.0, "cluster_id": "101_794", "fid_1": 794.0, "id_munic": 794.0, "munic_clus": "101_794", "munic_code": 101.0, "min": 2.4638457298278809, "max": 2.4638457298278809, "mean": 2.4638457298278809, "count": 3, "std": 0.0, "range": 0.0 }, "geometry": { "type": "Polygon", "coordinates": [ [ [ 719100.0, 6177200.0 ], [ 719000.0, 6177200.0 ], [ 719000.0, 6177300.0 ], [ 719100.0, 6177300.0 ], [ 719200.0, 6177300.0 ], [ 719200.0, 6177200.0 ], [ 719200.0, 6177100.0 ], [ 719100.0, 6177100.0 ], [ 719100.0, 6177200.0 ] ] ] } },
{ "type": "Feature", "properties": { "Shape_Area": 10000.0, "Shape_Leng": 400.0, "cluster_id": "101_795", "fid_1": 795.0, "id_munic": 795.0, "munic_clus": "101_795", "munic_code": 101.0, "min": 3.5624794960021973, "max": 3.5624794960021973, "mean": 3.5624794960021973, "count": 1, "std": 0.0, "range": 0.0 }, "geometry": { "type": "Polygon", "coordinates": [ [ [ 718900.0, 6180700.0 ], [ 718900.0, 6180800.0 ], [ 719000.0, 6180800.0 ], [ 719000.0, 6180700.0 ], [ 718900.0, 6180700.0 ] ] ] } },
{ "type": "Feature", "properties": { "Shape_Area": 10000.0, "Shape_Leng": 400.0, "cluster_id": "101_796", "fid_1": 796.0, "id_munic": 796.0, "munic_clus": "101_796", "munic_code": 101.0, "min": 3.8255584239959717, "max": 3.8255584239959717, "mean": 3.8255584239959717, "count": 1, "std": 0.0, "range": 0.0 }, "geometry": { "type": "Polygon", "coordinates": [ [ [ 720300.0, 6178800.0 ], [ 720300.0, 6178900.0 ], [ 720400.0, 6178900.0 ], [ 720400.0, 6178800.0 ], [ 720300.0, 6178800.0 ] ] ] } },
{ "type": "Feature", "properties": { "Shape_Area": 40000.0, "Shape_Leng": 1000.0, "cluster_id": "101_797", "fid_1": 797.0, "id_munic": 797.0, "munic_clus": "101_797", "munic_code": 101.0, "min": 3.2819061279296875, "max": 3.2819061279296875, "mean": 3.2819061279296875, "count": 4, "std": 0.0, "range": 0.0 }, "geometry": { "type": "Polygon", "coordinates": [ [ [ 718700.0, 6180800.0 ], [ 718700.0, 6180900.0 ], [ 718800.0, 6180900.0 ], [ 718800.0, 6180800.0 ], [ 718900.0, 6180800.0 ], [ 718900.0, 6180700.0 ], [ 718800.0, 6180700.0 ], [ 718700.0, 6180700.0 ], [ 718600.0, 6180700.0 ], [ 718600.0, 6180800.0 ], [ 718700.0, 6180800.0 ] ] ] } },
{ "type": "Feature", "properties": { "Shape_Area": 30000.0, "Shape_Leng": 800.0, "cluster_id": "101_798", "fid_1": 798.0, "id_munic": 798.0, "munic_clus": "101_798", "munic_code": 101.0, "min": 3.0244922637939453, "max": 3.0244922637939453, "mean": 3.0244922637939453, "count": 3, "std": 0.0, "range": 0.0 }, "geometry": { "type": "Polygon", "coordinates": [ [ [ 718600.0, 6180500.0 ], [ 718600.0, 6180600.0 ], [ 718700.0, 6180600.0 ], [ 718700.0, 6180500.0 ], [ 718800.0, 6180500.0 ], [ 718800.0, 6180400.0 ], [ 718700.0, 6180400.0 ], [ 718600.0, 6180400.0 ], [ 718600.0, 6180500.0 ] ] ] } },
{ "type": "Feature", "properties": { "Shape_Area": 40000.0, "Shape_Leng": 800.0, "cluster_id": "101_799", "fid_1": 799.0, "id_munic": 799.0, "munic_clus": "101_799", "munic_code": 101.0, "min": 3.285738468170166, "max": 3.285738468170166, "mean": 3.285738468170166, "count": 4, "std": 0.0, "range": 0.0 }, "geometry": { "type": "Polygon", "coordinates": [ [ [ 719200.0, 6180300.0 ], [ 719100.0, 6180300.0 ], [ 719000.0, 6180300.0 ], [ 719000.0, 6180400.0 ], [ 719000.0, 6180500.0 ], [ 719100.0, 6180500.0 ], [ 719200.0, 6180500.0 ], [ 719200.0, 6180400.0 ], [ 719200.0, 6180300.0 ] ] ] } },
{ "type": "Feature", "properties": { "Shape_Area": 80000.0, "Shape_Leng": 1400.0, "cluster_id": "101_800", "fid_1": 800.0, "id_munic": 800.0, "munic_clus": "101_800", "munic_code": 101.0, "min": 2.8470513820648193, "max": 2.8470513820648193, "mean": 2.8470513820648193, "count": 8, "std": 0.0, "range": 0.0 }, "geometry": { "type": "Polygon", "coordinates": [ [ [ 718900.0, 6180100.0 ], [ 718900.0, 6180200.0 ], [ 718800.0, 6180200.0 ], [ 718800.0, 6180300.0 ], [ 718800.0, 6180400.0 ], [ 718800.0, 6180500.0 ], [ 718900.0, 6180500.0 ], [ 719000.0, 6180500.0 ], [ 719000.0, 6180400.0 ], [ 719000.0, 6180300.0 ], [ 719100.0, 6180300.0 ], [ 719100.0, 6180200.0 ], [ 719000.0, 6180200.0 ], [ 719000.0, 6180100.0 ], [ 718900.0, 6180100.0 ] ] ] } },
{ "type": "Feature", "properties": { "Shape_Area": 30000.0, "Shape_Leng": 800.0, "cluster_id": "101_801", "fid_1": 801.0, "id_munic": 801.0, "munic_clus": "101_801", "munic_code": 101.0, "min": 3.5983004570007324, "max": 3.5983004570007324, "mean": 3.5983002980550132, "count": 3, "std": 1.5894571925301193e-07, "range": 0.0 }, "geometry": { "type": "Polygon", "coordinates": [ [ [ 718400.0, 6180000.0 ], [ 718400.0, 6180100.0 ], [ 718500.0, 6180100.0 ], [ 718500.0, 6180000.0 ], [ 718600.0, 6180000.0 ], [ 718600.0, 6179900.0 ], [ 718500.0, 6179900.0 ], [ 718400.0, 6179900.0 ], [ 718400.0, 6180000.0 ] ] ] } },
{ "type": "Feature", "properties": { "Shape_Area": 110000.0, "Shape_Leng": 1600.0, "cluster_id": "101_802", "fid_1": 802.0, "id_munic": 802.0, "munic_clus": "101_802", "munic_code": 101.0, "min": 2.3518829345703125, "max": 2.3518829345703125, "mean": 2.3518829345703125, "count": 11, "std": 0.0, "range": 0.0 }, "geometry": { "type": "Polygon", "coordinates": [ [ [ 718800.0, 6179600.0 ], [ 718800.0, 6179700.0 ], [ 718800.0, 6179800.0 ], [ 718800.0, 6179900.0 ], [ 718900.0, 6179900.0 ], [ 719000.0, 6179900.0 ], [ 719000.0, 6179800.0 ], [ 719000.0, 6179700.0 ], [ 719000.0, 6179600.0 ], [ 719000.0, 6179500.0 ], [ 719000.0, 6179400.0 ], [ 718900.0, 6179400.0 ], [ 718800.0, 6179400.0 ], [ 718700.0, 6179400.0 ], [ 718700.0, 6179500.0 ], [ 718800.0, 6179500.0 ], [ 718800.0, 6179600.0 ] ] ] } },
{ "type": "Feature", "properties": { "Shape_Area": 30000.0, "Shape_Leng": 800.0, "cluster_id": "101_803", "fid_1": 803.0, "id_munic": 803.0, "munic_clus": "101_803", "munic_code": 101.0, "min": 3.5308229923248291, "max": 3.5308229923248291, "mean": 3.530823071797689, "count": 3, "std": 7.947285984855057e-08, "range": 0.0 }, "geometry": { "type": "Polygon", "coordinates": [ [ [ 719000.0, 6180000.0 ], [ 719000.0, 6180100.0 ], [ 719000.0, 6180200.0 ], [ 719100.0, 6180200.0 ], [ 719100.0, 6180100.0 ], [ 719100.0, 6180000.0 ], [ 719100.0, 6179900.0 ], [ 719000.0, 6179900.0 ], [ 719000.0, 6180000.0 ] ] ] } },
{ "type": "Feature", "properties": { "Shape_Area": 30000.0, "Shape_Leng": 800.0, "cluster_id": "101_804", "fid_1": 804.0, "id_munic": 804.0, "munic_clus": "101_804", "munic_code": 101.0, "min": 2.9960017204284668, "max": 2.9960017204284668, "mean": 2.9960015614827475, "count": 3, "std": 1.5894571925301193e-07, "range": 0.0 }, "geometry": { "type": "Polygon", "coordinates": [ [ [ 718600.0, 6179900.0 ], [ 718600.0, 6180000.0 ], [ 718700.0, 6180000.0 ], [ 718700.0, 6179900.0 ], [ 718800.0, 6179900.0 ], [ 718800.0, 6179800.0 ], [ 718700.0, 6179800.0 ], [ 718600.0, 6179800.0 ], [ 718600.0, 6179900.0 ] ] ] } },
{ "type": "Feature", "properties": { "Shape_Area": 20000.0, "Shape_Leng": 600.0, "cluster_id": "101_805", "fid_1": 805.0, "id_munic": 805.0, "munic_clus": "101_805", "munic_code": 101.0, "min": 3.0074977874755859, "max": 3.0074977874755859, "mean": 3.0074977874755859, "count": 2, "std": 0.0, "range": 0.0 }, "geometry": { "type": "Polygon", "coordinates": [ [ [ 717900.0, 6179600.0 ], [ 717900.0, 6179700.0 ], [ 718000.0, 6179700.0 ], [ 718000.0, 6179600.0 ], [ 718000.0, 6179500.0 ], [ 717900.0, 6179500.0 ], [ 717900.0, 6179600.0 ] ] ] } },
{ "type": "Feature", "properties": { "Shape_Area": 290000.0, "Shape_Leng": 3400.0, "cluster_id": "101_806", "fid_1": 806.0, "id_munic": 806.0, "munic_clus": "101_806", "munic_code": 101.0, "min": 3.588970422744751, "max": 3.588970422744751, "mean": 3.5889708420325972, "count": 29, "std": 4.1928784622058396e-07, "range": 0.0 }, "geometry": { "type": "Polygon", "coordinates": [ [ [ 717900.0, 6179800.0 ], [ 717900.0, 6179900.0 ], [ 717900.0, 6180000.0 ], [ 717900.0, 6180100.0 ], [ 717900.0, 6180200.0 ], [ 718000.0, 6180200.0 ], [ 718000.0, 6180300.0 ], [ 718100.0, 6180300.0 ], [ 718200.0, 6180300.0 ], [ 718200.0, 6180400.0 ], [ 718300.0, 6180400.0 ], [ 718400.0, 6180400.0 ], [ 718400.0, 6180300.0 ], [ 718500.0, 6180300.0 ], [ 718500.0, 6180200.0 ], [ 718500.0, 6180100.0 ], [ 718400.0, 6180100.0 ], [ 718300.0, 6180100.0 ], [ 718200.0, 6180100.0 ], [ 718200.0, 6180000.0 ], [ 718100.0, 6180000.0 ], [ 718100.0, 6179900.0 ], [ 718100.0, 6179800.0 ], [ 718200.0, 6179800.0 ], [ 718200.0, 6179700.0 ], [ 718300.0, 6179700.0 ], [ 718300.0, 6179600.0 ], [ 718300.0, 6179500.0 ], [ 718200.0, 6179500.0 ], [ 718100.0, 6179500.0 ], [ 718000.0, 6179500.0 ], [ 718000.0, 6179600.0 ], [ 718000.0, 6179700.0 ], [ 717900.0, 6179700.0 ], [ 717900.0, 6179800.0 ] ] ] } },
{ "type": "Feature", "properties": { "Shape_Area": 130000.0, "Shape_Leng": 1800.0, "cluster_id": "101_807", "fid_1": 807.0, "id_munic": 807.0, "munic_clus": "101_807", "munic_code": 101.0, "min": 3.2469179630279541, "max": 3.2469179630279541, "mean": 3.246918018047626, "count": 13, "std": 5.5019671929557035e-08, "range": 0.0 }, "geometry": { "type": "Polygon", "coordinates": [ [ [ 718700.0, 6179900.0 ], [ 718700.0, 6180000.0 ], [ 718600.0, 6180000.0 ], [ 718500.0, 6180000.0 ], [ 718500.0, 6180100.0 ], [ 718500.0, 6180200.0 ], [ 718500.0, 6180300.0 ], [ 718600.0, 6180300.0 ], [ 718600.0, 6180200.0 ], [ 718700.0, 6180200.0 ], [ 718800.0, 6180200.0 ], [ 718900.0, 6180200.0 ], [ 718900.0, 6180100.0 ], [ 719000.0, 6180100.0 ], [ 719000.0, 6180000.0 ], [ 719000.0, 6179900.0 ], [ 718900.0, 6179900.0 ], [ 718800.0, 6179900.0 ], [ 718700.0, 6179900.0 ] ] ] } },
{ "type": "Feature", "properties": { "Shape_Area": 20000.0, "Shape_Leng": 600.0, "cluster_id": "101_808", "fid_1": 808.0, "id_munic": 808.0, "munic_clus": "101_808", "munic_code": 101.0, "min": 3.5163278579711914, "max": 3.5163278579711914, "mean": 3.5163278579711914, "count": 2, "std": 0.0, "range": 0.0 }, "geometry": { "type": "Polygon", "coordinates": [ [ [ 718900.0, 6180600.0 ], [ 718900.0, 6180700.0 ], [ 719000.0, 6180700.0 ], [ 719000.0, 6180600.0 ], [ 719000.0, 6180500.0 ], [ 718900.0, 6180500.0 ], [ 718900.0, 6180600.0 ] ] ] } },
{ "type": "Feature", "properties": { "Shape_Area": 10000.0, "Shape_Leng": 400.0, "cluster_id": "101_809", "fid_1": 809.0, "id_munic": 809.0, "munic_clus": "101_809", "munic_code": 101.0, "min": 3.2107632160186768, "max": 3.2107632160186768, "mean": 3.2107632160186768, "count": 1, "std": 0.0, "range": 0.0 }, "geometry": { "type": "Polygon", "coordinates": [ [ [ 718700.0, 6180600.0 ], [ 718700.0, 6180700.0 ], [ 718800.0, 6180700.0 ], [ 718800.0, 6180600.0 ], [ 718700.0, 6180600.0 ] ] ] } },
{ "type": "Feature", "properties": { "Shape_Area": 30000.0, "Shape_Leng": 800.0, "cluster_id": "101_810", "fid_1": 810.0, "id_munic": 810.0, "munic_clus": "101_810", "munic_code": 101.0, "min": 3.962846040725708, "max": 3.962846040725708, "mean": 3.9628461201985679, "count": 3, "std": 7.947285984855057e-08, "range": 0.0 }, "geometry": { "type": "Polygon", "coordinates": [ [ [ 718700.0, 6180600.0 ], [ 718800.0, 6180600.0 ], [ 718800.0, 6180700.0 ], [ 718900.0, 6180700.0 ], [ 718900.0, 6180600.0 ], [ 718900.0, 6180500.0 ], [ 718800.0, 6180500.0 ], [ 718700.0, 6180500.0 ], [ 718700.0, 6180600.0 ] ] ] } },
{ "type": "Feature", "properties": { "Shape_Area": 20000.0, "Shape_Leng": 600.0, "cluster_id": "101_811", "fid_1": 811.0, "id_munic": 811.0, "munic_clus": "101_811", "munic_code": 101.0, "min": 3.5484838485717773, "max": 3.5484838485717773, "mean": 3.5484838485717773, "count": 2, "std": 0.0, "range": 0.0 }, "geometry": { "type": "Polygon", "coordinates": [ [ [ 718700.0, 6180300.0 ], [ 718700.0, 6180400.0 ], [ 718800.0, 6180400.0 ], [ 718800.0, 6180300.0 ], [ 718800.0, 6180200.0 ], [ 718700.0, 6180200.0 ], [ 718700.0, 6180300.0 ] ] ] } },
{ "type": "Feature", "properties": { "Shape_Area": 40000.0, "Shape_Leng": 1000.0, "cluster_id": "101_812", "fid_1": 812.0, "id_munic": 812.0, "munic_clus": "101_812", "munic_code": 101.0, "min": 3.2794065475463867, "max": 3.2794065475463867, "mean": 3.2794065475463867, "count": 4, "std": 0.0, "range": 0.0 }, "geometry": { "type": "Polygon", "coordinates": [ [ [ 719800.0, 6178500.0 ], [ 719800.0, 6178600.0 ], [ 719800.0, 6178700.0 ], [ 719900.0, 6178700.0 ], [ 719900.0, 6178600.0 ], [ 719900.0, 6178500.0 ], [ 719900.0, 6178400.0 ], [ 719900.0, 6178300.0 ], [ 719800.0, 6178300.0 ], [ 719800.0, 6178400.0 ], [ 719800.0, 6178500.0 ] ] ] } },
{ "type": "Feature", "properties": { "Shape_Area": 50000.0, "Shape_Leng": 1000.0, "cluster_id": "101_813", "fid_1": 813.0, "id_munic": 813.0, "munic_clus": "101_813", "munic_code": 101.0, "min": 2.9918360710144043, "max": 2.9918360710144043, "mean": 2.991836166381836, "count": 5, "std": 9.5367431729442842e-08, "range": 0.0 }, "geometry": { "type": "Polygon", "coordinates": [ [ [ 718200.0, 6180000.0 ], [ 718200.0, 6180100.0 ], [ 718300.0, 6180100.0 ], [ 718400.0, 6180100.0 ], [ 718400.0, 6180000.0 ], [ 718400.0, 6179900.0 ], [ 718300.0, 6179900.0 ], [ 718200.0, 6179900.0 ], [ 718100.0, 6179900.0 ], [ 718100.0, 6180000.0 ], [ 718200.0, 6180000.0 ] ] ] } },
{ "type": "Feature", "properties": { "Shape_Area": 40000.0, "Shape_Leng": 1000.0, "cluster_id": "101_814", "fid_1": 814.0, "id_munic": 814.0, "munic_clus": "101_814", "munic_code": 101.0, "min": 2.3280577659606934, "max": 2.3280577659606934, "mean": 2.3280577659606934, "count": 4, "std": 0.0, "range": 0.0 }, "geometry": { "type": "Polygon", "coordinates": [ [ [ 718300.0, 6179700.0 ], [ 718200.0, 6179700.0 ], [ 718200.0, 6179800.0 ], [ 718100.0, 6179800.0 ], [ 718100.0, 6179900.0 ], [ 718200.0, 6179900.0 ], [ 718300.0, 6179900.0 ], [ 718400.0, 6179900.0 ], [ 718400.0, 6179800.0 ], [ 718300.0, 6179800.0 ], [ 718300.0, 6179700.0 ] ] ] } },
{ "type": "Feature", "properties": { "Shape_Area": 50000.0, "Shape_Leng": 1000.0, "cluster_id": "101_815", "fid_1": 815.0, "id_munic": 815.0, "munic_clus": "101_815", "munic_code": 101.0, "min": 3.3335559368133545, "max": 3.3335559368133545, "mean": 3.3335559844970701, "count": 5, "std": 4.7683715642676816e-08, "range": 0.0 }, "geometry": { "type": "Polygon", "coordinates": [ [ [ 718800.0, 6179500.0 ], [ 718700.0, 6179500.0 ], [ 718600.0, 6179500.0 ], [ 718600.0, 6179600.0 ], [ 718600.0, 6179700.0 ], [ 718700.0, 6179700.0 ], [ 718700.0, 6179800.0 ], [ 718800.0, 6179800.0 ], [ 718800.0, 6179700.0 ], [ 718800.0, 6179600.0 ], [ 718800.0, 6179500.0 ] ] ] } },
{ "type": "Feature", "properties": { "Shape_Area": 100000.0, "Shape_Leng": 1800.0, "cluster_id": "101_816", "fid_1": 816.0, "id_munic": 816.0, "munic_clus": "101_816", "munic_code": 101.0, "min": 3.1401207447052002, "max": 3.1401207447052002, "mean": 3.1401208877563476, "count": 10, "std": 1.4305114737211966e-07, "range": 0.0 }, "geometry": { "type": "Polygon", "coordinates": [ [ [ 718400.0, 6180300.0 ], [ 718400.0, 6180400.0 ], [ 718300.0, 6180400.0 ], [ 718300.0, 6180500.0 ], [ 718400.0, 6180500.0 ], [ 718400.0, 6180600.0 ], [ 718400.0, 6180700.0 ], [ 718500.0, 6180700.0 ], [ 718500.0, 6180800.0 ], [ 718600.0, 6180800.0 ], [ 718600.0, 6180700.0 ], [ 718700.0, 6180700.0 ], [ 718700.0, 6180600.0 ], [ 718600.0, 6180600.0 ], [ 718600.0, 6180500.0 ], [ 718600.0, 6180400.0 ], [ 718500.0, 6180400.0 ], [ 718500.0, 6180300.0 ], [ 718400.0, 6180300.0 ] ] ] } },
{ "type": "Feature", "properties": { "Shape_Area": 30000.0, "Shape_Leng": 800.0, "cluster_id": "101_817", "fid_1": 817.0, "id_munic": 817.0, "munic_clus": "101_817", "munic_code": 101.0, "min": 3.619626522064209, "max": 3.619626522064209, "mean": 3.6196263631184897, "count": 3, "std": 1.5894571925301193e-07, "range": 0.0 }, "geometry": { "type": "Polygon", "coordinates": [ [ [ 718600.0, 6180300.0 ], [ 718500.0, 6180300.0 ], [ 718500.0, 6180400.0 ], [ 718600.0, 6180400.0 ], [ 718700.0, 6180400.0 ], [ 718700.0, 6180300.0 ], [ 718700.0, 6180200.0 ], [ 718600.0, 6180200.0 ], [ 718600.0, 6180300.0 ] ] ] } },
{ "type": "Feature", "properties": { "Shape_Area": 40000.0, "Shape_Leng": 800.0, "cluster_id": "101_818", "fid_1": 818.0, "id_munic": 818.0, "munic_clus": "101_818", "munic_code": 101.0, "min": 3.6304571628570557, "max": 3.6304571628570557, "mean": 3.6304571628570557, "count": 4, "std": 0.0, "range": 0.0 }, "geometry": { "type": "Polygon", "coordinates": [ [ [ 721900.0, 6179300.0 ], [ 721800.0, 6179300.0 ], [ 721700.0, 6179300.0 ], [ 721700.0, 6179400.0 ], [ 721700.0, 6179500.0 ], [ 721800.0, 6179500.0 ], [ 721900.0, 6179500.0 ], [ 721900.0, 6179400.0 ], [ 721900.0, 6179300.0 ] ] ] } },
{ "type": "Feature", "properties": { "Shape_Area": 30000.0, "Shape_Leng": 800.0, "cluster_id": "101_819", "fid_1": 819.0, "id_munic": 819.0, "munic_clus": "101_819", "munic_code": 101.0, "min": 4.0221595764160156, "max": 4.0221595764160156, "mean": 4.0221595764160156, "count": 3, "std": 0.0, "range": 0.0 }, "geometry": { "type": "Polygon", "coordinates": [ [ [ 721500.0, 6179400.0 ], [ 721600.0, 6179400.0 ], [ 721600.0, 6179500.0 ], [ 721700.0, 6179500.0 ], [ 721700.0, 6179400.0 ], [ 721700.0, 6179300.0 ], [ 721600.0, 6179300.0 ], [ 721500.0, 6179300.0 ], [ 721500.0, 6179400.0 ] ] ] } },
{ "type": "Feature", "properties": { "Shape_Area": 20000.0, "Shape_Leng": 600.0, "cluster_id": "101_820", "fid_1": 820.0, "id_munic": 820.0, "munic_clus": "101_820", "munic_code": 101.0, "min": 3.076141357421875, "max": 3.076141357421875, "mean": 3.076141357421875, "count": 2, "std": 0.0, "range": 0.0 }, "geometry": { "type": "Polygon", "coordinates": [ [ [ 720000.0, 6178000.0 ], [ 720100.0, 6178000.0 ], [ 720200.0, 6178000.0 ], [ 720200.0, 6177900.0 ], [ 720100.0, 6177900.0 ], [ 720000.0, 6177900.0 ], [ 720000.0, 6178000.0 ] ] ] } },
{ "type": "Feature", "properties": { "Shape_Area": 20000.0, "Shape_Leng": 600.0, "cluster_id": "101_821", "fid_1": 821.0, "id_munic": 821.0, "munic_clus": "101_821", "munic_code": 101.0, "min": 2.9276912212371826, "max": 2.9276912212371826, "mean": 2.9276912212371826, "count": 2, "std": 0.0, "range": 0.0 }, "geometry": { "type": "Polygon", "coordinates": [ [ [ 721700.0, 6179600.0 ], [ 721800.0, 6179600.0 ], [ 721900.0, 6179600.0 ], [ 721900.0, 6179500.0 ], [ 721800.0, 6179500.0 ], [ 721700.0, 6179500.0 ], [ 721700.0, 6179600.0 ] ] ] } },
{ "type": "Feature", "properties": { "Shape_Area": 10000.0, "Shape_Leng": 400.0, "cluster_id": "101_822", "fid_1": 822.0, "id_munic": 822.0, "munic_clus": "101_822", "munic_code": 101.0, "min": 3.6624464988708496, "max": 3.6624464988708496, "mean": 3.6624464988708496, "count": 1, "std": 0.0, "range": 0.0 }, "geometry": { "type": "Polygon", "coordinates": [ [ [ 721600.0, 6178800.0 ], [ 721600.0, 6178900.0 ], [ 721700.0, 6178900.0 ], [ 721700.0, 6178800.0 ], [ 721600.0, 6178800.0 ] ] ] } },
{ "type": "Feature", "properties": { "Shape_Area": 30000.0, "Shape_Leng": 800.0, "cluster_id": "101_823", "fid_1": 823.0, "id_munic": 823.0, "munic_clus": "101_823", "munic_code": 101.0, "min": 4.9598474502563477, "max": 4.9598474502563477, "mean": 4.9598474502563477, "count": 3, "std": 0.0, "range": 0.0 }, "geometry": { "type": "Polygon", "coordinates": [ [ [ 721500.0, 6178900.0 ], [ 721400.0, 6178900.0 ], [ 721400.0, 6179000.0 ], [ 721500.0, 6179000.0 ], [ 721600.0, 6179000.0 ], [ 721600.0, 6178900.0 ], [ 721600.0, 6178800.0 ], [ 721500.0, 6178800.0 ], [ 721500.0, 6178900.0 ] ] ] } },
{ "type": "Feature", "properties": { "Shape_Area": 50000.0, "Shape_Leng": 1000.0, "cluster_id": "101_824", "fid_1": 824.0, "id_munic": 824.0, "munic_clus": "101_824", "munic_code": 101.0, "min": 2.8818728923797607, "max": 2.8818728923797607, "mean": 2.8818729400634764, "count": 5, "std": 4.7683715642676816e-08, "range": 0.0 }, "geometry": { "type": "Polygon", "coordinates": [ [ [ 721900.0, 6179100.0 ], [ 721800.0, 6179100.0 ], [ 721700.0, 6179100.0 ], [ 721700.0, 6179200.0 ], [ 721600.0, 6179200.0 ], [ 721600.0, 6179300.0 ], [ 721700.0, 6179300.0 ], [ 721800.0, 6179300.0 ], [ 721900.0, 6179300.0 ], [ 721900.0, 6179200.0 ], [ 721900.0, 6179100.0 ] ] ] } },
{ "type": "Feature", "properties": { "Shape_Area": 30000.0, "Shape_Leng": 800.0, "cluster_id": "101_825", "fid_1": 825.0, "id_munic": 825.0, "munic_clus": "101_825", "munic_code": 101.0, "min": 3.1812729835510254, "max": 3.1812729835510254, "mean": 3.1812731424967446, "count": 3, "std": 1.5894571925301193e-07, "range": 0.0 }, "geometry": { "type": "Polygon", "coordinates": [ [ [ 719300.0, 6173500.0 ], [ 719300.0, 6173600.0 ], [ 719400.0, 6173600.0 ], [ 719500.0, 6173600.0 ], [ 719500.0, 6173500.0 ], [ 719400.0, 6173500.0 ], [ 719400.0, 6173400.0 ], [ 719300.0, 6173400.0 ], [ 719300.0, 6173500.0 ] ] ] } },
{ "type": "Feature", "properties": { "Shape_Area": 70000.0, "Shape_Leng": 1200.0, "cluster_id": "101_826", "fid_1": 826.0, "id_munic": 826.0, "munic_clus": "101_826", "munic_code": 101.0, "min": 2.8517162799835205, "max": 2.8517162799835205, "mean": 2.8517161778041293, "count": 7, "std": 1.0217939117040942e-07, "range": 0.0 }, "geometry": { "type": "Polygon", "coordinates": [ [ [ 721000.0, 6178700.0 ], [ 721000.0, 6178800.0 ], [ 721000.0, 6178900.0 ], [ 721000.0, 6179000.0 ], [ 721100.0, 6179000.0 ], [ 721200.0, 6179000.0 ], [ 721200.0, 6178900.0 ], [ 721200.0, 6178800.0 ], [ 721200.0, 6178700.0 ], [ 721200.0, 6178600.0 ], [ 721100.0, 6178600.0 ], [ 721100.0, 6178700.0 ], [ 721000.0, 6178700.0 ] ] ] } },
{ "type": "Feature", "properties": { "Shape_Area": 10000.0, "Shape_Leng": 400.0, "cluster_id": "101_827", "fid_1": 827.0, "id_munic": 827.0, "munic_clus": "101_827", "munic_code": 101.0, "min": 3.3833725452423096, "max": 3.3833725452423096, "mean": 3.3833725452423096, "count": 1, "std": 0.0, "range": 0.0 }, "geometry": { "type": "Polygon", "coordinates": [ [ [ 721700.0, 6180600.0 ], [ 721700.0, 6180700.0 ], [ 721800.0, 6180700.0 ], [ 721800.0, 6180600.0 ], [ 721700.0, 6180600.0 ] ] ] } },
{ "type": "Feature", "properties": { "Shape_Area": 60000.0, "Shape_Leng": 1200.0, "cluster_id": "101_828", "fid_1": 828.0, "id_munic": 828.0, "munic_clus": "101_828", "munic_code": 101.0, "min": 3.044651985168457, "max": 3.044651985168457, "mean": 3.044651985168457, "count": 6, "std": 0.0, "range": 0.0 }, "geometry": { "type": "Polygon", "coordinates": [ [ [ 721000.0, 6179600.0 ], [ 721000.0, 6179700.0 ], [ 721100.0, 6179700.0 ], [ 721100.0, 6179800.0 ], [ 721200.0, 6179800.0 ], [ 721200.0, 6179700.0 ], [ 721200.0, 6179600.0 ], [ 721200.0, 6179500.0 ], [ 721100.0, 6179500.0 ], [ 721000.0, 6179500.0 ], [ 720900.0, 6179500.0 ], [ 720900.0, 6179600.0 ], [ 721000.0, 6179600.0 ] ] ] } },
{ "type": "Feature", "properties": { "Shape_Area": 50000.0, "Shape_Leng": 1200.0, "cluster_id": "101_829", "fid_1": 829.0, "id_munic": 829.0, "munic_clus": "101_829", "munic_code": 101.0, "min": 2.8420524597167969, "max": 2.8420524597167969, "mean": 2.8420524597167969, "count": 5, "std": 0.0, "range": 0.0 }, "geometry": { "type": "Polygon", "coordinates": [ [ [ 720900.0, 6179800.0 ], [ 721000.0, 6179800.0 ], [ 721000.0, 6179900.0 ], [ 721000.0, 6180000.0 ], [ 721100.0, 6180000.0 ], [ 721100.0, 6179900.0 ], [ 721100.0, 6179800.0 ], [ 721100.0, 6179700.0 ], [ 721000.0, 6179700.0 ], [ 721000.0, 6179600.0 ], [ 720900.0, 6179600.0 ], [ 720900.0, 6179700.0 ], [ 720900.0, 6179800.0 ] ] ] } },
{ "type": "Feature", "properties": { "Shape_Area": 30000.0, "Shape_Leng": 800.0, "cluster_id": "101_830", "fid_1": 830.0, "id_munic": 830.0, "munic_clus": "101_830", "munic_code": 101.0, "min": 3.2045986652374268, "max": 3.2045986652374268, "mean": 3.2045987447102866, "count": 3, "std": 7.947285984855057e-08, "range": 0.0 }, "geometry": { "type": "Polygon", "coordinates": [ [ [ 721600.0, 6180500.0 ], [ 721700.0, 6180500.0 ], [ 721700.0, 6180600.0 ], [ 721800.0, 6180600.0 ], [ 721800.0, 6180500.0 ], [ 721800.0, 6180400.0 ], [ 721700.0, 6180400.0 ], [ 721600.0, 6180400.0 ], [ 721600.0, 6180500.0 ] ] ] } },
{ "type": "Feature", "properties": { "Shape_Area": 170000.0, "Shape_Leng": 1800.0, "cluster_id": "101_831", "fid_1": 831.0, "id_munic": 831.0, "munic_clus": "101_831", "munic_code": 101.0, "min": 3.6732759475708008, "max": 3.6732759475708008, "mean": 3.6732758914723114, "count": 17, "std": 5.6098489409350805e-08, "range": 0.0 }, "geometry": { "type": "Polygon", "coordinates": [ [ [ 721500.0, 6180100.0 ], [ 721400.0, 6180100.0 ], [ 721300.0, 6180100.0 ], [ 721300.0, 6180200.0 ], [ 721300.0, 6180300.0 ], [ 721400.0, 6180300.0 ], [ 721400.0, 6180400.0 ], [ 721500.0, 6180400.0 ], [ 721600.0, 6180400.0 ], [ 721700.0, 6180400.0 ], [ 721800.0, 6180400.0 ], [ 721800.0, 6180300.0 ], [ 721800.0, 6180200.0 ], [ 721800.0, 6180100.0 ], [ 721800.0, 6180000.0 ], [ 721700.0, 6180000.0 ], [ 721600.0, 6180000.0 ], [ 721500.0, 6180000.0 ], [ 721500.0, 6180100.0 ] ] ] } },
{ "type": "Feature", "properties": { "Shape_Area": 110000.0, "Shape_Leng": 1600.0, "cluster_id": "101_832", "fid_1": 832.0, "id_munic": 832.0, "munic_clus": "101_832", "munic_code": 101.0, "min": 3.0721430778503418, "max": 3.0721430778503418, "mean": 3.0721428611061792, "count": 11, "std": 2.1674416261774357e-07, "range": 0.0 }, "geometry": { "type": "Polygon", "coordinates": [ [ [ 721500.0, 6179800.0 ], [ 721500.0, 6179900.0 ], [ 721500.0, 6180000.0 ], [ 721600.0, 6180000.0 ], [ 721700.0, 6180000.0 ], [ 721800.0, 6180000.0 ], [ 721800.0, 6179900.0 ], [ 721900.0, 6179900.0 ], [ 721900.0, 6179800.0 ], [ 721900.0, 6179700.0 ], [ 721800.0, 6179700.0 ], [ 721700.0, 6179700.0 ], [ 721700.0, 6179600.0 ], [ 721600.0, 6179600.0 ], [ 721600.0, 6179700.0 ], [ 721600.0, 6179800.0 ], [ 721500.0, 6179800.0 ] ] ] } },
{ "type": "Feature", "properties": { "Shape_Area": 220000.0, "Shape_Leng": 2200.0, "cluster_id": "101_833", "fid_1": 833.0, "id_munic": 833.0, "munic_clus": "101_833", "munic_code": 101.0, "min": 3.2062647342681885, "max": 3.2062647342681885, "mean": 3.2062651894309302, "count": 22, "std": 4.5516274171930599e-07, "range": 0.0 }, "geometry": { "type": "Polygon", "coordinates": [ [ [ 721300.0, 6179600.0 ], [ 721200.0, 6179600.0 ], [ 721200.0, 6179700.0 ], [ 721200.0, 6179800.0 ], [ 721100.0, 6179800.0 ], [ 721100.0, 6179900.0 ], [ 721100.0, 6180000.0 ], [ 721100.0, 6180100.0 ], [ 721100.0, 6180200.0 ], [ 721200.0, 6180200.0 ], [ 721300.0, 6180200.0 ], [ 721300.0, 6180100.0 ], [ 721400.0, 6180100.0 ], [ 721500.0, 6180100.0 ], [ 721500.0, 6180000.0 ], [ 721500.0, 6179900.0 ], [ 721500.0, 6179800.0 ], [ 721600.0, 6179800.0 ], [ 721600.0, 6179700.0 ], [ 721600.0, 6179600.0 ], [ 721500.0, 6179600.0 ], [ 721400.0, 6179600.0 ], [ 721300.0, 6179600.0 ] ] ] } },
{ "type": "Feature", "properties": { "Shape_Area": 20000.0, "Shape_Leng": 600.0, "cluster_id": "101_834", "fid_1": 834.0, "id_munic": 834.0, "munic_clus": "101_834", "munic_code": 101.0, "min": 2.7372541427612305, "max": 2.7372541427612305, "mean": 2.7372541427612305, "count": 2, "std": 0.0, "range": 0.0 }, "geometry": { "type": "Polygon", "coordinates": [ [ [ 720600.0, 6177500.0 ], [ 720700.0, 6177500.0 ], [ 720800.0, 6177500.0 ], [ 720800.0, 6177400.0 ], [ 720700.0, 6177400.0 ], [ 720600.0, 6177400.0 ], [ 720600.0, 6177500.0 ] ] ] } },
{ "type": "Feature", "properties": { "Shape_Area": 20000.0, "Shape_Leng": 600.0, "cluster_id": "101_835", "fid_1": 835.0, "id_munic": 835.0, "munic_clus": "101_835", "munic_code": 101.0, "min": 4.0174946784973145, "max": 4.0174946784973145, "mean": 4.0174946784973145, "count": 2, "std": 0.0, "range": 0.0 }, "geometry": { "type": "Polygon", "coordinates": [ [ [ 720600.0, 6177400.0 ], [ 720700.0, 6177400.0 ], [ 720800.0, 6177400.0 ], [ 720800.0, 6177300.0 ], [ 720700.0, 6177300.0 ], [ 720600.0, 6177300.0 ], [ 720600.0, 6177400.0 ] ] ] } },
{ "type": "Feature", "properties": { "Shape_Area": 30000.0, "Shape_Leng": 800.0, "cluster_id": "101_836", "fid_1": 836.0, "id_munic": 836.0, "munic_clus": "101_836", "munic_code": 101.0, "min": 3.8067314624786377, "max": 3.8067314624786377, "mean": 3.8067315419514975, "count": 3, "std": 7.947285984855057e-08, "range": 0.0 }, "geometry": { "type": "Polygon", "coordinates": [ [ [ 720800.0, 6177300.0 ], [ 720800.0, 6177400.0 ], [ 720900.0, 6177400.0 ], [ 720900.0, 6177300.0 ], [ 721000.0, 6177300.0 ], [ 721000.0, 6177200.0 ], [ 720900.0, 6177200.0 ], [ 720800.0, 6177200.0 ], [ 720800.0, 6177300.0 ] ] ] } },
{ "type": "Feature", "properties": { "Shape_Area": 50000.0, "Shape_Leng": 1000.0, "cluster_id": "101_837", "fid_1": 837.0, "id_munic": 837.0, "munic_clus": "101_837", "munic_code": 101.0, "min": 3.3380546569824219, "max": 3.3380546569824219, "mean": 3.3380546569824219, "count": 5, "std": 0.0, "range": 0.0 }, "geometry": { "type": "Polygon", "coordinates": [ [ [ 720600.0, 6177300.0 ], [ 720500.0, 6177300.0 ], [ 720500.0, 6177400.0 ], [ 720400.0, 6177400.0 ], [ 720400.0, 6177500.0 ], [ 720400.0, 6177600.0 ], [ 720500.0, 6177600.0 ], [ 720600.0, 6177600.0 ], [ 720600.0, 6177500.0 ], [ 720600.0, 6177400.0 ], [ 720600.0, 6177300.0 ] ] ] } },
{ "type": "Feature", "properties": { "Shape_Area": 60000.0, "Shape_Leng": 1200.0, "cluster_id": "101_838", "fid_1": 838.0, "id_munic": 838.0, "munic_clus": "101_838", "munic_code": 101.0, "min": 2.7539153099060059, "max": 2.7539153099060059, "mean": 2.7539151509602866, "count": 6, "std": 1.5894571925301193e-07, "range": 0.0 }, "geometry": { "type": "Polygon", "coordinates": [ [ [ 719800.0, 6178200.0 ], [ 719800.0, 6178300.0 ], [ 719900.0, 6178300.0 ], [ 719900.0, 6178400.0 ], [ 720000.0, 6178400.0 ], [ 720100.0, 6178400.0 ], [ 720100.0, 6178300.0 ], [ 720100.0, 6178200.0 ], [ 720000.0, 6178200.0 ], [ 720000.0, 6178100.0 ], [ 719900.0, 6178100.0 ], [ 719900.0, 6178200.0 ], [ 719800.0, 6178200.0 ] ] ] } },
{ "type": "Feature", "properties": { "Shape_Area": 20000.0, "Shape_Leng": 600.0, "cluster_id": "101_839", "fid_1": 839.0, "id_munic": 839.0, "munic_clus": "101_839", "munic_code": 101.0, "min": 2.8813731670379639, "max": 2.8813731670379639, "mean": 2.8813731670379639, "count": 2, "std": 0.0, "range": 0.0 }, "geometry": { "type": "Polygon", "coordinates": [ [ [ 720500.0, 6177200.0 ], [ 720500.0, 6177300.0 ], [ 720600.0, 6177300.0 ], [ 720600.0, 6177200.0 ], [ 720600.0, 6177100.0 ], [ 720500.0, 6177100.0 ], [ 720500.0, 6177200.0 ] ] ] } },
{ "type": "Feature", "properties": { "Shape_Area": 40000.0, "Shape_Leng": 800.0, "cluster_id": "101_840", "fid_1": 840.0, "id_munic": 840.0, "munic_clus": "101_840", "munic_code": 101.0, "min": 3.6289577484130859, "max": 3.6289577484130859, "mean": 3.6289577484130859, "count": 4, "std": 0.0, "range": 0.0 }, "geometry": { "type": "Polygon", "coordinates": [ [ [ 720800.0, 6177100.0 ], [ 720700.0, 6177100.0 ], [ 720600.0, 6177100.0 ], [ 720600.0, 6177200.0 ], [ 720600.0, 6177300.0 ], [ 720700.0, 6177300.0 ], [ 720800.0, 6177300.0 ], [ 720800.0, 6177200.0 ], [ 720800.0, 6177100.0 ] ] ] } },
{ "type": "Feature", "properties": { "Shape_Area": 20000.0, "Shape_Leng": 600.0, "cluster_id": "101_841", "fid_1": 841.0, "id_munic": 841.0, "munic_clus": "101_841", "munic_code": 101.0, "min": 3.3627126216888428, "max": 3.3627126216888428, "mean": 3.3627126216888428, "count": 2, "std": 0.0, "range": 0.0 }, "geometry": { "type": "Polygon", "coordinates": [ [ [ 717300.0, 6179700.0 ], [ 717400.0, 6179700.0 ], [ 717500.0, 6179700.0 ], [ 717500.0, 6179600.0 ], [ 717400.0, 6179600.0 ], [ 717300.0, 6179600.0 ], [ 717300.0, 6179700.0 ] ] ] } },
{ "type": "Feature", "properties": { "Shape_Area": 40000.0, "Shape_Leng": 800.0, "cluster_id": "101_842", "fid_1": 842.0, "id_munic": 842.0, "munic_clus": "101_842", "munic_code": 101.0, "min": 3.3443853855133057, "max": 3.3443853855133057, "mean": 3.3443853855133057, "count": 4, "std": 0.0, "range": 0.0 }, "geometry": { "type": "Polygon", "coordinates": [ [ [ 717400.0, 6179700.0 ], [ 717300.0, 6179700.0 ], [ 717200.0, 6179700.0 ], [ 717200.0, 6179800.0 ], [ 717200.0, 6179900.0 ], [ 717300.0, 6179900.0 ], [ 717400.0, 6179900.0 ], [ 717400.0, 6179800.0 ], [ 717400.0, 6179700.0 ] ] ] } },
{ "type": "Feature", "properties": { "Shape_Area": 60000.0, "Shape_Leng": 1400.0, "cluster_id": "101_843", "fid_1": 843.0, "id_munic": 843.0, "munic_clus": "101_843", "munic_code": 101.0, "min": 3.8340556621551514, "max": 3.8340556621551514, "mean": 3.8340555826822915, "count": 6, "std": 7.947285984855057e-08, "range": 0.0 }, "geometry": { "type": "Polygon", "coordinates": [ [ [ 717400.0, 6179600.0 ], [ 717500.0, 6179600.0 ], [ 717500.0, 6179700.0 ], [ 717400.0, 6179700.0 ], [ 717400.0, 6179800.0 ], [ 717500.0, 6179800.0 ], [ 717600.0, 6179800.0 ], [ 717600.0, 6179700.0 ], [ 717600.0, 6179600.0 ], [ 717600.0, 6179500.0 ], [ 717500.0, 6179500.0 ], [ 717500.0, 6179400.0 ], [ 717400.0, 6179400.0 ], [ 717400.0, 6179500.0 ], [ 717400.0, 6179600.0 ] ] ] } },
{ "type": "Feature", "properties": { "Shape_Area": 90000.0, "Shape_Leng": 1400.0, "cluster_id": "101_844", "fid_1": 844.0, "id_munic": 844.0, "munic_clus": "101_844", "munic_code": 101.0, "min": 2.9513499736785889, "max": 2.9513499736785889, "mean": 2.951349894205729, "count": 9, "std": 7.947285984855057e-08, "range": 0.0 }, "geometry": { "type": "Polygon", "coordinates": [ [ [ 717500.0, 6179100.0 ], [ 717400.0, 6179100.0 ], [ 717400.0, 6179200.0 ], [ 717400.0, 6179300.0 ], [ 717500.0, 6179300.0 ], [ 717500.0, 6179400.0 ], [ 717600.0, 6179400.0 ], [ 717700.0, 6179400.0 ], [ 717800.0, 6179400.0 ], [ 717800.0, 6179300.0 ], [ 717800.0, 6179200.0 ], [ 717700.0, 6179200.0 ], [ 717600.0, 6179200.0 ], [ 717600.0, 6179100.0 ], [ 717500.0, 6179100.0 ] ] ] } },
{ "type": "Feature", "properties": { "Shape_Area": 350000.0, "Shape_Leng": 3000.0, "cluster_id": "101_845", "fid_1": 845.0, "id_munic": 845.0, "munic_clus": "101_845", "munic_code": 101.0, "min": 3.4138622283935547, "max": 3.4138622283935547, "mean": 3.4138623918805804, "count": 35, "std": 1.6348702569501938e-07, "range": 0.0 }, "geometry": { "type": "Polygon", "coordinates": [ [ [ 716900.0, 6179200.0 ], [ 716900.0, 6179300.0 ], [ 716900.0, 6179400.0 ], [ 716900.0, 6179500.0 ], [ 717000.0, 6179500.0 ], [ 717000.0, 6179600.0 ], [ 717100.0, 6179600.0 ], [ 717100.0, 6179700.0 ], [ 717200.0, 6179700.0 ], [ 717300.0, 6179700.0 ], [ 717300.0, 6179600.0 ], [ 717400.0, 6179600.0 ], [ 717400.0, 6179500.0 ], [ 717400.0, 6179400.0 ], [ 717500.0, 6179400.0 ], [ 717500.0, 6179300.0 ], [ 717400.0, 6179300.0 ], [ 717400.0, 6179200.0 ], [ 717400.0, 6179100.0 ], [ 717400.0, 6179000.0 ], [ 717300.0, 6179000.0 ], [ 717300.0, 6178900.0 ], [ 717200.0, 6178900.0 ], [ 717100.0, 6178900.0 ], [ 717100.0, 6178800.0 ], [ 717000.0, 6178800.0 ], [ 717000.0, 6178900.0 ], [ 717000.0, 6179000.0 ], [ 717000.0, 6179100.0 ], [ 716900.0, 6179100.0 ], [ 716900.0, 6179200.0 ] ] ] } },
{ "type": "Feature", "properties": { "Shape_Area": 10000.0, "Shape_Leng": 400.0, "cluster_id": "101_846", "fid_1": 846.0, "id_munic": 846.0, "munic_clus": "101_846", "munic_code": 101.0, "min": 2.6687772274017334, "max": 2.6687772274017334, "mean": 2.6687772274017334, "count": 1, "std": 0.0, "range": 0.0 }, "geometry": { "type": "Polygon", "coordinates": [ [ [ 725400.0, 6178100.0 ], [ 725400.0, 6178200.0 ], [ 725500.0, 6178200.0 ], [ 725500.0, 6178100.0 ], [ 725400.0, 6178100.0 ] ] ] } },
{ "type": "Feature", "properties": { "Shape_Area": 20000.0, "Shape_Leng": 600.0, "cluster_id": "101_847", "fid_1": 847.0, "id_munic": 847.0, "munic_clus": "101_847", "munic_code": 101.0, "min": 3.1936025619506836, "max": 3.1936025619506836, "mean": 3.1936025619506836, "count": 2, "std": 0.0, "range": 0.0 }, "geometry": { "type": "Polygon", "coordinates": [ [ [ 725300.0, 6178200.0 ], [ 725300.0, 6178300.0 ], [ 725400.0, 6178300.0 ], [ 725400.0, 6178200.0 ], [ 725400.0, 6178100.0 ], [ 725300.0, 6178100.0 ], [ 725300.0, 6178200.0 ] ] ] } },
{ "type": "Feature", "properties": { "Shape_Area": 110000.0, "Shape_Leng": 1600.0, "cluster_id": "101_848", "fid_1": 848.0, "id_munic": 848.0, "munic_clus": "101_848", "munic_code": 101.0, "min": 3.6009666919708252, "max": 3.6009666919708252, "mean": 3.6009667136452417, "count": 11, "std": 2.1674416483818956e-08, "range": 0.0 }, "geometry": { "type": "Polygon", "coordinates": [ [ [ 725200.0, 6177800.0 ], [ 725200.0, 6177900.0 ], [ 725100.0, 6177900.0 ], [ 725100.0, 6178000.0 ], [ 725000.0, 6178000.0 ], [ 725000.0, 6178100.0 ], [ 725100.0, 6178100.0 ], [ 725100.0, 6178200.0 ], [ 725200.0, 6178200.0 ], [ 725300.0, 6178200.0 ], [ 725300.0, 6178100.0 ], [ 725400.0, 6178100.0 ], [ 725400.0, 6178000.0 ], [ 725400.0, 6177900.0 ], [ 725400.0, 6177800.0 ], [ 725300.0, 6177800.0 ], [ 725200.0, 6177800.0 ] ] ] } },
{ "type": "Feature", "properties": { "Shape_Area": 30000.0, "Shape_Leng": 800.0, "cluster_id": "101_849", "fid_1": 849.0, "id_munic": 849.0, "munic_clus": "101_849", "munic_code": 101.0, "min": 2.8687107563018799, "max": 2.8687107563018799, "mean": 2.8687108357747397, "count": 3, "std": 7.947285984855057e-08, "range": 0.0 }, "geometry": { "type": "Polygon", "coordinates": [ [ [ 725400.0, 6178300.0 ], [ 725500.0, 6178300.0 ], [ 725500.0, 6178400.0 ], [ 725600.0, 6178400.0 ], [ 725600.0, 6178300.0 ], [ 725600.0, 6178200.0 ], [ 725500.0, 6178200.0 ], [ 725400.0, 6178200.0 ], [ 725400.0, 6178300.0 ] ] ] } },
{ "type": "Feature", "properties": { "Shape_Area": 40000.0, "Shape_Leng": 1000.0, "cluster_id": "101_850", "fid_1": 850.0, "id_munic": 850.0, "munic_clus": "101_850", "munic_code": 101.0, "min": 3.1504502296447754, "max": 3.1504502296447754, "mean": 3.1504502296447754, "count": 4, "std": 0.0, "range": 0.0 }, "geometry": { "type": "Polygon", "coordinates": [ [ [ 724700.0, 6175600.0 ], [ 724700.0, 6175700.0 ], [ 724800.0, 6175700.0 ], [ 724900.0, 6175700.0 ], [ 724900.0, 6175600.0 ], [ 724800.0, 6175600.0 ], [ 724800.0, 6175500.0 ], [ 724700.0, 6175500.0 ], [ 724600.0, 6175500.0 ], [ 724600.0, 6175600.0 ], [ 724700.0, 6175600.0 ] ] ] } },
{ "type": "Feature", "properties": { "Shape_Area": 10000.0, "Shape_Leng": 400.0, "cluster_id": "101_851", "fid_1": 851.0, "id_munic": 851.0, "munic_clus": "101_851", "munic_code": 101.0, "min": 3.0413198471069336, "max": 3.0413198471069336, "mean": 3.0413198471069336, "count": 1, "std": 0.0, "range": 0.0 }, "geometry": { "type": "Polygon", "coordinates": [ [ [ 724200.0, 6176800.0 ], [ 724200.0, 6176900.0 ], [ 724300.0, 6176900.0 ], [ 724300.0, 6176800.0 ], [ 724200.0, 6176800.0 ] ] ] } },
{ "type": "Feature", "properties": { "Shape_Area": 20000.0, "Shape_Leng": 600.0, "cluster_id": "101_852", "fid_1": 852.0, "id_munic": 852.0, "munic_clus": "101_852", "munic_code": 101.0, "min": 2.9273576736450195, "max": 2.9273576736450195, "mean": 2.9273576736450195, "count": 2, "std": 0.0, "range": 0.0 }, "geometry": { "type": "Polygon", "coordinates": [ [ [ 721200.0, 6174700.0 ], [ 721300.0, 6174700.0 ], [ 721400.0, 6174700.0 ], [ 721400.0, 6174600.0 ], [ 721300.0, 6174600.0 ], [ 721200.0, 6174600.0 ], [ 721200.0, 6174700.0 ] ] ] } },
{ "type": "Feature", "properties": { "Shape_Area": 10000.0, "Shape_Leng": 400.0, "cluster_id": "101_853", "fid_1": 853.0, "id_munic": 853.0, "munic_clus": "101_853", "munic_code": 101.0, "min": 3.4008669853210449, "max": 3.4008669853210449, "mean": 3.4008669853210449, "count": 1, "std": 0.0, "range": 0.0 }, "geometry": { "type": "Polygon", "coordinates": [ [ [ 721900.0, 6178600.0 ], [ 721900.0, 6178700.0 ], [ 722000.0, 6178700.0 ], [ 722000.0, 6178600.0 ], [ 721900.0, 6178600.0 ] ] ] } },
{ "type": "Feature", "properties": { "Shape_Area": 40000.0, "Shape_Leng": 1000.0, "cluster_id": "101_854", "fid_1": 854.0, "id_munic": 854.0, "munic_clus": "101_854", "munic_code": 101.0, "min": 4.2800741195678711, "max": 4.2800741195678711, "mean": 4.2800741195678711, "count": 4, "std": 0.0, "range": 0.0 }, "geometry": { "type": "Polygon", "coordinates": [ [ [ 721800.0, 6178800.0 ], [ 721800.0, 6178900.0 ], [ 721900.0, 6178900.0 ], [ 721900.0, 6178800.0 ], [ 722000.0, 6178800.0 ], [ 722000.0, 6178700.0 ], [ 721900.0, 6178700.0 ], [ 721900.0, 6178600.0 ], [ 721800.0, 6178600.0 ], [ 721800.0, 6178700.0 ], [ 721800.0, 6178800.0 ] ] ] } },
{ "type": "Feature", "properties": { "Shape_Area": 30000.0, "Shape_Leng": 800.0, "cluster_id": "101_855", "fid_1": 855.0, "id_munic": 855.0, "munic_clus": "101_855", "munic_code": 101.0, "min": 2.7964015007019043, "max": 2.7964015007019043, "mean": 2.796401341756185, "count": 3, "std": 1.5894571925301193e-07, "range": 0.0 }, "geometry": { "type": "Polygon", "coordinates": [ [ [ 721500.0, 6173900.0 ], [ 721500.0, 6174000.0 ], [ 721500.0, 6174100.0 ], [ 721600.0, 6174100.0 ], [ 721600.0, 6174000.0 ], [ 721600.0, 6173900.0 ], [ 721600.0, 6173800.0 ], [ 721500.0, 6173800.0 ], [ 721500.0, 6173900.0 ] ] ] } },
{ "type": "Feature", "properties": { "Shape_Area": 20000.0, "Shape_Leng": 600.0, "cluster_id": "101_856", "fid_1": 856.0, "id_munic": 856.0, "munic_clus": "101_856", "munic_code": 101.0, "min": 2.4450185298919678, "max": 2.4450185298919678, "mean": 2.4450185298919678, "count": 2, "std": 0.0, "range": 0.0 }, "geometry": { "type": "Polygon", "coordinates": [ [ [ 721400.0, 6173400.0 ], [ 721400.0, 6173500.0 ], [ 721500.0, 6173500.0 ], [ 721500.0, 6173400.0 ], [ 721500.0, 6173300.0 ], [ 721400.0, 6173300.0 ], [ 721400.0, 6173400.0 ] ] ] } },
{ "type": "Feature", "properties": { "Shape_Area": 20000.0, "Shape_Leng": 600.0, "cluster_id": "101_857", "fid_1": 857.0, "id_munic": 857.0, "munic_clus": "101_857", "munic_code": 101.0, "min": 2.8878710269927979, "max": 2.8878710269927979, "mean": 2.8878710269927979, "count": 2, "std": 0.0, "range": 0.0 }, "geometry": { "type": "Polygon", "coordinates": [ [ [ 721600.0, 6173600.0 ], [ 721600.0, 6173700.0 ], [ 721700.0, 6173700.0 ], [ 721700.0, 6173600.0 ], [ 721700.0, 6173500.0 ], [ 721600.0, 6173500.0 ], [ 721600.0, 6173600.0 ] ] ] } },
{ "type": "Feature", "properties": { "Shape_Area": 20000.0, "Shape_Leng": 600.0, "cluster_id": "101_858", "fid_1": 858.0, "id_munic": 858.0, "munic_clus": "101_858", "munic_code": 101.0, "min": 2.8718764781951904, "max": 2.8718764781951904, "mean": 2.8718764781951904, "count": 2, "std": 0.0, "range": 0.0 }, "geometry": { "type": "Polygon", "coordinates": [ [ [ 721400.0, 6174000.0 ], [ 721400.0, 6174100.0 ], [ 721500.0, 6174100.0 ], [ 721500.0, 6174000.0 ], [ 721500.0, 6173900.0 ], [ 721400.0, 6173900.0 ], [ 721400.0, 6174000.0 ] ] ] } },
{ "type": "Feature", "properties": { "Shape_Area": 50000.0, "Shape_Leng": 1000.0, "cluster_id": "101_859", "fid_1": 859.0, "id_munic": 859.0, "munic_clus": "101_859", "munic_code": 101.0, "min": 2.7864048480987549, "max": 2.7864048480987549, "mean": 2.7864048004150392, "count": 5, "std": 4.7683715642676816e-08, "range": 0.0 }, "geometry": { "type": "Polygon", "coordinates": [ [ [ 721200.0, 6173900.0 ], [ 721200.0, 6174000.0 ], [ 721300.0, 6174000.0 ], [ 721400.0, 6174000.0 ], [ 721400.0, 6173900.0 ], [ 721400.0, 6173800.0 ], [ 721300.0, 6173800.0 ], [ 721200.0, 6173800.0 ], [ 721100.0, 6173800.0 ], [ 721100.0, 6173900.0 ], [ 721200.0, 6173900.0 ] ] ] } },
{ "type": "Feature", "properties": { "Shape_Area": 50000.0, "Shape_Leng": 1200.0, "cluster_id": "101_860", "fid_1": 860.0, "id_munic": 860.0, "munic_clus": "101_860", "munic_code": 101.0, "min": 3.5358216762542725, "max": 3.5358216762542725, "mean": 3.5358215332031251, "count": 5, "std": 1.4305114737211966e-07, "range": 0.0 }, "geometry": { "type": "Polygon", "coordinates": [ [ [ 721800.0, 6173600.0 ], [ 721700.0, 6173600.0 ], [ 721700.0, 6173700.0 ], [ 721600.0, 6173700.0 ], [ 721600.0, 6173800.0 ], [ 721600.0, 6173900.0 ], [ 721600.0, 6174000.0 ], [ 721700.0, 6174000.0 ], [ 721700.0, 6173900.0 ], [ 721700.0, 6173800.0 ], [ 721800.0, 6173800.0 ], [ 721800.0, 6173700.0 ], [ 721800.0, 6173600.0 ] ] ] } },
{ "type": "Feature", "properties": { "Shape_Area": 10000.0, "Shape_Leng": 400.0, "cluster_id": "101_861", "fid_1": 861.0, "id_munic": 861.0, "munic_clus": "101_861", "munic_code": 101.0, "min": 3.4571812152862549, "max": 3.4571812152862549, "mean": 3.4571812152862549, "count": 1, "std": 0.0, "range": 0.0 }, "geometry": { "type": "Polygon", "coordinates": [ [ [ 721600.0, 6174000.0 ], [ 721600.0, 6174100.0 ], [ 721700.0, 6174100.0 ], [ 721700.0, 6174000.0 ], [ 721600.0, 6174000.0 ] ] ] } },
{ "type": "Feature", "properties": { "Shape_Area": 10000.0, "Shape_Leng": 400.0, "cluster_id": "101_862", "fid_1": 862.0, "id_munic": 862.0, "munic_clus": "101_862", "munic_code": 101.0, "min": 3.1502835750579834, "max": 3.1502835750579834, "mean": 3.1502835750579834, "count": 1, "std": 0.0, "range": 0.0 }, "geometry": { "type": "Polygon", "coordinates": [ [ [ 721800.0, 6173200.0 ], [ 721800.0, 6173300.0 ], [ 721900.0, 6173300.0 ], [ 721900.0, 6173200.0 ], [ 721800.0, 6173200.0 ] ] ] } },
{ "type": "Feature", "properties": { "Shape_Area": 20000.0, "Shape_Leng": 600.0, "cluster_id": "101_863", "fid_1": 863.0, "id_munic": 863.0, "munic_clus": "101_863", "munic_code": 101.0, "min": 3.6132960319519043, "max": 3.6132960319519043, "mean": 3.6132960319519043, "count": 2, "std": 0.0, "range": 0.0 }, "geometry": { "type": "Polygon", "coordinates": [ [ [ 721800.0, 6173100.0 ], [ 721800.0, 6173200.0 ], [ 721900.0, 6173200.0 ], [ 721900.0, 6173100.0 ], [ 721900.0, 6173000.0 ], [ 721800.0, 6173000.0 ], [ 721800.0, 6173100.0 ] ] ] } },
{ "type": "Feature", "properties": { "Shape_Area": 20000.0, "Shape_Leng": 600.0, "cluster_id": "101_864", "fid_1": 864.0, "id_munic": 864.0, "munic_clus": "101_864", "munic_code": 101.0, "min": 3.6626121997833252, "max": 3.6626121997833252, "mean": 3.6626121997833252, "count": 2, "std": 0.0, "range": 0.0 }, "geometry": { "type": "Polygon", "coordinates": [ [ [ 721700.0, 6173200.0 ], [ 721700.0, 6173300.0 ], [ 721800.0, 6173300.0 ], [ 721800.0, 6173200.0 ], [ 721800.0, 6173100.0 ], [ 721700.0, 6173100.0 ], [ 721700.0, 6173200.0 ] ] ] } },
{ "type": "Feature", "properties": { "Shape_Area": 230000.0, "Shape_Leng": 2200.0, "cluster_id": "101_865", "fid_1": 865.0, "id_munic": 865.0, "munic_clus": "101_865", "munic_code": 101.0, "min": 3.1227929592132568, "max": 3.1227929592132568, "mean": 3.1227931147036343, "count": 23, "std": 1.5549037746254157e-07, "range": 0.0 }, "geometry": { "type": "Polygon", "coordinates": [ [ [ 721100.0, 6173300.0 ], [ 721000.0, 6173300.0 ], [ 721000.0, 6173400.0 ], [ 721000.0, 6173500.0 ], [ 721000.0, 6173600.0 ], [ 721000.0, 6173700.0 ], [ 721100.0, 6173700.0 ], [ 721100.0, 6173800.0 ], [ 721200.0, 6173800.0 ], [ 721300.0, 6173800.0 ], [ 721400.0, 6173800.0 ], [ 721400.0, 6173700.0 ], [ 721400.0, 6173600.0 ], [ 721400.0, 6173500.0 ], [ 721400.0, 6173400.0 ], [ 721400.0, 6173300.0 ], [ 721400.0, 6173200.0 ], [ 721400.0, 6173100.0 ], [ 721300.0, 6173100.0 ], [ 721300.0, 6173200.0 ], [ 721200.0, 6173200.0 ], [ 721100.0, 6173200.0 ], [ 721100.0, 6173300.0 ] ] ] } },
{ "type": "Feature", "properties": { "Shape_Area": 10000.0, "Shape_Leng": 400.0, "cluster_id": "101_866", "fid_1": 866.0, "id_munic": 866.0, "munic_clus": "101_866", "munic_code": 101.0, "min": 2.4100303649902344, "max": 2.4100303649902344, "mean": 2.4100303649902344, "count": 1, "std": 0.0, "range": 0.0 }, "geometry": { "type": "Polygon", "coordinates": [ [ [ 723700.0, 6174500.0 ], [ 723700.0, 6174600.0 ], [ 723800.0, 6174600.0 ], [ 723800.0, 6174500.0 ], [ 723700.0, 6174500.0 ] ] ] } },
{ "type": "Feature", "properties": { "Shape_Area": 10000.0, "Shape_Leng": 400.0, "cluster_id": "101_867", "fid_1": 867.0, "id_munic": 867.0, "munic_clus": "101_867", "munic_code": 101.0, "min": 3.7404201030731201, "max": 3.7404201030731201, "mean": 3.7404201030731201, "count": 1, "std": 0.0, "range": 0.0 }, "geometry": { "type": "Polygon", "coordinates": [ [ [ 723600.0, 6174600.0 ], [ 723600.0, 6174700.0 ], [ 723700.0, 6174700.0 ], [ 723700.0, 6174600.0 ], [ 723600.0, 6174600.0 ] ] ] } },
{ "type": "Feature", "properties": { "Shape_Area": 10000.0, "Shape_Leng": 400.0, "cluster_id": "101_868", "fid_1": 868.0, "id_munic": 868.0, "munic_clus": "101_868", "munic_code": 101.0, "min": 3.0278241634368896, "max": 3.0278241634368896, "mean": 3.0278241634368896, "count": 1, "std": 0.0, "range": 0.0 }, "geometry": { "type": "Polygon", "coordinates": [ [ [ 723700.0, 6175000.0 ], [ 723700.0, 6175100.0 ], [ 723800.0, 6175100.0 ], [ 723800.0, 6175000.0 ], [ 723700.0, 6175000.0 ] ] ] } },
{ "type": "Feature", "properties": { "Shape_Area": 20000.0, "Shape_Leng": 600.0, "cluster_id": "101_869", "fid_1": 869.0, "id_munic": 869.0, "munic_clus": "101_869", "munic_code": 101.0, "min": 2.9490172863006592, "max": 2.9490172863006592, "mean": 2.9490172863006592, "count": 2, "std": 0.0, "range": 0.0 }, "geometry": { "type": "Polygon", "coordinates": [ [ [ 723500.0, 6174900.0 ], [ 723500.0, 6175000.0 ], [ 723600.0, 6175000.0 ], [ 723600.0, 6174900.0 ], [ 723600.0, 6174800.0 ], [ 723500.0, 6174800.0 ], [ 723500.0, 6174900.0 ] ] ] } },
{ "type": "Feature", "properties": { "Shape_Area": 20000.0, "Shape_Leng": 600.0, "cluster_id": "101_870", "fid_1": 870.0, "id_munic": 870.0, "munic_clus": "101_870", "munic_code": 101.0, "min": 3.0631461143493652, "max": 3.0631461143493652, "mean": 3.0631461143493652, "count": 2, "std": 0.0, "range": 0.0 }, "geometry": { "type": "Polygon", "coordinates": [ [ [ 723600.0, 6175000.0 ], [ 723600.0, 6175100.0 ], [ 723700.0, 6175100.0 ], [ 723700.0, 6175000.0 ], [ 723700.0, 6174900.0 ], [ 723600.0, 6174900.0 ], [ 723600.0, 6175000.0 ] ] ] } },
{ "type": "Feature", "properties": { "Shape_Area": 20000.0, "Shape_Leng": 600.0, "cluster_id": "101_871", "fid_1": 871.0, "id_munic": 871.0, "munic_clus": "101_871", "munic_code": 101.0, "min": 3.057314395904541, "max": 3.057314395904541, "mean": 3.057314395904541, "count": 2, "std": 0.0, "range": 0.0 }, "geometry": { "type": "Polygon", "coordinates": [ [ [ 723400.0, 6174900.0 ], [ 723400.0, 6175000.0 ], [ 723500.0, 6175000.0 ], [ 723500.0, 6174900.0 ], [ 723500.0, 6174800.0 ], [ 723400.0, 6174800.0 ], [ 723400.0, 6174900.0 ] ] ] } },
{ "type": "Feature", "properties": { "Shape_Area": 30000.0, "Shape_Leng": 800.0, "cluster_id": "101_872", "fid_1": 872.0, "id_munic": 872.0, "munic_clus": "101_872", "munic_code": 101.0, "min": 2.659447193145752, "max": 2.659447193145752, "mean": 2.659447193145752, "count": 3, "std": 0.0, "range": 0.0 }, "geometry": { "type": "Polygon", "coordinates": [ [ [ 723200.0, 6174600.0 ], [ 723200.0, 6174700.0 ], [ 723300.0, 6174700.0 ], [ 723400.0, 6174700.0 ], [ 723400.0, 6174600.0 ], [ 723300.0, 6174600.0 ], [ 723300.0, 6174500.0 ], [ 723200.0, 6174500.0 ], [ 723200.0, 6174600.0 ] ] ] } },
{ "type": "Feature", "properties": { "Shape_Area": 10000.0, "Shape_Leng": 400.0, "cluster_id": "101_873", "fid_1": 873.0, "id_munic": 873.0, "munic_clus": "101_873", "munic_code": 101.0, "min": 2.6752750873565674, "max": 2.6752750873565674, "mean": 2.6752750873565674, "count": 1, "std": 0.0, "range": 0.0 }, "geometry": { "type": "Polygon", "coordinates": [ [ [ 723000.0, 6174400.0 ], [ 723000.0, 6174500.0 ], [ 723100.0, 6174500.0 ], [ 723100.0, 6174400.0 ], [ 723000.0, 6174400.0 ] ] ] } },
{ "type": "Feature", "properties": { "Shape_Area": 10000.0, "Shape_Leng": 400.0, "cluster_id": "101_874", "fid_1": 874.0, "id_munic": 874.0, "munic_clus": "101_874", "munic_code": 101.0, "min": 2.6441185474395752, "max": 2.6441185474395752, "mean": 2.6441185474395752, "count": 1, "std": 0.0, "range": 0.0 }, "geometry": { "type": "Polygon", "coordinates": [ [ [ 722900.0, 6174300.0 ], [ 722900.0, 6174400.0 ], [ 723000.0, 6174400.0 ], [ 723000.0, 6174300.0 ], [ 722900.0, 6174300.0 ] ] ] } },
{ "type": "Feature", "properties": { "Shape_Area": 20000.0, "Shape_Leng": 600.0, "cluster_id": "101_875", "fid_1": 875.0, "id_munic": 875.0, "munic_clus": "101_875", "munic_code": 101.0, "min": 2.9688441753387451, "max": 2.9688441753387451, "mean": 2.9688441753387451, "count": 2, "std": 0.0, "range": 0.0 }, "geometry": { "type": "Polygon", "coordinates": [ [ [ 723100.0, 6174500.0 ], [ 723200.0, 6174500.0 ], [ 723300.0, 6174500.0 ], [ 723300.0, 6174400.0 ], [ 723200.0, 6174400.0 ], [ 723100.0, 6174400.0 ], [ 723100.0, 6174500.0 ] ] ] } },
{ "type": "Feature", "properties": { "Shape_Area": 20000.0, "Shape_Leng": 600.0, "cluster_id": "101_876", "fid_1": 876.0, "id_munic": 876.0, "munic_clus": "101_876", "munic_code": 101.0, "min": 3.2877378463745117, "max": 3.2877378463745117, "mean": 3.2877378463745117, "count": 2, "std": 0.0, "range": 0.0 }, "geometry": { "type": "Polygon", "coordinates": [ [ [ 722900.0, 6174800.0 ], [ 723000.0, 6174800.0 ], [ 723100.0, 6174800.0 ], [ 723100.0, 6174700.0 ], [ 723000.0, 6174700.0 ], [ 722900.0, 6174700.0 ], [ 722900.0, 6174800.0 ] ] ] } },
{ "type": "Feature", "properties": { "Shape_Area": 50000.0, "Shape_Leng": 1000.0, "cluster_id": "101_877", "fid_1": 877.0, "id_munic": 877.0, "munic_clus": "101_877", "munic_code": 101.0, "min": 3.6241259574890137, "max": 3.6241259574890137, "mean": 3.6241260528564454, "count": 5, "std": 9.5367431729442842e-08, "range": 0.0 }, "geometry": { "type": "Polygon", "coordinates": [ [ [ 723200.0, 6174500.0 ], [ 723100.0, 6174500.0 ], [ 723000.0, 6174500.0 ], [ 723000.0, 6174600.0 ], [ 723000.0, 6174700.0 ], [ 723100.0, 6174700.0 ], [ 723100.0, 6174800.0 ], [ 723200.0, 6174800.0 ], [ 723200.0, 6174700.0 ], [ 723200.0, 6174600.0 ], [ 723200.0, 6174500.0 ] ] ] } },
{ "type": "Feature", "properties": { "Shape_Area": 10000.0, "Shape_Leng": 400.0, "cluster_id": "101_878", "fid_1": 878.0, "id_munic": 878.0, "munic_clus": "101_878", "munic_code": 101.0, "min": 2.5821394920349121, "max": 2.5821394920349121, "mean": 2.5821394920349121, "count": 1, "std": 0.0, "range": 0.0 }, "geometry": { "type": "Polygon", "coordinates": [ [ [ 723400.0, 6174600.0 ], [ 723400.0, 6174700.0 ], [ 723500.0, 6174700.0 ], [ 723500.0, 6174600.0 ], [ 723400.0, 6174600.0 ] ] ] } },
{ "type": "Feature", "properties": { "Shape_Area": 20000.0, "Shape_Leng": 600.0, "cluster_id": "101_879", "fid_1": 879.0, "id_munic": 879.0, "munic_clus": "101_879", "munic_code": 101.0, "min": 3.2259249687194824, "max": 3.2259249687194824, "mean": 3.2259249687194824, "count": 2, "std": 0.0, "range": 0.0 }, "geometry": { "type": "Polygon", "coordinates": [ [ [ 723500.0, 6174600.0 ], [ 723600.0, 6174600.0 ], [ 723700.0, 6174600.0 ], [ 723700.0, 6174500.0 ], [ 723600.0, 6174500.0 ], [ 723500.0, 6174500.0 ], [ 723500.0, 6174600.0 ] ] ] } },
{ "type": "Feature", "properties": { "Shape_Area": 10000.0, "Shape_Leng": 400.0, "cluster_id": "101_880", "fid_1": 880.0, "id_munic": 880.0, "munic_clus": "101_880", "munic_code": 101.0, "min": 2.6252918243408203, "max": 2.6252918243408203, "mean": 2.6252918243408203, "count": 1, "std": 0.0, "range": 0.0 }, "geometry": { "type": "Polygon", "coordinates": [ [ [ 722900.0, 6174400.0 ], [ 722900.0, 6174500.0 ], [ 723000.0, 6174500.0 ], [ 723000.0, 6174400.0 ], [ 722900.0, 6174400.0 ] ] ] } },
{ "type": "Feature", "properties": { "Shape_Area": 10000.0, "Shape_Leng": 400.0, "cluster_id": "101_881", "fid_1": 881.0, "id_munic": 881.0, "munic_clus": "101_881", "munic_code": 101.0, "min": 2.8288908004760742, "max": 2.8288908004760742, "mean": 2.8288908004760742, "count": 1, "std": 0.0, "range": 0.0 }, "geometry": { "type": "Polygon", "coordinates": [ [ [ 722800.0, 6174500.0 ], [ 722800.0, 6174600.0 ], [ 722900.0, 6174600.0 ], [ 722900.0, 6174500.0 ], [ 722800.0, 6174500.0 ] ] ] } },
{ "type": "Feature", "properties": { "Shape_Area": 20000.0, "Shape_Leng": 600.0, "cluster_id": "101_882", "fid_1": 882.0, "id_munic": 882.0, "munic_clus": "101_882", "munic_code": 101.0, "min": 3.4375209808349609, "max": 3.4375209808349609, "mean": 3.4375209808349609, "count": 2, "std": 0.0, "range": 0.0 }, "geometry": { "type": "Polygon", "coordinates": [ [ [ 723500.0, 6174700.0 ], [ 723500.0, 6174800.0 ], [ 723600.0, 6174800.0 ], [ 723600.0, 6174700.0 ], [ 723600.0, 6174600.0 ], [ 723500.0, 6174600.0 ], [ 723500.0, 6174700.0 ] ] ] } },
{ "type": "Feature", "properties": { "Shape_Area": 10000.0, "Shape_Leng": 400.0, "cluster_id": "101_883", "fid_1": 883.0, "id_munic": 883.0, "munic_clus": "101_883", "munic_code": 101.0, "min": 3.4383540153503418, "max": 3.4383540153503418, "mean": 3.4383540153503418, "count": 1, "std": 0.0, "range": 0.0 }, "geometry": { "type": "Polygon", "coordinates": [ [ [ 723400.0, 6174500.0 ], [ 723400.0, 6174600.0 ], [ 723500.0, 6174600.0 ], [ 723500.0, 6174500.0 ], [ 723400.0, 6174500.0 ] ] ] } },
{ "type": "Feature", "properties": { "Shape_Area": 10000.0, "Shape_Leng": 400.0, "cluster_id": "101_884", "fid_1": 884.0, "id_munic": 884.0, "munic_clus": "101_884", "munic_code": 101.0, "min": 3.645618200302124, "max": 3.645618200302124, "mean": 3.645618200302124, "count": 1, "std": 0.0, "range": 0.0 }, "geometry": { "type": "Polygon", "coordinates": [ [ [ 723300.0, 6174500.0 ], [ 723300.0, 6174600.0 ], [ 723400.0, 6174600.0 ], [ 723400.0, 6174500.0 ], [ 723300.0, 6174500.0 ] ] ] } },
{ "type": "Feature", "properties": { "Shape_Area": 80000.0, "Shape_Leng": 1600.0, "cluster_id": "101_885", "fid_1": 885.0, "id_munic": 885.0, "munic_clus": "101_885", "munic_code": 101.0, "min": 2.7472505569458008, "max": 2.7472505569458008, "mean": 2.7472505569458008, "count": 8, "std": 0.0, "range": 0.0 }, "geometry": { "type": "Polygon", "coordinates": [ [ [ 725200.0, 6180800.0 ], [ 725200.0, 6180700.0 ], [ 725100.0, 6180700.0 ], [ 725000.0, 6180700.0 ], [ 725000.0, 6180800.0 ], [ 724900.0, 6180800.0 ], [ 724800.0, 6180800.0 ], [ 724700.0, 6180800.0 ], [ 724700.0, 6180900.0 ], [ 724700.0, 6181000.0 ], [ 724800.0, 6181000.0 ], [ 724900.0, 6181000.0 ], [ 724900.0, 6180900.0 ], [ 725000.0, 6180900.0 ], [ 725100.0, 6180900.0 ], [ 725100.0, 6180800.0 ], [ 725200.0, 6180800.0 ] ] ] } },
{ "type": "Feature", "properties": { "Shape_Area": 10000.0, "Shape_Leng": 400.0, "cluster_id": "101_886", "fid_1": 886.0, "id_munic": 886.0, "munic_clus": "101_886", "munic_code": 101.0, "min": 3.5778076648712158, "max": 3.5778076648712158, "mean": 3.5778076648712158, "count": 1, "std": 0.0, "range": 0.0 }, "geometry": { "type": "Polygon", "coordinates": [ [ [ 722700.0, 6175000.0 ], [ 722700.0, 6175100.0 ], [ 722800.0, 6175100.0 ], [ 722800.0, 6175000.0 ], [ 722700.0, 6175000.0 ] ] ] } },
{ "type": "Feature", "properties": { "Shape_Area": 20000.0, "Shape_Leng": 600.0, "cluster_id": "101_887", "fid_1": 887.0, "id_munic": 887.0, "munic_clus": "101_887", "munic_code": 101.0, "min": 2.5709764957427979, "max": 2.5709764957427979, "mean": 2.5709764957427979, "count": 2, "std": 0.0, "range": 0.0 }, "geometry": { "type": "Polygon", "coordinates": [ [ [ 722800.0, 6174400.0 ], [ 722800.0, 6174500.0 ], [ 722900.0, 6174500.0 ], [ 722900.0, 6174400.0 ], [ 722900.0, 6174300.0 ], [ 722800.0, 6174300.0 ], [ 722800.0, 6174400.0 ] ] ] } },
{ "type": "Feature", "properties": { "Shape_Area": 10000.0, "Shape_Leng": 400.0, "cluster_id": "101_888", "fid_1": 888.0, "id_munic": 888.0, "munic_clus": "101_888", "munic_code": 101.0, "min": 2.4826726913452148, "max": 2.4826726913452148, "mean": 2.4826726913452148, "count": 1, "std": 0.0, "range": 0.0 }, "geometry": { "type": "Polygon", "coordinates": [ [ [ 722900.0, 6174600.0 ], [ 722900.0, 6174700.0 ], [ 723000.0, 6174700.0 ], [ 723000.0, 6174600.0 ], [ 722900.0, 6174600.0 ] ] ] } },
{ "type": "Feature", "properties": { "Shape_Area": 10000.0, "Shape_Leng": 400.0, "cluster_id": "101_889", "fid_1": 889.0, "id_munic": 889.0, "munic_clus": "101_889", "munic_code": 101.0, "min": 3.8392207622528076, "max": 3.8392207622528076, "mean": 3.8392207622528076, "count": 1, "std": 0.0, "range": 0.0 }, "geometry": { "type": "Polygon", "coordinates": [ [ [ 723400.0, 6174700.0 ], [ 723400.0, 6174800.0 ], [ 723500.0, 6174800.0 ], [ 723500.0, 6174700.0 ], [ 723400.0, 6174700.0 ] ] ] } },
{ "type": "Feature", "properties": { "Shape_Area": 10000.0, "Shape_Leng": 400.0, "cluster_id": "101_890", "fid_1": 890.0, "id_munic": 890.0, "munic_clus": "101_890", "munic_code": 101.0, "min": 2.9206933975219727, "max": 2.9206933975219727, "mean": 2.9206933975219727, "count": 1, "std": 0.0, "range": 0.0 }, "geometry": { "type": "Polygon", "coordinates": [ [ [ 722900.0, 6174500.0 ], [ 722900.0, 6174600.0 ], [ 723000.0, 6174600.0 ], [ 723000.0, 6174500.0 ], [ 722900.0, 6174500.0 ] ] ] } },
{ "type": "Feature", "properties": { "Shape_Area": 60000.0, "Shape_Leng": 1000.0, "cluster_id": "101_891", "fid_1": 891.0, "id_munic": 891.0, "munic_clus": "101_891", "munic_code": 101.0, "min": 2.9081974029541016, "max": 2.9081974029541016, "mean": 2.9081974029541016, "count": 6, "std": 0.0, "range": 0.0 }, "geometry": { "type": "Polygon", "coordinates": [ [ [ 719800.0, 6178900.0 ], [ 719700.0, 6178900.0 ], [ 719600.0, 6178900.0 ], [ 719500.0, 6178900.0 ], [ 719500.0, 6179000.0 ], [ 719500.0, 6179100.0 ], [ 719600.0, 6179100.0 ], [ 719700.0, 6179100.0 ], [ 719800.0, 6179100.0 ], [ 719800.0, 6179000.0 ], [ 719800.0, 6178900.0 ] ] ] } },
{ "type": "Feature", "properties": { "Shape_Area": 120000.0, "Shape_Leng": 1600.0, "cluster_id": "101_892", "fid_1": 892.0, "id_munic": 892.0, "munic_clus": "101_892", "munic_code": 101.0, "min": 3.5811400413513184, "max": 3.5811400413513184, "mean": 3.5811398824055991, "count": 12, "std": 1.5894571925301193e-07, "range": 0.0 }, "geometry": { "type": "Polygon", "coordinates": [ [ [ 719800.0, 6178900.0 ], [ 719800.0, 6179000.0 ], [ 719800.0, 6179100.0 ], [ 719900.0, 6179100.0 ], [ 720000.0, 6179100.0 ], [ 720100.0, 6179100.0 ], [ 720100.0, 6179000.0 ], [ 720100.0, 6178900.0 ], [ 720100.0, 6178800.0 ], [ 720000.0, 6178800.0 ], [ 719900.0, 6178800.0 ], [ 719900.0, 6178700.0 ], [ 719800.0, 6178700.0 ], [ 719700.0, 6178700.0 ], [ 719700.0, 6178800.0 ], [ 719700.0, 6178900.0 ], [ 719800.0, 6178900.0 ] ] ] } },
{ "type": "Feature", "properties": { "Shape_Area": 290000.0, "Shape_Leng": 3200.0, "cluster_id": "101_894", "fid_1": 894.0, "id_munic": 894.0, "munic_clus": "101_894", "munic_code": 101.0, "min": 3.166111946105957, "max": 3.166111946105957, "mean": 3.1661119132206359, "count": 29, "std": 3.2885321132880563e-08, "range": 0.0 }, "geometry": { "type": "Polygon", "coordinates": [ [ [ 724700.0, 6180300.0 ], [ 724700.0, 6180400.0 ], [ 724700.0, 6180500.0 ], [ 724700.0, 6180600.0 ], [ 724800.0, 6180600.0 ], [ 724900.0, 6180600.0 ], [ 724900.0, 6180700.0 ], [ 725000.0, 6180700.0 ], [ 725100.0, 6180700.0 ], [ 725100.0, 6180600.0 ], [ 725100.0, 6180500.0 ], [ 725200.0, 6180500.0 ], [ 725200.0, 6180600.0 ], [ 725300.0, 6180600.0 ], [ 725400.0, 6180600.0 ], [ 725400.0, 6180700.0 ], [ 725500.0, 6180700.0 ], [ 725600.0, 6180700.0 ], [ 725700.0, 6180700.0 ], [ 725700.0, 6180600.0 ], [ 725700.0, 6180500.0 ], [ 725700.0, 6180400.0 ], [ 725600.0, 6180400.0 ], [ 725500.0, 6180400.0 ], [ 725400.0, 6180400.0 ], [ 725300.0, 6180400.0 ], [ 725200.0, 6180400.0 ], [ 725200.0, 6180300.0 ], [ 725100.0, 6180300.0 ], [ 725000.0, 6180300.0 ], [ 724900.0, 6180300.0 ], [ 724800.0, 6180300.0 ], [ 724700.0, 6180300.0 ] ] ] } },
{ "type": "Feature", "properties": { "Shape_Area": 70000.0, "Shape_Leng": 1200.0, "cluster_id": "101_895", "fid_1": 895.0, "id_munic": 895.0, "munic_clus": "101_895", "munic_code": 101.0, "min": 2.425025463104248, "max": 2.425025463104248, "mean": 2.4250253949846541, "count": 7, "std": 6.8119593965576541e-08, "range": 0.0 }, "geometry": { "type": "Polygon", "coordinates": [ [ [ 719400.0, 6179200.0 ], [ 719400.0, 6179300.0 ], [ 719400.0, 6179400.0 ], [ 719500.0, 6179400.0 ], [ 719600.0, 6179400.0 ], [ 719600.0, 6179300.0 ], [ 719600.0, 6179200.0 ], [ 719600.0, 6179100.0 ], [ 719500.0, 6179100.0 ], [ 719400.0, 6179100.0 ], [ 719300.0, 6179100.0 ], [ 719300.0, 6179200.0 ], [ 719400.0, 6179200.0 ] ] ] } },
{ "type": "Feature", "properties": { "Shape_Area": 20000.0, "Shape_Leng": 600.0, "cluster_id": "101_896", "fid_1": 896.0, "id_munic": 896.0, "munic_clus": "101_896", "munic_code": 101.0, "min": 3.2016000747680664, "max": 3.2016000747680664, "mean": 3.2016000747680664, "count": 2, "std": 0.0, "range": 0.0 }, "geometry": { "type": "Polygon", "coordinates": [ [ [ 719300.0, 6178900.0 ], [ 719300.0, 6179000.0 ], [ 719400.0, 6179000.0 ], [ 719400.0, 6178900.0 ], [ 719400.0, 6178800.0 ], [ 719300.0, 6178800.0 ], [ 719300.0, 6178900.0 ] ] ] } },
{ "type": "Feature", "properties": { "Shape_Area": 20000.0, "Shape_Leng": 600.0, "cluster_id": "101_897", "fid_1": 897.0, "id_munic": 897.0, "munic_clus": "101_897", "munic_code": 101.0, "min": 3.9928357601165771, "max": 3.9928357601165771, "mean": 3.9928357601165771, "count": 2, "std": 0.0, "range": 0.0 }, "geometry": { "type": "Polygon", "coordinates": [ [ [ 720500.0, 6179000.0 ], [ 720500.0, 6179100.0 ], [ 720600.0, 6179100.0 ], [ 720600.0, 6179000.0 ], [ 720600.0, 6178900.0 ], [ 720500.0, 6178900.0 ], [ 720500.0, 6179000.0 ] ] ] } },
{ "type": "Feature", "properties": { "Shape_Area": 30000.0, "Shape_Leng": 800.0, "cluster_id": "101_898", "fid_1": 898.0, "id_munic": 898.0, "munic_clus": "101_898", "munic_code": 101.0, "min": 2.5829722881317139, "max": 2.5829722881317139, "mean": 2.582972208658854, "count": 3, "std": 7.947285984855057e-08, "range": 0.0 }, "geometry": { "type": "Polygon", "coordinates": [ [ [ 720600.0, 6179100.0 ], [ 720600.0, 6179200.0 ], [ 720700.0, 6179200.0 ], [ 720700.0, 6179100.0 ], [ 720800.0, 6179100.0 ], [ 720800.0, 6179000.0 ], [ 720700.0, 6179000.0 ], [ 720600.0, 6179000.0 ], [ 720600.0, 6179100.0 ] ] ] } },
{ "type": "Feature", "properties": { "Shape_Area": 30000.0, "Shape_Leng": 800.0, "cluster_id": "101_899", "fid_1": 899.0, "id_munic": 899.0, "munic_clus": "101_899", "munic_code": 101.0, "min": 3.8800408840179443, "max": 3.8800408840179443, "mean": 3.8800408045450845, "count": 3, "std": 7.947285984855057e-08, "range": 0.0 }, "geometry": { "type": "Polygon", "coordinates": [ [ [ 719200.0, 6179000.0 ], [ 719200.0, 6179100.0 ], [ 719300.0, 6179100.0 ], [ 719400.0, 6179100.0 ], [ 719400.0, 6179000.0 ], [ 719300.0, 6179000.0 ], [ 719300.0, 6178900.0 ], [ 719200.0, 6178900.0 ], [ 719200.0, 6179000.0 ] ] ] } },
{ "type": "Feature", "properties": { "Shape_Area": 20000.0, "Shape_Leng": 600.0, "cluster_id": "101_900", "fid_1": 900.0, "id_munic": 900.0, "munic_clus": "101_900", "munic_code": 101.0, "min": 2.0741422176361084, "max": 2.0741422176361084, "mean": 2.0741422176361084, "count": 2, "std": 0.0, "range": 0.0 }, "geometry": { "type": "Polygon", "coordinates": [ [ [ 719000.0, 6179100.0 ], [ 719000.0, 6179200.0 ], [ 719100.0, 6179200.0 ], [ 719100.0, 6179100.0 ], [ 719100.0, 6179000.0 ], [ 719000.0, 6179000.0 ], [ 719000.0, 6179100.0 ] ] ] } },
{ "type": "Feature", "properties": { "Shape_Area": 50000.0, "Shape_Leng": 1200.0, "cluster_id": "101_901", "fid_1": 901.0, "id_munic": 901.0, "munic_clus": "101_901", "munic_code": 101.0, "min": 2.8702101707458496, "max": 2.8702101707458496, "mean": 2.8702102661132813, "count": 5, "std": 9.5367431729442842e-08, "range": 0.0 }, "geometry": { "type": "Polygon", "coordinates": [ [ [ 720300.0, 6178900.0 ], [ 720300.0, 6178800.0 ], [ 720200.0, 6178800.0 ], [ 720100.0, 6178800.0 ], [ 720100.0, 6178900.0 ], [ 720100.0, 6179000.0 ], [ 720100.0, 6179100.0 ], [ 720200.0, 6179100.0 ], [ 720300.0, 6179100.0 ], [ 720300.0, 6179000.0 ], [ 720200.0, 6179000.0 ], [ 720200.0, 6178900.0 ], [ 720300.0, 6178900.0 ] ] ] } },
{ "type": "Feature", "properties": { "Shape_Area": 30000.0, "Shape_Leng": 800.0, "cluster_id": "101_902", "fid_1": 902.0, "id_munic": 902.0, "munic_clus": "101_902", "munic_code": 101.0, "min": 2.5433189868927002, "max": 2.5433189868927002, "mean": 2.54331906636556, "count": 3, "std": 7.947285984855057e-08, "range": 0.0 }, "geometry": { "type": "Polygon", "coordinates": [ [ [ 719100.0, 6179100.0 ], [ 719100.0, 6179200.0 ], [ 719200.0, 6179200.0 ], [ 719300.0, 6179200.0 ], [ 719300.0, 6179100.0 ], [ 719200.0, 6179100.0 ], [ 719200.0, 6179000.0 ], [ 719100.0, 6179000.0 ], [ 719100.0, 6179100.0 ] ] ] } },
{ "type": "Feature", "properties": { "Shape_Area": 50000.0, "Shape_Leng": 1000.0, "cluster_id": "101_903", "fid_1": 903.0, "id_munic": 903.0, "munic_clus": "101_903", "munic_code": 101.0, "min": 2.6872711181640625, "max": 2.6872711181640625, "mean": 2.6872711181640625, "count": 5, "std": 0.0, "range": 0.0 }, "geometry": { "type": "Polygon", "coordinates": [ [ [ 720300.0, 6179000.0 ], [ 720300.0, 6179100.0 ], [ 720400.0, 6179100.0 ], [ 720500.0, 6179100.0 ], [ 720500.0, 6179000.0 ], [ 720500.0, 6178900.0 ], [ 720400.0, 6178900.0 ], [ 720300.0, 6178900.0 ], [ 720200.0, 6178900.0 ], [ 720200.0, 6179000.0 ], [ 720300.0, 6179000.0 ] ] ] } },
{ "type": "Feature", "properties": { "Shape_Area": 50000.0, "Shape_Leng": 1000.0, "cluster_id": "101_904", "fid_1": 904.0, "id_munic": 904.0, "munic_clus": "101_904", "munic_code": 101.0, "min": 3.538487434387207, "max": 3.538487434387207, "mean": 3.5384872436523436, "count": 5, "std": 1.9073486345888568e-07, "range": 0.0 }, "geometry": { "type": "Polygon", "coordinates": [ [ [ 720400.0, 6179100.0 ], [ 720300.0, 6179100.0 ], [ 720300.0, 6179200.0 ], [ 720300.0, 6179300.0 ], [ 720400.0, 6179300.0 ], [ 720500.0, 6179300.0 ], [ 720500.0, 6179200.0 ], [ 720600.0, 6179200.0 ], [ 720600.0, 6179100.0 ], [ 720500.0, 6179100.0 ], [ 720400.0, 6179100.0 ] ] ] } },
{ "type": "Feature", "properties": { "Shape_Area": 60000.0, "Shape_Leng": 1000.0, "cluster_id": "101_905", "fid_1": 905.0, "id_munic": 905.0, "munic_clus": "101_905", "munic_code": 101.0, "min": 3.1412868499755859, "max": 3.1412868499755859, "mean": 3.1412868499755859, "count": 6, "std": 0.0, "range": 0.0 }, "geometry": { "type": "Polygon", "coordinates": [ [ [ 724500.0, 6180900.0 ], [ 724500.0, 6181000.0 ], [ 724600.0, 6181000.0 ], [ 724700.0, 6181000.0 ], [ 724700.0, 6180900.0 ], [ 724700.0, 6180800.0 ], [ 724700.0, 6180700.0 ], [ 724600.0, 6180700.0 ], [ 724500.0, 6180700.0 ], [ 724500.0, 6180800.0 ], [ 724500.0, 6180900.0 ] ] ] } },
{ "type": "Feature", "properties": { "Shape_Area": 80000.0, "Shape_Leng": 1200.0, "cluster_id": "101_906", "fid_1": 906.0, "id_munic": 906.0, "munic_clus": "101_906", "munic_code": 101.0, "min": 3.0201599597930908, "max": 3.0201599597930908, "mean": 3.0201601982116699, "count": 8, "std": 2.384185791015625e-07, "range": 0.0 }, "geometry": { "type": "Polygon", "coordinates": [ [ [ 724700.0, 6180400.0 ], [ 724600.0, 6180400.0 ], [ 724500.0, 6180400.0 ], [ 724500.0, 6180500.0 ], [ 724400.0, 6180500.0 ], [ 724400.0, 6180600.0 ], [ 724400.0, 6180700.0 ], [ 724500.0, 6180700.0 ], [ 724600.0, 6180700.0 ], [ 724700.0, 6180700.0 ], [ 724700.0, 6180600.0 ], [ 724700.0, 6180500.0 ], [ 724700.0, 6180400.0 ] ] ] } },
{ "type": "Feature", "properties": { "Shape_Area": 90000.0, "Shape_Leng": 1600.0, "cluster_id": "101_907", "fid_1": 907.0, "id_munic": 907.0, "munic_clus": "101_907", "munic_code": 101.0, "min": 3.6102967262268066, "max": 3.6102967262268066, "mean": 3.6102964613172741, "count": 9, "std": 2.6490953253244243e-07, "range": 0.0 }, "geometry": { "type": "Polygon", "coordinates": [ [ [ 724600.0, 6181000.0 ], [ 724500.0, 6181000.0 ], [ 724500.0, 6181100.0 ], [ 724500.0, 6181200.0 ], [ 724500.0, 6181300.0 ], [ 724400.0, 6181300.0 ], [ 724400.0, 6181400.0 ], [ 724400.0, 6181500.0 ], [ 724500.0, 6181500.0 ], [ 724600.0, 6181500.0 ], [ 724600.0, 6181400.0 ], [ 724600.0, 6181300.0 ], [ 724600.0, 6181200.0 ], [ 724700.0, 6181200.0 ], [ 724700.0, 6181100.0 ], [ 724700.0, 6181000.0 ], [ 724600.0, 6181000.0 ] ] ] } },
{ "type": "Feature", "properties": { "Shape_Area": 220000.0, "Shape_Leng": 2400.0, "cluster_id": "101_908", "fid_1": 908.0, "id_munic": 908.0, "munic_clus": "101_908", "munic_code": 101.0, "min": 3.0296573638916016, "max": 3.0296573638916016, "mean": 3.0296575372869317, "count": 22, "std": 1.7339533009419483e-07, "range": 0.0 }, "geometry": { "type": "Polygon", "coordinates": [ [ [ 724300.0, 6180700.0 ], [ 724300.0, 6180800.0 ], [ 724300.0, 6180900.0 ], [ 724300.0, 6181000.0 ], [ 724200.0, 6181000.0 ], [ 724200.0, 6181100.0 ], [ 724200.0, 6181200.0 ], [ 724100.0, 6181200.0 ], [ 724100.0, 6181300.0 ], [ 724100.0, 6181400.0 ], [ 724100.0, 6181500.0 ], [ 724200.0, 6181500.0 ], [ 724300.0, 6181500.0 ], [ 724400.0, 6181500.0 ], [ 724400.0, 6181400.0 ], [ 724400.0, 6181300.0 ], [ 724500.0, 6181300.0 ], [ 724500.0, 6181200.0 ], [ 724500.0, 6181100.0 ], [ 724500.0, 6181000.0 ], [ 724500.0, 6180900.0 ], [ 724500.0, 6180800.0 ], [ 724500.0, 6180700.0 ], [ 724400.0, 6180700.0 ], [ 724300.0, 6180700.0 ] ] ] } },
{ "type": "Feature", "properties": { "Shape_Area": 80000.0, "Shape_Leng": 1200.0, "cluster_id": "101_909", "fid_1": 909.0, "id_munic": 909.0, "munic_clus": "101_909", "munic_code": 101.0, "min": 2.9921696186065674, "max": 2.9921696186065674, "mean": 2.9921696186065674, "count": 8, "std": 0.0, "range": 0.0 }, "geometry": { "type": "Polygon", "coordinates": [ [ [ 724400.0, 6181500.0 ], [ 724300.0, 6181500.0 ], [ 724200.0, 6181500.0 ], [ 724100.0, 6181500.0 ], [ 724100.0, 6181600.0 ], [ 724100.0, 6181700.0 ], [ 724100.0, 6181800.0 ], [ 724200.0, 6181800.0 ], [ 724300.0, 6181800.0 ], [ 724300.0, 6181700.0 ], [ 724400.0, 6181700.0 ], [ 724400.0, 6181600.0 ], [ 724400.0, 6181500.0 ] ] ] } },
{ "type": "Feature", "properties": { "Shape_Area": 30000.0, "Shape_Leng": 800.0, "cluster_id": "101_910", "fid_1": 910.0, "id_munic": 910.0, "munic_clus": "101_910", "munic_code": 101.0, "min": 2.311729907989502, "max": 2.311729907989502, "mean": 2.311729907989502, "count": 3, "std": 0.0, "range": 0.0 }, "geometry": { "type": "Polygon", "coordinates": [ [ [ 724400.0, 6181600.0 ], [ 724400.0, 6181700.0 ], [ 724500.0, 6181700.0 ], [ 724600.0, 6181700.0 ], [ 724600.0, 6181600.0 ], [ 724500.0, 6181600.0 ], [ 724500.0, 6181500.0 ], [ 724400.0, 6181500.0 ], [ 724400.0, 6181600.0 ] ] ] } },
{ "type": "Feature", "properties": { "Shape_Area": 20000.0, "Shape_Leng": 600.0, "cluster_id": "101_911", "fid_1": 911.0, "id_munic": 911.0, "munic_clus": "101_911", "munic_code": 101.0, "min": 3.3048985004425049, "max": 3.3048985004425049, "mean": 3.3048985004425049, "count": 2, "std": 0.0, "range": 0.0 }, "geometry": { "type": "Polygon", "coordinates": [ [ [ 721900.0, 6179900.0 ], [ 722000.0, 6179900.0 ], [ 722100.0, 6179900.0 ], [ 722100.0, 6179800.0 ], [ 722000.0, 6179800.0 ], [ 721900.0, 6179800.0 ], [ 721900.0, 6179900.0 ] ] ] } },
{ "type": "Feature", "properties": { "Shape_Area": 10000.0, "Shape_Leng": 400.0, "cluster_id": "101_912", "fid_1": 912.0, "id_munic": 912.0, "munic_clus": "101_912", "munic_code": 101.0, "min": 3.2549149990081787, "max": 3.2549149990081787, "mean": 3.2549149990081787, "count": 1, "std": 0.0, "range": 0.0 }, "geometry": { "type": "Polygon", "coordinates": [ [ [ 721800.0, 6180000.0 ], [ 721800.0, 6180100.0 ], [ 721900.0, 6180100.0 ], [ 721900.0, 6180000.0 ], [ 721800.0, 6180000.0 ] ] ] } },
{ "type": "Feature", "properties": { "Shape_Area": 20000.0, "Shape_Leng": 600.0, "cluster_id": "101_913", "fid_1": 913.0, "id_munic": 913.0, "munic_clus": "101_913", "munic_code": 101.0, "min": 3.247251033782959, "max": 3.247251033782959, "mean": 3.247251033782959, "count": 2, "std": 0.0, "range": 0.0 }, "geometry": { "type": "Polygon", "coordinates": [ [ [ 721800.0, 6180000.0 ], [ 721900.0, 6180000.0 ], [ 722000.0, 6180000.0 ], [ 722000.0, 6179900.0 ], [ 721900.0, 6179900.0 ], [ 721800.0, 6179900.0 ], [ 721800.0, 6180000.0 ] ] ] } },
{ "type": "Feature", "properties": { "Shape_Area": 10000.0, "Shape_Leng": 400.0, "cluster_id": "101_914", "fid_1": 914.0, "id_munic": 914.0, "munic_clus": "101_914", "munic_code": 101.0, "min": 3.9713430404663086, "max": 3.9713430404663086, "mean": 3.9713430404663086, "count": 1, "std": 0.0, "range": 0.0 }, "geometry": { "type": "Polygon", "coordinates": [ [ [ 722800.0, 6178700.0 ], [ 722800.0, 6178800.0 ], [ 722900.0, 6178800.0 ], [ 722900.0, 6178700.0 ], [ 722800.0, 6178700.0 ] ] ] } },
{ "type": "Feature", "properties": { "Shape_Area": 20000.0, "Shape_Leng": 600.0, "cluster_id": "101_915", "fid_1": 915.0, "id_munic": 915.0, "munic_clus": "101_915", "munic_code": 101.0, "min": 4.0629796981811523, "max": 4.0629796981811523, "mean": 4.0629796981811523, "count": 2, "std": 0.0, "range": 0.0 }, "geometry": { "type": "Polygon", "coordinates": [ [ [ 722700.0, 6178600.0 ], [ 722700.0, 6178700.0 ], [ 722800.0, 6178700.0 ], [ 722800.0, 6178600.0 ], [ 722800.0, 6178500.0 ], [ 722700.0, 6178500.0 ], [ 722700.0, 6178600.0 ] ] ] } },
{ "type": "Feature", "properties": { "Shape_Area": 20000.0, "Shape_Leng": 600.0, "cluster_id": "101_916", "fid_1": 916.0, "id_munic": 916.0, "munic_clus": "101_916", "munic_code": 101.0, "min": 2.1942684650421143, "max": 2.1942684650421143, "mean": 2.1942684650421143, "count": 2, "std": 0.0, "range": 0.0 }, "geometry": { "type": "Polygon", "coordinates": [ [ [ 722400.0, 6178600.0 ], [ 722500.0, 6178600.0 ], [ 722600.0, 6178600.0 ], [ 722600.0, 6178500.0 ], [ 722500.0, 6178500.0 ], [ 722400.0, 6178500.0 ], [ 722400.0, 6178600.0 ] ] ] } },
{ "type": "Feature", "properties": { "Shape_Area": 10000.0, "Shape_Leng": 400.0, "cluster_id": "101_917", "fid_1": 917.0, "id_munic": 917.0, "munic_clus": "101_917", "munic_code": 101.0, "min": 2.2395870685577393, "max": 2.2395870685577393, "mean": 2.2395870685577393, "count": 1, "std": 0.0, "range": 0.0 }, "geometry": { "type": "Polygon", "coordinates": [ [ [ 722300.0, 6178200.0 ], [ 722300.0, 6178300.0 ], [ 722400.0, 6178300.0 ], [ 722400.0, 6178200.0 ], [ 722300.0, 6178200.0 ] ] ] } },
{ "type": "Feature", "properties": { "Shape_Area": 20000.0, "Shape_Leng": 600.0, "cluster_id": "101_918", "fid_1": 918.0, "id_munic": 918.0, "munic_clus": "101_918", "munic_code": 101.0, "min": 3.1711101531982422, "max": 3.1711101531982422, "mean": 3.1711101531982422, "count": 2, "std": 0.0, "range": 0.0 }, "geometry": { "type": "Polygon", "coordinates": [ [ [ 722200.0, 6178200.0 ], [ 722200.0, 6178300.0 ], [ 722300.0, 6178300.0 ], [ 722300.0, 6178200.0 ], [ 722300.0, 6178100.0 ], [ 722200.0, 6178100.0 ], [ 722200.0, 6178200.0 ] ] ] } },
{ "type": "Feature", "properties": { "Shape_Area": 10000.0, "Shape_Leng": 400.0, "cluster_id": "101_919", "fid_1": 919.0, "id_munic": 919.0, "munic_clus": "101_919", "munic_code": 101.0, "min": 3.7640790939331055, "max": 3.7640790939331055, "mean": 3.7640790939331055, "count": 1, "std": 0.0, "range": 0.0 }, "geometry": { "type": "Polygon", "coordinates": [ [ [ 722200.0, 6178300.0 ], [ 722200.0, 6178400.0 ], [ 722300.0, 6178400.0 ], [ 722300.0, 6178300.0 ], [ 722200.0, 6178300.0 ] ] ] } },
{ "type": "Feature", "properties": { "Shape_Area": 10000.0, "Shape_Leng": 400.0, "cluster_id": "101_920", "fid_1": 920.0, "id_munic": 920.0, "munic_clus": "101_920", "munic_code": 101.0, "min": 3.564312219619751, "max": 3.564312219619751, "mean": 3.564312219619751, "count": 1, "std": 0.0, "range": 0.0 }, "geometry": { "type": "Polygon", "coordinates": [ [ [ 722600.0, 6178500.0 ], [ 722600.0, 6178600.0 ], [ 722700.0, 6178600.0 ], [ 722700.0, 6178500.0 ], [ 722600.0, 6178500.0 ] ] ] } },
{ "type": "Feature", "properties": { "Shape_Area": 20000.0, "Shape_Leng": 600.0, "cluster_id": "101_921", "fid_1": 921.0, "id_munic": 921.0, "munic_clus": "101_921", "munic_code": 101.0, "min": 3.5758078098297119, "max": 3.5758078098297119, "mean": 3.5758078098297119, "count": 2, "std": 0.0, "range": 0.0 }, "geometry": { "type": "Polygon", "coordinates": [ [ [ 722700.0, 6178800.0 ], [ 722700.0, 6178900.0 ], [ 722800.0, 6178900.0 ], [ 722800.0, 6178800.0 ], [ 722800.0, 6178700.0 ], [ 722700.0, 6178700.0 ], [ 722700.0, 6178800.0 ] ] ] } },
{ "type": "Feature", "properties": { "Shape_Area": 10000.0, "Shape_Leng": 400.0, "cluster_id": "101_922", "fid_1": 922.0, "id_munic": 922.0, "munic_clus": "101_922", "munic_code": 101.0, "min": 3.5054986476898193, "max": 3.5054986476898193, "mean": 3.5054986476898193, "count": 1, "std": 0.0, "range": 0.0 }, "geometry": { "type": "Polygon", "coordinates": [ [ [ 722600.0, 6178800.0 ], [ 722600.0, 6178900.0 ], [ 722700.0, 6178900.0 ], [ 722700.0, 6178800.0 ], [ 722600.0, 6178800.0 ] ] ] } },
{ "type": "Feature", "properties": { "Shape_Area": 90000.0, "Shape_Leng": 1400.0, "cluster_id": "101_923", "fid_1": 923.0, "id_munic": 923.0, "munic_clus": "101_923", "munic_code": 101.0, "min": 3.5256583690643311, "max": 3.5256583690643311, "mean": 3.5256580776638455, "count": 9, "std": 2.9140048551923314e-07, "range": 0.0 }, "geometry": { "type": "Polygon", "coordinates": [ [ [ 723400.0, 6180600.0 ], [ 723400.0, 6180700.0 ], [ 723300.0, 6180700.0 ], [ 723300.0, 6180800.0 ], [ 723300.0, 6180900.0 ], [ 723300.0, 6181000.0 ], [ 723400.0, 6181000.0 ], [ 723500.0, 6181000.0 ], [ 723500.0, 6180900.0 ], [ 723600.0, 6180900.0 ], [ 723600.0, 6180800.0 ], [ 723600.0, 6180700.0 ], [ 723500.0, 6180700.0 ], [ 723500.0, 6180600.0 ], [ 723400.0, 6180600.0 ] ] ] } },
{ "type": "Feature", "properties": { "Shape_Area": 40000.0, "Shape_Leng": 1000.0, "cluster_id": "101_924", "fid_1": 924.0, "id_munic": 924.0, "munic_clus": "101_924", "munic_code": 101.0, "min": 3.7600805759429932, "max": 3.7600805759429932, "mean": 3.7600805759429932, "count": 4, "std": 0.0, "range": 0.0 }, "geometry": { "type": "Polygon", "coordinates": [ [ [ 723600.0, 6181000.0 ], [ 723600.0, 6181100.0 ], [ 723600.0, 6181200.0 ], [ 723700.0, 6181200.0 ], [ 723700.0, 6181100.0 ], [ 723700.0, 6181000.0 ], [ 723700.0, 6180900.0 ], [ 723600.0, 6180900.0 ], [ 723500.0, 6180900.0 ], [ 723500.0, 6181000.0 ], [ 723600.0, 6181000.0 ] ] ] } },
{ "type": "Feature", "properties": { "Shape_Area": 30000.0, "Shape_Leng": 800.0, "cluster_id": "101_925", "fid_1": 925.0, "id_munic": 925.0, "munic_clus": "101_925", "munic_code": 101.0, "min": 3.1742756366729736, "max": 3.1742756366729736, "mean": 3.1742757161458335, "count": 3, "std": 7.947285984855057e-08, "range": 0.0 }, "geometry": { "type": "Polygon", "coordinates": [ [ [ 723700.0, 6181000.0 ], [ 723700.0, 6181100.0 ], [ 723700.0, 6181200.0 ], [ 723800.0, 6181200.0 ], [ 723800.0, 6181100.0 ], [ 723800.0, 6181000.0 ], [ 723800.0, 6180900.0 ], [ 723700.0, 6180900.0 ], [ 723700.0, 6181000.0 ] ] ] } },
{ "type": "Feature", "properties": { "Shape_Area": 20000.0, "Shape_Leng": 600.0, "cluster_id": "101_926", "fid_1": 926.0, "id_munic": 926.0, "munic_clus": "101_926", "munic_code": 101.0, "min": 3.120959997177124, "max": 3.120959997177124, "mean": 3.120959997177124, "count": 2, "std": 0.0, "range": 0.0 }, "geometry": { "type": "Polygon", "coordinates": [ [ [ 723400.0, 6180500.0 ], [ 723400.0, 6180600.0 ], [ 723500.0, 6180600.0 ], [ 723500.0, 6180500.0 ], [ 723500.0, 6180400.0 ], [ 723400.0, 6180400.0 ], [ 723400.0, 6180500.0 ] ] ] } },
{ "type": "Feature", "properties": { "Shape_Area": 20000.0, "Shape_Leng": 600.0, "cluster_id": "101_927", "fid_1": 927.0, "id_munic": 927.0, "munic_clus": "101_927", "munic_code": 101.0, "min": 3.4301905632019043, "max": 3.4301905632019043, "mean": 3.4301905632019043, "count": 2, "std": 0.0, "range": 0.0 }, "geometry": { "type": "Polygon", "coordinates": [ [ [ 723500.0, 6180600.0 ], [ 723500.0, 6180700.0 ], [ 723600.0, 6180700.0 ], [ 723600.0, 6180600.0 ], [ 723600.0, 6180500.0 ], [ 723500.0, 6180500.0 ], [ 723500.0, 6180600.0 ] ] ] } },
{ "type": "Feature", "properties": { "Shape_Area": 40000.0, "Shape_Leng": 800.0, "cluster_id": "101_928", "fid_1": 928.0, "id_munic": 928.0, "munic_clus": "101_928", "munic_code": 101.0, "min": 3.0628125667572021, "max": 3.0628125667572021, "mean": 3.0628125667572021, "count": 4, "std": 0.0, "range": 0.0 }, "geometry": { "type": "Polygon", "coordinates": [ [ [ 723800.0, 6180700.0 ], [ 723700.0, 6180700.0 ], [ 723600.0, 6180700.0 ], [ 723600.0, 6180800.0 ], [ 723600.0, 6180900.0 ], [ 723700.0, 6180900.0 ], [ 723800.0, 6180900.0 ], [ 723800.0, 6180800.0 ], [ 723800.0, 6180700.0 ] ] ] } },
{ "type": "Feature", "properties": { "Shape_Area": 10000.0, "Shape_Leng": 400.0, "cluster_id": "101_929", "fid_1": 929.0, "id_munic": 929.0, "munic_clus": "101_929", "munic_code": 101.0, "min": 2.6387872695922852, "max": 2.6387872695922852, "mean": 2.6387872695922852, "count": 1, "std": 0.0, "range": 0.0 }, "geometry": { "type": "Polygon", "coordinates": [ [ [ 722800.0, 6178900.0 ], [ 722800.0, 6179000.0 ], [ 722900.0, 6179000.0 ], [ 722900.0, 6178900.0 ], [ 722800.0, 6178900.0 ] ] ] } },
{ "type": "Feature", "properties": { "Shape_Area": 10000.0, "Shape_Leng": 400.0, "cluster_id": "101_930", "fid_1": 930.0, "id_munic": 930.0, "munic_clus": "101_930", "munic_code": 101.0, "min": 2.4318563938140869, "max": 2.4318563938140869, "mean": 2.4318563938140869, "count": 1, "std": 0.0, "range": 0.0 }, "geometry": { "type": "Polygon", "coordinates": [ [ [ 722900.0, 6178800.0 ], [ 722900.0, 6178900.0 ], [ 723000.0, 6178900.0 ], [ 723000.0, 6178800.0 ], [ 722900.0, 6178800.0 ] ] ] } },
{ "type": "Feature", "properties": { "Shape_Area": 10000.0, "Shape_Leng": 400.0, "cluster_id": "101_931", "fid_1": 931.0, "id_munic": 931.0, "munic_clus": "101_931", "munic_code": 101.0, "min": 2.6734421253204346, "max": 2.6734421253204346, "mean": 2.6734421253204346, "count": 1, "std": 0.0, "range": 0.0 }, "geometry": { "type": "Polygon", "coordinates": [ [ [ 722800.0, 6178800.0 ], [ 722800.0, 6178900.0 ], [ 722900.0, 6178900.0 ], [ 722900.0, 6178800.0 ], [ 722800.0, 6178800.0 ] ] ] } },
{ "type": "Feature", "properties": { "Shape_Area": 10000.0, "Shape_Leng": 400.0, "cluster_id": "101_932", "fid_1": 932.0, "id_munic": 932.0, "munic_clus": "101_932", "munic_code": 101.0, "min": 3.7524158954620361, "max": 3.7524158954620361, "mean": 3.7524158954620361, "count": 1, "std": 0.0, "range": 0.0 }, "geometry": { "type": "Polygon", "coordinates": [ [ [ 722900.0, 6178900.0 ], [ 722900.0, 6179000.0 ], [ 723000.0, 6179000.0 ], [ 723000.0, 6178900.0 ], [ 722900.0, 6178900.0 ] ] ] } },
{ "type": "Feature", "properties": { "Shape_Area": 40000.0, "Shape_Leng": 800.0, "cluster_id": "101_933", "fid_1": 933.0, "id_munic": 933.0, "munic_clus": "101_933", "munic_code": 101.0, "min": 3.17777419090271, "max": 3.17777419090271, "mean": 3.17777419090271, "count": 4, "std": 0.0, "range": 0.0 }, "geometry": { "type": "Polygon", "coordinates": [ [ [ 723100.0, 6179100.0 ], [ 723000.0, 6179100.0 ], [ 722900.0, 6179100.0 ], [ 722900.0, 6179200.0 ], [ 722900.0, 6179300.0 ], [ 723000.0, 6179300.0 ], [ 723100.0, 6179300.0 ], [ 723100.0, 6179200.0 ], [ 723100.0, 6179100.0 ] ] ] } },
{ "type": "Feature", "properties": { "Shape_Area": 30000.0, "Shape_Leng": 800.0, "cluster_id": "101_934", "fid_1": 934.0, "id_munic": 934.0, "munic_clus": "101_934", "munic_code": 101.0, "min": 3.026158332824707, "max": 3.026158332824707, "mean": 3.026158332824707, "count": 3, "std": 0.0, "range": 0.0 }, "geometry": { "type": "Polygon", "coordinates": [ [ [ 723000.0, 6179000.0 ], [ 723000.0, 6179100.0 ], [ 723100.0, 6179100.0 ], [ 723200.0, 6179100.0 ], [ 723200.0, 6179000.0 ], [ 723100.0, 6179000.0 ], [ 723100.0, 6178900.0 ], [ 723000.0, 6178900.0 ], [ 723000.0, 6179000.0 ] ] ] } },
{ "type": "Feature", "properties": { "Shape_Area": 20000.0, "Shape_Leng": 600.0, "cluster_id": "101_935", "fid_1": 935.0, "id_munic": 935.0, "munic_clus": "101_935", "munic_code": 101.0, "min": 3.7744085788726807, "max": 3.7744085788726807, "mean": 3.7744085788726807, "count": 2, "std": 0.0, "range": 0.0 }, "geometry": { "type": "Polygon", "coordinates": [ [ [ 722800.0, 6179100.0 ], [ 722900.0, 6179100.0 ], [ 723000.0, 6179100.0 ], [ 723000.0, 6179000.0 ], [ 722900.0, 6179000.0 ], [ 722800.0, 6179000.0 ], [ 722800.0, 6179100.0 ] ] ] } },
{ "type": "Feature", "properties": { "Shape_Area": 20000.0, "Shape_Leng": 600.0, "cluster_id": "101_936", "fid_1": 936.0, "id_munic": 936.0, "munic_clus": "101_936", "munic_code": 101.0, "min": 3.5286574363708496, "max": 3.5286574363708496, "mean": 3.5286574363708496, "count": 2, "std": 0.0, "range": 0.0 }, "geometry": { "type": "Polygon", "coordinates": [ [ [ 723900.0, 6179500.0 ], [ 724000.0, 6179500.0 ], [ 724100.0, 6179500.0 ], [ 724100.0, 6179400.0 ], [ 724000.0, 6179400.0 ], [ 723900.0, 6179400.0 ], [ 723900.0, 6179500.0 ] ] ] } },
{ "type": "Feature", "properties": { "Shape_Area": 20000.0, "Shape_Leng": 600.0, "cluster_id": "101_937", "fid_1": 937.0, "id_munic": 937.0, "munic_clus": "101_937", "munic_code": 101.0, "min": 2.4726760387420654, "max": 2.4726760387420654, "mean": 2.4726760387420654, "count": 2, "std": 0.0, "range": 0.0 }, "geometry": { "type": "Polygon", "coordinates": [ [ [ 723800.0, 6179300.0 ], [ 723800.0, 6179400.0 ], [ 723900.0, 6179400.0 ], [ 723900.0, 6179300.0 ], [ 723900.0, 6179200.0 ], [ 723800.0, 6179200.0 ], [ 723800.0, 6179300.0 ] ] ] } },
{ "type": "Feature", "properties": { "Shape_Area": 20000.0, "Shape_Leng": 600.0, "cluster_id": "101_938", "fid_1": 938.0, "id_munic": 938.0, "munic_clus": "101_938", "munic_code": 101.0, "min": 3.1451187133789062, "max": 3.1451187133789062, "mean": 3.1451187133789062, "count": 2, "std": 0.0, "range": 0.0 }, "geometry": { "type": "Polygon", "coordinates": [ [ [ 723900.0, 6179300.0 ], [ 723900.0, 6179400.0 ], [ 724000.0, 6179400.0 ], [ 724000.0, 6179300.0 ], [ 724000.0, 6179200.0 ], [ 723900.0, 6179200.0 ], [ 723900.0, 6179300.0 ] ] ] } },
{ "type": "Feature", "properties": { "Shape_Area": 20000.0, "Shape_Leng": 600.0, "cluster_id": "101_939", "fid_1": 939.0, "id_munic": 939.0, "munic_clus": "101_939", "munic_code": 101.0, "min": 2.9825057983398438, "max": 2.9825057983398438, "mean": 2.9825057983398438, "count": 2, "std": 0.0, "range": 0.0 }, "geometry": { "type": "Polygon", "coordinates": [ [ [ 724100.0, 6179600.0 ], [ 724200.0, 6179600.0 ], [ 724300.0, 6179600.0 ], [ 724300.0, 6179500.0 ], [ 724200.0, 6179500.0 ], [ 724100.0, 6179500.0 ], [ 724100.0, 6179600.0 ] ] ] } },
{ "type": "Feature", "properties": { "Shape_Area": 40000.0, "Shape_Leng": 800.0, "cluster_id": "101_940", "fid_1": 940.0, "id_munic": 940.0, "munic_clus": "101_940", "munic_code": 101.0, "min": 3.4683444499969482, "max": 3.4683444499969482, "mean": 3.4683444499969482, "count": 4, "std": 0.0, "range": 0.0 }, "geometry": { "type": "Polygon", "coordinates": [ [ [ 724300.0, 6179300.0 ], [ 724200.0, 6179300.0 ], [ 724100.0, 6179300.0 ], [ 724100.0, 6179400.0 ], [ 724100.0, 6179500.0 ], [ 724200.0, 6179500.0 ], [ 724300.0, 6179500.0 ], [ 724300.0, 6179400.0 ], [ 724300.0, 6179300.0 ] ] ] } },
{ "type": "Feature", "properties": { "Shape_Area": 20000.0, "Shape_Leng": 600.0, "cluster_id": "101_941", "fid_1": 941.0, "id_munic": 941.0, "munic_clus": "101_941", "munic_code": 101.0, "min": 2.5899701118469238, "max": 2.5899701118469238, "mean": 2.5899701118469238, "count": 2, "std": 0.0, "range": 0.0 }, "geometry": { "type": "Polygon", "coordinates": [ [ [ 723700.0, 6179600.0 ], [ 723800.0, 6179600.0 ], [ 723900.0, 6179600.0 ], [ 723900.0, 6179500.0 ], [ 723800.0, 6179500.0 ], [ 723700.0, 6179500.0 ], [ 723700.0, 6179600.0 ] ] ] } },
{ "type": "Feature", "properties": { "Shape_Area": 20000.0, "Shape_Leng": 600.0, "cluster_id": "101_942", "fid_1": 942.0, "id_munic": 942.0, "munic_clus": "101_942", "munic_code": 101.0, "min": 3.2392537593841553, "max": 3.2392537593841553, "mean": 3.2392537593841553, "count": 2, "std": 0.0, "range": 0.0 }, "geometry": { "type": "Polygon", "coordinates": [ [ [ 724000.0, 6179700.0 ], [ 724100.0, 6179700.0 ], [ 724200.0, 6179700.0 ], [ 724200.0, 6179600.0 ], [ 724100.0, 6179600.0 ], [ 724000.0, 6179600.0 ], [ 724000.0, 6179700.0 ] ] ] } },
{ "type": "Feature", "properties": { "Shape_Area": 20000.0, "Shape_Leng": 600.0, "cluster_id": "101_943", "fid_1": 943.0, "id_munic": 943.0, "munic_clus": "101_943", "munic_code": 101.0, "min": 4.0114970207214355, "max": 4.0114970207214355, "mean": 4.0114970207214355, "count": 2, "std": 0.0, "range": 0.0 }, "geometry": { "type": "Polygon", "coordinates": [ [ [ 723900.0, 6179600.0 ], [ 724000.0, 6179600.0 ], [ 724100.0, 6179600.0 ], [ 724100.0, 6179500.0 ], [ 724000.0, 6179500.0 ], [ 723900.0, 6179500.0 ], [ 723900.0, 6179600.0 ] ] ] } },
{ "type": "Feature", "properties": { "Shape_Area": 30000.0, "Shape_Leng": 800.0, "cluster_id": "101_944", "fid_1": 944.0, "id_munic": 944.0, "munic_clus": "101_944", "munic_code": 101.0, "min": 3.5684773921966553, "max": 3.5684773921966553, "mean": 3.5684773127237954, "count": 3, "std": 7.947285984855057e-08, "range": 0.0 }, "geometry": { "type": "Polygon", "coordinates": [ [ [ 719300.0, 6174700.0 ], [ 719400.0, 6174700.0 ], [ 719400.0, 6174800.0 ], [ 719500.0, 6174800.0 ], [ 719500.0, 6174700.0 ], [ 719500.0, 6174600.0 ], [ 719400.0, 6174600.0 ], [ 719300.0, 6174600.0 ], [ 719300.0, 6174700.0 ] ] ] } },
{ "type": "Feature", "properties": { "Shape_Area": 30000.0, "Shape_Leng": 800.0, "cluster_id": "101_945", "fid_1": 945.0, "id_munic": 945.0, "munic_clus": "101_945", "munic_code": 101.0, "min": 2.9295239448547363, "max": 2.9295239448547363, "mean": 2.9295241038004556, "count": 3, "std": 1.5894571925301193e-07, "range": 0.0 }, "geometry": { "type": "Polygon", "coordinates": [ [ [ 720300.0, 6174000.0 ], [ 720300.0, 6174100.0 ], [ 720400.0, 6174100.0 ], [ 720500.0, 6174100.0 ], [ 720500.0, 6174000.0 ], [ 720400.0, 6174000.0 ], [ 720400.0, 6173900.0 ], [ 720300.0, 6173900.0 ], [ 720300.0, 6174000.0 ] ] ] } },
{ "type": "Feature", "properties": { "Shape_Area": 20000.0, "Shape_Leng": 600.0, "cluster_id": "101_946", "fid_1": 946.0, "id_munic": 946.0, "munic_clus": "101_946", "munic_code": 101.0, "min": 2.8037323951721191, "max": 2.8037323951721191, "mean": 2.8037323951721191, "count": 2, "std": 0.0, "range": 0.0 }, "geometry": { "type": "Polygon", "coordinates": [ [ [ 721000.0, 6174200.0 ], [ 721100.0, 6174200.0 ], [ 721200.0, 6174200.0 ], [ 721200.0, 6174100.0 ], [ 721100.0, 6174100.0 ], [ 721000.0, 6174100.0 ], [ 721000.0, 6174200.0 ] ] ] } },
{ "type": "Feature", "properties": { "Shape_Area": 20000.0, "Shape_Leng": 600.0, "cluster_id": "101_947", "fid_1": 947.0, "id_munic": 947.0, "munic_clus": "101_947", "munic_code": 101.0, "min": 2.9470183849334717, "max": 2.9470183849334717, "mean": 2.9470183849334717, "count": 2, "std": 0.0, "range": 0.0 }, "geometry": { "type": "Polygon", "coordinates": [ [ [ 720000.0, 6177400.0 ], [ 720100.0, 6177400.0 ], [ 720200.0, 6177400.0 ], [ 720200.0, 6177300.0 ], [ 720100.0, 6177300.0 ], [ 720000.0, 6177300.0 ], [ 720000.0, 6177400.0 ] ] ] } },
{ "type": "Feature", "properties": { "Shape_Area": 90000.0, "Shape_Leng": 1600.0, "cluster_id": "101_948", "fid_1": 948.0, "id_munic": 948.0, "munic_clus": "101_948", "munic_code": 101.0, "min": 3.8120627403259277, "max": 3.8120627403259277, "mean": 3.8120625813802085, "count": 9, "std": 1.5894571925301193e-07, "range": 0.0 }, "geometry": { "type": "Polygon", "coordinates": [ [ [ 719700.0, 6174400.0 ], [ 719600.0, 6174400.0 ], [ 719600.0, 6174500.0 ], [ 719600.0, 6174600.0 ], [ 719700.0, 6174600.0 ], [ 719700.0, 6174700.0 ], [ 719600.0, 6174700.0 ], [ 719600.0, 6174800.0 ], [ 719700.0, 6174800.0 ], [ 719800.0, 6174800.0 ], [ 719800.0, 6174700.0 ], [ 719900.0, 6174700.0 ], [ 719900.0, 6174600.0 ], [ 719900.0, 6174500.0 ], [ 719800.0, 6174500.0 ], [ 719800.0, 6174400.0 ], [ 719700.0, 6174400.0 ] ] ] } },
{ "type": "Feature", "properties": { "Shape_Area": 60000.0, "Shape_Leng": 1200.0, "cluster_id": "101_949", "fid_1": 949.0, "id_munic": 949.0, "munic_clus": "101_949", "munic_code": 101.0, "min": 3.0554816722869873, "max": 3.0554816722869873, "mean": 3.0554815928141275, "count": 6, "std": 7.947285984855057e-08, "range": 0.0 }, "geometry": { "type": "Polygon", "coordinates": [ [ [ 720000.0, 6173900.0 ], [ 720000.0, 6174000.0 ], [ 720100.0, 6174000.0 ], [ 720100.0, 6174100.0 ], [ 720200.0, 6174100.0 ], [ 720300.0, 6174100.0 ], [ 720300.0, 6174000.0 ], [ 720300.0, 6173900.0 ], [ 720200.0, 6173900.0 ], [ 720200.0, 6173800.0 ], [ 720100.0, 6173800.0 ], [ 720100.0, 6173900.0 ], [ 720000.0, 6173900.0 ] ] ] } },
{ "type": "Feature", "properties": { "Shape_Area": 180000.0, "Shape_Leng": 2200.0, "cluster_id": "101_950", "fid_1": 950.0, "id_munic": 950.0, "munic_clus": "101_950", "munic_code": 101.0, "min": 3.2975673675537109, "max": 3.2975673675537109, "mean": 3.2975673675537109, "count": 18, "std": 0.0, "range": 0.0 }, "geometry": { "type": "Polygon", "coordinates": [ [ [ 719900.0, 6174000.0 ], [ 719900.0, 6174100.0 ], [ 719900.0, 6174200.0 ], [ 719900.0, 6174300.0 ], [ 720000.0, 6174300.0 ], [ 720100.0, 6174300.0 ], [ 720100.0, 6174400.0 ], [ 720200.0, 6174400.0 ], [ 720300.0, 6174400.0 ], [ 720300.0, 6174300.0 ], [ 720400.0, 6174300.0 ], [ 720500.0, 6174300.0 ], [ 720600.0, 6174300.0 ], [ 720600.0, 6174200.0 ], [ 720600.0, 6174100.0 ], [ 720500.0, 6174100.0 ], [ 720400.0, 6174100.0 ], [ 720300.0, 6174100.0 ], [ 720200.0, 6174100.0 ], [ 720100.0, 6174100.0 ], [ 720100.0, 6174000.0 ], [ 720000.0, 6174000.0 ], [ 719900.0, 6174000.0 ] ] ] } },
{ "type": "Feature", "properties": { "Shape_Area": 70000.0, "Shape_Leng": 1200.0, "cluster_id": "101_951", "fid_1": 951.0, "id_munic": 951.0, "munic_clus": "101_951", "munic_code": 101.0, "min": 2.7504167556762695, "max": 2.7504167556762695, "mean": 2.7504168919154575, "count": 7, "std": 1.3623918793115308e-07, "range": 0.0 }, "geometry": { "type": "Polygon", "coordinates": [ [ [ 720600.0, 6174300.0 ], [ 720500.0, 6174300.0 ], [ 720400.0, 6174300.0 ], [ 720300.0, 6174300.0 ], [ 720300.0, 6174400.0 ], [ 720300.0, 6174500.0 ], [ 720300.0, 6174600.0 ], [ 720400.0, 6174600.0 ], [ 720400.0, 6174500.0 ], [ 720500.0, 6174500.0 ], [ 720600.0, 6174500.0 ], [ 720600.0, 6174400.0 ], [ 720600.0, 6174300.0 ] ] ] } },
{ "type": "Feature", "properties": { "Shape_Area": 20000.0, "Shape_Leng": 600.0, "cluster_id": "101_952", "fid_1": 952.0, "id_munic": 952.0, "munic_clus": "101_952", "munic_code": 101.0, "min": 2.9853382110595703, "max": 2.9853382110595703, "mean": 2.9853382110595703, "count": 2, "std": 0.0, "range": 0.0 }, "geometry": { "type": "Polygon", "coordinates": [ [ [ 721000.0, 6174100.0 ], [ 721100.0, 6174100.0 ], [ 721200.0, 6174100.0 ], [ 721200.0, 6174000.0 ], [ 721100.0, 6174000.0 ], [ 721000.0, 6174000.0 ], [ 721000.0, 6174100.0 ] ] ] } },
{ "type": "Feature", "properties": { "Shape_Area": 30000.0, "Shape_Leng": 800.0, "cluster_id": "101_953", "fid_1": 953.0, "id_munic": 953.0, "munic_clus": "101_953", "munic_code": 101.0, "min": 2.8458843231201172, "max": 2.8458843231201172, "mean": 2.8458843231201172, "count": 3, "std": 0.0, "range": 0.0 }, "geometry": { "type": "Polygon", "coordinates": [ [ [ 719500.0, 6173800.0 ], [ 719500.0, 6173900.0 ], [ 719600.0, 6173900.0 ], [ 719600.0, 6173800.0 ], [ 719700.0, 6173800.0 ], [ 719700.0, 6173700.0 ], [ 719600.0, 6173700.0 ], [ 719500.0, 6173700.0 ], [ 719500.0, 6173800.0 ] ] ] } },
{ "type": "Feature", "properties": { "Shape_Area": 20000.0, "Shape_Leng": 600.0, "cluster_id": "101_954", "fid_1": 954.0, "id_munic": 954.0, "munic_clus": "101_954", "munic_code": 101.0, "min": 3.7195935249328613, "max": 3.7195935249328613, "mean": 3.7195935249328613, "count": 2, "std": 0.0, "range": 0.0 }, "geometry": { "type": "Polygon", "coordinates": [ [ [ 720800.0, 6174100.0 ], [ 720900.0, 6174100.0 ], [ 721000.0, 6174100.0 ], [ 721000.0, 6174000.0 ], [ 720900.0, 6174000.0 ], [ 720800.0, 6174000.0 ], [ 720800.0, 6174100.0 ] ] ] } },
{ "type": "Feature", "properties": { "Shape_Area": 70000.0, "Shape_Leng": 1200.0, "cluster_id": "101_955", "fid_1": 955.0, "id_munic": 955.0, "munic_clus": "101_955", "munic_code": 101.0, "min": 3.2979011535644531, "max": 3.2979011535644531, "mean": 3.2979011535644531, "count": 7, "std": 0.0, "range": 0.0 }, "geometry": { "type": "Polygon", "coordinates": [ [ [ 719100.0, 6174000.0 ], [ 719100.0, 6174100.0 ], [ 719200.0, 6174100.0 ], [ 719300.0, 6174100.0 ], [ 719300.0, 6174000.0 ], [ 719400.0, 6174000.0 ], [ 719400.0, 6173900.0 ], [ 719300.0, 6173900.0 ], [ 719300.0, 6173800.0 ], [ 719200.0, 6173800.0 ], [ 719100.0, 6173800.0 ], [ 719100.0, 6173900.0 ], [ 719100.0, 6174000.0 ] ] ] } },
{ "type": "Feature", "properties": { "Shape_Area": 10000.0, "Shape_Leng": 400.0, "cluster_id": "101_956", "fid_1": 956.0, "id_munic": 956.0, "munic_clus": "101_956", "munic_code": 101.0, "min": 3.3552145957946777, "max": 3.3552145957946777, "mean": 3.3552145957946777, "count": 1, "std": 0.0, "range": 0.0 }, "geometry": { "type": "Polygon", "coordinates": [ [ [ 720700.0, 6174000.0 ], [ 720700.0, 6174100.0 ], [ 720800.0, 6174100.0 ], [ 720800.0, 6174000.0 ], [ 720700.0, 6174000.0 ] ] ] } },
{ "type": "Feature", "properties": { "Shape_Area": 60000.0, "Shape_Leng": 1200.0, "cluster_id": "101_957", "fid_1": 957.0, "id_munic": 957.0, "munic_clus": "101_957", "munic_code": 101.0, "min": 2.7942354679107666, "max": 2.7942354679107666, "mean": 2.7942355473836265, "count": 6, "std": 7.947285984855057e-08, "range": 0.0 }, "geometry": { "type": "Polygon", "coordinates": [ [ [ 720500.0, 6174000.0 ], [ 720500.0, 6174100.0 ], [ 720600.0, 6174100.0 ], [ 720600.0, 6174200.0 ], [ 720700.0, 6174200.0 ], [ 720700.0, 6174100.0 ], [ 720700.0, 6174000.0 ], [ 720700.0, 6173900.0 ], [ 720600.0, 6173900.0 ], [ 720500.0, 6173900.0 ], [ 720400.0, 6173900.0 ], [ 720400.0, 6174000.0 ], [ 720500.0, 6174000.0 ] ] ] } },
{ "type": "Feature", "properties": { "Shape_Area": 10000.0, "Shape_Leng": 400.0, "cluster_id": "101_958", "fid_1": 958.0, "id_munic": 958.0, "munic_clus": "101_958", "munic_code": 101.0, "min": 2.7960684299468994, "max": 2.7960684299468994, "mean": 2.7960684299468994, "count": 1, "std": 0.0, "range": 0.0 }, "geometry": { "type": "Polygon", "coordinates": [ [ [ 720200.0, 6174500.0 ], [ 720200.0, 6174600.0 ], [ 720300.0, 6174600.0 ], [ 720300.0, 6174500.0 ], [ 720200.0, 6174500.0 ] ] ] } },
{ "type": "Feature", "properties": { "Shape_Area": 10000.0, "Shape_Leng": 400.0, "cluster_id": "101_959", "fid_1": 959.0, "id_munic": 959.0, "munic_clus": "101_959", "munic_code": 101.0, "min": 2.7012665271759033, "max": 2.7012665271759033, "mean": 2.7012665271759033, "count": 1, "std": 0.0, "range": 0.0 }, "geometry": { "type": "Polygon", "coordinates": [ [ [ 720900.0, 6174100.0 ], [ 720900.0, 6174200.0 ], [ 721000.0, 6174200.0 ], [ 721000.0, 6174100.0 ], [ 720900.0, 6174100.0 ] ] ] } },
{ "type": "Feature", "properties": { "Shape_Area": 10000.0, "Shape_Leng": 400.0, "cluster_id": "101_960", "fid_1": 960.0, "id_munic": 960.0, "munic_clus": "101_960", "munic_code": 101.0, "min": 2.2997336387634277, "max": 2.2997336387634277, "mean": 2.2997336387634277, "count": 1, "std": 0.0, "range": 0.0 }, "geometry": { "type": "Polygon", "coordinates": [ [ [ 720800.0, 6174100.0 ], [ 720800.0, 6174200.0 ], [ 720900.0, 6174200.0 ], [ 720900.0, 6174100.0 ], [ 720800.0, 6174100.0 ] ] ] } },
{ "type": "Feature", "properties": { "Shape_Area": 30000.0, "Shape_Leng": 800.0, "cluster_id": "101_961", "fid_1": 961.0, "id_munic": 961.0, "munic_clus": "101_961", "munic_code": 101.0, "min": 3.4553484916687012, "max": 3.4553484916687012, "mean": 3.4553483327229819, "count": 3, "std": 1.5894571925301193e-07, "range": 0.0 }, "geometry": { "type": "Polygon", "coordinates": [ [ [ 719300.0, 6177100.0 ], [ 719200.0, 6177100.0 ], [ 719200.0, 6177200.0 ], [ 719300.0, 6177200.0 ], [ 719400.0, 6177200.0 ], [ 719400.0, 6177100.0 ], [ 719400.0, 6177000.0 ], [ 719300.0, 6177000.0 ], [ 719300.0, 6177100.0 ] ] ] } },
{ "type": "Feature", "properties": { "Shape_Area": 30000.0, "Shape_Leng": 800.0, "cluster_id": "101_962", "fid_1": 962.0, "id_munic": 962.0, "munic_clus": "101_962", "munic_code": 101.0, "min": 2.9541816711425781, "max": 2.9541816711425781, "mean": 2.9541816711425781, "count": 3, "std": 0.0, "range": 0.0 }, "geometry": { "type": "Polygon", "coordinates": [ [ [ 719500.0, 6174600.0 ], [ 719500.0, 6174700.0 ], [ 719600.0, 6174700.0 ], [ 719700.0, 6174700.0 ], [ 719700.0, 6174600.0 ], [ 719600.0, 6174600.0 ], [ 719600.0, 6174500.0 ], [ 719500.0, 6174500.0 ], [ 719500.0, 6174600.0 ] ] ] } },
{ "type": "Feature", "properties": { "Shape_Area": 20000.0, "Shape_Leng": 600.0, "cluster_id": "101_963", "fid_1": 963.0, "id_munic": 963.0, "munic_clus": "101_963", "munic_code": 101.0, "min": 4.0289907455444336, "max": 4.0289907455444336, "mean": 4.0289907455444336, "count": 2, "std": 0.0, "range": 0.0 }, "geometry": { "type": "Polygon", "coordinates": [ [ [ 721100.0, 6174500.0 ], [ 721100.0, 6174600.0 ], [ 721200.0, 6174600.0 ], [ 721200.0, 6174500.0 ], [ 721200.0, 6174400.0 ], [ 721100.0, 6174400.0 ], [ 721100.0, 6174500.0 ] ] ] } },
{ "type": "Feature", "properties": { "Shape_Area": 10000.0, "Shape_Leng": 400.0, "cluster_id": "101_964", "fid_1": 964.0, "id_munic": 964.0, "munic_clus": "101_964", "munic_code": 101.0, "min": 3.0894708633422852, "max": 3.0894708633422852, "mean": 3.0894708633422852, "count": 1, "std": 0.0, "range": 0.0 }, "geometry": { "type": "Polygon", "coordinates": [ [ [ 720700.0, 6174100.0 ], [ 720700.0, 6174200.0 ], [ 720800.0, 6174200.0 ], [ 720800.0, 6174100.0 ], [ 720700.0, 6174100.0 ] ] ] } },
{ "type": "Feature", "properties": { "Shape_Area": 20000.0, "Shape_Leng": 600.0, "cluster_id": "101_965", "fid_1": 965.0, "id_munic": 965.0, "munic_clus": "101_965", "munic_code": 101.0, "min": 2.9761748313903809, "max": 2.9761748313903809, "mean": 2.9761748313903809, "count": 2, "std": 0.0, "range": 0.0 }, "geometry": { "type": "Polygon", "coordinates": [ [ [ 719500.0, 6174800.0 ], [ 719500.0, 6174900.0 ], [ 719600.0, 6174900.0 ], [ 719600.0, 6174800.0 ], [ 719600.0, 6174700.0 ], [ 719500.0, 6174700.0 ], [ 719500.0, 6174800.0 ] ] ] } },
{ "type": "Feature", "properties": { "Shape_Area": 10000.0, "Shape_Leng": 400.0, "cluster_id": "101_966", "fid_1": 966.0, "id_munic": 966.0, "munic_clus": "101_966", "munic_code": 101.0, "min": 3.2274243831634521, "max": 3.2274243831634521, "mean": 3.2274243831634521, "count": 1, "std": 0.0, "range": 0.0 }, "geometry": { "type": "Polygon", "coordinates": [ [ [ 724400.0, 6177800.0 ], [ 724400.0, 6177900.0 ], [ 724500.0, 6177900.0 ], [ 724500.0, 6177800.0 ], [ 724400.0, 6177800.0 ] ] ] } },
{ "type": "Feature", "properties": { "Shape_Area": 20000.0, "Shape_Leng": 600.0, "cluster_id": "101_967", "fid_1": 967.0, "id_munic": 967.0, "munic_clus": "101_967", "munic_code": 101.0, "min": 2.8225595951080322, "max": 2.8225595951080322, "mean": 2.8225595951080322, "count": 2, "std": 0.0, "range": 0.0 }, "geometry": { "type": "Polygon", "coordinates": [ [ [ 724300.0, 6177700.0 ], [ 724300.0, 6177800.0 ], [ 724400.0, 6177800.0 ], [ 724400.0, 6177700.0 ], [ 724400.0, 6177600.0 ], [ 724300.0, 6177600.0 ], [ 724300.0, 6177700.0 ] ] ] } },
{ "type": "Feature", "properties": { "Shape_Area": 80000.0, "Shape_Leng": 1400.0, "cluster_id": "101_968", "fid_1": 968.0, "id_munic": 968.0, "munic_clus": "101_968", "munic_code": 101.0, "min": 3.5336558818817139, "max": 3.5336558818817139, "mean": 3.5336556434631348, "count": 8, "std": 2.384185791015625e-07, "range": 0.0 }, "geometry": { "type": "Polygon", "coordinates": [ [ [ 720100.0, 6176900.0 ], [ 720000.0, 6176900.0 ], [ 719900.0, 6176900.0 ], [ 719800.0, 6176900.0 ], [ 719800.0, 6177000.0 ], [ 719700.0, 6177000.0 ], [ 719700.0, 6177100.0 ], [ 719800.0, 6177100.0 ], [ 719900.0, 6177100.0 ], [ 719900.0, 6177200.0 ], [ 720000.0, 6177200.0 ], [ 720000.0, 6177100.0 ], [ 720100.0, 6177100.0 ], [ 720100.0, 6177000.0 ], [ 720100.0, 6176900.0 ] ] ] } },
{ "type": "Feature", "properties": { "Shape_Area": 40000.0, "Shape_Leng": 1000.0, "cluster_id": "101_969", "fid_1": 969.0, "id_munic": 969.0, "munic_clus": "101_969", "munic_code": 101.0, "min": 3.5543155670166016, "max": 3.5543155670166016, "mean": 3.5543155670166016, "count": 4, "std": 0.0, "range": 0.0 }, "geometry": { "type": "Polygon", "coordinates": [ [ [ 724600.0, 6178200.0 ], [ 724600.0, 6178300.0 ], [ 724700.0, 6178300.0 ], [ 724800.0, 6178300.0 ], [ 724800.0, 6178200.0 ], [ 724700.0, 6178200.0 ], [ 724700.0, 6178100.0 ], [ 724600.0, 6178100.0 ], [ 724500.0, 6178100.0 ], [ 724500.0, 6178200.0 ], [ 724600.0, 6178200.0 ] ] ] } },
{ "type": "Feature", "properties": { "Shape_Area": 20000.0, "Shape_Leng": 600.0, "cluster_id": "101_970", "fid_1": 970.0, "id_munic": 970.0, "munic_clus": "101_970", "munic_code": 101.0, "min": 3.6096303462982178, "max": 3.6096303462982178, "mean": 3.6096303462982178, "count": 2, "std": 0.0, "range": 0.0 }, "geometry": { "type": "Polygon", "coordinates": [ [ [ 724700.0, 6178400.0 ], [ 724800.0, 6178400.0 ], [ 724900.0, 6178400.0 ], [ 724900.0, 6178300.0 ], [ 724800.0, 6178300.0 ], [ 724700.0, 6178300.0 ], [ 724700.0, 6178400.0 ] ] ] } },
{ "type": "Feature", "properties": { "Shape_Area": 20000.0, "Shape_Leng": 600.0, "cluster_id": "101_971", "fid_1": 971.0, "id_munic": 971.0, "munic_clus": "101_971", "munic_code": 101.0, "min": 2.9020330905914307, "max": 2.9020330905914307, "mean": 2.9020330905914307, "count": 2, "std": 0.0, "range": 0.0 }, "geometry": { "type": "Polygon", "coordinates": [ [ [ 724800.0, 6177800.0 ], [ 724800.0, 6177900.0 ], [ 724900.0, 6177900.0 ], [ 724900.0, 6177800.0 ], [ 724900.0, 6177700.0 ], [ 724800.0, 6177700.0 ], [ 724800.0, 6177800.0 ] ] ] } },
{ "type": "Feature", "properties": { "Shape_Area": 10000.0, "Shape_Leng": 400.0, "cluster_id": "101_972", "fid_1": 972.0, "id_munic": 972.0, "munic_clus": "101_972", "munic_code": 101.0, "min": 3.0553152561187744, "max": 3.0553152561187744, "mean": 3.0553152561187744, "count": 1, "std": 0.0, "range": 0.0 }, "geometry": { "type": "Polygon", "coordinates": [ [ [ 724700.0, 6177700.0 ], [ 724700.0, 6177800.0 ], [ 724800.0, 6177800.0 ], [ 724800.0, 6177700.0 ], [ 724700.0, 6177700.0 ] ] ] } },
{ "type": "Feature", "properties": { "Shape_Area": 30000.0, "Shape_Leng": 800.0, "cluster_id": "101_973", "fid_1": 973.0, "id_munic": 973.0, "munic_clus": "101_973", "munic_code": 101.0, "min": 2.6184608936309814, "max": 2.6184608936309814, "mean": 2.6184609731038413, "count": 3, "std": 7.947285984855057e-08, "range": 0.0 }, "geometry": { "type": "Polygon", "coordinates": [ [ [ 724700.0, 6177600.0 ], [ 724600.0, 6177600.0 ], [ 724600.0, 6177700.0 ], [ 724700.0, 6177700.0 ], [ 724800.0, 6177700.0 ], [ 724800.0, 6177600.0 ], [ 724800.0, 6177500.0 ], [ 724700.0, 6177500.0 ], [ 724700.0, 6177600.0 ] ] ] } },
{ "type": "Feature", "properties": { "Shape_Area": 10000.0, "Shape_Leng": 400.0, "cluster_id": "101_974", "fid_1": 974.0, "id_munic": 974.0, "munic_clus": "101_974", "munic_code": 101.0, "min": 3.0739755630493164, "max": 3.0739755630493164, "mean": 3.0739755630493164, "count": 1, "std": 0.0, "range": 0.0 }, "geometry": { "type": "Polygon", "coordinates": [ [ [ 724600.0, 6177500.0 ], [ 724600.0, 6177600.0 ], [ 724700.0, 6177600.0 ], [ 724700.0, 6177500.0 ], [ 724600.0, 6177500.0 ] ] ] } },
{ "type": "Feature", "properties": { "Shape_Area": 20000.0, "Shape_Leng": 600.0, "cluster_id": "101_975", "fid_1": 975.0, "id_munic": 975.0, "munic_clus": "101_975", "munic_code": 101.0, "min": 2.9643449783325195, "max": 2.9643449783325195, "mean": 2.9643449783325195, "count": 2, "std": 0.0, "range": 0.0 }, "geometry": { "type": "Polygon", "coordinates": [ [ [ 724500.0, 6177500.0 ], [ 724600.0, 6177500.0 ], [ 724700.0, 6177500.0 ], [ 724700.0, 6177400.0 ], [ 724600.0, 6177400.0 ], [ 724500.0, 6177400.0 ], [ 724500.0, 6177500.0 ] ] ] } },
{ "type": "Feature", "properties": { "Shape_Area": 30000.0, "Shape_Leng": 800.0, "cluster_id": "101_976", "fid_1": 976.0, "id_munic": 976.0, "munic_clus": "101_976", "munic_code": 101.0, "min": 2.2457513809204102, "max": 2.2457513809204102, "mean": 2.2457513809204102, "count": 3, "std": 0.0, "range": 0.0 }, "geometry": { "type": "Polygon", "coordinates": [ [ [ 724300.0, 6178000.0 ], [ 724400.0, 6178000.0 ], [ 724400.0, 6178100.0 ], [ 724500.0, 6178100.0 ], [ 724500.0, 6178000.0 ], [ 724500.0, 6177900.0 ], [ 724400.0, 6177900.0 ], [ 724300.0, 6177900.0 ], [ 724300.0, 6178000.0 ] ] ] } },
{ "type": "Feature", "properties": { "Shape_Area": 10000.0, "Shape_Leng": 400.0, "cluster_id": "101_977", "fid_1": 977.0, "id_munic": 977.0, "munic_clus": "101_977", "munic_code": 101.0, "min": 2.1836056709289551, "max": 2.1836056709289551, "mean": 2.1836056709289551, "count": 1, "std": 0.0, "range": 0.0 }, "geometry": { "type": "Polygon", "coordinates": [ [ [ 724700.0, 6178100.0 ], [ 724700.0, 6178200.0 ], [ 724800.0, 6178200.0 ], [ 724800.0, 6178100.0 ], [ 724700.0, 6178100.0 ] ] ] } },
{ "type": "Feature", "properties": { "Shape_Area": 10000.0, "Shape_Leng": 400.0, "cluster_id": "101_978", "fid_1": 978.0, "id_munic": 978.0, "munic_clus": "101_978", "munic_code": 101.0, "min": 2.4295237064361572, "max": 2.4295237064361572, "mean": 2.4295237064361572, "count": 1, "std": 0.0, "range": 0.0 }, "geometry": { "type": "Polygon", "coordinates": [ [ [ 724800.0, 6178200.0 ], [ 724800.0, 6178300.0 ], [ 724900.0, 6178300.0 ], [ 724900.0, 6178200.0 ], [ 724800.0, 6178200.0 ] ] ] } },
{ "type": "Feature", "properties": { "Shape_Area": 30000.0, "Shape_Leng": 800.0, "cluster_id": "101_979", "fid_1": 979.0, "id_munic": 979.0, "munic_clus": "101_979", "munic_code": 101.0, "min": 3.4556818008422852, "max": 3.4556818008422852, "mean": 3.4556818008422852, "count": 3, "std": 0.0, "range": 0.0 }, "geometry": { "type": "Polygon", "coordinates": [ [ [ 724500.0, 6178000.0 ], [ 724500.0, 6178100.0 ], [ 724600.0, 6178100.0 ], [ 724700.0, 6178100.0 ], [ 724700.0, 6178000.0 ], [ 724600.0, 6178000.0 ], [ 724600.0, 6177900.0 ], [ 724500.0, 6177900.0 ], [ 724500.0, 6178000.0 ] ] ] } },
{ "type": "Feature", "properties": { "Shape_Area": 50000.0, "Shape_Leng": 1200.0, "cluster_id": "101_980", "fid_1": 980.0, "id_munic": 980.0, "munic_clus": "101_980", "munic_code": 101.0, "min": 2.9413528442382812, "max": 2.9413528442382812, "mean": 2.9413528442382812, "count": 5, "std": 0.0, "range": 0.0 }, "geometry": { "type": "Polygon", "coordinates": [ [ [ 724300.0, 6177600.0 ], [ 724200.0, 6177600.0 ], [ 724200.0, 6177700.0 ], [ 724100.0, 6177700.0 ], [ 724100.0, 6177800.0 ], [ 724200.0, 6177800.0 ], [ 724200.0, 6177900.0 ], [ 724300.0, 6177900.0 ], [ 724400.0, 6177900.0 ], [ 724400.0, 6177800.0 ], [ 724300.0, 6177800.0 ], [ 724300.0, 6177700.0 ], [ 724300.0, 6177600.0 ] ] ] } },
{ "type": "Feature", "properties": { "Shape_Area": 180000.0, "Shape_Leng": 2800.0, "cluster_id": "101_981", "fid_1": 981.0, "id_munic": 981.0, "munic_clus": "101_981", "munic_code": 101.0, "min": 2.6549484729766846, "max": 2.6549484729766846, "mean": 2.6549485524495444, "count": 18, "std": 7.9472859848550557e-08, "range": 0.0 }, "geometry": { "type": "Polygon", "coordinates": [ [ [ 724400.0, 6177800.0 ], [ 724500.0, 6177800.0 ], [ 724500.0, 6177900.0 ], [ 724600.0, 6177900.0 ], [ 724600.0, 6178000.0 ], [ 724700.0, 6178000.0 ], [ 724700.0, 6178100.0 ], [ 724800.0, 6178100.0 ], [ 724800.0, 6178200.0 ], [ 724900.0, 6178200.0 ], [ 724900.0, 6178100.0 ], [ 725000.0, 6178100.0 ], [ 725000.0, 6178000.0 ], [ 724900.0, 6178000.0 ], [ 724900.0, 6177900.0 ], [ 724800.0, 6177900.0 ], [ 724800.0, 6177800.0 ], [ 724700.0, 6177800.0 ], [ 724700.0, 6177700.0 ], [ 724600.0, 6177700.0 ], [ 724600.0, 6177600.0 ], [ 724600.0, 6177500.0 ], [ 724500.0, 6177500.0 ], [ 724400.0, 6177500.0 ], [ 724300.0, 6177500.0 ], [ 724300.0, 6177600.0 ], [ 724400.0, 6177600.0 ], [ 724400.0, 6177700.0 ], [ 724400.0, 6177800.0 ] ] ] } },
{ "type": "Feature", "properties": { "Shape_Area": 40000.0, "Shape_Leng": 1000.0, "cluster_id": "101_982", "fid_1": 982.0, "id_munic": 982.0, "munic_clus": "101_982", "munic_code": 101.0, "min": 2.6366212368011475, "max": 2.6366212368011475, "mean": 2.6366212368011475, "count": 4, "std": 0.0, "range": 0.0 }, "geometry": { "type": "Polygon", "coordinates": [ [ [ 719100.0, 6178800.0 ], [ 719200.0, 6178800.0 ], [ 719200.0, 6178900.0 ], [ 719300.0, 6178900.0 ], [ 719300.0, 6178800.0 ], [ 719300.0, 6178700.0 ], [ 719200.0, 6178700.0 ], [ 719200.0, 6178600.0 ], [ 719100.0, 6178600.0 ], [ 719100.0, 6178700.0 ], [ 719100.0, 6178800.0 ] ] ] } },
{ "type": "Feature", "properties": { "Shape_Area": 10000.0, "Shape_Leng": 400.0, "cluster_id": "101_983", "fid_1": 983.0, "id_munic": 983.0, "munic_clus": "101_983", "munic_code": 101.0, "min": 2.2107632160186768, "max": 2.2107632160186768, "mean": 2.2107632160186768, "count": 1, "std": 0.0, "range": 0.0 }, "geometry": { "type": "Polygon", "coordinates": [ [ [ 720000.0, 6177800.0 ], [ 720000.0, 6177900.0 ], [ 720100.0, 6177900.0 ], [ 720100.0, 6177800.0 ], [ 720000.0, 6177800.0 ] ] ] } },
{ "type": "Feature", "properties": { "Shape_Area": 60000.0, "Shape_Leng": 1200.0, "cluster_id": "101_984", "fid_1": 984.0, "id_munic": 984.0, "munic_clus": "101_984", "munic_code": 101.0, "min": 2.404531717300415, "max": 2.404531717300415, "mean": 2.4045317967732749, "count": 6, "std": 7.947285984855057e-08, "range": 0.0 }, "geometry": { "type": "Polygon", "coordinates": [ [ [ 719700.0, 6177200.0 ], [ 719700.0, 6177300.0 ], [ 719800.0, 6177300.0 ], [ 719900.0, 6177300.0 ], [ 720000.0, 6177300.0 ], [ 720000.0, 6177200.0 ], [ 719900.0, 6177200.0 ], [ 719900.0, 6177100.0 ], [ 719800.0, 6177100.0 ], [ 719700.0, 6177100.0 ], [ 719600.0, 6177100.0 ], [ 719600.0, 6177200.0 ], [ 719700.0, 6177200.0 ] ] ] } },
{ "type": "Feature", "properties": { "Shape_Area": 30000.0, "Shape_Leng": 800.0, "cluster_id": "101_985", "fid_1": 985.0, "id_munic": 985.0, "munic_clus": "101_985", "munic_code": 101.0, "min": 3.1509499549865723, "max": 3.1509499549865723, "mean": 3.1509501139322915, "count": 3, "std": 1.5894571925301193e-07, "range": 0.0 }, "geometry": { "type": "Polygon", "coordinates": [ [ [ 719200.0, 6178500.0 ], [ 719200.0, 6178600.0 ], [ 719200.0, 6178700.0 ], [ 719300.0, 6178700.0 ], [ 719300.0, 6178600.0 ], [ 719300.0, 6178500.0 ], [ 719300.0, 6178400.0 ], [ 719200.0, 6178400.0 ], [ 719200.0, 6178500.0 ] ] ] } },
{ "type": "Feature", "properties": { "Shape_Area": 20000.0, "Shape_Leng": 600.0, "cluster_id": "101_986", "fid_1": 986.0, "id_munic": 986.0, "munic_clus": "101_986", "munic_code": 101.0, "min": 3.455848217010498, "max": 3.455848217010498, "mean": 3.455848217010498, "count": 2, "std": 0.0, "range": 0.0 }, "geometry": { "type": "Polygon", "coordinates": [ [ [ 719300.0, 6178700.0 ], [ 719300.0, 6178800.0 ], [ 719400.0, 6178800.0 ], [ 719400.0, 6178700.0 ], [ 719400.0, 6178600.0 ], [ 719300.0, 6178600.0 ], [ 719300.0, 6178700.0 ] ] ] } },
{ "type": "Feature", "properties": { "Shape_Area": 30000.0, "Shape_Leng": 800.0, "cluster_id": "101_987", "fid_1": 987.0, "id_munic": 987.0, "munic_clus": "101_987", "munic_code": 101.0, "min": 2.6082973480224609, "max": 2.6082973480224609, "mean": 2.6082973480224609, "count": 3, "std": 0.0, "range": 0.0 }, "geometry": { "type": "Polygon", "coordinates": [ [ [ 719400.0, 6178700.0 ], [ 719400.0, 6178800.0 ], [ 719500.0, 6178800.0 ], [ 719600.0, 6178800.0 ], [ 719600.0, 6178700.0 ], [ 719500.0, 6178700.0 ], [ 719500.0, 6178600.0 ], [ 719400.0, 6178600.0 ], [ 719400.0, 6178700.0 ] ] ] } },
{ "type": "Feature", "properties": { "Shape_Area": 80000.0, "Shape_Leng": 1400.0, "cluster_id": "101_988", "fid_1": 988.0, "id_munic": 988.0, "munic_clus": "101_988", "munic_code": 101.0, "min": 2.6662776470184326, "max": 2.6662776470184326, "mean": 2.6662776470184326, "count": 8, "std": 0.0, "range": 0.0 }, "geometry": { "type": "Polygon", "coordinates": [ [ [ 719000.0, 6178300.0 ], [ 719000.0, 6178400.0 ], [ 718900.0, 6178400.0 ], [ 718900.0, 6178500.0 ], [ 718900.0, 6178600.0 ], [ 718900.0, 6178700.0 ], [ 719000.0, 6178700.0 ], [ 719100.0, 6178700.0 ], [ 719100.0, 6178600.0 ], [ 719200.0, 6178600.0 ], [ 719200.0, 6178500.0 ], [ 719100.0, 6178500.0 ], [ 719100.0, 6178400.0 ], [ 719100.0, 6178300.0 ], [ 719000.0, 6178300.0 ] ] ] } },
{ "type": "Feature", "properties": { "Shape_Area": 60000.0, "Shape_Leng": 1000.0, "cluster_id": "101_989", "fid_1": 989.0, "id_munic": 989.0, "munic_clus": "101_989", "munic_code": 101.0, "min": 2.9691774845123291, "max": 2.9691774845123291, "mean": 2.969177563985189, "count": 6, "std": 7.947285984855057e-08, "range": 0.0 }, "geometry": { "type": "Polygon", "coordinates": [ [ [ 719300.0, 6178500.0 ], [ 719300.0, 6178600.0 ], [ 719400.0, 6178600.0 ], [ 719500.0, 6178600.0 ], [ 719500.0, 6178500.0 ], [ 719500.0, 6178400.0 ], [ 719500.0, 6178300.0 ], [ 719400.0, 6178300.0 ], [ 719300.0, 6178300.0 ], [ 719300.0, 6178400.0 ], [ 719300.0, 6178500.0 ] ] ] } },
{ "type": "Feature", "properties": { "Shape_Area": 100000.0, "Shape_Leng": 1600.0, "cluster_id": "101_990", "fid_1": 990.0, "id_munic": 990.0, "munic_clus": "101_990", "munic_code": 101.0, "min": 3.2444186210632324, "max": 3.2444186210632324, "mean": 3.2444183349609377, "count": 10, "std": 2.8610229474423932e-07, "range": 0.0 }, "geometry": { "type": "Polygon", "coordinates": [ [ [ 718700.0, 6178200.0 ], [ 718700.0, 6178300.0 ], [ 718600.0, 6178300.0 ], [ 718600.0, 6178400.0 ], [ 718600.0, 6178500.0 ], [ 718700.0, 6178500.0 ], [ 718700.0, 6178600.0 ], [ 718800.0, 6178600.0 ], [ 718900.0, 6178600.0 ], [ 718900.0, 6178500.0 ], [ 718900.0, 6178400.0 ], [ 719000.0, 6178400.0 ], [ 719000.0, 6178300.0 ], [ 718900.0, 6178300.0 ], [ 718800.0, 6178300.0 ], [ 718800.0, 6178200.0 ], [ 718700.0, 6178200.0 ] ] ] } },
{ "type": "Feature", "properties": { "Shape_Area": 40000.0, "Shape_Leng": 1000.0, "cluster_id": "101_991", "fid_1": 991.0, "id_munic": 991.0, "munic_clus": "101_991", "munic_code": 101.0, "min": 3.4976675510406494, "max": 3.4976675510406494, "mean": 3.4976675510406494, "count": 4, "std": 0.0, "range": 0.0 }, "geometry": { "type": "Polygon", "coordinates": [ [ [ 719000.0, 6178900.0 ], [ 719100.0, 6178900.0 ], [ 719100.0, 6179000.0 ], [ 719200.0, 6179000.0 ], [ 719200.0, 6178900.0 ], [ 719200.0, 6178800.0 ], [ 719100.0, 6178800.0 ], [ 719100.0, 6178700.0 ], [ 719000.0, 6178700.0 ], [ 719000.0, 6178800.0 ], [ 719000.0, 6178900.0 ] ] ] } },
{ "type": "Feature", "properties": { "Shape_Area": 30000.0, "Shape_Leng": 800.0, "cluster_id": "101_992", "fid_1": 992.0, "id_munic": 992.0, "munic_clus": "101_992", "munic_code": 101.0, "min": 2.0373210906982422, "max": 2.0373210906982422, "mean": 2.0373210906982422, "count": 3, "std": 0.0, "range": 0.0 }, "geometry": { "type": "Polygon", "coordinates": [ [ [ 719500.0, 6178400.0 ], [ 719500.0, 6178500.0 ], [ 719500.0, 6178600.0 ], [ 719600.0, 6178600.0 ], [ 719600.0, 6178500.0 ], [ 719600.0, 6178400.0 ], [ 719600.0, 6178300.0 ], [ 719500.0, 6178300.0 ], [ 719500.0, 6178400.0 ] ] ] } },
{ "type": "Feature", "properties": { "Shape_Area": 80000.0, "Shape_Leng": 1400.0, "cluster_id": "101_993", "fid_1": 993.0, "id_munic": 993.0, "munic_clus": "101_993", "munic_code": 101.0, "min": 3.7100968360900879, "max": 3.7100968360900879, "mean": 3.7100968360900879, "count": 8, "std": 0.0, "range": 0.0 }, "geometry": { "type": "Polygon", "coordinates": [ [ [ 720000.0, 6177900.0 ], [ 719900.0, 6177900.0 ], [ 719800.0, 6177900.0 ], [ 719800.0, 6178000.0 ], [ 719700.0, 6178000.0 ], [ 719600.0, 6178000.0 ], [ 719600.0, 6178100.0 ], [ 719700.0, 6178100.0 ], [ 719700.0, 6178200.0 ], [ 719800.0, 6178200.0 ], [ 719900.0, 6178200.0 ], [ 719900.0, 6178100.0 ], [ 720000.0, 6178100.0 ], [ 720000.0, 6178000.0 ], [ 720000.0, 6177900.0 ] ] ] } },
{ "type": "Feature", "properties": { "Shape_Area": 100000.0, "Shape_Leng": 1600.0, "cluster_id": "101_994", "fid_1": 994.0, "id_munic": 994.0, "munic_clus": "101_994", "munic_code": 101.0, "min": 4.2265920639038086, "max": 4.2265920639038086, "mean": 4.2265922546386721, "count": 10, "std": 1.9073486345888568e-07, "range": 0.0 }, "geometry": { "type": "Polygon", "coordinates": [ [ [ 718600.0, 6178800.0 ], [ 718700.0, 6178800.0 ], [ 718700.0, 6178900.0 ], [ 718800.0, 6178900.0 ], [ 718900.0, 6178900.0 ], [ 718900.0, 6178800.0 ], [ 719000.0, 6178800.0 ], [ 719000.0, 6178700.0 ], [ 718900.0, 6178700.0 ], [ 718900.0, 6178600.0 ], [ 718800.0, 6178600.0 ], [ 718700.0, 6178600.0 ], [ 718700.0, 6178500.0 ], [ 718600.0, 6178500.0 ], [ 718600.0, 6178600.0 ], [ 718600.0, 6178700.0 ], [ 718600.0, 6178800.0 ] ] ] } },
{ "type": "Feature", "properties": { "Shape_Area": 40000.0, "Shape_Leng": 1000.0, "cluster_id": "101_995", "fid_1": 995.0, "id_munic": 995.0, "munic_clus": "101_995", "munic_code": 101.0, "min": 2.7347555160522461, "max": 2.7347555160522461, "mean": 2.7347555160522461, "count": 4, "std": 0.0, "range": 0.0 }, "geometry": { "type": "Polygon", "coordinates": [ [ [ 719800.0, 6177000.0 ], [ 719800.0, 6176900.0 ], [ 719700.0, 6176900.0 ], [ 719600.0, 6176900.0 ], [ 719600.0, 6177000.0 ], [ 719500.0, 6177000.0 ], [ 719500.0, 6177100.0 ], [ 719600.0, 6177100.0 ], [ 719700.0, 6177100.0 ], [ 719700.0, 6177000.0 ], [ 719800.0, 6177000.0 ] ] ] } },
{ "type": "Feature", "properties": { "Shape_Area": 20000.0, "Shape_Leng": 600.0, "cluster_id": "101_996", "fid_1": 996.0, "id_munic": 996.0, "munic_clus": "101_996", "munic_code": 101.0, "min": 2.5624797344207764, "max": 2.5624797344207764, "mean": 2.5624797344207764, "count": 2, "std": 0.0, "range": 0.0 }, "geometry": { "type": "Polygon", "coordinates": [ [ [ 722800.0, 6175000.0 ], [ 722800.0, 6175100.0 ], [ 722900.0, 6175100.0 ], [ 722900.0, 6175000.0 ], [ 722900.0, 6174900.0 ], [ 722800.0, 6174900.0 ], [ 722800.0, 6175000.0 ] ] ] } },
{ "type": "Feature", "properties": { "Shape_Area": 100000.0, "Shape_Leng": 1400.0, "cluster_id": "101_997", "fid_1": 997.0, "id_munic": 997.0, "munic_clus": "101_997", "munic_code": 101.0, "min": 2.6472842693328857, "max": 2.6472842693328857, "mean": 2.6472841262817384, "count": 10, "std": 1.4305114737211966e-07, "range": 0.0 }, "geometry": { "type": "Polygon", "coordinates": [ [ [ 719100.0, 6173100.0 ], [ 719100.0, 6173200.0 ], [ 719100.0, 6173300.0 ], [ 719200.0, 6173300.0 ], [ 719300.0, 6173300.0 ], [ 719300.0, 6173200.0 ], [ 719400.0, 6173200.0 ], [ 719400.0, 6173100.0 ], [ 719400.0, 6173000.0 ], [ 719400.0, 6172900.0 ], [ 719300.0, 6172900.0 ], [ 719200.0, 6172900.0 ], [ 719200.0, 6173000.0 ], [ 719100.0, 6173000.0 ], [ 719100.0, 6173100.0 ] ] ] } },
{ "type": "Feature", "properties": { "Shape_Area": 100000.0, "Shape_Leng": 1600.0, "cluster_id": "101_998", "fid_1": 998.0, "id_munic": 998.0, "munic_clus": "101_998", "munic_code": 101.0, "min": 3.1797738075256348, "max": 3.1797738075256348, "mean": 3.179773712158203, "count": 10, "std": 9.5367431729442855e-08, "range": 0.0 }, "geometry": { "type": "Polygon", "coordinates": [ [ [ 719800.0, 6174800.0 ], [ 719700.0, 6174800.0 ], [ 719600.0, 6174800.0 ], [ 719600.0, 6174900.0 ], [ 719600.0, 6175000.0 ], [ 719600.0, 6175100.0 ], [ 719600.0, 6175200.0 ], [ 719700.0, 6175200.0 ], [ 719800.0, 6175200.0 ], [ 719800.0, 6175100.0 ], [ 719800.0, 6175000.0 ], [ 719800.0, 6174900.0 ], [ 719900.0, 6174900.0 ], [ 719900.0, 6174800.0 ], [ 719900.0, 6174700.0 ], [ 719800.0, 6174700.0 ], [ 719800.0, 6174800.0 ] ] ] } },
{ "type": "Feature", "properties": { "Shape_Area": 50000.0, "Shape_Leng": 1000.0, "cluster_id": "101_1000", "fid_1": 1000.0, "id_munic": 1000.0, "munic_clus": "101_1000", "munic_code": 101.0, "min": 2.4450185298919678, "max": 2.4450185298919678, "mean": 2.4450185775756834, "count": 5, "std": 4.7683715642676816e-08, "range": 0.0 }, "geometry": { "type": "Polygon", "coordinates": [ [ [ 719000.0, 6173200.0 ], [ 718900.0, 6173200.0 ], [ 718900.0, 6173300.0 ], [ 718900.0, 6173400.0 ], [ 719000.0, 6173400.0 ], [ 719100.0, 6173400.0 ], [ 719100.0, 6173300.0 ], [ 719100.0, 6173200.0 ], [ 719100.0, 6173100.0 ], [ 719000.0, 6173100.0 ], [ 719000.0, 6173200.0 ] ] ] } },
{ "type": "Feature", "properties": { "Shape_Area": 80000.0, "Shape_Leng": 1200.0, "cluster_id": "101_1001", "fid_1": 1001.0, "id_munic": 1001.0, "munic_clus": "101_1001", "munic_code": 101.0, "min": 3.5936355590820312, "max": 3.5936355590820312, "mean": 3.5936355590820312, "count": 8, "std": 0.0, "range": 0.0 }, "geometry": { "type": "Polygon", "coordinates": [ [ [ 726000.0, 6173200.0 ], [ 725900.0, 6173200.0 ], [ 725800.0, 6173200.0 ], [ 725800.0, 6173300.0 ], [ 725800.0, 6173400.0 ], [ 725800.0, 6173500.0 ], [ 725900.0, 6173500.0 ], [ 726000.0, 6173500.0 ], [ 726000.0, 6173400.0 ], [ 726100.0, 6173400.0 ], [ 726100.0, 6173300.0 ], [ 726100.0, 6173200.0 ], [ 726000.0, 6173200.0 ] ] ] } },
{ "type": "Feature", "properties": { "Shape_Area": 50000.0, "Shape_Leng": 1000.0, "cluster_id": "101_1002", "fid_1": 1002.0, "id_munic": 1002.0, "munic_clus": "101_1002", "munic_code": 101.0, "min": 2.3972012996673584, "max": 2.3972012996673584, "mean": 2.397201347351074, "count": 5, "std": 4.7683715642676816e-08, "range": 0.0 }, "geometry": { "type": "Polygon", "coordinates": [ [ [ 720400.0, 6177700.0 ], [ 720300.0, 6177700.0 ], [ 720200.0, 6177700.0 ], [ 720100.0, 6177700.0 ], [ 720100.0, 6177800.0 ], [ 720200.0, 6177800.0 ], [ 720200.0, 6177900.0 ], [ 720300.0, 6177900.0 ], [ 720400.0, 6177900.0 ], [ 720400.0, 6177800.0 ], [ 720400.0, 6177700.0 ] ] ] } },
{ "type": "Feature", "properties": { "Shape_Area": 190000.0, "Shape_Leng": 2600.0, "cluster_id": "101_1003", "fid_1": 1003.0, "id_munic": 1003.0, "munic_clus": "101_1003", "munic_code": 101.0, "min": 3.6009666919708252, "max": 3.6009666919708252, "mean": 3.6009666041324011, "count": 19, "std": 8.7838424089881073e-08, "range": 0.0 }, "geometry": { "type": "Polygon", "coordinates": [ [ [ 718700.0, 6179200.0 ], [ 718600.0, 6179200.0 ], [ 718600.0, 6179300.0 ], [ 718500.0, 6179300.0 ], [ 718400.0, 6179300.0 ], [ 718400.0, 6179400.0 ], [ 718300.0, 6179400.0 ], [ 718200.0, 6179400.0 ], [ 718200.0, 6179500.0 ], [ 718300.0, 6179500.0 ], [ 718300.0, 6179600.0 ], [ 718400.0, 6179600.0 ], [ 718500.0, 6179600.0 ], [ 718500.0, 6179500.0 ], [ 718600.0, 6179500.0 ], [ 718700.0, 6179500.0 ], [ 718700.0, 6179400.0 ], [ 718800.0, 6179400.0 ], [ 718900.0, 6179400.0 ], [ 718900.0, 6179300.0 ], [ 719000.0, 6179300.0 ], [ 719000.0, 6179200.0 ], [ 719000.0, 6179100.0 ], [ 718900.0, 6179100.0 ], [ 718800.0, 6179100.0 ], [ 718700.0, 6179100.0 ], [ 718700.0, 6179200.0 ] ] ] } },
{ "type": "Feature", "properties": { "Shape_Area": 40000.0, "Shape_Leng": 1000.0, "cluster_id": "101_1004", "fid_1": 1004.0, "id_munic": 1004.0, "munic_clus": "101_1004", "munic_code": 101.0, "min": 3.9323561191558838, "max": 3.9323561191558838, "mean": 3.9323561191558838, "count": 4, "std": 0.0, "range": 0.0 }, "geometry": { "type": "Polygon", "coordinates": [ [ [ 722800.0, 6175100.0 ], [ 722700.0, 6175100.0 ], [ 722700.0, 6175200.0 ], [ 722800.0, 6175200.0 ], [ 722900.0, 6175200.0 ], [ 723000.0, 6175200.0 ], [ 723000.0, 6175100.0 ], [ 723000.0, 6175000.0 ], [ 722900.0, 6175000.0 ], [ 722900.0, 6175100.0 ], [ 722800.0, 6175100.0 ] ] ] } },
{ "type": "Feature", "properties": { "Shape_Area": 30000.0, "Shape_Leng": 800.0, "cluster_id": "101_1005", "fid_1": 1005.0, "id_munic": 1005.0, "munic_clus": "101_1005", "munic_code": 101.0, "min": 3.9321892261505127, "max": 3.9321892261505127, "mean": 3.9321893056233725, "count": 3, "std": 7.947285984855057e-08, "range": 0.0 }, "geometry": { "type": "Polygon", "coordinates": [ [ [ 722800.0, 6176900.0 ], [ 722900.0, 6176900.0 ], [ 722900.0, 6177000.0 ], [ 723000.0, 6177000.0 ], [ 723000.0, 6176900.0 ], [ 723000.0, 6176800.0 ], [ 722900.0, 6176800.0 ], [ 722800.0, 6176800.0 ], [ 722800.0, 6176900.0 ] ] ] } },
{ "type": "Feature", "properties": { "Shape_Area": 40000.0, "Shape_Leng": 1000.0, "cluster_id": "101_1006", "fid_1": 1006.0, "id_munic": 1006.0, "munic_clus": "101_1006", "munic_code": 101.0, "min": 3.5981342792510986, "max": 3.5981342792510986, "mean": 3.5981342792510986, "count": 4, "std": 0.0, "range": 0.0 }, "geometry": { "type": "Polygon", "coordinates": [ [ [ 720600.0, 6174900.0 ], [ 720700.0, 6174900.0 ], [ 720800.0, 6174900.0 ], [ 720900.0, 6174900.0 ], [ 720900.0, 6174800.0 ], [ 720800.0, 6174800.0 ], [ 720700.0, 6174800.0 ], [ 720600.0, 6174800.0 ], [ 720500.0, 6174800.0 ], [ 720500.0, 6174900.0 ], [ 720600.0, 6174900.0 ] ] ] } },
{ "type": "Feature", "properties": { "Shape_Area": 140000.0, "Shape_Leng": 1600.0, "cluster_id": "101_1007", "fid_1": 1007.0, "id_munic": 1007.0, "munic_clus": "101_1007", "munic_code": 101.0, "min": 3.8180603981018066, "max": 3.8180603981018066, "mean": 3.8180604662214006, "count": 14, "std": 6.8119593965576541e-08, "range": 0.0 }, "geometry": { "type": "Polygon", "coordinates": [ [ [ 727000.0, 6172300.0 ], [ 727100.0, 6172300.0 ], [ 727200.0, 6172300.0 ], [ 727300.0, 6172300.0 ], [ 727400.0, 6172300.0 ], [ 727400.0, 6172200.0 ], [ 727400.0, 6172100.0 ], [ 727300.0, 6172100.0 ], [ 727300.0, 6172000.0 ], [ 727300.0, 6171900.0 ], [ 727200.0, 6171900.0 ], [ 727100.0, 6171900.0 ], [ 727000.0, 6171900.0 ], [ 727000.0, 6172000.0 ], [ 727000.0, 6172100.0 ], [ 727000.0, 6172200.0 ], [ 727000.0, 6172300.0 ] ] ] } },
{ "type": "Feature", "properties": { "Shape_Area": 20000.0, "Shape_Leng": 600.0, "cluster_id": "101_1008", "fid_1": 1008.0, "id_munic": 1008.0, "munic_clus": "101_1008", "munic_code": 101.0, "min": 3.0941355228424072, "max": 3.0941355228424072, "mean": 3.0941355228424072, "count": 2, "std": 0.0, "range": 0.0 }, "geometry": { "type": "Polygon", "coordinates": [ [ [ 722800.0, 6175300.0 ], [ 722900.0, 6175300.0 ], [ 723000.0, 6175300.0 ], [ 723000.0, 6175200.0 ], [ 722900.0, 6175200.0 ], [ 722800.0, 6175200.0 ], [ 722800.0, 6175300.0 ] ] ] } },
{ "type": "Feature", "properties": { "Shape_Area": 90000.0, "Shape_Leng": 1200.0, "cluster_id": "101_1009", "fid_1": 1009.0, "id_munic": 1009.0, "munic_clus": "101_1009", "munic_code": 101.0, "min": 3.6059653759002686, "max": 3.6059653759002686, "mean": 3.6059655083550348, "count": 9, "std": 1.3245476626622121e-07, "range": 0.0 }, "geometry": { "type": "Polygon", "coordinates": [ [ [ 725100.0, 6177900.0 ], [ 725200.0, 6177900.0 ], [ 725200.0, 6177800.0 ], [ 725200.0, 6177700.0 ], [ 725200.0, 6177600.0 ], [ 725100.0, 6177600.0 ], [ 725000.0, 6177600.0 ], [ 724900.0, 6177600.0 ], [ 724900.0, 6177700.0 ], [ 724900.0, 6177800.0 ], [ 724900.0, 6177900.0 ], [ 725000.0, 6177900.0 ], [ 725100.0, 6177900.0 ] ] ] } },
{ "type": "Feature", "properties": { "Shape_Area": 100000.0, "Shape_Leng": 1400.0, "cluster_id": "101_1010", "fid_1": 1010.0, "id_munic": 1010.0, "munic_clus": "101_1010", "munic_code": 101.0, "min": 3.5909700393676758, "max": 3.5909700393676758, "mean": 3.5909698486328123, "count": 10, "std": 1.9073486345888571e-07, "range": 0.0 }, "geometry": { "type": "Polygon", "coordinates": [ [ [ 727400.0, 6173900.0 ], [ 727400.0, 6174000.0 ], [ 727400.0, 6174100.0 ], [ 727500.0, 6174100.0 ], [ 727600.0, 6174100.0 ], [ 727700.0, 6174100.0 ], [ 727700.0, 6174000.0 ], [ 727700.0, 6173900.0 ], [ 727800.0, 6173900.0 ], [ 727800.0, 6173800.0 ], [ 727700.0, 6173800.0 ], [ 727600.0, 6173800.0 ], [ 727500.0, 6173800.0 ], [ 727400.0, 6173800.0 ], [ 727400.0, 6173900.0 ] ] ] } },
{ "type": "Feature", "properties": { "Shape_Area": 70000.0, "Shape_Leng": 1200.0, "cluster_id": "101_1013", "fid_1": 1013.0, "id_munic": 1013.0, "munic_clus": "101_1013", "munic_code": 101.0, "min": 3.323225736618042, "max": 3.323225736618042, "mean": 3.3232258387974332, "count": 7, "std": 1.0217939117040942e-07, "range": 0.0 }, "geometry": { "type": "Polygon", "coordinates": [ [ [ 727100.0, 6173500.0 ], [ 727000.0, 6173500.0 ], [ 726900.0, 6173500.0 ], [ 726800.0, 6173500.0 ], [ 726800.0, 6173600.0 ], [ 726700.0, 6173600.0 ], [ 726700.0, 6173700.0 ], [ 726800.0, 6173700.0 ], [ 726900.0, 6173700.0 ], [ 727000.0, 6173700.0 ], [ 727100.0, 6173700.0 ], [ 727100.0, 6173600.0 ], [ 727100.0, 6173500.0 ] ] ] } },
{ "type": "Feature", "properties": { "Shape_Area": 90000.0, "Shape_Leng": 1200.0, "cluster_id": "101_1014", "fid_1": 1014.0, "id_munic": 1014.0, "munic_clus": "101_1014", "munic_code": 101.0, "min": 3.8230588436126709, "max": 3.8230588436126709, "mean": 3.8230586581759982, "count": 9, "std": 1.8543667268389186e-07, "range": 0.0 }, "geometry": { "type": "Polygon", "coordinates": [ [ [ 726500.0, 6173500.0 ], [ 726400.0, 6173500.0 ], [ 726300.0, 6173500.0 ], [ 726200.0, 6173500.0 ], [ 726200.0, 6173600.0 ], [ 726200.0, 6173700.0 ], [ 726200.0, 6173800.0 ], [ 726300.0, 6173800.0 ], [ 726400.0, 6173800.0 ], [ 726500.0, 6173800.0 ], [ 726500.0, 6173700.0 ], [ 726500.0, 6173600.0 ], [ 726500.0, 6173500.0 ] ] ] } },
{ "type": "Feature", "properties": { "Shape_Area": 40000.0, "Shape_Leng": 800.0, "cluster_id": "101_1015", "fid_1": 1015.0, "id_munic": 1015.0, "munic_clus": "101_1015", "munic_code": 101.0, "min": 3.7785739898681641, "max": 3.7785739898681641, "mean": 3.7785739898681641, "count": 4, "std": 0.0, "range": 0.0 }, "geometry": { "type": "Polygon", "coordinates": [ [ [ 726000.0, 6176100.0 ], [ 726000.0, 6176000.0 ], [ 726000.0, 6175900.0 ], [ 725900.0, 6175900.0 ], [ 725800.0, 6175900.0 ], [ 725800.0, 6176000.0 ], [ 725800.0, 6176100.0 ], [ 725900.0, 6176100.0 ], [ 726000.0, 6176100.0 ] ] ] } },
{ "type": "Feature", "properties": { "Shape_Area": 60000.0, "Shape_Leng": 1000.0, "cluster_id": "101_1016", "fid_1": 1016.0, "id_munic": 1016.0, "munic_clus": "101_1016", "munic_code": 101.0, "min": 3.342219352722168, "max": 3.342219352722168, "mean": 3.3422196706136069, "count": 6, "std": 3.1789143895011307e-07, "range": 0.0 }, "geometry": { "type": "Polygon", "coordinates": [ [ [ 726800.0, 6174900.0 ], [ 726800.0, 6175000.0 ], [ 726900.0, 6175000.0 ], [ 727000.0, 6175000.0 ], [ 727100.0, 6175000.0 ], [ 727100.0, 6174900.0 ], [ 727100.0, 6174800.0 ], [ 727000.0, 6174800.0 ], [ 726900.0, 6174800.0 ], [ 726800.0, 6174800.0 ], [ 726800.0, 6174900.0 ] ] ] } },
{ "type": "Feature", "properties": { "Shape_Area": 300000.0, "Shape_Leng": 2600.0, "cluster_id": "101_1017", "fid_1": 1017.0, "id_munic": 1017.0, "munic_clus": "101_1017", "munic_code": 101.0, "min": 3.582639217376709, "max": 3.582639217376709, "mean": 3.5826390584309897, "count": 30, "std": 1.5894571925301193e-07, "range": 0.0 }, "geometry": { "type": "Polygon", "coordinates": [ [ [ 721100.0, 6178200.0 ], [ 721000.0, 6178200.0 ], [ 720900.0, 6178200.0 ], [ 720800.0, 6178200.0 ], [ 720700.0, 6178200.0 ], [ 720700.0, 6178300.0 ], [ 720600.0, 6178300.0 ], [ 720600.0, 6178400.0 ], [ 720600.0, 6178500.0 ], [ 720700.0, 6178500.0 ], [ 720700.0, 6178600.0 ], [ 720700.0, 6178700.0 ], [ 720700.0, 6178800.0 ], [ 720700.0, 6178900.0 ], [ 720800.0, 6178900.0 ], [ 720800.0, 6179000.0 ], [ 720900.0, 6179000.0 ], [ 721000.0, 6179000.0 ], [ 721000.0, 6178900.0 ], [ 721000.0, 6178800.0 ], [ 721000.0, 6178700.0 ], [ 721100.0, 6178700.0 ], [ 721100.0, 6178600.0 ], [ 721100.0, 6178500.0 ], [ 721100.0, 6178400.0 ], [ 721100.0, 6178300.0 ], [ 721100.0, 6178200.0 ] ] ] } },
{ "type": "Feature", "properties": { "Shape_Area": 50000.0, "Shape_Leng": 1000.0, "cluster_id": "101_1018", "fid_1": 1018.0, "id_munic": 1018.0, "munic_clus": "101_1018", "munic_code": 101.0, "min": 3.5758085250854492, "max": 3.5758085250854492, "mean": 3.5758087158203127, "count": 5, "std": 1.9073486345888568e-07, "range": 0.0 }, "geometry": { "type": "Polygon", "coordinates": [ [ [ 722700.0, 6178600.0 ], [ 722600.0, 6178600.0 ], [ 722500.0, 6178600.0 ], [ 722500.0, 6178700.0 ], [ 722500.0, 6178800.0 ], [ 722500.0, 6178900.0 ], [ 722600.0, 6178900.0 ], [ 722600.0, 6178800.0 ], [ 722700.0, 6178800.0 ], [ 722700.0, 6178700.0 ], [ 722700.0, 6178600.0 ] ] ] } },
{ "type": "Feature", "properties": { "Shape_Area": 130000.0, "Shape_Leng": 1600.0, "cluster_id": "101_1019", "fid_1": 1019.0, "id_munic": 1019.0, "munic_clus": "101_1019", "munic_code": 101.0, "min": 2.1131291389465332, "max": 2.1131291389465332, "mean": 2.1131292489858775, "count": 13, "std": 1.1003934430320328e-07, "range": 0.0 }, "geometry": { "type": "Polygon", "coordinates": [ [ [ 723600.0, 6176400.0 ], [ 723700.0, 6176400.0 ], [ 723800.0, 6176400.0 ], [ 723900.0, 6176400.0 ], [ 723900.0, 6176300.0 ], [ 724000.0, 6176300.0 ], [ 724000.0, 6176200.0 ], [ 724000.0, 6176100.0 ], [ 723900.0, 6176100.0 ], [ 723800.0, 6176100.0 ], [ 723800.0, 6176000.0 ], [ 723700.0, 6176000.0 ], [ 723600.0, 6176000.0 ], [ 723600.0, 6176100.0 ], [ 723600.0, 6176200.0 ], [ 723600.0, 6176300.0 ], [ 723600.0, 6176400.0 ] ] ] } },
{ "type": "Feature", "properties": { "Shape_Area": 40000.0, "Shape_Leng": 800.0, "cluster_id": "101_1020", "fid_1": 1020.0, "id_munic": 1020.0, "munic_clus": "101_1020", "munic_code": 101.0, "min": 2.9043655395507812, "max": 2.9043655395507812, "mean": 2.9043655395507812, "count": 4, "std": 0.0, "range": 0.0 }, "geometry": { "type": "Polygon", "coordinates": [ [ [ 726900.0, 6174200.0 ], [ 726800.0, 6174200.0 ], [ 726700.0, 6174200.0 ], [ 726700.0, 6174300.0 ], [ 726700.0, 6174400.0 ], [ 726800.0, 6174400.0 ], [ 726900.0, 6174400.0 ], [ 726900.0, 6174300.0 ], [ 726900.0, 6174200.0 ] ] ] } },
{ "type": "Feature", "properties": { "Shape_Area": 70000.0, "Shape_Leng": 1200.0, "cluster_id": "101_1021", "fid_1": 1021.0, "id_munic": 1021.0, "munic_clus": "101_1021", "munic_code": 101.0, "min": 3.1711099147796631, "max": 3.1711099147796631, "mean": 3.1711098807198659, "count": 7, "std": 3.4059797204832876e-08, "range": 0.0 }, "geometry": { "type": "Polygon", "coordinates": [ [ [ 724800.0, 6176400.0 ], [ 724800.0, 6176500.0 ], [ 724900.0, 6176500.0 ], [ 724900.0, 6176600.0 ], [ 725000.0, 6176600.0 ], [ 725100.0, 6176600.0 ], [ 725100.0, 6176500.0 ], [ 725100.0, 6176400.0 ], [ 725000.0, 6176400.0 ], [ 725000.0, 6176300.0 ], [ 724900.0, 6176300.0 ], [ 724800.0, 6176300.0 ], [ 724800.0, 6176400.0 ] ] ] } },
{ "type": "Feature", "properties": { "Shape_Area": 190000.0, "Shape_Leng": 2200.0, "cluster_id": "101_1022", "fid_1": 1022.0, "id_munic": 1022.0, "munic_clus": "101_1022", "munic_code": 101.0, "min": 3.3473846912384033, "max": 3.3473846912384033, "mean": 3.3473848041735197, "count": 19, "std": 1.1293511636978337e-07, "range": 0.0 }, "geometry": { "type": "Polygon", "coordinates": [ [ [ 725200.0, 6176600.0 ], [ 725100.0, 6176600.0 ], [ 725000.0, 6176600.0 ], [ 724900.0, 6176600.0 ], [ 724900.0, 6176700.0 ], [ 724800.0, 6176700.0 ], [ 724700.0, 6176700.0 ], [ 724700.0, 6176800.0 ], [ 724700.0, 6176900.0 ], [ 724800.0, 6176900.0 ], [ 724800.0, 6177000.0 ], [ 724900.0, 6177000.0 ], [ 724900.0, 6177100.0 ], [ 725000.0, 6177100.0 ], [ 725000.0, 6177000.0 ], [ 725100.0, 6177000.0 ], [ 725200.0, 6177000.0 ], [ 725300.0, 6177000.0 ], [ 725300.0, 6176900.0 ], [ 725200.0, 6176900.0 ], [ 725200.0, 6176800.0 ], [ 725200.0, 6176700.0 ], [ 725200.0, 6176600.0 ] ] ] } },
{ "type": "Feature", "properties": { "Shape_Area": 50000.0, "Shape_Leng": 1000.0, "cluster_id": "101_1023", "fid_1": 1023.0, "id_munic": 1023.0, "munic_clus": "101_1023", "munic_code": 101.0, "min": 2.6444520950317383, "max": 2.6444520950317383, "mean": 2.6444520950317383, "count": 5, "std": 0.0, "range": 0.0 }, "geometry": { "type": "Polygon", "coordinates": [ [ [ 719000.0, 6176100.0 ], [ 719100.0, 6176100.0 ], [ 719100.0, 6176000.0 ], [ 719000.0, 6176000.0 ], [ 719000.0, 6175900.0 ], [ 718900.0, 6175900.0 ], [ 718800.0, 6175900.0 ], [ 718800.0, 6176000.0 ], [ 718800.0, 6176100.0 ], [ 718900.0, 6176100.0 ], [ 719000.0, 6176100.0 ] ] ] } },
{ "type": "Feature", "properties": { "Shape_Area": 40000.0, "Shape_Leng": 800.0, "cluster_id": "101_1024", "fid_1": 1024.0, "id_munic": 1024.0, "munic_clus": "101_1024", "munic_code": 101.0, "min": 3.5196607112884521, "max": 3.5196607112884521, "mean": 3.5196607112884521, "count": 4, "std": 0.0, "range": 0.0 }, "geometry": { "type": "Polygon", "coordinates": [ [ [ 719700.0, 6177400.0 ], [ 719700.0, 6177500.0 ], [ 719800.0, 6177500.0 ], [ 719900.0, 6177500.0 ], [ 719900.0, 6177400.0 ], [ 719900.0, 6177300.0 ], [ 719800.0, 6177300.0 ], [ 719700.0, 6177300.0 ], [ 719700.0, 6177400.0 ] ] ] } },
{ "type": "Feature", "properties": { "Shape_Area": 50000.0, "Shape_Leng": 1000.0, "cluster_id": "101_1025", "fid_1": 1025.0, "id_munic": 1025.0, "munic_clus": "101_1025", "munic_code": 101.0, "min": 3.1197934150695801, "max": 3.1197934150695801, "mean": 3.1197933197021483, "count": 5, "std": 9.5367431729442842e-08, "range": 0.0 }, "geometry": { "type": "Polygon", "coordinates": [ [ [ 724700.0, 6180700.0 ], [ 724700.0, 6180800.0 ], [ 724800.0, 6180800.0 ], [ 724900.0, 6180800.0 ], [ 725000.0, 6180800.0 ], [ 725000.0, 6180700.0 ], [ 724900.0, 6180700.0 ], [ 724900.0, 6180600.0 ], [ 724800.0, 6180600.0 ], [ 724700.0, 6180600.0 ], [ 724700.0, 6180700.0 ] ] ] } },
{ "type": "Feature", "properties": { "Shape_Area": 100000.0, "Shape_Leng": 1600.0, "cluster_id": "101_1026", "fid_1": 1026.0, "id_munic": 1026.0, "munic_clus": "101_1026", "munic_code": 101.0, "min": 3.640120267868042, "max": 3.640120267868042, "mean": 3.6401203155517576, "count": 10, "std": 4.7683715642676816e-08, "range": 0.0 }, "geometry": { "type": "Polygon", "coordinates": [ [ [ 718600.0, 6179600.0 ], [ 718600.0, 6179500.0 ], [ 718500.0, 6179500.0 ], [ 718500.0, 6179600.0 ], [ 718400.0, 6179600.0 ], [ 718300.0, 6179600.0 ], [ 718300.0, 6179700.0 ], [ 718300.0, 6179800.0 ], [ 718400.0, 6179800.0 ], [ 718400.0, 6179900.0 ], [ 718500.0, 6179900.0 ], [ 718600.0, 6179900.0 ], [ 718600.0, 6179800.0 ], [ 718700.0, 6179800.0 ], [ 718700.0, 6179700.0 ], [ 718600.0, 6179700.0 ], [ 718600.0, 6179600.0 ] ] ] } },
{ "type": "Feature", "properties": { "Shape_Area": 60000.0, "Shape_Leng": 1200.0, "cluster_id": "101_1027", "fid_1": 1027.0, "id_munic": 1027.0, "munic_clus": "101_1027", "munic_code": 101.0, "min": 2.4935023784637451, "max": 2.4935023784637451, "mean": 2.4935022989908853, "count": 6, "std": 7.947285984855057e-08, "range": 0.0 }, "geometry": { "type": "Polygon", "coordinates": [ [ [ 720300.0, 6179400.0 ], [ 720300.0, 6179500.0 ], [ 720400.0, 6179500.0 ], [ 720400.0, 6179600.0 ], [ 720500.0, 6179600.0 ], [ 720500.0, 6179500.0 ], [ 720600.0, 6179500.0 ], [ 720600.0, 6179400.0 ], [ 720500.0, 6179400.0 ], [ 720500.0, 6179300.0 ], [ 720400.0, 6179300.0 ], [ 720300.0, 6179300.0 ], [ 720300.0, 6179400.0 ] ] ] } },
{ "type": "Feature", "properties": { "Shape_Area": 50000.0, "Shape_Leng": 1000.0, "cluster_id": "101_1028", "fid_1": 1028.0, "id_munic": 1028.0, "munic_clus": "101_1028", "munic_code": 101.0, "min": 3.1837725639343262, "max": 3.1837725639343262, "mean": 3.1837726593017579, "count": 5, "std": 9.5367431729442842e-08, "range": 0.0 }, "geometry": { "type": "Polygon", "coordinates": [ [ [ 719500.0, 6173400.0 ], [ 719600.0, 6173400.0 ], [ 719600.0, 6173300.0 ], [ 719500.0, 6173300.0 ], [ 719500.0, 6173200.0 ], [ 719400.0, 6173200.0 ], [ 719300.0, 6173200.0 ], [ 719300.0, 6173300.0 ], [ 719300.0, 6173400.0 ], [ 719400.0, 6173400.0 ], [ 719500.0, 6173400.0 ] ] ] } },
{ "type": "Feature", "properties": { "Shape_Area": 70000.0, "Shape_Leng": 1200.0, "cluster_id": "101_1029", "fid_1": 1029.0, "id_munic": 1029.0, "munic_clus": "101_1029", "munic_code": 101.0, "min": 3.995002269744873, "max": 3.995002269744873, "mean": 3.9950022016252791, "count": 7, "std": 6.8119593965576541e-08, "range": 0.0 }, "geometry": { "type": "Polygon", "coordinates": [ [ [ 726500.0, 6174400.0 ], [ 726500.0, 6174500.0 ], [ 726500.0, 6174600.0 ], [ 726600.0, 6174600.0 ], [ 726700.0, 6174600.0 ], [ 726700.0, 6174500.0 ], [ 726800.0, 6174500.0 ], [ 726800.0, 6174400.0 ], [ 726700.0, 6174400.0 ], [ 726700.0, 6174300.0 ], [ 726600.0, 6174300.0 ], [ 726500.0, 6174300.0 ], [ 726500.0, 6174400.0 ] ] ] } },
{ "type": "Feature", "properties": { "Shape_Area": 190000.0, "Shape_Leng": 2000.0, "cluster_id": "101_1030", "fid_1": 1030.0, "id_munic": 1030.0, "munic_clus": "101_1030", "munic_code": 101.0, "min": 2.7959017753601074, "max": 2.7959017753601074, "mean": 2.7959016498766447, "count": 19, "std": 1.2548346273177913e-07, "range": 0.0 }, "geometry": { "type": "Polygon", "coordinates": [ [ [ 720600.0, 6180000.0 ], [ 720600.0, 6180100.0 ], [ 720600.0, 6180200.0 ], [ 720700.0, 6180200.0 ], [ 720800.0, 6180200.0 ], [ 720900.0, 6180200.0 ], [ 721000.0, 6180200.0 ], [ 721100.0, 6180200.0 ], [ 721100.0, 6180100.0 ], [ 721100.0, 6180000.0 ], [ 721000.0, 6180000.0 ], [ 721000.0, 6179900.0 ], [ 721000.0, 6179800.0 ], [ 720900.0, 6179800.0 ], [ 720900.0, 6179700.0 ], [ 720800.0, 6179700.0 ], [ 720800.0, 6179800.0 ], [ 720700.0, 6179800.0 ], [ 720600.0, 6179800.0 ], [ 720600.0, 6179900.0 ], [ 720600.0, 6180000.0 ] ] ] } },
{ "type": "Feature", "properties": { "Shape_Area": 40000.0, "Shape_Leng": 800.0, "cluster_id": "101_1031", "fid_1": 1031.0, "id_munic": 1031.0, "munic_clus": "101_1031", "munic_code": 101.0, "min": 2.8725428581237793, "max": 2.8725428581237793, "mean": 2.8725428581237793, "count": 4, "std": 0.0, "range": 0.0 }, "geometry": { "type": "Polygon", "coordinates": [ [ [ 725700.0, 6178200.0 ], [ 725700.0, 6178100.0 ], [ 725700.0, 6178000.0 ], [ 725600.0, 6178000.0 ], [ 725500.0, 6178000.0 ], [ 725500.0, 6178100.0 ], [ 725500.0, 6178200.0 ], [ 725600.0, 6178200.0 ], [ 725700.0, 6178200.0 ] ] ] } },
{ "type": "Feature", "properties": { "Shape_Area": 70000.0, "Shape_Leng": 1200.0, "cluster_id": "101_1032", "fid_1": 1032.0, "id_munic": 1032.0, "munic_clus": "101_1032", "munic_code": 101.0, "min": 2.862213134765625, "max": 2.862213134765625, "mean": 2.862213134765625, "count": 7, "std": 0.0, "range": 0.0 }, "geometry": { "type": "Polygon", "coordinates": [ [ [ 721400.0, 6173800.0 ], [ 721400.0, 6173900.0 ], [ 721500.0, 6173900.0 ], [ 721500.0, 6173800.0 ], [ 721600.0, 6173800.0 ], [ 721600.0, 6173700.0 ], [ 721600.0, 6173600.0 ], [ 721600.0, 6173500.0 ], [ 721500.0, 6173500.0 ], [ 721400.0, 6173500.0 ], [ 721400.0, 6173600.0 ], [ 721400.0, 6173700.0 ], [ 721400.0, 6173800.0 ] ] ] } },
{ "type": "Feature", "properties": { "Shape_Area": 170000.0, "Shape_Leng": 2400.0, "cluster_id": "101_1033", "fid_1": 1033.0, "id_munic": 1033.0, "munic_clus": "101_1033", "munic_code": 101.0, "min": 3.3082308769226074, "max": 3.3082308769226074, "mean": 3.3082309049718521, "count": 17, "std": 2.8049244704675402e-08, "range": 0.0 }, "geometry": { "type": "Polygon", "coordinates": [ [ [ 724200.0, 6176900.0 ], [ 724100.0, 6176900.0 ], [ 724000.0, 6176900.0 ], [ 724000.0, 6177000.0 ], [ 723900.0, 6177000.0 ], [ 723900.0, 6177100.0 ], [ 724000.0, 6177100.0 ], [ 724000.0, 6177200.0 ], [ 724100.0, 6177200.0 ], [ 724100.0, 6177300.0 ], [ 724100.0, 6177400.0 ], [ 724100.0, 6177500.0 ], [ 724200.0, 6177500.0 ], [ 724300.0, 6177500.0 ], [ 724400.0, 6177500.0 ], [ 724500.0, 6177500.0 ], [ 724500.0, 6177400.0 ], [ 724400.0, 6177400.0 ], [ 724400.0, 6177300.0 ], [ 724300.0, 6177300.0 ], [ 724300.0, 6177200.0 ], [ 724300.0, 6177100.0 ], [ 724200.0, 6177100.0 ], [ 724200.0, 6177000.0 ], [ 724200.0, 6176900.0 ] ] ] } },
{ "type": "Feature", "properties": { "Shape_Area": 120000.0, "Shape_Leng": 1400.0, "cluster_id": "101_1034", "fid_1": 1034.0, "id_munic": 1034.0, "munic_clus": "101_1034", "munic_code": 101.0, "min": 3.189603328704834, "max": 3.189603328704834, "mean": 3.1896031697591147, "count": 12, "std": 1.5894571925301193e-07, "range": 0.0 }, "geometry": { "type": "Polygon", "coordinates": [ [ [ 719000.0, 6176200.0 ], [ 718900.0, 6176200.0 ], [ 718800.0, 6176200.0 ], [ 718700.0, 6176200.0 ], [ 718600.0, 6176200.0 ], [ 718600.0, 6176300.0 ], [ 718600.0, 6176400.0 ], [ 718600.0, 6176500.0 ], [ 718700.0, 6176500.0 ], [ 718800.0, 6176500.0 ], [ 718900.0, 6176500.0 ], [ 719000.0, 6176500.0 ], [ 719000.0, 6176400.0 ], [ 719000.0, 6176300.0 ], [ 719000.0, 6176200.0 ] ] ] } },
{ "type": "Feature", "properties": { "Shape_Area": 90000.0, "Shape_Leng": 1200.0, "cluster_id": "101_1035", "fid_1": 1035.0, "id_munic": 1035.0, "munic_clus": "101_1035", "munic_code": 101.0, "min": 3.4845051765441895, "max": 3.4845051765441895, "mean": 3.484505123562283, "count": 9, "std": 5.2981906417670643e-08, "range": 0.0 }, "geometry": { "type": "Polygon", "coordinates": [ [ [ 727900.0, 6173500.0 ], [ 727900.0, 6173600.0 ], [ 727900.0, 6173700.0 ], [ 728000.0, 6173700.0 ], [ 728100.0, 6173700.0 ], [ 728200.0, 6173700.0 ], [ 728200.0, 6173600.0 ], [ 728200.0, 6173500.0 ], [ 728200.0, 6173400.0 ], [ 728100.0, 6173400.0 ], [ 728000.0, 6173400.0 ], [ 727900.0, 6173400.0 ], [ 727900.0, 6173500.0 ] ] ] } },
{ "type": "Feature", "properties": { "Shape_Area": 330000.0, "Shape_Leng": 3000.0, "cluster_id": "101_1036", "fid_1": 1036.0, "id_munic": 1036.0, "munic_clus": "101_1036", "munic_code": 101.0, "min": 2.9286904335021973, "max": 2.9286904335021973, "mean": 2.9286903612541431, "count": 33, "std": 7.2248054205914514e-08, "range": 0.0 }, "geometry": { "type": "Polygon", "coordinates": [ [ [ 720200.0, 6173100.0 ], [ 720100.0, 6173100.0 ], [ 720000.0, 6173100.0 ], [ 719900.0, 6173100.0 ], [ 719800.0, 6173100.0 ], [ 719700.0, 6173100.0 ], [ 719700.0, 6173000.0 ], [ 719600.0, 6173000.0 ], [ 719500.0, 6173000.0 ], [ 719400.0, 6173000.0 ], [ 719400.0, 6173100.0 ], [ 719400.0, 6173200.0 ], [ 719500.0, 6173200.0 ], [ 719500.0, 6173300.0 ], [ 719600.0, 6173300.0 ], [ 719600.0, 6173400.0 ], [ 719600.0, 6173500.0 ], [ 719700.0, 6173500.0 ], [ 719800.0, 6173500.0 ], [ 719900.0, 6173500.0 ], [ 720000.0, 6173500.0 ], [ 720000.0, 6173600.0 ], [ 720100.0, 6173600.0 ], [ 720200.0, 6173600.0 ], [ 720200.0, 6173500.0 ], [ 720200.0, 6173400.0 ], [ 720200.0, 6173300.0 ], [ 720300.0, 6173300.0 ], [ 720300.0, 6173200.0 ], [ 720200.0, 6173200.0 ], [ 720200.0, 6173100.0 ] ] ] } },
{ "type": "Feature", "properties": { "Shape_Area": 120000.0, "Shape_Leng": 1600.0, "cluster_id": "101_1037", "fid_1": 1037.0, "id_munic": 1037.0, "munic_clus": "101_1037", "munic_code": 101.0, "min": 3.4800066947937012, "max": 3.4800066947937012, "mean": 3.4800068537394204, "count": 12, "std": 1.5894571925301193e-07, "range": 0.0 }, "geometry": { "type": "Polygon", "coordinates": [ [ [ 718700.0, 6173600.0 ], [ 718700.0, 6173700.0 ], [ 718700.0, 6173800.0 ], [ 718800.0, 6173800.0 ], [ 718900.0, 6173800.0 ], [ 719000.0, 6173800.0 ], [ 719000.0, 6173700.0 ], [ 719000.0, 6173600.0 ], [ 719000.0, 6173500.0 ], [ 719000.0, 6173400.0 ], [ 718900.0, 6173400.0 ], [ 718900.0, 6173300.0 ], [ 718800.0, 6173300.0 ], [ 718800.0, 6173400.0 ], [ 718800.0, 6173500.0 ], [ 718700.0, 6173500.0 ], [ 718700.0, 6173600.0 ] ] ] } },
{ "type": "Feature", "properties": { "Shape_Area": 40000.0, "Shape_Leng": 800.0, "cluster_id": "101_1038", "fid_1": 1038.0, "id_munic": 1038.0, "munic_clus": "101_1038", "munic_code": 101.0, "min": 2.6034660339355469, "max": 2.6034660339355469, "mean": 2.6034660339355469, "count": 4, "std": 0.0, "range": 0.0 }, "geometry": { "type": "Polygon", "coordinates": [ [ [ 727500.0, 6173800.0 ], [ 727500.0, 6173700.0 ], [ 727500.0, 6173600.0 ], [ 727400.0, 6173600.0 ], [ 727300.0, 6173600.0 ], [ 727300.0, 6173700.0 ], [ 727300.0, 6173800.0 ], [ 727400.0, 6173800.0 ], [ 727500.0, 6173800.0 ] ] ] } },
{ "type": "Feature", "properties": { "Shape_Area": 50000.0, "Shape_Leng": 1000.0, "cluster_id": "101_1039", "fid_1": 1039.0, "id_munic": 1039.0, "munic_clus": "101_1039", "munic_code": 101.0, "min": 3.9566812515258789, "max": 3.9566812515258789, "mean": 3.9566810607910154, "count": 5, "std": 1.9073486345888568e-07, "range": 0.0 }, "geometry": { "type": "Polygon", "coordinates": [ [ [ 725400.0, 6177300.0 ], [ 725500.0, 6177300.0 ], [ 725600.0, 6177300.0 ], [ 725600.0, 6177200.0 ], [ 725600.0, 6177100.0 ], [ 725500.0, 6177100.0 ], [ 725400.0, 6177100.0 ], [ 725300.0, 6177100.0 ], [ 725300.0, 6177200.0 ], [ 725400.0, 6177200.0 ], [ 725400.0, 6177300.0 ] ] ] } },
{ "type": "Feature", "properties": { "Shape_Area": 60000.0, "Shape_Leng": 1200.0, "cluster_id": "101_1040", "fid_1": 1040.0, "id_munic": 1040.0, "munic_clus": "101_1040", "munic_code": 101.0, "min": 3.8777074813842773, "max": 3.8777074813842773, "mean": 3.8777077992757163, "count": 6, "std": 3.1789143895011307e-07, "range": 0.0 }, "geometry": { "type": "Polygon", "coordinates": [ [ [ 719400.0, 6176400.0 ], [ 719400.0, 6176500.0 ], [ 719400.0, 6176600.0 ], [ 719500.0, 6176600.0 ], [ 719500.0, 6176500.0 ], [ 719600.0, 6176500.0 ], [ 719600.0, 6176400.0 ], [ 719700.0, 6176400.0 ], [ 719700.0, 6176300.0 ], [ 719600.0, 6176300.0 ], [ 719500.0, 6176300.0 ], [ 719400.0, 6176300.0 ], [ 719400.0, 6176400.0 ] ] ] } },
{ "type": "Feature", "properties": { "Shape_Area": 50000.0, "Shape_Leng": 1000.0, "cluster_id": "101_1042", "fid_1": 1042.0, "id_munic": 1042.0, "munic_clus": "101_1042", "munic_code": 101.0, "min": 3.8217260837554932, "max": 3.8217260837554932, "mean": 3.8217262268066405, "count": 5, "std": 1.4305114737211966e-07, "range": 0.0 }, "geometry": { "type": "Polygon", "coordinates": [ [ [ 727100.0, 6173800.0 ], [ 727100.0, 6173900.0 ], [ 727000.0, 6173900.0 ], [ 727000.0, 6174000.0 ], [ 727000.0, 6174100.0 ], [ 727100.0, 6174100.0 ], [ 727200.0, 6174100.0 ], [ 727200.0, 6174000.0 ], [ 727200.0, 6173900.0 ], [ 727200.0, 6173800.0 ], [ 727100.0, 6173800.0 ] ] ] } },
{ "type": "Feature", "properties": { "Shape_Area": 150000.0, "Shape_Leng": 1600.0, "cluster_id": "101_1043", "fid_1": 1043.0, "id_munic": 1043.0, "munic_clus": "101_1043", "munic_code": 101.0, "min": 4.026824951171875, "max": 4.026824951171875, "mean": 4.026824951171875, "count": 15, "std": 0.0, "range": 0.0 }, "geometry": { "type": "Polygon", "coordinates": [ [ [ 719900.0, 6177600.0 ], [ 719800.0, 6177600.0 ], [ 719700.0, 6177600.0 ], [ 719600.0, 6177600.0 ], [ 719500.0, 6177600.0 ], [ 719500.0, 6177700.0 ], [ 719500.0, 6177800.0 ], [ 719500.0, 6177900.0 ], [ 719500.0, 6178000.0 ], [ 719600.0, 6178000.0 ], [ 719700.0, 6178000.0 ], [ 719800.0, 6178000.0 ], [ 719800.0, 6177900.0 ], [ 719900.0, 6177900.0 ], [ 719900.0, 6177800.0 ], [ 719900.0, 6177700.0 ], [ 719900.0, 6177600.0 ] ] ] } },
{ "type": "Feature", "properties": { "Shape_Area": 60000.0, "Shape_Leng": 1200.0, "cluster_id": "101_1044", "fid_1": 1044.0, "id_munic": 1044.0, "munic_clus": "101_1044", "munic_code": 101.0, "min": 3.3685438632965088, "max": 3.3685438632965088, "mean": 3.3685439427693686, "count": 6, "std": 7.947285984855057e-08, "range": 0.0 }, "geometry": { "type": "Polygon", "coordinates": [ [ [ 722300.0, 6177300.0 ], [ 722300.0, 6177400.0 ], [ 722200.0, 6177400.0 ], [ 722200.0, 6177500.0 ], [ 722200.0, 6177600.0 ], [ 722200.0, 6177700.0 ], [ 722300.0, 6177700.0 ], [ 722300.0, 6177600.0 ], [ 722400.0, 6177600.0 ], [ 722400.0, 6177500.0 ], [ 722400.0, 6177400.0 ], [ 722400.0, 6177300.0 ], [ 722300.0, 6177300.0 ] ] ] } },
{ "type": "Feature", "properties": { "Shape_Area": 60000.0, "Shape_Leng": 1000.0, "cluster_id": "101_1045", "fid_1": 1045.0, "id_munic": 1045.0, "munic_clus": "101_1045", "munic_code": 101.0, "min": 3.614628791809082, "max": 3.614628791809082, "mean": 3.6146284739176431, "count": 6, "std": 3.1789143895011307e-07, "range": 0.0 }, "geometry": { "type": "Polygon", "coordinates": [ [ [ 720900.0, 6179400.0 ], [ 720900.0, 6179500.0 ], [ 721000.0, 6179500.0 ], [ 721100.0, 6179500.0 ], [ 721200.0, 6179500.0 ], [ 721200.0, 6179400.0 ], [ 721200.0, 6179300.0 ], [ 721100.0, 6179300.0 ], [ 721000.0, 6179300.0 ], [ 720900.0, 6179300.0 ], [ 720900.0, 6179400.0 ] ] ] } },
{ "type": "Feature", "properties": { "Shape_Area": 130000.0, "Shape_Leng": 2000.0, "cluster_id": "101_1046", "fid_1": 1046.0, "id_munic": 1046.0, "munic_clus": "101_1046", "munic_code": 101.0, "min": 2.3877041339874268, "max": 2.3877041339874268, "mean": 2.3877041156475363, "count": 13, "std": 1.8339890495155942e-08, "range": 0.0 }, "geometry": { "type": "Polygon", "coordinates": [ [ [ 724400.0, 6176300.0 ], [ 724400.0, 6176200.0 ], [ 724300.0, 6176200.0 ], [ 724200.0, 6176200.0 ], [ 724200.0, 6176100.0 ], [ 724100.0, 6176100.0 ], [ 724000.0, 6176100.0 ], [ 724000.0, 6176200.0 ], [ 724100.0, 6176200.0 ], [ 724100.0, 6176300.0 ], [ 724100.0, 6176400.0 ], [ 724200.0, 6176400.0 ], [ 724200.0, 6176500.0 ], [ 724200.0, 6176600.0 ], [ 724300.0, 6176600.0 ], [ 724400.0, 6176600.0 ], [ 724500.0, 6176600.0 ], [ 724500.0, 6176500.0 ], [ 724400.0, 6176500.0 ], [ 724400.0, 6176400.0 ], [ 724400.0, 6176300.0 ] ] ] } },
{ "type": "Feature", "properties": { "Shape_Area": 50000.0, "Shape_Leng": 1000.0, "cluster_id": "101_1047", "fid_1": 1047.0, "id_munic": 1047.0, "munic_clus": "101_1047", "munic_code": 101.0, "min": 3.8980343341827393, "max": 3.8980343341827393, "mean": 3.8980342864990236, "count": 5, "std": 4.7683715642676816e-08, "range": 0.0 }, "geometry": { "type": "Polygon", "coordinates": [ [ [ 726400.0, 6173400.0 ], [ 726400.0, 6173300.0 ], [ 726500.0, 6173300.0 ], [ 726500.0, 6173200.0 ], [ 726400.0, 6173200.0 ], [ 726300.0, 6173200.0 ], [ 726200.0, 6173200.0 ], [ 726200.0, 6173300.0 ], [ 726200.0, 6173400.0 ], [ 726300.0, 6173400.0 ], [ 726400.0, 6173400.0 ] ] ] } },
{ "type": "Feature", "properties": { "Shape_Area": 230000.0, "Shape_Leng": 2400.0, "cluster_id": "101_1048", "fid_1": 1048.0, "id_munic": 1048.0, "munic_clus": "101_1048", "munic_code": 101.0, "min": 4.439521312713623, "max": 4.439521312713623, "mean": 4.4395211261251699, "count": 23, "std": 1.8658845313268557e-07, "range": 0.0 }, "geometry": { "type": "Polygon", "coordinates": [ [ [ 725200.0, 6175100.0 ], [ 725100.0, 6175100.0 ], [ 725100.0, 6175200.0 ], [ 725100.0, 6175300.0 ], [ 725200.0, 6175300.0 ], [ 725200.0, 6175400.0 ], [ 725300.0, 6175400.0 ], [ 725400.0, 6175400.0 ], [ 725500.0, 6175400.0 ], [ 725500.0, 6175300.0 ], [ 725600.0, 6175300.0 ], [ 725700.0, 6175300.0 ], [ 725700.0, 6175200.0 ], [ 725700.0, 6175100.0 ], [ 725700.0, 6175000.0 ], [ 725800.0, 6175000.0 ], [ 725800.0, 6174900.0 ], [ 725700.0, 6174900.0 ], [ 725600.0, 6174900.0 ], [ 725500.0, 6174900.0 ], [ 725500.0, 6175000.0 ], [ 725400.0, 6175000.0 ], [ 725300.0, 6175000.0 ], [ 725200.0, 6175000.0 ], [ 725200.0, 6175100.0 ] ] ] } },
{ "type": "Feature", "properties": { "Shape_Area": 110000.0, "Shape_Leng": 1600.0, "cluster_id": "101_1049", "fid_1": 1049.0, "id_munic": 1049.0, "munic_clus": "101_1049", "munic_code": 101.0, "min": 3.1399538516998291, "max": 3.1399538516998291, "mean": 3.1399539600719106, "count": 11, "std": 1.0837208153091638e-07, "range": 0.0 }, "geometry": { "type": "Polygon", "coordinates": [ [ [ 720200.0, 6172500.0 ], [ 720200.0, 6172600.0 ], [ 720200.0, 6172700.0 ], [ 720200.0, 6172800.0 ], [ 720300.0, 6172800.0 ], [ 720300.0, 6172700.0 ], [ 720400.0, 6172700.0 ], [ 720500.0, 6172700.0 ], [ 720600.0, 6172700.0 ], [ 720600.0, 6172600.0 ], [ 720500.0, 6172600.0 ], [ 720500.0, 6172500.0 ], [ 720500.0, 6172400.0 ], [ 720400.0, 6172400.0 ], [ 720300.0, 6172400.0 ], [ 720200.0, 6172400.0 ], [ 720200.0, 6172500.0 ] ] ] } },
{ "type": "Feature", "properties": { "Shape_Area": 50000.0, "Shape_Leng": 1000.0, "cluster_id": "101_1050", "fid_1": 1050.0, "id_munic": 1050.0, "munic_clus": "101_1050", "munic_code": 101.0, "min": 3.3823723793029785, "max": 3.3823723793029785, "mean": 3.3823722839355468, "count": 5, "std": 9.5367431729442842e-08, "range": 0.0 }, "geometry": { "type": "Polygon", "coordinates": [ [ [ 724900.0, 6174900.0 ], [ 724900.0, 6175000.0 ], [ 725000.0, 6175000.0 ], [ 725100.0, 6175000.0 ], [ 725100.0, 6174900.0 ], [ 725100.0, 6174800.0 ], [ 725000.0, 6174800.0 ], [ 724900.0, 6174800.0 ], [ 724800.0, 6174800.0 ], [ 724800.0, 6174900.0 ], [ 724900.0, 6174900.0 ] ] ] } },
{ "type": "Feature", "properties": { "Shape_Area": 40000.0, "Shape_Leng": 800.0, "cluster_id": "101_1051", "fid_1": 1051.0, "id_munic": 1051.0, "munic_clus": "101_1051", "munic_code": 101.0, "min": 3.6359553337097168, "max": 3.6359553337097168, "mean": 3.6359553337097168, "count": 4, "std": 0.0, "range": 0.0 }, "geometry": { "type": "Polygon", "coordinates": [ [ [ 727200.0, 6174200.0 ], [ 727300.0, 6174200.0 ], [ 727400.0, 6174200.0 ], [ 727400.0, 6174100.0 ], [ 727400.0, 6174000.0 ], [ 727300.0, 6174000.0 ], [ 727200.0, 6174000.0 ], [ 727200.0, 6174100.0 ], [ 727200.0, 6174200.0 ] ] ] } },
{ "type": "Feature", "properties": { "Shape_Area": 170000.0, "Shape_Leng": 2600.0, "cluster_id": "101_1052", "fid_1": 1052.0, "id_munic": 1052.0, "munic_clus": "101_1052", "munic_code": 101.0, "min": 3.3500504493713379, "max": 3.3500504493713379, "mean": 3.3500505335190716, "count": 17, "std": 8.4147733669936997e-08, "range": 0.0 }, "geometry": { "type": "Polygon", "coordinates": [ [ [ 720300.0, 6172100.0 ], [ 720300.0, 6172000.0 ], [ 720300.0, 6171900.0 ], [ 720300.0, 6171800.0 ], [ 720200.0, 6171800.0 ], [ 720200.0, 6171900.0 ], [ 720100.0, 6171900.0 ], [ 720000.0, 6171900.0 ], [ 720000.0, 6172000.0 ], [ 720000.0, 6172100.0 ], [ 719900.0, 6172100.0 ], [ 719900.0, 6172200.0 ], [ 719800.0, 6172200.0 ], [ 719700.0, 6172200.0 ], [ 719600.0, 6172200.0 ], [ 719600.0, 6172300.0 ], [ 719600.0, 6172400.0 ], [ 719700.0, 6172400.0 ], [ 719800.0, 6172400.0 ], [ 719900.0, 6172400.0 ], [ 719900.0, 6172300.0 ], [ 720000.0, 6172300.0 ], [ 720000.0, 6172200.0 ], [ 720100.0, 6172200.0 ], [ 720200.0, 6172200.0 ], [ 720200.0, 6172100.0 ], [ 720300.0, 6172100.0 ] ] ] } },
{ "type": "Feature", "properties": { "Shape_Area": 40000.0, "Shape_Leng": 800.0, "cluster_id": "101_1054", "fid_1": 1054.0, "id_munic": 1054.0, "munic_clus": "101_1054", "munic_code": 101.0, "min": 3.392869234085083, "max": 3.392869234085083, "mean": 3.392869234085083, "count": 4, "std": 0.0, "range": 0.0 }, "geometry": { "type": "Polygon", "coordinates": [ [ [ 723200.0, 6174900.0 ], [ 723300.0, 6174900.0 ], [ 723400.0, 6174900.0 ], [ 723400.0, 6174800.0 ], [ 723400.0, 6174700.0 ], [ 723300.0, 6174700.0 ], [ 723200.0, 6174700.0 ], [ 723200.0, 6174800.0 ], [ 723200.0, 6174900.0 ] ] ] } },
{ "type": "Feature", "properties": { "Shape_Area": 80000.0, "Shape_Leng": 1400.0, "cluster_id": "101_1055", "fid_1": 1055.0, "id_munic": 1055.0, "munic_clus": "101_1055", "munic_code": 101.0, "min": 2.6106297969818115, "max": 2.6106297969818115, "mean": 2.6106297969818115, "count": 8, "std": 0.0, "range": 0.0 }, "geometry": { "type": "Polygon", "coordinates": [ [ [ 718900.0, 6178900.0 ], [ 718800.0, 6178900.0 ], [ 718700.0, 6178900.0 ], [ 718600.0, 6178900.0 ], [ 718600.0, 6179000.0 ], [ 718600.0, 6179100.0 ], [ 718500.0, 6179100.0 ], [ 718500.0, 6179200.0 ], [ 718600.0, 6179200.0 ], [ 718700.0, 6179200.0 ], [ 718700.0, 6179100.0 ], [ 718800.0, 6179100.0 ], [ 718900.0, 6179100.0 ], [ 718900.0, 6179000.0 ], [ 718900.0, 6178900.0 ] ] ] } },
{ "type": "Feature", "properties": { "Shape_Area": 100000.0, "Shape_Leng": 1400.0, "cluster_id": "101_1056", "fid_1": 1056.0, "id_munic": 1056.0, "munic_clus": "101_1056", "munic_code": 101.0, "min": 3.5511500835418701, "max": 3.5511500835418701, "mean": 3.5511497497558593, "count": 10, "std": 3.3378601083100534e-07, "range": 0.0 }, "geometry": { "type": "Polygon", "coordinates": [ [ [ 721300.0, 6179100.0 ], [ 721300.0, 6179200.0 ], [ 721400.0, 6179200.0 ], [ 721400.0, 6179300.0 ], [ 721500.0, 6179300.0 ], [ 721600.0, 6179300.0 ], [ 721600.0, 6179200.0 ], [ 721700.0, 6179200.0 ], [ 721700.0, 6179100.0 ], [ 721700.0, 6179000.0 ], [ 721600.0, 6179000.0 ], [ 721500.0, 6179000.0 ], [ 721400.0, 6179000.0 ], [ 721300.0, 6179000.0 ], [ 721300.0, 6179100.0 ] ] ] } },
{ "type": "Feature", "properties": { "Shape_Area": 90000.0, "Shape_Leng": 1400.0, "cluster_id": "101_1057", "fid_1": 1057.0, "id_munic": 1057.0, "munic_clus": "101_1057", "munic_code": 101.0, "min": 3.3185606002807617, "max": 3.3185606002807617, "mean": 3.3185611300998263, "count": 9, "std": 5.2981906462079564e-07, "range": 0.0 }, "geometry": { "type": "Polygon", "coordinates": [ [ [ 719400.0, 6175100.0 ], [ 719300.0, 6175100.0 ], [ 719200.0, 6175100.0 ], [ 719100.0, 6175100.0 ], [ 719000.0, 6175100.0 ], [ 719000.0, 6175200.0 ], [ 719100.0, 6175200.0 ], [ 719100.0, 6175300.0 ], [ 719200.0, 6175300.0 ], [ 719200.0, 6175400.0 ], [ 719300.0, 6175400.0 ], [ 719400.0, 6175400.0 ], [ 719400.0, 6175300.0 ], [ 719400.0, 6175200.0 ], [ 719400.0, 6175100.0 ] ] ] } },
{ "type": "Feature", "properties": { "Shape_Area": 80000.0, "Shape_Leng": 1200.0, "cluster_id": "101_1058", "fid_1": 1058.0, "id_munic": 1058.0, "munic_clus": "101_1058", "munic_code": 101.0, "min": 4.2050991058349609, "max": 4.2050991058349609, "mean": 4.2050991058349609, "count": 8, "std": 0.0, "range": 0.0 }, "geometry": { "type": "Polygon", "coordinates": [ [ [ 721800.0, 6178300.0 ], [ 721700.0, 6178300.0 ], [ 721700.0, 6178400.0 ], [ 721600.0, 6178400.0 ], [ 721600.0, 6178500.0 ], [ 721600.0, 6178600.0 ], [ 721700.0, 6178600.0 ], [ 721800.0, 6178600.0 ], [ 721900.0, 6178600.0 ], [ 721900.0, 6178500.0 ], [ 721900.0, 6178400.0 ], [ 721900.0, 6178300.0 ], [ 721800.0, 6178300.0 ] ] ] } },
{ "type": "Feature", "properties": { "Shape_Area": 40000.0, "Shape_Leng": 800.0, "cluster_id": "101_1059", "fid_1": 1059.0, "id_munic": 1059.0, "munic_clus": "101_1059", "munic_code": 101.0, "min": 3.1284573078155518, "max": 3.1284573078155518, "mean": 3.1284573078155518, "count": 4, "std": 0.0, "range": 0.0 }, "geometry": { "type": "Polygon", "coordinates": [ [ [ 721000.0, 6178100.0 ], [ 721100.0, 6178100.0 ], [ 721200.0, 6178100.0 ], [ 721200.0, 6178000.0 ], [ 721200.0, 6177900.0 ], [ 721100.0, 6177900.0 ], [ 721000.0, 6177900.0 ], [ 721000.0, 6178000.0 ], [ 721000.0, 6178100.0 ] ] ] } },
{ "type": "Feature", "properties": { "Shape_Area": 40000.0, "Shape_Leng": 800.0, "cluster_id": "101_1060", "fid_1": 1060.0, "id_munic": 1060.0, "munic_clus": "101_1060", "munic_code": 101.0, "min": 3.012995719909668, "max": 3.012995719909668, "mean": 3.012995719909668, "count": 4, "std": 0.0, "range": 0.0 }, "geometry": { "type": "Polygon", "coordinates": [ [ [ 722500.0, 6178300.0 ], [ 722600.0, 6178300.0 ], [ 722700.0, 6178300.0 ], [ 722700.0, 6178200.0 ], [ 722700.0, 6178100.0 ], [ 722600.0, 6178100.0 ], [ 722500.0, 6178100.0 ], [ 722500.0, 6178200.0 ], [ 722500.0, 6178300.0 ] ] ] } },
{ "type": "Feature", "properties": { "Shape_Area": 410000.0, "Shape_Leng": 3600.0, "cluster_id": "101_1061", "fid_1": 1061.0, "id_munic": 1061.0, "munic_clus": "101_1061", "munic_code": 101.0, "min": 3.7290904521942139, "max": 3.7290904521942139, "mean": 3.7290902486661586, "count": 41, "std": 2.035280552981078e-07, "range": 0.0 }, "geometry": { "type": "Polygon", "coordinates": [ [ [ 719100.0, 6180300.0 ], [ 719200.0, 6180300.0 ], [ 719200.0, 6180400.0 ], [ 719200.0, 6180500.0 ], [ 719100.0, 6180500.0 ], [ 719000.0, 6180500.0 ], [ 719000.0, 6180600.0 ], [ 719000.0, 6180700.0 ], [ 719000.0, 6180800.0 ], [ 718900.0, 6180800.0 ], [ 718800.0, 6180800.0 ], [ 718800.0, 6180900.0 ], [ 718900.0, 6180900.0 ], [ 719000.0, 6180900.0 ], [ 719100.0, 6180900.0 ], [ 719200.0, 6180900.0 ], [ 719200.0, 6180800.0 ], [ 719300.0, 6180800.0 ], [ 719400.0, 6180800.0 ], [ 719500.0, 6180800.0 ], [ 719500.0, 6180700.0 ], [ 719600.0, 6180700.0 ], [ 719600.0, 6180600.0 ], [ 719700.0, 6180600.0 ], [ 719700.0, 6180500.0 ], [ 719700.0, 6180400.0 ], [ 719700.0, 6180300.0 ], [ 719600.0, 6180300.0 ], [ 719600.0, 6180200.0 ], [ 719500.0, 6180200.0 ], [ 719500.0, 6180100.0 ], [ 719400.0, 6180100.0 ], [ 719300.0, 6180100.0 ], [ 719200.0, 6180100.0 ], [ 719100.0, 6180100.0 ], [ 719100.0, 6180200.0 ], [ 719100.0, 6180300.0 ] ] ] } },
{ "type": "Feature", "properties": { "Shape_Area": 90000.0, "Shape_Leng": 1400.0, "cluster_id": "101_1063", "fid_1": 1063.0, "id_munic": 1063.0, "munic_clus": "101_1063", "munic_code": 101.0, "min": 2.702932596206665, "max": 2.702932596206665, "mean": 2.7029325697157116, "count": 9, "std": 2.6490953430879927e-08, "range": 0.0 }, "geometry": { "type": "Polygon", "coordinates": [ [ [ 722500.0, 6180700.0 ], [ 722600.0, 6180700.0 ], [ 722600.0, 6180800.0 ], [ 722700.0, 6180800.0 ], [ 722800.0, 6180800.0 ], [ 722800.0, 6180700.0 ], [ 722900.0, 6180700.0 ], [ 722900.0, 6180600.0 ], [ 722800.0, 6180600.0 ], [ 722800.0, 6180500.0 ], [ 722700.0, 6180500.0 ], [ 722600.0, 6180500.0 ], [ 722500.0, 6180500.0 ], [ 722500.0, 6180600.0 ], [ 722500.0, 6180700.0 ] ] ] } },
{ "type": "Feature", "properties": { "Shape_Area": 40000.0, "Shape_Leng": 800.0, "cluster_id": "101_1064", "fid_1": 1064.0, "id_munic": 1064.0, "munic_clus": "101_1064", "munic_code": 101.0, "min": 3.7635791301727295, "max": 3.7635791301727295, "mean": 3.7635791301727295, "count": 4, "std": 0.0, "range": 0.0 }, "geometry": { "type": "Polygon", "coordinates": [ [ [ 720000.0, 6172800.0 ], [ 720000.0, 6172900.0 ], [ 720100.0, 6172900.0 ], [ 720200.0, 6172900.0 ], [ 720200.0, 6172800.0 ], [ 720200.0, 6172700.0 ], [ 720100.0, 6172700.0 ], [ 720000.0, 6172700.0 ], [ 720000.0, 6172800.0 ] ] ] } },
{ "type": "Feature", "properties": { "Shape_Area": 110000.0, "Shape_Leng": 1600.0, "cluster_id": "101_1065", "fid_1": 1065.0, "id_munic": 1065.0, "munic_clus": "101_1065", "munic_code": 101.0, "min": 3.5683109760284424, "max": 3.5683109760284424, "mean": 3.5683108243075283, "count": 11, "std": 1.5172091405446508e-07, "range": 0.0 }, "geometry": { "type": "Polygon", "coordinates": [ [ [ 719200.0, 6175600.0 ], [ 719200.0, 6175700.0 ], [ 719300.0, 6175700.0 ], [ 719400.0, 6175700.0 ], [ 719500.0, 6175700.0 ], [ 719500.0, 6175800.0 ], [ 719600.0, 6175800.0 ], [ 719600.0, 6175700.0 ], [ 719600.0, 6175600.0 ], [ 719600.0, 6175500.0 ], [ 719600.0, 6175400.0 ], [ 719500.0, 6175400.0 ], [ 719400.0, 6175400.0 ], [ 719300.0, 6175400.0 ], [ 719300.0, 6175500.0 ], [ 719300.0, 6175600.0 ], [ 719200.0, 6175600.0 ] ] ] } },
{ "type": "Feature", "properties": { "Shape_Area": 60000.0, "Shape_Leng": 1000.0, "cluster_id": "101_1066", "fid_1": 1066.0, "id_munic": 1066.0, "munic_clus": "101_1066", "munic_code": 101.0, "min": 2.9018664360046387, "max": 2.9018664360046387, "mean": 2.9018665949503579, "count": 6, "std": 1.5894571925301193e-07, "range": 0.0 }, "geometry": { "type": "Polygon", "coordinates": [ [ [ 719600.0, 6175100.0 ], [ 719500.0, 6175100.0 ], [ 719400.0, 6175100.0 ], [ 719400.0, 6175200.0 ], [ 719400.0, 6175300.0 ], [ 719400.0, 6175400.0 ], [ 719500.0, 6175400.0 ], [ 719600.0, 6175400.0 ], [ 719600.0, 6175300.0 ], [ 719600.0, 6175200.0 ], [ 719600.0, 6175100.0 ] ] ] } },
{ "type": "Feature", "properties": { "Shape_Area": 270000.0, "Shape_Leng": 3200.0, "cluster_id": "101_1067", "fid_1": 1067.0, "id_munic": 1067.0, "munic_clus": "101_1067", "munic_code": 101.0, "min": 3.6749417781829834, "max": 3.6749417781829834, "mean": 3.6749417340313948, "count": 27, "std": 4.4151588607377334e-08, "range": 0.0 }, "geometry": { "type": "Polygon", "coordinates": [ [ [ 718500.0, 6177600.0 ], [ 718500.0, 6177500.0 ], [ 718600.0, 6177500.0 ], [ 718600.0, 6177400.0 ], [ 718600.0, 6177300.0 ], [ 718500.0, 6177300.0 ], [ 718500.0, 6177200.0 ], [ 718400.0, 6177200.0 ], [ 718300.0, 6177200.0 ], [ 718200.0, 6177200.0 ], [ 718100.0, 6177200.0 ], [ 718100.0, 6177300.0 ], [ 718100.0, 6177400.0 ], [ 718200.0, 6177400.0 ], [ 718200.0, 6177500.0 ], [ 718100.0, 6177500.0 ], [ 718100.0, 6177600.0 ], [ 718100.0, 6177700.0 ], [ 718000.0, 6177700.0 ], [ 718000.0, 6177800.0 ], [ 718000.0, 6177900.0 ], [ 718000.0, 6178000.0 ], [ 718000.0, 6178100.0 ], [ 718100.0, 6178100.0 ], [ 718100.0, 6178000.0 ], [ 718100.0, 6177900.0 ], [ 718100.0, 6177800.0 ], [ 718200.0, 6177800.0 ], [ 718300.0, 6177800.0 ], [ 718400.0, 6177800.0 ], [ 718400.0, 6177700.0 ], [ 718400.0, 6177600.0 ], [ 718500.0, 6177600.0 ] ] ] } },
{ "type": "Feature", "properties": { "Shape_Area": 170000.0, "Shape_Leng": 2400.0, "cluster_id": "101_1068", "fid_1": 1068.0, "id_munic": 1068.0, "munic_clus": "101_1068", "munic_code": 101.0, "min": 3.0094969272613525, "max": 3.0094969272613525, "mean": 3.0094970254337086, "count": 17, "std": 9.8172356022274698e-08, "range": 0.0 }, "geometry": { "type": "Polygon", "coordinates": [ [ [ 722300.0, 6178900.0 ], [ 722300.0, 6179000.0 ], [ 722300.0, 6179100.0 ], [ 722300.0, 6179200.0 ], [ 722300.0, 6179300.0 ], [ 722400.0, 6179300.0 ], [ 722400.0, 6179200.0 ], [ 722500.0, 6179200.0 ], [ 722500.0, 6179100.0 ], [ 722600.0, 6179100.0 ], [ 722600.0, 6179000.0 ], [ 722600.0, 6178900.0 ], [ 722500.0, 6178900.0 ], [ 722500.0, 6178800.0 ], [ 722500.0, 6178700.0 ], [ 722500.0, 6178600.0 ], [ 722400.0, 6178600.0 ], [ 722400.0, 6178500.0 ], [ 722400.0, 6178400.0 ], [ 722300.0, 6178400.0 ], [ 722300.0, 6178500.0 ], [ 722300.0, 6178600.0 ], [ 722300.0, 6178700.0 ], [ 722300.0, 6178800.0 ], [ 722300.0, 6178900.0 ] ] ] } },
{ "type": "Feature", "properties": { "Shape_Area": 40000.0, "Shape_Leng": 800.0, "cluster_id": "101_1069", "fid_1": 1069.0, "id_munic": 1069.0, "munic_clus": "101_1069", "munic_code": 101.0, "min": 3.7614133358001709, "max": 3.7614133358001709, "mean": 3.7614133358001709, "count": 4, "std": 0.0, "range": 0.0 }, "geometry": { "type": "Polygon", "coordinates": [ [ [ 726400.0, 6174200.0 ], [ 726400.0, 6174300.0 ], [ 726500.0, 6174300.0 ], [ 726600.0, 6174300.0 ], [ 726600.0, 6174200.0 ], [ 726600.0, 6174100.0 ], [ 726500.0, 6174100.0 ], [ 726400.0, 6174100.0 ], [ 726400.0, 6174200.0 ] ] ] } },
{ "type": "Feature", "properties": { "Shape_Area": 70000.0, "Shape_Leng": 1200.0, "cluster_id": "101_1070", "fid_1": 1070.0, "id_munic": 1070.0, "munic_clus": "101_1070", "munic_code": 101.0, "min": 2.810230016708374, "max": 2.810230016708374, "mean": 2.8102299826485768, "count": 7, "std": 3.4059797204832876e-08, "range": 0.0 }, "geometry": { "type": "Polygon", "coordinates": [ [ [ 719400.0, 6176100.0 ], [ 719500.0, 6176100.0 ], [ 719500.0, 6176000.0 ], [ 719500.0, 6175900.0 ], [ 719500.0, 6175800.0 ], [ 719500.0, 6175700.0 ], [ 719400.0, 6175700.0 ], [ 719300.0, 6175700.0 ], [ 719300.0, 6175800.0 ], [ 719300.0, 6175900.0 ], [ 719300.0, 6176000.0 ], [ 719400.0, 6176000.0 ], [ 719400.0, 6176100.0 ] ] ] } },
{ "type": "Feature", "properties": { "Shape_Area": 270000.0, "Shape_Leng": 2400.0, "cluster_id": "101_1071", "fid_1": 1071.0, "id_munic": 1071.0, "munic_clus": "101_1071", "munic_code": 101.0, "min": 3.1881039142608643, "max": 3.1881039142608643, "mean": 3.18810385244864, "count": 27, "std": 6.1812224227963952e-08, "range": 0.0 }, "geometry": { "type": "Polygon", "coordinates": [ [ [ 720300.0, 6179200.0 ], [ 720300.0, 6179100.0 ], [ 720200.0, 6179100.0 ], [ 720100.0, 6179100.0 ], [ 720000.0, 6179100.0 ], [ 719900.0, 6179100.0 ], [ 719800.0, 6179100.0 ], [ 719700.0, 6179100.0 ], [ 719600.0, 6179100.0 ], [ 719600.0, 6179200.0 ], [ 719600.0, 6179300.0 ], [ 719600.0, 6179400.0 ], [ 719700.0, 6179400.0 ], [ 719800.0, 6179400.0 ], [ 719800.0, 6179500.0 ], [ 719900.0, 6179500.0 ], [ 720000.0, 6179500.0 ], [ 720100.0, 6179500.0 ], [ 720100.0, 6179600.0 ], [ 720200.0, 6179600.0 ], [ 720200.0, 6179500.0 ], [ 720300.0, 6179500.0 ], [ 720300.0, 6179400.0 ], [ 720300.0, 6179300.0 ], [ 720300.0, 6179200.0 ] ] ] } },
{ "type": "Feature", "properties": { "Shape_Area": 20000.0, "Shape_Leng": 600.0, "cluster_id": "101_1073", "fid_1": 1073.0, "id_munic": 1073.0, "munic_clus": "101_1073", "munic_code": 101.0, "min": 2.9036986827850342, "max": 2.9036986827850342, "mean": 2.9036986827850342, "count": 2, "std": 0.0, "range": 0.0 }, "geometry": { "type": "Polygon", "coordinates": [ [ [ 726600.0, 6175000.0 ], [ 726700.0, 6175000.0 ], [ 726800.0, 6175000.0 ], [ 726800.0, 6174900.0 ], [ 726700.0, 6174900.0 ], [ 726600.0, 6174900.0 ], [ 726600.0, 6175000.0 ] ] ] } },
{ "type": "Feature", "properties": { "Shape_Area": 50000.0, "Shape_Leng": 1200.0, "cluster_id": "101_1074", "fid_1": 1074.0, "id_munic": 1074.0, "munic_clus": "101_1074", "munic_code": 101.0, "min": 3.0529825687408447, "max": 3.0529825687408447, "mean": 3.0529827117919921, "count": 5, "std": 1.4305114737211966e-07, "range": 0.0 }, "geometry": { "type": "Polygon", "coordinates": [ [ [ 724800.0, 6177500.0 ], [ 724800.0, 6177600.0 ], [ 724800.0, 6177700.0 ], [ 724900.0, 6177700.0 ], [ 724900.0, 6177600.0 ], [ 724900.0, 6177500.0 ], [ 724900.0, 6177400.0 ], [ 724800.0, 6177400.0 ], [ 724800.0, 6177300.0 ], [ 724700.0, 6177300.0 ], [ 724700.0, 6177400.0 ], [ 724700.0, 6177500.0 ], [ 724800.0, 6177500.0 ] ] ] } },
{ "type": "Feature", "properties": { "Shape_Area": 60000.0, "Shape_Leng": 1200.0, "cluster_id": "101_1075", "fid_1": 1075.0, "id_munic": 1075.0, "munic_clus": "101_1075", "munic_code": 101.0, "min": 3.2455849647521973, "max": 3.2455849647521973, "mean": 3.2455851236979165, "count": 6, "std": 1.5894571925301193e-07, "range": 0.0 }, "geometry": { "type": "Polygon", "coordinates": [ [ [ 723700.0, 6179200.0 ], [ 723600.0, 6179200.0 ], [ 723600.0, 6179300.0 ], [ 723600.0, 6179400.0 ], [ 723700.0, 6179400.0 ], [ 723700.0, 6179500.0 ], [ 723800.0, 6179500.0 ], [ 723900.0, 6179500.0 ], [ 723900.0, 6179400.0 ], [ 723800.0, 6179400.0 ], [ 723800.0, 6179300.0 ], [ 723800.0, 6179200.0 ], [ 723700.0, 6179200.0 ] ] ] } },
{ "type": "Feature", "properties": { "Shape_Area": 40000.0, "Shape_Leng": 800.0, "cluster_id": "101_1076", "fid_1": 1076.0, "id_munic": 1076.0, "munic_clus": "101_1076", "munic_code": 101.0, "min": 3.4088637828826904, "max": 3.4088637828826904, "mean": 3.4088637828826904, "count": 4, "std": 0.0, "range": 0.0 }, "geometry": { "type": "Polygon", "coordinates": [ [ [ 725200.0, 6179000.0 ], [ 725100.0, 6179000.0 ], [ 725000.0, 6179000.0 ], [ 725000.0, 6179100.0 ], [ 725000.0, 6179200.0 ], [ 725100.0, 6179200.0 ], [ 725200.0, 6179200.0 ], [ 725200.0, 6179100.0 ], [ 725200.0, 6179000.0 ] ] ] } },
{ "type": "Feature", "properties": { "Shape_Area": 100000.0, "Shape_Leng": 1800.0, "cluster_id": "101_1077", "fid_1": 1077.0, "id_munic": 1077.0, "munic_clus": "101_1077", "munic_code": 101.0, "min": 4.1912708282470703, "max": 4.1912708282470703, "mean": 4.1912704467773434, "count": 10, "std": 3.8146972691777142e-07, "range": 0.0 }, "geometry": { "type": "Polygon", "coordinates": [ [ [ 725800.0, 6175500.0 ], [ 725700.0, 6175500.0 ], [ 725700.0, 6175600.0 ], [ 725600.0, 6175600.0 ], [ 725600.0, 6175700.0 ], [ 725600.0, 6175800.0 ], [ 725700.0, 6175800.0 ], [ 725700.0, 6175900.0 ], [ 725700.0, 6176000.0 ], [ 725800.0, 6176000.0 ], [ 725800.0, 6175900.0 ], [ 725900.0, 6175900.0 ], [ 725900.0, 6175800.0 ], [ 725900.0, 6175700.0 ], [ 725800.0, 6175700.0 ], [ 725800.0, 6175600.0 ], [ 725900.0, 6175600.0 ], [ 725900.0, 6175500.0 ], [ 725800.0, 6175500.0 ] ] ] } },
{ "type": "Feature", "properties": { "Shape_Area": 50000.0, "Shape_Leng": 1000.0, "cluster_id": "101_1078", "fid_1": 1078.0, "id_munic": 1078.0, "munic_clus": "101_1078", "munic_code": 101.0, "min": 3.3472177982330322, "max": 3.3472177982330322, "mean": 3.3472179412841796, "count": 5, "std": 1.4305114737211966e-07, "range": 0.0 }, "geometry": { "type": "Polygon", "coordinates": [ [ [ 725700.0, 6175800.0 ], [ 725600.0, 6175800.0 ], [ 725500.0, 6175800.0 ], [ 725500.0, 6175900.0 ], [ 725500.0, 6176000.0 ], [ 725500.0, 6176100.0 ], [ 725600.0, 6176100.0 ], [ 725600.0, 6176000.0 ], [ 725700.0, 6176000.0 ], [ 725700.0, 6175900.0 ], [ 725700.0, 6175800.0 ] ] ] } },
{ "type": "Feature", "properties": { "Shape_Area": 160000.0, "Shape_Leng": 2600.0, "cluster_id": "101_1079", "fid_1": 1079.0, "id_munic": 1079.0, "munic_clus": "101_1079", "munic_code": 101.0, "min": 2.7835721969604492, "max": 2.7835721969604492, "mean": 2.7835721969604492, "count": 16, "std": 0.0, "range": 0.0 }, "geometry": { "type": "Polygon", "coordinates": [ [ [ 721200.0, 6177700.0 ], [ 721200.0, 6177800.0 ], [ 721200.0, 6177900.0 ], [ 721200.0, 6178000.0 ], [ 721300.0, 6178000.0 ], [ 721300.0, 6177900.0 ], [ 721400.0, 6177900.0 ], [ 721500.0, 6177900.0 ], [ 721500.0, 6178000.0 ], [ 721600.0, 6178000.0 ], [ 721600.0, 6177900.0 ], [ 721700.0, 6177900.0 ], [ 721700.0, 6177800.0 ], [ 721600.0, 6177800.0 ], [ 721500.0, 6177800.0 ], [ 721500.0, 6177700.0 ], [ 721400.0, 6177700.0 ], [ 721400.0, 6177600.0 ], [ 721300.0, 6177600.0 ], [ 721300.0, 6177500.0 ], [ 721200.0, 6177500.0 ], [ 721200.0, 6177400.0 ], [ 721100.0, 6177400.0 ], [ 721100.0, 6177500.0 ], [ 721100.0, 6177600.0 ], [ 721100.0, 6177700.0 ], [ 721200.0, 6177700.0 ] ] ] } },
{ "type": "Feature", "properties": { "Shape_Area": 30000.0, "Shape_Leng": 800.0, "cluster_id": "101_1081", "fid_1": 1081.0, "id_munic": 1081.0, "munic_clus": "101_1081", "munic_code": 101.0, "min": 4.1511173248291016, "max": 4.1511173248291016, "mean": 4.1511173248291016, "count": 3, "std": 0.0, "range": 0.0 }, "geometry": { "type": "Polygon", "coordinates": [ [ [ 723300.0, 6177600.0 ], [ 723400.0, 6177600.0 ], [ 723500.0, 6177600.0 ], [ 723500.0, 6177500.0 ], [ 723400.0, 6177500.0 ], [ 723300.0, 6177500.0 ], [ 723200.0, 6177500.0 ], [ 723200.0, 6177600.0 ], [ 723300.0, 6177600.0 ] ] ] } },
{ "type": "Feature", "properties": { "Shape_Area": 30000.0, "Shape_Leng": 800.0, "cluster_id": "101_1082", "fid_1": 1082.0, "id_munic": 1082.0, "munic_clus": "101_1082", "munic_code": 101.0, "min": 2.7959020137786865, "max": 2.7959020137786865, "mean": 2.7959019343058267, "count": 3, "std": 7.947285984855057e-08, "range": 0.0 }, "geometry": { "type": "Polygon", "coordinates": [ [ [ 718400.0, 6179200.0 ], [ 718400.0, 6179300.0 ], [ 718500.0, 6179300.0 ], [ 718600.0, 6179300.0 ], [ 718600.0, 6179200.0 ], [ 718500.0, 6179200.0 ], [ 718500.0, 6179100.0 ], [ 718400.0, 6179100.0 ], [ 718400.0, 6179200.0 ] ] ] } },
{ "type": "Feature", "properties": { "Shape_Area": 20000.0, "Shape_Leng": 600.0, "cluster_id": "101_1083", "fid_1": 1083.0, "id_munic": 1083.0, "munic_clus": "101_1083", "munic_code": 101.0, "min": 2.8310568332672119, "max": 2.8310568332672119, "mean": 2.8310568332672119, "count": 2, "std": 0.0, "range": 0.0 }, "geometry": { "type": "Polygon", "coordinates": [ [ [ 720100.0, 6177500.0 ], [ 720100.0, 6177600.0 ], [ 720200.0, 6177600.0 ], [ 720200.0, 6177500.0 ], [ 720200.0, 6177400.0 ], [ 720100.0, 6177400.0 ], [ 720100.0, 6177500.0 ] ] ] } },
{ "type": "Feature", "properties": { "Shape_Area": 60000.0, "Shape_Leng": 1200.0, "cluster_id": "101_1084", "fid_1": 1084.0, "id_munic": 1084.0, "munic_clus": "101_1084", "munic_code": 101.0, "min": 2.9841725826263428, "max": 2.9841725826263428, "mean": 2.9841725031534829, "count": 6, "std": 7.947285984855057e-08, "range": 0.0 }, "geometry": { "type": "Polygon", "coordinates": [ [ [ 718600.0, 6176000.0 ], [ 718500.0, 6176000.0 ], [ 718500.0, 6176100.0 ], [ 718400.0, 6176100.0 ], [ 718400.0, 6176200.0 ], [ 718500.0, 6176200.0 ], [ 718600.0, 6176200.0 ], [ 718700.0, 6176200.0 ], [ 718800.0, 6176200.0 ], [ 718800.0, 6176100.0 ], [ 718700.0, 6176100.0 ], [ 718700.0, 6176000.0 ], [ 718600.0, 6176000.0 ] ] ] } },
{ "type": "Feature", "properties": { "Shape_Area": 30000.0, "Shape_Leng": 800.0, "cluster_id": "101_1085", "fid_1": 1085.0, "id_munic": 1085.0, "munic_clus": "101_1085", "munic_code": 101.0, "min": 2.6927692890167236, "max": 2.6927692890167236, "mean": 2.6927693684895835, "count": 3, "std": 7.947285984855057e-08, "range": 0.0 }, "geometry": { "type": "Polygon", "coordinates": [ [ [ 721400.0, 6174400.0 ], [ 721400.0, 6174500.0 ], [ 721500.0, 6174500.0 ], [ 721500.0, 6174400.0 ], [ 721500.0, 6174300.0 ], [ 721400.0, 6174300.0 ], [ 721300.0, 6174300.0 ], [ 721300.0, 6174400.0 ], [ 721400.0, 6174400.0 ] ] ] } },
{ "type": "Feature", "properties": { "Shape_Area": 100000.0, "Shape_Leng": 1400.0, "cluster_id": "101_1086", "fid_1": 1086.0, "id_munic": 1086.0, "munic_clus": "101_1086", "munic_code": 101.0, "min": 3.1122961044311523, "max": 3.1122961044311523, "mean": 3.1122962951660158, "count": 10, "std": 1.9073486345888571e-07, "range": 0.0 }, "geometry": { "type": "Polygon", "coordinates": [ [ [ 723500.0, 6178500.0 ], [ 723400.0, 6178500.0 ], [ 723300.0, 6178500.0 ], [ 723300.0, 6178600.0 ], [ 723300.0, 6178700.0 ], [ 723300.0, 6178800.0 ], [ 723300.0, 6178900.0 ], [ 723300.0, 6179000.0 ], [ 723400.0, 6179000.0 ], [ 723500.0, 6179000.0 ], [ 723500.0, 6178900.0 ], [ 723500.0, 6178800.0 ], [ 723500.0, 6178700.0 ], [ 723500.0, 6178600.0 ], [ 723500.0, 6178500.0 ] ] ] } },
{ "type": "Feature", "properties": { "Shape_Area": 130000.0, "Shape_Leng": 1800.0, "cluster_id": "101_1087", "fid_1": 1087.0, "id_munic": 1087.0, "munic_clus": "101_1087", "munic_code": 101.0, "min": 4.3423867225646973, "max": 4.3423867225646973, "mean": 4.3423869793231669, "count": 13, "std": 2.5675846959671844e-07, "range": 0.0 }, "geometry": { "type": "Polygon", "coordinates": [ [ [ 721400.0, 6173300.0 ], [ 721500.0, 6173300.0 ], [ 721500.0, 6173400.0 ], [ 721500.0, 6173500.0 ], [ 721600.0, 6173500.0 ], [ 721700.0, 6173500.0 ], [ 721700.0, 6173600.0 ], [ 721800.0, 6173600.0 ], [ 721800.0, 6173500.0 ], [ 721800.0, 6173400.0 ], [ 721800.0, 6173300.0 ], [ 721700.0, 6173300.0 ], [ 721700.0, 6173200.0 ], [ 721700.0, 6173100.0 ], [ 721600.0, 6173100.0 ], [ 721500.0, 6173100.0 ], [ 721400.0, 6173100.0 ], [ 721400.0, 6173200.0 ], [ 721400.0, 6173300.0 ] ] ] } },
{ "type": "Feature", "properties": { "Shape_Area": 60000.0, "Shape_Leng": 1000.0, "cluster_id": "101_1088", "fid_1": 1088.0, "id_munic": 1088.0, "munic_clus": "101_1088", "munic_code": 101.0, "min": 3.3158950805664062, "max": 3.3158950805664062, "mean": 3.3158950805664062, "count": 6, "std": 0.0, "range": 0.0 }, "geometry": { "type": "Polygon", "coordinates": [ [ [ 718800.0, 6176500.0 ], [ 718700.0, 6176500.0 ], [ 718700.0, 6176600.0 ], [ 718700.0, 6176700.0 ], [ 718700.0, 6176800.0 ], [ 718800.0, 6176800.0 ], [ 718900.0, 6176800.0 ], [ 718900.0, 6176700.0 ], [ 718900.0, 6176600.0 ], [ 718900.0, 6176500.0 ], [ 718800.0, 6176500.0 ] ] ] } },
{ "type": "Feature", "properties": { "Shape_Area": 20000.0, "Shape_Leng": 600.0, "cluster_id": "101_1089", "fid_1": 1089.0, "id_munic": 1089.0, "munic_clus": "101_1089", "munic_code": 101.0, "min": 3.0866379737854004, "max": 3.0866379737854004, "mean": 3.0866379737854004, "count": 2, "std": 0.0, "range": 0.0 }, "geometry": { "type": "Polygon", "coordinates": [ [ [ 724100.0, 6180000.0 ], [ 724200.0, 6180000.0 ], [ 724300.0, 6180000.0 ], [ 724300.0, 6179900.0 ], [ 724200.0, 6179900.0 ], [ 724100.0, 6179900.0 ], [ 724100.0, 6180000.0 ] ] ] } },
{ "type": "Feature", "properties": { "Shape_Area": 240000.0, "Shape_Leng": 2800.0, "cluster_id": "101_1090", "fid_1": 1090.0, "id_munic": 1090.0, "munic_clus": "101_1090", "munic_code": 101.0, "min": 2.7327561378479004, "max": 2.7327561378479004, "mean": 2.7327559789021811, "count": 24, "std": 1.5894571925301193e-07, "range": 0.0 }, "geometry": { "type": "Polygon", "coordinates": [ [ [ 724000.0, 6179000.0 ], [ 724000.0, 6179100.0 ], [ 723900.0, 6179100.0 ], [ 723800.0, 6179100.0 ], [ 723800.0, 6179200.0 ], [ 723900.0, 6179200.0 ], [ 724000.0, 6179200.0 ], [ 724000.0, 6179300.0 ], [ 724000.0, 6179400.0 ], [ 724100.0, 6179400.0 ], [ 724100.0, 6179300.0 ], [ 724200.0, 6179300.0 ], [ 724300.0, 6179300.0 ], [ 724400.0, 6179300.0 ], [ 724400.0, 6179200.0 ], [ 724500.0, 6179200.0 ], [ 724500.0, 6179100.0 ], [ 724600.0, 6179100.0 ], [ 724600.0, 6179000.0 ], [ 724500.0, 6179000.0 ], [ 724500.0, 6178900.0 ], [ 724400.0, 6178900.0 ], [ 724400.0, 6178800.0 ], [ 724300.0, 6178800.0 ], [ 724200.0, 6178800.0 ], [ 724200.0, 6178900.0 ], [ 724100.0, 6178900.0 ], [ 724100.0, 6179000.0 ], [ 724000.0, 6179000.0 ] ] ] } },
{ "type": "Feature", "properties": { "Shape_Area": 20000.0, "Shape_Leng": 600.0, "cluster_id": "101_1091", "fid_1": 1091.0, "id_munic": 1091.0, "munic_clus": "101_1091", "munic_code": 101.0, "min": 3.215761661529541, "max": 3.215761661529541, "mean": 3.215761661529541, "count": 2, "std": 0.0, "range": 0.0 }, "geometry": { "type": "Polygon", "coordinates": [ [ [ 721200.0, 6174100.0 ], [ 721200.0, 6174200.0 ], [ 721300.0, 6174200.0 ], [ 721300.0, 6174100.0 ], [ 721300.0, 6174000.0 ], [ 721200.0, 6174000.0 ], [ 721200.0, 6174100.0 ] ] ] } },
{ "type": "Feature", "properties": { "Shape_Area": 40000.0, "Shape_Leng": 800.0, "cluster_id": "101_1092", "fid_1": 1092.0, "id_munic": 1092.0, "munic_clus": "101_1092", "munic_code": 101.0, "min": 3.5394876003265381, "max": 3.5394876003265381, "mean": 3.5394876003265381, "count": 4, "std": 0.0, "range": 0.0 }, "geometry": { "type": "Polygon", "coordinates": [ [ [ 727000.0, 6174500.0 ], [ 726900.0, 6174500.0 ], [ 726800.0, 6174500.0 ], [ 726800.0, 6174600.0 ], [ 726800.0, 6174700.0 ], [ 726900.0, 6174700.0 ], [ 727000.0, 6174700.0 ], [ 727000.0, 6174600.0 ], [ 727000.0, 6174500.0 ] ] ] } },
{ "type": "Feature", "properties": { "Shape_Area": 20000.0, "Shape_Leng": 600.0, "cluster_id": "101_1093", "fid_1": 1093.0, "id_munic": 1093.0, "munic_clus": "101_1093", "munic_code": 101.0, "min": 3.2582476139068604, "max": 3.2582476139068604, "mean": 3.2582476139068604, "count": 2, "std": 0.0, "range": 0.0 }, "geometry": { "type": "Polygon", "coordinates": [ [ [ 722900.0, 6177800.0 ], [ 723000.0, 6177800.0 ], [ 723100.0, 6177800.0 ], [ 723100.0, 6177700.0 ], [ 723000.0, 6177700.0 ], [ 722900.0, 6177700.0 ], [ 722900.0, 6177800.0 ] ] ] } },
{ "type": "Feature", "properties": { "Shape_Area": 30000.0, "Shape_Leng": 800.0, "cluster_id": "101_1094", "fid_1": 1094.0, "id_munic": 1094.0, "munic_clus": "101_1094", "munic_code": 101.0, "min": 2.6446187496185303, "max": 2.6446187496185303, "mean": 2.6446186701456704, "count": 3, "std": 7.947285984855057e-08, "range": 0.0 }, "geometry": { "type": "Polygon", "coordinates": [ [ [ 727900.0, 6172800.0 ], [ 727900.0, 6172900.0 ], [ 728000.0, 6172900.0 ], [ 728000.0, 6172800.0 ], [ 728000.0, 6172700.0 ], [ 728000.0, 6172600.0 ], [ 727900.0, 6172600.0 ], [ 727900.0, 6172700.0 ], [ 727900.0, 6172800.0 ] ] ] } },
{ "type": "Feature", "properties": { "Shape_Area": 30000.0, "Shape_Leng": 800.0, "cluster_id": "101_1095", "fid_1": 1095.0, "id_munic": 1095.0, "munic_clus": "101_1095", "munic_code": 101.0, "min": 2.652116060256958, "max": 2.652116060256958, "mean": 2.6521161397298179, "count": 3, "std": 7.947285984855057e-08, "range": 0.0 }, "geometry": { "type": "Polygon", "coordinates": [ [ [ 725000.0, 6174800.0 ], [ 725100.0, 6174800.0 ], [ 725200.0, 6174800.0 ], [ 725200.0, 6174700.0 ], [ 725100.0, 6174700.0 ], [ 725000.0, 6174700.0 ], [ 724900.0, 6174700.0 ], [ 724900.0, 6174800.0 ], [ 725000.0, 6174800.0 ] ] ] } },
{ "type": "Feature", "properties": { "Shape_Area": 40000.0, "Shape_Leng": 1000.0, "cluster_id": "101_1097", "fid_1": 1097.0, "id_munic": 1097.0, "munic_clus": "101_1097", "munic_code": 101.0, "min": 2.94451904296875, "max": 2.94451904296875, "mean": 2.94451904296875, "count": 4, "std": 0.0, "range": 0.0 }, "geometry": { "type": "Polygon", "coordinates": [ [ [ 719200.0, 6176500.0 ], [ 719200.0, 6176400.0 ], [ 719300.0, 6176400.0 ], [ 719300.0, 6176300.0 ], [ 719200.0, 6176300.0 ], [ 719100.0, 6176300.0 ], [ 719100.0, 6176400.0 ], [ 719000.0, 6176400.0 ], [ 719000.0, 6176500.0 ], [ 719100.0, 6176500.0 ], [ 719200.0, 6176500.0 ] ] ] } },
{ "type": "Feature", "properties": { "Shape_Area": 70000.0, "Shape_Leng": 1400.0, "cluster_id": "101_1099", "fid_1": 1099.0, "id_munic": 1099.0, "munic_clus": "101_1099", "munic_code": 101.0, "min": 3.2504167556762695, "max": 3.2504167556762695, "mean": 3.2504168919154575, "count": 7, "std": 1.3623918793115308e-07, "range": 0.0 }, "geometry": { "type": "Polygon", "coordinates": [ [ [ 720100.0, 6174500.0 ], [ 720200.0, 6174500.0 ], [ 720300.0, 6174500.0 ], [ 720300.0, 6174400.0 ], [ 720200.0, 6174400.0 ], [ 720100.0, 6174400.0 ], [ 720100.0, 6174300.0 ], [ 720000.0, 6174300.0 ], [ 719900.0, 6174300.0 ], [ 719900.0, 6174400.0 ], [ 719800.0, 6174400.0 ], [ 719800.0, 6174500.0 ], [ 719900.0, 6174500.0 ], [ 720000.0, 6174500.0 ], [ 720100.0, 6174500.0 ] ] ] } },
{ "type": "Feature", "properties": { "Shape_Area": 110000.0, "Shape_Leng": 1600.0, "cluster_id": "101_1100", "fid_1": 1100.0, "id_munic": 1100.0, "munic_clus": "101_1100", "munic_code": 101.0, "min": 3.0023329257965088, "max": 3.0023329257965088, "mean": 3.0023328607732598, "count": 11, "std": 6.5023249007367667e-08, "range": 0.0 }, "geometry": { "type": "Polygon", "coordinates": [ [ [ 722300.0, 6174300.0 ], [ 722300.0, 6174400.0 ], [ 722300.0, 6174500.0 ], [ 722300.0, 6174600.0 ], [ 722300.0, 6174700.0 ], [ 722400.0, 6174700.0 ], [ 722500.0, 6174700.0 ], [ 722500.0, 6174800.0 ], [ 722600.0, 6174800.0 ], [ 722600.0, 6174700.0 ], [ 722600.0, 6174600.0 ], [ 722600.0, 6174500.0 ], [ 722500.0, 6174500.0 ], [ 722500.0, 6174400.0 ], [ 722500.0, 6174300.0 ], [ 722400.0, 6174300.0 ], [ 722300.0, 6174300.0 ] ] ] } },
{ "type": "Feature", "properties": { "Shape_Area": 20000.0, "Shape_Leng": 600.0, "cluster_id": "101_1101", "fid_1": 1101.0, "id_munic": 1101.0, "munic_clus": "101_1101", "munic_code": 101.0, "min": 3.2437524795532227, "max": 3.2437524795532227, "mean": 3.2437524795532227, "count": 2, "std": 0.0, "range": 0.0 }, "geometry": { "type": "Polygon", "coordinates": [ [ [ 722100.0, 6172700.0 ], [ 722200.0, 6172700.0 ], [ 722300.0, 6172700.0 ], [ 722300.0, 6172600.0 ], [ 722200.0, 6172600.0 ], [ 722100.0, 6172600.0 ], [ 722100.0, 6172700.0 ] ] ] } },
{ "type": "Feature", "properties": { "Shape_Area": 50000.0, "Shape_Leng": 1000.0, "cluster_id": "101_1102", "fid_1": 1102.0, "id_munic": 1102.0, "munic_clus": "101_1102", "munic_code": 101.0, "min": 3.4445185661315918, "max": 3.4445185661315918, "mean": 3.4445186614990235, "count": 5, "std": 9.5367431729442842e-08, "range": 0.0 }, "geometry": { "type": "Polygon", "coordinates": [ [ [ 719300.0, 6174900.0 ], [ 719200.0, 6174900.0 ], [ 719100.0, 6174900.0 ], [ 719100.0, 6175000.0 ], [ 719100.0, 6175100.0 ], [ 719200.0, 6175100.0 ], [ 719300.0, 6175100.0 ], [ 719400.0, 6175100.0 ], [ 719400.0, 6175000.0 ], [ 719300.0, 6175000.0 ], [ 719300.0, 6174900.0 ] ] ] } },
{ "type": "Feature", "properties": { "Shape_Area": 20000.0, "Shape_Leng": 600.0, "cluster_id": "101_1103", "fid_1": 1103.0, "id_munic": 1103.0, "munic_clus": "101_1103", "munic_code": 101.0, "min": 2.721759557723999, "max": 2.721759557723999, "mean": 2.721759557723999, "count": 2, "std": 0.0, "range": 0.0 }, "geometry": { "type": "Polygon", "coordinates": [ [ [ 718800.0, 6176200.0 ], [ 718900.0, 6176200.0 ], [ 719000.0, 6176200.0 ], [ 719000.0, 6176100.0 ], [ 718900.0, 6176100.0 ], [ 718800.0, 6176100.0 ], [ 718800.0, 6176200.0 ] ] ] } },
{ "type": "Feature", "properties": { "Shape_Area": 80000.0, "Shape_Leng": 1600.0, "cluster_id": "101_1104", "fid_1": 1104.0, "id_munic": 1104.0, "munic_clus": "101_1104", "munic_code": 101.0, "min": 3.0759754180908203, "max": 3.0759754180908203, "mean": 3.0759754180908203, "count": 8, "std": 0.0, "range": 0.0 }, "geometry": { "type": "Polygon", "coordinates": [ [ [ 721100.0, 6179300.0 ], [ 721200.0, 6179300.0 ], [ 721200.0, 6179400.0 ], [ 721300.0, 6179400.0 ], [ 721300.0, 6179500.0 ], [ 721300.0, 6179600.0 ], [ 721400.0, 6179600.0 ], [ 721400.0, 6179500.0 ], [ 721400.0, 6179400.0 ], [ 721500.0, 6179400.0 ], [ 721500.0, 6179300.0 ], [ 721400.0, 6179300.0 ], [ 721400.0, 6179200.0 ], [ 721300.0, 6179200.0 ], [ 721200.0, 6179200.0 ], [ 721100.0, 6179200.0 ], [ 721100.0, 6179300.0 ] ] ] } },
{ "type": "Feature", "properties": { "Shape_Area": 20000.0, "Shape_Leng": 600.0, "cluster_id": "101_1105", "fid_1": 1105.0, "id_munic": 1105.0, "munic_clus": "101_1105", "munic_code": 101.0, "min": 3.1604468822479248, "max": 3.1604468822479248, "mean": 3.1604468822479248, "count": 2, "std": 0.0, "range": 0.0 }, "geometry": { "type": "Polygon", "coordinates": [ [ [ 720600.0, 6177600.0 ], [ 720700.0, 6177600.0 ], [ 720800.0, 6177600.0 ], [ 720800.0, 6177500.0 ], [ 720700.0, 6177500.0 ], [ 720600.0, 6177500.0 ], [ 720600.0, 6177600.0 ] ] ] } },
{ "type": "Feature", "properties": { "Shape_Area": 30000.0, "Shape_Leng": 800.0, "cluster_id": "101_1106", "fid_1": 1106.0, "id_munic": 1106.0, "munic_clus": "101_1106", "munic_code": 101.0, "min": 3.557647705078125, "max": 3.557647705078125, "mean": 3.557647705078125, "count": 3, "std": 0.0, "range": 0.0 }, "geometry": { "type": "Polygon", "coordinates": [ [ [ 719300.0, 6177000.0 ], [ 719400.0, 6177000.0 ], [ 719500.0, 6177000.0 ], [ 719600.0, 6177000.0 ], [ 719600.0, 6176900.0 ], [ 719500.0, 6176900.0 ], [ 719400.0, 6176900.0 ], [ 719300.0, 6176900.0 ], [ 719300.0, 6177000.0 ] ] ] } },
{ "type": "Feature", "properties": { "Shape_Area": 40000.0, "Shape_Leng": 1000.0, "cluster_id": "101_1107", "fid_1": 1107.0, "id_munic": 1107.0, "munic_clus": "101_1107", "munic_code": 101.0, "min": 2.6769411563873291, "max": 2.6769411563873291, "mean": 2.6769411563873291, "count": 4, "std": 0.0, "range": 0.0 }, "geometry": { "type": "Polygon", "coordinates": [ [ [ 719900.0, 6177400.0 ], [ 719900.0, 6177500.0 ], [ 719900.0, 6177600.0 ], [ 720000.0, 6177600.0 ], [ 720000.0, 6177500.0 ], [ 720100.0, 6177500.0 ], [ 720100.0, 6177400.0 ], [ 720000.0, 6177400.0 ], [ 720000.0, 6177300.0 ], [ 719900.0, 6177300.0 ], [ 719900.0, 6177400.0 ] ] ] } },
{ "type": "Feature", "properties": { "Shape_Area": 70000.0, "Shape_Leng": 1200.0, "cluster_id": "101_1108", "fid_1": 1108.0, "id_munic": 1108.0, "munic_clus": "101_1108", "munic_code": 101.0, "min": 3.4516828060150146, "max": 3.4516828060150146, "mean": 3.4516827719552174, "count": 7, "std": 3.4059797204832876e-08, "range": 0.0 }, "geometry": { "type": "Polygon", "coordinates": [ [ [ 718400.0, 6179000.0 ], [ 718400.0, 6179100.0 ], [ 718500.0, 6179100.0 ], [ 718600.0, 6179100.0 ], [ 718600.0, 6179000.0 ], [ 718600.0, 6178900.0 ], [ 718700.0, 6178900.0 ], [ 718700.0, 6178800.0 ], [ 718600.0, 6178800.0 ], [ 718500.0, 6178800.0 ], [ 718400.0, 6178800.0 ], [ 718400.0, 6178900.0 ], [ 718400.0, 6179000.0 ] ] ] } },
{ "type": "Feature", "properties": { "Shape_Area": 30000.0, "Shape_Leng": 800.0, "cluster_id": "101_1109", "fid_1": 1109.0, "id_munic": 1109.0, "munic_clus": "101_1109", "munic_code": 101.0, "min": 3.3768746852874756, "max": 3.3768746852874756, "mean": 3.3768746058146157, "count": 3, "std": 7.947285984855057e-08, "range": 0.0 }, "geometry": { "type": "Polygon", "coordinates": [ [ [ 723800.0, 6179900.0 ], [ 723900.0, 6179900.0 ], [ 724000.0, 6179900.0 ], [ 724000.0, 6179800.0 ], [ 723900.0, 6179800.0 ], [ 723800.0, 6179800.0 ], [ 723700.0, 6179800.0 ], [ 723700.0, 6179900.0 ], [ 723800.0, 6179900.0 ] ] ] } },
{ "type": "Feature", "properties": { "Shape_Area": 50000.0, "Shape_Leng": 1000.0, "cluster_id": "101_1110", "fid_1": 1110.0, "id_munic": 1110.0, "munic_clus": "101_1110", "munic_code": 101.0, "min": 2.9623458385467529, "max": 2.9623458385467529, "mean": 2.9623458862304686, "count": 5, "std": 4.7683715642676816e-08, "range": 0.0 }, "geometry": { "type": "Polygon", "coordinates": [ [ [ 720200.0, 6174600.0 ], [ 720200.0, 6174500.0 ], [ 720100.0, 6174500.0 ], [ 720000.0, 6174500.0 ], [ 719900.0, 6174500.0 ], [ 719900.0, 6174600.0 ], [ 719900.0, 6174700.0 ], [ 720000.0, 6174700.0 ], [ 720100.0, 6174700.0 ], [ 720100.0, 6174600.0 ], [ 720200.0, 6174600.0 ] ] ] } },
{ "type": "Feature", "properties": { "Shape_Area": 220000.0, "Shape_Leng": 3000.0, "cluster_id": "101_1111", "fid_1": 1111.0, "id_munic": 1111.0, "munic_clus": "101_1111", "munic_code": 101.0, "min": 2.6799399852752686, "max": 2.6799399852752686, "mean": 2.6799399636008521, "count": 22, "std": 2.1674416483818959e-08, "range": 0.0 }, "geometry": { "type": "Polygon", "coordinates": [ [ [ 724800.0, 6177200.0 ], [ 724700.0, 6177200.0 ], [ 724700.0, 6177300.0 ], [ 724800.0, 6177300.0 ], [ 724800.0, 6177400.0 ], [ 724900.0, 6177400.0 ], [ 724900.0, 6177500.0 ], [ 725000.0, 6177500.0 ], [ 725000.0, 6177600.0 ], [ 725100.0, 6177600.0 ], [ 725200.0, 6177600.0 ], [ 725200.0, 6177700.0 ], [ 725200.0, 6177800.0 ], [ 725300.0, 6177800.0 ], [ 725300.0, 6177700.0 ], [ 725400.0, 6177700.0 ], [ 725400.0, 6177600.0 ], [ 725500.0, 6177600.0 ], [ 725500.0, 6177500.0 ], [ 725400.0, 6177500.0 ], [ 725400.0, 6177400.0 ], [ 725300.0, 6177400.0 ], [ 725200.0, 6177400.0 ], [ 725200.0, 6177300.0 ], [ 725100.0, 6177300.0 ], [ 725100.0, 6177200.0 ], [ 725000.0, 6177200.0 ], [ 725000.0, 6177100.0 ], [ 724900.0, 6177100.0 ], [ 724900.0, 6177200.0 ], [ 724800.0, 6177200.0 ] ] ] } },
{ "type": "Feature", "properties": { "Shape_Area": 130000.0, "Shape_Leng": 2200.0, "cluster_id": "101_1112", "fid_1": 1112.0, "id_munic": 1112.0, "munic_clus": "101_1112", "munic_code": 101.0, "min": 2.8530490398406982, "max": 2.8530490398406982, "mean": 2.8530490581805887, "count": 13, "std": 1.8339890495155942e-08, "range": 0.0 }, "geometry": { "type": "Polygon", "coordinates": [ [ [ 718200.0, 6178000.0 ], [ 718200.0, 6178100.0 ], [ 718100.0, 6178100.0 ], [ 718000.0, 6178100.0 ], [ 718000.0, 6178200.0 ], [ 718100.0, 6178200.0 ], [ 718200.0, 6178200.0 ], [ 718300.0, 6178200.0 ], [ 718300.0, 6178300.0 ], [ 718400.0, 6178300.0 ], [ 718400.0, 6178200.0 ], [ 718400.0, 6178100.0 ], [ 718500.0, 6178100.0 ], [ 718600.0, 6178100.0 ], [ 718700.0, 6178100.0 ], [ 718700.0, 6178000.0 ], [ 718700.0, 6177900.0 ], [ 718600.0, 6177900.0 ], [ 718500.0, 6177900.0 ], [ 718400.0, 6177900.0 ], [ 718400.0, 6178000.0 ], [ 718300.0, 6178000.0 ], [ 718200.0, 6178000.0 ] ] ] } },
{ "type": "Feature", "properties": { "Shape_Area": 30000.0, "Shape_Leng": 800.0, "cluster_id": "101_1113", "fid_1": 1113.0, "id_munic": 1113.0, "munic_clus": "101_1113", "munic_code": 101.0, "min": 3.5241587162017822, "max": 3.5241587162017822, "mean": 3.5241587956746421, "count": 3, "std": 7.947285984855057e-08, "range": 0.0 }, "geometry": { "type": "Polygon", "coordinates": [ [ [ 723400.0, 6177100.0 ], [ 723400.0, 6177200.0 ], [ 723500.0, 6177200.0 ], [ 723600.0, 6177200.0 ], [ 723600.0, 6177100.0 ], [ 723500.0, 6177100.0 ], [ 723500.0, 6177000.0 ], [ 723400.0, 6177000.0 ], [ 723400.0, 6177100.0 ] ] ] } },
{ "type": "Feature", "properties": { "Shape_Area": 40000.0, "Shape_Leng": 1000.0, "cluster_id": "101_1114", "fid_1": 1114.0, "id_munic": 1114.0, "munic_clus": "101_1114", "munic_code": 101.0, "min": 2.9461846351623535, "max": 2.9461846351623535, "mean": 2.9461846351623535, "count": 4, "std": 0.0, "range": 0.0 }, "geometry": { "type": "Polygon", "coordinates": [ [ [ 721800.0, 6178000.0 ], [ 721900.0, 6178000.0 ], [ 721900.0, 6177900.0 ], [ 721800.0, 6177900.0 ], [ 721700.0, 6177900.0 ], [ 721600.0, 6177900.0 ], [ 721600.0, 6178000.0 ], [ 721600.0, 6178100.0 ], [ 721700.0, 6178100.0 ], [ 721700.0, 6178000.0 ], [ 721800.0, 6178000.0 ] ] ] } },
{ "type": "Feature", "properties": { "Shape_Area": 20000.0, "Shape_Leng": 600.0, "cluster_id": "101_1115", "fid_1": 1115.0, "id_munic": 1115.0, "munic_clus": "101_1115", "munic_code": 101.0, "min": 3.6694436073303223, "max": 3.6694436073303223, "mean": 3.6694436073303223, "count": 2, "std": 0.0, "range": 0.0 }, "geometry": { "type": "Polygon", "coordinates": [ [ [ 723000.0, 6176900.0 ], [ 723100.0, 6176900.0 ], [ 723200.0, 6176900.0 ], [ 723200.0, 6176800.0 ], [ 723100.0, 6176800.0 ], [ 723000.0, 6176800.0 ], [ 723000.0, 6176900.0 ] ] ] } },
{ "type": "Feature", "properties": { "Shape_Area": 160000.0, "Shape_Leng": 1800.0, "cluster_id": "101_1116", "fid_1": 1116.0, "id_munic": 1116.0, "munic_clus": "101_1116", "munic_code": 101.0, "min": 4.2109308242797852, "max": 4.2109308242797852, "mean": 4.2109308242797852, "count": 16, "std": 0.0, "range": 0.0 }, "geometry": { "type": "Polygon", "coordinates": [ [ [ 720700.0, 6174200.0 ], [ 720600.0, 6174200.0 ], [ 720600.0, 6174300.0 ], [ 720600.0, 6174400.0 ], [ 720600.0, 6174500.0 ], [ 720700.0, 6174500.0 ], [ 720800.0, 6174500.0 ], [ 720900.0, 6174500.0 ], [ 721000.0, 6174500.0 ], [ 721100.0, 6174500.0 ], [ 721100.0, 6174400.0 ], [ 721100.0, 6174300.0 ], [ 721200.0, 6174300.0 ], [ 721200.0, 6174200.0 ], [ 721100.0, 6174200.0 ], [ 721000.0, 6174200.0 ], [ 720900.0, 6174200.0 ], [ 720800.0, 6174200.0 ], [ 720700.0, 6174200.0 ] ] ] } },
{ "type": "Feature", "properties": { "Shape_Area": 20000.0, "Shape_Leng": 600.0, "cluster_id": "101_1117", "fid_1": 1117.0, "id_munic": 1117.0, "munic_clus": "101_1117", "munic_code": 101.0, "min": 3.2717428207397461, "max": 3.2717428207397461, "mean": 3.2717428207397461, "count": 2, "std": 0.0, "range": 0.0 }, "geometry": { "type": "Polygon", "coordinates": [ [ [ 727200.0, 6174400.0 ], [ 727300.0, 6174400.0 ], [ 727400.0, 6174400.0 ], [ 727400.0, 6174300.0 ], [ 727300.0, 6174300.0 ], [ 727200.0, 6174300.0 ], [ 727200.0, 6174400.0 ] ] ] } },
{ "type": "Feature", "properties": { "Shape_Area": 60000.0, "Shape_Leng": 1400.0, "cluster_id": "101_1118", "fid_1": 1118.0, "id_munic": 1118.0, "munic_clus": "101_1118", "munic_code": 101.0, "min": 2.9403536319732666, "max": 2.9403536319732666, "mean": 2.9403537114461265, "count": 6, "std": 7.947285984855057e-08, "range": 0.0 }, "geometry": { "type": "Polygon", "coordinates": [ [ [ 726600.0, 6173800.0 ], [ 726700.0, 6173800.0 ], [ 726700.0, 6173900.0 ], [ 726800.0, 6173900.0 ], [ 726800.0, 6173800.0 ], [ 726900.0, 6173800.0 ], [ 726900.0, 6173700.0 ], [ 726800.0, 6173700.0 ], [ 726700.0, 6173700.0 ], [ 726600.0, 6173700.0 ], [ 726600.0, 6173600.0 ], [ 726500.0, 6173600.0 ], [ 726500.0, 6173700.0 ], [ 726500.0, 6173800.0 ], [ 726600.0, 6173800.0 ] ] ] } },
{ "type": "Feature", "properties": { "Shape_Area": 20000.0, "Shape_Leng": 600.0, "cluster_id": "101_1119", "fid_1": 1119.0, "id_munic": 1119.0, "munic_clus": "101_1119", "munic_code": 101.0, "min": 2.9870047569274902, "max": 2.9870047569274902, "mean": 2.9870047569274902, "count": 2, "std": 0.0, "range": 0.0 }, "geometry": { "type": "Polygon", "coordinates": [ [ [ 721900.0, 6179600.0 ], [ 721900.0, 6179700.0 ], [ 722000.0, 6179700.0 ], [ 722000.0, 6179600.0 ], [ 722000.0, 6179500.0 ], [ 721900.0, 6179500.0 ], [ 721900.0, 6179600.0 ] ] ] } },
{ "type": "Feature", "properties": { "Shape_Area": 30000.0, "Shape_Leng": 800.0, "cluster_id": "101_1120", "fid_1": 1120.0, "id_munic": 1120.0, "munic_clus": "101_1120", "munic_code": 101.0, "min": 2.988670825958252, "max": 2.988670825958252, "mean": 2.9886709849039712, "count": 3, "std": 1.5894571925301193e-07, "range": 0.0 }, "geometry": { "type": "Polygon", "coordinates": [ [ [ 725900.0, 6175700.0 ], [ 725900.0, 6175800.0 ], [ 726000.0, 6175800.0 ], [ 726000.0, 6175700.0 ], [ 726000.0, 6175600.0 ], [ 726000.0, 6175500.0 ], [ 725900.0, 6175500.0 ], [ 725900.0, 6175600.0 ], [ 725900.0, 6175700.0 ] ] ] } },
{ "type": "Feature", "properties": { "Shape_Area": 40000.0, "Shape_Leng": 1000.0, "cluster_id": "101_1121", "fid_1": 1121.0, "id_munic": 1121.0, "munic_clus": "101_1121", "munic_code": 101.0, "min": 2.7490837574005127, "max": 2.7490837574005127, "mean": 2.7490837574005127, "count": 4, "std": 0.0, "range": 0.0 }, "geometry": { "type": "Polygon", "coordinates": [ [ [ 722100.0, 6178300.0 ], [ 722100.0, 6178400.0 ], [ 722100.0, 6178500.0 ], [ 722200.0, 6178500.0 ], [ 722300.0, 6178500.0 ], [ 722300.0, 6178400.0 ], [ 722200.0, 6178400.0 ], [ 722200.0, 6178300.0 ], [ 722200.0, 6178200.0 ], [ 722100.0, 6178200.0 ], [ 722100.0, 6178300.0 ] ] ] } },
{ "type": "Feature", "properties": { "Shape_Area": 170000.0, "Shape_Leng": 2000.0, "cluster_id": "101_1122", "fid_1": 1122.0, "id_munic": 1122.0, "munic_clus": "101_1122", "munic_code": 101.0, "min": 2.1324558258056641, "max": 2.1324558258056641, "mean": 2.1324557136086857, "count": 17, "std": 1.121969783746124e-07, "range": 0.0 }, "geometry": { "type": "Polygon", "coordinates": [ [ [ 726000.0, 6176100.0 ], [ 725900.0, 6176100.0 ], [ 725800.0, 6176100.0 ], [ 725800.0, 6176200.0 ], [ 725800.0, 6176300.0 ], [ 725800.0, 6176400.0 ], [ 725800.0, 6176500.0 ], [ 725900.0, 6176500.0 ], [ 725900.0, 6176600.0 ], [ 725900.0, 6176700.0 ], [ 726000.0, 6176700.0 ], [ 726100.0, 6176700.0 ], [ 726200.0, 6176700.0 ], [ 726200.0, 6176600.0 ], [ 726200.0, 6176500.0 ], [ 726100.0, 6176500.0 ], [ 726100.0, 6176400.0 ], [ 726100.0, 6176300.0 ], [ 726100.0, 6176200.0 ], [ 726000.0, 6176200.0 ], [ 726000.0, 6176100.0 ] ] ] } },
{ "type": "Feature", "properties": { "Shape_Area": 70000.0, "Shape_Leng": 1200.0, "cluster_id": "101_1123", "fid_1": 1123.0, "id_munic": 1123.0, "munic_clus": "101_1123", "munic_code": 101.0, "min": 3.7697441577911377, "max": 3.7697441577911377, "mean": 3.7697443280901228, "count": 7, "std": 1.7029898513598596e-07, "range": 0.0 }, "geometry": { "type": "Polygon", "coordinates": [ [ [ 728000.0, 6172700.0 ], [ 728000.0, 6172800.0 ], [ 728000.0, 6172900.0 ], [ 728000.0, 6173000.0 ], [ 728100.0, 6173000.0 ], [ 728200.0, 6173000.0 ], [ 728200.0, 6172900.0 ], [ 728200.0, 6172800.0 ], [ 728300.0, 6172800.0 ], [ 728300.0, 6172700.0 ], [ 728200.0, 6172700.0 ], [ 728100.0, 6172700.0 ], [ 728000.0, 6172700.0 ] ] ] } },
{ "type": "Feature", "properties": { "Shape_Area": 60000.0, "Shape_Leng": 1200.0, "cluster_id": "101_1124", "fid_1": 1124.0, "id_munic": 1124.0, "munic_clus": "101_1124", "munic_code": 101.0, "min": 2.7747418880462646, "max": 2.7747418880462646, "mean": 2.7747418085734048, "count": 6, "std": 7.947285984855057e-08, "range": 0.0 }, "geometry": { "type": "Polygon", "coordinates": [ [ [ 728000.0, 6172400.0 ], [ 728000.0, 6172500.0 ], [ 728000.0, 6172600.0 ], [ 728000.0, 6172700.0 ], [ 728100.0, 6172700.0 ], [ 728100.0, 6172600.0 ], [ 728200.0, 6172600.0 ], [ 728200.0, 6172500.0 ], [ 728300.0, 6172500.0 ], [ 728300.0, 6172400.0 ], [ 728200.0, 6172400.0 ], [ 728100.0, 6172400.0 ], [ 728000.0, 6172400.0 ] ] ] } },
{ "type": "Feature", "properties": { "Shape_Area": 250000.0, "Shape_Leng": 2600.0, "cluster_id": "101_1125", "fid_1": 1125.0, "id_munic": 1125.0, "munic_clus": "101_1125", "munic_code": 101.0, "min": 3.0313229560852051, "max": 3.0313229560852051, "mean": 3.0313229370117187, "count": 25, "std": 1.9073486345888568e-08, "range": 0.0 }, "geometry": { "type": "Polygon", "coordinates": [ [ [ 726000.0, 6172600.0 ], [ 726000.0, 6172500.0 ], [ 725900.0, 6172500.0 ], [ 725800.0, 6172500.0 ], [ 725700.0, 6172500.0 ], [ 725700.0, 6172400.0 ], [ 725600.0, 6172400.0 ], [ 725600.0, 6172500.0 ], [ 725600.0, 6172600.0 ], [ 725600.0, 6172700.0 ], [ 725700.0, 6172700.0 ], [ 725700.0, 6172800.0 ], [ 725700.0, 6172900.0 ], [ 725700.0, 6173000.0 ], [ 725700.0, 6173100.0 ], [ 725700.0, 6173200.0 ], [ 725700.0, 6173300.0 ], [ 725800.0, 6173300.0 ], [ 725800.0, 6173200.0 ], [ 725900.0, 6173200.0 ], [ 726000.0, 6173200.0 ], [ 726000.0, 6173100.0 ], [ 726000.0, 6173000.0 ], [ 726000.0, 6172900.0 ], [ 726000.0, 6172800.0 ], [ 726000.0, 6172700.0 ], [ 726000.0, 6172600.0 ] ] ] } },
{ "type": "Feature", "properties": { "Shape_Area": 40000.0, "Shape_Leng": 800.0, "cluster_id": "101_1126", "fid_1": 1126.0, "id_munic": 1126.0, "munic_clus": "101_1126", "munic_code": 101.0, "min": 3.0093307495117188, "max": 3.0093307495117188, "mean": 3.0093307495117188, "count": 4, "std": 0.0, "range": 0.0 }, "geometry": { "type": "Polygon", "coordinates": [ [ [ 722000.0, 6179500.0 ], [ 722100.0, 6179500.0 ], [ 722200.0, 6179500.0 ], [ 722200.0, 6179400.0 ], [ 722200.0, 6179300.0 ], [ 722100.0, 6179300.0 ], [ 722000.0, 6179300.0 ], [ 722000.0, 6179400.0 ], [ 722000.0, 6179500.0 ] ] ] } },
{ "type": "Feature", "properties": { "Shape_Area": 30000.0, "Shape_Leng": 800.0, "cluster_id": "101_1127", "fid_1": 1127.0, "id_munic": 1127.0, "munic_clus": "101_1127", "munic_code": 101.0, "min": 2.8582143783569336, "max": 2.8582143783569336, "mean": 2.8582143783569336, "count": 3, "std": 0.0, "range": 0.0 }, "geometry": { "type": "Polygon", "coordinates": [ [ [ 718900.0, 6174100.0 ], [ 719000.0, 6174100.0 ], [ 719100.0, 6174100.0 ], [ 719100.0, 6174000.0 ], [ 719000.0, 6174000.0 ], [ 718900.0, 6174000.0 ], [ 718800.0, 6174000.0 ], [ 718800.0, 6174100.0 ], [ 718900.0, 6174100.0 ] ] ] } },
{ "type": "Feature", "properties": { "Shape_Area": 30000.0, "Shape_Leng": 800.0, "cluster_id": "101_1128", "fid_1": 1128.0, "id_munic": 1128.0, "munic_clus": "101_1128", "munic_code": 101.0, "min": 3.0671448707580566, "max": 3.0671448707580566, "mean": 3.0671450297037759, "count": 3, "std": 1.5894571925301193e-07, "range": 0.0 }, "geometry": { "type": "Polygon", "coordinates": [ [ [ 720500.0, 6178900.0 ], [ 720600.0, 6178900.0 ], [ 720700.0, 6178900.0 ], [ 720700.0, 6178800.0 ], [ 720600.0, 6178800.0 ], [ 720500.0, 6178800.0 ], [ 720400.0, 6178800.0 ], [ 720400.0, 6178900.0 ], [ 720500.0, 6178900.0 ] ] ] } },
{ "type": "Feature", "properties": { "Shape_Area": 120000.0, "Shape_Leng": 1600.0, "cluster_id": "101_1129", "fid_1": 1129.0, "id_munic": 1129.0, "munic_clus": "101_1129", "munic_code": 101.0, "min": 3.6862714290618896, "max": 3.6862714290618896, "mean": 3.6862713495890298, "count": 12, "std": 7.947285984855057e-08, "range": 0.0 }, "geometry": { "type": "Polygon", "coordinates": [ [ [ 719000.0, 6173800.0 ], [ 719100.0, 6173800.0 ], [ 719200.0, 6173800.0 ], [ 719300.0, 6173800.0 ], [ 719300.0, 6173900.0 ], [ 719400.0, 6173900.0 ], [ 719500.0, 6173900.0 ], [ 719500.0, 6173800.0 ], [ 719500.0, 6173700.0 ], [ 719500.0, 6173600.0 ], [ 719400.0, 6173600.0 ], [ 719300.0, 6173600.0 ], [ 719200.0, 6173600.0 ], [ 719100.0, 6173600.0 ], [ 719000.0, 6173600.0 ], [ 719000.0, 6173700.0 ], [ 719000.0, 6173800.0 ] ] ] } },
{ "type": "Feature", "properties": { "Shape_Area": 20000.0, "Shape_Leng": 600.0, "cluster_id": "101_1130", "fid_1": 1130.0, "id_munic": 1130.0, "munic_clus": "101_1130", "munic_code": 101.0, "min": 2.7462513446807861, "max": 2.7462513446807861, "mean": 2.7462513446807861, "count": 2, "std": 0.0, "range": 0.0 }, "geometry": { "type": "Polygon", "coordinates": [ [ [ 725200.0, 6177400.0 ], [ 725300.0, 6177400.0 ], [ 725400.0, 6177400.0 ], [ 725400.0, 6177300.0 ], [ 725300.0, 6177300.0 ], [ 725200.0, 6177300.0 ], [ 725200.0, 6177400.0 ] ] ] } },
{ "type": "Feature", "properties": { "Shape_Area": 40000.0, "Shape_Leng": 1000.0, "cluster_id": "101_1131", "fid_1": 1131.0, "id_munic": 1131.0, "munic_clus": "101_1131", "munic_code": 101.0, "min": 3.1791074275970459, "max": 3.1791074275970459, "mean": 3.1791074275970459, "count": 4, "std": 0.0, "range": 0.0 }, "geometry": { "type": "Polygon", "coordinates": [ [ [ 726500.0, 6173500.0 ], [ 726600.0, 6173500.0 ], [ 726600.0, 6173400.0 ], [ 726500.0, 6173400.0 ], [ 726500.0, 6173300.0 ], [ 726400.0, 6173300.0 ], [ 726400.0, 6173400.0 ], [ 726300.0, 6173400.0 ], [ 726300.0, 6173500.0 ], [ 726400.0, 6173500.0 ], [ 726500.0, 6173500.0 ] ] ] } },
{ "type": "Feature", "properties": { "Shape_Area": 20000.0, "Shape_Leng": 600.0, "cluster_id": "101_1132", "fid_1": 1132.0, "id_munic": 1132.0, "munic_clus": "101_1132", "munic_code": 101.0, "min": 3.3978674411773682, "max": 3.3978674411773682, "mean": 3.3978674411773682, "count": 2, "std": 0.0, "range": 0.0 }, "geometry": { "type": "Polygon", "coordinates": [ [ [ 721900.0, 6179200.0 ], [ 721900.0, 6179300.0 ], [ 722000.0, 6179300.0 ], [ 722000.0, 6179200.0 ], [ 722000.0, 6179100.0 ], [ 721900.0, 6179100.0 ], [ 721900.0, 6179200.0 ] ] ] } },
{ "type": "Feature", "properties": { "Shape_Area": 30000.0, "Shape_Leng": 800.0, "cluster_id": "101_1133", "fid_1": 1133.0, "id_munic": 1133.0, "munic_clus": "101_1133", "munic_code": 101.0, "min": 3.0108301639556885, "max": 3.0108301639556885, "mean": 3.0108302434285483, "count": 3, "std": 7.947285984855057e-08, "range": 0.0 }, "geometry": { "type": "Polygon", "coordinates": [ [ [ 722400.0, 6177700.0 ], [ 722500.0, 6177700.0 ], [ 722600.0, 6177700.0 ], [ 722600.0, 6177600.0 ], [ 722500.0, 6177600.0 ], [ 722500.0, 6177500.0 ], [ 722400.0, 6177500.0 ], [ 722400.0, 6177600.0 ], [ 722400.0, 6177700.0 ] ] ] } },
{ "type": "Feature", "properties": { "Shape_Area": 30000.0, "Shape_Leng": 800.0, "cluster_id": "101_1134", "fid_1": 1134.0, "id_munic": 1134.0, "munic_clus": "101_1134", "munic_code": 101.0, "min": 2.6134624481201172, "max": 2.6134624481201172, "mean": 2.6134624481201172, "count": 3, "std": 0.0, "range": 0.0 }, "geometry": { "type": "Polygon", "coordinates": [ [ [ 726100.0, 6174500.0 ], [ 726200.0, 6174500.0 ], [ 726300.0, 6174500.0 ], [ 726300.0, 6174400.0 ], [ 726200.0, 6174400.0 ], [ 726100.0, 6174400.0 ], [ 726000.0, 6174400.0 ], [ 726000.0, 6174500.0 ], [ 726100.0, 6174500.0 ] ] ] } },
{ "type": "Feature", "properties": { "Shape_Area": 20000.0, "Shape_Leng": 600.0, "cluster_id": "101_1135", "fid_1": 1135.0, "id_munic": 1135.0, "munic_clus": "101_1135", "munic_code": 101.0, "min": 2.8677108287811279, "max": 2.8677108287811279, "mean": 2.8677108287811279, "count": 2, "std": 0.0, "range": 0.0 }, "geometry": { "type": "Polygon", "coordinates": [ [ [ 721800.0, 6180200.0 ], [ 721800.0, 6180300.0 ], [ 721900.0, 6180300.0 ], [ 721900.0, 6180200.0 ], [ 721900.0, 6180100.0 ], [ 721800.0, 6180100.0 ], [ 721800.0, 6180200.0 ] ] ] } },
{ "type": "Feature", "properties": { "Shape_Area": 90000.0, "Shape_Leng": 1600.0, "cluster_id": "101_1136", "fid_1": 1136.0, "id_munic": 1136.0, "munic_clus": "101_1136", "munic_code": 101.0, "min": 3.2129297256469727, "max": 3.2129297256469727, "mean": 3.212929195827908, "count": 9, "std": 5.2981906462079564e-07, "range": 0.0 }, "geometry": { "type": "Polygon", "coordinates": [ [ [ 727400.0, 6174400.0 ], [ 727500.0, 6174400.0 ], [ 727500.0, 6174500.0 ], [ 727600.0, 6174500.0 ], [ 727700.0, 6174500.0 ], [ 727700.0, 6174600.0 ], [ 727800.0, 6174600.0 ], [ 727800.0, 6174500.0 ], [ 727900.0, 6174500.0 ], [ 727900.0, 6174400.0 ], [ 727800.0, 6174400.0 ], [ 727800.0, 6174300.0 ], [ 727700.0, 6174300.0 ], [ 727600.0, 6174300.0 ], [ 727500.0, 6174300.0 ], [ 727400.0, 6174300.0 ], [ 727400.0, 6174400.0 ] ] ] } },
{ "type": "Feature", "properties": { "Shape_Area": 30000.0, "Shape_Leng": 800.0, "cluster_id": "101_1137", "fid_1": 1137.0, "id_munic": 1137.0, "munic_clus": "101_1137", "munic_code": 101.0, "min": 3.3197269439697266, "max": 3.3197269439697266, "mean": 3.3197269439697266, "count": 3, "std": 0.0, "range": 0.0 }, "geometry": { "type": "Polygon", "coordinates": [ [ [ 720600.0, 6177700.0 ], [ 720700.0, 6177700.0 ], [ 720700.0, 6177800.0 ], [ 720800.0, 6177800.0 ], [ 720800.0, 6177700.0 ], [ 720800.0, 6177600.0 ], [ 720700.0, 6177600.0 ], [ 720600.0, 6177600.0 ], [ 720600.0, 6177700.0 ] ] ] } },
{ "type": "Feature", "properties": { "Shape_Area": 30000.0, "Shape_Leng": 800.0, "cluster_id": "101_1138", "fid_1": 1138.0, "id_munic": 1138.0, "munic_clus": "101_1138", "munic_code": 101.0, "min": 2.3585474491119385, "max": 2.3585474491119385, "mean": 2.3585475285847983, "count": 3, "std": 7.947285984855057e-08, "range": 0.0 }, "geometry": { "type": "Polygon", "coordinates": [ [ [ 718300.0, 6178400.0 ], [ 718200.0, 6178400.0 ], [ 718200.0, 6178500.0 ], [ 718300.0, 6178500.0 ], [ 718400.0, 6178500.0 ], [ 718400.0, 6178400.0 ], [ 718400.0, 6178300.0 ], [ 718300.0, 6178300.0 ], [ 718300.0, 6178400.0 ] ] ] } },
{ "type": "Feature", "properties": { "Shape_Area": 170000.0, "Shape_Leng": 2000.0, "cluster_id": "101_1139", "fid_1": 1139.0, "id_munic": 1139.0, "munic_clus": "101_1139", "munic_code": 101.0, "min": 2.955848217010498, "max": 2.955848217010498, "mean": 2.9558482450597428, "count": 17, "std": 2.8049244704675402e-08, "range": 0.0 }, "geometry": { "type": "Polygon", "coordinates": [ [ [ 725300.0, 6175000.0 ], [ 725400.0, 6175000.0 ], [ 725500.0, 6175000.0 ], [ 725500.0, 6174900.0 ], [ 725600.0, 6174900.0 ], [ 725600.0, 6174800.0 ], [ 725600.0, 6174700.0 ], [ 725500.0, 6174700.0 ], [ 725500.0, 6174600.0 ], [ 725500.0, 6174500.0 ], [ 725400.0, 6174500.0 ], [ 725400.0, 6174600.0 ], [ 725300.0, 6174600.0 ], [ 725200.0, 6174600.0 ], [ 725200.0, 6174700.0 ], [ 725200.0, 6174800.0 ], [ 725100.0, 6174800.0 ], [ 725100.0, 6174900.0 ], [ 725100.0, 6175000.0 ], [ 725200.0, 6175000.0 ], [ 725300.0, 6175000.0 ] ] ] } },
{ "type": "Feature", "properties": { "Shape_Area": 20000.0, "Shape_Leng": 600.0, "cluster_id": "101_1140", "fid_1": 1140.0, "id_munic": 1140.0, "munic_clus": "101_1140", "munic_code": 101.0, "min": 3.1571147441864014, "max": 3.1571147441864014, "mean": 3.1571147441864014, "count": 2, "std": 0.0, "range": 0.0 }, "geometry": { "type": "Polygon", "coordinates": [ [ [ 720200.0, 6177500.0 ], [ 720300.0, 6177500.0 ], [ 720400.0, 6177500.0 ], [ 720400.0, 6177400.0 ], [ 720300.0, 6177400.0 ], [ 720200.0, 6177400.0 ], [ 720200.0, 6177500.0 ] ] ] } },
{ "type": "Feature", "properties": { "Shape_Area": 60000.0, "Shape_Leng": 1200.0, "cluster_id": "101_1141", "fid_1": 1141.0, "id_munic": 1141.0, "munic_clus": "101_1141", "munic_code": 101.0, "min": 3.5859713554382324, "max": 3.5859713554382324, "mean": 3.5859711964925132, "count": 6, "std": 1.5894571925301193e-07, "range": 0.0 }, "geometry": { "type": "Polygon", "coordinates": [ [ [ 722600.0, 6174600.0 ], [ 722600.0, 6174700.0 ], [ 722700.0, 6174700.0 ], [ 722700.0, 6174800.0 ], [ 722800.0, 6174800.0 ], [ 722900.0, 6174800.0 ], [ 722900.0, 6174700.0 ], [ 722900.0, 6174600.0 ], [ 722800.0, 6174600.0 ], [ 722700.0, 6174600.0 ], [ 722700.0, 6174500.0 ], [ 722600.0, 6174500.0 ], [ 722600.0, 6174600.0 ] ] ] } },
{ "type": "Feature", "properties": { "Shape_Area": 20000.0, "Shape_Leng": 600.0, "cluster_id": "101_1142", "fid_1": 1142.0, "id_munic": 1142.0, "munic_clus": "101_1142", "munic_code": 101.0, "min": 3.3638787269592285, "max": 3.3638787269592285, "mean": 3.3638787269592285, "count": 2, "std": 0.0, "range": 0.0 }, "geometry": { "type": "Polygon", "coordinates": [ [ [ 722700.0, 6178400.0 ], [ 722700.0, 6178500.0 ], [ 722800.0, 6178500.0 ], [ 722800.0, 6178400.0 ], [ 722800.0, 6178300.0 ], [ 722700.0, 6178300.0 ], [ 722700.0, 6178400.0 ] ] ] } },
{ "type": "Feature", "properties": { "Shape_Area": 30000.0, "Shape_Leng": 800.0, "cluster_id": "101_1143", "fid_1": 1143.0, "id_munic": 1143.0, "munic_clus": "101_1143", "munic_code": 101.0, "min": 2.3520498275756836, "max": 2.3520498275756836, "mean": 2.3520498275756836, "count": 3, "std": 0.0, "range": 0.0 }, "geometry": { "type": "Polygon", "coordinates": [ [ [ 722900.0, 6174900.0 ], [ 722900.0, 6174800.0 ], [ 722800.0, 6174800.0 ], [ 722700.0, 6174800.0 ], [ 722700.0, 6174900.0 ], [ 722700.0, 6175000.0 ], [ 722800.0, 6175000.0 ], [ 722800.0, 6174900.0 ], [ 722900.0, 6174900.0 ] ] ] } },
{ "type": "Feature", "properties": { "Shape_Area": 60000.0, "Shape_Leng": 1000.0, "cluster_id": "101_1144", "fid_1": 1144.0, "id_munic": 1144.0, "munic_clus": "101_1144", "munic_code": 101.0, "min": 2.728757381439209, "max": 2.728757381439209, "mean": 2.7287575403849282, "count": 6, "std": 1.5894571925301193e-07, "range": 0.0 }, "geometry": { "type": "Polygon", "coordinates": [ [ [ 727100.0, 6172800.0 ], [ 727200.0, 6172800.0 ], [ 727300.0, 6172800.0 ], [ 727400.0, 6172800.0 ], [ 727400.0, 6172700.0 ], [ 727400.0, 6172600.0 ], [ 727300.0, 6172600.0 ], [ 727200.0, 6172600.0 ], [ 727100.0, 6172600.0 ], [ 727100.0, 6172700.0 ], [ 727100.0, 6172800.0 ] ] ] } },
{ "type": "Feature", "properties": { "Shape_Area": 160000.0, "Shape_Leng": 1800.0, "cluster_id": "101_1145", "fid_1": 1145.0, "id_munic": 1145.0, "munic_clus": "101_1145", "munic_code": 101.0, "min": 3.1351218223571777, "max": 3.1351218223571777, "mean": 3.1351215839385986, "count": 16, "std": 2.384185791015625e-07, "range": 0.0 }, "geometry": { "type": "Polygon", "coordinates": [ [ [ 718000.0, 6178900.0 ], [ 717900.0, 6178900.0 ], [ 717900.0, 6179000.0 ], [ 717800.0, 6179000.0 ], [ 717800.0, 6179100.0 ], [ 717800.0, 6179200.0 ], [ 717800.0, 6179300.0 ], [ 717900.0, 6179300.0 ], [ 717900.0, 6179400.0 ], [ 718000.0, 6179400.0 ], [ 718100.0, 6179400.0 ], [ 718100.0, 6179300.0 ], [ 718200.0, 6179300.0 ], [ 718200.0, 6179200.0 ], [ 718200.0, 6179100.0 ], [ 718200.0, 6179000.0 ], [ 718100.0, 6179000.0 ], [ 718100.0, 6178900.0 ], [ 718000.0, 6178900.0 ] ] ] } },
{ "type": "Feature", "properties": { "Shape_Area": 20000.0, "Shape_Leng": 600.0, "cluster_id": "101_1146", "fid_1": 1146.0, "id_munic": 1146.0, "munic_clus": "101_1146", "munic_code": 101.0, "min": 3.3140621185302734, "max": 3.3140621185302734, "mean": 3.3140621185302734, "count": 2, "std": 0.0, "range": 0.0 }, "geometry": { "type": "Polygon", "coordinates": [ [ [ 721700.0, 6178800.0 ], [ 721700.0, 6178900.0 ], [ 721800.0, 6178900.0 ], [ 721800.0, 6178800.0 ], [ 721800.0, 6178700.0 ], [ 721700.0, 6178700.0 ], [ 721700.0, 6178800.0 ] ] ] } },
{ "type": "Feature", "properties": { "Shape_Area": 50000.0, "Shape_Leng": 1000.0, "cluster_id": "101_1147", "fid_1": 1147.0, "id_munic": 1147.0, "munic_clus": "101_1147", "munic_code": 101.0, "min": 3.0241591930389404, "max": 3.0241591930389404, "mean": 3.0241592407226561, "count": 5, "std": 4.7683715642676816e-08, "range": 0.0 }, "geometry": { "type": "Polygon", "coordinates": [ [ [ 723700.0, 6179700.0 ], [ 723800.0, 6179700.0 ], [ 723800.0, 6179800.0 ], [ 723900.0, 6179800.0 ], [ 724000.0, 6179800.0 ], [ 724000.0, 6179700.0 ], [ 724000.0, 6179600.0 ], [ 723900.0, 6179600.0 ], [ 723800.0, 6179600.0 ], [ 723700.0, 6179600.0 ], [ 723700.0, 6179700.0 ] ] ] } },
{ "type": "Feature", "properties": { "Shape_Area": 50000.0, "Shape_Leng": 1000.0, "cluster_id": "101_1148", "fid_1": 1148.0, "id_munic": 1148.0, "munic_clus": "101_1148", "munic_code": 101.0, "min": 3.8247253894805908, "max": 3.8247253894805908, "mean": 3.8247253417968752, "count": 5, "std": 4.7683715642676816e-08, "range": 0.0 }, "geometry": { "type": "Polygon", "coordinates": [ [ [ 718900.0, 6176700.0 ], [ 719000.0, 6176700.0 ], [ 719100.0, 6176700.0 ], [ 719200.0, 6176700.0 ], [ 719200.0, 6176600.0 ], [ 719100.0, 6176600.0 ], [ 719100.0, 6176500.0 ], [ 719000.0, 6176500.0 ], [ 718900.0, 6176500.0 ], [ 718900.0, 6176600.0 ], [ 718900.0, 6176700.0 ] ] ] } },
{ "type": "Feature", "properties": { "Shape_Area": 30000.0, "Shape_Leng": 800.0, "cluster_id": "101_1149", "fid_1": 1149.0, "id_munic": 1149.0, "munic_clus": "101_1149", "munic_code": 101.0, "min": 3.2639124393463135, "max": 3.2639124393463135, "mean": 3.2639125188191733, "count": 3, "std": 7.947285984855057e-08, "range": 0.0 }, "geometry": { "type": "Polygon", "coordinates": [ [ [ 721200.0, 6174300.0 ], [ 721100.0, 6174300.0 ], [ 721100.0, 6174400.0 ], [ 721200.0, 6174400.0 ], [ 721300.0, 6174400.0 ], [ 721300.0, 6174300.0 ], [ 721300.0, 6174200.0 ], [ 721200.0, 6174200.0 ], [ 721200.0, 6174300.0 ] ] ] } },
{ "type": "Feature", "properties": { "Shape_Area": 20000.0, "Shape_Leng": 600.0, "cluster_id": "101_1150", "fid_1": 1150.0, "id_munic": 1150.0, "munic_clus": "101_1150", "munic_code": 101.0, "min": 2.7112634181976318, "max": 2.7112634181976318, "mean": 2.7112634181976318, "count": 2, "std": 0.0, "range": 0.0 }, "geometry": { "type": "Polygon", "coordinates": [ [ [ 722500.0, 6173100.0 ], [ 722600.0, 6173100.0 ], [ 722700.0, 6173100.0 ], [ 722700.0, 6173000.0 ], [ 722600.0, 6173000.0 ], [ 722500.0, 6173000.0 ], [ 722500.0, 6173100.0 ] ] ] } },
{ "type": "Feature", "properties": { "Shape_Area": 40000.0, "Shape_Leng": 1000.0, "cluster_id": "101_1151", "fid_1": 1151.0, "id_munic": 1151.0, "munic_clus": "101_1151", "munic_code": 101.0, "min": 3.6929361820220947, "max": 3.6929361820220947, "mean": 3.6929361820220947, "count": 4, "std": 0.0, "range": 0.0 }, "geometry": { "type": "Polygon", "coordinates": [ [ [ 723800.0, 6177400.0 ], [ 723700.0, 6177400.0 ], [ 723700.0, 6177500.0 ], [ 723800.0, 6177500.0 ], [ 723900.0, 6177500.0 ], [ 724000.0, 6177500.0 ], [ 724000.0, 6177400.0 ], [ 724000.0, 6177300.0 ], [ 723900.0, 6177300.0 ], [ 723900.0, 6177400.0 ], [ 723800.0, 6177400.0 ] ] ] } },
{ "type": "Feature", "properties": { "Shape_Area": 30000.0, "Shape_Leng": 800.0, "cluster_id": "101_1152", "fid_1": 1152.0, "id_munic": 1152.0, "munic_clus": "101_1152", "munic_code": 101.0, "min": 2.9083640575408936, "max": 2.9083640575408936, "mean": 2.9083639780680337, "count": 3, "std": 7.947285984855057e-08, "range": 0.0 }, "geometry": { "type": "Polygon", "coordinates": [ [ [ 719200.0, 6177300.0 ], [ 719300.0, 6177300.0 ], [ 719300.0, 6177400.0 ], [ 719400.0, 6177400.0 ], [ 719400.0, 6177300.0 ], [ 719400.0, 6177200.0 ], [ 719300.0, 6177200.0 ], [ 719200.0, 6177200.0 ], [ 719200.0, 6177300.0 ] ] ] } },
{ "type": "Feature", "properties": { "Shape_Area": 20000.0, "Shape_Leng": 600.0, "cluster_id": "101_1153", "fid_1": 1153.0, "id_munic": 1153.0, "munic_clus": "101_1153", "munic_code": 101.0, "min": 4.3903703689575195, "max": 4.3903703689575195, "mean": 4.3903703689575195, "count": 2, "std": 0.0, "range": 0.0 }, "geometry": { "type": "Polygon", "coordinates": [ [ [ 726900.0, 6173900.0 ], [ 727000.0, 6173900.0 ], [ 727100.0, 6173900.0 ], [ 727100.0, 6173800.0 ], [ 727000.0, 6173800.0 ], [ 726900.0, 6173800.0 ], [ 726900.0, 6173900.0 ] ] ] } },
{ "type": "Feature", "properties": { "Shape_Area": 60000.0, "Shape_Leng": 1000.0, "cluster_id": "101_1154", "fid_1": 1154.0, "id_munic": 1154.0, "munic_clus": "101_1154", "munic_code": 101.0, "min": 2.7590806484222412, "max": 2.7590806484222412, "mean": 2.7590805689493814, "count": 6, "std": 7.947285984855057e-08, "range": 0.0 }, "geometry": { "type": "Polygon", "coordinates": [ [ [ 719100.0, 6173400.0 ], [ 719000.0, 6173400.0 ], [ 719000.0, 6173500.0 ], [ 719000.0, 6173600.0 ], [ 719100.0, 6173600.0 ], [ 719200.0, 6173600.0 ], [ 719300.0, 6173600.0 ], [ 719300.0, 6173500.0 ], [ 719300.0, 6173400.0 ], [ 719200.0, 6173400.0 ], [ 719100.0, 6173400.0 ] ] ] } },
{ "type": "Feature", "properties": { "Shape_Area": 20000.0, "Shape_Leng": 600.0, "cluster_id": "101_1155", "fid_1": 1155.0, "id_munic": 1155.0, "munic_clus": "101_1155", "munic_code": 101.0, "min": 3.3333892822265625, "max": 3.3333892822265625, "mean": 3.3333892822265625, "count": 2, "std": 0.0, "range": 0.0 }, "geometry": { "type": "Polygon", "coordinates": [ [ [ 721900.0, 6179800.0 ], [ 722000.0, 6179800.0 ], [ 722100.0, 6179800.0 ], [ 722100.0, 6179700.0 ], [ 722000.0, 6179700.0 ], [ 721900.0, 6179700.0 ], [ 721900.0, 6179800.0 ] ] ] } },
{ "type": "Feature", "properties": { "Shape_Area": 50000.0, "Shape_Leng": 1200.0, "cluster_id": "101_1156", "fid_1": 1156.0, "id_munic": 1156.0, "munic_clus": "101_1156", "munic_code": 101.0, "min": 3.8150618076324463, "max": 3.8150618076324463, "mean": 3.8150619506835937, "count": 5, "std": 1.4305114737211966e-07, "range": 0.0 }, "geometry": { "type": "Polygon", "coordinates": [ [ [ 719700.0, 6178900.0 ], [ 719700.0, 6178800.0 ], [ 719600.0, 6178800.0 ], [ 719500.0, 6178800.0 ], [ 719400.0, 6178800.0 ], [ 719400.0, 6178900.0 ], [ 719400.0, 6179000.0 ], [ 719400.0, 6179100.0 ], [ 719500.0, 6179100.0 ], [ 719500.0, 6179000.0 ], [ 719500.0, 6178900.0 ], [ 719600.0, 6178900.0 ], [ 719700.0, 6178900.0 ] ] ] } },
{ "type": "Feature", "properties": { "Shape_Area": 40000.0, "Shape_Leng": 1000.0, "cluster_id": "101_1158", "fid_1": 1158.0, "id_munic": 1158.0, "munic_clus": "101_1158", "munic_code": 101.0, "min": 2.9711766242980957, "max": 2.9711766242980957, "mean": 2.9711766242980957, "count": 4, "std": 0.0, "range": 0.0 }, "geometry": { "type": "Polygon", "coordinates": [ [ [ 727200.0, 6173000.0 ], [ 727300.0, 6173000.0 ], [ 727400.0, 6173000.0 ], [ 727500.0, 6173000.0 ], [ 727600.0, 6173000.0 ], [ 727600.0, 6172900.0 ], [ 727500.0, 6172900.0 ], [ 727400.0, 6172900.0 ], [ 727300.0, 6172900.0 ], [ 727200.0, 6172900.0 ], [ 727200.0, 6173000.0 ] ] ] } },
{ "type": "Feature", "properties": { "Shape_Area": 30000.0, "Shape_Leng": 800.0, "cluster_id": "101_1159", "fid_1": 1159.0, "id_munic": 1159.0, "munic_clus": "101_1159", "munic_code": 101.0, "min": 3.0976343154907227, "max": 3.0976343154907227, "mean": 3.0976343154907227, "count": 3, "std": 0.0, "range": 0.0 }, "geometry": { "type": "Polygon", "coordinates": [ [ [ 719500.0, 6175000.0 ], [ 719400.0, 6175000.0 ], [ 719400.0, 6175100.0 ], [ 719500.0, 6175100.0 ], [ 719600.0, 6175100.0 ], [ 719600.0, 6175000.0 ], [ 719600.0, 6174900.0 ], [ 719500.0, 6174900.0 ], [ 719500.0, 6175000.0 ] ] ] } },
{ "type": "Feature", "properties": { "Shape_Area": 30000.0, "Shape_Leng": 800.0, "cluster_id": "101_1160", "fid_1": 1160.0, "id_munic": 1160.0, "munic_clus": "101_1160", "munic_code": 101.0, "min": 3.7050991058349609, "max": 3.7050991058349609, "mean": 3.7050991058349609, "count": 3, "std": 0.0, "range": 0.0 }, "geometry": { "type": "Polygon", "coordinates": [ [ [ 727000.0, 6174700.0 ], [ 727000.0, 6174800.0 ], [ 727100.0, 6174800.0 ], [ 727100.0, 6174700.0 ], [ 727100.0, 6174600.0 ], [ 727100.0, 6174500.0 ], [ 727000.0, 6174500.0 ], [ 727000.0, 6174600.0 ], [ 727000.0, 6174700.0 ] ] ] } },
{ "type": "Feature", "properties": { "Shape_Area": 100000.0, "Shape_Leng": 1800.0, "cluster_id": "101_1161", "fid_1": 1161.0, "id_munic": 1161.0, "munic_clus": "101_1161", "munic_code": 101.0, "min": 2.6267914772033691, "max": 2.6267914772033691, "mean": 2.6267911911010744, "count": 10, "std": 2.8610229474423932e-07, "range": 0.0 }, "geometry": { "type": "Polygon", "coordinates": [ [ [ 722000.0, 6172800.0 ], [ 721900.0, 6172800.0 ], [ 721800.0, 6172800.0 ], [ 721700.0, 6172800.0 ], [ 721600.0, 6172800.0 ], [ 721600.0, 6172900.0 ], [ 721700.0, 6172900.0 ], [ 721700.0, 6173000.0 ], [ 721600.0, 6173000.0 ], [ 721600.0, 6173100.0 ], [ 721700.0, 6173100.0 ], [ 721800.0, 6173100.0 ], [ 721800.0, 6173000.0 ], [ 721900.0, 6173000.0 ], [ 722000.0, 6173000.0 ], [ 722100.0, 6173000.0 ], [ 722100.0, 6172900.0 ], [ 722000.0, 6172900.0 ], [ 722000.0, 6172800.0 ] ] ] } },
{ "type": "Feature", "properties": { "Shape_Area": 40000.0, "Shape_Leng": 800.0, "cluster_id": "101_1162", "fid_1": 1162.0, "id_munic": 1162.0, "munic_clus": "101_1162", "munic_code": 101.0, "min": 3.5944690704345703, "max": 3.5944690704345703, "mean": 3.5944690704345703, "count": 4, "std": 0.0, "range": 0.0 }, "geometry": { "type": "Polygon", "coordinates": [ [ [ 722500.0, 6178500.0 ], [ 722600.0, 6178500.0 ], [ 722700.0, 6178500.0 ], [ 722700.0, 6178400.0 ], [ 722700.0, 6178300.0 ], [ 722600.0, 6178300.0 ], [ 722500.0, 6178300.0 ], [ 722500.0, 6178400.0 ], [ 722500.0, 6178500.0 ] ] ] } },
{ "type": "Feature", "properties": { "Shape_Area": 130000.0, "Shape_Leng": 1800.0, "cluster_id": "101_1163", "fid_1": 1163.0, "id_munic": 1163.0, "munic_clus": "101_1163", "munic_code": 101.0, "min": 3.2722432613372803, "max": 3.2722432613372803, "mean": 3.2722432063176083, "count": 13, "std": 5.5019671929557035e-08, "range": 0.0 }, "geometry": { "type": "Polygon", "coordinates": [ [ [ 718600.0, 6176900.0 ], [ 718600.0, 6177000.0 ], [ 718600.0, 6177100.0 ], [ 718500.0, 6177100.0 ], [ 718500.0, 6177200.0 ], [ 718500.0, 6177300.0 ], [ 718600.0, 6177300.0 ], [ 718700.0, 6177300.0 ], [ 718800.0, 6177300.0 ], [ 718800.0, 6177200.0 ], [ 718800.0, 6177100.0 ], [ 718800.0, 6177000.0 ], [ 718800.0, 6176900.0 ], [ 718900.0, 6176900.0 ], [ 718900.0, 6176800.0 ], [ 718800.0, 6176800.0 ], [ 718700.0, 6176800.0 ], [ 718600.0, 6176800.0 ], [ 718600.0, 6176900.0 ] ] ] } },
{ "type": "Feature", "properties": { "Shape_Area": 110000.0, "Shape_Leng": 1600.0, "cluster_id": "101_1164", "fid_1": 1164.0, "id_munic": 1164.0, "munic_clus": "101_1164", "munic_code": 101.0, "min": 3.2302567958831787, "max": 3.2302567958831787, "mean": 3.2302565141157671, "count": 11, "std": 2.8176741162511121e-07, "range": 0.0 }, "geometry": { "type": "Polygon", "coordinates": [ [ [ 719300.0, 6177700.0 ], [ 719200.0, 6177700.0 ], [ 719200.0, 6177800.0 ], [ 719100.0, 6177800.0 ], [ 719100.0, 6177900.0 ], [ 719100.0, 6178000.0 ], [ 719100.0, 6178100.0 ], [ 719200.0, 6178100.0 ], [ 719300.0, 6178100.0 ], [ 719300.0, 6178000.0 ], [ 719400.0, 6178000.0 ], [ 719500.0, 6178000.0 ], [ 719500.0, 6177900.0 ], [ 719400.0, 6177900.0 ], [ 719400.0, 6177800.0 ], [ 719400.0, 6177700.0 ], [ 719300.0, 6177700.0 ] ] ] } },
{ "type": "Feature", "properties": { "Shape_Area": 470000.0, "Shape_Leng": 3800.0, "cluster_id": "101_1165", "fid_1": 1165.0, "id_munic": 1165.0, "munic_clus": "101_1165", "munic_code": 101.0, "min": 3.9250247478485107, "max": 3.9250247478485107, "mean": 3.9250248036486037, "count": 47, "std": 5.5800092990665462e-08, "range": 0.0 }, "geometry": { "type": "Polygon", "coordinates": [ [ [ 718500.0, 6176500.0 ], [ 718600.0, 6176500.0 ], [ 718600.0, 6176400.0 ], [ 718600.0, 6176300.0 ], [ 718600.0, 6176200.0 ], [ 718500.0, 6176200.0 ], [ 718400.0, 6176200.0 ], [ 718300.0, 6176200.0 ], [ 718300.0, 6176100.0 ], [ 718200.0, 6176100.0 ], [ 718100.0, 6176100.0 ], [ 718000.0, 6176100.0 ], [ 718000.0, 6176200.0 ], [ 718000.0, 6176300.0 ], [ 718000.0, 6176400.0 ], [ 718000.0, 6176500.0 ], [ 717900.0, 6176500.0 ], [ 717900.0, 6176600.0 ], [ 717900.0, 6176700.0 ], [ 717900.0, 6176800.0 ], [ 717900.0, 6176900.0 ], [ 717900.0, 6177000.0 ], [ 717800.0, 6177000.0 ], [ 717800.0, 6177100.0 ], [ 717900.0, 6177100.0 ], [ 717900.0, 6177200.0 ], [ 718000.0, 6177200.0 ], [ 718100.0, 6177200.0 ], [ 718200.0, 6177200.0 ], [ 718200.0, 6177100.0 ], [ 718200.0, 6177000.0 ], [ 718200.0, 6176900.0 ], [ 718200.0, 6176800.0 ], [ 718200.0, 6176700.0 ], [ 718300.0, 6176700.0 ], [ 718400.0, 6176700.0 ], [ 718400.0, 6176600.0 ], [ 718400.0, 6176500.0 ], [ 718500.0, 6176500.0 ] ] ] } },
{ "type": "Feature", "properties": { "Shape_Area": 200000.0, "Shape_Leng": 2400.0, "cluster_id": "101_1166", "fid_1": 1166.0, "id_munic": 1166.0, "munic_clus": "101_1166", "munic_code": 101.0, "min": 2.2847387790679932, "max": 2.2847387790679932, "mean": 2.2847389221191405, "count": 20, "std": 1.4305114737211966e-07, "range": 0.0 }, "geometry": { "type": "Polygon", "coordinates": [ [ [ 723600.0, 6175900.0 ], [ 723600.0, 6176000.0 ], [ 723700.0, 6176000.0 ], [ 723800.0, 6176000.0 ], [ 723800.0, 6176100.0 ], [ 723900.0, 6176100.0 ], [ 724000.0, 6176100.0 ], [ 724100.0, 6176100.0 ], [ 724100.0, 6176000.0 ], [ 724000.0, 6176000.0 ], [ 724000.0, 6175900.0 ], [ 724000.0, 6175800.0 ], [ 724000.0, 6175700.0 ], [ 723900.0, 6175700.0 ], [ 723900.0, 6175600.0 ], [ 723800.0, 6175600.0 ], [ 723700.0, 6175600.0 ], [ 723700.0, 6175500.0 ], [ 723600.0, 6175500.0 ], [ 723500.0, 6175500.0 ], [ 723500.0, 6175600.0 ], [ 723600.0, 6175600.0 ], [ 723600.0, 6175700.0 ], [ 723600.0, 6175800.0 ], [ 723600.0, 6175900.0 ] ] ] } },
{ "type": "Feature", "properties": { "Shape_Area": 40000.0, "Shape_Leng": 800.0, "cluster_id": "101_1167", "fid_1": 1167.0, "id_munic": 1167.0, "munic_clus": "101_1167", "munic_code": 101.0, "min": 3.4395203590393066, "max": 3.4395203590393066, "mean": 3.4395203590393066, "count": 4, "std": 0.0, "range": 0.0 }, "geometry": { "type": "Polygon", "coordinates": [ [ [ 727700.0, 6173100.0 ], [ 727600.0, 6173100.0 ], [ 727500.0, 6173100.0 ], [ 727500.0, 6173200.0 ], [ 727500.0, 6173300.0 ], [ 727600.0, 6173300.0 ], [ 727700.0, 6173300.0 ], [ 727700.0, 6173200.0 ], [ 727700.0, 6173100.0 ] ] ] } },
{ "type": "Feature", "properties": { "Shape_Area": 20000.0, "Shape_Leng": 600.0, "cluster_id": "101_1168", "fid_1": 1168.0, "id_munic": 1168.0, "munic_clus": "101_1168", "munic_code": 101.0, "min": 2.7927358150482178, "max": 2.7927358150482178, "mean": 2.7927358150482178, "count": 2, "std": 0.0, "range": 0.0 }, "geometry": { "type": "Polygon", "coordinates": [ [ [ 727700.0, 6173200.0 ], [ 727700.0, 6173300.0 ], [ 727800.0, 6173300.0 ], [ 727800.0, 6173200.0 ], [ 727800.0, 6173100.0 ], [ 727700.0, 6173100.0 ], [ 727700.0, 6173200.0 ] ] ] } },
{ "type": "Feature", "properties": { "Shape_Area": 100000.0, "Shape_Leng": 1600.0, "cluster_id": "101_1169", "fid_1": 1169.0, "id_munic": 1169.0, "munic_clus": "101_1169", "munic_code": 101.0, "min": 3.4976682662963867, "max": 3.4976682662963867, "mean": 3.4976684570312502, "count": 10, "std": 1.9073486345888568e-07, "range": 0.0 }, "geometry": { "type": "Polygon", "coordinates": [ [ [ 724600.0, 6176500.0 ], [ 724500.0, 6176500.0 ], [ 724500.0, 6176600.0 ], [ 724500.0, 6176700.0 ], [ 724600.0, 6176700.0 ], [ 724600.0, 6176800.0 ], [ 724700.0, 6176800.0 ], [ 724700.0, 6176700.0 ], [ 724800.0, 6176700.0 ], [ 724900.0, 6176700.0 ], [ 724900.0, 6176600.0 ], [ 724900.0, 6176500.0 ], [ 724800.0, 6176500.0 ], [ 724800.0, 6176400.0 ], [ 724700.0, 6176400.0 ], [ 724700.0, 6176500.0 ], [ 724600.0, 6176500.0 ] ] ] } },
{ "type": "Feature", "properties": { "Shape_Area": 190000.0, "Shape_Leng": 2200.0, "cluster_id": "101_1170", "fid_1": 1170.0, "id_munic": 1170.0, "munic_clus": "101_1170", "munic_code": 101.0, "min": 3.7032654285430908, "max": 3.7032654285430908, "mean": 3.7032651399311267, "count": 19, "std": 2.8861196410545631e-07, "range": 0.0 }, "geometry": { "type": "Polygon", "coordinates": [ [ [ 720500.0, 6177100.0 ], [ 720600.0, 6177100.0 ], [ 720600.0, 6177000.0 ], [ 720500.0, 6177000.0 ], [ 720400.0, 6177000.0 ], [ 720300.0, 6177000.0 ], [ 720300.0, 6176900.0 ], [ 720200.0, 6176900.0 ], [ 720100.0, 6176900.0 ], [ 720100.0, 6177000.0 ], [ 720100.0, 6177100.0 ], [ 720000.0, 6177100.0 ], [ 720000.0, 6177200.0 ], [ 720100.0, 6177200.0 ], [ 720100.0, 6177300.0 ], [ 720200.0, 6177300.0 ], [ 720200.0, 6177400.0 ], [ 720300.0, 6177400.0 ], [ 720400.0, 6177400.0 ], [ 720500.0, 6177400.0 ], [ 720500.0, 6177300.0 ], [ 720500.0, 6177200.0 ], [ 720500.0, 6177100.0 ] ] ] } },
{ "type": "Feature", "properties": { "Shape_Area": 90000.0, "Shape_Leng": 1400.0, "cluster_id": "101_1172", "fid_1": 1172.0, "id_munic": 1172.0, "munic_clus": "101_1172", "munic_code": 101.0, "min": 3.2632458209991455, "max": 3.2632458209991455, "mean": 3.263246112399631, "count": 9, "std": 2.9140048551923314e-07, "range": 0.0 }, "geometry": { "type": "Polygon", "coordinates": [ [ [ 727300.0, 6172000.0 ], [ 727300.0, 6172100.0 ], [ 727400.0, 6172100.0 ], [ 727400.0, 6172200.0 ], [ 727400.0, 6172300.0 ], [ 727500.0, 6172300.0 ], [ 727600.0, 6172300.0 ], [ 727600.0, 6172200.0 ], [ 727600.0, 6172100.0 ], [ 727600.0, 6172000.0 ], [ 727500.0, 6172000.0 ], [ 727500.0, 6171900.0 ], [ 727400.0, 6171900.0 ], [ 727300.0, 6171900.0 ], [ 727300.0, 6172000.0 ] ] ] } },
{ "type": "Feature", "properties": { "Shape_Area": 40000.0, "Shape_Leng": 800.0, "cluster_id": "101_1173", "fid_1": 1173.0, "id_munic": 1173.0, "munic_clus": "101_1173", "munic_code": 101.0, "min": 3.2207601070404053, "max": 3.2207601070404053, "mean": 3.2207601070404053, "count": 4, "std": 0.0, "range": 0.0 }, "geometry": { "type": "Polygon", "coordinates": [ [ [ 722800.0, 6178900.0 ], [ 722700.0, 6178900.0 ], [ 722600.0, 6178900.0 ], [ 722600.0, 6179000.0 ], [ 722600.0, 6179100.0 ], [ 722700.0, 6179100.0 ], [ 722800.0, 6179100.0 ], [ 722800.0, 6179000.0 ], [ 722800.0, 6178900.0 ] ] ] } },
{ "type": "Feature", "properties": { "Shape_Area": 140000.0, "Shape_Leng": 1800.0, "cluster_id": "101_1174", "fid_1": 1174.0, "id_munic": 1174.0, "munic_clus": "101_1174", "munic_code": 101.0, "min": 3.3183941841125488, "max": 3.3183941841125488, "mean": 3.3183942522321428, "count": 14, "std": 6.8119593965576528e-08, "range": 0.0 }, "geometry": { "type": "Polygon", "coordinates": [ [ [ 725400.0, 6176000.0 ], [ 725300.0, 6176000.0 ], [ 725300.0, 6176100.0 ], [ 725300.0, 6176200.0 ], [ 725200.0, 6176200.0 ], [ 725200.0, 6176300.0 ], [ 725200.0, 6176400.0 ], [ 725300.0, 6176400.0 ], [ 725300.0, 6176500.0 ], [ 725400.0, 6176500.0 ], [ 725400.0, 6176400.0 ], [ 725500.0, 6176400.0 ], [ 725600.0, 6176400.0 ], [ 725600.0, 6176300.0 ], [ 725600.0, 6176200.0 ], [ 725600.0, 6176100.0 ], [ 725500.0, 6176100.0 ], [ 725500.0, 6176000.0 ], [ 725400.0, 6176000.0 ] ] ] } },
{ "type": "Feature", "properties": { "Shape_Area": 70000.0, "Shape_Leng": 1200.0, "cluster_id": "101_1176", "fid_1": 1176.0, "id_munic": 1176.0, "munic_clus": "101_1176", "munic_code": 101.0, "min": 2.9048652648925781, "max": 2.9048652648925781, "mean": 2.9048652648925781, "count": 7, "std": 0.0, "range": 0.0 }, "geometry": { "type": "Polygon", "coordinates": [ [ [ 722000.0, 6178100.0 ], [ 722000.0, 6178200.0 ], [ 721900.0, 6178200.0 ], [ 721900.0, 6178300.0 ], [ 721900.0, 6178400.0 ], [ 721900.0, 6178500.0 ], [ 722000.0, 6178500.0 ], [ 722100.0, 6178500.0 ], [ 722100.0, 6178400.0 ], [ 722100.0, 6178300.0 ], [ 722100.0, 6178200.0 ], [ 722100.0, 6178100.0 ], [ 722000.0, 6178100.0 ] ] ] } },
{ "type": "Feature", "properties": { "Shape_Area": 150000.0, "Shape_Leng": 1600.0, "cluster_id": "101_1177", "fid_1": 1177.0, "id_munic": 1177.0, "munic_clus": "101_1177", "munic_code": 101.0, "min": 2.9835054874420166, "max": 2.9835054874420166, "mean": 2.9835055033365885, "count": 15, "std": 1.5894571880892272e-08, "range": 0.0 }, "geometry": { "type": "Polygon", "coordinates": [ [ [ 726400.0, 6172600.0 ], [ 726300.0, 6172600.0 ], [ 726300.0, 6172500.0 ], [ 726200.0, 6172500.0 ], [ 726100.0, 6172500.0 ], [ 726000.0, 6172500.0 ], [ 726000.0, 6172600.0 ], [ 726000.0, 6172700.0 ], [ 726000.0, 6172800.0 ], [ 726000.0, 6172900.0 ], [ 726100.0, 6172900.0 ], [ 726200.0, 6172900.0 ], [ 726300.0, 6172900.0 ], [ 726400.0, 6172900.0 ], [ 726400.0, 6172800.0 ], [ 726400.0, 6172700.0 ], [ 726400.0, 6172600.0 ] ] ] } },
{ "type": "Feature", "properties": { "Shape_Area": 80000.0, "Shape_Leng": 1200.0, "cluster_id": "101_1179", "fid_1": 1179.0, "id_munic": 1179.0, "munic_clus": "101_1179", "munic_code": 101.0, "min": 3.715761661529541, "max": 3.715761661529541, "mean": 3.715761661529541, "count": 8, "std": 0.0, "range": 0.0 }, "geometry": { "type": "Polygon", "coordinates": [ [ [ 720900.0, 6174700.0 ], [ 720900.0, 6174800.0 ], [ 721000.0, 6174800.0 ], [ 721100.0, 6174800.0 ], [ 721200.0, 6174800.0 ], [ 721200.0, 6174700.0 ], [ 721200.0, 6174600.0 ], [ 721100.0, 6174600.0 ], [ 721100.0, 6174500.0 ], [ 721000.0, 6174500.0 ], [ 720900.0, 6174500.0 ], [ 720900.0, 6174600.0 ], [ 720900.0, 6174700.0 ] ] ] } },
{ "type": "Feature", "properties": { "Shape_Area": 250000.0, "Shape_Leng": 3000.0, "cluster_id": "101_1180", "fid_1": 1180.0, "id_munic": 1180.0, "munic_clus": "101_1180", "munic_code": 101.0, "min": 3.5801401138305664, "max": 3.5801401138305664, "mean": 3.5801400756835937, "count": 25, "std": 3.8146972691777137e-08, "range": 0.0 }, "geometry": { "type": "Polygon", "coordinates": [ [ [ 724800.0, 6175800.0 ], [ 724800.0, 6175700.0 ], [ 724700.0, 6175700.0 ], [ 724700.0, 6175600.0 ], [ 724600.0, 6175600.0 ], [ 724500.0, 6175600.0 ], [ 724500.0, 6175700.0 ], [ 724400.0, 6175700.0 ], [ 724300.0, 6175700.0 ], [ 724200.0, 6175700.0 ], [ 724200.0, 6175600.0 ], [ 724100.0, 6175600.0 ], [ 724100.0, 6175700.0 ], [ 724000.0, 6175700.0 ], [ 724000.0, 6175800.0 ], [ 724000.0, 6175900.0 ], [ 724000.0, 6176000.0 ], [ 724100.0, 6176000.0 ], [ 724100.0, 6176100.0 ], [ 724200.0, 6176100.0 ], [ 724200.0, 6176000.0 ], [ 724300.0, 6176000.0 ], [ 724300.0, 6175900.0 ], [ 724400.0, 6175900.0 ], [ 724400.0, 6176000.0 ], [ 724500.0, 6176000.0 ], [ 724600.0, 6176000.0 ], [ 724700.0, 6176000.0 ], [ 724700.0, 6175900.0 ], [ 724700.0, 6175800.0 ], [ 724800.0, 6175800.0 ] ] ] } },
{ "type": "Feature", "properties": { "Shape_Area": 170000.0, "Shape_Leng": 2000.0, "cluster_id": "101_1181", "fid_1": 1181.0, "id_munic": 1181.0, "munic_clus": "101_1181", "munic_code": 101.0, "min": 2.5276579856872559, "max": 2.5276579856872559, "mean": 2.5276579015395222, "count": 17, "std": 8.4147733669936984e-08, "range": 0.0 }, "geometry": { "type": "Polygon", "coordinates": [ [ [ 728400.0, 6173100.0 ], [ 728400.0, 6173200.0 ], [ 728400.0, 6173300.0 ], [ 728500.0, 6173300.0 ], [ 728500.0, 6173400.0 ], [ 728500.0, 6173500.0 ], [ 728600.0, 6173500.0 ], [ 728600.0, 6173400.0 ], [ 728700.0, 6173400.0 ], [ 728800.0, 6173400.0 ], [ 728800.0, 6173300.0 ], [ 728800.0, 6173200.0 ], [ 728800.0, 6173100.0 ], [ 728800.0, 6173000.0 ], [ 728700.0, 6173000.0 ], [ 728700.0, 6172900.0 ], [ 728600.0, 6172900.0 ], [ 728500.0, 6172900.0 ], [ 728500.0, 6173000.0 ], [ 728500.0, 6173100.0 ], [ 728400.0, 6173100.0 ] ] ] } },
{ "type": "Feature", "properties": { "Shape_Area": 120000.0, "Shape_Leng": 1600.0, "cluster_id": "101_1182", "fid_1": 1182.0, "id_munic": 1182.0, "munic_clus": "101_1182", "munic_code": 101.0, "min": 2.7622458934783936, "max": 2.7622458934783936, "mean": 2.7622454961140952, "count": 12, "std": 3.9736429835457443e-07, "range": 0.0 }, "geometry": { "type": "Polygon", "coordinates": [ [ [ 725600.0, 6176600.0 ], [ 725600.0, 6176700.0 ], [ 725700.0, 6176700.0 ], [ 725700.0, 6176800.0 ], [ 725700.0, 6176900.0 ], [ 725700.0, 6177000.0 ], [ 725800.0, 6177000.0 ], [ 725900.0, 6177000.0 ], [ 725900.0, 6176900.0 ], [ 725900.0, 6176800.0 ], [ 725900.0, 6176700.0 ], [ 725900.0, 6176600.0 ], [ 725900.0, 6176500.0 ], [ 725800.0, 6176500.0 ], [ 725700.0, 6176500.0 ], [ 725600.0, 6176500.0 ], [ 725600.0, 6176600.0 ] ] ] } },
{ "type": "Feature", "properties": { "Shape_Area": 110000.0, "Shape_Leng": 1400.0, "cluster_id": "101_1183", "fid_1": 1183.0, "id_munic": 1183.0, "munic_clus": "101_1183", "munic_code": 101.0, "min": 3.6116297245025635, "max": 3.6116297245025635, "mean": 3.611629832874645, "count": 11, "std": 1.0837208153091636e-07, "range": 0.0 }, "geometry": { "type": "Polygon", "coordinates": [ [ [ 726900.0, 6172000.0 ], [ 726800.0, 6172000.0 ], [ 726700.0, 6172000.0 ], [ 726700.0, 6172100.0 ], [ 726700.0, 6172200.0 ], [ 726700.0, 6172300.0 ], [ 726700.0, 6172400.0 ], [ 726800.0, 6172400.0 ], [ 726900.0, 6172400.0 ], [ 726900.0, 6172300.0 ], [ 727000.0, 6172300.0 ], [ 727000.0, 6172200.0 ], [ 727000.0, 6172100.0 ], [ 727000.0, 6172000.0 ], [ 726900.0, 6172000.0 ] ] ] } },
{ "type": "Feature", "properties": { "Shape_Area": 50000.0, "Shape_Leng": 1000.0, "cluster_id": "101_1184", "fid_1": 1184.0, "id_munic": 1184.0, "munic_clus": "101_1184", "munic_code": 101.0, "min": 3.1134624481201172, "max": 3.1134624481201172, "mean": 3.1134624481201172, "count": 5, "std": 0.0, "range": 0.0 }, "geometry": { "type": "Polygon", "coordinates": [ [ [ 723800.0, 6175400.0 ], [ 723800.0, 6175500.0 ], [ 723900.0, 6175500.0 ], [ 724000.0, 6175500.0 ], [ 724000.0, 6175400.0 ], [ 724000.0, 6175300.0 ], [ 723900.0, 6175300.0 ], [ 723800.0, 6175300.0 ], [ 723700.0, 6175300.0 ], [ 723700.0, 6175400.0 ], [ 723800.0, 6175400.0 ] ] ] } },
{ "type": "Feature", "properties": { "Shape_Area": 130000.0, "Shape_Leng": 2000.0, "cluster_id": "101_1185", "fid_1": 1185.0, "id_munic": 1185.0, "munic_clus": "101_1185", "munic_code": 101.0, "min": 3.424191951751709, "max": 3.424191951751709, "mean": 3.4241919884314904, "count": 13, "std": 3.6679781434401093e-08, "range": 0.0 }, "geometry": { "type": "Polygon", "coordinates": [ [ [ 719800.0, 6172500.0 ], [ 719700.0, 6172500.0 ], [ 719700.0, 6172600.0 ], [ 719700.0, 6172700.0 ], [ 719700.0, 6172800.0 ], [ 719600.0, 6172800.0 ], [ 719600.0, 6172900.0 ], [ 719700.0, 6172900.0 ], [ 719800.0, 6172900.0 ], [ 719800.0, 6172800.0 ], [ 719900.0, 6172800.0 ], [ 719900.0, 6172700.0 ], [ 720000.0, 6172700.0 ], [ 720100.0, 6172700.0 ], [ 720100.0, 6172600.0 ], [ 720100.0, 6172500.0 ], [ 720000.0, 6172500.0 ], [ 719900.0, 6172500.0 ], [ 719900.0, 6172400.0 ], [ 719800.0, 6172400.0 ], [ 719800.0, 6172500.0 ] ] ] } },
{ "type": "Feature", "properties": { "Shape_Area": 150000.0, "Shape_Leng": 1800.0, "cluster_id": "101_1186", "fid_1": 1186.0, "id_munic": 1186.0, "munic_clus": "101_1186", "munic_code": 101.0, "min": 4.4701781272888184, "max": 4.4701781272888184, "mean": 4.4701777140299477, "count": 15, "std": 4.1325887067955591e-07, "range": 0.0 }, "geometry": { "type": "Polygon", "coordinates": [ [ [ 722200.0, 6178600.0 ], [ 722100.0, 6178600.0 ], [ 722100.0, 6178700.0 ], [ 722000.0, 6178700.0 ], [ 722000.0, 6178800.0 ], [ 721900.0, 6178800.0 ], [ 721900.0, 6178900.0 ], [ 722000.0, 6178900.0 ], [ 722000.0, 6179000.0 ], [ 722000.0, 6179100.0 ], [ 722100.0, 6179100.0 ], [ 722200.0, 6179100.0 ], [ 722300.0, 6179100.0 ], [ 722300.0, 6179000.0 ], [ 722300.0, 6178900.0 ], [ 722300.0, 6178800.0 ], [ 722300.0, 6178700.0 ], [ 722300.0, 6178600.0 ], [ 722200.0, 6178600.0 ] ] ] } },
{ "type": "Feature", "properties": { "Shape_Area": 230000.0, "Shape_Leng": 2600.0, "cluster_id": "101_1187", "fid_1": 1187.0, "id_munic": 1187.0, "munic_clus": "101_1187", "munic_code": 101.0, "min": 3.7580811977386475, "max": 3.7580811977386475, "mean": 3.7580808556598164, "count": 23, "std": 3.4207883103931636e-07, "range": 0.0 }, "geometry": { "type": "Polygon", "coordinates": [ [ [ 717600.0, 6179600.0 ], [ 717600.0, 6179700.0 ], [ 717600.0, 6179800.0 ], [ 717500.0, 6179800.0 ], [ 717400.0, 6179800.0 ], [ 717400.0, 6179900.0 ], [ 717500.0, 6179900.0 ], [ 717500.0, 6180000.0 ], [ 717600.0, 6180000.0 ], [ 717700.0, 6180000.0 ], [ 717700.0, 6180100.0 ], [ 717800.0, 6180100.0 ], [ 717900.0, 6180100.0 ], [ 717900.0, 6180000.0 ], [ 717900.0, 6179900.0 ], [ 717900.0, 6179800.0 ], [ 717900.0, 6179700.0 ], [ 717900.0, 6179600.0 ], [ 717900.0, 6179500.0 ], [ 717800.0, 6179500.0 ], [ 717800.0, 6179400.0 ], [ 717700.0, 6179400.0 ], [ 717600.0, 6179400.0 ], [ 717500.0, 6179400.0 ], [ 717500.0, 6179500.0 ], [ 717600.0, 6179500.0 ], [ 717600.0, 6179600.0 ] ] ] } },
{ "type": "Feature", "properties": { "Shape_Area": 80000.0, "Shape_Leng": 1400.0, "cluster_id": "101_1188", "fid_1": 1188.0, "id_munic": 1188.0, "munic_clus": "101_1188", "munic_code": 101.0, "min": 2.8175613880157471, "max": 2.8175613880157471, "mean": 2.8175616264343262, "count": 8, "std": 2.384185791015625e-07, "range": 0.0 }, "geometry": { "type": "Polygon", "coordinates": [ [ [ 727800.0, 6172600.0 ], [ 727800.0, 6172700.0 ], [ 727700.0, 6172700.0 ], [ 727700.0, 6172800.0 ], [ 727700.0, 6172900.0 ], [ 727600.0, 6172900.0 ], [ 727600.0, 6173000.0 ], [ 727700.0, 6173000.0 ], [ 727800.0, 6173000.0 ], [ 727900.0, 6173000.0 ], [ 727900.0, 6172900.0 ], [ 727900.0, 6172800.0 ], [ 727900.0, 6172700.0 ], [ 727900.0, 6172600.0 ], [ 727800.0, 6172600.0 ] ] ] } },
{ "type": "Feature", "properties": { "Shape_Area": 80000.0, "Shape_Leng": 1400.0, "cluster_id": "101_1189", "fid_1": 1189.0, "id_munic": 1189.0, "munic_clus": "101_1189", "munic_code": 101.0, "min": 3.3647122383117676, "max": 3.3647122383117676, "mean": 3.3647122383117676, "count": 8, "std": 0.0, "range": 0.0 }, "geometry": { "type": "Polygon", "coordinates": [ [ [ 724500.0, 6176200.0 ], [ 724400.0, 6176200.0 ], [ 724400.0, 6176300.0 ], [ 724400.0, 6176400.0 ], [ 724400.0, 6176500.0 ], [ 724500.0, 6176500.0 ], [ 724600.0, 6176500.0 ], [ 724600.0, 6176400.0 ], [ 724600.0, 6176300.0 ], [ 724700.0, 6176300.0 ], [ 724700.0, 6176200.0 ], [ 724700.0, 6176100.0 ], [ 724600.0, 6176100.0 ], [ 724600.0, 6176200.0 ], [ 724500.0, 6176200.0 ] ] ] } },
{ "type": "Feature", "properties": { "Shape_Area": 200000.0, "Shape_Leng": 2600.0, "cluster_id": "101_1190", "fid_1": 1190.0, "id_munic": 1190.0, "munic_clus": "101_1190", "munic_code": 101.0, "min": 2.1052982807159424, "max": 2.1052982807159424, "mean": 2.1052982330322267, "count": 20, "std": 4.7683715642676816e-08, "range": 0.0 }, "geometry": { "type": "Polygon", "coordinates": [ [ [ 719100.0, 6176800.0 ], [ 719100.0, 6176900.0 ], [ 719000.0, 6176900.0 ], [ 718900.0, 6176900.0 ], [ 718800.0, 6176900.0 ], [ 718800.0, 6177000.0 ], [ 718800.0, 6177100.0 ], [ 718800.0, 6177200.0 ], [ 718900.0, 6177200.0 ], [ 718900.0, 6177300.0 ], [ 719000.0, 6177300.0 ], [ 719000.0, 6177200.0 ], [ 719100.0, 6177200.0 ], [ 719100.0, 6177100.0 ], [ 719200.0, 6177100.0 ], [ 719200.0, 6177000.0 ], [ 719200.0, 6176900.0 ], [ 719300.0, 6176900.0 ], [ 719400.0, 6176900.0 ], [ 719400.0, 6176800.0 ], [ 719400.0, 6176700.0 ], [ 719400.0, 6176600.0 ], [ 719300.0, 6176600.0 ], [ 719200.0, 6176600.0 ], [ 719200.0, 6176700.0 ], [ 719100.0, 6176700.0 ], [ 719100.0, 6176800.0 ] ] ] } },
{ "type": "Feature", "properties": { "Shape_Area": 150000.0, "Shape_Leng": 1800.0, "cluster_id": "101_1191", "fid_1": 1191.0, "id_munic": 1191.0, "munic_clus": "101_1191", "munic_code": 101.0, "min": 2.8820395469665527, "max": 2.8820395469665527, "mean": 2.8820391337076825, "count": 15, "std": 4.132588702354667e-07, "range": 0.0 }, "geometry": { "type": "Polygon", "coordinates": [ [ [ 723000.0, 6177000.0 ], [ 723000.0, 6177100.0 ], [ 723000.0, 6177200.0 ], [ 723000.0, 6177300.0 ], [ 723000.0, 6177400.0 ], [ 723100.0, 6177400.0 ], [ 723100.0, 6177500.0 ], [ 723200.0, 6177500.0 ], [ 723300.0, 6177500.0 ], [ 723300.0, 6177400.0 ], [ 723400.0, 6177400.0 ], [ 723400.0, 6177300.0 ], [ 723300.0, 6177300.0 ], [ 723300.0, 6177200.0 ], [ 723300.0, 6177100.0 ], [ 723300.0, 6177000.0 ], [ 723200.0, 6177000.0 ], [ 723100.0, 6177000.0 ], [ 723000.0, 6177000.0 ] ] ] } },
{ "type": "Feature", "properties": { "Shape_Area": 130000.0, "Shape_Leng": 1800.0, "cluster_id": "101_1192", "fid_1": 1192.0, "id_munic": 1192.0, "munic_clus": "101_1192", "munic_code": 101.0, "min": 3.6232924461364746, "max": 3.6232924461364746, "mean": 3.623292189378005, "count": 13, "std": 2.5675846959671844e-07, "range": 0.0 }, "geometry": { "type": "Polygon", "coordinates": [ [ [ 723100.0, 6179100.0 ], [ 723100.0, 6179200.0 ], [ 723100.0, 6179300.0 ], [ 723000.0, 6179300.0 ], [ 723000.0, 6179400.0 ], [ 723100.0, 6179400.0 ], [ 723100.0, 6179500.0 ], [ 723200.0, 6179500.0 ], [ 723200.0, 6179600.0 ], [ 723300.0, 6179600.0 ], [ 723300.0, 6179500.0 ], [ 723400.0, 6179500.0 ], [ 723400.0, 6179400.0 ], [ 723400.0, 6179300.0 ], [ 723400.0, 6179200.0 ], [ 723300.0, 6179200.0 ], [ 723300.0, 6179100.0 ], [ 723200.0, 6179100.0 ], [ 723100.0, 6179100.0 ] ] ] } },
{ "type": "Feature", "properties": { "Shape_Area": 50000.0, "Shape_Leng": 1000.0, "cluster_id": "101_1193", "fid_1": 1193.0, "id_munic": 1193.0, "munic_clus": "101_1193", "munic_code": 101.0, "min": 3.278740406036377, "max": 3.278740406036377, "mean": 3.2787403106689452, "count": 5, "std": 9.5367431729442842e-08, "range": 0.0 }, "geometry": { "type": "Polygon", "coordinates": [ [ [ 723600.0, 6179400.0 ], [ 723600.0, 6179300.0 ], [ 723600.0, 6179200.0 ], [ 723500.0, 6179200.0 ], [ 723400.0, 6179200.0 ], [ 723400.0, 6179300.0 ], [ 723400.0, 6179400.0 ], [ 723400.0, 6179500.0 ], [ 723500.0, 6179500.0 ], [ 723500.0, 6179400.0 ], [ 723600.0, 6179400.0 ] ] ] } },
{ "type": "Feature", "properties": { "Shape_Area": 40000.0, "Shape_Leng": 1000.0, "cluster_id": "101_1194", "fid_1": 1194.0, "id_munic": 1194.0, "munic_clus": "101_1194", "munic_code": 101.0, "min": 3.3538820743560791, "max": 3.3538820743560791, "mean": 3.3538820743560791, "count": 4, "std": 0.0, "range": 0.0 }, "geometry": { "type": "Polygon", "coordinates": [ [ [ 721600.0, 6178200.0 ], [ 721600.0, 6178300.0 ], [ 721600.0, 6178400.0 ], [ 721700.0, 6178400.0 ], [ 721700.0, 6178300.0 ], [ 721700.0, 6178200.0 ], [ 721700.0, 6178100.0 ], [ 721600.0, 6178100.0 ], [ 721500.0, 6178100.0 ], [ 721500.0, 6178200.0 ], [ 721600.0, 6178200.0 ] ] ] } },
{ "type": "Feature", "properties": { "Shape_Area": 140000.0, "Shape_Leng": 1800.0, "cluster_id": "101_1195", "fid_1": 1195.0, "id_munic": 1195.0, "munic_clus": "101_1195", "munic_code": 101.0, "min": 4.0963020324707031, "max": 4.0963020324707031, "mean": 4.0963020324707031, "count": 14, "std": 0.0, "range": 0.0 }, "geometry": { "type": "Polygon", "coordinates": [ [ [ 720600.0, 6178600.0 ], [ 720700.0, 6178600.0 ], [ 720700.0, 6178500.0 ], [ 720600.0, 6178500.0 ], [ 720600.0, 6178400.0 ], [ 720600.0, 6178300.0 ], [ 720500.0, 6178300.0 ], [ 720400.0, 6178300.0 ], [ 720400.0, 6178400.0 ], [ 720400.0, 6178500.0 ], [ 720300.0, 6178500.0 ], [ 720300.0, 6178600.0 ], [ 720300.0, 6178700.0 ], [ 720300.0, 6178800.0 ], [ 720400.0, 6178800.0 ], [ 720500.0, 6178800.0 ], [ 720600.0, 6178800.0 ], [ 720600.0, 6178700.0 ], [ 720600.0, 6178600.0 ] ] ] } },
{ "type": "Feature", "properties": { "Shape_Area": 80000.0, "Shape_Leng": 1400.0, "cluster_id": "101_1196", "fid_1": 1196.0, "id_munic": 1196.0, "munic_clus": "101_1196", "munic_code": 101.0, "min": 3.0818066596984863, "max": 3.0818066596984863, "mean": 3.0818064212799072, "count": 8, "std": 2.384185791015625e-07, "range": 0.0 }, "geometry": { "type": "Polygon", "coordinates": [ [ [ 721100.0, 6178300.0 ], [ 721200.0, 6178300.0 ], [ 721200.0, 6178400.0 ], [ 721200.0, 6178500.0 ], [ 721300.0, 6178500.0 ], [ 721300.0, 6178400.0 ], [ 721400.0, 6178400.0 ], [ 721400.0, 6178300.0 ], [ 721400.0, 6178200.0 ], [ 721300.0, 6178200.0 ], [ 721300.0, 6178100.0 ], [ 721200.0, 6178100.0 ], [ 721100.0, 6178100.0 ], [ 721100.0, 6178200.0 ], [ 721100.0, 6178300.0 ] ] ] } },
{ "type": "Feature", "properties": { "Shape_Area": 100000.0, "Shape_Leng": 1600.0, "cluster_id": "101_1197", "fid_1": 1197.0, "id_munic": 1197.0, "munic_clus": "101_1197", "munic_code": 101.0, "min": 3.4616799354553223, "max": 3.4616799354553223, "mean": 3.4616798400878905, "count": 10, "std": 9.5367431729442855e-08, "range": 0.0 }, "geometry": { "type": "Polygon", "coordinates": [ [ [ 727500.0, 6173600.0 ], [ 727500.0, 6173700.0 ], [ 727500.0, 6173800.0 ], [ 727600.0, 6173800.0 ], [ 727700.0, 6173800.0 ], [ 727800.0, 6173800.0 ], [ 727800.0, 6173700.0 ], [ 727900.0, 6173700.0 ], [ 727900.0, 6173600.0 ], [ 727800.0, 6173600.0 ], [ 727700.0, 6173600.0 ], [ 727700.0, 6173500.0 ], [ 727600.0, 6173500.0 ], [ 727500.0, 6173500.0 ], [ 727400.0, 6173500.0 ], [ 727400.0, 6173600.0 ], [ 727500.0, 6173600.0 ] ] ] } },
{ "type": "Feature", "properties": { "Shape_Area": 90000.0, "Shape_Leng": 1400.0, "cluster_id": "101_1198", "fid_1": 1198.0, "id_munic": 1198.0, "munic_clus": "101_1198", "munic_code": 101.0, "min": 2.63295578956604, "max": 2.63295578956604, "mean": 2.6329557630750866, "count": 9, "std": 2.6490953430879927e-08, "range": 0.0 }, "geometry": { "type": "Polygon", "coordinates": [ [ [ 725600.0, 6176700.0 ], [ 725600.0, 6176600.0 ], [ 725600.0, 6176500.0 ], [ 725500.0, 6176500.0 ], [ 725500.0, 6176400.0 ], [ 725400.0, 6176400.0 ], [ 725400.0, 6176500.0 ], [ 725300.0, 6176500.0 ], [ 725200.0, 6176500.0 ], [ 725200.0, 6176600.0 ], [ 725200.0, 6176700.0 ], [ 725300.0, 6176700.0 ], [ 725400.0, 6176700.0 ], [ 725500.0, 6176700.0 ], [ 725600.0, 6176700.0 ] ] ] } },
{ "type": "Feature", "properties": { "Shape_Area": 50000.0, "Shape_Leng": 1000.0, "cluster_id": "101_1199", "fid_1": 1199.0, "id_munic": 1199.0, "munic_clus": "101_1199", "munic_code": 101.0, "min": 3.399033784866333, "max": 3.399033784866333, "mean": 3.3990337371826174, "count": 5, "std": 4.7683715642676816e-08, "range": 0.0 }, "geometry": { "type": "Polygon", "coordinates": [ [ [ 721600.0, 6179000.0 ], [ 721700.0, 6179000.0 ], [ 721700.0, 6179100.0 ], [ 721800.0, 6179100.0 ], [ 721900.0, 6179100.0 ], [ 721900.0, 6179000.0 ], [ 721900.0, 6178900.0 ], [ 721800.0, 6178900.0 ], [ 721700.0, 6178900.0 ], [ 721600.0, 6178900.0 ], [ 721600.0, 6179000.0 ] ] ] } },
{ "type": "Feature", "properties": { "Shape_Area": 270000.0, "Shape_Leng": 3200.0, "cluster_id": "101_1200", "fid_1": 1200.0, "id_munic": 1200.0, "munic_clus": "101_1200", "munic_code": 101.0, "min": 3.4361886978149414, "max": 3.4361886978149414, "mean": 3.4361885918511286, "count": 27, "std": 1.0596381283534129e-07, "range": 0.0 }, "geometry": { "type": "Polygon", "coordinates": [ [ [ 724600.0, 6174900.0 ], [ 724600.0, 6175000.0 ], [ 724500.0, 6175000.0 ], [ 724500.0, 6175100.0 ], [ 724600.0, 6175100.0 ], [ 724600.0, 6175200.0 ], [ 724600.0, 6175300.0 ], [ 724700.0, 6175300.0 ], [ 724800.0, 6175300.0 ], [ 724800.0, 6175400.0 ], [ 724700.0, 6175400.0 ], [ 724700.0, 6175500.0 ], [ 724800.0, 6175500.0 ], [ 724800.0, 6175600.0 ], [ 724900.0, 6175600.0 ], [ 725000.0, 6175600.0 ], [ 725000.0, 6175500.0 ], [ 725100.0, 6175500.0 ], [ 725100.0, 6175400.0 ], [ 725200.0, 6175400.0 ], [ 725200.0, 6175300.0 ], [ 725100.0, 6175300.0 ], [ 725100.0, 6175200.0 ], [ 725100.0, 6175100.0 ], [ 725100.0, 6175000.0 ], [ 725000.0, 6175000.0 ], [ 725000.0, 6175100.0 ], [ 724900.0, 6175100.0 ], [ 724900.0, 6175000.0 ], [ 724800.0, 6175000.0 ], [ 724800.0, 6174900.0 ], [ 724700.0, 6174900.0 ], [ 724600.0, 6174900.0 ] ] ] } },
{ "type": "Feature", "properties": { "Shape_Area": 120000.0, "Shape_Leng": 1600.0, "cluster_id": "101_1201", "fid_1": 1201.0, "id_munic": 1201.0, "munic_clus": "101_1201", "munic_code": 101.0, "min": 3.5758087635040283, "max": 3.5758087635040283, "mean": 3.5758088429768882, "count": 12, "std": 7.947285984855057e-08, "range": 0.0 }, "geometry": { "type": "Polygon", "coordinates": [ [ [ 720800.0, 6179200.0 ], [ 720700.0, 6179200.0 ], [ 720600.0, 6179200.0 ], [ 720500.0, 6179200.0 ], [ 720500.0, 6179300.0 ], [ 720500.0, 6179400.0 ], [ 720600.0, 6179400.0 ], [ 720600.0, 6179500.0 ], [ 720600.0, 6179600.0 ], [ 720700.0, 6179600.0 ], [ 720800.0, 6179600.0 ], [ 720800.0, 6179500.0 ], [ 720900.0, 6179500.0 ], [ 720900.0, 6179400.0 ], [ 720900.0, 6179300.0 ], [ 720800.0, 6179300.0 ], [ 720800.0, 6179200.0 ] ] ] } },
{ "type": "Feature", "properties": { "Shape_Area": 420000.0, "Shape_Leng": 3600.0, "cluster_id": "101_1202", "fid_1": 1202.0, "id_munic": 1202.0, "munic_clus": "101_1202", "munic_code": 101.0, "min": 2.5903036594390869, "max": 2.5903036594390869, "mean": 2.5903036934988841, "count": 42, "std": 3.4059797204832876e-08, "range": 0.0 }, "geometry": { "type": "Polygon", "coordinates": [ [ [ 727900.0, 6174200.0 ], [ 728000.0, 6174200.0 ], [ 728000.0, 6174300.0 ], [ 728000.0, 6174400.0 ], [ 728100.0, 6174400.0 ], [ 728200.0, 6174400.0 ], [ 728300.0, 6174400.0 ], [ 728300.0, 6174500.0 ], [ 728400.0, 6174500.0 ], [ 728400.0, 6174400.0 ], [ 728500.0, 6174400.0 ], [ 728600.0, 6174400.0 ], [ 728700.0, 6174400.0 ], [ 728700.0, 6174300.0 ], [ 728800.0, 6174300.0 ], [ 728800.0, 6174200.0 ], [ 728800.0, 6174100.0 ], [ 728900.0, 6174100.0 ], [ 728900.0, 6174000.0 ], [ 728800.0, 6174000.0 ], [ 728800.0, 6173900.0 ], [ 728700.0, 6173900.0 ], [ 728600.0, 6173900.0 ], [ 728500.0, 6173900.0 ], [ 728500.0, 6173800.0 ], [ 728400.0, 6173800.0 ], [ 728300.0, 6173800.0 ], [ 728300.0, 6173900.0 ], [ 728200.0, 6173900.0 ], [ 728200.0, 6174000.0 ], [ 728100.0, 6174000.0 ], [ 728100.0, 6174100.0 ], [ 728000.0, 6174100.0 ], [ 727900.0, 6174100.0 ], [ 727800.0, 6174100.0 ], [ 727800.0, 6174200.0 ], [ 727900.0, 6174200.0 ] ] ] } },
{ "type": "Feature", "properties": { "Shape_Area": 220000.0, "Shape_Leng": 2600.0, "cluster_id": "101_1204", "fid_1": 1204.0, "id_munic": 1204.0, "munic_clus": "101_1204", "munic_code": 101.0, "min": 3.6772744655609131, "max": 3.6772744655609131, "mean": 3.6772745305841621, "count": 22, "std": 6.5023249007367667e-08, "range": 0.0 }, "geometry": { "type": "Polygon", "coordinates": [ [ [ 720000.0, 6178100.0 ], [ 720100.0, 6178100.0 ], [ 720200.0, 6178100.0 ], [ 720300.0, 6178100.0 ], [ 720300.0, 6178200.0 ], [ 720300.0, 6178300.0 ], [ 720400.0, 6178300.0 ], [ 720500.0, 6178300.0 ], [ 720600.0, 6178300.0 ], [ 720700.0, 6178300.0 ], [ 720700.0, 6178200.0 ], [ 720700.0, 6178100.0 ], [ 720700.0, 6178000.0 ], [ 720800.0, 6178000.0 ], [ 720800.0, 6177900.0 ], [ 720700.0, 6177900.0 ], [ 720600.0, 6177900.0 ], [ 720500.0, 6177900.0 ], [ 720500.0, 6177800.0 ], [ 720400.0, 6177800.0 ], [ 720400.0, 6177900.0 ], [ 720300.0, 6177900.0 ], [ 720200.0, 6177900.0 ], [ 720200.0, 6178000.0 ], [ 720100.0, 6178000.0 ], [ 720000.0, 6178000.0 ], [ 720000.0, 6178100.0 ] ] ] } },
{ "type": "Feature", "properties": { "Shape_Area": 380000.0, "Shape_Leng": 3400.0, "cluster_id": "101_1206", "fid_1": 1206.0, "id_munic": 1206.0, "munic_clus": "101_1206", "munic_code": 101.0, "min": 3.1029660701751709, "max": 3.1029660701751709, "mean": 3.1029659070466695, "count": 38, "std": 1.6312850137367718e-07, "range": 0.0 }, "geometry": { "type": "Polygon", "coordinates": [ [ [ 725500.0, 6175400.0 ], [ 725400.0, 6175400.0 ], [ 725300.0, 6175400.0 ], [ 725200.0, 6175400.0 ], [ 725100.0, 6175400.0 ], [ 725100.0, 6175500.0 ], [ 725000.0, 6175500.0 ], [ 725000.0, 6175600.0 ], [ 724900.0, 6175600.0 ], [ 724900.0, 6175700.0 ], [ 724800.0, 6175700.0 ], [ 724800.0, 6175800.0 ], [ 724800.0, 6175900.0 ], [ 724900.0, 6175900.0 ], [ 725000.0, 6175900.0 ], [ 725000.0, 6176000.0 ], [ 725100.0, 6176000.0 ], [ 725200.0, 6176000.0 ], [ 725200.0, 6175900.0 ], [ 725300.0, 6175900.0 ], [ 725300.0, 6175800.0 ], [ 725400.0, 6175800.0 ], [ 725500.0, 6175800.0 ], [ 725600.0, 6175800.0 ], [ 725600.0, 6175700.0 ], [ 725600.0, 6175600.0 ], [ 725700.0, 6175600.0 ], [ 725700.0, 6175500.0 ], [ 725800.0, 6175500.0 ], [ 725800.0, 6175400.0 ], [ 725700.0, 6175400.0 ], [ 725700.0, 6175300.0 ], [ 725600.0, 6175300.0 ], [ 725500.0, 6175300.0 ], [ 725500.0, 6175400.0 ] ] ] } },
{ "type": "Feature", "properties": { "Shape_Area": 320000.0, "Shape_Leng": 2800.0, "cluster_id": "101_1207", "fid_1": 1207.0, "id_munic": 1207.0, "munic_clus": "101_1207", "munic_code": 101.0, "min": 3.6289572715759277, "max": 3.6289572715759277, "mean": 3.6289572715759277, "count": 32, "std": 0.0, "range": 0.0 }, "geometry": { "type": "Polygon", "coordinates": [ [ [ 726400.0, 6172700.0 ], [ 726400.0, 6172800.0 ], [ 726400.0, 6172900.0 ], [ 726400.0, 6173000.0 ], [ 726500.0, 6173000.0 ], [ 726500.0, 6173100.0 ], [ 726500.0, 6173200.0 ], [ 726500.0, 6173300.0 ], [ 726600.0, 6173300.0 ], [ 726700.0, 6173300.0 ], [ 726700.0, 6173200.0 ], [ 726800.0, 6173200.0 ], [ 726900.0, 6173200.0 ], [ 726900.0, 6173100.0 ], [ 726900.0, 6173000.0 ], [ 727000.0, 6173000.0 ], [ 727100.0, 6173000.0 ], [ 727100.0, 6172900.0 ], [ 727100.0, 6172800.0 ], [ 727000.0, 6172800.0 ], [ 726900.0, 6172800.0 ], [ 726800.0, 6172800.0 ], [ 726800.0, 6172700.0 ], [ 726800.0, 6172600.0 ], [ 726700.0, 6172600.0 ], [ 726600.0, 6172600.0 ], [ 726500.0, 6172600.0 ], [ 726400.0, 6172600.0 ], [ 726400.0, 6172700.0 ] ] ] } },
{ "type": "Feature", "properties": { "Shape_Area": 100000.0, "Shape_Leng": 1600.0, "cluster_id": "147_1", "fid_1": 1209.0, "id_munic": 1.0, "munic_clus": "147_1", "munic_code": 147.0, "min": 2.6156284809112549, "max": 2.6156284809112549, "mean": 2.6156284332275392, "count": 10, "std": 4.7683715642676816e-08, "range": 0.0 }, "geometry": { "type": "Polygon", "coordinates": [ [ [ 721200.0, 6176400.0 ], [ 721100.0, 6176400.0 ], [ 721000.0, 6176400.0 ], [ 720900.0, 6176400.0 ], [ 720900.0, 6176500.0 ], [ 720800.0, 6176500.0 ], [ 720800.0, 6176600.0 ], [ 720900.0, 6176600.0 ], [ 720900.0, 6176700.0 ], [ 720900.0, 6176800.0 ], [ 721000.0, 6176800.0 ], [ 721000.0, 6176700.0 ], [ 721100.0, 6176700.0 ], [ 721100.0, 6176600.0 ], [ 721200.0, 6176600.0 ], [ 721200.0, 6176500.0 ], [ 721200.0, 6176400.0 ] ] ] } },
{ "type": "Feature", "properties": { "Shape_Area": 10000.0, "Shape_Leng": 400.0, "cluster_id": "147_2", "fid_1": 1210.0, "id_munic": 2.0, "munic_clus": "147_2", "munic_code": 147.0, "min": 2.3007333278656006, "max": 2.3007333278656006, "mean": 2.3007333278656006, "count": 1, "std": 0.0, "range": 0.0 }, "geometry": { "type": "Polygon", "coordinates": [ [ [ 722100.0, 6175000.0 ], [ 722100.0, 6175100.0 ], [ 722200.0, 6175100.0 ], [ 722200.0, 6175000.0 ], [ 722100.0, 6175000.0 ] ] ] } },
{ "type": "Feature", "properties": { "Shape_Area": 40000.0, "Shape_Leng": 1000.0, "cluster_id": "147_3", "fid_1": 1211.0, "id_munic": 3.0, "munic_clus": "147_3", "munic_code": 147.0, "min": 2.7175946235656738, "max": 2.7175946235656738, "mean": 2.7175946235656738, "count": 4, "std": 0.0, "range": 0.0 }, "geometry": { "type": "Polygon", "coordinates": [ [ [ 722200.0, 6174900.0 ], [ 722200.0, 6174800.0 ], [ 722100.0, 6174800.0 ], [ 722000.0, 6174800.0 ], [ 722000.0, 6174900.0 ], [ 722000.0, 6175000.0 ], [ 722000.0, 6175100.0 ], [ 722100.0, 6175100.0 ], [ 722100.0, 6175000.0 ], [ 722100.0, 6174900.0 ], [ 722200.0, 6174900.0 ] ] ] } },
{ "type": "Feature", "properties": { "Shape_Area": 50000.0, "Shape_Leng": 1200.0, "cluster_id": "147_4", "fid_1": 1212.0, "id_munic": 4.0, "munic_clus": "147_4", "munic_code": 147.0, "min": 3.9083645343780518, "max": 3.9083645343780518, "mean": 3.9083644866943361, "count": 5, "std": 4.7683715642676816e-08, "range": 0.0 }, "geometry": { "type": "Polygon", "coordinates": [ [ [ 722200.0, 6175000.0 ], [ 722200.0, 6175100.0 ], [ 722300.0, 6175100.0 ], [ 722400.0, 6175100.0 ], [ 722500.0, 6175100.0 ], [ 722500.0, 6175000.0 ], [ 722400.0, 6175000.0 ], [ 722300.0, 6175000.0 ], [ 722300.0, 6174900.0 ], [ 722200.0, 6174900.0 ], [ 722100.0, 6174900.0 ], [ 722100.0, 6175000.0 ], [ 722200.0, 6175000.0 ] ] ] } },
{ "type": "Feature", "properties": { "Shape_Area": 10000.0, "Shape_Leng": 400.0, "cluster_id": "147_5", "fid_1": 1213.0, "id_munic": 5.0, "munic_clus": "147_5", "munic_code": 147.0, "min": 3.31689453125, "max": 3.31689453125, "mean": 3.31689453125, "count": 1, "std": 0.0, "range": 0.0 }, "geometry": { "type": "Polygon", "coordinates": [ [ [ 721400.0, 6174600.0 ], [ 721400.0, 6174700.0 ], [ 721500.0, 6174700.0 ], [ 721500.0, 6174600.0 ], [ 721400.0, 6174600.0 ] ] ] } },
{ "type": "Feature", "properties": { "Shape_Area": 10000.0, "Shape_Leng": 400.0, "cluster_id": "147_6", "fid_1": 1214.0, "id_munic": 6.0, "munic_clus": "147_6", "munic_code": 147.0, "min": 2.3312230110168457, "max": 2.3312230110168457, "mean": 2.3312230110168457, "count": 1, "std": 0.0, "range": 0.0 }, "geometry": { "type": "Polygon", "coordinates": [ [ [ 720400.0, 6175400.0 ], [ 720400.0, 6175500.0 ], [ 720500.0, 6175500.0 ], [ 720500.0, 6175400.0 ], [ 720400.0, 6175400.0 ] ] ] } },
{ "type": "Feature", "properties": { "Shape_Area": 80000.0, "Shape_Leng": 1400.0, "cluster_id": "147_7", "fid_1": 1215.0, "id_munic": 7.0, "munic_clus": "147_7", "munic_code": 147.0, "min": 3.2144286632537842, "max": 3.2144286632537842, "mean": 3.2144284248352051, "count": 8, "std": 2.384185791015625e-07, "range": 0.0 }, "geometry": { "type": "Polygon", "coordinates": [ [ [ 720400.0, 6175500.0 ], [ 720300.0, 6175500.0 ], [ 720300.0, 6175600.0 ], [ 720300.0, 6175700.0 ], [ 720200.0, 6175700.0 ], [ 720200.0, 6175800.0 ], [ 720200.0, 6175900.0 ], [ 720300.0, 6175900.0 ], [ 720400.0, 6175900.0 ], [ 720400.0, 6175800.0 ], [ 720400.0, 6175700.0 ], [ 720500.0, 6175700.0 ], [ 720500.0, 6175600.0 ], [ 720500.0, 6175500.0 ], [ 720400.0, 6175500.0 ] ] ] } },
{ "type": "Feature", "properties": { "Shape_Area": 10000.0, "Shape_Leng": 400.0, "cluster_id": "147_8", "fid_1": 1216.0, "id_munic": 8.0, "munic_clus": "147_8", "munic_code": 147.0, "min": 3.2904031276702881, "max": 3.2904031276702881, "mean": 3.2904031276702881, "count": 1, "std": 0.0, "range": 0.0 }, "geometry": { "type": "Polygon", "coordinates": [ [ [ 720400.0, 6175300.0 ], [ 720400.0, 6175400.0 ], [ 720500.0, 6175400.0 ], [ 720500.0, 6175300.0 ], [ 720400.0, 6175300.0 ] ] ] } },
{ "type": "Feature", "properties": { "Shape_Area": 80000.0, "Shape_Leng": 1400.0, "cluster_id": "147_9", "fid_1": 1217.0, "id_munic": 9.0, "munic_clus": "147_9", "munic_code": 147.0, "min": 2.6797735691070557, "max": 2.6797735691070557, "mean": 2.6797735691070557, "count": 8, "std": 0.0, "range": 0.0 }, "geometry": { "type": "Polygon", "coordinates": [ [ [ 720500.0, 6175300.0 ], [ 720500.0, 6175200.0 ], [ 720400.0, 6175200.0 ], [ 720300.0, 6175200.0 ], [ 720200.0, 6175200.0 ], [ 720200.0, 6175300.0 ], [ 720200.0, 6175400.0 ], [ 720100.0, 6175400.0 ], [ 720100.0, 6175500.0 ], [ 720200.0, 6175500.0 ], [ 720300.0, 6175500.0 ], [ 720400.0, 6175500.0 ], [ 720400.0, 6175400.0 ], [ 720400.0, 6175300.0 ], [ 720500.0, 6175300.0 ] ] ] } },
{ "type": "Feature", "properties": { "Shape_Area": 20000.0, "Shape_Leng": 600.0, "cluster_id": "147_10", "fid_1": 1218.0, "id_munic": 10.0, "munic_clus": "147_10", "munic_code": 147.0, "min": 2.5179941654205322, "max": 2.5179941654205322, "mean": 2.5179941654205322, "count": 2, "std": 0.0, "range": 0.0 }, "geometry": { "type": "Polygon", "coordinates": [ [ [ 722100.0, 6175200.0 ], [ 722100.0, 6175300.0 ], [ 722200.0, 6175300.0 ], [ 722200.0, 6175200.0 ], [ 722200.0, 6175100.0 ], [ 722100.0, 6175100.0 ], [ 722100.0, 6175200.0 ] ] ] } },
{ "type": "Feature", "properties": { "Shape_Area": 40000.0, "Shape_Leng": 800.0, "cluster_id": "147_11", "fid_1": 1219.0, "id_munic": 11.0, "munic_clus": "147_11", "munic_code": 147.0, "min": 2.6259579658508301, "max": 2.6259579658508301, "mean": 2.6259579658508301, "count": 4, "std": 0.0, "range": 0.0 }, "geometry": { "type": "Polygon", "coordinates": [ [ [ 720600.0, 6175700.0 ], [ 720500.0, 6175700.0 ], [ 720400.0, 6175700.0 ], [ 720400.0, 6175800.0 ], [ 720400.0, 6175900.0 ], [ 720500.0, 6175900.0 ], [ 720600.0, 6175900.0 ], [ 720600.0, 6175800.0 ], [ 720600.0, 6175700.0 ] ] ] } },
{ "type": "Feature", "properties": { "Shape_Area": 10000.0, "Shape_Leng": 400.0, "cluster_id": "147_12", "fid_1": 1220.0, "id_munic": 12.0, "munic_clus": "147_12", "munic_code": 147.0, "min": 2.0938022136688232, "max": 2.0938022136688232, "mean": 2.0938022136688232, "count": 1, "std": 0.0, "range": 0.0 }, "geometry": { "type": "Polygon", "coordinates": [ [ [ 720100.0, 6175800.0 ], [ 720100.0, 6175900.0 ], [ 720200.0, 6175900.0 ], [ 720200.0, 6175800.0 ], [ 720100.0, 6175800.0 ] ] ] } },
{ "type": "Feature", "properties": { "Shape_Area": 20000.0, "Shape_Leng": 600.0, "cluster_id": "147_13", "fid_1": 1221.0, "id_munic": 13.0, "munic_clus": "147_13", "munic_code": 147.0, "min": 2.7515828609466553, "max": 2.7515828609466553, "mean": 2.7515828609466553, "count": 2, "std": 0.0, "range": 0.0 }, "geometry": { "type": "Polygon", "coordinates": [ [ [ 720000.0, 6175800.0 ], [ 720000.0, 6175900.0 ], [ 720100.0, 6175900.0 ], [ 720100.0, 6175800.0 ], [ 720100.0, 6175700.0 ], [ 720000.0, 6175700.0 ], [ 720000.0, 6175800.0 ] ] ] } },
{ "type": "Feature", "properties": { "Shape_Area": 20000.0, "Shape_Leng": 600.0, "cluster_id": "147_14", "fid_1": 1222.0, "id_munic": 14.0, "munic_clus": "147_14", "munic_code": 147.0, "min": 2.8065645694732666, "max": 2.8065645694732666, "mean": 2.8065645694732666, "count": 2, "std": 0.0, "range": 0.0 }, "geometry": { "type": "Polygon", "coordinates": [ [ [ 720000.0, 6175300.0 ], [ 720000.0, 6175400.0 ], [ 720100.0, 6175400.0 ], [ 720100.0, 6175300.0 ], [ 720100.0, 6175200.0 ], [ 720000.0, 6175200.0 ], [ 720000.0, 6175300.0 ] ] ] } },
{ "type": "Feature", "properties": { "Shape_Area": 250000.0, "Shape_Leng": 2200.0, "cluster_id": "147_15", "fid_1": 1223.0, "id_munic": 15.0, "munic_clus": "147_15", "munic_code": 147.0, "min": 3.5109965801239014, "max": 3.5109965801239014, "mean": 3.5109960937500002, "count": 25, "std": 4.8637390115402468e-07, "range": 0.0 }, "geometry": { "type": "Polygon", "coordinates": [ [ [ 719600.0, 6175600.0 ], [ 719600.0, 6175700.0 ], [ 719600.0, 6175800.0 ], [ 719700.0, 6175800.0 ], [ 719800.0, 6175800.0 ], [ 719900.0, 6175800.0 ], [ 720000.0, 6175800.0 ], [ 720000.0, 6175700.0 ], [ 720000.0, 6175600.0 ], [ 720000.0, 6175500.0 ], [ 720100.0, 6175500.0 ], [ 720100.0, 6175400.0 ], [ 720000.0, 6175400.0 ], [ 720000.0, 6175300.0 ], [ 720000.0, 6175200.0 ], [ 719900.0, 6175200.0 ], [ 719800.0, 6175200.0 ], [ 719700.0, 6175200.0 ], [ 719600.0, 6175200.0 ], [ 719600.0, 6175300.0 ], [ 719600.0, 6175400.0 ], [ 719600.0, 6175500.0 ], [ 719600.0, 6175600.0 ] ] ] } },
{ "type": "Feature", "properties": { "Shape_Area": 70000.0, "Shape_Leng": 1200.0, "cluster_id": "147_16", "fid_1": 1224.0, "id_munic": 16.0, "munic_clus": "147_16", "munic_code": 147.0, "min": 2.6842720508575439, "max": 2.6842720508575439, "mean": 2.6842722211565291, "count": 7, "std": 1.7029898513598596e-07, "range": 0.0 }, "geometry": { "type": "Polygon", "coordinates": [ [ [ 720300.0, 6175500.0 ], [ 720200.0, 6175500.0 ], [ 720100.0, 6175500.0 ], [ 720000.0, 6175500.0 ], [ 720000.0, 6175600.0 ], [ 720000.0, 6175700.0 ], [ 720100.0, 6175700.0 ], [ 720100.0, 6175800.0 ], [ 720200.0, 6175800.0 ], [ 720200.0, 6175700.0 ], [ 720300.0, 6175700.0 ], [ 720300.0, 6175600.0 ], [ 720300.0, 6175500.0 ] ] ] } },
{ "type": "Feature", "properties": { "Shape_Area": 10000.0, "Shape_Leng": 400.0, "cluster_id": "147_17", "fid_1": 1225.0, "id_munic": 17.0, "munic_clus": "147_17", "munic_code": 147.0, "min": 2.7237586975097656, "max": 2.7237586975097656, "mean": 2.7237586975097656, "count": 1, "std": 0.0, "range": 0.0 }, "geometry": { "type": "Polygon", "coordinates": [ [ [ 719800.0, 6175800.0 ], [ 719800.0, 6175900.0 ], [ 719900.0, 6175900.0 ], [ 719900.0, 6175800.0 ], [ 719800.0, 6175800.0 ] ] ] } },
{ "type": "Feature", "properties": { "Shape_Area": 10000.0, "Shape_Leng": 400.0, "cluster_id": "147_18", "fid_1": 1226.0, "id_munic": 18.0, "munic_clus": "147_18", "munic_code": 147.0, "min": 2.2229259014129639, "max": 2.2229259014129639, "mean": 2.2229259014129639, "count": 1, "std": 0.0, "range": 0.0 }, "geometry": { "type": "Polygon", "coordinates": [ [ [ 719700.0, 6175800.0 ], [ 719700.0, 6175900.0 ], [ 719800.0, 6175900.0 ], [ 719800.0, 6175800.0 ], [ 719700.0, 6175800.0 ] ] ] } },
{ "type": "Feature", "properties": { "Shape_Area": 10000.0, "Shape_Leng": 400.0, "cluster_id": "147_19", "fid_1": 1227.0, "id_munic": 19.0, "munic_clus": "147_19", "munic_code": 147.0, "min": 2.6919360160827637, "max": 2.6919360160827637, "mean": 2.6919360160827637, "count": 1, "std": 0.0, "range": 0.0 }, "geometry": { "type": "Polygon", "coordinates": [ [ [ 719600.0, 6175800.0 ], [ 719600.0, 6175900.0 ], [ 719700.0, 6175900.0 ], [ 719700.0, 6175800.0 ], [ 719600.0, 6175800.0 ] ] ] } },
{ "type": "Feature", "properties": { "Shape_Area": 20000.0, "Shape_Leng": 600.0, "cluster_id": "147_20", "fid_1": 1228.0, "id_munic": 20.0, "munic_clus": "147_20", "munic_code": 147.0, "min": 3.2695772647857666, "max": 3.2695772647857666, "mean": 3.2695772647857666, "count": 2, "std": 0.0, "range": 0.0 }, "geometry": { "type": "Polygon", "coordinates": [ [ [ 719700.0, 6176000.0 ], [ 719800.0, 6176000.0 ], [ 719900.0, 6176000.0 ], [ 719900.0, 6175900.0 ], [ 719800.0, 6175900.0 ], [ 719700.0, 6175900.0 ], [ 719700.0, 6176000.0 ] ] ] } },
{ "type": "Feature", "properties": { "Shape_Area": 180000.0, "Shape_Leng": 2200.0, "cluster_id": "147_21", "fid_1": 1229.0, "id_munic": 21.0, "munic_clus": "147_21", "munic_code": 147.0, "min": 3.5384876728057861, "max": 3.5384876728057861, "mean": 3.5384873284233942, "count": 18, "std": 3.4438239193690379e-07, "range": 0.0 }, "geometry": { "type": "Polygon", "coordinates": [ [ [ 719900.0, 6176300.0 ], [ 719800.0, 6176300.0 ], [ 719700.0, 6176300.0 ], [ 719700.0, 6176400.0 ], [ 719700.0, 6176500.0 ], [ 719800.0, 6176500.0 ], [ 719800.0, 6176600.0 ], [ 719900.0, 6176600.0 ], [ 719900.0, 6176700.0 ], [ 720000.0, 6176700.0 ], [ 720000.0, 6176800.0 ], [ 720100.0, 6176800.0 ], [ 720200.0, 6176800.0 ], [ 720300.0, 6176800.0 ], [ 720300.0, 6176700.0 ], [ 720200.0, 6176700.0 ], [ 720200.0, 6176600.0 ], [ 720200.0, 6176500.0 ], [ 720100.0, 6176500.0 ], [ 720100.0, 6176400.0 ], [ 720100.0, 6176300.0 ], [ 720000.0, 6176300.0 ], [ 719900.0, 6176300.0 ] ] ] } },
{ "type": "Feature", "properties": { "Shape_Area": 30000.0, "Shape_Leng": 800.0, "cluster_id": "147_22", "fid_1": 1230.0, "id_munic": 22.0, "munic_clus": "147_22", "munic_code": 147.0, "min": 2.1521162986755371, "max": 2.1521162986755371, "mean": 2.1521162986755371, "count": 3, "std": 0.0, "range": 0.0 }, "geometry": { "type": "Polygon", "coordinates": [ [ [ 720200.0, 6176700.0 ], [ 720300.0, 6176700.0 ], [ 720400.0, 6176700.0 ], [ 720500.0, 6176700.0 ], [ 720500.0, 6176600.0 ], [ 720400.0, 6176600.0 ], [ 720300.0, 6176600.0 ], [ 720200.0, 6176600.0 ], [ 720200.0, 6176700.0 ] ] ] } },
{ "type": "Feature", "properties": { "Shape_Area": 10000.0, "Shape_Leng": 400.0, "cluster_id": "147_23", "fid_1": 1231.0, "id_munic": 23.0, "munic_clus": "147_23", "munic_code": 147.0, "min": 3.4461853504180908, "max": 3.4461853504180908, "mean": 3.4461853504180908, "count": 1, "std": 0.0, "range": 0.0 }, "geometry": { "type": "Polygon", "coordinates": [ [ [ 720700.0, 6176400.0 ], [ 720700.0, 6176500.0 ], [ 720800.0, 6176500.0 ], [ 720800.0, 6176400.0 ], [ 720700.0, 6176400.0 ] ] ] } },
{ "type": "Feature", "properties": { "Shape_Area": 20000.0, "Shape_Leng": 600.0, "cluster_id": "147_24", "fid_1": 1232.0, "id_munic": 24.0, "munic_clus": "147_24", "munic_code": 147.0, "min": 3.6319561004638672, "max": 3.6319561004638672, "mean": 3.6319561004638672, "count": 2, "std": 0.0, "range": 0.0 }, "geometry": { "type": "Polygon", "coordinates": [ [ [ 720500.0, 6176400.0 ], [ 720600.0, 6176400.0 ], [ 720700.0, 6176400.0 ], [ 720700.0, 6176300.0 ], [ 720600.0, 6176300.0 ], [ 720500.0, 6176300.0 ], [ 720500.0, 6176400.0 ] ] ] } },
{ "type": "Feature", "properties": { "Shape_Area": 10000.0, "Shape_Leng": 400.0, "cluster_id": "147_25", "fid_1": 1233.0, "id_munic": 25.0, "munic_clus": "147_25", "munic_code": 147.0, "min": 2.2972345352172852, "max": 2.2972345352172852, "mean": 2.2972345352172852, "count": 1, "std": 0.0, "range": 0.0 }, "geometry": { "type": "Polygon", "coordinates": [ [ [ 722400.0, 6176400.0 ], [ 722400.0, 6176500.0 ], [ 722500.0, 6176500.0 ], [ 722500.0, 6176400.0 ], [ 722400.0, 6176400.0 ] ] ] } },
{ "type": "Feature", "properties": { "Shape_Area": 20000.0, "Shape_Leng": 600.0, "cluster_id": "147_26", "fid_1": 1234.0, "id_munic": 26.0, "munic_clus": "147_26", "munic_code": 147.0, "min": 2.6927688121795654, "max": 2.6927688121795654, "mean": 2.6927688121795654, "count": 2, "std": 0.0, "range": 0.0 }, "geometry": { "type": "Polygon", "coordinates": [ [ [ 722500.0, 6176600.0 ], [ 722500.0, 6176700.0 ], [ 722600.0, 6176700.0 ], [ 722600.0, 6176600.0 ], [ 722600.0, 6176500.0 ], [ 722500.0, 6176500.0 ], [ 722500.0, 6176600.0 ] ] ] } },
{ "type": "Feature", "properties": { "Shape_Area": 10000.0, "Shape_Leng": 400.0, "cluster_id": "147_27", "fid_1": 1235.0, "id_munic": 27.0, "munic_clus": "147_27", "munic_code": 147.0, "min": 2.7062647342681885, "max": 2.7062647342681885, "mean": 2.7062647342681885, "count": 1, "std": 0.0, "range": 0.0 }, "geometry": { "type": "Polygon", "coordinates": [ [ [ 722500.0, 6176400.0 ], [ 722500.0, 6176500.0 ], [ 722600.0, 6176500.0 ], [ 722600.0, 6176400.0 ], [ 722500.0, 6176400.0 ] ] ] } },
{ "type": "Feature", "properties": { "Shape_Area": 10000.0, "Shape_Leng": 400.0, "cluster_id": "147_28", "fid_1": 1236.0, "id_munic": 28.0, "munic_clus": "147_28", "munic_code": 147.0, "min": 3.0968012809753418, "max": 3.0968012809753418, "mean": 3.0968012809753418, "count": 1, "std": 0.0, "range": 0.0 }, "geometry": { "type": "Polygon", "coordinates": [ [ [ 722400.0, 6176600.0 ], [ 722400.0, 6176700.0 ], [ 722500.0, 6176700.0 ], [ 722500.0, 6176600.0 ], [ 722400.0, 6176600.0 ] ] ] } },
{ "type": "Feature", "properties": { "Shape_Area": 20000.0, "Shape_Leng": 600.0, "cluster_id": "147_29", "fid_1": 1237.0, "id_munic": 29.0, "munic_clus": "147_29", "munic_code": 147.0, "min": 2.3033993244171143, "max": 2.3033993244171143, "mean": 2.3033993244171143, "count": 2, "std": 0.0, "range": 0.0 }, "geometry": { "type": "Polygon", "coordinates": [ [ [ 722300.0, 6176600.0 ], [ 722400.0, 6176600.0 ], [ 722500.0, 6176600.0 ], [ 722500.0, 6176500.0 ], [ 722400.0, 6176500.0 ], [ 722300.0, 6176500.0 ], [ 722300.0, 6176600.0 ] ] ] } },
{ "type": "Feature", "properties": { "Shape_Area": 20000.0, "Shape_Leng": 600.0, "cluster_id": "147_30", "fid_1": 1238.0, "id_munic": 30.0, "munic_clus": "147_30", "munic_code": 147.0, "min": 2.2859053611755371, "max": 2.2859053611755371, "mean": 2.2859053611755371, "count": 2, "std": 0.0, "range": 0.0 }, "geometry": { "type": "Polygon", "coordinates": [ [ [ 722200.0, 6175200.0 ], [ 722200.0, 6175300.0 ], [ 722300.0, 6175300.0 ], [ 722300.0, 6175200.0 ], [ 722300.0, 6175100.0 ], [ 722200.0, 6175100.0 ], [ 722200.0, 6175200.0 ] ] ] } },
{ "type": "Feature", "properties": { "Shape_Area": 10000.0, "Shape_Leng": 400.0, "cluster_id": "147_31", "fid_1": 1239.0, "id_munic": 31.0, "munic_clus": "147_31", "munic_code": 147.0, "min": 2.475175142288208, "max": 2.475175142288208, "mean": 2.475175142288208, "count": 1, "std": 0.0, "range": 0.0 }, "geometry": { "type": "Polygon", "coordinates": [ [ [ 722600.0, 6176500.0 ], [ 722600.0, 6176600.0 ], [ 722700.0, 6176600.0 ], [ 722700.0, 6176500.0 ], [ 722600.0, 6176500.0 ] ] ] } },
{ "type": "Feature", "properties": { "Shape_Area": 10000.0, "Shape_Leng": 400.0, "cluster_id": "147_32", "fid_1": 1240.0, "id_munic": 32.0, "munic_clus": "147_32", "munic_code": 147.0, "min": 2.2624127864837646, "max": 2.2624127864837646, "mean": 2.2624127864837646, "count": 1, "std": 0.0, "range": 0.0 }, "geometry": { "type": "Polygon", "coordinates": [ [ [ 723000.0, 6176300.0 ], [ 723000.0, 6176400.0 ], [ 723100.0, 6176400.0 ], [ 723100.0, 6176300.0 ], [ 723000.0, 6176300.0 ] ] ] } },
{ "type": "Feature", "properties": { "Shape_Area": 10000.0, "Shape_Leng": 400.0, "cluster_id": "147_33", "fid_1": 1241.0, "id_munic": 33.0, "munic_clus": "147_33", "munic_code": 147.0, "min": 3.0478177070617676, "max": 3.0478177070617676, "mean": 3.0478177070617676, "count": 1, "std": 0.0, "range": 0.0 }, "geometry": { "type": "Polygon", "coordinates": [ [ [ 723000.0, 6176200.0 ], [ 723000.0, 6176300.0 ], [ 723100.0, 6176300.0 ], [ 723100.0, 6176200.0 ], [ 723000.0, 6176200.0 ] ] ] } },
{ "type": "Feature", "properties": { "Shape_Area": 60000.0, "Shape_Leng": 1200.0, "cluster_id": "147_34", "fid_1": 1242.0, "id_munic": 34.0, "munic_clus": "147_34", "munic_code": 147.0, "min": 2.1294569969177246, "max": 2.1294569969177246, "mean": 2.1294569969177246, "count": 6, "std": 0.0, "range": 0.0 }, "geometry": { "type": "Polygon", "coordinates": [ [ [ 722600.0, 6176400.0 ], [ 722600.0, 6176500.0 ], [ 722700.0, 6176500.0 ], [ 722700.0, 6176600.0 ], [ 722800.0, 6176600.0 ], [ 722900.0, 6176600.0 ], [ 722900.0, 6176500.0 ], [ 722900.0, 6176400.0 ], [ 722800.0, 6176400.0 ], [ 722800.0, 6176300.0 ], [ 722700.0, 6176300.0 ], [ 722700.0, 6176400.0 ], [ 722600.0, 6176400.0 ] ] ] } },
{ "type": "Feature", "properties": { "Shape_Area": 20000.0, "Shape_Leng": 600.0, "cluster_id": "147_35", "fid_1": 1243.0, "id_munic": 35.0, "munic_clus": "147_35", "munic_code": 147.0, "min": 2.564812183380127, "max": 2.564812183380127, "mean": 2.564812183380127, "count": 2, "std": 0.0, "range": 0.0 }, "geometry": { "type": "Polygon", "coordinates": [ [ [ 723000.0, 6176500.0 ], [ 723100.0, 6176500.0 ], [ 723200.0, 6176500.0 ], [ 723200.0, 6176400.0 ], [ 723100.0, 6176400.0 ], [ 723000.0, 6176400.0 ], [ 723000.0, 6176500.0 ] ] ] } },
{ "type": "Feature", "properties": { "Shape_Area": 10000.0, "Shape_Leng": 400.0, "cluster_id": "147_36", "fid_1": 1244.0, "id_munic": 36.0, "munic_clus": "147_36", "munic_code": 147.0, "min": 2.7402534484863281, "max": 2.7402534484863281, "mean": 2.7402534484863281, "count": 1, "std": 0.0, "range": 0.0 }, "geometry": { "type": "Polygon", "coordinates": [ [ [ 722300.0, 6176400.0 ], [ 722300.0, 6176500.0 ], [ 722400.0, 6176500.0 ], [ 722400.0, 6176400.0 ], [ 722300.0, 6176400.0 ] ] ] } },
{ "type": "Feature", "properties": { "Shape_Area": 20000.0, "Shape_Leng": 600.0, "cluster_id": "147_37", "fid_1": 1245.0, "id_munic": 37.0, "munic_clus": "147_37", "munic_code": 147.0, "min": 3.5458180904388428, "max": 3.5458180904388428, "mean": 3.5458180904388428, "count": 2, "std": 0.0, "range": 0.0 }, "geometry": { "type": "Polygon", "coordinates": [ [ [ 722200.0, 6176400.0 ], [ 722300.0, 6176400.0 ], [ 722400.0, 6176400.0 ], [ 722400.0, 6176300.0 ], [ 722300.0, 6176300.0 ], [ 722200.0, 6176300.0 ], [ 722200.0, 6176400.0 ] ] ] } },
{ "type": "Feature", "properties": { "Shape_Area": 30000.0, "Shape_Leng": 800.0, "cluster_id": "147_38", "fid_1": 1246.0, "id_munic": 38.0, "munic_clus": "147_38", "munic_code": 147.0, "min": 4.3378877639770508, "max": 4.3378877639770508, "mean": 4.3378877639770508, "count": 3, "std": 0.0, "range": 0.0 }, "geometry": { "type": "Polygon", "coordinates": [ [ [ 722800.0, 6176400.0 ], [ 722900.0, 6176400.0 ], [ 722900.0, 6176500.0 ], [ 723000.0, 6176500.0 ], [ 723000.0, 6176400.0 ], [ 723000.0, 6176300.0 ], [ 722900.0, 6176300.0 ], [ 722800.0, 6176300.0 ], [ 722800.0, 6176400.0 ] ] ] } },
{ "type": "Feature", "properties": { "Shape_Area": 20000.0, "Shape_Leng": 600.0, "cluster_id": "147_39", "fid_1": 1247.0, "id_munic": 39.0, "munic_clus": "147_39", "munic_code": 147.0, "min": 3.2384209632873535, "max": 3.2384209632873535, "mean": 3.2384209632873535, "count": 2, "std": 0.0, "range": 0.0 }, "geometry": { "type": "Polygon", "coordinates": [ [ [ 721500.0, 6176500.0 ], [ 721600.0, 6176500.0 ], [ 721700.0, 6176500.0 ], [ 721700.0, 6176400.0 ], [ 721600.0, 6176400.0 ], [ 721500.0, 6176400.0 ], [ 721500.0, 6176500.0 ] ] ] } },
{ "type": "Feature", "properties": { "Shape_Area": 10000.0, "Shape_Leng": 400.0, "cluster_id": "147_40", "fid_1": 1248.0, "id_munic": 40.0, "munic_clus": "147_40", "munic_code": 147.0, "min": 2.5481510162353516, "max": 2.5481510162353516, "mean": 2.5481510162353516, "count": 1, "std": 0.0, "range": 0.0 }, "geometry": { "type": "Polygon", "coordinates": [ [ [ 721600.0, 6176500.0 ], [ 721600.0, 6176600.0 ], [ 721700.0, 6176600.0 ], [ 721700.0, 6176500.0 ], [ 721600.0, 6176500.0 ] ] ] } },
{ "type": "Feature", "properties": { "Shape_Area": 40000.0, "Shape_Leng": 800.0, "cluster_id": "147_41", "fid_1": 1249.0, "id_munic": 41.0, "munic_clus": "147_41", "munic_code": 147.0, "min": 3.2400867938995361, "max": 3.2400867938995361, "mean": 3.2400867938995361, "count": 4, "std": 0.0, "range": 0.0 }, "geometry": { "type": "Polygon", "coordinates": [ [ [ 722200.0, 6176200.0 ], [ 722100.0, 6176200.0 ], [ 722000.0, 6176200.0 ], [ 722000.0, 6176300.0 ], [ 722000.0, 6176400.0 ], [ 722100.0, 6176400.0 ], [ 722200.0, 6176400.0 ], [ 722200.0, 6176300.0 ], [ 722200.0, 6176200.0 ] ] ] } },
{ "type": "Feature", "properties": { "Shape_Area": 10000.0, "Shape_Leng": 400.0, "cluster_id": "147_42", "fid_1": 1250.0, "id_munic": 42.0, "munic_clus": "147_42", "munic_code": 147.0, "min": 3.6356215476989746, "max": 3.6356215476989746, "mean": 3.6356215476989746, "count": 1, "std": 0.0, "range": 0.0 }, "geometry": { "type": "Polygon", "coordinates": [ [ [ 722100.0, 6176100.0 ], [ 722100.0, 6176200.0 ], [ 722200.0, 6176200.0 ], [ 722200.0, 6176100.0 ], [ 722100.0, 6176100.0 ] ] ] } },
{ "type": "Feature", "properties": { "Shape_Area": 20000.0, "Shape_Leng": 600.0, "cluster_id": "147_43", "fid_1": 1251.0, "id_munic": 43.0, "munic_clus": "147_43", "munic_code": 147.0, "min": 3.5233261585235596, "max": 3.5233261585235596, "mean": 3.5233261585235596, "count": 2, "std": 0.0, "range": 0.0 }, "geometry": { "type": "Polygon", "coordinates": [ [ [ 721800.0, 6176500.0 ], [ 721900.0, 6176500.0 ], [ 722000.0, 6176500.0 ], [ 722000.0, 6176400.0 ], [ 721900.0, 6176400.0 ], [ 721800.0, 6176400.0 ], [ 721800.0, 6176500.0 ] ] ] } },
{ "type": "Feature", "properties": { "Shape_Area": 10000.0, "Shape_Leng": 400.0, "cluster_id": "147_44", "fid_1": 1252.0, "id_munic": 44.0, "munic_clus": "147_44", "munic_code": 147.0, "min": 3.3143954277038574, "max": 3.3143954277038574, "mean": 3.3143954277038574, "count": 1, "std": 0.0, "range": 0.0 }, "geometry": { "type": "Polygon", "coordinates": [ [ [ 721700.0, 6176400.0 ], [ 721700.0, 6176500.0 ], [ 721800.0, 6176500.0 ], [ 721800.0, 6176400.0 ], [ 721700.0, 6176400.0 ] ] ] } },
{ "type": "Feature", "properties": { "Shape_Area": 20000.0, "Shape_Leng": 600.0, "cluster_id": "147_45", "fid_1": 1253.0, "id_munic": 45.0, "munic_clus": "147_45", "munic_code": 147.0, "min": 3.0356552600860596, "max": 3.0356552600860596, "mean": 3.0356552600860596, "count": 2, "std": 0.0, "range": 0.0 }, "geometry": { "type": "Polygon", "coordinates": [ [ [ 721600.0, 6176200.0 ], [ 721700.0, 6176200.0 ], [ 721800.0, 6176200.0 ], [ 721800.0, 6176100.0 ], [ 721700.0, 6176100.0 ], [ 721600.0, 6176100.0 ], [ 721600.0, 6176200.0 ] ] ] } },
{ "type": "Feature", "properties": { "Shape_Area": 30000.0, "Shape_Leng": 800.0, "cluster_id": "147_46", "fid_1": 1254.0, "id_munic": 46.0, "munic_clus": "147_46", "munic_code": 147.0, "min": 3.8177275657653809, "max": 3.8177275657653809, "mean": 3.8177274068196616, "count": 3, "std": 1.5894571925301193e-07, "range": 0.0 }, "geometry": { "type": "Polygon", "coordinates": [ [ [ 721600.0, 6176100.0 ], [ 721700.0, 6176100.0 ], [ 721800.0, 6176100.0 ], [ 721900.0, 6176100.0 ], [ 721900.0, 6176000.0 ], [ 721800.0, 6176000.0 ], [ 721700.0, 6176000.0 ], [ 721600.0, 6176000.0 ], [ 721600.0, 6176100.0 ] ] ] } },
{ "type": "Feature", "properties": { "Shape_Area": 10000.0, "Shape_Leng": 400.0, "cluster_id": "147_47", "fid_1": 1255.0, "id_munic": 47.0, "munic_clus": "147_47", "munic_code": 147.0, "min": 2.7385878562927246, "max": 2.7385878562927246, "mean": 2.7385878562927246, "count": 1, "std": 0.0, "range": 0.0 }, "geometry": { "type": "Polygon", "coordinates": [ [ [ 722200.0, 6176500.0 ], [ 722200.0, 6176600.0 ], [ 722300.0, 6176600.0 ], [ 722300.0, 6176500.0 ], [ 722200.0, 6176500.0 ] ] ] } },
{ "type": "Feature", "properties": { "Shape_Area": 20000.0, "Shape_Leng": 600.0, "cluster_id": "147_48", "fid_1": 1256.0, "id_munic": 48.0, "munic_clus": "147_48", "munic_code": 147.0, "min": 3.5629792213439941, "max": 3.5629792213439941, "mean": 3.5629792213439941, "count": 2, "std": 0.0, "range": 0.0 }, "geometry": { "type": "Polygon", "coordinates": [ [ [ 721700.0, 6176600.0 ], [ 721700.0, 6176700.0 ], [ 721800.0, 6176700.0 ], [ 721800.0, 6176600.0 ], [ 721800.0, 6176500.0 ], [ 721700.0, 6176500.0 ], [ 721700.0, 6176600.0 ] ] ] } },
{ "type": "Feature", "properties": { "Shape_Area": 20000.0, "Shape_Leng": 600.0, "cluster_id": "147_49", "fid_1": 1257.0, "id_munic": 49.0, "munic_clus": "147_49", "munic_code": 147.0, "min": 3.5339891910552979, "max": 3.5339891910552979, "mean": 3.5339891910552979, "count": 2, "std": 0.0, "range": 0.0 }, "geometry": { "type": "Polygon", "coordinates": [ [ [ 721600.0, 6176700.0 ], [ 721600.0, 6176800.0 ], [ 721700.0, 6176800.0 ], [ 721700.0, 6176700.0 ], [ 721700.0, 6176600.0 ], [ 721600.0, 6176600.0 ], [ 721600.0, 6176700.0 ] ] ] } },
{ "type": "Feature", "properties": { "Shape_Area": 20000.0, "Shape_Leng": 600.0, "cluster_id": "147_50", "fid_1": 1258.0, "id_munic": 50.0, "munic_clus": "147_50", "munic_code": 147.0, "min": 2.9745090007781982, "max": 2.9745090007781982, "mean": 2.9745090007781982, "count": 2, "std": 0.0, "range": 0.0 }, "geometry": { "type": "Polygon", "coordinates": [ [ [ 722200.0, 6176700.0 ], [ 722300.0, 6176700.0 ], [ 722400.0, 6176700.0 ], [ 722400.0, 6176600.0 ], [ 722300.0, 6176600.0 ], [ 722200.0, 6176600.0 ], [ 722200.0, 6176700.0 ] ] ] } },
{ "type": "Feature", "properties": { "Shape_Area": 20000.0, "Shape_Leng": 600.0, "cluster_id": "147_51", "fid_1": 1259.0, "id_munic": 51.0, "munic_clus": "147_51", "munic_code": 147.0, "min": 2.4663445949554443, "max": 2.4663445949554443, "mean": 2.4663445949554443, "count": 2, "std": 0.0, "range": 0.0 }, "geometry": { "type": "Polygon", "coordinates": [ [ [ 722100.0, 6175400.0 ], [ 722100.0, 6175500.0 ], [ 722200.0, 6175500.0 ], [ 722200.0, 6175400.0 ], [ 722200.0, 6175300.0 ], [ 722100.0, 6175300.0 ], [ 722100.0, 6175400.0 ] ] ] } },
{ "type": "Feature", "properties": { "Shape_Area": 20000.0, "Shape_Leng": 600.0, "cluster_id": "147_52", "fid_1": 1260.0, "id_munic": 52.0, "munic_clus": "147_52", "munic_code": 147.0, "min": 2.3255581855773926, "max": 2.3255581855773926, "mean": 2.3255581855773926, "count": 2, "std": 0.0, "range": 0.0 }, "geometry": { "type": "Polygon", "coordinates": [ [ [ 722200.0, 6176800.0 ], [ 722300.0, 6176800.0 ], [ 722400.0, 6176800.0 ], [ 722400.0, 6176700.0 ], [ 722300.0, 6176700.0 ], [ 722200.0, 6176700.0 ], [ 722200.0, 6176800.0 ] ] ] } },
{ "type": "Feature", "properties": { "Shape_Area": 10000.0, "Shape_Leng": 400.0, "cluster_id": "147_53", "fid_1": 1261.0, "id_munic": 53.0, "munic_clus": "147_53", "munic_code": 147.0, "min": 3.0339889526367188, "max": 3.0339889526367188, "mean": 3.0339889526367188, "count": 1, "std": 0.0, "range": 0.0 }, "geometry": { "type": "Polygon", "coordinates": [ [ [ 722100.0, 6176700.0 ], [ 722100.0, 6176800.0 ], [ 722200.0, 6176800.0 ], [ 722200.0, 6176700.0 ], [ 722100.0, 6176700.0 ] ] ] } },
{ "type": "Feature", "properties": { "Shape_Area": 10000.0, "Shape_Leng": 400.0, "cluster_id": "147_54", "fid_1": 1262.0, "id_munic": 54.0, "munic_clus": "147_54", "munic_code": 147.0, "min": 2.9185276031494141, "max": 2.9185276031494141, "mean": 2.9185276031494141, "count": 1, "std": 0.0, "range": 0.0 }, "geometry": { "type": "Polygon", "coordinates": [ [ [ 721900.0, 6176500.0 ], [ 721900.0, 6176600.0 ], [ 722000.0, 6176600.0 ], [ 722000.0, 6176500.0 ], [ 721900.0, 6176500.0 ] ] ] } },
{ "type": "Feature", "properties": { "Shape_Area": 10000.0, "Shape_Leng": 400.0, "cluster_id": "147_55", "fid_1": 1263.0, "id_munic": 55.0, "munic_clus": "147_55", "munic_code": 147.0, "min": 2.8968682289123535, "max": 2.8968682289123535, "mean": 2.8968682289123535, "count": 1, "std": 0.0, "range": 0.0 }, "geometry": { "type": "Polygon", "coordinates": [ [ [ 722000.0, 6176500.0 ], [ 722000.0, 6176600.0 ], [ 722100.0, 6176600.0 ], [ 722100.0, 6176500.0 ], [ 722000.0, 6176500.0 ] ] ] } },
{ "type": "Feature", "properties": { "Shape_Area": 20000.0, "Shape_Leng": 600.0, "cluster_id": "147_56", "fid_1": 1264.0, "id_munic": 56.0, "munic_clus": "147_56", "munic_code": 147.0, "min": 3.6984341144561768, "max": 3.6984341144561768, "mean": 3.6984341144561768, "count": 2, "std": 0.0, "range": 0.0 }, "geometry": { "type": "Polygon", "coordinates": [ [ [ 722100.0, 6176500.0 ], [ 722200.0, 6176500.0 ], [ 722300.0, 6176500.0 ], [ 722300.0, 6176400.0 ], [ 722200.0, 6176400.0 ], [ 722100.0, 6176400.0 ], [ 722100.0, 6176500.0 ] ] ] } },
{ "type": "Feature", "properties": { "Shape_Area": 20000.0, "Shape_Leng": 600.0, "cluster_id": "147_57", "fid_1": 1265.0, "id_munic": 57.0, "munic_clus": "147_57", "munic_code": 147.0, "min": 3.159447193145752, "max": 3.159447193145752, "mean": 3.159447193145752, "count": 2, "std": 0.0, "range": 0.0 }, "geometry": { "type": "Polygon", "coordinates": [ [ [ 722100.0, 6176600.0 ], [ 722100.0, 6176700.0 ], [ 722200.0, 6176700.0 ], [ 722200.0, 6176600.0 ], [ 722200.0, 6176500.0 ], [ 722100.0, 6176500.0 ], [ 722100.0, 6176600.0 ] ] ] } },
{ "type": "Feature", "properties": { "Shape_Area": 20000.0, "Shape_Leng": 600.0, "cluster_id": "147_58", "fid_1": 1266.0, "id_munic": 58.0, "munic_clus": "147_58", "munic_code": 147.0, "min": 2.5981342792510986, "max": 2.5981342792510986, "mean": 2.5981342792510986, "count": 2, "std": 0.0, "range": 0.0 }, "geometry": { "type": "Polygon", "coordinates": [ [ [ 721800.0, 6176600.0 ], [ 721800.0, 6176700.0 ], [ 721900.0, 6176700.0 ], [ 721900.0, 6176600.0 ], [ 721900.0, 6176500.0 ], [ 721800.0, 6176500.0 ], [ 721800.0, 6176600.0 ] ] ] } },
{ "type": "Feature", "properties": { "Shape_Area": 10000.0, "Shape_Leng": 400.0, "cluster_id": "147_59", "fid_1": 1267.0, "id_munic": 59.0, "munic_clus": "147_59", "munic_code": 147.0, "min": 3.6144623756408691, "max": 3.6144623756408691, "mean": 3.6144623756408691, "count": 1, "std": 0.0, "range": 0.0 }, "geometry": { "type": "Polygon", "coordinates": [ [ [ 722000.0, 6176400.0 ], [ 722000.0, 6176500.0 ], [ 722100.0, 6176500.0 ], [ 722100.0, 6176400.0 ], [ 722000.0, 6176400.0 ] ] ] } },
{ "type": "Feature", "properties": { "Shape_Area": 10000.0, "Shape_Leng": 400.0, "cluster_id": "147_60", "fid_1": 1268.0, "id_munic": 60.0, "munic_clus": "147_60", "munic_code": 147.0, "min": 2.5018329620361328, "max": 2.5018329620361328, "mean": 2.5018329620361328, "count": 1, "std": 0.0, "range": 0.0 }, "geometry": { "type": "Polygon", "coordinates": [ [ [ 721700.0, 6176900.0 ], [ 721700.0, 6177000.0 ], [ 721800.0, 6177000.0 ], [ 721800.0, 6176900.0 ], [ 721700.0, 6176900.0 ] ] ] } },
{ "type": "Feature", "properties": { "Shape_Area": 20000.0, "Shape_Leng": 600.0, "cluster_id": "147_61", "fid_1": 1269.0, "id_munic": 61.0, "munic_clus": "147_61", "munic_code": 147.0, "min": 2.7814061641693115, "max": 2.7814061641693115, "mean": 2.7814061641693115, "count": 2, "std": 0.0, "range": 0.0 }, "geometry": { "type": "Polygon", "coordinates": [ [ [ 721700.0, 6176800.0 ], [ 721700.0, 6176900.0 ], [ 721800.0, 6176900.0 ], [ 721800.0, 6176800.0 ], [ 721800.0, 6176700.0 ], [ 721700.0, 6176700.0 ], [ 721700.0, 6176800.0 ] ] ] } },
{ "type": "Feature", "properties": { "Shape_Area": 10000.0, "Shape_Leng": 400.0, "cluster_id": "147_62", "fid_1": 1270.0, "id_munic": 62.0, "munic_clus": "147_62", "munic_code": 147.0, "min": 3.3883705139160156, "max": 3.3883705139160156, "mean": 3.3883705139160156, "count": 1, "std": 0.0, "range": 0.0 }, "geometry": { "type": "Polygon", "coordinates": [ [ [ 722500.0, 6175100.0 ], [ 722500.0, 6175200.0 ], [ 722600.0, 6175200.0 ], [ 722600.0, 6175100.0 ], [ 722500.0, 6175100.0 ] ] ] } },
{ "type": "Feature", "properties": { "Shape_Area": 20000.0, "Shape_Leng": 600.0, "cluster_id": "147_63", "fid_1": 1271.0, "id_munic": 63.0, "munic_clus": "147_63", "munic_code": 147.0, "min": 3.4468512535095215, "max": 3.4468512535095215, "mean": 3.4468512535095215, "count": 2, "std": 0.0, "range": 0.0 }, "geometry": { "type": "Polygon", "coordinates": [ [ [ 721800.0, 6176800.0 ], [ 721800.0, 6176900.0 ], [ 721900.0, 6176900.0 ], [ 721900.0, 6176800.0 ], [ 721900.0, 6176700.0 ], [ 721800.0, 6176700.0 ], [ 721800.0, 6176800.0 ] ] ] } },
{ "type": "Feature", "properties": { "Shape_Area": 10000.0, "Shape_Leng": 400.0, "cluster_id": "147_64", "fid_1": 1272.0, "id_munic": 64.0, "munic_clus": "147_64", "munic_code": 147.0, "min": 2.8022325038909912, "max": 2.8022325038909912, "mean": 2.8022325038909912, "count": 1, "std": 0.0, "range": 0.0 }, "geometry": { "type": "Polygon", "coordinates": [ [ [ 721900.0, 6176800.0 ], [ 721900.0, 6176900.0 ], [ 722000.0, 6176900.0 ], [ 722000.0, 6176800.0 ], [ 721900.0, 6176800.0 ] ] ] } },
{ "type": "Feature", "properties": { "Shape_Area": 20000.0, "Shape_Leng": 600.0, "cluster_id": "147_65", "fid_1": 1273.0, "id_munic": 65.0, "munic_clus": "147_65", "munic_code": 147.0, "min": 2.6959347724914551, "max": 2.6959347724914551, "mean": 2.6959347724914551, "count": 2, "std": 0.0, "range": 0.0 }, "geometry": { "type": "Polygon", "coordinates": [ [ [ 721900.0, 6176700.0 ], [ 721900.0, 6176800.0 ], [ 722000.0, 6176800.0 ], [ 722000.0, 6176700.0 ], [ 722000.0, 6176600.0 ], [ 721900.0, 6176600.0 ], [ 721900.0, 6176700.0 ] ] ] } },
{ "type": "Feature", "properties": { "Shape_Area": 10000.0, "Shape_Leng": 400.0, "cluster_id": "147_66", "fid_1": 1274.0, "id_munic": 66.0, "munic_clus": "147_66", "munic_code": 147.0, "min": 3.367877721786499, "max": 3.367877721786499, "mean": 3.367877721786499, "count": 1, "std": 0.0, "range": 0.0 }, "geometry": { "type": "Polygon", "coordinates": [ [ [ 722000.0, 6176800.0 ], [ 722000.0, 6176900.0 ], [ 722100.0, 6176900.0 ], [ 722100.0, 6176800.0 ], [ 722000.0, 6176800.0 ] ] ] } },
{ "type": "Feature", "properties": { "Shape_Area": 20000.0, "Shape_Leng": 600.0, "cluster_id": "147_67", "fid_1": 1275.0, "id_munic": 67.0, "munic_clus": "147_67", "munic_code": 147.0, "min": 3.1307897567749023, "max": 3.1307897567749023, "mean": 3.1307897567749023, "count": 2, "std": 0.0, "range": 0.0 }, "geometry": { "type": "Polygon", "coordinates": [ [ [ 722000.0, 6176700.0 ], [ 722000.0, 6176800.0 ], [ 722100.0, 6176800.0 ], [ 722100.0, 6176700.0 ], [ 722100.0, 6176600.0 ], [ 722000.0, 6176600.0 ], [ 722000.0, 6176700.0 ] ] ] } },
{ "type": "Feature", "properties": { "Shape_Area": 20000.0, "Shape_Leng": 600.0, "cluster_id": "147_68", "fid_1": 1276.0, "id_munic": 68.0, "munic_clus": "147_68", "munic_code": 147.0, "min": 3.1471178531646729, "max": 3.1471178531646729, "mean": 3.1471178531646729, "count": 2, "std": 0.0, "range": 0.0 }, "geometry": { "type": "Polygon", "coordinates": [ [ [ 721900.0, 6177800.0 ], [ 722000.0, 6177800.0 ], [ 722100.0, 6177800.0 ], [ 722100.0, 6177700.0 ], [ 722000.0, 6177700.0 ], [ 721900.0, 6177700.0 ], [ 721900.0, 6177800.0 ] ] ] } },
{ "type": "Feature", "properties": { "Shape_Area": 40000.0, "Shape_Leng": 1000.0, "cluster_id": "147_69", "fid_1": 1277.0, "id_munic": 69.0, "munic_clus": "147_69", "munic_code": 147.0, "min": 3.0054981708526611, "max": 3.0054981708526611, "mean": 3.0054981708526611, "count": 4, "std": 0.0, "range": 0.0 }, "geometry": { "type": "Polygon", "coordinates": [ [ [ 721900.0, 6177700.0 ], [ 721800.0, 6177700.0 ], [ 721800.0, 6177800.0 ], [ 721700.0, 6177800.0 ], [ 721700.0, 6177900.0 ], [ 721800.0, 6177900.0 ], [ 721900.0, 6177900.0 ], [ 722000.0, 6177900.0 ], [ 722000.0, 6177800.0 ], [ 721900.0, 6177800.0 ], [ 721900.0, 6177700.0 ] ] ] } },
{ "type": "Feature", "properties": { "Shape_Area": 10000.0, "Shape_Leng": 400.0, "cluster_id": "147_70", "fid_1": 1278.0, "id_munic": 70.0, "munic_clus": "147_70", "munic_code": 147.0, "min": 2.8008999824523926, "max": 2.8008999824523926, "mean": 2.8008999824523926, "count": 1, "std": 0.0, "range": 0.0 }, "geometry": { "type": "Polygon", "coordinates": [ [ [ 722000.0, 6177600.0 ], [ 722000.0, 6177700.0 ], [ 722100.0, 6177700.0 ], [ 722100.0, 6177600.0 ], [ 722000.0, 6177600.0 ] ] ] } },
{ "type": "Feature", "properties": { "Shape_Area": 10000.0, "Shape_Leng": 400.0, "cluster_id": "147_71", "fid_1": 1279.0, "id_munic": 71.0, "munic_clus": "147_71", "munic_code": 147.0, "min": 2.3583805561065674, "max": 2.3583805561065674, "mean": 2.3583805561065674, "count": 1, "std": 0.0, "range": 0.0 }, "geometry": { "type": "Polygon", "coordinates": [ [ [ 722100.0, 6177600.0 ], [ 722100.0, 6177700.0 ], [ 722200.0, 6177700.0 ], [ 722200.0, 6177600.0 ], [ 722100.0, 6177600.0 ] ] ] } },
{ "type": "Feature", "properties": { "Shape_Area": 10000.0, "Shape_Leng": 400.0, "cluster_id": "147_72", "fid_1": 1280.0, "id_munic": 72.0, "munic_clus": "147_72", "munic_code": 147.0, "min": 3.3482174873352051, "max": 3.3482174873352051, "mean": 3.3482174873352051, "count": 1, "std": 0.0, "range": 0.0 }, "geometry": { "type": "Polygon", "coordinates": [ [ [ 722400.0, 6176800.0 ], [ 722400.0, 6176900.0 ], [ 722500.0, 6176900.0 ], [ 722500.0, 6176800.0 ], [ 722400.0, 6176800.0 ] ] ] } },
{ "type": "Feature", "properties": { "Shape_Area": 30000.0, "Shape_Leng": 800.0, "cluster_id": "147_73", "fid_1": 1281.0, "id_munic": 73.0, "munic_clus": "147_73", "munic_code": 147.0, "min": 2.227424144744873, "max": 2.227424144744873, "mean": 2.227424144744873, "count": 3, "std": 0.0, "range": 0.0 }, "geometry": { "type": "Polygon", "coordinates": [ [ [ 722600.0, 6175200.0 ], [ 722600.0, 6175300.0 ], [ 722700.0, 6175300.0 ], [ 722800.0, 6175300.0 ], [ 722800.0, 6175200.0 ], [ 722700.0, 6175200.0 ], [ 722700.0, 6175100.0 ], [ 722600.0, 6175100.0 ], [ 722600.0, 6175200.0 ] ] ] } },
{ "type": "Feature", "properties": { "Shape_Area": 20000.0, "Shape_Leng": 600.0, "cluster_id": "147_74", "fid_1": 1282.0, "id_munic": 74.0, "munic_clus": "147_74", "munic_code": 147.0, "min": 3.1987671852111816, "max": 3.1987671852111816, "mean": 3.1987671852111816, "count": 2, "std": 0.0, "range": 0.0 }, "geometry": { "type": "Polygon", "coordinates": [ [ [ 722600.0, 6175400.0 ], [ 722600.0, 6175500.0 ], [ 722700.0, 6175500.0 ], [ 722700.0, 6175400.0 ], [ 722700.0, 6175300.0 ], [ 722600.0, 6175300.0 ], [ 722600.0, 6175400.0 ] ] ] } },
{ "type": "Feature", "properties": { "Shape_Area": 20000.0, "Shape_Leng": 600.0, "cluster_id": "147_75", "fid_1": 1283.0, "id_munic": 75.0, "munic_clus": "147_75", "munic_code": 147.0, "min": 3.0481510162353516, "max": 3.0481510162353516, "mean": 3.0481510162353516, "count": 2, "std": 0.0, "range": 0.0 }, "geometry": { "type": "Polygon", "coordinates": [ [ [ 722000.0, 6177400.0 ], [ 722100.0, 6177400.0 ], [ 722200.0, 6177400.0 ], [ 722200.0, 6177300.0 ], [ 722100.0, 6177300.0 ], [ 722000.0, 6177300.0 ], [ 722000.0, 6177400.0 ] ] ] } },
{ "type": "Feature", "properties": { "Shape_Area": 20000.0, "Shape_Leng": 600.0, "cluster_id": "147_76", "fid_1": 1284.0, "id_munic": 76.0, "munic_clus": "147_76", "munic_code": 147.0, "min": 3.1529490947723389, "max": 3.1529490947723389, "mean": 3.1529490947723389, "count": 2, "std": 0.0, "range": 0.0 }, "geometry": { "type": "Polygon", "coordinates": [ [ [ 722000.0, 6177300.0 ], [ 722100.0, 6177300.0 ], [ 722200.0, 6177300.0 ], [ 722200.0, 6177200.0 ], [ 722100.0, 6177200.0 ], [ 722000.0, 6177200.0 ], [ 722000.0, 6177300.0 ] ] ] } },
{ "type": "Feature", "properties": { "Shape_Area": 40000.0, "Shape_Leng": 1000.0, "cluster_id": "147_77", "fid_1": 1285.0, "id_munic": 77.0, "munic_clus": "147_77", "munic_code": 147.0, "min": 3.4700098037719727, "max": 3.4700098037719727, "mean": 3.4700098037719727, "count": 4, "std": 0.0, "range": 0.0 }, "geometry": { "type": "Polygon", "coordinates": [ [ [ 722000.0, 6177100.0 ], [ 721900.0, 6177100.0 ], [ 721900.0, 6177200.0 ], [ 721800.0, 6177200.0 ], [ 721800.0, 6177300.0 ], [ 721900.0, 6177300.0 ], [ 721900.0, 6177400.0 ], [ 722000.0, 6177400.0 ], [ 722000.0, 6177300.0 ], [ 722000.0, 6177200.0 ], [ 722000.0, 6177100.0 ] ] ] } },
{ "type": "Feature", "properties": { "Shape_Area": 10000.0, "Shape_Leng": 400.0, "cluster_id": "147_78", "fid_1": 1286.0, "id_munic": 78.0, "munic_clus": "147_78", "munic_code": 147.0, "min": 2.8417196273803711, "max": 2.8417196273803711, "mean": 2.8417196273803711, "count": 1, "std": 0.0, "range": 0.0 }, "geometry": { "type": "Polygon", "coordinates": [ [ [ 722000.0, 6177100.0 ], [ 722000.0, 6177200.0 ], [ 722100.0, 6177200.0 ], [ 722100.0, 6177100.0 ], [ 722000.0, 6177100.0 ] ] ] } },
{ "type": "Feature", "properties": { "Shape_Area": 20000.0, "Shape_Leng": 600.0, "cluster_id": "147_79", "fid_1": 1287.0, "id_munic": 79.0, "munic_clus": "147_79", "munic_code": 147.0, "min": 2.7672445774078369, "max": 2.7672445774078369, "mean": 2.7672445774078369, "count": 2, "std": 0.0, "range": 0.0 }, "geometry": { "type": "Polygon", "coordinates": [ [ [ 721900.0, 6177500.0 ], [ 722000.0, 6177500.0 ], [ 722100.0, 6177500.0 ], [ 722100.0, 6177400.0 ], [ 722000.0, 6177400.0 ], [ 721900.0, 6177400.0 ], [ 721900.0, 6177500.0 ] ] ] } },
{ "type": "Feature", "properties": { "Shape_Area": 10000.0, "Shape_Leng": 400.0, "cluster_id": "147_80", "fid_1": 1288.0, "id_munic": 80.0, "munic_clus": "147_80", "munic_code": 147.0, "min": 3.4648451805114746, "max": 3.4648451805114746, "mean": 3.4648451805114746, "count": 1, "std": 0.0, "range": 0.0 }, "geometry": { "type": "Polygon", "coordinates": [ [ [ 722000.0, 6177500.0 ], [ 722000.0, 6177600.0 ], [ 722100.0, 6177600.0 ], [ 722100.0, 6177500.0 ], [ 722000.0, 6177500.0 ] ] ] } },
{ "type": "Feature", "properties": { "Shape_Area": 10000.0, "Shape_Leng": 400.0, "cluster_id": "147_81", "fid_1": 1289.0, "id_munic": 81.0, "munic_clus": "147_81", "munic_code": 147.0, "min": 2.7422525882720947, "max": 2.7422525882720947, "mean": 2.7422525882720947, "count": 1, "std": 0.0, "range": 0.0 }, "geometry": { "type": "Polygon", "coordinates": [ [ [ 722200.0, 6177300.0 ], [ 722200.0, 6177400.0 ], [ 722300.0, 6177400.0 ], [ 722300.0, 6177300.0 ], [ 722200.0, 6177300.0 ] ] ] } },
{ "type": "Feature", "properties": { "Shape_Area": 20000.0, "Shape_Leng": 600.0, "cluster_id": "147_82", "fid_1": 1290.0, "id_munic": 82.0, "munic_clus": "147_82", "munic_code": 147.0, "min": 3.582972526550293, "max": 3.582972526550293, "mean": 3.582972526550293, "count": 2, "std": 0.0, "range": 0.0 }, "geometry": { "type": "Polygon", "coordinates": [ [ [ 722100.0, 6177500.0 ], [ 722100.0, 6177600.0 ], [ 722200.0, 6177600.0 ], [ 722200.0, 6177500.0 ], [ 722200.0, 6177400.0 ], [ 722100.0, 6177400.0 ], [ 722100.0, 6177500.0 ] ] ] } },
{ "type": "Feature", "properties": { "Shape_Area": 40000.0, "Shape_Leng": 1000.0, "cluster_id": "147_83", "fid_1": 1291.0, "id_munic": 83.0, "munic_clus": "147_83", "munic_code": 147.0, "min": 3.2964010238647461, "max": 3.2964010238647461, "mean": 3.2964010238647461, "count": 4, "std": 0.0, "range": 0.0 }, "geometry": { "type": "Polygon", "coordinates": [ [ [ 722600.0, 6177100.0 ], [ 722600.0, 6177000.0 ], [ 722500.0, 6177000.0 ], [ 722400.0, 6177000.0 ], [ 722400.0, 6177100.0 ], [ 722300.0, 6177100.0 ], [ 722300.0, 6177200.0 ], [ 722400.0, 6177200.0 ], [ 722500.0, 6177200.0 ], [ 722500.0, 6177100.0 ], [ 722600.0, 6177100.0 ] ] ] } },
{ "type": "Feature", "properties": { "Shape_Area": 10000.0, "Shape_Leng": 400.0, "cluster_id": "147_84", "fid_1": 1292.0, "id_munic": 84.0, "munic_clus": "147_84", "munic_code": 147.0, "min": 2.6284570693969727, "max": 2.6284570693969727, "mean": 2.6284570693969727, "count": 1, "std": 0.0, "range": 0.0 }, "geometry": { "type": "Polygon", "coordinates": [ [ [ 722200.0, 6177200.0 ], [ 722200.0, 6177300.0 ], [ 722300.0, 6177300.0 ], [ 722300.0, 6177200.0 ], [ 722200.0, 6177200.0 ] ] ] } },
{ "type": "Feature", "properties": { "Shape_Area": 30000.0, "Shape_Leng": 800.0, "cluster_id": "147_85", "fid_1": 1293.0, "id_munic": 85.0, "munic_clus": "147_85", "munic_code": 147.0, "min": 3.6722760200500488, "max": 3.6722760200500488, "mean": 3.6722761789957681, "count": 3, "std": 1.5894571925301193e-07, "range": 0.0 }, "geometry": { "type": "Polygon", "coordinates": [ [ [ 722100.0, 6176900.0 ], [ 722000.0, 6176900.0 ], [ 722000.0, 6177000.0 ], [ 722100.0, 6177000.0 ], [ 722200.0, 6177000.0 ], [ 722200.0, 6176900.0 ], [ 722200.0, 6176800.0 ], [ 722100.0, 6176800.0 ], [ 722100.0, 6176900.0 ] ] ] } },
{ "type": "Feature", "properties": { "Shape_Area": 20000.0, "Shape_Leng": 600.0, "cluster_id": "147_86", "fid_1": 1294.0, "id_munic": 86.0, "munic_clus": "147_86", "munic_code": 147.0, "min": 3.8428859710693359, "max": 3.8428859710693359, "mean": 3.8428859710693359, "count": 2, "std": 0.0, "range": 0.0 }, "geometry": { "type": "Polygon", "coordinates": [ [ [ 721900.0, 6177100.0 ], [ 722000.0, 6177100.0 ], [ 722100.0, 6177100.0 ], [ 722100.0, 6177000.0 ], [ 722000.0, 6177000.0 ], [ 721900.0, 6177000.0 ], [ 721900.0, 6177100.0 ] ] ] } },
{ "type": "Feature", "properties": { "Shape_Area": 10000.0, "Shape_Leng": 400.0, "cluster_id": "147_87", "fid_1": 1295.0, "id_munic": 87.0, "munic_clus": "147_87", "munic_code": 147.0, "min": 4.2697439193725586, "max": 4.2697439193725586, "mean": 4.2697439193725586, "count": 1, "std": 0.0, "range": 0.0 }, "geometry": { "type": "Polygon", "coordinates": [ [ [ 721800.0, 6177100.0 ], [ 721800.0, 6177200.0 ], [ 721900.0, 6177200.0 ], [ 721900.0, 6177100.0 ], [ 721800.0, 6177100.0 ] ] ] } },
{ "type": "Feature", "properties": { "Shape_Area": 20000.0, "Shape_Leng": 600.0, "cluster_id": "147_88", "fid_1": 1296.0, "id_munic": 88.0, "munic_clus": "147_88", "munic_code": 147.0, "min": 2.4720091819763184, "max": 2.4720091819763184, "mean": 2.4720091819763184, "count": 2, "std": 0.0, "range": 0.0 }, "geometry": { "type": "Polygon", "coordinates": [ [ [ 721800.0, 6177000.0 ], [ 721800.0, 6177100.0 ], [ 721900.0, 6177100.0 ], [ 721900.0, 6177000.0 ], [ 721900.0, 6176900.0 ], [ 721800.0, 6176900.0 ], [ 721800.0, 6177000.0 ] ] ] } },
{ "type": "Feature", "properties": { "Shape_Area": 20000.0, "Shape_Leng": 600.0, "cluster_id": "147_89", "fid_1": 1297.0, "id_munic": 89.0, "munic_clus": "147_89", "munic_code": 147.0, "min": 3.3008999824523926, "max": 3.3008999824523926, "mean": 3.3008999824523926, "count": 2, "std": 0.0, "range": 0.0 }, "geometry": { "type": "Polygon", "coordinates": [ [ [ 722100.0, 6177200.0 ], [ 722200.0, 6177200.0 ], [ 722300.0, 6177200.0 ], [ 722300.0, 6177100.0 ], [ 722200.0, 6177100.0 ], [ 722100.0, 6177100.0 ], [ 722100.0, 6177200.0 ] ] ] } },
{ "type": "Feature", "properties": { "Shape_Area": 20000.0, "Shape_Leng": 600.0, "cluster_id": "147_90", "fid_1": 1298.0, "id_munic": 90.0, "munic_clus": "147_90", "munic_code": 147.0, "min": 3.0808067321777344, "max": 3.0808067321777344, "mean": 3.0808067321777344, "count": 2, "std": 0.0, "range": 0.0 }, "geometry": { "type": "Polygon", "coordinates": [ [ [ 722200.0, 6176900.0 ], [ 722300.0, 6176900.0 ], [ 722400.0, 6176900.0 ], [ 722400.0, 6176800.0 ], [ 722300.0, 6176800.0 ], [ 722200.0, 6176800.0 ], [ 722200.0, 6176900.0 ] ] ] } },
{ "type": "Feature", "properties": { "Shape_Area": 20000.0, "Shape_Leng": 600.0, "cluster_id": "147_91", "fid_1": 1299.0, "id_munic": 91.0, "munic_clus": "147_91", "munic_code": 147.0, "min": 2.538320779800415, "max": 2.538320779800415, "mean": 2.538320779800415, "count": 2, "std": 0.0, "range": 0.0 }, "geometry": { "type": "Polygon", "coordinates": [ [ [ 722400.0, 6177000.0 ], [ 722500.0, 6177000.0 ], [ 722600.0, 6177000.0 ], [ 722600.0, 6176900.0 ], [ 722500.0, 6176900.0 ], [ 722400.0, 6176900.0 ], [ 722400.0, 6177000.0 ] ] ] } },
{ "type": "Feature", "properties": { "Shape_Area": 10000.0, "Shape_Leng": 400.0, "cluster_id": "147_92", "fid_1": 1300.0, "id_munic": 92.0, "munic_clus": "147_92", "munic_code": 147.0, "min": 2.9518492221832275, "max": 2.9518492221832275, "mean": 2.9518492221832275, "count": 1, "std": 0.0, "range": 0.0 }, "geometry": { "type": "Polygon", "coordinates": [ [ [ 721900.0, 6176900.0 ], [ 721900.0, 6177000.0 ], [ 722000.0, 6177000.0 ], [ 722000.0, 6176900.0 ], [ 721900.0, 6176900.0 ] ] ] } },
{ "type": "Feature", "properties": { "Shape_Area": 20000.0, "Shape_Leng": 600.0, "cluster_id": "147_93", "fid_1": 1301.0, "id_munic": 93.0, "munic_clus": "147_93", "munic_code": 147.0, "min": 2.5819730758666992, "max": 2.5819730758666992, "mean": 2.5819730758666992, "count": 2, "std": 0.0, "range": 0.0 }, "geometry": { "type": "Polygon", "coordinates": [ [ [ 721800.0, 6177600.0 ], [ 721800.0, 6177700.0 ], [ 721900.0, 6177700.0 ], [ 721900.0, 6177600.0 ], [ 721900.0, 6177500.0 ], [ 721800.0, 6177500.0 ], [ 721800.0, 6177600.0 ] ] ] } },
{ "type": "Feature", "properties": { "Shape_Area": 40000.0, "Shape_Leng": 1000.0, "cluster_id": "147_94", "fid_1": 1302.0, "id_munic": 94.0, "munic_clus": "147_94", "munic_code": 147.0, "min": 3.140620231628418, "max": 3.140620231628418, "mean": 3.140620231628418, "count": 4, "std": 0.0, "range": 0.0 }, "geometry": { "type": "Polygon", "coordinates": [ [ [ 721700.0, 6177300.0 ], [ 721700.0, 6177400.0 ], [ 721700.0, 6177500.0 ], [ 721800.0, 6177500.0 ], [ 721800.0, 6177400.0 ], [ 721800.0, 6177300.0 ], [ 721800.0, 6177200.0 ], [ 721700.0, 6177200.0 ], [ 721600.0, 6177200.0 ], [ 721600.0, 6177300.0 ], [ 721700.0, 6177300.0 ] ] ] } },
{ "type": "Feature", "properties": { "Shape_Area": 80000.0, "Shape_Leng": 1200.0, "cluster_id": "147_95", "fid_1": 1303.0, "id_munic": 95.0, "munic_clus": "147_95", "munic_code": 147.0, "min": 3.3832051753997803, "max": 3.3832051753997803, "mean": 3.3832051753997803, "count": 8, "std": 0.0, "range": 0.0 }, "geometry": { "type": "Polygon", "coordinates": [ [ [ 721700.0, 6177300.0 ], [ 721600.0, 6177300.0 ], [ 721500.0, 6177300.0 ], [ 721400.0, 6177300.0 ], [ 721400.0, 6177400.0 ], [ 721400.0, 6177500.0 ], [ 721400.0, 6177600.0 ], [ 721500.0, 6177600.0 ], [ 721600.0, 6177600.0 ], [ 721600.0, 6177500.0 ], [ 721700.0, 6177500.0 ], [ 721700.0, 6177400.0 ], [ 721700.0, 6177300.0 ] ] ] } },
{ "type": "Feature", "properties": { "Shape_Area": 10000.0, "Shape_Leng": 400.0, "cluster_id": "147_96", "fid_1": 1304.0, "id_munic": 96.0, "munic_clus": "147_96", "munic_code": 147.0, "min": 3.7959015369415283, "max": 3.7959015369415283, "mean": 3.7959015369415283, "count": 1, "std": 0.0, "range": 0.0 }, "geometry": { "type": "Polygon", "coordinates": [ [ [ 721800.0, 6177300.0 ], [ 721800.0, 6177400.0 ], [ 721900.0, 6177400.0 ], [ 721900.0, 6177300.0 ], [ 721800.0, 6177300.0 ] ] ] } },
{ "type": "Feature", "properties": { "Shape_Area": 10000.0, "Shape_Leng": 400.0, "cluster_id": "147_97", "fid_1": 1305.0, "id_munic": 97.0, "munic_clus": "147_97", "munic_code": 147.0, "min": 2.7670776844024658, "max": 2.7670776844024658, "mean": 2.7670776844024658, "count": 1, "std": 0.0, "range": 0.0 }, "geometry": { "type": "Polygon", "coordinates": [ [ [ 721800.0, 6177400.0 ], [ 721800.0, 6177500.0 ], [ 721900.0, 6177500.0 ], [ 721900.0, 6177400.0 ], [ 721800.0, 6177400.0 ] ] ] } },
{ "type": "Feature", "properties": { "Shape_Area": 20000.0, "Shape_Leng": 600.0, "cluster_id": "147_98", "fid_1": 1306.0, "id_munic": 98.0, "munic_clus": "147_98", "munic_code": 147.0, "min": 2.8067314624786377, "max": 2.8067314624786377, "mean": 2.8067314624786377, "count": 2, "std": 0.0, "range": 0.0 }, "geometry": { "type": "Polygon", "coordinates": [ [ [ 721900.0, 6177600.0 ], [ 721900.0, 6177700.0 ], [ 722000.0, 6177700.0 ], [ 722000.0, 6177600.0 ], [ 722000.0, 6177500.0 ], [ 721900.0, 6177500.0 ], [ 721900.0, 6177600.0 ] ] ] } },
{ "type": "Feature", "properties": { "Shape_Area": 10000.0, "Shape_Leng": 400.0, "cluster_id": "147_99", "fid_1": 1307.0, "id_munic": 99.0, "munic_clus": "147_99", "munic_code": 147.0, "min": 3.2185943126678467, "max": 3.2185943126678467, "mean": 3.2185943126678467, "count": 1, "std": 0.0, "range": 0.0 }, "geometry": { "type": "Polygon", "coordinates": [ [ [ 721200.0, 6177200.0 ], [ 721200.0, 6177300.0 ], [ 721300.0, 6177300.0 ], [ 721300.0, 6177200.0 ], [ 721200.0, 6177200.0 ] ] ] } },
{ "type": "Feature", "properties": { "Shape_Area": 50000.0, "Shape_Leng": 1000.0, "cluster_id": "147_100", "fid_1": 1308.0, "id_munic": 100.0, "munic_clus": "147_100", "munic_code": 147.0, "min": 2.8787071704864502, "max": 2.8787071704864502, "mean": 2.8787071228027346, "count": 5, "std": 4.7683715642676816e-08, "range": 0.0 }, "geometry": { "type": "Polygon", "coordinates": [ [ [ 721400.0, 6177300.0 ], [ 721300.0, 6177300.0 ], [ 721200.0, 6177300.0 ], [ 721200.0, 6177400.0 ], [ 721200.0, 6177500.0 ], [ 721300.0, 6177500.0 ], [ 721300.0, 6177600.0 ], [ 721400.0, 6177600.0 ], [ 721400.0, 6177500.0 ], [ 721400.0, 6177400.0 ], [ 721400.0, 6177300.0 ] ] ] } },
{ "type": "Feature", "properties": { "Shape_Area": 30000.0, "Shape_Leng": 800.0, "cluster_id": "147_101", "fid_1": 1309.0, "id_munic": 101.0, "munic_clus": "147_101", "munic_code": 147.0, "min": 2.918360710144043, "max": 2.918360710144043, "mean": 2.918360710144043, "count": 3, "std": 0.0, "range": 0.0 }, "geometry": { "type": "Polygon", "coordinates": [ [ [ 721000.0, 6177300.0 ], [ 721100.0, 6177300.0 ], [ 721100.0, 6177400.0 ], [ 721200.0, 6177400.0 ], [ 721200.0, 6177300.0 ], [ 721200.0, 6177200.0 ], [ 721100.0, 6177200.0 ], [ 721000.0, 6177200.0 ], [ 721000.0, 6177300.0 ] ] ] } },
{ "type": "Feature", "properties": { "Shape_Area": 20000.0, "Shape_Leng": 600.0, "cluster_id": "147_102", "fid_1": 1310.0, "id_munic": 102.0, "munic_clus": "147_102", "munic_code": 147.0, "min": 2.8740420341491699, "max": 2.8740420341491699, "mean": 2.8740420341491699, "count": 2, "std": 0.0, "range": 0.0 }, "geometry": { "type": "Polygon", "coordinates": [ [ [ 721300.0, 6177200.0 ], [ 721300.0, 6177300.0 ], [ 721400.0, 6177300.0 ], [ 721400.0, 6177200.0 ], [ 721400.0, 6177100.0 ], [ 721300.0, 6177100.0 ], [ 721300.0, 6177200.0 ] ] ] } },
{ "type": "Feature", "properties": { "Shape_Area": 20000.0, "Shape_Leng": 600.0, "cluster_id": "147_103", "fid_1": 1311.0, "id_munic": 103.0, "munic_clus": "147_103", "munic_code": 147.0, "min": 3.3543822765350342, "max": 3.3543822765350342, "mean": 3.3543822765350342, "count": 2, "std": 0.0, "range": 0.0 }, "geometry": { "type": "Polygon", "coordinates": [ [ [ 722400.0, 6175200.0 ], [ 722400.0, 6175300.0 ], [ 722500.0, 6175300.0 ], [ 722500.0, 6175200.0 ], [ 722500.0, 6175100.0 ], [ 722400.0, 6175100.0 ], [ 722400.0, 6175200.0 ] ] ] } },
{ "type": "Feature", "properties": { "Shape_Area": 10000.0, "Shape_Leng": 400.0, "cluster_id": "147_104", "fid_1": 1312.0, "id_munic": 104.0, "munic_clus": "147_104", "munic_code": 147.0, "min": 2.3760416507720947, "max": 2.3760416507720947, "mean": 2.3760416507720947, "count": 1, "std": 0.0, "range": 0.0 }, "geometry": { "type": "Polygon", "coordinates": [ [ [ 722900.0, 6175300.0 ], [ 722900.0, 6175400.0 ], [ 723000.0, 6175400.0 ], [ 723000.0, 6175300.0 ], [ 722900.0, 6175300.0 ] ] ] } },
{ "type": "Feature", "properties": { "Shape_Area": 20000.0, "Shape_Leng": 600.0, "cluster_id": "147_105", "fid_1": 1313.0, "id_munic": 105.0, "munic_clus": "147_105", "munic_code": 147.0, "min": 3.153282642364502, "max": 3.153282642364502, "mean": 3.153282642364502, "count": 2, "std": 0.0, "range": 0.0 }, "geometry": { "type": "Polygon", "coordinates": [ [ [ 723200.0, 6176600.0 ], [ 723200.0, 6176700.0 ], [ 723300.0, 6176700.0 ], [ 723300.0, 6176600.0 ], [ 723300.0, 6176500.0 ], [ 723200.0, 6176500.0 ], [ 723200.0, 6176600.0 ] ] ] } },
{ "type": "Feature", "properties": { "Shape_Area": 20000.0, "Shape_Leng": 600.0, "cluster_id": "147_106", "fid_1": 1314.0, "id_munic": 106.0, "munic_clus": "147_106", "munic_code": 147.0, "min": 3.1511166095733643, "max": 3.1511166095733643, "mean": 3.1511166095733643, "count": 2, "std": 0.0, "range": 0.0 }, "geometry": { "type": "Polygon", "coordinates": [ [ [ 723300.0, 6176700.0 ], [ 723400.0, 6176700.0 ], [ 723500.0, 6176700.0 ], [ 723500.0, 6176600.0 ], [ 723400.0, 6176600.0 ], [ 723300.0, 6176600.0 ], [ 723300.0, 6176700.0 ] ] ] } },
{ "type": "Feature", "properties": { "Shape_Area": 40000.0, "Shape_Leng": 1000.0, "cluster_id": "147_107", "fid_1": 1315.0, "id_munic": 107.0, "munic_clus": "147_107", "munic_code": 147.0, "min": 3.3475513458251953, "max": 3.3475513458251953, "mean": 3.3475513458251953, "count": 4, "std": 0.0, "range": 0.0 }, "geometry": { "type": "Polygon", "coordinates": [ [ [ 723300.0, 6176500.0 ], [ 723300.0, 6176600.0 ], [ 723400.0, 6176600.0 ], [ 723500.0, 6176600.0 ], [ 723500.0, 6176500.0 ], [ 723400.0, 6176500.0 ], [ 723400.0, 6176400.0 ], [ 723300.0, 6176400.0 ], [ 723200.0, 6176400.0 ], [ 723200.0, 6176500.0 ], [ 723300.0, 6176500.0 ] ] ] } },
{ "type": "Feature", "properties": { "Shape_Area": 10000.0, "Shape_Leng": 400.0, "cluster_id": "147_108", "fid_1": 1316.0, "id_munic": 108.0, "munic_clus": "147_108", "munic_code": 147.0, "min": 2.9455184936523438, "max": 2.9455184936523438, "mean": 2.9455184936523438, "count": 1, "std": 0.0, "range": 0.0 }, "geometry": { "type": "Polygon", "coordinates": [ [ [ 723100.0, 6176600.0 ], [ 723100.0, 6176700.0 ], [ 723200.0, 6176700.0 ], [ 723200.0, 6176600.0 ], [ 723100.0, 6176600.0 ] ] ] } },
{ "type": "Feature", "properties": { "Shape_Area": 30000.0, "Shape_Leng": 800.0, "cluster_id": "147_109", "fid_1": 1317.0, "id_munic": 109.0, "munic_clus": "147_109", "munic_code": 147.0, "min": 3.0816397666931152, "max": 3.0816397666931152, "mean": 3.081639607747396, "count": 3, "std": 1.5894571925301193e-07, "range": 0.0 }, "geometry": { "type": "Polygon", "coordinates": [ [ [ 722900.0, 6176600.0 ], [ 723000.0, 6176600.0 ], [ 723100.0, 6176600.0 ], [ 723200.0, 6176600.0 ], [ 723200.0, 6176500.0 ], [ 723100.0, 6176500.0 ], [ 723000.0, 6176500.0 ], [ 722900.0, 6176500.0 ], [ 722900.0, 6176600.0 ] ] ] } },
{ "type": "Feature", "properties": { "Shape_Area": 130000.0, "Shape_Leng": 2000.0, "cluster_id": "147_110", "fid_1": 1318.0, "id_munic": 110.0, "munic_clus": "147_110", "munic_code": 147.0, "min": 2.7317564487457275, "max": 2.7317564487457275, "mean": 2.7317563570462742, "count": 13, "std": 9.1699453363958128e-08, "range": 0.0 }, "geometry": { "type": "Polygon", "coordinates": [ [ [ 722600.0, 6176600.0 ], [ 722600.0, 6176700.0 ], [ 722500.0, 6176700.0 ], [ 722400.0, 6176700.0 ], [ 722400.0, 6176800.0 ], [ 722500.0, 6176800.0 ], [ 722500.0, 6176900.0 ], [ 722600.0, 6176900.0 ], [ 722600.0, 6177000.0 ], [ 722700.0, 6177000.0 ], [ 722700.0, 6176900.0 ], [ 722800.0, 6176900.0 ], [ 722800.0, 6176800.0 ], [ 722900.0, 6176800.0 ], [ 723000.0, 6176800.0 ], [ 723000.0, 6176700.0 ], [ 722900.0, 6176700.0 ], [ 722900.0, 6176600.0 ], [ 722800.0, 6176600.0 ], [ 722700.0, 6176600.0 ], [ 722600.0, 6176600.0 ] ] ] } },
{ "type": "Feature", "properties": { "Shape_Area": 20000.0, "Shape_Leng": 600.0, "cluster_id": "147_111", "fid_1": 1319.0, "id_munic": 111.0, "munic_clus": "147_111", "munic_code": 147.0, "min": 2.9275245666503906, "max": 2.9275245666503906, "mean": 2.9275245666503906, "count": 2, "std": 0.0, "range": 0.0 }, "geometry": { "type": "Polygon", "coordinates": [ [ [ 722900.0, 6176700.0 ], [ 723000.0, 6176700.0 ], [ 723100.0, 6176700.0 ], [ 723100.0, 6176600.0 ], [ 723000.0, 6176600.0 ], [ 722900.0, 6176600.0 ], [ 722900.0, 6176700.0 ] ] ] } },
{ "type": "Feature", "properties": { "Shape_Area": 30000.0, "Shape_Leng": 800.0, "cluster_id": "147_112", "fid_1": 1320.0, "id_munic": 112.0, "munic_clus": "147_112", "munic_code": 147.0, "min": 4.0343222618103027, "max": 4.0343222618103027, "mean": 4.034322102864583, "count": 3, "std": 1.5894571969710114e-07, "range": 0.0 }, "geometry": { "type": "Polygon", "coordinates": [ [ [ 721000.0, 6176800.0 ], [ 721100.0, 6176800.0 ], [ 721100.0, 6176900.0 ], [ 721200.0, 6176900.0 ], [ 721200.0, 6176800.0 ], [ 721200.0, 6176700.0 ], [ 721100.0, 6176700.0 ], [ 721000.0, 6176700.0 ], [ 721000.0, 6176800.0 ] ] ] } },
{ "type": "Feature", "properties": { "Shape_Area": 30000.0, "Shape_Leng": 800.0, "cluster_id": "147_113", "fid_1": 1321.0, "id_munic": 113.0, "munic_clus": "147_113", "munic_code": 147.0, "min": 3.1766080856323242, "max": 3.1766080856323242, "mean": 3.1766080856323242, "count": 3, "std": 0.0, "range": 0.0 }, "geometry": { "type": "Polygon", "coordinates": [ [ [ 722500.0, 6175300.0 ], [ 722500.0, 6175400.0 ], [ 722500.0, 6175500.0 ], [ 722600.0, 6175500.0 ], [ 722600.0, 6175400.0 ], [ 722600.0, 6175300.0 ], [ 722600.0, 6175200.0 ], [ 722500.0, 6175200.0 ], [ 722500.0, 6175300.0 ] ] ] } },
{ "type": "Feature", "properties": { "Shape_Area": 20000.0, "Shape_Leng": 600.0, "cluster_id": "147_114", "fid_1": 1322.0, "id_munic": 114.0, "munic_clus": "147_114", "munic_code": 147.0, "min": 3.2130961418151855, "max": 3.2130961418151855, "mean": 3.2130961418151855, "count": 2, "std": 0.0, "range": 0.0 }, "geometry": { "type": "Polygon", "coordinates": [ [ [ 722200.0, 6175600.0 ], [ 722300.0, 6175600.0 ], [ 722400.0, 6175600.0 ], [ 722400.0, 6175500.0 ], [ 722300.0, 6175500.0 ], [ 722200.0, 6175500.0 ], [ 722200.0, 6175600.0 ] ] ] } },
{ "type": "Feature", "properties": { "Shape_Area": 30000.0, "Shape_Leng": 800.0, "cluster_id": "147_115", "fid_1": 1323.0, "id_munic": 115.0, "munic_clus": "147_115", "munic_code": 147.0, "min": 2.6572813987731934, "max": 2.6572813987731934, "mean": 2.6572813987731934, "count": 3, "std": 0.0, "range": 0.0 }, "geometry": { "type": "Polygon", "coordinates": [ [ [ 722100.0, 6175900.0 ], [ 722200.0, 6175900.0 ], [ 722300.0, 6175900.0 ], [ 722400.0, 6175900.0 ], [ 722400.0, 6175800.0 ], [ 722300.0, 6175800.0 ], [ 722200.0, 6175800.0 ], [ 722100.0, 6175800.0 ], [ 722100.0, 6175900.0 ] ] ] } },
{ "type": "Feature", "properties": { "Shape_Area": 30000.0, "Shape_Leng": 800.0, "cluster_id": "147_116", "fid_1": 1324.0, "id_munic": 116.0, "munic_clus": "147_116", "munic_code": 147.0, "min": 3.3267242908477783, "max": 3.3267242908477783, "mean": 3.3267243703206382, "count": 3, "std": 7.947285984855057e-08, "range": 0.0 }, "geometry": { "type": "Polygon", "coordinates": [ [ [ 722100.0, 6175600.0 ], [ 722100.0, 6175700.0 ], [ 722200.0, 6175700.0 ], [ 722300.0, 6175700.0 ], [ 722300.0, 6175600.0 ], [ 722200.0, 6175600.0 ], [ 722200.0, 6175500.0 ], [ 722100.0, 6175500.0 ], [ 722100.0, 6175600.0 ] ] ] } },
{ "type": "Feature", "properties": { "Shape_Area": 20000.0, "Shape_Leng": 600.0, "cluster_id": "147_117", "fid_1": 1325.0, "id_munic": 117.0, "munic_clus": "147_117", "munic_code": 147.0, "min": 3.3897037506103516, "max": 3.3897037506103516, "mean": 3.3897037506103516, "count": 2, "std": 0.0, "range": 0.0 }, "geometry": { "type": "Polygon", "coordinates": [ [ [ 722800.0, 6175600.0 ], [ 722800.0, 6175700.0 ], [ 722900.0, 6175700.0 ], [ 722900.0, 6175600.0 ], [ 722900.0, 6175500.0 ], [ 722800.0, 6175500.0 ], [ 722800.0, 6175600.0 ] ] ] } },
{ "type": "Feature", "properties": { "Shape_Area": 20000.0, "Shape_Leng": 600.0, "cluster_id": "147_118", "fid_1": 1326.0, "id_munic": 118.0, "munic_clus": "147_118", "munic_code": 147.0, "min": 3.4801733493804932, "max": 3.4801733493804932, "mean": 3.4801733493804932, "count": 2, "std": 0.0, "range": 0.0 }, "geometry": { "type": "Polygon", "coordinates": [ [ [ 722600.0, 6175600.0 ], [ 722600.0, 6175700.0 ], [ 722700.0, 6175700.0 ], [ 722700.0, 6175600.0 ], [ 722700.0, 6175500.0 ], [ 722600.0, 6175500.0 ], [ 722600.0, 6175600.0 ] ] ] } },
{ "type": "Feature", "properties": { "Shape_Area": 10000.0, "Shape_Leng": 400.0, "cluster_id": "147_119", "fid_1": 1327.0, "id_munic": 119.0, "munic_clus": "147_119", "munic_code": 147.0, "min": 2.5208265781402588, "max": 2.5208265781402588, "mean": 2.5208265781402588, "count": 1, "std": 0.0, "range": 0.0 }, "geometry": { "type": "Polygon", "coordinates": [ [ [ 722700.0, 6175600.0 ], [ 722700.0, 6175700.0 ], [ 722800.0, 6175700.0 ], [ 722800.0, 6175600.0 ], [ 722700.0, 6175600.0 ] ] ] } },
{ "type": "Feature", "properties": { "Shape_Area": 10000.0, "Shape_Leng": 400.0, "cluster_id": "147_120", "fid_1": 1328.0, "id_munic": 120.0, "munic_clus": "147_120", "munic_code": 147.0, "min": 2.4313564300537109, "max": 2.4313564300537109, "mean": 2.4313564300537109, "count": 1, "std": 0.0, "range": 0.0 }, "geometry": { "type": "Polygon", "coordinates": [ [ [ 722400.0, 6175500.0 ], [ 722400.0, 6175600.0 ], [ 722500.0, 6175600.0 ], [ 722500.0, 6175500.0 ], [ 722400.0, 6175500.0 ] ] ] } },
{ "type": "Feature", "properties": { "Shape_Area": 20000.0, "Shape_Leng": 600.0, "cluster_id": "147_121", "fid_1": 1329.0, "id_munic": 121.0, "munic_clus": "147_121", "munic_code": 147.0, "min": 2.3822062015533447, "max": 2.3822062015533447, "mean": 2.3822062015533447, "count": 2, "std": 0.0, "range": 0.0 }, "geometry": { "type": "Polygon", "coordinates": [ [ [ 722500.0, 6175700.0 ], [ 722500.0, 6175800.0 ], [ 722600.0, 6175800.0 ], [ 722600.0, 6175700.0 ], [ 722600.0, 6175600.0 ], [ 722500.0, 6175600.0 ], [ 722500.0, 6175700.0 ] ] ] } },
{ "type": "Feature", "properties": { "Shape_Area": 10000.0, "Shape_Leng": 400.0, "cluster_id": "147_122", "fid_1": 1330.0, "id_munic": 122.0, "munic_clus": "147_122", "munic_code": 147.0, "min": 2.5219926834106445, "max": 2.5219926834106445, "mean": 2.5219926834106445, "count": 1, "std": 0.0, "range": 0.0 }, "geometry": { "type": "Polygon", "coordinates": [ [ [ 722600.0, 6175700.0 ], [ 722600.0, 6175800.0 ], [ 722700.0, 6175800.0 ], [ 722700.0, 6175700.0 ], [ 722600.0, 6175700.0 ] ] ] } },
{ "type": "Feature", "properties": { "Shape_Area": 10000.0, "Shape_Leng": 400.0, "cluster_id": "147_123", "fid_1": 1331.0, "id_munic": 123.0, "munic_clus": "147_123", "munic_code": 147.0, "min": 3.0406534671783447, "max": 3.0406534671783447, "mean": 3.0406534671783447, "count": 1, "std": 0.0, "range": 0.0 }, "geometry": { "type": "Polygon", "coordinates": [ [ [ 722500.0, 6175500.0 ], [ 722500.0, 6175600.0 ], [ 722600.0, 6175600.0 ], [ 722600.0, 6175500.0 ], [ 722500.0, 6175500.0 ] ] ] } },
{ "type": "Feature", "properties": { "Shape_Area": 10000.0, "Shape_Leng": 400.0, "cluster_id": "147_124", "fid_1": 1332.0, "id_munic": 124.0, "munic_clus": "147_124", "munic_code": 147.0, "min": 2.2637457847595215, "max": 2.2637457847595215, "mean": 2.2637457847595215, "count": 1, "std": 0.0, "range": 0.0 }, "geometry": { "type": "Polygon", "coordinates": [ [ [ 722800.0, 6175400.0 ], [ 722800.0, 6175500.0 ], [ 722900.0, 6175500.0 ], [ 722900.0, 6175400.0 ], [ 722800.0, 6175400.0 ] ] ] } },
{ "type": "Feature", "properties": { "Shape_Area": 20000.0, "Shape_Leng": 600.0, "cluster_id": "147_125", "fid_1": 1333.0, "id_munic": 125.0, "munic_clus": "147_125", "munic_code": 147.0, "min": 3.0158281326293945, "max": 3.0158281326293945, "mean": 3.0158281326293945, "count": 2, "std": 0.0, "range": 0.0 }, "geometry": { "type": "Polygon", "coordinates": [ [ [ 722300.0, 6175700.0 ], [ 722400.0, 6175700.0 ], [ 722500.0, 6175700.0 ], [ 722500.0, 6175600.0 ], [ 722400.0, 6175600.0 ], [ 722300.0, 6175600.0 ], [ 722300.0, 6175700.0 ] ] ] } },
{ "type": "Feature", "properties": { "Shape_Area": 30000.0, "Shape_Leng": 800.0, "cluster_id": "147_126", "fid_1": 1334.0, "id_munic": 126.0, "munic_clus": "147_126", "munic_code": 147.0, "min": 2.4631795883178711, "max": 2.4631795883178711, "mean": 2.4631795883178711, "count": 3, "std": 0.0, "range": 0.0 }, "geometry": { "type": "Polygon", "coordinates": [ [ [ 720900.0, 6174900.0 ], [ 721000.0, 6174900.0 ], [ 721100.0, 6174900.0 ], [ 721200.0, 6174900.0 ], [ 721200.0, 6174800.0 ], [ 721100.0, 6174800.0 ], [ 721000.0, 6174800.0 ], [ 720900.0, 6174800.0 ], [ 720900.0, 6174900.0 ] ] ] } },
{ "type": "Feature", "properties": { "Shape_Area": 10000.0, "Shape_Leng": 400.0, "cluster_id": "147_127", "fid_1": 1335.0, "id_munic": 127.0, "munic_clus": "147_127", "munic_code": 147.0, "min": 3.3648786544799805, "max": 3.3648786544799805, "mean": 3.3648786544799805, "count": 1, "std": 0.0, "range": 0.0 }, "geometry": { "type": "Polygon", "coordinates": [ [ [ 720100.0, 6175000.0 ], [ 720100.0, 6175100.0 ], [ 720200.0, 6175100.0 ], [ 720200.0, 6175000.0 ], [ 720100.0, 6175000.0 ] ] ] } },
{ "type": "Feature", "properties": { "Shape_Area": 40000.0, "Shape_Leng": 1000.0, "cluster_id": "147_128", "fid_1": 1336.0, "id_munic": 128.0, "munic_clus": "147_128", "munic_code": 147.0, "min": 3.8415532112121582, "max": 3.8415532112121582, "mean": 3.8415532112121582, "count": 4, "std": 0.0, "range": 0.0 }, "geometry": { "type": "Polygon", "coordinates": [ [ [ 719800.0, 6175200.0 ], [ 719900.0, 6175200.0 ], [ 720000.0, 6175200.0 ], [ 720100.0, 6175200.0 ], [ 720100.0, 6175100.0 ], [ 720000.0, 6175100.0 ], [ 719900.0, 6175100.0 ], [ 719900.0, 6175000.0 ], [ 719800.0, 6175000.0 ], [ 719800.0, 6175100.0 ], [ 719800.0, 6175200.0 ] ] ] } },
{ "type": "Feature", "properties": { "Shape_Area": 20000.0, "Shape_Leng": 600.0, "cluster_id": "147_129", "fid_1": 1337.0, "id_munic": 129.0, "munic_clus": "147_129", "munic_code": 147.0, "min": 2.7234258651733398, "max": 2.7234258651733398, "mean": 2.7234258651733398, "count": 2, "std": 0.0, "range": 0.0 }, "geometry": { "type": "Polygon", "coordinates": [ [ [ 720200.0, 6175100.0 ], [ 720300.0, 6175100.0 ], [ 720400.0, 6175100.0 ], [ 720400.0, 6175000.0 ], [ 720300.0, 6175000.0 ], [ 720200.0, 6175000.0 ], [ 720200.0, 6175100.0 ] ] ] } },
{ "type": "Feature", "properties": { "Shape_Area": 20000.0, "Shape_Leng": 600.0, "cluster_id": "147_130", "fid_1": 1338.0, "id_munic": 130.0, "munic_clus": "147_130", "munic_code": 147.0, "min": 2.7889039516448975, "max": 2.7889039516448975, "mean": 2.7889039516448975, "count": 2, "std": 0.0, "range": 0.0 }, "geometry": { "type": "Polygon", "coordinates": [ [ [ 720200.0, 6175200.0 ], [ 720300.0, 6175200.0 ], [ 720400.0, 6175200.0 ], [ 720400.0, 6175100.0 ], [ 720300.0, 6175100.0 ], [ 720200.0, 6175100.0 ], [ 720200.0, 6175200.0 ] ] ] } },
{ "type": "Feature", "properties": { "Shape_Area": 60000.0, "Shape_Leng": 1000.0, "cluster_id": "147_131", "fid_1": 1339.0, "id_munic": 131.0, "munic_clus": "147_131", "munic_code": 147.0, "min": 2.5746417045593262, "max": 2.5746417045593262, "mean": 2.5746418635050454, "count": 6, "std": 1.5894571925301193e-07, "range": 0.0 }, "geometry": { "type": "Polygon", "coordinates": [ [ [ 721000.0, 6175100.0 ], [ 721000.0, 6175200.0 ], [ 721100.0, 6175200.0 ], [ 721200.0, 6175200.0 ], [ 721200.0, 6175100.0 ], [ 721200.0, 6175000.0 ], [ 721200.0, 6174900.0 ], [ 721100.0, 6174900.0 ], [ 721000.0, 6174900.0 ], [ 721000.0, 6175000.0 ], [ 721000.0, 6175100.0 ] ] ] } },
{ "type": "Feature", "properties": { "Shape_Area": 10000.0, "Shape_Leng": 400.0, "cluster_id": "147_132", "fid_1": 1340.0, "id_munic": 132.0, "munic_clus": "147_132", "munic_code": 147.0, "min": 2.747251033782959, "max": 2.747251033782959, "mean": 2.747251033782959, "count": 1, "std": 0.0, "range": 0.0 }, "geometry": { "type": "Polygon", "coordinates": [ [ [ 720500.0, 6175100.0 ], [ 720500.0, 6175200.0 ], [ 720600.0, 6175200.0 ], [ 720600.0, 6175100.0 ], [ 720500.0, 6175100.0 ] ] ] } },
{ "type": "Feature", "properties": { "Shape_Area": 140000.0, "Shape_Leng": 1600.0, "cluster_id": "147_133", "fid_1": 1341.0, "id_munic": 133.0, "munic_clus": "147_133", "munic_code": 147.0, "min": 2.9180276393890381, "max": 2.9180276393890381, "mean": 2.918027332850865, "count": 14, "std": 3.0653817306713899e-07, "range": 0.0 }, "geometry": { "type": "Polygon", "coordinates": [ [ [ 720700.0, 6174900.0 ], [ 720600.0, 6174900.0 ], [ 720500.0, 6174900.0 ], [ 720500.0, 6175000.0 ], [ 720500.0, 6175100.0 ], [ 720600.0, 6175100.0 ], [ 720600.0, 6175200.0 ], [ 720700.0, 6175200.0 ], [ 720800.0, 6175200.0 ], [ 720900.0, 6175200.0 ], [ 721000.0, 6175200.0 ], [ 721000.0, 6175100.0 ], [ 721000.0, 6175000.0 ], [ 721000.0, 6174900.0 ], [ 720900.0, 6174900.0 ], [ 720800.0, 6174900.0 ], [ 720700.0, 6174900.0 ] ] ] } },
{ "type": "Feature", "properties": { "Shape_Area": 20000.0, "Shape_Leng": 600.0, "cluster_id": "147_134", "fid_1": 1342.0, "id_munic": 134.0, "munic_clus": "147_134", "munic_code": 147.0, "min": 2.8365545272827148, "max": 2.8365545272827148, "mean": 2.8365545272827148, "count": 2, "std": 0.0, "range": 0.0 }, "geometry": { "type": "Polygon", "coordinates": [ [ [ 723000.0, 6175700.0 ], [ 723000.0, 6175800.0 ], [ 723100.0, 6175800.0 ], [ 723100.0, 6175700.0 ], [ 723100.0, 6175600.0 ], [ 723000.0, 6175600.0 ], [ 723000.0, 6175700.0 ] ] ] } },
{ "type": "Feature", "properties": { "Shape_Area": 10000.0, "Shape_Leng": 400.0, "cluster_id": "147_135", "fid_1": 1343.0, "id_munic": 135.0, "munic_clus": "147_135", "munic_code": 147.0, "min": 3.8278903961181641, "max": 3.8278903961181641, "mean": 3.8278903961181641, "count": 1, "std": 0.0, "range": 0.0 }, "geometry": { "type": "Polygon", "coordinates": [ [ [ 723300.0, 6175600.0 ], [ 723300.0, 6175700.0 ], [ 723400.0, 6175700.0 ], [ 723400.0, 6175600.0 ], [ 723300.0, 6175600.0 ] ] ] } },
{ "type": "Feature", "properties": { "Shape_Area": 20000.0, "Shape_Leng": 600.0, "cluster_id": "147_136", "fid_1": 1344.0, "id_munic": 136.0, "munic_clus": "147_136", "munic_code": 147.0, "min": 3.7700769901275635, "max": 3.7700769901275635, "mean": 3.7700769901275635, "count": 2, "std": 0.0, "range": 0.0 }, "geometry": { "type": "Polygon", "coordinates": [ [ [ 723200.0, 6175600.0 ], [ 723200.0, 6175700.0 ], [ 723300.0, 6175700.0 ], [ 723300.0, 6175600.0 ], [ 723300.0, 6175500.0 ], [ 723200.0, 6175500.0 ], [ 723200.0, 6175600.0 ] ] ] } },
{ "type": "Feature", "properties": { "Shape_Area": 30000.0, "Shape_Leng": 800.0, "cluster_id": "147_137", "fid_1": 1345.0, "id_munic": 137.0, "munic_clus": "147_137", "munic_code": 147.0, "min": 2.4973342418670654, "max": 2.4973342418670654, "mean": 2.4973341623942056, "count": 3, "std": 7.947285984855057e-08, "range": 0.0 }, "geometry": { "type": "Polygon", "coordinates": [ [ [ 723300.0, 6175600.0 ], [ 723400.0, 6175600.0 ], [ 723400.0, 6175700.0 ], [ 723500.0, 6175700.0 ], [ 723500.0, 6175600.0 ], [ 723500.0, 6175500.0 ], [ 723400.0, 6175500.0 ], [ 723300.0, 6175500.0 ], [ 723300.0, 6175600.0 ] ] ] } },
{ "type": "Feature", "properties": { "Shape_Area": 20000.0, "Shape_Leng": 600.0, "cluster_id": "147_138", "fid_1": 1346.0, "id_munic": 138.0, "munic_clus": "147_138", "munic_code": 147.0, "min": 2.6259584426879883, "max": 2.6259584426879883, "mean": 2.6259584426879883, "count": 2, "std": 0.0, "range": 0.0 }, "geometry": { "type": "Polygon", "coordinates": [ [ [ 722900.0, 6175700.0 ], [ 722900.0, 6175800.0 ], [ 723000.0, 6175800.0 ], [ 723000.0, 6175700.0 ], [ 723000.0, 6175600.0 ], [ 722900.0, 6175600.0 ], [ 722900.0, 6175700.0 ] ] ] } },
{ "type": "Feature", "properties": { "Shape_Area": 20000.0, "Shape_Leng": 600.0, "cluster_id": "147_139", "fid_1": 1347.0, "id_munic": 139.0, "munic_clus": "147_139", "munic_code": 147.0, "min": 3.190770149230957, "max": 3.190770149230957, "mean": 3.190770149230957, "count": 2, "std": 0.0, "range": 0.0 }, "geometry": { "type": "Polygon", "coordinates": [ [ [ 723000.0, 6175900.0 ], [ 723000.0, 6176000.0 ], [ 723100.0, 6176000.0 ], [ 723100.0, 6175900.0 ], [ 723100.0, 6175800.0 ], [ 723000.0, 6175800.0 ], [ 723000.0, 6175900.0 ] ] ] } },
{ "type": "Feature", "properties": { "Shape_Area": 20000.0, "Shape_Leng": 600.0, "cluster_id": "147_140", "fid_1": 1348.0, "id_munic": 140.0, "munic_clus": "147_140", "munic_code": 147.0, "min": 4.0833063125610352, "max": 4.0833063125610352, "mean": 4.0833063125610352, "count": 2, "std": 0.0, "range": 0.0 }, "geometry": { "type": "Polygon", "coordinates": [ [ [ 722900.0, 6175500.0 ], [ 722900.0, 6175600.0 ], [ 723000.0, 6175600.0 ], [ 723000.0, 6175500.0 ], [ 723000.0, 6175400.0 ], [ 722900.0, 6175400.0 ], [ 722900.0, 6175500.0 ] ] ] } },
{ "type": "Feature", "properties": { "Shape_Area": 20000.0, "Shape_Leng": 600.0, "cluster_id": "147_141", "fid_1": 1349.0, "id_munic": 141.0, "munic_clus": "147_141", "munic_code": 147.0, "min": 3.3487169742584229, "max": 3.3487169742584229, "mean": 3.3487169742584229, "count": 2, "std": 0.0, "range": 0.0 }, "geometry": { "type": "Polygon", "coordinates": [ [ [ 723500.0, 6175900.0 ], [ 723500.0, 6176000.0 ], [ 723600.0, 6176000.0 ], [ 723600.0, 6175900.0 ], [ 723600.0, 6175800.0 ], [ 723500.0, 6175800.0 ], [ 723500.0, 6175900.0 ] ] ] } },
{ "type": "Feature", "properties": { "Shape_Area": 30000.0, "Shape_Leng": 800.0, "cluster_id": "147_142", "fid_1": 1350.0, "id_munic": 142.0, "munic_clus": "147_142", "munic_code": 147.0, "min": 2.7055981159210205, "max": 2.7055981159210205, "mean": 2.7055981953938804, "count": 3, "std": 7.947285984855057e-08, "range": 0.0 }, "geometry": { "type": "Polygon", "coordinates": [ [ [ 723500.0, 6175700.0 ], [ 723400.0, 6175700.0 ], [ 723400.0, 6175800.0 ], [ 723500.0, 6175800.0 ], [ 723600.0, 6175800.0 ], [ 723600.0, 6175700.0 ], [ 723600.0, 6175600.0 ], [ 723500.0, 6175600.0 ], [ 723500.0, 6175700.0 ] ] ] } },
{ "type": "Feature", "properties": { "Shape_Area": 30000.0, "Shape_Leng": 800.0, "cluster_id": "147_143", "fid_1": 1351.0, "id_munic": 143.0, "munic_clus": "147_143", "munic_code": 147.0, "min": 3.8352220058441162, "max": 3.8352220058441162, "mean": 3.8352219263712564, "count": 3, "std": 7.947285984855057e-08, "range": 0.0 }, "geometry": { "type": "Polygon", "coordinates": [ [ [ 723300.0, 6175800.0 ], [ 723300.0, 6175900.0 ], [ 723400.0, 6175900.0 ], [ 723500.0, 6175900.0 ], [ 723500.0, 6175800.0 ], [ 723400.0, 6175800.0 ], [ 723400.0, 6175700.0 ], [ 723300.0, 6175700.0 ], [ 723300.0, 6175800.0 ] ] ] } },
{ "type": "Feature", "properties": { "Shape_Area": 30000.0, "Shape_Leng": 800.0, "cluster_id": "147_144", "fid_1": 1352.0, "id_munic": 144.0, "munic_clus": "147_144", "munic_code": 147.0, "min": 3.6466183662414551, "max": 3.6466183662414551, "mean": 3.6466185251871743, "count": 3, "std": 1.5894571925301193e-07, "range": 0.0 }, "geometry": { "type": "Polygon", "coordinates": [ [ [ 723300.0, 6176000.0 ], [ 723300.0, 6176100.0 ], [ 723400.0, 6176100.0 ], [ 723400.0, 6176000.0 ], [ 723500.0, 6176000.0 ], [ 723500.0, 6175900.0 ], [ 723400.0, 6175900.0 ], [ 723300.0, 6175900.0 ], [ 723300.0, 6176000.0 ] ] ] } },
{ "type": "Feature", "properties": { "Shape_Area": 10000.0, "Shape_Leng": 400.0, "cluster_id": "147_145", "fid_1": 1353.0, "id_munic": 145.0, "munic_clus": "147_145", "munic_code": 147.0, "min": 3.2199268341064453, "max": 3.2199268341064453, "mean": 3.2199268341064453, "count": 1, "std": 0.0, "range": 0.0 }, "geometry": { "type": "Polygon", "coordinates": [ [ [ 723200.0, 6176000.0 ], [ 723200.0, 6176100.0 ], [ 723300.0, 6176100.0 ], [ 723300.0, 6176000.0 ], [ 723200.0, 6176000.0 ] ] ] } },
{ "type": "Feature", "properties": { "Shape_Area": 20000.0, "Shape_Leng": 600.0, "cluster_id": "147_146", "fid_1": 1354.0, "id_munic": 146.0, "munic_clus": "147_146", "munic_code": 147.0, "min": 3.6527824401855469, "max": 3.6527824401855469, "mean": 3.6527824401855469, "count": 2, "std": 0.0, "range": 0.0 }, "geometry": { "type": "Polygon", "coordinates": [ [ [ 723000.0, 6176100.0 ], [ 723100.0, 6176100.0 ], [ 723200.0, 6176100.0 ], [ 723200.0, 6176000.0 ], [ 723100.0, 6176000.0 ], [ 723000.0, 6176000.0 ], [ 723000.0, 6176100.0 ] ] ] } },
{ "type": "Feature", "properties": { "Shape_Area": 10000.0, "Shape_Leng": 400.0, "cluster_id": "147_147", "fid_1": 1355.0, "id_munic": 147.0, "munic_clus": "147_147", "munic_code": 147.0, "min": 3.2195937633514404, "max": 3.2195937633514404, "mean": 3.2195937633514404, "count": 1, "std": 0.0, "range": 0.0 }, "geometry": { "type": "Polygon", "coordinates": [ [ [ 723200.0, 6175700.0 ], [ 723200.0, 6175800.0 ], [ 723300.0, 6175800.0 ], [ 723300.0, 6175700.0 ], [ 723200.0, 6175700.0 ] ] ] } },
{ "type": "Feature", "properties": { "Shape_Area": 20000.0, "Shape_Leng": 600.0, "cluster_id": "147_148", "fid_1": 1356.0, "id_munic": 148.0, "munic_clus": "147_148", "munic_code": 147.0, "min": 2.2444188594818115, "max": 2.2444188594818115, "mean": 2.2444188594818115, "count": 2, "std": 0.0, "range": 0.0 }, "geometry": { "type": "Polygon", "coordinates": [ [ [ 720600.0, 6176000.0 ], [ 720700.0, 6176000.0 ], [ 720800.0, 6176000.0 ], [ 720800.0, 6175900.0 ], [ 720700.0, 6175900.0 ], [ 720600.0, 6175900.0 ], [ 720600.0, 6176000.0 ] ] ] } },
{ "type": "Feature", "properties": { "Shape_Area": 10000.0, "Shape_Leng": 400.0, "cluster_id": "147_149", "fid_1": 1357.0, "id_munic": 149.0, "munic_clus": "147_149", "munic_code": 147.0, "min": 3.809730052947998, "max": 3.809730052947998, "mean": 3.809730052947998, "count": 1, "std": 0.0, "range": 0.0 }, "geometry": { "type": "Polygon", "coordinates": [ [ [ 721200.0, 6176100.0 ], [ 721200.0, 6176200.0 ], [ 721300.0, 6176200.0 ], [ 721300.0, 6176100.0 ], [ 721200.0, 6176100.0 ] ] ] } },
{ "type": "Feature", "properties": { "Shape_Area": 20000.0, "Shape_Leng": 600.0, "cluster_id": "147_150", "fid_1": 1358.0, "id_munic": 150.0, "munic_clus": "147_150", "munic_code": 147.0, "min": 3.2185938358306885, "max": 3.2185938358306885, "mean": 3.2185938358306885, "count": 2, "std": 0.0, "range": 0.0 }, "geometry": { "type": "Polygon", "coordinates": [ [ [ 723000.0, 6175600.0 ], [ 723100.0, 6175600.0 ], [ 723200.0, 6175600.0 ], [ 723200.0, 6175500.0 ], [ 723100.0, 6175500.0 ], [ 723000.0, 6175500.0 ], [ 723000.0, 6175600.0 ] ] ] } },
{ "type": "Feature", "properties": { "Shape_Area": 20000.0, "Shape_Leng": 600.0, "cluster_id": "147_151", "fid_1": 1359.0, "id_munic": 151.0, "munic_clus": "147_151", "munic_code": 147.0, "min": 3.9951686859130859, "max": 3.9951686859130859, "mean": 3.9951686859130859, "count": 2, "std": 0.0, "range": 0.0 }, "geometry": { "type": "Polygon", "coordinates": [ [ [ 723000.0, 6175500.0 ], [ 723100.0, 6175500.0 ], [ 723200.0, 6175500.0 ], [ 723200.0, 6175400.0 ], [ 723100.0, 6175400.0 ], [ 723000.0, 6175400.0 ], [ 723000.0, 6175500.0 ] ] ] } },
{ "type": "Feature", "properties": { "Shape_Area": 10000.0, "Shape_Leng": 400.0, "cluster_id": "147_152", "fid_1": 1360.0, "id_munic": 152.0, "munic_clus": "147_152", "munic_code": 147.0, "min": 2.5576474666595459, "max": 2.5576474666595459, "mean": 2.5576474666595459, "count": 1, "std": 0.0, "range": 0.0 }, "geometry": { "type": "Polygon", "coordinates": [ [ [ 719900.0, 6176200.0 ], [ 719900.0, 6176300.0 ], [ 720000.0, 6176300.0 ], [ 720000.0, 6176200.0 ], [ 719900.0, 6176200.0 ] ] ] } },
{ "type": "Feature", "properties": { "Shape_Area": 10000.0, "Shape_Leng": 400.0, "cluster_id": "147_153", "fid_1": 1361.0, "id_munic": 153.0, "munic_clus": "147_153", "munic_code": 147.0, "min": 2.6914365291595459, "max": 2.6914365291595459, "mean": 2.6914365291595459, "count": 1, "std": 0.0, "range": 0.0 }, "geometry": { "type": "Polygon", "coordinates": [ [ [ 720300.0, 6176000.0 ], [ 720300.0, 6176100.0 ], [ 720400.0, 6176100.0 ], [ 720400.0, 6176000.0 ], [ 720300.0, 6176000.0 ] ] ] } },
{ "type": "Feature", "properties": { "Shape_Area": 20000.0, "Shape_Leng": 600.0, "cluster_id": "147_154", "fid_1": 1362.0, "id_munic": 154.0, "munic_clus": "147_154", "munic_code": 147.0, "min": 2.7834057807922363, "max": 2.7834057807922363, "mean": 2.7834057807922363, "count": 2, "std": 0.0, "range": 0.0 }, "geometry": { "type": "Polygon", "coordinates": [ [ [ 720200.0, 6176200.0 ], [ 720200.0, 6176300.0 ], [ 720300.0, 6176300.0 ], [ 720300.0, 6176200.0 ], [ 720300.0, 6176100.0 ], [ 720200.0, 6176100.0 ], [ 720200.0, 6176200.0 ] ] ] } },
{ "type": "Feature", "properties": { "Shape_Area": 10000.0, "Shape_Leng": 400.0, "cluster_id": "147_155", "fid_1": 1363.0, "id_munic": 155.0, "munic_clus": "147_155", "munic_code": 147.0, "min": 2.5969681739807129, "max": 2.5969681739807129, "mean": 2.5969681739807129, "count": 1, "std": 0.0, "range": 0.0 }, "geometry": { "type": "Polygon", "coordinates": [ [ [ 720400.0, 6176100.0 ], [ 720400.0, 6176200.0 ], [ 720500.0, 6176200.0 ], [ 720500.0, 6176100.0 ], [ 720400.0, 6176100.0 ] ] ] } },
{ "type": "Feature", "properties": { "Shape_Area": 90000.0, "Shape_Leng": 1400.0, "cluster_id": "147_156", "fid_1": 1364.0, "id_munic": 156.0, "munic_clus": "147_156", "munic_code": 147.0, "min": 2.3713762760162354, "max": 2.3713762760162354, "mean": 2.3713762495252819, "count": 9, "std": 2.6490953430879927e-08, "range": 0.0 }, "geometry": { "type": "Polygon", "coordinates": [ [ [ 720100.0, 6175900.0 ], [ 720000.0, 6175900.0 ], [ 720000.0, 6175800.0 ], [ 719900.0, 6175800.0 ], [ 719900.0, 6175900.0 ], [ 719900.0, 6176000.0 ], [ 719800.0, 6176000.0 ], [ 719800.0, 6176100.0 ], [ 719800.0, 6176200.0 ], [ 719900.0, 6176200.0 ], [ 720000.0, 6176200.0 ], [ 720100.0, 6176200.0 ], [ 720100.0, 6176100.0 ], [ 720100.0, 6176000.0 ], [ 720100.0, 6175900.0 ] ] ] } },
{ "type": "Feature", "properties": { "Shape_Area": 20000.0, "Shape_Leng": 600.0, "cluster_id": "147_157", "fid_1": 1365.0, "id_munic": 157.0, "munic_clus": "147_157", "munic_code": 147.0, "min": 2.8328890800476074, "max": 2.8328890800476074, "mean": 2.8328890800476074, "count": 2, "std": 0.0, "range": 0.0 }, "geometry": { "type": "Polygon", "coordinates": [ [ [ 720400.0, 6176000.0 ], [ 720400.0, 6176100.0 ], [ 720500.0, 6176100.0 ], [ 720500.0, 6176000.0 ], [ 720500.0, 6175900.0 ], [ 720400.0, 6175900.0 ], [ 720400.0, 6176000.0 ] ] ] } },
{ "type": "Feature", "properties": { "Shape_Area": 10000.0, "Shape_Leng": 400.0, "cluster_id": "147_158", "fid_1": 1366.0, "id_munic": 158.0, "munic_clus": "147_158", "munic_code": 147.0, "min": 2.5848054885864258, "max": 2.5848054885864258, "mean": 2.5848054885864258, "count": 1, "std": 0.0, "range": 0.0 }, "geometry": { "type": "Polygon", "coordinates": [ [ [ 720500.0, 6175900.0 ], [ 720500.0, 6176000.0 ], [ 720600.0, 6176000.0 ], [ 720600.0, 6175900.0 ], [ 720500.0, 6175900.0 ] ] ] } },
{ "type": "Feature", "properties": { "Shape_Area": 30000.0, "Shape_Leng": 800.0, "cluster_id": "147_159", "fid_1": 1367.0, "id_munic": 159.0, "munic_clus": "147_159", "munic_code": 147.0, "min": 2.9840054512023926, "max": 2.9840054512023926, "mean": 2.9840056101481118, "count": 3, "std": 1.5894571925301193e-07, "range": 0.0 }, "geometry": { "type": "Polygon", "coordinates": [ [ [ 720500.0, 6176100.0 ], [ 720500.0, 6176200.0 ], [ 720600.0, 6176200.0 ], [ 720600.0, 6176100.0 ], [ 720700.0, 6176100.0 ], [ 720700.0, 6176000.0 ], [ 720600.0, 6176000.0 ], [ 720500.0, 6176000.0 ], [ 720500.0, 6176100.0 ] ] ] } },
{ "type": "Feature", "properties": { "Shape_Area": 10000.0, "Shape_Leng": 400.0, "cluster_id": "147_160", "fid_1": 1368.0, "id_munic": 160.0, "munic_clus": "147_160", "munic_code": 147.0, "min": 2.5843052864074707, "max": 2.5843052864074707, "mean": 2.5843052864074707, "count": 1, "std": 0.0, "range": 0.0 }, "geometry": { "type": "Polygon", "coordinates": [ [ [ 720300.0, 6176200.0 ], [ 720300.0, 6176300.0 ], [ 720400.0, 6176300.0 ], [ 720400.0, 6176200.0 ], [ 720300.0, 6176200.0 ] ] ] } },
{ "type": "Feature", "properties": { "Shape_Area": 10000.0, "Shape_Leng": 400.0, "cluster_id": "147_161", "fid_1": 1369.0, "id_munic": 161.0, "munic_clus": "147_161", "munic_code": 147.0, "min": 2.9045324325561523, "max": 2.9045324325561523, "mean": 2.9045324325561523, "count": 1, "std": 0.0, "range": 0.0 }, "geometry": { "type": "Polygon", "coordinates": [ [ [ 719800.0, 6176200.0 ], [ 719800.0, 6176300.0 ], [ 719900.0, 6176300.0 ], [ 719900.0, 6176200.0 ], [ 719800.0, 6176200.0 ] ] ] } },
{ "type": "Feature", "properties": { "Shape_Area": 10000.0, "Shape_Leng": 400.0, "cluster_id": "147_162", "fid_1": 1370.0, "id_munic": 162.0, "munic_clus": "147_162", "munic_code": 147.0, "min": 2.6642789840698242, "max": 2.6642789840698242, "mean": 2.6642789840698242, "count": 1, "std": 0.0, "range": 0.0 }, "geometry": { "type": "Polygon", "coordinates": [ [ [ 720300.0, 6176100.0 ], [ 720300.0, 6176200.0 ], [ 720400.0, 6176200.0 ], [ 720400.0, 6176100.0 ], [ 720300.0, 6176100.0 ] ] ] } },
{ "type": "Feature", "properties": { "Shape_Area": 10000.0, "Shape_Leng": 400.0, "cluster_id": "147_163", "fid_1": 1371.0, "id_munic": 163.0, "munic_clus": "147_163", "munic_code": 147.0, "min": 3.1077978610992432, "max": 3.1077978610992432, "mean": 3.1077978610992432, "count": 1, "std": 0.0, "range": 0.0 }, "geometry": { "type": "Polygon", "coordinates": [ [ [ 720400.0, 6176200.0 ], [ 720400.0, 6176300.0 ], [ 720500.0, 6176300.0 ], [ 720500.0, 6176200.0 ], [ 720400.0, 6176200.0 ] ] ] } },
{ "type": "Feature", "properties": { "Shape_Area": 40000.0, "Shape_Leng": 1000.0, "cluster_id": "147_164", "fid_1": 1372.0, "id_munic": 164.0, "munic_clus": "147_164", "munic_code": 147.0, "min": 3.2787408828735352, "max": 3.2787408828735352, "mean": 3.2787408828735352, "count": 4, "std": 0.0, "range": 0.0 }, "geometry": { "type": "Polygon", "coordinates": [ [ [ 720700.0, 6176700.0 ], [ 720800.0, 6176700.0 ], [ 720800.0, 6176800.0 ], [ 720900.0, 6176800.0 ], [ 720900.0, 6176700.0 ], [ 720900.0, 6176600.0 ], [ 720800.0, 6176600.0 ], [ 720800.0, 6176500.0 ], [ 720700.0, 6176500.0 ], [ 720700.0, 6176600.0 ], [ 720700.0, 6176700.0 ] ] ] } },
{ "type": "Feature", "properties": { "Shape_Area": 40000.0, "Shape_Leng": 800.0, "cluster_id": "147_165", "fid_1": 1373.0, "id_munic": 165.0, "munic_clus": "147_165", "munic_code": 147.0, "min": 2.6907699108123779, "max": 2.6907699108123779, "mean": 2.6907699108123779, "count": 4, "std": 0.0, "range": 0.0 }, "geometry": { "type": "Polygon", "coordinates": [ [ [ 720700.0, 6176600.0 ], [ 720600.0, 6176600.0 ], [ 720500.0, 6176600.0 ], [ 720500.0, 6176700.0 ], [ 720500.0, 6176800.0 ], [ 720600.0, 6176800.0 ], [ 720700.0, 6176800.0 ], [ 720700.0, 6176700.0 ], [ 720700.0, 6176600.0 ] ] ] } },
{ "type": "Feature", "properties": { "Shape_Area": 50000.0, "Shape_Leng": 1000.0, "cluster_id": "147_166", "fid_1": 1374.0, "id_munic": 166.0, "munic_clus": "147_166", "munic_code": 147.0, "min": 2.640286922454834, "max": 2.640286922454834, "mean": 2.6402870178222657, "count": 5, "std": 9.5367431729442842e-08, "range": 0.0 }, "geometry": { "type": "Polygon", "coordinates": [ [ [ 721300.0, 6177000.0 ], [ 721200.0, 6177000.0 ], [ 721100.0, 6177000.0 ], [ 721100.0, 6177100.0 ], [ 721000.0, 6177100.0 ], [ 721000.0, 6177200.0 ], [ 721100.0, 6177200.0 ], [ 721200.0, 6177200.0 ], [ 721300.0, 6177200.0 ], [ 721300.0, 6177100.0 ], [ 721300.0, 6177000.0 ] ] ] } },
{ "type": "Feature", "properties": { "Shape_Area": 20000.0, "Shape_Leng": 600.0, "cluster_id": "147_167", "fid_1": 1375.0, "id_munic": 167.0, "munic_clus": "147_167", "munic_code": 147.0, "min": 3.5496501922607422, "max": 3.5496501922607422, "mean": 3.5496501922607422, "count": 2, "std": 0.0, "range": 0.0 }, "geometry": { "type": "Polygon", "coordinates": [ [ [ 721300.0, 6177100.0 ], [ 721400.0, 6177100.0 ], [ 721500.0, 6177100.0 ], [ 721500.0, 6177000.0 ], [ 721400.0, 6177000.0 ], [ 721300.0, 6177000.0 ], [ 721300.0, 6177100.0 ] ] ] } },
{ "type": "Feature", "properties": { "Shape_Area": 40000.0, "Shape_Leng": 800.0, "cluster_id": "147_168", "fid_1": 1376.0, "id_munic": 168.0, "munic_clus": "147_168", "munic_code": 147.0, "min": 3.430523157119751, "max": 3.430523157119751, "mean": 3.430523157119751, "count": 4, "std": 0.0, "range": 0.0 }, "geometry": { "type": "Polygon", "coordinates": [ [ [ 721000.0, 6177000.0 ], [ 720900.0, 6177000.0 ], [ 720800.0, 6177000.0 ], [ 720800.0, 6177100.0 ], [ 720800.0, 6177200.0 ], [ 720900.0, 6177200.0 ], [ 721000.0, 6177200.0 ], [ 721000.0, 6177100.0 ], [ 721000.0, 6177000.0 ] ] ] } },
{ "type": "Feature", "properties": { "Shape_Area": 60000.0, "Shape_Leng": 1200.0, "cluster_id": "147_169", "fid_1": 1377.0, "id_munic": 169.0, "munic_clus": "147_169", "munic_code": 147.0, "min": 3.5976343154907227, "max": 3.5976343154907227, "mean": 3.5976339975992837, "count": 6, "std": 3.1789143895011307e-07, "range": 0.0 }, "geometry": { "type": "Polygon", "coordinates": [ [ [ 721100.0, 6176800.0 ], [ 721000.0, 6176800.0 ], [ 720900.0, 6176800.0 ], [ 720900.0, 6176900.0 ], [ 720800.0, 6176900.0 ], [ 720800.0, 6177000.0 ], [ 720900.0, 6177000.0 ], [ 721000.0, 6177000.0 ], [ 721000.0, 6177100.0 ], [ 721100.0, 6177100.0 ], [ 721100.0, 6177000.0 ], [ 721100.0, 6176900.0 ], [ 721100.0, 6176800.0 ] ] ] } },
{ "type": "Feature", "properties": { "Shape_Area": 20000.0, "Shape_Leng": 600.0, "cluster_id": "147_170", "fid_1": 1378.0, "id_munic": 170.0, "munic_clus": "147_170", "munic_code": 147.0, "min": 3.331890344619751, "max": 3.331890344619751, "mean": 3.331890344619751, "count": 2, "std": 0.0, "range": 0.0 }, "geometry": { "type": "Polygon", "coordinates": [ [ [ 722100.0, 6176000.0 ], [ 722200.0, 6176000.0 ], [ 722300.0, 6176000.0 ], [ 722300.0, 6175900.0 ], [ 722200.0, 6175900.0 ], [ 722100.0, 6175900.0 ], [ 722100.0, 6176000.0 ] ] ] } },
{ "type": "Feature", "properties": { "Shape_Area": 10000.0, "Shape_Leng": 400.0, "cluster_id": "147_171", "fid_1": 1379.0, "id_munic": 171.0, "munic_clus": "147_171", "munic_code": 147.0, "min": 2.3900370597839355, "max": 2.3900370597839355, "mean": 2.3900370597839355, "count": 1, "std": 0.0, "range": 0.0 }, "geometry": { "type": "Polygon", "coordinates": [ [ [ 722900.0, 6175800.0 ], [ 722900.0, 6175900.0 ], [ 723000.0, 6175900.0 ], [ 723000.0, 6175800.0 ], [ 722900.0, 6175800.0 ] ] ] } },
{ "type": "Feature", "properties": { "Shape_Area": 40000.0, "Shape_Leng": 1000.0, "cluster_id": "147_172", "fid_1": 1380.0, "id_munic": 172.0, "munic_clus": "147_172", "munic_code": 147.0, "min": 3.4723427295684814, "max": 3.4723427295684814, "mean": 3.4723427295684814, "count": 4, "std": 0.0, "range": 0.0 }, "geometry": { "type": "Polygon", "coordinates": [ [ [ 723000.0, 6176000.0 ], [ 723000.0, 6175900.0 ], [ 722900.0, 6175900.0 ], [ 722800.0, 6175900.0 ], [ 722800.0, 6176000.0 ], [ 722700.0, 6176000.0 ], [ 722700.0, 6176100.0 ], [ 722800.0, 6176100.0 ], [ 722900.0, 6176100.0 ], [ 722900.0, 6176000.0 ], [ 723000.0, 6176000.0 ] ] ] } },
{ "type": "Feature", "properties": { "Shape_Area": 10000.0, "Shape_Leng": 400.0, "cluster_id": "147_173", "fid_1": 1381.0, "id_munic": 173.0, "munic_clus": "147_173", "munic_code": 147.0, "min": 3.0089974403381348, "max": 3.0089974403381348, "mean": 3.0089974403381348, "count": 1, "std": 0.0, "range": 0.0 }, "geometry": { "type": "Polygon", "coordinates": [ [ [ 722900.0, 6176000.0 ], [ 722900.0, 6176100.0 ], [ 723000.0, 6176100.0 ], [ 723000.0, 6176000.0 ], [ 722900.0, 6176000.0 ] ] ] } },
{ "type": "Feature", "properties": { "Shape_Area": 10000.0, "Shape_Leng": 400.0, "cluster_id": "147_174", "fid_1": 1382.0, "id_munic": 174.0, "munic_clus": "147_174", "munic_code": 147.0, "min": 3.4538488388061523, "max": 3.4538488388061523, "mean": 3.4538488388061523, "count": 1, "std": 0.0, "range": 0.0 }, "geometry": { "type": "Polygon", "coordinates": [ [ [ 723000.0, 6176100.0 ], [ 723000.0, 6176200.0 ], [ 723100.0, 6176200.0 ], [ 723100.0, 6176100.0 ], [ 723000.0, 6176100.0 ] ] ] } },
{ "type": "Feature", "properties": { "Shape_Area": 50000.0, "Shape_Leng": 1000.0, "cluster_id": "147_175", "fid_1": 1383.0, "id_munic": 175.0, "munic_clus": "147_175", "munic_code": 147.0, "min": 2.9603466987609863, "max": 2.9603466987609863, "mean": 2.9603466033935546, "count": 5, "std": 9.5367431729442842e-08, "range": 0.0 }, "geometry": { "type": "Polygon", "coordinates": [ [ [ 722800.0, 6176200.0 ], [ 722800.0, 6176300.0 ], [ 722900.0, 6176300.0 ], [ 723000.0, 6176300.0 ], [ 723000.0, 6176200.0 ], [ 723000.0, 6176100.0 ], [ 722900.0, 6176100.0 ], [ 722800.0, 6176100.0 ], [ 722700.0, 6176100.0 ], [ 722700.0, 6176200.0 ], [ 722800.0, 6176200.0 ] ] ] } },
{ "type": "Feature", "properties": { "Shape_Area": 10000.0, "Shape_Leng": 400.0, "cluster_id": "147_176", "fid_1": 1384.0, "id_munic": 176.0, "munic_clus": "147_176", "munic_code": 147.0, "min": 2.9955017566680908, "max": 2.9955017566680908, "mean": 2.9955017566680908, "count": 1, "std": 0.0, "range": 0.0 }, "geometry": { "type": "Polygon", "coordinates": [ [ [ 722600.0, 6175800.0 ], [ 722600.0, 6175900.0 ], [ 722700.0, 6175900.0 ], [ 722700.0, 6175800.0 ], [ 722600.0, 6175800.0 ] ] ] } },
{ "type": "Feature", "properties": { "Shape_Area": 20000.0, "Shape_Leng": 600.0, "cluster_id": "147_177", "fid_1": 1385.0, "id_munic": 177.0, "munic_clus": "147_177", "munic_code": 147.0, "min": 3.4068644046783447, "max": 3.4068644046783447, "mean": 3.4068644046783447, "count": 2, "std": 0.0, "range": 0.0 }, "geometry": { "type": "Polygon", "coordinates": [ [ [ 722300.0, 6176000.0 ], [ 722400.0, 6176000.0 ], [ 722500.0, 6176000.0 ], [ 722500.0, 6175900.0 ], [ 722400.0, 6175900.0 ], [ 722300.0, 6175900.0 ], [ 722300.0, 6176000.0 ] ] ] } },
{ "type": "Feature", "properties": { "Shape_Area": 30000.0, "Shape_Leng": 800.0, "cluster_id": "147_178", "fid_1": 1386.0, "id_munic": 178.0, "munic_clus": "147_178", "munic_code": 147.0, "min": 3.588137149810791, "max": 3.588137149810791, "mean": 3.5881373087565103, "count": 3, "std": 1.5894571925301193e-07, "range": 0.0 }, "geometry": { "type": "Polygon", "coordinates": [ [ [ 722400.0, 6175900.0 ], [ 722500.0, 6175900.0 ], [ 722500.0, 6176000.0 ], [ 722600.0, 6176000.0 ], [ 722600.0, 6175900.0 ], [ 722600.0, 6175800.0 ], [ 722500.0, 6175800.0 ], [ 722400.0, 6175800.0 ], [ 722400.0, 6175900.0 ] ] ] } },
{ "type": "Feature", "properties": { "Shape_Area": 50000.0, "Shape_Leng": 1000.0, "cluster_id": "147_179", "fid_1": 1387.0, "id_munic": 179.0, "munic_clus": "147_179", "munic_code": 147.0, "min": 4.0973014831542969, "max": 4.0973014831542969, "mean": 4.0973014831542969, "count": 5, "std": 0.0, "range": 0.0 }, "geometry": { "type": "Polygon", "coordinates": [ [ [ 722100.0, 6175500.0 ], [ 722000.0, 6175500.0 ], [ 722000.0, 6175600.0 ], [ 721900.0, 6175600.0 ], [ 721900.0, 6175700.0 ], [ 721900.0, 6175800.0 ], [ 722000.0, 6175800.0 ], [ 722100.0, 6175800.0 ], [ 722100.0, 6175700.0 ], [ 722100.0, 6175600.0 ], [ 722100.0, 6175500.0 ] ] ] } },
{ "type": "Feature", "properties": { "Shape_Area": 170000.0, "Shape_Leng": 1800.0, "cluster_id": "147_180", "fid_1": 1388.0, "id_munic": 180.0, "munic_clus": "147_180", "munic_code": 147.0, "min": 2.9108633995056152, "max": 2.9108633995056152, "mean": 2.9108630909639248, "count": 17, "std": 3.085416904191618e-07, "range": 0.0 }, "geometry": { "type": "Polygon", "coordinates": [ [ [ 721800.0, 6175100.0 ], [ 721700.0, 6175100.0 ], [ 721600.0, 6175100.0 ], [ 721600.0, 6175200.0 ], [ 721600.0, 6175300.0 ], [ 721600.0, 6175400.0 ], [ 721700.0, 6175400.0 ], [ 721800.0, 6175400.0 ], [ 721900.0, 6175400.0 ], [ 721900.0, 6175500.0 ], [ 722000.0, 6175500.0 ], [ 722100.0, 6175500.0 ], [ 722100.0, 6175400.0 ], [ 722100.0, 6175300.0 ], [ 722100.0, 6175200.0 ], [ 722100.0, 6175100.0 ], [ 722000.0, 6175100.0 ], [ 721900.0, 6175100.0 ], [ 721800.0, 6175100.0 ] ] ] } },
{ "type": "Feature", "properties": { "Shape_Area": 10000.0, "Shape_Leng": 400.0, "cluster_id": "147_181", "fid_1": 1389.0, "id_munic": 181.0, "munic_clus": "147_181", "munic_code": 147.0, "min": 3.6786069869995117, "max": 3.6786069869995117, "mean": 3.6786069869995117, "count": 1, "std": 0.0, "range": 0.0 }, "geometry": { "type": "Polygon", "coordinates": [ [ [ 722600.0, 6175900.0 ], [ 722600.0, 6176000.0 ], [ 722700.0, 6176000.0 ], [ 722700.0, 6175900.0 ], [ 722600.0, 6175900.0 ] ] ] } },
{ "type": "Feature", "properties": { "Shape_Area": 30000.0, "Shape_Leng": 800.0, "cluster_id": "147_182", "fid_1": 1390.0, "id_munic": 182.0, "munic_clus": "147_182", "munic_code": 147.0, "min": 3.5858051776885986, "max": 3.5858051776885986, "mean": 3.5858052571614585, "count": 3, "std": 7.947285984855057e-08, "range": 0.0 }, "geometry": { "type": "Polygon", "coordinates": [ [ [ 722100.0, 6176100.0 ], [ 722200.0, 6176100.0 ], [ 722200.0, 6176200.0 ], [ 722300.0, 6176200.0 ], [ 722300.0, 6176100.0 ], [ 722300.0, 6176000.0 ], [ 722200.0, 6176000.0 ], [ 722100.0, 6176000.0 ], [ 722100.0, 6176100.0 ] ] ] } },
{ "type": "Feature", "properties": { "Shape_Area": 170000.0, "Shape_Leng": 2000.0, "cluster_id": "147_183", "fid_1": 1391.0, "id_munic": 183.0, "munic_clus": "147_183", "munic_code": 147.0, "min": 3.3335554599761963, "max": 3.3335554599761963, "mean": 3.3335555581485523, "count": 17, "std": 9.8172356022274685e-08, "range": 0.0 }, "geometry": { "type": "Polygon", "coordinates": [ [ [ 722300.0, 6176000.0 ], [ 722300.0, 6176100.0 ], [ 722300.0, 6176200.0 ], [ 722200.0, 6176200.0 ], [ 722200.0, 6176300.0 ], [ 722300.0, 6176300.0 ], [ 722400.0, 6176300.0 ], [ 722400.0, 6176400.0 ], [ 722500.0, 6176400.0 ], [ 722600.0, 6176400.0 ], [ 722700.0, 6176400.0 ], [ 722700.0, 6176300.0 ], [ 722800.0, 6176300.0 ], [ 722800.0, 6176200.0 ], [ 722700.0, 6176200.0 ], [ 722700.0, 6176100.0 ], [ 722700.0, 6176000.0 ], [ 722600.0, 6176000.0 ], [ 722500.0, 6176000.0 ], [ 722400.0, 6176000.0 ], [ 722300.0, 6176000.0 ] ] ] } },
{ "type": "Feature", "properties": { "Shape_Area": 30000.0, "Shape_Leng": 800.0, "cluster_id": "147_184", "fid_1": 1392.0, "id_munic": 184.0, "munic_clus": "147_184", "munic_code": 147.0, "min": 3.0148282051086426, "max": 3.0148282051086426, "mean": 3.0148283640543618, "count": 3, "std": 1.5894571925301193e-07, "range": 0.0 }, "geometry": { "type": "Polygon", "coordinates": [ [ [ 723400.0, 6176300.0 ], [ 723400.0, 6176400.0 ], [ 723500.0, 6176400.0 ], [ 723600.0, 6176400.0 ], [ 723600.0, 6176300.0 ], [ 723500.0, 6176300.0 ], [ 723500.0, 6176200.0 ], [ 723400.0, 6176200.0 ], [ 723400.0, 6176300.0 ] ] ] } },
{ "type": "Feature", "properties": { "Shape_Area": 30000.0, "Shape_Leng": 800.0, "cluster_id": "147_185", "fid_1": 1393.0, "id_munic": 185.0, "munic_clus": "147_185", "munic_code": 147.0, "min": 3.159113883972168, "max": 3.159113883972168, "mean": 3.159113883972168, "count": 3, "std": 0.0, "range": 0.0 }, "geometry": { "type": "Polygon", "coordinates": [ [ [ 723500.0, 6176100.0 ], [ 723500.0, 6176200.0 ], [ 723500.0, 6176300.0 ], [ 723600.0, 6176300.0 ], [ 723600.0, 6176200.0 ], [ 723600.0, 6176100.0 ], [ 723600.0, 6176000.0 ], [ 723500.0, 6176000.0 ], [ 723500.0, 6176100.0 ] ] ] } },
{ "type": "Feature", "properties": { "Shape_Area": 40000.0, "Shape_Leng": 1000.0, "cluster_id": "147_186", "fid_1": 1394.0, "id_munic": 186.0, "munic_clus": "147_186", "munic_code": 147.0, "min": 3.1954350471496582, "max": 3.1954350471496582, "mean": 3.1954350471496582, "count": 4, "std": 0.0, "range": 0.0 }, "geometry": { "type": "Polygon", "coordinates": [ [ [ 723400.0, 6176200.0 ], [ 723300.0, 6176200.0 ], [ 723300.0, 6176300.0 ], [ 723200.0, 6176300.0 ], [ 723100.0, 6176300.0 ], [ 723100.0, 6176400.0 ], [ 723200.0, 6176400.0 ], [ 723300.0, 6176400.0 ], [ 723400.0, 6176400.0 ], [ 723400.0, 6176300.0 ], [ 723400.0, 6176200.0 ] ] ] } },
{ "type": "Feature", "properties": { "Shape_Area": 20000.0, "Shape_Leng": 600.0, "cluster_id": "147_187", "fid_1": 1395.0, "id_munic": 187.0, "munic_clus": "147_187", "munic_code": 147.0, "min": 2.9415197372436523, "max": 2.9415197372436523, "mean": 2.9415197372436523, "count": 2, "std": 0.0, "range": 0.0 }, "geometry": { "type": "Polygon", "coordinates": [ [ [ 723200.0, 6176200.0 ], [ 723300.0, 6176200.0 ], [ 723400.0, 6176200.0 ], [ 723400.0, 6176100.0 ], [ 723300.0, 6176100.0 ], [ 723200.0, 6176100.0 ], [ 723200.0, 6176200.0 ] ] ] } },
{ "type": "Feature", "properties": { "Shape_Area": 30000.0, "Shape_Leng": 800.0, "cluster_id": "147_188", "fid_1": 1396.0, "id_munic": 188.0, "munic_clus": "147_188", "munic_code": 147.0, "min": 2.3450517654418945, "max": 2.3450517654418945, "mean": 2.3450517654418945, "count": 3, "std": 0.0, "range": 0.0 }, "geometry": { "type": "Polygon", "coordinates": [ [ [ 723100.0, 6176200.0 ], [ 723100.0, 6176300.0 ], [ 723200.0, 6176300.0 ], [ 723300.0, 6176300.0 ], [ 723300.0, 6176200.0 ], [ 723200.0, 6176200.0 ], [ 723200.0, 6176100.0 ], [ 723100.0, 6176100.0 ], [ 723100.0, 6176200.0 ] ] ] } },
{ "type": "Feature", "properties": { "Shape_Area": 20000.0, "Shape_Leng": 600.0, "cluster_id": "147_189", "fid_1": 1397.0, "id_munic": 189.0, "munic_clus": "147_189", "munic_code": 147.0, "min": 3.1356217861175537, "max": 3.1356217861175537, "mean": 3.1356217861175537, "count": 2, "std": 0.0, "range": 0.0 }, "geometry": { "type": "Polygon", "coordinates": [ [ [ 723400.0, 6176100.0 ], [ 723400.0, 6176200.0 ], [ 723500.0, 6176200.0 ], [ 723500.0, 6176100.0 ], [ 723500.0, 6176000.0 ], [ 723400.0, 6176000.0 ], [ 723400.0, 6176100.0 ] ] ] } },
{ "type": "Feature", "properties": { "Shape_Area": 20000.0, "Shape_Leng": 600.0, "cluster_id": "147_190", "fid_1": 1398.0, "id_munic": 190.0, "munic_clus": "147_190", "munic_code": 147.0, "min": 4.1559486389160156, "max": 4.1559486389160156, "mean": 4.1559486389160156, "count": 2, "std": 0.0, "range": 0.0 }, "geometry": { "type": "Polygon", "coordinates": [ [ [ 720700.0, 6175800.0 ], [ 720700.0, 6175900.0 ], [ 720800.0, 6175900.0 ], [ 720800.0, 6175800.0 ], [ 720800.0, 6175700.0 ], [ 720700.0, 6175700.0 ], [ 720700.0, 6175800.0 ] ] ] } },
{ "type": "Feature", "properties": { "Shape_Area": 40000.0, "Shape_Leng": 1000.0, "cluster_id": "147_191", "fid_1": 1399.0, "id_munic": 191.0, "munic_clus": "147_191", "munic_code": 147.0, "min": 2.5079975128173828, "max": 2.5079975128173828, "mean": 2.5079975128173828, "count": 4, "std": 0.0, "range": 0.0 }, "geometry": { "type": "Polygon", "coordinates": [ [ [ 720800.0, 6175600.0 ], [ 720900.0, 6175600.0 ], [ 721000.0, 6175600.0 ], [ 721100.0, 6175600.0 ], [ 721100.0, 6175500.0 ], [ 721000.0, 6175500.0 ], [ 720900.0, 6175500.0 ], [ 720800.0, 6175500.0 ], [ 720700.0, 6175500.0 ], [ 720700.0, 6175600.0 ], [ 720800.0, 6175600.0 ] ] ] } },
{ "type": "Feature", "properties": { "Shape_Area": 20000.0, "Shape_Leng": 600.0, "cluster_id": "147_192", "fid_1": 1400.0, "id_munic": 192.0, "munic_clus": "147_192", "munic_code": 147.0, "min": 3.0593135356903076, "max": 3.0593135356903076, "mean": 3.0593135356903076, "count": 2, "std": 0.0, "range": 0.0 }, "geometry": { "type": "Polygon", "coordinates": [ [ [ 721100.0, 6175700.0 ], [ 721200.0, 6175700.0 ], [ 721300.0, 6175700.0 ], [ 721300.0, 6175600.0 ], [ 721200.0, 6175600.0 ], [ 721100.0, 6175600.0 ], [ 721100.0, 6175700.0 ] ] ] } },
{ "type": "Feature", "properties": { "Shape_Area": 20000.0, "Shape_Leng": 600.0, "cluster_id": "147_193", "fid_1": 1401.0, "id_munic": 193.0, "munic_clus": "147_193", "munic_code": 147.0, "min": 3.2040989398956299, "max": 3.2040989398956299, "mean": 3.2040989398956299, "count": 2, "std": 0.0, "range": 0.0 }, "geometry": { "type": "Polygon", "coordinates": [ [ [ 721100.0, 6175600.0 ], [ 721200.0, 6175600.0 ], [ 721300.0, 6175600.0 ], [ 721300.0, 6175500.0 ], [ 721200.0, 6175500.0 ], [ 721100.0, 6175500.0 ], [ 721100.0, 6175600.0 ] ] ] } },
{ "type": "Feature", "properties": { "Shape_Area": 50000.0, "Shape_Leng": 1000.0, "cluster_id": "147_194", "fid_1": 1402.0, "id_munic": 194.0, "munic_clus": "147_194", "munic_code": 147.0, "min": 3.3382205963134766, "max": 3.3382205963134766, "mean": 3.3382205963134766, "count": 5, "std": 0.0, "range": 0.0 }, "geometry": { "type": "Polygon", "coordinates": [ [ [ 721100.0, 6175600.0 ], [ 721000.0, 6175600.0 ], [ 720900.0, 6175600.0 ], [ 720900.0, 6175700.0 ], [ 720900.0, 6175800.0 ], [ 721000.0, 6175800.0 ], [ 721100.0, 6175800.0 ], [ 721200.0, 6175800.0 ], [ 721200.0, 6175700.0 ], [ 721100.0, 6175700.0 ], [ 721100.0, 6175600.0 ] ] ] } },
{ "type": "Feature", "properties": { "Shape_Area": 140000.0, "Shape_Leng": 2200.0, "cluster_id": "147_195", "fid_1": 1403.0, "id_munic": 195.0, "munic_clus": "147_195", "munic_code": 147.0, "min": 3.9340221881866455, "max": 3.9340221881866455, "mean": 3.9340220860072543, "count": 14, "std": 1.0217939117040942e-07, "range": 0.0 }, "geometry": { "type": "Polygon", "coordinates": [ [ [ 720800.0, 6175800.0 ], [ 720800.0, 6175900.0 ], [ 720900.0, 6175900.0 ], [ 720900.0, 6176000.0 ], [ 721000.0, 6176000.0 ], [ 721100.0, 6176000.0 ], [ 721200.0, 6176000.0 ], [ 721300.0, 6176000.0 ], [ 721400.0, 6176000.0 ], [ 721400.0, 6175900.0 ], [ 721400.0, 6175800.0 ], [ 721300.0, 6175800.0 ], [ 721200.0, 6175800.0 ], [ 721100.0, 6175800.0 ], [ 721000.0, 6175800.0 ], [ 720900.0, 6175800.0 ], [ 720900.0, 6175700.0 ], [ 720900.0, 6175600.0 ], [ 720800.0, 6175600.0 ], [ 720700.0, 6175600.0 ], [ 720700.0, 6175700.0 ], [ 720800.0, 6175700.0 ], [ 720800.0, 6175800.0 ] ] ] } },
{ "type": "Feature", "properties": { "Shape_Area": 110000.0, "Shape_Leng": 1400.0, "cluster_id": "147_196", "fid_1": 1404.0, "id_munic": 196.0, "munic_clus": "147_196", "munic_code": 147.0, "min": 2.6791074275970459, "max": 2.6791074275970459, "mean": 2.6791074926202949, "count": 11, "std": 6.5023249007367667e-08, "range": 0.0 }, "geometry": { "type": "Polygon", "coordinates": [ [ [ 720600.0, 6175200.0 ], [ 720500.0, 6175200.0 ], [ 720500.0, 6175300.0 ], [ 720500.0, 6175400.0 ], [ 720500.0, 6175500.0 ], [ 720500.0, 6175600.0 ], [ 720600.0, 6175600.0 ], [ 720700.0, 6175600.0 ], [ 720700.0, 6175500.0 ], [ 720800.0, 6175500.0 ], [ 720800.0, 6175400.0 ], [ 720800.0, 6175300.0 ], [ 720800.0, 6175200.0 ], [ 720700.0, 6175200.0 ], [ 720600.0, 6175200.0 ] ] ] } },
{ "type": "Feature", "properties": { "Shape_Area": 40000.0, "Shape_Leng": 1000.0, "cluster_id": "147_197", "fid_1": 1405.0, "id_munic": 197.0, "munic_clus": "147_197", "munic_code": 147.0, "min": 2.5131621360778809, "max": 2.5131621360778809, "mean": 2.5131621360778809, "count": 4, "std": 0.0, "range": 0.0 }, "geometry": { "type": "Polygon", "coordinates": [ [ [ 720600.0, 6175700.0 ], [ 720600.0, 6175800.0 ], [ 720600.0, 6175900.0 ], [ 720700.0, 6175900.0 ], [ 720700.0, 6175800.0 ], [ 720700.0, 6175700.0 ], [ 720700.0, 6175600.0 ], [ 720600.0, 6175600.0 ], [ 720500.0, 6175600.0 ], [ 720500.0, 6175700.0 ], [ 720600.0, 6175700.0 ] ] ] } },
{ "type": "Feature", "properties": { "Shape_Area": 30000.0, "Shape_Leng": 800.0, "cluster_id": "147_198", "fid_1": 1406.0, "id_munic": 198.0, "munic_clus": "147_198", "munic_code": 147.0, "min": 2.8402199745178223, "max": 2.8402199745178223, "mean": 2.8402201334635415, "count": 3, "std": 1.5894571925301193e-07, "range": 0.0 }, "geometry": { "type": "Polygon", "coordinates": [ [ [ 721300.0, 6176600.0 ], [ 721400.0, 6176600.0 ], [ 721500.0, 6176600.0 ], [ 721600.0, 6176600.0 ], [ 721600.0, 6176500.0 ], [ 721500.0, 6176500.0 ], [ 721400.0, 6176500.0 ], [ 721300.0, 6176500.0 ], [ 721300.0, 6176600.0 ] ] ] } },
{ "type": "Feature", "properties": { "Shape_Area": 20000.0, "Shape_Leng": 600.0, "cluster_id": "147_199", "fid_1": 1407.0, "id_munic": 199.0, "munic_clus": "147_199", "munic_code": 147.0, "min": 3.9053652286529541, "max": 3.9053652286529541, "mean": 3.9053652286529541, "count": 2, "std": 0.0, "range": 0.0 }, "geometry": { "type": "Polygon", "coordinates": [ [ [ 721400.0, 6176400.0 ], [ 721400.0, 6176500.0 ], [ 721500.0, 6176500.0 ], [ 721500.0, 6176400.0 ], [ 721500.0, 6176300.0 ], [ 721400.0, 6176300.0 ], [ 721400.0, 6176400.0 ] ] ] } },
{ "type": "Feature", "properties": { "Shape_Area": 30000.0, "Shape_Leng": 800.0, "cluster_id": "147_200", "fid_1": 1408.0, "id_munic": 200.0, "munic_clus": "147_200", "munic_code": 147.0, "min": 3.1877713203430176, "max": 3.1877713203430176, "mean": 3.1877714792887368, "count": 3, "std": 1.5894571925301193e-07, "range": 0.0 }, "geometry": { "type": "Polygon", "coordinates": [ [ [ 720800.0, 6176300.0 ], [ 720900.0, 6176300.0 ], [ 721000.0, 6176300.0 ], [ 721100.0, 6176300.0 ], [ 721100.0, 6176200.0 ], [ 721000.0, 6176200.0 ], [ 720900.0, 6176200.0 ], [ 720800.0, 6176200.0 ], [ 720800.0, 6176300.0 ] ] ] } },
{ "type": "Feature", "properties": { "Shape_Area": 10000.0, "Shape_Leng": 400.0, "cluster_id": "147_201", "fid_1": 1409.0, "id_munic": 201.0, "munic_clus": "147_201", "munic_code": 147.0, "min": 3.1414530277252197, "max": 3.1414530277252197, "mean": 3.1414530277252197, "count": 1, "std": 0.0, "range": 0.0 }, "geometry": { "type": "Polygon", "coordinates": [ [ [ 720700.0, 6176300.0 ], [ 720700.0, 6176400.0 ], [ 720800.0, 6176400.0 ], [ 720800.0, 6176300.0 ], [ 720700.0, 6176300.0 ] ] ] } },
{ "type": "Feature", "properties": { "Shape_Area": 10000.0, "Shape_Leng": 400.0, "cluster_id": "147_202", "fid_1": 1410.0, "id_munic": 202.0, "munic_clus": "147_202", "munic_code": 147.0, "min": 2.7092635631561279, "max": 2.7092635631561279, "mean": 2.7092635631561279, "count": 1, "std": 0.0, "range": 0.0 }, "geometry": { "type": "Polygon", "coordinates": [ [ [ 721100.0, 6176200.0 ], [ 721100.0, 6176300.0 ], [ 721200.0, 6176300.0 ], [ 721200.0, 6176200.0 ], [ 721100.0, 6176200.0 ] ] ] } },
{ "type": "Feature", "properties": { "Shape_Area": 70000.0, "Shape_Leng": 1600.0, "cluster_id": "147_203", "fid_1": 1411.0, "id_munic": 203.0, "munic_clus": "147_203", "munic_code": 147.0, "min": 2.4101967811584473, "max": 2.4101967811584473, "mean": 2.4101965767996654, "count": 7, "std": 2.0435878189672962e-07, "range": 0.0 }, "geometry": { "type": "Polygon", "coordinates": [ [ [ 721000.0, 6176400.0 ], [ 721100.0, 6176400.0 ], [ 721200.0, 6176400.0 ], [ 721300.0, 6176400.0 ], [ 721400.0, 6176400.0 ], [ 721400.0, 6176300.0 ], [ 721300.0, 6176300.0 ], [ 721200.0, 6176300.0 ], [ 721100.0, 6176300.0 ], [ 721000.0, 6176300.0 ], [ 720900.0, 6176300.0 ], [ 720800.0, 6176300.0 ], [ 720800.0, 6176400.0 ], [ 720800.0, 6176500.0 ], [ 720900.0, 6176500.0 ], [ 720900.0, 6176400.0 ], [ 721000.0, 6176400.0 ] ] ] } },
{ "type": "Feature", "properties": { "Shape_Area": 20000.0, "Shape_Leng": 600.0, "cluster_id": "147_204", "fid_1": 1412.0, "id_munic": 204.0, "munic_clus": "147_204", "munic_code": 147.0, "min": 2.3195605278015137, "max": 2.3195605278015137, "mean": 2.3195605278015137, "count": 2, "std": 0.0, "range": 0.0 }, "geometry": { "type": "Polygon", "coordinates": [ [ [ 721200.0, 6176300.0 ], [ 721300.0, 6176300.0 ], [ 721400.0, 6176300.0 ], [ 721400.0, 6176200.0 ], [ 721300.0, 6176200.0 ], [ 721200.0, 6176200.0 ], [ 721200.0, 6176300.0 ] ] ] } },
{ "type": "Feature", "properties": { "Shape_Area": 50000.0, "Shape_Leng": 1200.0, "cluster_id": "147_205", "fid_1": 1413.0, "id_munic": 205.0, "munic_clus": "147_205", "munic_code": 147.0, "min": 3.1964347362518311, "max": 3.1964347362518311, "mean": 3.1964347839355467, "count": 5, "std": 4.7683715642676816e-08, "range": 0.0 }, "geometry": { "type": "Polygon", "coordinates": [ [ [ 721400.0, 6176500.0 ], [ 721400.0, 6176400.0 ], [ 721300.0, 6176400.0 ], [ 721200.0, 6176400.0 ], [ 721200.0, 6176500.0 ], [ 721200.0, 6176600.0 ], [ 721100.0, 6176600.0 ], [ 721100.0, 6176700.0 ], [ 721200.0, 6176700.0 ], [ 721300.0, 6176700.0 ], [ 721300.0, 6176600.0 ], [ 721300.0, 6176500.0 ], [ 721400.0, 6176500.0 ] ] ] } },
{ "type": "Feature", "properties": { "Shape_Area": 40000.0, "Shape_Leng": 800.0, "cluster_id": "147_206", "fid_1": 1414.0, "id_munic": 206.0, "munic_clus": "147_206", "munic_code": 147.0, "min": 3.291736364364624, "max": 3.291736364364624, "mean": 3.291736364364624, "count": 4, "std": 0.0, "range": 0.0 }, "geometry": { "type": "Polygon", "coordinates": [ [ [ 722100.0, 6175800.0 ], [ 722000.0, 6175800.0 ], [ 721900.0, 6175800.0 ], [ 721900.0, 6175900.0 ], [ 721900.0, 6176000.0 ], [ 722000.0, 6176000.0 ], [ 722100.0, 6176000.0 ], [ 722100.0, 6175900.0 ], [ 722100.0, 6175800.0 ] ] ] } },
{ "type": "Feature", "properties": { "Shape_Area": 370000.0, "Shape_Leng": 2800.0, "cluster_id": "147_207", "fid_1": 1415.0, "id_munic": 207.0, "munic_clus": "147_207", "munic_code": 147.0, "min": 3.0784740447998047, "max": 3.0784740447998047, "mean": 3.0784740963497677, "count": 37, "std": 5.1549962964969609e-08, "range": 0.0 }, "geometry": { "type": "Polygon", "coordinates": [ [ [ 721300.0, 6174700.0 ], [ 721200.0, 6174700.0 ], [ 721200.0, 6174800.0 ], [ 721200.0, 6174900.0 ], [ 721200.0, 6175000.0 ], [ 721200.0, 6175100.0 ], [ 721200.0, 6175200.0 ], [ 721300.0, 6175200.0 ], [ 721400.0, 6175200.0 ], [ 721500.0, 6175200.0 ], [ 721500.0, 6175100.0 ], [ 721600.0, 6175100.0 ], [ 721700.0, 6175100.0 ], [ 721800.0, 6175100.0 ], [ 721900.0, 6175100.0 ], [ 722000.0, 6175100.0 ], [ 722000.0, 6175000.0 ], [ 722000.0, 6174900.0 ], [ 722000.0, 6174800.0 ], [ 722000.0, 6174700.0 ], [ 721900.0, 6174700.0 ], [ 721800.0, 6174700.0 ], [ 721700.0, 6174700.0 ], [ 721700.0, 6174600.0 ], [ 721600.0, 6174600.0 ], [ 721500.0, 6174600.0 ], [ 721500.0, 6174700.0 ], [ 721400.0, 6174700.0 ], [ 721300.0, 6174700.0 ] ] ] } },
{ "type": "Feature", "properties": { "Shape_Area": 130000.0, "Shape_Leng": 1800.0, "cluster_id": "147_208", "fid_1": 1416.0, "id_munic": 208.0, "munic_clus": "147_208", "munic_code": 147.0, "min": 3.7184276580810547, "max": 3.7184276580810547, "mean": 3.7184278048001804, "count": 13, "std": 1.4671912573760437e-07, "range": 0.0 }, "geometry": { "type": "Polygon", "coordinates": [ [ [ 720400.0, 6174800.0 ], [ 720300.0, 6174800.0 ], [ 720200.0, 6174800.0 ], [ 720100.0, 6174800.0 ], [ 720000.0, 6174800.0 ], [ 719900.0, 6174800.0 ], [ 719900.0, 6174900.0 ], [ 719800.0, 6174900.0 ], [ 719800.0, 6175000.0 ], [ 719900.0, 6175000.0 ], [ 719900.0, 6175100.0 ], [ 720000.0, 6175100.0 ], [ 720100.0, 6175100.0 ], [ 720100.0, 6175000.0 ], [ 720200.0, 6175000.0 ], [ 720300.0, 6175000.0 ], [ 720400.0, 6175000.0 ], [ 720400.0, 6174900.0 ], [ 720400.0, 6174800.0 ] ] ] } },
{ "type": "Feature", "properties": { "Shape_Area": 40000.0, "Shape_Leng": 1000.0, "cluster_id": "147_209", "fid_1": 1417.0, "id_munic": 209.0, "munic_clus": "147_209", "munic_code": 147.0, "min": 2.9995005130767822, "max": 2.9995005130767822, "mean": 2.9995005130767822, "count": 4, "std": 0.0, "range": 0.0 }, "geometry": { "type": "Polygon", "coordinates": [ [ [ 720400.0, 6174900.0 ], [ 720400.0, 6175000.0 ], [ 720400.0, 6175100.0 ], [ 720400.0, 6175200.0 ], [ 720500.0, 6175200.0 ], [ 720500.0, 6175100.0 ], [ 720500.0, 6175000.0 ], [ 720500.0, 6174900.0 ], [ 720500.0, 6174800.0 ], [ 720400.0, 6174800.0 ], [ 720400.0, 6174900.0 ] ] ] } },
{ "type": "Feature", "properties": { "Shape_Area": 60000.0, "Shape_Leng": 1200.0, "cluster_id": "147_210", "fid_1": 1418.0, "id_munic": 210.0, "munic_clus": "147_210", "munic_code": 147.0, "min": 3.4473509788513184, "max": 3.4473509788513184, "mean": 3.4473508199055991, "count": 6, "std": 1.5894571925301193e-07, "range": 0.0 }, "geometry": { "type": "Polygon", "coordinates": [ [ [ 720500.0, 6176800.0 ], [ 720400.0, 6176800.0 ], [ 720300.0, 6176800.0 ], [ 720200.0, 6176800.0 ], [ 720100.0, 6176800.0 ], [ 720100.0, 6176900.0 ], [ 720200.0, 6176900.0 ], [ 720300.0, 6176900.0 ], [ 720300.0, 6177000.0 ], [ 720400.0, 6177000.0 ], [ 720500.0, 6177000.0 ], [ 720500.0, 6176900.0 ], [ 720500.0, 6176800.0 ] ] ] } },
{ "type": "Feature", "properties": { "Shape_Area": 80000.0, "Shape_Leng": 1600.0, "cluster_id": "147_211", "fid_1": 1419.0, "id_munic": 211.0, "munic_clus": "147_211", "munic_code": 147.0, "min": 3.5366547107696533, "max": 3.5366547107696533, "mean": 3.5366547107696533, "count": 8, "std": 0.0, "range": 0.0 }, "geometry": { "type": "Polygon", "coordinates": [ [ [ 720100.0, 6176000.0 ], [ 720100.0, 6176100.0 ], [ 720100.0, 6176200.0 ], [ 720000.0, 6176200.0 ], [ 720000.0, 6176300.0 ], [ 720100.0, 6176300.0 ], [ 720200.0, 6176300.0 ], [ 720200.0, 6176200.0 ], [ 720200.0, 6176100.0 ], [ 720300.0, 6176100.0 ], [ 720300.0, 6176000.0 ], [ 720400.0, 6176000.0 ], [ 720400.0, 6175900.0 ], [ 720300.0, 6175900.0 ], [ 720200.0, 6175900.0 ], [ 720100.0, 6175900.0 ], [ 720100.0, 6176000.0 ] ] ] } },
{ "type": "Feature", "properties": { "Shape_Area": 50000.0, "Shape_Leng": 1000.0, "cluster_id": "147_212", "fid_1": 1420.0, "id_munic": 212.0, "munic_clus": "147_212", "munic_code": 147.0, "min": 2.9668445587158203, "max": 2.9668445587158203, "mean": 2.9668445587158203, "count": 5, "std": 0.0, "range": 0.0 }, "geometry": { "type": "Polygon", "coordinates": [ [ [ 722900.0, 6175700.0 ], [ 722800.0, 6175700.0 ], [ 722700.0, 6175700.0 ], [ 722700.0, 6175800.0 ], [ 722700.0, 6175900.0 ], [ 722700.0, 6176000.0 ], [ 722800.0, 6176000.0 ], [ 722800.0, 6175900.0 ], [ 722900.0, 6175900.0 ], [ 722900.0, 6175800.0 ], [ 722900.0, 6175700.0 ] ] ] } },
{ "type": "Feature", "properties": { "Shape_Area": 90000.0, "Shape_Leng": 1600.0, "cluster_id": "147_213", "fid_1": 1421.0, "id_munic": 213.0, "munic_clus": "147_213", "munic_code": 147.0, "min": 3.6526162624359131, "max": 3.6526162624359131, "mean": 3.6526162889268665, "count": 9, "std": 2.6490953430879927e-08, "range": 0.0 }, "geometry": { "type": "Polygon", "coordinates": [ [ [ 722100.0, 6177800.0 ], [ 722000.0, 6177800.0 ], [ 722000.0, 6177900.0 ], [ 721900.0, 6177900.0 ], [ 721900.0, 6178000.0 ], [ 722000.0, 6178000.0 ], [ 722100.0, 6178000.0 ], [ 722100.0, 6178100.0 ], [ 722200.0, 6178100.0 ], [ 722300.0, 6178100.0 ], [ 722300.0, 6178000.0 ], [ 722300.0, 6177900.0 ], [ 722200.0, 6177900.0 ], [ 722200.0, 6177800.0 ], [ 722200.0, 6177700.0 ], [ 722100.0, 6177700.0 ], [ 722100.0, 6177800.0 ] ] ] } },
{ "type": "Feature", "properties": { "Shape_Area": 90000.0, "Shape_Leng": 1400.0, "cluster_id": "147_214", "fid_1": 1422.0, "id_munic": 214.0, "munic_clus": "147_214", "munic_code": 147.0, "min": 2.8737087249755859, "max": 2.8737087249755859, "mean": 2.8737087249755859, "count": 9, "std": 0.0, "range": 0.0 }, "geometry": { "type": "Polygon", "coordinates": [ [ [ 721800.0, 6177600.0 ], [ 721800.0, 6177500.0 ], [ 721700.0, 6177500.0 ], [ 721600.0, 6177500.0 ], [ 721600.0, 6177600.0 ], [ 721500.0, 6177600.0 ], [ 721400.0, 6177600.0 ], [ 721400.0, 6177700.0 ], [ 721500.0, 6177700.0 ], [ 721500.0, 6177800.0 ], [ 721600.0, 6177800.0 ], [ 721700.0, 6177800.0 ], [ 721800.0, 6177800.0 ], [ 721800.0, 6177700.0 ], [ 721800.0, 6177600.0 ] ] ] } },
{ "type": "Feature", "properties": { "Shape_Area": 40000.0, "Shape_Leng": 800.0, "cluster_id": "147_215", "fid_1": 1423.0, "id_munic": 215.0, "munic_clus": "147_215", "munic_code": 147.0, "min": 2.8155612945556641, "max": 2.8155612945556641, "mean": 2.8155612945556641, "count": 4, "std": 0.0, "range": 0.0 }, "geometry": { "type": "Polygon", "coordinates": [ [ [ 721800.0, 6177200.0 ], [ 721800.0, 6177100.0 ], [ 721800.0, 6177000.0 ], [ 721700.0, 6177000.0 ], [ 721600.0, 6177000.0 ], [ 721600.0, 6177100.0 ], [ 721600.0, 6177200.0 ], [ 721700.0, 6177200.0 ], [ 721800.0, 6177200.0 ] ] ] } },
{ "type": "Feature", "properties": { "Shape_Area": 60000.0, "Shape_Leng": 1200.0, "cluster_id": "147_216", "fid_1": 1424.0, "id_munic": 216.0, "munic_clus": "147_216", "munic_code": 147.0, "min": 3.3338892459869385, "max": 3.3338892459869385, "mean": 3.3338893254597983, "count": 6, "std": 7.947285984855057e-08, "range": 0.0 }, "geometry": { "type": "Polygon", "coordinates": [ [ [ 723100.0, 6175900.0 ], [ 723100.0, 6176000.0 ], [ 723200.0, 6176000.0 ], [ 723300.0, 6176000.0 ], [ 723300.0, 6175900.0 ], [ 723300.0, 6175800.0 ], [ 723200.0, 6175800.0 ], [ 723200.0, 6175700.0 ], [ 723200.0, 6175600.0 ], [ 723100.0, 6175600.0 ], [ 723100.0, 6175700.0 ], [ 723100.0, 6175800.0 ], [ 723100.0, 6175900.0 ] ] ] } },
{ "type": "Feature", "properties": { "Shape_Area": 40000.0, "Shape_Leng": 800.0, "cluster_id": "147_217", "fid_1": 1425.0, "id_munic": 217.0, "munic_clus": "147_217", "munic_code": 147.0, "min": 3.5606470108032227, "max": 3.5606470108032227, "mean": 3.5606470108032227, "count": 4, "std": 0.0, "range": 0.0 }, "geometry": { "type": "Polygon", "coordinates": [ [ [ 721400.0, 6176200.0 ], [ 721500.0, 6176200.0 ], [ 721600.0, 6176200.0 ], [ 721600.0, 6176100.0 ], [ 721600.0, 6176000.0 ], [ 721500.0, 6176000.0 ], [ 721400.0, 6176000.0 ], [ 721400.0, 6176100.0 ], [ 721400.0, 6176200.0 ] ] ] } },
{ "type": "Feature", "properties": { "Shape_Area": 100000.0, "Shape_Leng": 1600.0, "cluster_id": "147_218", "fid_1": 1426.0, "id_munic": 218.0, "munic_clus": "147_218", "munic_code": 147.0, "min": 2.3953680992126465, "max": 2.3953680992126465, "mean": 2.3953681945800782, "count": 10, "std": 9.5367431729442855e-08, "range": 0.0 }, "geometry": { "type": "Polygon", "coordinates": [ [ [ 719600.0, 6176100.0 ], [ 719600.0, 6176200.0 ], [ 719600.0, 6176300.0 ], [ 719700.0, 6176300.0 ], [ 719800.0, 6176300.0 ], [ 719800.0, 6176200.0 ], [ 719800.0, 6176100.0 ], [ 719800.0, 6176000.0 ], [ 719700.0, 6176000.0 ], [ 719700.0, 6175900.0 ], [ 719600.0, 6175900.0 ], [ 719600.0, 6175800.0 ], [ 719500.0, 6175800.0 ], [ 719500.0, 6175900.0 ], [ 719500.0, 6176000.0 ], [ 719500.0, 6176100.0 ], [ 719600.0, 6176100.0 ] ] ] } },
{ "type": "Feature", "properties": { "Shape_Area": 30000.0, "Shape_Leng": 800.0, "cluster_id": "147_219", "fid_1": 1427.0, "id_munic": 219.0, "munic_clus": "147_219", "munic_code": 147.0, "min": 2.716261625289917, "max": 2.716261625289917, "mean": 2.7162615458170571, "count": 3, "std": 7.947285984855057e-08, "range": 0.0 }, "geometry": { "type": "Polygon", "coordinates": [ [ [ 720100.0, 6175200.0 ], [ 720100.0, 6175300.0 ], [ 720100.0, 6175400.0 ], [ 720200.0, 6175400.0 ], [ 720200.0, 6175300.0 ], [ 720200.0, 6175200.0 ], [ 720200.0, 6175100.0 ], [ 720100.0, 6175100.0 ], [ 720100.0, 6175200.0 ] ] ] } },
{ "type": "Feature", "properties": { "Shape_Area": 20000.0, "Shape_Leng": 600.0, "cluster_id": "147_220", "fid_1": 1428.0, "id_munic": 220.0, "munic_clus": "147_220", "munic_code": 147.0, "min": 2.4085307121276855, "max": 2.4085307121276855, "mean": 2.4085307121276855, "count": 2, "std": 0.0, "range": 0.0 }, "geometry": { "type": "Polygon", "coordinates": [ [ [ 721200.0, 6175800.0 ], [ 721300.0, 6175800.0 ], [ 721400.0, 6175800.0 ], [ 721400.0, 6175700.0 ], [ 721300.0, 6175700.0 ], [ 721200.0, 6175700.0 ], [ 721200.0, 6175800.0 ] ] ] } },
{ "type": "Feature", "properties": { "Shape_Area": 50000.0, "Shape_Leng": 1000.0, "cluster_id": "147_221", "fid_1": 1429.0, "id_munic": 221.0, "munic_clus": "147_221", "munic_code": 147.0, "min": 3.3298904895782471, "max": 3.3298904895782471, "mean": 3.3298904418945314, "count": 5, "std": 4.7683715642676816e-08, "range": 0.0 }, "geometry": { "type": "Polygon", "coordinates": [ [ [ 721400.0, 6176000.0 ], [ 721500.0, 6176000.0 ], [ 721600.0, 6176000.0 ], [ 721700.0, 6176000.0 ], [ 721700.0, 6175900.0 ], [ 721600.0, 6175900.0 ], [ 721600.0, 6175800.0 ], [ 721500.0, 6175800.0 ], [ 721400.0, 6175800.0 ], [ 721400.0, 6175900.0 ], [ 721400.0, 6176000.0 ] ] ] } },
{ "type": "Feature", "properties": { "Shape_Area": 80000.0, "Shape_Leng": 1400.0, "cluster_id": "147_222", "fid_1": 1430.0, "id_munic": 222.0, "munic_clus": "147_222", "munic_code": 147.0, "min": 3.2202599048614502, "max": 3.2202599048614502, "mean": 3.2202601432800293, "count": 8, "std": 2.384185791015625e-07, "range": 0.0 }, "geometry": { "type": "Polygon", "coordinates": [ [ [ 722500.0, 6175500.0 ], [ 722500.0, 6175400.0 ], [ 722500.0, 6175300.0 ], [ 722400.0, 6175300.0 ], [ 722400.0, 6175200.0 ], [ 722400.0, 6175100.0 ], [ 722300.0, 6175100.0 ], [ 722300.0, 6175200.0 ], [ 722300.0, 6175300.0 ], [ 722200.0, 6175300.0 ], [ 722200.0, 6175400.0 ], [ 722200.0, 6175500.0 ], [ 722300.0, 6175500.0 ], [ 722400.0, 6175500.0 ], [ 722500.0, 6175500.0 ] ] ] } },
{ "type": "Feature", "properties": { "Shape_Area": 20000.0, "Shape_Leng": 600.0, "cluster_id": "147_223", "fid_1": 1431.0, "id_munic": 223.0, "munic_clus": "147_223", "munic_code": 147.0, "min": 3.8248920440673828, "max": 3.8248920440673828, "mean": 3.8248920440673828, "count": 2, "std": 0.0, "range": 0.0 }, "geometry": { "type": "Polygon", "coordinates": [ [ [ 720300.0, 6176800.0 ], [ 720400.0, 6176800.0 ], [ 720500.0, 6176800.0 ], [ 720500.0, 6176700.0 ], [ 720400.0, 6176700.0 ], [ 720300.0, 6176700.0 ], [ 720300.0, 6176800.0 ] ] ] } },
{ "type": "Feature", "properties": { "Shape_Area": 30000.0, "Shape_Leng": 800.0, "cluster_id": "147_224", "fid_1": 1432.0, "id_munic": 224.0, "munic_clus": "147_224", "munic_code": 147.0, "min": 3.119793176651001, "max": 3.119793176651001, "mean": 3.1197932561238608, "count": 3, "std": 7.947285984855057e-08, "range": 0.0 }, "geometry": { "type": "Polygon", "coordinates": [ [ [ 721300.0, 6176100.0 ], [ 721300.0, 6176200.0 ], [ 721400.0, 6176200.0 ], [ 721400.0, 6176100.0 ], [ 721400.0, 6176000.0 ], [ 721300.0, 6176000.0 ], [ 721200.0, 6176000.0 ], [ 721200.0, 6176100.0 ], [ 721300.0, 6176100.0 ] ] ] } },
{ "type": "Feature", "properties": { "Shape_Area": 50000.0, "Shape_Leng": 1000.0, "cluster_id": "147_225", "fid_1": 1433.0, "id_munic": 225.0, "munic_clus": "147_225", "munic_code": 147.0, "min": 3.2564146518707275, "max": 3.2564146518707275, "mean": 3.2564147949218749, "count": 5, "std": 1.4305114737211966e-07, "range": 0.0 }, "geometry": { "type": "Polygon", "coordinates": [ [ [ 721500.0, 6177100.0 ], [ 721400.0, 6177100.0 ], [ 721400.0, 6177200.0 ], [ 721400.0, 6177300.0 ], [ 721500.0, 6177300.0 ], [ 721600.0, 6177300.0 ], [ 721600.0, 6177200.0 ], [ 721600.0, 6177100.0 ], [ 721600.0, 6177000.0 ], [ 721500.0, 6177000.0 ], [ 721500.0, 6177100.0 ] ] ] } },
{ "type": "Feature", "properties": { "Shape_Area": 50000.0, "Shape_Leng": 1000.0, "cluster_id": "147_226", "fid_1": 1434.0, "id_munic": 226.0, "munic_clus": "147_226", "munic_code": 147.0, "min": 3.045985221862793, "max": 3.045985221862793, "mean": 3.045985221862793, "count": 5, "std": 0.0, "range": 0.0 }, "geometry": { "type": "Polygon", "coordinates": [ [ [ 722400.0, 6176900.0 ], [ 722300.0, 6176900.0 ], [ 722200.0, 6176900.0 ], [ 722200.0, 6177000.0 ], [ 722100.0, 6177000.0 ], [ 722100.0, 6177100.0 ], [ 722200.0, 6177100.0 ], [ 722300.0, 6177100.0 ], [ 722400.0, 6177100.0 ], [ 722400.0, 6177000.0 ], [ 722400.0, 6176900.0 ] ] ] } },
{ "type": "Feature", "properties": { "Shape_Area": 40000.0, "Shape_Leng": 1000.0, "cluster_id": "147_227", "fid_1": 1435.0, "id_munic": 227.0, "munic_clus": "147_227", "munic_code": 147.0, "min": 3.058314323425293, "max": 3.058314323425293, "mean": 3.058314323425293, "count": 4, "std": 0.0, "range": 0.0 }, "geometry": { "type": "Polygon", "coordinates": [ [ [ 722700.0, 6175500.0 ], [ 722700.0, 6175600.0 ], [ 722800.0, 6175600.0 ], [ 722800.0, 6175500.0 ], [ 722800.0, 6175400.0 ], [ 722900.0, 6175400.0 ], [ 722900.0, 6175300.0 ], [ 722800.0, 6175300.0 ], [ 722700.0, 6175300.0 ], [ 722700.0, 6175400.0 ], [ 722700.0, 6175500.0 ] ] ] } },
{ "type": "Feature", "properties": { "Shape_Area": 40000.0, "Shape_Leng": 1000.0, "cluster_id": "147_228", "fid_1": 1436.0, "id_munic": 228.0, "munic_clus": "147_228", "munic_code": 147.0, "min": 2.9191935062408447, "max": 2.9191935062408447, "mean": 2.9191935062408447, "count": 4, "std": 0.0, "range": 0.0 }, "geometry": { "type": "Polygon", "coordinates": [ [ [ 722200.0, 6175800.0 ], [ 722300.0, 6175800.0 ], [ 722400.0, 6175800.0 ], [ 722500.0, 6175800.0 ], [ 722500.0, 6175700.0 ], [ 722400.0, 6175700.0 ], [ 722300.0, 6175700.0 ], [ 722200.0, 6175700.0 ], [ 722100.0, 6175700.0 ], [ 722100.0, 6175800.0 ], [ 722200.0, 6175800.0 ] ] ] } },
{ "type": "Feature", "properties": { "Shape_Area": 100000.0, "Shape_Leng": 1600.0, "cluster_id": "147_229", "fid_1": 1437.0, "id_munic": 229.0, "munic_clus": "147_229", "munic_code": 147.0, "min": 3.5599801540374756, "max": 3.5599801540374756, "mean": 3.5599800109863282, "count": 10, "std": 1.4305114737211966e-07, "range": 0.0 }, "geometry": { "type": "Polygon", "coordinates": [ [ [ 720700.0, 6176700.0 ], [ 720700.0, 6176800.0 ], [ 720600.0, 6176800.0 ], [ 720500.0, 6176800.0 ], [ 720500.0, 6176900.0 ], [ 720500.0, 6177000.0 ], [ 720600.0, 6177000.0 ], [ 720600.0, 6177100.0 ], [ 720700.0, 6177100.0 ], [ 720800.0, 6177100.0 ], [ 720800.0, 6177000.0 ], [ 720800.0, 6176900.0 ], [ 720900.0, 6176900.0 ], [ 720900.0, 6176800.0 ], [ 720800.0, 6176800.0 ], [ 720800.0, 6176700.0 ], [ 720700.0, 6176700.0 ] ] ] } },
{ "type": "Feature", "properties": { "Shape_Area": 180000.0, "Shape_Leng": 2000.0, "cluster_id": "147_230", "fid_1": 1438.0, "id_munic": 230.0, "munic_clus": "147_230", "munic_code": 147.0, "min": 3.4818394184112549, "max": 3.4818394184112549, "mean": 3.4818394978841147, "count": 18, "std": 7.947285984855057e-08, "range": 0.0 }, "geometry": { "type": "Polygon", "coordinates": [ [ [ 721300.0, 6176600.0 ], [ 721300.0, 6176700.0 ], [ 721200.0, 6176700.0 ], [ 721200.0, 6176800.0 ], [ 721200.0, 6176900.0 ], [ 721100.0, 6176900.0 ], [ 721100.0, 6177000.0 ], [ 721200.0, 6177000.0 ], [ 721300.0, 6177000.0 ], [ 721400.0, 6177000.0 ], [ 721500.0, 6177000.0 ], [ 721600.0, 6177000.0 ], [ 721700.0, 6177000.0 ], [ 721700.0, 6176900.0 ], [ 721700.0, 6176800.0 ], [ 721600.0, 6176800.0 ], [ 721600.0, 6176700.0 ], [ 721600.0, 6176600.0 ], [ 721500.0, 6176600.0 ], [ 721400.0, 6176600.0 ], [ 721300.0, 6176600.0 ] ] ] } },
{ "type": "Feature", "properties": { "Shape_Area": 100000.0, "Shape_Leng": 1400.0, "cluster_id": "147_231", "fid_1": 1439.0, "id_munic": 231.0, "munic_clus": "147_231", "munic_code": 147.0, "min": 3.7520833015441895, "max": 3.7520833015441895, "mean": 3.7520832061767577, "count": 10, "std": 9.5367431729442855e-08, "range": 0.0 }, "geometry": { "type": "Polygon", "coordinates": [ [ [ 720100.0, 6176300.0 ], [ 720100.0, 6176400.0 ], [ 720100.0, 6176500.0 ], [ 720200.0, 6176500.0 ], [ 720200.0, 6176600.0 ], [ 720300.0, 6176600.0 ], [ 720400.0, 6176600.0 ], [ 720400.0, 6176500.0 ], [ 720500.0, 6176500.0 ], [ 720500.0, 6176400.0 ], [ 720500.0, 6176300.0 ], [ 720400.0, 6176300.0 ], [ 720300.0, 6176300.0 ], [ 720200.0, 6176300.0 ], [ 720100.0, 6176300.0 ] ] ] } },
{ "type": "Feature", "properties": { "Shape_Area": 50000.0, "Shape_Leng": 1000.0, "cluster_id": "147_232", "fid_1": 1440.0, "id_munic": 232.0, "munic_clus": "147_232", "munic_code": 147.0, "min": 3.5271577835083008, "max": 3.5271577835083008, "mean": 3.5271575927734373, "count": 5, "std": 1.9073486345888568e-07, "range": 0.0 }, "geometry": { "type": "Polygon", "coordinates": [ [ [ 720700.0, 6176400.0 ], [ 720600.0, 6176400.0 ], [ 720500.0, 6176400.0 ], [ 720500.0, 6176500.0 ], [ 720400.0, 6176500.0 ], [ 720400.0, 6176600.0 ], [ 720500.0, 6176600.0 ], [ 720600.0, 6176600.0 ], [ 720700.0, 6176600.0 ], [ 720700.0, 6176500.0 ], [ 720700.0, 6176400.0 ] ] ] } },
{ "type": "Feature", "properties": { "Shape_Area": 50000.0, "Shape_Leng": 1000.0, "cluster_id": "147_233", "fid_1": 1441.0, "id_munic": 233.0, "munic_clus": "147_233", "munic_code": 147.0, "min": 3.2405867576599121, "max": 3.2405867576599121, "mean": 3.2405868530273438, "count": 5, "std": 9.5367431729442842e-08, "range": 0.0 }, "geometry": { "type": "Polygon", "coordinates": [ [ [ 722100.0, 6176000.0 ], [ 722000.0, 6176000.0 ], [ 721900.0, 6176000.0 ], [ 721900.0, 6176100.0 ], [ 721800.0, 6176100.0 ], [ 721800.0, 6176200.0 ], [ 721900.0, 6176200.0 ], [ 722000.0, 6176200.0 ], [ 722100.0, 6176200.0 ], [ 722100.0, 6176100.0 ], [ 722100.0, 6176000.0 ] ] ] } },
{ "type": "Feature", "properties": { "Shape_Area": 90000.0, "Shape_Leng": 1400.0, "cluster_id": "147_235", "fid_1": 1443.0, "id_munic": 235.0, "munic_clus": "147_235", "munic_code": 147.0, "min": 2.9521827697753906, "max": 2.9521827697753906, "mean": 2.9521827697753906, "count": 9, "std": 0.0, "range": 0.0 }, "geometry": { "type": "Polygon", "coordinates": [ [ [ 720800.0, 6176200.0 ], [ 720900.0, 6176200.0 ], [ 721000.0, 6176200.0 ], [ 721100.0, 6176200.0 ], [ 721200.0, 6176200.0 ], [ 721200.0, 6176100.0 ], [ 721200.0, 6176000.0 ], [ 721100.0, 6176000.0 ], [ 721000.0, 6176000.0 ], [ 720900.0, 6176000.0 ], [ 720900.0, 6175900.0 ], [ 720800.0, 6175900.0 ], [ 720800.0, 6176000.0 ], [ 720800.0, 6176100.0 ], [ 720800.0, 6176200.0 ] ] ] } },
{ "type": "Feature", "properties": { "Shape_Area": 60000.0, "Shape_Leng": 1200.0, "cluster_id": "147_236", "fid_1": 1444.0, "id_munic": 236.0, "munic_clus": "147_236", "munic_code": 147.0, "min": 4.0121636390686035, "max": 4.0121636390686035, "mean": 4.0121634801228838, "count": 6, "std": 1.5894571969710114e-07, "range": 0.0 }, "geometry": { "type": "Polygon", "coordinates": [ [ [ 720800.0, 6176300.0 ], [ 720800.0, 6176200.0 ], [ 720800.0, 6176100.0 ], [ 720800.0, 6176000.0 ], [ 720700.0, 6176000.0 ], [ 720700.0, 6176100.0 ], [ 720600.0, 6176100.0 ], [ 720600.0, 6176200.0 ], [ 720500.0, 6176200.0 ], [ 720500.0, 6176300.0 ], [ 720600.0, 6176300.0 ], [ 720700.0, 6176300.0 ], [ 720800.0, 6176300.0 ] ] ] } },
{ "type": "Feature", "properties": { "Shape_Area": 110000.0, "Shape_Leng": 1600.0, "cluster_id": "147_237", "fid_1": 1445.0, "id_munic": 237.0, "munic_clus": "147_237", "munic_code": 147.0, "min": 2.9111964702606201, "max": 2.9111964702606201, "mean": 2.9111962751908735, "count": 11, "std": 1.9506974657801379e-07, "range": 0.0 }, "geometry": { "type": "Polygon", "coordinates": [ [ [ 721400.0, 6176300.0 ], [ 721500.0, 6176300.0 ], [ 721500.0, 6176400.0 ], [ 721600.0, 6176400.0 ], [ 721700.0, 6176400.0 ], [ 721800.0, 6176400.0 ], [ 721900.0, 6176400.0 ], [ 722000.0, 6176400.0 ], [ 722000.0, 6176300.0 ], [ 722000.0, 6176200.0 ], [ 721900.0, 6176200.0 ], [ 721800.0, 6176200.0 ], [ 721700.0, 6176200.0 ], [ 721600.0, 6176200.0 ], [ 721500.0, 6176200.0 ], [ 721400.0, 6176200.0 ], [ 721400.0, 6176300.0 ] ] ] } }
]
}
