{
"type": "FeatureCollection",
"name": "weighted_overlay_clusters_2015_2020",
"crs": { "type": "name", "properties": { "name": "urn:ogc:def:crs:EPSG::25832" } },
"features": [
{ "type": "Feature", "properties": { "Shape_Area": 70000.0, "Shape_Leng": 1400.0, "cluster_id": "101_1", "fid_1": 1.0, "id_munic": 1.0, "munic_clus": "101_1", "munic_code": 101.0, "min": 2.7239260673522949, "max": 2.7239260673522949, "mean": 2.7239262717110768, "count": 7, "std": 2.0435878189672962e-07, "range": 0.0 }, "geometry": { "type": "Polygon", "coordinates": [ [ [ 719400.0, 6178100.0 ], [ 719400.0, 6178200.0 ], [ 719500.0, 6178200.0 ], [ 719500.0, 6178300.0 ], [ 719600.0, 6178300.0 ], [ 719600.0, 6178200.0 ], [ 719700.0, 6178200.0 ], [ 719700.0, 6178100.0 ], [ 719600.0, 6178100.0 ], [ 719600.0, 6178000.0 ], [ 719500.0, 6178000.0 ], [ 719400.0, 6178000.0 ], [ 719300.0, 6178000.0 ], [ 719300.0, 6178100.0 ], [ 719400.0, 6178100.0 ] ] ] } },
{ "type": "Feature", "properties": { "Shape_Area": 110000.0, "Shape_Leng": 1800.0, "cluster_id": "101_2", "fid_1": 2.0, "id_munic": 2.0, "munic_clus": "101_2", "munic_code": 101.0, "min": 3.177940845489502, "max": 3.177940845489502, "mean": 3.1779407154430044, "count": 11, "std": 1.3004649757064612e-07, "range": 0.0 }, "geometry": { "type": "Polygon", "coordinates": [ [ [ 719200.0, 6178100.0 ], [ 719100.0, 6178100.0 ], [ 719100.0, 6178200.0 ], [ 719000.0, 6178200.0 ], [ 719000.0, 6178300.0 ], [ 719100.0, 6178300.0 ], [ 719100.0, 6178400.0 ], [ 719100.0, 6178500.0 ], [ 719200.0, 6178500.0 ], [ 719200.0, 6178400.0 ], [ 719300.0, 6178400.0 ], [ 719300.0, 6178300.0 ], [ 719400.0, 6178300.0 ], [ 719500.0, 6178300.0 ], [ 719500.0, 6178200.0 ], [ 719400.0, 6178200.0 ], [ 719400.0, 6178100.0 ], [ 719300.0, 6178100.0 ], [ 719200.0, 6178100.0 ] ] ] } },
{ "type": "Feature", "properties": { "Shape_Area": 30000.0, "Shape_Leng": 800.0, "cluster_id": "101_3", "fid_1": 3.0, "id_munic": 3.0, "munic_clus": "101_3", "munic_code": 101.0, "min": 3.0098304748535156, "max": 3.0098304748535156, "mean": 3.0098304748535156, "count": 3, "std": 0.0, "range": 0.0 }, "geometry": { "type": "Polygon", "coordinates": [ [ [ 719400.0, 6177700.0 ], [ 719400.0, 6177800.0 ], [ 719400.0, 6177900.0 ], [ 719500.0, 6177900.0 ], [ 719500.0, 6177800.0 ], [ 719500.0, 6177700.0 ], [ 719500.0, 6177600.0 ], [ 719400.0, 6177600.0 ], [ 719400.0, 6177700.0 ] ] ] } },
{ "type": "Feature", "properties": { "Shape_Area": 50000.0, "Shape_Leng": 1000.0, "cluster_id": "101_4", "fid_1": 4.0, "id_munic": 4.0, "munic_clus": "101_4", "munic_code": 101.0, "min": 2.8822064399719238, "max": 2.8822064399719238, "mean": 2.8822063446044921, "count": 5, "std": 9.5367431729442842e-08, "range": 0.0 }, "geometry": { "type": "Polygon", "coordinates": [ [ [ 719800.0, 6178200.0 ], [ 719700.0, 6178200.0 ], [ 719600.0, 6178200.0 ], [ 719600.0, 6178300.0 ], [ 719600.0, 6178400.0 ], [ 719700.0, 6178400.0 ], [ 719700.0, 6178500.0 ], [ 719800.0, 6178500.0 ], [ 719800.0, 6178400.0 ], [ 719800.0, 6178300.0 ], [ 719800.0, 6178200.0 ] ] ] } },
{ "type": "Feature", "properties": { "Shape_Area": 20000.0, "Shape_Leng": 600.0, "cluster_id": "101_5", "fid_1": 5.0, "id_munic": 5.0, "munic_clus": "101_5", "munic_code": 101.0, "min": 2.4856719970703125, "max": 2.4856719970703125, "mean": 2.4856719970703125, "count": 2, "std": 0.0, "range": 0.0 }, "geometry": { "type": "Polygon", "coordinates": [ [ [ 719900.0, 6177800.0 ], [ 719900.0, 6177900.0 ], [ 720000.0, 6177900.0 ], [ 720000.0, 6177800.0 ], [ 720000.0, 6177700.0 ], [ 719900.0, 6177700.0 ], [ 719900.0, 6177800.0 ] ] ] } },
{ "type": "Feature", "properties": { "Shape_Area": 40000.0, "Shape_Leng": 1000.0, "cluster_id": "101_6", "fid_1": 6.0, "id_munic": 6.0, "munic_clus": "101_6", "munic_code": 101.0, "min": 2.4873378276824951, "max": 2.4873378276824951, "mean": 2.4873378276824951, "count": 4, "std": 0.0, "range": 0.0 }, "geometry": { "type": "Polygon", "coordinates": [ [ [ 719600.0, 6178700.0 ], [ 719600.0, 6178800.0 ], [ 719700.0, 6178800.0 ], [ 719700.0, 6178700.0 ], [ 719800.0, 6178700.0 ], [ 719800.0, 6178600.0 ], [ 719700.0, 6178600.0 ], [ 719600.0, 6178600.0 ], [ 719500.0, 6178600.0 ], [ 719500.0, 6178700.0 ], [ 719600.0, 6178700.0 ] ] ] } },
{ "type": "Feature", "properties": { "Shape_Area": 40000.0, "Shape_Leng": 1000.0, "cluster_id": "101_7", "fid_1": 7.0, "id_munic": 7.0, "munic_clus": "101_7", "munic_code": 101.0, "min": 3.1604466438293457, "max": 3.1604466438293457, "mean": 3.1604466438293457, "count": 4, "std": 0.0, "range": 0.0 }, "geometry": { "type": "Polygon", "coordinates": [ [ [ 718900.0, 6179000.0 ], [ 718900.0, 6179100.0 ], [ 719000.0, 6179100.0 ], [ 719000.0, 6179000.0 ], [ 719100.0, 6179000.0 ], [ 719100.0, 6178900.0 ], [ 719000.0, 6178900.0 ], [ 719000.0, 6178800.0 ], [ 718900.0, 6178800.0 ], [ 718900.0, 6178900.0 ], [ 718900.0, 6179000.0 ] ] ] } },
{ "type": "Feature", "properties": { "Shape_Area": 50000.0, "Shape_Leng": 1200.0, "cluster_id": "101_8", "fid_1": 8.0, "id_munic": 8.0, "munic_clus": "101_8", "munic_code": 101.0, "min": 3.4348556995391846, "max": 3.4348556995391846, "mean": 3.4348556518554689, "count": 5, "std": 4.7683715642676816e-08, "range": 0.0 }, "geometry": { "type": "Polygon", "coordinates": [ [ [ 718800.0, 6178000.0 ], [ 718900.0, 6178000.0 ], [ 719000.0, 6178000.0 ], [ 719000.0, 6178100.0 ], [ 719100.0, 6178100.0 ], [ 719100.0, 6178000.0 ], [ 719100.0, 6177900.0 ], [ 719000.0, 6177900.0 ], [ 718900.0, 6177900.0 ], [ 718800.0, 6177900.0 ], [ 718700.0, 6177900.0 ], [ 718700.0, 6178000.0 ], [ 718800.0, 6178000.0 ] ] ] } },
{ "type": "Feature", "properties": { "Shape_Area": 90000.0, "Shape_Leng": 1400.0, "cluster_id": "101_9", "fid_1": 9.0, "id_munic": 9.0, "munic_clus": "101_9", "munic_code": 101.0, "min": 2.6031324863433838, "max": 2.6031324863433838, "mean": 2.6031324598524304, "count": 9, "std": 2.6490953430879927e-08, "range": 0.0 }, "geometry": { "type": "Polygon", "coordinates": [ [ [ 719000.0, 6178000.0 ], [ 718900.0, 6178000.0 ], [ 718800.0, 6178000.0 ], [ 718700.0, 6178000.0 ], [ 718700.0, 6178100.0 ], [ 718700.0, 6178200.0 ], [ 718800.0, 6178200.0 ], [ 718800.0, 6178300.0 ], [ 718900.0, 6178300.0 ], [ 719000.0, 6178300.0 ], [ 719000.0, 6178200.0 ], [ 719100.0, 6178200.0 ], [ 719100.0, 6178100.0 ], [ 719000.0, 6178100.0 ], [ 719000.0, 6178000.0 ] ] ] } },
{ "type": "Feature", "properties": { "Shape_Area": 30000.0, "Shape_Leng": 800.0, "cluster_id": "101_10", "fid_1": 10.0, "id_munic": 10.0, "munic_clus": "101_10", "munic_code": 101.0, "min": 3.1754419803619385, "max": 3.1754419803619385, "mean": 3.1754420598347983, "count": 3, "std": 7.947285984855057e-08, "range": 0.0 }, "geometry": { "type": "Polygon", "coordinates": [ [ [ 719600.0, 6178500.0 ], [ 719600.0, 6178600.0 ], [ 719700.0, 6178600.0 ], [ 719800.0, 6178600.0 ], [ 719800.0, 6178500.0 ], [ 719700.0, 6178500.0 ], [ 719700.0, 6178400.0 ], [ 719600.0, 6178400.0 ], [ 719600.0, 6178500.0 ] ] ] } },
{ "type": "Feature", "properties": { "Shape_Area": 30000.0, "Shape_Leng": 800.0, "cluster_id": "101_11", "fid_1": 11.0, "id_munic": 11.0, "munic_clus": "101_11", "munic_code": 101.0, "min": 2.7870707511901855, "max": 2.7870707511901855, "mean": 2.7870705922444663, "count": 3, "std": 1.5894571925301193e-07, "range": 0.0 }, "geometry": { "type": "Polygon", "coordinates": [ [ [ 725100.0, 6176500.0 ], [ 725100.0, 6176600.0 ], [ 725200.0, 6176600.0 ], [ 725200.0, 6176500.0 ], [ 725300.0, 6176500.0 ], [ 725300.0, 6176400.0 ], [ 725200.0, 6176400.0 ], [ 725100.0, 6176400.0 ], [ 725100.0, 6176500.0 ] ] ] } },
{ "type": "Feature", "properties": { "Shape_Area": 30000.0, "Shape_Leng": 800.0, "cluster_id": "101_12", "fid_1": 12.0, "id_munic": 12.0, "munic_clus": "101_12", "munic_code": 101.0, "min": 2.8220598697662354, "max": 2.8220598697662354, "mean": 2.8220599492390952, "count": 3, "std": 7.947285984855057e-08, "range": 0.0 }, "geometry": { "type": "Polygon", "coordinates": [ [ [ 724400.0, 6179700.0 ], [ 724400.0, 6179800.0 ], [ 724500.0, 6179800.0 ], [ 724500.0, 6179700.0 ], [ 724600.0, 6179700.0 ], [ 724600.0, 6179600.0 ], [ 724500.0, 6179600.0 ], [ 724400.0, 6179600.0 ], [ 724400.0, 6179700.0 ] ] ] } },
{ "type": "Feature", "properties": { "Shape_Area": 20000.0, "Shape_Leng": 600.0, "cluster_id": "101_13", "fid_1": 13.0, "id_munic": 13.0, "munic_clus": "101_13", "munic_code": 101.0, "min": 3.8412199020385742, "max": 3.8412199020385742, "mean": 3.8412199020385742, "count": 2, "std": 0.0, "range": 0.0 }, "geometry": { "type": "Polygon", "coordinates": [ [ [ 724500.0, 6179800.0 ], [ 724500.0, 6179900.0 ], [ 724600.0, 6179900.0 ], [ 724600.0, 6179800.0 ], [ 724600.0, 6179700.0 ], [ 724500.0, 6179700.0 ], [ 724500.0, 6179800.0 ] ] ] } },
{ "type": "Feature", "properties": { "Shape_Area": 30000.0, "Shape_Leng": 800.0, "cluster_id": "101_14", "fid_1": 14.0, "id_munic": 14.0, "munic_clus": "101_14", "munic_code": 101.0, "min": 3.1529495716094971, "max": 3.1529495716094971, "mean": 3.1529496510823569, "count": 3, "std": 7.947285984855057e-08, "range": 0.0 }, "geometry": { "type": "Polygon", "coordinates": [ [ [ 724500.0, 6179500.0 ], [ 724500.0, 6179600.0 ], [ 724600.0, 6179600.0 ], [ 724700.0, 6179600.0 ], [ 724700.0, 6179500.0 ], [ 724600.0, 6179500.0 ], [ 724600.0, 6179400.0 ], [ 724500.0, 6179400.0 ], [ 724500.0, 6179500.0 ] ] ] } },
{ "type": "Feature", "properties": { "Shape_Area": 10000.0, "Shape_Leng": 400.0, "cluster_id": "101_15", "fid_1": 15.0, "id_munic": 15.0, "munic_clus": "101_15", "munic_code": 101.0, "min": 3.0836391448974609, "max": 3.0836391448974609, "mean": 3.0836391448974609, "count": 1, "std": 0.0, "range": 0.0 }, "geometry": { "type": "Polygon", "coordinates": [ [ [ 724300.0, 6179700.0 ], [ 724300.0, 6179800.0 ], [ 724400.0, 6179800.0 ], [ 724400.0, 6179700.0 ], [ 724300.0, 6179700.0 ] ] ] } },
{ "type": "Feature", "properties": { "Shape_Area": 20000.0, "Shape_Leng": 600.0, "cluster_id": "101_16", "fid_1": 16.0, "id_munic": 16.0, "munic_clus": "101_16", "munic_code": 101.0, "min": 2.8477177619934082, "max": 2.8477177619934082, "mean": 2.8477177619934082, "count": 2, "std": 0.0, "range": 0.0 }, "geometry": { "type": "Polygon", "coordinates": [ [ [ 724200.0, 6179700.0 ], [ 724300.0, 6179700.0 ], [ 724400.0, 6179700.0 ], [ 724400.0, 6179600.0 ], [ 724300.0, 6179600.0 ], [ 724200.0, 6179600.0 ], [ 724200.0, 6179700.0 ] ] ] } },
{ "type": "Feature", "properties": { "Shape_Area": 80000.0, "Shape_Leng": 1400.0, "cluster_id": "101_17", "fid_1": 17.0, "id_munic": 17.0, "munic_clus": "101_17", "munic_code": 101.0, "min": 3.19010329246521, "max": 3.19010329246521, "mean": 3.19010329246521, "count": 8, "std": 0.0, "range": 0.0 }, "geometry": { "type": "Polygon", "coordinates": [ [ [ 719400.0, 6177300.0 ], [ 719400.0, 6177400.0 ], [ 719500.0, 6177400.0 ], [ 719600.0, 6177400.0 ], [ 719600.0, 6177300.0 ], [ 719700.0, 6177300.0 ], [ 719700.0, 6177200.0 ], [ 719600.0, 6177200.0 ], [ 719600.0, 6177100.0 ], [ 719500.0, 6177100.0 ], [ 719500.0, 6177000.0 ], [ 719400.0, 6177000.0 ], [ 719400.0, 6177100.0 ], [ 719400.0, 6177200.0 ], [ 719400.0, 6177300.0 ] ] ] } },
{ "type": "Feature", "properties": { "Shape_Area": 10000.0, "Shape_Leng": 400.0, "cluster_id": "101_18", "fid_1": 18.0, "id_munic": 18.0, "munic_clus": "101_18", "munic_code": 101.0, "min": 3.7397534847259521, "max": 3.7397534847259521, "mean": 3.7397534847259521, "count": 1, "std": 0.0, "range": 0.0 }, "geometry": { "type": "Polygon", "coordinates": [ [ [ 724600.0, 6179600.0 ], [ 724600.0, 6179700.0 ], [ 724700.0, 6179700.0 ], [ 724700.0, 6179600.0 ], [ 724600.0, 6179600.0 ] ] ] } },
{ "type": "Feature", "properties": { "Shape_Area": 20000.0, "Shape_Leng": 600.0, "cluster_id": "101_19", "fid_1": 19.0, "id_munic": 19.0, "munic_clus": "101_19", "munic_code": 101.0, "min": 2.3300571441650391, "max": 2.3300571441650391, "mean": 2.3300571441650391, "count": 2, "std": 0.0, "range": 0.0 }, "geometry": { "type": "Polygon", "coordinates": [ [ [ 724300.0, 6179500.0 ], [ 724300.0, 6179600.0 ], [ 724400.0, 6179600.0 ], [ 724400.0, 6179500.0 ], [ 724400.0, 6179400.0 ], [ 724300.0, 6179400.0 ], [ 724300.0, 6179500.0 ] ] ] } },
{ "type": "Feature", "properties": { "Shape_Area": 20000.0, "Shape_Leng": 600.0, "cluster_id": "101_20", "fid_1": 20.0, "id_munic": 20.0, "munic_clus": "101_20", "munic_code": 101.0, "min": 3.5743086338043213, "max": 3.5743086338043213, "mean": 3.5743086338043213, "count": 2, "std": 0.0, "range": 0.0 }, "geometry": { "type": "Polygon", "coordinates": [ [ [ 724400.0, 6179500.0 ], [ 724400.0, 6179600.0 ], [ 724500.0, 6179600.0 ], [ 724500.0, 6179500.0 ], [ 724500.0, 6179400.0 ], [ 724400.0, 6179400.0 ], [ 724400.0, 6179500.0 ] ] ] } },
{ "type": "Feature", "properties": { "Shape_Area": 20000.0, "Shape_Leng": 600.0, "cluster_id": "101_21", "fid_1": 21.0, "id_munic": 21.0, "munic_clus": "101_21", "munic_code": 101.0, "min": 3.6606137752532959, "max": 3.6606137752532959, "mean": 3.6606137752532959, "count": 2, "std": 0.0, "range": 0.0 }, "geometry": { "type": "Polygon", "coordinates": [ [ [ 724600.0, 6179800.0 ], [ 724600.0, 6179900.0 ], [ 724700.0, 6179900.0 ], [ 724700.0, 6179800.0 ], [ 724700.0, 6179700.0 ], [ 724600.0, 6179700.0 ], [ 724600.0, 6179800.0 ] ] ] } },
{ "type": "Feature", "properties": { "Shape_Area": 90000.0, "Shape_Leng": 1400.0, "cluster_id": "101_22", "fid_1": 22.0, "id_munic": 22.0, "munic_clus": "101_22", "munic_code": 101.0, "min": 2.4473512172698975, "max": 2.4473512172698975, "mean": 2.4473512437608509, "count": 9, "std": 2.6490953430879927e-08, "range": 0.0 }, "geometry": { "type": "Polygon", "coordinates": [ [ [ 718000.0, 6177900.0 ], [ 717900.0, 6177900.0 ], [ 717800.0, 6177900.0 ], [ 717800.0, 6177800.0 ], [ 717700.0, 6177800.0 ], [ 717700.0, 6177900.0 ], [ 717700.0, 6178000.0 ], [ 717700.0, 6178100.0 ], [ 717700.0, 6178200.0 ], [ 717800.0, 6178200.0 ], [ 717900.0, 6178200.0 ], [ 717900.0, 6178100.0 ], [ 718000.0, 6178100.0 ], [ 718000.0, 6178000.0 ], [ 718000.0, 6177900.0 ] ] ] } },
{ "type": "Feature", "properties": { "Shape_Area": 80000.0, "Shape_Leng": 1600.0, "cluster_id": "101_23", "fid_1": 23.0, "id_munic": 23.0, "munic_clus": "101_23", "munic_code": 101.0, "min": 2.98067307472229, "max": 2.98067307472229, "mean": 2.98067307472229, "count": 8, "std": 0.0, "range": 0.0 }, "geometry": { "type": "Polygon", "coordinates": [ [ [ 718500.0, 6177500.0 ], [ 718500.0, 6177600.0 ], [ 718400.0, 6177600.0 ], [ 718400.0, 6177700.0 ], [ 718500.0, 6177700.0 ], [ 718500.0, 6177800.0 ], [ 718600.0, 6177800.0 ], [ 718600.0, 6177700.0 ], [ 718700.0, 6177700.0 ], [ 718700.0, 6177600.0 ], [ 718700.0, 6177500.0 ], [ 718700.0, 6177400.0 ], [ 718700.0, 6177300.0 ], [ 718600.0, 6177300.0 ], [ 718600.0, 6177400.0 ], [ 718600.0, 6177500.0 ], [ 718500.0, 6177500.0 ] ] ] } },
{ "type": "Feature", "properties": { "Shape_Area": 100000.0, "Shape_Leng": 1600.0, "cluster_id": "101_24", "fid_1": 24.0, "id_munic": 24.0, "munic_clus": "101_24", "munic_code": 101.0, "min": 2.9315226078033447, "max": 2.9315226078033447, "mean": 2.9315225601196291, "count": 10, "std": 4.7683715642676809e-08, "range": 0.0 }, "geometry": { "type": "Polygon", "coordinates": [ [ [ 718100.0, 6177700.0 ], [ 718100.0, 6177600.0 ], [ 718000.0, 6177600.0 ], [ 717900.0, 6177600.0 ], [ 717800.0, 6177600.0 ], [ 717700.0, 6177600.0 ], [ 717700.0, 6177700.0 ], [ 717600.0, 6177700.0 ], [ 717600.0, 6177800.0 ], [ 717700.0, 6177800.0 ], [ 717800.0, 6177800.0 ], [ 717800.0, 6177900.0 ], [ 717900.0, 6177900.0 ], [ 718000.0, 6177900.0 ], [ 718000.0, 6177800.0 ], [ 718000.0, 6177700.0 ], [ 718100.0, 6177700.0 ] ] ] } },
{ "type": "Feature", "properties": { "Shape_Area": 20000.0, "Shape_Leng": 600.0, "cluster_id": "101_25", "fid_1": 25.0, "id_munic": 25.0, "munic_clus": "101_25", "munic_code": 101.0, "min": 2.8782074451446533, "max": 2.8782074451446533, "mean": 2.8782074451446533, "count": 2, "std": 0.0, "range": 0.0 }, "geometry": { "type": "Polygon", "coordinates": [ [ [ 719100.0, 6177400.0 ], [ 719200.0, 6177400.0 ], [ 719300.0, 6177400.0 ], [ 719300.0, 6177300.0 ], [ 719200.0, 6177300.0 ], [ 719100.0, 6177300.0 ], [ 719100.0, 6177400.0 ] ] ] } },
{ "type": "Feature", "properties": { "Shape_Area": 100000.0, "Shape_Leng": 1800.0, "cluster_id": "101_26", "fid_1": 26.0, "id_munic": 26.0, "munic_clus": "101_26", "munic_code": 101.0, "min": 2.4985008239746094, "max": 2.4985008239746094, "mean": 2.4985008239746094, "count": 10, "std": 0.0, "range": 0.0 }, "geometry": { "type": "Polygon", "coordinates": [ [ [ 718400.0, 6177700.0 ], [ 718400.0, 6177800.0 ], [ 718300.0, 6177800.0 ], [ 718200.0, 6177800.0 ], [ 718100.0, 6177800.0 ], [ 718100.0, 6177900.0 ], [ 718100.0, 6178000.0 ], [ 718100.0, 6178100.0 ], [ 718200.0, 6178100.0 ], [ 718200.0, 6178000.0 ], [ 718300.0, 6178000.0 ], [ 718400.0, 6178000.0 ], [ 718400.0, 6177900.0 ], [ 718500.0, 6177900.0 ], [ 718600.0, 6177900.0 ], [ 718600.0, 6177800.0 ], [ 718500.0, 6177800.0 ], [ 718500.0, 6177700.0 ], [ 718400.0, 6177700.0 ] ] ] } },
{ "type": "Feature", "properties": { "Shape_Area": 110000.0, "Shape_Leng": 1600.0, "cluster_id": "101_27", "fid_1": 27.0, "id_munic": 27.0, "munic_clus": "101_27", "munic_code": 101.0, "min": 3.4086971282958984, "max": 3.4086971282958984, "mean": 3.4086969549005683, "count": 11, "std": 1.7339533009419483e-07, "range": 0.0 }, "geometry": { "type": "Polygon", "coordinates": [ [ [ 717800.0, 6177400.0 ], [ 717800.0, 6177500.0 ], [ 717800.0, 6177600.0 ], [ 717900.0, 6177600.0 ], [ 718000.0, 6177600.0 ], [ 718100.0, 6177600.0 ], [ 718100.0, 6177500.0 ], [ 718200.0, 6177500.0 ], [ 718200.0, 6177400.0 ], [ 718100.0, 6177400.0 ], [ 718100.0, 6177300.0 ], [ 718100.0, 6177200.0 ], [ 718000.0, 6177200.0 ], [ 717900.0, 6177200.0 ], [ 717900.0, 6177300.0 ], [ 717900.0, 6177400.0 ], [ 717800.0, 6177400.0 ] ] ] } },
{ "type": "Feature", "properties": { "Shape_Area": 50000.0, "Shape_Leng": 1200.0, "cluster_id": "101_28", "fid_1": 28.0, "id_munic": 28.0, "munic_clus": "101_28", "munic_code": 101.0, "min": 2.9196937084197998, "max": 2.9196937084197998, "mean": 2.9196937561035154, "count": 5, "std": 4.7683715642676816e-08, "range": 0.0 }, "geometry": { "type": "Polygon", "coordinates": [ [ [ 721100.0, 6177400.0 ], [ 721100.0, 6177300.0 ], [ 721000.0, 6177300.0 ], [ 720900.0, 6177300.0 ], [ 720900.0, 6177400.0 ], [ 720800.0, 6177400.0 ], [ 720800.0, 6177500.0 ], [ 720800.0, 6177600.0 ], [ 720900.0, 6177600.0 ], [ 720900.0, 6177500.0 ], [ 721000.0, 6177500.0 ], [ 721000.0, 6177400.0 ], [ 721100.0, 6177400.0 ] ] ] } },
{ "type": "Feature", "properties": { "Shape_Area": 130000.0, "Shape_Leng": 1800.0, "cluster_id": "101_29", "fid_1": 29.0, "id_munic": 29.0, "munic_clus": "101_29", "munic_code": 101.0, "min": 3.087970495223999, "max": 3.087970495223999, "mean": 3.0879704402043271, "count": 13, "std": 5.5019671929557035e-08, "range": 0.0 }, "geometry": { "type": "Polygon", "coordinates": [ [ [ 721100.0, 6177400.0 ], [ 721000.0, 6177400.0 ], [ 721000.0, 6177500.0 ], [ 720900.0, 6177500.0 ], [ 720900.0, 6177600.0 ], [ 720800.0, 6177600.0 ], [ 720800.0, 6177700.0 ], [ 720800.0, 6177800.0 ], [ 720900.0, 6177800.0 ], [ 720900.0, 6177900.0 ], [ 721000.0, 6177900.0 ], [ 721100.0, 6177900.0 ], [ 721200.0, 6177900.0 ], [ 721200.0, 6177800.0 ], [ 721200.0, 6177700.0 ], [ 721100.0, 6177700.0 ], [ 721100.0, 6177600.0 ], [ 721100.0, 6177500.0 ], [ 721100.0, 6177400.0 ] ] ] } },
{ "type": "Feature", "properties": { "Shape_Area": 40000.0, "Shape_Leng": 1000.0, "cluster_id": "101_30", "fid_1": 30.0, "id_munic": 30.0, "munic_clus": "101_30", "munic_code": 101.0, "min": 3.3257253170013428, "max": 3.3257253170013428, "mean": 3.3257253170013428, "count": 4, "std": 0.0, "range": 0.0 }, "geometry": { "type": "Polygon", "coordinates": [ [ [ 724000.0, 6176700.0 ], [ 724000.0, 6176800.0 ], [ 724100.0, 6176800.0 ], [ 724200.0, 6176800.0 ], [ 724200.0, 6176700.0 ], [ 724100.0, 6176700.0 ], [ 724100.0, 6176600.0 ], [ 724100.0, 6176500.0 ], [ 724000.0, 6176500.0 ], [ 724000.0, 6176600.0 ], [ 724000.0, 6176700.0 ] ] ] } },
{ "type": "Feature", "properties": { "Shape_Area": 10000.0, "Shape_Leng": 400.0, "cluster_id": "101_31", "fid_1": 31.0, "id_munic": 31.0, "munic_clus": "101_31", "munic_code": 101.0, "min": 2.6734423637390137, "max": 2.6734423637390137, "mean": 2.6734423637390137, "count": 1, "std": 0.0, "range": 0.0 }, "geometry": { "type": "Polygon", "coordinates": [ [ [ 724100.0, 6176500.0 ], [ 724100.0, 6176600.0 ], [ 724200.0, 6176600.0 ], [ 724200.0, 6176500.0 ], [ 724100.0, 6176500.0 ] ] ] } },
{ "type": "Feature", "properties": { "Shape_Area": 10000.0, "Shape_Leng": 400.0, "cluster_id": "101_32", "fid_1": 32.0, "id_munic": 32.0, "munic_clus": "101_32", "munic_code": 101.0, "min": 3.1227927207946777, "max": 3.1227927207946777, "mean": 3.1227927207946777, "count": 1, "std": 0.0, "range": 0.0 }, "geometry": { "type": "Polygon", "coordinates": [ [ [ 724000.0, 6176400.0 ], [ 724000.0, 6176500.0 ], [ 724100.0, 6176500.0 ], [ 724100.0, 6176400.0 ], [ 724000.0, 6176400.0 ] ] ] } },
{ "type": "Feature", "properties": { "Shape_Area": 10000.0, "Shape_Leng": 400.0, "cluster_id": "101_33", "fid_1": 33.0, "id_munic": 33.0, "munic_clus": "101_33", "munic_code": 101.0, "min": 2.3565483093261719, "max": 2.3565483093261719, "mean": 2.3565483093261719, "count": 1, "std": 0.0, "range": 0.0 }, "geometry": { "type": "Polygon", "coordinates": [ [ [ 724100.0, 6176600.0 ], [ 724100.0, 6176700.0 ], [ 724200.0, 6176700.0 ], [ 724200.0, 6176600.0 ], [ 724100.0, 6176600.0 ] ] ] } },
{ "type": "Feature", "properties": { "Shape_Area": 30000.0, "Shape_Leng": 800.0, "cluster_id": "101_34", "fid_1": 34.0, "id_munic": 34.0, "munic_clus": "101_34", "munic_code": 101.0, "min": 3.0763082504272461, "max": 3.0763082504272461, "mean": 3.0763082504272461, "count": 3, "std": 0.0, "range": 0.0 }, "geometry": { "type": "Polygon", "coordinates": [ [ [ 724000.0, 6176300.0 ], [ 723900.0, 6176300.0 ], [ 723900.0, 6176400.0 ], [ 724000.0, 6176400.0 ], [ 724100.0, 6176400.0 ], [ 724100.0, 6176300.0 ], [ 724100.0, 6176200.0 ], [ 724000.0, 6176200.0 ], [ 724000.0, 6176300.0 ] ] ] } },
{ "type": "Feature", "properties": { "Shape_Area": 10000.0, "Shape_Leng": 400.0, "cluster_id": "101_35", "fid_1": 35.0, "id_munic": 35.0, "munic_clus": "101_35", "munic_code": 101.0, "min": 2.3523828983306885, "max": 2.3523828983306885, "mean": 2.3523828983306885, "count": 1, "std": 0.0, "range": 0.0 }, "geometry": { "type": "Polygon", "coordinates": [ [ [ 724200.0, 6176700.0 ], [ 724200.0, 6176800.0 ], [ 724300.0, 6176800.0 ], [ 724300.0, 6176700.0 ], [ 724200.0, 6176700.0 ] ] ] } },
{ "type": "Feature", "properties": { "Shape_Area": 10000.0, "Shape_Leng": 400.0, "cluster_id": "101_36", "fid_1": 36.0, "id_munic": 36.0, "munic_clus": "101_36", "munic_code": 101.0, "min": 3.3593800067901611, "max": 3.3593800067901611, "mean": 3.3593800067901611, "count": 1, "std": 0.0, "range": 0.0 }, "geometry": { "type": "Polygon", "coordinates": [ [ [ 724100.0, 6176800.0 ], [ 724100.0, 6176900.0 ], [ 724200.0, 6176900.0 ], [ 724200.0, 6176800.0 ], [ 724100.0, 6176800.0 ] ] ] } },
{ "type": "Feature", "properties": { "Shape_Area": 20000.0, "Shape_Leng": 600.0, "cluster_id": "101_37", "fid_1": 37.0, "id_munic": 37.0, "munic_clus": "101_37", "munic_code": 101.0, "min": 2.3717098236083984, "max": 2.3717098236083984, "mean": 2.3717098236083984, "count": 2, "std": 0.0, "range": 0.0 }, "geometry": { "type": "Polygon", "coordinates": [ [ [ 723900.0, 6176500.0 ], [ 723900.0, 6176600.0 ], [ 724000.0, 6176600.0 ], [ 724000.0, 6176500.0 ], [ 724000.0, 6176400.0 ], [ 723900.0, 6176400.0 ], [ 723900.0, 6176500.0 ] ] ] } },
{ "type": "Feature", "properties": { "Shape_Area": 30000.0, "Shape_Leng": 800.0, "cluster_id": "101_38", "fid_1": 38.0, "id_munic": 38.0, "munic_clus": "101_38", "munic_code": 101.0, "min": 2.6851050853729248, "max": 2.6851050853729248, "mean": 2.685105005900065, "count": 3, "std": 7.947285984855057e-08, "range": 0.0 }, "geometry": { "type": "Polygon", "coordinates": [ [ [ 723000.0, 6178400.0 ], [ 723000.0, 6178500.0 ], [ 723100.0, 6178500.0 ], [ 723200.0, 6178500.0 ], [ 723200.0, 6178400.0 ], [ 723100.0, 6178400.0 ], [ 723100.0, 6178300.0 ], [ 723000.0, 6178300.0 ], [ 723000.0, 6178400.0 ] ] ] } },
{ "type": "Feature", "properties": { "Shape_Area": 30000.0, "Shape_Leng": 800.0, "cluster_id": "101_39", "fid_1": 39.0, "id_munic": 39.0, "munic_clus": "101_39", "munic_code": 101.0, "min": 2.8040659427642822, "max": 2.8040659427642822, "mean": 2.8040660222371421, "count": 3, "std": 7.947285984855057e-08, "range": 0.0 }, "geometry": { "type": "Polygon", "coordinates": [ [ [ 722800.0, 6178600.0 ], [ 722800.0, 6178700.0 ], [ 722900.0, 6178700.0 ], [ 723000.0, 6178700.0 ], [ 723000.0, 6178600.0 ], [ 722900.0, 6178600.0 ], [ 722900.0, 6178500.0 ], [ 722800.0, 6178500.0 ], [ 722800.0, 6178600.0 ] ] ] } },
{ "type": "Feature", "properties": { "Shape_Area": 20000.0, "Shape_Leng": 600.0, "cluster_id": "101_40", "fid_1": 40.0, "id_munic": 40.0, "munic_clus": "101_40", "munic_code": 101.0, "min": 2.9231925010681152, "max": 2.9231925010681152, "mean": 2.9231925010681152, "count": 2, "std": 0.0, "range": 0.0 }, "geometry": { "type": "Polygon", "coordinates": [ [ [ 723100.0, 6178400.0 ], [ 723200.0, 6178400.0 ], [ 723300.0, 6178400.0 ], [ 723300.0, 6178300.0 ], [ 723200.0, 6178300.0 ], [ 723100.0, 6178300.0 ], [ 723100.0, 6178400.0 ] ] ] } },
{ "type": "Feature", "properties": { "Shape_Area": 20000.0, "Shape_Leng": 600.0, "cluster_id": "101_41", "fid_1": 41.0, "id_munic": 41.0, "munic_clus": "101_41", "munic_code": 101.0, "min": 3.7055983543395996, "max": 3.7055983543395996, "mean": 3.7055983543395996, "count": 2, "std": 0.0, "range": 0.0 }, "geometry": { "type": "Polygon", "coordinates": [ [ [ 723100.0, 6178300.0 ], [ 723200.0, 6178300.0 ], [ 723300.0, 6178300.0 ], [ 723300.0, 6178200.0 ], [ 723200.0, 6178200.0 ], [ 723100.0, 6178200.0 ], [ 723100.0, 6178300.0 ] ] ] } },
{ "type": "Feature", "properties": { "Shape_Area": 10000.0, "Shape_Leng": 400.0, "cluster_id": "101_42", "fid_1": 42.0, "id_munic": 42.0, "munic_clus": "101_42", "munic_code": 101.0, "min": 4.2359218597412109, "max": 4.2359218597412109, "mean": 4.2359218597412109, "count": 1, "std": 0.0, "range": 0.0 }, "geometry": { "type": "Polygon", "coordinates": [ [ [ 719600.0, 6177400.0 ], [ 719600.0, 6177500.0 ], [ 719700.0, 6177500.0 ], [ 719700.0, 6177400.0 ], [ 719600.0, 6177400.0 ] ] ] } },
{ "type": "Feature", "properties": { "Shape_Area": 10000.0, "Shape_Leng": 400.0, "cluster_id": "101_43", "fid_1": 43.0, "id_munic": 43.0, "munic_clus": "101_43", "munic_code": 101.0, "min": 4.0999674797058105, "max": 4.0999674797058105, "mean": 4.0999674797058105, "count": 1, "std": 0.0, "range": 0.0 }, "geometry": { "type": "Polygon", "coordinates": [ [ [ 722900.0, 6178300.0 ], [ 722900.0, 6178400.0 ], [ 723000.0, 6178400.0 ], [ 723000.0, 6178300.0 ], [ 722900.0, 6178300.0 ] ] ] } },
{ "type": "Feature", "properties": { "Shape_Area": 10000.0, "Shape_Leng": 400.0, "cluster_id": "101_44", "fid_1": 44.0, "id_munic": 44.0, "munic_clus": "101_44", "munic_code": 101.0, "min": 2.4595139026641846, "max": 2.4595139026641846, "mean": 2.4595139026641846, "count": 1, "std": 0.0, "range": 0.0 }, "geometry": { "type": "Polygon", "coordinates": [ [ [ 722800.0, 6178400.0 ], [ 722800.0, 6178500.0 ], [ 722900.0, 6178500.0 ], [ 722900.0, 6178400.0 ], [ 722800.0, 6178400.0 ] ] ] } },
{ "type": "Feature", "properties": { "Shape_Area": 30000.0, "Shape_Leng": 800.0, "cluster_id": "101_45", "fid_1": 45.0, "id_munic": 45.0, "munic_clus": "101_45", "munic_code": 101.0, "min": 2.621293306350708, "max": 2.621293306350708, "mean": 2.6212933858235679, "count": 3, "std": 7.947285984855057e-08, "range": 0.0 }, "geometry": { "type": "Polygon", "coordinates": [ [ [ 722900.0, 6178500.0 ], [ 722900.0, 6178600.0 ], [ 723000.0, 6178600.0 ], [ 723100.0, 6178600.0 ], [ 723100.0, 6178500.0 ], [ 723000.0, 6178500.0 ], [ 723000.0, 6178400.0 ], [ 722900.0, 6178400.0 ], [ 722900.0, 6178500.0 ] ] ] } },
{ "type": "Feature", "properties": { "Shape_Area": 20000.0, "Shape_Leng": 600.0, "cluster_id": "101_46", "fid_1": 46.0, "id_munic": 46.0, "munic_clus": "101_46", "munic_code": 101.0, "min": 2.7612464427947998, "max": 2.7612464427947998, "mean": 2.7612464427947998, "count": 2, "std": 0.0, "range": 0.0 }, "geometry": { "type": "Polygon", "coordinates": [ [ [ 723000.0, 6175400.0 ], [ 723100.0, 6175400.0 ], [ 723200.0, 6175400.0 ], [ 723200.0, 6175300.0 ], [ 723100.0, 6175300.0 ], [ 723000.0, 6175300.0 ], [ 723000.0, 6175400.0 ] ] ] } },
{ "type": "Feature", "properties": { "Shape_Area": 30000.0, "Shape_Leng": 800.0, "cluster_id": "101_47", "fid_1": 47.0, "id_munic": 47.0, "munic_clus": "101_47", "munic_code": 101.0, "min": 2.7472512722015381, "max": 2.7472512722015381, "mean": 2.7472511927286782, "count": 3, "std": 7.947285984855057e-08, "range": 0.0 }, "geometry": { "type": "Polygon", "coordinates": [ [ [ 724500.0, 6178300.0 ], [ 724500.0, 6178400.0 ], [ 724600.0, 6178400.0 ], [ 724700.0, 6178400.0 ], [ 724700.0, 6178300.0 ], [ 724600.0, 6178300.0 ], [ 724600.0, 6178200.0 ], [ 724500.0, 6178200.0 ], [ 724500.0, 6178300.0 ] ] ] } },
{ "type": "Feature", "properties": { "Shape_Area": 10000.0, "Shape_Leng": 400.0, "cluster_id": "101_48", "fid_1": 48.0, "id_munic": 48.0, "munic_clus": "101_48", "munic_code": 101.0, "min": 3.4893372058868408, "max": 3.4893372058868408, "mean": 3.4893372058868408, "count": 1, "std": 0.0, "range": 0.0 }, "geometry": { "type": "Polygon", "coordinates": [ [ [ 719600.0, 6177300.0 ], [ 719600.0, 6177400.0 ], [ 719700.0, 6177400.0 ], [ 719700.0, 6177300.0 ], [ 719600.0, 6177300.0 ] ] ] } },
{ "type": "Feature", "properties": { "Shape_Area": 10000.0, "Shape_Leng": 400.0, "cluster_id": "101_49", "fid_1": 49.0, "id_munic": 49.0, "munic_clus": "101_49", "munic_code": 101.0, "min": 3.5409862995147705, "max": 3.5409862995147705, "mean": 3.5409862995147705, "count": 1, "std": 0.0, "range": 0.0 }, "geometry": { "type": "Polygon", "coordinates": [ [ [ 720000.0, 6177200.0 ], [ 720000.0, 6177300.0 ], [ 720100.0, 6177300.0 ], [ 720100.0, 6177200.0 ], [ 720000.0, 6177200.0 ] ] ] } },
{ "type": "Feature", "properties": { "Shape_Area": 20000.0, "Shape_Leng": 600.0, "cluster_id": "101_50", "fid_1": 50.0, "id_munic": 50.0, "munic_clus": "101_50", "munic_code": 101.0, "min": 2.9278576374053955, "max": 2.9278576374053955, "mean": 2.9278576374053955, "count": 2, "std": 0.0, "range": 0.0 }, "geometry": { "type": "Polygon", "coordinates": [ [ [ 719400.0, 6177500.0 ], [ 719500.0, 6177500.0 ], [ 719600.0, 6177500.0 ], [ 719600.0, 6177400.0 ], [ 719500.0, 6177400.0 ], [ 719400.0, 6177400.0 ], [ 719400.0, 6177500.0 ] ] ] } },
{ "type": "Feature", "properties": { "Shape_Area": 20000.0, "Shape_Leng": 600.0, "cluster_id": "101_51", "fid_1": 51.0, "id_munic": 51.0, "munic_clus": "101_51", "munic_code": 101.0, "min": 2.8577139377593994, "max": 2.8577139377593994, "mean": 2.8577139377593994, "count": 2, "std": 0.0, "range": 0.0 }, "geometry": { "type": "Polygon", "coordinates": [ [ [ 722700.0, 6174400.0 ], [ 722700.0, 6174500.0 ], [ 722800.0, 6174500.0 ], [ 722800.0, 6174400.0 ], [ 722800.0, 6174300.0 ], [ 722700.0, 6174300.0 ], [ 722700.0, 6174400.0 ] ] ] } },
{ "type": "Feature", "properties": { "Shape_Area": 30000.0, "Shape_Leng": 800.0, "cluster_id": "101_52", "fid_1": 52.0, "id_munic": 52.0, "munic_clus": "101_52", "munic_code": 101.0, "min": 3.1809401512145996, "max": 3.1809401512145996, "mean": 3.1809399922688804, "count": 3, "std": 1.5894571925301193e-07, "range": 0.0 }, "geometry": { "type": "Polygon", "coordinates": [ [ [ 723400.0, 6176500.0 ], [ 723500.0, 6176500.0 ], [ 723500.0, 6176600.0 ], [ 723600.0, 6176600.0 ], [ 723600.0, 6176500.0 ], [ 723600.0, 6176400.0 ], [ 723500.0, 6176400.0 ], [ 723400.0, 6176400.0 ], [ 723400.0, 6176500.0 ] ] ] } },
{ "type": "Feature", "properties": { "Shape_Area": 20000.0, "Shape_Leng": 600.0, "cluster_id": "101_53", "fid_1": 53.0, "id_munic": 53.0, "munic_clus": "101_53", "munic_code": 101.0, "min": 2.7617461681365967, "max": 2.7617461681365967, "mean": 2.7617461681365967, "count": 2, "std": 0.0, "range": 0.0 }, "geometry": { "type": "Polygon", "coordinates": [ [ [ 724600.0, 6175400.0 ], [ 724700.0, 6175400.0 ], [ 724800.0, 6175400.0 ], [ 724800.0, 6175300.0 ], [ 724700.0, 6175300.0 ], [ 724600.0, 6175300.0 ], [ 724600.0, 6175400.0 ] ] ] } },
{ "type": "Feature", "properties": { "Shape_Area": 70000.0, "Shape_Leng": 1400.0, "cluster_id": "101_54", "fid_1": 54.0, "id_munic": 54.0, "munic_clus": "101_54", "munic_code": 101.0, "min": 2.9840054512023926, "max": 2.9840054512023926, "mean": 2.9840055193219865, "count": 7, "std": 6.8119593965576541e-08, "range": 0.0 }, "geometry": { "type": "Polygon", "coordinates": [ [ [ 724400.0, 6175200.0 ], [ 724400.0, 6175300.0 ], [ 724400.0, 6175400.0 ], [ 724500.0, 6175400.0 ], [ 724500.0, 6175500.0 ], [ 724600.0, 6175500.0 ], [ 724700.0, 6175500.0 ], [ 724700.0, 6175400.0 ], [ 724600.0, 6175400.0 ], [ 724600.0, 6175300.0 ], [ 724600.0, 6175200.0 ], [ 724600.0, 6175100.0 ], [ 724500.0, 6175100.0 ], [ 724500.0, 6175200.0 ], [ 724400.0, 6175200.0 ] ] ] } },
{ "type": "Feature", "properties": { "Shape_Area": 40000.0, "Shape_Leng": 1000.0, "cluster_id": "101_55", "fid_1": 55.0, "id_munic": 55.0, "munic_clus": "101_55", "munic_code": 101.0, "min": 3.7115962505340576, "max": 3.7115962505340576, "mean": 3.7115962505340576, "count": 4, "std": 0.0, "range": 0.0 }, "geometry": { "type": "Polygon", "coordinates": [ [ [ 723800.0, 6178700.0 ], [ 723700.0, 6178700.0 ], [ 723700.0, 6178800.0 ], [ 723600.0, 6178800.0 ], [ 723600.0, 6178900.0 ], [ 723700.0, 6178900.0 ], [ 723700.0, 6179000.0 ], [ 723800.0, 6179000.0 ], [ 723800.0, 6178900.0 ], [ 723800.0, 6178800.0 ], [ 723800.0, 6178700.0 ] ] ] } },
{ "type": "Feature", "properties": { "Shape_Area": 50000.0, "Shape_Leng": 1000.0, "cluster_id": "101_56", "fid_1": 56.0, "id_munic": 56.0, "munic_clus": "101_56", "munic_code": 101.0, "min": 3.5051653385162354, "max": 3.5051653385162354, "mean": 3.5051654815673827, "count": 5, "std": 1.4305114737211966e-07, "range": 0.0 }, "geometry": { "type": "Polygon", "coordinates": [ [ [ 725800.0, 6176300.0 ], [ 725700.0, 6176300.0 ], [ 725600.0, 6176300.0 ], [ 725600.0, 6176400.0 ], [ 725500.0, 6176400.0 ], [ 725500.0, 6176500.0 ], [ 725600.0, 6176500.0 ], [ 725700.0, 6176500.0 ], [ 725800.0, 6176500.0 ], [ 725800.0, 6176400.0 ], [ 725800.0, 6176300.0 ] ] ] } },
{ "type": "Feature", "properties": { "Shape_Area": 70000.0, "Shape_Leng": 1200.0, "cluster_id": "101_57", "fid_1": 57.0, "id_munic": 57.0, "munic_clus": "101_57", "munic_code": 101.0, "min": 2.058480978012085, "max": 2.058480978012085, "mean": 2.0584809439522878, "count": 7, "std": 3.4059797204832876e-08, "range": 0.0 }, "geometry": { "type": "Polygon", "coordinates": [ [ [ 725900.0, 6176900.0 ], [ 725900.0, 6177000.0 ], [ 726000.0, 6177000.0 ], [ 726100.0, 6177000.0 ], [ 726100.0, 6176900.0 ], [ 726200.0, 6176900.0 ], [ 726200.0, 6176800.0 ], [ 726100.0, 6176800.0 ], [ 726100.0, 6176700.0 ], [ 726000.0, 6176700.0 ], [ 725900.0, 6176700.0 ], [ 725900.0, 6176800.0 ], [ 725900.0, 6176900.0 ] ] ] } },
{ "type": "Feature", "properties": { "Shape_Area": 20000.0, "Shape_Leng": 600.0, "cluster_id": "101_58", "fid_1": 58.0, "id_munic": 58.0, "munic_clus": "101_58", "munic_code": 101.0, "min": 2.9526827335357666, "max": 2.9526827335357666, "mean": 2.9526827335357666, "count": 2, "std": 0.0, "range": 0.0 }, "geometry": { "type": "Polygon", "coordinates": [ [ [ 722600.0, 6174800.0 ], [ 722600.0, 6174900.0 ], [ 722700.0, 6174900.0 ], [ 722700.0, 6174800.0 ], [ 722700.0, 6174700.0 ], [ 722600.0, 6174700.0 ], [ 722600.0, 6174800.0 ] ] ] } },
{ "type": "Feature", "properties": { "Shape_Area": 30000.0, "Shape_Leng": 800.0, "cluster_id": "101_59", "fid_1": 59.0, "id_munic": 59.0, "munic_clus": "101_59", "munic_code": 101.0, "min": 4.0006670951843262, "max": 4.0006670951843262, "mean": 4.0006669362386065, "count": 3, "std": 1.5894571969710114e-07, "range": 0.0 }, "geometry": { "type": "Polygon", "coordinates": [ [ [ 718200.0, 6179100.0 ], [ 718200.0, 6179200.0 ], [ 718300.0, 6179200.0 ], [ 718400.0, 6179200.0 ], [ 718400.0, 6179100.0 ], [ 718300.0, 6179100.0 ], [ 718300.0, 6179000.0 ], [ 718200.0, 6179000.0 ], [ 718200.0, 6179100.0 ] ] ] } },
{ "type": "Feature", "properties": { "Shape_Area": 50000.0, "Shape_Leng": 1200.0, "cluster_id": "101_60", "fid_1": 60.0, "id_munic": 60.0, "munic_clus": "101_60", "munic_code": 101.0, "min": 2.0831394195556641, "max": 2.0831394195556641, "mean": 2.0831394195556641, "count": 5, "std": 0.0, "range": 0.0 }, "geometry": { "type": "Polygon", "coordinates": [ [ [ 718400.0, 6178800.0 ], [ 718300.0, 6178800.0 ], [ 718300.0, 6178900.0 ], [ 718200.0, 6178900.0 ], [ 718100.0, 6178900.0 ], [ 718100.0, 6179000.0 ], [ 718200.0, 6179000.0 ], [ 718300.0, 6179000.0 ], [ 718300.0, 6179100.0 ], [ 718400.0, 6179100.0 ], [ 718400.0, 6179000.0 ], [ 718400.0, 6178900.0 ], [ 718400.0, 6178800.0 ] ] ] } },
{ "type": "Feature", "properties": { "Shape_Area": 80000.0, "Shape_Leng": 1400.0, "cluster_id": "101_61", "fid_1": 61.0, "id_munic": 61.0, "munic_clus": "101_61", "munic_code": 101.0, "min": 2.9133622646331787, "max": 2.9133622646331787, "mean": 2.9133622646331787, "count": 8, "std": 0.0, "range": 0.0 }, "geometry": { "type": "Polygon", "coordinates": [ [ [ 717500.0, 6178700.0 ], [ 717500.0, 6178800.0 ], [ 717400.0, 6178800.0 ], [ 717400.0, 6178900.0 ], [ 717300.0, 6178900.0 ], [ 717300.0, 6179000.0 ], [ 717400.0, 6179000.0 ], [ 717400.0, 6179100.0 ], [ 717500.0, 6179100.0 ], [ 717600.0, 6179100.0 ], [ 717600.0, 6179000.0 ], [ 717600.0, 6178900.0 ], [ 717600.0, 6178800.0 ], [ 717600.0, 6178700.0 ], [ 717500.0, 6178700.0 ] ] ] } },
{ "type": "Feature", "properties": { "Shape_Area": 30000.0, "Shape_Leng": 800.0, "cluster_id": "101_62", "fid_1": 62.0, "id_munic": 62.0, "munic_clus": "101_62", "munic_code": 101.0, "min": 2.9768414497375488, "max": 2.9768414497375488, "mean": 2.9768416086832681, "count": 3, "std": 1.5894571925301193e-07, "range": 0.0 }, "geometry": { "type": "Polygon", "coordinates": [ [ [ 718000.0, 6178800.0 ], [ 717900.0, 6178800.0 ], [ 717900.0, 6178900.0 ], [ 718000.0, 6178900.0 ], [ 718100.0, 6178900.0 ], [ 718100.0, 6178800.0 ], [ 718100.0, 6178700.0 ], [ 718000.0, 6178700.0 ], [ 718000.0, 6178800.0 ] ] ] } },
{ "type": "Feature", "properties": { "Shape_Area": 60000.0, "Shape_Leng": 1200.0, "cluster_id": "101_63", "fid_1": 63.0, "id_munic": 63.0, "munic_clus": "101_63", "munic_code": 101.0, "min": 3.8623795509338379, "max": 3.8623795509338379, "mean": 3.8623797098795571, "count": 6, "std": 1.5894571925301193e-07, "range": 0.0 }, "geometry": { "type": "Polygon", "coordinates": [ [ [ 718000.0, 6178400.0 ], [ 718000.0, 6178500.0 ], [ 718000.0, 6178600.0 ], [ 718100.0, 6178600.0 ], [ 718200.0, 6178600.0 ], [ 718200.0, 6178500.0 ], [ 718200.0, 6178400.0 ], [ 718100.0, 6178400.0 ], [ 718100.0, 6178300.0 ], [ 718100.0, 6178200.0 ], [ 718000.0, 6178200.0 ], [ 718000.0, 6178300.0 ], [ 718000.0, 6178400.0 ] ] ] } },
{ "type": "Feature", "properties": { "Shape_Area": 90000.0, "Shape_Leng": 1400.0, "cluster_id": "101_64", "fid_1": 64.0, "id_munic": 64.0, "munic_clus": "101_64", "munic_code": 101.0, "min": 2.9270248413085938, "max": 2.9270248413085938, "mean": 2.9270248413085938, "count": 9, "std": 0.0, "range": 0.0 }, "geometry": { "type": "Polygon", "coordinates": [ [ [ 717700.0, 6178500.0 ], [ 717600.0, 6178500.0 ], [ 717500.0, 6178500.0 ], [ 717400.0, 6178500.0 ], [ 717300.0, 6178500.0 ], [ 717300.0, 6178600.0 ], [ 717300.0, 6178700.0 ], [ 717400.0, 6178700.0 ], [ 717400.0, 6178800.0 ], [ 717500.0, 6178800.0 ], [ 717500.0, 6178700.0 ], [ 717600.0, 6178700.0 ], [ 717700.0, 6178700.0 ], [ 717700.0, 6178600.0 ], [ 717700.0, 6178500.0 ] ] ] } },
{ "type": "Feature", "properties": { "Shape_Area": 100000.0, "Shape_Leng": 1600.0, "cluster_id": "101_65", "fid_1": 65.0, "id_munic": 65.0, "munic_clus": "101_65", "munic_code": 101.0, "min": 3.0356547832489014, "max": 3.0356547832489014, "mean": 3.0356544494628905, "count": 10, "std": 3.3378601083100534e-07, "range": 0.0 }, "geometry": { "type": "Polygon", "coordinates": [ [ [ 717600.0, 6179000.0 ], [ 717600.0, 6179100.0 ], [ 717600.0, 6179200.0 ], [ 717700.0, 6179200.0 ], [ 717800.0, 6179200.0 ], [ 717800.0, 6179100.0 ], [ 717800.0, 6179000.0 ], [ 717900.0, 6179000.0 ], [ 717900.0, 6178900.0 ], [ 717800.0, 6178900.0 ], [ 717800.0, 6178800.0 ], [ 717700.0, 6178800.0 ], [ 717700.0, 6178700.0 ], [ 717600.0, 6178700.0 ], [ 717600.0, 6178800.0 ], [ 717600.0, 6178900.0 ], [ 717600.0, 6179000.0 ] ] ] } },
{ "type": "Feature", "properties": { "Shape_Area": 210000.0, "Shape_Leng": 2400.0, "cluster_id": "101_66", "fid_1": 66.0, "id_munic": 66.0, "munic_clus": "101_66", "munic_code": 101.0, "min": 3.3580477237701416, "max": 3.3580477237701416, "mean": 3.3580478486560641, "count": 21, "std": 1.2488592249226824e-07, "range": 0.0 }, "geometry": { "type": "Polygon", "coordinates": [ [ [ 717600.0, 6178500.0 ], [ 717700.0, 6178500.0 ], [ 717700.0, 6178600.0 ], [ 717700.0, 6178700.0 ], [ 717700.0, 6178800.0 ], [ 717800.0, 6178800.0 ], [ 717800.0, 6178900.0 ], [ 717900.0, 6178900.0 ], [ 717900.0, 6178800.0 ], [ 718000.0, 6178800.0 ], [ 718000.0, 6178700.0 ], [ 718000.0, 6178600.0 ], [ 718000.0, 6178500.0 ], [ 718000.0, 6178400.0 ], [ 718000.0, 6178300.0 ], [ 718000.0, 6178200.0 ], [ 718000.0, 6178100.0 ], [ 717900.0, 6178100.0 ], [ 717900.0, 6178200.0 ], [ 717800.0, 6178200.0 ], [ 717700.0, 6178200.0 ], [ 717700.0, 6178300.0 ], [ 717700.0, 6178400.0 ], [ 717600.0, 6178400.0 ], [ 717600.0, 6178500.0 ] ] ] } },
{ "type": "Feature", "properties": { "Shape_Area": 40000.0, "Shape_Leng": 800.0, "cluster_id": "101_67", "fid_1": 67.0, "id_munic": 67.0, "munic_clus": "101_67", "munic_code": 101.0, "min": 3.7344222068786621, "max": 3.7344222068786621, "mean": 3.7344222068786621, "count": 4, "std": 0.0, "range": 0.0 }, "geometry": { "type": "Polygon", "coordinates": [ [ [ 718300.0, 6178200.0 ], [ 718200.0, 6178200.0 ], [ 718100.0, 6178200.0 ], [ 718100.0, 6178300.0 ], [ 718100.0, 6178400.0 ], [ 718200.0, 6178400.0 ], [ 718300.0, 6178400.0 ], [ 718300.0, 6178300.0 ], [ 718300.0, 6178200.0 ] ] ] } },
{ "type": "Feature", "properties": { "Shape_Area": 110000.0, "Shape_Leng": 1600.0, "cluster_id": "101_68", "fid_1": 68.0, "id_munic": 68.0, "munic_clus": "101_68", "munic_code": 101.0, "min": 2.6804401874542236, "max": 2.6804401874542236, "mean": 2.6804402091286401, "count": 11, "std": 2.1674416483818956e-08, "range": 0.0 }, "geometry": { "type": "Polygon", "coordinates": [ [ [ 718200.0, 6178500.0 ], [ 718200.0, 6178600.0 ], [ 718100.0, 6178600.0 ], [ 718000.0, 6178600.0 ], [ 718000.0, 6178700.0 ], [ 718100.0, 6178700.0 ], [ 718100.0, 6178800.0 ], [ 718100.0, 6178900.0 ], [ 718200.0, 6178900.0 ], [ 718300.0, 6178900.0 ], [ 718300.0, 6178800.0 ], [ 718400.0, 6178800.0 ], [ 718400.0, 6178700.0 ], [ 718400.0, 6178600.0 ], [ 718400.0, 6178500.0 ], [ 718300.0, 6178500.0 ], [ 718200.0, 6178500.0 ] ] ] } },
{ "type": "Feature", "properties": { "Shape_Area": 80000.0, "Shape_Leng": 1200.0, "cluster_id": "101_69", "fid_1": 69.0, "id_munic": 69.0, "munic_clus": "101_69", "munic_code": 101.0, "min": 3.1707766056060791, "max": 3.1707766056060791, "mean": 3.1707766056060791, "count": 8, "std": 0.0, "range": 0.0 }, "geometry": { "type": "Polygon", "coordinates": [ [ [ 717200.0, 6178600.0 ], [ 717100.0, 6178600.0 ], [ 717100.0, 6178700.0 ], [ 717100.0, 6178800.0 ], [ 717100.0, 6178900.0 ], [ 717200.0, 6178900.0 ], [ 717300.0, 6178900.0 ], [ 717400.0, 6178900.0 ], [ 717400.0, 6178800.0 ], [ 717400.0, 6178700.0 ], [ 717300.0, 6178700.0 ], [ 717300.0, 6178600.0 ], [ 717200.0, 6178600.0 ] ] ] } },
{ "type": "Feature", "properties": { "Shape_Area": 100000.0, "Shape_Leng": 1400.0, "cluster_id": "101_70", "fid_1": 70.0, "id_munic": 70.0, "munic_clus": "101_70", "munic_code": 101.0, "min": 3.1781072616577148, "max": 3.1781072616577148, "mean": 3.1781074523925783, "count": 10, "std": 1.9073486345888571e-07, "range": 0.0 }, "geometry": { "type": "Polygon", "coordinates": [ [ [ 718400.0, 6178100.0 ], [ 718400.0, 6178200.0 ], [ 718400.0, 6178300.0 ], [ 718400.0, 6178400.0 ], [ 718400.0, 6178500.0 ], [ 718500.0, 6178500.0 ], [ 718600.0, 6178500.0 ], [ 718600.0, 6178400.0 ], [ 718600.0, 6178300.0 ], [ 718700.0, 6178300.0 ], [ 718700.0, 6178200.0 ], [ 718700.0, 6178100.0 ], [ 718600.0, 6178100.0 ], [ 718500.0, 6178100.0 ], [ 718400.0, 6178100.0 ] ] ] } },
{ "type": "Feature", "properties": { "Shape_Area": 30000.0, "Shape_Leng": 800.0, "cluster_id": "101_71", "fid_1": 71.0, "id_munic": 71.0, "munic_clus": "101_71", "munic_code": 101.0, "min": 3.3583805561065674, "max": 3.3583805561065674, "mean": 3.3583806355794272, "count": 3, "std": 7.947285984855057e-08, "range": 0.0 }, "geometry": { "type": "Polygon", "coordinates": [ [ [ 718100.0, 6179400.0 ], [ 718100.0, 6179500.0 ], [ 718200.0, 6179500.0 ], [ 718200.0, 6179400.0 ], [ 718300.0, 6179400.0 ], [ 718300.0, 6179300.0 ], [ 718200.0, 6179300.0 ], [ 718100.0, 6179300.0 ], [ 718100.0, 6179400.0 ] ] ] } },
{ "type": "Feature", "properties": { "Shape_Area": 30000.0, "Shape_Leng": 800.0, "cluster_id": "101_72", "fid_1": 72.0, "id_munic": 72.0, "munic_clus": "101_72", "munic_code": 101.0, "min": 3.0991337299346924, "max": 3.0991337299346924, "mean": 3.0991338094075522, "count": 3, "std": 7.947285984855057e-08, "range": 0.0 }, "geometry": { "type": "Polygon", "coordinates": [ [ [ 718200.0, 6179300.0 ], [ 718300.0, 6179300.0 ], [ 718300.0, 6179400.0 ], [ 718400.0, 6179400.0 ], [ 718400.0, 6179300.0 ], [ 718400.0, 6179200.0 ], [ 718300.0, 6179200.0 ], [ 718200.0, 6179200.0 ], [ 718200.0, 6179300.0 ] ] ] } },
{ "type": "Feature", "properties": { "Shape_Area": 60000.0, "Shape_Leng": 1000.0, "cluster_id": "101_73", "fid_1": 73.0, "id_munic": 73.0, "munic_clus": "101_73", "munic_code": 101.0, "min": 3.2094302177429199, "max": 3.2094302177429199, "mean": 3.2094303766886392, "count": 6, "std": 1.5894571925301193e-07, "range": 0.0 }, "geometry": { "type": "Polygon", "coordinates": [ [ [ 718400.0, 6178700.0 ], [ 718400.0, 6178800.0 ], [ 718500.0, 6178800.0 ], [ 718600.0, 6178800.0 ], [ 718600.0, 6178700.0 ], [ 718600.0, 6178600.0 ], [ 718600.0, 6178500.0 ], [ 718500.0, 6178500.0 ], [ 718400.0, 6178500.0 ], [ 718400.0, 6178600.0 ], [ 718400.0, 6178700.0 ] ] ] } },
{ "type": "Feature", "properties": { "Shape_Area": 20000.0, "Shape_Leng": 600.0, "cluster_id": "101_74", "fid_1": 74.0, "id_munic": 74.0, "munic_clus": "101_74", "munic_code": 101.0, "min": 2.942685604095459, "max": 2.942685604095459, "mean": 2.942685604095459, "count": 2, "std": 0.0, "range": 0.0 }, "geometry": { "type": "Polygon", "coordinates": [ [ [ 719400.0, 6177600.0 ], [ 719500.0, 6177600.0 ], [ 719600.0, 6177600.0 ], [ 719600.0, 6177500.0 ], [ 719500.0, 6177500.0 ], [ 719400.0, 6177500.0 ], [ 719400.0, 6177600.0 ] ] ] } },
{ "type": "Feature", "properties": { "Shape_Area": 60000.0, "Shape_Leng": 1000.0, "cluster_id": "101_75", "fid_1": 75.0, "id_munic": 75.0, "munic_clus": "101_75", "munic_code": 101.0, "min": 2.031989574432373, "max": 2.031989574432373, "mean": 2.0319897333780923, "count": 6, "std": 1.5894571925301193e-07, "range": 0.0 }, "geometry": { "type": "Polygon", "coordinates": [ [ [ 719200.0, 6177600.0 ], [ 719200.0, 6177700.0 ], [ 719300.0, 6177700.0 ], [ 719400.0, 6177700.0 ], [ 719400.0, 6177600.0 ], [ 719400.0, 6177500.0 ], [ 719400.0, 6177400.0 ], [ 719300.0, 6177400.0 ], [ 719200.0, 6177400.0 ], [ 719200.0, 6177500.0 ], [ 719200.0, 6177600.0 ] ] ] } },
{ "type": "Feature", "properties": { "Shape_Area": 60000.0, "Shape_Leng": 1200.0, "cluster_id": "101_76", "fid_1": 76.0, "id_munic": 76.0, "munic_clus": "101_76", "munic_code": 101.0, "min": 3.1621131896972656, "max": 3.1621131896972656, "mean": 3.1621131896972656, "count": 6, "std": 0.0, "range": 0.0 }, "geometry": { "type": "Polygon", "coordinates": [ [ [ 718700.0, 6177300.0 ], [ 718700.0, 6177400.0 ], [ 718700.0, 6177500.0 ], [ 718700.0, 6177600.0 ], [ 718800.0, 6177600.0 ], [ 718800.0, 6177500.0 ], [ 718900.0, 6177500.0 ], [ 718900.0, 6177400.0 ], [ 718900.0, 6177300.0 ], [ 718900.0, 6177200.0 ], [ 718800.0, 6177200.0 ], [ 718800.0, 6177300.0 ], [ 718700.0, 6177300.0 ] ] ] } },
{ "type": "Feature", "properties": { "Shape_Area": 90000.0, "Shape_Leng": 1400.0, "cluster_id": "101_77", "fid_1": 77.0, "id_munic": 77.0, "munic_clus": "101_77", "munic_code": 101.0, "min": 3.310396671295166, "max": 3.310396671295166, "mean": 3.3103966183132596, "count": 9, "std": 5.2981906417670643e-08, "range": 0.0 }, "geometry": { "type": "Polygon", "coordinates": [ [ [ 719100.0, 6177600.0 ], [ 719000.0, 6177600.0 ], [ 718900.0, 6177600.0 ], [ 718800.0, 6177600.0 ], [ 718800.0, 6177700.0 ], [ 718800.0, 6177800.0 ], [ 718900.0, 6177800.0 ], [ 718900.0, 6177900.0 ], [ 719000.0, 6177900.0 ], [ 719100.0, 6177900.0 ], [ 719100.0, 6177800.0 ], [ 719200.0, 6177800.0 ], [ 719200.0, 6177700.0 ], [ 719100.0, 6177700.0 ], [ 719100.0, 6177600.0 ] ] ] } },
{ "type": "Feature", "properties": { "Shape_Area": 10000.0, "Shape_Leng": 400.0, "cluster_id": "101_78", "fid_1": 78.0, "id_munic": 78.0, "munic_clus": "101_78", "munic_code": 101.0, "min": 3.6507833003997803, "max": 3.6507833003997803, "mean": 3.6507833003997803, "count": 1, "std": 0.0, "range": 0.0 }, "geometry": { "type": "Polygon", "coordinates": [ [ [ 718800.0, 6177800.0 ], [ 718800.0, 6177900.0 ], [ 718900.0, 6177900.0 ], [ 718900.0, 6177800.0 ], [ 718800.0, 6177800.0 ] ] ] } },
{ "type": "Feature", "properties": { "Shape_Area": 100000.0, "Shape_Leng": 1600.0, "cluster_id": "101_79", "fid_1": 79.0, "id_munic": 79.0, "munic_clus": "101_79", "munic_code": 101.0, "min": 2.4765083789825439, "max": 2.4765083789825439, "mean": 2.4765083312988283, "count": 10, "std": 4.7683715642676816e-08, "range": 0.0 }, "geometry": { "type": "Polygon", "coordinates": [ [ [ 719000.0, 6177300.0 ], [ 718900.0, 6177300.0 ], [ 718900.0, 6177400.0 ], [ 718900.0, 6177500.0 ], [ 718800.0, 6177500.0 ], [ 718800.0, 6177600.0 ], [ 718900.0, 6177600.0 ], [ 719000.0, 6177600.0 ], [ 719100.0, 6177600.0 ], [ 719100.0, 6177700.0 ], [ 719200.0, 6177700.0 ], [ 719200.0, 6177600.0 ], [ 719200.0, 6177500.0 ], [ 719200.0, 6177400.0 ], [ 719100.0, 6177400.0 ], [ 719100.0, 6177300.0 ], [ 719000.0, 6177300.0 ] ] ] } },
{ "type": "Feature", "properties": { "Shape_Area": 10000.0, "Shape_Leng": 400.0, "cluster_id": "101_80", "fid_1": 80.0, "id_munic": 80.0, "munic_clus": "101_80", "munic_code": 101.0, "min": 2.7234256267547607, "max": 2.7234256267547607, "mean": 2.7234256267547607, "count": 1, "std": 0.0, "range": 0.0 }, "geometry": { "type": "Polygon", "coordinates": [ [ [ 718700.0, 6177800.0 ], [ 718700.0, 6177900.0 ], [ 718800.0, 6177900.0 ], [ 718800.0, 6177800.0 ], [ 718700.0, 6177800.0 ] ] ] } },
{ "type": "Feature", "properties": { "Shape_Area": 40000.0, "Shape_Leng": 1000.0, "cluster_id": "101_81", "fid_1": 81.0, "id_munic": 81.0, "munic_clus": "101_81", "munic_code": 101.0, "min": 2.5236589908599854, "max": 2.5236589908599854, "mean": 2.5236589908599854, "count": 4, "std": 0.0, "range": 0.0 }, "geometry": { "type": "Polygon", "coordinates": [ [ [ 718800.0, 6177600.0 ], [ 718700.0, 6177600.0 ], [ 718700.0, 6177700.0 ], [ 718600.0, 6177700.0 ], [ 718600.0, 6177800.0 ], [ 718600.0, 6177900.0 ], [ 718700.0, 6177900.0 ], [ 718700.0, 6177800.0 ], [ 718800.0, 6177800.0 ], [ 718800.0, 6177700.0 ], [ 718800.0, 6177600.0 ] ] ] } },
{ "type": "Feature", "properties": { "Shape_Area": 10000.0, "Shape_Leng": 400.0, "cluster_id": "101_82", "fid_1": 82.0, "id_munic": 82.0, "munic_clus": "101_82", "munic_code": 101.0, "min": 3.5676443576812744, "max": 3.5676443576812744, "mean": 3.5676443576812744, "count": 1, "std": 0.0, "range": 0.0 }, "geometry": { "type": "Polygon", "coordinates": [ [ [ 724000.0, 6175100.0 ], [ 724000.0, 6175200.0 ], [ 724100.0, 6175200.0 ], [ 724100.0, 6175100.0 ], [ 724000.0, 6175100.0 ] ] ] } },
{ "type": "Feature", "properties": { "Shape_Area": 20000.0, "Shape_Leng": 600.0, "cluster_id": "101_83", "fid_1": 83.0, "id_munic": 83.0, "munic_clus": "101_83", "munic_code": 101.0, "min": 3.2345888614654541, "max": 3.2345888614654541, "mean": 3.2345888614654541, "count": 2, "std": 0.0, "range": 0.0 }, "geometry": { "type": "Polygon", "coordinates": [ [ [ 724000.0, 6175300.0 ], [ 724000.0, 6175400.0 ], [ 724100.0, 6175400.0 ], [ 724100.0, 6175300.0 ], [ 724100.0, 6175200.0 ], [ 724000.0, 6175200.0 ], [ 724000.0, 6175300.0 ] ] ] } },
{ "type": "Feature", "properties": { "Shape_Area": 200000.0, "Shape_Leng": 2400.0, "cluster_id": "101_84", "fid_1": 84.0, "id_munic": 84.0, "munic_clus": "101_84", "munic_code": 101.0, "min": 2.3007335662841797, "max": 2.3007335662841797, "mean": 2.3007335662841797, "count": 20, "std": 0.0, "range": 0.0 }, "geometry": { "type": "Polygon", "coordinates": [ [ [ 724000.0, 6175400.0 ], [ 724000.0, 6175500.0 ], [ 724000.0, 6175600.0 ], [ 724100.0, 6175600.0 ], [ 724200.0, 6175600.0 ], [ 724200.0, 6175700.0 ], [ 724300.0, 6175700.0 ], [ 724400.0, 6175700.0 ], [ 724500.0, 6175700.0 ], [ 724500.0, 6175600.0 ], [ 724600.0, 6175600.0 ], [ 724600.0, 6175500.0 ], [ 724500.0, 6175500.0 ], [ 724500.0, 6175400.0 ], [ 724400.0, 6175400.0 ], [ 724400.0, 6175300.0 ], [ 724300.0, 6175300.0 ], [ 724300.0, 6175200.0 ], [ 724200.0, 6175200.0 ], [ 724200.0, 6175100.0 ], [ 724100.0, 6175100.0 ], [ 724100.0, 6175200.0 ], [ 724100.0, 6175300.0 ], [ 724100.0, 6175400.0 ], [ 724000.0, 6175400.0 ] ] ] } },
{ "type": "Feature", "properties": { "Shape_Area": 10000.0, "Shape_Leng": 400.0, "cluster_id": "101_85", "fid_1": 85.0, "id_munic": 85.0, "munic_clus": "101_85", "munic_code": 101.0, "min": 3.3582143783569336, "max": 3.3582143783569336, "mean": 3.3582143783569336, "count": 1, "std": 0.0, "range": 0.0 }, "geometry": { "type": "Polygon", "coordinates": [ [ [ 723900.0, 6175200.0 ], [ 723900.0, 6175300.0 ], [ 724000.0, 6175300.0 ], [ 724000.0, 6175200.0 ], [ 723900.0, 6175200.0 ] ] ] } },
{ "type": "Feature", "properties": { "Shape_Area": 20000.0, "Shape_Leng": 600.0, "cluster_id": "101_86", "fid_1": 86.0, "id_munic": 86.0, "munic_clus": "101_86", "munic_code": 101.0, "min": 2.969677209854126, "max": 2.969677209854126, "mean": 2.969677209854126, "count": 2, "std": 0.0, "range": 0.0 }, "geometry": { "type": "Polygon", "coordinates": [ [ [ 723700.0, 6175200.0 ], [ 723800.0, 6175200.0 ], [ 723900.0, 6175200.0 ], [ 723900.0, 6175100.0 ], [ 723800.0, 6175100.0 ], [ 723700.0, 6175100.0 ], [ 723700.0, 6175200.0 ] ] ] } },
{ "type": "Feature", "properties": { "Shape_Area": 10000.0, "Shape_Leng": 400.0, "cluster_id": "101_89", "fid_1": 89.0, "id_munic": 89.0, "munic_clus": "101_89", "munic_code": 101.0, "min": 2.1394538879394531, "max": 2.1394538879394531, "mean": 2.1394538879394531, "count": 1, "std": 0.0, "range": 0.0 }, "geometry": { "type": "Polygon", "coordinates": [ [ [ 722000.0, 6172600.0 ], [ 722000.0, 6172700.0 ], [ 722100.0, 6172700.0 ], [ 722100.0, 6172600.0 ], [ 722000.0, 6172600.0 ] ] ] } },
{ "type": "Feature", "properties": { "Shape_Area": 50000.0, "Shape_Leng": 1200.0, "cluster_id": "101_90", "fid_1": 90.0, "id_munic": 90.0, "munic_clus": "101_90", "munic_code": 101.0, "min": 2.5743086338043213, "max": 2.5743086338043213, "mean": 2.5743085861206056, "count": 5, "std": 4.7683715642676816e-08, "range": 0.0 }, "geometry": { "type": "Polygon", "coordinates": [ [ [ 721800.0, 6172600.0 ], [ 721700.0, 6172600.0 ], [ 721700.0, 6172700.0 ], [ 721600.0, 6172700.0 ], [ 721600.0, 6172800.0 ], [ 721700.0, 6172800.0 ], [ 721800.0, 6172800.0 ], [ 721900.0, 6172800.0 ], [ 722000.0, 6172800.0 ], [ 722000.0, 6172700.0 ], [ 721900.0, 6172700.0 ], [ 721800.0, 6172700.0 ], [ 721800.0, 6172600.0 ] ] ] } },
{ "type": "Feature", "properties": { "Shape_Area": 10000.0, "Shape_Leng": 400.0, "cluster_id": "101_91", "fid_1": 91.0, "id_munic": 91.0, "munic_clus": "101_91", "munic_code": 101.0, "min": 3.8262248039245605, "max": 3.8262248039245605, "mean": 3.8262248039245605, "count": 1, "std": 0.0, "range": 0.0 }, "geometry": { "type": "Polygon", "coordinates": [ [ [ 721700.0, 6172400.0 ], [ 721700.0, 6172500.0 ], [ 721800.0, 6172500.0 ], [ 721800.0, 6172400.0 ], [ 721700.0, 6172400.0 ] ] ] } },
{ "type": "Feature", "properties": { "Shape_Area": 10000.0, "Shape_Leng": 400.0, "cluster_id": "101_92", "fid_1": 92.0, "id_munic": 92.0, "munic_clus": "101_92", "munic_code": 101.0, "min": 2.9716763496398926, "max": 2.9716763496398926, "mean": 2.9716763496398926, "count": 1, "std": 0.0, "range": 0.0 }, "geometry": { "type": "Polygon", "coordinates": [ [ [ 721800.0, 6172500.0 ], [ 721800.0, 6172600.0 ], [ 721900.0, 6172600.0 ], [ 721900.0, 6172500.0 ], [ 721800.0, 6172500.0 ] ] ] } },
{ "type": "Feature", "properties": { "Shape_Area": 10000.0, "Shape_Leng": 400.0, "cluster_id": "101_93", "fid_1": 93.0, "id_munic": 93.0, "munic_clus": "101_93", "munic_code": 101.0, "min": 3.4498500823974609, "max": 3.4498500823974609, "mean": 3.4498500823974609, "count": 1, "std": 0.0, "range": 0.0 }, "geometry": { "type": "Polygon", "coordinates": [ [ [ 722000.0, 6172500.0 ], [ 722000.0, 6172600.0 ], [ 722100.0, 6172600.0 ], [ 722100.0, 6172500.0 ], [ 722000.0, 6172500.0 ] ] ] } },
{ "type": "Feature", "properties": { "Shape_Area": 50000.0, "Shape_Leng": 1000.0, "cluster_id": "101_94", "fid_1": 94.0, "id_munic": 94.0, "munic_clus": "101_94", "munic_code": 101.0, "min": 3.025158166885376, "max": 3.025158166885376, "mean": 3.0251581192016603, "count": 5, "std": 4.7683715642676816e-08, "range": 0.0 }, "geometry": { "type": "Polygon", "coordinates": [ [ [ 721700.0, 6172000.0 ], [ 721700.0, 6172100.0 ], [ 721800.0, 6172100.0 ], [ 721900.0, 6172100.0 ], [ 721900.0, 6172000.0 ], [ 721900.0, 6171900.0 ], [ 721800.0, 6171900.0 ], [ 721800.0, 6171800.0 ], [ 721700.0, 6171800.0 ], [ 721700.0, 6171900.0 ], [ 721700.0, 6172000.0 ] ] ] } },
{ "type": "Feature", "properties": { "Shape_Area": 10000.0, "Shape_Leng": 400.0, "cluster_id": "101_95", "fid_1": 95.0, "id_munic": 95.0, "munic_clus": "101_95", "munic_code": 101.0, "min": 2.8108963966369629, "max": 2.8108963966369629, "mean": 2.8108963966369629, "count": 1, "std": 0.0, "range": 0.0 }, "geometry": { "type": "Polygon", "coordinates": [ [ [ 721900.0, 6172600.0 ], [ 721900.0, 6172700.0 ], [ 722000.0, 6172700.0 ], [ 722000.0, 6172600.0 ], [ 721900.0, 6172600.0 ] ] ] } },
{ "type": "Feature", "properties": { "Shape_Area": 10000.0, "Shape_Leng": 400.0, "cluster_id": "101_96", "fid_1": 96.0, "id_munic": 96.0, "munic_clus": "101_96", "munic_code": 101.0, "min": 2.6926028728485107, "max": 2.6926028728485107, "mean": 2.6926028728485107, "count": 1, "std": 0.0, "range": 0.0 }, "geometry": { "type": "Polygon", "coordinates": [ [ [ 721800.0, 6172300.0 ], [ 721800.0, 6172400.0 ], [ 721900.0, 6172400.0 ], [ 721900.0, 6172300.0 ], [ 721800.0, 6172300.0 ] ] ] } },
{ "type": "Feature", "properties": { "Shape_Area": 10000.0, "Shape_Leng": 400.0, "cluster_id": "101_97", "fid_1": 97.0, "id_munic": 97.0, "munic_clus": "101_97", "munic_code": 101.0, "min": 3.3008999824523926, "max": 3.3008999824523926, "mean": 3.3008999824523926, "count": 1, "std": 0.0, "range": 0.0 }, "geometry": { "type": "Polygon", "coordinates": [ [ [ 721900.0, 6172500.0 ], [ 721900.0, 6172600.0 ], [ 722000.0, 6172600.0 ], [ 722000.0, 6172500.0 ], [ 721900.0, 6172500.0 ] ] ] } },
{ "type": "Feature", "properties": { "Shape_Area": 10000.0, "Shape_Leng": 400.0, "cluster_id": "101_98", "fid_1": 98.0, "id_munic": 98.0, "munic_clus": "101_98", "munic_code": 101.0, "min": 2.8888709545135498, "max": 2.8888709545135498, "mean": 2.8888709545135498, "count": 1, "std": 0.0, "range": 0.0 }, "geometry": { "type": "Polygon", "coordinates": [ [ [ 721900.0, 6172300.0 ], [ 721900.0, 6172400.0 ], [ 722000.0, 6172400.0 ], [ 722000.0, 6172300.0 ], [ 721900.0, 6172300.0 ] ] ] } },
{ "type": "Feature", "properties": { "Shape_Area": 130000.0, "Shape_Leng": 1800.0, "cluster_id": "101_99", "fid_1": 99.0, "id_munic": 99.0, "munic_clus": "101_99", "munic_code": 101.0, "min": 2.9605131149291992, "max": 2.9605131149291992, "mean": 2.9605134817270131, "count": 13, "std": 3.6679781389992172e-07, "range": 0.0 }, "geometry": { "type": "Polygon", "coordinates": [ [ [ 722000.0, 6172100.0 ], [ 721900.0, 6172100.0 ], [ 721800.0, 6172100.0 ], [ 721700.0, 6172100.0 ], [ 721700.0, 6172200.0 ], [ 721700.0, 6172300.0 ], [ 721800.0, 6172300.0 ], [ 721900.0, 6172300.0 ], [ 722000.0, 6172300.0 ], [ 722000.0, 6172400.0 ], [ 722000.0, 6172500.0 ], [ 722100.0, 6172500.0 ], [ 722100.0, 6172400.0 ], [ 722200.0, 6172400.0 ], [ 722200.0, 6172300.0 ], [ 722200.0, 6172200.0 ], [ 722200.0, 6172100.0 ], [ 722100.0, 6172100.0 ], [ 722000.0, 6172100.0 ] ] ] } },
{ "type": "Feature", "properties": { "Shape_Area": 20000.0, "Shape_Leng": 600.0, "cluster_id": "101_100", "fid_1": 100.0, "id_munic": 100.0, "munic_clus": "101_100", "munic_code": 101.0, "min": 3.6831057071685791, "max": 3.6831057071685791, "mean": 3.6831057071685791, "count": 2, "std": 0.0, "range": 0.0 }, "geometry": { "type": "Polygon", "coordinates": [ [ [ 722500.0, 6172900.0 ], [ 722500.0, 6173000.0 ], [ 722600.0, 6173000.0 ], [ 722600.0, 6172900.0 ], [ 722600.0, 6172800.0 ], [ 722500.0, 6172800.0 ], [ 722500.0, 6172900.0 ] ] ] } },
{ "type": "Feature", "properties": { "Shape_Area": 20000.0, "Shape_Leng": 600.0, "cluster_id": "101_101", "fid_1": 101.0, "id_munic": 101.0, "munic_clus": "101_101", "munic_code": 101.0, "min": 3.2575812339782715, "max": 3.2575812339782715, "mean": 3.2575812339782715, "count": 2, "std": 0.0, "range": 0.0 }, "geometry": { "type": "Polygon", "coordinates": [ [ [ 722600.0, 6175000.0 ], [ 722600.0, 6175100.0 ], [ 722700.0, 6175100.0 ], [ 722700.0, 6175000.0 ], [ 722700.0, 6174900.0 ], [ 722600.0, 6174900.0 ], [ 722600.0, 6175000.0 ] ] ] } },
{ "type": "Feature", "properties": { "Shape_Area": 20000.0, "Shape_Leng": 600.0, "cluster_id": "101_102", "fid_1": 102.0, "id_munic": 102.0, "munic_clus": "101_102", "munic_code": 101.0, "min": 3.3070647716522217, "max": 3.3070647716522217, "mean": 3.3070647716522217, "count": 2, "std": 0.0, "range": 0.0 }, "geometry": { "type": "Polygon", "coordinates": [ [ [ 721800.0, 6172500.0 ], [ 721900.0, 6172500.0 ], [ 722000.0, 6172500.0 ], [ 722000.0, 6172400.0 ], [ 721900.0, 6172400.0 ], [ 721800.0, 6172400.0 ], [ 721800.0, 6172500.0 ] ] ] } },
{ "type": "Feature", "properties": { "Shape_Area": 20000.0, "Shape_Leng": 600.0, "cluster_id": "101_103", "fid_1": 103.0, "id_munic": 103.0, "munic_clus": "101_103", "munic_code": 101.0, "min": 2.9960017204284668, "max": 2.9960017204284668, "mean": 2.9960017204284668, "count": 2, "std": 0.0, "range": 0.0 }, "geometry": { "type": "Polygon", "coordinates": [ [ [ 721600.0, 6172600.0 ], [ 721600.0, 6172700.0 ], [ 721700.0, 6172700.0 ], [ 721700.0, 6172600.0 ], [ 721700.0, 6172500.0 ], [ 721600.0, 6172500.0 ], [ 721600.0, 6172600.0 ] ] ] } },
{ "type": "Feature", "properties": { "Shape_Area": 10000.0, "Shape_Leng": 400.0, "cluster_id": "101_104", "fid_1": 104.0, "id_munic": 104.0, "munic_clus": "101_104", "munic_code": 101.0, "min": 2.5894706249237061, "max": 2.5894706249237061, "mean": 2.5894706249237061, "count": 1, "std": 0.0, "range": 0.0 }, "geometry": { "type": "Polygon", "coordinates": [ [ [ 721700.0, 6172500.0 ], [ 721700.0, 6172600.0 ], [ 721800.0, 6172600.0 ], [ 721800.0, 6172500.0 ], [ 721700.0, 6172500.0 ] ] ] } },
{ "type": "Feature", "properties": { "Shape_Area": 10000.0, "Shape_Leng": 400.0, "cluster_id": "101_105", "fid_1": 105.0, "id_munic": 105.0, "munic_clus": "101_105", "munic_code": 101.0, "min": 2.727590799331665, "max": 2.727590799331665, "mean": 2.727590799331665, "count": 1, "std": 0.0, "range": 0.0 }, "geometry": { "type": "Polygon", "coordinates": [ [ [ 721800.0, 6172600.0 ], [ 721800.0, 6172700.0 ], [ 721900.0, 6172700.0 ], [ 721900.0, 6172600.0 ], [ 721800.0, 6172600.0 ] ] ] } },
{ "type": "Feature", "properties": { "Shape_Area": 20000.0, "Shape_Leng": 600.0, "cluster_id": "101_106", "fid_1": 106.0, "id_munic": 106.0, "munic_clus": "101_106", "munic_code": 101.0, "min": 3.0983009338378906, "max": 3.0983009338378906, "mean": 3.0983009338378906, "count": 2, "std": 0.0, "range": 0.0 }, "geometry": { "type": "Polygon", "coordinates": [ [ [ 722100.0, 6172500.0 ], [ 722100.0, 6172600.0 ], [ 722200.0, 6172600.0 ], [ 722200.0, 6172500.0 ], [ 722200.0, 6172400.0 ], [ 722100.0, 6172400.0 ], [ 722100.0, 6172500.0 ] ] ] } },
{ "type": "Feature", "properties": { "Shape_Area": 30000.0, "Shape_Leng": 800.0, "cluster_id": "101_107", "fid_1": 107.0, "id_munic": 107.0, "munic_clus": "101_107", "munic_code": 101.0, "min": 3.5371551513671875, "max": 3.5371551513671875, "mean": 3.5371551513671875, "count": 3, "std": 0.0, "range": 0.0 }, "geometry": { "type": "Polygon", "coordinates": [ [ [ 722400.0, 6172600.0 ], [ 722300.0, 6172600.0 ], [ 722300.0, 6172700.0 ], [ 722400.0, 6172700.0 ], [ 722500.0, 6172700.0 ], [ 722500.0, 6172600.0 ], [ 722500.0, 6172500.0 ], [ 722400.0, 6172500.0 ], [ 722400.0, 6172600.0 ] ] ] } },
{ "type": "Feature", "properties": { "Shape_Area": 10000.0, "Shape_Leng": 400.0, "cluster_id": "101_108", "fid_1": 108.0, "id_munic": 108.0, "munic_clus": "101_108", "munic_code": 101.0, "min": 3.670943021774292, "max": 3.670943021774292, "mean": 3.670943021774292, "count": 1, "std": 0.0, "range": 0.0 }, "geometry": { "type": "Polygon", "coordinates": [ [ [ 722400.0, 6172700.0 ], [ 722400.0, 6172800.0 ], [ 722500.0, 6172800.0 ], [ 722500.0, 6172700.0 ], [ 722400.0, 6172700.0 ] ] ] } },
{ "type": "Feature", "properties": { "Shape_Area": 70000.0, "Shape_Leng": 1200.0, "cluster_id": "101_109", "fid_1": 109.0, "id_munic": 109.0, "munic_clus": "101_109", "munic_code": 101.0, "min": 2.50699782371521, "max": 2.50699782371521, "mean": 2.5069977896554128, "count": 7, "std": 3.4059797204832876e-08, "range": 0.0 }, "geometry": { "type": "Polygon", "coordinates": [ [ [ 722500.0, 6172300.0 ], [ 722500.0, 6172200.0 ], [ 722400.0, 6172200.0 ], [ 722300.0, 6172200.0 ], [ 722200.0, 6172200.0 ], [ 722200.0, 6172300.0 ], [ 722200.0, 6172400.0 ], [ 722200.0, 6172500.0 ], [ 722300.0, 6172500.0 ], [ 722400.0, 6172500.0 ], [ 722400.0, 6172400.0 ], [ 722400.0, 6172300.0 ], [ 722500.0, 6172300.0 ] ] ] } },
{ "type": "Feature", "properties": { "Shape_Area": 20000.0, "Shape_Leng": 600.0, "cluster_id": "101_110", "fid_1": 110.0, "id_munic": 110.0, "munic_clus": "101_110", "munic_code": 101.0, "min": 2.6021332740783691, "max": 2.6021332740783691, "mean": 2.6021332740783691, "count": 2, "std": 0.0, "range": 0.0 }, "geometry": { "type": "Polygon", "coordinates": [ [ [ 722200.0, 6172600.0 ], [ 722300.0, 6172600.0 ], [ 722400.0, 6172600.0 ], [ 722400.0, 6172500.0 ], [ 722300.0, 6172500.0 ], [ 722200.0, 6172500.0 ], [ 722200.0, 6172600.0 ] ] ] } },
{ "type": "Feature", "properties": { "Shape_Area": 10000.0, "Shape_Leng": 400.0, "cluster_id": "101_111", "fid_1": 111.0, "id_munic": 111.0, "munic_clus": "101_111", "munic_code": 101.0, "min": 2.9853386878967285, "max": 2.9853386878967285, "mean": 2.9853386878967285, "count": 1, "std": 0.0, "range": 0.0 }, "geometry": { "type": "Polygon", "coordinates": [ [ [ 724300.0, 6176800.0 ], [ 724300.0, 6176900.0 ], [ 724400.0, 6176900.0 ], [ 724400.0, 6176800.0 ], [ 724300.0, 6176800.0 ] ] ] } },
{ "type": "Feature", "properties": { "Shape_Area": 10000.0, "Shape_Leng": 400.0, "cluster_id": "101_112", "fid_1": 112.0, "id_munic": 112.0, "munic_clus": "101_112", "munic_code": 101.0, "min": 4.1499509811401367, "max": 4.1499509811401367, "mean": 4.1499509811401367, "count": 1, "std": 0.0, "range": 0.0 }, "geometry": { "type": "Polygon", "coordinates": [ [ [ 724400.0, 6176700.0 ], [ 724400.0, 6176800.0 ], [ 724500.0, 6176800.0 ], [ 724500.0, 6176700.0 ], [ 724400.0, 6176700.0 ] ] ] } },
{ "type": "Feature", "properties": { "Shape_Area": 10000.0, "Shape_Leng": 400.0, "cluster_id": "101_113", "fid_1": 113.0, "id_munic": 113.0, "munic_clus": "101_113", "munic_code": 101.0, "min": 3.9433529376983643, "max": 3.9433529376983643, "mean": 3.9433529376983643, "count": 1, "std": 0.0, "range": 0.0 }, "geometry": { "type": "Polygon", "coordinates": [ [ [ 724500.0, 6176700.0 ], [ 724500.0, 6176800.0 ], [ 724600.0, 6176800.0 ], [ 724600.0, 6176700.0 ], [ 724500.0, 6176700.0 ] ] ] } },
{ "type": "Feature", "properties": { "Shape_Area": 10000.0, "Shape_Leng": 400.0, "cluster_id": "101_114", "fid_1": 114.0, "id_munic": 114.0, "munic_clus": "101_114", "munic_code": 101.0, "min": 3.4340224266052246, "max": 3.4340224266052246, "mean": 3.4340224266052246, "count": 1, "std": 0.0, "range": 0.0 }, "geometry": { "type": "Polygon", "coordinates": [ [ [ 724200.0, 6176600.0 ], [ 724200.0, 6176700.0 ], [ 724300.0, 6176700.0 ], [ 724300.0, 6176600.0 ], [ 724200.0, 6176600.0 ] ] ] } },
{ "type": "Feature", "properties": { "Shape_Area": 30000.0, "Shape_Leng": 800.0, "cluster_id": "101_115", "fid_1": 115.0, "id_munic": 115.0, "munic_clus": "101_115", "munic_code": 101.0, "min": 2.9590137004852295, "max": 2.9590137004852295, "mean": 2.9590136210123696, "count": 3, "std": 7.947285984855057e-08, "range": 0.0 }, "geometry": { "type": "Polygon", "coordinates": [ [ [ 724300.0, 6176700.0 ], [ 724300.0, 6176800.0 ], [ 724400.0, 6176800.0 ], [ 724400.0, 6176700.0 ], [ 724500.0, 6176700.0 ], [ 724500.0, 6176600.0 ], [ 724400.0, 6176600.0 ], [ 724300.0, 6176600.0 ], [ 724300.0, 6176700.0 ] ] ] } },
{ "type": "Feature", "properties": { "Shape_Area": 10000.0, "Shape_Leng": 400.0, "cluster_id": "101_116", "fid_1": 116.0, "id_munic": 116.0, "munic_clus": "101_116", "munic_code": 101.0, "min": 3.59596848487854, "max": 3.59596848487854, "mean": 3.59596848487854, "count": 1, "std": 0.0, "range": 0.0 }, "geometry": { "type": "Polygon", "coordinates": [ [ [ 724100.0, 6176400.0 ], [ 724100.0, 6176500.0 ], [ 724200.0, 6176500.0 ], [ 724200.0, 6176400.0 ], [ 724100.0, 6176400.0 ] ] ] } },
{ "type": "Feature", "properties": { "Shape_Area": 50000.0, "Shape_Leng": 1000.0, "cluster_id": "101_117", "fid_1": 117.0, "id_munic": 117.0, "munic_clus": "101_117", "munic_code": 101.0, "min": 3.5889706611633301, "max": 3.5889706611633301, "mean": 3.5889705657958983, "count": 5, "std": 9.5367431729442842e-08, "range": 0.0 }, "geometry": { "type": "Polygon", "coordinates": [ [ [ 719100.0, 6175500.0 ], [ 719100.0, 6175600.0 ], [ 719200.0, 6175600.0 ], [ 719300.0, 6175600.0 ], [ 719300.0, 6175500.0 ], [ 719300.0, 6175400.0 ], [ 719200.0, 6175400.0 ], [ 719200.0, 6175300.0 ], [ 719100.0, 6175300.0 ], [ 719100.0, 6175400.0 ], [ 719100.0, 6175500.0 ] ] ] } },
{ "type": "Feature", "properties": { "Shape_Area": 10000.0, "Shape_Leng": 400.0, "cluster_id": "101_118", "fid_1": 118.0, "id_munic": 118.0, "munic_clus": "101_118", "munic_code": 101.0, "min": 3.0973010063171387, "max": 3.0973010063171387, "mean": 3.0973010063171387, "count": 1, "std": 0.0, "range": 0.0 }, "geometry": { "type": "Polygon", "coordinates": [ [ [ 723200.0, 6175400.0 ], [ 723200.0, 6175500.0 ], [ 723300.0, 6175500.0 ], [ 723300.0, 6175400.0 ], [ 723200.0, 6175400.0 ] ] ] } },
{ "type": "Feature", "properties": { "Shape_Area": 20000.0, "Shape_Leng": 600.0, "cluster_id": "101_119", "fid_1": 119.0, "id_munic": 119.0, "munic_clus": "101_119", "munic_code": 101.0, "min": 2.5863053798675537, "max": 2.5863053798675537, "mean": 2.5863053798675537, "count": 2, "std": 0.0, "range": 0.0 }, "geometry": { "type": "Polygon", "coordinates": [ [ [ 723300.0, 6175500.0 ], [ 723400.0, 6175500.0 ], [ 723500.0, 6175500.0 ], [ 723500.0, 6175400.0 ], [ 723400.0, 6175400.0 ], [ 723300.0, 6175400.0 ], [ 723300.0, 6175500.0 ] ] ] } },
{ "type": "Feature", "properties": { "Shape_Area": 20000.0, "Shape_Leng": 600.0, "cluster_id": "101_120", "fid_1": 120.0, "id_munic": 120.0, "munic_clus": "101_120", "munic_code": 101.0, "min": 3.4940023422241211, "max": 3.4940023422241211, "mean": 3.4940023422241211, "count": 2, "std": 0.0, "range": 0.0 }, "geometry": { "type": "Polygon", "coordinates": [ [ [ 723500.0, 6175500.0 ], [ 723600.0, 6175500.0 ], [ 723700.0, 6175500.0 ], [ 723700.0, 6175400.0 ], [ 723600.0, 6175400.0 ], [ 723500.0, 6175400.0 ], [ 723500.0, 6175500.0 ] ] ] } },
{ "type": "Feature", "properties": { "Shape_Area": 60000.0, "Shape_Leng": 1400.0, "cluster_id": "101_121", "fid_1": 121.0, "id_munic": 121.0, "munic_clus": "101_121", "munic_code": 101.0, "min": 2.9890036582946777, "max": 2.9890036582946777, "mean": 2.9890034993489585, "count": 6, "std": 1.5894571925301193e-07, "range": 0.0 }, "geometry": { "type": "Polygon", "coordinates": [ [ [ 723700.0, 6175600.0 ], [ 723800.0, 6175600.0 ], [ 723900.0, 6175600.0 ], [ 723900.0, 6175700.0 ], [ 724000.0, 6175700.0 ], [ 724100.0, 6175700.0 ], [ 724100.0, 6175600.0 ], [ 724000.0, 6175600.0 ], [ 724000.0, 6175500.0 ], [ 723900.0, 6175500.0 ], [ 723800.0, 6175500.0 ], [ 723800.0, 6175400.0 ], [ 723700.0, 6175400.0 ], [ 723700.0, 6175500.0 ], [ 723700.0, 6175600.0 ] ] ] } },
{ "type": "Feature", "properties": { "Shape_Area": 20000.0, "Shape_Leng": 600.0, "cluster_id": "101_122", "fid_1": 122.0, "id_munic": 122.0, "munic_clus": "101_122", "munic_code": 101.0, "min": 2.9193601608276367, "max": 2.9193601608276367, "mean": 2.9193601608276367, "count": 2, "std": 0.0, "range": 0.0 }, "geometry": { "type": "Polygon", "coordinates": [ [ [ 723600.0, 6175300.0 ], [ 723600.0, 6175400.0 ], [ 723700.0, 6175400.0 ], [ 723700.0, 6175300.0 ], [ 723700.0, 6175200.0 ], [ 723600.0, 6175200.0 ], [ 723600.0, 6175300.0 ] ] ] } },
{ "type": "Feature", "properties": { "Shape_Area": 20000.0, "Shape_Leng": 600.0, "cluster_id": "101_123", "fid_1": 123.0, "id_munic": 123.0, "munic_clus": "101_123", "munic_code": 101.0, "min": 3.3470511436462402, "max": 3.3470511436462402, "mean": 3.3470511436462402, "count": 2, "std": 0.0, "range": 0.0 }, "geometry": { "type": "Polygon", "coordinates": [ [ [ 723700.0, 6175300.0 ], [ 723800.0, 6175300.0 ], [ 723900.0, 6175300.0 ], [ 723900.0, 6175200.0 ], [ 723800.0, 6175200.0 ], [ 723700.0, 6175200.0 ], [ 723700.0, 6175300.0 ] ] ] } },
{ "type": "Feature", "properties": { "Shape_Area": 40000.0, "Shape_Leng": 1000.0, "cluster_id": "101_124", "fid_1": 124.0, "id_munic": 124.0, "munic_clus": "101_124", "munic_code": 101.0, "min": 2.9603464603424072, "max": 2.9603464603424072, "mean": 2.9603464603424072, "count": 4, "std": 0.0, "range": 0.0 }, "geometry": { "type": "Polygon", "coordinates": [ [ [ 723800.0, 6177200.0 ], [ 723800.0, 6177300.0 ], [ 723800.0, 6177400.0 ], [ 723900.0, 6177400.0 ], [ 723900.0, 6177300.0 ], [ 723900.0, 6177200.0 ], [ 723900.0, 6177100.0 ], [ 723800.0, 6177100.0 ], [ 723700.0, 6177100.0 ], [ 723700.0, 6177200.0 ], [ 723800.0, 6177200.0 ] ] ] } },
{ "type": "Feature", "properties": { "Shape_Area": 10000.0, "Shape_Leng": 400.0, "cluster_id": "101_125", "fid_1": 125.0, "id_munic": 125.0, "munic_clus": "101_125", "munic_code": 101.0, "min": 2.9705102443695068, "max": 2.9705102443695068, "mean": 2.9705102443695068, "count": 1, "std": 0.0, "range": 0.0 }, "geometry": { "type": "Polygon", "coordinates": [ [ [ 723900.0, 6177200.0 ], [ 723900.0, 6177300.0 ], [ 724000.0, 6177300.0 ], [ 724000.0, 6177200.0 ], [ 723900.0, 6177200.0 ] ] ] } },
{ "type": "Feature", "properties": { "Shape_Area": 10000.0, "Shape_Leng": 400.0, "cluster_id": "101_126", "fid_1": 126.0, "id_munic": 126.0, "munic_clus": "101_126", "munic_code": 101.0, "min": 3.5159950256347656, "max": 3.5159950256347656, "mean": 3.5159950256347656, "count": 1, "std": 0.0, "range": 0.0 }, "geometry": { "type": "Polygon", "coordinates": [ [ [ 723900.0, 6177100.0 ], [ 723900.0, 6177200.0 ], [ 724000.0, 6177200.0 ], [ 724000.0, 6177100.0 ], [ 723900.0, 6177100.0 ] ] ] } },
{ "type": "Feature", "properties": { "Shape_Area": 30000.0, "Shape_Leng": 800.0, "cluster_id": "101_127", "fid_1": 127.0, "id_munic": 127.0, "munic_clus": "101_127", "munic_code": 101.0, "min": 2.6222929954528809, "max": 2.6222929954528809, "mean": 2.6222929954528809, "count": 3, "std": 0.0, "range": 0.0 }, "geometry": { "type": "Polygon", "coordinates": [ [ [ 724100.0, 6177600.0 ], [ 724000.0, 6177600.0 ], [ 724000.0, 6177700.0 ], [ 724100.0, 6177700.0 ], [ 724200.0, 6177700.0 ], [ 724200.0, 6177600.0 ], [ 724200.0, 6177500.0 ], [ 724100.0, 6177500.0 ], [ 724100.0, 6177600.0 ] ] ] } },
{ "type": "Feature", "properties": { "Shape_Area": 30000.0, "Shape_Leng": 800.0, "cluster_id": "101_128", "fid_1": 128.0, "id_munic": 128.0, "munic_clus": "101_128", "munic_code": 101.0, "min": 2.7432525157928467, "max": 2.7432525157928467, "mean": 2.7432524363199868, "count": 3, "std": 7.947285984855057e-08, "range": 0.0 }, "geometry": { "type": "Polygon", "coordinates": [ [ [ 724000.0, 6177500.0 ], [ 723900.0, 6177500.0 ], [ 723900.0, 6177600.0 ], [ 724000.0, 6177600.0 ], [ 724100.0, 6177600.0 ], [ 724100.0, 6177500.0 ], [ 724100.0, 6177400.0 ], [ 724000.0, 6177400.0 ], [ 724000.0, 6177500.0 ] ] ] } },
{ "type": "Feature", "properties": { "Shape_Area": 10000.0, "Shape_Leng": 400.0, "cluster_id": "101_129", "fid_1": 129.0, "id_munic": 129.0, "munic_clus": "101_129", "munic_code": 101.0, "min": 3.8147282600402832, "max": 3.8147282600402832, "mean": 3.8147282600402832, "count": 1, "std": 0.0, "range": 0.0 }, "geometry": { "type": "Polygon", "coordinates": [ [ [ 724200.0, 6177500.0 ], [ 724200.0, 6177600.0 ], [ 724300.0, 6177600.0 ], [ 724300.0, 6177500.0 ], [ 724200.0, 6177500.0 ] ] ] } },
{ "type": "Feature", "properties": { "Shape_Area": 20000.0, "Shape_Leng": 600.0, "cluster_id": "101_130", "fid_1": 130.0, "id_munic": 130.0, "munic_clus": "101_130", "munic_code": 101.0, "min": 2.5323226451873779, "max": 2.5323226451873779, "mean": 2.5323226451873779, "count": 2, "std": 0.0, "range": 0.0 }, "geometry": { "type": "Polygon", "coordinates": [ [ [ 724000.0, 6177300.0 ], [ 724000.0, 6177400.0 ], [ 724100.0, 6177400.0 ], [ 724100.0, 6177300.0 ], [ 724100.0, 6177200.0 ], [ 724000.0, 6177200.0 ], [ 724000.0, 6177300.0 ] ] ] } },
{ "type": "Feature", "properties": { "Shape_Area": 10000.0, "Shape_Leng": 400.0, "cluster_id": "101_131", "fid_1": 131.0, "id_munic": 131.0, "munic_clus": "101_131", "munic_code": 101.0, "min": 3.8017332553863525, "max": 3.8017332553863525, "mean": 3.8017332553863525, "count": 1, "std": 0.0, "range": 0.0 }, "geometry": { "type": "Polygon", "coordinates": [ [ [ 720000.0, 6177500.0 ], [ 720000.0, 6177600.0 ], [ 720100.0, 6177600.0 ], [ 720100.0, 6177500.0 ], [ 720000.0, 6177500.0 ] ] ] } },
{ "type": "Feature", "properties": { "Shape_Area": 30000.0, "Shape_Leng": 800.0, "cluster_id": "101_132", "fid_1": 132.0, "id_munic": 132.0, "munic_clus": "101_132", "munic_code": 101.0, "min": 3.3978676795959473, "max": 3.3978676795959473, "mean": 3.3978678385416665, "count": 3, "std": 1.5894571925301193e-07, "range": 0.0 }, "geometry": { "type": "Polygon", "coordinates": [ [ [ 719600.0, 6177600.0 ], [ 719700.0, 6177600.0 ], [ 719800.0, 6177600.0 ], [ 719900.0, 6177600.0 ], [ 719900.0, 6177500.0 ], [ 719800.0, 6177500.0 ], [ 719700.0, 6177500.0 ], [ 719600.0, 6177500.0 ], [ 719600.0, 6177600.0 ] ] ] } },
{ "type": "Feature", "properties": { "Shape_Area": 50000.0, "Shape_Leng": 1000.0, "cluster_id": "101_133", "fid_1": 133.0, "id_munic": 133.0, "munic_clus": "101_133", "munic_code": 101.0, "min": 2.2227592468261719, "max": 2.2227592468261719, "mean": 2.2227592468261719, "count": 5, "std": 0.0, "range": 0.0 }, "geometry": { "type": "Polygon", "coordinates": [ [ [ 722600.0, 6174200.0 ], [ 722500.0, 6174200.0 ], [ 722500.0, 6174300.0 ], [ 722500.0, 6174400.0 ], [ 722600.0, 6174400.0 ], [ 722700.0, 6174400.0 ], [ 722700.0, 6174300.0 ], [ 722800.0, 6174300.0 ], [ 722800.0, 6174200.0 ], [ 722700.0, 6174200.0 ], [ 722600.0, 6174200.0 ] ] ] } },
{ "type": "Feature", "properties": { "Shape_Area": 30000.0, "Shape_Leng": 800.0, "cluster_id": "101_134", "fid_1": 134.0, "id_munic": 134.0, "munic_clus": "101_134", "munic_code": 101.0, "min": 3.13295578956604, "max": 3.13295578956604, "mean": 3.1329558690388999, "count": 3, "std": 7.947285984855057e-08, "range": 0.0 }, "geometry": { "type": "Polygon", "coordinates": [ [ [ 720200.0, 6177600.0 ], [ 720200.0, 6177700.0 ], [ 720300.0, 6177700.0 ], [ 720300.0, 6177600.0 ], [ 720400.0, 6177600.0 ], [ 720400.0, 6177500.0 ], [ 720300.0, 6177500.0 ], [ 720200.0, 6177500.0 ], [ 720200.0, 6177600.0 ] ] ] } },
{ "type": "Feature", "properties": { "Shape_Area": 40000.0, "Shape_Leng": 1000.0, "cluster_id": "101_135", "fid_1": 135.0, "id_munic": 135.0, "munic_clus": "101_135", "munic_code": 101.0, "min": 3.126624584197998, "max": 3.126624584197998, "mean": 3.126624584197998, "count": 4, "std": 0.0, "range": 0.0 }, "geometry": { "type": "Polygon", "coordinates": [ [ [ 720000.0, 6177700.0 ], [ 720000.0, 6177800.0 ], [ 720100.0, 6177800.0 ], [ 720100.0, 6177700.0 ], [ 720200.0, 6177700.0 ], [ 720200.0, 6177600.0 ], [ 720100.0, 6177600.0 ], [ 720000.0, 6177600.0 ], [ 719900.0, 6177600.0 ], [ 719900.0, 6177700.0 ], [ 720000.0, 6177700.0 ] ] ] } },
{ "type": "Feature", "properties": { "Shape_Area": 40000.0, "Shape_Leng": 1000.0, "cluster_id": "101_136", "fid_1": 136.0, "id_munic": 136.0, "munic_clus": "101_136", "munic_code": 101.0, "min": 3.0091643333435059, "max": 3.0091643333435059, "mean": 3.0091643333435059, "count": 4, "std": 0.0, "range": 0.0 }, "geometry": { "type": "Polygon", "coordinates": [ [ [ 720400.0, 6177700.0 ], [ 720400.0, 6177800.0 ], [ 720500.0, 6177800.0 ], [ 720500.0, 6177700.0 ], [ 720600.0, 6177700.0 ], [ 720600.0, 6177600.0 ], [ 720500.0, 6177600.0 ], [ 720400.0, 6177600.0 ], [ 720300.0, 6177600.0 ], [ 720300.0, 6177700.0 ], [ 720400.0, 6177700.0 ] ] ] } },
{ "type": "Feature", "properties": { "Shape_Area": 10000.0, "Shape_Leng": 400.0, "cluster_id": "101_137", "fid_1": 137.0, "id_munic": 137.0, "munic_clus": "101_137", "munic_code": 101.0, "min": 3.5521492958068848, "max": 3.5521492958068848, "mean": 3.5521492958068848, "count": 1, "std": 0.0, "range": 0.0 }, "geometry": { "type": "Polygon", "coordinates": [ [ [ 724900.0, 6177500.0 ], [ 724900.0, 6177600.0 ], [ 725000.0, 6177600.0 ], [ 725000.0, 6177500.0 ], [ 724900.0, 6177500.0 ] ] ] } },
{ "type": "Feature", "properties": { "Shape_Area": 20000.0, "Shape_Leng": 600.0, "cluster_id": "101_138", "fid_1": 138.0, "id_munic": 138.0, "munic_clus": "101_138", "munic_code": 101.0, "min": 2.4218595027923584, "max": 2.4218595027923584, "mean": 2.4218595027923584, "count": 2, "std": 0.0, "range": 0.0 }, "geometry": { "type": "Polygon", "coordinates": [ [ [ 724900.0, 6178000.0 ], [ 725000.0, 6178000.0 ], [ 725100.0, 6178000.0 ], [ 725100.0, 6177900.0 ], [ 725000.0, 6177900.0 ], [ 724900.0, 6177900.0 ], [ 724900.0, 6178000.0 ] ] ] } },
{ "type": "Feature", "properties": { "Shape_Area": 10000.0, "Shape_Leng": 400.0, "cluster_id": "101_139", "fid_1": 139.0, "id_munic": 139.0, "munic_clus": "101_139", "munic_code": 101.0, "min": 2.3833725452423096, "max": 2.3833725452423096, "mean": 2.3833725452423096, "count": 1, "std": 0.0, "range": 0.0 }, "geometry": { "type": "Polygon", "coordinates": [ [ [ 724200.0, 6176900.0 ], [ 724200.0, 6177000.0 ], [ 724300.0, 6177000.0 ], [ 724300.0, 6176900.0 ], [ 724200.0, 6176900.0 ] ] ] } },
{ "type": "Feature", "properties": { "Shape_Area": 20000.0, "Shape_Leng": 600.0, "cluster_id": "101_140", "fid_1": 140.0, "id_munic": 140.0, "munic_clus": "101_140", "munic_code": 101.0, "min": 3.1617798805236816, "max": 3.1617798805236816, "mean": 3.1617798805236816, "count": 2, "std": 0.0, "range": 0.0 }, "geometry": { "type": "Polygon", "coordinates": [ [ [ 721900.0, 6180100.0 ], [ 722000.0, 6180100.0 ], [ 722100.0, 6180100.0 ], [ 722100.0, 6180000.0 ], [ 722000.0, 6180000.0 ], [ 721900.0, 6180000.0 ], [ 721900.0, 6180100.0 ] ] ] } },
{ "type": "Feature", "properties": { "Shape_Area": 10000.0, "Shape_Leng": 400.0, "cluster_id": "101_141", "fid_1": 141.0, "id_munic": 141.0, "munic_clus": "101_141", "munic_code": 101.0, "min": 2.5163283348083496, "max": 2.5163283348083496, "mean": 2.5163283348083496, "count": 1, "std": 0.0, "range": 0.0 }, "geometry": { "type": "Polygon", "coordinates": [ [ [ 724500.0, 6177200.0 ], [ 724500.0, 6177300.0 ], [ 724600.0, 6177300.0 ], [ 724600.0, 6177200.0 ], [ 724500.0, 6177200.0 ] ] ] } },
{ "type": "Feature", "properties": { "Shape_Area": 10000.0, "Shape_Leng": 400.0, "cluster_id": "101_142", "fid_1": 142.0, "id_munic": 142.0, "munic_clus": "101_142", "munic_code": 101.0, "min": 3.1414535045623779, "max": 3.1414535045623779, "mean": 3.1414535045623779, "count": 1, "std": 0.0, "range": 0.0 }, "geometry": { "type": "Polygon", "coordinates": [ [ [ 724400.0, 6177300.0 ], [ 724400.0, 6177400.0 ], [ 724500.0, 6177400.0 ], [ 724500.0, 6177300.0 ], [ 724400.0, 6177300.0 ] ] ] } },
{ "type": "Feature", "properties": { "Shape_Area": 10000.0, "Shape_Leng": 400.0, "cluster_id": "101_143", "fid_1": 143.0, "id_munic": 143.0, "munic_clus": "101_143", "munic_code": 101.0, "min": 3.0258247852325439, "max": 3.0258247852325439, "mean": 3.0258247852325439, "count": 1, "std": 0.0, "range": 0.0 }, "geometry": { "type": "Polygon", "coordinates": [ [ [ 724500.0, 6177300.0 ], [ 724500.0, 6177400.0 ], [ 724600.0, 6177400.0 ], [ 724600.0, 6177300.0 ], [ 724500.0, 6177300.0 ] ] ] } },
{ "type": "Feature", "properties": { "Shape_Area": 80000.0, "Shape_Leng": 1400.0, "cluster_id": "101_144", "fid_1": 144.0, "id_munic": 144.0, "munic_clus": "101_144", "munic_code": 101.0, "min": 2.4843387603759766, "max": 2.4843387603759766, "mean": 2.4843387603759766, "count": 8, "std": 0.0, "range": 0.0 }, "geometry": { "type": "Polygon", "coordinates": [ [ [ 724300.0, 6176900.0 ], [ 724300.0, 6177000.0 ], [ 724200.0, 6177000.0 ], [ 724200.0, 6177100.0 ], [ 724300.0, 6177100.0 ], [ 724300.0, 6177200.0 ], [ 724300.0, 6177300.0 ], [ 724400.0, 6177300.0 ], [ 724500.0, 6177300.0 ], [ 724500.0, 6177200.0 ], [ 724500.0, 6177100.0 ], [ 724500.0, 6177000.0 ], [ 724400.0, 6177000.0 ], [ 724400.0, 6176900.0 ], [ 724300.0, 6176900.0 ] ] ] } },
{ "type": "Feature", "properties": { "Shape_Area": 10000.0, "Shape_Leng": 400.0, "cluster_id": "101_145", "fid_1": 145.0, "id_munic": 145.0, "munic_clus": "101_145", "munic_code": 101.0, "min": 2.8908703327178955, "max": 2.8908703327178955, "mean": 2.8908703327178955, "count": 1, "std": 0.0, "range": 0.0 }, "geometry": { "type": "Polygon", "coordinates": [ [ [ 722900.0, 6174800.0 ], [ 722900.0, 6174900.0 ], [ 723000.0, 6174900.0 ], [ 723000.0, 6174800.0 ], [ 722900.0, 6174800.0 ] ] ] } },
{ "type": "Feature", "properties": { "Shape_Area": 20000.0, "Shape_Leng": 600.0, "cluster_id": "101_146", "fid_1": 146.0, "id_munic": 146.0, "munic_clus": "101_146", "munic_code": 101.0, "min": 2.8892035484313965, "max": 2.8892035484313965, "mean": 2.8892035484313965, "count": 2, "std": 0.0, "range": 0.0 }, "geometry": { "type": "Polygon", "coordinates": [ [ [ 723400.0, 6175100.0 ], [ 723500.0, 6175100.0 ], [ 723600.0, 6175100.0 ], [ 723600.0, 6175000.0 ], [ 723500.0, 6175000.0 ], [ 723400.0, 6175000.0 ], [ 723400.0, 6175100.0 ] ] ] } },
{ "type": "Feature", "properties": { "Shape_Area": 60000.0, "Shape_Leng": 1000.0, "cluster_id": "101_147", "fid_1": 147.0, "id_munic": 147.0, "munic_clus": "101_147", "munic_code": 101.0, "min": 2.8412199020385742, "max": 2.8412199020385742, "mean": 2.8412199020385742, "count": 6, "std": 0.0, "range": 0.0 }, "geometry": { "type": "Polygon", "coordinates": [ [ [ 723300.0, 6175300.0 ], [ 723300.0, 6175400.0 ], [ 723400.0, 6175400.0 ], [ 723500.0, 6175400.0 ], [ 723500.0, 6175300.0 ], [ 723500.0, 6175200.0 ], [ 723500.0, 6175100.0 ], [ 723400.0, 6175100.0 ], [ 723300.0, 6175100.0 ], [ 723300.0, 6175200.0 ], [ 723300.0, 6175300.0 ] ] ] } },
{ "type": "Feature", "properties": { "Shape_Area": 10000.0, "Shape_Leng": 400.0, "cluster_id": "101_148", "fid_1": 148.0, "id_munic": 148.0, "munic_clus": "101_148", "munic_code": 101.0, "min": 2.7552487850189209, "max": 2.7552487850189209, "mean": 2.7552487850189209, "count": 1, "std": 0.0, "range": 0.0 }, "geometry": { "type": "Polygon", "coordinates": [ [ [ 723000.0, 6174800.0 ], [ 723000.0, 6174900.0 ], [ 723100.0, 6174900.0 ], [ 723100.0, 6174800.0 ], [ 723000.0, 6174800.0 ] ] ] } },
{ "type": "Feature", "properties": { "Shape_Area": 20000.0, "Shape_Leng": 600.0, "cluster_id": "101_149", "fid_1": 149.0, "id_munic": 149.0, "munic_clus": "101_149", "munic_code": 101.0, "min": 3.2032661437988281, "max": 3.2032661437988281, "mean": 3.2032661437988281, "count": 2, "std": 0.0, "range": 0.0 }, "geometry": { "type": "Polygon", "coordinates": [ [ [ 723100.0, 6174900.0 ], [ 723100.0, 6175000.0 ], [ 723200.0, 6175000.0 ], [ 723200.0, 6174900.0 ], [ 723200.0, 6174800.0 ], [ 723100.0, 6174800.0 ], [ 723100.0, 6174900.0 ] ] ] } },
{ "type": "Feature", "properties": { "Shape_Area": 20000.0, "Shape_Leng": 600.0, "cluster_id": "101_150", "fid_1": 150.0, "id_munic": 150.0, "munic_clus": "101_150", "munic_code": 101.0, "min": 3.1696105003356934, "max": 3.1696105003356934, "mean": 3.1696105003356934, "count": 2, "std": 0.0, "range": 0.0 }, "geometry": { "type": "Polygon", "coordinates": [ [ [ 722900.0, 6175000.0 ], [ 723000.0, 6175000.0 ], [ 723100.0, 6175000.0 ], [ 723100.0, 6174900.0 ], [ 723000.0, 6174900.0 ], [ 722900.0, 6174900.0 ], [ 722900.0, 6175000.0 ] ] ] } },
{ "type": "Feature", "properties": { "Shape_Area": 90000.0, "Shape_Leng": 1800.0, "cluster_id": "101_151", "fid_1": 151.0, "id_munic": 151.0, "munic_clus": "101_151", "munic_code": 101.0, "min": 3.4148616790771484, "max": 3.4148616790771484, "mean": 3.4148616790771484, "count": 9, "std": 0.0, "range": 0.0 }, "geometry": { "type": "Polygon", "coordinates": [ [ [ 721700.0, 6174100.0 ], [ 721600.0, 6174100.0 ], [ 721500.0, 6174100.0 ], [ 721500.0, 6174200.0 ], [ 721400.0, 6174200.0 ], [ 721300.0, 6174200.0 ], [ 721300.0, 6174300.0 ], [ 721400.0, 6174300.0 ], [ 721500.0, 6174300.0 ], [ 721600.0, 6174300.0 ], [ 721700.0, 6174300.0 ], [ 721800.0, 6174300.0 ], [ 721900.0, 6174300.0 ], [ 722000.0, 6174300.0 ], [ 722000.0, 6174200.0 ], [ 721900.0, 6174200.0 ], [ 721800.0, 6174200.0 ], [ 721700.0, 6174200.0 ], [ 721700.0, 6174100.0 ] ] ] } },
{ "type": "Feature", "properties": { "Shape_Area": 300000.0, "Shape_Leng": 2400.0, "cluster_id": "101_152", "fid_1": 152.0, "id_munic": 152.0, "munic_clus": "101_152", "munic_code": 101.0, "min": 3.2510833740234375, "max": 3.2510833740234375, "mean": 3.2510833740234375, "count": 30, "std": 0.0, "range": 0.0 }, "geometry": { "type": "Polygon", "coordinates": [ [ [ 721500.0, 6174300.0 ], [ 721500.0, 6174400.0 ], [ 721500.0, 6174500.0 ], [ 721500.0, 6174600.0 ], [ 721600.0, 6174600.0 ], [ 721700.0, 6174600.0 ], [ 721700.0, 6174700.0 ], [ 721800.0, 6174700.0 ], [ 721900.0, 6174700.0 ], [ 722000.0, 6174700.0 ], [ 722100.0, 6174700.0 ], [ 722200.0, 6174700.0 ], [ 722300.0, 6174700.0 ], [ 722300.0, 6174600.0 ], [ 722300.0, 6174500.0 ], [ 722300.0, 6174400.0 ], [ 722300.0, 6174300.0 ], [ 722200.0, 6174300.0 ], [ 722100.0, 6174300.0 ], [ 722000.0, 6174300.0 ], [ 721900.0, 6174300.0 ], [ 721800.0, 6174300.0 ], [ 721700.0, 6174300.0 ], [ 721600.0, 6174300.0 ], [ 721500.0, 6174300.0 ] ] ] } },
{ "type": "Feature", "properties": { "Shape_Area": 10000.0, "Shape_Leng": 400.0, "cluster_id": "101_153", "fid_1": 153.0, "id_munic": 153.0, "munic_clus": "101_153", "munic_code": 101.0, "min": 3.5476517677307129, "max": 3.5476517677307129, "mean": 3.5476517677307129, "count": 1, "std": 0.0, "range": 0.0 }, "geometry": { "type": "Polygon", "coordinates": [ [ [ 723500.0, 6175100.0 ], [ 723500.0, 6175200.0 ], [ 723600.0, 6175200.0 ], [ 723600.0, 6175100.0 ], [ 723500.0, 6175100.0 ] ] ] } },
{ "type": "Feature", "properties": { "Shape_Area": 20000.0, "Shape_Leng": 600.0, "cluster_id": "101_154", "fid_1": 154.0, "id_munic": 154.0, "munic_clus": "101_154", "munic_code": 101.0, "min": 2.7199270725250244, "max": 2.7199270725250244, "mean": 2.7199270725250244, "count": 2, "std": 0.0, "range": 0.0 }, "geometry": { "type": "Polygon", "coordinates": [ [ [ 723300.0, 6175000.0 ], [ 723300.0, 6175100.0 ], [ 723400.0, 6175100.0 ], [ 723400.0, 6175000.0 ], [ 723400.0, 6174900.0 ], [ 723300.0, 6174900.0 ], [ 723300.0, 6175000.0 ] ] ] } },
{ "type": "Feature", "properties": { "Shape_Area": 10000.0, "Shape_Leng": 400.0, "cluster_id": "101_155", "fid_1": 155.0, "id_munic": 155.0, "munic_clus": "101_155", "munic_code": 101.0, "min": 3.7245922088623047, "max": 3.7245922088623047, "mean": 3.7245922088623047, "count": 1, "std": 0.0, "range": 0.0 }, "geometry": { "type": "Polygon", "coordinates": [ [ [ 723200.0, 6174900.0 ], [ 723200.0, 6175000.0 ], [ 723300.0, 6175000.0 ], [ 723300.0, 6174900.0 ], [ 723200.0, 6174900.0 ] ] ] } },
{ "type": "Feature", "properties": { "Shape_Area": 10000.0, "Shape_Leng": 400.0, "cluster_id": "101_156", "fid_1": 156.0, "id_munic": 156.0, "munic_clus": "101_156", "munic_code": 101.0, "min": 3.1859383583068848, "max": 3.1859383583068848, "mean": 3.1859383583068848, "count": 1, "std": 0.0, "range": 0.0 }, "geometry": { "type": "Polygon", "coordinates": [ [ [ 723600.0, 6175100.0 ], [ 723600.0, 6175200.0 ], [ 723700.0, 6175200.0 ], [ 723700.0, 6175100.0 ], [ 723600.0, 6175100.0 ] ] ] } },
{ "type": "Feature", "properties": { "Shape_Area": 20000.0, "Shape_Leng": 600.0, "cluster_id": "101_157", "fid_1": 157.0, "id_munic": 157.0, "munic_clus": "101_157", "munic_code": 101.0, "min": 3.5413200855255127, "max": 3.5413200855255127, "mean": 3.5413200855255127, "count": 2, "std": 0.0, "range": 0.0 }, "geometry": { "type": "Polygon", "coordinates": [ [ [ 723500.0, 6175300.0 ], [ 723500.0, 6175400.0 ], [ 723600.0, 6175400.0 ], [ 723600.0, 6175300.0 ], [ 723600.0, 6175200.0 ], [ 723500.0, 6175200.0 ], [ 723500.0, 6175300.0 ] ] ] } },
{ "type": "Feature", "properties": { "Shape_Area": 10000.0, "Shape_Leng": 400.0, "cluster_id": "101_158", "fid_1": 158.0, "id_munic": 158.0, "munic_clus": "101_158", "munic_code": 101.0, "min": 2.6351215839385986, "max": 2.6351215839385986, "mean": 2.6351215839385986, "count": 1, "std": 0.0, "range": 0.0 }, "geometry": { "type": "Polygon", "coordinates": [ [ [ 723000.0, 6175000.0 ], [ 723000.0, 6175100.0 ], [ 723100.0, 6175100.0 ], [ 723100.0, 6175000.0 ], [ 723000.0, 6175000.0 ] ] ] } },
{ "type": "Feature", "properties": { "Shape_Area": 10000.0, "Shape_Leng": 400.0, "cluster_id": "101_159", "fid_1": 159.0, "id_munic": 159.0, "munic_clus": "101_159", "munic_code": 101.0, "min": 2.9098637104034424, "max": 2.9098637104034424, "mean": 2.9098637104034424, "count": 1, "std": 0.0, "range": 0.0 }, "geometry": { "type": "Polygon", "coordinates": [ [ [ 723100.0, 6175000.0 ], [ 723100.0, 6175100.0 ], [ 723200.0, 6175100.0 ], [ 723200.0, 6175000.0 ], [ 723100.0, 6175000.0 ] ] ] } },
{ "type": "Feature", "properties": { "Shape_Area": 20000.0, "Shape_Leng": 600.0, "cluster_id": "101_160", "fid_1": 160.0, "id_munic": 160.0, "munic_clus": "101_160", "munic_code": 101.0, "min": 3.0076644420623779, "max": 3.0076644420623779, "mean": 3.0076644420623779, "count": 2, "std": 0.0, "range": 0.0 }, "geometry": { "type": "Polygon", "coordinates": [ [ [ 723000.0, 6175200.0 ], [ 723000.0, 6175300.0 ], [ 723100.0, 6175300.0 ], [ 723100.0, 6175200.0 ], [ 723100.0, 6175100.0 ], [ 723000.0, 6175100.0 ], [ 723000.0, 6175200.0 ] ] ] } },
{ "type": "Feature", "properties": { "Shape_Area": 20000.0, "Shape_Leng": 600.0, "cluster_id": "101_161", "fid_1": 161.0, "id_munic": 161.0, "munic_clus": "101_161", "munic_code": 101.0, "min": 3.227590799331665, "max": 3.227590799331665, "mean": 3.227590799331665, "count": 2, "std": 0.0, "range": 0.0 }, "geometry": { "type": "Polygon", "coordinates": [ [ [ 723200.0, 6175300.0 ], [ 723200.0, 6175400.0 ], [ 723300.0, 6175400.0 ], [ 723300.0, 6175300.0 ], [ 723300.0, 6175200.0 ], [ 723200.0, 6175200.0 ], [ 723200.0, 6175300.0 ] ] ] } },
{ "type": "Feature", "properties": { "Shape_Area": 20000.0, "Shape_Leng": 600.0, "cluster_id": "101_162", "fid_1": 162.0, "id_munic": 162.0, "munic_clus": "101_162", "munic_code": 101.0, "min": 3.2692441940307617, "max": 3.2692441940307617, "mean": 3.2692441940307617, "count": 2, "std": 0.0, "range": 0.0 }, "geometry": { "type": "Polygon", "coordinates": [ [ [ 723200.0, 6175100.0 ], [ 723200.0, 6175200.0 ], [ 723300.0, 6175200.0 ], [ 723300.0, 6175100.0 ], [ 723300.0, 6175000.0 ], [ 723200.0, 6175000.0 ], [ 723200.0, 6175100.0 ] ] ] } },
{ "type": "Feature", "properties": { "Shape_Area": 20000.0, "Shape_Leng": 600.0, "cluster_id": "101_163", "fid_1": 163.0, "id_munic": 163.0, "munic_clus": "101_163", "munic_code": 101.0, "min": 3.6246259212493896, "max": 3.6246259212493896, "mean": 3.6246259212493896, "count": 2, "std": 0.0, "range": 0.0 }, "geometry": { "type": "Polygon", "coordinates": [ [ [ 723100.0, 6175200.0 ], [ 723100.0, 6175300.0 ], [ 723200.0, 6175300.0 ], [ 723200.0, 6175200.0 ], [ 723200.0, 6175100.0 ], [ 723100.0, 6175100.0 ], [ 723100.0, 6175200.0 ] ] ] } },
{ "type": "Feature", "properties": { "Shape_Area": 30000.0, "Shape_Leng": 800.0, "cluster_id": "101_164", "fid_1": 164.0, "id_munic": 164.0, "munic_clus": "101_164", "munic_code": 101.0, "min": 3.5849716663360596, "max": 3.5849716663360596, "mean": 3.5849717458089194, "count": 3, "std": 7.947285984855057e-08, "range": 0.0 }, "geometry": { "type": "Polygon", "coordinates": [ [ [ 723600.0, 6177300.0 ], [ 723700.0, 6177300.0 ], [ 723700.0, 6177400.0 ], [ 723800.0, 6177400.0 ], [ 723800.0, 6177300.0 ], [ 723800.0, 6177200.0 ], [ 723700.0, 6177200.0 ], [ 723600.0, 6177200.0 ], [ 723600.0, 6177300.0 ] ] ] } },
{ "type": "Feature", "properties": { "Shape_Area": 10000.0, "Shape_Leng": 400.0, "cluster_id": "101_165", "fid_1": 165.0, "id_munic": 165.0, "munic_clus": "101_165", "munic_code": 101.0, "min": 2.8415529727935791, "max": 2.8415529727935791, "mean": 2.8415529727935791, "count": 1, "std": 0.0, "range": 0.0 }, "geometry": { "type": "Polygon", "coordinates": [ [ [ 723200.0, 6178100.0 ], [ 723200.0, 6178200.0 ], [ 723300.0, 6178200.0 ], [ 723300.0, 6178100.0 ], [ 723200.0, 6178100.0 ] ] ] } },
{ "type": "Feature", "properties": { "Shape_Area": 10000.0, "Shape_Leng": 400.0, "cluster_id": "101_166", "fid_1": 166.0, "id_munic": 166.0, "munic_clus": "101_166", "munic_code": 101.0, "min": 3.4600136280059814, "max": 3.4600136280059814, "mean": 3.4600136280059814, "count": 1, "std": 0.0, "range": 0.0 }, "geometry": { "type": "Polygon", "coordinates": [ [ [ 723300.0, 6178200.0 ], [ 723300.0, 6178300.0 ], [ 723400.0, 6178300.0 ], [ 723400.0, 6178200.0 ], [ 723300.0, 6178200.0 ] ] ] } },
{ "type": "Feature", "properties": { "Shape_Area": 40000.0, "Shape_Leng": 1000.0, "cluster_id": "101_167", "fid_1": 167.0, "id_munic": 167.0, "munic_clus": "101_167", "munic_code": 101.0, "min": 2.9085309505462646, "max": 2.9085309505462646, "mean": 2.9085309505462646, "count": 4, "std": 0.0, "range": 0.0 }, "geometry": { "type": "Polygon", "coordinates": [ [ [ 723600.0, 6177200.0 ], [ 723500.0, 6177200.0 ], [ 723500.0, 6177300.0 ], [ 723400.0, 6177300.0 ], [ 723400.0, 6177400.0 ], [ 723500.0, 6177400.0 ], [ 723500.0, 6177500.0 ], [ 723600.0, 6177500.0 ], [ 723600.0, 6177400.0 ], [ 723600.0, 6177300.0 ], [ 723600.0, 6177200.0 ] ] ] } },
{ "type": "Feature", "properties": { "Shape_Area": 20000.0, "Shape_Leng": 600.0, "cluster_id": "101_168", "fid_1": 168.0, "id_munic": 168.0, "munic_clus": "101_168", "munic_code": 101.0, "min": 3.8387207984924316, "max": 3.8387207984924316, "mean": 3.8387207984924316, "count": 2, "std": 0.0, "range": 0.0 }, "geometry": { "type": "Polygon", "coordinates": [ [ [ 723600.0, 6177400.0 ], [ 723600.0, 6177500.0 ], [ 723700.0, 6177500.0 ], [ 723700.0, 6177400.0 ], [ 723700.0, 6177300.0 ], [ 723600.0, 6177300.0 ], [ 723600.0, 6177400.0 ] ] ] } },
{ "type": "Feature", "properties": { "Shape_Area": 30000.0, "Shape_Leng": 800.0, "cluster_id": "101_169", "fid_1": 169.0, "id_munic": 169.0, "munic_clus": "101_169", "munic_code": 101.0, "min": 3.3207266330718994, "max": 3.3207266330718994, "mean": 3.3207267125447593, "count": 3, "std": 7.947285984855057e-08, "range": 0.0 }, "geometry": { "type": "Polygon", "coordinates": [ [ [ 723200.0, 6177800.0 ], [ 723100.0, 6177800.0 ], [ 723100.0, 6177900.0 ], [ 723200.0, 6177900.0 ], [ 723300.0, 6177900.0 ], [ 723300.0, 6177800.0 ], [ 723300.0, 6177700.0 ], [ 723200.0, 6177700.0 ], [ 723200.0, 6177800.0 ] ] ] } },
{ "type": "Feature", "properties": { "Shape_Area": 10000.0, "Shape_Leng": 400.0, "cluster_id": "101_170", "fid_1": 170.0, "id_munic": 170.0, "munic_clus": "101_170", "munic_code": 101.0, "min": 2.6784408092498779, "max": 2.6784408092498779, "mean": 2.6784408092498779, "count": 1, "std": 0.0, "range": 0.0 }, "geometry": { "type": "Polygon", "coordinates": [ [ [ 723300.0, 6177800.0 ], [ 723300.0, 6177900.0 ], [ 723400.0, 6177900.0 ], [ 723400.0, 6177800.0 ], [ 723300.0, 6177800.0 ] ] ] } },
{ "type": "Feature", "properties": { "Shape_Area": 10000.0, "Shape_Leng": 400.0, "cluster_id": "101_171", "fid_1": 171.0, "id_munic": 171.0, "munic_clus": "101_171", "munic_code": 101.0, "min": 4.0254921913146973, "max": 4.0254921913146973, "mean": 4.0254921913146973, "count": 1, "std": 0.0, "range": 0.0 }, "geometry": { "type": "Polygon", "coordinates": [ [ [ 723400.0, 6177900.0 ], [ 723400.0, 6178000.0 ], [ 723500.0, 6178000.0 ], [ 723500.0, 6177900.0 ], [ 723400.0, 6177900.0 ] ] ] } },
{ "type": "Feature", "properties": { "Shape_Area": 10000.0, "Shape_Leng": 400.0, "cluster_id": "101_172", "fid_1": 172.0, "id_munic": 172.0, "munic_clus": "101_172", "munic_code": 101.0, "min": 3.0483174324035645, "max": 3.0483174324035645, "mean": 3.0483174324035645, "count": 1, "std": 0.0, "range": 0.0 }, "geometry": { "type": "Polygon", "coordinates": [ [ [ 723500.0, 6178000.0 ], [ 723500.0, 6178100.0 ], [ 723600.0, 6178100.0 ], [ 723600.0, 6178000.0 ], [ 723500.0, 6178000.0 ] ] ] } },
{ "type": "Feature", "properties": { "Shape_Area": 90000.0, "Shape_Leng": 1600.0, "cluster_id": "101_173", "fid_1": 173.0, "id_munic": 173.0, "munic_clus": "101_173", "munic_code": 101.0, "min": 2.4978346824645996, "max": 2.4978346824645996, "mean": 2.4978349473741321, "count": 9, "std": 2.6490953253244243e-07, "range": 0.0 }, "geometry": { "type": "Polygon", "coordinates": [ [ [ 723500.0, 6177800.0 ], [ 723500.0, 6177900.0 ], [ 723500.0, 6178000.0 ], [ 723600.0, 6178000.0 ], [ 723600.0, 6177900.0 ], [ 723700.0, 6177900.0 ], [ 723700.0, 6177800.0 ], [ 723800.0, 6177800.0 ], [ 723800.0, 6177700.0 ], [ 723700.0, 6177700.0 ], [ 723700.0, 6177600.0 ], [ 723600.0, 6177600.0 ], [ 723600.0, 6177500.0 ], [ 723500.0, 6177500.0 ], [ 723500.0, 6177600.0 ], [ 723500.0, 6177700.0 ], [ 723500.0, 6177800.0 ] ] ] } },
{ "type": "Feature", "properties": { "Shape_Area": 30000.0, "Shape_Leng": 800.0, "cluster_id": "101_174", "fid_1": 174.0, "id_munic": 174.0, "munic_clus": "101_174", "munic_code": 101.0, "min": 3.0696439743041992, "max": 3.0696439743041992, "mean": 3.0696439743041992, "count": 3, "std": 0.0, "range": 0.0 }, "geometry": { "type": "Polygon", "coordinates": [ [ [ 723600.0, 6177600.0 ], [ 723700.0, 6177600.0 ], [ 723700.0, 6177700.0 ], [ 723800.0, 6177700.0 ], [ 723800.0, 6177600.0 ], [ 723800.0, 6177500.0 ], [ 723700.0, 6177500.0 ], [ 723600.0, 6177500.0 ], [ 723600.0, 6177600.0 ] ] ] } },
{ "type": "Feature", "properties": { "Shape_Area": 30000.0, "Shape_Leng": 800.0, "cluster_id": "101_175", "fid_1": 175.0, "id_munic": 175.0, "munic_clus": "101_175", "munic_code": 101.0, "min": 2.939021110534668, "max": 2.939021110534668, "mean": 2.939021110534668, "count": 3, "std": 0.0, "range": 0.0 }, "geometry": { "type": "Polygon", "coordinates": [ [ [ 723100.0, 6178000.0 ], [ 723200.0, 6178000.0 ], [ 723200.0, 6178100.0 ], [ 723300.0, 6178100.0 ], [ 723300.0, 6178000.0 ], [ 723300.0, 6177900.0 ], [ 723200.0, 6177900.0 ], [ 723100.0, 6177900.0 ], [ 723100.0, 6178000.0 ] ] ] } },
{ "type": "Feature", "properties": { "Shape_Area": 20000.0, "Shape_Leng": 600.0, "cluster_id": "101_176", "fid_1": 176.0, "id_munic": 176.0, "munic_clus": "101_176", "munic_code": 101.0, "min": 3.1342887878417969, "max": 3.1342887878417969, "mean": 3.1342887878417969, "count": 2, "std": 0.0, "range": 0.0 }, "geometry": { "type": "Polygon", "coordinates": [ [ [ 723300.0, 6178000.0 ], [ 723300.0, 6178100.0 ], [ 723400.0, 6178100.0 ], [ 723400.0, 6178000.0 ], [ 723400.0, 6177900.0 ], [ 723300.0, 6177900.0 ], [ 723300.0, 6178000.0 ] ] ] } },
{ "type": "Feature", "properties": { "Shape_Area": 30000.0, "Shape_Leng": 800.0, "cluster_id": "101_177", "fid_1": 177.0, "id_munic": 177.0, "munic_clus": "101_177", "munic_code": 101.0, "min": 2.6932694911956787, "max": 2.6932694911956787, "mean": 2.6932694117228189, "count": 3, "std": 7.947285984855057e-08, "range": 0.0 }, "geometry": { "type": "Polygon", "coordinates": [ [ [ 723100.0, 6177700.0 ], [ 723100.0, 6177800.0 ], [ 723200.0, 6177800.0 ], [ 723200.0, 6177700.0 ], [ 723300.0, 6177700.0 ], [ 723300.0, 6177600.0 ], [ 723200.0, 6177600.0 ], [ 723100.0, 6177600.0 ], [ 723100.0, 6177700.0 ] ] ] } },
{ "type": "Feature", "properties": { "Shape_Area": 10000.0, "Shape_Leng": 400.0, "cluster_id": "101_178", "fid_1": 178.0, "id_munic": 178.0, "munic_clus": "101_178", "munic_code": 101.0, "min": 3.5194940567016602, "max": 3.5194940567016602, "mean": 3.5194940567016602, "count": 1, "std": 0.0, "range": 0.0 }, "geometry": { "type": "Polygon", "coordinates": [ [ [ 723300.0, 6178100.0 ], [ 723300.0, 6178200.0 ], [ 723400.0, 6178200.0 ], [ 723400.0, 6178100.0 ], [ 723300.0, 6178100.0 ] ] ] } },
{ "type": "Feature", "properties": { "Shape_Area": 10000.0, "Shape_Leng": 400.0, "cluster_id": "101_179", "fid_1": 179.0, "id_munic": 179.0, "munic_clus": "101_179", "munic_code": 101.0, "min": 2.7009332180023193, "max": 2.7009332180023193, "mean": 2.7009332180023193, "count": 1, "std": 0.0, "range": 0.0 }, "geometry": { "type": "Polygon", "coordinates": [ [ [ 723400.0, 6178000.0 ], [ 723400.0, 6178100.0 ], [ 723500.0, 6178100.0 ], [ 723500.0, 6178000.0 ], [ 723400.0, 6178000.0 ] ] ] } },
{ "type": "Feature", "properties": { "Shape_Area": 30000.0, "Shape_Leng": 800.0, "cluster_id": "101_180", "fid_1": 180.0, "id_munic": 180.0, "munic_clus": "101_180", "munic_code": 101.0, "min": 3.1619462966918945, "max": 3.1619462966918945, "mean": 3.1619462966918945, "count": 3, "std": 0.0, "range": 0.0 }, "geometry": { "type": "Polygon", "coordinates": [ [ [ 723300.0, 6177700.0 ], [ 723300.0, 6177800.0 ], [ 723400.0, 6177800.0 ], [ 723400.0, 6177700.0 ], [ 723500.0, 6177700.0 ], [ 723500.0, 6177600.0 ], [ 723400.0, 6177600.0 ], [ 723300.0, 6177600.0 ], [ 723300.0, 6177700.0 ] ] ] } },
{ "type": "Feature", "properties": { "Shape_Area": 20000.0, "Shape_Leng": 600.0, "cluster_id": "101_181", "fid_1": 181.0, "id_munic": 181.0, "munic_clus": "101_181", "munic_code": 101.0, "min": 4.3145627975463867, "max": 4.3145627975463867, "mean": 4.3145627975463867, "count": 2, "std": 0.0, "range": 0.0 }, "geometry": { "type": "Polygon", "coordinates": [ [ [ 723400.0, 6177800.0 ], [ 723400.0, 6177900.0 ], [ 723500.0, 6177900.0 ], [ 723500.0, 6177800.0 ], [ 723500.0, 6177700.0 ], [ 723400.0, 6177700.0 ], [ 723400.0, 6177800.0 ] ] ] } },
{ "type": "Feature", "properties": { "Shape_Area": 10000.0, "Shape_Leng": 400.0, "cluster_id": "101_182", "fid_1": 182.0, "id_munic": 182.0, "munic_clus": "101_182", "munic_code": 101.0, "min": 2.9170277118682861, "max": 2.9170277118682861, "mean": 2.9170277118682861, "count": 1, "std": 0.0, "range": 0.0 }, "geometry": { "type": "Polygon", "coordinates": [ [ [ 723400.0, 6177400.0 ], [ 723400.0, 6177500.0 ], [ 723500.0, 6177500.0 ], [ 723500.0, 6177400.0 ], [ 723400.0, 6177400.0 ] ] ] } },
{ "type": "Feature", "properties": { "Shape_Area": 10000.0, "Shape_Leng": 400.0, "cluster_id": "101_183", "fid_1": 183.0, "id_munic": 183.0, "munic_clus": "101_183", "munic_code": 101.0, "min": 3.2529158592224121, "max": 3.2529158592224121, "mean": 3.2529158592224121, "count": 1, "std": 0.0, "range": 0.0 }, "geometry": { "type": "Polygon", "coordinates": [ [ [ 723300.0, 6177400.0 ], [ 723300.0, 6177500.0 ], [ 723400.0, 6177500.0 ], [ 723400.0, 6177400.0 ], [ 723300.0, 6177400.0 ] ] ] } },
{ "type": "Feature", "properties": { "Shape_Area": 30000.0, "Shape_Leng": 800.0, "cluster_id": "101_184", "fid_1": 184.0, "id_munic": 184.0, "munic_clus": "101_184", "munic_code": 101.0, "min": 3.8693773746490479, "max": 3.8693773746490479, "mean": 3.8693774541219077, "count": 3, "std": 7.947285984855057e-08, "range": 0.0 }, "geometry": { "type": "Polygon", "coordinates": [ [ [ 721200.0, 6174500.0 ], [ 721200.0, 6174600.0 ], [ 721300.0, 6174600.0 ], [ 721300.0, 6174500.0 ], [ 721400.0, 6174500.0 ], [ 721400.0, 6174400.0 ], [ 721300.0, 6174400.0 ], [ 721200.0, 6174400.0 ], [ 721200.0, 6174500.0 ] ] ] } },
{ "type": "Feature", "properties": { "Shape_Area": 10000.0, "Shape_Leng": 400.0, "cluster_id": "101_185", "fid_1": 185.0, "id_munic": 185.0, "munic_clus": "101_185", "munic_code": 101.0, "min": 4.0019993782043457, "max": 4.0019993782043457, "mean": 4.0019993782043457, "count": 1, "std": 0.0, "range": 0.0 }, "geometry": { "type": "Polygon", "coordinates": [ [ [ 723400.0, 6178100.0 ], [ 723400.0, 6178200.0 ], [ 723500.0, 6178200.0 ], [ 723500.0, 6178100.0 ], [ 723400.0, 6178100.0 ] ] ] } },
{ "type": "Feature", "properties": { "Shape_Area": 20000.0, "Shape_Leng": 600.0, "cluster_id": "101_186", "fid_1": 186.0, "id_munic": 186.0, "munic_clus": "101_186", "munic_code": 101.0, "min": 2.6086311340332031, "max": 2.6086311340332031, "mean": 2.6086311340332031, "count": 2, "std": 0.0, "range": 0.0 }, "geometry": { "type": "Polygon", "coordinates": [ [ [ 723200.0, 6180600.0 ], [ 723300.0, 6180600.0 ], [ 723400.0, 6180600.0 ], [ 723400.0, 6180500.0 ], [ 723300.0, 6180500.0 ], [ 723200.0, 6180500.0 ], [ 723200.0, 6180600.0 ] ] ] } },
{ "type": "Feature", "properties": { "Shape_Area": 70000.0, "Shape_Leng": 1400.0, "cluster_id": "101_187", "fid_1": 187.0, "id_munic": 187.0, "munic_clus": "101_187", "munic_code": 101.0, "min": 3.1257920265197754, "max": 3.1257920265197754, "mean": 3.1257920946393694, "count": 7, "std": 6.8119593965576541e-08, "range": 0.0 }, "geometry": { "type": "Polygon", "coordinates": [ [ [ 723400.0, 6180700.0 ], [ 723400.0, 6180600.0 ], [ 723300.0, 6180600.0 ], [ 723200.0, 6180600.0 ], [ 723200.0, 6180700.0 ], [ 723100.0, 6180700.0 ], [ 723100.0, 6180800.0 ], [ 723100.0, 6180900.0 ], [ 723200.0, 6180900.0 ], [ 723200.0, 6181000.0 ], [ 723300.0, 6181000.0 ], [ 723300.0, 6180900.0 ], [ 723300.0, 6180800.0 ], [ 723300.0, 6180700.0 ], [ 723400.0, 6180700.0 ] ] ] } },
{ "type": "Feature", "properties": { "Shape_Area": 210000.0, "Shape_Leng": 2600.0, "cluster_id": "101_188", "fid_1": 188.0, "id_munic": 188.0, "munic_clus": "101_188", "munic_code": 101.0, "min": 3.1471178531646729, "max": 3.1471178531646729, "mean": 3.1471179780505953, "count": 21, "std": 1.2488592249226824e-07, "range": 0.0 }, "geometry": { "type": "Polygon", "coordinates": [ [ [ 722800.0, 6180800.0 ], [ 722700.0, 6180800.0 ], [ 722600.0, 6180800.0 ], [ 722600.0, 6180900.0 ], [ 722700.0, 6180900.0 ], [ 722700.0, 6181000.0 ], [ 722700.0, 6181100.0 ], [ 722800.0, 6181100.0 ], [ 722900.0, 6181100.0 ], [ 723000.0, 6181100.0 ], [ 723000.0, 6181000.0 ], [ 723100.0, 6181000.0 ], [ 723200.0, 6181000.0 ], [ 723200.0, 6180900.0 ], [ 723100.0, 6180900.0 ], [ 723100.0, 6180800.0 ], [ 723100.0, 6180700.0 ], [ 723200.0, 6180700.0 ], [ 723200.0, 6180600.0 ], [ 723200.0, 6180500.0 ], [ 723100.0, 6180500.0 ], [ 723000.0, 6180500.0 ], [ 723000.0, 6180600.0 ], [ 722900.0, 6180600.0 ], [ 722900.0, 6180700.0 ], [ 722800.0, 6180700.0 ], [ 722800.0, 6180800.0 ] ] ] } },
{ "type": "Feature", "properties": { "Shape_Area": 100000.0, "Shape_Leng": 1400.0, "cluster_id": "101_189", "fid_1": 189.0, "id_munic": 189.0, "munic_clus": "101_189", "munic_code": 101.0, "min": 2.8308899402618408, "max": 2.8308899402618408, "mean": 2.8308902740478517, "count": 10, "std": 3.3378601083100534e-07, "range": 0.0 }, "geometry": { "type": "Polygon", "coordinates": [ [ [ 718600.0, 6176900.0 ], [ 718500.0, 6176900.0 ], [ 718400.0, 6176900.0 ], [ 718300.0, 6176900.0 ], [ 718300.0, 6177000.0 ], [ 718200.0, 6177000.0 ], [ 718200.0, 6177100.0 ], [ 718200.0, 6177200.0 ], [ 718300.0, 6177200.0 ], [ 718400.0, 6177200.0 ], [ 718500.0, 6177200.0 ], [ 718500.0, 6177100.0 ], [ 718600.0, 6177100.0 ], [ 718600.0, 6177000.0 ], [ 718600.0, 6176900.0 ] ] ] } },
{ "type": "Feature", "properties": { "Shape_Area": 120000.0, "Shape_Leng": 1800.0, "cluster_id": "101_191", "fid_1": 191.0, "id_munic": 191.0, "munic_clus": "101_191", "munic_code": 101.0, "min": 2.733922004699707, "max": 2.733922004699707, "mean": 2.733922004699707, "count": 12, "std": 0.0, "range": 0.0 }, "geometry": { "type": "Polygon", "coordinates": [ [ [ 718400.0, 6176600.0 ], [ 718400.0, 6176700.0 ], [ 718300.0, 6176700.0 ], [ 718200.0, 6176700.0 ], [ 718200.0, 6176800.0 ], [ 718200.0, 6176900.0 ], [ 718200.0, 6177000.0 ], [ 718300.0, 6177000.0 ], [ 718300.0, 6176900.0 ], [ 718400.0, 6176900.0 ], [ 718500.0, 6176900.0 ], [ 718600.0, 6176900.0 ], [ 718600.0, 6176800.0 ], [ 718700.0, 6176800.0 ], [ 718700.0, 6176700.0 ], [ 718600.0, 6176700.0 ], [ 718600.0, 6176600.0 ], [ 718500.0, 6176600.0 ], [ 718400.0, 6176600.0 ] ] ] } },
{ "type": "Feature", "properties": { "Shape_Area": 60000.0, "Shape_Leng": 1200.0, "cluster_id": "101_192", "fid_1": 192.0, "id_munic": 192.0, "munic_clus": "101_192", "munic_code": 101.0, "min": 3.1384544372558594, "max": 3.1384544372558594, "mean": 3.1384544372558594, "count": 6, "std": 0.0, "range": 0.0 }, "geometry": { "type": "Polygon", "coordinates": [ [ [ 718800.0, 6175900.0 ], [ 718900.0, 6175900.0 ], [ 719000.0, 6175900.0 ], [ 719000.0, 6176000.0 ], [ 719100.0, 6176000.0 ], [ 719100.0, 6175900.0 ], [ 719100.0, 6175800.0 ], [ 719000.0, 6175800.0 ], [ 719000.0, 6175700.0 ], [ 718900.0, 6175700.0 ], [ 718800.0, 6175700.0 ], [ 718800.0, 6175800.0 ], [ 718800.0, 6175900.0 ] ] ] } },
{ "type": "Feature", "properties": { "Shape_Area": 10000.0, "Shape_Leng": 400.0, "cluster_id": "101_193", "fid_1": 193.0, "id_munic": 193.0, "munic_clus": "101_193", "munic_code": 101.0, "min": 2.5886373519897461, "max": 2.5886373519897461, "mean": 2.5886373519897461, "count": 1, "std": 0.0, "range": 0.0 }, "geometry": { "type": "Polygon", "coordinates": [ [ [ 721300.0, 6174500.0 ], [ 721300.0, 6174600.0 ], [ 721400.0, 6174600.0 ], [ 721400.0, 6174500.0 ], [ 721300.0, 6174500.0 ] ] ] } },
{ "type": "Feature", "properties": { "Shape_Area": 30000.0, "Shape_Leng": 800.0, "cluster_id": "101_194", "fid_1": 194.0, "id_munic": 194.0, "munic_clus": "101_194", "munic_code": 101.0, "min": 3.1612796783447266, "max": 3.1612796783447266, "mean": 3.1612796783447266, "count": 3, "std": 0.0, "range": 0.0 }, "geometry": { "type": "Polygon", "coordinates": [ [ [ 718500.0, 6176600.0 ], [ 718600.0, 6176600.0 ], [ 718600.0, 6176700.0 ], [ 718700.0, 6176700.0 ], [ 718700.0, 6176600.0 ], [ 718700.0, 6176500.0 ], [ 718600.0, 6176500.0 ], [ 718500.0, 6176500.0 ], [ 718500.0, 6176600.0 ] ] ] } },
{ "type": "Feature", "properties": { "Shape_Area": 10000.0, "Shape_Leng": 400.0, "cluster_id": "101_195", "fid_1": 195.0, "id_munic": 195.0, "munic_clus": "101_195", "munic_code": 101.0, "min": 3.5734760761260986, "max": 3.5734760761260986, "mean": 3.5734760761260986, "count": 1, "std": 0.0, "range": 0.0 }, "geometry": { "type": "Polygon", "coordinates": [ [ [ 718400.0, 6176500.0 ], [ 718400.0, 6176600.0 ], [ 718500.0, 6176600.0 ], [ 718500.0, 6176500.0 ], [ 718400.0, 6176500.0 ] ] ] } },
{ "type": "Feature", "properties": { "Shape_Area": 10000.0, "Shape_Leng": 400.0, "cluster_id": "101_196", "fid_1": 196.0, "id_munic": 196.0, "munic_clus": "101_196", "munic_code": 101.0, "min": 2.8753752708435059, "max": 2.8753752708435059, "mean": 2.8753752708435059, "count": 1, "std": 0.0, "range": 0.0 }, "geometry": { "type": "Polygon", "coordinates": [ [ [ 727600.0, 6173300.0 ], [ 727600.0, 6173400.0 ], [ 727700.0, 6173400.0 ], [ 727700.0, 6173300.0 ], [ 727600.0, 6173300.0 ] ] ] } },
{ "type": "Feature", "properties": { "Shape_Area": 10000.0, "Shape_Leng": 400.0, "cluster_id": "101_197", "fid_1": 197.0, "id_munic": 197.0, "munic_clus": "101_197", "munic_code": 101.0, "min": 2.9820060729980469, "max": 2.9820060729980469, "mean": 2.9820060729980469, "count": 1, "std": 0.0, "range": 0.0 }, "geometry": { "type": "Polygon", "coordinates": [ [ [ 721400.0, 6174500.0 ], [ 721400.0, 6174600.0 ], [ 721500.0, 6174600.0 ], [ 721500.0, 6174500.0 ], [ 721400.0, 6174500.0 ] ] ] } },
{ "type": "Feature", "properties": { "Shape_Area": 10000.0, "Shape_Leng": 400.0, "cluster_id": "101_198", "fid_1": 198.0, "id_munic": 198.0, "munic_clus": "101_198", "munic_code": 101.0, "min": 3.7227597236633301, "max": 3.7227597236633301, "mean": 3.7227597236633301, "count": 1, "std": 0.0, "range": 0.0 }, "geometry": { "type": "Polygon", "coordinates": [ [ [ 727200.0, 6173600.0 ], [ 727200.0, 6173700.0 ], [ 727300.0, 6173700.0 ], [ 727300.0, 6173600.0 ], [ 727200.0, 6173600.0 ] ] ] } },
{ "type": "Feature", "properties": { "Shape_Area": 20000.0, "Shape_Leng": 600.0, "cluster_id": "101_199", "fid_1": 199.0, "id_munic": 199.0, "munic_clus": "101_199", "munic_code": 101.0, "min": 2.6331226825714111, "max": 2.6331226825714111, "mean": 2.6331226825714111, "count": 2, "std": 0.0, "range": 0.0 }, "geometry": { "type": "Polygon", "coordinates": [ [ [ 727600.0, 6172100.0 ], [ 727600.0, 6172200.0 ], [ 727700.0, 6172200.0 ], [ 727700.0, 6172100.0 ], [ 727700.0, 6172000.0 ], [ 727600.0, 6172000.0 ], [ 727600.0, 6172100.0 ] ] ] } },
{ "type": "Feature", "properties": { "Shape_Area": 20000.0, "Shape_Leng": 600.0, "cluster_id": "101_200", "fid_1": 200.0, "id_munic": 200.0, "munic_clus": "101_200", "munic_code": 101.0, "min": 2.7704100608825684, "max": 2.7704100608825684, "mean": 2.7704100608825684, "count": 2, "std": 0.0, "range": 0.0 }, "geometry": { "type": "Polygon", "coordinates": [ [ [ 727600.0, 6173100.0 ], [ 727700.0, 6173100.0 ], [ 727800.0, 6173100.0 ], [ 727800.0, 6173000.0 ], [ 727700.0, 6173000.0 ], [ 727600.0, 6173000.0 ], [ 727600.0, 6173100.0 ] ] ] } },
{ "type": "Feature", "properties": { "Shape_Area": 20000.0, "Shape_Leng": 600.0, "cluster_id": "101_201", "fid_1": 201.0, "id_munic": 201.0, "munic_clus": "101_201", "munic_code": 101.0, "min": 2.7390868663787842, "max": 2.7390868663787842, "mean": 2.7390868663787842, "count": 2, "std": 0.0, "range": 0.0 }, "geometry": { "type": "Polygon", "coordinates": [ [ [ 727300.0, 6173200.0 ], [ 727400.0, 6173200.0 ], [ 727500.0, 6173200.0 ], [ 727500.0, 6173100.0 ], [ 727400.0, 6173100.0 ], [ 727300.0, 6173100.0 ], [ 727300.0, 6173200.0 ] ] ] } },
{ "type": "Feature", "properties": { "Shape_Area": 10000.0, "Shape_Leng": 400.0, "cluster_id": "101_202", "fid_1": 202.0, "id_munic": 202.0, "munic_clus": "101_202", "munic_code": 101.0, "min": 2.6416196823120117, "max": 2.6416196823120117, "mean": 2.6416196823120117, "count": 1, "std": 0.0, "range": 0.0 }, "geometry": { "type": "Polygon", "coordinates": [ [ [ 727600.0, 6173400.0 ], [ 727600.0, 6173500.0 ], [ 727700.0, 6173500.0 ], [ 727700.0, 6173400.0 ], [ 727600.0, 6173400.0 ] ] ] } },
{ "type": "Feature", "properties": { "Shape_Area": 30000.0, "Shape_Leng": 800.0, "cluster_id": "101_203", "fid_1": 203.0, "id_munic": 203.0, "munic_clus": "101_203", "munic_code": 101.0, "min": 2.7134292125701904, "max": 2.7134292125701904, "mean": 2.7134291330973306, "count": 3, "std": 7.947285984855057e-08, "range": 0.0 }, "geometry": { "type": "Polygon", "coordinates": [ [ [ 727200.0, 6173400.0 ], [ 727200.0, 6173500.0 ], [ 727300.0, 6173500.0 ], [ 727400.0, 6173500.0 ], [ 727400.0, 6173400.0 ], [ 727300.0, 6173400.0 ], [ 727300.0, 6173300.0 ], [ 727200.0, 6173300.0 ], [ 727200.0, 6173400.0 ] ] ] } },
{ "type": "Feature", "properties": { "Shape_Area": 110000.0, "Shape_Leng": 1800.0, "cluster_id": "101_204", "fid_1": 204.0, "id_munic": 204.0, "munic_clus": "101_204", "munic_code": 101.0, "min": 3.2270913124084473, "max": 3.2270913124084473, "mean": 3.2270917025479404, "count": 11, "std": 3.9013949315602758e-07, "range": 0.0 }, "geometry": { "type": "Polygon", "coordinates": [ [ [ 727900.0, 6171900.0 ], [ 727800.0, 6171900.0 ], [ 727700.0, 6171900.0 ], [ 727700.0, 6172000.0 ], [ 727700.0, 6172100.0 ], [ 727700.0, 6172200.0 ], [ 727600.0, 6172200.0 ], [ 727600.0, 6172300.0 ], [ 727700.0, 6172300.0 ], [ 727800.0, 6172300.0 ], [ 727800.0, 6172400.0 ], [ 727900.0, 6172400.0 ], [ 727900.0, 6172300.0 ], [ 727900.0, 6172200.0 ], [ 727900.0, 6172100.0 ], [ 728000.0, 6172100.0 ], [ 728000.0, 6172000.0 ], [ 727900.0, 6172000.0 ], [ 727900.0, 6171900.0 ] ] ] } },
{ "type": "Feature", "properties": { "Shape_Area": 80000.0, "Shape_Leng": 1400.0, "cluster_id": "101_205", "fid_1": 205.0, "id_munic": 205.0, "munic_clus": "101_205", "munic_code": 101.0, "min": 3.4528496265411377, "max": 3.4528496265411377, "mean": 3.4528498649597168, "count": 8, "std": 2.384185791015625e-07, "range": 0.0 }, "geometry": { "type": "Polygon", "coordinates": [ [ [ 727600.0, 6172300.0 ], [ 727500.0, 6172300.0 ], [ 727500.0, 6172400.0 ], [ 727500.0, 6172500.0 ], [ 727400.0, 6172500.0 ], [ 727400.0, 6172600.0 ], [ 727400.0, 6172700.0 ], [ 727500.0, 6172700.0 ], [ 727600.0, 6172700.0 ], [ 727600.0, 6172600.0 ], [ 727600.0, 6172500.0 ], [ 727700.0, 6172500.0 ], [ 727700.0, 6172400.0 ], [ 727700.0, 6172300.0 ], [ 727600.0, 6172300.0 ] ] ] } },
{ "type": "Feature", "properties": { "Shape_Area": 30000.0, "Shape_Leng": 800.0, "cluster_id": "101_206", "fid_1": 206.0, "id_munic": 206.0, "munic_clus": "101_206", "munic_code": 101.0, "min": 3.3050649166107178, "max": 3.3050649166107178, "mean": 3.3050648371378579, "count": 3, "std": 7.947285984855057e-08, "range": 0.0 }, "geometry": { "type": "Polygon", "coordinates": [ [ [ 727300.0, 6173100.0 ], [ 727400.0, 6173100.0 ], [ 727500.0, 6173100.0 ], [ 727600.0, 6173100.0 ], [ 727600.0, 6173000.0 ], [ 727500.0, 6173000.0 ], [ 727400.0, 6173000.0 ], [ 727300.0, 6173000.0 ], [ 727300.0, 6173100.0 ] ] ] } },
{ "type": "Feature", "properties": { "Shape_Area": 60000.0, "Shape_Leng": 1200.0, "cluster_id": "101_207", "fid_1": 207.0, "id_munic": 207.0, "munic_clus": "101_207", "munic_code": 101.0, "min": 2.6881046295166016, "max": 2.6881046295166016, "mean": 2.6881046295166016, "count": 6, "std": 0.0, "range": 0.0 }, "geometry": { "type": "Polygon", "coordinates": [ [ [ 727300.0, 6173300.0 ], [ 727300.0, 6173400.0 ], [ 727400.0, 6173400.0 ], [ 727500.0, 6173400.0 ], [ 727600.0, 6173400.0 ], [ 727600.0, 6173300.0 ], [ 727500.0, 6173300.0 ], [ 727500.0, 6173200.0 ], [ 727400.0, 6173200.0 ], [ 727300.0, 6173200.0 ], [ 727200.0, 6173200.0 ], [ 727200.0, 6173300.0 ], [ 727300.0, 6173300.0 ] ] ] } },
{ "type": "Feature", "properties": { "Shape_Area": 20000.0, "Shape_Leng": 600.0, "cluster_id": "101_208", "fid_1": 208.0, "id_munic": 208.0, "munic_clus": "101_208", "munic_code": 101.0, "min": 2.7344222068786621, "max": 2.7344222068786621, "mean": 2.7344222068786621, "count": 2, "std": 0.0, "range": 0.0 }, "geometry": { "type": "Polygon", "coordinates": [ [ [ 727400.0, 6173500.0 ], [ 727500.0, 6173500.0 ], [ 727600.0, 6173500.0 ], [ 727600.0, 6173400.0 ], [ 727500.0, 6173400.0 ], [ 727400.0, 6173400.0 ], [ 727400.0, 6173500.0 ] ] ] } },
{ "type": "Feature", "properties": { "Shape_Area": 120000.0, "Shape_Leng": 1800.0, "cluster_id": "101_209", "fid_1": 209.0, "id_munic": 209.0, "munic_clus": "101_209", "munic_code": 101.0, "min": 2.9398539066314697, "max": 2.9398539066314697, "mean": 2.9398539861043296, "count": 12, "std": 7.947285984855057e-08, "range": 0.0 }, "geometry": { "type": "Polygon", "coordinates": [ [ [ 728100.0, 6172000.0 ], [ 728000.0, 6172000.0 ], [ 728000.0, 6172100.0 ], [ 727900.0, 6172100.0 ], [ 727900.0, 6172200.0 ], [ 727900.0, 6172300.0 ], [ 727900.0, 6172400.0 ], [ 727800.0, 6172400.0 ], [ 727800.0, 6172500.0 ], [ 727900.0, 6172500.0 ], [ 728000.0, 6172500.0 ], [ 728000.0, 6172400.0 ], [ 728100.0, 6172400.0 ], [ 728200.0, 6172400.0 ], [ 728200.0, 6172300.0 ], [ 728200.0, 6172200.0 ], [ 728200.0, 6172100.0 ], [ 728100.0, 6172100.0 ], [ 728100.0, 6172000.0 ] ] ] } },
{ "type": "Feature", "properties": { "Shape_Area": 70000.0, "Shape_Leng": 1200.0, "cluster_id": "101_210", "fid_1": 210.0, "id_munic": 210.0, "munic_clus": "101_210", "munic_code": 101.0, "min": 3.375208854675293, "max": 3.375208854675293, "mean": 3.375208718436105, "count": 7, "std": 1.3623918793115308e-07, "range": 0.0 }, "geometry": { "type": "Polygon", "coordinates": [ [ [ 727700.0, 6172700.0 ], [ 727600.0, 6172700.0 ], [ 727500.0, 6172700.0 ], [ 727400.0, 6172700.0 ], [ 727400.0, 6172800.0 ], [ 727300.0, 6172800.0 ], [ 727300.0, 6172900.0 ], [ 727400.0, 6172900.0 ], [ 727500.0, 6172900.0 ], [ 727600.0, 6172900.0 ], [ 727700.0, 6172900.0 ], [ 727700.0, 6172800.0 ], [ 727700.0, 6172700.0 ] ] ] } },
{ "type": "Feature", "properties": { "Shape_Area": 20000.0, "Shape_Leng": 600.0, "cluster_id": "101_211", "fid_1": 211.0, "id_munic": 211.0, "munic_clus": "101_211", "munic_code": 101.0, "min": 3.146784782409668, "max": 3.146784782409668, "mean": 3.146784782409668, "count": 2, "std": 0.0, "range": 0.0 }, "geometry": { "type": "Polygon", "coordinates": [ [ [ 727200.0, 6173600.0 ], [ 727300.0, 6173600.0 ], [ 727400.0, 6173600.0 ], [ 727400.0, 6173500.0 ], [ 727300.0, 6173500.0 ], [ 727200.0, 6173500.0 ], [ 727200.0, 6173600.0 ] ] ] } },
{ "type": "Feature", "properties": { "Shape_Area": 20000.0, "Shape_Leng": 600.0, "cluster_id": "101_212", "fid_1": 212.0, "id_munic": 212.0, "munic_clus": "101_212", "munic_code": 101.0, "min": 2.2550821304321289, "max": 2.2550821304321289, "mean": 2.2550821304321289, "count": 2, "std": 0.0, "range": 0.0 }, "geometry": { "type": "Polygon", "coordinates": [ [ [ 727600.0, 6172600.0 ], [ 727600.0, 6172700.0 ], [ 727700.0, 6172700.0 ], [ 727700.0, 6172600.0 ], [ 727700.0, 6172500.0 ], [ 727600.0, 6172500.0 ], [ 727600.0, 6172600.0 ] ] ] } },
{ "type": "Feature", "properties": { "Shape_Area": 40000.0, "Shape_Leng": 1000.0, "cluster_id": "101_213", "fid_1": 213.0, "id_munic": 213.0, "munic_clus": "101_213", "munic_code": 101.0, "min": 2.8173947334289551, "max": 2.8173947334289551, "mean": 2.8173947334289551, "count": 4, "std": 0.0, "range": 0.0 }, "geometry": { "type": "Polygon", "coordinates": [ [ [ 727700.0, 6172500.0 ], [ 727700.0, 6172600.0 ], [ 727700.0, 6172700.0 ], [ 727800.0, 6172700.0 ], [ 727800.0, 6172600.0 ], [ 727800.0, 6172500.0 ], [ 727800.0, 6172400.0 ], [ 727800.0, 6172300.0 ], [ 727700.0, 6172300.0 ], [ 727700.0, 6172400.0 ], [ 727700.0, 6172500.0 ] ] ] } },
{ "type": "Feature", "properties": { "Shape_Area": 20000.0, "Shape_Leng": 600.0, "cluster_id": "101_214", "fid_1": 214.0, "id_munic": 214.0, "munic_clus": "101_214", "munic_code": 101.0, "min": 2.83005690574646, "max": 2.83005690574646, "mean": 2.83005690574646, "count": 2, "std": 0.0, "range": 0.0 }, "geometry": { "type": "Polygon", "coordinates": [ [ [ 727800.0, 6172600.0 ], [ 727900.0, 6172600.0 ], [ 728000.0, 6172600.0 ], [ 728000.0, 6172500.0 ], [ 727900.0, 6172500.0 ], [ 727800.0, 6172500.0 ], [ 727800.0, 6172600.0 ] ] ] } },
{ "type": "Feature", "properties": { "Shape_Area": 10000.0, "Shape_Leng": 400.0, "cluster_id": "101_215", "fid_1": 215.0, "id_munic": 215.0, "munic_clus": "101_215", "munic_code": 101.0, "min": 2.4193606376647949, "max": 2.4193606376647949, "mean": 2.4193606376647949, "count": 1, "std": 0.0, "range": 0.0 }, "geometry": { "type": "Polygon", "coordinates": [ [ [ 727100.0, 6173500.0 ], [ 727100.0, 6173600.0 ], [ 727200.0, 6173600.0 ], [ 727200.0, 6173500.0 ], [ 727100.0, 6173500.0 ] ] ] } },
{ "type": "Feature", "properties": { "Shape_Area": 10000.0, "Shape_Leng": 400.0, "cluster_id": "101_216", "fid_1": 216.0, "id_munic": 216.0, "munic_clus": "101_216", "munic_code": 101.0, "min": 2.9513497352600098, "max": 2.9513497352600098, "mean": 2.9513497352600098, "count": 1, "std": 0.0, "range": 0.0 }, "geometry": { "type": "Polygon", "coordinates": [ [ [ 727100.0, 6173600.0 ], [ 727100.0, 6173700.0 ], [ 727200.0, 6173700.0 ], [ 727200.0, 6173600.0 ], [ 727100.0, 6173600.0 ] ] ] } },
{ "type": "Feature", "properties": { "Shape_Area": 20000.0, "Shape_Leng": 600.0, "cluster_id": "101_217", "fid_1": 217.0, "id_munic": 217.0, "munic_clus": "101_217", "munic_code": 101.0, "min": 2.6349554061889648, "max": 2.6349554061889648, "mean": 2.6349554061889648, "count": 2, "std": 0.0, "range": 0.0 }, "geometry": { "type": "Polygon", "coordinates": [ [ [ 727100.0, 6173800.0 ], [ 727200.0, 6173800.0 ], [ 727300.0, 6173800.0 ], [ 727300.0, 6173700.0 ], [ 727200.0, 6173700.0 ], [ 727100.0, 6173700.0 ], [ 727100.0, 6173800.0 ] ] ] } },
{ "type": "Feature", "properties": { "Shape_Area": 40000.0, "Shape_Leng": 800.0, "cluster_id": "101_218", "fid_1": 218.0, "id_munic": 218.0, "munic_clus": "101_218", "munic_code": 101.0, "min": 3.5749754905700684, "max": 3.5749754905700684, "mean": 3.5749754905700684, "count": 4, "std": 0.0, "range": 0.0 }, "geometry": { "type": "Polygon", "coordinates": [ [ [ 727400.0, 6173800.0 ], [ 727300.0, 6173800.0 ], [ 727200.0, 6173800.0 ], [ 727200.0, 6173900.0 ], [ 727200.0, 6174000.0 ], [ 727300.0, 6174000.0 ], [ 727400.0, 6174000.0 ], [ 727400.0, 6173900.0 ], [ 727400.0, 6173800.0 ] ] ] } },
{ "type": "Feature", "properties": { "Shape_Area": 30000.0, "Shape_Leng": 800.0, "cluster_id": "101_219", "fid_1": 219.0, "id_munic": 219.0, "munic_clus": "101_219", "munic_code": 101.0, "min": 2.7242588996887207, "max": 2.7242588996887207, "mean": 2.72425905863444, "count": 3, "std": 1.5894571925301193e-07, "range": 0.0 }, "geometry": { "type": "Polygon", "coordinates": [ [ [ 726000.0, 6174900.0 ], [ 725900.0, 6174900.0 ], [ 725900.0, 6175000.0 ], [ 726000.0, 6175000.0 ], [ 726100.0, 6175000.0 ], [ 726100.0, 6174900.0 ], [ 726100.0, 6174800.0 ], [ 726000.0, 6174800.0 ], [ 726000.0, 6174900.0 ] ] ] } },
{ "type": "Feature", "properties": { "Shape_Area": 10000.0, "Shape_Leng": 400.0, "cluster_id": "101_220", "fid_1": 220.0, "id_munic": 220.0, "munic_clus": "101_220", "munic_code": 101.0, "min": 4.0353217124938965, "max": 4.0353217124938965, "mean": 4.0353217124938965, "count": 1, "std": 0.0, "range": 0.0 }, "geometry": { "type": "Polygon", "coordinates": [ [ [ 726600.0, 6173600.0 ], [ 726600.0, 6173700.0 ], [ 726700.0, 6173700.0 ], [ 726700.0, 6173600.0 ], [ 726600.0, 6173600.0 ] ] ] } },
{ "type": "Feature", "properties": { "Shape_Area": 10000.0, "Shape_Leng": 400.0, "cluster_id": "101_221", "fid_1": 221.0, "id_munic": 221.0, "munic_clus": "101_221", "munic_code": 101.0, "min": 4.2660784721374512, "max": 4.2660784721374512, "mean": 4.2660784721374512, "count": 1, "std": 0.0, "range": 0.0 }, "geometry": { "type": "Polygon", "coordinates": [ [ [ 726600.0, 6173800.0 ], [ 726600.0, 6173900.0 ], [ 726700.0, 6173900.0 ], [ 726700.0, 6173800.0 ], [ 726600.0, 6173800.0 ] ] ] } },
{ "type": "Feature", "properties": { "Shape_Area": 10000.0, "Shape_Leng": 400.0, "cluster_id": "101_222", "fid_1": 222.0, "id_munic": 222.0, "munic_clus": "101_222", "munic_code": 101.0, "min": 2.740419864654541, "max": 2.740419864654541, "mean": 2.740419864654541, "count": 1, "std": 0.0, "range": 0.0 }, "geometry": { "type": "Polygon", "coordinates": [ [ [ 726500.0, 6173500.0 ], [ 726500.0, 6173600.0 ], [ 726600.0, 6173600.0 ], [ 726600.0, 6173500.0 ], [ 726500.0, 6173500.0 ] ] ] } },
{ "type": "Feature", "properties": { "Shape_Area": 10000.0, "Shape_Leng": 400.0, "cluster_id": "101_223", "fid_1": 223.0, "id_munic": 223.0, "munic_clus": "101_223", "munic_code": 101.0, "min": 2.5819728374481201, "max": 2.5819728374481201, "mean": 2.5819728374481201, "count": 1, "std": 0.0, "range": 0.0 }, "geometry": { "type": "Polygon", "coordinates": [ [ [ 726400.0, 6173800.0 ], [ 726400.0, 6173900.0 ], [ 726500.0, 6173900.0 ], [ 726500.0, 6173800.0 ], [ 726400.0, 6173800.0 ] ] ] } },
{ "type": "Feature", "properties": { "Shape_Area": 20000.0, "Shape_Leng": 600.0, "cluster_id": "101_224", "fid_1": 224.0, "id_munic": 224.0, "munic_clus": "101_224", "munic_code": 101.0, "min": 3.5859720706939697, "max": 3.5859720706939697, "mean": 3.5859720706939697, "count": 2, "std": 0.0, "range": 0.0 }, "geometry": { "type": "Polygon", "coordinates": [ [ [ 726500.0, 6173900.0 ], [ 726500.0, 6174000.0 ], [ 726600.0, 6174000.0 ], [ 726600.0, 6173900.0 ], [ 726600.0, 6173800.0 ], [ 726500.0, 6173800.0 ], [ 726500.0, 6173900.0 ] ] ] } },
{ "type": "Feature", "properties": { "Shape_Area": 10000.0, "Shape_Leng": 400.0, "cluster_id": "101_225", "fid_1": 225.0, "id_munic": 225.0, "munic_clus": "101_225", "munic_code": 101.0, "min": 3.103466272354126, "max": 3.103466272354126, "mean": 3.103466272354126, "count": 1, "std": 0.0, "range": 0.0 }, "geometry": { "type": "Polygon", "coordinates": [ [ [ 726600.0, 6173500.0 ], [ 726600.0, 6173600.0 ], [ 726700.0, 6173600.0 ], [ 726700.0, 6173500.0 ], [ 726600.0, 6173500.0 ] ] ] } },
{ "type": "Feature", "properties": { "Shape_Area": 120000.0, "Shape_Leng": 1600.0, "cluster_id": "101_226", "fid_1": 226.0, "id_munic": 226.0, "munic_clus": "101_226", "munic_code": 101.0, "min": 3.0538158416748047, "max": 3.0538158416748047, "mean": 3.0538158416748047, "count": 12, "std": 0.0, "range": 0.0 }, "geometry": { "type": "Polygon", "coordinates": [ [ [ 726000.0, 6174300.0 ], [ 726000.0, 6174400.0 ], [ 726100.0, 6174400.0 ], [ 726200.0, 6174400.0 ], [ 726200.0, 6174300.0 ], [ 726300.0, 6174300.0 ], [ 726300.0, 6174200.0 ], [ 726400.0, 6174200.0 ], [ 726400.0, 6174100.0 ], [ 726300.0, 6174100.0 ], [ 726300.0, 6174000.0 ], [ 726200.0, 6174000.0 ], [ 726100.0, 6174000.0 ], [ 726000.0, 6174000.0 ], [ 726000.0, 6174100.0 ], [ 726000.0, 6174200.0 ], [ 726000.0, 6174300.0 ] ] ] } },
{ "type": "Feature", "properties": { "Shape_Area": 10000.0, "Shape_Leng": 400.0, "cluster_id": "101_227", "fid_1": 227.0, "id_munic": 227.0, "munic_clus": "101_227", "munic_code": 101.0, "min": 2.8943691253662109, "max": 2.8943691253662109, "mean": 2.8943691253662109, "count": 1, "std": 0.0, "range": 0.0 }, "geometry": { "type": "Polygon", "coordinates": [ [ [ 726400.0, 6173900.0 ], [ 726400.0, 6174000.0 ], [ 726500.0, 6174000.0 ], [ 726500.0, 6173900.0 ], [ 726400.0, 6173900.0 ] ] ] } },
{ "type": "Feature", "properties": { "Shape_Area": 30000.0, "Shape_Leng": 800.0, "cluster_id": "101_228", "fid_1": 228.0, "id_munic": 228.0, "munic_clus": "101_228", "munic_code": 101.0, "min": 1.9781742095947266, "max": 1.9781742095947266, "mean": 1.9781742095947266, "count": 3, "std": 0.0, "range": 0.0 }, "geometry": { "type": "Polygon", "coordinates": [ [ [ 721300.0, 6174100.0 ], [ 721300.0, 6174200.0 ], [ 721400.0, 6174200.0 ], [ 721500.0, 6174200.0 ], [ 721500.0, 6174100.0 ], [ 721400.0, 6174100.0 ], [ 721400.0, 6174000.0 ], [ 721300.0, 6174000.0 ], [ 721300.0, 6174100.0 ] ] ] } },
{ "type": "Feature", "properties": { "Shape_Area": 10000.0, "Shape_Leng": 400.0, "cluster_id": "101_229", "fid_1": 229.0, "id_munic": 229.0, "munic_clus": "101_229", "munic_code": 101.0, "min": 3.8128957748413086, "max": 3.8128957748413086, "mean": 3.8128957748413086, "count": 1, "std": 0.0, "range": 0.0 }, "geometry": { "type": "Polygon", "coordinates": [ [ [ 726100.0, 6173900.0 ], [ 726100.0, 6174000.0 ], [ 726200.0, 6174000.0 ], [ 726200.0, 6173900.0 ], [ 726100.0, 6173900.0 ] ] ] } },
{ "type": "Feature", "properties": { "Shape_Area": 40000.0, "Shape_Leng": 1000.0, "cluster_id": "101_230", "fid_1": 230.0, "id_munic": 230.0, "munic_clus": "101_230", "munic_code": 101.0, "min": 3.0614795684814453, "max": 3.0614795684814453, "mean": 3.0614795684814453, "count": 4, "std": 0.0, "range": 0.0 }, "geometry": { "type": "Polygon", "coordinates": [ [ [ 726300.0, 6174000.0 ], [ 726300.0, 6174100.0 ], [ 726400.0, 6174100.0 ], [ 726500.0, 6174100.0 ], [ 726500.0, 6174000.0 ], [ 726400.0, 6174000.0 ], [ 726400.0, 6173900.0 ], [ 726300.0, 6173900.0 ], [ 726200.0, 6173900.0 ], [ 726200.0, 6174000.0 ], [ 726300.0, 6174000.0 ] ] ] } },
{ "type": "Feature", "properties": { "Shape_Area": 20000.0, "Shape_Leng": 600.0, "cluster_id": "101_231", "fid_1": 231.0, "id_munic": 231.0, "munic_clus": "101_231", "munic_code": 101.0, "min": 3.4708433151245117, "max": 3.4708433151245117, "mean": 3.4708433151245117, "count": 2, "std": 0.0, "range": 0.0 }, "geometry": { "type": "Polygon", "coordinates": [ [ [ 726000.0, 6173900.0 ], [ 726000.0, 6174000.0 ], [ 726100.0, 6174000.0 ], [ 726100.0, 6173900.0 ], [ 726100.0, 6173800.0 ], [ 726000.0, 6173800.0 ], [ 726000.0, 6173900.0 ] ] ] } },
{ "type": "Feature", "properties": { "Shape_Area": 20000.0, "Shape_Leng": 600.0, "cluster_id": "101_232", "fid_1": 232.0, "id_munic": 232.0, "munic_clus": "101_232", "munic_code": 101.0, "min": 3.7210929393768311, "max": 3.7210929393768311, "mean": 3.7210929393768311, "count": 2, "std": 0.0, "range": 0.0 }, "geometry": { "type": "Polygon", "coordinates": [ [ [ 726100.0, 6173900.0 ], [ 726200.0, 6173900.0 ], [ 726300.0, 6173900.0 ], [ 726300.0, 6173800.0 ], [ 726200.0, 6173800.0 ], [ 726100.0, 6173800.0 ], [ 726100.0, 6173900.0 ] ] ] } },
{ "type": "Feature", "properties": { "Shape_Area": 20000.0, "Shape_Leng": 600.0, "cluster_id": "101_233", "fid_1": 233.0, "id_munic": 233.0, "munic_clus": "101_233", "munic_code": 101.0, "min": 3.8318898677825928, "max": 3.8318898677825928, "mean": 3.8318898677825928, "count": 2, "std": 0.0, "range": 0.0 }, "geometry": { "type": "Polygon", "coordinates": [ [ [ 726100.0, 6173600.0 ], [ 726100.0, 6173700.0 ], [ 726200.0, 6173700.0 ], [ 726200.0, 6173600.0 ], [ 726200.0, 6173500.0 ], [ 726100.0, 6173500.0 ], [ 726100.0, 6173600.0 ] ] ] } },
{ "type": "Feature", "properties": { "Shape_Area": 10000.0, "Shape_Leng": 400.0, "cluster_id": "101_234", "fid_1": 234.0, "id_munic": 234.0, "munic_clus": "101_234", "munic_code": 101.0, "min": 3.1989345550537109, "max": 3.1989345550537109, "mean": 3.1989345550537109, "count": 1, "std": 0.0, "range": 0.0 }, "geometry": { "type": "Polygon", "coordinates": [ [ [ 726100.0, 6173700.0 ], [ 726100.0, 6173800.0 ], [ 726200.0, 6173800.0 ], [ 726200.0, 6173700.0 ], [ 726100.0, 6173700.0 ] ] ] } },
{ "type": "Feature", "properties": { "Shape_Area": 10000.0, "Shape_Leng": 400.0, "cluster_id": "101_235", "fid_1": 235.0, "id_munic": 235.0, "munic_clus": "101_235", "munic_code": 101.0, "min": 2.9216930866241455, "max": 2.9216930866241455, "mean": 2.9216930866241455, "count": 1, "std": 0.0, "range": 0.0 }, "geometry": { "type": "Polygon", "coordinates": [ [ [ 726300.0, 6173800.0 ], [ 726300.0, 6173900.0 ], [ 726400.0, 6173900.0 ], [ 726400.0, 6173800.0 ], [ 726300.0, 6173800.0 ] ] ] } },
{ "type": "Feature", "properties": { "Shape_Area": 10000.0, "Shape_Leng": 400.0, "cluster_id": "101_236", "fid_1": 236.0, "id_munic": 236.0, "munic_clus": "101_236", "munic_code": 101.0, "min": 3.7207608222961426, "max": 3.7207608222961426, "mean": 3.7207608222961426, "count": 1, "std": 0.0, "range": 0.0 }, "geometry": { "type": "Polygon", "coordinates": [ [ [ 726000.0, 6173400.0 ], [ 726000.0, 6173500.0 ], [ 726100.0, 6173500.0 ], [ 726100.0, 6173400.0 ], [ 726000.0, 6173400.0 ] ] ] } },
{ "type": "Feature", "properties": { "Shape_Area": 180000.0, "Shape_Leng": 2000.0, "cluster_id": "101_237", "fid_1": 237.0, "id_munic": 237.0, "munic_clus": "101_237", "munic_code": 101.0, "min": 2.8835391998291016, "max": 2.8835391998291016, "mean": 2.8835391998291016, "count": 18, "std": 0.0, "range": 0.0 }, "geometry": { "type": "Polygon", "coordinates": [ [ [ 725600.0, 6172300.0 ], [ 725600.0, 6172400.0 ], [ 725700.0, 6172400.0 ], [ 725700.0, 6172500.0 ], [ 725800.0, 6172500.0 ], [ 725900.0, 6172500.0 ], [ 726000.0, 6172500.0 ], [ 726000.0, 6172400.0 ], [ 726000.0, 6172300.0 ], [ 726000.0, 6172200.0 ], [ 726000.0, 6172100.0 ], [ 725900.0, 6172100.0 ], [ 725800.0, 6172100.0 ], [ 725800.0, 6172000.0 ], [ 725700.0, 6172000.0 ], [ 725600.0, 6172000.0 ], [ 725500.0, 6172000.0 ], [ 725500.0, 6172100.0 ], [ 725600.0, 6172100.0 ], [ 725600.0, 6172200.0 ], [ 725600.0, 6172300.0 ] ] ] } },
{ "type": "Feature", "properties": { "Shape_Area": 10000.0, "Shape_Leng": 400.0, "cluster_id": "101_238", "fid_1": 238.0, "id_munic": 238.0, "munic_clus": "101_238", "munic_code": 101.0, "min": 3.5231592655181885, "max": 3.5231592655181885, "mean": 3.5231592655181885, "count": 1, "std": 0.0, "range": 0.0 }, "geometry": { "type": "Polygon", "coordinates": [ [ [ 726200.0, 6174800.0 ], [ 726200.0, 6174900.0 ], [ 726300.0, 6174900.0 ], [ 726300.0, 6174800.0 ], [ 726200.0, 6174800.0 ] ] ] } },
{ "type": "Feature", "properties": { "Shape_Area": 20000.0, "Shape_Leng": 600.0, "cluster_id": "101_239", "fid_1": 239.0, "id_munic": 239.0, "munic_clus": "101_239", "munic_code": 101.0, "min": 2.6756081581115723, "max": 2.6756081581115723, "mean": 2.6756081581115723, "count": 2, "std": 0.0, "range": 0.0 }, "geometry": { "type": "Polygon", "coordinates": [ [ [ 726100.0, 6174900.0 ], [ 726100.0, 6175000.0 ], [ 726200.0, 6175000.0 ], [ 726200.0, 6174900.0 ], [ 726200.0, 6174800.0 ], [ 726100.0, 6174800.0 ], [ 726100.0, 6174900.0 ] ] ] } },
{ "type": "Feature", "properties": { "Shape_Area": 270000.0, "Shape_Leng": 2200.0, "cluster_id": "101_240", "fid_1": 240.0, "id_munic": 240.0, "munic_clus": "101_240", "munic_code": 101.0, "min": 3.8002336025238037, "max": 3.8002336025238037, "mean": 3.8002330638744213, "count": 27, "std": 5.3864938243108895e-07, "range": 0.0 }, "geometry": { "type": "Polygon", "coordinates": [ [ [ 725800.0, 6171000.0 ], [ 725800.0, 6171100.0 ], [ 725800.0, 6171200.0 ], [ 725900.0, 6171200.0 ], [ 725900.0, 6171300.0 ], [ 726000.0, 6171300.0 ], [ 726100.0, 6171300.0 ], [ 726200.0, 6171300.0 ], [ 726200.0, 6171200.0 ], [ 726200.0, 6171100.0 ], [ 726200.0, 6171000.0 ], [ 726200.0, 6170900.0 ], [ 726200.0, 6170800.0 ], [ 726200.0, 6170700.0 ], [ 726200.0, 6170600.0 ], [ 726100.0, 6170600.0 ], [ 726000.0, 6170600.0 ], [ 725900.0, 6170600.0 ], [ 725800.0, 6170600.0 ], [ 725800.0, 6170700.0 ], [ 725800.0, 6170800.0 ], [ 725800.0, 6170900.0 ], [ 725800.0, 6171000.0 ] ] ] } },
{ "type": "Feature", "properties": { "Shape_Area": 100000.0, "Shape_Leng": 1400.0, "cluster_id": "101_241", "fid_1": 241.0, "id_munic": 241.0, "munic_clus": "101_241", "munic_code": 101.0, "min": 2.8013999462127686, "max": 2.8013999462127686, "mean": 2.8013998031616212, "count": 10, "std": 1.4305114737211966e-07, "range": 0.0 }, "geometry": { "type": "Polygon", "coordinates": [ [ [ 726500.0, 6172000.0 ], [ 726400.0, 6172000.0 ], [ 726300.0, 6172000.0 ], [ 726200.0, 6172000.0 ], [ 726100.0, 6172000.0 ], [ 726000.0, 6172000.0 ], [ 726000.0, 6172100.0 ], [ 726000.0, 6172200.0 ], [ 726100.0, 6172200.0 ], [ 726200.0, 6172200.0 ], [ 726300.0, 6172200.0 ], [ 726400.0, 6172200.0 ], [ 726500.0, 6172200.0 ], [ 726500.0, 6172100.0 ], [ 726500.0, 6172000.0 ] ] ] } },
{ "type": "Feature", "properties": { "Shape_Area": 50000.0, "Shape_Leng": 1200.0, "cluster_id": "101_242", "fid_1": 242.0, "id_munic": 242.0, "munic_clus": "101_242", "munic_code": 101.0, "min": 2.4401872158050537, "max": 2.4401872158050537, "mean": 2.4401872634887694, "count": 5, "std": 4.7683715642676816e-08, "range": 0.0 }, "geometry": { "type": "Polygon", "coordinates": [ [ [ 726100.0, 6172000.0 ], [ 726200.0, 6172000.0 ], [ 726300.0, 6172000.0 ], [ 726400.0, 6172000.0 ], [ 726500.0, 6172000.0 ], [ 726500.0, 6171900.0 ], [ 726400.0, 6171900.0 ], [ 726300.0, 6171900.0 ], [ 726200.0, 6171900.0 ], [ 726100.0, 6171900.0 ], [ 726000.0, 6171900.0 ], [ 726000.0, 6172000.0 ], [ 726100.0, 6172000.0 ] ] ] } },
{ "type": "Feature", "properties": { "Shape_Area": 110000.0, "Shape_Leng": 1600.0, "cluster_id": "101_243", "fid_1": 243.0, "id_munic": 243.0, "munic_clus": "101_243", "munic_code": 101.0, "min": 2.2642455101013184, "max": 2.2642455101013184, "mean": 2.2642456401478159, "count": 11, "std": 1.3004649757064612e-07, "range": 0.0 }, "geometry": { "type": "Polygon", "coordinates": [ [ [ 726200.0, 6171600.0 ], [ 726100.0, 6171600.0 ], [ 726100.0, 6171700.0 ], [ 726100.0, 6171800.0 ], [ 726000.0, 6171800.0 ], [ 726000.0, 6171900.0 ], [ 726100.0, 6171900.0 ], [ 726200.0, 6171900.0 ], [ 726300.0, 6171900.0 ], [ 726400.0, 6171900.0 ], [ 726500.0, 6171900.0 ], [ 726500.0, 6171800.0 ], [ 726500.0, 6171700.0 ], [ 726400.0, 6171700.0 ], [ 726300.0, 6171700.0 ], [ 726300.0, 6171600.0 ], [ 726200.0, 6171600.0 ] ] ] } },
{ "type": "Feature", "properties": { "Shape_Area": 120000.0, "Shape_Leng": 1800.0, "cluster_id": "101_244", "fid_1": 244.0, "id_munic": 244.0, "munic_clus": "101_244", "munic_code": 101.0, "min": 2.4545154571533203, "max": 2.4545154571533203, "mean": 2.4545154571533203, "count": 12, "std": 0.0, "range": 0.0 }, "geometry": { "type": "Polygon", "coordinates": [ [ [ 725900.0, 6171500.0 ], [ 725900.0, 6171600.0 ], [ 725800.0, 6171600.0 ], [ 725800.0, 6171700.0 ], [ 725900.0, 6171700.0 ], [ 726000.0, 6171700.0 ], [ 726000.0, 6171800.0 ], [ 726100.0, 6171800.0 ], [ 726100.0, 6171700.0 ], [ 726100.0, 6171600.0 ], [ 726100.0, 6171500.0 ], [ 726100.0, 6171400.0 ], [ 726100.0, 6171300.0 ], [ 726000.0, 6171300.0 ], [ 725900.0, 6171300.0 ], [ 725800.0, 6171300.0 ], [ 725800.0, 6171400.0 ], [ 725800.0, 6171500.0 ], [ 725900.0, 6171500.0 ] ] ] } },
{ "type": "Feature", "properties": { "Shape_Area": 130000.0, "Shape_Leng": 2000.0, "cluster_id": "101_245", "fid_1": 245.0, "id_munic": 245.0, "munic_clus": "101_245", "munic_code": 101.0, "min": 2.5816397666931152, "max": 2.5816397666931152, "mean": 2.5816398033728967, "count": 13, "std": 3.6679781434401093e-08, "range": 0.0 }, "geometry": { "type": "Polygon", "coordinates": [ [ [ 722200.0, 6174800.0 ], [ 722200.0, 6174900.0 ], [ 722300.0, 6174900.0 ], [ 722300.0, 6175000.0 ], [ 722400.0, 6175000.0 ], [ 722500.0, 6175000.0 ], [ 722500.0, 6175100.0 ], [ 722600.0, 6175100.0 ], [ 722600.0, 6175000.0 ], [ 722600.0, 6174900.0 ], [ 722600.0, 6174800.0 ], [ 722500.0, 6174800.0 ], [ 722500.0, 6174700.0 ], [ 722400.0, 6174700.0 ], [ 722300.0, 6174700.0 ], [ 722200.0, 6174700.0 ], [ 722100.0, 6174700.0 ], [ 722000.0, 6174700.0 ], [ 722000.0, 6174800.0 ], [ 722100.0, 6174800.0 ], [ 722200.0, 6174800.0 ] ] ] } },
{ "type": "Feature", "properties": { "Shape_Area": 20000.0, "Shape_Leng": 600.0, "cluster_id": "101_246", "fid_1": 246.0, "id_munic": 246.0, "munic_clus": "101_246", "munic_code": 101.0, "min": 3.1359550952911377, "max": 3.1359550952911377, "mean": 3.1359550952911377, "count": 2, "std": 0.0, "range": 0.0 }, "geometry": { "type": "Polygon", "coordinates": [ [ [ 725100.0, 6174400.0 ], [ 725100.0, 6174500.0 ], [ 725200.0, 6174500.0 ], [ 725200.0, 6174400.0 ], [ 725200.0, 6174300.0 ], [ 725100.0, 6174300.0 ], [ 725100.0, 6174400.0 ] ] ] } },
{ "type": "Feature", "properties": { "Shape_Area": 10000.0, "Shape_Leng": 400.0, "cluster_id": "101_247", "fid_1": 247.0, "id_munic": 247.0, "munic_clus": "101_247", "munic_code": 101.0, "min": 2.9205267429351807, "max": 2.9205267429351807, "mean": 2.9205267429351807, "count": 1, "std": 0.0, "range": 0.0 }, "geometry": { "type": "Polygon", "coordinates": [ [ [ 724900.0, 6174600.0 ], [ 724900.0, 6174700.0 ], [ 725000.0, 6174700.0 ], [ 725000.0, 6174600.0 ], [ 724900.0, 6174600.0 ] ] ] } },
{ "type": "Feature", "properties": { "Shape_Area": 10000.0, "Shape_Leng": 400.0, "cluster_id": "101_248", "fid_1": 248.0, "id_munic": 248.0, "munic_clus": "101_248", "munic_code": 101.0, "min": 3.0424857139587402, "max": 3.0424857139587402, "mean": 3.0424857139587402, "count": 1, "std": 0.0, "range": 0.0 }, "geometry": { "type": "Polygon", "coordinates": [ [ [ 725100.0, 6174600.0 ], [ 725100.0, 6174700.0 ], [ 725200.0, 6174700.0 ], [ 725200.0, 6174600.0 ], [ 725100.0, 6174600.0 ] ] ] } },
{ "type": "Feature", "properties": { "Shape_Area": 10000.0, "Shape_Leng": 400.0, "cluster_id": "101_249", "fid_1": 249.0, "id_munic": 249.0, "munic_clus": "101_249", "munic_code": 101.0, "min": 3.3378875255584717, "max": 3.3378875255584717, "mean": 3.3378875255584717, "count": 1, "std": 0.0, "range": 0.0 }, "geometry": { "type": "Polygon", "coordinates": [ [ [ 725100.0, 6175000.0 ], [ 725100.0, 6175100.0 ], [ 725200.0, 6175100.0 ], [ 725200.0, 6175000.0 ], [ 725100.0, 6175000.0 ] ] ] } },
{ "type": "Feature", "properties": { "Shape_Area": 10000.0, "Shape_Leng": 400.0, "cluster_id": "101_250", "fid_1": 250.0, "id_munic": 250.0, "munic_clus": "101_250", "munic_code": 101.0, "min": 3.3057315349578857, "max": 3.3057315349578857, "mean": 3.3057315349578857, "count": 1, "std": 0.0, "range": 0.0 }, "geometry": { "type": "Polygon", "coordinates": [ [ [ 725200.0, 6174400.0 ], [ 725200.0, 6174500.0 ], [ 725300.0, 6174500.0 ], [ 725300.0, 6174400.0 ], [ 725200.0, 6174400.0 ] ] ] } },
{ "type": "Feature", "properties": { "Shape_Area": 30000.0, "Shape_Leng": 800.0, "cluster_id": "101_251", "fid_1": 251.0, "id_munic": 251.0, "munic_clus": "101_251", "munic_code": 101.0, "min": 2.7329227924346924, "max": 2.7329227924346924, "mean": 2.7329228719075522, "count": 3, "std": 7.947285984855057e-08, "range": 0.0 }, "geometry": { "type": "Polygon", "coordinates": [ [ [ 725000.0, 6174600.0 ], [ 725000.0, 6174700.0 ], [ 725100.0, 6174700.0 ], [ 725100.0, 6174600.0 ], [ 725200.0, 6174600.0 ], [ 725200.0, 6174500.0 ], [ 725100.0, 6174500.0 ], [ 725000.0, 6174500.0 ], [ 725000.0, 6174600.0 ] ] ] } },
{ "type": "Feature", "properties": { "Shape_Area": 20000.0, "Shape_Leng": 600.0, "cluster_id": "101_252", "fid_1": 252.0, "id_munic": 252.0, "munic_clus": "101_252", "munic_code": 101.0, "min": 2.9325225353240967, "max": 2.9325225353240967, "mean": 2.9325225353240967, "count": 2, "std": 0.0, "range": 0.0 }, "geometry": { "type": "Polygon", "coordinates": [ [ [ 725200.0, 6174600.0 ], [ 725300.0, 6174600.0 ], [ 725400.0, 6174600.0 ], [ 725400.0, 6174500.0 ], [ 725300.0, 6174500.0 ], [ 725200.0, 6174500.0 ], [ 725200.0, 6174600.0 ] ] ] } },
{ "type": "Feature", "properties": { "Shape_Area": 20000.0, "Shape_Leng": 600.0, "cluster_id": "101_253", "fid_1": 253.0, "id_munic": 253.0, "munic_clus": "101_253", "munic_code": 101.0, "min": 2.2580809593200684, "max": 2.2580809593200684, "mean": 2.2580809593200684, "count": 2, "std": 0.0, "range": 0.0 }, "geometry": { "type": "Polygon", "coordinates": [ [ [ 718900.0, 6175100.0 ], [ 719000.0, 6175100.0 ], [ 719100.0, 6175100.0 ], [ 719100.0, 6175000.0 ], [ 719000.0, 6175000.0 ], [ 718900.0, 6175000.0 ], [ 718900.0, 6175100.0 ] ] ] } },
{ "type": "Feature", "properties": { "Shape_Area": 40000.0, "Shape_Leng": 800.0, "cluster_id": "101_254", "fid_1": 254.0, "id_munic": 254.0, "munic_clus": "101_254", "munic_code": 101.0, "min": 3.3952019214630127, "max": 3.3952019214630127, "mean": 3.3952019214630127, "count": 4, "std": 0.0, "range": 0.0 }, "geometry": { "type": "Polygon", "coordinates": [ [ [ 719500.0, 6174800.0 ], [ 719400.0, 6174800.0 ], [ 719300.0, 6174800.0 ], [ 719300.0, 6174900.0 ], [ 719300.0, 6175000.0 ], [ 719400.0, 6175000.0 ], [ 719500.0, 6175000.0 ], [ 719500.0, 6174900.0 ], [ 719500.0, 6174800.0 ] ] ] } },
{ "type": "Feature", "properties": { "Shape_Area": 20000.0, "Shape_Leng": 600.0, "cluster_id": "101_255", "fid_1": 255.0, "id_munic": 255.0, "munic_clus": "101_255", "munic_code": 101.0, "min": 2.5589804649353027, "max": 2.5589804649353027, "mean": 2.5589804649353027, "count": 2, "std": 0.0, "range": 0.0 }, "geometry": { "type": "Polygon", "coordinates": [ [ [ 719200.0, 6174800.0 ], [ 719300.0, 6174800.0 ], [ 719400.0, 6174800.0 ], [ 719400.0, 6174700.0 ], [ 719300.0, 6174700.0 ], [ 719200.0, 6174700.0 ], [ 719200.0, 6174800.0 ] ] ] } },
{ "type": "Feature", "properties": { "Shape_Area": 50000.0, "Shape_Leng": 1000.0, "cluster_id": "101_256", "fid_1": 256.0, "id_munic": 256.0, "munic_clus": "101_256", "munic_code": 101.0, "min": 2.577308177947998, "max": 2.577308177947998, "mean": 2.5773082733154298, "count": 5, "std": 9.5367431729442842e-08, "range": 0.0 }, "geometry": { "type": "Polygon", "coordinates": [ [ [ 719100.0, 6174600.0 ], [ 719100.0, 6174700.0 ], [ 719200.0, 6174700.0 ], [ 719300.0, 6174700.0 ], [ 719300.0, 6174600.0 ], [ 719300.0, 6174500.0 ], [ 719200.0, 6174500.0 ], [ 719200.0, 6174400.0 ], [ 719100.0, 6174400.0 ], [ 719100.0, 6174500.0 ], [ 719100.0, 6174600.0 ] ] ] } },
{ "type": "Feature", "properties": { "Shape_Area": 70000.0, "Shape_Leng": 1200.0, "cluster_id": "101_257", "fid_1": 257.0, "id_munic": 257.0, "munic_clus": "101_257", "munic_code": 101.0, "min": 2.5403203964233398, "max": 2.5403203964233398, "mean": 2.5403202601841519, "count": 7, "std": 1.3623918793115308e-07, "range": 0.0 }, "geometry": { "type": "Polygon", "coordinates": [ [ [ 718900.0, 6174400.0 ], [ 718900.0, 6174500.0 ], [ 718900.0, 6174600.0 ], [ 718900.0, 6174700.0 ], [ 719000.0, 6174700.0 ], [ 719100.0, 6174700.0 ], [ 719100.0, 6174600.0 ], [ 719100.0, 6174500.0 ], [ 719100.0, 6174400.0 ], [ 719100.0, 6174300.0 ], [ 719000.0, 6174300.0 ], [ 719000.0, 6174400.0 ], [ 718900.0, 6174400.0 ] ] ] } },
{ "type": "Feature", "properties": { "Shape_Area": 100000.0, "Shape_Leng": 1600.0, "cluster_id": "101_258", "fid_1": 258.0, "id_munic": 258.0, "munic_clus": "101_258", "munic_code": 101.0, "min": 3.4345221519470215, "max": 3.4345221519470215, "mean": 3.4345222473144532, "count": 10, "std": 9.5367431729442842e-08, "range": 0.0 }, "geometry": { "type": "Polygon", "coordinates": [ [ [ 719100.0, 6174300.0 ], [ 719100.0, 6174200.0 ], [ 719000.0, 6174200.0 ], [ 718900.0, 6174200.0 ], [ 718800.0, 6174200.0 ], [ 718800.0, 6174300.0 ], [ 718700.0, 6174300.0 ], [ 718700.0, 6174400.0 ], [ 718700.0, 6174500.0 ], [ 718700.0, 6174600.0 ], [ 718800.0, 6174600.0 ], [ 718900.0, 6174600.0 ], [ 718900.0, 6174500.0 ], [ 718900.0, 6174400.0 ], [ 719000.0, 6174400.0 ], [ 719000.0, 6174300.0 ], [ 719100.0, 6174300.0 ] ] ] } },
{ "type": "Feature", "properties": { "Shape_Area": 10000.0, "Shape_Leng": 400.0, "cluster_id": "101_259", "fid_1": 259.0, "id_munic": 259.0, "munic_clus": "101_259", "munic_code": 101.0, "min": 2.9858386516571045, "max": 2.9858386516571045, "mean": 2.9858386516571045, "count": 1, "std": 0.0, "range": 0.0 }, "geometry": { "type": "Polygon", "coordinates": [ [ [ 722300.0, 6177600.0 ], [ 722300.0, 6177700.0 ], [ 722400.0, 6177700.0 ], [ 722400.0, 6177600.0 ], [ 722300.0, 6177600.0 ] ] ] } },
{ "type": "Feature", "properties": { "Shape_Area": 20000.0, "Shape_Leng": 600.0, "cluster_id": "101_260", "fid_1": 260.0, "id_munic": 260.0, "munic_clus": "101_260", "munic_code": 101.0, "min": 3.4501838684082031, "max": 3.4501838684082031, "mean": 3.4501838684082031, "count": 2, "std": 0.0, "range": 0.0 }, "geometry": { "type": "Polygon", "coordinates": [ [ [ 722200.0, 6177800.0 ], [ 722200.0, 6177900.0 ], [ 722300.0, 6177900.0 ], [ 722300.0, 6177800.0 ], [ 722300.0, 6177700.0 ], [ 722200.0, 6177700.0 ], [ 722200.0, 6177800.0 ] ] ] } },
{ "type": "Feature", "properties": { "Shape_Area": 30000.0, "Shape_Leng": 800.0, "cluster_id": "101_261", "fid_1": 261.0, "id_munic": 261.0, "munic_clus": "101_261", "munic_code": 101.0, "min": 3.7862381935119629, "max": 3.7862381935119629, "mean": 3.7862383524576821, "count": 3, "std": 1.5894571925301193e-07, "range": 0.0 }, "geometry": { "type": "Polygon", "coordinates": [ [ [ 722300.0, 6177800.0 ], [ 722300.0, 6177900.0 ], [ 722300.0, 6178000.0 ], [ 722400.0, 6178000.0 ], [ 722400.0, 6177900.0 ], [ 722400.0, 6177800.0 ], [ 722400.0, 6177700.0 ], [ 722300.0, 6177700.0 ], [ 722300.0, 6177800.0 ] ] ] } },
{ "type": "Feature", "properties": { "Shape_Area": 50000.0, "Shape_Leng": 1000.0, "cluster_id": "101_262", "fid_1": 262.0, "id_munic": 262.0, "munic_clus": "101_262", "munic_code": 101.0, "min": 2.5468177795410156, "max": 2.5468177795410156, "mean": 2.5468177795410156, "count": 5, "std": 0.0, "range": 0.0 }, "geometry": { "type": "Polygon", "coordinates": [ [ [ 719200.0, 6174700.0 ], [ 719100.0, 6174700.0 ], [ 719000.0, 6174700.0 ], [ 719000.0, 6174800.0 ], [ 719000.0, 6174900.0 ], [ 719100.0, 6174900.0 ], [ 719200.0, 6174900.0 ], [ 719300.0, 6174900.0 ], [ 719300.0, 6174800.0 ], [ 719200.0, 6174800.0 ], [ 719200.0, 6174700.0 ] ] ] } },
{ "type": "Feature", "properties": { "Shape_Area": 140000.0, "Shape_Leng": 1800.0, "cluster_id": "101_263", "fid_1": 263.0, "id_munic": 263.0, "munic_clus": "101_263", "munic_code": 101.0, "min": 3.7270910739898682, "max": 3.7270910739898682, "mean": 3.7270913805280412, "count": 14, "std": 3.0653817306713904e-07, "range": 0.0 }, "geometry": { "type": "Polygon", "coordinates": [ [ [ 718700.0, 6174900.0 ], [ 718700.0, 6175000.0 ], [ 718700.0, 6175100.0 ], [ 718800.0, 6175100.0 ], [ 718900.0, 6175100.0 ], [ 718900.0, 6175000.0 ], [ 719000.0, 6175000.0 ], [ 719100.0, 6175000.0 ], [ 719100.0, 6174900.0 ], [ 719000.0, 6174900.0 ], [ 719000.0, 6174800.0 ], [ 719000.0, 6174700.0 ], [ 718900.0, 6174700.0 ], [ 718900.0, 6174600.0 ], [ 718800.0, 6174600.0 ], [ 718700.0, 6174600.0 ], [ 718700.0, 6174700.0 ], [ 718700.0, 6174800.0 ], [ 718700.0, 6174900.0 ] ] ] } },
{ "type": "Feature", "properties": { "Shape_Area": 10000.0, "Shape_Leng": 400.0, "cluster_id": "101_264", "fid_1": 264.0, "id_munic": 264.0, "munic_clus": "101_264", "munic_code": 101.0, "min": 3.4900038242340088, "max": 3.4900038242340088, "mean": 3.4900038242340088, "count": 1, "std": 0.0, "range": 0.0 }, "geometry": { "type": "Polygon", "coordinates": [ [ [ 725800.0, 6175300.0 ], [ 725800.0, 6175400.0 ], [ 725900.0, 6175400.0 ], [ 725900.0, 6175300.0 ], [ 725800.0, 6175300.0 ] ] ] } },
{ "type": "Feature", "properties": { "Shape_Area": 10000.0, "Shape_Leng": 400.0, "cluster_id": "101_265", "fid_1": 265.0, "id_munic": 265.0, "munic_clus": "101_265", "munic_code": 101.0, "min": 3.1441192626953125, "max": 3.1441192626953125, "mean": 3.1441192626953125, "count": 1, "std": 0.0, "range": 0.0 }, "geometry": { "type": "Polygon", "coordinates": [ [ [ 725700.0, 6175200.0 ], [ 725700.0, 6175300.0 ], [ 725800.0, 6175300.0 ], [ 725800.0, 6175200.0 ], [ 725700.0, 6175200.0 ] ] ] } },
{ "type": "Feature", "properties": { "Shape_Area": 10000.0, "Shape_Leng": 400.0, "cluster_id": "101_266", "fid_1": 266.0, "id_munic": 266.0, "munic_clus": "101_266", "munic_code": 101.0, "min": 2.9798405170440674, "max": 2.9798405170440674, "mean": 2.9798405170440674, "count": 1, "std": 0.0, "range": 0.0 }, "geometry": { "type": "Polygon", "coordinates": [ [ [ 725900.0, 6175300.0 ], [ 725900.0, 6175400.0 ], [ 726000.0, 6175400.0 ], [ 726000.0, 6175300.0 ], [ 725900.0, 6175300.0 ] ] ] } },
{ "type": "Feature", "properties": { "Shape_Area": 130000.0, "Shape_Leng": 1800.0, "cluster_id": "101_267", "fid_1": 267.0, "id_munic": 267.0, "munic_clus": "101_267", "munic_code": 101.0, "min": 2.8652117252349854, "max": 2.8652117252349854, "mean": 2.8652117802546573, "count": 13, "std": 5.5019671929557035e-08, "range": 0.0 }, "geometry": { "type": "Polygon", "coordinates": [ [ [ 725700.0, 6175100.0 ], [ 725700.0, 6175200.0 ], [ 725800.0, 6175200.0 ], [ 725800.0, 6175300.0 ], [ 725900.0, 6175300.0 ], [ 726000.0, 6175300.0 ], [ 726100.0, 6175300.0 ], [ 726100.0, 6175200.0 ], [ 726100.0, 6175100.0 ], [ 726200.0, 6175100.0 ], [ 726200.0, 6175000.0 ], [ 726100.0, 6175000.0 ], [ 726000.0, 6175000.0 ], [ 725900.0, 6175000.0 ], [ 725900.0, 6174900.0 ], [ 725800.0, 6174900.0 ], [ 725800.0, 6175000.0 ], [ 725700.0, 6175000.0 ], [ 725700.0, 6175100.0 ] ] ] } },
{ "type": "Feature", "properties": { "Shape_Area": 10000.0, "Shape_Leng": 400.0, "cluster_id": "101_268", "fid_1": 268.0, "id_munic": 268.0, "munic_clus": "101_268", "munic_code": 101.0, "min": 3.5903029441833496, "max": 3.5903029441833496, "mean": 3.5903029441833496, "count": 1, "std": 0.0, "range": 0.0 }, "geometry": { "type": "Polygon", "coordinates": [ [ [ 725700.0, 6175300.0 ], [ 725700.0, 6175400.0 ], [ 725800.0, 6175400.0 ], [ 725800.0, 6175300.0 ], [ 725700.0, 6175300.0 ] ] ] } },
{ "type": "Feature", "properties": { "Shape_Area": 10000.0, "Shape_Leng": 400.0, "cluster_id": "101_269", "fid_1": 269.0, "id_munic": 269.0, "munic_clus": "101_269", "munic_code": 101.0, "min": 2.8928687572479248, "max": 2.8928687572479248, "mean": 2.8928687572479248, "count": 1, "std": 0.0, "range": 0.0 }, "geometry": { "type": "Polygon", "coordinates": [ [ [ 726300.0, 6174700.0 ], [ 726300.0, 6174800.0 ], [ 726400.0, 6174800.0 ], [ 726400.0, 6174700.0 ], [ 726300.0, 6174700.0 ] ] ] } },
{ "type": "Feature", "properties": { "Shape_Area": 10000.0, "Shape_Leng": 400.0, "cluster_id": "101_270", "fid_1": 270.0, "id_munic": 270.0, "munic_clus": "101_270", "munic_code": 101.0, "min": 2.861879825592041, "max": 2.861879825592041, "mean": 2.861879825592041, "count": 1, "std": 0.0, "range": 0.0 }, "geometry": { "type": "Polygon", "coordinates": [ [ [ 726500.0, 6174800.0 ], [ 726500.0, 6174900.0 ], [ 726600.0, 6174900.0 ], [ 726600.0, 6174800.0 ], [ 726500.0, 6174800.0 ] ] ] } },
{ "type": "Feature", "properties": { "Shape_Area": 30000.0, "Shape_Leng": 800.0, "cluster_id": "101_271", "fid_1": 271.0, "id_munic": 271.0, "munic_clus": "101_271", "munic_code": 101.0, "min": 3.3472182750701904, "max": 3.3472182750701904, "mean": 3.3472181955973306, "count": 3, "std": 7.947285984855057e-08, "range": 0.0 }, "geometry": { "type": "Polygon", "coordinates": [ [ [ 726300.0, 6175100.0 ], [ 726400.0, 6175100.0 ], [ 726500.0, 6175100.0 ], [ 726600.0, 6175100.0 ], [ 726600.0, 6175000.0 ], [ 726500.0, 6175000.0 ], [ 726400.0, 6175000.0 ], [ 726300.0, 6175000.0 ], [ 726300.0, 6175100.0 ] ] ] } },
{ "type": "Feature", "properties": { "Shape_Area": 10000.0, "Shape_Leng": 400.0, "cluster_id": "101_272", "fid_1": 272.0, "id_munic": 272.0, "munic_clus": "101_272", "munic_code": 101.0, "min": 3.4235255718231201, "max": 3.4235255718231201, "mean": 3.4235255718231201, "count": 1, "std": 0.0, "range": 0.0 }, "geometry": { "type": "Polygon", "coordinates": [ [ [ 726200.0, 6175000.0 ], [ 726200.0, 6175100.0 ], [ 726300.0, 6175100.0 ], [ 726300.0, 6175000.0 ], [ 726200.0, 6175000.0 ] ] ] } },
{ "type": "Feature", "properties": { "Shape_Area": 20000.0, "Shape_Leng": 600.0, "cluster_id": "101_273", "fid_1": 273.0, "id_munic": 273.0, "munic_clus": "101_273", "munic_code": 101.0, "min": 2.7832391262054443, "max": 2.7832391262054443, "mean": 2.7832391262054443, "count": 2, "std": 0.0, "range": 0.0 }, "geometry": { "type": "Polygon", "coordinates": [ [ [ 726200.0, 6175000.0 ], [ 726300.0, 6175000.0 ], [ 726400.0, 6175000.0 ], [ 726400.0, 6174900.0 ], [ 726300.0, 6174900.0 ], [ 726200.0, 6174900.0 ], [ 726200.0, 6175000.0 ] ] ] } },
{ "type": "Feature", "properties": { "Shape_Area": 10000.0, "Shape_Leng": 400.0, "cluster_id": "101_274", "fid_1": 274.0, "id_munic": 274.0, "munic_clus": "101_274", "munic_code": 101.0, "min": 3.4131960868835449, "max": 3.4131960868835449, "mean": 3.4131960868835449, "count": 1, "std": 0.0, "range": 0.0 }, "geometry": { "type": "Polygon", "coordinates": [ [ [ 726300.0, 6174800.0 ], [ 726300.0, 6174900.0 ], [ 726400.0, 6174900.0 ], [ 726400.0, 6174800.0 ], [ 726300.0, 6174800.0 ] ] ] } },
{ "type": "Feature", "properties": { "Shape_Area": 10000.0, "Shape_Leng": 400.0, "cluster_id": "101_275", "fid_1": 275.0, "id_munic": 275.0, "munic_clus": "101_275", "munic_code": 101.0, "min": 3.3360545635223389, "max": 3.3360545635223389, "mean": 3.3360545635223389, "count": 1, "std": 0.0, "range": 0.0 }, "geometry": { "type": "Polygon", "coordinates": [ [ [ 726400.0, 6174900.0 ], [ 726400.0, 6175000.0 ], [ 726500.0, 6175000.0 ], [ 726500.0, 6174900.0 ], [ 726400.0, 6174900.0 ] ] ] } },
{ "type": "Feature", "properties": { "Shape_Area": 30000.0, "Shape_Leng": 800.0, "cluster_id": "101_276", "fid_1": 276.0, "id_munic": 276.0, "munic_clus": "101_276", "munic_code": 101.0, "min": 2.9461848735809326, "max": 2.9461848735809326, "mean": 2.9461847941080728, "count": 3, "std": 7.947285984855057e-08, "range": 0.0 }, "geometry": { "type": "Polygon", "coordinates": [ [ [ 719100.0, 6175800.0 ], [ 719200.0, 6175800.0 ], [ 719200.0, 6175900.0 ], [ 719300.0, 6175900.0 ], [ 719300.0, 6175800.0 ], [ 719300.0, 6175700.0 ], [ 719200.0, 6175700.0 ], [ 719100.0, 6175700.0 ], [ 719100.0, 6175800.0 ] ] ] } },
{ "type": "Feature", "properties": { "Shape_Area": 10000.0, "Shape_Leng": 400.0, "cluster_id": "101_277", "fid_1": 277.0, "id_munic": 277.0, "munic_clus": "101_277", "munic_code": 101.0, "min": 2.5619795322418213, "max": 2.5619795322418213, "mean": 2.5619795322418213, "count": 1, "std": 0.0, "range": 0.0 }, "geometry": { "type": "Polygon", "coordinates": [ [ [ 727100.0, 6174800.0 ], [ 727100.0, 6174900.0 ], [ 727200.0, 6174900.0 ], [ 727200.0, 6174800.0 ], [ 727100.0, 6174800.0 ] ] ] } },
{ "type": "Feature", "properties": { "Shape_Area": 10000.0, "Shape_Leng": 400.0, "cluster_id": "101_278", "fid_1": 278.0, "id_munic": 278.0, "munic_clus": "101_278", "munic_code": 101.0, "min": 2.3798739910125732, "max": 2.3798739910125732, "mean": 2.3798739910125732, "count": 1, "std": 0.0, "range": 0.0 }, "geometry": { "type": "Polygon", "coordinates": [ [ [ 726400.0, 6174800.0 ], [ 726400.0, 6174900.0 ], [ 726500.0, 6174900.0 ], [ 726500.0, 6174800.0 ], [ 726400.0, 6174800.0 ] ] ] } },
{ "type": "Feature", "properties": { "Shape_Area": 10000.0, "Shape_Leng": 400.0, "cluster_id": "101_279", "fid_1": 279.0, "id_munic": 279.0, "munic_clus": "101_279", "munic_code": 101.0, "min": 3.2305903434753418, "max": 3.2305903434753418, "mean": 3.2305903434753418, "count": 1, "std": 0.0, "range": 0.0 }, "geometry": { "type": "Polygon", "coordinates": [ [ [ 726500.0, 6174900.0 ], [ 726500.0, 6175000.0 ], [ 726600.0, 6175000.0 ], [ 726600.0, 6174900.0 ], [ 726500.0, 6174900.0 ] ] ] } },
{ "type": "Feature", "properties": { "Shape_Area": 10000.0, "Shape_Leng": 400.0, "cluster_id": "101_280", "fid_1": 280.0, "id_munic": 280.0, "munic_clus": "101_280", "munic_code": 101.0, "min": 3.164945125579834, "max": 3.164945125579834, "mean": 3.164945125579834, "count": 1, "std": 0.0, "range": 0.0 }, "geometry": { "type": "Polygon", "coordinates": [ [ [ 726800.0, 6174700.0 ], [ 726800.0, 6174800.0 ], [ 726900.0, 6174800.0 ], [ 726900.0, 6174700.0 ], [ 726800.0, 6174700.0 ] ] ] } },
{ "type": "Feature", "properties": { "Shape_Area": 10000.0, "Shape_Leng": 400.0, "cluster_id": "101_281", "fid_1": 281.0, "id_munic": 281.0, "munic_clus": "101_281", "munic_code": 101.0, "min": 2.6354551315307617, "max": 2.6354551315307617, "mean": 2.6354551315307617, "count": 1, "std": 0.0, "range": 0.0 }, "geometry": { "type": "Polygon", "coordinates": [ [ [ 726600.0, 6174600.0 ], [ 726600.0, 6174700.0 ], [ 726700.0, 6174700.0 ], [ 726700.0, 6174600.0 ], [ 726600.0, 6174600.0 ] ] ] } },
{ "type": "Feature", "properties": { "Shape_Area": 10000.0, "Shape_Leng": 400.0, "cluster_id": "101_282", "fid_1": 282.0, "id_munic": 282.0, "munic_clus": "101_282", "munic_code": 101.0, "min": 2.6071312427520752, "max": 2.6071312427520752, "mean": 2.6071312427520752, "count": 1, "std": 0.0, "range": 0.0 }, "geometry": { "type": "Polygon", "coordinates": [ [ [ 726700.0, 6174700.0 ], [ 726700.0, 6174800.0 ], [ 726800.0, 6174800.0 ], [ 726800.0, 6174700.0 ], [ 726700.0, 6174700.0 ] ] ] } },
{ "type": "Feature", "properties": { "Shape_Area": 30000.0, "Shape_Leng": 800.0, "cluster_id": "101_283", "fid_1": 283.0, "id_munic": 283.0, "munic_clus": "101_283", "munic_code": 101.0, "min": 3.3802070617675781, "max": 3.3802070617675781, "mean": 3.3802070617675781, "count": 3, "std": 0.0, "range": 0.0 }, "geometry": { "type": "Polygon", "coordinates": [ [ [ 726600.0, 6174800.0 ], [ 726600.0, 6174900.0 ], [ 726700.0, 6174900.0 ], [ 726800.0, 6174900.0 ], [ 726800.0, 6174800.0 ], [ 726700.0, 6174800.0 ], [ 726700.0, 6174700.0 ], [ 726600.0, 6174700.0 ], [ 726600.0, 6174800.0 ] ] ] } },
{ "type": "Feature", "properties": { "Shape_Area": 40000.0, "Shape_Leng": 800.0, "cluster_id": "101_284", "fid_1": 284.0, "id_munic": 284.0, "munic_clus": "101_284", "munic_code": 101.0, "min": 2.0014998912811279, "max": 2.0014998912811279, "mean": 2.0014998912811279, "count": 4, "std": 0.0, "range": 0.0 }, "geometry": { "type": "Polygon", "coordinates": [ [ [ 726600.0, 6174600.0 ], [ 726500.0, 6174600.0 ], [ 726400.0, 6174600.0 ], [ 726400.0, 6174700.0 ], [ 726400.0, 6174800.0 ], [ 726500.0, 6174800.0 ], [ 726600.0, 6174800.0 ], [ 726600.0, 6174700.0 ], [ 726600.0, 6174600.0 ] ] ] } },
{ "type": "Feature", "properties": { "Shape_Area": 220000.0, "Shape_Leng": 2200.0, "cluster_id": "101_285", "fid_1": 285.0, "id_munic": 285.0, "munic_clus": "101_285", "munic_code": 101.0, "min": 3.2150955200195312, "max": 3.2150955200195312, "mean": 3.2150955200195312, "count": 22, "std": 0.0, "range": 0.0 }, "geometry": { "type": "Polygon", "coordinates": [ [ [ 725800.0, 6174500.0 ], [ 725700.0, 6174500.0 ], [ 725600.0, 6174500.0 ], [ 725500.0, 6174500.0 ], [ 725500.0, 6174600.0 ], [ 725500.0, 6174700.0 ], [ 725600.0, 6174700.0 ], [ 725600.0, 6174800.0 ], [ 725600.0, 6174900.0 ], [ 725700.0, 6174900.0 ], [ 725800.0, 6174900.0 ], [ 725900.0, 6174900.0 ], [ 726000.0, 6174900.0 ], [ 726000.0, 6174800.0 ], [ 726100.0, 6174800.0 ], [ 726100.0, 6174700.0 ], [ 726100.0, 6174600.0 ], [ 726100.0, 6174500.0 ], [ 726000.0, 6174500.0 ], [ 726000.0, 6174400.0 ], [ 725900.0, 6174400.0 ], [ 725900.0, 6174500.0 ], [ 725800.0, 6174500.0 ] ] ] } },
{ "type": "Feature", "properties": { "Shape_Area": 10000.0, "Shape_Leng": 400.0, "cluster_id": "101_286", "fid_1": 286.0, "id_munic": 286.0, "munic_clus": "101_286", "munic_code": 101.0, "min": 2.5288240909576416, "max": 2.5288240909576416, "mean": 2.5288240909576416, "count": 1, "std": 0.0, "range": 0.0 }, "geometry": { "type": "Polygon", "coordinates": [ [ [ 727300.0, 6172500.0 ], [ 727300.0, 6172600.0 ], [ 727400.0, 6172600.0 ], [ 727400.0, 6172500.0 ], [ 727300.0, 6172500.0 ] ] ] } },
{ "type": "Feature", "properties": { "Shape_Area": 20000.0, "Shape_Leng": 600.0, "cluster_id": "101_287", "fid_1": 287.0, "id_munic": 287.0, "munic_clus": "101_287", "munic_code": 101.0, "min": 3.0286576747894287, "max": 3.0286576747894287, "mean": 3.0286576747894287, "count": 2, "std": 0.0, "range": 0.0 }, "geometry": { "type": "Polygon", "coordinates": [ [ [ 727300.0, 6172400.0 ], [ 727400.0, 6172400.0 ], [ 727500.0, 6172400.0 ], [ 727500.0, 6172300.0 ], [ 727400.0, 6172300.0 ], [ 727300.0, 6172300.0 ], [ 727300.0, 6172400.0 ] ] ] } },
{ "type": "Feature", "properties": { "Shape_Area": 20000.0, "Shape_Leng": 600.0, "cluster_id": "101_288", "fid_1": 288.0, "id_munic": 288.0, "munic_clus": "101_288", "munic_code": 101.0, "min": 1.9888373613357544, "max": 1.9888373613357544, "mean": 1.9888373613357544, "count": 2, "std": 0.0, "range": 0.0 }, "geometry": { "type": "Polygon", "coordinates": [ [ [ 727300.0, 6172500.0 ], [ 727400.0, 6172500.0 ], [ 727500.0, 6172500.0 ], [ 727500.0, 6172400.0 ], [ 727400.0, 6172400.0 ], [ 727300.0, 6172400.0 ], [ 727300.0, 6172500.0 ] ] ] } },
{ "type": "Feature", "properties": { "Shape_Area": 40000.0, "Shape_Leng": 1000.0, "cluster_id": "101_289", "fid_1": 289.0, "id_munic": 289.0, "munic_clus": "101_289", "munic_code": 101.0, "min": 2.368544340133667, "max": 2.368544340133667, "mean": 2.368544340133667, "count": 4, "std": 0.0, "range": 0.0 }, "geometry": { "type": "Polygon", "coordinates": [ [ [ 727200.0, 6172500.0 ], [ 727100.0, 6172500.0 ], [ 727100.0, 6172600.0 ], [ 727200.0, 6172600.0 ], [ 727300.0, 6172600.0 ], [ 727300.0, 6172500.0 ], [ 727300.0, 6172400.0 ], [ 727300.0, 6172300.0 ], [ 727200.0, 6172300.0 ], [ 727200.0, 6172400.0 ], [ 727200.0, 6172500.0 ] ] ] } },
{ "type": "Feature", "properties": { "Shape_Area": 80000.0, "Shape_Leng": 1200.0, "cluster_id": "101_290", "fid_1": 290.0, "id_munic": 290.0, "munic_clus": "101_290", "munic_code": 101.0, "min": 2.8587143421173096, "max": 2.8587143421173096, "mean": 2.8587145805358887, "count": 8, "std": 2.384185791015625e-07, "range": 0.0 }, "geometry": { "type": "Polygon", "coordinates": [ [ [ 727200.0, 6172300.0 ], [ 727100.0, 6172300.0 ], [ 727000.0, 6172300.0 ], [ 726900.0, 6172300.0 ], [ 726900.0, 6172400.0 ], [ 726900.0, 6172500.0 ], [ 726900.0, 6172600.0 ], [ 727000.0, 6172600.0 ], [ 727100.0, 6172600.0 ], [ 727100.0, 6172500.0 ], [ 727200.0, 6172500.0 ], [ 727200.0, 6172400.0 ], [ 727200.0, 6172300.0 ] ] ] } },
{ "type": "Feature", "properties": { "Shape_Area": 50000.0, "Shape_Leng": 1000.0, "cluster_id": "101_291", "fid_1": 291.0, "id_munic": 291.0, "munic_clus": "101_291", "munic_code": 101.0, "min": 3.4113631248474121, "max": 3.4113631248474121, "mean": 3.4113632202148438, "count": 5, "std": 9.5367431729442842e-08, "range": 0.0 }, "geometry": { "type": "Polygon", "coordinates": [ [ [ 719300.0, 6175900.0 ], [ 719200.0, 6175900.0 ], [ 719200.0, 6176000.0 ], [ 719100.0, 6176000.0 ], [ 719100.0, 6176100.0 ], [ 719100.0, 6176200.0 ], [ 719200.0, 6176200.0 ], [ 719300.0, 6176200.0 ], [ 719300.0, 6176100.0 ], [ 719300.0, 6176000.0 ], [ 719300.0, 6175900.0 ] ] ] } },
{ "type": "Feature", "properties": { "Shape_Area": 20000.0, "Shape_Leng": 600.0, "cluster_id": "101_292", "fid_1": 292.0, "id_munic": 292.0, "munic_clus": "101_292", "munic_code": 101.0, "min": 2.5309896469116211, "max": 2.5309896469116211, "mean": 2.5309896469116211, "count": 2, "std": 0.0, "range": 0.0 }, "geometry": { "type": "Polygon", "coordinates": [ [ [ 728600.0, 6172700.0 ], [ 728700.0, 6172700.0 ], [ 728800.0, 6172700.0 ], [ 728800.0, 6172600.0 ], [ 728700.0, 6172600.0 ], [ 728600.0, 6172600.0 ], [ 728600.0, 6172700.0 ] ] ] } },
{ "type": "Feature", "properties": { "Shape_Area": 70000.0, "Shape_Leng": 1200.0, "cluster_id": "101_293", "fid_1": 293.0, "id_munic": 293.0, "munic_clus": "101_293", "munic_code": 101.0, "min": 2.3993675708770752, "max": 2.3993675708770752, "mean": 2.3993677411760603, "count": 7, "std": 1.7029898513598596e-07, "range": 0.0 }, "geometry": { "type": "Polygon", "coordinates": [ [ [ 728400.0, 6173000.0 ], [ 728300.0, 6173000.0 ], [ 728200.0, 6173000.0 ], [ 728200.0, 6173100.0 ], [ 728100.0, 6173100.0 ], [ 728100.0, 6173200.0 ], [ 728200.0, 6173200.0 ], [ 728200.0, 6173300.0 ], [ 728300.0, 6173300.0 ], [ 728400.0, 6173300.0 ], [ 728400.0, 6173200.0 ], [ 728400.0, 6173100.0 ], [ 728400.0, 6173000.0 ] ] ] } },
{ "type": "Feature", "properties": { "Shape_Area": 90000.0, "Shape_Leng": 1600.0, "cluster_id": "101_294", "fid_1": 294.0, "id_munic": 294.0, "munic_clus": "101_294", "munic_code": 101.0, "min": 3.1889374256134033, "max": 3.1889374256134033, "mean": 3.1889377170138888, "count": 9, "std": 2.9140048551923314e-07, "range": 0.0 }, "geometry": { "type": "Polygon", "coordinates": [ [ [ 728100.0, 6173200.0 ], [ 728100.0, 6173300.0 ], [ 728000.0, 6173300.0 ], [ 728000.0, 6173400.0 ], [ 728100.0, 6173400.0 ], [ 728200.0, 6173400.0 ], [ 728200.0, 6173500.0 ], [ 728300.0, 6173500.0 ], [ 728400.0, 6173500.0 ], [ 728500.0, 6173500.0 ], [ 728500.0, 6173400.0 ], [ 728500.0, 6173300.0 ], [ 728400.0, 6173300.0 ], [ 728300.0, 6173300.0 ], [ 728200.0, 6173300.0 ], [ 728200.0, 6173200.0 ], [ 728100.0, 6173200.0 ] ] ] } },
{ "type": "Feature", "properties": { "Shape_Area": 70000.0, "Shape_Leng": 1200.0, "cluster_id": "101_295", "fid_1": 295.0, "id_munic": 295.0, "munic_clus": "101_295", "munic_code": 101.0, "min": 2.7975680828094482, "max": 2.7975680828094482, "mean": 2.7975679125104631, "count": 7, "std": 1.7029898513598596e-07, "range": 0.0 }, "geometry": { "type": "Polygon", "coordinates": [ [ [ 728500.0, 6172800.0 ], [ 728400.0, 6172800.0 ], [ 728300.0, 6172800.0 ], [ 728200.0, 6172800.0 ], [ 728200.0, 6172900.0 ], [ 728200.0, 6173000.0 ], [ 728300.0, 6173000.0 ], [ 728400.0, 6173000.0 ], [ 728400.0, 6173100.0 ], [ 728500.0, 6173100.0 ], [ 728500.0, 6173000.0 ], [ 728500.0, 6172900.0 ], [ 728500.0, 6172800.0 ] ] ] } },
{ "type": "Feature", "properties": { "Shape_Area": 50000.0, "Shape_Leng": 1000.0, "cluster_id": "101_296", "fid_1": 296.0, "id_munic": 296.0, "munic_clus": "101_296", "munic_code": 101.0, "min": 2.5301568508148193, "max": 2.5301568508148193, "mean": 2.530156898498535, "count": 5, "std": 4.7683715642676816e-08, "range": 0.0 }, "geometry": { "type": "Polygon", "coordinates": [ [ [ 728400.0, 6173500.0 ], [ 728300.0, 6173500.0 ], [ 728200.0, 6173500.0 ], [ 728200.0, 6173600.0 ], [ 728200.0, 6173700.0 ], [ 728200.0, 6173800.0 ], [ 728300.0, 6173800.0 ], [ 728300.0, 6173700.0 ], [ 728400.0, 6173700.0 ], [ 728400.0, 6173600.0 ], [ 728400.0, 6173500.0 ] ] ] } },
{ "type": "Feature", "properties": { "Shape_Area": 30000.0, "Shape_Leng": 800.0, "cluster_id": "101_297", "fid_1": 297.0, "id_munic": 297.0, "munic_clus": "101_297", "munic_code": 101.0, "min": 3.9311895370483398, "max": 3.9311895370483398, "mean": 3.9311895370483398, "count": 3, "std": 0.0, "range": 0.0 }, "geometry": { "type": "Polygon", "coordinates": [ [ [ 728600.0, 6172800.0 ], [ 728500.0, 6172800.0 ], [ 728500.0, 6172900.0 ], [ 728600.0, 6172900.0 ], [ 728700.0, 6172900.0 ], [ 728700.0, 6172800.0 ], [ 728700.0, 6172700.0 ], [ 728600.0, 6172700.0 ], [ 728600.0, 6172800.0 ] ] ] } },
{ "type": "Feature", "properties": { "Shape_Area": 60000.0, "Shape_Leng": 1000.0, "cluster_id": "101_298", "fid_1": 298.0, "id_munic": 298.0, "munic_clus": "101_298", "munic_code": 101.0, "min": 3.0000004768371582, "max": 3.0000004768371582, "mean": 3.000000317891439, "count": 6, "std": 1.5894571925301193e-07, "range": 0.0 }, "geometry": { "type": "Polygon", "coordinates": [ [ [ 728900.0, 6173400.0 ], [ 728800.0, 6173400.0 ], [ 728700.0, 6173400.0 ], [ 728600.0, 6173400.0 ], [ 728600.0, 6173500.0 ], [ 728600.0, 6173600.0 ], [ 728700.0, 6173600.0 ], [ 728800.0, 6173600.0 ], [ 728900.0, 6173600.0 ], [ 728900.0, 6173500.0 ], [ 728900.0, 6173400.0 ] ] ] } },
{ "type": "Feature", "properties": { "Shape_Area": 40000.0, "Shape_Leng": 800.0, "cluster_id": "101_299", "fid_1": 299.0, "id_munic": 299.0, "munic_clus": "101_299", "munic_code": 101.0, "min": 3.0043325424194336, "max": 3.0043325424194336, "mean": 3.0043325424194336, "count": 4, "std": 0.0, "range": 0.0 }, "geometry": { "type": "Polygon", "coordinates": [ [ [ 719600.0, 6176100.0 ], [ 719500.0, 6176100.0 ], [ 719400.0, 6176100.0 ], [ 719400.0, 6176200.0 ], [ 719400.0, 6176300.0 ], [ 719500.0, 6176300.0 ], [ 719600.0, 6176300.0 ], [ 719600.0, 6176200.0 ], [ 719600.0, 6176100.0 ] ] ] } },
{ "type": "Feature", "properties": { "Shape_Area": 230000.0, "Shape_Leng": 3000.0, "cluster_id": "101_300", "fid_1": 300.0, "id_munic": 300.0, "munic_clus": "101_300", "munic_code": 101.0, "min": 2.774075984954834, "max": 2.774075984954834, "mean": 2.774075881294582, "count": 23, "std": 1.0366025193775386e-07, "range": 0.0 }, "geometry": { "type": "Polygon", "coordinates": [ [ [ 728800.0, 6173200.0 ], [ 728800.0, 6173300.0 ], [ 728800.0, 6173400.0 ], [ 728900.0, 6173400.0 ], [ 728900.0, 6173500.0 ], [ 728900.0, 6173600.0 ], [ 728800.0, 6173600.0 ], [ 728700.0, 6173600.0 ], [ 728700.0, 6173700.0 ], [ 728700.0, 6173800.0 ], [ 728600.0, 6173800.0 ], [ 728600.0, 6173900.0 ], [ 728700.0, 6173900.0 ], [ 728800.0, 6173900.0 ], [ 728800.0, 6174000.0 ], [ 728900.0, 6174000.0 ], [ 728900.0, 6173900.0 ], [ 729000.0, 6173900.0 ], [ 729000.0, 6173800.0 ], [ 729000.0, 6173700.0 ], [ 729100.0, 6173700.0 ], [ 729100.0, 6173600.0 ], [ 729100.0, 6173500.0 ], [ 729100.0, 6173400.0 ], [ 729200.0, 6173400.0 ], [ 729200.0, 6173300.0 ], [ 729100.0, 6173300.0 ], [ 729100.0, 6173200.0 ], [ 729000.0, 6173200.0 ], [ 728900.0, 6173200.0 ], [ 728800.0, 6173200.0 ] ] ] } },
{ "type": "Feature", "properties": { "Shape_Area": 100000.0, "Shape_Leng": 1600.0, "cluster_id": "101_301", "fid_1": 301.0, "id_munic": 301.0, "munic_clus": "101_301", "munic_code": 101.0, "min": 2.8442187309265137, "max": 2.8442187309265137, "mean": 2.8442186355590819, "count": 10, "std": 9.5367431729442842e-08, "range": 0.0 }, "geometry": { "type": "Polygon", "coordinates": [ [ [ 728500.0, 6173500.0 ], [ 728400.0, 6173500.0 ], [ 728400.0, 6173600.0 ], [ 728400.0, 6173700.0 ], [ 728300.0, 6173700.0 ], [ 728300.0, 6173800.0 ], [ 728400.0, 6173800.0 ], [ 728500.0, 6173800.0 ], [ 728500.0, 6173900.0 ], [ 728600.0, 6173900.0 ], [ 728600.0, 6173800.0 ], [ 728700.0, 6173800.0 ], [ 728700.0, 6173700.0 ], [ 728700.0, 6173600.0 ], [ 728600.0, 6173600.0 ], [ 728600.0, 6173500.0 ], [ 728500.0, 6173500.0 ] ] ] } },
{ "type": "Feature", "properties": { "Shape_Area": 480000.0, "Shape_Leng": 4000.0, "cluster_id": "101_302", "fid_1": 302.0, "id_munic": 302.0, "munic_clus": "101_302", "munic_code": 101.0, "min": 3.2422525882720947, "max": 3.2422525882720947, "mean": 3.2422526677449546, "count": 48, "std": 7.947285984855057e-08, "range": 0.0 }, "geometry": { "type": "Polygon", "coordinates": [ [ [ 728700.0, 6172700.0 ], [ 728700.0, 6172800.0 ], [ 728700.0, 6172900.0 ], [ 728700.0, 6173000.0 ], [ 728800.0, 6173000.0 ], [ 728800.0, 6173100.0 ], [ 728800.0, 6173200.0 ], [ 728900.0, 6173200.0 ], [ 729000.0, 6173200.0 ], [ 729100.0, 6173200.0 ], [ 729100.0, 6173300.0 ], [ 729200.0, 6173300.0 ], [ 729200.0, 6173200.0 ], [ 729300.0, 6173200.0 ], [ 729300.0, 6173100.0 ], [ 729400.0, 6173100.0 ], [ 729400.0, 6173000.0 ], [ 729500.0, 6173000.0 ], [ 729600.0, 6173000.0 ], [ 729700.0, 6173000.0 ], [ 729700.0, 6172900.0 ], [ 729700.0, 6172800.0 ], [ 729600.0, 6172800.0 ], [ 729600.0, 6172700.0 ], [ 729500.0, 6172700.0 ], [ 729400.0, 6172700.0 ], [ 729300.0, 6172700.0 ], [ 729200.0, 6172700.0 ], [ 729200.0, 6172600.0 ], [ 729100.0, 6172600.0 ], [ 729000.0, 6172600.0 ], [ 728900.0, 6172600.0 ], [ 728900.0, 6172500.0 ], [ 728800.0, 6172500.0 ], [ 728700.0, 6172500.0 ], [ 728600.0, 6172500.0 ], [ 728600.0, 6172600.0 ], [ 728700.0, 6172600.0 ], [ 728800.0, 6172600.0 ], [ 728800.0, 6172700.0 ], [ 728700.0, 6172700.0 ] ] ] } },
{ "type": "Feature", "properties": { "Shape_Area": 90000.0, "Shape_Leng": 1200.0, "cluster_id": "101_303", "fid_1": 303.0, "id_munic": 303.0, "munic_clus": "101_303", "munic_code": 101.0, "min": 2.3978679180145264, "max": 2.3978679180145264, "mean": 2.3978678385416665, "count": 9, "std": 7.947285984855057e-08, "range": 0.0 }, "geometry": { "type": "Polygon", "coordinates": [ [ [ 728600.0, 6172500.0 ], [ 728500.0, 6172500.0 ], [ 728400.0, 6172500.0 ], [ 728300.0, 6172500.0 ], [ 728300.0, 6172600.0 ], [ 728300.0, 6172700.0 ], [ 728300.0, 6172800.0 ], [ 728400.0, 6172800.0 ], [ 728500.0, 6172800.0 ], [ 728600.0, 6172800.0 ], [ 728600.0, 6172700.0 ], [ 728600.0, 6172600.0 ], [ 728600.0, 6172500.0 ] ] ] } },
{ "type": "Feature", "properties": { "Shape_Area": 20000.0, "Shape_Leng": 600.0, "cluster_id": "101_304", "fid_1": 304.0, "id_munic": 304.0, "munic_clus": "101_304", "munic_code": 101.0, "min": 2.6982676982879639, "max": 2.6982676982879639, "mean": 2.6982676982879639, "count": 2, "std": 0.0, "range": 0.0 }, "geometry": { "type": "Polygon", "coordinates": [ [ [ 726800.0, 6173900.0 ], [ 726800.0, 6174000.0 ], [ 726900.0, 6174000.0 ], [ 726900.0, 6173900.0 ], [ 726900.0, 6173800.0 ], [ 726800.0, 6173800.0 ], [ 726800.0, 6173900.0 ] ] ] } },
{ "type": "Feature", "properties": { "Shape_Area": 10000.0, "Shape_Leng": 400.0, "cluster_id": "101_305", "fid_1": 305.0, "id_munic": 305.0, "munic_clus": "101_305", "munic_code": 101.0, "min": 4.0448188781738281, "max": 4.0448188781738281, "mean": 4.0448188781738281, "count": 1, "std": 0.0, "range": 0.0 }, "geometry": { "type": "Polygon", "coordinates": [ [ [ 726300.0, 6174200.0 ], [ 726300.0, 6174300.0 ], [ 726400.0, 6174300.0 ], [ 726400.0, 6174200.0 ], [ 726300.0, 6174200.0 ] ] ] } },
{ "type": "Feature", "properties": { "Shape_Area": 30000.0, "Shape_Leng": 800.0, "cluster_id": "101_306", "fid_1": 306.0, "id_munic": 306.0, "munic_clus": "101_306", "munic_code": 101.0, "min": 2.2800736427307129, "max": 2.2800736427307129, "mean": 2.2800736427307129, "count": 3, "std": 0.0, "range": 0.0 }, "geometry": { "type": "Polygon", "coordinates": [ [ [ 726700.0, 6174100.0 ], [ 726700.0, 6174200.0 ], [ 726800.0, 6174200.0 ], [ 726800.0, 6174100.0 ], [ 726900.0, 6174100.0 ], [ 726900.0, 6174000.0 ], [ 726800.0, 6174000.0 ], [ 726700.0, 6174000.0 ], [ 726700.0, 6174100.0 ] ] ] } },
{ "type": "Feature", "properties": { "Shape_Area": 20000.0, "Shape_Leng": 600.0, "cluster_id": "101_307", "fid_1": 307.0, "id_munic": 307.0, "munic_clus": "101_307", "munic_code": 101.0, "min": 3.532822847366333, "max": 3.532822847366333, "mean": 3.532822847366333, "count": 2, "std": 0.0, "range": 0.0 }, "geometry": { "type": "Polygon", "coordinates": [ [ [ 726600.0, 6174000.0 ], [ 726700.0, 6174000.0 ], [ 726800.0, 6174000.0 ], [ 726800.0, 6173900.0 ], [ 726700.0, 6173900.0 ], [ 726600.0, 6173900.0 ], [ 726600.0, 6174000.0 ] ] ] } },
{ "type": "Feature", "properties": { "Shape_Area": 10000.0, "Shape_Leng": 400.0, "cluster_id": "101_308", "fid_1": 308.0, "id_munic": 308.0, "munic_clus": "101_308", "munic_code": 101.0, "min": 2.5876379013061523, "max": 2.5876379013061523, "mean": 2.5876379013061523, "count": 1, "std": 0.0, "range": 0.0 }, "geometry": { "type": "Polygon", "coordinates": [ [ [ 726500.0, 6174000.0 ], [ 726500.0, 6174100.0 ], [ 726600.0, 6174100.0 ], [ 726600.0, 6174000.0 ], [ 726500.0, 6174000.0 ] ] ] } },
{ "type": "Feature", "properties": { "Shape_Area": 10000.0, "Shape_Leng": 400.0, "cluster_id": "101_309", "fid_1": 309.0, "id_munic": 309.0, "munic_clus": "101_309", "munic_code": 101.0, "min": 3.5829730033874512, "max": 3.5829730033874512, "mean": 3.5829730033874512, "count": 1, "std": 0.0, "range": 0.0 }, "geometry": { "type": "Polygon", "coordinates": [ [ [ 726400.0, 6174300.0 ], [ 726400.0, 6174400.0 ], [ 726500.0, 6174400.0 ], [ 726500.0, 6174300.0 ], [ 726400.0, 6174300.0 ] ] ] } },
{ "type": "Feature", "properties": { "Shape_Area": 10000.0, "Shape_Leng": 400.0, "cluster_id": "101_310", "fid_1": 310.0, "id_munic": 310.0, "munic_clus": "101_310", "munic_code": 101.0, "min": 3.2007668018341064, "max": 3.2007668018341064, "mean": 3.2007668018341064, "count": 1, "std": 0.0, "range": 0.0 }, "geometry": { "type": "Polygon", "coordinates": [ [ [ 726100.0, 6174500.0 ], [ 726100.0, 6174600.0 ], [ 726200.0, 6174600.0 ], [ 726200.0, 6174500.0 ], [ 726100.0, 6174500.0 ] ] ] } },
{ "type": "Feature", "properties": { "Shape_Area": 20000.0, "Shape_Leng": 600.0, "cluster_id": "101_311", "fid_1": 311.0, "id_munic": 311.0, "munic_clus": "101_311", "munic_code": 101.0, "min": 2.443185567855835, "max": 2.443185567855835, "mean": 2.443185567855835, "count": 2, "std": 0.0, "range": 0.0 }, "geometry": { "type": "Polygon", "coordinates": [ [ [ 726200.0, 6174700.0 ], [ 726300.0, 6174700.0 ], [ 726400.0, 6174700.0 ], [ 726400.0, 6174600.0 ], [ 726300.0, 6174600.0 ], [ 726200.0, 6174600.0 ], [ 726200.0, 6174700.0 ] ] ] } },
{ "type": "Feature", "properties": { "Shape_Area": 10000.0, "Shape_Leng": 400.0, "cluster_id": "101_312", "fid_1": 312.0, "id_munic": 312.0, "munic_clus": "101_312", "munic_code": 101.0, "min": 2.241086483001709, "max": 2.241086483001709, "mean": 2.241086483001709, "count": 1, "std": 0.0, "range": 0.0 }, "geometry": { "type": "Polygon", "coordinates": [ [ [ 726200.0, 6174700.0 ], [ 726200.0, 6174800.0 ], [ 726300.0, 6174800.0 ], [ 726300.0, 6174700.0 ], [ 726200.0, 6174700.0 ] ] ] } },
{ "type": "Feature", "properties": { "Shape_Area": 20000.0, "Shape_Leng": 600.0, "cluster_id": "101_313", "fid_1": 313.0, "id_munic": 313.0, "munic_clus": "101_313", "munic_code": 101.0, "min": 2.8688771724700928, "max": 2.8688771724700928, "mean": 2.8688771724700928, "count": 2, "std": 0.0, "range": 0.0 }, "geometry": { "type": "Polygon", "coordinates": [ [ [ 726600.0, 6174100.0 ], [ 726600.0, 6174200.0 ], [ 726700.0, 6174200.0 ], [ 726700.0, 6174100.0 ], [ 726700.0, 6174000.0 ], [ 726600.0, 6174000.0 ], [ 726600.0, 6174100.0 ] ] ] } },
{ "type": "Feature", "properties": { "Shape_Area": 20000.0, "Shape_Leng": 600.0, "cluster_id": "101_314", "fid_1": 314.0, "id_munic": 314.0, "munic_clus": "101_314", "munic_code": 101.0, "min": 3.026491641998291, "max": 3.026491641998291, "mean": 3.026491641998291, "count": 2, "std": 0.0, "range": 0.0 }, "geometry": { "type": "Polygon", "coordinates": [ [ [ 726200.0, 6174600.0 ], [ 726300.0, 6174600.0 ], [ 726400.0, 6174600.0 ], [ 726400.0, 6174500.0 ], [ 726300.0, 6174500.0 ], [ 726200.0, 6174500.0 ], [ 726200.0, 6174600.0 ] ] ] } },
{ "type": "Feature", "properties": { "Shape_Area": 10000.0, "Shape_Leng": 400.0, "cluster_id": "101_315", "fid_1": 315.0, "id_munic": 315.0, "munic_clus": "101_315", "munic_code": 101.0, "min": 2.9338552951812744, "max": 2.9338552951812744, "mean": 2.9338552951812744, "count": 1, "std": 0.0, "range": 0.0 }, "geometry": { "type": "Polygon", "coordinates": [ [ [ 726400.0, 6174500.0 ], [ 726400.0, 6174600.0 ], [ 726500.0, 6174600.0 ], [ 726500.0, 6174500.0 ], [ 726400.0, 6174500.0 ] ] ] } },
{ "type": "Feature", "properties": { "Shape_Area": 10000.0, "Shape_Leng": 400.0, "cluster_id": "101_316", "fid_1": 316.0, "id_munic": 316.0, "munic_clus": "101_316", "munic_code": 101.0, "min": 2.9766747951507568, "max": 2.9766747951507568, "mean": 2.9766747951507568, "count": 1, "std": 0.0, "range": 0.0 }, "geometry": { "type": "Polygon", "coordinates": [ [ [ 726300.0, 6174400.0 ], [ 726300.0, 6174500.0 ], [ 726400.0, 6174500.0 ], [ 726400.0, 6174400.0 ], [ 726300.0, 6174400.0 ] ] ] } },
{ "type": "Feature", "properties": { "Shape_Area": 10000.0, "Shape_Leng": 400.0, "cluster_id": "101_317", "fid_1": 317.0, "id_munic": 317.0, "munic_clus": "101_317", "munic_code": 101.0, "min": 3.2307567596435547, "max": 3.2307567596435547, "mean": 3.2307567596435547, "count": 1, "std": 0.0, "range": 0.0 }, "geometry": { "type": "Polygon", "coordinates": [ [ [ 726300.0, 6174300.0 ], [ 726300.0, 6174400.0 ], [ 726400.0, 6174400.0 ], [ 726400.0, 6174300.0 ], [ 726300.0, 6174300.0 ] ] ] } },
{ "type": "Feature", "properties": { "Shape_Area": 10000.0, "Shape_Leng": 400.0, "cluster_id": "101_318", "fid_1": 318.0, "id_munic": 318.0, "munic_clus": "101_318", "munic_code": 101.0, "min": 3.1579477787017822, "max": 3.1579477787017822, "mean": 3.1579477787017822, "count": 1, "std": 0.0, "range": 0.0 }, "geometry": { "type": "Polygon", "coordinates": [ [ [ 726400.0, 6174400.0 ], [ 726400.0, 6174500.0 ], [ 726500.0, 6174500.0 ], [ 726500.0, 6174400.0 ], [ 726400.0, 6174400.0 ] ] ] } },
{ "type": "Feature", "properties": { "Shape_Area": 10000.0, "Shape_Leng": 400.0, "cluster_id": "101_319", "fid_1": 319.0, "id_munic": 319.0, "munic_clus": "101_319", "munic_code": 101.0, "min": 3.6124632358551025, "max": 3.6124632358551025, "mean": 3.6124632358551025, "count": 1, "std": 0.0, "range": 0.0 }, "geometry": { "type": "Polygon", "coordinates": [ [ [ 726200.0, 6174300.0 ], [ 726200.0, 6174400.0 ], [ 726300.0, 6174400.0 ], [ 726300.0, 6174300.0 ], [ 726200.0, 6174300.0 ] ] ] } },
{ "type": "Feature", "properties": { "Shape_Area": 20000.0, "Shape_Leng": 600.0, "cluster_id": "101_320", "fid_1": 320.0, "id_munic": 320.0, "munic_clus": "101_320", "munic_code": 101.0, "min": 2.6039655208587646, "max": 2.6039655208587646, "mean": 2.6039655208587646, "count": 2, "std": 0.0, "range": 0.0 }, "geometry": { "type": "Polygon", "coordinates": [ [ [ 719300.0, 6176100.0 ], [ 719300.0, 6176200.0 ], [ 719400.0, 6176200.0 ], [ 719400.0, 6176100.0 ], [ 719400.0, 6176000.0 ], [ 719300.0, 6176000.0 ], [ 719300.0, 6176100.0 ] ] ] } },
{ "type": "Feature", "properties": { "Shape_Area": 20000.0, "Shape_Leng": 600.0, "cluster_id": "101_321", "fid_1": 321.0, "id_munic": 321.0, "munic_clus": "101_321", "munic_code": 101.0, "min": 2.3043985366821289, "max": 2.3043985366821289, "mean": 2.3043985366821289, "count": 2, "std": 0.0, "range": 0.0 }, "geometry": { "type": "Polygon", "coordinates": [ [ [ 726100.0, 6174700.0 ], [ 726100.0, 6174800.0 ], [ 726200.0, 6174800.0 ], [ 726200.0, 6174700.0 ], [ 726200.0, 6174600.0 ], [ 726100.0, 6174600.0 ], [ 726100.0, 6174700.0 ] ] ] } },
{ "type": "Feature", "properties": { "Shape_Area": 10000.0, "Shape_Leng": 400.0, "cluster_id": "101_322", "fid_1": 322.0, "id_munic": 322.0, "munic_clus": "101_322", "munic_code": 101.0, "min": 3.7937362194061279, "max": 3.7937362194061279, "mean": 3.7937362194061279, "count": 1, "std": 0.0, "range": 0.0 }, "geometry": { "type": "Polygon", "coordinates": [ [ [ 726600.0, 6174200.0 ], [ 726600.0, 6174300.0 ], [ 726700.0, 6174300.0 ], [ 726700.0, 6174200.0 ], [ 726600.0, 6174200.0 ] ] ] } },
{ "type": "Feature", "properties": { "Shape_Area": 40000.0, "Shape_Leng": 800.0, "cluster_id": "101_323", "fid_1": 323.0, "id_munic": 323.0, "munic_clus": "101_323", "munic_code": 101.0, "min": 3.0034987926483154, "max": 3.0034987926483154, "mean": 3.0034987926483154, "count": 4, "std": 0.0, "range": 0.0 }, "geometry": { "type": "Polygon", "coordinates": [ [ [ 726200.0, 6175400.0 ], [ 726100.0, 6175400.0 ], [ 726000.0, 6175400.0 ], [ 726000.0, 6175500.0 ], [ 726000.0, 6175600.0 ], [ 726100.0, 6175600.0 ], [ 726200.0, 6175600.0 ], [ 726200.0, 6175500.0 ], [ 726200.0, 6175400.0 ] ] ] } },
{ "type": "Feature", "properties": { "Shape_Area": 10000.0, "Shape_Leng": 400.0, "cluster_id": "101_324", "fid_1": 324.0, "id_munic": 324.0, "munic_clus": "101_324", "munic_code": 101.0, "min": 2.4875044822692871, "max": 2.4875044822692871, "mean": 2.4875044822692871, "count": 1, "std": 0.0, "range": 0.0 }, "geometry": { "type": "Polygon", "coordinates": [ [ [ 727500.0, 6174600.0 ], [ 727500.0, 6174700.0 ], [ 727600.0, 6174700.0 ], [ 727600.0, 6174600.0 ], [ 727500.0, 6174600.0 ] ] ] } },
{ "type": "Feature", "properties": { "Shape_Area": 10000.0, "Shape_Leng": 400.0, "cluster_id": "101_325", "fid_1": 325.0, "id_munic": 325.0, "munic_clus": "101_325", "munic_code": 101.0, "min": 2.6857719421386719, "max": 2.6857719421386719, "mean": 2.6857719421386719, "count": 1, "std": 0.0, "range": 0.0 }, "geometry": { "type": "Polygon", "coordinates": [ [ [ 727400.0, 6174400.0 ], [ 727400.0, 6174500.0 ], [ 727500.0, 6174500.0 ], [ 727500.0, 6174400.0 ], [ 727400.0, 6174400.0 ] ] ] } },
{ "type": "Feature", "properties": { "Shape_Area": 10000.0, "Shape_Leng": 400.0, "cluster_id": "101_326", "fid_1": 326.0, "id_munic": 326.0, "munic_clus": "101_326", "munic_code": 101.0, "min": 3.5918037891387939, "max": 3.5918037891387939, "mean": 3.5918037891387939, "count": 1, "std": 0.0, "range": 0.0 }, "geometry": { "type": "Polygon", "coordinates": [ [ [ 727500.0, 6174500.0 ], [ 727500.0, 6174600.0 ], [ 727600.0, 6174600.0 ], [ 727600.0, 6174500.0 ], [ 727500.0, 6174500.0 ] ] ] } },
{ "type": "Feature", "properties": { "Shape_Area": 70000.0, "Shape_Leng": 1200.0, "cluster_id": "101_327", "fid_1": 327.0, "id_munic": 327.0, "munic_clus": "101_327", "munic_code": 101.0, "min": 2.822892427444458, "max": 2.822892427444458, "mean": 2.8228925977434431, "count": 7, "std": 1.7029898513598596e-07, "range": 0.0 }, "geometry": { "type": "Polygon", "coordinates": [ [ [ 727800.0, 6174600.0 ], [ 727700.0, 6174600.0 ], [ 727600.0, 6174600.0 ], [ 727600.0, 6174700.0 ], [ 727500.0, 6174700.0 ], [ 727500.0, 6174800.0 ], [ 727500.0, 6174900.0 ], [ 727600.0, 6174900.0 ], [ 727700.0, 6174900.0 ], [ 727700.0, 6174800.0 ], [ 727800.0, 6174800.0 ], [ 727800.0, 6174700.0 ], [ 727800.0, 6174600.0 ] ] ] } },
{ "type": "Feature", "properties": { "Shape_Area": 10000.0, "Shape_Leng": 400.0, "cluster_id": "101_328", "fid_1": 328.0, "id_munic": 328.0, "munic_clus": "101_328", "munic_code": 101.0, "min": 3.5043323040008545, "max": 3.5043323040008545, "mean": 3.5043323040008545, "count": 1, "std": 0.0, "range": 0.0 }, "geometry": { "type": "Polygon", "coordinates": [ [ [ 727600.0, 6174500.0 ], [ 727600.0, 6174600.0 ], [ 727700.0, 6174600.0 ], [ 727700.0, 6174500.0 ], [ 727600.0, 6174500.0 ] ] ] } },
{ "type": "Feature", "properties": { "Shape_Area": 30000.0, "Shape_Leng": 800.0, "cluster_id": "101_329", "fid_1": 329.0, "id_munic": 329.0, "munic_clus": "101_329", "munic_code": 101.0, "min": 2.6654453277587891, "max": 2.6654453277587891, "mean": 2.6654453277587891, "count": 3, "std": 0.0, "range": 0.0 }, "geometry": { "type": "Polygon", "coordinates": [ [ [ 727200.0, 6174800.0 ], [ 727200.0, 6174900.0 ], [ 727300.0, 6174900.0 ], [ 727300.0, 6174800.0 ], [ 727400.0, 6174800.0 ], [ 727400.0, 6174700.0 ], [ 727300.0, 6174700.0 ], [ 727200.0, 6174700.0 ], [ 727200.0, 6174800.0 ] ] ] } },
{ "type": "Feature", "properties": { "Shape_Area": 30000.0, "Shape_Leng": 800.0, "cluster_id": "101_330", "fid_1": 330.0, "id_munic": 330.0, "munic_clus": "101_330", "munic_code": 101.0, "min": 2.9871714115142822, "max": 2.9871714115142822, "mean": 2.9871714909871421, "count": 3, "std": 7.947285984855057e-08, "range": 0.0 }, "geometry": { "type": "Polygon", "coordinates": [ [ [ 727300.0, 6174900.0 ], [ 727400.0, 6174900.0 ], [ 727400.0, 6175000.0 ], [ 727500.0, 6175000.0 ], [ 727500.0, 6174900.0 ], [ 727500.0, 6174800.0 ], [ 727400.0, 6174800.0 ], [ 727300.0, 6174800.0 ], [ 727300.0, 6174900.0 ] ] ] } },
{ "type": "Feature", "properties": { "Shape_Area": 20000.0, "Shape_Leng": 600.0, "cluster_id": "101_331", "fid_1": 331.0, "id_munic": 331.0, "munic_clus": "101_331", "munic_code": 101.0, "min": 3.0916361808776855, "max": 3.0916361808776855, "mean": 3.0916361808776855, "count": 2, "std": 0.0, "range": 0.0 }, "geometry": { "type": "Polygon", "coordinates": [ [ [ 727400.0, 6174700.0 ], [ 727400.0, 6174800.0 ], [ 727500.0, 6174800.0 ], [ 727500.0, 6174700.0 ], [ 727500.0, 6174600.0 ], [ 727400.0, 6174600.0 ], [ 727400.0, 6174700.0 ] ] ] } },
{ "type": "Feature", "properties": { "Shape_Area": 30000.0, "Shape_Leng": 800.0, "cluster_id": "101_332", "fid_1": 332.0, "id_munic": 332.0, "munic_clus": "101_332", "munic_code": 101.0, "min": 2.9123625755310059, "max": 2.9123625755310059, "mean": 2.9123624165852866, "count": 3, "std": 1.5894571925301193e-07, "range": 0.0 }, "geometry": { "type": "Polygon", "coordinates": [ [ [ 727100.0, 6175000.0 ], [ 727200.0, 6175000.0 ], [ 727300.0, 6175000.0 ], [ 727400.0, 6175000.0 ], [ 727400.0, 6174900.0 ], [ 727300.0, 6174900.0 ], [ 727200.0, 6174900.0 ], [ 727100.0, 6174900.0 ], [ 727100.0, 6175000.0 ] ] ] } },
{ "type": "Feature", "properties": { "Shape_Area": 30000.0, "Shape_Leng": 800.0, "cluster_id": "101_333", "fid_1": 333.0, "id_munic": 333.0, "munic_clus": "101_333", "munic_code": 101.0, "min": 3.4410197734832764, "max": 3.4410197734832764, "mean": 3.4410196940104165, "count": 3, "std": 7.947285984855057e-08, "range": 0.0 }, "geometry": { "type": "Polygon", "coordinates": [ [ [ 726000.0, 6175700.0 ], [ 726000.0, 6175800.0 ], [ 726100.0, 6175800.0 ], [ 726100.0, 6175700.0 ], [ 726200.0, 6175700.0 ], [ 726200.0, 6175600.0 ], [ 726100.0, 6175600.0 ], [ 726000.0, 6175600.0 ], [ 726000.0, 6175700.0 ] ] ] } },
{ "type": "Feature", "properties": { "Shape_Area": 70000.0, "Shape_Leng": 1200.0, "cluster_id": "101_334", "fid_1": 334.0, "id_munic": 334.0, "munic_clus": "101_334", "munic_code": 101.0, "min": 3.4165277481079102, "max": 3.4165277481079102, "mean": 3.4165278843470981, "count": 7, "std": 1.3623918793115308e-07, "range": 0.0 }, "geometry": { "type": "Polygon", "coordinates": [ [ [ 726300.0, 6175800.0 ], [ 726300.0, 6175900.0 ], [ 726400.0, 6175900.0 ], [ 726500.0, 6175900.0 ], [ 726500.0, 6175800.0 ], [ 726600.0, 6175800.0 ], [ 726600.0, 6175700.0 ], [ 726500.0, 6175700.0 ], [ 726500.0, 6175600.0 ], [ 726400.0, 6175600.0 ], [ 726300.0, 6175600.0 ], [ 726300.0, 6175700.0 ], [ 726300.0, 6175800.0 ] ] ] } },
{ "type": "Feature", "properties": { "Shape_Area": 10000.0, "Shape_Leng": 400.0, "cluster_id": "101_335", "fid_1": 335.0, "id_munic": 335.0, "munic_clus": "101_335", "munic_code": 101.0, "min": 3.411862850189209, "max": 3.411862850189209, "mean": 3.411862850189209, "count": 1, "std": 0.0, "range": 0.0 }, "geometry": { "type": "Polygon", "coordinates": [ [ [ 726100.0, 6175800.0 ], [ 726100.0, 6175900.0 ], [ 726200.0, 6175900.0 ], [ 726200.0, 6175800.0 ], [ 726100.0, 6175800.0 ] ] ] } },
{ "type": "Feature", "properties": { "Shape_Area": 10000.0, "Shape_Leng": 400.0, "cluster_id": "101_336", "fid_1": 336.0, "id_munic": 336.0, "munic_clus": "101_336", "munic_code": 101.0, "min": 2.9870045185089111, "max": 2.9870045185089111, "mean": 2.9870045185089111, "count": 1, "std": 0.0, "range": 0.0 }, "geometry": { "type": "Polygon", "coordinates": [ [ [ 726200.0, 6175900.0 ], [ 726200.0, 6176000.0 ], [ 726300.0, 6176000.0 ], [ 726300.0, 6175900.0 ], [ 726200.0, 6175900.0 ] ] ] } },
{ "type": "Feature", "properties": { "Shape_Area": 10000.0, "Shape_Leng": 400.0, "cluster_id": "101_337", "fid_1": 337.0, "id_munic": 337.0, "munic_clus": "101_337", "munic_code": 101.0, "min": 2.4790074825286865, "max": 2.4790074825286865, "mean": 2.4790074825286865, "count": 1, "std": 0.0, "range": 0.0 }, "geometry": { "type": "Polygon", "coordinates": [ [ [ 726200.0, 6175800.0 ], [ 726200.0, 6175900.0 ], [ 726300.0, 6175900.0 ], [ 726300.0, 6175800.0 ], [ 726200.0, 6175800.0 ] ] ] } },
{ "type": "Feature", "properties": { "Shape_Area": 20000.0, "Shape_Leng": 600.0, "cluster_id": "101_338", "fid_1": 338.0, "id_munic": 338.0, "munic_clus": "101_338", "munic_code": 101.0, "min": 3.0483179092407227, "max": 3.0483179092407227, "mean": 3.0483179092407227, "count": 2, "std": 0.0, "range": 0.0 }, "geometry": { "type": "Polygon", "coordinates": [ [ [ 725800.0, 6175500.0 ], [ 725900.0, 6175500.0 ], [ 726000.0, 6175500.0 ], [ 726000.0, 6175400.0 ], [ 725900.0, 6175400.0 ], [ 725800.0, 6175400.0 ], [ 725800.0, 6175500.0 ] ] ] } },
{ "type": "Feature", "properties": { "Shape_Area": 10000.0, "Shape_Leng": 400.0, "cluster_id": "101_339", "fid_1": 339.0, "id_munic": 339.0, "munic_clus": "101_339", "munic_code": 101.0, "min": 2.8272249698638916, "max": 2.8272249698638916, "mean": 2.8272249698638916, "count": 1, "std": 0.0, "range": 0.0 }, "geometry": { "type": "Polygon", "coordinates": [ [ [ 727400.0, 6174500.0 ], [ 727400.0, 6174600.0 ], [ 727500.0, 6174600.0 ], [ 727500.0, 6174500.0 ], [ 727400.0, 6174500.0 ] ] ] } },
{ "type": "Feature", "properties": { "Shape_Area": 10000.0, "Shape_Leng": 400.0, "cluster_id": "101_340", "fid_1": 340.0, "id_munic": 340.0, "munic_clus": "101_340", "munic_code": 101.0, "min": 3.5758087635040283, "max": 3.5758087635040283, "mean": 3.5758087635040283, "count": 1, "std": 0.0, "range": 0.0 }, "geometry": { "type": "Polygon", "coordinates": [ [ [ 727300.0, 6174600.0 ], [ 727300.0, 6174700.0 ], [ 727400.0, 6174700.0 ], [ 727400.0, 6174600.0 ], [ 727300.0, 6174600.0 ] ] ] } },
{ "type": "Feature", "properties": { "Shape_Area": 10000.0, "Shape_Leng": 400.0, "cluster_id": "101_341", "fid_1": 341.0, "id_munic": 341.0, "munic_clus": "101_341", "munic_code": 101.0, "min": 2.4353551864624023, "max": 2.4353551864624023, "mean": 2.4353551864624023, "count": 1, "std": 0.0, "range": 0.0 }, "geometry": { "type": "Polygon", "coordinates": [ [ [ 726100.0, 6175700.0 ], [ 726100.0, 6175800.0 ], [ 726200.0, 6175800.0 ], [ 726200.0, 6175700.0 ], [ 726100.0, 6175700.0 ] ] ] } },
{ "type": "Feature", "properties": { "Shape_Area": 240000.0, "Shape_Leng": 2600.0, "cluster_id": "101_342", "fid_1": 342.0, "id_munic": 342.0, "munic_clus": "101_342", "munic_code": 101.0, "min": 3.3718762397766113, "max": 3.3718762397766113, "mean": 3.3718763987223306, "count": 24, "std": 1.5894571925301193e-07, "range": 0.0 }, "geometry": { "type": "Polygon", "coordinates": [ [ [ 726200.0, 6176200.0 ], [ 726100.0, 6176200.0 ], [ 726100.0, 6176300.0 ], [ 726100.0, 6176400.0 ], [ 726200.0, 6176400.0 ], [ 726300.0, 6176400.0 ], [ 726300.0, 6176300.0 ], [ 726400.0, 6176300.0 ], [ 726500.0, 6176300.0 ], [ 726500.0, 6176200.0 ], [ 726600.0, 6176200.0 ], [ 726700.0, 6176200.0 ], [ 726800.0, 6176200.0 ], [ 726800.0, 6176100.0 ], [ 726800.0, 6176000.0 ], [ 726700.0, 6176000.0 ], [ 726700.0, 6175900.0 ], [ 726700.0, 6175800.0 ], [ 726600.0, 6175800.0 ], [ 726500.0, 6175800.0 ], [ 726500.0, 6175900.0 ], [ 726400.0, 6175900.0 ], [ 726300.0, 6175900.0 ], [ 726300.0, 6176000.0 ], [ 726200.0, 6176000.0 ], [ 726200.0, 6176100.0 ], [ 726200.0, 6176200.0 ] ] ] } },
{ "type": "Feature", "properties": { "Shape_Area": 10000.0, "Shape_Leng": 400.0, "cluster_id": "101_343", "fid_1": 343.0, "id_munic": 343.0, "munic_clus": "101_343", "munic_code": 101.0, "min": 3.1301236152648926, "max": 3.1301236152648926, "mean": 3.1301236152648926, "count": 1, "std": 0.0, "range": 0.0 }, "geometry": { "type": "Polygon", "coordinates": [ [ [ 726200.0, 6175700.0 ], [ 726200.0, 6175800.0 ], [ 726300.0, 6175800.0 ], [ 726300.0, 6175700.0 ], [ 726200.0, 6175700.0 ] ] ] } },
{ "type": "Feature", "properties": { "Shape_Area": 60000.0, "Shape_Leng": 1200.0, "cluster_id": "101_344", "fid_1": 344.0, "id_munic": 344.0, "munic_clus": "101_344", "munic_code": 101.0, "min": 3.5723094940185547, "max": 3.5723094940185547, "mean": 3.5723094940185547, "count": 6, "std": 0.0, "range": 0.0 }, "geometry": { "type": "Polygon", "coordinates": [ [ [ 725600.0, 6170800.0 ], [ 725600.0, 6170900.0 ], [ 725600.0, 6171000.0 ], [ 725700.0, 6171000.0 ], [ 725700.0, 6171100.0 ], [ 725800.0, 6171100.0 ], [ 725800.0, 6171000.0 ], [ 725800.0, 6170900.0 ], [ 725800.0, 6170800.0 ], [ 725800.0, 6170700.0 ], [ 725700.0, 6170700.0 ], [ 725700.0, 6170800.0 ], [ 725600.0, 6170800.0 ] ] ] } },
{ "type": "Feature", "properties": { "Shape_Area": 80000.0, "Shape_Leng": 1400.0, "cluster_id": "101_345", "fid_1": 345.0, "id_munic": 345.0, "munic_clus": "101_345", "munic_code": 101.0, "min": 3.3825390338897705, "max": 3.3825390338897705, "mean": 3.3825392723083496, "count": 8, "std": 2.384185791015625e-07, "range": 0.0 }, "geometry": { "type": "Polygon", "coordinates": [ [ [ 725700.0, 6171100.0 ], [ 725600.0, 6171100.0 ], [ 725600.0, 6171200.0 ], [ 725600.0, 6171300.0 ], [ 725600.0, 6171400.0 ], [ 725600.0, 6171500.0 ], [ 725700.0, 6171500.0 ], [ 725700.0, 6171400.0 ], [ 725800.0, 6171400.0 ], [ 725800.0, 6171300.0 ], [ 725900.0, 6171300.0 ], [ 725900.0, 6171200.0 ], [ 725800.0, 6171200.0 ], [ 725800.0, 6171100.0 ], [ 725700.0, 6171100.0 ] ] ] } },
{ "type": "Feature", "properties": { "Shape_Area": 40000.0, "Shape_Leng": 1000.0, "cluster_id": "101_346", "fid_1": 346.0, "id_munic": 346.0, "munic_clus": "101_346", "munic_code": 101.0, "min": 3.2001004219055176, "max": 3.2001004219055176, "mean": 3.2001004219055176, "count": 4, "std": 0.0, "range": 0.0 }, "geometry": { "type": "Polygon", "coordinates": [ [ [ 725800.0, 6171400.0 ], [ 725700.0, 6171400.0 ], [ 725700.0, 6171500.0 ], [ 725600.0, 6171500.0 ], [ 725600.0, 6171600.0 ], [ 725700.0, 6171600.0 ], [ 725800.0, 6171600.0 ], [ 725900.0, 6171600.0 ], [ 725900.0, 6171500.0 ], [ 725800.0, 6171500.0 ], [ 725800.0, 6171400.0 ] ] ] } },
{ "type": "Feature", "properties": { "Shape_Area": 40000.0, "Shape_Leng": 800.0, "cluster_id": "101_347", "fid_1": 347.0, "id_munic": 347.0, "munic_clus": "101_347", "munic_code": 101.0, "min": 3.7380871772766113, "max": 3.7380871772766113, "mean": 3.7380871772766113, "count": 4, "std": 0.0, "range": 0.0 }, "geometry": { "type": "Polygon", "coordinates": [ [ [ 726900.0, 6172400.0 ], [ 726800.0, 6172400.0 ], [ 726700.0, 6172400.0 ], [ 726700.0, 6172500.0 ], [ 726700.0, 6172600.0 ], [ 726800.0, 6172600.0 ], [ 726900.0, 6172600.0 ], [ 726900.0, 6172500.0 ], [ 726900.0, 6172400.0 ] ] ] } },
{ "type": "Feature", "properties": { "Shape_Area": 130000.0, "Shape_Leng": 1800.0, "cluster_id": "101_348", "fid_1": 348.0, "id_munic": 348.0, "munic_clus": "101_348", "munic_code": 101.0, "min": 3.0018329620361328, "max": 3.0018329620361328, "mean": 3.0018328153170071, "count": 13, "std": 1.4671912573760437e-07, "range": 0.0 }, "geometry": { "type": "Polygon", "coordinates": [ [ [ 726700.0, 6171700.0 ], [ 726600.0, 6171700.0 ], [ 726500.0, 6171700.0 ], [ 726500.0, 6171800.0 ], [ 726500.0, 6171900.0 ], [ 726600.0, 6171900.0 ], [ 726600.0, 6172000.0 ], [ 726700.0, 6172000.0 ], [ 726800.0, 6172000.0 ], [ 726900.0, 6172000.0 ], [ 727000.0, 6172000.0 ], [ 727000.0, 6171900.0 ], [ 727100.0, 6171900.0 ], [ 727100.0, 6171800.0 ], [ 727000.0, 6171800.0 ], [ 726900.0, 6171800.0 ], [ 726800.0, 6171800.0 ], [ 726800.0, 6171700.0 ], [ 726700.0, 6171700.0 ] ] ] } },
{ "type": "Feature", "properties": { "Shape_Area": 50000.0, "Shape_Leng": 1000.0, "cluster_id": "101_349", "fid_1": 349.0, "id_munic": 349.0, "munic_clus": "101_349", "munic_code": 101.0, "min": 3.4183609485626221, "max": 3.4183609485626221, "mean": 3.4183609008789064, "count": 5, "std": 4.7683715642676816e-08, "range": 0.0 }, "geometry": { "type": "Polygon", "coordinates": [ [ [ 726500.0, 6172100.0 ], [ 726500.0, 6172200.0 ], [ 726600.0, 6172200.0 ], [ 726700.0, 6172200.0 ], [ 726700.0, 6172100.0 ], [ 726700.0, 6172000.0 ], [ 726600.0, 6172000.0 ], [ 726600.0, 6171900.0 ], [ 726500.0, 6171900.0 ], [ 726500.0, 6172000.0 ], [ 726500.0, 6172100.0 ] ] ] } },
{ "type": "Feature", "properties": { "Shape_Area": 60000.0, "Shape_Leng": 1000.0, "cluster_id": "101_350", "fid_1": 350.0, "id_munic": 350.0, "munic_clus": "101_350", "munic_code": 101.0, "min": 3.1234593391418457, "max": 3.1234593391418457, "mean": 3.1234591801961265, "count": 6, "std": 1.5894571925301193e-07, "range": 0.0 }, "geometry": { "type": "Polygon", "coordinates": [ [ [ 726700.0, 6172200.0 ], [ 726600.0, 6172200.0 ], [ 726500.0, 6172200.0 ], [ 726400.0, 6172200.0 ], [ 726400.0, 6172300.0 ], [ 726400.0, 6172400.0 ], [ 726500.0, 6172400.0 ], [ 726600.0, 6172400.0 ], [ 726700.0, 6172400.0 ], [ 726700.0, 6172300.0 ], [ 726700.0, 6172200.0 ] ] ] } },
{ "type": "Feature", "properties": { "Shape_Area": 60000.0, "Shape_Leng": 1000.0, "cluster_id": "101_351", "fid_1": 351.0, "id_munic": 351.0, "munic_clus": "101_351", "munic_code": 101.0, "min": 3.3167285919189453, "max": 3.3167285919189453, "mean": 3.3167285919189453, "count": 6, "std": 0.0, "range": 0.0 }, "geometry": { "type": "Polygon", "coordinates": [ [ [ 726700.0, 6172400.0 ], [ 726600.0, 6172400.0 ], [ 726500.0, 6172400.0 ], [ 726400.0, 6172400.0 ], [ 726400.0, 6172500.0 ], [ 726400.0, 6172600.0 ], [ 726500.0, 6172600.0 ], [ 726600.0, 6172600.0 ], [ 726700.0, 6172600.0 ], [ 726700.0, 6172500.0 ], [ 726700.0, 6172400.0 ] ] ] } },
{ "type": "Feature", "properties": { "Shape_Area": 10000.0, "Shape_Leng": 400.0, "cluster_id": "101_352", "fid_1": 352.0, "id_munic": 352.0, "munic_clus": "101_352", "munic_code": 101.0, "min": 2.7960681915283203, "max": 2.7960681915283203, "mean": 2.7960681915283203, "count": 1, "std": 0.0, "range": 0.0 }, "geometry": { "type": "Polygon", "coordinates": [ [ [ 719500.0, 6176500.0 ], [ 719500.0, 6176600.0 ], [ 719600.0, 6176600.0 ], [ 719600.0, 6176500.0 ], [ 719500.0, 6176500.0 ] ] ] } },
{ "type": "Feature", "properties": { "Shape_Area": 200000.0, "Shape_Leng": 2400.0, "cluster_id": "101_353", "fid_1": 353.0, "id_munic": 353.0, "munic_clus": "101_353", "munic_code": 101.0, "min": 3.0718097686767578, "max": 3.0718097686767578, "mean": 3.0718097686767578, "count": 20, "std": 0.0, "range": 0.0 }, "geometry": { "type": "Polygon", "coordinates": [ [ [ 719500.0, 6176700.0 ], [ 719400.0, 6176700.0 ], [ 719400.0, 6176800.0 ], [ 719400.0, 6176900.0 ], [ 719500.0, 6176900.0 ], [ 719600.0, 6176900.0 ], [ 719700.0, 6176900.0 ], [ 719800.0, 6176900.0 ], [ 719900.0, 6176900.0 ], [ 720000.0, 6176900.0 ], [ 720100.0, 6176900.0 ], [ 720100.0, 6176800.0 ], [ 720000.0, 6176800.0 ], [ 720000.0, 6176700.0 ], [ 719900.0, 6176700.0 ], [ 719900.0, 6176600.0 ], [ 719800.0, 6176600.0 ], [ 719800.0, 6176500.0 ], [ 719700.0, 6176500.0 ], [ 719700.0, 6176400.0 ], [ 719600.0, 6176400.0 ], [ 719600.0, 6176500.0 ], [ 719600.0, 6176600.0 ], [ 719500.0, 6176600.0 ], [ 719500.0, 6176700.0 ] ] ] } },
{ "type": "Feature", "properties": { "Shape_Area": 20000.0, "Shape_Leng": 600.0, "cluster_id": "101_354", "fid_1": 354.0, "id_munic": 354.0, "munic_clus": "101_354", "munic_code": 101.0, "min": 3.3542153835296631, "max": 3.3542153835296631, "mean": 3.3542153835296631, "count": 2, "std": 0.0, "range": 0.0 }, "geometry": { "type": "Polygon", "coordinates": [ [ [ 727700.0, 6173500.0 ], [ 727800.0, 6173500.0 ], [ 727900.0, 6173500.0 ], [ 727900.0, 6173400.0 ], [ 727800.0, 6173400.0 ], [ 727700.0, 6173400.0 ], [ 727700.0, 6173500.0 ] ] ] } },
{ "type": "Feature", "properties": { "Shape_Area": 30000.0, "Shape_Leng": 800.0, "cluster_id": "101_355", "fid_1": 355.0, "id_munic": 355.0, "munic_clus": "101_355", "munic_code": 101.0, "min": 2.8835391998291016, "max": 2.8835391998291016, "mean": 2.8835391998291016, "count": 3, "std": 0.0, "range": 0.0 }, "geometry": { "type": "Polygon", "coordinates": [ [ [ 727800.0, 6173300.0 ], [ 727900.0, 6173300.0 ], [ 727900.0, 6173400.0 ], [ 728000.0, 6173400.0 ], [ 728000.0, 6173300.0 ], [ 728000.0, 6173200.0 ], [ 727900.0, 6173200.0 ], [ 727800.0, 6173200.0 ], [ 727800.0, 6173300.0 ] ] ] } },
{ "type": "Feature", "properties": { "Shape_Area": 20000.0, "Shape_Leng": 600.0, "cluster_id": "101_356", "fid_1": 356.0, "id_munic": 356.0, "munic_clus": "101_356", "munic_code": 101.0, "min": 2.4871711730957031, "max": 2.4871711730957031, "mean": 2.4871711730957031, "count": 2, "std": 0.0, "range": 0.0 }, "geometry": { "type": "Polygon", "coordinates": [ [ [ 727700.0, 6173600.0 ], [ 727800.0, 6173600.0 ], [ 727900.0, 6173600.0 ], [ 727900.0, 6173500.0 ], [ 727800.0, 6173500.0 ], [ 727700.0, 6173500.0 ], [ 727700.0, 6173600.0 ] ] ] } },
{ "type": "Feature", "properties": { "Shape_Area": 30000.0, "Shape_Leng": 800.0, "cluster_id": "101_357", "fid_1": 357.0, "id_munic": 357.0, "munic_clus": "101_357", "munic_code": 101.0, "min": 3.0794737339019775, "max": 3.0794737339019775, "mean": 3.0794738133748374, "count": 3, "std": 7.947285984855057e-08, "range": 0.0 }, "geometry": { "type": "Polygon", "coordinates": [ [ [ 727900.0, 6173000.0 ], [ 727900.0, 6173100.0 ], [ 727900.0, 6173200.0 ], [ 728000.0, 6173200.0 ], [ 728000.0, 6173100.0 ], [ 728000.0, 6173000.0 ], [ 728000.0, 6172900.0 ], [ 727900.0, 6172900.0 ], [ 727900.0, 6173000.0 ] ] ] } },
{ "type": "Feature", "properties": { "Shape_Area": 30000.0, "Shape_Leng": 800.0, "cluster_id": "101_358", "fid_1": 358.0, "id_munic": 358.0, "munic_clus": "101_358", "munic_code": 101.0, "min": 3.4080305099487305, "max": 3.4080305099487305, "mean": 3.4080305099487305, "count": 3, "std": 0.0, "range": 0.0 }, "geometry": { "type": "Polygon", "coordinates": [ [ [ 728200.0, 6172600.0 ], [ 728100.0, 6172600.0 ], [ 728100.0, 6172700.0 ], [ 728200.0, 6172700.0 ], [ 728300.0, 6172700.0 ], [ 728300.0, 6172600.0 ], [ 728300.0, 6172500.0 ], [ 728200.0, 6172500.0 ], [ 728200.0, 6172600.0 ] ] ] } },
{ "type": "Feature", "properties": { "Shape_Area": 20000.0, "Shape_Leng": 600.0, "cluster_id": "101_359", "fid_1": 359.0, "id_munic": 359.0, "munic_clus": "101_359", "munic_code": 101.0, "min": 3.1491169929504395, "max": 3.1491169929504395, "mean": 3.1491169929504395, "count": 2, "std": 0.0, "range": 0.0 }, "geometry": { "type": "Polygon", "coordinates": [ [ [ 721900.0, 6180200.0 ], [ 721900.0, 6180300.0 ], [ 722000.0, 6180300.0 ], [ 722000.0, 6180200.0 ], [ 722000.0, 6180100.0 ], [ 721900.0, 6180100.0 ], [ 721900.0, 6180200.0 ] ] ] } },
{ "type": "Feature", "properties": { "Shape_Area": 20000.0, "Shape_Leng": 600.0, "cluster_id": "101_360", "fid_1": 360.0, "id_munic": 360.0, "munic_clus": "101_360", "munic_code": 101.0, "min": 3.0923032760620117, "max": 3.0923032760620117, "mean": 3.0923032760620117, "count": 2, "std": 0.0, "range": 0.0 }, "geometry": { "type": "Polygon", "coordinates": [ [ [ 727700.0, 6173400.0 ], [ 727800.0, 6173400.0 ], [ 727900.0, 6173400.0 ], [ 727900.0, 6173300.0 ], [ 727800.0, 6173300.0 ], [ 727700.0, 6173300.0 ], [ 727700.0, 6173400.0 ] ] ] } },
{ "type": "Feature", "properties": { "Shape_Area": 20000.0, "Shape_Leng": 600.0, "cluster_id": "101_361", "fid_1": 361.0, "id_munic": 361.0, "munic_clus": "101_361", "munic_code": 101.0, "min": 2.8058984279632568, "max": 2.8058984279632568, "mean": 2.8058984279632568, "count": 2, "std": 0.0, "range": 0.0 }, "geometry": { "type": "Polygon", "coordinates": [ [ [ 727800.0, 6173100.0 ], [ 727800.0, 6173200.0 ], [ 727900.0, 6173200.0 ], [ 727900.0, 6173100.0 ], [ 727900.0, 6173000.0 ], [ 727800.0, 6173000.0 ], [ 727800.0, 6173100.0 ] ] ] } },
{ "type": "Feature", "properties": { "Shape_Area": 40000.0, "Shape_Leng": 1000.0, "cluster_id": "101_362", "fid_1": 362.0, "id_munic": 362.0, "munic_clus": "101_362", "munic_code": 101.0, "min": 2.8147289752960205, "max": 2.8147289752960205, "mean": 2.8147289752960205, "count": 4, "std": 0.0, "range": 0.0 }, "geometry": { "type": "Polygon", "coordinates": [ [ [ 728200.0, 6173100.0 ], [ 728200.0, 6173000.0 ], [ 728100.0, 6173000.0 ], [ 728000.0, 6173000.0 ], [ 728000.0, 6173100.0 ], [ 728000.0, 6173200.0 ], [ 728000.0, 6173300.0 ], [ 728100.0, 6173300.0 ], [ 728100.0, 6173200.0 ], [ 728100.0, 6173100.0 ], [ 728200.0, 6173100.0 ] ] ] } },
{ "type": "Feature", "properties": { "Shape_Area": 10000.0, "Shape_Leng": 400.0, "cluster_id": "101_363", "fid_1": 363.0, "id_munic": 363.0, "munic_clus": "101_363", "munic_code": 101.0, "min": 4.2962350845336914, "max": 4.2962350845336914, "mean": 4.2962350845336914, "count": 1, "std": 0.0, "range": 0.0 }, "geometry": { "type": "Polygon", "coordinates": [ [ [ 726800.0, 6174100.0 ], [ 726800.0, 6174200.0 ], [ 726900.0, 6174200.0 ], [ 726900.0, 6174100.0 ], [ 726800.0, 6174100.0 ] ] ] } },
{ "type": "Feature", "properties": { "Shape_Area": 10000.0, "Shape_Leng": 400.0, "cluster_id": "101_364", "fid_1": 364.0, "id_munic": 364.0, "munic_clus": "101_364", "munic_code": 101.0, "min": 2.538154125213623, "max": 2.538154125213623, "mean": 2.538154125213623, "count": 1, "std": 0.0, "range": 0.0 }, "geometry": { "type": "Polygon", "coordinates": [ [ [ 726900.0, 6174000.0 ], [ 726900.0, 6174100.0 ], [ 727000.0, 6174100.0 ], [ 727000.0, 6174000.0 ], [ 726900.0, 6174000.0 ] ] ] } },
{ "type": "Feature", "properties": { "Shape_Area": 20000.0, "Shape_Leng": 600.0, "cluster_id": "101_365", "fid_1": 365.0, "id_munic": 365.0, "munic_clus": "101_365", "munic_code": 101.0, "min": 2.1816062927246094, "max": 2.1816062927246094, "mean": 2.1816062927246094, "count": 2, "std": 0.0, "range": 0.0 }, "geometry": { "type": "Polygon", "coordinates": [ [ [ 727200.0, 6174300.0 ], [ 727300.0, 6174300.0 ], [ 727400.0, 6174300.0 ], [ 727400.0, 6174200.0 ], [ 727300.0, 6174200.0 ], [ 727200.0, 6174200.0 ], [ 727200.0, 6174300.0 ] ] ] } },
{ "type": "Feature", "properties": { "Shape_Area": 20000.0, "Shape_Leng": 600.0, "cluster_id": "101_366", "fid_1": 366.0, "id_munic": 366.0, "munic_clus": "101_366", "munic_code": 101.0, "min": 4.2252588272094727, "max": 4.2252588272094727, "mean": 4.2252588272094727, "count": 2, "std": 0.0, "range": 0.0 }, "geometry": { "type": "Polygon", "coordinates": [ [ [ 727100.0, 6174400.0 ], [ 727100.0, 6174500.0 ], [ 727200.0, 6174500.0 ], [ 727200.0, 6174400.0 ], [ 727200.0, 6174300.0 ], [ 727100.0, 6174300.0 ], [ 727100.0, 6174400.0 ] ] ] } },
{ "type": "Feature", "properties": { "Shape_Area": 10000.0, "Shape_Leng": 400.0, "cluster_id": "101_367", "fid_1": 367.0, "id_munic": 367.0, "munic_clus": "101_367", "munic_code": 101.0, "min": 4.119959831237793, "max": 4.119959831237793, "mean": 4.119959831237793, "count": 1, "std": 0.0, "range": 0.0 }, "geometry": { "type": "Polygon", "coordinates": [ [ [ 719100.0, 6176500.0 ], [ 719100.0, 6176600.0 ], [ 719200.0, 6176600.0 ], [ 719200.0, 6176500.0 ], [ 719100.0, 6176500.0 ] ] ] } },
{ "type": "Feature", "properties": { "Shape_Area": 20000.0, "Shape_Leng": 600.0, "cluster_id": "101_368", "fid_1": 368.0, "id_munic": 368.0, "munic_clus": "101_368", "munic_code": 101.0, "min": 2.5368213653564453, "max": 2.5368213653564453, "mean": 2.5368213653564453, "count": 2, "std": 0.0, "range": 0.0 }, "geometry": { "type": "Polygon", "coordinates": [ [ [ 719200.0, 6176600.0 ], [ 719300.0, 6176600.0 ], [ 719400.0, 6176600.0 ], [ 719400.0, 6176500.0 ], [ 719300.0, 6176500.0 ], [ 719200.0, 6176500.0 ], [ 719200.0, 6176600.0 ] ] ] } },
{ "type": "Feature", "properties": { "Shape_Area": 10000.0, "Shape_Leng": 400.0, "cluster_id": "101_369", "fid_1": 369.0, "id_munic": 369.0, "munic_clus": "101_369", "munic_code": 101.0, "min": 3.9368548393249512, "max": 3.9368548393249512, "mean": 3.9368548393249512, "count": 1, "std": 0.0, "range": 0.0 }, "geometry": { "type": "Polygon", "coordinates": [ [ [ 719400.0, 6176600.0 ], [ 719400.0, 6176700.0 ], [ 719500.0, 6176700.0 ], [ 719500.0, 6176600.0 ], [ 719400.0, 6176600.0 ] ] ] } },
{ "type": "Feature", "properties": { "Shape_Area": 40000.0, "Shape_Leng": 1000.0, "cluster_id": "101_370", "fid_1": 370.0, "id_munic": 370.0, "munic_clus": "101_370", "munic_code": 101.0, "min": 2.7317566871643066, "max": 2.7317566871643066, "mean": 2.7317566871643066, "count": 4, "std": 0.0, "range": 0.0 }, "geometry": { "type": "Polygon", "coordinates": [ [ [ 726900.0, 6174400.0 ], [ 727000.0, 6174400.0 ], [ 727000.0, 6174500.0 ], [ 727100.0, 6174500.0 ], [ 727100.0, 6174400.0 ], [ 727100.0, 6174300.0 ], [ 727000.0, 6174300.0 ], [ 727000.0, 6174200.0 ], [ 726900.0, 6174200.0 ], [ 726900.0, 6174300.0 ], [ 726900.0, 6174400.0 ] ] ] } },
{ "type": "Feature", "properties": { "Shape_Area": 10000.0, "Shape_Leng": 400.0, "cluster_id": "101_371", "fid_1": 371.0, "id_munic": 371.0, "munic_clus": "101_371", "munic_code": 101.0, "min": 3.4758412837982178, "max": 3.4758412837982178, "mean": 3.4758412837982178, "count": 1, "std": 0.0, "range": 0.0 }, "geometry": { "type": "Polygon", "coordinates": [ [ [ 726900.0, 6174100.0 ], [ 726900.0, 6174200.0 ], [ 727000.0, 6174200.0 ], [ 727000.0, 6174100.0 ], [ 726900.0, 6174100.0 ] ] ] } },
{ "type": "Feature", "properties": { "Shape_Area": 20000.0, "Shape_Leng": 600.0, "cluster_id": "101_372", "fid_1": 372.0, "id_munic": 372.0, "munic_clus": "101_372", "munic_code": 101.0, "min": 2.5676441192626953, "max": 2.5676441192626953, "mean": 2.5676441192626953, "count": 2, "std": 0.0, "range": 0.0 }, "geometry": { "type": "Polygon", "coordinates": [ [ [ 726800.0, 6174500.0 ], [ 726900.0, 6174500.0 ], [ 727000.0, 6174500.0 ], [ 727000.0, 6174400.0 ], [ 726900.0, 6174400.0 ], [ 726800.0, 6174400.0 ], [ 726800.0, 6174500.0 ] ] ] } },
{ "type": "Feature", "properties": { "Shape_Area": 20000.0, "Shape_Leng": 600.0, "cluster_id": "101_373", "fid_1": 373.0, "id_munic": 373.0, "munic_clus": "101_373", "munic_code": 101.0, "min": 2.8357217311859131, "max": 2.8357217311859131, "mean": 2.8357217311859131, "count": 2, "std": 0.0, "range": 0.0 }, "geometry": { "type": "Polygon", "coordinates": [ [ [ 726700.0, 6174600.0 ], [ 726700.0, 6174700.0 ], [ 726800.0, 6174700.0 ], [ 726800.0, 6174600.0 ], [ 726800.0, 6174500.0 ], [ 726700.0, 6174500.0 ], [ 726700.0, 6174600.0 ] ] ] } },
{ "type": "Feature", "properties": { "Shape_Area": 10000.0, "Shape_Leng": 400.0, "cluster_id": "101_374", "fid_1": 374.0, "id_munic": 374.0, "munic_clus": "101_374", "munic_code": 101.0, "min": 2.4790067672729492, "max": 2.4790067672729492, "mean": 2.4790067672729492, "count": 1, "std": 0.0, "range": 0.0 }, "geometry": { "type": "Polygon", "coordinates": [ [ [ 726900.0, 6174700.0 ], [ 726900.0, 6174800.0 ], [ 727000.0, 6174800.0 ], [ 727000.0, 6174700.0 ], [ 726900.0, 6174700.0 ] ] ] } },
{ "type": "Feature", "properties": { "Shape_Area": 10000.0, "Shape_Leng": 400.0, "cluster_id": "101_375", "fid_1": 375.0, "id_munic": 375.0, "munic_clus": "101_375", "munic_code": 101.0, "min": 3.0013329982757568, "max": 3.0013329982757568, "mean": 3.0013329982757568, "count": 1, "std": 0.0, "range": 0.0 }, "geometry": { "type": "Polygon", "coordinates": [ [ [ 726900.0, 6173900.0 ], [ 726900.0, 6174000.0 ], [ 727000.0, 6174000.0 ], [ 727000.0, 6173900.0 ], [ 726900.0, 6173900.0 ] ] ] } },
{ "type": "Feature", "properties": { "Shape_Area": 10000.0, "Shape_Leng": 400.0, "cluster_id": "101_376", "fid_1": 376.0, "id_munic": 376.0, "munic_clus": "101_376", "munic_code": 101.0, "min": 3.1686105728149414, "max": 3.1686105728149414, "mean": 3.1686105728149414, "count": 1, "std": 0.0, "range": 0.0 }, "geometry": { "type": "Polygon", "coordinates": [ [ [ 727100.0, 6174700.0 ], [ 727100.0, 6174800.0 ], [ 727200.0, 6174800.0 ], [ 727200.0, 6174700.0 ], [ 727100.0, 6174700.0 ] ] ] } },
{ "type": "Feature", "properties": { "Shape_Area": 10000.0, "Shape_Leng": 400.0, "cluster_id": "101_377", "fid_1": 377.0, "id_munic": 377.0, "munic_clus": "101_377", "munic_code": 101.0, "min": 3.4028666019439697, "max": 3.4028666019439697, "mean": 3.4028666019439697, "count": 1, "std": 0.0, "range": 0.0 }, "geometry": { "type": "Polygon", "coordinates": [ [ [ 727200.0, 6174400.0 ], [ 727200.0, 6174500.0 ], [ 727300.0, 6174500.0 ], [ 727300.0, 6174400.0 ], [ 727200.0, 6174400.0 ] ] ] } },
{ "type": "Feature", "properties": { "Shape_Area": 20000.0, "Shape_Leng": 600.0, "cluster_id": "101_378", "fid_1": 378.0, "id_munic": 378.0, "munic_clus": "101_378", "munic_code": 101.0, "min": 2.9271910190582275, "max": 2.9271910190582275, "mean": 2.9271910190582275, "count": 2, "std": 0.0, "range": 0.0 }, "geometry": { "type": "Polygon", "coordinates": [ [ [ 727100.0, 6174600.0 ], [ 727100.0, 6174700.0 ], [ 727200.0, 6174700.0 ], [ 727200.0, 6174600.0 ], [ 727200.0, 6174500.0 ], [ 727100.0, 6174500.0 ], [ 727100.0, 6174600.0 ] ] ] } },
{ "type": "Feature", "properties": { "Shape_Area": 30000.0, "Shape_Leng": 800.0, "cluster_id": "101_379", "fid_1": 379.0, "id_munic": 379.0, "munic_clus": "101_379", "munic_code": 101.0, "min": 2.7480843067169189, "max": 2.7480843067169189, "mean": 2.7480843861897788, "count": 3, "std": 7.947285984855057e-08, "range": 0.0 }, "geometry": { "type": "Polygon", "coordinates": [ [ [ 719100.0, 6176300.0 ], [ 719200.0, 6176300.0 ], [ 719300.0, 6176300.0 ], [ 719400.0, 6176300.0 ], [ 719400.0, 6176200.0 ], [ 719300.0, 6176200.0 ], [ 719200.0, 6176200.0 ], [ 719100.0, 6176200.0 ], [ 719100.0, 6176300.0 ] ] ] } },
{ "type": "Feature", "properties": { "Shape_Area": 40000.0, "Shape_Leng": 1000.0, "cluster_id": "101_380", "fid_1": 380.0, "id_munic": 380.0, "munic_clus": "101_380", "munic_code": 101.0, "min": 2.7319231033325195, "max": 2.7319231033325195, "mean": 2.7319231033325195, "count": 4, "std": 0.0, "range": 0.0 }, "geometry": { "type": "Polygon", "coordinates": [ [ [ 727400.0, 6174400.0 ], [ 727300.0, 6174400.0 ], [ 727300.0, 6174500.0 ], [ 727200.0, 6174500.0 ], [ 727200.0, 6174600.0 ], [ 727200.0, 6174700.0 ], [ 727300.0, 6174700.0 ], [ 727300.0, 6174600.0 ], [ 727400.0, 6174600.0 ], [ 727400.0, 6174500.0 ], [ 727400.0, 6174400.0 ] ] ] } },
{ "type": "Feature", "properties": { "Shape_Area": 40000.0, "Shape_Leng": 800.0, "cluster_id": "101_381", "fid_1": 381.0, "id_munic": 381.0, "munic_clus": "101_381", "munic_code": 101.0, "min": 2.5076642036437988, "max": 2.5076642036437988, "mean": 2.5076642036437988, "count": 4, "std": 0.0, "range": 0.0 }, "geometry": { "type": "Polygon", "coordinates": [ [ [ 727200.0, 6174100.0 ], [ 727100.0, 6174100.0 ], [ 727000.0, 6174100.0 ], [ 727000.0, 6174200.0 ], [ 727000.0, 6174300.0 ], [ 727100.0, 6174300.0 ], [ 727200.0, 6174300.0 ], [ 727200.0, 6174200.0 ], [ 727200.0, 6174100.0 ] ] ] } },
{ "type": "Feature", "properties": { "Shape_Area": 20000.0, "Shape_Leng": 600.0, "cluster_id": "101_382", "fid_1": 382.0, "id_munic": 382.0, "munic_clus": "101_382", "munic_code": 101.0, "min": 2.6564478874206543, "max": 2.6564478874206543, "mean": 2.6564478874206543, "count": 2, "std": 0.0, "range": 0.0 }, "geometry": { "type": "Polygon", "coordinates": [ [ [ 727700.0, 6174300.0 ], [ 727800.0, 6174300.0 ], [ 727900.0, 6174300.0 ], [ 727900.0, 6174200.0 ], [ 727800.0, 6174200.0 ], [ 727700.0, 6174200.0 ], [ 727700.0, 6174300.0 ] ] ] } },
{ "type": "Feature", "properties": { "Shape_Area": 60000.0, "Shape_Leng": 1000.0, "cluster_id": "101_383", "fid_1": 383.0, "id_munic": 383.0, "munic_clus": "101_383", "munic_code": 101.0, "min": 2.9868378639221191, "max": 2.9868378639221191, "mean": 2.9868377049763999, "count": 6, "std": 1.5894571925301193e-07, "range": 0.0 }, "geometry": { "type": "Polygon", "coordinates": [ [ [ 728100.0, 6173700.0 ], [ 728000.0, 6173700.0 ], [ 727900.0, 6173700.0 ], [ 727800.0, 6173700.0 ], [ 727800.0, 6173800.0 ], [ 727800.0, 6173900.0 ], [ 727900.0, 6173900.0 ], [ 728000.0, 6173900.0 ], [ 728100.0, 6173900.0 ], [ 728100.0, 6173800.0 ], [ 728100.0, 6173700.0 ] ] ] } },
{ "type": "Feature", "properties": { "Shape_Area": 60000.0, "Shape_Leng": 1400.0, "cluster_id": "101_384", "fid_1": 384.0, "id_munic": 384.0, "munic_clus": "101_384", "munic_code": 101.0, "min": 2.7714095115661621, "max": 2.7714095115661621, "mean": 2.7714096705118814, "count": 6, "std": 1.5894571925301193e-07, "range": 0.0 }, "geometry": { "type": "Polygon", "coordinates": [ [ [ 728100.0, 6173900.0 ], [ 728000.0, 6173900.0 ], [ 728000.0, 6174000.0 ], [ 728000.0, 6174100.0 ], [ 728100.0, 6174100.0 ], [ 728100.0, 6174000.0 ], [ 728200.0, 6174000.0 ], [ 728200.0, 6173900.0 ], [ 728300.0, 6173900.0 ], [ 728300.0, 6173800.0 ], [ 728200.0, 6173800.0 ], [ 728200.0, 6173700.0 ], [ 728100.0, 6173700.0 ], [ 728100.0, 6173800.0 ], [ 728100.0, 6173900.0 ] ] ] } },
{ "type": "Feature", "properties": { "Shape_Area": 10000.0, "Shape_Leng": 400.0, "cluster_id": "101_385", "fid_1": 385.0, "id_munic": 385.0, "munic_clus": "101_385", "munic_code": 101.0, "min": 2.2379209995269775, "max": 2.2379209995269775, "mean": 2.2379209995269775, "count": 1, "std": 0.0, "range": 0.0 }, "geometry": { "type": "Polygon", "coordinates": [ [ [ 727600.0, 6174200.0 ], [ 727600.0, 6174300.0 ], [ 727700.0, 6174300.0 ], [ 727700.0, 6174200.0 ], [ 727600.0, 6174200.0 ] ] ] } },
{ "type": "Feature", "properties": { "Shape_Area": 30000.0, "Shape_Leng": 800.0, "cluster_id": "101_386", "fid_1": 386.0, "id_munic": 386.0, "munic_clus": "101_386", "munic_code": 101.0, "min": 3.0984673500061035, "max": 3.0984673500061035, "mean": 3.0984675089518228, "count": 3, "std": 1.5894571925301193e-07, "range": 0.0 }, "geometry": { "type": "Polygon", "coordinates": [ [ [ 727900.0, 6174300.0 ], [ 727800.0, 6174300.0 ], [ 727800.0, 6174400.0 ], [ 727900.0, 6174400.0 ], [ 728000.0, 6174400.0 ], [ 728000.0, 6174300.0 ], [ 728000.0, 6174200.0 ], [ 727900.0, 6174200.0 ], [ 727900.0, 6174300.0 ] ] ] } },
{ "type": "Feature", "properties": { "Shape_Area": 40000.0, "Shape_Leng": 1000.0, "cluster_id": "101_387", "fid_1": 387.0, "id_munic": 387.0, "munic_clus": "101_387", "munic_code": 101.0, "min": 3.0818064212799072, "max": 3.0818064212799072, "mean": 3.0818064212799072, "count": 4, "std": 0.0, "range": 0.0 }, "geometry": { "type": "Polygon", "coordinates": [ [ [ 727800.0, 6174000.0 ], [ 727900.0, 6174000.0 ], [ 727900.0, 6174100.0 ], [ 728000.0, 6174100.0 ], [ 728000.0, 6174000.0 ], [ 728000.0, 6173900.0 ], [ 727900.0, 6173900.0 ], [ 727800.0, 6173900.0 ], [ 727700.0, 6173900.0 ], [ 727700.0, 6174000.0 ], [ 727800.0, 6174000.0 ] ] ] } },
{ "type": "Feature", "properties": { "Shape_Area": 20000.0, "Shape_Leng": 600.0, "cluster_id": "101_388", "fid_1": 388.0, "id_munic": 388.0, "munic_clus": "101_388", "munic_code": 101.0, "min": 2.9360218048095703, "max": 2.9360218048095703, "mean": 2.9360218048095703, "count": 2, "std": 0.0, "range": 0.0 }, "geometry": { "type": "Polygon", "coordinates": [ [ [ 727700.0, 6174100.0 ], [ 727800.0, 6174100.0 ], [ 727900.0, 6174100.0 ], [ 727900.0, 6174000.0 ], [ 727800.0, 6174000.0 ], [ 727700.0, 6174000.0 ], [ 727700.0, 6174100.0 ] ] ] } },
{ "type": "Feature", "properties": { "Shape_Area": 20000.0, "Shape_Leng": 600.0, "cluster_id": "101_389", "fid_1": 389.0, "id_munic": 389.0, "munic_clus": "101_389", "munic_code": 101.0, "min": 2.4840056896209717, "max": 2.4840056896209717, "mean": 2.4840056896209717, "count": 2, "std": 0.0, "range": 0.0 }, "geometry": { "type": "Polygon", "coordinates": [ [ [ 727600.0, 6174200.0 ], [ 727700.0, 6174200.0 ], [ 727800.0, 6174200.0 ], [ 727800.0, 6174100.0 ], [ 727700.0, 6174100.0 ], [ 727600.0, 6174100.0 ], [ 727600.0, 6174200.0 ] ] ] } },
{ "type": "Feature", "properties": { "Shape_Area": 20000.0, "Shape_Leng": 600.0, "cluster_id": "101_390", "fid_1": 390.0, "id_munic": 390.0, "munic_clus": "101_390", "munic_code": 101.0, "min": 3.2012665271759033, "max": 3.2012665271759033, "mean": 3.2012665271759033, "count": 2, "std": 0.0, "range": 0.0 }, "geometry": { "type": "Polygon", "coordinates": [ [ [ 719000.0, 6176200.0 ], [ 719000.0, 6176300.0 ], [ 719100.0, 6176300.0 ], [ 719100.0, 6176200.0 ], [ 719100.0, 6176100.0 ], [ 719000.0, 6176100.0 ], [ 719000.0, 6176200.0 ] ] ] } },
{ "type": "Feature", "properties": { "Shape_Area": 30000.0, "Shape_Leng": 800.0, "cluster_id": "101_391", "fid_1": 391.0, "id_munic": 391.0, "munic_clus": "101_391", "munic_code": 101.0, "min": 2.906198263168335, "max": 2.906198263168335, "mean": 2.9061981836954751, "count": 3, "std": 7.947285984855057e-08, "range": 0.0 }, "geometry": { "type": "Polygon", "coordinates": [ [ [ 726900.0, 6173300.0 ], [ 727000.0, 6173300.0 ], [ 727100.0, 6173300.0 ], [ 727200.0, 6173300.0 ], [ 727200.0, 6173200.0 ], [ 727100.0, 6173200.0 ], [ 727000.0, 6173200.0 ], [ 726900.0, 6173200.0 ], [ 726900.0, 6173300.0 ] ] ] } },
{ "type": "Feature", "properties": { "Shape_Area": 80000.0, "Shape_Leng": 1200.0, "cluster_id": "101_392", "fid_1": 392.0, "id_munic": 392.0, "munic_clus": "101_392", "munic_code": 101.0, "min": 2.8018999099731445, "max": 2.8018999099731445, "mean": 2.8018999099731445, "count": 8, "std": 0.0, "range": 0.0 }, "geometry": { "type": "Polygon", "coordinates": [ [ [ 727300.0, 6173000.0 ], [ 727200.0, 6173000.0 ], [ 727100.0, 6173000.0 ], [ 727000.0, 6173000.0 ], [ 726900.0, 6173000.0 ], [ 726900.0, 6173100.0 ], [ 726900.0, 6173200.0 ], [ 727000.0, 6173200.0 ], [ 727100.0, 6173200.0 ], [ 727200.0, 6173200.0 ], [ 727300.0, 6173200.0 ], [ 727300.0, 6173100.0 ], [ 727300.0, 6173000.0 ] ] ] } },
{ "type": "Feature", "properties": { "Shape_Area": 10000.0, "Shape_Leng": 400.0, "cluster_id": "101_393", "fid_1": 393.0, "id_munic": 393.0, "munic_clus": "101_393", "munic_code": 101.0, "min": 3.0769743919372559, "max": 3.0769743919372559, "mean": 3.0769743919372559, "count": 1, "std": 0.0, "range": 0.0 }, "geometry": { "type": "Polygon", "coordinates": [ [ [ 727100.0, 6172900.0 ], [ 727100.0, 6173000.0 ], [ 727200.0, 6173000.0 ], [ 727200.0, 6172900.0 ], [ 727100.0, 6172900.0 ] ] ] } },
{ "type": "Feature", "properties": { "Shape_Area": 30000.0, "Shape_Leng": 800.0, "cluster_id": "101_394", "fid_1": 394.0, "id_munic": 394.0, "munic_clus": "101_394", "munic_code": 101.0, "min": 3.1047987937927246, "max": 3.1047987937927246, "mean": 3.1047986348470054, "count": 3, "std": 1.5894571925301193e-07, "range": 0.0 }, "geometry": { "type": "Polygon", "coordinates": [ [ [ 726600.0, 6173500.0 ], [ 726700.0, 6173500.0 ], [ 726700.0, 6173600.0 ], [ 726800.0, 6173600.0 ], [ 726800.0, 6173500.0 ], [ 726800.0, 6173400.0 ], [ 726700.0, 6173400.0 ], [ 726600.0, 6173400.0 ], [ 726600.0, 6173500.0 ] ] ] } },
{ "type": "Feature", "properties": { "Shape_Area": 70000.0, "Shape_Leng": 1200.0, "cluster_id": "101_395", "fid_1": 395.0, "id_munic": 395.0, "munic_clus": "101_395", "munic_code": 101.0, "min": 4.0468182563781738, "max": 4.0468182563781738, "mean": 4.0468183244977682, "count": 7, "std": 6.8119594409665751e-08, "range": 0.0 }, "geometry": { "type": "Polygon", "coordinates": [ [ [ 726700.0, 6173400.0 ], [ 726800.0, 6173400.0 ], [ 726800.0, 6173500.0 ], [ 726900.0, 6173500.0 ], [ 727000.0, 6173500.0 ], [ 727000.0, 6173400.0 ], [ 727000.0, 6173300.0 ], [ 726900.0, 6173300.0 ], [ 726900.0, 6173200.0 ], [ 726800.0, 6173200.0 ], [ 726700.0, 6173200.0 ], [ 726700.0, 6173300.0 ], [ 726700.0, 6173400.0 ] ] ] } },
{ "type": "Feature", "properties": { "Shape_Area": 60000.0, "Shape_Leng": 1000.0, "cluster_id": "101_396", "fid_1": 396.0, "id_munic": 396.0, "munic_clus": "101_396", "munic_code": 101.0, "min": 2.1386208534240723, "max": 2.1386208534240723, "mean": 2.138620694478353, "count": 6, "std": 1.5894571925301193e-07, "range": 0.0 }, "geometry": { "type": "Polygon", "coordinates": [ [ [ 727100.0, 6172600.0 ], [ 727000.0, 6172600.0 ], [ 726900.0, 6172600.0 ], [ 726800.0, 6172600.0 ], [ 726800.0, 6172700.0 ], [ 726800.0, 6172800.0 ], [ 726900.0, 6172800.0 ], [ 727000.0, 6172800.0 ], [ 727100.0, 6172800.0 ], [ 727100.0, 6172700.0 ], [ 727100.0, 6172600.0 ] ] ] } },
{ "type": "Feature", "properties": { "Shape_Area": 20000.0, "Shape_Leng": 600.0, "cluster_id": "101_397", "fid_1": 397.0, "id_munic": 397.0, "munic_clus": "101_397", "munic_code": 101.0, "min": 3.0224926471710205, "max": 3.0224926471710205, "mean": 3.0224926471710205, "count": 2, "std": 0.0, "range": 0.0 }, "geometry": { "type": "Polygon", "coordinates": [ [ [ 727100.0, 6172900.0 ], [ 727200.0, 6172900.0 ], [ 727300.0, 6172900.0 ], [ 727300.0, 6172800.0 ], [ 727200.0, 6172800.0 ], [ 727100.0, 6172800.0 ], [ 727100.0, 6172900.0 ] ] ] } },
{ "type": "Feature", "properties": { "Shape_Area": 20000.0, "Shape_Leng": 600.0, "cluster_id": "101_398", "fid_1": 398.0, "id_munic": 398.0, "munic_clus": "101_398", "munic_code": 101.0, "min": 2.6292905807495117, "max": 2.6292905807495117, "mean": 2.6292905807495117, "count": 2, "std": 0.0, "range": 0.0 }, "geometry": { "type": "Polygon", "coordinates": [ [ [ 719100.0, 6175900.0 ], [ 719100.0, 6176000.0 ], [ 719200.0, 6176000.0 ], [ 719200.0, 6175900.0 ], [ 719200.0, 6175800.0 ], [ 719100.0, 6175800.0 ], [ 719100.0, 6175900.0 ] ] ] } },
{ "type": "Feature", "properties": { "Shape_Area": 10000.0, "Shape_Leng": 400.0, "cluster_id": "101_399", "fid_1": 399.0, "id_munic": 399.0, "munic_clus": "101_399", "munic_code": 101.0, "min": 2.671776294708252, "max": 2.671776294708252, "mean": 2.671776294708252, "count": 1, "std": 0.0, "range": 0.0 }, "geometry": { "type": "Polygon", "coordinates": [ [ [ 726600.0, 6173300.0 ], [ 726600.0, 6173400.0 ], [ 726700.0, 6173400.0 ], [ 726700.0, 6173300.0 ], [ 726600.0, 6173300.0 ] ] ] } },
{ "type": "Feature", "properties": { "Shape_Area": 20000.0, "Shape_Leng": 600.0, "cluster_id": "101_400", "fid_1": 400.0, "id_munic": 400.0, "munic_clus": "101_400", "munic_code": 101.0, "min": 2.3435521125793457, "max": 2.3435521125793457, "mean": 2.3435521125793457, "count": 2, "std": 0.0, "range": 0.0 }, "geometry": { "type": "Polygon", "coordinates": [ [ [ 727000.0, 6173500.0 ], [ 727100.0, 6173500.0 ], [ 727200.0, 6173500.0 ], [ 727200.0, 6173400.0 ], [ 727100.0, 6173400.0 ], [ 727000.0, 6173400.0 ], [ 727000.0, 6173500.0 ] ] ] } },
{ "type": "Feature", "properties": { "Shape_Area": 20000.0, "Shape_Leng": 600.0, "cluster_id": "101_401", "fid_1": 401.0, "id_munic": 401.0, "munic_clus": "101_401", "munic_code": 101.0, "min": 3.4701766967773438, "max": 3.4701766967773438, "mean": 3.4701766967773438, "count": 2, "std": 0.0, "range": 0.0 }, "geometry": { "type": "Polygon", "coordinates": [ [ [ 727000.0, 6173400.0 ], [ 727100.0, 6173400.0 ], [ 727200.0, 6173400.0 ], [ 727200.0, 6173300.0 ], [ 727100.0, 6173300.0 ], [ 727000.0, 6173300.0 ], [ 727000.0, 6173400.0 ] ] ] } },
{ "type": "Feature", "properties": { "Shape_Area": 20000.0, "Shape_Leng": 600.0, "cluster_id": "101_402", "fid_1": 402.0, "id_munic": 402.0, "munic_clus": "101_402", "munic_code": 101.0, "min": 2.6527829170227051, "max": 2.6527829170227051, "mean": 2.6527829170227051, "count": 2, "std": 0.0, "range": 0.0 }, "geometry": { "type": "Polygon", "coordinates": [ [ [ 726900.0, 6173800.0 ], [ 727000.0, 6173800.0 ], [ 727100.0, 6173800.0 ], [ 727100.0, 6173700.0 ], [ 727000.0, 6173700.0 ], [ 726900.0, 6173700.0 ], [ 726900.0, 6173800.0 ] ] ] } },
{ "type": "Feature", "properties": { "Shape_Area": 20000.0, "Shape_Leng": 600.0, "cluster_id": "101_403", "fid_1": 403.0, "id_munic": 403.0, "munic_clus": "101_403", "munic_code": 101.0, "min": 2.8362219333648682, "max": 2.8362219333648682, "mean": 2.8362219333648682, "count": 2, "std": 0.0, "range": 0.0 }, "geometry": { "type": "Polygon", "coordinates": [ [ [ 727400.0, 6174200.0 ], [ 727400.0, 6174300.0 ], [ 727500.0, 6174300.0 ], [ 727500.0, 6174200.0 ], [ 727500.0, 6174100.0 ], [ 727400.0, 6174100.0 ], [ 727400.0, 6174200.0 ] ] ] } },
{ "type": "Feature", "properties": { "Shape_Area": 20000.0, "Shape_Leng": 600.0, "cluster_id": "101_404", "fid_1": 404.0, "id_munic": 404.0, "munic_clus": "101_404", "munic_code": 101.0, "min": 2.6332893371582031, "max": 2.6332893371582031, "mean": 2.6332893371582031, "count": 2, "std": 0.0, "range": 0.0 }, "geometry": { "type": "Polygon", "coordinates": [ [ [ 727500.0, 6174200.0 ], [ 727500.0, 6174300.0 ], [ 727600.0, 6174300.0 ], [ 727600.0, 6174200.0 ], [ 727600.0, 6174100.0 ], [ 727500.0, 6174100.0 ], [ 727500.0, 6174200.0 ] ] ] } },
{ "type": "Feature", "properties": { "Shape_Area": 30000.0, "Shape_Leng": 800.0, "cluster_id": "101_405", "fid_1": 405.0, "id_munic": 405.0, "munic_clus": "101_405", "munic_code": 101.0, "min": 2.6107964515686035, "max": 2.6107964515686035, "mean": 2.6107964515686035, "count": 3, "std": 0.0, "range": 0.0 }, "geometry": { "type": "Polygon", "coordinates": [ [ [ 719300.0, 6176400.0 ], [ 719200.0, 6176400.0 ], [ 719200.0, 6176500.0 ], [ 719300.0, 6176500.0 ], [ 719400.0, 6176500.0 ], [ 719400.0, 6176400.0 ], [ 719400.0, 6176300.0 ], [ 719300.0, 6176300.0 ], [ 719300.0, 6176400.0 ] ] ] } },
{ "type": "Feature", "properties": { "Shape_Area": 10000.0, "Shape_Leng": 400.0, "cluster_id": "101_406", "fid_1": 406.0, "id_munic": 406.0, "munic_clus": "101_406", "munic_code": 101.0, "min": 3.2269246578216553, "max": 3.2269246578216553, "mean": 3.2269246578216553, "count": 1, "std": 0.0, "range": 0.0 }, "geometry": { "type": "Polygon", "coordinates": [ [ [ 726500.0, 6173300.0 ], [ 726500.0, 6173400.0 ], [ 726600.0, 6173400.0 ], [ 726600.0, 6173300.0 ], [ 726500.0, 6173300.0 ] ] ] } },
{ "type": "Feature", "properties": { "Shape_Area": 10000.0, "Shape_Leng": 400.0, "cluster_id": "101_407", "fid_1": 407.0, "id_munic": 407.0, "munic_clus": "101_407", "munic_code": 101.0, "min": 4.2077646255493164, "max": 4.2077646255493164, "mean": 4.2077646255493164, "count": 1, "std": 0.0, "range": 0.0 }, "geometry": { "type": "Polygon", "coordinates": [ [ [ 726300.0, 6173100.0 ], [ 726300.0, 6173200.0 ], [ 726400.0, 6173200.0 ], [ 726400.0, 6173100.0 ], [ 726300.0, 6173100.0 ] ] ] } },
{ "type": "Feature", "properties": { "Shape_Area": 60000.0, "Shape_Leng": 1000.0, "cluster_id": "101_408", "fid_1": 408.0, "id_munic": 408.0, "munic_clus": "101_408", "munic_code": 101.0, "min": 3.1749420166015625, "max": 3.1749420166015625, "mean": 3.1749420166015625, "count": 6, "std": 0.0, "range": 0.0 }, "geometry": { "type": "Polygon", "coordinates": [ [ [ 726300.0, 6172900.0 ], [ 726200.0, 6172900.0 ], [ 726100.0, 6172900.0 ], [ 726000.0, 6172900.0 ], [ 726000.0, 6173000.0 ], [ 726000.0, 6173100.0 ], [ 726100.0, 6173100.0 ], [ 726200.0, 6173100.0 ], [ 726300.0, 6173100.0 ], [ 726300.0, 6173000.0 ], [ 726300.0, 6172900.0 ] ] ] } },
{ "type": "Feature", "properties": { "Shape_Area": 10000.0, "Shape_Leng": 400.0, "cluster_id": "101_409", "fid_1": 409.0, "id_munic": 409.0, "munic_clus": "101_409", "munic_code": 101.0, "min": 2.8532161712646484, "max": 2.8532161712646484, "mean": 2.8532161712646484, "count": 1, "std": 0.0, "range": 0.0 }, "geometry": { "type": "Polygon", "coordinates": [ [ [ 726400.0, 6173100.0 ], [ 726400.0, 6173200.0 ], [ 726500.0, 6173200.0 ], [ 726500.0, 6173100.0 ], [ 726400.0, 6173100.0 ] ] ] } },
{ "type": "Feature", "properties": { "Shape_Area": 30000.0, "Shape_Leng": 800.0, "cluster_id": "101_410", "fid_1": 410.0, "id_munic": 410.0, "munic_clus": "101_410", "munic_code": 101.0, "min": 3.8857052326202393, "max": 3.8857052326202393, "mean": 3.8857053120930991, "count": 3, "std": 7.947285984855057e-08, "range": 0.0 }, "geometry": { "type": "Polygon", "coordinates": [ [ [ 726300.0, 6173000.0 ], [ 726300.0, 6173100.0 ], [ 726400.0, 6173100.0 ], [ 726500.0, 6173100.0 ], [ 726500.0, 6173000.0 ], [ 726400.0, 6173000.0 ], [ 726400.0, 6172900.0 ], [ 726300.0, 6172900.0 ], [ 726300.0, 6173000.0 ] ] ] } },
{ "type": "Feature", "properties": { "Shape_Area": 20000.0, "Shape_Leng": 600.0, "cluster_id": "101_411", "fid_1": 411.0, "id_munic": 411.0, "munic_clus": "101_411", "munic_code": 101.0, "min": 3.5231592655181885, "max": 3.5231592655181885, "mean": 3.5231592655181885, "count": 2, "std": 0.0, "range": 0.0 }, "geometry": { "type": "Polygon", "coordinates": [ [ [ 726100.0, 6173400.0 ], [ 726100.0, 6173500.0 ], [ 726200.0, 6173500.0 ], [ 726200.0, 6173400.0 ], [ 726200.0, 6173300.0 ], [ 726100.0, 6173300.0 ], [ 726100.0, 6173400.0 ] ] ] } },
{ "type": "Feature", "properties": { "Shape_Area": 10000.0, "Shape_Leng": 400.0, "cluster_id": "101_412", "fid_1": 412.0, "id_munic": 412.0, "munic_clus": "101_412", "munic_code": 101.0, "min": 4.4488515853881836, "max": 4.4488515853881836, "mean": 4.4488515853881836, "count": 1, "std": 0.0, "range": 0.0 }, "geometry": { "type": "Polygon", "coordinates": [ [ [ 726200.0, 6173400.0 ], [ 726200.0, 6173500.0 ], [ 726300.0, 6173500.0 ], [ 726300.0, 6173400.0 ], [ 726200.0, 6173400.0 ] ] ] } },
{ "type": "Feature", "properties": { "Shape_Area": 40000.0, "Shape_Leng": 1000.0, "cluster_id": "101_413", "fid_1": 413.0, "id_munic": 413.0, "munic_clus": "101_413", "munic_code": 101.0, "min": 2.8098969459533691, "max": 2.8098969459533691, "mean": 2.8098969459533691, "count": 4, "std": 0.0, "range": 0.0 }, "geometry": { "type": "Polygon", "coordinates": [ [ [ 726100.0, 6173200.0 ], [ 726100.0, 6173300.0 ], [ 726200.0, 6173300.0 ], [ 726200.0, 6173200.0 ], [ 726300.0, 6173200.0 ], [ 726300.0, 6173100.0 ], [ 726200.0, 6173100.0 ], [ 726100.0, 6173100.0 ], [ 726000.0, 6173100.0 ], [ 726000.0, 6173200.0 ], [ 726100.0, 6173200.0 ] ] ] } },
{ "type": "Feature", "properties": { "Shape_Area": 80000.0, "Shape_Leng": 1200.0, "cluster_id": "101_414", "fid_1": 414.0, "id_munic": 414.0, "munic_clus": "101_414", "munic_code": 101.0, "min": 2.6436192989349365, "max": 2.6436192989349365, "mean": 2.6436192989349365, "count": 8, "std": 0.0, "range": 0.0 }, "geometry": { "type": "Polygon", "coordinates": [ [ [ 726400.0, 6172200.0 ], [ 726300.0, 6172200.0 ], [ 726200.0, 6172200.0 ], [ 726100.0, 6172200.0 ], [ 726000.0, 6172200.0 ], [ 726000.0, 6172300.0 ], [ 726000.0, 6172400.0 ], [ 726100.0, 6172400.0 ], [ 726200.0, 6172400.0 ], [ 726300.0, 6172400.0 ], [ 726400.0, 6172400.0 ], [ 726400.0, 6172300.0 ], [ 726400.0, 6172200.0 ] ] ] } },
{ "type": "Feature", "properties": { "Shape_Area": 50000.0, "Shape_Leng": 1200.0, "cluster_id": "101_415", "fid_1": 415.0, "id_munic": 415.0, "munic_clus": "101_415", "munic_code": 101.0, "min": 2.6767745018005371, "max": 2.6767745018005371, "mean": 2.6767745971679688, "count": 5, "std": 9.5367431729442842e-08, "range": 0.0 }, "geometry": { "type": "Polygon", "coordinates": [ [ [ 726100.0, 6172500.0 ], [ 726200.0, 6172500.0 ], [ 726300.0, 6172500.0 ], [ 726300.0, 6172600.0 ], [ 726400.0, 6172600.0 ], [ 726400.0, 6172500.0 ], [ 726400.0, 6172400.0 ], [ 726300.0, 6172400.0 ], [ 726200.0, 6172400.0 ], [ 726100.0, 6172400.0 ], [ 726000.0, 6172400.0 ], [ 726000.0, 6172500.0 ], [ 726100.0, 6172500.0 ] ] ] } },
{ "type": "Feature", "properties": { "Shape_Area": 10000.0, "Shape_Leng": 400.0, "cluster_id": "101_416", "fid_1": 416.0, "id_munic": 416.0, "munic_clus": "101_416", "munic_code": 101.0, "min": 2.9468512535095215, "max": 2.9468512535095215, "mean": 2.9468512535095215, "count": 1, "std": 0.0, "range": 0.0 }, "geometry": { "type": "Polygon", "coordinates": [ [ [ 725800.0, 6175600.0 ], [ 725800.0, 6175700.0 ], [ 725900.0, 6175700.0 ], [ 725900.0, 6175600.0 ], [ 725800.0, 6175600.0 ] ] ] } },
{ "type": "Feature", "properties": { "Shape_Area": 80000.0, "Shape_Leng": 1400.0, "cluster_id": "101_417", "fid_1": 417.0, "id_munic": 417.0, "munic_clus": "101_417", "munic_code": 101.0, "min": 3.3212265968322754, "max": 3.3212265968322754, "mean": 3.3212263584136963, "count": 8, "std": 2.384185791015625e-07, "range": 0.0 }, "geometry": { "type": "Polygon", "coordinates": [ [ [ 726000.0, 6176000.0 ], [ 726000.0, 6176100.0 ], [ 726000.0, 6176200.0 ], [ 726100.0, 6176200.0 ], [ 726200.0, 6176200.0 ], [ 726200.0, 6176100.0 ], [ 726200.0, 6176000.0 ], [ 726200.0, 6175900.0 ], [ 726100.0, 6175900.0 ], [ 726100.0, 6175800.0 ], [ 726000.0, 6175800.0 ], [ 725900.0, 6175800.0 ], [ 725900.0, 6175900.0 ], [ 726000.0, 6175900.0 ], [ 726000.0, 6176000.0 ] ] ] } },
{ "type": "Feature", "properties": { "Shape_Area": 10000.0, "Shape_Leng": 400.0, "cluster_id": "101_418", "fid_1": 418.0, "id_munic": 418.0, "munic_clus": "101_418", "munic_code": 101.0, "min": 3.51849365234375, "max": 3.51849365234375, "mean": 3.51849365234375, "count": 1, "std": 0.0, "range": 0.0 }, "geometry": { "type": "Polygon", "coordinates": [ [ [ 719000.0, 6176300.0 ], [ 719000.0, 6176400.0 ], [ 719100.0, 6176400.0 ], [ 719100.0, 6176300.0 ], [ 719000.0, 6176300.0 ] ] ] } },
{ "type": "Feature", "properties": { "Shape_Area": 10000.0, "Shape_Leng": 400.0, "cluster_id": "101_419", "fid_1": 419.0, "id_munic": 419.0, "munic_clus": "101_419", "munic_code": 101.0, "min": 3.0984675884246826, "max": 3.0984675884246826, "mean": 3.0984675884246826, "count": 1, "std": 0.0, "range": 0.0 }, "geometry": { "type": "Polygon", "coordinates": [ [ [ 720400.0, 6173600.0 ], [ 720400.0, 6173700.0 ], [ 720500.0, 6173700.0 ], [ 720500.0, 6173600.0 ], [ 720400.0, 6173600.0 ] ] ] } },
{ "type": "Feature", "properties": { "Shape_Area": 20000.0, "Shape_Leng": 600.0, "cluster_id": "101_420", "fid_1": 420.0, "id_munic": 420.0, "munic_clus": "101_420", "munic_code": 101.0, "min": 3.1311230659484863, "max": 3.1311230659484863, "mean": 3.1311230659484863, "count": 2, "std": 0.0, "range": 0.0 }, "geometry": { "type": "Polygon", "coordinates": [ [ [ 720500.0, 6173900.0 ], [ 720600.0, 6173900.0 ], [ 720700.0, 6173900.0 ], [ 720700.0, 6173800.0 ], [ 720600.0, 6173800.0 ], [ 720500.0, 6173800.0 ], [ 720500.0, 6173900.0 ] ] ] } },
{ "type": "Feature", "properties": { "Shape_Area": 20000.0, "Shape_Leng": 600.0, "cluster_id": "101_421", "fid_1": 421.0, "id_munic": 421.0, "munic_clus": "101_421", "munic_code": 101.0, "min": 3.9951686859130859, "max": 3.9951686859130859, "mean": 3.9951686859130859, "count": 2, "std": 0.0, "range": 0.0 }, "geometry": { "type": "Polygon", "coordinates": [ [ [ 720400.0, 6172900.0 ], [ 720500.0, 6172900.0 ], [ 720600.0, 6172900.0 ], [ 720600.0, 6172800.0 ], [ 720500.0, 6172800.0 ], [ 720400.0, 6172800.0 ], [ 720400.0, 6172900.0 ] ] ] } },
{ "type": "Feature", "properties": { "Shape_Area": 140000.0, "Shape_Leng": 1800.0, "cluster_id": "101_422", "fid_1": 422.0, "id_munic": 422.0, "munic_clus": "101_422", "munic_code": 101.0, "min": 3.2289237976074219, "max": 3.2289237976074219, "mean": 3.2289237976074219, "count": 14, "std": 0.0, "range": 0.0 }, "geometry": { "type": "Polygon", "coordinates": [ [ [ 720500.0, 6172900.0 ], [ 720400.0, 6172900.0 ], [ 720400.0, 6173000.0 ], [ 720300.0, 6173000.0 ], [ 720300.0, 6173100.0 ], [ 720300.0, 6173200.0 ], [ 720400.0, 6173200.0 ], [ 720500.0, 6173200.0 ], [ 720600.0, 6173200.0 ], [ 720700.0, 6173200.0 ], [ 720700.0, 6173100.0 ], [ 720800.0, 6173100.0 ], [ 720800.0, 6173000.0 ], [ 720800.0, 6172900.0 ], [ 720700.0, 6172900.0 ], [ 720700.0, 6172800.0 ], [ 720600.0, 6172800.0 ], [ 720600.0, 6172900.0 ], [ 720500.0, 6172900.0 ] ] ] } },
{ "type": "Feature", "properties": { "Shape_Area": 20000.0, "Shape_Leng": 600.0, "cluster_id": "101_423", "fid_1": 423.0, "id_munic": 423.0, "munic_clus": "101_423", "munic_code": 101.0, "min": 3.387537956237793, "max": 3.387537956237793, "mean": 3.387537956237793, "count": 2, "std": 0.0, "range": 0.0 }, "geometry": { "type": "Polygon", "coordinates": [ [ [ 720400.0, 6173800.0 ], [ 720500.0, 6173800.0 ], [ 720600.0, 6173800.0 ], [ 720600.0, 6173700.0 ], [ 720500.0, 6173700.0 ], [ 720400.0, 6173700.0 ], [ 720400.0, 6173800.0 ] ] ] } },
{ "type": "Feature", "properties": { "Shape_Area": 20000.0, "Shape_Leng": 600.0, "cluster_id": "101_424", "fid_1": 424.0, "id_munic": 424.0, "munic_clus": "101_424", "munic_code": 101.0, "min": 3.6844387054443359, "max": 3.6844387054443359, "mean": 3.6844387054443359, "count": 2, "std": 0.0, "range": 0.0 }, "geometry": { "type": "Polygon", "coordinates": [ [ [ 720300.0, 6173900.0 ], [ 720400.0, 6173900.0 ], [ 720500.0, 6173900.0 ], [ 720500.0, 6173800.0 ], [ 720400.0, 6173800.0 ], [ 720300.0, 6173800.0 ], [ 720300.0, 6173900.0 ] ] ] } },
{ "type": "Feature", "properties": { "Shape_Area": 20000.0, "Shape_Leng": 600.0, "cluster_id": "101_425", "fid_1": 425.0, "id_munic": 425.0, "munic_clus": "101_425", "munic_code": 101.0, "min": 2.0866382122039795, "max": 2.0866382122039795, "mean": 2.0866382122039795, "count": 2, "std": 0.0, "range": 0.0 }, "geometry": { "type": "Polygon", "coordinates": [ [ [ 723200.0, 6179100.0 ], [ 723300.0, 6179100.0 ], [ 723400.0, 6179100.0 ], [ 723400.0, 6179000.0 ], [ 723300.0, 6179000.0 ], [ 723200.0, 6179000.0 ], [ 723200.0, 6179100.0 ] ] ] } },
{ "type": "Feature", "properties": { "Shape_Area": 40000.0, "Shape_Leng": 800.0, "cluster_id": "101_426", "fid_1": 426.0, "id_munic": 426.0, "munic_clus": "101_426", "munic_code": 101.0, "min": 4.0571479797363281, "max": 4.0571479797363281, "mean": 4.0571479797363281, "count": 4, "std": 0.0, "range": 0.0 }, "geometry": { "type": "Polygon", "coordinates": [ [ [ 723300.0, 6178800.0 ], [ 723200.0, 6178800.0 ], [ 723100.0, 6178800.0 ], [ 723100.0, 6178900.0 ], [ 723100.0, 6179000.0 ], [ 723200.0, 6179000.0 ], [ 723300.0, 6179000.0 ], [ 723300.0, 6178900.0 ], [ 723300.0, 6178800.0 ] ] ] } },
{ "type": "Feature", "properties": { "Shape_Area": 10000.0, "Shape_Leng": 400.0, "cluster_id": "101_427", "fid_1": 427.0, "id_munic": 427.0, "munic_clus": "101_427", "munic_code": 101.0, "min": 2.9790074825286865, "max": 2.9790074825286865, "mean": 2.9790074825286865, "count": 1, "std": 0.0, "range": 0.0 }, "geometry": { "type": "Polygon", "coordinates": [ [ [ 723500.0, 6178700.0 ], [ 723500.0, 6178800.0 ], [ 723600.0, 6178800.0 ], [ 723600.0, 6178700.0 ], [ 723500.0, 6178700.0 ] ] ] } },
{ "type": "Feature", "properties": { "Shape_Area": 10000.0, "Shape_Leng": 400.0, "cluster_id": "101_428", "fid_1": 428.0, "id_munic": 428.0, "munic_clus": "101_428", "munic_code": 101.0, "min": 4.3640460968017578, "max": 4.3640460968017578, "mean": 4.3640460968017578, "count": 1, "std": 0.0, "range": 0.0 }, "geometry": { "type": "Polygon", "coordinates": [ [ [ 723000.0, 6178800.0 ], [ 723000.0, 6178900.0 ], [ 723100.0, 6178900.0 ], [ 723100.0, 6178800.0 ], [ 723000.0, 6178800.0 ] ] ] } },
{ "type": "Feature", "properties": { "Shape_Area": 20000.0, "Shape_Leng": 600.0, "cluster_id": "101_429", "fid_1": 429.0, "id_munic": 429.0, "munic_clus": "101_429", "munic_code": 101.0, "min": 3.2080972194671631, "max": 3.2080972194671631, "mean": 3.2080972194671631, "count": 2, "std": 0.0, "range": 0.0 }, "geometry": { "type": "Polygon", "coordinates": [ [ [ 722900.0, 6178800.0 ], [ 723000.0, 6178800.0 ], [ 723100.0, 6178800.0 ], [ 723100.0, 6178700.0 ], [ 723000.0, 6178700.0 ], [ 722900.0, 6178700.0 ], [ 722900.0, 6178800.0 ] ] ] } },
{ "type": "Feature", "properties": { "Shape_Area": 30000.0, "Shape_Leng": 800.0, "cluster_id": "101_430", "fid_1": 430.0, "id_munic": 430.0, "munic_clus": "101_430", "munic_code": 101.0, "min": 2.8518834114074707, "max": 2.8518834114074707, "mean": 2.85188357035319, "count": 3, "std": 1.5894571925301193e-07, "range": 0.0 }, "geometry": { "type": "Polygon", "coordinates": [ [ [ 723300.0, 6178400.0 ], [ 723200.0, 6178400.0 ], [ 723200.0, 6178500.0 ], [ 723300.0, 6178500.0 ], [ 723400.0, 6178500.0 ], [ 723400.0, 6178400.0 ], [ 723400.0, 6178300.0 ], [ 723300.0, 6178300.0 ], [ 723300.0, 6178400.0 ] ] ] } },
{ "type": "Feature", "properties": { "Shape_Area": 30000.0, "Shape_Leng": 800.0, "cluster_id": "101_431", "fid_1": 431.0, "id_munic": 431.0, "munic_clus": "101_431", "munic_code": 101.0, "min": 2.7520830631256104, "max": 2.7520830631256104, "mean": 2.7520831425984702, "count": 3, "std": 7.947285984855057e-08, "range": 0.0 }, "geometry": { "type": "Polygon", "coordinates": [ [ [ 723400.0, 6179100.0 ], [ 723300.0, 6179100.0 ], [ 723300.0, 6179200.0 ], [ 723400.0, 6179200.0 ], [ 723500.0, 6179200.0 ], [ 723500.0, 6179100.0 ], [ 723500.0, 6179000.0 ], [ 723400.0, 6179000.0 ], [ 723400.0, 6179100.0 ] ] ] } },
{ "type": "Feature", "properties": { "Shape_Area": 70000.0, "Shape_Leng": 1200.0, "cluster_id": "101_432", "fid_1": 432.0, "id_munic": 432.0, "munic_clus": "101_432", "munic_code": 101.0, "min": 3.2474181652069092, "max": 3.2474181652069092, "mean": 3.247417994907924, "count": 7, "std": 1.7029898513598596e-07, "range": 0.0 }, "geometry": { "type": "Polygon", "coordinates": [ [ [ 723300.0, 6178500.0 ], [ 723200.0, 6178500.0 ], [ 723100.0, 6178500.0 ], [ 723100.0, 6178600.0 ], [ 723000.0, 6178600.0 ], [ 723000.0, 6178700.0 ], [ 723100.0, 6178700.0 ], [ 723100.0, 6178800.0 ], [ 723200.0, 6178800.0 ], [ 723300.0, 6178800.0 ], [ 723300.0, 6178700.0 ], [ 723300.0, 6178600.0 ], [ 723300.0, 6178500.0 ] ] ] } },
{ "type": "Feature", "properties": { "Shape_Area": 60000.0, "Shape_Leng": 1400.0, "cluster_id": "101_433", "fid_1": 433.0, "id_munic": 433.0, "munic_clus": "101_433", "munic_code": 101.0, "min": 3.1957683563232422, "max": 3.1957683563232422, "mean": 3.1957683563232422, "count": 6, "std": 0.0, "range": 0.0 }, "geometry": { "type": "Polygon", "coordinates": [ [ [ 722700.0, 6177200.0 ], [ 722700.0, 6177100.0 ], [ 722600.0, 6177100.0 ], [ 722500.0, 6177100.0 ], [ 722500.0, 6177200.0 ], [ 722400.0, 6177200.0 ], [ 722300.0, 6177200.0 ], [ 722300.0, 6177300.0 ], [ 722400.0, 6177300.0 ], [ 722400.0, 6177400.0 ], [ 722500.0, 6177400.0 ], [ 722500.0, 6177300.0 ], [ 722600.0, 6177300.0 ], [ 722600.0, 6177200.0 ], [ 722700.0, 6177200.0 ] ] ] } },
{ "type": "Feature", "properties": { "Shape_Area": 10000.0, "Shape_Leng": 400.0, "cluster_id": "101_434", "fid_1": 434.0, "id_munic": 434.0, "munic_clus": "101_434", "munic_code": 101.0, "min": 4.0891375541687012, "max": 4.0891375541687012, "mean": 4.0891375541687012, "count": 1, "std": 0.0, "range": 0.0 }, "geometry": { "type": "Polygon", "coordinates": [ [ [ 723200.0, 6180400.0 ], [ 723200.0, 6180500.0 ], [ 723300.0, 6180500.0 ], [ 723300.0, 6180400.0 ], [ 723200.0, 6180400.0 ] ] ] } },
{ "type": "Feature", "properties": { "Shape_Area": 90000.0, "Shape_Leng": 1400.0, "cluster_id": "101_435", "fid_1": 435.0, "id_munic": 435.0, "munic_clus": "101_435", "munic_code": 101.0, "min": 3.3927030563354492, "max": 3.3927030563354492, "mean": 3.3927031622992621, "count": 9, "std": 1.0596381283534129e-07, "range": 0.0 }, "geometry": { "type": "Polygon", "coordinates": [ [ [ 723200.0, 6180200.0 ], [ 723100.0, 6180200.0 ], [ 723000.0, 6180200.0 ], [ 723000.0, 6180300.0 ], [ 722900.0, 6180300.0 ], [ 722900.0, 6180400.0 ], [ 722900.0, 6180500.0 ], [ 723000.0, 6180500.0 ], [ 723100.0, 6180500.0 ], [ 723200.0, 6180500.0 ], [ 723200.0, 6180400.0 ], [ 723300.0, 6180400.0 ], [ 723300.0, 6180300.0 ], [ 723200.0, 6180300.0 ], [ 723200.0, 6180200.0 ] ] ] } },
{ "type": "Feature", "properties": { "Shape_Area": 290000.0, "Shape_Leng": 3000.0, "cluster_id": "101_436", "fid_1": 436.0, "id_munic": 436.0, "munic_clus": "101_436", "munic_code": 101.0, "min": 3.0829727649688721, "max": 3.0829727649688721, "mean": 3.0829728225181841, "count": 29, "std": 5.7549311982540992e-08, "range": 0.0 }, "geometry": { "type": "Polygon", "coordinates": [ [ [ 723000.0, 6179800.0 ], [ 723000.0, 6179900.0 ], [ 723000.0, 6180000.0 ], [ 723100.0, 6180000.0 ], [ 723100.0, 6180100.0 ], [ 723200.0, 6180100.0 ], [ 723200.0, 6180200.0 ], [ 723200.0, 6180300.0 ], [ 723300.0, 6180300.0 ], [ 723300.0, 6180400.0 ], [ 723300.0, 6180500.0 ], [ 723400.0, 6180500.0 ], [ 723400.0, 6180400.0 ], [ 723500.0, 6180400.0 ], [ 723500.0, 6180300.0 ], [ 723500.0, 6180200.0 ], [ 723500.0, 6180100.0 ], [ 723600.0, 6180100.0 ], [ 723600.0, 6180000.0 ], [ 723600.0, 6179900.0 ], [ 723500.0, 6179900.0 ], [ 723500.0, 6179800.0 ], [ 723400.0, 6179800.0 ], [ 723400.0, 6179700.0 ], [ 723300.0, 6179700.0 ], [ 723300.0, 6179600.0 ], [ 723200.0, 6179600.0 ], [ 723200.0, 6179700.0 ], [ 723100.0, 6179700.0 ], [ 723100.0, 6179800.0 ], [ 723000.0, 6179800.0 ] ] ] } },
{ "type": "Feature", "properties": { "Shape_Area": 20000.0, "Shape_Leng": 600.0, "cluster_id": "101_437", "fid_1": 437.0, "id_munic": 437.0, "munic_clus": "101_437", "munic_code": 101.0, "min": 3.9820060729980469, "max": 3.9820060729980469, "mean": 3.9820060729980469, "count": 2, "std": 0.0, "range": 0.0 }, "geometry": { "type": "Polygon", "coordinates": [ [ [ 722800.0, 6180600.0 ], [ 722900.0, 6180600.0 ], [ 723000.0, 6180600.0 ], [ 723000.0, 6180500.0 ], [ 722900.0, 6180500.0 ], [ 722800.0, 6180500.0 ], [ 722800.0, 6180600.0 ] ] ] } },
{ "type": "Feature", "properties": { "Shape_Area": 80000.0, "Shape_Leng": 1200.0, "cluster_id": "101_438", "fid_1": 438.0, "id_munic": 438.0, "munic_clus": "101_438", "munic_code": 101.0, "min": 3.5579812526702881, "max": 3.5579812526702881, "mean": 3.5579812526702881, "count": 8, "std": 0.0, "range": 0.0 }, "geometry": { "type": "Polygon", "coordinates": [ [ [ 722900.0, 6180200.0 ], [ 722800.0, 6180200.0 ], [ 722700.0, 6180200.0 ], [ 722700.0, 6180300.0 ], [ 722600.0, 6180300.0 ], [ 722600.0, 6180400.0 ], [ 722600.0, 6180500.0 ], [ 722700.0, 6180500.0 ], [ 722800.0, 6180500.0 ], [ 722900.0, 6180500.0 ], [ 722900.0, 6180400.0 ], [ 722900.0, 6180300.0 ], [ 722900.0, 6180200.0 ] ] ] } },
{ "type": "Feature", "properties": { "Shape_Area": 100000.0, "Shape_Leng": 1800.0, "cluster_id": "101_439", "fid_1": 439.0, "id_munic": 439.0, "munic_clus": "101_439", "munic_code": 101.0, "min": 3.8732089996337891, "max": 3.8732089996337891, "mean": 3.8732086181640626, "count": 10, "std": 3.8146972647368216e-07, "range": 0.0 }, "geometry": { "type": "Polygon", "coordinates": [ [ [ 722900.0, 6179900.0 ], [ 722900.0, 6180000.0 ], [ 722800.0, 6180000.0 ], [ 722800.0, 6180100.0 ], [ 722700.0, 6180100.0 ], [ 722700.0, 6180200.0 ], [ 722800.0, 6180200.0 ], [ 722900.0, 6180200.0 ], [ 722900.0, 6180300.0 ], [ 723000.0, 6180300.0 ], [ 723000.0, 6180200.0 ], [ 723100.0, 6180200.0 ], [ 723200.0, 6180200.0 ], [ 723200.0, 6180100.0 ], [ 723100.0, 6180100.0 ], [ 723100.0, 6180000.0 ], [ 723000.0, 6180000.0 ], [ 723000.0, 6179900.0 ], [ 722900.0, 6179900.0 ] ] ] } },
{ "type": "Feature", "properties": { "Shape_Area": 20000.0, "Shape_Leng": 600.0, "cluster_id": "101_440", "fid_1": 440.0, "id_munic": 440.0, "munic_clus": "101_440", "munic_code": 101.0, "min": 2.7790741920471191, "max": 2.7790741920471191, "mean": 2.7790741920471191, "count": 2, "std": 0.0, "range": 0.0 }, "geometry": { "type": "Polygon", "coordinates": [ [ [ 725600.0, 6177100.0 ], [ 725700.0, 6177100.0 ], [ 725800.0, 6177100.0 ], [ 725800.0, 6177000.0 ], [ 725700.0, 6177000.0 ], [ 725600.0, 6177000.0 ], [ 725600.0, 6177100.0 ] ] ] } },
{ "type": "Feature", "properties": { "Shape_Area": 40000.0, "Shape_Leng": 1000.0, "cluster_id": "101_441", "fid_1": 441.0, "id_munic": 441.0, "munic_clus": "101_441", "munic_code": 101.0, "min": 2.4650123119354248, "max": 2.4650123119354248, "mean": 2.4650123119354248, "count": 4, "std": 0.0, "range": 0.0 }, "geometry": { "type": "Polygon", "coordinates": [ [ [ 725600.0, 6176800.0 ], [ 725600.0, 6176900.0 ], [ 725600.0, 6177000.0 ], [ 725700.0, 6177000.0 ], [ 725700.0, 6176900.0 ], [ 725700.0, 6176800.0 ], [ 725700.0, 6176700.0 ], [ 725600.0, 6176700.0 ], [ 725500.0, 6176700.0 ], [ 725500.0, 6176800.0 ], [ 725600.0, 6176800.0 ] ] ] } },
{ "type": "Feature", "properties": { "Shape_Area": 20000.0, "Shape_Leng": 600.0, "cluster_id": "101_442", "fid_1": 442.0, "id_munic": 442.0, "munic_clus": "101_442", "munic_code": 101.0, "min": 3.5074977874755859, "max": 3.5074977874755859, "mean": 3.5074977874755859, "count": 2, "std": 0.0, "range": 0.0 }, "geometry": { "type": "Polygon", "coordinates": [ [ [ 723600.0, 6177100.0 ], [ 723600.0, 6177200.0 ], [ 723700.0, 6177200.0 ], [ 723700.0, 6177100.0 ], [ 723700.0, 6177000.0 ], [ 723600.0, 6177000.0 ], [ 723600.0, 6177100.0 ] ] ] } },
{ "type": "Feature", "properties": { "Shape_Area": 20000.0, "Shape_Leng": 600.0, "cluster_id": "101_443", "fid_1": 443.0, "id_munic": 443.0, "munic_clus": "101_443", "munic_code": 101.0, "min": 2.4653449058532715, "max": 2.4653449058532715, "mean": 2.4653449058532715, "count": 2, "std": 0.0, "range": 0.0 }, "geometry": { "type": "Polygon", "coordinates": [ [ [ 722100.0, 6179200.0 ], [ 722200.0, 6179200.0 ], [ 722300.0, 6179200.0 ], [ 722300.0, 6179100.0 ], [ 722200.0, 6179100.0 ], [ 722100.0, 6179100.0 ], [ 722100.0, 6179200.0 ] ] ] } },
{ "type": "Feature", "properties": { "Shape_Area": 10000.0, "Shape_Leng": 400.0, "cluster_id": "101_444", "fid_1": 444.0, "id_munic": 444.0, "munic_clus": "101_444", "munic_code": 101.0, "min": 3.2370879650115967, "max": 3.2370879650115967, "mean": 3.2370879650115967, "count": 1, "std": 0.0, "range": 0.0 }, "geometry": { "type": "Polygon", "coordinates": [ [ [ 722200.0, 6179400.0 ], [ 722200.0, 6179500.0 ], [ 722300.0, 6179500.0 ], [ 722300.0, 6179400.0 ], [ 722200.0, 6179400.0 ] ] ] } },
{ "type": "Feature", "properties": { "Shape_Area": 10000.0, "Shape_Leng": 400.0, "cluster_id": "101_445", "fid_1": 445.0, "id_munic": 445.0, "munic_clus": "101_445", "munic_code": 101.0, "min": 3.7075972557067871, "max": 3.7075972557067871, "mean": 3.7075972557067871, "count": 1, "std": 0.0, "range": 0.0 }, "geometry": { "type": "Polygon", "coordinates": [ [ [ 722200.0, 6179200.0 ], [ 722200.0, 6179300.0 ], [ 722300.0, 6179300.0 ], [ 722300.0, 6179200.0 ], [ 722200.0, 6179200.0 ] ] ] } },
{ "type": "Feature", "properties": { "Shape_Area": 10000.0, "Shape_Leng": 400.0, "cluster_id": "101_446", "fid_1": 446.0, "id_munic": 446.0, "munic_clus": "101_446", "munic_code": 101.0, "min": 2.5368211269378662, "max": 2.5368211269378662, "mean": 2.5368211269378662, "count": 1, "std": 0.0, "range": 0.0 }, "geometry": { "type": "Polygon", "coordinates": [ [ [ 722200.0, 6179300.0 ], [ 722200.0, 6179400.0 ], [ 722300.0, 6179400.0 ], [ 722300.0, 6179300.0 ], [ 722200.0, 6179300.0 ] ] ] } },
{ "type": "Feature", "properties": { "Shape_Area": 20000.0, "Shape_Leng": 600.0, "cluster_id": "101_447", "fid_1": 447.0, "id_munic": 447.0, "munic_clus": "101_447", "munic_code": 101.0, "min": 2.7345888614654541, "max": 2.7345888614654541, "mean": 2.7345888614654541, "count": 2, "std": 0.0, "range": 0.0 }, "geometry": { "type": "Polygon", "coordinates": [ [ [ 721900.0, 6179000.0 ], [ 721900.0, 6179100.0 ], [ 722000.0, 6179100.0 ], [ 722000.0, 6179000.0 ], [ 722000.0, 6178900.0 ], [ 721900.0, 6178900.0 ], [ 721900.0, 6179000.0 ] ] ] } },
{ "type": "Feature", "properties": { "Shape_Area": 10000.0, "Shape_Leng": 400.0, "cluster_id": "101_448", "fid_1": 448.0, "id_munic": 448.0, "munic_clus": "101_448", "munic_code": 101.0, "min": 3.4256918430328369, "max": 3.4256918430328369, "mean": 3.4256918430328369, "count": 1, "std": 0.0, "range": 0.0 }, "geometry": { "type": "Polygon", "coordinates": [ [ [ 722000.0, 6179100.0 ], [ 722000.0, 6179200.0 ], [ 722100.0, 6179200.0 ], [ 722100.0, 6179100.0 ], [ 722000.0, 6179100.0 ] ] ] } },
{ "type": "Feature", "properties": { "Shape_Area": 10000.0, "Shape_Leng": 400.0, "cluster_id": "101_449", "fid_1": 449.0, "id_munic": 449.0, "munic_clus": "101_449", "munic_code": 101.0, "min": 3.5944688320159912, "max": 3.5944688320159912, "mean": 3.5944688320159912, "count": 1, "std": 0.0, "range": 0.0 }, "geometry": { "type": "Polygon", "coordinates": [ [ [ 722000.0, 6179200.0 ], [ 722000.0, 6179300.0 ], [ 722100.0, 6179300.0 ], [ 722100.0, 6179200.0 ], [ 722000.0, 6179200.0 ] ] ] } },
{ "type": "Feature", "properties": { "Shape_Area": 20000.0, "Shape_Leng": 600.0, "cluster_id": "101_450", "fid_1": 450.0, "id_munic": 450.0, "munic_clus": "101_450", "munic_code": 101.0, "min": 3.2357552051544189, "max": 3.2357552051544189, "mean": 3.2357552051544189, "count": 2, "std": 0.0, "range": 0.0 }, "geometry": { "type": "Polygon", "coordinates": [ [ [ 721900.0, 6179400.0 ], [ 721900.0, 6179500.0 ], [ 722000.0, 6179500.0 ], [ 722000.0, 6179400.0 ], [ 722000.0, 6179300.0 ], [ 721900.0, 6179300.0 ], [ 721900.0, 6179400.0 ] ] ] } },
{ "type": "Feature", "properties": { "Shape_Area": 10000.0, "Shape_Leng": 400.0, "cluster_id": "101_451", "fid_1": 451.0, "id_munic": 451.0, "munic_clus": "101_451", "munic_code": 101.0, "min": 3.3880376815795898, "max": 3.3880376815795898, "mean": 3.3880376815795898, "count": 1, "std": 0.0, "range": 0.0 }, "geometry": { "type": "Polygon", "coordinates": [ [ [ 723600.0, 6176900.0 ], [ 723600.0, 6177000.0 ], [ 723700.0, 6177000.0 ], [ 723700.0, 6176900.0 ], [ 723600.0, 6176900.0 ] ] ] } },
{ "type": "Feature", "properties": { "Shape_Area": 10000.0, "Shape_Leng": 400.0, "cluster_id": "101_452", "fid_1": 452.0, "id_munic": 452.0, "munic_clus": "101_452", "munic_code": 101.0, "min": 3.3017332553863525, "max": 3.3017332553863525, "mean": 3.3017332553863525, "count": 1, "std": 0.0, "range": 0.0 }, "geometry": { "type": "Polygon", "coordinates": [ [ [ 722000.0, 6179900.0 ], [ 722000.0, 6180000.0 ], [ 722100.0, 6180000.0 ], [ 722100.0, 6179900.0 ], [ 722000.0, 6179900.0 ] ] ] } },
{ "type": "Feature", "properties": { "Shape_Area": 20000.0, "Shape_Leng": 600.0, "cluster_id": "101_453", "fid_1": 453.0, "id_munic": 453.0, "munic_clus": "101_453", "munic_code": 101.0, "min": 3.1746084690093994, "max": 3.1746084690093994, "mean": 3.1746084690093994, "count": 2, "std": 0.0, "range": 0.0 }, "geometry": { "type": "Polygon", "coordinates": [ [ [ 722000.0, 6179600.0 ], [ 722100.0, 6179600.0 ], [ 722200.0, 6179600.0 ], [ 722200.0, 6179500.0 ], [ 722100.0, 6179500.0 ], [ 722000.0, 6179500.0 ], [ 722000.0, 6179600.0 ] ] ] } },
{ "type": "Feature", "properties": { "Shape_Area": 20000.0, "Shape_Leng": 600.0, "cluster_id": "101_454", "fid_1": 454.0, "id_munic": 454.0, "munic_clus": "101_454", "munic_code": 101.0, "min": 3.2442524433135986, "max": 3.2442524433135986, "mean": 3.2442524433135986, "count": 2, "std": 0.0, "range": 0.0 }, "geometry": { "type": "Polygon", "coordinates": [ [ [ 722000.0, 6179700.0 ], [ 722100.0, 6179700.0 ], [ 722200.0, 6179700.0 ], [ 722200.0, 6179600.0 ], [ 722100.0, 6179600.0 ], [ 722000.0, 6179600.0 ], [ 722000.0, 6179700.0 ] ] ] } },
{ "type": "Feature", "properties": { "Shape_Area": 10000.0, "Shape_Leng": 400.0, "cluster_id": "101_455", "fid_1": 455.0, "id_munic": 455.0, "munic_clus": "101_455", "munic_code": 101.0, "min": 2.5563147068023682, "max": 2.5563147068023682, "mean": 2.5563147068023682, "count": 1, "std": 0.0, "range": 0.0 }, "geometry": { "type": "Polygon", "coordinates": [ [ [ 722100.0, 6179200.0 ], [ 722100.0, 6179300.0 ], [ 722200.0, 6179300.0 ], [ 722200.0, 6179200.0 ], [ 722100.0, 6179200.0 ] ] ] } },
{ "type": "Feature", "properties": { "Shape_Area": 20000.0, "Shape_Leng": 600.0, "cluster_id": "101_456", "fid_1": 456.0, "id_munic": 456.0, "munic_clus": "101_456", "munic_code": 101.0, "min": 3.3703768253326416, "max": 3.3703768253326416, "mean": 3.3703768253326416, "count": 2, "std": 0.0, "range": 0.0 }, "geometry": { "type": "Polygon", "coordinates": [ [ [ 723400.0, 6178300.0 ], [ 723400.0, 6178400.0 ], [ 723500.0, 6178400.0 ], [ 723500.0, 6178300.0 ], [ 723500.0, 6178200.0 ], [ 723400.0, 6178200.0 ], [ 723400.0, 6178300.0 ] ] ] } },
{ "type": "Feature", "properties": { "Shape_Area": 20000.0, "Shape_Leng": 600.0, "cluster_id": "101_457", "fid_1": 457.0, "id_munic": 457.0, "munic_clus": "101_457", "munic_code": 101.0, "min": 3.1346220970153809, "max": 3.1346220970153809, "mean": 3.1346220970153809, "count": 2, "std": 0.0, "range": 0.0 }, "geometry": { "type": "Polygon", "coordinates": [ [ [ 724100.0, 6179800.0 ], [ 724100.0, 6179900.0 ], [ 724200.0, 6179900.0 ], [ 724200.0, 6179800.0 ], [ 724200.0, 6179700.0 ], [ 724100.0, 6179700.0 ], [ 724100.0, 6179800.0 ] ] ] } },
{ "type": "Feature", "properties": { "Shape_Area": 10000.0, "Shape_Leng": 400.0, "cluster_id": "101_458", "fid_1": 458.0, "id_munic": 458.0, "munic_clus": "101_458", "munic_code": 101.0, "min": 4.2047662734985352, "max": 4.2047662734985352, "mean": 4.2047662734985352, "count": 1, "std": 0.0, "range": 0.0 }, "geometry": { "type": "Polygon", "coordinates": [ [ [ 723700.0, 6176900.0 ], [ 723700.0, 6177000.0 ], [ 723800.0, 6177000.0 ], [ 723800.0, 6176900.0 ], [ 723700.0, 6176900.0 ] ] ] } },
{ "type": "Feature", "properties": { "Shape_Area": 20000.0, "Shape_Leng": 600.0, "cluster_id": "101_459", "fid_1": 459.0, "id_munic": 459.0, "munic_clus": "101_459", "munic_code": 101.0, "min": 2.879706859588623, "max": 2.879706859588623, "mean": 2.879706859588623, "count": 2, "std": 0.0, "range": 0.0 }, "geometry": { "type": "Polygon", "coordinates": [ [ [ 723600.0, 6176900.0 ], [ 723700.0, 6176900.0 ], [ 723800.0, 6176900.0 ], [ 723800.0, 6176800.0 ], [ 723700.0, 6176800.0 ], [ 723600.0, 6176800.0 ], [ 723600.0, 6176900.0 ] ] ] } },
{ "type": "Feature", "properties": { "Shape_Area": 20000.0, "Shape_Leng": 600.0, "cluster_id": "101_460", "fid_1": 460.0, "id_munic": 460.0, "munic_clus": "101_460", "munic_code": 101.0, "min": 2.4198603630065918, "max": 2.4198603630065918, "mean": 2.4198603630065918, "count": 2, "std": 0.0, "range": 0.0 }, "geometry": { "type": "Polygon", "coordinates": [ [ [ 724000.0, 6179800.0 ], [ 724000.0, 6179900.0 ], [ 724100.0, 6179900.0 ], [ 724100.0, 6179800.0 ], [ 724100.0, 6179700.0 ], [ 724000.0, 6179700.0 ], [ 724000.0, 6179800.0 ] ] ] } },
{ "type": "Feature", "properties": { "Shape_Area": 10000.0, "Shape_Leng": 400.0, "cluster_id": "101_461", "fid_1": 461.0, "id_munic": 461.0, "munic_clus": "101_461", "munic_code": 101.0, "min": 3.5493171215057373, "max": 3.5493171215057373, "mean": 3.5493171215057373, "count": 1, "std": 0.0, "range": 0.0 }, "geometry": { "type": "Polygon", "coordinates": [ [ [ 724000.0, 6179900.0 ], [ 724000.0, 6180000.0 ], [ 724100.0, 6180000.0 ], [ 724100.0, 6179900.0 ], [ 724000.0, 6179900.0 ] ] ] } },
{ "type": "Feature", "properties": { "Shape_Area": 10000.0, "Shape_Leng": 400.0, "cluster_id": "101_462", "fid_1": 462.0, "id_munic": 462.0, "munic_clus": "101_462", "munic_code": 101.0, "min": 2.8907036781311035, "max": 2.8907036781311035, "mean": 2.8907036781311035, "count": 1, "std": 0.0, "range": 0.0 }, "geometry": { "type": "Polygon", "coordinates": [ [ [ 723900.0, 6179900.0 ], [ 723900.0, 6180000.0 ], [ 724000.0, 6180000.0 ], [ 724000.0, 6179900.0 ], [ 723900.0, 6179900.0 ] ] ] } },
{ "type": "Feature", "properties": { "Shape_Area": 30000.0, "Shape_Leng": 800.0, "cluster_id": "101_463", "fid_1": 463.0, "id_munic": 463.0, "munic_clus": "101_463", "munic_code": 101.0, "min": 2.5839722156524658, "max": 2.5839722156524658, "mean": 2.5839722951253257, "count": 3, "std": 7.947285984855057e-08, "range": 0.0 }, "geometry": { "type": "Polygon", "coordinates": [ [ [ 723600.0, 6179800.0 ], [ 723600.0, 6179900.0 ], [ 723700.0, 6179900.0 ], [ 723700.0, 6179800.0 ], [ 723800.0, 6179800.0 ], [ 723800.0, 6179700.0 ], [ 723700.0, 6179700.0 ], [ 723600.0, 6179700.0 ], [ 723600.0, 6179800.0 ] ] ] } },
{ "type": "Feature", "properties": { "Shape_Area": 40000.0, "Shape_Leng": 1000.0, "cluster_id": "101_464", "fid_1": 464.0, "id_munic": 464.0, "munic_clus": "101_464", "munic_code": 101.0, "min": 2.6567811965942383, "max": 2.6567811965942383, "mean": 2.6567811965942383, "count": 4, "std": 0.0, "range": 0.0 }, "geometry": { "type": "Polygon", "coordinates": [ [ [ 719700.0, 6173000.0 ], [ 719700.0, 6173100.0 ], [ 719800.0, 6173100.0 ], [ 719900.0, 6173100.0 ], [ 719900.0, 6173000.0 ], [ 719800.0, 6173000.0 ], [ 719800.0, 6172900.0 ], [ 719700.0, 6172900.0 ], [ 719600.0, 6172900.0 ], [ 719600.0, 6173000.0 ], [ 719700.0, 6173000.0 ] ] ] } },
{ "type": "Feature", "properties": { "Shape_Area": 50000.0, "Shape_Leng": 1000.0, "cluster_id": "101_465", "fid_1": 465.0, "id_munic": 465.0, "munic_clus": "101_465", "munic_code": 101.0, "min": 2.9191937446594238, "max": 2.9191937446594238, "mean": 2.9191936492919921, "count": 5, "std": 9.5367431729442842e-08, "range": 0.0 }, "geometry": { "type": "Polygon", "coordinates": [ [ [ 719900.0, 6173000.0 ], [ 719900.0, 6173100.0 ], [ 720000.0, 6173100.0 ], [ 720100.0, 6173100.0 ], [ 720100.0, 6173000.0 ], [ 720100.0, 6172900.0 ], [ 720000.0, 6172900.0 ], [ 719900.0, 6172900.0 ], [ 719800.0, 6172900.0 ], [ 719800.0, 6173000.0 ], [ 719900.0, 6173000.0 ] ] ] } },
{ "type": "Feature", "properties": { "Shape_Area": 80000.0, "Shape_Leng": 1400.0, "cluster_id": "101_466", "fid_1": 466.0, "id_munic": 466.0, "munic_clus": "101_466", "munic_code": 101.0, "min": 2.3763749599456787, "max": 2.3763749599456787, "mean": 2.3763749599456787, "count": 8, "std": 0.0, "range": 0.0 }, "geometry": { "type": "Polygon", "coordinates": [ [ [ 720400.0, 6172800.0 ], [ 720300.0, 6172800.0 ], [ 720200.0, 6172800.0 ], [ 720200.0, 6172900.0 ], [ 720100.0, 6172900.0 ], [ 720100.0, 6173000.0 ], [ 720100.0, 6173100.0 ], [ 720200.0, 6173100.0 ], [ 720200.0, 6173200.0 ], [ 720300.0, 6173200.0 ], [ 720300.0, 6173100.0 ], [ 720300.0, 6173000.0 ], [ 720400.0, 6173000.0 ], [ 720400.0, 6172900.0 ], [ 720400.0, 6172800.0 ] ] ] } },
{ "type": "Feature", "properties": { "Shape_Area": 10000.0, "Shape_Leng": 400.0, "cluster_id": "101_467", "fid_1": 467.0, "id_munic": 467.0, "munic_clus": "101_467", "munic_code": 101.0, "min": 3.9425191879272461, "max": 3.9425191879272461, "mean": 3.9425191879272461, "count": 1, "std": 0.0, "range": 0.0 }, "geometry": { "type": "Polygon", "coordinates": [ [ [ 723500.0, 6176600.0 ], [ 723500.0, 6176700.0 ], [ 723600.0, 6176700.0 ], [ 723600.0, 6176600.0 ], [ 723500.0, 6176600.0 ] ] ] } },
{ "type": "Feature", "properties": { "Shape_Area": 10000.0, "Shape_Leng": 400.0, "cluster_id": "101_468", "fid_1": 468.0, "id_munic": 468.0, "munic_clus": "101_468", "munic_code": 101.0, "min": 3.286738395690918, "max": 3.286738395690918, "mean": 3.286738395690918, "count": 1, "std": 0.0, "range": 0.0 }, "geometry": { "type": "Polygon", "coordinates": [ [ [ 725100.0, 6179300.0 ], [ 725100.0, 6179400.0 ], [ 725200.0, 6179400.0 ], [ 725200.0, 6179300.0 ], [ 725100.0, 6179300.0 ] ] ] } },
{ "type": "Feature", "properties": { "Shape_Area": 30000.0, "Shape_Leng": 800.0, "cluster_id": "101_469", "fid_1": 469.0, "id_munic": 469.0, "munic_clus": "101_469", "munic_code": 101.0, "min": 2.7685775756835938, "max": 2.7685775756835938, "mean": 2.7685775756835938, "count": 3, "std": 0.0, "range": 0.0 }, "geometry": { "type": "Polygon", "coordinates": [ [ [ 724900.0, 6179300.0 ], [ 725000.0, 6179300.0 ], [ 725100.0, 6179300.0 ], [ 725200.0, 6179300.0 ], [ 725200.0, 6179200.0 ], [ 725100.0, 6179200.0 ], [ 725000.0, 6179200.0 ], [ 724900.0, 6179200.0 ], [ 724900.0, 6179300.0 ] ] ] } },
{ "type": "Feature", "properties": { "Shape_Area": 10000.0, "Shape_Leng": 400.0, "cluster_id": "101_470", "fid_1": 470.0, "id_munic": 470.0, "munic_clus": "101_470", "munic_code": 101.0, "min": 2.4193601608276367, "max": 2.4193601608276367, "mean": 2.4193601608276367, "count": 1, "std": 0.0, "range": 0.0 }, "geometry": { "type": "Polygon", "coordinates": [ [ [ 725200.0, 6179300.0 ], [ 725200.0, 6179400.0 ], [ 725300.0, 6179400.0 ], [ 725300.0, 6179300.0 ], [ 725200.0, 6179300.0 ] ] ] } },
{ "type": "Feature", "properties": { "Shape_Area": 10000.0, "Shape_Leng": 400.0, "cluster_id": "101_471", "fid_1": 471.0, "id_munic": 471.0, "munic_clus": "101_471", "munic_code": 101.0, "min": 2.8482177257537842, "max": 2.8482177257537842, "mean": 2.8482177257537842, "count": 1, "std": 0.0, "range": 0.0 }, "geometry": { "type": "Polygon", "coordinates": [ [ [ 725100.0, 6179400.0 ], [ 725100.0, 6179500.0 ], [ 725200.0, 6179500.0 ], [ 725200.0, 6179400.0 ], [ 725100.0, 6179400.0 ] ] ] } },
{ "type": "Feature", "properties": { "Shape_Area": 10000.0, "Shape_Leng": 400.0, "cluster_id": "101_472", "fid_1": 472.0, "id_munic": 472.0, "munic_clus": "101_472", "munic_code": 101.0, "min": 2.8832058906555176, "max": 2.8832058906555176, "mean": 2.8832058906555176, "count": 1, "std": 0.0, "range": 0.0 }, "geometry": { "type": "Polygon", "coordinates": [ [ [ 725000.0, 6179400.0 ], [ 725000.0, 6179500.0 ], [ 725100.0, 6179500.0 ], [ 725100.0, 6179400.0 ], [ 725000.0, 6179400.0 ] ] ] } },
{ "type": "Feature", "properties": { "Shape_Area": 20000.0, "Shape_Leng": 600.0, "cluster_id": "101_473", "fid_1": 473.0, "id_munic": 473.0, "munic_clus": "101_473", "munic_code": 101.0, "min": 3.2204267978668213, "max": 3.2204267978668213, "mean": 3.2204267978668213, "count": 2, "std": 0.0, "range": 0.0 }, "geometry": { "type": "Polygon", "coordinates": [ [ [ 724900.0, 6179400.0 ], [ 725000.0, 6179400.0 ], [ 725100.0, 6179400.0 ], [ 725100.0, 6179300.0 ], [ 725000.0, 6179300.0 ], [ 724900.0, 6179300.0 ], [ 724900.0, 6179400.0 ] ] ] } },
{ "type": "Feature", "properties": { "Shape_Area": 10000.0, "Shape_Leng": 400.0, "cluster_id": "101_474", "fid_1": 474.0, "id_munic": 474.0, "munic_clus": "101_474", "munic_code": 101.0, "min": 3.3868708610534668, "max": 3.3868708610534668, "mean": 3.3868708610534668, "count": 1, "std": 0.0, "range": 0.0 }, "geometry": { "type": "Polygon", "coordinates": [ [ [ 724900.0, 6179400.0 ], [ 724900.0, 6179500.0 ], [ 725000.0, 6179500.0 ], [ 725000.0, 6179400.0 ], [ 724900.0, 6179400.0 ] ] ] } },
{ "type": "Feature", "properties": { "Shape_Area": 20000.0, "Shape_Leng": 600.0, "cluster_id": "101_475", "fid_1": 475.0, "id_munic": 475.0, "munic_clus": "101_475", "munic_code": 101.0, "min": 3.2180938720703125, "max": 3.2180938720703125, "mean": 3.2180938720703125, "count": 2, "std": 0.0, "range": 0.0 }, "geometry": { "type": "Polygon", "coordinates": [ [ [ 722500.0, 6173500.0 ], [ 722500.0, 6173600.0 ], [ 722600.0, 6173600.0 ], [ 722600.0, 6173500.0 ], [ 722600.0, 6173400.0 ], [ 722500.0, 6173400.0 ], [ 722500.0, 6173500.0 ] ] ] } },
{ "type": "Feature", "properties": { "Shape_Area": 20000.0, "Shape_Leng": 600.0, "cluster_id": "101_476", "fid_1": 476.0, "id_munic": 476.0, "munic_clus": "101_476", "munic_code": 101.0, "min": 2.3132288455963135, "max": 2.3132288455963135, "mean": 2.3132288455963135, "count": 2, "std": 0.0, "range": 0.0 }, "geometry": { "type": "Polygon", "coordinates": [ [ [ 722400.0, 6173200.0 ], [ 722500.0, 6173200.0 ], [ 722600.0, 6173200.0 ], [ 722600.0, 6173100.0 ], [ 722500.0, 6173100.0 ], [ 722400.0, 6173100.0 ], [ 722400.0, 6173200.0 ] ] ] } },
{ "type": "Feature", "properties": { "Shape_Area": 10000.0, "Shape_Leng": 400.0, "cluster_id": "101_477", "fid_1": 477.0, "id_munic": 477.0, "munic_clus": "101_477", "munic_code": 101.0, "min": 4.3173947334289551, "max": 4.3173947334289551, "mean": 4.3173947334289551, "count": 1, "std": 0.0, "range": 0.0 }, "geometry": { "type": "Polygon", "coordinates": [ [ [ 722300.0, 6173000.0 ], [ 722300.0, 6173100.0 ], [ 722400.0, 6173100.0 ], [ 722400.0, 6173000.0 ], [ 722300.0, 6173000.0 ] ] ] } },
{ "type": "Feature", "properties": { "Shape_Area": 20000.0, "Shape_Leng": 600.0, "cluster_id": "101_478", "fid_1": 478.0, "id_munic": 478.0, "munic_clus": "101_478", "munic_code": 101.0, "min": 3.6087970733642578, "max": 3.6087970733642578, "mean": 3.6087970733642578, "count": 2, "std": 0.0, "range": 0.0 }, "geometry": { "type": "Polygon", "coordinates": [ [ [ 722400.0, 6173600.0 ], [ 722400.0, 6173700.0 ], [ 722500.0, 6173700.0 ], [ 722500.0, 6173600.0 ], [ 722500.0, 6173500.0 ], [ 722400.0, 6173500.0 ], [ 722400.0, 6173600.0 ] ] ] } },
{ "type": "Feature", "properties": { "Shape_Area": 10000.0, "Shape_Leng": 400.0, "cluster_id": "101_479", "fid_1": 479.0, "id_munic": 479.0, "munic_clus": "101_479", "munic_code": 101.0, "min": 2.4735090732574463, "max": 2.4735090732574463, "mean": 2.4735090732574463, "count": 1, "std": 0.0, "range": 0.0 }, "geometry": { "type": "Polygon", "coordinates": [ [ [ 723200.0, 6176800.0 ], [ 723200.0, 6176900.0 ], [ 723300.0, 6176900.0 ], [ 723300.0, 6176800.0 ], [ 723200.0, 6176800.0 ] ] ] } },
{ "type": "Feature", "properties": { "Shape_Area": 10000.0, "Shape_Leng": 400.0, "cluster_id": "101_480", "fid_1": 480.0, "id_munic": 480.0, "munic_clus": "101_480", "munic_code": 101.0, "min": 3.0846381187438965, "max": 3.0846381187438965, "mean": 3.0846381187438965, "count": 1, "std": 0.0, "range": 0.0 }, "geometry": { "type": "Polygon", "coordinates": [ [ [ 723300.0, 6176900.0 ], [ 723300.0, 6177000.0 ], [ 723400.0, 6177000.0 ], [ 723400.0, 6176900.0 ], [ 723300.0, 6176900.0 ] ] ] } },
{ "type": "Feature", "properties": { "Shape_Area": 290000.0, "Shape_Leng": 2600.0, "cluster_id": "101_481", "fid_1": 481.0, "id_munic": 481.0, "munic_clus": "101_481", "munic_code": 101.0, "min": 3.0948021411895752, "max": 3.0948021411895752, "mean": 3.0948023302801726, "count": 29, "std": 1.8909059740224166e-07, "range": 0.0 }, "geometry": { "type": "Polygon", "coordinates": [ [ [ 722200.0, 6173700.0 ], [ 722100.0, 6173700.0 ], [ 722100.0, 6173800.0 ], [ 722000.0, 6173800.0 ], [ 722000.0, 6173900.0 ], [ 722000.0, 6174000.0 ], [ 722100.0, 6174000.0 ], [ 722100.0, 6174100.0 ], [ 722200.0, 6174100.0 ], [ 722300.0, 6174100.0 ], [ 722300.0, 6174200.0 ], [ 722400.0, 6174200.0 ], [ 722400.0, 6174300.0 ], [ 722500.0, 6174300.0 ], [ 722500.0, 6174200.0 ], [ 722600.0, 6174200.0 ], [ 722700.0, 6174200.0 ], [ 722700.0, 6174100.0 ], [ 722700.0, 6174000.0 ], [ 722700.0, 6173900.0 ], [ 722600.0, 6173900.0 ], [ 722600.0, 6173800.0 ], [ 722600.0, 6173700.0 ], [ 722500.0, 6173700.0 ], [ 722400.0, 6173700.0 ], [ 722300.0, 6173700.0 ], [ 722200.0, 6173700.0 ] ] ] } },
{ "type": "Feature", "properties": { "Shape_Area": 10000.0, "Shape_Leng": 400.0, "cluster_id": "101_482", "fid_1": 482.0, "id_munic": 482.0, "munic_clus": "101_482", "munic_code": 101.0, "min": 3.2550821304321289, "max": 3.2550821304321289, "mean": 3.2550821304321289, "count": 1, "std": 0.0, "range": 0.0 }, "geometry": { "type": "Polygon", "coordinates": [ [ [ 722500.0, 6173600.0 ], [ 722500.0, 6173700.0 ], [ 722600.0, 6173700.0 ], [ 722600.0, 6173600.0 ], [ 722500.0, 6173600.0 ] ] ] } },
{ "type": "Feature", "properties": { "Shape_Area": 10000.0, "Shape_Leng": 400.0, "cluster_id": "101_483", "fid_1": 483.0, "id_munic": 483.0, "munic_clus": "101_483", "munic_code": 101.0, "min": 3.8475511074066162, "max": 3.8475511074066162, "mean": 3.8475511074066162, "count": 1, "std": 0.0, "range": 0.0 }, "geometry": { "type": "Polygon", "coordinates": [ [ [ 722000.0, 6172800.0 ], [ 722000.0, 6172900.0 ], [ 722100.0, 6172900.0 ], [ 722100.0, 6172800.0 ], [ 722000.0, 6172800.0 ] ] ] } },
{ "type": "Feature", "properties": { "Shape_Area": 10000.0, "Shape_Leng": 400.0, "cluster_id": "101_484", "fid_1": 484.0, "id_munic": 484.0, "munic_clus": "101_484", "munic_code": 101.0, "min": 3.5213265419006348, "max": 3.5213265419006348, "mean": 3.5213265419006348, "count": 1, "std": 0.0, "range": 0.0 }, "geometry": { "type": "Polygon", "coordinates": [ [ [ 722100.0, 6172900.0 ], [ 722100.0, 6173000.0 ], [ 722200.0, 6173000.0 ], [ 722200.0, 6172900.0 ], [ 722100.0, 6172900.0 ] ] ] } },
{ "type": "Feature", "properties": { "Shape_Area": 50000.0, "Shape_Leng": 1000.0, "cluster_id": "101_485", "fid_1": 485.0, "id_munic": 485.0, "munic_clus": "101_485", "munic_code": 101.0, "min": 3.8567142486572266, "max": 3.8567142486572266, "mean": 3.8567142486572266, "count": 5, "std": 0.0, "range": 0.0 }, "geometry": { "type": "Polygon", "coordinates": [ [ [ 722300.0, 6174100.0 ], [ 722200.0, 6174100.0 ], [ 722100.0, 6174100.0 ], [ 722100.0, 6174200.0 ], [ 722100.0, 6174300.0 ], [ 722200.0, 6174300.0 ], [ 722300.0, 6174300.0 ], [ 722400.0, 6174300.0 ], [ 722400.0, 6174200.0 ], [ 722300.0, 6174200.0 ], [ 722300.0, 6174100.0 ] ] ] } },
{ "type": "Feature", "properties": { "Shape_Area": 10000.0, "Shape_Leng": 400.0, "cluster_id": "101_486", "fid_1": 486.0, "id_munic": 486.0, "munic_clus": "101_486", "munic_code": 101.0, "min": 2.6862716674804688, "max": 2.6862716674804688, "mean": 2.6862716674804688, "count": 1, "std": 0.0, "range": 0.0 }, "geometry": { "type": "Polygon", "coordinates": [ [ [ 722400.0, 6173300.0 ], [ 722400.0, 6173400.0 ], [ 722500.0, 6173400.0 ], [ 722500.0, 6173300.0 ], [ 722400.0, 6173300.0 ] ] ] } },
{ "type": "Feature", "properties": { "Shape_Area": 40000.0, "Shape_Leng": 1000.0, "cluster_id": "101_487", "fid_1": 487.0, "id_munic": 487.0, "munic_clus": "101_487", "munic_code": 101.0, "min": 2.7700769901275635, "max": 2.7700769901275635, "mean": 2.7700769901275635, "count": 4, "std": 0.0, "range": 0.0 }, "geometry": { "type": "Polygon", "coordinates": [ [ [ 722500.0, 6173500.0 ], [ 722500.0, 6173400.0 ], [ 722400.0, 6173400.0 ], [ 722300.0, 6173400.0 ], [ 722300.0, 6173500.0 ], [ 722300.0, 6173600.0 ], [ 722300.0, 6173700.0 ], [ 722400.0, 6173700.0 ], [ 722400.0, 6173600.0 ], [ 722400.0, 6173500.0 ], [ 722500.0, 6173500.0 ] ] ] } },
{ "type": "Feature", "properties": { "Shape_Area": 30000.0, "Shape_Leng": 800.0, "cluster_id": "101_488", "fid_1": 488.0, "id_munic": 488.0, "munic_clus": "101_488", "munic_code": 101.0, "min": 3.1357879638671875, "max": 3.1357879638671875, "mean": 3.1357879638671875, "count": 3, "std": 0.0, "range": 0.0 }, "geometry": { "type": "Polygon", "coordinates": [ [ [ 722400.0, 6173300.0 ], [ 722500.0, 6173300.0 ], [ 722500.0, 6173400.0 ], [ 722600.0, 6173400.0 ], [ 722600.0, 6173300.0 ], [ 722600.0, 6173200.0 ], [ 722500.0, 6173200.0 ], [ 722400.0, 6173200.0 ], [ 722400.0, 6173300.0 ] ] ] } },
{ "type": "Feature", "properties": { "Shape_Area": 80000.0, "Shape_Leng": 1400.0, "cluster_id": "101_489", "fid_1": 489.0, "id_munic": 489.0, "munic_clus": "101_489", "munic_code": 101.0, "min": 2.7367541790008545, "max": 2.7367541790008545, "mean": 2.7367539405822754, "count": 8, "std": 2.384185791015625e-07, "range": 0.0 }, "geometry": { "type": "Polygon", "coordinates": [ [ [ 720500.0, 6179500.0 ], [ 720500.0, 6179600.0 ], [ 720400.0, 6179600.0 ], [ 720400.0, 6179700.0 ], [ 720400.0, 6179800.0 ], [ 720500.0, 6179800.0 ], [ 720500.0, 6179900.0 ], [ 720600.0, 6179900.0 ], [ 720600.0, 6179800.0 ], [ 720700.0, 6179800.0 ], [ 720700.0, 6179700.0 ], [ 720700.0, 6179600.0 ], [ 720600.0, 6179600.0 ], [ 720600.0, 6179500.0 ], [ 720500.0, 6179500.0 ] ] ] } },
{ "type": "Feature", "properties": { "Shape_Area": 10000.0, "Shape_Leng": 400.0, "cluster_id": "101_490", "fid_1": 490.0, "id_munic": 490.0, "munic_clus": "101_490", "munic_code": 101.0, "min": 3.6004672050476074, "max": 3.6004672050476074, "mean": 3.6004672050476074, "count": 1, "std": 0.0, "range": 0.0 }, "geometry": { "type": "Polygon", "coordinates": [ [ [ 720700.0, 6179100.0 ], [ 720700.0, 6179200.0 ], [ 720800.0, 6179200.0 ], [ 720800.0, 6179100.0 ], [ 720700.0, 6179100.0 ] ] ] } },
{ "type": "Feature", "properties": { "Shape_Area": 10000.0, "Shape_Leng": 400.0, "cluster_id": "101_492", "fid_1": 492.0, "id_munic": 492.0, "munic_clus": "101_492", "munic_code": 101.0, "min": 3.9065310955047607, "max": 3.9065310955047607, "mean": 3.9065310955047607, "count": 1, "std": 0.0, "range": 0.0 }, "geometry": { "type": "Polygon", "coordinates": [ [ [ 721600.0, 6178600.0 ], [ 721600.0, 6178700.0 ], [ 721700.0, 6178700.0 ], [ 721700.0, 6178600.0 ], [ 721600.0, 6178600.0 ] ] ] } },
{ "type": "Feature", "properties": { "Shape_Area": 30000.0, "Shape_Leng": 800.0, "cluster_id": "101_493", "fid_1": 493.0, "id_munic": 493.0, "munic_clus": "101_493", "munic_code": 101.0, "min": 3.3825392723083496, "max": 3.3825392723083496, "mean": 3.3825391133626304, "count": 3, "std": 1.5894571925301193e-07, "range": 0.0 }, "geometry": { "type": "Polygon", "coordinates": [ [ [ 723400.0, 6176800.0 ], [ 723400.0, 6176900.0 ], [ 723500.0, 6176900.0 ], [ 723500.0, 6176800.0 ], [ 723600.0, 6176800.0 ], [ 723600.0, 6176700.0 ], [ 723500.0, 6176700.0 ], [ 723400.0, 6176700.0 ], [ 723400.0, 6176800.0 ] ] ] } },
{ "type": "Feature", "properties": { "Shape_Area": 10000.0, "Shape_Leng": 400.0, "cluster_id": "101_494", "fid_1": 494.0, "id_munic": 494.0, "munic_clus": "101_494", "munic_code": 101.0, "min": 3.2867379188537598, "max": 3.2867379188537598, "mean": 3.2867379188537598, "count": 1, "std": 0.0, "range": 0.0 }, "geometry": { "type": "Polygon", "coordinates": [ [ [ 721300.0, 6178500.0 ], [ 721300.0, 6178600.0 ], [ 721400.0, 6178600.0 ], [ 721400.0, 6178500.0 ], [ 721300.0, 6178500.0 ] ] ] } },
{ "type": "Feature", "properties": { "Shape_Area": 50000.0, "Shape_Leng": 1200.0, "cluster_id": "101_495", "fid_1": 495.0, "id_munic": 495.0, "munic_clus": "101_495", "munic_code": 101.0, "min": 3.0661451816558838, "max": 3.0661451816558838, "mean": 3.0661451339721681, "count": 5, "std": 4.7683715642676816e-08, "range": 0.0 }, "geometry": { "type": "Polygon", "coordinates": [ [ [ 721200.0, 6178600.0 ], [ 721200.0, 6178700.0 ], [ 721200.0, 6178800.0 ], [ 721300.0, 6178800.0 ], [ 721300.0, 6178700.0 ], [ 721400.0, 6178700.0 ], [ 721400.0, 6178600.0 ], [ 721300.0, 6178600.0 ], [ 721300.0, 6178500.0 ], [ 721200.0, 6178500.0 ], [ 721100.0, 6178500.0 ], [ 721100.0, 6178600.0 ], [ 721200.0, 6178600.0 ] ] ] } },
{ "type": "Feature", "properties": { "Shape_Area": 80000.0, "Shape_Leng": 1400.0, "cluster_id": "101_496", "fid_1": 496.0, "id_munic": 496.0, "munic_clus": "101_496", "munic_code": 101.0, "min": 2.2842385768890381, "max": 2.2842385768890381, "mean": 2.2842385768890381, "count": 8, "std": 0.0, "range": 0.0 }, "geometry": { "type": "Polygon", "coordinates": [ [ [ 721400.0, 6178600.0 ], [ 721400.0, 6178700.0 ], [ 721300.0, 6178700.0 ], [ 721300.0, 6178800.0 ], [ 721200.0, 6178800.0 ], [ 721200.0, 6178900.0 ], [ 721200.0, 6179000.0 ], [ 721300.0, 6179000.0 ], [ 721400.0, 6179000.0 ], [ 721400.0, 6178900.0 ], [ 721500.0, 6178900.0 ], [ 721500.0, 6178800.0 ], [ 721500.0, 6178700.0 ], [ 721500.0, 6178600.0 ], [ 721400.0, 6178600.0 ] ] ] } },
{ "type": "Feature", "properties": { "Shape_Area": 10000.0, "Shape_Leng": 400.0, "cluster_id": "101_497", "fid_1": 497.0, "id_munic": 497.0, "munic_clus": "101_497", "munic_code": 101.0, "min": 2.8923695087432861, "max": 2.8923695087432861, "mean": 2.8923695087432861, "count": 1, "std": 0.0, "range": 0.0 }, "geometry": { "type": "Polygon", "coordinates": [ [ [ 721500.0, 6178000.0 ], [ 721500.0, 6178100.0 ], [ 721600.0, 6178100.0 ], [ 721600.0, 6178000.0 ], [ 721500.0, 6178000.0 ] ] ] } },
{ "type": "Feature", "properties": { "Shape_Area": 10000.0, "Shape_Leng": 400.0, "cluster_id": "101_498", "fid_1": 498.0, "id_munic": 498.0, "munic_clus": "101_498", "munic_code": 101.0, "min": 3.0249922275543213, "max": 3.0249922275543213, "mean": 3.0249922275543213, "count": 1, "std": 0.0, "range": 0.0 }, "geometry": { "type": "Polygon", "coordinates": [ [ [ 721400.0, 6178100.0 ], [ 721400.0, 6178200.0 ], [ 721500.0, 6178200.0 ], [ 721500.0, 6178100.0 ], [ 721400.0, 6178100.0 ] ] ] } },
{ "type": "Feature", "properties": { "Shape_Area": 70000.0, "Shape_Leng": 1400.0, "cluster_id": "101_499", "fid_1": 499.0, "id_munic": 499.0, "munic_clus": "101_499", "munic_code": 101.0, "min": 2.8645455837249756, "max": 2.8645455837249756, "mean": 2.8645455496651784, "count": 7, "std": 3.4059797204832876e-08, "range": 0.0 }, "geometry": { "type": "Polygon", "coordinates": [ [ [ 722100.0, 6178100.0 ], [ 722100.0, 6178000.0 ], [ 722000.0, 6178000.0 ], [ 721900.0, 6178000.0 ], [ 721800.0, 6178000.0 ], [ 721800.0, 6178100.0 ], [ 721700.0, 6178100.0 ], [ 721700.0, 6178200.0 ], [ 721800.0, 6178200.0 ], [ 721800.0, 6178300.0 ], [ 721900.0, 6178300.0 ], [ 721900.0, 6178200.0 ], [ 722000.0, 6178200.0 ], [ 722000.0, 6178100.0 ], [ 722100.0, 6178100.0 ] ] ] } },
{ "type": "Feature", "properties": { "Shape_Area": 10000.0, "Shape_Leng": 400.0, "cluster_id": "101_500", "fid_1": 500.0, "id_munic": 500.0, "munic_clus": "101_500", "munic_code": 101.0, "min": 2.5671446323394775, "max": 2.5671446323394775, "mean": 2.5671446323394775, "count": 1, "std": 0.0, "range": 0.0 }, "geometry": { "type": "Polygon", "coordinates": [ [ [ 721900.0, 6178500.0 ], [ 721900.0, 6178600.0 ], [ 722000.0, 6178600.0 ], [ 722000.0, 6178500.0 ], [ 721900.0, 6178500.0 ] ] ] } },
{ "type": "Feature", "properties": { "Shape_Area": 10000.0, "Shape_Leng": 400.0, "cluster_id": "101_501", "fid_1": 501.0, "id_munic": 501.0, "munic_clus": "101_501", "munic_code": 101.0, "min": 3.3163948059082031, "max": 3.3163948059082031, "mean": 3.3163948059082031, "count": 1, "std": 0.0, "range": 0.0 }, "geometry": { "type": "Polygon", "coordinates": [ [ [ 721700.0, 6178600.0 ], [ 721700.0, 6178700.0 ], [ 721800.0, 6178700.0 ], [ 721800.0, 6178600.0 ], [ 721700.0, 6178600.0 ] ] ] } },
{ "type": "Feature", "properties": { "Shape_Area": 10000.0, "Shape_Leng": 400.0, "cluster_id": "101_502", "fid_1": 502.0, "id_munic": 502.0, "munic_clus": "101_502", "munic_code": 101.0, "min": 1.9728425741195679, "max": 1.9728425741195679, "mean": 1.9728425741195679, "count": 1, "std": 0.0, "range": 0.0 }, "geometry": { "type": "Polygon", "coordinates": [ [ [ 721500.0, 6178700.0 ], [ 721500.0, 6178800.0 ], [ 721600.0, 6178800.0 ], [ 721600.0, 6178700.0 ], [ 721500.0, 6178700.0 ] ] ] } },
{ "type": "Feature", "properties": { "Shape_Area": 10000.0, "Shape_Leng": 400.0, "cluster_id": "101_503", "fid_1": 503.0, "id_munic": 503.0, "munic_clus": "101_503", "munic_code": 101.0, "min": 2.1214597225189209, "max": 2.1214597225189209, "mean": 2.1214597225189209, "count": 1, "std": 0.0, "range": 0.0 }, "geometry": { "type": "Polygon", "coordinates": [ [ [ 723700.0, 6176700.0 ], [ 723700.0, 6176800.0 ], [ 723800.0, 6176800.0 ], [ 723800.0, 6176700.0 ], [ 723700.0, 6176700.0 ] ] ] } },
{ "type": "Feature", "properties": { "Shape_Area": 140000.0, "Shape_Leng": 2200.0, "cluster_id": "101_504", "fid_1": 504.0, "id_munic": 504.0, "munic_clus": "101_504", "munic_code": 101.0, "min": 3.1039652824401855, "max": 3.1039652824401855, "mean": 3.1039652143205916, "count": 14, "std": 6.8119593965576528e-08, "range": 0.0 }, "geometry": { "type": "Polygon", "coordinates": [ [ [ 723700.0, 6176600.0 ], [ 723700.0, 6176700.0 ], [ 723800.0, 6176700.0 ], [ 723800.0, 6176800.0 ], [ 723800.0, 6176900.0 ], [ 723900.0, 6176900.0 ], [ 723900.0, 6177000.0 ], [ 724000.0, 6177000.0 ], [ 724000.0, 6176900.0 ], [ 724100.0, 6176900.0 ], [ 724100.0, 6176800.0 ], [ 724000.0, 6176800.0 ], [ 724000.0, 6176700.0 ], [ 724000.0, 6176600.0 ], [ 723900.0, 6176600.0 ], [ 723900.0, 6176500.0 ], [ 723900.0, 6176400.0 ], [ 723800.0, 6176400.0 ], [ 723700.0, 6176400.0 ], [ 723600.0, 6176400.0 ], [ 723600.0, 6176500.0 ], [ 723700.0, 6176500.0 ], [ 723700.0, 6176600.0 ] ] ] } },
{ "type": "Feature", "properties": { "Shape_Area": 10000.0, "Shape_Leng": 400.0, "cluster_id": "101_505", "fid_1": 505.0, "id_munic": 505.0, "munic_clus": "101_505", "munic_code": 101.0, "min": 3.3752083778381348, "max": 3.3752083778381348, "mean": 3.3752083778381348, "count": 1, "std": 0.0, "range": 0.0 }, "geometry": { "type": "Polygon", "coordinates": [ [ [ 721600.0, 6178700.0 ], [ 721600.0, 6178800.0 ], [ 721700.0, 6178800.0 ], [ 721700.0, 6178700.0 ], [ 721600.0, 6178700.0 ] ] ] } },
{ "type": "Feature", "properties": { "Shape_Area": 20000.0, "Shape_Leng": 600.0, "cluster_id": "101_506", "fid_1": 506.0, "id_munic": 506.0, "munic_clus": "101_506", "munic_code": 101.0, "min": 3.1097970008850098, "max": 3.1097970008850098, "mean": 3.1097970008850098, "count": 2, "std": 0.0, "range": 0.0 }, "geometry": { "type": "Polygon", "coordinates": [ [ [ 721500.0, 6178600.0 ], [ 721500.0, 6178700.0 ], [ 721600.0, 6178700.0 ], [ 721600.0, 6178600.0 ], [ 721600.0, 6178500.0 ], [ 721500.0, 6178500.0 ], [ 721500.0, 6178600.0 ] ] ] } },
{ "type": "Feature", "properties": { "Shape_Area": 10000.0, "Shape_Leng": 400.0, "cluster_id": "101_507", "fid_1": 507.0, "id_munic": 507.0, "munic_clus": "101_507", "munic_code": 101.0, "min": 2.7199268341064453, "max": 2.7199268341064453, "mean": 2.7199268341064453, "count": 1, "std": 0.0, "range": 0.0 }, "geometry": { "type": "Polygon", "coordinates": [ [ [ 721700.0, 6178200.0 ], [ 721700.0, 6178300.0 ], [ 721800.0, 6178300.0 ], [ 721800.0, 6178200.0 ], [ 721700.0, 6178200.0 ] ] ] } },
{ "type": "Feature", "properties": { "Shape_Area": 40000.0, "Shape_Leng": 1000.0, "cluster_id": "101_508", "fid_1": 508.0, "id_munic": 508.0, "munic_clus": "101_508", "munic_code": 101.0, "min": 3.1751089096069336, "max": 3.1751089096069336, "mean": 3.1751089096069336, "count": 4, "std": 0.0, "range": 0.0 }, "geometry": { "type": "Polygon", "coordinates": [ [ [ 721400.0, 6178400.0 ], [ 721300.0, 6178400.0 ], [ 721300.0, 6178500.0 ], [ 721400.0, 6178500.0 ], [ 721500.0, 6178500.0 ], [ 721500.0, 6178400.0 ], [ 721500.0, 6178300.0 ], [ 721500.0, 6178200.0 ], [ 721400.0, 6178200.0 ], [ 721400.0, 6178300.0 ], [ 721400.0, 6178400.0 ] ] ] } },
{ "type": "Feature", "properties": { "Shape_Area": 10000.0, "Shape_Leng": 400.0, "cluster_id": "101_509", "fid_1": 509.0, "id_munic": 509.0, "munic_clus": "101_509", "munic_code": 101.0, "min": 3.6529495716094971, "max": 3.6529495716094971, "mean": 3.6529495716094971, "count": 1, "std": 0.0, "range": 0.0 }, "geometry": { "type": "Polygon", "coordinates": [ [ [ 721500.0, 6178200.0 ], [ 721500.0, 6178300.0 ], [ 721600.0, 6178300.0 ], [ 721600.0, 6178200.0 ], [ 721500.0, 6178200.0 ] ] ] } },
{ "type": "Feature", "properties": { "Shape_Area": 20000.0, "Shape_Leng": 600.0, "cluster_id": "101_510", "fid_1": 510.0, "id_munic": 510.0, "munic_clus": "101_510", "munic_code": 101.0, "min": 3.1902709007263184, "max": 3.1902709007263184, "mean": 3.1902709007263184, "count": 2, "std": 0.0, "range": 0.0 }, "geometry": { "type": "Polygon", "coordinates": [ [ [ 721500.0, 6178400.0 ], [ 721500.0, 6178500.0 ], [ 721600.0, 6178500.0 ], [ 721600.0, 6178400.0 ], [ 721600.0, 6178300.0 ], [ 721500.0, 6178300.0 ], [ 721500.0, 6178400.0 ] ] ] } },
{ "type": "Feature", "properties": { "Shape_Area": 10000.0, "Shape_Leng": 400.0, "cluster_id": "101_511", "fid_1": 511.0, "id_munic": 511.0, "munic_clus": "101_511", "munic_code": 101.0, "min": 3.4903368949890137, "max": 3.4903368949890137, "mean": 3.4903368949890137, "count": 1, "std": 0.0, "range": 0.0 }, "geometry": { "type": "Polygon", "coordinates": [ [ [ 722100.0, 6178100.0 ], [ 722100.0, 6178200.0 ], [ 722200.0, 6178200.0 ], [ 722200.0, 6178100.0 ], [ 722100.0, 6178100.0 ] ] ] } },
{ "type": "Feature", "properties": { "Shape_Area": 10000.0, "Shape_Leng": 400.0, "cluster_id": "101_512", "fid_1": 512.0, "id_munic": 512.0, "munic_clus": "101_512", "munic_code": 101.0, "min": 3.4686770439147949, "max": 3.4686770439147949, "mean": 3.4686770439147949, "count": 1, "std": 0.0, "range": 0.0 }, "geometry": { "type": "Polygon", "coordinates": [ [ [ 721400.0, 6178500.0 ], [ 721400.0, 6178600.0 ], [ 721500.0, 6178600.0 ], [ 721500.0, 6178500.0 ], [ 721400.0, 6178500.0 ] ] ] } },
{ "type": "Feature", "properties": { "Shape_Area": 10000.0, "Shape_Leng": 400.0, "cluster_id": "101_513", "fid_1": 513.0, "id_munic": 513.0, "munic_clus": "101_513", "munic_code": 101.0, "min": 3.7997334003448486, "max": 3.7997334003448486, "mean": 3.7997334003448486, "count": 1, "std": 0.0, "range": 0.0 }, "geometry": { "type": "Polygon", "coordinates": [ [ [ 721700.0, 6178000.0 ], [ 721700.0, 6178100.0 ], [ 721800.0, 6178100.0 ], [ 721800.0, 6178000.0 ], [ 721700.0, 6178000.0 ] ] ] } },
{ "type": "Feature", "properties": { "Shape_Area": 30000.0, "Shape_Leng": 800.0, "cluster_id": "101_514", "fid_1": 514.0, "id_munic": 514.0, "munic_clus": "101_514", "munic_code": 101.0, "min": 3.6546151638031006, "max": 3.6546151638031006, "mean": 3.6546150843302407, "count": 3, "std": 7.947285984855057e-08, "range": 0.0 }, "geometry": { "type": "Polygon", "coordinates": [ [ [ 725400.0, 6179100.0 ], [ 725300.0, 6179100.0 ], [ 725300.0, 6179200.0 ], [ 725400.0, 6179200.0 ], [ 725500.0, 6179200.0 ], [ 725500.0, 6179100.0 ], [ 725500.0, 6179000.0 ], [ 725400.0, 6179000.0 ], [ 725400.0, 6179100.0 ] ] ] } },
{ "type": "Feature", "properties": { "Shape_Area": 20000.0, "Shape_Leng": 600.0, "cluster_id": "101_515", "fid_1": 515.0, "id_munic": 515.0, "munic_clus": "101_515", "munic_code": 101.0, "min": 3.4508497714996338, "max": 3.4508497714996338, "mean": 3.4508497714996338, "count": 2, "std": 0.0, "range": 0.0 }, "geometry": { "type": "Polygon", "coordinates": [ [ [ 725300.0, 6179300.0 ], [ 725400.0, 6179300.0 ], [ 725500.0, 6179300.0 ], [ 725500.0, 6179200.0 ], [ 725400.0, 6179200.0 ], [ 725300.0, 6179200.0 ], [ 725300.0, 6179300.0 ] ] ] } },
{ "type": "Feature", "properties": { "Shape_Area": 20000.0, "Shape_Leng": 600.0, "cluster_id": "101_516", "fid_1": 516.0, "id_munic": 516.0, "munic_clus": "101_516", "munic_code": 101.0, "min": 3.2957353591918945, "max": 3.2957353591918945, "mean": 3.2957353591918945, "count": 2, "std": 0.0, "range": 0.0 }, "geometry": { "type": "Polygon", "coordinates": [ [ [ 725400.0, 6179400.0 ], [ 725400.0, 6179500.0 ], [ 725500.0, 6179500.0 ], [ 725500.0, 6179400.0 ], [ 725500.0, 6179300.0 ], [ 725400.0, 6179300.0 ], [ 725400.0, 6179400.0 ] ] ] } },
{ "type": "Feature", "properties": { "Shape_Area": 10000.0, "Shape_Leng": 400.0, "cluster_id": "101_517", "fid_1": 517.0, "id_munic": 517.0, "munic_clus": "101_517", "munic_code": 101.0, "min": 3.32389235496521, "max": 3.32389235496521, "mean": 3.32389235496521, "count": 1, "std": 0.0, "range": 0.0 }, "geometry": { "type": "Polygon", "coordinates": [ [ [ 725500.0, 6178700.0 ], [ 725500.0, 6178800.0 ], [ 725600.0, 6178800.0 ], [ 725600.0, 6178700.0 ], [ 725500.0, 6178700.0 ] ] ] } },
{ "type": "Feature", "properties": { "Shape_Area": 20000.0, "Shape_Leng": 600.0, "cluster_id": "101_518", "fid_1": 518.0, "id_munic": 518.0, "munic_clus": "101_518", "munic_code": 101.0, "min": 3.3200602531433105, "max": 3.3200602531433105, "mean": 3.3200602531433105, "count": 2, "std": 0.0, "range": 0.0 }, "geometry": { "type": "Polygon", "coordinates": [ [ [ 725400.0, 6178900.0 ], [ 725500.0, 6178900.0 ], [ 725600.0, 6178900.0 ], [ 725600.0, 6178800.0 ], [ 725500.0, 6178800.0 ], [ 725400.0, 6178800.0 ], [ 725400.0, 6178900.0 ] ] ] } },
{ "type": "Feature", "properties": { "Shape_Area": 20000.0, "Shape_Leng": 600.0, "cluster_id": "101_519", "fid_1": 519.0, "id_munic": 519.0, "munic_clus": "101_519", "munic_code": 101.0, "min": 2.2812399864196777, "max": 2.2812399864196777, "mean": 2.2812399864196777, "count": 2, "std": 0.0, "range": 0.0 }, "geometry": { "type": "Polygon", "coordinates": [ [ [ 725500.0, 6179100.0 ], [ 725500.0, 6179200.0 ], [ 725600.0, 6179200.0 ], [ 725600.0, 6179100.0 ], [ 725600.0, 6179000.0 ], [ 725500.0, 6179000.0 ], [ 725500.0, 6179100.0 ] ] ] } },
{ "type": "Feature", "properties": { "Shape_Area": 20000.0, "Shape_Leng": 600.0, "cluster_id": "101_520", "fid_1": 520.0, "id_munic": 520.0, "munic_clus": "101_520", "munic_code": 101.0, "min": 2.8757081031799316, "max": 2.8757081031799316, "mean": 2.8757081031799316, "count": 2, "std": 0.0, "range": 0.0 }, "geometry": { "type": "Polygon", "coordinates": [ [ [ 725600.0, 6178300.0 ], [ 725600.0, 6178400.0 ], [ 725700.0, 6178400.0 ], [ 725700.0, 6178300.0 ], [ 725700.0, 6178200.0 ], [ 725600.0, 6178200.0 ], [ 725600.0, 6178300.0 ] ] ] } },
{ "type": "Feature", "properties": { "Shape_Area": 10000.0, "Shape_Leng": 400.0, "cluster_id": "101_521", "fid_1": 521.0, "id_munic": 521.0, "munic_clus": "101_521", "munic_code": 101.0, "min": 2.9651787281036377, "max": 2.9651787281036377, "mean": 2.9651787281036377, "count": 1, "std": 0.0, "range": 0.0 }, "geometry": { "type": "Polygon", "coordinates": [ [ [ 725300.0, 6179300.0 ], [ 725300.0, 6179400.0 ], [ 725400.0, 6179400.0 ], [ 725400.0, 6179300.0 ], [ 725300.0, 6179300.0 ] ] ] } },
{ "type": "Feature", "properties": { "Shape_Area": 10000.0, "Shape_Leng": 400.0, "cluster_id": "101_522", "fid_1": 522.0, "id_munic": 522.0, "munic_clus": "101_522", "munic_code": 101.0, "min": 2.5921361446380615, "max": 2.5921361446380615, "mean": 2.5921361446380615, "count": 1, "std": 0.0, "range": 0.0 }, "geometry": { "type": "Polygon", "coordinates": [ [ [ 725500.0, 6178900.0 ], [ 725500.0, 6179000.0 ], [ 725600.0, 6179000.0 ], [ 725600.0, 6178900.0 ], [ 725500.0, 6178900.0 ] ] ] } },
{ "type": "Feature", "properties": { "Shape_Area": 10000.0, "Shape_Leng": 400.0, "cluster_id": "101_523", "fid_1": 523.0, "id_munic": 523.0, "munic_clus": "101_523", "munic_code": 101.0, "min": 3.045151948928833, "max": 3.045151948928833, "mean": 3.045151948928833, "count": 1, "std": 0.0, "range": 0.0 }, "geometry": { "type": "Polygon", "coordinates": [ [ [ 725400.0, 6178900.0 ], [ 725400.0, 6179000.0 ], [ 725500.0, 6179000.0 ], [ 725500.0, 6178900.0 ], [ 725400.0, 6178900.0 ] ] ] } },
{ "type": "Feature", "properties": { "Shape_Area": 20000.0, "Shape_Leng": 600.0, "cluster_id": "101_524", "fid_1": 524.0, "id_munic": 524.0, "munic_clus": "101_524", "munic_code": 101.0, "min": 3.0858051776885986, "max": 3.0858051776885986, "mean": 3.0858051776885986, "count": 2, "std": 0.0, "range": 0.0 }, "geometry": { "type": "Polygon", "coordinates": [ [ [ 725600.0, 6178500.0 ], [ 725600.0, 6178600.0 ], [ 725700.0, 6178600.0 ], [ 725700.0, 6178500.0 ], [ 725700.0, 6178400.0 ], [ 725600.0, 6178400.0 ], [ 725600.0, 6178500.0 ] ] ] } },
{ "type": "Feature", "properties": { "Shape_Area": 10000.0, "Shape_Leng": 400.0, "cluster_id": "101_525", "fid_1": 525.0, "id_munic": 525.0, "munic_clus": "101_525", "munic_code": 101.0, "min": 3.2252585887908936, "max": 3.2252585887908936, "mean": 3.2252585887908936, "count": 1, "std": 0.0, "range": 0.0 }, "geometry": { "type": "Polygon", "coordinates": [ [ [ 724700.0, 6179800.0 ], [ 724700.0, 6179900.0 ], [ 724800.0, 6179900.0 ], [ 724800.0, 6179800.0 ], [ 724700.0, 6179800.0 ] ] ] } },
{ "type": "Feature", "properties": { "Shape_Area": 10000.0, "Shape_Leng": 400.0, "cluster_id": "101_526", "fid_1": 526.0, "id_munic": 526.0, "munic_clus": "101_526", "munic_code": 101.0, "min": 3.1192939281463623, "max": 3.1192939281463623, "mean": 3.1192939281463623, "count": 1, "std": 0.0, "range": 0.0 }, "geometry": { "type": "Polygon", "coordinates": [ [ [ 725300.0, 6179500.0 ], [ 725300.0, 6179600.0 ], [ 725400.0, 6179600.0 ], [ 725400.0, 6179500.0 ], [ 725300.0, 6179500.0 ] ] ] } },
{ "type": "Feature", "properties": { "Shape_Area": 20000.0, "Shape_Leng": 600.0, "cluster_id": "101_527", "fid_1": 527.0, "id_munic": 527.0, "munic_clus": "101_527", "munic_code": 101.0, "min": 3.0211598873138428, "max": 3.0211598873138428, "mean": 3.0211598873138428, "count": 2, "std": 0.0, "range": 0.0 }, "geometry": { "type": "Polygon", "coordinates": [ [ [ 725200.0, 6179500.0 ], [ 725300.0, 6179500.0 ], [ 725400.0, 6179500.0 ], [ 725400.0, 6179400.0 ], [ 725300.0, 6179400.0 ], [ 725200.0, 6179400.0 ], [ 725200.0, 6179500.0 ] ] ] } },
{ "type": "Feature", "properties": { "Shape_Area": 40000.0, "Shape_Leng": 1000.0, "cluster_id": "101_528", "fid_1": 528.0, "id_munic": 528.0, "munic_clus": "101_528", "munic_code": 101.0, "min": 2.988170862197876, "max": 2.988170862197876, "mean": 2.988170862197876, "count": 4, "std": 0.0, "range": 0.0 }, "geometry": { "type": "Polygon", "coordinates": [ [ [ 724700.0, 6180100.0 ], [ 724700.0, 6180200.0 ], [ 724800.0, 6180200.0 ], [ 724800.0, 6180100.0 ], [ 724900.0, 6180100.0 ], [ 724900.0, 6180000.0 ], [ 724800.0, 6180000.0 ], [ 724800.0, 6179900.0 ], [ 724700.0, 6179900.0 ], [ 724700.0, 6180000.0 ], [ 724700.0, 6180100.0 ] ] ] } },
{ "type": "Feature", "properties": { "Shape_Area": 10000.0, "Shape_Leng": 400.0, "cluster_id": "101_530", "fid_1": 530.0, "id_munic": 530.0, "munic_clus": "101_530", "munic_code": 101.0, "min": 3.1977677345275879, "max": 3.1977677345275879, "mean": 3.1977677345275879, "count": 1, "std": 0.0, "range": 0.0 }, "geometry": { "type": "Polygon", "coordinates": [ [ [ 722600.0, 6177000.0 ], [ 722600.0, 6177100.0 ], [ 722700.0, 6177100.0 ], [ 722700.0, 6177000.0 ], [ 722600.0, 6177000.0 ] ] ] } },
{ "type": "Feature", "properties": { "Shape_Area": 40000.0, "Shape_Leng": 1000.0, "cluster_id": "101_531", "fid_1": 531.0, "id_munic": 531.0, "munic_clus": "101_531", "munic_code": 101.0, "min": 3.5589804649353027, "max": 3.5589804649353027, "mean": 3.5589804649353027, "count": 4, "std": 0.0, "range": 0.0 }, "geometry": { "type": "Polygon", "coordinates": [ [ [ 724900.0, 6179600.0 ], [ 724900.0, 6179500.0 ], [ 724800.0, 6179500.0 ], [ 724700.0, 6179500.0 ], [ 724700.0, 6179600.0 ], [ 724700.0, 6179700.0 ], [ 724700.0, 6179800.0 ], [ 724800.0, 6179800.0 ], [ 724800.0, 6179700.0 ], [ 724800.0, 6179600.0 ], [ 724900.0, 6179600.0 ] ] ] } },
{ "type": "Feature", "properties": { "Shape_Area": 20000.0, "Shape_Leng": 600.0, "cluster_id": "101_532", "fid_1": 532.0, "id_munic": 532.0, "munic_clus": "101_532", "munic_code": 101.0, "min": 2.9826724529266357, "max": 2.9826724529266357, "mean": 2.9826724529266357, "count": 2, "std": 0.0, "range": 0.0 }, "geometry": { "type": "Polygon", "coordinates": [ [ [ 725000.0, 6179600.0 ], [ 725000.0, 6179700.0 ], [ 725100.0, 6179700.0 ], [ 725100.0, 6179600.0 ], [ 725100.0, 6179500.0 ], [ 725000.0, 6179500.0 ], [ 725000.0, 6179600.0 ] ] ] } },
{ "type": "Feature", "properties": { "Shape_Area": 30000.0, "Shape_Leng": 800.0, "cluster_id": "101_533", "fid_1": 533.0, "id_munic": 533.0, "munic_clus": "101_533", "munic_code": 101.0, "min": 2.975341796875, "max": 2.975341796875, "mean": 2.975341796875, "count": 3, "std": 0.0, "range": 0.0 }, "geometry": { "type": "Polygon", "coordinates": [ [ [ 724900.0, 6179600.0 ], [ 724800.0, 6179600.0 ], [ 724800.0, 6179700.0 ], [ 724900.0, 6179700.0 ], [ 725000.0, 6179700.0 ], [ 725000.0, 6179600.0 ], [ 725000.0, 6179500.0 ], [ 724900.0, 6179500.0 ], [ 724900.0, 6179600.0 ] ] ] } },
{ "type": "Feature", "properties": { "Shape_Area": 20000.0, "Shape_Leng": 600.0, "cluster_id": "101_534", "fid_1": 534.0, "id_munic": 534.0, "munic_clus": "101_534", "munic_code": 101.0, "min": 2.7322561740875244, "max": 2.7322561740875244, "mean": 2.7322561740875244, "count": 2, "std": 0.0, "range": 0.0 }, "geometry": { "type": "Polygon", "coordinates": [ [ [ 725600.0, 6177300.0 ], [ 725600.0, 6177400.0 ], [ 725700.0, 6177400.0 ], [ 725700.0, 6177300.0 ], [ 725700.0, 6177200.0 ], [ 725600.0, 6177200.0 ], [ 725600.0, 6177300.0 ] ] ] } },
{ "type": "Feature", "properties": { "Shape_Area": 20000.0, "Shape_Leng": 600.0, "cluster_id": "101_535", "fid_1": 535.0, "id_munic": 535.0, "munic_clus": "101_535", "munic_code": 101.0, "min": 2.981173038482666, "max": 2.981173038482666, "mean": 2.981173038482666, "count": 2, "std": 0.0, "range": 0.0 }, "geometry": { "type": "Polygon", "coordinates": [ [ [ 725700.0, 6177200.0 ], [ 725700.0, 6177300.0 ], [ 725800.0, 6177300.0 ], [ 725800.0, 6177200.0 ], [ 725800.0, 6177100.0 ], [ 725700.0, 6177100.0 ], [ 725700.0, 6177200.0 ] ] ] } },
{ "type": "Feature", "properties": { "Shape_Area": 40000.0, "Shape_Leng": 800.0, "cluster_id": "101_536", "fid_1": 536.0, "id_munic": 536.0, "munic_clus": "101_536", "munic_code": 101.0, "min": 2.8365545272827148, "max": 2.8365545272827148, "mean": 2.8365545272827148, "count": 4, "std": 0.0, "range": 0.0 }, "geometry": { "type": "Polygon", "coordinates": [ [ [ 720900.0, 6178000.0 ], [ 720800.0, 6178000.0 ], [ 720700.0, 6178000.0 ], [ 720700.0, 6178100.0 ], [ 720700.0, 6178200.0 ], [ 720800.0, 6178200.0 ], [ 720900.0, 6178200.0 ], [ 720900.0, 6178100.0 ], [ 720900.0, 6178000.0 ] ] ] } },
{ "type": "Feature", "properties": { "Shape_Area": 40000.0, "Shape_Leng": 800.0, "cluster_id": "101_537", "fid_1": 537.0, "id_munic": 537.0, "munic_clus": "101_537", "munic_code": 101.0, "min": 2.3765416145324707, "max": 2.3765416145324707, "mean": 2.3765416145324707, "count": 4, "std": 0.0, "range": 0.0 }, "geometry": { "type": "Polygon", "coordinates": [ [ [ 720700.0, 6177700.0 ], [ 720600.0, 6177700.0 ], [ 720500.0, 6177700.0 ], [ 720500.0, 6177800.0 ], [ 720500.0, 6177900.0 ], [ 720600.0, 6177900.0 ], [ 720700.0, 6177900.0 ], [ 720700.0, 6177800.0 ], [ 720700.0, 6177700.0 ] ] ] } },
{ "type": "Feature", "properties": { "Shape_Area": 20000.0, "Shape_Leng": 600.0, "cluster_id": "101_538", "fid_1": 538.0, "id_munic": 538.0, "munic_clus": "101_538", "munic_code": 101.0, "min": 3.2550818920135498, "max": 3.2550818920135498, "mean": 3.2550818920135498, "count": 2, "std": 0.0, "range": 0.0 }, "geometry": { "type": "Polygon", "coordinates": [ [ [ 722700.0, 6177200.0 ], [ 722700.0, 6177300.0 ], [ 722800.0, 6177300.0 ], [ 722800.0, 6177200.0 ], [ 722800.0, 6177100.0 ], [ 722700.0, 6177100.0 ], [ 722700.0, 6177200.0 ] ] ] } },
{ "type": "Feature", "properties": { "Shape_Area": 50000.0, "Shape_Leng": 1000.0, "cluster_id": "101_539", "fid_1": 539.0, "id_munic": 539.0, "munic_clus": "101_539", "munic_code": 101.0, "min": 3.1414532661437988, "max": 3.1414532661437988, "mean": 3.1414531707763671, "count": 5, "std": 9.5367431729442842e-08, "range": 0.0 }, "geometry": { "type": "Polygon", "coordinates": [ [ [ 722800.0, 6177300.0 ], [ 722800.0, 6177400.0 ], [ 722900.0, 6177400.0 ], [ 723000.0, 6177400.0 ], [ 723000.0, 6177300.0 ], [ 723000.0, 6177200.0 ], [ 722900.0, 6177200.0 ], [ 722900.0, 6177100.0 ], [ 722800.0, 6177100.0 ], [ 722800.0, 6177200.0 ], [ 722800.0, 6177300.0 ] ] ] } },
{ "type": "Feature", "properties": { "Shape_Area": 80000.0, "Shape_Leng": 1400.0, "cluster_id": "101_540", "fid_1": 540.0, "id_munic": 540.0, "munic_clus": "101_540", "munic_code": 101.0, "min": 2.0926358699798584, "max": 2.0926358699798584, "mean": 2.0926358699798584, "count": 8, "std": 0.0, "range": 0.0 }, "geometry": { "type": "Polygon", "coordinates": [ [ [ 722900.0, 6177600.0 ], [ 722900.0, 6177700.0 ], [ 723000.0, 6177700.0 ], [ 723100.0, 6177700.0 ], [ 723100.0, 6177600.0 ], [ 723200.0, 6177600.0 ], [ 723200.0, 6177500.0 ], [ 723100.0, 6177500.0 ], [ 723100.0, 6177400.0 ], [ 723000.0, 6177400.0 ], [ 722900.0, 6177400.0 ], [ 722800.0, 6177400.0 ], [ 722800.0, 6177500.0 ], [ 722900.0, 6177500.0 ], [ 722900.0, 6177600.0 ] ] ] } },
{ "type": "Feature", "properties": { "Shape_Area": 10000.0, "Shape_Leng": 400.0, "cluster_id": "101_541", "fid_1": 541.0, "id_munic": 541.0, "munic_clus": "101_541", "munic_code": 101.0, "min": 3.1576149463653564, "max": 3.1576149463653564, "mean": 3.1576149463653564, "count": 1, "std": 0.0, "range": 0.0 }, "geometry": { "type": "Polygon", "coordinates": [ [ [ 722900.0, 6177100.0 ], [ 722900.0, 6177200.0 ], [ 723000.0, 6177200.0 ], [ 723000.0, 6177100.0 ], [ 722900.0, 6177100.0 ] ] ] } },
{ "type": "Feature", "properties": { "Shape_Area": 10000.0, "Shape_Leng": 400.0, "cluster_id": "101_542", "fid_1": 542.0, "id_munic": 542.0, "munic_clus": "101_542", "munic_code": 101.0, "min": 3.9816734790802002, "max": 3.9816734790802002, "mean": 3.9816734790802002, "count": 1, "std": 0.0, "range": 0.0 }, "geometry": { "type": "Polygon", "coordinates": [ [ [ 721600.0, 6179500.0 ], [ 721600.0, 6179600.0 ], [ 721700.0, 6179600.0 ], [ 721700.0, 6179500.0 ], [ 721600.0, 6179500.0 ] ] ] } },
{ "type": "Feature", "properties": { "Shape_Area": 20000.0, "Shape_Leng": 600.0, "cluster_id": "101_543", "fid_1": 543.0, "id_munic": 543.0, "munic_clus": "101_543", "munic_code": 101.0, "min": 3.8558816909790039, "max": 3.8558816909790039, "mean": 3.8558816909790039, "count": 2, "std": 0.0, "range": 0.0 }, "geometry": { "type": "Polygon", "coordinates": [ [ [ 721200.0, 6179500.0 ], [ 721200.0, 6179600.0 ], [ 721300.0, 6179600.0 ], [ 721300.0, 6179500.0 ], [ 721300.0, 6179400.0 ], [ 721200.0, 6179400.0 ], [ 721200.0, 6179500.0 ] ] ] } },
{ "type": "Feature", "properties": { "Shape_Area": 20000.0, "Shape_Leng": 600.0, "cluster_id": "101_544", "fid_1": 544.0, "id_munic": 544.0, "munic_clus": "101_544", "munic_code": 101.0, "min": 4.299567699432373, "max": 4.299567699432373, "mean": 4.299567699432373, "count": 2, "std": 0.0, "range": 0.0 }, "geometry": { "type": "Polygon", "coordinates": [ [ [ 720900.0, 6179300.0 ], [ 721000.0, 6179300.0 ], [ 721100.0, 6179300.0 ], [ 721100.0, 6179200.0 ], [ 721000.0, 6179200.0 ], [ 720900.0, 6179200.0 ], [ 720900.0, 6179300.0 ] ] ] } },
{ "type": "Feature", "properties": { "Shape_Area": 20000.0, "Shape_Leng": 600.0, "cluster_id": "101_545", "fid_1": 545.0, "id_munic": 545.0, "munic_clus": "101_545", "munic_code": 101.0, "min": 2.9928359985351562, "max": 2.9928359985351562, "mean": 2.9928359985351562, "count": 2, "std": 0.0, "range": 0.0 }, "geometry": { "type": "Polygon", "coordinates": [ [ [ 721500.0, 6179500.0 ], [ 721500.0, 6179600.0 ], [ 721600.0, 6179600.0 ], [ 721600.0, 6179500.0 ], [ 721600.0, 6179400.0 ], [ 721500.0, 6179400.0 ], [ 721500.0, 6179500.0 ] ] ] } },
{ "type": "Feature", "properties": { "Shape_Area": 20000.0, "Shape_Leng": 600.0, "cluster_id": "101_546", "fid_1": 546.0, "id_munic": 546.0, "munic_clus": "101_546", "munic_code": 101.0, "min": 4.1591143608093262, "max": 4.1591143608093262, "mean": 4.1591143608093262, "count": 2, "std": 0.0, "range": 0.0 }, "geometry": { "type": "Polygon", "coordinates": [ [ [ 721700.0, 6179700.0 ], [ 721800.0, 6179700.0 ], [ 721900.0, 6179700.0 ], [ 721900.0, 6179600.0 ], [ 721800.0, 6179600.0 ], [ 721700.0, 6179600.0 ], [ 721700.0, 6179700.0 ] ] ] } },
{ "type": "Feature", "properties": { "Shape_Area": 20000.0, "Shape_Leng": 600.0, "cluster_id": "101_547", "fid_1": 547.0, "id_munic": 547.0, "munic_clus": "101_547", "munic_code": 101.0, "min": 4.2577486038208008, "max": 4.2577486038208008, "mean": 4.2577486038208008, "count": 2, "std": 0.0, "range": 0.0 }, "geometry": { "type": "Polygon", "coordinates": [ [ [ 720800.0, 6179100.0 ], [ 720900.0, 6179100.0 ], [ 721000.0, 6179100.0 ], [ 721000.0, 6179000.0 ], [ 720900.0, 6179000.0 ], [ 720800.0, 6179000.0 ], [ 720800.0, 6179100.0 ] ] ] } },
{ "type": "Feature", "properties": { "Shape_Area": 10000.0, "Shape_Leng": 400.0, "cluster_id": "101_548", "fid_1": 548.0, "id_munic": 548.0, "munic_clus": "101_548", "munic_code": 101.0, "min": 3.7359223365783691, "max": 3.7359223365783691, "mean": 3.7359223365783691, "count": 1, "std": 0.0, "range": 0.0 }, "geometry": { "type": "Polygon", "coordinates": [ [ [ 720900.0, 6179100.0 ], [ 720900.0, 6179200.0 ], [ 721000.0, 6179200.0 ], [ 721000.0, 6179100.0 ], [ 720900.0, 6179100.0 ] ] ] } },
{ "type": "Feature", "properties": { "Shape_Area": 60000.0, "Shape_Leng": 1000.0, "cluster_id": "101_549", "fid_1": 549.0, "id_munic": 549.0, "munic_clus": "101_549", "munic_code": 101.0, "min": 3.2777414321899414, "max": 3.2777414321899414, "mean": 3.2777411142985025, "count": 6, "std": 3.1789143895011307e-07, "range": 0.0 }, "geometry": { "type": "Polygon", "coordinates": [ [ [ 721300.0, 6179000.0 ], [ 721200.0, 6179000.0 ], [ 721100.0, 6179000.0 ], [ 721000.0, 6179000.0 ], [ 721000.0, 6179100.0 ], [ 721000.0, 6179200.0 ], [ 721100.0, 6179200.0 ], [ 721200.0, 6179200.0 ], [ 721300.0, 6179200.0 ], [ 721300.0, 6179100.0 ], [ 721300.0, 6179000.0 ] ] ] } },
{ "type": "Feature", "properties": { "Shape_Area": 20000.0, "Shape_Leng": 600.0, "cluster_id": "101_550", "fid_1": 550.0, "id_munic": 550.0, "munic_clus": "101_550", "munic_code": 101.0, "min": 2.9846720695495605, "max": 2.9846720695495605, "mean": 2.9846720695495605, "count": 2, "std": 0.0, "range": 0.0 }, "geometry": { "type": "Polygon", "coordinates": [ [ [ 723300.0, 6176800.0 ], [ 723300.0, 6176900.0 ], [ 723400.0, 6176900.0 ], [ 723400.0, 6176800.0 ], [ 723400.0, 6176700.0 ], [ 723300.0, 6176700.0 ], [ 723300.0, 6176800.0 ] ] ] } },
{ "type": "Feature", "properties": { "Shape_Area": 20000.0, "Shape_Leng": 600.0, "cluster_id": "101_551", "fid_1": 551.0, "id_munic": 551.0, "munic_clus": "101_551", "munic_code": 101.0, "min": 4.3600478172302246, "max": 4.3600478172302246, "mean": 4.3600478172302246, "count": 2, "std": 0.0, "range": 0.0 }, "geometry": { "type": "Polygon", "coordinates": [ [ [ 721400.0, 6179500.0 ], [ 721400.0, 6179600.0 ], [ 721500.0, 6179600.0 ], [ 721500.0, 6179500.0 ], [ 721500.0, 6179400.0 ], [ 721400.0, 6179400.0 ], [ 721400.0, 6179500.0 ] ] ] } },
{ "type": "Feature", "properties": { "Shape_Area": 20000.0, "Shape_Leng": 600.0, "cluster_id": "101_552", "fid_1": 552.0, "id_munic": 552.0, "munic_clus": "101_552", "munic_code": 101.0, "min": 3.5363216400146484, "max": 3.5363216400146484, "mean": 3.5363216400146484, "count": 2, "std": 0.0, "range": 0.0 }, "geometry": { "type": "Polygon", "coordinates": [ [ [ 720800.0, 6179200.0 ], [ 720800.0, 6179300.0 ], [ 720900.0, 6179300.0 ], [ 720900.0, 6179200.0 ], [ 720900.0, 6179100.0 ], [ 720800.0, 6179100.0 ], [ 720800.0, 6179200.0 ] ] ] } },
{ "type": "Feature", "properties": { "Shape_Area": 10000.0, "Shape_Leng": 400.0, "cluster_id": "101_553", "fid_1": 553.0, "id_munic": 553.0, "munic_clus": "101_553", "munic_code": 101.0, "min": 4.1891045570373535, "max": 4.1891045570373535, "mean": 4.1891045570373535, "count": 1, "std": 0.0, "range": 0.0 }, "geometry": { "type": "Polygon", "coordinates": [ [ [ 724400.0, 6180200.0 ], [ 724400.0, 6180300.0 ], [ 724500.0, 6180300.0 ], [ 724500.0, 6180200.0 ], [ 724400.0, 6180200.0 ] ] ] } },
{ "type": "Feature", "properties": { "Shape_Area": 30000.0, "Shape_Leng": 800.0, "cluster_id": "101_554", "fid_1": 554.0, "id_munic": 554.0, "munic_clus": "101_554", "munic_code": 101.0, "min": 3.7664117813110352, "max": 3.7664117813110352, "mean": 3.7664117813110352, "count": 3, "std": 0.0, "range": 0.0 }, "geometry": { "type": "Polygon", "coordinates": [ [ [ 723600.0, 6180000.0 ], [ 723600.0, 6180100.0 ], [ 723700.0, 6180100.0 ], [ 723800.0, 6180100.0 ], [ 723800.0, 6180000.0 ], [ 723700.0, 6180000.0 ], [ 723700.0, 6179900.0 ], [ 723600.0, 6179900.0 ], [ 723600.0, 6180000.0 ] ] ] } },
{ "type": "Feature", "properties": { "Shape_Area": 40000.0, "Shape_Leng": 1000.0, "cluster_id": "101_555", "fid_1": 555.0, "id_munic": 555.0, "munic_clus": "101_555", "munic_code": 101.0, "min": 4.4033660888671875, "max": 4.4033660888671875, "mean": 4.4033660888671875, "count": 4, "std": 0.0, "range": 0.0 }, "geometry": { "type": "Polygon", "coordinates": [ [ [ 724200.0, 6180200.0 ], [ 724200.0, 6180300.0 ], [ 724300.0, 6180300.0 ], [ 724400.0, 6180300.0 ], [ 724400.0, 6180200.0 ], [ 724300.0, 6180200.0 ], [ 724300.0, 6180100.0 ], [ 724200.0, 6180100.0 ], [ 724100.0, 6180100.0 ], [ 724100.0, 6180200.0 ], [ 724200.0, 6180200.0 ] ] ] } },
{ "type": "Feature", "properties": { "Shape_Area": 30000.0, "Shape_Leng": 800.0, "cluster_id": "101_556", "fid_1": 556.0, "id_munic": 556.0, "munic_clus": "101_556", "munic_code": 101.0, "min": 3.7637455463409424, "max": 3.7637455463409424, "mean": 3.7637456258138022, "count": 3, "std": 7.947285984855057e-08, "range": 0.0 }, "geometry": { "type": "Polygon", "coordinates": [ [ [ 723700.0, 6180000.0 ], [ 723800.0, 6180000.0 ], [ 723800.0, 6180100.0 ], [ 723900.0, 6180100.0 ], [ 723900.0, 6180000.0 ], [ 723900.0, 6179900.0 ], [ 723800.0, 6179900.0 ], [ 723700.0, 6179900.0 ], [ 723700.0, 6180000.0 ] ] ] } },
{ "type": "Feature", "properties": { "Shape_Area": 60000.0, "Shape_Leng": 1200.0, "cluster_id": "101_557", "fid_1": 557.0, "id_munic": 557.0, "munic_clus": "101_557", "munic_code": 101.0, "min": 4.1317896842956543, "max": 4.1317896842956543, "mean": 4.1317895253499346, "count": 6, "std": 1.5894571969710114e-07, "range": 0.0 }, "geometry": { "type": "Polygon", "coordinates": [ [ [ 724200.0, 6180100.0 ], [ 724200.0, 6180000.0 ], [ 724100.0, 6180000.0 ], [ 724000.0, 6180000.0 ], [ 723900.0, 6180000.0 ], [ 723900.0, 6180100.0 ], [ 723900.0, 6180200.0 ], [ 724000.0, 6180200.0 ], [ 724000.0, 6180300.0 ], [ 724100.0, 6180300.0 ], [ 724100.0, 6180200.0 ], [ 724100.0, 6180100.0 ], [ 724200.0, 6180100.0 ] ] ] } },
{ "type": "Feature", "properties": { "Shape_Area": 200000.0, "Shape_Leng": 3200.0, "cluster_id": "101_558", "fid_1": 558.0, "id_munic": 558.0, "munic_clus": "101_558", "munic_code": 101.0, "min": 4.0418195724487305, "max": 4.0418195724487305, "mean": 4.0418197631835939, "count": 20, "std": 1.9073486345888568e-07, "range": 0.0 }, "geometry": { "type": "Polygon", "coordinates": [ [ [ 723800.0, 6180100.0 ], [ 723700.0, 6180100.0 ], [ 723600.0, 6180100.0 ], [ 723500.0, 6180100.0 ], [ 723500.0, 6180200.0 ], [ 723500.0, 6180300.0 ], [ 723600.0, 6180300.0 ], [ 723700.0, 6180300.0 ], [ 723700.0, 6180400.0 ], [ 723800.0, 6180400.0 ], [ 723900.0, 6180400.0 ], [ 724000.0, 6180400.0 ], [ 724100.0, 6180400.0 ], [ 724200.0, 6180400.0 ], [ 724300.0, 6180400.0 ], [ 724400.0, 6180400.0 ], [ 724500.0, 6180400.0 ], [ 724600.0, 6180400.0 ], [ 724700.0, 6180400.0 ], [ 724700.0, 6180300.0 ], [ 724600.0, 6180300.0 ], [ 724500.0, 6180300.0 ], [ 724400.0, 6180300.0 ], [ 724300.0, 6180300.0 ], [ 724200.0, 6180300.0 ], [ 724200.0, 6180200.0 ], [ 724100.0, 6180200.0 ], [ 724100.0, 6180300.0 ], [ 724000.0, 6180300.0 ], [ 724000.0, 6180200.0 ], [ 723900.0, 6180200.0 ], [ 723900.0, 6180100.0 ], [ 723800.0, 6180100.0 ] ] ] } },
{ "type": "Feature", "properties": { "Shape_Area": 20000.0, "Shape_Leng": 600.0, "cluster_id": "101_559", "fid_1": 559.0, "id_munic": 559.0, "munic_clus": "101_559", "munic_code": 101.0, "min": 3.6326227188110352, "max": 3.6326227188110352, "mean": 3.6326227188110352, "count": 2, "std": 0.0, "range": 0.0 }, "geometry": { "type": "Polygon", "coordinates": [ [ [ 724200.0, 6176200.0 ], [ 724300.0, 6176200.0 ], [ 724400.0, 6176200.0 ], [ 724400.0, 6176100.0 ], [ 724300.0, 6176100.0 ], [ 724200.0, 6176100.0 ], [ 724200.0, 6176200.0 ] ] ] } },
{ "type": "Feature", "properties": { "Shape_Area": 70000.0, "Shape_Leng": 1400.0, "cluster_id": "101_560", "fid_1": 560.0, "id_munic": 560.0, "munic_clus": "101_560", "munic_code": 101.0, "min": 3.2942357063293457, "max": 3.2942357063293457, "mean": 3.2942357744489397, "count": 7, "std": 6.8119593965576541e-08, "range": 0.0 }, "geometry": { "type": "Polygon", "coordinates": [ [ [ 725500.0, 6175800.0 ], [ 725400.0, 6175800.0 ], [ 725300.0, 6175800.0 ], [ 725300.0, 6175900.0 ], [ 725200.0, 6175900.0 ], [ 725200.0, 6176000.0 ], [ 725100.0, 6176000.0 ], [ 725100.0, 6176100.0 ], [ 725200.0, 6176100.0 ], [ 725300.0, 6176100.0 ], [ 725300.0, 6176000.0 ], [ 725400.0, 6176000.0 ], [ 725500.0, 6176000.0 ], [ 725500.0, 6175900.0 ], [ 725500.0, 6175800.0 ] ] ] } },
{ "type": "Feature", "properties": { "Shape_Area": 90000.0, "Shape_Leng": 1600.0, "cluster_id": "101_561", "fid_1": 561.0, "id_munic": 561.0, "munic_clus": "101_561", "munic_code": 101.0, "min": 3.1121296882629395, "max": 3.1121296882629395, "mean": 3.112129635281033, "count": 9, "std": 5.2981906417670643e-08, "range": 0.0 }, "geometry": { "type": "Polygon", "coordinates": [ [ [ 725100.0, 6176000.0 ], [ 725000.0, 6176000.0 ], [ 725000.0, 6175900.0 ], [ 724900.0, 6175900.0 ], [ 724900.0, 6176000.0 ], [ 724900.0, 6176100.0 ], [ 724800.0, 6176100.0 ], [ 724800.0, 6176200.0 ], [ 724700.0, 6176200.0 ], [ 724700.0, 6176300.0 ], [ 724800.0, 6176300.0 ], [ 724900.0, 6176300.0 ], [ 725000.0, 6176300.0 ], [ 725000.0, 6176200.0 ], [ 725100.0, 6176200.0 ], [ 725100.0, 6176100.0 ], [ 725100.0, 6176000.0 ] ] ] } },
{ "type": "Feature", "properties": { "Shape_Area": 20000.0, "Shape_Leng": 600.0, "cluster_id": "101_562", "fid_1": 562.0, "id_munic": 562.0, "munic_clus": "101_562", "munic_code": 101.0, "min": 3.1659445762634277, "max": 3.1659445762634277, "mean": 3.1659445762634277, "count": 2, "std": 0.0, "range": 0.0 }, "geometry": { "type": "Polygon", "coordinates": [ [ [ 724600.0, 6176400.0 ], [ 724700.0, 6176400.0 ], [ 724800.0, 6176400.0 ], [ 724800.0, 6176300.0 ], [ 724700.0, 6176300.0 ], [ 724600.0, 6176300.0 ], [ 724600.0, 6176400.0 ] ] ] } },
{ "type": "Feature", "properties": { "Shape_Area": 10000.0, "Shape_Leng": 400.0, "cluster_id": "101_563", "fid_1": 563.0, "id_munic": 563.0, "munic_clus": "101_563", "munic_code": 101.0, "min": 3.7525830268859863, "max": 3.7525830268859863, "mean": 3.7525830268859863, "count": 1, "std": 0.0, "range": 0.0 }, "geometry": { "type": "Polygon", "coordinates": [ [ [ 724600.0, 6176400.0 ], [ 724600.0, 6176500.0 ], [ 724700.0, 6176500.0 ], [ 724700.0, 6176400.0 ], [ 724600.0, 6176400.0 ] ] ] } },
{ "type": "Feature", "properties": { "Shape_Area": 60000.0, "Shape_Leng": 1200.0, "cluster_id": "101_564", "fid_1": 564.0, "id_munic": 564.0, "munic_clus": "101_564", "munic_code": 101.0, "min": 3.0541491508483887, "max": 3.0541491508483887, "mean": 3.0541489919026694, "count": 6, "std": 1.5894571925301193e-07, "range": 0.0 }, "geometry": { "type": "Polygon", "coordinates": [ [ [ 725300.0, 6176200.0 ], [ 725300.0, 6176100.0 ], [ 725200.0, 6176100.0 ], [ 725100.0, 6176100.0 ], [ 725100.0, 6176200.0 ], [ 725000.0, 6176200.0 ], [ 725000.0, 6176300.0 ], [ 725000.0, 6176400.0 ], [ 725100.0, 6176400.0 ], [ 725200.0, 6176400.0 ], [ 725200.0, 6176300.0 ], [ 725200.0, 6176200.0 ], [ 725300.0, 6176200.0 ] ] ] } },
{ "type": "Feature", "properties": { "Shape_Area": 30000.0, "Shape_Leng": 800.0, "cluster_id": "101_565", "fid_1": 565.0, "id_munic": 565.0, "munic_clus": "101_565", "munic_code": 101.0, "min": 2.6164612770080566, "max": 2.6164612770080566, "mean": 2.6164612770080566, "count": 3, "std": 0.0, "range": 0.0 }, "geometry": { "type": "Polygon", "coordinates": [ [ [ 724300.0, 6176000.0 ], [ 724200.0, 6176000.0 ], [ 724200.0, 6176100.0 ], [ 724300.0, 6176100.0 ], [ 724400.0, 6176100.0 ], [ 724400.0, 6176000.0 ], [ 724400.0, 6175900.0 ], [ 724300.0, 6175900.0 ], [ 724300.0, 6176000.0 ] ] ] } },
{ "type": "Feature", "properties": { "Shape_Area": 30000.0, "Shape_Leng": 800.0, "cluster_id": "101_566", "fid_1": 566.0, "id_munic": 566.0, "munic_clus": "101_566", "munic_code": 101.0, "min": 2.5914695262908936, "max": 2.5914695262908936, "mean": 2.5914694468180337, "count": 3, "std": 7.947285984855057e-08, "range": 0.0 }, "geometry": { "type": "Polygon", "coordinates": [ [ [ 723800.0, 6177000.0 ], [ 723700.0, 6177000.0 ], [ 723700.0, 6177100.0 ], [ 723800.0, 6177100.0 ], [ 723900.0, 6177100.0 ], [ 723900.0, 6177000.0 ], [ 723900.0, 6176900.0 ], [ 723800.0, 6176900.0 ], [ 723800.0, 6177000.0 ] ] ] } },
{ "type": "Feature", "properties": { "Shape_Area": 40000.0, "Shape_Leng": 800.0, "cluster_id": "101_567", "fid_1": 567.0, "id_munic": 567.0, "munic_clus": "101_567", "munic_code": 101.0, "min": 3.8430526256561279, "max": 3.8430526256561279, "mean": 3.8430526256561279, "count": 4, "std": 0.0, "range": 0.0 }, "geometry": { "type": "Polygon", "coordinates": [ [ [ 722200.0, 6180100.0 ], [ 722100.0, 6180100.0 ], [ 722000.0, 6180100.0 ], [ 722000.0, 6180200.0 ], [ 722000.0, 6180300.0 ], [ 722100.0, 6180300.0 ], [ 722200.0, 6180300.0 ], [ 722200.0, 6180200.0 ], [ 722200.0, 6180100.0 ] ] ] } },
{ "type": "Feature", "properties": { "Shape_Area": 30000.0, "Shape_Leng": 800.0, "cluster_id": "101_568", "fid_1": 568.0, "id_munic": 568.0, "munic_clus": "101_568", "munic_code": 101.0, "min": 3.944852352142334, "max": 3.944852352142334, "mean": 3.9448521931966147, "count": 3, "std": 1.5894571925301193e-07, "range": 0.0 }, "geometry": { "type": "Polygon", "coordinates": [ [ [ 724700.0, 6175900.0 ], [ 724700.0, 6176000.0 ], [ 724800.0, 6176000.0 ], [ 724900.0, 6176000.0 ], [ 724900.0, 6175900.0 ], [ 724800.0, 6175900.0 ], [ 724800.0, 6175800.0 ], [ 724700.0, 6175800.0 ], [ 724700.0, 6175900.0 ] ] ] } },
{ "type": "Feature", "properties": { "Shape_Area": 40000.0, "Shape_Leng": 1000.0, "cluster_id": "101_569", "fid_1": 569.0, "id_munic": 569.0, "munic_clus": "101_569", "munic_code": 101.0, "min": 2.7775740623474121, "max": 2.7775740623474121, "mean": 2.7775740623474121, "count": 4, "std": 0.0, "range": 0.0 }, "geometry": { "type": "Polygon", "coordinates": [ [ [ 724700.0, 6176100.0 ], [ 724700.0, 6176200.0 ], [ 724800.0, 6176200.0 ], [ 724800.0, 6176100.0 ], [ 724900.0, 6176100.0 ], [ 724900.0, 6176000.0 ], [ 724800.0, 6176000.0 ], [ 724700.0, 6176000.0 ], [ 724600.0, 6176000.0 ], [ 724600.0, 6176100.0 ], [ 724700.0, 6176100.0 ] ] ] } },
{ "type": "Feature", "properties": { "Shape_Area": 40000.0, "Shape_Leng": 800.0, "cluster_id": "101_570", "fid_1": 570.0, "id_munic": 570.0, "munic_clus": "101_570", "munic_code": 101.0, "min": 3.7210934162139893, "max": 3.7210934162139893, "mean": 3.7210934162139893, "count": 4, "std": 0.0, "range": 0.0 }, "geometry": { "type": "Polygon", "coordinates": [ [ [ 724600.0, 6176000.0 ], [ 724500.0, 6176000.0 ], [ 724400.0, 6176000.0 ], [ 724400.0, 6176100.0 ], [ 724400.0, 6176200.0 ], [ 724500.0, 6176200.0 ], [ 724600.0, 6176200.0 ], [ 724600.0, 6176100.0 ], [ 724600.0, 6176000.0 ] ] ] } },
{ "type": "Feature", "properties": { "Shape_Area": 20000.0, "Shape_Leng": 600.0, "cluster_id": "101_571", "fid_1": 571.0, "id_munic": 571.0, "munic_clus": "101_571", "munic_code": 101.0, "min": 2.4871714115142822, "max": 2.4871714115142822, "mean": 2.4871714115142822, "count": 2, "std": 0.0, "range": 0.0 }, "geometry": { "type": "Polygon", "coordinates": [ [ [ 723500.0, 6179100.0 ], [ 723500.0, 6179200.0 ], [ 723600.0, 6179200.0 ], [ 723600.0, 6179100.0 ], [ 723600.0, 6179000.0 ], [ 723500.0, 6179000.0 ], [ 723500.0, 6179100.0 ] ] ] } },
{ "type": "Feature", "properties": { "Shape_Area": 20000.0, "Shape_Leng": 600.0, "cluster_id": "101_572", "fid_1": 572.0, "id_munic": 572.0, "munic_clus": "101_572", "munic_code": 101.0, "min": 2.7702436447143555, "max": 2.7702436447143555, "mean": 2.7702436447143555, "count": 2, "std": 0.0, "range": 0.0 }, "geometry": { "type": "Polygon", "coordinates": [ [ [ 723600.0, 6179200.0 ], [ 723700.0, 6179200.0 ], [ 723800.0, 6179200.0 ], [ 723800.0, 6179100.0 ], [ 723700.0, 6179100.0 ], [ 723600.0, 6179100.0 ], [ 723600.0, 6179200.0 ] ] ] } },
{ "type": "Feature", "properties": { "Shape_Area": 10000.0, "Shape_Leng": 400.0, "cluster_id": "101_573", "fid_1": 573.0, "id_munic": 573.0, "munic_clus": "101_573", "munic_code": 101.0, "min": 2.2377545833587646, "max": 2.2377545833587646, "mean": 2.2377545833587646, "count": 1, "std": 0.0, "range": 0.0 }, "geometry": { "type": "Polygon", "coordinates": [ [ [ 723600.0, 6179400.0 ], [ 723600.0, 6179500.0 ], [ 723700.0, 6179500.0 ], [ 723700.0, 6179400.0 ], [ 723600.0, 6179400.0 ] ] ] } },
{ "type": "Feature", "properties": { "Shape_Area": 50000.0, "Shape_Leng": 1200.0, "cluster_id": "101_574", "fid_1": 574.0, "id_munic": 574.0, "munic_clus": "101_574", "munic_code": 101.0, "min": 3.2779080867767334, "max": 3.2779080867767334, "mean": 3.277907943725586, "count": 5, "std": 1.4305114737211966e-07, "range": 0.0 }, "geometry": { "type": "Polygon", "coordinates": [ [ [ 723500.0, 6179000.0 ], [ 723600.0, 6179000.0 ], [ 723600.0, 6179100.0 ], [ 723700.0, 6179100.0 ], [ 723800.0, 6179100.0 ], [ 723800.0, 6179000.0 ], [ 723700.0, 6179000.0 ], [ 723700.0, 6178900.0 ], [ 723600.0, 6178900.0 ], [ 723600.0, 6178800.0 ], [ 723500.0, 6178800.0 ], [ 723500.0, 6178900.0 ], [ 723500.0, 6179000.0 ] ] ] } },
{ "type": "Feature", "properties": { "Shape_Area": 20000.0, "Shape_Leng": 600.0, "cluster_id": "101_575", "fid_1": 575.0, "id_munic": 575.0, "munic_clus": "101_575", "munic_code": 101.0, "min": 3.1424527168273926, "max": 3.1424527168273926, "mean": 3.1424527168273926, "count": 2, "std": 0.0, "range": 0.0 }, "geometry": { "type": "Polygon", "coordinates": [ [ [ 724700.0, 6178500.0 ], [ 724700.0, 6178600.0 ], [ 724800.0, 6178600.0 ], [ 724800.0, 6178500.0 ], [ 724800.0, 6178400.0 ], [ 724700.0, 6178400.0 ], [ 724700.0, 6178500.0 ] ] ] } },
{ "type": "Feature", "properties": { "Shape_Area": 30000.0, "Shape_Leng": 800.0, "cluster_id": "101_576", "fid_1": 576.0, "id_munic": 576.0, "munic_clus": "101_576", "munic_code": 101.0, "min": 2.957848072052002, "max": 2.957848072052002, "mean": 2.9578482309977212, "count": 3, "std": 1.5894571925301193e-07, "range": 0.0 }, "geometry": { "type": "Polygon", "coordinates": [ [ [ 723300.0, 6177200.0 ], [ 723300.0, 6177300.0 ], [ 723400.0, 6177300.0 ], [ 723500.0, 6177300.0 ], [ 723500.0, 6177200.0 ], [ 723400.0, 6177200.0 ], [ 723400.0, 6177100.0 ], [ 723300.0, 6177100.0 ], [ 723300.0, 6177200.0 ] ] ] } },
{ "type": "Feature", "properties": { "Shape_Area": 10000.0, "Shape_Leng": 400.0, "cluster_id": "101_577", "fid_1": 577.0, "id_munic": 577.0, "munic_clus": "101_577", "munic_code": 101.0, "min": 3.6874382495880127, "max": 3.6874382495880127, "mean": 3.6874382495880127, "count": 1, "std": 0.0, "range": 0.0 }, "geometry": { "type": "Polygon", "coordinates": [ [ [ 724700.0, 6179200.0 ], [ 724700.0, 6179300.0 ], [ 724800.0, 6179300.0 ], [ 724800.0, 6179200.0 ], [ 724700.0, 6179200.0 ] ] ] } },
{ "type": "Feature", "properties": { "Shape_Area": 10000.0, "Shape_Leng": 400.0, "cluster_id": "101_578", "fid_1": 578.0, "id_munic": 578.0, "munic_clus": "101_578", "munic_code": 101.0, "min": 4.2492508888244629, "max": 4.2492508888244629, "mean": 4.2492508888244629, "count": 1, "std": 0.0, "range": 0.0 }, "geometry": { "type": "Polygon", "coordinates": [ [ [ 724600.0, 6179300.0 ], [ 724600.0, 6179400.0 ], [ 724700.0, 6179400.0 ], [ 724700.0, 6179300.0 ], [ 724600.0, 6179300.0 ] ] ] } },
{ "type": "Feature", "properties": { "Shape_Area": 180000.0, "Shape_Leng": 2000.0, "cluster_id": "101_579", "fid_1": 579.0, "id_munic": 579.0, "munic_clus": "101_579", "munic_code": 101.0, "min": 3.2344222068786621, "max": 3.2344222068786621, "mean": 3.2344222598605685, "count": 18, "std": 5.2981906417670643e-08, "range": 0.0 }, "geometry": { "type": "Polygon", "coordinates": [ [ [ 724500.0, 6178600.0 ], [ 724400.0, 6178600.0 ], [ 724400.0, 6178700.0 ], [ 724300.0, 6178700.0 ], [ 724300.0, 6178800.0 ], [ 724400.0, 6178800.0 ], [ 724400.0, 6178900.0 ], [ 724500.0, 6178900.0 ], [ 724500.0, 6179000.0 ], [ 724600.0, 6179000.0 ], [ 724700.0, 6179000.0 ], [ 724800.0, 6179000.0 ], [ 724800.0, 6178900.0 ], [ 724800.0, 6178800.0 ], [ 724800.0, 6178700.0 ], [ 724800.0, 6178600.0 ], [ 724700.0, 6178600.0 ], [ 724700.0, 6178500.0 ], [ 724600.0, 6178500.0 ], [ 724500.0, 6178500.0 ], [ 724500.0, 6178600.0 ] ] ] } },
{ "type": "Feature", "properties": { "Shape_Area": 10000.0, "Shape_Leng": 400.0, "cluster_id": "101_580", "fid_1": 580.0, "id_munic": 580.0, "munic_clus": "101_580", "munic_code": 101.0, "min": 3.266077995300293, "max": 3.266077995300293, "mean": 3.266077995300293, "count": 1, "std": 0.0, "range": 0.0 }, "geometry": { "type": "Polygon", "coordinates": [ [ [ 724700.0, 6179300.0 ], [ 724700.0, 6179400.0 ], [ 724800.0, 6179400.0 ], [ 724800.0, 6179300.0 ], [ 724700.0, 6179300.0 ] ] ] } },
{ "type": "Feature", "properties": { "Shape_Area": 10000.0, "Shape_Leng": 400.0, "cluster_id": "101_581", "fid_1": 581.0, "id_munic": 581.0, "munic_clus": "101_581", "munic_code": 101.0, "min": 3.8728756904602051, "max": 3.8728756904602051, "mean": 3.8728756904602051, "count": 1, "std": 0.0, "range": 0.0 }, "geometry": { "type": "Polygon", "coordinates": [ [ [ 724600.0, 6179400.0 ], [ 724600.0, 6179500.0 ], [ 724700.0, 6179500.0 ], [ 724700.0, 6179400.0 ], [ 724600.0, 6179400.0 ] ] ] } },
{ "type": "Feature", "properties": { "Shape_Area": 10000.0, "Shape_Leng": 400.0, "cluster_id": "101_582", "fid_1": 582.0, "id_munic": 582.0, "munic_clus": "101_582", "munic_code": 101.0, "min": 4.0589809417724609, "max": 4.0589809417724609, "mean": 4.0589809417724609, "count": 1, "std": 0.0, "range": 0.0 }, "geometry": { "type": "Polygon", "coordinates": [ [ [ 724500.0, 6179300.0 ], [ 724500.0, 6179400.0 ], [ 724600.0, 6179400.0 ], [ 724600.0, 6179300.0 ], [ 724500.0, 6179300.0 ] ] ] } },
{ "type": "Feature", "properties": { "Shape_Area": 30000.0, "Shape_Leng": 800.0, "cluster_id": "101_583", "fid_1": 583.0, "id_munic": 583.0, "munic_clus": "101_583", "munic_code": 101.0, "min": 2.2647457122802734, "max": 2.2647457122802734, "mean": 2.2647457122802734, "count": 3, "std": 0.0, "range": 0.0 }, "geometry": { "type": "Polygon", "coordinates": [ [ [ 724400.0, 6179300.0 ], [ 724300.0, 6179300.0 ], [ 724300.0, 6179400.0 ], [ 724400.0, 6179400.0 ], [ 724500.0, 6179400.0 ], [ 724500.0, 6179300.0 ], [ 724500.0, 6179200.0 ], [ 724400.0, 6179200.0 ], [ 724400.0, 6179300.0 ] ] ] } },
{ "type": "Feature", "properties": { "Shape_Area": 40000.0, "Shape_Leng": 800.0, "cluster_id": "101_584", "fid_1": 584.0, "id_munic": 584.0, "munic_clus": "101_584", "munic_code": 101.0, "min": 2.3033988475799561, "max": 2.3033988475799561, "mean": 2.3033988475799561, "count": 4, "std": 0.0, "range": 0.0 }, "geometry": { "type": "Polygon", "coordinates": [ [ [ 724800.0, 6179000.0 ], [ 724700.0, 6179000.0 ], [ 724600.0, 6179000.0 ], [ 724600.0, 6179100.0 ], [ 724600.0, 6179200.0 ], [ 724700.0, 6179200.0 ], [ 724800.0, 6179200.0 ], [ 724800.0, 6179100.0 ], [ 724800.0, 6179000.0 ] ] ] } },
{ "type": "Feature", "properties": { "Shape_Area": 30000.0, "Shape_Leng": 800.0, "cluster_id": "101_585", "fid_1": 585.0, "id_munic": 585.0, "munic_clus": "101_585", "munic_code": 101.0, "min": 3.4465181827545166, "max": 3.4465181827545166, "mean": 3.4465182622273765, "count": 3, "std": 7.947285984855057e-08, "range": 0.0 }, "geometry": { "type": "Polygon", "coordinates": [ [ [ 724500.0, 6179200.0 ], [ 724500.0, 6179300.0 ], [ 724600.0, 6179300.0 ], [ 724700.0, 6179300.0 ], [ 724700.0, 6179200.0 ], [ 724600.0, 6179200.0 ], [ 724600.0, 6179100.0 ], [ 724500.0, 6179100.0 ], [ 724500.0, 6179200.0 ] ] ] } },
{ "type": "Feature", "properties": { "Shape_Area": 20000.0, "Shape_Leng": 600.0, "cluster_id": "101_586", "fid_1": 586.0, "id_munic": 586.0, "munic_clus": "101_586", "munic_code": 101.0, "min": 2.7575812339782715, "max": 2.7575812339782715, "mean": 2.7575812339782715, "count": 2, "std": 0.0, "range": 0.0 }, "geometry": { "type": "Polygon", "coordinates": [ [ [ 723500.0, 6179500.0 ], [ 723500.0, 6179600.0 ], [ 723600.0, 6179600.0 ], [ 723600.0, 6179500.0 ], [ 723600.0, 6179400.0 ], [ 723500.0, 6179400.0 ], [ 723500.0, 6179500.0 ] ] ] } },
{ "type": "Feature", "properties": { "Shape_Area": 10000.0, "Shape_Leng": 400.0, "cluster_id": "101_587", "fid_1": 587.0, "id_munic": 587.0, "munic_clus": "101_587", "munic_code": 101.0, "min": 2.9286909103393555, "max": 2.9286909103393555, "mean": 2.9286909103393555, "count": 1, "std": 0.0, "range": 0.0 }, "geometry": { "type": "Polygon", "coordinates": [ [ [ 723400.0, 6179500.0 ], [ 723400.0, 6179600.0 ], [ 723500.0, 6179600.0 ], [ 723500.0, 6179500.0 ], [ 723400.0, 6179500.0 ] ] ] } },
{ "type": "Feature", "properties": { "Shape_Area": 10000.0, "Shape_Leng": 400.0, "cluster_id": "101_588", "fid_1": 588.0, "id_munic": 588.0, "munic_clus": "101_588", "munic_code": 101.0, "min": 2.8620462417602539, "max": 2.8620462417602539, "mean": 2.8620462417602539, "count": 1, "std": 0.0, "range": 0.0 }, "geometry": { "type": "Polygon", "coordinates": [ [ [ 723600.0, 6179600.0 ], [ 723600.0, 6179700.0 ], [ 723700.0, 6179700.0 ], [ 723700.0, 6179600.0 ], [ 723600.0, 6179600.0 ] ] ] } },
{ "type": "Feature", "properties": { "Shape_Area": 10000.0, "Shape_Leng": 400.0, "cluster_id": "101_589", "fid_1": 589.0, "id_munic": 589.0, "munic_clus": "101_589", "munic_code": 101.0, "min": 2.5854716300964355, "max": 2.5854716300964355, "mean": 2.5854716300964355, "count": 1, "std": 0.0, "range": 0.0 }, "geometry": { "type": "Polygon", "coordinates": [ [ [ 723600.0, 6179500.0 ], [ 723600.0, 6179600.0 ], [ 723700.0, 6179600.0 ], [ 723700.0, 6179500.0 ], [ 723600.0, 6179500.0 ] ] ] } },
{ "type": "Feature", "properties": { "Shape_Area": 30000.0, "Shape_Leng": 800.0, "cluster_id": "101_590", "fid_1": 590.0, "id_munic": 590.0, "munic_clus": "101_590", "munic_code": 101.0, "min": 2.8905367851257324, "max": 2.8905367851257324, "mean": 2.8905366261800132, "count": 3, "std": 1.5894571925301193e-07, "range": 0.0 }, "geometry": { "type": "Polygon", "coordinates": [ [ [ 723400.0, 6179800.0 ], [ 723500.0, 6179800.0 ], [ 723500.0, 6179900.0 ], [ 723600.0, 6179900.0 ], [ 723600.0, 6179800.0 ], [ 723600.0, 6179700.0 ], [ 723500.0, 6179700.0 ], [ 723400.0, 6179700.0 ], [ 723400.0, 6179800.0 ] ] ] } },
{ "type": "Feature", "properties": { "Shape_Area": 10000.0, "Shape_Leng": 400.0, "cluster_id": "101_591", "fid_1": 591.0, "id_munic": 591.0, "munic_clus": "101_591", "munic_code": 101.0, "min": 3.620793342590332, "max": 3.620793342590332, "mean": 3.620793342590332, "count": 1, "std": 0.0, "range": 0.0 }, "geometry": { "type": "Polygon", "coordinates": [ [ [ 723500.0, 6179600.0 ], [ 723500.0, 6179700.0 ], [ 723600.0, 6179700.0 ], [ 723600.0, 6179600.0 ], [ 723500.0, 6179600.0 ] ] ] } },
{ "type": "Feature", "properties": { "Shape_Area": 10000.0, "Shape_Leng": 400.0, "cluster_id": "101_592", "fid_1": 592.0, "id_munic": 592.0, "munic_clus": "101_592", "munic_code": 101.0, "min": 3.0981342792510986, "max": 3.0981342792510986, "mean": 3.0981342792510986, "count": 1, "std": 0.0, "range": 0.0 }, "geometry": { "type": "Polygon", "coordinates": [ [ [ 723300.0, 6179500.0 ], [ 723300.0, 6179600.0 ], [ 723400.0, 6179600.0 ], [ 723400.0, 6179500.0 ], [ 723300.0, 6179500.0 ] ] ] } },
{ "type": "Feature", "properties": { "Shape_Area": 10000.0, "Shape_Leng": 400.0, "cluster_id": "101_593", "fid_1": 593.0, "id_munic": 593.0, "munic_clus": "101_593", "munic_code": 101.0, "min": 2.9616799354553223, "max": 2.9616799354553223, "mean": 2.9616799354553223, "count": 1, "std": 0.0, "range": 0.0 }, "geometry": { "type": "Polygon", "coordinates": [ [ [ 723400.0, 6179600.0 ], [ 723400.0, 6179700.0 ], [ 723500.0, 6179700.0 ], [ 723500.0, 6179600.0 ], [ 723400.0, 6179600.0 ] ] ] } },
{ "type": "Feature", "properties": { "Shape_Area": 10000.0, "Shape_Leng": 400.0, "cluster_id": "101_594", "fid_1": 594.0, "id_munic": 594.0, "munic_clus": "101_594", "munic_code": 101.0, "min": 3.4380209445953369, "max": 3.4380209445953369, "mean": 3.4380209445953369, "count": 1, "std": 0.0, "range": 0.0 }, "geometry": { "type": "Polygon", "coordinates": [ [ [ 723300.0, 6179600.0 ], [ 723300.0, 6179700.0 ], [ 723400.0, 6179700.0 ], [ 723400.0, 6179600.0 ], [ 723300.0, 6179600.0 ] ] ] } },
{ "type": "Feature", "properties": { "Shape_Area": 10000.0, "Shape_Leng": 400.0, "cluster_id": "101_595", "fid_1": 595.0, "id_munic": 595.0, "munic_clus": "101_595", "munic_code": 101.0, "min": 3.4753415584564209, "max": 3.4753415584564209, "mean": 3.4753415584564209, "count": 1, "std": 0.0, "range": 0.0 }, "geometry": { "type": "Polygon", "coordinates": [ [ [ 724800.0, 6179300.0 ], [ 724800.0, 6179400.0 ], [ 724900.0, 6179400.0 ], [ 724900.0, 6179300.0 ], [ 724800.0, 6179300.0 ] ] ] } },
{ "type": "Feature", "properties": { "Shape_Area": 10000.0, "Shape_Leng": 400.0, "cluster_id": "101_596", "fid_1": 596.0, "id_munic": 596.0, "munic_clus": "101_596", "munic_code": 101.0, "min": 2.6907699108123779, "max": 2.6907699108123779, "mean": 2.6907699108123779, "count": 1, "std": 0.0, "range": 0.0 }, "geometry": { "type": "Polygon", "coordinates": [ [ [ 724800.0, 6179200.0 ], [ 724800.0, 6179300.0 ], [ 724900.0, 6179300.0 ], [ 724900.0, 6179200.0 ], [ 724800.0, 6179200.0 ] ] ] } },
{ "type": "Feature", "properties": { "Shape_Area": 20000.0, "Shape_Leng": 600.0, "cluster_id": "101_597", "fid_1": 597.0, "id_munic": 597.0, "munic_clus": "101_597", "munic_code": 101.0, "min": 3.3432192802429199, "max": 3.3432192802429199, "mean": 3.3432192802429199, "count": 2, "std": 0.0, "range": 0.0 }, "geometry": { "type": "Polygon", "coordinates": [ [ [ 724700.0, 6179500.0 ], [ 724800.0, 6179500.0 ], [ 724900.0, 6179500.0 ], [ 724900.0, 6179400.0 ], [ 724800.0, 6179400.0 ], [ 724700.0, 6179400.0 ], [ 724700.0, 6179500.0 ] ] ] } },
{ "type": "Feature", "properties": { "Shape_Area": 10000.0, "Shape_Leng": 400.0, "cluster_id": "101_598", "fid_1": 598.0, "id_munic": 598.0, "munic_clus": "101_598", "munic_code": 101.0, "min": 3.3823726177215576, "max": 3.3823726177215576, "mean": 3.3823726177215576, "count": 1, "std": 0.0, "range": 0.0 }, "geometry": { "type": "Polygon", "coordinates": [ [ [ 724500.0, 6180200.0 ], [ 724500.0, 6180300.0 ], [ 724600.0, 6180300.0 ], [ 724600.0, 6180200.0 ], [ 724500.0, 6180200.0 ] ] ] } },
{ "type": "Feature", "properties": { "Shape_Area": 10000.0, "Shape_Leng": 400.0, "cluster_id": "101_599", "fid_1": 599.0, "id_munic": 599.0, "munic_clus": "101_599", "munic_code": 101.0, "min": 2.539320707321167, "max": 2.539320707321167, "mean": 2.539320707321167, "count": 1, "std": 0.0, "range": 0.0 }, "geometry": { "type": "Polygon", "coordinates": [ [ [ 724200.0, 6180000.0 ], [ 724200.0, 6180100.0 ], [ 724300.0, 6180100.0 ], [ 724300.0, 6180000.0 ], [ 724200.0, 6180000.0 ] ] ] } },
{ "type": "Feature", "properties": { "Shape_Area": 20000.0, "Shape_Leng": 600.0, "cluster_id": "101_600", "fid_1": 600.0, "id_munic": 600.0, "munic_clus": "101_600", "munic_code": 101.0, "min": 2.9738421440124512, "max": 2.9738421440124512, "mean": 2.9738421440124512, "count": 2, "std": 0.0, "range": 0.0 }, "geometry": { "type": "Polygon", "coordinates": [ [ [ 724600.0, 6180200.0 ], [ 724600.0, 6180300.0 ], [ 724700.0, 6180300.0 ], [ 724700.0, 6180200.0 ], [ 724700.0, 6180100.0 ], [ 724600.0, 6180100.0 ], [ 724600.0, 6180200.0 ] ] ] } },
{ "type": "Feature", "properties": { "Shape_Area": 10000.0, "Shape_Leng": 400.0, "cluster_id": "101_601", "fid_1": 601.0, "id_munic": 601.0, "munic_clus": "101_601", "munic_code": 101.0, "min": 2.2885711193084717, "max": 2.2885711193084717, "mean": 2.2885711193084717, "count": 1, "std": 0.0, "range": 0.0 }, "geometry": { "type": "Polygon", "coordinates": [ [ [ 723300.0, 6177000.0 ], [ 723300.0, 6177100.0 ], [ 723400.0, 6177100.0 ], [ 723400.0, 6177000.0 ], [ 723300.0, 6177000.0 ] ] ] } },
{ "type": "Feature", "properties": { "Shape_Area": 10000.0, "Shape_Leng": 400.0, "cluster_id": "101_602", "fid_1": 602.0, "id_munic": 602.0, "munic_clus": "101_602", "munic_code": 101.0, "min": 3.1557815074920654, "max": 3.1557815074920654, "mean": 3.1557815074920654, "count": 1, "std": 0.0, "range": 0.0 }, "geometry": { "type": "Polygon", "coordinates": [ [ [ 724500.0, 6180100.0 ], [ 724500.0, 6180200.0 ], [ 724600.0, 6180200.0 ], [ 724600.0, 6180100.0 ], [ 724500.0, 6180100.0 ] ] ] } },
{ "type": "Feature", "properties": { "Shape_Area": 30000.0, "Shape_Leng": 800.0, "cluster_id": "101_603", "fid_1": 603.0, "id_munic": 603.0, "munic_clus": "101_603", "munic_code": 101.0, "min": 2.5503170490264893, "max": 2.5503170490264893, "mean": 2.5503171284993491, "count": 3, "std": 7.947285984855057e-08, "range": 0.0 }, "geometry": { "type": "Polygon", "coordinates": [ [ [ 724300.0, 6180100.0 ], [ 724300.0, 6180200.0 ], [ 724400.0, 6180200.0 ], [ 724500.0, 6180200.0 ], [ 724500.0, 6180100.0 ], [ 724400.0, 6180100.0 ], [ 724400.0, 6180000.0 ], [ 724300.0, 6180000.0 ], [ 724300.0, 6180100.0 ] ] ] } },
{ "type": "Feature", "properties": { "Shape_Area": 10000.0, "Shape_Leng": 400.0, "cluster_id": "101_604", "fid_1": 604.0, "id_munic": 604.0, "munic_clus": "101_604", "munic_code": 101.0, "min": 3.0808062553405762, "max": 3.0808062553405762, "mean": 3.0808062553405762, "count": 1, "std": 0.0, "range": 0.0 }, "geometry": { "type": "Polygon", "coordinates": [ [ [ 725600.0, 6176100.0 ], [ 725600.0, 6176200.0 ], [ 725700.0, 6176200.0 ], [ 725700.0, 6176100.0 ], [ 725600.0, 6176100.0 ] ] ] } },
{ "type": "Feature", "properties": { "Shape_Area": 20000.0, "Shape_Leng": 600.0, "cluster_id": "101_605", "fid_1": 605.0, "id_munic": 605.0, "munic_clus": "101_605", "munic_code": 101.0, "min": 2.3700432777404785, "max": 2.3700432777404785, "mean": 2.3700432777404785, "count": 2, "std": 0.0, "range": 0.0 }, "geometry": { "type": "Polygon", "coordinates": [ [ [ 725600.0, 6176300.0 ], [ 725700.0, 6176300.0 ], [ 725800.0, 6176300.0 ], [ 725800.0, 6176200.0 ], [ 725700.0, 6176200.0 ], [ 725600.0, 6176200.0 ], [ 725600.0, 6176300.0 ] ] ] } },
{ "type": "Feature", "properties": { "Shape_Area": 20000.0, "Shape_Leng": 600.0, "cluster_id": "101_606", "fid_1": 606.0, "id_munic": 606.0, "munic_clus": "101_606", "munic_code": 101.0, "min": 3.4938356876373291, "max": 3.4938356876373291, "mean": 3.4938356876373291, "count": 2, "std": 0.0, "range": 0.0 }, "geometry": { "type": "Polygon", "coordinates": [ [ [ 725600.0, 6176100.0 ], [ 725700.0, 6176100.0 ], [ 725800.0, 6176100.0 ], [ 725800.0, 6176000.0 ], [ 725700.0, 6176000.0 ], [ 725600.0, 6176000.0 ], [ 725600.0, 6176100.0 ] ] ] } },
{ "type": "Feature", "properties": { "Shape_Area": 10000.0, "Shape_Leng": 400.0, "cluster_id": "101_607", "fid_1": 607.0, "id_munic": 607.0, "munic_clus": "101_607", "munic_code": 101.0, "min": 3.0519826412200928, "max": 3.0519826412200928, "mean": 3.0519826412200928, "count": 1, "std": 0.0, "range": 0.0 }, "geometry": { "type": "Polygon", "coordinates": [ [ [ 725700.0, 6176100.0 ], [ 725700.0, 6176200.0 ], [ 725800.0, 6176200.0 ], [ 725800.0, 6176100.0 ], [ 725700.0, 6176100.0 ] ] ] } },
{ "type": "Feature", "properties": { "Shape_Area": 10000.0, "Shape_Leng": 400.0, "cluster_id": "101_608", "fid_1": 608.0, "id_munic": 608.0, "munic_clus": "101_608", "munic_code": 101.0, "min": 3.5011665821075439, "max": 3.5011665821075439, "mean": 3.5011665821075439, "count": 1, "std": 0.0, "range": 0.0 }, "geometry": { "type": "Polygon", "coordinates": [ [ [ 722400.0, 6178200.0 ], [ 722400.0, 6178300.0 ], [ 722500.0, 6178300.0 ], [ 722500.0, 6178200.0 ], [ 722400.0, 6178200.0 ] ] ] } },
{ "type": "Feature", "properties": { "Shape_Area": 20000.0, "Shape_Leng": 600.0, "cluster_id": "101_609", "fid_1": 609.0, "id_munic": 609.0, "munic_clus": "101_609", "munic_code": 101.0, "min": 2.8132293224334717, "max": 2.8132293224334717, "mean": 2.8132293224334717, "count": 2, "std": 0.0, "range": 0.0 }, "geometry": { "type": "Polygon", "coordinates": [ [ [ 722300.0, 6178400.0 ], [ 722400.0, 6178400.0 ], [ 722500.0, 6178400.0 ], [ 722500.0, 6178300.0 ], [ 722400.0, 6178300.0 ], [ 722300.0, 6178300.0 ], [ 722300.0, 6178400.0 ] ] ] } },
{ "type": "Feature", "properties": { "Shape_Area": 30000.0, "Shape_Leng": 800.0, "cluster_id": "101_610", "fid_1": 610.0, "id_munic": 610.0, "munic_clus": "101_610", "munic_code": 101.0, "min": 2.4573476314544678, "max": 2.4573476314544678, "mean": 2.4573475519816079, "count": 3, "std": 7.947285984855057e-08, "range": 0.0 }, "geometry": { "type": "Polygon", "coordinates": [ [ [ 722300.0, 6178100.0 ], [ 722300.0, 6178200.0 ], [ 722400.0, 6178200.0 ], [ 722500.0, 6178200.0 ], [ 722500.0, 6178100.0 ], [ 722400.0, 6178100.0 ], [ 722400.0, 6178000.0 ], [ 722300.0, 6178000.0 ], [ 722300.0, 6178100.0 ] ] ] } },
{ "type": "Feature", "properties": { "Shape_Area": 10000.0, "Shape_Leng": 400.0, "cluster_id": "101_611", "fid_1": 611.0, "id_munic": 611.0, "munic_clus": "101_611", "munic_code": 101.0, "min": 2.9761745929718018, "max": 2.9761745929718018, "mean": 2.9761745929718018, "count": 1, "std": 0.0, "range": 0.0 }, "geometry": { "type": "Polygon", "coordinates": [ [ [ 724600.0, 6177300.0 ], [ 724600.0, 6177400.0 ], [ 724700.0, 6177400.0 ], [ 724700.0, 6177300.0 ], [ 724600.0, 6177300.0 ] ] ] } },
{ "type": "Feature", "properties": { "Shape_Area": 30000.0, "Shape_Leng": 800.0, "cluster_id": "101_612", "fid_1": 612.0, "id_munic": 612.0, "munic_clus": "101_612", "munic_code": 101.0, "min": 2.3408868312835693, "max": 2.3408868312835693, "mean": 2.3408867518107095, "count": 3, "std": 7.947285984855057e-08, "range": 0.0 }, "geometry": { "type": "Polygon", "coordinates": [ [ [ 722800.0, 6178300.0 ], [ 722800.0, 6178400.0 ], [ 722900.0, 6178400.0 ], [ 722900.0, 6178300.0 ], [ 723000.0, 6178300.0 ], [ 723000.0, 6178200.0 ], [ 722900.0, 6178200.0 ], [ 722800.0, 6178200.0 ], [ 722800.0, 6178300.0 ] ] ] } },
{ "type": "Feature", "properties": { "Shape_Area": 10000.0, "Shape_Leng": 400.0, "cluster_id": "101_613", "fid_1": 613.0, "id_munic": 613.0, "munic_clus": "101_613", "munic_code": 101.0, "min": 2.7635791301727295, "max": 2.7635791301727295, "mean": 2.7635791301727295, "count": 1, "std": 0.0, "range": 0.0 }, "geometry": { "type": "Polygon", "coordinates": [ [ [ 722800.0, 6177900.0 ], [ 722800.0, 6178000.0 ], [ 722900.0, 6178000.0 ], [ 722900.0, 6177900.0 ], [ 722800.0, 6177900.0 ] ] ] } },
{ "type": "Feature", "properties": { "Shape_Area": 10000.0, "Shape_Leng": 400.0, "cluster_id": "101_614", "fid_1": 614.0, "id_munic": 614.0, "munic_clus": "101_614", "munic_code": 101.0, "min": 2.6247923374176025, "max": 2.6247923374176025, "mean": 2.6247923374176025, "count": 1, "std": 0.0, "range": 0.0 }, "geometry": { "type": "Polygon", "coordinates": [ [ [ 722900.0, 6178000.0 ], [ 722900.0, 6178100.0 ], [ 723000.0, 6178100.0 ], [ 723000.0, 6178000.0 ], [ 722900.0, 6178000.0 ] ] ] } },
{ "type": "Feature", "properties": { "Shape_Area": 30000.0, "Shape_Leng": 800.0, "cluster_id": "101_615", "fid_1": 615.0, "id_munic": 615.0, "munic_clus": "101_615", "munic_code": 101.0, "min": 3.3838722705841064, "max": 3.3838722705841064, "mean": 3.3838723500569663, "count": 3, "std": 7.947285984855057e-08, "range": 0.0 }, "geometry": { "type": "Polygon", "coordinates": [ [ [ 722700.0, 6178100.0 ], [ 722700.0, 6178200.0 ], [ 722800.0, 6178200.0 ], [ 722900.0, 6178200.0 ], [ 722900.0, 6178100.0 ], [ 722800.0, 6178100.0 ], [ 722800.0, 6178000.0 ], [ 722700.0, 6178000.0 ], [ 722700.0, 6178100.0 ] ] ] } },
{ "type": "Feature", "properties": { "Shape_Area": 30000.0, "Shape_Leng": 800.0, "cluster_id": "101_616", "fid_1": 616.0, "id_munic": 616.0, "munic_clus": "101_616", "munic_code": 101.0, "min": 3.1054654121398926, "max": 3.1054654121398926, "mean": 3.1054655710856118, "count": 3, "std": 1.5894571925301193e-07, "range": 0.0 }, "geometry": { "type": "Polygon", "coordinates": [ [ [ 722900.0, 6178200.0 ], [ 723000.0, 6178200.0 ], [ 723000.0, 6178300.0 ], [ 723100.0, 6178300.0 ], [ 723100.0, 6178200.0 ], [ 723100.0, 6178100.0 ], [ 723000.0, 6178100.0 ], [ 722900.0, 6178100.0 ], [ 722900.0, 6178200.0 ] ] ] } },
{ "type": "Feature", "properties": { "Shape_Area": 10000.0, "Shape_Leng": 400.0, "cluster_id": "101_617", "fid_1": 617.0, "id_munic": 617.0, "munic_clus": "101_617", "munic_code": 101.0, "min": 3.9646785259246826, "max": 3.9646785259246826, "mean": 3.9646785259246826, "count": 1, "std": 0.0, "range": 0.0 }, "geometry": { "type": "Polygon", "coordinates": [ [ [ 722800.0, 6178000.0 ], [ 722800.0, 6178100.0 ], [ 722900.0, 6178100.0 ], [ 722900.0, 6178000.0 ], [ 722800.0, 6178000.0 ] ] ] } },
{ "type": "Feature", "properties": { "Shape_Area": 10000.0, "Shape_Leng": 400.0, "cluster_id": "101_618", "fid_1": 618.0, "id_munic": 618.0, "munic_clus": "101_618", "munic_code": 101.0, "min": 3.0283241271972656, "max": 3.0283241271972656, "mean": 3.0283241271972656, "count": 1, "std": 0.0, "range": 0.0 }, "geometry": { "type": "Polygon", "coordinates": [ [ [ 722700.0, 6178200.0 ], [ 722700.0, 6178300.0 ], [ 722800.0, 6178300.0 ], [ 722800.0, 6178200.0 ], [ 722700.0, 6178200.0 ] ] ] } },
{ "type": "Feature", "properties": { "Shape_Area": 30000.0, "Shape_Leng": 800.0, "cluster_id": "101_619", "fid_1": 619.0, "id_munic": 619.0, "munic_clus": "101_619", "munic_code": 101.0, "min": 3.6664445400238037, "max": 3.6664445400238037, "mean": 3.6664444605509439, "count": 3, "std": 7.947285984855057e-08, "range": 0.0 }, "geometry": { "type": "Polygon", "coordinates": [ [ [ 722900.0, 6177900.0 ], [ 722900.0, 6178000.0 ], [ 723000.0, 6178000.0 ], [ 723000.0, 6177900.0 ], [ 723100.0, 6177900.0 ], [ 723100.0, 6177800.0 ], [ 723000.0, 6177800.0 ], [ 722900.0, 6177800.0 ], [ 722900.0, 6177900.0 ] ] ] } },
{ "type": "Feature", "properties": { "Shape_Area": 10000.0, "Shape_Leng": 400.0, "cluster_id": "101_620", "fid_1": 620.0, "id_munic": 620.0, "munic_clus": "101_620", "munic_code": 101.0, "min": 3.3482177257537842, "max": 3.3482177257537842, "mean": 3.3482177257537842, "count": 1, "std": 0.0, "range": 0.0 }, "geometry": { "type": "Polygon", "coordinates": [ [ [ 723000.0, 6177900.0 ], [ 723000.0, 6178000.0 ], [ 723100.0, 6178000.0 ], [ 723100.0, 6177900.0 ], [ 723000.0, 6177900.0 ] ] ] } },
{ "type": "Feature", "properties": { "Shape_Area": 10000.0, "Shape_Leng": 400.0, "cluster_id": "101_621", "fid_1": 621.0, "id_munic": 621.0, "munic_clus": "101_621", "munic_code": 101.0, "min": 2.5341558456420898, "max": 2.5341558456420898, "mean": 2.5341558456420898, "count": 1, "std": 0.0, "range": 0.0 }, "geometry": { "type": "Polygon", "coordinates": [ [ [ 722700.0, 6176900.0 ], [ 722700.0, 6177000.0 ], [ 722800.0, 6177000.0 ], [ 722800.0, 6176900.0 ], [ 722700.0, 6176900.0 ] ] ] } },
{ "type": "Feature", "properties": { "Shape_Area": 30000.0, "Shape_Leng": 800.0, "cluster_id": "101_622", "fid_1": 622.0, "id_munic": 622.0, "munic_clus": "101_622", "munic_code": 101.0, "min": 3.1954355239868164, "max": 3.1954355239868164, "mean": 3.1954355239868164, "count": 3, "std": 0.0, "range": 0.0 }, "geometry": { "type": "Polygon", "coordinates": [ [ [ 722800.0, 6177000.0 ], [ 722700.0, 6177000.0 ], [ 722700.0, 6177100.0 ], [ 722800.0, 6177100.0 ], [ 722900.0, 6177100.0 ], [ 722900.0, 6177000.0 ], [ 722900.0, 6176900.0 ], [ 722800.0, 6176900.0 ], [ 722800.0, 6177000.0 ] ] ] } },
{ "type": "Feature", "properties": { "Shape_Area": 10000.0, "Shape_Leng": 400.0, "cluster_id": "101_623", "fid_1": 623.0, "id_munic": 623.0, "munic_clus": "101_623", "munic_code": 101.0, "min": 3.3320562839508057, "max": 3.3320562839508057, "mean": 3.3320562839508057, "count": 1, "std": 0.0, "range": 0.0 }, "geometry": { "type": "Polygon", "coordinates": [ [ [ 722400.0, 6178400.0 ], [ 722400.0, 6178500.0 ], [ 722500.0, 6178500.0 ], [ 722500.0, 6178400.0 ], [ 722400.0, 6178400.0 ] ] ] } },
{ "type": "Feature", "properties": { "Shape_Area": 20000.0, "Shape_Leng": 600.0, "cluster_id": "101_624", "fid_1": 624.0, "id_munic": 624.0, "munic_clus": "101_624", "munic_code": 101.0, "min": 2.7710764408111572, "max": 2.7710764408111572, "mean": 2.7710764408111572, "count": 2, "std": 0.0, "range": 0.0 }, "geometry": { "type": "Polygon", "coordinates": [ [ [ 723000.0, 6178100.0 ], [ 723100.0, 6178100.0 ], [ 723200.0, 6178100.0 ], [ 723200.0, 6178000.0 ], [ 723100.0, 6178000.0 ], [ 723000.0, 6178000.0 ], [ 723000.0, 6178100.0 ] ] ] } },
{ "type": "Feature", "properties": { "Shape_Area": 10000.0, "Shape_Leng": 400.0, "cluster_id": "101_625", "fid_1": 625.0, "id_munic": 625.0, "munic_clus": "101_625", "munic_code": 101.0, "min": 2.8972017765045166, "max": 2.8972017765045166, "mean": 2.8972017765045166, "count": 1, "std": 0.0, "range": 0.0 }, "geometry": { "type": "Polygon", "coordinates": [ [ [ 723100.0, 6178100.0 ], [ 723100.0, 6178200.0 ], [ 723200.0, 6178200.0 ], [ 723200.0, 6178100.0 ], [ 723100.0, 6178100.0 ] ] ] } },
{ "type": "Feature", "properties": { "Shape_Area": 50000.0, "Shape_Leng": 1000.0, "cluster_id": "101_626", "fid_1": 626.0, "id_munic": 626.0, "munic_clus": "101_626", "munic_code": 101.0, "min": 3.3725430965423584, "max": 3.3725430965423584, "mean": 3.372542953491211, "count": 5, "std": 1.4305114737211966e-07, "range": 0.0 }, "geometry": { "type": "Polygon", "coordinates": [ [ [ 721400.0, 6180800.0 ], [ 721400.0, 6180900.0 ], [ 721500.0, 6180900.0 ], [ 721600.0, 6180900.0 ], [ 721600.0, 6180800.0 ], [ 721600.0, 6180700.0 ], [ 721500.0, 6180700.0 ], [ 721500.0, 6180600.0 ], [ 721400.0, 6180600.0 ], [ 721400.0, 6180700.0 ], [ 721400.0, 6180800.0 ] ] ] } },
{ "type": "Feature", "properties": { "Shape_Area": 340000.0, "Shape_Leng": 3200.0, "cluster_id": "101_627", "fid_1": 627.0, "id_munic": 627.0, "munic_clus": "101_627", "munic_code": 101.0, "min": 3.1989340782165527, "max": 3.1989340782165527, "mean": 3.1989344428567326, "count": 34, "std": 3.646401798285126e-07, "range": 0.0 }, "geometry": { "type": "Polygon", "coordinates": [ [ [ 720800.0, 6172900.0 ], [ 720800.0, 6173000.0 ], [ 720800.0, 6173100.0 ], [ 720800.0, 6173200.0 ], [ 720900.0, 6173200.0 ], [ 720900.0, 6173300.0 ], [ 720900.0, 6173400.0 ], [ 721000.0, 6173400.0 ], [ 721000.0, 6173300.0 ], [ 721100.0, 6173300.0 ], [ 721100.0, 6173200.0 ], [ 721200.0, 6173200.0 ], [ 721300.0, 6173200.0 ], [ 721300.0, 6173100.0 ], [ 721400.0, 6173100.0 ], [ 721500.0, 6173100.0 ], [ 721600.0, 6173100.0 ], [ 721600.0, 6173000.0 ], [ 721700.0, 6173000.0 ], [ 721700.0, 6172900.0 ], [ 721600.0, 6172900.0 ], [ 721600.0, 6172800.0 ], [ 721500.0, 6172800.0 ], [ 721400.0, 6172800.0 ], [ 721300.0, 6172800.0 ], [ 721200.0, 6172800.0 ], [ 721100.0, 6172800.0 ], [ 721000.0, 6172800.0 ], [ 720900.0, 6172800.0 ], [ 720800.0, 6172800.0 ], [ 720700.0, 6172800.0 ], [ 720700.0, 6172900.0 ], [ 720800.0, 6172900.0 ] ] ] } },
{ "type": "Feature", "properties": { "Shape_Area": 30000.0, "Shape_Leng": 800.0, "cluster_id": "101_628", "fid_1": 628.0, "id_munic": 628.0, "munic_clus": "101_628", "munic_code": 101.0, "min": 3.4403529167175293, "max": 3.4403529167175293, "mean": 3.44035275777181, "count": 3, "std": 1.5894571925301193e-07, "range": 0.0 }, "geometry": { "type": "Polygon", "coordinates": [ [ [ 721800.0, 6180400.0 ], [ 721800.0, 6180500.0 ], [ 721800.0, 6180600.0 ], [ 721900.0, 6180600.0 ], [ 721900.0, 6180500.0 ], [ 721900.0, 6180400.0 ], [ 721900.0, 6180300.0 ], [ 721800.0, 6180300.0 ], [ 721800.0, 6180400.0 ] ] ] } },
{ "type": "Feature", "properties": { "Shape_Area": 80000.0, "Shape_Leng": 1400.0, "cluster_id": "101_629", "fid_1": 629.0, "id_munic": 629.0, "munic_clus": "101_629", "munic_code": 101.0, "min": 2.1054649353027344, "max": 2.1054649353027344, "mean": 2.1054649353027344, "count": 8, "std": 0.0, "range": 0.0 }, "geometry": { "type": "Polygon", "coordinates": [ [ [ 722200.0, 6180300.0 ], [ 722100.0, 6180300.0 ], [ 722100.0, 6180400.0 ], [ 722100.0, 6180500.0 ], [ 722000.0, 6180500.0 ], [ 722000.0, 6180600.0 ], [ 722100.0, 6180600.0 ], [ 722200.0, 6180600.0 ], [ 722300.0, 6180600.0 ], [ 722400.0, 6180600.0 ], [ 722400.0, 6180500.0 ], [ 722300.0, 6180500.0 ], [ 722300.0, 6180400.0 ], [ 722300.0, 6180300.0 ], [ 722200.0, 6180300.0 ] ] ] } },
{ "type": "Feature", "properties": { "Shape_Area": 20000.0, "Shape_Leng": 600.0, "cluster_id": "101_630", "fid_1": 630.0, "id_munic": 630.0, "munic_clus": "101_630", "munic_code": 101.0, "min": 3.7512500286102295, "max": 3.7512500286102295, "mean": 3.7512500286102295, "count": 2, "std": 0.0, "range": 0.0 }, "geometry": { "type": "Polygon", "coordinates": [ [ [ 721600.0, 6180900.0 ], [ 721700.0, 6180900.0 ], [ 721800.0, 6180900.0 ], [ 721800.0, 6180800.0 ], [ 721700.0, 6180800.0 ], [ 721600.0, 6180800.0 ], [ 721600.0, 6180900.0 ] ] ] } },
{ "type": "Feature", "properties": { "Shape_Area": 30000.0, "Shape_Leng": 800.0, "cluster_id": "101_631", "fid_1": 631.0, "id_munic": 631.0, "munic_clus": "101_631", "munic_code": 101.0, "min": 2.8892033100128174, "max": 2.8892033100128174, "mean": 2.8892033894856772, "count": 3, "std": 7.947285984855057e-08, "range": 0.0 }, "geometry": { "type": "Polygon", "coordinates": [ [ [ 723000.0, 6176800.0 ], [ 723100.0, 6176800.0 ], [ 723200.0, 6176800.0 ], [ 723300.0, 6176800.0 ], [ 723300.0, 6176700.0 ], [ 723200.0, 6176700.0 ], [ 723100.0, 6176700.0 ], [ 723000.0, 6176700.0 ], [ 723000.0, 6176800.0 ] ] ] } },
{ "type": "Feature", "properties": { "Shape_Area": 20000.0, "Shape_Leng": 600.0, "cluster_id": "101_632", "fid_1": 632.0, "id_munic": 632.0, "munic_clus": "101_632", "munic_code": 101.0, "min": 3.533656120300293, "max": 3.533656120300293, "mean": 3.533656120300293, "count": 2, "std": 0.0, "range": 0.0 }, "geometry": { "type": "Polygon", "coordinates": [ [ [ 722200.0, 6180800.0 ], [ 722200.0, 6180900.0 ], [ 722300.0, 6180900.0 ], [ 722300.0, 6180800.0 ], [ 722300.0, 6180700.0 ], [ 722200.0, 6180700.0 ], [ 722200.0, 6180800.0 ] ] ] } },
{ "type": "Feature", "properties": { "Shape_Area": 40000.0, "Shape_Leng": 800.0, "cluster_id": "101_633", "fid_1": 633.0, "id_munic": 633.0, "munic_clus": "101_633", "munic_code": 101.0, "min": 3.6207938194274902, "max": 3.6207938194274902, "mean": 3.6207938194274902, "count": 4, "std": 0.0, "range": 0.0 }, "geometry": { "type": "Polygon", "coordinates": [ [ [ 722200.0, 6180600.0 ], [ 722100.0, 6180600.0 ], [ 722000.0, 6180600.0 ], [ 722000.0, 6180700.0 ], [ 722000.0, 6180800.0 ], [ 722100.0, 6180800.0 ], [ 722200.0, 6180800.0 ], [ 722200.0, 6180700.0 ], [ 722200.0, 6180600.0 ] ] ] } },
{ "type": "Feature", "properties": { "Shape_Area": 20000.0, "Shape_Leng": 600.0, "cluster_id": "101_634", "fid_1": 634.0, "id_munic": 634.0, "munic_clus": "101_634", "munic_code": 101.0, "min": 3.16544508934021, "max": 3.16544508934021, "mean": 3.16544508934021, "count": 2, "std": 0.0, "range": 0.0 }, "geometry": { "type": "Polygon", "coordinates": [ [ [ 722000.0, 6180900.0 ], [ 722100.0, 6180900.0 ], [ 722200.0, 6180900.0 ], [ 722200.0, 6180800.0 ], [ 722100.0, 6180800.0 ], [ 722000.0, 6180800.0 ], [ 722000.0, 6180900.0 ] ] ] } },
{ "type": "Feature", "properties": { "Shape_Area": 50000.0, "Shape_Leng": 1000.0, "cluster_id": "101_635", "fid_1": 635.0, "id_munic": 635.0, "munic_clus": "101_635", "munic_code": 101.0, "min": 2.4285242557525635, "max": 2.4285242557525635, "mean": 2.4285242080688478, "count": 5, "std": 4.7683715642676816e-08, "range": 0.0 }, "geometry": { "type": "Polygon", "coordinates": [ [ [ 722100.0, 6180300.0 ], [ 722000.0, 6180300.0 ], [ 721900.0, 6180300.0 ], [ 721900.0, 6180400.0 ], [ 721900.0, 6180500.0 ], [ 721900.0, 6180600.0 ], [ 722000.0, 6180600.0 ], [ 722000.0, 6180500.0 ], [ 722100.0, 6180500.0 ], [ 722100.0, 6180400.0 ], [ 722100.0, 6180300.0 ] ] ] } },
{ "type": "Feature", "properties": { "Shape_Area": 40000.0, "Shape_Leng": 800.0, "cluster_id": "101_636", "fid_1": 636.0, "id_munic": 636.0, "munic_clus": "101_636", "munic_code": 101.0, "min": 3.1432857513427734, "max": 3.1432857513427734, "mean": 3.1432857513427734, "count": 4, "std": 0.0, "range": 0.0 }, "geometry": { "type": "Polygon", "coordinates": [ [ [ 722000.0, 6180700.0 ], [ 721900.0, 6180700.0 ], [ 721800.0, 6180700.0 ], [ 721800.0, 6180800.0 ], [ 721800.0, 6180900.0 ], [ 721900.0, 6180900.0 ], [ 722000.0, 6180900.0 ], [ 722000.0, 6180800.0 ], [ 722000.0, 6180700.0 ] ] ] } },
{ "type": "Feature", "properties": { "Shape_Area": 10000.0, "Shape_Leng": 400.0, "cluster_id": "101_637", "fid_1": 637.0, "id_munic": 637.0, "munic_clus": "101_637", "munic_code": 101.0, "min": 3.1941025257110596, "max": 3.1941025257110596, "mean": 3.1941025257110596, "count": 1, "std": 0.0, "range": 0.0 }, "geometry": { "type": "Polygon", "coordinates": [ [ [ 722200.0, 6180600.0 ], [ 722200.0, 6180700.0 ], [ 722300.0, 6180700.0 ], [ 722300.0, 6180600.0 ], [ 722200.0, 6180600.0 ] ] ] } },
{ "type": "Feature", "properties": { "Shape_Area": 80000.0, "Shape_Leng": 1200.0, "cluster_id": "101_638", "fid_1": 638.0, "id_munic": 638.0, "munic_clus": "101_638", "munic_code": 101.0, "min": 2.6013000011444092, "max": 2.6013000011444092, "mean": 2.6013000011444092, "count": 8, "std": 0.0, "range": 0.0 }, "geometry": { "type": "Polygon", "coordinates": [ [ [ 722400.0, 6180600.0 ], [ 722300.0, 6180600.0 ], [ 722300.0, 6180700.0 ], [ 722300.0, 6180800.0 ], [ 722300.0, 6180900.0 ], [ 722400.0, 6180900.0 ], [ 722500.0, 6180900.0 ], [ 722600.0, 6180900.0 ], [ 722600.0, 6180800.0 ], [ 722600.0, 6180700.0 ], [ 722500.0, 6180700.0 ], [ 722500.0, 6180600.0 ], [ 722400.0, 6180600.0 ] ] ] } },
{ "type": "Feature", "properties": { "Shape_Area": 20000.0, "Shape_Leng": 600.0, "cluster_id": "101_639", "fid_1": 639.0, "id_munic": 639.0, "munic_clus": "101_639", "munic_code": 101.0, "min": 3.4556818008422852, "max": 3.4556818008422852, "mean": 3.4556818008422852, "count": 2, "std": 0.0, "range": 0.0 }, "geometry": { "type": "Polygon", "coordinates": [ [ [ 721800.0, 6180700.0 ], [ 721900.0, 6180700.0 ], [ 722000.0, 6180700.0 ], [ 722000.0, 6180600.0 ], [ 721900.0, 6180600.0 ], [ 721800.0, 6180600.0 ], [ 721800.0, 6180700.0 ] ] ] } },
{ "type": "Feature", "properties": { "Shape_Area": 40000.0, "Shape_Leng": 1000.0, "cluster_id": "101_640", "fid_1": 640.0, "id_munic": 640.0, "munic_clus": "101_640", "munic_code": 101.0, "min": 2.7329225540161133, "max": 2.7329225540161133, "mean": 2.7329225540161133, "count": 4, "std": 0.0, "range": 0.0 }, "geometry": { "type": "Polygon", "coordinates": [ [ [ 722200.0, 6178600.0 ], [ 722300.0, 6178600.0 ], [ 722300.0, 6178500.0 ], [ 722200.0, 6178500.0 ], [ 722100.0, 6178500.0 ], [ 722000.0, 6178500.0 ], [ 722000.0, 6178600.0 ], [ 722000.0, 6178700.0 ], [ 722100.0, 6178700.0 ], [ 722100.0, 6178600.0 ], [ 722200.0, 6178600.0 ] ] ] } },
{ "type": "Feature", "properties": { "Shape_Area": 40000.0, "Shape_Leng": 1000.0, "cluster_id": "101_641", "fid_1": 641.0, "id_munic": 641.0, "munic_clus": "101_641", "munic_code": 101.0, "min": 2.8652117252349854, "max": 2.8652117252349854, "mean": 2.8652117252349854, "count": 4, "std": 0.0, "range": 0.0 }, "geometry": { "type": "Polygon", "coordinates": [ [ [ 720900.0, 6179500.0 ], [ 720800.0, 6179500.0 ], [ 720800.0, 6179600.0 ], [ 720700.0, 6179600.0 ], [ 720700.0, 6179700.0 ], [ 720700.0, 6179800.0 ], [ 720800.0, 6179800.0 ], [ 720800.0, 6179700.0 ], [ 720900.0, 6179700.0 ], [ 720900.0, 6179600.0 ], [ 720900.0, 6179500.0 ] ] ] } },
{ "type": "Feature", "properties": { "Shape_Area": 40000.0, "Shape_Leng": 1000.0, "cluster_id": "101_642", "fid_1": 642.0, "id_munic": 642.0, "munic_clus": "101_642", "munic_code": 101.0, "min": 2.5808067321777344, "max": 2.5808067321777344, "mean": 2.5808067321777344, "count": 4, "std": 0.0, "range": 0.0 }, "geometry": { "type": "Polygon", "coordinates": [ [ [ 717800.0, 6179500.0 ], [ 717900.0, 6179500.0 ], [ 718000.0, 6179500.0 ], [ 718100.0, 6179500.0 ], [ 718100.0, 6179400.0 ], [ 718000.0, 6179400.0 ], [ 717900.0, 6179400.0 ], [ 717900.0, 6179300.0 ], [ 717800.0, 6179300.0 ], [ 717800.0, 6179400.0 ], [ 717800.0, 6179500.0 ] ] ] } },
{ "type": "Feature", "properties": { "Shape_Area": 20000.0, "Shape_Leng": 600.0, "cluster_id": "101_643", "fid_1": 643.0, "id_munic": 643.0, "munic_clus": "101_643", "munic_code": 101.0, "min": 4.0061650276184082, "max": 4.0061650276184082, "mean": 4.0061650276184082, "count": 2, "std": 0.0, "range": 0.0 }, "geometry": { "type": "Polygon", "coordinates": [ [ [ 718800.0, 6174200.0 ], [ 718900.0, 6174200.0 ], [ 719000.0, 6174200.0 ], [ 719000.0, 6174100.0 ], [ 718900.0, 6174100.0 ], [ 718800.0, 6174100.0 ], [ 718800.0, 6174200.0 ] ] ] } },
{ "type": "Feature", "properties": { "Shape_Area": 60000.0, "Shape_Leng": 1000.0, "cluster_id": "101_644", "fid_1": 644.0, "id_munic": 644.0, "munic_clus": "101_644", "munic_code": 101.0, "min": 2.3345553874969482, "max": 2.3345553874969482, "mean": 2.3345554669698081, "count": 6, "std": 7.947285984855057e-08, "range": 0.0 }, "geometry": { "type": "Polygon", "coordinates": [ [ [ 719100.0, 6173800.0 ], [ 719000.0, 6173800.0 ], [ 718900.0, 6173800.0 ], [ 718800.0, 6173800.0 ], [ 718800.0, 6173900.0 ], [ 718800.0, 6174000.0 ], [ 718900.0, 6174000.0 ], [ 719000.0, 6174000.0 ], [ 719100.0, 6174000.0 ], [ 719100.0, 6173900.0 ], [ 719100.0, 6173800.0 ] ] ] } },
{ "type": "Feature", "properties": { "Shape_Area": 20000.0, "Shape_Leng": 600.0, "cluster_id": "101_645", "fid_1": 645.0, "id_munic": 645.0, "munic_clus": "101_645", "munic_code": 101.0, "min": 2.2265913486480713, "max": 2.2265913486480713, "mean": 2.2265913486480713, "count": 2, "std": 0.0, "range": 0.0 }, "geometry": { "type": "Polygon", "coordinates": [ [ [ 720200.0, 6172200.0 ], [ 720300.0, 6172200.0 ], [ 720400.0, 6172200.0 ], [ 720400.0, 6172100.0 ], [ 720300.0, 6172100.0 ], [ 720200.0, 6172100.0 ], [ 720200.0, 6172200.0 ] ] ] } },
{ "type": "Feature", "properties": { "Shape_Area": 30000.0, "Shape_Leng": 800.0, "cluster_id": "101_646", "fid_1": 646.0, "id_munic": 646.0, "munic_clus": "101_646", "munic_code": 101.0, "min": 3.4286909103393555, "max": 3.4286909103393555, "mean": 3.4286909103393555, "count": 3, "std": 0.0, "range": 0.0 }, "geometry": { "type": "Polygon", "coordinates": [ [ [ 720300.0, 6172800.0 ], [ 720400.0, 6172800.0 ], [ 720500.0, 6172800.0 ], [ 720600.0, 6172800.0 ], [ 720600.0, 6172700.0 ], [ 720500.0, 6172700.0 ], [ 720400.0, 6172700.0 ], [ 720300.0, 6172700.0 ], [ 720300.0, 6172800.0 ] ] ] } },
{ "type": "Feature", "properties": { "Shape_Area": 40000.0, "Shape_Leng": 1000.0, "cluster_id": "101_647", "fid_1": 647.0, "id_munic": 647.0, "munic_clus": "101_647", "munic_code": 101.0, "min": 3.6336226463317871, "max": 3.6336226463317871, "mean": 3.6336226463317871, "count": 4, "std": 0.0, "range": 0.0 }, "geometry": { "type": "Polygon", "coordinates": [ [ [ 720200.0, 6172300.0 ], [ 720100.0, 6172300.0 ], [ 720100.0, 6172400.0 ], [ 720000.0, 6172400.0 ], [ 720000.0, 6172500.0 ], [ 720100.0, 6172500.0 ], [ 720100.0, 6172600.0 ], [ 720200.0, 6172600.0 ], [ 720200.0, 6172500.0 ], [ 720200.0, 6172400.0 ], [ 720200.0, 6172300.0 ] ] ] } },
{ "type": "Feature", "properties": { "Shape_Area": 50000.0, "Shape_Leng": 1200.0, "cluster_id": "101_648", "fid_1": 648.0, "id_munic": 648.0, "munic_clus": "101_648", "munic_code": 101.0, "min": 3.741253137588501, "max": 3.741253137588501, "mean": 3.7412532806396483, "count": 5, "std": 1.4305114737211966e-07, "range": 0.0 }, "geometry": { "type": "Polygon", "coordinates": [ [ [ 720200.0, 6172300.0 ], [ 720200.0, 6172200.0 ], [ 720100.0, 6172200.0 ], [ 720000.0, 6172200.0 ], [ 720000.0, 6172300.0 ], [ 719900.0, 6172300.0 ], [ 719900.0, 6172400.0 ], [ 719900.0, 6172500.0 ], [ 720000.0, 6172500.0 ], [ 720000.0, 6172400.0 ], [ 720100.0, 6172400.0 ], [ 720100.0, 6172300.0 ], [ 720200.0, 6172300.0 ] ] ] } },
{ "type": "Feature", "properties": { "Shape_Area": 60000.0, "Shape_Leng": 1000.0, "cluster_id": "101_649", "fid_1": 649.0, "id_munic": 649.0, "munic_clus": "101_649", "munic_code": 101.0, "min": 3.0771405696868896, "max": 3.0771405696868896, "mean": 3.0771404902140298, "count": 6, "std": 7.947285984855057e-08, "range": 0.0 }, "geometry": { "type": "Polygon", "coordinates": [ [ [ 720500.0, 6172200.0 ], [ 720400.0, 6172200.0 ], [ 720300.0, 6172200.0 ], [ 720200.0, 6172200.0 ], [ 720200.0, 6172300.0 ], [ 720200.0, 6172400.0 ], [ 720300.0, 6172400.0 ], [ 720400.0, 6172400.0 ], [ 720500.0, 6172400.0 ], [ 720500.0, 6172300.0 ], [ 720500.0, 6172200.0 ] ] ] } },
{ "type": "Feature", "properties": { "Shape_Area": 10000.0, "Shape_Leng": 400.0, "cluster_id": "101_650", "fid_1": 650.0, "id_munic": 650.0, "munic_clus": "101_650", "munic_code": 101.0, "min": 3.0484840869903564, "max": 3.0484840869903564, "mean": 3.0484840869903564, "count": 1, "std": 0.0, "range": 0.0 }, "geometry": { "type": "Polygon", "coordinates": [ [ [ 723000.0, 6176900.0 ], [ 723000.0, 6177000.0 ], [ 723100.0, 6177000.0 ], [ 723100.0, 6176900.0 ], [ 723000.0, 6176900.0 ] ] ] } },
{ "type": "Feature", "properties": { "Shape_Area": 10000.0, "Shape_Leng": 400.0, "cluster_id": "101_651", "fid_1": 651.0, "id_munic": 651.0, "munic_clus": "101_651", "munic_code": 101.0, "min": 2.5789742469787598, "max": 2.5789742469787598, "mean": 2.5789742469787598, "count": 1, "std": 0.0, "range": 0.0 }, "geometry": { "type": "Polygon", "coordinates": [ [ [ 722900.0, 6177000.0 ], [ 722900.0, 6177100.0 ], [ 723000.0, 6177100.0 ], [ 723000.0, 6177000.0 ], [ 722900.0, 6177000.0 ] ] ] } },
{ "type": "Feature", "properties": { "Shape_Area": 20000.0, "Shape_Leng": 600.0, "cluster_id": "101_652", "fid_1": 652.0, "id_munic": 652.0, "munic_clus": "101_652", "munic_code": 101.0, "min": 3.0913031101226807, "max": 3.0913031101226807, "mean": 3.0913031101226807, "count": 2, "std": 0.0, "range": 0.0 }, "geometry": { "type": "Polygon", "coordinates": [ [ [ 719600.0, 6172700.0 ], [ 719600.0, 6172800.0 ], [ 719700.0, 6172800.0 ], [ 719700.0, 6172700.0 ], [ 719700.0, 6172600.0 ], [ 719600.0, 6172600.0 ], [ 719600.0, 6172700.0 ] ] ] } },
{ "type": "Feature", "properties": { "Shape_Area": 20000.0, "Shape_Leng": 600.0, "cluster_id": "101_653", "fid_1": 653.0, "id_munic": 653.0, "munic_clus": "101_653", "munic_code": 101.0, "min": 2.747084379196167, "max": 2.747084379196167, "mean": 2.747084379196167, "count": 2, "std": 0.0, "range": 0.0 }, "geometry": { "type": "Polygon", "coordinates": [ [ [ 719500.0, 6172900.0 ], [ 719500.0, 6173000.0 ], [ 719600.0, 6173000.0 ], [ 719600.0, 6172900.0 ], [ 719600.0, 6172800.0 ], [ 719500.0, 6172800.0 ], [ 719500.0, 6172900.0 ] ] ] } },
{ "type": "Feature", "properties": { "Shape_Area": 10000.0, "Shape_Leng": 400.0, "cluster_id": "101_654", "fid_1": 654.0, "id_munic": 654.0, "munic_clus": "101_654", "munic_code": 101.0, "min": 3.7780742645263672, "max": 3.7780742645263672, "mean": 3.7780742645263672, "count": 1, "std": 0.0, "range": 0.0 }, "geometry": { "type": "Polygon", "coordinates": [ [ [ 720100.0, 6172600.0 ], [ 720100.0, 6172700.0 ], [ 720200.0, 6172700.0 ], [ 720200.0, 6172600.0 ], [ 720100.0, 6172600.0 ] ] ] } },
{ "type": "Feature", "properties": { "Shape_Area": 30000.0, "Shape_Leng": 800.0, "cluster_id": "101_655", "fid_1": 655.0, "id_munic": 655.0, "munic_clus": "101_655", "munic_code": 101.0, "min": 3.7027661800384521, "max": 3.7027661800384521, "mean": 3.7027661005655923, "count": 3, "std": 7.947285984855057e-08, "range": 0.0 }, "geometry": { "type": "Polygon", "coordinates": [ [ [ 719900.0, 6172800.0 ], [ 719800.0, 6172800.0 ], [ 719800.0, 6172900.0 ], [ 719900.0, 6172900.0 ], [ 720000.0, 6172900.0 ], [ 720000.0, 6172800.0 ], [ 720000.0, 6172700.0 ], [ 719900.0, 6172700.0 ], [ 719900.0, 6172800.0 ] ] ] } },
{ "type": "Feature", "properties": { "Shape_Area": 10000.0, "Shape_Leng": 400.0, "cluster_id": "101_656", "fid_1": 656.0, "id_munic": 656.0, "munic_clus": "101_656", "munic_code": 101.0, "min": 2.9908366203308105, "max": 2.9908366203308105, "mean": 2.9908366203308105, "count": 1, "std": 0.0, "range": 0.0 }, "geometry": { "type": "Polygon", "coordinates": [ [ [ 720500.0, 6172500.0 ], [ 720500.0, 6172600.0 ], [ 720600.0, 6172600.0 ], [ 720600.0, 6172500.0 ], [ 720500.0, 6172500.0 ] ] ] } },
{ "type": "Feature", "properties": { "Shape_Area": 10000.0, "Shape_Leng": 400.0, "cluster_id": "101_657", "fid_1": 657.0, "id_munic": 657.0, "munic_clus": "101_657", "munic_code": 101.0, "min": 3.0911369323730469, "max": 3.0911369323730469, "mean": 3.0911369323730469, "count": 1, "std": 0.0, "range": 0.0 }, "geometry": { "type": "Polygon", "coordinates": [ [ [ 721100.0, 6178400.0 ], [ 721100.0, 6178500.0 ], [ 721200.0, 6178500.0 ], [ 721200.0, 6178400.0 ], [ 721100.0, 6178400.0 ] ] ] } },
{ "type": "Feature", "properties": { "Shape_Area": 20000.0, "Shape_Leng": 600.0, "cluster_id": "101_658", "fid_1": 658.0, "id_munic": 658.0, "munic_clus": "101_658", "munic_code": 101.0, "min": 3.0754749774932861, "max": 3.0754749774932861, "mean": 3.0754749774932861, "count": 2, "std": 0.0, "range": 0.0 }, "geometry": { "type": "Polygon", "coordinates": [ [ [ 721200.0, 6178100.0 ], [ 721300.0, 6178100.0 ], [ 721400.0, 6178100.0 ], [ 721400.0, 6178000.0 ], [ 721300.0, 6178000.0 ], [ 721200.0, 6178000.0 ], [ 721200.0, 6178100.0 ] ] ] } },
{ "type": "Feature", "properties": { "Shape_Area": 50000.0, "Shape_Leng": 1200.0, "cluster_id": "101_659", "fid_1": 659.0, "id_munic": 659.0, "munic_clus": "101_659", "munic_code": 101.0, "min": 2.5369877815246582, "max": 2.5369877815246582, "mean": 2.5369876861572265, "count": 5, "std": 9.5367431729442842e-08, "range": 0.0 }, "geometry": { "type": "Polygon", "coordinates": [ [ [ 720800.0, 6177900.0 ], [ 720800.0, 6178000.0 ], [ 720900.0, 6178000.0 ], [ 720900.0, 6178100.0 ], [ 721000.0, 6178100.0 ], [ 721000.0, 6178000.0 ], [ 721000.0, 6177900.0 ], [ 720900.0, 6177900.0 ], [ 720900.0, 6177800.0 ], [ 720800.0, 6177800.0 ], [ 720700.0, 6177800.0 ], [ 720700.0, 6177900.0 ], [ 720800.0, 6177900.0 ] ] ] } },
{ "type": "Feature", "properties": { "Shape_Area": 30000.0, "Shape_Leng": 800.0, "cluster_id": "101_660", "fid_1": 660.0, "id_munic": 660.0, "munic_clus": "101_660", "munic_code": 101.0, "min": 3.1519498825073242, "max": 3.1519498825073242, "mean": 3.1519498825073242, "count": 3, "std": 0.0, "range": 0.0 }, "geometry": { "type": "Polygon", "coordinates": [ [ [ 721300.0, 6178000.0 ], [ 721400.0, 6178000.0 ], [ 721400.0, 6178100.0 ], [ 721500.0, 6178100.0 ], [ 721500.0, 6178000.0 ], [ 721500.0, 6177900.0 ], [ 721400.0, 6177900.0 ], [ 721300.0, 6177900.0 ], [ 721300.0, 6178000.0 ] ] ] } },
{ "type": "Feature", "properties": { "Shape_Area": 10000.0, "Shape_Leng": 400.0, "cluster_id": "101_661", "fid_1": 661.0, "id_munic": 661.0, "munic_clus": "101_661", "munic_code": 101.0, "min": 2.6352889537811279, "max": 2.6352889537811279, "mean": 2.6352889537811279, "count": 1, "std": 0.0, "range": 0.0 }, "geometry": { "type": "Polygon", "coordinates": [ [ [ 721100.0, 6178300.0 ], [ 721100.0, 6178400.0 ], [ 721200.0, 6178400.0 ], [ 721200.0, 6178300.0 ], [ 721100.0, 6178300.0 ] ] ] } },
{ "type": "Feature", "properties": { "Shape_Area": 10000.0, "Shape_Leng": 400.0, "cluster_id": "101_662", "fid_1": 662.0, "id_munic": 662.0, "munic_clus": "101_662", "munic_code": 101.0, "min": 3.4020326137542725, "max": 3.4020326137542725, "mean": 3.4020326137542725, "count": 1, "std": 0.0, "range": 0.0 }, "geometry": { "type": "Polygon", "coordinates": [ [ [ 721300.0, 6178100.0 ], [ 721300.0, 6178200.0 ], [ 721400.0, 6178200.0 ], [ 721400.0, 6178100.0 ], [ 721300.0, 6178100.0 ] ] ] } },
{ "type": "Feature", "properties": { "Shape_Area": 20000.0, "Shape_Leng": 600.0, "cluster_id": "101_663", "fid_1": 663.0, "id_munic": 663.0, "munic_clus": "101_663", "munic_code": 101.0, "min": 3.3800404071807861, "max": 3.3800404071807861, "mean": 3.3800404071807861, "count": 2, "std": 0.0, "range": 0.0 }, "geometry": { "type": "Polygon", "coordinates": [ [ [ 720900.0, 6178200.0 ], [ 721000.0, 6178200.0 ], [ 721100.0, 6178200.0 ], [ 721100.0, 6178100.0 ], [ 721000.0, 6178100.0 ], [ 720900.0, 6178100.0 ], [ 720900.0, 6178200.0 ] ] ] } },
{ "type": "Feature", "properties": { "Shape_Area": 20000.0, "Shape_Leng": 600.0, "cluster_id": "101_664", "fid_1": 664.0, "id_munic": 664.0, "munic_clus": "101_664", "munic_code": 101.0, "min": 3.7620797157287598, "max": 3.7620797157287598, "mean": 3.7620797157287598, "count": 2, "std": 0.0, "range": 0.0 }, "geometry": { "type": "Polygon", "coordinates": [ [ [ 725000.0, 6179000.0 ], [ 725100.0, 6179000.0 ], [ 725200.0, 6179000.0 ], [ 725200.0, 6178900.0 ], [ 725100.0, 6178900.0 ], [ 725000.0, 6178900.0 ], [ 725000.0, 6179000.0 ] ] ] } },
{ "type": "Feature", "properties": { "Shape_Area": 20000.0, "Shape_Leng": 600.0, "cluster_id": "101_665", "fid_1": 665.0, "id_munic": 665.0, "munic_clus": "101_665", "munic_code": 101.0, "min": 3.8002336025238037, "max": 3.8002336025238037, "mean": 3.8002336025238037, "count": 2, "std": 0.0, "range": 0.0 }, "geometry": { "type": "Polygon", "coordinates": [ [ [ 725200.0, 6179200.0 ], [ 725200.0, 6179300.0 ], [ 725300.0, 6179300.0 ], [ 725300.0, 6179200.0 ], [ 725300.0, 6179100.0 ], [ 725200.0, 6179100.0 ], [ 725200.0, 6179200.0 ] ] ] } },
{ "type": "Feature", "properties": { "Shape_Area": 10000.0, "Shape_Leng": 400.0, "cluster_id": "101_666", "fid_1": 666.0, "id_munic": 666.0, "munic_clus": "101_666", "munic_code": 101.0, "min": 3.0796406269073486, "max": 3.0796406269073486, "mean": 3.0796406269073486, "count": 1, "std": 0.0, "range": 0.0 }, "geometry": { "type": "Polygon", "coordinates": [ [ [ 725200.0, 6178900.0 ], [ 725200.0, 6179000.0 ], [ 725300.0, 6179000.0 ], [ 725300.0, 6178900.0 ], [ 725200.0, 6178900.0 ] ] ] } },
{ "type": "Feature", "properties": { "Shape_Area": 10000.0, "Shape_Leng": 400.0, "cluster_id": "101_667", "fid_1": 667.0, "id_munic": 667.0, "munic_clus": "101_667", "munic_code": 101.0, "min": 3.2864046096801758, "max": 3.2864046096801758, "mean": 3.2864046096801758, "count": 1, "std": 0.0, "range": 0.0 }, "geometry": { "type": "Polygon", "coordinates": [ [ [ 725300.0, 6178900.0 ], [ 725300.0, 6179000.0 ], [ 725400.0, 6179000.0 ], [ 725400.0, 6178900.0 ], [ 725300.0, 6178900.0 ] ] ] } },
{ "type": "Feature", "properties": { "Shape_Area": 20000.0, "Shape_Leng": 600.0, "cluster_id": "101_668", "fid_1": 668.0, "id_munic": 668.0, "munic_clus": "101_668", "munic_code": 101.0, "min": 3.9093639850616455, "max": 3.9093639850616455, "mean": 3.9093639850616455, "count": 2, "std": 0.0, "range": 0.0 }, "geometry": { "type": "Polygon", "coordinates": [ [ [ 723100.0, 6177000.0 ], [ 723200.0, 6177000.0 ], [ 723300.0, 6177000.0 ], [ 723300.0, 6176900.0 ], [ 723200.0, 6176900.0 ], [ 723100.0, 6176900.0 ], [ 723100.0, 6177000.0 ] ] ] } },
{ "type": "Feature", "properties": { "Shape_Area": 20000.0, "Shape_Leng": 600.0, "cluster_id": "101_669", "fid_1": 669.0, "id_munic": 669.0, "munic_clus": "101_669", "munic_code": 101.0, "min": 3.2252585887908936, "max": 3.2252585887908936, "mean": 3.2252585887908936, "count": 2, "std": 0.0, "range": 0.0 }, "geometry": { "type": "Polygon", "coordinates": [ [ [ 722500.0, 6174500.0 ], [ 722600.0, 6174500.0 ], [ 722700.0, 6174500.0 ], [ 722700.0, 6174400.0 ], [ 722600.0, 6174400.0 ], [ 722500.0, 6174400.0 ], [ 722500.0, 6174500.0 ] ] ] } },
{ "type": "Feature", "properties": { "Shape_Area": 30000.0, "Shape_Leng": 800.0, "cluster_id": "101_670", "fid_1": 670.0, "id_munic": 670.0, "munic_clus": "101_670", "munic_code": 101.0, "min": 2.5093305110931396, "max": 2.5093305110931396, "mean": 2.5093304316202798, "count": 3, "std": 7.947285984855057e-08, "range": 0.0 }, "geometry": { "type": "Polygon", "coordinates": [ [ [ 725000.0, 6178800.0 ], [ 725000.0, 6178900.0 ], [ 725100.0, 6178900.0 ], [ 725200.0, 6178900.0 ], [ 725200.0, 6178800.0 ], [ 725100.0, 6178800.0 ], [ 725100.0, 6178700.0 ], [ 725000.0, 6178700.0 ], [ 725000.0, 6178800.0 ] ] ] } },
{ "type": "Feature", "properties": { "Shape_Area": 20000.0, "Shape_Leng": 600.0, "cluster_id": "101_671", "fid_1": 671.0, "id_munic": 671.0, "munic_clus": "101_671", "munic_code": 101.0, "min": 2.6597805023193359, "max": 2.6597805023193359, "mean": 2.6597805023193359, "count": 2, "std": 0.0, "range": 0.0 }, "geometry": { "type": "Polygon", "coordinates": [ [ [ 725200.0, 6179100.0 ], [ 725300.0, 6179100.0 ], [ 725400.0, 6179100.0 ], [ 725400.0, 6179000.0 ], [ 725300.0, 6179000.0 ], [ 725200.0, 6179000.0 ], [ 725200.0, 6179100.0 ] ] ] } },
{ "type": "Feature", "properties": { "Shape_Area": 10000.0, "Shape_Leng": 400.0, "cluster_id": "101_672", "fid_1": 672.0, "id_munic": 672.0, "munic_clus": "101_672", "munic_code": 101.0, "min": 3.1737756729125977, "max": 3.1737756729125977, "mean": 3.1737756729125977, "count": 1, "std": 0.0, "range": 0.0 }, "geometry": { "type": "Polygon", "coordinates": [ [ [ 722800.0, 6177600.0 ], [ 722800.0, 6177700.0 ], [ 722900.0, 6177700.0 ], [ 722900.0, 6177600.0 ], [ 722800.0, 6177600.0 ] ] ] } },
{ "type": "Feature", "properties": { "Shape_Area": 10000.0, "Shape_Leng": 400.0, "cluster_id": "101_673", "fid_1": 673.0, "id_munic": 673.0, "munic_clus": "101_673", "munic_code": 101.0, "min": 2.8708763122558594, "max": 2.8708763122558594, "mean": 2.8708763122558594, "count": 1, "std": 0.0, "range": 0.0 }, "geometry": { "type": "Polygon", "coordinates": [ [ [ 722700.0, 6177700.0 ], [ 722700.0, 6177800.0 ], [ 722800.0, 6177800.0 ], [ 722800.0, 6177700.0 ], [ 722700.0, 6177700.0 ] ] ] } },
{ "type": "Feature", "properties": { "Shape_Area": 10000.0, "Shape_Leng": 400.0, "cluster_id": "101_674", "fid_1": 674.0, "id_munic": 674.0, "munic_clus": "101_674", "munic_code": 101.0, "min": 3.0056648254394531, "max": 3.0056648254394531, "mean": 3.0056648254394531, "count": 1, "std": 0.0, "range": 0.0 }, "geometry": { "type": "Polygon", "coordinates": [ [ [ 722800.0, 6177700.0 ], [ 722800.0, 6177800.0 ], [ 722900.0, 6177800.0 ], [ 722900.0, 6177700.0 ], [ 722800.0, 6177700.0 ] ] ] } },
{ "type": "Feature", "properties": { "Shape_Area": 10000.0, "Shape_Leng": 400.0, "cluster_id": "101_675", "fid_1": 675.0, "id_munic": 675.0, "munic_clus": "101_675", "munic_code": 101.0, "min": 3.4976682662963867, "max": 3.4976682662963867, "mean": 3.4976682662963867, "count": 1, "std": 0.0, "range": 0.0 }, "geometry": { "type": "Polygon", "coordinates": [ [ [ 722800.0, 6177800.0 ], [ 722800.0, 6177900.0 ], [ 722900.0, 6177900.0 ], [ 722900.0, 6177800.0 ], [ 722800.0, 6177800.0 ] ] ] } },
{ "type": "Feature", "properties": { "Shape_Area": 10000.0, "Shape_Leng": 400.0, "cluster_id": "101_676", "fid_1": 676.0, "id_munic": 676.0, "munic_clus": "101_676", "munic_code": 101.0, "min": 3.6676113605499268, "max": 3.6676113605499268, "mean": 3.6676113605499268, "count": 1, "std": 0.0, "range": 0.0 }, "geometry": { "type": "Polygon", "coordinates": [ [ [ 722600.0, 6177200.0 ], [ 722600.0, 6177300.0 ], [ 722700.0, 6177300.0 ], [ 722700.0, 6177200.0 ], [ 722600.0, 6177200.0 ] ] ] } },
{ "type": "Feature", "properties": { "Shape_Area": 10000.0, "Shape_Leng": 400.0, "cluster_id": "101_677", "fid_1": 677.0, "id_munic": 677.0, "munic_clus": "101_677", "munic_code": 101.0, "min": 2.5374879837036133, "max": 2.5374879837036133, "mean": 2.5374879837036133, "count": 1, "std": 0.0, "range": 0.0 }, "geometry": { "type": "Polygon", "coordinates": [ [ [ 722500.0, 6177300.0 ], [ 722500.0, 6177400.0 ], [ 722600.0, 6177400.0 ], [ 722600.0, 6177300.0 ], [ 722500.0, 6177300.0 ] ] ] } },
{ "type": "Feature", "properties": { "Shape_Area": 20000.0, "Shape_Leng": 600.0, "cluster_id": "101_678", "fid_1": 678.0, "id_munic": 678.0, "munic_clus": "101_678", "munic_code": 101.0, "min": 2.2277579307556152, "max": 2.2277579307556152, "mean": 2.2277579307556152, "count": 2, "std": 0.0, "range": 0.0 }, "geometry": { "type": "Polygon", "coordinates": [ [ [ 722500.0, 6177600.0 ], [ 722600.0, 6177600.0 ], [ 722700.0, 6177600.0 ], [ 722700.0, 6177500.0 ], [ 722600.0, 6177500.0 ], [ 722500.0, 6177500.0 ], [ 722500.0, 6177600.0 ] ] ] } },
{ "type": "Feature", "properties": { "Shape_Area": 20000.0, "Shape_Leng": 600.0, "cluster_id": "101_679", "fid_1": 679.0, "id_munic": 679.0, "munic_clus": "101_679", "munic_code": 101.0, "min": 3.1619460582733154, "max": 3.1619460582733154, "mean": 3.1619460582733154, "count": 2, "std": 0.0, "range": 0.0 }, "geometry": { "type": "Polygon", "coordinates": [ [ [ 722600.0, 6177400.0 ], [ 722600.0, 6177500.0 ], [ 722700.0, 6177500.0 ], [ 722700.0, 6177400.0 ], [ 722700.0, 6177300.0 ], [ 722600.0, 6177300.0 ], [ 722600.0, 6177400.0 ] ] ] } },
{ "type": "Feature", "properties": { "Shape_Area": 20000.0, "Shape_Leng": 600.0, "cluster_id": "101_680", "fid_1": 680.0, "id_munic": 680.0, "munic_clus": "101_680", "munic_code": 101.0, "min": 4.1947693824768066, "max": 4.1947693824768066, "mean": 4.1947693824768066, "count": 2, "std": 0.0, "range": 0.0 }, "geometry": { "type": "Polygon", "coordinates": [ [ [ 722400.0, 6177800.0 ], [ 722400.0, 6177900.0 ], [ 722500.0, 6177900.0 ], [ 722500.0, 6177800.0 ], [ 722500.0, 6177700.0 ], [ 722400.0, 6177700.0 ], [ 722400.0, 6177800.0 ] ] ] } },
{ "type": "Feature", "properties": { "Shape_Area": 10000.0, "Shape_Leng": 400.0, "cluster_id": "101_681", "fid_1": 681.0, "id_munic": 681.0, "munic_clus": "101_681", "munic_code": 101.0, "min": 3.6466178894042969, "max": 3.6466178894042969, "mean": 3.6466178894042969, "count": 1, "std": 0.0, "range": 0.0 }, "geometry": { "type": "Polygon", "coordinates": [ [ [ 723600.0, 6176500.0 ], [ 723600.0, 6176600.0 ], [ 723700.0, 6176600.0 ], [ 723700.0, 6176500.0 ], [ 723600.0, 6176500.0 ] ] ] } },
{ "type": "Feature", "properties": { "Shape_Area": 20000.0, "Shape_Leng": 600.0, "cluster_id": "101_682", "fid_1": 682.0, "id_munic": 682.0, "munic_clus": "101_682", "munic_code": 101.0, "min": 3.0261585712432861, "max": 3.0261585712432861, "mean": 3.0261585712432861, "count": 2, "std": 0.0, "range": 0.0 }, "geometry": { "type": "Polygon", "coordinates": [ [ [ 722500.0, 6177800.0 ], [ 722600.0, 6177800.0 ], [ 722700.0, 6177800.0 ], [ 722700.0, 6177700.0 ], [ 722600.0, 6177700.0 ], [ 722500.0, 6177700.0 ], [ 722500.0, 6177800.0 ] ] ] } },
{ "type": "Feature", "properties": { "Shape_Area": 30000.0, "Shape_Leng": 800.0, "cluster_id": "101_683", "fid_1": 683.0, "id_munic": 683.0, "munic_clus": "101_683", "munic_code": 101.0, "min": 2.8913698196411133, "max": 2.8913698196411133, "mean": 2.8913698196411133, "count": 3, "std": 0.0, "range": 0.0 }, "geometry": { "type": "Polygon", "coordinates": [ [ [ 722400.0, 6178000.0 ], [ 722400.0, 6178100.0 ], [ 722500.0, 6178100.0 ], [ 722600.0, 6178100.0 ], [ 722600.0, 6178000.0 ], [ 722500.0, 6178000.0 ], [ 722500.0, 6177900.0 ], [ 722400.0, 6177900.0 ], [ 722400.0, 6178000.0 ] ] ] } },
{ "type": "Feature", "properties": { "Shape_Area": 20000.0, "Shape_Leng": 600.0, "cluster_id": "101_684", "fid_1": 684.0, "id_munic": 684.0, "munic_clus": "101_684", "munic_code": 101.0, "min": 2.1059651374816895, "max": 2.1059651374816895, "mean": 2.1059651374816895, "count": 2, "std": 0.0, "range": 0.0 }, "geometry": { "type": "Polygon", "coordinates": [ [ [ 722600.0, 6178000.0 ], [ 722600.0, 6178100.0 ], [ 722700.0, 6178100.0 ], [ 722700.0, 6178000.0 ], [ 722700.0, 6177900.0 ], [ 722600.0, 6177900.0 ], [ 722600.0, 6178000.0 ] ] ] } },
{ "type": "Feature", "properties": { "Shape_Area": 30000.0, "Shape_Leng": 800.0, "cluster_id": "101_685", "fid_1": 685.0, "id_munic": 685.0, "munic_clus": "101_685", "munic_code": 101.0, "min": 3.2700767517089844, "max": 3.2700767517089844, "mean": 3.2700767517089844, "count": 3, "std": 0.0, "range": 0.0 }, "geometry": { "type": "Polygon", "coordinates": [ [ [ 722500.0, 6177900.0 ], [ 722500.0, 6178000.0 ], [ 722600.0, 6178000.0 ], [ 722600.0, 6177900.0 ], [ 722700.0, 6177900.0 ], [ 722700.0, 6177800.0 ], [ 722600.0, 6177800.0 ], [ 722500.0, 6177800.0 ], [ 722500.0, 6177900.0 ] ] ] } },
{ "type": "Feature", "properties": { "Shape_Area": 10000.0, "Shape_Leng": 400.0, "cluster_id": "101_686", "fid_1": 686.0, "id_munic": 686.0, "munic_clus": "101_686", "munic_code": 101.0, "min": 2.9158618450164795, "max": 2.9158618450164795, "mean": 2.9158618450164795, "count": 1, "std": 0.0, "range": 0.0 }, "geometry": { "type": "Polygon", "coordinates": [ [ [ 722700.0, 6177900.0 ], [ 722700.0, 6178000.0 ], [ 722800.0, 6178000.0 ], [ 722800.0, 6177900.0 ], [ 722700.0, 6177900.0 ] ] ] } },
{ "type": "Feature", "properties": { "Shape_Area": 10000.0, "Shape_Leng": 400.0, "cluster_id": "101_687", "fid_1": 687.0, "id_munic": 687.0, "munic_clus": "101_687", "munic_code": 101.0, "min": 3.9595134258270264, "max": 3.9595134258270264, "mean": 3.9595134258270264, "count": 1, "std": 0.0, "range": 0.0 }, "geometry": { "type": "Polygon", "coordinates": [ [ [ 722700.0, 6177800.0 ], [ 722700.0, 6177900.0 ], [ 722800.0, 6177900.0 ], [ 722800.0, 6177800.0 ], [ 722700.0, 6177800.0 ] ] ] } },
{ "type": "Feature", "properties": { "Shape_Area": 10000.0, "Shape_Leng": 400.0, "cluster_id": "101_688", "fid_1": 688.0, "id_munic": 688.0, "munic_clus": "101_688", "munic_code": 101.0, "min": 2.6179606914520264, "max": 2.6179606914520264, "mean": 2.6179606914520264, "count": 1, "std": 0.0, "range": 0.0 }, "geometry": { "type": "Polygon", "coordinates": [ [ [ 722800.0, 6177500.0 ], [ 722800.0, 6177600.0 ], [ 722900.0, 6177600.0 ], [ 722900.0, 6177500.0 ], [ 722800.0, 6177500.0 ] ] ] } },
{ "type": "Feature", "properties": { "Shape_Area": 10000.0, "Shape_Leng": 400.0, "cluster_id": "101_689", "fid_1": 689.0, "id_munic": 689.0, "munic_clus": "101_689", "munic_code": 101.0, "min": 2.9765081405639648, "max": 2.9765081405639648, "mean": 2.9765081405639648, "count": 1, "std": 0.0, "range": 0.0 }, "geometry": { "type": "Polygon", "coordinates": [ [ [ 722700.0, 6177600.0 ], [ 722700.0, 6177700.0 ], [ 722800.0, 6177700.0 ], [ 722800.0, 6177600.0 ], [ 722700.0, 6177600.0 ] ] ] } },
{ "type": "Feature", "properties": { "Shape_Area": 10000.0, "Shape_Leng": 400.0, "cluster_id": "101_690", "fid_1": 690.0, "id_munic": 690.0, "munic_clus": "101_690", "munic_code": 101.0, "min": 2.5544819831848145, "max": 2.5544819831848145, "mean": 2.5544819831848145, "count": 1, "std": 0.0, "range": 0.0 }, "geometry": { "type": "Polygon", "coordinates": [ [ [ 722700.0, 6177500.0 ], [ 722700.0, 6177600.0 ], [ 722800.0, 6177600.0 ], [ 722800.0, 6177500.0 ], [ 722700.0, 6177500.0 ] ] ] } },
{ "type": "Feature", "properties": { "Shape_Area": 10000.0, "Shape_Leng": 400.0, "cluster_id": "101_691", "fid_1": 691.0, "id_munic": 691.0, "munic_clus": "101_691", "munic_code": 101.0, "min": 2.8512163162231445, "max": 2.8512163162231445, "mean": 2.8512163162231445, "count": 1, "std": 0.0, "range": 0.0 }, "geometry": { "type": "Polygon", "coordinates": [ [ [ 722600.0, 6177600.0 ], [ 722600.0, 6177700.0 ], [ 722700.0, 6177700.0 ], [ 722700.0, 6177600.0 ], [ 722600.0, 6177600.0 ] ] ] } },
{ "type": "Feature", "properties": { "Shape_Area": 20000.0, "Shape_Leng": 600.0, "cluster_id": "101_692", "fid_1": 692.0, "id_munic": 692.0, "munic_clus": "101_692", "munic_code": 101.0, "min": 3.4341893196105957, "max": 3.4341893196105957, "mean": 3.4341893196105957, "count": 2, "std": 0.0, "range": 0.0 }, "geometry": { "type": "Polygon", "coordinates": [ [ [ 722700.0, 6177400.0 ], [ 722700.0, 6177500.0 ], [ 722800.0, 6177500.0 ], [ 722800.0, 6177400.0 ], [ 722800.0, 6177300.0 ], [ 722700.0, 6177300.0 ], [ 722700.0, 6177400.0 ] ] ] } },
{ "type": "Feature", "properties": { "Shape_Area": 10000.0, "Shape_Leng": 400.0, "cluster_id": "101_693", "fid_1": 693.0, "id_munic": 693.0, "munic_clus": "101_693", "munic_code": 101.0, "min": 3.5984675884246826, "max": 3.5984675884246826, "mean": 3.5984675884246826, "count": 1, "std": 0.0, "range": 0.0 }, "geometry": { "type": "Polygon", "coordinates": [ [ [ 722500.0, 6177400.0 ], [ 722500.0, 6177500.0 ], [ 722600.0, 6177500.0 ], [ 722600.0, 6177400.0 ], [ 722500.0, 6177400.0 ] ] ] } },
{ "type": "Feature", "properties": { "Shape_Area": 10000.0, "Shape_Leng": 400.0, "cluster_id": "101_694", "fid_1": 694.0, "id_munic": 694.0, "munic_clus": "101_694", "munic_code": 101.0, "min": 3.2650787830352783, "max": 3.2650787830352783, "mean": 3.2650787830352783, "count": 1, "std": 0.0, "range": 0.0 }, "geometry": { "type": "Polygon", "coordinates": [ [ [ 722400.0, 6177400.0 ], [ 722400.0, 6177500.0 ], [ 722500.0, 6177500.0 ], [ 722500.0, 6177400.0 ], [ 722400.0, 6177400.0 ] ] ] } },
{ "type": "Feature", "properties": { "Shape_Area": 20000.0, "Shape_Leng": 600.0, "cluster_id": "101_695", "fid_1": 695.0, "id_munic": 695.0, "munic_clus": "101_695", "munic_code": 101.0, "min": 2.9520165920257568, "max": 2.9520165920257568, "mean": 2.9520165920257568, "count": 2, "std": 0.0, "range": 0.0 }, "geometry": { "type": "Polygon", "coordinates": [ [ [ 723600.0, 6176700.0 ], [ 723600.0, 6176800.0 ], [ 723700.0, 6176800.0 ], [ 723700.0, 6176700.0 ], [ 723700.0, 6176600.0 ], [ 723600.0, 6176600.0 ], [ 723600.0, 6176700.0 ] ] ] } },
{ "type": "Feature", "properties": { "Shape_Area": 80000.0, "Shape_Leng": 1400.0, "cluster_id": "101_696", "fid_1": 696.0, "id_munic": 696.0, "munic_clus": "101_696", "munic_code": 101.0, "min": 1.9750082492828369, "max": 1.9750082492828369, "mean": 1.9750082492828369, "count": 8, "std": 0.0, "range": 0.0 }, "geometry": { "type": "Polygon", "coordinates": [ [ [ 724000.0, 6181500.0 ], [ 723900.0, 6181500.0 ], [ 723900.0, 6181600.0 ], [ 723900.0, 6181700.0 ], [ 723900.0, 6181800.0 ], [ 723900.0, 6181900.0 ], [ 723900.0, 6182000.0 ], [ 724000.0, 6182000.0 ], [ 724000.0, 6181900.0 ], [ 724000.0, 6181800.0 ], [ 724100.0, 6181800.0 ], [ 724100.0, 6181700.0 ], [ 724100.0, 6181600.0 ], [ 724100.0, 6181500.0 ], [ 724000.0, 6181500.0 ] ] ] } },
{ "type": "Feature", "properties": { "Shape_Area": 20000.0, "Shape_Leng": 600.0, "cluster_id": "101_697", "fid_1": 697.0, "id_munic": 697.0, "munic_clus": "101_697", "munic_code": 101.0, "min": 2.9131951332092285, "max": 2.9131951332092285, "mean": 2.9131951332092285, "count": 2, "std": 0.0, "range": 0.0 }, "geometry": { "type": "Polygon", "coordinates": [ [ [ 723800.0, 6181600.0 ], [ 723800.0, 6181700.0 ], [ 723900.0, 6181700.0 ], [ 723900.0, 6181600.0 ], [ 723900.0, 6181500.0 ], [ 723800.0, 6181500.0 ], [ 723800.0, 6181600.0 ] ] ] } },
{ "type": "Feature", "properties": { "Shape_Area": 60000.0, "Shape_Leng": 1200.0, "cluster_id": "101_698", "fid_1": 698.0, "id_munic": 698.0, "munic_clus": "101_698", "munic_code": 101.0, "min": 2.5639791488647461, "max": 2.5639791488647461, "mean": 2.5639791488647461, "count": 6, "std": 0.0, "range": 0.0 }, "geometry": { "type": "Polygon", "coordinates": [ [ [ 723700.0, 6181800.0 ], [ 723700.0, 6181900.0 ], [ 723800.0, 6181900.0 ], [ 723800.0, 6182000.0 ], [ 723900.0, 6182000.0 ], [ 723900.0, 6181900.0 ], [ 723900.0, 6181800.0 ], [ 723900.0, 6181700.0 ], [ 723800.0, 6181700.0 ], [ 723800.0, 6181600.0 ], [ 723700.0, 6181600.0 ], [ 723700.0, 6181700.0 ], [ 723700.0, 6181800.0 ] ] ] } },
{ "type": "Feature", "properties": { "Shape_Area": 60000.0, "Shape_Leng": 1200.0, "cluster_id": "101_699", "fid_1": 699.0, "id_munic": 699.0, "munic_clus": "101_699", "munic_code": 101.0, "min": 2.8640456199645996, "max": 2.8640456199645996, "mean": 2.8640454610188804, "count": 6, "std": 1.5894571925301193e-07, "range": 0.0 }, "geometry": { "type": "Polygon", "coordinates": [ [ [ 721700.0, 6181100.0 ], [ 721600.0, 6181100.0 ], [ 721500.0, 6181100.0 ], [ 721500.0, 6181200.0 ], [ 721400.0, 6181200.0 ], [ 721400.0, 6181300.0 ], [ 721500.0, 6181300.0 ], [ 721600.0, 6181300.0 ], [ 721600.0, 6181400.0 ], [ 721700.0, 6181400.0 ], [ 721700.0, 6181300.0 ], [ 721700.0, 6181200.0 ], [ 721700.0, 6181100.0 ] ] ] } },
{ "type": "Feature", "properties": { "Shape_Area": 160000.0, "Shape_Leng": 2400.0, "cluster_id": "101_700", "fid_1": 700.0, "id_munic": 700.0, "munic_clus": "101_700", "munic_code": 101.0, "min": 2.7357549667358398, "max": 2.7357549667358398, "mean": 2.7357552051544189, "count": 16, "std": 2.384185791015625e-07, "range": 0.0 }, "geometry": { "type": "Polygon", "coordinates": [ [ [ 722200.0, 6180900.0 ], [ 722100.0, 6180900.0 ], [ 722000.0, 6180900.0 ], [ 722000.0, 6181000.0 ], [ 722000.0, 6181100.0 ], [ 722100.0, 6181100.0 ], [ 722100.0, 6181200.0 ], [ 722100.0, 6181300.0 ], [ 722200.0, 6181300.0 ], [ 722300.0, 6181300.0 ], [ 722300.0, 6181200.0 ], [ 722300.0, 6181100.0 ], [ 722400.0, 6181100.0 ], [ 722400.0, 6181000.0 ], [ 722500.0, 6181000.0 ], [ 722600.0, 6181000.0 ], [ 722600.0, 6181100.0 ], [ 722700.0, 6181100.0 ], [ 722700.0, 6181000.0 ], [ 722700.0, 6180900.0 ], [ 722600.0, 6180900.0 ], [ 722500.0, 6180900.0 ], [ 722400.0, 6180900.0 ], [ 722300.0, 6180900.0 ], [ 722200.0, 6180900.0 ] ] ] } },
{ "type": "Feature", "properties": { "Shape_Area": 200000.0, "Shape_Leng": 2000.0, "cluster_id": "101_701", "fid_1": 701.0, "id_munic": 701.0, "munic_clus": "101_701", "munic_code": 101.0, "min": 2.8698766231536865, "max": 2.8698766231536865, "mean": 2.8698764801025392, "count": 20, "std": 1.4305114737211966e-07, "range": 0.0 }, "geometry": { "type": "Polygon", "coordinates": [ [ [ 721600.0, 6181000.0 ], [ 721600.0, 6181100.0 ], [ 721700.0, 6181100.0 ], [ 721700.0, 6181200.0 ], [ 721700.0, 6181300.0 ], [ 721700.0, 6181400.0 ], [ 721800.0, 6181400.0 ], [ 721900.0, 6181400.0 ], [ 722000.0, 6181400.0 ], [ 722100.0, 6181400.0 ], [ 722100.0, 6181300.0 ], [ 722100.0, 6181200.0 ], [ 722100.0, 6181100.0 ], [ 722000.0, 6181100.0 ], [ 722000.0, 6181000.0 ], [ 722000.0, 6180900.0 ], [ 721900.0, 6180900.0 ], [ 721800.0, 6180900.0 ], [ 721700.0, 6180900.0 ], [ 721600.0, 6180900.0 ], [ 721600.0, 6181000.0 ] ] ] } },
{ "type": "Feature", "properties": { "Shape_Area": 50000.0, "Shape_Leng": 1000.0, "cluster_id": "101_702", "fid_1": 702.0, "id_munic": 702.0, "munic_clus": "101_702", "munic_code": 101.0, "min": 3.1182940006256104, "max": 3.1182940006256104, "mean": 3.1182939529418947, "count": 5, "std": 4.7683715642676816e-08, "range": 0.0 }, "geometry": { "type": "Polygon", "coordinates": [ [ [ 721600.0, 6180900.0 ], [ 721500.0, 6180900.0 ], [ 721400.0, 6180900.0 ], [ 721400.0, 6181000.0 ], [ 721400.0, 6181100.0 ], [ 721400.0, 6181200.0 ], [ 721500.0, 6181200.0 ], [ 721500.0, 6181100.0 ], [ 721600.0, 6181100.0 ], [ 721600.0, 6181000.0 ], [ 721600.0, 6180900.0 ] ] ] } },
{ "type": "Feature", "properties": { "Shape_Area": 310000.0, "Shape_Leng": 2400.0, "cluster_id": "101_703", "fid_1": 703.0, "id_munic": 703.0, "munic_clus": "101_703", "munic_code": 101.0, "min": 3.0124959945678711, "max": 3.0124959945678711, "mean": 3.0124959638041835, "count": 31, "std": 3.0763687597357148e-08, "range": 0.0 }, "geometry": { "type": "Polygon", "coordinates": [ [ [ 720900.0, 6180800.0 ], [ 720800.0, 6180800.0 ], [ 720800.0, 6180900.0 ], [ 720800.0, 6181000.0 ], [ 720800.0, 6181100.0 ], [ 720900.0, 6181100.0 ], [ 720900.0, 6181200.0 ], [ 720900.0, 6181300.0 ], [ 721000.0, 6181300.0 ], [ 721000.0, 6181400.0 ], [ 721100.0, 6181400.0 ], [ 721200.0, 6181400.0 ], [ 721300.0, 6181400.0 ], [ 721400.0, 6181400.0 ], [ 721400.0, 6181300.0 ], [ 721400.0, 6181200.0 ], [ 721400.0, 6181100.0 ], [ 721400.0, 6181000.0 ], [ 721400.0, 6180900.0 ], [ 721300.0, 6180900.0 ], [ 721300.0, 6180800.0 ], [ 721200.0, 6180800.0 ], [ 721100.0, 6180800.0 ], [ 721000.0, 6180800.0 ], [ 720900.0, 6180800.0 ] ] ] } },
{ "type": "Feature", "properties": { "Shape_Area": 30000.0, "Shape_Leng": 800.0, "cluster_id": "101_704", "fid_1": 704.0, "id_munic": 704.0, "munic_clus": "101_704", "munic_code": 101.0, "min": 2.97450852394104, "max": 2.97450852394104, "mean": 2.9745086034138999, "count": 3, "std": 7.947285984855057e-08, "range": 0.0 }, "geometry": { "type": "Polygon", "coordinates": [ [ [ 724800.0, 6178600.0 ], [ 724800.0, 6178700.0 ], [ 724900.0, 6178700.0 ], [ 725000.0, 6178700.0 ], [ 725000.0, 6178600.0 ], [ 724900.0, 6178600.0 ], [ 724900.0, 6178500.0 ], [ 724800.0, 6178500.0 ], [ 724800.0, 6178600.0 ] ] ] } },
{ "type": "Feature", "properties": { "Shape_Area": 10000.0, "Shape_Leng": 400.0, "cluster_id": "101_705", "fid_1": 705.0, "id_munic": 705.0, "munic_clus": "101_705", "munic_code": 101.0, "min": 3.3247253894805908, "max": 3.3247253894805908, "mean": 3.3247253894805908, "count": 1, "std": 0.0, "range": 0.0 }, "geometry": { "type": "Polygon", "coordinates": [ [ [ 725300.0, 6178500.0 ], [ 725300.0, 6178600.0 ], [ 725400.0, 6178600.0 ], [ 725400.0, 6178500.0 ], [ 725300.0, 6178500.0 ] ] ] } },
{ "type": "Feature", "properties": { "Shape_Area": 10000.0, "Shape_Leng": 400.0, "cluster_id": "101_706", "fid_1": 706.0, "id_munic": 706.0, "munic_clus": "101_706", "munic_code": 101.0, "min": 3.6967678070068359, "max": 3.6967678070068359, "mean": 3.6967678070068359, "count": 1, "std": 0.0, "range": 0.0 }, "geometry": { "type": "Polygon", "coordinates": [ [ [ 723500.0, 6177000.0 ], [ 723500.0, 6177100.0 ], [ 723600.0, 6177100.0 ], [ 723600.0, 6177000.0 ], [ 723500.0, 6177000.0 ] ] ] } },
{ "type": "Feature", "properties": { "Shape_Area": 20000.0, "Shape_Leng": 600.0, "cluster_id": "101_707", "fid_1": 707.0, "id_munic": 707.0, "munic_clus": "101_707", "munic_code": 101.0, "min": 3.0643124580383301, "max": 3.0643124580383301, "mean": 3.0643124580383301, "count": 2, "std": 0.0, "range": 0.0 }, "geometry": { "type": "Polygon", "coordinates": [ [ [ 723400.0, 6177000.0 ], [ 723500.0, 6177000.0 ], [ 723600.0, 6177000.0 ], [ 723600.0, 6176900.0 ], [ 723500.0, 6176900.0 ], [ 723400.0, 6176900.0 ], [ 723400.0, 6177000.0 ] ] ] } },
{ "type": "Feature", "properties": { "Shape_Area": 10000.0, "Shape_Leng": 400.0, "cluster_id": "101_708", "fid_1": 708.0, "id_munic": 708.0, "munic_clus": "101_708", "munic_code": 101.0, "min": 3.716428279876709, "max": 3.716428279876709, "mean": 3.716428279876709, "count": 1, "std": 0.0, "range": 0.0 }, "geometry": { "type": "Polygon", "coordinates": [ [ [ 723500.0, 6176800.0 ], [ 723500.0, 6176900.0 ], [ 723600.0, 6176900.0 ], [ 723600.0, 6176800.0 ], [ 723500.0, 6176800.0 ] ] ] } },
{ "type": "Feature", "properties": { "Shape_Area": 10000.0, "Shape_Leng": 400.0, "cluster_id": "101_709", "fid_1": 709.0, "id_munic": 709.0, "munic_clus": "101_709", "munic_code": 101.0, "min": 2.5921363830566406, "max": 2.5921363830566406, "mean": 2.5921363830566406, "count": 1, "std": 0.0, "range": 0.0 }, "geometry": { "type": "Polygon", "coordinates": [ [ [ 725000.0, 6178400.0 ], [ 725000.0, 6178500.0 ], [ 725100.0, 6178500.0 ], [ 725100.0, 6178400.0 ], [ 725000.0, 6178400.0 ] ] ] } },
{ "type": "Feature", "properties": { "Shape_Area": 20000.0, "Shape_Leng": 600.0, "cluster_id": "101_710", "fid_1": 710.0, "id_munic": 710.0, "munic_clus": "101_710", "munic_code": 101.0, "min": 3.5438189506530762, "max": 3.5438189506530762, "mean": 3.5438189506530762, "count": 2, "std": 0.0, "range": 0.0 }, "geometry": { "type": "Polygon", "coordinates": [ [ [ 724800.0, 6179200.0 ], [ 724900.0, 6179200.0 ], [ 725000.0, 6179200.0 ], [ 725000.0, 6179100.0 ], [ 724900.0, 6179100.0 ], [ 724800.0, 6179100.0 ], [ 724800.0, 6179200.0 ] ] ] } },
{ "type": "Feature", "properties": { "Shape_Area": 10000.0, "Shape_Leng": 400.0, "cluster_id": "101_711", "fid_1": 711.0, "id_munic": 711.0, "munic_clus": "101_711", "munic_code": 101.0, "min": 3.336388111114502, "max": 3.336388111114502, "mean": 3.336388111114502, "count": 1, "std": 0.0, "range": 0.0 }, "geometry": { "type": "Polygon", "coordinates": [ [ [ 724800.0, 6178400.0 ], [ 724800.0, 6178500.0 ], [ 724900.0, 6178500.0 ], [ 724900.0, 6178400.0 ], [ 724800.0, 6178400.0 ] ] ] } },
{ "type": "Feature", "properties": { "Shape_Area": 10000.0, "Shape_Leng": 400.0, "cluster_id": "101_712", "fid_1": 712.0, "id_munic": 712.0, "munic_clus": "101_712", "munic_code": 101.0, "min": 2.7355887889862061, "max": 2.7355887889862061, "mean": 2.7355887889862061, "count": 1, "std": 0.0, "range": 0.0 }, "geometry": { "type": "Polygon", "coordinates": [ [ [ 724900.0, 6178500.0 ], [ 724900.0, 6178600.0 ], [ 725000.0, 6178600.0 ], [ 725000.0, 6178500.0 ], [ 724900.0, 6178500.0 ] ] ] } },
{ "type": "Feature", "properties": { "Shape_Area": 20000.0, "Shape_Leng": 600.0, "cluster_id": "101_713", "fid_1": 713.0, "id_munic": 713.0, "munic_clus": "101_713", "munic_code": 101.0, "min": 2.5909698009490967, "max": 2.5909698009490967, "mean": 2.5909698009490967, "count": 2, "std": 0.0, "range": 0.0 }, "geometry": { "type": "Polygon", "coordinates": [ [ [ 725200.0, 6178900.0 ], [ 725300.0, 6178900.0 ], [ 725400.0, 6178900.0 ], [ 725400.0, 6178800.0 ], [ 725300.0, 6178800.0 ], [ 725200.0, 6178800.0 ], [ 725200.0, 6178900.0 ] ] ] } },
{ "type": "Feature", "properties": { "Shape_Area": 10000.0, "Shape_Leng": 400.0, "cluster_id": "101_714", "fid_1": 714.0, "id_munic": 714.0, "munic_clus": "101_714", "munic_code": 101.0, "min": 2.7585806846618652, "max": 2.7585806846618652, "mean": 2.7585806846618652, "count": 1, "std": 0.0, "range": 0.0 }, "geometry": { "type": "Polygon", "coordinates": [ [ [ 725300.0, 6178600.0 ], [ 725300.0, 6178700.0 ], [ 725400.0, 6178700.0 ], [ 725400.0, 6178600.0 ], [ 725300.0, 6178600.0 ] ] ] } },
{ "type": "Feature", "properties": { "Shape_Area": 30000.0, "Shape_Leng": 800.0, "cluster_id": "101_715", "fid_1": 715.0, "id_munic": 715.0, "munic_clus": "101_715", "munic_code": 101.0, "min": 2.932023286819458, "max": 2.932023286819458, "mean": 2.9320233662923179, "count": 3, "std": 7.947285984855057e-08, "range": 0.0 }, "geometry": { "type": "Polygon", "coordinates": [ [ [ 725400.0, 6178700.0 ], [ 725300.0, 6178700.0 ], [ 725300.0, 6178800.0 ], [ 725400.0, 6178800.0 ], [ 725500.0, 6178800.0 ], [ 725500.0, 6178700.0 ], [ 725500.0, 6178600.0 ], [ 725400.0, 6178600.0 ], [ 725400.0, 6178700.0 ] ] ] } },
{ "type": "Feature", "properties": { "Shape_Area": 40000.0, "Shape_Leng": 800.0, "cluster_id": "101_716", "fid_1": 716.0, "id_munic": 716.0, "munic_clus": "101_716", "munic_code": 101.0, "min": 2.937354564666748, "max": 2.937354564666748, "mean": 2.937354564666748, "count": 4, "std": 0.0, "range": 0.0 }, "geometry": { "type": "Polygon", "coordinates": [ [ [ 725300.0, 6178600.0 ], [ 725200.0, 6178600.0 ], [ 725100.0, 6178600.0 ], [ 725100.0, 6178700.0 ], [ 725100.0, 6178800.0 ], [ 725200.0, 6178800.0 ], [ 725300.0, 6178800.0 ], [ 725300.0, 6178700.0 ], [ 725300.0, 6178600.0 ] ] ] } },
{ "type": "Feature", "properties": { "Shape_Area": 20000.0, "Shape_Leng": 600.0, "cluster_id": "101_717", "fid_1": 717.0, "id_munic": 717.0, "munic_clus": "101_717", "munic_code": 101.0, "min": 2.8792071342468262, "max": 2.8792071342468262, "mean": 2.8792071342468262, "count": 2, "std": 0.0, "range": 0.0 }, "geometry": { "type": "Polygon", "coordinates": [ [ [ 725300.0, 6178400.0 ], [ 725400.0, 6178400.0 ], [ 725500.0, 6178400.0 ], [ 725500.0, 6178300.0 ], [ 725400.0, 6178300.0 ], [ 725300.0, 6178300.0 ], [ 725300.0, 6178400.0 ] ] ] } },
{ "type": "Feature", "properties": { "Shape_Area": 20000.0, "Shape_Leng": 600.0, "cluster_id": "101_718", "fid_1": 718.0, "id_munic": 718.0, "munic_clus": "101_718", "munic_code": 101.0, "min": 3.0871376991271973, "max": 3.0871376991271973, "mean": 3.0871376991271973, "count": 2, "std": 0.0, "range": 0.0 }, "geometry": { "type": "Polygon", "coordinates": [ [ [ 725400.0, 6178600.0 ], [ 725500.0, 6178600.0 ], [ 725600.0, 6178600.0 ], [ 725600.0, 6178500.0 ], [ 725500.0, 6178500.0 ], [ 725400.0, 6178500.0 ], [ 725400.0, 6178600.0 ] ] ] } },
{ "type": "Feature", "properties": { "Shape_Area": 10000.0, "Shape_Leng": 400.0, "cluster_id": "101_719", "fid_1": 719.0, "id_munic": 719.0, "munic_clus": "101_719", "munic_code": 101.0, "min": 1.7774075269699097, "max": 1.7774075269699097, "mean": 1.7774075269699097, "count": 1, "std": 0.0, "range": 0.0 }, "geometry": { "type": "Polygon", "coordinates": [ [ [ 724800.0, 6178800.0 ], [ 724800.0, 6178900.0 ], [ 724900.0, 6178900.0 ], [ 724900.0, 6178800.0 ], [ 724800.0, 6178800.0 ] ] ] } },
{ "type": "Feature", "properties": { "Shape_Area": 10000.0, "Shape_Leng": 400.0, "cluster_id": "101_720", "fid_1": 720.0, "id_munic": 720.0, "munic_clus": "101_720", "munic_code": 101.0, "min": 2.99300217628479, "max": 2.99300217628479, "mean": 2.99300217628479, "count": 1, "std": 0.0, "range": 0.0 }, "geometry": { "type": "Polygon", "coordinates": [ [ [ 720100.0, 6177800.0 ], [ 720100.0, 6177900.0 ], [ 720200.0, 6177900.0 ], [ 720200.0, 6177800.0 ], [ 720100.0, 6177800.0 ] ] ] } },
{ "type": "Feature", "properties": { "Shape_Area": 10000.0, "Shape_Leng": 400.0, "cluster_id": "101_721", "fid_1": 721.0, "id_munic": 721.0, "munic_clus": "101_721", "munic_code": 101.0, "min": 2.6171281337738037, "max": 2.6171281337738037, "mean": 2.6171281337738037, "count": 1, "std": 0.0, "range": 0.0 }, "geometry": { "type": "Polygon", "coordinates": [ [ [ 725000.0, 6178600.0 ], [ 725000.0, 6178700.0 ], [ 725100.0, 6178700.0 ], [ 725100.0, 6178600.0 ], [ 725000.0, 6178600.0 ] ] ] } },
{ "type": "Feature", "properties": { "Shape_Area": 10000.0, "Shape_Leng": 400.0, "cluster_id": "101_722", "fid_1": 722.0, "id_munic": 722.0, "munic_clus": "101_722", "munic_code": 101.0, "min": 2.4673442840576172, "max": 2.4673442840576172, "mean": 2.4673442840576172, "count": 1, "std": 0.0, "range": 0.0 }, "geometry": { "type": "Polygon", "coordinates": [ [ [ 725200.0, 6178300.0 ], [ 725200.0, 6178400.0 ], [ 725300.0, 6178400.0 ], [ 725300.0, 6178300.0 ], [ 725200.0, 6178300.0 ] ] ] } },
{ "type": "Feature", "properties": { "Shape_Area": 20000.0, "Shape_Leng": 600.0, "cluster_id": "101_723", "fid_1": 723.0, "id_munic": 723.0, "munic_clus": "101_723", "munic_code": 101.0, "min": 2.6881041526794434, "max": 2.6881041526794434, "mean": 2.6881041526794434, "count": 2, "std": 0.0, "range": 0.0 }, "geometry": { "type": "Polygon", "coordinates": [ [ [ 725300.0, 6178500.0 ], [ 725400.0, 6178500.0 ], [ 725500.0, 6178500.0 ], [ 725500.0, 6178400.0 ], [ 725400.0, 6178400.0 ], [ 725300.0, 6178400.0 ], [ 725300.0, 6178500.0 ] ] ] } },
{ "type": "Feature", "properties": { "Shape_Area": 10000.0, "Shape_Leng": 400.0, "cluster_id": "101_724", "fid_1": 724.0, "id_munic": 724.0, "munic_clus": "101_724", "munic_code": 101.0, "min": 2.6466176509857178, "max": 2.6466176509857178, "mean": 2.6466176509857178, "count": 1, "std": 0.0, "range": 0.0 }, "geometry": { "type": "Polygon", "coordinates": [ [ [ 724900.0, 6178200.0 ], [ 724900.0, 6178300.0 ], [ 725000.0, 6178300.0 ], [ 725000.0, 6178200.0 ], [ 724900.0, 6178200.0 ] ] ] } },
{ "type": "Feature", "properties": { "Shape_Area": 20000.0, "Shape_Leng": 600.0, "cluster_id": "101_725", "fid_1": 725.0, "id_munic": 725.0, "munic_clus": "101_725", "munic_code": 101.0, "min": 2.7787406444549561, "max": 2.7787406444549561, "mean": 2.7787406444549561, "count": 2, "std": 0.0, "range": 0.0 }, "geometry": { "type": "Polygon", "coordinates": [ [ [ 724900.0, 6178200.0 ], [ 725000.0, 6178200.0 ], [ 725100.0, 6178200.0 ], [ 725100.0, 6178100.0 ], [ 725000.0, 6178100.0 ], [ 724900.0, 6178100.0 ], [ 724900.0, 6178200.0 ] ] ] } },
{ "type": "Feature", "properties": { "Shape_Area": 20000.0, "Shape_Leng": 600.0, "cluster_id": "101_726", "fid_1": 726.0, "id_munic": 726.0, "munic_clus": "101_726", "munic_code": 101.0, "min": 3.0433187484741211, "max": 3.0433187484741211, "mean": 3.0433187484741211, "count": 2, "std": 0.0, "range": 0.0 }, "geometry": { "type": "Polygon", "coordinates": [ [ [ 725100.0, 6178300.0 ], [ 725200.0, 6178300.0 ], [ 725300.0, 6178300.0 ], [ 725300.0, 6178200.0 ], [ 725200.0, 6178200.0 ], [ 725100.0, 6178200.0 ], [ 725100.0, 6178300.0 ] ] ] } },
{ "type": "Feature", "properties": { "Shape_Area": 30000.0, "Shape_Leng": 800.0, "cluster_id": "101_727", "fid_1": 727.0, "id_munic": 727.0, "munic_clus": "101_727", "munic_code": 101.0, "min": 3.038654088973999, "max": 3.038654088973999, "mean": 3.0386540095011392, "count": 3, "std": 7.947285984855057e-08, "range": 0.0 }, "geometry": { "type": "Polygon", "coordinates": [ [ [ 725000.0, 6178300.0 ], [ 725000.0, 6178400.0 ], [ 725100.0, 6178400.0 ], [ 725200.0, 6178400.0 ], [ 725200.0, 6178300.0 ], [ 725100.0, 6178300.0 ], [ 725100.0, 6178200.0 ], [ 725000.0, 6178200.0 ], [ 725000.0, 6178300.0 ] ] ] } },
{ "type": "Feature", "properties": { "Shape_Area": 20000.0, "Shape_Leng": 600.0, "cluster_id": "101_728", "fid_1": 728.0, "id_munic": 728.0, "munic_clus": "101_728", "munic_code": 101.0, "min": 2.7330892086029053, "max": 2.7330892086029053, "mean": 2.7330892086029053, "count": 2, "std": 0.0, "range": 0.0 }, "geometry": { "type": "Polygon", "coordinates": [ [ [ 724800.0, 6178800.0 ], [ 724900.0, 6178800.0 ], [ 725000.0, 6178800.0 ], [ 725000.0, 6178700.0 ], [ 724900.0, 6178700.0 ], [ 724800.0, 6178700.0 ], [ 724800.0, 6178800.0 ] ] ] } },
{ "type": "Feature", "properties": { "Shape_Area": 40000.0, "Shape_Leng": 800.0, "cluster_id": "101_729", "fid_1": 729.0, "id_munic": 729.0, "munic_clus": "101_729", "munic_code": 101.0, "min": 2.5846383571624756, "max": 2.5846383571624756, "mean": 2.5846383571624756, "count": 4, "std": 0.0, "range": 0.0 }, "geometry": { "type": "Polygon", "coordinates": [ [ [ 725300.0, 6178400.0 ], [ 725200.0, 6178400.0 ], [ 725100.0, 6178400.0 ], [ 725100.0, 6178500.0 ], [ 725100.0, 6178600.0 ], [ 725200.0, 6178600.0 ], [ 725300.0, 6178600.0 ], [ 725300.0, 6178500.0 ], [ 725300.0, 6178400.0 ] ] ] } },
{ "type": "Feature", "properties": { "Shape_Area": 20000.0, "Shape_Leng": 600.0, "cluster_id": "101_730", "fid_1": 730.0, "id_munic": 730.0, "munic_clus": "101_730", "munic_code": 101.0, "min": 3.7285912036895752, "max": 3.7285912036895752, "mean": 3.7285912036895752, "count": 2, "std": 0.0, "range": 0.0 }, "geometry": { "type": "Polygon", "coordinates": [ [ [ 724800.0, 6179100.0 ], [ 724900.0, 6179100.0 ], [ 725000.0, 6179100.0 ], [ 725000.0, 6179000.0 ], [ 724900.0, 6179000.0 ], [ 724800.0, 6179000.0 ], [ 724800.0, 6179100.0 ] ] ] } },
{ "type": "Feature", "properties": { "Shape_Area": 20000.0, "Shape_Leng": 600.0, "cluster_id": "101_731", "fid_1": 731.0, "id_munic": 731.0, "munic_clus": "101_731", "munic_code": 101.0, "min": 3.6162946224212646, "max": 3.6162946224212646, "mean": 3.6162946224212646, "count": 2, "std": 0.0, "range": 0.0 }, "geometry": { "type": "Polygon", "coordinates": [ [ [ 724800.0, 6179000.0 ], [ 724900.0, 6179000.0 ], [ 725000.0, 6179000.0 ], [ 725000.0, 6178900.0 ], [ 724900.0, 6178900.0 ], [ 724800.0, 6178900.0 ], [ 724800.0, 6179000.0 ] ] ] } },
{ "type": "Feature", "properties": { "Shape_Area": 10000.0, "Shape_Leng": 400.0, "cluster_id": "101_732", "fid_1": 732.0, "id_munic": 732.0, "munic_clus": "101_732", "munic_code": 101.0, "min": 3.0453183650970459, "max": 3.0453183650970459, "mean": 3.0453183650970459, "count": 1, "std": 0.0, "range": 0.0 }, "geometry": { "type": "Polygon", "coordinates": [ [ [ 724900.0, 6178800.0 ], [ 724900.0, 6178900.0 ], [ 725000.0, 6178900.0 ], [ 725000.0, 6178800.0 ], [ 724900.0, 6178800.0 ] ] ] } },
{ "type": "Feature", "properties": { "Shape_Area": 10000.0, "Shape_Leng": 400.0, "cluster_id": "101_733", "fid_1": 733.0, "id_munic": 733.0, "munic_clus": "101_733", "munic_code": 101.0, "min": 3.1882708072662354, "max": 3.1882708072662354, "mean": 3.1882708072662354, "count": 1, "std": 0.0, "range": 0.0 }, "geometry": { "type": "Polygon", "coordinates": [ [ [ 725500.0, 6178400.0 ], [ 725500.0, 6178500.0 ], [ 725600.0, 6178500.0 ], [ 725600.0, 6178400.0 ], [ 725500.0, 6178400.0 ] ] ] } },
{ "type": "Feature", "properties": { "Shape_Area": 10000.0, "Shape_Leng": 400.0, "cluster_id": "101_734", "fid_1": 734.0, "id_munic": 734.0, "munic_clus": "101_734", "munic_code": 101.0, "min": 3.3797070980072021, "max": 3.3797070980072021, "mean": 3.3797070980072021, "count": 1, "std": 0.0, "range": 0.0 }, "geometry": { "type": "Polygon", "coordinates": [ [ [ 724900.0, 6178300.0 ], [ 724900.0, 6178400.0 ], [ 725000.0, 6178400.0 ], [ 725000.0, 6178300.0 ], [ 724900.0, 6178300.0 ] ] ] } },
{ "type": "Feature", "properties": { "Shape_Area": 10000.0, "Shape_Leng": 400.0, "cluster_id": "101_735", "fid_1": 735.0, "id_munic": 735.0, "munic_clus": "101_735", "munic_code": 101.0, "min": 2.6317899227142334, "max": 2.6317899227142334, "mean": 2.6317899227142334, "count": 1, "std": 0.0, "range": 0.0 }, "geometry": { "type": "Polygon", "coordinates": [ [ [ 724900.0, 6178400.0 ], [ 724900.0, 6178500.0 ], [ 725000.0, 6178500.0 ], [ 725000.0, 6178400.0 ], [ 724900.0, 6178400.0 ] ] ] } },
{ "type": "Feature", "properties": { "Shape_Area": 10000.0, "Shape_Leng": 400.0, "cluster_id": "101_736", "fid_1": 736.0, "id_munic": 736.0, "munic_clus": "101_736", "munic_code": 101.0, "min": 2.9738421440124512, "max": 2.9738421440124512, "mean": 2.9738421440124512, "count": 1, "std": 0.0, "range": 0.0 }, "geometry": { "type": "Polygon", "coordinates": [ [ [ 725000.0, 6178500.0 ], [ 725000.0, 6178600.0 ], [ 725100.0, 6178600.0 ], [ 725100.0, 6178500.0 ], [ 725000.0, 6178500.0 ] ] ] } },
{ "type": "Feature", "properties": { "Shape_Area": 20000.0, "Shape_Leng": 600.0, "cluster_id": "101_737", "fid_1": 737.0, "id_munic": 737.0, "munic_clus": "101_737", "munic_code": 101.0, "min": 3.7710764408111572, "max": 3.7710764408111572, "mean": 3.7710764408111572, "count": 2, "std": 0.0, "range": 0.0 }, "geometry": { "type": "Polygon", "coordinates": [ [ [ 722400.0, 6173000.0 ], [ 722400.0, 6173100.0 ], [ 722500.0, 6173100.0 ], [ 722500.0, 6173000.0 ], [ 722500.0, 6172900.0 ], [ 722400.0, 6172900.0 ], [ 722400.0, 6173000.0 ] ] ] } },
{ "type": "Feature", "properties": { "Shape_Area": 10000.0, "Shape_Leng": 400.0, "cluster_id": "101_738", "fid_1": 738.0, "id_munic": 738.0, "munic_clus": "101_738", "munic_code": 101.0, "min": 3.9235260486602783, "max": 3.9235260486602783, "mean": 3.9235260486602783, "count": 1, "std": 0.0, "range": 0.0 }, "geometry": { "type": "Polygon", "coordinates": [ [ [ 722400.0, 6172800.0 ], [ 722400.0, 6172900.0 ], [ 722500.0, 6172900.0 ], [ 722500.0, 6172800.0 ], [ 722400.0, 6172800.0 ] ] ] } },
{ "type": "Feature", "properties": { "Shape_Area": 10000.0, "Shape_Leng": 400.0, "cluster_id": "101_739", "fid_1": 739.0, "id_munic": 739.0, "munic_clus": "101_739", "munic_code": 101.0, "min": 3.7857387065887451, "max": 3.7857387065887451, "mean": 3.7857387065887451, "count": 1, "std": 0.0, "range": 0.0 }, "geometry": { "type": "Polygon", "coordinates": [ [ [ 722300.0, 6172700.0 ], [ 722300.0, 6172800.0 ], [ 722400.0, 6172800.0 ], [ 722400.0, 6172700.0 ], [ 722300.0, 6172700.0 ] ] ] } },
{ "type": "Feature", "properties": { "Shape_Area": 80000.0, "Shape_Leng": 1400.0, "cluster_id": "101_740", "fid_1": 740.0, "id_munic": 740.0, "munic_clus": "101_740", "munic_code": 101.0, "min": 2.7437524795532227, "max": 2.7437524795532227, "mean": 2.7437524795532227, "count": 8, "std": 0.0, "range": 0.0 }, "geometry": { "type": "Polygon", "coordinates": [ [ [ 722100.0, 6172900.0 ], [ 722200.0, 6172900.0 ], [ 722200.0, 6173000.0 ], [ 722300.0, 6173000.0 ], [ 722400.0, 6173000.0 ], [ 722400.0, 6172900.0 ], [ 722400.0, 6172800.0 ], [ 722300.0, 6172800.0 ], [ 722300.0, 6172700.0 ], [ 722200.0, 6172700.0 ], [ 722100.0, 6172700.0 ], [ 722000.0, 6172700.0 ], [ 722000.0, 6172800.0 ], [ 722100.0, 6172800.0 ], [ 722100.0, 6172900.0 ] ] ] } },
{ "type": "Feature", "properties": { "Shape_Area": 20000.0, "Shape_Leng": 600.0, "cluster_id": "101_741", "fid_1": 741.0, "id_munic": 741.0, "munic_clus": "101_741", "munic_code": 101.0, "min": 3.204099178314209, "max": 3.204099178314209, "mean": 3.204099178314209, "count": 2, "std": 0.0, "range": 0.0 }, "geometry": { "type": "Polygon", "coordinates": [ [ [ 724500.0, 6180000.0 ], [ 724600.0, 6180000.0 ], [ 724700.0, 6180000.0 ], [ 724700.0, 6179900.0 ], [ 724600.0, 6179900.0 ], [ 724500.0, 6179900.0 ], [ 724500.0, 6180000.0 ] ] ] } },
{ "type": "Feature", "properties": { "Shape_Area": 20000.0, "Shape_Leng": 600.0, "cluster_id": "101_742", "fid_1": 742.0, "id_munic": 742.0, "munic_clus": "101_742", "munic_code": 101.0, "min": 3.1377873420715332, "max": 3.1377873420715332, "mean": 3.1377873420715332, "count": 2, "std": 0.0, "range": 0.0 }, "geometry": { "type": "Polygon", "coordinates": [ [ [ 724300.0, 6179900.0 ], [ 724400.0, 6179900.0 ], [ 724500.0, 6179900.0 ], [ 724500.0, 6179800.0 ], [ 724400.0, 6179800.0 ], [ 724300.0, 6179800.0 ], [ 724300.0, 6179900.0 ] ] ] } },
{ "type": "Feature", "properties": { "Shape_Area": 40000.0, "Shape_Leng": 800.0, "cluster_id": "101_743", "fid_1": 743.0, "id_munic": 743.0, "munic_clus": "101_743", "munic_code": 101.0, "min": 2.5658113956451416, "max": 2.5658113956451416, "mean": 2.5658113956451416, "count": 4, "std": 0.0, "range": 0.0 }, "geometry": { "type": "Polygon", "coordinates": [ [ [ 720100.0, 6178400.0 ], [ 720000.0, 6178400.0 ], [ 719900.0, 6178400.0 ], [ 719900.0, 6178500.0 ], [ 719900.0, 6178600.0 ], [ 720000.0, 6178600.0 ], [ 720100.0, 6178600.0 ], [ 720100.0, 6178500.0 ], [ 720100.0, 6178400.0 ] ] ] } },
{ "type": "Feature", "properties": { "Shape_Area": 10000.0, "Shape_Leng": 400.0, "cluster_id": "101_744", "fid_1": 744.0, "id_munic": 744.0, "munic_clus": "101_744", "munic_code": 101.0, "min": 2.6191272735595703, "max": 2.6191272735595703, "mean": 2.6191272735595703, "count": 1, "std": 0.0, "range": 0.0 }, "geometry": { "type": "Polygon", "coordinates": [ [ [ 724300.0, 6179900.0 ], [ 724300.0, 6180000.0 ], [ 724400.0, 6180000.0 ], [ 724400.0, 6179900.0 ], [ 724300.0, 6179900.0 ] ] ] } },
{ "type": "Feature", "properties": { "Shape_Area": 10000.0, "Shape_Leng": 400.0, "cluster_id": "101_745", "fid_1": 745.0, "id_munic": 745.0, "munic_clus": "101_745", "munic_code": 101.0, "min": 2.8152284622192383, "max": 2.8152284622192383, "mean": 2.8152284622192383, "count": 1, "std": 0.0, "range": 0.0 }, "geometry": { "type": "Polygon", "coordinates": [ [ [ 724600.0, 6180000.0 ], [ 724600.0, 6180100.0 ], [ 724700.0, 6180100.0 ], [ 724700.0, 6180000.0 ], [ 724600.0, 6180000.0 ] ] ] } },
{ "type": "Feature", "properties": { "Shape_Area": 20000.0, "Shape_Leng": 600.0, "cluster_id": "101_746", "fid_1": 746.0, "id_munic": 746.0, "munic_clus": "101_746", "munic_code": 101.0, "min": 3.5013332366943359, "max": 3.5013332366943359, "mean": 3.5013332366943359, "count": 2, "std": 0.0, "range": 0.0 }, "geometry": { "type": "Polygon", "coordinates": [ [ [ 724200.0, 6179800.0 ], [ 724200.0, 6179900.0 ], [ 724300.0, 6179900.0 ], [ 724300.0, 6179800.0 ], [ 724300.0, 6179700.0 ], [ 724200.0, 6179700.0 ], [ 724200.0, 6179800.0 ] ] ] } },
{ "type": "Feature", "properties": { "Shape_Area": 10000.0, "Shape_Leng": 400.0, "cluster_id": "101_747", "fid_1": 747.0, "id_munic": 747.0, "munic_clus": "101_747", "munic_code": 101.0, "min": 2.5946352481842041, "max": 2.5946352481842041, "mean": 2.5946352481842041, "count": 1, "std": 0.0, "range": 0.0 }, "geometry": { "type": "Polygon", "coordinates": [ [ [ 724500.0, 6180000.0 ], [ 724500.0, 6180100.0 ], [ 724600.0, 6180100.0 ], [ 724600.0, 6180000.0 ], [ 724500.0, 6180000.0 ] ] ] } },
{ "type": "Feature", "properties": { "Shape_Area": 20000.0, "Shape_Leng": 600.0, "cluster_id": "101_748", "fid_1": 748.0, "id_munic": 748.0, "munic_clus": "101_748", "munic_code": 101.0, "min": 2.6776077747344971, "max": 2.6776077747344971, "mean": 2.6776077747344971, "count": 2, "std": 0.0, "range": 0.0 }, "geometry": { "type": "Polygon", "coordinates": [ [ [ 724400.0, 6180000.0 ], [ 724400.0, 6180100.0 ], [ 724500.0, 6180100.0 ], [ 724500.0, 6180000.0 ], [ 724500.0, 6179900.0 ], [ 724400.0, 6179900.0 ], [ 724400.0, 6180000.0 ] ] ] } },
{ "type": "Feature", "properties": { "Shape_Area": 20000.0, "Shape_Leng": 600.0, "cluster_id": "101_749", "fid_1": 749.0, "id_munic": 749.0, "munic_clus": "101_749", "munic_code": 101.0, "min": 3.2402534484863281, "max": 3.2402534484863281, "mean": 3.2402534484863281, "count": 2, "std": 0.0, "range": 0.0 }, "geometry": { "type": "Polygon", "coordinates": [ [ [ 719100.0, 6173400.0 ], [ 719200.0, 6173400.0 ], [ 719300.0, 6173400.0 ], [ 719300.0, 6173300.0 ], [ 719200.0, 6173300.0 ], [ 719100.0, 6173300.0 ], [ 719100.0, 6173400.0 ] ] ] } },
{ "type": "Feature", "properties": { "Shape_Area": 40000.0, "Shape_Leng": 800.0, "cluster_id": "101_750", "fid_1": 750.0, "id_munic": 750.0, "munic_clus": "101_750", "munic_code": 101.0, "min": 3.1686108112335205, "max": 3.1686108112335205, "mean": 3.1686108112335205, "count": 4, "std": 0.0, "range": 0.0 }, "geometry": { "type": "Polygon", "coordinates": [ [ [ 720100.0, 6178600.0 ], [ 720000.0, 6178600.0 ], [ 719900.0, 6178600.0 ], [ 719900.0, 6178700.0 ], [ 719900.0, 6178800.0 ], [ 720000.0, 6178800.0 ], [ 720100.0, 6178800.0 ], [ 720100.0, 6178700.0 ], [ 720100.0, 6178600.0 ] ] ] } },
{ "type": "Feature", "properties": { "Shape_Area": 30000.0, "Shape_Leng": 800.0, "cluster_id": "101_751", "fid_1": 751.0, "id_munic": 751.0, "munic_clus": "101_751", "munic_code": 101.0, "min": 3.8638794422149658, "max": 3.8638794422149658, "mean": 3.8638795216878257, "count": 3, "std": 7.947285984855057e-08, "range": 0.0 }, "geometry": { "type": "Polygon", "coordinates": [ [ [ 719400.0, 6173500.0 ], [ 719500.0, 6173500.0 ], [ 719500.0, 6173600.0 ], [ 719600.0, 6173600.0 ], [ 719600.0, 6173500.0 ], [ 719600.0, 6173400.0 ], [ 719500.0, 6173400.0 ], [ 719400.0, 6173400.0 ], [ 719400.0, 6173500.0 ] ] ] } },
{ "type": "Feature", "properties": { "Shape_Area": 90000.0, "Shape_Leng": 1400.0, "cluster_id": "101_752", "fid_1": 752.0, "id_munic": 752.0, "munic_clus": "101_752", "munic_code": 101.0, "min": 4.4633464813232422, "max": 4.4633464813232422, "mean": 4.4633466932508679, "count": 9, "std": 2.1192762567068257e-07, "range": 0.0 }, "geometry": { "type": "Polygon", "coordinates": [ [ [ 720000.0, 6173500.0 ], [ 719900.0, 6173500.0 ], [ 719800.0, 6173500.0 ], [ 719700.0, 6173500.0 ], [ 719600.0, 6173500.0 ], [ 719600.0, 6173600.0 ], [ 719500.0, 6173600.0 ], [ 719500.0, 6173700.0 ], [ 719600.0, 6173700.0 ], [ 719700.0, 6173700.0 ], [ 719800.0, 6173700.0 ], [ 719900.0, 6173700.0 ], [ 720000.0, 6173700.0 ], [ 720000.0, 6173600.0 ], [ 720000.0, 6173500.0 ] ] ] } },
{ "type": "Feature", "properties": { "Shape_Area": 160000.0, "Shape_Leng": 2000.0, "cluster_id": "101_753", "fid_1": 753.0, "id_munic": 753.0, "munic_clus": "101_753", "munic_code": 101.0, "min": 3.4830055236816406, "max": 3.4830055236816406, "mean": 3.4830055236816406, "count": 16, "std": 0.0, "range": 0.0 }, "geometry": { "type": "Polygon", "coordinates": [ [ [ 724600.0, 6176800.0 ], [ 724500.0, 6176800.0 ], [ 724400.0, 6176800.0 ], [ 724400.0, 6176900.0 ], [ 724400.0, 6177000.0 ], [ 724500.0, 6177000.0 ], [ 724500.0, 6177100.0 ], [ 724500.0, 6177200.0 ], [ 724600.0, 6177200.0 ], [ 724600.0, 6177300.0 ], [ 724700.0, 6177300.0 ], [ 724700.0, 6177200.0 ], [ 724800.0, 6177200.0 ], [ 724900.0, 6177200.0 ], [ 724900.0, 6177100.0 ], [ 724900.0, 6177000.0 ], [ 724800.0, 6177000.0 ], [ 724800.0, 6176900.0 ], [ 724700.0, 6176900.0 ], [ 724700.0, 6176800.0 ], [ 724600.0, 6176800.0 ] ] ] } },
{ "type": "Feature", "properties": { "Shape_Area": 20000.0, "Shape_Leng": 600.0, "cluster_id": "101_754", "fid_1": 754.0, "id_munic": 754.0, "munic_clus": "101_754", "munic_code": 101.0, "min": 3.146284818649292, "max": 3.146284818649292, "mean": 3.146284818649292, "count": 2, "std": 0.0, "range": 0.0 }, "geometry": { "type": "Polygon", "coordinates": [ [ [ 725300.0, 6177000.0 ], [ 725300.0, 6177100.0 ], [ 725400.0, 6177100.0 ], [ 725400.0, 6177000.0 ], [ 725400.0, 6176900.0 ], [ 725300.0, 6176900.0 ], [ 725300.0, 6177000.0 ] ] ] } },
{ "type": "Feature", "properties": { "Shape_Area": 10000.0, "Shape_Leng": 400.0, "cluster_id": "101_755", "fid_1": 755.0, "id_munic": 755.0, "munic_clus": "101_755", "munic_code": 101.0, "min": 3.0289902687072754, "max": 3.0289902687072754, "mean": 3.0289902687072754, "count": 1, "std": 0.0, "range": 0.0 }, "geometry": { "type": "Polygon", "coordinates": [ [ [ 725300.0, 6176800.0 ], [ 725300.0, 6176900.0 ], [ 725400.0, 6176900.0 ], [ 725400.0, 6176800.0 ], [ 725300.0, 6176800.0 ] ] ] } },
{ "type": "Feature", "properties": { "Shape_Area": 10000.0, "Shape_Leng": 400.0, "cluster_id": "101_756", "fid_1": 756.0, "id_munic": 756.0, "munic_clus": "101_756", "munic_code": 101.0, "min": 3.1866052150726318, "max": 3.1866052150726318, "mean": 3.1866052150726318, "count": 1, "std": 0.0, "range": 0.0 }, "geometry": { "type": "Polygon", "coordinates": [ [ [ 725400.0, 6176900.0 ], [ 725400.0, 6177000.0 ], [ 725500.0, 6177000.0 ], [ 725500.0, 6176900.0 ], [ 725400.0, 6176900.0 ] ] ] } },
{ "type": "Feature", "properties": { "Shape_Area": 20000.0, "Shape_Leng": 600.0, "cluster_id": "101_757", "fid_1": 757.0, "id_munic": 757.0, "munic_clus": "101_757", "munic_code": 101.0, "min": 3.0459849834442139, "max": 3.0459849834442139, "mean": 3.0459849834442139, "count": 2, "std": 0.0, "range": 0.0 }, "geometry": { "type": "Polygon", "coordinates": [ [ [ 725200.0, 6177300.0 ], [ 725300.0, 6177300.0 ], [ 725400.0, 6177300.0 ], [ 725400.0, 6177200.0 ], [ 725300.0, 6177200.0 ], [ 725200.0, 6177200.0 ], [ 725200.0, 6177300.0 ] ] ] } },
{ "type": "Feature", "properties": { "Shape_Area": 20000.0, "Shape_Leng": 600.0, "cluster_id": "101_758", "fid_1": 758.0, "id_munic": 758.0, "munic_clus": "101_758", "munic_code": 101.0, "min": 2.8053982257843018, "max": 2.8053982257843018, "mean": 2.8053982257843018, "count": 2, "std": 0.0, "range": 0.0 }, "geometry": { "type": "Polygon", "coordinates": [ [ [ 725200.0, 6177100.0 ], [ 725200.0, 6177200.0 ], [ 725300.0, 6177200.0 ], [ 725300.0, 6177100.0 ], [ 725300.0, 6177000.0 ], [ 725200.0, 6177000.0 ], [ 725200.0, 6177100.0 ] ] ] } },
{ "type": "Feature", "properties": { "Shape_Area": 10000.0, "Shape_Leng": 400.0, "cluster_id": "101_759", "fid_1": 759.0, "id_munic": 759.0, "munic_clus": "101_759", "munic_code": 101.0, "min": 2.2667446136474609, "max": 2.2667446136474609, "mean": 2.2667446136474609, "count": 1, "std": 0.0, "range": 0.0 }, "geometry": { "type": "Polygon", "coordinates": [ [ [ 725600.0, 6177100.0 ], [ 725600.0, 6177200.0 ], [ 725700.0, 6177200.0 ], [ 725700.0, 6177100.0 ], [ 725600.0, 6177100.0 ] ] ] } },
{ "type": "Feature", "properties": { "Shape_Area": 10000.0, "Shape_Leng": 400.0, "cluster_id": "101_760", "fid_1": 760.0, "id_munic": 760.0, "munic_clus": "101_760", "munic_code": 101.0, "min": 2.722092866897583, "max": 2.722092866897583, "mean": 2.722092866897583, "count": 1, "std": 0.0, "range": 0.0 }, "geometry": { "type": "Polygon", "coordinates": [ [ [ 725500.0, 6177000.0 ], [ 725500.0, 6177100.0 ], [ 725600.0, 6177100.0 ], [ 725600.0, 6177000.0 ], [ 725500.0, 6177000.0 ] ] ] } },
{ "type": "Feature", "properties": { "Shape_Area": 90000.0, "Shape_Leng": 1600.0, "cluster_id": "101_761", "fid_1": 761.0, "id_munic": 761.0, "munic_clus": "101_761", "munic_code": 101.0, "min": 3.7325892448425293, "max": 3.7325892448425293, "mean": 3.7325888739691839, "count": 9, "std": 3.7087334536778371e-07, "range": 0.0 }, "geometry": { "type": "Polygon", "coordinates": [ [ [ 720100.0, 6178300.0 ], [ 720100.0, 6178400.0 ], [ 720200.0, 6178400.0 ], [ 720300.0, 6178400.0 ], [ 720300.0, 6178500.0 ], [ 720400.0, 6178500.0 ], [ 720400.0, 6178400.0 ], [ 720400.0, 6178300.0 ], [ 720300.0, 6178300.0 ], [ 720300.0, 6178200.0 ], [ 720300.0, 6178100.0 ], [ 720200.0, 6178100.0 ], [ 720100.0, 6178100.0 ], [ 720000.0, 6178100.0 ], [ 720000.0, 6178200.0 ], [ 720100.0, 6178200.0 ], [ 720100.0, 6178300.0 ] ] ] } },
{ "type": "Feature", "properties": { "Shape_Area": 10000.0, "Shape_Leng": 400.0, "cluster_id": "101_762", "fid_1": 762.0, "id_munic": 762.0, "munic_clus": "101_762", "munic_code": 101.0, "min": 3.3530495166778564, "max": 3.3530495166778564, "mean": 3.3530495166778564, "count": 1, "std": 0.0, "range": 0.0 }, "geometry": { "type": "Polygon", "coordinates": [ [ [ 725400.0, 6177000.0 ], [ 725400.0, 6177100.0 ], [ 725500.0, 6177100.0 ], [ 725500.0, 6177000.0 ], [ 725400.0, 6177000.0 ] ] ] } },
{ "type": "Feature", "properties": { "Shape_Area": 10000.0, "Shape_Leng": 400.0, "cluster_id": "101_763", "fid_1": 763.0, "id_munic": 763.0, "munic_clus": "101_763", "munic_code": 101.0, "min": 3.3787076473236084, "max": 3.3787076473236084, "mean": 3.3787076473236084, "count": 1, "std": 0.0, "range": 0.0 }, "geometry": { "type": "Polygon", "coordinates": [ [ [ 725200.0, 6176800.0 ], [ 725200.0, 6176900.0 ], [ 725300.0, 6176900.0 ], [ 725300.0, 6176800.0 ], [ 725200.0, 6176800.0 ] ] ] } },
{ "type": "Feature", "properties": { "Shape_Area": 10000.0, "Shape_Leng": 400.0, "cluster_id": "101_764", "fid_1": 764.0, "id_munic": 764.0, "munic_clus": "101_764", "munic_code": 101.0, "min": 3.1009664535522461, "max": 3.1009664535522461, "mean": 3.1009664535522461, "count": 1, "std": 0.0, "range": 0.0 }, "geometry": { "type": "Polygon", "coordinates": [ [ [ 725200.0, 6176700.0 ], [ 725200.0, 6176800.0 ], [ 725300.0, 6176800.0 ], [ 725300.0, 6176700.0 ], [ 725200.0, 6176700.0 ] ] ] } },
{ "type": "Feature", "properties": { "Shape_Area": 10000.0, "Shape_Leng": 400.0, "cluster_id": "101_765", "fid_1": 765.0, "id_munic": 765.0, "munic_clus": "101_765", "munic_code": 101.0, "min": 2.8397202491760254, "max": 2.8397202491760254, "mean": 2.8397202491760254, "count": 1, "std": 0.0, "range": 0.0 }, "geometry": { "type": "Polygon", "coordinates": [ [ [ 725300.0, 6176700.0 ], [ 725300.0, 6176800.0 ], [ 725400.0, 6176800.0 ], [ 725400.0, 6176700.0 ], [ 725300.0, 6176700.0 ] ] ] } },
{ "type": "Feature", "properties": { "Shape_Area": 40000.0, "Shape_Leng": 1000.0, "cluster_id": "101_766", "fid_1": 766.0, "id_munic": 766.0, "munic_clus": "101_766", "munic_code": 101.0, "min": 2.9871711730957031, "max": 2.9871711730957031, "mean": 2.9871711730957031, "count": 4, "std": 0.0, "range": 0.0 }, "geometry": { "type": "Polygon", "coordinates": [ [ [ 725400.0, 6176900.0 ], [ 725500.0, 6176900.0 ], [ 725500.0, 6177000.0 ], [ 725600.0, 6177000.0 ], [ 725600.0, 6176900.0 ], [ 725600.0, 6176800.0 ], [ 725500.0, 6176800.0 ], [ 725500.0, 6176700.0 ], [ 725400.0, 6176700.0 ], [ 725400.0, 6176800.0 ], [ 725400.0, 6176900.0 ] ] ] } },
{ "type": "Feature", "properties": { "Shape_Area": 50000.0, "Shape_Leng": 1000.0, "cluster_id": "101_767", "fid_1": 767.0, "id_munic": 767.0, "munic_clus": "101_767", "munic_code": 101.0, "min": 3.2869045734405518, "max": 3.2869045734405518, "mean": 3.2869045257568361, "count": 5, "std": 4.7683715642676816e-08, "range": 0.0 }, "geometry": { "type": "Polygon", "coordinates": [ [ [ 725200.0, 6177000.0 ], [ 725100.0, 6177000.0 ], [ 725000.0, 6177000.0 ], [ 725000.0, 6177100.0 ], [ 725000.0, 6177200.0 ], [ 725100.0, 6177200.0 ], [ 725100.0, 6177300.0 ], [ 725200.0, 6177300.0 ], [ 725200.0, 6177200.0 ], [ 725200.0, 6177100.0 ], [ 725200.0, 6177000.0 ] ] ] } },
{ "type": "Feature", "properties": { "Shape_Area": 40000.0, "Shape_Leng": 800.0, "cluster_id": "101_768", "fid_1": 768.0, "id_munic": 768.0, "munic_clus": "101_768", "munic_code": 101.0, "min": 3.3232259750366211, "max": 3.3232259750366211, "mean": 3.3232259750366211, "count": 4, "std": 0.0, "range": 0.0 }, "geometry": { "type": "Polygon", "coordinates": [ [ [ 725600.0, 6177300.0 ], [ 725500.0, 6177300.0 ], [ 725400.0, 6177300.0 ], [ 725400.0, 6177400.0 ], [ 725400.0, 6177500.0 ], [ 725500.0, 6177500.0 ], [ 725600.0, 6177500.0 ], [ 725600.0, 6177400.0 ], [ 725600.0, 6177300.0 ] ] ] } },
{ "type": "Feature", "properties": { "Shape_Area": 40000.0, "Shape_Leng": 1000.0, "cluster_id": "101_769", "fid_1": 769.0, "id_munic": 769.0, "munic_clus": "101_769", "munic_code": 101.0, "min": 2.4480175971984863, "max": 2.4480175971984863, "mean": 2.4480175971984863, "count": 4, "std": 0.0, "range": 0.0 }, "geometry": { "type": "Polygon", "coordinates": [ [ [ 720100.0, 6178600.0 ], [ 720100.0, 6178700.0 ], [ 720100.0, 6178800.0 ], [ 720200.0, 6178800.0 ], [ 720200.0, 6178700.0 ], [ 720200.0, 6178600.0 ], [ 720200.0, 6178500.0 ], [ 720200.0, 6178400.0 ], [ 720100.0, 6178400.0 ], [ 720100.0, 6178500.0 ], [ 720100.0, 6178600.0 ] ] ] } },
{ "type": "Feature", "properties": { "Shape_Area": 50000.0, "Shape_Leng": 1200.0, "cluster_id": "101_770", "fid_1": 770.0, "id_munic": 770.0, "munic_clus": "101_770", "munic_code": 101.0, "min": 3.456514835357666, "max": 3.456514835357666, "mean": 3.4565147399902343, "count": 5, "std": 9.5367431729442842e-08, "range": 0.0 }, "geometry": { "type": "Polygon", "coordinates": [ [ [ 717300.0, 6180000.0 ], [ 717400.0, 6180000.0 ], [ 717400.0, 6180100.0 ], [ 717500.0, 6180100.0 ], [ 717600.0, 6180100.0 ], [ 717600.0, 6180000.0 ], [ 717500.0, 6180000.0 ], [ 717500.0, 6179900.0 ], [ 717400.0, 6179900.0 ], [ 717300.0, 6179900.0 ], [ 717200.0, 6179900.0 ], [ 717200.0, 6180000.0 ], [ 717300.0, 6180000.0 ] ] ] } },
{ "type": "Feature", "properties": { "Shape_Area": 30000.0, "Shape_Leng": 800.0, "cluster_id": "101_771", "fid_1": 771.0, "id_munic": 771.0, "munic_clus": "101_771", "munic_code": 101.0, "min": 3.6512835025787354, "max": 3.6512835025787354, "mean": 3.6512835820515952, "count": 3, "std": 7.947285984855057e-08, "range": 0.0 }, "geometry": { "type": "Polygon", "coordinates": [ [ [ 717600.0, 6180100.0 ], [ 717600.0, 6180200.0 ], [ 717700.0, 6180200.0 ], [ 717800.0, 6180200.0 ], [ 717800.0, 6180100.0 ], [ 717700.0, 6180100.0 ], [ 717700.0, 6180000.0 ], [ 717600.0, 6180000.0 ], [ 717600.0, 6180100.0 ] ] ] } },
{ "type": "Feature", "properties": { "Shape_Area": 10000.0, "Shape_Leng": 400.0, "cluster_id": "101_772", "fid_1": 772.0, "id_munic": 772.0, "munic_clus": "101_772", "munic_code": 101.0, "min": 3.633955717086792, "max": 3.633955717086792, "mean": 3.633955717086792, "count": 1, "std": 0.0, "range": 0.0 }, "geometry": { "type": "Polygon", "coordinates": [ [ [ 717800.0, 6180100.0 ], [ 717800.0, 6180200.0 ], [ 717900.0, 6180200.0 ], [ 717900.0, 6180100.0 ], [ 717800.0, 6180100.0 ] ] ] } },
{ "type": "Feature", "properties": { "Shape_Area": 20000.0, "Shape_Leng": 600.0, "cluster_id": "101_773", "fid_1": 773.0, "id_munic": 773.0, "munic_clus": "101_773", "munic_code": 101.0, "min": 3.076974630355835, "max": 3.076974630355835, "mean": 3.076974630355835, "count": 2, "std": 0.0, "range": 0.0 }, "geometry": { "type": "Polygon", "coordinates": [ [ [ 722100.0, 6179800.0 ], [ 722100.0, 6179900.0 ], [ 722200.0, 6179900.0 ], [ 722200.0, 6179800.0 ], [ 722200.0, 6179700.0 ], [ 722100.0, 6179700.0 ], [ 722100.0, 6179800.0 ] ] ] } },
{ "type": "Feature", "properties": { "Shape_Area": 40000.0, "Shape_Leng": 1000.0, "cluster_id": "101_774", "fid_1": 774.0, "id_munic": 774.0, "munic_clus": "101_774", "munic_code": 101.0, "min": 3.5588140487670898, "max": 3.5588140487670898, "mean": 3.5588140487670898, "count": 4, "std": 0.0, "range": 0.0 }, "geometry": { "type": "Polygon", "coordinates": [ [ [ 722200.0, 6179700.0 ], [ 722200.0, 6179800.0 ], [ 722300.0, 6179800.0 ], [ 722300.0, 6179700.0 ], [ 722400.0, 6179700.0 ], [ 722400.0, 6179600.0 ], [ 722300.0, 6179600.0 ], [ 722300.0, 6179500.0 ], [ 722200.0, 6179500.0 ], [ 722200.0, 6179600.0 ], [ 722200.0, 6179700.0 ] ] ] } },
{ "type": "Feature", "properties": { "Shape_Area": 70000.0, "Shape_Leng": 1600.0, "cluster_id": "101_775", "fid_1": 775.0, "id_munic": 775.0, "munic_clus": "101_775", "munic_code": 101.0, "min": 3.7287571430206299, "max": 3.7287571430206299, "mean": 3.728757313319615, "count": 7, "std": 1.7029898513598596e-07, "range": 0.0 }, "geometry": { "type": "Polygon", "coordinates": [ [ [ 719500.0, 6172700.0 ], [ 719400.0, 6172700.0 ], [ 719400.0, 6172800.0 ], [ 719300.0, 6172800.0 ], [ 719300.0, 6172900.0 ], [ 719400.0, 6172900.0 ], [ 719400.0, 6173000.0 ], [ 719500.0, 6173000.0 ], [ 719500.0, 6172900.0 ], [ 719500.0, 6172800.0 ], [ 719600.0, 6172800.0 ], [ 719600.0, 6172700.0 ], [ 719600.0, 6172600.0 ], [ 719600.0, 6172500.0 ], [ 719500.0, 6172500.0 ], [ 719500.0, 6172600.0 ], [ 719500.0, 6172700.0 ] ] ] } },
{ "type": "Feature", "properties": { "Shape_Area": 30000.0, "Shape_Leng": 800.0, "cluster_id": "101_776", "fid_1": 776.0, "id_munic": 776.0, "munic_clus": "101_776", "munic_code": 101.0, "min": 2.9415197372436523, "max": 2.9415197372436523, "mean": 2.9415197372436523, "count": 3, "std": 0.0, "range": 0.0 }, "geometry": { "type": "Polygon", "coordinates": [ [ [ 719600.0, 6172500.0 ], [ 719600.0, 6172600.0 ], [ 719700.0, 6172600.0 ], [ 719700.0, 6172500.0 ], [ 719800.0, 6172500.0 ], [ 719800.0, 6172400.0 ], [ 719700.0, 6172400.0 ], [ 719600.0, 6172400.0 ], [ 719600.0, 6172500.0 ] ] ] } },
{ "type": "Feature", "properties": { "Shape_Area": 20000.0, "Shape_Leng": 600.0, "cluster_id": "101_777", "fid_1": 777.0, "id_munic": 777.0, "munic_clus": "101_777", "munic_code": 101.0, "min": 3.1169614791870117, "max": 3.1169614791870117, "mean": 3.1169614791870117, "count": 2, "std": 0.0, "range": 0.0 }, "geometry": { "type": "Polygon", "coordinates": [ [ [ 720500.0, 6174700.0 ], [ 720500.0, 6174800.0 ], [ 720600.0, 6174800.0 ], [ 720600.0, 6174700.0 ], [ 720600.0, 6174600.0 ], [ 720500.0, 6174600.0 ], [ 720500.0, 6174700.0 ] ] ] } },
{ "type": "Feature", "properties": { "Shape_Area": 20000.0, "Shape_Leng": 600.0, "cluster_id": "101_778", "fid_1": 778.0, "id_munic": 778.0, "munic_clus": "101_778", "munic_code": 101.0, "min": 2.9795072078704834, "max": 2.9795072078704834, "mean": 2.9795072078704834, "count": 2, "std": 0.0, "range": 0.0 }, "geometry": { "type": "Polygon", "coordinates": [ [ [ 720600.0, 6174700.0 ], [ 720600.0, 6174800.0 ], [ 720700.0, 6174800.0 ], [ 720700.0, 6174700.0 ], [ 720700.0, 6174600.0 ], [ 720600.0, 6174600.0 ], [ 720600.0, 6174700.0 ] ] ] } },
{ "type": "Feature", "properties": { "Shape_Area": 40000.0, "Shape_Leng": 1000.0, "cluster_id": "101_779", "fid_1": 779.0, "id_munic": 779.0, "munic_clus": "101_779", "munic_code": 101.0, "min": 2.5474846363067627, "max": 2.5474846363067627, "mean": 2.5474846363067627, "count": 4, "std": 0.0, "range": 0.0 }, "geometry": { "type": "Polygon", "coordinates": [ [ [ 720200.0, 6178600.0 ], [ 720200.0, 6178700.0 ], [ 720200.0, 6178800.0 ], [ 720300.0, 6178800.0 ], [ 720300.0, 6178700.0 ], [ 720300.0, 6178600.0 ], [ 720300.0, 6178500.0 ], [ 720300.0, 6178400.0 ], [ 720200.0, 6178400.0 ], [ 720200.0, 6178500.0 ], [ 720200.0, 6178600.0 ] ] ] } },
{ "type": "Feature", "properties": { "Shape_Area": 10000.0, "Shape_Leng": 400.0, "cluster_id": "101_780", "fid_1": 780.0, "id_munic": 780.0, "munic_clus": "101_780", "munic_code": 101.0, "min": 2.9651787281036377, "max": 2.9651787281036377, "mean": 2.9651787281036377, "count": 1, "std": 0.0, "range": 0.0 }, "geometry": { "type": "Polygon", "coordinates": [ [ [ 722700.0, 6174500.0 ], [ 722700.0, 6174600.0 ], [ 722800.0, 6174600.0 ], [ 722800.0, 6174500.0 ], [ 722700.0, 6174500.0 ] ] ] } },
{ "type": "Feature", "properties": { "Shape_Area": 10000.0, "Shape_Leng": 400.0, "cluster_id": "101_781", "fid_1": 781.0, "id_munic": 781.0, "munic_clus": "101_781", "munic_code": 101.0, "min": 3.1227924823760986, "max": 3.1227924823760986, "mean": 3.1227924823760986, "count": 1, "std": 0.0, "range": 0.0 }, "geometry": { "type": "Polygon", "coordinates": [ [ [ 720600.0, 6174500.0 ], [ 720600.0, 6174600.0 ], [ 720700.0, 6174600.0 ], [ 720700.0, 6174500.0 ], [ 720600.0, 6174500.0 ] ] ] } },
{ "type": "Feature", "properties": { "Shape_Area": 20000.0, "Shape_Leng": 600.0, "cluster_id": "101_782", "fid_1": 782.0, "id_munic": 782.0, "munic_clus": "101_782", "munic_code": 101.0, "min": 2.8053984642028809, "max": 2.8053984642028809, "mean": 2.8053984642028809, "count": 2, "std": 0.0, "range": 0.0 }, "geometry": { "type": "Polygon", "coordinates": [ [ [ 720700.0, 6174600.0 ], [ 720800.0, 6174600.0 ], [ 720900.0, 6174600.0 ], [ 720900.0, 6174500.0 ], [ 720800.0, 6174500.0 ], [ 720700.0, 6174500.0 ], [ 720700.0, 6174600.0 ] ] ] } },
{ "type": "Feature", "properties": { "Shape_Area": 10000.0, "Shape_Leng": 400.0, "cluster_id": "101_783", "fid_1": 783.0, "id_munic": 783.0, "munic_clus": "101_783", "munic_code": 101.0, "min": 3.285071849822998, "max": 3.285071849822998, "mean": 3.285071849822998, "count": 1, "std": 0.0, "range": 0.0 }, "geometry": { "type": "Polygon", "coordinates": [ [ [ 720700.0, 6174700.0 ], [ 720700.0, 6174800.0 ], [ 720800.0, 6174800.0 ], [ 720800.0, 6174700.0 ], [ 720700.0, 6174700.0 ] ] ] } },
{ "type": "Feature", "properties": { "Shape_Area": 50000.0, "Shape_Leng": 1000.0, "cluster_id": "101_784", "fid_1": 784.0, "id_munic": 784.0, "munic_clus": "101_784", "munic_code": 101.0, "min": 3.2845726013183594, "max": 3.2845726013183594, "mean": 3.2845726013183594, "count": 5, "std": 0.0, "range": 0.0 }, "geometry": { "type": "Polygon", "coordinates": [ [ [ 720500.0, 6174500.0 ], [ 720400.0, 6174500.0 ], [ 720400.0, 6174600.0 ], [ 720300.0, 6174600.0 ], [ 720300.0, 6174700.0 ], [ 720300.0, 6174800.0 ], [ 720400.0, 6174800.0 ], [ 720500.0, 6174800.0 ], [ 720500.0, 6174700.0 ], [ 720500.0, 6174600.0 ], [ 720500.0, 6174500.0 ] ] ] } },
{ "type": "Feature", "properties": { "Shape_Area": 20000.0, "Shape_Leng": 600.0, "cluster_id": "101_785", "fid_1": 785.0, "id_munic": 785.0, "munic_clus": "101_785", "munic_code": 101.0, "min": 3.6029658317565918, "max": 3.6029658317565918, "mean": 3.6029658317565918, "count": 2, "std": 0.0, "range": 0.0 }, "geometry": { "type": "Polygon", "coordinates": [ [ [ 720200.0, 6174700.0 ], [ 720200.0, 6174800.0 ], [ 720300.0, 6174800.0 ], [ 720300.0, 6174700.0 ], [ 720300.0, 6174600.0 ], [ 720200.0, 6174600.0 ], [ 720200.0, 6174700.0 ] ] ] } },
{ "type": "Feature", "properties": { "Shape_Area": 40000.0, "Shape_Leng": 1000.0, "cluster_id": "101_786", "fid_1": 786.0, "id_munic": 786.0, "munic_clus": "101_786", "munic_code": 101.0, "min": 3.2932357788085938, "max": 3.2932357788085938, "mean": 3.2932357788085938, "count": 4, "std": 0.0, "range": 0.0 }, "geometry": { "type": "Polygon", "coordinates": [ [ [ 720200.0, 6174600.0 ], [ 720100.0, 6174600.0 ], [ 720100.0, 6174700.0 ], [ 720000.0, 6174700.0 ], [ 719900.0, 6174700.0 ], [ 719900.0, 6174800.0 ], [ 720000.0, 6174800.0 ], [ 720100.0, 6174800.0 ], [ 720200.0, 6174800.0 ], [ 720200.0, 6174700.0 ], [ 720200.0, 6174600.0 ] ] ] } },
{ "type": "Feature", "properties": { "Shape_Area": 10000.0, "Shape_Leng": 400.0, "cluster_id": "101_787", "fid_1": 787.0, "id_munic": 787.0, "munic_clus": "101_787", "munic_code": 101.0, "min": 2.469677209854126, "max": 2.469677209854126, "mean": 2.469677209854126, "count": 1, "std": 0.0, "range": 0.0 }, "geometry": { "type": "Polygon", "coordinates": [ [ [ 720500.0, 6174500.0 ], [ 720500.0, 6174600.0 ], [ 720600.0, 6174600.0 ], [ 720600.0, 6174500.0 ], [ 720500.0, 6174500.0 ] ] ] } },
{ "type": "Feature", "properties": { "Shape_Area": 20000.0, "Shape_Leng": 600.0, "cluster_id": "101_788", "fid_1": 788.0, "id_munic": 788.0, "munic_clus": "101_788", "munic_code": 101.0, "min": 2.8533825874328613, "max": 2.8533825874328613, "mean": 2.8533825874328613, "count": 2, "std": 0.0, "range": 0.0 }, "geometry": { "type": "Polygon", "coordinates": [ [ [ 720700.0, 6174700.0 ], [ 720800.0, 6174700.0 ], [ 720900.0, 6174700.0 ], [ 720900.0, 6174600.0 ], [ 720800.0, 6174600.0 ], [ 720700.0, 6174600.0 ], [ 720700.0, 6174700.0 ] ] ] } },
{ "type": "Feature", "properties": { "Shape_Area": 10000.0, "Shape_Leng": 400.0, "cluster_id": "101_789", "fid_1": 789.0, "id_munic": 789.0, "munic_clus": "101_789", "munic_code": 101.0, "min": 4.0343227386474609, "max": 4.0343227386474609, "mean": 4.0343227386474609, "count": 1, "std": 0.0, "range": 0.0 }, "geometry": { "type": "Polygon", "coordinates": [ [ [ 720800.0, 6174700.0 ], [ 720800.0, 6174800.0 ], [ 720900.0, 6174800.0 ], [ 720900.0, 6174700.0 ], [ 720800.0, 6174700.0 ] ] ] } },
{ "type": "Feature", "properties": { "Shape_Area": 20000.0, "Shape_Leng": 600.0, "cluster_id": "101_790", "fid_1": 790.0, "id_munic": 790.0, "munic_clus": "101_790", "munic_code": 101.0, "min": 2.9368546009063721, "max": 2.9368546009063721, "mean": 2.9368546009063721, "count": 2, "std": 0.0, "range": 0.0 }, "geometry": { "type": "Polygon", "coordinates": [ [ [ 719200.0, 6177000.0 ], [ 719200.0, 6177100.0 ], [ 719300.0, 6177100.0 ], [ 719300.0, 6177000.0 ], [ 719300.0, 6176900.0 ], [ 719200.0, 6176900.0 ], [ 719200.0, 6177000.0 ] ] ] } },
{ "type": "Feature", "properties": { "Shape_Area": 20000.0, "Shape_Leng": 600.0, "cluster_id": "101_791", "fid_1": 791.0, "id_munic": 791.0, "munic_clus": "101_791", "munic_code": 101.0, "min": 3.8835396766662598, "max": 3.8835396766662598, "mean": 3.8835396766662598, "count": 2, "std": 0.0, "range": 0.0 }, "geometry": { "type": "Polygon", "coordinates": [ [ [ 720600.0, 6178700.0 ], [ 720600.0, 6178800.0 ], [ 720700.0, 6178800.0 ], [ 720700.0, 6178700.0 ], [ 720700.0, 6178600.0 ], [ 720600.0, 6178600.0 ], [ 720600.0, 6178700.0 ] ] ] } },
{ "type": "Feature", "properties": { "Shape_Area": 20000.0, "Shape_Leng": 600.0, "cluster_id": "101_792", "fid_1": 792.0, "id_munic": 792.0, "munic_clus": "101_792", "munic_code": 101.0, "min": 2.9021992683410645, "max": 2.9021992683410645, "mean": 2.9021992683410645, "count": 2, "std": 0.0, "range": 0.0 }, "geometry": { "type": "Polygon", "coordinates": [ [ [ 720600.0, 6179000.0 ], [ 720700.0, 6179000.0 ], [ 720800.0, 6179000.0 ], [ 720800.0, 6178900.0 ], [ 720700.0, 6178900.0 ], [ 720600.0, 6178900.0 ], [ 720600.0, 6179000.0 ] ] ] } },
{ "type": "Feature", "properties": { "Shape_Area": 40000.0, "Shape_Leng": 800.0, "cluster_id": "101_793", "fid_1": 793.0, "id_munic": 793.0, "munic_clus": "101_793", "munic_code": 101.0, "min": 3.6057987213134766, "max": 3.6057987213134766, "mean": 3.6057987213134766, "count": 4, "std": 0.0, "range": 0.0 }, "geometry": { "type": "Polygon", "coordinates": [ [ [ 719100.0, 6176700.0 ], [ 719000.0, 6176700.0 ], [ 718900.0, 6176700.0 ], [ 718900.0, 6176800.0 ], [ 718900.0, 6176900.0 ], [ 719000.0, 6176900.0 ], [ 719100.0, 6176900.0 ], [ 719100.0, 6176800.0 ], [ 719100.0, 6176700.0 ] ] ] } },
{ "type": "Feature", "properties": { "Shape_Area": 30000.0, "Shape_Leng": 800.0, "cluster_id": "101_794", "fid_1": 794.0, "id_munic": 794.0, "munic_clus": "101_794", "munic_code": 101.0, "min": 2.9430191516876221, "max": 2.9430191516876221, "mean": 2.9430192311604819, "count": 3, "std": 7.947285984855057e-08, "range": 0.0 }, "geometry": { "type": "Polygon", "coordinates": [ [ [ 719100.0, 6177200.0 ], [ 719000.0, 6177200.0 ], [ 719000.0, 6177300.0 ], [ 719100.0, 6177300.0 ], [ 719200.0, 6177300.0 ], [ 719200.0, 6177200.0 ], [ 719200.0, 6177100.0 ], [ 719100.0, 6177100.0 ], [ 719100.0, 6177200.0 ] ] ] } },
{ "type": "Feature", "properties": { "Shape_Area": 10000.0, "Shape_Leng": 400.0, "cluster_id": "101_795", "fid_1": 795.0, "id_munic": 795.0, "munic_clus": "101_795", "munic_code": 101.0, "min": 4.3253922462463379, "max": 4.3253922462463379, "mean": 4.3253922462463379, "count": 1, "std": 0.0, "range": 0.0 }, "geometry": { "type": "Polygon", "coordinates": [ [ [ 718900.0, 6180700.0 ], [ 718900.0, 6180800.0 ], [ 719000.0, 6180800.0 ], [ 719000.0, 6180700.0 ], [ 718900.0, 6180700.0 ] ] ] } },
{ "type": "Feature", "properties": { "Shape_Area": 10000.0, "Shape_Leng": 400.0, "cluster_id": "101_796", "fid_1": 796.0, "id_munic": 796.0, "munic_clus": "101_796", "munic_code": 101.0, "min": 3.1791071891784668, "max": 3.1791071891784668, "mean": 3.1791071891784668, "count": 1, "std": 0.0, "range": 0.0 }, "geometry": { "type": "Polygon", "coordinates": [ [ [ 720300.0, 6178800.0 ], [ 720300.0, 6178900.0 ], [ 720400.0, 6178900.0 ], [ 720400.0, 6178800.0 ], [ 720300.0, 6178800.0 ] ] ] } },
{ "type": "Feature", "properties": { "Shape_Area": 40000.0, "Shape_Leng": 1000.0, "cluster_id": "101_797", "fid_1": 797.0, "id_munic": 797.0, "munic_clus": "101_797", "munic_code": 101.0, "min": 4.1666116714477539, "max": 4.1666116714477539, "mean": 4.1666116714477539, "count": 4, "std": 0.0, "range": 0.0 }, "geometry": { "type": "Polygon", "coordinates": [ [ [ 718700.0, 6180800.0 ], [ 718700.0, 6180900.0 ], [ 718800.0, 6180900.0 ], [ 718800.0, 6180800.0 ], [ 718900.0, 6180800.0 ], [ 718900.0, 6180700.0 ], [ 718800.0, 6180700.0 ], [ 718700.0, 6180700.0 ], [ 718600.0, 6180700.0 ], [ 718600.0, 6180800.0 ], [ 718700.0, 6180800.0 ] ] ] } },
{ "type": "Feature", "properties": { "Shape_Area": 30000.0, "Shape_Leng": 800.0, "cluster_id": "101_798", "fid_1": 798.0, "id_munic": 798.0, "munic_clus": "101_798", "munic_code": 101.0, "min": 3.7112631797790527, "max": 3.7112631797790527, "mean": 3.7112630208333335, "count": 3, "std": 1.5894571925301193e-07, "range": 0.0 }, "geometry": { "type": "Polygon", "coordinates": [ [ [ 718600.0, 6180500.0 ], [ 718600.0, 6180600.0 ], [ 718700.0, 6180600.0 ], [ 718700.0, 6180500.0 ], [ 718800.0, 6180500.0 ], [ 718800.0, 6180400.0 ], [ 718700.0, 6180400.0 ], [ 718600.0, 6180400.0 ], [ 718600.0, 6180500.0 ] ] ] } },
{ "type": "Feature", "properties": { "Shape_Area": 40000.0, "Shape_Leng": 800.0, "cluster_id": "101_799", "fid_1": 799.0, "id_munic": 799.0, "munic_clus": "101_799", "munic_code": 101.0, "min": 4.0669784545898438, "max": 4.0669784545898438, "mean": 4.0669784545898438, "count": 4, "std": 0.0, "range": 0.0 }, "geometry": { "type": "Polygon", "coordinates": [ [ [ 719200.0, 6180300.0 ], [ 719100.0, 6180300.0 ], [ 719000.0, 6180300.0 ], [ 719000.0, 6180400.0 ], [ 719000.0, 6180500.0 ], [ 719100.0, 6180500.0 ], [ 719200.0, 6180500.0 ], [ 719200.0, 6180400.0 ], [ 719200.0, 6180300.0 ] ] ] } },
{ "type": "Feature", "properties": { "Shape_Area": 80000.0, "Shape_Leng": 1400.0, "cluster_id": "101_800", "fid_1": 800.0, "id_munic": 800.0, "munic_clus": "101_800", "munic_code": 101.0, "min": 4.1562819480895996, "max": 4.1562819480895996, "mean": 4.1562819480895996, "count": 8, "std": 0.0, "range": 0.0 }, "geometry": { "type": "Polygon", "coordinates": [ [ [ 718900.0, 6180100.0 ], [ 718900.0, 6180200.0 ], [ 718800.0, 6180200.0 ], [ 718800.0, 6180300.0 ], [ 718800.0, 6180400.0 ], [ 718800.0, 6180500.0 ], [ 718900.0, 6180500.0 ], [ 719000.0, 6180500.0 ], [ 719000.0, 6180400.0 ], [ 719000.0, 6180300.0 ], [ 719100.0, 6180300.0 ], [ 719100.0, 6180200.0 ], [ 719000.0, 6180200.0 ], [ 719000.0, 6180100.0 ], [ 718900.0, 6180100.0 ] ] ] } },
{ "type": "Feature", "properties": { "Shape_Area": 30000.0, "Shape_Leng": 800.0, "cluster_id": "101_801", "fid_1": 801.0, "id_munic": 801.0, "munic_clus": "101_801", "munic_code": 101.0, "min": 4.3638792037963867, "max": 4.3638792037963867, "mean": 4.3638792037963867, "count": 3, "std": 0.0, "range": 0.0 }, "geometry": { "type": "Polygon", "coordinates": [ [ [ 718400.0, 6180000.0 ], [ 718400.0, 6180100.0 ], [ 718500.0, 6180100.0 ], [ 718500.0, 6180000.0 ], [ 718600.0, 6180000.0 ], [ 718600.0, 6179900.0 ], [ 718500.0, 6179900.0 ], [ 718400.0, 6179900.0 ], [ 718400.0, 6180000.0 ] ] ] } },
{ "type": "Feature", "properties": { "Shape_Area": 110000.0, "Shape_Leng": 1600.0, "cluster_id": "101_802", "fid_1": 802.0, "id_munic": 802.0, "munic_clus": "101_802", "munic_code": 101.0, "min": 4.5588140487670898, "max": 4.5588140487670898, "mean": 4.5588146556507461, "count": 11, "std": 6.0688365621786033e-07, "range": 0.0 }, "geometry": { "type": "Polygon", "coordinates": [ [ [ 718800.0, 6179600.0 ], [ 718800.0, 6179700.0 ], [ 718800.0, 6179800.0 ], [ 718800.0, 6179900.0 ], [ 718900.0, 6179900.0 ], [ 719000.0, 6179900.0 ], [ 719000.0, 6179800.0 ], [ 719000.0, 6179700.0 ], [ 719000.0, 6179600.0 ], [ 719000.0, 6179500.0 ], [ 719000.0, 6179400.0 ], [ 718900.0, 6179400.0 ], [ 718800.0, 6179400.0 ], [ 718700.0, 6179400.0 ], [ 718700.0, 6179500.0 ], [ 718800.0, 6179500.0 ], [ 718800.0, 6179600.0 ] ] ] } },
{ "type": "Feature", "properties": { "Shape_Area": 30000.0, "Shape_Leng": 800.0, "cluster_id": "101_803", "fid_1": 803.0, "id_munic": 803.0, "munic_clus": "101_803", "munic_code": 101.0, "min": 3.4033658504486084, "max": 3.4033658504486084, "mean": 3.4033657709757485, "count": 3, "std": 7.947285984855057e-08, "range": 0.0 }, "geometry": { "type": "Polygon", "coordinates": [ [ [ 719000.0, 6180000.0 ], [ 719000.0, 6180100.0 ], [ 719000.0, 6180200.0 ], [ 719100.0, 6180200.0 ], [ 719100.0, 6180100.0 ], [ 719100.0, 6180000.0 ], [ 719100.0, 6179900.0 ], [ 719000.0, 6179900.0 ], [ 719000.0, 6180000.0 ] ] ] } },
{ "type": "Feature", "properties": { "Shape_Area": 30000.0, "Shape_Leng": 800.0, "cluster_id": "101_804", "fid_1": 804.0, "id_munic": 804.0, "munic_clus": "101_804", "munic_code": 101.0, "min": 3.4168617725372314, "max": 3.4168617725372314, "mean": 3.4168618520100913, "count": 3, "std": 7.947285984855057e-08, "range": 0.0 }, "geometry": { "type": "Polygon", "coordinates": [ [ [ 718600.0, 6179900.0 ], [ 718600.0, 6180000.0 ], [ 718700.0, 6180000.0 ], [ 718700.0, 6179900.0 ], [ 718800.0, 6179900.0 ], [ 718800.0, 6179800.0 ], [ 718700.0, 6179800.0 ], [ 718600.0, 6179800.0 ], [ 718600.0, 6179900.0 ] ] ] } },
{ "type": "Feature", "properties": { "Shape_Area": 20000.0, "Shape_Leng": 600.0, "cluster_id": "101_805", "fid_1": 805.0, "id_munic": 805.0, "munic_clus": "101_805", "munic_code": 101.0, "min": 3.6989340782165527, "max": 3.6989340782165527, "mean": 3.6989340782165527, "count": 2, "std": 0.0, "range": 0.0 }, "geometry": { "type": "Polygon", "coordinates": [ [ [ 717900.0, 6179600.0 ], [ 717900.0, 6179700.0 ], [ 718000.0, 6179700.0 ], [ 718000.0, 6179600.0 ], [ 718000.0, 6179500.0 ], [ 717900.0, 6179500.0 ], [ 717900.0, 6179600.0 ] ] ] } },
{ "type": "Feature", "properties": { "Shape_Area": 290000.0, "Shape_Leng": 3400.0, "cluster_id": "101_806", "fid_1": 806.0, "id_munic": 806.0, "munic_clus": "101_806", "munic_code": 101.0, "min": 2.3647119998931885, "max": 2.3647119998931885, "mean": 2.3647121560984643, "count": 29, "std": 1.5620527582527188e-07, "range": 0.0 }, "geometry": { "type": "Polygon", "coordinates": [ [ [ 717900.0, 6179800.0 ], [ 717900.0, 6179900.0 ], [ 717900.0, 6180000.0 ], [ 717900.0, 6180100.0 ], [ 717900.0, 6180200.0 ], [ 718000.0, 6180200.0 ], [ 718000.0, 6180300.0 ], [ 718100.0, 6180300.0 ], [ 718200.0, 6180300.0 ], [ 718200.0, 6180400.0 ], [ 718300.0, 6180400.0 ], [ 718400.0, 6180400.0 ], [ 718400.0, 6180300.0 ], [ 718500.0, 6180300.0 ], [ 718500.0, 6180200.0 ], [ 718500.0, 6180100.0 ], [ 718400.0, 6180100.0 ], [ 718300.0, 6180100.0 ], [ 718200.0, 6180100.0 ], [ 718200.0, 6180000.0 ], [ 718100.0, 6180000.0 ], [ 718100.0, 6179900.0 ], [ 718100.0, 6179800.0 ], [ 718200.0, 6179800.0 ], [ 718200.0, 6179700.0 ], [ 718300.0, 6179700.0 ], [ 718300.0, 6179600.0 ], [ 718300.0, 6179500.0 ], [ 718200.0, 6179500.0 ], [ 718100.0, 6179500.0 ], [ 718000.0, 6179500.0 ], [ 718000.0, 6179600.0 ], [ 718000.0, 6179700.0 ], [ 717900.0, 6179700.0 ], [ 717900.0, 6179800.0 ] ] ] } },
{ "type": "Feature", "properties": { "Shape_Area": 130000.0, "Shape_Leng": 1800.0, "cluster_id": "101_807", "fid_1": 807.0, "id_munic": 807.0, "munic_clus": "101_807", "munic_code": 101.0, "min": 3.7074308395385742, "max": 3.7074308395385742, "mean": 3.7074312063363881, "count": 13, "std": 3.6679781389992172e-07, "range": 0.0 }, "geometry": { "type": "Polygon", "coordinates": [ [ [ 718700.0, 6179900.0 ], [ 718700.0, 6180000.0 ], [ 718600.0, 6180000.0 ], [ 718500.0, 6180000.0 ], [ 718500.0, 6180100.0 ], [ 718500.0, 6180200.0 ], [ 718500.0, 6180300.0 ], [ 718600.0, 6180300.0 ], [ 718600.0, 6180200.0 ], [ 718700.0, 6180200.0 ], [ 718800.0, 6180200.0 ], [ 718900.0, 6180200.0 ], [ 718900.0, 6180100.0 ], [ 719000.0, 6180100.0 ], [ 719000.0, 6180000.0 ], [ 719000.0, 6179900.0 ], [ 718900.0, 6179900.0 ], [ 718800.0, 6179900.0 ], [ 718700.0, 6179900.0 ] ] ] } },
{ "type": "Feature", "properties": { "Shape_Area": 20000.0, "Shape_Leng": 600.0, "cluster_id": "101_808", "fid_1": 808.0, "id_munic": 808.0, "munic_clus": "101_808", "munic_code": 101.0, "min": 4.5863056182861328, "max": 4.5863056182861328, "mean": 4.5863056182861328, "count": 2, "std": 0.0, "range": 0.0 }, "geometry": { "type": "Polygon", "coordinates": [ [ [ 718900.0, 6180600.0 ], [ 718900.0, 6180700.0 ], [ 719000.0, 6180700.0 ], [ 719000.0, 6180600.0 ], [ 719000.0, 6180500.0 ], [ 718900.0, 6180500.0 ], [ 718900.0, 6180600.0 ] ] ] } },
{ "type": "Feature", "properties": { "Shape_Area": 10000.0, "Shape_Leng": 400.0, "cluster_id": "101_809", "fid_1": 809.0, "id_munic": 809.0, "munic_clus": "101_809", "munic_code": 101.0, "min": 4.0658116340637207, "max": 4.0658116340637207, "mean": 4.0658116340637207, "count": 1, "std": 0.0, "range": 0.0 }, "geometry": { "type": "Polygon", "coordinates": [ [ [ 718700.0, 6180600.0 ], [ 718700.0, 6180700.0 ], [ 718800.0, 6180700.0 ], [ 718800.0, 6180600.0 ], [ 718700.0, 6180600.0 ] ] ] } },
{ "type": "Feature", "properties": { "Shape_Area": 30000.0, "Shape_Leng": 800.0, "cluster_id": "101_810", "fid_1": 810.0, "id_munic": 810.0, "munic_clus": "101_810", "munic_code": 101.0, "min": 4.2934026718139648, "max": 4.2934026718139648, "mean": 4.2934026718139648, "count": 3, "std": 0.0, "range": 0.0 }, "geometry": { "type": "Polygon", "coordinates": [ [ [ 718700.0, 6180600.0 ], [ 718800.0, 6180600.0 ], [ 718800.0, 6180700.0 ], [ 718900.0, 6180700.0 ], [ 718900.0, 6180600.0 ], [ 718900.0, 6180500.0 ], [ 718800.0, 6180500.0 ], [ 718700.0, 6180500.0 ], [ 718700.0, 6180600.0 ] ] ] } },
{ "type": "Feature", "properties": { "Shape_Area": 20000.0, "Shape_Leng": 600.0, "cluster_id": "101_811", "fid_1": 811.0, "id_munic": 811.0, "munic_clus": "101_811", "munic_code": 101.0, "min": 3.5253250598907471, "max": 3.5253250598907471, "mean": 3.5253250598907471, "count": 2, "std": 0.0, "range": 0.0 }, "geometry": { "type": "Polygon", "coordinates": [ [ [ 718700.0, 6180300.0 ], [ 718700.0, 6180400.0 ], [ 718800.0, 6180400.0 ], [ 718800.0, 6180300.0 ], [ 718800.0, 6180200.0 ], [ 718700.0, 6180200.0 ], [ 718700.0, 6180300.0 ] ] ] } },
{ "type": "Feature", "properties": { "Shape_Area": 40000.0, "Shape_Leng": 1000.0, "cluster_id": "101_812", "fid_1": 812.0, "id_munic": 812.0, "munic_clus": "101_812", "munic_code": 101.0, "min": 2.3320562839508057, "max": 2.3320562839508057, "mean": 2.3320562839508057, "count": 4, "std": 0.0, "range": 0.0 }, "geometry": { "type": "Polygon", "coordinates": [ [ [ 719800.0, 6178500.0 ], [ 719800.0, 6178600.0 ], [ 719800.0, 6178700.0 ], [ 719900.0, 6178700.0 ], [ 719900.0, 6178600.0 ], [ 719900.0, 6178500.0 ], [ 719900.0, 6178400.0 ], [ 719900.0, 6178300.0 ], [ 719800.0, 6178300.0 ], [ 719800.0, 6178400.0 ], [ 719800.0, 6178500.0 ] ] ] } },
{ "type": "Feature", "properties": { "Shape_Area": 50000.0, "Shape_Leng": 1000.0, "cluster_id": "101_813", "fid_1": 813.0, "id_munic": 813.0, "munic_clus": "101_813", "munic_code": 101.0, "min": 3.5484845638275146, "max": 3.5484845638275146, "mean": 3.5484844207763673, "count": 5, "std": 1.4305114737211966e-07, "range": 0.0 }, "geometry": { "type": "Polygon", "coordinates": [ [ [ 718200.0, 6180000.0 ], [ 718200.0, 6180100.0 ], [ 718300.0, 6180100.0 ], [ 718400.0, 6180100.0 ], [ 718400.0, 6180000.0 ], [ 718400.0, 6179900.0 ], [ 718300.0, 6179900.0 ], [ 718200.0, 6179900.0 ], [ 718100.0, 6179900.0 ], [ 718100.0, 6180000.0 ], [ 718200.0, 6180000.0 ] ] ] } },
{ "type": "Feature", "properties": { "Shape_Area": 40000.0, "Shape_Leng": 1000.0, "cluster_id": "101_814", "fid_1": 814.0, "id_munic": 814.0, "munic_clus": "101_814", "munic_code": 101.0, "min": 4.3090643882751465, "max": 4.3090643882751465, "mean": 4.3090643882751465, "count": 4, "std": 0.0, "range": 0.0 }, "geometry": { "type": "Polygon", "coordinates": [ [ [ 718300.0, 6179700.0 ], [ 718200.0, 6179700.0 ], [ 718200.0, 6179800.0 ], [ 718100.0, 6179800.0 ], [ 718100.0, 6179900.0 ], [ 718200.0, 6179900.0 ], [ 718300.0, 6179900.0 ], [ 718400.0, 6179900.0 ], [ 718400.0, 6179800.0 ], [ 718300.0, 6179800.0 ], [ 718300.0, 6179700.0 ] ] ] } },
{ "type": "Feature", "properties": { "Shape_Area": 50000.0, "Shape_Leng": 1000.0, "cluster_id": "101_815", "fid_1": 815.0, "id_munic": 815.0, "munic_clus": "101_815", "munic_code": 101.0, "min": 3.8818728923797607, "max": 3.8818728923797607, "mean": 3.8818729400634764, "count": 5, "std": 4.7683715642676816e-08, "range": 0.0 }, "geometry": { "type": "Polygon", "coordinates": [ [ [ 718800.0, 6179500.0 ], [ 718700.0, 6179500.0 ], [ 718600.0, 6179500.0 ], [ 718600.0, 6179600.0 ], [ 718600.0, 6179700.0 ], [ 718700.0, 6179700.0 ], [ 718700.0, 6179800.0 ], [ 718800.0, 6179800.0 ], [ 718800.0, 6179700.0 ], [ 718800.0, 6179600.0 ], [ 718800.0, 6179500.0 ] ] ] } },
{ "type": "Feature", "properties": { "Shape_Area": 100000.0, "Shape_Leng": 1800.0, "cluster_id": "101_816", "fid_1": 816.0, "id_munic": 816.0, "munic_clus": "101_816", "munic_code": 101.0, "min": 3.8900368213653564, "max": 3.8900368213653564, "mean": 3.8900367736816408, "count": 10, "std": 4.7683715642676816e-08, "range": 0.0 }, "geometry": { "type": "Polygon", "coordinates": [ [ [ 718400.0, 6180300.0 ], [ 718400.0, 6180400.0 ], [ 718300.0, 6180400.0 ], [ 718300.0, 6180500.0 ], [ 718400.0, 6180500.0 ], [ 718400.0, 6180600.0 ], [ 718400.0, 6180700.0 ], [ 718500.0, 6180700.0 ], [ 718500.0, 6180800.0 ], [ 718600.0, 6180800.0 ], [ 718600.0, 6180700.0 ], [ 718700.0, 6180700.0 ], [ 718700.0, 6180600.0 ], [ 718600.0, 6180600.0 ], [ 718600.0, 6180500.0 ], [ 718600.0, 6180400.0 ], [ 718500.0, 6180400.0 ], [ 718500.0, 6180300.0 ], [ 718400.0, 6180300.0 ] ] ] } },
{ "type": "Feature", "properties": { "Shape_Area": 30000.0, "Shape_Leng": 800.0, "cluster_id": "101_817", "fid_1": 817.0, "id_munic": 817.0, "munic_clus": "101_817", "munic_code": 101.0, "min": 3.9638454914093018, "max": 3.9638454914093018, "mean": 3.9638455708821616, "count": 3, "std": 7.947285984855057e-08, "range": 0.0 }, "geometry": { "type": "Polygon", "coordinates": [ [ [ 718600.0, 6180300.0 ], [ 718500.0, 6180300.0 ], [ 718500.0, 6180400.0 ], [ 718600.0, 6180400.0 ], [ 718700.0, 6180400.0 ], [ 718700.0, 6180300.0 ], [ 718700.0, 6180200.0 ], [ 718600.0, 6180200.0 ], [ 718600.0, 6180300.0 ] ] ] } },
{ "type": "Feature", "properties": { "Shape_Area": 40000.0, "Shape_Leng": 800.0, "cluster_id": "101_818", "fid_1": 818.0, "id_munic": 818.0, "munic_clus": "101_818", "munic_code": 101.0, "min": 3.2255918979644775, "max": 3.2255918979644775, "mean": 3.2255918979644775, "count": 4, "std": 0.0, "range": 0.0 }, "geometry": { "type": "Polygon", "coordinates": [ [ [ 721900.0, 6179300.0 ], [ 721800.0, 6179300.0 ], [ 721700.0, 6179300.0 ], [ 721700.0, 6179400.0 ], [ 721700.0, 6179500.0 ], [ 721800.0, 6179500.0 ], [ 721900.0, 6179500.0 ], [ 721900.0, 6179400.0 ], [ 721900.0, 6179300.0 ] ] ] } },
{ "type": "Feature", "properties": { "Shape_Area": 30000.0, "Shape_Leng": 800.0, "cluster_id": "101_819", "fid_1": 819.0, "id_munic": 819.0, "munic_clus": "101_819", "munic_code": 101.0, "min": 3.1401200294494629, "max": 3.1401200294494629, "mean": 3.1401201883951821, "count": 3, "std": 1.5894571925301193e-07, "range": 0.0 }, "geometry": { "type": "Polygon", "coordinates": [ [ [ 721500.0, 6179400.0 ], [ 721600.0, 6179400.0 ], [ 721600.0, 6179500.0 ], [ 721700.0, 6179500.0 ], [ 721700.0, 6179400.0 ], [ 721700.0, 6179300.0 ], [ 721600.0, 6179300.0 ], [ 721500.0, 6179300.0 ], [ 721500.0, 6179400.0 ] ] ] } },
{ "type": "Feature", "properties": { "Shape_Area": 20000.0, "Shape_Leng": 600.0, "cluster_id": "101_820", "fid_1": 820.0, "id_munic": 820.0, "munic_clus": "101_820", "munic_code": 101.0, "min": 3.2079308032989502, "max": 3.2079308032989502, "mean": 3.2079308032989502, "count": 2, "std": 0.0, "range": 0.0 }, "geometry": { "type": "Polygon", "coordinates": [ [ [ 720000.0, 6178000.0 ], [ 720100.0, 6178000.0 ], [ 720200.0, 6178000.0 ], [ 720200.0, 6177900.0 ], [ 720100.0, 6177900.0 ], [ 720000.0, 6177900.0 ], [ 720000.0, 6178000.0 ] ] ] } },
{ "type": "Feature", "properties": { "Shape_Area": 20000.0, "Shape_Leng": 600.0, "cluster_id": "101_821", "fid_1": 821.0, "id_munic": 821.0, "munic_clus": "101_821", "munic_code": 101.0, "min": 3.12062668800354, "max": 3.12062668800354, "mean": 3.12062668800354, "count": 2, "std": 0.0, "range": 0.0 }, "geometry": { "type": "Polygon", "coordinates": [ [ [ 721700.0, 6179600.0 ], [ 721800.0, 6179600.0 ], [ 721900.0, 6179600.0 ], [ 721900.0, 6179500.0 ], [ 721800.0, 6179500.0 ], [ 721700.0, 6179500.0 ], [ 721700.0, 6179600.0 ] ] ] } },
{ "type": "Feature", "properties": { "Shape_Area": 10000.0, "Shape_Leng": 400.0, "cluster_id": "101_822", "fid_1": 822.0, "id_munic": 822.0, "munic_clus": "101_822", "munic_code": 101.0, "min": 2.6037988662719727, "max": 2.6037988662719727, "mean": 2.6037988662719727, "count": 1, "std": 0.0, "range": 0.0 }, "geometry": { "type": "Polygon", "coordinates": [ [ [ 721600.0, 6178800.0 ], [ 721600.0, 6178900.0 ], [ 721700.0, 6178900.0 ], [ 721700.0, 6178800.0 ], [ 721600.0, 6178800.0 ] ] ] } },
{ "type": "Feature", "properties": { "Shape_Area": 30000.0, "Shape_Leng": 800.0, "cluster_id": "101_823", "fid_1": 823.0, "id_munic": 823.0, "munic_clus": "101_823", "munic_code": 101.0, "min": 2.7105963230133057, "max": 2.7105963230133057, "mean": 2.7105964024861655, "count": 3, "std": 7.947285984855057e-08, "range": 0.0 }, "geometry": { "type": "Polygon", "coordinates": [ [ [ 721500.0, 6178900.0 ], [ 721400.0, 6178900.0 ], [ 721400.0, 6179000.0 ], [ 721500.0, 6179000.0 ], [ 721600.0, 6179000.0 ], [ 721600.0, 6178900.0 ], [ 721600.0, 6178800.0 ], [ 721500.0, 6178800.0 ], [ 721500.0, 6178900.0 ] ] ] } },
{ "type": "Feature", "properties": { "Shape_Area": 50000.0, "Shape_Leng": 1000.0, "cluster_id": "101_824", "fid_1": 824.0, "id_munic": 824.0, "munic_clus": "101_824", "munic_code": 101.0, "min": 3.4178614616394043, "max": 3.4178614616394043, "mean": 3.417861557006836, "count": 5, "std": 9.5367431729442842e-08, "range": 0.0 }, "geometry": { "type": "Polygon", "coordinates": [ [ [ 721900.0, 6179100.0 ], [ 721800.0, 6179100.0 ], [ 721700.0, 6179100.0 ], [ 721700.0, 6179200.0 ], [ 721600.0, 6179200.0 ], [ 721600.0, 6179300.0 ], [ 721700.0, 6179300.0 ], [ 721800.0, 6179300.0 ], [ 721900.0, 6179300.0 ], [ 721900.0, 6179200.0 ], [ 721900.0, 6179100.0 ] ] ] } },
{ "type": "Feature", "properties": { "Shape_Area": 30000.0, "Shape_Leng": 800.0, "cluster_id": "101_825", "fid_1": 825.0, "id_munic": 825.0, "munic_clus": "101_825", "munic_code": 101.0, "min": 2.8867049217224121, "max": 2.8867049217224121, "mean": 2.8867047627766929, "count": 3, "std": 1.5894571925301193e-07, "range": 0.0 }, "geometry": { "type": "Polygon", "coordinates": [ [ [ 719300.0, 6173500.0 ], [ 719300.0, 6173600.0 ], [ 719400.0, 6173600.0 ], [ 719500.0, 6173600.0 ], [ 719500.0, 6173500.0 ], [ 719400.0, 6173500.0 ], [ 719400.0, 6173400.0 ], [ 719300.0, 6173400.0 ], [ 719300.0, 6173500.0 ] ] ] } },
{ "type": "Feature", "properties": { "Shape_Area": 70000.0, "Shape_Leng": 1200.0, "cluster_id": "101_826", "fid_1": 826.0, "id_munic": 826.0, "munic_clus": "101_826", "munic_code": 101.0, "min": 3.7002670764923096, "max": 3.7002670764923096, "mean": 3.7002672467912947, "count": 7, "std": 1.7029898513598596e-07, "range": 0.0 }, "geometry": { "type": "Polygon", "coordinates": [ [ [ 721000.0, 6178700.0 ], [ 721000.0, 6178800.0 ], [ 721000.0, 6178900.0 ], [ 721000.0, 6179000.0 ], [ 721100.0, 6179000.0 ], [ 721200.0, 6179000.0 ], [ 721200.0, 6178900.0 ], [ 721200.0, 6178800.0 ], [ 721200.0, 6178700.0 ], [ 721200.0, 6178600.0 ], [ 721100.0, 6178600.0 ], [ 721100.0, 6178700.0 ], [ 721000.0, 6178700.0 ] ] ] } },
{ "type": "Feature", "properties": { "Shape_Area": 10000.0, "Shape_Leng": 400.0, "cluster_id": "101_827", "fid_1": 827.0, "id_munic": 827.0, "munic_clus": "101_827", "munic_code": 101.0, "min": 3.798067569732666, "max": 3.798067569732666, "mean": 3.798067569732666, "count": 1, "std": 0.0, "range": 0.0 }, "geometry": { "type": "Polygon", "coordinates": [ [ [ 721700.0, 6180600.0 ], [ 721700.0, 6180700.0 ], [ 721800.0, 6180700.0 ], [ 721800.0, 6180600.0 ], [ 721700.0, 6180600.0 ] ] ] } },
{ "type": "Feature", "properties": { "Shape_Area": 60000.0, "Shape_Leng": 1200.0, "cluster_id": "101_828", "fid_1": 828.0, "id_munic": 828.0, "munic_clus": "101_828", "munic_code": 101.0, "min": 3.1161282062530518, "max": 3.1161282062530518, "mean": 3.1161282857259116, "count": 6, "std": 7.947285984855057e-08, "range": 0.0 }, "geometry": { "type": "Polygon", "coordinates": [ [ [ 721000.0, 6179600.0 ], [ 721000.0, 6179700.0 ], [ 721100.0, 6179700.0 ], [ 721100.0, 6179800.0 ], [ 721200.0, 6179800.0 ], [ 721200.0, 6179700.0 ], [ 721200.0, 6179600.0 ], [ 721200.0, 6179500.0 ], [ 721100.0, 6179500.0 ], [ 721000.0, 6179500.0 ], [ 720900.0, 6179500.0 ], [ 720900.0, 6179600.0 ], [ 721000.0, 6179600.0 ] ] ] } },
{ "type": "Feature", "properties": { "Shape_Area": 50000.0, "Shape_Leng": 1200.0, "cluster_id": "101_829", "fid_1": 829.0, "id_munic": 829.0, "munic_clus": "101_829", "munic_code": 101.0, "min": 3.1727755069732666, "max": 3.1727755069732666, "mean": 3.172775650024414, "count": 5, "std": 1.4305114737211966e-07, "range": 0.0 }, "geometry": { "type": "Polygon", "coordinates": [ [ [ 720900.0, 6179800.0 ], [ 721000.0, 6179800.0 ], [ 721000.0, 6179900.0 ], [ 721000.0, 6180000.0 ], [ 721100.0, 6180000.0 ], [ 721100.0, 6179900.0 ], [ 721100.0, 6179800.0 ], [ 721100.0, 6179700.0 ], [ 721000.0, 6179700.0 ], [ 721000.0, 6179600.0 ], [ 720900.0, 6179600.0 ], [ 720900.0, 6179700.0 ], [ 720900.0, 6179800.0 ] ] ] } },
{ "type": "Feature", "properties": { "Shape_Area": 30000.0, "Shape_Leng": 800.0, "cluster_id": "101_830", "fid_1": 830.0, "id_munic": 830.0, "munic_clus": "101_830", "munic_code": 101.0, "min": 3.3948688507080078, "max": 3.3948688507080078, "mean": 3.3948688507080078, "count": 3, "std": 0.0, "range": 0.0 }, "geometry": { "type": "Polygon", "coordinates": [ [ [ 721600.0, 6180500.0 ], [ 721700.0, 6180500.0 ], [ 721700.0, 6180600.0 ], [ 721800.0, 6180600.0 ], [ 721800.0, 6180500.0 ], [ 721800.0, 6180400.0 ], [ 721700.0, 6180400.0 ], [ 721600.0, 6180400.0 ], [ 721600.0, 6180500.0 ] ] ] } },
{ "type": "Feature", "properties": { "Shape_Area": 170000.0, "Shape_Leng": 1800.0, "cluster_id": "101_831", "fid_1": 831.0, "id_munic": 831.0, "munic_clus": "101_831", "munic_code": 101.0, "min": 3.9220261573791504, "max": 3.9220261573791504, "mean": 3.9220262415268841, "count": 17, "std": 8.4147733669936997e-08, "range": 0.0 }, "geometry": { "type": "Polygon", "coordinates": [ [ [ 721500.0, 6180100.0 ], [ 721400.0, 6180100.0 ], [ 721300.0, 6180100.0 ], [ 721300.0, 6180200.0 ], [ 721300.0, 6180300.0 ], [ 721400.0, 6180300.0 ], [ 721400.0, 6180400.0 ], [ 721500.0, 6180400.0 ], [ 721600.0, 6180400.0 ], [ 721700.0, 6180400.0 ], [ 721800.0, 6180400.0 ], [ 721800.0, 6180300.0 ], [ 721800.0, 6180200.0 ], [ 721800.0, 6180100.0 ], [ 721800.0, 6180000.0 ], [ 721700.0, 6180000.0 ], [ 721600.0, 6180000.0 ], [ 721500.0, 6180000.0 ], [ 721500.0, 6180100.0 ] ] ] } },
{ "type": "Feature", "properties": { "Shape_Area": 110000.0, "Shape_Leng": 1600.0, "cluster_id": "101_832", "fid_1": 832.0, "id_munic": 832.0, "munic_clus": "101_832", "munic_code": 101.0, "min": 3.4020328521728516, "max": 3.4020328521728516, "mean": 3.4020330255681817, "count": 11, "std": 1.7339533009419483e-07, "range": 0.0 }, "geometry": { "type": "Polygon", "coordinates": [ [ [ 721500.0, 6179800.0 ], [ 721500.0, 6179900.0 ], [ 721500.0, 6180000.0 ], [ 721600.0, 6180000.0 ], [ 721700.0, 6180000.0 ], [ 721800.0, 6180000.0 ], [ 721800.0, 6179900.0 ], [ 721900.0, 6179900.0 ], [ 721900.0, 6179800.0 ], [ 721900.0, 6179700.0 ], [ 721800.0, 6179700.0 ], [ 721700.0, 6179700.0 ], [ 721700.0, 6179600.0 ], [ 721600.0, 6179600.0 ], [ 721600.0, 6179700.0 ], [ 721600.0, 6179800.0 ], [ 721500.0, 6179800.0 ] ] ] } },
{ "type": "Feature", "properties": { "Shape_Area": 220000.0, "Shape_Leng": 2200.0, "cluster_id": "101_833", "fid_1": 833.0, "id_munic": 833.0, "munic_clus": "101_833", "munic_code": 101.0, "min": 4.4135293960571289, "max": 4.4135293960571289, "mean": 4.4135291359641338, "count": 22, "std": 2.6009299514129225e-07, "range": 0.0 }, "geometry": { "type": "Polygon", "coordinates": [ [ [ 721300.0, 6179600.0 ], [ 721200.0, 6179600.0 ], [ 721200.0, 6179700.0 ], [ 721200.0, 6179800.0 ], [ 721100.0, 6179800.0 ], [ 721100.0, 6179900.0 ], [ 721100.0, 6180000.0 ], [ 721100.0, 6180100.0 ], [ 721100.0, 6180200.0 ], [ 721200.0, 6180200.0 ], [ 721300.0, 6180200.0 ], [ 721300.0, 6180100.0 ], [ 721400.0, 6180100.0 ], [ 721500.0, 6180100.0 ], [ 721500.0, 6180000.0 ], [ 721500.0, 6179900.0 ], [ 721500.0, 6179800.0 ], [ 721600.0, 6179800.0 ], [ 721600.0, 6179700.0 ], [ 721600.0, 6179600.0 ], [ 721500.0, 6179600.0 ], [ 721400.0, 6179600.0 ], [ 721300.0, 6179600.0 ] ] ] } },
{ "type": "Feature", "properties": { "Shape_Area": 20000.0, "Shape_Leng": 600.0, "cluster_id": "101_834", "fid_1": 834.0, "id_munic": 834.0, "munic_clus": "101_834", "munic_code": 101.0, "min": 3.0748088359832764, "max": 3.0748088359832764, "mean": 3.0748088359832764, "count": 2, "std": 0.0, "range": 0.0 }, "geometry": { "type": "Polygon", "coordinates": [ [ [ 720600.0, 6177500.0 ], [ 720700.0, 6177500.0 ], [ 720800.0, 6177500.0 ], [ 720800.0, 6177400.0 ], [ 720700.0, 6177400.0 ], [ 720600.0, 6177400.0 ], [ 720600.0, 6177500.0 ] ] ] } },
{ "type": "Feature", "properties": { "Shape_Area": 20000.0, "Shape_Leng": 600.0, "cluster_id": "101_835", "fid_1": 835.0, "id_munic": 835.0, "munic_clus": "101_835", "munic_code": 101.0, "min": 3.7909033298492432, "max": 3.7909033298492432, "mean": 3.7909033298492432, "count": 2, "std": 0.0, "range": 0.0 }, "geometry": { "type": "Polygon", "coordinates": [ [ [ 720600.0, 6177400.0 ], [ 720700.0, 6177400.0 ], [ 720800.0, 6177400.0 ], [ 720800.0, 6177300.0 ], [ 720700.0, 6177300.0 ], [ 720600.0, 6177300.0 ], [ 720600.0, 6177400.0 ] ] ] } },
{ "type": "Feature", "properties": { "Shape_Area": 30000.0, "Shape_Leng": 800.0, "cluster_id": "101_836", "fid_1": 836.0, "id_munic": 836.0, "munic_clus": "101_836", "munic_code": 101.0, "min": 2.4275248050689697, "max": 2.4275248050689697, "mean": 2.4275248845418296, "count": 3, "std": 7.947285984855057e-08, "range": 0.0 }, "geometry": { "type": "Polygon", "coordinates": [ [ [ 720800.0, 6177300.0 ], [ 720800.0, 6177400.0 ], [ 720900.0, 6177400.0 ], [ 720900.0, 6177300.0 ], [ 721000.0, 6177300.0 ], [ 721000.0, 6177200.0 ], [ 720900.0, 6177200.0 ], [ 720800.0, 6177200.0 ], [ 720800.0, 6177300.0 ] ] ] } },
{ "type": "Feature", "properties": { "Shape_Area": 50000.0, "Shape_Leng": 1000.0, "cluster_id": "101_837", "fid_1": 837.0, "id_munic": 837.0, "munic_clus": "101_837", "munic_code": 101.0, "min": 2.7264246940612793, "max": 2.7264246940612793, "mean": 2.726424789428711, "count": 5, "std": 9.5367431729442842e-08, "range": 0.0 }, "geometry": { "type": "Polygon", "coordinates": [ [ [ 720600.0, 6177300.0 ], [ 720500.0, 6177300.0 ], [ 720500.0, 6177400.0 ], [ 720400.0, 6177400.0 ], [ 720400.0, 6177500.0 ], [ 720400.0, 6177600.0 ], [ 720500.0, 6177600.0 ], [ 720600.0, 6177600.0 ], [ 720600.0, 6177500.0 ], [ 720600.0, 6177400.0 ], [ 720600.0, 6177300.0 ] ] ] } },
{ "type": "Feature", "properties": { "Shape_Area": 60000.0, "Shape_Leng": 1200.0, "cluster_id": "101_838", "fid_1": 838.0, "id_munic": 838.0, "munic_clus": "101_838", "munic_code": 101.0, "min": 3.2509167194366455, "max": 3.2509167194366455, "mean": 3.2509167989095054, "count": 6, "std": 7.947285984855057e-08, "range": 0.0 }, "geometry": { "type": "Polygon", "coordinates": [ [ [ 719800.0, 6178200.0 ], [ 719800.0, 6178300.0 ], [ 719900.0, 6178300.0 ], [ 719900.0, 6178400.0 ], [ 720000.0, 6178400.0 ], [ 720100.0, 6178400.0 ], [ 720100.0, 6178300.0 ], [ 720100.0, 6178200.0 ], [ 720000.0, 6178200.0 ], [ 720000.0, 6178100.0 ], [ 719900.0, 6178100.0 ], [ 719900.0, 6178200.0 ], [ 719800.0, 6178200.0 ] ] ] } },
{ "type": "Feature", "properties": { "Shape_Area": 20000.0, "Shape_Leng": 600.0, "cluster_id": "101_839", "fid_1": 839.0, "id_munic": 839.0, "munic_clus": "101_839", "munic_code": 101.0, "min": 3.5321557521820068, "max": 3.5321557521820068, "mean": 3.5321557521820068, "count": 2, "std": 0.0, "range": 0.0 }, "geometry": { "type": "Polygon", "coordinates": [ [ [ 720500.0, 6177200.0 ], [ 720500.0, 6177300.0 ], [ 720600.0, 6177300.0 ], [ 720600.0, 6177200.0 ], [ 720600.0, 6177100.0 ], [ 720500.0, 6177100.0 ], [ 720500.0, 6177200.0 ] ] ] } },
{ "type": "Feature", "properties": { "Shape_Area": 40000.0, "Shape_Leng": 800.0, "cluster_id": "101_840", "fid_1": 840.0, "id_munic": 840.0, "munic_clus": "101_840", "munic_code": 101.0, "min": 2.5803065299987793, "max": 2.5803065299987793, "mean": 2.5803065299987793, "count": 4, "std": 0.0, "range": 0.0 }, "geometry": { "type": "Polygon", "coordinates": [ [ [ 720800.0, 6177100.0 ], [ 720700.0, 6177100.0 ], [ 720600.0, 6177100.0 ], [ 720600.0, 6177200.0 ], [ 720600.0, 6177300.0 ], [ 720700.0, 6177300.0 ], [ 720800.0, 6177300.0 ], [ 720800.0, 6177200.0 ], [ 720800.0, 6177100.0 ] ] ] } },
{ "type": "Feature", "properties": { "Shape_Area": 20000.0, "Shape_Leng": 600.0, "cluster_id": "101_841", "fid_1": 841.0, "id_munic": 841.0, "munic_clus": "101_841", "munic_code": 101.0, "min": 4.3660454750061035, "max": 4.3660454750061035, "mean": 4.3660454750061035, "count": 2, "std": 0.0, "range": 0.0 }, "geometry": { "type": "Polygon", "coordinates": [ [ [ 717300.0, 6179700.0 ], [ 717400.0, 6179700.0 ], [ 717500.0, 6179700.0 ], [ 717500.0, 6179600.0 ], [ 717400.0, 6179600.0 ], [ 717300.0, 6179600.0 ], [ 717300.0, 6179700.0 ] ] ] } },
{ "type": "Feature", "properties": { "Shape_Area": 40000.0, "Shape_Leng": 800.0, "cluster_id": "101_842", "fid_1": 842.0, "id_munic": 842.0, "munic_clus": "101_842", "munic_code": 101.0, "min": 2.5451521873474121, "max": 2.5451521873474121, "mean": 2.5451521873474121, "count": 4, "std": 0.0, "range": 0.0 }, "geometry": { "type": "Polygon", "coordinates": [ [ [ 717400.0, 6179700.0 ], [ 717300.0, 6179700.0 ], [ 717200.0, 6179700.0 ], [ 717200.0, 6179800.0 ], [ 717200.0, 6179900.0 ], [ 717300.0, 6179900.0 ], [ 717400.0, 6179900.0 ], [ 717400.0, 6179800.0 ], [ 717400.0, 6179700.0 ] ] ] } },
{ "type": "Feature", "properties": { "Shape_Area": 60000.0, "Shape_Leng": 1400.0, "cluster_id": "101_843", "fid_1": 843.0, "id_munic": 843.0, "munic_clus": "101_843", "munic_code": 101.0, "min": 4.5734758377075195, "max": 4.5734758377075195, "mean": 4.5734758377075195, "count": 6, "std": 0.0, "range": 0.0 }, "geometry": { "type": "Polygon", "coordinates": [ [ [ 717400.0, 6179600.0 ], [ 717500.0, 6179600.0 ], [ 717500.0, 6179700.0 ], [ 717400.0, 6179700.0 ], [ 717400.0, 6179800.0 ], [ 717500.0, 6179800.0 ], [ 717600.0, 6179800.0 ], [ 717600.0, 6179700.0 ], [ 717600.0, 6179600.0 ], [ 717600.0, 6179500.0 ], [ 717500.0, 6179500.0 ], [ 717500.0, 6179400.0 ], [ 717400.0, 6179400.0 ], [ 717400.0, 6179500.0 ], [ 717400.0, 6179600.0 ] ] ] } },
{ "type": "Feature", "properties": { "Shape_Area": 90000.0, "Shape_Leng": 1400.0, "cluster_id": "101_844", "fid_1": 844.0, "id_munic": 844.0, "munic_clus": "101_844", "munic_code": 101.0, "min": 3.3167276382446289, "max": 3.3167276382446289, "mean": 3.3167275322808161, "count": 9, "std": 1.0596381283534129e-07, "range": 0.0 }, "geometry": { "type": "Polygon", "coordinates": [ [ [ 717500.0, 6179100.0 ], [ 717400.0, 6179100.0 ], [ 717400.0, 6179200.0 ], [ 717400.0, 6179300.0 ], [ 717500.0, 6179300.0 ], [ 717500.0, 6179400.0 ], [ 717600.0, 6179400.0 ], [ 717700.0, 6179400.0 ], [ 717800.0, 6179400.0 ], [ 717800.0, 6179300.0 ], [ 717800.0, 6179200.0 ], [ 717700.0, 6179200.0 ], [ 717600.0, 6179200.0 ], [ 717600.0, 6179100.0 ], [ 717500.0, 6179100.0 ] ] ] } },
{ "type": "Feature", "properties": { "Shape_Area": 350000.0, "Shape_Leng": 3000.0, "cluster_id": "101_845", "fid_1": 845.0, "id_munic": 845.0, "munic_clus": "101_845", "munic_code": 101.0, "min": 2.5308234691619873, "max": 2.5308234691619873, "mean": 2.5308236258370536, "count": 35, "std": 1.5667506625405283e-07, "range": 0.0 }, "geometry": { "type": "Polygon", "coordinates": [ [ [ 716900.0, 6179200.0 ], [ 716900.0, 6179300.0 ], [ 716900.0, 6179400.0 ], [ 716900.0, 6179500.0 ], [ 717000.0, 6179500.0 ], [ 717000.0, 6179600.0 ], [ 717100.0, 6179600.0 ], [ 717100.0, 6179700.0 ], [ 717200.0, 6179700.0 ], [ 717300.0, 6179700.0 ], [ 717300.0, 6179600.0 ], [ 717400.0, 6179600.0 ], [ 717400.0, 6179500.0 ], [ 717400.0, 6179400.0 ], [ 717500.0, 6179400.0 ], [ 717500.0, 6179300.0 ], [ 717400.0, 6179300.0 ], [ 717400.0, 6179200.0 ], [ 717400.0, 6179100.0 ], [ 717400.0, 6179000.0 ], [ 717300.0, 6179000.0 ], [ 717300.0, 6178900.0 ], [ 717200.0, 6178900.0 ], [ 717100.0, 6178900.0 ], [ 717100.0, 6178800.0 ], [ 717000.0, 6178800.0 ], [ 717000.0, 6178900.0 ], [ 717000.0, 6179000.0 ], [ 717000.0, 6179100.0 ], [ 716900.0, 6179100.0 ], [ 716900.0, 6179200.0 ] ] ] } },
{ "type": "Feature", "properties": { "Shape_Area": 10000.0, "Shape_Leng": 400.0, "cluster_id": "101_846", "fid_1": 846.0, "id_munic": 846.0, "munic_clus": "101_846", "munic_code": 101.0, "min": 3.7987334728240967, "max": 3.7987334728240967, "mean": 3.7987334728240967, "count": 1, "std": 0.0, "range": 0.0 }, "geometry": { "type": "Polygon", "coordinates": [ [ [ 725400.0, 6178100.0 ], [ 725400.0, 6178200.0 ], [ 725500.0, 6178200.0 ], [ 725500.0, 6178100.0 ], [ 725400.0, 6178100.0 ] ] ] } },
{ "type": "Feature", "properties": { "Shape_Area": 20000.0, "Shape_Leng": 600.0, "cluster_id": "101_847", "fid_1": 847.0, "id_munic": 847.0, "munic_clus": "101_847", "munic_code": 101.0, "min": 3.4035320281982422, "max": 3.4035320281982422, "mean": 3.4035320281982422, "count": 2, "std": 0.0, "range": 0.0 }, "geometry": { "type": "Polygon", "coordinates": [ [ [ 725300.0, 6178200.0 ], [ 725300.0, 6178300.0 ], [ 725400.0, 6178300.0 ], [ 725400.0, 6178200.0 ], [ 725400.0, 6178100.0 ], [ 725300.0, 6178100.0 ], [ 725300.0, 6178200.0 ] ] ] } },
{ "type": "Feature", "properties": { "Shape_Area": 110000.0, "Shape_Leng": 1600.0, "cluster_id": "101_848", "fid_1": 848.0, "id_munic": 848.0, "munic_clus": "101_848", "munic_code": 101.0, "min": 3.7160947322845459, "max": 3.7160947322845459, "mean": 3.7160946239124644, "count": 11, "std": 1.0837208153091638e-07, "range": 0.0 }, "geometry": { "type": "Polygon", "coordinates": [ [ [ 725200.0, 6177800.0 ], [ 725200.0, 6177900.0 ], [ 725100.0, 6177900.0 ], [ 725100.0, 6178000.0 ], [ 725000.0, 6178000.0 ], [ 725000.0, 6178100.0 ], [ 725100.0, 6178100.0 ], [ 725100.0, 6178200.0 ], [ 725200.0, 6178200.0 ], [ 725300.0, 6178200.0 ], [ 725300.0, 6178100.0 ], [ 725400.0, 6178100.0 ], [ 725400.0, 6178000.0 ], [ 725400.0, 6177900.0 ], [ 725400.0, 6177800.0 ], [ 725300.0, 6177800.0 ], [ 725200.0, 6177800.0 ] ] ] } },
{ "type": "Feature", "properties": { "Shape_Area": 30000.0, "Shape_Leng": 800.0, "cluster_id": "101_849", "fid_1": 849.0, "id_munic": 849.0, "munic_clus": "101_849", "munic_code": 101.0, "min": 3.4506838321685791, "max": 3.4506838321685791, "mean": 3.450683911641439, "count": 3, "std": 7.947285984855057e-08, "range": 0.0 }, "geometry": { "type": "Polygon", "coordinates": [ [ [ 725400.0, 6178300.0 ], [ 725500.0, 6178300.0 ], [ 725500.0, 6178400.0 ], [ 725600.0, 6178400.0 ], [ 725600.0, 6178300.0 ], [ 725600.0, 6178200.0 ], [ 725500.0, 6178200.0 ], [ 725400.0, 6178200.0 ], [ 725400.0, 6178300.0 ] ] ] } },
{ "type": "Feature", "properties": { "Shape_Area": 40000.0, "Shape_Leng": 1000.0, "cluster_id": "101_850", "fid_1": 850.0, "id_munic": 850.0, "munic_clus": "101_850", "munic_code": 101.0, "min": 3.9805066585540771, "max": 3.9805066585540771, "mean": 3.9805066585540771, "count": 4, "std": 0.0, "range": 0.0 }, "geometry": { "type": "Polygon", "coordinates": [ [ [ 724700.0, 6175600.0 ], [ 724700.0, 6175700.0 ], [ 724800.0, 6175700.0 ], [ 724900.0, 6175700.0 ], [ 724900.0, 6175600.0 ], [ 724800.0, 6175600.0 ], [ 724800.0, 6175500.0 ], [ 724700.0, 6175500.0 ], [ 724600.0, 6175500.0 ], [ 724600.0, 6175600.0 ], [ 724700.0, 6175600.0 ] ] ] } },
{ "type": "Feature", "properties": { "Shape_Area": 10000.0, "Shape_Leng": 400.0, "cluster_id": "101_851", "fid_1": 851.0, "id_munic": 851.0, "munic_clus": "101_851", "munic_code": 101.0, "min": 2.9753415584564209, "max": 2.9753415584564209, "mean": 2.9753415584564209, "count": 1, "std": 0.0, "range": 0.0 }, "geometry": { "type": "Polygon", "coordinates": [ [ [ 724200.0, 6176800.0 ], [ 724200.0, 6176900.0 ], [ 724300.0, 6176900.0 ], [ 724300.0, 6176800.0 ], [ 724200.0, 6176800.0 ] ] ] } },
{ "type": "Feature", "properties": { "Shape_Area": 20000.0, "Shape_Leng": 600.0, "cluster_id": "101_852", "fid_1": 852.0, "id_munic": 852.0, "munic_clus": "101_852", "munic_code": 101.0, "min": 2.9458518028259277, "max": 2.9458518028259277, "mean": 2.9458518028259277, "count": 2, "std": 0.0, "range": 0.0 }, "geometry": { "type": "Polygon", "coordinates": [ [ [ 721200.0, 6174700.0 ], [ 721300.0, 6174700.0 ], [ 721400.0, 6174700.0 ], [ 721400.0, 6174600.0 ], [ 721300.0, 6174600.0 ], [ 721200.0, 6174600.0 ], [ 721200.0, 6174700.0 ] ] ] } },
{ "type": "Feature", "properties": { "Shape_Area": 10000.0, "Shape_Leng": 400.0, "cluster_id": "101_853", "fid_1": 853.0, "id_munic": 853.0, "munic_clus": "101_853", "munic_code": 101.0, "min": 3.0313234329223633, "max": 3.0313234329223633, "mean": 3.0313234329223633, "count": 1, "std": 0.0, "range": 0.0 }, "geometry": { "type": "Polygon", "coordinates": [ [ [ 721900.0, 6178600.0 ], [ 721900.0, 6178700.0 ], [ 722000.0, 6178700.0 ], [ 722000.0, 6178600.0 ], [ 721900.0, 6178600.0 ] ] ] } },
{ "type": "Feature", "properties": { "Shape_Area": 40000.0, "Shape_Leng": 1000.0, "cluster_id": "101_854", "fid_1": 854.0, "id_munic": 854.0, "munic_clus": "101_854", "munic_code": 101.0, "min": 3.1226260662078857, "max": 3.1226260662078857, "mean": 3.1226260662078857, "count": 4, "std": 0.0, "range": 0.0 }, "geometry": { "type": "Polygon", "coordinates": [ [ [ 721800.0, 6178800.0 ], [ 721800.0, 6178900.0 ], [ 721900.0, 6178900.0 ], [ 721900.0, 6178800.0 ], [ 722000.0, 6178800.0 ], [ 722000.0, 6178700.0 ], [ 721900.0, 6178700.0 ], [ 721900.0, 6178600.0 ], [ 721800.0, 6178600.0 ], [ 721800.0, 6178700.0 ], [ 721800.0, 6178800.0 ] ] ] } },
{ "type": "Feature", "properties": { "Shape_Area": 30000.0, "Shape_Leng": 800.0, "cluster_id": "101_855", "fid_1": 855.0, "id_munic": 855.0, "munic_clus": "101_855", "munic_code": 101.0, "min": 3.495835542678833, "max": 3.495835542678833, "mean": 3.4958356221516929, "count": 3, "std": 7.947285984855057e-08, "range": 0.0 }, "geometry": { "type": "Polygon", "coordinates": [ [ [ 721500.0, 6173900.0 ], [ 721500.0, 6174000.0 ], [ 721500.0, 6174100.0 ], [ 721600.0, 6174100.0 ], [ 721600.0, 6174000.0 ], [ 721600.0, 6173900.0 ], [ 721600.0, 6173800.0 ], [ 721500.0, 6173800.0 ], [ 721500.0, 6173900.0 ] ] ] } },
{ "type": "Feature", "properties": { "Shape_Area": 20000.0, "Shape_Leng": 600.0, "cluster_id": "101_856", "fid_1": 856.0, "id_munic": 856.0, "munic_clus": "101_856", "munic_code": 101.0, "min": 3.0556483268737793, "max": 3.0556483268737793, "mean": 3.0556483268737793, "count": 2, "std": 0.0, "range": 0.0 }, "geometry": { "type": "Polygon", "coordinates": [ [ [ 721400.0, 6173400.0 ], [ 721400.0, 6173500.0 ], [ 721500.0, 6173500.0 ], [ 721500.0, 6173400.0 ], [ 721500.0, 6173300.0 ], [ 721400.0, 6173300.0 ], [ 721400.0, 6173400.0 ] ] ] } },
{ "type": "Feature", "properties": { "Shape_Area": 20000.0, "Shape_Leng": 600.0, "cluster_id": "101_857", "fid_1": 857.0, "id_munic": 857.0, "munic_clus": "101_857", "munic_code": 101.0, "min": 2.9080309867858887, "max": 2.9080309867858887, "mean": 2.9080309867858887, "count": 2, "std": 0.0, "range": 0.0 }, "geometry": { "type": "Polygon", "coordinates": [ [ [ 721600.0, 6173600.0 ], [ 721600.0, 6173700.0 ], [ 721700.0, 6173700.0 ], [ 721700.0, 6173600.0 ], [ 721700.0, 6173500.0 ], [ 721600.0, 6173500.0 ], [ 721600.0, 6173600.0 ] ] ] } },
{ "type": "Feature", "properties": { "Shape_Area": 20000.0, "Shape_Leng": 600.0, "cluster_id": "101_858", "fid_1": 858.0, "id_munic": 858.0, "munic_clus": "101_858", "munic_code": 101.0, "min": 3.1582808494567871, "max": 3.1582808494567871, "mean": 3.1582808494567871, "count": 2, "std": 0.0, "range": 0.0 }, "geometry": { "type": "Polygon", "coordinates": [ [ [ 721400.0, 6174000.0 ], [ 721400.0, 6174100.0 ], [ 721500.0, 6174100.0 ], [ 721500.0, 6174000.0 ], [ 721500.0, 6173900.0 ], [ 721400.0, 6173900.0 ], [ 721400.0, 6174000.0 ] ] ] } },
{ "type": "Feature", "properties": { "Shape_Area": 50000.0, "Shape_Leng": 1000.0, "cluster_id": "101_859", "fid_1": 859.0, "id_munic": 859.0, "munic_clus": "101_859", "munic_code": 101.0, "min": 3.1502835750579834, "max": 3.1502835750579834, "mean": 3.150283622741699, "count": 5, "std": 4.7683715642676816e-08, "range": 0.0 }, "geometry": { "type": "Polygon", "coordinates": [ [ [ 721200.0, 6173900.0 ], [ 721200.0, 6174000.0 ], [ 721300.0, 6174000.0 ], [ 721400.0, 6174000.0 ], [ 721400.0, 6173900.0 ], [ 721400.0, 6173800.0 ], [ 721300.0, 6173800.0 ], [ 721200.0, 6173800.0 ], [ 721100.0, 6173800.0 ], [ 721100.0, 6173900.0 ], [ 721200.0, 6173900.0 ] ] ] } },
{ "type": "Feature", "properties": { "Shape_Area": 50000.0, "Shape_Leng": 1200.0, "cluster_id": "101_860", "fid_1": 860.0, "id_munic": 860.0, "munic_clus": "101_860", "munic_code": 101.0, "min": 3.4596807956695557, "max": 3.4596807956695557, "mean": 3.459680938720703, "count": 5, "std": 1.4305114737211966e-07, "range": 0.0 }, "geometry": { "type": "Polygon", "coordinates": [ [ [ 721800.0, 6173600.0 ], [ 721700.0, 6173600.0 ], [ 721700.0, 6173700.0 ], [ 721600.0, 6173700.0 ], [ 721600.0, 6173800.0 ], [ 721600.0, 6173900.0 ], [ 721600.0, 6174000.0 ], [ 721700.0, 6174000.0 ], [ 721700.0, 6173900.0 ], [ 721700.0, 6173800.0 ], [ 721800.0, 6173800.0 ], [ 721800.0, 6173700.0 ], [ 721800.0, 6173600.0 ] ] ] } },
{ "type": "Feature", "properties": { "Shape_Area": 10000.0, "Shape_Leng": 400.0, "cluster_id": "101_861", "fid_1": 861.0, "id_munic": 861.0, "munic_clus": "101_861", "munic_code": 101.0, "min": 3.7812397480010986, "max": 3.7812397480010986, "mean": 3.7812397480010986, "count": 1, "std": 0.0, "range": 0.0 }, "geometry": { "type": "Polygon", "coordinates": [ [ [ 721600.0, 6174000.0 ], [ 721600.0, 6174100.0 ], [ 721700.0, 6174100.0 ], [ 721700.0, 6174000.0 ], [ 721600.0, 6174000.0 ] ] ] } },
{ "type": "Feature", "properties": { "Shape_Area": 10000.0, "Shape_Leng": 400.0, "cluster_id": "101_862", "fid_1": 862.0, "id_munic": 862.0, "munic_clus": "101_862", "munic_code": 101.0, "min": 3.723259449005127, "max": 3.723259449005127, "mean": 3.723259449005127, "count": 1, "std": 0.0, "range": 0.0 }, "geometry": { "type": "Polygon", "coordinates": [ [ [ 721800.0, 6173200.0 ], [ 721800.0, 6173300.0 ], [ 721900.0, 6173300.0 ], [ 721900.0, 6173200.0 ], [ 721800.0, 6173200.0 ] ] ] } },
{ "type": "Feature", "properties": { "Shape_Area": 20000.0, "Shape_Leng": 600.0, "cluster_id": "101_863", "fid_1": 863.0, "id_munic": 863.0, "munic_clus": "101_863", "munic_code": 101.0, "min": 4.075808048248291, "max": 4.075808048248291, "mean": 4.075808048248291, "count": 2, "std": 0.0, "range": 0.0 }, "geometry": { "type": "Polygon", "coordinates": [ [ [ 721800.0, 6173100.0 ], [ 721800.0, 6173200.0 ], [ 721900.0, 6173200.0 ], [ 721900.0, 6173100.0 ], [ 721900.0, 6173000.0 ], [ 721800.0, 6173000.0 ], [ 721800.0, 6173100.0 ] ] ] } },
{ "type": "Feature", "properties": { "Shape_Area": 20000.0, "Shape_Leng": 600.0, "cluster_id": "101_864", "fid_1": 864.0, "id_munic": 864.0, "munic_clus": "101_864", "munic_code": 101.0, "min": 3.3992006778717041, "max": 3.3992006778717041, "mean": 3.3992006778717041, "count": 2, "std": 0.0, "range": 0.0 }, "geometry": { "type": "Polygon", "coordinates": [ [ [ 721700.0, 6173200.0 ], [ 721700.0, 6173300.0 ], [ 721800.0, 6173300.0 ], [ 721800.0, 6173200.0 ], [ 721800.0, 6173100.0 ], [ 721700.0, 6173100.0 ], [ 721700.0, 6173200.0 ] ] ] } },
{ "type": "Feature", "properties": { "Shape_Area": 230000.0, "Shape_Leng": 2200.0, "cluster_id": "101_865", "fid_1": 865.0, "id_munic": 865.0, "munic_clus": "101_865", "munic_code": 101.0, "min": 3.9371879100799561, "max": 3.9371879100799561, "mean": 3.9371878582498301, "count": 23, "std": 5.1830125968876928e-08, "range": 0.0 }, "geometry": { "type": "Polygon", "coordinates": [ [ [ 721100.0, 6173300.0 ], [ 721000.0, 6173300.0 ], [ 721000.0, 6173400.0 ], [ 721000.0, 6173500.0 ], [ 721000.0, 6173600.0 ], [ 721000.0, 6173700.0 ], [ 721100.0, 6173700.0 ], [ 721100.0, 6173800.0 ], [ 721200.0, 6173800.0 ], [ 721300.0, 6173800.0 ], [ 721400.0, 6173800.0 ], [ 721400.0, 6173700.0 ], [ 721400.0, 6173600.0 ], [ 721400.0, 6173500.0 ], [ 721400.0, 6173400.0 ], [ 721400.0, 6173300.0 ], [ 721400.0, 6173200.0 ], [ 721400.0, 6173100.0 ], [ 721300.0, 6173100.0 ], [ 721300.0, 6173200.0 ], [ 721200.0, 6173200.0 ], [ 721100.0, 6173200.0 ], [ 721100.0, 6173300.0 ] ] ] } },
{ "type": "Feature", "properties": { "Shape_Area": 10000.0, "Shape_Leng": 400.0, "cluster_id": "101_866", "fid_1": 866.0, "id_munic": 866.0, "munic_clus": "101_866", "munic_code": 101.0, "min": 3.7624123096466064, "max": 3.7624123096466064, "mean": 3.7624123096466064, "count": 1, "std": 0.0, "range": 0.0 }, "geometry": { "type": "Polygon", "coordinates": [ [ [ 723700.0, 6174500.0 ], [ 723700.0, 6174600.0 ], [ 723800.0, 6174600.0 ], [ 723800.0, 6174500.0 ], [ 723700.0, 6174500.0 ] ] ] } },
{ "type": "Feature", "properties": { "Shape_Area": 10000.0, "Shape_Leng": 400.0, "cluster_id": "101_867", "fid_1": 867.0, "id_munic": 867.0, "munic_clus": "101_867", "munic_code": 101.0, "min": 2.5124959945678711, "max": 2.5124959945678711, "mean": 2.5124959945678711, "count": 1, "std": 0.0, "range": 0.0 }, "geometry": { "type": "Polygon", "coordinates": [ [ [ 723600.0, 6174600.0 ], [ 723600.0, 6174700.0 ], [ 723700.0, 6174700.0 ], [ 723700.0, 6174600.0 ], [ 723600.0, 6174600.0 ] ] ] } },
{ "type": "Feature", "properties": { "Shape_Area": 10000.0, "Shape_Leng": 400.0, "cluster_id": "101_868", "fid_1": 868.0, "id_munic": 868.0, "munic_clus": "101_868", "munic_code": 101.0, "min": 3.7369208335876465, "max": 3.7369208335876465, "mean": 3.7369208335876465, "count": 1, "std": 0.0, "range": 0.0 }, "geometry": { "type": "Polygon", "coordinates": [ [ [ 723700.0, 6175000.0 ], [ 723700.0, 6175100.0 ], [ 723800.0, 6175100.0 ], [ 723800.0, 6175000.0 ], [ 723700.0, 6175000.0 ] ] ] } },
{ "type": "Feature", "properties": { "Shape_Area": 20000.0, "Shape_Leng": 600.0, "cluster_id": "101_869", "fid_1": 869.0, "id_munic": 869.0, "munic_clus": "101_869", "munic_code": 101.0, "min": 4.1139626502990723, "max": 4.1139626502990723, "mean": 4.1139626502990723, "count": 2, "std": 0.0, "range": 0.0 }, "geometry": { "type": "Polygon", "coordinates": [ [ [ 723500.0, 6174900.0 ], [ 723500.0, 6175000.0 ], [ 723600.0, 6175000.0 ], [ 723600.0, 6174900.0 ], [ 723600.0, 6174800.0 ], [ 723500.0, 6174800.0 ], [ 723500.0, 6174900.0 ] ] ] } },
{ "type": "Feature", "properties": { "Shape_Area": 20000.0, "Shape_Leng": 600.0, "cluster_id": "101_870", "fid_1": 870.0, "id_munic": 870.0, "munic_clus": "101_870", "munic_code": 101.0, "min": 3.9968345165252686, "max": 3.9968345165252686, "mean": 3.9968345165252686, "count": 2, "std": 0.0, "range": 0.0 }, "geometry": { "type": "Polygon", "coordinates": [ [ [ 723600.0, 6175000.0 ], [ 723600.0, 6175100.0 ], [ 723700.0, 6175100.0 ], [ 723700.0, 6175000.0 ], [ 723700.0, 6174900.0 ], [ 723600.0, 6174900.0 ], [ 723600.0, 6175000.0 ] ] ] } },
{ "type": "Feature", "properties": { "Shape_Area": 20000.0, "Shape_Leng": 600.0, "cluster_id": "101_871", "fid_1": 871.0, "id_munic": 871.0, "munic_clus": "101_871", "munic_code": 101.0, "min": 2.9300236701965332, "max": 2.9300236701965332, "mean": 2.9300236701965332, "count": 2, "std": 0.0, "range": 0.0 }, "geometry": { "type": "Polygon", "coordinates": [ [ [ 723400.0, 6174900.0 ], [ 723400.0, 6175000.0 ], [ 723500.0, 6175000.0 ], [ 723500.0, 6174900.0 ], [ 723500.0, 6174800.0 ], [ 723400.0, 6174800.0 ], [ 723400.0, 6174900.0 ] ] ] } },
{ "type": "Feature", "properties": { "Shape_Area": 30000.0, "Shape_Leng": 800.0, "cluster_id": "101_872", "fid_1": 872.0, "id_munic": 872.0, "munic_clus": "101_872", "munic_code": 101.0, "min": 2.8672115802764893, "max": 2.8672115802764893, "mean": 2.8672116597493491, "count": 3, "std": 7.947285984855057e-08, "range": 0.0 }, "geometry": { "type": "Polygon", "coordinates": [ [ [ 723200.0, 6174600.0 ], [ 723200.0, 6174700.0 ], [ 723300.0, 6174700.0 ], [ 723400.0, 6174700.0 ], [ 723400.0, 6174600.0 ], [ 723300.0, 6174600.0 ], [ 723300.0, 6174500.0 ], [ 723200.0, 6174500.0 ], [ 723200.0, 6174600.0 ] ] ] } },
{ "type": "Feature", "properties": { "Shape_Area": 10000.0, "Shape_Leng": 400.0, "cluster_id": "101_873", "fid_1": 873.0, "id_munic": 873.0, "munic_clus": "101_873", "munic_code": 101.0, "min": 3.356548547744751, "max": 3.356548547744751, "mean": 3.356548547744751, "count": 1, "std": 0.0, "range": 0.0 }, "geometry": { "type": "Polygon", "coordinates": [ [ [ 723000.0, 6174400.0 ], [ 723000.0, 6174500.0 ], [ 723100.0, 6174500.0 ], [ 723100.0, 6174400.0 ], [ 723000.0, 6174400.0 ] ] ] } },
{ "type": "Feature", "properties": { "Shape_Area": 10000.0, "Shape_Leng": 400.0, "cluster_id": "101_874", "fid_1": 874.0, "id_munic": 874.0, "munic_clus": "101_874", "munic_code": 101.0, "min": 3.7052655220031738, "max": 3.7052655220031738, "mean": 3.7052655220031738, "count": 1, "std": 0.0, "range": 0.0 }, "geometry": { "type": "Polygon", "coordinates": [ [ [ 722900.0, 6174300.0 ], [ 722900.0, 6174400.0 ], [ 723000.0, 6174400.0 ], [ 723000.0, 6174300.0 ], [ 722900.0, 6174300.0 ] ] ] } },
{ "type": "Feature", "properties": { "Shape_Area": 20000.0, "Shape_Leng": 600.0, "cluster_id": "101_875", "fid_1": 875.0, "id_munic": 875.0, "munic_clus": "101_875", "munic_code": 101.0, "min": 2.892535924911499, "max": 2.892535924911499, "mean": 2.892535924911499, "count": 2, "std": 0.0, "range": 0.0 }, "geometry": { "type": "Polygon", "coordinates": [ [ [ 723100.0, 6174500.0 ], [ 723200.0, 6174500.0 ], [ 723300.0, 6174500.0 ], [ 723300.0, 6174400.0 ], [ 723200.0, 6174400.0 ], [ 723100.0, 6174400.0 ], [ 723100.0, 6174500.0 ] ] ] } },
{ "type": "Feature", "properties": { "Shape_Area": 20000.0, "Shape_Leng": 600.0, "cluster_id": "101_876", "fid_1": 876.0, "id_munic": 876.0, "munic_clus": "101_876", "munic_code": 101.0, "min": 2.8875377178192139, "max": 2.8875377178192139, "mean": 2.8875377178192139, "count": 2, "std": 0.0, "range": 0.0 }, "geometry": { "type": "Polygon", "coordinates": [ [ [ 722900.0, 6174800.0 ], [ 723000.0, 6174800.0 ], [ 723100.0, 6174800.0 ], [ 723100.0, 6174700.0 ], [ 723000.0, 6174700.0 ], [ 722900.0, 6174700.0 ], [ 722900.0, 6174800.0 ] ] ] } },
{ "type": "Feature", "properties": { "Shape_Area": 50000.0, "Shape_Leng": 1000.0, "cluster_id": "101_877", "fid_1": 877.0, "id_munic": 877.0, "munic_clus": "101_877", "munic_code": 101.0, "min": 2.6451187133789062, "max": 2.6451187133789062, "mean": 2.6451187133789062, "count": 5, "std": 0.0, "range": 0.0 }, "geometry": { "type": "Polygon", "coordinates": [ [ [ 723200.0, 6174500.0 ], [ 723100.0, 6174500.0 ], [ 723000.0, 6174500.0 ], [ 723000.0, 6174600.0 ], [ 723000.0, 6174700.0 ], [ 723100.0, 6174700.0 ], [ 723100.0, 6174800.0 ], [ 723200.0, 6174800.0 ], [ 723200.0, 6174700.0 ], [ 723200.0, 6174600.0 ], [ 723200.0, 6174500.0 ] ] ] } },
{ "type": "Feature", "properties": { "Shape_Area": 10000.0, "Shape_Leng": 400.0, "cluster_id": "101_878", "fid_1": 878.0, "id_munic": 878.0, "munic_clus": "101_878", "munic_code": 101.0, "min": 2.633455753326416, "max": 2.633455753326416, "mean": 2.633455753326416, "count": 1, "std": 0.0, "range": 0.0 }, "geometry": { "type": "Polygon", "coordinates": [ [ [ 723400.0, 6174600.0 ], [ 723400.0, 6174700.0 ], [ 723500.0, 6174700.0 ], [ 723500.0, 6174600.0 ], [ 723400.0, 6174600.0 ] ] ] } },
{ "type": "Feature", "properties": { "Shape_Area": 20000.0, "Shape_Leng": 600.0, "cluster_id": "101_879", "fid_1": 879.0, "id_munic": 879.0, "munic_clus": "101_879", "munic_code": 101.0, "min": 2.9463512897491455, "max": 2.9463512897491455, "mean": 2.9463512897491455, "count": 2, "std": 0.0, "range": 0.0 }, "geometry": { "type": "Polygon", "coordinates": [ [ [ 723500.0, 6174600.0 ], [ 723600.0, 6174600.0 ], [ 723700.0, 6174600.0 ], [ 723700.0, 6174500.0 ], [ 723600.0, 6174500.0 ], [ 723500.0, 6174500.0 ], [ 723500.0, 6174600.0 ] ] ] } },
{ "type": "Feature", "properties": { "Shape_Area": 10000.0, "Shape_Leng": 400.0, "cluster_id": "101_880", "fid_1": 880.0, "id_munic": 880.0, "munic_clus": "101_880", "munic_code": 101.0, "min": 3.7835729122161865, "max": 3.7835729122161865, "mean": 3.7835729122161865, "count": 1, "std": 0.0, "range": 0.0 }, "geometry": { "type": "Polygon", "coordinates": [ [ [ 722900.0, 6174400.0 ], [ 722900.0, 6174500.0 ], [ 723000.0, 6174500.0 ], [ 723000.0, 6174400.0 ], [ 722900.0, 6174400.0 ] ] ] } },
{ "type": "Feature", "properties": { "Shape_Area": 10000.0, "Shape_Leng": 400.0, "cluster_id": "101_881", "fid_1": 881.0, "id_munic": 881.0, "munic_clus": "101_881", "munic_code": 101.0, "min": 3.3900365829467773, "max": 3.3900365829467773, "mean": 3.3900365829467773, "count": 1, "std": 0.0, "range": 0.0 }, "geometry": { "type": "Polygon", "coordinates": [ [ [ 722800.0, 6174500.0 ], [ 722800.0, 6174600.0 ], [ 722900.0, 6174600.0 ], [ 722900.0, 6174500.0 ], [ 722800.0, 6174500.0 ] ] ] } },
{ "type": "Feature", "properties": { "Shape_Area": 20000.0, "Shape_Leng": 600.0, "cluster_id": "101_882", "fid_1": 882.0, "id_munic": 882.0, "munic_clus": "101_882", "munic_code": 101.0, "min": 2.5241589546203613, "max": 2.5241589546203613, "mean": 2.5241589546203613, "count": 2, "std": 0.0, "range": 0.0 }, "geometry": { "type": "Polygon", "coordinates": [ [ [ 723500.0, 6174700.0 ], [ 723500.0, 6174800.0 ], [ 723600.0, 6174800.0 ], [ 723600.0, 6174700.0 ], [ 723600.0, 6174600.0 ], [ 723500.0, 6174600.0 ], [ 723500.0, 6174700.0 ] ] ] } },
{ "type": "Feature", "properties": { "Shape_Area": 10000.0, "Shape_Leng": 400.0, "cluster_id": "101_883", "fid_1": 883.0, "id_munic": 883.0, "munic_clus": "101_883", "munic_code": 101.0, "min": 3.2134289741516113, "max": 3.2134289741516113, "mean": 3.2134289741516113, "count": 1, "std": 0.0, "range": 0.0 }, "geometry": { "type": "Polygon", "coordinates": [ [ [ 723400.0, 6174500.0 ], [ 723400.0, 6174600.0 ], [ 723500.0, 6174600.0 ], [ 723500.0, 6174500.0 ], [ 723400.0, 6174500.0 ] ] ] } },
{ "type": "Feature", "properties": { "Shape_Area": 10000.0, "Shape_Leng": 400.0, "cluster_id": "101_884", "fid_1": 884.0, "id_munic": 884.0, "munic_clus": "101_884", "munic_code": 101.0, "min": 2.4105305671691895, "max": 2.4105305671691895, "mean": 2.4105305671691895, "count": 1, "std": 0.0, "range": 0.0 }, "geometry": { "type": "Polygon", "coordinates": [ [ [ 723300.0, 6174500.0 ], [ 723300.0, 6174600.0 ], [ 723400.0, 6174600.0 ], [ 723400.0, 6174500.0 ], [ 723300.0, 6174500.0 ] ] ] } },
{ "type": "Feature", "properties": { "Shape_Area": 80000.0, "Shape_Leng": 1600.0, "cluster_id": "101_885", "fid_1": 885.0, "id_munic": 885.0, "munic_clus": "101_885", "munic_code": 101.0, "min": 2.7580809593200684, "max": 2.7580809593200684, "mean": 2.7580809593200684, "count": 8, "std": 0.0, "range": 0.0 }, "geometry": { "type": "Polygon", "coordinates": [ [ [ 725200.0, 6180800.0 ], [ 725200.0, 6180700.0 ], [ 725100.0, 6180700.0 ], [ 725000.0, 6180700.0 ], [ 725000.0, 6180800.0 ], [ 724900.0, 6180800.0 ], [ 724800.0, 6180800.0 ], [ 724700.0, 6180800.0 ], [ 724700.0, 6180900.0 ], [ 724700.0, 6181000.0 ], [ 724800.0, 6181000.0 ], [ 724900.0, 6181000.0 ], [ 724900.0, 6180900.0 ], [ 725000.0, 6180900.0 ], [ 725100.0, 6180900.0 ], [ 725100.0, 6180800.0 ], [ 725200.0, 6180800.0 ] ] ] } },
{ "type": "Feature", "properties": { "Shape_Area": 10000.0, "Shape_Leng": 400.0, "cluster_id": "101_886", "fid_1": 886.0, "id_munic": 886.0, "munic_clus": "101_886", "munic_code": 101.0, "min": 3.2957353591918945, "max": 3.2957353591918945, "mean": 3.2957353591918945, "count": 1, "std": 0.0, "range": 0.0 }, "geometry": { "type": "Polygon", "coordinates": [ [ [ 722700.0, 6175000.0 ], [ 722700.0, 6175100.0 ], [ 722800.0, 6175100.0 ], [ 722800.0, 6175000.0 ], [ 722700.0, 6175000.0 ] ] ] } },
{ "type": "Feature", "properties": { "Shape_Area": 20000.0, "Shape_Leng": 600.0, "cluster_id": "101_887", "fid_1": 887.0, "id_munic": 887.0, "munic_clus": "101_887", "munic_code": 101.0, "min": 3.3138959407806396, "max": 3.3138959407806396, "mean": 3.3138959407806396, "count": 2, "std": 0.0, "range": 0.0 }, "geometry": { "type": "Polygon", "coordinates": [ [ [ 722800.0, 6174400.0 ], [ 722800.0, 6174500.0 ], [ 722900.0, 6174500.0 ], [ 722900.0, 6174400.0 ], [ 722900.0, 6174300.0 ], [ 722800.0, 6174300.0 ], [ 722800.0, 6174400.0 ] ] ] } },
{ "type": "Feature", "properties": { "Shape_Area": 10000.0, "Shape_Leng": 400.0, "cluster_id": "101_888", "fid_1": 888.0, "id_munic": 888.0, "munic_clus": "101_888", "munic_code": 101.0, "min": 2.6534490585327148, "max": 2.6534490585327148, "mean": 2.6534490585327148, "count": 1, "std": 0.0, "range": 0.0 }, "geometry": { "type": "Polygon", "coordinates": [ [ [ 722900.0, 6174600.0 ], [ 722900.0, 6174700.0 ], [ 723000.0, 6174700.0 ], [ 723000.0, 6174600.0 ], [ 722900.0, 6174600.0 ] ] ] } },
{ "type": "Feature", "properties": { "Shape_Area": 10000.0, "Shape_Leng": 400.0, "cluster_id": "101_889", "fid_1": 889.0, "id_munic": 889.0, "munic_clus": "101_889", "munic_code": 101.0, "min": 3.4965012073516846, "max": 3.4965012073516846, "mean": 3.4965012073516846, "count": 1, "std": 0.0, "range": 0.0 }, "geometry": { "type": "Polygon", "coordinates": [ [ [ 723400.0, 6174700.0 ], [ 723400.0, 6174800.0 ], [ 723500.0, 6174800.0 ], [ 723500.0, 6174700.0 ], [ 723400.0, 6174700.0 ] ] ] } },
{ "type": "Feature", "properties": { "Shape_Area": 10000.0, "Shape_Leng": 400.0, "cluster_id": "101_890", "fid_1": 890.0, "id_munic": 890.0, "munic_clus": "101_890", "munic_code": 101.0, "min": 2.6936023235321045, "max": 2.6936023235321045, "mean": 2.6936023235321045, "count": 1, "std": 0.0, "range": 0.0 }, "geometry": { "type": "Polygon", "coordinates": [ [ [ 722900.0, 6174500.0 ], [ 722900.0, 6174600.0 ], [ 723000.0, 6174600.0 ], [ 723000.0, 6174500.0 ], [ 722900.0, 6174500.0 ] ] ] } },
{ "type": "Feature", "properties": { "Shape_Area": 60000.0, "Shape_Leng": 1000.0, "cluster_id": "101_891", "fid_1": 891.0, "id_munic": 891.0, "munic_clus": "101_891", "munic_code": 101.0, "min": 3.2864043712615967, "max": 3.2864043712615967, "mean": 3.2864042917887368, "count": 6, "std": 7.947285984855057e-08, "range": 0.0 }, "geometry": { "type": "Polygon", "coordinates": [ [ [ 719800.0, 6178900.0 ], [ 719700.0, 6178900.0 ], [ 719600.0, 6178900.0 ], [ 719500.0, 6178900.0 ], [ 719500.0, 6179000.0 ], [ 719500.0, 6179100.0 ], [ 719600.0, 6179100.0 ], [ 719700.0, 6179100.0 ], [ 719800.0, 6179100.0 ], [ 719800.0, 6179000.0 ], [ 719800.0, 6178900.0 ] ] ] } },
{ "type": "Feature", "properties": { "Shape_Area": 120000.0, "Shape_Leng": 1600.0, "cluster_id": "101_892", "fid_1": 892.0, "id_munic": 892.0, "munic_clus": "101_892", "munic_code": 101.0, "min": 2.7022659778594971, "max": 2.7022659778594971, "mean": 2.7022660573323569, "count": 12, "std": 7.947285984855057e-08, "range": 0.0 }, "geometry": { "type": "Polygon", "coordinates": [ [ [ 719800.0, 6178900.0 ], [ 719800.0, 6179000.0 ], [ 719800.0, 6179100.0 ], [ 719900.0, 6179100.0 ], [ 720000.0, 6179100.0 ], [ 720100.0, 6179100.0 ], [ 720100.0, 6179000.0 ], [ 720100.0, 6178900.0 ], [ 720100.0, 6178800.0 ], [ 720000.0, 6178800.0 ], [ 719900.0, 6178800.0 ], [ 719900.0, 6178700.0 ], [ 719800.0, 6178700.0 ], [ 719700.0, 6178700.0 ], [ 719700.0, 6178800.0 ], [ 719700.0, 6178900.0 ], [ 719800.0, 6178900.0 ] ] ] } },
{ "type": "Feature", "properties": { "Shape_Area": 290000.0, "Shape_Leng": 3200.0, "cluster_id": "101_894", "fid_1": 894.0, "id_munic": 894.0, "munic_clus": "101_894", "munic_code": 101.0, "min": 3.2585809230804443, "max": 3.2585809230804443, "mean": 3.2585807011045258, "count": 29, "std": 2.2197591853512222e-07, "range": 0.0 }, "geometry": { "type": "Polygon", "coordinates": [ [ [ 724700.0, 6180300.0 ], [ 724700.0, 6180400.0 ], [ 724700.0, 6180500.0 ], [ 724700.0, 6180600.0 ], [ 724800.0, 6180600.0 ], [ 724900.0, 6180600.0 ], [ 724900.0, 6180700.0 ], [ 725000.0, 6180700.0 ], [ 725100.0, 6180700.0 ], [ 725100.0, 6180600.0 ], [ 725100.0, 6180500.0 ], [ 725200.0, 6180500.0 ], [ 725200.0, 6180600.0 ], [ 725300.0, 6180600.0 ], [ 725400.0, 6180600.0 ], [ 725400.0, 6180700.0 ], [ 725500.0, 6180700.0 ], [ 725600.0, 6180700.0 ], [ 725700.0, 6180700.0 ], [ 725700.0, 6180600.0 ], [ 725700.0, 6180500.0 ], [ 725700.0, 6180400.0 ], [ 725600.0, 6180400.0 ], [ 725500.0, 6180400.0 ], [ 725400.0, 6180400.0 ], [ 725300.0, 6180400.0 ], [ 725200.0, 6180400.0 ], [ 725200.0, 6180300.0 ], [ 725100.0, 6180300.0 ], [ 725000.0, 6180300.0 ], [ 724900.0, 6180300.0 ], [ 724800.0, 6180300.0 ], [ 724700.0, 6180300.0 ] ] ] } },
{ "type": "Feature", "properties": { "Shape_Area": 70000.0, "Shape_Leng": 1200.0, "cluster_id": "101_895", "fid_1": 895.0, "id_munic": 895.0, "munic_clus": "101_895", "munic_code": 101.0, "min": 3.2047650814056396, "max": 3.2047650814056396, "mean": 3.2047650473458424, "count": 7, "std": 3.4059797204832876e-08, "range": 0.0 }, "geometry": { "type": "Polygon", "coordinates": [ [ [ 719400.0, 6179200.0 ], [ 719400.0, 6179300.0 ], [ 719400.0, 6179400.0 ], [ 719500.0, 6179400.0 ], [ 719600.0, 6179400.0 ], [ 719600.0, 6179300.0 ], [ 719600.0, 6179200.0 ], [ 719600.0, 6179100.0 ], [ 719500.0, 6179100.0 ], [ 719400.0, 6179100.0 ], [ 719300.0, 6179100.0 ], [ 719300.0, 6179200.0 ], [ 719400.0, 6179200.0 ] ] ] } },
{ "type": "Feature", "properties": { "Shape_Area": 20000.0, "Shape_Leng": 600.0, "cluster_id": "101_896", "fid_1": 896.0, "id_munic": 896.0, "munic_clus": "101_896", "munic_code": 101.0, "min": 3.2807400226593018, "max": 3.2807400226593018, "mean": 3.2807400226593018, "count": 2, "std": 0.0, "range": 0.0 }, "geometry": { "type": "Polygon", "coordinates": [ [ [ 719300.0, 6178900.0 ], [ 719300.0, 6179000.0 ], [ 719400.0, 6179000.0 ], [ 719400.0, 6178900.0 ], [ 719400.0, 6178800.0 ], [ 719300.0, 6178800.0 ], [ 719300.0, 6178900.0 ] ] ] } },
{ "type": "Feature", "properties": { "Shape_Area": 20000.0, "Shape_Leng": 600.0, "cluster_id": "101_897", "fid_1": 897.0, "id_munic": 897.0, "munic_clus": "101_897", "munic_code": 101.0, "min": 3.0434861183166504, "max": 3.0434861183166504, "mean": 3.0434861183166504, "count": 2, "std": 0.0, "range": 0.0 }, "geometry": { "type": "Polygon", "coordinates": [ [ [ 720500.0, 6179000.0 ], [ 720500.0, 6179100.0 ], [ 720600.0, 6179100.0 ], [ 720600.0, 6179000.0 ], [ 720600.0, 6178900.0 ], [ 720500.0, 6178900.0 ], [ 720500.0, 6179000.0 ] ] ] } },
{ "type": "Feature", "properties": { "Shape_Area": 30000.0, "Shape_Leng": 800.0, "cluster_id": "101_898", "fid_1": 898.0, "id_munic": 898.0, "munic_clus": "101_898", "munic_code": 101.0, "min": 2.8462183475494385, "max": 2.8462183475494385, "mean": 2.8462184270222983, "count": 3, "std": 7.947285984855057e-08, "range": 0.0 }, "geometry": { "type": "Polygon", "coordinates": [ [ [ 720600.0, 6179100.0 ], [ 720600.0, 6179200.0 ], [ 720700.0, 6179200.0 ], [ 720700.0, 6179100.0 ], [ 720800.0, 6179100.0 ], [ 720800.0, 6179000.0 ], [ 720700.0, 6179000.0 ], [ 720600.0, 6179000.0 ], [ 720600.0, 6179100.0 ] ] ] } },
{ "type": "Feature", "properties": { "Shape_Area": 30000.0, "Shape_Leng": 800.0, "cluster_id": "101_899", "fid_1": 899.0, "id_munic": 899.0, "munic_clus": "101_899", "munic_code": 101.0, "min": 2.0751421451568604, "max": 2.0751421451568604, "mean": 2.0751422246297202, "count": 3, "std": 7.947285984855057e-08, "range": 0.0 }, "geometry": { "type": "Polygon", "coordinates": [ [ [ 719200.0, 6179000.0 ], [ 719200.0, 6179100.0 ], [ 719300.0, 6179100.0 ], [ 719400.0, 6179100.0 ], [ 719400.0, 6179000.0 ], [ 719300.0, 6179000.0 ], [ 719300.0, 6178900.0 ], [ 719200.0, 6178900.0 ], [ 719200.0, 6179000.0 ] ] ] } },
{ "type": "Feature", "properties": { "Shape_Area": 20000.0, "Shape_Leng": 600.0, "cluster_id": "101_900", "fid_1": 900.0, "id_munic": 900.0, "munic_clus": "101_900", "munic_code": 101.0, "min": 3.2295904159545898, "max": 3.2295904159545898, "mean": 3.2295904159545898, "count": 2, "std": 0.0, "range": 0.0 }, "geometry": { "type": "Polygon", "coordinates": [ [ [ 719000.0, 6179100.0 ], [ 719000.0, 6179200.0 ], [ 719100.0, 6179200.0 ], [ 719100.0, 6179100.0 ], [ 719100.0, 6179000.0 ], [ 719000.0, 6179000.0 ], [ 719000.0, 6179100.0 ] ] ] } },
{ "type": "Feature", "properties": { "Shape_Area": 50000.0, "Shape_Leng": 1200.0, "cluster_id": "101_901", "fid_1": 901.0, "id_munic": 901.0, "munic_clus": "101_901", "munic_code": 101.0, "min": 3.1486172676086426, "max": 3.1486172676086426, "mean": 3.1486171722412108, "count": 5, "std": 9.5367431729442842e-08, "range": 0.0 }, "geometry": { "type": "Polygon", "coordinates": [ [ [ 720300.0, 6178900.0 ], [ 720300.0, 6178800.0 ], [ 720200.0, 6178800.0 ], [ 720100.0, 6178800.0 ], [ 720100.0, 6178900.0 ], [ 720100.0, 6179000.0 ], [ 720100.0, 6179100.0 ], [ 720200.0, 6179100.0 ], [ 720300.0, 6179100.0 ], [ 720300.0, 6179000.0 ], [ 720200.0, 6179000.0 ], [ 720200.0, 6178900.0 ], [ 720300.0, 6178900.0 ] ] ] } },
{ "type": "Feature", "properties": { "Shape_Area": 30000.0, "Shape_Leng": 800.0, "cluster_id": "101_902", "fid_1": 902.0, "id_munic": 902.0, "munic_clus": "101_902", "munic_code": 101.0, "min": 3.2530820369720459, "max": 3.2530820369720459, "mean": 3.253081957499186, "count": 3, "std": 7.947285984855057e-08, "range": 0.0 }, "geometry": { "type": "Polygon", "coordinates": [ [ [ 719100.0, 6179100.0 ], [ 719100.0, 6179200.0 ], [ 719200.0, 6179200.0 ], [ 719300.0, 6179200.0 ], [ 719300.0, 6179100.0 ], [ 719200.0, 6179100.0 ], [ 719200.0, 6179000.0 ], [ 719100.0, 6179000.0 ], [ 719100.0, 6179100.0 ] ] ] } },
{ "type": "Feature", "properties": { "Shape_Area": 50000.0, "Shape_Leng": 1000.0, "cluster_id": "101_903", "fid_1": 903.0, "id_munic": 903.0, "munic_clus": "101_903", "munic_code": 101.0, "min": 3.5646450519561768, "max": 3.5646450519561768, "mean": 3.5646450042724611, "count": 5, "std": 4.7683715642676816e-08, "range": 0.0 }, "geometry": { "type": "Polygon", "coordinates": [ [ [ 720300.0, 6179000.0 ], [ 720300.0, 6179100.0 ], [ 720400.0, 6179100.0 ], [ 720500.0, 6179100.0 ], [ 720500.0, 6179000.0 ], [ 720500.0, 6178900.0 ], [ 720400.0, 6178900.0 ], [ 720300.0, 6178900.0 ], [ 720200.0, 6178900.0 ], [ 720200.0, 6179000.0 ], [ 720300.0, 6179000.0 ] ] ] } },
{ "type": "Feature", "properties": { "Shape_Area": 50000.0, "Shape_Leng": 1000.0, "cluster_id": "101_904", "fid_1": 904.0, "id_munic": 904.0, "munic_clus": "101_904", "munic_code": 101.0, "min": 3.4553484916687012, "max": 3.4553484916687012, "mean": 3.4553485870361329, "count": 5, "std": 9.5367431729442842e-08, "range": 0.0 }, "geometry": { "type": "Polygon", "coordinates": [ [ [ 720400.0, 6179100.0 ], [ 720300.0, 6179100.0 ], [ 720300.0, 6179200.0 ], [ 720300.0, 6179300.0 ], [ 720400.0, 6179300.0 ], [ 720500.0, 6179300.0 ], [ 720500.0, 6179200.0 ], [ 720600.0, 6179200.0 ], [ 720600.0, 6179100.0 ], [ 720500.0, 6179100.0 ], [ 720400.0, 6179100.0 ] ] ] } },
{ "type": "Feature", "properties": { "Shape_Area": 60000.0, "Shape_Leng": 1000.0, "cluster_id": "101_905", "fid_1": 905.0, "id_munic": 905.0, "munic_clus": "101_905", "munic_code": 101.0, "min": 3.0866382122039795, "max": 3.0866382122039795, "mean": 3.0866381327311196, "count": 6, "std": 7.947285984855057e-08, "range": 0.0 }, "geometry": { "type": "Polygon", "coordinates": [ [ [ 724500.0, 6180900.0 ], [ 724500.0, 6181000.0 ], [ 724600.0, 6181000.0 ], [ 724700.0, 6181000.0 ], [ 724700.0, 6180900.0 ], [ 724700.0, 6180800.0 ], [ 724700.0, 6180700.0 ], [ 724600.0, 6180700.0 ], [ 724500.0, 6180700.0 ], [ 724500.0, 6180800.0 ], [ 724500.0, 6180900.0 ] ] ] } },
{ "type": "Feature", "properties": { "Shape_Area": 80000.0, "Shape_Leng": 1200.0, "cluster_id": "101_906", "fid_1": 906.0, "id_munic": 906.0, "munic_clus": "101_906", "munic_code": 101.0, "min": 3.728757381439209, "max": 3.728757381439209, "mean": 3.728757381439209, "count": 8, "std": 0.0, "range": 0.0 }, "geometry": { "type": "Polygon", "coordinates": [ [ [ 724700.0, 6180400.0 ], [ 724600.0, 6180400.0 ], [ 724500.0, 6180400.0 ], [ 724500.0, 6180500.0 ], [ 724400.0, 6180500.0 ], [ 724400.0, 6180600.0 ], [ 724400.0, 6180700.0 ], [ 724500.0, 6180700.0 ], [ 724600.0, 6180700.0 ], [ 724700.0, 6180700.0 ], [ 724700.0, 6180600.0 ], [ 724700.0, 6180500.0 ], [ 724700.0, 6180400.0 ] ] ] } },
{ "type": "Feature", "properties": { "Shape_Area": 90000.0, "Shape_Leng": 1600.0, "cluster_id": "101_907", "fid_1": 907.0, "id_munic": 907.0, "munic_clus": "101_907", "munic_code": 101.0, "min": 2.3857049942016602, "max": 2.3857049942016602, "mean": 2.3857048882378473, "count": 9, "std": 1.0596381283534129e-07, "range": 0.0 }, "geometry": { "type": "Polygon", "coordinates": [ [ [ 724600.0, 6181000.0 ], [ 724500.0, 6181000.0 ], [ 724500.0, 6181100.0 ], [ 724500.0, 6181200.0 ], [ 724500.0, 6181300.0 ], [ 724400.0, 6181300.0 ], [ 724400.0, 6181400.0 ], [ 724400.0, 6181500.0 ], [ 724500.0, 6181500.0 ], [ 724600.0, 6181500.0 ], [ 724600.0, 6181400.0 ], [ 724600.0, 6181300.0 ], [ 724600.0, 6181200.0 ], [ 724700.0, 6181200.0 ], [ 724700.0, 6181100.0 ], [ 724700.0, 6181000.0 ], [ 724600.0, 6181000.0 ] ] ] } },
{ "type": "Feature", "properties": { "Shape_Area": 220000.0, "Shape_Leng": 2400.0, "cluster_id": "101_908", "fid_1": 908.0, "id_munic": 908.0, "munic_clus": "101_908", "munic_code": 101.0, "min": 3.0051651000976562, "max": 3.0051651000976562, "mean": 3.0051651000976562, "count": 22, "std": 0.0, "range": 0.0 }, "geometry": { "type": "Polygon", "coordinates": [ [ [ 724300.0, 6180700.0 ], [ 724300.0, 6180800.0 ], [ 724300.0, 6180900.0 ], [ 724300.0, 6181000.0 ], [ 724200.0, 6181000.0 ], [ 724200.0, 6181100.0 ], [ 724200.0, 6181200.0 ], [ 724100.0, 6181200.0 ], [ 724100.0, 6181300.0 ], [ 724100.0, 6181400.0 ], [ 724100.0, 6181500.0 ], [ 724200.0, 6181500.0 ], [ 724300.0, 6181500.0 ], [ 724400.0, 6181500.0 ], [ 724400.0, 6181400.0 ], [ 724400.0, 6181300.0 ], [ 724500.0, 6181300.0 ], [ 724500.0, 6181200.0 ], [ 724500.0, 6181100.0 ], [ 724500.0, 6181000.0 ], [ 724500.0, 6180900.0 ], [ 724500.0, 6180800.0 ], [ 724500.0, 6180700.0 ], [ 724400.0, 6180700.0 ], [ 724300.0, 6180700.0 ] ] ] } },
{ "type": "Feature", "properties": { "Shape_Area": 80000.0, "Shape_Leng": 1200.0, "cluster_id": "101_909", "fid_1": 909.0, "id_munic": 909.0, "munic_clus": "101_909", "munic_code": 101.0, "min": 2.1104636192321777, "max": 2.1104636192321777, "mean": 2.1104636192321777, "count": 8, "std": 0.0, "range": 0.0 }, "geometry": { "type": "Polygon", "coordinates": [ [ [ 724400.0, 6181500.0 ], [ 724300.0, 6181500.0 ], [ 724200.0, 6181500.0 ], [ 724100.0, 6181500.0 ], [ 724100.0, 6181600.0 ], [ 724100.0, 6181700.0 ], [ 724100.0, 6181800.0 ], [ 724200.0, 6181800.0 ], [ 724300.0, 6181800.0 ], [ 724300.0, 6181700.0 ], [ 724400.0, 6181700.0 ], [ 724400.0, 6181600.0 ], [ 724400.0, 6181500.0 ] ] ] } },
{ "type": "Feature", "properties": { "Shape_Area": 30000.0, "Shape_Leng": 800.0, "cluster_id": "101_910", "fid_1": 910.0, "id_munic": 910.0, "munic_clus": "101_910", "munic_code": 101.0, "min": 3.6536159515380859, "max": 3.6536159515380859, "mean": 3.6536159515380859, "count": 3, "std": 0.0, "range": 0.0 }, "geometry": { "type": "Polygon", "coordinates": [ [ [ 724400.0, 6181600.0 ], [ 724400.0, 6181700.0 ], [ 724500.0, 6181700.0 ], [ 724600.0, 6181700.0 ], [ 724600.0, 6181600.0 ], [ 724500.0, 6181600.0 ], [ 724500.0, 6181500.0 ], [ 724400.0, 6181500.0 ], [ 724400.0, 6181600.0 ] ] ] } },
{ "type": "Feature", "properties": { "Shape_Area": 20000.0, "Shape_Leng": 600.0, "cluster_id": "101_911", "fid_1": 911.0, "id_munic": 911.0, "munic_clus": "101_911", "munic_code": 101.0, "min": 3.6037993431091309, "max": 3.6037993431091309, "mean": 3.6037993431091309, "count": 2, "std": 0.0, "range": 0.0 }, "geometry": { "type": "Polygon", "coordinates": [ [ [ 721900.0, 6179900.0 ], [ 722000.0, 6179900.0 ], [ 722100.0, 6179900.0 ], [ 722100.0, 6179800.0 ], [ 722000.0, 6179800.0 ], [ 721900.0, 6179800.0 ], [ 721900.0, 6179900.0 ] ] ] } },
{ "type": "Feature", "properties": { "Shape_Area": 10000.0, "Shape_Leng": 400.0, "cluster_id": "101_912", "fid_1": 912.0, "id_munic": 912.0, "munic_clus": "101_912", "munic_code": 101.0, "min": 3.3288905620574951, "max": 3.3288905620574951, "mean": 3.3288905620574951, "count": 1, "std": 0.0, "range": 0.0 }, "geometry": { "type": "Polygon", "coordinates": [ [ [ 721800.0, 6180000.0 ], [ 721800.0, 6180100.0 ], [ 721900.0, 6180100.0 ], [ 721900.0, 6180000.0 ], [ 721800.0, 6180000.0 ] ] ] } },
{ "type": "Feature", "properties": { "Shape_Area": 20000.0, "Shape_Leng": 600.0, "cluster_id": "101_913", "fid_1": 913.0, "id_munic": 913.0, "munic_clus": "101_913", "munic_code": 101.0, "min": 3.4486839771270752, "max": 3.4486839771270752, "mean": 3.4486839771270752, "count": 2, "std": 0.0, "range": 0.0 }, "geometry": { "type": "Polygon", "coordinates": [ [ [ 721800.0, 6180000.0 ], [ 721900.0, 6180000.0 ], [ 722000.0, 6180000.0 ], [ 722000.0, 6179900.0 ], [ 721900.0, 6179900.0 ], [ 721800.0, 6179900.0 ], [ 721800.0, 6180000.0 ] ] ] } },
{ "type": "Feature", "properties": { "Shape_Area": 10000.0, "Shape_Leng": 400.0, "cluster_id": "101_914", "fid_1": 914.0, "id_munic": 914.0, "munic_clus": "101_914", "munic_code": 101.0, "min": 3.1432859897613525, "max": 3.1432859897613525, "mean": 3.1432859897613525, "count": 1, "std": 0.0, "range": 0.0 }, "geometry": { "type": "Polygon", "coordinates": [ [ [ 722800.0, 6178700.0 ], [ 722800.0, 6178800.0 ], [ 722900.0, 6178800.0 ], [ 722900.0, 6178700.0 ], [ 722800.0, 6178700.0 ] ] ] } },
{ "type": "Feature", "properties": { "Shape_Area": 20000.0, "Shape_Leng": 600.0, "cluster_id": "101_915", "fid_1": 915.0, "id_munic": 915.0, "munic_clus": "101_915", "munic_code": 101.0, "min": 2.3587141036987305, "max": 2.3587141036987305, "mean": 2.3587141036987305, "count": 2, "std": 0.0, "range": 0.0 }, "geometry": { "type": "Polygon", "coordinates": [ [ [ 722700.0, 6178600.0 ], [ 722700.0, 6178700.0 ], [ 722800.0, 6178700.0 ], [ 722800.0, 6178600.0 ], [ 722800.0, 6178500.0 ], [ 722700.0, 6178500.0 ], [ 722700.0, 6178600.0 ] ] ] } },
{ "type": "Feature", "properties": { "Shape_Area": 20000.0, "Shape_Leng": 600.0, "cluster_id": "101_916", "fid_1": 916.0, "id_munic": 916.0, "munic_clus": "101_916", "munic_code": 101.0, "min": 3.3320562839508057, "max": 3.3320562839508057, "mean": 3.3320562839508057, "count": 2, "std": 0.0, "range": 0.0 }, "geometry": { "type": "Polygon", "coordinates": [ [ [ 722400.0, 6178600.0 ], [ 722500.0, 6178600.0 ], [ 722600.0, 6178600.0 ], [ 722600.0, 6178500.0 ], [ 722500.0, 6178500.0 ], [ 722400.0, 6178500.0 ], [ 722400.0, 6178600.0 ] ] ] } },
{ "type": "Feature", "properties": { "Shape_Area": 10000.0, "Shape_Leng": 400.0, "cluster_id": "101_917", "fid_1": 917.0, "id_munic": 917.0, "munic_clus": "101_917", "munic_code": 101.0, "min": 2.7100968360900879, "max": 2.7100968360900879, "mean": 2.7100968360900879, "count": 1, "std": 0.0, "range": 0.0 }, "geometry": { "type": "Polygon", "coordinates": [ [ [ 722300.0, 6178200.0 ], [ 722300.0, 6178300.0 ], [ 722400.0, 6178300.0 ], [ 722400.0, 6178200.0 ], [ 722300.0, 6178200.0 ] ] ] } },
{ "type": "Feature", "properties": { "Shape_Area": 20000.0, "Shape_Leng": 600.0, "cluster_id": "101_918", "fid_1": 918.0, "id_munic": 918.0, "munic_clus": "101_918", "munic_code": 101.0, "min": 2.4608466625213623, "max": 2.4608466625213623, "mean": 2.4608466625213623, "count": 2, "std": 0.0, "range": 0.0 }, "geometry": { "type": "Polygon", "coordinates": [ [ [ 722200.0, 6178200.0 ], [ 722200.0, 6178300.0 ], [ 722300.0, 6178300.0 ], [ 722300.0, 6178200.0 ], [ 722300.0, 6178100.0 ], [ 722200.0, 6178100.0 ], [ 722200.0, 6178200.0 ] ] ] } },
{ "type": "Feature", "properties": { "Shape_Area": 10000.0, "Shape_Leng": 400.0, "cluster_id": "101_919", "fid_1": 919.0, "id_munic": 919.0, "munic_clus": "101_919", "munic_code": 101.0, "min": 2.1886041164398193, "max": 2.1886041164398193, "mean": 2.1886041164398193, "count": 1, "std": 0.0, "range": 0.0 }, "geometry": { "type": "Polygon", "coordinates": [ [ [ 722200.0, 6178300.0 ], [ 722200.0, 6178400.0 ], [ 722300.0, 6178400.0 ], [ 722300.0, 6178300.0 ], [ 722200.0, 6178300.0 ] ] ] } },
{ "type": "Feature", "properties": { "Shape_Area": 10000.0, "Shape_Leng": 400.0, "cluster_id": "101_920", "fid_1": 920.0, "id_munic": 920.0, "munic_clus": "101_920", "munic_code": 101.0, "min": 3.2614130973815918, "max": 3.2614130973815918, "mean": 3.2614130973815918, "count": 1, "std": 0.0, "range": 0.0 }, "geometry": { "type": "Polygon", "coordinates": [ [ [ 722600.0, 6178500.0 ], [ 722600.0, 6178600.0 ], [ 722700.0, 6178600.0 ], [ 722700.0, 6178500.0 ], [ 722600.0, 6178500.0 ] ] ] } },
{ "type": "Feature", "properties": { "Shape_Area": 20000.0, "Shape_Leng": 600.0, "cluster_id": "101_921", "fid_1": 921.0, "id_munic": 921.0, "munic_clus": "101_921", "munic_code": 101.0, "min": 3.4211931228637695, "max": 3.4211931228637695, "mean": 3.4211931228637695, "count": 2, "std": 0.0, "range": 0.0 }, "geometry": { "type": "Polygon", "coordinates": [ [ [ 722700.0, 6178800.0 ], [ 722700.0, 6178900.0 ], [ 722800.0, 6178900.0 ], [ 722800.0, 6178800.0 ], [ 722800.0, 6178700.0 ], [ 722700.0, 6178700.0 ], [ 722700.0, 6178800.0 ] ] ] } },
{ "type": "Feature", "properties": { "Shape_Area": 10000.0, "Shape_Leng": 400.0, "cluster_id": "101_922", "fid_1": 922.0, "id_munic": 922.0, "munic_clus": "101_922", "munic_code": 101.0, "min": 3.9880046844482422, "max": 3.9880046844482422, "mean": 3.9880046844482422, "count": 1, "std": 0.0, "range": 0.0 }, "geometry": { "type": "Polygon", "coordinates": [ [ [ 722600.0, 6178800.0 ], [ 722600.0, 6178900.0 ], [ 722700.0, 6178900.0 ], [ 722700.0, 6178800.0 ], [ 722600.0, 6178800.0 ] ] ] } },
{ "type": "Feature", "properties": { "Shape_Area": 90000.0, "Shape_Leng": 1400.0, "cluster_id": "101_923", "fid_1": 923.0, "id_munic": 923.0, "munic_clus": "101_923", "munic_code": 101.0, "min": 3.8087306022644043, "max": 3.8087306022644043, "mean": 3.8087306552463107, "count": 9, "std": 5.2981906417670643e-08, "range": 0.0 }, "geometry": { "type": "Polygon", "coordinates": [ [ [ 723400.0, 6180600.0 ], [ 723400.0, 6180700.0 ], [ 723300.0, 6180700.0 ], [ 723300.0, 6180800.0 ], [ 723300.0, 6180900.0 ], [ 723300.0, 6181000.0 ], [ 723400.0, 6181000.0 ], [ 723500.0, 6181000.0 ], [ 723500.0, 6180900.0 ], [ 723600.0, 6180900.0 ], [ 723600.0, 6180800.0 ], [ 723600.0, 6180700.0 ], [ 723500.0, 6180700.0 ], [ 723500.0, 6180600.0 ], [ 723400.0, 6180600.0 ] ] ] } },
{ "type": "Feature", "properties": { "Shape_Area": 40000.0, "Shape_Leng": 1000.0, "cluster_id": "101_924", "fid_1": 924.0, "id_munic": 924.0, "munic_clus": "101_924", "munic_code": 101.0, "min": 3.5754756927490234, "max": 3.5754756927490234, "mean": 3.5754756927490234, "count": 4, "std": 0.0, "range": 0.0 }, "geometry": { "type": "Polygon", "coordinates": [ [ [ 723600.0, 6181000.0 ], [ 723600.0, 6181100.0 ], [ 723600.0, 6181200.0 ], [ 723700.0, 6181200.0 ], [ 723700.0, 6181100.0 ], [ 723700.0, 6181000.0 ], [ 723700.0, 6180900.0 ], [ 723600.0, 6180900.0 ], [ 723500.0, 6180900.0 ], [ 723500.0, 6181000.0 ], [ 723600.0, 6181000.0 ] ] ] } },
{ "type": "Feature", "properties": { "Shape_Area": 30000.0, "Shape_Leng": 800.0, "cluster_id": "101_925", "fid_1": 925.0, "id_munic": 925.0, "munic_clus": "101_925", "munic_code": 101.0, "min": 3.9983336925506592, "max": 3.9983336925506592, "mean": 3.9983336130777993, "count": 3, "std": 7.947285984855057e-08, "range": 0.0 }, "geometry": { "type": "Polygon", "coordinates": [ [ [ 723700.0, 6181000.0 ], [ 723700.0, 6181100.0 ], [ 723700.0, 6181200.0 ], [ 723800.0, 6181200.0 ], [ 723800.0, 6181100.0 ], [ 723800.0, 6181000.0 ], [ 723800.0, 6180900.0 ], [ 723700.0, 6180900.0 ], [ 723700.0, 6181000.0 ] ] ] } },
{ "type": "Feature", "properties": { "Shape_Area": 20000.0, "Shape_Leng": 600.0, "cluster_id": "101_926", "fid_1": 926.0, "id_munic": 926.0, "munic_clus": "101_926", "munic_code": 101.0, "min": 3.0159950256347656, "max": 3.0159950256347656, "mean": 3.0159950256347656, "count": 2, "std": 0.0, "range": 0.0 }, "geometry": { "type": "Polygon", "coordinates": [ [ [ 723400.0, 6180500.0 ], [ 723400.0, 6180600.0 ], [ 723500.0, 6180600.0 ], [ 723500.0, 6180500.0 ], [ 723500.0, 6180400.0 ], [ 723400.0, 6180400.0 ], [ 723400.0, 6180500.0 ] ] ] } },
{ "type": "Feature", "properties": { "Shape_Area": 20000.0, "Shape_Leng": 600.0, "cluster_id": "101_927", "fid_1": 927.0, "id_munic": 927.0, "munic_clus": "101_927", "munic_code": 101.0, "min": 3.2140955924987793, "max": 3.2140955924987793, "mean": 3.2140955924987793, "count": 2, "std": 0.0, "range": 0.0 }, "geometry": { "type": "Polygon", "coordinates": [ [ [ 723500.0, 6180600.0 ], [ 723500.0, 6180700.0 ], [ 723600.0, 6180700.0 ], [ 723600.0, 6180600.0 ], [ 723600.0, 6180500.0 ], [ 723500.0, 6180500.0 ], [ 723500.0, 6180600.0 ] ] ] } },
{ "type": "Feature", "properties": { "Shape_Area": 40000.0, "Shape_Leng": 800.0, "cluster_id": "101_928", "fid_1": 928.0, "id_munic": 928.0, "munic_clus": "101_928", "munic_code": 101.0, "min": 4.0858054161071777, "max": 4.0858054161071777, "mean": 4.0858054161071777, "count": 4, "std": 0.0, "range": 0.0 }, "geometry": { "type": "Polygon", "coordinates": [ [ [ 723800.0, 6180700.0 ], [ 723700.0, 6180700.0 ], [ 723600.0, 6180700.0 ], [ 723600.0, 6180800.0 ], [ 723600.0, 6180900.0 ], [ 723700.0, 6180900.0 ], [ 723800.0, 6180900.0 ], [ 723800.0, 6180800.0 ], [ 723800.0, 6180700.0 ] ] ] } },
{ "type": "Feature", "properties": { "Shape_Area": 10000.0, "Shape_Leng": 400.0, "cluster_id": "101_929", "fid_1": 929.0, "id_munic": 929.0, "munic_clus": "101_929", "munic_code": 101.0, "min": 3.3708765506744385, "max": 3.3708765506744385, "mean": 3.3708765506744385, "count": 1, "std": 0.0, "range": 0.0 }, "geometry": { "type": "Polygon", "coordinates": [ [ [ 722800.0, 6178900.0 ], [ 722800.0, 6179000.0 ], [ 722900.0, 6179000.0 ], [ 722900.0, 6178900.0 ], [ 722800.0, 6178900.0 ] ] ] } },
{ "type": "Feature", "properties": { "Shape_Area": 10000.0, "Shape_Leng": 400.0, "cluster_id": "101_930", "fid_1": 930.0, "id_munic": 930.0, "munic_clus": "101_930", "munic_code": 101.0, "min": 3.1621129512786865, "max": 3.1621129512786865, "mean": 3.1621129512786865, "count": 1, "std": 0.0, "range": 0.0 }, "geometry": { "type": "Polygon", "coordinates": [ [ [ 722900.0, 6178800.0 ], [ 722900.0, 6178900.0 ], [ 723000.0, 6178900.0 ], [ 723000.0, 6178800.0 ], [ 722900.0, 6178800.0 ] ] ] } },
{ "type": "Feature", "properties": { "Shape_Area": 10000.0, "Shape_Leng": 400.0, "cluster_id": "101_931", "fid_1": 931.0, "id_munic": 931.0, "munic_clus": "101_931", "munic_code": 101.0, "min": 2.8978676795959473, "max": 2.8978676795959473, "mean": 2.8978676795959473, "count": 1, "std": 0.0, "range": 0.0 }, "geometry": { "type": "Polygon", "coordinates": [ [ [ 722800.0, 6178800.0 ], [ 722800.0, 6178900.0 ], [ 722900.0, 6178900.0 ], [ 722900.0, 6178800.0 ], [ 722800.0, 6178800.0 ] ] ] } },
{ "type": "Feature", "properties": { "Shape_Area": 10000.0, "Shape_Leng": 400.0, "cluster_id": "101_932", "fid_1": 932.0, "id_munic": 932.0, "munic_clus": "101_932", "munic_code": 101.0, "min": 3.8330557346343994, "max": 3.8330557346343994, "mean": 3.8330557346343994, "count": 1, "std": 0.0, "range": 0.0 }, "geometry": { "type": "Polygon", "coordinates": [ [ [ 722900.0, 6178900.0 ], [ 722900.0, 6179000.0 ], [ 723000.0, 6179000.0 ], [ 723000.0, 6178900.0 ], [ 722900.0, 6178900.0 ] ] ] } },
{ "type": "Feature", "properties": { "Shape_Area": 40000.0, "Shape_Leng": 800.0, "cluster_id": "101_933", "fid_1": 933.0, "id_munic": 933.0, "munic_clus": "101_933", "munic_code": 101.0, "min": 3.2680776119232178, "max": 3.2680776119232178, "mean": 3.2680776119232178, "count": 4, "std": 0.0, "range": 0.0 }, "geometry": { "type": "Polygon", "coordinates": [ [ [ 723100.0, 6179100.0 ], [ 723000.0, 6179100.0 ], [ 722900.0, 6179100.0 ], [ 722900.0, 6179200.0 ], [ 722900.0, 6179300.0 ], [ 723000.0, 6179300.0 ], [ 723100.0, 6179300.0 ], [ 723100.0, 6179200.0 ], [ 723100.0, 6179100.0 ] ] ] } },
{ "type": "Feature", "properties": { "Shape_Area": 30000.0, "Shape_Leng": 800.0, "cluster_id": "101_934", "fid_1": 934.0, "id_munic": 934.0, "munic_clus": "101_934", "munic_code": 101.0, "min": 3.5439856052398682, "max": 3.5439856052398682, "mean": 3.543985684712728, "count": 3, "std": 7.947285984855057e-08, "range": 0.0 }, "geometry": { "type": "Polygon", "coordinates": [ [ [ 723000.0, 6179000.0 ], [ 723000.0, 6179100.0 ], [ 723100.0, 6179100.0 ], [ 723200.0, 6179100.0 ], [ 723200.0, 6179000.0 ], [ 723100.0, 6179000.0 ], [ 723100.0, 6178900.0 ], [ 723000.0, 6178900.0 ], [ 723000.0, 6179000.0 ] ] ] } },
{ "type": "Feature", "properties": { "Shape_Area": 20000.0, "Shape_Leng": 600.0, "cluster_id": "101_935", "fid_1": 935.0, "id_munic": 935.0, "munic_clus": "101_935", "munic_code": 101.0, "min": 2.4676773548126221, "max": 2.4676773548126221, "mean": 2.4676773548126221, "count": 2, "std": 0.0, "range": 0.0 }, "geometry": { "type": "Polygon", "coordinates": [ [ [ 722800.0, 6179100.0 ], [ 722900.0, 6179100.0 ], [ 723000.0, 6179100.0 ], [ 723000.0, 6179000.0 ], [ 722900.0, 6179000.0 ], [ 722800.0, 6179000.0 ], [ 722800.0, 6179100.0 ] ] ] } },
{ "type": "Feature", "properties": { "Shape_Area": 20000.0, "Shape_Leng": 600.0, "cluster_id": "101_936", "fid_1": 936.0, "id_munic": 936.0, "munic_clus": "101_936", "munic_code": 101.0, "min": 3.3343889713287354, "max": 3.3343889713287354, "mean": 3.3343889713287354, "count": 2, "std": 0.0, "range": 0.0 }, "geometry": { "type": "Polygon", "coordinates": [ [ [ 723900.0, 6179500.0 ], [ 724000.0, 6179500.0 ], [ 724100.0, 6179500.0 ], [ 724100.0, 6179400.0 ], [ 724000.0, 6179400.0 ], [ 723900.0, 6179400.0 ], [ 723900.0, 6179500.0 ] ] ] } },
{ "type": "Feature", "properties": { "Shape_Area": 20000.0, "Shape_Leng": 600.0, "cluster_id": "101_937", "fid_1": 937.0, "id_munic": 937.0, "munic_clus": "101_937", "munic_code": 101.0, "min": 3.4111964702606201, "max": 3.4111964702606201, "mean": 3.4111964702606201, "count": 2, "std": 0.0, "range": 0.0 }, "geometry": { "type": "Polygon", "coordinates": [ [ [ 723800.0, 6179300.0 ], [ 723800.0, 6179400.0 ], [ 723900.0, 6179400.0 ], [ 723900.0, 6179300.0 ], [ 723900.0, 6179200.0 ], [ 723800.0, 6179200.0 ], [ 723800.0, 6179300.0 ] ] ] } },
{ "type": "Feature", "properties": { "Shape_Area": 20000.0, "Shape_Leng": 600.0, "cluster_id": "101_938", "fid_1": 938.0, "id_munic": 938.0, "munic_clus": "101_938", "munic_code": 101.0, "min": 2.9570152759552002, "max": 2.9570152759552002, "mean": 2.9570152759552002, "count": 2, "std": 0.0, "range": 0.0 }, "geometry": { "type": "Polygon", "coordinates": [ [ [ 723900.0, 6179300.0 ], [ 723900.0, 6179400.0 ], [ 724000.0, 6179400.0 ], [ 724000.0, 6179300.0 ], [ 724000.0, 6179200.0 ], [ 723900.0, 6179200.0 ], [ 723900.0, 6179300.0 ] ] ] } },
{ "type": "Feature", "properties": { "Shape_Area": 20000.0, "Shape_Leng": 600.0, "cluster_id": "101_939", "fid_1": 939.0, "id_munic": 939.0, "munic_clus": "101_939", "munic_code": 101.0, "min": 3.6332893371582031, "max": 3.6332893371582031, "mean": 3.6332893371582031, "count": 2, "std": 0.0, "range": 0.0 }, "geometry": { "type": "Polygon", "coordinates": [ [ [ 724100.0, 6179600.0 ], [ 724200.0, 6179600.0 ], [ 724300.0, 6179600.0 ], [ 724300.0, 6179500.0 ], [ 724200.0, 6179500.0 ], [ 724100.0, 6179500.0 ], [ 724100.0, 6179600.0 ] ] ] } },
{ "type": "Feature", "properties": { "Shape_Area": 40000.0, "Shape_Leng": 800.0, "cluster_id": "101_940", "fid_1": 940.0, "id_munic": 940.0, "munic_clus": "101_940", "munic_code": 101.0, "min": 3.2135956287384033, "max": 3.2135956287384033, "mean": 3.2135956287384033, "count": 4, "std": 0.0, "range": 0.0 }, "geometry": { "type": "Polygon", "coordinates": [ [ [ 724300.0, 6179300.0 ], [ 724200.0, 6179300.0 ], [ 724100.0, 6179300.0 ], [ 724100.0, 6179400.0 ], [ 724100.0, 6179500.0 ], [ 724200.0, 6179500.0 ], [ 724300.0, 6179500.0 ], [ 724300.0, 6179400.0 ], [ 724300.0, 6179300.0 ] ] ] } },
{ "type": "Feature", "properties": { "Shape_Area": 20000.0, "Shape_Leng": 600.0, "cluster_id": "101_941", "fid_1": 941.0, "id_munic": 941.0, "munic_clus": "101_941", "munic_code": 101.0, "min": 2.9316897392272949, "max": 2.9316897392272949, "mean": 2.9316897392272949, "count": 2, "std": 0.0, "range": 0.0 }, "geometry": { "type": "Polygon", "coordinates": [ [ [ 723700.0, 6179600.0 ], [ 723800.0, 6179600.0 ], [ 723900.0, 6179600.0 ], [ 723900.0, 6179500.0 ], [ 723800.0, 6179500.0 ], [ 723700.0, 6179500.0 ], [ 723700.0, 6179600.0 ] ] ] } },
{ "type": "Feature", "properties": { "Shape_Area": 20000.0, "Shape_Leng": 600.0, "cluster_id": "101_942", "fid_1": 942.0, "id_munic": 942.0, "munic_clus": "101_942", "munic_code": 101.0, "min": 2.4950020313262939, "max": 2.4950020313262939, "mean": 2.4950020313262939, "count": 2, "std": 0.0, "range": 0.0 }, "geometry": { "type": "Polygon", "coordinates": [ [ [ 724000.0, 6179700.0 ], [ 724100.0, 6179700.0 ], [ 724200.0, 6179700.0 ], [ 724200.0, 6179600.0 ], [ 724100.0, 6179600.0 ], [ 724000.0, 6179600.0 ], [ 724000.0, 6179700.0 ] ] ] } },
{ "type": "Feature", "properties": { "Shape_Area": 20000.0, "Shape_Leng": 600.0, "cluster_id": "101_943", "fid_1": 943.0, "id_munic": 943.0, "munic_clus": "101_943", "munic_code": 101.0, "min": 3.1362886428833008, "max": 3.1362886428833008, "mean": 3.1362886428833008, "count": 2, "std": 0.0, "range": 0.0 }, "geometry": { "type": "Polygon", "coordinates": [ [ [ 723900.0, 6179600.0 ], [ 724000.0, 6179600.0 ], [ 724100.0, 6179600.0 ], [ 724100.0, 6179500.0 ], [ 724000.0, 6179500.0 ], [ 723900.0, 6179500.0 ], [ 723900.0, 6179600.0 ] ] ] } },
{ "type": "Feature", "properties": { "Shape_Area": 30000.0, "Shape_Leng": 800.0, "cluster_id": "101_944", "fid_1": 944.0, "id_munic": 944.0, "munic_clus": "101_944", "munic_code": 101.0, "min": 3.3463845252990723, "max": 3.3463845252990723, "mean": 3.3463846842447915, "count": 3, "std": 1.5894571925301193e-07, "range": 0.0 }, "geometry": { "type": "Polygon", "coordinates": [ [ [ 719300.0, 6174700.0 ], [ 719400.0, 6174700.0 ], [ 719400.0, 6174800.0 ], [ 719500.0, 6174800.0 ], [ 719500.0, 6174700.0 ], [ 719500.0, 6174600.0 ], [ 719400.0, 6174600.0 ], [ 719300.0, 6174600.0 ], [ 719300.0, 6174700.0 ] ] ] } },
{ "type": "Feature", "properties": { "Shape_Area": 30000.0, "Shape_Leng": 800.0, "cluster_id": "101_945", "fid_1": 945.0, "id_munic": 945.0, "munic_clus": "101_945", "munic_code": 101.0, "min": 2.7770743370056152, "max": 2.7770743370056152, "mean": 2.777074178059896, "count": 3, "std": 1.5894571925301193e-07, "range": 0.0 }, "geometry": { "type": "Polygon", "coordinates": [ [ [ 720300.0, 6174000.0 ], [ 720300.0, 6174100.0 ], [ 720400.0, 6174100.0 ], [ 720500.0, 6174100.0 ], [ 720500.0, 6174000.0 ], [ 720400.0, 6174000.0 ], [ 720400.0, 6173900.0 ], [ 720300.0, 6173900.0 ], [ 720300.0, 6174000.0 ] ] ] } },
{ "type": "Feature", "properties": { "Shape_Area": 20000.0, "Shape_Leng": 600.0, "cluster_id": "101_946", "fid_1": 946.0, "id_munic": 946.0, "munic_clus": "101_946", "munic_code": 101.0, "min": 2.8732089996337891, "max": 2.8732089996337891, "mean": 2.8732089996337891, "count": 2, "std": 0.0, "range": 0.0 }, "geometry": { "type": "Polygon", "coordinates": [ [ [ 721000.0, 6174200.0 ], [ 721100.0, 6174200.0 ], [ 721200.0, 6174200.0 ], [ 721200.0, 6174100.0 ], [ 721100.0, 6174100.0 ], [ 721000.0, 6174100.0 ], [ 721000.0, 6174200.0 ] ] ] } },
{ "type": "Feature", "properties": { "Shape_Area": 20000.0, "Shape_Leng": 600.0, "cluster_id": "101_947", "fid_1": 947.0, "id_munic": 947.0, "munic_clus": "101_947", "munic_code": 101.0, "min": 3.0713100433349609, "max": 3.0713100433349609, "mean": 3.0713100433349609, "count": 2, "std": 0.0, "range": 0.0 }, "geometry": { "type": "Polygon", "coordinates": [ [ [ 720000.0, 6177400.0 ], [ 720100.0, 6177400.0 ], [ 720200.0, 6177400.0 ], [ 720200.0, 6177300.0 ], [ 720100.0, 6177300.0 ], [ 720000.0, 6177300.0 ], [ 720000.0, 6177400.0 ] ] ] } },
{ "type": "Feature", "properties": { "Shape_Area": 90000.0, "Shape_Leng": 1600.0, "cluster_id": "101_948", "fid_1": 948.0, "id_munic": 948.0, "munic_clus": "101_948", "munic_code": 101.0, "min": 3.3893704414367676, "max": 3.3893704414367676, "mean": 3.3893703884548612, "count": 9, "std": 5.2981906417670643e-08, "range": 0.0 }, "geometry": { "type": "Polygon", "coordinates": [ [ [ 719700.0, 6174400.0 ], [ 719600.0, 6174400.0 ], [ 719600.0, 6174500.0 ], [ 719600.0, 6174600.0 ], [ 719700.0, 6174600.0 ], [ 719700.0, 6174700.0 ], [ 719600.0, 6174700.0 ], [ 719600.0, 6174800.0 ], [ 719700.0, 6174800.0 ], [ 719800.0, 6174800.0 ], [ 719800.0, 6174700.0 ], [ 719900.0, 6174700.0 ], [ 719900.0, 6174600.0 ], [ 719900.0, 6174500.0 ], [ 719800.0, 6174500.0 ], [ 719800.0, 6174400.0 ], [ 719700.0, 6174400.0 ] ] ] } },
{ "type": "Feature", "properties": { "Shape_Area": 60000.0, "Shape_Leng": 1200.0, "cluster_id": "101_949", "fid_1": 949.0, "id_munic": 949.0, "munic_clus": "101_949", "munic_code": 101.0, "min": 2.3218929767608643, "max": 2.3218929767608643, "mean": 2.3218930562337241, "count": 6, "std": 7.947285984855057e-08, "range": 0.0 }, "geometry": { "type": "Polygon", "coordinates": [ [ [ 720000.0, 6173900.0 ], [ 720000.0, 6174000.0 ], [ 720100.0, 6174000.0 ], [ 720100.0, 6174100.0 ], [ 720200.0, 6174100.0 ], [ 720300.0, 6174100.0 ], [ 720300.0, 6174000.0 ], [ 720300.0, 6173900.0 ], [ 720200.0, 6173900.0 ], [ 720200.0, 6173800.0 ], [ 720100.0, 6173800.0 ], [ 720100.0, 6173900.0 ], [ 720000.0, 6173900.0 ] ] ] } },
{ "type": "Feature", "properties": { "Shape_Area": 180000.0, "Shape_Leng": 2200.0, "cluster_id": "101_950", "fid_1": 950.0, "id_munic": 950.0, "munic_clus": "101_950", "munic_code": 101.0, "min": 2.4851720333099365, "max": 2.4851720333099365, "mean": 2.4851718478732638, "count": 18, "std": 1.8543667268389186e-07, "range": 0.0 }, "geometry": { "type": "Polygon", "coordinates": [ [ [ 719900.0, 6174000.0 ], [ 719900.0, 6174100.0 ], [ 719900.0, 6174200.0 ], [ 719900.0, 6174300.0 ], [ 720000.0, 6174300.0 ], [ 720100.0, 6174300.0 ], [ 720100.0, 6174400.0 ], [ 720200.0, 6174400.0 ], [ 720300.0, 6174400.0 ], [ 720300.0, 6174300.0 ], [ 720400.0, 6174300.0 ], [ 720500.0, 6174300.0 ], [ 720600.0, 6174300.0 ], [ 720600.0, 6174200.0 ], [ 720600.0, 6174100.0 ], [ 720500.0, 6174100.0 ], [ 720400.0, 6174100.0 ], [ 720300.0, 6174100.0 ], [ 720200.0, 6174100.0 ], [ 720100.0, 6174100.0 ], [ 720100.0, 6174000.0 ], [ 720000.0, 6174000.0 ], [ 719900.0, 6174000.0 ] ] ] } },
{ "type": "Feature", "properties": { "Shape_Area": 70000.0, "Shape_Leng": 1200.0, "cluster_id": "101_951", "fid_1": 951.0, "id_munic": 951.0, "munic_clus": "101_951", "munic_code": 101.0, "min": 3.4546821117401123, "max": 3.4546821117401123, "mean": 3.4546819414411272, "count": 7, "std": 1.7029898513598596e-07, "range": 0.0 }, "geometry": { "type": "Polygon", "coordinates": [ [ [ 720600.0, 6174300.0 ], [ 720500.0, 6174300.0 ], [ 720400.0, 6174300.0 ], [ 720300.0, 6174300.0 ], [ 720300.0, 6174400.0 ], [ 720300.0, 6174500.0 ], [ 720300.0, 6174600.0 ], [ 720400.0, 6174600.0 ], [ 720400.0, 6174500.0 ], [ 720500.0, 6174500.0 ], [ 720600.0, 6174500.0 ], [ 720600.0, 6174400.0 ], [ 720600.0, 6174300.0 ] ] ] } },
{ "type": "Feature", "properties": { "Shape_Area": 20000.0, "Shape_Leng": 600.0, "cluster_id": "101_952", "fid_1": 952.0, "id_munic": 952.0, "munic_clus": "101_952", "munic_code": 101.0, "min": 3.4576804637908936, "max": 3.4576804637908936, "mean": 3.4576804637908936, "count": 2, "std": 0.0, "range": 0.0 }, "geometry": { "type": "Polygon", "coordinates": [ [ [ 721000.0, 6174100.0 ], [ 721100.0, 6174100.0 ], [ 721200.0, 6174100.0 ], [ 721200.0, 6174000.0 ], [ 721100.0, 6174000.0 ], [ 721000.0, 6174000.0 ], [ 721000.0, 6174100.0 ] ] ] } },
{ "type": "Feature", "properties": { "Shape_Area": 30000.0, "Shape_Leng": 800.0, "cluster_id": "101_953", "fid_1": 953.0, "id_munic": 953.0, "munic_clus": "101_953", "munic_code": 101.0, "min": 3.0188276767730713, "max": 3.0188276767730713, "mean": 3.0188277562459311, "count": 3, "std": 7.947285984855057e-08, "range": 0.0 }, "geometry": { "type": "Polygon", "coordinates": [ [ [ 719500.0, 6173800.0 ], [ 719500.0, 6173900.0 ], [ 719600.0, 6173900.0 ], [ 719600.0, 6173800.0 ], [ 719700.0, 6173800.0 ], [ 719700.0, 6173700.0 ], [ 719600.0, 6173700.0 ], [ 719500.0, 6173700.0 ], [ 719500.0, 6173800.0 ] ] ] } },
{ "type": "Feature", "properties": { "Shape_Area": 20000.0, "Shape_Leng": 600.0, "cluster_id": "101_954", "fid_1": 954.0, "id_munic": 954.0, "munic_clus": "101_954", "munic_code": 101.0, "min": 2.4325230121612549, "max": 2.4325230121612549, "mean": 2.4325230121612549, "count": 2, "std": 0.0, "range": 0.0 }, "geometry": { "type": "Polygon", "coordinates": [ [ [ 720800.0, 6174100.0 ], [ 720900.0, 6174100.0 ], [ 721000.0, 6174100.0 ], [ 721000.0, 6174000.0 ], [ 720900.0, 6174000.0 ], [ 720800.0, 6174000.0 ], [ 720800.0, 6174100.0 ] ] ] } },
{ "type": "Feature", "properties": { "Shape_Area": 70000.0, "Shape_Leng": 1200.0, "cluster_id": "101_955", "fid_1": 955.0, "id_munic": 955.0, "munic_clus": "101_955", "munic_code": 101.0, "min": 2.4793405532836914, "max": 2.4793405532836914, "mean": 2.4793406895228793, "count": 7, "std": 1.3623918793115308e-07, "range": 0.0 }, "geometry": { "type": "Polygon", "coordinates": [ [ [ 719100.0, 6174000.0 ], [ 719100.0, 6174100.0 ], [ 719200.0, 6174100.0 ], [ 719300.0, 6174100.0 ], [ 719300.0, 6174000.0 ], [ 719400.0, 6174000.0 ], [ 719400.0, 6173900.0 ], [ 719300.0, 6173900.0 ], [ 719300.0, 6173800.0 ], [ 719200.0, 6173800.0 ], [ 719100.0, 6173800.0 ], [ 719100.0, 6173900.0 ], [ 719100.0, 6174000.0 ] ] ] } },
{ "type": "Feature", "properties": { "Shape_Area": 10000.0, "Shape_Leng": 400.0, "cluster_id": "101_956", "fid_1": 956.0, "id_munic": 956.0, "munic_clus": "101_956", "munic_code": 101.0, "min": 3.9630131721496582, "max": 3.9630131721496582, "mean": 3.9630131721496582, "count": 1, "std": 0.0, "range": 0.0 }, "geometry": { "type": "Polygon", "coordinates": [ [ [ 720700.0, 6174000.0 ], [ 720700.0, 6174100.0 ], [ 720800.0, 6174100.0 ], [ 720800.0, 6174000.0 ], [ 720700.0, 6174000.0 ] ] ] } },
{ "type": "Feature", "properties": { "Shape_Area": 60000.0, "Shape_Leng": 1200.0, "cluster_id": "101_957", "fid_1": 957.0, "id_munic": 957.0, "munic_clus": "101_957", "munic_code": 101.0, "min": 2.9721763134002686, "max": 2.9721763134002686, "mean": 2.9721762339274087, "count": 6, "std": 7.947285984855057e-08, "range": 0.0 }, "geometry": { "type": "Polygon", "coordinates": [ [ [ 720500.0, 6174000.0 ], [ 720500.0, 6174100.0 ], [ 720600.0, 6174100.0 ], [ 720600.0, 6174200.0 ], [ 720700.0, 6174200.0 ], [ 720700.0, 6174100.0 ], [ 720700.0, 6174000.0 ], [ 720700.0, 6173900.0 ], [ 720600.0, 6173900.0 ], [ 720500.0, 6173900.0 ], [ 720400.0, 6173900.0 ], [ 720400.0, 6174000.0 ], [ 720500.0, 6174000.0 ] ] ] } },
{ "type": "Feature", "properties": { "Shape_Area": 10000.0, "Shape_Leng": 400.0, "cluster_id": "101_958", "fid_1": 958.0, "id_munic": 958.0, "munic_clus": "101_958", "munic_code": 101.0, "min": 3.8247251510620117, "max": 3.8247251510620117, "mean": 3.8247251510620117, "count": 1, "std": 0.0, "range": 0.0 }, "geometry": { "type": "Polygon", "coordinates": [ [ [ 720200.0, 6174500.0 ], [ 720200.0, 6174600.0 ], [ 720300.0, 6174600.0 ], [ 720300.0, 6174500.0 ], [ 720200.0, 6174500.0 ] ] ] } },
{ "type": "Feature", "properties": { "Shape_Area": 10000.0, "Shape_Leng": 400.0, "cluster_id": "101_959", "fid_1": 959.0, "id_munic": 959.0, "munic_clus": "101_959", "munic_code": 101.0, "min": 3.2640786170959473, "max": 3.2640786170959473, "mean": 3.2640786170959473, "count": 1, "std": 0.0, "range": 0.0 }, "geometry": { "type": "Polygon", "coordinates": [ [ [ 720900.0, 6174100.0 ], [ 720900.0, 6174200.0 ], [ 721000.0, 6174200.0 ], [ 721000.0, 6174100.0 ], [ 720900.0, 6174100.0 ] ] ] } },
{ "type": "Feature", "properties": { "Shape_Area": 10000.0, "Shape_Leng": 400.0, "cluster_id": "101_960", "fid_1": 960.0, "id_munic": 960.0, "munic_clus": "101_960", "munic_code": 101.0, "min": 3.9320230484008789, "max": 3.9320230484008789, "mean": 3.9320230484008789, "count": 1, "std": 0.0, "range": 0.0 }, "geometry": { "type": "Polygon", "coordinates": [ [ [ 720800.0, 6174100.0 ], [ 720800.0, 6174200.0 ], [ 720900.0, 6174200.0 ], [ 720900.0, 6174100.0 ], [ 720800.0, 6174100.0 ] ] ] } },
{ "type": "Feature", "properties": { "Shape_Area": 30000.0, "Shape_Leng": 800.0, "cluster_id": "101_961", "fid_1": 961.0, "id_munic": 961.0, "munic_clus": "101_961", "munic_code": 101.0, "min": 2.6927692890167236, "max": 2.6927692890167236, "mean": 2.6927693684895835, "count": 3, "std": 7.947285984855057e-08, "range": 0.0 }, "geometry": { "type": "Polygon", "coordinates": [ [ [ 719300.0, 6177100.0 ], [ 719200.0, 6177100.0 ], [ 719200.0, 6177200.0 ], [ 719300.0, 6177200.0 ], [ 719400.0, 6177200.0 ], [ 719400.0, 6177100.0 ], [ 719400.0, 6177000.0 ], [ 719300.0, 6177000.0 ], [ 719300.0, 6177100.0 ] ] ] } },
{ "type": "Feature", "properties": { "Shape_Area": 30000.0, "Shape_Leng": 800.0, "cluster_id": "101_962", "fid_1": 962.0, "id_munic": 962.0, "munic_clus": "101_962", "munic_code": 101.0, "min": 3.1571147441864014, "max": 3.1571147441864014, "mean": 3.1571146647135415, "count": 3, "std": 7.947285984855057e-08, "range": 0.0 }, "geometry": { "type": "Polygon", "coordinates": [ [ [ 719500.0, 6174600.0 ], [ 719500.0, 6174700.0 ], [ 719600.0, 6174700.0 ], [ 719700.0, 6174700.0 ], [ 719700.0, 6174600.0 ], [ 719600.0, 6174600.0 ], [ 719600.0, 6174500.0 ], [ 719500.0, 6174500.0 ], [ 719500.0, 6174600.0 ] ] ] } },
{ "type": "Feature", "properties": { "Shape_Area": 20000.0, "Shape_Leng": 600.0, "cluster_id": "101_963", "fid_1": 963.0, "id_munic": 963.0, "munic_clus": "101_963", "munic_code": 101.0, "min": 3.0793068408966064, "max": 3.0793068408966064, "mean": 3.0793068408966064, "count": 2, "std": 0.0, "range": 0.0 }, "geometry": { "type": "Polygon", "coordinates": [ [ [ 721100.0, 6174500.0 ], [ 721100.0, 6174600.0 ], [ 721200.0, 6174600.0 ], [ 721200.0, 6174500.0 ], [ 721200.0, 6174400.0 ], [ 721100.0, 6174400.0 ], [ 721100.0, 6174500.0 ] ] ] } },
{ "type": "Feature", "properties": { "Shape_Area": 10000.0, "Shape_Leng": 400.0, "cluster_id": "101_964", "fid_1": 964.0, "id_munic": 964.0, "munic_clus": "101_964", "munic_code": 101.0, "min": 3.0013332366943359, "max": 3.0013332366943359, "mean": 3.0013332366943359, "count": 1, "std": 0.0, "range": 0.0 }, "geometry": { "type": "Polygon", "coordinates": [ [ [ 720700.0, 6174100.0 ], [ 720700.0, 6174200.0 ], [ 720800.0, 6174200.0 ], [ 720800.0, 6174100.0 ], [ 720700.0, 6174100.0 ] ] ] } },
{ "type": "Feature", "properties": { "Shape_Area": 20000.0, "Shape_Leng": 600.0, "cluster_id": "101_965", "fid_1": 965.0, "id_munic": 965.0, "munic_clus": "101_965", "munic_code": 101.0, "min": 2.1809403896331787, "max": 2.1809403896331787, "mean": 2.1809403896331787, "count": 2, "std": 0.0, "range": 0.0 }, "geometry": { "type": "Polygon", "coordinates": [ [ [ 719500.0, 6174800.0 ], [ 719500.0, 6174900.0 ], [ 719600.0, 6174900.0 ], [ 719600.0, 6174800.0 ], [ 719600.0, 6174700.0 ], [ 719500.0, 6174700.0 ], [ 719500.0, 6174800.0 ] ] ] } },
{ "type": "Feature", "properties": { "Shape_Area": 10000.0, "Shape_Leng": 400.0, "cluster_id": "101_966", "fid_1": 966.0, "id_munic": 966.0, "munic_clus": "101_966", "munic_code": 101.0, "min": 3.3562145233154297, "max": 3.3562145233154297, "mean": 3.3562145233154297, "count": 1, "std": 0.0, "range": 0.0 }, "geometry": { "type": "Polygon", "coordinates": [ [ [ 724400.0, 6177800.0 ], [ 724400.0, 6177900.0 ], [ 724500.0, 6177900.0 ], [ 724500.0, 6177800.0 ], [ 724400.0, 6177800.0 ] ] ] } },
{ "type": "Feature", "properties": { "Shape_Area": 20000.0, "Shape_Leng": 600.0, "cluster_id": "101_967", "fid_1": 967.0, "id_munic": 967.0, "munic_clus": "101_967", "munic_code": 101.0, "min": 3.1946020126342773, "max": 3.1946020126342773, "mean": 3.1946020126342773, "count": 2, "std": 0.0, "range": 0.0 }, "geometry": { "type": "Polygon", "coordinates": [ [ [ 724300.0, 6177700.0 ], [ 724300.0, 6177800.0 ], [ 724400.0, 6177800.0 ], [ 724400.0, 6177700.0 ], [ 724400.0, 6177600.0 ], [ 724300.0, 6177600.0 ], [ 724300.0, 6177700.0 ] ] ] } },
{ "type": "Feature", "properties": { "Shape_Area": 80000.0, "Shape_Leng": 1400.0, "cluster_id": "101_968", "fid_1": 968.0, "id_munic": 968.0, "munic_clus": "101_968", "munic_code": 101.0, "min": 2.7595803737640381, "max": 2.7595803737640381, "mean": 2.7595803737640381, "count": 8, "std": 0.0, "range": 0.0 }, "geometry": { "type": "Polygon", "coordinates": [ [ [ 720100.0, 6176900.0 ], [ 720000.0, 6176900.0 ], [ 719900.0, 6176900.0 ], [ 719800.0, 6176900.0 ], [ 719800.0, 6177000.0 ], [ 719700.0, 6177000.0 ], [ 719700.0, 6177100.0 ], [ 719800.0, 6177100.0 ], [ 719900.0, 6177100.0 ], [ 719900.0, 6177200.0 ], [ 720000.0, 6177200.0 ], [ 720000.0, 6177100.0 ], [ 720100.0, 6177100.0 ], [ 720100.0, 6177000.0 ], [ 720100.0, 6176900.0 ] ] ] } },
{ "type": "Feature", "properties": { "Shape_Area": 40000.0, "Shape_Leng": 1000.0, "cluster_id": "101_969", "fid_1": 969.0, "id_munic": 969.0, "munic_clus": "101_969", "munic_code": 101.0, "min": 3.614795446395874, "max": 3.614795446395874, "mean": 3.614795446395874, "count": 4, "std": 0.0, "range": 0.0 }, "geometry": { "type": "Polygon", "coordinates": [ [ [ 724600.0, 6178200.0 ], [ 724600.0, 6178300.0 ], [ 724700.0, 6178300.0 ], [ 724800.0, 6178300.0 ], [ 724800.0, 6178200.0 ], [ 724700.0, 6178200.0 ], [ 724700.0, 6178100.0 ], [ 724600.0, 6178100.0 ], [ 724500.0, 6178100.0 ], [ 724500.0, 6178200.0 ], [ 724600.0, 6178200.0 ] ] ] } },
{ "type": "Feature", "properties": { "Shape_Area": 20000.0, "Shape_Leng": 600.0, "cluster_id": "101_970", "fid_1": 970.0, "id_munic": 970.0, "munic_clus": "101_970", "munic_code": 101.0, "min": 3.6854386329650879, "max": 3.6854386329650879, "mean": 3.6854386329650879, "count": 2, "std": 0.0, "range": 0.0 }, "geometry": { "type": "Polygon", "coordinates": [ [ [ 724700.0, 6178400.0 ], [ 724800.0, 6178400.0 ], [ 724900.0, 6178400.0 ], [ 724900.0, 6178300.0 ], [ 724800.0, 6178300.0 ], [ 724700.0, 6178300.0 ], [ 724700.0, 6178400.0 ] ] ] } },
{ "type": "Feature", "properties": { "Shape_Area": 20000.0, "Shape_Leng": 600.0, "cluster_id": "101_971", "fid_1": 971.0, "id_munic": 971.0, "munic_clus": "101_971", "munic_code": 101.0, "min": 3.3407201766967773, "max": 3.3407201766967773, "mean": 3.3407201766967773, "count": 2, "std": 0.0, "range": 0.0 }, "geometry": { "type": "Polygon", "coordinates": [ [ [ 724800.0, 6177800.0 ], [ 724800.0, 6177900.0 ], [ 724900.0, 6177900.0 ], [ 724900.0, 6177800.0 ], [ 724900.0, 6177700.0 ], [ 724800.0, 6177700.0 ], [ 724800.0, 6177800.0 ] ] ] } },
{ "type": "Feature", "properties": { "Shape_Area": 10000.0, "Shape_Leng": 400.0, "cluster_id": "101_972", "fid_1": 972.0, "id_munic": 972.0, "munic_clus": "101_972", "munic_code": 101.0, "min": 2.8752086162567139, "max": 2.8752086162567139, "mean": 2.8752086162567139, "count": 1, "std": 0.0, "range": 0.0 }, "geometry": { "type": "Polygon", "coordinates": [ [ [ 724700.0, 6177700.0 ], [ 724700.0, 6177800.0 ], [ 724800.0, 6177800.0 ], [ 724800.0, 6177700.0 ], [ 724700.0, 6177700.0 ] ] ] } },
{ "type": "Feature", "properties": { "Shape_Area": 30000.0, "Shape_Leng": 800.0, "cluster_id": "101_973", "fid_1": 973.0, "id_munic": 973.0, "munic_clus": "101_973", "munic_code": 101.0, "min": 3.5256583690643311, "max": 3.5256583690643311, "mean": 3.5256582895914712, "count": 3, "std": 7.947285984855057e-08, "range": 0.0 }, "geometry": { "type": "Polygon", "coordinates": [ [ [ 724700.0, 6177600.0 ], [ 724600.0, 6177600.0 ], [ 724600.0, 6177700.0 ], [ 724700.0, 6177700.0 ], [ 724800.0, 6177700.0 ], [ 724800.0, 6177600.0 ], [ 724800.0, 6177500.0 ], [ 724700.0, 6177500.0 ], [ 724700.0, 6177600.0 ] ] ] } },
{ "type": "Feature", "properties": { "Shape_Area": 10000.0, "Shape_Leng": 400.0, "cluster_id": "101_974", "fid_1": 974.0, "id_munic": 974.0, "munic_clus": "101_974", "munic_code": 101.0, "min": 2.9201939105987549, "max": 2.9201939105987549, "mean": 2.9201939105987549, "count": 1, "std": 0.0, "range": 0.0 }, "geometry": { "type": "Polygon", "coordinates": [ [ [ 724600.0, 6177500.0 ], [ 724600.0, 6177600.0 ], [ 724700.0, 6177600.0 ], [ 724700.0, 6177500.0 ], [ 724600.0, 6177500.0 ] ] ] } },
{ "type": "Feature", "properties": { "Shape_Area": 20000.0, "Shape_Leng": 600.0, "cluster_id": "101_975", "fid_1": 975.0, "id_munic": 975.0, "munic_clus": "101_975", "munic_code": 101.0, "min": 2.5709769725799561, "max": 2.5709769725799561, "mean": 2.5709769725799561, "count": 2, "std": 0.0, "range": 0.0 }, "geometry": { "type": "Polygon", "coordinates": [ [ [ 724500.0, 6177500.0 ], [ 724600.0, 6177500.0 ], [ 724700.0, 6177500.0 ], [ 724700.0, 6177400.0 ], [ 724600.0, 6177400.0 ], [ 724500.0, 6177400.0 ], [ 724500.0, 6177500.0 ] ] ] } },
{ "type": "Feature", "properties": { "Shape_Area": 30000.0, "Shape_Leng": 800.0, "cluster_id": "101_976", "fid_1": 976.0, "id_munic": 976.0, "munic_clus": "101_976", "munic_code": 101.0, "min": 3.5823061466217041, "max": 3.5823061466217041, "mean": 3.582306226094564, "count": 3, "std": 7.947285984855057e-08, "range": 0.0 }, "geometry": { "type": "Polygon", "coordinates": [ [ [ 724300.0, 6178000.0 ], [ 724400.0, 6178000.0 ], [ 724400.0, 6178100.0 ], [ 724500.0, 6178100.0 ], [ 724500.0, 6178000.0 ], [ 724500.0, 6177900.0 ], [ 724400.0, 6177900.0 ], [ 724300.0, 6177900.0 ], [ 724300.0, 6178000.0 ] ] ] } },
{ "type": "Feature", "properties": { "Shape_Area": 10000.0, "Shape_Leng": 400.0, "cluster_id": "101_977", "fid_1": 977.0, "id_munic": 977.0, "munic_clus": "101_977", "munic_code": 101.0, "min": 2.7942354679107666, "max": 2.7942354679107666, "mean": 2.7942354679107666, "count": 1, "std": 0.0, "range": 0.0 }, "geometry": { "type": "Polygon", "coordinates": [ [ [ 724700.0, 6178100.0 ], [ 724700.0, 6178200.0 ], [ 724800.0, 6178200.0 ], [ 724800.0, 6178100.0 ], [ 724700.0, 6178100.0 ] ] ] } },
{ "type": "Feature", "properties": { "Shape_Area": 10000.0, "Shape_Leng": 400.0, "cluster_id": "101_978", "fid_1": 978.0, "id_munic": 978.0, "munic_clus": "101_978", "munic_code": 101.0, "min": 3.1369545459747314, "max": 3.1369545459747314, "mean": 3.1369545459747314, "count": 1, "std": 0.0, "range": 0.0 }, "geometry": { "type": "Polygon", "coordinates": [ [ [ 724800.0, 6178200.0 ], [ 724800.0, 6178300.0 ], [ 724900.0, 6178300.0 ], [ 724900.0, 6178200.0 ], [ 724800.0, 6178200.0 ] ] ] } },
{ "type": "Feature", "properties": { "Shape_Area": 30000.0, "Shape_Leng": 800.0, "cluster_id": "101_979", "fid_1": 979.0, "id_munic": 979.0, "munic_clus": "101_979", "munic_code": 101.0, "min": 2.8228926658630371, "max": 2.8228926658630371, "mean": 2.8228925069173179, "count": 3, "std": 1.5894571925301193e-07, "range": 0.0 }, "geometry": { "type": "Polygon", "coordinates": [ [ [ 724500.0, 6178000.0 ], [ 724500.0, 6178100.0 ], [ 724600.0, 6178100.0 ], [ 724700.0, 6178100.0 ], [ 724700.0, 6178000.0 ], [ 724600.0, 6178000.0 ], [ 724600.0, 6177900.0 ], [ 724500.0, 6177900.0 ], [ 724500.0, 6178000.0 ] ] ] } },
{ "type": "Feature", "properties": { "Shape_Area": 50000.0, "Shape_Leng": 1200.0, "cluster_id": "101_980", "fid_1": 980.0, "id_munic": 980.0, "munic_clus": "101_980", "munic_code": 101.0, "min": 2.9363548755645752, "max": 2.9363548755645752, "mean": 2.9363548278808596, "count": 5, "std": 4.7683715642676816e-08, "range": 0.0 }, "geometry": { "type": "Polygon", "coordinates": [ [ [ 724300.0, 6177600.0 ], [ 724200.0, 6177600.0 ], [ 724200.0, 6177700.0 ], [ 724100.0, 6177700.0 ], [ 724100.0, 6177800.0 ], [ 724200.0, 6177800.0 ], [ 724200.0, 6177900.0 ], [ 724300.0, 6177900.0 ], [ 724400.0, 6177900.0 ], [ 724400.0, 6177800.0 ], [ 724300.0, 6177800.0 ], [ 724300.0, 6177700.0 ], [ 724300.0, 6177600.0 ] ] ] } },
{ "type": "Feature", "properties": { "Shape_Area": 180000.0, "Shape_Leng": 2800.0, "cluster_id": "101_981", "fid_1": 981.0, "id_munic": 981.0, "munic_clus": "101_981", "munic_code": 101.0, "min": 2.4475181102752686, "max": 2.4475181102752686, "mean": 2.4475180308024087, "count": 18, "std": 7.9472859848550557e-08, "range": 0.0 }, "geometry": { "type": "Polygon", "coordinates": [ [ [ 724400.0, 6177800.0 ], [ 724500.0, 6177800.0 ], [ 724500.0, 6177900.0 ], [ 724600.0, 6177900.0 ], [ 724600.0, 6178000.0 ], [ 724700.0, 6178000.0 ], [ 724700.0, 6178100.0 ], [ 724800.0, 6178100.0 ], [ 724800.0, 6178200.0 ], [ 724900.0, 6178200.0 ], [ 724900.0, 6178100.0 ], [ 725000.0, 6178100.0 ], [ 725000.0, 6178000.0 ], [ 724900.0, 6178000.0 ], [ 724900.0, 6177900.0 ], [ 724800.0, 6177900.0 ], [ 724800.0, 6177800.0 ], [ 724700.0, 6177800.0 ], [ 724700.0, 6177700.0 ], [ 724600.0, 6177700.0 ], [ 724600.0, 6177600.0 ], [ 724600.0, 6177500.0 ], [ 724500.0, 6177500.0 ], [ 724400.0, 6177500.0 ], [ 724300.0, 6177500.0 ], [ 724300.0, 6177600.0 ], [ 724400.0, 6177600.0 ], [ 724400.0, 6177700.0 ], [ 724400.0, 6177800.0 ] ] ] } },
{ "type": "Feature", "properties": { "Shape_Area": 40000.0, "Shape_Leng": 1000.0, "cluster_id": "101_982", "fid_1": 982.0, "id_munic": 982.0, "munic_clus": "101_982", "munic_code": 101.0, "min": 2.6732759475708008, "max": 2.6732759475708008, "mean": 2.6732759475708008, "count": 4, "std": 0.0, "range": 0.0 }, "geometry": { "type": "Polygon", "coordinates": [ [ [ 719100.0, 6178800.0 ], [ 719200.0, 6178800.0 ], [ 719200.0, 6178900.0 ], [ 719300.0, 6178900.0 ], [ 719300.0, 6178800.0 ], [ 719300.0, 6178700.0 ], [ 719200.0, 6178700.0 ], [ 719200.0, 6178600.0 ], [ 719100.0, 6178600.0 ], [ 719100.0, 6178700.0 ], [ 719100.0, 6178800.0 ] ] ] } },
{ "type": "Feature", "properties": { "Shape_Area": 10000.0, "Shape_Leng": 400.0, "cluster_id": "101_983", "fid_1": 983.0, "id_munic": 983.0, "munic_clus": "101_983", "munic_code": 101.0, "min": 2.9285240173339844, "max": 2.9285240173339844, "mean": 2.9285240173339844, "count": 1, "std": 0.0, "range": 0.0 }, "geometry": { "type": "Polygon", "coordinates": [ [ [ 720000.0, 6177800.0 ], [ 720000.0, 6177900.0 ], [ 720100.0, 6177900.0 ], [ 720100.0, 6177800.0 ], [ 720000.0, 6177800.0 ] ] ] } },
{ "type": "Feature", "properties": { "Shape_Area": 60000.0, "Shape_Leng": 1200.0, "cluster_id": "101_984", "fid_1": 984.0, "id_munic": 984.0, "munic_clus": "101_984", "munic_code": 101.0, "min": 3.5049991607666016, "max": 3.5049991607666016, "mean": 3.5049991607666016, "count": 6, "std": 0.0, "range": 0.0 }, "geometry": { "type": "Polygon", "coordinates": [ [ [ 719700.0, 6177200.0 ], [ 719700.0, 6177300.0 ], [ 719800.0, 6177300.0 ], [ 719900.0, 6177300.0 ], [ 720000.0, 6177300.0 ], [ 720000.0, 6177200.0 ], [ 719900.0, 6177200.0 ], [ 719900.0, 6177100.0 ], [ 719800.0, 6177100.0 ], [ 719700.0, 6177100.0 ], [ 719600.0, 6177100.0 ], [ 719600.0, 6177200.0 ], [ 719700.0, 6177200.0 ] ] ] } },
{ "type": "Feature", "properties": { "Shape_Area": 30000.0, "Shape_Leng": 800.0, "cluster_id": "101_985", "fid_1": 985.0, "id_munic": 985.0, "munic_clus": "101_985", "munic_code": 101.0, "min": 2.5481512546539307, "max": 2.5481512546539307, "mean": 2.5481513341267905, "count": 3, "std": 7.947285984855057e-08, "range": 0.0 }, "geometry": { "type": "Polygon", "coordinates": [ [ [ 719200.0, 6178500.0 ], [ 719200.0, 6178600.0 ], [ 719200.0, 6178700.0 ], [ 719300.0, 6178700.0 ], [ 719300.0, 6178600.0 ], [ 719300.0, 6178500.0 ], [ 719300.0, 6178400.0 ], [ 719200.0, 6178400.0 ], [ 719200.0, 6178500.0 ] ] ] } },
{ "type": "Feature", "properties": { "Shape_Area": 20000.0, "Shape_Leng": 600.0, "cluster_id": "101_986", "fid_1": 986.0, "id_munic": 986.0, "munic_clus": "101_986", "munic_code": 101.0, "min": 3.1842718124389648, "max": 3.1842718124389648, "mean": 3.1842718124389648, "count": 2, "std": 0.0, "range": 0.0 }, "geometry": { "type": "Polygon", "coordinates": [ [ [ 719300.0, 6178700.0 ], [ 719300.0, 6178800.0 ], [ 719400.0, 6178800.0 ], [ 719400.0, 6178700.0 ], [ 719400.0, 6178600.0 ], [ 719300.0, 6178600.0 ], [ 719300.0, 6178700.0 ] ] ] } },
{ "type": "Feature", "properties": { "Shape_Area": 30000.0, "Shape_Leng": 800.0, "cluster_id": "101_987", "fid_1": 987.0, "id_munic": 987.0, "munic_clus": "101_987", "munic_code": 101.0, "min": 2.4738423824310303, "max": 2.4738423824310303, "mean": 2.4738423029581704, "count": 3, "std": 7.947285984855057e-08, "range": 0.0 }, "geometry": { "type": "Polygon", "coordinates": [ [ [ 719400.0, 6178700.0 ], [ 719400.0, 6178800.0 ], [ 719500.0, 6178800.0 ], [ 719600.0, 6178800.0 ], [ 719600.0, 6178700.0 ], [ 719500.0, 6178700.0 ], [ 719500.0, 6178600.0 ], [ 719400.0, 6178600.0 ], [ 719400.0, 6178700.0 ] ] ] } },
{ "type": "Feature", "properties": { "Shape_Area": 80000.0, "Shape_Leng": 1400.0, "cluster_id": "101_988", "fid_1": 988.0, "id_munic": 988.0, "munic_clus": "101_988", "munic_code": 101.0, "min": 2.7682440280914307, "max": 2.7682440280914307, "mean": 2.7682440280914307, "count": 8, "std": 0.0, "range": 0.0 }, "geometry": { "type": "Polygon", "coordinates": [ [ [ 719000.0, 6178300.0 ], [ 719000.0, 6178400.0 ], [ 718900.0, 6178400.0 ], [ 718900.0, 6178500.0 ], [ 718900.0, 6178600.0 ], [ 718900.0, 6178700.0 ], [ 719000.0, 6178700.0 ], [ 719100.0, 6178700.0 ], [ 719100.0, 6178600.0 ], [ 719200.0, 6178600.0 ], [ 719200.0, 6178500.0 ], [ 719100.0, 6178500.0 ], [ 719100.0, 6178400.0 ], [ 719100.0, 6178300.0 ], [ 719000.0, 6178300.0 ] ] ] } },
{ "type": "Feature", "properties": { "Shape_Area": 60000.0, "Shape_Leng": 1000.0, "cluster_id": "101_989", "fid_1": 989.0, "id_munic": 989.0, "munic_clus": "101_989", "munic_code": 101.0, "min": 3.1401207447052002, "max": 3.1401207447052002, "mean": 3.14012082417806, "count": 6, "std": 7.947285984855057e-08, "range": 0.0 }, "geometry": { "type": "Polygon", "coordinates": [ [ [ 719300.0, 6178500.0 ], [ 719300.0, 6178600.0 ], [ 719400.0, 6178600.0 ], [ 719500.0, 6178600.0 ], [ 719500.0, 6178500.0 ], [ 719500.0, 6178400.0 ], [ 719500.0, 6178300.0 ], [ 719400.0, 6178300.0 ], [ 719300.0, 6178300.0 ], [ 719300.0, 6178400.0 ], [ 719300.0, 6178500.0 ] ] ] } },
{ "type": "Feature", "properties": { "Shape_Area": 100000.0, "Shape_Leng": 1600.0, "cluster_id": "101_990", "fid_1": 990.0, "id_munic": 990.0, "munic_clus": "101_990", "munic_code": 101.0, "min": 3.690936803817749, "max": 3.690936803817749, "mean": 3.6909366607666017, "count": 10, "std": 1.4305114737211966e-07, "range": 0.0 }, "geometry": { "type": "Polygon", "coordinates": [ [ [ 718700.0, 6178200.0 ], [ 718700.0, 6178300.0 ], [ 718600.0, 6178300.0 ], [ 718600.0, 6178400.0 ], [ 718600.0, 6178500.0 ], [ 718700.0, 6178500.0 ], [ 718700.0, 6178600.0 ], [ 718800.0, 6178600.0 ], [ 718900.0, 6178600.0 ], [ 718900.0, 6178500.0 ], [ 718900.0, 6178400.0 ], [ 719000.0, 6178400.0 ], [ 719000.0, 6178300.0 ], [ 718900.0, 6178300.0 ], [ 718800.0, 6178300.0 ], [ 718800.0, 6178200.0 ], [ 718700.0, 6178200.0 ] ] ] } },
{ "type": "Feature", "properties": { "Shape_Area": 40000.0, "Shape_Leng": 1000.0, "cluster_id": "101_991", "fid_1": 991.0, "id_munic": 991.0, "munic_clus": "101_991", "munic_code": 101.0, "min": 2.9870045185089111, "max": 2.9870045185089111, "mean": 2.9870045185089111, "count": 4, "std": 0.0, "range": 0.0 }, "geometry": { "type": "Polygon", "coordinates": [ [ [ 719000.0, 6178900.0 ], [ 719100.0, 6178900.0 ], [ 719100.0, 6179000.0 ], [ 719200.0, 6179000.0 ], [ 719200.0, 6178900.0 ], [ 719200.0, 6178800.0 ], [ 719100.0, 6178800.0 ], [ 719100.0, 6178700.0 ], [ 719000.0, 6178700.0 ], [ 719000.0, 6178800.0 ], [ 719000.0, 6178900.0 ] ] ] } },
{ "type": "Feature", "properties": { "Shape_Area": 30000.0, "Shape_Leng": 800.0, "cluster_id": "101_992", "fid_1": 992.0, "id_munic": 992.0, "munic_clus": "101_992", "munic_code": 101.0, "min": 2.3775410652160645, "max": 2.3775410652160645, "mean": 2.3775410652160645, "count": 3, "std": 0.0, "range": 0.0 }, "geometry": { "type": "Polygon", "coordinates": [ [ [ 719500.0, 6178400.0 ], [ 719500.0, 6178500.0 ], [ 719500.0, 6178600.0 ], [ 719600.0, 6178600.0 ], [ 719600.0, 6178500.0 ], [ 719600.0, 6178400.0 ], [ 719600.0, 6178300.0 ], [ 719500.0, 6178300.0 ], [ 719500.0, 6178400.0 ] ] ] } },
{ "type": "Feature", "properties": { "Shape_Area": 80000.0, "Shape_Leng": 1400.0, "cluster_id": "101_993", "fid_1": 993.0, "id_munic": 993.0, "munic_clus": "101_993", "munic_code": 101.0, "min": 2.627291202545166, "max": 2.627291202545166, "mean": 2.627291202545166, "count": 8, "std": 0.0, "range": 0.0 }, "geometry": { "type": "Polygon", "coordinates": [ [ [ 720000.0, 6177900.0 ], [ 719900.0, 6177900.0 ], [ 719800.0, 6177900.0 ], [ 719800.0, 6178000.0 ], [ 719700.0, 6178000.0 ], [ 719600.0, 6178000.0 ], [ 719600.0, 6178100.0 ], [ 719700.0, 6178100.0 ], [ 719700.0, 6178200.0 ], [ 719800.0, 6178200.0 ], [ 719900.0, 6178200.0 ], [ 719900.0, 6178100.0 ], [ 720000.0, 6178100.0 ], [ 720000.0, 6178000.0 ], [ 720000.0, 6177900.0 ] ] ] } },
{ "type": "Feature", "properties": { "Shape_Area": 100000.0, "Shape_Leng": 1600.0, "cluster_id": "101_994", "fid_1": 994.0, "id_munic": 994.0, "munic_clus": "101_994", "munic_code": 101.0, "min": 3.3242249488830566, "max": 3.3242249488830566, "mean": 3.3242248535156249, "count": 10, "std": 9.5367431729442842e-08, "range": 0.0 }, "geometry": { "type": "Polygon", "coordinates": [ [ [ 718600.0, 6178800.0 ], [ 718700.0, 6178800.0 ], [ 718700.0, 6178900.0 ], [ 718800.0, 6178900.0 ], [ 718900.0, 6178900.0 ], [ 718900.0, 6178800.0 ], [ 719000.0, 6178800.0 ], [ 719000.0, 6178700.0 ], [ 718900.0, 6178700.0 ], [ 718900.0, 6178600.0 ], [ 718800.0, 6178600.0 ], [ 718700.0, 6178600.0 ], [ 718700.0, 6178500.0 ], [ 718600.0, 6178500.0 ], [ 718600.0, 6178600.0 ], [ 718600.0, 6178700.0 ], [ 718600.0, 6178800.0 ] ] ] } },
{ "type": "Feature", "properties": { "Shape_Area": 40000.0, "Shape_Leng": 1000.0, "cluster_id": "101_995", "fid_1": 995.0, "id_munic": 995.0, "munic_clus": "101_995", "munic_code": 101.0, "min": 3.1226263046264648, "max": 3.1226263046264648, "mean": 3.1226263046264648, "count": 4, "std": 0.0, "range": 0.0 }, "geometry": { "type": "Polygon", "coordinates": [ [ [ 719800.0, 6177000.0 ], [ 719800.0, 6176900.0 ], [ 719700.0, 6176900.0 ], [ 719600.0, 6176900.0 ], [ 719600.0, 6177000.0 ], [ 719500.0, 6177000.0 ], [ 719500.0, 6177100.0 ], [ 719600.0, 6177100.0 ], [ 719700.0, 6177100.0 ], [ 719700.0, 6177000.0 ], [ 719800.0, 6177000.0 ] ] ] } },
{ "type": "Feature", "properties": { "Shape_Area": 20000.0, "Shape_Leng": 600.0, "cluster_id": "101_996", "fid_1": 996.0, "id_munic": 996.0, "munic_clus": "101_996", "munic_code": 101.0, "min": 3.4175276756286621, "max": 3.4175276756286621, "mean": 3.4175276756286621, "count": 2, "std": 0.0, "range": 0.0 }, "geometry": { "type": "Polygon", "coordinates": [ [ [ 722800.0, 6175000.0 ], [ 722800.0, 6175100.0 ], [ 722900.0, 6175100.0 ], [ 722900.0, 6175000.0 ], [ 722900.0, 6174900.0 ], [ 722800.0, 6174900.0 ], [ 722800.0, 6175000.0 ] ] ] } },
{ "type": "Feature", "properties": { "Shape_Area": 100000.0, "Shape_Leng": 1400.0, "cluster_id": "101_997", "fid_1": 997.0, "id_munic": 997.0, "munic_clus": "101_997", "munic_code": 101.0, "min": 2.5184941291809082, "max": 2.5184941291809082, "mean": 2.5184940338134765, "count": 10, "std": 9.5367431729442855e-08, "range": 0.0 }, "geometry": { "type": "Polygon", "coordinates": [ [ [ 719100.0, 6173100.0 ], [ 719100.0, 6173200.0 ], [ 719100.0, 6173300.0 ], [ 719200.0, 6173300.0 ], [ 719300.0, 6173300.0 ], [ 719300.0, 6173200.0 ], [ 719400.0, 6173200.0 ], [ 719400.0, 6173100.0 ], [ 719400.0, 6173000.0 ], [ 719400.0, 6172900.0 ], [ 719300.0, 6172900.0 ], [ 719200.0, 6172900.0 ], [ 719200.0, 6173000.0 ], [ 719100.0, 6173000.0 ], [ 719100.0, 6173100.0 ] ] ] } },
{ "type": "Feature", "properties": { "Shape_Area": 100000.0, "Shape_Leng": 1600.0, "cluster_id": "101_998", "fid_1": 998.0, "id_munic": 998.0, "munic_clus": "101_998", "munic_code": 101.0, "min": 2.754582405090332, "max": 2.754582405090332, "mean": 2.7545822143554686, "count": 10, "std": 1.9073486345888571e-07, "range": 0.0 }, "geometry": { "type": "Polygon", "coordinates": [ [ [ 719800.0, 6174800.0 ], [ 719700.0, 6174800.0 ], [ 719600.0, 6174800.0 ], [ 719600.0, 6174900.0 ], [ 719600.0, 6175000.0 ], [ 719600.0, 6175100.0 ], [ 719600.0, 6175200.0 ], [ 719700.0, 6175200.0 ], [ 719800.0, 6175200.0 ], [ 719800.0, 6175100.0 ], [ 719800.0, 6175000.0 ], [ 719800.0, 6174900.0 ], [ 719900.0, 6174900.0 ], [ 719900.0, 6174800.0 ], [ 719900.0, 6174700.0 ], [ 719800.0, 6174700.0 ], [ 719800.0, 6174800.0 ] ] ] } },
{ "type": "Feature", "properties": { "Shape_Area": 50000.0, "Shape_Leng": 1000.0, "cluster_id": "101_1000", "fid_1": 1000.0, "id_munic": 1000.0, "munic_clus": "101_1000", "munic_code": 101.0, "min": 3.4273579120635986, "max": 3.4273579120635986, "mean": 3.427357864379883, "count": 5, "std": 4.7683715642676816e-08, "range": 0.0 }, "geometry": { "type": "Polygon", "coordinates": [ [ [ 719000.0, 6173200.0 ], [ 718900.0, 6173200.0 ], [ 718900.0, 6173300.0 ], [ 718900.0, 6173400.0 ], [ 719000.0, 6173400.0 ], [ 719100.0, 6173400.0 ], [ 719100.0, 6173300.0 ], [ 719100.0, 6173200.0 ], [ 719100.0, 6173100.0 ], [ 719000.0, 6173100.0 ], [ 719000.0, 6173200.0 ] ] ] } },
{ "type": "Feature", "properties": { "Shape_Area": 80000.0, "Shape_Leng": 1200.0, "cluster_id": "101_1001", "fid_1": 1001.0, "id_munic": 1001.0, "munic_clus": "101_1001", "munic_code": 101.0, "min": 3.4505167007446289, "max": 3.4505167007446289, "mean": 3.4505167007446289, "count": 8, "std": 0.0, "range": 0.0 }, "geometry": { "type": "Polygon", "coordinates": [ [ [ 726000.0, 6173200.0 ], [ 725900.0, 6173200.0 ], [ 725800.0, 6173200.0 ], [ 725800.0, 6173300.0 ], [ 725800.0, 6173400.0 ], [ 725800.0, 6173500.0 ], [ 725900.0, 6173500.0 ], [ 726000.0, 6173500.0 ], [ 726000.0, 6173400.0 ], [ 726100.0, 6173400.0 ], [ 726100.0, 6173300.0 ], [ 726100.0, 6173200.0 ], [ 726000.0, 6173200.0 ] ] ] } },
{ "type": "Feature", "properties": { "Shape_Area": 50000.0, "Shape_Leng": 1000.0, "cluster_id": "101_1002", "fid_1": 1002.0, "id_munic": 1002.0, "munic_clus": "101_1002", "munic_code": 101.0, "min": 3.4065315723419189, "max": 3.4065315723419189, "mean": 3.4065315246582033, "count": 5, "std": 4.7683715642676816e-08, "range": 0.0 }, "geometry": { "type": "Polygon", "coordinates": [ [ [ 720400.0, 6177700.0 ], [ 720300.0, 6177700.0 ], [ 720200.0, 6177700.0 ], [ 720100.0, 6177700.0 ], [ 720100.0, 6177800.0 ], [ 720200.0, 6177800.0 ], [ 720200.0, 6177900.0 ], [ 720300.0, 6177900.0 ], [ 720400.0, 6177900.0 ], [ 720400.0, 6177800.0 ], [ 720400.0, 6177700.0 ] ] ] } },
{ "type": "Feature", "properties": { "Shape_Area": 190000.0, "Shape_Leng": 2600.0, "cluster_id": "101_1003", "fid_1": 1003.0, "id_munic": 1003.0, "munic_clus": "101_1003", "munic_code": 101.0, "min": 2.885871410369873, "max": 2.885871410369873, "mean": 2.8858712848864103, "count": 19, "std": 1.2548346273177913e-07, "range": 0.0 }, "geometry": { "type": "Polygon", "coordinates": [ [ [ 718700.0, 6179200.0 ], [ 718600.0, 6179200.0 ], [ 718600.0, 6179300.0 ], [ 718500.0, 6179300.0 ], [ 718400.0, 6179300.0 ], [ 718400.0, 6179400.0 ], [ 718300.0, 6179400.0 ], [ 718200.0, 6179400.0 ], [ 718200.0, 6179500.0 ], [ 718300.0, 6179500.0 ], [ 718300.0, 6179600.0 ], [ 718400.0, 6179600.0 ], [ 718500.0, 6179600.0 ], [ 718500.0, 6179500.0 ], [ 718600.0, 6179500.0 ], [ 718700.0, 6179500.0 ], [ 718700.0, 6179400.0 ], [ 718800.0, 6179400.0 ], [ 718900.0, 6179400.0 ], [ 718900.0, 6179300.0 ], [ 719000.0, 6179300.0 ], [ 719000.0, 6179200.0 ], [ 719000.0, 6179100.0 ], [ 718900.0, 6179100.0 ], [ 718800.0, 6179100.0 ], [ 718700.0, 6179100.0 ], [ 718700.0, 6179200.0 ] ] ] } },
{ "type": "Feature", "properties": { "Shape_Area": 40000.0, "Shape_Leng": 1000.0, "cluster_id": "101_1004", "fid_1": 1004.0, "id_munic": 1004.0, "munic_clus": "101_1004", "munic_code": 101.0, "min": 2.4921693801879883, "max": 2.4921693801879883, "mean": 2.4921693801879883, "count": 4, "std": 0.0, "range": 0.0 }, "geometry": { "type": "Polygon", "coordinates": [ [ [ 722800.0, 6175100.0 ], [ 722700.0, 6175100.0 ], [ 722700.0, 6175200.0 ], [ 722800.0, 6175200.0 ], [ 722900.0, 6175200.0 ], [ 723000.0, 6175200.0 ], [ 723000.0, 6175100.0 ], [ 723000.0, 6175000.0 ], [ 722900.0, 6175000.0 ], [ 722900.0, 6175100.0 ], [ 722800.0, 6175100.0 ] ] ] } },
{ "type": "Feature", "properties": { "Shape_Area": 30000.0, "Shape_Leng": 800.0, "cluster_id": "101_1005", "fid_1": 1005.0, "id_munic": 1005.0, "munic_clus": "101_1005", "munic_code": 101.0, "min": 3.1686103343963623, "max": 3.1686103343963623, "mean": 3.1686102549235025, "count": 3, "std": 7.947285984855057e-08, "range": 0.0 }, "geometry": { "type": "Polygon", "coordinates": [ [ [ 722800.0, 6176900.0 ], [ 722900.0, 6176900.0 ], [ 722900.0, 6177000.0 ], [ 723000.0, 6177000.0 ], [ 723000.0, 6176900.0 ], [ 723000.0, 6176800.0 ], [ 722900.0, 6176800.0 ], [ 722800.0, 6176800.0 ], [ 722800.0, 6176900.0 ] ] ] } },
{ "type": "Feature", "properties": { "Shape_Area": 40000.0, "Shape_Leng": 1000.0, "cluster_id": "101_1006", "fid_1": 1006.0, "id_munic": 1006.0, "munic_clus": "101_1006", "munic_code": 101.0, "min": 2.8437187671661377, "max": 2.8437187671661377, "mean": 2.8437187671661377, "count": 4, "std": 0.0, "range": 0.0 }, "geometry": { "type": "Polygon", "coordinates": [ [ [ 720600.0, 6174900.0 ], [ 720700.0, 6174900.0 ], [ 720800.0, 6174900.0 ], [ 720900.0, 6174900.0 ], [ 720900.0, 6174800.0 ], [ 720800.0, 6174800.0 ], [ 720700.0, 6174800.0 ], [ 720600.0, 6174800.0 ], [ 720500.0, 6174800.0 ], [ 720500.0, 6174900.0 ], [ 720600.0, 6174900.0 ] ] ] } },
{ "type": "Feature", "properties": { "Shape_Area": 140000.0, "Shape_Leng": 1600.0, "cluster_id": "101_1007", "fid_1": 1007.0, "id_munic": 1007.0, "munic_clus": "101_1007", "munic_code": 101.0, "min": 3.2377543449401855, "max": 3.2377543449401855, "mean": 3.2377542768205916, "count": 14, "std": 6.8119593965576541e-08, "range": 0.0 }, "geometry": { "type": "Polygon", "coordinates": [ [ [ 727000.0, 6172300.0 ], [ 727100.0, 6172300.0 ], [ 727200.0, 6172300.0 ], [ 727300.0, 6172300.0 ], [ 727400.0, 6172300.0 ], [ 727400.0, 6172200.0 ], [ 727400.0, 6172100.0 ], [ 727300.0, 6172100.0 ], [ 727300.0, 6172000.0 ], [ 727300.0, 6171900.0 ], [ 727200.0, 6171900.0 ], [ 727100.0, 6171900.0 ], [ 727000.0, 6171900.0 ], [ 727000.0, 6172000.0 ], [ 727000.0, 6172100.0 ], [ 727000.0, 6172200.0 ], [ 727000.0, 6172300.0 ] ] ] } },
{ "type": "Feature", "properties": { "Shape_Area": 20000.0, "Shape_Leng": 600.0, "cluster_id": "101_1008", "fid_1": 1008.0, "id_munic": 1008.0, "munic_clus": "101_1008", "munic_code": 101.0, "min": 3.0808067321777344, "max": 3.0808067321777344, "mean": 3.0808067321777344, "count": 2, "std": 0.0, "range": 0.0 }, "geometry": { "type": "Polygon", "coordinates": [ [ [ 722800.0, 6175300.0 ], [ 722900.0, 6175300.0 ], [ 723000.0, 6175300.0 ], [ 723000.0, 6175200.0 ], [ 722900.0, 6175200.0 ], [ 722800.0, 6175200.0 ], [ 722800.0, 6175300.0 ] ] ] } },
{ "type": "Feature", "properties": { "Shape_Area": 90000.0, "Shape_Leng": 1200.0, "cluster_id": "101_1009", "fid_1": 1009.0, "id_munic": 1009.0, "munic_clus": "101_1009", "munic_code": 101.0, "min": 2.4595136642456055, "max": 2.4595136642456055, "mean": 2.4595137702094183, "count": 9, "std": 1.0596381283534129e-07, "range": 0.0 }, "geometry": { "type": "Polygon", "coordinates": [ [ [ 725100.0, 6177900.0 ], [ 725200.0, 6177900.0 ], [ 725200.0, 6177800.0 ], [ 725200.0, 6177700.0 ], [ 725200.0, 6177600.0 ], [ 725100.0, 6177600.0 ], [ 725000.0, 6177600.0 ], [ 724900.0, 6177600.0 ], [ 724900.0, 6177700.0 ], [ 724900.0, 6177800.0 ], [ 724900.0, 6177900.0 ], [ 725000.0, 6177900.0 ], [ 725100.0, 6177900.0 ] ] ] } },
{ "type": "Feature", "properties": { "Shape_Area": 100000.0, "Shape_Leng": 1400.0, "cluster_id": "101_1010", "fid_1": 1010.0, "id_munic": 1010.0, "munic_clus": "101_1010", "munic_code": 101.0, "min": 2.4153618812561035, "max": 2.4153618812561035, "mean": 2.4153617858886718, "count": 10, "std": 9.5367431729442855e-08, "range": 0.0 }, "geometry": { "type": "Polygon", "coordinates": [ [ [ 727400.0, 6173900.0 ], [ 727400.0, 6174000.0 ], [ 727400.0, 6174100.0 ], [ 727500.0, 6174100.0 ], [ 727600.0, 6174100.0 ], [ 727700.0, 6174100.0 ], [ 727700.0, 6174000.0 ], [ 727700.0, 6173900.0 ], [ 727800.0, 6173900.0 ], [ 727800.0, 6173800.0 ], [ 727700.0, 6173800.0 ], [ 727600.0, 6173800.0 ], [ 727500.0, 6173800.0 ], [ 727400.0, 6173800.0 ], [ 727400.0, 6173900.0 ] ] ] } },
{ "type": "Feature", "properties": { "Shape_Area": 70000.0, "Shape_Leng": 1200.0, "cluster_id": "101_1013", "fid_1": 1013.0, "id_munic": 1013.0, "munic_clus": "101_1013", "munic_code": 101.0, "min": 3.0966343879699707, "max": 3.0966343879699707, "mean": 3.0966344560895647, "count": 7, "std": 6.8119593965576541e-08, "range": 0.0 }, "geometry": { "type": "Polygon", "coordinates": [ [ [ 727100.0, 6173500.0 ], [ 727000.0, 6173500.0 ], [ 726900.0, 6173500.0 ], [ 726800.0, 6173500.0 ], [ 726800.0, 6173600.0 ], [ 726700.0, 6173600.0 ], [ 726700.0, 6173700.0 ], [ 726800.0, 6173700.0 ], [ 726900.0, 6173700.0 ], [ 727000.0, 6173700.0 ], [ 727100.0, 6173700.0 ], [ 727100.0, 6173600.0 ], [ 727100.0, 6173500.0 ] ] ] } },
{ "type": "Feature", "properties": { "Shape_Area": 90000.0, "Shape_Leng": 1200.0, "cluster_id": "101_1014", "fid_1": 1014.0, "id_munic": 1014.0, "munic_clus": "101_1014", "munic_code": 101.0, "min": 3.3598802089691162, "max": 3.3598802089691162, "mean": 3.3598802354600696, "count": 9, "std": 2.6490953430879927e-08, "range": 0.0 }, "geometry": { "type": "Polygon", "coordinates": [ [ [ 726500.0, 6173500.0 ], [ 726400.0, 6173500.0 ], [ 726300.0, 6173500.0 ], [ 726200.0, 6173500.0 ], [ 726200.0, 6173600.0 ], [ 726200.0, 6173700.0 ], [ 726200.0, 6173800.0 ], [ 726300.0, 6173800.0 ], [ 726400.0, 6173800.0 ], [ 726500.0, 6173800.0 ], [ 726500.0, 6173700.0 ], [ 726500.0, 6173600.0 ], [ 726500.0, 6173500.0 ] ] ] } },
{ "type": "Feature", "properties": { "Shape_Area": 40000.0, "Shape_Leng": 800.0, "cluster_id": "101_1015", "fid_1": 1015.0, "id_munic": 1015.0, "munic_clus": "101_1015", "munic_code": 101.0, "min": 3.829723596572876, "max": 3.829723596572876, "mean": 3.829723596572876, "count": 4, "std": 0.0, "range": 0.0 }, "geometry": { "type": "Polygon", "coordinates": [ [ [ 726000.0, 6176100.0 ], [ 726000.0, 6176000.0 ], [ 726000.0, 6175900.0 ], [ 725900.0, 6175900.0 ], [ 725800.0, 6175900.0 ], [ 725800.0, 6176000.0 ], [ 725800.0, 6176100.0 ], [ 725900.0, 6176100.0 ], [ 726000.0, 6176100.0 ] ] ] } },
{ "type": "Feature", "properties": { "Shape_Area": 60000.0, "Shape_Leng": 1000.0, "cluster_id": "101_1016", "fid_1": 1016.0, "id_munic": 1016.0, "munic_clus": "101_1016", "munic_code": 101.0, "min": 4.115962028503418, "max": 4.115962028503418, "mean": 4.1159623463948565, "count": 6, "std": 3.1789143850602386e-07, "range": 0.0 }, "geometry": { "type": "Polygon", "coordinates": [ [ [ 726800.0, 6174900.0 ], [ 726800.0, 6175000.0 ], [ 726900.0, 6175000.0 ], [ 727000.0, 6175000.0 ], [ 727100.0, 6175000.0 ], [ 727100.0, 6174900.0 ], [ 727100.0, 6174800.0 ], [ 727000.0, 6174800.0 ], [ 726900.0, 6174800.0 ], [ 726800.0, 6174800.0 ], [ 726800.0, 6174900.0 ] ] ] } },
{ "type": "Feature", "properties": { "Shape_Area": 300000.0, "Shape_Leng": 2600.0, "cluster_id": "101_1017", "fid_1": 1017.0, "id_munic": 1017.0, "munic_clus": "101_1017", "munic_code": 101.0, "min": 3.348217248916626, "max": 3.348217248916626, "mean": 3.3482172648111979, "count": 30, "std": 1.5894571880892272e-08, "range": 0.0 }, "geometry": { "type": "Polygon", "coordinates": [ [ [ 721100.0, 6178200.0 ], [ 721000.0, 6178200.0 ], [ 720900.0, 6178200.0 ], [ 720800.0, 6178200.0 ], [ 720700.0, 6178200.0 ], [ 720700.0, 6178300.0 ], [ 720600.0, 6178300.0 ], [ 720600.0, 6178400.0 ], [ 720600.0, 6178500.0 ], [ 720700.0, 6178500.0 ], [ 720700.0, 6178600.0 ], [ 720700.0, 6178700.0 ], [ 720700.0, 6178800.0 ], [ 720700.0, 6178900.0 ], [ 720800.0, 6178900.0 ], [ 720800.0, 6179000.0 ], [ 720900.0, 6179000.0 ], [ 721000.0, 6179000.0 ], [ 721000.0, 6178900.0 ], [ 721000.0, 6178800.0 ], [ 721000.0, 6178700.0 ], [ 721100.0, 6178700.0 ], [ 721100.0, 6178600.0 ], [ 721100.0, 6178500.0 ], [ 721100.0, 6178400.0 ], [ 721100.0, 6178300.0 ], [ 721100.0, 6178200.0 ] ] ] } },
{ "type": "Feature", "properties": { "Shape_Area": 50000.0, "Shape_Leng": 1000.0, "cluster_id": "101_1018", "fid_1": 1018.0, "id_munic": 1018.0, "munic_clus": "101_1018", "munic_code": 101.0, "min": 3.7905702590942383, "max": 3.7905702590942383, "mean": 3.7905700683593748, "count": 5, "std": 1.9073486345888568e-07, "range": 0.0 }, "geometry": { "type": "Polygon", "coordinates": [ [ [ 722700.0, 6178600.0 ], [ 722600.0, 6178600.0 ], [ 722500.0, 6178600.0 ], [ 722500.0, 6178700.0 ], [ 722500.0, 6178800.0 ], [ 722500.0, 6178900.0 ], [ 722600.0, 6178900.0 ], [ 722600.0, 6178800.0 ], [ 722700.0, 6178800.0 ], [ 722700.0, 6178700.0 ], [ 722700.0, 6178600.0 ] ] ] } },
{ "type": "Feature", "properties": { "Shape_Area": 130000.0, "Shape_Leng": 1600.0, "cluster_id": "101_1019", "fid_1": 1019.0, "id_munic": 1019.0, "munic_clus": "101_1019", "munic_code": 101.0, "min": 3.2447516918182373, "max": 3.2447516918182373, "mean": 3.2447515634390025, "count": 13, "std": 1.2837923479835922e-07, "range": 0.0 }, "geometry": { "type": "Polygon", "coordinates": [ [ [ 723600.0, 6176400.0 ], [ 723700.0, 6176400.0 ], [ 723800.0, 6176400.0 ], [ 723900.0, 6176400.0 ], [ 723900.0, 6176300.0 ], [ 724000.0, 6176300.0 ], [ 724000.0, 6176200.0 ], [ 724000.0, 6176100.0 ], [ 723900.0, 6176100.0 ], [ 723800.0, 6176100.0 ], [ 723800.0, 6176000.0 ], [ 723700.0, 6176000.0 ], [ 723600.0, 6176000.0 ], [ 723600.0, 6176100.0 ], [ 723600.0, 6176200.0 ], [ 723600.0, 6176300.0 ], [ 723600.0, 6176400.0 ] ] ] } },
{ "type": "Feature", "properties": { "Shape_Area": 40000.0, "Shape_Leng": 800.0, "cluster_id": "101_1020", "fid_1": 1020.0, "id_munic": 1020.0, "munic_clus": "101_1020", "munic_code": 101.0, "min": 2.3037326335906982, "max": 2.3037326335906982, "mean": 2.3037326335906982, "count": 4, "std": 0.0, "range": 0.0 }, "geometry": { "type": "Polygon", "coordinates": [ [ [ 726900.0, 6174200.0 ], [ 726800.0, 6174200.0 ], [ 726700.0, 6174200.0 ], [ 726700.0, 6174300.0 ], [ 726700.0, 6174400.0 ], [ 726800.0, 6174400.0 ], [ 726900.0, 6174400.0 ], [ 726900.0, 6174300.0 ], [ 726900.0, 6174200.0 ] ] ] } },
{ "type": "Feature", "properties": { "Shape_Area": 70000.0, "Shape_Leng": 1200.0, "cluster_id": "101_1021", "fid_1": 1021.0, "id_munic": 1021.0, "munic_clus": "101_1021", "munic_code": 101.0, "min": 3.4721767902374268, "max": 3.4721767902374268, "mean": 3.4721766880580356, "count": 7, "std": 1.0217939117040942e-07, "range": 0.0 }, "geometry": { "type": "Polygon", "coordinates": [ [ [ 724800.0, 6176400.0 ], [ 724800.0, 6176500.0 ], [ 724900.0, 6176500.0 ], [ 724900.0, 6176600.0 ], [ 725000.0, 6176600.0 ], [ 725100.0, 6176600.0 ], [ 725100.0, 6176500.0 ], [ 725100.0, 6176400.0 ], [ 725000.0, 6176400.0 ], [ 725000.0, 6176300.0 ], [ 724900.0, 6176300.0 ], [ 724800.0, 6176300.0 ], [ 724800.0, 6176400.0 ] ] ] } },
{ "type": "Feature", "properties": { "Shape_Area": 190000.0, "Shape_Leng": 2200.0, "cluster_id": "101_1022", "fid_1": 1022.0, "id_munic": 1022.0, "munic_clus": "101_1022", "munic_code": 101.0, "min": 4.0718097686767578, "max": 4.0718097686767578, "mean": 4.0718094675164478, "count": 19, "std": 3.0116031002336291e-07, "range": 0.0 }, "geometry": { "type": "Polygon", "coordinates": [ [ [ 725200.0, 6176600.0 ], [ 725100.0, 6176600.0 ], [ 725000.0, 6176600.0 ], [ 724900.0, 6176600.0 ], [ 724900.0, 6176700.0 ], [ 724800.0, 6176700.0 ], [ 724700.0, 6176700.0 ], [ 724700.0, 6176800.0 ], [ 724700.0, 6176900.0 ], [ 724800.0, 6176900.0 ], [ 724800.0, 6177000.0 ], [ 724900.0, 6177000.0 ], [ 724900.0, 6177100.0 ], [ 725000.0, 6177100.0 ], [ 725000.0, 6177000.0 ], [ 725100.0, 6177000.0 ], [ 725200.0, 6177000.0 ], [ 725300.0, 6177000.0 ], [ 725300.0, 6176900.0 ], [ 725200.0, 6176900.0 ], [ 725200.0, 6176800.0 ], [ 725200.0, 6176700.0 ], [ 725200.0, 6176600.0 ] ] ] } },
{ "type": "Feature", "properties": { "Shape_Area": 50000.0, "Shape_Leng": 1000.0, "cluster_id": "101_1023", "fid_1": 1023.0, "id_munic": 1023.0, "munic_clus": "101_1023", "munic_code": 101.0, "min": 2.7745752334594727, "max": 2.7745752334594727, "mean": 2.7745752334594727, "count": 5, "std": 0.0, "range": 0.0 }, "geometry": { "type": "Polygon", "coordinates": [ [ [ 719000.0, 6176100.0 ], [ 719100.0, 6176100.0 ], [ 719100.0, 6176000.0 ], [ 719000.0, 6176000.0 ], [ 719000.0, 6175900.0 ], [ 718900.0, 6175900.0 ], [ 718800.0, 6175900.0 ], [ 718800.0, 6176000.0 ], [ 718800.0, 6176100.0 ], [ 718900.0, 6176100.0 ], [ 719000.0, 6176100.0 ] ] ] } },
{ "type": "Feature", "properties": { "Shape_Area": 40000.0, "Shape_Leng": 800.0, "cluster_id": "101_1024", "fid_1": 1024.0, "id_munic": 1024.0, "munic_clus": "101_1024", "munic_code": 101.0, "min": 2.9333560466766357, "max": 2.9333560466766357, "mean": 2.9333560466766357, "count": 4, "std": 0.0, "range": 0.0 }, "geometry": { "type": "Polygon", "coordinates": [ [ [ 719700.0, 6177400.0 ], [ 719700.0, 6177500.0 ], [ 719800.0, 6177500.0 ], [ 719900.0, 6177500.0 ], [ 719900.0, 6177400.0 ], [ 719900.0, 6177300.0 ], [ 719800.0, 6177300.0 ], [ 719700.0, 6177300.0 ], [ 719700.0, 6177400.0 ] ] ] } },
{ "type": "Feature", "properties": { "Shape_Area": 50000.0, "Shape_Leng": 1000.0, "cluster_id": "101_1025", "fid_1": 1025.0, "id_munic": 1025.0, "munic_clus": "101_1025", "munic_code": 101.0, "min": 2.6262917518615723, "max": 2.6262917518615723, "mean": 2.6262916564941405, "count": 5, "std": 9.5367431729442842e-08, "range": 0.0 }, "geometry": { "type": "Polygon", "coordinates": [ [ [ 724700.0, 6180700.0 ], [ 724700.0, 6180800.0 ], [ 724800.0, 6180800.0 ], [ 724900.0, 6180800.0 ], [ 725000.0, 6180800.0 ], [ 725000.0, 6180700.0 ], [ 724900.0, 6180700.0 ], [ 724900.0, 6180600.0 ], [ 724800.0, 6180600.0 ], [ 724700.0, 6180600.0 ], [ 724700.0, 6180700.0 ] ] ] } },
{ "type": "Feature", "properties": { "Shape_Area": 100000.0, "Shape_Leng": 1600.0, "cluster_id": "101_1026", "fid_1": 1026.0, "id_munic": 1026.0, "munic_clus": "101_1026", "munic_code": 101.0, "min": 3.292569637298584, "max": 3.292569637298584, "mean": 3.2925697326660157, "count": 10, "std": 9.5367431729442842e-08, "range": 0.0 }, "geometry": { "type": "Polygon", "coordinates": [ [ [ 718600.0, 6179600.0 ], [ 718600.0, 6179500.0 ], [ 718500.0, 6179500.0 ], [ 718500.0, 6179600.0 ], [ 718400.0, 6179600.0 ], [ 718300.0, 6179600.0 ], [ 718300.0, 6179700.0 ], [ 718300.0, 6179800.0 ], [ 718400.0, 6179800.0 ], [ 718400.0, 6179900.0 ], [ 718500.0, 6179900.0 ], [ 718600.0, 6179900.0 ], [ 718600.0, 6179800.0 ], [ 718700.0, 6179800.0 ], [ 718700.0, 6179700.0 ], [ 718600.0, 6179700.0 ], [ 718600.0, 6179600.0 ] ] ] } },
{ "type": "Feature", "properties": { "Shape_Area": 60000.0, "Shape_Leng": 1200.0, "cluster_id": "101_1027", "fid_1": 1027.0, "id_munic": 1027.0, "munic_clus": "101_1027", "munic_code": 101.0, "min": 2.849384069442749, "max": 2.849384069442749, "mean": 2.8493839899698892, "count": 6, "std": 7.947285984855057e-08, "range": 0.0 }, "geometry": { "type": "Polygon", "coordinates": [ [ [ 720300.0, 6179400.0 ], [ 720300.0, 6179500.0 ], [ 720400.0, 6179500.0 ], [ 720400.0, 6179600.0 ], [ 720500.0, 6179600.0 ], [ 720500.0, 6179500.0 ], [ 720600.0, 6179500.0 ], [ 720600.0, 6179400.0 ], [ 720500.0, 6179400.0 ], [ 720500.0, 6179300.0 ], [ 720400.0, 6179300.0 ], [ 720300.0, 6179300.0 ], [ 720300.0, 6179400.0 ] ] ] } },
{ "type": "Feature", "properties": { "Shape_Area": 50000.0, "Shape_Leng": 1000.0, "cluster_id": "101_1028", "fid_1": 1028.0, "id_munic": 1028.0, "munic_clus": "101_1028", "munic_code": 101.0, "min": 2.6904366016387939, "max": 2.6904366016387939, "mean": 2.6904365539550783, "count": 5, "std": 4.7683715642676816e-08, "range": 0.0 }, "geometry": { "type": "Polygon", "coordinates": [ [ [ 719500.0, 6173400.0 ], [ 719600.0, 6173400.0 ], [ 719600.0, 6173300.0 ], [ 719500.0, 6173300.0 ], [ 719500.0, 6173200.0 ], [ 719400.0, 6173200.0 ], [ 719300.0, 6173200.0 ], [ 719300.0, 6173300.0 ], [ 719300.0, 6173400.0 ], [ 719400.0, 6173400.0 ], [ 719500.0, 6173400.0 ] ] ] } },
{ "type": "Feature", "properties": { "Shape_Area": 70000.0, "Shape_Leng": 1200.0, "cluster_id": "101_1029", "fid_1": 1029.0, "id_munic": 1029.0, "munic_clus": "101_1029", "munic_code": 101.0, "min": 3.1759414672851562, "max": 3.1759414672851562, "mean": 3.1759414672851562, "count": 7, "std": 0.0, "range": 0.0 }, "geometry": { "type": "Polygon", "coordinates": [ [ [ 726500.0, 6174400.0 ], [ 726500.0, 6174500.0 ], [ 726500.0, 6174600.0 ], [ 726600.0, 6174600.0 ], [ 726700.0, 6174600.0 ], [ 726700.0, 6174500.0 ], [ 726800.0, 6174500.0 ], [ 726800.0, 6174400.0 ], [ 726700.0, 6174400.0 ], [ 726700.0, 6174300.0 ], [ 726600.0, 6174300.0 ], [ 726500.0, 6174300.0 ], [ 726500.0, 6174400.0 ] ] ] } },
{ "type": "Feature", "properties": { "Shape_Area": 190000.0, "Shape_Leng": 2000.0, "cluster_id": "101_1030", "fid_1": 1030.0, "id_munic": 1030.0, "munic_clus": "101_1030", "munic_code": 101.0, "min": 3.0794734954833984, "max": 3.0794734954833984, "mean": 3.0794733950966284, "count": 19, "std": 1.0038677000778762e-07, "range": 0.0 }, "geometry": { "type": "Polygon", "coordinates": [ [ [ 720600.0, 6180000.0 ], [ 720600.0, 6180100.0 ], [ 720600.0, 6180200.0 ], [ 720700.0, 6180200.0 ], [ 720800.0, 6180200.0 ], [ 720900.0, 6180200.0 ], [ 721000.0, 6180200.0 ], [ 721100.0, 6180200.0 ], [ 721100.0, 6180100.0 ], [ 721100.0, 6180000.0 ], [ 721000.0, 6180000.0 ], [ 721000.0, 6179900.0 ], [ 721000.0, 6179800.0 ], [ 720900.0, 6179800.0 ], [ 720900.0, 6179700.0 ], [ 720800.0, 6179700.0 ], [ 720800.0, 6179800.0 ], [ 720700.0, 6179800.0 ], [ 720600.0, 6179800.0 ], [ 720600.0, 6179900.0 ], [ 720600.0, 6180000.0 ] ] ] } },
{ "type": "Feature", "properties": { "Shape_Area": 40000.0, "Shape_Leng": 800.0, "cluster_id": "101_1031", "fid_1": 1031.0, "id_munic": 1031.0, "munic_clus": "101_1031", "munic_code": 101.0, "min": 3.2849054336547852, "max": 3.2849054336547852, "mean": 3.2849054336547852, "count": 4, "std": 0.0, "range": 0.0 }, "geometry": { "type": "Polygon", "coordinates": [ [ [ 725700.0, 6178200.0 ], [ 725700.0, 6178100.0 ], [ 725700.0, 6178000.0 ], [ 725600.0, 6178000.0 ], [ 725500.0, 6178000.0 ], [ 725500.0, 6178100.0 ], [ 725500.0, 6178200.0 ], [ 725600.0, 6178200.0 ], [ 725700.0, 6178200.0 ] ] ] } },
{ "type": "Feature", "properties": { "Shape_Area": 70000.0, "Shape_Leng": 1200.0, "cluster_id": "101_1032", "fid_1": 1032.0, "id_munic": 1032.0, "munic_clus": "101_1032", "munic_code": 101.0, "min": 3.2644121646881104, "max": 3.2644121646881104, "mean": 3.2644121987479076, "count": 7, "std": 3.4059797204832876e-08, "range": 0.0 }, "geometry": { "type": "Polygon", "coordinates": [ [ [ 721400.0, 6173800.0 ], [ 721400.0, 6173900.0 ], [ 721500.0, 6173900.0 ], [ 721500.0, 6173800.0 ], [ 721600.0, 6173800.0 ], [ 721600.0, 6173700.0 ], [ 721600.0, 6173600.0 ], [ 721600.0, 6173500.0 ], [ 721500.0, 6173500.0 ], [ 721400.0, 6173500.0 ], [ 721400.0, 6173600.0 ], [ 721400.0, 6173700.0 ], [ 721400.0, 6173800.0 ] ] ] } },
{ "type": "Feature", "properties": { "Shape_Area": 170000.0, "Shape_Leng": 2400.0, "cluster_id": "101_1033", "fid_1": 1033.0, "id_munic": 1033.0, "munic_clus": "101_1033", "munic_code": 101.0, "min": 2.6196272373199463, "max": 2.6196272373199463, "mean": 2.6196273354923023, "count": 17, "std": 9.8172356022274698e-08, "range": 0.0 }, "geometry": { "type": "Polygon", "coordinates": [ [ [ 724200.0, 6176900.0 ], [ 724100.0, 6176900.0 ], [ 724000.0, 6176900.0 ], [ 724000.0, 6177000.0 ], [ 723900.0, 6177000.0 ], [ 723900.0, 6177100.0 ], [ 724000.0, 6177100.0 ], [ 724000.0, 6177200.0 ], [ 724100.0, 6177200.0 ], [ 724100.0, 6177300.0 ], [ 724100.0, 6177400.0 ], [ 724100.0, 6177500.0 ], [ 724200.0, 6177500.0 ], [ 724300.0, 6177500.0 ], [ 724400.0, 6177500.0 ], [ 724500.0, 6177500.0 ], [ 724500.0, 6177400.0 ], [ 724400.0, 6177400.0 ], [ 724400.0, 6177300.0 ], [ 724300.0, 6177300.0 ], [ 724300.0, 6177200.0 ], [ 724300.0, 6177100.0 ], [ 724200.0, 6177100.0 ], [ 724200.0, 6177000.0 ], [ 724200.0, 6176900.0 ] ] ] } },
{ "type": "Feature", "properties": { "Shape_Area": 120000.0, "Shape_Leng": 1400.0, "cluster_id": "101_1034", "fid_1": 1034.0, "id_munic": 1034.0, "munic_clus": "101_1034", "munic_code": 101.0, "min": 2.861879825592041, "max": 2.861879825592041, "mean": 2.8618796666463218, "count": 12, "std": 1.5894571925301193e-07, "range": 0.0 }, "geometry": { "type": "Polygon", "coordinates": [ [ [ 719000.0, 6176200.0 ], [ 718900.0, 6176200.0 ], [ 718800.0, 6176200.0 ], [ 718700.0, 6176200.0 ], [ 718600.0, 6176200.0 ], [ 718600.0, 6176300.0 ], [ 718600.0, 6176400.0 ], [ 718600.0, 6176500.0 ], [ 718700.0, 6176500.0 ], [ 718800.0, 6176500.0 ], [ 718900.0, 6176500.0 ], [ 719000.0, 6176500.0 ], [ 719000.0, 6176400.0 ], [ 719000.0, 6176300.0 ], [ 719000.0, 6176200.0 ] ] ] } },
{ "type": "Feature", "properties": { "Shape_Area": 90000.0, "Shape_Leng": 1200.0, "cluster_id": "101_1035", "fid_1": 1035.0, "id_munic": 1035.0, "munic_clus": "101_1035", "munic_code": 101.0, "min": 3.4528493881225586, "max": 3.4528493881225586, "mean": 3.4528494940863714, "count": 9, "std": 1.0596381283534129e-07, "range": 0.0 }, "geometry": { "type": "Polygon", "coordinates": [ [ [ 727900.0, 6173500.0 ], [ 727900.0, 6173600.0 ], [ 727900.0, 6173700.0 ], [ 728000.0, 6173700.0 ], [ 728100.0, 6173700.0 ], [ 728200.0, 6173700.0 ], [ 728200.0, 6173600.0 ], [ 728200.0, 6173500.0 ], [ 728200.0, 6173400.0 ], [ 728100.0, 6173400.0 ], [ 728000.0, 6173400.0 ], [ 727900.0, 6173400.0 ], [ 727900.0, 6173500.0 ] ] ] } },
{ "type": "Feature", "properties": { "Shape_Area": 330000.0, "Shape_Leng": 3000.0, "cluster_id": "101_1036", "fid_1": 1036.0, "id_munic": 1036.0, "munic_clus": "101_1036", "munic_code": 101.0, "min": 3.0628125667572021, "max": 3.0628125667572021, "mean": 3.0628125739820078, "count": 33, "std": 7.2248056426360563e-09, "range": 0.0 }, "geometry": { "type": "Polygon", "coordinates": [ [ [ 720200.0, 6173100.0 ], [ 720100.0, 6173100.0 ], [ 720000.0, 6173100.0 ], [ 719900.0, 6173100.0 ], [ 719800.0, 6173100.0 ], [ 719700.0, 6173100.0 ], [ 719700.0, 6173000.0 ], [ 719600.0, 6173000.0 ], [ 719500.0, 6173000.0 ], [ 719400.0, 6173000.0 ], [ 719400.0, 6173100.0 ], [ 719400.0, 6173200.0 ], [ 719500.0, 6173200.0 ], [ 719500.0, 6173300.0 ], [ 719600.0, 6173300.0 ], [ 719600.0, 6173400.0 ], [ 719600.0, 6173500.0 ], [ 719700.0, 6173500.0 ], [ 719800.0, 6173500.0 ], [ 719900.0, 6173500.0 ], [ 720000.0, 6173500.0 ], [ 720000.0, 6173600.0 ], [ 720100.0, 6173600.0 ], [ 720200.0, 6173600.0 ], [ 720200.0, 6173500.0 ], [ 720200.0, 6173400.0 ], [ 720200.0, 6173300.0 ], [ 720300.0, 6173300.0 ], [ 720300.0, 6173200.0 ], [ 720200.0, 6173200.0 ], [ 720200.0, 6173100.0 ] ] ] } },
{ "type": "Feature", "properties": { "Shape_Area": 120000.0, "Shape_Leng": 1600.0, "cluster_id": "101_1037", "fid_1": 1037.0, "id_munic": 1037.0, "munic_clus": "101_1037", "munic_code": 101.0, "min": 2.6361212730407715, "max": 2.6361212730407715, "mean": 2.6361214319864907, "count": 12, "std": 1.5894571925301193e-07, "range": 0.0 }, "geometry": { "type": "Polygon", "coordinates": [ [ [ 718700.0, 6173600.0 ], [ 718700.0, 6173700.0 ], [ 718700.0, 6173800.0 ], [ 718800.0, 6173800.0 ], [ 718900.0, 6173800.0 ], [ 719000.0, 6173800.0 ], [ 719000.0, 6173700.0 ], [ 719000.0, 6173600.0 ], [ 719000.0, 6173500.0 ], [ 719000.0, 6173400.0 ], [ 718900.0, 6173400.0 ], [ 718900.0, 6173300.0 ], [ 718800.0, 6173300.0 ], [ 718800.0, 6173400.0 ], [ 718800.0, 6173500.0 ], [ 718700.0, 6173500.0 ], [ 718700.0, 6173600.0 ] ] ] } },
{ "type": "Feature", "properties": { "Shape_Area": 40000.0, "Shape_Leng": 800.0, "cluster_id": "101_1038", "fid_1": 1038.0, "id_munic": 1038.0, "munic_clus": "101_1038", "munic_code": 101.0, "min": 3.8363883495330811, "max": 3.8363883495330811, "mean": 3.8363883495330811, "count": 4, "std": 0.0, "range": 0.0 }, "geometry": { "type": "Polygon", "coordinates": [ [ [ 727500.0, 6173800.0 ], [ 727500.0, 6173700.0 ], [ 727500.0, 6173600.0 ], [ 727400.0, 6173600.0 ], [ 727300.0, 6173600.0 ], [ 727300.0, 6173700.0 ], [ 727300.0, 6173800.0 ], [ 727400.0, 6173800.0 ], [ 727500.0, 6173800.0 ] ] ] } },
{ "type": "Feature", "properties": { "Shape_Area": 50000.0, "Shape_Leng": 1000.0, "cluster_id": "101_1039", "fid_1": 1039.0, "id_munic": 1039.0, "munic_clus": "101_1039", "munic_code": 101.0, "min": 2.6277909278869629, "max": 2.6277909278869629, "mean": 2.6277908325195312, "count": 5, "std": 9.5367431729442842e-08, "range": 0.0 }, "geometry": { "type": "Polygon", "coordinates": [ [ [ 725400.0, 6177300.0 ], [ 725500.0, 6177300.0 ], [ 725600.0, 6177300.0 ], [ 725600.0, 6177200.0 ], [ 725600.0, 6177100.0 ], [ 725500.0, 6177100.0 ], [ 725400.0, 6177100.0 ], [ 725300.0, 6177100.0 ], [ 725300.0, 6177200.0 ], [ 725400.0, 6177200.0 ], [ 725400.0, 6177300.0 ] ] ] } },
{ "type": "Feature", "properties": { "Shape_Area": 60000.0, "Shape_Leng": 1200.0, "cluster_id": "101_1040", "fid_1": 1040.0, "id_munic": 1040.0, "munic_clus": "101_1040", "munic_code": 101.0, "min": 1.9660115242004395, "max": 1.9660115242004395, "mean": 1.96601136525472, "count": 6, "std": 1.5894571947505653e-07, "range": 0.0 }, "geometry": { "type": "Polygon", "coordinates": [ [ [ 719400.0, 6176400.0 ], [ 719400.0, 6176500.0 ], [ 719400.0, 6176600.0 ], [ 719500.0, 6176600.0 ], [ 719500.0, 6176500.0 ], [ 719600.0, 6176500.0 ], [ 719600.0, 6176400.0 ], [ 719700.0, 6176400.0 ], [ 719700.0, 6176300.0 ], [ 719600.0, 6176300.0 ], [ 719500.0, 6176300.0 ], [ 719400.0, 6176300.0 ], [ 719400.0, 6176400.0 ] ] ] } },
{ "type": "Feature", "properties": { "Shape_Area": 50000.0, "Shape_Leng": 1000.0, "cluster_id": "101_1042", "fid_1": 1042.0, "id_munic": 1042.0, "munic_clus": "101_1042", "munic_code": 101.0, "min": 3.0306565761566162, "max": 3.0306565761566162, "mean": 3.0306566238403319, "count": 5, "std": 4.7683715642676816e-08, "range": 0.0 }, "geometry": { "type": "Polygon", "coordinates": [ [ [ 727100.0, 6173800.0 ], [ 727100.0, 6173900.0 ], [ 727000.0, 6173900.0 ], [ 727000.0, 6174000.0 ], [ 727000.0, 6174100.0 ], [ 727100.0, 6174100.0 ], [ 727200.0, 6174100.0 ], [ 727200.0, 6174000.0 ], [ 727200.0, 6173900.0 ], [ 727200.0, 6173800.0 ], [ 727100.0, 6173800.0 ] ] ] } },
{ "type": "Feature", "properties": { "Shape_Area": 150000.0, "Shape_Leng": 1600.0, "cluster_id": "101_1043", "fid_1": 1043.0, "id_munic": 1043.0, "munic_clus": "101_1043", "munic_code": 101.0, "min": 2.7794070243835449, "max": 2.7794070243835449, "mean": 2.7794069925944012, "count": 15, "std": 3.1789143761784544e-08, "range": 0.0 }, "geometry": { "type": "Polygon", "coordinates": [ [ [ 719900.0, 6177600.0 ], [ 719800.0, 6177600.0 ], [ 719700.0, 6177600.0 ], [ 719600.0, 6177600.0 ], [ 719500.0, 6177600.0 ], [ 719500.0, 6177700.0 ], [ 719500.0, 6177800.0 ], [ 719500.0, 6177900.0 ], [ 719500.0, 6178000.0 ], [ 719600.0, 6178000.0 ], [ 719700.0, 6178000.0 ], [ 719800.0, 6178000.0 ], [ 719800.0, 6177900.0 ], [ 719900.0, 6177900.0 ], [ 719900.0, 6177800.0 ], [ 719900.0, 6177700.0 ], [ 719900.0, 6177600.0 ] ] ] } },
{ "type": "Feature", "properties": { "Shape_Area": 60000.0, "Shape_Leng": 1200.0, "cluster_id": "101_1044", "fid_1": 1044.0, "id_munic": 1044.0, "munic_clus": "101_1044", "munic_code": 101.0, "min": 3.9931690692901611, "max": 3.9931690692901611, "mean": 3.993169148763021, "count": 6, "std": 7.947285984855057e-08, "range": 0.0 }, "geometry": { "type": "Polygon", "coordinates": [ [ [ 722300.0, 6177300.0 ], [ 722300.0, 6177400.0 ], [ 722200.0, 6177400.0 ], [ 722200.0, 6177500.0 ], [ 722200.0, 6177600.0 ], [ 722200.0, 6177700.0 ], [ 722300.0, 6177700.0 ], [ 722300.0, 6177600.0 ], [ 722400.0, 6177600.0 ], [ 722400.0, 6177500.0 ], [ 722400.0, 6177400.0 ], [ 722400.0, 6177300.0 ], [ 722300.0, 6177300.0 ] ] ] } },
{ "type": "Feature", "properties": { "Shape_Area": 60000.0, "Shape_Leng": 1000.0, "cluster_id": "101_1045", "fid_1": 1045.0, "id_munic": 1045.0, "munic_clus": "101_1045", "munic_code": 101.0, "min": 2.7114300727844238, "max": 2.7114300727844238, "mean": 2.7114299138387046, "count": 6, "std": 1.5894571925301193e-07, "range": 0.0 }, "geometry": { "type": "Polygon", "coordinates": [ [ [ 720900.0, 6179400.0 ], [ 720900.0, 6179500.0 ], [ 721000.0, 6179500.0 ], [ 721100.0, 6179500.0 ], [ 721200.0, 6179500.0 ], [ 721200.0, 6179400.0 ], [ 721200.0, 6179300.0 ], [ 721100.0, 6179300.0 ], [ 721000.0, 6179300.0 ], [ 720900.0, 6179300.0 ], [ 720900.0, 6179400.0 ] ] ] } },
{ "type": "Feature", "properties": { "Shape_Area": 130000.0, "Shape_Leng": 2000.0, "cluster_id": "101_1046", "fid_1": 1046.0, "id_munic": 1046.0, "munic_clus": "101_1046", "munic_code": 101.0, "min": 3.0616462230682373, "max": 3.0616462230682373, "mean": 3.0616460946890025, "count": 13, "std": 1.2837923479835922e-07, "range": 0.0 }, "geometry": { "type": "Polygon", "coordinates": [ [ [ 724400.0, 6176300.0 ], [ 724400.0, 6176200.0 ], [ 724300.0, 6176200.0 ], [ 724200.0, 6176200.0 ], [ 724200.0, 6176100.0 ], [ 724100.0, 6176100.0 ], [ 724000.0, 6176100.0 ], [ 724000.0, 6176200.0 ], [ 724100.0, 6176200.0 ], [ 724100.0, 6176300.0 ], [ 724100.0, 6176400.0 ], [ 724200.0, 6176400.0 ], [ 724200.0, 6176500.0 ], [ 724200.0, 6176600.0 ], [ 724300.0, 6176600.0 ], [ 724400.0, 6176600.0 ], [ 724500.0, 6176600.0 ], [ 724500.0, 6176500.0 ], [ 724400.0, 6176500.0 ], [ 724400.0, 6176400.0 ], [ 724400.0, 6176300.0 ] ] ] } },
{ "type": "Feature", "properties": { "Shape_Area": 50000.0, "Shape_Leng": 1000.0, "cluster_id": "101_1047", "fid_1": 1047.0, "id_munic": 1047.0, "munic_clus": "101_1047", "munic_code": 101.0, "min": 3.5754754543304443, "max": 3.5754754543304443, "mean": 3.575475311279297, "count": 5, "std": 1.4305114737211966e-07, "range": 0.0 }, "geometry": { "type": "Polygon", "coordinates": [ [ [ 726400.0, 6173400.0 ], [ 726400.0, 6173300.0 ], [ 726500.0, 6173300.0 ], [ 726500.0, 6173200.0 ], [ 726400.0, 6173200.0 ], [ 726300.0, 6173200.0 ], [ 726200.0, 6173200.0 ], [ 726200.0, 6173300.0 ], [ 726200.0, 6173400.0 ], [ 726300.0, 6173400.0 ], [ 726400.0, 6173400.0 ] ] ] } },
{ "type": "Feature", "properties": { "Shape_Area": 230000.0, "Shape_Leng": 2400.0, "cluster_id": "101_1048", "fid_1": 1048.0, "id_munic": 1048.0, "munic_clus": "101_1048", "munic_code": 101.0, "min": 4.5521492958068848, "max": 4.5521492958068848, "mean": 4.5521489018979278, "count": 23, "std": 3.9390895700819328e-07, "range": 0.0 }, "geometry": { "type": "Polygon", "coordinates": [ [ [ 725200.0, 6175100.0 ], [ 725100.0, 6175100.0 ], [ 725100.0, 6175200.0 ], [ 725100.0, 6175300.0 ], [ 725200.0, 6175300.0 ], [ 725200.0, 6175400.0 ], [ 725300.0, 6175400.0 ], [ 725400.0, 6175400.0 ], [ 725500.0, 6175400.0 ], [ 725500.0, 6175300.0 ], [ 725600.0, 6175300.0 ], [ 725700.0, 6175300.0 ], [ 725700.0, 6175200.0 ], [ 725700.0, 6175100.0 ], [ 725700.0, 6175000.0 ], [ 725800.0, 6175000.0 ], [ 725800.0, 6174900.0 ], [ 725700.0, 6174900.0 ], [ 725600.0, 6174900.0 ], [ 725500.0, 6174900.0 ], [ 725500.0, 6175000.0 ], [ 725400.0, 6175000.0 ], [ 725300.0, 6175000.0 ], [ 725200.0, 6175000.0 ], [ 725200.0, 6175100.0 ] ] ] } },
{ "type": "Feature", "properties": { "Shape_Area": 110000.0, "Shape_Leng": 1600.0, "cluster_id": "101_1049", "fid_1": 1049.0, "id_munic": 1049.0, "munic_clus": "101_1049", "munic_code": 101.0, "min": 3.4260249137878418, "max": 3.4260249137878418, "mean": 3.4260246970436792, "count": 11, "std": 2.1674416261774351e-07, "range": 0.0 }, "geometry": { "type": "Polygon", "coordinates": [ [ [ 720200.0, 6172500.0 ], [ 720200.0, 6172600.0 ], [ 720200.0, 6172700.0 ], [ 720200.0, 6172800.0 ], [ 720300.0, 6172800.0 ], [ 720300.0, 6172700.0 ], [ 720400.0, 6172700.0 ], [ 720500.0, 6172700.0 ], [ 720600.0, 6172700.0 ], [ 720600.0, 6172600.0 ], [ 720500.0, 6172600.0 ], [ 720500.0, 6172500.0 ], [ 720500.0, 6172400.0 ], [ 720400.0, 6172400.0 ], [ 720300.0, 6172400.0 ], [ 720200.0, 6172400.0 ], [ 720200.0, 6172500.0 ] ] ] } },
{ "type": "Feature", "properties": { "Shape_Area": 50000.0, "Shape_Leng": 1000.0, "cluster_id": "101_1050", "fid_1": 1050.0, "id_munic": 1050.0, "munic_clus": "101_1050", "munic_code": 101.0, "min": 2.5774743556976318, "max": 2.5774743556976318, "mean": 2.5774744033813475, "count": 5, "std": 4.7683715642676816e-08, "range": 0.0 }, "geometry": { "type": "Polygon", "coordinates": [ [ [ 724900.0, 6174900.0 ], [ 724900.0, 6175000.0 ], [ 725000.0, 6175000.0 ], [ 725100.0, 6175000.0 ], [ 725100.0, 6174900.0 ], [ 725100.0, 6174800.0 ], [ 725000.0, 6174800.0 ], [ 724900.0, 6174800.0 ], [ 724800.0, 6174800.0 ], [ 724800.0, 6174900.0 ], [ 724900.0, 6174900.0 ] ] ] } },
{ "type": "Feature", "properties": { "Shape_Area": 40000.0, "Shape_Leng": 800.0, "cluster_id": "101_1051", "fid_1": 1051.0, "id_munic": 1051.0, "munic_clus": "101_1051", "munic_code": 101.0, "min": 3.892702579498291, "max": 3.892702579498291, "mean": 3.892702579498291, "count": 4, "std": 0.0, "range": 0.0 }, "geometry": { "type": "Polygon", "coordinates": [ [ [ 727200.0, 6174200.0 ], [ 727300.0, 6174200.0 ], [ 727400.0, 6174200.0 ], [ 727400.0, 6174100.0 ], [ 727400.0, 6174000.0 ], [ 727300.0, 6174000.0 ], [ 727200.0, 6174000.0 ], [ 727200.0, 6174100.0 ], [ 727200.0, 6174200.0 ] ] ] } },
{ "type": "Feature", "properties": { "Shape_Area": 170000.0, "Shape_Leng": 2600.0, "cluster_id": "101_1052", "fid_1": 1052.0, "id_munic": 1052.0, "munic_clus": "101_1052", "munic_code": 101.0, "min": 3.7260911464691162, "max": 3.7260911464691162, "mean": 3.7260908239028034, "count": 17, "std": 3.225663127714995e-07, "range": 0.0 }, "geometry": { "type": "Polygon", "coordinates": [ [ [ 720300.0, 6172100.0 ], [ 720300.0, 6172000.0 ], [ 720300.0, 6171900.0 ], [ 720300.0, 6171800.0 ], [ 720200.0, 6171800.0 ], [ 720200.0, 6171900.0 ], [ 720100.0, 6171900.0 ], [ 720000.0, 6171900.0 ], [ 720000.0, 6172000.0 ], [ 720000.0, 6172100.0 ], [ 719900.0, 6172100.0 ], [ 719900.0, 6172200.0 ], [ 719800.0, 6172200.0 ], [ 719700.0, 6172200.0 ], [ 719600.0, 6172200.0 ], [ 719600.0, 6172300.0 ], [ 719600.0, 6172400.0 ], [ 719700.0, 6172400.0 ], [ 719800.0, 6172400.0 ], [ 719900.0, 6172400.0 ], [ 719900.0, 6172300.0 ], [ 720000.0, 6172300.0 ], [ 720000.0, 6172200.0 ], [ 720100.0, 6172200.0 ], [ 720200.0, 6172200.0 ], [ 720200.0, 6172100.0 ], [ 720300.0, 6172100.0 ] ] ] } },
{ "type": "Feature", "properties": { "Shape_Area": 40000.0, "Shape_Leng": 800.0, "cluster_id": "101_1054", "fid_1": 1054.0, "id_munic": 1054.0, "munic_clus": "101_1054", "munic_code": 101.0, "min": 2.9206931591033936, "max": 2.9206931591033936, "mean": 2.9206931591033936, "count": 4, "std": 0.0, "range": 0.0 }, "geometry": { "type": "Polygon", "coordinates": [ [ [ 723200.0, 6174900.0 ], [ 723300.0, 6174900.0 ], [ 723400.0, 6174900.0 ], [ 723400.0, 6174800.0 ], [ 723400.0, 6174700.0 ], [ 723300.0, 6174700.0 ], [ 723200.0, 6174700.0 ], [ 723200.0, 6174800.0 ], [ 723200.0, 6174900.0 ] ] ] } },
{ "type": "Feature", "properties": { "Shape_Area": 80000.0, "Shape_Leng": 1400.0, "cluster_id": "101_1055", "fid_1": 1055.0, "id_munic": 1055.0, "munic_clus": "101_1055", "munic_code": 101.0, "min": 2.5468177795410156, "max": 2.5468177795410156, "mean": 2.5468177795410156, "count": 8, "std": 0.0, "range": 0.0 }, "geometry": { "type": "Polygon", "coordinates": [ [ [ 718900.0, 6178900.0 ], [ 718800.0, 6178900.0 ], [ 718700.0, 6178900.0 ], [ 718600.0, 6178900.0 ], [ 718600.0, 6179000.0 ], [ 718600.0, 6179100.0 ], [ 718500.0, 6179100.0 ], [ 718500.0, 6179200.0 ], [ 718600.0, 6179200.0 ], [ 718700.0, 6179200.0 ], [ 718700.0, 6179100.0 ], [ 718800.0, 6179100.0 ], [ 718900.0, 6179100.0 ], [ 718900.0, 6179000.0 ], [ 718900.0, 6178900.0 ] ] ] } },
{ "type": "Feature", "properties": { "Shape_Area": 100000.0, "Shape_Leng": 1400.0, "cluster_id": "101_1056", "fid_1": 1056.0, "id_munic": 1056.0, "munic_clus": "101_1056", "munic_code": 101.0, "min": 2.6266250610351562, "max": 2.6266250610351562, "mean": 2.6266250610351562, "count": 10, "std": 0.0, "range": 0.0 }, "geometry": { "type": "Polygon", "coordinates": [ [ [ 721300.0, 6179100.0 ], [ 721300.0, 6179200.0 ], [ 721400.0, 6179200.0 ], [ 721400.0, 6179300.0 ], [ 721500.0, 6179300.0 ], [ 721600.0, 6179300.0 ], [ 721600.0, 6179200.0 ], [ 721700.0, 6179200.0 ], [ 721700.0, 6179100.0 ], [ 721700.0, 6179000.0 ], [ 721600.0, 6179000.0 ], [ 721500.0, 6179000.0 ], [ 721400.0, 6179000.0 ], [ 721300.0, 6179000.0 ], [ 721300.0, 6179100.0 ] ] ] } },
{ "type": "Feature", "properties": { "Shape_Area": 90000.0, "Shape_Leng": 1400.0, "cluster_id": "101_1057", "fid_1": 1057.0, "id_munic": 1057.0, "munic_clus": "101_1057", "munic_code": 101.0, "min": 2.386704683303833, "max": 2.386704683303833, "mean": 2.3867047627766929, "count": 9, "std": 7.947285984855057e-08, "range": 0.0 }, "geometry": { "type": "Polygon", "coordinates": [ [ [ 719400.0, 6175100.0 ], [ 719300.0, 6175100.0 ], [ 719200.0, 6175100.0 ], [ 719100.0, 6175100.0 ], [ 719000.0, 6175100.0 ], [ 719000.0, 6175200.0 ], [ 719100.0, 6175200.0 ], [ 719100.0, 6175300.0 ], [ 719200.0, 6175300.0 ], [ 719200.0, 6175400.0 ], [ 719300.0, 6175400.0 ], [ 719400.0, 6175400.0 ], [ 719400.0, 6175300.0 ], [ 719400.0, 6175200.0 ], [ 719400.0, 6175100.0 ] ] ] } },
{ "type": "Feature", "properties": { "Shape_Area": 80000.0, "Shape_Leng": 1200.0, "cluster_id": "101_1058", "fid_1": 1058.0, "id_munic": 1058.0, "munic_clus": "101_1058", "munic_code": 101.0, "min": 2.575308084487915, "max": 2.575308084487915, "mean": 2.575308084487915, "count": 8, "std": 0.0, "range": 0.0 }, "geometry": { "type": "Polygon", "coordinates": [ [ [ 721800.0, 6178300.0 ], [ 721700.0, 6178300.0 ], [ 721700.0, 6178400.0 ], [ 721600.0, 6178400.0 ], [ 721600.0, 6178500.0 ], [ 721600.0, 6178600.0 ], [ 721700.0, 6178600.0 ], [ 721800.0, 6178600.0 ], [ 721900.0, 6178600.0 ], [ 721900.0, 6178500.0 ], [ 721900.0, 6178400.0 ], [ 721900.0, 6178300.0 ], [ 721800.0, 6178300.0 ] ] ] } },
{ "type": "Feature", "properties": { "Shape_Area": 40000.0, "Shape_Leng": 800.0, "cluster_id": "101_1059", "fid_1": 1059.0, "id_munic": 1059.0, "munic_clus": "101_1059", "munic_code": 101.0, "min": 2.8388869762420654, "max": 2.8388869762420654, "mean": 2.8388869762420654, "count": 4, "std": 0.0, "range": 0.0 }, "geometry": { "type": "Polygon", "coordinates": [ [ [ 721000.0, 6178100.0 ], [ 721100.0, 6178100.0 ], [ 721200.0, 6178100.0 ], [ 721200.0, 6178000.0 ], [ 721200.0, 6177900.0 ], [ 721100.0, 6177900.0 ], [ 721000.0, 6177900.0 ], [ 721000.0, 6178000.0 ], [ 721000.0, 6178100.0 ] ] ] } },
{ "type": "Feature", "properties": { "Shape_Area": 40000.0, "Shape_Leng": 800.0, "cluster_id": "101_1060", "fid_1": 1060.0, "id_munic": 1060.0, "munic_clus": "101_1060", "munic_code": 101.0, "min": 2.6536154747009277, "max": 2.6536154747009277, "mean": 2.6536154747009277, "count": 4, "std": 0.0, "range": 0.0 }, "geometry": { "type": "Polygon", "coordinates": [ [ [ 722500.0, 6178300.0 ], [ 722600.0, 6178300.0 ], [ 722700.0, 6178300.0 ], [ 722700.0, 6178200.0 ], [ 722700.0, 6178100.0 ], [ 722600.0, 6178100.0 ], [ 722500.0, 6178100.0 ], [ 722500.0, 6178200.0 ], [ 722500.0, 6178300.0 ] ] ] } },
{ "type": "Feature", "properties": { "Shape_Area": 410000.0, "Shape_Leng": 3600.0, "cluster_id": "101_1061", "fid_1": 1061.0, "id_munic": 1061.0, "munic_clus": "101_1061", "munic_code": 101.0, "min": 2.855881929397583, "max": 2.855881929397583, "mean": 2.8558820398842415, "count": 41, "std": 1.1048665848889527e-07, "range": 0.0 }, "geometry": { "type": "Polygon", "coordinates": [ [ [ 719100.0, 6180300.0 ], [ 719200.0, 6180300.0 ], [ 719200.0, 6180400.0 ], [ 719200.0, 6180500.0 ], [ 719100.0, 6180500.0 ], [ 719000.0, 6180500.0 ], [ 719000.0, 6180600.0 ], [ 719000.0, 6180700.0 ], [ 719000.0, 6180800.0 ], [ 718900.0, 6180800.0 ], [ 718800.0, 6180800.0 ], [ 718800.0, 6180900.0 ], [ 718900.0, 6180900.0 ], [ 719000.0, 6180900.0 ], [ 719100.0, 6180900.0 ], [ 719200.0, 6180900.0 ], [ 719200.0, 6180800.0 ], [ 719300.0, 6180800.0 ], [ 719400.0, 6180800.0 ], [ 719500.0, 6180800.0 ], [ 719500.0, 6180700.0 ], [ 719600.0, 6180700.0 ], [ 719600.0, 6180600.0 ], [ 719700.0, 6180600.0 ], [ 719700.0, 6180500.0 ], [ 719700.0, 6180400.0 ], [ 719700.0, 6180300.0 ], [ 719600.0, 6180300.0 ], [ 719600.0, 6180200.0 ], [ 719500.0, 6180200.0 ], [ 719500.0, 6180100.0 ], [ 719400.0, 6180100.0 ], [ 719300.0, 6180100.0 ], [ 719200.0, 6180100.0 ], [ 719100.0, 6180100.0 ], [ 719100.0, 6180200.0 ], [ 719100.0, 6180300.0 ] ] ] } },
{ "type": "Feature", "properties": { "Shape_Area": 90000.0, "Shape_Leng": 1400.0, "cluster_id": "101_1063", "fid_1": 1063.0, "id_munic": 1063.0, "munic_clus": "101_1063", "munic_code": 101.0, "min": 3.3800399303436279, "max": 3.3800399303436279, "mean": 3.3800396389431424, "count": 9, "std": 2.9140048551923314e-07, "range": 0.0 }, "geometry": { "type": "Polygon", "coordinates": [ [ [ 722500.0, 6180700.0 ], [ 722600.0, 6180700.0 ], [ 722600.0, 6180800.0 ], [ 722700.0, 6180800.0 ], [ 722800.0, 6180800.0 ], [ 722800.0, 6180700.0 ], [ 722900.0, 6180700.0 ], [ 722900.0, 6180600.0 ], [ 722800.0, 6180600.0 ], [ 722800.0, 6180500.0 ], [ 722700.0, 6180500.0 ], [ 722600.0, 6180500.0 ], [ 722500.0, 6180500.0 ], [ 722500.0, 6180600.0 ], [ 722500.0, 6180700.0 ] ] ] } },
{ "type": "Feature", "properties": { "Shape_Area": 40000.0, "Shape_Leng": 800.0, "cluster_id": "101_1064", "fid_1": 1064.0, "id_munic": 1064.0, "munic_clus": "101_1064", "munic_code": 101.0, "min": 3.026658296585083, "max": 3.026658296585083, "mean": 3.026658296585083, "count": 4, "std": 0.0, "range": 0.0 }, "geometry": { "type": "Polygon", "coordinates": [ [ [ 720000.0, 6172800.0 ], [ 720000.0, 6172900.0 ], [ 720100.0, 6172900.0 ], [ 720200.0, 6172900.0 ], [ 720200.0, 6172800.0 ], [ 720200.0, 6172700.0 ], [ 720100.0, 6172700.0 ], [ 720000.0, 6172700.0 ], [ 720000.0, 6172800.0 ] ] ] } },
{ "type": "Feature", "properties": { "Shape_Area": 110000.0, "Shape_Leng": 1600.0, "cluster_id": "101_1065", "fid_1": 1065.0, "id_munic": 1065.0, "munic_clus": "101_1065", "munic_code": 101.0, "min": 2.8260583877563477, "max": 2.8260583877563477, "mean": 2.8260584744540127, "count": 11, "std": 8.6697665047097416e-08, "range": 0.0 }, "geometry": { "type": "Polygon", "coordinates": [ [ [ 719200.0, 6175600.0 ], [ 719200.0, 6175700.0 ], [ 719300.0, 6175700.0 ], [ 719400.0, 6175700.0 ], [ 719500.0, 6175700.0 ], [ 719500.0, 6175800.0 ], [ 719600.0, 6175800.0 ], [ 719600.0, 6175700.0 ], [ 719600.0, 6175600.0 ], [ 719600.0, 6175500.0 ], [ 719600.0, 6175400.0 ], [ 719500.0, 6175400.0 ], [ 719400.0, 6175400.0 ], [ 719300.0, 6175400.0 ], [ 719300.0, 6175500.0 ], [ 719300.0, 6175600.0 ], [ 719200.0, 6175600.0 ] ] ] } },
{ "type": "Feature", "properties": { "Shape_Area": 60000.0, "Shape_Leng": 1000.0, "cluster_id": "101_1066", "fid_1": 1066.0, "id_munic": 1066.0, "munic_clus": "101_1066", "munic_code": 101.0, "min": 2.7360882759094238, "max": 2.7360882759094238, "mean": 2.7360881169637046, "count": 6, "std": 1.5894571925301193e-07, "range": 0.0 }, "geometry": { "type": "Polygon", "coordinates": [ [ [ 719600.0, 6175100.0 ], [ 719500.0, 6175100.0 ], [ 719400.0, 6175100.0 ], [ 719400.0, 6175200.0 ], [ 719400.0, 6175300.0 ], [ 719400.0, 6175400.0 ], [ 719500.0, 6175400.0 ], [ 719600.0, 6175400.0 ], [ 719600.0, 6175300.0 ], [ 719600.0, 6175200.0 ], [ 719600.0, 6175100.0 ] ] ] } },
{ "type": "Feature", "properties": { "Shape_Area": 270000.0, "Shape_Leng": 3200.0, "cluster_id": "101_1067", "fid_1": 1067.0, "id_munic": 1067.0, "munic_clus": "101_1067", "munic_code": 101.0, "min": 3.1996004581451416, "max": 3.1996004581451416, "mean": 3.1996005022967302, "count": 27, "std": 4.4151588607377334e-08, "range": 0.0 }, "geometry": { "type": "Polygon", "coordinates": [ [ [ 718500.0, 6177600.0 ], [ 718500.0, 6177500.0 ], [ 718600.0, 6177500.0 ], [ 718600.0, 6177400.0 ], [ 718600.0, 6177300.0 ], [ 718500.0, 6177300.0 ], [ 718500.0, 6177200.0 ], [ 718400.0, 6177200.0 ], [ 718300.0, 6177200.0 ], [ 718200.0, 6177200.0 ], [ 718100.0, 6177200.0 ], [ 718100.0, 6177300.0 ], [ 718100.0, 6177400.0 ], [ 718200.0, 6177400.0 ], [ 718200.0, 6177500.0 ], [ 718100.0, 6177500.0 ], [ 718100.0, 6177600.0 ], [ 718100.0, 6177700.0 ], [ 718000.0, 6177700.0 ], [ 718000.0, 6177800.0 ], [ 718000.0, 6177900.0 ], [ 718000.0, 6178000.0 ], [ 718000.0, 6178100.0 ], [ 718100.0, 6178100.0 ], [ 718100.0, 6178000.0 ], [ 718100.0, 6177900.0 ], [ 718100.0, 6177800.0 ], [ 718200.0, 6177800.0 ], [ 718300.0, 6177800.0 ], [ 718400.0, 6177800.0 ], [ 718400.0, 6177700.0 ], [ 718400.0, 6177600.0 ], [ 718500.0, 6177600.0 ] ] ] } },
{ "type": "Feature", "properties": { "Shape_Area": 170000.0, "Shape_Leng": 2400.0, "cluster_id": "101_1068", "fid_1": 1068.0, "id_munic": 1068.0, "munic_clus": "101_1068", "munic_code": 101.0, "min": 3.0418195724487305, "max": 3.0418195724487305, "mean": 3.0418196285472199, "count": 17, "std": 5.6098489409350805e-08, "range": 0.0 }, "geometry": { "type": "Polygon", "coordinates": [ [ [ 722300.0, 6178900.0 ], [ 722300.0, 6179000.0 ], [ 722300.0, 6179100.0 ], [ 722300.0, 6179200.0 ], [ 722300.0, 6179300.0 ], [ 722400.0, 6179300.0 ], [ 722400.0, 6179200.0 ], [ 722500.0, 6179200.0 ], [ 722500.0, 6179100.0 ], [ 722600.0, 6179100.0 ], [ 722600.0, 6179000.0 ], [ 722600.0, 6178900.0 ], [ 722500.0, 6178900.0 ], [ 722500.0, 6178800.0 ], [ 722500.0, 6178700.0 ], [ 722500.0, 6178600.0 ], [ 722400.0, 6178600.0 ], [ 722400.0, 6178500.0 ], [ 722400.0, 6178400.0 ], [ 722300.0, 6178400.0 ], [ 722300.0, 6178500.0 ], [ 722300.0, 6178600.0 ], [ 722300.0, 6178700.0 ], [ 722300.0, 6178800.0 ], [ 722300.0, 6178900.0 ] ] ] } },
{ "type": "Feature", "properties": { "Shape_Area": 40000.0, "Shape_Leng": 800.0, "cluster_id": "101_1069", "fid_1": 1069.0, "id_munic": 1069.0, "munic_clus": "101_1069", "munic_code": 101.0, "min": 3.5566482543945312, "max": 3.5566482543945312, "mean": 3.5566482543945312, "count": 4, "std": 0.0, "range": 0.0 }, "geometry": { "type": "Polygon", "coordinates": [ [ [ 726400.0, 6174200.0 ], [ 726400.0, 6174300.0 ], [ 726500.0, 6174300.0 ], [ 726600.0, 6174300.0 ], [ 726600.0, 6174200.0 ], [ 726600.0, 6174100.0 ], [ 726500.0, 6174100.0 ], [ 726400.0, 6174100.0 ], [ 726400.0, 6174200.0 ] ] ] } },
{ "type": "Feature", "properties": { "Shape_Area": 70000.0, "Shape_Leng": 1200.0, "cluster_id": "101_1070", "fid_1": 1070.0, "id_munic": 1070.0, "munic_clus": "101_1070", "munic_code": 101.0, "min": 3.2332558631896973, "max": 3.2332558631896973, "mean": 3.2332559313092912, "count": 7, "std": 6.8119593965576541e-08, "range": 0.0 }, "geometry": { "type": "Polygon", "coordinates": [ [ [ 719400.0, 6176100.0 ], [ 719500.0, 6176100.0 ], [ 719500.0, 6176000.0 ], [ 719500.0, 6175900.0 ], [ 719500.0, 6175800.0 ], [ 719500.0, 6175700.0 ], [ 719400.0, 6175700.0 ], [ 719300.0, 6175700.0 ], [ 719300.0, 6175800.0 ], [ 719300.0, 6175900.0 ], [ 719300.0, 6176000.0 ], [ 719400.0, 6176000.0 ], [ 719400.0, 6176100.0 ] ] ] } },
{ "type": "Feature", "properties": { "Shape_Area": 270000.0, "Shape_Leng": 2400.0, "cluster_id": "101_1071", "fid_1": 1071.0, "id_munic": 1071.0, "munic_clus": "101_1071", "munic_code": 101.0, "min": 3.4501838684082031, "max": 3.4501838684082031, "mean": 3.4501834445529513, "count": 27, "std": 4.2385525178545441e-07, "range": 0.0 }, "geometry": { "type": "Polygon", "coordinates": [ [ [ 720300.0, 6179200.0 ], [ 720300.0, 6179100.0 ], [ 720200.0, 6179100.0 ], [ 720100.0, 6179100.0 ], [ 720000.0, 6179100.0 ], [ 719900.0, 6179100.0 ], [ 719800.0, 6179100.0 ], [ 719700.0, 6179100.0 ], [ 719600.0, 6179100.0 ], [ 719600.0, 6179200.0 ], [ 719600.0, 6179300.0 ], [ 719600.0, 6179400.0 ], [ 719700.0, 6179400.0 ], [ 719800.0, 6179400.0 ], [ 719800.0, 6179500.0 ], [ 719900.0, 6179500.0 ], [ 720000.0, 6179500.0 ], [ 720100.0, 6179500.0 ], [ 720100.0, 6179600.0 ], [ 720200.0, 6179600.0 ], [ 720200.0, 6179500.0 ], [ 720300.0, 6179500.0 ], [ 720300.0, 6179400.0 ], [ 720300.0, 6179300.0 ], [ 720300.0, 6179200.0 ] ] ] } },
{ "type": "Feature", "properties": { "Shape_Area": 20000.0, "Shape_Leng": 600.0, "cluster_id": "101_1073", "fid_1": 1073.0, "id_munic": 1073.0, "munic_clus": "101_1073", "munic_code": 101.0, "min": 3.4061975479125977, "max": 3.4061975479125977, "mean": 3.4061975479125977, "count": 2, "std": 0.0, "range": 0.0 }, "geometry": { "type": "Polygon", "coordinates": [ [ [ 726600.0, 6175000.0 ], [ 726700.0, 6175000.0 ], [ 726800.0, 6175000.0 ], [ 726800.0, 6174900.0 ], [ 726700.0, 6174900.0 ], [ 726600.0, 6174900.0 ], [ 726600.0, 6175000.0 ] ] ] } },
{ "type": "Feature", "properties": { "Shape_Area": 50000.0, "Shape_Leng": 1200.0, "cluster_id": "101_1074", "fid_1": 1074.0, "id_munic": 1074.0, "munic_clus": "101_1074", "munic_code": 101.0, "min": 3.5794737339019775, "max": 3.5794737339019775, "mean": 3.5794738769531249, "count": 5, "std": 1.4305114737211966e-07, "range": 0.0 }, "geometry": { "type": "Polygon", "coordinates": [ [ [ 724800.0, 6177500.0 ], [ 724800.0, 6177600.0 ], [ 724800.0, 6177700.0 ], [ 724900.0, 6177700.0 ], [ 724900.0, 6177600.0 ], [ 724900.0, 6177500.0 ], [ 724900.0, 6177400.0 ], [ 724800.0, 6177400.0 ], [ 724800.0, 6177300.0 ], [ 724700.0, 6177300.0 ], [ 724700.0, 6177400.0 ], [ 724700.0, 6177500.0 ], [ 724800.0, 6177500.0 ] ] ] } },
{ "type": "Feature", "properties": { "Shape_Area": 60000.0, "Shape_Leng": 1200.0, "cluster_id": "101_1075", "fid_1": 1075.0, "id_munic": 1075.0, "munic_clus": "101_1075", "munic_code": 101.0, "min": 1.7700766324996948, "max": 1.7700766324996948, "mean": 1.7700765927632649, "count": 6, "std": 3.9736429924275285e-08, "range": 0.0 }, "geometry": { "type": "Polygon", "coordinates": [ [ [ 723700.0, 6179200.0 ], [ 723600.0, 6179200.0 ], [ 723600.0, 6179300.0 ], [ 723600.0, 6179400.0 ], [ 723700.0, 6179400.0 ], [ 723700.0, 6179500.0 ], [ 723800.0, 6179500.0 ], [ 723900.0, 6179500.0 ], [ 723900.0, 6179400.0 ], [ 723800.0, 6179400.0 ], [ 723800.0, 6179300.0 ], [ 723800.0, 6179200.0 ], [ 723700.0, 6179200.0 ] ] ] } },
{ "type": "Feature", "properties": { "Shape_Area": 40000.0, "Shape_Leng": 800.0, "cluster_id": "101_1076", "fid_1": 1076.0, "id_munic": 1076.0, "munic_clus": "101_1076", "munic_code": 101.0, "min": 2.5806400775909424, "max": 2.5806400775909424, "mean": 2.5806400775909424, "count": 4, "std": 0.0, "range": 0.0 }, "geometry": { "type": "Polygon", "coordinates": [ [ [ 725200.0, 6179000.0 ], [ 725100.0, 6179000.0 ], [ 725000.0, 6179000.0 ], [ 725000.0, 6179100.0 ], [ 725000.0, 6179200.0 ], [ 725100.0, 6179200.0 ], [ 725200.0, 6179200.0 ], [ 725200.0, 6179100.0 ], [ 725200.0, 6179000.0 ] ] ] } },
{ "type": "Feature", "properties": { "Shape_Area": 100000.0, "Shape_Leng": 1800.0, "cluster_id": "101_1077", "fid_1": 1077.0, "id_munic": 1077.0, "munic_clus": "101_1077", "munic_code": 101.0, "min": 3.2410862445831299, "max": 3.2410862445831299, "mean": 3.2410865783691407, "count": 10, "std": 3.3378601083100534e-07, "range": 0.0 }, "geometry": { "type": "Polygon", "coordinates": [ [ [ 725800.0, 6175500.0 ], [ 725700.0, 6175500.0 ], [ 725700.0, 6175600.0 ], [ 725600.0, 6175600.0 ], [ 725600.0, 6175700.0 ], [ 725600.0, 6175800.0 ], [ 725700.0, 6175800.0 ], [ 725700.0, 6175900.0 ], [ 725700.0, 6176000.0 ], [ 725800.0, 6176000.0 ], [ 725800.0, 6175900.0 ], [ 725900.0, 6175900.0 ], [ 725900.0, 6175800.0 ], [ 725900.0, 6175700.0 ], [ 725800.0, 6175700.0 ], [ 725800.0, 6175600.0 ], [ 725900.0, 6175600.0 ], [ 725900.0, 6175500.0 ], [ 725800.0, 6175500.0 ] ] ] } },
{ "type": "Feature", "properties": { "Shape_Area": 50000.0, "Shape_Leng": 1000.0, "cluster_id": "101_1078", "fid_1": 1078.0, "id_munic": 1078.0, "munic_clus": "101_1078", "munic_code": 101.0, "min": 2.9418530464172363, "max": 2.9418530464172363, "mean": 2.9418529510498046, "count": 5, "std": 9.5367431729442842e-08, "range": 0.0 }, "geometry": { "type": "Polygon", "coordinates": [ [ [ 725700.0, 6175800.0 ], [ 725600.0, 6175800.0 ], [ 725500.0, 6175800.0 ], [ 725500.0, 6175900.0 ], [ 725500.0, 6176000.0 ], [ 725500.0, 6176100.0 ], [ 725600.0, 6176100.0 ], [ 725600.0, 6176000.0 ], [ 725700.0, 6176000.0 ], [ 725700.0, 6175900.0 ], [ 725700.0, 6175800.0 ] ] ] } },
{ "type": "Feature", "properties": { "Shape_Area": 160000.0, "Shape_Leng": 2600.0, "cluster_id": "101_1079", "fid_1": 1079.0, "id_munic": 1079.0, "munic_clus": "101_1079", "munic_code": 101.0, "min": 3.5371549129486084, "max": 3.5371549129486084, "mean": 3.5371546745300293, "count": 16, "std": 2.384185791015625e-07, "range": 0.0 }, "geometry": { "type": "Polygon", "coordinates": [ [ [ 721200.0, 6177700.0 ], [ 721200.0, 6177800.0 ], [ 721200.0, 6177900.0 ], [ 721200.0, 6178000.0 ], [ 721300.0, 6178000.0 ], [ 721300.0, 6177900.0 ], [ 721400.0, 6177900.0 ], [ 721500.0, 6177900.0 ], [ 721500.0, 6178000.0 ], [ 721600.0, 6178000.0 ], [ 721600.0, 6177900.0 ], [ 721700.0, 6177900.0 ], [ 721700.0, 6177800.0 ], [ 721600.0, 6177800.0 ], [ 721500.0, 6177800.0 ], [ 721500.0, 6177700.0 ], [ 721400.0, 6177700.0 ], [ 721400.0, 6177600.0 ], [ 721300.0, 6177600.0 ], [ 721300.0, 6177500.0 ], [ 721200.0, 6177500.0 ], [ 721200.0, 6177400.0 ], [ 721100.0, 6177400.0 ], [ 721100.0, 6177500.0 ], [ 721100.0, 6177600.0 ], [ 721100.0, 6177700.0 ], [ 721200.0, 6177700.0 ] ] ] } },
{ "type": "Feature", "properties": { "Shape_Area": 30000.0, "Shape_Leng": 800.0, "cluster_id": "101_1081", "fid_1": 1081.0, "id_munic": 1081.0, "munic_clus": "101_1081", "munic_code": 101.0, "min": 2.9356889724731445, "max": 2.9356889724731445, "mean": 2.9356889724731445, "count": 3, "std": 0.0, "range": 0.0 }, "geometry": { "type": "Polygon", "coordinates": [ [ [ 723300.0, 6177600.0 ], [ 723400.0, 6177600.0 ], [ 723500.0, 6177600.0 ], [ 723500.0, 6177500.0 ], [ 723400.0, 6177500.0 ], [ 723300.0, 6177500.0 ], [ 723200.0, 6177500.0 ], [ 723200.0, 6177600.0 ], [ 723300.0, 6177600.0 ] ] ] } },
{ "type": "Feature", "properties": { "Shape_Area": 30000.0, "Shape_Leng": 800.0, "cluster_id": "101_1082", "fid_1": 1082.0, "id_munic": 1082.0, "munic_clus": "101_1082", "munic_code": 101.0, "min": 3.3980340957641602, "max": 3.3980340957641602, "mean": 3.3980340957641602, "count": 3, "std": 0.0, "range": 0.0 }, "geometry": { "type": "Polygon", "coordinates": [ [ [ 718400.0, 6179200.0 ], [ 718400.0, 6179300.0 ], [ 718500.0, 6179300.0 ], [ 718600.0, 6179300.0 ], [ 718600.0, 6179200.0 ], [ 718500.0, 6179200.0 ], [ 718500.0, 6179100.0 ], [ 718400.0, 6179100.0 ], [ 718400.0, 6179200.0 ] ] ] } },
{ "type": "Feature", "properties": { "Shape_Area": 20000.0, "Shape_Leng": 600.0, "cluster_id": "101_1083", "fid_1": 1083.0, "id_munic": 1083.0, "munic_clus": "101_1083", "munic_code": 101.0, "min": 2.5666444301605225, "max": 2.5666444301605225, "mean": 2.5666444301605225, "count": 2, "std": 0.0, "range": 0.0 }, "geometry": { "type": "Polygon", "coordinates": [ [ [ 720100.0, 6177500.0 ], [ 720100.0, 6177600.0 ], [ 720200.0, 6177600.0 ], [ 720200.0, 6177500.0 ], [ 720200.0, 6177400.0 ], [ 720100.0, 6177400.0 ], [ 720100.0, 6177500.0 ] ] ] } },
{ "type": "Feature", "properties": { "Shape_Area": 60000.0, "Shape_Leng": 1200.0, "cluster_id": "101_1084", "fid_1": 1084.0, "id_munic": 1084.0, "munic_clus": "101_1084", "munic_code": 101.0, "min": 3.2272574901580811, "max": 3.2272574901580811, "mean": 3.2272574106852212, "count": 6, "std": 7.947285984855057e-08, "range": 0.0 }, "geometry": { "type": "Polygon", "coordinates": [ [ [ 718600.0, 6176000.0 ], [ 718500.0, 6176000.0 ], [ 718500.0, 6176100.0 ], [ 718400.0, 6176100.0 ], [ 718400.0, 6176200.0 ], [ 718500.0, 6176200.0 ], [ 718600.0, 6176200.0 ], [ 718700.0, 6176200.0 ], [ 718800.0, 6176200.0 ], [ 718800.0, 6176100.0 ], [ 718700.0, 6176100.0 ], [ 718700.0, 6176000.0 ], [ 718600.0, 6176000.0 ] ] ] } },
{ "type": "Feature", "properties": { "Shape_Area": 30000.0, "Shape_Leng": 800.0, "cluster_id": "101_1085", "fid_1": 1085.0, "id_munic": 1085.0, "munic_clus": "101_1085", "munic_code": 101.0, "min": 2.8198938369750977, "max": 2.8198938369750977, "mean": 2.8198938369750977, "count": 3, "std": 0.0, "range": 0.0 }, "geometry": { "type": "Polygon", "coordinates": [ [ [ 721400.0, 6174400.0 ], [ 721400.0, 6174500.0 ], [ 721500.0, 6174500.0 ], [ 721500.0, 6174400.0 ], [ 721500.0, 6174300.0 ], [ 721400.0, 6174300.0 ], [ 721300.0, 6174300.0 ], [ 721300.0, 6174400.0 ], [ 721400.0, 6174400.0 ] ] ] } },
{ "type": "Feature", "properties": { "Shape_Area": 100000.0, "Shape_Leng": 1400.0, "cluster_id": "101_1086", "fid_1": 1086.0, "id_munic": 1086.0, "munic_clus": "101_1086", "munic_code": 101.0, "min": 3.6766080856323242, "max": 3.6766080856323242, "mean": 3.6766082763671877, "count": 10, "std": 1.9073486345888571e-07, "range": 0.0 }, "geometry": { "type": "Polygon", "coordinates": [ [ [ 723500.0, 6178500.0 ], [ 723400.0, 6178500.0 ], [ 723300.0, 6178500.0 ], [ 723300.0, 6178600.0 ], [ 723300.0, 6178700.0 ], [ 723300.0, 6178800.0 ], [ 723300.0, 6178900.0 ], [ 723300.0, 6179000.0 ], [ 723400.0, 6179000.0 ], [ 723500.0, 6179000.0 ], [ 723500.0, 6178900.0 ], [ 723500.0, 6178800.0 ], [ 723500.0, 6178700.0 ], [ 723500.0, 6178600.0 ], [ 723500.0, 6178500.0 ] ] ] } },
{ "type": "Feature", "properties": { "Shape_Area": 130000.0, "Shape_Leng": 1800.0, "cluster_id": "101_1087", "fid_1": 1087.0, "id_munic": 1087.0, "munic_clus": "101_1087", "munic_code": 101.0, "min": 3.672109842300415, "max": 3.672109842300415, "mean": 3.6721103374774637, "count": 13, "std": 4.9517704869828094e-07, "range": 0.0 }, "geometry": { "type": "Polygon", "coordinates": [ [ [ 721400.0, 6173300.0 ], [ 721500.0, 6173300.0 ], [ 721500.0, 6173400.0 ], [ 721500.0, 6173500.0 ], [ 721600.0, 6173500.0 ], [ 721700.0, 6173500.0 ], [ 721700.0, 6173600.0 ], [ 721800.0, 6173600.0 ], [ 721800.0, 6173500.0 ], [ 721800.0, 6173400.0 ], [ 721800.0, 6173300.0 ], [ 721700.0, 6173300.0 ], [ 721700.0, 6173200.0 ], [ 721700.0, 6173100.0 ], [ 721600.0, 6173100.0 ], [ 721500.0, 6173100.0 ], [ 721400.0, 6173100.0 ], [ 721400.0, 6173200.0 ], [ 721400.0, 6173300.0 ] ] ] } },
{ "type": "Feature", "properties": { "Shape_Area": 60000.0, "Shape_Leng": 1000.0, "cluster_id": "101_1088", "fid_1": 1088.0, "id_munic": 1088.0, "munic_clus": "101_1088", "munic_code": 101.0, "min": 3.7935690879821777, "max": 3.7935690879821777, "mean": 3.793569246927897, "count": 6, "std": 1.5894571925301193e-07, "range": 0.0 }, "geometry": { "type": "Polygon", "coordinates": [ [ [ 718800.0, 6176500.0 ], [ 718700.0, 6176500.0 ], [ 718700.0, 6176600.0 ], [ 718700.0, 6176700.0 ], [ 718700.0, 6176800.0 ], [ 718800.0, 6176800.0 ], [ 718900.0, 6176800.0 ], [ 718900.0, 6176700.0 ], [ 718900.0, 6176600.0 ], [ 718900.0, 6176500.0 ], [ 718800.0, 6176500.0 ] ] ] } },
{ "type": "Feature", "properties": { "Shape_Area": 20000.0, "Shape_Leng": 600.0, "cluster_id": "101_1089", "fid_1": 1089.0, "id_munic": 1089.0, "munic_clus": "101_1089", "munic_code": 101.0, "min": 2.9568479061126709, "max": 2.9568479061126709, "mean": 2.9568479061126709, "count": 2, "std": 0.0, "range": 0.0 }, "geometry": { "type": "Polygon", "coordinates": [ [ [ 724100.0, 6180000.0 ], [ 724200.0, 6180000.0 ], [ 724300.0, 6180000.0 ], [ 724300.0, 6179900.0 ], [ 724200.0, 6179900.0 ], [ 724100.0, 6179900.0 ], [ 724100.0, 6180000.0 ] ] ] } },
{ "type": "Feature", "properties": { "Shape_Area": 240000.0, "Shape_Leng": 2800.0, "cluster_id": "101_1090", "fid_1": 1090.0, "id_munic": 1090.0, "munic_clus": "101_1090", "munic_code": 101.0, "min": 2.5058314800262451, "max": 2.5058314800262451, "mean": 2.505831559499105, "count": 24, "std": 7.947285984855057e-08, "range": 0.0 }, "geometry": { "type": "Polygon", "coordinates": [ [ [ 724000.0, 6179000.0 ], [ 724000.0, 6179100.0 ], [ 723900.0, 6179100.0 ], [ 723800.0, 6179100.0 ], [ 723800.0, 6179200.0 ], [ 723900.0, 6179200.0 ], [ 724000.0, 6179200.0 ], [ 724000.0, 6179300.0 ], [ 724000.0, 6179400.0 ], [ 724100.0, 6179400.0 ], [ 724100.0, 6179300.0 ], [ 724200.0, 6179300.0 ], [ 724300.0, 6179300.0 ], [ 724400.0, 6179300.0 ], [ 724400.0, 6179200.0 ], [ 724500.0, 6179200.0 ], [ 724500.0, 6179100.0 ], [ 724600.0, 6179100.0 ], [ 724600.0, 6179000.0 ], [ 724500.0, 6179000.0 ], [ 724500.0, 6178900.0 ], [ 724400.0, 6178900.0 ], [ 724400.0, 6178800.0 ], [ 724300.0, 6178800.0 ], [ 724200.0, 6178800.0 ], [ 724200.0, 6178900.0 ], [ 724100.0, 6178900.0 ], [ 724100.0, 6179000.0 ], [ 724000.0, 6179000.0 ] ] ] } },
{ "type": "Feature", "properties": { "Shape_Area": 20000.0, "Shape_Leng": 600.0, "cluster_id": "101_1091", "fid_1": 1091.0, "id_munic": 1091.0, "munic_clus": "101_1091", "munic_code": 101.0, "min": 2.3378875255584717, "max": 2.3378875255584717, "mean": 2.3378875255584717, "count": 2, "std": 0.0, "range": 0.0 }, "geometry": { "type": "Polygon", "coordinates": [ [ [ 721200.0, 6174100.0 ], [ 721200.0, 6174200.0 ], [ 721300.0, 6174200.0 ], [ 721300.0, 6174100.0 ], [ 721300.0, 6174000.0 ], [ 721200.0, 6174000.0 ], [ 721200.0, 6174100.0 ] ] ] } },
{ "type": "Feature", "properties": { "Shape_Area": 40000.0, "Shape_Leng": 800.0, "cluster_id": "101_1092", "fid_1": 1092.0, "id_munic": 1092.0, "munic_clus": "101_1092", "munic_code": 101.0, "min": 2.2192606925964355, "max": 2.2192606925964355, "mean": 2.2192606925964355, "count": 4, "std": 0.0, "range": 0.0 }, "geometry": { "type": "Polygon", "coordinates": [ [ [ 727000.0, 6174500.0 ], [ 726900.0, 6174500.0 ], [ 726800.0, 6174500.0 ], [ 726800.0, 6174600.0 ], [ 726800.0, 6174700.0 ], [ 726900.0, 6174700.0 ], [ 727000.0, 6174700.0 ], [ 727000.0, 6174600.0 ], [ 727000.0, 6174500.0 ] ] ] } },
{ "type": "Feature", "properties": { "Shape_Area": 20000.0, "Shape_Leng": 600.0, "cluster_id": "101_1093", "fid_1": 1093.0, "id_munic": 1093.0, "munic_clus": "101_1093", "munic_code": 101.0, "min": 3.2972347736358643, "max": 3.2972347736358643, "mean": 3.2972347736358643, "count": 2, "std": 0.0, "range": 0.0 }, "geometry": { "type": "Polygon", "coordinates": [ [ [ 722900.0, 6177800.0 ], [ 723000.0, 6177800.0 ], [ 723100.0, 6177800.0 ], [ 723100.0, 6177700.0 ], [ 723000.0, 6177700.0 ], [ 722900.0, 6177700.0 ], [ 722900.0, 6177800.0 ] ] ] } },
{ "type": "Feature", "properties": { "Shape_Area": 30000.0, "Shape_Leng": 800.0, "cluster_id": "101_1094", "fid_1": 1094.0, "id_munic": 1094.0, "munic_clus": "101_1094", "munic_code": 101.0, "min": 2.6689438819885254, "max": 2.6689438819885254, "mean": 2.6689440409342446, "count": 3, "std": 1.5894571925301193e-07, "range": 0.0 }, "geometry": { "type": "Polygon", "coordinates": [ [ [ 727900.0, 6172800.0 ], [ 727900.0, 6172900.0 ], [ 728000.0, 6172900.0 ], [ 728000.0, 6172800.0 ], [ 728000.0, 6172700.0 ], [ 728000.0, 6172600.0 ], [ 727900.0, 6172600.0 ], [ 727900.0, 6172700.0 ], [ 727900.0, 6172800.0 ] ] ] } },
{ "type": "Feature", "properties": { "Shape_Area": 30000.0, "Shape_Leng": 800.0, "cluster_id": "101_1095", "fid_1": 1095.0, "id_munic": 1095.0, "munic_clus": "101_1095", "munic_code": 101.0, "min": 3.2502505779266357, "max": 3.2502505779266357, "mean": 3.2502504984537759, "count": 3, "std": 7.947285984855057e-08, "range": 0.0 }, "geometry": { "type": "Polygon", "coordinates": [ [ [ 725000.0, 6174800.0 ], [ 725100.0, 6174800.0 ], [ 725200.0, 6174800.0 ], [ 725200.0, 6174700.0 ], [ 725100.0, 6174700.0 ], [ 725000.0, 6174700.0 ], [ 724900.0, 6174700.0 ], [ 724900.0, 6174800.0 ], [ 725000.0, 6174800.0 ] ] ] } },
{ "type": "Feature", "properties": { "Shape_Area": 40000.0, "Shape_Leng": 1000.0, "cluster_id": "101_1097", "fid_1": 1097.0, "id_munic": 1097.0, "munic_clus": "101_1097", "munic_code": 101.0, "min": 2.5264914035797119, "max": 2.5264914035797119, "mean": 2.5264914035797119, "count": 4, "std": 0.0, "range": 0.0 }, "geometry": { "type": "Polygon", "coordinates": [ [ [ 719200.0, 6176500.0 ], [ 719200.0, 6176400.0 ], [ 719300.0, 6176400.0 ], [ 719300.0, 6176300.0 ], [ 719200.0, 6176300.0 ], [ 719100.0, 6176300.0 ], [ 719100.0, 6176400.0 ], [ 719000.0, 6176400.0 ], [ 719000.0, 6176500.0 ], [ 719100.0, 6176500.0 ], [ 719200.0, 6176500.0 ] ] ] } },
{ "type": "Feature", "properties": { "Shape_Area": 70000.0, "Shape_Leng": 1400.0, "cluster_id": "101_1099", "fid_1": 1099.0, "id_munic": 1099.0, "munic_clus": "101_1099", "munic_code": 101.0, "min": 2.99466872215271, "max": 2.99466872215271, "mean": 2.9946686880929128, "count": 7, "std": 3.4059797204832876e-08, "range": 0.0 }, "geometry": { "type": "Polygon", "coordinates": [ [ [ 720100.0, 6174500.0 ], [ 720200.0, 6174500.0 ], [ 720300.0, 6174500.0 ], [ 720300.0, 6174400.0 ], [ 720200.0, 6174400.0 ], [ 720100.0, 6174400.0 ], [ 720100.0, 6174300.0 ], [ 720000.0, 6174300.0 ], [ 719900.0, 6174300.0 ], [ 719900.0, 6174400.0 ], [ 719800.0, 6174400.0 ], [ 719800.0, 6174500.0 ], [ 719900.0, 6174500.0 ], [ 720000.0, 6174500.0 ], [ 720100.0, 6174500.0 ] ] ] } },
{ "type": "Feature", "properties": { "Shape_Area": 110000.0, "Shape_Leng": 1600.0, "cluster_id": "101_1100", "fid_1": 1100.0, "id_munic": 1100.0, "munic_clus": "101_1100", "munic_code": 101.0, "min": 3.3853719234466553, "max": 3.3853719234466553, "mean": 3.3853718150745737, "count": 11, "std": 1.0837208153091636e-07, "range": 0.0 }, "geometry": { "type": "Polygon", "coordinates": [ [ [ 722300.0, 6174300.0 ], [ 722300.0, 6174400.0 ], [ 722300.0, 6174500.0 ], [ 722300.0, 6174600.0 ], [ 722300.0, 6174700.0 ], [ 722400.0, 6174700.0 ], [ 722500.0, 6174700.0 ], [ 722500.0, 6174800.0 ], [ 722600.0, 6174800.0 ], [ 722600.0, 6174700.0 ], [ 722600.0, 6174600.0 ], [ 722600.0, 6174500.0 ], [ 722500.0, 6174500.0 ], [ 722500.0, 6174400.0 ], [ 722500.0, 6174300.0 ], [ 722400.0, 6174300.0 ], [ 722300.0, 6174300.0 ] ] ] } },
{ "type": "Feature", "properties": { "Shape_Area": 20000.0, "Shape_Leng": 600.0, "cluster_id": "101_1101", "fid_1": 1101.0, "id_munic": 1101.0, "munic_clus": "101_1101", "munic_code": 101.0, "min": 3.425358772277832, "max": 3.425358772277832, "mean": 3.425358772277832, "count": 2, "std": 0.0, "range": 0.0 }, "geometry": { "type": "Polygon", "coordinates": [ [ [ 722100.0, 6172700.0 ], [ 722200.0, 6172700.0 ], [ 722300.0, 6172700.0 ], [ 722300.0, 6172600.0 ], [ 722200.0, 6172600.0 ], [ 722100.0, 6172600.0 ], [ 722100.0, 6172700.0 ] ] ] } },
{ "type": "Feature", "properties": { "Shape_Area": 50000.0, "Shape_Leng": 1000.0, "cluster_id": "101_1102", "fid_1": 1102.0, "id_munic": 1102.0, "munic_clus": "101_1102", "munic_code": 101.0, "min": 2.3503832817077637, "max": 2.3503832817077637, "mean": 2.3503833770751954, "count": 5, "std": 9.5367431729442842e-08, "range": 0.0 }, "geometry": { "type": "Polygon", "coordinates": [ [ [ 719300.0, 6174900.0 ], [ 719200.0, 6174900.0 ], [ 719100.0, 6174900.0 ], [ 719100.0, 6175000.0 ], [ 719100.0, 6175100.0 ], [ 719200.0, 6175100.0 ], [ 719300.0, 6175100.0 ], [ 719400.0, 6175100.0 ], [ 719400.0, 6175000.0 ], [ 719300.0, 6175000.0 ], [ 719300.0, 6174900.0 ] ] ] } },
{ "type": "Feature", "properties": { "Shape_Area": 20000.0, "Shape_Leng": 600.0, "cluster_id": "101_1103", "fid_1": 1103.0, "id_munic": 1103.0, "munic_clus": "101_1103", "munic_code": 101.0, "min": 2.7074315547943115, "max": 2.7074315547943115, "mean": 2.7074315547943115, "count": 2, "std": 0.0, "range": 0.0 }, "geometry": { "type": "Polygon", "coordinates": [ [ [ 718800.0, 6176200.0 ], [ 718900.0, 6176200.0 ], [ 719000.0, 6176200.0 ], [ 719000.0, 6176100.0 ], [ 718900.0, 6176100.0 ], [ 718800.0, 6176100.0 ], [ 718800.0, 6176200.0 ] ] ] } },
{ "type": "Feature", "properties": { "Shape_Area": 80000.0, "Shape_Leng": 1600.0, "cluster_id": "101_1104", "fid_1": 1104.0, "id_munic": 1104.0, "munic_clus": "101_1104", "munic_code": 101.0, "min": 3.4166948795318604, "max": 3.4166948795318604, "mean": 3.4166948795318604, "count": 8, "std": 0.0, "range": 0.0 }, "geometry": { "type": "Polygon", "coordinates": [ [ [ 721100.0, 6179300.0 ], [ 721200.0, 6179300.0 ], [ 721200.0, 6179400.0 ], [ 721300.0, 6179400.0 ], [ 721300.0, 6179500.0 ], [ 721300.0, 6179600.0 ], [ 721400.0, 6179600.0 ], [ 721400.0, 6179500.0 ], [ 721400.0, 6179400.0 ], [ 721500.0, 6179400.0 ], [ 721500.0, 6179300.0 ], [ 721400.0, 6179300.0 ], [ 721400.0, 6179200.0 ], [ 721300.0, 6179200.0 ], [ 721200.0, 6179200.0 ], [ 721100.0, 6179200.0 ], [ 721100.0, 6179300.0 ] ] ] } },
{ "type": "Feature", "properties": { "Shape_Area": 20000.0, "Shape_Leng": 600.0, "cluster_id": "101_1105", "fid_1": 1105.0, "id_munic": 1105.0, "munic_clus": "101_1105", "munic_code": 101.0, "min": 2.4061980247497559, "max": 2.4061980247497559, "mean": 2.4061980247497559, "count": 2, "std": 0.0, "range": 0.0 }, "geometry": { "type": "Polygon", "coordinates": [ [ [ 720600.0, 6177600.0 ], [ 720700.0, 6177600.0 ], [ 720800.0, 6177600.0 ], [ 720800.0, 6177500.0 ], [ 720700.0, 6177500.0 ], [ 720600.0, 6177500.0 ], [ 720600.0, 6177600.0 ] ] ] } },
{ "type": "Feature", "properties": { "Shape_Area": 30000.0, "Shape_Leng": 800.0, "cluster_id": "101_1106", "fid_1": 1106.0, "id_munic": 1106.0, "munic_clus": "101_1106", "munic_code": 101.0, "min": 2.8908700942993164, "max": 2.8908700942993164, "mean": 2.8908700942993164, "count": 3, "std": 0.0, "range": 0.0 }, "geometry": { "type": "Polygon", "coordinates": [ [ [ 719300.0, 6177000.0 ], [ 719400.0, 6177000.0 ], [ 719500.0, 6177000.0 ], [ 719600.0, 6177000.0 ], [ 719600.0, 6176900.0 ], [ 719500.0, 6176900.0 ], [ 719400.0, 6176900.0 ], [ 719300.0, 6176900.0 ], [ 719300.0, 6177000.0 ] ] ] } },
{ "type": "Feature", "properties": { "Shape_Area": 40000.0, "Shape_Leng": 1000.0, "cluster_id": "101_1107", "fid_1": 1107.0, "id_munic": 1107.0, "munic_clus": "101_1107", "munic_code": 101.0, "min": 2.248084545135498, "max": 2.248084545135498, "mean": 2.248084545135498, "count": 4, "std": 0.0, "range": 0.0 }, "geometry": { "type": "Polygon", "coordinates": [ [ [ 719900.0, 6177400.0 ], [ 719900.0, 6177500.0 ], [ 719900.0, 6177600.0 ], [ 720000.0, 6177600.0 ], [ 720000.0, 6177500.0 ], [ 720100.0, 6177500.0 ], [ 720100.0, 6177400.0 ], [ 720000.0, 6177400.0 ], [ 720000.0, 6177300.0 ], [ 719900.0, 6177300.0 ], [ 719900.0, 6177400.0 ] ] ] } },
{ "type": "Feature", "properties": { "Shape_Area": 70000.0, "Shape_Leng": 1200.0, "cluster_id": "101_1108", "fid_1": 1108.0, "id_munic": 1108.0, "munic_clus": "101_1108", "munic_code": 101.0, "min": 3.0005004405975342, "max": 3.0005004405975342, "mean": 3.000500270298549, "count": 7, "std": 1.7029898513598596e-07, "range": 0.0 }, "geometry": { "type": "Polygon", "coordinates": [ [ [ 718400.0, 6179000.0 ], [ 718400.0, 6179100.0 ], [ 718500.0, 6179100.0 ], [ 718600.0, 6179100.0 ], [ 718600.0, 6179000.0 ], [ 718600.0, 6178900.0 ], [ 718700.0, 6178900.0 ], [ 718700.0, 6178800.0 ], [ 718600.0, 6178800.0 ], [ 718500.0, 6178800.0 ], [ 718400.0, 6178800.0 ], [ 718400.0, 6178900.0 ], [ 718400.0, 6179000.0 ] ] ] } },
{ "type": "Feature", "properties": { "Shape_Area": 30000.0, "Shape_Leng": 800.0, "cluster_id": "101_1109", "fid_1": 1109.0, "id_munic": 1109.0, "munic_clus": "101_1109", "munic_code": 101.0, "min": 3.710263729095459, "max": 3.710263729095459, "mean": 3.7102635701497397, "count": 3, "std": 1.5894571925301193e-07, "range": 0.0 }, "geometry": { "type": "Polygon", "coordinates": [ [ [ 723800.0, 6179900.0 ], [ 723900.0, 6179900.0 ], [ 724000.0, 6179900.0 ], [ 724000.0, 6179800.0 ], [ 723900.0, 6179800.0 ], [ 723800.0, 6179800.0 ], [ 723700.0, 6179800.0 ], [ 723700.0, 6179900.0 ], [ 723800.0, 6179900.0 ] ] ] } },
{ "type": "Feature", "properties": { "Shape_Area": 50000.0, "Shape_Leng": 1000.0, "cluster_id": "101_1110", "fid_1": 1110.0, "id_munic": 1110.0, "munic_clus": "101_1110", "munic_code": 101.0, "min": 3.0654783248901367, "max": 3.0654783248901367, "mean": 3.0654783248901367, "count": 5, "std": 0.0, "range": 0.0 }, "geometry": { "type": "Polygon", "coordinates": [ [ [ 720200.0, 6174600.0 ], [ 720200.0, 6174500.0 ], [ 720100.0, 6174500.0 ], [ 720000.0, 6174500.0 ], [ 719900.0, 6174500.0 ], [ 719900.0, 6174600.0 ], [ 719900.0, 6174700.0 ], [ 720000.0, 6174700.0 ], [ 720100.0, 6174700.0 ], [ 720100.0, 6174600.0 ], [ 720200.0, 6174600.0 ] ] ] } },
{ "type": "Feature", "properties": { "Shape_Area": 220000.0, "Shape_Leng": 3000.0, "cluster_id": "101_1111", "fid_1": 1111.0, "id_munic": 1111.0, "munic_clus": "101_1111", "munic_code": 101.0, "min": 3.1214597225189209, "max": 3.1214597225189209, "mean": 3.1214596141468394, "count": 22, "std": 1.0837208153091638e-07, "range": 0.0 }, "geometry": { "type": "Polygon", "coordinates": [ [ [ 724800.0, 6177200.0 ], [ 724700.0, 6177200.0 ], [ 724700.0, 6177300.0 ], [ 724800.0, 6177300.0 ], [ 724800.0, 6177400.0 ], [ 724900.0, 6177400.0 ], [ 724900.0, 6177500.0 ], [ 725000.0, 6177500.0 ], [ 725000.0, 6177600.0 ], [ 725100.0, 6177600.0 ], [ 725200.0, 6177600.0 ], [ 725200.0, 6177700.0 ], [ 725200.0, 6177800.0 ], [ 725300.0, 6177800.0 ], [ 725300.0, 6177700.0 ], [ 725400.0, 6177700.0 ], [ 725400.0, 6177600.0 ], [ 725500.0, 6177600.0 ], [ 725500.0, 6177500.0 ], [ 725400.0, 6177500.0 ], [ 725400.0, 6177400.0 ], [ 725300.0, 6177400.0 ], [ 725200.0, 6177400.0 ], [ 725200.0, 6177300.0 ], [ 725100.0, 6177300.0 ], [ 725100.0, 6177200.0 ], [ 725000.0, 6177200.0 ], [ 725000.0, 6177100.0 ], [ 724900.0, 6177100.0 ], [ 724900.0, 6177200.0 ], [ 724800.0, 6177200.0 ] ] ] } },
{ "type": "Feature", "properties": { "Shape_Area": 130000.0, "Shape_Leng": 2200.0, "cluster_id": "101_1112", "fid_1": 1112.0, "id_munic": 1112.0, "munic_clus": "101_1112", "munic_code": 101.0, "min": 2.0746419429779053, "max": 2.0746419429779053, "mean": 2.0746420346773586, "count": 13, "std": 9.1699453363958115e-08, "range": 0.0 }, "geometry": { "type": "Polygon", "coordinates": [ [ [ 718200.0, 6178000.0 ], [ 718200.0, 6178100.0 ], [ 718100.0, 6178100.0 ], [ 718000.0, 6178100.0 ], [ 718000.0, 6178200.0 ], [ 718100.0, 6178200.0 ], [ 718200.0, 6178200.0 ], [ 718300.0, 6178200.0 ], [ 718300.0, 6178300.0 ], [ 718400.0, 6178300.0 ], [ 718400.0, 6178200.0 ], [ 718400.0, 6178100.0 ], [ 718500.0, 6178100.0 ], [ 718600.0, 6178100.0 ], [ 718700.0, 6178100.0 ], [ 718700.0, 6178000.0 ], [ 718700.0, 6177900.0 ], [ 718600.0, 6177900.0 ], [ 718500.0, 6177900.0 ], [ 718400.0, 6177900.0 ], [ 718400.0, 6178000.0 ], [ 718300.0, 6178000.0 ], [ 718200.0, 6178000.0 ] ] ] } },
{ "type": "Feature", "properties": { "Shape_Area": 30000.0, "Shape_Leng": 800.0, "cluster_id": "101_1113", "fid_1": 1113.0, "id_munic": 1113.0, "munic_clus": "101_1113", "munic_code": 101.0, "min": 3.760413646697998, "max": 3.760413646697998, "mean": 3.7604134877522788, "count": 3, "std": 1.5894571925301193e-07, "range": 0.0 }, "geometry": { "type": "Polygon", "coordinates": [ [ [ 723400.0, 6177100.0 ], [ 723400.0, 6177200.0 ], [ 723500.0, 6177200.0 ], [ 723600.0, 6177200.0 ], [ 723600.0, 6177100.0 ], [ 723500.0, 6177100.0 ], [ 723500.0, 6177000.0 ], [ 723400.0, 6177000.0 ], [ 723400.0, 6177100.0 ] ] ] } },
{ "type": "Feature", "properties": { "Shape_Area": 40000.0, "Shape_Leng": 1000.0, "cluster_id": "101_1114", "fid_1": 1114.0, "id_munic": 1114.0, "munic_clus": "101_1114", "munic_code": 101.0, "min": 3.0938022136688232, "max": 3.0938022136688232, "mean": 3.0938022136688232, "count": 4, "std": 0.0, "range": 0.0 }, "geometry": { "type": "Polygon", "coordinates": [ [ [ 721800.0, 6178000.0 ], [ 721900.0, 6178000.0 ], [ 721900.0, 6177900.0 ], [ 721800.0, 6177900.0 ], [ 721700.0, 6177900.0 ], [ 721600.0, 6177900.0 ], [ 721600.0, 6178000.0 ], [ 721600.0, 6178100.0 ], [ 721700.0, 6178100.0 ], [ 721700.0, 6178000.0 ], [ 721800.0, 6178000.0 ] ] ] } },
{ "type": "Feature", "properties": { "Shape_Area": 20000.0, "Shape_Leng": 600.0, "cluster_id": "101_1115", "fid_1": 1115.0, "id_munic": 1115.0, "munic_clus": "101_1115", "munic_code": 101.0, "min": 4.1646127700805664, "max": 4.1646127700805664, "mean": 4.1646127700805664, "count": 2, "std": 0.0, "range": 0.0 }, "geometry": { "type": "Polygon", "coordinates": [ [ [ 723000.0, 6176900.0 ], [ 723100.0, 6176900.0 ], [ 723200.0, 6176900.0 ], [ 723200.0, 6176800.0 ], [ 723100.0, 6176800.0 ], [ 723000.0, 6176800.0 ], [ 723000.0, 6176900.0 ] ] ] } },
{ "type": "Feature", "properties": { "Shape_Area": 160000.0, "Shape_Leng": 1800.0, "cluster_id": "101_1116", "fid_1": 1116.0, "id_munic": 1116.0, "munic_clus": "101_1116", "munic_code": 101.0, "min": 2.6342887878417969, "max": 2.6342887878417969, "mean": 2.6342887878417969, "count": 16, "std": 0.0, "range": 0.0 }, "geometry": { "type": "Polygon", "coordinates": [ [ [ 720700.0, 6174200.0 ], [ 720600.0, 6174200.0 ], [ 720600.0, 6174300.0 ], [ 720600.0, 6174400.0 ], [ 720600.0, 6174500.0 ], [ 720700.0, 6174500.0 ], [ 720800.0, 6174500.0 ], [ 720900.0, 6174500.0 ], [ 721000.0, 6174500.0 ], [ 721100.0, 6174500.0 ], [ 721100.0, 6174400.0 ], [ 721100.0, 6174300.0 ], [ 721200.0, 6174300.0 ], [ 721200.0, 6174200.0 ], [ 721100.0, 6174200.0 ], [ 721000.0, 6174200.0 ], [ 720900.0, 6174200.0 ], [ 720800.0, 6174200.0 ], [ 720700.0, 6174200.0 ] ] ] } },
{ "type": "Feature", "properties": { "Shape_Area": 20000.0, "Shape_Leng": 600.0, "cluster_id": "101_1117", "fid_1": 1117.0, "id_munic": 1117.0, "munic_clus": "101_1117", "munic_code": 101.0, "min": 3.564312219619751, "max": 3.564312219619751, "mean": 3.564312219619751, "count": 2, "std": 0.0, "range": 0.0 }, "geometry": { "type": "Polygon", "coordinates": [ [ [ 727200.0, 6174400.0 ], [ 727300.0, 6174400.0 ], [ 727400.0, 6174400.0 ], [ 727400.0, 6174300.0 ], [ 727300.0, 6174300.0 ], [ 727200.0, 6174300.0 ], [ 727200.0, 6174400.0 ] ] ] } },
{ "type": "Feature", "properties": { "Shape_Area": 60000.0, "Shape_Leng": 1400.0, "cluster_id": "101_1118", "fid_1": 1118.0, "id_munic": 1118.0, "munic_clus": "101_1118", "munic_code": 101.0, "min": 2.5843052864074707, "max": 2.5843052864074707, "mean": 2.5843051274617515, "count": 6, "std": 1.5894571925301193e-07, "range": 0.0 }, "geometry": { "type": "Polygon", "coordinates": [ [ [ 726600.0, 6173800.0 ], [ 726700.0, 6173800.0 ], [ 726700.0, 6173900.0 ], [ 726800.0, 6173900.0 ], [ 726800.0, 6173800.0 ], [ 726900.0, 6173800.0 ], [ 726900.0, 6173700.0 ], [ 726800.0, 6173700.0 ], [ 726700.0, 6173700.0 ], [ 726600.0, 6173700.0 ], [ 726600.0, 6173600.0 ], [ 726500.0, 6173600.0 ], [ 726500.0, 6173700.0 ], [ 726500.0, 6173800.0 ], [ 726600.0, 6173800.0 ] ] ] } },
{ "type": "Feature", "properties": { "Shape_Area": 20000.0, "Shape_Leng": 600.0, "cluster_id": "101_1119", "fid_1": 1119.0, "id_munic": 1119.0, "munic_clus": "101_1119", "munic_code": 101.0, "min": 3.615462064743042, "max": 3.615462064743042, "mean": 3.615462064743042, "count": 2, "std": 0.0, "range": 0.0 }, "geometry": { "type": "Polygon", "coordinates": [ [ [ 721900.0, 6179600.0 ], [ 721900.0, 6179700.0 ], [ 722000.0, 6179700.0 ], [ 722000.0, 6179600.0 ], [ 722000.0, 6179500.0 ], [ 721900.0, 6179500.0 ], [ 721900.0, 6179600.0 ] ] ] } },
{ "type": "Feature", "properties": { "Shape_Area": 30000.0, "Shape_Leng": 800.0, "cluster_id": "101_1120", "fid_1": 1120.0, "id_munic": 1120.0, "munic_clus": "101_1120", "munic_code": 101.0, "min": 2.8107297420501709, "max": 2.8107297420501709, "mean": 2.810729662577311, "count": 3, "std": 7.947285984855057e-08, "range": 0.0 }, "geometry": { "type": "Polygon", "coordinates": [ [ [ 725900.0, 6175700.0 ], [ 725900.0, 6175800.0 ], [ 726000.0, 6175800.0 ], [ 726000.0, 6175700.0 ], [ 726000.0, 6175600.0 ], [ 726000.0, 6175500.0 ], [ 725900.0, 6175500.0 ], [ 725900.0, 6175600.0 ], [ 725900.0, 6175700.0 ] ] ] } },
{ "type": "Feature", "properties": { "Shape_Area": 40000.0, "Shape_Leng": 1000.0, "cluster_id": "101_1121", "fid_1": 1121.0, "id_munic": 1121.0, "munic_clus": "101_1121", "munic_code": 101.0, "min": 2.7690770626068115, "max": 2.7690770626068115, "mean": 2.7690770626068115, "count": 4, "std": 0.0, "range": 0.0 }, "geometry": { "type": "Polygon", "coordinates": [ [ [ 722100.0, 6178300.0 ], [ 722100.0, 6178400.0 ], [ 722100.0, 6178500.0 ], [ 722200.0, 6178500.0 ], [ 722300.0, 6178500.0 ], [ 722300.0, 6178400.0 ], [ 722200.0, 6178400.0 ], [ 722200.0, 6178300.0 ], [ 722200.0, 6178200.0 ], [ 722100.0, 6178200.0 ], [ 722100.0, 6178300.0 ] ] ] } },
{ "type": "Feature", "properties": { "Shape_Area": 170000.0, "Shape_Leng": 2000.0, "cluster_id": "101_1122", "fid_1": 1122.0, "id_munic": 1122.0, "munic_clus": "101_1122", "munic_code": 101.0, "min": 3.2310900688171387, "max": 3.2310900688171387, "mean": 3.2310898724724266, "count": 17, "std": 1.9634471204454937e-07, "range": 0.0 }, "geometry": { "type": "Polygon", "coordinates": [ [ [ 726000.0, 6176100.0 ], [ 725900.0, 6176100.0 ], [ 725800.0, 6176100.0 ], [ 725800.0, 6176200.0 ], [ 725800.0, 6176300.0 ], [ 725800.0, 6176400.0 ], [ 725800.0, 6176500.0 ], [ 725900.0, 6176500.0 ], [ 725900.0, 6176600.0 ], [ 725900.0, 6176700.0 ], [ 726000.0, 6176700.0 ], [ 726100.0, 6176700.0 ], [ 726200.0, 6176700.0 ], [ 726200.0, 6176600.0 ], [ 726200.0, 6176500.0 ], [ 726100.0, 6176500.0 ], [ 726100.0, 6176400.0 ], [ 726100.0, 6176300.0 ], [ 726100.0, 6176200.0 ], [ 726000.0, 6176200.0 ], [ 726000.0, 6176100.0 ] ] ] } },
{ "type": "Feature", "properties": { "Shape_Area": 70000.0, "Shape_Leng": 1200.0, "cluster_id": "101_1123", "fid_1": 1123.0, "id_munic": 1123.0, "munic_clus": "101_1123", "munic_code": 101.0, "min": 2.4896705150604248, "max": 2.4896705150604248, "mean": 2.4896703447614397, "count": 7, "std": 1.7029898513598596e-07, "range": 0.0 }, "geometry": { "type": "Polygon", "coordinates": [ [ [ 728000.0, 6172700.0 ], [ 728000.0, 6172800.0 ], [ 728000.0, 6172900.0 ], [ 728000.0, 6173000.0 ], [ 728100.0, 6173000.0 ], [ 728200.0, 6173000.0 ], [ 728200.0, 6172900.0 ], [ 728200.0, 6172800.0 ], [ 728300.0, 6172800.0 ], [ 728300.0, 6172700.0 ], [ 728200.0, 6172700.0 ], [ 728100.0, 6172700.0 ], [ 728000.0, 6172700.0 ] ] ] } },
{ "type": "Feature", "properties": { "Shape_Area": 60000.0, "Shape_Leng": 1200.0, "cluster_id": "101_1124", "fid_1": 1124.0, "id_munic": 1124.0, "munic_clus": "101_1124", "munic_code": 101.0, "min": 3.3443853855133057, "max": 3.3443853855133057, "mean": 3.3443854649861655, "count": 6, "std": 7.947285984855057e-08, "range": 0.0 }, "geometry": { "type": "Polygon", "coordinates": [ [ [ 728000.0, 6172400.0 ], [ 728000.0, 6172500.0 ], [ 728000.0, 6172600.0 ], [ 728000.0, 6172700.0 ], [ 728100.0, 6172700.0 ], [ 728100.0, 6172600.0 ], [ 728200.0, 6172600.0 ], [ 728200.0, 6172500.0 ], [ 728300.0, 6172500.0 ], [ 728300.0, 6172400.0 ], [ 728200.0, 6172400.0 ], [ 728100.0, 6172400.0 ], [ 728000.0, 6172400.0 ] ] ] } },
{ "type": "Feature", "properties": { "Shape_Area": 250000.0, "Shape_Leng": 2600.0, "cluster_id": "101_1125", "fid_1": 1125.0, "id_munic": 1125.0, "munic_clus": "101_1125", "munic_code": 101.0, "min": 2.5091643333435059, "max": 2.5091643333435059, "mean": 2.5091642761230468, "count": 25, "std": 5.7220459037665705e-08, "range": 0.0 }, "geometry": { "type": "Polygon", "coordinates": [ [ [ 726000.0, 6172600.0 ], [ 726000.0, 6172500.0 ], [ 725900.0, 6172500.0 ], [ 725800.0, 6172500.0 ], [ 725700.0, 6172500.0 ], [ 725700.0, 6172400.0 ], [ 725600.0, 6172400.0 ], [ 725600.0, 6172500.0 ], [ 725600.0, 6172600.0 ], [ 725600.0, 6172700.0 ], [ 725700.0, 6172700.0 ], [ 725700.0, 6172800.0 ], [ 725700.0, 6172900.0 ], [ 725700.0, 6173000.0 ], [ 725700.0, 6173100.0 ], [ 725700.0, 6173200.0 ], [ 725700.0, 6173300.0 ], [ 725800.0, 6173300.0 ], [ 725800.0, 6173200.0 ], [ 725900.0, 6173200.0 ], [ 726000.0, 6173200.0 ], [ 726000.0, 6173100.0 ], [ 726000.0, 6173000.0 ], [ 726000.0, 6172900.0 ], [ 726000.0, 6172800.0 ], [ 726000.0, 6172700.0 ], [ 726000.0, 6172600.0 ] ] ] } },
{ "type": "Feature", "properties": { "Shape_Area": 40000.0, "Shape_Leng": 800.0, "cluster_id": "101_1126", "fid_1": 1126.0, "id_munic": 1126.0, "munic_clus": "101_1126", "munic_code": 101.0, "min": 3.6571145057678223, "max": 3.6571145057678223, "mean": 3.6571145057678223, "count": 4, "std": 0.0, "range": 0.0 }, "geometry": { "type": "Polygon", "coordinates": [ [ [ 722000.0, 6179500.0 ], [ 722100.0, 6179500.0 ], [ 722200.0, 6179500.0 ], [ 722200.0, 6179400.0 ], [ 722200.0, 6179300.0 ], [ 722100.0, 6179300.0 ], [ 722000.0, 6179300.0 ], [ 722000.0, 6179400.0 ], [ 722000.0, 6179500.0 ] ] ] } },
{ "type": "Feature", "properties": { "Shape_Area": 30000.0, "Shape_Leng": 800.0, "cluster_id": "101_1127", "fid_1": 1127.0, "id_munic": 1127.0, "munic_clus": "101_1127", "munic_code": 101.0, "min": 2.5916364192962646, "max": 2.5916364192962646, "mean": 2.5916363398234048, "count": 3, "std": 7.947285984855057e-08, "range": 0.0 }, "geometry": { "type": "Polygon", "coordinates": [ [ [ 718900.0, 6174100.0 ], [ 719000.0, 6174100.0 ], [ 719100.0, 6174100.0 ], [ 719100.0, 6174000.0 ], [ 719000.0, 6174000.0 ], [ 718900.0, 6174000.0 ], [ 718800.0, 6174000.0 ], [ 718800.0, 6174100.0 ], [ 718900.0, 6174100.0 ] ] ] } },
{ "type": "Feature", "properties": { "Shape_Area": 30000.0, "Shape_Leng": 800.0, "cluster_id": "101_1128", "fid_1": 1128.0, "id_munic": 1128.0, "munic_clus": "101_1128", "munic_code": 101.0, "min": 2.45068359375, "max": 2.45068359375, "mean": 2.45068359375, "count": 3, "std": 0.0, "range": 0.0 }, "geometry": { "type": "Polygon", "coordinates": [ [ [ 720500.0, 6178900.0 ], [ 720600.0, 6178900.0 ], [ 720700.0, 6178900.0 ], [ 720700.0, 6178800.0 ], [ 720600.0, 6178800.0 ], [ 720500.0, 6178800.0 ], [ 720400.0, 6178800.0 ], [ 720400.0, 6178900.0 ], [ 720500.0, 6178900.0 ] ] ] } },
{ "type": "Feature", "properties": { "Shape_Area": 120000.0, "Shape_Leng": 1600.0, "cluster_id": "101_1129", "fid_1": 1129.0, "id_munic": 1129.0, "munic_clus": "101_1129", "munic_code": 101.0, "min": 2.9223589897155762, "max": 2.9223589897155762, "mean": 2.9223591486612954, "count": 12, "std": 1.589457192530119e-07, "range": 0.0 }, "geometry": { "type": "Polygon", "coordinates": [ [ [ 719000.0, 6173800.0 ], [ 719100.0, 6173800.0 ], [ 719200.0, 6173800.0 ], [ 719300.0, 6173800.0 ], [ 719300.0, 6173900.0 ], [ 719400.0, 6173900.0 ], [ 719500.0, 6173900.0 ], [ 719500.0, 6173800.0 ], [ 719500.0, 6173700.0 ], [ 719500.0, 6173600.0 ], [ 719400.0, 6173600.0 ], [ 719300.0, 6173600.0 ], [ 719200.0, 6173600.0 ], [ 719100.0, 6173600.0 ], [ 719000.0, 6173600.0 ], [ 719000.0, 6173700.0 ], [ 719000.0, 6173800.0 ] ] ] } },
{ "type": "Feature", "properties": { "Shape_Area": 20000.0, "Shape_Leng": 600.0, "cluster_id": "101_1130", "fid_1": 1130.0, "id_munic": 1130.0, "munic_clus": "101_1130", "munic_code": 101.0, "min": 3.1097970008850098, "max": 3.1097970008850098, "mean": 3.1097970008850098, "count": 2, "std": 0.0, "range": 0.0 }, "geometry": { "type": "Polygon", "coordinates": [ [ [ 725200.0, 6177400.0 ], [ 725300.0, 6177400.0 ], [ 725400.0, 6177400.0 ], [ 725400.0, 6177300.0 ], [ 725300.0, 6177300.0 ], [ 725200.0, 6177300.0 ], [ 725200.0, 6177400.0 ] ] ] } },
{ "type": "Feature", "properties": { "Shape_Area": 40000.0, "Shape_Leng": 1000.0, "cluster_id": "101_1131", "fid_1": 1131.0, "id_munic": 1131.0, "munic_clus": "101_1131", "munic_code": 101.0, "min": 2.8975343704223633, "max": 2.8975343704223633, "mean": 2.8975343704223633, "count": 4, "std": 0.0, "range": 0.0 }, "geometry": { "type": "Polygon", "coordinates": [ [ [ 726500.0, 6173500.0 ], [ 726600.0, 6173500.0 ], [ 726600.0, 6173400.0 ], [ 726500.0, 6173400.0 ], [ 726500.0, 6173300.0 ], [ 726400.0, 6173300.0 ], [ 726400.0, 6173400.0 ], [ 726300.0, 6173400.0 ], [ 726300.0, 6173500.0 ], [ 726400.0, 6173500.0 ], [ 726500.0, 6173500.0 ] ] ] } },
{ "type": "Feature", "properties": { "Shape_Area": 20000.0, "Shape_Leng": 600.0, "cluster_id": "101_1132", "fid_1": 1132.0, "id_munic": 1132.0, "munic_clus": "101_1132", "munic_code": 101.0, "min": 3.6121296882629395, "max": 3.6121296882629395, "mean": 3.6121296882629395, "count": 2, "std": 0.0, "range": 0.0 }, "geometry": { "type": "Polygon", "coordinates": [ [ [ 721900.0, 6179200.0 ], [ 721900.0, 6179300.0 ], [ 722000.0, 6179300.0 ], [ 722000.0, 6179200.0 ], [ 722000.0, 6179100.0 ], [ 721900.0, 6179100.0 ], [ 721900.0, 6179200.0 ] ] ] } },
{ "type": "Feature", "properties": { "Shape_Area": 30000.0, "Shape_Leng": 800.0, "cluster_id": "101_1133", "fid_1": 1133.0, "id_munic": 1133.0, "munic_clus": "101_1133", "munic_code": 101.0, "min": 2.868211030960083, "max": 2.868211030960083, "mean": 2.8682111104329429, "count": 3, "std": 7.947285984855057e-08, "range": 0.0 }, "geometry": { "type": "Polygon", "coordinates": [ [ [ 722400.0, 6177700.0 ], [ 722500.0, 6177700.0 ], [ 722600.0, 6177700.0 ], [ 722600.0, 6177600.0 ], [ 722500.0, 6177600.0 ], [ 722500.0, 6177500.0 ], [ 722400.0, 6177500.0 ], [ 722400.0, 6177600.0 ], [ 722400.0, 6177700.0 ] ] ] } },
{ "type": "Feature", "properties": { "Shape_Area": 30000.0, "Shape_Leng": 800.0, "cluster_id": "101_1134", "fid_1": 1134.0, "id_munic": 1134.0, "munic_clus": "101_1134", "munic_code": 101.0, "min": 3.5236592292785645, "max": 3.5236592292785645, "mean": 3.5236593882242837, "count": 3, "std": 1.5894571925301193e-07, "range": 0.0 }, "geometry": { "type": "Polygon", "coordinates": [ [ [ 726100.0, 6174500.0 ], [ 726200.0, 6174500.0 ], [ 726300.0, 6174500.0 ], [ 726300.0, 6174400.0 ], [ 726200.0, 6174400.0 ], [ 726100.0, 6174400.0 ], [ 726000.0, 6174400.0 ], [ 726000.0, 6174500.0 ], [ 726100.0, 6174500.0 ] ] ] } },
{ "type": "Feature", "properties": { "Shape_Area": 20000.0, "Shape_Leng": 600.0, "cluster_id": "101_1135", "fid_1": 1135.0, "id_munic": 1135.0, "munic_clus": "101_1135", "munic_code": 101.0, "min": 3.3662116527557373, "max": 3.3662116527557373, "mean": 3.3662116527557373, "count": 2, "std": 0.0, "range": 0.0 }, "geometry": { "type": "Polygon", "coordinates": [ [ [ 721800.0, 6180200.0 ], [ 721800.0, 6180300.0 ], [ 721900.0, 6180300.0 ], [ 721900.0, 6180200.0 ], [ 721900.0, 6180100.0 ], [ 721800.0, 6180100.0 ], [ 721800.0, 6180200.0 ] ] ] } },
{ "type": "Feature", "properties": { "Shape_Area": 90000.0, "Shape_Leng": 1600.0, "cluster_id": "101_1136", "fid_1": 1136.0, "id_munic": 1136.0, "munic_clus": "101_1136", "munic_code": 101.0, "min": 2.9230256080627441, "max": 2.9230256080627441, "mean": 2.9230253431532116, "count": 9, "std": 2.6490953253244243e-07, "range": 0.0 }, "geometry": { "type": "Polygon", "coordinates": [ [ [ 727400.0, 6174400.0 ], [ 727500.0, 6174400.0 ], [ 727500.0, 6174500.0 ], [ 727600.0, 6174500.0 ], [ 727700.0, 6174500.0 ], [ 727700.0, 6174600.0 ], [ 727800.0, 6174600.0 ], [ 727800.0, 6174500.0 ], [ 727900.0, 6174500.0 ], [ 727900.0, 6174400.0 ], [ 727800.0, 6174400.0 ], [ 727800.0, 6174300.0 ], [ 727700.0, 6174300.0 ], [ 727600.0, 6174300.0 ], [ 727500.0, 6174300.0 ], [ 727400.0, 6174300.0 ], [ 727400.0, 6174400.0 ] ] ] } },
{ "type": "Feature", "properties": { "Shape_Area": 30000.0, "Shape_Leng": 800.0, "cluster_id": "101_1137", "fid_1": 1137.0, "id_munic": 1137.0, "munic_clus": "101_1137", "munic_code": 101.0, "min": 2.9111964702606201, "max": 2.9111964702606201, "mean": 2.9111963907877603, "count": 3, "std": 7.947285984855057e-08, "range": 0.0 }, "geometry": { "type": "Polygon", "coordinates": [ [ [ 720600.0, 6177700.0 ], [ 720700.0, 6177700.0 ], [ 720700.0, 6177800.0 ], [ 720800.0, 6177800.0 ], [ 720800.0, 6177700.0 ], [ 720800.0, 6177600.0 ], [ 720700.0, 6177600.0 ], [ 720600.0, 6177600.0 ], [ 720600.0, 6177700.0 ] ] ] } },
{ "type": "Feature", "properties": { "Shape_Area": 30000.0, "Shape_Leng": 800.0, "cluster_id": "101_1138", "fid_1": 1138.0, "id_munic": 1138.0, "munic_clus": "101_1138", "munic_code": 101.0, "min": 3.6179604530334473, "max": 3.6179604530334473, "mean": 3.6179606119791665, "count": 3, "std": 1.5894571925301193e-07, "range": 0.0 }, "geometry": { "type": "Polygon", "coordinates": [ [ [ 718300.0, 6178400.0 ], [ 718200.0, 6178400.0 ], [ 718200.0, 6178500.0 ], [ 718300.0, 6178500.0 ], [ 718400.0, 6178500.0 ], [ 718400.0, 6178400.0 ], [ 718400.0, 6178300.0 ], [ 718300.0, 6178300.0 ], [ 718300.0, 6178400.0 ] ] ] } },
{ "type": "Feature", "properties": { "Shape_Area": 170000.0, "Shape_Leng": 2000.0, "cluster_id": "101_1139", "fid_1": 1139.0, "id_munic": 1139.0, "munic_clus": "101_1139", "munic_code": 101.0, "min": 2.2317564487457275, "max": 2.2317564487457275, "mean": 2.2317565469180836, "count": 17, "std": 9.8172356022274698e-08, "range": 0.0 }, "geometry": { "type": "Polygon", "coordinates": [ [ [ 725300.0, 6175000.0 ], [ 725400.0, 6175000.0 ], [ 725500.0, 6175000.0 ], [ 725500.0, 6174900.0 ], [ 725600.0, 6174900.0 ], [ 725600.0, 6174800.0 ], [ 725600.0, 6174700.0 ], [ 725500.0, 6174700.0 ], [ 725500.0, 6174600.0 ], [ 725500.0, 6174500.0 ], [ 725400.0, 6174500.0 ], [ 725400.0, 6174600.0 ], [ 725300.0, 6174600.0 ], [ 725200.0, 6174600.0 ], [ 725200.0, 6174700.0 ], [ 725200.0, 6174800.0 ], [ 725100.0, 6174800.0 ], [ 725100.0, 6174900.0 ], [ 725100.0, 6175000.0 ], [ 725200.0, 6175000.0 ], [ 725300.0, 6175000.0 ] ] ] } },
{ "type": "Feature", "properties": { "Shape_Area": 20000.0, "Shape_Leng": 600.0, "cluster_id": "101_1140", "fid_1": 1140.0, "id_munic": 1140.0, "munic_clus": "101_1140", "munic_code": 101.0, "min": 3.5438191890716553, "max": 3.5438191890716553, "mean": 3.5438191890716553, "count": 2, "std": 0.0, "range": 0.0 }, "geometry": { "type": "Polygon", "coordinates": [ [ [ 720200.0, 6177500.0 ], [ 720300.0, 6177500.0 ], [ 720400.0, 6177500.0 ], [ 720400.0, 6177400.0 ], [ 720300.0, 6177400.0 ], [ 720200.0, 6177400.0 ], [ 720200.0, 6177500.0 ] ] ] } },
{ "type": "Feature", "properties": { "Shape_Area": 60000.0, "Shape_Leng": 1200.0, "cluster_id": "101_1141", "fid_1": 1141.0, "id_munic": 1141.0, "munic_clus": "101_1141", "munic_code": 101.0, "min": 3.2455852031707764, "max": 3.2455852031707764, "mean": 3.2455851236979165, "count": 6, "std": 7.947285984855057e-08, "range": 0.0 }, "geometry": { "type": "Polygon", "coordinates": [ [ [ 722600.0, 6174600.0 ], [ 722600.0, 6174700.0 ], [ 722700.0, 6174700.0 ], [ 722700.0, 6174800.0 ], [ 722800.0, 6174800.0 ], [ 722900.0, 6174800.0 ], [ 722900.0, 6174700.0 ], [ 722900.0, 6174600.0 ], [ 722800.0, 6174600.0 ], [ 722700.0, 6174600.0 ], [ 722700.0, 6174500.0 ], [ 722600.0, 6174500.0 ], [ 722600.0, 6174600.0 ] ] ] } },
{ "type": "Feature", "properties": { "Shape_Area": 20000.0, "Shape_Leng": 600.0, "cluster_id": "101_1142", "fid_1": 1142.0, "id_munic": 1142.0, "munic_clus": "101_1142", "munic_code": 101.0, "min": 2.8095638751983643, "max": 2.8095638751983643, "mean": 2.8095638751983643, "count": 2, "std": 0.0, "range": 0.0 }, "geometry": { "type": "Polygon", "coordinates": [ [ [ 722700.0, 6178400.0 ], [ 722700.0, 6178500.0 ], [ 722800.0, 6178500.0 ], [ 722800.0, 6178400.0 ], [ 722800.0, 6178300.0 ], [ 722700.0, 6178300.0 ], [ 722700.0, 6178400.0 ] ] ] } },
{ "type": "Feature", "properties": { "Shape_Area": 30000.0, "Shape_Leng": 800.0, "cluster_id": "101_1143", "fid_1": 1143.0, "id_munic": 1143.0, "munic_clus": "101_1143", "munic_code": 101.0, "min": 3.8547153472900391, "max": 3.8547153472900391, "mean": 3.8547153472900391, "count": 3, "std": 0.0, "range": 0.0 }, "geometry": { "type": "Polygon", "coordinates": [ [ [ 722900.0, 6174900.0 ], [ 722900.0, 6174800.0 ], [ 722800.0, 6174800.0 ], [ 722700.0, 6174800.0 ], [ 722700.0, 6174900.0 ], [ 722700.0, 6175000.0 ], [ 722800.0, 6175000.0 ], [ 722800.0, 6174900.0 ], [ 722900.0, 6174900.0 ] ] ] } },
{ "type": "Feature", "properties": { "Shape_Area": 60000.0, "Shape_Leng": 1000.0, "cluster_id": "101_1144", "fid_1": 1144.0, "id_munic": 1144.0, "munic_clus": "101_1144", "munic_code": 101.0, "min": 2.3710434436798096, "max": 2.3710434436798096, "mean": 2.3710433642069497, "count": 6, "std": 7.947285984855057e-08, "range": 0.0 }, "geometry": { "type": "Polygon", "coordinates": [ [ [ 727100.0, 6172800.0 ], [ 727200.0, 6172800.0 ], [ 727300.0, 6172800.0 ], [ 727400.0, 6172800.0 ], [ 727400.0, 6172700.0 ], [ 727400.0, 6172600.0 ], [ 727300.0, 6172600.0 ], [ 727200.0, 6172600.0 ], [ 727100.0, 6172600.0 ], [ 727100.0, 6172700.0 ], [ 727100.0, 6172800.0 ] ] ] } },
{ "type": "Feature", "properties": { "Shape_Area": 160000.0, "Shape_Leng": 1800.0, "cluster_id": "101_1145", "fid_1": 1145.0, "id_munic": 1145.0, "munic_clus": "101_1145", "munic_code": 101.0, "min": 3.5131621360778809, "max": 3.5131621360778809, "mean": 3.5131618976593018, "count": 16, "std": 2.384185791015625e-07, "range": 0.0 }, "geometry": { "type": "Polygon", "coordinates": [ [ [ 718000.0, 6178900.0 ], [ 717900.0, 6178900.0 ], [ 717900.0, 6179000.0 ], [ 717800.0, 6179000.0 ], [ 717800.0, 6179100.0 ], [ 717800.0, 6179200.0 ], [ 717800.0, 6179300.0 ], [ 717900.0, 6179300.0 ], [ 717900.0, 6179400.0 ], [ 718000.0, 6179400.0 ], [ 718100.0, 6179400.0 ], [ 718100.0, 6179300.0 ], [ 718200.0, 6179300.0 ], [ 718200.0, 6179200.0 ], [ 718200.0, 6179100.0 ], [ 718200.0, 6179000.0 ], [ 718100.0, 6179000.0 ], [ 718100.0, 6178900.0 ], [ 718000.0, 6178900.0 ] ] ] } },
{ "type": "Feature", "properties": { "Shape_Area": 20000.0, "Shape_Leng": 600.0, "cluster_id": "101_1146", "fid_1": 1146.0, "id_munic": 1146.0, "munic_clus": "101_1146", "munic_code": 101.0, "min": 3.5401537418365479, "max": 3.5401537418365479, "mean": 3.5401537418365479, "count": 2, "std": 0.0, "range": 0.0 }, "geometry": { "type": "Polygon", "coordinates": [ [ [ 721700.0, 6178800.0 ], [ 721700.0, 6178900.0 ], [ 721800.0, 6178900.0 ], [ 721800.0, 6178800.0 ], [ 721800.0, 6178700.0 ], [ 721700.0, 6178700.0 ], [ 721700.0, 6178800.0 ] ] ] } },
{ "type": "Feature", "properties": { "Shape_Area": 50000.0, "Shape_Leng": 1000.0, "cluster_id": "101_1147", "fid_1": 1147.0, "id_munic": 1147.0, "munic_clus": "101_1147", "munic_code": 101.0, "min": 2.8597133159637451, "max": 2.8597133159637451, "mean": 2.8597133636474608, "count": 5, "std": 4.7683715642676816e-08, "range": 0.0 }, "geometry": { "type": "Polygon", "coordinates": [ [ [ 723700.0, 6179700.0 ], [ 723800.0, 6179700.0 ], [ 723800.0, 6179800.0 ], [ 723900.0, 6179800.0 ], [ 724000.0, 6179800.0 ], [ 724000.0, 6179700.0 ], [ 724000.0, 6179600.0 ], [ 723900.0, 6179600.0 ], [ 723800.0, 6179600.0 ], [ 723700.0, 6179600.0 ], [ 723700.0, 6179700.0 ] ] ] } },
{ "type": "Feature", "properties": { "Shape_Area": 50000.0, "Shape_Leng": 1000.0, "cluster_id": "101_1148", "fid_1": 1148.0, "id_munic": 1148.0, "munic_clus": "101_1148", "munic_code": 101.0, "min": 3.0994670391082764, "max": 3.0994670391082764, "mean": 3.099467086791992, "count": 5, "std": 4.7683715642676816e-08, "range": 0.0 }, "geometry": { "type": "Polygon", "coordinates": [ [ [ 718900.0, 6176700.0 ], [ 719000.0, 6176700.0 ], [ 719100.0, 6176700.0 ], [ 719200.0, 6176700.0 ], [ 719200.0, 6176600.0 ], [ 719100.0, 6176600.0 ], [ 719100.0, 6176500.0 ], [ 719000.0, 6176500.0 ], [ 718900.0, 6176500.0 ], [ 718900.0, 6176600.0 ], [ 718900.0, 6176700.0 ] ] ] } },
{ "type": "Feature", "properties": { "Shape_Area": 30000.0, "Shape_Leng": 800.0, "cluster_id": "101_1149", "fid_1": 1149.0, "id_munic": 1149.0, "munic_clus": "101_1149", "munic_code": 101.0, "min": 2.6084640026092529, "max": 2.6084640026092529, "mean": 2.6084639231363931, "count": 3, "std": 7.947285984855057e-08, "range": 0.0 }, "geometry": { "type": "Polygon", "coordinates": [ [ [ 721200.0, 6174300.0 ], [ 721100.0, 6174300.0 ], [ 721100.0, 6174400.0 ], [ 721200.0, 6174400.0 ], [ 721300.0, 6174400.0 ], [ 721300.0, 6174300.0 ], [ 721300.0, 6174200.0 ], [ 721200.0, 6174200.0 ], [ 721200.0, 6174300.0 ] ] ] } },
{ "type": "Feature", "properties": { "Shape_Area": 20000.0, "Shape_Leng": 600.0, "cluster_id": "101_1150", "fid_1": 1150.0, "id_munic": 1150.0, "munic_clus": "101_1150", "munic_code": 101.0, "min": 3.5261580944061279, "max": 3.5261580944061279, "mean": 3.5261580944061279, "count": 2, "std": 0.0, "range": 0.0 }, "geometry": { "type": "Polygon", "coordinates": [ [ [ 722500.0, 6173100.0 ], [ 722600.0, 6173100.0 ], [ 722700.0, 6173100.0 ], [ 722700.0, 6173000.0 ], [ 722600.0, 6173000.0 ], [ 722500.0, 6173000.0 ], [ 722500.0, 6173100.0 ] ] ] } },
{ "type": "Feature", "properties": { "Shape_Area": 40000.0, "Shape_Leng": 1000.0, "cluster_id": "101_1151", "fid_1": 1151.0, "id_munic": 1151.0, "munic_clus": "101_1151", "munic_code": 101.0, "min": 3.678441047668457, "max": 3.678441047668457, "mean": 3.678441047668457, "count": 4, "std": 0.0, "range": 0.0 }, "geometry": { "type": "Polygon", "coordinates": [ [ [ 723800.0, 6177400.0 ], [ 723700.0, 6177400.0 ], [ 723700.0, 6177500.0 ], [ 723800.0, 6177500.0 ], [ 723900.0, 6177500.0 ], [ 724000.0, 6177500.0 ], [ 724000.0, 6177400.0 ], [ 724000.0, 6177300.0 ], [ 723900.0, 6177300.0 ], [ 723900.0, 6177400.0 ], [ 723800.0, 6177400.0 ] ] ] } },
{ "type": "Feature", "properties": { "Shape_Area": 30000.0, "Shape_Leng": 800.0, "cluster_id": "101_1152", "fid_1": 1152.0, "id_munic": 1152.0, "munic_clus": "101_1152", "munic_code": 101.0, "min": 2.0048320293426514, "max": 2.0048320293426514, "mean": 2.0048319498697915, "count": 3, "std": 7.947285984855057e-08, "range": 0.0 }, "geometry": { "type": "Polygon", "coordinates": [ [ [ 719200.0, 6177300.0 ], [ 719300.0, 6177300.0 ], [ 719300.0, 6177400.0 ], [ 719400.0, 6177400.0 ], [ 719400.0, 6177300.0 ], [ 719400.0, 6177200.0 ], [ 719300.0, 6177200.0 ], [ 719200.0, 6177200.0 ], [ 719200.0, 6177300.0 ] ] ] } },
{ "type": "Feature", "properties": { "Shape_Area": 20000.0, "Shape_Leng": 600.0, "cluster_id": "101_1153", "fid_1": 1153.0, "id_munic": 1153.0, "munic_clus": "101_1153", "munic_code": 101.0, "min": 3.3350553512573242, "max": 3.3350553512573242, "mean": 3.3350553512573242, "count": 2, "std": 0.0, "range": 0.0 }, "geometry": { "type": "Polygon", "coordinates": [ [ [ 726900.0, 6173900.0 ], [ 727000.0, 6173900.0 ], [ 727100.0, 6173900.0 ], [ 727100.0, 6173800.0 ], [ 727000.0, 6173800.0 ], [ 726900.0, 6173800.0 ], [ 726900.0, 6173900.0 ] ] ] } },
{ "type": "Feature", "properties": { "Shape_Area": 60000.0, "Shape_Leng": 1000.0, "cluster_id": "101_1154", "fid_1": 1154.0, "id_munic": 1154.0, "munic_clus": "101_1154", "munic_code": 101.0, "min": 3.0138289928436279, "max": 3.0138289928436279, "mean": 3.0138289133707681, "count": 6, "std": 7.947285984855057e-08, "range": 0.0 }, "geometry": { "type": "Polygon", "coordinates": [ [ [ 719100.0, 6173400.0 ], [ 719000.0, 6173400.0 ], [ 719000.0, 6173500.0 ], [ 719000.0, 6173600.0 ], [ 719100.0, 6173600.0 ], [ 719200.0, 6173600.0 ], [ 719300.0, 6173600.0 ], [ 719300.0, 6173500.0 ], [ 719300.0, 6173400.0 ], [ 719200.0, 6173400.0 ], [ 719100.0, 6173400.0 ] ] ] } },
{ "type": "Feature", "properties": { "Shape_Area": 20000.0, "Shape_Leng": 600.0, "cluster_id": "101_1155", "fid_1": 1155.0, "id_munic": 1155.0, "munic_clus": "101_1155", "munic_code": 101.0, "min": 4.1121296882629395, "max": 4.1121296882629395, "mean": 4.1121296882629395, "count": 2, "std": 0.0, "range": 0.0 }, "geometry": { "type": "Polygon", "coordinates": [ [ [ 721900.0, 6179800.0 ], [ 722000.0, 6179800.0 ], [ 722100.0, 6179800.0 ], [ 722100.0, 6179700.0 ], [ 722000.0, 6179700.0 ], [ 721900.0, 6179700.0 ], [ 721900.0, 6179800.0 ] ] ] } },
{ "type": "Feature", "properties": { "Shape_Area": 50000.0, "Shape_Leng": 1200.0, "cluster_id": "101_1156", "fid_1": 1156.0, "id_munic": 1156.0, "munic_clus": "101_1156", "munic_code": 101.0, "min": 2.4793407917022705, "max": 2.4793407917022705, "mean": 2.4793407440185549, "count": 5, "std": 4.7683715642676816e-08, "range": 0.0 }, "geometry": { "type": "Polygon", "coordinates": [ [ [ 719700.0, 6178900.0 ], [ 719700.0, 6178800.0 ], [ 719600.0, 6178800.0 ], [ 719500.0, 6178800.0 ], [ 719400.0, 6178800.0 ], [ 719400.0, 6178900.0 ], [ 719400.0, 6179000.0 ], [ 719400.0, 6179100.0 ], [ 719500.0, 6179100.0 ], [ 719500.0, 6179000.0 ], [ 719500.0, 6178900.0 ], [ 719600.0, 6178900.0 ], [ 719700.0, 6178900.0 ] ] ] } },
{ "type": "Feature", "properties": { "Shape_Area": 40000.0, "Shape_Leng": 1000.0, "cluster_id": "101_1158", "fid_1": 1158.0, "id_munic": 1158.0, "munic_clus": "101_1158", "munic_code": 101.0, "min": 2.6722762584686279, "max": 2.6722762584686279, "mean": 2.6722762584686279, "count": 4, "std": 0.0, "range": 0.0 }, "geometry": { "type": "Polygon", "coordinates": [ [ [ 727200.0, 6173000.0 ], [ 727300.0, 6173000.0 ], [ 727400.0, 6173000.0 ], [ 727500.0, 6173000.0 ], [ 727600.0, 6173000.0 ], [ 727600.0, 6172900.0 ], [ 727500.0, 6172900.0 ], [ 727400.0, 6172900.0 ], [ 727300.0, 6172900.0 ], [ 727200.0, 6172900.0 ], [ 727200.0, 6173000.0 ] ] ] } },
{ "type": "Feature", "properties": { "Shape_Area": 30000.0, "Shape_Leng": 800.0, "cluster_id": "101_1159", "fid_1": 1159.0, "id_munic": 1159.0, "munic_clus": "101_1159", "munic_code": 101.0, "min": 3.1811068058013916, "max": 3.1811068058013916, "mean": 3.1811068852742515, "count": 3, "std": 7.947285984855057e-08, "range": 0.0 }, "geometry": { "type": "Polygon", "coordinates": [ [ [ 719500.0, 6175000.0 ], [ 719400.0, 6175000.0 ], [ 719400.0, 6175100.0 ], [ 719500.0, 6175100.0 ], [ 719600.0, 6175100.0 ], [ 719600.0, 6175000.0 ], [ 719600.0, 6174900.0 ], [ 719500.0, 6174900.0 ], [ 719500.0, 6175000.0 ] ] ] } },
{ "type": "Feature", "properties": { "Shape_Area": 30000.0, "Shape_Leng": 800.0, "cluster_id": "101_1160", "fid_1": 1160.0, "id_munic": 1160.0, "munic_clus": "101_1160", "munic_code": 101.0, "min": 2.2352550029754639, "max": 2.2352550029754639, "mean": 2.235254923502604, "count": 3, "std": 7.947285984855057e-08, "range": 0.0 }, "geometry": { "type": "Polygon", "coordinates": [ [ [ 727000.0, 6174700.0 ], [ 727000.0, 6174800.0 ], [ 727100.0, 6174800.0 ], [ 727100.0, 6174700.0 ], [ 727100.0, 6174600.0 ], [ 727100.0, 6174500.0 ], [ 727000.0, 6174500.0 ], [ 727000.0, 6174600.0 ], [ 727000.0, 6174700.0 ] ] ] } },
{ "type": "Feature", "properties": { "Shape_Area": 100000.0, "Shape_Leng": 1800.0, "cluster_id": "101_1161", "fid_1": 1161.0, "id_munic": 1161.0, "munic_clus": "101_1161", "munic_code": 101.0, "min": 2.601966381072998, "max": 2.601966381072998, "mean": 2.6019666671752928, "count": 10, "std": 2.8610229474423932e-07, "range": 0.0 }, "geometry": { "type": "Polygon", "coordinates": [ [ [ 722000.0, 6172800.0 ], [ 721900.0, 6172800.0 ], [ 721800.0, 6172800.0 ], [ 721700.0, 6172800.0 ], [ 721600.0, 6172800.0 ], [ 721600.0, 6172900.0 ], [ 721700.0, 6172900.0 ], [ 721700.0, 6173000.0 ], [ 721600.0, 6173000.0 ], [ 721600.0, 6173100.0 ], [ 721700.0, 6173100.0 ], [ 721800.0, 6173100.0 ], [ 721800.0, 6173000.0 ], [ 721900.0, 6173000.0 ], [ 722000.0, 6173000.0 ], [ 722100.0, 6173000.0 ], [ 722100.0, 6172900.0 ], [ 722000.0, 6172900.0 ], [ 722000.0, 6172800.0 ] ] ] } },
{ "type": "Feature", "properties": { "Shape_Area": 40000.0, "Shape_Leng": 800.0, "cluster_id": "101_1162", "fid_1": 1162.0, "id_munic": 1162.0, "munic_clus": "101_1162", "munic_code": 101.0, "min": 2.4598469734191895, "max": 2.4598469734191895, "mean": 2.4598469734191895, "count": 4, "std": 0.0, "range": 0.0 }, "geometry": { "type": "Polygon", "coordinates": [ [ [ 722500.0, 6178500.0 ], [ 722600.0, 6178500.0 ], [ 722700.0, 6178500.0 ], [ 722700.0, 6178400.0 ], [ 722700.0, 6178300.0 ], [ 722600.0, 6178300.0 ], [ 722500.0, 6178300.0 ], [ 722500.0, 6178400.0 ], [ 722500.0, 6178500.0 ] ] ] } },
{ "type": "Feature", "properties": { "Shape_Area": 130000.0, "Shape_Leng": 1800.0, "cluster_id": "101_1163", "fid_1": 1163.0, "id_munic": 1163.0, "munic_clus": "101_1163", "munic_code": 101.0, "min": 3.2102634906768799, "max": 3.2102634906768799, "mean": 3.2102631788987379, "count": 13, "std": 3.1177814197036474e-07, "range": 0.0 }, "geometry": { "type": "Polygon", "coordinates": [ [ [ 718600.0, 6176900.0 ], [ 718600.0, 6177000.0 ], [ 718600.0, 6177100.0 ], [ 718500.0, 6177100.0 ], [ 718500.0, 6177200.0 ], [ 718500.0, 6177300.0 ], [ 718600.0, 6177300.0 ], [ 718700.0, 6177300.0 ], [ 718800.0, 6177300.0 ], [ 718800.0, 6177200.0 ], [ 718800.0, 6177100.0 ], [ 718800.0, 6177000.0 ], [ 718800.0, 6176900.0 ], [ 718900.0, 6176900.0 ], [ 718900.0, 6176800.0 ], [ 718800.0, 6176800.0 ], [ 718700.0, 6176800.0 ], [ 718600.0, 6176800.0 ], [ 718600.0, 6176900.0 ] ] ] } },
{ "type": "Feature", "properties": { "Shape_Area": 110000.0, "Shape_Leng": 1600.0, "cluster_id": "101_1164", "fid_1": 1164.0, "id_munic": 1164.0, "munic_clus": "101_1164", "munic_code": 101.0, "min": 2.9290235042572021, "max": 2.9290235042572021, "mean": 2.9290233958851206, "count": 11, "std": 1.0837208153091638e-07, "range": 0.0 }, "geometry": { "type": "Polygon", "coordinates": [ [ [ 719300.0, 6177700.0 ], [ 719200.0, 6177700.0 ], [ 719200.0, 6177800.0 ], [ 719100.0, 6177800.0 ], [ 719100.0, 6177900.0 ], [ 719100.0, 6178000.0 ], [ 719100.0, 6178100.0 ], [ 719200.0, 6178100.0 ], [ 719300.0, 6178100.0 ], [ 719300.0, 6178000.0 ], [ 719400.0, 6178000.0 ], [ 719500.0, 6178000.0 ], [ 719500.0, 6177900.0 ], [ 719400.0, 6177900.0 ], [ 719400.0, 6177800.0 ], [ 719400.0, 6177700.0 ], [ 719300.0, 6177700.0 ] ] ] } },
{ "type": "Feature", "properties": { "Shape_Area": 470000.0, "Shape_Leng": 3800.0, "cluster_id": "101_1165", "fid_1": 1165.0, "id_munic": 1165.0, "munic_clus": "101_1165", "munic_code": 101.0, "min": 3.4283576011657715, "max": 3.4283576011657715, "mean": 3.4283577127659575, "count": 47, "std": 1.1160018598133092e-07, "range": 0.0 }, "geometry": { "type": "Polygon", "coordinates": [ [ [ 718500.0, 6176500.0 ], [ 718600.0, 6176500.0 ], [ 718600.0, 6176400.0 ], [ 718600.0, 6176300.0 ], [ 718600.0, 6176200.0 ], [ 718500.0, 6176200.0 ], [ 718400.0, 6176200.0 ], [ 718300.0, 6176200.0 ], [ 718300.0, 6176100.0 ], [ 718200.0, 6176100.0 ], [ 718100.0, 6176100.0 ], [ 718000.0, 6176100.0 ], [ 718000.0, 6176200.0 ], [ 718000.0, 6176300.0 ], [ 718000.0, 6176400.0 ], [ 718000.0, 6176500.0 ], [ 717900.0, 6176500.0 ], [ 717900.0, 6176600.0 ], [ 717900.0, 6176700.0 ], [ 717900.0, 6176800.0 ], [ 717900.0, 6176900.0 ], [ 717900.0, 6177000.0 ], [ 717800.0, 6177000.0 ], [ 717800.0, 6177100.0 ], [ 717900.0, 6177100.0 ], [ 717900.0, 6177200.0 ], [ 718000.0, 6177200.0 ], [ 718100.0, 6177200.0 ], [ 718200.0, 6177200.0 ], [ 718200.0, 6177100.0 ], [ 718200.0, 6177000.0 ], [ 718200.0, 6176900.0 ], [ 718200.0, 6176800.0 ], [ 718200.0, 6176700.0 ], [ 718300.0, 6176700.0 ], [ 718400.0, 6176700.0 ], [ 718400.0, 6176600.0 ], [ 718400.0, 6176500.0 ], [ 718500.0, 6176500.0 ] ] ] } },
{ "type": "Feature", "properties": { "Shape_Area": 200000.0, "Shape_Leng": 2400.0, "cluster_id": "101_1166", "fid_1": 1166.0, "id_munic": 1166.0, "munic_clus": "101_1166", "munic_code": 101.0, "min": 2.8903703689575195, "max": 2.8903703689575195, "mean": 2.8903703689575195, "count": 20, "std": 0.0, "range": 0.0 }, "geometry": { "type": "Polygon", "coordinates": [ [ [ 723600.0, 6175900.0 ], [ 723600.0, 6176000.0 ], [ 723700.0, 6176000.0 ], [ 723800.0, 6176000.0 ], [ 723800.0, 6176100.0 ], [ 723900.0, 6176100.0 ], [ 724000.0, 6176100.0 ], [ 724100.0, 6176100.0 ], [ 724100.0, 6176000.0 ], [ 724000.0, 6176000.0 ], [ 724000.0, 6175900.0 ], [ 724000.0, 6175800.0 ], [ 724000.0, 6175700.0 ], [ 723900.0, 6175700.0 ], [ 723900.0, 6175600.0 ], [ 723800.0, 6175600.0 ], [ 723700.0, 6175600.0 ], [ 723700.0, 6175500.0 ], [ 723600.0, 6175500.0 ], [ 723500.0, 6175500.0 ], [ 723500.0, 6175600.0 ], [ 723600.0, 6175600.0 ], [ 723600.0, 6175700.0 ], [ 723600.0, 6175800.0 ], [ 723600.0, 6175900.0 ] ] ] } },
{ "type": "Feature", "properties": { "Shape_Area": 40000.0, "Shape_Leng": 800.0, "cluster_id": "101_1167", "fid_1": 1167.0, "id_munic": 1167.0, "munic_clus": "101_1167", "munic_code": 101.0, "min": 2.3770413398742676, "max": 2.3770413398742676, "mean": 2.3770413398742676, "count": 4, "std": 0.0, "range": 0.0 }, "geometry": { "type": "Polygon", "coordinates": [ [ [ 727700.0, 6173100.0 ], [ 727600.0, 6173100.0 ], [ 727500.0, 6173100.0 ], [ 727500.0, 6173200.0 ], [ 727500.0, 6173300.0 ], [ 727600.0, 6173300.0 ], [ 727700.0, 6173300.0 ], [ 727700.0, 6173200.0 ], [ 727700.0, 6173100.0 ] ] ] } },
{ "type": "Feature", "properties": { "Shape_Area": 20000.0, "Shape_Leng": 600.0, "cluster_id": "101_1168", "fid_1": 1168.0, "id_munic": 1168.0, "munic_clus": "101_1168", "munic_code": 101.0, "min": 3.0414862632751465, "max": 3.0414862632751465, "mean": 3.0414862632751465, "count": 2, "std": 0.0, "range": 0.0 }, "geometry": { "type": "Polygon", "coordinates": [ [ [ 727700.0, 6173200.0 ], [ 727700.0, 6173300.0 ], [ 727800.0, 6173300.0 ], [ 727800.0, 6173200.0 ], [ 727800.0, 6173100.0 ], [ 727700.0, 6173100.0 ], [ 727700.0, 6173200.0 ] ] ] } },
{ "type": "Feature", "properties": { "Shape_Area": 100000.0, "Shape_Leng": 1600.0, "cluster_id": "101_1169", "fid_1": 1169.0, "id_munic": 1169.0, "munic_clus": "101_1169", "munic_code": 101.0, "min": 3.8830394744873047, "max": 3.8830394744873047, "mean": 3.8830394744873047, "count": 10, "std": 0.0, "range": 0.0 }, "geometry": { "type": "Polygon", "coordinates": [ [ [ 724600.0, 6176500.0 ], [ 724500.0, 6176500.0 ], [ 724500.0, 6176600.0 ], [ 724500.0, 6176700.0 ], [ 724600.0, 6176700.0 ], [ 724600.0, 6176800.0 ], [ 724700.0, 6176800.0 ], [ 724700.0, 6176700.0 ], [ 724800.0, 6176700.0 ], [ 724900.0, 6176700.0 ], [ 724900.0, 6176600.0 ], [ 724900.0, 6176500.0 ], [ 724800.0, 6176500.0 ], [ 724800.0, 6176400.0 ], [ 724700.0, 6176400.0 ], [ 724700.0, 6176500.0 ], [ 724600.0, 6176500.0 ] ] ] } },
{ "type": "Feature", "properties": { "Shape_Area": 190000.0, "Shape_Leng": 2200.0, "cluster_id": "101_1170", "fid_1": 1170.0, "id_munic": 1170.0, "munic_clus": "101_1170", "munic_code": 101.0, "min": 3.2235927581787109, "max": 3.2235927581787109, "mean": 3.2235930593390214, "count": 19, "std": 3.0116031046745206e-07, "range": 0.0 }, "geometry": { "type": "Polygon", "coordinates": [ [ [ 720500.0, 6177100.0 ], [ 720600.0, 6177100.0 ], [ 720600.0, 6177000.0 ], [ 720500.0, 6177000.0 ], [ 720400.0, 6177000.0 ], [ 720300.0, 6177000.0 ], [ 720300.0, 6176900.0 ], [ 720200.0, 6176900.0 ], [ 720100.0, 6176900.0 ], [ 720100.0, 6177000.0 ], [ 720100.0, 6177100.0 ], [ 720000.0, 6177100.0 ], [ 720000.0, 6177200.0 ], [ 720100.0, 6177200.0 ], [ 720100.0, 6177300.0 ], [ 720200.0, 6177300.0 ], [ 720200.0, 6177400.0 ], [ 720300.0, 6177400.0 ], [ 720400.0, 6177400.0 ], [ 720500.0, 6177400.0 ], [ 720500.0, 6177300.0 ], [ 720500.0, 6177200.0 ], [ 720500.0, 6177100.0 ] ] ] } },
{ "type": "Feature", "properties": { "Shape_Area": 90000.0, "Shape_Leng": 1400.0, "cluster_id": "101_1172", "fid_1": 1172.0, "id_munic": 1172.0, "munic_clus": "101_1172", "munic_code": 101.0, "min": 3.1289577484130859, "max": 3.1289577484130859, "mean": 3.1289577484130859, "count": 9, "std": 0.0, "range": 0.0 }, "geometry": { "type": "Polygon", "coordinates": [ [ [ 727300.0, 6172000.0 ], [ 727300.0, 6172100.0 ], [ 727400.0, 6172100.0 ], [ 727400.0, 6172200.0 ], [ 727400.0, 6172300.0 ], [ 727500.0, 6172300.0 ], [ 727600.0, 6172300.0 ], [ 727600.0, 6172200.0 ], [ 727600.0, 6172100.0 ], [ 727600.0, 6172000.0 ], [ 727500.0, 6172000.0 ], [ 727500.0, 6171900.0 ], [ 727400.0, 6171900.0 ], [ 727300.0, 6171900.0 ], [ 727300.0, 6172000.0 ] ] ] } },
{ "type": "Feature", "properties": { "Shape_Area": 40000.0, "Shape_Leng": 800.0, "cluster_id": "101_1173", "fid_1": 1173.0, "id_munic": 1173.0, "munic_clus": "101_1173", "munic_code": 101.0, "min": 2.886038064956665, "max": 2.886038064956665, "mean": 2.886038064956665, "count": 4, "std": 0.0, "range": 0.0 }, "geometry": { "type": "Polygon", "coordinates": [ [ [ 722800.0, 6178900.0 ], [ 722700.0, 6178900.0 ], [ 722600.0, 6178900.0 ], [ 722600.0, 6179000.0 ], [ 722600.0, 6179100.0 ], [ 722700.0, 6179100.0 ], [ 722800.0, 6179100.0 ], [ 722800.0, 6179000.0 ], [ 722800.0, 6178900.0 ] ] ] } },
{ "type": "Feature", "properties": { "Shape_Area": 140000.0, "Shape_Leng": 1800.0, "cluster_id": "101_1174", "fid_1": 1174.0, "id_munic": 1174.0, "munic_clus": "101_1174", "munic_code": 101.0, "min": 3.4205269813537598, "max": 3.4205269813537598, "mean": 3.42052732195173, "count": 14, "std": 3.4059797027197192e-07, "range": 0.0 }, "geometry": { "type": "Polygon", "coordinates": [ [ [ 725400.0, 6176000.0 ], [ 725300.0, 6176000.0 ], [ 725300.0, 6176100.0 ], [ 725300.0, 6176200.0 ], [ 725200.0, 6176200.0 ], [ 725200.0, 6176300.0 ], [ 725200.0, 6176400.0 ], [ 725300.0, 6176400.0 ], [ 725300.0, 6176500.0 ], [ 725400.0, 6176500.0 ], [ 725400.0, 6176400.0 ], [ 725500.0, 6176400.0 ], [ 725600.0, 6176400.0 ], [ 725600.0, 6176300.0 ], [ 725600.0, 6176200.0 ], [ 725600.0, 6176100.0 ], [ 725500.0, 6176100.0 ], [ 725500.0, 6176000.0 ], [ 725400.0, 6176000.0 ] ] ] } },
{ "type": "Feature", "properties": { "Shape_Area": 70000.0, "Shape_Leng": 1200.0, "cluster_id": "101_1176", "fid_1": 1176.0, "id_munic": 1176.0, "munic_clus": "101_1176", "munic_code": 101.0, "min": 1.997667670249939, "max": 1.997667670249939, "mean": 1.9976675851004464, "count": 7, "std": 8.5149492567992979e-08, "range": 0.0 }, "geometry": { "type": "Polygon", "coordinates": [ [ [ 722000.0, 6178100.0 ], [ 722000.0, 6178200.0 ], [ 721900.0, 6178200.0 ], [ 721900.0, 6178300.0 ], [ 721900.0, 6178400.0 ], [ 721900.0, 6178500.0 ], [ 722000.0, 6178500.0 ], [ 722100.0, 6178500.0 ], [ 722100.0, 6178400.0 ], [ 722100.0, 6178300.0 ], [ 722100.0, 6178200.0 ], [ 722100.0, 6178100.0 ], [ 722000.0, 6178100.0 ] ] ] } },
{ "type": "Feature", "properties": { "Shape_Area": 150000.0, "Shape_Leng": 1600.0, "cluster_id": "101_1177", "fid_1": 1177.0, "id_munic": 1177.0, "munic_clus": "101_1177", "munic_code": 101.0, "min": 3.6731095314025879, "max": 3.6731095314025879, "mean": 3.6731094360351562, "count": 15, "std": 9.5367431729442829e-08, "range": 0.0 }, "geometry": { "type": "Polygon", "coordinates": [ [ [ 726400.0, 6172600.0 ], [ 726300.0, 6172600.0 ], [ 726300.0, 6172500.0 ], [ 726200.0, 6172500.0 ], [ 726100.0, 6172500.0 ], [ 726000.0, 6172500.0 ], [ 726000.0, 6172600.0 ], [ 726000.0, 6172700.0 ], [ 726000.0, 6172800.0 ], [ 726000.0, 6172900.0 ], [ 726100.0, 6172900.0 ], [ 726200.0, 6172900.0 ], [ 726300.0, 6172900.0 ], [ 726400.0, 6172900.0 ], [ 726400.0, 6172800.0 ], [ 726400.0, 6172700.0 ], [ 726400.0, 6172600.0 ] ] ] } },
{ "type": "Feature", "properties": { "Shape_Area": 80000.0, "Shape_Leng": 1200.0, "cluster_id": "101_1179", "fid_1": 1179.0, "id_munic": 1179.0, "munic_clus": "101_1179", "munic_code": 101.0, "min": 2.6376211643218994, "max": 2.6376211643218994, "mean": 2.6376211643218994, "count": 8, "std": 0.0, "range": 0.0 }, "geometry": { "type": "Polygon", "coordinates": [ [ [ 720900.0, 6174700.0 ], [ 720900.0, 6174800.0 ], [ 721000.0, 6174800.0 ], [ 721100.0, 6174800.0 ], [ 721200.0, 6174800.0 ], [ 721200.0, 6174700.0 ], [ 721200.0, 6174600.0 ], [ 721100.0, 6174600.0 ], [ 721100.0, 6174500.0 ], [ 721000.0, 6174500.0 ], [ 720900.0, 6174500.0 ], [ 720900.0, 6174600.0 ], [ 720900.0, 6174700.0 ] ] ] } },
{ "type": "Feature", "properties": { "Shape_Area": 250000.0, "Shape_Leng": 3000.0, "cluster_id": "101_1180", "fid_1": 1180.0, "id_munic": 1180.0, "munic_clus": "101_1180", "munic_code": 101.0, "min": 3.1334562301635742, "max": 3.1334562301635742, "mean": 3.1334564208984377, "count": 25, "std": 1.9073486345888568e-07, "range": 0.0 }, "geometry": { "type": "Polygon", "coordinates": [ [ [ 724800.0, 6175800.0 ], [ 724800.0, 6175700.0 ], [ 724700.0, 6175700.0 ], [ 724700.0, 6175600.0 ], [ 724600.0, 6175600.0 ], [ 724500.0, 6175600.0 ], [ 724500.0, 6175700.0 ], [ 724400.0, 6175700.0 ], [ 724300.0, 6175700.0 ], [ 724200.0, 6175700.0 ], [ 724200.0, 6175600.0 ], [ 724100.0, 6175600.0 ], [ 724100.0, 6175700.0 ], [ 724000.0, 6175700.0 ], [ 724000.0, 6175800.0 ], [ 724000.0, 6175900.0 ], [ 724000.0, 6176000.0 ], [ 724100.0, 6176000.0 ], [ 724100.0, 6176100.0 ], [ 724200.0, 6176100.0 ], [ 724200.0, 6176000.0 ], [ 724300.0, 6176000.0 ], [ 724300.0, 6175900.0 ], [ 724400.0, 6175900.0 ], [ 724400.0, 6176000.0 ], [ 724500.0, 6176000.0 ], [ 724600.0, 6176000.0 ], [ 724700.0, 6176000.0 ], [ 724700.0, 6175900.0 ], [ 724700.0, 6175800.0 ], [ 724800.0, 6175800.0 ] ] ] } },
{ "type": "Feature", "properties": { "Shape_Area": 170000.0, "Shape_Leng": 2000.0, "cluster_id": "101_1181", "fid_1": 1181.0, "id_munic": 1181.0, "munic_clus": "101_1181", "munic_code": 101.0, "min": 3.3707098960876465, "max": 3.3707098960876465, "mean": 3.3707100363338696, "count": 17, "std": 1.402462230792878e-07, "range": 0.0 }, "geometry": { "type": "Polygon", "coordinates": [ [ [ 728400.0, 6173100.0 ], [ 728400.0, 6173200.0 ], [ 728400.0, 6173300.0 ], [ 728500.0, 6173300.0 ], [ 728500.0, 6173400.0 ], [ 728500.0, 6173500.0 ], [ 728600.0, 6173500.0 ], [ 728600.0, 6173400.0 ], [ 728700.0, 6173400.0 ], [ 728800.0, 6173400.0 ], [ 728800.0, 6173300.0 ], [ 728800.0, 6173200.0 ], [ 728800.0, 6173100.0 ], [ 728800.0, 6173000.0 ], [ 728700.0, 6173000.0 ], [ 728700.0, 6172900.0 ], [ 728600.0, 6172900.0 ], [ 728500.0, 6172900.0 ], [ 728500.0, 6173000.0 ], [ 728500.0, 6173100.0 ], [ 728400.0, 6173100.0 ] ] ] } },
{ "type": "Feature", "properties": { "Shape_Area": 120000.0, "Shape_Leng": 1600.0, "cluster_id": "101_1182", "fid_1": 1182.0, "id_munic": 1182.0, "munic_clus": "101_1182", "munic_code": 101.0, "min": 2.9615132808685303, "max": 2.9615132808685303, "mean": 2.9615132013956704, "count": 12, "std": 7.947285984855057e-08, "range": 0.0 }, "geometry": { "type": "Polygon", "coordinates": [ [ [ 725600.0, 6176600.0 ], [ 725600.0, 6176700.0 ], [ 725700.0, 6176700.0 ], [ 725700.0, 6176800.0 ], [ 725700.0, 6176900.0 ], [ 725700.0, 6177000.0 ], [ 725800.0, 6177000.0 ], [ 725900.0, 6177000.0 ], [ 725900.0, 6176900.0 ], [ 725900.0, 6176800.0 ], [ 725900.0, 6176700.0 ], [ 725900.0, 6176600.0 ], [ 725900.0, 6176500.0 ], [ 725800.0, 6176500.0 ], [ 725700.0, 6176500.0 ], [ 725600.0, 6176500.0 ], [ 725600.0, 6176600.0 ] ] ] } },
{ "type": "Feature", "properties": { "Shape_Area": 110000.0, "Shape_Leng": 1400.0, "cluster_id": "101_1183", "fid_1": 1183.0, "id_munic": 1183.0, "munic_clus": "101_1183", "munic_code": 101.0, "min": 2.2352554798126221, "max": 2.2352554798126221, "mean": 2.2352556748823686, "count": 11, "std": 1.9506974657801379e-07, "range": 0.0 }, "geometry": { "type": "Polygon", "coordinates": [ [ [ 726900.0, 6172000.0 ], [ 726800.0, 6172000.0 ], [ 726700.0, 6172000.0 ], [ 726700.0, 6172100.0 ], [ 726700.0, 6172200.0 ], [ 726700.0, 6172300.0 ], [ 726700.0, 6172400.0 ], [ 726800.0, 6172400.0 ], [ 726900.0, 6172400.0 ], [ 726900.0, 6172300.0 ], [ 727000.0, 6172300.0 ], [ 727000.0, 6172200.0 ], [ 727000.0, 6172100.0 ], [ 727000.0, 6172000.0 ], [ 726900.0, 6172000.0 ] ] ] } },
{ "type": "Feature", "properties": { "Shape_Area": 50000.0, "Shape_Leng": 1000.0, "cluster_id": "101_1184", "fid_1": 1184.0, "id_munic": 1184.0, "munic_clus": "101_1184", "munic_code": 101.0, "min": 3.1346220970153809, "max": 3.1346220970153809, "mean": 3.1346221923828126, "count": 5, "std": 9.5367431729442842e-08, "range": 0.0 }, "geometry": { "type": "Polygon", "coordinates": [ [ [ 723800.0, 6175400.0 ], [ 723800.0, 6175500.0 ], [ 723900.0, 6175500.0 ], [ 724000.0, 6175500.0 ], [ 724000.0, 6175400.0 ], [ 724000.0, 6175300.0 ], [ 723900.0, 6175300.0 ], [ 723800.0, 6175300.0 ], [ 723700.0, 6175300.0 ], [ 723700.0, 6175400.0 ], [ 723800.0, 6175400.0 ] ] ] } },
{ "type": "Feature", "properties": { "Shape_Area": 130000.0, "Shape_Leng": 2000.0, "cluster_id": "101_1185", "fid_1": 1185.0, "id_munic": 1185.0, "munic_clus": "101_1185", "munic_code": 101.0, "min": 3.1547818183898926, "max": 3.1547818183898926, "mean": 3.1547819284292369, "count": 13, "std": 1.1003934430320328e-07, "range": 0.0 }, "geometry": { "type": "Polygon", "coordinates": [ [ [ 719800.0, 6172500.0 ], [ 719700.0, 6172500.0 ], [ 719700.0, 6172600.0 ], [ 719700.0, 6172700.0 ], [ 719700.0, 6172800.0 ], [ 719600.0, 6172800.0 ], [ 719600.0, 6172900.0 ], [ 719700.0, 6172900.0 ], [ 719800.0, 6172900.0 ], [ 719800.0, 6172800.0 ], [ 719900.0, 6172800.0 ], [ 719900.0, 6172700.0 ], [ 720000.0, 6172700.0 ], [ 720100.0, 6172700.0 ], [ 720100.0, 6172600.0 ], [ 720100.0, 6172500.0 ], [ 720000.0, 6172500.0 ], [ 719900.0, 6172500.0 ], [ 719900.0, 6172400.0 ], [ 719800.0, 6172400.0 ], [ 719800.0, 6172500.0 ] ] ] } },
{ "type": "Feature", "properties": { "Shape_Area": 150000.0, "Shape_Leng": 1800.0, "cluster_id": "101_1186", "fid_1": 1186.0, "id_munic": 1186.0, "munic_clus": "101_1186", "munic_code": 101.0, "min": 2.9170279502868652, "max": 2.9170279502868652, "mean": 2.917027791341146, "count": 15, "std": 1.5894571925301193e-07, "range": 0.0 }, "geometry": { "type": "Polygon", "coordinates": [ [ [ 722200.0, 6178600.0 ], [ 722100.0, 6178600.0 ], [ 722100.0, 6178700.0 ], [ 722000.0, 6178700.0 ], [ 722000.0, 6178800.0 ], [ 721900.0, 6178800.0 ], [ 721900.0, 6178900.0 ], [ 722000.0, 6178900.0 ], [ 722000.0, 6179000.0 ], [ 722000.0, 6179100.0 ], [ 722100.0, 6179100.0 ], [ 722200.0, 6179100.0 ], [ 722300.0, 6179100.0 ], [ 722300.0, 6179000.0 ], [ 722300.0, 6178900.0 ], [ 722300.0, 6178800.0 ], [ 722300.0, 6178700.0 ], [ 722300.0, 6178600.0 ], [ 722200.0, 6178600.0 ] ] ] } },
{ "type": "Feature", "properties": { "Shape_Area": 230000.0, "Shape_Leng": 2600.0, "cluster_id": "101_1187", "fid_1": 1187.0, "id_munic": 1187.0, "munic_clus": "101_1187", "munic_code": 101.0, "min": 3.050483226776123, "max": 3.050483226776123, "mean": 3.0504830401876699, "count": 23, "std": 1.8658845313268557e-07, "range": 0.0 }, "geometry": { "type": "Polygon", "coordinates": [ [ [ 717600.0, 6179600.0 ], [ 717600.0, 6179700.0 ], [ 717600.0, 6179800.0 ], [ 717500.0, 6179800.0 ], [ 717400.0, 6179800.0 ], [ 717400.0, 6179900.0 ], [ 717500.0, 6179900.0 ], [ 717500.0, 6180000.0 ], [ 717600.0, 6180000.0 ], [ 717700.0, 6180000.0 ], [ 717700.0, 6180100.0 ], [ 717800.0, 6180100.0 ], [ 717900.0, 6180100.0 ], [ 717900.0, 6180000.0 ], [ 717900.0, 6179900.0 ], [ 717900.0, 6179800.0 ], [ 717900.0, 6179700.0 ], [ 717900.0, 6179600.0 ], [ 717900.0, 6179500.0 ], [ 717800.0, 6179500.0 ], [ 717800.0, 6179400.0 ], [ 717700.0, 6179400.0 ], [ 717600.0, 6179400.0 ], [ 717500.0, 6179400.0 ], [ 717500.0, 6179500.0 ], [ 717600.0, 6179500.0 ], [ 717600.0, 6179600.0 ] ] ] } },
{ "type": "Feature", "properties": { "Shape_Area": 80000.0, "Shape_Leng": 1400.0, "cluster_id": "101_1188", "fid_1": 1188.0, "id_munic": 1188.0, "munic_clus": "101_1188", "munic_code": 101.0, "min": 3.2700769901275635, "max": 3.2700769901275635, "mean": 3.2700769901275635, "count": 8, "std": 0.0, "range": 0.0 }, "geometry": { "type": "Polygon", "coordinates": [ [ [ 727800.0, 6172600.0 ], [ 727800.0, 6172700.0 ], [ 727700.0, 6172700.0 ], [ 727700.0, 6172800.0 ], [ 727700.0, 6172900.0 ], [ 727600.0, 6172900.0 ], [ 727600.0, 6173000.0 ], [ 727700.0, 6173000.0 ], [ 727800.0, 6173000.0 ], [ 727900.0, 6173000.0 ], [ 727900.0, 6172900.0 ], [ 727900.0, 6172800.0 ], [ 727900.0, 6172700.0 ], [ 727900.0, 6172600.0 ], [ 727800.0, 6172600.0 ] ] ] } },
{ "type": "Feature", "properties": { "Shape_Area": 80000.0, "Shape_Leng": 1400.0, "cluster_id": "101_1189", "fid_1": 1189.0, "id_munic": 1189.0, "munic_clus": "101_1189", "munic_code": 101.0, "min": 2.4256916046142578, "max": 2.4256916046142578, "mean": 2.4256916046142578, "count": 8, "std": 0.0, "range": 0.0 }, "geometry": { "type": "Polygon", "coordinates": [ [ [ 724500.0, 6176200.0 ], [ 724400.0, 6176200.0 ], [ 724400.0, 6176300.0 ], [ 724400.0, 6176400.0 ], [ 724400.0, 6176500.0 ], [ 724500.0, 6176500.0 ], [ 724600.0, 6176500.0 ], [ 724600.0, 6176400.0 ], [ 724600.0, 6176300.0 ], [ 724700.0, 6176300.0 ], [ 724700.0, 6176200.0 ], [ 724700.0, 6176100.0 ], [ 724600.0, 6176100.0 ], [ 724600.0, 6176200.0 ], [ 724500.0, 6176200.0 ] ] ] } },
{ "type": "Feature", "properties": { "Shape_Area": 200000.0, "Shape_Leng": 2600.0, "cluster_id": "101_1190", "fid_1": 1190.0, "id_munic": 1190.0, "munic_clus": "101_1190", "munic_code": 101.0, "min": 2.9271914958953857, "max": 2.9271914958953857, "mean": 2.9271915435791014, "count": 20, "std": 4.7683715642676816e-08, "range": 0.0 }, "geometry": { "type": "Polygon", "coordinates": [ [ [ 719100.0, 6176800.0 ], [ 719100.0, 6176900.0 ], [ 719000.0, 6176900.0 ], [ 718900.0, 6176900.0 ], [ 718800.0, 6176900.0 ], [ 718800.0, 6177000.0 ], [ 718800.0, 6177100.0 ], [ 718800.0, 6177200.0 ], [ 718900.0, 6177200.0 ], [ 718900.0, 6177300.0 ], [ 719000.0, 6177300.0 ], [ 719000.0, 6177200.0 ], [ 719100.0, 6177200.0 ], [ 719100.0, 6177100.0 ], [ 719200.0, 6177100.0 ], [ 719200.0, 6177000.0 ], [ 719200.0, 6176900.0 ], [ 719300.0, 6176900.0 ], [ 719400.0, 6176900.0 ], [ 719400.0, 6176800.0 ], [ 719400.0, 6176700.0 ], [ 719400.0, 6176600.0 ], [ 719300.0, 6176600.0 ], [ 719200.0, 6176600.0 ], [ 719200.0, 6176700.0 ], [ 719100.0, 6176700.0 ], [ 719100.0, 6176800.0 ] ] ] } },
{ "type": "Feature", "properties": { "Shape_Area": 150000.0, "Shape_Leng": 1800.0, "cluster_id": "101_1191", "fid_1": 1191.0, "id_munic": 1191.0, "munic_clus": "101_1191", "munic_code": 101.0, "min": 3.1766083240509033, "max": 3.1766083240509033, "mean": 3.1766085306803387, "count": 15, "std": 2.0662943533977796e-07, "range": 0.0 }, "geometry": { "type": "Polygon", "coordinates": [ [ [ 723000.0, 6177000.0 ], [ 723000.0, 6177100.0 ], [ 723000.0, 6177200.0 ], [ 723000.0, 6177300.0 ], [ 723000.0, 6177400.0 ], [ 723100.0, 6177400.0 ], [ 723100.0, 6177500.0 ], [ 723200.0, 6177500.0 ], [ 723300.0, 6177500.0 ], [ 723300.0, 6177400.0 ], [ 723400.0, 6177400.0 ], [ 723400.0, 6177300.0 ], [ 723300.0, 6177300.0 ], [ 723300.0, 6177200.0 ], [ 723300.0, 6177100.0 ], [ 723300.0, 6177000.0 ], [ 723200.0, 6177000.0 ], [ 723100.0, 6177000.0 ], [ 723000.0, 6177000.0 ] ] ] } },
{ "type": "Feature", "properties": { "Shape_Area": 130000.0, "Shape_Leng": 1800.0, "cluster_id": "101_1192", "fid_1": 1192.0, "id_munic": 1192.0, "munic_clus": "101_1192", "munic_code": 101.0, "min": 3.6972677707672119, "max": 3.6972677707672119, "mean": 3.6972679725060096, "count": 13, "std": 2.0173879766716143e-07, "range": 0.0 }, "geometry": { "type": "Polygon", "coordinates": [ [ [ 723100.0, 6179100.0 ], [ 723100.0, 6179200.0 ], [ 723100.0, 6179300.0 ], [ 723000.0, 6179300.0 ], [ 723000.0, 6179400.0 ], [ 723100.0, 6179400.0 ], [ 723100.0, 6179500.0 ], [ 723200.0, 6179500.0 ], [ 723200.0, 6179600.0 ], [ 723300.0, 6179600.0 ], [ 723300.0, 6179500.0 ], [ 723400.0, 6179500.0 ], [ 723400.0, 6179400.0 ], [ 723400.0, 6179300.0 ], [ 723400.0, 6179200.0 ], [ 723300.0, 6179200.0 ], [ 723300.0, 6179100.0 ], [ 723200.0, 6179100.0 ], [ 723100.0, 6179100.0 ] ] ] } },
{ "type": "Feature", "properties": { "Shape_Area": 50000.0, "Shape_Leng": 1000.0, "cluster_id": "101_1193", "fid_1": 1193.0, "id_munic": 1193.0, "munic_clus": "101_1193", "munic_code": 101.0, "min": 3.3408865928649902, "max": 3.3408865928649902, "mean": 3.340886688232422, "count": 5, "std": 9.5367431729442842e-08, "range": 0.0 }, "geometry": { "type": "Polygon", "coordinates": [ [ [ 723600.0, 6179400.0 ], [ 723600.0, 6179300.0 ], [ 723600.0, 6179200.0 ], [ 723500.0, 6179200.0 ], [ 723400.0, 6179200.0 ], [ 723400.0, 6179300.0 ], [ 723400.0, 6179400.0 ], [ 723400.0, 6179500.0 ], [ 723500.0, 6179500.0 ], [ 723500.0, 6179400.0 ], [ 723600.0, 6179400.0 ] ] ] } },
{ "type": "Feature", "properties": { "Shape_Area": 40000.0, "Shape_Leng": 1000.0, "cluster_id": "101_1194", "fid_1": 1194.0, "id_munic": 1194.0, "munic_clus": "101_1194", "munic_code": 101.0, "min": 3.0668115615844727, "max": 3.0668115615844727, "mean": 3.0668115615844727, "count": 4, "std": 0.0, "range": 0.0 }, "geometry": { "type": "Polygon", "coordinates": [ [ [ 721600.0, 6178200.0 ], [ 721600.0, 6178300.0 ], [ 721600.0, 6178400.0 ], [ 721700.0, 6178400.0 ], [ 721700.0, 6178300.0 ], [ 721700.0, 6178200.0 ], [ 721700.0, 6178100.0 ], [ 721600.0, 6178100.0 ], [ 721500.0, 6178100.0 ], [ 721500.0, 6178200.0 ], [ 721600.0, 6178200.0 ] ] ] } },
{ "type": "Feature", "properties": { "Shape_Area": 140000.0, "Shape_Leng": 1800.0, "cluster_id": "101_1195", "fid_1": 1195.0, "id_munic": 1195.0, "munic_clus": "101_1195", "munic_code": 101.0, "min": 3.0506501197814941, "max": 3.0506501197814941, "mean": 3.0506504603794644, "count": 14, "std": 3.4059797027197192e-07, "range": 0.0 }, "geometry": { "type": "Polygon", "coordinates": [ [ [ 720600.0, 6178600.0 ], [ 720700.0, 6178600.0 ], [ 720700.0, 6178500.0 ], [ 720600.0, 6178500.0 ], [ 720600.0, 6178400.0 ], [ 720600.0, 6178300.0 ], [ 720500.0, 6178300.0 ], [ 720400.0, 6178300.0 ], [ 720400.0, 6178400.0 ], [ 720400.0, 6178500.0 ], [ 720300.0, 6178500.0 ], [ 720300.0, 6178600.0 ], [ 720300.0, 6178700.0 ], [ 720300.0, 6178800.0 ], [ 720400.0, 6178800.0 ], [ 720500.0, 6178800.0 ], [ 720600.0, 6178800.0 ], [ 720600.0, 6178700.0 ], [ 720600.0, 6178600.0 ] ] ] } },
{ "type": "Feature", "properties": { "Shape_Area": 80000.0, "Shape_Leng": 1400.0, "cluster_id": "101_1196", "fid_1": 1196.0, "id_munic": 1196.0, "munic_clus": "101_1196", "munic_code": 101.0, "min": 3.1866044998168945, "max": 3.1866044998168945, "mean": 3.1866044998168945, "count": 8, "std": 0.0, "range": 0.0 }, "geometry": { "type": "Polygon", "coordinates": [ [ [ 721100.0, 6178300.0 ], [ 721200.0, 6178300.0 ], [ 721200.0, 6178400.0 ], [ 721200.0, 6178500.0 ], [ 721300.0, 6178500.0 ], [ 721300.0, 6178400.0 ], [ 721400.0, 6178400.0 ], [ 721400.0, 6178300.0 ], [ 721400.0, 6178200.0 ], [ 721300.0, 6178200.0 ], [ 721300.0, 6178100.0 ], [ 721200.0, 6178100.0 ], [ 721100.0, 6178100.0 ], [ 721100.0, 6178200.0 ], [ 721100.0, 6178300.0 ] ] ] } },
{ "type": "Feature", "properties": { "Shape_Area": 100000.0, "Shape_Leng": 1600.0, "cluster_id": "101_1197", "fid_1": 1197.0, "id_munic": 1197.0, "munic_clus": "101_1197", "munic_code": 101.0, "min": 2.3693773746490479, "max": 2.3693773746490479, "mean": 2.3693773269653322, "count": 10, "std": 4.7683715642676809e-08, "range": 0.0 }, "geometry": { "type": "Polygon", "coordinates": [ [ [ 727500.0, 6173600.0 ], [ 727500.0, 6173700.0 ], [ 727500.0, 6173800.0 ], [ 727600.0, 6173800.0 ], [ 727700.0, 6173800.0 ], [ 727800.0, 6173800.0 ], [ 727800.0, 6173700.0 ], [ 727900.0, 6173700.0 ], [ 727900.0, 6173600.0 ], [ 727800.0, 6173600.0 ], [ 727700.0, 6173600.0 ], [ 727700.0, 6173500.0 ], [ 727600.0, 6173500.0 ], [ 727500.0, 6173500.0 ], [ 727400.0, 6173500.0 ], [ 727400.0, 6173600.0 ], [ 727500.0, 6173600.0 ] ] ] } },
{ "type": "Feature", "properties": { "Shape_Area": 90000.0, "Shape_Leng": 1400.0, "cluster_id": "101_1198", "fid_1": 1198.0, "id_munic": 1198.0, "munic_clus": "101_1198", "munic_code": 101.0, "min": 3.0456516742706299, "max": 3.0456516742706299, "mean": 3.0456517537434897, "count": 9, "std": 7.947285984855057e-08, "range": 0.0 }, "geometry": { "type": "Polygon", "coordinates": [ [ [ 725600.0, 6176700.0 ], [ 725600.0, 6176600.0 ], [ 725600.0, 6176500.0 ], [ 725500.0, 6176500.0 ], [ 725500.0, 6176400.0 ], [ 725400.0, 6176400.0 ], [ 725400.0, 6176500.0 ], [ 725300.0, 6176500.0 ], [ 725200.0, 6176500.0 ], [ 725200.0, 6176600.0 ], [ 725200.0, 6176700.0 ], [ 725300.0, 6176700.0 ], [ 725400.0, 6176700.0 ], [ 725500.0, 6176700.0 ], [ 725600.0, 6176700.0 ] ] ] } },
{ "type": "Feature", "properties": { "Shape_Area": 50000.0, "Shape_Leng": 1000.0, "cluster_id": "101_1199", "fid_1": 1199.0, "id_munic": 1199.0, "munic_clus": "101_1199", "munic_code": 101.0, "min": 2.4631795883178711, "max": 2.4631795883178711, "mean": 2.4631795883178711, "count": 5, "std": 0.0, "range": 0.0 }, "geometry": { "type": "Polygon", "coordinates": [ [ [ 721600.0, 6179000.0 ], [ 721700.0, 6179000.0 ], [ 721700.0, 6179100.0 ], [ 721800.0, 6179100.0 ], [ 721900.0, 6179100.0 ], [ 721900.0, 6179000.0 ], [ 721900.0, 6178900.0 ], [ 721800.0, 6178900.0 ], [ 721700.0, 6178900.0 ], [ 721600.0, 6178900.0 ], [ 721600.0, 6179000.0 ] ] ] } },
{ "type": "Feature", "properties": { "Shape_Area": 270000.0, "Shape_Leng": 3200.0, "cluster_id": "101_1200", "fid_1": 1200.0, "id_munic": 1200.0, "munic_clus": "101_1200", "munic_code": 101.0, "min": 3.1062984466552734, "max": 3.1062984466552734, "mean": 3.1062983760127314, "count": 27, "std": 7.0642542038257261e-08, "range": 0.0 }, "geometry": { "type": "Polygon", "coordinates": [ [ [ 724600.0, 6174900.0 ], [ 724600.0, 6175000.0 ], [ 724500.0, 6175000.0 ], [ 724500.0, 6175100.0 ], [ 724600.0, 6175100.0 ], [ 724600.0, 6175200.0 ], [ 724600.0, 6175300.0 ], [ 724700.0, 6175300.0 ], [ 724800.0, 6175300.0 ], [ 724800.0, 6175400.0 ], [ 724700.0, 6175400.0 ], [ 724700.0, 6175500.0 ], [ 724800.0, 6175500.0 ], [ 724800.0, 6175600.0 ], [ 724900.0, 6175600.0 ], [ 725000.0, 6175600.0 ], [ 725000.0, 6175500.0 ], [ 725100.0, 6175500.0 ], [ 725100.0, 6175400.0 ], [ 725200.0, 6175400.0 ], [ 725200.0, 6175300.0 ], [ 725100.0, 6175300.0 ], [ 725100.0, 6175200.0 ], [ 725100.0, 6175100.0 ], [ 725100.0, 6175000.0 ], [ 725000.0, 6175000.0 ], [ 725000.0, 6175100.0 ], [ 724900.0, 6175100.0 ], [ 724900.0, 6175000.0 ], [ 724800.0, 6175000.0 ], [ 724800.0, 6174900.0 ], [ 724700.0, 6174900.0 ], [ 724600.0, 6174900.0 ] ] ] } },
{ "type": "Feature", "properties": { "Shape_Area": 120000.0, "Shape_Leng": 1600.0, "cluster_id": "101_1201", "fid_1": 1201.0, "id_munic": 1201.0, "munic_clus": "101_1201", "munic_code": 101.0, "min": 2.6229591369628906, "max": 2.6229591369628906, "mean": 2.6229591369628906, "count": 12, "std": 0.0, "range": 0.0 }, "geometry": { "type": "Polygon", "coordinates": [ [ [ 720800.0, 6179200.0 ], [ 720700.0, 6179200.0 ], [ 720600.0, 6179200.0 ], [ 720500.0, 6179200.0 ], [ 720500.0, 6179300.0 ], [ 720500.0, 6179400.0 ], [ 720600.0, 6179400.0 ], [ 720600.0, 6179500.0 ], [ 720600.0, 6179600.0 ], [ 720700.0, 6179600.0 ], [ 720800.0, 6179600.0 ], [ 720800.0, 6179500.0 ], [ 720900.0, 6179500.0 ], [ 720900.0, 6179400.0 ], [ 720900.0, 6179300.0 ], [ 720800.0, 6179300.0 ], [ 720800.0, 6179200.0 ] ] ] } },
{ "type": "Feature", "properties": { "Shape_Area": 420000.0, "Shape_Leng": 3600.0, "cluster_id": "101_1202", "fid_1": 1202.0, "id_munic": 1202.0, "munic_clus": "101_1202", "munic_code": 101.0, "min": 2.5226593017578125, "max": 2.5226593017578125, "mean": 2.5226593017578125, "count": 42, "std": 0.0, "range": 0.0 }, "geometry": { "type": "Polygon", "coordinates": [ [ [ 727900.0, 6174200.0 ], [ 728000.0, 6174200.0 ], [ 728000.0, 6174300.0 ], [ 728000.0, 6174400.0 ], [ 728100.0, 6174400.0 ], [ 728200.0, 6174400.0 ], [ 728300.0, 6174400.0 ], [ 728300.0, 6174500.0 ], [ 728400.0, 6174500.0 ], [ 728400.0, 6174400.0 ], [ 728500.0, 6174400.0 ], [ 728600.0, 6174400.0 ], [ 728700.0, 6174400.0 ], [ 728700.0, 6174300.0 ], [ 728800.0, 6174300.0 ], [ 728800.0, 6174200.0 ], [ 728800.0, 6174100.0 ], [ 728900.0, 6174100.0 ], [ 728900.0, 6174000.0 ], [ 728800.0, 6174000.0 ], [ 728800.0, 6173900.0 ], [ 728700.0, 6173900.0 ], [ 728600.0, 6173900.0 ], [ 728500.0, 6173900.0 ], [ 728500.0, 6173800.0 ], [ 728400.0, 6173800.0 ], [ 728300.0, 6173800.0 ], [ 728300.0, 6173900.0 ], [ 728200.0, 6173900.0 ], [ 728200.0, 6174000.0 ], [ 728100.0, 6174000.0 ], [ 728100.0, 6174100.0 ], [ 728000.0, 6174100.0 ], [ 727900.0, 6174100.0 ], [ 727800.0, 6174100.0 ], [ 727800.0, 6174200.0 ], [ 727900.0, 6174200.0 ] ] ] } },
{ "type": "Feature", "properties": { "Shape_Area": 220000.0, "Shape_Leng": 2600.0, "cluster_id": "101_1204", "fid_1": 1204.0, "id_munic": 1204.0, "munic_clus": "101_1204", "munic_code": 101.0, "min": 2.5956351757049561, "max": 2.5956351757049561, "mean": 2.5956351540305396, "count": 22, "std": 2.1674416483818956e-08, "range": 0.0 }, "geometry": { "type": "Polygon", "coordinates": [ [ [ 720000.0, 6178100.0 ], [ 720100.0, 6178100.0 ], [ 720200.0, 6178100.0 ], [ 720300.0, 6178100.0 ], [ 720300.0, 6178200.0 ], [ 720300.0, 6178300.0 ], [ 720400.0, 6178300.0 ], [ 720500.0, 6178300.0 ], [ 720600.0, 6178300.0 ], [ 720700.0, 6178300.0 ], [ 720700.0, 6178200.0 ], [ 720700.0, 6178100.0 ], [ 720700.0, 6178000.0 ], [ 720800.0, 6178000.0 ], [ 720800.0, 6177900.0 ], [ 720700.0, 6177900.0 ], [ 720600.0, 6177900.0 ], [ 720500.0, 6177900.0 ], [ 720500.0, 6177800.0 ], [ 720400.0, 6177800.0 ], [ 720400.0, 6177900.0 ], [ 720300.0, 6177900.0 ], [ 720200.0, 6177900.0 ], [ 720200.0, 6178000.0 ], [ 720100.0, 6178000.0 ], [ 720000.0, 6178000.0 ], [ 720000.0, 6178100.0 ] ] ] } },
{ "type": "Feature", "properties": { "Shape_Area": 380000.0, "Shape_Leng": 3400.0, "cluster_id": "101_1206", "fid_1": 1206.0, "id_munic": 1206.0, "munic_clus": "101_1206", "munic_code": 101.0, "min": 3.3635458946228027, "max": 3.3635458946228027, "mean": 3.3635460702996505, "count": 38, "std": 1.7567684773567296e-07, "range": 0.0 }, "geometry": { "type": "Polygon", "coordinates": [ [ [ 725500.0, 6175400.0 ], [ 725400.0, 6175400.0 ], [ 725300.0, 6175400.0 ], [ 725200.0, 6175400.0 ], [ 725100.0, 6175400.0 ], [ 725100.0, 6175500.0 ], [ 725000.0, 6175500.0 ], [ 725000.0, 6175600.0 ], [ 724900.0, 6175600.0 ], [ 724900.0, 6175700.0 ], [ 724800.0, 6175700.0 ], [ 724800.0, 6175800.0 ], [ 724800.0, 6175900.0 ], [ 724900.0, 6175900.0 ], [ 725000.0, 6175900.0 ], [ 725000.0, 6176000.0 ], [ 725100.0, 6176000.0 ], [ 725200.0, 6176000.0 ], [ 725200.0, 6175900.0 ], [ 725300.0, 6175900.0 ], [ 725300.0, 6175800.0 ], [ 725400.0, 6175800.0 ], [ 725500.0, 6175800.0 ], [ 725600.0, 6175800.0 ], [ 725600.0, 6175700.0 ], [ 725600.0, 6175600.0 ], [ 725700.0, 6175600.0 ], [ 725700.0, 6175500.0 ], [ 725800.0, 6175500.0 ], [ 725800.0, 6175400.0 ], [ 725700.0, 6175400.0 ], [ 725700.0, 6175300.0 ], [ 725600.0, 6175300.0 ], [ 725500.0, 6175300.0 ], [ 725500.0, 6175400.0 ] ] ] } },
{ "type": "Feature", "properties": { "Shape_Area": 320000.0, "Shape_Leng": 2800.0, "cluster_id": "101_1207", "fid_1": 1207.0, "id_munic": 1207.0, "munic_clus": "101_1207", "munic_code": 101.0, "min": 3.5944690704345703, "max": 3.5944690704345703, "mean": 3.5944688320159912, "count": 32, "std": 2.384185791015625e-07, "range": 0.0 }, "geometry": { "type": "Polygon", "coordinates": [ [ [ 726400.0, 6172700.0 ], [ 726400.0, 6172800.0 ], [ 726400.0, 6172900.0 ], [ 726400.0, 6173000.0 ], [ 726500.0, 6173000.0 ], [ 726500.0, 6173100.0 ], [ 726500.0, 6173200.0 ], [ 726500.0, 6173300.0 ], [ 726600.0, 6173300.0 ], [ 726700.0, 6173300.0 ], [ 726700.0, 6173200.0 ], [ 726800.0, 6173200.0 ], [ 726900.0, 6173200.0 ], [ 726900.0, 6173100.0 ], [ 726900.0, 6173000.0 ], [ 727000.0, 6173000.0 ], [ 727100.0, 6173000.0 ], [ 727100.0, 6172900.0 ], [ 727100.0, 6172800.0 ], [ 727000.0, 6172800.0 ], [ 726900.0, 6172800.0 ], [ 726800.0, 6172800.0 ], [ 726800.0, 6172700.0 ], [ 726800.0, 6172600.0 ], [ 726700.0, 6172600.0 ], [ 726600.0, 6172600.0 ], [ 726500.0, 6172600.0 ], [ 726400.0, 6172600.0 ], [ 726400.0, 6172700.0 ] ] ] } },
{ "type": "Feature", "properties": { "Shape_Area": 100000.0, "Shape_Leng": 1600.0, "cluster_id": "147_1", "fid_1": 1209.0, "id_munic": 1.0, "munic_clus": "147_1", "munic_code": 147.0, "min": 2.1567816734313965, "max": 2.1567816734313965, "mean": 2.1567817687988282, "count": 10, "std": 9.5367431729442842e-08, "range": 0.0 }, "geometry": { "type": "Polygon", "coordinates": [ [ [ 721200.0, 6176400.0 ], [ 721100.0, 6176400.0 ], [ 721000.0, 6176400.0 ], [ 720900.0, 6176400.0 ], [ 720900.0, 6176500.0 ], [ 720800.0, 6176500.0 ], [ 720800.0, 6176600.0 ], [ 720900.0, 6176600.0 ], [ 720900.0, 6176700.0 ], [ 720900.0, 6176800.0 ], [ 721000.0, 6176800.0 ], [ 721000.0, 6176700.0 ], [ 721100.0, 6176700.0 ], [ 721100.0, 6176600.0 ], [ 721200.0, 6176600.0 ], [ 721200.0, 6176500.0 ], [ 721200.0, 6176400.0 ] ] ] } },
{ "type": "Feature", "properties": { "Shape_Area": 10000.0, "Shape_Leng": 400.0, "cluster_id": "147_2", "fid_1": 1210.0, "id_munic": 2.0, "munic_clus": "147_2", "munic_code": 147.0, "min": 3.2360882759094238, "max": 3.2360882759094238, "mean": 3.2360882759094238, "count": 1, "std": 0.0, "range": 0.0 }, "geometry": { "type": "Polygon", "coordinates": [ [ [ 722100.0, 6175000.0 ], [ 722100.0, 6175100.0 ], [ 722200.0, 6175100.0 ], [ 722200.0, 6175000.0 ], [ 722100.0, 6175000.0 ] ] ] } },
{ "type": "Feature", "properties": { "Shape_Area": 40000.0, "Shape_Leng": 1000.0, "cluster_id": "147_3", "fid_1": 1211.0, "id_munic": 3.0, "munic_clus": "147_3", "munic_code": 147.0, "min": 2.4550151824951172, "max": 2.4550151824951172, "mean": 2.4550151824951172, "count": 4, "std": 0.0, "range": 0.0 }, "geometry": { "type": "Polygon", "coordinates": [ [ [ 722200.0, 6174900.0 ], [ 722200.0, 6174800.0 ], [ 722100.0, 6174800.0 ], [ 722000.0, 6174800.0 ], [ 722000.0, 6174900.0 ], [ 722000.0, 6175000.0 ], [ 722000.0, 6175100.0 ], [ 722100.0, 6175100.0 ], [ 722100.0, 6175000.0 ], [ 722100.0, 6174900.0 ], [ 722200.0, 6174900.0 ] ] ] } },
{ "type": "Feature", "properties": { "Shape_Area": 50000.0, "Shape_Leng": 1200.0, "cluster_id": "147_4", "fid_1": 1212.0, "id_munic": 4.0, "munic_clus": "147_4", "munic_code": 147.0, "min": 2.9795069694519043, "max": 2.9795069694519043, "mean": 2.9795068740844726, "count": 5, "std": 9.5367431729442842e-08, "range": 0.0 }, "geometry": { "type": "Polygon", "coordinates": [ [ [ 722200.0, 6175000.0 ], [ 722200.0, 6175100.0 ], [ 722300.0, 6175100.0 ], [ 722400.0, 6175100.0 ], [ 722500.0, 6175100.0 ], [ 722500.0, 6175000.0 ], [ 722400.0, 6175000.0 ], [ 722300.0, 6175000.0 ], [ 722300.0, 6174900.0 ], [ 722200.0, 6174900.0 ], [ 722100.0, 6174900.0 ], [ 722100.0, 6175000.0 ], [ 722200.0, 6175000.0 ] ] ] } },
{ "type": "Feature", "properties": { "Shape_Area": 10000.0, "Shape_Leng": 400.0, "cluster_id": "147_5", "fid_1": 1213.0, "id_munic": 5.0, "munic_clus": "147_5", "munic_code": 147.0, "min": 3.1442852020263672, "max": 3.1442852020263672, "mean": 3.1442852020263672, "count": 1, "std": 0.0, "range": 0.0 }, "geometry": { "type": "Polygon", "coordinates": [ [ [ 721400.0, 6174600.0 ], [ 721400.0, 6174700.0 ], [ 721500.0, 6174700.0 ], [ 721500.0, 6174600.0 ], [ 721400.0, 6174600.0 ] ] ] } },
{ "type": "Feature", "properties": { "Shape_Area": 10000.0, "Shape_Leng": 400.0, "cluster_id": "147_6", "fid_1": 1214.0, "id_munic": 6.0, "munic_clus": "147_6", "munic_code": 147.0, "min": 3.3810403347015381, "max": 3.3810403347015381, "mean": 3.3810403347015381, "count": 1, "std": 0.0, "range": 0.0 }, "geometry": { "type": "Polygon", "coordinates": [ [ [ 720400.0, 6175400.0 ], [ 720400.0, 6175500.0 ], [ 720500.0, 6175500.0 ], [ 720500.0, 6175400.0 ], [ 720400.0, 6175400.0 ] ] ] } },
{ "type": "Feature", "properties": { "Shape_Area": 80000.0, "Shape_Leng": 1400.0, "cluster_id": "147_7", "fid_1": 1215.0, "id_munic": 7.0, "munic_clus": "147_7", "munic_code": 147.0, "min": 3.6931028366088867, "max": 3.6931028366088867, "mean": 3.6931033134460449, "count": 8, "std": 4.76837158203125e-07, "range": 0.0 }, "geometry": { "type": "Polygon", "coordinates": [ [ [ 720400.0, 6175500.0 ], [ 720300.0, 6175500.0 ], [ 720300.0, 6175600.0 ], [ 720300.0, 6175700.0 ], [ 720200.0, 6175700.0 ], [ 720200.0, 6175800.0 ], [ 720200.0, 6175900.0 ], [ 720300.0, 6175900.0 ], [ 720400.0, 6175900.0 ], [ 720400.0, 6175800.0 ], [ 720400.0, 6175700.0 ], [ 720500.0, 6175700.0 ], [ 720500.0, 6175600.0 ], [ 720500.0, 6175500.0 ], [ 720400.0, 6175500.0 ] ] ] } },
{ "type": "Feature", "properties": { "Shape_Area": 10000.0, "Shape_Leng": 400.0, "cluster_id": "147_8", "fid_1": 1216.0, "id_munic": 8.0, "munic_clus": "147_8", "munic_code": 147.0, "min": 4.3562154769897461, "max": 4.3562154769897461, "mean": 4.3562154769897461, "count": 1, "std": 0.0, "range": 0.0 }, "geometry": { "type": "Polygon", "coordinates": [ [ [ 720400.0, 6175300.0 ], [ 720400.0, 6175400.0 ], [ 720500.0, 6175400.0 ], [ 720500.0, 6175300.0 ], [ 720400.0, 6175300.0 ] ] ] } },
{ "type": "Feature", "properties": { "Shape_Area": 80000.0, "Shape_Leng": 1400.0, "cluster_id": "147_9", "fid_1": 1217.0, "id_munic": 9.0, "munic_clus": "147_9", "munic_code": 147.0, "min": 3.3085639476776123, "max": 3.3085639476776123, "mean": 3.3085637092590332, "count": 8, "std": 2.384185791015625e-07, "range": 0.0 }, "geometry": { "type": "Polygon", "coordinates": [ [ [ 720500.0, 6175300.0 ], [ 720500.0, 6175200.0 ], [ 720400.0, 6175200.0 ], [ 720300.0, 6175200.0 ], [ 720200.0, 6175200.0 ], [ 720200.0, 6175300.0 ], [ 720200.0, 6175400.0 ], [ 720100.0, 6175400.0 ], [ 720100.0, 6175500.0 ], [ 720200.0, 6175500.0 ], [ 720300.0, 6175500.0 ], [ 720400.0, 6175500.0 ], [ 720400.0, 6175400.0 ], [ 720400.0, 6175300.0 ], [ 720500.0, 6175300.0 ] ] ] } },
{ "type": "Feature", "properties": { "Shape_Area": 20000.0, "Shape_Leng": 600.0, "cluster_id": "147_10", "fid_1": 1218.0, "id_munic": 10.0, "munic_clus": "147_10", "munic_code": 147.0, "min": 2.4746756553649902, "max": 2.4746756553649902, "mean": 2.4746756553649902, "count": 2, "std": 0.0, "range": 0.0 }, "geometry": { "type": "Polygon", "coordinates": [ [ [ 722100.0, 6175200.0 ], [ 722100.0, 6175300.0 ], [ 722200.0, 6175300.0 ], [ 722200.0, 6175200.0 ], [ 722200.0, 6175100.0 ], [ 722100.0, 6175100.0 ], [ 722100.0, 6175200.0 ] ] ] } },
{ "type": "Feature", "properties": { "Shape_Area": 40000.0, "Shape_Leng": 800.0, "cluster_id": "147_11", "fid_1": 1219.0, "id_munic": 11.0, "munic_clus": "147_11", "munic_code": 147.0, "min": 2.3417191505432129, "max": 2.3417191505432129, "mean": 2.3417191505432129, "count": 4, "std": 0.0, "range": 0.0 }, "geometry": { "type": "Polygon", "coordinates": [ [ [ 720600.0, 6175700.0 ], [ 720500.0, 6175700.0 ], [ 720400.0, 6175700.0 ], [ 720400.0, 6175800.0 ], [ 720400.0, 6175900.0 ], [ 720500.0, 6175900.0 ], [ 720600.0, 6175900.0 ], [ 720600.0, 6175800.0 ], [ 720600.0, 6175700.0 ] ] ] } },
{ "type": "Feature", "properties": { "Shape_Area": 10000.0, "Shape_Leng": 400.0, "cluster_id": "147_12", "fid_1": 1220.0, "id_munic": 12.0, "munic_clus": "147_12", "munic_code": 147.0, "min": 2.9578478336334229, "max": 2.9578478336334229, "mean": 2.9578478336334229, "count": 1, "std": 0.0, "range": 0.0 }, "geometry": { "type": "Polygon", "coordinates": [ [ [ 720100.0, 6175800.0 ], [ 720100.0, 6175900.0 ], [ 720200.0, 6175900.0 ], [ 720200.0, 6175800.0 ], [ 720100.0, 6175800.0 ] ] ] } },
{ "type": "Feature", "properties": { "Shape_Area": 20000.0, "Shape_Leng": 600.0, "cluster_id": "147_13", "fid_1": 1221.0, "id_munic": 13.0, "munic_clus": "147_13", "munic_code": 147.0, "min": 3.3222265243530273, "max": 3.3222265243530273, "mean": 3.3222265243530273, "count": 2, "std": 0.0, "range": 0.0 }, "geometry": { "type": "Polygon", "coordinates": [ [ [ 720000.0, 6175800.0 ], [ 720000.0, 6175900.0 ], [ 720100.0, 6175900.0 ], [ 720100.0, 6175800.0 ], [ 720100.0, 6175700.0 ], [ 720000.0, 6175700.0 ], [ 720000.0, 6175800.0 ] ] ] } },
{ "type": "Feature", "properties": { "Shape_Area": 20000.0, "Shape_Leng": 600.0, "cluster_id": "147_14", "fid_1": 1222.0, "id_munic": 14.0, "munic_clus": "147_14", "munic_code": 147.0, "min": 2.5981342792510986, "max": 2.5981342792510986, "mean": 2.5981342792510986, "count": 2, "std": 0.0, "range": 0.0 }, "geometry": { "type": "Polygon", "coordinates": [ [ [ 720000.0, 6175300.0 ], [ 720000.0, 6175400.0 ], [ 720100.0, 6175400.0 ], [ 720100.0, 6175300.0 ], [ 720100.0, 6175200.0 ], [ 720000.0, 6175200.0 ], [ 720000.0, 6175300.0 ] ] ] } },
{ "type": "Feature", "properties": { "Shape_Area": 250000.0, "Shape_Leng": 2200.0, "cluster_id": "147_15", "fid_1": 1223.0, "id_munic": 15.0, "munic_clus": "147_15", "munic_code": 147.0, "min": 3.2935695648193359, "max": 3.2935695648193359, "mean": 3.2935699462890624, "count": 25, "std": 3.8146972647368221e-07, "range": 0.0 }, "geometry": { "type": "Polygon", "coordinates": [ [ [ 719600.0, 6175600.0 ], [ 719600.0, 6175700.0 ], [ 719600.0, 6175800.0 ], [ 719700.0, 6175800.0 ], [ 719800.0, 6175800.0 ], [ 719900.0, 6175800.0 ], [ 720000.0, 6175800.0 ], [ 720000.0, 6175700.0 ], [ 720000.0, 6175600.0 ], [ 720000.0, 6175500.0 ], [ 720100.0, 6175500.0 ], [ 720100.0, 6175400.0 ], [ 720000.0, 6175400.0 ], [ 720000.0, 6175300.0 ], [ 720000.0, 6175200.0 ], [ 719900.0, 6175200.0 ], [ 719800.0, 6175200.0 ], [ 719700.0, 6175200.0 ], [ 719600.0, 6175200.0 ], [ 719600.0, 6175300.0 ], [ 719600.0, 6175400.0 ], [ 719600.0, 6175500.0 ], [ 719600.0, 6175600.0 ] ] ] } },
{ "type": "Feature", "properties": { "Shape_Area": 70000.0, "Shape_Leng": 1200.0, "cluster_id": "147_16", "fid_1": 1224.0, "id_munic": 16.0, "munic_clus": "147_16", "munic_code": 147.0, "min": 3.2525830268859863, "max": 3.2525830268859863, "mean": 3.2525830950055803, "count": 7, "std": 6.8119593965576541e-08, "range": 0.0 }, "geometry": { "type": "Polygon", "coordinates": [ [ [ 720300.0, 6175500.0 ], [ 720200.0, 6175500.0 ], [ 720100.0, 6175500.0 ], [ 720000.0, 6175500.0 ], [ 720000.0, 6175600.0 ], [ 720000.0, 6175700.0 ], [ 720100.0, 6175700.0 ], [ 720100.0, 6175800.0 ], [ 720200.0, 6175800.0 ], [ 720200.0, 6175700.0 ], [ 720300.0, 6175700.0 ], [ 720300.0, 6175600.0 ], [ 720300.0, 6175500.0 ] ] ] } },
{ "type": "Feature", "properties": { "Shape_Area": 10000.0, "Shape_Leng": 400.0, "cluster_id": "147_17", "fid_1": 1225.0, "id_munic": 17.0, "munic_clus": "147_17", "munic_code": 147.0, "min": 3.6837723255157471, "max": 3.6837723255157471, "mean": 3.6837723255157471, "count": 1, "std": 0.0, "range": 0.0 }, "geometry": { "type": "Polygon", "coordinates": [ [ [ 719800.0, 6175800.0 ], [ 719800.0, 6175900.0 ], [ 719900.0, 6175900.0 ], [ 719900.0, 6175800.0 ], [ 719800.0, 6175800.0 ] ] ] } },
{ "type": "Feature", "properties": { "Shape_Area": 10000.0, "Shape_Leng": 400.0, "cluster_id": "147_18", "fid_1": 1226.0, "id_munic": 18.0, "munic_clus": "147_18", "munic_code": 147.0, "min": 3.6956019401550293, "max": 3.6956019401550293, "mean": 3.6956019401550293, "count": 1, "std": 0.0, "range": 0.0 }, "geometry": { "type": "Polygon", "coordinates": [ [ [ 719700.0, 6175800.0 ], [ 719700.0, 6175900.0 ], [ 719800.0, 6175900.0 ], [ 719800.0, 6175800.0 ], [ 719700.0, 6175800.0 ] ] ] } },
{ "type": "Feature", "properties": { "Shape_Area": 10000.0, "Shape_Leng": 400.0, "cluster_id": "147_19", "fid_1": 1227.0, "id_munic": 19.0, "munic_clus": "147_19", "munic_code": 147.0, "min": 2.6254584789276123, "max": 2.6254584789276123, "mean": 2.6254584789276123, "count": 1, "std": 0.0, "range": 0.0 }, "geometry": { "type": "Polygon", "coordinates": [ [ [ 719600.0, 6175800.0 ], [ 719600.0, 6175900.0 ], [ 719700.0, 6175900.0 ], [ 719700.0, 6175800.0 ], [ 719600.0, 6175800.0 ] ] ] } },
{ "type": "Feature", "properties": { "Shape_Area": 20000.0, "Shape_Leng": 600.0, "cluster_id": "147_20", "fid_1": 1228.0, "id_munic": 20.0, "munic_clus": "147_20", "munic_code": 147.0, "min": 2.8258914947509766, "max": 2.8258914947509766, "mean": 2.8258914947509766, "count": 2, "std": 0.0, "range": 0.0 }, "geometry": { "type": "Polygon", "coordinates": [ [ [ 719700.0, 6176000.0 ], [ 719800.0, 6176000.0 ], [ 719900.0, 6176000.0 ], [ 719900.0, 6175900.0 ], [ 719800.0, 6175900.0 ], [ 719700.0, 6175900.0 ], [ 719700.0, 6176000.0 ] ] ] } },
{ "type": "Feature", "properties": { "Shape_Area": 180000.0, "Shape_Leng": 2200.0, "cluster_id": "147_21", "fid_1": 1229.0, "id_munic": 21.0, "munic_clus": "147_21", "munic_code": 147.0, "min": 3.727590799331665, "max": 3.727590799331665, "mean": 3.7275911966959634, "count": 18, "std": 3.9736429835457443e-07, "range": 0.0 }, "geometry": { "type": "Polygon", "coordinates": [ [ [ 719900.0, 6176300.0 ], [ 719800.0, 6176300.0 ], [ 719700.0, 6176300.0 ], [ 719700.0, 6176400.0 ], [ 719700.0, 6176500.0 ], [ 719800.0, 6176500.0 ], [ 719800.0, 6176600.0 ], [ 719900.0, 6176600.0 ], [ 719900.0, 6176700.0 ], [ 720000.0, 6176700.0 ], [ 720000.0, 6176800.0 ], [ 720100.0, 6176800.0 ], [ 720200.0, 6176800.0 ], [ 720300.0, 6176800.0 ], [ 720300.0, 6176700.0 ], [ 720200.0, 6176700.0 ], [ 720200.0, 6176600.0 ], [ 720200.0, 6176500.0 ], [ 720100.0, 6176500.0 ], [ 720100.0, 6176400.0 ], [ 720100.0, 6176300.0 ], [ 720000.0, 6176300.0 ], [ 719900.0, 6176300.0 ] ] ] } },
{ "type": "Feature", "properties": { "Shape_Area": 30000.0, "Shape_Leng": 800.0, "cluster_id": "147_22", "fid_1": 1230.0, "id_munic": 22.0, "munic_clus": "147_22", "munic_code": 147.0, "min": 3.4106965065002441, "max": 3.4106965065002441, "mean": 3.4106966654459634, "count": 3, "std": 1.5894571925301193e-07, "range": 0.0 }, "geometry": { "type": "Polygon", "coordinates": [ [ [ 720200.0, 6176700.0 ], [ 720300.0, 6176700.0 ], [ 720400.0, 6176700.0 ], [ 720500.0, 6176700.0 ], [ 720500.0, 6176600.0 ], [ 720400.0, 6176600.0 ], [ 720300.0, 6176600.0 ], [ 720200.0, 6176600.0 ], [ 720200.0, 6176700.0 ] ] ] } },
{ "type": "Feature", "properties": { "Shape_Area": 10000.0, "Shape_Leng": 400.0, "cluster_id": "147_23", "fid_1": 1231.0, "id_munic": 23.0, "munic_clus": "147_23", "munic_code": 147.0, "min": 3.9420199394226074, "max": 3.9420199394226074, "mean": 3.9420199394226074, "count": 1, "std": 0.0, "range": 0.0 }, "geometry": { "type": "Polygon", "coordinates": [ [ [ 720700.0, 6176400.0 ], [ 720700.0, 6176500.0 ], [ 720800.0, 6176500.0 ], [ 720800.0, 6176400.0 ], [ 720700.0, 6176400.0 ] ] ] } },
{ "type": "Feature", "properties": { "Shape_Area": 20000.0, "Shape_Leng": 600.0, "cluster_id": "147_24", "fid_1": 1232.0, "id_munic": 24.0, "munic_clus": "147_24", "munic_code": 147.0, "min": 4.2085981369018555, "max": 4.2085981369018555, "mean": 4.2085981369018555, "count": 2, "std": 0.0, "range": 0.0 }, "geometry": { "type": "Polygon", "coordinates": [ [ [ 720500.0, 6176400.0 ], [ 720600.0, 6176400.0 ], [ 720700.0, 6176400.0 ], [ 720700.0, 6176300.0 ], [ 720600.0, 6176300.0 ], [ 720500.0, 6176300.0 ], [ 720500.0, 6176400.0 ] ] ] } },
{ "type": "Feature", "properties": { "Shape_Area": 10000.0, "Shape_Leng": 400.0, "cluster_id": "147_25", "fid_1": 1233.0, "id_munic": 25.0, "munic_clus": "147_25", "munic_code": 147.0, "min": 2.8128960132598877, "max": 2.8128960132598877, "mean": 2.8128960132598877, "count": 1, "std": 0.0, "range": 0.0 }, "geometry": { "type": "Polygon", "coordinates": [ [ [ 722400.0, 6176400.0 ], [ 722400.0, 6176500.0 ], [ 722500.0, 6176500.0 ], [ 722500.0, 6176400.0 ], [ 722400.0, 6176400.0 ] ] ] } },
{ "type": "Feature", "properties": { "Shape_Area": 20000.0, "Shape_Leng": 600.0, "cluster_id": "147_26", "fid_1": 1234.0, "id_munic": 26.0, "munic_clus": "147_26", "munic_code": 147.0, "min": 2.3667113780975342, "max": 2.3667113780975342, "mean": 2.3667113780975342, "count": 2, "std": 0.0, "range": 0.0 }, "geometry": { "type": "Polygon", "coordinates": [ [ [ 722500.0, 6176600.0 ], [ 722500.0, 6176700.0 ], [ 722600.0, 6176700.0 ], [ 722600.0, 6176600.0 ], [ 722600.0, 6176500.0 ], [ 722500.0, 6176500.0 ], [ 722500.0, 6176600.0 ] ] ] } },
{ "type": "Feature", "properties": { "Shape_Area": 10000.0, "Shape_Leng": 400.0, "cluster_id": "147_27", "fid_1": 1235.0, "id_munic": 27.0, "munic_clus": "147_27", "munic_code": 147.0, "min": 2.2624127864837646, "max": 2.2624127864837646, "mean": 2.2624127864837646, "count": 1, "std": 0.0, "range": 0.0 }, "geometry": { "type": "Polygon", "coordinates": [ [ [ 722500.0, 6176400.0 ], [ 722500.0, 6176500.0 ], [ 722600.0, 6176500.0 ], [ 722600.0, 6176400.0 ], [ 722500.0, 6176400.0 ] ] ] } },
{ "type": "Feature", "properties": { "Shape_Area": 10000.0, "Shape_Leng": 400.0, "cluster_id": "147_28", "fid_1": 1236.0, "id_munic": 28.0, "munic_clus": "147_28", "munic_code": 147.0, "min": 3.9611802101135254, "max": 3.9611802101135254, "mean": 3.9611802101135254, "count": 1, "std": 0.0, "range": 0.0 }, "geometry": { "type": "Polygon", "coordinates": [ [ [ 722400.0, 6176600.0 ], [ 722400.0, 6176700.0 ], [ 722500.0, 6176700.0 ], [ 722500.0, 6176600.0 ], [ 722400.0, 6176600.0 ] ] ] } },
{ "type": "Feature", "properties": { "Shape_Area": 20000.0, "Shape_Leng": 600.0, "cluster_id": "147_29", "fid_1": 1237.0, "id_munic": 29.0, "munic_clus": "147_29", "munic_code": 147.0, "min": 1.8572143316268921, "max": 1.8572143316268921, "mean": 1.8572143316268921, "count": 2, "std": 0.0, "range": 0.0 }, "geometry": { "type": "Polygon", "coordinates": [ [ [ 722300.0, 6176600.0 ], [ 722400.0, 6176600.0 ], [ 722500.0, 6176600.0 ], [ 722500.0, 6176500.0 ], [ 722400.0, 6176500.0 ], [ 722300.0, 6176500.0 ], [ 722300.0, 6176600.0 ] ] ] } },
{ "type": "Feature", "properties": { "Shape_Area": 20000.0, "Shape_Leng": 600.0, "cluster_id": "147_30", "fid_1": 1238.0, "id_munic": 30.0, "munic_clus": "147_30", "munic_code": 147.0, "min": 3.0186607837677002, "max": 3.0186607837677002, "mean": 3.0186607837677002, "count": 2, "std": 0.0, "range": 0.0 }, "geometry": { "type": "Polygon", "coordinates": [ [ [ 722200.0, 6175200.0 ], [ 722200.0, 6175300.0 ], [ 722300.0, 6175300.0 ], [ 722300.0, 6175200.0 ], [ 722300.0, 6175100.0 ], [ 722200.0, 6175100.0 ], [ 722200.0, 6175200.0 ] ] ] } },
{ "type": "Feature", "properties": { "Shape_Area": 10000.0, "Shape_Leng": 400.0, "cluster_id": "147_31", "fid_1": 1239.0, "id_munic": 31.0, "munic_clus": "147_31", "munic_code": 147.0, "min": 3.4223592281341553, "max": 3.4223592281341553, "mean": 3.4223592281341553, "count": 1, "std": 0.0, "range": 0.0 }, "geometry": { "type": "Polygon", "coordinates": [ [ [ 722600.0, 6176500.0 ], [ 722600.0, 6176600.0 ], [ 722700.0, 6176600.0 ], [ 722700.0, 6176500.0 ], [ 722600.0, 6176500.0 ] ] ] } },
{ "type": "Feature", "properties": { "Shape_Area": 10000.0, "Shape_Leng": 400.0, "cluster_id": "147_32", "fid_1": 1240.0, "id_munic": 32.0, "munic_clus": "147_32", "munic_code": 147.0, "min": 2.4025325775146484, "max": 2.4025325775146484, "mean": 2.4025325775146484, "count": 1, "std": 0.0, "range": 0.0 }, "geometry": { "type": "Polygon", "coordinates": [ [ [ 723000.0, 6176300.0 ], [ 723000.0, 6176400.0 ], [ 723100.0, 6176400.0 ], [ 723100.0, 6176300.0 ], [ 723000.0, 6176300.0 ] ] ] } },
{ "type": "Feature", "properties": { "Shape_Area": 10000.0, "Shape_Leng": 400.0, "cluster_id": "147_33", "fid_1": 1241.0, "id_munic": 33.0, "munic_clus": "147_33", "munic_code": 147.0, "min": 2.9358546733856201, "max": 2.9358546733856201, "mean": 2.9358546733856201, "count": 1, "std": 0.0, "range": 0.0 }, "geometry": { "type": "Polygon", "coordinates": [ [ [ 723000.0, 6176200.0 ], [ 723000.0, 6176300.0 ], [ 723100.0, 6176300.0 ], [ 723100.0, 6176200.0 ], [ 723000.0, 6176200.0 ] ] ] } },
{ "type": "Feature", "properties": { "Shape_Area": 60000.0, "Shape_Leng": 1200.0, "cluster_id": "147_34", "fid_1": 1242.0, "id_munic": 34.0, "munic_clus": "147_34", "munic_code": 147.0, "min": 2.7324225902557373, "max": 2.7324225902557373, "mean": 2.7324225107828775, "count": 6, "std": 7.947285984855057e-08, "range": 0.0 }, "geometry": { "type": "Polygon", "coordinates": [ [ [ 722600.0, 6176400.0 ], [ 722600.0, 6176500.0 ], [ 722700.0, 6176500.0 ], [ 722700.0, 6176600.0 ], [ 722800.0, 6176600.0 ], [ 722900.0, 6176600.0 ], [ 722900.0, 6176500.0 ], [ 722900.0, 6176400.0 ], [ 722800.0, 6176400.0 ], [ 722800.0, 6176300.0 ], [ 722700.0, 6176300.0 ], [ 722700.0, 6176400.0 ], [ 722600.0, 6176400.0 ] ] ] } },
{ "type": "Feature", "properties": { "Shape_Area": 20000.0, "Shape_Leng": 600.0, "cluster_id": "147_35", "fid_1": 1243.0, "id_munic": 35.0, "munic_clus": "147_35", "munic_code": 147.0, "min": 3.7954015731811523, "max": 3.7954015731811523, "mean": 3.7954015731811523, "count": 2, "std": 0.0, "range": 0.0 }, "geometry": { "type": "Polygon", "coordinates": [ [ [ 723000.0, 6176500.0 ], [ 723100.0, 6176500.0 ], [ 723200.0, 6176500.0 ], [ 723200.0, 6176400.0 ], [ 723100.0, 6176400.0 ], [ 723000.0, 6176400.0 ], [ 723000.0, 6176500.0 ] ] ] } },
{ "type": "Feature", "properties": { "Shape_Area": 10000.0, "Shape_Leng": 400.0, "cluster_id": "147_36", "fid_1": 1244.0, "id_munic": 36.0, "munic_clus": "147_36", "munic_code": 147.0, "min": 2.7044322490692139, "max": 2.7044322490692139, "mean": 2.7044322490692139, "count": 1, "std": 0.0, "range": 0.0 }, "geometry": { "type": "Polygon", "coordinates": [ [ [ 722300.0, 6176400.0 ], [ 722300.0, 6176500.0 ], [ 722400.0, 6176500.0 ], [ 722400.0, 6176400.0 ], [ 722300.0, 6176400.0 ] ] ] } },
{ "type": "Feature", "properties": { "Shape_Area": 20000.0, "Shape_Leng": 600.0, "cluster_id": "147_37", "fid_1": 1245.0, "id_munic": 37.0, "munic_clus": "147_37", "munic_code": 147.0, "min": 2.4986672401428223, "max": 2.4986672401428223, "mean": 2.4986672401428223, "count": 2, "std": 0.0, "range": 0.0 }, "geometry": { "type": "Polygon", "coordinates": [ [ [ 722200.0, 6176400.0 ], [ 722300.0, 6176400.0 ], [ 722400.0, 6176400.0 ], [ 722400.0, 6176300.0 ], [ 722300.0, 6176300.0 ], [ 722200.0, 6176300.0 ], [ 722200.0, 6176400.0 ] ] ] } },
{ "type": "Feature", "properties": { "Shape_Area": 30000.0, "Shape_Leng": 800.0, "cluster_id": "147_38", "fid_1": 1246.0, "id_munic": 38.0, "munic_clus": "147_38", "munic_code": 147.0, "min": 2.9731762409210205, "max": 2.9731762409210205, "mean": 2.9731763203938804, "count": 3, "std": 7.947285984855057e-08, "range": 0.0 }, "geometry": { "type": "Polygon", "coordinates": [ [ [ 722800.0, 6176400.0 ], [ 722900.0, 6176400.0 ], [ 722900.0, 6176500.0 ], [ 723000.0, 6176500.0 ], [ 723000.0, 6176400.0 ], [ 723000.0, 6176300.0 ], [ 722900.0, 6176300.0 ], [ 722800.0, 6176300.0 ], [ 722800.0, 6176400.0 ] ] ] } },
{ "type": "Feature", "properties": { "Shape_Area": 20000.0, "Shape_Leng": 600.0, "cluster_id": "147_39", "fid_1": 1247.0, "id_munic": 39.0, "munic_clus": "147_39", "munic_code": 147.0, "min": 2.7532494068145752, "max": 2.7532494068145752, "mean": 2.7532494068145752, "count": 2, "std": 0.0, "range": 0.0 }, "geometry": { "type": "Polygon", "coordinates": [ [ [ 721500.0, 6176500.0 ], [ 721600.0, 6176500.0 ], [ 721700.0, 6176500.0 ], [ 721700.0, 6176400.0 ], [ 721600.0, 6176400.0 ], [ 721500.0, 6176400.0 ], [ 721500.0, 6176500.0 ] ] ] } },
{ "type": "Feature", "properties": { "Shape_Area": 10000.0, "Shape_Leng": 400.0, "cluster_id": "147_40", "fid_1": 1248.0, "id_munic": 40.0, "munic_clus": "147_40", "munic_code": 147.0, "min": 4.3535490036010742, "max": 4.3535490036010742, "mean": 4.3535490036010742, "count": 1, "std": 0.0, "range": 0.0 }, "geometry": { "type": "Polygon", "coordinates": [ [ [ 721600.0, 6176500.0 ], [ 721600.0, 6176600.0 ], [ 721700.0, 6176600.0 ], [ 721700.0, 6176500.0 ], [ 721600.0, 6176500.0 ] ] ] } },
{ "type": "Feature", "properties": { "Shape_Area": 40000.0, "Shape_Leng": 800.0, "cluster_id": "147_41", "fid_1": 1249.0, "id_munic": 41.0, "munic_clus": "147_41", "munic_code": 147.0, "min": 2.9211931228637695, "max": 2.9211931228637695, "mean": 2.9211931228637695, "count": 4, "std": 0.0, "range": 0.0 }, "geometry": { "type": "Polygon", "coordinates": [ [ [ 722200.0, 6176200.0 ], [ 722100.0, 6176200.0 ], [ 722000.0, 6176200.0 ], [ 722000.0, 6176300.0 ], [ 722000.0, 6176400.0 ], [ 722100.0, 6176400.0 ], [ 722200.0, 6176400.0 ], [ 722200.0, 6176300.0 ], [ 722200.0, 6176200.0 ] ] ] } },
{ "type": "Feature", "properties": { "Shape_Area": 10000.0, "Shape_Leng": 400.0, "cluster_id": "147_42", "fid_1": 1250.0, "id_munic": 42.0, "munic_clus": "147_42", "munic_code": 147.0, "min": 4.4990015029907227, "max": 4.4990015029907227, "mean": 4.4990015029907227, "count": 1, "std": 0.0, "range": 0.0 }, "geometry": { "type": "Polygon", "coordinates": [ [ [ 722100.0, 6176100.0 ], [ 722100.0, 6176200.0 ], [ 722200.0, 6176200.0 ], [ 722200.0, 6176100.0 ], [ 722100.0, 6176100.0 ] ] ] } },
{ "type": "Feature", "properties": { "Shape_Area": 20000.0, "Shape_Leng": 600.0, "cluster_id": "147_43", "fid_1": 1251.0, "id_munic": 43.0, "munic_clus": "147_43", "munic_code": 147.0, "min": 3.4918360710144043, "max": 3.4918360710144043, "mean": 3.4918360710144043, "count": 2, "std": 0.0, "range": 0.0 }, "geometry": { "type": "Polygon", "coordinates": [ [ [ 721800.0, 6176500.0 ], [ 721900.0, 6176500.0 ], [ 722000.0, 6176500.0 ], [ 722000.0, 6176400.0 ], [ 721900.0, 6176400.0 ], [ 721800.0, 6176400.0 ], [ 721800.0, 6176500.0 ] ] ] } },
{ "type": "Feature", "properties": { "Shape_Area": 10000.0, "Shape_Leng": 400.0, "cluster_id": "147_44", "fid_1": 1252.0, "id_munic": 44.0, "munic_clus": "147_44", "munic_code": 147.0, "min": 2.0861384868621826, "max": 2.0861384868621826, "mean": 2.0861384868621826, "count": 1, "std": 0.0, "range": 0.0 }, "geometry": { "type": "Polygon", "coordinates": [ [ [ 721700.0, 6176400.0 ], [ 721700.0, 6176500.0 ], [ 721800.0, 6176500.0 ], [ 721800.0, 6176400.0 ], [ 721700.0, 6176400.0 ] ] ] } },
{ "type": "Feature", "properties": { "Shape_Area": 20000.0, "Shape_Leng": 600.0, "cluster_id": "147_45", "fid_1": 1253.0, "id_munic": 45.0, "munic_clus": "147_45", "munic_code": 147.0, "min": 3.2365877628326416, "max": 3.2365877628326416, "mean": 3.2365877628326416, "count": 2, "std": 0.0, "range": 0.0 }, "geometry": { "type": "Polygon", "coordinates": [ [ [ 721600.0, 6176200.0 ], [ 721700.0, 6176200.0 ], [ 721800.0, 6176200.0 ], [ 721800.0, 6176100.0 ], [ 721700.0, 6176100.0 ], [ 721600.0, 6176100.0 ], [ 721600.0, 6176200.0 ] ] ] } },
{ "type": "Feature", "properties": { "Shape_Area": 30000.0, "Shape_Leng": 800.0, "cluster_id": "147_46", "fid_1": 1254.0, "id_munic": 46.0, "munic_clus": "147_46", "munic_code": 147.0, "min": 3.3497169017791748, "max": 3.3497169017791748, "mean": 3.349716822306315, "count": 3, "std": 7.947285984855057e-08, "range": 0.0 }, "geometry": { "type": "Polygon", "coordinates": [ [ [ 721600.0, 6176100.0 ], [ 721700.0, 6176100.0 ], [ 721800.0, 6176100.0 ], [ 721900.0, 6176100.0 ], [ 721900.0, 6176000.0 ], [ 721800.0, 6176000.0 ], [ 721700.0, 6176000.0 ], [ 721600.0, 6176000.0 ], [ 721600.0, 6176100.0 ] ] ] } },
{ "type": "Feature", "properties": { "Shape_Area": 10000.0, "Shape_Leng": 400.0, "cluster_id": "147_47", "fid_1": 1255.0, "id_munic": 47.0, "munic_clus": "147_47", "munic_code": 147.0, "min": 2.0281574726104736, "max": 2.0281574726104736, "mean": 2.0281574726104736, "count": 1, "std": 0.0, "range": 0.0 }, "geometry": { "type": "Polygon", "coordinates": [ [ [ 722200.0, 6176500.0 ], [ 722200.0, 6176600.0 ], [ 722300.0, 6176600.0 ], [ 722300.0, 6176500.0 ], [ 722200.0, 6176500.0 ] ] ] } },
{ "type": "Feature", "properties": { "Shape_Area": 20000.0, "Shape_Leng": 600.0, "cluster_id": "147_48", "fid_1": 1256.0, "id_munic": 48.0, "munic_clus": "147_48", "munic_code": 147.0, "min": 2.5499837398529053, "max": 2.5499837398529053, "mean": 2.5499837398529053, "count": 2, "std": 0.0, "range": 0.0 }, "geometry": { "type": "Polygon", "coordinates": [ [ [ 721700.0, 6176600.0 ], [ 721700.0, 6176700.0 ], [ 721800.0, 6176700.0 ], [ 721800.0, 6176600.0 ], [ 721800.0, 6176500.0 ], [ 721700.0, 6176500.0 ], [ 721700.0, 6176600.0 ] ] ] } },
{ "type": "Feature", "properties": { "Shape_Area": 20000.0, "Shape_Leng": 600.0, "cluster_id": "147_49", "fid_1": 1257.0, "id_munic": 49.0, "munic_clus": "147_49", "munic_code": 147.0, "min": 2.4601802825927734, "max": 2.4601802825927734, "mean": 2.4601802825927734, "count": 2, "std": 0.0, "range": 0.0 }, "geometry": { "type": "Polygon", "coordinates": [ [ [ 721600.0, 6176700.0 ], [ 721600.0, 6176800.0 ], [ 721700.0, 6176800.0 ], [ 721700.0, 6176700.0 ], [ 721700.0, 6176600.0 ], [ 721600.0, 6176600.0 ], [ 721600.0, 6176700.0 ] ] ] } },
{ "type": "Feature", "properties": { "Shape_Area": 20000.0, "Shape_Leng": 600.0, "cluster_id": "147_50", "fid_1": 1258.0, "id_munic": 50.0, "munic_clus": "147_50", "munic_code": 147.0, "min": 2.2835726737976074, "max": 2.2835726737976074, "mean": 2.2835726737976074, "count": 2, "std": 0.0, "range": 0.0 }, "geometry": { "type": "Polygon", "coordinates": [ [ [ 722200.0, 6176700.0 ], [ 722300.0, 6176700.0 ], [ 722400.0, 6176700.0 ], [ 722400.0, 6176600.0 ], [ 722300.0, 6176600.0 ], [ 722200.0, 6176600.0 ], [ 722200.0, 6176700.0 ] ] ] } },
{ "type": "Feature", "properties": { "Shape_Area": 20000.0, "Shape_Leng": 600.0, "cluster_id": "147_51", "fid_1": 1259.0, "id_munic": 51.0, "munic_clus": "147_51", "munic_code": 147.0, "min": 2.6054651737213135, "max": 2.6054651737213135, "mean": 2.6054651737213135, "count": 2, "std": 0.0, "range": 0.0 }, "geometry": { "type": "Polygon", "coordinates": [ [ [ 722100.0, 6175400.0 ], [ 722100.0, 6175500.0 ], [ 722200.0, 6175500.0 ], [ 722200.0, 6175400.0 ], [ 722200.0, 6175300.0 ], [ 722100.0, 6175300.0 ], [ 722100.0, 6175400.0 ] ] ] } },
{ "type": "Feature", "properties": { "Shape_Area": 20000.0, "Shape_Leng": 600.0, "cluster_id": "147_52", "fid_1": 1260.0, "id_munic": 52.0, "munic_clus": "147_52", "munic_code": 147.0, "min": 2.836721658706665, "max": 2.836721658706665, "mean": 2.836721658706665, "count": 2, "std": 0.0, "range": 0.0 }, "geometry": { "type": "Polygon", "coordinates": [ [ [ 722200.0, 6176800.0 ], [ 722300.0, 6176800.0 ], [ 722400.0, 6176800.0 ], [ 722400.0, 6176700.0 ], [ 722300.0, 6176700.0 ], [ 722200.0, 6176700.0 ], [ 722200.0, 6176800.0 ] ] ] } },
{ "type": "Feature", "properties": { "Shape_Area": 10000.0, "Shape_Leng": 400.0, "cluster_id": "147_53", "fid_1": 1261.0, "id_munic": 53.0, "munic_clus": "147_53", "munic_code": 147.0, "min": 3.1447856426239014, "max": 3.1447856426239014, "mean": 3.1447856426239014, "count": 1, "std": 0.0, "range": 0.0 }, "geometry": { "type": "Polygon", "coordinates": [ [ [ 722100.0, 6176700.0 ], [ 722100.0, 6176800.0 ], [ 722200.0, 6176800.0 ], [ 722200.0, 6176700.0 ], [ 722100.0, 6176700.0 ] ] ] } },
{ "type": "Feature", "properties": { "Shape_Area": 10000.0, "Shape_Leng": 400.0, "cluster_id": "147_54", "fid_1": 1262.0, "id_munic": 54.0, "munic_clus": "147_54", "munic_code": 147.0, "min": 3.684438943862915, "max": 3.684438943862915, "mean": 3.684438943862915, "count": 1, "std": 0.0, "range": 0.0 }, "geometry": { "type": "Polygon", "coordinates": [ [ [ 721900.0, 6176500.0 ], [ 721900.0, 6176600.0 ], [ 722000.0, 6176600.0 ], [ 722000.0, 6176500.0 ], [ 721900.0, 6176500.0 ] ] ] } },
{ "type": "Feature", "properties": { "Shape_Area": 10000.0, "Shape_Leng": 400.0, "cluster_id": "147_55", "fid_1": 1263.0, "id_munic": 55.0, "munic_clus": "147_55", "munic_code": 147.0, "min": 3.3722095489501953, "max": 3.3722095489501953, "mean": 3.3722095489501953, "count": 1, "std": 0.0, "range": 0.0 }, "geometry": { "type": "Polygon", "coordinates": [ [ [ 722000.0, 6176500.0 ], [ 722000.0, 6176600.0 ], [ 722100.0, 6176600.0 ], [ 722100.0, 6176500.0 ], [ 722000.0, 6176500.0 ] ] ] } },
{ "type": "Feature", "properties": { "Shape_Area": 20000.0, "Shape_Leng": 600.0, "cluster_id": "147_56", "fid_1": 1264.0, "id_munic": 56.0, "munic_clus": "147_56", "munic_code": 147.0, "min": 2.5596470832824707, "max": 2.5596470832824707, "mean": 2.5596470832824707, "count": 2, "std": 0.0, "range": 0.0 }, "geometry": { "type": "Polygon", "coordinates": [ [ [ 722100.0, 6176500.0 ], [ 722200.0, 6176500.0 ], [ 722300.0, 6176500.0 ], [ 722300.0, 6176400.0 ], [ 722200.0, 6176400.0 ], [ 722100.0, 6176400.0 ], [ 722100.0, 6176500.0 ] ] ] } },
{ "type": "Feature", "properties": { "Shape_Area": 20000.0, "Shape_Leng": 600.0, "cluster_id": "147_57", "fid_1": 1265.0, "id_munic": 57.0, "munic_clus": "147_57", "munic_code": 147.0, "min": 2.7950682640075684, "max": 2.7950682640075684, "mean": 2.7950682640075684, "count": 2, "std": 0.0, "range": 0.0 }, "geometry": { "type": "Polygon", "coordinates": [ [ [ 722100.0, 6176600.0 ], [ 722100.0, 6176700.0 ], [ 722200.0, 6176700.0 ], [ 722200.0, 6176600.0 ], [ 722200.0, 6176500.0 ], [ 722100.0, 6176500.0 ], [ 722100.0, 6176600.0 ] ] ] } },
{ "type": "Feature", "properties": { "Shape_Area": 20000.0, "Shape_Leng": 600.0, "cluster_id": "147_58", "fid_1": 1266.0, "id_munic": 58.0, "munic_clus": "147_58", "munic_code": 147.0, "min": 2.5306568145751953, "max": 2.5306568145751953, "mean": 2.5306568145751953, "count": 2, "std": 0.0, "range": 0.0 }, "geometry": { "type": "Polygon", "coordinates": [ [ [ 721800.0, 6176600.0 ], [ 721800.0, 6176700.0 ], [ 721900.0, 6176700.0 ], [ 721900.0, 6176600.0 ], [ 721900.0, 6176500.0 ], [ 721800.0, 6176500.0 ], [ 721800.0, 6176600.0 ] ] ] } },
{ "type": "Feature", "properties": { "Shape_Area": 10000.0, "Shape_Leng": 400.0, "cluster_id": "147_59", "fid_1": 1267.0, "id_munic": 59.0, "munic_clus": "147_59", "munic_code": 147.0, "min": 3.3567149639129639, "max": 3.3567149639129639, "mean": 3.3567149639129639, "count": 1, "std": 0.0, "range": 0.0 }, "geometry": { "type": "Polygon", "coordinates": [ [ [ 722000.0, 6176400.0 ], [ 722000.0, 6176500.0 ], [ 722100.0, 6176500.0 ], [ 722100.0, 6176400.0 ], [ 722000.0, 6176400.0 ] ] ] } },
{ "type": "Feature", "properties": { "Shape_Area": 10000.0, "Shape_Leng": 400.0, "cluster_id": "147_60", "fid_1": 1268.0, "id_munic": 60.0, "munic_clus": "147_60", "munic_code": 147.0, "min": 2.47001051902771, "max": 2.47001051902771, "mean": 2.47001051902771, "count": 1, "std": 0.0, "range": 0.0 }, "geometry": { "type": "Polygon", "coordinates": [ [ [ 721700.0, 6176900.0 ], [ 721700.0, 6177000.0 ], [ 721800.0, 6177000.0 ], [ 721800.0, 6176900.0 ], [ 721700.0, 6176900.0 ] ] ] } },
{ "type": "Feature", "properties": { "Shape_Area": 20000.0, "Shape_Leng": 600.0, "cluster_id": "147_61", "fid_1": 1269.0, "id_munic": 61.0, "munic_clus": "147_61", "munic_code": 147.0, "min": 3.2519168853759766, "max": 3.2519168853759766, "mean": 3.2519168853759766, "count": 2, "std": 0.0, "range": 0.0 }, "geometry": { "type": "Polygon", "coordinates": [ [ [ 721700.0, 6176800.0 ], [ 721700.0, 6176900.0 ], [ 721800.0, 6176900.0 ], [ 721800.0, 6176800.0 ], [ 721800.0, 6176700.0 ], [ 721700.0, 6176700.0 ], [ 721700.0, 6176800.0 ] ] ] } },
{ "type": "Feature", "properties": { "Shape_Area": 10000.0, "Shape_Leng": 400.0, "cluster_id": "147_62", "fid_1": 1270.0, "id_munic": 62.0, "munic_clus": "147_62", "munic_code": 147.0, "min": 2.9696769714355469, "max": 2.9696769714355469, "mean": 2.9696769714355469, "count": 1, "std": 0.0, "range": 0.0 }, "geometry": { "type": "Polygon", "coordinates": [ [ [ 722500.0, 6175100.0 ], [ 722500.0, 6175200.0 ], [ 722600.0, 6175200.0 ], [ 722600.0, 6175100.0 ], [ 722500.0, 6175100.0 ] ] ] } },
{ "type": "Feature", "properties": { "Shape_Area": 20000.0, "Shape_Leng": 600.0, "cluster_id": "147_63", "fid_1": 1271.0, "id_munic": 63.0, "munic_clus": "147_63", "munic_code": 147.0, "min": 1.933188796043396, "max": 1.933188796043396, "mean": 1.933188796043396, "count": 2, "std": 0.0, "range": 0.0 }, "geometry": { "type": "Polygon", "coordinates": [ [ [ 721800.0, 6176800.0 ], [ 721800.0, 6176900.0 ], [ 721900.0, 6176900.0 ], [ 721900.0, 6176800.0 ], [ 721900.0, 6176700.0 ], [ 721800.0, 6176700.0 ], [ 721800.0, 6176800.0 ] ] ] } },
{ "type": "Feature", "properties": { "Shape_Area": 10000.0, "Shape_Leng": 400.0, "cluster_id": "147_64", "fid_1": 1272.0, "id_munic": 64.0, "munic_clus": "147_64", "munic_code": 147.0, "min": 3.0458180904388428, "max": 3.0458180904388428, "mean": 3.0458180904388428, "count": 1, "std": 0.0, "range": 0.0 }, "geometry": { "type": "Polygon", "coordinates": [ [ [ 721900.0, 6176800.0 ], [ 721900.0, 6176900.0 ], [ 722000.0, 6176900.0 ], [ 722000.0, 6176800.0 ], [ 721900.0, 6176800.0 ] ] ] } },
{ "type": "Feature", "properties": { "Shape_Area": 20000.0, "Shape_Leng": 600.0, "cluster_id": "147_65", "fid_1": 1273.0, "id_munic": 65.0, "munic_clus": "147_65", "munic_code": 147.0, "min": 3.0794737339019775, "max": 3.0794737339019775, "mean": 3.0794737339019775, "count": 2, "std": 0.0, "range": 0.0 }, "geometry": { "type": "Polygon", "coordinates": [ [ [ 721900.0, 6176700.0 ], [ 721900.0, 6176800.0 ], [ 722000.0, 6176800.0 ], [ 722000.0, 6176700.0 ], [ 722000.0, 6176600.0 ], [ 721900.0, 6176600.0 ], [ 721900.0, 6176700.0 ] ] ] } },
{ "type": "Feature", "properties": { "Shape_Area": 10000.0, "Shape_Leng": 400.0, "cluster_id": "147_66", "fid_1": 1274.0, "id_munic": 66.0, "munic_clus": "147_66", "munic_code": 147.0, "min": 3.3402199745178223, "max": 3.3402199745178223, "mean": 3.3402199745178223, "count": 1, "std": 0.0, "range": 0.0 }, "geometry": { "type": "Polygon", "coordinates": [ [ [ 722000.0, 6176800.0 ], [ 722000.0, 6176900.0 ], [ 722100.0, 6176900.0 ], [ 722100.0, 6176800.0 ], [ 722000.0, 6176800.0 ] ] ] } },
{ "type": "Feature", "properties": { "Shape_Area": 20000.0, "Shape_Leng": 600.0, "cluster_id": "147_67", "fid_1": 1275.0, "id_munic": 67.0, "munic_clus": "147_67", "munic_code": 147.0, "min": 2.9448518753051758, "max": 2.9448518753051758, "mean": 2.9448518753051758, "count": 2, "std": 0.0, "range": 0.0 }, "geometry": { "type": "Polygon", "coordinates": [ [ [ 722000.0, 6176700.0 ], [ 722000.0, 6176800.0 ], [ 722100.0, 6176800.0 ], [ 722100.0, 6176700.0 ], [ 722100.0, 6176600.0 ], [ 722000.0, 6176600.0 ], [ 722000.0, 6176700.0 ] ] ] } },
{ "type": "Feature", "properties": { "Shape_Area": 20000.0, "Shape_Leng": 600.0, "cluster_id": "147_68", "fid_1": 1276.0, "id_munic": 68.0, "munic_clus": "147_68", "munic_code": 147.0, "min": 3.5484840869903564, "max": 3.5484840869903564, "mean": 3.5484840869903564, "count": 2, "std": 0.0, "range": 0.0 }, "geometry": { "type": "Polygon", "coordinates": [ [ [ 721900.0, 6177800.0 ], [ 722000.0, 6177800.0 ], [ 722100.0, 6177800.0 ], [ 722100.0, 6177700.0 ], [ 722000.0, 6177700.0 ], [ 721900.0, 6177700.0 ], [ 721900.0, 6177800.0 ] ] ] } },
{ "type": "Feature", "properties": { "Shape_Area": 40000.0, "Shape_Leng": 1000.0, "cluster_id": "147_69", "fid_1": 1277.0, "id_munic": 69.0, "munic_clus": "147_69", "munic_code": 147.0, "min": 3.203765869140625, "max": 3.203765869140625, "mean": 3.203765869140625, "count": 4, "std": 0.0, "range": 0.0 }, "geometry": { "type": "Polygon", "coordinates": [ [ [ 721900.0, 6177700.0 ], [ 721800.0, 6177700.0 ], [ 721800.0, 6177800.0 ], [ 721700.0, 6177800.0 ], [ 721700.0, 6177900.0 ], [ 721800.0, 6177900.0 ], [ 721900.0, 6177900.0 ], [ 722000.0, 6177900.0 ], [ 722000.0, 6177800.0 ], [ 721900.0, 6177800.0 ], [ 721900.0, 6177700.0 ] ] ] } },
{ "type": "Feature", "properties": { "Shape_Area": 10000.0, "Shape_Leng": 400.0, "cluster_id": "147_70", "fid_1": 1278.0, "id_munic": 70.0, "munic_clus": "147_70", "munic_code": 147.0, "min": 2.3947017192840576, "max": 2.3947017192840576, "mean": 2.3947017192840576, "count": 1, "std": 0.0, "range": 0.0 }, "geometry": { "type": "Polygon", "coordinates": [ [ [ 722000.0, 6177600.0 ], [ 722000.0, 6177700.0 ], [ 722100.0, 6177700.0 ], [ 722100.0, 6177600.0 ], [ 722000.0, 6177600.0 ] ] ] } },
{ "type": "Feature", "properties": { "Shape_Area": 10000.0, "Shape_Leng": 400.0, "cluster_id": "147_71", "fid_1": 1279.0, "id_munic": 71.0, "munic_clus": "147_71", "munic_code": 147.0, "min": 2.5139951705932617, "max": 2.5139951705932617, "mean": 2.5139951705932617, "count": 1, "std": 0.0, "range": 0.0 }, "geometry": { "type": "Polygon", "coordinates": [ [ [ 722100.0, 6177600.0 ], [ 722100.0, 6177700.0 ], [ 722200.0, 6177700.0 ], [ 722200.0, 6177600.0 ], [ 722100.0, 6177600.0 ] ] ] } },
{ "type": "Feature", "properties": { "Shape_Area": 10000.0, "Shape_Leng": 400.0, "cluster_id": "147_72", "fid_1": 1280.0, "id_munic": 72.0, "munic_clus": "147_72", "munic_code": 147.0, "min": 3.2804069519042969, "max": 3.2804069519042969, "mean": 3.2804069519042969, "count": 1, "std": 0.0, "range": 0.0 }, "geometry": { "type": "Polygon", "coordinates": [ [ [ 722400.0, 6176800.0 ], [ 722400.0, 6176900.0 ], [ 722500.0, 6176900.0 ], [ 722500.0, 6176800.0 ], [ 722400.0, 6176800.0 ] ] ] } },
{ "type": "Feature", "properties": { "Shape_Area": 30000.0, "Shape_Leng": 800.0, "cluster_id": "147_73", "fid_1": 1281.0, "id_munic": 73.0, "munic_clus": "147_73", "munic_code": 147.0, "min": 2.9740085601806641, "max": 2.9740085601806641, "mean": 2.9740085601806641, "count": 3, "std": 0.0, "range": 0.0 }, "geometry": { "type": "Polygon", "coordinates": [ [ [ 722600.0, 6175200.0 ], [ 722600.0, 6175300.0 ], [ 722700.0, 6175300.0 ], [ 722800.0, 6175300.0 ], [ 722800.0, 6175200.0 ], [ 722700.0, 6175200.0 ], [ 722700.0, 6175100.0 ], [ 722600.0, 6175100.0 ], [ 722600.0, 6175200.0 ] ] ] } },
{ "type": "Feature", "properties": { "Shape_Area": 20000.0, "Shape_Leng": 600.0, "cluster_id": "147_74", "fid_1": 1282.0, "id_munic": 74.0, "munic_clus": "147_74", "munic_code": 147.0, "min": 2.9701766967773438, "max": 2.9701766967773438, "mean": 2.9701766967773438, "count": 2, "std": 0.0, "range": 0.0 }, "geometry": { "type": "Polygon", "coordinates": [ [ [ 722600.0, 6175400.0 ], [ 722600.0, 6175500.0 ], [ 722700.0, 6175500.0 ], [ 722700.0, 6175400.0 ], [ 722700.0, 6175300.0 ], [ 722600.0, 6175300.0 ], [ 722600.0, 6175400.0 ] ] ] } },
{ "type": "Feature", "properties": { "Shape_Area": 20000.0, "Shape_Leng": 600.0, "cluster_id": "147_75", "fid_1": 1283.0, "id_munic": 75.0, "munic_clus": "147_75", "munic_code": 147.0, "min": 2.4346890449523926, "max": 2.4346890449523926, "mean": 2.4346890449523926, "count": 2, "std": 0.0, "range": 0.0 }, "geometry": { "type": "Polygon", "coordinates": [ [ [ 722000.0, 6177400.0 ], [ 722100.0, 6177400.0 ], [ 722200.0, 6177400.0 ], [ 722200.0, 6177300.0 ], [ 722100.0, 6177300.0 ], [ 722000.0, 6177300.0 ], [ 722000.0, 6177400.0 ] ] ] } },
{ "type": "Feature", "properties": { "Shape_Area": 20000.0, "Shape_Leng": 600.0, "cluster_id": "147_76", "fid_1": 1284.0, "id_munic": 76.0, "munic_clus": "147_76", "munic_code": 147.0, "min": 3.6366214752197266, "max": 3.6366214752197266, "mean": 3.6366214752197266, "count": 2, "std": 0.0, "range": 0.0 }, "geometry": { "type": "Polygon", "coordinates": [ [ [ 722000.0, 6177300.0 ], [ 722100.0, 6177300.0 ], [ 722200.0, 6177300.0 ], [ 722200.0, 6177200.0 ], [ 722100.0, 6177200.0 ], [ 722000.0, 6177200.0 ], [ 722000.0, 6177300.0 ] ] ] } },
{ "type": "Feature", "properties": { "Shape_Area": 40000.0, "Shape_Leng": 1000.0, "cluster_id": "147_77", "fid_1": 1285.0, "id_munic": 77.0, "munic_clus": "147_77", "munic_code": 147.0, "min": 3.9475176334381104, "max": 3.9475176334381104, "mean": 3.9475176334381104, "count": 4, "std": 0.0, "range": 0.0 }, "geometry": { "type": "Polygon", "coordinates": [ [ [ 722000.0, 6177100.0 ], [ 721900.0, 6177100.0 ], [ 721900.0, 6177200.0 ], [ 721800.0, 6177200.0 ], [ 721800.0, 6177300.0 ], [ 721900.0, 6177300.0 ], [ 721900.0, 6177400.0 ], [ 722000.0, 6177400.0 ], [ 722000.0, 6177300.0 ], [ 722000.0, 6177200.0 ], [ 722000.0, 6177100.0 ] ] ] } },
{ "type": "Feature", "properties": { "Shape_Area": 10000.0, "Shape_Leng": 400.0, "cluster_id": "147_78", "fid_1": 1286.0, "id_munic": 78.0, "munic_clus": "147_78", "munic_code": 147.0, "min": 2.2040989398956299, "max": 2.2040989398956299, "mean": 2.2040989398956299, "count": 1, "std": 0.0, "range": 0.0 }, "geometry": { "type": "Polygon", "coordinates": [ [ [ 722000.0, 6177100.0 ], [ 722000.0, 6177200.0 ], [ 722100.0, 6177200.0 ], [ 722100.0, 6177100.0 ], [ 722000.0, 6177100.0 ] ] ] } },
{ "type": "Feature", "properties": { "Shape_Area": 20000.0, "Shape_Leng": 600.0, "cluster_id": "147_79", "fid_1": 1287.0, "id_munic": 79.0, "munic_clus": "147_79", "munic_code": 147.0, "min": 3.2944023609161377, "max": 3.2944023609161377, "mean": 3.2944023609161377, "count": 2, "std": 0.0, "range": 0.0 }, "geometry": { "type": "Polygon", "coordinates": [ [ [ 721900.0, 6177500.0 ], [ 722000.0, 6177500.0 ], [ 722100.0, 6177500.0 ], [ 722100.0, 6177400.0 ], [ 722000.0, 6177400.0 ], [ 721900.0, 6177400.0 ], [ 721900.0, 6177500.0 ] ] ] } },
{ "type": "Feature", "properties": { "Shape_Area": 10000.0, "Shape_Leng": 400.0, "cluster_id": "147_80", "fid_1": 1288.0, "id_munic": 80.0, "munic_clus": "147_80", "munic_code": 147.0, "min": 1.9613461494445801, "max": 1.9613461494445801, "mean": 1.9613461494445801, "count": 1, "std": 0.0, "range": 0.0 }, "geometry": { "type": "Polygon", "coordinates": [ [ [ 722000.0, 6177500.0 ], [ 722000.0, 6177600.0 ], [ 722100.0, 6177600.0 ], [ 722100.0, 6177500.0 ], [ 722000.0, 6177500.0 ] ] ] } },
{ "type": "Feature", "properties": { "Shape_Area": 10000.0, "Shape_Leng": 400.0, "cluster_id": "147_81", "fid_1": 1289.0, "id_munic": 81.0, "munic_clus": "147_81", "munic_code": 147.0, "min": 2.9685108661651611, "max": 2.9685108661651611, "mean": 2.9685108661651611, "count": 1, "std": 0.0, "range": 0.0 }, "geometry": { "type": "Polygon", "coordinates": [ [ [ 722200.0, 6177300.0 ], [ 722200.0, 6177400.0 ], [ 722300.0, 6177400.0 ], [ 722300.0, 6177300.0 ], [ 722200.0, 6177300.0 ] ] ] } },
{ "type": "Feature", "properties": { "Shape_Area": 20000.0, "Shape_Leng": 600.0, "cluster_id": "147_82", "fid_1": 1290.0, "id_munic": 82.0, "munic_clus": "147_82", "munic_code": 147.0, "min": 2.8948686122894287, "max": 2.8948686122894287, "mean": 2.8948686122894287, "count": 2, "std": 0.0, "range": 0.0 }, "geometry": { "type": "Polygon", "coordinates": [ [ [ 722100.0, 6177500.0 ], [ 722100.0, 6177600.0 ], [ 722200.0, 6177600.0 ], [ 722200.0, 6177500.0 ], [ 722200.0, 6177400.0 ], [ 722100.0, 6177400.0 ], [ 722100.0, 6177500.0 ] ] ] } },
{ "type": "Feature", "properties": { "Shape_Area": 40000.0, "Shape_Leng": 1000.0, "cluster_id": "147_83", "fid_1": 1291.0, "id_munic": 83.0, "munic_clus": "147_83", "munic_code": 147.0, "min": 2.7805736064910889, "max": 2.7805736064910889, "mean": 2.7805736064910889, "count": 4, "std": 0.0, "range": 0.0 }, "geometry": { "type": "Polygon", "coordinates": [ [ [ 722600.0, 6177100.0 ], [ 722600.0, 6177000.0 ], [ 722500.0, 6177000.0 ], [ 722400.0, 6177000.0 ], [ 722400.0, 6177100.0 ], [ 722300.0, 6177100.0 ], [ 722300.0, 6177200.0 ], [ 722400.0, 6177200.0 ], [ 722500.0, 6177200.0 ], [ 722500.0, 6177100.0 ], [ 722600.0, 6177100.0 ] ] ] } },
{ "type": "Feature", "properties": { "Shape_Area": 10000.0, "Shape_Leng": 400.0, "cluster_id": "147_84", "fid_1": 1292.0, "id_munic": 84.0, "munic_clus": "147_84", "munic_code": 147.0, "min": 3.2454185485839844, "max": 3.2454185485839844, "mean": 3.2454185485839844, "count": 1, "std": 0.0, "range": 0.0 }, "geometry": { "type": "Polygon", "coordinates": [ [ [ 722200.0, 6177200.0 ], [ 722200.0, 6177300.0 ], [ 722300.0, 6177300.0 ], [ 722300.0, 6177200.0 ], [ 722200.0, 6177200.0 ] ] ] } },
{ "type": "Feature", "properties": { "Shape_Area": 30000.0, "Shape_Leng": 800.0, "cluster_id": "147_85", "fid_1": 1293.0, "id_munic": 85.0, "munic_clus": "147_85", "munic_code": 147.0, "min": 2.8407204151153564, "max": 2.8407204151153564, "mean": 2.8407204945882163, "count": 3, "std": 7.947285984855057e-08, "range": 0.0 }, "geometry": { "type": "Polygon", "coordinates": [ [ [ 722100.0, 6176900.0 ], [ 722000.0, 6176900.0 ], [ 722000.0, 6177000.0 ], [ 722100.0, 6177000.0 ], [ 722200.0, 6177000.0 ], [ 722200.0, 6176900.0 ], [ 722200.0, 6176800.0 ], [ 722100.0, 6176800.0 ], [ 722100.0, 6176900.0 ] ] ] } },
{ "type": "Feature", "properties": { "Shape_Area": 20000.0, "Shape_Leng": 600.0, "cluster_id": "147_86", "fid_1": 1294.0, "id_munic": 86.0, "munic_clus": "147_86", "munic_code": 147.0, "min": 2.5938024520874023, "max": 2.5938024520874023, "mean": 2.5938024520874023, "count": 2, "std": 0.0, "range": 0.0 }, "geometry": { "type": "Polygon", "coordinates": [ [ [ 721900.0, 6177100.0 ], [ 722000.0, 6177100.0 ], [ 722100.0, 6177100.0 ], [ 722100.0, 6177000.0 ], [ 722000.0, 6177000.0 ], [ 721900.0, 6177000.0 ], [ 721900.0, 6177100.0 ] ] ] } },
{ "type": "Feature", "properties": { "Shape_Area": 10000.0, "Shape_Leng": 400.0, "cluster_id": "147_87", "fid_1": 1295.0, "id_munic": 87.0, "munic_clus": "147_87", "munic_code": 147.0, "min": 3.5224928855895996, "max": 3.5224928855895996, "mean": 3.5224928855895996, "count": 1, "std": 0.0, "range": 0.0 }, "geometry": { "type": "Polygon", "coordinates": [ [ [ 721800.0, 6177100.0 ], [ 721800.0, 6177200.0 ], [ 721900.0, 6177200.0 ], [ 721900.0, 6177100.0 ], [ 721800.0, 6177100.0 ] ] ] } },
{ "type": "Feature", "properties": { "Shape_Area": 20000.0, "Shape_Leng": 600.0, "cluster_id": "147_88", "fid_1": 1296.0, "id_munic": 88.0, "munic_clus": "147_88", "munic_code": 147.0, "min": 3.5884709358215332, "max": 3.5884709358215332, "mean": 3.5884709358215332, "count": 2, "std": 0.0, "range": 0.0 }, "geometry": { "type": "Polygon", "coordinates": [ [ [ 721800.0, 6177000.0 ], [ 721800.0, 6177100.0 ], [ 721900.0, 6177100.0 ], [ 721900.0, 6177000.0 ], [ 721900.0, 6176900.0 ], [ 721800.0, 6176900.0 ], [ 721800.0, 6177000.0 ] ] ] } },
{ "type": "Feature", "properties": { "Shape_Area": 20000.0, "Shape_Leng": 600.0, "cluster_id": "147_89", "fid_1": 1297.0, "id_munic": 89.0, "munic_clus": "147_89", "munic_code": 147.0, "min": 2.222092866897583, "max": 2.222092866897583, "mean": 2.222092866897583, "count": 2, "std": 0.0, "range": 0.0 }, "geometry": { "type": "Polygon", "coordinates": [ [ [ 722100.0, 6177200.0 ], [ 722200.0, 6177200.0 ], [ 722300.0, 6177200.0 ], [ 722300.0, 6177100.0 ], [ 722200.0, 6177100.0 ], [ 722100.0, 6177100.0 ], [ 722100.0, 6177200.0 ] ] ] } },
{ "type": "Feature", "properties": { "Shape_Area": 20000.0, "Shape_Leng": 600.0, "cluster_id": "147_90", "fid_1": 1298.0, "id_munic": 90.0, "munic_clus": "147_90", "munic_code": 147.0, "min": 2.8537158966064453, "max": 2.8537158966064453, "mean": 2.8537158966064453, "count": 2, "std": 0.0, "range": 0.0 }, "geometry": { "type": "Polygon", "coordinates": [ [ [ 722200.0, 6176900.0 ], [ 722300.0, 6176900.0 ], [ 722400.0, 6176900.0 ], [ 722400.0, 6176800.0 ], [ 722300.0, 6176800.0 ], [ 722200.0, 6176800.0 ], [ 722200.0, 6176900.0 ] ] ] } },
{ "type": "Feature", "properties": { "Shape_Area": 20000.0, "Shape_Leng": 600.0, "cluster_id": "147_91", "fid_1": 1299.0, "id_munic": 91.0, "munic_clus": "147_91", "munic_code": 147.0, "min": 3.0636460781097412, "max": 3.0636460781097412, "mean": 3.0636460781097412, "count": 2, "std": 0.0, "range": 0.0 }, "geometry": { "type": "Polygon", "coordinates": [ [ [ 722400.0, 6177000.0 ], [ 722500.0, 6177000.0 ], [ 722600.0, 6177000.0 ], [ 722600.0, 6176900.0 ], [ 722500.0, 6176900.0 ], [ 722400.0, 6176900.0 ], [ 722400.0, 6177000.0 ] ] ] } },
{ "type": "Feature", "properties": { "Shape_Area": 10000.0, "Shape_Leng": 400.0, "cluster_id": "147_92", "fid_1": 1300.0, "id_munic": 92.0, "munic_clus": "147_92", "munic_code": 147.0, "min": 2.5596473217010498, "max": 2.5596473217010498, "mean": 2.5596473217010498, "count": 1, "std": 0.0, "range": 0.0 }, "geometry": { "type": "Polygon", "coordinates": [ [ [ 721900.0, 6176900.0 ], [ 721900.0, 6177000.0 ], [ 722000.0, 6177000.0 ], [ 722000.0, 6176900.0 ], [ 721900.0, 6176900.0 ] ] ] } },
{ "type": "Feature", "properties": { "Shape_Area": 20000.0, "Shape_Leng": 600.0, "cluster_id": "147_93", "fid_1": 1301.0, "id_munic": 93.0, "munic_clus": "147_93", "munic_code": 147.0, "min": 2.1712765693664551, "max": 2.1712765693664551, "mean": 2.1712765693664551, "count": 2, "std": 0.0, "range": 0.0 }, "geometry": { "type": "Polygon", "coordinates": [ [ [ 721800.0, 6177600.0 ], [ 721800.0, 6177700.0 ], [ 721900.0, 6177700.0 ], [ 721900.0, 6177600.0 ], [ 721900.0, 6177500.0 ], [ 721800.0, 6177500.0 ], [ 721800.0, 6177600.0 ] ] ] } },
{ "type": "Feature", "properties": { "Shape_Area": 40000.0, "Shape_Leng": 1000.0, "cluster_id": "147_94", "fid_1": 1302.0, "id_munic": 94.0, "munic_clus": "147_94", "munic_code": 147.0, "min": 2.7310898303985596, "max": 2.7310898303985596, "mean": 2.7310898303985596, "count": 4, "std": 0.0, "range": 0.0 }, "geometry": { "type": "Polygon", "coordinates": [ [ [ 721700.0, 6177300.0 ], [ 721700.0, 6177400.0 ], [ 721700.0, 6177500.0 ], [ 721800.0, 6177500.0 ], [ 721800.0, 6177400.0 ], [ 721800.0, 6177300.0 ], [ 721800.0, 6177200.0 ], [ 721700.0, 6177200.0 ], [ 721600.0, 6177200.0 ], [ 721600.0, 6177300.0 ], [ 721700.0, 6177300.0 ] ] ] } },
{ "type": "Feature", "properties": { "Shape_Area": 80000.0, "Shape_Leng": 1200.0, "cluster_id": "147_95", "fid_1": 1303.0, "id_munic": 95.0, "munic_clus": "147_95", "munic_code": 147.0, "min": 2.2965681552886963, "max": 2.2965681552886963, "mean": 2.2965681552886963, "count": 8, "std": 0.0, "range": 0.0 }, "geometry": { "type": "Polygon", "coordinates": [ [ [ 721700.0, 6177300.0 ], [ 721600.0, 6177300.0 ], [ 721500.0, 6177300.0 ], [ 721400.0, 6177300.0 ], [ 721400.0, 6177400.0 ], [ 721400.0, 6177500.0 ], [ 721400.0, 6177600.0 ], [ 721500.0, 6177600.0 ], [ 721600.0, 6177600.0 ], [ 721600.0, 6177500.0 ], [ 721700.0, 6177500.0 ], [ 721700.0, 6177400.0 ], [ 721700.0, 6177300.0 ] ] ] } },
{ "type": "Feature", "properties": { "Shape_Area": 10000.0, "Shape_Leng": 400.0, "cluster_id": "147_96", "fid_1": 1304.0, "id_munic": 96.0, "munic_clus": "147_96", "munic_code": 147.0, "min": 2.9701766967773438, "max": 2.9701766967773438, "mean": 2.9701766967773438, "count": 1, "std": 0.0, "range": 0.0 }, "geometry": { "type": "Polygon", "coordinates": [ [ [ 721800.0, 6177300.0 ], [ 721800.0, 6177400.0 ], [ 721900.0, 6177400.0 ], [ 721900.0, 6177300.0 ], [ 721800.0, 6177300.0 ] ] ] } },
{ "type": "Feature", "properties": { "Shape_Area": 10000.0, "Shape_Leng": 400.0, "cluster_id": "147_97", "fid_1": 1305.0, "id_munic": 97.0, "munic_clus": "147_97", "munic_code": 147.0, "min": 2.2954015731811523, "max": 2.2954015731811523, "mean": 2.2954015731811523, "count": 1, "std": 0.0, "range": 0.0 }, "geometry": { "type": "Polygon", "coordinates": [ [ [ 721800.0, 6177400.0 ], [ 721800.0, 6177500.0 ], [ 721900.0, 6177500.0 ], [ 721900.0, 6177400.0 ], [ 721800.0, 6177400.0 ] ] ] } },
{ "type": "Feature", "properties": { "Shape_Area": 20000.0, "Shape_Leng": 600.0, "cluster_id": "147_98", "fid_1": 1306.0, "id_munic": 98.0, "munic_clus": "147_98", "munic_code": 147.0, "min": 2.4173614978790283, "max": 2.4173614978790283, "mean": 2.4173614978790283, "count": 2, "std": 0.0, "range": 0.0 }, "geometry": { "type": "Polygon", "coordinates": [ [ [ 721900.0, 6177600.0 ], [ 721900.0, 6177700.0 ], [ 722000.0, 6177700.0 ], [ 722000.0, 6177600.0 ], [ 722000.0, 6177500.0 ], [ 721900.0, 6177500.0 ], [ 721900.0, 6177600.0 ] ] ] } },
{ "type": "Feature", "properties": { "Shape_Area": 10000.0, "Shape_Leng": 400.0, "cluster_id": "147_99", "fid_1": 1307.0, "id_munic": 99.0, "munic_clus": "147_99", "munic_code": 147.0, "min": 2.3592138290405273, "max": 2.3592138290405273, "mean": 2.3592138290405273, "count": 1, "std": 0.0, "range": 0.0 }, "geometry": { "type": "Polygon", "coordinates": [ [ [ 721200.0, 6177200.0 ], [ 721200.0, 6177300.0 ], [ 721300.0, 6177300.0 ], [ 721300.0, 6177200.0 ], [ 721200.0, 6177200.0 ] ] ] } },
{ "type": "Feature", "properties": { "Shape_Area": 50000.0, "Shape_Leng": 1000.0, "cluster_id": "147_100", "fid_1": 1308.0, "id_munic": 100.0, "munic_clus": "147_100", "munic_code": 147.0, "min": 3.045818567276001, "max": 3.045818567276001, "mean": 3.0458185195922853, "count": 5, "std": 4.7683715642676816e-08, "range": 0.0 }, "geometry": { "type": "Polygon", "coordinates": [ [ [ 721400.0, 6177300.0 ], [ 721300.0, 6177300.0 ], [ 721200.0, 6177300.0 ], [ 721200.0, 6177400.0 ], [ 721200.0, 6177500.0 ], [ 721300.0, 6177500.0 ], [ 721300.0, 6177600.0 ], [ 721400.0, 6177600.0 ], [ 721400.0, 6177500.0 ], [ 721400.0, 6177400.0 ], [ 721400.0, 6177300.0 ] ] ] } },
{ "type": "Feature", "properties": { "Shape_Area": 30000.0, "Shape_Leng": 800.0, "cluster_id": "147_101", "fid_1": 1309.0, "id_munic": 101.0, "munic_clus": "147_101", "munic_code": 147.0, "min": 2.6184606552124023, "max": 2.6184606552124023, "mean": 2.6184606552124023, "count": 3, "std": 0.0, "range": 0.0 }, "geometry": { "type": "Polygon", "coordinates": [ [ [ 721000.0, 6177300.0 ], [ 721100.0, 6177300.0 ], [ 721100.0, 6177400.0 ], [ 721200.0, 6177400.0 ], [ 721200.0, 6177300.0 ], [ 721200.0, 6177200.0 ], [ 721100.0, 6177200.0 ], [ 721000.0, 6177200.0 ], [ 721000.0, 6177300.0 ] ] ] } },
{ "type": "Feature", "properties": { "Shape_Area": 20000.0, "Shape_Leng": 600.0, "cluster_id": "147_102", "fid_1": 1310.0, "id_munic": 102.0, "munic_clus": "147_102", "munic_code": 147.0, "min": 3.3842058181762695, "max": 3.3842058181762695, "mean": 3.3842058181762695, "count": 2, "std": 0.0, "range": 0.0 }, "geometry": { "type": "Polygon", "coordinates": [ [ [ 721300.0, 6177200.0 ], [ 721300.0, 6177300.0 ], [ 721400.0, 6177300.0 ], [ 721400.0, 6177200.0 ], [ 721400.0, 6177100.0 ], [ 721300.0, 6177100.0 ], [ 721300.0, 6177200.0 ] ] ] } },
{ "type": "Feature", "properties": { "Shape_Area": 20000.0, "Shape_Leng": 600.0, "cluster_id": "147_103", "fid_1": 1311.0, "id_munic": 103.0, "munic_clus": "147_103", "munic_code": 147.0, "min": 3.0668113231658936, "max": 3.0668113231658936, "mean": 3.0668113231658936, "count": 2, "std": 0.0, "range": 0.0 }, "geometry": { "type": "Polygon", "coordinates": [ [ [ 722400.0, 6175200.0 ], [ 722400.0, 6175300.0 ], [ 722500.0, 6175300.0 ], [ 722500.0, 6175200.0 ], [ 722500.0, 6175100.0 ], [ 722400.0, 6175100.0 ], [ 722400.0, 6175200.0 ] ] ] } },
{ "type": "Feature", "properties": { "Shape_Area": 10000.0, "Shape_Leng": 400.0, "cluster_id": "147_104", "fid_1": 1312.0, "id_munic": 104.0, "munic_clus": "147_104", "munic_code": 147.0, "min": 3.3117294311523438, "max": 3.3117294311523438, "mean": 3.3117294311523438, "count": 1, "std": 0.0, "range": 0.0 }, "geometry": { "type": "Polygon", "coordinates": [ [ [ 722900.0, 6175300.0 ], [ 722900.0, 6175400.0 ], [ 723000.0, 6175400.0 ], [ 723000.0, 6175300.0 ], [ 722900.0, 6175300.0 ] ] ] } },
{ "type": "Feature", "properties": { "Shape_Area": 20000.0, "Shape_Leng": 600.0, "cluster_id": "147_105", "fid_1": 1313.0, "id_munic": 105.0, "munic_clus": "147_105", "munic_code": 147.0, "min": 2.6431193351745605, "max": 2.6431193351745605, "mean": 2.6431193351745605, "count": 2, "std": 0.0, "range": 0.0 }, "geometry": { "type": "Polygon", "coordinates": [ [ [ 723200.0, 6176600.0 ], [ 723200.0, 6176700.0 ], [ 723300.0, 6176700.0 ], [ 723300.0, 6176600.0 ], [ 723300.0, 6176500.0 ], [ 723200.0, 6176500.0 ], [ 723200.0, 6176600.0 ] ] ] } },
{ "type": "Feature", "properties": { "Shape_Area": 20000.0, "Shape_Leng": 600.0, "cluster_id": "147_106", "fid_1": 1314.0, "id_munic": 106.0, "munic_clus": "147_106", "munic_code": 147.0, "min": 2.2889039516448975, "max": 2.2889039516448975, "mean": 2.2889039516448975, "count": 2, "std": 0.0, "range": 0.0 }, "geometry": { "type": "Polygon", "coordinates": [ [ [ 723300.0, 6176700.0 ], [ 723400.0, 6176700.0 ], [ 723500.0, 6176700.0 ], [ 723500.0, 6176600.0 ], [ 723400.0, 6176600.0 ], [ 723300.0, 6176600.0 ], [ 723300.0, 6176700.0 ] ] ] } },
{ "type": "Feature", "properties": { "Shape_Area": 40000.0, "Shape_Leng": 1000.0, "cluster_id": "147_107", "fid_1": 1315.0, "id_munic": 107.0, "munic_clus": "147_107", "munic_code": 147.0, "min": 3.0318231582641602, "max": 3.0318231582641602, "mean": 3.0318231582641602, "count": 4, "std": 0.0, "range": 0.0 }, "geometry": { "type": "Polygon", "coordinates": [ [ [ 723300.0, 6176500.0 ], [ 723300.0, 6176600.0 ], [ 723400.0, 6176600.0 ], [ 723500.0, 6176600.0 ], [ 723500.0, 6176500.0 ], [ 723400.0, 6176500.0 ], [ 723400.0, 6176400.0 ], [ 723300.0, 6176400.0 ], [ 723200.0, 6176400.0 ], [ 723200.0, 6176500.0 ], [ 723300.0, 6176500.0 ] ] ] } },
{ "type": "Feature", "properties": { "Shape_Area": 10000.0, "Shape_Leng": 400.0, "cluster_id": "147_108", "fid_1": 1316.0, "id_munic": 108.0, "munic_clus": "147_108", "munic_code": 147.0, "min": 2.8528828620910645, "max": 2.8528828620910645, "mean": 2.8528828620910645, "count": 1, "std": 0.0, "range": 0.0 }, "geometry": { "type": "Polygon", "coordinates": [ [ [ 723100.0, 6176600.0 ], [ 723100.0, 6176700.0 ], [ 723200.0, 6176700.0 ], [ 723200.0, 6176600.0 ], [ 723100.0, 6176600.0 ] ] ] } },
{ "type": "Feature", "properties": { "Shape_Area": 30000.0, "Shape_Leng": 800.0, "cluster_id": "147_109", "fid_1": 1317.0, "id_munic": 109.0, "munic_clus": "147_109", "munic_code": 147.0, "min": 2.7280910015106201, "max": 2.7280910015106201, "mean": 2.7280909220377603, "count": 3, "std": 7.947285984855057e-08, "range": 0.0 }, "geometry": { "type": "Polygon", "coordinates": [ [ [ 722900.0, 6176600.0 ], [ 723000.0, 6176600.0 ], [ 723100.0, 6176600.0 ], [ 723200.0, 6176600.0 ], [ 723200.0, 6176500.0 ], [ 723100.0, 6176500.0 ], [ 723000.0, 6176500.0 ], [ 722900.0, 6176500.0 ], [ 722900.0, 6176600.0 ] ] ] } },
{ "type": "Feature", "properties": { "Shape_Area": 130000.0, "Shape_Leng": 2000.0, "cluster_id": "147_110", "fid_1": 1318.0, "id_munic": 110.0, "munic_clus": "147_110", "munic_code": 147.0, "min": 3.0763082504272461, "max": 3.0763082504272461, "mean": 3.076308323786809, "count": 13, "std": 7.3359562868802186e-08, "range": 0.0 }, "geometry": { "type": "Polygon", "coordinates": [ [ [ 722600.0, 6176600.0 ], [ 722600.0, 6176700.0 ], [ 722500.0, 6176700.0 ], [ 722400.0, 6176700.0 ], [ 722400.0, 6176800.0 ], [ 722500.0, 6176800.0 ], [ 722500.0, 6176900.0 ], [ 722600.0, 6176900.0 ], [ 722600.0, 6177000.0 ], [ 722700.0, 6177000.0 ], [ 722700.0, 6176900.0 ], [ 722800.0, 6176900.0 ], [ 722800.0, 6176800.0 ], [ 722900.0, 6176800.0 ], [ 723000.0, 6176800.0 ], [ 723000.0, 6176700.0 ], [ 722900.0, 6176700.0 ], [ 722900.0, 6176600.0 ], [ 722800.0, 6176600.0 ], [ 722700.0, 6176600.0 ], [ 722600.0, 6176600.0 ] ] ] } },
{ "type": "Feature", "properties": { "Shape_Area": 20000.0, "Shape_Leng": 600.0, "cluster_id": "147_111", "fid_1": 1319.0, "id_munic": 111.0, "munic_clus": "147_111", "munic_code": 147.0, "min": 3.9566817283630371, "max": 3.9566817283630371, "mean": 3.9566817283630371, "count": 2, "std": 0.0, "range": 0.0 }, "geometry": { "type": "Polygon", "coordinates": [ [ [ 722900.0, 6176700.0 ], [ 723000.0, 6176700.0 ], [ 723100.0, 6176700.0 ], [ 723100.0, 6176600.0 ], [ 723000.0, 6176600.0 ], [ 722900.0, 6176600.0 ], [ 722900.0, 6176700.0 ] ] ] } },
{ "type": "Feature", "properties": { "Shape_Area": 30000.0, "Shape_Leng": 800.0, "cluster_id": "147_112", "fid_1": 1320.0, "id_munic": 112.0, "munic_clus": "147_112", "munic_code": 147.0, "min": 3.5139954090118408, "max": 3.5139954090118408, "mean": 3.5139954884847007, "count": 3, "std": 7.947285984855057e-08, "range": 0.0 }, "geometry": { "type": "Polygon", "coordinates": [ [ [ 721000.0, 6176800.0 ], [ 721100.0, 6176800.0 ], [ 721100.0, 6176900.0 ], [ 721200.0, 6176900.0 ], [ 721200.0, 6176800.0 ], [ 721200.0, 6176700.0 ], [ 721100.0, 6176700.0 ], [ 721000.0, 6176700.0 ], [ 721000.0, 6176800.0 ] ] ] } },
{ "type": "Feature", "properties": { "Shape_Area": 30000.0, "Shape_Leng": 800.0, "cluster_id": "147_113", "fid_1": 1321.0, "id_munic": 113.0, "munic_clus": "147_113", "munic_code": 147.0, "min": 3.3748753070831299, "max": 3.3748753070831299, "mean": 3.3748753865559897, "count": 3, "std": 7.947285984855057e-08, "range": 0.0 }, "geometry": { "type": "Polygon", "coordinates": [ [ [ 722500.0, 6175300.0 ], [ 722500.0, 6175400.0 ], [ 722500.0, 6175500.0 ], [ 722600.0, 6175500.0 ], [ 722600.0, 6175400.0 ], [ 722600.0, 6175300.0 ], [ 722600.0, 6175200.0 ], [ 722500.0, 6175200.0 ], [ 722500.0, 6175300.0 ] ] ] } },
{ "type": "Feature", "properties": { "Shape_Area": 20000.0, "Shape_Leng": 600.0, "cluster_id": "147_114", "fid_1": 1322.0, "id_munic": 114.0, "munic_clus": "147_114", "munic_code": 147.0, "min": 3.2877373695373535, "max": 3.2877373695373535, "mean": 3.2877373695373535, "count": 2, "std": 0.0, "range": 0.0 }, "geometry": { "type": "Polygon", "coordinates": [ [ [ 722200.0, 6175600.0 ], [ 722300.0, 6175600.0 ], [ 722400.0, 6175600.0 ], [ 722400.0, 6175500.0 ], [ 722300.0, 6175500.0 ], [ 722200.0, 6175500.0 ], [ 722200.0, 6175600.0 ] ] ] } },
{ "type": "Feature", "properties": { "Shape_Area": 30000.0, "Shape_Leng": 800.0, "cluster_id": "147_115", "fid_1": 1323.0, "id_munic": 115.0, "munic_clus": "147_115", "munic_code": 147.0, "min": 2.8683774471282959, "max": 2.8683774471282959, "mean": 2.868377367655436, "count": 3, "std": 7.947285984855057e-08, "range": 0.0 }, "geometry": { "type": "Polygon", "coordinates": [ [ [ 722100.0, 6175900.0 ], [ 722200.0, 6175900.0 ], [ 722300.0, 6175900.0 ], [ 722400.0, 6175900.0 ], [ 722400.0, 6175800.0 ], [ 722300.0, 6175800.0 ], [ 722200.0, 6175800.0 ], [ 722100.0, 6175800.0 ], [ 722100.0, 6175900.0 ] ] ] } },
{ "type": "Feature", "properties": { "Shape_Area": 30000.0, "Shape_Leng": 800.0, "cluster_id": "147_116", "fid_1": 1324.0, "id_munic": 116.0, "munic_clus": "147_116", "munic_code": 147.0, "min": 2.7174277305603027, "max": 2.7174277305603027, "mean": 2.7174275716145835, "count": 3, "std": 1.5894571925301193e-07, "range": 0.0 }, "geometry": { "type": "Polygon", "coordinates": [ [ [ 722100.0, 6175600.0 ], [ 722100.0, 6175700.0 ], [ 722200.0, 6175700.0 ], [ 722300.0, 6175700.0 ], [ 722300.0, 6175600.0 ], [ 722200.0, 6175600.0 ], [ 722200.0, 6175500.0 ], [ 722100.0, 6175500.0 ], [ 722100.0, 6175600.0 ] ] ] } },
{ "type": "Feature", "properties": { "Shape_Area": 20000.0, "Shape_Leng": 600.0, "cluster_id": "147_117", "fid_1": 1325.0, "id_munic": 117.0, "munic_clus": "147_117", "munic_code": 147.0, "min": 2.4516830444335938, "max": 2.4516830444335938, "mean": 2.4516830444335938, "count": 2, "std": 0.0, "range": 0.0 }, "geometry": { "type": "Polygon", "coordinates": [ [ [ 722800.0, 6175600.0 ], [ 722800.0, 6175700.0 ], [ 722900.0, 6175700.0 ], [ 722900.0, 6175600.0 ], [ 722900.0, 6175500.0 ], [ 722800.0, 6175500.0 ], [ 722800.0, 6175600.0 ] ] ] } },
{ "type": "Feature", "properties": { "Shape_Area": 20000.0, "Shape_Leng": 600.0, "cluster_id": "147_118", "fid_1": 1326.0, "id_munic": 118.0, "munic_clus": "147_118", "munic_code": 147.0, "min": 2.6619460582733154, "max": 2.6619460582733154, "mean": 2.6619460582733154, "count": 2, "std": 0.0, "range": 0.0 }, "geometry": { "type": "Polygon", "coordinates": [ [ [ 722600.0, 6175600.0 ], [ 722600.0, 6175700.0 ], [ 722700.0, 6175700.0 ], [ 722700.0, 6175600.0 ], [ 722700.0, 6175500.0 ], [ 722600.0, 6175500.0 ], [ 722600.0, 6175600.0 ] ] ] } },
{ "type": "Feature", "properties": { "Shape_Area": 10000.0, "Shape_Leng": 400.0, "cluster_id": "147_119", "fid_1": 1327.0, "id_munic": 119.0, "munic_clus": "147_119", "munic_code": 147.0, "min": 2.9216930866241455, "max": 2.9216930866241455, "mean": 2.9216930866241455, "count": 1, "std": 0.0, "range": 0.0 }, "geometry": { "type": "Polygon", "coordinates": [ [ [ 722700.0, 6175600.0 ], [ 722700.0, 6175700.0 ], [ 722800.0, 6175700.0 ], [ 722800.0, 6175600.0 ], [ 722700.0, 6175600.0 ] ] ] } },
{ "type": "Feature", "properties": { "Shape_Area": 10000.0, "Shape_Leng": 400.0, "cluster_id": "147_120", "fid_1": 1328.0, "id_munic": 120.0, "munic_clus": "147_120", "munic_code": 147.0, "min": 3.2087645530700684, "max": 3.2087645530700684, "mean": 3.2087645530700684, "count": 1, "std": 0.0, "range": 0.0 }, "geometry": { "type": "Polygon", "coordinates": [ [ [ 722400.0, 6175500.0 ], [ 722400.0, 6175600.0 ], [ 722500.0, 6175600.0 ], [ 722500.0, 6175500.0 ], [ 722400.0, 6175500.0 ] ] ] } },
{ "type": "Feature", "properties": { "Shape_Area": 20000.0, "Shape_Leng": 600.0, "cluster_id": "147_121", "fid_1": 1329.0, "id_munic": 121.0, "munic_clus": "147_121", "munic_code": 147.0, "min": 3.7797403335571289, "max": 3.7797403335571289, "mean": 3.7797403335571289, "count": 2, "std": 0.0, "range": 0.0 }, "geometry": { "type": "Polygon", "coordinates": [ [ [ 722500.0, 6175700.0 ], [ 722500.0, 6175800.0 ], [ 722600.0, 6175800.0 ], [ 722600.0, 6175700.0 ], [ 722600.0, 6175600.0 ], [ 722500.0, 6175600.0 ], [ 722500.0, 6175700.0 ] ] ] } },
{ "type": "Feature", "properties": { "Shape_Area": 10000.0, "Shape_Leng": 400.0, "cluster_id": "147_122", "fid_1": 1330.0, "id_munic": 122.0, "munic_clus": "147_122", "munic_code": 147.0, "min": 2.5721426010131836, "max": 2.5721426010131836, "mean": 2.5721426010131836, "count": 1, "std": 0.0, "range": 0.0 }, "geometry": { "type": "Polygon", "coordinates": [ [ [ 722600.0, 6175700.0 ], [ 722600.0, 6175800.0 ], [ 722700.0, 6175800.0 ], [ 722700.0, 6175700.0 ], [ 722600.0, 6175700.0 ] ] ] } },
{ "type": "Feature", "properties": { "Shape_Area": 10000.0, "Shape_Leng": 400.0, "cluster_id": "147_123", "fid_1": 1331.0, "id_munic": 123.0, "munic_clus": "147_123", "munic_code": 147.0, "min": 3.1954348087310791, "max": 3.1954348087310791, "mean": 3.1954348087310791, "count": 1, "std": 0.0, "range": 0.0 }, "geometry": { "type": "Polygon", "coordinates": [ [ [ 722500.0, 6175500.0 ], [ 722500.0, 6175600.0 ], [ 722600.0, 6175600.0 ], [ 722600.0, 6175500.0 ], [ 722500.0, 6175500.0 ] ] ] } },
{ "type": "Feature", "properties": { "Shape_Area": 10000.0, "Shape_Leng": 400.0, "cluster_id": "147_124", "fid_1": 1332.0, "id_munic": 124.0, "munic_clus": "147_124", "munic_code": 147.0, "min": 3.4406864643096924, "max": 3.4406864643096924, "mean": 3.4406864643096924, "count": 1, "std": 0.0, "range": 0.0 }, "geometry": { "type": "Polygon", "coordinates": [ [ [ 722800.0, 6175400.0 ], [ 722800.0, 6175500.0 ], [ 722900.0, 6175500.0 ], [ 722900.0, 6175400.0 ], [ 722800.0, 6175400.0 ] ] ] } },
{ "type": "Feature", "properties": { "Shape_Area": 20000.0, "Shape_Leng": 600.0, "cluster_id": "147_125", "fid_1": 1333.0, "id_munic": 125.0, "munic_clus": "147_125", "munic_code": 147.0, "min": 2.0156614780426025, "max": 2.0156614780426025, "mean": 2.0156614780426025, "count": 2, "std": 0.0, "range": 0.0 }, "geometry": { "type": "Polygon", "coordinates": [ [ [ 722300.0, 6175700.0 ], [ 722400.0, 6175700.0 ], [ 722500.0, 6175700.0 ], [ 722500.0, 6175600.0 ], [ 722400.0, 6175600.0 ], [ 722300.0, 6175600.0 ], [ 722300.0, 6175700.0 ] ] ] } },
{ "type": "Feature", "properties": { "Shape_Area": 30000.0, "Shape_Leng": 800.0, "cluster_id": "147_126", "fid_1": 1334.0, "id_munic": 126.0, "munic_clus": "147_126", "munic_code": 147.0, "min": 2.3232262134552002, "max": 2.3232262134552002, "mean": 2.32322629292806, "count": 3, "std": 7.947285984855057e-08, "range": 0.0 }, "geometry": { "type": "Polygon", "coordinates": [ [ [ 720900.0, 6174900.0 ], [ 721000.0, 6174900.0 ], [ 721100.0, 6174900.0 ], [ 721200.0, 6174900.0 ], [ 721200.0, 6174800.0 ], [ 721100.0, 6174800.0 ], [ 721000.0, 6174800.0 ], [ 720900.0, 6174800.0 ], [ 720900.0, 6174900.0 ] ] ] } },
{ "type": "Feature", "properties": { "Shape_Area": 10000.0, "Shape_Leng": 400.0, "cluster_id": "147_127", "fid_1": 1335.0, "id_munic": 127.0, "munic_clus": "147_127", "munic_code": 147.0, "min": 3.1264581680297852, "max": 3.1264581680297852, "mean": 3.1264581680297852, "count": 1, "std": 0.0, "range": 0.0 }, "geometry": { "type": "Polygon", "coordinates": [ [ [ 720100.0, 6175000.0 ], [ 720100.0, 6175100.0 ], [ 720200.0, 6175100.0 ], [ 720200.0, 6175000.0 ], [ 720100.0, 6175000.0 ] ] ] } },
{ "type": "Feature", "properties": { "Shape_Area": 40000.0, "Shape_Leng": 1000.0, "cluster_id": "147_128", "fid_1": 1336.0, "id_munic": 128.0, "munic_clus": "147_128", "munic_code": 147.0, "min": 2.1932692527770996, "max": 2.1932692527770996, "mean": 2.1932692527770996, "count": 4, "std": 0.0, "range": 0.0 }, "geometry": { "type": "Polygon", "coordinates": [ [ [ 719800.0, 6175200.0 ], [ 719900.0, 6175200.0 ], [ 720000.0, 6175200.0 ], [ 720100.0, 6175200.0 ], [ 720100.0, 6175100.0 ], [ 720000.0, 6175100.0 ], [ 719900.0, 6175100.0 ], [ 719900.0, 6175000.0 ], [ 719800.0, 6175000.0 ], [ 719800.0, 6175100.0 ], [ 719800.0, 6175200.0 ] ] ] } },
{ "type": "Feature", "properties": { "Shape_Area": 20000.0, "Shape_Leng": 600.0, "cluster_id": "147_129", "fid_1": 1337.0, "id_munic": 129.0, "munic_clus": "147_129", "munic_code": 147.0, "min": 3.1071312427520752, "max": 3.1071312427520752, "mean": 3.1071312427520752, "count": 2, "std": 0.0, "range": 0.0 }, "geometry": { "type": "Polygon", "coordinates": [ [ [ 720200.0, 6175100.0 ], [ 720300.0, 6175100.0 ], [ 720400.0, 6175100.0 ], [ 720400.0, 6175000.0 ], [ 720300.0, 6175000.0 ], [ 720200.0, 6175000.0 ], [ 720200.0, 6175100.0 ] ] ] } },
{ "type": "Feature", "properties": { "Shape_Area": 20000.0, "Shape_Leng": 600.0, "cluster_id": "147_130", "fid_1": 1338.0, "id_munic": 130.0, "munic_clus": "147_130", "munic_code": 147.0, "min": 2.880706787109375, "max": 2.880706787109375, "mean": 2.880706787109375, "count": 2, "std": 0.0, "range": 0.0 }, "geometry": { "type": "Polygon", "coordinates": [ [ [ 720200.0, 6175200.0 ], [ 720300.0, 6175200.0 ], [ 720400.0, 6175200.0 ], [ 720400.0, 6175100.0 ], [ 720300.0, 6175100.0 ], [ 720200.0, 6175100.0 ], [ 720200.0, 6175200.0 ] ] ] } },
{ "type": "Feature", "properties": { "Shape_Area": 60000.0, "Shape_Leng": 1000.0, "cluster_id": "147_131", "fid_1": 1339.0, "id_munic": 131.0, "munic_clus": "147_131", "munic_code": 147.0, "min": 2.3023996353149414, "max": 2.3023996353149414, "mean": 2.3023996353149414, "count": 6, "std": 0.0, "range": 0.0 }, "geometry": { "type": "Polygon", "coordinates": [ [ [ 721000.0, 6175100.0 ], [ 721000.0, 6175200.0 ], [ 721100.0, 6175200.0 ], [ 721200.0, 6175200.0 ], [ 721200.0, 6175100.0 ], [ 721200.0, 6175000.0 ], [ 721200.0, 6174900.0 ], [ 721100.0, 6174900.0 ], [ 721000.0, 6174900.0 ], [ 721000.0, 6175000.0 ], [ 721000.0, 6175100.0 ] ] ] } },
{ "type": "Feature", "properties": { "Shape_Area": 10000.0, "Shape_Leng": 400.0, "cluster_id": "147_132", "fid_1": 1340.0, "id_munic": 132.0, "munic_clus": "147_132", "munic_code": 147.0, "min": 4.1452851295471191, "max": 4.1452851295471191, "mean": 4.1452851295471191, "count": 1, "std": 0.0, "range": 0.0 }, "geometry": { "type": "Polygon", "coordinates": [ [ [ 720500.0, 6175100.0 ], [ 720500.0, 6175200.0 ], [ 720600.0, 6175200.0 ], [ 720600.0, 6175100.0 ], [ 720500.0, 6175100.0 ] ] ] } },
{ "type": "Feature", "properties": { "Shape_Area": 140000.0, "Shape_Leng": 1600.0, "cluster_id": "147_133", "fid_1": 1341.0, "id_munic": 133.0, "munic_clus": "147_133", "munic_code": 147.0, "min": 3.1281239986419678, "max": 3.1281239986419678, "mean": 3.1281239645821706, "count": 14, "std": 3.4059797204832876e-08, "range": 0.0 }, "geometry": { "type": "Polygon", "coordinates": [ [ [ 720700.0, 6174900.0 ], [ 720600.0, 6174900.0 ], [ 720500.0, 6174900.0 ], [ 720500.0, 6175000.0 ], [ 720500.0, 6175100.0 ], [ 720600.0, 6175100.0 ], [ 720600.0, 6175200.0 ], [ 720700.0, 6175200.0 ], [ 720800.0, 6175200.0 ], [ 720900.0, 6175200.0 ], [ 721000.0, 6175200.0 ], [ 721000.0, 6175100.0 ], [ 721000.0, 6175000.0 ], [ 721000.0, 6174900.0 ], [ 720900.0, 6174900.0 ], [ 720800.0, 6174900.0 ], [ 720700.0, 6174900.0 ] ] ] } },
{ "type": "Feature", "properties": { "Shape_Area": 20000.0, "Shape_Leng": 600.0, "cluster_id": "147_134", "fid_1": 1342.0, "id_munic": 134.0, "munic_clus": "147_134", "munic_code": 147.0, "min": 2.1742756366729736, "max": 2.1742756366729736, "mean": 2.1742756366729736, "count": 2, "std": 0.0, "range": 0.0 }, "geometry": { "type": "Polygon", "coordinates": [ [ [ 723000.0, 6175700.0 ], [ 723000.0, 6175800.0 ], [ 723100.0, 6175800.0 ], [ 723100.0, 6175700.0 ], [ 723100.0, 6175600.0 ], [ 723000.0, 6175600.0 ], [ 723000.0, 6175700.0 ] ] ] } },
{ "type": "Feature", "properties": { "Shape_Area": 10000.0, "Shape_Leng": 400.0, "cluster_id": "147_135", "fid_1": 1343.0, "id_munic": 135.0, "munic_clus": "147_135", "munic_code": 147.0, "min": 2.7682442665100098, "max": 2.7682442665100098, "mean": 2.7682442665100098, "count": 1, "std": 0.0, "range": 0.0 }, "geometry": { "type": "Polygon", "coordinates": [ [ [ 723300.0, 6175600.0 ], [ 723300.0, 6175700.0 ], [ 723400.0, 6175700.0 ], [ 723400.0, 6175600.0 ], [ 723300.0, 6175600.0 ] ] ] } },
{ "type": "Feature", "properties": { "Shape_Area": 20000.0, "Shape_Leng": 600.0, "cluster_id": "147_136", "fid_1": 1344.0, "id_munic": 136.0, "munic_clus": "147_136", "munic_code": 147.0, "min": 2.4958350658416748, "max": 2.4958350658416748, "mean": 2.4958350658416748, "count": 2, "std": 0.0, "range": 0.0 }, "geometry": { "type": "Polygon", "coordinates": [ [ [ 723200.0, 6175600.0 ], [ 723200.0, 6175700.0 ], [ 723300.0, 6175700.0 ], [ 723300.0, 6175600.0 ], [ 723300.0, 6175500.0 ], [ 723200.0, 6175500.0 ], [ 723200.0, 6175600.0 ] ] ] } },
{ "type": "Feature", "properties": { "Shape_Area": 30000.0, "Shape_Leng": 800.0, "cluster_id": "147_137", "fid_1": 1345.0, "id_munic": 137.0, "munic_clus": "147_137", "munic_code": 147.0, "min": 2.7865715026855469, "max": 2.7865715026855469, "mean": 2.7865715026855469, "count": 3, "std": 0.0, "range": 0.0 }, "geometry": { "type": "Polygon", "coordinates": [ [ [ 723300.0, 6175600.0 ], [ 723400.0, 6175600.0 ], [ 723400.0, 6175700.0 ], [ 723500.0, 6175700.0 ], [ 723500.0, 6175600.0 ], [ 723500.0, 6175500.0 ], [ 723400.0, 6175500.0 ], [ 723300.0, 6175500.0 ], [ 723300.0, 6175600.0 ] ] ] } },
{ "type": "Feature", "properties": { "Shape_Area": 20000.0, "Shape_Leng": 600.0, "cluster_id": "147_138", "fid_1": 1346.0, "id_munic": 138.0, "munic_clus": "147_138", "munic_code": 147.0, "min": 2.9035325050354004, "max": 2.9035325050354004, "mean": 2.9035325050354004, "count": 2, "std": 0.0, "range": 0.0 }, "geometry": { "type": "Polygon", "coordinates": [ [ [ 722900.0, 6175700.0 ], [ 722900.0, 6175800.0 ], [ 723000.0, 6175800.0 ], [ 723000.0, 6175700.0 ], [ 723000.0, 6175600.0 ], [ 722900.0, 6175600.0 ], [ 722900.0, 6175700.0 ] ] ] } },
{ "type": "Feature", "properties": { "Shape_Area": 20000.0, "Shape_Leng": 600.0, "cluster_id": "147_139", "fid_1": 1347.0, "id_munic": 139.0, "munic_clus": "147_139", "munic_code": 147.0, "min": 3.082472562789917, "max": 3.082472562789917, "mean": 3.082472562789917, "count": 2, "std": 0.0, "range": 0.0 }, "geometry": { "type": "Polygon", "coordinates": [ [ [ 723000.0, 6175900.0 ], [ 723000.0, 6176000.0 ], [ 723100.0, 6176000.0 ], [ 723100.0, 6175900.0 ], [ 723100.0, 6175800.0 ], [ 723000.0, 6175800.0 ], [ 723000.0, 6175900.0 ] ] ] } },
{ "type": "Feature", "properties": { "Shape_Area": 20000.0, "Shape_Leng": 600.0, "cluster_id": "147_140", "fid_1": 1348.0, "id_munic": 140.0, "munic_clus": "147_140", "munic_code": 147.0, "min": 3.1709437370300293, "max": 3.1709437370300293, "mean": 3.1709437370300293, "count": 2, "std": 0.0, "range": 0.0 }, "geometry": { "type": "Polygon", "coordinates": [ [ [ 722900.0, 6175500.0 ], [ 722900.0, 6175600.0 ], [ 723000.0, 6175600.0 ], [ 723000.0, 6175500.0 ], [ 723000.0, 6175400.0 ], [ 722900.0, 6175400.0 ], [ 722900.0, 6175500.0 ] ] ] } },
{ "type": "Feature", "properties": { "Shape_Area": 20000.0, "Shape_Leng": 600.0, "cluster_id": "147_141", "fid_1": 1349.0, "id_munic": 141.0, "munic_clus": "147_141", "munic_code": 147.0, "min": 2.8685441017150879, "max": 2.8685441017150879, "mean": 2.8685441017150879, "count": 2, "std": 0.0, "range": 0.0 }, "geometry": { "type": "Polygon", "coordinates": [ [ [ 723500.0, 6175900.0 ], [ 723500.0, 6176000.0 ], [ 723600.0, 6176000.0 ], [ 723600.0, 6175900.0 ], [ 723600.0, 6175800.0 ], [ 723500.0, 6175800.0 ], [ 723500.0, 6175900.0 ] ] ] } },
{ "type": "Feature", "properties": { "Shape_Area": 30000.0, "Shape_Leng": 800.0, "cluster_id": "147_142", "fid_1": 1350.0, "id_munic": 142.0, "munic_clus": "147_142", "munic_code": 147.0, "min": 3.5944685935974121, "max": 3.5944685935974121, "mean": 3.5944684346516929, "count": 3, "std": 1.5894571925301193e-07, "range": 0.0 }, "geometry": { "type": "Polygon", "coordinates": [ [ [ 723500.0, 6175700.0 ], [ 723400.0, 6175700.0 ], [ 723400.0, 6175800.0 ], [ 723500.0, 6175800.0 ], [ 723600.0, 6175800.0 ], [ 723600.0, 6175700.0 ], [ 723600.0, 6175600.0 ], [ 723500.0, 6175600.0 ], [ 723500.0, 6175700.0 ] ] ] } },
{ "type": "Feature", "properties": { "Shape_Area": 30000.0, "Shape_Leng": 800.0, "cluster_id": "147_143", "fid_1": 1351.0, "id_munic": 143.0, "munic_clus": "147_143", "munic_code": 147.0, "min": 2.7307565212249756, "max": 2.7307565212249756, "mean": 2.7307564417521157, "count": 3, "std": 7.947285984855057e-08, "range": 0.0 }, "geometry": { "type": "Polygon", "coordinates": [ [ [ 723300.0, 6175800.0 ], [ 723300.0, 6175900.0 ], [ 723400.0, 6175900.0 ], [ 723500.0, 6175900.0 ], [ 723500.0, 6175800.0 ], [ 723400.0, 6175800.0 ], [ 723400.0, 6175700.0 ], [ 723300.0, 6175700.0 ], [ 723300.0, 6175800.0 ] ] ] } },
{ "type": "Feature", "properties": { "Shape_Area": 30000.0, "Shape_Leng": 800.0, "cluster_id": "147_144", "fid_1": 1352.0, "id_munic": 144.0, "munic_clus": "147_144", "munic_code": 147.0, "min": 2.912529468536377, "max": 2.912529468536377, "mean": 2.9125296274820962, "count": 3, "std": 1.5894571925301193e-07, "range": 0.0 }, "geometry": { "type": "Polygon", "coordinates": [ [ [ 723300.0, 6176000.0 ], [ 723300.0, 6176100.0 ], [ 723400.0, 6176100.0 ], [ 723400.0, 6176000.0 ], [ 723500.0, 6176000.0 ], [ 723500.0, 6175900.0 ], [ 723400.0, 6175900.0 ], [ 723300.0, 6175900.0 ], [ 723300.0, 6176000.0 ] ] ] } },
{ "type": "Feature", "properties": { "Shape_Area": 10000.0, "Shape_Leng": 400.0, "cluster_id": "147_145", "fid_1": 1353.0, "id_munic": 145.0, "munic_clus": "147_145", "munic_code": 147.0, "min": 3.3208930492401123, "max": 3.3208930492401123, "mean": 3.3208930492401123, "count": 1, "std": 0.0, "range": 0.0 }, "geometry": { "type": "Polygon", "coordinates": [ [ [ 723200.0, 6176000.0 ], [ 723200.0, 6176100.0 ], [ 723300.0, 6176100.0 ], [ 723300.0, 6176000.0 ], [ 723200.0, 6176000.0 ] ] ] } },
{ "type": "Feature", "properties": { "Shape_Area": 20000.0, "Shape_Leng": 600.0, "cluster_id": "147_146", "fid_1": 1354.0, "id_munic": 146.0, "munic_clus": "147_146", "munic_code": 147.0, "min": 2.7964017391204834, "max": 2.7964017391204834, "mean": 2.7964017391204834, "count": 2, "std": 0.0, "range": 0.0 }, "geometry": { "type": "Polygon", "coordinates": [ [ [ 723000.0, 6176100.0 ], [ 723100.0, 6176100.0 ], [ 723200.0, 6176100.0 ], [ 723200.0, 6176000.0 ], [ 723100.0, 6176000.0 ], [ 723000.0, 6176000.0 ], [ 723000.0, 6176100.0 ] ] ] } },
{ "type": "Feature", "properties": { "Shape_Area": 10000.0, "Shape_Leng": 400.0, "cluster_id": "147_147", "fid_1": 1355.0, "id_munic": 147.0, "munic_clus": "147_147", "munic_code": 147.0, "min": 2.6817729473114014, "max": 2.6817729473114014, "mean": 2.6817729473114014, "count": 1, "std": 0.0, "range": 0.0 }, "geometry": { "type": "Polygon", "coordinates": [ [ [ 723200.0, 6175700.0 ], [ 723200.0, 6175800.0 ], [ 723300.0, 6175800.0 ], [ 723300.0, 6175700.0 ], [ 723200.0, 6175700.0 ] ] ] } },
{ "type": "Feature", "properties": { "Shape_Area": 20000.0, "Shape_Leng": 600.0, "cluster_id": "147_148", "fid_1": 1356.0, "id_munic": 148.0, "munic_clus": "147_148", "munic_code": 147.0, "min": 2.6686105728149414, "max": 2.6686105728149414, "mean": 2.6686105728149414, "count": 2, "std": 0.0, "range": 0.0 }, "geometry": { "type": "Polygon", "coordinates": [ [ [ 720600.0, 6176000.0 ], [ 720700.0, 6176000.0 ], [ 720800.0, 6176000.0 ], [ 720800.0, 6175900.0 ], [ 720700.0, 6175900.0 ], [ 720600.0, 6175900.0 ], [ 720600.0, 6176000.0 ] ] ] } },
{ "type": "Feature", "properties": { "Shape_Area": 10000.0, "Shape_Leng": 400.0, "cluster_id": "147_149", "fid_1": 1357.0, "id_munic": 149.0, "munic_clus": "147_149", "munic_code": 147.0, "min": 2.4980010986328125, "max": 2.4980010986328125, "mean": 2.4980010986328125, "count": 1, "std": 0.0, "range": 0.0 }, "geometry": { "type": "Polygon", "coordinates": [ [ [ 721200.0, 6176100.0 ], [ 721200.0, 6176200.0 ], [ 721300.0, 6176200.0 ], [ 721300.0, 6176100.0 ], [ 721200.0, 6176100.0 ] ] ] } },
{ "type": "Feature", "properties": { "Shape_Area": 20000.0, "Shape_Leng": 600.0, "cluster_id": "147_150", "fid_1": 1358.0, "id_munic": 150.0, "munic_clus": "147_150", "munic_code": 147.0, "min": 3.4851715564727783, "max": 3.4851715564727783, "mean": 3.4851715564727783, "count": 2, "std": 0.0, "range": 0.0 }, "geometry": { "type": "Polygon", "coordinates": [ [ [ 723000.0, 6175600.0 ], [ 723100.0, 6175600.0 ], [ 723200.0, 6175600.0 ], [ 723200.0, 6175500.0 ], [ 723100.0, 6175500.0 ], [ 723000.0, 6175500.0 ], [ 723000.0, 6175600.0 ] ] ] } },
{ "type": "Feature", "properties": { "Shape_Area": 20000.0, "Shape_Leng": 600.0, "cluster_id": "147_151", "fid_1": 1359.0, "id_munic": 151.0, "munic_clus": "147_151", "munic_code": 147.0, "min": 2.8975343704223633, "max": 2.8975343704223633, "mean": 2.8975343704223633, "count": 2, "std": 0.0, "range": 0.0 }, "geometry": { "type": "Polygon", "coordinates": [ [ [ 723000.0, 6175500.0 ], [ 723100.0, 6175500.0 ], [ 723200.0, 6175500.0 ], [ 723200.0, 6175400.0 ], [ 723100.0, 6175400.0 ], [ 723000.0, 6175400.0 ], [ 723000.0, 6175500.0 ] ] ] } },
{ "type": "Feature", "properties": { "Shape_Area": 10000.0, "Shape_Leng": 400.0, "cluster_id": "147_152", "fid_1": 1360.0, "id_munic": 152.0, "munic_clus": "147_152", "munic_code": 147.0, "min": 3.4275240898132324, "max": 3.4275240898132324, "mean": 3.4275240898132324, "count": 1, "std": 0.0, "range": 0.0 }, "geometry": { "type": "Polygon", "coordinates": [ [ [ 719900.0, 6176200.0 ], [ 719900.0, 6176300.0 ], [ 720000.0, 6176300.0 ], [ 720000.0, 6176200.0 ], [ 719900.0, 6176200.0 ] ] ] } },
{ "type": "Feature", "properties": { "Shape_Area": 10000.0, "Shape_Leng": 400.0, "cluster_id": "147_153", "fid_1": 1361.0, "id_munic": 153.0, "munic_clus": "147_153", "munic_code": 147.0, "min": 3.9531826972961426, "max": 3.9531826972961426, "mean": 3.9531826972961426, "count": 1, "std": 0.0, "range": 0.0 }, "geometry": { "type": "Polygon", "coordinates": [ [ [ 720300.0, 6176000.0 ], [ 720300.0, 6176100.0 ], [ 720400.0, 6176100.0 ], [ 720400.0, 6176000.0 ], [ 720300.0, 6176000.0 ] ] ] } },
{ "type": "Feature", "properties": { "Shape_Area": 20000.0, "Shape_Leng": 600.0, "cluster_id": "147_154", "fid_1": 1362.0, "id_munic": 154.0, "munic_clus": "147_154", "munic_code": 147.0, "min": 2.8767082691192627, "max": 2.8767082691192627, "mean": 2.8767082691192627, "count": 2, "std": 0.0, "range": 0.0 }, "geometry": { "type": "Polygon", "coordinates": [ [ [ 720200.0, 6176200.0 ], [ 720200.0, 6176300.0 ], [ 720300.0, 6176300.0 ], [ 720300.0, 6176200.0 ], [ 720300.0, 6176100.0 ], [ 720200.0, 6176100.0 ], [ 720200.0, 6176200.0 ] ] ] } },
{ "type": "Feature", "properties": { "Shape_Area": 10000.0, "Shape_Leng": 400.0, "cluster_id": "147_155", "fid_1": 1363.0, "id_munic": 155.0, "munic_clus": "147_155", "munic_code": 147.0, "min": 2.1003000736236572, "max": 2.1003000736236572, "mean": 2.1003000736236572, "count": 1, "std": 0.0, "range": 0.0 }, "geometry": { "type": "Polygon", "coordinates": [ [ [ 720400.0, 6176100.0 ], [ 720400.0, 6176200.0 ], [ 720500.0, 6176200.0 ], [ 720500.0, 6176100.0 ], [ 720400.0, 6176100.0 ] ] ] } },
{ "type": "Feature", "properties": { "Shape_Area": 90000.0, "Shape_Leng": 1400.0, "cluster_id": "147_156", "fid_1": 1364.0, "id_munic": 156.0, "munic_clus": "147_156", "munic_code": 147.0, "min": 2.969677209854126, "max": 2.969677209854126, "mean": 2.9696771833631725, "count": 9, "std": 2.6490953430879927e-08, "range": 0.0 }, "geometry": { "type": "Polygon", "coordinates": [ [ [ 720100.0, 6175900.0 ], [ 720000.0, 6175900.0 ], [ 720000.0, 6175800.0 ], [ 719900.0, 6175800.0 ], [ 719900.0, 6175900.0 ], [ 719900.0, 6176000.0 ], [ 719800.0, 6176000.0 ], [ 719800.0, 6176100.0 ], [ 719800.0, 6176200.0 ], [ 719900.0, 6176200.0 ], [ 720000.0, 6176200.0 ], [ 720100.0, 6176200.0 ], [ 720100.0, 6176100.0 ], [ 720100.0, 6176000.0 ], [ 720100.0, 6175900.0 ] ] ] } },
{ "type": "Feature", "properties": { "Shape_Area": 20000.0, "Shape_Leng": 600.0, "cluster_id": "147_157", "fid_1": 1365.0, "id_munic": 157.0, "munic_clus": "147_157", "munic_code": 147.0, "min": 1.8327224254608154, "max": 1.8327224254608154, "mean": 1.8327224254608154, "count": 2, "std": 0.0, "range": 0.0 }, "geometry": { "type": "Polygon", "coordinates": [ [ [ 720400.0, 6176000.0 ], [ 720400.0, 6176100.0 ], [ 720500.0, 6176100.0 ], [ 720500.0, 6176000.0 ], [ 720500.0, 6175900.0 ], [ 720400.0, 6175900.0 ], [ 720400.0, 6176000.0 ] ] ] } },
{ "type": "Feature", "properties": { "Shape_Area": 10000.0, "Shape_Leng": 400.0, "cluster_id": "147_158", "fid_1": 1366.0, "id_munic": 158.0, "munic_clus": "147_158", "munic_code": 147.0, "min": 2.9151949882507324, "max": 2.9151949882507324, "mean": 2.9151949882507324, "count": 1, "std": 0.0, "range": 0.0 }, "geometry": { "type": "Polygon", "coordinates": [ [ [ 720500.0, 6175900.0 ], [ 720500.0, 6176000.0 ], [ 720600.0, 6176000.0 ], [ 720600.0, 6175900.0 ], [ 720500.0, 6175900.0 ] ] ] } },
{ "type": "Feature", "properties": { "Shape_Area": 30000.0, "Shape_Leng": 800.0, "cluster_id": "147_159", "fid_1": 1367.0, "id_munic": 159.0, "munic_clus": "147_159", "munic_code": 147.0, "min": 3.0276577472686768, "max": 3.0276577472686768, "mean": 3.0276578267415366, "count": 3, "std": 7.947285984855057e-08, "range": 0.0 }, "geometry": { "type": "Polygon", "coordinates": [ [ [ 720500.0, 6176100.0 ], [ 720500.0, 6176200.0 ], [ 720600.0, 6176200.0 ], [ 720600.0, 6176100.0 ], [ 720700.0, 6176100.0 ], [ 720700.0, 6176000.0 ], [ 720600.0, 6176000.0 ], [ 720500.0, 6176000.0 ], [ 720500.0, 6176100.0 ] ] ] } },
{ "type": "Feature", "properties": { "Shape_Area": 10000.0, "Shape_Leng": 400.0, "cluster_id": "147_160", "fid_1": 1368.0, "id_munic": 160.0, "munic_clus": "147_160", "munic_code": 147.0, "min": 2.886038064956665, "max": 2.886038064956665, "mean": 2.886038064956665, "count": 1, "std": 0.0, "range": 0.0 }, "geometry": { "type": "Polygon", "coordinates": [ [ [ 720300.0, 6176200.0 ], [ 720300.0, 6176300.0 ], [ 720400.0, 6176300.0 ], [ 720400.0, 6176200.0 ], [ 720300.0, 6176200.0 ] ] ] } },
{ "type": "Feature", "properties": { "Shape_Area": 10000.0, "Shape_Leng": 400.0, "cluster_id": "147_161", "fid_1": 1369.0, "id_munic": 161.0, "munic_clus": "147_161", "munic_code": 147.0, "min": 3.4305233955383301, "max": 3.4305233955383301, "mean": 3.4305233955383301, "count": 1, "std": 0.0, "range": 0.0 }, "geometry": { "type": "Polygon", "coordinates": [ [ [ 719800.0, 6176200.0 ], [ 719800.0, 6176300.0 ], [ 719900.0, 6176300.0 ], [ 719900.0, 6176200.0 ], [ 719800.0, 6176200.0 ] ] ] } },
{ "type": "Feature", "properties": { "Shape_Area": 10000.0, "Shape_Leng": 400.0, "cluster_id": "147_162", "fid_1": 1370.0, "id_munic": 162.0, "munic_clus": "147_162", "munic_code": 147.0, "min": 3.8593800067901611, "max": 3.8593800067901611, "mean": 3.8593800067901611, "count": 1, "std": 0.0, "range": 0.0 }, "geometry": { "type": "Polygon", "coordinates": [ [ [ 720300.0, 6176100.0 ], [ 720300.0, 6176200.0 ], [ 720400.0, 6176200.0 ], [ 720400.0, 6176100.0 ], [ 720300.0, 6176100.0 ] ] ] } },
{ "type": "Feature", "properties": { "Shape_Area": 10000.0, "Shape_Leng": 400.0, "cluster_id": "147_163", "fid_1": 1371.0, "id_munic": 163.0, "munic_clus": "147_163", "munic_code": 147.0, "min": 3.2149288654327393, "max": 3.2149288654327393, "mean": 3.2149288654327393, "count": 1, "std": 0.0, "range": 0.0 }, "geometry": { "type": "Polygon", "coordinates": [ [ [ 720400.0, 6176200.0 ], [ 720400.0, 6176300.0 ], [ 720500.0, 6176300.0 ], [ 720500.0, 6176200.0 ], [ 720400.0, 6176200.0 ] ] ] } },
{ "type": "Feature", "properties": { "Shape_Area": 40000.0, "Shape_Leng": 1000.0, "cluster_id": "147_164", "fid_1": 1372.0, "id_munic": 164.0, "munic_clus": "147_164", "munic_code": 147.0, "min": 3.3230593204498291, "max": 3.3230593204498291, "mean": 3.3230593204498291, "count": 4, "std": 0.0, "range": 0.0 }, "geometry": { "type": "Polygon", "coordinates": [ [ [ 720700.0, 6176700.0 ], [ 720800.0, 6176700.0 ], [ 720800.0, 6176800.0 ], [ 720900.0, 6176800.0 ], [ 720900.0, 6176700.0 ], [ 720900.0, 6176600.0 ], [ 720800.0, 6176600.0 ], [ 720800.0, 6176500.0 ], [ 720700.0, 6176500.0 ], [ 720700.0, 6176600.0 ], [ 720700.0, 6176700.0 ] ] ] } },
{ "type": "Feature", "properties": { "Shape_Area": 40000.0, "Shape_Leng": 800.0, "cluster_id": "147_165", "fid_1": 1373.0, "id_munic": 165.0, "munic_clus": "147_165", "munic_code": 147.0, "min": 3.0856378078460693, "max": 3.0856378078460693, "mean": 3.0856378078460693, "count": 4, "std": 0.0, "range": 0.0 }, "geometry": { "type": "Polygon", "coordinates": [ [ [ 720700.0, 6176600.0 ], [ 720600.0, 6176600.0 ], [ 720500.0, 6176600.0 ], [ 720500.0, 6176700.0 ], [ 720500.0, 6176800.0 ], [ 720600.0, 6176800.0 ], [ 720700.0, 6176800.0 ], [ 720700.0, 6176700.0 ], [ 720700.0, 6176600.0 ] ] ] } },
{ "type": "Feature", "properties": { "Shape_Area": 50000.0, "Shape_Leng": 1000.0, "cluster_id": "147_166", "fid_1": 1374.0, "id_munic": 166.0, "munic_clus": "147_166", "munic_code": 147.0, "min": 2.981839656829834, "max": 2.981839656829834, "mean": 2.9818397521972657, "count": 5, "std": 9.5367431729442842e-08, "range": 0.0 }, "geometry": { "type": "Polygon", "coordinates": [ [ [ 721300.0, 6177000.0 ], [ 721200.0, 6177000.0 ], [ 721100.0, 6177000.0 ], [ 721100.0, 6177100.0 ], [ 721000.0, 6177100.0 ], [ 721000.0, 6177200.0 ], [ 721100.0, 6177200.0 ], [ 721200.0, 6177200.0 ], [ 721300.0, 6177200.0 ], [ 721300.0, 6177100.0 ], [ 721300.0, 6177000.0 ] ] ] } },
{ "type": "Feature", "properties": { "Shape_Area": 20000.0, "Shape_Leng": 600.0, "cluster_id": "147_167", "fid_1": 1375.0, "id_munic": 167.0, "munic_clus": "147_167", "munic_code": 147.0, "min": 3.6082973480224609, "max": 3.6082973480224609, "mean": 3.6082973480224609, "count": 2, "std": 0.0, "range": 0.0 }, "geometry": { "type": "Polygon", "coordinates": [ [ [ 721300.0, 6177100.0 ], [ 721400.0, 6177100.0 ], [ 721500.0, 6177100.0 ], [ 721500.0, 6177000.0 ], [ 721400.0, 6177000.0 ], [ 721300.0, 6177000.0 ], [ 721300.0, 6177100.0 ] ] ] } },
{ "type": "Feature", "properties": { "Shape_Area": 40000.0, "Shape_Leng": 800.0, "cluster_id": "147_168", "fid_1": 1376.0, "id_munic": 168.0, "munic_clus": "147_168", "munic_code": 147.0, "min": 2.7229256629943848, "max": 2.7229256629943848, "mean": 2.7229256629943848, "count": 4, "std": 0.0, "range": 0.0 }, "geometry": { "type": "Polygon", "coordinates": [ [ [ 721000.0, 6177000.0 ], [ 720900.0, 6177000.0 ], [ 720800.0, 6177000.0 ], [ 720800.0, 6177100.0 ], [ 720800.0, 6177200.0 ], [ 720900.0, 6177200.0 ], [ 721000.0, 6177200.0 ], [ 721000.0, 6177100.0 ], [ 721000.0, 6177000.0 ] ] ] } },
{ "type": "Feature", "properties": { "Shape_Area": 60000.0, "Shape_Leng": 1200.0, "cluster_id": "147_169", "fid_1": 1377.0, "id_munic": 169.0, "munic_clus": "147_169", "munic_code": 147.0, "min": 3.6741087436676025, "max": 3.6741087436676025, "mean": 3.6741088231404624, "count": 6, "std": 7.947285984855057e-08, "range": 0.0 }, "geometry": { "type": "Polygon", "coordinates": [ [ [ 721100.0, 6176800.0 ], [ 721000.0, 6176800.0 ], [ 720900.0, 6176800.0 ], [ 720900.0, 6176900.0 ], [ 720800.0, 6176900.0 ], [ 720800.0, 6177000.0 ], [ 720900.0, 6177000.0 ], [ 721000.0, 6177000.0 ], [ 721000.0, 6177100.0 ], [ 721100.0, 6177100.0 ], [ 721100.0, 6177000.0 ], [ 721100.0, 6176900.0 ], [ 721100.0, 6176800.0 ] ] ] } },
{ "type": "Feature", "properties": { "Shape_Area": 20000.0, "Shape_Leng": 600.0, "cluster_id": "147_170", "fid_1": 1378.0, "id_munic": 170.0, "munic_clus": "147_170", "munic_code": 147.0, "min": 3.1231260299682617, "max": 3.1231260299682617, "mean": 3.1231260299682617, "count": 2, "std": 0.0, "range": 0.0 }, "geometry": { "type": "Polygon", "coordinates": [ [ [ 722100.0, 6176000.0 ], [ 722200.0, 6176000.0 ], [ 722300.0, 6176000.0 ], [ 722300.0, 6175900.0 ], [ 722200.0, 6175900.0 ], [ 722100.0, 6175900.0 ], [ 722100.0, 6176000.0 ] ] ] } },
{ "type": "Feature", "properties": { "Shape_Area": 10000.0, "Shape_Leng": 400.0, "cluster_id": "147_171", "fid_1": 1379.0, "id_munic": 171.0, "munic_clus": "147_171", "munic_code": 147.0, "min": 3.2749083042144775, "max": 3.2749083042144775, "mean": 3.2749083042144775, "count": 1, "std": 0.0, "range": 0.0 }, "geometry": { "type": "Polygon", "coordinates": [ [ [ 722900.0, 6175800.0 ], [ 722900.0, 6175900.0 ], [ 723000.0, 6175900.0 ], [ 723000.0, 6175800.0 ], [ 722900.0, 6175800.0 ] ] ] } },
{ "type": "Feature", "properties": { "Shape_Area": 40000.0, "Shape_Leng": 1000.0, "cluster_id": "147_172", "fid_1": 1380.0, "id_munic": 172.0, "munic_clus": "147_172", "munic_code": 147.0, "min": 4.00616455078125, "max": 4.00616455078125, "mean": 4.00616455078125, "count": 4, "std": 0.0, "range": 0.0 }, "geometry": { "type": "Polygon", "coordinates": [ [ [ 723000.0, 6176000.0 ], [ 723000.0, 6175900.0 ], [ 722900.0, 6175900.0 ], [ 722800.0, 6175900.0 ], [ 722800.0, 6176000.0 ], [ 722700.0, 6176000.0 ], [ 722700.0, 6176100.0 ], [ 722800.0, 6176100.0 ], [ 722900.0, 6176100.0 ], [ 722900.0, 6176000.0 ], [ 723000.0, 6176000.0 ] ] ] } },
{ "type": "Feature", "properties": { "Shape_Area": 10000.0, "Shape_Leng": 400.0, "cluster_id": "147_173", "fid_1": 1381.0, "id_munic": 173.0, "munic_clus": "147_173", "munic_code": 147.0, "min": 3.5084972381591797, "max": 3.5084972381591797, "mean": 3.5084972381591797, "count": 1, "std": 0.0, "range": 0.0 }, "geometry": { "type": "Polygon", "coordinates": [ [ [ 722900.0, 6176000.0 ], [ 722900.0, 6176100.0 ], [ 723000.0, 6176100.0 ], [ 723000.0, 6176000.0 ], [ 722900.0, 6176000.0 ] ] ] } },
{ "type": "Feature", "properties": { "Shape_Area": 10000.0, "Shape_Leng": 400.0, "cluster_id": "147_174", "fid_1": 1382.0, "id_munic": 174.0, "munic_clus": "147_174", "munic_code": 147.0, "min": 2.7425863742828369, "max": 2.7425863742828369, "mean": 2.7425863742828369, "count": 1, "std": 0.0, "range": 0.0 }, "geometry": { "type": "Polygon", "coordinates": [ [ [ 723000.0, 6176100.0 ], [ 723000.0, 6176200.0 ], [ 723100.0, 6176200.0 ], [ 723100.0, 6176100.0 ], [ 723000.0, 6176100.0 ] ] ] } },
{ "type": "Feature", "properties": { "Shape_Area": 50000.0, "Shape_Leng": 1000.0, "cluster_id": "147_175", "fid_1": 1383.0, "id_munic": 175.0, "munic_clus": "147_175", "munic_code": 147.0, "min": 3.0798070430755615, "max": 3.0798070430755615, "mean": 3.0798070907592772, "count": 5, "std": 4.7683715642676816e-08, "range": 0.0 }, "geometry": { "type": "Polygon", "coordinates": [ [ [ 722800.0, 6176200.0 ], [ 722800.0, 6176300.0 ], [ 722900.0, 6176300.0 ], [ 723000.0, 6176300.0 ], [ 723000.0, 6176200.0 ], [ 723000.0, 6176100.0 ], [ 722900.0, 6176100.0 ], [ 722800.0, 6176100.0 ], [ 722700.0, 6176100.0 ], [ 722700.0, 6176200.0 ], [ 722800.0, 6176200.0 ] ] ] } },
{ "type": "Feature", "properties": { "Shape_Area": 10000.0, "Shape_Leng": 400.0, "cluster_id": "147_176", "fid_1": 1384.0, "id_munic": 176.0, "munic_clus": "147_176", "munic_code": 147.0, "min": 2.6317894458770752, "max": 2.6317894458770752, "mean": 2.6317894458770752, "count": 1, "std": 0.0, "range": 0.0 }, "geometry": { "type": "Polygon", "coordinates": [ [ [ 722600.0, 6175800.0 ], [ 722600.0, 6175900.0 ], [ 722700.0, 6175900.0 ], [ 722700.0, 6175800.0 ], [ 722600.0, 6175800.0 ] ] ] } },
{ "type": "Feature", "properties": { "Shape_Area": 20000.0, "Shape_Leng": 600.0, "cluster_id": "147_177", "fid_1": 1385.0, "id_munic": 177.0, "munic_clus": "147_177", "munic_code": 147.0, "min": 2.49383544921875, "max": 2.49383544921875, "mean": 2.49383544921875, "count": 2, "std": 0.0, "range": 0.0 }, "geometry": { "type": "Polygon", "coordinates": [ [ [ 722300.0, 6176000.0 ], [ 722400.0, 6176000.0 ], [ 722500.0, 6176000.0 ], [ 722500.0, 6175900.0 ], [ 722400.0, 6175900.0 ], [ 722300.0, 6175900.0 ], [ 722300.0, 6176000.0 ] ] ] } },
{ "type": "Feature", "properties": { "Shape_Area": 30000.0, "Shape_Leng": 800.0, "cluster_id": "147_178", "fid_1": 1386.0, "id_munic": 178.0, "munic_clus": "147_178", "munic_code": 147.0, "min": 2.9371879100799561, "max": 2.9371879100799561, "mean": 2.9371878306070962, "count": 3, "std": 7.947285984855057e-08, "range": 0.0 }, "geometry": { "type": "Polygon", "coordinates": [ [ [ 722400.0, 6175900.0 ], [ 722500.0, 6175900.0 ], [ 722500.0, 6176000.0 ], [ 722600.0, 6176000.0 ], [ 722600.0, 6175900.0 ], [ 722600.0, 6175800.0 ], [ 722500.0, 6175800.0 ], [ 722400.0, 6175800.0 ], [ 722400.0, 6175900.0 ] ] ] } },
{ "type": "Feature", "properties": { "Shape_Area": 50000.0, "Shape_Leng": 1000.0, "cluster_id": "147_179", "fid_1": 1387.0, "id_munic": 179.0, "munic_clus": "147_179", "munic_code": 147.0, "min": 3.1889369487762451, "max": 3.1889369487762451, "mean": 3.1889369964599608, "count": 5, "std": 4.7683715642676816e-08, "range": 0.0 }, "geometry": { "type": "Polygon", "coordinates": [ [ [ 722100.0, 6175500.0 ], [ 722000.0, 6175500.0 ], [ 722000.0, 6175600.0 ], [ 721900.0, 6175600.0 ], [ 721900.0, 6175700.0 ], [ 721900.0, 6175800.0 ], [ 722000.0, 6175800.0 ], [ 722100.0, 6175800.0 ], [ 722100.0, 6175700.0 ], [ 722100.0, 6175600.0 ], [ 722100.0, 6175500.0 ] ] ] } },
{ "type": "Feature", "properties": { "Shape_Area": 170000.0, "Shape_Leng": 1800.0, "cluster_id": "147_180", "fid_1": 1388.0, "id_munic": 180.0, "munic_clus": "147_180", "munic_code": 147.0, "min": 2.796900749206543, "max": 2.796900749206543, "mean": 2.7969010296989891, "count": 17, "std": 2.804924461585756e-07, "range": 0.0 }, "geometry": { "type": "Polygon", "coordinates": [ [ [ 721800.0, 6175100.0 ], [ 721700.0, 6175100.0 ], [ 721600.0, 6175100.0 ], [ 721600.0, 6175200.0 ], [ 721600.0, 6175300.0 ], [ 721600.0, 6175400.0 ], [ 721700.0, 6175400.0 ], [ 721800.0, 6175400.0 ], [ 721900.0, 6175400.0 ], [ 721900.0, 6175500.0 ], [ 722000.0, 6175500.0 ], [ 722100.0, 6175500.0 ], [ 722100.0, 6175400.0 ], [ 722100.0, 6175300.0 ], [ 722100.0, 6175200.0 ], [ 722100.0, 6175100.0 ], [ 722000.0, 6175100.0 ], [ 721900.0, 6175100.0 ], [ 721800.0, 6175100.0 ] ] ] } },
{ "type": "Feature", "properties": { "Shape_Area": 10000.0, "Shape_Leng": 400.0, "cluster_id": "147_181", "fid_1": 1389.0, "id_munic": 181.0, "munic_clus": "147_181", "munic_code": 147.0, "min": 2.3373875617980957, "max": 2.3373875617980957, "mean": 2.3373875617980957, "count": 1, "std": 0.0, "range": 0.0 }, "geometry": { "type": "Polygon", "coordinates": [ [ [ 722600.0, 6175900.0 ], [ 722600.0, 6176000.0 ], [ 722700.0, 6176000.0 ], [ 722700.0, 6175900.0 ], [ 722600.0, 6175900.0 ] ] ] } },
{ "type": "Feature", "properties": { "Shape_Area": 30000.0, "Shape_Leng": 800.0, "cluster_id": "147_182", "fid_1": 1390.0, "id_munic": 182.0, "munic_clus": "147_182", "munic_code": 147.0, "min": 2.7665777206420898, "max": 2.7665777206420898, "mean": 2.7665777206420898, "count": 3, "std": 0.0, "range": 0.0 }, "geometry": { "type": "Polygon", "coordinates": [ [ [ 722100.0, 6176100.0 ], [ 722200.0, 6176100.0 ], [ 722200.0, 6176200.0 ], [ 722300.0, 6176200.0 ], [ 722300.0, 6176100.0 ], [ 722300.0, 6176000.0 ], [ 722200.0, 6176000.0 ], [ 722100.0, 6176000.0 ], [ 722100.0, 6176100.0 ] ] ] } },
{ "type": "Feature", "properties": { "Shape_Area": 170000.0, "Shape_Leng": 2000.0, "cluster_id": "147_183", "fid_1": 1391.0, "id_munic": 183.0, "munic_clus": "147_183", "munic_code": 147.0, "min": 3.0379881858825684, "max": 3.0379881858825684, "mean": 3.0379881017348347, "count": 17, "std": 8.4147733669936984e-08, "range": 0.0 }, "geometry": { "type": "Polygon", "coordinates": [ [ [ 722300.0, 6176000.0 ], [ 722300.0, 6176100.0 ], [ 722300.0, 6176200.0 ], [ 722200.0, 6176200.0 ], [ 722200.0, 6176300.0 ], [ 722300.0, 6176300.0 ], [ 722400.0, 6176300.0 ], [ 722400.0, 6176400.0 ], [ 722500.0, 6176400.0 ], [ 722600.0, 6176400.0 ], [ 722700.0, 6176400.0 ], [ 722700.0, 6176300.0 ], [ 722800.0, 6176300.0 ], [ 722800.0, 6176200.0 ], [ 722700.0, 6176200.0 ], [ 722700.0, 6176100.0 ], [ 722700.0, 6176000.0 ], [ 722600.0, 6176000.0 ], [ 722500.0, 6176000.0 ], [ 722400.0, 6176000.0 ], [ 722300.0, 6176000.0 ] ] ] } },
{ "type": "Feature", "properties": { "Shape_Area": 30000.0, "Shape_Leng": 800.0, "cluster_id": "147_184", "fid_1": 1392.0, "id_munic": 184.0, "munic_clus": "147_184", "munic_code": 147.0, "min": 3.4270243644714355, "max": 3.4270243644714355, "mean": 3.4270242055257163, "count": 3, "std": 1.5894571925301193e-07, "range": 0.0 }, "geometry": { "type": "Polygon", "coordinates": [ [ [ 723400.0, 6176300.0 ], [ 723400.0, 6176400.0 ], [ 723500.0, 6176400.0 ], [ 723600.0, 6176400.0 ], [ 723600.0, 6176300.0 ], [ 723500.0, 6176300.0 ], [ 723500.0, 6176200.0 ], [ 723400.0, 6176200.0 ], [ 723400.0, 6176300.0 ] ] ] } },
{ "type": "Feature", "properties": { "Shape_Area": 30000.0, "Shape_Leng": 800.0, "cluster_id": "147_185", "fid_1": 1393.0, "id_munic": 185.0, "munic_clus": "147_185", "munic_code": 147.0, "min": 3.7530829906463623, "max": 3.7530829906463623, "mean": 3.7530829111735025, "count": 3, "std": 7.947285984855057e-08, "range": 0.0 }, "geometry": { "type": "Polygon", "coordinates": [ [ [ 723500.0, 6176100.0 ], [ 723500.0, 6176200.0 ], [ 723500.0, 6176300.0 ], [ 723600.0, 6176300.0 ], [ 723600.0, 6176200.0 ], [ 723600.0, 6176100.0 ], [ 723600.0, 6176000.0 ], [ 723500.0, 6176000.0 ], [ 723500.0, 6176100.0 ] ] ] } },
{ "type": "Feature", "properties": { "Shape_Area": 40000.0, "Shape_Leng": 1000.0, "cluster_id": "147_186", "fid_1": 1394.0, "id_munic": 186.0, "munic_clus": "147_186", "munic_code": 147.0, "min": 3.1641120910644531, "max": 3.1641120910644531, "mean": 3.1641120910644531, "count": 4, "std": 0.0, "range": 0.0 }, "geometry": { "type": "Polygon", "coordinates": [ [ [ 723400.0, 6176200.0 ], [ 723300.0, 6176200.0 ], [ 723300.0, 6176300.0 ], [ 723200.0, 6176300.0 ], [ 723100.0, 6176300.0 ], [ 723100.0, 6176400.0 ], [ 723200.0, 6176400.0 ], [ 723300.0, 6176400.0 ], [ 723400.0, 6176400.0 ], [ 723400.0, 6176300.0 ], [ 723400.0, 6176200.0 ] ] ] } },
{ "type": "Feature", "properties": { "Shape_Area": 20000.0, "Shape_Leng": 600.0, "cluster_id": "147_187", "fid_1": 1395.0, "id_munic": 187.0, "munic_clus": "147_187", "munic_code": 147.0, "min": 3.7562479972839355, "max": 3.7562479972839355, "mean": 3.7562479972839355, "count": 2, "std": 0.0, "range": 0.0 }, "geometry": { "type": "Polygon", "coordinates": [ [ [ 723200.0, 6176200.0 ], [ 723300.0, 6176200.0 ], [ 723400.0, 6176200.0 ], [ 723400.0, 6176100.0 ], [ 723300.0, 6176100.0 ], [ 723200.0, 6176100.0 ], [ 723200.0, 6176200.0 ] ] ] } },
{ "type": "Feature", "properties": { "Shape_Area": 30000.0, "Shape_Leng": 800.0, "cluster_id": "147_188", "fid_1": 1396.0, "id_munic": 188.0, "munic_clus": "147_188", "munic_code": 147.0, "min": 2.5499837398529053, "max": 2.5499837398529053, "mean": 2.5499836603800454, "count": 3, "std": 7.947285984855057e-08, "range": 0.0 }, "geometry": { "type": "Polygon", "coordinates": [ [ [ 723100.0, 6176200.0 ], [ 723100.0, 6176300.0 ], [ 723200.0, 6176300.0 ], [ 723300.0, 6176300.0 ], [ 723300.0, 6176200.0 ], [ 723200.0, 6176200.0 ], [ 723200.0, 6176100.0 ], [ 723100.0, 6176100.0 ], [ 723100.0, 6176200.0 ] ] ] } },
{ "type": "Feature", "properties": { "Shape_Area": 20000.0, "Shape_Leng": 600.0, "cluster_id": "147_189", "fid_1": 1397.0, "id_munic": 189.0, "munic_clus": "147_189", "munic_code": 147.0, "min": 3.2100968360900879, "max": 3.2100968360900879, "mean": 3.2100968360900879, "count": 2, "std": 0.0, "range": 0.0 }, "geometry": { "type": "Polygon", "coordinates": [ [ [ 723400.0, 6176100.0 ], [ 723400.0, 6176200.0 ], [ 723500.0, 6176200.0 ], [ 723500.0, 6176100.0 ], [ 723500.0, 6176000.0 ], [ 723400.0, 6176000.0 ], [ 723400.0, 6176100.0 ] ] ] } },
{ "type": "Feature", "properties": { "Shape_Area": 20000.0, "Shape_Leng": 600.0, "cluster_id": "147_190", "fid_1": 1398.0, "id_munic": 190.0, "munic_clus": "147_190", "munic_code": 147.0, "min": 3.304732084274292, "max": 3.304732084274292, "mean": 3.304732084274292, "count": 2, "std": 0.0, "range": 0.0 }, "geometry": { "type": "Polygon", "coordinates": [ [ [ 720700.0, 6175800.0 ], [ 720700.0, 6175900.0 ], [ 720800.0, 6175900.0 ], [ 720800.0, 6175800.0 ], [ 720800.0, 6175700.0 ], [ 720700.0, 6175700.0 ], [ 720700.0, 6175800.0 ] ] ] } },
{ "type": "Feature", "properties": { "Shape_Area": 40000.0, "Shape_Leng": 1000.0, "cluster_id": "147_191", "fid_1": 1399.0, "id_munic": 191.0, "munic_clus": "147_191", "munic_code": 147.0, "min": 3.6574482917785645, "max": 3.6574482917785645, "mean": 3.6574482917785645, "count": 4, "std": 0.0, "range": 0.0 }, "geometry": { "type": "Polygon", "coordinates": [ [ [ 720800.0, 6175600.0 ], [ 720900.0, 6175600.0 ], [ 721000.0, 6175600.0 ], [ 721100.0, 6175600.0 ], [ 721100.0, 6175500.0 ], [ 721000.0, 6175500.0 ], [ 720900.0, 6175500.0 ], [ 720800.0, 6175500.0 ], [ 720700.0, 6175500.0 ], [ 720700.0, 6175600.0 ], [ 720800.0, 6175600.0 ] ] ] } },
{ "type": "Feature", "properties": { "Shape_Area": 20000.0, "Shape_Leng": 600.0, "cluster_id": "147_192", "fid_1": 1400.0, "id_munic": 192.0, "munic_clus": "147_192", "munic_code": 147.0, "min": 3.8260583877563477, "max": 3.8260583877563477, "mean": 3.8260583877563477, "count": 2, "std": 0.0, "range": 0.0 }, "geometry": { "type": "Polygon", "coordinates": [ [ [ 721100.0, 6175700.0 ], [ 721200.0, 6175700.0 ], [ 721300.0, 6175700.0 ], [ 721300.0, 6175600.0 ], [ 721200.0, 6175600.0 ], [ 721100.0, 6175600.0 ], [ 721100.0, 6175700.0 ] ] ] } },
{ "type": "Feature", "properties": { "Shape_Area": 20000.0, "Shape_Leng": 600.0, "cluster_id": "147_193", "fid_1": 1401.0, "id_munic": 193.0, "munic_clus": "147_193", "munic_code": 147.0, "min": 3.5733094215393066, "max": 3.5733094215393066, "mean": 3.5733094215393066, "count": 2, "std": 0.0, "range": 0.0 }, "geometry": { "type": "Polygon", "coordinates": [ [ [ 721100.0, 6175600.0 ], [ 721200.0, 6175600.0 ], [ 721300.0, 6175600.0 ], [ 721300.0, 6175500.0 ], [ 721200.0, 6175500.0 ], [ 721100.0, 6175500.0 ], [ 721100.0, 6175600.0 ] ] ] } },
{ "type": "Feature", "properties": { "Shape_Area": 50000.0, "Shape_Leng": 1000.0, "cluster_id": "147_194", "fid_1": 1402.0, "id_munic": 194.0, "munic_clus": "147_194", "munic_code": 147.0, "min": 3.0999667644500732, "max": 3.0999667644500732, "mean": 3.0999668121337889, "count": 5, "std": 4.7683715642676816e-08, "range": 0.0 }, "geometry": { "type": "Polygon", "coordinates": [ [ [ 721100.0, 6175600.0 ], [ 721000.0, 6175600.0 ], [ 720900.0, 6175600.0 ], [ 720900.0, 6175700.0 ], [ 720900.0, 6175800.0 ], [ 721000.0, 6175800.0 ], [ 721100.0, 6175800.0 ], [ 721200.0, 6175800.0 ], [ 721200.0, 6175700.0 ], [ 721100.0, 6175700.0 ], [ 721100.0, 6175600.0 ] ] ] } },
{ "type": "Feature", "properties": { "Shape_Area": 140000.0, "Shape_Leng": 2200.0, "cluster_id": "147_195", "fid_1": 1403.0, "id_munic": 195.0, "munic_clus": "147_195", "munic_code": 147.0, "min": 3.6872711181640625, "max": 3.6872711181640625, "mean": 3.6872711181640625, "count": 14, "std": 0.0, "range": 0.0 }, "geometry": { "type": "Polygon", "coordinates": [ [ [ 720800.0, 6175800.0 ], [ 720800.0, 6175900.0 ], [ 720900.0, 6175900.0 ], [ 720900.0, 6176000.0 ], [ 721000.0, 6176000.0 ], [ 721100.0, 6176000.0 ], [ 721200.0, 6176000.0 ], [ 721300.0, 6176000.0 ], [ 721400.0, 6176000.0 ], [ 721400.0, 6175900.0 ], [ 721400.0, 6175800.0 ], [ 721300.0, 6175800.0 ], [ 721200.0, 6175800.0 ], [ 721100.0, 6175800.0 ], [ 721000.0, 6175800.0 ], [ 720900.0, 6175800.0 ], [ 720900.0, 6175700.0 ], [ 720900.0, 6175600.0 ], [ 720800.0, 6175600.0 ], [ 720700.0, 6175600.0 ], [ 720700.0, 6175700.0 ], [ 720800.0, 6175700.0 ], [ 720800.0, 6175800.0 ] ] ] } },
{ "type": "Feature", "properties": { "Shape_Area": 110000.0, "Shape_Leng": 1400.0, "cluster_id": "147_196", "fid_1": 1404.0, "id_munic": 196.0, "munic_clus": "147_196", "munic_code": 147.0, "min": 3.4335229396820068, "max": 3.4335229396820068, "mean": 3.4335226579145952, "count": 11, "std": 2.8176741162511121e-07, "range": 0.0 }, "geometry": { "type": "Polygon", "coordinates": [ [ [ 720600.0, 6175200.0 ], [ 720500.0, 6175200.0 ], [ 720500.0, 6175300.0 ], [ 720500.0, 6175400.0 ], [ 720500.0, 6175500.0 ], [ 720500.0, 6175600.0 ], [ 720600.0, 6175600.0 ], [ 720700.0, 6175600.0 ], [ 720700.0, 6175500.0 ], [ 720800.0, 6175500.0 ], [ 720800.0, 6175400.0 ], [ 720800.0, 6175300.0 ], [ 720800.0, 6175200.0 ], [ 720700.0, 6175200.0 ], [ 720600.0, 6175200.0 ] ] ] } },
{ "type": "Feature", "properties": { "Shape_Area": 40000.0, "Shape_Leng": 1000.0, "cluster_id": "147_197", "fid_1": 1405.0, "id_munic": 197.0, "munic_clus": "147_197", "munic_code": 147.0, "min": 3.5121626853942871, "max": 3.5121626853942871, "mean": 3.5121626853942871, "count": 4, "std": 0.0, "range": 0.0 }, "geometry": { "type": "Polygon", "coordinates": [ [ [ 720600.0, 6175700.0 ], [ 720600.0, 6175800.0 ], [ 720600.0, 6175900.0 ], [ 720700.0, 6175900.0 ], [ 720700.0, 6175800.0 ], [ 720700.0, 6175700.0 ], [ 720700.0, 6175600.0 ], [ 720600.0, 6175600.0 ], [ 720500.0, 6175600.0 ], [ 720500.0, 6175700.0 ], [ 720600.0, 6175700.0 ] ] ] } },
{ "type": "Feature", "properties": { "Shape_Area": 30000.0, "Shape_Leng": 800.0, "cluster_id": "147_198", "fid_1": 1406.0, "id_munic": 198.0, "munic_clus": "147_198", "munic_code": 147.0, "min": 3.0151615142822266, "max": 3.0151615142822266, "mean": 3.0151615142822266, "count": 3, "std": 0.0, "range": 0.0 }, "geometry": { "type": "Polygon", "coordinates": [ [ [ 721300.0, 6176600.0 ], [ 721400.0, 6176600.0 ], [ 721500.0, 6176600.0 ], [ 721600.0, 6176600.0 ], [ 721600.0, 6176500.0 ], [ 721500.0, 6176500.0 ], [ 721400.0, 6176500.0 ], [ 721300.0, 6176500.0 ], [ 721300.0, 6176600.0 ] ] ] } },
{ "type": "Feature", "properties": { "Shape_Area": 20000.0, "Shape_Leng": 600.0, "cluster_id": "147_199", "fid_1": 1407.0, "id_munic": 199.0, "munic_clus": "147_199", "munic_code": 147.0, "min": 3.8248920440673828, "max": 3.8248920440673828, "mean": 3.8248920440673828, "count": 2, "std": 0.0, "range": 0.0 }, "geometry": { "type": "Polygon", "coordinates": [ [ [ 721400.0, 6176400.0 ], [ 721400.0, 6176500.0 ], [ 721500.0, 6176500.0 ], [ 721500.0, 6176400.0 ], [ 721500.0, 6176300.0 ], [ 721400.0, 6176300.0 ], [ 721400.0, 6176400.0 ] ] ] } },
{ "type": "Feature", "properties": { "Shape_Area": 30000.0, "Shape_Leng": 800.0, "cluster_id": "147_200", "fid_1": 1408.0, "id_munic": 200.0, "munic_clus": "147_200", "munic_code": 147.0, "min": 3.5823061466217041, "max": 3.5823061466217041, "mean": 3.582306226094564, "count": 3, "std": 7.947285984855057e-08, "range": 0.0 }, "geometry": { "type": "Polygon", "coordinates": [ [ [ 720800.0, 6176300.0 ], [ 720900.0, 6176300.0 ], [ 721000.0, 6176300.0 ], [ 721100.0, 6176300.0 ], [ 721100.0, 6176200.0 ], [ 721000.0, 6176200.0 ], [ 720900.0, 6176200.0 ], [ 720800.0, 6176200.0 ], [ 720800.0, 6176300.0 ] ] ] } },
{ "type": "Feature", "properties": { "Shape_Area": 10000.0, "Shape_Leng": 400.0, "cluster_id": "147_201", "fid_1": 1409.0, "id_munic": 201.0, "munic_clus": "147_201", "munic_code": 147.0, "min": 3.0873048305511475, "max": 3.0873048305511475, "mean": 3.0873048305511475, "count": 1, "std": 0.0, "range": 0.0 }, "geometry": { "type": "Polygon", "coordinates": [ [ [ 720700.0, 6176300.0 ], [ 720700.0, 6176400.0 ], [ 720800.0, 6176400.0 ], [ 720800.0, 6176300.0 ], [ 720700.0, 6176300.0 ] ] ] } },
{ "type": "Feature", "properties": { "Shape_Area": 10000.0, "Shape_Leng": 400.0, "cluster_id": "147_202", "fid_1": 1410.0, "id_munic": 202.0, "munic_clus": "147_202", "munic_code": 147.0, "min": 2.4718432426452637, "max": 2.4718432426452637, "mean": 2.4718432426452637, "count": 1, "std": 0.0, "range": 0.0 }, "geometry": { "type": "Polygon", "coordinates": [ [ [ 721100.0, 6176200.0 ], [ 721100.0, 6176300.0 ], [ 721200.0, 6176300.0 ], [ 721200.0, 6176200.0 ], [ 721100.0, 6176200.0 ] ] ] } },
{ "type": "Feature", "properties": { "Shape_Area": 70000.0, "Shape_Leng": 1600.0, "cluster_id": "147_203", "fid_1": 1411.0, "id_munic": 203.0, "munic_clus": "147_203", "munic_code": 147.0, "min": 3.2445852756500244, "max": 3.2445852756500244, "mean": 3.2445853097098216, "count": 7, "std": 3.4059797204832876e-08, "range": 0.0 }, "geometry": { "type": "Polygon", "coordinates": [ [ [ 721000.0, 6176400.0 ], [ 721100.0, 6176400.0 ], [ 721200.0, 6176400.0 ], [ 721300.0, 6176400.0 ], [ 721400.0, 6176400.0 ], [ 721400.0, 6176300.0 ], [ 721300.0, 6176300.0 ], [ 721200.0, 6176300.0 ], [ 721100.0, 6176300.0 ], [ 721000.0, 6176300.0 ], [ 720900.0, 6176300.0 ], [ 720800.0, 6176300.0 ], [ 720800.0, 6176400.0 ], [ 720800.0, 6176500.0 ], [ 720900.0, 6176500.0 ], [ 720900.0, 6176400.0 ], [ 721000.0, 6176400.0 ] ] ] } },
{ "type": "Feature", "properties": { "Shape_Area": 20000.0, "Shape_Leng": 600.0, "cluster_id": "147_204", "fid_1": 1412.0, "id_munic": 204.0, "munic_clus": "147_204", "munic_code": 147.0, "min": 3.7029328346252441, "max": 3.7029328346252441, "mean": 3.7029328346252441, "count": 2, "std": 0.0, "range": 0.0 }, "geometry": { "type": "Polygon", "coordinates": [ [ [ 721200.0, 6176300.0 ], [ 721300.0, 6176300.0 ], [ 721400.0, 6176300.0 ], [ 721400.0, 6176200.0 ], [ 721300.0, 6176200.0 ], [ 721200.0, 6176200.0 ], [ 721200.0, 6176300.0 ] ] ] } },
{ "type": "Feature", "properties": { "Shape_Area": 50000.0, "Shape_Leng": 1200.0, "cluster_id": "147_205", "fid_1": 1413.0, "id_munic": 205.0, "munic_clus": "147_205", "munic_code": 147.0, "min": 4.2417526245117188, "max": 4.2417526245117188, "mean": 4.2417526245117188, "count": 5, "std": 0.0, "range": 0.0 }, "geometry": { "type": "Polygon", "coordinates": [ [ [ 721400.0, 6176500.0 ], [ 721400.0, 6176400.0 ], [ 721300.0, 6176400.0 ], [ 721200.0, 6176400.0 ], [ 721200.0, 6176500.0 ], [ 721200.0, 6176600.0 ], [ 721100.0, 6176600.0 ], [ 721100.0, 6176700.0 ], [ 721200.0, 6176700.0 ], [ 721300.0, 6176700.0 ], [ 721300.0, 6176600.0 ], [ 721300.0, 6176500.0 ], [ 721400.0, 6176500.0 ] ] ] } },
{ "type": "Feature", "properties": { "Shape_Area": 40000.0, "Shape_Leng": 800.0, "cluster_id": "147_206", "fid_1": 1414.0, "id_munic": 206.0, "munic_clus": "147_206", "munic_code": 147.0, "min": 2.9588472843170166, "max": 2.9588472843170166, "mean": 2.9588472843170166, "count": 4, "std": 0.0, "range": 0.0 }, "geometry": { "type": "Polygon", "coordinates": [ [ [ 722100.0, 6175800.0 ], [ 722000.0, 6175800.0 ], [ 721900.0, 6175800.0 ], [ 721900.0, 6175900.0 ], [ 721900.0, 6176000.0 ], [ 722000.0, 6176000.0 ], [ 722100.0, 6176000.0 ], [ 722100.0, 6175900.0 ], [ 722100.0, 6175800.0 ] ] ] } },
{ "type": "Feature", "properties": { "Shape_Area": 370000.0, "Shape_Leng": 2800.0, "cluster_id": "147_207", "fid_1": 1415.0, "id_munic": 207.0, "munic_clus": "147_207", "munic_code": 147.0, "min": 3.1202936172485352, "max": 3.1202936172485352, "mean": 3.1202936945734798, "count": 37, "std": 7.7324944669499018e-08, "range": 0.0 }, "geometry": { "type": "Polygon", "coordinates": [ [ [ 721300.0, 6174700.0 ], [ 721200.0, 6174700.0 ], [ 721200.0, 6174800.0 ], [ 721200.0, 6174900.0 ], [ 721200.0, 6175000.0 ], [ 721200.0, 6175100.0 ], [ 721200.0, 6175200.0 ], [ 721300.0, 6175200.0 ], [ 721400.0, 6175200.0 ], [ 721500.0, 6175200.0 ], [ 721500.0, 6175100.0 ], [ 721600.0, 6175100.0 ], [ 721700.0, 6175100.0 ], [ 721800.0, 6175100.0 ], [ 721900.0, 6175100.0 ], [ 722000.0, 6175100.0 ], [ 722000.0, 6175000.0 ], [ 722000.0, 6174900.0 ], [ 722000.0, 6174800.0 ], [ 722000.0, 6174700.0 ], [ 721900.0, 6174700.0 ], [ 721800.0, 6174700.0 ], [ 721700.0, 6174700.0 ], [ 721700.0, 6174600.0 ], [ 721600.0, 6174600.0 ], [ 721500.0, 6174600.0 ], [ 721500.0, 6174700.0 ], [ 721400.0, 6174700.0 ], [ 721300.0, 6174700.0 ] ] ] } },
{ "type": "Feature", "properties": { "Shape_Area": 130000.0, "Shape_Leng": 1800.0, "cluster_id": "147_208", "fid_1": 1416.0, "id_munic": 208.0, "munic_clus": "147_208", "munic_code": 147.0, "min": 3.5351550579071045, "max": 3.5351550579071045, "mean": 3.535155076246995, "count": 13, "std": 1.8339890495155942e-08, "range": 0.0 }, "geometry": { "type": "Polygon", "coordinates": [ [ [ 720400.0, 6174800.0 ], [ 720300.0, 6174800.0 ], [ 720200.0, 6174800.0 ], [ 720100.0, 6174800.0 ], [ 720000.0, 6174800.0 ], [ 719900.0, 6174800.0 ], [ 719900.0, 6174900.0 ], [ 719800.0, 6174900.0 ], [ 719800.0, 6175000.0 ], [ 719900.0, 6175000.0 ], [ 719900.0, 6175100.0 ], [ 720000.0, 6175100.0 ], [ 720100.0, 6175100.0 ], [ 720100.0, 6175000.0 ], [ 720200.0, 6175000.0 ], [ 720300.0, 6175000.0 ], [ 720400.0, 6175000.0 ], [ 720400.0, 6174900.0 ], [ 720400.0, 6174800.0 ] ] ] } },
{ "type": "Feature", "properties": { "Shape_Area": 40000.0, "Shape_Leng": 1000.0, "cluster_id": "147_209", "fid_1": 1417.0, "id_munic": 209.0, "munic_clus": "147_209", "munic_code": 147.0, "min": 3.2129294872283936, "max": 3.2129294872283936, "mean": 3.2129294872283936, "count": 4, "std": 0.0, "range": 0.0 }, "geometry": { "type": "Polygon", "coordinates": [ [ [ 720400.0, 6174900.0 ], [ 720400.0, 6175000.0 ], [ 720400.0, 6175100.0 ], [ 720400.0, 6175200.0 ], [ 720500.0, 6175200.0 ], [ 720500.0, 6175100.0 ], [ 720500.0, 6175000.0 ], [ 720500.0, 6174900.0 ], [ 720500.0, 6174800.0 ], [ 720400.0, 6174800.0 ], [ 720400.0, 6174900.0 ] ] ] } },
{ "type": "Feature", "properties": { "Shape_Area": 60000.0, "Shape_Leng": 1200.0, "cluster_id": "147_210", "fid_1": 1418.0, "id_munic": 210.0, "munic_clus": "147_210", "munic_code": 147.0, "min": 2.8015663623809814, "max": 2.8015663623809814, "mean": 2.8015664418538413, "count": 6, "std": 7.947285984855057e-08, "range": 0.0 }, "geometry": { "type": "Polygon", "coordinates": [ [ [ 720500.0, 6176800.0 ], [ 720400.0, 6176800.0 ], [ 720300.0, 6176800.0 ], [ 720200.0, 6176800.0 ], [ 720100.0, 6176800.0 ], [ 720100.0, 6176900.0 ], [ 720200.0, 6176900.0 ], [ 720300.0, 6176900.0 ], [ 720300.0, 6177000.0 ], [ 720400.0, 6177000.0 ], [ 720500.0, 6177000.0 ], [ 720500.0, 6176900.0 ], [ 720500.0, 6176800.0 ] ] ] } },
{ "type": "Feature", "properties": { "Shape_Area": 80000.0, "Shape_Leng": 1600.0, "cluster_id": "147_211", "fid_1": 1419.0, "id_munic": 211.0, "munic_clus": "147_211", "munic_code": 147.0, "min": 2.3242254257202148, "max": 2.3242254257202148, "mean": 2.3242254257202148, "count": 8, "std": 0.0, "range": 0.0 }, "geometry": { "type": "Polygon", "coordinates": [ [ [ 720100.0, 6176000.0 ], [ 720100.0, 6176100.0 ], [ 720100.0, 6176200.0 ], [ 720000.0, 6176200.0 ], [ 720000.0, 6176300.0 ], [ 720100.0, 6176300.0 ], [ 720200.0, 6176300.0 ], [ 720200.0, 6176200.0 ], [ 720200.0, 6176100.0 ], [ 720300.0, 6176100.0 ], [ 720300.0, 6176000.0 ], [ 720400.0, 6176000.0 ], [ 720400.0, 6175900.0 ], [ 720300.0, 6175900.0 ], [ 720200.0, 6175900.0 ], [ 720100.0, 6175900.0 ], [ 720100.0, 6176000.0 ] ] ] } },
{ "type": "Feature", "properties": { "Shape_Area": 50000.0, "Shape_Leng": 1000.0, "cluster_id": "147_212", "fid_1": 1420.0, "id_munic": 212.0, "munic_clus": "147_212", "munic_code": 147.0, "min": 2.9358546733856201, "max": 2.9358546733856201, "mean": 2.9358547210693358, "count": 5, "std": 4.7683715642676816e-08, "range": 0.0 }, "geometry": { "type": "Polygon", "coordinates": [ [ [ 722900.0, 6175700.0 ], [ 722800.0, 6175700.0 ], [ 722700.0, 6175700.0 ], [ 722700.0, 6175800.0 ], [ 722700.0, 6175900.0 ], [ 722700.0, 6176000.0 ], [ 722800.0, 6176000.0 ], [ 722800.0, 6175900.0 ], [ 722900.0, 6175900.0 ], [ 722900.0, 6175800.0 ], [ 722900.0, 6175700.0 ] ] ] } },
{ "type": "Feature", "properties": { "Shape_Area": 90000.0, "Shape_Leng": 1600.0, "cluster_id": "147_213", "fid_1": 1421.0, "id_munic": 213.0, "munic_clus": "147_213", "munic_code": 147.0, "min": 2.2882375717163086, "max": 2.2882375717163086, "mean": 2.2882376776801214, "count": 9, "std": 1.0596381283534129e-07, "range": 0.0 }, "geometry": { "type": "Polygon", "coordinates": [ [ [ 722100.0, 6177800.0 ], [ 722000.0, 6177800.0 ], [ 722000.0, 6177900.0 ], [ 721900.0, 6177900.0 ], [ 721900.0, 6178000.0 ], [ 722000.0, 6178000.0 ], [ 722100.0, 6178000.0 ], [ 722100.0, 6178100.0 ], [ 722200.0, 6178100.0 ], [ 722300.0, 6178100.0 ], [ 722300.0, 6178000.0 ], [ 722300.0, 6177900.0 ], [ 722200.0, 6177900.0 ], [ 722200.0, 6177800.0 ], [ 722200.0, 6177700.0 ], [ 722100.0, 6177700.0 ], [ 722100.0, 6177800.0 ] ] ] } },
{ "type": "Feature", "properties": { "Shape_Area": 90000.0, "Shape_Leng": 1400.0, "cluster_id": "147_214", "fid_1": 1422.0, "id_munic": 214.0, "munic_clus": "147_214", "munic_code": 147.0, "min": 2.0309901237487793, "max": 2.0309901237487793, "mean": 2.0309901767306857, "count": 9, "std": 5.2981906417670643e-08, "range": 0.0 }, "geometry": { "type": "Polygon", "coordinates": [ [ [ 721800.0, 6177600.0 ], [ 721800.0, 6177500.0 ], [ 721700.0, 6177500.0 ], [ 721600.0, 6177500.0 ], [ 721600.0, 6177600.0 ], [ 721500.0, 6177600.0 ], [ 721400.0, 6177600.0 ], [ 721400.0, 6177700.0 ], [ 721500.0, 6177700.0 ], [ 721500.0, 6177800.0 ], [ 721600.0, 6177800.0 ], [ 721700.0, 6177800.0 ], [ 721800.0, 6177800.0 ], [ 721800.0, 6177700.0 ], [ 721800.0, 6177600.0 ] ] ] } },
{ "type": "Feature", "properties": { "Shape_Area": 40000.0, "Shape_Leng": 800.0, "cluster_id": "147_215", "fid_1": 1423.0, "id_munic": 215.0, "munic_clus": "147_215", "munic_code": 147.0, "min": 3.202765941619873, "max": 3.202765941619873, "mean": 3.202765941619873, "count": 4, "std": 0.0, "range": 0.0 }, "geometry": { "type": "Polygon", "coordinates": [ [ [ 721800.0, 6177200.0 ], [ 721800.0, 6177100.0 ], [ 721800.0, 6177000.0 ], [ 721700.0, 6177000.0 ], [ 721600.0, 6177000.0 ], [ 721600.0, 6177100.0 ], [ 721600.0, 6177200.0 ], [ 721700.0, 6177200.0 ], [ 721800.0, 6177200.0 ] ] ] } },
{ "type": "Feature", "properties": { "Shape_Area": 60000.0, "Shape_Leng": 1200.0, "cluster_id": "147_216", "fid_1": 1424.0, "id_munic": 216.0, "munic_clus": "147_216", "munic_code": 147.0, "min": 3.5559816360473633, "max": 3.5559816360473633, "mean": 3.5559816360473633, "count": 6, "std": 0.0, "range": 0.0 }, "geometry": { "type": "Polygon", "coordinates": [ [ [ 723100.0, 6175900.0 ], [ 723100.0, 6176000.0 ], [ 723200.0, 6176000.0 ], [ 723300.0, 6176000.0 ], [ 723300.0, 6175900.0 ], [ 723300.0, 6175800.0 ], [ 723200.0, 6175800.0 ], [ 723200.0, 6175700.0 ], [ 723200.0, 6175600.0 ], [ 723100.0, 6175600.0 ], [ 723100.0, 6175700.0 ], [ 723100.0, 6175800.0 ], [ 723100.0, 6175900.0 ] ] ] } },
{ "type": "Feature", "properties": { "Shape_Area": 40000.0, "Shape_Leng": 800.0, "cluster_id": "147_217", "fid_1": 1425.0, "id_munic": 217.0, "munic_clus": "147_217", "munic_code": 147.0, "min": 4.1597809791564941, "max": 4.1597809791564941, "mean": 4.1597809791564941, "count": 4, "std": 0.0, "range": 0.0 }, "geometry": { "type": "Polygon", "coordinates": [ [ [ 721400.0, 6176200.0 ], [ 721500.0, 6176200.0 ], [ 721600.0, 6176200.0 ], [ 721600.0, 6176100.0 ], [ 721600.0, 6176000.0 ], [ 721500.0, 6176000.0 ], [ 721400.0, 6176000.0 ], [ 721400.0, 6176100.0 ], [ 721400.0, 6176200.0 ] ] ] } },
{ "type": "Feature", "properties": { "Shape_Area": 100000.0, "Shape_Leng": 1600.0, "cluster_id": "147_218", "fid_1": 1426.0, "id_munic": 218.0, "munic_clus": "147_218", "munic_code": 147.0, "min": 3.2695767879486084, "max": 3.2695767879486084, "mean": 3.269576644897461, "count": 10, "std": 1.4305114737211966e-07, "range": 0.0 }, "geometry": { "type": "Polygon", "coordinates": [ [ [ 719600.0, 6176100.0 ], [ 719600.0, 6176200.0 ], [ 719600.0, 6176300.0 ], [ 719700.0, 6176300.0 ], [ 719800.0, 6176300.0 ], [ 719800.0, 6176200.0 ], [ 719800.0, 6176100.0 ], [ 719800.0, 6176000.0 ], [ 719700.0, 6176000.0 ], [ 719700.0, 6175900.0 ], [ 719600.0, 6175900.0 ], [ 719600.0, 6175800.0 ], [ 719500.0, 6175800.0 ], [ 719500.0, 6175900.0 ], [ 719500.0, 6176000.0 ], [ 719500.0, 6176100.0 ], [ 719600.0, 6176100.0 ] ] ] } },
{ "type": "Feature", "properties": { "Shape_Area": 30000.0, "Shape_Leng": 800.0, "cluster_id": "147_219", "fid_1": 1427.0, "id_munic": 219.0, "munic_clus": "147_219", "munic_code": 147.0, "min": 2.8740420341491699, "max": 2.8740420341491699, "mean": 2.8740418752034507, "count": 3, "std": 1.5894571925301193e-07, "range": 0.0 }, "geometry": { "type": "Polygon", "coordinates": [ [ [ 720100.0, 6175200.0 ], [ 720100.0, 6175300.0 ], [ 720100.0, 6175400.0 ], [ 720200.0, 6175400.0 ], [ 720200.0, 6175300.0 ], [ 720200.0, 6175200.0 ], [ 720200.0, 6175100.0 ], [ 720100.0, 6175100.0 ], [ 720100.0, 6175200.0 ] ] ] } },
{ "type": "Feature", "properties": { "Shape_Area": 20000.0, "Shape_Leng": 600.0, "cluster_id": "147_220", "fid_1": 1428.0, "id_munic": 220.0, "munic_clus": "147_220", "munic_code": 147.0, "min": 2.8683772087097168, "max": 2.8683772087097168, "mean": 2.8683772087097168, "count": 2, "std": 0.0, "range": 0.0 }, "geometry": { "type": "Polygon", "coordinates": [ [ [ 721200.0, 6175800.0 ], [ 721300.0, 6175800.0 ], [ 721400.0, 6175800.0 ], [ 721400.0, 6175700.0 ], [ 721300.0, 6175700.0 ], [ 721200.0, 6175700.0 ], [ 721200.0, 6175800.0 ] ] ] } },
{ "type": "Feature", "properties": { "Shape_Area": 50000.0, "Shape_Leng": 1000.0, "cluster_id": "147_221", "fid_1": 1429.0, "id_munic": 221.0, "munic_clus": "147_221", "munic_code": 147.0, "min": 3.551483154296875, "max": 3.551483154296875, "mean": 3.551483154296875, "count": 5, "std": 0.0, "range": 0.0 }, "geometry": { "type": "Polygon", "coordinates": [ [ [ 721400.0, 6176000.0 ], [ 721500.0, 6176000.0 ], [ 721600.0, 6176000.0 ], [ 721700.0, 6176000.0 ], [ 721700.0, 6175900.0 ], [ 721600.0, 6175900.0 ], [ 721600.0, 6175800.0 ], [ 721500.0, 6175800.0 ], [ 721400.0, 6175800.0 ], [ 721400.0, 6175900.0 ], [ 721400.0, 6176000.0 ] ] ] } },
{ "type": "Feature", "properties": { "Shape_Area": 80000.0, "Shape_Leng": 1400.0, "cluster_id": "147_222", "fid_1": 1430.0, "id_munic": 222.0, "munic_clus": "147_222", "munic_code": 147.0, "min": 2.8842060565948486, "max": 2.8842060565948486, "mean": 2.8842060565948486, "count": 8, "std": 0.0, "range": 0.0 }, "geometry": { "type": "Polygon", "coordinates": [ [ [ 722500.0, 6175500.0 ], [ 722500.0, 6175400.0 ], [ 722500.0, 6175300.0 ], [ 722400.0, 6175300.0 ], [ 722400.0, 6175200.0 ], [ 722400.0, 6175100.0 ], [ 722300.0, 6175100.0 ], [ 722300.0, 6175200.0 ], [ 722300.0, 6175300.0 ], [ 722200.0, 6175300.0 ], [ 722200.0, 6175400.0 ], [ 722200.0, 6175500.0 ], [ 722300.0, 6175500.0 ], [ 722400.0, 6175500.0 ], [ 722500.0, 6175500.0 ] ] ] } },
{ "type": "Feature", "properties": { "Shape_Area": 20000.0, "Shape_Leng": 600.0, "cluster_id": "147_223", "fid_1": 1431.0, "id_munic": 223.0, "munic_clus": "147_223", "munic_code": 147.0, "min": 1.9605131149291992, "max": 1.9605131149291992, "mean": 1.9605131149291992, "count": 2, "std": 0.0, "range": 0.0 }, "geometry": { "type": "Polygon", "coordinates": [ [ [ 720300.0, 6176800.0 ], [ 720400.0, 6176800.0 ], [ 720500.0, 6176800.0 ], [ 720500.0, 6176700.0 ], [ 720400.0, 6176700.0 ], [ 720300.0, 6176700.0 ], [ 720300.0, 6176800.0 ] ] ] } },
{ "type": "Feature", "properties": { "Shape_Area": 30000.0, "Shape_Leng": 800.0, "cluster_id": "147_224", "fid_1": 1432.0, "id_munic": 224.0, "munic_clus": "147_224", "munic_code": 147.0, "min": 2.6701102256774902, "max": 2.6701102256774902, "mean": 2.670110066731771, "count": 3, "std": 1.5894571925301193e-07, "range": 0.0 }, "geometry": { "type": "Polygon", "coordinates": [ [ [ 721300.0, 6176100.0 ], [ 721300.0, 6176200.0 ], [ 721400.0, 6176200.0 ], [ 721400.0, 6176100.0 ], [ 721400.0, 6176000.0 ], [ 721300.0, 6176000.0 ], [ 721200.0, 6176000.0 ], [ 721200.0, 6176100.0 ], [ 721300.0, 6176100.0 ] ] ] } },
{ "type": "Feature", "properties": { "Shape_Area": 50000.0, "Shape_Leng": 1000.0, "cluster_id": "147_225", "fid_1": 1433.0, "id_munic": 225.0, "munic_clus": "147_225", "munic_code": 147.0, "min": 3.3992002010345459, "max": 3.3992002010345459, "mean": 3.3992000579833985, "count": 5, "std": 1.4305114737211966e-07, "range": 0.0 }, "geometry": { "type": "Polygon", "coordinates": [ [ [ 721500.0, 6177100.0 ], [ 721400.0, 6177100.0 ], [ 721400.0, 6177200.0 ], [ 721400.0, 6177300.0 ], [ 721500.0, 6177300.0 ], [ 721600.0, 6177300.0 ], [ 721600.0, 6177200.0 ], [ 721600.0, 6177100.0 ], [ 721600.0, 6177000.0 ], [ 721500.0, 6177000.0 ], [ 721500.0, 6177100.0 ] ] ] } },
{ "type": "Feature", "properties": { "Shape_Area": 50000.0, "Shape_Leng": 1000.0, "cluster_id": "147_226", "fid_1": 1434.0, "id_munic": 226.0, "munic_clus": "147_226", "munic_code": 147.0, "min": 2.7557482719421387, "max": 2.7557482719421387, "mean": 2.7557483673095704, "count": 5, "std": 9.5367431729442842e-08, "range": 0.0 }, "geometry": { "type": "Polygon", "coordinates": [ [ [ 722400.0, 6176900.0 ], [ 722300.0, 6176900.0 ], [ 722200.0, 6176900.0 ], [ 722200.0, 6177000.0 ], [ 722100.0, 6177000.0 ], [ 722100.0, 6177100.0 ], [ 722200.0, 6177100.0 ], [ 722300.0, 6177100.0 ], [ 722400.0, 6177100.0 ], [ 722400.0, 6177000.0 ], [ 722400.0, 6176900.0 ] ] ] } },
{ "type": "Feature", "properties": { "Shape_Area": 40000.0, "Shape_Leng": 1000.0, "cluster_id": "147_227", "fid_1": 1435.0, "id_munic": 227.0, "munic_clus": "147_227", "munic_code": 147.0, "min": 1.8947019577026367, "max": 1.8947019577026367, "mean": 1.8947019577026367, "count": 4, "std": 0.0, "range": 0.0 }, "geometry": { "type": "Polygon", "coordinates": [ [ [ 722700.0, 6175500.0 ], [ 722700.0, 6175600.0 ], [ 722800.0, 6175600.0 ], [ 722800.0, 6175500.0 ], [ 722800.0, 6175400.0 ], [ 722900.0, 6175400.0 ], [ 722900.0, 6175300.0 ], [ 722800.0, 6175300.0 ], [ 722700.0, 6175300.0 ], [ 722700.0, 6175400.0 ], [ 722700.0, 6175500.0 ] ] ] } },
{ "type": "Feature", "properties": { "Shape_Area": 40000.0, "Shape_Leng": 1000.0, "cluster_id": "147_228", "fid_1": 1436.0, "id_munic": 228.0, "munic_clus": "147_228", "munic_code": 147.0, "min": 2.8520500659942627, "max": 2.8520500659942627, "mean": 2.8520500659942627, "count": 4, "std": 0.0, "range": 0.0 }, "geometry": { "type": "Polygon", "coordinates": [ [ [ 722200.0, 6175800.0 ], [ 722300.0, 6175800.0 ], [ 722400.0, 6175800.0 ], [ 722500.0, 6175800.0 ], [ 722500.0, 6175700.0 ], [ 722400.0, 6175700.0 ], [ 722300.0, 6175700.0 ], [ 722200.0, 6175700.0 ], [ 722100.0, 6175700.0 ], [ 722100.0, 6175800.0 ], [ 722200.0, 6175800.0 ] ] ] } },
{ "type": "Feature", "properties": { "Shape_Area": 100000.0, "Shape_Leng": 1600.0, "cluster_id": "147_229", "fid_1": 1437.0, "id_munic": 229.0, "munic_clus": "147_229", "munic_code": 147.0, "min": 3.1544487476348877, "max": 3.1544487476348877, "mean": 3.1544486999511721, "count": 10, "std": 4.7683715642676816e-08, "range": 0.0 }, "geometry": { "type": "Polygon", "coordinates": [ [ [ 720700.0, 6176700.0 ], [ 720700.0, 6176800.0 ], [ 720600.0, 6176800.0 ], [ 720500.0, 6176800.0 ], [ 720500.0, 6176900.0 ], [ 720500.0, 6177000.0 ], [ 720600.0, 6177000.0 ], [ 720600.0, 6177100.0 ], [ 720700.0, 6177100.0 ], [ 720800.0, 6177100.0 ], [ 720800.0, 6177000.0 ], [ 720800.0, 6176900.0 ], [ 720900.0, 6176900.0 ], [ 720900.0, 6176800.0 ], [ 720800.0, 6176800.0 ], [ 720800.0, 6176700.0 ], [ 720700.0, 6176700.0 ] ] ] } },
{ "type": "Feature", "properties": { "Shape_Area": 180000.0, "Shape_Leng": 2000.0, "cluster_id": "147_230", "fid_1": 1438.0, "id_munic": 230.0, "munic_clus": "147_230", "munic_code": 147.0, "min": 2.4275245666503906, "max": 2.4275245666503906, "mean": 2.4275245666503906, "count": 18, "std": 0.0, "range": 0.0 }, "geometry": { "type": "Polygon", "coordinates": [ [ [ 721300.0, 6176600.0 ], [ 721300.0, 6176700.0 ], [ 721200.0, 6176700.0 ], [ 721200.0, 6176800.0 ], [ 721200.0, 6176900.0 ], [ 721100.0, 6176900.0 ], [ 721100.0, 6177000.0 ], [ 721200.0, 6177000.0 ], [ 721300.0, 6177000.0 ], [ 721400.0, 6177000.0 ], [ 721500.0, 6177000.0 ], [ 721600.0, 6177000.0 ], [ 721700.0, 6177000.0 ], [ 721700.0, 6176900.0 ], [ 721700.0, 6176800.0 ], [ 721600.0, 6176800.0 ], [ 721600.0, 6176700.0 ], [ 721600.0, 6176600.0 ], [ 721500.0, 6176600.0 ], [ 721400.0, 6176600.0 ], [ 721300.0, 6176600.0 ] ] ] } },
{ "type": "Feature", "properties": { "Shape_Area": 100000.0, "Shape_Leng": 1400.0, "cluster_id": "147_231", "fid_1": 1439.0, "id_munic": 231.0, "munic_clus": "147_231", "munic_code": 147.0, "min": 3.5546483993530273, "max": 3.5546483993530273, "mean": 3.5546485900878908, "count": 10, "std": 1.9073486345888571e-07, "range": 0.0 }, "geometry": { "type": "Polygon", "coordinates": [ [ [ 720100.0, 6176300.0 ], [ 720100.0, 6176400.0 ], [ 720100.0, 6176500.0 ], [ 720200.0, 6176500.0 ], [ 720200.0, 6176600.0 ], [ 720300.0, 6176600.0 ], [ 720400.0, 6176600.0 ], [ 720400.0, 6176500.0 ], [ 720500.0, 6176500.0 ], [ 720500.0, 6176400.0 ], [ 720500.0, 6176300.0 ], [ 720400.0, 6176300.0 ], [ 720300.0, 6176300.0 ], [ 720200.0, 6176300.0 ], [ 720100.0, 6176300.0 ] ] ] } },
{ "type": "Feature", "properties": { "Shape_Area": 50000.0, "Shape_Leng": 1000.0, "cluster_id": "147_232", "fid_1": 1440.0, "id_munic": 232.0, "munic_clus": "147_232", "munic_code": 147.0, "min": 2.6669445037841797, "max": 2.6669445037841797, "mean": 2.6669445037841797, "count": 5, "std": 0.0, "range": 0.0 }, "geometry": { "type": "Polygon", "coordinates": [ [ [ 720700.0, 6176400.0 ], [ 720600.0, 6176400.0 ], [ 720500.0, 6176400.0 ], [ 720500.0, 6176500.0 ], [ 720400.0, 6176500.0 ], [ 720400.0, 6176600.0 ], [ 720500.0, 6176600.0 ], [ 720600.0, 6176600.0 ], [ 720700.0, 6176600.0 ], [ 720700.0, 6176500.0 ], [ 720700.0, 6176400.0 ] ] ] } },
{ "type": "Feature", "properties": { "Shape_Area": 50000.0, "Shape_Leng": 1000.0, "cluster_id": "147_233", "fid_1": 1441.0, "id_munic": 233.0, "munic_clus": "147_233", "munic_code": 147.0, "min": 2.5468180179595947, "max": 2.5468180179595947, "mean": 2.5468179702758791, "count": 5, "std": 4.7683715642676816e-08, "range": 0.0 }, "geometry": { "type": "Polygon", "coordinates": [ [ [ 722100.0, 6176000.0 ], [ 722000.0, 6176000.0 ], [ 721900.0, 6176000.0 ], [ 721900.0, 6176100.0 ], [ 721800.0, 6176100.0 ], [ 721800.0, 6176200.0 ], [ 721900.0, 6176200.0 ], [ 722000.0, 6176200.0 ], [ 722100.0, 6176200.0 ], [ 722100.0, 6176100.0 ], [ 722100.0, 6176000.0 ] ] ] } },
{ "type": "Feature", "properties": { "Shape_Area": 90000.0, "Shape_Leng": 1400.0, "cluster_id": "147_235", "fid_1": 1443.0, "id_munic": 235.0, "munic_clus": "147_235", "munic_code": 147.0, "min": 3.5348219871520996, "max": 3.5348219871520996, "mean": 3.534822040134006, "count": 9, "std": 5.2981906417670643e-08, "range": 0.0 }, "geometry": { "type": "Polygon", "coordinates": [ [ [ 720800.0, 6176200.0 ], [ 720900.0, 6176200.0 ], [ 721000.0, 6176200.0 ], [ 721100.0, 6176200.0 ], [ 721200.0, 6176200.0 ], [ 721200.0, 6176100.0 ], [ 721200.0, 6176000.0 ], [ 721100.0, 6176000.0 ], [ 721000.0, 6176000.0 ], [ 720900.0, 6176000.0 ], [ 720900.0, 6175900.0 ], [ 720800.0, 6175900.0 ], [ 720800.0, 6176000.0 ], [ 720800.0, 6176100.0 ], [ 720800.0, 6176200.0 ] ] ] } },
{ "type": "Feature", "properties": { "Shape_Area": 60000.0, "Shape_Leng": 1200.0, "cluster_id": "147_236", "fid_1": 1444.0, "id_munic": 236.0, "munic_clus": "147_236", "munic_code": 147.0, "min": 3.3355553150177002, "max": 3.3355553150177002, "mean": 3.33555539449056, "count": 6, "std": 7.947285984855057e-08, "range": 0.0 }, "geometry": { "type": "Polygon", "coordinates": [ [ [ 720800.0, 6176300.0 ], [ 720800.0, 6176200.0 ], [ 720800.0, 6176100.0 ], [ 720800.0, 6176000.0 ], [ 720700.0, 6176000.0 ], [ 720700.0, 6176100.0 ], [ 720600.0, 6176100.0 ], [ 720600.0, 6176200.0 ], [ 720500.0, 6176200.0 ], [ 720500.0, 6176300.0 ], [ 720600.0, 6176300.0 ], [ 720700.0, 6176300.0 ], [ 720800.0, 6176300.0 ] ] ] } },
{ "type": "Feature", "properties": { "Shape_Area": 110000.0, "Shape_Leng": 1600.0, "cluster_id": "147_237", "fid_1": 1445.0, "id_munic": 237.0, "munic_clus": "147_237", "munic_code": 147.0, "min": 3.0008330345153809, "max": 3.0008330345153809, "mean": 3.0008329911665483, "count": 11, "std": 4.3348832523548702e-08, "range": 0.0 }, "geometry": { "type": "Polygon", "coordinates": [ [ [ 721400.0, 6176300.0 ], [ 721500.0, 6176300.0 ], [ 721500.0, 6176400.0 ], [ 721600.0, 6176400.0 ], [ 721700.0, 6176400.0 ], [ 721800.0, 6176400.0 ], [ 721900.0, 6176400.0 ], [ 722000.0, 6176400.0 ], [ 722000.0, 6176300.0 ], [ 722000.0, 6176200.0 ], [ 721900.0, 6176200.0 ], [ 721800.0, 6176200.0 ], [ 721700.0, 6176200.0 ], [ 721600.0, 6176200.0 ], [ 721500.0, 6176200.0 ], [ 721400.0, 6176200.0 ], [ 721400.0, 6176300.0 ] ] ] } }
]
}
