{
"type": "FeatureCollection",
"name": "weighted_overlay_clusters_1995_2000",
"crs": { "type": "name", "properties": { "name": "urn:ogc:def:crs:EPSG::25832" } },
"features": [
{ "type": "Feature", "properties": { "Shape_Area": 70000.0, "Shape_Leng": 1400.0, "cluster_id": "101_1", "fid_1": 1.0, "id_munic": 1.0, "munic_clus": "101_1", "munic_code": 101.0, "min": 3.5026657581329346, "max": 3.5026657581329346, "mean": 3.5026659284319197, "count": 7, "std": 1.7029898513598596e-07, "range": 0.0 }, "geometry": { "type": "Polygon", "coordinates": [ [ [ 719400.0, 6178100.0 ], [ 719400.0, 6178200.0 ], [ 719500.0, 6178200.0 ], [ 719500.0, 6178300.0 ], [ 719600.0, 6178300.0 ], [ 719600.0, 6178200.0 ], [ 719700.0, 6178200.0 ], [ 719700.0, 6178100.0 ], [ 719600.0, 6178100.0 ], [ 719600.0, 6178000.0 ], [ 719500.0, 6178000.0 ], [ 719400.0, 6178000.0 ], [ 719300.0, 6178000.0 ], [ 719300.0, 6178100.0 ], [ 719400.0, 6178100.0 ] ] ] } },
{ "type": "Feature", "properties": { "Shape_Area": 110000.0, "Shape_Leng": 1800.0, "cluster_id": "101_2", "fid_1": 2.0, "id_munic": 2.0, "munic_clus": "101_2", "munic_code": 101.0, "min": 3.1217930316925049, "max": 3.1217930316925049, "mean": 3.1217932267622515, "count": 11, "std": 1.9506974657801379e-07, "range": 0.0 }, "geometry": { "type": "Polygon", "coordinates": [ [ [ 719200.0, 6178100.0 ], [ 719100.0, 6178100.0 ], [ 719100.0, 6178200.0 ], [ 719000.0, 6178200.0 ], [ 719000.0, 6178300.0 ], [ 719100.0, 6178300.0 ], [ 719100.0, 6178400.0 ], [ 719100.0, 6178500.0 ], [ 719200.0, 6178500.0 ], [ 719200.0, 6178400.0 ], [ 719300.0, 6178400.0 ], [ 719300.0, 6178300.0 ], [ 719400.0, 6178300.0 ], [ 719500.0, 6178300.0 ], [ 719500.0, 6178200.0 ], [ 719400.0, 6178200.0 ], [ 719400.0, 6178100.0 ], [ 719300.0, 6178100.0 ], [ 719200.0, 6178100.0 ] ] ] } },
{ "type": "Feature", "properties": { "Shape_Area": 30000.0, "Shape_Leng": 800.0, "cluster_id": "101_3", "fid_1": 3.0, "id_munic": 3.0, "munic_clus": "101_3", "munic_code": 101.0, "min": 2.8488838672637939, "max": 2.8488838672637939, "mean": 2.8488839467366538, "count": 3, "std": 7.947285984855057e-08, "range": 0.0 }, "geometry": { "type": "Polygon", "coordinates": [ [ [ 719400.0, 6177700.0 ], [ 719400.0, 6177800.0 ], [ 719400.0, 6177900.0 ], [ 719500.0, 6177900.0 ], [ 719500.0, 6177800.0 ], [ 719500.0, 6177700.0 ], [ 719500.0, 6177600.0 ], [ 719400.0, 6177600.0 ], [ 719400.0, 6177700.0 ] ] ] } },
{ "type": "Feature", "properties": { "Shape_Area": 50000.0, "Shape_Leng": 1000.0, "cluster_id": "101_4", "fid_1": 4.0, "id_munic": 4.0, "munic_clus": "101_4", "munic_code": 101.0, "min": 3.2755749225616455, "max": 3.2755749225616455, "mean": 3.2755748748779299, "count": 5, "std": 4.7683715642676816e-08, "range": 0.0 }, "geometry": { "type": "Polygon", "coordinates": [ [ [ 719800.0, 6178200.0 ], [ 719700.0, 6178200.0 ], [ 719600.0, 6178200.0 ], [ 719600.0, 6178300.0 ], [ 719600.0, 6178400.0 ], [ 719700.0, 6178400.0 ], [ 719700.0, 6178500.0 ], [ 719800.0, 6178500.0 ], [ 719800.0, 6178400.0 ], [ 719800.0, 6178300.0 ], [ 719800.0, 6178200.0 ] ] ] } },
{ "type": "Feature", "properties": { "Shape_Area": 20000.0, "Shape_Leng": 600.0, "cluster_id": "101_5", "fid_1": 5.0, "id_munic": 5.0, "munic_clus": "101_5", "munic_code": 101.0, "min": 3.0511496067047119, "max": 3.0511496067047119, "mean": 3.0511496067047119, "count": 2, "std": 0.0, "range": 0.0 }, "geometry": { "type": "Polygon", "coordinates": [ [ [ 719900.0, 6177800.0 ], [ 719900.0, 6177900.0 ], [ 720000.0, 6177900.0 ], [ 720000.0, 6177800.0 ], [ 720000.0, 6177700.0 ], [ 719900.0, 6177700.0 ], [ 719900.0, 6177800.0 ] ] ] } },
{ "type": "Feature", "properties": { "Shape_Area": 40000.0, "Shape_Leng": 1000.0, "cluster_id": "101_6", "fid_1": 6.0, "id_munic": 6.0, "munic_clus": "101_6", "munic_code": 101.0, "min": 3.5553150177001953, "max": 3.5553150177001953, "mean": 3.5553150177001953, "count": 4, "std": 0.0, "range": 0.0 }, "geometry": { "type": "Polygon", "coordinates": [ [ [ 719600.0, 6178700.0 ], [ 719600.0, 6178800.0 ], [ 719700.0, 6178800.0 ], [ 719700.0, 6178700.0 ], [ 719800.0, 6178700.0 ], [ 719800.0, 6178600.0 ], [ 719700.0, 6178600.0 ], [ 719600.0, 6178600.0 ], [ 719500.0, 6178600.0 ], [ 719500.0, 6178700.0 ], [ 719600.0, 6178700.0 ] ] ] } },
{ "type": "Feature", "properties": { "Shape_Area": 40000.0, "Shape_Leng": 1000.0, "cluster_id": "101_7", "fid_1": 7.0, "id_munic": 7.0, "munic_clus": "101_7", "munic_code": 101.0, "min": 2.7704107761383057, "max": 2.7704107761383057, "mean": 2.7704107761383057, "count": 4, "std": 0.0, "range": 0.0 }, "geometry": { "type": "Polygon", "coordinates": [ [ [ 718900.0, 6179000.0 ], [ 718900.0, 6179100.0 ], [ 719000.0, 6179100.0 ], [ 719000.0, 6179000.0 ], [ 719100.0, 6179000.0 ], [ 719100.0, 6178900.0 ], [ 719000.0, 6178900.0 ], [ 719000.0, 6178800.0 ], [ 718900.0, 6178800.0 ], [ 718900.0, 6178900.0 ], [ 718900.0, 6179000.0 ] ] ] } },
{ "type": "Feature", "properties": { "Shape_Area": 50000.0, "Shape_Leng": 1200.0, "cluster_id": "101_8", "fid_1": 8.0, "id_munic": 8.0, "munic_clus": "101_8", "munic_code": 101.0, "min": 3.8015666007995605, "max": 3.8015666007995605, "mean": 3.8015666961669923, "count": 5, "std": 9.5367431729442842e-08, "range": 0.0 }, "geometry": { "type": "Polygon", "coordinates": [ [ [ 718800.0, 6178000.0 ], [ 718900.0, 6178000.0 ], [ 719000.0, 6178000.0 ], [ 719000.0, 6178100.0 ], [ 719100.0, 6178100.0 ], [ 719100.0, 6178000.0 ], [ 719100.0, 6177900.0 ], [ 719000.0, 6177900.0 ], [ 718900.0, 6177900.0 ], [ 718800.0, 6177900.0 ], [ 718700.0, 6177900.0 ], [ 718700.0, 6178000.0 ], [ 718800.0, 6178000.0 ] ] ] } },
{ "type": "Feature", "properties": { "Shape_Area": 90000.0, "Shape_Leng": 1400.0, "cluster_id": "101_9", "fid_1": 9.0, "id_munic": 9.0, "munic_clus": "101_9", "munic_code": 101.0, "min": 2.8353884220123291, "max": 2.8353884220123291, "mean": 2.8353883955213757, "count": 9, "std": 2.6490953430879927e-08, "range": 0.0 }, "geometry": { "type": "Polygon", "coordinates": [ [ [ 719000.0, 6178000.0 ], [ 718900.0, 6178000.0 ], [ 718800.0, 6178000.0 ], [ 718700.0, 6178000.0 ], [ 718700.0, 6178100.0 ], [ 718700.0, 6178200.0 ], [ 718800.0, 6178200.0 ], [ 718800.0, 6178300.0 ], [ 718900.0, 6178300.0 ], [ 719000.0, 6178300.0 ], [ 719000.0, 6178200.0 ], [ 719100.0, 6178200.0 ], [ 719100.0, 6178100.0 ], [ 719000.0, 6178100.0 ], [ 719000.0, 6178000.0 ] ] ] } },
{ "type": "Feature", "properties": { "Shape_Area": 30000.0, "Shape_Leng": 800.0, "cluster_id": "101_10", "fid_1": 10.0, "id_munic": 10.0, "munic_clus": "101_10", "munic_code": 101.0, "min": 2.3747086524963379, "max": 2.3747086524963379, "mean": 2.3747086524963379, "count": 3, "std": 0.0, "range": 0.0 }, "geometry": { "type": "Polygon", "coordinates": [ [ [ 719600.0, 6178500.0 ], [ 719600.0, 6178600.0 ], [ 719700.0, 6178600.0 ], [ 719800.0, 6178600.0 ], [ 719800.0, 6178500.0 ], [ 719700.0, 6178500.0 ], [ 719700.0, 6178400.0 ], [ 719600.0, 6178400.0 ], [ 719600.0, 6178500.0 ] ] ] } },
{ "type": "Feature", "properties": { "Shape_Area": 30000.0, "Shape_Leng": 800.0, "cluster_id": "101_11", "fid_1": 11.0, "id_munic": 11.0, "munic_clus": "101_11", "munic_code": 101.0, "min": 2.6777744293212891, "max": 2.6777744293212891, "mean": 2.6777744293212891, "count": 3, "std": 0.0, "range": 0.0 }, "geometry": { "type": "Polygon", "coordinates": [ [ [ 725100.0, 6176500.0 ], [ 725100.0, 6176600.0 ], [ 725200.0, 6176600.0 ], [ 725200.0, 6176500.0 ], [ 725300.0, 6176500.0 ], [ 725300.0, 6176400.0 ], [ 725200.0, 6176400.0 ], [ 725100.0, 6176400.0 ], [ 725100.0, 6176500.0 ] ] ] } },
{ "type": "Feature", "properties": { "Shape_Area": 30000.0, "Shape_Leng": 800.0, "cluster_id": "101_12", "fid_1": 12.0, "id_munic": 12.0, "munic_clus": "101_12", "munic_code": 101.0, "min": 2.8785407543182373, "max": 2.8785407543182373, "mean": 2.8785406748453775, "count": 3, "std": 7.947285984855057e-08, "range": 0.0 }, "geometry": { "type": "Polygon", "coordinates": [ [ [ 724400.0, 6179700.0 ], [ 724400.0, 6179800.0 ], [ 724500.0, 6179800.0 ], [ 724500.0, 6179700.0 ], [ 724600.0, 6179700.0 ], [ 724600.0, 6179600.0 ], [ 724500.0, 6179600.0 ], [ 724400.0, 6179600.0 ], [ 724400.0, 6179700.0 ] ] ] } },
{ "type": "Feature", "properties": { "Shape_Area": 20000.0, "Shape_Leng": 600.0, "cluster_id": "101_13", "fid_1": 13.0, "id_munic": 13.0, "munic_clus": "101_13", "munic_code": 101.0, "min": 2.8303899765014648, "max": 2.8303899765014648, "mean": 2.8303899765014648, "count": 2, "std": 0.0, "range": 0.0 }, "geometry": { "type": "Polygon", "coordinates": [ [ [ 724500.0, 6179800.0 ], [ 724500.0, 6179900.0 ], [ 724600.0, 6179900.0 ], [ 724600.0, 6179800.0 ], [ 724600.0, 6179700.0 ], [ 724500.0, 6179700.0 ], [ 724500.0, 6179800.0 ] ] ] } },
{ "type": "Feature", "properties": { "Shape_Area": 30000.0, "Shape_Leng": 800.0, "cluster_id": "101_14", "fid_1": 14.0, "id_munic": 14.0, "munic_clus": "101_14", "munic_code": 101.0, "min": 2.7860713005065918, "max": 2.7860713005065918, "mean": 2.7860711415608725, "count": 3, "std": 1.5894571925301193e-07, "range": 0.0 }, "geometry": { "type": "Polygon", "coordinates": [ [ [ 724500.0, 6179500.0 ], [ 724500.0, 6179600.0 ], [ 724600.0, 6179600.0 ], [ 724700.0, 6179600.0 ], [ 724700.0, 6179500.0 ], [ 724600.0, 6179500.0 ], [ 724600.0, 6179400.0 ], [ 724500.0, 6179400.0 ], [ 724500.0, 6179500.0 ] ] ] } },
{ "type": "Feature", "properties": { "Shape_Area": 10000.0, "Shape_Leng": 400.0, "cluster_id": "101_15", "fid_1": 15.0, "id_munic": 15.0, "munic_clus": "101_15", "munic_code": 101.0, "min": 3.4656782150268555, "max": 3.4656782150268555, "mean": 3.4656782150268555, "count": 1, "std": 0.0, "range": 0.0 }, "geometry": { "type": "Polygon", "coordinates": [ [ [ 724300.0, 6179700.0 ], [ 724300.0, 6179800.0 ], [ 724400.0, 6179800.0 ], [ 724400.0, 6179700.0 ], [ 724300.0, 6179700.0 ] ] ] } },
{ "type": "Feature", "properties": { "Shape_Area": 20000.0, "Shape_Leng": 600.0, "cluster_id": "101_16", "fid_1": 16.0, "id_munic": 16.0, "munic_clus": "101_16", "munic_code": 101.0, "min": 3.2099299430847168, "max": 3.2099299430847168, "mean": 3.2099299430847168, "count": 2, "std": 0.0, "range": 0.0 }, "geometry": { "type": "Polygon", "coordinates": [ [ [ 724200.0, 6179700.0 ], [ 724300.0, 6179700.0 ], [ 724400.0, 6179700.0 ], [ 724400.0, 6179600.0 ], [ 724300.0, 6179600.0 ], [ 724200.0, 6179600.0 ], [ 724200.0, 6179700.0 ] ] ] } },
{ "type": "Feature", "properties": { "Shape_Area": 80000.0, "Shape_Leng": 1400.0, "cluster_id": "101_17", "fid_1": 17.0, "id_munic": 17.0, "munic_clus": "101_17", "munic_code": 101.0, "min": 2.740919828414917, "max": 2.740919828414917, "mean": 2.740919828414917, "count": 8, "std": 0.0, "range": 0.0 }, "geometry": { "type": "Polygon", "coordinates": [ [ [ 719400.0, 6177300.0 ], [ 719400.0, 6177400.0 ], [ 719500.0, 6177400.0 ], [ 719600.0, 6177400.0 ], [ 719600.0, 6177300.0 ], [ 719700.0, 6177300.0 ], [ 719700.0, 6177200.0 ], [ 719600.0, 6177200.0 ], [ 719600.0, 6177100.0 ], [ 719500.0, 6177100.0 ], [ 719500.0, 6177000.0 ], [ 719400.0, 6177000.0 ], [ 719400.0, 6177100.0 ], [ 719400.0, 6177200.0 ], [ 719400.0, 6177300.0 ] ] ] } },
{ "type": "Feature", "properties": { "Shape_Area": 10000.0, "Shape_Leng": 400.0, "cluster_id": "101_18", "fid_1": 18.0, "id_munic": 18.0, "munic_clus": "101_18", "munic_code": 101.0, "min": 2.7857382297515869, "max": 2.7857382297515869, "mean": 2.7857382297515869, "count": 1, "std": 0.0, "range": 0.0 }, "geometry": { "type": "Polygon", "coordinates": [ [ [ 724600.0, 6179600.0 ], [ 724600.0, 6179700.0 ], [ 724700.0, 6179700.0 ], [ 724700.0, 6179600.0 ], [ 724600.0, 6179600.0 ] ] ] } },
{ "type": "Feature", "properties": { "Shape_Area": 20000.0, "Shape_Leng": 600.0, "cluster_id": "101_19", "fid_1": 19.0, "id_munic": 19.0, "munic_clus": "101_19", "munic_code": 101.0, "min": 2.6397867202758789, "max": 2.6397867202758789, "mean": 2.6397867202758789, "count": 2, "std": 0.0, "range": 0.0 }, "geometry": { "type": "Polygon", "coordinates": [ [ [ 724300.0, 6179500.0 ], [ 724300.0, 6179600.0 ], [ 724400.0, 6179600.0 ], [ 724400.0, 6179500.0 ], [ 724400.0, 6179400.0 ], [ 724300.0, 6179400.0 ], [ 724300.0, 6179500.0 ] ] ] } },
{ "type": "Feature", "properties": { "Shape_Area": 20000.0, "Shape_Leng": 600.0, "cluster_id": "101_20", "fid_1": 20.0, "id_munic": 20.0, "munic_clus": "101_20", "munic_code": 101.0, "min": 2.254082202911377, "max": 2.254082202911377, "mean": 2.254082202911377, "count": 2, "std": 0.0, "range": 0.0 }, "geometry": { "type": "Polygon", "coordinates": [ [ [ 724400.0, 6179500.0 ], [ 724400.0, 6179600.0 ], [ 724500.0, 6179600.0 ], [ 724500.0, 6179500.0 ], [ 724500.0, 6179400.0 ], [ 724400.0, 6179400.0 ], [ 724400.0, 6179500.0 ] ] ] } },
{ "type": "Feature", "properties": { "Shape_Area": 20000.0, "Shape_Leng": 600.0, "cluster_id": "101_21", "fid_1": 21.0, "id_munic": 21.0, "munic_clus": "101_21", "munic_code": 101.0, "min": 2.6252920627593994, "max": 2.6252920627593994, "mean": 2.6252920627593994, "count": 2, "std": 0.0, "range": 0.0 }, "geometry": { "type": "Polygon", "coordinates": [ [ [ 724600.0, 6179800.0 ], [ 724600.0, 6179900.0 ], [ 724700.0, 6179900.0 ], [ 724700.0, 6179800.0 ], [ 724700.0, 6179700.0 ], [ 724600.0, 6179700.0 ], [ 724600.0, 6179800.0 ] ] ] } },
{ "type": "Feature", "properties": { "Shape_Area": 90000.0, "Shape_Leng": 1400.0, "cluster_id": "101_22", "fid_1": 22.0, "id_munic": 22.0, "munic_clus": "101_22", "munic_code": 101.0, "min": 2.6076309680938721, "max": 2.6076309680938721, "mean": 2.6076312594943576, "count": 9, "std": 2.9140048551923314e-07, "range": 0.0 }, "geometry": { "type": "Polygon", "coordinates": [ [ [ 718000.0, 6177900.0 ], [ 717900.0, 6177900.0 ], [ 717800.0, 6177900.0 ], [ 717800.0, 6177800.0 ], [ 717700.0, 6177800.0 ], [ 717700.0, 6177900.0 ], [ 717700.0, 6178000.0 ], [ 717700.0, 6178100.0 ], [ 717700.0, 6178200.0 ], [ 717800.0, 6178200.0 ], [ 717900.0, 6178200.0 ], [ 717900.0, 6178100.0 ], [ 718000.0, 6178100.0 ], [ 718000.0, 6178000.0 ], [ 718000.0, 6177900.0 ] ] ] } },
{ "type": "Feature", "properties": { "Shape_Area": 80000.0, "Shape_Leng": 1600.0, "cluster_id": "101_23", "fid_1": 23.0, "id_munic": 23.0, "munic_clus": "101_23", "munic_code": 101.0, "min": 2.7112631797790527, "max": 2.7112631797790527, "mean": 2.7112631797790527, "count": 8, "std": 0.0, "range": 0.0 }, "geometry": { "type": "Polygon", "coordinates": [ [ [ 718500.0, 6177500.0 ], [ 718500.0, 6177600.0 ], [ 718400.0, 6177600.0 ], [ 718400.0, 6177700.0 ], [ 718500.0, 6177700.0 ], [ 718500.0, 6177800.0 ], [ 718600.0, 6177800.0 ], [ 718600.0, 6177700.0 ], [ 718700.0, 6177700.0 ], [ 718700.0, 6177600.0 ], [ 718700.0, 6177500.0 ], [ 718700.0, 6177400.0 ], [ 718700.0, 6177300.0 ], [ 718600.0, 6177300.0 ], [ 718600.0, 6177400.0 ], [ 718600.0, 6177500.0 ], [ 718500.0, 6177500.0 ] ] ] } },
{ "type": "Feature", "properties": { "Shape_Area": 100000.0, "Shape_Leng": 1600.0, "cluster_id": "101_24", "fid_1": 24.0, "id_munic": 24.0, "munic_clus": "101_24", "munic_code": 101.0, "min": 2.9960014820098877, "max": 2.9960014820098877, "mean": 2.9960018157958985, "count": 10, "std": 3.3378601083100534e-07, "range": 0.0 }, "geometry": { "type": "Polygon", "coordinates": [ [ [ 718100.0, 6177700.0 ], [ 718100.0, 6177600.0 ], [ 718000.0, 6177600.0 ], [ 717900.0, 6177600.0 ], [ 717800.0, 6177600.0 ], [ 717700.0, 6177600.0 ], [ 717700.0, 6177700.0 ], [ 717600.0, 6177700.0 ], [ 717600.0, 6177800.0 ], [ 717700.0, 6177800.0 ], [ 717800.0, 6177800.0 ], [ 717800.0, 6177900.0 ], [ 717900.0, 6177900.0 ], [ 718000.0, 6177900.0 ], [ 718000.0, 6177800.0 ], [ 718000.0, 6177700.0 ], [ 718100.0, 6177700.0 ] ] ] } },
{ "type": "Feature", "properties": { "Shape_Area": 20000.0, "Shape_Leng": 600.0, "cluster_id": "101_25", "fid_1": 25.0, "id_munic": 25.0, "munic_clus": "101_25", "munic_code": 101.0, "min": 3.0154953002929688, "max": 3.0154953002929688, "mean": 3.0154953002929688, "count": 2, "std": 0.0, "range": 0.0 }, "geometry": { "type": "Polygon", "coordinates": [ [ [ 719100.0, 6177400.0 ], [ 719200.0, 6177400.0 ], [ 719300.0, 6177400.0 ], [ 719300.0, 6177300.0 ], [ 719200.0, 6177300.0 ], [ 719100.0, 6177300.0 ], [ 719100.0, 6177400.0 ] ] ] } },
{ "type": "Feature", "properties": { "Shape_Area": 100000.0, "Shape_Leng": 1800.0, "cluster_id": "101_26", "fid_1": 26.0, "id_munic": 26.0, "munic_clus": "101_26", "munic_code": 101.0, "min": 3.1316227912902832, "max": 3.1316227912902832, "mean": 3.1316228866577149, "count": 10, "std": 9.5367431729442855e-08, "range": 0.0 }, "geometry": { "type": "Polygon", "coordinates": [ [ [ 718400.0, 6177700.0 ], [ 718400.0, 6177800.0 ], [ 718300.0, 6177800.0 ], [ 718200.0, 6177800.0 ], [ 718100.0, 6177800.0 ], [ 718100.0, 6177900.0 ], [ 718100.0, 6178000.0 ], [ 718100.0, 6178100.0 ], [ 718200.0, 6178100.0 ], [ 718200.0, 6178000.0 ], [ 718300.0, 6178000.0 ], [ 718400.0, 6178000.0 ], [ 718400.0, 6177900.0 ], [ 718500.0, 6177900.0 ], [ 718600.0, 6177900.0 ], [ 718600.0, 6177800.0 ], [ 718500.0, 6177800.0 ], [ 718500.0, 6177700.0 ], [ 718400.0, 6177700.0 ] ] ] } },
{ "type": "Feature", "properties": { "Shape_Area": 110000.0, "Shape_Leng": 1600.0, "cluster_id": "101_27", "fid_1": 27.0, "id_munic": 27.0, "munic_clus": "101_27", "munic_code": 101.0, "min": 3.1431193351745605, "max": 3.1431193351745605, "mean": 3.1431191184303979, "count": 11, "std": 2.1674416261774357e-07, "range": 0.0 }, "geometry": { "type": "Polygon", "coordinates": [ [ [ 717800.0, 6177400.0 ], [ 717800.0, 6177500.0 ], [ 717800.0, 6177600.0 ], [ 717900.0, 6177600.0 ], [ 718000.0, 6177600.0 ], [ 718100.0, 6177600.0 ], [ 718100.0, 6177500.0 ], [ 718200.0, 6177500.0 ], [ 718200.0, 6177400.0 ], [ 718100.0, 6177400.0 ], [ 718100.0, 6177300.0 ], [ 718100.0, 6177200.0 ], [ 718000.0, 6177200.0 ], [ 717900.0, 6177200.0 ], [ 717900.0, 6177300.0 ], [ 717900.0, 6177400.0 ], [ 717800.0, 6177400.0 ] ] ] } },
{ "type": "Feature", "properties": { "Shape_Area": 50000.0, "Shape_Leng": 1200.0, "cluster_id": "101_28", "fid_1": 28.0, "id_munic": 28.0, "munic_clus": "101_28", "munic_code": 101.0, "min": 2.729090690612793, "max": 2.729090690612793, "mean": 2.729090690612793, "count": 5, "std": 0.0, "range": 0.0 }, "geometry": { "type": "Polygon", "coordinates": [ [ [ 721100.0, 6177400.0 ], [ 721100.0, 6177300.0 ], [ 721000.0, 6177300.0 ], [ 720900.0, 6177300.0 ], [ 720900.0, 6177400.0 ], [ 720800.0, 6177400.0 ], [ 720800.0, 6177500.0 ], [ 720800.0, 6177600.0 ], [ 720900.0, 6177600.0 ], [ 720900.0, 6177500.0 ], [ 721000.0, 6177500.0 ], [ 721000.0, 6177400.0 ], [ 721100.0, 6177400.0 ] ] ] } },
{ "type": "Feature", "properties": { "Shape_Area": 130000.0, "Shape_Leng": 1800.0, "cluster_id": "101_29", "fid_1": 29.0, "id_munic": 29.0, "munic_clus": "101_29", "munic_code": 101.0, "min": 2.9130289554595947, "max": 2.9130289554595947, "mean": 2.9130290104792667, "count": 13, "std": 5.5019671929557035e-08, "range": 0.0 }, "geometry": { "type": "Polygon", "coordinates": [ [ [ 721100.0, 6177400.0 ], [ 721000.0, 6177400.0 ], [ 721000.0, 6177500.0 ], [ 720900.0, 6177500.0 ], [ 720900.0, 6177600.0 ], [ 720800.0, 6177600.0 ], [ 720800.0, 6177700.0 ], [ 720800.0, 6177800.0 ], [ 720900.0, 6177800.0 ], [ 720900.0, 6177900.0 ], [ 721000.0, 6177900.0 ], [ 721100.0, 6177900.0 ], [ 721200.0, 6177900.0 ], [ 721200.0, 6177800.0 ], [ 721200.0, 6177700.0 ], [ 721100.0, 6177700.0 ], [ 721100.0, 6177600.0 ], [ 721100.0, 6177500.0 ], [ 721100.0, 6177400.0 ] ] ] } },
{ "type": "Feature", "properties": { "Shape_Area": 40000.0, "Shape_Leng": 1000.0, "cluster_id": "101_30", "fid_1": 30.0, "id_munic": 30.0, "munic_clus": "101_30", "munic_code": 101.0, "min": 3.0539822578430176, "max": 3.0539822578430176, "mean": 3.0539822578430176, "count": 4, "std": 0.0, "range": 0.0 }, "geometry": { "type": "Polygon", "coordinates": [ [ [ 724000.0, 6176700.0 ], [ 724000.0, 6176800.0 ], [ 724100.0, 6176800.0 ], [ 724200.0, 6176800.0 ], [ 724200.0, 6176700.0 ], [ 724100.0, 6176700.0 ], [ 724100.0, 6176600.0 ], [ 724100.0, 6176500.0 ], [ 724000.0, 6176500.0 ], [ 724000.0, 6176600.0 ], [ 724000.0, 6176700.0 ] ] ] } },
{ "type": "Feature", "properties": { "Shape_Area": 10000.0, "Shape_Leng": 400.0, "cluster_id": "101_31", "fid_1": 31.0, "id_munic": 31.0, "munic_clus": "101_31", "munic_code": 101.0, "min": 3.0979676246643066, "max": 3.0979676246643066, "mean": 3.0979676246643066, "count": 1, "std": 0.0, "range": 0.0 }, "geometry": { "type": "Polygon", "coordinates": [ [ [ 724100.0, 6176500.0 ], [ 724100.0, 6176600.0 ], [ 724200.0, 6176600.0 ], [ 724200.0, 6176500.0 ], [ 724100.0, 6176500.0 ] ] ] } },
{ "type": "Feature", "properties": { "Shape_Area": 10000.0, "Shape_Leng": 400.0, "cluster_id": "101_32", "fid_1": 32.0, "id_munic": 32.0, "munic_clus": "101_32", "munic_code": 101.0, "min": 3.8157284259796143, "max": 3.8157284259796143, "mean": 3.8157284259796143, "count": 1, "std": 0.0, "range": 0.0 }, "geometry": { "type": "Polygon", "coordinates": [ [ [ 724000.0, 6176400.0 ], [ 724000.0, 6176500.0 ], [ 724100.0, 6176500.0 ], [ 724100.0, 6176400.0 ], [ 724000.0, 6176400.0 ] ] ] } },
{ "type": "Feature", "properties": { "Shape_Area": 10000.0, "Shape_Leng": 400.0, "cluster_id": "101_33", "fid_1": 33.0, "id_munic": 33.0, "munic_clus": "101_33", "munic_code": 101.0, "min": 2.5503168106079102, "max": 2.5503168106079102, "mean": 2.5503168106079102, "count": 1, "std": 0.0, "range": 0.0 }, "geometry": { "type": "Polygon", "coordinates": [ [ [ 724100.0, 6176600.0 ], [ 724100.0, 6176700.0 ], [ 724200.0, 6176700.0 ], [ 724200.0, 6176600.0 ], [ 724100.0, 6176600.0 ] ] ] } },
{ "type": "Feature", "properties": { "Shape_Area": 30000.0, "Shape_Leng": 800.0, "cluster_id": "101_34", "fid_1": 34.0, "id_munic": 34.0, "munic_clus": "101_34", "munic_code": 101.0, "min": 2.9781739711761475, "max": 2.9781739711761475, "mean": 2.9781738917032876, "count": 3, "std": 7.947285984855057e-08, "range": 0.0 }, "geometry": { "type": "Polygon", "coordinates": [ [ [ 724000.0, 6176300.0 ], [ 723900.0, 6176300.0 ], [ 723900.0, 6176400.0 ], [ 724000.0, 6176400.0 ], [ 724100.0, 6176400.0 ], [ 724100.0, 6176300.0 ], [ 724100.0, 6176200.0 ], [ 724000.0, 6176200.0 ], [ 724000.0, 6176300.0 ] ] ] } },
{ "type": "Feature", "properties": { "Shape_Area": 10000.0, "Shape_Leng": 400.0, "cluster_id": "101_35", "fid_1": 35.0, "id_munic": 35.0, "munic_clus": "101_35", "munic_code": 101.0, "min": 3.5394866466522217, "max": 3.5394866466522217, "mean": 3.5394866466522217, "count": 1, "std": 0.0, "range": 0.0 }, "geometry": { "type": "Polygon", "coordinates": [ [ [ 724200.0, 6176700.0 ], [ 724200.0, 6176800.0 ], [ 724300.0, 6176800.0 ], [ 724300.0, 6176700.0 ], [ 724200.0, 6176700.0 ] ] ] } },
{ "type": "Feature", "properties": { "Shape_Area": 10000.0, "Shape_Leng": 400.0, "cluster_id": "101_36", "fid_1": 36.0, "id_munic": 36.0, "munic_clus": "101_36", "munic_code": 101.0, "min": 3.7452521324157715, "max": 3.7452521324157715, "mean": 3.7452521324157715, "count": 1, "std": 0.0, "range": 0.0 }, "geometry": { "type": "Polygon", "coordinates": [ [ [ 724100.0, 6176800.0 ], [ 724100.0, 6176900.0 ], [ 724200.0, 6176900.0 ], [ 724200.0, 6176800.0 ], [ 724100.0, 6176800.0 ] ] ] } },
{ "type": "Feature", "properties": { "Shape_Area": 20000.0, "Shape_Leng": 600.0, "cluster_id": "101_37", "fid_1": 37.0, "id_munic": 37.0, "munic_clus": "101_37", "munic_code": 101.0, "min": 2.8078975677490234, "max": 2.8078975677490234, "mean": 2.8078975677490234, "count": 2, "std": 0.0, "range": 0.0 }, "geometry": { "type": "Polygon", "coordinates": [ [ [ 723900.0, 6176500.0 ], [ 723900.0, 6176600.0 ], [ 724000.0, 6176600.0 ], [ 724000.0, 6176500.0 ], [ 724000.0, 6176400.0 ], [ 723900.0, 6176400.0 ], [ 723900.0, 6176500.0 ] ] ] } },
{ "type": "Feature", "properties": { "Shape_Area": 30000.0, "Shape_Leng": 800.0, "cluster_id": "101_38", "fid_1": 38.0, "id_munic": 38.0, "munic_clus": "101_38", "munic_code": 101.0, "min": 3.2535820007324219, "max": 3.2535820007324219, "mean": 3.2535820007324219, "count": 3, "std": 0.0, "range": 0.0 }, "geometry": { "type": "Polygon", "coordinates": [ [ [ 723000.0, 6178400.0 ], [ 723000.0, 6178500.0 ], [ 723100.0, 6178500.0 ], [ 723200.0, 6178500.0 ], [ 723200.0, 6178400.0 ], [ 723100.0, 6178400.0 ], [ 723100.0, 6178300.0 ], [ 723000.0, 6178300.0 ], [ 723000.0, 6178400.0 ] ] ] } },
{ "type": "Feature", "properties": { "Shape_Area": 30000.0, "Shape_Leng": 800.0, "cluster_id": "101_39", "fid_1": 39.0, "id_munic": 39.0, "munic_clus": "101_39", "munic_code": 101.0, "min": 2.7864048480987549, "max": 2.7864048480987549, "mean": 2.7864049275716147, "count": 3, "std": 7.947285984855057e-08, "range": 0.0 }, "geometry": { "type": "Polygon", "coordinates": [ [ [ 722800.0, 6178600.0 ], [ 722800.0, 6178700.0 ], [ 722900.0, 6178700.0 ], [ 723000.0, 6178700.0 ], [ 723000.0, 6178600.0 ], [ 722900.0, 6178600.0 ], [ 722900.0, 6178500.0 ], [ 722800.0, 6178500.0 ], [ 722800.0, 6178600.0 ] ] ] } },
{ "type": "Feature", "properties": { "Shape_Area": 20000.0, "Shape_Leng": 600.0, "cluster_id": "101_40", "fid_1": 40.0, "id_munic": 40.0, "munic_clus": "101_40", "munic_code": 101.0, "min": 3.2862381935119629, "max": 3.2862381935119629, "mean": 3.2862381935119629, "count": 2, "std": 0.0, "range": 0.0 }, "geometry": { "type": "Polygon", "coordinates": [ [ [ 723100.0, 6178400.0 ], [ 723200.0, 6178400.0 ], [ 723300.0, 6178400.0 ], [ 723300.0, 6178300.0 ], [ 723200.0, 6178300.0 ], [ 723100.0, 6178300.0 ], [ 723100.0, 6178400.0 ] ] ] } },
{ "type": "Feature", "properties": { "Shape_Area": 20000.0, "Shape_Leng": 600.0, "cluster_id": "101_41", "fid_1": 41.0, "id_munic": 41.0, "munic_clus": "101_41", "munic_code": 101.0, "min": 3.1646120548248291, "max": 3.1646120548248291, "mean": 3.1646120548248291, "count": 2, "std": 0.0, "range": 0.0 }, "geometry": { "type": "Polygon", "coordinates": [ [ [ 723100.0, 6178300.0 ], [ 723200.0, 6178300.0 ], [ 723300.0, 6178300.0 ], [ 723300.0, 6178200.0 ], [ 723200.0, 6178200.0 ], [ 723100.0, 6178200.0 ], [ 723100.0, 6178300.0 ] ] ] } },
{ "type": "Feature", "properties": { "Shape_Area": 10000.0, "Shape_Leng": 400.0, "cluster_id": "101_42", "fid_1": 42.0, "id_munic": 42.0, "munic_clus": "101_42", "munic_code": 101.0, "min": 3.7522497177124023, "max": 3.7522497177124023, "mean": 3.7522497177124023, "count": 1, "std": 0.0, "range": 0.0 }, "geometry": { "type": "Polygon", "coordinates": [ [ [ 719600.0, 6177400.0 ], [ 719600.0, 6177500.0 ], [ 719700.0, 6177500.0 ], [ 719700.0, 6177400.0 ], [ 719600.0, 6177400.0 ] ] ] } },
{ "type": "Feature", "properties": { "Shape_Area": 10000.0, "Shape_Leng": 400.0, "cluster_id": "101_43", "fid_1": 43.0, "id_munic": 43.0, "munic_clus": "101_43", "munic_code": 101.0, "min": 2.9188601970672607, "max": 2.9188601970672607, "mean": 2.9188601970672607, "count": 1, "std": 0.0, "range": 0.0 }, "geometry": { "type": "Polygon", "coordinates": [ [ [ 722900.0, 6178300.0 ], [ 722900.0, 6178400.0 ], [ 723000.0, 6178400.0 ], [ 723000.0, 6178300.0 ], [ 722900.0, 6178300.0 ] ] ] } },
{ "type": "Feature", "properties": { "Shape_Area": 10000.0, "Shape_Leng": 400.0, "cluster_id": "101_44", "fid_1": 44.0, "id_munic": 44.0, "munic_clus": "101_44", "munic_code": 101.0, "min": 3.3383872509002686, "max": 3.3383872509002686, "mean": 3.3383872509002686, "count": 1, "std": 0.0, "range": 0.0 }, "geometry": { "type": "Polygon", "coordinates": [ [ [ 722800.0, 6178400.0 ], [ 722800.0, 6178500.0 ], [ 722900.0, 6178500.0 ], [ 722900.0, 6178400.0 ], [ 722800.0, 6178400.0 ] ] ] } },
{ "type": "Feature", "properties": { "Shape_Area": 30000.0, "Shape_Leng": 800.0, "cluster_id": "101_45", "fid_1": 45.0, "id_munic": 45.0, "munic_clus": "101_45", "munic_code": 101.0, "min": 2.5839724540710449, "max": 2.5839724540710449, "mean": 2.5839724540710449, "count": 3, "std": 0.0, "range": 0.0 }, "geometry": { "type": "Polygon", "coordinates": [ [ [ 722900.0, 6178500.0 ], [ 722900.0, 6178600.0 ], [ 723000.0, 6178600.0 ], [ 723100.0, 6178600.0 ], [ 723100.0, 6178500.0 ], [ 723000.0, 6178500.0 ], [ 723000.0, 6178400.0 ], [ 722900.0, 6178400.0 ], [ 722900.0, 6178500.0 ] ] ] } },
{ "type": "Feature", "properties": { "Shape_Area": 20000.0, "Shape_Leng": 600.0, "cluster_id": "101_46", "fid_1": 46.0, "id_munic": 46.0, "munic_clus": "101_46", "munic_code": 101.0, "min": 3.2072646617889404, "max": 3.2072646617889404, "mean": 3.2072646617889404, "count": 2, "std": 0.0, "range": 0.0 }, "geometry": { "type": "Polygon", "coordinates": [ [ [ 723000.0, 6175400.0 ], [ 723100.0, 6175400.0 ], [ 723200.0, 6175400.0 ], [ 723200.0, 6175300.0 ], [ 723100.0, 6175300.0 ], [ 723000.0, 6175300.0 ], [ 723000.0, 6175400.0 ] ] ] } },
{ "type": "Feature", "properties": { "Shape_Area": 30000.0, "Shape_Leng": 800.0, "cluster_id": "101_47", "fid_1": 47.0, "id_munic": 47.0, "munic_clus": "101_47", "munic_code": 101.0, "min": 2.6536157131195068, "max": 2.6536157131195068, "mean": 2.653615633646647, "count": 3, "std": 7.947285984855057e-08, "range": 0.0 }, "geometry": { "type": "Polygon", "coordinates": [ [ [ 724500.0, 6178300.0 ], [ 724500.0, 6178400.0 ], [ 724600.0, 6178400.0 ], [ 724700.0, 6178400.0 ], [ 724700.0, 6178300.0 ], [ 724600.0, 6178300.0 ], [ 724600.0, 6178200.0 ], [ 724500.0, 6178200.0 ], [ 724500.0, 6178300.0 ] ] ] } },
{ "type": "Feature", "properties": { "Shape_Area": 10000.0, "Shape_Leng": 400.0, "cluster_id": "101_48", "fid_1": 48.0, "id_munic": 48.0, "munic_clus": "101_48", "munic_code": 101.0, "min": 3.1649458408355713, "max": 3.1649458408355713, "mean": 3.1649458408355713, "count": 1, "std": 0.0, "range": 0.0 }, "geometry": { "type": "Polygon", "coordinates": [ [ [ 719600.0, 6177300.0 ], [ 719600.0, 6177400.0 ], [ 719700.0, 6177400.0 ], [ 719700.0, 6177300.0 ], [ 719600.0, 6177300.0 ] ] ] } },
{ "type": "Feature", "properties": { "Shape_Area": 10000.0, "Shape_Leng": 400.0, "cluster_id": "101_49", "fid_1": 49.0, "id_munic": 49.0, "munic_clus": "101_49", "munic_code": 101.0, "min": 2.8910365104675293, "max": 2.8910365104675293, "mean": 2.8910365104675293, "count": 1, "std": 0.0, "range": 0.0 }, "geometry": { "type": "Polygon", "coordinates": [ [ [ 720000.0, 6177200.0 ], [ 720000.0, 6177300.0 ], [ 720100.0, 6177300.0 ], [ 720100.0, 6177200.0 ], [ 720000.0, 6177200.0 ] ] ] } },
{ "type": "Feature", "properties": { "Shape_Area": 20000.0, "Shape_Leng": 600.0, "cluster_id": "101_50", "fid_1": 50.0, "id_munic": 50.0, "munic_clus": "101_50", "munic_code": 101.0, "min": 3.7964019775390625, "max": 3.7964019775390625, "mean": 3.7964019775390625, "count": 2, "std": 0.0, "range": 0.0 }, "geometry": { "type": "Polygon", "coordinates": [ [ [ 719400.0, 6177500.0 ], [ 719500.0, 6177500.0 ], [ 719600.0, 6177500.0 ], [ 719600.0, 6177400.0 ], [ 719500.0, 6177400.0 ], [ 719400.0, 6177400.0 ], [ 719400.0, 6177500.0 ] ] ] } },
{ "type": "Feature", "properties": { "Shape_Area": 20000.0, "Shape_Leng": 600.0, "cluster_id": "101_51", "fid_1": 51.0, "id_munic": 51.0, "munic_clus": "101_51", "munic_code": 101.0, "min": 3.3392205238342285, "max": 3.3392205238342285, "mean": 3.3392205238342285, "count": 2, "std": 0.0, "range": 0.0 }, "geometry": { "type": "Polygon", "coordinates": [ [ [ 722700.0, 6174400.0 ], [ 722700.0, 6174500.0 ], [ 722800.0, 6174500.0 ], [ 722800.0, 6174400.0 ], [ 722800.0, 6174300.0 ], [ 722700.0, 6174300.0 ], [ 722700.0, 6174400.0 ] ] ] } },
{ "type": "Feature", "properties": { "Shape_Area": 30000.0, "Shape_Leng": 800.0, "cluster_id": "101_52", "fid_1": 52.0, "id_munic": 52.0, "munic_clus": "101_52", "munic_code": 101.0, "min": 3.1859383583068848, "max": 3.1859383583068848, "mean": 3.185938517252604, "count": 3, "std": 1.5894571925301193e-07, "range": 0.0 }, "geometry": { "type": "Polygon", "coordinates": [ [ [ 723400.0, 6176500.0 ], [ 723500.0, 6176500.0 ], [ 723500.0, 6176600.0 ], [ 723600.0, 6176600.0 ], [ 723600.0, 6176500.0 ], [ 723600.0, 6176400.0 ], [ 723500.0, 6176400.0 ], [ 723400.0, 6176400.0 ], [ 723400.0, 6176500.0 ] ] ] } },
{ "type": "Feature", "properties": { "Shape_Area": 20000.0, "Shape_Leng": 600.0, "cluster_id": "101_53", "fid_1": 53.0, "id_munic": 53.0, "munic_clus": "101_53", "munic_code": 101.0, "min": 2.8797066211700439, "max": 2.8797066211700439, "mean": 2.8797066211700439, "count": 2, "std": 0.0, "range": 0.0 }, "geometry": { "type": "Polygon", "coordinates": [ [ [ 724600.0, 6175400.0 ], [ 724700.0, 6175400.0 ], [ 724800.0, 6175400.0 ], [ 724800.0, 6175300.0 ], [ 724700.0, 6175300.0 ], [ 724600.0, 6175300.0 ], [ 724600.0, 6175400.0 ] ] ] } },
{ "type": "Feature", "properties": { "Shape_Area": 70000.0, "Shape_Leng": 1400.0, "cluster_id": "101_54", "fid_1": 54.0, "id_munic": 54.0, "munic_clus": "101_54", "munic_code": 101.0, "min": 2.8377208709716797, "max": 2.8377208709716797, "mean": 2.8377208709716797, "count": 7, "std": 0.0, "range": 0.0 }, "geometry": { "type": "Polygon", "coordinates": [ [ [ 724400.0, 6175200.0 ], [ 724400.0, 6175300.0 ], [ 724400.0, 6175400.0 ], [ 724500.0, 6175400.0 ], [ 724500.0, 6175500.0 ], [ 724600.0, 6175500.0 ], [ 724700.0, 6175500.0 ], [ 724700.0, 6175400.0 ], [ 724600.0, 6175400.0 ], [ 724600.0, 6175300.0 ], [ 724600.0, 6175200.0 ], [ 724600.0, 6175100.0 ], [ 724500.0, 6175100.0 ], [ 724500.0, 6175200.0 ], [ 724400.0, 6175200.0 ] ] ] } },
{ "type": "Feature", "properties": { "Shape_Area": 40000.0, "Shape_Leng": 1000.0, "cluster_id": "101_55", "fid_1": 55.0, "id_munic": 55.0, "munic_clus": "101_55", "munic_code": 101.0, "min": 2.5168278217315674, "max": 2.5168278217315674, "mean": 2.5168278217315674, "count": 4, "std": 0.0, "range": 0.0 }, "geometry": { "type": "Polygon", "coordinates": [ [ [ 723800.0, 6178700.0 ], [ 723700.0, 6178700.0 ], [ 723700.0, 6178800.0 ], [ 723600.0, 6178800.0 ], [ 723600.0, 6178900.0 ], [ 723700.0, 6178900.0 ], [ 723700.0, 6179000.0 ], [ 723800.0, 6179000.0 ], [ 723800.0, 6178900.0 ], [ 723800.0, 6178800.0 ], [ 723800.0, 6178700.0 ] ] ] } },
{ "type": "Feature", "properties": { "Shape_Area": 50000.0, "Shape_Leng": 1000.0, "cluster_id": "101_56", "fid_1": 56.0, "id_munic": 56.0, "munic_clus": "101_56", "munic_code": 101.0, "min": 2.5666446685791016, "max": 2.5666446685791016, "mean": 2.5666446685791016, "count": 5, "std": 0.0, "range": 0.0 }, "geometry": { "type": "Polygon", "coordinates": [ [ [ 725800.0, 6176300.0 ], [ 725700.0, 6176300.0 ], [ 725600.0, 6176300.0 ], [ 725600.0, 6176400.0 ], [ 725500.0, 6176400.0 ], [ 725500.0, 6176500.0 ], [ 725600.0, 6176500.0 ], [ 725700.0, 6176500.0 ], [ 725800.0, 6176500.0 ], [ 725800.0, 6176400.0 ], [ 725800.0, 6176300.0 ] ] ] } },
{ "type": "Feature", "properties": { "Shape_Area": 70000.0, "Shape_Leng": 1200.0, "cluster_id": "101_57", "fid_1": 57.0, "id_munic": 57.0, "munic_clus": "101_57", "munic_code": 101.0, "min": 2.9790074825286865, "max": 2.9790074825286865, "mean": 2.9790074484688893, "count": 7, "std": 3.4059797204832876e-08, "range": 0.0 }, "geometry": { "type": "Polygon", "coordinates": [ [ [ 725900.0, 6176900.0 ], [ 725900.0, 6177000.0 ], [ 726000.0, 6177000.0 ], [ 726100.0, 6177000.0 ], [ 726100.0, 6176900.0 ], [ 726200.0, 6176900.0 ], [ 726200.0, 6176800.0 ], [ 726100.0, 6176800.0 ], [ 726100.0, 6176700.0 ], [ 726000.0, 6176700.0 ], [ 725900.0, 6176700.0 ], [ 725900.0, 6176800.0 ], [ 725900.0, 6176900.0 ] ] ] } },
{ "type": "Feature", "properties": { "Shape_Area": 20000.0, "Shape_Leng": 600.0, "cluster_id": "101_58", "fid_1": 58.0, "id_munic": 58.0, "munic_clus": "101_58", "munic_code": 101.0, "min": 2.8017325401306152, "max": 2.8017325401306152, "mean": 2.8017325401306152, "count": 2, "std": 0.0, "range": 0.0 }, "geometry": { "type": "Polygon", "coordinates": [ [ [ 722600.0, 6174800.0 ], [ 722600.0, 6174900.0 ], [ 722700.0, 6174900.0 ], [ 722700.0, 6174800.0 ], [ 722700.0, 6174700.0 ], [ 722600.0, 6174700.0 ], [ 722600.0, 6174800.0 ] ] ] } },
{ "type": "Feature", "properties": { "Shape_Area": 30000.0, "Shape_Leng": 800.0, "cluster_id": "101_59", "fid_1": 59.0, "id_munic": 59.0, "munic_clus": "101_59", "munic_code": 101.0, "min": 3.1357884407043457, "max": 3.1357884407043457, "mean": 3.135788599650065, "count": 3, "std": 1.5894571925301193e-07, "range": 0.0 }, "geometry": { "type": "Polygon", "coordinates": [ [ [ 718200.0, 6179100.0 ], [ 718200.0, 6179200.0 ], [ 718300.0, 6179200.0 ], [ 718400.0, 6179200.0 ], [ 718400.0, 6179100.0 ], [ 718300.0, 6179100.0 ], [ 718300.0, 6179000.0 ], [ 718200.0, 6179000.0 ], [ 718200.0, 6179100.0 ] ] ] } },
{ "type": "Feature", "properties": { "Shape_Area": 50000.0, "Shape_Leng": 1200.0, "cluster_id": "101_60", "fid_1": 60.0, "id_munic": 60.0, "munic_clus": "101_60", "munic_code": 101.0, "min": 3.9516832828521729, "max": 3.9516832828521729, "mean": 3.9516834259033202, "count": 5, "std": 1.4305114737211966e-07, "range": 0.0 }, "geometry": { "type": "Polygon", "coordinates": [ [ [ 718400.0, 6178800.0 ], [ 718300.0, 6178800.0 ], [ 718300.0, 6178900.0 ], [ 718200.0, 6178900.0 ], [ 718100.0, 6178900.0 ], [ 718100.0, 6179000.0 ], [ 718200.0, 6179000.0 ], [ 718300.0, 6179000.0 ], [ 718300.0, 6179100.0 ], [ 718400.0, 6179100.0 ], [ 718400.0, 6179000.0 ], [ 718400.0, 6178900.0 ], [ 718400.0, 6178800.0 ] ] ] } },
{ "type": "Feature", "properties": { "Shape_Area": 80000.0, "Shape_Leng": 1400.0, "cluster_id": "101_61", "fid_1": 61.0, "id_munic": 61.0, "munic_clus": "101_61", "munic_code": 101.0, "min": 3.647118091583252, "max": 3.647118091583252, "mean": 3.647118091583252, "count": 8, "std": 0.0, "range": 0.0 }, "geometry": { "type": "Polygon", "coordinates": [ [ [ 717500.0, 6178700.0 ], [ 717500.0, 6178800.0 ], [ 717400.0, 6178800.0 ], [ 717400.0, 6178900.0 ], [ 717300.0, 6178900.0 ], [ 717300.0, 6179000.0 ], [ 717400.0, 6179000.0 ], [ 717400.0, 6179100.0 ], [ 717500.0, 6179100.0 ], [ 717600.0, 6179100.0 ], [ 717600.0, 6179000.0 ], [ 717600.0, 6178900.0 ], [ 717600.0, 6178800.0 ], [ 717600.0, 6178700.0 ], [ 717500.0, 6178700.0 ] ] ] } },
{ "type": "Feature", "properties": { "Shape_Area": 30000.0, "Shape_Leng": 800.0, "cluster_id": "101_62", "fid_1": 62.0, "id_munic": 62.0, "munic_clus": "101_62", "munic_code": 101.0, "min": 3.367377758026123, "max": 3.367377758026123, "mean": 3.3673775990804038, "count": 3, "std": 1.5894571925301193e-07, "range": 0.0 }, "geometry": { "type": "Polygon", "coordinates": [ [ [ 718000.0, 6178800.0 ], [ 717900.0, 6178800.0 ], [ 717900.0, 6178900.0 ], [ 718000.0, 6178900.0 ], [ 718100.0, 6178900.0 ], [ 718100.0, 6178800.0 ], [ 718100.0, 6178700.0 ], [ 718000.0, 6178700.0 ], [ 718000.0, 6178800.0 ] ] ] } },
{ "type": "Feature", "properties": { "Shape_Area": 60000.0, "Shape_Leng": 1200.0, "cluster_id": "101_63", "fid_1": 63.0, "id_munic": 63.0, "munic_clus": "101_63", "munic_code": 101.0, "min": 3.6757752895355225, "max": 3.6757752895355225, "mean": 3.6757752100626626, "count": 6, "std": 7.947285984855057e-08, "range": 0.0 }, "geometry": { "type": "Polygon", "coordinates": [ [ [ 718000.0, 6178400.0 ], [ 718000.0, 6178500.0 ], [ 718000.0, 6178600.0 ], [ 718100.0, 6178600.0 ], [ 718200.0, 6178600.0 ], [ 718200.0, 6178500.0 ], [ 718200.0, 6178400.0 ], [ 718100.0, 6178400.0 ], [ 718100.0, 6178300.0 ], [ 718100.0, 6178200.0 ], [ 718000.0, 6178200.0 ], [ 718000.0, 6178300.0 ], [ 718000.0, 6178400.0 ] ] ] } },
{ "type": "Feature", "properties": { "Shape_Area": 90000.0, "Shape_Leng": 1400.0, "cluster_id": "101_64", "fid_1": 64.0, "id_munic": 64.0, "munic_clus": "101_64", "munic_code": 101.0, "min": 2.9353549480438232, "max": 2.9353549480438232, "mean": 2.9353546566433377, "count": 9, "std": 2.9140048551923314e-07, "range": 0.0 }, "geometry": { "type": "Polygon", "coordinates": [ [ [ 717700.0, 6178500.0 ], [ 717600.0, 6178500.0 ], [ 717500.0, 6178500.0 ], [ 717400.0, 6178500.0 ], [ 717300.0, 6178500.0 ], [ 717300.0, 6178600.0 ], [ 717300.0, 6178700.0 ], [ 717400.0, 6178700.0 ], [ 717400.0, 6178800.0 ], [ 717500.0, 6178800.0 ], [ 717500.0, 6178700.0 ], [ 717600.0, 6178700.0 ], [ 717700.0, 6178700.0 ], [ 717700.0, 6178600.0 ], [ 717700.0, 6178500.0 ] ] ] } },
{ "type": "Feature", "properties": { "Shape_Area": 100000.0, "Shape_Leng": 1600.0, "cluster_id": "101_65", "fid_1": 65.0, "id_munic": 65.0, "munic_clus": "101_65", "munic_code": 101.0, "min": 3.2874045372009277, "max": 3.2874045372009277, "mean": 3.2874046325683595, "count": 10, "std": 9.5367431729442855e-08, "range": 0.0 }, "geometry": { "type": "Polygon", "coordinates": [ [ [ 717600.0, 6179000.0 ], [ 717600.0, 6179100.0 ], [ 717600.0, 6179200.0 ], [ 717700.0, 6179200.0 ], [ 717800.0, 6179200.0 ], [ 717800.0, 6179100.0 ], [ 717800.0, 6179000.0 ], [ 717900.0, 6179000.0 ], [ 717900.0, 6178900.0 ], [ 717800.0, 6178900.0 ], [ 717800.0, 6178800.0 ], [ 717700.0, 6178800.0 ], [ 717700.0, 6178700.0 ], [ 717600.0, 6178700.0 ], [ 717600.0, 6178800.0 ], [ 717600.0, 6178900.0 ], [ 717600.0, 6179000.0 ] ] ] } },
{ "type": "Feature", "properties": { "Shape_Area": 210000.0, "Shape_Leng": 2400.0, "cluster_id": "101_66", "fid_1": 66.0, "id_munic": 66.0, "munic_clus": "101_66", "munic_code": 101.0, "min": 3.1174612045288086, "max": 3.1174612045288086, "mean": 3.1174610682896207, "count": 21, "std": 1.3623918793115308e-07, "range": 0.0 }, "geometry": { "type": "Polygon", "coordinates": [ [ [ 717600.0, 6178500.0 ], [ 717700.0, 6178500.0 ], [ 717700.0, 6178600.0 ], [ 717700.0, 6178700.0 ], [ 717700.0, 6178800.0 ], [ 717800.0, 6178800.0 ], [ 717800.0, 6178900.0 ], [ 717900.0, 6178900.0 ], [ 717900.0, 6178800.0 ], [ 718000.0, 6178800.0 ], [ 718000.0, 6178700.0 ], [ 718000.0, 6178600.0 ], [ 718000.0, 6178500.0 ], [ 718000.0, 6178400.0 ], [ 718000.0, 6178300.0 ], [ 718000.0, 6178200.0 ], [ 718000.0, 6178100.0 ], [ 717900.0, 6178100.0 ], [ 717900.0, 6178200.0 ], [ 717800.0, 6178200.0 ], [ 717700.0, 6178200.0 ], [ 717700.0, 6178300.0 ], [ 717700.0, 6178400.0 ], [ 717600.0, 6178400.0 ], [ 717600.0, 6178500.0 ] ] ] } },
{ "type": "Feature", "properties": { "Shape_Area": 40000.0, "Shape_Leng": 800.0, "cluster_id": "101_67", "fid_1": 67.0, "id_munic": 67.0, "munic_clus": "101_67", "munic_code": 101.0, "min": 3.9305229187011719, "max": 3.9305229187011719, "mean": 3.9305229187011719, "count": 4, "std": 0.0, "range": 0.0 }, "geometry": { "type": "Polygon", "coordinates": [ [ [ 718300.0, 6178200.0 ], [ 718200.0, 6178200.0 ], [ 718100.0, 6178200.0 ], [ 718100.0, 6178300.0 ], [ 718100.0, 6178400.0 ], [ 718200.0, 6178400.0 ], [ 718300.0, 6178400.0 ], [ 718300.0, 6178300.0 ], [ 718300.0, 6178200.0 ] ] ] } },
{ "type": "Feature", "properties": { "Shape_Area": 110000.0, "Shape_Leng": 1600.0, "cluster_id": "101_68", "fid_1": 68.0, "id_munic": 68.0, "munic_clus": "101_68", "munic_code": 101.0, "min": 3.8928699493408203, "max": 3.8928699493408203, "mean": 3.8928701227361504, "count": 11, "std": 1.7339533009419483e-07, "range": 0.0 }, "geometry": { "type": "Polygon", "coordinates": [ [ [ 718200.0, 6178500.0 ], [ 718200.0, 6178600.0 ], [ 718100.0, 6178600.0 ], [ 718000.0, 6178600.0 ], [ 718000.0, 6178700.0 ], [ 718100.0, 6178700.0 ], [ 718100.0, 6178800.0 ], [ 718100.0, 6178900.0 ], [ 718200.0, 6178900.0 ], [ 718300.0, 6178900.0 ], [ 718300.0, 6178800.0 ], [ 718400.0, 6178800.0 ], [ 718400.0, 6178700.0 ], [ 718400.0, 6178600.0 ], [ 718400.0, 6178500.0 ], [ 718300.0, 6178500.0 ], [ 718200.0, 6178500.0 ] ] ] } },
{ "type": "Feature", "properties": { "Shape_Area": 80000.0, "Shape_Leng": 1200.0, "cluster_id": "101_69", "fid_1": 69.0, "id_munic": 69.0, "munic_clus": "101_69", "munic_code": 101.0, "min": 3.0873048305511475, "max": 3.0873048305511475, "mean": 3.0873048305511475, "count": 8, "std": 0.0, "range": 0.0 }, "geometry": { "type": "Polygon", "coordinates": [ [ [ 717200.0, 6178600.0 ], [ 717100.0, 6178600.0 ], [ 717100.0, 6178700.0 ], [ 717100.0, 6178800.0 ], [ 717100.0, 6178900.0 ], [ 717200.0, 6178900.0 ], [ 717300.0, 6178900.0 ], [ 717400.0, 6178900.0 ], [ 717400.0, 6178800.0 ], [ 717400.0, 6178700.0 ], [ 717300.0, 6178700.0 ], [ 717300.0, 6178600.0 ], [ 717200.0, 6178600.0 ] ] ] } },
{ "type": "Feature", "properties": { "Shape_Area": 100000.0, "Shape_Leng": 1400.0, "cluster_id": "101_70", "fid_1": 70.0, "id_munic": 70.0, "munic_clus": "101_70", "munic_code": 101.0, "min": 3.5868046283721924, "max": 3.5868046283721924, "mean": 3.5868045806884767, "count": 10, "std": 4.7683715642676816e-08, "range": 0.0 }, "geometry": { "type": "Polygon", "coordinates": [ [ [ 718400.0, 6178100.0 ], [ 718400.0, 6178200.0 ], [ 718400.0, 6178300.0 ], [ 718400.0, 6178400.0 ], [ 718400.0, 6178500.0 ], [ 718500.0, 6178500.0 ], [ 718600.0, 6178500.0 ], [ 718600.0, 6178400.0 ], [ 718600.0, 6178300.0 ], [ 718700.0, 6178300.0 ], [ 718700.0, 6178200.0 ], [ 718700.0, 6178100.0 ], [ 718600.0, 6178100.0 ], [ 718500.0, 6178100.0 ], [ 718400.0, 6178100.0 ] ] ] } },
{ "type": "Feature", "properties": { "Shape_Area": 30000.0, "Shape_Leng": 800.0, "cluster_id": "101_71", "fid_1": 71.0, "id_munic": 71.0, "munic_clus": "101_71", "munic_code": 101.0, "min": 3.5796403884887695, "max": 3.5796403884887695, "mean": 3.5796403884887695, "count": 3, "std": 0.0, "range": 0.0 }, "geometry": { "type": "Polygon", "coordinates": [ [ [ 718100.0, 6179400.0 ], [ 718100.0, 6179500.0 ], [ 718200.0, 6179500.0 ], [ 718200.0, 6179400.0 ], [ 718300.0, 6179400.0 ], [ 718300.0, 6179300.0 ], [ 718200.0, 6179300.0 ], [ 718100.0, 6179300.0 ], [ 718100.0, 6179400.0 ] ] ] } },
{ "type": "Feature", "properties": { "Shape_Area": 30000.0, "Shape_Leng": 800.0, "cluster_id": "101_72", "fid_1": 72.0, "id_munic": 72.0, "munic_clus": "101_72", "munic_code": 101.0, "min": 3.1162948608398438, "max": 3.1162948608398438, "mean": 3.1162948608398438, "count": 3, "std": 0.0, "range": 0.0 }, "geometry": { "type": "Polygon", "coordinates": [ [ [ 718200.0, 6179300.0 ], [ 718300.0, 6179300.0 ], [ 718300.0, 6179400.0 ], [ 718400.0, 6179400.0 ], [ 718400.0, 6179300.0 ], [ 718400.0, 6179200.0 ], [ 718300.0, 6179200.0 ], [ 718200.0, 6179200.0 ], [ 718200.0, 6179300.0 ] ] ] } },
{ "type": "Feature", "properties": { "Shape_Area": 60000.0, "Shape_Leng": 1000.0, "cluster_id": "101_73", "fid_1": 73.0, "id_munic": 73.0, "munic_clus": "101_73", "munic_code": 101.0, "min": 3.083972692489624, "max": 3.083972692489624, "mean": 3.0839726130167642, "count": 6, "std": 7.947285984855057e-08, "range": 0.0 }, "geometry": { "type": "Polygon", "coordinates": [ [ [ 718400.0, 6178700.0 ], [ 718400.0, 6178800.0 ], [ 718500.0, 6178800.0 ], [ 718600.0, 6178800.0 ], [ 718600.0, 6178700.0 ], [ 718600.0, 6178600.0 ], [ 718600.0, 6178500.0 ], [ 718500.0, 6178500.0 ], [ 718400.0, 6178500.0 ], [ 718400.0, 6178600.0 ], [ 718400.0, 6178700.0 ] ] ] } },
{ "type": "Feature", "properties": { "Shape_Area": 20000.0, "Shape_Leng": 600.0, "cluster_id": "101_74", "fid_1": 74.0, "id_munic": 74.0, "munic_clus": "101_74", "munic_code": 101.0, "min": 2.7969014644622803, "max": 2.7969014644622803, "mean": 2.7969014644622803, "count": 2, "std": 0.0, "range": 0.0 }, "geometry": { "type": "Polygon", "coordinates": [ [ [ 719400.0, 6177600.0 ], [ 719500.0, 6177600.0 ], [ 719600.0, 6177600.0 ], [ 719600.0, 6177500.0 ], [ 719500.0, 6177500.0 ], [ 719400.0, 6177500.0 ], [ 719400.0, 6177600.0 ] ] ] } },
{ "type": "Feature", "properties": { "Shape_Area": 60000.0, "Shape_Leng": 1000.0, "cluster_id": "101_75", "fid_1": 75.0, "id_munic": 75.0, "munic_clus": "101_75", "munic_code": 101.0, "min": 2.7580804824829102, "max": 2.7580804824829102, "mean": 2.7580804824829102, "count": 6, "std": 0.0, "range": 0.0 }, "geometry": { "type": "Polygon", "coordinates": [ [ [ 719200.0, 6177600.0 ], [ 719200.0, 6177700.0 ], [ 719300.0, 6177700.0 ], [ 719400.0, 6177700.0 ], [ 719400.0, 6177600.0 ], [ 719400.0, 6177500.0 ], [ 719400.0, 6177400.0 ], [ 719300.0, 6177400.0 ], [ 719200.0, 6177400.0 ], [ 719200.0, 6177500.0 ], [ 719200.0, 6177600.0 ] ] ] } },
{ "type": "Feature", "properties": { "Shape_Area": 60000.0, "Shape_Leng": 1200.0, "cluster_id": "101_76", "fid_1": 76.0, "id_munic": 76.0, "munic_clus": "101_76", "munic_code": 101.0, "min": 3.0978009700775146, "max": 3.0978009700775146, "mean": 3.0978008906046548, "count": 6, "std": 7.947285984855057e-08, "range": 0.0 }, "geometry": { "type": "Polygon", "coordinates": [ [ [ 718700.0, 6177300.0 ], [ 718700.0, 6177400.0 ], [ 718700.0, 6177500.0 ], [ 718700.0, 6177600.0 ], [ 718800.0, 6177600.0 ], [ 718800.0, 6177500.0 ], [ 718900.0, 6177500.0 ], [ 718900.0, 6177400.0 ], [ 718900.0, 6177300.0 ], [ 718900.0, 6177200.0 ], [ 718800.0, 6177200.0 ], [ 718800.0, 6177300.0 ], [ 718700.0, 6177300.0 ] ] ] } },
{ "type": "Feature", "properties": { "Shape_Area": 90000.0, "Shape_Leng": 1400.0, "cluster_id": "101_77", "fid_1": 77.0, "id_munic": 77.0, "munic_clus": "101_77", "munic_code": 101.0, "min": 3.6862714290618896, "max": 3.6862714290618896, "mean": 3.686271243625217, "count": 9, "std": 1.8543667268389186e-07, "range": 0.0 }, "geometry": { "type": "Polygon", "coordinates": [ [ [ 719100.0, 6177600.0 ], [ 719000.0, 6177600.0 ], [ 718900.0, 6177600.0 ], [ 718800.0, 6177600.0 ], [ 718800.0, 6177700.0 ], [ 718800.0, 6177800.0 ], [ 718900.0, 6177800.0 ], [ 718900.0, 6177900.0 ], [ 719000.0, 6177900.0 ], [ 719100.0, 6177900.0 ], [ 719100.0, 6177800.0 ], [ 719200.0, 6177800.0 ], [ 719200.0, 6177700.0 ], [ 719100.0, 6177700.0 ], [ 719100.0, 6177600.0 ] ] ] } },
{ "type": "Feature", "properties": { "Shape_Area": 10000.0, "Shape_Leng": 400.0, "cluster_id": "101_78", "fid_1": 78.0, "id_munic": 78.0, "munic_clus": "101_78", "munic_code": 101.0, "min": 2.9041991233825684, "max": 2.9041991233825684, "mean": 2.9041991233825684, "count": 1, "std": 0.0, "range": 0.0 }, "geometry": { "type": "Polygon", "coordinates": [ [ [ 718800.0, 6177800.0 ], [ 718800.0, 6177900.0 ], [ 718900.0, 6177900.0 ], [ 718900.0, 6177800.0 ], [ 718800.0, 6177800.0 ] ] ] } },
{ "type": "Feature", "properties": { "Shape_Area": 100000.0, "Shape_Leng": 1600.0, "cluster_id": "101_79", "fid_1": 79.0, "id_munic": 79.0, "munic_clus": "101_79", "munic_code": 101.0, "min": 2.797400951385498, "max": 2.797400951385498, "mean": 2.7974008560180663, "count": 10, "std": 9.5367431729442842e-08, "range": 0.0 }, "geometry": { "type": "Polygon", "coordinates": [ [ [ 719000.0, 6177300.0 ], [ 718900.0, 6177300.0 ], [ 718900.0, 6177400.0 ], [ 718900.0, 6177500.0 ], [ 718800.0, 6177500.0 ], [ 718800.0, 6177600.0 ], [ 718900.0, 6177600.0 ], [ 719000.0, 6177600.0 ], [ 719100.0, 6177600.0 ], [ 719100.0, 6177700.0 ], [ 719200.0, 6177700.0 ], [ 719200.0, 6177600.0 ], [ 719200.0, 6177500.0 ], [ 719200.0, 6177400.0 ], [ 719100.0, 6177400.0 ], [ 719100.0, 6177300.0 ], [ 719000.0, 6177300.0 ] ] ] } },
{ "type": "Feature", "properties": { "Shape_Area": 10000.0, "Shape_Leng": 400.0, "cluster_id": "101_80", "fid_1": 80.0, "id_munic": 80.0, "munic_clus": "101_80", "munic_code": 101.0, "min": 3.0056653022766113, "max": 3.0056653022766113, "mean": 3.0056653022766113, "count": 1, "std": 0.0, "range": 0.0 }, "geometry": { "type": "Polygon", "coordinates": [ [ [ 718700.0, 6177800.0 ], [ 718700.0, 6177900.0 ], [ 718800.0, 6177900.0 ], [ 718800.0, 6177800.0 ], [ 718700.0, 6177800.0 ] ] ] } },
{ "type": "Feature", "properties": { "Shape_Area": 40000.0, "Shape_Leng": 1000.0, "cluster_id": "101_81", "fid_1": 81.0, "id_munic": 81.0, "munic_clus": "101_81", "munic_code": 101.0, "min": 3.0833065509796143, "max": 3.0833065509796143, "mean": 3.0833065509796143, "count": 4, "std": 0.0, "range": 0.0 }, "geometry": { "type": "Polygon", "coordinates": [ [ [ 718800.0, 6177600.0 ], [ 718700.0, 6177600.0 ], [ 718700.0, 6177700.0 ], [ 718600.0, 6177700.0 ], [ 718600.0, 6177800.0 ], [ 718600.0, 6177900.0 ], [ 718700.0, 6177900.0 ], [ 718700.0, 6177800.0 ], [ 718800.0, 6177800.0 ], [ 718800.0, 6177700.0 ], [ 718800.0, 6177600.0 ] ] ] } },
{ "type": "Feature", "properties": { "Shape_Area": 10000.0, "Shape_Leng": 400.0, "cluster_id": "101_82", "fid_1": 82.0, "id_munic": 82.0, "munic_clus": "101_82", "munic_code": 101.0, "min": 3.3797073364257812, "max": 3.3797073364257812, "mean": 3.3797073364257812, "count": 1, "std": 0.0, "range": 0.0 }, "geometry": { "type": "Polygon", "coordinates": [ [ [ 724000.0, 6175100.0 ], [ 724000.0, 6175200.0 ], [ 724100.0, 6175200.0 ], [ 724100.0, 6175100.0 ], [ 724000.0, 6175100.0 ] ] ] } },
{ "type": "Feature", "properties": { "Shape_Area": 20000.0, "Shape_Leng": 600.0, "cluster_id": "101_83", "fid_1": 83.0, "id_munic": 83.0, "munic_clus": "101_83", "munic_code": 101.0, "min": 2.5831389427185059, "max": 2.5831389427185059, "mean": 2.5831389427185059, "count": 2, "std": 0.0, "range": 0.0 }, "geometry": { "type": "Polygon", "coordinates": [ [ [ 724000.0, 6175300.0 ], [ 724000.0, 6175400.0 ], [ 724100.0, 6175400.0 ], [ 724100.0, 6175300.0 ], [ 724100.0, 6175200.0 ], [ 724000.0, 6175200.0 ], [ 724000.0, 6175300.0 ] ] ] } },
{ "type": "Feature", "properties": { "Shape_Area": 200000.0, "Shape_Leng": 2400.0, "cluster_id": "101_84", "fid_1": 84.0, "id_munic": 84.0, "munic_clus": "101_84", "munic_code": 101.0, "min": 2.4990005493164062, "max": 2.4990005493164062, "mean": 2.4990005493164062, "count": 20, "std": 0.0, "range": 0.0 }, "geometry": { "type": "Polygon", "coordinates": [ [ [ 724000.0, 6175400.0 ], [ 724000.0, 6175500.0 ], [ 724000.0, 6175600.0 ], [ 724100.0, 6175600.0 ], [ 724200.0, 6175600.0 ], [ 724200.0, 6175700.0 ], [ 724300.0, 6175700.0 ], [ 724400.0, 6175700.0 ], [ 724500.0, 6175700.0 ], [ 724500.0, 6175600.0 ], [ 724600.0, 6175600.0 ], [ 724600.0, 6175500.0 ], [ 724500.0, 6175500.0 ], [ 724500.0, 6175400.0 ], [ 724400.0, 6175400.0 ], [ 724400.0, 6175300.0 ], [ 724300.0, 6175300.0 ], [ 724300.0, 6175200.0 ], [ 724200.0, 6175200.0 ], [ 724200.0, 6175100.0 ], [ 724100.0, 6175100.0 ], [ 724100.0, 6175200.0 ], [ 724100.0, 6175300.0 ], [ 724100.0, 6175400.0 ], [ 724000.0, 6175400.0 ] ] ] } },
{ "type": "Feature", "properties": { "Shape_Area": 10000.0, "Shape_Leng": 400.0, "cluster_id": "101_85", "fid_1": 85.0, "id_munic": 85.0, "munic_clus": "101_85", "munic_code": 101.0, "min": 2.6339552402496338, "max": 2.6339552402496338, "mean": 2.6339552402496338, "count": 1, "std": 0.0, "range": 0.0 }, "geometry": { "type": "Polygon", "coordinates": [ [ [ 723900.0, 6175200.0 ], [ 723900.0, 6175300.0 ], [ 724000.0, 6175300.0 ], [ 724000.0, 6175200.0 ], [ 723900.0, 6175200.0 ] ] ] } },
{ "type": "Feature", "properties": { "Shape_Area": 20000.0, "Shape_Leng": 600.0, "cluster_id": "101_86", "fid_1": 86.0, "id_munic": 86.0, "munic_clus": "101_86", "munic_code": 101.0, "min": 3.0236592292785645, "max": 3.0236592292785645, "mean": 3.0236592292785645, "count": 2, "std": 0.0, "range": 0.0 }, "geometry": { "type": "Polygon", "coordinates": [ [ [ 723700.0, 6175200.0 ], [ 723800.0, 6175200.0 ], [ 723900.0, 6175200.0 ], [ 723900.0, 6175100.0 ], [ 723800.0, 6175100.0 ], [ 723700.0, 6175100.0 ], [ 723700.0, 6175200.0 ] ] ] } },
{ "type": "Feature", "properties": { "Shape_Area": 10000.0, "Shape_Leng": 400.0, "cluster_id": "101_89", "fid_1": 89.0, "id_munic": 89.0, "munic_clus": "101_89", "munic_code": 101.0, "min": 2.7732422351837158, "max": 2.7732422351837158, "mean": 2.7732422351837158, "count": 1, "std": 0.0, "range": 0.0 }, "geometry": { "type": "Polygon", "coordinates": [ [ [ 722000.0, 6172600.0 ], [ 722000.0, 6172700.0 ], [ 722100.0, 6172700.0 ], [ 722100.0, 6172600.0 ], [ 722000.0, 6172600.0 ] ] ] } },
{ "type": "Feature", "properties": { "Shape_Area": 50000.0, "Shape_Leng": 1200.0, "cluster_id": "101_90", "fid_1": 90.0, "id_munic": 90.0, "munic_clus": "101_90", "munic_code": 101.0, "min": 2.7540819644927979, "max": 2.7540819644927979, "mean": 2.7540819168090822, "count": 5, "std": 4.7683715642676816e-08, "range": 0.0 }, "geometry": { "type": "Polygon", "coordinates": [ [ [ 721800.0, 6172600.0 ], [ 721700.0, 6172600.0 ], [ 721700.0, 6172700.0 ], [ 721600.0, 6172700.0 ], [ 721600.0, 6172800.0 ], [ 721700.0, 6172800.0 ], [ 721800.0, 6172800.0 ], [ 721900.0, 6172800.0 ], [ 722000.0, 6172800.0 ], [ 722000.0, 6172700.0 ], [ 721900.0, 6172700.0 ], [ 721800.0, 6172700.0 ], [ 721800.0, 6172600.0 ] ] ] } },
{ "type": "Feature", "properties": { "Shape_Area": 10000.0, "Shape_Leng": 400.0, "cluster_id": "101_91", "fid_1": 91.0, "id_munic": 91.0, "munic_clus": "101_91", "munic_code": 101.0, "min": 2.7294237613677979, "max": 2.7294237613677979, "mean": 2.7294237613677979, "count": 1, "std": 0.0, "range": 0.0 }, "geometry": { "type": "Polygon", "coordinates": [ [ [ 721700.0, 6172400.0 ], [ 721700.0, 6172500.0 ], [ 721800.0, 6172500.0 ], [ 721800.0, 6172400.0 ], [ 721700.0, 6172400.0 ] ] ] } },
{ "type": "Feature", "properties": { "Shape_Area": 10000.0, "Shape_Leng": 400.0, "cluster_id": "101_92", "fid_1": 92.0, "id_munic": 92.0, "munic_clus": "101_92", "munic_code": 101.0, "min": 3.7057652473449707, "max": 3.7057652473449707, "mean": 3.7057652473449707, "count": 1, "std": 0.0, "range": 0.0 }, "geometry": { "type": "Polygon", "coordinates": [ [ [ 721800.0, 6172500.0 ], [ 721800.0, 6172600.0 ], [ 721900.0, 6172600.0 ], [ 721900.0, 6172500.0 ], [ 721800.0, 6172500.0 ] ] ] } },
{ "type": "Feature", "properties": { "Shape_Area": 10000.0, "Shape_Leng": 400.0, "cluster_id": "101_93", "fid_1": 93.0, "id_munic": 93.0, "munic_clus": "101_93", "munic_code": 101.0, "min": 3.9068646430969238, "max": 3.9068646430969238, "mean": 3.9068646430969238, "count": 1, "std": 0.0, "range": 0.0 }, "geometry": { "type": "Polygon", "coordinates": [ [ [ 722000.0, 6172500.0 ], [ 722000.0, 6172600.0 ], [ 722100.0, 6172600.0 ], [ 722100.0, 6172500.0 ], [ 722000.0, 6172500.0 ] ] ] } },
{ "type": "Feature", "properties": { "Shape_Area": 50000.0, "Shape_Leng": 1000.0, "cluster_id": "101_94", "fid_1": 94.0, "id_munic": 94.0, "munic_clus": "101_94", "munic_code": 101.0, "min": 2.5964682102203369, "max": 2.5964682102203369, "mean": 2.5964681625366213, "count": 5, "std": 4.7683715642676816e-08, "range": 0.0 }, "geometry": { "type": "Polygon", "coordinates": [ [ [ 721700.0, 6172000.0 ], [ 721700.0, 6172100.0 ], [ 721800.0, 6172100.0 ], [ 721900.0, 6172100.0 ], [ 721900.0, 6172000.0 ], [ 721900.0, 6171900.0 ], [ 721800.0, 6171900.0 ], [ 721800.0, 6171800.0 ], [ 721700.0, 6171800.0 ], [ 721700.0, 6171900.0 ], [ 721700.0, 6172000.0 ] ] ] } },
{ "type": "Feature", "properties": { "Shape_Area": 10000.0, "Shape_Leng": 400.0, "cluster_id": "101_95", "fid_1": 95.0, "id_munic": 95.0, "munic_clus": "101_95", "munic_code": 101.0, "min": 3.3148953914642334, "max": 3.3148953914642334, "mean": 3.3148953914642334, "count": 1, "std": 0.0, "range": 0.0 }, "geometry": { "type": "Polygon", "coordinates": [ [ [ 721900.0, 6172600.0 ], [ 721900.0, 6172700.0 ], [ 722000.0, 6172700.0 ], [ 722000.0, 6172600.0 ], [ 721900.0, 6172600.0 ] ] ] } },
{ "type": "Feature", "properties": { "Shape_Area": 10000.0, "Shape_Leng": 400.0, "cluster_id": "101_96", "fid_1": 96.0, "id_munic": 96.0, "munic_clus": "101_96", "munic_code": 101.0, "min": 3.0346550941467285, "max": 3.0346550941467285, "mean": 3.0346550941467285, "count": 1, "std": 0.0, "range": 0.0 }, "geometry": { "type": "Polygon", "coordinates": [ [ [ 721800.0, 6172300.0 ], [ 721800.0, 6172400.0 ], [ 721900.0, 6172400.0 ], [ 721900.0, 6172300.0 ], [ 721800.0, 6172300.0 ] ] ] } },
{ "type": "Feature", "properties": { "Shape_Area": 10000.0, "Shape_Leng": 400.0, "cluster_id": "101_97", "fid_1": 97.0, "id_munic": 97.0, "munic_clus": "101_97", "munic_code": 101.0, "min": 3.4180278778076172, "max": 3.4180278778076172, "mean": 3.4180278778076172, "count": 1, "std": 0.0, "range": 0.0 }, "geometry": { "type": "Polygon", "coordinates": [ [ [ 721900.0, 6172500.0 ], [ 721900.0, 6172600.0 ], [ 722000.0, 6172600.0 ], [ 722000.0, 6172500.0 ], [ 721900.0, 6172500.0 ] ] ] } },
{ "type": "Feature", "properties": { "Shape_Area": 10000.0, "Shape_Leng": 400.0, "cluster_id": "101_98", "fid_1": 98.0, "id_munic": 98.0, "munic_clus": "101_98", "munic_code": 101.0, "min": 3.2707431316375732, "max": 3.2707431316375732, "mean": 3.2707431316375732, "count": 1, "std": 0.0, "range": 0.0 }, "geometry": { "type": "Polygon", "coordinates": [ [ [ 721900.0, 6172300.0 ], [ 721900.0, 6172400.0 ], [ 722000.0, 6172400.0 ], [ 722000.0, 6172300.0 ], [ 721900.0, 6172300.0 ] ] ] } },
{ "type": "Feature", "properties": { "Shape_Area": 130000.0, "Shape_Leng": 1800.0, "cluster_id": "101_99", "fid_1": 99.0, "id_munic": 99.0, "munic_clus": "101_99", "munic_code": 101.0, "min": 3.1861050128936768, "max": 3.1861050128936768, "mean": 3.1861049945537863, "count": 13, "std": 1.8339890495155942e-08, "range": 0.0 }, "geometry": { "type": "Polygon", "coordinates": [ [ [ 722000.0, 6172100.0 ], [ 721900.0, 6172100.0 ], [ 721800.0, 6172100.0 ], [ 721700.0, 6172100.0 ], [ 721700.0, 6172200.0 ], [ 721700.0, 6172300.0 ], [ 721800.0, 6172300.0 ], [ 721900.0, 6172300.0 ], [ 722000.0, 6172300.0 ], [ 722000.0, 6172400.0 ], [ 722000.0, 6172500.0 ], [ 722100.0, 6172500.0 ], [ 722100.0, 6172400.0 ], [ 722200.0, 6172400.0 ], [ 722200.0, 6172300.0 ], [ 722200.0, 6172200.0 ], [ 722200.0, 6172100.0 ], [ 722100.0, 6172100.0 ], [ 722000.0, 6172100.0 ] ] ] } },
{ "type": "Feature", "properties": { "Shape_Area": 20000.0, "Shape_Leng": 600.0, "cluster_id": "101_100", "fid_1": 100.0, "id_munic": 100.0, "munic_clus": "101_100", "munic_code": 101.0, "min": 3.5311565399169922, "max": 3.5311565399169922, "mean": 3.5311565399169922, "count": 2, "std": 0.0, "range": 0.0 }, "geometry": { "type": "Polygon", "coordinates": [ [ [ 722500.0, 6172900.0 ], [ 722500.0, 6173000.0 ], [ 722600.0, 6173000.0 ], [ 722600.0, 6172900.0 ], [ 722600.0, 6172800.0 ], [ 722500.0, 6172800.0 ], [ 722500.0, 6172900.0 ] ] ] } },
{ "type": "Feature", "properties": { "Shape_Area": 20000.0, "Shape_Leng": 600.0, "cluster_id": "101_101", "fid_1": 101.0, "id_munic": 101.0, "munic_clus": "101_101", "munic_code": 101.0, "min": 2.8058979511260986, "max": 2.8058979511260986, "mean": 2.8058979511260986, "count": 2, "std": 0.0, "range": 0.0 }, "geometry": { "type": "Polygon", "coordinates": [ [ [ 722600.0, 6175000.0 ], [ 722600.0, 6175100.0 ], [ 722700.0, 6175100.0 ], [ 722700.0, 6175000.0 ], [ 722700.0, 6174900.0 ], [ 722600.0, 6174900.0 ], [ 722600.0, 6175000.0 ] ] ] } },
{ "type": "Feature", "properties": { "Shape_Area": 20000.0, "Shape_Leng": 600.0, "cluster_id": "101_102", "fid_1": 102.0, "id_munic": 102.0, "munic_clus": "101_102", "munic_code": 101.0, "min": 2.7305898666381836, "max": 2.7305898666381836, "mean": 2.7305898666381836, "count": 2, "std": 0.0, "range": 0.0 }, "geometry": { "type": "Polygon", "coordinates": [ [ [ 721800.0, 6172500.0 ], [ 721900.0, 6172500.0 ], [ 722000.0, 6172500.0 ], [ 722000.0, 6172400.0 ], [ 721900.0, 6172400.0 ], [ 721800.0, 6172400.0 ], [ 721800.0, 6172500.0 ] ] ] } },
{ "type": "Feature", "properties": { "Shape_Area": 20000.0, "Shape_Leng": 600.0, "cluster_id": "101_103", "fid_1": 103.0, "id_munic": 103.0, "munic_clus": "101_103", "munic_code": 101.0, "min": 4.0491504669189453, "max": 4.0491504669189453, "mean": 4.0491504669189453, "count": 2, "std": 0.0, "range": 0.0 }, "geometry": { "type": "Polygon", "coordinates": [ [ [ 721600.0, 6172600.0 ], [ 721600.0, 6172700.0 ], [ 721700.0, 6172700.0 ], [ 721700.0, 6172600.0 ], [ 721700.0, 6172500.0 ], [ 721600.0, 6172500.0 ], [ 721600.0, 6172600.0 ] ] ] } },
{ "type": "Feature", "properties": { "Shape_Area": 10000.0, "Shape_Leng": 400.0, "cluster_id": "101_104", "fid_1": 104.0, "id_munic": 104.0, "munic_clus": "101_104", "munic_code": 101.0, "min": 3.4293570518493652, "max": 3.4293570518493652, "mean": 3.4293570518493652, "count": 1, "std": 0.0, "range": 0.0 }, "geometry": { "type": "Polygon", "coordinates": [ [ [ 721700.0, 6172500.0 ], [ 721700.0, 6172600.0 ], [ 721800.0, 6172600.0 ], [ 721800.0, 6172500.0 ], [ 721700.0, 6172500.0 ] ] ] } },
{ "type": "Feature", "properties": { "Shape_Area": 10000.0, "Shape_Leng": 400.0, "cluster_id": "101_105", "fid_1": 105.0, "id_munic": 105.0, "munic_clus": "101_105", "munic_code": 101.0, "min": 3.5229923725128174, "max": 3.5229923725128174, "mean": 3.5229923725128174, "count": 1, "std": 0.0, "range": 0.0 }, "geometry": { "type": "Polygon", "coordinates": [ [ [ 721800.0, 6172600.0 ], [ 721800.0, 6172700.0 ], [ 721900.0, 6172700.0 ], [ 721900.0, 6172600.0 ], [ 721800.0, 6172600.0 ] ] ] } },
{ "type": "Feature", "properties": { "Shape_Area": 20000.0, "Shape_Leng": 600.0, "cluster_id": "101_106", "fid_1": 106.0, "id_munic": 106.0, "munic_clus": "101_106", "munic_code": 101.0, "min": 3.2512502670288086, "max": 3.2512502670288086, "mean": 3.2512502670288086, "count": 2, "std": 0.0, "range": 0.0 }, "geometry": { "type": "Polygon", "coordinates": [ [ [ 722100.0, 6172500.0 ], [ 722100.0, 6172600.0 ], [ 722200.0, 6172600.0 ], [ 722200.0, 6172500.0 ], [ 722200.0, 6172400.0 ], [ 722100.0, 6172400.0 ], [ 722100.0, 6172500.0 ] ] ] } },
{ "type": "Feature", "properties": { "Shape_Area": 30000.0, "Shape_Leng": 800.0, "cluster_id": "101_107", "fid_1": 107.0, "id_munic": 107.0, "munic_clus": "101_107", "munic_code": 101.0, "min": 2.4861717224121094, "max": 2.4861717224121094, "mean": 2.4861717224121094, "count": 3, "std": 0.0, "range": 0.0 }, "geometry": { "type": "Polygon", "coordinates": [ [ [ 722400.0, 6172600.0 ], [ 722300.0, 6172600.0 ], [ 722300.0, 6172700.0 ], [ 722400.0, 6172700.0 ], [ 722500.0, 6172700.0 ], [ 722500.0, 6172600.0 ], [ 722500.0, 6172500.0 ], [ 722400.0, 6172500.0 ], [ 722400.0, 6172600.0 ] ] ] } },
{ "type": "Feature", "properties": { "Shape_Area": 10000.0, "Shape_Leng": 400.0, "cluster_id": "101_108", "fid_1": 108.0, "id_munic": 108.0, "munic_clus": "101_108", "munic_code": 101.0, "min": 3.5621461868286133, "max": 3.5621461868286133, "mean": 3.5621461868286133, "count": 1, "std": 0.0, "range": 0.0 }, "geometry": { "type": "Polygon", "coordinates": [ [ [ 722400.0, 6172700.0 ], [ 722400.0, 6172800.0 ], [ 722500.0, 6172800.0 ], [ 722500.0, 6172700.0 ], [ 722400.0, 6172700.0 ] ] ] } },
{ "type": "Feature", "properties": { "Shape_Area": 70000.0, "Shape_Leng": 1200.0, "cluster_id": "101_109", "fid_1": 109.0, "id_munic": 109.0, "munic_clus": "101_109", "munic_code": 101.0, "min": 3.2222597599029541, "max": 3.2222597599029541, "mean": 3.2222597939627513, "count": 7, "std": 3.4059797204832876e-08, "range": 0.0 }, "geometry": { "type": "Polygon", "coordinates": [ [ [ 722500.0, 6172300.0 ], [ 722500.0, 6172200.0 ], [ 722400.0, 6172200.0 ], [ 722300.0, 6172200.0 ], [ 722200.0, 6172200.0 ], [ 722200.0, 6172300.0 ], [ 722200.0, 6172400.0 ], [ 722200.0, 6172500.0 ], [ 722300.0, 6172500.0 ], [ 722400.0, 6172500.0 ], [ 722400.0, 6172400.0 ], [ 722400.0, 6172300.0 ], [ 722500.0, 6172300.0 ] ] ] } },
{ "type": "Feature", "properties": { "Shape_Area": 20000.0, "Shape_Leng": 600.0, "cluster_id": "101_110", "fid_1": 110.0, "id_munic": 110.0, "munic_clus": "101_110", "munic_code": 101.0, "min": 2.4075307846069336, "max": 2.4075307846069336, "mean": 2.4075307846069336, "count": 2, "std": 0.0, "range": 0.0 }, "geometry": { "type": "Polygon", "coordinates": [ [ [ 722200.0, 6172600.0 ], [ 722300.0, 6172600.0 ], [ 722400.0, 6172600.0 ], [ 722400.0, 6172500.0 ], [ 722300.0, 6172500.0 ], [ 722200.0, 6172500.0 ], [ 722200.0, 6172600.0 ] ] ] } },
{ "type": "Feature", "properties": { "Shape_Area": 10000.0, "Shape_Leng": 400.0, "cluster_id": "101_111", "fid_1": 111.0, "id_munic": 111.0, "munic_clus": "101_111", "munic_code": 101.0, "min": 3.1817729473114014, "max": 3.1817729473114014, "mean": 3.1817729473114014, "count": 1, "std": 0.0, "range": 0.0 }, "geometry": { "type": "Polygon", "coordinates": [ [ [ 724300.0, 6176800.0 ], [ 724300.0, 6176900.0 ], [ 724400.0, 6176900.0 ], [ 724400.0, 6176800.0 ], [ 724300.0, 6176800.0 ] ] ] } },
{ "type": "Feature", "properties": { "Shape_Area": 10000.0, "Shape_Leng": 400.0, "cluster_id": "101_112", "fid_1": 112.0, "id_munic": 112.0, "munic_clus": "101_112", "munic_code": 101.0, "min": 3.3202266693115234, "max": 3.3202266693115234, "mean": 3.3202266693115234, "count": 1, "std": 0.0, "range": 0.0 }, "geometry": { "type": "Polygon", "coordinates": [ [ [ 724400.0, 6176700.0 ], [ 724400.0, 6176800.0 ], [ 724500.0, 6176800.0 ], [ 724500.0, 6176700.0 ], [ 724400.0, 6176700.0 ] ] ] } },
{ "type": "Feature", "properties": { "Shape_Area": 10000.0, "Shape_Leng": 400.0, "cluster_id": "101_113", "fid_1": 113.0, "id_munic": 113.0, "munic_clus": "101_113", "munic_code": 101.0, "min": 3.7404203414916992, "max": 3.7404203414916992, "mean": 3.7404203414916992, "count": 1, "std": 0.0, "range": 0.0 }, "geometry": { "type": "Polygon", "coordinates": [ [ [ 724500.0, 6176700.0 ], [ 724500.0, 6176800.0 ], [ 724600.0, 6176800.0 ], [ 724600.0, 6176700.0 ], [ 724500.0, 6176700.0 ] ] ] } },
{ "type": "Feature", "properties": { "Shape_Area": 10000.0, "Shape_Leng": 400.0, "cluster_id": "101_114", "fid_1": 114.0, "id_munic": 114.0, "munic_clus": "101_114", "munic_code": 101.0, "min": 3.6447851657867432, "max": 3.6447851657867432, "mean": 3.6447851657867432, "count": 1, "std": 0.0, "range": 0.0 }, "geometry": { "type": "Polygon", "coordinates": [ [ [ 724200.0, 6176600.0 ], [ 724200.0, 6176700.0 ], [ 724300.0, 6176700.0 ], [ 724300.0, 6176600.0 ], [ 724200.0, 6176600.0 ] ] ] } },
{ "type": "Feature", "properties": { "Shape_Area": 30000.0, "Shape_Leng": 800.0, "cluster_id": "101_115", "fid_1": 115.0, "id_munic": 115.0, "munic_clus": "101_115", "munic_code": 101.0, "min": 3.0436525344848633, "max": 3.0436525344848633, "mean": 3.0436525344848633, "count": 3, "std": 0.0, "range": 0.0 }, "geometry": { "type": "Polygon", "coordinates": [ [ [ 724300.0, 6176700.0 ], [ 724300.0, 6176800.0 ], [ 724400.0, 6176800.0 ], [ 724400.0, 6176700.0 ], [ 724500.0, 6176700.0 ], [ 724500.0, 6176600.0 ], [ 724400.0, 6176600.0 ], [ 724300.0, 6176600.0 ], [ 724300.0, 6176700.0 ] ] ] } },
{ "type": "Feature", "properties": { "Shape_Area": 10000.0, "Shape_Leng": 400.0, "cluster_id": "101_116", "fid_1": 116.0, "id_munic": 116.0, "munic_clus": "101_116", "munic_code": 101.0, "min": 2.80373215675354, "max": 2.80373215675354, "mean": 2.80373215675354, "count": 1, "std": 0.0, "range": 0.0 }, "geometry": { "type": "Polygon", "coordinates": [ [ [ 724100.0, 6176400.0 ], [ 724100.0, 6176500.0 ], [ 724200.0, 6176500.0 ], [ 724200.0, 6176400.0 ], [ 724100.0, 6176400.0 ] ] ] } },
{ "type": "Feature", "properties": { "Shape_Area": 50000.0, "Shape_Leng": 1000.0, "cluster_id": "101_117", "fid_1": 117.0, "id_munic": 117.0, "munic_clus": "101_117", "munic_code": 101.0, "min": 2.9923367500305176, "max": 2.9923367500305176, "mean": 2.9923366546630858, "count": 5, "std": 9.5367431729442842e-08, "range": 0.0 }, "geometry": { "type": "Polygon", "coordinates": [ [ [ 719100.0, 6175500.0 ], [ 719100.0, 6175600.0 ], [ 719200.0, 6175600.0 ], [ 719300.0, 6175600.0 ], [ 719300.0, 6175500.0 ], [ 719300.0, 6175400.0 ], [ 719200.0, 6175400.0 ], [ 719200.0, 6175300.0 ], [ 719100.0, 6175300.0 ], [ 719100.0, 6175400.0 ], [ 719100.0, 6175500.0 ] ] ] } },
{ "type": "Feature", "properties": { "Shape_Area": 10000.0, "Shape_Leng": 400.0, "cluster_id": "101_118", "fid_1": 118.0, "id_munic": 118.0, "munic_clus": "101_118", "munic_code": 101.0, "min": 2.7835721969604492, "max": 2.7835721969604492, "mean": 2.7835721969604492, "count": 1, "std": 0.0, "range": 0.0 }, "geometry": { "type": "Polygon", "coordinates": [ [ [ 723200.0, 6175400.0 ], [ 723200.0, 6175500.0 ], [ 723300.0, 6175500.0 ], [ 723300.0, 6175400.0 ], [ 723200.0, 6175400.0 ] ] ] } },
{ "type": "Feature", "properties": { "Shape_Area": 20000.0, "Shape_Leng": 600.0, "cluster_id": "101_119", "fid_1": 119.0, "id_munic": 119.0, "munic_clus": "101_119", "munic_code": 101.0, "min": 2.9735093116760254, "max": 2.9735093116760254, "mean": 2.9735093116760254, "count": 2, "std": 0.0, "range": 0.0 }, "geometry": { "type": "Polygon", "coordinates": [ [ [ 723300.0, 6175500.0 ], [ 723400.0, 6175500.0 ], [ 723500.0, 6175500.0 ], [ 723500.0, 6175400.0 ], [ 723400.0, 6175400.0 ], [ 723300.0, 6175400.0 ], [ 723300.0, 6175500.0 ] ] ] } },
{ "type": "Feature", "properties": { "Shape_Area": 20000.0, "Shape_Leng": 600.0, "cluster_id": "101_120", "fid_1": 120.0, "id_munic": 120.0, "munic_clus": "101_120", "munic_code": 101.0, "min": 2.5598134994506836, "max": 2.5598134994506836, "mean": 2.5598134994506836, "count": 2, "std": 0.0, "range": 0.0 }, "geometry": { "type": "Polygon", "coordinates": [ [ [ 723500.0, 6175500.0 ], [ 723600.0, 6175500.0 ], [ 723700.0, 6175500.0 ], [ 723700.0, 6175400.0 ], [ 723600.0, 6175400.0 ], [ 723500.0, 6175400.0 ], [ 723500.0, 6175500.0 ] ] ] } },
{ "type": "Feature", "properties": { "Shape_Area": 60000.0, "Shape_Leng": 1400.0, "cluster_id": "101_121", "fid_1": 121.0, "id_munic": 121.0, "munic_clus": "101_121", "munic_code": 101.0, "min": 3.3898704051971436, "max": 3.3898704051971436, "mean": 3.3898703257242837, "count": 6, "std": 7.947285984855057e-08, "range": 0.0 }, "geometry": { "type": "Polygon", "coordinates": [ [ [ 723700.0, 6175600.0 ], [ 723800.0, 6175600.0 ], [ 723900.0, 6175600.0 ], [ 723900.0, 6175700.0 ], [ 724000.0, 6175700.0 ], [ 724100.0, 6175700.0 ], [ 724100.0, 6175600.0 ], [ 724000.0, 6175600.0 ], [ 724000.0, 6175500.0 ], [ 723900.0, 6175500.0 ], [ 723800.0, 6175500.0 ], [ 723800.0, 6175400.0 ], [ 723700.0, 6175400.0 ], [ 723700.0, 6175500.0 ], [ 723700.0, 6175600.0 ] ] ] } },
{ "type": "Feature", "properties": { "Shape_Area": 20000.0, "Shape_Leng": 600.0, "cluster_id": "101_122", "fid_1": 122.0, "id_munic": 122.0, "munic_clus": "101_122", "munic_code": 101.0, "min": 2.8600466251373291, "max": 2.8600466251373291, "mean": 2.8600466251373291, "count": 2, "std": 0.0, "range": 0.0 }, "geometry": { "type": "Polygon", "coordinates": [ [ [ 723600.0, 6175300.0 ], [ 723600.0, 6175400.0 ], [ 723700.0, 6175400.0 ], [ 723700.0, 6175300.0 ], [ 723700.0, 6175200.0 ], [ 723600.0, 6175200.0 ], [ 723600.0, 6175300.0 ] ] ] } },
{ "type": "Feature", "properties": { "Shape_Area": 20000.0, "Shape_Leng": 600.0, "cluster_id": "101_123", "fid_1": 123.0, "id_munic": 123.0, "munic_clus": "101_123", "munic_code": 101.0, "min": 3.0161619186401367, "max": 3.0161619186401367, "mean": 3.0161619186401367, "count": 2, "std": 0.0, "range": 0.0 }, "geometry": { "type": "Polygon", "coordinates": [ [ [ 723700.0, 6175300.0 ], [ 723800.0, 6175300.0 ], [ 723900.0, 6175300.0 ], [ 723900.0, 6175200.0 ], [ 723800.0, 6175200.0 ], [ 723700.0, 6175200.0 ], [ 723700.0, 6175300.0 ] ] ] } },
{ "type": "Feature", "properties": { "Shape_Area": 40000.0, "Shape_Leng": 1000.0, "cluster_id": "101_124", "fid_1": 124.0, "id_munic": 124.0, "munic_clus": "101_124", "munic_code": 101.0, "min": 3.3280575275421143, "max": 3.3280575275421143, "mean": 3.3280575275421143, "count": 4, "std": 0.0, "range": 0.0 }, "geometry": { "type": "Polygon", "coordinates": [ [ [ 723800.0, 6177200.0 ], [ 723800.0, 6177300.0 ], [ 723800.0, 6177400.0 ], [ 723900.0, 6177400.0 ], [ 723900.0, 6177300.0 ], [ 723900.0, 6177200.0 ], [ 723900.0, 6177100.0 ], [ 723800.0, 6177100.0 ], [ 723700.0, 6177100.0 ], [ 723700.0, 6177200.0 ], [ 723800.0, 6177200.0 ] ] ] } },
{ "type": "Feature", "properties": { "Shape_Area": 10000.0, "Shape_Leng": 400.0, "cluster_id": "101_125", "fid_1": 125.0, "id_munic": 125.0, "munic_clus": "101_125", "munic_code": 101.0, "min": 2.4508495330810547, "max": 2.4508495330810547, "mean": 2.4508495330810547, "count": 1, "std": 0.0, "range": 0.0 }, "geometry": { "type": "Polygon", "coordinates": [ [ [ 723900.0, 6177200.0 ], [ 723900.0, 6177300.0 ], [ 724000.0, 6177300.0 ], [ 724000.0, 6177200.0 ], [ 723900.0, 6177200.0 ] ] ] } },
{ "type": "Feature", "properties": { "Shape_Area": 10000.0, "Shape_Leng": 400.0, "cluster_id": "101_126", "fid_1": 126.0, "id_munic": 126.0, "munic_clus": "101_126", "munic_code": 101.0, "min": 2.9895038604736328, "max": 2.9895038604736328, "mean": 2.9895038604736328, "count": 1, "std": 0.0, "range": 0.0 }, "geometry": { "type": "Polygon", "coordinates": [ [ [ 723900.0, 6177100.0 ], [ 723900.0, 6177200.0 ], [ 724000.0, 6177200.0 ], [ 724000.0, 6177100.0 ], [ 723900.0, 6177100.0 ] ] ] } },
{ "type": "Feature", "properties": { "Shape_Area": 30000.0, "Shape_Leng": 800.0, "cluster_id": "101_127", "fid_1": 127.0, "id_munic": 127.0, "munic_clus": "101_127", "munic_code": 101.0, "min": 2.7889041900634766, "max": 2.7889041900634766, "mean": 2.7889041900634766, "count": 3, "std": 0.0, "range": 0.0 }, "geometry": { "type": "Polygon", "coordinates": [ [ [ 724100.0, 6177600.0 ], [ 724000.0, 6177600.0 ], [ 724000.0, 6177700.0 ], [ 724100.0, 6177700.0 ], [ 724200.0, 6177700.0 ], [ 724200.0, 6177600.0 ], [ 724200.0, 6177500.0 ], [ 724100.0, 6177500.0 ], [ 724100.0, 6177600.0 ] ] ] } },
{ "type": "Feature", "properties": { "Shape_Area": 30000.0, "Shape_Leng": 800.0, "cluster_id": "101_128", "fid_1": 128.0, "id_munic": 128.0, "munic_clus": "101_128", "munic_code": 101.0, "min": 3.5401537418365479, "max": 3.5401537418365479, "mean": 3.5401538213094077, "count": 3, "std": 7.947285984855057e-08, "range": 0.0 }, "geometry": { "type": "Polygon", "coordinates": [ [ [ 724000.0, 6177500.0 ], [ 723900.0, 6177500.0 ], [ 723900.0, 6177600.0 ], [ 724000.0, 6177600.0 ], [ 724100.0, 6177600.0 ], [ 724100.0, 6177500.0 ], [ 724100.0, 6177400.0 ], [ 724000.0, 6177400.0 ], [ 724000.0, 6177500.0 ] ] ] } },
{ "type": "Feature", "properties": { "Shape_Area": 10000.0, "Shape_Leng": 400.0, "cluster_id": "101_129", "fid_1": 129.0, "id_munic": 129.0, "munic_clus": "101_129", "munic_code": 101.0, "min": 2.8825392723083496, "max": 2.8825392723083496, "mean": 2.8825392723083496, "count": 1, "std": 0.0, "range": 0.0 }, "geometry": { "type": "Polygon", "coordinates": [ [ [ 724200.0, 6177500.0 ], [ 724200.0, 6177600.0 ], [ 724300.0, 6177600.0 ], [ 724300.0, 6177500.0 ], [ 724200.0, 6177500.0 ] ] ] } },
{ "type": "Feature", "properties": { "Shape_Area": 20000.0, "Shape_Leng": 600.0, "cluster_id": "101_130", "fid_1": 130.0, "id_munic": 130.0, "munic_clus": "101_130", "munic_code": 101.0, "min": 2.7294237613677979, "max": 2.7294237613677979, "mean": 2.7294237613677979, "count": 2, "std": 0.0, "range": 0.0 }, "geometry": { "type": "Polygon", "coordinates": [ [ [ 724000.0, 6177300.0 ], [ 724000.0, 6177400.0 ], [ 724100.0, 6177400.0 ], [ 724100.0, 6177300.0 ], [ 724100.0, 6177200.0 ], [ 724000.0, 6177200.0 ], [ 724000.0, 6177300.0 ] ] ] } },
{ "type": "Feature", "properties": { "Shape_Area": 10000.0, "Shape_Leng": 400.0, "cluster_id": "101_131", "fid_1": 131.0, "id_munic": 131.0, "munic_clus": "101_131", "munic_code": 101.0, "min": 2.5944685935974121, "max": 2.5944685935974121, "mean": 2.5944685935974121, "count": 1, "std": 0.0, "range": 0.0 }, "geometry": { "type": "Polygon", "coordinates": [ [ [ 720000.0, 6177500.0 ], [ 720000.0, 6177600.0 ], [ 720100.0, 6177600.0 ], [ 720100.0, 6177500.0 ], [ 720000.0, 6177500.0 ] ] ] } },
{ "type": "Feature", "properties": { "Shape_Area": 30000.0, "Shape_Leng": 800.0, "cluster_id": "101_132", "fid_1": 132.0, "id_munic": 132.0, "munic_clus": "101_132", "munic_code": 101.0, "min": 2.4045324325561523, "max": 2.4045324325561523, "mean": 2.4045324325561523, "count": 3, "std": 0.0, "range": 0.0 }, "geometry": { "type": "Polygon", "coordinates": [ [ [ 719600.0, 6177600.0 ], [ 719700.0, 6177600.0 ], [ 719800.0, 6177600.0 ], [ 719900.0, 6177600.0 ], [ 719900.0, 6177500.0 ], [ 719800.0, 6177500.0 ], [ 719700.0, 6177500.0 ], [ 719600.0, 6177500.0 ], [ 719600.0, 6177600.0 ] ] ] } },
{ "type": "Feature", "properties": { "Shape_Area": 50000.0, "Shape_Leng": 1000.0, "cluster_id": "101_133", "fid_1": 133.0, "id_munic": 133.0, "munic_clus": "101_133", "munic_code": 101.0, "min": 2.9035325050354004, "max": 2.9035325050354004, "mean": 2.9035324096679687, "count": 5, "std": 9.5367431729442842e-08, "range": 0.0 }, "geometry": { "type": "Polygon", "coordinates": [ [ [ 722600.0, 6174200.0 ], [ 722500.0, 6174200.0 ], [ 722500.0, 6174300.0 ], [ 722500.0, 6174400.0 ], [ 722600.0, 6174400.0 ], [ 722700.0, 6174400.0 ], [ 722700.0, 6174300.0 ], [ 722800.0, 6174300.0 ], [ 722800.0, 6174200.0 ], [ 722700.0, 6174200.0 ], [ 722600.0, 6174200.0 ] ] ] } },
{ "type": "Feature", "properties": { "Shape_Area": 30000.0, "Shape_Leng": 800.0, "cluster_id": "101_134", "fid_1": 134.0, "id_munic": 134.0, "munic_clus": "101_134", "munic_code": 101.0, "min": 2.4608464241027832, "max": 2.4608464241027832, "mean": 2.4608464241027832, "count": 3, "std": 0.0, "range": 0.0 }, "geometry": { "type": "Polygon", "coordinates": [ [ [ 720200.0, 6177600.0 ], [ 720200.0, 6177700.0 ], [ 720300.0, 6177700.0 ], [ 720300.0, 6177600.0 ], [ 720400.0, 6177600.0 ], [ 720400.0, 6177500.0 ], [ 720300.0, 6177500.0 ], [ 720200.0, 6177500.0 ], [ 720200.0, 6177600.0 ] ] ] } },
{ "type": "Feature", "properties": { "Shape_Area": 40000.0, "Shape_Leng": 1000.0, "cluster_id": "101_135", "fid_1": 135.0, "id_munic": 135.0, "munic_clus": "101_135", "munic_code": 101.0, "min": 2.5624794960021973, "max": 2.5624794960021973, "mean": 2.5624794960021973, "count": 4, "std": 0.0, "range": 0.0 }, "geometry": { "type": "Polygon", "coordinates": [ [ [ 720000.0, 6177700.0 ], [ 720000.0, 6177800.0 ], [ 720100.0, 6177800.0 ], [ 720100.0, 6177700.0 ], [ 720200.0, 6177700.0 ], [ 720200.0, 6177600.0 ], [ 720100.0, 6177600.0 ], [ 720000.0, 6177600.0 ], [ 719900.0, 6177600.0 ], [ 719900.0, 6177700.0 ], [ 720000.0, 6177700.0 ] ] ] } },
{ "type": "Feature", "properties": { "Shape_Area": 40000.0, "Shape_Leng": 1000.0, "cluster_id": "101_136", "fid_1": 136.0, "id_munic": 136.0, "munic_clus": "101_136", "munic_code": 101.0, "min": 3.3328890800476074, "max": 3.3328890800476074, "mean": 3.3328890800476074, "count": 4, "std": 0.0, "range": 0.0 }, "geometry": { "type": "Polygon", "coordinates": [ [ [ 720400.0, 6177700.0 ], [ 720400.0, 6177800.0 ], [ 720500.0, 6177800.0 ], [ 720500.0, 6177700.0 ], [ 720600.0, 6177700.0 ], [ 720600.0, 6177600.0 ], [ 720500.0, 6177600.0 ], [ 720400.0, 6177600.0 ], [ 720300.0, 6177600.0 ], [ 720300.0, 6177700.0 ], [ 720400.0, 6177700.0 ] ] ] } },
{ "type": "Feature", "properties": { "Shape_Area": 10000.0, "Shape_Leng": 400.0, "cluster_id": "101_137", "fid_1": 137.0, "id_munic": 137.0, "munic_clus": "101_137", "munic_code": 101.0, "min": 3.252915620803833, "max": 3.252915620803833, "mean": 3.252915620803833, "count": 1, "std": 0.0, "range": 0.0 }, "geometry": { "type": "Polygon", "coordinates": [ [ [ 724900.0, 6177500.0 ], [ 724900.0, 6177600.0 ], [ 725000.0, 6177600.0 ], [ 725000.0, 6177500.0 ], [ 724900.0, 6177500.0 ] ] ] } },
{ "type": "Feature", "properties": { "Shape_Area": 20000.0, "Shape_Leng": 600.0, "cluster_id": "101_138", "fid_1": 138.0, "id_munic": 138.0, "munic_clus": "101_138", "munic_code": 101.0, "min": 3.0831389427185059, "max": 3.0831389427185059, "mean": 3.0831389427185059, "count": 2, "std": 0.0, "range": 0.0 }, "geometry": { "type": "Polygon", "coordinates": [ [ [ 724900.0, 6178000.0 ], [ 725000.0, 6178000.0 ], [ 725100.0, 6178000.0 ], [ 725100.0, 6177900.0 ], [ 725000.0, 6177900.0 ], [ 724900.0, 6177900.0 ], [ 724900.0, 6178000.0 ] ] ] } },
{ "type": "Feature", "properties": { "Shape_Area": 10000.0, "Shape_Leng": 400.0, "cluster_id": "101_139", "fid_1": 139.0, "id_munic": 139.0, "munic_clus": "101_139", "munic_code": 101.0, "min": 2.702599048614502, "max": 2.702599048614502, "mean": 2.702599048614502, "count": 1, "std": 0.0, "range": 0.0 }, "geometry": { "type": "Polygon", "coordinates": [ [ [ 724200.0, 6176900.0 ], [ 724200.0, 6177000.0 ], [ 724300.0, 6177000.0 ], [ 724300.0, 6176900.0 ], [ 724200.0, 6176900.0 ] ] ] } },
{ "type": "Feature", "properties": { "Shape_Area": 20000.0, "Shape_Leng": 600.0, "cluster_id": "101_140", "fid_1": 140.0, "id_munic": 140.0, "munic_clus": "101_140", "munic_code": 101.0, "min": 2.7510836124420166, "max": 2.7510836124420166, "mean": 2.7510836124420166, "count": 2, "std": 0.0, "range": 0.0 }, "geometry": { "type": "Polygon", "coordinates": [ [ [ 721900.0, 6180100.0 ], [ 722000.0, 6180100.0 ], [ 722100.0, 6180100.0 ], [ 722100.0, 6180000.0 ], [ 722000.0, 6180000.0 ], [ 721900.0, 6180000.0 ], [ 721900.0, 6180100.0 ] ] ] } },
{ "type": "Feature", "properties": { "Shape_Area": 10000.0, "Shape_Leng": 400.0, "cluster_id": "101_141", "fid_1": 141.0, "id_munic": 141.0, "munic_clus": "101_141", "munic_code": 101.0, "min": 3.3247251510620117, "max": 3.3247251510620117, "mean": 3.3247251510620117, "count": 1, "std": 0.0, "range": 0.0 }, "geometry": { "type": "Polygon", "coordinates": [ [ [ 724500.0, 6177200.0 ], [ 724500.0, 6177300.0 ], [ 724600.0, 6177300.0 ], [ 724600.0, 6177200.0 ], [ 724500.0, 6177200.0 ] ] ] } },
{ "type": "Feature", "properties": { "Shape_Area": 10000.0, "Shape_Leng": 400.0, "cluster_id": "101_142", "fid_1": 142.0, "id_munic": 142.0, "munic_clus": "101_142", "munic_code": 101.0, "min": 2.9838387966156006, "max": 2.9838387966156006, "mean": 2.9838387966156006, "count": 1, "std": 0.0, "range": 0.0 }, "geometry": { "type": "Polygon", "coordinates": [ [ [ 724400.0, 6177300.0 ], [ 724400.0, 6177400.0 ], [ 724500.0, 6177400.0 ], [ 724500.0, 6177300.0 ], [ 724400.0, 6177300.0 ] ] ] } },
{ "type": "Feature", "properties": { "Shape_Area": 10000.0, "Shape_Leng": 400.0, "cluster_id": "101_143", "fid_1": 143.0, "id_munic": 143.0, "munic_clus": "101_143", "munic_code": 101.0, "min": 2.4053647518157959, "max": 2.4053647518157959, "mean": 2.4053647518157959, "count": 1, "std": 0.0, "range": 0.0 }, "geometry": { "type": "Polygon", "coordinates": [ [ [ 724500.0, 6177300.0 ], [ 724500.0, 6177400.0 ], [ 724600.0, 6177400.0 ], [ 724600.0, 6177300.0 ], [ 724500.0, 6177300.0 ] ] ] } },
{ "type": "Feature", "properties": { "Shape_Area": 80000.0, "Shape_Leng": 1400.0, "cluster_id": "101_144", "fid_1": 144.0, "id_munic": 144.0, "munic_clus": "101_144", "munic_code": 101.0, "min": 2.6066312789916992, "max": 2.6066312789916992, "mean": 2.6066312789916992, "count": 8, "std": 0.0, "range": 0.0 }, "geometry": { "type": "Polygon", "coordinates": [ [ [ 724300.0, 6176900.0 ], [ 724300.0, 6177000.0 ], [ 724200.0, 6177000.0 ], [ 724200.0, 6177100.0 ], [ 724300.0, 6177100.0 ], [ 724300.0, 6177200.0 ], [ 724300.0, 6177300.0 ], [ 724400.0, 6177300.0 ], [ 724500.0, 6177300.0 ], [ 724500.0, 6177200.0 ], [ 724500.0, 6177100.0 ], [ 724500.0, 6177000.0 ], [ 724400.0, 6177000.0 ], [ 724400.0, 6176900.0 ], [ 724300.0, 6176900.0 ] ] ] } },
{ "type": "Feature", "properties": { "Shape_Area": 10000.0, "Shape_Leng": 400.0, "cluster_id": "101_145", "fid_1": 145.0, "id_munic": 145.0, "munic_clus": "101_145", "munic_code": 101.0, "min": 2.7765743732452393, "max": 2.7765743732452393, "mean": 2.7765743732452393, "count": 1, "std": 0.0, "range": 0.0 }, "geometry": { "type": "Polygon", "coordinates": [ [ [ 722900.0, 6174800.0 ], [ 722900.0, 6174900.0 ], [ 723000.0, 6174900.0 ], [ 723000.0, 6174800.0 ], [ 722900.0, 6174800.0 ] ] ] } },
{ "type": "Feature", "properties": { "Shape_Area": 20000.0, "Shape_Leng": 600.0, "cluster_id": "101_146", "fid_1": 146.0, "id_munic": 146.0, "munic_clus": "101_146", "munic_code": 101.0, "min": 3.8408863544464111, "max": 3.8408863544464111, "mean": 3.8408863544464111, "count": 2, "std": 0.0, "range": 0.0 }, "geometry": { "type": "Polygon", "coordinates": [ [ [ 723400.0, 6175100.0 ], [ 723500.0, 6175100.0 ], [ 723600.0, 6175100.0 ], [ 723600.0, 6175000.0 ], [ 723500.0, 6175000.0 ], [ 723400.0, 6175000.0 ], [ 723400.0, 6175100.0 ] ] ] } },
{ "type": "Feature", "properties": { "Shape_Area": 60000.0, "Shape_Leng": 1000.0, "cluster_id": "101_147", "fid_1": 147.0, "id_munic": 147.0, "munic_clus": "101_147", "munic_code": 101.0, "min": 3.1746087074279785, "max": 3.1746087074279785, "mean": 3.1746085484822593, "count": 6, "std": 1.5894571925301193e-07, "range": 0.0 }, "geometry": { "type": "Polygon", "coordinates": [ [ [ 723300.0, 6175300.0 ], [ 723300.0, 6175400.0 ], [ 723400.0, 6175400.0 ], [ 723500.0, 6175400.0 ], [ 723500.0, 6175300.0 ], [ 723500.0, 6175200.0 ], [ 723500.0, 6175100.0 ], [ 723400.0, 6175100.0 ], [ 723300.0, 6175100.0 ], [ 723300.0, 6175200.0 ], [ 723300.0, 6175300.0 ] ] ] } },
{ "type": "Feature", "properties": { "Shape_Area": 10000.0, "Shape_Leng": 400.0, "cluster_id": "101_148", "fid_1": 148.0, "id_munic": 148.0, "munic_clus": "101_148", "munic_code": 101.0, "min": 2.8915367126464844, "max": 2.8915367126464844, "mean": 2.8915367126464844, "count": 1, "std": 0.0, "range": 0.0 }, "geometry": { "type": "Polygon", "coordinates": [ [ [ 723000.0, 6174800.0 ], [ 723000.0, 6174900.0 ], [ 723100.0, 6174900.0 ], [ 723100.0, 6174800.0 ], [ 723000.0, 6174800.0 ] ] ] } },
{ "type": "Feature", "properties": { "Shape_Area": 20000.0, "Shape_Leng": 600.0, "cluster_id": "101_149", "fid_1": 149.0, "id_munic": 149.0, "munic_clus": "101_149", "munic_code": 101.0, "min": 2.5893034934997559, "max": 2.5893034934997559, "mean": 2.5893034934997559, "count": 2, "std": 0.0, "range": 0.0 }, "geometry": { "type": "Polygon", "coordinates": [ [ [ 723100.0, 6174900.0 ], [ 723100.0, 6175000.0 ], [ 723200.0, 6175000.0 ], [ 723200.0, 6174900.0 ], [ 723200.0, 6174800.0 ], [ 723100.0, 6174800.0 ], [ 723100.0, 6174900.0 ] ] ] } },
{ "type": "Feature", "properties": { "Shape_Area": 20000.0, "Shape_Leng": 600.0, "cluster_id": "101_150", "fid_1": 150.0, "id_munic": 150.0, "munic_clus": "101_150", "munic_code": 101.0, "min": 2.2137622833251953, "max": 2.2137622833251953, "mean": 2.2137622833251953, "count": 2, "std": 0.0, "range": 0.0 }, "geometry": { "type": "Polygon", "coordinates": [ [ [ 722900.0, 6175000.0 ], [ 723000.0, 6175000.0 ], [ 723100.0, 6175000.0 ], [ 723100.0, 6174900.0 ], [ 723000.0, 6174900.0 ], [ 722900.0, 6174900.0 ], [ 722900.0, 6175000.0 ] ] ] } },
{ "type": "Feature", "properties": { "Shape_Area": 90000.0, "Shape_Leng": 1800.0, "cluster_id": "101_151", "fid_1": 151.0, "id_munic": 151.0, "munic_clus": "101_151", "munic_code": 101.0, "min": 2.9140286445617676, "max": 2.9140286445617676, "mean": 2.9140285915798612, "count": 9, "std": 5.2981906417670643e-08, "range": 0.0 }, "geometry": { "type": "Polygon", "coordinates": [ [ [ 721700.0, 6174100.0 ], [ 721600.0, 6174100.0 ], [ 721500.0, 6174100.0 ], [ 721500.0, 6174200.0 ], [ 721400.0, 6174200.0 ], [ 721300.0, 6174200.0 ], [ 721300.0, 6174300.0 ], [ 721400.0, 6174300.0 ], [ 721500.0, 6174300.0 ], [ 721600.0, 6174300.0 ], [ 721700.0, 6174300.0 ], [ 721800.0, 6174300.0 ], [ 721900.0, 6174300.0 ], [ 722000.0, 6174300.0 ], [ 722000.0, 6174200.0 ], [ 721900.0, 6174200.0 ], [ 721800.0, 6174200.0 ], [ 721700.0, 6174200.0 ], [ 721700.0, 6174100.0 ] ] ] } },
{ "type": "Feature", "properties": { "Shape_Area": 300000.0, "Shape_Leng": 2400.0, "cluster_id": "101_152", "fid_1": 152.0, "id_munic": 152.0, "munic_clus": "101_152", "munic_code": 101.0, "min": 3.6829392910003662, "max": 3.6829392910003662, "mean": 3.6829391479492188, "count": 30, "std": 1.4305114737211966e-07, "range": 0.0 }, "geometry": { "type": "Polygon", "coordinates": [ [ [ 721500.0, 6174300.0 ], [ 721500.0, 6174400.0 ], [ 721500.0, 6174500.0 ], [ 721500.0, 6174600.0 ], [ 721600.0, 6174600.0 ], [ 721700.0, 6174600.0 ], [ 721700.0, 6174700.0 ], [ 721800.0, 6174700.0 ], [ 721900.0, 6174700.0 ], [ 722000.0, 6174700.0 ], [ 722100.0, 6174700.0 ], [ 722200.0, 6174700.0 ], [ 722300.0, 6174700.0 ], [ 722300.0, 6174600.0 ], [ 722300.0, 6174500.0 ], [ 722300.0, 6174400.0 ], [ 722300.0, 6174300.0 ], [ 722200.0, 6174300.0 ], [ 722100.0, 6174300.0 ], [ 722000.0, 6174300.0 ], [ 721900.0, 6174300.0 ], [ 721800.0, 6174300.0 ], [ 721700.0, 6174300.0 ], [ 721600.0, 6174300.0 ], [ 721500.0, 6174300.0 ] ] ] } },
{ "type": "Feature", "properties": { "Shape_Area": 10000.0, "Shape_Leng": 400.0, "cluster_id": "101_153", "fid_1": 153.0, "id_munic": 153.0, "munic_clus": "101_153", "munic_code": 101.0, "min": 3.5, "max": 3.5, "mean": 3.5, "count": 1, "std": 0.0, "range": 0.0 }, "geometry": { "type": "Polygon", "coordinates": [ [ [ 723500.0, 6175100.0 ], [ 723500.0, 6175200.0 ], [ 723600.0, 6175200.0 ], [ 723600.0, 6175100.0 ], [ 723500.0, 6175100.0 ] ] ] } },
{ "type": "Feature", "properties": { "Shape_Area": 20000.0, "Shape_Leng": 600.0, "cluster_id": "101_154", "fid_1": 154.0, "id_munic": 154.0, "munic_clus": "101_154", "munic_code": 101.0, "min": 3.4953348636627197, "max": 3.4953348636627197, "mean": 3.4953348636627197, "count": 2, "std": 0.0, "range": 0.0 }, "geometry": { "type": "Polygon", "coordinates": [ [ [ 723300.0, 6175000.0 ], [ 723300.0, 6175100.0 ], [ 723400.0, 6175100.0 ], [ 723400.0, 6175000.0 ], [ 723400.0, 6174900.0 ], [ 723300.0, 6174900.0 ], [ 723300.0, 6175000.0 ] ] ] } },
{ "type": "Feature", "properties": { "Shape_Area": 10000.0, "Shape_Leng": 400.0, "cluster_id": "101_155", "fid_1": 155.0, "id_munic": 155.0, "munic_clus": "101_155", "munic_code": 101.0, "min": 3.6849384307861328, "max": 3.6849384307861328, "mean": 3.6849384307861328, "count": 1, "std": 0.0, "range": 0.0 }, "geometry": { "type": "Polygon", "coordinates": [ [ [ 723200.0, 6174900.0 ], [ 723200.0, 6175000.0 ], [ 723300.0, 6175000.0 ], [ 723300.0, 6174900.0 ], [ 723200.0, 6174900.0 ] ] ] } },
{ "type": "Feature", "properties": { "Shape_Area": 10000.0, "Shape_Leng": 400.0, "cluster_id": "101_156", "fid_1": 156.0, "id_munic": 156.0, "munic_clus": "101_156", "munic_code": 101.0, "min": 2.4120292663574219, "max": 2.4120292663574219, "mean": 2.4120292663574219, "count": 1, "std": 0.0, "range": 0.0 }, "geometry": { "type": "Polygon", "coordinates": [ [ [ 723600.0, 6175100.0 ], [ 723600.0, 6175200.0 ], [ 723700.0, 6175200.0 ], [ 723700.0, 6175100.0 ], [ 723600.0, 6175100.0 ] ] ] } },
{ "type": "Feature", "properties": { "Shape_Area": 20000.0, "Shape_Leng": 600.0, "cluster_id": "101_157", "fid_1": 157.0, "id_munic": 157.0, "munic_clus": "101_157", "munic_code": 101.0, "min": 2.8653781414031982, "max": 2.8653781414031982, "mean": 2.8653781414031982, "count": 2, "std": 0.0, "range": 0.0 }, "geometry": { "type": "Polygon", "coordinates": [ [ [ 723500.0, 6175300.0 ], [ 723500.0, 6175400.0 ], [ 723600.0, 6175400.0 ], [ 723600.0, 6175300.0 ], [ 723600.0, 6175200.0 ], [ 723500.0, 6175200.0 ], [ 723500.0, 6175300.0 ] ] ] } },
{ "type": "Feature", "properties": { "Shape_Area": 10000.0, "Shape_Leng": 400.0, "cluster_id": "101_158", "fid_1": 158.0, "id_munic": 158.0, "munic_clus": "101_158", "munic_code": 101.0, "min": 2.803898811340332, "max": 2.803898811340332, "mean": 2.803898811340332, "count": 1, "std": 0.0, "range": 0.0 }, "geometry": { "type": "Polygon", "coordinates": [ [ [ 723000.0, 6175000.0 ], [ 723000.0, 6175100.0 ], [ 723100.0, 6175100.0 ], [ 723100.0, 6175000.0 ], [ 723000.0, 6175000.0 ] ] ] } },
{ "type": "Feature", "properties": { "Shape_Area": 10000.0, "Shape_Leng": 400.0, "cluster_id": "101_159", "fid_1": 159.0, "id_munic": 159.0, "munic_clus": "101_159", "munic_code": 101.0, "min": 3.0019996166229248, "max": 3.0019996166229248, "mean": 3.0019996166229248, "count": 1, "std": 0.0, "range": 0.0 }, "geometry": { "type": "Polygon", "coordinates": [ [ [ 723100.0, 6175000.0 ], [ 723100.0, 6175100.0 ], [ 723200.0, 6175100.0 ], [ 723200.0, 6175000.0 ], [ 723100.0, 6175000.0 ] ] ] } },
{ "type": "Feature", "properties": { "Shape_Area": 20000.0, "Shape_Leng": 600.0, "cluster_id": "101_160", "fid_1": 160.0, "id_munic": 160.0, "munic_clus": "101_160", "munic_code": 101.0, "min": 3.0674779415130615, "max": 3.0674779415130615, "mean": 3.0674779415130615, "count": 2, "std": 0.0, "range": 0.0 }, "geometry": { "type": "Polygon", "coordinates": [ [ [ 723000.0, 6175200.0 ], [ 723000.0, 6175300.0 ], [ 723100.0, 6175300.0 ], [ 723100.0, 6175200.0 ], [ 723100.0, 6175100.0 ], [ 723000.0, 6175100.0 ], [ 723000.0, 6175200.0 ] ] ] } },
{ "type": "Feature", "properties": { "Shape_Area": 20000.0, "Shape_Leng": 600.0, "cluster_id": "101_161", "fid_1": 161.0, "id_munic": 161.0, "munic_clus": "101_161", "munic_code": 101.0, "min": 3.1214597225189209, "max": 3.1214597225189209, "mean": 3.1214597225189209, "count": 2, "std": 0.0, "range": 0.0 }, "geometry": { "type": "Polygon", "coordinates": [ [ [ 723200.0, 6175300.0 ], [ 723200.0, 6175400.0 ], [ 723300.0, 6175400.0 ], [ 723300.0, 6175300.0 ], [ 723300.0, 6175200.0 ], [ 723200.0, 6175200.0 ], [ 723200.0, 6175300.0 ] ] ] } },
{ "type": "Feature", "properties": { "Shape_Area": 20000.0, "Shape_Leng": 600.0, "cluster_id": "101_162", "fid_1": 162.0, "id_munic": 162.0, "munic_clus": "101_162", "munic_code": 101.0, "min": 3.1707768440246582, "max": 3.1707768440246582, "mean": 3.1707768440246582, "count": 2, "std": 0.0, "range": 0.0 }, "geometry": { "type": "Polygon", "coordinates": [ [ [ 723200.0, 6175100.0 ], [ 723200.0, 6175200.0 ], [ 723300.0, 6175200.0 ], [ 723300.0, 6175100.0 ], [ 723300.0, 6175000.0 ], [ 723200.0, 6175000.0 ], [ 723200.0, 6175100.0 ] ] ] } },
{ "type": "Feature", "properties": { "Shape_Area": 20000.0, "Shape_Leng": 600.0, "cluster_id": "101_163", "fid_1": 163.0, "id_munic": 163.0, "munic_clus": "101_163", "munic_code": 101.0, "min": 2.9721763134002686, "max": 2.9721763134002686, "mean": 2.9721763134002686, "count": 2, "std": 0.0, "range": 0.0 }, "geometry": { "type": "Polygon", "coordinates": [ [ [ 723100.0, 6175200.0 ], [ 723100.0, 6175300.0 ], [ 723200.0, 6175300.0 ], [ 723200.0, 6175200.0 ], [ 723200.0, 6175100.0 ], [ 723100.0, 6175100.0 ], [ 723100.0, 6175200.0 ] ] ] } },
{ "type": "Feature", "properties": { "Shape_Area": 30000.0, "Shape_Leng": 800.0, "cluster_id": "101_164", "fid_1": 164.0, "id_munic": 164.0, "munic_clus": "101_164", "munic_code": 101.0, "min": 2.1647787094116211, "max": 2.1647787094116211, "mean": 2.1647787094116211, "count": 3, "std": 0.0, "range": 0.0 }, "geometry": { "type": "Polygon", "coordinates": [ [ [ 723600.0, 6177300.0 ], [ 723700.0, 6177300.0 ], [ 723700.0, 6177400.0 ], [ 723800.0, 6177400.0 ], [ 723800.0, 6177300.0 ], [ 723800.0, 6177200.0 ], [ 723700.0, 6177200.0 ], [ 723600.0, 6177200.0 ], [ 723600.0, 6177300.0 ] ] ] } },
{ "type": "Feature", "properties": { "Shape_Area": 10000.0, "Shape_Leng": 400.0, "cluster_id": "101_165", "fid_1": 165.0, "id_munic": 165.0, "munic_clus": "101_165", "munic_code": 101.0, "min": 2.4415199756622314, "max": 2.4415199756622314, "mean": 2.4415199756622314, "count": 1, "std": 0.0, "range": 0.0 }, "geometry": { "type": "Polygon", "coordinates": [ [ [ 723200.0, 6178100.0 ], [ 723200.0, 6178200.0 ], [ 723300.0, 6178200.0 ], [ 723300.0, 6178100.0 ], [ 723200.0, 6178100.0 ] ] ] } },
{ "type": "Feature", "properties": { "Shape_Area": 10000.0, "Shape_Leng": 400.0, "cluster_id": "101_166", "fid_1": 166.0, "id_munic": 166.0, "munic_clus": "101_166", "munic_code": 101.0, "min": 2.5896370410919189, "max": 2.5896370410919189, "mean": 2.5896370410919189, "count": 1, "std": 0.0, "range": 0.0 }, "geometry": { "type": "Polygon", "coordinates": [ [ [ 723300.0, 6178200.0 ], [ 723300.0, 6178300.0 ], [ 723400.0, 6178300.0 ], [ 723400.0, 6178200.0 ], [ 723300.0, 6178200.0 ] ] ] } },
{ "type": "Feature", "properties": { "Shape_Area": 40000.0, "Shape_Leng": 1000.0, "cluster_id": "101_167", "fid_1": 167.0, "id_munic": 167.0, "munic_clus": "101_167", "munic_code": 101.0, "min": 3.1764411926269531, "max": 3.1764411926269531, "mean": 3.1764411926269531, "count": 4, "std": 0.0, "range": 0.0 }, "geometry": { "type": "Polygon", "coordinates": [ [ [ 723600.0, 6177200.0 ], [ 723500.0, 6177200.0 ], [ 723500.0, 6177300.0 ], [ 723400.0, 6177300.0 ], [ 723400.0, 6177400.0 ], [ 723500.0, 6177400.0 ], [ 723500.0, 6177500.0 ], [ 723600.0, 6177500.0 ], [ 723600.0, 6177400.0 ], [ 723600.0, 6177300.0 ], [ 723600.0, 6177200.0 ] ] ] } },
{ "type": "Feature", "properties": { "Shape_Area": 20000.0, "Shape_Leng": 600.0, "cluster_id": "101_168", "fid_1": 168.0, "id_munic": 168.0, "munic_clus": "101_168", "munic_code": 101.0, "min": 3.0913033485412598, "max": 3.0913033485412598, "mean": 3.0913033485412598, "count": 2, "std": 0.0, "range": 0.0 }, "geometry": { "type": "Polygon", "coordinates": [ [ [ 723600.0, 6177400.0 ], [ 723600.0, 6177500.0 ], [ 723700.0, 6177500.0 ], [ 723700.0, 6177400.0 ], [ 723700.0, 6177300.0 ], [ 723600.0, 6177300.0 ], [ 723600.0, 6177400.0 ] ] ] } },
{ "type": "Feature", "properties": { "Shape_Area": 30000.0, "Shape_Leng": 800.0, "cluster_id": "101_169", "fid_1": 169.0, "id_munic": 169.0, "munic_clus": "101_169", "munic_code": 101.0, "min": 2.8788738250732422, "max": 2.8788738250732422, "mean": 2.8788738250732422, "count": 3, "std": 0.0, "range": 0.0 }, "geometry": { "type": "Polygon", "coordinates": [ [ [ 723200.0, 6177800.0 ], [ 723100.0, 6177800.0 ], [ 723100.0, 6177900.0 ], [ 723200.0, 6177900.0 ], [ 723300.0, 6177900.0 ], [ 723300.0, 6177800.0 ], [ 723300.0, 6177700.0 ], [ 723200.0, 6177700.0 ], [ 723200.0, 6177800.0 ] ] ] } },
{ "type": "Feature", "properties": { "Shape_Area": 10000.0, "Shape_Leng": 400.0, "cluster_id": "101_170", "fid_1": 170.0, "id_munic": 170.0, "munic_clus": "101_170", "munic_code": 101.0, "min": 2.7202603816986084, "max": 2.7202603816986084, "mean": 2.7202603816986084, "count": 1, "std": 0.0, "range": 0.0 }, "geometry": { "type": "Polygon", "coordinates": [ [ [ 723300.0, 6177800.0 ], [ 723300.0, 6177900.0 ], [ 723400.0, 6177900.0 ], [ 723400.0, 6177800.0 ], [ 723300.0, 6177800.0 ] ] ] } },
{ "type": "Feature", "properties": { "Shape_Area": 10000.0, "Shape_Leng": 400.0, "cluster_id": "101_171", "fid_1": 171.0, "id_munic": 171.0, "munic_clus": "101_171", "munic_code": 101.0, "min": 3.5146615505218506, "max": 3.5146615505218506, "mean": 3.5146615505218506, "count": 1, "std": 0.0, "range": 0.0 }, "geometry": { "type": "Polygon", "coordinates": [ [ [ 723400.0, 6177900.0 ], [ 723400.0, 6178000.0 ], [ 723500.0, 6178000.0 ], [ 723500.0, 6177900.0 ], [ 723400.0, 6177900.0 ] ] ] } },
{ "type": "Feature", "properties": { "Shape_Area": 10000.0, "Shape_Leng": 400.0, "cluster_id": "101_172", "fid_1": 172.0, "id_munic": 172.0, "munic_clus": "101_172", "munic_code": 101.0, "min": 3.367377758026123, "max": 3.367377758026123, "mean": 3.367377758026123, "count": 1, "std": 0.0, "range": 0.0 }, "geometry": { "type": "Polygon", "coordinates": [ [ [ 723500.0, 6178000.0 ], [ 723500.0, 6178100.0 ], [ 723600.0, 6178100.0 ], [ 723600.0, 6178000.0 ], [ 723500.0, 6178000.0 ] ] ] } },
{ "type": "Feature", "properties": { "Shape_Area": 90000.0, "Shape_Leng": 1600.0, "cluster_id": "101_173", "fid_1": 173.0, "id_munic": 173.0, "munic_clus": "101_173", "munic_code": 101.0, "min": 2.4678444862365723, "max": 2.4678444862365723, "mean": 2.4678442213270397, "count": 9, "std": 2.6490953253244243e-07, "range": 0.0 }, "geometry": { "type": "Polygon", "coordinates": [ [ [ 723500.0, 6177800.0 ], [ 723500.0, 6177900.0 ], [ 723500.0, 6178000.0 ], [ 723600.0, 6178000.0 ], [ 723600.0, 6177900.0 ], [ 723700.0, 6177900.0 ], [ 723700.0, 6177800.0 ], [ 723800.0, 6177800.0 ], [ 723800.0, 6177700.0 ], [ 723700.0, 6177700.0 ], [ 723700.0, 6177600.0 ], [ 723600.0, 6177600.0 ], [ 723600.0, 6177500.0 ], [ 723500.0, 6177500.0 ], [ 723500.0, 6177600.0 ], [ 723500.0, 6177700.0 ], [ 723500.0, 6177800.0 ] ] ] } },
{ "type": "Feature", "properties": { "Shape_Area": 30000.0, "Shape_Leng": 800.0, "cluster_id": "101_174", "fid_1": 174.0, "id_munic": 174.0, "munic_clus": "101_174", "munic_code": 101.0, "min": 2.7472515106201172, "max": 2.7472515106201172, "mean": 2.7472515106201172, "count": 3, "std": 0.0, "range": 0.0 }, "geometry": { "type": "Polygon", "coordinates": [ [ [ 723600.0, 6177600.0 ], [ 723700.0, 6177600.0 ], [ 723700.0, 6177700.0 ], [ 723800.0, 6177700.0 ], [ 723800.0, 6177600.0 ], [ 723800.0, 6177500.0 ], [ 723700.0, 6177500.0 ], [ 723600.0, 6177500.0 ], [ 723600.0, 6177600.0 ] ] ] } },
{ "type": "Feature", "properties": { "Shape_Area": 30000.0, "Shape_Leng": 800.0, "cluster_id": "101_175", "fid_1": 175.0, "id_munic": 175.0, "munic_clus": "101_175", "munic_code": 101.0, "min": 3.2785744667053223, "max": 3.2785744667053223, "mean": 3.2785746256510415, "count": 3, "std": 1.5894571925301193e-07, "range": 0.0 }, "geometry": { "type": "Polygon", "coordinates": [ [ [ 723100.0, 6178000.0 ], [ 723200.0, 6178000.0 ], [ 723200.0, 6178100.0 ], [ 723300.0, 6178100.0 ], [ 723300.0, 6178000.0 ], [ 723300.0, 6177900.0 ], [ 723200.0, 6177900.0 ], [ 723100.0, 6177900.0 ], [ 723100.0, 6178000.0 ] ] ] } },
{ "type": "Feature", "properties": { "Shape_Area": 20000.0, "Shape_Leng": 600.0, "cluster_id": "101_176", "fid_1": 176.0, "id_munic": 176.0, "munic_clus": "101_176", "munic_code": 101.0, "min": 3.5339889526367188, "max": 3.5339889526367188, "mean": 3.5339889526367188, "count": 2, "std": 0.0, "range": 0.0 }, "geometry": { "type": "Polygon", "coordinates": [ [ [ 723300.0, 6178000.0 ], [ 723300.0, 6178100.0 ], [ 723400.0, 6178100.0 ], [ 723400.0, 6178000.0 ], [ 723400.0, 6177900.0 ], [ 723300.0, 6177900.0 ], [ 723300.0, 6178000.0 ] ] ] } },
{ "type": "Feature", "properties": { "Shape_Area": 30000.0, "Shape_Leng": 800.0, "cluster_id": "101_177", "fid_1": 177.0, "id_munic": 177.0, "munic_clus": "101_177", "munic_code": 101.0, "min": 2.9483504295349121, "max": 2.9483504295349121, "mean": 2.9483502705891929, "count": 3, "std": 1.5894571925301193e-07, "range": 0.0 }, "geometry": { "type": "Polygon", "coordinates": [ [ [ 723100.0, 6177700.0 ], [ 723100.0, 6177800.0 ], [ 723200.0, 6177800.0 ], [ 723200.0, 6177700.0 ], [ 723300.0, 6177700.0 ], [ 723300.0, 6177600.0 ], [ 723200.0, 6177600.0 ], [ 723100.0, 6177600.0 ], [ 723100.0, 6177700.0 ] ] ] } },
{ "type": "Feature", "properties": { "Shape_Area": 10000.0, "Shape_Leng": 400.0, "cluster_id": "101_178", "fid_1": 178.0, "id_munic": 178.0, "munic_clus": "101_178", "munic_code": 101.0, "min": 3.3387205600738525, "max": 3.3387205600738525, "mean": 3.3387205600738525, "count": 1, "std": 0.0, "range": 0.0 }, "geometry": { "type": "Polygon", "coordinates": [ [ [ 723300.0, 6178100.0 ], [ 723300.0, 6178200.0 ], [ 723400.0, 6178200.0 ], [ 723400.0, 6178100.0 ], [ 723300.0, 6178100.0 ] ] ] } },
{ "type": "Feature", "properties": { "Shape_Area": 10000.0, "Shape_Leng": 400.0, "cluster_id": "101_179", "fid_1": 179.0, "id_munic": 179.0, "munic_clus": "101_179", "munic_code": 101.0, "min": 2.6161279678344727, "max": 2.6161279678344727, "mean": 2.6161279678344727, "count": 1, "std": 0.0, "range": 0.0 }, "geometry": { "type": "Polygon", "coordinates": [ [ [ 723400.0, 6178000.0 ], [ 723400.0, 6178100.0 ], [ 723500.0, 6178100.0 ], [ 723500.0, 6178000.0 ], [ 723400.0, 6178000.0 ] ] ] } },
{ "type": "Feature", "properties": { "Shape_Area": 30000.0, "Shape_Leng": 800.0, "cluster_id": "101_180", "fid_1": 180.0, "id_munic": 180.0, "munic_clus": "101_180", "munic_code": 101.0, "min": 4.357048511505127, "max": 4.357048511505127, "mean": 4.3570486704508467, "count": 3, "std": 1.5894571969710114e-07, "range": 0.0 }, "geometry": { "type": "Polygon", "coordinates": [ [ [ 723300.0, 6177700.0 ], [ 723300.0, 6177800.0 ], [ 723400.0, 6177800.0 ], [ 723400.0, 6177700.0 ], [ 723500.0, 6177700.0 ], [ 723500.0, 6177600.0 ], [ 723400.0, 6177600.0 ], [ 723300.0, 6177600.0 ], [ 723300.0, 6177700.0 ] ] ] } },
{ "type": "Feature", "properties": { "Shape_Area": 20000.0, "Shape_Leng": 600.0, "cluster_id": "101_181", "fid_1": 181.0, "id_munic": 181.0, "munic_clus": "101_181", "munic_code": 101.0, "min": 3.1252920627593994, "max": 3.1252920627593994, "mean": 3.1252920627593994, "count": 2, "std": 0.0, "range": 0.0 }, "geometry": { "type": "Polygon", "coordinates": [ [ [ 723400.0, 6177800.0 ], [ 723400.0, 6177900.0 ], [ 723500.0, 6177900.0 ], [ 723500.0, 6177800.0 ], [ 723500.0, 6177700.0 ], [ 723400.0, 6177700.0 ], [ 723400.0, 6177800.0 ] ] ] } },
{ "type": "Feature", "properties": { "Shape_Area": 10000.0, "Shape_Leng": 400.0, "cluster_id": "101_182", "fid_1": 182.0, "id_munic": 182.0, "munic_clus": "101_182", "munic_code": 101.0, "min": 2.677107572555542, "max": 2.677107572555542, "mean": 2.677107572555542, "count": 1, "std": 0.0, "range": 0.0 }, "geometry": { "type": "Polygon", "coordinates": [ [ [ 723400.0, 6177400.0 ], [ 723400.0, 6177500.0 ], [ 723500.0, 6177500.0 ], [ 723500.0, 6177400.0 ], [ 723400.0, 6177400.0 ] ] ] } },
{ "type": "Feature", "properties": { "Shape_Area": 10000.0, "Shape_Leng": 400.0, "cluster_id": "101_183", "fid_1": 183.0, "id_munic": 183.0, "munic_clus": "101_183", "munic_code": 101.0, "min": 3.2179274559020996, "max": 3.2179274559020996, "mean": 3.2179274559020996, "count": 1, "std": 0.0, "range": 0.0 }, "geometry": { "type": "Polygon", "coordinates": [ [ [ 723300.0, 6177400.0 ], [ 723300.0, 6177500.0 ], [ 723400.0, 6177500.0 ], [ 723400.0, 6177400.0 ], [ 723300.0, 6177400.0 ] ] ] } },
{ "type": "Feature", "properties": { "Shape_Area": 30000.0, "Shape_Leng": 800.0, "cluster_id": "101_184", "fid_1": 184.0, "id_munic": 184.0, "munic_clus": "101_184", "munic_code": 101.0, "min": 1.9620126485824585, "max": 1.9620126485824585, "mean": 1.9620126088460286, "count": 3, "std": 3.9736429924275285e-08, "range": 0.0 }, "geometry": { "type": "Polygon", "coordinates": [ [ [ 721200.0, 6174500.0 ], [ 721200.0, 6174600.0 ], [ 721300.0, 6174600.0 ], [ 721300.0, 6174500.0 ], [ 721400.0, 6174500.0 ], [ 721400.0, 6174400.0 ], [ 721300.0, 6174400.0 ], [ 721200.0, 6174400.0 ], [ 721200.0, 6174500.0 ] ] ] } },
{ "type": "Feature", "properties": { "Shape_Area": 10000.0, "Shape_Leng": 400.0, "cluster_id": "101_185", "fid_1": 185.0, "id_munic": 185.0, "munic_clus": "101_185", "munic_code": 101.0, "min": 2.7452521324157715, "max": 2.7452521324157715, "mean": 2.7452521324157715, "count": 1, "std": 0.0, "range": 0.0 }, "geometry": { "type": "Polygon", "coordinates": [ [ [ 723400.0, 6178100.0 ], [ 723400.0, 6178200.0 ], [ 723500.0, 6178200.0 ], [ 723500.0, 6178100.0 ], [ 723400.0, 6178100.0 ] ] ] } },
{ "type": "Feature", "properties": { "Shape_Area": 20000.0, "Shape_Leng": 600.0, "cluster_id": "101_186", "fid_1": 186.0, "id_munic": 186.0, "munic_clus": "101_186", "munic_code": 101.0, "min": 2.8050651550292969, "max": 2.8050651550292969, "mean": 2.8050651550292969, "count": 2, "std": 0.0, "range": 0.0 }, "geometry": { "type": "Polygon", "coordinates": [ [ [ 723200.0, 6180600.0 ], [ 723300.0, 6180600.0 ], [ 723400.0, 6180600.0 ], [ 723400.0, 6180500.0 ], [ 723300.0, 6180500.0 ], [ 723200.0, 6180500.0 ], [ 723200.0, 6180600.0 ] ] ] } },
{ "type": "Feature", "properties": { "Shape_Area": 70000.0, "Shape_Leng": 1400.0, "cluster_id": "101_187", "fid_1": 187.0, "id_munic": 187.0, "munic_clus": "101_187", "munic_code": 101.0, "min": 3.3893702030181885, "max": 3.3893702030181885, "mean": 3.3893702370779857, "count": 7, "std": 3.4059797204832876e-08, "range": 0.0 }, "geometry": { "type": "Polygon", "coordinates": [ [ [ 723400.0, 6180700.0 ], [ 723400.0, 6180600.0 ], [ 723300.0, 6180600.0 ], [ 723200.0, 6180600.0 ], [ 723200.0, 6180700.0 ], [ 723100.0, 6180700.0 ], [ 723100.0, 6180800.0 ], [ 723100.0, 6180900.0 ], [ 723200.0, 6180900.0 ], [ 723200.0, 6181000.0 ], [ 723300.0, 6181000.0 ], [ 723300.0, 6180900.0 ], [ 723300.0, 6180800.0 ], [ 723300.0, 6180700.0 ], [ 723400.0, 6180700.0 ] ] ] } },
{ "type": "Feature", "properties": { "Shape_Area": 210000.0, "Shape_Leng": 2600.0, "cluster_id": "101_188", "fid_1": 188.0, "id_munic": 188.0, "munic_clus": "101_188", "munic_code": 101.0, "min": 2.6009664535522461, "max": 2.6009664535522461, "mean": 2.6009666806175593, "count": 21, "std": 2.2706531321858845e-07, "range": 0.0 }, "geometry": { "type": "Polygon", "coordinates": [ [ [ 722800.0, 6180800.0 ], [ 722700.0, 6180800.0 ], [ 722600.0, 6180800.0 ], [ 722600.0, 6180900.0 ], [ 722700.0, 6180900.0 ], [ 722700.0, 6181000.0 ], [ 722700.0, 6181100.0 ], [ 722800.0, 6181100.0 ], [ 722900.0, 6181100.0 ], [ 723000.0, 6181100.0 ], [ 723000.0, 6181000.0 ], [ 723100.0, 6181000.0 ], [ 723200.0, 6181000.0 ], [ 723200.0, 6180900.0 ], [ 723100.0, 6180900.0 ], [ 723100.0, 6180800.0 ], [ 723100.0, 6180700.0 ], [ 723200.0, 6180700.0 ], [ 723200.0, 6180600.0 ], [ 723200.0, 6180500.0 ], [ 723100.0, 6180500.0 ], [ 723000.0, 6180500.0 ], [ 723000.0, 6180600.0 ], [ 722900.0, 6180600.0 ], [ 722900.0, 6180700.0 ], [ 722800.0, 6180700.0 ], [ 722800.0, 6180800.0 ] ] ] } },
{ "type": "Feature", "properties": { "Shape_Area": 100000.0, "Shape_Leng": 1400.0, "cluster_id": "101_189", "fid_1": 189.0, "id_munic": 189.0, "munic_clus": "101_189", "munic_code": 101.0, "min": 2.7924022674560547, "max": 2.7924022674560547, "mean": 2.7924022674560547, "count": 10, "std": 0.0, "range": 0.0 }, "geometry": { "type": "Polygon", "coordinates": [ [ [ 718600.0, 6176900.0 ], [ 718500.0, 6176900.0 ], [ 718400.0, 6176900.0 ], [ 718300.0, 6176900.0 ], [ 718300.0, 6177000.0 ], [ 718200.0, 6177000.0 ], [ 718200.0, 6177100.0 ], [ 718200.0, 6177200.0 ], [ 718300.0, 6177200.0 ], [ 718400.0, 6177200.0 ], [ 718500.0, 6177200.0 ], [ 718500.0, 6177100.0 ], [ 718600.0, 6177100.0 ], [ 718600.0, 6177000.0 ], [ 718600.0, 6176900.0 ] ] ] } },
{ "type": "Feature", "properties": { "Shape_Area": 120000.0, "Shape_Leng": 1800.0, "cluster_id": "101_191", "fid_1": 191.0, "id_munic": 191.0, "munic_clus": "101_191", "munic_code": 101.0, "min": 2.8505504131317139, "max": 2.8505504131317139, "mean": 2.850550333658854, "count": 12, "std": 7.947285984855057e-08, "range": 0.0 }, "geometry": { "type": "Polygon", "coordinates": [ [ [ 718400.0, 6176600.0 ], [ 718400.0, 6176700.0 ], [ 718300.0, 6176700.0 ], [ 718200.0, 6176700.0 ], [ 718200.0, 6176800.0 ], [ 718200.0, 6176900.0 ], [ 718200.0, 6177000.0 ], [ 718300.0, 6177000.0 ], [ 718300.0, 6176900.0 ], [ 718400.0, 6176900.0 ], [ 718500.0, 6176900.0 ], [ 718600.0, 6176900.0 ], [ 718600.0, 6176800.0 ], [ 718700.0, 6176800.0 ], [ 718700.0, 6176700.0 ], [ 718600.0, 6176700.0 ], [ 718600.0, 6176600.0 ], [ 718500.0, 6176600.0 ], [ 718400.0, 6176600.0 ] ] ] } },
{ "type": "Feature", "properties": { "Shape_Area": 60000.0, "Shape_Leng": 1200.0, "cluster_id": "101_192", "fid_1": 192.0, "id_munic": 192.0, "munic_clus": "101_192", "munic_code": 101.0, "min": 3.6366209983825684, "max": 3.6366209983825684, "mean": 3.6366208394368491, "count": 6, "std": 1.5894571925301193e-07, "range": 0.0 }, "geometry": { "type": "Polygon", "coordinates": [ [ [ 718800.0, 6175900.0 ], [ 718900.0, 6175900.0 ], [ 719000.0, 6175900.0 ], [ 719000.0, 6176000.0 ], [ 719100.0, 6176000.0 ], [ 719100.0, 6175900.0 ], [ 719100.0, 6175800.0 ], [ 719000.0, 6175800.0 ], [ 719000.0, 6175700.0 ], [ 718900.0, 6175700.0 ], [ 718800.0, 6175700.0 ], [ 718800.0, 6175800.0 ], [ 718800.0, 6175900.0 ] ] ] } },
{ "type": "Feature", "properties": { "Shape_Area": 10000.0, "Shape_Leng": 400.0, "cluster_id": "101_193", "fid_1": 193.0, "id_munic": 193.0, "munic_clus": "101_193", "munic_code": 101.0, "min": 3.5158283710479736, "max": 3.5158283710479736, "mean": 3.5158283710479736, "count": 1, "std": 0.0, "range": 0.0 }, "geometry": { "type": "Polygon", "coordinates": [ [ [ 721300.0, 6174500.0 ], [ 721300.0, 6174600.0 ], [ 721400.0, 6174600.0 ], [ 721400.0, 6174500.0 ], [ 721300.0, 6174500.0 ] ] ] } },
{ "type": "Feature", "properties": { "Shape_Area": 30000.0, "Shape_Leng": 800.0, "cluster_id": "101_194", "fid_1": 194.0, "id_munic": 194.0, "munic_clus": "101_194", "munic_code": 101.0, "min": 3.3782074451446533, "max": 3.3782074451446533, "mean": 3.3782075246175132, "count": 3, "std": 7.947285984855057e-08, "range": 0.0 }, "geometry": { "type": "Polygon", "coordinates": [ [ [ 718500.0, 6176600.0 ], [ 718600.0, 6176600.0 ], [ 718600.0, 6176700.0 ], [ 718700.0, 6176700.0 ], [ 718700.0, 6176600.0 ], [ 718700.0, 6176500.0 ], [ 718600.0, 6176500.0 ], [ 718500.0, 6176500.0 ], [ 718500.0, 6176600.0 ] ] ] } },
{ "type": "Feature", "properties": { "Shape_Area": 10000.0, "Shape_Leng": 400.0, "cluster_id": "101_195", "fid_1": 195.0, "id_munic": 195.0, "munic_clus": "101_195", "munic_code": 101.0, "min": 4.0086641311645508, "max": 4.0086641311645508, "mean": 4.0086641311645508, "count": 1, "std": 0.0, "range": 0.0 }, "geometry": { "type": "Polygon", "coordinates": [ [ [ 718400.0, 6176500.0 ], [ 718400.0, 6176600.0 ], [ 718500.0, 6176600.0 ], [ 718500.0, 6176500.0 ], [ 718400.0, 6176500.0 ] ] ] } },
{ "type": "Feature", "properties": { "Shape_Area": 10000.0, "Shape_Leng": 400.0, "cluster_id": "101_196", "fid_1": 196.0, "id_munic": 196.0, "munic_clus": "101_196", "munic_code": 101.0, "min": 2.6431193351745605, "max": 2.6431193351745605, "mean": 2.6431193351745605, "count": 1, "std": 0.0, "range": 0.0 }, "geometry": { "type": "Polygon", "coordinates": [ [ [ 727600.0, 6173300.0 ], [ 727600.0, 6173400.0 ], [ 727700.0, 6173400.0 ], [ 727700.0, 6173300.0 ], [ 727600.0, 6173300.0 ] ] ] } },
{ "type": "Feature", "properties": { "Shape_Area": 10000.0, "Shape_Leng": 400.0, "cluster_id": "101_197", "fid_1": 197.0, "id_munic": 197.0, "munic_clus": "101_197", "munic_code": 101.0, "min": 3.3155615329742432, "max": 3.3155615329742432, "mean": 3.3155615329742432, "count": 1, "std": 0.0, "range": 0.0 }, "geometry": { "type": "Polygon", "coordinates": [ [ [ 721400.0, 6174500.0 ], [ 721400.0, 6174600.0 ], [ 721500.0, 6174600.0 ], [ 721500.0, 6174500.0 ], [ 721400.0, 6174500.0 ] ] ] } },
{ "type": "Feature", "properties": { "Shape_Area": 10000.0, "Shape_Leng": 400.0, "cluster_id": "101_198", "fid_1": 198.0, "id_munic": 198.0, "munic_clus": "101_198", "munic_code": 101.0, "min": 3.1972675323486328, "max": 3.1972675323486328, "mean": 3.1972675323486328, "count": 1, "std": 0.0, "range": 0.0 }, "geometry": { "type": "Polygon", "coordinates": [ [ [ 727200.0, 6173600.0 ], [ 727200.0, 6173700.0 ], [ 727300.0, 6173700.0 ], [ 727300.0, 6173600.0 ], [ 727200.0, 6173600.0 ] ] ] } },
{ "type": "Feature", "properties": { "Shape_Area": 20000.0, "Shape_Leng": 600.0, "cluster_id": "101_199", "fid_1": 199.0, "id_munic": 199.0, "munic_clus": "101_199", "munic_code": 101.0, "min": 3.2004332542419434, "max": 3.2004332542419434, "mean": 3.2004332542419434, "count": 2, "std": 0.0, "range": 0.0 }, "geometry": { "type": "Polygon", "coordinates": [ [ [ 727600.0, 6172100.0 ], [ 727600.0, 6172200.0 ], [ 727700.0, 6172200.0 ], [ 727700.0, 6172100.0 ], [ 727700.0, 6172000.0 ], [ 727600.0, 6172000.0 ], [ 727600.0, 6172100.0 ] ] ] } },
{ "type": "Feature", "properties": { "Shape_Area": 20000.0, "Shape_Leng": 600.0, "cluster_id": "101_200", "fid_1": 200.0, "id_munic": 200.0, "munic_clus": "101_200", "munic_code": 101.0, "min": 3.1012997627258301, "max": 3.1012997627258301, "mean": 3.1012997627258301, "count": 2, "std": 0.0, "range": 0.0 }, "geometry": { "type": "Polygon", "coordinates": [ [ [ 727600.0, 6173100.0 ], [ 727700.0, 6173100.0 ], [ 727800.0, 6173100.0 ], [ 727800.0, 6173000.0 ], [ 727700.0, 6173000.0 ], [ 727600.0, 6173000.0 ], [ 727600.0, 6173100.0 ] ] ] } },
{ "type": "Feature", "properties": { "Shape_Area": 20000.0, "Shape_Leng": 600.0, "cluster_id": "101_201", "fid_1": 201.0, "id_munic": 201.0, "munic_clus": "101_201", "munic_code": 101.0, "min": 3.3613796234130859, "max": 3.3613796234130859, "mean": 3.3613796234130859, "count": 2, "std": 0.0, "range": 0.0 }, "geometry": { "type": "Polygon", "coordinates": [ [ [ 727300.0, 6173200.0 ], [ 727400.0, 6173200.0 ], [ 727500.0, 6173200.0 ], [ 727500.0, 6173100.0 ], [ 727400.0, 6173100.0 ], [ 727300.0, 6173100.0 ], [ 727300.0, 6173200.0 ] ] ] } },
{ "type": "Feature", "properties": { "Shape_Area": 10000.0, "Shape_Leng": 400.0, "cluster_id": "101_202", "fid_1": 202.0, "id_munic": 202.0, "munic_clus": "101_202", "munic_code": 101.0, "min": 2.5423192977905273, "max": 2.5423192977905273, "mean": 2.5423192977905273, "count": 1, "std": 0.0, "range": 0.0 }, "geometry": { "type": "Polygon", "coordinates": [ [ [ 727600.0, 6173400.0 ], [ 727600.0, 6173500.0 ], [ 727700.0, 6173500.0 ], [ 727700.0, 6173400.0 ], [ 727600.0, 6173400.0 ] ] ] } },
{ "type": "Feature", "properties": { "Shape_Area": 30000.0, "Shape_Leng": 800.0, "cluster_id": "101_203", "fid_1": 203.0, "id_munic": 203.0, "munic_clus": "101_203", "munic_code": 101.0, "min": 2.9185271263122559, "max": 2.9185271263122559, "mean": 2.9185269673665366, "count": 3, "std": 1.5894571925301193e-07, "range": 0.0 }, "geometry": { "type": "Polygon", "coordinates": [ [ [ 727200.0, 6173400.0 ], [ 727200.0, 6173500.0 ], [ 727300.0, 6173500.0 ], [ 727400.0, 6173500.0 ], [ 727400.0, 6173400.0 ], [ 727300.0, 6173400.0 ], [ 727300.0, 6173300.0 ], [ 727200.0, 6173300.0 ], [ 727200.0, 6173400.0 ] ] ] } },
{ "type": "Feature", "properties": { "Shape_Area": 110000.0, "Shape_Leng": 1800.0, "cluster_id": "101_204", "fid_1": 204.0, "id_munic": 204.0, "munic_clus": "101_204", "munic_code": 101.0, "min": 2.4835054874420166, "max": 2.4835054874420166, "mean": 2.4835055958140981, "count": 11, "std": 1.0837208153091638e-07, "range": 0.0 }, "geometry": { "type": "Polygon", "coordinates": [ [ [ 727900.0, 6171900.0 ], [ 727800.0, 6171900.0 ], [ 727700.0, 6171900.0 ], [ 727700.0, 6172000.0 ], [ 727700.0, 6172100.0 ], [ 727700.0, 6172200.0 ], [ 727600.0, 6172200.0 ], [ 727600.0, 6172300.0 ], [ 727700.0, 6172300.0 ], [ 727800.0, 6172300.0 ], [ 727800.0, 6172400.0 ], [ 727900.0, 6172400.0 ], [ 727900.0, 6172300.0 ], [ 727900.0, 6172200.0 ], [ 727900.0, 6172100.0 ], [ 728000.0, 6172100.0 ], [ 728000.0, 6172000.0 ], [ 727900.0, 6172000.0 ], [ 727900.0, 6171900.0 ] ] ] } },
{ "type": "Feature", "properties": { "Shape_Area": 80000.0, "Shape_Leng": 1400.0, "cluster_id": "101_205", "fid_1": 205.0, "id_munic": 205.0, "munic_clus": "101_205", "munic_code": 101.0, "min": 3.0483174324035645, "max": 3.0483174324035645, "mean": 3.0483174324035645, "count": 8, "std": 0.0, "range": 0.0 }, "geometry": { "type": "Polygon", "coordinates": [ [ [ 727600.0, 6172300.0 ], [ 727500.0, 6172300.0 ], [ 727500.0, 6172400.0 ], [ 727500.0, 6172500.0 ], [ 727400.0, 6172500.0 ], [ 727400.0, 6172600.0 ], [ 727400.0, 6172700.0 ], [ 727500.0, 6172700.0 ], [ 727600.0, 6172700.0 ], [ 727600.0, 6172600.0 ], [ 727600.0, 6172500.0 ], [ 727700.0, 6172500.0 ], [ 727700.0, 6172400.0 ], [ 727700.0, 6172300.0 ], [ 727600.0, 6172300.0 ] ] ] } },
{ "type": "Feature", "properties": { "Shape_Area": 30000.0, "Shape_Leng": 800.0, "cluster_id": "101_206", "fid_1": 206.0, "id_munic": 206.0, "munic_clus": "101_206", "munic_code": 101.0, "min": 2.5494837760925293, "max": 2.5494837760925293, "mean": 2.5494837760925293, "count": 3, "std": 0.0, "range": 0.0 }, "geometry": { "type": "Polygon", "coordinates": [ [ [ 727300.0, 6173100.0 ], [ 727400.0, 6173100.0 ], [ 727500.0, 6173100.0 ], [ 727600.0, 6173100.0 ], [ 727600.0, 6173000.0 ], [ 727500.0, 6173000.0 ], [ 727400.0, 6173000.0 ], [ 727300.0, 6173000.0 ], [ 727300.0, 6173100.0 ] ] ] } },
{ "type": "Feature", "properties": { "Shape_Area": 60000.0, "Shape_Leng": 1200.0, "cluster_id": "101_207", "fid_1": 207.0, "id_munic": 207.0, "munic_clus": "101_207", "munic_code": 101.0, "min": 2.5396535396575928, "max": 2.5396535396575928, "mean": 2.5396534601847329, "count": 6, "std": 7.947285984855057e-08, "range": 0.0 }, "geometry": { "type": "Polygon", "coordinates": [ [ [ 727300.0, 6173300.0 ], [ 727300.0, 6173400.0 ], [ 727400.0, 6173400.0 ], [ 727500.0, 6173400.0 ], [ 727600.0, 6173400.0 ], [ 727600.0, 6173300.0 ], [ 727500.0, 6173300.0 ], [ 727500.0, 6173200.0 ], [ 727400.0, 6173200.0 ], [ 727300.0, 6173200.0 ], [ 727200.0, 6173200.0 ], [ 727200.0, 6173300.0 ], [ 727300.0, 6173300.0 ] ] ] } },
{ "type": "Feature", "properties": { "Shape_Area": 20000.0, "Shape_Leng": 600.0, "cluster_id": "101_208", "fid_1": 208.0, "id_munic": 208.0, "munic_clus": "101_208", "munic_code": 101.0, "min": 2.2620794773101807, "max": 2.2620794773101807, "mean": 2.2620794773101807, "count": 2, "std": 0.0, "range": 0.0 }, "geometry": { "type": "Polygon", "coordinates": [ [ [ 727400.0, 6173500.0 ], [ 727500.0, 6173500.0 ], [ 727600.0, 6173500.0 ], [ 727600.0, 6173400.0 ], [ 727500.0, 6173400.0 ], [ 727400.0, 6173400.0 ], [ 727400.0, 6173500.0 ] ] ] } },
{ "type": "Feature", "properties": { "Shape_Area": 120000.0, "Shape_Leng": 1800.0, "cluster_id": "101_209", "fid_1": 209.0, "id_munic": 209.0, "munic_clus": "101_209", "munic_code": 101.0, "min": 2.8268911838531494, "max": 2.8268911838531494, "mean": 2.8268912633260093, "count": 12, "std": 7.947285984855057e-08, "range": 0.0 }, "geometry": { "type": "Polygon", "coordinates": [ [ [ 728100.0, 6172000.0 ], [ 728000.0, 6172000.0 ], [ 728000.0, 6172100.0 ], [ 727900.0, 6172100.0 ], [ 727900.0, 6172200.0 ], [ 727900.0, 6172300.0 ], [ 727900.0, 6172400.0 ], [ 727800.0, 6172400.0 ], [ 727800.0, 6172500.0 ], [ 727900.0, 6172500.0 ], [ 728000.0, 6172500.0 ], [ 728000.0, 6172400.0 ], [ 728100.0, 6172400.0 ], [ 728200.0, 6172400.0 ], [ 728200.0, 6172300.0 ], [ 728200.0, 6172200.0 ], [ 728200.0, 6172100.0 ], [ 728100.0, 6172100.0 ], [ 728100.0, 6172000.0 ] ] ] } },
{ "type": "Feature", "properties": { "Shape_Area": 70000.0, "Shape_Leng": 1200.0, "cluster_id": "101_210", "fid_1": 210.0, "id_munic": 210.0, "munic_clus": "101_210", "munic_code": 101.0, "min": 2.7844052314758301, "max": 2.7844052314758301, "mean": 2.784405299595424, "count": 7, "std": 6.8119593965576541e-08, "range": 0.0 }, "geometry": { "type": "Polygon", "coordinates": [ [ [ 727700.0, 6172700.0 ], [ 727600.0, 6172700.0 ], [ 727500.0, 6172700.0 ], [ 727400.0, 6172700.0 ], [ 727400.0, 6172800.0 ], [ 727300.0, 6172800.0 ], [ 727300.0, 6172900.0 ], [ 727400.0, 6172900.0 ], [ 727500.0, 6172900.0 ], [ 727600.0, 6172900.0 ], [ 727700.0, 6172900.0 ], [ 727700.0, 6172800.0 ], [ 727700.0, 6172700.0 ] ] ] } },
{ "type": "Feature", "properties": { "Shape_Area": 20000.0, "Shape_Leng": 600.0, "cluster_id": "101_211", "fid_1": 211.0, "id_munic": 211.0, "munic_clus": "101_211", "munic_code": 101.0, "min": 2.6007997989654541, "max": 2.6007997989654541, "mean": 2.6007997989654541, "count": 2, "std": 0.0, "range": 0.0 }, "geometry": { "type": "Polygon", "coordinates": [ [ [ 727200.0, 6173600.0 ], [ 727300.0, 6173600.0 ], [ 727400.0, 6173600.0 ], [ 727400.0, 6173500.0 ], [ 727300.0, 6173500.0 ], [ 727200.0, 6173500.0 ], [ 727200.0, 6173600.0 ] ] ] } },
{ "type": "Feature", "properties": { "Shape_Area": 20000.0, "Shape_Leng": 600.0, "cluster_id": "101_212", "fid_1": 212.0, "id_munic": 212.0, "munic_clus": "101_212", "munic_code": 101.0, "min": 2.6991002559661865, "max": 2.6991002559661865, "mean": 2.6991002559661865, "count": 2, "std": 0.0, "range": 0.0 }, "geometry": { "type": "Polygon", "coordinates": [ [ [ 727600.0, 6172600.0 ], [ 727600.0, 6172700.0 ], [ 727700.0, 6172700.0 ], [ 727700.0, 6172600.0 ], [ 727700.0, 6172500.0 ], [ 727600.0, 6172500.0 ], [ 727600.0, 6172600.0 ] ] ] } },
{ "type": "Feature", "properties": { "Shape_Area": 40000.0, "Shape_Leng": 1000.0, "cluster_id": "101_213", "fid_1": 213.0, "id_munic": 213.0, "munic_clus": "101_213", "munic_code": 101.0, "min": 3.0359880924224854, "max": 3.0359880924224854, "mean": 3.0359880924224854, "count": 4, "std": 0.0, "range": 0.0 }, "geometry": { "type": "Polygon", "coordinates": [ [ [ 727700.0, 6172500.0 ], [ 727700.0, 6172600.0 ], [ 727700.0, 6172700.0 ], [ 727800.0, 6172700.0 ], [ 727800.0, 6172600.0 ], [ 727800.0, 6172500.0 ], [ 727800.0, 6172400.0 ], [ 727800.0, 6172300.0 ], [ 727700.0, 6172300.0 ], [ 727700.0, 6172400.0 ], [ 727700.0, 6172500.0 ] ] ] } },
{ "type": "Feature", "properties": { "Shape_Area": 20000.0, "Shape_Leng": 600.0, "cluster_id": "101_214", "fid_1": 214.0, "id_munic": 214.0, "munic_clus": "101_214", "munic_code": 101.0, "min": 2.926025390625, "max": 2.926025390625, "mean": 2.926025390625, "count": 2, "std": 0.0, "range": 0.0 }, "geometry": { "type": "Polygon", "coordinates": [ [ [ 727800.0, 6172600.0 ], [ 727900.0, 6172600.0 ], [ 728000.0, 6172600.0 ], [ 728000.0, 6172500.0 ], [ 727900.0, 6172500.0 ], [ 727800.0, 6172500.0 ], [ 727800.0, 6172600.0 ] ] ] } },
{ "type": "Feature", "properties": { "Shape_Area": 10000.0, "Shape_Leng": 400.0, "cluster_id": "101_215", "fid_1": 215.0, "id_munic": 215.0, "munic_clus": "101_215", "munic_code": 101.0, "min": 3.222259521484375, "max": 3.222259521484375, "mean": 3.222259521484375, "count": 1, "std": 0.0, "range": 0.0 }, "geometry": { "type": "Polygon", "coordinates": [ [ [ 727100.0, 6173500.0 ], [ 727100.0, 6173600.0 ], [ 727200.0, 6173600.0 ], [ 727200.0, 6173500.0 ], [ 727100.0, 6173500.0 ] ] ] } },
{ "type": "Feature", "properties": { "Shape_Area": 10000.0, "Shape_Leng": 400.0, "cluster_id": "101_216", "fid_1": 216.0, "id_munic": 216.0, "munic_clus": "101_216", "munic_code": 101.0, "min": 2.7994003295898438, "max": 2.7994003295898438, "mean": 2.7994003295898438, "count": 1, "std": 0.0, "range": 0.0 }, "geometry": { "type": "Polygon", "coordinates": [ [ [ 727100.0, 6173600.0 ], [ 727100.0, 6173700.0 ], [ 727200.0, 6173700.0 ], [ 727200.0, 6173600.0 ], [ 727100.0, 6173600.0 ] ] ] } },
{ "type": "Feature", "properties": { "Shape_Area": 20000.0, "Shape_Leng": 600.0, "cluster_id": "101_217", "fid_1": 217.0, "id_munic": 217.0, "munic_clus": "101_217", "munic_code": 101.0, "min": 2.6389539241790771, "max": 2.6389539241790771, "mean": 2.6389539241790771, "count": 2, "std": 0.0, "range": 0.0 }, "geometry": { "type": "Polygon", "coordinates": [ [ [ 727100.0, 6173800.0 ], [ 727200.0, 6173800.0 ], [ 727300.0, 6173800.0 ], [ 727300.0, 6173700.0 ], [ 727200.0, 6173700.0 ], [ 727100.0, 6173700.0 ], [ 727100.0, 6173800.0 ] ] ] } },
{ "type": "Feature", "properties": { "Shape_Area": 40000.0, "Shape_Leng": 800.0, "cluster_id": "101_218", "fid_1": 218.0, "id_munic": 218.0, "munic_clus": "101_218", "munic_code": 101.0, "min": 3.0478172302246094, "max": 3.0478172302246094, "mean": 3.0478172302246094, "count": 4, "std": 0.0, "range": 0.0 }, "geometry": { "type": "Polygon", "coordinates": [ [ [ 727400.0, 6173800.0 ], [ 727300.0, 6173800.0 ], [ 727200.0, 6173800.0 ], [ 727200.0, 6173900.0 ], [ 727200.0, 6174000.0 ], [ 727300.0, 6174000.0 ], [ 727400.0, 6174000.0 ], [ 727400.0, 6173900.0 ], [ 727400.0, 6173800.0 ] ] ] } },
{ "type": "Feature", "properties": { "Shape_Area": 30000.0, "Shape_Leng": 800.0, "cluster_id": "101_219", "fid_1": 219.0, "id_munic": 219.0, "munic_clus": "101_219", "munic_code": 101.0, "min": 3.4188604354858398, "max": 3.4188604354858398, "mean": 3.4188604354858398, "count": 3, "std": 0.0, "range": 0.0 }, "geometry": { "type": "Polygon", "coordinates": [ [ [ 726000.0, 6174900.0 ], [ 725900.0, 6174900.0 ], [ 725900.0, 6175000.0 ], [ 726000.0, 6175000.0 ], [ 726100.0, 6175000.0 ], [ 726100.0, 6174900.0 ], [ 726100.0, 6174800.0 ], [ 726000.0, 6174800.0 ], [ 726000.0, 6174900.0 ] ] ] } },
{ "type": "Feature", "properties": { "Shape_Area": 10000.0, "Shape_Leng": 400.0, "cluster_id": "101_220", "fid_1": 220.0, "id_munic": 220.0, "munic_clus": "101_220", "munic_code": 101.0, "min": 3.2925691604614258, "max": 3.2925691604614258, "mean": 3.2925691604614258, "count": 1, "std": 0.0, "range": 0.0 }, "geometry": { "type": "Polygon", "coordinates": [ [ [ 726600.0, 6173600.0 ], [ 726600.0, 6173700.0 ], [ 726700.0, 6173700.0 ], [ 726700.0, 6173600.0 ], [ 726600.0, 6173600.0 ] ] ] } },
{ "type": "Feature", "properties": { "Shape_Area": 10000.0, "Shape_Leng": 400.0, "cluster_id": "101_221", "fid_1": 221.0, "id_munic": 221.0, "munic_clus": "101_221", "munic_code": 101.0, "min": 3.6906030178070068, "max": 3.6906030178070068, "mean": 3.6906030178070068, "count": 1, "std": 0.0, "range": 0.0 }, "geometry": { "type": "Polygon", "coordinates": [ [ [ 726600.0, 6173800.0 ], [ 726600.0, 6173900.0 ], [ 726700.0, 6173900.0 ], [ 726700.0, 6173800.0 ], [ 726600.0, 6173800.0 ] ] ] } },
{ "type": "Feature", "properties": { "Shape_Area": 10000.0, "Shape_Leng": 400.0, "cluster_id": "101_222", "fid_1": 222.0, "id_munic": 222.0, "munic_clus": "101_222", "munic_code": 101.0, "min": 2.7552483081817627, "max": 2.7552483081817627, "mean": 2.7552483081817627, "count": 1, "std": 0.0, "range": 0.0 }, "geometry": { "type": "Polygon", "coordinates": [ [ [ 726500.0, 6173500.0 ], [ 726500.0, 6173600.0 ], [ 726600.0, 6173600.0 ], [ 726600.0, 6173500.0 ], [ 726500.0, 6173500.0 ] ] ] } },
{ "type": "Feature", "properties": { "Shape_Area": 10000.0, "Shape_Leng": 400.0, "cluster_id": "101_223", "fid_1": 223.0, "id_munic": 223.0, "munic_clus": "101_223", "munic_code": 101.0, "min": 3.6099636554718018, "max": 3.6099636554718018, "mean": 3.6099636554718018, "count": 1, "std": 0.0, "range": 0.0 }, "geometry": { "type": "Polygon", "coordinates": [ [ [ 726400.0, 6173800.0 ], [ 726400.0, 6173900.0 ], [ 726500.0, 6173900.0 ], [ 726500.0, 6173800.0 ], [ 726400.0, 6173800.0 ] ] ] } },
{ "type": "Feature", "properties": { "Shape_Area": 20000.0, "Shape_Leng": 600.0, "cluster_id": "101_224", "fid_1": 224.0, "id_munic": 224.0, "munic_clus": "101_224", "munic_code": 101.0, "min": 3.9958348274230957, "max": 3.9958348274230957, "mean": 3.9958348274230957, "count": 2, "std": 0.0, "range": 0.0 }, "geometry": { "type": "Polygon", "coordinates": [ [ [ 726500.0, 6173900.0 ], [ 726500.0, 6174000.0 ], [ 726600.0, 6174000.0 ], [ 726600.0, 6173900.0 ], [ 726600.0, 6173800.0 ], [ 726500.0, 6173800.0 ], [ 726500.0, 6173900.0 ] ] ] } },
{ "type": "Feature", "properties": { "Shape_Area": 10000.0, "Shape_Leng": 400.0, "cluster_id": "101_225", "fid_1": 225.0, "id_munic": 225.0, "munic_clus": "101_225", "munic_code": 101.0, "min": 3.0273241996765137, "max": 3.0273241996765137, "mean": 3.0273241996765137, "count": 1, "std": 0.0, "range": 0.0 }, "geometry": { "type": "Polygon", "coordinates": [ [ [ 726600.0, 6173500.0 ], [ 726600.0, 6173600.0 ], [ 726700.0, 6173600.0 ], [ 726700.0, 6173500.0 ], [ 726600.0, 6173500.0 ] ] ] } },
{ "type": "Feature", "properties": { "Shape_Area": 120000.0, "Shape_Leng": 1600.0, "cluster_id": "101_226", "fid_1": 226.0, "id_munic": 226.0, "munic_clus": "101_226", "munic_code": 101.0, "min": 3.6421196460723877, "max": 3.6421196460723877, "mean": 3.6421197255452475, "count": 12, "std": 7.947285984855057e-08, "range": 0.0 }, "geometry": { "type": "Polygon", "coordinates": [ [ [ 726000.0, 6174300.0 ], [ 726000.0, 6174400.0 ], [ 726100.0, 6174400.0 ], [ 726200.0, 6174400.0 ], [ 726200.0, 6174300.0 ], [ 726300.0, 6174300.0 ], [ 726300.0, 6174200.0 ], [ 726400.0, 6174200.0 ], [ 726400.0, 6174100.0 ], [ 726300.0, 6174100.0 ], [ 726300.0, 6174000.0 ], [ 726200.0, 6174000.0 ], [ 726100.0, 6174000.0 ], [ 726000.0, 6174000.0 ], [ 726000.0, 6174100.0 ], [ 726000.0, 6174200.0 ], [ 726000.0, 6174300.0 ] ] ] } },
{ "type": "Feature", "properties": { "Shape_Area": 10000.0, "Shape_Leng": 400.0, "cluster_id": "101_227", "fid_1": 227.0, "id_munic": 227.0, "munic_clus": "101_227", "munic_code": 101.0, "min": 2.8742084503173828, "max": 2.8742084503173828, "mean": 2.8742084503173828, "count": 1, "std": 0.0, "range": 0.0 }, "geometry": { "type": "Polygon", "coordinates": [ [ [ 726400.0, 6173900.0 ], [ 726400.0, 6174000.0 ], [ 726500.0, 6174000.0 ], [ 726500.0, 6173900.0 ], [ 726400.0, 6173900.0 ] ] ] } },
{ "type": "Feature", "properties": { "Shape_Area": 30000.0, "Shape_Leng": 800.0, "cluster_id": "101_228", "fid_1": 228.0, "id_munic": 228.0, "munic_clus": "101_228", "munic_code": 101.0, "min": 2.8547155857086182, "max": 2.8547155857086182, "mean": 2.854715665181478, "count": 3, "std": 7.947285984855057e-08, "range": 0.0 }, "geometry": { "type": "Polygon", "coordinates": [ [ [ 721300.0, 6174100.0 ], [ 721300.0, 6174200.0 ], [ 721400.0, 6174200.0 ], [ 721500.0, 6174200.0 ], [ 721500.0, 6174100.0 ], [ 721400.0, 6174100.0 ], [ 721400.0, 6174000.0 ], [ 721300.0, 6174000.0 ], [ 721300.0, 6174100.0 ] ] ] } },
{ "type": "Feature", "properties": { "Shape_Area": 10000.0, "Shape_Leng": 400.0, "cluster_id": "101_229", "fid_1": 229.0, "id_munic": 229.0, "munic_clus": "101_229", "munic_code": 101.0, "min": 3.4395201206207275, "max": 3.4395201206207275, "mean": 3.4395201206207275, "count": 1, "std": 0.0, "range": 0.0 }, "geometry": { "type": "Polygon", "coordinates": [ [ [ 726100.0, 6173900.0 ], [ 726100.0, 6174000.0 ], [ 726200.0, 6174000.0 ], [ 726200.0, 6173900.0 ], [ 726100.0, 6173900.0 ] ] ] } },
{ "type": "Feature", "properties": { "Shape_Area": 40000.0, "Shape_Leng": 1000.0, "cluster_id": "101_230", "fid_1": 230.0, "id_munic": 230.0, "munic_clus": "101_230", "munic_code": 101.0, "min": 2.8052318096160889, "max": 2.8052318096160889, "mean": 2.8052318096160889, "count": 4, "std": 0.0, "range": 0.0 }, "geometry": { "type": "Polygon", "coordinates": [ [ [ 726300.0, 6174000.0 ], [ 726300.0, 6174100.0 ], [ 726400.0, 6174100.0 ], [ 726500.0, 6174100.0 ], [ 726500.0, 6174000.0 ], [ 726400.0, 6174000.0 ], [ 726400.0, 6173900.0 ], [ 726300.0, 6173900.0 ], [ 726200.0, 6173900.0 ], [ 726200.0, 6174000.0 ], [ 726300.0, 6174000.0 ] ] ] } },
{ "type": "Feature", "properties": { "Shape_Area": 20000.0, "Shape_Leng": 600.0, "cluster_id": "101_231", "fid_1": 231.0, "id_munic": 231.0, "munic_clus": "101_231", "munic_code": 101.0, "min": 3.9646787643432617, "max": 3.9646787643432617, "mean": 3.9646787643432617, "count": 2, "std": 0.0, "range": 0.0 }, "geometry": { "type": "Polygon", "coordinates": [ [ [ 726000.0, 6173900.0 ], [ 726000.0, 6174000.0 ], [ 726100.0, 6174000.0 ], [ 726100.0, 6173900.0 ], [ 726100.0, 6173800.0 ], [ 726000.0, 6173800.0 ], [ 726000.0, 6173900.0 ] ] ] } },
{ "type": "Feature", "properties": { "Shape_Area": 20000.0, "Shape_Leng": 600.0, "cluster_id": "101_232", "fid_1": 232.0, "id_munic": 232.0, "munic_clus": "101_232", "munic_code": 101.0, "min": 3.0591471195220947, "max": 3.0591471195220947, "mean": 3.0591471195220947, "count": 2, "std": 0.0, "range": 0.0 }, "geometry": { "type": "Polygon", "coordinates": [ [ [ 726100.0, 6173900.0 ], [ 726200.0, 6173900.0 ], [ 726300.0, 6173900.0 ], [ 726300.0, 6173800.0 ], [ 726200.0, 6173800.0 ], [ 726100.0, 6173800.0 ], [ 726100.0, 6173900.0 ] ] ] } },
{ "type": "Feature", "properties": { "Shape_Area": 20000.0, "Shape_Leng": 600.0, "cluster_id": "101_233", "fid_1": 233.0, "id_munic": 233.0, "munic_clus": "101_233", "munic_code": 101.0, "min": 3.4011995792388916, "max": 3.4011995792388916, "mean": 3.4011995792388916, "count": 2, "std": 0.0, "range": 0.0 }, "geometry": { "type": "Polygon", "coordinates": [ [ [ 726100.0, 6173600.0 ], [ 726100.0, 6173700.0 ], [ 726200.0, 6173700.0 ], [ 726200.0, 6173600.0 ], [ 726200.0, 6173500.0 ], [ 726100.0, 6173500.0 ], [ 726100.0, 6173600.0 ] ] ] } },
{ "type": "Feature", "properties": { "Shape_Area": 10000.0, "Shape_Leng": 400.0, "cluster_id": "101_234", "fid_1": 234.0, "id_munic": 234.0, "munic_clus": "101_234", "munic_code": 101.0, "min": 3.3480510711669922, "max": 3.3480510711669922, "mean": 3.3480510711669922, "count": 1, "std": 0.0, "range": 0.0 }, "geometry": { "type": "Polygon", "coordinates": [ [ [ 726100.0, 6173700.0 ], [ 726100.0, 6173800.0 ], [ 726200.0, 6173800.0 ], [ 726200.0, 6173700.0 ], [ 726100.0, 6173700.0 ] ] ] } },
{ "type": "Feature", "properties": { "Shape_Area": 10000.0, "Shape_Leng": 400.0, "cluster_id": "101_235", "fid_1": 235.0, "id_munic": 235.0, "munic_clus": "101_235", "munic_code": 101.0, "min": 3.6407866477966309, "max": 3.6407866477966309, "mean": 3.6407866477966309, "count": 1, "std": 0.0, "range": 0.0 }, "geometry": { "type": "Polygon", "coordinates": [ [ [ 726300.0, 6173800.0 ], [ 726300.0, 6173900.0 ], [ 726400.0, 6173900.0 ], [ 726400.0, 6173800.0 ], [ 726300.0, 6173800.0 ] ] ] } },
{ "type": "Feature", "properties": { "Shape_Area": 10000.0, "Shape_Leng": 400.0, "cluster_id": "101_236", "fid_1": 236.0, "id_munic": 236.0, "munic_clus": "101_236", "munic_code": 101.0, "min": 3.32305908203125, "max": 3.32305908203125, "mean": 3.32305908203125, "count": 1, "std": 0.0, "range": 0.0 }, "geometry": { "type": "Polygon", "coordinates": [ [ [ 726000.0, 6173400.0 ], [ 726000.0, 6173500.0 ], [ 726100.0, 6173500.0 ], [ 726100.0, 6173400.0 ], [ 726000.0, 6173400.0 ] ] ] } },
{ "type": "Feature", "properties": { "Shape_Area": 180000.0, "Shape_Leng": 2000.0, "cluster_id": "101_237", "fid_1": 237.0, "id_munic": 237.0, "munic_clus": "101_237", "munic_code": 101.0, "min": 3.3433859348297119, "max": 3.3433859348297119, "mean": 3.3433859083387585, "count": 18, "std": 2.6490953430879927e-08, "range": 0.0 }, "geometry": { "type": "Polygon", "coordinates": [ [ [ 725600.0, 6172300.0 ], [ 725600.0, 6172400.0 ], [ 725700.0, 6172400.0 ], [ 725700.0, 6172500.0 ], [ 725800.0, 6172500.0 ], [ 725900.0, 6172500.0 ], [ 726000.0, 6172500.0 ], [ 726000.0, 6172400.0 ], [ 726000.0, 6172300.0 ], [ 726000.0, 6172200.0 ], [ 726000.0, 6172100.0 ], [ 725900.0, 6172100.0 ], [ 725800.0, 6172100.0 ], [ 725800.0, 6172000.0 ], [ 725700.0, 6172000.0 ], [ 725600.0, 6172000.0 ], [ 725500.0, 6172000.0 ], [ 725500.0, 6172100.0 ], [ 725600.0, 6172100.0 ], [ 725600.0, 6172200.0 ], [ 725600.0, 6172300.0 ] ] ] } },
{ "type": "Feature", "properties": { "Shape_Area": 10000.0, "Shape_Leng": 400.0, "cluster_id": "101_238", "fid_1": 238.0, "id_munic": 238.0, "munic_clus": "101_238", "munic_code": 101.0, "min": 2.9713432788848877, "max": 2.9713432788848877, "mean": 2.9713432788848877, "count": 1, "std": 0.0, "range": 0.0 }, "geometry": { "type": "Polygon", "coordinates": [ [ [ 726200.0, 6174800.0 ], [ 726200.0, 6174900.0 ], [ 726300.0, 6174900.0 ], [ 726300.0, 6174800.0 ], [ 726200.0, 6174800.0 ] ] ] } },
{ "type": "Feature", "properties": { "Shape_Area": 20000.0, "Shape_Leng": 600.0, "cluster_id": "101_239", "fid_1": 239.0, "id_munic": 239.0, "munic_clus": "101_239", "munic_code": 101.0, "min": 2.7082643508911133, "max": 2.7082643508911133, "mean": 2.7082643508911133, "count": 2, "std": 0.0, "range": 0.0 }, "geometry": { "type": "Polygon", "coordinates": [ [ [ 726100.0, 6174900.0 ], [ 726100.0, 6175000.0 ], [ 726200.0, 6175000.0 ], [ 726200.0, 6174900.0 ], [ 726200.0, 6174800.0 ], [ 726100.0, 6174800.0 ], [ 726100.0, 6174900.0 ] ] ] } },
{ "type": "Feature", "properties": { "Shape_Area": 270000.0, "Shape_Leng": 2200.0, "cluster_id": "101_240", "fid_1": 240.0, "id_munic": 240.0, "munic_clus": "101_240", "munic_code": 101.0, "min": 3.0178275108337402, "max": 3.0178275108337402, "mean": 3.0178279170283564, "count": 27, "std": 4.0619461616486774e-07, "range": 0.0 }, "geometry": { "type": "Polygon", "coordinates": [ [ [ 725800.0, 6171000.0 ], [ 725800.0, 6171100.0 ], [ 725800.0, 6171200.0 ], [ 725900.0, 6171200.0 ], [ 725900.0, 6171300.0 ], [ 726000.0, 6171300.0 ], [ 726100.0, 6171300.0 ], [ 726200.0, 6171300.0 ], [ 726200.0, 6171200.0 ], [ 726200.0, 6171100.0 ], [ 726200.0, 6171000.0 ], [ 726200.0, 6170900.0 ], [ 726200.0, 6170800.0 ], [ 726200.0, 6170700.0 ], [ 726200.0, 6170600.0 ], [ 726100.0, 6170600.0 ], [ 726000.0, 6170600.0 ], [ 725900.0, 6170600.0 ], [ 725800.0, 6170600.0 ], [ 725800.0, 6170700.0 ], [ 725800.0, 6170800.0 ], [ 725800.0, 6170900.0 ], [ 725800.0, 6171000.0 ] ] ] } },
{ "type": "Feature", "properties": { "Shape_Area": 100000.0, "Shape_Leng": 1400.0, "cluster_id": "101_241", "fid_1": 241.0, "id_munic": 241.0, "munic_clus": "101_241", "munic_code": 101.0, "min": 2.9973340034484863, "max": 2.9973340034484863, "mean": 2.9973339080810546, "count": 10, "std": 9.5367431729442855e-08, "range": 0.0 }, "geometry": { "type": "Polygon", "coordinates": [ [ [ 726500.0, 6172000.0 ], [ 726400.0, 6172000.0 ], [ 726300.0, 6172000.0 ], [ 726200.0, 6172000.0 ], [ 726100.0, 6172000.0 ], [ 726000.0, 6172000.0 ], [ 726000.0, 6172100.0 ], [ 726000.0, 6172200.0 ], [ 726100.0, 6172200.0 ], [ 726200.0, 6172200.0 ], [ 726300.0, 6172200.0 ], [ 726400.0, 6172200.0 ], [ 726500.0, 6172200.0 ], [ 726500.0, 6172100.0 ], [ 726500.0, 6172000.0 ] ] ] } },
{ "type": "Feature", "properties": { "Shape_Area": 50000.0, "Shape_Leng": 1200.0, "cluster_id": "101_242", "fid_1": 242.0, "id_munic": 242.0, "munic_clus": "101_242", "munic_code": 101.0, "min": 3.2309231758117676, "max": 3.2309231758117676, "mean": 3.2309230804443358, "count": 5, "std": 9.5367431729442842e-08, "range": 0.0 }, "geometry": { "type": "Polygon", "coordinates": [ [ [ 726100.0, 6172000.0 ], [ 726200.0, 6172000.0 ], [ 726300.0, 6172000.0 ], [ 726400.0, 6172000.0 ], [ 726500.0, 6172000.0 ], [ 726500.0, 6171900.0 ], [ 726400.0, 6171900.0 ], [ 726300.0, 6171900.0 ], [ 726200.0, 6171900.0 ], [ 726100.0, 6171900.0 ], [ 726000.0, 6171900.0 ], [ 726000.0, 6172000.0 ], [ 726100.0, 6172000.0 ] ] ] } },
{ "type": "Feature", "properties": { "Shape_Area": 110000.0, "Shape_Leng": 1600.0, "cluster_id": "101_243", "fid_1": 243.0, "id_munic": 243.0, "munic_clus": "101_243", "munic_code": 101.0, "min": 3.000499963760376, "max": 3.000499963760376, "mean": 3.0005000721324575, "count": 11, "std": 1.0837208153091636e-07, "range": 0.0 }, "geometry": { "type": "Polygon", "coordinates": [ [ [ 726200.0, 6171600.0 ], [ 726100.0, 6171600.0 ], [ 726100.0, 6171700.0 ], [ 726100.0, 6171800.0 ], [ 726000.0, 6171800.0 ], [ 726000.0, 6171900.0 ], [ 726100.0, 6171900.0 ], [ 726200.0, 6171900.0 ], [ 726300.0, 6171900.0 ], [ 726400.0, 6171900.0 ], [ 726500.0, 6171900.0 ], [ 726500.0, 6171800.0 ], [ 726500.0, 6171700.0 ], [ 726400.0, 6171700.0 ], [ 726300.0, 6171700.0 ], [ 726300.0, 6171600.0 ], [ 726200.0, 6171600.0 ] ] ] } },
{ "type": "Feature", "properties": { "Shape_Area": 120000.0, "Shape_Leng": 1800.0, "cluster_id": "101_244", "fid_1": 244.0, "id_munic": 244.0, "munic_clus": "101_244", "munic_code": 101.0, "min": 3.7297573089599609, "max": 3.7297573089599609, "mean": 3.7297579447428384, "count": 12, "std": 6.3578287745613693e-07, "range": 0.0 }, "geometry": { "type": "Polygon", "coordinates": [ [ [ 725900.0, 6171500.0 ], [ 725900.0, 6171600.0 ], [ 725800.0, 6171600.0 ], [ 725800.0, 6171700.0 ], [ 725900.0, 6171700.0 ], [ 726000.0, 6171700.0 ], [ 726000.0, 6171800.0 ], [ 726100.0, 6171800.0 ], [ 726100.0, 6171700.0 ], [ 726100.0, 6171600.0 ], [ 726100.0, 6171500.0 ], [ 726100.0, 6171400.0 ], [ 726100.0, 6171300.0 ], [ 726000.0, 6171300.0 ], [ 725900.0, 6171300.0 ], [ 725800.0, 6171300.0 ], [ 725800.0, 6171400.0 ], [ 725800.0, 6171500.0 ], [ 725900.0, 6171500.0 ] ] ] } },
{ "type": "Feature", "properties": { "Shape_Area": 130000.0, "Shape_Leng": 2000.0, "cluster_id": "101_245", "fid_1": 245.0, "id_munic": 245.0, "munic_clus": "101_245", "munic_code": 101.0, "min": 2.7257583141326904, "max": 2.7257583141326904, "mean": 2.7257581857534556, "count": 13, "std": 1.2837923479835922e-07, "range": 0.0 }, "geometry": { "type": "Polygon", "coordinates": [ [ [ 722200.0, 6174800.0 ], [ 722200.0, 6174900.0 ], [ 722300.0, 6174900.0 ], [ 722300.0, 6175000.0 ], [ 722400.0, 6175000.0 ], [ 722500.0, 6175000.0 ], [ 722500.0, 6175100.0 ], [ 722600.0, 6175100.0 ], [ 722600.0, 6175000.0 ], [ 722600.0, 6174900.0 ], [ 722600.0, 6174800.0 ], [ 722500.0, 6174800.0 ], [ 722500.0, 6174700.0 ], [ 722400.0, 6174700.0 ], [ 722300.0, 6174700.0 ], [ 722200.0, 6174700.0 ], [ 722100.0, 6174700.0 ], [ 722000.0, 6174700.0 ], [ 722000.0, 6174800.0 ], [ 722100.0, 6174800.0 ], [ 722200.0, 6174800.0 ] ] ] } },
{ "type": "Feature", "properties": { "Shape_Area": 20000.0, "Shape_Leng": 600.0, "cluster_id": "101_246", "fid_1": 246.0, "id_munic": 246.0, "munic_clus": "101_246", "munic_code": 101.0, "min": 2.8853716850280762, "max": 2.8853716850280762, "mean": 2.8853716850280762, "count": 2, "std": 0.0, "range": 0.0 }, "geometry": { "type": "Polygon", "coordinates": [ [ [ 725100.0, 6174400.0 ], [ 725100.0, 6174500.0 ], [ 725200.0, 6174500.0 ], [ 725200.0, 6174400.0 ], [ 725200.0, 6174300.0 ], [ 725100.0, 6174300.0 ], [ 725100.0, 6174400.0 ] ] ] } },
{ "type": "Feature", "properties": { "Shape_Area": 10000.0, "Shape_Leng": 400.0, "cluster_id": "101_247", "fid_1": 247.0, "id_munic": 247.0, "munic_clus": "101_247", "munic_code": 101.0, "min": 2.3968682289123535, "max": 2.3968682289123535, "mean": 2.3968682289123535, "count": 1, "std": 0.0, "range": 0.0 }, "geometry": { "type": "Polygon", "coordinates": [ [ [ 724900.0, 6174600.0 ], [ 724900.0, 6174700.0 ], [ 725000.0, 6174700.0 ], [ 725000.0, 6174600.0 ], [ 724900.0, 6174600.0 ] ] ] } },
{ "type": "Feature", "properties": { "Shape_Area": 10000.0, "Shape_Leng": 400.0, "cluster_id": "101_248", "fid_1": 248.0, "id_munic": 248.0, "munic_clus": "101_248", "munic_code": 101.0, "min": 3.5761418342590332, "max": 3.5761418342590332, "mean": 3.5761418342590332, "count": 1, "std": 0.0, "range": 0.0 }, "geometry": { "type": "Polygon", "coordinates": [ [ [ 725100.0, 6174600.0 ], [ 725100.0, 6174700.0 ], [ 725200.0, 6174700.0 ], [ 725200.0, 6174600.0 ], [ 725100.0, 6174600.0 ] ] ] } },
{ "type": "Feature", "properties": { "Shape_Area": 10000.0, "Shape_Leng": 400.0, "cluster_id": "101_249", "fid_1": 249.0, "id_munic": 249.0, "munic_clus": "101_249", "munic_code": 101.0, "min": 3.2740755081176758, "max": 3.2740755081176758, "mean": 3.2740755081176758, "count": 1, "std": 0.0, "range": 0.0 }, "geometry": { "type": "Polygon", "coordinates": [ [ [ 725100.0, 6175000.0 ], [ 725100.0, 6175100.0 ], [ 725200.0, 6175100.0 ], [ 725200.0, 6175000.0 ], [ 725100.0, 6175000.0 ] ] ] } },
{ "type": "Feature", "properties": { "Shape_Area": 10000.0, "Shape_Leng": 400.0, "cluster_id": "101_250", "fid_1": 250.0, "id_munic": 250.0, "munic_clus": "101_250", "munic_code": 101.0, "min": 2.6851050853729248, "max": 2.6851050853729248, "mean": 2.6851050853729248, "count": 1, "std": 0.0, "range": 0.0 }, "geometry": { "type": "Polygon", "coordinates": [ [ [ 725200.0, 6174400.0 ], [ 725200.0, 6174500.0 ], [ 725300.0, 6174500.0 ], [ 725300.0, 6174400.0 ], [ 725200.0, 6174400.0 ] ] ] } },
{ "type": "Feature", "properties": { "Shape_Area": 30000.0, "Shape_Leng": 800.0, "cluster_id": "101_251", "fid_1": 251.0, "id_munic": 251.0, "munic_clus": "101_251", "munic_code": 101.0, "min": 2.5269908905029297, "max": 2.5269908905029297, "mean": 2.5269908905029297, "count": 3, "std": 0.0, "range": 0.0 }, "geometry": { "type": "Polygon", "coordinates": [ [ [ 725000.0, 6174600.0 ], [ 725000.0, 6174700.0 ], [ 725100.0, 6174700.0 ], [ 725100.0, 6174600.0 ], [ 725200.0, 6174600.0 ], [ 725200.0, 6174500.0 ], [ 725100.0, 6174500.0 ], [ 725000.0, 6174500.0 ], [ 725000.0, 6174600.0 ] ] ] } },
{ "type": "Feature", "properties": { "Shape_Area": 20000.0, "Shape_Leng": 600.0, "cluster_id": "101_252", "fid_1": 252.0, "id_munic": 252.0, "munic_clus": "101_252", "munic_code": 101.0, "min": 2.6374540328979492, "max": 2.6374540328979492, "mean": 2.6374540328979492, "count": 2, "std": 0.0, "range": 0.0 }, "geometry": { "type": "Polygon", "coordinates": [ [ [ 725200.0, 6174600.0 ], [ 725300.0, 6174600.0 ], [ 725400.0, 6174600.0 ], [ 725400.0, 6174500.0 ], [ 725300.0, 6174500.0 ], [ 725200.0, 6174500.0 ], [ 725200.0, 6174600.0 ] ] ] } },
{ "type": "Feature", "properties": { "Shape_Area": 20000.0, "Shape_Leng": 600.0, "cluster_id": "101_253", "fid_1": 253.0, "id_munic": 253.0, "munic_clus": "101_253", "munic_code": 101.0, "min": 3.4666779041290283, "max": 3.4666779041290283, "mean": 3.4666779041290283, "count": 2, "std": 0.0, "range": 0.0 }, "geometry": { "type": "Polygon", "coordinates": [ [ [ 718900.0, 6175100.0 ], [ 719000.0, 6175100.0 ], [ 719100.0, 6175100.0 ], [ 719100.0, 6175000.0 ], [ 719000.0, 6175000.0 ], [ 718900.0, 6175000.0 ], [ 718900.0, 6175100.0 ] ] ] } },
{ "type": "Feature", "properties": { "Shape_Area": 40000.0, "Shape_Leng": 800.0, "cluster_id": "101_254", "fid_1": 254.0, "id_munic": 254.0, "munic_clus": "101_254", "munic_code": 101.0, "min": 2.5451517105102539, "max": 2.5451517105102539, "mean": 2.5451517105102539, "count": 4, "std": 0.0, "range": 0.0 }, "geometry": { "type": "Polygon", "coordinates": [ [ [ 719500.0, 6174800.0 ], [ 719400.0, 6174800.0 ], [ 719300.0, 6174800.0 ], [ 719300.0, 6174900.0 ], [ 719300.0, 6175000.0 ], [ 719400.0, 6175000.0 ], [ 719500.0, 6175000.0 ], [ 719500.0, 6174900.0 ], [ 719500.0, 6174800.0 ] ] ] } },
{ "type": "Feature", "properties": { "Shape_Area": 20000.0, "Shape_Leng": 600.0, "cluster_id": "101_255", "fid_1": 255.0, "id_munic": 255.0, "munic_clus": "101_255", "munic_code": 101.0, "min": 2.2995672225952148, "max": 2.2995672225952148, "mean": 2.2995672225952148, "count": 2, "std": 0.0, "range": 0.0 }, "geometry": { "type": "Polygon", "coordinates": [ [ [ 719200.0, 6174800.0 ], [ 719300.0, 6174800.0 ], [ 719400.0, 6174800.0 ], [ 719400.0, 6174700.0 ], [ 719300.0, 6174700.0 ], [ 719200.0, 6174700.0 ], [ 719200.0, 6174800.0 ] ] ] } },
{ "type": "Feature", "properties": { "Shape_Area": 50000.0, "Shape_Leng": 1000.0, "cluster_id": "101_256", "fid_1": 256.0, "id_munic": 256.0, "munic_clus": "101_256", "munic_code": 101.0, "min": 2.576474666595459, "max": 2.576474666595459, "mean": 2.5764747619628907, "count": 5, "std": 9.5367431729442842e-08, "range": 0.0 }, "geometry": { "type": "Polygon", "coordinates": [ [ [ 719100.0, 6174600.0 ], [ 719100.0, 6174700.0 ], [ 719200.0, 6174700.0 ], [ 719300.0, 6174700.0 ], [ 719300.0, 6174600.0 ], [ 719300.0, 6174500.0 ], [ 719200.0, 6174500.0 ], [ 719200.0, 6174400.0 ], [ 719100.0, 6174400.0 ], [ 719100.0, 6174500.0 ], [ 719100.0, 6174600.0 ] ] ] } },
{ "type": "Feature", "properties": { "Shape_Area": 70000.0, "Shape_Leng": 1200.0, "cluster_id": "101_257", "fid_1": 257.0, "id_munic": 257.0, "munic_clus": "101_257", "munic_code": 101.0, "min": 2.4351885318756104, "max": 2.4351885318756104, "mean": 2.4351885659354076, "count": 7, "std": 3.4059797204832876e-08, "range": 0.0 }, "geometry": { "type": "Polygon", "coordinates": [ [ [ 718900.0, 6174400.0 ], [ 718900.0, 6174500.0 ], [ 718900.0, 6174600.0 ], [ 718900.0, 6174700.0 ], [ 719000.0, 6174700.0 ], [ 719100.0, 6174700.0 ], [ 719100.0, 6174600.0 ], [ 719100.0, 6174500.0 ], [ 719100.0, 6174400.0 ], [ 719100.0, 6174300.0 ], [ 719000.0, 6174300.0 ], [ 719000.0, 6174400.0 ], [ 718900.0, 6174400.0 ] ] ] } },
{ "type": "Feature", "properties": { "Shape_Area": 100000.0, "Shape_Leng": 1600.0, "cluster_id": "101_258", "fid_1": 258.0, "id_munic": 258.0, "munic_clus": "101_258", "munic_code": 101.0, "min": 3.0888035297393799, "max": 3.0888035297393799, "mean": 3.0888034820556642, "count": 10, "std": 4.7683715642676816e-08, "range": 0.0 }, "geometry": { "type": "Polygon", "coordinates": [ [ [ 719100.0, 6174300.0 ], [ 719100.0, 6174200.0 ], [ 719000.0, 6174200.0 ], [ 718900.0, 6174200.0 ], [ 718800.0, 6174200.0 ], [ 718800.0, 6174300.0 ], [ 718700.0, 6174300.0 ], [ 718700.0, 6174400.0 ], [ 718700.0, 6174500.0 ], [ 718700.0, 6174600.0 ], [ 718800.0, 6174600.0 ], [ 718900.0, 6174600.0 ], [ 718900.0, 6174500.0 ], [ 718900.0, 6174400.0 ], [ 719000.0, 6174400.0 ], [ 719000.0, 6174300.0 ], [ 719100.0, 6174300.0 ] ] ] } },
{ "type": "Feature", "properties": { "Shape_Area": 10000.0, "Shape_Leng": 400.0, "cluster_id": "101_259", "fid_1": 259.0, "id_munic": 259.0, "munic_clus": "101_259", "munic_code": 101.0, "min": 3.1371212005615234, "max": 3.1371212005615234, "mean": 3.1371212005615234, "count": 1, "std": 0.0, "range": 0.0 }, "geometry": { "type": "Polygon", "coordinates": [ [ [ 722300.0, 6177600.0 ], [ 722300.0, 6177700.0 ], [ 722400.0, 6177700.0 ], [ 722400.0, 6177600.0 ], [ 722300.0, 6177600.0 ] ] ] } },
{ "type": "Feature", "properties": { "Shape_Area": 20000.0, "Shape_Leng": 600.0, "cluster_id": "101_260", "fid_1": 260.0, "id_munic": 260.0, "munic_clus": "101_260", "munic_code": 101.0, "min": 3.867210865020752, "max": 3.867210865020752, "mean": 3.867210865020752, "count": 2, "std": 0.0, "range": 0.0 }, "geometry": { "type": "Polygon", "coordinates": [ [ [ 722200.0, 6177800.0 ], [ 722200.0, 6177900.0 ], [ 722300.0, 6177900.0 ], [ 722300.0, 6177800.0 ], [ 722300.0, 6177700.0 ], [ 722200.0, 6177700.0 ], [ 722200.0, 6177800.0 ] ] ] } },
{ "type": "Feature", "properties": { "Shape_Area": 30000.0, "Shape_Leng": 800.0, "cluster_id": "101_261", "fid_1": 261.0, "id_munic": 261.0, "munic_clus": "101_261", "munic_code": 101.0, "min": 3.8772079944610596, "max": 3.8772079944610596, "mean": 3.8772080739339194, "count": 3, "std": 7.947285984855057e-08, "range": 0.0 }, "geometry": { "type": "Polygon", "coordinates": [ [ [ 722300.0, 6177800.0 ], [ 722300.0, 6177900.0 ], [ 722300.0, 6178000.0 ], [ 722400.0, 6178000.0 ], [ 722400.0, 6177900.0 ], [ 722400.0, 6177800.0 ], [ 722400.0, 6177700.0 ], [ 722300.0, 6177700.0 ], [ 722300.0, 6177800.0 ] ] ] } },
{ "type": "Feature", "properties": { "Shape_Area": 50000.0, "Shape_Leng": 1000.0, "cluster_id": "101_262", "fid_1": 262.0, "id_munic": 262.0, "munic_clus": "101_262", "munic_code": 101.0, "min": 2.8745417594909668, "max": 2.8745417594909668, "mean": 2.8745418548583985, "count": 5, "std": 9.5367431729442842e-08, "range": 0.0 }, "geometry": { "type": "Polygon", "coordinates": [ [ [ 719200.0, 6174700.0 ], [ 719100.0, 6174700.0 ], [ 719000.0, 6174700.0 ], [ 719000.0, 6174800.0 ], [ 719000.0, 6174900.0 ], [ 719100.0, 6174900.0 ], [ 719200.0, 6174900.0 ], [ 719300.0, 6174900.0 ], [ 719300.0, 6174800.0 ], [ 719200.0, 6174800.0 ], [ 719200.0, 6174700.0 ] ] ] } },
{ "type": "Feature", "properties": { "Shape_Area": 140000.0, "Shape_Leng": 1800.0, "cluster_id": "101_263", "fid_1": 263.0, "id_munic": 263.0, "munic_clus": "101_263", "munic_code": 101.0, "min": 2.7837393283843994, "max": 2.7837393283843994, "mean": 2.7837396349225725, "count": 14, "std": 3.0653817306713904e-07, "range": 0.0 }, "geometry": { "type": "Polygon", "coordinates": [ [ [ 718700.0, 6174900.0 ], [ 718700.0, 6175000.0 ], [ 718700.0, 6175100.0 ], [ 718800.0, 6175100.0 ], [ 718900.0, 6175100.0 ], [ 718900.0, 6175000.0 ], [ 719000.0, 6175000.0 ], [ 719100.0, 6175000.0 ], [ 719100.0, 6174900.0 ], [ 719000.0, 6174900.0 ], [ 719000.0, 6174800.0 ], [ 719000.0, 6174700.0 ], [ 718900.0, 6174700.0 ], [ 718900.0, 6174600.0 ], [ 718800.0, 6174600.0 ], [ 718700.0, 6174600.0 ], [ 718700.0, 6174700.0 ], [ 718700.0, 6174800.0 ], [ 718700.0, 6174900.0 ] ] ] } },
{ "type": "Feature", "properties": { "Shape_Area": 10000.0, "Shape_Leng": 400.0, "cluster_id": "101_264", "fid_1": 264.0, "id_munic": 264.0, "munic_clus": "101_264", "munic_code": 101.0, "min": 2.962679386138916, "max": 2.962679386138916, "mean": 2.962679386138916, "count": 1, "std": 0.0, "range": 0.0 }, "geometry": { "type": "Polygon", "coordinates": [ [ [ 725800.0, 6175300.0 ], [ 725800.0, 6175400.0 ], [ 725900.0, 6175400.0 ], [ 725900.0, 6175300.0 ], [ 725800.0, 6175300.0 ] ] ] } },
{ "type": "Feature", "properties": { "Shape_Area": 10000.0, "Shape_Leng": 400.0, "cluster_id": "101_265", "fid_1": 265.0, "id_munic": 265.0, "munic_clus": "101_265", "munic_code": 101.0, "min": 2.911696195602417, "max": 2.911696195602417, "mean": 2.911696195602417, "count": 1, "std": 0.0, "range": 0.0 }, "geometry": { "type": "Polygon", "coordinates": [ [ [ 725700.0, 6175200.0 ], [ 725700.0, 6175300.0 ], [ 725800.0, 6175300.0 ], [ 725800.0, 6175200.0 ], [ 725700.0, 6175200.0 ] ] ] } },
{ "type": "Feature", "properties": { "Shape_Area": 10000.0, "Shape_Leng": 400.0, "cluster_id": "101_266", "fid_1": 266.0, "id_munic": 266.0, "munic_clus": "101_266", "munic_code": 101.0, "min": 2.1142957210540771, "max": 2.1142957210540771, "mean": 2.1142957210540771, "count": 1, "std": 0.0, "range": 0.0 }, "geometry": { "type": "Polygon", "coordinates": [ [ [ 725900.0, 6175300.0 ], [ 725900.0, 6175400.0 ], [ 726000.0, 6175400.0 ], [ 726000.0, 6175300.0 ], [ 725900.0, 6175300.0 ] ] ] } },
{ "type": "Feature", "properties": { "Shape_Area": 130000.0, "Shape_Leng": 1800.0, "cluster_id": "101_267", "fid_1": 267.0, "id_munic": 267.0, "munic_clus": "101_267", "munic_code": 101.0, "min": 2.8543822765350342, "max": 2.8543822765350342, "mean": 2.8543821481557994, "count": 13, "std": 1.2837923479835922e-07, "range": 0.0 }, "geometry": { "type": "Polygon", "coordinates": [ [ [ 725700.0, 6175100.0 ], [ 725700.0, 6175200.0 ], [ 725800.0, 6175200.0 ], [ 725800.0, 6175300.0 ], [ 725900.0, 6175300.0 ], [ 726000.0, 6175300.0 ], [ 726100.0, 6175300.0 ], [ 726100.0, 6175200.0 ], [ 726100.0, 6175100.0 ], [ 726200.0, 6175100.0 ], [ 726200.0, 6175000.0 ], [ 726100.0, 6175000.0 ], [ 726000.0, 6175000.0 ], [ 725900.0, 6175000.0 ], [ 725900.0, 6174900.0 ], [ 725800.0, 6174900.0 ], [ 725800.0, 6175000.0 ], [ 725700.0, 6175000.0 ], [ 725700.0, 6175100.0 ] ] ] } },
{ "type": "Feature", "properties": { "Shape_Area": 10000.0, "Shape_Leng": 400.0, "cluster_id": "101_268", "fid_1": 268.0, "id_munic": 268.0, "munic_clus": "101_268", "munic_code": 101.0, "min": 2.7434191703796387, "max": 2.7434191703796387, "mean": 2.7434191703796387, "count": 1, "std": 0.0, "range": 0.0 }, "geometry": { "type": "Polygon", "coordinates": [ [ [ 725700.0, 6175300.0 ], [ 725700.0, 6175400.0 ], [ 725800.0, 6175400.0 ], [ 725800.0, 6175300.0 ], [ 725700.0, 6175300.0 ] ] ] } },
{ "type": "Feature", "properties": { "Shape_Area": 10000.0, "Shape_Leng": 400.0, "cluster_id": "101_269", "fid_1": 269.0, "id_munic": 269.0, "munic_clus": "101_269", "munic_code": 101.0, "min": 3.393202543258667, "max": 3.393202543258667, "mean": 3.393202543258667, "count": 1, "std": 0.0, "range": 0.0 }, "geometry": { "type": "Polygon", "coordinates": [ [ [ 726300.0, 6174700.0 ], [ 726300.0, 6174800.0 ], [ 726400.0, 6174800.0 ], [ 726400.0, 6174700.0 ], [ 726300.0, 6174700.0 ] ] ] } },
{ "type": "Feature", "properties": { "Shape_Area": 10000.0, "Shape_Leng": 400.0, "cluster_id": "101_270", "fid_1": 270.0, "id_munic": 270.0, "munic_clus": "101_270", "munic_code": 101.0, "min": 2.6786069869995117, "max": 2.6786069869995117, "mean": 2.6786069869995117, "count": 1, "std": 0.0, "range": 0.0 }, "geometry": { "type": "Polygon", "coordinates": [ [ [ 726500.0, 6174800.0 ], [ 726500.0, 6174900.0 ], [ 726600.0, 6174900.0 ], [ 726600.0, 6174800.0 ], [ 726500.0, 6174800.0 ] ] ] } },
{ "type": "Feature", "properties": { "Shape_Area": 30000.0, "Shape_Leng": 800.0, "cluster_id": "101_271", "fid_1": 271.0, "id_munic": 271.0, "munic_clus": "101_271", "munic_code": 101.0, "min": 3.2397534847259521, "max": 3.2397534847259521, "mean": 3.2397534052530923, "count": 3, "std": 7.947285984855057e-08, "range": 0.0 }, "geometry": { "type": "Polygon", "coordinates": [ [ [ 726300.0, 6175100.0 ], [ 726400.0, 6175100.0 ], [ 726500.0, 6175100.0 ], [ 726600.0, 6175100.0 ], [ 726600.0, 6175000.0 ], [ 726500.0, 6175000.0 ], [ 726400.0, 6175000.0 ], [ 726300.0, 6175000.0 ], [ 726300.0, 6175100.0 ] ] ] } },
{ "type": "Feature", "properties": { "Shape_Area": 10000.0, "Shape_Leng": 400.0, "cluster_id": "101_272", "fid_1": 272.0, "id_munic": 272.0, "munic_clus": "101_272", "munic_code": 101.0, "min": 3.387537956237793, "max": 3.387537956237793, "mean": 3.387537956237793, "count": 1, "std": 0.0, "range": 0.0 }, "geometry": { "type": "Polygon", "coordinates": [ [ [ 726200.0, 6175000.0 ], [ 726200.0, 6175100.0 ], [ 726300.0, 6175100.0 ], [ 726300.0, 6175000.0 ], [ 726200.0, 6175000.0 ] ] ] } },
{ "type": "Feature", "properties": { "Shape_Area": 20000.0, "Shape_Leng": 600.0, "cluster_id": "101_273", "fid_1": 273.0, "id_munic": 273.0, "munic_clus": "101_273", "munic_code": 101.0, "min": 2.8177275657653809, "max": 2.8177275657653809, "mean": 2.8177275657653809, "count": 2, "std": 0.0, "range": 0.0 }, "geometry": { "type": "Polygon", "coordinates": [ [ [ 726200.0, 6175000.0 ], [ 726300.0, 6175000.0 ], [ 726400.0, 6175000.0 ], [ 726400.0, 6174900.0 ], [ 726300.0, 6174900.0 ], [ 726200.0, 6174900.0 ], [ 726200.0, 6175000.0 ] ] ] } },
{ "type": "Feature", "properties": { "Shape_Area": 10000.0, "Shape_Leng": 400.0, "cluster_id": "101_274", "fid_1": 274.0, "id_munic": 274.0, "munic_clus": "101_274", "munic_code": 101.0, "min": 3.8422195911407471, "max": 3.8422195911407471, "mean": 3.8422195911407471, "count": 1, "std": 0.0, "range": 0.0 }, "geometry": { "type": "Polygon", "coordinates": [ [ [ 726300.0, 6174800.0 ], [ 726300.0, 6174900.0 ], [ 726400.0, 6174900.0 ], [ 726400.0, 6174800.0 ], [ 726300.0, 6174800.0 ] ] ] } },
{ "type": "Feature", "properties": { "Shape_Area": 10000.0, "Shape_Leng": 400.0, "cluster_id": "101_275", "fid_1": 275.0, "id_munic": 275.0, "munic_clus": "101_275", "munic_code": 101.0, "min": 3.817394495010376, "max": 3.817394495010376, "mean": 3.817394495010376, "count": 1, "std": 0.0, "range": 0.0 }, "geometry": { "type": "Polygon", "coordinates": [ [ [ 726400.0, 6174900.0 ], [ 726400.0, 6175000.0 ], [ 726500.0, 6175000.0 ], [ 726500.0, 6174900.0 ], [ 726400.0, 6174900.0 ] ] ] } },
{ "type": "Feature", "properties": { "Shape_Area": 30000.0, "Shape_Leng": 800.0, "cluster_id": "101_276", "fid_1": 276.0, "id_munic": 276.0, "munic_clus": "101_276", "munic_code": 101.0, "min": 3.2464179992675781, "max": 3.2464179992675781, "mean": 3.2464179992675781, "count": 3, "std": 0.0, "range": 0.0 }, "geometry": { "type": "Polygon", "coordinates": [ [ [ 719100.0, 6175800.0 ], [ 719200.0, 6175800.0 ], [ 719200.0, 6175900.0 ], [ 719300.0, 6175900.0 ], [ 719300.0, 6175800.0 ], [ 719300.0, 6175700.0 ], [ 719200.0, 6175700.0 ], [ 719100.0, 6175700.0 ], [ 719100.0, 6175800.0 ] ] ] } },
{ "type": "Feature", "properties": { "Shape_Area": 10000.0, "Shape_Leng": 400.0, "cluster_id": "101_277", "fid_1": 277.0, "id_munic": 277.0, "munic_clus": "101_277", "munic_code": 101.0, "min": 3.0603134632110596, "max": 3.0603134632110596, "mean": 3.0603134632110596, "count": 1, "std": 0.0, "range": 0.0 }, "geometry": { "type": "Polygon", "coordinates": [ [ [ 727100.0, 6174800.0 ], [ 727100.0, 6174900.0 ], [ 727200.0, 6174900.0 ], [ 727200.0, 6174800.0 ], [ 727100.0, 6174800.0 ] ] ] } },
{ "type": "Feature", "properties": { "Shape_Area": 10000.0, "Shape_Leng": 400.0, "cluster_id": "101_278", "fid_1": 278.0, "id_munic": 278.0, "munic_clus": "101_278", "munic_code": 101.0, "min": 3.2999005317687988, "max": 3.2999005317687988, "mean": 3.2999005317687988, "count": 1, "std": 0.0, "range": 0.0 }, "geometry": { "type": "Polygon", "coordinates": [ [ [ 726400.0, 6174800.0 ], [ 726400.0, 6174900.0 ], [ 726500.0, 6174900.0 ], [ 726500.0, 6174800.0 ], [ 726400.0, 6174800.0 ] ] ] } },
{ "type": "Feature", "properties": { "Shape_Area": 10000.0, "Shape_Leng": 400.0, "cluster_id": "101_279", "fid_1": 279.0, "id_munic": 279.0, "munic_clus": "101_279", "munic_code": 101.0, "min": 2.4176943302154541, "max": 2.4176943302154541, "mean": 2.4176943302154541, "count": 1, "std": 0.0, "range": 0.0 }, "geometry": { "type": "Polygon", "coordinates": [ [ [ 726500.0, 6174900.0 ], [ 726500.0, 6175000.0 ], [ 726600.0, 6175000.0 ], [ 726600.0, 6174900.0 ], [ 726500.0, 6174900.0 ] ] ] } },
{ "type": "Feature", "properties": { "Shape_Area": 10000.0, "Shape_Leng": 400.0, "cluster_id": "101_280", "fid_1": 280.0, "id_munic": 280.0, "munic_clus": "101_280", "munic_code": 101.0, "min": 3.5984673500061035, "max": 3.5984673500061035, "mean": 3.5984673500061035, "count": 1, "std": 0.0, "range": 0.0 }, "geometry": { "type": "Polygon", "coordinates": [ [ [ 726800.0, 6174700.0 ], [ 726800.0, 6174800.0 ], [ 726900.0, 6174800.0 ], [ 726900.0, 6174700.0 ], [ 726800.0, 6174700.0 ] ] ] } },
{ "type": "Feature", "properties": { "Shape_Area": 10000.0, "Shape_Leng": 400.0, "cluster_id": "101_281", "fid_1": 281.0, "id_munic": 281.0, "munic_clus": "101_281", "munic_code": 101.0, "min": 3.0666449069976807, "max": 3.0666449069976807, "mean": 3.0666449069976807, "count": 1, "std": 0.0, "range": 0.0 }, "geometry": { "type": "Polygon", "coordinates": [ [ [ 726600.0, 6174600.0 ], [ 726600.0, 6174700.0 ], [ 726700.0, 6174700.0 ], [ 726700.0, 6174600.0 ], [ 726600.0, 6174600.0 ] ] ] } },
{ "type": "Feature", "properties": { "Shape_Area": 10000.0, "Shape_Leng": 400.0, "cluster_id": "101_282", "fid_1": 282.0, "id_munic": 282.0, "munic_clus": "101_282", "munic_code": 101.0, "min": 3.6641123294830322, "max": 3.6641123294830322, "mean": 3.6641123294830322, "count": 1, "std": 0.0, "range": 0.0 }, "geometry": { "type": "Polygon", "coordinates": [ [ [ 726700.0, 6174700.0 ], [ 726700.0, 6174800.0 ], [ 726800.0, 6174800.0 ], [ 726800.0, 6174700.0 ], [ 726700.0, 6174700.0 ] ] ] } },
{ "type": "Feature", "properties": { "Shape_Area": 30000.0, "Shape_Leng": 800.0, "cluster_id": "101_283", "fid_1": 283.0, "id_munic": 283.0, "munic_clus": "101_283", "munic_code": 101.0, "min": 3.1636126041412354, "max": 3.1636126041412354, "mean": 3.1636126836140952, "count": 3, "std": 7.947285984855057e-08, "range": 0.0 }, "geometry": { "type": "Polygon", "coordinates": [ [ [ 726600.0, 6174800.0 ], [ 726600.0, 6174900.0 ], [ 726700.0, 6174900.0 ], [ 726800.0, 6174900.0 ], [ 726800.0, 6174800.0 ], [ 726700.0, 6174800.0 ], [ 726700.0, 6174700.0 ], [ 726600.0, 6174700.0 ], [ 726600.0, 6174800.0 ] ] ] } },
{ "type": "Feature", "properties": { "Shape_Area": 40000.0, "Shape_Leng": 800.0, "cluster_id": "101_284", "fid_1": 284.0, "id_munic": 284.0, "munic_clus": "101_284", "munic_code": 101.0, "min": 2.9530160427093506, "max": 2.9530160427093506, "mean": 2.9530160427093506, "count": 4, "std": 0.0, "range": 0.0 }, "geometry": { "type": "Polygon", "coordinates": [ [ [ 726600.0, 6174600.0 ], [ 726500.0, 6174600.0 ], [ 726400.0, 6174600.0 ], [ 726400.0, 6174700.0 ], [ 726400.0, 6174800.0 ], [ 726500.0, 6174800.0 ], [ 726600.0, 6174800.0 ], [ 726600.0, 6174700.0 ], [ 726600.0, 6174600.0 ] ] ] } },
{ "type": "Feature", "properties": { "Shape_Area": 220000.0, "Shape_Leng": 2200.0, "cluster_id": "101_285", "fid_1": 285.0, "id_munic": 285.0, "munic_clus": "101_285", "munic_code": 101.0, "min": 3.1567811965942383, "max": 3.1567811965942383, "mean": 3.1567812832919033, "count": 22, "std": 8.6697665047097416e-08, "range": 0.0 }, "geometry": { "type": "Polygon", "coordinates": [ [ [ 725800.0, 6174500.0 ], [ 725700.0, 6174500.0 ], [ 725600.0, 6174500.0 ], [ 725500.0, 6174500.0 ], [ 725500.0, 6174600.0 ], [ 725500.0, 6174700.0 ], [ 725600.0, 6174700.0 ], [ 725600.0, 6174800.0 ], [ 725600.0, 6174900.0 ], [ 725700.0, 6174900.0 ], [ 725800.0, 6174900.0 ], [ 725900.0, 6174900.0 ], [ 726000.0, 6174900.0 ], [ 726000.0, 6174800.0 ], [ 726100.0, 6174800.0 ], [ 726100.0, 6174700.0 ], [ 726100.0, 6174600.0 ], [ 726100.0, 6174500.0 ], [ 726000.0, 6174500.0 ], [ 726000.0, 6174400.0 ], [ 725900.0, 6174400.0 ], [ 725900.0, 6174500.0 ], [ 725800.0, 6174500.0 ] ] ] } },
{ "type": "Feature", "properties": { "Shape_Area": 10000.0, "Shape_Leng": 400.0, "cluster_id": "101_286", "fid_1": 286.0, "id_munic": 286.0, "munic_clus": "101_286", "munic_code": 101.0, "min": 3.3452184200286865, "max": 3.3452184200286865, "mean": 3.3452184200286865, "count": 1, "std": 0.0, "range": 0.0 }, "geometry": { "type": "Polygon", "coordinates": [ [ [ 727300.0, 6172500.0 ], [ 727300.0, 6172600.0 ], [ 727400.0, 6172600.0 ], [ 727400.0, 6172500.0 ], [ 727300.0, 6172500.0 ] ] ] } },
{ "type": "Feature", "properties": { "Shape_Area": 20000.0, "Shape_Leng": 600.0, "cluster_id": "101_287", "fid_1": 287.0, "id_munic": 287.0, "munic_clus": "101_287", "munic_code": 101.0, "min": 3.6901037693023682, "max": 3.6901037693023682, "mean": 3.6901037693023682, "count": 2, "std": 0.0, "range": 0.0 }, "geometry": { "type": "Polygon", "coordinates": [ [ [ 727300.0, 6172400.0 ], [ 727400.0, 6172400.0 ], [ 727500.0, 6172400.0 ], [ 727500.0, 6172300.0 ], [ 727400.0, 6172300.0 ], [ 727300.0, 6172300.0 ], [ 727300.0, 6172400.0 ] ] ] } },
{ "type": "Feature", "properties": { "Shape_Area": 20000.0, "Shape_Leng": 600.0, "cluster_id": "101_288", "fid_1": 288.0, "id_munic": 288.0, "munic_clus": "101_288", "munic_code": 101.0, "min": 2.9555151462554932, "max": 2.9555151462554932, "mean": 2.9555151462554932, "count": 2, "std": 0.0, "range": 0.0 }, "geometry": { "type": "Polygon", "coordinates": [ [ [ 727300.0, 6172500.0 ], [ 727400.0, 6172500.0 ], [ 727500.0, 6172500.0 ], [ 727500.0, 6172400.0 ], [ 727400.0, 6172400.0 ], [ 727300.0, 6172400.0 ], [ 727300.0, 6172500.0 ] ] ] } },
{ "type": "Feature", "properties": { "Shape_Area": 40000.0, "Shape_Leng": 1000.0, "cluster_id": "101_289", "fid_1": 289.0, "id_munic": 289.0, "munic_clus": "101_289", "munic_code": 101.0, "min": 3.1477844715118408, "max": 3.1477844715118408, "mean": 3.1477844715118408, "count": 4, "std": 0.0, "range": 0.0 }, "geometry": { "type": "Polygon", "coordinates": [ [ [ 727200.0, 6172500.0 ], [ 727100.0, 6172500.0 ], [ 727100.0, 6172600.0 ], [ 727200.0, 6172600.0 ], [ 727300.0, 6172600.0 ], [ 727300.0, 6172500.0 ], [ 727300.0, 6172400.0 ], [ 727300.0, 6172300.0 ], [ 727200.0, 6172300.0 ], [ 727200.0, 6172400.0 ], [ 727200.0, 6172500.0 ] ] ] } },
{ "type": "Feature", "properties": { "Shape_Area": 80000.0, "Shape_Leng": 1200.0, "cluster_id": "101_290", "fid_1": 290.0, "id_munic": 290.0, "munic_clus": "101_290", "munic_code": 101.0, "min": 2.7589137554168701, "max": 2.7589137554168701, "mean": 2.7589137554168701, "count": 8, "std": 0.0, "range": 0.0 }, "geometry": { "type": "Polygon", "coordinates": [ [ [ 727200.0, 6172300.0 ], [ 727100.0, 6172300.0 ], [ 727000.0, 6172300.0 ], [ 726900.0, 6172300.0 ], [ 726900.0, 6172400.0 ], [ 726900.0, 6172500.0 ], [ 726900.0, 6172600.0 ], [ 727000.0, 6172600.0 ], [ 727100.0, 6172600.0 ], [ 727100.0, 6172500.0 ], [ 727200.0, 6172500.0 ], [ 727200.0, 6172400.0 ], [ 727200.0, 6172300.0 ] ] ] } },
{ "type": "Feature", "properties": { "Shape_Area": 50000.0, "Shape_Leng": 1000.0, "cluster_id": "101_291", "fid_1": 291.0, "id_munic": 291.0, "munic_clus": "101_291", "munic_code": 101.0, "min": 3.4413533210754395, "max": 3.4413533210754395, "mean": 3.4413532257080077, "count": 5, "std": 9.5367431729442842e-08, "range": 0.0 }, "geometry": { "type": "Polygon", "coordinates": [ [ [ 719300.0, 6175900.0 ], [ 719200.0, 6175900.0 ], [ 719200.0, 6176000.0 ], [ 719100.0, 6176000.0 ], [ 719100.0, 6176100.0 ], [ 719100.0, 6176200.0 ], [ 719200.0, 6176200.0 ], [ 719300.0, 6176200.0 ], [ 719300.0, 6176100.0 ], [ 719300.0, 6176000.0 ], [ 719300.0, 6175900.0 ] ] ] } },
{ "type": "Feature", "properties": { "Shape_Area": 20000.0, "Shape_Leng": 600.0, "cluster_id": "101_292", "fid_1": 292.0, "id_munic": 292.0, "munic_clus": "101_292", "munic_code": 101.0, "min": 3.1169612407684326, "max": 3.1169612407684326, "mean": 3.1169612407684326, "count": 2, "std": 0.0, "range": 0.0 }, "geometry": { "type": "Polygon", "coordinates": [ [ [ 728600.0, 6172700.0 ], [ 728700.0, 6172700.0 ], [ 728800.0, 6172700.0 ], [ 728800.0, 6172600.0 ], [ 728700.0, 6172600.0 ], [ 728600.0, 6172600.0 ], [ 728600.0, 6172700.0 ] ] ] } },
{ "type": "Feature", "properties": { "Shape_Area": 70000.0, "Shape_Leng": 1200.0, "cluster_id": "101_293", "fid_1": 293.0, "id_munic": 293.0, "munic_clus": "101_293", "munic_code": 101.0, "min": 2.8533828258514404, "max": 2.8533828258514404, "mean": 2.8533826555524553, "count": 7, "std": 1.7029898513598596e-07, "range": 0.0 }, "geometry": { "type": "Polygon", "coordinates": [ [ [ 728400.0, 6173000.0 ], [ 728300.0, 6173000.0 ], [ 728200.0, 6173000.0 ], [ 728200.0, 6173100.0 ], [ 728100.0, 6173100.0 ], [ 728100.0, 6173200.0 ], [ 728200.0, 6173200.0 ], [ 728200.0, 6173300.0 ], [ 728300.0, 6173300.0 ], [ 728400.0, 6173300.0 ], [ 728400.0, 6173200.0 ], [ 728400.0, 6173100.0 ], [ 728400.0, 6173000.0 ] ] ] } },
{ "type": "Feature", "properties": { "Shape_Area": 90000.0, "Shape_Leng": 1600.0, "cluster_id": "101_294", "fid_1": 294.0, "id_munic": 294.0, "munic_clus": "101_294", "munic_code": 101.0, "min": 2.6042985916137695, "max": 2.6042985916137695, "mean": 2.6042984856499567, "count": 9, "std": 1.0596381283534129e-07, "range": 0.0 }, "geometry": { "type": "Polygon", "coordinates": [ [ [ 728100.0, 6173200.0 ], [ 728100.0, 6173300.0 ], [ 728000.0, 6173300.0 ], [ 728000.0, 6173400.0 ], [ 728100.0, 6173400.0 ], [ 728200.0, 6173400.0 ], [ 728200.0, 6173500.0 ], [ 728300.0, 6173500.0 ], [ 728400.0, 6173500.0 ], [ 728500.0, 6173500.0 ], [ 728500.0, 6173400.0 ], [ 728500.0, 6173300.0 ], [ 728400.0, 6173300.0 ], [ 728300.0, 6173300.0 ], [ 728200.0, 6173300.0 ], [ 728200.0, 6173200.0 ], [ 728100.0, 6173200.0 ] ] ] } },
{ "type": "Feature", "properties": { "Shape_Area": 70000.0, "Shape_Leng": 1200.0, "cluster_id": "101_295", "fid_1": 295.0, "id_munic": 295.0, "munic_clus": "101_295", "munic_code": 101.0, "min": 2.8837056159973145, "max": 2.8837056159973145, "mean": 2.8837056841169084, "count": 7, "std": 6.8119593965576541e-08, "range": 0.0 }, "geometry": { "type": "Polygon", "coordinates": [ [ [ 728500.0, 6172800.0 ], [ 728400.0, 6172800.0 ], [ 728300.0, 6172800.0 ], [ 728200.0, 6172800.0 ], [ 728200.0, 6172900.0 ], [ 728200.0, 6173000.0 ], [ 728300.0, 6173000.0 ], [ 728400.0, 6173000.0 ], [ 728400.0, 6173100.0 ], [ 728500.0, 6173100.0 ], [ 728500.0, 6173000.0 ], [ 728500.0, 6172900.0 ], [ 728500.0, 6172800.0 ] ] ] } },
{ "type": "Feature", "properties": { "Shape_Area": 50000.0, "Shape_Leng": 1000.0, "cluster_id": "101_296", "fid_1": 296.0, "id_munic": 296.0, "munic_clus": "101_296", "munic_code": 101.0, "min": 3.3392207622528076, "max": 3.3392207622528076, "mean": 3.3392208099365233, "count": 5, "std": 4.7683715642676816e-08, "range": 0.0 }, "geometry": { "type": "Polygon", "coordinates": [ [ [ 728400.0, 6173500.0 ], [ 728300.0, 6173500.0 ], [ 728200.0, 6173500.0 ], [ 728200.0, 6173600.0 ], [ 728200.0, 6173700.0 ], [ 728200.0, 6173800.0 ], [ 728300.0, 6173800.0 ], [ 728300.0, 6173700.0 ], [ 728400.0, 6173700.0 ], [ 728400.0, 6173600.0 ], [ 728400.0, 6173500.0 ] ] ] } },
{ "type": "Feature", "properties": { "Shape_Area": 30000.0, "Shape_Leng": 800.0, "cluster_id": "101_297", "fid_1": 297.0, "id_munic": 297.0, "munic_clus": "101_297", "munic_code": 101.0, "min": 3.1011331081390381, "max": 3.1011331081390381, "mean": 3.1011330286661782, "count": 3, "std": 7.947285984855057e-08, "range": 0.0 }, "geometry": { "type": "Polygon", "coordinates": [ [ [ 728600.0, 6172800.0 ], [ 728500.0, 6172800.0 ], [ 728500.0, 6172900.0 ], [ 728600.0, 6172900.0 ], [ 728700.0, 6172900.0 ], [ 728700.0, 6172800.0 ], [ 728700.0, 6172700.0 ], [ 728600.0, 6172700.0 ], [ 728600.0, 6172800.0 ] ] ] } },
{ "type": "Feature", "properties": { "Shape_Area": 60000.0, "Shape_Leng": 1000.0, "cluster_id": "101_298", "fid_1": 298.0, "id_munic": 298.0, "munic_clus": "101_298", "munic_code": 101.0, "min": 3.4306905269622803, "max": 3.4306905269622803, "mean": 3.4306904474894204, "count": 6, "std": 7.947285984855057e-08, "range": 0.0 }, "geometry": { "type": "Polygon", "coordinates": [ [ [ 728900.0, 6173400.0 ], [ 728800.0, 6173400.0 ], [ 728700.0, 6173400.0 ], [ 728600.0, 6173400.0 ], [ 728600.0, 6173500.0 ], [ 728600.0, 6173600.0 ], [ 728700.0, 6173600.0 ], [ 728800.0, 6173600.0 ], [ 728900.0, 6173600.0 ], [ 728900.0, 6173500.0 ], [ 728900.0, 6173400.0 ] ] ] } },
{ "type": "Feature", "properties": { "Shape_Area": 40000.0, "Shape_Leng": 800.0, "cluster_id": "101_299", "fid_1": 299.0, "id_munic": 299.0, "munic_clus": "101_299", "munic_code": 101.0, "min": 3.1661114692687988, "max": 3.1661114692687988, "mean": 3.1661114692687988, "count": 4, "std": 0.0, "range": 0.0 }, "geometry": { "type": "Polygon", "coordinates": [ [ [ 719600.0, 6176100.0 ], [ 719500.0, 6176100.0 ], [ 719400.0, 6176100.0 ], [ 719400.0, 6176200.0 ], [ 719400.0, 6176300.0 ], [ 719500.0, 6176300.0 ], [ 719600.0, 6176300.0 ], [ 719600.0, 6176200.0 ], [ 719600.0, 6176100.0 ] ] ] } },
{ "type": "Feature", "properties": { "Shape_Area": 230000.0, "Shape_Leng": 3000.0, "cluster_id": "101_300", "fid_1": 300.0, "id_munic": 300.0, "munic_clus": "101_300", "munic_code": 101.0, "min": 2.5328226089477539, "max": 2.5328226089477539, "mean": 2.5328226504118545, "count": 23, "std": 4.1464100597465858e-08, "range": 0.0 }, "geometry": { "type": "Polygon", "coordinates": [ [ [ 728800.0, 6173200.0 ], [ 728800.0, 6173300.0 ], [ 728800.0, 6173400.0 ], [ 728900.0, 6173400.0 ], [ 728900.0, 6173500.0 ], [ 728900.0, 6173600.0 ], [ 728800.0, 6173600.0 ], [ 728700.0, 6173600.0 ], [ 728700.0, 6173700.0 ], [ 728700.0, 6173800.0 ], [ 728600.0, 6173800.0 ], [ 728600.0, 6173900.0 ], [ 728700.0, 6173900.0 ], [ 728800.0, 6173900.0 ], [ 728800.0, 6174000.0 ], [ 728900.0, 6174000.0 ], [ 728900.0, 6173900.0 ], [ 729000.0, 6173900.0 ], [ 729000.0, 6173800.0 ], [ 729000.0, 6173700.0 ], [ 729100.0, 6173700.0 ], [ 729100.0, 6173600.0 ], [ 729100.0, 6173500.0 ], [ 729100.0, 6173400.0 ], [ 729200.0, 6173400.0 ], [ 729200.0, 6173300.0 ], [ 729100.0, 6173300.0 ], [ 729100.0, 6173200.0 ], [ 729000.0, 6173200.0 ], [ 728900.0, 6173200.0 ], [ 728800.0, 6173200.0 ] ] ] } },
{ "type": "Feature", "properties": { "Shape_Area": 100000.0, "Shape_Leng": 1600.0, "cluster_id": "101_301", "fid_1": 301.0, "id_munic": 301.0, "munic_clus": "101_301", "munic_code": 101.0, "min": 2.5358214378356934, "max": 2.5358214378356934, "mean": 2.5358215332031251, "count": 10, "std": 9.5367431729442842e-08, "range": 0.0 }, "geometry": { "type": "Polygon", "coordinates": [ [ [ 728500.0, 6173500.0 ], [ 728400.0, 6173500.0 ], [ 728400.0, 6173600.0 ], [ 728400.0, 6173700.0 ], [ 728300.0, 6173700.0 ], [ 728300.0, 6173800.0 ], [ 728400.0, 6173800.0 ], [ 728500.0, 6173800.0 ], [ 728500.0, 6173900.0 ], [ 728600.0, 6173900.0 ], [ 728600.0, 6173800.0 ], [ 728700.0, 6173800.0 ], [ 728700.0, 6173700.0 ], [ 728700.0, 6173600.0 ], [ 728600.0, 6173600.0 ], [ 728600.0, 6173500.0 ], [ 728500.0, 6173500.0 ] ] ] } },
{ "type": "Feature", "properties": { "Shape_Area": 480000.0, "Shape_Leng": 4000.0, "cluster_id": "101_302", "fid_1": 302.0, "id_munic": 302.0, "munic_clus": "101_302", "munic_code": 101.0, "min": 3.362046480178833, "max": 3.362046480178833, "mean": 3.3620465596516929, "count": 48, "std": 7.947285984855057e-08, "range": 0.0 }, "geometry": { "type": "Polygon", "coordinates": [ [ [ 728700.0, 6172700.0 ], [ 728700.0, 6172800.0 ], [ 728700.0, 6172900.0 ], [ 728700.0, 6173000.0 ], [ 728800.0, 6173000.0 ], [ 728800.0, 6173100.0 ], [ 728800.0, 6173200.0 ], [ 728900.0, 6173200.0 ], [ 729000.0, 6173200.0 ], [ 729100.0, 6173200.0 ], [ 729100.0, 6173300.0 ], [ 729200.0, 6173300.0 ], [ 729200.0, 6173200.0 ], [ 729300.0, 6173200.0 ], [ 729300.0, 6173100.0 ], [ 729400.0, 6173100.0 ], [ 729400.0, 6173000.0 ], [ 729500.0, 6173000.0 ], [ 729600.0, 6173000.0 ], [ 729700.0, 6173000.0 ], [ 729700.0, 6172900.0 ], [ 729700.0, 6172800.0 ], [ 729600.0, 6172800.0 ], [ 729600.0, 6172700.0 ], [ 729500.0, 6172700.0 ], [ 729400.0, 6172700.0 ], [ 729300.0, 6172700.0 ], [ 729200.0, 6172700.0 ], [ 729200.0, 6172600.0 ], [ 729100.0, 6172600.0 ], [ 729000.0, 6172600.0 ], [ 728900.0, 6172600.0 ], [ 728900.0, 6172500.0 ], [ 728800.0, 6172500.0 ], [ 728700.0, 6172500.0 ], [ 728600.0, 6172500.0 ], [ 728600.0, 6172600.0 ], [ 728700.0, 6172600.0 ], [ 728800.0, 6172600.0 ], [ 728800.0, 6172700.0 ], [ 728700.0, 6172700.0 ] ] ] } },
{ "type": "Feature", "properties": { "Shape_Area": 90000.0, "Shape_Leng": 1200.0, "cluster_id": "101_303", "fid_1": 303.0, "id_munic": 303.0, "munic_clus": "101_303", "munic_code": 101.0, "min": 2.6011335849761963, "max": 2.6011335849761963, "mean": 2.6011335584852429, "count": 9, "std": 2.6490953430879927e-08, "range": 0.0 }, "geometry": { "type": "Polygon", "coordinates": [ [ [ 728600.0, 6172500.0 ], [ 728500.0, 6172500.0 ], [ 728400.0, 6172500.0 ], [ 728300.0, 6172500.0 ], [ 728300.0, 6172600.0 ], [ 728300.0, 6172700.0 ], [ 728300.0, 6172800.0 ], [ 728400.0, 6172800.0 ], [ 728500.0, 6172800.0 ], [ 728600.0, 6172800.0 ], [ 728600.0, 6172700.0 ], [ 728600.0, 6172600.0 ], [ 728600.0, 6172500.0 ] ] ] } },
{ "type": "Feature", "properties": { "Shape_Area": 20000.0, "Shape_Leng": 600.0, "cluster_id": "101_304", "fid_1": 304.0, "id_munic": 304.0, "munic_clus": "101_304", "munic_code": 101.0, "min": 2.8448853492736816, "max": 2.8448853492736816, "mean": 2.8448853492736816, "count": 2, "std": 0.0, "range": 0.0 }, "geometry": { "type": "Polygon", "coordinates": [ [ [ 726800.0, 6173900.0 ], [ 726800.0, 6174000.0 ], [ 726900.0, 6174000.0 ], [ 726900.0, 6173900.0 ], [ 726900.0, 6173800.0 ], [ 726800.0, 6173800.0 ], [ 726800.0, 6173900.0 ] ] ] } },
{ "type": "Feature", "properties": { "Shape_Area": 10000.0, "Shape_Leng": 400.0, "cluster_id": "101_305", "fid_1": 305.0, "id_munic": 305.0, "munic_clus": "101_305", "munic_code": 101.0, "min": 3.1771078109741211, "max": 3.1771078109741211, "mean": 3.1771078109741211, "count": 1, "std": 0.0, "range": 0.0 }, "geometry": { "type": "Polygon", "coordinates": [ [ [ 726300.0, 6174200.0 ], [ 726300.0, 6174300.0 ], [ 726400.0, 6174300.0 ], [ 726400.0, 6174200.0 ], [ 726300.0, 6174200.0 ] ] ] } },
{ "type": "Feature", "properties": { "Shape_Area": 30000.0, "Shape_Leng": 800.0, "cluster_id": "101_306", "fid_1": 306.0, "id_munic": 306.0, "munic_clus": "101_306", "munic_code": 101.0, "min": 3.4201934337615967, "max": 3.4201934337615967, "mean": 3.4201933542887368, "count": 3, "std": 7.947285984855057e-08, "range": 0.0 }, "geometry": { "type": "Polygon", "coordinates": [ [ [ 726700.0, 6174100.0 ], [ 726700.0, 6174200.0 ], [ 726800.0, 6174200.0 ], [ 726800.0, 6174100.0 ], [ 726900.0, 6174100.0 ], [ 726900.0, 6174000.0 ], [ 726800.0, 6174000.0 ], [ 726700.0, 6174000.0 ], [ 726700.0, 6174100.0 ] ] ] } },
{ "type": "Feature", "properties": { "Shape_Area": 20000.0, "Shape_Leng": 600.0, "cluster_id": "101_307", "fid_1": 307.0, "id_munic": 307.0, "munic_clus": "101_307", "munic_code": 101.0, "min": 3.4491841793060303, "max": 3.4491841793060303, "mean": 3.4491841793060303, "count": 2, "std": 0.0, "range": 0.0 }, "geometry": { "type": "Polygon", "coordinates": [ [ [ 726600.0, 6174000.0 ], [ 726700.0, 6174000.0 ], [ 726800.0, 6174000.0 ], [ 726800.0, 6173900.0 ], [ 726700.0, 6173900.0 ], [ 726600.0, 6173900.0 ], [ 726600.0, 6174000.0 ] ] ] } },
{ "type": "Feature", "properties": { "Shape_Area": 10000.0, "Shape_Leng": 400.0, "cluster_id": "101_308", "fid_1": 308.0, "id_munic": 308.0, "munic_clus": "101_308", "munic_code": 101.0, "min": 3.0909700393676758, "max": 3.0909700393676758, "mean": 3.0909700393676758, "count": 1, "std": 0.0, "range": 0.0 }, "geometry": { "type": "Polygon", "coordinates": [ [ [ 726500.0, 6174000.0 ], [ 726500.0, 6174100.0 ], [ 726600.0, 6174100.0 ], [ 726600.0, 6174000.0 ], [ 726500.0, 6174000.0 ] ] ] } },
{ "type": "Feature", "properties": { "Shape_Area": 10000.0, "Shape_Leng": 400.0, "cluster_id": "101_309", "fid_1": 309.0, "id_munic": 309.0, "munic_clus": "101_309", "munic_code": 101.0, "min": 3.0414865016937256, "max": 3.0414865016937256, "mean": 3.0414865016937256, "count": 1, "std": 0.0, "range": 0.0 }, "geometry": { "type": "Polygon", "coordinates": [ [ [ 726400.0, 6174300.0 ], [ 726400.0, 6174400.0 ], [ 726500.0, 6174400.0 ], [ 726500.0, 6174300.0 ], [ 726400.0, 6174300.0 ] ] ] } },
{ "type": "Feature", "properties": { "Shape_Area": 10000.0, "Shape_Leng": 400.0, "cluster_id": "101_310", "fid_1": 310.0, "id_munic": 310.0, "munic_clus": "101_310", "munic_code": 101.0, "min": 4.000666618347168, "max": 4.000666618347168, "mean": 4.000666618347168, "count": 1, "std": 0.0, "range": 0.0 }, "geometry": { "type": "Polygon", "coordinates": [ [ [ 726100.0, 6174500.0 ], [ 726100.0, 6174600.0 ], [ 726200.0, 6174600.0 ], [ 726200.0, 6174500.0 ], [ 726100.0, 6174500.0 ] ] ] } },
{ "type": "Feature", "properties": { "Shape_Area": 20000.0, "Shape_Leng": 600.0, "cluster_id": "101_311", "fid_1": 311.0, "id_munic": 311.0, "munic_clus": "101_311", "munic_code": 101.0, "min": 2.3317229747772217, "max": 2.3317229747772217, "mean": 2.3317229747772217, "count": 2, "std": 0.0, "range": 0.0 }, "geometry": { "type": "Polygon", "coordinates": [ [ [ 726200.0, 6174700.0 ], [ 726300.0, 6174700.0 ], [ 726400.0, 6174700.0 ], [ 726400.0, 6174600.0 ], [ 726300.0, 6174600.0 ], [ 726200.0, 6174600.0 ], [ 726200.0, 6174700.0 ] ] ] } },
{ "type": "Feature", "properties": { "Shape_Area": 10000.0, "Shape_Leng": 400.0, "cluster_id": "101_312", "fid_1": 312.0, "id_munic": 312.0, "munic_clus": "101_312", "munic_code": 101.0, "min": 2.3657114505767822, "max": 2.3657114505767822, "mean": 2.3657114505767822, "count": 1, "std": 0.0, "range": 0.0 }, "geometry": { "type": "Polygon", "coordinates": [ [ [ 726200.0, 6174700.0 ], [ 726200.0, 6174800.0 ], [ 726300.0, 6174800.0 ], [ 726300.0, 6174700.0 ], [ 726200.0, 6174700.0 ] ] ] } },
{ "type": "Feature", "properties": { "Shape_Area": 20000.0, "Shape_Leng": 600.0, "cluster_id": "101_313", "fid_1": 313.0, "id_munic": 313.0, "munic_clus": "101_313", "munic_code": 101.0, "min": 3.7334222793579102, "max": 3.7334222793579102, "mean": 3.7334222793579102, "count": 2, "std": 0.0, "range": 0.0 }, "geometry": { "type": "Polygon", "coordinates": [ [ [ 726600.0, 6174100.0 ], [ 726600.0, 6174200.0 ], [ 726700.0, 6174200.0 ], [ 726700.0, 6174100.0 ], [ 726700.0, 6174000.0 ], [ 726600.0, 6174000.0 ], [ 726600.0, 6174100.0 ] ] ] } },
{ "type": "Feature", "properties": { "Shape_Area": 20000.0, "Shape_Leng": 600.0, "cluster_id": "101_314", "fid_1": 314.0, "id_munic": 314.0, "munic_clus": "101_314", "munic_code": 101.0, "min": 2.8305568695068359, "max": 2.8305568695068359, "mean": 2.8305568695068359, "count": 2, "std": 0.0, "range": 0.0 }, "geometry": { "type": "Polygon", "coordinates": [ [ [ 726200.0, 6174600.0 ], [ 726300.0, 6174600.0 ], [ 726400.0, 6174600.0 ], [ 726400.0, 6174500.0 ], [ 726300.0, 6174500.0 ], [ 726200.0, 6174500.0 ], [ 726200.0, 6174600.0 ] ] ] } },
{ "type": "Feature", "properties": { "Shape_Area": 10000.0, "Shape_Leng": 400.0, "cluster_id": "101_315", "fid_1": 315.0, "id_munic": 315.0, "munic_clus": "101_315", "munic_code": 101.0, "min": 2.6199603080749512, "max": 2.6199603080749512, "mean": 2.6199603080749512, "count": 1, "std": 0.0, "range": 0.0 }, "geometry": { "type": "Polygon", "coordinates": [ [ [ 726400.0, 6174500.0 ], [ 726400.0, 6174600.0 ], [ 726500.0, 6174600.0 ], [ 726500.0, 6174500.0 ], [ 726400.0, 6174500.0 ] ] ] } },
{ "type": "Feature", "properties": { "Shape_Area": 10000.0, "Shape_Leng": 400.0, "cluster_id": "101_316", "fid_1": 316.0, "id_munic": 316.0, "munic_clus": "101_316", "munic_code": 101.0, "min": 2.5969676971435547, "max": 2.5969676971435547, "mean": 2.5969676971435547, "count": 1, "std": 0.0, "range": 0.0 }, "geometry": { "type": "Polygon", "coordinates": [ [ [ 726300.0, 6174400.0 ], [ 726300.0, 6174500.0 ], [ 726400.0, 6174500.0 ], [ 726400.0, 6174400.0 ], [ 726300.0, 6174400.0 ] ] ] } },
{ "type": "Feature", "properties": { "Shape_Area": 10000.0, "Shape_Leng": 400.0, "cluster_id": "101_317", "fid_1": 317.0, "id_munic": 317.0, "munic_clus": "101_317", "munic_code": 101.0, "min": 3.3173947334289551, "max": 3.3173947334289551, "mean": 3.3173947334289551, "count": 1, "std": 0.0, "range": 0.0 }, "geometry": { "type": "Polygon", "coordinates": [ [ [ 726300.0, 6174300.0 ], [ 726300.0, 6174400.0 ], [ 726400.0, 6174400.0 ], [ 726400.0, 6174300.0 ], [ 726300.0, 6174300.0 ] ] ] } },
{ "type": "Feature", "properties": { "Shape_Area": 10000.0, "Shape_Leng": 400.0, "cluster_id": "101_318", "fid_1": 318.0, "id_munic": 318.0, "munic_clus": "101_318", "munic_code": 101.0, "min": 2.5094971656799316, "max": 2.5094971656799316, "mean": 2.5094971656799316, "count": 1, "std": 0.0, "range": 0.0 }, "geometry": { "type": "Polygon", "coordinates": [ [ [ 726400.0, 6174400.0 ], [ 726400.0, 6174500.0 ], [ 726500.0, 6174500.0 ], [ 726500.0, 6174400.0 ], [ 726400.0, 6174400.0 ] ] ] } },
{ "type": "Feature", "properties": { "Shape_Area": 10000.0, "Shape_Leng": 400.0, "cluster_id": "101_319", "fid_1": 319.0, "id_munic": 319.0, "munic_clus": "101_319", "munic_code": 101.0, "min": 3.5471508502960205, "max": 3.5471508502960205, "mean": 3.5471508502960205, "count": 1, "std": 0.0, "range": 0.0 }, "geometry": { "type": "Polygon", "coordinates": [ [ [ 726200.0, 6174300.0 ], [ 726200.0, 6174400.0 ], [ 726300.0, 6174400.0 ], [ 726300.0, 6174300.0 ], [ 726200.0, 6174300.0 ] ] ] } },
{ "type": "Feature", "properties": { "Shape_Area": 20000.0, "Shape_Leng": 600.0, "cluster_id": "101_320", "fid_1": 320.0, "id_munic": 320.0, "munic_clus": "101_320", "munic_code": 101.0, "min": 3.2289237976074219, "max": 3.2289237976074219, "mean": 3.2289237976074219, "count": 2, "std": 0.0, "range": 0.0 }, "geometry": { "type": "Polygon", "coordinates": [ [ [ 719300.0, 6176100.0 ], [ 719300.0, 6176200.0 ], [ 719400.0, 6176200.0 ], [ 719400.0, 6176100.0 ], [ 719400.0, 6176000.0 ], [ 719300.0, 6176000.0 ], [ 719300.0, 6176100.0 ] ] ] } },
{ "type": "Feature", "properties": { "Shape_Area": 20000.0, "Shape_Leng": 600.0, "cluster_id": "101_321", "fid_1": 321.0, "id_munic": 321.0, "munic_clus": "101_321", "munic_code": 101.0, "min": 3.2834055423736572, "max": 3.2834055423736572, "mean": 3.2834055423736572, "count": 2, "std": 0.0, "range": 0.0 }, "geometry": { "type": "Polygon", "coordinates": [ [ [ 726100.0, 6174700.0 ], [ 726100.0, 6174800.0 ], [ 726200.0, 6174800.0 ], [ 726200.0, 6174700.0 ], [ 726200.0, 6174600.0 ], [ 726100.0, 6174600.0 ], [ 726100.0, 6174700.0 ] ] ] } },
{ "type": "Feature", "properties": { "Shape_Area": 10000.0, "Shape_Leng": 400.0, "cluster_id": "101_322", "fid_1": 322.0, "id_munic": 322.0, "munic_clus": "101_322", "munic_code": 101.0, "min": 3.4766747951507568, "max": 3.4766747951507568, "mean": 3.4766747951507568, "count": 1, "std": 0.0, "range": 0.0 }, "geometry": { "type": "Polygon", "coordinates": [ [ [ 726600.0, 6174200.0 ], [ 726600.0, 6174300.0 ], [ 726700.0, 6174300.0 ], [ 726700.0, 6174200.0 ], [ 726600.0, 6174200.0 ] ] ] } },
{ "type": "Feature", "properties": { "Shape_Area": 40000.0, "Shape_Leng": 800.0, "cluster_id": "101_323", "fid_1": 323.0, "id_munic": 323.0, "munic_clus": "101_323", "munic_code": 101.0, "min": 3.2347555160522461, "max": 3.2347555160522461, "mean": 3.2347555160522461, "count": 4, "std": 0.0, "range": 0.0 }, "geometry": { "type": "Polygon", "coordinates": [ [ [ 726200.0, 6175400.0 ], [ 726100.0, 6175400.0 ], [ 726000.0, 6175400.0 ], [ 726000.0, 6175500.0 ], [ 726000.0, 6175600.0 ], [ 726100.0, 6175600.0 ], [ 726200.0, 6175600.0 ], [ 726200.0, 6175500.0 ], [ 726200.0, 6175400.0 ] ] ] } },
{ "type": "Feature", "properties": { "Shape_Area": 10000.0, "Shape_Leng": 400.0, "cluster_id": "101_324", "fid_1": 324.0, "id_munic": 324.0, "munic_clus": "101_324", "munic_code": 101.0, "min": 3.5043320655822754, "max": 3.5043320655822754, "mean": 3.5043320655822754, "count": 1, "std": 0.0, "range": 0.0 }, "geometry": { "type": "Polygon", "coordinates": [ [ [ 727500.0, 6174600.0 ], [ 727500.0, 6174700.0 ], [ 727600.0, 6174700.0 ], [ 727600.0, 6174600.0 ], [ 727500.0, 6174600.0 ] ] ] } },
{ "type": "Feature", "properties": { "Shape_Area": 10000.0, "Shape_Leng": 400.0, "cluster_id": "101_325", "fid_1": 325.0, "id_munic": 325.0, "munic_clus": "101_325", "munic_code": 101.0, "min": 3.0053317546844482, "max": 3.0053317546844482, "mean": 3.0053317546844482, "count": 1, "std": 0.0, "range": 0.0 }, "geometry": { "type": "Polygon", "coordinates": [ [ [ 727400.0, 6174400.0 ], [ 727400.0, 6174500.0 ], [ 727500.0, 6174500.0 ], [ 727500.0, 6174400.0 ], [ 727400.0, 6174400.0 ] ] ] } },
{ "type": "Feature", "properties": { "Shape_Area": 10000.0, "Shape_Leng": 400.0, "cluster_id": "101_326", "fid_1": 326.0, "id_munic": 326.0, "munic_clus": "101_326", "munic_code": 101.0, "min": 3.2202601432800293, "max": 3.2202601432800293, "mean": 3.2202601432800293, "count": 1, "std": 0.0, "range": 0.0 }, "geometry": { "type": "Polygon", "coordinates": [ [ [ 727500.0, 6174500.0 ], [ 727500.0, 6174600.0 ], [ 727600.0, 6174600.0 ], [ 727600.0, 6174500.0 ], [ 727500.0, 6174500.0 ] ] ] } },
{ "type": "Feature", "properties": { "Shape_Area": 70000.0, "Shape_Leng": 1200.0, "cluster_id": "101_327", "fid_1": 327.0, "id_munic": 327.0, "munic_clus": "101_327", "munic_code": 101.0, "min": 2.9556818008422852, "max": 2.9556818008422852, "mean": 2.9556819370814731, "count": 7, "std": 1.3623918793115308e-07, "range": 0.0 }, "geometry": { "type": "Polygon", "coordinates": [ [ [ 727800.0, 6174600.0 ], [ 727700.0, 6174600.0 ], [ 727600.0, 6174600.0 ], [ 727600.0, 6174700.0 ], [ 727500.0, 6174700.0 ], [ 727500.0, 6174800.0 ], [ 727500.0, 6174900.0 ], [ 727600.0, 6174900.0 ], [ 727700.0, 6174900.0 ], [ 727700.0, 6174800.0 ], [ 727800.0, 6174800.0 ], [ 727800.0, 6174700.0 ], [ 727800.0, 6174600.0 ] ] ] } },
{ "type": "Feature", "properties": { "Shape_Area": 10000.0, "Shape_Leng": 400.0, "cluster_id": "101_328", "fid_1": 328.0, "id_munic": 328.0, "munic_clus": "101_328", "munic_code": 101.0, "min": 3.2914028167724609, "max": 3.2914028167724609, "mean": 3.2914028167724609, "count": 1, "std": 0.0, "range": 0.0 }, "geometry": { "type": "Polygon", "coordinates": [ [ [ 727600.0, 6174500.0 ], [ 727600.0, 6174600.0 ], [ 727700.0, 6174600.0 ], [ 727700.0, 6174500.0 ], [ 727600.0, 6174500.0 ] ] ] } },
{ "type": "Feature", "properties": { "Shape_Area": 30000.0, "Shape_Leng": 800.0, "cluster_id": "101_329", "fid_1": 329.0, "id_munic": 329.0, "munic_clus": "101_329", "munic_code": 101.0, "min": 2.9796736240386963, "max": 2.9796736240386963, "mean": 2.9796737035115561, "count": 3, "std": 7.947285984855057e-08, "range": 0.0 }, "geometry": { "type": "Polygon", "coordinates": [ [ [ 727200.0, 6174800.0 ], [ 727200.0, 6174900.0 ], [ 727300.0, 6174900.0 ], [ 727300.0, 6174800.0 ], [ 727400.0, 6174800.0 ], [ 727400.0, 6174700.0 ], [ 727300.0, 6174700.0 ], [ 727200.0, 6174700.0 ], [ 727200.0, 6174800.0 ] ] ] } },
{ "type": "Feature", "properties": { "Shape_Area": 30000.0, "Shape_Leng": 800.0, "cluster_id": "101_330", "fid_1": 330.0, "id_munic": 330.0, "munic_clus": "101_330", "munic_code": 101.0, "min": 3.146451473236084, "max": 3.146451473236084, "mean": 3.1464513142903647, "count": 3, "std": 1.5894571925301193e-07, "range": 0.0 }, "geometry": { "type": "Polygon", "coordinates": [ [ [ 727300.0, 6174900.0 ], [ 727400.0, 6174900.0 ], [ 727400.0, 6175000.0 ], [ 727500.0, 6175000.0 ], [ 727500.0, 6174900.0 ], [ 727500.0, 6174800.0 ], [ 727400.0, 6174800.0 ], [ 727300.0, 6174800.0 ], [ 727300.0, 6174900.0 ] ] ] } },
{ "type": "Feature", "properties": { "Shape_Area": 20000.0, "Shape_Leng": 600.0, "cluster_id": "101_331", "fid_1": 331.0, "id_munic": 331.0, "munic_clus": "101_331", "munic_code": 101.0, "min": 2.6381211280822754, "max": 2.6381211280822754, "mean": 2.6381211280822754, "count": 2, "std": 0.0, "range": 0.0 }, "geometry": { "type": "Polygon", "coordinates": [ [ [ 727400.0, 6174700.0 ], [ 727400.0, 6174800.0 ], [ 727500.0, 6174800.0 ], [ 727500.0, 6174700.0 ], [ 727500.0, 6174600.0 ], [ 727400.0, 6174600.0 ], [ 727400.0, 6174700.0 ] ] ] } },
{ "type": "Feature", "properties": { "Shape_Area": 30000.0, "Shape_Leng": 800.0, "cluster_id": "101_332", "fid_1": 332.0, "id_munic": 332.0, "munic_clus": "101_332", "munic_code": 101.0, "min": 2.7644121646881104, "max": 2.7644121646881104, "mean": 2.7644122441609702, "count": 3, "std": 7.947285984855057e-08, "range": 0.0 }, "geometry": { "type": "Polygon", "coordinates": [ [ [ 727100.0, 6175000.0 ], [ 727200.0, 6175000.0 ], [ 727300.0, 6175000.0 ], [ 727400.0, 6175000.0 ], [ 727400.0, 6174900.0 ], [ 727300.0, 6174900.0 ], [ 727200.0, 6174900.0 ], [ 727100.0, 6174900.0 ], [ 727100.0, 6175000.0 ] ] ] } },
{ "type": "Feature", "properties": { "Shape_Area": 30000.0, "Shape_Leng": 800.0, "cluster_id": "101_333", "fid_1": 333.0, "id_munic": 333.0, "munic_clus": "101_333", "munic_code": 101.0, "min": 2.7652454376220703, "max": 2.7652454376220703, "mean": 2.7652454376220703, "count": 3, "std": 0.0, "range": 0.0 }, "geometry": { "type": "Polygon", "coordinates": [ [ [ 726000.0, 6175700.0 ], [ 726000.0, 6175800.0 ], [ 726100.0, 6175800.0 ], [ 726100.0, 6175700.0 ], [ 726200.0, 6175700.0 ], [ 726200.0, 6175600.0 ], [ 726100.0, 6175600.0 ], [ 726000.0, 6175600.0 ], [ 726000.0, 6175700.0 ] ] ] } },
{ "type": "Feature", "properties": { "Shape_Area": 70000.0, "Shape_Leng": 1200.0, "cluster_id": "101_334", "fid_1": 334.0, "id_munic": 334.0, "munic_clus": "101_334", "munic_code": 101.0, "min": 3.1071310043334961, "max": 3.1071310043334961, "mean": 3.1071308680943082, "count": 7, "std": 1.3623918793115308e-07, "range": 0.0 }, "geometry": { "type": "Polygon", "coordinates": [ [ [ 726300.0, 6175800.0 ], [ 726300.0, 6175900.0 ], [ 726400.0, 6175900.0 ], [ 726500.0, 6175900.0 ], [ 726500.0, 6175800.0 ], [ 726600.0, 6175800.0 ], [ 726600.0, 6175700.0 ], [ 726500.0, 6175700.0 ], [ 726500.0, 6175600.0 ], [ 726400.0, 6175600.0 ], [ 726300.0, 6175600.0 ], [ 726300.0, 6175700.0 ], [ 726300.0, 6175800.0 ] ] ] } },
{ "type": "Feature", "properties": { "Shape_Area": 10000.0, "Shape_Leng": 400.0, "cluster_id": "101_335", "fid_1": 335.0, "id_munic": 335.0, "munic_clus": "101_335", "munic_code": 101.0, "min": 2.69010329246521, "max": 2.69010329246521, "mean": 2.69010329246521, "count": 1, "std": 0.0, "range": 0.0 }, "geometry": { "type": "Polygon", "coordinates": [ [ [ 726100.0, 6175800.0 ], [ 726100.0, 6175900.0 ], [ 726200.0, 6175900.0 ], [ 726200.0, 6175800.0 ], [ 726100.0, 6175800.0 ] ] ] } },
{ "type": "Feature", "properties": { "Shape_Area": 10000.0, "Shape_Leng": 400.0, "cluster_id": "101_336", "fid_1": 336.0, "id_munic": 336.0, "munic_clus": "101_336", "munic_code": 101.0, "min": 2.8753750324249268, "max": 2.8753750324249268, "mean": 2.8753750324249268, "count": 1, "std": 0.0, "range": 0.0 }, "geometry": { "type": "Polygon", "coordinates": [ [ [ 726200.0, 6175900.0 ], [ 726200.0, 6176000.0 ], [ 726300.0, 6176000.0 ], [ 726300.0, 6175900.0 ], [ 726200.0, 6175900.0 ] ] ] } },
{ "type": "Feature", "properties": { "Shape_Area": 10000.0, "Shape_Leng": 400.0, "cluster_id": "101_337", "fid_1": 337.0, "id_munic": 337.0, "munic_clus": "101_337", "munic_code": 101.0, "min": 3.1322891712188721, "max": 3.1322891712188721, "mean": 3.1322891712188721, "count": 1, "std": 0.0, "range": 0.0 }, "geometry": { "type": "Polygon", "coordinates": [ [ [ 726200.0, 6175800.0 ], [ 726200.0, 6175900.0 ], [ 726300.0, 6175900.0 ], [ 726300.0, 6175800.0 ], [ 726200.0, 6175800.0 ] ] ] } },
{ "type": "Feature", "properties": { "Shape_Area": 20000.0, "Shape_Leng": 600.0, "cluster_id": "101_338", "fid_1": 338.0, "id_munic": 338.0, "munic_clus": "101_338", "munic_code": 101.0, "min": 2.6896038055419922, "max": 2.6896038055419922, "mean": 2.6896038055419922, "count": 2, "std": 0.0, "range": 0.0 }, "geometry": { "type": "Polygon", "coordinates": [ [ [ 725800.0, 6175500.0 ], [ 725900.0, 6175500.0 ], [ 726000.0, 6175500.0 ], [ 726000.0, 6175400.0 ], [ 725900.0, 6175400.0 ], [ 725800.0, 6175400.0 ], [ 725800.0, 6175500.0 ] ] ] } },
{ "type": "Feature", "properties": { "Shape_Area": 10000.0, "Shape_Leng": 400.0, "cluster_id": "101_339", "fid_1": 339.0, "id_munic": 339.0, "munic_clus": "101_339", "munic_code": 101.0, "min": 2.7802400588989258, "max": 2.7802400588989258, "mean": 2.7802400588989258, "count": 1, "std": 0.0, "range": 0.0 }, "geometry": { "type": "Polygon", "coordinates": [ [ [ 727400.0, 6174500.0 ], [ 727400.0, 6174600.0 ], [ 727500.0, 6174600.0 ], [ 727500.0, 6174500.0 ], [ 727400.0, 6174500.0 ] ] ] } },
{ "type": "Feature", "properties": { "Shape_Area": 10000.0, "Shape_Leng": 400.0, "cluster_id": "101_340", "fid_1": 340.0, "id_munic": 340.0, "munic_clus": "101_340", "munic_code": 101.0, "min": 3.633455753326416, "max": 3.633455753326416, "mean": 3.633455753326416, "count": 1, "std": 0.0, "range": 0.0 }, "geometry": { "type": "Polygon", "coordinates": [ [ [ 727300.0, 6174600.0 ], [ 727300.0, 6174700.0 ], [ 727400.0, 6174700.0 ], [ 727400.0, 6174600.0 ], [ 727300.0, 6174600.0 ] ] ] } },
{ "type": "Feature", "properties": { "Shape_Area": 10000.0, "Shape_Leng": 400.0, "cluster_id": "101_341", "fid_1": 341.0, "id_munic": 341.0, "munic_clus": "101_341", "munic_code": 101.0, "min": 2.7500836849212646, "max": 2.7500836849212646, "mean": 2.7500836849212646, "count": 1, "std": 0.0, "range": 0.0 }, "geometry": { "type": "Polygon", "coordinates": [ [ [ 726100.0, 6175700.0 ], [ 726100.0, 6175800.0 ], [ 726200.0, 6175800.0 ], [ 726200.0, 6175700.0 ], [ 726100.0, 6175700.0 ] ] ] } },
{ "type": "Feature", "properties": { "Shape_Area": 240000.0, "Shape_Leng": 2600.0, "cluster_id": "101_342", "fid_1": 342.0, "id_munic": 342.0, "munic_clus": "101_342", "munic_code": 101.0, "min": 2.9433519840240479, "max": 2.9433519840240479, "mean": 2.9433520634969077, "count": 24, "std": 7.947285984855057e-08, "range": 0.0 }, "geometry": { "type": "Polygon", "coordinates": [ [ [ 726200.0, 6176200.0 ], [ 726100.0, 6176200.0 ], [ 726100.0, 6176300.0 ], [ 726100.0, 6176400.0 ], [ 726200.0, 6176400.0 ], [ 726300.0, 6176400.0 ], [ 726300.0, 6176300.0 ], [ 726400.0, 6176300.0 ], [ 726500.0, 6176300.0 ], [ 726500.0, 6176200.0 ], [ 726600.0, 6176200.0 ], [ 726700.0, 6176200.0 ], [ 726800.0, 6176200.0 ], [ 726800.0, 6176100.0 ], [ 726800.0, 6176000.0 ], [ 726700.0, 6176000.0 ], [ 726700.0, 6175900.0 ], [ 726700.0, 6175800.0 ], [ 726600.0, 6175800.0 ], [ 726500.0, 6175800.0 ], [ 726500.0, 6175900.0 ], [ 726400.0, 6175900.0 ], [ 726300.0, 6175900.0 ], [ 726300.0, 6176000.0 ], [ 726200.0, 6176000.0 ], [ 726200.0, 6176100.0 ], [ 726200.0, 6176200.0 ] ] ] } },
{ "type": "Feature", "properties": { "Shape_Area": 10000.0, "Shape_Leng": 400.0, "cluster_id": "101_343", "fid_1": 343.0, "id_munic": 343.0, "munic_clus": "101_343", "munic_code": 101.0, "min": 3.1337885856628418, "max": 3.1337885856628418, "mean": 3.1337885856628418, "count": 1, "std": 0.0, "range": 0.0 }, "geometry": { "type": "Polygon", "coordinates": [ [ [ 726200.0, 6175700.0 ], [ 726200.0, 6175800.0 ], [ 726300.0, 6175800.0 ], [ 726300.0, 6175700.0 ], [ 726200.0, 6175700.0 ] ] ] } },
{ "type": "Feature", "properties": { "Shape_Area": 60000.0, "Shape_Leng": 1200.0, "cluster_id": "101_344", "fid_1": 344.0, "id_munic": 344.0, "munic_clus": "101_344", "munic_code": 101.0, "min": 3.5923027992248535, "max": 3.5923027992248535, "mean": 3.5923029581705728, "count": 6, "std": 1.5894571925301193e-07, "range": 0.0 }, "geometry": { "type": "Polygon", "coordinates": [ [ [ 725600.0, 6170800.0 ], [ 725600.0, 6170900.0 ], [ 725600.0, 6171000.0 ], [ 725700.0, 6171000.0 ], [ 725700.0, 6171100.0 ], [ 725800.0, 6171100.0 ], [ 725800.0, 6171000.0 ], [ 725800.0, 6170900.0 ], [ 725800.0, 6170800.0 ], [ 725800.0, 6170700.0 ], [ 725700.0, 6170700.0 ], [ 725700.0, 6170800.0 ], [ 725600.0, 6170800.0 ] ] ] } },
{ "type": "Feature", "properties": { "Shape_Area": 80000.0, "Shape_Leng": 1400.0, "cluster_id": "101_345", "fid_1": 345.0, "id_munic": 345.0, "munic_clus": "101_345", "munic_code": 101.0, "min": 2.709430456161499, "max": 2.709430456161499, "mean": 2.709430456161499, "count": 8, "std": 0.0, "range": 0.0 }, "geometry": { "type": "Polygon", "coordinates": [ [ [ 725700.0, 6171100.0 ], [ 725600.0, 6171100.0 ], [ 725600.0, 6171200.0 ], [ 725600.0, 6171300.0 ], [ 725600.0, 6171400.0 ], [ 725600.0, 6171500.0 ], [ 725700.0, 6171500.0 ], [ 725700.0, 6171400.0 ], [ 725800.0, 6171400.0 ], [ 725800.0, 6171300.0 ], [ 725900.0, 6171300.0 ], [ 725900.0, 6171200.0 ], [ 725800.0, 6171200.0 ], [ 725800.0, 6171100.0 ], [ 725700.0, 6171100.0 ] ] ] } },
{ "type": "Feature", "properties": { "Shape_Area": 40000.0, "Shape_Leng": 1000.0, "cluster_id": "101_346", "fid_1": 346.0, "id_munic": 346.0, "munic_clus": "101_346", "munic_code": 101.0, "min": 2.6406199932098389, "max": 2.6406199932098389, "mean": 2.6406199932098389, "count": 4, "std": 0.0, "range": 0.0 }, "geometry": { "type": "Polygon", "coordinates": [ [ [ 725800.0, 6171400.0 ], [ 725700.0, 6171400.0 ], [ 725700.0, 6171500.0 ], [ 725600.0, 6171500.0 ], [ 725600.0, 6171600.0 ], [ 725700.0, 6171600.0 ], [ 725800.0, 6171600.0 ], [ 725900.0, 6171600.0 ], [ 725900.0, 6171500.0 ], [ 725800.0, 6171500.0 ], [ 725800.0, 6171400.0 ] ] ] } },
{ "type": "Feature", "properties": { "Shape_Area": 40000.0, "Shape_Leng": 800.0, "cluster_id": "101_347", "fid_1": 347.0, "id_munic": 347.0, "munic_clus": "101_347", "munic_code": 101.0, "min": 3.265578031539917, "max": 3.265578031539917, "mean": 3.265578031539917, "count": 4, "std": 0.0, "range": 0.0 }, "geometry": { "type": "Polygon", "coordinates": [ [ [ 726900.0, 6172400.0 ], [ 726800.0, 6172400.0 ], [ 726700.0, 6172400.0 ], [ 726700.0, 6172500.0 ], [ 726700.0, 6172600.0 ], [ 726800.0, 6172600.0 ], [ 726900.0, 6172600.0 ], [ 726900.0, 6172500.0 ], [ 726900.0, 6172400.0 ] ] ] } },
{ "type": "Feature", "properties": { "Shape_Area": 130000.0, "Shape_Leng": 1800.0, "cluster_id": "101_348", "fid_1": 348.0, "id_munic": 348.0, "munic_clus": "101_348", "munic_code": 101.0, "min": 2.5878040790557861, "max": 2.5878040790557861, "mean": 2.5878040607158956, "count": 13, "std": 1.8339890495155942e-08, "range": 0.0 }, "geometry": { "type": "Polygon", "coordinates": [ [ [ 726700.0, 6171700.0 ], [ 726600.0, 6171700.0 ], [ 726500.0, 6171700.0 ], [ 726500.0, 6171800.0 ], [ 726500.0, 6171900.0 ], [ 726600.0, 6171900.0 ], [ 726600.0, 6172000.0 ], [ 726700.0, 6172000.0 ], [ 726800.0, 6172000.0 ], [ 726900.0, 6172000.0 ], [ 727000.0, 6172000.0 ], [ 727000.0, 6171900.0 ], [ 727100.0, 6171900.0 ], [ 727100.0, 6171800.0 ], [ 727000.0, 6171800.0 ], [ 726900.0, 6171800.0 ], [ 726800.0, 6171800.0 ], [ 726800.0, 6171700.0 ], [ 726700.0, 6171700.0 ] ] ] } },
{ "type": "Feature", "properties": { "Shape_Area": 50000.0, "Shape_Leng": 1000.0, "cluster_id": "101_349", "fid_1": 349.0, "id_munic": 349.0, "munic_clus": "101_349", "munic_code": 101.0, "min": 2.3637123107910156, "max": 2.3637123107910156, "mean": 2.3637123107910156, "count": 5, "std": 0.0, "range": 0.0 }, "geometry": { "type": "Polygon", "coordinates": [ [ [ 726500.0, 6172100.0 ], [ 726500.0, 6172200.0 ], [ 726600.0, 6172200.0 ], [ 726700.0, 6172200.0 ], [ 726700.0, 6172100.0 ], [ 726700.0, 6172000.0 ], [ 726600.0, 6172000.0 ], [ 726600.0, 6171900.0 ], [ 726500.0, 6171900.0 ], [ 726500.0, 6172000.0 ], [ 726500.0, 6172100.0 ] ] ] } },
{ "type": "Feature", "properties": { "Shape_Area": 60000.0, "Shape_Leng": 1000.0, "cluster_id": "101_350", "fid_1": 350.0, "id_munic": 350.0, "munic_clus": "101_350", "munic_code": 101.0, "min": 3.1771078109741211, "max": 3.1771078109741211, "mean": 3.1771078109741211, "count": 6, "std": 0.0, "range": 0.0 }, "geometry": { "type": "Polygon", "coordinates": [ [ [ 726700.0, 6172200.0 ], [ 726600.0, 6172200.0 ], [ 726500.0, 6172200.0 ], [ 726400.0, 6172200.0 ], [ 726400.0, 6172300.0 ], [ 726400.0, 6172400.0 ], [ 726500.0, 6172400.0 ], [ 726600.0, 6172400.0 ], [ 726700.0, 6172400.0 ], [ 726700.0, 6172300.0 ], [ 726700.0, 6172200.0 ] ] ] } },
{ "type": "Feature", "properties": { "Shape_Area": 60000.0, "Shape_Leng": 1000.0, "cluster_id": "101_351", "fid_1": 351.0, "id_munic": 351.0, "munic_clus": "101_351", "munic_code": 101.0, "min": 3.2844052314758301, "max": 3.2844052314758301, "mean": 3.2844050725301108, "count": 6, "std": 1.5894571925301193e-07, "range": 0.0 }, "geometry": { "type": "Polygon", "coordinates": [ [ [ 726700.0, 6172400.0 ], [ 726600.0, 6172400.0 ], [ 726500.0, 6172400.0 ], [ 726400.0, 6172400.0 ], [ 726400.0, 6172500.0 ], [ 726400.0, 6172600.0 ], [ 726500.0, 6172600.0 ], [ 726600.0, 6172600.0 ], [ 726700.0, 6172600.0 ], [ 726700.0, 6172500.0 ], [ 726700.0, 6172400.0 ] ] ] } },
{ "type": "Feature", "properties": { "Shape_Area": 10000.0, "Shape_Leng": 400.0, "cluster_id": "101_352", "fid_1": 352.0, "id_munic": 352.0, "munic_clus": "101_352", "munic_code": 101.0, "min": 3.1362879276275635, "max": 3.1362879276275635, "mean": 3.1362879276275635, "count": 1, "std": 0.0, "range": 0.0 }, "geometry": { "type": "Polygon", "coordinates": [ [ [ 719500.0, 6176500.0 ], [ 719500.0, 6176600.0 ], [ 719600.0, 6176600.0 ], [ 719600.0, 6176500.0 ], [ 719500.0, 6176500.0 ] ] ] } },
{ "type": "Feature", "properties": { "Shape_Area": 200000.0, "Shape_Leng": 2400.0, "cluster_id": "101_353", "fid_1": 353.0, "id_munic": 353.0, "munic_clus": "101_353", "munic_code": 101.0, "min": 3.0934689044952393, "max": 3.0934689044952393, "mean": 3.0934688568115236, "count": 20, "std": 4.7683715642676816e-08, "range": 0.0 }, "geometry": { "type": "Polygon", "coordinates": [ [ [ 719500.0, 6176700.0 ], [ 719400.0, 6176700.0 ], [ 719400.0, 6176800.0 ], [ 719400.0, 6176900.0 ], [ 719500.0, 6176900.0 ], [ 719600.0, 6176900.0 ], [ 719700.0, 6176900.0 ], [ 719800.0, 6176900.0 ], [ 719900.0, 6176900.0 ], [ 720000.0, 6176900.0 ], [ 720100.0, 6176900.0 ], [ 720100.0, 6176800.0 ], [ 720000.0, 6176800.0 ], [ 720000.0, 6176700.0 ], [ 719900.0, 6176700.0 ], [ 719900.0, 6176600.0 ], [ 719800.0, 6176600.0 ], [ 719800.0, 6176500.0 ], [ 719700.0, 6176500.0 ], [ 719700.0, 6176400.0 ], [ 719600.0, 6176400.0 ], [ 719600.0, 6176500.0 ], [ 719600.0, 6176600.0 ], [ 719500.0, 6176600.0 ], [ 719500.0, 6176700.0 ] ] ] } },
{ "type": "Feature", "properties": { "Shape_Area": 20000.0, "Shape_Leng": 600.0, "cluster_id": "101_354", "fid_1": 354.0, "id_munic": 354.0, "munic_clus": "101_354", "munic_code": 101.0, "min": 2.7570810317993164, "max": 2.7570810317993164, "mean": 2.7570810317993164, "count": 2, "std": 0.0, "range": 0.0 }, "geometry": { "type": "Polygon", "coordinates": [ [ [ 727700.0, 6173500.0 ], [ 727800.0, 6173500.0 ], [ 727900.0, 6173500.0 ], [ 727900.0, 6173400.0 ], [ 727800.0, 6173400.0 ], [ 727700.0, 6173400.0 ], [ 727700.0, 6173500.0 ] ] ] } },
{ "type": "Feature", "properties": { "Shape_Area": 30000.0, "Shape_Leng": 800.0, "cluster_id": "101_355", "fid_1": 355.0, "id_munic": 355.0, "munic_clus": "101_355", "munic_code": 101.0, "min": 3.1509499549865723, "max": 3.1509499549865723, "mean": 3.1509501139322915, "count": 3, "std": 1.5894571925301193e-07, "range": 0.0 }, "geometry": { "type": "Polygon", "coordinates": [ [ [ 727800.0, 6173300.0 ], [ 727900.0, 6173300.0 ], [ 727900.0, 6173400.0 ], [ 728000.0, 6173400.0 ], [ 728000.0, 6173300.0 ], [ 728000.0, 6173200.0 ], [ 727900.0, 6173200.0 ], [ 727800.0, 6173200.0 ], [ 727800.0, 6173300.0 ] ] ] } },
{ "type": "Feature", "properties": { "Shape_Area": 20000.0, "Shape_Leng": 600.0, "cluster_id": "101_356", "fid_1": 356.0, "id_munic": 356.0, "munic_clus": "101_356", "munic_code": 101.0, "min": 3.4570143222808838, "max": 3.4570143222808838, "mean": 3.4570143222808838, "count": 2, "std": 0.0, "range": 0.0 }, "geometry": { "type": "Polygon", "coordinates": [ [ [ 727700.0, 6173600.0 ], [ 727800.0, 6173600.0 ], [ 727900.0, 6173600.0 ], [ 727900.0, 6173500.0 ], [ 727800.0, 6173500.0 ], [ 727700.0, 6173500.0 ], [ 727700.0, 6173600.0 ] ] ] } },
{ "type": "Feature", "properties": { "Shape_Area": 30000.0, "Shape_Leng": 800.0, "cluster_id": "101_357", "fid_1": 357.0, "id_munic": 357.0, "munic_clus": "101_357", "munic_code": 101.0, "min": 3.7247586250305176, "max": 3.7247586250305176, "mean": 3.7247587839762368, "count": 3, "std": 1.5894571925301193e-07, "range": 0.0 }, "geometry": { "type": "Polygon", "coordinates": [ [ [ 727900.0, 6173000.0 ], [ 727900.0, 6173100.0 ], [ 727900.0, 6173200.0 ], [ 728000.0, 6173200.0 ], [ 728000.0, 6173100.0 ], [ 728000.0, 6173000.0 ], [ 728000.0, 6172900.0 ], [ 727900.0, 6172900.0 ], [ 727900.0, 6173000.0 ] ] ] } },
{ "type": "Feature", "properties": { "Shape_Area": 30000.0, "Shape_Leng": 800.0, "cluster_id": "101_358", "fid_1": 358.0, "id_munic": 358.0, "munic_clus": "101_358", "munic_code": 101.0, "min": 3.4213600158691406, "max": 3.4213600158691406, "mean": 3.4213600158691406, "count": 3, "std": 0.0, "range": 0.0 }, "geometry": { "type": "Polygon", "coordinates": [ [ [ 728200.0, 6172600.0 ], [ 728100.0, 6172600.0 ], [ 728100.0, 6172700.0 ], [ 728200.0, 6172700.0 ], [ 728300.0, 6172700.0 ], [ 728300.0, 6172600.0 ], [ 728300.0, 6172500.0 ], [ 728200.0, 6172500.0 ], [ 728200.0, 6172600.0 ] ] ] } },
{ "type": "Feature", "properties": { "Shape_Area": 20000.0, "Shape_Leng": 600.0, "cluster_id": "101_359", "fid_1": 359.0, "id_munic": 359.0, "munic_clus": "101_359", "munic_code": 101.0, "min": 3.2714095115661621, "max": 3.2714095115661621, "mean": 3.2714095115661621, "count": 2, "std": 0.0, "range": 0.0 }, "geometry": { "type": "Polygon", "coordinates": [ [ [ 721900.0, 6180200.0 ], [ 721900.0, 6180300.0 ], [ 722000.0, 6180300.0 ], [ 722000.0, 6180200.0 ], [ 722000.0, 6180100.0 ], [ 721900.0, 6180100.0 ], [ 721900.0, 6180200.0 ] ] ] } },
{ "type": "Feature", "properties": { "Shape_Area": 20000.0, "Shape_Leng": 600.0, "cluster_id": "101_360", "fid_1": 360.0, "id_munic": 360.0, "munic_clus": "101_360", "munic_code": 101.0, "min": 3.342052698135376, "max": 3.342052698135376, "mean": 3.342052698135376, "count": 2, "std": 0.0, "range": 0.0 }, "geometry": { "type": "Polygon", "coordinates": [ [ [ 727700.0, 6173400.0 ], [ 727800.0, 6173400.0 ], [ 727900.0, 6173400.0 ], [ 727900.0, 6173300.0 ], [ 727800.0, 6173300.0 ], [ 727700.0, 6173300.0 ], [ 727700.0, 6173400.0 ] ] ] } },
{ "type": "Feature", "properties": { "Shape_Area": 20000.0, "Shape_Leng": 600.0, "cluster_id": "101_361", "fid_1": 361.0, "id_munic": 361.0, "munic_clus": "101_361", "munic_code": 101.0, "min": 2.4640121459960938, "max": 2.4640121459960938, "mean": 2.4640121459960938, "count": 2, "std": 0.0, "range": 0.0 }, "geometry": { "type": "Polygon", "coordinates": [ [ [ 727800.0, 6173100.0 ], [ 727800.0, 6173200.0 ], [ 727900.0, 6173200.0 ], [ 727900.0, 6173100.0 ], [ 727900.0, 6173000.0 ], [ 727800.0, 6173000.0 ], [ 727800.0, 6173100.0 ] ] ] } },
{ "type": "Feature", "properties": { "Shape_Area": 40000.0, "Shape_Leng": 1000.0, "cluster_id": "101_362", "fid_1": 362.0, "id_munic": 362.0, "munic_clus": "101_362", "munic_code": 101.0, "min": 2.7817397117614746, "max": 2.7817397117614746, "mean": 2.7817397117614746, "count": 4, "std": 0.0, "range": 0.0 }, "geometry": { "type": "Polygon", "coordinates": [ [ [ 728200.0, 6173100.0 ], [ 728200.0, 6173000.0 ], [ 728100.0, 6173000.0 ], [ 728000.0, 6173000.0 ], [ 728000.0, 6173100.0 ], [ 728000.0, 6173200.0 ], [ 728000.0, 6173300.0 ], [ 728100.0, 6173300.0 ], [ 728100.0, 6173200.0 ], [ 728100.0, 6173100.0 ], [ 728200.0, 6173100.0 ] ] ] } },
{ "type": "Feature", "properties": { "Shape_Area": 10000.0, "Shape_Leng": 400.0, "cluster_id": "101_363", "fid_1": 363.0, "id_munic": 363.0, "munic_clus": "101_363", "munic_code": 101.0, "min": 3.6247923374176025, "max": 3.6247923374176025, "mean": 3.6247923374176025, "count": 1, "std": 0.0, "range": 0.0 }, "geometry": { "type": "Polygon", "coordinates": [ [ [ 726800.0, 6174100.0 ], [ 726800.0, 6174200.0 ], [ 726900.0, 6174200.0 ], [ 726900.0, 6174100.0 ], [ 726800.0, 6174100.0 ] ] ] } },
{ "type": "Feature", "properties": { "Shape_Area": 10000.0, "Shape_Leng": 400.0, "cluster_id": "101_364", "fid_1": 364.0, "id_munic": 364.0, "munic_clus": "101_364", "munic_code": 101.0, "min": 2.9778411388397217, "max": 2.9778411388397217, "mean": 2.9778411388397217, "count": 1, "std": 0.0, "range": 0.0 }, "geometry": { "type": "Polygon", "coordinates": [ [ [ 726900.0, 6174000.0 ], [ 726900.0, 6174100.0 ], [ 727000.0, 6174100.0 ], [ 727000.0, 6174000.0 ], [ 726900.0, 6174000.0 ] ] ] } },
{ "type": "Feature", "properties": { "Shape_Area": 20000.0, "Shape_Leng": 600.0, "cluster_id": "101_365", "fid_1": 365.0, "id_munic": 365.0, "munic_clus": "101_365", "munic_code": 101.0, "min": 3.0851385593414307, "max": 3.0851385593414307, "mean": 3.0851385593414307, "count": 2, "std": 0.0, "range": 0.0 }, "geometry": { "type": "Polygon", "coordinates": [ [ [ 727200.0, 6174300.0 ], [ 727300.0, 6174300.0 ], [ 727400.0, 6174300.0 ], [ 727400.0, 6174200.0 ], [ 727300.0, 6174200.0 ], [ 727200.0, 6174200.0 ], [ 727200.0, 6174300.0 ] ] ] } },
{ "type": "Feature", "properties": { "Shape_Area": 20000.0, "Shape_Leng": 600.0, "cluster_id": "101_366", "fid_1": 366.0, "id_munic": 366.0, "munic_clus": "101_366", "munic_code": 101.0, "min": 3.108964204788208, "max": 3.108964204788208, "mean": 3.108964204788208, "count": 2, "std": 0.0, "range": 0.0 }, "geometry": { "type": "Polygon", "coordinates": [ [ [ 727100.0, 6174400.0 ], [ 727100.0, 6174500.0 ], [ 727200.0, 6174500.0 ], [ 727200.0, 6174400.0 ], [ 727200.0, 6174300.0 ], [ 727100.0, 6174300.0 ], [ 727100.0, 6174400.0 ] ] ] } },
{ "type": "Feature", "properties": { "Shape_Area": 10000.0, "Shape_Leng": 400.0, "cluster_id": "101_367", "fid_1": 367.0, "id_munic": 367.0, "munic_clus": "101_367", "munic_code": 101.0, "min": 3.4651787281036377, "max": 3.4651787281036377, "mean": 3.4651787281036377, "count": 1, "std": 0.0, "range": 0.0 }, "geometry": { "type": "Polygon", "coordinates": [ [ [ 719100.0, 6176500.0 ], [ 719100.0, 6176600.0 ], [ 719200.0, 6176600.0 ], [ 719200.0, 6176500.0 ], [ 719100.0, 6176500.0 ] ] ] } },
{ "type": "Feature", "properties": { "Shape_Area": 20000.0, "Shape_Leng": 600.0, "cluster_id": "101_368", "fid_1": 368.0, "id_munic": 368.0, "munic_clus": "101_368", "munic_code": 101.0, "min": 2.6329555511474609, "max": 2.6329555511474609, "mean": 2.6329555511474609, "count": 2, "std": 0.0, "range": 0.0 }, "geometry": { "type": "Polygon", "coordinates": [ [ [ 719200.0, 6176600.0 ], [ 719300.0, 6176600.0 ], [ 719400.0, 6176600.0 ], [ 719400.0, 6176500.0 ], [ 719300.0, 6176500.0 ], [ 719200.0, 6176500.0 ], [ 719200.0, 6176600.0 ] ] ] } },
{ "type": "Feature", "properties": { "Shape_Area": 10000.0, "Shape_Leng": 400.0, "cluster_id": "101_369", "fid_1": 369.0, "id_munic": 369.0, "munic_clus": "101_369", "munic_code": 101.0, "min": 3.3062317371368408, "max": 3.3062317371368408, "mean": 3.3062317371368408, "count": 1, "std": 0.0, "range": 0.0 }, "geometry": { "type": "Polygon", "coordinates": [ [ [ 719400.0, 6176600.0 ], [ 719400.0, 6176700.0 ], [ 719500.0, 6176700.0 ], [ 719500.0, 6176600.0 ], [ 719400.0, 6176600.0 ] ] ] } },
{ "type": "Feature", "properties": { "Shape_Area": 40000.0, "Shape_Leng": 1000.0, "cluster_id": "101_370", "fid_1": 370.0, "id_munic": 370.0, "munic_clus": "101_370", "munic_code": 101.0, "min": 3.0486507415771484, "max": 3.0486507415771484, "mean": 3.0486507415771484, "count": 4, "std": 0.0, "range": 0.0 }, "geometry": { "type": "Polygon", "coordinates": [ [ [ 726900.0, 6174400.0 ], [ 727000.0, 6174400.0 ], [ 727000.0, 6174500.0 ], [ 727100.0, 6174500.0 ], [ 727100.0, 6174400.0 ], [ 727100.0, 6174300.0 ], [ 727000.0, 6174300.0 ], [ 727000.0, 6174200.0 ], [ 726900.0, 6174200.0 ], [ 726900.0, 6174300.0 ], [ 726900.0, 6174400.0 ] ] ] } },
{ "type": "Feature", "properties": { "Shape_Area": 10000.0, "Shape_Leng": 400.0, "cluster_id": "101_371", "fid_1": 371.0, "id_munic": 371.0, "munic_clus": "101_371", "munic_code": 101.0, "min": 3.3798732757568359, "max": 3.3798732757568359, "mean": 3.3798732757568359, "count": 1, "std": 0.0, "range": 0.0 }, "geometry": { "type": "Polygon", "coordinates": [ [ [ 726900.0, 6174100.0 ], [ 726900.0, 6174200.0 ], [ 727000.0, 6174200.0 ], [ 727000.0, 6174100.0 ], [ 726900.0, 6174100.0 ] ] ] } },
{ "type": "Feature", "properties": { "Shape_Area": 20000.0, "Shape_Leng": 600.0, "cluster_id": "101_372", "fid_1": 372.0, "id_munic": 372.0, "munic_clus": "101_372", "munic_code": 101.0, "min": 3.1254582405090332, "max": 3.1254582405090332, "mean": 3.1254582405090332, "count": 2, "std": 0.0, "range": 0.0 }, "geometry": { "type": "Polygon", "coordinates": [ [ [ 726800.0, 6174500.0 ], [ 726900.0, 6174500.0 ], [ 727000.0, 6174500.0 ], [ 727000.0, 6174400.0 ], [ 726900.0, 6174400.0 ], [ 726800.0, 6174400.0 ], [ 726800.0, 6174500.0 ] ] ] } },
{ "type": "Feature", "properties": { "Shape_Area": 20000.0, "Shape_Leng": 600.0, "cluster_id": "101_373", "fid_1": 373.0, "id_munic": 373.0, "munic_clus": "101_373", "munic_code": 101.0, "min": 3.5978012084960938, "max": 3.5978012084960938, "mean": 3.5978012084960938, "count": 2, "std": 0.0, "range": 0.0 }, "geometry": { "type": "Polygon", "coordinates": [ [ [ 726700.0, 6174600.0 ], [ 726700.0, 6174700.0 ], [ 726800.0, 6174700.0 ], [ 726800.0, 6174600.0 ], [ 726800.0, 6174500.0 ], [ 726700.0, 6174500.0 ], [ 726700.0, 6174600.0 ] ] ] } },
{ "type": "Feature", "properties": { "Shape_Area": 10000.0, "Shape_Leng": 400.0, "cluster_id": "101_374", "fid_1": 374.0, "id_munic": 374.0, "munic_clus": "101_374", "munic_code": 101.0, "min": 2.3948686122894287, "max": 2.3948686122894287, "mean": 2.3948686122894287, "count": 1, "std": 0.0, "range": 0.0 }, "geometry": { "type": "Polygon", "coordinates": [ [ [ 726900.0, 6174700.0 ], [ 726900.0, 6174800.0 ], [ 727000.0, 6174800.0 ], [ 727000.0, 6174700.0 ], [ 726900.0, 6174700.0 ] ] ] } },
{ "type": "Feature", "properties": { "Shape_Area": 10000.0, "Shape_Leng": 400.0, "cluster_id": "101_375", "fid_1": 375.0, "id_munic": 375.0, "munic_clus": "101_375", "munic_code": 101.0, "min": 3.6142957210540771, "max": 3.6142957210540771, "mean": 3.6142957210540771, "count": 1, "std": 0.0, "range": 0.0 }, "geometry": { "type": "Polygon", "coordinates": [ [ [ 726900.0, 6173900.0 ], [ 726900.0, 6174000.0 ], [ 727000.0, 6174000.0 ], [ 727000.0, 6173900.0 ], [ 726900.0, 6173900.0 ] ] ] } },
{ "type": "Feature", "properties": { "Shape_Area": 10000.0, "Shape_Leng": 400.0, "cluster_id": "101_376", "fid_1": 376.0, "id_munic": 376.0, "munic_clus": "101_376", "munic_code": 101.0, "min": 3.6914360523223877, "max": 3.6914360523223877, "mean": 3.6914360523223877, "count": 1, "std": 0.0, "range": 0.0 }, "geometry": { "type": "Polygon", "coordinates": [ [ [ 727100.0, 6174700.0 ], [ 727100.0, 6174800.0 ], [ 727200.0, 6174800.0 ], [ 727200.0, 6174700.0 ], [ 727100.0, 6174700.0 ] ] ] } },
{ "type": "Feature", "properties": { "Shape_Area": 10000.0, "Shape_Leng": 400.0, "cluster_id": "101_377", "fid_1": 377.0, "id_munic": 377.0, "munic_clus": "101_377", "munic_code": 101.0, "min": 4.0314903259277344, "max": 4.0314903259277344, "mean": 4.0314903259277344, "count": 1, "std": 0.0, "range": 0.0 }, "geometry": { "type": "Polygon", "coordinates": [ [ [ 727200.0, 6174400.0 ], [ 727200.0, 6174500.0 ], [ 727300.0, 6174500.0 ], [ 727300.0, 6174400.0 ], [ 727200.0, 6174400.0 ] ] ] } },
{ "type": "Feature", "properties": { "Shape_Area": 20000.0, "Shape_Leng": 600.0, "cluster_id": "101_378", "fid_1": 378.0, "id_munic": 378.0, "munic_clus": "101_378", "munic_code": 101.0, "min": 3.2900702953338623, "max": 3.2900702953338623, "mean": 3.2900702953338623, "count": 2, "std": 0.0, "range": 0.0 }, "geometry": { "type": "Polygon", "coordinates": [ [ [ 727100.0, 6174600.0 ], [ 727100.0, 6174700.0 ], [ 727200.0, 6174700.0 ], [ 727200.0, 6174600.0 ], [ 727200.0, 6174500.0 ], [ 727100.0, 6174500.0 ], [ 727100.0, 6174600.0 ] ] ] } },
{ "type": "Feature", "properties": { "Shape_Area": 30000.0, "Shape_Leng": 800.0, "cluster_id": "101_379", "fid_1": 379.0, "id_munic": 379.0, "munic_clus": "101_379", "munic_code": 101.0, "min": 3.4403531551361084, "max": 3.4403531551361084, "mean": 3.4403530756632485, "count": 3, "std": 7.947285984855057e-08, "range": 0.0 }, "geometry": { "type": "Polygon", "coordinates": [ [ [ 719100.0, 6176300.0 ], [ 719200.0, 6176300.0 ], [ 719300.0, 6176300.0 ], [ 719400.0, 6176300.0 ], [ 719400.0, 6176200.0 ], [ 719300.0, 6176200.0 ], [ 719200.0, 6176200.0 ], [ 719100.0, 6176200.0 ], [ 719100.0, 6176300.0 ] ] ] } },
{ "type": "Feature", "properties": { "Shape_Area": 40000.0, "Shape_Leng": 1000.0, "cluster_id": "101_380", "fid_1": 380.0, "id_munic": 380.0, "munic_clus": "101_380", "munic_code": 101.0, "min": 3.0086643695831299, "max": 3.0086643695831299, "mean": 3.0086643695831299, "count": 4, "std": 0.0, "range": 0.0 }, "geometry": { "type": "Polygon", "coordinates": [ [ [ 727400.0, 6174400.0 ], [ 727300.0, 6174400.0 ], [ 727300.0, 6174500.0 ], [ 727200.0, 6174500.0 ], [ 727200.0, 6174600.0 ], [ 727200.0, 6174700.0 ], [ 727300.0, 6174700.0 ], [ 727300.0, 6174600.0 ], [ 727400.0, 6174600.0 ], [ 727400.0, 6174500.0 ], [ 727400.0, 6174400.0 ] ] ] } },
{ "type": "Feature", "properties": { "Shape_Area": 40000.0, "Shape_Leng": 800.0, "cluster_id": "101_381", "fid_1": 381.0, "id_munic": 381.0, "munic_clus": "101_381", "munic_code": 101.0, "min": 2.9581809043884277, "max": 2.9581809043884277, "mean": 2.9581809043884277, "count": 4, "std": 0.0, "range": 0.0 }, "geometry": { "type": "Polygon", "coordinates": [ [ [ 727200.0, 6174100.0 ], [ 727100.0, 6174100.0 ], [ 727000.0, 6174100.0 ], [ 727000.0, 6174200.0 ], [ 727000.0, 6174300.0 ], [ 727100.0, 6174300.0 ], [ 727200.0, 6174300.0 ], [ 727200.0, 6174200.0 ], [ 727200.0, 6174100.0 ] ] ] } },
{ "type": "Feature", "properties": { "Shape_Area": 20000.0, "Shape_Leng": 600.0, "cluster_id": "101_382", "fid_1": 382.0, "id_munic": 382.0, "munic_clus": "101_382", "munic_code": 101.0, "min": 3.1309564113616943, "max": 3.1309564113616943, "mean": 3.1309564113616943, "count": 2, "std": 0.0, "range": 0.0 }, "geometry": { "type": "Polygon", "coordinates": [ [ [ 727700.0, 6174300.0 ], [ 727800.0, 6174300.0 ], [ 727900.0, 6174300.0 ], [ 727900.0, 6174200.0 ], [ 727800.0, 6174200.0 ], [ 727700.0, 6174200.0 ], [ 727700.0, 6174300.0 ] ] ] } },
{ "type": "Feature", "properties": { "Shape_Area": 60000.0, "Shape_Leng": 1000.0, "cluster_id": "101_383", "fid_1": 383.0, "id_munic": 383.0, "munic_clus": "101_383", "munic_code": 101.0, "min": 2.8558814525604248, "max": 2.8558814525604248, "mean": 2.855881373087565, "count": 6, "std": 7.947285984855057e-08, "range": 0.0 }, "geometry": { "type": "Polygon", "coordinates": [ [ [ 728100.0, 6173700.0 ], [ 728000.0, 6173700.0 ], [ 727900.0, 6173700.0 ], [ 727800.0, 6173700.0 ], [ 727800.0, 6173800.0 ], [ 727800.0, 6173900.0 ], [ 727900.0, 6173900.0 ], [ 728000.0, 6173900.0 ], [ 728100.0, 6173900.0 ], [ 728100.0, 6173800.0 ], [ 728100.0, 6173700.0 ] ] ] } },
{ "type": "Feature", "properties": { "Shape_Area": 60000.0, "Shape_Leng": 1400.0, "cluster_id": "101_384", "fid_1": 384.0, "id_munic": 384.0, "munic_clus": "101_384", "munic_code": 101.0, "min": 2.9588475227355957, "max": 2.9588475227355957, "mean": 2.9588473637898765, "count": 6, "std": 1.5894571925301193e-07, "range": 0.0 }, "geometry": { "type": "Polygon", "coordinates": [ [ [ 728100.0, 6173900.0 ], [ 728000.0, 6173900.0 ], [ 728000.0, 6174000.0 ], [ 728000.0, 6174100.0 ], [ 728100.0, 6174100.0 ], [ 728100.0, 6174000.0 ], [ 728200.0, 6174000.0 ], [ 728200.0, 6173900.0 ], [ 728300.0, 6173900.0 ], [ 728300.0, 6173800.0 ], [ 728200.0, 6173800.0 ], [ 728200.0, 6173700.0 ], [ 728100.0, 6173700.0 ], [ 728100.0, 6173800.0 ], [ 728100.0, 6173900.0 ] ] ] } },
{ "type": "Feature", "properties": { "Shape_Area": 10000.0, "Shape_Leng": 400.0, "cluster_id": "101_385", "fid_1": 385.0, "id_munic": 385.0, "munic_clus": "101_385", "munic_code": 101.0, "min": 2.7892370223999023, "max": 2.7892370223999023, "mean": 2.7892370223999023, "count": 1, "std": 0.0, "range": 0.0 }, "geometry": { "type": "Polygon", "coordinates": [ [ [ 727600.0, 6174200.0 ], [ 727600.0, 6174300.0 ], [ 727700.0, 6174300.0 ], [ 727700.0, 6174200.0 ], [ 727600.0, 6174200.0 ] ] ] } },
{ "type": "Feature", "properties": { "Shape_Area": 30000.0, "Shape_Leng": 800.0, "cluster_id": "101_386", "fid_1": 386.0, "id_munic": 386.0, "munic_clus": "101_386", "munic_code": 101.0, "min": 3.2824058532714844, "max": 3.2824058532714844, "mean": 3.2824058532714844, "count": 3, "std": 0.0, "range": 0.0 }, "geometry": { "type": "Polygon", "coordinates": [ [ [ 727900.0, 6174300.0 ], [ 727800.0, 6174300.0 ], [ 727800.0, 6174400.0 ], [ 727900.0, 6174400.0 ], [ 728000.0, 6174400.0 ], [ 728000.0, 6174300.0 ], [ 728000.0, 6174200.0 ], [ 727900.0, 6174200.0 ], [ 727900.0, 6174300.0 ] ] ] } },
{ "type": "Feature", "properties": { "Shape_Area": 40000.0, "Shape_Leng": 1000.0, "cluster_id": "101_387", "fid_1": 387.0, "id_munic": 387.0, "munic_clus": "101_387", "munic_code": 101.0, "min": 2.886204719543457, "max": 2.886204719543457, "mean": 2.886204719543457, "count": 4, "std": 0.0, "range": 0.0 }, "geometry": { "type": "Polygon", "coordinates": [ [ [ 727800.0, 6174000.0 ], [ 727900.0, 6174000.0 ], [ 727900.0, 6174100.0 ], [ 728000.0, 6174100.0 ], [ 728000.0, 6174000.0 ], [ 728000.0, 6173900.0 ], [ 727900.0, 6173900.0 ], [ 727800.0, 6173900.0 ], [ 727700.0, 6173900.0 ], [ 727700.0, 6174000.0 ], [ 727800.0, 6174000.0 ] ] ] } },
{ "type": "Feature", "properties": { "Shape_Area": 20000.0, "Shape_Leng": 600.0, "cluster_id": "101_388", "fid_1": 388.0, "id_munic": 388.0, "munic_clus": "101_388", "munic_code": 101.0, "min": 3.0798070430755615, "max": 3.0798070430755615, "mean": 3.0798070430755615, "count": 2, "std": 0.0, "range": 0.0 }, "geometry": { "type": "Polygon", "coordinates": [ [ [ 727700.0, 6174100.0 ], [ 727800.0, 6174100.0 ], [ 727900.0, 6174100.0 ], [ 727900.0, 6174000.0 ], [ 727800.0, 6174000.0 ], [ 727700.0, 6174000.0 ], [ 727700.0, 6174100.0 ] ] ] } },
{ "type": "Feature", "properties": { "Shape_Area": 20000.0, "Shape_Leng": 600.0, "cluster_id": "101_389", "fid_1": 389.0, "id_munic": 389.0, "munic_clus": "101_389", "munic_code": 101.0, "min": 3.1051321029663086, "max": 3.1051321029663086, "mean": 3.1051321029663086, "count": 2, "std": 0.0, "range": 0.0 }, "geometry": { "type": "Polygon", "coordinates": [ [ [ 727600.0, 6174200.0 ], [ 727700.0, 6174200.0 ], [ 727800.0, 6174200.0 ], [ 727800.0, 6174100.0 ], [ 727700.0, 6174100.0 ], [ 727600.0, 6174100.0 ], [ 727600.0, 6174200.0 ] ] ] } },
{ "type": "Feature", "properties": { "Shape_Area": 20000.0, "Shape_Leng": 600.0, "cluster_id": "101_390", "fid_1": 390.0, "id_munic": 390.0, "munic_clus": "101_390", "munic_code": 101.0, "min": 3.0463180541992188, "max": 3.0463180541992188, "mean": 3.0463180541992188, "count": 2, "std": 0.0, "range": 0.0 }, "geometry": { "type": "Polygon", "coordinates": [ [ [ 719000.0, 6176200.0 ], [ 719000.0, 6176300.0 ], [ 719100.0, 6176300.0 ], [ 719100.0, 6176200.0 ], [ 719100.0, 6176100.0 ], [ 719000.0, 6176100.0 ], [ 719000.0, 6176200.0 ] ] ] } },
{ "type": "Feature", "properties": { "Shape_Area": 30000.0, "Shape_Leng": 800.0, "cluster_id": "101_391", "fid_1": 391.0, "id_munic": 391.0, "munic_clus": "101_391", "munic_code": 101.0, "min": 2.7647457122802734, "max": 2.7647457122802734, "mean": 2.7647457122802734, "count": 3, "std": 0.0, "range": 0.0 }, "geometry": { "type": "Polygon", "coordinates": [ [ [ 726900.0, 6173300.0 ], [ 727000.0, 6173300.0 ], [ 727100.0, 6173300.0 ], [ 727200.0, 6173300.0 ], [ 727200.0, 6173200.0 ], [ 727100.0, 6173200.0 ], [ 727000.0, 6173200.0 ], [ 726900.0, 6173200.0 ], [ 726900.0, 6173300.0 ] ] ] } },
{ "type": "Feature", "properties": { "Shape_Area": 80000.0, "Shape_Leng": 1200.0, "cluster_id": "101_392", "fid_1": 392.0, "id_munic": 392.0, "munic_clus": "101_392", "munic_code": 101.0, "min": 2.9990005493164062, "max": 2.9990005493164062, "mean": 2.9990005493164062, "count": 8, "std": 0.0, "range": 0.0 }, "geometry": { "type": "Polygon", "coordinates": [ [ [ 727300.0, 6173000.0 ], [ 727200.0, 6173000.0 ], [ 727100.0, 6173000.0 ], [ 727000.0, 6173000.0 ], [ 726900.0, 6173000.0 ], [ 726900.0, 6173100.0 ], [ 726900.0, 6173200.0 ], [ 727000.0, 6173200.0 ], [ 727100.0, 6173200.0 ], [ 727200.0, 6173200.0 ], [ 727300.0, 6173200.0 ], [ 727300.0, 6173100.0 ], [ 727300.0, 6173000.0 ] ] ] } },
{ "type": "Feature", "properties": { "Shape_Area": 10000.0, "Shape_Leng": 400.0, "cluster_id": "101_393", "fid_1": 393.0, "id_munic": 393.0, "munic_clus": "101_393", "munic_code": 101.0, "min": 2.8095636367797852, "max": 2.8095636367797852, "mean": 2.8095636367797852, "count": 1, "std": 0.0, "range": 0.0 }, "geometry": { "type": "Polygon", "coordinates": [ [ [ 727100.0, 6172900.0 ], [ 727100.0, 6173000.0 ], [ 727200.0, 6173000.0 ], [ 727200.0, 6172900.0 ], [ 727100.0, 6172900.0 ] ] ] } },
{ "type": "Feature", "properties": { "Shape_Area": 30000.0, "Shape_Leng": 800.0, "cluster_id": "101_394", "fid_1": 394.0, "id_munic": 394.0, "munic_clus": "101_394", "munic_code": 101.0, "min": 3.1151285171508789, "max": 3.1151285171508789, "mean": 3.1151285171508789, "count": 3, "std": 0.0, "range": 0.0 }, "geometry": { "type": "Polygon", "coordinates": [ [ [ 726600.0, 6173500.0 ], [ 726700.0, 6173500.0 ], [ 726700.0, 6173600.0 ], [ 726800.0, 6173600.0 ], [ 726800.0, 6173500.0 ], [ 726800.0, 6173400.0 ], [ 726700.0, 6173400.0 ], [ 726600.0, 6173400.0 ], [ 726600.0, 6173500.0 ] ] ] } },
{ "type": "Feature", "properties": { "Shape_Area": 70000.0, "Shape_Leng": 1200.0, "cluster_id": "101_395", "fid_1": 395.0, "id_munic": 395.0, "munic_clus": "101_395", "munic_code": 101.0, "min": 3.6387875080108643, "max": 3.6387875080108643, "mean": 3.6387874058314731, "count": 7, "std": 1.0217939117040942e-07, "range": 0.0 }, "geometry": { "type": "Polygon", "coordinates": [ [ [ 726700.0, 6173400.0 ], [ 726800.0, 6173400.0 ], [ 726800.0, 6173500.0 ], [ 726900.0, 6173500.0 ], [ 727000.0, 6173500.0 ], [ 727000.0, 6173400.0 ], [ 727000.0, 6173300.0 ], [ 726900.0, 6173300.0 ], [ 726900.0, 6173200.0 ], [ 726800.0, 6173200.0 ], [ 726700.0, 6173200.0 ], [ 726700.0, 6173300.0 ], [ 726700.0, 6173400.0 ] ] ] } },
{ "type": "Feature", "properties": { "Shape_Area": 60000.0, "Shape_Leng": 1000.0, "cluster_id": "101_396", "fid_1": 396.0, "id_munic": 396.0, "munic_clus": "101_396", "munic_code": 101.0, "min": 2.8653786182403564, "max": 2.8653786182403564, "mean": 2.8653786977132163, "count": 6, "std": 7.947285984855057e-08, "range": 0.0 }, "geometry": { "type": "Polygon", "coordinates": [ [ [ 727100.0, 6172600.0 ], [ 727000.0, 6172600.0 ], [ 726900.0, 6172600.0 ], [ 726800.0, 6172600.0 ], [ 726800.0, 6172700.0 ], [ 726800.0, 6172800.0 ], [ 726900.0, 6172800.0 ], [ 727000.0, 6172800.0 ], [ 727100.0, 6172800.0 ], [ 727100.0, 6172700.0 ], [ 727100.0, 6172600.0 ] ] ] } },
{ "type": "Feature", "properties": { "Shape_Area": 20000.0, "Shape_Leng": 600.0, "cluster_id": "101_397", "fid_1": 397.0, "id_munic": 397.0, "munic_clus": "101_397", "munic_code": 101.0, "min": 2.9726758003234863, "max": 2.9726758003234863, "mean": 2.9726758003234863, "count": 2, "std": 0.0, "range": 0.0 }, "geometry": { "type": "Polygon", "coordinates": [ [ [ 727100.0, 6172900.0 ], [ 727200.0, 6172900.0 ], [ 727300.0, 6172900.0 ], [ 727300.0, 6172800.0 ], [ 727200.0, 6172800.0 ], [ 727100.0, 6172800.0 ], [ 727100.0, 6172900.0 ] ] ] } },
{ "type": "Feature", "properties": { "Shape_Area": 20000.0, "Shape_Leng": 600.0, "cluster_id": "101_398", "fid_1": 398.0, "id_munic": 398.0, "munic_clus": "101_398", "munic_code": 101.0, "min": 3.3775413036346436, "max": 3.3775413036346436, "mean": 3.3775413036346436, "count": 2, "std": 0.0, "range": 0.0 }, "geometry": { "type": "Polygon", "coordinates": [ [ [ 719100.0, 6175900.0 ], [ 719100.0, 6176000.0 ], [ 719200.0, 6176000.0 ], [ 719200.0, 6175900.0 ], [ 719200.0, 6175800.0 ], [ 719100.0, 6175800.0 ], [ 719100.0, 6175900.0 ] ] ] } },
{ "type": "Feature", "properties": { "Shape_Area": 10000.0, "Shape_Leng": 400.0, "cluster_id": "101_399", "fid_1": 399.0, "id_munic": 399.0, "munic_clus": "101_399", "munic_code": 101.0, "min": 3.488170862197876, "max": 3.488170862197876, "mean": 3.488170862197876, "count": 1, "std": 0.0, "range": 0.0 }, "geometry": { "type": "Polygon", "coordinates": [ [ [ 726600.0, 6173300.0 ], [ 726600.0, 6173400.0 ], [ 726700.0, 6173400.0 ], [ 726700.0, 6173300.0 ], [ 726600.0, 6173300.0 ] ] ] } },
{ "type": "Feature", "properties": { "Shape_Area": 20000.0, "Shape_Leng": 600.0, "cluster_id": "101_400", "fid_1": 400.0, "id_munic": 400.0, "munic_clus": "101_400", "munic_code": 101.0, "min": 2.9558484554290771, "max": 2.9558484554290771, "mean": 2.9558484554290771, "count": 2, "std": 0.0, "range": 0.0 }, "geometry": { "type": "Polygon", "coordinates": [ [ [ 727000.0, 6173500.0 ], [ 727100.0, 6173500.0 ], [ 727200.0, 6173500.0 ], [ 727200.0, 6173400.0 ], [ 727100.0, 6173400.0 ], [ 727000.0, 6173400.0 ], [ 727000.0, 6173500.0 ] ] ] } },
{ "type": "Feature", "properties": { "Shape_Area": 20000.0, "Shape_Leng": 600.0, "cluster_id": "101_401", "fid_1": 401.0, "id_munic": 401.0, "munic_clus": "101_401", "munic_code": 101.0, "min": 2.6674439907073975, "max": 2.6674439907073975, "mean": 2.6674439907073975, "count": 2, "std": 0.0, "range": 0.0 }, "geometry": { "type": "Polygon", "coordinates": [ [ [ 727000.0, 6173400.0 ], [ 727100.0, 6173400.0 ], [ 727200.0, 6173400.0 ], [ 727200.0, 6173300.0 ], [ 727100.0, 6173300.0 ], [ 727000.0, 6173300.0 ], [ 727000.0, 6173400.0 ] ] ] } },
{ "type": "Feature", "properties": { "Shape_Area": 20000.0, "Shape_Leng": 600.0, "cluster_id": "101_402", "fid_1": 402.0, "id_munic": 402.0, "munic_clus": "101_402", "munic_code": 101.0, "min": 2.3593802452087402, "max": 2.3593802452087402, "mean": 2.3593802452087402, "count": 2, "std": 0.0, "range": 0.0 }, "geometry": { "type": "Polygon", "coordinates": [ [ [ 726900.0, 6173800.0 ], [ 727000.0, 6173800.0 ], [ 727100.0, 6173800.0 ], [ 727100.0, 6173700.0 ], [ 727000.0, 6173700.0 ], [ 726900.0, 6173700.0 ], [ 726900.0, 6173800.0 ] ] ] } },
{ "type": "Feature", "properties": { "Shape_Area": 20000.0, "Shape_Leng": 600.0, "cluster_id": "101_403", "fid_1": 403.0, "id_munic": 403.0, "munic_clus": "101_403", "munic_code": 101.0, "min": 3.8342218399047852, "max": 3.8342218399047852, "mean": 3.8342218399047852, "count": 2, "std": 0.0, "range": 0.0 }, "geometry": { "type": "Polygon", "coordinates": [ [ [ 727400.0, 6174200.0 ], [ 727400.0, 6174300.0 ], [ 727500.0, 6174300.0 ], [ 727500.0, 6174200.0 ], [ 727500.0, 6174100.0 ], [ 727400.0, 6174100.0 ], [ 727400.0, 6174200.0 ] ] ] } },
{ "type": "Feature", "properties": { "Shape_Area": 20000.0, "Shape_Leng": 600.0, "cluster_id": "101_404", "fid_1": 404.0, "id_munic": 404.0, "munic_clus": "101_404", "munic_code": 101.0, "min": 2.4786736965179443, "max": 2.4786736965179443, "mean": 2.4786736965179443, "count": 2, "std": 0.0, "range": 0.0 }, "geometry": { "type": "Polygon", "coordinates": [ [ [ 727500.0, 6174200.0 ], [ 727500.0, 6174300.0 ], [ 727600.0, 6174300.0 ], [ 727600.0, 6174200.0 ], [ 727600.0, 6174100.0 ], [ 727500.0, 6174100.0 ], [ 727500.0, 6174200.0 ] ] ] } },
{ "type": "Feature", "properties": { "Shape_Area": 30000.0, "Shape_Leng": 800.0, "cluster_id": "101_405", "fid_1": 405.0, "id_munic": 405.0, "munic_clus": "101_405", "munic_code": 101.0, "min": 2.8767085075378418, "max": 2.8767085075378418, "mean": 2.8767083485921225, "count": 3, "std": 1.5894571925301193e-07, "range": 0.0 }, "geometry": { "type": "Polygon", "coordinates": [ [ [ 719300.0, 6176400.0 ], [ 719200.0, 6176400.0 ], [ 719200.0, 6176500.0 ], [ 719300.0, 6176500.0 ], [ 719400.0, 6176500.0 ], [ 719400.0, 6176400.0 ], [ 719400.0, 6176300.0 ], [ 719300.0, 6176300.0 ], [ 719300.0, 6176400.0 ] ] ] } },
{ "type": "Feature", "properties": { "Shape_Area": 10000.0, "Shape_Leng": 400.0, "cluster_id": "101_406", "fid_1": 406.0, "id_munic": 406.0, "munic_clus": "101_406", "munic_code": 101.0, "min": 3.2514162063598633, "max": 3.2514162063598633, "mean": 3.2514162063598633, "count": 1, "std": 0.0, "range": 0.0 }, "geometry": { "type": "Polygon", "coordinates": [ [ [ 726500.0, 6173300.0 ], [ 726500.0, 6173400.0 ], [ 726600.0, 6173400.0 ], [ 726600.0, 6173300.0 ], [ 726500.0, 6173300.0 ] ] ] } },
{ "type": "Feature", "properties": { "Shape_Area": 10000.0, "Shape_Leng": 400.0, "cluster_id": "101_407", "fid_1": 407.0, "id_munic": 407.0, "munic_clus": "101_407", "munic_code": 101.0, "min": 3.1564483642578125, "max": 3.1564483642578125, "mean": 3.1564483642578125, "count": 1, "std": 0.0, "range": 0.0 }, "geometry": { "type": "Polygon", "coordinates": [ [ [ 726300.0, 6173100.0 ], [ 726300.0, 6173200.0 ], [ 726400.0, 6173200.0 ], [ 726400.0, 6173100.0 ], [ 726300.0, 6173100.0 ] ] ] } },
{ "type": "Feature", "properties": { "Shape_Area": 60000.0, "Shape_Leng": 1000.0, "cluster_id": "101_408", "fid_1": 408.0, "id_munic": 408.0, "munic_clus": "101_408", "munic_code": 101.0, "min": 3.153782844543457, "max": 3.153782844543457, "mean": 3.153782844543457, "count": 6, "std": 0.0, "range": 0.0 }, "geometry": { "type": "Polygon", "coordinates": [ [ [ 726300.0, 6172900.0 ], [ 726200.0, 6172900.0 ], [ 726100.0, 6172900.0 ], [ 726000.0, 6172900.0 ], [ 726000.0, 6173000.0 ], [ 726000.0, 6173100.0 ], [ 726100.0, 6173100.0 ], [ 726200.0, 6173100.0 ], [ 726300.0, 6173100.0 ], [ 726300.0, 6173000.0 ], [ 726300.0, 6172900.0 ] ] ] } },
{ "type": "Feature", "properties": { "Shape_Area": 10000.0, "Shape_Leng": 400.0, "cluster_id": "101_409", "fid_1": 409.0, "id_munic": 409.0, "munic_clus": "101_409", "munic_code": 101.0, "min": 3.6557815074920654, "max": 3.6557815074920654, "mean": 3.6557815074920654, "count": 1, "std": 0.0, "range": 0.0 }, "geometry": { "type": "Polygon", "coordinates": [ [ [ 726400.0, 6173100.0 ], [ 726400.0, 6173200.0 ], [ 726500.0, 6173200.0 ], [ 726500.0, 6173100.0 ], [ 726400.0, 6173100.0 ] ] ] } },
{ "type": "Feature", "properties": { "Shape_Area": 30000.0, "Shape_Leng": 800.0, "cluster_id": "101_410", "fid_1": 410.0, "id_munic": 410.0, "munic_clus": "101_410", "munic_code": 101.0, "min": 3.4860048294067383, "max": 3.4860048294067383, "mean": 3.4860048294067383, "count": 3, "std": 0.0, "range": 0.0 }, "geometry": { "type": "Polygon", "coordinates": [ [ [ 726300.0, 6173000.0 ], [ 726300.0, 6173100.0 ], [ 726400.0, 6173100.0 ], [ 726500.0, 6173100.0 ], [ 726500.0, 6173000.0 ], [ 726400.0, 6173000.0 ], [ 726400.0, 6172900.0 ], [ 726300.0, 6172900.0 ], [ 726300.0, 6173000.0 ] ] ] } },
{ "type": "Feature", "properties": { "Shape_Area": 20000.0, "Shape_Leng": 600.0, "cluster_id": "101_411", "fid_1": 411.0, "id_munic": 411.0, "munic_clus": "101_411", "munic_code": 101.0, "min": 3.360713005065918, "max": 3.360713005065918, "mean": 3.360713005065918, "count": 2, "std": 0.0, "range": 0.0 }, "geometry": { "type": "Polygon", "coordinates": [ [ [ 726100.0, 6173400.0 ], [ 726100.0, 6173500.0 ], [ 726200.0, 6173500.0 ], [ 726200.0, 6173400.0 ], [ 726200.0, 6173300.0 ], [ 726100.0, 6173300.0 ], [ 726100.0, 6173400.0 ] ] ] } },
{ "type": "Feature", "properties": { "Shape_Area": 10000.0, "Shape_Leng": 400.0, "cluster_id": "101_412", "fid_1": 412.0, "id_munic": 412.0, "munic_clus": "101_412", "munic_code": 101.0, "min": 3.4970014095306396, "max": 3.4970014095306396, "mean": 3.4970014095306396, "count": 1, "std": 0.0, "range": 0.0 }, "geometry": { "type": "Polygon", "coordinates": [ [ [ 726200.0, 6173400.0 ], [ 726200.0, 6173500.0 ], [ 726300.0, 6173500.0 ], [ 726300.0, 6173400.0 ], [ 726200.0, 6173400.0 ] ] ] } },
{ "type": "Feature", "properties": { "Shape_Area": 40000.0, "Shape_Leng": 1000.0, "cluster_id": "101_413", "fid_1": 413.0, "id_munic": 413.0, "munic_clus": "101_413", "munic_code": 101.0, "min": 3.8172280788421631, "max": 3.8172280788421631, "mean": 3.8172280788421631, "count": 4, "std": 0.0, "range": 0.0 }, "geometry": { "type": "Polygon", "coordinates": [ [ [ 726100.0, 6173200.0 ], [ 726100.0, 6173300.0 ], [ 726200.0, 6173300.0 ], [ 726200.0, 6173200.0 ], [ 726300.0, 6173200.0 ], [ 726300.0, 6173100.0 ], [ 726200.0, 6173100.0 ], [ 726100.0, 6173100.0 ], [ 726000.0, 6173100.0 ], [ 726000.0, 6173200.0 ], [ 726100.0, 6173200.0 ] ] ] } },
{ "type": "Feature", "properties": { "Shape_Area": 80000.0, "Shape_Leng": 1200.0, "cluster_id": "101_414", "fid_1": 414.0, "id_munic": 414.0, "munic_clus": "101_414", "munic_code": 101.0, "min": 3.3478841781616211, "max": 3.3478841781616211, "mean": 3.3478841781616211, "count": 8, "std": 0.0, "range": 0.0 }, "geometry": { "type": "Polygon", "coordinates": [ [ [ 726400.0, 6172200.0 ], [ 726300.0, 6172200.0 ], [ 726200.0, 6172200.0 ], [ 726100.0, 6172200.0 ], [ 726000.0, 6172200.0 ], [ 726000.0, 6172300.0 ], [ 726000.0, 6172400.0 ], [ 726100.0, 6172400.0 ], [ 726200.0, 6172400.0 ], [ 726300.0, 6172400.0 ], [ 726400.0, 6172400.0 ], [ 726400.0, 6172300.0 ], [ 726400.0, 6172200.0 ] ] ] } },
{ "type": "Feature", "properties": { "Shape_Area": 50000.0, "Shape_Leng": 1200.0, "cluster_id": "101_415", "fid_1": 415.0, "id_munic": 415.0, "munic_clus": "101_415", "munic_code": 101.0, "min": 2.5806400775909424, "max": 2.5806400775909424, "mean": 2.5806400299072267, "count": 5, "std": 4.7683715642676816e-08, "range": 0.0 }, "geometry": { "type": "Polygon", "coordinates": [ [ [ 726100.0, 6172500.0 ], [ 726200.0, 6172500.0 ], [ 726300.0, 6172500.0 ], [ 726300.0, 6172600.0 ], [ 726400.0, 6172600.0 ], [ 726400.0, 6172500.0 ], [ 726400.0, 6172400.0 ], [ 726300.0, 6172400.0 ], [ 726200.0, 6172400.0 ], [ 726100.0, 6172400.0 ], [ 726000.0, 6172400.0 ], [ 726000.0, 6172500.0 ], [ 726100.0, 6172500.0 ] ] ] } },
{ "type": "Feature", "properties": { "Shape_Area": 10000.0, "Shape_Leng": 400.0, "cluster_id": "101_416", "fid_1": 416.0, "id_munic": 416.0, "munic_clus": "101_416", "munic_code": 101.0, "min": 2.4393537044525146, "max": 2.4393537044525146, "mean": 2.4393537044525146, "count": 1, "std": 0.0, "range": 0.0 }, "geometry": { "type": "Polygon", "coordinates": [ [ [ 725800.0, 6175600.0 ], [ 725800.0, 6175700.0 ], [ 725900.0, 6175700.0 ], [ 725900.0, 6175600.0 ], [ 725800.0, 6175600.0 ] ] ] } },
{ "type": "Feature", "properties": { "Shape_Area": 80000.0, "Shape_Leng": 1400.0, "cluster_id": "101_417", "fid_1": 417.0, "id_munic": 417.0, "munic_clus": "101_417", "munic_code": 101.0, "min": 3.7085974216461182, "max": 3.7085974216461182, "mean": 3.7085974216461182, "count": 8, "std": 0.0, "range": 0.0 }, "geometry": { "type": "Polygon", "coordinates": [ [ [ 726000.0, 6176000.0 ], [ 726000.0, 6176100.0 ], [ 726000.0, 6176200.0 ], [ 726100.0, 6176200.0 ], [ 726200.0, 6176200.0 ], [ 726200.0, 6176100.0 ], [ 726200.0, 6176000.0 ], [ 726200.0, 6175900.0 ], [ 726100.0, 6175900.0 ], [ 726100.0, 6175800.0 ], [ 726000.0, 6175800.0 ], [ 725900.0, 6175800.0 ], [ 725900.0, 6175900.0 ], [ 726000.0, 6175900.0 ], [ 726000.0, 6176000.0 ] ] ] } },
{ "type": "Feature", "properties": { "Shape_Area": 10000.0, "Shape_Leng": 400.0, "cluster_id": "101_418", "fid_1": 418.0, "id_munic": 418.0, "munic_clus": "101_418", "munic_code": 101.0, "min": 2.4245250225067139, "max": 2.4245250225067139, "mean": 2.4245250225067139, "count": 1, "std": 0.0, "range": 0.0 }, "geometry": { "type": "Polygon", "coordinates": [ [ [ 719000.0, 6176300.0 ], [ 719000.0, 6176400.0 ], [ 719100.0, 6176400.0 ], [ 719100.0, 6176300.0 ], [ 719000.0, 6176300.0 ] ] ] } },
{ "type": "Feature", "properties": { "Shape_Area": 10000.0, "Shape_Leng": 400.0, "cluster_id": "101_419", "fid_1": 419.0, "id_munic": 419.0, "munic_clus": "101_419", "munic_code": 101.0, "min": 4.0036659240722656, "max": 4.0036659240722656, "mean": 4.0036659240722656, "count": 1, "std": 0.0, "range": 0.0 }, "geometry": { "type": "Polygon", "coordinates": [ [ [ 720400.0, 6173600.0 ], [ 720400.0, 6173700.0 ], [ 720500.0, 6173700.0 ], [ 720500.0, 6173600.0 ], [ 720400.0, 6173600.0 ] ] ] } },
{ "type": "Feature", "properties": { "Shape_Area": 20000.0, "Shape_Leng": 600.0, "cluster_id": "101_420", "fid_1": 420.0, "id_munic": 420.0, "munic_clus": "101_420", "munic_code": 101.0, "min": 3.4208600521087646, "max": 3.4208600521087646, "mean": 3.4208600521087646, "count": 2, "std": 0.0, "range": 0.0 }, "geometry": { "type": "Polygon", "coordinates": [ [ [ 720500.0, 6173900.0 ], [ 720600.0, 6173900.0 ], [ 720700.0, 6173900.0 ], [ 720700.0, 6173800.0 ], [ 720600.0, 6173800.0 ], [ 720500.0, 6173800.0 ], [ 720500.0, 6173900.0 ] ] ] } },
{ "type": "Feature", "properties": { "Shape_Area": 20000.0, "Shape_Leng": 600.0, "cluster_id": "101_421", "fid_1": 421.0, "id_munic": 421.0, "munic_clus": "101_421", "munic_code": 101.0, "min": 3.1597805023193359, "max": 3.1597805023193359, "mean": 3.1597805023193359, "count": 2, "std": 0.0, "range": 0.0 }, "geometry": { "type": "Polygon", "coordinates": [ [ [ 720400.0, 6172900.0 ], [ 720500.0, 6172900.0 ], [ 720600.0, 6172900.0 ], [ 720600.0, 6172800.0 ], [ 720500.0, 6172800.0 ], [ 720400.0, 6172800.0 ], [ 720400.0, 6172900.0 ] ] ] } },
{ "type": "Feature", "properties": { "Shape_Area": 140000.0, "Shape_Leng": 1800.0, "cluster_id": "101_422", "fid_1": 422.0, "id_munic": 422.0, "munic_clus": "101_422", "munic_code": 101.0, "min": 3.1794404983520508, "max": 3.1794404983520508, "mean": 3.1794403621128629, "count": 14, "std": 1.3623918793115306e-07, "range": 0.0 }, "geometry": { "type": "Polygon", "coordinates": [ [ [ 720500.0, 6172900.0 ], [ 720400.0, 6172900.0 ], [ 720400.0, 6173000.0 ], [ 720300.0, 6173000.0 ], [ 720300.0, 6173100.0 ], [ 720300.0, 6173200.0 ], [ 720400.0, 6173200.0 ], [ 720500.0, 6173200.0 ], [ 720600.0, 6173200.0 ], [ 720700.0, 6173200.0 ], [ 720700.0, 6173100.0 ], [ 720800.0, 6173100.0 ], [ 720800.0, 6173000.0 ], [ 720800.0, 6172900.0 ], [ 720700.0, 6172900.0 ], [ 720700.0, 6172800.0 ], [ 720600.0, 6172800.0 ], [ 720600.0, 6172900.0 ], [ 720500.0, 6172900.0 ] ] ] } },
{ "type": "Feature", "properties": { "Shape_Area": 20000.0, "Shape_Leng": 600.0, "cluster_id": "101_423", "fid_1": 423.0, "id_munic": 423.0, "munic_clus": "101_423", "munic_code": 101.0, "min": 3.4165277481079102, "max": 3.4165277481079102, "mean": 3.4165277481079102, "count": 2, "std": 0.0, "range": 0.0 }, "geometry": { "type": "Polygon", "coordinates": [ [ [ 720400.0, 6173800.0 ], [ 720500.0, 6173800.0 ], [ 720600.0, 6173800.0 ], [ 720600.0, 6173700.0 ], [ 720500.0, 6173700.0 ], [ 720400.0, 6173700.0 ], [ 720400.0, 6173800.0 ] ] ] } },
{ "type": "Feature", "properties": { "Shape_Area": 20000.0, "Shape_Leng": 600.0, "cluster_id": "101_424", "fid_1": 424.0, "id_munic": 424.0, "munic_clus": "101_424", "munic_code": 101.0, "min": 2.8173942565917969, "max": 2.8173942565917969, "mean": 2.8173942565917969, "count": 2, "std": 0.0, "range": 0.0 }, "geometry": { "type": "Polygon", "coordinates": [ [ [ 720300.0, 6173900.0 ], [ 720400.0, 6173900.0 ], [ 720500.0, 6173900.0 ], [ 720500.0, 6173800.0 ], [ 720400.0, 6173800.0 ], [ 720300.0, 6173800.0 ], [ 720300.0, 6173900.0 ] ] ] } },
{ "type": "Feature", "properties": { "Shape_Area": 20000.0, "Shape_Leng": 600.0, "cluster_id": "101_425", "fid_1": 425.0, "id_munic": 425.0, "munic_clus": "101_425", "munic_code": 101.0, "min": 2.6492838859558105, "max": 2.6492838859558105, "mean": 2.6492838859558105, "count": 2, "std": 0.0, "range": 0.0 }, "geometry": { "type": "Polygon", "coordinates": [ [ [ 723200.0, 6179100.0 ], [ 723300.0, 6179100.0 ], [ 723400.0, 6179100.0 ], [ 723400.0, 6179000.0 ], [ 723300.0, 6179000.0 ], [ 723200.0, 6179000.0 ], [ 723200.0, 6179100.0 ] ] ] } },
{ "type": "Feature", "properties": { "Shape_Area": 40000.0, "Shape_Leng": 800.0, "cluster_id": "101_426", "fid_1": 426.0, "id_munic": 426.0, "munic_clus": "101_426", "munic_code": 101.0, "min": 3.4206933975219727, "max": 3.4206933975219727, "mean": 3.4206933975219727, "count": 4, "std": 0.0, "range": 0.0 }, "geometry": { "type": "Polygon", "coordinates": [ [ [ 723300.0, 6178800.0 ], [ 723200.0, 6178800.0 ], [ 723100.0, 6178800.0 ], [ 723100.0, 6178900.0 ], [ 723100.0, 6179000.0 ], [ 723200.0, 6179000.0 ], [ 723300.0, 6179000.0 ], [ 723300.0, 6178900.0 ], [ 723300.0, 6178800.0 ] ] ] } },
{ "type": "Feature", "properties": { "Shape_Area": 10000.0, "Shape_Leng": 400.0, "cluster_id": "101_427", "fid_1": 427.0, "id_munic": 427.0, "munic_clus": "101_427", "munic_code": 101.0, "min": 2.8393871784210205, "max": 2.8393871784210205, "mean": 2.8393871784210205, "count": 1, "std": 0.0, "range": 0.0 }, "geometry": { "type": "Polygon", "coordinates": [ [ [ 723500.0, 6178700.0 ], [ 723500.0, 6178800.0 ], [ 723600.0, 6178800.0 ], [ 723600.0, 6178700.0 ], [ 723500.0, 6178700.0 ] ] ] } },
{ "type": "Feature", "properties": { "Shape_Area": 10000.0, "Shape_Leng": 400.0, "cluster_id": "101_428", "fid_1": 428.0, "id_munic": 428.0, "munic_clus": "101_428", "munic_code": 101.0, "min": 3.0614800453186035, "max": 3.0614800453186035, "mean": 3.0614800453186035, "count": 1, "std": 0.0, "range": 0.0 }, "geometry": { "type": "Polygon", "coordinates": [ [ [ 723000.0, 6178800.0 ], [ 723000.0, 6178900.0 ], [ 723100.0, 6178900.0 ], [ 723100.0, 6178800.0 ], [ 723000.0, 6178800.0 ] ] ] } },
{ "type": "Feature", "properties": { "Shape_Area": 20000.0, "Shape_Leng": 600.0, "cluster_id": "101_429", "fid_1": 429.0, "id_munic": 429.0, "munic_clus": "101_429", "munic_code": 101.0, "min": 2.4081974029541016, "max": 2.4081974029541016, "mean": 2.4081974029541016, "count": 2, "std": 0.0, "range": 0.0 }, "geometry": { "type": "Polygon", "coordinates": [ [ [ 722900.0, 6178800.0 ], [ 723000.0, 6178800.0 ], [ 723100.0, 6178800.0 ], [ 723100.0, 6178700.0 ], [ 723000.0, 6178700.0 ], [ 722900.0, 6178700.0 ], [ 722900.0, 6178800.0 ] ] ] } },
{ "type": "Feature", "properties": { "Shape_Area": 30000.0, "Shape_Leng": 800.0, "cluster_id": "101_430", "fid_1": 430.0, "id_munic": 430.0, "munic_clus": "101_430", "munic_code": 101.0, "min": 3.3027324676513672, "max": 3.3027324676513672, "mean": 3.3027324676513672, "count": 3, "std": 0.0, "range": 0.0 }, "geometry": { "type": "Polygon", "coordinates": [ [ [ 723300.0, 6178400.0 ], [ 723200.0, 6178400.0 ], [ 723200.0, 6178500.0 ], [ 723300.0, 6178500.0 ], [ 723400.0, 6178500.0 ], [ 723400.0, 6178400.0 ], [ 723400.0, 6178300.0 ], [ 723300.0, 6178300.0 ], [ 723300.0, 6178400.0 ] ] ] } },
{ "type": "Feature", "properties": { "Shape_Area": 30000.0, "Shape_Leng": 800.0, "cluster_id": "101_431", "fid_1": 431.0, "id_munic": 431.0, "munic_clus": "101_431", "munic_code": 101.0, "min": 2.044651985168457, "max": 2.044651985168457, "mean": 2.044651985168457, "count": 3, "std": 0.0, "range": 0.0 }, "geometry": { "type": "Polygon", "coordinates": [ [ [ 723400.0, 6179100.0 ], [ 723300.0, 6179100.0 ], [ 723300.0, 6179200.0 ], [ 723400.0, 6179200.0 ], [ 723500.0, 6179200.0 ], [ 723500.0, 6179100.0 ], [ 723500.0, 6179000.0 ], [ 723400.0, 6179000.0 ], [ 723400.0, 6179100.0 ] ] ] } },
{ "type": "Feature", "properties": { "Shape_Area": 70000.0, "Shape_Leng": 1200.0, "cluster_id": "101_432", "fid_1": 432.0, "id_munic": 432.0, "munic_clus": "101_432", "munic_code": 101.0, "min": 3.3905367851257324, "max": 3.3905367851257324, "mean": 3.3905367170061385, "count": 7, "std": 6.8119593965576541e-08, "range": 0.0 }, "geometry": { "type": "Polygon", "coordinates": [ [ [ 723300.0, 6178500.0 ], [ 723200.0, 6178500.0 ], [ 723100.0, 6178500.0 ], [ 723100.0, 6178600.0 ], [ 723000.0, 6178600.0 ], [ 723000.0, 6178700.0 ], [ 723100.0, 6178700.0 ], [ 723100.0, 6178800.0 ], [ 723200.0, 6178800.0 ], [ 723300.0, 6178800.0 ], [ 723300.0, 6178700.0 ], [ 723300.0, 6178600.0 ], [ 723300.0, 6178500.0 ] ] ] } },
{ "type": "Feature", "properties": { "Shape_Area": 60000.0, "Shape_Leng": 1400.0, "cluster_id": "101_433", "fid_1": 433.0, "id_munic": 433.0, "munic_clus": "101_433", "munic_code": 101.0, "min": 3.0653121471405029, "max": 3.0653121471405029, "mean": 3.0653120676676431, "count": 6, "std": 7.947285984855057e-08, "range": 0.0 }, "geometry": { "type": "Polygon", "coordinates": [ [ [ 722700.0, 6177200.0 ], [ 722700.0, 6177100.0 ], [ 722600.0, 6177100.0 ], [ 722500.0, 6177100.0 ], [ 722500.0, 6177200.0 ], [ 722400.0, 6177200.0 ], [ 722300.0, 6177200.0 ], [ 722300.0, 6177300.0 ], [ 722400.0, 6177300.0 ], [ 722400.0, 6177400.0 ], [ 722500.0, 6177400.0 ], [ 722500.0, 6177300.0 ], [ 722600.0, 6177300.0 ], [ 722600.0, 6177200.0 ], [ 722700.0, 6177200.0 ] ] ] } },
{ "type": "Feature", "properties": { "Shape_Area": 10000.0, "Shape_Leng": 400.0, "cluster_id": "101_434", "fid_1": 434.0, "id_munic": 434.0, "munic_clus": "101_434", "munic_code": 101.0, "min": 2.8037326335906982, "max": 2.8037326335906982, "mean": 2.8037326335906982, "count": 1, "std": 0.0, "range": 0.0 }, "geometry": { "type": "Polygon", "coordinates": [ [ [ 723200.0, 6180400.0 ], [ 723200.0, 6180500.0 ], [ 723300.0, 6180500.0 ], [ 723300.0, 6180400.0 ], [ 723200.0, 6180400.0 ] ] ] } },
{ "type": "Feature", "properties": { "Shape_Area": 90000.0, "Shape_Leng": 1400.0, "cluster_id": "101_435", "fid_1": 435.0, "id_munic": 435.0, "munic_clus": "101_435", "munic_code": 101.0, "min": 3.5883042812347412, "max": 3.5883042812347412, "mean": 3.5883043077256946, "count": 9, "std": 2.6490953430879927e-08, "range": 0.0 }, "geometry": { "type": "Polygon", "coordinates": [ [ [ 723200.0, 6180200.0 ], [ 723100.0, 6180200.0 ], [ 723000.0, 6180200.0 ], [ 723000.0, 6180300.0 ], [ 722900.0, 6180300.0 ], [ 722900.0, 6180400.0 ], [ 722900.0, 6180500.0 ], [ 723000.0, 6180500.0 ], [ 723100.0, 6180500.0 ], [ 723200.0, 6180500.0 ], [ 723200.0, 6180400.0 ], [ 723300.0, 6180400.0 ], [ 723300.0, 6180300.0 ], [ 723200.0, 6180300.0 ], [ 723200.0, 6180200.0 ] ] ] } },
{ "type": "Feature", "properties": { "Shape_Area": 290000.0, "Shape_Leng": 3000.0, "cluster_id": "101_436", "fid_1": 436.0, "id_munic": 436.0, "munic_clus": "101_436", "munic_code": 101.0, "min": 3.0279912948608398, "max": 3.0279912948608398, "mean": 3.027991196204876, "count": 29, "std": 9.8655963842730898e-08, "range": 0.0 }, "geometry": { "type": "Polygon", "coordinates": [ [ [ 723000.0, 6179800.0 ], [ 723000.0, 6179900.0 ], [ 723000.0, 6180000.0 ], [ 723100.0, 6180000.0 ], [ 723100.0, 6180100.0 ], [ 723200.0, 6180100.0 ], [ 723200.0, 6180200.0 ], [ 723200.0, 6180300.0 ], [ 723300.0, 6180300.0 ], [ 723300.0, 6180400.0 ], [ 723300.0, 6180500.0 ], [ 723400.0, 6180500.0 ], [ 723400.0, 6180400.0 ], [ 723500.0, 6180400.0 ], [ 723500.0, 6180300.0 ], [ 723500.0, 6180200.0 ], [ 723500.0, 6180100.0 ], [ 723600.0, 6180100.0 ], [ 723600.0, 6180000.0 ], [ 723600.0, 6179900.0 ], [ 723500.0, 6179900.0 ], [ 723500.0, 6179800.0 ], [ 723400.0, 6179800.0 ], [ 723400.0, 6179700.0 ], [ 723300.0, 6179700.0 ], [ 723300.0, 6179600.0 ], [ 723200.0, 6179600.0 ], [ 723200.0, 6179700.0 ], [ 723100.0, 6179700.0 ], [ 723100.0, 6179800.0 ], [ 723000.0, 6179800.0 ] ] ] } },
{ "type": "Feature", "properties": { "Shape_Area": 20000.0, "Shape_Leng": 600.0, "cluster_id": "101_437", "fid_1": 437.0, "id_munic": 437.0, "munic_clus": "101_437", "munic_code": 101.0, "min": 4.0061650276184082, "max": 4.0061650276184082, "mean": 4.0061650276184082, "count": 2, "std": 0.0, "range": 0.0 }, "geometry": { "type": "Polygon", "coordinates": [ [ [ 722800.0, 6180600.0 ], [ 722900.0, 6180600.0 ], [ 723000.0, 6180600.0 ], [ 723000.0, 6180500.0 ], [ 722900.0, 6180500.0 ], [ 722800.0, 6180500.0 ], [ 722800.0, 6180600.0 ] ] ] } },
{ "type": "Feature", "properties": { "Shape_Area": 80000.0, "Shape_Leng": 1200.0, "cluster_id": "101_438", "fid_1": 438.0, "id_munic": 438.0, "munic_clus": "101_438", "munic_code": 101.0, "min": 3.8533825874328613, "max": 3.8533825874328613, "mean": 3.8533825874328613, "count": 8, "std": 0.0, "range": 0.0 }, "geometry": { "type": "Polygon", "coordinates": [ [ [ 722900.0, 6180200.0 ], [ 722800.0, 6180200.0 ], [ 722700.0, 6180200.0 ], [ 722700.0, 6180300.0 ], [ 722600.0, 6180300.0 ], [ 722600.0, 6180400.0 ], [ 722600.0, 6180500.0 ], [ 722700.0, 6180500.0 ], [ 722800.0, 6180500.0 ], [ 722900.0, 6180500.0 ], [ 722900.0, 6180400.0 ], [ 722900.0, 6180300.0 ], [ 722900.0, 6180200.0 ] ] ] } },
{ "type": "Feature", "properties": { "Shape_Area": 100000.0, "Shape_Leng": 1800.0, "cluster_id": "101_439", "fid_1": 439.0, "id_munic": 439.0, "munic_clus": "101_439", "munic_code": 101.0, "min": 2.8957018852233887, "max": 2.8957018852233887, "mean": 2.8957019805908204, "count": 10, "std": 9.5367431729442855e-08, "range": 0.0 }, "geometry": { "type": "Polygon", "coordinates": [ [ [ 722900.0, 6179900.0 ], [ 722900.0, 6180000.0 ], [ 722800.0, 6180000.0 ], [ 722800.0, 6180100.0 ], [ 722700.0, 6180100.0 ], [ 722700.0, 6180200.0 ], [ 722800.0, 6180200.0 ], [ 722900.0, 6180200.0 ], [ 722900.0, 6180300.0 ], [ 723000.0, 6180300.0 ], [ 723000.0, 6180200.0 ], [ 723100.0, 6180200.0 ], [ 723200.0, 6180200.0 ], [ 723200.0, 6180100.0 ], [ 723100.0, 6180100.0 ], [ 723100.0, 6180000.0 ], [ 723000.0, 6180000.0 ], [ 723000.0, 6179900.0 ], [ 722900.0, 6179900.0 ] ] ] } },
{ "type": "Feature", "properties": { "Shape_Area": 20000.0, "Shape_Leng": 600.0, "cluster_id": "101_440", "fid_1": 440.0, "id_munic": 440.0, "munic_clus": "101_440", "munic_code": 101.0, "min": 3.2854053974151611, "max": 3.2854053974151611, "mean": 3.2854053974151611, "count": 2, "std": 0.0, "range": 0.0 }, "geometry": { "type": "Polygon", "coordinates": [ [ [ 725600.0, 6177100.0 ], [ 725700.0, 6177100.0 ], [ 725800.0, 6177100.0 ], [ 725800.0, 6177000.0 ], [ 725700.0, 6177000.0 ], [ 725600.0, 6177000.0 ], [ 725600.0, 6177100.0 ] ] ] } },
{ "type": "Feature", "properties": { "Shape_Area": 40000.0, "Shape_Leng": 1000.0, "cluster_id": "101_441", "fid_1": 441.0, "id_munic": 441.0, "munic_clus": "101_441", "munic_code": 101.0, "min": 2.6732752323150635, "max": 2.6732752323150635, "mean": 2.6732752323150635, "count": 4, "std": 0.0, "range": 0.0 }, "geometry": { "type": "Polygon", "coordinates": [ [ [ 725600.0, 6176800.0 ], [ 725600.0, 6176900.0 ], [ 725600.0, 6177000.0 ], [ 725700.0, 6177000.0 ], [ 725700.0, 6176900.0 ], [ 725700.0, 6176800.0 ], [ 725700.0, 6176700.0 ], [ 725600.0, 6176700.0 ], [ 725500.0, 6176700.0 ], [ 725500.0, 6176800.0 ], [ 725600.0, 6176800.0 ] ] ] } },
{ "type": "Feature", "properties": { "Shape_Area": 20000.0, "Shape_Leng": 600.0, "cluster_id": "101_442", "fid_1": 442.0, "id_munic": 442.0, "munic_clus": "101_442", "munic_code": 101.0, "min": 3.4661779403686523, "max": 3.4661779403686523, "mean": 3.4661779403686523, "count": 2, "std": 0.0, "range": 0.0 }, "geometry": { "type": "Polygon", "coordinates": [ [ [ 723600.0, 6177100.0 ], [ 723600.0, 6177200.0 ], [ 723700.0, 6177200.0 ], [ 723700.0, 6177100.0 ], [ 723700.0, 6177000.0 ], [ 723600.0, 6177000.0 ], [ 723600.0, 6177100.0 ] ] ] } },
{ "type": "Feature", "properties": { "Shape_Area": 20000.0, "Shape_Leng": 600.0, "cluster_id": "101_443", "fid_1": 443.0, "id_munic": 443.0, "munic_clus": "101_443", "munic_code": 101.0, "min": 2.2407534122467041, "max": 2.2407534122467041, "mean": 2.2407534122467041, "count": 2, "std": 0.0, "range": 0.0 }, "geometry": { "type": "Polygon", "coordinates": [ [ [ 722100.0, 6179200.0 ], [ 722200.0, 6179200.0 ], [ 722300.0, 6179200.0 ], [ 722300.0, 6179100.0 ], [ 722200.0, 6179100.0 ], [ 722100.0, 6179100.0 ], [ 722100.0, 6179200.0 ] ] ] } },
{ "type": "Feature", "properties": { "Shape_Area": 10000.0, "Shape_Leng": 400.0, "cluster_id": "101_444", "fid_1": 444.0, "id_munic": 444.0, "munic_clus": "101_444", "munic_code": 101.0, "min": 2.8192267417907715, "max": 2.8192267417907715, "mean": 2.8192267417907715, "count": 1, "std": 0.0, "range": 0.0 }, "geometry": { "type": "Polygon", "coordinates": [ [ [ 722200.0, 6179400.0 ], [ 722200.0, 6179500.0 ], [ 722300.0, 6179500.0 ], [ 722300.0, 6179400.0 ], [ 722200.0, 6179400.0 ] ] ] } },
{ "type": "Feature", "properties": { "Shape_Area": 10000.0, "Shape_Leng": 400.0, "cluster_id": "101_445", "fid_1": 445.0, "id_munic": 445.0, "munic_clus": "101_445", "munic_code": 101.0, "min": 2.9188604354858398, "max": 2.9188604354858398, "mean": 2.9188604354858398, "count": 1, "std": 0.0, "range": 0.0 }, "geometry": { "type": "Polygon", "coordinates": [ [ [ 722200.0, 6179200.0 ], [ 722200.0, 6179300.0 ], [ 722300.0, 6179300.0 ], [ 722300.0, 6179200.0 ], [ 722200.0, 6179200.0 ] ] ] } },
{ "type": "Feature", "properties": { "Shape_Area": 10000.0, "Shape_Leng": 400.0, "cluster_id": "101_446", "fid_1": 446.0, "id_munic": 446.0, "munic_clus": "101_446", "munic_code": 101.0, "min": 2.9306900501251221, "max": 2.9306900501251221, "mean": 2.9306900501251221, "count": 1, "std": 0.0, "range": 0.0 }, "geometry": { "type": "Polygon", "coordinates": [ [ [ 722200.0, 6179300.0 ], [ 722200.0, 6179400.0 ], [ 722300.0, 6179400.0 ], [ 722300.0, 6179300.0 ], [ 722200.0, 6179300.0 ] ] ] } },
{ "type": "Feature", "properties": { "Shape_Area": 20000.0, "Shape_Leng": 600.0, "cluster_id": "101_447", "fid_1": 447.0, "id_munic": 447.0, "munic_clus": "101_447", "munic_code": 101.0, "min": 2.2945687770843506, "max": 2.2945687770843506, "mean": 2.2945687770843506, "count": 2, "std": 0.0, "range": 0.0 }, "geometry": { "type": "Polygon", "coordinates": [ [ [ 721900.0, 6179000.0 ], [ 721900.0, 6179100.0 ], [ 722000.0, 6179100.0 ], [ 722000.0, 6179000.0 ], [ 722000.0, 6178900.0 ], [ 721900.0, 6178900.0 ], [ 721900.0, 6179000.0 ] ] ] } },
{ "type": "Feature", "properties": { "Shape_Area": 10000.0, "Shape_Leng": 400.0, "cluster_id": "101_448", "fid_1": 448.0, "id_munic": 448.0, "munic_clus": "101_448", "munic_code": 101.0, "min": 3.5016665458679199, "max": 3.5016665458679199, "mean": 3.5016665458679199, "count": 1, "std": 0.0, "range": 0.0 }, "geometry": { "type": "Polygon", "coordinates": [ [ [ 722000.0, 6179100.0 ], [ 722000.0, 6179200.0 ], [ 722100.0, 6179200.0 ], [ 722100.0, 6179100.0 ], [ 722000.0, 6179100.0 ] ] ] } },
{ "type": "Feature", "properties": { "Shape_Area": 10000.0, "Shape_Leng": 400.0, "cluster_id": "101_449", "fid_1": 449.0, "id_munic": 449.0, "munic_clus": "101_449", "munic_code": 101.0, "min": 2.8312227725982666, "max": 2.8312227725982666, "mean": 2.8312227725982666, "count": 1, "std": 0.0, "range": 0.0 }, "geometry": { "type": "Polygon", "coordinates": [ [ [ 722000.0, 6179200.0 ], [ 722000.0, 6179300.0 ], [ 722100.0, 6179300.0 ], [ 722100.0, 6179200.0 ], [ 722000.0, 6179200.0 ] ] ] } },
{ "type": "Feature", "properties": { "Shape_Area": 20000.0, "Shape_Leng": 600.0, "cluster_id": "101_450", "fid_1": 450.0, "id_munic": 450.0, "munic_clus": "101_450", "munic_code": 101.0, "min": 3.2440853118896484, "max": 3.2440853118896484, "mean": 3.2440853118896484, "count": 2, "std": 0.0, "range": 0.0 }, "geometry": { "type": "Polygon", "coordinates": [ [ [ 721900.0, 6179400.0 ], [ 721900.0, 6179500.0 ], [ 722000.0, 6179500.0 ], [ 722000.0, 6179400.0 ], [ 722000.0, 6179300.0 ], [ 721900.0, 6179300.0 ], [ 721900.0, 6179400.0 ] ] ] } },
{ "type": "Feature", "properties": { "Shape_Area": 10000.0, "Shape_Leng": 400.0, "cluster_id": "101_451", "fid_1": 451.0, "id_munic": 451.0, "munic_clus": "101_451", "munic_code": 101.0, "min": 2.975841760635376, "max": 2.975841760635376, "mean": 2.975841760635376, "count": 1, "std": 0.0, "range": 0.0 }, "geometry": { "type": "Polygon", "coordinates": [ [ [ 723600.0, 6176900.0 ], [ 723600.0, 6177000.0 ], [ 723700.0, 6177000.0 ], [ 723700.0, 6176900.0 ], [ 723600.0, 6176900.0 ] ] ] } },
{ "type": "Feature", "properties": { "Shape_Area": 10000.0, "Shape_Leng": 400.0, "cluster_id": "101_452", "fid_1": 452.0, "id_munic": 452.0, "munic_clus": "101_452", "munic_code": 101.0, "min": 3.563812255859375, "max": 3.563812255859375, "mean": 3.563812255859375, "count": 1, "std": 0.0, "range": 0.0 }, "geometry": { "type": "Polygon", "coordinates": [ [ [ 722000.0, 6179900.0 ], [ 722000.0, 6180000.0 ], [ 722100.0, 6180000.0 ], [ 722100.0, 6179900.0 ], [ 722000.0, 6179900.0 ] ] ] } },
{ "type": "Feature", "properties": { "Shape_Area": 20000.0, "Shape_Leng": 600.0, "cluster_id": "101_453", "fid_1": 453.0, "id_munic": 453.0, "munic_clus": "101_453", "munic_code": 101.0, "min": 3.0171611309051514, "max": 3.0171611309051514, "mean": 3.0171611309051514, "count": 2, "std": 0.0, "range": 0.0 }, "geometry": { "type": "Polygon", "coordinates": [ [ [ 722000.0, 6179600.0 ], [ 722100.0, 6179600.0 ], [ 722200.0, 6179600.0 ], [ 722200.0, 6179500.0 ], [ 722100.0, 6179500.0 ], [ 722000.0, 6179500.0 ], [ 722000.0, 6179600.0 ] ] ] } },
{ "type": "Feature", "properties": { "Shape_Area": 20000.0, "Shape_Leng": 600.0, "cluster_id": "101_454", "fid_1": 454.0, "id_munic": 454.0, "munic_clus": "101_454", "munic_code": 101.0, "min": 3.2317562103271484, "max": 3.2317562103271484, "mean": 3.2317562103271484, "count": 2, "std": 0.0, "range": 0.0 }, "geometry": { "type": "Polygon", "coordinates": [ [ [ 722000.0, 6179700.0 ], [ 722100.0, 6179700.0 ], [ 722200.0, 6179700.0 ], [ 722200.0, 6179600.0 ], [ 722100.0, 6179600.0 ], [ 722000.0, 6179600.0 ], [ 722000.0, 6179700.0 ] ] ] } },
{ "type": "Feature", "properties": { "Shape_Area": 10000.0, "Shape_Leng": 400.0, "cluster_id": "101_455", "fid_1": 455.0, "id_munic": 455.0, "munic_clus": "101_455", "munic_code": 101.0, "min": 2.5004997253417969, "max": 2.5004997253417969, "mean": 2.5004997253417969, "count": 1, "std": 0.0, "range": 0.0 }, "geometry": { "type": "Polygon", "coordinates": [ [ [ 722100.0, 6179200.0 ], [ 722100.0, 6179300.0 ], [ 722200.0, 6179300.0 ], [ 722200.0, 6179200.0 ], [ 722100.0, 6179200.0 ] ] ] } },
{ "type": "Feature", "properties": { "Shape_Area": 20000.0, "Shape_Leng": 600.0, "cluster_id": "101_456", "fid_1": 456.0, "id_munic": 456.0, "munic_clus": "101_456", "munic_code": 101.0, "min": 3.2589137554168701, "max": 3.2589137554168701, "mean": 3.2589137554168701, "count": 2, "std": 0.0, "range": 0.0 }, "geometry": { "type": "Polygon", "coordinates": [ [ [ 723400.0, 6178300.0 ], [ 723400.0, 6178400.0 ], [ 723500.0, 6178400.0 ], [ 723500.0, 6178300.0 ], [ 723500.0, 6178200.0 ], [ 723400.0, 6178200.0 ], [ 723400.0, 6178300.0 ] ] ] } },
{ "type": "Feature", "properties": { "Shape_Area": 20000.0, "Shape_Leng": 600.0, "cluster_id": "101_457", "fid_1": 457.0, "id_munic": 457.0, "munic_clus": "101_457", "munic_code": 101.0, "min": 2.3245587348937988, "max": 2.3245587348937988, "mean": 2.3245587348937988, "count": 2, "std": 0.0, "range": 0.0 }, "geometry": { "type": "Polygon", "coordinates": [ [ [ 724100.0, 6179800.0 ], [ 724100.0, 6179900.0 ], [ 724200.0, 6179900.0 ], [ 724200.0, 6179800.0 ], [ 724200.0, 6179700.0 ], [ 724100.0, 6179700.0 ], [ 724100.0, 6179800.0 ] ] ] } },
{ "type": "Feature", "properties": { "Shape_Area": 10000.0, "Shape_Leng": 400.0, "cluster_id": "101_458", "fid_1": 458.0, "id_munic": 458.0, "munic_clus": "101_458", "munic_code": 101.0, "min": 3.1631124019622803, "max": 3.1631124019622803, "mean": 3.1631124019622803, "count": 1, "std": 0.0, "range": 0.0 }, "geometry": { "type": "Polygon", "coordinates": [ [ [ 723700.0, 6176900.0 ], [ 723700.0, 6177000.0 ], [ 723800.0, 6177000.0 ], [ 723800.0, 6176900.0 ], [ 723700.0, 6176900.0 ] ] ] } },
{ "type": "Feature", "properties": { "Shape_Area": 20000.0, "Shape_Leng": 600.0, "cluster_id": "101_459", "fid_1": 459.0, "id_munic": 459.0, "munic_clus": "101_459", "munic_code": 101.0, "min": 2.4795072078704834, "max": 2.4795072078704834, "mean": 2.4795072078704834, "count": 2, "std": 0.0, "range": 0.0 }, "geometry": { "type": "Polygon", "coordinates": [ [ [ 723600.0, 6176900.0 ], [ 723700.0, 6176900.0 ], [ 723800.0, 6176900.0 ], [ 723800.0, 6176800.0 ], [ 723700.0, 6176800.0 ], [ 723600.0, 6176800.0 ], [ 723600.0, 6176900.0 ] ] ] } },
{ "type": "Feature", "properties": { "Shape_Area": 20000.0, "Shape_Leng": 600.0, "cluster_id": "101_460", "fid_1": 460.0, "id_munic": 460.0, "munic_clus": "101_460", "munic_code": 101.0, "min": 2.2297570705413818, "max": 2.2297570705413818, "mean": 2.2297570705413818, "count": 2, "std": 0.0, "range": 0.0 }, "geometry": { "type": "Polygon", "coordinates": [ [ [ 724000.0, 6179800.0 ], [ 724000.0, 6179900.0 ], [ 724100.0, 6179900.0 ], [ 724100.0, 6179800.0 ], [ 724100.0, 6179700.0 ], [ 724000.0, 6179700.0 ], [ 724000.0, 6179800.0 ] ] ] } },
{ "type": "Feature", "properties": { "Shape_Area": 10000.0, "Shape_Leng": 400.0, "cluster_id": "101_461", "fid_1": 461.0, "id_munic": 461.0, "munic_clus": "101_461", "munic_code": 101.0, "min": 3.9161951541900635, "max": 3.9161951541900635, "mean": 3.9161951541900635, "count": 1, "std": 0.0, "range": 0.0 }, "geometry": { "type": "Polygon", "coordinates": [ [ [ 724000.0, 6179900.0 ], [ 724000.0, 6180000.0 ], [ 724100.0, 6180000.0 ], [ 724100.0, 6179900.0 ], [ 724000.0, 6179900.0 ] ] ] } },
{ "type": "Feature", "properties": { "Shape_Area": 10000.0, "Shape_Leng": 400.0, "cluster_id": "101_462", "fid_1": 462.0, "id_munic": 462.0, "munic_clus": "101_462", "munic_code": 101.0, "min": 2.9710099697113037, "max": 2.9710099697113037, "mean": 2.9710099697113037, "count": 1, "std": 0.0, "range": 0.0 }, "geometry": { "type": "Polygon", "coordinates": [ [ [ 723900.0, 6179900.0 ], [ 723900.0, 6180000.0 ], [ 724000.0, 6180000.0 ], [ 724000.0, 6179900.0 ], [ 723900.0, 6179900.0 ] ] ] } },
{ "type": "Feature", "properties": { "Shape_Area": 30000.0, "Shape_Leng": 800.0, "cluster_id": "101_463", "fid_1": 463.0, "id_munic": 463.0, "munic_clus": "101_463", "munic_code": 101.0, "min": 2.8533821105957031, "max": 2.8533821105957031, "mean": 2.8533821105957031, "count": 3, "std": 0.0, "range": 0.0 }, "geometry": { "type": "Polygon", "coordinates": [ [ [ 723600.0, 6179800.0 ], [ 723600.0, 6179900.0 ], [ 723700.0, 6179900.0 ], [ 723700.0, 6179800.0 ], [ 723800.0, 6179800.0 ], [ 723800.0, 6179700.0 ], [ 723700.0, 6179700.0 ], [ 723600.0, 6179700.0 ], [ 723600.0, 6179800.0 ] ] ] } },
{ "type": "Feature", "properties": { "Shape_Area": 40000.0, "Shape_Leng": 1000.0, "cluster_id": "101_464", "fid_1": 464.0, "id_munic": 464.0, "munic_clus": "101_464", "munic_code": 101.0, "min": 3.0668110847473145, "max": 3.0668110847473145, "mean": 3.0668110847473145, "count": 4, "std": 0.0, "range": 0.0 }, "geometry": { "type": "Polygon", "coordinates": [ [ [ 719700.0, 6173000.0 ], [ 719700.0, 6173100.0 ], [ 719800.0, 6173100.0 ], [ 719900.0, 6173100.0 ], [ 719900.0, 6173000.0 ], [ 719800.0, 6173000.0 ], [ 719800.0, 6172900.0 ], [ 719700.0, 6172900.0 ], [ 719600.0, 6172900.0 ], [ 719600.0, 6173000.0 ], [ 719700.0, 6173000.0 ] ] ] } },
{ "type": "Feature", "properties": { "Shape_Area": 50000.0, "Shape_Leng": 1000.0, "cluster_id": "101_465", "fid_1": 465.0, "id_munic": 465.0, "munic_clus": "101_465", "munic_code": 101.0, "min": 2.9995005130767822, "max": 2.9995005130767822, "mean": 2.9995004653930666, "count": 5, "std": 4.7683715642676816e-08, "range": 0.0 }, "geometry": { "type": "Polygon", "coordinates": [ [ [ 719900.0, 6173000.0 ], [ 719900.0, 6173100.0 ], [ 720000.0, 6173100.0 ], [ 720100.0, 6173100.0 ], [ 720100.0, 6173000.0 ], [ 720100.0, 6172900.0 ], [ 720000.0, 6172900.0 ], [ 719900.0, 6172900.0 ], [ 719800.0, 6172900.0 ], [ 719800.0, 6173000.0 ], [ 719900.0, 6173000.0 ] ] ] } },
{ "type": "Feature", "properties": { "Shape_Area": 80000.0, "Shape_Leng": 1400.0, "cluster_id": "101_466", "fid_1": 466.0, "id_munic": 466.0, "munic_clus": "101_466", "munic_code": 101.0, "min": 2.3023996353149414, "max": 2.3023996353149414, "mean": 2.3023996353149414, "count": 8, "std": 0.0, "range": 0.0 }, "geometry": { "type": "Polygon", "coordinates": [ [ [ 720400.0, 6172800.0 ], [ 720300.0, 6172800.0 ], [ 720200.0, 6172800.0 ], [ 720200.0, 6172900.0 ], [ 720100.0, 6172900.0 ], [ 720100.0, 6173000.0 ], [ 720100.0, 6173100.0 ], [ 720200.0, 6173100.0 ], [ 720200.0, 6173200.0 ], [ 720300.0, 6173200.0 ], [ 720300.0, 6173100.0 ], [ 720300.0, 6173000.0 ], [ 720400.0, 6173000.0 ], [ 720400.0, 6172900.0 ], [ 720400.0, 6172800.0 ] ] ] } },
{ "type": "Feature", "properties": { "Shape_Area": 10000.0, "Shape_Leng": 400.0, "cluster_id": "101_467", "fid_1": 467.0, "id_munic": 467.0, "munic_clus": "101_467", "munic_code": 101.0, "min": 3.7579140663146973, "max": 3.7579140663146973, "mean": 3.7579140663146973, "count": 1, "std": 0.0, "range": 0.0 }, "geometry": { "type": "Polygon", "coordinates": [ [ [ 723500.0, 6176600.0 ], [ 723500.0, 6176700.0 ], [ 723600.0, 6176700.0 ], [ 723600.0, 6176600.0 ], [ 723500.0, 6176600.0 ] ] ] } },
{ "type": "Feature", "properties": { "Shape_Area": 10000.0, "Shape_Leng": 400.0, "cluster_id": "101_468", "fid_1": 468.0, "id_munic": 468.0, "munic_clus": "101_468", "munic_code": 101.0, "min": 2.6634457111358643, "max": 2.6634457111358643, "mean": 2.6634457111358643, "count": 1, "std": 0.0, "range": 0.0 }, "geometry": { "type": "Polygon", "coordinates": [ [ [ 725100.0, 6179300.0 ], [ 725100.0, 6179400.0 ], [ 725200.0, 6179400.0 ], [ 725200.0, 6179300.0 ], [ 725100.0, 6179300.0 ] ] ] } },
{ "type": "Feature", "properties": { "Shape_Area": 30000.0, "Shape_Leng": 800.0, "cluster_id": "101_469", "fid_1": 469.0, "id_munic": 469.0, "munic_clus": "101_469", "munic_code": 101.0, "min": 2.6481175422668457, "max": 2.6481175422668457, "mean": 2.6481175422668457, "count": 3, "std": 0.0, "range": 0.0 }, "geometry": { "type": "Polygon", "coordinates": [ [ [ 724900.0, 6179300.0 ], [ 725000.0, 6179300.0 ], [ 725100.0, 6179300.0 ], [ 725200.0, 6179300.0 ], [ 725200.0, 6179200.0 ], [ 725100.0, 6179200.0 ], [ 725000.0, 6179200.0 ], [ 724900.0, 6179200.0 ], [ 724900.0, 6179300.0 ] ] ] } },
{ "type": "Feature", "properties": { "Shape_Area": 10000.0, "Shape_Leng": 400.0, "cluster_id": "101_470", "fid_1": 470.0, "id_munic": 470.0, "munic_clus": "101_470", "munic_code": 101.0, "min": 2.2379207611083984, "max": 2.2379207611083984, "mean": 2.2379207611083984, "count": 1, "std": 0.0, "range": 0.0 }, "geometry": { "type": "Polygon", "coordinates": [ [ [ 725200.0, 6179300.0 ], [ 725200.0, 6179400.0 ], [ 725300.0, 6179400.0 ], [ 725300.0, 6179300.0 ], [ 725200.0, 6179300.0 ] ] ] } },
{ "type": "Feature", "properties": { "Shape_Area": 10000.0, "Shape_Leng": 400.0, "cluster_id": "101_471", "fid_1": 471.0, "id_munic": 471.0, "munic_clus": "101_471", "munic_code": 101.0, "min": 2.5659782886505127, "max": 2.5659782886505127, "mean": 2.5659782886505127, "count": 1, "std": 0.0, "range": 0.0 }, "geometry": { "type": "Polygon", "coordinates": [ [ [ 725100.0, 6179400.0 ], [ 725100.0, 6179500.0 ], [ 725200.0, 6179500.0 ], [ 725200.0, 6179400.0 ], [ 725100.0, 6179400.0 ] ] ] } },
{ "type": "Feature", "properties": { "Shape_Area": 10000.0, "Shape_Leng": 400.0, "cluster_id": "101_472", "fid_1": 472.0, "id_munic": 472.0, "munic_clus": "101_472", "munic_code": 101.0, "min": 3.2687447071075439, "max": 3.2687447071075439, "mean": 3.2687447071075439, "count": 1, "std": 0.0, "range": 0.0 }, "geometry": { "type": "Polygon", "coordinates": [ [ [ 725000.0, 6179400.0 ], [ 725000.0, 6179500.0 ], [ 725100.0, 6179500.0 ], [ 725100.0, 6179400.0 ], [ 725000.0, 6179400.0 ] ] ] } },
{ "type": "Feature", "properties": { "Shape_Area": 20000.0, "Shape_Leng": 600.0, "cluster_id": "101_473", "fid_1": 473.0, "id_munic": 473.0, "munic_clus": "101_473", "munic_code": 101.0, "min": 2.9798405170440674, "max": 2.9798405170440674, "mean": 2.9798405170440674, "count": 2, "std": 0.0, "range": 0.0 }, "geometry": { "type": "Polygon", "coordinates": [ [ [ 724900.0, 6179400.0 ], [ 725000.0, 6179400.0 ], [ 725100.0, 6179400.0 ], [ 725100.0, 6179300.0 ], [ 725000.0, 6179300.0 ], [ 724900.0, 6179300.0 ], [ 724900.0, 6179400.0 ] ] ] } },
{ "type": "Feature", "properties": { "Shape_Area": 10000.0, "Shape_Leng": 400.0, "cluster_id": "101_474", "fid_1": 474.0, "id_munic": 474.0, "munic_clus": "101_474", "munic_code": 101.0, "min": 2.4918360710144043, "max": 2.4918360710144043, "mean": 2.4918360710144043, "count": 1, "std": 0.0, "range": 0.0 }, "geometry": { "type": "Polygon", "coordinates": [ [ [ 724900.0, 6179400.0 ], [ 724900.0, 6179500.0 ], [ 725000.0, 6179500.0 ], [ 725000.0, 6179400.0 ], [ 724900.0, 6179400.0 ] ] ] } },
{ "type": "Feature", "properties": { "Shape_Area": 20000.0, "Shape_Leng": 600.0, "cluster_id": "101_475", "fid_1": 475.0, "id_munic": 475.0, "munic_clus": "101_475", "munic_code": 101.0, "min": 3.1377875804901123, "max": 3.1377875804901123, "mean": 3.1377875804901123, "count": 2, "std": 0.0, "range": 0.0 }, "geometry": { "type": "Polygon", "coordinates": [ [ [ 722500.0, 6173500.0 ], [ 722500.0, 6173600.0 ], [ 722600.0, 6173600.0 ], [ 722600.0, 6173500.0 ], [ 722600.0, 6173400.0 ], [ 722500.0, 6173400.0 ], [ 722500.0, 6173500.0 ] ] ] } },
{ "type": "Feature", "properties": { "Shape_Area": 20000.0, "Shape_Leng": 600.0, "cluster_id": "101_476", "fid_1": 476.0, "id_munic": 476.0, "munic_clus": "101_476", "munic_code": 101.0, "min": 3.517827033996582, "max": 3.517827033996582, "mean": 3.517827033996582, "count": 2, "std": 0.0, "range": 0.0 }, "geometry": { "type": "Polygon", "coordinates": [ [ [ 722400.0, 6173200.0 ], [ 722500.0, 6173200.0 ], [ 722600.0, 6173200.0 ], [ 722600.0, 6173100.0 ], [ 722500.0, 6173100.0 ], [ 722400.0, 6173100.0 ], [ 722400.0, 6173200.0 ] ] ] } },
{ "type": "Feature", "properties": { "Shape_Area": 10000.0, "Shape_Leng": 400.0, "cluster_id": "101_477", "fid_1": 477.0, "id_munic": 477.0, "munic_clus": "101_477", "munic_code": 101.0, "min": 3.2009334564208984, "max": 3.2009334564208984, "mean": 3.2009334564208984, "count": 1, "std": 0.0, "range": 0.0 }, "geometry": { "type": "Polygon", "coordinates": [ [ [ 722300.0, 6173000.0 ], [ 722300.0, 6173100.0 ], [ 722400.0, 6173100.0 ], [ 722400.0, 6173000.0 ], [ 722300.0, 6173000.0 ] ] ] } },
{ "type": "Feature", "properties": { "Shape_Area": 20000.0, "Shape_Leng": 600.0, "cluster_id": "101_478", "fid_1": 478.0, "id_munic": 478.0, "munic_clus": "101_478", "munic_code": 101.0, "min": 3.0261580944061279, "max": 3.0261580944061279, "mean": 3.0261580944061279, "count": 2, "std": 0.0, "range": 0.0 }, "geometry": { "type": "Polygon", "coordinates": [ [ [ 722400.0, 6173600.0 ], [ 722400.0, 6173700.0 ], [ 722500.0, 6173700.0 ], [ 722500.0, 6173600.0 ], [ 722500.0, 6173500.0 ], [ 722400.0, 6173500.0 ], [ 722400.0, 6173600.0 ] ] ] } },
{ "type": "Feature", "properties": { "Shape_Area": 10000.0, "Shape_Leng": 400.0, "cluster_id": "101_479", "fid_1": 479.0, "id_munic": 479.0, "munic_clus": "101_479", "munic_code": 101.0, "min": 3.5098302364349365, "max": 3.5098302364349365, "mean": 3.5098302364349365, "count": 1, "std": 0.0, "range": 0.0 }, "geometry": { "type": "Polygon", "coordinates": [ [ [ 723200.0, 6176800.0 ], [ 723200.0, 6176900.0 ], [ 723300.0, 6176900.0 ], [ 723300.0, 6176800.0 ], [ 723200.0, 6176800.0 ] ] ] } },
{ "type": "Feature", "properties": { "Shape_Area": 10000.0, "Shape_Leng": 400.0, "cluster_id": "101_480", "fid_1": 480.0, "id_munic": 480.0, "munic_clus": "101_480", "munic_code": 101.0, "min": 3.5723094940185547, "max": 3.5723094940185547, "mean": 3.5723094940185547, "count": 1, "std": 0.0, "range": 0.0 }, "geometry": { "type": "Polygon", "coordinates": [ [ [ 723300.0, 6176900.0 ], [ 723300.0, 6177000.0 ], [ 723400.0, 6177000.0 ], [ 723400.0, 6176900.0 ], [ 723300.0, 6176900.0 ] ] ] } },
{ "type": "Feature", "properties": { "Shape_Area": 290000.0, "Shape_Leng": 2600.0, "cluster_id": "101_481", "fid_1": 481.0, "id_munic": 481.0, "munic_clus": "101_481", "munic_code": 101.0, "min": 3.2489173412322998, "max": 3.2489173412322998, "mean": 3.2489171521417024, "count": 29, "std": 1.8909059740224166e-07, "range": 0.0 }, "geometry": { "type": "Polygon", "coordinates": [ [ [ 722200.0, 6173700.0 ], [ 722100.0, 6173700.0 ], [ 722100.0, 6173800.0 ], [ 722000.0, 6173800.0 ], [ 722000.0, 6173900.0 ], [ 722000.0, 6174000.0 ], [ 722100.0, 6174000.0 ], [ 722100.0, 6174100.0 ], [ 722200.0, 6174100.0 ], [ 722300.0, 6174100.0 ], [ 722300.0, 6174200.0 ], [ 722400.0, 6174200.0 ], [ 722400.0, 6174300.0 ], [ 722500.0, 6174300.0 ], [ 722500.0, 6174200.0 ], [ 722600.0, 6174200.0 ], [ 722700.0, 6174200.0 ], [ 722700.0, 6174100.0 ], [ 722700.0, 6174000.0 ], [ 722700.0, 6173900.0 ], [ 722600.0, 6173900.0 ], [ 722600.0, 6173800.0 ], [ 722600.0, 6173700.0 ], [ 722500.0, 6173700.0 ], [ 722400.0, 6173700.0 ], [ 722300.0, 6173700.0 ], [ 722200.0, 6173700.0 ] ] ] } },
{ "type": "Feature", "properties": { "Shape_Area": 10000.0, "Shape_Leng": 400.0, "cluster_id": "101_482", "fid_1": 482.0, "id_munic": 482.0, "munic_clus": "101_482", "munic_code": 101.0, "min": 3.1947684288024902, "max": 3.1947684288024902, "mean": 3.1947684288024902, "count": 1, "std": 0.0, "range": 0.0 }, "geometry": { "type": "Polygon", "coordinates": [ [ [ 722500.0, 6173600.0 ], [ 722500.0, 6173700.0 ], [ 722600.0, 6173700.0 ], [ 722600.0, 6173600.0 ], [ 722500.0, 6173600.0 ] ] ] } },
{ "type": "Feature", "properties": { "Shape_Area": 10000.0, "Shape_Leng": 400.0, "cluster_id": "101_483", "fid_1": 483.0, "id_munic": 483.0, "munic_clus": "101_483", "munic_code": 101.0, "min": 3.5619800090789795, "max": 3.5619800090789795, "mean": 3.5619800090789795, "count": 1, "std": 0.0, "range": 0.0 }, "geometry": { "type": "Polygon", "coordinates": [ [ [ 722000.0, 6172800.0 ], [ 722000.0, 6172900.0 ], [ 722100.0, 6172900.0 ], [ 722100.0, 6172800.0 ], [ 722000.0, 6172800.0 ] ] ] } },
{ "type": "Feature", "properties": { "Shape_Area": 10000.0, "Shape_Leng": 400.0, "cluster_id": "101_484", "fid_1": 484.0, "id_munic": 484.0, "munic_clus": "101_484", "munic_code": 101.0, "min": 2.8203933238983154, "max": 2.8203933238983154, "mean": 2.8203933238983154, "count": 1, "std": 0.0, "range": 0.0 }, "geometry": { "type": "Polygon", "coordinates": [ [ [ 722100.0, 6172900.0 ], [ 722100.0, 6173000.0 ], [ 722200.0, 6173000.0 ], [ 722200.0, 6172900.0 ], [ 722100.0, 6172900.0 ] ] ] } },
{ "type": "Feature", "properties": { "Shape_Area": 50000.0, "Shape_Leng": 1000.0, "cluster_id": "101_485", "fid_1": 485.0, "id_munic": 485.0, "munic_clus": "101_485", "munic_code": 101.0, "min": 3.0261580944061279, "max": 3.0261580944061279, "mean": 3.0261581420898436, "count": 5, "std": 4.7683715642676816e-08, "range": 0.0 }, "geometry": { "type": "Polygon", "coordinates": [ [ [ 722300.0, 6174100.0 ], [ 722200.0, 6174100.0 ], [ 722100.0, 6174100.0 ], [ 722100.0, 6174200.0 ], [ 722100.0, 6174300.0 ], [ 722200.0, 6174300.0 ], [ 722300.0, 6174300.0 ], [ 722400.0, 6174300.0 ], [ 722400.0, 6174200.0 ], [ 722300.0, 6174200.0 ], [ 722300.0, 6174100.0 ] ] ] } },
{ "type": "Feature", "properties": { "Shape_Area": 10000.0, "Shape_Leng": 400.0, "cluster_id": "101_486", "fid_1": 486.0, "id_munic": 486.0, "munic_clus": "101_486", "munic_code": 101.0, "min": 2.7904033660888672, "max": 2.7904033660888672, "mean": 2.7904033660888672, "count": 1, "std": 0.0, "range": 0.0 }, "geometry": { "type": "Polygon", "coordinates": [ [ [ 722400.0, 6173300.0 ], [ 722400.0, 6173400.0 ], [ 722500.0, 6173400.0 ], [ 722500.0, 6173300.0 ], [ 722400.0, 6173300.0 ] ] ] } },
{ "type": "Feature", "properties": { "Shape_Area": 40000.0, "Shape_Leng": 1000.0, "cluster_id": "101_487", "fid_1": 487.0, "id_munic": 487.0, "munic_clus": "101_487", "munic_code": 101.0, "min": 3.3240592479705811, "max": 3.3240592479705811, "mean": 3.3240592479705811, "count": 4, "std": 0.0, "range": 0.0 }, "geometry": { "type": "Polygon", "coordinates": [ [ [ 722500.0, 6173500.0 ], [ 722500.0, 6173400.0 ], [ 722400.0, 6173400.0 ], [ 722300.0, 6173400.0 ], [ 722300.0, 6173500.0 ], [ 722300.0, 6173600.0 ], [ 722300.0, 6173700.0 ], [ 722400.0, 6173700.0 ], [ 722400.0, 6173600.0 ], [ 722400.0, 6173500.0 ], [ 722500.0, 6173500.0 ] ] ] } },
{ "type": "Feature", "properties": { "Shape_Area": 30000.0, "Shape_Leng": 800.0, "cluster_id": "101_488", "fid_1": 488.0, "id_munic": 488.0, "munic_clus": "101_488", "munic_code": 101.0, "min": 3.3828728199005127, "max": 3.3828728199005127, "mean": 3.3828728993733725, "count": 3, "std": 7.947285984855057e-08, "range": 0.0 }, "geometry": { "type": "Polygon", "coordinates": [ [ [ 722400.0, 6173300.0 ], [ 722500.0, 6173300.0 ], [ 722500.0, 6173400.0 ], [ 722600.0, 6173400.0 ], [ 722600.0, 6173300.0 ], [ 722600.0, 6173200.0 ], [ 722500.0, 6173200.0 ], [ 722400.0, 6173200.0 ], [ 722400.0, 6173300.0 ] ] ] } },
{ "type": "Feature", "properties": { "Shape_Area": 80000.0, "Shape_Leng": 1400.0, "cluster_id": "101_489", "fid_1": 489.0, "id_munic": 489.0, "munic_clus": "101_489", "munic_code": 101.0, "min": 3.1761085987091064, "max": 3.1761085987091064, "mean": 3.1761088371276855, "count": 8, "std": 2.384185791015625e-07, "range": 0.0 }, "geometry": { "type": "Polygon", "coordinates": [ [ [ 720500.0, 6179500.0 ], [ 720500.0, 6179600.0 ], [ 720400.0, 6179600.0 ], [ 720400.0, 6179700.0 ], [ 720400.0, 6179800.0 ], [ 720500.0, 6179800.0 ], [ 720500.0, 6179900.0 ], [ 720600.0, 6179900.0 ], [ 720600.0, 6179800.0 ], [ 720700.0, 6179800.0 ], [ 720700.0, 6179700.0 ], [ 720700.0, 6179600.0 ], [ 720600.0, 6179600.0 ], [ 720600.0, 6179500.0 ], [ 720500.0, 6179500.0 ] ] ] } },
{ "type": "Feature", "properties": { "Shape_Area": 10000.0, "Shape_Leng": 400.0, "cluster_id": "101_490", "fid_1": 490.0, "id_munic": 490.0, "munic_clus": "101_490", "munic_code": 101.0, "min": 3.216094970703125, "max": 3.216094970703125, "mean": 3.216094970703125, "count": 1, "std": 0.0, "range": 0.0 }, "geometry": { "type": "Polygon", "coordinates": [ [ [ 720700.0, 6179100.0 ], [ 720700.0, 6179200.0 ], [ 720800.0, 6179200.0 ], [ 720800.0, 6179100.0 ], [ 720700.0, 6179100.0 ] ] ] } },
{ "type": "Feature", "properties": { "Shape_Area": 10000.0, "Shape_Leng": 400.0, "cluster_id": "101_492", "fid_1": 492.0, "id_munic": 492.0, "munic_clus": "101_492", "munic_code": 101.0, "min": 3.7015993595123291, "max": 3.7015993595123291, "mean": 3.7015993595123291, "count": 1, "std": 0.0, "range": 0.0 }, "geometry": { "type": "Polygon", "coordinates": [ [ [ 721600.0, 6178600.0 ], [ 721600.0, 6178700.0 ], [ 721700.0, 6178700.0 ], [ 721700.0, 6178600.0 ], [ 721600.0, 6178600.0 ] ] ] } },
{ "type": "Feature", "properties": { "Shape_Area": 30000.0, "Shape_Leng": 800.0, "cluster_id": "101_493", "fid_1": 493.0, "id_munic": 493.0, "munic_clus": "101_493", "munic_code": 101.0, "min": 2.5821394920349121, "max": 2.5821394920349121, "mean": 2.5821394920349121, "count": 3, "std": 0.0, "range": 0.0 }, "geometry": { "type": "Polygon", "coordinates": [ [ [ 723400.0, 6176800.0 ], [ 723400.0, 6176900.0 ], [ 723500.0, 6176900.0 ], [ 723500.0, 6176800.0 ], [ 723600.0, 6176800.0 ], [ 723600.0, 6176700.0 ], [ 723500.0, 6176700.0 ], [ 723400.0, 6176700.0 ], [ 723400.0, 6176800.0 ] ] ] } },
{ "type": "Feature", "properties": { "Shape_Area": 10000.0, "Shape_Leng": 400.0, "cluster_id": "101_494", "fid_1": 494.0, "id_munic": 494.0, "munic_clus": "101_494", "munic_code": 101.0, "min": 3.2530825138092041, "max": 3.2530825138092041, "mean": 3.2530825138092041, "count": 1, "std": 0.0, "range": 0.0 }, "geometry": { "type": "Polygon", "coordinates": [ [ [ 721300.0, 6178500.0 ], [ 721300.0, 6178600.0 ], [ 721400.0, 6178600.0 ], [ 721400.0, 6178500.0 ], [ 721300.0, 6178500.0 ] ] ] } },
{ "type": "Feature", "properties": { "Shape_Area": 50000.0, "Shape_Leng": 1200.0, "cluster_id": "101_495", "fid_1": 495.0, "id_munic": 495.0, "munic_clus": "101_495", "munic_code": 101.0, "min": 3.5478177070617676, "max": 3.5478177070617676, "mean": 3.5478176116943358, "count": 5, "std": 9.5367431729442842e-08, "range": 0.0 }, "geometry": { "type": "Polygon", "coordinates": [ [ [ 721200.0, 6178600.0 ], [ 721200.0, 6178700.0 ], [ 721200.0, 6178800.0 ], [ 721300.0, 6178800.0 ], [ 721300.0, 6178700.0 ], [ 721400.0, 6178700.0 ], [ 721400.0, 6178600.0 ], [ 721300.0, 6178600.0 ], [ 721300.0, 6178500.0 ], [ 721200.0, 6178500.0 ], [ 721100.0, 6178500.0 ], [ 721100.0, 6178600.0 ], [ 721200.0, 6178600.0 ] ] ] } },
{ "type": "Feature", "properties": { "Shape_Area": 80000.0, "Shape_Leng": 1400.0, "cluster_id": "101_496", "fid_1": 496.0, "id_munic": 496.0, "munic_clus": "101_496", "munic_code": 101.0, "min": 3.1026325225830078, "max": 3.1026325225830078, "mean": 3.1026325225830078, "count": 8, "std": 0.0, "range": 0.0 }, "geometry": { "type": "Polygon", "coordinates": [ [ [ 721400.0, 6178600.0 ], [ 721400.0, 6178700.0 ], [ 721300.0, 6178700.0 ], [ 721300.0, 6178800.0 ], [ 721200.0, 6178800.0 ], [ 721200.0, 6178900.0 ], [ 721200.0, 6179000.0 ], [ 721300.0, 6179000.0 ], [ 721400.0, 6179000.0 ], [ 721400.0, 6178900.0 ], [ 721500.0, 6178900.0 ], [ 721500.0, 6178800.0 ], [ 721500.0, 6178700.0 ], [ 721500.0, 6178600.0 ], [ 721400.0, 6178600.0 ] ] ] } },
{ "type": "Feature", "properties": { "Shape_Area": 10000.0, "Shape_Leng": 400.0, "cluster_id": "101_497", "fid_1": 497.0, "id_munic": 497.0, "munic_clus": "101_497", "munic_code": 101.0, "min": 2.6607797145843506, "max": 2.6607797145843506, "mean": 2.6607797145843506, "count": 1, "std": 0.0, "range": 0.0 }, "geometry": { "type": "Polygon", "coordinates": [ [ [ 721500.0, 6178000.0 ], [ 721500.0, 6178100.0 ], [ 721600.0, 6178100.0 ], [ 721600.0, 6178000.0 ], [ 721500.0, 6178000.0 ] ] ] } },
{ "type": "Feature", "properties": { "Shape_Area": 10000.0, "Shape_Leng": 400.0, "cluster_id": "101_498", "fid_1": 498.0, "id_munic": 498.0, "munic_clus": "101_498", "munic_code": 101.0, "min": 2.8000669479370117, "max": 2.8000669479370117, "mean": 2.8000669479370117, "count": 1, "std": 0.0, "range": 0.0 }, "geometry": { "type": "Polygon", "coordinates": [ [ [ 721400.0, 6178100.0 ], [ 721400.0, 6178200.0 ], [ 721500.0, 6178200.0 ], [ 721500.0, 6178100.0 ], [ 721400.0, 6178100.0 ] ] ] } },
{ "type": "Feature", "properties": { "Shape_Area": 70000.0, "Shape_Leng": 1400.0, "cluster_id": "101_499", "fid_1": 499.0, "id_munic": 499.0, "munic_clus": "101_499", "munic_code": 101.0, "min": 2.8040659427642822, "max": 2.8040659427642822, "mean": 2.8040659768240794, "count": 7, "std": 3.4059797204832876e-08, "range": 0.0 }, "geometry": { "type": "Polygon", "coordinates": [ [ [ 722100.0, 6178100.0 ], [ 722100.0, 6178000.0 ], [ 722000.0, 6178000.0 ], [ 721900.0, 6178000.0 ], [ 721800.0, 6178000.0 ], [ 721800.0, 6178100.0 ], [ 721700.0, 6178100.0 ], [ 721700.0, 6178200.0 ], [ 721800.0, 6178200.0 ], [ 721800.0, 6178300.0 ], [ 721900.0, 6178300.0 ], [ 721900.0, 6178200.0 ], [ 722000.0, 6178200.0 ], [ 722000.0, 6178100.0 ], [ 722100.0, 6178100.0 ] ] ] } },
{ "type": "Feature", "properties": { "Shape_Area": 10000.0, "Shape_Leng": 400.0, "cluster_id": "101_500", "fid_1": 500.0, "id_munic": 500.0, "munic_clus": "101_500", "munic_code": 101.0, "min": 3.4211931228637695, "max": 3.4211931228637695, "mean": 3.4211931228637695, "count": 1, "std": 0.0, "range": 0.0 }, "geometry": { "type": "Polygon", "coordinates": [ [ [ 721900.0, 6178500.0 ], [ 721900.0, 6178600.0 ], [ 722000.0, 6178600.0 ], [ 722000.0, 6178500.0 ], [ 721900.0, 6178500.0 ] ] ] } },
{ "type": "Feature", "properties": { "Shape_Area": 10000.0, "Shape_Leng": 400.0, "cluster_id": "101_501", "fid_1": 501.0, "id_munic": 501.0, "munic_clus": "101_501", "munic_code": 101.0, "min": 2.932523250579834, "max": 2.932523250579834, "mean": 2.932523250579834, "count": 1, "std": 0.0, "range": 0.0 }, "geometry": { "type": "Polygon", "coordinates": [ [ [ 721700.0, 6178600.0 ], [ 721700.0, 6178700.0 ], [ 721800.0, 6178700.0 ], [ 721800.0, 6178600.0 ], [ 721700.0, 6178600.0 ] ] ] } },
{ "type": "Feature", "properties": { "Shape_Area": 10000.0, "Shape_Leng": 400.0, "cluster_id": "101_502", "fid_1": 502.0, "id_munic": 502.0, "munic_clus": "101_502", "munic_code": 101.0, "min": 2.9323558807373047, "max": 2.9323558807373047, "mean": 2.9323558807373047, "count": 1, "std": 0.0, "range": 0.0 }, "geometry": { "type": "Polygon", "coordinates": [ [ [ 721500.0, 6178700.0 ], [ 721500.0, 6178800.0 ], [ 721600.0, 6178800.0 ], [ 721600.0, 6178700.0 ], [ 721500.0, 6178700.0 ] ] ] } },
{ "type": "Feature", "properties": { "Shape_Area": 10000.0, "Shape_Leng": 400.0, "cluster_id": "101_503", "fid_1": 503.0, "id_munic": 503.0, "munic_clus": "101_503", "munic_code": 101.0, "min": 3.1331229209899902, "max": 3.1331229209899902, "mean": 3.1331229209899902, "count": 1, "std": 0.0, "range": 0.0 }, "geometry": { "type": "Polygon", "coordinates": [ [ [ 723700.0, 6176700.0 ], [ 723700.0, 6176800.0 ], [ 723800.0, 6176800.0 ], [ 723800.0, 6176700.0 ], [ 723700.0, 6176700.0 ] ] ] } },
{ "type": "Feature", "properties": { "Shape_Area": 140000.0, "Shape_Leng": 2200.0, "cluster_id": "101_504", "fid_1": 504.0, "id_munic": 504.0, "munic_clus": "101_504", "munic_code": 101.0, "min": 3.5764749050140381, "max": 3.5764749050140381, "mean": 3.576474598475865, "count": 14, "std": 3.0653817306713904e-07, "range": 0.0 }, "geometry": { "type": "Polygon", "coordinates": [ [ [ 723700.0, 6176600.0 ], [ 723700.0, 6176700.0 ], [ 723800.0, 6176700.0 ], [ 723800.0, 6176800.0 ], [ 723800.0, 6176900.0 ], [ 723900.0, 6176900.0 ], [ 723900.0, 6177000.0 ], [ 724000.0, 6177000.0 ], [ 724000.0, 6176900.0 ], [ 724100.0, 6176900.0 ], [ 724100.0, 6176800.0 ], [ 724000.0, 6176800.0 ], [ 724000.0, 6176700.0 ], [ 724000.0, 6176600.0 ], [ 723900.0, 6176600.0 ], [ 723900.0, 6176500.0 ], [ 723900.0, 6176400.0 ], [ 723800.0, 6176400.0 ], [ 723700.0, 6176400.0 ], [ 723600.0, 6176400.0 ], [ 723600.0, 6176500.0 ], [ 723700.0, 6176500.0 ], [ 723700.0, 6176600.0 ] ] ] } },
{ "type": "Feature", "properties": { "Shape_Area": 10000.0, "Shape_Leng": 400.0, "cluster_id": "101_505", "fid_1": 505.0, "id_munic": 505.0, "munic_clus": "101_505", "munic_code": 101.0, "min": 3.3612134456634521, "max": 3.3612134456634521, "mean": 3.3612134456634521, "count": 1, "std": 0.0, "range": 0.0 }, "geometry": { "type": "Polygon", "coordinates": [ [ [ 721600.0, 6178700.0 ], [ 721600.0, 6178800.0 ], [ 721700.0, 6178800.0 ], [ 721700.0, 6178700.0 ], [ 721600.0, 6178700.0 ] ] ] } },
{ "type": "Feature", "properties": { "Shape_Area": 20000.0, "Shape_Leng": 600.0, "cluster_id": "101_506", "fid_1": 506.0, "id_munic": 506.0, "munic_clus": "101_506", "munic_code": 101.0, "min": 2.9083638191223145, "max": 2.9083638191223145, "mean": 2.9083638191223145, "count": 2, "std": 0.0, "range": 0.0 }, "geometry": { "type": "Polygon", "coordinates": [ [ [ 721500.0, 6178600.0 ], [ 721500.0, 6178700.0 ], [ 721600.0, 6178700.0 ], [ 721600.0, 6178600.0 ], [ 721600.0, 6178500.0 ], [ 721500.0, 6178500.0 ], [ 721500.0, 6178600.0 ] ] ] } },
{ "type": "Feature", "properties": { "Shape_Area": 10000.0, "Shape_Leng": 400.0, "cluster_id": "101_507", "fid_1": 507.0, "id_munic": 507.0, "munic_clus": "101_507", "munic_code": 101.0, "min": 3.267078161239624, "max": 3.267078161239624, "mean": 3.267078161239624, "count": 1, "std": 0.0, "range": 0.0 }, "geometry": { "type": "Polygon", "coordinates": [ [ [ 721700.0, 6178200.0 ], [ 721700.0, 6178300.0 ], [ 721800.0, 6178300.0 ], [ 721800.0, 6178200.0 ], [ 721700.0, 6178200.0 ] ] ] } },
{ "type": "Feature", "properties": { "Shape_Area": 40000.0, "Shape_Leng": 1000.0, "cluster_id": "101_508", "fid_1": 508.0, "id_munic": 508.0, "munic_clus": "101_508", "munic_code": 101.0, "min": 3.1369543075561523, "max": 3.1369543075561523, "mean": 3.1369543075561523, "count": 4, "std": 0.0, "range": 0.0 }, "geometry": { "type": "Polygon", "coordinates": [ [ [ 721400.0, 6178400.0 ], [ 721300.0, 6178400.0 ], [ 721300.0, 6178500.0 ], [ 721400.0, 6178500.0 ], [ 721500.0, 6178500.0 ], [ 721500.0, 6178400.0 ], [ 721500.0, 6178300.0 ], [ 721500.0, 6178200.0 ], [ 721400.0, 6178200.0 ], [ 721400.0, 6178300.0 ], [ 721400.0, 6178400.0 ] ] ] } },
{ "type": "Feature", "properties": { "Shape_Area": 10000.0, "Shape_Leng": 400.0, "cluster_id": "101_509", "fid_1": 509.0, "id_munic": 509.0, "munic_clus": "101_509", "munic_code": 101.0, "min": 3.8582141399383545, "max": 3.8582141399383545, "mean": 3.8582141399383545, "count": 1, "std": 0.0, "range": 0.0 }, "geometry": { "type": "Polygon", "coordinates": [ [ [ 721500.0, 6178200.0 ], [ 721500.0, 6178300.0 ], [ 721600.0, 6178300.0 ], [ 721600.0, 6178200.0 ], [ 721500.0, 6178200.0 ] ] ] } },
{ "type": "Feature", "properties": { "Shape_Area": 20000.0, "Shape_Leng": 600.0, "cluster_id": "101_510", "fid_1": 510.0, "id_munic": 510.0, "munic_clus": "101_510", "munic_code": 101.0, "min": 3.0541484355926514, "max": 3.0541484355926514, "mean": 3.0541484355926514, "count": 2, "std": 0.0, "range": 0.0 }, "geometry": { "type": "Polygon", "coordinates": [ [ [ 721500.0, 6178400.0 ], [ 721500.0, 6178500.0 ], [ 721600.0, 6178500.0 ], [ 721600.0, 6178400.0 ], [ 721600.0, 6178300.0 ], [ 721500.0, 6178300.0 ], [ 721500.0, 6178400.0 ] ] ] } },
{ "type": "Feature", "properties": { "Shape_Area": 10000.0, "Shape_Leng": 400.0, "cluster_id": "101_511", "fid_1": 511.0, "id_munic": 511.0, "munic_clus": "101_511", "munic_code": 101.0, "min": 3.0376543998718262, "max": 3.0376543998718262, "mean": 3.0376543998718262, "count": 1, "std": 0.0, "range": 0.0 }, "geometry": { "type": "Polygon", "coordinates": [ [ [ 722100.0, 6178100.0 ], [ 722100.0, 6178200.0 ], [ 722200.0, 6178200.0 ], [ 722200.0, 6178100.0 ], [ 722100.0, 6178100.0 ] ] ] } },
{ "type": "Feature", "properties": { "Shape_Area": 10000.0, "Shape_Leng": 400.0, "cluster_id": "101_512", "fid_1": 512.0, "id_munic": 512.0, "munic_clus": "101_512", "munic_code": 101.0, "min": 3.0866382122039795, "max": 3.0866382122039795, "mean": 3.0866382122039795, "count": 1, "std": 0.0, "range": 0.0 }, "geometry": { "type": "Polygon", "coordinates": [ [ [ 721400.0, 6178500.0 ], [ 721400.0, 6178600.0 ], [ 721500.0, 6178600.0 ], [ 721500.0, 6178500.0 ], [ 721400.0, 6178500.0 ] ] ] } },
{ "type": "Feature", "properties": { "Shape_Area": 10000.0, "Shape_Leng": 400.0, "cluster_id": "101_513", "fid_1": 513.0, "id_munic": 513.0, "munic_clus": "101_513", "munic_code": 101.0, "min": 3.665111780166626, "max": 3.665111780166626, "mean": 3.665111780166626, "count": 1, "std": 0.0, "range": 0.0 }, "geometry": { "type": "Polygon", "coordinates": [ [ [ 721700.0, 6178000.0 ], [ 721700.0, 6178100.0 ], [ 721800.0, 6178100.0 ], [ 721800.0, 6178000.0 ], [ 721700.0, 6178000.0 ] ] ] } },
{ "type": "Feature", "properties": { "Shape_Area": 30000.0, "Shape_Leng": 800.0, "cluster_id": "101_514", "fid_1": 514.0, "id_munic": 514.0, "munic_clus": "101_514", "munic_code": 101.0, "min": 2.9983341693878174, "max": 2.9983341693878174, "mean": 2.9983342488606772, "count": 3, "std": 7.947285984855057e-08, "range": 0.0 }, "geometry": { "type": "Polygon", "coordinates": [ [ [ 725400.0, 6179100.0 ], [ 725300.0, 6179100.0 ], [ 725300.0, 6179200.0 ], [ 725400.0, 6179200.0 ], [ 725500.0, 6179200.0 ], [ 725500.0, 6179100.0 ], [ 725500.0, 6179000.0 ], [ 725400.0, 6179000.0 ], [ 725400.0, 6179100.0 ] ] ] } },
{ "type": "Feature", "properties": { "Shape_Area": 20000.0, "Shape_Leng": 600.0, "cluster_id": "101_515", "fid_1": 515.0, "id_munic": 515.0, "munic_clus": "101_515", "munic_code": 101.0, "min": 2.3312232494354248, "max": 2.3312232494354248, "mean": 2.3312232494354248, "count": 2, "std": 0.0, "range": 0.0 }, "geometry": { "type": "Polygon", "coordinates": [ [ [ 725300.0, 6179300.0 ], [ 725400.0, 6179300.0 ], [ 725500.0, 6179300.0 ], [ 725500.0, 6179200.0 ], [ 725400.0, 6179200.0 ], [ 725300.0, 6179200.0 ], [ 725300.0, 6179300.0 ] ] ] } },
{ "type": "Feature", "properties": { "Shape_Area": 20000.0, "Shape_Leng": 600.0, "cluster_id": "101_516", "fid_1": 516.0, "id_munic": 516.0, "munic_clus": "101_516", "munic_code": 101.0, "min": 2.4413530826568604, "max": 2.4413530826568604, "mean": 2.4413530826568604, "count": 2, "std": 0.0, "range": 0.0 }, "geometry": { "type": "Polygon", "coordinates": [ [ [ 725400.0, 6179400.0 ], [ 725400.0, 6179500.0 ], [ 725500.0, 6179500.0 ], [ 725500.0, 6179400.0 ], [ 725500.0, 6179300.0 ], [ 725400.0, 6179300.0 ], [ 725400.0, 6179400.0 ] ] ] } },
{ "type": "Feature", "properties": { "Shape_Area": 10000.0, "Shape_Leng": 400.0, "cluster_id": "101_517", "fid_1": 517.0, "id_munic": 517.0, "munic_clus": "101_517", "munic_code": 101.0, "min": 2.8457181453704834, "max": 2.8457181453704834, "mean": 2.8457181453704834, "count": 1, "std": 0.0, "range": 0.0 }, "geometry": { "type": "Polygon", "coordinates": [ [ [ 725500.0, 6178700.0 ], [ 725500.0, 6178800.0 ], [ 725600.0, 6178800.0 ], [ 725600.0, 6178700.0 ], [ 725500.0, 6178700.0 ] ] ] } },
{ "type": "Feature", "properties": { "Shape_Area": 20000.0, "Shape_Leng": 600.0, "cluster_id": "101_518", "fid_1": 518.0, "id_munic": 518.0, "munic_clus": "101_518", "munic_code": 101.0, "min": 2.4078643321990967, "max": 2.4078643321990967, "mean": 2.4078643321990967, "count": 2, "std": 0.0, "range": 0.0 }, "geometry": { "type": "Polygon", "coordinates": [ [ [ 725400.0, 6178900.0 ], [ 725500.0, 6178900.0 ], [ 725600.0, 6178900.0 ], [ 725600.0, 6178800.0 ], [ 725500.0, 6178800.0 ], [ 725400.0, 6178800.0 ], [ 725400.0, 6178900.0 ] ] ] } },
{ "type": "Feature", "properties": { "Shape_Area": 20000.0, "Shape_Leng": 600.0, "cluster_id": "101_519", "fid_1": 519.0, "id_munic": 519.0, "munic_clus": "101_519", "munic_code": 101.0, "min": 3.2845723628997803, "max": 3.2845723628997803, "mean": 3.2845723628997803, "count": 2, "std": 0.0, "range": 0.0 }, "geometry": { "type": "Polygon", "coordinates": [ [ [ 725500.0, 6179100.0 ], [ 725500.0, 6179200.0 ], [ 725600.0, 6179200.0 ], [ 725600.0, 6179100.0 ], [ 725600.0, 6179000.0 ], [ 725500.0, 6179000.0 ], [ 725500.0, 6179100.0 ] ] ] } },
{ "type": "Feature", "properties": { "Shape_Area": 20000.0, "Shape_Leng": 600.0, "cluster_id": "101_520", "fid_1": 520.0, "id_munic": 520.0, "munic_clus": "101_520", "munic_code": 101.0, "min": 2.727924108505249, "max": 2.727924108505249, "mean": 2.727924108505249, "count": 2, "std": 0.0, "range": 0.0 }, "geometry": { "type": "Polygon", "coordinates": [ [ [ 725600.0, 6178300.0 ], [ 725600.0, 6178400.0 ], [ 725700.0, 6178400.0 ], [ 725700.0, 6178300.0 ], [ 725700.0, 6178200.0 ], [ 725600.0, 6178200.0 ], [ 725600.0, 6178300.0 ] ] ] } },
{ "type": "Feature", "properties": { "Shape_Area": 10000.0, "Shape_Leng": 400.0, "cluster_id": "101_521", "fid_1": 521.0, "id_munic": 521.0, "munic_clus": "101_521", "munic_code": 101.0, "min": 3.8678774833679199, "max": 3.8678774833679199, "mean": 3.8678774833679199, "count": 1, "std": 0.0, "range": 0.0 }, "geometry": { "type": "Polygon", "coordinates": [ [ [ 725300.0, 6179300.0 ], [ 725300.0, 6179400.0 ], [ 725400.0, 6179400.0 ], [ 725400.0, 6179300.0 ], [ 725300.0, 6179300.0 ] ] ] } },
{ "type": "Feature", "properties": { "Shape_Area": 10000.0, "Shape_Leng": 400.0, "cluster_id": "101_522", "fid_1": 522.0, "id_munic": 522.0, "munic_clus": "101_522", "munic_code": 101.0, "min": 3.285571813583374, "max": 3.285571813583374, "mean": 3.285571813583374, "count": 1, "std": 0.0, "range": 0.0 }, "geometry": { "type": "Polygon", "coordinates": [ [ [ 725500.0, 6178900.0 ], [ 725500.0, 6179000.0 ], [ 725600.0, 6179000.0 ], [ 725600.0, 6178900.0 ], [ 725500.0, 6178900.0 ] ] ] } },
{ "type": "Feature", "properties": { "Shape_Area": 10000.0, "Shape_Leng": 400.0, "cluster_id": "101_523", "fid_1": 523.0, "id_munic": 523.0, "munic_clus": "101_523", "munic_code": 101.0, "min": 2.7147619724273682, "max": 2.7147619724273682, "mean": 2.7147619724273682, "count": 1, "std": 0.0, "range": 0.0 }, "geometry": { "type": "Polygon", "coordinates": [ [ [ 725400.0, 6178900.0 ], [ 725400.0, 6179000.0 ], [ 725500.0, 6179000.0 ], [ 725500.0, 6178900.0 ], [ 725400.0, 6178900.0 ] ] ] } },
{ "type": "Feature", "properties": { "Shape_Area": 20000.0, "Shape_Leng": 600.0, "cluster_id": "101_524", "fid_1": 524.0, "id_munic": 524.0, "munic_clus": "101_524", "munic_code": 101.0, "min": 3.0799739360809326, "max": 3.0799739360809326, "mean": 3.0799739360809326, "count": 2, "std": 0.0, "range": 0.0 }, "geometry": { "type": "Polygon", "coordinates": [ [ [ 725600.0, 6178500.0 ], [ 725600.0, 6178600.0 ], [ 725700.0, 6178600.0 ], [ 725700.0, 6178500.0 ], [ 725700.0, 6178400.0 ], [ 725600.0, 6178400.0 ], [ 725600.0, 6178500.0 ] ] ] } },
{ "type": "Feature", "properties": { "Shape_Area": 10000.0, "Shape_Leng": 400.0, "cluster_id": "101_525", "fid_1": 525.0, "id_munic": 525.0, "munic_clus": "101_525", "munic_code": 101.0, "min": 3.4478516578674316, "max": 3.4478516578674316, "mean": 3.4478516578674316, "count": 1, "std": 0.0, "range": 0.0 }, "geometry": { "type": "Polygon", "coordinates": [ [ [ 724700.0, 6179800.0 ], [ 724700.0, 6179900.0 ], [ 724800.0, 6179900.0 ], [ 724800.0, 6179800.0 ], [ 724700.0, 6179800.0 ] ] ] } },
{ "type": "Feature", "properties": { "Shape_Area": 10000.0, "Shape_Leng": 400.0, "cluster_id": "101_526", "fid_1": 526.0, "id_munic": 526.0, "munic_clus": "101_526", "munic_code": 101.0, "min": 2.868044376373291, "max": 2.868044376373291, "mean": 2.868044376373291, "count": 1, "std": 0.0, "range": 0.0 }, "geometry": { "type": "Polygon", "coordinates": [ [ [ 725300.0, 6179500.0 ], [ 725300.0, 6179600.0 ], [ 725400.0, 6179600.0 ], [ 725400.0, 6179500.0 ], [ 725300.0, 6179500.0 ] ] ] } },
{ "type": "Feature", "properties": { "Shape_Area": 20000.0, "Shape_Leng": 600.0, "cluster_id": "101_527", "fid_1": 527.0, "id_munic": 527.0, "munic_clus": "101_527", "munic_code": 101.0, "min": 2.6582808494567871, "max": 2.6582808494567871, "mean": 2.6582808494567871, "count": 2, "std": 0.0, "range": 0.0 }, "geometry": { "type": "Polygon", "coordinates": [ [ [ 725200.0, 6179500.0 ], [ 725300.0, 6179500.0 ], [ 725400.0, 6179500.0 ], [ 725400.0, 6179400.0 ], [ 725300.0, 6179400.0 ], [ 725200.0, 6179400.0 ], [ 725200.0, 6179500.0 ] ] ] } },
{ "type": "Feature", "properties": { "Shape_Area": 40000.0, "Shape_Leng": 1000.0, "cluster_id": "101_528", "fid_1": 528.0, "id_munic": 528.0, "munic_clus": "101_528", "munic_code": 101.0, "min": 2.9266912937164307, "max": 2.9266912937164307, "mean": 2.9266912937164307, "count": 4, "std": 0.0, "range": 0.0 }, "geometry": { "type": "Polygon", "coordinates": [ [ [ 724700.0, 6180100.0 ], [ 724700.0, 6180200.0 ], [ 724800.0, 6180200.0 ], [ 724800.0, 6180100.0 ], [ 724900.0, 6180100.0 ], [ 724900.0, 6180000.0 ], [ 724800.0, 6180000.0 ], [ 724800.0, 6179900.0 ], [ 724700.0, 6179900.0 ], [ 724700.0, 6180000.0 ], [ 724700.0, 6180100.0 ] ] ] } },
{ "type": "Feature", "properties": { "Shape_Area": 10000.0, "Shape_Leng": 400.0, "cluster_id": "101_530", "fid_1": 530.0, "id_munic": 530.0, "munic_clus": "101_530", "munic_code": 101.0, "min": 2.9225256443023682, "max": 2.9225256443023682, "mean": 2.9225256443023682, "count": 1, "std": 0.0, "range": 0.0 }, "geometry": { "type": "Polygon", "coordinates": [ [ [ 722600.0, 6177000.0 ], [ 722600.0, 6177100.0 ], [ 722700.0, 6177100.0 ], [ 722700.0, 6177000.0 ], [ 722600.0, 6177000.0 ] ] ] } },
{ "type": "Feature", "properties": { "Shape_Area": 40000.0, "Shape_Leng": 1000.0, "cluster_id": "101_531", "fid_1": 531.0, "id_munic": 531.0, "munic_clus": "101_531", "munic_code": 101.0, "min": 2.8743753433227539, "max": 2.8743753433227539, "mean": 2.8743753433227539, "count": 4, "std": 0.0, "range": 0.0 }, "geometry": { "type": "Polygon", "coordinates": [ [ [ 724900.0, 6179600.0 ], [ 724900.0, 6179500.0 ], [ 724800.0, 6179500.0 ], [ 724700.0, 6179500.0 ], [ 724700.0, 6179600.0 ], [ 724700.0, 6179700.0 ], [ 724700.0, 6179800.0 ], [ 724800.0, 6179800.0 ], [ 724800.0, 6179700.0 ], [ 724800.0, 6179600.0 ], [ 724900.0, 6179600.0 ] ] ] } },
{ "type": "Feature", "properties": { "Shape_Area": 20000.0, "Shape_Leng": 600.0, "cluster_id": "101_532", "fid_1": 532.0, "id_munic": 532.0, "munic_clus": "101_532", "munic_code": 101.0, "min": 3.1022994518280029, "max": 3.1022994518280029, "mean": 3.1022994518280029, "count": 2, "std": 0.0, "range": 0.0 }, "geometry": { "type": "Polygon", "coordinates": [ [ [ 725000.0, 6179600.0 ], [ 725000.0, 6179700.0 ], [ 725100.0, 6179700.0 ], [ 725100.0, 6179600.0 ], [ 725100.0, 6179500.0 ], [ 725000.0, 6179500.0 ], [ 725000.0, 6179600.0 ] ] ] } },
{ "type": "Feature", "properties": { "Shape_Area": 30000.0, "Shape_Leng": 800.0, "cluster_id": "101_533", "fid_1": 533.0, "id_munic": 533.0, "munic_clus": "101_533", "munic_code": 101.0, "min": 3.5778076648712158, "max": 3.5778076648712158, "mean": 3.5778077443440757, "count": 3, "std": 7.947285984855057e-08, "range": 0.0 }, "geometry": { "type": "Polygon", "coordinates": [ [ [ 724900.0, 6179600.0 ], [ 724800.0, 6179600.0 ], [ 724800.0, 6179700.0 ], [ 724900.0, 6179700.0 ], [ 725000.0, 6179700.0 ], [ 725000.0, 6179600.0 ], [ 725000.0, 6179500.0 ], [ 724900.0, 6179500.0 ], [ 724900.0, 6179600.0 ] ] ] } },
{ "type": "Feature", "properties": { "Shape_Area": 20000.0, "Shape_Leng": 600.0, "cluster_id": "101_534", "fid_1": 534.0, "id_munic": 534.0, "munic_clus": "101_534", "munic_code": 101.0, "min": 2.91902756690979, "max": 2.91902756690979, "mean": 2.91902756690979, "count": 2, "std": 0.0, "range": 0.0 }, "geometry": { "type": "Polygon", "coordinates": [ [ [ 725600.0, 6177300.0 ], [ 725600.0, 6177400.0 ], [ 725700.0, 6177400.0 ], [ 725700.0, 6177300.0 ], [ 725700.0, 6177200.0 ], [ 725600.0, 6177200.0 ], [ 725600.0, 6177300.0 ] ] ] } },
{ "type": "Feature", "properties": { "Shape_Area": 20000.0, "Shape_Leng": 600.0, "cluster_id": "101_535", "fid_1": 535.0, "id_munic": 535.0, "munic_clus": "101_535", "munic_code": 101.0, "min": 1.8128961324691772, "max": 1.8128961324691772, "mean": 1.8128961324691772, "count": 2, "std": 0.0, "range": 0.0 }, "geometry": { "type": "Polygon", "coordinates": [ [ [ 725700.0, 6177200.0 ], [ 725700.0, 6177300.0 ], [ 725800.0, 6177300.0 ], [ 725800.0, 6177200.0 ], [ 725800.0, 6177100.0 ], [ 725700.0, 6177100.0 ], [ 725700.0, 6177200.0 ] ] ] } },
{ "type": "Feature", "properties": { "Shape_Area": 40000.0, "Shape_Leng": 800.0, "cluster_id": "101_536", "fid_1": 536.0, "id_munic": 536.0, "munic_clus": "101_536", "munic_code": 101.0, "min": 3.8627133369445801, "max": 3.8627133369445801, "mean": 3.8627133369445801, "count": 4, "std": 0.0, "range": 0.0 }, "geometry": { "type": "Polygon", "coordinates": [ [ [ 720900.0, 6178000.0 ], [ 720800.0, 6178000.0 ], [ 720700.0, 6178000.0 ], [ 720700.0, 6178100.0 ], [ 720700.0, 6178200.0 ], [ 720800.0, 6178200.0 ], [ 720900.0, 6178200.0 ], [ 720900.0, 6178100.0 ], [ 720900.0, 6178000.0 ] ] ] } },
{ "type": "Feature", "properties": { "Shape_Area": 40000.0, "Shape_Leng": 800.0, "cluster_id": "101_537", "fid_1": 537.0, "id_munic": 537.0, "munic_clus": "101_537", "munic_code": 101.0, "min": 3.5953013896942139, "max": 3.5953013896942139, "mean": 3.5953013896942139, "count": 4, "std": 0.0, "range": 0.0 }, "geometry": { "type": "Polygon", "coordinates": [ [ [ 720700.0, 6177700.0 ], [ 720600.0, 6177700.0 ], [ 720500.0, 6177700.0 ], [ 720500.0, 6177800.0 ], [ 720500.0, 6177900.0 ], [ 720600.0, 6177900.0 ], [ 720700.0, 6177900.0 ], [ 720700.0, 6177800.0 ], [ 720700.0, 6177700.0 ] ] ] } },
{ "type": "Feature", "properties": { "Shape_Area": 20000.0, "Shape_Leng": 600.0, "cluster_id": "101_538", "fid_1": 538.0, "id_munic": 538.0, "munic_clus": "101_538", "munic_code": 101.0, "min": 3.0989673137664795, "max": 3.0989673137664795, "mean": 3.0989673137664795, "count": 2, "std": 0.0, "range": 0.0 }, "geometry": { "type": "Polygon", "coordinates": [ [ [ 722700.0, 6177200.0 ], [ 722700.0, 6177300.0 ], [ 722800.0, 6177300.0 ], [ 722800.0, 6177200.0 ], [ 722800.0, 6177100.0 ], [ 722700.0, 6177100.0 ], [ 722700.0, 6177200.0 ] ] ] } },
{ "type": "Feature", "properties": { "Shape_Area": 50000.0, "Shape_Leng": 1000.0, "cluster_id": "101_539", "fid_1": 539.0, "id_munic": 539.0, "munic_clus": "101_539", "munic_code": 101.0, "min": 2.4518496990203857, "max": 2.4518496990203857, "mean": 2.4518497467041014, "count": 5, "std": 4.7683715642676816e-08, "range": 0.0 }, "geometry": { "type": "Polygon", "coordinates": [ [ [ 722800.0, 6177300.0 ], [ 722800.0, 6177400.0 ], [ 722900.0, 6177400.0 ], [ 723000.0, 6177400.0 ], [ 723000.0, 6177300.0 ], [ 723000.0, 6177200.0 ], [ 722900.0, 6177200.0 ], [ 722900.0, 6177100.0 ], [ 722800.0, 6177100.0 ], [ 722800.0, 6177200.0 ], [ 722800.0, 6177300.0 ] ] ] } },
{ "type": "Feature", "properties": { "Shape_Area": 80000.0, "Shape_Leng": 1400.0, "cluster_id": "101_540", "fid_1": 540.0, "id_munic": 540.0, "munic_clus": "101_540", "munic_code": 101.0, "min": 2.6687772274017334, "max": 2.6687772274017334, "mean": 2.6687772274017334, "count": 8, "std": 0.0, "range": 0.0 }, "geometry": { "type": "Polygon", "coordinates": [ [ [ 722900.0, 6177600.0 ], [ 722900.0, 6177700.0 ], [ 723000.0, 6177700.0 ], [ 723100.0, 6177700.0 ], [ 723100.0, 6177600.0 ], [ 723200.0, 6177600.0 ], [ 723200.0, 6177500.0 ], [ 723100.0, 6177500.0 ], [ 723100.0, 6177400.0 ], [ 723000.0, 6177400.0 ], [ 722900.0, 6177400.0 ], [ 722800.0, 6177400.0 ], [ 722800.0, 6177500.0 ], [ 722900.0, 6177500.0 ], [ 722900.0, 6177600.0 ] ] ] } },
{ "type": "Feature", "properties": { "Shape_Area": 10000.0, "Shape_Leng": 400.0, "cluster_id": "101_541", "fid_1": 541.0, "id_munic": 541.0, "munic_clus": "101_541", "munic_code": 101.0, "min": 3.6302895545959473, "max": 3.6302895545959473, "mean": 3.6302895545959473, "count": 1, "std": 0.0, "range": 0.0 }, "geometry": { "type": "Polygon", "coordinates": [ [ [ 722900.0, 6177100.0 ], [ 722900.0, 6177200.0 ], [ 723000.0, 6177200.0 ], [ 723000.0, 6177100.0 ], [ 722900.0, 6177100.0 ] ] ] } },
{ "type": "Feature", "properties": { "Shape_Area": 10000.0, "Shape_Leng": 400.0, "cluster_id": "101_542", "fid_1": 542.0, "id_munic": 542.0, "munic_clus": "101_542", "munic_code": 101.0, "min": 3.8025660514831543, "max": 3.8025660514831543, "mean": 3.8025660514831543, "count": 1, "std": 0.0, "range": 0.0 }, "geometry": { "type": "Polygon", "coordinates": [ [ [ 721600.0, 6179500.0 ], [ 721600.0, 6179600.0 ], [ 721700.0, 6179600.0 ], [ 721700.0, 6179500.0 ], [ 721600.0, 6179500.0 ] ] ] } },
{ "type": "Feature", "properties": { "Shape_Area": 20000.0, "Shape_Leng": 600.0, "cluster_id": "101_543", "fid_1": 543.0, "id_munic": 543.0, "munic_clus": "101_543", "munic_code": 101.0, "min": 3.355048656463623, "max": 3.355048656463623, "mean": 3.355048656463623, "count": 2, "std": 0.0, "range": 0.0 }, "geometry": { "type": "Polygon", "coordinates": [ [ [ 721200.0, 6179500.0 ], [ 721200.0, 6179600.0 ], [ 721300.0, 6179600.0 ], [ 721300.0, 6179500.0 ], [ 721300.0, 6179400.0 ], [ 721200.0, 6179400.0 ], [ 721200.0, 6179500.0 ] ] ] } },
{ "type": "Feature", "properties": { "Shape_Area": 20000.0, "Shape_Leng": 600.0, "cluster_id": "101_544", "fid_1": 544.0, "id_munic": 544.0, "munic_clus": "101_544", "munic_code": 101.0, "min": 3.8528823852539062, "max": 3.8528823852539062, "mean": 3.8528823852539062, "count": 2, "std": 0.0, "range": 0.0 }, "geometry": { "type": "Polygon", "coordinates": [ [ [ 720900.0, 6179300.0 ], [ 721000.0, 6179300.0 ], [ 721100.0, 6179300.0 ], [ 721100.0, 6179200.0 ], [ 721000.0, 6179200.0 ], [ 720900.0, 6179200.0 ], [ 720900.0, 6179300.0 ] ] ] } },
{ "type": "Feature", "properties": { "Shape_Area": 20000.0, "Shape_Leng": 600.0, "cluster_id": "101_545", "fid_1": 545.0, "id_munic": 545.0, "munic_clus": "101_545", "munic_code": 101.0, "min": 3.6847720146179199, "max": 3.6847720146179199, "mean": 3.6847720146179199, "count": 2, "std": 0.0, "range": 0.0 }, "geometry": { "type": "Polygon", "coordinates": [ [ [ 721500.0, 6179500.0 ], [ 721500.0, 6179600.0 ], [ 721600.0, 6179600.0 ], [ 721600.0, 6179500.0 ], [ 721600.0, 6179400.0 ], [ 721500.0, 6179400.0 ], [ 721500.0, 6179500.0 ] ] ] } },
{ "type": "Feature", "properties": { "Shape_Area": 20000.0, "Shape_Leng": 600.0, "cluster_id": "101_546", "fid_1": 546.0, "id_munic": 546.0, "munic_clus": "101_546", "munic_code": 101.0, "min": 3.66461181640625, "max": 3.66461181640625, "mean": 3.66461181640625, "count": 2, "std": 0.0, "range": 0.0 }, "geometry": { "type": "Polygon", "coordinates": [ [ [ 721700.0, 6179700.0 ], [ 721800.0, 6179700.0 ], [ 721900.0, 6179700.0 ], [ 721900.0, 6179600.0 ], [ 721800.0, 6179600.0 ], [ 721700.0, 6179600.0 ], [ 721700.0, 6179700.0 ] ] ] } },
{ "type": "Feature", "properties": { "Shape_Area": 20000.0, "Shape_Leng": 600.0, "cluster_id": "101_547", "fid_1": 547.0, "id_munic": 547.0, "munic_clus": "101_547", "munic_code": 101.0, "min": 2.9900035858154297, "max": 2.9900035858154297, "mean": 2.9900035858154297, "count": 2, "std": 0.0, "range": 0.0 }, "geometry": { "type": "Polygon", "coordinates": [ [ [ 720800.0, 6179100.0 ], [ 720900.0, 6179100.0 ], [ 721000.0, 6179100.0 ], [ 721000.0, 6179000.0 ], [ 720900.0, 6179000.0 ], [ 720800.0, 6179000.0 ], [ 720800.0, 6179100.0 ] ] ] } },
{ "type": "Feature", "properties": { "Shape_Area": 10000.0, "Shape_Leng": 400.0, "cluster_id": "101_548", "fid_1": 548.0, "id_munic": 548.0, "munic_clus": "101_548", "munic_code": 101.0, "min": 3.1492841243743896, "max": 3.1492841243743896, "mean": 3.1492841243743896, "count": 1, "std": 0.0, "range": 0.0 }, "geometry": { "type": "Polygon", "coordinates": [ [ [ 720900.0, 6179100.0 ], [ 720900.0, 6179200.0 ], [ 721000.0, 6179200.0 ], [ 721000.0, 6179100.0 ], [ 720900.0, 6179100.0 ] ] ] } },
{ "type": "Feature", "properties": { "Shape_Area": 60000.0, "Shape_Leng": 1000.0, "cluster_id": "101_549", "fid_1": 549.0, "id_munic": 549.0, "munic_clus": "101_549", "munic_code": 101.0, "min": 3.6899373531341553, "max": 3.6899373531341553, "mean": 3.6899372736612954, "count": 6, "std": 7.947285984855057e-08, "range": 0.0 }, "geometry": { "type": "Polygon", "coordinates": [ [ [ 721300.0, 6179000.0 ], [ 721200.0, 6179000.0 ], [ 721100.0, 6179000.0 ], [ 721000.0, 6179000.0 ], [ 721000.0, 6179100.0 ], [ 721000.0, 6179200.0 ], [ 721100.0, 6179200.0 ], [ 721200.0, 6179200.0 ], [ 721300.0, 6179200.0 ], [ 721300.0, 6179100.0 ], [ 721300.0, 6179000.0 ] ] ] } },
{ "type": "Feature", "properties": { "Shape_Area": 20000.0, "Shape_Leng": 600.0, "cluster_id": "101_550", "fid_1": 550.0, "id_munic": 550.0, "munic_clus": "101_550", "munic_code": 101.0, "min": 3.2112629413604736, "max": 3.2112629413604736, "mean": 3.2112629413604736, "count": 2, "std": 0.0, "range": 0.0 }, "geometry": { "type": "Polygon", "coordinates": [ [ [ 723300.0, 6176800.0 ], [ 723300.0, 6176900.0 ], [ 723400.0, 6176900.0 ], [ 723400.0, 6176800.0 ], [ 723400.0, 6176700.0 ], [ 723300.0, 6176700.0 ], [ 723300.0, 6176800.0 ] ] ] } },
{ "type": "Feature", "properties": { "Shape_Area": 20000.0, "Shape_Leng": 600.0, "cluster_id": "101_551", "fid_1": 551.0, "id_munic": 551.0, "munic_clus": "101_551", "munic_code": 101.0, "min": 3.1512830257415771, "max": 3.1512830257415771, "mean": 3.1512830257415771, "count": 2, "std": 0.0, "range": 0.0 }, "geometry": { "type": "Polygon", "coordinates": [ [ [ 721400.0, 6179500.0 ], [ 721400.0, 6179600.0 ], [ 721500.0, 6179600.0 ], [ 721500.0, 6179500.0 ], [ 721500.0, 6179400.0 ], [ 721400.0, 6179400.0 ], [ 721400.0, 6179500.0 ] ] ] } },
{ "type": "Feature", "properties": { "Shape_Area": 20000.0, "Shape_Leng": 600.0, "cluster_id": "101_552", "fid_1": 552.0, "id_munic": 552.0, "munic_clus": "101_552", "munic_code": 101.0, "min": 3.4028661251068115, "max": 3.4028661251068115, "mean": 3.4028661251068115, "count": 2, "std": 0.0, "range": 0.0 }, "geometry": { "type": "Polygon", "coordinates": [ [ [ 720800.0, 6179200.0 ], [ 720800.0, 6179300.0 ], [ 720900.0, 6179300.0 ], [ 720900.0, 6179200.0 ], [ 720900.0, 6179100.0 ], [ 720800.0, 6179100.0 ], [ 720800.0, 6179200.0 ] ] ] } },
{ "type": "Feature", "properties": { "Shape_Area": 10000.0, "Shape_Leng": 400.0, "cluster_id": "101_553", "fid_1": 553.0, "id_munic": 553.0, "munic_clus": "101_553", "munic_code": 101.0, "min": 3.8590469360351562, "max": 3.8590469360351562, "mean": 3.8590469360351562, "count": 1, "std": 0.0, "range": 0.0 }, "geometry": { "type": "Polygon", "coordinates": [ [ [ 724400.0, 6180200.0 ], [ 724400.0, 6180300.0 ], [ 724500.0, 6180300.0 ], [ 724500.0, 6180200.0 ], [ 724400.0, 6180200.0 ] ] ] } },
{ "type": "Feature", "properties": { "Shape_Area": 30000.0, "Shape_Leng": 800.0, "cluster_id": "101_554", "fid_1": 554.0, "id_munic": 554.0, "munic_clus": "101_554", "munic_code": 101.0, "min": 3.1736090183258057, "max": 3.1736090183258057, "mean": 3.1736090977986655, "count": 3, "std": 7.947285984855057e-08, "range": 0.0 }, "geometry": { "type": "Polygon", "coordinates": [ [ [ 723600.0, 6180000.0 ], [ 723600.0, 6180100.0 ], [ 723700.0, 6180100.0 ], [ 723800.0, 6180100.0 ], [ 723800.0, 6180000.0 ], [ 723700.0, 6180000.0 ], [ 723700.0, 6179900.0 ], [ 723600.0, 6179900.0 ], [ 723600.0, 6180000.0 ] ] ] } },
{ "type": "Feature", "properties": { "Shape_Area": 40000.0, "Shape_Leng": 1000.0, "cluster_id": "101_555", "fid_1": 555.0, "id_munic": 555.0, "munic_clus": "101_555", "munic_code": 101.0, "min": 2.9181945323944092, "max": 2.9181945323944092, "mean": 2.9181945323944092, "count": 4, "std": 0.0, "range": 0.0 }, "geometry": { "type": "Polygon", "coordinates": [ [ [ 724200.0, 6180200.0 ], [ 724200.0, 6180300.0 ], [ 724300.0, 6180300.0 ], [ 724400.0, 6180300.0 ], [ 724400.0, 6180200.0 ], [ 724300.0, 6180200.0 ], [ 724300.0, 6180100.0 ], [ 724200.0, 6180100.0 ], [ 724100.0, 6180100.0 ], [ 724100.0, 6180200.0 ], [ 724200.0, 6180200.0 ] ] ] } },
{ "type": "Feature", "properties": { "Shape_Area": 30000.0, "Shape_Leng": 800.0, "cluster_id": "101_556", "fid_1": 556.0, "id_munic": 556.0, "munic_clus": "101_556", "munic_code": 101.0, "min": 3.9201936721801758, "max": 3.9201936721801758, "mean": 3.9201936721801758, "count": 3, "std": 0.0, "range": 0.0 }, "geometry": { "type": "Polygon", "coordinates": [ [ [ 723700.0, 6180000.0 ], [ 723800.0, 6180000.0 ], [ 723800.0, 6180100.0 ], [ 723900.0, 6180100.0 ], [ 723900.0, 6180000.0 ], [ 723900.0, 6179900.0 ], [ 723800.0, 6179900.0 ], [ 723700.0, 6179900.0 ], [ 723700.0, 6180000.0 ] ] ] } },
{ "type": "Feature", "properties": { "Shape_Area": 60000.0, "Shape_Leng": 1200.0, "cluster_id": "101_557", "fid_1": 557.0, "id_munic": 557.0, "munic_clus": "101_557", "munic_code": 101.0, "min": 3.0593135356903076, "max": 3.0593135356903076, "mean": 3.0593134562174478, "count": 6, "std": 7.947285984855057e-08, "range": 0.0 }, "geometry": { "type": "Polygon", "coordinates": [ [ [ 724200.0, 6180100.0 ], [ 724200.0, 6180000.0 ], [ 724100.0, 6180000.0 ], [ 724000.0, 6180000.0 ], [ 723900.0, 6180000.0 ], [ 723900.0, 6180100.0 ], [ 723900.0, 6180200.0 ], [ 724000.0, 6180200.0 ], [ 724000.0, 6180300.0 ], [ 724100.0, 6180300.0 ], [ 724100.0, 6180200.0 ], [ 724100.0, 6180100.0 ], [ 724200.0, 6180100.0 ] ] ] } },
{ "type": "Feature", "properties": { "Shape_Area": 200000.0, "Shape_Leng": 3200.0, "cluster_id": "101_558", "fid_1": 558.0, "id_munic": 558.0, "munic_clus": "101_558", "munic_code": 101.0, "min": 2.9325227737426758, "max": 2.9325227737426758, "mean": 2.9325227737426758, "count": 20, "std": 0.0, "range": 0.0 }, "geometry": { "type": "Polygon", "coordinates": [ [ [ 723800.0, 6180100.0 ], [ 723700.0, 6180100.0 ], [ 723600.0, 6180100.0 ], [ 723500.0, 6180100.0 ], [ 723500.0, 6180200.0 ], [ 723500.0, 6180300.0 ], [ 723600.0, 6180300.0 ], [ 723700.0, 6180300.0 ], [ 723700.0, 6180400.0 ], [ 723800.0, 6180400.0 ], [ 723900.0, 6180400.0 ], [ 724000.0, 6180400.0 ], [ 724100.0, 6180400.0 ], [ 724200.0, 6180400.0 ], [ 724300.0, 6180400.0 ], [ 724400.0, 6180400.0 ], [ 724500.0, 6180400.0 ], [ 724600.0, 6180400.0 ], [ 724700.0, 6180400.0 ], [ 724700.0, 6180300.0 ], [ 724600.0, 6180300.0 ], [ 724500.0, 6180300.0 ], [ 724400.0, 6180300.0 ], [ 724300.0, 6180300.0 ], [ 724200.0, 6180300.0 ], [ 724200.0, 6180200.0 ], [ 724100.0, 6180200.0 ], [ 724100.0, 6180300.0 ], [ 724000.0, 6180300.0 ], [ 724000.0, 6180200.0 ], [ 723900.0, 6180200.0 ], [ 723900.0, 6180100.0 ], [ 723800.0, 6180100.0 ] ] ] } },
{ "type": "Feature", "properties": { "Shape_Area": 20000.0, "Shape_Leng": 600.0, "cluster_id": "101_559", "fid_1": 559.0, "id_munic": 559.0, "munic_clus": "101_559", "munic_code": 101.0, "min": 4.0066647529602051, "max": 4.0066647529602051, "mean": 4.0066647529602051, "count": 2, "std": 0.0, "range": 0.0 }, "geometry": { "type": "Polygon", "coordinates": [ [ [ 724200.0, 6176200.0 ], [ 724300.0, 6176200.0 ], [ 724400.0, 6176200.0 ], [ 724400.0, 6176100.0 ], [ 724300.0, 6176100.0 ], [ 724200.0, 6176100.0 ], [ 724200.0, 6176200.0 ] ] ] } },
{ "type": "Feature", "properties": { "Shape_Area": 70000.0, "Shape_Leng": 1400.0, "cluster_id": "101_560", "fid_1": 560.0, "id_munic": 560.0, "munic_clus": "101_560", "munic_code": 101.0, "min": 2.9146950244903564, "max": 2.9146950244903564, "mean": 2.9146951947893416, "count": 7, "std": 1.7029898513598596e-07, "range": 0.0 }, "geometry": { "type": "Polygon", "coordinates": [ [ [ 725500.0, 6175800.0 ], [ 725400.0, 6175800.0 ], [ 725300.0, 6175800.0 ], [ 725300.0, 6175900.0 ], [ 725200.0, 6175900.0 ], [ 725200.0, 6176000.0 ], [ 725100.0, 6176000.0 ], [ 725100.0, 6176100.0 ], [ 725200.0, 6176100.0 ], [ 725300.0, 6176100.0 ], [ 725300.0, 6176000.0 ], [ 725400.0, 6176000.0 ], [ 725500.0, 6176000.0 ], [ 725500.0, 6175900.0 ], [ 725500.0, 6175800.0 ] ] ] } },
{ "type": "Feature", "properties": { "Shape_Area": 90000.0, "Shape_Leng": 1600.0, "cluster_id": "101_561", "fid_1": 561.0, "id_munic": 561.0, "munic_clus": "101_561", "munic_code": 101.0, "min": 2.9485173225402832, "max": 2.9485173225402832, "mean": 2.9485172695583768, "count": 9, "std": 5.2981906417670643e-08, "range": 0.0 }, "geometry": { "type": "Polygon", "coordinates": [ [ [ 725100.0, 6176000.0 ], [ 725000.0, 6176000.0 ], [ 725000.0, 6175900.0 ], [ 724900.0, 6175900.0 ], [ 724900.0, 6176000.0 ], [ 724900.0, 6176100.0 ], [ 724800.0, 6176100.0 ], [ 724800.0, 6176200.0 ], [ 724700.0, 6176200.0 ], [ 724700.0, 6176300.0 ], [ 724800.0, 6176300.0 ], [ 724900.0, 6176300.0 ], [ 725000.0, 6176300.0 ], [ 725000.0, 6176200.0 ], [ 725100.0, 6176200.0 ], [ 725100.0, 6176100.0 ], [ 725100.0, 6176000.0 ] ] ] } },
{ "type": "Feature", "properties": { "Shape_Area": 20000.0, "Shape_Leng": 600.0, "cluster_id": "101_562", "fid_1": 562.0, "id_munic": 562.0, "munic_clus": "101_562", "munic_code": 101.0, "min": 3.2662453651428223, "max": 3.2662453651428223, "mean": 3.2662453651428223, "count": 2, "std": 0.0, "range": 0.0 }, "geometry": { "type": "Polygon", "coordinates": [ [ [ 724600.0, 6176400.0 ], [ 724700.0, 6176400.0 ], [ 724800.0, 6176400.0 ], [ 724800.0, 6176300.0 ], [ 724700.0, 6176300.0 ], [ 724600.0, 6176300.0 ], [ 724600.0, 6176400.0 ] ] ] } },
{ "type": "Feature", "properties": { "Shape_Area": 10000.0, "Shape_Leng": 400.0, "cluster_id": "101_563", "fid_1": 563.0, "id_munic": 563.0, "munic_clus": "101_563", "munic_code": 101.0, "min": 3.1412863731384277, "max": 3.1412863731384277, "mean": 3.1412863731384277, "count": 1, "std": 0.0, "range": 0.0 }, "geometry": { "type": "Polygon", "coordinates": [ [ [ 724600.0, 6176400.0 ], [ 724600.0, 6176500.0 ], [ 724700.0, 6176500.0 ], [ 724700.0, 6176400.0 ], [ 724600.0, 6176400.0 ] ] ] } },
{ "type": "Feature", "properties": { "Shape_Area": 60000.0, "Shape_Leng": 1200.0, "cluster_id": "101_564", "fid_1": 564.0, "id_munic": 564.0, "munic_clus": "101_564", "munic_code": 101.0, "min": 3.3645460605621338, "max": 3.3645460605621338, "mean": 3.3645461400349936, "count": 6, "std": 7.947285984855057e-08, "range": 0.0 }, "geometry": { "type": "Polygon", "coordinates": [ [ [ 725300.0, 6176200.0 ], [ 725300.0, 6176100.0 ], [ 725200.0, 6176100.0 ], [ 725100.0, 6176100.0 ], [ 725100.0, 6176200.0 ], [ 725000.0, 6176200.0 ], [ 725000.0, 6176300.0 ], [ 725000.0, 6176400.0 ], [ 725100.0, 6176400.0 ], [ 725200.0, 6176400.0 ], [ 725200.0, 6176300.0 ], [ 725200.0, 6176200.0 ], [ 725300.0, 6176200.0 ] ] ] } },
{ "type": "Feature", "properties": { "Shape_Area": 30000.0, "Shape_Leng": 800.0, "cluster_id": "101_565", "fid_1": 565.0, "id_munic": 565.0, "munic_clus": "101_565", "munic_code": 101.0, "min": 3.191270112991333, "max": 3.191270112991333, "mean": 3.1912701924641929, "count": 3, "std": 7.947285984855057e-08, "range": 0.0 }, "geometry": { "type": "Polygon", "coordinates": [ [ [ 724300.0, 6176000.0 ], [ 724200.0, 6176000.0 ], [ 724200.0, 6176100.0 ], [ 724300.0, 6176100.0 ], [ 724400.0, 6176100.0 ], [ 724400.0, 6176000.0 ], [ 724400.0, 6175900.0 ], [ 724300.0, 6175900.0 ], [ 724300.0, 6176000.0 ] ] ] } },
{ "type": "Feature", "properties": { "Shape_Area": 30000.0, "Shape_Leng": 800.0, "cluster_id": "101_566", "fid_1": 566.0, "id_munic": 566.0, "munic_clus": "101_566", "munic_code": 101.0, "min": 3.36704421043396, "max": 3.36704421043396, "mean": 3.3670441309611001, "count": 3, "std": 7.947285984855057e-08, "range": 0.0 }, "geometry": { "type": "Polygon", "coordinates": [ [ [ 723800.0, 6177000.0 ], [ 723700.0, 6177000.0 ], [ 723700.0, 6177100.0 ], [ 723800.0, 6177100.0 ], [ 723900.0, 6177100.0 ], [ 723900.0, 6177000.0 ], [ 723900.0, 6176900.0 ], [ 723800.0, 6176900.0 ], [ 723800.0, 6177000.0 ] ] ] } },
{ "type": "Feature", "properties": { "Shape_Area": 40000.0, "Shape_Leng": 800.0, "cluster_id": "101_567", "fid_1": 567.0, "id_munic": 567.0, "munic_clus": "101_567", "munic_code": 101.0, "min": 3.3138959407806396, "max": 3.3138959407806396, "mean": 3.3138959407806396, "count": 4, "std": 0.0, "range": 0.0 }, "geometry": { "type": "Polygon", "coordinates": [ [ [ 722200.0, 6180100.0 ], [ 722100.0, 6180100.0 ], [ 722000.0, 6180100.0 ], [ 722000.0, 6180200.0 ], [ 722000.0, 6180300.0 ], [ 722100.0, 6180300.0 ], [ 722200.0, 6180300.0 ], [ 722200.0, 6180200.0 ], [ 722200.0, 6180100.0 ] ] ] } },
{ "type": "Feature", "properties": { "Shape_Area": 30000.0, "Shape_Leng": 800.0, "cluster_id": "101_568", "fid_1": 568.0, "id_munic": 568.0, "munic_clus": "101_568", "munic_code": 101.0, "min": 2.5899703502655029, "max": 2.5899703502655029, "mean": 2.5899702707926431, "count": 3, "std": 7.947285984855057e-08, "range": 0.0 }, "geometry": { "type": "Polygon", "coordinates": [ [ [ 724700.0, 6175900.0 ], [ 724700.0, 6176000.0 ], [ 724800.0, 6176000.0 ], [ 724900.0, 6176000.0 ], [ 724900.0, 6175900.0 ], [ 724800.0, 6175900.0 ], [ 724800.0, 6175800.0 ], [ 724700.0, 6175800.0 ], [ 724700.0, 6175900.0 ] ] ] } },
{ "type": "Feature", "properties": { "Shape_Area": 40000.0, "Shape_Leng": 1000.0, "cluster_id": "101_569", "fid_1": 569.0, "id_munic": 569.0, "munic_clus": "101_569", "munic_code": 101.0, "min": 2.9406867027282715, "max": 2.9406867027282715, "mean": 2.9406867027282715, "count": 4, "std": 0.0, "range": 0.0 }, "geometry": { "type": "Polygon", "coordinates": [ [ [ 724700.0, 6176100.0 ], [ 724700.0, 6176200.0 ], [ 724800.0, 6176200.0 ], [ 724800.0, 6176100.0 ], [ 724900.0, 6176100.0 ], [ 724900.0, 6176000.0 ], [ 724800.0, 6176000.0 ], [ 724700.0, 6176000.0 ], [ 724600.0, 6176000.0 ], [ 724600.0, 6176100.0 ], [ 724700.0, 6176100.0 ] ] ] } },
{ "type": "Feature", "properties": { "Shape_Area": 40000.0, "Shape_Leng": 800.0, "cluster_id": "101_570", "fid_1": 570.0, "id_munic": 570.0, "munic_clus": "101_570", "munic_code": 101.0, "min": 2.2437522411346436, "max": 2.2437522411346436, "mean": 2.2437522411346436, "count": 4, "std": 0.0, "range": 0.0 }, "geometry": { "type": "Polygon", "coordinates": [ [ [ 724600.0, 6176000.0 ], [ 724500.0, 6176000.0 ], [ 724400.0, 6176000.0 ], [ 724400.0, 6176100.0 ], [ 724400.0, 6176200.0 ], [ 724500.0, 6176200.0 ], [ 724600.0, 6176200.0 ], [ 724600.0, 6176100.0 ], [ 724600.0, 6176000.0 ] ] ] } },
{ "type": "Feature", "properties": { "Shape_Area": 20000.0, "Shape_Leng": 600.0, "cluster_id": "101_571", "fid_1": 571.0, "id_munic": 571.0, "munic_clus": "101_571", "munic_code": 101.0, "min": 3.6702768802642822, "max": 3.6702768802642822, "mean": 3.6702768802642822, "count": 2, "std": 0.0, "range": 0.0 }, "geometry": { "type": "Polygon", "coordinates": [ [ [ 723500.0, 6179100.0 ], [ 723500.0, 6179200.0 ], [ 723600.0, 6179200.0 ], [ 723600.0, 6179100.0 ], [ 723600.0, 6179000.0 ], [ 723500.0, 6179000.0 ], [ 723500.0, 6179100.0 ] ] ] } },
{ "type": "Feature", "properties": { "Shape_Area": 20000.0, "Shape_Leng": 600.0, "cluster_id": "101_572", "fid_1": 572.0, "id_munic": 572.0, "munic_clus": "101_572", "munic_code": 101.0, "min": 2.8972012996673584, "max": 2.8972012996673584, "mean": 2.8972012996673584, "count": 2, "std": 0.0, "range": 0.0 }, "geometry": { "type": "Polygon", "coordinates": [ [ [ 723600.0, 6179200.0 ], [ 723700.0, 6179200.0 ], [ 723800.0, 6179200.0 ], [ 723800.0, 6179100.0 ], [ 723700.0, 6179100.0 ], [ 723600.0, 6179100.0 ], [ 723600.0, 6179200.0 ] ] ] } },
{ "type": "Feature", "properties": { "Shape_Area": 10000.0, "Shape_Leng": 400.0, "cluster_id": "101_573", "fid_1": 573.0, "id_munic": 573.0, "munic_clus": "101_573", "munic_code": 101.0, "min": 2.6119630336761475, "max": 2.6119630336761475, "mean": 2.6119630336761475, "count": 1, "std": 0.0, "range": 0.0 }, "geometry": { "type": "Polygon", "coordinates": [ [ [ 723600.0, 6179400.0 ], [ 723600.0, 6179500.0 ], [ 723700.0, 6179500.0 ], [ 723700.0, 6179400.0 ], [ 723600.0, 6179400.0 ] ] ] } },
{ "type": "Feature", "properties": { "Shape_Area": 50000.0, "Shape_Leng": 1200.0, "cluster_id": "101_574", "fid_1": 574.0, "id_munic": 574.0, "munic_clus": "101_574", "munic_code": 101.0, "min": 2.8765413761138916, "max": 2.8765413761138916, "mean": 2.876541519165039, "count": 5, "std": 1.4305114737211966e-07, "range": 0.0 }, "geometry": { "type": "Polygon", "coordinates": [ [ [ 723500.0, 6179000.0 ], [ 723600.0, 6179000.0 ], [ 723600.0, 6179100.0 ], [ 723700.0, 6179100.0 ], [ 723800.0, 6179100.0 ], [ 723800.0, 6179000.0 ], [ 723700.0, 6179000.0 ], [ 723700.0, 6178900.0 ], [ 723600.0, 6178900.0 ], [ 723600.0, 6178800.0 ], [ 723500.0, 6178800.0 ], [ 723500.0, 6178900.0 ], [ 723500.0, 6179000.0 ] ] ] } },
{ "type": "Feature", "properties": { "Shape_Area": 20000.0, "Shape_Leng": 600.0, "cluster_id": "101_575", "fid_1": 575.0, "id_munic": 575.0, "munic_clus": "101_575", "munic_code": 101.0, "min": 2.5899701118469238, "max": 2.5899701118469238, "mean": 2.5899701118469238, "count": 2, "std": 0.0, "range": 0.0 }, "geometry": { "type": "Polygon", "coordinates": [ [ [ 724700.0, 6178500.0 ], [ 724700.0, 6178600.0 ], [ 724800.0, 6178600.0 ], [ 724800.0, 6178500.0 ], [ 724800.0, 6178400.0 ], [ 724700.0, 6178400.0 ], [ 724700.0, 6178500.0 ] ] ] } },
{ "type": "Feature", "properties": { "Shape_Area": 30000.0, "Shape_Leng": 800.0, "cluster_id": "101_576", "fid_1": 576.0, "id_munic": 576.0, "munic_clus": "101_576", "munic_code": 101.0, "min": 3.1191272735595703, "max": 3.1191272735595703, "mean": 3.1191272735595703, "count": 3, "std": 0.0, "range": 0.0 }, "geometry": { "type": "Polygon", "coordinates": [ [ [ 723300.0, 6177200.0 ], [ 723300.0, 6177300.0 ], [ 723400.0, 6177300.0 ], [ 723500.0, 6177300.0 ], [ 723500.0, 6177200.0 ], [ 723400.0, 6177200.0 ], [ 723400.0, 6177100.0 ], [ 723300.0, 6177100.0 ], [ 723300.0, 6177200.0 ] ] ] } },
{ "type": "Feature", "properties": { "Shape_Area": 10000.0, "Shape_Leng": 400.0, "cluster_id": "101_577", "fid_1": 577.0, "id_munic": 577.0, "munic_clus": "101_577", "munic_code": 101.0, "min": 3.7229259014129639, "max": 3.7229259014129639, "mean": 3.7229259014129639, "count": 1, "std": 0.0, "range": 0.0 }, "geometry": { "type": "Polygon", "coordinates": [ [ [ 724700.0, 6179200.0 ], [ 724700.0, 6179300.0 ], [ 724800.0, 6179300.0 ], [ 724800.0, 6179200.0 ], [ 724700.0, 6179200.0 ] ] ] } },
{ "type": "Feature", "properties": { "Shape_Area": 10000.0, "Shape_Leng": 400.0, "cluster_id": "101_578", "fid_1": 578.0, "id_munic": 578.0, "munic_clus": "101_578", "munic_code": 101.0, "min": 3.4561817646026611, "max": 3.4561817646026611, "mean": 3.4561817646026611, "count": 1, "std": 0.0, "range": 0.0 }, "geometry": { "type": "Polygon", "coordinates": [ [ [ 724600.0, 6179300.0 ], [ 724600.0, 6179400.0 ], [ 724700.0, 6179400.0 ], [ 724700.0, 6179300.0 ], [ 724600.0, 6179300.0 ] ] ] } },
{ "type": "Feature", "properties": { "Shape_Area": 180000.0, "Shape_Leng": 2000.0, "cluster_id": "101_579", "fid_1": 579.0, "id_munic": 579.0, "munic_clus": "101_579", "munic_code": 101.0, "min": 3.3009002208709717, "max": 3.3009002208709717, "mean": 3.3009003533257379, "count": 18, "std": 1.3245476626622121e-07, "range": 0.0 }, "geometry": { "type": "Polygon", "coordinates": [ [ [ 724500.0, 6178600.0 ], [ 724400.0, 6178600.0 ], [ 724400.0, 6178700.0 ], [ 724300.0, 6178700.0 ], [ 724300.0, 6178800.0 ], [ 724400.0, 6178800.0 ], [ 724400.0, 6178900.0 ], [ 724500.0, 6178900.0 ], [ 724500.0, 6179000.0 ], [ 724600.0, 6179000.0 ], [ 724700.0, 6179000.0 ], [ 724800.0, 6179000.0 ], [ 724800.0, 6178900.0 ], [ 724800.0, 6178800.0 ], [ 724800.0, 6178700.0 ], [ 724800.0, 6178600.0 ], [ 724700.0, 6178600.0 ], [ 724700.0, 6178500.0 ], [ 724600.0, 6178500.0 ], [ 724500.0, 6178500.0 ], [ 724500.0, 6178600.0 ] ] ] } },
{ "type": "Feature", "properties": { "Shape_Area": 10000.0, "Shape_Leng": 400.0, "cluster_id": "101_580", "fid_1": 580.0, "id_munic": 580.0, "munic_clus": "101_580", "munic_code": 101.0, "min": 2.6424527168273926, "max": 2.6424527168273926, "mean": 2.6424527168273926, "count": 1, "std": 0.0, "range": 0.0 }, "geometry": { "type": "Polygon", "coordinates": [ [ [ 724700.0, 6179300.0 ], [ 724700.0, 6179400.0 ], [ 724800.0, 6179400.0 ], [ 724800.0, 6179300.0 ], [ 724700.0, 6179300.0 ] ] ] } },
{ "type": "Feature", "properties": { "Shape_Area": 10000.0, "Shape_Leng": 400.0, "cluster_id": "101_581", "fid_1": 581.0, "id_munic": 581.0, "munic_clus": "101_581", "munic_code": 101.0, "min": 3.7810733318328857, "max": 3.7810733318328857, "mean": 3.7810733318328857, "count": 1, "std": 0.0, "range": 0.0 }, "geometry": { "type": "Polygon", "coordinates": [ [ [ 724600.0, 6179400.0 ], [ 724600.0, 6179500.0 ], [ 724700.0, 6179500.0 ], [ 724700.0, 6179400.0 ], [ 724600.0, 6179400.0 ] ] ] } },
{ "type": "Feature", "properties": { "Shape_Area": 10000.0, "Shape_Leng": 400.0, "cluster_id": "101_582", "fid_1": 582.0, "id_munic": 582.0, "munic_clus": "101_582", "munic_code": 101.0, "min": 3.9450187683105469, "max": 3.9450187683105469, "mean": 3.9450187683105469, "count": 1, "std": 0.0, "range": 0.0 }, "geometry": { "type": "Polygon", "coordinates": [ [ [ 724500.0, 6179300.0 ], [ 724500.0, 6179400.0 ], [ 724600.0, 6179400.0 ], [ 724600.0, 6179300.0 ], [ 724500.0, 6179300.0 ] ] ] } },
{ "type": "Feature", "properties": { "Shape_Area": 30000.0, "Shape_Leng": 800.0, "cluster_id": "101_583", "fid_1": 583.0, "id_munic": 583.0, "munic_clus": "101_583", "munic_code": 101.0, "min": 3.0314896106719971, "max": 3.0314896106719971, "mean": 3.0314896901448569, "count": 3, "std": 7.947285984855057e-08, "range": 0.0 }, "geometry": { "type": "Polygon", "coordinates": [ [ [ 724400.0, 6179300.0 ], [ 724300.0, 6179300.0 ], [ 724300.0, 6179400.0 ], [ 724400.0, 6179400.0 ], [ 724500.0, 6179400.0 ], [ 724500.0, 6179300.0 ], [ 724500.0, 6179200.0 ], [ 724400.0, 6179200.0 ], [ 724400.0, 6179300.0 ] ] ] } },
{ "type": "Feature", "properties": { "Shape_Area": 40000.0, "Shape_Leng": 800.0, "cluster_id": "101_584", "fid_1": 584.0, "id_munic": 584.0, "munic_clus": "101_584", "munic_code": 101.0, "min": 3.5813064575195312, "max": 3.5813064575195312, "mean": 3.5813064575195312, "count": 4, "std": 0.0, "range": 0.0 }, "geometry": { "type": "Polygon", "coordinates": [ [ [ 724800.0, 6179000.0 ], [ 724700.0, 6179000.0 ], [ 724600.0, 6179000.0 ], [ 724600.0, 6179100.0 ], [ 724600.0, 6179200.0 ], [ 724700.0, 6179200.0 ], [ 724800.0, 6179200.0 ], [ 724800.0, 6179100.0 ], [ 724800.0, 6179000.0 ] ] ] } },
{ "type": "Feature", "properties": { "Shape_Area": 30000.0, "Shape_Leng": 800.0, "cluster_id": "101_585", "fid_1": 585.0, "id_munic": 585.0, "munic_clus": "101_585", "munic_code": 101.0, "min": 3.3593804836273193, "max": 3.3593804836273193, "mean": 3.3593804041544595, "count": 3, "std": 7.947285984855057e-08, "range": 0.0 }, "geometry": { "type": "Polygon", "coordinates": [ [ [ 724500.0, 6179200.0 ], [ 724500.0, 6179300.0 ], [ 724600.0, 6179300.0 ], [ 724700.0, 6179300.0 ], [ 724700.0, 6179200.0 ], [ 724600.0, 6179200.0 ], [ 724600.0, 6179100.0 ], [ 724500.0, 6179100.0 ], [ 724500.0, 6179200.0 ] ] ] } },
{ "type": "Feature", "properties": { "Shape_Area": 20000.0, "Shape_Leng": 600.0, "cluster_id": "101_586", "fid_1": 586.0, "id_munic": 586.0, "munic_clus": "101_586", "munic_code": 101.0, "min": 2.4235258102416992, "max": 2.4235258102416992, "mean": 2.4235258102416992, "count": 2, "std": 0.0, "range": 0.0 }, "geometry": { "type": "Polygon", "coordinates": [ [ [ 723500.0, 6179500.0 ], [ 723500.0, 6179600.0 ], [ 723600.0, 6179600.0 ], [ 723600.0, 6179500.0 ], [ 723600.0, 6179400.0 ], [ 723500.0, 6179400.0 ], [ 723500.0, 6179500.0 ] ] ] } },
{ "type": "Feature", "properties": { "Shape_Area": 10000.0, "Shape_Leng": 400.0, "cluster_id": "101_587", "fid_1": 587.0, "id_munic": 587.0, "munic_clus": "101_587", "munic_code": 101.0, "min": 3.3290574550628662, "max": 3.3290574550628662, "mean": 3.3290574550628662, "count": 1, "std": 0.0, "range": 0.0 }, "geometry": { "type": "Polygon", "coordinates": [ [ [ 723400.0, 6179500.0 ], [ 723400.0, 6179600.0 ], [ 723500.0, 6179600.0 ], [ 723500.0, 6179500.0 ], [ 723400.0, 6179500.0 ] ] ] } },
{ "type": "Feature", "properties": { "Shape_Area": 10000.0, "Shape_Leng": 400.0, "cluster_id": "101_588", "fid_1": 588.0, "id_munic": 588.0, "munic_clus": "101_588", "munic_code": 101.0, "min": 3.343052864074707, "max": 3.343052864074707, "mean": 3.343052864074707, "count": 1, "std": 0.0, "range": 0.0 }, "geometry": { "type": "Polygon", "coordinates": [ [ [ 723600.0, 6179600.0 ], [ 723600.0, 6179700.0 ], [ 723700.0, 6179700.0 ], [ 723700.0, 6179600.0 ], [ 723600.0, 6179600.0 ] ] ] } },
{ "type": "Feature", "properties": { "Shape_Area": 10000.0, "Shape_Leng": 400.0, "cluster_id": "101_589", "fid_1": 589.0, "id_munic": 589.0, "munic_clus": "101_589", "munic_code": 101.0, "min": 3.7715768814086914, "max": 3.7715768814086914, "mean": 3.7715768814086914, "count": 1, "std": 0.0, "range": 0.0 }, "geometry": { "type": "Polygon", "coordinates": [ [ [ 723600.0, 6179500.0 ], [ 723600.0, 6179600.0 ], [ 723700.0, 6179600.0 ], [ 723700.0, 6179500.0 ], [ 723600.0, 6179500.0 ] ] ] } },
{ "type": "Feature", "properties": { "Shape_Area": 30000.0, "Shape_Leng": 800.0, "cluster_id": "101_590", "fid_1": 590.0, "id_munic": 590.0, "munic_clus": "101_590", "munic_code": 101.0, "min": 3.4653453826904297, "max": 3.4653453826904297, "mean": 3.4653453826904297, "count": 3, "std": 0.0, "range": 0.0 }, "geometry": { "type": "Polygon", "coordinates": [ [ [ 723400.0, 6179800.0 ], [ 723500.0, 6179800.0 ], [ 723500.0, 6179900.0 ], [ 723600.0, 6179900.0 ], [ 723600.0, 6179800.0 ], [ 723600.0, 6179700.0 ], [ 723500.0, 6179700.0 ], [ 723400.0, 6179700.0 ], [ 723400.0, 6179800.0 ] ] ] } },
{ "type": "Feature", "properties": { "Shape_Area": 10000.0, "Shape_Leng": 400.0, "cluster_id": "101_591", "fid_1": 591.0, "id_munic": 591.0, "munic_clus": "101_591", "munic_code": 101.0, "min": 3.3825390338897705, "max": 3.3825390338897705, "mean": 3.3825390338897705, "count": 1, "std": 0.0, "range": 0.0 }, "geometry": { "type": "Polygon", "coordinates": [ [ [ 723500.0, 6179600.0 ], [ 723500.0, 6179700.0 ], [ 723600.0, 6179700.0 ], [ 723600.0, 6179600.0 ], [ 723500.0, 6179600.0 ] ] ] } },
{ "type": "Feature", "properties": { "Shape_Area": 10000.0, "Shape_Leng": 400.0, "cluster_id": "101_592", "fid_1": 592.0, "id_munic": 592.0, "munic_clus": "101_592", "munic_code": 101.0, "min": 3.2482504844665527, "max": 3.2482504844665527, "mean": 3.2482504844665527, "count": 1, "std": 0.0, "range": 0.0 }, "geometry": { "type": "Polygon", "coordinates": [ [ [ 723300.0, 6179500.0 ], [ 723300.0, 6179600.0 ], [ 723400.0, 6179600.0 ], [ 723400.0, 6179500.0 ], [ 723300.0, 6179500.0 ] ] ] } },
{ "type": "Feature", "properties": { "Shape_Area": 10000.0, "Shape_Leng": 400.0, "cluster_id": "101_593", "fid_1": 593.0, "id_munic": 593.0, "munic_clus": "101_593", "munic_code": 101.0, "min": 3.665278434753418, "max": 3.665278434753418, "mean": 3.665278434753418, "count": 1, "std": 0.0, "range": 0.0 }, "geometry": { "type": "Polygon", "coordinates": [ [ [ 723400.0, 6179600.0 ], [ 723400.0, 6179700.0 ], [ 723500.0, 6179700.0 ], [ 723500.0, 6179600.0 ], [ 723400.0, 6179600.0 ] ] ] } },
{ "type": "Feature", "properties": { "Shape_Area": 10000.0, "Shape_Leng": 400.0, "cluster_id": "101_594", "fid_1": 594.0, "id_munic": 594.0, "munic_clus": "101_594", "munic_code": 101.0, "min": 3.5558145046234131, "max": 3.5558145046234131, "mean": 3.5558145046234131, "count": 1, "std": 0.0, "range": 0.0 }, "geometry": { "type": "Polygon", "coordinates": [ [ [ 723300.0, 6179600.0 ], [ 723300.0, 6179700.0 ], [ 723400.0, 6179700.0 ], [ 723400.0, 6179600.0 ], [ 723300.0, 6179600.0 ] ] ] } },
{ "type": "Feature", "properties": { "Shape_Area": 10000.0, "Shape_Leng": 400.0, "cluster_id": "101_595", "fid_1": 595.0, "id_munic": 595.0, "munic_clus": "101_595", "munic_code": 101.0, "min": 3.1479506492614746, "max": 3.1479506492614746, "mean": 3.1479506492614746, "count": 1, "std": 0.0, "range": 0.0 }, "geometry": { "type": "Polygon", "coordinates": [ [ [ 724800.0, 6179300.0 ], [ 724800.0, 6179400.0 ], [ 724900.0, 6179400.0 ], [ 724900.0, 6179300.0 ], [ 724800.0, 6179300.0 ] ] ] } },
{ "type": "Feature", "properties": { "Shape_Area": 10000.0, "Shape_Leng": 400.0, "cluster_id": "101_596", "fid_1": 596.0, "id_munic": 596.0, "munic_clus": "101_596", "munic_code": 101.0, "min": 2.7692437171936035, "max": 2.7692437171936035, "mean": 2.7692437171936035, "count": 1, "std": 0.0, "range": 0.0 }, "geometry": { "type": "Polygon", "coordinates": [ [ [ 724800.0, 6179200.0 ], [ 724800.0, 6179300.0 ], [ 724900.0, 6179300.0 ], [ 724900.0, 6179200.0 ], [ 724800.0, 6179200.0 ] ] ] } },
{ "type": "Feature", "properties": { "Shape_Area": 20000.0, "Shape_Leng": 600.0, "cluster_id": "101_597", "fid_1": 597.0, "id_munic": 597.0, "munic_clus": "101_597", "munic_code": 101.0, "min": 2.0158281326293945, "max": 2.0158281326293945, "mean": 2.0158281326293945, "count": 2, "std": 0.0, "range": 0.0 }, "geometry": { "type": "Polygon", "coordinates": [ [ [ 724700.0, 6179500.0 ], [ 724800.0, 6179500.0 ], [ 724900.0, 6179500.0 ], [ 724900.0, 6179400.0 ], [ 724800.0, 6179400.0 ], [ 724700.0, 6179400.0 ], [ 724700.0, 6179500.0 ] ] ] } },
{ "type": "Feature", "properties": { "Shape_Area": 10000.0, "Shape_Leng": 400.0, "cluster_id": "101_598", "fid_1": 598.0, "id_munic": 598.0, "munic_clus": "101_598", "munic_code": 101.0, "min": 3.305065393447876, "max": 3.305065393447876, "mean": 3.305065393447876, "count": 1, "std": 0.0, "range": 0.0 }, "geometry": { "type": "Polygon", "coordinates": [ [ [ 724500.0, 6180200.0 ], [ 724500.0, 6180300.0 ], [ 724600.0, 6180300.0 ], [ 724600.0, 6180200.0 ], [ 724500.0, 6180200.0 ] ] ] } },
{ "type": "Feature", "properties": { "Shape_Area": 10000.0, "Shape_Leng": 400.0, "cluster_id": "101_599", "fid_1": 599.0, "id_munic": 599.0, "munic_clus": "101_599", "munic_code": 101.0, "min": 2.3068981170654297, "max": 2.3068981170654297, "mean": 2.3068981170654297, "count": 1, "std": 0.0, "range": 0.0 }, "geometry": { "type": "Polygon", "coordinates": [ [ [ 724200.0, 6180000.0 ], [ 724200.0, 6180100.0 ], [ 724300.0, 6180100.0 ], [ 724300.0, 6180000.0 ], [ 724200.0, 6180000.0 ] ] ] } },
{ "type": "Feature", "properties": { "Shape_Area": 20000.0, "Shape_Leng": 600.0, "cluster_id": "101_600", "fid_1": 600.0, "id_munic": 600.0, "munic_clus": "101_600", "munic_code": 101.0, "min": 2.8977015018463135, "max": 2.8977015018463135, "mean": 2.8977015018463135, "count": 2, "std": 0.0, "range": 0.0 }, "geometry": { "type": "Polygon", "coordinates": [ [ [ 724600.0, 6180200.0 ], [ 724600.0, 6180300.0 ], [ 724700.0, 6180300.0 ], [ 724700.0, 6180200.0 ], [ 724700.0, 6180100.0 ], [ 724600.0, 6180100.0 ], [ 724600.0, 6180200.0 ] ] ] } },
{ "type": "Feature", "properties": { "Shape_Area": 10000.0, "Shape_Leng": 400.0, "cluster_id": "101_601", "fid_1": 601.0, "id_munic": 601.0, "munic_clus": "101_601", "munic_code": 101.0, "min": 3.5358211994171143, "max": 3.5358211994171143, "mean": 3.5358211994171143, "count": 1, "std": 0.0, "range": 0.0 }, "geometry": { "type": "Polygon", "coordinates": [ [ [ 723300.0, 6177000.0 ], [ 723300.0, 6177100.0 ], [ 723400.0, 6177100.0 ], [ 723400.0, 6177000.0 ], [ 723300.0, 6177000.0 ] ] ] } },
{ "type": "Feature", "properties": { "Shape_Area": 10000.0, "Shape_Leng": 400.0, "cluster_id": "101_602", "fid_1": 602.0, "id_munic": 602.0, "munic_clus": "101_602", "munic_code": 101.0, "min": 3.0178272724151611, "max": 3.0178272724151611, "mean": 3.0178272724151611, "count": 1, "std": 0.0, "range": 0.0 }, "geometry": { "type": "Polygon", "coordinates": [ [ [ 724500.0, 6180100.0 ], [ 724500.0, 6180200.0 ], [ 724600.0, 6180200.0 ], [ 724600.0, 6180100.0 ], [ 724500.0, 6180100.0 ] ] ] } },
{ "type": "Feature", "properties": { "Shape_Area": 30000.0, "Shape_Leng": 800.0, "cluster_id": "101_603", "fid_1": 603.0, "id_munic": 603.0, "munic_clus": "101_603", "munic_code": 101.0, "min": 2.672109842300415, "max": 2.672109842300415, "mean": 2.6721099217732749, "count": 3, "std": 7.947285984855057e-08, "range": 0.0 }, "geometry": { "type": "Polygon", "coordinates": [ [ [ 724300.0, 6180100.0 ], [ 724300.0, 6180200.0 ], [ 724400.0, 6180200.0 ], [ 724500.0, 6180200.0 ], [ 724500.0, 6180100.0 ], [ 724400.0, 6180100.0 ], [ 724400.0, 6180000.0 ], [ 724300.0, 6180000.0 ], [ 724300.0, 6180100.0 ] ] ] } },
{ "type": "Feature", "properties": { "Shape_Area": 10000.0, "Shape_Leng": 400.0, "cluster_id": "101_604", "fid_1": 604.0, "id_munic": 604.0, "munic_clus": "101_604", "munic_code": 101.0, "min": 2.9231927394866943, "max": 2.9231927394866943, "mean": 2.9231927394866943, "count": 1, "std": 0.0, "range": 0.0 }, "geometry": { "type": "Polygon", "coordinates": [ [ [ 725600.0, 6176100.0 ], [ 725600.0, 6176200.0 ], [ 725700.0, 6176200.0 ], [ 725700.0, 6176100.0 ], [ 725600.0, 6176100.0 ] ] ] } },
{ "type": "Feature", "properties": { "Shape_Area": 20000.0, "Shape_Leng": 600.0, "cluster_id": "101_605", "fid_1": 605.0, "id_munic": 605.0, "munic_clus": "101_605", "munic_code": 101.0, "min": 3.2480843067169189, "max": 3.2480843067169189, "mean": 3.2480843067169189, "count": 2, "std": 0.0, "range": 0.0 }, "geometry": { "type": "Polygon", "coordinates": [ [ [ 725600.0, 6176300.0 ], [ 725700.0, 6176300.0 ], [ 725800.0, 6176300.0 ], [ 725800.0, 6176200.0 ], [ 725700.0, 6176200.0 ], [ 725600.0, 6176200.0 ], [ 725600.0, 6176300.0 ] ] ] } },
{ "type": "Feature", "properties": { "Shape_Area": 20000.0, "Shape_Leng": 600.0, "cluster_id": "101_606", "fid_1": 606.0, "id_munic": 606.0, "munic_clus": "101_606", "munic_code": 101.0, "min": 2.9413535594940186, "max": 2.9413535594940186, "mean": 2.9413535594940186, "count": 2, "std": 0.0, "range": 0.0 }, "geometry": { "type": "Polygon", "coordinates": [ [ [ 725600.0, 6176100.0 ], [ 725700.0, 6176100.0 ], [ 725800.0, 6176100.0 ], [ 725800.0, 6176000.0 ], [ 725700.0, 6176000.0 ], [ 725600.0, 6176000.0 ], [ 725600.0, 6176100.0 ] ] ] } },
{ "type": "Feature", "properties": { "Shape_Area": 10000.0, "Shape_Leng": 400.0, "cluster_id": "101_607", "fid_1": 607.0, "id_munic": 607.0, "munic_clus": "101_607", "munic_code": 101.0, "min": 3.2757418155670166, "max": 3.2757418155670166, "mean": 3.2757418155670166, "count": 1, "std": 0.0, "range": 0.0 }, "geometry": { "type": "Polygon", "coordinates": [ [ [ 725700.0, 6176100.0 ], [ 725700.0, 6176200.0 ], [ 725800.0, 6176200.0 ], [ 725800.0, 6176100.0 ], [ 725700.0, 6176100.0 ] ] ] } },
{ "type": "Feature", "properties": { "Shape_Area": 10000.0, "Shape_Leng": 400.0, "cluster_id": "101_608", "fid_1": 608.0, "id_munic": 608.0, "munic_clus": "101_608", "munic_code": 101.0, "min": 2.7247586250305176, "max": 2.7247586250305176, "mean": 2.7247586250305176, "count": 1, "std": 0.0, "range": 0.0 }, "geometry": { "type": "Polygon", "coordinates": [ [ [ 722400.0, 6178200.0 ], [ 722400.0, 6178300.0 ], [ 722500.0, 6178300.0 ], [ 722500.0, 6178200.0 ], [ 722400.0, 6178200.0 ] ] ] } },
{ "type": "Feature", "properties": { "Shape_Area": 20000.0, "Shape_Leng": 600.0, "cluster_id": "101_609", "fid_1": 609.0, "id_munic": 609.0, "munic_clus": "101_609", "munic_code": 101.0, "min": 2.5134954452514648, "max": 2.5134954452514648, "mean": 2.5134954452514648, "count": 2, "std": 0.0, "range": 0.0 }, "geometry": { "type": "Polygon", "coordinates": [ [ [ 722300.0, 6178400.0 ], [ 722400.0, 6178400.0 ], [ 722500.0, 6178400.0 ], [ 722500.0, 6178300.0 ], [ 722400.0, 6178300.0 ], [ 722300.0, 6178300.0 ], [ 722300.0, 6178400.0 ] ] ] } },
{ "type": "Feature", "properties": { "Shape_Area": 30000.0, "Shape_Leng": 800.0, "cluster_id": "101_610", "fid_1": 610.0, "id_munic": 610.0, "munic_clus": "101_610", "munic_code": 101.0, "min": 2.6562814712524414, "max": 2.6562814712524414, "mean": 2.6562814712524414, "count": 3, "std": 0.0, "range": 0.0 }, "geometry": { "type": "Polygon", "coordinates": [ [ [ 722300.0, 6178100.0 ], [ 722300.0, 6178200.0 ], [ 722400.0, 6178200.0 ], [ 722500.0, 6178200.0 ], [ 722500.0, 6178100.0 ], [ 722400.0, 6178100.0 ], [ 722400.0, 6178000.0 ], [ 722300.0, 6178000.0 ], [ 722300.0, 6178100.0 ] ] ] } },
{ "type": "Feature", "properties": { "Shape_Area": 10000.0, "Shape_Leng": 400.0, "cluster_id": "101_611", "fid_1": 611.0, "id_munic": 611.0, "munic_clus": "101_611", "munic_code": 101.0, "min": 3.4620130062103271, "max": 3.4620130062103271, "mean": 3.4620130062103271, "count": 1, "std": 0.0, "range": 0.0 }, "geometry": { "type": "Polygon", "coordinates": [ [ [ 724600.0, 6177300.0 ], [ 724600.0, 6177400.0 ], [ 724700.0, 6177400.0 ], [ 724700.0, 6177300.0 ], [ 724600.0, 6177300.0 ] ] ] } },
{ "type": "Feature", "properties": { "Shape_Area": 30000.0, "Shape_Leng": 800.0, "cluster_id": "101_612", "fid_1": 612.0, "id_munic": 612.0, "munic_clus": "101_612", "munic_code": 101.0, "min": 3.0206596851348877, "max": 3.0206596851348877, "mean": 3.0206597646077475, "count": 3, "std": 7.947285984855057e-08, "range": 0.0 }, "geometry": { "type": "Polygon", "coordinates": [ [ [ 722800.0, 6178300.0 ], [ 722800.0, 6178400.0 ], [ 722900.0, 6178400.0 ], [ 722900.0, 6178300.0 ], [ 723000.0, 6178300.0 ], [ 723000.0, 6178200.0 ], [ 722900.0, 6178200.0 ], [ 722800.0, 6178200.0 ], [ 722800.0, 6178300.0 ] ] ] } },
{ "type": "Feature", "properties": { "Shape_Area": 10000.0, "Shape_Leng": 400.0, "cluster_id": "101_613", "fid_1": 613.0, "id_munic": 613.0, "munic_clus": "101_613", "munic_code": 101.0, "min": 2.2499170303344727, "max": 2.2499170303344727, "mean": 2.2499170303344727, "count": 1, "std": 0.0, "range": 0.0 }, "geometry": { "type": "Polygon", "coordinates": [ [ [ 722800.0, 6177900.0 ], [ 722800.0, 6178000.0 ], [ 722900.0, 6178000.0 ], [ 722900.0, 6177900.0 ], [ 722800.0, 6177900.0 ] ] ] } },
{ "type": "Feature", "properties": { "Shape_Area": 10000.0, "Shape_Leng": 400.0, "cluster_id": "101_614", "fid_1": 614.0, "id_munic": 614.0, "munic_clus": "101_614", "munic_code": 101.0, "min": 2.7440853118896484, "max": 2.7440853118896484, "mean": 2.7440853118896484, "count": 1, "std": 0.0, "range": 0.0 }, "geometry": { "type": "Polygon", "coordinates": [ [ [ 722900.0, 6178000.0 ], [ 722900.0, 6178100.0 ], [ 723000.0, 6178100.0 ], [ 723000.0, 6178000.0 ], [ 722900.0, 6178000.0 ] ] ] } },
{ "type": "Feature", "properties": { "Shape_Area": 30000.0, "Shape_Leng": 800.0, "cluster_id": "101_615", "fid_1": 615.0, "id_munic": 615.0, "munic_clus": "101_615", "munic_code": 101.0, "min": 3.1106300354003906, "max": 3.1106300354003906, "mean": 3.1106300354003906, "count": 3, "std": 0.0, "range": 0.0 }, "geometry": { "type": "Polygon", "coordinates": [ [ [ 722700.0, 6178100.0 ], [ 722700.0, 6178200.0 ], [ 722800.0, 6178200.0 ], [ 722900.0, 6178200.0 ], [ 722900.0, 6178100.0 ], [ 722800.0, 6178100.0 ], [ 722800.0, 6178000.0 ], [ 722700.0, 6178000.0 ], [ 722700.0, 6178100.0 ] ] ] } },
{ "type": "Feature", "properties": { "Shape_Area": 30000.0, "Shape_Leng": 800.0, "cluster_id": "101_616", "fid_1": 616.0, "id_munic": 616.0, "munic_clus": "101_616", "munic_code": 101.0, "min": 3.7555816173553467, "max": 3.7555816173553467, "mean": 3.7555815378824868, "count": 3, "std": 7.947285984855057e-08, "range": 0.0 }, "geometry": { "type": "Polygon", "coordinates": [ [ [ 722900.0, 6178200.0 ], [ 723000.0, 6178200.0 ], [ 723000.0, 6178300.0 ], [ 723100.0, 6178300.0 ], [ 723100.0, 6178200.0 ], [ 723100.0, 6178100.0 ], [ 723000.0, 6178100.0 ], [ 722900.0, 6178100.0 ], [ 722900.0, 6178200.0 ] ] ] } },
{ "type": "Feature", "properties": { "Shape_Area": 10000.0, "Shape_Leng": 400.0, "cluster_id": "101_617", "fid_1": 617.0, "id_munic": 617.0, "munic_clus": "101_617", "munic_code": 101.0, "min": 4.1211276054382324, "max": 4.1211276054382324, "mean": 4.1211276054382324, "count": 1, "std": 0.0, "range": 0.0 }, "geometry": { "type": "Polygon", "coordinates": [ [ [ 722800.0, 6178000.0 ], [ 722800.0, 6178100.0 ], [ 722900.0, 6178100.0 ], [ 722900.0, 6178000.0 ], [ 722800.0, 6178000.0 ] ] ] } },
{ "type": "Feature", "properties": { "Shape_Area": 10000.0, "Shape_Leng": 400.0, "cluster_id": "101_618", "fid_1": 618.0, "id_munic": 618.0, "munic_clus": "101_618", "munic_code": 101.0, "min": 2.7907366752624512, "max": 2.7907366752624512, "mean": 2.7907366752624512, "count": 1, "std": 0.0, "range": 0.0 }, "geometry": { "type": "Polygon", "coordinates": [ [ [ 722700.0, 6178200.0 ], [ 722700.0, 6178300.0 ], [ 722800.0, 6178300.0 ], [ 722800.0, 6178200.0 ], [ 722700.0, 6178200.0 ] ] ] } },
{ "type": "Feature", "properties": { "Shape_Area": 30000.0, "Shape_Leng": 800.0, "cluster_id": "101_619", "fid_1": 619.0, "id_munic": 619.0, "munic_clus": "101_619", "munic_code": 101.0, "min": 2.7167611122131348, "max": 2.7167611122131348, "mean": 2.716761271158854, "count": 3, "std": 1.5894571925301193e-07, "range": 0.0 }, "geometry": { "type": "Polygon", "coordinates": [ [ [ 722900.0, 6177900.0 ], [ 722900.0, 6178000.0 ], [ 723000.0, 6178000.0 ], [ 723000.0, 6177900.0 ], [ 723100.0, 6177900.0 ], [ 723100.0, 6177800.0 ], [ 723000.0, 6177800.0 ], [ 722900.0, 6177800.0 ], [ 722900.0, 6177900.0 ] ] ] } },
{ "type": "Feature", "properties": { "Shape_Area": 10000.0, "Shape_Leng": 400.0, "cluster_id": "101_620", "fid_1": 620.0, "id_munic": 620.0, "munic_clus": "101_620", "munic_code": 101.0, "min": 3.8092303276062012, "max": 3.8092303276062012, "mean": 3.8092303276062012, "count": 1, "std": 0.0, "range": 0.0 }, "geometry": { "type": "Polygon", "coordinates": [ [ [ 723000.0, 6177900.0 ], [ 723000.0, 6178000.0 ], [ 723100.0, 6178000.0 ], [ 723100.0, 6177900.0 ], [ 723000.0, 6177900.0 ] ] ] } },
{ "type": "Feature", "properties": { "Shape_Area": 10000.0, "Shape_Leng": 400.0, "cluster_id": "101_621", "fid_1": 621.0, "id_munic": 621.0, "munic_clus": "101_621", "munic_code": 101.0, "min": 2.5633127689361572, "max": 2.5633127689361572, "mean": 2.5633127689361572, "count": 1, "std": 0.0, "range": 0.0 }, "geometry": { "type": "Polygon", "coordinates": [ [ [ 722700.0, 6176900.0 ], [ 722700.0, 6177000.0 ], [ 722800.0, 6177000.0 ], [ 722800.0, 6176900.0 ], [ 722700.0, 6176900.0 ] ] ] } },
{ "type": "Feature", "properties": { "Shape_Area": 30000.0, "Shape_Leng": 800.0, "cluster_id": "101_622", "fid_1": 622.0, "id_munic": 622.0, "munic_clus": "101_622", "munic_code": 101.0, "min": 2.3262248039245605, "max": 2.3262248039245605, "mean": 2.3262248039245605, "count": 3, "std": 0.0, "range": 0.0 }, "geometry": { "type": "Polygon", "coordinates": [ [ [ 722800.0, 6177000.0 ], [ 722700.0, 6177000.0 ], [ 722700.0, 6177100.0 ], [ 722800.0, 6177100.0 ], [ 722900.0, 6177100.0 ], [ 722900.0, 6177000.0 ], [ 722900.0, 6176900.0 ], [ 722800.0, 6176900.0 ], [ 722800.0, 6177000.0 ] ] ] } },
{ "type": "Feature", "properties": { "Shape_Area": 10000.0, "Shape_Leng": 400.0, "cluster_id": "101_623", "fid_1": 623.0, "id_munic": 623.0, "munic_clus": "101_623", "munic_code": 101.0, "min": 3.443018913269043, "max": 3.443018913269043, "mean": 3.443018913269043, "count": 1, "std": 0.0, "range": 0.0 }, "geometry": { "type": "Polygon", "coordinates": [ [ [ 722400.0, 6178400.0 ], [ 722400.0, 6178500.0 ], [ 722500.0, 6178500.0 ], [ 722500.0, 6178400.0 ], [ 722400.0, 6178400.0 ] ] ] } },
{ "type": "Feature", "properties": { "Shape_Area": 20000.0, "Shape_Leng": 600.0, "cluster_id": "101_624", "fid_1": 624.0, "id_munic": 624.0, "munic_clus": "101_624", "munic_code": 101.0, "min": 3.0913033485412598, "max": 3.0913033485412598, "mean": 3.0913033485412598, "count": 2, "std": 0.0, "range": 0.0 }, "geometry": { "type": "Polygon", "coordinates": [ [ [ 723000.0, 6178100.0 ], [ 723100.0, 6178100.0 ], [ 723200.0, 6178100.0 ], [ 723200.0, 6178000.0 ], [ 723100.0, 6178000.0 ], [ 723000.0, 6178000.0 ], [ 723000.0, 6178100.0 ] ] ] } },
{ "type": "Feature", "properties": { "Shape_Area": 10000.0, "Shape_Leng": 400.0, "cluster_id": "101_625", "fid_1": 625.0, "id_munic": 625.0, "munic_clus": "101_625", "munic_code": 101.0, "min": 2.613461971282959, "max": 2.613461971282959, "mean": 2.613461971282959, "count": 1, "std": 0.0, "range": 0.0 }, "geometry": { "type": "Polygon", "coordinates": [ [ [ 723100.0, 6178100.0 ], [ 723100.0, 6178200.0 ], [ 723200.0, 6178200.0 ], [ 723200.0, 6178100.0 ], [ 723100.0, 6178100.0 ] ] ] } },
{ "type": "Feature", "properties": { "Shape_Area": 50000.0, "Shape_Leng": 1000.0, "cluster_id": "101_626", "fid_1": 626.0, "id_munic": 626.0, "munic_clus": "101_626", "munic_code": 101.0, "min": 2.5674779415130615, "max": 2.5674779415130615, "mean": 2.5674779891967772, "count": 5, "std": 4.7683715642676816e-08, "range": 0.0 }, "geometry": { "type": "Polygon", "coordinates": [ [ [ 721400.0, 6180800.0 ], [ 721400.0, 6180900.0 ], [ 721500.0, 6180900.0 ], [ 721600.0, 6180900.0 ], [ 721600.0, 6180800.0 ], [ 721600.0, 6180700.0 ], [ 721500.0, 6180700.0 ], [ 721500.0, 6180600.0 ], [ 721400.0, 6180600.0 ], [ 721400.0, 6180700.0 ], [ 721400.0, 6180800.0 ] ] ] } },
{ "type": "Feature", "properties": { "Shape_Area": 340000.0, "Shape_Leng": 3200.0, "cluster_id": "101_627", "fid_1": 627.0, "id_munic": 627.0, "munic_clus": "101_627", "munic_code": 101.0, "min": 2.5394868850708008, "max": 2.5394868850708008, "mean": 2.5394870533662686, "count": 34, "std": 1.682954677839632e-07, "range": 0.0 }, "geometry": { "type": "Polygon", "coordinates": [ [ [ 720800.0, 6172900.0 ], [ 720800.0, 6173000.0 ], [ 720800.0, 6173100.0 ], [ 720800.0, 6173200.0 ], [ 720900.0, 6173200.0 ], [ 720900.0, 6173300.0 ], [ 720900.0, 6173400.0 ], [ 721000.0, 6173400.0 ], [ 721000.0, 6173300.0 ], [ 721100.0, 6173300.0 ], [ 721100.0, 6173200.0 ], [ 721200.0, 6173200.0 ], [ 721300.0, 6173200.0 ], [ 721300.0, 6173100.0 ], [ 721400.0, 6173100.0 ], [ 721500.0, 6173100.0 ], [ 721600.0, 6173100.0 ], [ 721600.0, 6173000.0 ], [ 721700.0, 6173000.0 ], [ 721700.0, 6172900.0 ], [ 721600.0, 6172900.0 ], [ 721600.0, 6172800.0 ], [ 721500.0, 6172800.0 ], [ 721400.0, 6172800.0 ], [ 721300.0, 6172800.0 ], [ 721200.0, 6172800.0 ], [ 721100.0, 6172800.0 ], [ 721000.0, 6172800.0 ], [ 720900.0, 6172800.0 ], [ 720800.0, 6172800.0 ], [ 720700.0, 6172800.0 ], [ 720700.0, 6172900.0 ], [ 720800.0, 6172900.0 ] ] ] } },
{ "type": "Feature", "properties": { "Shape_Area": 30000.0, "Shape_Leng": 800.0, "cluster_id": "101_628", "fid_1": 628.0, "id_munic": 628.0, "munic_clus": "101_628", "munic_code": 101.0, "min": 4.0714759826660156, "max": 4.0714759826660156, "mean": 4.0714759826660156, "count": 3, "std": 0.0, "range": 0.0 }, "geometry": { "type": "Polygon", "coordinates": [ [ [ 721800.0, 6180400.0 ], [ 721800.0, 6180500.0 ], [ 721800.0, 6180600.0 ], [ 721900.0, 6180600.0 ], [ 721900.0, 6180500.0 ], [ 721900.0, 6180400.0 ], [ 721900.0, 6180300.0 ], [ 721800.0, 6180300.0 ], [ 721800.0, 6180400.0 ] ] ] } },
{ "type": "Feature", "properties": { "Shape_Area": 80000.0, "Shape_Leng": 1400.0, "cluster_id": "101_629", "fid_1": 629.0, "id_munic": 629.0, "munic_clus": "101_629", "munic_code": 101.0, "min": 3.8652117252349854, "max": 3.8652117252349854, "mean": 3.8652117252349854, "count": 8, "std": 0.0, "range": 0.0 }, "geometry": { "type": "Polygon", "coordinates": [ [ [ 722200.0, 6180300.0 ], [ 722100.0, 6180300.0 ], [ 722100.0, 6180400.0 ], [ 722100.0, 6180500.0 ], [ 722000.0, 6180500.0 ], [ 722000.0, 6180600.0 ], [ 722100.0, 6180600.0 ], [ 722200.0, 6180600.0 ], [ 722300.0, 6180600.0 ], [ 722400.0, 6180600.0 ], [ 722400.0, 6180500.0 ], [ 722300.0, 6180500.0 ], [ 722300.0, 6180400.0 ], [ 722300.0, 6180300.0 ], [ 722200.0, 6180300.0 ] ] ] } },
{ "type": "Feature", "properties": { "Shape_Area": 20000.0, "Shape_Leng": 600.0, "cluster_id": "101_630", "fid_1": 630.0, "id_munic": 630.0, "munic_clus": "101_630", "munic_code": 101.0, "min": 3.9650115966796875, "max": 3.9650115966796875, "mean": 3.9650115966796875, "count": 2, "std": 0.0, "range": 0.0 }, "geometry": { "type": "Polygon", "coordinates": [ [ [ 721600.0, 6180900.0 ], [ 721700.0, 6180900.0 ], [ 721800.0, 6180900.0 ], [ 721800.0, 6180800.0 ], [ 721700.0, 6180800.0 ], [ 721600.0, 6180800.0 ], [ 721600.0, 6180900.0 ] ] ] } },
{ "type": "Feature", "properties": { "Shape_Area": 30000.0, "Shape_Leng": 800.0, "cluster_id": "101_631", "fid_1": 631.0, "id_munic": 631.0, "munic_clus": "101_631", "munic_code": 101.0, "min": 2.6891038417816162, "max": 2.6891038417816162, "mean": 2.6891037623087564, "count": 3, "std": 7.947285984855057e-08, "range": 0.0 }, "geometry": { "type": "Polygon", "coordinates": [ [ [ 723000.0, 6176800.0 ], [ 723100.0, 6176800.0 ], [ 723200.0, 6176800.0 ], [ 723300.0, 6176800.0 ], [ 723300.0, 6176700.0 ], [ 723200.0, 6176700.0 ], [ 723100.0, 6176700.0 ], [ 723000.0, 6176700.0 ], [ 723000.0, 6176800.0 ] ] ] } },
{ "type": "Feature", "properties": { "Shape_Area": 20000.0, "Shape_Leng": 600.0, "cluster_id": "101_632", "fid_1": 632.0, "id_munic": 632.0, "munic_clus": "101_632", "munic_code": 101.0, "min": 3.6972682476043701, "max": 3.6972682476043701, "mean": 3.6972682476043701, "count": 2, "std": 0.0, "range": 0.0 }, "geometry": { "type": "Polygon", "coordinates": [ [ [ 722200.0, 6180800.0 ], [ 722200.0, 6180900.0 ], [ 722300.0, 6180900.0 ], [ 722300.0, 6180800.0 ], [ 722300.0, 6180700.0 ], [ 722200.0, 6180700.0 ], [ 722200.0, 6180800.0 ] ] ] } },
{ "type": "Feature", "properties": { "Shape_Area": 40000.0, "Shape_Leng": 800.0, "cluster_id": "101_633", "fid_1": 633.0, "id_munic": 633.0, "munic_clus": "101_633", "munic_code": 101.0, "min": 3.5279908180236816, "max": 3.5279908180236816, "mean": 3.5279908180236816, "count": 4, "std": 0.0, "range": 0.0 }, "geometry": { "type": "Polygon", "coordinates": [ [ [ 722200.0, 6180600.0 ], [ 722100.0, 6180600.0 ], [ 722000.0, 6180600.0 ], [ 722000.0, 6180700.0 ], [ 722000.0, 6180800.0 ], [ 722100.0, 6180800.0 ], [ 722200.0, 6180800.0 ], [ 722200.0, 6180700.0 ], [ 722200.0, 6180600.0 ] ] ] } },
{ "type": "Feature", "properties": { "Shape_Area": 20000.0, "Shape_Leng": 600.0, "cluster_id": "101_634", "fid_1": 634.0, "id_munic": 634.0, "munic_clus": "101_634", "munic_code": 101.0, "min": 2.5859715938568115, "max": 2.5859715938568115, "mean": 2.5859715938568115, "count": 2, "std": 0.0, "range": 0.0 }, "geometry": { "type": "Polygon", "coordinates": [ [ [ 722000.0, 6180900.0 ], [ 722100.0, 6180900.0 ], [ 722200.0, 6180900.0 ], [ 722200.0, 6180800.0 ], [ 722100.0, 6180800.0 ], [ 722000.0, 6180800.0 ], [ 722000.0, 6180900.0 ] ] ] } },
{ "type": "Feature", "properties": { "Shape_Area": 50000.0, "Shape_Leng": 1000.0, "cluster_id": "101_635", "fid_1": 635.0, "id_munic": 635.0, "munic_clus": "101_635", "munic_code": 101.0, "min": 3.3308899402618408, "max": 3.3308899402618408, "mean": 3.3308898925781252, "count": 5, "std": 4.7683715642676816e-08, "range": 0.0 }, "geometry": { "type": "Polygon", "coordinates": [ [ [ 722100.0, 6180300.0 ], [ 722000.0, 6180300.0 ], [ 721900.0, 6180300.0 ], [ 721900.0, 6180400.0 ], [ 721900.0, 6180500.0 ], [ 721900.0, 6180600.0 ], [ 722000.0, 6180600.0 ], [ 722000.0, 6180500.0 ], [ 722100.0, 6180500.0 ], [ 722100.0, 6180400.0 ], [ 722100.0, 6180300.0 ] ] ] } },
{ "type": "Feature", "properties": { "Shape_Area": 40000.0, "Shape_Leng": 800.0, "cluster_id": "101_636", "fid_1": 636.0, "id_munic": 636.0, "munic_clus": "101_636", "munic_code": 101.0, "min": 2.7624125480651855, "max": 2.7624125480651855, "mean": 2.7624125480651855, "count": 4, "std": 0.0, "range": 0.0 }, "geometry": { "type": "Polygon", "coordinates": [ [ [ 722000.0, 6180700.0 ], [ 721900.0, 6180700.0 ], [ 721800.0, 6180700.0 ], [ 721800.0, 6180800.0 ], [ 721800.0, 6180900.0 ], [ 721900.0, 6180900.0 ], [ 722000.0, 6180900.0 ], [ 722000.0, 6180800.0 ], [ 722000.0, 6180700.0 ] ] ] } },
{ "type": "Feature", "properties": { "Shape_Area": 10000.0, "Shape_Leng": 400.0, "cluster_id": "101_637", "fid_1": 637.0, "id_munic": 637.0, "munic_clus": "101_637", "munic_code": 101.0, "min": 3.0771417617797852, "max": 3.0771417617797852, "mean": 3.0771417617797852, "count": 1, "std": 0.0, "range": 0.0 }, "geometry": { "type": "Polygon", "coordinates": [ [ [ 722200.0, 6180600.0 ], [ 722200.0, 6180700.0 ], [ 722300.0, 6180700.0 ], [ 722300.0, 6180600.0 ], [ 722200.0, 6180600.0 ] ] ] } },
{ "type": "Feature", "properties": { "Shape_Area": 80000.0, "Shape_Leng": 1200.0, "cluster_id": "101_638", "fid_1": 638.0, "id_munic": 638.0, "munic_clus": "101_638", "munic_code": 101.0, "min": 3.1642789840698242, "max": 3.1642789840698242, "mean": 3.1642789840698242, "count": 8, "std": 0.0, "range": 0.0 }, "geometry": { "type": "Polygon", "coordinates": [ [ [ 722400.0, 6180600.0 ], [ 722300.0, 6180600.0 ], [ 722300.0, 6180700.0 ], [ 722300.0, 6180800.0 ], [ 722300.0, 6180900.0 ], [ 722400.0, 6180900.0 ], [ 722500.0, 6180900.0 ], [ 722600.0, 6180900.0 ], [ 722600.0, 6180800.0 ], [ 722600.0, 6180700.0 ], [ 722500.0, 6180700.0 ], [ 722500.0, 6180600.0 ], [ 722400.0, 6180600.0 ] ] ] } },
{ "type": "Feature", "properties": { "Shape_Area": 20000.0, "Shape_Leng": 600.0, "cluster_id": "101_639", "fid_1": 639.0, "id_munic": 639.0, "munic_clus": "101_639", "munic_code": 101.0, "min": 3.5018329620361328, "max": 3.5018329620361328, "mean": 3.5018329620361328, "count": 2, "std": 0.0, "range": 0.0 }, "geometry": { "type": "Polygon", "coordinates": [ [ [ 721800.0, 6180700.0 ], [ 721900.0, 6180700.0 ], [ 722000.0, 6180700.0 ], [ 722000.0, 6180600.0 ], [ 721900.0, 6180600.0 ], [ 721800.0, 6180600.0 ], [ 721800.0, 6180700.0 ] ] ] } },
{ "type": "Feature", "properties": { "Shape_Area": 40000.0, "Shape_Leng": 1000.0, "cluster_id": "101_640", "fid_1": 640.0, "id_munic": 640.0, "munic_clus": "101_640", "munic_code": 101.0, "min": 2.6456186771392822, "max": 2.6456186771392822, "mean": 2.6456186771392822, "count": 4, "std": 0.0, "range": 0.0 }, "geometry": { "type": "Polygon", "coordinates": [ [ [ 722200.0, 6178600.0 ], [ 722300.0, 6178600.0 ], [ 722300.0, 6178500.0 ], [ 722200.0, 6178500.0 ], [ 722100.0, 6178500.0 ], [ 722000.0, 6178500.0 ], [ 722000.0, 6178600.0 ], [ 722000.0, 6178700.0 ], [ 722100.0, 6178700.0 ], [ 722100.0, 6178600.0 ], [ 722200.0, 6178600.0 ] ] ] } },
{ "type": "Feature", "properties": { "Shape_Area": 40000.0, "Shape_Leng": 1000.0, "cluster_id": "101_641", "fid_1": 641.0, "id_munic": 641.0, "munic_clus": "101_641", "munic_code": 101.0, "min": 3.1841058731079102, "max": 3.1841058731079102, "mean": 3.1841058731079102, "count": 4, "std": 0.0, "range": 0.0 }, "geometry": { "type": "Polygon", "coordinates": [ [ [ 720900.0, 6179500.0 ], [ 720800.0, 6179500.0 ], [ 720800.0, 6179600.0 ], [ 720700.0, 6179600.0 ], [ 720700.0, 6179700.0 ], [ 720700.0, 6179800.0 ], [ 720800.0, 6179800.0 ], [ 720800.0, 6179700.0 ], [ 720900.0, 6179700.0 ], [ 720900.0, 6179600.0 ], [ 720900.0, 6179500.0 ] ] ] } },
{ "type": "Feature", "properties": { "Shape_Area": 40000.0, "Shape_Leng": 1000.0, "cluster_id": "101_642", "fid_1": 642.0, "id_munic": 642.0, "munic_clus": "101_642", "munic_code": 101.0, "min": 3.2006001472473145, "max": 3.2006001472473145, "mean": 3.2006001472473145, "count": 4, "std": 0.0, "range": 0.0 }, "geometry": { "type": "Polygon", "coordinates": [ [ [ 717800.0, 6179500.0 ], [ 717900.0, 6179500.0 ], [ 718000.0, 6179500.0 ], [ 718100.0, 6179500.0 ], [ 718100.0, 6179400.0 ], [ 718000.0, 6179400.0 ], [ 717900.0, 6179400.0 ], [ 717900.0, 6179300.0 ], [ 717800.0, 6179300.0 ], [ 717800.0, 6179400.0 ], [ 717800.0, 6179500.0 ] ] ] } },
{ "type": "Feature", "properties": { "Shape_Area": 20000.0, "Shape_Leng": 600.0, "cluster_id": "101_643", "fid_1": 643.0, "id_munic": 643.0, "munic_clus": "101_643", "munic_code": 101.0, "min": 2.9953346252441406, "max": 2.9953346252441406, "mean": 2.9953346252441406, "count": 2, "std": 0.0, "range": 0.0 }, "geometry": { "type": "Polygon", "coordinates": [ [ [ 718800.0, 6174200.0 ], [ 718900.0, 6174200.0 ], [ 719000.0, 6174200.0 ], [ 719000.0, 6174100.0 ], [ 718900.0, 6174100.0 ], [ 718800.0, 6174100.0 ], [ 718800.0, 6174200.0 ] ] ] } },
{ "type": "Feature", "properties": { "Shape_Area": 60000.0, "Shape_Leng": 1000.0, "cluster_id": "101_644", "fid_1": 644.0, "id_munic": 644.0, "munic_clus": "101_644", "munic_code": 101.0, "min": 2.8005664348602295, "max": 2.8005664348602295, "mean": 2.8005663553873696, "count": 6, "std": 7.947285984855057e-08, "range": 0.0 }, "geometry": { "type": "Polygon", "coordinates": [ [ [ 719100.0, 6173800.0 ], [ 719000.0, 6173800.0 ], [ 718900.0, 6173800.0 ], [ 718800.0, 6173800.0 ], [ 718800.0, 6173900.0 ], [ 718800.0, 6174000.0 ], [ 718900.0, 6174000.0 ], [ 719000.0, 6174000.0 ], [ 719100.0, 6174000.0 ], [ 719100.0, 6173900.0 ], [ 719100.0, 6173800.0 ] ] ] } },
{ "type": "Feature", "properties": { "Shape_Area": 20000.0, "Shape_Leng": 600.0, "cluster_id": "101_645", "fid_1": 645.0, "id_munic": 645.0, "munic_clus": "101_645", "munic_code": 101.0, "min": 3.0193271636962891, "max": 3.0193271636962891, "mean": 3.0193271636962891, "count": 2, "std": 0.0, "range": 0.0 }, "geometry": { "type": "Polygon", "coordinates": [ [ [ 720200.0, 6172200.0 ], [ 720300.0, 6172200.0 ], [ 720400.0, 6172200.0 ], [ 720400.0, 6172100.0 ], [ 720300.0, 6172100.0 ], [ 720200.0, 6172100.0 ], [ 720200.0, 6172200.0 ] ] ] } },
{ "type": "Feature", "properties": { "Shape_Area": 30000.0, "Shape_Leng": 800.0, "cluster_id": "101_646", "fid_1": 646.0, "id_munic": 646.0, "munic_clus": "101_646", "munic_code": 101.0, "min": 3.249251127243042, "max": 3.249251127243042, "mean": 3.2492510477701821, "count": 3, "std": 7.947285984855057e-08, "range": 0.0 }, "geometry": { "type": "Polygon", "coordinates": [ [ [ 720300.0, 6172800.0 ], [ 720400.0, 6172800.0 ], [ 720500.0, 6172800.0 ], [ 720600.0, 6172800.0 ], [ 720600.0, 6172700.0 ], [ 720500.0, 6172700.0 ], [ 720400.0, 6172700.0 ], [ 720300.0, 6172700.0 ], [ 720300.0, 6172800.0 ] ] ] } },
{ "type": "Feature", "properties": { "Shape_Area": 40000.0, "Shape_Leng": 1000.0, "cluster_id": "101_647", "fid_1": 647.0, "id_munic": 647.0, "munic_clus": "101_647", "munic_code": 101.0, "min": 3.7235925197601318, "max": 3.7235925197601318, "mean": 3.7235925197601318, "count": 4, "std": 0.0, "range": 0.0 }, "geometry": { "type": "Polygon", "coordinates": [ [ [ 720200.0, 6172300.0 ], [ 720100.0, 6172300.0 ], [ 720100.0, 6172400.0 ], [ 720000.0, 6172400.0 ], [ 720000.0, 6172500.0 ], [ 720100.0, 6172500.0 ], [ 720100.0, 6172600.0 ], [ 720200.0, 6172600.0 ], [ 720200.0, 6172500.0 ], [ 720200.0, 6172400.0 ], [ 720200.0, 6172300.0 ] ] ] } },
{ "type": "Feature", "properties": { "Shape_Area": 50000.0, "Shape_Leng": 1200.0, "cluster_id": "101_648", "fid_1": 648.0, "id_munic": 648.0, "munic_clus": "101_648", "munic_code": 101.0, "min": 3.2082638740539551, "max": 3.2082638740539551, "mean": 3.2082637786865233, "count": 5, "std": 9.5367431729442842e-08, "range": 0.0 }, "geometry": { "type": "Polygon", "coordinates": [ [ [ 720200.0, 6172300.0 ], [ 720200.0, 6172200.0 ], [ 720100.0, 6172200.0 ], [ 720000.0, 6172200.0 ], [ 720000.0, 6172300.0 ], [ 719900.0, 6172300.0 ], [ 719900.0, 6172400.0 ], [ 719900.0, 6172500.0 ], [ 720000.0, 6172500.0 ], [ 720000.0, 6172400.0 ], [ 720100.0, 6172400.0 ], [ 720100.0, 6172300.0 ], [ 720200.0, 6172300.0 ] ] ] } },
{ "type": "Feature", "properties": { "Shape_Area": 60000.0, "Shape_Leng": 1000.0, "cluster_id": "101_649", "fid_1": 649.0, "id_munic": 649.0, "munic_clus": "101_649", "munic_code": 101.0, "min": 2.5403206348419189, "max": 2.5403206348419189, "mean": 2.5403205553690591, "count": 6, "std": 7.947285984855057e-08, "range": 0.0 }, "geometry": { "type": "Polygon", "coordinates": [ [ [ 720500.0, 6172200.0 ], [ 720400.0, 6172200.0 ], [ 720300.0, 6172200.0 ], [ 720200.0, 6172200.0 ], [ 720200.0, 6172300.0 ], [ 720200.0, 6172400.0 ], [ 720300.0, 6172400.0 ], [ 720400.0, 6172400.0 ], [ 720500.0, 6172400.0 ], [ 720500.0, 6172300.0 ], [ 720500.0, 6172200.0 ] ] ] } },
{ "type": "Feature", "properties": { "Shape_Area": 10000.0, "Shape_Leng": 400.0, "cluster_id": "101_650", "fid_1": 650.0, "id_munic": 650.0, "munic_clus": "101_650", "munic_code": 101.0, "min": 3.3690435886383057, "max": 3.3690435886383057, "mean": 3.3690435886383057, "count": 1, "std": 0.0, "range": 0.0 }, "geometry": { "type": "Polygon", "coordinates": [ [ [ 723000.0, 6176900.0 ], [ 723000.0, 6177000.0 ], [ 723100.0, 6177000.0 ], [ 723100.0, 6176900.0 ], [ 723000.0, 6176900.0 ] ] ] } },
{ "type": "Feature", "properties": { "Shape_Area": 10000.0, "Shape_Leng": 400.0, "cluster_id": "101_651", "fid_1": 651.0, "id_munic": 651.0, "munic_clus": "101_651", "munic_code": 101.0, "min": 2.8455514907836914, "max": 2.8455514907836914, "mean": 2.8455514907836914, "count": 1, "std": 0.0, "range": 0.0 }, "geometry": { "type": "Polygon", "coordinates": [ [ [ 722900.0, 6177000.0 ], [ 722900.0, 6177100.0 ], [ 723000.0, 6177100.0 ], [ 723000.0, 6177000.0 ], [ 722900.0, 6177000.0 ] ] ] } },
{ "type": "Feature", "properties": { "Shape_Area": 20000.0, "Shape_Leng": 600.0, "cluster_id": "101_652", "fid_1": 652.0, "id_munic": 652.0, "munic_clus": "101_652", "munic_code": 101.0, "min": 3.608464241027832, "max": 3.608464241027832, "mean": 3.608464241027832, "count": 2, "std": 0.0, "range": 0.0 }, "geometry": { "type": "Polygon", "coordinates": [ [ [ 719600.0, 6172700.0 ], [ 719600.0, 6172800.0 ], [ 719700.0, 6172800.0 ], [ 719700.0, 6172700.0 ], [ 719700.0, 6172600.0 ], [ 719600.0, 6172600.0 ], [ 719600.0, 6172700.0 ] ] ] } },
{ "type": "Feature", "properties": { "Shape_Area": 20000.0, "Shape_Leng": 600.0, "cluster_id": "101_653", "fid_1": 653.0, "id_munic": 653.0, "munic_clus": "101_653", "munic_code": 101.0, "min": 2.6289570331573486, "max": 2.6289570331573486, "mean": 2.6289570331573486, "count": 2, "std": 0.0, "range": 0.0 }, "geometry": { "type": "Polygon", "coordinates": [ [ [ 719500.0, 6172900.0 ], [ 719500.0, 6173000.0 ], [ 719600.0, 6173000.0 ], [ 719600.0, 6172900.0 ], [ 719600.0, 6172800.0 ], [ 719500.0, 6172800.0 ], [ 719500.0, 6172900.0 ] ] ] } },
{ "type": "Feature", "properties": { "Shape_Area": 10000.0, "Shape_Leng": 400.0, "cluster_id": "101_654", "fid_1": 654.0, "id_munic": 654.0, "munic_clus": "101_654", "munic_code": 101.0, "min": 4.1167950630187988, "max": 4.1167950630187988, "mean": 4.1167950630187988, "count": 1, "std": 0.0, "range": 0.0 }, "geometry": { "type": "Polygon", "coordinates": [ [ [ 720100.0, 6172600.0 ], [ 720100.0, 6172700.0 ], [ 720200.0, 6172700.0 ], [ 720200.0, 6172600.0 ], [ 720100.0, 6172600.0 ] ] ] } },
{ "type": "Feature", "properties": { "Shape_Area": 30000.0, "Shape_Leng": 800.0, "cluster_id": "101_655", "fid_1": 655.0, "id_munic": 655.0, "munic_clus": "101_655", "munic_code": 101.0, "min": 3.9145283699035645, "max": 3.9145283699035645, "mean": 3.9145285288492837, "count": 3, "std": 1.5894571925301193e-07, "range": 0.0 }, "geometry": { "type": "Polygon", "coordinates": [ [ [ 719900.0, 6172800.0 ], [ 719800.0, 6172800.0 ], [ 719800.0, 6172900.0 ], [ 719900.0, 6172900.0 ], [ 720000.0, 6172900.0 ], [ 720000.0, 6172800.0 ], [ 720000.0, 6172700.0 ], [ 719900.0, 6172700.0 ], [ 719900.0, 6172800.0 ] ] ] } },
{ "type": "Feature", "properties": { "Shape_Area": 10000.0, "Shape_Leng": 400.0, "cluster_id": "101_656", "fid_1": 656.0, "id_munic": 656.0, "munic_clus": "101_656", "munic_code": 101.0, "min": 3.2119297981262207, "max": 3.2119297981262207, "mean": 3.2119297981262207, "count": 1, "std": 0.0, "range": 0.0 }, "geometry": { "type": "Polygon", "coordinates": [ [ [ 720500.0, 6172500.0 ], [ 720500.0, 6172600.0 ], [ 720600.0, 6172600.0 ], [ 720600.0, 6172500.0 ], [ 720500.0, 6172500.0 ] ] ] } },
{ "type": "Feature", "properties": { "Shape_Area": 10000.0, "Shape_Leng": 400.0, "cluster_id": "101_657", "fid_1": 657.0, "id_munic": 657.0, "munic_clus": "101_657", "munic_code": 101.0, "min": 2.9918360710144043, "max": 2.9918360710144043, "mean": 2.9918360710144043, "count": 1, "std": 0.0, "range": 0.0 }, "geometry": { "type": "Polygon", "coordinates": [ [ [ 721100.0, 6178400.0 ], [ 721100.0, 6178500.0 ], [ 721200.0, 6178500.0 ], [ 721200.0, 6178400.0 ], [ 721100.0, 6178400.0 ] ] ] } },
{ "type": "Feature", "properties": { "Shape_Area": 20000.0, "Shape_Leng": 600.0, "cluster_id": "101_658", "fid_1": 658.0, "id_munic": 658.0, "munic_clus": "101_658", "munic_code": 101.0, "min": 3.3622126579284668, "max": 3.3622126579284668, "mean": 3.3622126579284668, "count": 2, "std": 0.0, "range": 0.0 }, "geometry": { "type": "Polygon", "coordinates": [ [ [ 721200.0, 6178100.0 ], [ 721300.0, 6178100.0 ], [ 721400.0, 6178100.0 ], [ 721400.0, 6178000.0 ], [ 721300.0, 6178000.0 ], [ 721200.0, 6178000.0 ], [ 721200.0, 6178100.0 ] ] ] } },
{ "type": "Feature", "properties": { "Shape_Area": 50000.0, "Shape_Leng": 1200.0, "cluster_id": "101_659", "fid_1": 659.0, "id_munic": 659.0, "munic_clus": "101_659", "munic_code": 101.0, "min": 3.6656115055084229, "max": 3.6656115055084229, "mean": 3.6656116485595702, "count": 5, "std": 1.4305114737211966e-07, "range": 0.0 }, "geometry": { "type": "Polygon", "coordinates": [ [ [ 720800.0, 6177900.0 ], [ 720800.0, 6178000.0 ], [ 720900.0, 6178000.0 ], [ 720900.0, 6178100.0 ], [ 721000.0, 6178100.0 ], [ 721000.0, 6178000.0 ], [ 721000.0, 6177900.0 ], [ 720900.0, 6177900.0 ], [ 720900.0, 6177800.0 ], [ 720800.0, 6177800.0 ], [ 720700.0, 6177800.0 ], [ 720700.0, 6177900.0 ], [ 720800.0, 6177900.0 ] ] ] } },
{ "type": "Feature", "properties": { "Shape_Area": 30000.0, "Shape_Leng": 800.0, "cluster_id": "101_660", "fid_1": 660.0, "id_munic": 660.0, "munic_clus": "101_660", "munic_code": 101.0, "min": 3.3148953914642334, "max": 3.3148953914642334, "mean": 3.3148953119913735, "count": 3, "std": 7.947285984855057e-08, "range": 0.0 }, "geometry": { "type": "Polygon", "coordinates": [ [ [ 721300.0, 6178000.0 ], [ 721400.0, 6178000.0 ], [ 721400.0, 6178100.0 ], [ 721500.0, 6178100.0 ], [ 721500.0, 6178000.0 ], [ 721500.0, 6177900.0 ], [ 721400.0, 6177900.0 ], [ 721300.0, 6177900.0 ], [ 721300.0, 6178000.0 ] ] ] } },
{ "type": "Feature", "properties": { "Shape_Area": 10000.0, "Shape_Leng": 400.0, "cluster_id": "101_661", "fid_1": 661.0, "id_munic": 661.0, "munic_clus": "101_661", "munic_code": 101.0, "min": 3.2824065685272217, "max": 3.2824065685272217, "mean": 3.2824065685272217, "count": 1, "std": 0.0, "range": 0.0 }, "geometry": { "type": "Polygon", "coordinates": [ [ [ 721100.0, 6178300.0 ], [ 721100.0, 6178400.0 ], [ 721200.0, 6178400.0 ], [ 721200.0, 6178300.0 ], [ 721100.0, 6178300.0 ] ] ] } },
{ "type": "Feature", "properties": { "Shape_Area": 10000.0, "Shape_Leng": 400.0, "cluster_id": "101_662", "fid_1": 662.0, "id_munic": 662.0, "munic_clus": "101_662", "munic_code": 101.0, "min": 3.3450522422790527, "max": 3.3450522422790527, "mean": 3.3450522422790527, "count": 1, "std": 0.0, "range": 0.0 }, "geometry": { "type": "Polygon", "coordinates": [ [ [ 721300.0, 6178100.0 ], [ 721300.0, 6178200.0 ], [ 721400.0, 6178200.0 ], [ 721400.0, 6178100.0 ], [ 721300.0, 6178100.0 ] ] ] } },
{ "type": "Feature", "properties": { "Shape_Area": 20000.0, "Shape_Leng": 600.0, "cluster_id": "101_663", "fid_1": 663.0, "id_munic": 663.0, "munic_clus": "101_663", "munic_code": 101.0, "min": 3.0918028354644775, "max": 3.0918028354644775, "mean": 3.0918028354644775, "count": 2, "std": 0.0, "range": 0.0 }, "geometry": { "type": "Polygon", "coordinates": [ [ [ 720900.0, 6178200.0 ], [ 721000.0, 6178200.0 ], [ 721100.0, 6178200.0 ], [ 721100.0, 6178100.0 ], [ 721000.0, 6178100.0 ], [ 720900.0, 6178100.0 ], [ 720900.0, 6178200.0 ] ] ] } },
{ "type": "Feature", "properties": { "Shape_Area": 20000.0, "Shape_Leng": 600.0, "cluster_id": "101_664", "fid_1": 664.0, "id_munic": 664.0, "munic_clus": "101_664", "munic_code": 101.0, "min": 2.9820065498352051, "max": 2.9820065498352051, "mean": 2.9820065498352051, "count": 2, "std": 0.0, "range": 0.0 }, "geometry": { "type": "Polygon", "coordinates": [ [ [ 725000.0, 6179000.0 ], [ 725100.0, 6179000.0 ], [ 725200.0, 6179000.0 ], [ 725200.0, 6178900.0 ], [ 725100.0, 6178900.0 ], [ 725000.0, 6178900.0 ], [ 725000.0, 6179000.0 ] ] ] } },
{ "type": "Feature", "properties": { "Shape_Area": 20000.0, "Shape_Leng": 600.0, "cluster_id": "101_665", "fid_1": 665.0, "id_munic": 665.0, "munic_clus": "101_665", "munic_code": 101.0, "min": 3.3727092742919922, "max": 3.3727092742919922, "mean": 3.3727092742919922, "count": 2, "std": 0.0, "range": 0.0 }, "geometry": { "type": "Polygon", "coordinates": [ [ [ 725200.0, 6179200.0 ], [ 725200.0, 6179300.0 ], [ 725300.0, 6179300.0 ], [ 725300.0, 6179200.0 ], [ 725300.0, 6179100.0 ], [ 725200.0, 6179100.0 ], [ 725200.0, 6179200.0 ] ] ] } },
{ "type": "Feature", "properties": { "Shape_Area": 10000.0, "Shape_Leng": 400.0, "cluster_id": "101_666", "fid_1": 666.0, "id_munic": 666.0, "munic_clus": "101_666", "munic_code": 101.0, "min": 3.1371214389801025, "max": 3.1371214389801025, "mean": 3.1371214389801025, "count": 1, "std": 0.0, "range": 0.0 }, "geometry": { "type": "Polygon", "coordinates": [ [ [ 725200.0, 6178900.0 ], [ 725200.0, 6179000.0 ], [ 725300.0, 6179000.0 ], [ 725300.0, 6178900.0 ], [ 725200.0, 6178900.0 ] ] ] } },
{ "type": "Feature", "properties": { "Shape_Area": 10000.0, "Shape_Leng": 400.0, "cluster_id": "101_667", "fid_1": 667.0, "id_munic": 667.0, "munic_clus": "101_667", "munic_code": 101.0, "min": 2.6674442291259766, "max": 2.6674442291259766, "mean": 2.6674442291259766, "count": 1, "std": 0.0, "range": 0.0 }, "geometry": { "type": "Polygon", "coordinates": [ [ [ 725300.0, 6178900.0 ], [ 725300.0, 6179000.0 ], [ 725400.0, 6179000.0 ], [ 725400.0, 6178900.0 ], [ 725300.0, 6178900.0 ] ] ] } },
{ "type": "Feature", "properties": { "Shape_Area": 20000.0, "Shape_Leng": 600.0, "cluster_id": "101_668", "fid_1": 668.0, "id_munic": 668.0, "munic_clus": "101_668", "munic_code": 101.0, "min": 2.9916694164276123, "max": 2.9916694164276123, "mean": 2.9916694164276123, "count": 2, "std": 0.0, "range": 0.0 }, "geometry": { "type": "Polygon", "coordinates": [ [ [ 723100.0, 6177000.0 ], [ 723200.0, 6177000.0 ], [ 723300.0, 6177000.0 ], [ 723300.0, 6176900.0 ], [ 723200.0, 6176900.0 ], [ 723100.0, 6176900.0 ], [ 723100.0, 6177000.0 ] ] ] } },
{ "type": "Feature", "properties": { "Shape_Area": 20000.0, "Shape_Leng": 600.0, "cluster_id": "101_669", "fid_1": 669.0, "id_munic": 669.0, "munic_clus": "101_669", "munic_code": 101.0, "min": 3.3112297058105469, "max": 3.3112297058105469, "mean": 3.3112297058105469, "count": 2, "std": 0.0, "range": 0.0 }, "geometry": { "type": "Polygon", "coordinates": [ [ [ 722500.0, 6174500.0 ], [ 722600.0, 6174500.0 ], [ 722700.0, 6174500.0 ], [ 722700.0, 6174400.0 ], [ 722600.0, 6174400.0 ], [ 722500.0, 6174400.0 ], [ 722500.0, 6174500.0 ] ] ] } },
{ "type": "Feature", "properties": { "Shape_Area": 30000.0, "Shape_Leng": 800.0, "cluster_id": "101_670", "fid_1": 670.0, "id_munic": 670.0, "munic_clus": "101_670", "munic_code": 101.0, "min": 2.6664445400238037, "max": 2.6664445400238037, "mean": 2.6664444605509439, "count": 3, "std": 7.947285984855057e-08, "range": 0.0 }, "geometry": { "type": "Polygon", "coordinates": [ [ [ 725000.0, 6178800.0 ], [ 725000.0, 6178900.0 ], [ 725100.0, 6178900.0 ], [ 725200.0, 6178900.0 ], [ 725200.0, 6178800.0 ], [ 725100.0, 6178800.0 ], [ 725100.0, 6178700.0 ], [ 725000.0, 6178700.0 ], [ 725000.0, 6178800.0 ] ] ] } },
{ "type": "Feature", "properties": { "Shape_Area": 20000.0, "Shape_Leng": 600.0, "cluster_id": "101_671", "fid_1": 671.0, "id_munic": 671.0, "munic_clus": "101_671", "munic_code": 101.0, "min": 2.7800734043121338, "max": 2.7800734043121338, "mean": 2.7800734043121338, "count": 2, "std": 0.0, "range": 0.0 }, "geometry": { "type": "Polygon", "coordinates": [ [ [ 725200.0, 6179100.0 ], [ 725300.0, 6179100.0 ], [ 725400.0, 6179100.0 ], [ 725400.0, 6179000.0 ], [ 725300.0, 6179000.0 ], [ 725200.0, 6179000.0 ], [ 725200.0, 6179100.0 ] ] ] } },
{ "type": "Feature", "properties": { "Shape_Area": 10000.0, "Shape_Leng": 400.0, "cluster_id": "101_672", "fid_1": 672.0, "id_munic": 672.0, "munic_clus": "101_672", "munic_code": 101.0, "min": 2.6221261024475098, "max": 2.6221261024475098, "mean": 2.6221261024475098, "count": 1, "std": 0.0, "range": 0.0 }, "geometry": { "type": "Polygon", "coordinates": [ [ [ 722800.0, 6177600.0 ], [ 722800.0, 6177700.0 ], [ 722900.0, 6177700.0 ], [ 722900.0, 6177600.0 ], [ 722800.0, 6177600.0 ] ] ] } },
{ "type": "Feature", "properties": { "Shape_Area": 10000.0, "Shape_Leng": 400.0, "cluster_id": "101_673", "fid_1": 673.0, "id_munic": 673.0, "munic_clus": "101_673", "munic_code": 101.0, "min": 2.8755416870117188, "max": 2.8755416870117188, "mean": 2.8755416870117188, "count": 1, "std": 0.0, "range": 0.0 }, "geometry": { "type": "Polygon", "coordinates": [ [ [ 722700.0, 6177700.0 ], [ 722700.0, 6177800.0 ], [ 722800.0, 6177800.0 ], [ 722800.0, 6177700.0 ], [ 722700.0, 6177700.0 ] ] ] } },
{ "type": "Feature", "properties": { "Shape_Area": 10000.0, "Shape_Leng": 400.0, "cluster_id": "101_674", "fid_1": 674.0, "id_munic": 674.0, "munic_clus": "101_674", "munic_code": 101.0, "min": 3.1812732219696045, "max": 3.1812732219696045, "mean": 3.1812732219696045, "count": 1, "std": 0.0, "range": 0.0 }, "geometry": { "type": "Polygon", "coordinates": [ [ [ 722800.0, 6177700.0 ], [ 722800.0, 6177800.0 ], [ 722900.0, 6177800.0 ], [ 722900.0, 6177700.0 ], [ 722800.0, 6177700.0 ] ] ] } },
{ "type": "Feature", "properties": { "Shape_Area": 10000.0, "Shape_Leng": 400.0, "cluster_id": "101_675", "fid_1": 675.0, "id_munic": 675.0, "munic_clus": "101_675", "munic_code": 101.0, "min": 2.3045651912689209, "max": 2.3045651912689209, "mean": 2.3045651912689209, "count": 1, "std": 0.0, "range": 0.0 }, "geometry": { "type": "Polygon", "coordinates": [ [ [ 722800.0, 6177800.0 ], [ 722800.0, 6177900.0 ], [ 722900.0, 6177900.0 ], [ 722900.0, 6177800.0 ], [ 722800.0, 6177800.0 ] ] ] } },
{ "type": "Feature", "properties": { "Shape_Area": 10000.0, "Shape_Leng": 400.0, "cluster_id": "101_676", "fid_1": 676.0, "id_munic": 676.0, "munic_clus": "101_676", "munic_code": 101.0, "min": 2.6557817459106445, "max": 2.6557817459106445, "mean": 2.6557817459106445, "count": 1, "std": 0.0, "range": 0.0 }, "geometry": { "type": "Polygon", "coordinates": [ [ [ 722600.0, 6177200.0 ], [ 722600.0, 6177300.0 ], [ 722700.0, 6177300.0 ], [ 722700.0, 6177200.0 ], [ 722600.0, 6177200.0 ] ] ] } },
{ "type": "Feature", "properties": { "Shape_Area": 10000.0, "Shape_Leng": 400.0, "cluster_id": "101_677", "fid_1": 677.0, "id_munic": 677.0, "munic_clus": "101_677", "munic_code": 101.0, "min": 3.6801068782806396, "max": 3.6801068782806396, "mean": 3.6801068782806396, "count": 1, "std": 0.0, "range": 0.0 }, "geometry": { "type": "Polygon", "coordinates": [ [ [ 722500.0, 6177300.0 ], [ 722500.0, 6177400.0 ], [ 722600.0, 6177400.0 ], [ 722600.0, 6177300.0 ], [ 722500.0, 6177300.0 ] ] ] } },
{ "type": "Feature", "properties": { "Shape_Area": 20000.0, "Shape_Leng": 600.0, "cluster_id": "101_678", "fid_1": 678.0, "id_munic": 678.0, "munic_clus": "101_678", "munic_code": 101.0, "min": 2.936687707901001, "max": 2.936687707901001, "mean": 2.936687707901001, "count": 2, "std": 0.0, "range": 0.0 }, "geometry": { "type": "Polygon", "coordinates": [ [ [ 722500.0, 6177600.0 ], [ 722600.0, 6177600.0 ], [ 722700.0, 6177600.0 ], [ 722700.0, 6177500.0 ], [ 722600.0, 6177500.0 ], [ 722500.0, 6177500.0 ], [ 722500.0, 6177600.0 ] ] ] } },
{ "type": "Feature", "properties": { "Shape_Area": 20000.0, "Shape_Leng": 600.0, "cluster_id": "101_679", "fid_1": 679.0, "id_munic": 679.0, "munic_clus": "101_679", "munic_code": 101.0, "min": 3.6514503955841064, "max": 3.6514503955841064, "mean": 3.6514503955841064, "count": 2, "std": 0.0, "range": 0.0 }, "geometry": { "type": "Polygon", "coordinates": [ [ [ 722600.0, 6177400.0 ], [ 722600.0, 6177500.0 ], [ 722700.0, 6177500.0 ], [ 722700.0, 6177400.0 ], [ 722700.0, 6177300.0 ], [ 722600.0, 6177300.0 ], [ 722600.0, 6177400.0 ] ] ] } },
{ "type": "Feature", "properties": { "Shape_Area": 20000.0, "Shape_Leng": 600.0, "cluster_id": "101_680", "fid_1": 680.0, "id_munic": 680.0, "munic_clus": "101_680", "munic_code": 101.0, "min": 3.4188604354858398, "max": 3.4188604354858398, "mean": 3.4188604354858398, "count": 2, "std": 0.0, "range": 0.0 }, "geometry": { "type": "Polygon", "coordinates": [ [ [ 722400.0, 6177800.0 ], [ 722400.0, 6177900.0 ], [ 722500.0, 6177900.0 ], [ 722500.0, 6177800.0 ], [ 722500.0, 6177700.0 ], [ 722400.0, 6177700.0 ], [ 722400.0, 6177800.0 ] ] ] } },
{ "type": "Feature", "properties": { "Shape_Area": 10000.0, "Shape_Leng": 400.0, "cluster_id": "101_681", "fid_1": 681.0, "id_munic": 681.0, "munic_clus": "101_681", "munic_code": 101.0, "min": 3.3590476512908936, "max": 3.3590476512908936, "mean": 3.3590476512908936, "count": 1, "std": 0.0, "range": 0.0 }, "geometry": { "type": "Polygon", "coordinates": [ [ [ 723600.0, 6176500.0 ], [ 723600.0, 6176600.0 ], [ 723700.0, 6176600.0 ], [ 723700.0, 6176500.0 ], [ 723600.0, 6176500.0 ] ] ] } },
{ "type": "Feature", "properties": { "Shape_Area": 20000.0, "Shape_Leng": 600.0, "cluster_id": "101_682", "fid_1": 682.0, "id_munic": 682.0, "munic_clus": "101_682", "munic_code": 101.0, "min": 2.9173610210418701, "max": 2.9173610210418701, "mean": 2.9173610210418701, "count": 2, "std": 0.0, "range": 0.0 }, "geometry": { "type": "Polygon", "coordinates": [ [ [ 722500.0, 6177800.0 ], [ 722600.0, 6177800.0 ], [ 722700.0, 6177800.0 ], [ 722700.0, 6177700.0 ], [ 722600.0, 6177700.0 ], [ 722500.0, 6177700.0 ], [ 722500.0, 6177800.0 ] ] ] } },
{ "type": "Feature", "properties": { "Shape_Area": 30000.0, "Shape_Leng": 800.0, "cluster_id": "101_683", "fid_1": 683.0, "id_munic": 683.0, "munic_clus": "101_683", "munic_code": 101.0, "min": 2.9628462791442871, "max": 2.9628462791442871, "mean": 2.9628461201985679, "count": 3, "std": 1.5894571925301193e-07, "range": 0.0 }, "geometry": { "type": "Polygon", "coordinates": [ [ [ 722400.0, 6178000.0 ], [ 722400.0, 6178100.0 ], [ 722500.0, 6178100.0 ], [ 722600.0, 6178100.0 ], [ 722600.0, 6178000.0 ], [ 722500.0, 6178000.0 ], [ 722500.0, 6177900.0 ], [ 722400.0, 6177900.0 ], [ 722400.0, 6178000.0 ] ] ] } },
{ "type": "Feature", "properties": { "Shape_Area": 20000.0, "Shape_Leng": 600.0, "cluster_id": "101_684", "fid_1": 684.0, "id_munic": 684.0, "munic_clus": "101_684", "munic_code": 101.0, "min": 2.227924108505249, "max": 2.227924108505249, "mean": 2.227924108505249, "count": 2, "std": 0.0, "range": 0.0 }, "geometry": { "type": "Polygon", "coordinates": [ [ [ 722600.0, 6178000.0 ], [ 722600.0, 6178100.0 ], [ 722700.0, 6178100.0 ], [ 722700.0, 6178000.0 ], [ 722700.0, 6177900.0 ], [ 722600.0, 6177900.0 ], [ 722600.0, 6178000.0 ] ] ] } },
{ "type": "Feature", "properties": { "Shape_Area": 30000.0, "Shape_Leng": 800.0, "cluster_id": "101_685", "fid_1": 685.0, "id_munic": 685.0, "munic_clus": "101_685", "munic_code": 101.0, "min": 3.393702507019043, "max": 3.393702507019043, "mean": 3.393702507019043, "count": 3, "std": 0.0, "range": 0.0 }, "geometry": { "type": "Polygon", "coordinates": [ [ [ 722500.0, 6177900.0 ], [ 722500.0, 6178000.0 ], [ 722600.0, 6178000.0 ], [ 722600.0, 6177900.0 ], [ 722700.0, 6177900.0 ], [ 722700.0, 6177800.0 ], [ 722600.0, 6177800.0 ], [ 722500.0, 6177800.0 ], [ 722500.0, 6177900.0 ] ] ] } },
{ "type": "Feature", "properties": { "Shape_Area": 10000.0, "Shape_Leng": 400.0, "cluster_id": "101_686", "fid_1": 686.0, "id_munic": 686.0, "munic_clus": "101_686", "munic_code": 101.0, "min": 2.3262248039245605, "max": 2.3262248039245605, "mean": 2.3262248039245605, "count": 1, "std": 0.0, "range": 0.0 }, "geometry": { "type": "Polygon", "coordinates": [ [ [ 722700.0, 6177900.0 ], [ 722700.0, 6178000.0 ], [ 722800.0, 6178000.0 ], [ 722800.0, 6177900.0 ], [ 722700.0, 6177900.0 ] ] ] } },
{ "type": "Feature", "properties": { "Shape_Area": 10000.0, "Shape_Leng": 400.0, "cluster_id": "101_687", "fid_1": 687.0, "id_munic": 687.0, "munic_clus": "101_687", "munic_code": 101.0, "min": 2.0264914035797119, "max": 2.0264914035797119, "mean": 2.0264914035797119, "count": 1, "std": 0.0, "range": 0.0 }, "geometry": { "type": "Polygon", "coordinates": [ [ [ 722700.0, 6177800.0 ], [ 722700.0, 6177900.0 ], [ 722800.0, 6177900.0 ], [ 722800.0, 6177800.0 ], [ 722700.0, 6177800.0 ] ] ] } },
{ "type": "Feature", "properties": { "Shape_Area": 10000.0, "Shape_Leng": 400.0, "cluster_id": "101_688", "fid_1": 688.0, "id_munic": 688.0, "munic_clus": "101_688", "munic_code": 101.0, "min": 2.5541484355926514, "max": 2.5541484355926514, "mean": 2.5541484355926514, "count": 1, "std": 0.0, "range": 0.0 }, "geometry": { "type": "Polygon", "coordinates": [ [ [ 722800.0, 6177500.0 ], [ 722800.0, 6177600.0 ], [ 722900.0, 6177600.0 ], [ 722900.0, 6177500.0 ], [ 722800.0, 6177500.0 ] ] ] } },
{ "type": "Feature", "properties": { "Shape_Area": 10000.0, "Shape_Leng": 400.0, "cluster_id": "101_689", "fid_1": 689.0, "id_munic": 689.0, "munic_clus": "101_689", "munic_code": 101.0, "min": 3.5736427307128906, "max": 3.5736427307128906, "mean": 3.5736427307128906, "count": 1, "std": 0.0, "range": 0.0 }, "geometry": { "type": "Polygon", "coordinates": [ [ [ 722700.0, 6177600.0 ], [ 722700.0, 6177700.0 ], [ 722800.0, 6177700.0 ], [ 722800.0, 6177600.0 ], [ 722700.0, 6177600.0 ] ] ] } },
{ "type": "Feature", "properties": { "Shape_Area": 10000.0, "Shape_Leng": 400.0, "cluster_id": "101_690", "fid_1": 690.0, "id_munic": 690.0, "munic_clus": "101_690", "munic_code": 101.0, "min": 3.4508497714996338, "max": 3.4508497714996338, "mean": 3.4508497714996338, "count": 1, "std": 0.0, "range": 0.0 }, "geometry": { "type": "Polygon", "coordinates": [ [ [ 722700.0, 6177500.0 ], [ 722700.0, 6177600.0 ], [ 722800.0, 6177600.0 ], [ 722800.0, 6177500.0 ], [ 722700.0, 6177500.0 ] ] ] } },
{ "type": "Feature", "properties": { "Shape_Area": 10000.0, "Shape_Leng": 400.0, "cluster_id": "101_691", "fid_1": 691.0, "id_munic": 691.0, "munic_clus": "101_691", "munic_code": 101.0, "min": 3.2652451992034912, "max": 3.2652451992034912, "mean": 3.2652451992034912, "count": 1, "std": 0.0, "range": 0.0 }, "geometry": { "type": "Polygon", "coordinates": [ [ [ 722600.0, 6177600.0 ], [ 722600.0, 6177700.0 ], [ 722700.0, 6177700.0 ], [ 722700.0, 6177600.0 ], [ 722600.0, 6177600.0 ] ] ] } },
{ "type": "Feature", "properties": { "Shape_Area": 20000.0, "Shape_Leng": 600.0, "cluster_id": "101_692", "fid_1": 692.0, "id_munic": 692.0, "munic_clus": "101_692", "munic_code": 101.0, "min": 2.48067307472229, "max": 2.48067307472229, "mean": 2.48067307472229, "count": 2, "std": 0.0, "range": 0.0 }, "geometry": { "type": "Polygon", "coordinates": [ [ [ 722700.0, 6177400.0 ], [ 722700.0, 6177500.0 ], [ 722800.0, 6177500.0 ], [ 722800.0, 6177400.0 ], [ 722800.0, 6177300.0 ], [ 722700.0, 6177300.0 ], [ 722700.0, 6177400.0 ] ] ] } },
{ "type": "Feature", "properties": { "Shape_Area": 10000.0, "Shape_Leng": 400.0, "cluster_id": "101_693", "fid_1": 693.0, "id_munic": 693.0, "munic_clus": "101_693", "munic_code": 101.0, "min": 3.1984348297119141, "max": 3.1984348297119141, "mean": 3.1984348297119141, "count": 1, "std": 0.0, "range": 0.0 }, "geometry": { "type": "Polygon", "coordinates": [ [ [ 722500.0, 6177400.0 ], [ 722500.0, 6177500.0 ], [ 722600.0, 6177500.0 ], [ 722600.0, 6177400.0 ], [ 722500.0, 6177400.0 ] ] ] } },
{ "type": "Feature", "properties": { "Shape_Area": 10000.0, "Shape_Leng": 400.0, "cluster_id": "101_694", "fid_1": 694.0, "id_munic": 694.0, "munic_clus": "101_694", "munic_code": 101.0, "min": 2.8148949146270752, "max": 2.8148949146270752, "mean": 2.8148949146270752, "count": 1, "std": 0.0, "range": 0.0 }, "geometry": { "type": "Polygon", "coordinates": [ [ [ 722400.0, 6177400.0 ], [ 722400.0, 6177500.0 ], [ 722500.0, 6177500.0 ], [ 722500.0, 6177400.0 ], [ 722400.0, 6177400.0 ] ] ] } },
{ "type": "Feature", "properties": { "Shape_Area": 20000.0, "Shape_Leng": 600.0, "cluster_id": "101_695", "fid_1": 695.0, "id_munic": 695.0, "munic_clus": "101_695", "munic_code": 101.0, "min": 3.2267582416534424, "max": 3.2267582416534424, "mean": 3.2267582416534424, "count": 2, "std": 0.0, "range": 0.0 }, "geometry": { "type": "Polygon", "coordinates": [ [ [ 723600.0, 6176700.0 ], [ 723600.0, 6176800.0 ], [ 723700.0, 6176800.0 ], [ 723700.0, 6176700.0 ], [ 723700.0, 6176600.0 ], [ 723600.0, 6176600.0 ], [ 723600.0, 6176700.0 ] ] ] } },
{ "type": "Feature", "properties": { "Shape_Area": 80000.0, "Shape_Leng": 1400.0, "cluster_id": "101_696", "fid_1": 696.0, "id_munic": 696.0, "munic_clus": "101_696", "munic_code": 101.0, "min": 3.0101633071899414, "max": 3.0101633071899414, "mean": 3.0101633071899414, "count": 8, "std": 0.0, "range": 0.0 }, "geometry": { "type": "Polygon", "coordinates": [ [ [ 724000.0, 6181500.0 ], [ 723900.0, 6181500.0 ], [ 723900.0, 6181600.0 ], [ 723900.0, 6181700.0 ], [ 723900.0, 6181800.0 ], [ 723900.0, 6181900.0 ], [ 723900.0, 6182000.0 ], [ 724000.0, 6182000.0 ], [ 724000.0, 6181900.0 ], [ 724000.0, 6181800.0 ], [ 724100.0, 6181800.0 ], [ 724100.0, 6181700.0 ], [ 724100.0, 6181600.0 ], [ 724100.0, 6181500.0 ], [ 724000.0, 6181500.0 ] ] ] } },
{ "type": "Feature", "properties": { "Shape_Area": 20000.0, "Shape_Leng": 600.0, "cluster_id": "101_697", "fid_1": 697.0, "id_munic": 697.0, "munic_clus": "101_697", "munic_code": 101.0, "min": 2.7537493705749512, "max": 2.7537493705749512, "mean": 2.7537493705749512, "count": 2, "std": 0.0, "range": 0.0 }, "geometry": { "type": "Polygon", "coordinates": [ [ [ 723800.0, 6181600.0 ], [ 723800.0, 6181700.0 ], [ 723900.0, 6181700.0 ], [ 723900.0, 6181600.0 ], [ 723900.0, 6181500.0 ], [ 723800.0, 6181500.0 ], [ 723800.0, 6181600.0 ] ] ] } },
{ "type": "Feature", "properties": { "Shape_Area": 60000.0, "Shape_Leng": 1200.0, "cluster_id": "101_698", "fid_1": 698.0, "id_munic": 698.0, "munic_clus": "101_698", "munic_code": 101.0, "min": 3.0898034572601318, "max": 3.0898034572601318, "mean": 3.089803377787272, "count": 6, "std": 7.947285984855057e-08, "range": 0.0 }, "geometry": { "type": "Polygon", "coordinates": [ [ [ 723700.0, 6181800.0 ], [ 723700.0, 6181900.0 ], [ 723800.0, 6181900.0 ], [ 723800.0, 6182000.0 ], [ 723900.0, 6182000.0 ], [ 723900.0, 6181900.0 ], [ 723900.0, 6181800.0 ], [ 723900.0, 6181700.0 ], [ 723800.0, 6181700.0 ], [ 723800.0, 6181600.0 ], [ 723700.0, 6181600.0 ], [ 723700.0, 6181700.0 ], [ 723700.0, 6181800.0 ] ] ] } },
{ "type": "Feature", "properties": { "Shape_Area": 60000.0, "Shape_Leng": 1200.0, "cluster_id": "101_699", "fid_1": 699.0, "id_munic": 699.0, "munic_clus": "101_699", "munic_code": 101.0, "min": 2.6709434986114502, "max": 2.6709434986114502, "mean": 2.67094357808431, "count": 6, "std": 7.947285984855057e-08, "range": 0.0 }, "geometry": { "type": "Polygon", "coordinates": [ [ [ 721700.0, 6181100.0 ], [ 721600.0, 6181100.0 ], [ 721500.0, 6181100.0 ], [ 721500.0, 6181200.0 ], [ 721400.0, 6181200.0 ], [ 721400.0, 6181300.0 ], [ 721500.0, 6181300.0 ], [ 721600.0, 6181300.0 ], [ 721600.0, 6181400.0 ], [ 721700.0, 6181400.0 ], [ 721700.0, 6181300.0 ], [ 721700.0, 6181200.0 ], [ 721700.0, 6181100.0 ] ] ] } },
{ "type": "Feature", "properties": { "Shape_Area": 160000.0, "Shape_Leng": 2400.0, "cluster_id": "101_700", "fid_1": 700.0, "id_munic": 700.0, "munic_clus": "101_700", "munic_code": 101.0, "min": 3.6217935085296631, "max": 3.6217935085296631, "mean": 3.6217930316925049, "count": 16, "std": 4.76837158203125e-07, "range": 0.0 }, "geometry": { "type": "Polygon", "coordinates": [ [ [ 722200.0, 6180900.0 ], [ 722100.0, 6180900.0 ], [ 722000.0, 6180900.0 ], [ 722000.0, 6181000.0 ], [ 722000.0, 6181100.0 ], [ 722100.0, 6181100.0 ], [ 722100.0, 6181200.0 ], [ 722100.0, 6181300.0 ], [ 722200.0, 6181300.0 ], [ 722300.0, 6181300.0 ], [ 722300.0, 6181200.0 ], [ 722300.0, 6181100.0 ], [ 722400.0, 6181100.0 ], [ 722400.0, 6181000.0 ], [ 722500.0, 6181000.0 ], [ 722600.0, 6181000.0 ], [ 722600.0, 6181100.0 ], [ 722700.0, 6181100.0 ], [ 722700.0, 6181000.0 ], [ 722700.0, 6180900.0 ], [ 722600.0, 6180900.0 ], [ 722500.0, 6180900.0 ], [ 722400.0, 6180900.0 ], [ 722300.0, 6180900.0 ], [ 722200.0, 6180900.0 ] ] ] } },
{ "type": "Feature", "properties": { "Shape_Area": 200000.0, "Shape_Leng": 2000.0, "cluster_id": "101_701", "fid_1": 701.0, "id_munic": 701.0, "munic_clus": "101_701", "munic_code": 101.0, "min": 2.9538488388061523, "max": 2.9538488388061523, "mean": 2.9538488388061523, "count": 20, "std": 0.0, "range": 0.0 }, "geometry": { "type": "Polygon", "coordinates": [ [ [ 721600.0, 6181000.0 ], [ 721600.0, 6181100.0 ], [ 721700.0, 6181100.0 ], [ 721700.0, 6181200.0 ], [ 721700.0, 6181300.0 ], [ 721700.0, 6181400.0 ], [ 721800.0, 6181400.0 ], [ 721900.0, 6181400.0 ], [ 722000.0, 6181400.0 ], [ 722100.0, 6181400.0 ], [ 722100.0, 6181300.0 ], [ 722100.0, 6181200.0 ], [ 722100.0, 6181100.0 ], [ 722000.0, 6181100.0 ], [ 722000.0, 6181000.0 ], [ 722000.0, 6180900.0 ], [ 721900.0, 6180900.0 ], [ 721800.0, 6180900.0 ], [ 721700.0, 6180900.0 ], [ 721600.0, 6180900.0 ], [ 721600.0, 6181000.0 ] ] ] } },
{ "type": "Feature", "properties": { "Shape_Area": 50000.0, "Shape_Leng": 1000.0, "cluster_id": "101_702", "fid_1": 702.0, "id_munic": 702.0, "munic_clus": "101_702", "munic_code": 101.0, "min": 4.1147961616516113, "max": 4.1147961616516113, "mean": 4.11479606628418, "count": 5, "std": 9.5367431285353632e-08, "range": 0.0 }, "geometry": { "type": "Polygon", "coordinates": [ [ [ 721600.0, 6180900.0 ], [ 721500.0, 6180900.0 ], [ 721400.0, 6180900.0 ], [ 721400.0, 6181000.0 ], [ 721400.0, 6181100.0 ], [ 721400.0, 6181200.0 ], [ 721500.0, 6181200.0 ], [ 721500.0, 6181100.0 ], [ 721600.0, 6181100.0 ], [ 721600.0, 6181000.0 ], [ 721600.0, 6180900.0 ] ] ] } },
{ "type": "Feature", "properties": { "Shape_Area": 310000.0, "Shape_Leng": 2400.0, "cluster_id": "101_703", "fid_1": 703.0, "id_munic": 703.0, "munic_clus": "101_703", "munic_code": 101.0, "min": 2.9963345527648926, "max": 2.9963345527648926, "mean": 2.996334937310988, "count": 31, "std": 3.8454609541105361e-07, "range": 0.0 }, "geometry": { "type": "Polygon", "coordinates": [ [ [ 720900.0, 6180800.0 ], [ 720800.0, 6180800.0 ], [ 720800.0, 6180900.0 ], [ 720800.0, 6181000.0 ], [ 720800.0, 6181100.0 ], [ 720900.0, 6181100.0 ], [ 720900.0, 6181200.0 ], [ 720900.0, 6181300.0 ], [ 721000.0, 6181300.0 ], [ 721000.0, 6181400.0 ], [ 721100.0, 6181400.0 ], [ 721200.0, 6181400.0 ], [ 721300.0, 6181400.0 ], [ 721400.0, 6181400.0 ], [ 721400.0, 6181300.0 ], [ 721400.0, 6181200.0 ], [ 721400.0, 6181100.0 ], [ 721400.0, 6181000.0 ], [ 721400.0, 6180900.0 ], [ 721300.0, 6180900.0 ], [ 721300.0, 6180800.0 ], [ 721200.0, 6180800.0 ], [ 721100.0, 6180800.0 ], [ 721000.0, 6180800.0 ], [ 720900.0, 6180800.0 ] ] ] } },
{ "type": "Feature", "properties": { "Shape_Area": 30000.0, "Shape_Leng": 800.0, "cluster_id": "101_704", "fid_1": 704.0, "id_munic": 704.0, "munic_clus": "101_704", "munic_code": 101.0, "min": 2.6104631423950195, "max": 2.6104631423950195, "mean": 2.6104631423950195, "count": 3, "std": 0.0, "range": 0.0 }, "geometry": { "type": "Polygon", "coordinates": [ [ [ 724800.0, 6178600.0 ], [ 724800.0, 6178700.0 ], [ 724900.0, 6178700.0 ], [ 725000.0, 6178700.0 ], [ 725000.0, 6178600.0 ], [ 724900.0, 6178600.0 ], [ 724900.0, 6178500.0 ], [ 724800.0, 6178500.0 ], [ 724800.0, 6178600.0 ] ] ] } },
{ "type": "Feature", "properties": { "Shape_Area": 10000.0, "Shape_Leng": 400.0, "cluster_id": "101_705", "fid_1": 705.0, "id_munic": 705.0, "munic_clus": "101_705", "munic_code": 101.0, "min": 3.2097632884979248, "max": 3.2097632884979248, "mean": 3.2097632884979248, "count": 1, "std": 0.0, "range": 0.0 }, "geometry": { "type": "Polygon", "coordinates": [ [ [ 725300.0, 6178500.0 ], [ 725300.0, 6178600.0 ], [ 725400.0, 6178600.0 ], [ 725400.0, 6178500.0 ], [ 725300.0, 6178500.0 ] ] ] } },
{ "type": "Feature", "properties": { "Shape_Area": 10000.0, "Shape_Leng": 400.0, "cluster_id": "101_706", "fid_1": 706.0, "id_munic": 706.0, "munic_clus": "101_706", "munic_code": 101.0, "min": 3.2767412662506104, "max": 3.2767412662506104, "mean": 3.2767412662506104, "count": 1, "std": 0.0, "range": 0.0 }, "geometry": { "type": "Polygon", "coordinates": [ [ [ 723500.0, 6177000.0 ], [ 723500.0, 6177100.0 ], [ 723600.0, 6177100.0 ], [ 723600.0, 6177000.0 ], [ 723500.0, 6177000.0 ] ] ] } },
{ "type": "Feature", "properties": { "Shape_Area": 20000.0, "Shape_Leng": 600.0, "cluster_id": "101_707", "fid_1": 707.0, "id_munic": 707.0, "munic_clus": "101_707", "munic_code": 101.0, "min": 3.2044317722320557, "max": 3.2044317722320557, "mean": 3.2044317722320557, "count": 2, "std": 0.0, "range": 0.0 }, "geometry": { "type": "Polygon", "coordinates": [ [ [ 723400.0, 6177000.0 ], [ 723500.0, 6177000.0 ], [ 723600.0, 6177000.0 ], [ 723600.0, 6176900.0 ], [ 723500.0, 6176900.0 ], [ 723400.0, 6176900.0 ], [ 723400.0, 6177000.0 ] ] ] } },
{ "type": "Feature", "properties": { "Shape_Area": 10000.0, "Shape_Leng": 400.0, "cluster_id": "101_708", "fid_1": 708.0, "id_munic": 708.0, "munic_clus": "101_708", "munic_code": 101.0, "min": 2.7459180355072021, "max": 2.7459180355072021, "mean": 2.7459180355072021, "count": 1, "std": 0.0, "range": 0.0 }, "geometry": { "type": "Polygon", "coordinates": [ [ [ 723500.0, 6176800.0 ], [ 723500.0, 6176900.0 ], [ 723600.0, 6176900.0 ], [ 723600.0, 6176800.0 ], [ 723500.0, 6176800.0 ] ] ] } },
{ "type": "Feature", "properties": { "Shape_Area": 10000.0, "Shape_Leng": 400.0, "cluster_id": "101_709", "fid_1": 709.0, "id_munic": 709.0, "munic_clus": "101_709", "munic_code": 101.0, "min": 2.885871410369873, "max": 2.885871410369873, "mean": 2.885871410369873, "count": 1, "std": 0.0, "range": 0.0 }, "geometry": { "type": "Polygon", "coordinates": [ [ [ 725000.0, 6178400.0 ], [ 725000.0, 6178500.0 ], [ 725100.0, 6178500.0 ], [ 725100.0, 6178400.0 ], [ 725000.0, 6178400.0 ] ] ] } },
{ "type": "Feature", "properties": { "Shape_Area": 20000.0, "Shape_Leng": 600.0, "cluster_id": "101_710", "fid_1": 710.0, "id_munic": 710.0, "munic_clus": "101_710", "munic_code": 101.0, "min": 2.5213263034820557, "max": 2.5213263034820557, "mean": 2.5213263034820557, "count": 2, "std": 0.0, "range": 0.0 }, "geometry": { "type": "Polygon", "coordinates": [ [ [ 724800.0, 6179200.0 ], [ 724900.0, 6179200.0 ], [ 725000.0, 6179200.0 ], [ 725000.0, 6179100.0 ], [ 724900.0, 6179100.0 ], [ 724800.0, 6179100.0 ], [ 724800.0, 6179200.0 ] ] ] } },
{ "type": "Feature", "properties": { "Shape_Area": 10000.0, "Shape_Leng": 400.0, "cluster_id": "101_711", "fid_1": 711.0, "id_munic": 711.0, "munic_clus": "101_711", "munic_code": 101.0, "min": 3.1807732582092285, "max": 3.1807732582092285, "mean": 3.1807732582092285, "count": 1, "std": 0.0, "range": 0.0 }, "geometry": { "type": "Polygon", "coordinates": [ [ [ 724800.0, 6178400.0 ], [ 724800.0, 6178500.0 ], [ 724900.0, 6178500.0 ], [ 724900.0, 6178400.0 ], [ 724800.0, 6178400.0 ] ] ] } },
{ "type": "Feature", "properties": { "Shape_Area": 10000.0, "Shape_Leng": 400.0, "cluster_id": "101_712", "fid_1": 712.0, "id_munic": 712.0, "munic_clus": "101_712", "munic_code": 101.0, "min": 2.4768412113189697, "max": 2.4768412113189697, "mean": 2.4768412113189697, "count": 1, "std": 0.0, "range": 0.0 }, "geometry": { "type": "Polygon", "coordinates": [ [ [ 724900.0, 6178500.0 ], [ 724900.0, 6178600.0 ], [ 725000.0, 6178600.0 ], [ 725000.0, 6178500.0 ], [ 724900.0, 6178500.0 ] ] ] } },
{ "type": "Feature", "properties": { "Shape_Area": 20000.0, "Shape_Leng": 600.0, "cluster_id": "101_713", "fid_1": 713.0, "id_munic": 713.0, "munic_clus": "101_713", "munic_code": 101.0, "min": 2.5339891910552979, "max": 2.5339891910552979, "mean": 2.5339891910552979, "count": 2, "std": 0.0, "range": 0.0 }, "geometry": { "type": "Polygon", "coordinates": [ [ [ 725200.0, 6178900.0 ], [ 725300.0, 6178900.0 ], [ 725400.0, 6178900.0 ], [ 725400.0, 6178800.0 ], [ 725300.0, 6178800.0 ], [ 725200.0, 6178800.0 ], [ 725200.0, 6178900.0 ] ] ] } },
{ "type": "Feature", "properties": { "Shape_Area": 10000.0, "Shape_Leng": 400.0, "cluster_id": "101_714", "fid_1": 714.0, "id_munic": 714.0, "munic_clus": "101_714", "munic_code": 101.0, "min": 2.6202938556671143, "max": 2.6202938556671143, "mean": 2.6202938556671143, "count": 1, "std": 0.0, "range": 0.0 }, "geometry": { "type": "Polygon", "coordinates": [ [ [ 725300.0, 6178600.0 ], [ 725300.0, 6178700.0 ], [ 725400.0, 6178700.0 ], [ 725400.0, 6178600.0 ], [ 725300.0, 6178600.0 ] ] ] } },
{ "type": "Feature", "properties": { "Shape_Area": 30000.0, "Shape_Leng": 800.0, "cluster_id": "101_715", "fid_1": 715.0, "id_munic": 715.0, "munic_clus": "101_715", "munic_code": 101.0, "min": 2.8815398216247559, "max": 2.8815398216247559, "mean": 2.8815396626790366, "count": 3, "std": 1.5894571925301193e-07, "range": 0.0 }, "geometry": { "type": "Polygon", "coordinates": [ [ [ 725400.0, 6178700.0 ], [ 725300.0, 6178700.0 ], [ 725300.0, 6178800.0 ], [ 725400.0, 6178800.0 ], [ 725500.0, 6178800.0 ], [ 725500.0, 6178700.0 ], [ 725500.0, 6178600.0 ], [ 725400.0, 6178600.0 ], [ 725400.0, 6178700.0 ] ] ] } },
{ "type": "Feature", "properties": { "Shape_Area": 40000.0, "Shape_Leng": 800.0, "cluster_id": "101_716", "fid_1": 716.0, "id_munic": 716.0, "munic_clus": "101_716", "munic_code": 101.0, "min": 3.0673115253448486, "max": 3.0673115253448486, "mean": 3.0673115253448486, "count": 4, "std": 0.0, "range": 0.0 }, "geometry": { "type": "Polygon", "coordinates": [ [ [ 725300.0, 6178600.0 ], [ 725200.0, 6178600.0 ], [ 725100.0, 6178600.0 ], [ 725100.0, 6178700.0 ], [ 725100.0, 6178800.0 ], [ 725200.0, 6178800.0 ], [ 725300.0, 6178800.0 ], [ 725300.0, 6178700.0 ], [ 725300.0, 6178600.0 ] ] ] } },
{ "type": "Feature", "properties": { "Shape_Area": 20000.0, "Shape_Leng": 600.0, "cluster_id": "101_717", "fid_1": 717.0, "id_munic": 717.0, "munic_clus": "101_717", "munic_code": 101.0, "min": 3.3283905982971191, "max": 3.3283905982971191, "mean": 3.3283905982971191, "count": 2, "std": 0.0, "range": 0.0 }, "geometry": { "type": "Polygon", "coordinates": [ [ [ 725300.0, 6178400.0 ], [ 725400.0, 6178400.0 ], [ 725500.0, 6178400.0 ], [ 725500.0, 6178300.0 ], [ 725400.0, 6178300.0 ], [ 725300.0, 6178300.0 ], [ 725300.0, 6178400.0 ] ] ] } },
{ "type": "Feature", "properties": { "Shape_Area": 20000.0, "Shape_Leng": 600.0, "cluster_id": "101_718", "fid_1": 718.0, "id_munic": 718.0, "munic_clus": "101_718", "munic_code": 101.0, "min": 2.7759082317352295, "max": 2.7759082317352295, "mean": 2.7759082317352295, "count": 2, "std": 0.0, "range": 0.0 }, "geometry": { "type": "Polygon", "coordinates": [ [ [ 725400.0, 6178600.0 ], [ 725500.0, 6178600.0 ], [ 725600.0, 6178600.0 ], [ 725600.0, 6178500.0 ], [ 725500.0, 6178500.0 ], [ 725400.0, 6178500.0 ], [ 725400.0, 6178600.0 ] ] ] } },
{ "type": "Feature", "properties": { "Shape_Area": 10000.0, "Shape_Leng": 400.0, "cluster_id": "101_719", "fid_1": 719.0, "id_munic": 719.0, "munic_clus": "101_719", "munic_code": 101.0, "min": 2.4595134258270264, "max": 2.4595134258270264, "mean": 2.4595134258270264, "count": 1, "std": 0.0, "range": 0.0 }, "geometry": { "type": "Polygon", "coordinates": [ [ [ 724800.0, 6178800.0 ], [ 724800.0, 6178900.0 ], [ 724900.0, 6178900.0 ], [ 724900.0, 6178800.0 ], [ 724800.0, 6178800.0 ] ] ] } },
{ "type": "Feature", "properties": { "Shape_Area": 10000.0, "Shape_Leng": 400.0, "cluster_id": "101_720", "fid_1": 720.0, "id_munic": 720.0, "munic_clus": "101_720", "munic_code": 101.0, "min": 2.8637125492095947, "max": 2.8637125492095947, "mean": 2.8637125492095947, "count": 1, "std": 0.0, "range": 0.0 }, "geometry": { "type": "Polygon", "coordinates": [ [ [ 720100.0, 6177800.0 ], [ 720100.0, 6177900.0 ], [ 720200.0, 6177900.0 ], [ 720200.0, 6177800.0 ], [ 720100.0, 6177800.0 ] ] ] } },
{ "type": "Feature", "properties": { "Shape_Area": 10000.0, "Shape_Leng": 400.0, "cluster_id": "101_721", "fid_1": 721.0, "id_munic": 721.0, "munic_clus": "101_721", "munic_code": 101.0, "min": 3.6566143035888672, "max": 3.6566143035888672, "mean": 3.6566143035888672, "count": 1, "std": 0.0, "range": 0.0 }, "geometry": { "type": "Polygon", "coordinates": [ [ [ 725000.0, 6178600.0 ], [ 725000.0, 6178700.0 ], [ 725100.0, 6178700.0 ], [ 725100.0, 6178600.0 ], [ 725000.0, 6178600.0 ] ] ] } },
{ "type": "Feature", "properties": { "Shape_Area": 10000.0, "Shape_Leng": 400.0, "cluster_id": "101_722", "fid_1": 722.0, "id_munic": 722.0, "munic_clus": "101_722", "munic_code": 101.0, "min": 2.0153284072875977, "max": 2.0153284072875977, "mean": 2.0153284072875977, "count": 1, "std": 0.0, "range": 0.0 }, "geometry": { "type": "Polygon", "coordinates": [ [ [ 725200.0, 6178300.0 ], [ 725200.0, 6178400.0 ], [ 725300.0, 6178400.0 ], [ 725300.0, 6178300.0 ], [ 725200.0, 6178300.0 ] ] ] } },
{ "type": "Feature", "properties": { "Shape_Area": 20000.0, "Shape_Leng": 600.0, "cluster_id": "101_723", "fid_1": 723.0, "id_munic": 723.0, "munic_clus": "101_723", "munic_code": 101.0, "min": 2.7417528629302979, "max": 2.7417528629302979, "mean": 2.7417528629302979, "count": 2, "std": 0.0, "range": 0.0 }, "geometry": { "type": "Polygon", "coordinates": [ [ [ 725300.0, 6178500.0 ], [ 725400.0, 6178500.0 ], [ 725500.0, 6178500.0 ], [ 725500.0, 6178400.0 ], [ 725400.0, 6178400.0 ], [ 725300.0, 6178400.0 ], [ 725300.0, 6178500.0 ] ] ] } },
{ "type": "Feature", "properties": { "Shape_Area": 10000.0, "Shape_Leng": 400.0, "cluster_id": "101_724", "fid_1": 724.0, "id_munic": 724.0, "munic_clus": "101_724", "munic_code": 101.0, "min": 3.1174609661102295, "max": 3.1174609661102295, "mean": 3.1174609661102295, "count": 1, "std": 0.0, "range": 0.0 }, "geometry": { "type": "Polygon", "coordinates": [ [ [ 724900.0, 6178200.0 ], [ 724900.0, 6178300.0 ], [ 725000.0, 6178300.0 ], [ 725000.0, 6178200.0 ], [ 724900.0, 6178200.0 ] ] ] } },
{ "type": "Feature", "properties": { "Shape_Area": 20000.0, "Shape_Leng": 600.0, "cluster_id": "101_725", "fid_1": 725.0, "id_munic": 725.0, "munic_clus": "101_725", "munic_code": 101.0, "min": 3.0484840869903564, "max": 3.0484840869903564, "mean": 3.0484840869903564, "count": 2, "std": 0.0, "range": 0.0 }, "geometry": { "type": "Polygon", "coordinates": [ [ [ 724900.0, 6178200.0 ], [ 725000.0, 6178200.0 ], [ 725100.0, 6178200.0 ], [ 725100.0, 6178100.0 ], [ 725000.0, 6178100.0 ], [ 724900.0, 6178100.0 ], [ 724900.0, 6178200.0 ] ] ] } },
{ "type": "Feature", "properties": { "Shape_Area": 20000.0, "Shape_Leng": 600.0, "cluster_id": "101_726", "fid_1": 726.0, "id_munic": 726.0, "munic_clus": "101_726", "munic_code": 101.0, "min": 2.9415194988250732, "max": 2.9415194988250732, "mean": 2.9415194988250732, "count": 2, "std": 0.0, "range": 0.0 }, "geometry": { "type": "Polygon", "coordinates": [ [ [ 725100.0, 6178300.0 ], [ 725200.0, 6178300.0 ], [ 725300.0, 6178300.0 ], [ 725300.0, 6178200.0 ], [ 725200.0, 6178200.0 ], [ 725100.0, 6178200.0 ], [ 725100.0, 6178300.0 ] ] ] } },
{ "type": "Feature", "properties": { "Shape_Area": 30000.0, "Shape_Leng": 800.0, "cluster_id": "101_727", "fid_1": 727.0, "id_munic": 727.0, "munic_clus": "101_727", "munic_code": 101.0, "min": 2.5958015918731689, "max": 2.5958015918731689, "mean": 2.5958016713460288, "count": 3, "std": 7.947285984855057e-08, "range": 0.0 }, "geometry": { "type": "Polygon", "coordinates": [ [ [ 725000.0, 6178300.0 ], [ 725000.0, 6178400.0 ], [ 725100.0, 6178400.0 ], [ 725200.0, 6178400.0 ], [ 725200.0, 6178300.0 ], [ 725100.0, 6178300.0 ], [ 725100.0, 6178200.0 ], [ 725000.0, 6178200.0 ], [ 725000.0, 6178300.0 ] ] ] } },
{ "type": "Feature", "properties": { "Shape_Area": 20000.0, "Shape_Leng": 600.0, "cluster_id": "101_728", "fid_1": 728.0, "id_munic": 728.0, "munic_clus": "101_728", "munic_code": 101.0, "min": 2.7564144134521484, "max": 2.7564144134521484, "mean": 2.7564144134521484, "count": 2, "std": 0.0, "range": 0.0 }, "geometry": { "type": "Polygon", "coordinates": [ [ [ 724800.0, 6178800.0 ], [ 724900.0, 6178800.0 ], [ 725000.0, 6178800.0 ], [ 725000.0, 6178700.0 ], [ 724900.0, 6178700.0 ], [ 724800.0, 6178700.0 ], [ 724800.0, 6178800.0 ] ] ] } },
{ "type": "Feature", "properties": { "Shape_Area": 40000.0, "Shape_Leng": 800.0, "cluster_id": "101_729", "fid_1": 729.0, "id_munic": 729.0, "munic_clus": "101_729", "munic_code": 101.0, "min": 2.7295904159545898, "max": 2.7295904159545898, "mean": 2.7295904159545898, "count": 4, "std": 0.0, "range": 0.0 }, "geometry": { "type": "Polygon", "coordinates": [ [ [ 725300.0, 6178400.0 ], [ 725200.0, 6178400.0 ], [ 725100.0, 6178400.0 ], [ 725100.0, 6178500.0 ], [ 725100.0, 6178600.0 ], [ 725200.0, 6178600.0 ], [ 725300.0, 6178600.0 ], [ 725300.0, 6178500.0 ], [ 725300.0, 6178400.0 ] ] ] } },
{ "type": "Feature", "properties": { "Shape_Area": 20000.0, "Shape_Leng": 600.0, "cluster_id": "101_730", "fid_1": 730.0, "id_munic": 730.0, "munic_clus": "101_730", "munic_code": 101.0, "min": 2.5826394557952881, "max": 2.5826394557952881, "mean": 2.5826394557952881, "count": 2, "std": 0.0, "range": 0.0 }, "geometry": { "type": "Polygon", "coordinates": [ [ [ 724800.0, 6179100.0 ], [ 724900.0, 6179100.0 ], [ 725000.0, 6179100.0 ], [ 725000.0, 6179000.0 ], [ 724900.0, 6179000.0 ], [ 724800.0, 6179000.0 ], [ 724800.0, 6179100.0 ] ] ] } },
{ "type": "Feature", "properties": { "Shape_Area": 20000.0, "Shape_Leng": 600.0, "cluster_id": "101_731", "fid_1": 731.0, "id_munic": 731.0, "munic_clus": "101_731", "munic_code": 101.0, "min": 2.6197934150695801, "max": 2.6197934150695801, "mean": 2.6197934150695801, "count": 2, "std": 0.0, "range": 0.0 }, "geometry": { "type": "Polygon", "coordinates": [ [ [ 724800.0, 6179000.0 ], [ 724900.0, 6179000.0 ], [ 725000.0, 6179000.0 ], [ 725000.0, 6178900.0 ], [ 724900.0, 6178900.0 ], [ 724800.0, 6178900.0 ], [ 724800.0, 6179000.0 ] ] ] } },
{ "type": "Feature", "properties": { "Shape_Area": 10000.0, "Shape_Leng": 400.0, "cluster_id": "101_732", "fid_1": 732.0, "id_munic": 732.0, "munic_clus": "101_732", "munic_code": 101.0, "min": 3.0979683399200439, "max": 3.0979683399200439, "mean": 3.0979683399200439, "count": 1, "std": 0.0, "range": 0.0 }, "geometry": { "type": "Polygon", "coordinates": [ [ [ 724900.0, 6178800.0 ], [ 724900.0, 6178900.0 ], [ 725000.0, 6178900.0 ], [ 725000.0, 6178800.0 ], [ 724900.0, 6178800.0 ] ] ] } },
{ "type": "Feature", "properties": { "Shape_Area": 10000.0, "Shape_Leng": 400.0, "cluster_id": "101_733", "fid_1": 733.0, "id_munic": 733.0, "munic_clus": "101_733", "munic_code": 101.0, "min": 2.4031991958618164, "max": 2.4031991958618164, "mean": 2.4031991958618164, "count": 1, "std": 0.0, "range": 0.0 }, "geometry": { "type": "Polygon", "coordinates": [ [ [ 725500.0, 6178400.0 ], [ 725500.0, 6178500.0 ], [ 725600.0, 6178500.0 ], [ 725600.0, 6178400.0 ], [ 725500.0, 6178400.0 ] ] ] } },
{ "type": "Feature", "properties": { "Shape_Area": 10000.0, "Shape_Leng": 400.0, "cluster_id": "101_734", "fid_1": 734.0, "id_munic": 734.0, "munic_clus": "101_734", "munic_code": 101.0, "min": 2.9623463153839111, "max": 2.9623463153839111, "mean": 2.9623463153839111, "count": 1, "std": 0.0, "range": 0.0 }, "geometry": { "type": "Polygon", "coordinates": [ [ [ 724900.0, 6178300.0 ], [ 724900.0, 6178400.0 ], [ 725000.0, 6178400.0 ], [ 725000.0, 6178300.0 ], [ 724900.0, 6178300.0 ] ] ] } },
{ "type": "Feature", "properties": { "Shape_Area": 10000.0, "Shape_Leng": 400.0, "cluster_id": "101_735", "fid_1": 735.0, "id_munic": 735.0, "munic_clus": "101_735", "munic_code": 101.0, "min": 2.861713171005249, "max": 2.861713171005249, "mean": 2.861713171005249, "count": 1, "std": 0.0, "range": 0.0 }, "geometry": { "type": "Polygon", "coordinates": [ [ [ 724900.0, 6178400.0 ], [ 724900.0, 6178500.0 ], [ 725000.0, 6178500.0 ], [ 725000.0, 6178400.0 ], [ 724900.0, 6178400.0 ] ] ] } },
{ "type": "Feature", "properties": { "Shape_Area": 10000.0, "Shape_Leng": 400.0, "cluster_id": "101_736", "fid_1": 736.0, "id_munic": 736.0, "munic_clus": "101_736", "munic_code": 101.0, "min": 3.234421968460083, "max": 3.234421968460083, "mean": 3.234421968460083, "count": 1, "std": 0.0, "range": 0.0 }, "geometry": { "type": "Polygon", "coordinates": [ [ [ 725000.0, 6178500.0 ], [ 725000.0, 6178600.0 ], [ 725100.0, 6178600.0 ], [ 725100.0, 6178500.0 ], [ 725000.0, 6178500.0 ] ] ] } },
{ "type": "Feature", "properties": { "Shape_Area": 20000.0, "Shape_Leng": 600.0, "cluster_id": "101_737", "fid_1": 737.0, "id_munic": 737.0, "munic_clus": "101_737", "munic_code": 101.0, "min": 3.5346555709838867, "max": 3.5346555709838867, "mean": 3.5346555709838867, "count": 2, "std": 0.0, "range": 0.0 }, "geometry": { "type": "Polygon", "coordinates": [ [ [ 722400.0, 6173000.0 ], [ 722400.0, 6173100.0 ], [ 722500.0, 6173100.0 ], [ 722500.0, 6173000.0 ], [ 722500.0, 6172900.0 ], [ 722400.0, 6172900.0 ], [ 722400.0, 6173000.0 ] ] ] } },
{ "type": "Feature", "properties": { "Shape_Area": 10000.0, "Shape_Leng": 400.0, "cluster_id": "101_738", "fid_1": 738.0, "id_munic": 738.0, "munic_clus": "101_738", "munic_code": 101.0, "min": 2.8923695087432861, "max": 2.8923695087432861, "mean": 2.8923695087432861, "count": 1, "std": 0.0, "range": 0.0 }, "geometry": { "type": "Polygon", "coordinates": [ [ [ 722400.0, 6172800.0 ], [ 722400.0, 6172900.0 ], [ 722500.0, 6172900.0 ], [ 722500.0, 6172800.0 ], [ 722400.0, 6172800.0 ] ] ] } },
{ "type": "Feature", "properties": { "Shape_Area": 10000.0, "Shape_Leng": 400.0, "cluster_id": "101_739", "fid_1": 739.0, "id_munic": 739.0, "munic_clus": "101_739", "munic_code": 101.0, "min": 3.7204267978668213, "max": 3.7204267978668213, "mean": 3.7204267978668213, "count": 1, "std": 0.0, "range": 0.0 }, "geometry": { "type": "Polygon", "coordinates": [ [ [ 722300.0, 6172700.0 ], [ 722300.0, 6172800.0 ], [ 722400.0, 6172800.0 ], [ 722400.0, 6172700.0 ], [ 722300.0, 6172700.0 ] ] ] } },
{ "type": "Feature", "properties": { "Shape_Area": 80000.0, "Shape_Leng": 1400.0, "cluster_id": "101_740", "fid_1": 740.0, "id_munic": 740.0, "munic_clus": "101_740", "munic_code": 101.0, "min": 2.6724426746368408, "max": 2.6724426746368408, "mean": 2.6724429130554199, "count": 8, "std": 2.384185791015625e-07, "range": 0.0 }, "geometry": { "type": "Polygon", "coordinates": [ [ [ 722100.0, 6172900.0 ], [ 722200.0, 6172900.0 ], [ 722200.0, 6173000.0 ], [ 722300.0, 6173000.0 ], [ 722400.0, 6173000.0 ], [ 722400.0, 6172900.0 ], [ 722400.0, 6172800.0 ], [ 722300.0, 6172800.0 ], [ 722300.0, 6172700.0 ], [ 722200.0, 6172700.0 ], [ 722100.0, 6172700.0 ], [ 722000.0, 6172700.0 ], [ 722000.0, 6172800.0 ], [ 722100.0, 6172800.0 ], [ 722100.0, 6172900.0 ] ] ] } },
{ "type": "Feature", "properties": { "Shape_Area": 20000.0, "Shape_Leng": 600.0, "cluster_id": "101_741", "fid_1": 741.0, "id_munic": 741.0, "munic_clus": "101_741", "munic_code": 101.0, "min": 3.627457857131958, "max": 3.627457857131958, "mean": 3.627457857131958, "count": 2, "std": 0.0, "range": 0.0 }, "geometry": { "type": "Polygon", "coordinates": [ [ [ 724500.0, 6180000.0 ], [ 724600.0, 6180000.0 ], [ 724700.0, 6180000.0 ], [ 724700.0, 6179900.0 ], [ 724600.0, 6179900.0 ], [ 724500.0, 6179900.0 ], [ 724500.0, 6180000.0 ] ] ] } },
{ "type": "Feature", "properties": { "Shape_Area": 20000.0, "Shape_Leng": 600.0, "cluster_id": "101_742", "fid_1": 742.0, "id_munic": 742.0, "munic_clus": "101_742", "munic_code": 101.0, "min": 2.5691437721252441, "max": 2.5691437721252441, "mean": 2.5691437721252441, "count": 2, "std": 0.0, "range": 0.0 }, "geometry": { "type": "Polygon", "coordinates": [ [ [ 724300.0, 6179900.0 ], [ 724400.0, 6179900.0 ], [ 724500.0, 6179900.0 ], [ 724500.0, 6179800.0 ], [ 724400.0, 6179800.0 ], [ 724300.0, 6179800.0 ], [ 724300.0, 6179900.0 ] ] ] } },
{ "type": "Feature", "properties": { "Shape_Area": 40000.0, "Shape_Leng": 800.0, "cluster_id": "101_743", "fid_1": 743.0, "id_munic": 743.0, "munic_clus": "101_743", "munic_code": 101.0, "min": 2.285405158996582, "max": 2.285405158996582, "mean": 2.285405158996582, "count": 4, "std": 0.0, "range": 0.0 }, "geometry": { "type": "Polygon", "coordinates": [ [ [ 720100.0, 6178400.0 ], [ 720000.0, 6178400.0 ], [ 719900.0, 6178400.0 ], [ 719900.0, 6178500.0 ], [ 719900.0, 6178600.0 ], [ 720000.0, 6178600.0 ], [ 720100.0, 6178600.0 ], [ 720100.0, 6178500.0 ], [ 720100.0, 6178400.0 ] ] ] } },
{ "type": "Feature", "properties": { "Shape_Area": 10000.0, "Shape_Leng": 400.0, "cluster_id": "101_744", "fid_1": 744.0, "id_munic": 744.0, "munic_clus": "101_744", "munic_code": 101.0, "min": 3.0276575088500977, "max": 3.0276575088500977, "mean": 3.0276575088500977, "count": 1, "std": 0.0, "range": 0.0 }, "geometry": { "type": "Polygon", "coordinates": [ [ [ 724300.0, 6179900.0 ], [ 724300.0, 6180000.0 ], [ 724400.0, 6180000.0 ], [ 724400.0, 6179900.0 ], [ 724300.0, 6179900.0 ] ] ] } },
{ "type": "Feature", "properties": { "Shape_Area": 10000.0, "Shape_Leng": 400.0, "cluster_id": "101_745", "fid_1": 745.0, "id_munic": 745.0, "munic_clus": "101_745", "munic_code": 101.0, "min": 2.6926031112670898, "max": 2.6926031112670898, "mean": 2.6926031112670898, "count": 1, "std": 0.0, "range": 0.0 }, "geometry": { "type": "Polygon", "coordinates": [ [ [ 724600.0, 6180000.0 ], [ 724600.0, 6180100.0 ], [ 724700.0, 6180100.0 ], [ 724700.0, 6180000.0 ], [ 724600.0, 6180000.0 ] ] ] } },
{ "type": "Feature", "properties": { "Shape_Area": 20000.0, "Shape_Leng": 600.0, "cluster_id": "101_746", "fid_1": 746.0, "id_munic": 746.0, "munic_clus": "101_746", "munic_code": 101.0, "min": 2.6727762222290039, "max": 2.6727762222290039, "mean": 2.6727762222290039, "count": 2, "std": 0.0, "range": 0.0 }, "geometry": { "type": "Polygon", "coordinates": [ [ [ 724200.0, 6179800.0 ], [ 724200.0, 6179900.0 ], [ 724300.0, 6179900.0 ], [ 724300.0, 6179800.0 ], [ 724300.0, 6179700.0 ], [ 724200.0, 6179700.0 ], [ 724200.0, 6179800.0 ] ] ] } },
{ "type": "Feature", "properties": { "Shape_Area": 10000.0, "Shape_Leng": 400.0, "cluster_id": "101_747", "fid_1": 747.0, "id_munic": 747.0, "munic_clus": "101_747", "munic_code": 101.0, "min": 2.7159280776977539, "max": 2.7159280776977539, "mean": 2.7159280776977539, "count": 1, "std": 0.0, "range": 0.0 }, "geometry": { "type": "Polygon", "coordinates": [ [ [ 724500.0, 6180000.0 ], [ 724500.0, 6180100.0 ], [ 724600.0, 6180100.0 ], [ 724600.0, 6180000.0 ], [ 724500.0, 6180000.0 ] ] ] } },
{ "type": "Feature", "properties": { "Shape_Area": 20000.0, "Shape_Leng": 600.0, "cluster_id": "101_748", "fid_1": 748.0, "id_munic": 748.0, "munic_clus": "101_748", "munic_code": 101.0, "min": 2.4590134620666504, "max": 2.4590134620666504, "mean": 2.4590134620666504, "count": 2, "std": 0.0, "range": 0.0 }, "geometry": { "type": "Polygon", "coordinates": [ [ [ 724400.0, 6180000.0 ], [ 724400.0, 6180100.0 ], [ 724500.0, 6180100.0 ], [ 724500.0, 6180000.0 ], [ 724500.0, 6179900.0 ], [ 724400.0, 6179900.0 ], [ 724400.0, 6180000.0 ] ] ] } },
{ "type": "Feature", "properties": { "Shape_Area": 20000.0, "Shape_Leng": 600.0, "cluster_id": "101_749", "fid_1": 749.0, "id_munic": 749.0, "munic_clus": "101_749", "munic_code": 101.0, "min": 3.0803070068359375, "max": 3.0803070068359375, "mean": 3.0803070068359375, "count": 2, "std": 0.0, "range": 0.0 }, "geometry": { "type": "Polygon", "coordinates": [ [ [ 719100.0, 6173400.0 ], [ 719200.0, 6173400.0 ], [ 719300.0, 6173400.0 ], [ 719300.0, 6173300.0 ], [ 719200.0, 6173300.0 ], [ 719100.0, 6173300.0 ], [ 719100.0, 6173400.0 ] ] ] } },
{ "type": "Feature", "properties": { "Shape_Area": 40000.0, "Shape_Leng": 800.0, "cluster_id": "101_750", "fid_1": 750.0, "id_munic": 750.0, "munic_clus": "101_750", "munic_code": 101.0, "min": 3.0171611309051514, "max": 3.0171611309051514, "mean": 3.0171611309051514, "count": 4, "std": 0.0, "range": 0.0 }, "geometry": { "type": "Polygon", "coordinates": [ [ [ 720100.0, 6178600.0 ], [ 720000.0, 6178600.0 ], [ 719900.0, 6178600.0 ], [ 719900.0, 6178700.0 ], [ 719900.0, 6178800.0 ], [ 720000.0, 6178800.0 ], [ 720100.0, 6178800.0 ], [ 720100.0, 6178700.0 ], [ 720100.0, 6178600.0 ] ] ] } },
{ "type": "Feature", "properties": { "Shape_Area": 30000.0, "Shape_Leng": 800.0, "cluster_id": "101_751", "fid_1": 751.0, "id_munic": 751.0, "munic_clus": "101_751", "munic_code": 101.0, "min": 4.0306568145751953, "max": 4.0306568145751953, "mean": 4.0306568145751953, "count": 3, "std": 0.0, "range": 0.0 }, "geometry": { "type": "Polygon", "coordinates": [ [ [ 719400.0, 6173500.0 ], [ 719500.0, 6173500.0 ], [ 719500.0, 6173600.0 ], [ 719600.0, 6173600.0 ], [ 719600.0, 6173500.0 ], [ 719600.0, 6173400.0 ], [ 719500.0, 6173400.0 ], [ 719400.0, 6173400.0 ], [ 719400.0, 6173500.0 ] ] ] } },
{ "type": "Feature", "properties": { "Shape_Area": 90000.0, "Shape_Leng": 1400.0, "cluster_id": "101_752", "fid_1": 752.0, "id_munic": 752.0, "munic_clus": "101_752", "munic_code": 101.0, "min": 3.3233921527862549, "max": 3.3233921527862549, "mean": 3.3233922322591147, "count": 9, "std": 7.947285984855057e-08, "range": 0.0 }, "geometry": { "type": "Polygon", "coordinates": [ [ [ 720000.0, 6173500.0 ], [ 719900.0, 6173500.0 ], [ 719800.0, 6173500.0 ], [ 719700.0, 6173500.0 ], [ 719600.0, 6173500.0 ], [ 719600.0, 6173600.0 ], [ 719500.0, 6173600.0 ], [ 719500.0, 6173700.0 ], [ 719600.0, 6173700.0 ], [ 719700.0, 6173700.0 ], [ 719800.0, 6173700.0 ], [ 719900.0, 6173700.0 ], [ 720000.0, 6173700.0 ], [ 720000.0, 6173600.0 ], [ 720000.0, 6173500.0 ] ] ] } },
{ "type": "Feature", "properties": { "Shape_Area": 160000.0, "Shape_Leng": 2000.0, "cluster_id": "101_753", "fid_1": 753.0, "id_munic": 753.0, "munic_clus": "101_753", "munic_code": 101.0, "min": 3.2944021224975586, "max": 3.2944021224975586, "mean": 3.2944021224975586, "count": 16, "std": 0.0, "range": 0.0 }, "geometry": { "type": "Polygon", "coordinates": [ [ [ 724600.0, 6176800.0 ], [ 724500.0, 6176800.0 ], [ 724400.0, 6176800.0 ], [ 724400.0, 6176900.0 ], [ 724400.0, 6177000.0 ], [ 724500.0, 6177000.0 ], [ 724500.0, 6177100.0 ], [ 724500.0, 6177200.0 ], [ 724600.0, 6177200.0 ], [ 724600.0, 6177300.0 ], [ 724700.0, 6177300.0 ], [ 724700.0, 6177200.0 ], [ 724800.0, 6177200.0 ], [ 724900.0, 6177200.0 ], [ 724900.0, 6177100.0 ], [ 724900.0, 6177000.0 ], [ 724800.0, 6177000.0 ], [ 724800.0, 6176900.0 ], [ 724700.0, 6176900.0 ], [ 724700.0, 6176800.0 ], [ 724600.0, 6176800.0 ] ] ] } },
{ "type": "Feature", "properties": { "Shape_Area": 20000.0, "Shape_Leng": 600.0, "cluster_id": "101_754", "fid_1": 754.0, "id_munic": 754.0, "munic_clus": "101_754", "munic_code": 101.0, "min": 2.9650118350982666, "max": 2.9650118350982666, "mean": 2.9650118350982666, "count": 2, "std": 0.0, "range": 0.0 }, "geometry": { "type": "Polygon", "coordinates": [ [ [ 725300.0, 6177000.0 ], [ 725300.0, 6177100.0 ], [ 725400.0, 6177100.0 ], [ 725400.0, 6177000.0 ], [ 725400.0, 6176900.0 ], [ 725300.0, 6176900.0 ], [ 725300.0, 6177000.0 ] ] ] } },
{ "type": "Feature", "properties": { "Shape_Area": 10000.0, "Shape_Leng": 400.0, "cluster_id": "101_755", "fid_1": 755.0, "id_munic": 755.0, "munic_clus": "101_755", "munic_code": 101.0, "min": 3.4826722145080566, "max": 3.4826722145080566, "mean": 3.4826722145080566, "count": 1, "std": 0.0, "range": 0.0 }, "geometry": { "type": "Polygon", "coordinates": [ [ [ 725300.0, 6176800.0 ], [ 725300.0, 6176900.0 ], [ 725400.0, 6176900.0 ], [ 725400.0, 6176800.0 ], [ 725300.0, 6176800.0 ] ] ] } },
{ "type": "Feature", "properties": { "Shape_Area": 10000.0, "Shape_Leng": 400.0, "cluster_id": "101_756", "fid_1": 756.0, "id_munic": 756.0, "munic_clus": "101_756", "munic_code": 101.0, "min": 3.399033784866333, "max": 3.399033784866333, "mean": 3.399033784866333, "count": 1, "std": 0.0, "range": 0.0 }, "geometry": { "type": "Polygon", "coordinates": [ [ [ 725400.0, 6176900.0 ], [ 725400.0, 6177000.0 ], [ 725500.0, 6177000.0 ], [ 725500.0, 6176900.0 ], [ 725400.0, 6176900.0 ] ] ] } },
{ "type": "Feature", "properties": { "Shape_Area": 20000.0, "Shape_Leng": 600.0, "cluster_id": "101_757", "fid_1": 757.0, "id_munic": 757.0, "munic_clus": "101_757", "munic_code": 101.0, "min": 3.5848057270050049, "max": 3.5848057270050049, "mean": 3.5848057270050049, "count": 2, "std": 0.0, "range": 0.0 }, "geometry": { "type": "Polygon", "coordinates": [ [ [ 725200.0, 6177300.0 ], [ 725300.0, 6177300.0 ], [ 725400.0, 6177300.0 ], [ 725400.0, 6177200.0 ], [ 725300.0, 6177200.0 ], [ 725200.0, 6177200.0 ], [ 725200.0, 6177300.0 ] ] ] } },
{ "type": "Feature", "properties": { "Shape_Area": 20000.0, "Shape_Leng": 600.0, "cluster_id": "101_758", "fid_1": 758.0, "id_munic": 758.0, "munic_clus": "101_758", "munic_code": 101.0, "min": 3.9090306758880615, "max": 3.9090306758880615, "mean": 3.9090306758880615, "count": 2, "std": 0.0, "range": 0.0 }, "geometry": { "type": "Polygon", "coordinates": [ [ [ 725200.0, 6177100.0 ], [ 725200.0, 6177200.0 ], [ 725300.0, 6177200.0 ], [ 725300.0, 6177100.0 ], [ 725300.0, 6177000.0 ], [ 725200.0, 6177000.0 ], [ 725200.0, 6177100.0 ] ] ] } },
{ "type": "Feature", "properties": { "Shape_Area": 10000.0, "Shape_Leng": 400.0, "cluster_id": "101_759", "fid_1": 759.0, "id_munic": 759.0, "munic_clus": "101_759", "munic_code": 101.0, "min": 2.7980673313140869, "max": 2.7980673313140869, "mean": 2.7980673313140869, "count": 1, "std": 0.0, "range": 0.0 }, "geometry": { "type": "Polygon", "coordinates": [ [ [ 725600.0, 6177100.0 ], [ 725600.0, 6177200.0 ], [ 725700.0, 6177200.0 ], [ 725700.0, 6177100.0 ], [ 725600.0, 6177100.0 ] ] ] } },
{ "type": "Feature", "properties": { "Shape_Area": 10000.0, "Shape_Leng": 400.0, "cluster_id": "101_760", "fid_1": 760.0, "id_munic": 760.0, "munic_clus": "101_760", "munic_code": 101.0, "min": 2.5478177070617676, "max": 2.5478177070617676, "mean": 2.5478177070617676, "count": 1, "std": 0.0, "range": 0.0 }, "geometry": { "type": "Polygon", "coordinates": [ [ [ 725500.0, 6177000.0 ], [ 725500.0, 6177100.0 ], [ 725600.0, 6177100.0 ], [ 725600.0, 6177000.0 ], [ 725500.0, 6177000.0 ] ] ] } },
{ "type": "Feature", "properties": { "Shape_Area": 90000.0, "Shape_Leng": 1600.0, "cluster_id": "101_761", "fid_1": 761.0, "id_munic": 761.0, "munic_clus": "101_761", "munic_code": 101.0, "min": 2.760746955871582, "max": 2.760746955871582, "mean": 2.7607468499077692, "count": 9, "std": 1.0596381283534129e-07, "range": 0.0 }, "geometry": { "type": "Polygon", "coordinates": [ [ [ 720100.0, 6178300.0 ], [ 720100.0, 6178400.0 ], [ 720200.0, 6178400.0 ], [ 720300.0, 6178400.0 ], [ 720300.0, 6178500.0 ], [ 720400.0, 6178500.0 ], [ 720400.0, 6178400.0 ], [ 720400.0, 6178300.0 ], [ 720300.0, 6178300.0 ], [ 720300.0, 6178200.0 ], [ 720300.0, 6178100.0 ], [ 720200.0, 6178100.0 ], [ 720100.0, 6178100.0 ], [ 720000.0, 6178100.0 ], [ 720000.0, 6178200.0 ], [ 720100.0, 6178200.0 ], [ 720100.0, 6178300.0 ] ] ] } },
{ "type": "Feature", "properties": { "Shape_Area": 10000.0, "Shape_Leng": 400.0, "cluster_id": "101_762", "fid_1": 762.0, "id_munic": 762.0, "munic_clus": "101_762", "munic_code": 101.0, "min": 3.9865045547485352, "max": 3.9865045547485352, "mean": 3.9865045547485352, "count": 1, "std": 0.0, "range": 0.0 }, "geometry": { "type": "Polygon", "coordinates": [ [ [ 725400.0, 6177000.0 ], [ 725400.0, 6177100.0 ], [ 725500.0, 6177100.0 ], [ 725500.0, 6177000.0 ], [ 725400.0, 6177000.0 ] ] ] } },
{ "type": "Feature", "properties": { "Shape_Area": 10000.0, "Shape_Leng": 400.0, "cluster_id": "101_763", "fid_1": 763.0, "id_munic": 763.0, "munic_clus": "101_763", "munic_code": 101.0, "min": 2.7145953178405762, "max": 2.7145953178405762, "mean": 2.7145953178405762, "count": 1, "std": 0.0, "range": 0.0 }, "geometry": { "type": "Polygon", "coordinates": [ [ [ 725200.0, 6176800.0 ], [ 725200.0, 6176900.0 ], [ 725300.0, 6176900.0 ], [ 725300.0, 6176800.0 ], [ 725200.0, 6176800.0 ] ] ] } },
{ "type": "Feature", "properties": { "Shape_Area": 10000.0, "Shape_Leng": 400.0, "cluster_id": "101_764", "fid_1": 764.0, "id_munic": 764.0, "munic_clus": "101_764", "munic_code": 101.0, "min": 3.0664780139923096, "max": 3.0664780139923096, "mean": 3.0664780139923096, "count": 1, "std": 0.0, "range": 0.0 }, "geometry": { "type": "Polygon", "coordinates": [ [ [ 725200.0, 6176700.0 ], [ 725200.0, 6176800.0 ], [ 725300.0, 6176800.0 ], [ 725300.0, 6176700.0 ], [ 725200.0, 6176700.0 ] ] ] } },
{ "type": "Feature", "properties": { "Shape_Area": 10000.0, "Shape_Leng": 400.0, "cluster_id": "101_765", "fid_1": 765.0, "id_munic": 765.0, "munic_clus": "101_765", "munic_code": 101.0, "min": 3.2347557544708252, "max": 3.2347557544708252, "mean": 3.2347557544708252, "count": 1, "std": 0.0, "range": 0.0 }, "geometry": { "type": "Polygon", "coordinates": [ [ [ 725300.0, 6176700.0 ], [ 725300.0, 6176800.0 ], [ 725400.0, 6176800.0 ], [ 725400.0, 6176700.0 ], [ 725300.0, 6176700.0 ] ] ] } },
{ "type": "Feature", "properties": { "Shape_Area": 40000.0, "Shape_Leng": 1000.0, "cluster_id": "101_766", "fid_1": 766.0, "id_munic": 766.0, "munic_clus": "101_766", "munic_code": 101.0, "min": 3.3288908004760742, "max": 3.3288908004760742, "mean": 3.3288908004760742, "count": 4, "std": 0.0, "range": 0.0 }, "geometry": { "type": "Polygon", "coordinates": [ [ [ 725400.0, 6176900.0 ], [ 725500.0, 6176900.0 ], [ 725500.0, 6177000.0 ], [ 725600.0, 6177000.0 ], [ 725600.0, 6176900.0 ], [ 725600.0, 6176800.0 ], [ 725500.0, 6176800.0 ], [ 725500.0, 6176700.0 ], [ 725400.0, 6176700.0 ], [ 725400.0, 6176800.0 ], [ 725400.0, 6176900.0 ] ] ] } },
{ "type": "Feature", "properties": { "Shape_Area": 50000.0, "Shape_Leng": 1000.0, "cluster_id": "101_767", "fid_1": 767.0, "id_munic": 767.0, "munic_clus": "101_767", "munic_code": 101.0, "min": 3.1931028366088867, "max": 3.1931028366088867, "mean": 3.1931028366088867, "count": 5, "std": 0.0, "range": 0.0 }, "geometry": { "type": "Polygon", "coordinates": [ [ [ 725200.0, 6177000.0 ], [ 725100.0, 6177000.0 ], [ 725000.0, 6177000.0 ], [ 725000.0, 6177100.0 ], [ 725000.0, 6177200.0 ], [ 725100.0, 6177200.0 ], [ 725100.0, 6177300.0 ], [ 725200.0, 6177300.0 ], [ 725200.0, 6177200.0 ], [ 725200.0, 6177100.0 ], [ 725200.0, 6177000.0 ] ] ] } },
{ "type": "Feature", "properties": { "Shape_Area": 40000.0, "Shape_Leng": 800.0, "cluster_id": "101_768", "fid_1": 768.0, "id_munic": 768.0, "munic_clus": "101_768", "munic_code": 101.0, "min": 2.8557150363922119, "max": 2.8557150363922119, "mean": 2.8557150363922119, "count": 4, "std": 0.0, "range": 0.0 }, "geometry": { "type": "Polygon", "coordinates": [ [ [ 725600.0, 6177300.0 ], [ 725500.0, 6177300.0 ], [ 725400.0, 6177300.0 ], [ 725400.0, 6177400.0 ], [ 725400.0, 6177500.0 ], [ 725500.0, 6177500.0 ], [ 725600.0, 6177500.0 ], [ 725600.0, 6177400.0 ], [ 725600.0, 6177300.0 ] ] ] } },
{ "type": "Feature", "properties": { "Shape_Area": 40000.0, "Shape_Leng": 1000.0, "cluster_id": "101_769", "fid_1": 769.0, "id_munic": 769.0, "munic_clus": "101_769", "munic_code": 101.0, "min": 2.7485840320587158, "max": 2.7485840320587158, "mean": 2.7485840320587158, "count": 4, "std": 0.0, "range": 0.0 }, "geometry": { "type": "Polygon", "coordinates": [ [ [ 720100.0, 6178600.0 ], [ 720100.0, 6178700.0 ], [ 720100.0, 6178800.0 ], [ 720200.0, 6178800.0 ], [ 720200.0, 6178700.0 ], [ 720200.0, 6178600.0 ], [ 720200.0, 6178500.0 ], [ 720200.0, 6178400.0 ], [ 720100.0, 6178400.0 ], [ 720100.0, 6178500.0 ], [ 720100.0, 6178600.0 ] ] ] } },
{ "type": "Feature", "properties": { "Shape_Area": 50000.0, "Shape_Leng": 1200.0, "cluster_id": "101_770", "fid_1": 770.0, "id_munic": 770.0, "munic_clus": "101_770", "munic_code": 101.0, "min": 3.2317564487457275, "max": 3.2317564487457275, "mean": 3.2317565917968749, "count": 5, "std": 1.4305114737211966e-07, "range": 0.0 }, "geometry": { "type": "Polygon", "coordinates": [ [ [ 717300.0, 6180000.0 ], [ 717400.0, 6180000.0 ], [ 717400.0, 6180100.0 ], [ 717500.0, 6180100.0 ], [ 717600.0, 6180100.0 ], [ 717600.0, 6180000.0 ], [ 717500.0, 6180000.0 ], [ 717500.0, 6179900.0 ], [ 717400.0, 6179900.0 ], [ 717300.0, 6179900.0 ], [ 717200.0, 6179900.0 ], [ 717200.0, 6180000.0 ], [ 717300.0, 6180000.0 ] ] ] } },
{ "type": "Feature", "properties": { "Shape_Area": 30000.0, "Shape_Leng": 800.0, "cluster_id": "101_771", "fid_1": 771.0, "id_munic": 771.0, "munic_clus": "101_771", "munic_code": 101.0, "min": 3.8028988838195801, "max": 3.8028988838195801, "mean": 3.8028990427652993, "count": 3, "std": 1.5894571925301193e-07, "range": 0.0 }, "geometry": { "type": "Polygon", "coordinates": [ [ [ 717600.0, 6180100.0 ], [ 717600.0, 6180200.0 ], [ 717700.0, 6180200.0 ], [ 717800.0, 6180200.0 ], [ 717800.0, 6180100.0 ], [ 717700.0, 6180100.0 ], [ 717700.0, 6180000.0 ], [ 717600.0, 6180000.0 ], [ 717600.0, 6180100.0 ] ] ] } },
{ "type": "Feature", "properties": { "Shape_Area": 10000.0, "Shape_Leng": 400.0, "cluster_id": "101_772", "fid_1": 772.0, "id_munic": 772.0, "munic_clus": "101_772", "munic_code": 101.0, "min": 2.8780407905578613, "max": 2.8780407905578613, "mean": 2.8780407905578613, "count": 1, "std": 0.0, "range": 0.0 }, "geometry": { "type": "Polygon", "coordinates": [ [ [ 717800.0, 6180100.0 ], [ 717800.0, 6180200.0 ], [ 717900.0, 6180200.0 ], [ 717900.0, 6180100.0 ], [ 717800.0, 6180100.0 ] ] ] } },
{ "type": "Feature", "properties": { "Shape_Area": 20000.0, "Shape_Leng": 600.0, "cluster_id": "101_773", "fid_1": 773.0, "id_munic": 773.0, "munic_clus": "101_773", "munic_code": 101.0, "min": 3.2175943851470947, "max": 3.2175943851470947, "mean": 3.2175943851470947, "count": 2, "std": 0.0, "range": 0.0 }, "geometry": { "type": "Polygon", "coordinates": [ [ [ 722100.0, 6179800.0 ], [ 722100.0, 6179900.0 ], [ 722200.0, 6179900.0 ], [ 722200.0, 6179800.0 ], [ 722200.0, 6179700.0 ], [ 722100.0, 6179700.0 ], [ 722100.0, 6179800.0 ] ] ] } },
{ "type": "Feature", "properties": { "Shape_Area": 40000.0, "Shape_Leng": 1000.0, "cluster_id": "101_774", "fid_1": 774.0, "id_munic": 774.0, "munic_clus": "101_774", "munic_code": 101.0, "min": 3.1627793312072754, "max": 3.1627793312072754, "mean": 3.1627793312072754, "count": 4, "std": 0.0, "range": 0.0 }, "geometry": { "type": "Polygon", "coordinates": [ [ [ 722200.0, 6179700.0 ], [ 722200.0, 6179800.0 ], [ 722300.0, 6179800.0 ], [ 722300.0, 6179700.0 ], [ 722400.0, 6179700.0 ], [ 722400.0, 6179600.0 ], [ 722300.0, 6179600.0 ], [ 722300.0, 6179500.0 ], [ 722200.0, 6179500.0 ], [ 722200.0, 6179600.0 ], [ 722200.0, 6179700.0 ] ] ] } },
{ "type": "Feature", "properties": { "Shape_Area": 70000.0, "Shape_Leng": 1600.0, "cluster_id": "101_775", "fid_1": 775.0, "id_munic": 775.0, "munic_clus": "101_775", "munic_code": 101.0, "min": 3.8537161350250244, "max": 3.8537161350250244, "mean": 3.8537161690848216, "count": 7, "std": 3.4059797204832876e-08, "range": 0.0 }, "geometry": { "type": "Polygon", "coordinates": [ [ [ 719500.0, 6172700.0 ], [ 719400.0, 6172700.0 ], [ 719400.0, 6172800.0 ], [ 719300.0, 6172800.0 ], [ 719300.0, 6172900.0 ], [ 719400.0, 6172900.0 ], [ 719400.0, 6173000.0 ], [ 719500.0, 6173000.0 ], [ 719500.0, 6172900.0 ], [ 719500.0, 6172800.0 ], [ 719600.0, 6172800.0 ], [ 719600.0, 6172700.0 ], [ 719600.0, 6172600.0 ], [ 719600.0, 6172500.0 ], [ 719500.0, 6172500.0 ], [ 719500.0, 6172600.0 ], [ 719500.0, 6172700.0 ] ] ] } },
{ "type": "Feature", "properties": { "Shape_Area": 30000.0, "Shape_Leng": 800.0, "cluster_id": "101_776", "fid_1": 776.0, "id_munic": 776.0, "munic_clus": "101_776", "munic_code": 101.0, "min": 3.7265911102294922, "max": 3.7265911102294922, "mean": 3.7265911102294922, "count": 3, "std": 0.0, "range": 0.0 }, "geometry": { "type": "Polygon", "coordinates": [ [ [ 719600.0, 6172500.0 ], [ 719600.0, 6172600.0 ], [ 719700.0, 6172600.0 ], [ 719700.0, 6172500.0 ], [ 719800.0, 6172500.0 ], [ 719800.0, 6172400.0 ], [ 719700.0, 6172400.0 ], [ 719600.0, 6172400.0 ], [ 719600.0, 6172500.0 ] ] ] } },
{ "type": "Feature", "properties": { "Shape_Area": 20000.0, "Shape_Leng": 600.0, "cluster_id": "101_777", "fid_1": 777.0, "id_munic": 777.0, "munic_clus": "101_777", "munic_code": 101.0, "min": 3.6002998352050781, "max": 3.6002998352050781, "mean": 3.6002998352050781, "count": 2, "std": 0.0, "range": 0.0 }, "geometry": { "type": "Polygon", "coordinates": [ [ [ 720500.0, 6174700.0 ], [ 720500.0, 6174800.0 ], [ 720600.0, 6174800.0 ], [ 720600.0, 6174700.0 ], [ 720600.0, 6174600.0 ], [ 720500.0, 6174600.0 ], [ 720500.0, 6174700.0 ] ] ] } },
{ "type": "Feature", "properties": { "Shape_Area": 20000.0, "Shape_Leng": 600.0, "cluster_id": "101_778", "fid_1": 778.0, "id_munic": 778.0, "munic_clus": "101_778", "munic_code": 101.0, "min": 2.9626798629760742, "max": 2.9626798629760742, "mean": 2.9626798629760742, "count": 2, "std": 0.0, "range": 0.0 }, "geometry": { "type": "Polygon", "coordinates": [ [ [ 720600.0, 6174700.0 ], [ 720600.0, 6174800.0 ], [ 720700.0, 6174800.0 ], [ 720700.0, 6174700.0 ], [ 720700.0, 6174600.0 ], [ 720600.0, 6174600.0 ], [ 720600.0, 6174700.0 ] ] ] } },
{ "type": "Feature", "properties": { "Shape_Area": 40000.0, "Shape_Leng": 1000.0, "cluster_id": "101_779", "fid_1": 779.0, "id_munic": 779.0, "munic_clus": "101_779", "munic_code": 101.0, "min": 2.9331893920898438, "max": 2.9331893920898438, "mean": 2.9331893920898438, "count": 4, "std": 0.0, "range": 0.0 }, "geometry": { "type": "Polygon", "coordinates": [ [ [ 720200.0, 6178600.0 ], [ 720200.0, 6178700.0 ], [ 720200.0, 6178800.0 ], [ 720300.0, 6178800.0 ], [ 720300.0, 6178700.0 ], [ 720300.0, 6178600.0 ], [ 720300.0, 6178500.0 ], [ 720300.0, 6178400.0 ], [ 720200.0, 6178400.0 ], [ 720200.0, 6178500.0 ], [ 720200.0, 6178600.0 ] ] ] } },
{ "type": "Feature", "properties": { "Shape_Area": 10000.0, "Shape_Leng": 400.0, "cluster_id": "101_780", "fid_1": 780.0, "id_munic": 780.0, "munic_clus": "101_780", "munic_code": 101.0, "min": 2.8392205238342285, "max": 2.8392205238342285, "mean": 2.8392205238342285, "count": 1, "std": 0.0, "range": 0.0 }, "geometry": { "type": "Polygon", "coordinates": [ [ [ 722700.0, 6174500.0 ], [ 722700.0, 6174600.0 ], [ 722800.0, 6174600.0 ], [ 722800.0, 6174500.0 ], [ 722700.0, 6174500.0 ] ] ] } },
{ "type": "Feature", "properties": { "Shape_Area": 10000.0, "Shape_Leng": 400.0, "cluster_id": "101_781", "fid_1": 781.0, "id_munic": 781.0, "munic_clus": "101_781", "munic_code": 101.0, "min": 2.5809731483459473, "max": 2.5809731483459473, "mean": 2.5809731483459473, "count": 1, "std": 0.0, "range": 0.0 }, "geometry": { "type": "Polygon", "coordinates": [ [ [ 720600.0, 6174500.0 ], [ 720600.0, 6174600.0 ], [ 720700.0, 6174600.0 ], [ 720700.0, 6174500.0 ], [ 720600.0, 6174500.0 ] ] ] } },
{ "type": "Feature", "properties": { "Shape_Area": 20000.0, "Shape_Leng": 600.0, "cluster_id": "101_782", "fid_1": 782.0, "id_munic": 782.0, "munic_clus": "101_782", "munic_code": 101.0, "min": 3.1614460945129395, "max": 3.1614460945129395, "mean": 3.1614460945129395, "count": 2, "std": 0.0, "range": 0.0 }, "geometry": { "type": "Polygon", "coordinates": [ [ [ 720700.0, 6174600.0 ], [ 720800.0, 6174600.0 ], [ 720900.0, 6174600.0 ], [ 720900.0, 6174500.0 ], [ 720800.0, 6174500.0 ], [ 720700.0, 6174500.0 ], [ 720700.0, 6174600.0 ] ] ] } },
{ "type": "Feature", "properties": { "Shape_Area": 10000.0, "Shape_Leng": 400.0, "cluster_id": "101_783", "fid_1": 783.0, "id_munic": 783.0, "munic_clus": "101_783", "munic_code": 101.0, "min": 2.3902034759521484, "max": 2.3902034759521484, "mean": 2.3902034759521484, "count": 1, "std": 0.0, "range": 0.0 }, "geometry": { "type": "Polygon", "coordinates": [ [ [ 720700.0, 6174700.0 ], [ 720700.0, 6174800.0 ], [ 720800.0, 6174800.0 ], [ 720800.0, 6174700.0 ], [ 720700.0, 6174700.0 ] ] ] } },
{ "type": "Feature", "properties": { "Shape_Area": 50000.0, "Shape_Leng": 1000.0, "cluster_id": "101_784", "fid_1": 784.0, "id_munic": 784.0, "munic_clus": "101_784", "munic_code": 101.0, "min": 2.7899031639099121, "max": 2.7899031639099121, "mean": 2.7899032592773438, "count": 5, "std": 9.5367431729442842e-08, "range": 0.0 }, "geometry": { "type": "Polygon", "coordinates": [ [ [ 720500.0, 6174500.0 ], [ 720400.0, 6174500.0 ], [ 720400.0, 6174600.0 ], [ 720300.0, 6174600.0 ], [ 720300.0, 6174700.0 ], [ 720300.0, 6174800.0 ], [ 720400.0, 6174800.0 ], [ 720500.0, 6174800.0 ], [ 720500.0, 6174700.0 ], [ 720500.0, 6174600.0 ], [ 720500.0, 6174500.0 ] ] ] } },
{ "type": "Feature", "properties": { "Shape_Area": 20000.0, "Shape_Leng": 600.0, "cluster_id": "101_785", "fid_1": 785.0, "id_munic": 785.0, "munic_clus": "101_785", "munic_code": 101.0, "min": 4.2130956649780273, "max": 4.2130956649780273, "mean": 4.2130956649780273, "count": 2, "std": 0.0, "range": 0.0 }, "geometry": { "type": "Polygon", "coordinates": [ [ [ 720200.0, 6174700.0 ], [ 720200.0, 6174800.0 ], [ 720300.0, 6174800.0 ], [ 720300.0, 6174700.0 ], [ 720300.0, 6174600.0 ], [ 720200.0, 6174600.0 ], [ 720200.0, 6174700.0 ] ] ] } },
{ "type": "Feature", "properties": { "Shape_Area": 40000.0, "Shape_Leng": 1000.0, "cluster_id": "101_786", "fid_1": 786.0, "id_munic": 786.0, "munic_clus": "101_786", "munic_code": 101.0, "min": 3.5864713191986084, "max": 3.5864713191986084, "mean": 3.5864713191986084, "count": 4, "std": 0.0, "range": 0.0 }, "geometry": { "type": "Polygon", "coordinates": [ [ [ 720200.0, 6174600.0 ], [ 720100.0, 6174600.0 ], [ 720100.0, 6174700.0 ], [ 720000.0, 6174700.0 ], [ 719900.0, 6174700.0 ], [ 719900.0, 6174800.0 ], [ 720000.0, 6174800.0 ], [ 720100.0, 6174800.0 ], [ 720200.0, 6174800.0 ], [ 720200.0, 6174700.0 ], [ 720200.0, 6174600.0 ] ] ] } },
{ "type": "Feature", "properties": { "Shape_Area": 10000.0, "Shape_Leng": 400.0, "cluster_id": "101_787", "fid_1": 787.0, "id_munic": 787.0, "munic_clus": "101_787", "munic_code": 101.0, "min": 2.9360215663909912, "max": 2.9360215663909912, "mean": 2.9360215663909912, "count": 1, "std": 0.0, "range": 0.0 }, "geometry": { "type": "Polygon", "coordinates": [ [ [ 720500.0, 6174500.0 ], [ 720500.0, 6174600.0 ], [ 720600.0, 6174600.0 ], [ 720600.0, 6174500.0 ], [ 720500.0, 6174500.0 ] ] ] } },
{ "type": "Feature", "properties": { "Shape_Area": 20000.0, "Shape_Leng": 600.0, "cluster_id": "101_788", "fid_1": 788.0, "id_munic": 788.0, "munic_clus": "101_788", "munic_code": 101.0, "min": 2.3720428943634033, "max": 2.3720428943634033, "mean": 2.3720428943634033, "count": 2, "std": 0.0, "range": 0.0 }, "geometry": { "type": "Polygon", "coordinates": [ [ [ 720700.0, 6174700.0 ], [ 720800.0, 6174700.0 ], [ 720900.0, 6174700.0 ], [ 720900.0, 6174600.0 ], [ 720800.0, 6174600.0 ], [ 720700.0, 6174600.0 ], [ 720700.0, 6174700.0 ] ] ] } },
{ "type": "Feature", "properties": { "Shape_Area": 10000.0, "Shape_Leng": 400.0, "cluster_id": "101_789", "fid_1": 789.0, "id_munic": 789.0, "munic_clus": "101_789", "munic_code": 101.0, "min": 3.886538028717041, "max": 3.886538028717041, "mean": 3.886538028717041, "count": 1, "std": 0.0, "range": 0.0 }, "geometry": { "type": "Polygon", "coordinates": [ [ [ 720800.0, 6174700.0 ], [ 720800.0, 6174800.0 ], [ 720900.0, 6174800.0 ], [ 720900.0, 6174700.0 ], [ 720800.0, 6174700.0 ] ] ] } },
{ "type": "Feature", "properties": { "Shape_Area": 20000.0, "Shape_Leng": 600.0, "cluster_id": "101_790", "fid_1": 790.0, "id_munic": 790.0, "munic_clus": "101_790", "munic_code": 101.0, "min": 2.4023661613464355, "max": 2.4023661613464355, "mean": 2.4023661613464355, "count": 2, "std": 0.0, "range": 0.0 }, "geometry": { "type": "Polygon", "coordinates": [ [ [ 719200.0, 6177000.0 ], [ 719200.0, 6177100.0 ], [ 719300.0, 6177100.0 ], [ 719300.0, 6177000.0 ], [ 719300.0, 6176900.0 ], [ 719200.0, 6176900.0 ], [ 719200.0, 6177000.0 ] ] ] } },
{ "type": "Feature", "properties": { "Shape_Area": 20000.0, "Shape_Leng": 600.0, "cluster_id": "101_791", "fid_1": 791.0, "id_munic": 791.0, "munic_clus": "101_791", "munic_code": 101.0, "min": 3.0428192615509033, "max": 3.0428192615509033, "mean": 3.0428192615509033, "count": 2, "std": 0.0, "range": 0.0 }, "geometry": { "type": "Polygon", "coordinates": [ [ [ 720600.0, 6178700.0 ], [ 720600.0, 6178800.0 ], [ 720700.0, 6178800.0 ], [ 720700.0, 6178700.0 ], [ 720700.0, 6178600.0 ], [ 720600.0, 6178600.0 ], [ 720600.0, 6178700.0 ] ] ] } },
{ "type": "Feature", "properties": { "Shape_Area": 20000.0, "Shape_Leng": 600.0, "cluster_id": "101_792", "fid_1": 792.0, "id_munic": 792.0, "munic_clus": "101_792", "munic_code": 101.0, "min": 3.5809736251831055, "max": 3.5809736251831055, "mean": 3.5809736251831055, "count": 2, "std": 0.0, "range": 0.0 }, "geometry": { "type": "Polygon", "coordinates": [ [ [ 720600.0, 6179000.0 ], [ 720700.0, 6179000.0 ], [ 720800.0, 6179000.0 ], [ 720800.0, 6178900.0 ], [ 720700.0, 6178900.0 ], [ 720600.0, 6178900.0 ], [ 720600.0, 6179000.0 ] ] ] } },
{ "type": "Feature", "properties": { "Shape_Area": 40000.0, "Shape_Leng": 800.0, "cluster_id": "101_793", "fid_1": 793.0, "id_munic": 793.0, "munic_clus": "101_793", "munic_code": 101.0, "min": 2.5669784545898438, "max": 2.5669784545898438, "mean": 2.5669784545898438, "count": 4, "std": 0.0, "range": 0.0 }, "geometry": { "type": "Polygon", "coordinates": [ [ [ 719100.0, 6176700.0 ], [ 719000.0, 6176700.0 ], [ 718900.0, 6176700.0 ], [ 718900.0, 6176800.0 ], [ 718900.0, 6176900.0 ], [ 719000.0, 6176900.0 ], [ 719100.0, 6176900.0 ], [ 719100.0, 6176800.0 ], [ 719100.0, 6176700.0 ] ] ] } },
{ "type": "Feature", "properties": { "Shape_Area": 30000.0, "Shape_Leng": 800.0, "cluster_id": "101_794", "fid_1": 794.0, "id_munic": 794.0, "munic_clus": "101_794", "munic_code": 101.0, "min": 3.0511496067047119, "max": 3.0511496067047119, "mean": 3.0511496861775718, "count": 3, "std": 7.947285984855057e-08, "range": 0.0 }, "geometry": { "type": "Polygon", "coordinates": [ [ [ 719100.0, 6177200.0 ], [ 719000.0, 6177200.0 ], [ 719000.0, 6177300.0 ], [ 719100.0, 6177300.0 ], [ 719200.0, 6177300.0 ], [ 719200.0, 6177200.0 ], [ 719200.0, 6177100.0 ], [ 719100.0, 6177100.0 ], [ 719100.0, 6177200.0 ] ] ] } },
{ "type": "Feature", "properties": { "Shape_Area": 10000.0, "Shape_Leng": 400.0, "cluster_id": "101_795", "fid_1": 795.0, "id_munic": 795.0, "munic_clus": "101_795", "munic_code": 101.0, "min": 4.304232120513916, "max": 4.304232120513916, "mean": 4.304232120513916, "count": 1, "std": 0.0, "range": 0.0 }, "geometry": { "type": "Polygon", "coordinates": [ [ [ 718900.0, 6180700.0 ], [ 718900.0, 6180800.0 ], [ 719000.0, 6180800.0 ], [ 719000.0, 6180700.0 ], [ 718900.0, 6180700.0 ] ] ] } },
{ "type": "Feature", "properties": { "Shape_Area": 10000.0, "Shape_Leng": 400.0, "cluster_id": "101_796", "fid_1": 796.0, "id_munic": 796.0, "munic_clus": "101_796", "munic_code": 101.0, "min": 3.6132955551147461, "max": 3.6132955551147461, "mean": 3.6132955551147461, "count": 1, "std": 0.0, "range": 0.0 }, "geometry": { "type": "Polygon", "coordinates": [ [ [ 720300.0, 6178800.0 ], [ 720300.0, 6178900.0 ], [ 720400.0, 6178900.0 ], [ 720400.0, 6178800.0 ], [ 720300.0, 6178800.0 ] ] ] } },
{ "type": "Feature", "properties": { "Shape_Area": 40000.0, "Shape_Leng": 1000.0, "cluster_id": "101_797", "fid_1": 797.0, "id_munic": 797.0, "munic_clus": "101_797", "munic_code": 101.0, "min": 4.356381893157959, "max": 4.356381893157959, "mean": 4.356381893157959, "count": 4, "std": 0.0, "range": 0.0 }, "geometry": { "type": "Polygon", "coordinates": [ [ [ 718700.0, 6180800.0 ], [ 718700.0, 6180900.0 ], [ 718800.0, 6180900.0 ], [ 718800.0, 6180800.0 ], [ 718900.0, 6180800.0 ], [ 718900.0, 6180700.0 ], [ 718800.0, 6180700.0 ], [ 718700.0, 6180700.0 ], [ 718600.0, 6180700.0 ], [ 718600.0, 6180800.0 ], [ 718700.0, 6180800.0 ] ] ] } },
{ "type": "Feature", "properties": { "Shape_Area": 30000.0, "Shape_Leng": 800.0, "cluster_id": "101_798", "fid_1": 798.0, "id_munic": 798.0, "munic_clus": "101_798", "munic_code": 101.0, "min": 4.381040096282959, "max": 4.381040096282959, "mean": 4.3810399373372393, "count": 3, "std": 1.5894571969710114e-07, "range": 0.0 }, "geometry": { "type": "Polygon", "coordinates": [ [ [ 718600.0, 6180500.0 ], [ 718600.0, 6180600.0 ], [ 718700.0, 6180600.0 ], [ 718700.0, 6180500.0 ], [ 718800.0, 6180500.0 ], [ 718800.0, 6180400.0 ], [ 718700.0, 6180400.0 ], [ 718600.0, 6180400.0 ], [ 718600.0, 6180500.0 ] ] ] } },
{ "type": "Feature", "properties": { "Shape_Area": 40000.0, "Shape_Leng": 800.0, "cluster_id": "101_799", "fid_1": 799.0, "id_munic": 799.0, "munic_clus": "101_799", "munic_code": 101.0, "min": 3.6177945137023926, "max": 3.6177945137023926, "mean": 3.6177945137023926, "count": 4, "std": 0.0, "range": 0.0 }, "geometry": { "type": "Polygon", "coordinates": [ [ [ 719200.0, 6180300.0 ], [ 719100.0, 6180300.0 ], [ 719000.0, 6180300.0 ], [ 719000.0, 6180400.0 ], [ 719000.0, 6180500.0 ], [ 719100.0, 6180500.0 ], [ 719200.0, 6180500.0 ], [ 719200.0, 6180400.0 ], [ 719200.0, 6180300.0 ] ] ] } },
{ "type": "Feature", "properties": { "Shape_Area": 80000.0, "Shape_Leng": 1400.0, "cluster_id": "101_800", "fid_1": 800.0, "id_munic": 800.0, "munic_clus": "101_800", "munic_code": 101.0, "min": 4.4588475227355957, "max": 4.4588475227355957, "mean": 4.4588475227355957, "count": 8, "std": 0.0, "range": 0.0 }, "geometry": { "type": "Polygon", "coordinates": [ [ [ 718900.0, 6180100.0 ], [ 718900.0, 6180200.0 ], [ 718800.0, 6180200.0 ], [ 718800.0, 6180300.0 ], [ 718800.0, 6180400.0 ], [ 718800.0, 6180500.0 ], [ 718900.0, 6180500.0 ], [ 719000.0, 6180500.0 ], [ 719000.0, 6180400.0 ], [ 719000.0, 6180300.0 ], [ 719100.0, 6180300.0 ], [ 719100.0, 6180200.0 ], [ 719000.0, 6180200.0 ], [ 719000.0, 6180100.0 ], [ 718900.0, 6180100.0 ] ] ] } },
{ "type": "Feature", "properties": { "Shape_Area": 30000.0, "Shape_Leng": 800.0, "cluster_id": "101_801", "fid_1": 801.0, "id_munic": 801.0, "munic_clus": "101_801", "munic_code": 101.0, "min": 3.361546516418457, "max": 3.361546516418457, "mean": 3.361546516418457, "count": 3, "std": 0.0, "range": 0.0 }, "geometry": { "type": "Polygon", "coordinates": [ [ [ 718400.0, 6180000.0 ], [ 718400.0, 6180100.0 ], [ 718500.0, 6180100.0 ], [ 718500.0, 6180000.0 ], [ 718600.0, 6180000.0 ], [ 718600.0, 6179900.0 ], [ 718500.0, 6179900.0 ], [ 718400.0, 6179900.0 ], [ 718400.0, 6180000.0 ] ] ] } },
{ "type": "Feature", "properties": { "Shape_Area": 110000.0, "Shape_Leng": 1600.0, "cluster_id": "101_802", "fid_1": 802.0, "id_munic": 802.0, "munic_clus": "101_802", "munic_code": 101.0, "min": 2.7822399139404297, "max": 2.7822399139404297, "mean": 2.7822399139404297, "count": 11, "std": 0.0, "range": 0.0 }, "geometry": { "type": "Polygon", "coordinates": [ [ [ 718800.0, 6179600.0 ], [ 718800.0, 6179700.0 ], [ 718800.0, 6179800.0 ], [ 718800.0, 6179900.0 ], [ 718900.0, 6179900.0 ], [ 719000.0, 6179900.0 ], [ 719000.0, 6179800.0 ], [ 719000.0, 6179700.0 ], [ 719000.0, 6179600.0 ], [ 719000.0, 6179500.0 ], [ 719000.0, 6179400.0 ], [ 718900.0, 6179400.0 ], [ 718800.0, 6179400.0 ], [ 718700.0, 6179400.0 ], [ 718700.0, 6179500.0 ], [ 718800.0, 6179500.0 ], [ 718800.0, 6179600.0 ] ] ] } },
{ "type": "Feature", "properties": { "Shape_Area": 30000.0, "Shape_Leng": 800.0, "cluster_id": "101_803", "fid_1": 803.0, "id_munic": 803.0, "munic_clus": "101_803", "munic_code": 101.0, "min": 3.0586473941802979, "max": 3.0586473941802979, "mean": 3.0586474736531577, "count": 3, "std": 7.947285984855057e-08, "range": 0.0 }, "geometry": { "type": "Polygon", "coordinates": [ [ [ 719000.0, 6180000.0 ], [ 719000.0, 6180100.0 ], [ 719000.0, 6180200.0 ], [ 719100.0, 6180200.0 ], [ 719100.0, 6180100.0 ], [ 719100.0, 6180000.0 ], [ 719100.0, 6179900.0 ], [ 719000.0, 6179900.0 ], [ 719000.0, 6180000.0 ] ] ] } },
{ "type": "Feature", "properties": { "Shape_Area": 30000.0, "Shape_Leng": 800.0, "cluster_id": "101_804", "fid_1": 804.0, "id_munic": 804.0, "munic_clus": "101_804", "munic_code": 101.0, "min": 3.367210865020752, "max": 3.367210865020752, "mean": 3.3672110239664712, "count": 3, "std": 1.5894571925301193e-07, "range": 0.0 }, "geometry": { "type": "Polygon", "coordinates": [ [ [ 718600.0, 6179900.0 ], [ 718600.0, 6180000.0 ], [ 718700.0, 6180000.0 ], [ 718700.0, 6179900.0 ], [ 718800.0, 6179900.0 ], [ 718800.0, 6179800.0 ], [ 718700.0, 6179800.0 ], [ 718600.0, 6179800.0 ], [ 718600.0, 6179900.0 ] ] ] } },
{ "type": "Feature", "properties": { "Shape_Area": 20000.0, "Shape_Leng": 600.0, "cluster_id": "101_805", "fid_1": 805.0, "id_munic": 805.0, "munic_clus": "101_805", "munic_code": 101.0, "min": 3.070310115814209, "max": 3.070310115814209, "mean": 3.070310115814209, "count": 2, "std": 0.0, "range": 0.0 }, "geometry": { "type": "Polygon", "coordinates": [ [ [ 717900.0, 6179600.0 ], [ 717900.0, 6179700.0 ], [ 718000.0, 6179700.0 ], [ 718000.0, 6179600.0 ], [ 718000.0, 6179500.0 ], [ 717900.0, 6179500.0 ], [ 717900.0, 6179600.0 ] ] ] } },
{ "type": "Feature", "properties": { "Shape_Area": 290000.0, "Shape_Leng": 3400.0, "cluster_id": "101_806", "fid_1": 806.0, "id_munic": 806.0, "munic_clus": "101_806", "munic_code": 101.0, "min": 3.5813064575195312, "max": 3.5813064575195312, "mean": 3.5813064575195312, "count": 29, "std": 0.0, "range": 0.0 }, "geometry": { "type": "Polygon", "coordinates": [ [ [ 717900.0, 6179800.0 ], [ 717900.0, 6179900.0 ], [ 717900.0, 6180000.0 ], [ 717900.0, 6180100.0 ], [ 717900.0, 6180200.0 ], [ 718000.0, 6180200.0 ], [ 718000.0, 6180300.0 ], [ 718100.0, 6180300.0 ], [ 718200.0, 6180300.0 ], [ 718200.0, 6180400.0 ], [ 718300.0, 6180400.0 ], [ 718400.0, 6180400.0 ], [ 718400.0, 6180300.0 ], [ 718500.0, 6180300.0 ], [ 718500.0, 6180200.0 ], [ 718500.0, 6180100.0 ], [ 718400.0, 6180100.0 ], [ 718300.0, 6180100.0 ], [ 718200.0, 6180100.0 ], [ 718200.0, 6180000.0 ], [ 718100.0, 6180000.0 ], [ 718100.0, 6179900.0 ], [ 718100.0, 6179800.0 ], [ 718200.0, 6179800.0 ], [ 718200.0, 6179700.0 ], [ 718300.0, 6179700.0 ], [ 718300.0, 6179600.0 ], [ 718300.0, 6179500.0 ], [ 718200.0, 6179500.0 ], [ 718100.0, 6179500.0 ], [ 718000.0, 6179500.0 ], [ 718000.0, 6179600.0 ], [ 718000.0, 6179700.0 ], [ 717900.0, 6179700.0 ], [ 717900.0, 6179800.0 ] ] ] } },
{ "type": "Feature", "properties": { "Shape_Area": 130000.0, "Shape_Leng": 1800.0, "cluster_id": "101_807", "fid_1": 807.0, "id_munic": 807.0, "munic_clus": "101_807", "munic_code": 101.0, "min": 4.4916696548461914, "max": 4.4916696548461914, "mean": 4.4916692880483771, "count": 13, "std": 3.6679781434401093e-07, "range": 0.0 }, "geometry": { "type": "Polygon", "coordinates": [ [ [ 718700.0, 6179900.0 ], [ 718700.0, 6180000.0 ], [ 718600.0, 6180000.0 ], [ 718500.0, 6180000.0 ], [ 718500.0, 6180100.0 ], [ 718500.0, 6180200.0 ], [ 718500.0, 6180300.0 ], [ 718600.0, 6180300.0 ], [ 718600.0, 6180200.0 ], [ 718700.0, 6180200.0 ], [ 718800.0, 6180200.0 ], [ 718900.0, 6180200.0 ], [ 718900.0, 6180100.0 ], [ 719000.0, 6180100.0 ], [ 719000.0, 6180000.0 ], [ 719000.0, 6179900.0 ], [ 718900.0, 6179900.0 ], [ 718800.0, 6179900.0 ], [ 718700.0, 6179900.0 ] ] ] } },
{ "type": "Feature", "properties": { "Shape_Area": 20000.0, "Shape_Leng": 600.0, "cluster_id": "101_808", "fid_1": 808.0, "id_munic": 808.0, "munic_clus": "101_808", "munic_code": 101.0, "min": 3.892369270324707, "max": 3.892369270324707, "mean": 3.892369270324707, "count": 2, "std": 0.0, "range": 0.0 }, "geometry": { "type": "Polygon", "coordinates": [ [ [ 718900.0, 6180600.0 ], [ 718900.0, 6180700.0 ], [ 719000.0, 6180700.0 ], [ 719000.0, 6180600.0 ], [ 719000.0, 6180500.0 ], [ 718900.0, 6180500.0 ], [ 718900.0, 6180600.0 ] ] ] } },
{ "type": "Feature", "properties": { "Shape_Area": 10000.0, "Shape_Leng": 400.0, "cluster_id": "101_809", "fid_1": 809.0, "id_munic": 809.0, "munic_clus": "101_809", "munic_code": 101.0, "min": 3.9733421802520752, "max": 3.9733421802520752, "mean": 3.9733421802520752, "count": 1, "std": 0.0, "range": 0.0 }, "geometry": { "type": "Polygon", "coordinates": [ [ [ 718700.0, 6180600.0 ], [ 718700.0, 6180700.0 ], [ 718800.0, 6180700.0 ], [ 718800.0, 6180600.0 ], [ 718700.0, 6180600.0 ] ] ] } },
{ "type": "Feature", "properties": { "Shape_Area": 30000.0, "Shape_Leng": 800.0, "cluster_id": "101_810", "fid_1": 810.0, "id_munic": 810.0, "munic_clus": "101_810", "munic_code": 101.0, "min": 3.500166654586792, "max": 3.500166654586792, "mean": 3.5001665751139321, "count": 3, "std": 7.947285984855057e-08, "range": 0.0 }, "geometry": { "type": "Polygon", "coordinates": [ [ [ 718700.0, 6180600.0 ], [ 718800.0, 6180600.0 ], [ 718800.0, 6180700.0 ], [ 718900.0, 6180700.0 ], [ 718900.0, 6180600.0 ], [ 718900.0, 6180500.0 ], [ 718800.0, 6180500.0 ], [ 718700.0, 6180500.0 ], [ 718700.0, 6180600.0 ] ] ] } },
{ "type": "Feature", "properties": { "Shape_Area": 20000.0, "Shape_Leng": 600.0, "cluster_id": "101_811", "fid_1": 811.0, "id_munic": 811.0, "munic_clus": "101_811", "munic_code": 101.0, "min": 4.2529163360595703, "max": 4.2529163360595703, "mean": 4.2529163360595703, "count": 2, "std": 0.0, "range": 0.0 }, "geometry": { "type": "Polygon", "coordinates": [ [ [ 718700.0, 6180300.0 ], [ 718700.0, 6180400.0 ], [ 718800.0, 6180400.0 ], [ 718800.0, 6180300.0 ], [ 718800.0, 6180200.0 ], [ 718700.0, 6180200.0 ], [ 718700.0, 6180300.0 ] ] ] } },
{ "type": "Feature", "properties": { "Shape_Area": 40000.0, "Shape_Leng": 1000.0, "cluster_id": "101_812", "fid_1": 812.0, "id_munic": 812.0, "munic_clus": "101_812", "munic_code": 101.0, "min": 2.8708767890930176, "max": 2.8708767890930176, "mean": 2.8708767890930176, "count": 4, "std": 0.0, "range": 0.0 }, "geometry": { "type": "Polygon", "coordinates": [ [ [ 719800.0, 6178500.0 ], [ 719800.0, 6178600.0 ], [ 719800.0, 6178700.0 ], [ 719900.0, 6178700.0 ], [ 719900.0, 6178600.0 ], [ 719900.0, 6178500.0 ], [ 719900.0, 6178400.0 ], [ 719900.0, 6178300.0 ], [ 719800.0, 6178300.0 ], [ 719800.0, 6178400.0 ], [ 719800.0, 6178500.0 ] ] ] } },
{ "type": "Feature", "properties": { "Shape_Area": 50000.0, "Shape_Leng": 1000.0, "cluster_id": "101_813", "fid_1": 813.0, "id_munic": 813.0, "munic_clus": "101_813", "munic_code": 101.0, "min": 3.8698770999908447, "max": 3.8698770999908447, "mean": 3.8698772430419921, "count": 5, "std": 1.4305114737211966e-07, "range": 0.0 }, "geometry": { "type": "Polygon", "coordinates": [ [ [ 718200.0, 6180000.0 ], [ 718200.0, 6180100.0 ], [ 718300.0, 6180100.0 ], [ 718400.0, 6180100.0 ], [ 718400.0, 6180000.0 ], [ 718400.0, 6179900.0 ], [ 718300.0, 6179900.0 ], [ 718200.0, 6179900.0 ], [ 718100.0, 6179900.0 ], [ 718100.0, 6180000.0 ], [ 718200.0, 6180000.0 ] ] ] } },
{ "type": "Feature", "properties": { "Shape_Area": 40000.0, "Shape_Leng": 1000.0, "cluster_id": "101_814", "fid_1": 814.0, "id_munic": 814.0, "munic_clus": "101_814", "munic_code": 101.0, "min": 3.981839656829834, "max": 3.981839656829834, "mean": 3.981839656829834, "count": 4, "std": 0.0, "range": 0.0 }, "geometry": { "type": "Polygon", "coordinates": [ [ [ 718300.0, 6179700.0 ], [ 718200.0, 6179700.0 ], [ 718200.0, 6179800.0 ], [ 718100.0, 6179800.0 ], [ 718100.0, 6179900.0 ], [ 718200.0, 6179900.0 ], [ 718300.0, 6179900.0 ], [ 718400.0, 6179900.0 ], [ 718400.0, 6179800.0 ], [ 718300.0, 6179800.0 ], [ 718300.0, 6179700.0 ] ] ] } },
{ "type": "Feature", "properties": { "Shape_Area": 50000.0, "Shape_Leng": 1000.0, "cluster_id": "101_815", "fid_1": 815.0, "id_munic": 815.0, "munic_clus": "101_815", "munic_code": 101.0, "min": 2.5791406631469727, "max": 2.5791406631469727, "mean": 2.5791406631469727, "count": 5, "std": 0.0, "range": 0.0 }, "geometry": { "type": "Polygon", "coordinates": [ [ [ 718800.0, 6179500.0 ], [ 718700.0, 6179500.0 ], [ 718600.0, 6179500.0 ], [ 718600.0, 6179600.0 ], [ 718600.0, 6179700.0 ], [ 718700.0, 6179700.0 ], [ 718700.0, 6179800.0 ], [ 718800.0, 6179800.0 ], [ 718800.0, 6179700.0 ], [ 718800.0, 6179600.0 ], [ 718800.0, 6179500.0 ] ] ] } },
{ "type": "Feature", "properties": { "Shape_Area": 100000.0, "Shape_Leng": 1800.0, "cluster_id": "101_816", "fid_1": 816.0, "id_munic": 816.0, "munic_clus": "101_816", "munic_code": 101.0, "min": 3.5583136081695557, "max": 3.5583136081695557, "mean": 3.558313751220703, "count": 10, "std": 1.4305114737211966e-07, "range": 0.0 }, "geometry": { "type": "Polygon", "coordinates": [ [ [ 718400.0, 6180300.0 ], [ 718400.0, 6180400.0 ], [ 718300.0, 6180400.0 ], [ 718300.0, 6180500.0 ], [ 718400.0, 6180500.0 ], [ 718400.0, 6180600.0 ], [ 718400.0, 6180700.0 ], [ 718500.0, 6180700.0 ], [ 718500.0, 6180800.0 ], [ 718600.0, 6180800.0 ], [ 718600.0, 6180700.0 ], [ 718700.0, 6180700.0 ], [ 718700.0, 6180600.0 ], [ 718600.0, 6180600.0 ], [ 718600.0, 6180500.0 ], [ 718600.0, 6180400.0 ], [ 718500.0, 6180400.0 ], [ 718500.0, 6180300.0 ], [ 718400.0, 6180300.0 ] ] ] } },
{ "type": "Feature", "properties": { "Shape_Area": 30000.0, "Shape_Leng": 800.0, "cluster_id": "101_817", "fid_1": 817.0, "id_munic": 817.0, "munic_clus": "101_817", "munic_code": 101.0, "min": 4.1311230659484863, "max": 4.1311230659484863, "mean": 4.131123224894206, "count": 3, "std": 1.5894571969710114e-07, "range": 0.0 }, "geometry": { "type": "Polygon", "coordinates": [ [ [ 718600.0, 6180300.0 ], [ 718500.0, 6180300.0 ], [ 718500.0, 6180400.0 ], [ 718600.0, 6180400.0 ], [ 718700.0, 6180400.0 ], [ 718700.0, 6180300.0 ], [ 718700.0, 6180200.0 ], [ 718600.0, 6180200.0 ], [ 718600.0, 6180300.0 ] ] ] } },
{ "type": "Feature", "properties": { "Shape_Area": 40000.0, "Shape_Leng": 800.0, "cluster_id": "101_818", "fid_1": 818.0, "id_munic": 818.0, "munic_clus": "101_818", "munic_code": 101.0, "min": 2.013329029083252, "max": 2.013329029083252, "mean": 2.013329029083252, "count": 4, "std": 0.0, "range": 0.0 }, "geometry": { "type": "Polygon", "coordinates": [ [ [ 721900.0, 6179300.0 ], [ 721800.0, 6179300.0 ], [ 721700.0, 6179300.0 ], [ 721700.0, 6179400.0 ], [ 721700.0, 6179500.0 ], [ 721800.0, 6179500.0 ], [ 721900.0, 6179500.0 ], [ 721900.0, 6179400.0 ], [ 721900.0, 6179300.0 ] ] ] } },
{ "type": "Feature", "properties": { "Shape_Area": 30000.0, "Shape_Leng": 800.0, "cluster_id": "101_819", "fid_1": 819.0, "id_munic": 819.0, "munic_clus": "101_819", "munic_code": 101.0, "min": 2.7510828971862793, "max": 2.7510828971862793, "mean": 2.75108273824056, "count": 3, "std": 1.5894571925301193e-07, "range": 0.0 }, "geometry": { "type": "Polygon", "coordinates": [ [ [ 721500.0, 6179400.0 ], [ 721600.0, 6179400.0 ], [ 721600.0, 6179500.0 ], [ 721700.0, 6179500.0 ], [ 721700.0, 6179400.0 ], [ 721700.0, 6179300.0 ], [ 721600.0, 6179300.0 ], [ 721500.0, 6179300.0 ], [ 721500.0, 6179400.0 ] ] ] } },
{ "type": "Feature", "properties": { "Shape_Area": 20000.0, "Shape_Leng": 600.0, "cluster_id": "101_820", "fid_1": 820.0, "id_munic": 820.0, "munic_clus": "101_820", "munic_code": 101.0, "min": 2.8503830432891846, "max": 2.8503830432891846, "mean": 2.8503830432891846, "count": 2, "std": 0.0, "range": 0.0 }, "geometry": { "type": "Polygon", "coordinates": [ [ [ 720000.0, 6178000.0 ], [ 720100.0, 6178000.0 ], [ 720200.0, 6178000.0 ], [ 720200.0, 6177900.0 ], [ 720100.0, 6177900.0 ], [ 720000.0, 6177900.0 ], [ 720000.0, 6178000.0 ] ] ] } },
{ "type": "Feature", "properties": { "Shape_Area": 20000.0, "Shape_Leng": 600.0, "cluster_id": "101_821", "fid_1": 821.0, "id_munic": 821.0, "munic_clus": "101_821", "munic_code": 101.0, "min": 3.7314231395721436, "max": 3.7314231395721436, "mean": 3.7314231395721436, "count": 2, "std": 0.0, "range": 0.0 }, "geometry": { "type": "Polygon", "coordinates": [ [ [ 721700.0, 6179600.0 ], [ 721800.0, 6179600.0 ], [ 721900.0, 6179600.0 ], [ 721900.0, 6179500.0 ], [ 721800.0, 6179500.0 ], [ 721700.0, 6179500.0 ], [ 721700.0, 6179600.0 ] ] ] } },
{ "type": "Feature", "properties": { "Shape_Area": 10000.0, "Shape_Leng": 400.0, "cluster_id": "101_822", "fid_1": 822.0, "id_munic": 822.0, "munic_clus": "101_822", "munic_code": 101.0, "min": 3.2174272537231445, "max": 3.2174272537231445, "mean": 3.2174272537231445, "count": 1, "std": 0.0, "range": 0.0 }, "geometry": { "type": "Polygon", "coordinates": [ [ [ 721600.0, 6178800.0 ], [ 721600.0, 6178900.0 ], [ 721700.0, 6178900.0 ], [ 721700.0, 6178800.0 ], [ 721600.0, 6178800.0 ] ] ] } },
{ "type": "Feature", "properties": { "Shape_Area": 30000.0, "Shape_Leng": 800.0, "cluster_id": "101_823", "fid_1": 823.0, "id_munic": 823.0, "munic_clus": "101_823", "munic_code": 101.0, "min": 2.8655447959899902, "max": 2.8655447959899902, "mean": 2.865544637044271, "count": 3, "std": 1.5894571925301193e-07, "range": 0.0 }, "geometry": { "type": "Polygon", "coordinates": [ [ [ 721500.0, 6178900.0 ], [ 721400.0, 6178900.0 ], [ 721400.0, 6179000.0 ], [ 721500.0, 6179000.0 ], [ 721600.0, 6179000.0 ], [ 721600.0, 6178900.0 ], [ 721600.0, 6178800.0 ], [ 721500.0, 6178800.0 ], [ 721500.0, 6178900.0 ] ] ] } },
{ "type": "Feature", "properties": { "Shape_Area": 50000.0, "Shape_Leng": 1000.0, "cluster_id": "101_824", "fid_1": 824.0, "id_munic": 824.0, "munic_clus": "101_824", "munic_code": 101.0, "min": 2.45601487159729, "max": 2.45601487159729, "mean": 2.4560148239135744, "count": 5, "std": 4.7683715642676816e-08, "range": 0.0 }, "geometry": { "type": "Polygon", "coordinates": [ [ [ 721900.0, 6179100.0 ], [ 721800.0, 6179100.0 ], [ 721700.0, 6179100.0 ], [ 721700.0, 6179200.0 ], [ 721600.0, 6179200.0 ], [ 721600.0, 6179300.0 ], [ 721700.0, 6179300.0 ], [ 721800.0, 6179300.0 ], [ 721900.0, 6179300.0 ], [ 721900.0, 6179200.0 ], [ 721900.0, 6179100.0 ] ] ] } },
{ "type": "Feature", "properties": { "Shape_Area": 30000.0, "Shape_Leng": 800.0, "cluster_id": "101_825", "fid_1": 825.0, "id_munic": 825.0, "munic_clus": "101_825", "munic_code": 101.0, "min": 3.2620794773101807, "max": 3.2620794773101807, "mean": 3.2620795567830405, "count": 3, "std": 7.947285984855057e-08, "range": 0.0 }, "geometry": { "type": "Polygon", "coordinates": [ [ [ 719300.0, 6173500.0 ], [ 719300.0, 6173600.0 ], [ 719400.0, 6173600.0 ], [ 719500.0, 6173600.0 ], [ 719500.0, 6173500.0 ], [ 719400.0, 6173500.0 ], [ 719400.0, 6173400.0 ], [ 719300.0, 6173400.0 ], [ 719300.0, 6173500.0 ] ] ] } },
{ "type": "Feature", "properties": { "Shape_Area": 70000.0, "Shape_Leng": 1200.0, "cluster_id": "101_826", "fid_1": 826.0, "id_munic": 826.0, "munic_clus": "101_826", "munic_code": 101.0, "min": 3.556814432144165, "max": 3.556814432144165, "mean": 3.5568144662039622, "count": 7, "std": 3.4059797204832876e-08, "range": 0.0 }, "geometry": { "type": "Polygon", "coordinates": [ [ [ 721000.0, 6178700.0 ], [ 721000.0, 6178800.0 ], [ 721000.0, 6178900.0 ], [ 721000.0, 6179000.0 ], [ 721100.0, 6179000.0 ], [ 721200.0, 6179000.0 ], [ 721200.0, 6178900.0 ], [ 721200.0, 6178800.0 ], [ 721200.0, 6178700.0 ], [ 721200.0, 6178600.0 ], [ 721100.0, 6178600.0 ], [ 721100.0, 6178700.0 ], [ 721000.0, 6178700.0 ] ] ] } },
{ "type": "Feature", "properties": { "Shape_Area": 10000.0, "Shape_Leng": 400.0, "cluster_id": "101_827", "fid_1": 827.0, "id_munic": 827.0, "munic_clus": "101_827", "munic_code": 101.0, "min": 3.4161949157714844, "max": 3.4161949157714844, "mean": 3.4161949157714844, "count": 1, "std": 0.0, "range": 0.0 }, "geometry": { "type": "Polygon", "coordinates": [ [ [ 721700.0, 6180600.0 ], [ 721700.0, 6180700.0 ], [ 721800.0, 6180700.0 ], [ 721800.0, 6180600.0 ], [ 721700.0, 6180600.0 ] ] ] } },
{ "type": "Feature", "properties": { "Shape_Area": 60000.0, "Shape_Leng": 1200.0, "cluster_id": "101_828", "fid_1": 828.0, "id_munic": 828.0, "munic_clus": "101_828", "munic_code": 101.0, "min": 3.6546151638031006, "max": 3.6546151638031006, "mean": 3.6546150843302407, "count": 6, "std": 7.947285984855057e-08, "range": 0.0 }, "geometry": { "type": "Polygon", "coordinates": [ [ [ 721000.0, 6179600.0 ], [ 721000.0, 6179700.0 ], [ 721100.0, 6179700.0 ], [ 721100.0, 6179800.0 ], [ 721200.0, 6179800.0 ], [ 721200.0, 6179700.0 ], [ 721200.0, 6179600.0 ], [ 721200.0, 6179500.0 ], [ 721100.0, 6179500.0 ], [ 721000.0, 6179500.0 ], [ 720900.0, 6179500.0 ], [ 720900.0, 6179600.0 ], [ 721000.0, 6179600.0 ] ] ] } },
{ "type": "Feature", "properties": { "Shape_Area": 50000.0, "Shape_Leng": 1200.0, "cluster_id": "101_829", "fid_1": 829.0, "id_munic": 829.0, "munic_clus": "101_829", "munic_code": 101.0, "min": 2.8153951168060303, "max": 2.8153951168060303, "mean": 2.8153949737548829, "count": 5, "std": 1.4305114737211966e-07, "range": 0.0 }, "geometry": { "type": "Polygon", "coordinates": [ [ [ 720900.0, 6179800.0 ], [ 721000.0, 6179800.0 ], [ 721000.0, 6179900.0 ], [ 721000.0, 6180000.0 ], [ 721100.0, 6180000.0 ], [ 721100.0, 6179900.0 ], [ 721100.0, 6179800.0 ], [ 721100.0, 6179700.0 ], [ 721000.0, 6179700.0 ], [ 721000.0, 6179600.0 ], [ 720900.0, 6179600.0 ], [ 720900.0, 6179700.0 ], [ 720900.0, 6179800.0 ] ] ] } },
{ "type": "Feature", "properties": { "Shape_Area": 30000.0, "Shape_Leng": 800.0, "cluster_id": "101_830", "fid_1": 830.0, "id_munic": 830.0, "munic_clus": "101_830", "munic_code": 101.0, "min": 3.4631791114807129, "max": 3.4631791114807129, "mean": 3.4631792704264321, "count": 3, "std": 1.5894571925301193e-07, "range": 0.0 }, "geometry": { "type": "Polygon", "coordinates": [ [ [ 721600.0, 6180500.0 ], [ 721700.0, 6180500.0 ], [ 721700.0, 6180600.0 ], [ 721800.0, 6180600.0 ], [ 721800.0, 6180500.0 ], [ 721800.0, 6180400.0 ], [ 721700.0, 6180400.0 ], [ 721600.0, 6180400.0 ], [ 721600.0, 6180500.0 ] ] ] } },
{ "type": "Feature", "properties": { "Shape_Area": 170000.0, "Shape_Leng": 1800.0, "cluster_id": "101_831", "fid_1": 831.0, "id_munic": 831.0, "munic_clus": "101_831", "munic_code": 101.0, "min": 3.266578197479248, "max": 3.266578197479248, "mean": 3.2665782255284928, "count": 17, "std": 2.8049244704675402e-08, "range": 0.0 }, "geometry": { "type": "Polygon", "coordinates": [ [ [ 721500.0, 6180100.0 ], [ 721400.0, 6180100.0 ], [ 721300.0, 6180100.0 ], [ 721300.0, 6180200.0 ], [ 721300.0, 6180300.0 ], [ 721400.0, 6180300.0 ], [ 721400.0, 6180400.0 ], [ 721500.0, 6180400.0 ], [ 721600.0, 6180400.0 ], [ 721700.0, 6180400.0 ], [ 721800.0, 6180400.0 ], [ 721800.0, 6180300.0 ], [ 721800.0, 6180200.0 ], [ 721800.0, 6180100.0 ], [ 721800.0, 6180000.0 ], [ 721700.0, 6180000.0 ], [ 721600.0, 6180000.0 ], [ 721500.0, 6180000.0 ], [ 721500.0, 6180100.0 ] ] ] } },
{ "type": "Feature", "properties": { "Shape_Area": 110000.0, "Shape_Leng": 1600.0, "cluster_id": "101_832", "fid_1": 832.0, "id_munic": 832.0, "munic_clus": "101_832", "munic_code": 101.0, "min": 3.2452518939971924, "max": 3.2452518939971924, "mean": 3.2452517422762783, "count": 11, "std": 1.5172091405446508e-07, "range": 0.0 }, "geometry": { "type": "Polygon", "coordinates": [ [ [ 721500.0, 6179800.0 ], [ 721500.0, 6179900.0 ], [ 721500.0, 6180000.0 ], [ 721600.0, 6180000.0 ], [ 721700.0, 6180000.0 ], [ 721800.0, 6180000.0 ], [ 721800.0, 6179900.0 ], [ 721900.0, 6179900.0 ], [ 721900.0, 6179800.0 ], [ 721900.0, 6179700.0 ], [ 721800.0, 6179700.0 ], [ 721700.0, 6179700.0 ], [ 721700.0, 6179600.0 ], [ 721600.0, 6179600.0 ], [ 721600.0, 6179700.0 ], [ 721600.0, 6179800.0 ], [ 721500.0, 6179800.0 ] ] ] } },
{ "type": "Feature", "properties": { "Shape_Area": 220000.0, "Shape_Leng": 2200.0, "cluster_id": "101_833", "fid_1": 833.0, "id_munic": 833.0, "munic_clus": "101_833", "munic_code": 101.0, "min": 3.4011998176574707, "max": 3.4011998176574707, "mean": 3.4012000344016333, "count": 22, "std": 2.1674416261774351e-07, "range": 0.0 }, "geometry": { "type": "Polygon", "coordinates": [ [ [ 721300.0, 6179600.0 ], [ 721200.0, 6179600.0 ], [ 721200.0, 6179700.0 ], [ 721200.0, 6179800.0 ], [ 721100.0, 6179800.0 ], [ 721100.0, 6179900.0 ], [ 721100.0, 6180000.0 ], [ 721100.0, 6180100.0 ], [ 721100.0, 6180200.0 ], [ 721200.0, 6180200.0 ], [ 721300.0, 6180200.0 ], [ 721300.0, 6180100.0 ], [ 721400.0, 6180100.0 ], [ 721500.0, 6180100.0 ], [ 721500.0, 6180000.0 ], [ 721500.0, 6179900.0 ], [ 721500.0, 6179800.0 ], [ 721600.0, 6179800.0 ], [ 721600.0, 6179700.0 ], [ 721600.0, 6179600.0 ], [ 721500.0, 6179600.0 ], [ 721400.0, 6179600.0 ], [ 721300.0, 6179600.0 ] ] ] } },
{ "type": "Feature", "properties": { "Shape_Area": 20000.0, "Shape_Leng": 600.0, "cluster_id": "101_834", "fid_1": 834.0, "id_munic": 834.0, "munic_clus": "101_834", "munic_code": 101.0, "min": 3.665611743927002, "max": 3.665611743927002, "mean": 3.665611743927002, "count": 2, "std": 0.0, "range": 0.0 }, "geometry": { "type": "Polygon", "coordinates": [ [ [ 720600.0, 6177500.0 ], [ 720700.0, 6177500.0 ], [ 720800.0, 6177500.0 ], [ 720800.0, 6177400.0 ], [ 720700.0, 6177400.0 ], [ 720600.0, 6177400.0 ], [ 720600.0, 6177500.0 ] ] ] } },
{ "type": "Feature", "properties": { "Shape_Area": 20000.0, "Shape_Leng": 600.0, "cluster_id": "101_835", "fid_1": 835.0, "id_munic": 835.0, "munic_clus": "101_835", "munic_code": 101.0, "min": 3.4876706600189209, "max": 3.4876706600189209, "mean": 3.4876706600189209, "count": 2, "std": 0.0, "range": 0.0 }, "geometry": { "type": "Polygon", "coordinates": [ [ [ 720600.0, 6177400.0 ], [ 720700.0, 6177400.0 ], [ 720800.0, 6177400.0 ], [ 720800.0, 6177300.0 ], [ 720700.0, 6177300.0 ], [ 720600.0, 6177300.0 ], [ 720600.0, 6177400.0 ] ] ] } },
{ "type": "Feature", "properties": { "Shape_Area": 30000.0, "Shape_Leng": 800.0, "cluster_id": "101_836", "fid_1": 836.0, "id_munic": 836.0, "munic_clus": "101_836", "munic_code": 101.0, "min": 2.5749750137329102, "max": 2.5749750137329102, "mean": 2.5749750137329102, "count": 3, "std": 0.0, "range": 0.0 }, "geometry": { "type": "Polygon", "coordinates": [ [ [ 720800.0, 6177300.0 ], [ 720800.0, 6177400.0 ], [ 720900.0, 6177400.0 ], [ 720900.0, 6177300.0 ], [ 721000.0, 6177300.0 ], [ 721000.0, 6177200.0 ], [ 720900.0, 6177200.0 ], [ 720800.0, 6177200.0 ], [ 720800.0, 6177300.0 ] ] ] } },
{ "type": "Feature", "properties": { "Shape_Area": 50000.0, "Shape_Leng": 1000.0, "cluster_id": "101_837", "fid_1": 837.0, "id_munic": 837.0, "munic_clus": "101_837", "munic_code": 101.0, "min": 3.0296568870544434, "max": 3.0296568870544434, "mean": 3.0296569824218751, "count": 5, "std": 9.5367431729442842e-08, "range": 0.0 }, "geometry": { "type": "Polygon", "coordinates": [ [ [ 720600.0, 6177300.0 ], [ 720500.0, 6177300.0 ], [ 720500.0, 6177400.0 ], [ 720400.0, 6177400.0 ], [ 720400.0, 6177500.0 ], [ 720400.0, 6177600.0 ], [ 720500.0, 6177600.0 ], [ 720600.0, 6177600.0 ], [ 720600.0, 6177500.0 ], [ 720600.0, 6177400.0 ], [ 720600.0, 6177300.0 ] ] ] } },
{ "type": "Feature", "properties": { "Shape_Area": 60000.0, "Shape_Leng": 1200.0, "cluster_id": "101_838", "fid_1": 838.0, "id_munic": 838.0, "munic_clus": "101_838", "munic_code": 101.0, "min": 2.4888372421264648, "max": 2.4888372421264648, "mean": 2.4888372421264648, "count": 6, "std": 0.0, "range": 0.0 }, "geometry": { "type": "Polygon", "coordinates": [ [ [ 719800.0, 6178200.0 ], [ 719800.0, 6178300.0 ], [ 719900.0, 6178300.0 ], [ 719900.0, 6178400.0 ], [ 720000.0, 6178400.0 ], [ 720100.0, 6178400.0 ], [ 720100.0, 6178300.0 ], [ 720100.0, 6178200.0 ], [ 720000.0, 6178200.0 ], [ 720000.0, 6178100.0 ], [ 719900.0, 6178100.0 ], [ 719900.0, 6178200.0 ], [ 719800.0, 6178200.0 ] ] ] } },
{ "type": "Feature", "properties": { "Shape_Area": 20000.0, "Shape_Leng": 600.0, "cluster_id": "101_839", "fid_1": 839.0, "id_munic": 839.0, "munic_clus": "101_839", "munic_code": 101.0, "min": 3.2619132995605469, "max": 3.2619132995605469, "mean": 3.2619132995605469, "count": 2, "std": 0.0, "range": 0.0 }, "geometry": { "type": "Polygon", "coordinates": [ [ [ 720500.0, 6177200.0 ], [ 720500.0, 6177300.0 ], [ 720600.0, 6177300.0 ], [ 720600.0, 6177200.0 ], [ 720600.0, 6177100.0 ], [ 720500.0, 6177100.0 ], [ 720500.0, 6177200.0 ] ] ] } },
{ "type": "Feature", "properties": { "Shape_Area": 40000.0, "Shape_Leng": 800.0, "cluster_id": "101_840", "fid_1": 840.0, "id_munic": 840.0, "munic_clus": "101_840", "munic_code": 101.0, "min": 3.3633792400360107, "max": 3.3633792400360107, "mean": 3.3633792400360107, "count": 4, "std": 0.0, "range": 0.0 }, "geometry": { "type": "Polygon", "coordinates": [ [ [ 720800.0, 6177100.0 ], [ 720700.0, 6177100.0 ], [ 720600.0, 6177100.0 ], [ 720600.0, 6177200.0 ], [ 720600.0, 6177300.0 ], [ 720700.0, 6177300.0 ], [ 720800.0, 6177300.0 ], [ 720800.0, 6177200.0 ], [ 720800.0, 6177100.0 ] ] ] } },
{ "type": "Feature", "properties": { "Shape_Area": 20000.0, "Shape_Leng": 600.0, "cluster_id": "101_841", "fid_1": 841.0, "id_munic": 841.0, "munic_clus": "101_841", "munic_code": 101.0, "min": 3.926525354385376, "max": 3.926525354385376, "mean": 3.926525354385376, "count": 2, "std": 0.0, "range": 0.0 }, "geometry": { "type": "Polygon", "coordinates": [ [ [ 717300.0, 6179700.0 ], [ 717400.0, 6179700.0 ], [ 717500.0, 6179700.0 ], [ 717500.0, 6179600.0 ], [ 717400.0, 6179600.0 ], [ 717300.0, 6179600.0 ], [ 717300.0, 6179700.0 ] ] ] } },
{ "type": "Feature", "properties": { "Shape_Area": 40000.0, "Shape_Leng": 800.0, "cluster_id": "101_842", "fid_1": 842.0, "id_munic": 842.0, "munic_clus": "101_842", "munic_code": 101.0, "min": 2.4316902160644531, "max": 2.4316902160644531, "mean": 2.4316902160644531, "count": 4, "std": 0.0, "range": 0.0 }, "geometry": { "type": "Polygon", "coordinates": [ [ [ 717400.0, 6179700.0 ], [ 717300.0, 6179700.0 ], [ 717200.0, 6179700.0 ], [ 717200.0, 6179800.0 ], [ 717200.0, 6179900.0 ], [ 717300.0, 6179900.0 ], [ 717400.0, 6179900.0 ], [ 717400.0, 6179800.0 ], [ 717400.0, 6179700.0 ] ] ] } },
{ "type": "Feature", "properties": { "Shape_Area": 60000.0, "Shape_Leng": 1400.0, "cluster_id": "101_843", "fid_1": 843.0, "id_munic": 843.0, "munic_clus": "101_843", "munic_code": 101.0, "min": 3.5808064937591553, "max": 3.5808064937591553, "mean": 3.5808064142862954, "count": 6, "std": 7.947285984855057e-08, "range": 0.0 }, "geometry": { "type": "Polygon", "coordinates": [ [ [ 717400.0, 6179600.0 ], [ 717500.0, 6179600.0 ], [ 717500.0, 6179700.0 ], [ 717400.0, 6179700.0 ], [ 717400.0, 6179800.0 ], [ 717500.0, 6179800.0 ], [ 717600.0, 6179800.0 ], [ 717600.0, 6179700.0 ], [ 717600.0, 6179600.0 ], [ 717600.0, 6179500.0 ], [ 717500.0, 6179500.0 ], [ 717500.0, 6179400.0 ], [ 717400.0, 6179400.0 ], [ 717400.0, 6179500.0 ], [ 717400.0, 6179600.0 ] ] ] } },
{ "type": "Feature", "properties": { "Shape_Area": 90000.0, "Shape_Leng": 1400.0, "cluster_id": "101_844", "fid_1": 844.0, "id_munic": 844.0, "munic_clus": "101_844", "munic_code": 101.0, "min": 3.7647452354431152, "max": 3.7647452354431152, "mean": 3.764745076497396, "count": 9, "std": 1.5894571925301193e-07, "range": 0.0 }, "geometry": { "type": "Polygon", "coordinates": [ [ [ 717500.0, 6179100.0 ], [ 717400.0, 6179100.0 ], [ 717400.0, 6179200.0 ], [ 717400.0, 6179300.0 ], [ 717500.0, 6179300.0 ], [ 717500.0, 6179400.0 ], [ 717600.0, 6179400.0 ], [ 717700.0, 6179400.0 ], [ 717800.0, 6179400.0 ], [ 717800.0, 6179300.0 ], [ 717800.0, 6179200.0 ], [ 717700.0, 6179200.0 ], [ 717600.0, 6179200.0 ], [ 717600.0, 6179100.0 ], [ 717500.0, 6179100.0 ] ] ] } },
{ "type": "Feature", "properties": { "Shape_Area": 350000.0, "Shape_Leng": 3000.0, "cluster_id": "101_845", "fid_1": 845.0, "id_munic": 845.0, "munic_clus": "101_845", "munic_code": 101.0, "min": 3.7555818557739258, "max": 3.7555818557739258, "mean": 3.7555816650390623, "count": 35, "std": 1.9073486345888568e-07, "range": 0.0 }, "geometry": { "type": "Polygon", "coordinates": [ [ [ 716900.0, 6179200.0 ], [ 716900.0, 6179300.0 ], [ 716900.0, 6179400.0 ], [ 716900.0, 6179500.0 ], [ 717000.0, 6179500.0 ], [ 717000.0, 6179600.0 ], [ 717100.0, 6179600.0 ], [ 717100.0, 6179700.0 ], [ 717200.0, 6179700.0 ], [ 717300.0, 6179700.0 ], [ 717300.0, 6179600.0 ], [ 717400.0, 6179600.0 ], [ 717400.0, 6179500.0 ], [ 717400.0, 6179400.0 ], [ 717500.0, 6179400.0 ], [ 717500.0, 6179300.0 ], [ 717400.0, 6179300.0 ], [ 717400.0, 6179200.0 ], [ 717400.0, 6179100.0 ], [ 717400.0, 6179000.0 ], [ 717300.0, 6179000.0 ], [ 717300.0, 6178900.0 ], [ 717200.0, 6178900.0 ], [ 717100.0, 6178900.0 ], [ 717100.0, 6178800.0 ], [ 717000.0, 6178800.0 ], [ 717000.0, 6178900.0 ], [ 717000.0, 6179000.0 ], [ 717000.0, 6179100.0 ], [ 716900.0, 6179100.0 ], [ 716900.0, 6179200.0 ] ] ] } },
{ "type": "Feature", "properties": { "Shape_Area": 10000.0, "Shape_Leng": 400.0, "cluster_id": "101_846", "fid_1": 846.0, "id_munic": 846.0, "munic_clus": "101_846", "munic_code": 101.0, "min": 2.7970678806304932, "max": 2.7970678806304932, "mean": 2.7970678806304932, "count": 1, "std": 0.0, "range": 0.0 }, "geometry": { "type": "Polygon", "coordinates": [ [ [ 725400.0, 6178100.0 ], [ 725400.0, 6178200.0 ], [ 725500.0, 6178200.0 ], [ 725500.0, 6178100.0 ], [ 725400.0, 6178100.0 ] ] ] } },
{ "type": "Feature", "properties": { "Shape_Area": 20000.0, "Shape_Leng": 600.0, "cluster_id": "101_847", "fid_1": 847.0, "id_munic": 847.0, "munic_clus": "101_847", "munic_code": 101.0, "min": 2.8047318458557129, "max": 2.8047318458557129, "mean": 2.8047318458557129, "count": 2, "std": 0.0, "range": 0.0 }, "geometry": { "type": "Polygon", "coordinates": [ [ [ 725300.0, 6178200.0 ], [ 725300.0, 6178300.0 ], [ 725400.0, 6178300.0 ], [ 725400.0, 6178200.0 ], [ 725400.0, 6178100.0 ], [ 725300.0, 6178100.0 ], [ 725300.0, 6178200.0 ] ] ] } },
{ "type": "Feature", "properties": { "Shape_Area": 110000.0, "Shape_Leng": 1600.0, "cluster_id": "101_848", "fid_1": 848.0, "id_munic": 848.0, "munic_clus": "101_848", "munic_code": 101.0, "min": 3.2754085063934326, "max": 3.2754085063934326, "mean": 3.2754086581143467, "count": 11, "std": 1.5172091405446508e-07, "range": 0.0 }, "geometry": { "type": "Polygon", "coordinates": [ [ [ 725200.0, 6177800.0 ], [ 725200.0, 6177900.0 ], [ 725100.0, 6177900.0 ], [ 725100.0, 6178000.0 ], [ 725000.0, 6178000.0 ], [ 725000.0, 6178100.0 ], [ 725100.0, 6178100.0 ], [ 725100.0, 6178200.0 ], [ 725200.0, 6178200.0 ], [ 725300.0, 6178200.0 ], [ 725300.0, 6178100.0 ], [ 725400.0, 6178100.0 ], [ 725400.0, 6178000.0 ], [ 725400.0, 6177900.0 ], [ 725400.0, 6177800.0 ], [ 725300.0, 6177800.0 ], [ 725200.0, 6177800.0 ] ] ] } },
{ "type": "Feature", "properties": { "Shape_Area": 30000.0, "Shape_Leng": 800.0, "cluster_id": "101_849", "fid_1": 849.0, "id_munic": 849.0, "munic_clus": "101_849", "munic_code": 101.0, "min": 3.1569478511810303, "max": 3.1569478511810303, "mean": 3.1569477717081704, "count": 3, "std": 7.947285984855057e-08, "range": 0.0 }, "geometry": { "type": "Polygon", "coordinates": [ [ [ 725400.0, 6178300.0 ], [ 725500.0, 6178300.0 ], [ 725500.0, 6178400.0 ], [ 725600.0, 6178400.0 ], [ 725600.0, 6178300.0 ], [ 725600.0, 6178200.0 ], [ 725500.0, 6178200.0 ], [ 725400.0, 6178200.0 ], [ 725400.0, 6178300.0 ] ] ] } },
{ "type": "Feature", "properties": { "Shape_Area": 40000.0, "Shape_Leng": 1000.0, "cluster_id": "101_850", "fid_1": 850.0, "id_munic": 850.0, "munic_clus": "101_850", "munic_code": 101.0, "min": 3.4631786346435547, "max": 3.4631786346435547, "mean": 3.4631786346435547, "count": 4, "std": 0.0, "range": 0.0 }, "geometry": { "type": "Polygon", "coordinates": [ [ [ 724700.0, 6175600.0 ], [ 724700.0, 6175700.0 ], [ 724800.0, 6175700.0 ], [ 724900.0, 6175700.0 ], [ 724900.0, 6175600.0 ], [ 724800.0, 6175600.0 ], [ 724800.0, 6175500.0 ], [ 724700.0, 6175500.0 ], [ 724600.0, 6175500.0 ], [ 724600.0, 6175600.0 ], [ 724700.0, 6175600.0 ] ] ] } },
{ "type": "Feature", "properties": { "Shape_Area": 10000.0, "Shape_Leng": 400.0, "cluster_id": "101_851", "fid_1": 851.0, "id_munic": 851.0, "munic_clus": "101_851", "munic_code": 101.0, "min": 2.6362881660461426, "max": 2.6362881660461426, "mean": 2.6362881660461426, "count": 1, "std": 0.0, "range": 0.0 }, "geometry": { "type": "Polygon", "coordinates": [ [ [ 724200.0, 6176800.0 ], [ 724200.0, 6176900.0 ], [ 724300.0, 6176900.0 ], [ 724300.0, 6176800.0 ], [ 724200.0, 6176800.0 ] ] ] } },
{ "type": "Feature", "properties": { "Shape_Area": 20000.0, "Shape_Leng": 600.0, "cluster_id": "101_852", "fid_1": 852.0, "id_munic": 852.0, "munic_clus": "101_852", "munic_code": 101.0, "min": 2.4735085964202881, "max": 2.4735085964202881, "mean": 2.4735085964202881, "count": 2, "std": 0.0, "range": 0.0 }, "geometry": { "type": "Polygon", "coordinates": [ [ [ 721200.0, 6174700.0 ], [ 721300.0, 6174700.0 ], [ 721400.0, 6174700.0 ], [ 721400.0, 6174600.0 ], [ 721300.0, 6174600.0 ], [ 721200.0, 6174600.0 ], [ 721200.0, 6174700.0 ] ] ] } },
{ "type": "Feature", "properties": { "Shape_Area": 10000.0, "Shape_Leng": 400.0, "cluster_id": "101_853", "fid_1": 853.0, "id_munic": 853.0, "munic_clus": "101_853", "munic_code": 101.0, "min": 3.5699772834777832, "max": 3.5699772834777832, "mean": 3.5699772834777832, "count": 1, "std": 0.0, "range": 0.0 }, "geometry": { "type": "Polygon", "coordinates": [ [ [ 721900.0, 6178600.0 ], [ 721900.0, 6178700.0 ], [ 722000.0, 6178700.0 ], [ 722000.0, 6178600.0 ], [ 721900.0, 6178600.0 ] ] ] } },
{ "type": "Feature", "properties": { "Shape_Area": 40000.0, "Shape_Leng": 1000.0, "cluster_id": "101_854", "fid_1": 854.0, "id_munic": 854.0, "munic_clus": "101_854", "munic_code": 101.0, "min": 3.7190942764282227, "max": 3.7190942764282227, "mean": 3.7190942764282227, "count": 4, "std": 0.0, "range": 0.0 }, "geometry": { "type": "Polygon", "coordinates": [ [ [ 721800.0, 6178800.0 ], [ 721800.0, 6178900.0 ], [ 721900.0, 6178900.0 ], [ 721900.0, 6178800.0 ], [ 722000.0, 6178800.0 ], [ 722000.0, 6178700.0 ], [ 721900.0, 6178700.0 ], [ 721900.0, 6178600.0 ], [ 721800.0, 6178600.0 ], [ 721800.0, 6178700.0 ], [ 721800.0, 6178800.0 ] ] ] } },
{ "type": "Feature", "properties": { "Shape_Area": 30000.0, "Shape_Leng": 800.0, "cluster_id": "101_855", "fid_1": 855.0, "id_munic": 855.0, "munic_clus": "101_855", "munic_code": 101.0, "min": 3.1544492244720459, "max": 3.1544492244720459, "mean": 3.154449144999186, "count": 3, "std": 7.947285984855057e-08, "range": 0.0 }, "geometry": { "type": "Polygon", "coordinates": [ [ [ 721500.0, 6173900.0 ], [ 721500.0, 6174000.0 ], [ 721500.0, 6174100.0 ], [ 721600.0, 6174100.0 ], [ 721600.0, 6174000.0 ], [ 721600.0, 6173900.0 ], [ 721600.0, 6173800.0 ], [ 721500.0, 6173800.0 ], [ 721500.0, 6173900.0 ] ] ] } },
{ "type": "Feature", "properties": { "Shape_Area": 20000.0, "Shape_Leng": 600.0, "cluster_id": "101_856", "fid_1": 856.0, "id_munic": 856.0, "munic_clus": "101_856", "munic_code": 101.0, "min": 2.6892704963684082, "max": 2.6892704963684082, "mean": 2.6892704963684082, "count": 2, "std": 0.0, "range": 0.0 }, "geometry": { "type": "Polygon", "coordinates": [ [ [ 721400.0, 6173400.0 ], [ 721400.0, 6173500.0 ], [ 721500.0, 6173500.0 ], [ 721500.0, 6173400.0 ], [ 721500.0, 6173300.0 ], [ 721400.0, 6173300.0 ], [ 721400.0, 6173400.0 ] ] ] } },
{ "type": "Feature", "properties": { "Shape_Area": 20000.0, "Shape_Leng": 600.0, "cluster_id": "101_857", "fid_1": 857.0, "id_munic": 857.0, "munic_clus": "101_857", "munic_code": 101.0, "min": 3.6417865753173828, "max": 3.6417865753173828, "mean": 3.6417865753173828, "count": 2, "std": 0.0, "range": 0.0 }, "geometry": { "type": "Polygon", "coordinates": [ [ [ 721600.0, 6173600.0 ], [ 721600.0, 6173700.0 ], [ 721700.0, 6173700.0 ], [ 721700.0, 6173600.0 ], [ 721700.0, 6173500.0 ], [ 721600.0, 6173500.0 ], [ 721600.0, 6173600.0 ] ] ] } },
{ "type": "Feature", "properties": { "Shape_Area": 20000.0, "Shape_Leng": 600.0, "cluster_id": "101_858", "fid_1": 858.0, "id_munic": 858.0, "munic_clus": "101_858", "munic_code": 101.0, "min": 3.9120297431945801, "max": 3.9120297431945801, "mean": 3.9120297431945801, "count": 2, "std": 0.0, "range": 0.0 }, "geometry": { "type": "Polygon", "coordinates": [ [ [ 721400.0, 6174000.0 ], [ 721400.0, 6174100.0 ], [ 721500.0, 6174100.0 ], [ 721500.0, 6174000.0 ], [ 721500.0, 6173900.0 ], [ 721400.0, 6173900.0 ], [ 721400.0, 6174000.0 ] ] ] } },
{ "type": "Feature", "properties": { "Shape_Area": 50000.0, "Shape_Leng": 1000.0, "cluster_id": "101_859", "fid_1": 859.0, "id_munic": 859.0, "munic_clus": "101_859", "munic_code": 101.0, "min": 2.9020326137542725, "max": 2.9020326137542725, "mean": 2.9020326614379881, "count": 5, "std": 4.7683715642676816e-08, "range": 0.0 }, "geometry": { "type": "Polygon", "coordinates": [ [ [ 721200.0, 6173900.0 ], [ 721200.0, 6174000.0 ], [ 721300.0, 6174000.0 ], [ 721400.0, 6174000.0 ], [ 721400.0, 6173900.0 ], [ 721400.0, 6173800.0 ], [ 721300.0, 6173800.0 ], [ 721200.0, 6173800.0 ], [ 721100.0, 6173800.0 ], [ 721100.0, 6173900.0 ], [ 721200.0, 6173900.0 ] ] ] } },
{ "type": "Feature", "properties": { "Shape_Area": 50000.0, "Shape_Leng": 1200.0, "cluster_id": "101_860", "fid_1": 860.0, "id_munic": 860.0, "munic_clus": "101_860", "munic_code": 101.0, "min": 3.2729098796844482, "max": 3.2729098796844482, "mean": 3.2729099273681639, "count": 5, "std": 4.7683715642676816e-08, "range": 0.0 }, "geometry": { "type": "Polygon", "coordinates": [ [ [ 721800.0, 6173600.0 ], [ 721700.0, 6173600.0 ], [ 721700.0, 6173700.0 ], [ 721600.0, 6173700.0 ], [ 721600.0, 6173800.0 ], [ 721600.0, 6173900.0 ], [ 721600.0, 6174000.0 ], [ 721700.0, 6174000.0 ], [ 721700.0, 6173900.0 ], [ 721700.0, 6173800.0 ], [ 721800.0, 6173800.0 ], [ 721800.0, 6173700.0 ], [ 721800.0, 6173600.0 ] ] ] } },
{ "type": "Feature", "properties": { "Shape_Area": 10000.0, "Shape_Leng": 400.0, "cluster_id": "101_861", "fid_1": 861.0, "id_munic": 861.0, "munic_clus": "101_861", "munic_code": 101.0, "min": 3.1724429130554199, "max": 3.1724429130554199, "mean": 3.1724429130554199, "count": 1, "std": 0.0, "range": 0.0 }, "geometry": { "type": "Polygon", "coordinates": [ [ [ 721600.0, 6174000.0 ], [ 721600.0, 6174100.0 ], [ 721700.0, 6174100.0 ], [ 721700.0, 6174000.0 ], [ 721600.0, 6174000.0 ] ] ] } },
{ "type": "Feature", "properties": { "Shape_Area": 10000.0, "Shape_Leng": 400.0, "cluster_id": "101_862", "fid_1": 862.0, "id_munic": 862.0, "munic_clus": "101_862", "munic_code": 101.0, "min": 2.9931695461273193, "max": 2.9931695461273193, "mean": 2.9931695461273193, "count": 1, "std": 0.0, "range": 0.0 }, "geometry": { "type": "Polygon", "coordinates": [ [ [ 721800.0, 6173200.0 ], [ 721800.0, 6173300.0 ], [ 721900.0, 6173300.0 ], [ 721900.0, 6173200.0 ], [ 721800.0, 6173200.0 ] ] ] } },
{ "type": "Feature", "properties": { "Shape_Area": 20000.0, "Shape_Leng": 600.0, "cluster_id": "101_863", "fid_1": 863.0, "id_munic": 863.0, "munic_clus": "101_863", "munic_code": 101.0, "min": 4.046485424041748, "max": 4.046485424041748, "mean": 4.046485424041748, "count": 2, "std": 0.0, "range": 0.0 }, "geometry": { "type": "Polygon", "coordinates": [ [ [ 721800.0, 6173100.0 ], [ 721800.0, 6173200.0 ], [ 721900.0, 6173200.0 ], [ 721900.0, 6173100.0 ], [ 721900.0, 6173000.0 ], [ 721800.0, 6173000.0 ], [ 721800.0, 6173100.0 ] ] ] } },
{ "type": "Feature", "properties": { "Shape_Area": 20000.0, "Shape_Leng": 600.0, "cluster_id": "101_864", "fid_1": 864.0, "id_munic": 864.0, "munic_clus": "101_864", "munic_code": 101.0, "min": 3.8207268714904785, "max": 3.8207268714904785, "mean": 3.8207268714904785, "count": 2, "std": 0.0, "range": 0.0 }, "geometry": { "type": "Polygon", "coordinates": [ [ [ 721700.0, 6173200.0 ], [ 721700.0, 6173300.0 ], [ 721800.0, 6173300.0 ], [ 721800.0, 6173200.0 ], [ 721800.0, 6173100.0 ], [ 721700.0, 6173100.0 ], [ 721700.0, 6173200.0 ] ] ] } },
{ "type": "Feature", "properties": { "Shape_Area": 230000.0, "Shape_Leng": 2200.0, "cluster_id": "101_865", "fid_1": 865.0, "id_munic": 865.0, "munic_clus": "101_865", "munic_code": 101.0, "min": 2.7680773735046387, "max": 2.7680773735046387, "mean": 2.7680771869161855, "count": 23, "std": 1.8658845313268557e-07, "range": 0.0 }, "geometry": { "type": "Polygon", "coordinates": [ [ [ 721100.0, 6173300.0 ], [ 721000.0, 6173300.0 ], [ 721000.0, 6173400.0 ], [ 721000.0, 6173500.0 ], [ 721000.0, 6173600.0 ], [ 721000.0, 6173700.0 ], [ 721100.0, 6173700.0 ], [ 721100.0, 6173800.0 ], [ 721200.0, 6173800.0 ], [ 721300.0, 6173800.0 ], [ 721400.0, 6173800.0 ], [ 721400.0, 6173700.0 ], [ 721400.0, 6173600.0 ], [ 721400.0, 6173500.0 ], [ 721400.0, 6173400.0 ], [ 721400.0, 6173300.0 ], [ 721400.0, 6173200.0 ], [ 721400.0, 6173100.0 ], [ 721300.0, 6173100.0 ], [ 721300.0, 6173200.0 ], [ 721200.0, 6173200.0 ], [ 721100.0, 6173200.0 ], [ 721100.0, 6173300.0 ] ] ] } },
{ "type": "Feature", "properties": { "Shape_Area": 10000.0, "Shape_Leng": 400.0, "cluster_id": "101_866", "fid_1": 866.0, "id_munic": 866.0, "munic_clus": "101_866", "munic_code": 101.0, "min": 3.0001673698425293, "max": 3.0001673698425293, "mean": 3.0001673698425293, "count": 1, "std": 0.0, "range": 0.0 }, "geometry": { "type": "Polygon", "coordinates": [ [ [ 723700.0, 6174500.0 ], [ 723700.0, 6174600.0 ], [ 723800.0, 6174600.0 ], [ 723800.0, 6174500.0 ], [ 723700.0, 6174500.0 ] ] ] } },
{ "type": "Feature", "properties": { "Shape_Area": 10000.0, "Shape_Leng": 400.0, "cluster_id": "101_867", "fid_1": 867.0, "id_munic": 867.0, "munic_clus": "101_867", "munic_code": 101.0, "min": 1.9740086793899536, "max": 1.9740086793899536, "mean": 1.9740086793899536, "count": 1, "std": 0.0, "range": 0.0 }, "geometry": { "type": "Polygon", "coordinates": [ [ [ 723600.0, 6174600.0 ], [ 723600.0, 6174700.0 ], [ 723700.0, 6174700.0 ], [ 723700.0, 6174600.0 ], [ 723600.0, 6174600.0 ] ] ] } },
{ "type": "Feature", "properties": { "Shape_Area": 10000.0, "Shape_Leng": 400.0, "cluster_id": "101_868", "fid_1": 868.0, "id_munic": 868.0, "munic_clus": "101_868", "munic_code": 101.0, "min": 3.5106630325317383, "max": 3.5106630325317383, "mean": 3.5106630325317383, "count": 1, "std": 0.0, "range": 0.0 }, "geometry": { "type": "Polygon", "coordinates": [ [ [ 723700.0, 6175000.0 ], [ 723700.0, 6175100.0 ], [ 723800.0, 6175100.0 ], [ 723800.0, 6175000.0 ], [ 723700.0, 6175000.0 ] ] ] } },
{ "type": "Feature", "properties": { "Shape_Area": 20000.0, "Shape_Leng": 600.0, "cluster_id": "101_869", "fid_1": 869.0, "id_munic": 869.0, "munic_clus": "101_869", "munic_code": 101.0, "min": 3.1744418144226074, "max": 3.1744418144226074, "mean": 3.1744418144226074, "count": 2, "std": 0.0, "range": 0.0 }, "geometry": { "type": "Polygon", "coordinates": [ [ [ 723500.0, 6174900.0 ], [ 723500.0, 6175000.0 ], [ 723600.0, 6175000.0 ], [ 723600.0, 6174900.0 ], [ 723600.0, 6174800.0 ], [ 723500.0, 6174800.0 ], [ 723500.0, 6174900.0 ] ] ] } },
{ "type": "Feature", "properties": { "Shape_Area": 20000.0, "Shape_Leng": 600.0, "cluster_id": "101_870", "fid_1": 870.0, "id_munic": 870.0, "munic_clus": "101_870", "munic_code": 101.0, "min": 3.436854362487793, "max": 3.436854362487793, "mean": 3.436854362487793, "count": 2, "std": 0.0, "range": 0.0 }, "geometry": { "type": "Polygon", "coordinates": [ [ [ 723600.0, 6175000.0 ], [ 723600.0, 6175100.0 ], [ 723700.0, 6175100.0 ], [ 723700.0, 6175000.0 ], [ 723700.0, 6174900.0 ], [ 723600.0, 6174900.0 ], [ 723600.0, 6175000.0 ] ] ] } },
{ "type": "Feature", "properties": { "Shape_Area": 20000.0, "Shape_Leng": 600.0, "cluster_id": "101_871", "fid_1": 871.0, "id_munic": 871.0, "munic_clus": "101_871", "munic_code": 101.0, "min": 2.9256913661956787, "max": 2.9256913661956787, "mean": 2.9256913661956787, "count": 2, "std": 0.0, "range": 0.0 }, "geometry": { "type": "Polygon", "coordinates": [ [ [ 723400.0, 6174900.0 ], [ 723400.0, 6175000.0 ], [ 723500.0, 6175000.0 ], [ 723500.0, 6174900.0 ], [ 723500.0, 6174800.0 ], [ 723400.0, 6174800.0 ], [ 723400.0, 6174900.0 ] ] ] } },
{ "type": "Feature", "properties": { "Shape_Area": 30000.0, "Shape_Leng": 800.0, "cluster_id": "101_872", "fid_1": 872.0, "id_munic": 872.0, "munic_clus": "101_872", "munic_code": 101.0, "min": 2.5984671115875244, "max": 2.5984671115875244, "mean": 2.5984671910603843, "count": 3, "std": 7.947285984855057e-08, "range": 0.0 }, "geometry": { "type": "Polygon", "coordinates": [ [ [ 723200.0, 6174600.0 ], [ 723200.0, 6174700.0 ], [ 723300.0, 6174700.0 ], [ 723400.0, 6174700.0 ], [ 723400.0, 6174600.0 ], [ 723300.0, 6174600.0 ], [ 723300.0, 6174500.0 ], [ 723200.0, 6174500.0 ], [ 723200.0, 6174600.0 ] ] ] } },
{ "type": "Feature", "properties": { "Shape_Area": 10000.0, "Shape_Leng": 400.0, "cluster_id": "101_873", "fid_1": 873.0, "id_munic": 873.0, "munic_clus": "101_873", "munic_code": 101.0, "min": 3.2890701293945312, "max": 3.2890701293945312, "mean": 3.2890701293945312, "count": 1, "std": 0.0, "range": 0.0 }, "geometry": { "type": "Polygon", "coordinates": [ [ [ 723000.0, 6174400.0 ], [ 723000.0, 6174500.0 ], [ 723100.0, 6174500.0 ], [ 723100.0, 6174400.0 ], [ 723000.0, 6174400.0 ] ] ] } },
{ "type": "Feature", "properties": { "Shape_Area": 10000.0, "Shape_Leng": 400.0, "cluster_id": "101_874", "fid_1": 874.0, "id_munic": 874.0, "munic_clus": "101_874", "munic_code": 101.0, "min": 2.8213932514190674, "max": 2.8213932514190674, "mean": 2.8213932514190674, "count": 1, "std": 0.0, "range": 0.0 }, "geometry": { "type": "Polygon", "coordinates": [ [ [ 722900.0, 6174300.0 ], [ 722900.0, 6174400.0 ], [ 723000.0, 6174400.0 ], [ 723000.0, 6174300.0 ], [ 722900.0, 6174300.0 ] ] ] } },
{ "type": "Feature", "properties": { "Shape_Area": 20000.0, "Shape_Leng": 600.0, "cluster_id": "101_875", "fid_1": 875.0, "id_munic": 875.0, "munic_clus": "101_875", "munic_code": 101.0, "min": 2.556814432144165, "max": 2.556814432144165, "mean": 2.556814432144165, "count": 2, "std": 0.0, "range": 0.0 }, "geometry": { "type": "Polygon", "coordinates": [ [ [ 723100.0, 6174500.0 ], [ 723200.0, 6174500.0 ], [ 723300.0, 6174500.0 ], [ 723300.0, 6174400.0 ], [ 723200.0, 6174400.0 ], [ 723100.0, 6174400.0 ], [ 723100.0, 6174500.0 ] ] ] } },
{ "type": "Feature", "properties": { "Shape_Area": 20000.0, "Shape_Leng": 600.0, "cluster_id": "101_876", "fid_1": 876.0, "id_munic": 876.0, "munic_clus": "101_876", "munic_code": 101.0, "min": 3.3712098598480225, "max": 3.3712098598480225, "mean": 3.3712098598480225, "count": 2, "std": 0.0, "range": 0.0 }, "geometry": { "type": "Polygon", "coordinates": [ [ [ 722900.0, 6174800.0 ], [ 723000.0, 6174800.0 ], [ 723100.0, 6174800.0 ], [ 723100.0, 6174700.0 ], [ 723000.0, 6174700.0 ], [ 722900.0, 6174700.0 ], [ 722900.0, 6174800.0 ] ] ] } },
{ "type": "Feature", "properties": { "Shape_Area": 50000.0, "Shape_Leng": 1000.0, "cluster_id": "101_877", "fid_1": 877.0, "id_munic": 877.0, "munic_clus": "101_877", "munic_code": 101.0, "min": 3.2955679893493652, "max": 3.2955679893493652, "mean": 3.295568084716797, "count": 5, "std": 9.5367431729442842e-08, "range": 0.0 }, "geometry": { "type": "Polygon", "coordinates": [ [ [ 723200.0, 6174500.0 ], [ 723100.0, 6174500.0 ], [ 723000.0, 6174500.0 ], [ 723000.0, 6174600.0 ], [ 723000.0, 6174700.0 ], [ 723100.0, 6174700.0 ], [ 723100.0, 6174800.0 ], [ 723200.0, 6174800.0 ], [ 723200.0, 6174700.0 ], [ 723200.0, 6174600.0 ], [ 723200.0, 6174500.0 ] ] ] } },
{ "type": "Feature", "properties": { "Shape_Area": 10000.0, "Shape_Leng": 400.0, "cluster_id": "101_878", "fid_1": 878.0, "id_munic": 878.0, "munic_clus": "101_878", "munic_code": 101.0, "min": 2.2387540340423584, "max": 2.2387540340423584, "mean": 2.2387540340423584, "count": 1, "std": 0.0, "range": 0.0 }, "geometry": { "type": "Polygon", "coordinates": [ [ [ 723400.0, 6174600.0 ], [ 723400.0, 6174700.0 ], [ 723500.0, 6174700.0 ], [ 723500.0, 6174600.0 ], [ 723400.0, 6174600.0 ] ] ] } },
{ "type": "Feature", "properties": { "Shape_Area": 20000.0, "Shape_Leng": 600.0, "cluster_id": "101_879", "fid_1": 879.0, "id_munic": 879.0, "munic_clus": "101_879", "munic_code": 101.0, "min": 2.9166946411132812, "max": 2.9166946411132812, "mean": 2.9166946411132812, "count": 2, "std": 0.0, "range": 0.0 }, "geometry": { "type": "Polygon", "coordinates": [ [ [ 723500.0, 6174600.0 ], [ 723600.0, 6174600.0 ], [ 723700.0, 6174600.0 ], [ 723700.0, 6174500.0 ], [ 723600.0, 6174500.0 ], [ 723500.0, 6174500.0 ], [ 723500.0, 6174600.0 ] ] ] } },
{ "type": "Feature", "properties": { "Shape_Area": 10000.0, "Shape_Leng": 400.0, "cluster_id": "101_880", "fid_1": 880.0, "id_munic": 880.0, "munic_clus": "101_880", "munic_code": 101.0, "min": 3.0513162612915039, "max": 3.0513162612915039, "mean": 3.0513162612915039, "count": 1, "std": 0.0, "range": 0.0 }, "geometry": { "type": "Polygon", "coordinates": [ [ [ 722900.0, 6174400.0 ], [ 722900.0, 6174500.0 ], [ 723000.0, 6174500.0 ], [ 723000.0, 6174400.0 ], [ 722900.0, 6174400.0 ] ] ] } },
{ "type": "Feature", "properties": { "Shape_Area": 10000.0, "Shape_Leng": 400.0, "cluster_id": "101_881", "fid_1": 881.0, "id_munic": 881.0, "munic_clus": "101_881", "munic_code": 101.0, "min": 2.9853384494781494, "max": 2.9853384494781494, "mean": 2.9853384494781494, "count": 1, "std": 0.0, "range": 0.0 }, "geometry": { "type": "Polygon", "coordinates": [ [ [ 722800.0, 6174500.0 ], [ 722800.0, 6174600.0 ], [ 722900.0, 6174600.0 ], [ 722900.0, 6174500.0 ], [ 722800.0, 6174500.0 ] ] ] } },
{ "type": "Feature", "properties": { "Shape_Area": 20000.0, "Shape_Leng": 600.0, "cluster_id": "101_882", "fid_1": 882.0, "id_munic": 882.0, "munic_clus": "101_882", "munic_code": 101.0, "min": 2.5044984817504883, "max": 2.5044984817504883, "mean": 2.5044984817504883, "count": 2, "std": 0.0, "range": 0.0 }, "geometry": { "type": "Polygon", "coordinates": [ [ [ 723500.0, 6174700.0 ], [ 723500.0, 6174800.0 ], [ 723600.0, 6174800.0 ], [ 723600.0, 6174700.0 ], [ 723600.0, 6174600.0 ], [ 723500.0, 6174600.0 ], [ 723500.0, 6174700.0 ] ] ] } },
{ "type": "Feature", "properties": { "Shape_Area": 10000.0, "Shape_Leng": 400.0, "cluster_id": "101_883", "fid_1": 883.0, "id_munic": 883.0, "munic_clus": "101_883", "munic_code": 101.0, "min": 2.5404865741729736, "max": 2.5404865741729736, "mean": 2.5404865741729736, "count": 1, "std": 0.0, "range": 0.0 }, "geometry": { "type": "Polygon", "coordinates": [ [ [ 723400.0, 6174500.0 ], [ 723400.0, 6174600.0 ], [ 723500.0, 6174600.0 ], [ 723500.0, 6174500.0 ], [ 723400.0, 6174500.0 ] ] ] } },
{ "type": "Feature", "properties": { "Shape_Area": 10000.0, "Shape_Leng": 400.0, "cluster_id": "101_884", "fid_1": 884.0, "id_munic": 884.0, "munic_clus": "101_884", "munic_code": 101.0, "min": 2.4075310230255127, "max": 2.4075310230255127, "mean": 2.4075310230255127, "count": 1, "std": 0.0, "range": 0.0 }, "geometry": { "type": "Polygon", "coordinates": [ [ [ 723300.0, 6174500.0 ], [ 723300.0, 6174600.0 ], [ 723400.0, 6174600.0 ], [ 723400.0, 6174500.0 ], [ 723300.0, 6174500.0 ] ] ] } },
{ "type": "Feature", "properties": { "Shape_Area": 80000.0, "Shape_Leng": 1600.0, "cluster_id": "101_885", "fid_1": 885.0, "id_munic": 885.0, "munic_clus": "101_885", "munic_code": 101.0, "min": 3.1212930679321289, "max": 3.1212930679321289, "mean": 3.1212930679321289, "count": 8, "std": 0.0, "range": 0.0 }, "geometry": { "type": "Polygon", "coordinates": [ [ [ 725200.0, 6180800.0 ], [ 725200.0, 6180700.0 ], [ 725100.0, 6180700.0 ], [ 725000.0, 6180700.0 ], [ 725000.0, 6180800.0 ], [ 724900.0, 6180800.0 ], [ 724800.0, 6180800.0 ], [ 724700.0, 6180800.0 ], [ 724700.0, 6180900.0 ], [ 724700.0, 6181000.0 ], [ 724800.0, 6181000.0 ], [ 724900.0, 6181000.0 ], [ 724900.0, 6180900.0 ], [ 725000.0, 6180900.0 ], [ 725100.0, 6180900.0 ], [ 725100.0, 6180800.0 ], [ 725200.0, 6180800.0 ] ] ] } },
{ "type": "Feature", "properties": { "Shape_Area": 10000.0, "Shape_Leng": 400.0, "cluster_id": "101_886", "fid_1": 886.0, "id_munic": 886.0, "munic_clus": "101_886", "munic_code": 101.0, "min": 1.8347219228744507, "max": 1.8347219228744507, "mean": 1.8347219228744507, "count": 1, "std": 0.0, "range": 0.0 }, "geometry": { "type": "Polygon", "coordinates": [ [ [ 722700.0, 6175000.0 ], [ 722700.0, 6175100.0 ], [ 722800.0, 6175100.0 ], [ 722800.0, 6175000.0 ], [ 722700.0, 6175000.0 ] ] ] } },
{ "type": "Feature", "properties": { "Shape_Area": 20000.0, "Shape_Leng": 600.0, "cluster_id": "101_887", "fid_1": 887.0, "id_munic": 887.0, "munic_clus": "101_887", "munic_code": 101.0, "min": 2.9926691055297852, "max": 2.9926691055297852, "mean": 2.9926691055297852, "count": 2, "std": 0.0, "range": 0.0 }, "geometry": { "type": "Polygon", "coordinates": [ [ [ 722800.0, 6174400.0 ], [ 722800.0, 6174500.0 ], [ 722900.0, 6174500.0 ], [ 722900.0, 6174400.0 ], [ 722900.0, 6174300.0 ], [ 722800.0, 6174300.0 ], [ 722800.0, 6174400.0 ] ] ] } },
{ "type": "Feature", "properties": { "Shape_Area": 10000.0, "Shape_Leng": 400.0, "cluster_id": "101_888", "fid_1": 888.0, "id_munic": 888.0, "munic_clus": "101_888", "munic_code": 101.0, "min": 3.3675446510314941, "max": 3.3675446510314941, "mean": 3.3675446510314941, "count": 1, "std": 0.0, "range": 0.0 }, "geometry": { "type": "Polygon", "coordinates": [ [ [ 722900.0, 6174600.0 ], [ 722900.0, 6174700.0 ], [ 723000.0, 6174700.0 ], [ 723000.0, 6174600.0 ], [ 722900.0, 6174600.0 ] ] ] } },
{ "type": "Feature", "properties": { "Shape_Area": 10000.0, "Shape_Leng": 400.0, "cluster_id": "101_889", "fid_1": 889.0, "id_munic": 889.0, "munic_clus": "101_889", "munic_code": 101.0, "min": 2.9475173950195312, "max": 2.9475173950195312, "mean": 2.9475173950195312, "count": 1, "std": 0.0, "range": 0.0 }, "geometry": { "type": "Polygon", "coordinates": [ [ [ 723400.0, 6174700.0 ], [ 723400.0, 6174800.0 ], [ 723500.0, 6174800.0 ], [ 723500.0, 6174700.0 ], [ 723400.0, 6174700.0 ] ] ] } },
{ "type": "Feature", "properties": { "Shape_Area": 10000.0, "Shape_Leng": 400.0, "cluster_id": "101_890", "fid_1": 890.0, "id_munic": 890.0, "munic_clus": "101_890", "munic_code": 101.0, "min": 2.9255249500274658, "max": 2.9255249500274658, "mean": 2.9255249500274658, "count": 1, "std": 0.0, "range": 0.0 }, "geometry": { "type": "Polygon", "coordinates": [ [ [ 722900.0, 6174500.0 ], [ 722900.0, 6174600.0 ], [ 723000.0, 6174600.0 ], [ 723000.0, 6174500.0 ], [ 722900.0, 6174500.0 ] ] ] } },
{ "type": "Feature", "properties": { "Shape_Area": 60000.0, "Shape_Leng": 1000.0, "cluster_id": "101_891", "fid_1": 891.0, "id_munic": 891.0, "munic_clus": "101_891", "munic_code": 101.0, "min": 3.1612803936004639, "max": 3.1612803936004639, "mean": 3.161280314127604, "count": 6, "std": 7.947285984855057e-08, "range": 0.0 }, "geometry": { "type": "Polygon", "coordinates": [ [ [ 719800.0, 6178900.0 ], [ 719700.0, 6178900.0 ], [ 719600.0, 6178900.0 ], [ 719500.0, 6178900.0 ], [ 719500.0, 6179000.0 ], [ 719500.0, 6179100.0 ], [ 719600.0, 6179100.0 ], [ 719700.0, 6179100.0 ], [ 719800.0, 6179100.0 ], [ 719800.0, 6179000.0 ], [ 719800.0, 6178900.0 ] ] ] } },
{ "type": "Feature", "properties": { "Shape_Area": 120000.0, "Shape_Leng": 1600.0, "cluster_id": "101_892", "fid_1": 892.0, "id_munic": 892.0, "munic_clus": "101_892", "munic_code": 101.0, "min": 2.7017662525177002, "max": 2.7017662525177002, "mean": 2.70176633199056, "count": 12, "std": 7.947285984855057e-08, "range": 0.0 }, "geometry": { "type": "Polygon", "coordinates": [ [ [ 719800.0, 6178900.0 ], [ 719800.0, 6179000.0 ], [ 719800.0, 6179100.0 ], [ 719900.0, 6179100.0 ], [ 720000.0, 6179100.0 ], [ 720100.0, 6179100.0 ], [ 720100.0, 6179000.0 ], [ 720100.0, 6178900.0 ], [ 720100.0, 6178800.0 ], [ 720000.0, 6178800.0 ], [ 719900.0, 6178800.0 ], [ 719900.0, 6178700.0 ], [ 719800.0, 6178700.0 ], [ 719700.0, 6178700.0 ], [ 719700.0, 6178800.0 ], [ 719700.0, 6178900.0 ], [ 719800.0, 6178900.0 ] ] ] } },
{ "type": "Feature", "properties": { "Shape_Area": 290000.0, "Shape_Leng": 3200.0, "cluster_id": "101_894", "fid_1": 894.0, "id_munic": 894.0, "munic_clus": "101_894", "munic_code": 101.0, "min": 2.7897367477416992, "max": 2.7897367477416992, "mean": 2.7897367806270204, "count": 29, "std": 3.2885321132880563e-08, "range": 0.0 }, "geometry": { "type": "Polygon", "coordinates": [ [ [ 724700.0, 6180300.0 ], [ 724700.0, 6180400.0 ], [ 724700.0, 6180500.0 ], [ 724700.0, 6180600.0 ], [ 724800.0, 6180600.0 ], [ 724900.0, 6180600.0 ], [ 724900.0, 6180700.0 ], [ 725000.0, 6180700.0 ], [ 725100.0, 6180700.0 ], [ 725100.0, 6180600.0 ], [ 725100.0, 6180500.0 ], [ 725200.0, 6180500.0 ], [ 725200.0, 6180600.0 ], [ 725300.0, 6180600.0 ], [ 725400.0, 6180600.0 ], [ 725400.0, 6180700.0 ], [ 725500.0, 6180700.0 ], [ 725600.0, 6180700.0 ], [ 725700.0, 6180700.0 ], [ 725700.0, 6180600.0 ], [ 725700.0, 6180500.0 ], [ 725700.0, 6180400.0 ], [ 725600.0, 6180400.0 ], [ 725500.0, 6180400.0 ], [ 725400.0, 6180400.0 ], [ 725300.0, 6180400.0 ], [ 725200.0, 6180400.0 ], [ 725200.0, 6180300.0 ], [ 725100.0, 6180300.0 ], [ 725000.0, 6180300.0 ], [ 724900.0, 6180300.0 ], [ 724800.0, 6180300.0 ], [ 724700.0, 6180300.0 ] ] ] } },
{ "type": "Feature", "properties": { "Shape_Area": 70000.0, "Shape_Leng": 1200.0, "cluster_id": "101_895", "fid_1": 895.0, "id_munic": 895.0, "munic_clus": "101_895", "munic_code": 101.0, "min": 3.1444523334503174, "max": 3.1444523334503174, "mean": 3.1444525037493025, "count": 7, "std": 1.7029898513598596e-07, "range": 0.0 }, "geometry": { "type": "Polygon", "coordinates": [ [ [ 719400.0, 6179200.0 ], [ 719400.0, 6179300.0 ], [ 719400.0, 6179400.0 ], [ 719500.0, 6179400.0 ], [ 719600.0, 6179400.0 ], [ 719600.0, 6179300.0 ], [ 719600.0, 6179200.0 ], [ 719600.0, 6179100.0 ], [ 719500.0, 6179100.0 ], [ 719400.0, 6179100.0 ], [ 719300.0, 6179100.0 ], [ 719300.0, 6179200.0 ], [ 719400.0, 6179200.0 ] ] ] } },
{ "type": "Feature", "properties": { "Shape_Area": 20000.0, "Shape_Leng": 600.0, "cluster_id": "101_896", "fid_1": 896.0, "id_munic": 896.0, "munic_clus": "101_896", "munic_code": 101.0, "min": 2.6136288642883301, "max": 2.6136288642883301, "mean": 2.6136288642883301, "count": 2, "std": 0.0, "range": 0.0 }, "geometry": { "type": "Polygon", "coordinates": [ [ [ 719300.0, 6178900.0 ], [ 719300.0, 6179000.0 ], [ 719400.0, 6179000.0 ], [ 719400.0, 6178900.0 ], [ 719400.0, 6178800.0 ], [ 719300.0, 6178800.0 ], [ 719300.0, 6178900.0 ] ] ] } },
{ "type": "Feature", "properties": { "Shape_Area": 20000.0, "Shape_Leng": 600.0, "cluster_id": "101_897", "fid_1": 897.0, "id_munic": 897.0, "munic_clus": "101_897", "munic_code": 101.0, "min": 3.4108631610870361, "max": 3.4108631610870361, "mean": 3.4108631610870361, "count": 2, "std": 0.0, "range": 0.0 }, "geometry": { "type": "Polygon", "coordinates": [ [ [ 720500.0, 6179000.0 ], [ 720500.0, 6179100.0 ], [ 720600.0, 6179100.0 ], [ 720600.0, 6179000.0 ], [ 720600.0, 6178900.0 ], [ 720500.0, 6178900.0 ], [ 720500.0, 6179000.0 ] ] ] } },
{ "type": "Feature", "properties": { "Shape_Area": 30000.0, "Shape_Leng": 800.0, "cluster_id": "101_898", "fid_1": 898.0, "id_munic": 898.0, "munic_clus": "101_898", "munic_code": 101.0, "min": 3.2162618637084961, "max": 3.2162618637084961, "mean": 3.2162618637084961, "count": 3, "std": 0.0, "range": 0.0 }, "geometry": { "type": "Polygon", "coordinates": [ [ [ 720600.0, 6179100.0 ], [ 720600.0, 6179200.0 ], [ 720700.0, 6179200.0 ], [ 720700.0, 6179100.0 ], [ 720800.0, 6179100.0 ], [ 720800.0, 6179000.0 ], [ 720700.0, 6179000.0 ], [ 720600.0, 6179000.0 ], [ 720600.0, 6179100.0 ] ] ] } },
{ "type": "Feature", "properties": { "Shape_Area": 30000.0, "Shape_Leng": 800.0, "cluster_id": "101_899", "fid_1": 899.0, "id_munic": 899.0, "munic_clus": "101_899", "munic_code": 101.0, "min": 2.7885708808898926, "max": 2.7885708808898926, "mean": 2.7885710398356118, "count": 3, "std": 1.5894571925301193e-07, "range": 0.0 }, "geometry": { "type": "Polygon", "coordinates": [ [ [ 719200.0, 6179000.0 ], [ 719200.0, 6179100.0 ], [ 719300.0, 6179100.0 ], [ 719400.0, 6179100.0 ], [ 719400.0, 6179000.0 ], [ 719300.0, 6179000.0 ], [ 719300.0, 6178900.0 ], [ 719200.0, 6178900.0 ], [ 719200.0, 6179000.0 ] ] ] } },
{ "type": "Feature", "properties": { "Shape_Area": 20000.0, "Shape_Leng": 600.0, "cluster_id": "101_900", "fid_1": 900.0, "id_munic": 900.0, "munic_clus": "101_900", "munic_code": 101.0, "min": 3.4860050678253174, "max": 3.4860050678253174, "mean": 3.4860050678253174, "count": 2, "std": 0.0, "range": 0.0 }, "geometry": { "type": "Polygon", "coordinates": [ [ [ 719000.0, 6179100.0 ], [ 719000.0, 6179200.0 ], [ 719100.0, 6179200.0 ], [ 719100.0, 6179100.0 ], [ 719100.0, 6179000.0 ], [ 719000.0, 6179000.0 ], [ 719000.0, 6179100.0 ] ] ] } },
{ "type": "Feature", "properties": { "Shape_Area": 50000.0, "Shape_Leng": 1200.0, "cluster_id": "101_901", "fid_1": 901.0, "id_munic": 901.0, "munic_clus": "101_901", "munic_code": 101.0, "min": 3.6676108837127686, "max": 3.6676108837127686, "mean": 3.6676109313964842, "count": 5, "std": 4.7683715642676816e-08, "range": 0.0 }, "geometry": { "type": "Polygon", "coordinates": [ [ [ 720300.0, 6178900.0 ], [ 720300.0, 6178800.0 ], [ 720200.0, 6178800.0 ], [ 720100.0, 6178800.0 ], [ 720100.0, 6178900.0 ], [ 720100.0, 6179000.0 ], [ 720100.0, 6179100.0 ], [ 720200.0, 6179100.0 ], [ 720300.0, 6179100.0 ], [ 720300.0, 6179000.0 ], [ 720200.0, 6179000.0 ], [ 720200.0, 6178900.0 ], [ 720300.0, 6178900.0 ] ] ] } },
{ "type": "Feature", "properties": { "Shape_Area": 30000.0, "Shape_Leng": 800.0, "cluster_id": "101_902", "fid_1": 902.0, "id_munic": 902.0, "munic_clus": "101_902", "munic_code": 101.0, "min": 3.1777744293212891, "max": 3.1777744293212891, "mean": 3.1777744293212891, "count": 3, "std": 0.0, "range": 0.0 }, "geometry": { "type": "Polygon", "coordinates": [ [ [ 719100.0, 6179100.0 ], [ 719100.0, 6179200.0 ], [ 719200.0, 6179200.0 ], [ 719300.0, 6179200.0 ], [ 719300.0, 6179100.0 ], [ 719200.0, 6179100.0 ], [ 719200.0, 6179000.0 ], [ 719100.0, 6179000.0 ], [ 719100.0, 6179100.0 ] ] ] } },
{ "type": "Feature", "properties": { "Shape_Area": 50000.0, "Shape_Leng": 1000.0, "cluster_id": "101_903", "fid_1": 903.0, "id_munic": 903.0, "munic_clus": "101_903", "munic_code": 101.0, "min": 3.653282642364502, "max": 3.653282642364502, "mean": 3.6532825469970702, "count": 5, "std": 9.5367431729442842e-08, "range": 0.0 }, "geometry": { "type": "Polygon", "coordinates": [ [ [ 720300.0, 6179000.0 ], [ 720300.0, 6179100.0 ], [ 720400.0, 6179100.0 ], [ 720500.0, 6179100.0 ], [ 720500.0, 6179000.0 ], [ 720500.0, 6178900.0 ], [ 720400.0, 6178900.0 ], [ 720300.0, 6178900.0 ], [ 720200.0, 6178900.0 ], [ 720200.0, 6179000.0 ], [ 720300.0, 6179000.0 ] ] ] } },
{ "type": "Feature", "properties": { "Shape_Area": 50000.0, "Shape_Leng": 1000.0, "cluster_id": "101_904", "fid_1": 904.0, "id_munic": 904.0, "munic_clus": "101_904", "munic_code": 101.0, "min": 4.1326227188110352, "max": 4.1326227188110352, "mean": 4.1326225280761717, "count": 5, "std": 1.9073486345888568e-07, "range": 0.0 }, "geometry": { "type": "Polygon", "coordinates": [ [ [ 720400.0, 6179100.0 ], [ 720300.0, 6179100.0 ], [ 720300.0, 6179200.0 ], [ 720300.0, 6179300.0 ], [ 720400.0, 6179300.0 ], [ 720500.0, 6179300.0 ], [ 720500.0, 6179200.0 ], [ 720600.0, 6179200.0 ], [ 720600.0, 6179100.0 ], [ 720500.0, 6179100.0 ], [ 720400.0, 6179100.0 ] ] ] } },
{ "type": "Feature", "properties": { "Shape_Area": 60000.0, "Shape_Leng": 1000.0, "cluster_id": "101_905", "fid_1": 905.0, "id_munic": 905.0, "munic_clus": "101_905", "munic_code": 101.0, "min": 3.3740427494049072, "max": 3.3740427494049072, "mean": 3.3740428288777671, "count": 6, "std": 7.947285984855057e-08, "range": 0.0 }, "geometry": { "type": "Polygon", "coordinates": [ [ [ 724500.0, 6180900.0 ], [ 724500.0, 6181000.0 ], [ 724600.0, 6181000.0 ], [ 724700.0, 6181000.0 ], [ 724700.0, 6180900.0 ], [ 724700.0, 6180800.0 ], [ 724700.0, 6180700.0 ], [ 724600.0, 6180700.0 ], [ 724500.0, 6180700.0 ], [ 724500.0, 6180800.0 ], [ 724500.0, 6180900.0 ] ] ] } },
{ "type": "Feature", "properties": { "Shape_Area": 80000.0, "Shape_Leng": 1200.0, "cluster_id": "101_906", "fid_1": 906.0, "id_munic": 906.0, "munic_clus": "101_906", "munic_code": 101.0, "min": 3.3720428943634033, "max": 3.3720428943634033, "mean": 3.3720431327819824, "count": 8, "std": 2.384185791015625e-07, "range": 0.0 }, "geometry": { "type": "Polygon", "coordinates": [ [ [ 724700.0, 6180400.0 ], [ 724600.0, 6180400.0 ], [ 724500.0, 6180400.0 ], [ 724500.0, 6180500.0 ], [ 724400.0, 6180500.0 ], [ 724400.0, 6180600.0 ], [ 724400.0, 6180700.0 ], [ 724500.0, 6180700.0 ], [ 724600.0, 6180700.0 ], [ 724700.0, 6180700.0 ], [ 724700.0, 6180600.0 ], [ 724700.0, 6180500.0 ], [ 724700.0, 6180400.0 ] ] ] } },
{ "type": "Feature", "properties": { "Shape_Area": 90000.0, "Shape_Leng": 1600.0, "cluster_id": "101_907", "fid_1": 907.0, "id_munic": 907.0, "munic_clus": "101_907", "munic_code": 101.0, "min": 2.6181271076202393, "max": 2.6181271076202393, "mean": 2.6181271870930991, "count": 9, "std": 7.947285984855057e-08, "range": 0.0 }, "geometry": { "type": "Polygon", "coordinates": [ [ [ 724600.0, 6181000.0 ], [ 724500.0, 6181000.0 ], [ 724500.0, 6181100.0 ], [ 724500.0, 6181200.0 ], [ 724500.0, 6181300.0 ], [ 724400.0, 6181300.0 ], [ 724400.0, 6181400.0 ], [ 724400.0, 6181500.0 ], [ 724500.0, 6181500.0 ], [ 724600.0, 6181500.0 ], [ 724600.0, 6181400.0 ], [ 724600.0, 6181300.0 ], [ 724600.0, 6181200.0 ], [ 724700.0, 6181200.0 ], [ 724700.0, 6181100.0 ], [ 724700.0, 6181000.0 ], [ 724600.0, 6181000.0 ] ] ] } },
{ "type": "Feature", "properties": { "Shape_Area": 220000.0, "Shape_Leng": 2400.0, "cluster_id": "101_908", "fid_1": 908.0, "id_munic": 908.0, "munic_clus": "101_908", "munic_code": 101.0, "min": 2.8900370597839355, "max": 2.8900370597839355, "mean": 2.8900368430397729, "count": 22, "std": 2.1674416261774357e-07, "range": 0.0 }, "geometry": { "type": "Polygon", "coordinates": [ [ [ 724300.0, 6180700.0 ], [ 724300.0, 6180800.0 ], [ 724300.0, 6180900.0 ], [ 724300.0, 6181000.0 ], [ 724200.0, 6181000.0 ], [ 724200.0, 6181100.0 ], [ 724200.0, 6181200.0 ], [ 724100.0, 6181200.0 ], [ 724100.0, 6181300.0 ], [ 724100.0, 6181400.0 ], [ 724100.0, 6181500.0 ], [ 724200.0, 6181500.0 ], [ 724300.0, 6181500.0 ], [ 724400.0, 6181500.0 ], [ 724400.0, 6181400.0 ], [ 724400.0, 6181300.0 ], [ 724500.0, 6181300.0 ], [ 724500.0, 6181200.0 ], [ 724500.0, 6181100.0 ], [ 724500.0, 6181000.0 ], [ 724500.0, 6180900.0 ], [ 724500.0, 6180800.0 ], [ 724500.0, 6180700.0 ], [ 724400.0, 6180700.0 ], [ 724300.0, 6180700.0 ] ] ] } },
{ "type": "Feature", "properties": { "Shape_Area": 80000.0, "Shape_Leng": 1200.0, "cluster_id": "101_909", "fid_1": 909.0, "id_munic": 909.0, "munic_clus": "101_909", "munic_code": 101.0, "min": 3.8703765869140625, "max": 3.8703765869140625, "mean": 3.8703765869140625, "count": 8, "std": 0.0, "range": 0.0 }, "geometry": { "type": "Polygon", "coordinates": [ [ [ 724400.0, 6181500.0 ], [ 724300.0, 6181500.0 ], [ 724200.0, 6181500.0 ], [ 724100.0, 6181500.0 ], [ 724100.0, 6181600.0 ], [ 724100.0, 6181700.0 ], [ 724100.0, 6181800.0 ], [ 724200.0, 6181800.0 ], [ 724300.0, 6181800.0 ], [ 724300.0, 6181700.0 ], [ 724400.0, 6181700.0 ], [ 724400.0, 6181600.0 ], [ 724400.0, 6181500.0 ] ] ] } },
{ "type": "Feature", "properties": { "Shape_Area": 30000.0, "Shape_Leng": 800.0, "cluster_id": "101_910", "fid_1": 910.0, "id_munic": 910.0, "munic_clus": "101_910", "munic_code": 101.0, "min": 3.3553817272186279, "max": 3.3553817272186279, "mean": 3.3553816477457681, "count": 3, "std": 7.947285984855057e-08, "range": 0.0 }, "geometry": { "type": "Polygon", "coordinates": [ [ [ 724400.0, 6181600.0 ], [ 724400.0, 6181700.0 ], [ 724500.0, 6181700.0 ], [ 724600.0, 6181700.0 ], [ 724600.0, 6181600.0 ], [ 724500.0, 6181600.0 ], [ 724500.0, 6181500.0 ], [ 724400.0, 6181500.0 ], [ 724400.0, 6181600.0 ] ] ] } },
{ "type": "Feature", "properties": { "Shape_Area": 20000.0, "Shape_Leng": 600.0, "cluster_id": "101_911", "fid_1": 911.0, "id_munic": 911.0, "munic_clus": "101_911", "munic_code": 101.0, "min": 3.1344552040100098, "max": 3.1344552040100098, "mean": 3.1344552040100098, "count": 2, "std": 0.0, "range": 0.0 }, "geometry": { "type": "Polygon", "coordinates": [ [ [ 721900.0, 6179900.0 ], [ 722000.0, 6179900.0 ], [ 722100.0, 6179900.0 ], [ 722100.0, 6179800.0 ], [ 722000.0, 6179800.0 ], [ 721900.0, 6179800.0 ], [ 721900.0, 6179900.0 ] ] ] } },
{ "type": "Feature", "properties": { "Shape_Area": 10000.0, "Shape_Leng": 400.0, "cluster_id": "101_912", "fid_1": 912.0, "id_munic": 912.0, "munic_clus": "101_912", "munic_code": 101.0, "min": 4.2070980072021484, "max": 4.2070980072021484, "mean": 4.2070980072021484, "count": 1, "std": 0.0, "range": 0.0 }, "geometry": { "type": "Polygon", "coordinates": [ [ [ 721800.0, 6180000.0 ], [ 721800.0, 6180100.0 ], [ 721900.0, 6180100.0 ], [ 721900.0, 6180000.0 ], [ 721800.0, 6180000.0 ] ] ] } },
{ "type": "Feature", "properties": { "Shape_Area": 20000.0, "Shape_Leng": 600.0, "cluster_id": "101_913", "fid_1": 913.0, "id_munic": 913.0, "munic_clus": "101_913", "munic_code": 101.0, "min": 3.1179609298706055, "max": 3.1179609298706055, "mean": 3.1179609298706055, "count": 2, "std": 0.0, "range": 0.0 }, "geometry": { "type": "Polygon", "coordinates": [ [ [ 721800.0, 6180000.0 ], [ 721900.0, 6180000.0 ], [ 722000.0, 6180000.0 ], [ 722000.0, 6179900.0 ], [ 721900.0, 6179900.0 ], [ 721800.0, 6179900.0 ], [ 721800.0, 6180000.0 ] ] ] } },
{ "type": "Feature", "properties": { "Shape_Area": 10000.0, "Shape_Leng": 400.0, "cluster_id": "101_914", "fid_1": 914.0, "id_munic": 914.0, "munic_clus": "101_914", "munic_code": 101.0, "min": 2.7089307308197021, "max": 2.7089307308197021, "mean": 2.7089307308197021, "count": 1, "std": 0.0, "range": 0.0 }, "geometry": { "type": "Polygon", "coordinates": [ [ [ 722800.0, 6178700.0 ], [ 722800.0, 6178800.0 ], [ 722900.0, 6178800.0 ], [ 722900.0, 6178700.0 ], [ 722800.0, 6178700.0 ] ] ] } },
{ "type": "Feature", "properties": { "Shape_Area": 20000.0, "Shape_Leng": 600.0, "cluster_id": "101_915", "fid_1": 915.0, "id_munic": 915.0, "munic_clus": "101_915", "munic_code": 101.0, "min": 3.2387535572052002, "max": 3.2387535572052002, "mean": 3.2387535572052002, "count": 2, "std": 0.0, "range": 0.0 }, "geometry": { "type": "Polygon", "coordinates": [ [ [ 722700.0, 6178600.0 ], [ 722700.0, 6178700.0 ], [ 722800.0, 6178700.0 ], [ 722800.0, 6178600.0 ], [ 722800.0, 6178500.0 ], [ 722700.0, 6178500.0 ], [ 722700.0, 6178600.0 ] ] ] } },
{ "type": "Feature", "properties": { "Shape_Area": 20000.0, "Shape_Leng": 600.0, "cluster_id": "101_916", "fid_1": 916.0, "id_munic": 916.0, "munic_clus": "101_916", "munic_code": 101.0, "min": 2.2909030914306641, "max": 2.2909030914306641, "mean": 2.2909030914306641, "count": 2, "std": 0.0, "range": 0.0 }, "geometry": { "type": "Polygon", "coordinates": [ [ [ 722400.0, 6178600.0 ], [ 722500.0, 6178600.0 ], [ 722600.0, 6178600.0 ], [ 722600.0, 6178500.0 ], [ 722500.0, 6178500.0 ], [ 722400.0, 6178500.0 ], [ 722400.0, 6178600.0 ] ] ] } },
{ "type": "Feature", "properties": { "Shape_Area": 10000.0, "Shape_Leng": 400.0, "cluster_id": "101_917", "fid_1": 917.0, "id_munic": 917.0, "munic_clus": "101_917", "munic_code": 101.0, "min": 2.8540487289428711, "max": 2.8540487289428711, "mean": 2.8540487289428711, "count": 1, "std": 0.0, "range": 0.0 }, "geometry": { "type": "Polygon", "coordinates": [ [ [ 722300.0, 6178200.0 ], [ 722300.0, 6178300.0 ], [ 722400.0, 6178300.0 ], [ 722400.0, 6178200.0 ], [ 722300.0, 6178200.0 ] ] ] } },
{ "type": "Feature", "properties": { "Shape_Area": 20000.0, "Shape_Leng": 600.0, "cluster_id": "101_918", "fid_1": 918.0, "id_munic": 918.0, "munic_clus": "101_918", "munic_code": 101.0, "min": 2.7077641487121582, "max": 2.7077641487121582, "mean": 2.7077641487121582, "count": 2, "std": 0.0, "range": 0.0 }, "geometry": { "type": "Polygon", "coordinates": [ [ [ 722200.0, 6178200.0 ], [ 722200.0, 6178300.0 ], [ 722300.0, 6178300.0 ], [ 722300.0, 6178200.0 ], [ 722300.0, 6178100.0 ], [ 722200.0, 6178100.0 ], [ 722200.0, 6178200.0 ] ] ] } },
{ "type": "Feature", "properties": { "Shape_Area": 10000.0, "Shape_Leng": 400.0, "cluster_id": "101_919", "fid_1": 919.0, "id_munic": 919.0, "munic_clus": "101_919", "munic_code": 101.0, "min": 3.2369208335876465, "max": 3.2369208335876465, "mean": 3.2369208335876465, "count": 1, "std": 0.0, "range": 0.0 }, "geometry": { "type": "Polygon", "coordinates": [ [ [ 722200.0, 6178300.0 ], [ 722200.0, 6178400.0 ], [ 722300.0, 6178400.0 ], [ 722300.0, 6178300.0 ], [ 722200.0, 6178300.0 ] ] ] } },
{ "type": "Feature", "properties": { "Shape_Area": 10000.0, "Shape_Leng": 400.0, "cluster_id": "101_920", "fid_1": 920.0, "id_munic": 920.0, "munic_clus": "101_920", "munic_code": 101.0, "min": 3.0754752159118652, "max": 3.0754752159118652, "mean": 3.0754752159118652, "count": 1, "std": 0.0, "range": 0.0 }, "geometry": { "type": "Polygon", "coordinates": [ [ [ 722600.0, 6178500.0 ], [ 722600.0, 6178600.0 ], [ 722700.0, 6178600.0 ], [ 722700.0, 6178500.0 ], [ 722600.0, 6178500.0 ] ] ] } },
{ "type": "Feature", "properties": { "Shape_Area": 20000.0, "Shape_Leng": 600.0, "cluster_id": "101_921", "fid_1": 921.0, "id_munic": 921.0, "munic_clus": "101_921", "munic_code": 101.0, "min": 3.7330892086029053, "max": 3.7330892086029053, "mean": 3.7330892086029053, "count": 2, "std": 0.0, "range": 0.0 }, "geometry": { "type": "Polygon", "coordinates": [ [ [ 722700.0, 6178800.0 ], [ 722700.0, 6178900.0 ], [ 722800.0, 6178900.0 ], [ 722800.0, 6178800.0 ], [ 722800.0, 6178700.0 ], [ 722700.0, 6178700.0 ], [ 722700.0, 6178800.0 ] ] ] } },
{ "type": "Feature", "properties": { "Shape_Area": 10000.0, "Shape_Leng": 400.0, "cluster_id": "101_922", "fid_1": 922.0, "id_munic": 922.0, "munic_clus": "101_922", "munic_code": 101.0, "min": 3.8267245292663574, "max": 3.8267245292663574, "mean": 3.8267245292663574, "count": 1, "std": 0.0, "range": 0.0 }, "geometry": { "type": "Polygon", "coordinates": [ [ [ 722600.0, 6178800.0 ], [ 722600.0, 6178900.0 ], [ 722700.0, 6178900.0 ], [ 722700.0, 6178800.0 ], [ 722600.0, 6178800.0 ] ] ] } },
{ "type": "Feature", "properties": { "Shape_Area": 90000.0, "Shape_Leng": 1400.0, "cluster_id": "101_923", "fid_1": 923.0, "id_munic": 923.0, "munic_clus": "101_923", "munic_code": 101.0, "min": 3.8533825874328613, "max": 3.8533825874328613, "mean": 3.8533825344509549, "count": 9, "std": 5.2981906417670643e-08, "range": 0.0 }, "geometry": { "type": "Polygon", "coordinates": [ [ [ 723400.0, 6180600.0 ], [ 723400.0, 6180700.0 ], [ 723300.0, 6180700.0 ], [ 723300.0, 6180800.0 ], [ 723300.0, 6180900.0 ], [ 723300.0, 6181000.0 ], [ 723400.0, 6181000.0 ], [ 723500.0, 6181000.0 ], [ 723500.0, 6180900.0 ], [ 723600.0, 6180900.0 ], [ 723600.0, 6180800.0 ], [ 723600.0, 6180700.0 ], [ 723500.0, 6180700.0 ], [ 723500.0, 6180600.0 ], [ 723400.0, 6180600.0 ] ] ] } },
{ "type": "Feature", "properties": { "Shape_Area": 40000.0, "Shape_Leng": 1000.0, "cluster_id": "101_924", "fid_1": 924.0, "id_munic": 924.0, "munic_clus": "101_924", "munic_code": 101.0, "min": 4.1172943115234375, "max": 4.1172943115234375, "mean": 4.1172943115234375, "count": 4, "std": 0.0, "range": 0.0 }, "geometry": { "type": "Polygon", "coordinates": [ [ [ 723600.0, 6181000.0 ], [ 723600.0, 6181100.0 ], [ 723600.0, 6181200.0 ], [ 723700.0, 6181200.0 ], [ 723700.0, 6181100.0 ], [ 723700.0, 6181000.0 ], [ 723700.0, 6180900.0 ], [ 723600.0, 6180900.0 ], [ 723500.0, 6180900.0 ], [ 723500.0, 6181000.0 ], [ 723600.0, 6181000.0 ] ] ] } },
{ "type": "Feature", "properties": { "Shape_Area": 30000.0, "Shape_Leng": 800.0, "cluster_id": "101_925", "fid_1": 925.0, "id_munic": 925.0, "munic_clus": "101_925", "munic_code": 101.0, "min": 3.1566147804260254, "max": 3.1566147804260254, "mean": 3.1566149393717446, "count": 3, "std": 1.5894571925301193e-07, "range": 0.0 }, "geometry": { "type": "Polygon", "coordinates": [ [ [ 723700.0, 6181000.0 ], [ 723700.0, 6181100.0 ], [ 723700.0, 6181200.0 ], [ 723800.0, 6181200.0 ], [ 723800.0, 6181100.0 ], [ 723800.0, 6181000.0 ], [ 723800.0, 6180900.0 ], [ 723700.0, 6180900.0 ], [ 723700.0, 6181000.0 ] ] ] } },
{ "type": "Feature", "properties": { "Shape_Area": 20000.0, "Shape_Leng": 600.0, "cluster_id": "101_926", "fid_1": 926.0, "id_munic": 926.0, "munic_clus": "101_926", "munic_code": 101.0, "min": 3.3608798980712891, "max": 3.3608798980712891, "mean": 3.3608798980712891, "count": 2, "std": 0.0, "range": 0.0 }, "geometry": { "type": "Polygon", "coordinates": [ [ [ 723400.0, 6180500.0 ], [ 723400.0, 6180600.0 ], [ 723500.0, 6180600.0 ], [ 723500.0, 6180500.0 ], [ 723500.0, 6180400.0 ], [ 723400.0, 6180400.0 ], [ 723400.0, 6180500.0 ] ] ] } },
{ "type": "Feature", "properties": { "Shape_Area": 20000.0, "Shape_Leng": 600.0, "cluster_id": "101_927", "fid_1": 927.0, "id_munic": 927.0, "munic_clus": "101_927", "munic_code": 101.0, "min": 3.279407262802124, "max": 3.279407262802124, "mean": 3.279407262802124, "count": 2, "std": 0.0, "range": 0.0 }, "geometry": { "type": "Polygon", "coordinates": [ [ [ 723500.0, 6180600.0 ], [ 723500.0, 6180700.0 ], [ 723600.0, 6180700.0 ], [ 723600.0, 6180600.0 ], [ 723600.0, 6180500.0 ], [ 723500.0, 6180500.0 ], [ 723500.0, 6180600.0 ] ] ] } },
{ "type": "Feature", "properties": { "Shape_Area": 40000.0, "Shape_Leng": 800.0, "cluster_id": "101_928", "fid_1": 928.0, "id_munic": 928.0, "munic_clus": "101_928", "munic_code": 101.0, "min": 3.8595468997955322, "max": 3.8595468997955322, "mean": 3.8595468997955322, "count": 4, "std": 0.0, "range": 0.0 }, "geometry": { "type": "Polygon", "coordinates": [ [ [ 723800.0, 6180700.0 ], [ 723700.0, 6180700.0 ], [ 723600.0, 6180700.0 ], [ 723600.0, 6180800.0 ], [ 723600.0, 6180900.0 ], [ 723700.0, 6180900.0 ], [ 723800.0, 6180900.0 ], [ 723800.0, 6180800.0 ], [ 723800.0, 6180700.0 ] ] ] } },
{ "type": "Feature", "properties": { "Shape_Area": 10000.0, "Shape_Leng": 400.0, "cluster_id": "101_929", "fid_1": 929.0, "id_munic": 929.0, "munic_clus": "101_929", "munic_code": 101.0, "min": 2.5624792575836182, "max": 2.5624792575836182, "mean": 2.5624792575836182, "count": 1, "std": 0.0, "range": 0.0 }, "geometry": { "type": "Polygon", "coordinates": [ [ [ 722800.0, 6178900.0 ], [ 722800.0, 6179000.0 ], [ 722900.0, 6179000.0 ], [ 722900.0, 6178900.0 ], [ 722800.0, 6178900.0 ] ] ] } },
{ "type": "Feature", "properties": { "Shape_Area": 10000.0, "Shape_Leng": 400.0, "cluster_id": "101_930", "fid_1": 930.0, "id_munic": 930.0, "munic_clus": "101_930", "munic_code": 101.0, "min": 2.8267250061035156, "max": 2.8267250061035156, "mean": 2.8267250061035156, "count": 1, "std": 0.0, "range": 0.0 }, "geometry": { "type": "Polygon", "coordinates": [ [ [ 722900.0, 6178800.0 ], [ 722900.0, 6178900.0 ], [ 723000.0, 6178900.0 ], [ 723000.0, 6178800.0 ], [ 722900.0, 6178800.0 ] ] ] } },
{ "type": "Feature", "properties": { "Shape_Area": 10000.0, "Shape_Leng": 400.0, "cluster_id": "101_931", "fid_1": 931.0, "id_munic": 931.0, "munic_clus": "101_931", "munic_code": 101.0, "min": 3.4233589172363281, "max": 3.4233589172363281, "mean": 3.4233589172363281, "count": 1, "std": 0.0, "range": 0.0 }, "geometry": { "type": "Polygon", "coordinates": [ [ [ 722800.0, 6178800.0 ], [ 722800.0, 6178900.0 ], [ 722900.0, 6178900.0 ], [ 722900.0, 6178800.0 ], [ 722800.0, 6178800.0 ] ] ] } },
{ "type": "Feature", "properties": { "Shape_Area": 10000.0, "Shape_Leng": 400.0, "cluster_id": "101_932", "fid_1": 932.0, "id_munic": 932.0, "munic_clus": "101_932", "munic_code": 101.0, "min": 3.6841056346893311, "max": 3.6841056346893311, "mean": 3.6841056346893311, "count": 1, "std": 0.0, "range": 0.0 }, "geometry": { "type": "Polygon", "coordinates": [ [ [ 722900.0, 6178900.0 ], [ 722900.0, 6179000.0 ], [ 723000.0, 6179000.0 ], [ 723000.0, 6178900.0 ], [ 722900.0, 6178900.0 ] ] ] } },
{ "type": "Feature", "properties": { "Shape_Area": 40000.0, "Shape_Leng": 800.0, "cluster_id": "101_933", "fid_1": 933.0, "id_munic": 933.0, "munic_clus": "101_933", "munic_code": 101.0, "min": 3.6592807769775391, "max": 3.6592807769775391, "mean": 3.6592807769775391, "count": 4, "std": 0.0, "range": 0.0 }, "geometry": { "type": "Polygon", "coordinates": [ [ [ 723100.0, 6179100.0 ], [ 723000.0, 6179100.0 ], [ 722900.0, 6179100.0 ], [ 722900.0, 6179200.0 ], [ 722900.0, 6179300.0 ], [ 723000.0, 6179300.0 ], [ 723100.0, 6179300.0 ], [ 723100.0, 6179200.0 ], [ 723100.0, 6179100.0 ] ] ] } },
{ "type": "Feature", "properties": { "Shape_Area": 30000.0, "Shape_Leng": 800.0, "cluster_id": "101_934", "fid_1": 934.0, "id_munic": 934.0, "munic_clus": "101_934", "munic_code": 101.0, "min": 3.3855383396148682, "max": 3.3855383396148682, "mean": 3.385538419087728, "count": 3, "std": 7.947285984855057e-08, "range": 0.0 }, "geometry": { "type": "Polygon", "coordinates": [ [ [ 723000.0, 6179000.0 ], [ 723000.0, 6179100.0 ], [ 723100.0, 6179100.0 ], [ 723200.0, 6179100.0 ], [ 723200.0, 6179000.0 ], [ 723100.0, 6179000.0 ], [ 723100.0, 6178900.0 ], [ 723000.0, 6178900.0 ], [ 723000.0, 6179000.0 ] ] ] } },
{ "type": "Feature", "properties": { "Shape_Area": 20000.0, "Shape_Leng": 600.0, "cluster_id": "101_935", "fid_1": 935.0, "id_munic": 935.0, "munic_clus": "101_935", "munic_code": 101.0, "min": 4.0989680290222168, "max": 4.0989680290222168, "mean": 4.0989680290222168, "count": 2, "std": 0.0, "range": 0.0 }, "geometry": { "type": "Polygon", "coordinates": [ [ [ 722800.0, 6179100.0 ], [ 722900.0, 6179100.0 ], [ 723000.0, 6179100.0 ], [ 723000.0, 6179000.0 ], [ 722900.0, 6179000.0 ], [ 722800.0, 6179000.0 ], [ 722800.0, 6179100.0 ] ] ] } },
{ "type": "Feature", "properties": { "Shape_Area": 20000.0, "Shape_Leng": 600.0, "cluster_id": "101_936", "fid_1": 936.0, "id_munic": 936.0, "munic_clus": "101_936", "munic_code": 101.0, "min": 3.2147617340087891, "max": 3.2147617340087891, "mean": 3.2147617340087891, "count": 2, "std": 0.0, "range": 0.0 }, "geometry": { "type": "Polygon", "coordinates": [ [ [ 723900.0, 6179500.0 ], [ 724000.0, 6179500.0 ], [ 724100.0, 6179500.0 ], [ 724100.0, 6179400.0 ], [ 724000.0, 6179400.0 ], [ 723900.0, 6179400.0 ], [ 723900.0, 6179500.0 ] ] ] } },
{ "type": "Feature", "properties": { "Shape_Area": 20000.0, "Shape_Leng": 600.0, "cluster_id": "101_937", "fid_1": 937.0, "id_munic": 937.0, "munic_clus": "101_937", "munic_code": 101.0, "min": 3.1012997627258301, "max": 3.1012997627258301, "mean": 3.1012997627258301, "count": 2, "std": 0.0, "range": 0.0 }, "geometry": { "type": "Polygon", "coordinates": [ [ [ 723800.0, 6179300.0 ], [ 723800.0, 6179400.0 ], [ 723900.0, 6179400.0 ], [ 723900.0, 6179300.0 ], [ 723900.0, 6179200.0 ], [ 723800.0, 6179200.0 ], [ 723800.0, 6179300.0 ] ] ] } },
{ "type": "Feature", "properties": { "Shape_Area": 20000.0, "Shape_Leng": 600.0, "cluster_id": "101_938", "fid_1": 938.0, "id_munic": 938.0, "munic_clus": "101_938", "munic_code": 101.0, "min": 3.4165277481079102, "max": 3.4165277481079102, "mean": 3.4165277481079102, "count": 2, "std": 0.0, "range": 0.0 }, "geometry": { "type": "Polygon", "coordinates": [ [ [ 723900.0, 6179300.0 ], [ 723900.0, 6179400.0 ], [ 724000.0, 6179400.0 ], [ 724000.0, 6179300.0 ], [ 724000.0, 6179200.0 ], [ 723900.0, 6179200.0 ], [ 723900.0, 6179300.0 ] ] ] } },
{ "type": "Feature", "properties": { "Shape_Area": 20000.0, "Shape_Leng": 600.0, "cluster_id": "101_939", "fid_1": 939.0, "id_munic": 939.0, "munic_clus": "101_939", "munic_code": 101.0, "min": 3.9725091457366943, "max": 3.9725091457366943, "mean": 3.9725091457366943, "count": 2, "std": 0.0, "range": 0.0 }, "geometry": { "type": "Polygon", "coordinates": [ [ [ 724100.0, 6179600.0 ], [ 724200.0, 6179600.0 ], [ 724300.0, 6179600.0 ], [ 724300.0, 6179500.0 ], [ 724200.0, 6179500.0 ], [ 724100.0, 6179500.0 ], [ 724100.0, 6179600.0 ] ] ] } },
{ "type": "Feature", "properties": { "Shape_Area": 40000.0, "Shape_Leng": 800.0, "cluster_id": "101_940", "fid_1": 940.0, "id_munic": 940.0, "munic_clus": "101_940", "munic_code": 101.0, "min": 3.4760079383850098, "max": 3.4760079383850098, "mean": 3.4760079383850098, "count": 4, "std": 0.0, "range": 0.0 }, "geometry": { "type": "Polygon", "coordinates": [ [ [ 724300.0, 6179300.0 ], [ 724200.0, 6179300.0 ], [ 724100.0, 6179300.0 ], [ 724100.0, 6179400.0 ], [ 724100.0, 6179500.0 ], [ 724200.0, 6179500.0 ], [ 724300.0, 6179500.0 ], [ 724300.0, 6179400.0 ], [ 724300.0, 6179300.0 ] ] ] } },
{ "type": "Feature", "properties": { "Shape_Area": 20000.0, "Shape_Leng": 600.0, "cluster_id": "101_941", "fid_1": 941.0, "id_munic": 941.0, "munic_clus": "101_941", "munic_code": 101.0, "min": 2.4223594665527344, "max": 2.4223594665527344, "mean": 2.4223594665527344, "count": 2, "std": 0.0, "range": 0.0 }, "geometry": { "type": "Polygon", "coordinates": [ [ [ 723700.0, 6179600.0 ], [ 723800.0, 6179600.0 ], [ 723900.0, 6179600.0 ], [ 723900.0, 6179500.0 ], [ 723800.0, 6179500.0 ], [ 723700.0, 6179500.0 ], [ 723700.0, 6179600.0 ] ] ] } },
{ "type": "Feature", "properties": { "Shape_Area": 20000.0, "Shape_Leng": 600.0, "cluster_id": "101_942", "fid_1": 942.0, "id_munic": 942.0, "munic_clus": "101_942", "munic_code": 101.0, "min": 2.5449850559234619, "max": 2.5449850559234619, "mean": 2.5449850559234619, "count": 2, "std": 0.0, "range": 0.0 }, "geometry": { "type": "Polygon", "coordinates": [ [ [ 724000.0, 6179700.0 ], [ 724100.0, 6179700.0 ], [ 724200.0, 6179700.0 ], [ 724200.0, 6179600.0 ], [ 724100.0, 6179600.0 ], [ 724000.0, 6179600.0 ], [ 724000.0, 6179700.0 ] ] ] } },
{ "type": "Feature", "properties": { "Shape_Area": 20000.0, "Shape_Leng": 600.0, "cluster_id": "101_943", "fid_1": 943.0, "id_munic": 943.0, "munic_clus": "101_943", "munic_code": 101.0, "min": 2.3707101345062256, "max": 2.3707101345062256, "mean": 2.3707101345062256, "count": 2, "std": 0.0, "range": 0.0 }, "geometry": { "type": "Polygon", "coordinates": [ [ [ 723900.0, 6179600.0 ], [ 724000.0, 6179600.0 ], [ 724100.0, 6179600.0 ], [ 724100.0, 6179500.0 ], [ 724000.0, 6179500.0 ], [ 723900.0, 6179500.0 ], [ 723900.0, 6179600.0 ] ] ] } },
{ "type": "Feature", "properties": { "Shape_Area": 30000.0, "Shape_Leng": 800.0, "cluster_id": "101_944", "fid_1": 944.0, "id_munic": 944.0, "munic_clus": "101_944", "munic_code": 101.0, "min": 2.4675109386444092, "max": 2.4675109386444092, "mean": 2.4675108591715493, "count": 3, "std": 7.947285984855057e-08, "range": 0.0 }, "geometry": { "type": "Polygon", "coordinates": [ [ [ 719300.0, 6174700.0 ], [ 719400.0, 6174700.0 ], [ 719400.0, 6174800.0 ], [ 719500.0, 6174800.0 ], [ 719500.0, 6174700.0 ], [ 719500.0, 6174600.0 ], [ 719400.0, 6174600.0 ], [ 719300.0, 6174600.0 ], [ 719300.0, 6174700.0 ] ] ] } },
{ "type": "Feature", "properties": { "Shape_Area": 30000.0, "Shape_Leng": 800.0, "cluster_id": "101_945", "fid_1": 945.0, "id_munic": 945.0, "munic_clus": "101_945", "munic_code": 101.0, "min": 2.5601465702056885, "max": 2.5601465702056885, "mean": 2.5601466496785483, "count": 3, "std": 7.947285984855057e-08, "range": 0.0 }, "geometry": { "type": "Polygon", "coordinates": [ [ [ 720300.0, 6174000.0 ], [ 720300.0, 6174100.0 ], [ 720400.0, 6174100.0 ], [ 720500.0, 6174100.0 ], [ 720500.0, 6174000.0 ], [ 720400.0, 6174000.0 ], [ 720400.0, 6173900.0 ], [ 720300.0, 6173900.0 ], [ 720300.0, 6174000.0 ] ] ] } },
{ "type": "Feature", "properties": { "Shape_Area": 20000.0, "Shape_Leng": 600.0, "cluster_id": "101_946", "fid_1": 946.0, "id_munic": 946.0, "munic_clus": "101_946", "munic_code": 101.0, "min": 3.3282241821289062, "max": 3.3282241821289062, "mean": 3.3282241821289062, "count": 2, "std": 0.0, "range": 0.0 }, "geometry": { "type": "Polygon", "coordinates": [ [ [ 721000.0, 6174200.0 ], [ 721100.0, 6174200.0 ], [ 721200.0, 6174200.0 ], [ 721200.0, 6174100.0 ], [ 721100.0, 6174100.0 ], [ 721000.0, 6174100.0 ], [ 721000.0, 6174200.0 ] ] ] } },
{ "type": "Feature", "properties": { "Shape_Area": 20000.0, "Shape_Leng": 600.0, "cluster_id": "101_947", "fid_1": 947.0, "id_munic": 947.0, "munic_clus": "101_947", "munic_code": 101.0, "min": 3.1949355602264404, "max": 3.1949355602264404, "mean": 3.1949355602264404, "count": 2, "std": 0.0, "range": 0.0 }, "geometry": { "type": "Polygon", "coordinates": [ [ [ 720000.0, 6177400.0 ], [ 720100.0, 6177400.0 ], [ 720200.0, 6177400.0 ], [ 720200.0, 6177300.0 ], [ 720100.0, 6177300.0 ], [ 720000.0, 6177300.0 ], [ 720000.0, 6177400.0 ] ] ] } },
{ "type": "Feature", "properties": { "Shape_Area": 90000.0, "Shape_Leng": 1600.0, "cluster_id": "101_948", "fid_1": 948.0, "id_munic": 948.0, "munic_clus": "101_948", "munic_code": 101.0, "min": 2.8052318096160889, "max": 2.8052318096160889, "mean": 2.8052315182156033, "count": 9, "std": 2.9140048551923314e-07, "range": 0.0 }, "geometry": { "type": "Polygon", "coordinates": [ [ [ 719700.0, 6174400.0 ], [ 719600.0, 6174400.0 ], [ 719600.0, 6174500.0 ], [ 719600.0, 6174600.0 ], [ 719700.0, 6174600.0 ], [ 719700.0, 6174700.0 ], [ 719600.0, 6174700.0 ], [ 719600.0, 6174800.0 ], [ 719700.0, 6174800.0 ], [ 719800.0, 6174800.0 ], [ 719800.0, 6174700.0 ], [ 719900.0, 6174700.0 ], [ 719900.0, 6174600.0 ], [ 719900.0, 6174500.0 ], [ 719800.0, 6174500.0 ], [ 719800.0, 6174400.0 ], [ 719700.0, 6174400.0 ] ] ] } },
{ "type": "Feature", "properties": { "Shape_Area": 60000.0, "Shape_Leng": 1200.0, "cluster_id": "101_949", "fid_1": 949.0, "id_munic": 949.0, "munic_clus": "101_949", "munic_code": 101.0, "min": 3.0146620273590088, "max": 3.0146620273590088, "mean": 3.0146621068318686, "count": 6, "std": 7.947285984855057e-08, "range": 0.0 }, "geometry": { "type": "Polygon", "coordinates": [ [ [ 720000.0, 6173900.0 ], [ 720000.0, 6174000.0 ], [ 720100.0, 6174000.0 ], [ 720100.0, 6174100.0 ], [ 720200.0, 6174100.0 ], [ 720300.0, 6174100.0 ], [ 720300.0, 6174000.0 ], [ 720300.0, 6173900.0 ], [ 720200.0, 6173900.0 ], [ 720200.0, 6173800.0 ], [ 720100.0, 6173800.0 ], [ 720100.0, 6173900.0 ], [ 720000.0, 6173900.0 ] ] ] } },
{ "type": "Feature", "properties": { "Shape_Area": 180000.0, "Shape_Leng": 2200.0, "cluster_id": "101_950", "fid_1": 950.0, "id_munic": 950.0, "munic_clus": "101_950", "munic_code": 101.0, "min": 2.5081639289855957, "max": 2.5081639289855957, "mean": 2.5081638760036893, "count": 18, "std": 5.2981906417670643e-08, "range": 0.0 }, "geometry": { "type": "Polygon", "coordinates": [ [ [ 719900.0, 6174000.0 ], [ 719900.0, 6174100.0 ], [ 719900.0, 6174200.0 ], [ 719900.0, 6174300.0 ], [ 720000.0, 6174300.0 ], [ 720100.0, 6174300.0 ], [ 720100.0, 6174400.0 ], [ 720200.0, 6174400.0 ], [ 720300.0, 6174400.0 ], [ 720300.0, 6174300.0 ], [ 720400.0, 6174300.0 ], [ 720500.0, 6174300.0 ], [ 720600.0, 6174300.0 ], [ 720600.0, 6174200.0 ], [ 720600.0, 6174100.0 ], [ 720500.0, 6174100.0 ], [ 720400.0, 6174100.0 ], [ 720300.0, 6174100.0 ], [ 720200.0, 6174100.0 ], [ 720100.0, 6174100.0 ], [ 720100.0, 6174000.0 ], [ 720000.0, 6174000.0 ], [ 719900.0, 6174000.0 ] ] ] } },
{ "type": "Feature", "properties": { "Shape_Area": 70000.0, "Shape_Leng": 1200.0, "cluster_id": "101_951", "fid_1": 951.0, "id_munic": 951.0, "munic_clus": "101_951", "munic_code": 101.0, "min": 3.0241591930389404, "max": 3.0241591930389404, "mean": 3.0241590227399553, "count": 7, "std": 1.7029898513598596e-07, "range": 0.0 }, "geometry": { "type": "Polygon", "coordinates": [ [ [ 720600.0, 6174300.0 ], [ 720500.0, 6174300.0 ], [ 720400.0, 6174300.0 ], [ 720300.0, 6174300.0 ], [ 720300.0, 6174400.0 ], [ 720300.0, 6174500.0 ], [ 720300.0, 6174600.0 ], [ 720400.0, 6174600.0 ], [ 720400.0, 6174500.0 ], [ 720500.0, 6174500.0 ], [ 720600.0, 6174500.0 ], [ 720600.0, 6174400.0 ], [ 720600.0, 6174300.0 ] ] ] } },
{ "type": "Feature", "properties": { "Shape_Area": 20000.0, "Shape_Leng": 600.0, "cluster_id": "101_952", "fid_1": 952.0, "id_munic": 952.0, "munic_clus": "101_952", "munic_code": 101.0, "min": 3.5099971294403076, "max": 3.5099971294403076, "mean": 3.5099971294403076, "count": 2, "std": 0.0, "range": 0.0 }, "geometry": { "type": "Polygon", "coordinates": [ [ [ 721000.0, 6174100.0 ], [ 721100.0, 6174100.0 ], [ 721200.0, 6174100.0 ], [ 721200.0, 6174000.0 ], [ 721100.0, 6174000.0 ], [ 721000.0, 6174000.0 ], [ 721000.0, 6174100.0 ] ] ] } },
{ "type": "Feature", "properties": { "Shape_Area": 30000.0, "Shape_Leng": 800.0, "cluster_id": "101_953", "fid_1": 953.0, "id_munic": 953.0, "munic_clus": "101_953", "munic_code": 101.0, "min": 3.4002001285552979, "max": 3.4002001285552979, "mean": 3.4002002080281577, "count": 3, "std": 7.947285984855057e-08, "range": 0.0 }, "geometry": { "type": "Polygon", "coordinates": [ [ [ 719500.0, 6173800.0 ], [ 719500.0, 6173900.0 ], [ 719600.0, 6173900.0 ], [ 719600.0, 6173800.0 ], [ 719700.0, 6173800.0 ], [ 719700.0, 6173700.0 ], [ 719600.0, 6173700.0 ], [ 719500.0, 6173700.0 ], [ 719500.0, 6173800.0 ] ] ] } },
{ "type": "Feature", "properties": { "Shape_Area": 20000.0, "Shape_Leng": 600.0, "cluster_id": "101_954", "fid_1": 954.0, "id_munic": 954.0, "munic_clus": "101_954", "munic_code": 101.0, "min": 2.1474509239196777, "max": 2.1474509239196777, "mean": 2.1474509239196777, "count": 2, "std": 0.0, "range": 0.0 }, "geometry": { "type": "Polygon", "coordinates": [ [ [ 720800.0, 6174100.0 ], [ 720900.0, 6174100.0 ], [ 721000.0, 6174100.0 ], [ 721000.0, 6174000.0 ], [ 720900.0, 6174000.0 ], [ 720800.0, 6174000.0 ], [ 720800.0, 6174100.0 ] ] ] } },
{ "type": "Feature", "properties": { "Shape_Area": 70000.0, "Shape_Leng": 1200.0, "cluster_id": "101_955", "fid_1": 955.0, "id_munic": 955.0, "munic_clus": "101_955", "munic_code": 101.0, "min": 3.1506171226501465, "max": 3.1506171226501465, "mean": 3.1506170545305525, "count": 7, "std": 6.8119593965576541e-08, "range": 0.0 }, "geometry": { "type": "Polygon", "coordinates": [ [ [ 719100.0, 6174000.0 ], [ 719100.0, 6174100.0 ], [ 719200.0, 6174100.0 ], [ 719300.0, 6174100.0 ], [ 719300.0, 6174000.0 ], [ 719400.0, 6174000.0 ], [ 719400.0, 6173900.0 ], [ 719300.0, 6173900.0 ], [ 719300.0, 6173800.0 ], [ 719200.0, 6173800.0 ], [ 719100.0, 6173800.0 ], [ 719100.0, 6173900.0 ], [ 719100.0, 6174000.0 ] ] ] } },
{ "type": "Feature", "properties": { "Shape_Area": 10000.0, "Shape_Leng": 400.0, "cluster_id": "101_956", "fid_1": 956.0, "id_munic": 956.0, "munic_clus": "101_956", "munic_code": 101.0, "min": 3.0891377925872803, "max": 3.0891377925872803, "mean": 3.0891377925872803, "count": 1, "std": 0.0, "range": 0.0 }, "geometry": { "type": "Polygon", "coordinates": [ [ [ 720700.0, 6174000.0 ], [ 720700.0, 6174100.0 ], [ 720800.0, 6174100.0 ], [ 720800.0, 6174000.0 ], [ 720700.0, 6174000.0 ] ] ] } },
{ "type": "Feature", "properties": { "Shape_Area": 60000.0, "Shape_Leng": 1200.0, "cluster_id": "101_957", "fid_1": 957.0, "id_munic": 957.0, "munic_clus": "101_957", "munic_code": 101.0, "min": 3.1604466438293457, "max": 3.1604466438293457, "mean": 3.1604464848836265, "count": 6, "std": 1.5894571925301193e-07, "range": 0.0 }, "geometry": { "type": "Polygon", "coordinates": [ [ [ 720500.0, 6174000.0 ], [ 720500.0, 6174100.0 ], [ 720600.0, 6174100.0 ], [ 720600.0, 6174200.0 ], [ 720700.0, 6174200.0 ], [ 720700.0, 6174100.0 ], [ 720700.0, 6174000.0 ], [ 720700.0, 6173900.0 ], [ 720600.0, 6173900.0 ], [ 720500.0, 6173900.0 ], [ 720400.0, 6173900.0 ], [ 720400.0, 6174000.0 ], [ 720500.0, 6174000.0 ] ] ] } },
{ "type": "Feature", "properties": { "Shape_Area": 10000.0, "Shape_Leng": 400.0, "cluster_id": "101_958", "fid_1": 958.0, "id_munic": 958.0, "munic_clus": "101_958", "munic_code": 101.0, "min": 3.0169947147369385, "max": 3.0169947147369385, "mean": 3.0169947147369385, "count": 1, "std": 0.0, "range": 0.0 }, "geometry": { "type": "Polygon", "coordinates": [ [ [ 720200.0, 6174500.0 ], [ 720200.0, 6174600.0 ], [ 720300.0, 6174600.0 ], [ 720300.0, 6174500.0 ], [ 720200.0, 6174500.0 ] ] ] } },
{ "type": "Feature", "properties": { "Shape_Area": 10000.0, "Shape_Leng": 400.0, "cluster_id": "101_959", "fid_1": 959.0, "id_munic": 959.0, "munic_clus": "101_959", "munic_code": 101.0, "min": 2.9293570518493652, "max": 2.9293570518493652, "mean": 2.9293570518493652, "count": 1, "std": 0.0, "range": 0.0 }, "geometry": { "type": "Polygon", "coordinates": [ [ [ 720900.0, 6174100.0 ], [ 720900.0, 6174200.0 ], [ 721000.0, 6174200.0 ], [ 721000.0, 6174100.0 ], [ 720900.0, 6174100.0 ] ] ] } },
{ "type": "Feature", "properties": { "Shape_Area": 10000.0, "Shape_Leng": 400.0, "cluster_id": "101_960", "fid_1": 960.0, "id_munic": 960.0, "munic_clus": "101_960", "munic_code": 101.0, "min": 2.6647787094116211, "max": 2.6647787094116211, "mean": 2.6647787094116211, "count": 1, "std": 0.0, "range": 0.0 }, "geometry": { "type": "Polygon", "coordinates": [ [ [ 720800.0, 6174100.0 ], [ 720800.0, 6174200.0 ], [ 720900.0, 6174200.0 ], [ 720900.0, 6174100.0 ], [ 720800.0, 6174100.0 ] ] ] } },
{ "type": "Feature", "properties": { "Shape_Area": 30000.0, "Shape_Leng": 800.0, "cluster_id": "101_961", "fid_1": 961.0, "id_munic": 961.0, "munic_clus": "101_961", "munic_code": 101.0, "min": 3.2425863742828369, "max": 3.2425863742828369, "mean": 3.2425864537556968, "count": 3, "std": 7.947285984855057e-08, "range": 0.0 }, "geometry": { "type": "Polygon", "coordinates": [ [ [ 719300.0, 6177100.0 ], [ 719200.0, 6177100.0 ], [ 719200.0, 6177200.0 ], [ 719300.0, 6177200.0 ], [ 719400.0, 6177200.0 ], [ 719400.0, 6177100.0 ], [ 719400.0, 6177000.0 ], [ 719300.0, 6177000.0 ], [ 719300.0, 6177100.0 ] ] ] } },
{ "type": "Feature", "properties": { "Shape_Area": 30000.0, "Shape_Leng": 800.0, "cluster_id": "101_962", "fid_1": 962.0, "id_munic": 962.0, "munic_clus": "101_962", "munic_code": 101.0, "min": 2.6644458770751953, "max": 2.6644458770751953, "mean": 2.6644458770751953, "count": 3, "std": 0.0, "range": 0.0 }, "geometry": { "type": "Polygon", "coordinates": [ [ [ 719500.0, 6174600.0 ], [ 719500.0, 6174700.0 ], [ 719600.0, 6174700.0 ], [ 719700.0, 6174700.0 ], [ 719700.0, 6174600.0 ], [ 719600.0, 6174600.0 ], [ 719600.0, 6174500.0 ], [ 719500.0, 6174500.0 ], [ 719500.0, 6174600.0 ] ] ] } },
{ "type": "Feature", "properties": { "Shape_Area": 20000.0, "Shape_Leng": 600.0, "cluster_id": "101_963", "fid_1": 963.0, "id_munic": 963.0, "munic_clus": "101_963", "munic_code": 101.0, "min": 2.4971678256988525, "max": 2.4971678256988525, "mean": 2.4971678256988525, "count": 2, "std": 0.0, "range": 0.0 }, "geometry": { "type": "Polygon", "coordinates": [ [ [ 721100.0, 6174500.0 ], [ 721100.0, 6174600.0 ], [ 721200.0, 6174600.0 ], [ 721200.0, 6174500.0 ], [ 721200.0, 6174400.0 ], [ 721100.0, 6174400.0 ], [ 721100.0, 6174500.0 ] ] ] } },
{ "type": "Feature", "properties": { "Shape_Area": 10000.0, "Shape_Leng": 400.0, "cluster_id": "101_964", "fid_1": 964.0, "id_munic": 964.0, "munic_clus": "101_964", "munic_code": 101.0, "min": 2.6157948970794678, "max": 2.6157948970794678, "mean": 2.6157948970794678, "count": 1, "std": 0.0, "range": 0.0 }, "geometry": { "type": "Polygon", "coordinates": [ [ [ 720700.0, 6174100.0 ], [ 720700.0, 6174200.0 ], [ 720800.0, 6174200.0 ], [ 720800.0, 6174100.0 ], [ 720700.0, 6174100.0 ] ] ] } },
{ "type": "Feature", "properties": { "Shape_Area": 20000.0, "Shape_Leng": 600.0, "cluster_id": "101_965", "fid_1": 965.0, "id_munic": 965.0, "munic_clus": "101_965", "munic_code": 101.0, "min": 3.5934693813323975, "max": 3.5934693813323975, "mean": 3.5934693813323975, "count": 2, "std": 0.0, "range": 0.0 }, "geometry": { "type": "Polygon", "coordinates": [ [ [ 719500.0, 6174800.0 ], [ 719500.0, 6174900.0 ], [ 719600.0, 6174900.0 ], [ 719600.0, 6174800.0 ], [ 719600.0, 6174700.0 ], [ 719500.0, 6174700.0 ], [ 719500.0, 6174800.0 ] ] ] } },
{ "type": "Feature", "properties": { "Shape_Area": 10000.0, "Shape_Leng": 400.0, "cluster_id": "101_966", "fid_1": 966.0, "id_munic": 966.0, "munic_clus": "101_966", "munic_code": 101.0, "min": 2.6084637641906738, "max": 2.6084637641906738, "mean": 2.6084637641906738, "count": 1, "std": 0.0, "range": 0.0 }, "geometry": { "type": "Polygon", "coordinates": [ [ [ 724400.0, 6177800.0 ], [ 724400.0, 6177900.0 ], [ 724500.0, 6177900.0 ], [ 724500.0, 6177800.0 ], [ 724400.0, 6177800.0 ] ] ] } },
{ "type": "Feature", "properties": { "Shape_Area": 20000.0, "Shape_Leng": 600.0, "cluster_id": "101_967", "fid_1": 967.0, "id_munic": 967.0, "munic_clus": "101_967", "munic_code": 101.0, "min": 3.1729426383972168, "max": 3.1729426383972168, "mean": 3.1729426383972168, "count": 2, "std": 0.0, "range": 0.0 }, "geometry": { "type": "Polygon", "coordinates": [ [ [ 724300.0, 6177700.0 ], [ 724300.0, 6177800.0 ], [ 724400.0, 6177800.0 ], [ 724400.0, 6177700.0 ], [ 724400.0, 6177600.0 ], [ 724300.0, 6177600.0 ], [ 724300.0, 6177700.0 ] ] ] } },
{ "type": "Feature", "properties": { "Shape_Area": 80000.0, "Shape_Leng": 1400.0, "cluster_id": "101_968", "fid_1": 968.0, "id_munic": 968.0, "munic_clus": "101_968", "munic_code": 101.0, "min": 3.0491502285003662, "max": 3.0491502285003662, "mean": 3.0491502285003662, "count": 8, "std": 0.0, "range": 0.0 }, "geometry": { "type": "Polygon", "coordinates": [ [ [ 720100.0, 6176900.0 ], [ 720000.0, 6176900.0 ], [ 719900.0, 6176900.0 ], [ 719800.0, 6176900.0 ], [ 719800.0, 6177000.0 ], [ 719700.0, 6177000.0 ], [ 719700.0, 6177100.0 ], [ 719800.0, 6177100.0 ], [ 719900.0, 6177100.0 ], [ 719900.0, 6177200.0 ], [ 720000.0, 6177200.0 ], [ 720000.0, 6177100.0 ], [ 720100.0, 6177100.0 ], [ 720100.0, 6177000.0 ], [ 720100.0, 6176900.0 ] ] ] } },
{ "type": "Feature", "properties": { "Shape_Area": 40000.0, "Shape_Leng": 1000.0, "cluster_id": "101_969", "fid_1": 969.0, "id_munic": 969.0, "munic_clus": "101_969", "munic_code": 101.0, "min": 2.3397200107574463, "max": 2.3397200107574463, "mean": 2.3397200107574463, "count": 4, "std": 0.0, "range": 0.0 }, "geometry": { "type": "Polygon", "coordinates": [ [ [ 724600.0, 6178200.0 ], [ 724600.0, 6178300.0 ], [ 724700.0, 6178300.0 ], [ 724800.0, 6178300.0 ], [ 724800.0, 6178200.0 ], [ 724700.0, 6178200.0 ], [ 724700.0, 6178100.0 ], [ 724600.0, 6178100.0 ], [ 724500.0, 6178100.0 ], [ 724500.0, 6178200.0 ], [ 724600.0, 6178200.0 ] ] ] } },
{ "type": "Feature", "properties": { "Shape_Area": 20000.0, "Shape_Leng": 600.0, "cluster_id": "101_970", "fid_1": 970.0, "id_munic": 970.0, "munic_clus": "101_970", "munic_code": 101.0, "min": 3.6001336574554443, "max": 3.6001336574554443, "mean": 3.6001336574554443, "count": 2, "std": 0.0, "range": 0.0 }, "geometry": { "type": "Polygon", "coordinates": [ [ [ 724700.0, 6178400.0 ], [ 724800.0, 6178400.0 ], [ 724900.0, 6178400.0 ], [ 724900.0, 6178300.0 ], [ 724800.0, 6178300.0 ], [ 724700.0, 6178300.0 ], [ 724700.0, 6178400.0 ] ] ] } },
{ "type": "Feature", "properties": { "Shape_Area": 20000.0, "Shape_Leng": 600.0, "cluster_id": "101_971", "fid_1": 971.0, "id_munic": 971.0, "munic_clus": "101_971", "munic_code": 101.0, "min": 3.0769748687744141, "max": 3.0769748687744141, "mean": 3.0769748687744141, "count": 2, "std": 0.0, "range": 0.0 }, "geometry": { "type": "Polygon", "coordinates": [ [ [ 724800.0, 6177800.0 ], [ 724800.0, 6177900.0 ], [ 724900.0, 6177900.0 ], [ 724900.0, 6177800.0 ], [ 724900.0, 6177700.0 ], [ 724800.0, 6177700.0 ], [ 724800.0, 6177800.0 ] ] ] } },
{ "type": "Feature", "properties": { "Shape_Area": 10000.0, "Shape_Leng": 400.0, "cluster_id": "101_972", "fid_1": 972.0, "id_munic": 972.0, "munic_clus": "101_972", "munic_code": 101.0, "min": 2.7440857887268066, "max": 2.7440857887268066, "mean": 2.7440857887268066, "count": 1, "std": 0.0, "range": 0.0 }, "geometry": { "type": "Polygon", "coordinates": [ [ [ 724700.0, 6177700.0 ], [ 724700.0, 6177800.0 ], [ 724800.0, 6177800.0 ], [ 724800.0, 6177700.0 ], [ 724700.0, 6177700.0 ] ] ] } },
{ "type": "Feature", "properties": { "Shape_Area": 30000.0, "Shape_Leng": 800.0, "cluster_id": "101_973", "fid_1": 973.0, "id_munic": 973.0, "munic_clus": "101_973", "munic_code": 101.0, "min": 3.3072311878204346, "max": 3.3072311878204346, "mean": 3.3072312672932944, "count": 3, "std": 7.947285984855057e-08, "range": 0.0 }, "geometry": { "type": "Polygon", "coordinates": [ [ [ 724700.0, 6177600.0 ], [ 724600.0, 6177600.0 ], [ 724600.0, 6177700.0 ], [ 724700.0, 6177700.0 ], [ 724800.0, 6177700.0 ], [ 724800.0, 6177600.0 ], [ 724800.0, 6177500.0 ], [ 724700.0, 6177500.0 ], [ 724700.0, 6177600.0 ] ] ] } },
{ "type": "Feature", "properties": { "Shape_Area": 10000.0, "Shape_Leng": 400.0, "cluster_id": "101_974", "fid_1": 974.0, "id_munic": 974.0, "munic_clus": "101_974", "munic_code": 101.0, "min": 3.0703103542327881, "max": 3.0703103542327881, "mean": 3.0703103542327881, "count": 1, "std": 0.0, "range": 0.0 }, "geometry": { "type": "Polygon", "coordinates": [ [ [ 724600.0, 6177500.0 ], [ 724600.0, 6177600.0 ], [ 724700.0, 6177600.0 ], [ 724700.0, 6177500.0 ], [ 724600.0, 6177500.0 ] ] ] } },
{ "type": "Feature", "properties": { "Shape_Area": 20000.0, "Shape_Leng": 600.0, "cluster_id": "101_975", "fid_1": 975.0, "id_munic": 975.0, "munic_clus": "101_975", "munic_code": 101.0, "min": 2.348717212677002, "max": 2.348717212677002, "mean": 2.348717212677002, "count": 2, "std": 0.0, "range": 0.0 }, "geometry": { "type": "Polygon", "coordinates": [ [ [ 724500.0, 6177500.0 ], [ 724600.0, 6177500.0 ], [ 724700.0, 6177500.0 ], [ 724700.0, 6177400.0 ], [ 724600.0, 6177400.0 ], [ 724500.0, 6177400.0 ], [ 724500.0, 6177500.0 ] ] ] } },
{ "type": "Feature", "properties": { "Shape_Area": 30000.0, "Shape_Leng": 800.0, "cluster_id": "101_976", "fid_1": 976.0, "id_munic": 976.0, "munic_clus": "101_976", "munic_code": 101.0, "min": 3.7964015007019043, "max": 3.7964015007019043, "mean": 3.796401341756185, "count": 3, "std": 1.5894571925301193e-07, "range": 0.0 }, "geometry": { "type": "Polygon", "coordinates": [ [ [ 724300.0, 6178000.0 ], [ 724400.0, 6178000.0 ], [ 724400.0, 6178100.0 ], [ 724500.0, 6178100.0 ], [ 724500.0, 6178000.0 ], [ 724500.0, 6177900.0 ], [ 724400.0, 6177900.0 ], [ 724300.0, 6177900.0 ], [ 724300.0, 6178000.0 ] ] ] } },
{ "type": "Feature", "properties": { "Shape_Area": 10000.0, "Shape_Leng": 400.0, "cluster_id": "101_977", "fid_1": 977.0, "id_munic": 977.0, "munic_clus": "101_977", "munic_code": 101.0, "min": 3.0149955749511719, "max": 3.0149955749511719, "mean": 3.0149955749511719, "count": 1, "std": 0.0, "range": 0.0 }, "geometry": { "type": "Polygon", "coordinates": [ [ [ 724700.0, 6178100.0 ], [ 724700.0, 6178200.0 ], [ 724800.0, 6178200.0 ], [ 724800.0, 6178100.0 ], [ 724700.0, 6178100.0 ] ] ] } },
{ "type": "Feature", "properties": { "Shape_Area": 10000.0, "Shape_Leng": 400.0, "cluster_id": "101_978", "fid_1": 978.0, "id_munic": 978.0, "munic_clus": "101_978", "munic_code": 101.0, "min": 3.0129961967468262, "max": 3.0129961967468262, "mean": 3.0129961967468262, "count": 1, "std": 0.0, "range": 0.0 }, "geometry": { "type": "Polygon", "coordinates": [ [ [ 724800.0, 6178200.0 ], [ 724800.0, 6178300.0 ], [ 724900.0, 6178300.0 ], [ 724900.0, 6178200.0 ], [ 724800.0, 6178200.0 ] ] ] } },
{ "type": "Feature", "properties": { "Shape_Area": 30000.0, "Shape_Leng": 800.0, "cluster_id": "101_979", "fid_1": 979.0, "id_munic": 979.0, "munic_clus": "101_979", "munic_code": 101.0, "min": 2.9080307483673096, "max": 2.9080307483673096, "mean": 2.9080308278401694, "count": 3, "std": 7.947285984855057e-08, "range": 0.0 }, "geometry": { "type": "Polygon", "coordinates": [ [ [ 724500.0, 6178000.0 ], [ 724500.0, 6178100.0 ], [ 724600.0, 6178100.0 ], [ 724700.0, 6178100.0 ], [ 724700.0, 6178000.0 ], [ 724600.0, 6178000.0 ], [ 724600.0, 6177900.0 ], [ 724500.0, 6177900.0 ], [ 724500.0, 6178000.0 ] ] ] } },
{ "type": "Feature", "properties": { "Shape_Area": 50000.0, "Shape_Leng": 1200.0, "cluster_id": "101_980", "fid_1": 980.0, "id_munic": 980.0, "munic_clus": "101_980", "munic_code": 101.0, "min": 2.9941692352294922, "max": 2.9941692352294922, "mean": 2.9941692352294922, "count": 5, "std": 0.0, "range": 0.0 }, "geometry": { "type": "Polygon", "coordinates": [ [ [ 724300.0, 6177600.0 ], [ 724200.0, 6177600.0 ], [ 724200.0, 6177700.0 ], [ 724100.0, 6177700.0 ], [ 724100.0, 6177800.0 ], [ 724200.0, 6177800.0 ], [ 724200.0, 6177900.0 ], [ 724300.0, 6177900.0 ], [ 724400.0, 6177900.0 ], [ 724400.0, 6177800.0 ], [ 724300.0, 6177800.0 ], [ 724300.0, 6177700.0 ], [ 724300.0, 6177600.0 ] ] ] } },
{ "type": "Feature", "properties": { "Shape_Area": 180000.0, "Shape_Leng": 2800.0, "cluster_id": "101_981", "fid_1": 981.0, "id_munic": 981.0, "munic_clus": "101_981", "munic_code": 101.0, "min": 3.1899371147155762, "max": 3.1899371147155762, "mean": 3.1899371676974826, "count": 18, "std": 5.2981906417670643e-08, "range": 0.0 }, "geometry": { "type": "Polygon", "coordinates": [ [ [ 724400.0, 6177800.0 ], [ 724500.0, 6177800.0 ], [ 724500.0, 6177900.0 ], [ 724600.0, 6177900.0 ], [ 724600.0, 6178000.0 ], [ 724700.0, 6178000.0 ], [ 724700.0, 6178100.0 ], [ 724800.0, 6178100.0 ], [ 724800.0, 6178200.0 ], [ 724900.0, 6178200.0 ], [ 724900.0, 6178100.0 ], [ 725000.0, 6178100.0 ], [ 725000.0, 6178000.0 ], [ 724900.0, 6178000.0 ], [ 724900.0, 6177900.0 ], [ 724800.0, 6177900.0 ], [ 724800.0, 6177800.0 ], [ 724700.0, 6177800.0 ], [ 724700.0, 6177700.0 ], [ 724600.0, 6177700.0 ], [ 724600.0, 6177600.0 ], [ 724600.0, 6177500.0 ], [ 724500.0, 6177500.0 ], [ 724400.0, 6177500.0 ], [ 724300.0, 6177500.0 ], [ 724300.0, 6177600.0 ], [ 724400.0, 6177600.0 ], [ 724400.0, 6177700.0 ], [ 724400.0, 6177800.0 ] ] ] } },
{ "type": "Feature", "properties": { "Shape_Area": 40000.0, "Shape_Leng": 1000.0, "cluster_id": "101_982", "fid_1": 982.0, "id_munic": 982.0, "munic_clus": "101_982", "munic_code": 101.0, "min": 2.6751084327697754, "max": 2.6751084327697754, "mean": 2.6751084327697754, "count": 4, "std": 0.0, "range": 0.0 }, "geometry": { "type": "Polygon", "coordinates": [ [ [ 719100.0, 6178800.0 ], [ 719200.0, 6178800.0 ], [ 719200.0, 6178900.0 ], [ 719300.0, 6178900.0 ], [ 719300.0, 6178800.0 ], [ 719300.0, 6178700.0 ], [ 719200.0, 6178700.0 ], [ 719200.0, 6178600.0 ], [ 719100.0, 6178600.0 ], [ 719100.0, 6178700.0 ], [ 719100.0, 6178800.0 ] ] ] } },
{ "type": "Feature", "properties": { "Shape_Area": 10000.0, "Shape_Leng": 400.0, "cluster_id": "101_983", "fid_1": 983.0, "id_munic": 983.0, "munic_clus": "101_983", "munic_code": 101.0, "min": 2.9208600521087646, "max": 2.9208600521087646, "mean": 2.9208600521087646, "count": 1, "std": 0.0, "range": 0.0 }, "geometry": { "type": "Polygon", "coordinates": [ [ [ 720000.0, 6177800.0 ], [ 720000.0, 6177900.0 ], [ 720100.0, 6177900.0 ], [ 720100.0, 6177800.0 ], [ 720000.0, 6177800.0 ] ] ] } },
{ "type": "Feature", "properties": { "Shape_Area": 60000.0, "Shape_Leng": 1200.0, "cluster_id": "101_984", "fid_1": 984.0, "id_munic": 984.0, "munic_clus": "101_984", "munic_code": 101.0, "min": 3.1652789115905762, "max": 3.1652789115905762, "mean": 3.1652787526448569, "count": 6, "std": 1.5894571925301193e-07, "range": 0.0 }, "geometry": { "type": "Polygon", "coordinates": [ [ [ 719700.0, 6177200.0 ], [ 719700.0, 6177300.0 ], [ 719800.0, 6177300.0 ], [ 719900.0, 6177300.0 ], [ 720000.0, 6177300.0 ], [ 720000.0, 6177200.0 ], [ 719900.0, 6177200.0 ], [ 719900.0, 6177100.0 ], [ 719800.0, 6177100.0 ], [ 719700.0, 6177100.0 ], [ 719600.0, 6177100.0 ], [ 719600.0, 6177200.0 ], [ 719700.0, 6177200.0 ] ] ] } },
{ "type": "Feature", "properties": { "Shape_Area": 30000.0, "Shape_Leng": 800.0, "cluster_id": "101_985", "fid_1": 985.0, "id_munic": 985.0, "munic_clus": "101_985", "munic_code": 101.0, "min": 3.3507165908813477, "max": 3.3507165908813477, "mean": 3.3507165908813477, "count": 3, "std": 0.0, "range": 0.0 }, "geometry": { "type": "Polygon", "coordinates": [ [ [ 719200.0, 6178500.0 ], [ 719200.0, 6178600.0 ], [ 719200.0, 6178700.0 ], [ 719300.0, 6178700.0 ], [ 719300.0, 6178600.0 ], [ 719300.0, 6178500.0 ], [ 719300.0, 6178400.0 ], [ 719200.0, 6178400.0 ], [ 719200.0, 6178500.0 ] ] ] } },
{ "type": "Feature", "properties": { "Shape_Area": 20000.0, "Shape_Leng": 600.0, "cluster_id": "101_986", "fid_1": 986.0, "id_munic": 986.0, "munic_clus": "101_986", "munic_code": 101.0, "min": 2.752915620803833, "max": 2.752915620803833, "mean": 2.752915620803833, "count": 2, "std": 0.0, "range": 0.0 }, "geometry": { "type": "Polygon", "coordinates": [ [ [ 719300.0, 6178700.0 ], [ 719300.0, 6178800.0 ], [ 719400.0, 6178800.0 ], [ 719400.0, 6178700.0 ], [ 719400.0, 6178600.0 ], [ 719300.0, 6178600.0 ], [ 719300.0, 6178700.0 ] ] ] } },
{ "type": "Feature", "properties": { "Shape_Area": 30000.0, "Shape_Leng": 800.0, "cluster_id": "101_987", "fid_1": 987.0, "id_munic": 987.0, "munic_clus": "101_987", "munic_code": 101.0, "min": 2.4878373146057129, "max": 2.4878373146057129, "mean": 2.4878373146057129, "count": 3, "std": 0.0, "range": 0.0 }, "geometry": { "type": "Polygon", "coordinates": [ [ [ 719400.0, 6178700.0 ], [ 719400.0, 6178800.0 ], [ 719500.0, 6178800.0 ], [ 719600.0, 6178800.0 ], [ 719600.0, 6178700.0 ], [ 719500.0, 6178700.0 ], [ 719500.0, 6178600.0 ], [ 719400.0, 6178600.0 ], [ 719400.0, 6178700.0 ] ] ] } },
{ "type": "Feature", "properties": { "Shape_Area": 80000.0, "Shape_Leng": 1400.0, "cluster_id": "101_988", "fid_1": 988.0, "id_munic": 988.0, "munic_clus": "101_988", "munic_code": 101.0, "min": 3.6174616813659668, "max": 3.6174616813659668, "mean": 3.6174616813659668, "count": 8, "std": 0.0, "range": 0.0 }, "geometry": { "type": "Polygon", "coordinates": [ [ [ 719000.0, 6178300.0 ], [ 719000.0, 6178400.0 ], [ 718900.0, 6178400.0 ], [ 718900.0, 6178500.0 ], [ 718900.0, 6178600.0 ], [ 718900.0, 6178700.0 ], [ 719000.0, 6178700.0 ], [ 719100.0, 6178700.0 ], [ 719100.0, 6178600.0 ], [ 719200.0, 6178600.0 ], [ 719200.0, 6178500.0 ], [ 719100.0, 6178500.0 ], [ 719100.0, 6178400.0 ], [ 719100.0, 6178300.0 ], [ 719000.0, 6178300.0 ] ] ] } },
{ "type": "Feature", "properties": { "Shape_Area": 60000.0, "Shape_Leng": 1000.0, "cluster_id": "101_989", "fid_1": 989.0, "id_munic": 989.0, "munic_clus": "101_989", "munic_code": 101.0, "min": 2.4321897029876709, "max": 2.4321897029876709, "mean": 2.4321897824605307, "count": 6, "std": 7.947285984855057e-08, "range": 0.0 }, "geometry": { "type": "Polygon", "coordinates": [ [ [ 719300.0, 6178500.0 ], [ 719300.0, 6178600.0 ], [ 719400.0, 6178600.0 ], [ 719500.0, 6178600.0 ], [ 719500.0, 6178500.0 ], [ 719500.0, 6178400.0 ], [ 719500.0, 6178300.0 ], [ 719400.0, 6178300.0 ], [ 719300.0, 6178300.0 ], [ 719300.0, 6178400.0 ], [ 719300.0, 6178500.0 ] ] ] } },
{ "type": "Feature", "properties": { "Shape_Area": 100000.0, "Shape_Leng": 1600.0, "cluster_id": "101_990", "fid_1": 990.0, "id_munic": 990.0, "munic_clus": "101_990", "munic_code": 101.0, "min": 2.7580807209014893, "max": 2.7580807209014893, "mean": 2.7580806732177736, "count": 10, "std": 4.7683715642676816e-08, "range": 0.0 }, "geometry": { "type": "Polygon", "coordinates": [ [ [ 718700.0, 6178200.0 ], [ 718700.0, 6178300.0 ], [ 718600.0, 6178300.0 ], [ 718600.0, 6178400.0 ], [ 718600.0, 6178500.0 ], [ 718700.0, 6178500.0 ], [ 718700.0, 6178600.0 ], [ 718800.0, 6178600.0 ], [ 718900.0, 6178600.0 ], [ 718900.0, 6178500.0 ], [ 718900.0, 6178400.0 ], [ 719000.0, 6178400.0 ], [ 719000.0, 6178300.0 ], [ 718900.0, 6178300.0 ], [ 718800.0, 6178300.0 ], [ 718800.0, 6178200.0 ], [ 718700.0, 6178200.0 ] ] ] } },
{ "type": "Feature", "properties": { "Shape_Area": 40000.0, "Shape_Leng": 1000.0, "cluster_id": "101_991", "fid_1": 991.0, "id_munic": 991.0, "munic_clus": "101_991", "munic_code": 101.0, "min": 4.1576147079467773, "max": 4.1576147079467773, "mean": 4.1576147079467773, "count": 4, "std": 0.0, "range": 0.0 }, "geometry": { "type": "Polygon", "coordinates": [ [ [ 719000.0, 6178900.0 ], [ 719100.0, 6178900.0 ], [ 719100.0, 6179000.0 ], [ 719200.0, 6179000.0 ], [ 719200.0, 6178900.0 ], [ 719200.0, 6178800.0 ], [ 719100.0, 6178800.0 ], [ 719100.0, 6178700.0 ], [ 719000.0, 6178700.0 ], [ 719000.0, 6178800.0 ], [ 719000.0, 6178900.0 ] ] ] } },
{ "type": "Feature", "properties": { "Shape_Area": 30000.0, "Shape_Leng": 800.0, "cluster_id": "101_992", "fid_1": 992.0, "id_munic": 992.0, "munic_clus": "101_992", "munic_code": 101.0, "min": 3.5304906368255615, "max": 3.5304906368255615, "mean": 3.5304905573527017, "count": 3, "std": 7.947285984855057e-08, "range": 0.0 }, "geometry": { "type": "Polygon", "coordinates": [ [ [ 719500.0, 6178400.0 ], [ 719500.0, 6178500.0 ], [ 719500.0, 6178600.0 ], [ 719600.0, 6178600.0 ], [ 719600.0, 6178500.0 ], [ 719600.0, 6178400.0 ], [ 719600.0, 6178300.0 ], [ 719500.0, 6178300.0 ], [ 719500.0, 6178400.0 ] ] ] } },
{ "type": "Feature", "properties": { "Shape_Area": 80000.0, "Shape_Leng": 1400.0, "cluster_id": "101_993", "fid_1": 993.0, "id_munic": 993.0, "munic_clus": "101_993", "munic_code": 101.0, "min": 2.6634457111358643, "max": 2.6634457111358643, "mean": 2.6634459495544434, "count": 8, "std": 2.384185791015625e-07, "range": 0.0 }, "geometry": { "type": "Polygon", "coordinates": [ [ [ 720000.0, 6177900.0 ], [ 719900.0, 6177900.0 ], [ 719800.0, 6177900.0 ], [ 719800.0, 6178000.0 ], [ 719700.0, 6178000.0 ], [ 719600.0, 6178000.0 ], [ 719600.0, 6178100.0 ], [ 719700.0, 6178100.0 ], [ 719700.0, 6178200.0 ], [ 719800.0, 6178200.0 ], [ 719900.0, 6178200.0 ], [ 719900.0, 6178100.0 ], [ 720000.0, 6178100.0 ], [ 720000.0, 6178000.0 ], [ 720000.0, 6177900.0 ] ] ] } },
{ "type": "Feature", "properties": { "Shape_Area": 100000.0, "Shape_Leng": 1600.0, "cluster_id": "101_994", "fid_1": 994.0, "id_munic": 994.0, "munic_clus": "101_994", "munic_code": 101.0, "min": 3.4170279502868652, "max": 3.4170279502868652, "mean": 3.417028045654297, "count": 10, "std": 9.5367431729442842e-08, "range": 0.0 }, "geometry": { "type": "Polygon", "coordinates": [ [ [ 718600.0, 6178800.0 ], [ 718700.0, 6178800.0 ], [ 718700.0, 6178900.0 ], [ 718800.0, 6178900.0 ], [ 718900.0, 6178900.0 ], [ 718900.0, 6178800.0 ], [ 719000.0, 6178800.0 ], [ 719000.0, 6178700.0 ], [ 718900.0, 6178700.0 ], [ 718900.0, 6178600.0 ], [ 718800.0, 6178600.0 ], [ 718700.0, 6178600.0 ], [ 718700.0, 6178500.0 ], [ 718600.0, 6178500.0 ], [ 718600.0, 6178600.0 ], [ 718600.0, 6178700.0 ], [ 718600.0, 6178800.0 ] ] ] } },
{ "type": "Feature", "properties": { "Shape_Area": 40000.0, "Shape_Leng": 1000.0, "cluster_id": "101_995", "fid_1": 995.0, "id_munic": 995.0, "munic_clus": "101_995", "munic_code": 101.0, "min": 3.0184941291809082, "max": 3.0184941291809082, "mean": 3.0184941291809082, "count": 4, "std": 0.0, "range": 0.0 }, "geometry": { "type": "Polygon", "coordinates": [ [ [ 719800.0, 6177000.0 ], [ 719800.0, 6176900.0 ], [ 719700.0, 6176900.0 ], [ 719600.0, 6176900.0 ], [ 719600.0, 6177000.0 ], [ 719500.0, 6177000.0 ], [ 719500.0, 6177100.0 ], [ 719600.0, 6177100.0 ], [ 719700.0, 6177100.0 ], [ 719700.0, 6177000.0 ], [ 719800.0, 6177000.0 ] ] ] } },
{ "type": "Feature", "properties": { "Shape_Area": 20000.0, "Shape_Leng": 600.0, "cluster_id": "101_996", "fid_1": 996.0, "id_munic": 996.0, "munic_clus": "101_996", "munic_code": 101.0, "min": 3.1549484729766846, "max": 3.1549484729766846, "mean": 3.1549484729766846, "count": 2, "std": 0.0, "range": 0.0 }, "geometry": { "type": "Polygon", "coordinates": [ [ [ 722800.0, 6175000.0 ], [ 722800.0, 6175100.0 ], [ 722900.0, 6175100.0 ], [ 722900.0, 6175000.0 ], [ 722900.0, 6174900.0 ], [ 722800.0, 6174900.0 ], [ 722800.0, 6175000.0 ] ] ] } },
{ "type": "Feature", "properties": { "Shape_Area": 100000.0, "Shape_Leng": 1400.0, "cluster_id": "101_997", "fid_1": 997.0, "id_munic": 997.0, "munic_clus": "101_997", "munic_code": 101.0, "min": 2.6726093292236328, "max": 2.6726093292236328, "mean": 2.6726093292236328, "count": 10, "std": 0.0, "range": 0.0 }, "geometry": { "type": "Polygon", "coordinates": [ [ [ 719100.0, 6173100.0 ], [ 719100.0, 6173200.0 ], [ 719100.0, 6173300.0 ], [ 719200.0, 6173300.0 ], [ 719300.0, 6173300.0 ], [ 719300.0, 6173200.0 ], [ 719400.0, 6173200.0 ], [ 719400.0, 6173100.0 ], [ 719400.0, 6173000.0 ], [ 719400.0, 6172900.0 ], [ 719300.0, 6172900.0 ], [ 719200.0, 6172900.0 ], [ 719200.0, 6173000.0 ], [ 719100.0, 6173000.0 ], [ 719100.0, 6173100.0 ] ] ] } },
{ "type": "Feature", "properties": { "Shape_Area": 100000.0, "Shape_Leng": 1600.0, "cluster_id": "101_998", "fid_1": 998.0, "id_munic": 998.0, "munic_clus": "101_998", "munic_code": 101.0, "min": 3.2212598323822021, "max": 3.2212598323822021, "mean": 3.2212596893310548, "count": 10, "std": 1.4305114737211966e-07, "range": 0.0 }, "geometry": { "type": "Polygon", "coordinates": [ [ [ 719800.0, 6174800.0 ], [ 719700.0, 6174800.0 ], [ 719600.0, 6174800.0 ], [ 719600.0, 6174900.0 ], [ 719600.0, 6175000.0 ], [ 719600.0, 6175100.0 ], [ 719600.0, 6175200.0 ], [ 719700.0, 6175200.0 ], [ 719800.0, 6175200.0 ], [ 719800.0, 6175100.0 ], [ 719800.0, 6175000.0 ], [ 719800.0, 6174900.0 ], [ 719900.0, 6174900.0 ], [ 719900.0, 6174800.0 ], [ 719900.0, 6174700.0 ], [ 719800.0, 6174700.0 ], [ 719800.0, 6174800.0 ] ] ] } },
{ "type": "Feature", "properties": { "Shape_Area": 50000.0, "Shape_Leng": 1000.0, "cluster_id": "101_1000", "fid_1": 1000.0, "id_munic": 1000.0, "munic_clus": "101_1000", "munic_code": 101.0, "min": 2.8548820018768311, "max": 2.8548820018768311, "mean": 2.8548820495605467, "count": 5, "std": 4.7683715642676816e-08, "range": 0.0 }, "geometry": { "type": "Polygon", "coordinates": [ [ [ 719000.0, 6173200.0 ], [ 718900.0, 6173200.0 ], [ 718900.0, 6173300.0 ], [ 718900.0, 6173400.0 ], [ 719000.0, 6173400.0 ], [ 719100.0, 6173400.0 ], [ 719100.0, 6173300.0 ], [ 719100.0, 6173200.0 ], [ 719100.0, 6173100.0 ], [ 719000.0, 6173100.0 ], [ 719000.0, 6173200.0 ] ] ] } },
{ "type": "Feature", "properties": { "Shape_Area": 80000.0, "Shape_Leng": 1200.0, "cluster_id": "101_1001", "fid_1": 1001.0, "id_munic": 1001.0, "munic_clus": "101_1001", "munic_code": 101.0, "min": 2.7500832080841064, "max": 2.7500832080841064, "mean": 2.7500834465026855, "count": 8, "std": 2.384185791015625e-07, "range": 0.0 }, "geometry": { "type": "Polygon", "coordinates": [ [ [ 726000.0, 6173200.0 ], [ 725900.0, 6173200.0 ], [ 725800.0, 6173200.0 ], [ 725800.0, 6173300.0 ], [ 725800.0, 6173400.0 ], [ 725800.0, 6173500.0 ], [ 725900.0, 6173500.0 ], [ 726000.0, 6173500.0 ], [ 726000.0, 6173400.0 ], [ 726100.0, 6173400.0 ], [ 726100.0, 6173300.0 ], [ 726100.0, 6173200.0 ], [ 726000.0, 6173200.0 ] ] ] } },
{ "type": "Feature", "properties": { "Shape_Area": 50000.0, "Shape_Leng": 1000.0, "cluster_id": "101_1002", "fid_1": 1002.0, "id_munic": 1002.0, "munic_clus": "101_1002", "munic_code": 101.0, "min": 2.7617459297180176, "max": 2.7617459297180176, "mean": 2.7617458343505858, "count": 5, "std": 9.5367431729442842e-08, "range": 0.0 }, "geometry": { "type": "Polygon", "coordinates": [ [ [ 720400.0, 6177700.0 ], [ 720300.0, 6177700.0 ], [ 720200.0, 6177700.0 ], [ 720100.0, 6177700.0 ], [ 720100.0, 6177800.0 ], [ 720200.0, 6177800.0 ], [ 720200.0, 6177900.0 ], [ 720300.0, 6177900.0 ], [ 720400.0, 6177900.0 ], [ 720400.0, 6177800.0 ], [ 720400.0, 6177700.0 ] ] ] } },
{ "type": "Feature", "properties": { "Shape_Area": 190000.0, "Shape_Leng": 2600.0, "cluster_id": "101_1003", "fid_1": 1003.0, "id_munic": 1003.0, "munic_clus": "101_1003", "munic_code": 101.0, "min": 3.5333223342895508, "max": 3.5333223342895508, "mean": 3.5333223844829358, "count": 19, "std": 5.0193385003893809e-08, "range": 0.0 }, "geometry": { "type": "Polygon", "coordinates": [ [ [ 718700.0, 6179200.0 ], [ 718600.0, 6179200.0 ], [ 718600.0, 6179300.0 ], [ 718500.0, 6179300.0 ], [ 718400.0, 6179300.0 ], [ 718400.0, 6179400.0 ], [ 718300.0, 6179400.0 ], [ 718200.0, 6179400.0 ], [ 718200.0, 6179500.0 ], [ 718300.0, 6179500.0 ], [ 718300.0, 6179600.0 ], [ 718400.0, 6179600.0 ], [ 718500.0, 6179600.0 ], [ 718500.0, 6179500.0 ], [ 718600.0, 6179500.0 ], [ 718700.0, 6179500.0 ], [ 718700.0, 6179400.0 ], [ 718800.0, 6179400.0 ], [ 718900.0, 6179400.0 ], [ 718900.0, 6179300.0 ], [ 719000.0, 6179300.0 ], [ 719000.0, 6179200.0 ], [ 719000.0, 6179100.0 ], [ 718900.0, 6179100.0 ], [ 718800.0, 6179100.0 ], [ 718700.0, 6179100.0 ], [ 718700.0, 6179200.0 ] ] ] } },
{ "type": "Feature", "properties": { "Shape_Area": 40000.0, "Shape_Leng": 1000.0, "cluster_id": "101_1004", "fid_1": 1004.0, "id_munic": 1004.0, "munic_clus": "101_1004", "munic_code": 101.0, "min": 3.2735753059387207, "max": 3.2735753059387207, "mean": 3.2735753059387207, "count": 4, "std": 0.0, "range": 0.0 }, "geometry": { "type": "Polygon", "coordinates": [ [ [ 722800.0, 6175100.0 ], [ 722700.0, 6175100.0 ], [ 722700.0, 6175200.0 ], [ 722800.0, 6175200.0 ], [ 722900.0, 6175200.0 ], [ 723000.0, 6175200.0 ], [ 723000.0, 6175100.0 ], [ 723000.0, 6175000.0 ], [ 722900.0, 6175000.0 ], [ 722900.0, 6175100.0 ], [ 722800.0, 6175100.0 ] ] ] } },
{ "type": "Feature", "properties": { "Shape_Area": 30000.0, "Shape_Leng": 800.0, "cluster_id": "101_1005", "fid_1": 1005.0, "id_munic": 1005.0, "munic_clus": "101_1005", "munic_code": 101.0, "min": 3.0944688320159912, "max": 3.0944688320159912, "mean": 3.0944687525431314, "count": 3, "std": 7.947285984855057e-08, "range": 0.0 }, "geometry": { "type": "Polygon", "coordinates": [ [ [ 722800.0, 6176900.0 ], [ 722900.0, 6176900.0 ], [ 722900.0, 6177000.0 ], [ 723000.0, 6177000.0 ], [ 723000.0, 6176900.0 ], [ 723000.0, 6176800.0 ], [ 722900.0, 6176800.0 ], [ 722800.0, 6176800.0 ], [ 722800.0, 6176900.0 ] ] ] } },
{ "type": "Feature", "properties": { "Shape_Area": 40000.0, "Shape_Leng": 1000.0, "cluster_id": "101_1006", "fid_1": 1006.0, "id_munic": 1006.0, "munic_clus": "101_1006", "munic_code": 101.0, "min": 2.5113294124603271, "max": 2.5113294124603271, "mean": 2.5113294124603271, "count": 4, "std": 0.0, "range": 0.0 }, "geometry": { "type": "Polygon", "coordinates": [ [ [ 720600.0, 6174900.0 ], [ 720700.0, 6174900.0 ], [ 720800.0, 6174900.0 ], [ 720900.0, 6174900.0 ], [ 720900.0, 6174800.0 ], [ 720800.0, 6174800.0 ], [ 720700.0, 6174800.0 ], [ 720600.0, 6174800.0 ], [ 720500.0, 6174800.0 ], [ 720500.0, 6174900.0 ], [ 720600.0, 6174900.0 ] ] ] } },
{ "type": "Feature", "properties": { "Shape_Area": 140000.0, "Shape_Leng": 1600.0, "cluster_id": "101_1007", "fid_1": 1007.0, "id_munic": 1007.0, "munic_clus": "101_1007", "munic_code": 101.0, "min": 2.8313896656036377, "max": 2.8313896656036377, "mean": 2.8313898359026228, "count": 14, "std": 1.7029898513598596e-07, "range": 0.0 }, "geometry": { "type": "Polygon", "coordinates": [ [ [ 727000.0, 6172300.0 ], [ 727100.0, 6172300.0 ], [ 727200.0, 6172300.0 ], [ 727300.0, 6172300.0 ], [ 727400.0, 6172300.0 ], [ 727400.0, 6172200.0 ], [ 727400.0, 6172100.0 ], [ 727300.0, 6172100.0 ], [ 727300.0, 6172000.0 ], [ 727300.0, 6171900.0 ], [ 727200.0, 6171900.0 ], [ 727100.0, 6171900.0 ], [ 727000.0, 6171900.0 ], [ 727000.0, 6172000.0 ], [ 727000.0, 6172100.0 ], [ 727000.0, 6172200.0 ], [ 727000.0, 6172300.0 ] ] ] } },
{ "type": "Feature", "properties": { "Shape_Area": 20000.0, "Shape_Leng": 600.0, "cluster_id": "101_1008", "fid_1": 1008.0, "id_munic": 1008.0, "munic_clus": "101_1008", "munic_code": 101.0, "min": 2.5109965801239014, "max": 2.5109965801239014, "mean": 2.5109965801239014, "count": 2, "std": 0.0, "range": 0.0 }, "geometry": { "type": "Polygon", "coordinates": [ [ [ 722800.0, 6175300.0 ], [ 722900.0, 6175300.0 ], [ 723000.0, 6175300.0 ], [ 723000.0, 6175200.0 ], [ 722900.0, 6175200.0 ], [ 722800.0, 6175200.0 ], [ 722800.0, 6175300.0 ] ] ] } },
{ "type": "Feature", "properties": { "Shape_Area": 90000.0, "Shape_Leng": 1200.0, "cluster_id": "101_1009", "fid_1": 1009.0, "id_munic": 1009.0, "munic_clus": "101_1009", "munic_code": 101.0, "min": 2.5396535396575928, "max": 2.5396535396575928, "mean": 2.5396535661485462, "count": 9, "std": 2.6490953430879927e-08, "range": 0.0 }, "geometry": { "type": "Polygon", "coordinates": [ [ [ 725100.0, 6177900.0 ], [ 725200.0, 6177900.0 ], [ 725200.0, 6177800.0 ], [ 725200.0, 6177700.0 ], [ 725200.0, 6177600.0 ], [ 725100.0, 6177600.0 ], [ 725000.0, 6177600.0 ], [ 724900.0, 6177600.0 ], [ 724900.0, 6177700.0 ], [ 724900.0, 6177800.0 ], [ 724900.0, 6177900.0 ], [ 725000.0, 6177900.0 ], [ 725100.0, 6177900.0 ] ] ] } },
{ "type": "Feature", "properties": { "Shape_Area": 100000.0, "Shape_Leng": 1400.0, "cluster_id": "101_1010", "fid_1": 1010.0, "id_munic": 1010.0, "munic_clus": "101_1010", "munic_code": 101.0, "min": 2.6166281700134277, "max": 2.6166281700134277, "mean": 2.6166282653808595, "count": 10, "std": 9.5367431729442855e-08, "range": 0.0 }, "geometry": { "type": "Polygon", "coordinates": [ [ [ 727400.0, 6173900.0 ], [ 727400.0, 6174000.0 ], [ 727400.0, 6174100.0 ], [ 727500.0, 6174100.0 ], [ 727600.0, 6174100.0 ], [ 727700.0, 6174100.0 ], [ 727700.0, 6174000.0 ], [ 727700.0, 6173900.0 ], [ 727800.0, 6173900.0 ], [ 727800.0, 6173800.0 ], [ 727700.0, 6173800.0 ], [ 727600.0, 6173800.0 ], [ 727500.0, 6173800.0 ], [ 727400.0, 6173800.0 ], [ 727400.0, 6173900.0 ] ] ] } },
{ "type": "Feature", "properties": { "Shape_Area": 70000.0, "Shape_Leng": 1200.0, "cluster_id": "101_1013", "fid_1": 1013.0, "id_munic": 1013.0, "munic_clus": "101_1013", "munic_code": 101.0, "min": 3.7715761661529541, "max": 3.7715761661529541, "mean": 3.7715762002127513, "count": 7, "std": 3.4059797204832876e-08, "range": 0.0 }, "geometry": { "type": "Polygon", "coordinates": [ [ [ 727100.0, 6173500.0 ], [ 727000.0, 6173500.0 ], [ 726900.0, 6173500.0 ], [ 726800.0, 6173500.0 ], [ 726800.0, 6173600.0 ], [ 726700.0, 6173600.0 ], [ 726700.0, 6173700.0 ], [ 726800.0, 6173700.0 ], [ 726900.0, 6173700.0 ], [ 727000.0, 6173700.0 ], [ 727100.0, 6173700.0 ], [ 727100.0, 6173600.0 ], [ 727100.0, 6173500.0 ] ] ] } },
{ "type": "Feature", "properties": { "Shape_Area": 90000.0, "Shape_Leng": 1200.0, "cluster_id": "101_1014", "fid_1": 1014.0, "id_munic": 1014.0, "munic_clus": "101_1014", "munic_code": 101.0, "min": 2.9320228099822998, "max": 2.9320228099822998, "mean": 2.93202273050944, "count": 9, "std": 7.947285984855057e-08, "range": 0.0 }, "geometry": { "type": "Polygon", "coordinates": [ [ [ 726500.0, 6173500.0 ], [ 726400.0, 6173500.0 ], [ 726300.0, 6173500.0 ], [ 726200.0, 6173500.0 ], [ 726200.0, 6173600.0 ], [ 726200.0, 6173700.0 ], [ 726200.0, 6173800.0 ], [ 726300.0, 6173800.0 ], [ 726400.0, 6173800.0 ], [ 726500.0, 6173800.0 ], [ 726500.0, 6173700.0 ], [ 726500.0, 6173600.0 ], [ 726500.0, 6173500.0 ] ] ] } },
{ "type": "Feature", "properties": { "Shape_Area": 40000.0, "Shape_Leng": 800.0, "cluster_id": "101_1015", "fid_1": 1015.0, "id_munic": 1015.0, "munic_clus": "101_1015", "munic_code": 101.0, "min": 3.7657451629638672, "max": 3.7657451629638672, "mean": 3.7657451629638672, "count": 4, "std": 0.0, "range": 0.0 }, "geometry": { "type": "Polygon", "coordinates": [ [ [ 726000.0, 6176100.0 ], [ 726000.0, 6176000.0 ], [ 726000.0, 6175900.0 ], [ 725900.0, 6175900.0 ], [ 725800.0, 6175900.0 ], [ 725800.0, 6176000.0 ], [ 725800.0, 6176100.0 ], [ 725900.0, 6176100.0 ], [ 726000.0, 6176100.0 ] ] ] } },
{ "type": "Feature", "properties": { "Shape_Area": 60000.0, "Shape_Leng": 1000.0, "cluster_id": "101_1016", "fid_1": 1016.0, "id_munic": 1016.0, "munic_clus": "101_1016", "munic_code": 101.0, "min": 3.6571149826049805, "max": 3.6571149826049805, "mean": 3.6571153004964194, "count": 6, "std": 3.1789143895011307e-07, "range": 0.0 }, "geometry": { "type": "Polygon", "coordinates": [ [ [ 726800.0, 6174900.0 ], [ 726800.0, 6175000.0 ], [ 726900.0, 6175000.0 ], [ 727000.0, 6175000.0 ], [ 727100.0, 6175000.0 ], [ 727100.0, 6174900.0 ], [ 727100.0, 6174800.0 ], [ 727000.0, 6174800.0 ], [ 726900.0, 6174800.0 ], [ 726800.0, 6174800.0 ], [ 726800.0, 6174900.0 ] ] ] } },
{ "type": "Feature", "properties": { "Shape_Area": 300000.0, "Shape_Leng": 2600.0, "cluster_id": "101_1017", "fid_1": 1017.0, "id_munic": 1017.0, "munic_clus": "101_1017", "munic_code": 101.0, "min": 3.893869161605835, "max": 3.893869161605835, "mean": 3.8938690185546876, "count": 30, "std": 1.4305114737211966e-07, "range": 0.0 }, "geometry": { "type": "Polygon", "coordinates": [ [ [ 721100.0, 6178200.0 ], [ 721000.0, 6178200.0 ], [ 720900.0, 6178200.0 ], [ 720800.0, 6178200.0 ], [ 720700.0, 6178200.0 ], [ 720700.0, 6178300.0 ], [ 720600.0, 6178300.0 ], [ 720600.0, 6178400.0 ], [ 720600.0, 6178500.0 ], [ 720700.0, 6178500.0 ], [ 720700.0, 6178600.0 ], [ 720700.0, 6178700.0 ], [ 720700.0, 6178800.0 ], [ 720700.0, 6178900.0 ], [ 720800.0, 6178900.0 ], [ 720800.0, 6179000.0 ], [ 720900.0, 6179000.0 ], [ 721000.0, 6179000.0 ], [ 721000.0, 6178900.0 ], [ 721000.0, 6178800.0 ], [ 721000.0, 6178700.0 ], [ 721100.0, 6178700.0 ], [ 721100.0, 6178600.0 ], [ 721100.0, 6178500.0 ], [ 721100.0, 6178400.0 ], [ 721100.0, 6178300.0 ], [ 721100.0, 6178200.0 ] ] ] } },
{ "type": "Feature", "properties": { "Shape_Area": 50000.0, "Shape_Leng": 1000.0, "cluster_id": "101_1018", "fid_1": 1018.0, "id_munic": 1018.0, "munic_clus": "101_1018", "munic_code": 101.0, "min": 4.1206264495849609, "max": 4.1206264495849609, "mean": 4.1206264495849609, "count": 5, "std": 0.0, "range": 0.0 }, "geometry": { "type": "Polygon", "coordinates": [ [ [ 722700.0, 6178600.0 ], [ 722600.0, 6178600.0 ], [ 722500.0, 6178600.0 ], [ 722500.0, 6178700.0 ], [ 722500.0, 6178800.0 ], [ 722500.0, 6178900.0 ], [ 722600.0, 6178900.0 ], [ 722600.0, 6178800.0 ], [ 722700.0, 6178800.0 ], [ 722700.0, 6178700.0 ], [ 722700.0, 6178600.0 ] ] ] } },
{ "type": "Feature", "properties": { "Shape_Area": 130000.0, "Shape_Leng": 1600.0, "cluster_id": "101_1019", "fid_1": 1019.0, "id_munic": 1019.0, "munic_clus": "101_1019", "munic_code": 101.0, "min": 2.8958680629730225, "max": 2.8958680629730225, "mean": 2.8958681546724758, "count": 13, "std": 9.1699453363958128e-08, "range": 0.0 }, "geometry": { "type": "Polygon", "coordinates": [ [ [ 723600.0, 6176400.0 ], [ 723700.0, 6176400.0 ], [ 723800.0, 6176400.0 ], [ 723900.0, 6176400.0 ], [ 723900.0, 6176300.0 ], [ 724000.0, 6176300.0 ], [ 724000.0, 6176200.0 ], [ 724000.0, 6176100.0 ], [ 723900.0, 6176100.0 ], [ 723800.0, 6176100.0 ], [ 723800.0, 6176000.0 ], [ 723700.0, 6176000.0 ], [ 723600.0, 6176000.0 ], [ 723600.0, 6176100.0 ], [ 723600.0, 6176200.0 ], [ 723600.0, 6176300.0 ], [ 723600.0, 6176400.0 ] ] ] } },
{ "type": "Feature", "properties": { "Shape_Area": 40000.0, "Shape_Leng": 800.0, "cluster_id": "101_1020", "fid_1": 1020.0, "id_munic": 1020.0, "munic_clus": "101_1020", "munic_code": 101.0, "min": 2.8825392723083496, "max": 2.8825392723083496, "mean": 2.8825392723083496, "count": 4, "std": 0.0, "range": 0.0 }, "geometry": { "type": "Polygon", "coordinates": [ [ [ 726900.0, 6174200.0 ], [ 726800.0, 6174200.0 ], [ 726700.0, 6174200.0 ], [ 726700.0, 6174300.0 ], [ 726700.0, 6174400.0 ], [ 726800.0, 6174400.0 ], [ 726900.0, 6174400.0 ], [ 726900.0, 6174300.0 ], [ 726900.0, 6174200.0 ] ] ] } },
{ "type": "Feature", "properties": { "Shape_Area": 70000.0, "Shape_Leng": 1200.0, "cluster_id": "101_1021", "fid_1": 1021.0, "id_munic": 1021.0, "munic_clus": "101_1021", "munic_code": 101.0, "min": 3.9408528804779053, "max": 3.9408528804779053, "mean": 3.9408528464181081, "count": 7, "std": 3.4059797204832876e-08, "range": 0.0 }, "geometry": { "type": "Polygon", "coordinates": [ [ [ 724800.0, 6176400.0 ], [ 724800.0, 6176500.0 ], [ 724900.0, 6176500.0 ], [ 724900.0, 6176600.0 ], [ 725000.0, 6176600.0 ], [ 725100.0, 6176600.0 ], [ 725100.0, 6176500.0 ], [ 725100.0, 6176400.0 ], [ 725000.0, 6176400.0 ], [ 725000.0, 6176300.0 ], [ 724900.0, 6176300.0 ], [ 724800.0, 6176300.0 ], [ 724800.0, 6176400.0 ] ] ] } },
{ "type": "Feature", "properties": { "Shape_Area": 190000.0, "Shape_Leng": 2200.0, "cluster_id": "101_1022", "fid_1": 1022.0, "id_munic": 1022.0, "munic_clus": "101_1022", "munic_code": 101.0, "min": 3.2599139213562012, "max": 3.2599139213562012, "mean": 3.2599139966462789, "count": 19, "std": 7.5290077727885318e-08, "range": 0.0 }, "geometry": { "type": "Polygon", "coordinates": [ [ [ 725200.0, 6176600.0 ], [ 725100.0, 6176600.0 ], [ 725000.0, 6176600.0 ], [ 724900.0, 6176600.0 ], [ 724900.0, 6176700.0 ], [ 724800.0, 6176700.0 ], [ 724700.0, 6176700.0 ], [ 724700.0, 6176800.0 ], [ 724700.0, 6176900.0 ], [ 724800.0, 6176900.0 ], [ 724800.0, 6177000.0 ], [ 724900.0, 6177000.0 ], [ 724900.0, 6177100.0 ], [ 725000.0, 6177100.0 ], [ 725000.0, 6177000.0 ], [ 725100.0, 6177000.0 ], [ 725200.0, 6177000.0 ], [ 725300.0, 6177000.0 ], [ 725300.0, 6176900.0 ], [ 725200.0, 6176900.0 ], [ 725200.0, 6176800.0 ], [ 725200.0, 6176700.0 ], [ 725200.0, 6176600.0 ] ] ] } },
{ "type": "Feature", "properties": { "Shape_Area": 50000.0, "Shape_Leng": 1000.0, "cluster_id": "101_1023", "fid_1": 1023.0, "id_munic": 1023.0, "munic_clus": "101_1023", "munic_code": 101.0, "min": 3.1814398765563965, "max": 3.1814398765563965, "mean": 3.1814399719238282, "count": 5, "std": 9.5367431729442842e-08, "range": 0.0 }, "geometry": { "type": "Polygon", "coordinates": [ [ [ 719000.0, 6176100.0 ], [ 719100.0, 6176100.0 ], [ 719100.0, 6176000.0 ], [ 719000.0, 6176000.0 ], [ 719000.0, 6175900.0 ], [ 718900.0, 6175900.0 ], [ 718800.0, 6175900.0 ], [ 718800.0, 6176000.0 ], [ 718800.0, 6176100.0 ], [ 718900.0, 6176100.0 ], [ 719000.0, 6176100.0 ] ] ] } },
{ "type": "Feature", "properties": { "Shape_Area": 40000.0, "Shape_Leng": 800.0, "cluster_id": "101_1024", "fid_1": 1024.0, "id_munic": 1024.0, "munic_clus": "101_1024", "munic_code": 101.0, "min": 3.3295574188232422, "max": 3.3295574188232422, "mean": 3.3295574188232422, "count": 4, "std": 0.0, "range": 0.0 }, "geometry": { "type": "Polygon", "coordinates": [ [ [ 719700.0, 6177400.0 ], [ 719700.0, 6177500.0 ], [ 719800.0, 6177500.0 ], [ 719900.0, 6177500.0 ], [ 719900.0, 6177400.0 ], [ 719900.0, 6177300.0 ], [ 719800.0, 6177300.0 ], [ 719700.0, 6177300.0 ], [ 719700.0, 6177400.0 ] ] ] } },
{ "type": "Feature", "properties": { "Shape_Area": 50000.0, "Shape_Leng": 1000.0, "cluster_id": "101_1025", "fid_1": 1025.0, "id_munic": 1025.0, "munic_clus": "101_1025", "munic_code": 101.0, "min": 3.5874710083007812, "max": 3.5874710083007812, "mean": 3.5874710083007812, "count": 5, "std": 0.0, "range": 0.0 }, "geometry": { "type": "Polygon", "coordinates": [ [ [ 724700.0, 6180700.0 ], [ 724700.0, 6180800.0 ], [ 724800.0, 6180800.0 ], [ 724900.0, 6180800.0 ], [ 725000.0, 6180800.0 ], [ 725000.0, 6180700.0 ], [ 724900.0, 6180700.0 ], [ 724900.0, 6180600.0 ], [ 724800.0, 6180600.0 ], [ 724700.0, 6180600.0 ], [ 724700.0, 6180700.0 ] ] ] } },
{ "type": "Feature", "properties": { "Shape_Area": 100000.0, "Shape_Leng": 1600.0, "cluster_id": "101_1026", "fid_1": 1026.0, "id_munic": 1026.0, "munic_clus": "101_1026", "munic_code": 101.0, "min": 3.1931025981903076, "max": 3.1931025981903076, "mean": 3.1931026458740233, "count": 10, "std": 4.7683715642676816e-08, "range": 0.0 }, "geometry": { "type": "Polygon", "coordinates": [ [ [ 718600.0, 6179600.0 ], [ 718600.0, 6179500.0 ], [ 718500.0, 6179500.0 ], [ 718500.0, 6179600.0 ], [ 718400.0, 6179600.0 ], [ 718300.0, 6179600.0 ], [ 718300.0, 6179700.0 ], [ 718300.0, 6179800.0 ], [ 718400.0, 6179800.0 ], [ 718400.0, 6179900.0 ], [ 718500.0, 6179900.0 ], [ 718600.0, 6179900.0 ], [ 718600.0, 6179800.0 ], [ 718700.0, 6179800.0 ], [ 718700.0, 6179700.0 ], [ 718600.0, 6179700.0 ], [ 718600.0, 6179600.0 ] ] ] } },
{ "type": "Feature", "properties": { "Shape_Area": 60000.0, "Shape_Leng": 1200.0, "cluster_id": "101_1027", "fid_1": 1027.0, "id_munic": 1027.0, "munic_clus": "101_1027", "munic_code": 101.0, "min": 3.2070977687835693, "max": 3.2070977687835693, "mean": 3.2070976893107095, "count": 6, "std": 7.947285984855057e-08, "range": 0.0 }, "geometry": { "type": "Polygon", "coordinates": [ [ [ 720300.0, 6179400.0 ], [ 720300.0, 6179500.0 ], [ 720400.0, 6179500.0 ], [ 720400.0, 6179600.0 ], [ 720500.0, 6179600.0 ], [ 720500.0, 6179500.0 ], [ 720600.0, 6179500.0 ], [ 720600.0, 6179400.0 ], [ 720500.0, 6179400.0 ], [ 720500.0, 6179300.0 ], [ 720400.0, 6179300.0 ], [ 720300.0, 6179300.0 ], [ 720300.0, 6179400.0 ] ] ] } },
{ "type": "Feature", "properties": { "Shape_Area": 50000.0, "Shape_Leng": 1000.0, "cluster_id": "101_1028", "fid_1": 1028.0, "id_munic": 1028.0, "munic_clus": "101_1028", "munic_code": 101.0, "min": 3.3203933238983154, "max": 3.3203933238983154, "mean": 3.3203933715820311, "count": 5, "std": 4.7683715642676816e-08, "range": 0.0 }, "geometry": { "type": "Polygon", "coordinates": [ [ [ 719500.0, 6173400.0 ], [ 719600.0, 6173400.0 ], [ 719600.0, 6173300.0 ], [ 719500.0, 6173300.0 ], [ 719500.0, 6173200.0 ], [ 719400.0, 6173200.0 ], [ 719300.0, 6173200.0 ], [ 719300.0, 6173300.0 ], [ 719300.0, 6173400.0 ], [ 719400.0, 6173400.0 ], [ 719500.0, 6173400.0 ] ] ] } },
{ "type": "Feature", "properties": { "Shape_Area": 70000.0, "Shape_Leng": 1200.0, "cluster_id": "101_1029", "fid_1": 1029.0, "id_munic": 1029.0, "munic_clus": "101_1029", "munic_code": 101.0, "min": 2.3923695087432861, "max": 2.3923695087432861, "mean": 2.392369406563895, "count": 7, "std": 1.0217939117040942e-07, "range": 0.0 }, "geometry": { "type": "Polygon", "coordinates": [ [ [ 726500.0, 6174400.0 ], [ 726500.0, 6174500.0 ], [ 726500.0, 6174600.0 ], [ 726600.0, 6174600.0 ], [ 726700.0, 6174600.0 ], [ 726700.0, 6174500.0 ], [ 726800.0, 6174500.0 ], [ 726800.0, 6174400.0 ], [ 726700.0, 6174400.0 ], [ 726700.0, 6174300.0 ], [ 726600.0, 6174300.0 ], [ 726500.0, 6174300.0 ], [ 726500.0, 6174400.0 ] ] ] } },
{ "type": "Feature", "properties": { "Shape_Area": 190000.0, "Shape_Leng": 2000.0, "cluster_id": "101_1030", "fid_1": 1030.0, "id_munic": 1030.0, "munic_clus": "101_1030", "munic_code": 101.0, "min": 2.886204719543457, "max": 2.886204719543457, "mean": 2.886204769736842, "count": 19, "std": 5.0193385003893809e-08, "range": 0.0 }, "geometry": { "type": "Polygon", "coordinates": [ [ [ 720600.0, 6180000.0 ], [ 720600.0, 6180100.0 ], [ 720600.0, 6180200.0 ], [ 720700.0, 6180200.0 ], [ 720800.0, 6180200.0 ], [ 720900.0, 6180200.0 ], [ 721000.0, 6180200.0 ], [ 721100.0, 6180200.0 ], [ 721100.0, 6180100.0 ], [ 721100.0, 6180000.0 ], [ 721000.0, 6180000.0 ], [ 721000.0, 6179900.0 ], [ 721000.0, 6179800.0 ], [ 720900.0, 6179800.0 ], [ 720900.0, 6179700.0 ], [ 720800.0, 6179700.0 ], [ 720800.0, 6179800.0 ], [ 720700.0, 6179800.0 ], [ 720600.0, 6179800.0 ], [ 720600.0, 6179900.0 ], [ 720600.0, 6180000.0 ] ] ] } },
{ "type": "Feature", "properties": { "Shape_Area": 40000.0, "Shape_Leng": 800.0, "cluster_id": "101_1031", "fid_1": 1031.0, "id_munic": 1031.0, "munic_clus": "101_1031", "munic_code": 101.0, "min": 3.2257580757141113, "max": 3.2257580757141113, "mean": 3.2257580757141113, "count": 4, "std": 0.0, "range": 0.0 }, "geometry": { "type": "Polygon", "coordinates": [ [ [ 725700.0, 6178200.0 ], [ 725700.0, 6178100.0 ], [ 725700.0, 6178000.0 ], [ 725600.0, 6178000.0 ], [ 725500.0, 6178000.0 ], [ 725500.0, 6178100.0 ], [ 725500.0, 6178200.0 ], [ 725600.0, 6178200.0 ], [ 725700.0, 6178200.0 ] ] ] } },
{ "type": "Feature", "properties": { "Shape_Area": 70000.0, "Shape_Leng": 1200.0, "cluster_id": "101_1032", "fid_1": 1032.0, "id_munic": 1032.0, "munic_clus": "101_1032", "munic_code": 101.0, "min": 2.2477512359619141, "max": 2.2477512359619141, "mean": 2.2477512359619141, "count": 7, "std": 0.0, "range": 0.0 }, "geometry": { "type": "Polygon", "coordinates": [ [ [ 721400.0, 6173800.0 ], [ 721400.0, 6173900.0 ], [ 721500.0, 6173900.0 ], [ 721500.0, 6173800.0 ], [ 721600.0, 6173800.0 ], [ 721600.0, 6173700.0 ], [ 721600.0, 6173600.0 ], [ 721600.0, 6173500.0 ], [ 721500.0, 6173500.0 ], [ 721400.0, 6173500.0 ], [ 721400.0, 6173600.0 ], [ 721400.0, 6173700.0 ], [ 721400.0, 6173800.0 ] ] ] } },
{ "type": "Feature", "properties": { "Shape_Area": 170000.0, "Shape_Leng": 2400.0, "cluster_id": "101_1033", "fid_1": 1033.0, "id_munic": 1033.0, "munic_clus": "101_1033", "munic_code": 101.0, "min": 2.7034323215484619, "max": 2.7034323215484619, "mean": 2.7034324197208179, "count": 17, "std": 9.8172356022274698e-08, "range": 0.0 }, "geometry": { "type": "Polygon", "coordinates": [ [ [ 724200.0, 6176900.0 ], [ 724100.0, 6176900.0 ], [ 724000.0, 6176900.0 ], [ 724000.0, 6177000.0 ], [ 723900.0, 6177000.0 ], [ 723900.0, 6177100.0 ], [ 724000.0, 6177100.0 ], [ 724000.0, 6177200.0 ], [ 724100.0, 6177200.0 ], [ 724100.0, 6177300.0 ], [ 724100.0, 6177400.0 ], [ 724100.0, 6177500.0 ], [ 724200.0, 6177500.0 ], [ 724300.0, 6177500.0 ], [ 724400.0, 6177500.0 ], [ 724500.0, 6177500.0 ], [ 724500.0, 6177400.0 ], [ 724400.0, 6177400.0 ], [ 724400.0, 6177300.0 ], [ 724300.0, 6177300.0 ], [ 724300.0, 6177200.0 ], [ 724300.0, 6177100.0 ], [ 724200.0, 6177100.0 ], [ 724200.0, 6177000.0 ], [ 724200.0, 6176900.0 ] ] ] } },
{ "type": "Feature", "properties": { "Shape_Area": 120000.0, "Shape_Leng": 1400.0, "cluster_id": "101_1034", "fid_1": 1034.0, "id_munic": 1034.0, "munic_clus": "101_1034", "munic_code": 101.0, "min": 3.5909698009490967, "max": 3.5909698009490967, "mean": 3.5909697214762368, "count": 12, "std": 7.947285984855057e-08, "range": 0.0 }, "geometry": { "type": "Polygon", "coordinates": [ [ [ 719000.0, 6176200.0 ], [ 718900.0, 6176200.0 ], [ 718800.0, 6176200.0 ], [ 718700.0, 6176200.0 ], [ 718600.0, 6176200.0 ], [ 718600.0, 6176300.0 ], [ 718600.0, 6176400.0 ], [ 718600.0, 6176500.0 ], [ 718700.0, 6176500.0 ], [ 718800.0, 6176500.0 ], [ 718900.0, 6176500.0 ], [ 719000.0, 6176500.0 ], [ 719000.0, 6176400.0 ], [ 719000.0, 6176300.0 ], [ 719000.0, 6176200.0 ] ] ] } },
{ "type": "Feature", "properties": { "Shape_Area": 90000.0, "Shape_Leng": 1200.0, "cluster_id": "101_1035", "fid_1": 1035.0, "id_munic": 1035.0, "munic_clus": "101_1035", "munic_code": 101.0, "min": 3.0413196086883545, "max": 3.0413196086883545, "mean": 3.0413195292154946, "count": 9, "std": 7.947285984855057e-08, "range": 0.0 }, "geometry": { "type": "Polygon", "coordinates": [ [ [ 727900.0, 6173500.0 ], [ 727900.0, 6173600.0 ], [ 727900.0, 6173700.0 ], [ 728000.0, 6173700.0 ], [ 728100.0, 6173700.0 ], [ 728200.0, 6173700.0 ], [ 728200.0, 6173600.0 ], [ 728200.0, 6173500.0 ], [ 728200.0, 6173400.0 ], [ 728100.0, 6173400.0 ], [ 728000.0, 6173400.0 ], [ 727900.0, 6173400.0 ], [ 727900.0, 6173500.0 ] ] ] } },
{ "type": "Feature", "properties": { "Shape_Area": 330000.0, "Shape_Leng": 3000.0, "cluster_id": "101_1036", "fid_1": 1036.0, "id_munic": 1036.0, "munic_clus": "101_1036", "munic_code": 101.0, "min": 3.4708430767059326, "max": 3.4708430767059326, "mean": 3.4708429972330728, "count": 33, "std": 7.947285984855057e-08, "range": 0.0 }, "geometry": { "type": "Polygon", "coordinates": [ [ [ 720200.0, 6173100.0 ], [ 720100.0, 6173100.0 ], [ 720000.0, 6173100.0 ], [ 719900.0, 6173100.0 ], [ 719800.0, 6173100.0 ], [ 719700.0, 6173100.0 ], [ 719700.0, 6173000.0 ], [ 719600.0, 6173000.0 ], [ 719500.0, 6173000.0 ], [ 719400.0, 6173000.0 ], [ 719400.0, 6173100.0 ], [ 719400.0, 6173200.0 ], [ 719500.0, 6173200.0 ], [ 719500.0, 6173300.0 ], [ 719600.0, 6173300.0 ], [ 719600.0, 6173400.0 ], [ 719600.0, 6173500.0 ], [ 719700.0, 6173500.0 ], [ 719800.0, 6173500.0 ], [ 719900.0, 6173500.0 ], [ 720000.0, 6173500.0 ], [ 720000.0, 6173600.0 ], [ 720100.0, 6173600.0 ], [ 720200.0, 6173600.0 ], [ 720200.0, 6173500.0 ], [ 720200.0, 6173400.0 ], [ 720200.0, 6173300.0 ], [ 720300.0, 6173300.0 ], [ 720300.0, 6173200.0 ], [ 720200.0, 6173200.0 ], [ 720200.0, 6173100.0 ] ] ] } },
{ "type": "Feature", "properties": { "Shape_Area": 120000.0, "Shape_Leng": 1600.0, "cluster_id": "101_1037", "fid_1": 1037.0, "id_munic": 1037.0, "munic_clus": "101_1037", "munic_code": 101.0, "min": 2.7894034385681152, "max": 2.7894034385681152, "mean": 2.7894035975138345, "count": 12, "std": 1.5894571925301193e-07, "range": 0.0 }, "geometry": { "type": "Polygon", "coordinates": [ [ [ 718700.0, 6173600.0 ], [ 718700.0, 6173700.0 ], [ 718700.0, 6173800.0 ], [ 718800.0, 6173800.0 ], [ 718900.0, 6173800.0 ], [ 719000.0, 6173800.0 ], [ 719000.0, 6173700.0 ], [ 719000.0, 6173600.0 ], [ 719000.0, 6173500.0 ], [ 719000.0, 6173400.0 ], [ 718900.0, 6173400.0 ], [ 718900.0, 6173300.0 ], [ 718800.0, 6173300.0 ], [ 718800.0, 6173400.0 ], [ 718800.0, 6173500.0 ], [ 718700.0, 6173500.0 ], [ 718700.0, 6173600.0 ] ] ] } },
{ "type": "Feature", "properties": { "Shape_Area": 40000.0, "Shape_Leng": 800.0, "cluster_id": "101_1038", "fid_1": 1038.0, "id_munic": 1038.0, "munic_clus": "101_1038", "munic_code": 101.0, "min": 4.1609463691711426, "max": 4.1609463691711426, "mean": 4.1609463691711426, "count": 4, "std": 0.0, "range": 0.0 }, "geometry": { "type": "Polygon", "coordinates": [ [ [ 727500.0, 6173800.0 ], [ 727500.0, 6173700.0 ], [ 727500.0, 6173600.0 ], [ 727400.0, 6173600.0 ], [ 727300.0, 6173600.0 ], [ 727300.0, 6173700.0 ], [ 727300.0, 6173800.0 ], [ 727400.0, 6173800.0 ], [ 727500.0, 6173800.0 ] ] ] } },
{ "type": "Feature", "properties": { "Shape_Area": 50000.0, "Shape_Leng": 1000.0, "cluster_id": "101_1039", "fid_1": 1039.0, "id_munic": 1039.0, "munic_clus": "101_1039", "munic_code": 101.0, "min": 2.9033656120300293, "max": 2.9033656120300293, "mean": 2.903365707397461, "count": 5, "std": 9.5367431729442842e-08, "range": 0.0 }, "geometry": { "type": "Polygon", "coordinates": [ [ [ 725400.0, 6177300.0 ], [ 725500.0, 6177300.0 ], [ 725600.0, 6177300.0 ], [ 725600.0, 6177200.0 ], [ 725600.0, 6177100.0 ], [ 725500.0, 6177100.0 ], [ 725400.0, 6177100.0 ], [ 725300.0, 6177100.0 ], [ 725300.0, 6177200.0 ], [ 725400.0, 6177200.0 ], [ 725400.0, 6177300.0 ] ] ] } },
{ "type": "Feature", "properties": { "Shape_Area": 60000.0, "Shape_Leng": 1200.0, "cluster_id": "101_1040", "fid_1": 1040.0, "id_munic": 1040.0, "munic_clus": "101_1040", "munic_code": 101.0, "min": 3.0324892997741699, "max": 3.0324892997741699, "mean": 3.0324891408284507, "count": 6, "std": 1.5894571925301193e-07, "range": 0.0 }, "geometry": { "type": "Polygon", "coordinates": [ [ [ 719400.0, 6176400.0 ], [ 719400.0, 6176500.0 ], [ 719400.0, 6176600.0 ], [ 719500.0, 6176600.0 ], [ 719500.0, 6176500.0 ], [ 719600.0, 6176500.0 ], [ 719600.0, 6176400.0 ], [ 719700.0, 6176400.0 ], [ 719700.0, 6176300.0 ], [ 719600.0, 6176300.0 ], [ 719500.0, 6176300.0 ], [ 719400.0, 6176300.0 ], [ 719400.0, 6176400.0 ] ] ] } },
{ "type": "Feature", "properties": { "Shape_Area": 50000.0, "Shape_Leng": 1000.0, "cluster_id": "101_1042", "fid_1": 1042.0, "id_munic": 1042.0, "munic_clus": "101_1042", "munic_code": 101.0, "min": 2.5826394557952881, "max": 2.5826394557952881, "mean": 2.5826395034790037, "count": 5, "std": 4.7683715642676816e-08, "range": 0.0 }, "geometry": { "type": "Polygon", "coordinates": [ [ [ 727100.0, 6173800.0 ], [ 727100.0, 6173900.0 ], [ 727000.0, 6173900.0 ], [ 727000.0, 6174000.0 ], [ 727000.0, 6174100.0 ], [ 727100.0, 6174100.0 ], [ 727200.0, 6174100.0 ], [ 727200.0, 6174000.0 ], [ 727200.0, 6173900.0 ], [ 727200.0, 6173800.0 ], [ 727100.0, 6173800.0 ] ] ] } },
{ "type": "Feature", "properties": { "Shape_Area": 150000.0, "Shape_Leng": 1600.0, "cluster_id": "101_1043", "fid_1": 1043.0, "id_munic": 1043.0, "munic_clus": "101_1043", "munic_code": 101.0, "min": 2.8915362358093262, "max": 2.8915362358093262, "mean": 2.8915362040201824, "count": 15, "std": 3.1789143761784544e-08, "range": 0.0 }, "geometry": { "type": "Polygon", "coordinates": [ [ [ 719900.0, 6177600.0 ], [ 719800.0, 6177600.0 ], [ 719700.0, 6177600.0 ], [ 719600.0, 6177600.0 ], [ 719500.0, 6177600.0 ], [ 719500.0, 6177700.0 ], [ 719500.0, 6177800.0 ], [ 719500.0, 6177900.0 ], [ 719500.0, 6178000.0 ], [ 719600.0, 6178000.0 ], [ 719700.0, 6178000.0 ], [ 719800.0, 6178000.0 ], [ 719800.0, 6177900.0 ], [ 719900.0, 6177900.0 ], [ 719900.0, 6177800.0 ], [ 719900.0, 6177700.0 ], [ 719900.0, 6177600.0 ] ] ] } },
{ "type": "Feature", "properties": { "Shape_Area": 60000.0, "Shape_Leng": 1200.0, "cluster_id": "101_1044", "fid_1": 1044.0, "id_munic": 1044.0, "munic_clus": "101_1044", "munic_code": 101.0, "min": 3.1492838859558105, "max": 3.1492838859558105, "mean": 3.1492837270100913, "count": 6, "std": 1.5894571925301193e-07, "range": 0.0 }, "geometry": { "type": "Polygon", "coordinates": [ [ [ 722300.0, 6177300.0 ], [ 722300.0, 6177400.0 ], [ 722200.0, 6177400.0 ], [ 722200.0, 6177500.0 ], [ 722200.0, 6177600.0 ], [ 722200.0, 6177700.0 ], [ 722300.0, 6177700.0 ], [ 722300.0, 6177600.0 ], [ 722400.0, 6177600.0 ], [ 722400.0, 6177500.0 ], [ 722400.0, 6177400.0 ], [ 722400.0, 6177300.0 ], [ 722300.0, 6177300.0 ] ] ] } },
{ "type": "Feature", "properties": { "Shape_Area": 60000.0, "Shape_Leng": 1000.0, "cluster_id": "101_1045", "fid_1": 1045.0, "id_munic": 1045.0, "munic_clus": "101_1045", "munic_code": 101.0, "min": 3.4773409366607666, "max": 3.4773409366607666, "mean": 3.4773410161336265, "count": 6, "std": 7.947285984855057e-08, "range": 0.0 }, "geometry": { "type": "Polygon", "coordinates": [ [ [ 720900.0, 6179400.0 ], [ 720900.0, 6179500.0 ], [ 721000.0, 6179500.0 ], [ 721100.0, 6179500.0 ], [ 721200.0, 6179500.0 ], [ 721200.0, 6179400.0 ], [ 721200.0, 6179300.0 ], [ 721100.0, 6179300.0 ], [ 721000.0, 6179300.0 ], [ 720900.0, 6179300.0 ], [ 720900.0, 6179400.0 ] ] ] } },
{ "type": "Feature", "properties": { "Shape_Area": 130000.0, "Shape_Leng": 2000.0, "cluster_id": "101_1046", "fid_1": 1046.0, "id_munic": 1046.0, "munic_clus": "101_1046", "munic_code": 101.0, "min": 3.5981340408325195, "max": 3.5981340408325195, "mean": 3.5981339674729567, "count": 13, "std": 7.3359562868802186e-08, "range": 0.0 }, "geometry": { "type": "Polygon", "coordinates": [ [ [ 724400.0, 6176300.0 ], [ 724400.0, 6176200.0 ], [ 724300.0, 6176200.0 ], [ 724200.0, 6176200.0 ], [ 724200.0, 6176100.0 ], [ 724100.0, 6176100.0 ], [ 724000.0, 6176100.0 ], [ 724000.0, 6176200.0 ], [ 724100.0, 6176200.0 ], [ 724100.0, 6176300.0 ], [ 724100.0, 6176400.0 ], [ 724200.0, 6176400.0 ], [ 724200.0, 6176500.0 ], [ 724200.0, 6176600.0 ], [ 724300.0, 6176600.0 ], [ 724400.0, 6176600.0 ], [ 724500.0, 6176600.0 ], [ 724500.0, 6176500.0 ], [ 724400.0, 6176500.0 ], [ 724400.0, 6176400.0 ], [ 724400.0, 6176300.0 ] ] ] } },
{ "type": "Feature", "properties": { "Shape_Area": 50000.0, "Shape_Leng": 1000.0, "cluster_id": "101_1047", "fid_1": 1047.0, "id_munic": 1047.0, "munic_clus": "101_1047", "munic_code": 101.0, "min": 3.3623795509338379, "max": 3.3623795509338379, "mean": 3.3623794555664062, "count": 5, "std": 9.5367431729442842e-08, "range": 0.0 }, "geometry": { "type": "Polygon", "coordinates": [ [ [ 726400.0, 6173400.0 ], [ 726400.0, 6173300.0 ], [ 726500.0, 6173300.0 ], [ 726500.0, 6173200.0 ], [ 726400.0, 6173200.0 ], [ 726300.0, 6173200.0 ], [ 726200.0, 6173200.0 ], [ 726200.0, 6173300.0 ], [ 726200.0, 6173400.0 ], [ 726300.0, 6173400.0 ], [ 726400.0, 6173400.0 ] ] ] } },
{ "type": "Feature", "properties": { "Shape_Area": 230000.0, "Shape_Leng": 2400.0, "cluster_id": "101_1048", "fid_1": 1048.0, "id_munic": 1048.0, "munic_clus": "101_1048", "munic_code": 101.0, "min": 2.5863044261932373, "max": 2.5863044261932373, "mean": 2.5863042085067085, "count": 23, "std": 2.176865288028296e-07, "range": 0.0 }, "geometry": { "type": "Polygon", "coordinates": [ [ [ 725200.0, 6175100.0 ], [ 725100.0, 6175100.0 ], [ 725100.0, 6175200.0 ], [ 725100.0, 6175300.0 ], [ 725200.0, 6175300.0 ], [ 725200.0, 6175400.0 ], [ 725300.0, 6175400.0 ], [ 725400.0, 6175400.0 ], [ 725500.0, 6175400.0 ], [ 725500.0, 6175300.0 ], [ 725600.0, 6175300.0 ], [ 725700.0, 6175300.0 ], [ 725700.0, 6175200.0 ], [ 725700.0, 6175100.0 ], [ 725700.0, 6175000.0 ], [ 725800.0, 6175000.0 ], [ 725800.0, 6174900.0 ], [ 725700.0, 6174900.0 ], [ 725600.0, 6174900.0 ], [ 725500.0, 6174900.0 ], [ 725500.0, 6175000.0 ], [ 725400.0, 6175000.0 ], [ 725300.0, 6175000.0 ], [ 725200.0, 6175000.0 ], [ 725200.0, 6175100.0 ] ] ] } },
{ "type": "Feature", "properties": { "Shape_Area": 110000.0, "Shape_Leng": 1600.0, "cluster_id": "101_1049", "fid_1": 1049.0, "id_munic": 1049.0, "munic_clus": "101_1049", "munic_code": 101.0, "min": 3.4708435535430908, "max": 3.4708435535430908, "mean": 3.4708435752175073, "count": 11, "std": 2.1674416483818959e-08, "range": 0.0 }, "geometry": { "type": "Polygon", "coordinates": [ [ [ 720200.0, 6172500.0 ], [ 720200.0, 6172600.0 ], [ 720200.0, 6172700.0 ], [ 720200.0, 6172800.0 ], [ 720300.0, 6172800.0 ], [ 720300.0, 6172700.0 ], [ 720400.0, 6172700.0 ], [ 720500.0, 6172700.0 ], [ 720600.0, 6172700.0 ], [ 720600.0, 6172600.0 ], [ 720500.0, 6172600.0 ], [ 720500.0, 6172500.0 ], [ 720500.0, 6172400.0 ], [ 720400.0, 6172400.0 ], [ 720300.0, 6172400.0 ], [ 720200.0, 6172400.0 ], [ 720200.0, 6172500.0 ] ] ] } },
{ "type": "Feature", "properties": { "Shape_Area": 50000.0, "Shape_Leng": 1000.0, "cluster_id": "101_1050", "fid_1": 1050.0, "id_munic": 1050.0, "munic_clus": "101_1050", "munic_code": 101.0, "min": 2.29756760597229, "max": 2.29756760597229, "mean": 2.2975675582885744, "count": 5, "std": 4.7683715642676816e-08, "range": 0.0 }, "geometry": { "type": "Polygon", "coordinates": [ [ [ 724900.0, 6174900.0 ], [ 724900.0, 6175000.0 ], [ 725000.0, 6175000.0 ], [ 725100.0, 6175000.0 ], [ 725100.0, 6174900.0 ], [ 725100.0, 6174800.0 ], [ 725000.0, 6174800.0 ], [ 724900.0, 6174800.0 ], [ 724800.0, 6174800.0 ], [ 724800.0, 6174900.0 ], [ 724900.0, 6174900.0 ] ] ] } },
{ "type": "Feature", "properties": { "Shape_Area": 40000.0, "Shape_Leng": 800.0, "cluster_id": "101_1051", "fid_1": 1051.0, "id_munic": 1051.0, "munic_clus": "101_1051", "munic_code": 101.0, "min": 2.6699435710906982, "max": 2.6699435710906982, "mean": 2.6699435710906982, "count": 4, "std": 0.0, "range": 0.0 }, "geometry": { "type": "Polygon", "coordinates": [ [ [ 727200.0, 6174200.0 ], [ 727300.0, 6174200.0 ], [ 727400.0, 6174200.0 ], [ 727400.0, 6174100.0 ], [ 727400.0, 6174000.0 ], [ 727300.0, 6174000.0 ], [ 727200.0, 6174000.0 ], [ 727200.0, 6174100.0 ], [ 727200.0, 6174200.0 ] ] ] } },
{ "type": "Feature", "properties": { "Shape_Area": 170000.0, "Shape_Leng": 2600.0, "cluster_id": "101_1052", "fid_1": 1052.0, "id_munic": 1052.0, "munic_clus": "101_1052", "munic_code": 101.0, "min": 3.1109633445739746, "max": 3.1109633445739746, "mean": 3.1109632604262409, "count": 17, "std": 8.4147733669936997e-08, "range": 0.0 }, "geometry": { "type": "Polygon", "coordinates": [ [ [ 720300.0, 6172100.0 ], [ 720300.0, 6172000.0 ], [ 720300.0, 6171900.0 ], [ 720300.0, 6171800.0 ], [ 720200.0, 6171800.0 ], [ 720200.0, 6171900.0 ], [ 720100.0, 6171900.0 ], [ 720000.0, 6171900.0 ], [ 720000.0, 6172000.0 ], [ 720000.0, 6172100.0 ], [ 719900.0, 6172100.0 ], [ 719900.0, 6172200.0 ], [ 719800.0, 6172200.0 ], [ 719700.0, 6172200.0 ], [ 719600.0, 6172200.0 ], [ 719600.0, 6172300.0 ], [ 719600.0, 6172400.0 ], [ 719700.0, 6172400.0 ], [ 719800.0, 6172400.0 ], [ 719900.0, 6172400.0 ], [ 719900.0, 6172300.0 ], [ 720000.0, 6172300.0 ], [ 720000.0, 6172200.0 ], [ 720100.0, 6172200.0 ], [ 720200.0, 6172200.0 ], [ 720200.0, 6172100.0 ], [ 720300.0, 6172100.0 ] ] ] } },
{ "type": "Feature", "properties": { "Shape_Area": 40000.0, "Shape_Leng": 800.0, "cluster_id": "101_1054", "fid_1": 1054.0, "id_munic": 1054.0, "munic_clus": "101_1054", "munic_code": 101.0, "min": 3.9373543262481689, "max": 3.9373543262481689, "mean": 3.9373543262481689, "count": 4, "std": 0.0, "range": 0.0 }, "geometry": { "type": "Polygon", "coordinates": [ [ [ 723200.0, 6174900.0 ], [ 723300.0, 6174900.0 ], [ 723400.0, 6174900.0 ], [ 723400.0, 6174800.0 ], [ 723400.0, 6174700.0 ], [ 723300.0, 6174700.0 ], [ 723200.0, 6174700.0 ], [ 723200.0, 6174800.0 ], [ 723200.0, 6174900.0 ] ] ] } },
{ "type": "Feature", "properties": { "Shape_Area": 80000.0, "Shape_Leng": 1400.0, "cluster_id": "101_1055", "fid_1": 1055.0, "id_munic": 1055.0, "munic_clus": "101_1055", "munic_code": 101.0, "min": 2.7272579669952393, "max": 2.7272579669952393, "mean": 2.7272582054138184, "count": 8, "std": 2.384185791015625e-07, "range": 0.0 }, "geometry": { "type": "Polygon", "coordinates": [ [ [ 718900.0, 6178900.0 ], [ 718800.0, 6178900.0 ], [ 718700.0, 6178900.0 ], [ 718600.0, 6178900.0 ], [ 718600.0, 6179000.0 ], [ 718600.0, 6179100.0 ], [ 718500.0, 6179100.0 ], [ 718500.0, 6179200.0 ], [ 718600.0, 6179200.0 ], [ 718700.0, 6179200.0 ], [ 718700.0, 6179100.0 ], [ 718800.0, 6179100.0 ], [ 718900.0, 6179100.0 ], [ 718900.0, 6179000.0 ], [ 718900.0, 6178900.0 ] ] ] } },
{ "type": "Feature", "properties": { "Shape_Area": 100000.0, "Shape_Leng": 1400.0, "cluster_id": "101_1056", "fid_1": 1056.0, "id_munic": 1056.0, "munic_clus": "101_1056", "munic_code": 101.0, "min": 3.1949353218078613, "max": 3.1949353218078613, "mean": 3.1949352264404296, "count": 10, "std": 9.5367431729442855e-08, "range": 0.0 }, "geometry": { "type": "Polygon", "coordinates": [ [ [ 721300.0, 6179100.0 ], [ 721300.0, 6179200.0 ], [ 721400.0, 6179200.0 ], [ 721400.0, 6179300.0 ], [ 721500.0, 6179300.0 ], [ 721600.0, 6179300.0 ], [ 721600.0, 6179200.0 ], [ 721700.0, 6179200.0 ], [ 721700.0, 6179100.0 ], [ 721700.0, 6179000.0 ], [ 721600.0, 6179000.0 ], [ 721500.0, 6179000.0 ], [ 721400.0, 6179000.0 ], [ 721300.0, 6179000.0 ], [ 721300.0, 6179100.0 ] ] ] } },
{ "type": "Feature", "properties": { "Shape_Area": 90000.0, "Shape_Leng": 1400.0, "cluster_id": "101_1057", "fid_1": 1057.0, "id_munic": 1057.0, "munic_clus": "101_1057", "munic_code": 101.0, "min": 2.7364213466644287, "max": 2.7364213466644287, "mean": 2.7364213731553821, "count": 9, "std": 2.6490953430879927e-08, "range": 0.0 }, "geometry": { "type": "Polygon", "coordinates": [ [ [ 719400.0, 6175100.0 ], [ 719300.0, 6175100.0 ], [ 719200.0, 6175100.0 ], [ 719100.0, 6175100.0 ], [ 719000.0, 6175100.0 ], [ 719000.0, 6175200.0 ], [ 719100.0, 6175200.0 ], [ 719100.0, 6175300.0 ], [ 719200.0, 6175300.0 ], [ 719200.0, 6175400.0 ], [ 719300.0, 6175400.0 ], [ 719400.0, 6175400.0 ], [ 719400.0, 6175300.0 ], [ 719400.0, 6175200.0 ], [ 719400.0, 6175100.0 ] ] ] } },
{ "type": "Feature", "properties": { "Shape_Area": 80000.0, "Shape_Leng": 1200.0, "cluster_id": "101_1058", "fid_1": 1058.0, "id_munic": 1058.0, "munic_clus": "101_1058", "munic_code": 101.0, "min": 2.7727425098419189, "max": 2.7727425098419189, "mean": 2.772742748260498, "count": 8, "std": 2.384185791015625e-07, "range": 0.0 }, "geometry": { "type": "Polygon", "coordinates": [ [ [ 721800.0, 6178300.0 ], [ 721700.0, 6178300.0 ], [ 721700.0, 6178400.0 ], [ 721600.0, 6178400.0 ], [ 721600.0, 6178500.0 ], [ 721600.0, 6178600.0 ], [ 721700.0, 6178600.0 ], [ 721800.0, 6178600.0 ], [ 721900.0, 6178600.0 ], [ 721900.0, 6178500.0 ], [ 721900.0, 6178400.0 ], [ 721900.0, 6178300.0 ], [ 721800.0, 6178300.0 ] ] ] } },
{ "type": "Feature", "properties": { "Shape_Area": 40000.0, "Shape_Leng": 800.0, "cluster_id": "101_1059", "fid_1": 1059.0, "id_munic": 1059.0, "munic_clus": "101_1059", "munic_code": 101.0, "min": 3.7384200096130371, "max": 3.7384200096130371, "mean": 3.7384200096130371, "count": 4, "std": 0.0, "range": 0.0 }, "geometry": { "type": "Polygon", "coordinates": [ [ [ 721000.0, 6178100.0 ], [ 721100.0, 6178100.0 ], [ 721200.0, 6178100.0 ], [ 721200.0, 6178000.0 ], [ 721200.0, 6177900.0 ], [ 721100.0, 6177900.0 ], [ 721000.0, 6177900.0 ], [ 721000.0, 6178000.0 ], [ 721000.0, 6178100.0 ] ] ] } },
{ "type": "Feature", "properties": { "Shape_Area": 40000.0, "Shape_Leng": 800.0, "cluster_id": "101_1060", "fid_1": 1060.0, "id_munic": 1060.0, "munic_clus": "101_1060", "munic_code": 101.0, "min": 2.4318561553955078, "max": 2.4318561553955078, "mean": 2.4318561553955078, "count": 4, "std": 0.0, "range": 0.0 }, "geometry": { "type": "Polygon", "coordinates": [ [ [ 722500.0, 6178300.0 ], [ 722600.0, 6178300.0 ], [ 722700.0, 6178300.0 ], [ 722700.0, 6178200.0 ], [ 722700.0, 6178100.0 ], [ 722600.0, 6178100.0 ], [ 722500.0, 6178100.0 ], [ 722500.0, 6178200.0 ], [ 722500.0, 6178300.0 ] ] ] } },
{ "type": "Feature", "properties": { "Shape_Area": 410000.0, "Shape_Leng": 3600.0, "cluster_id": "101_1061", "fid_1": 1061.0, "id_munic": 1061.0, "munic_clus": "101_1061", "munic_code": 101.0, "min": 3.0751419067382812, "max": 3.0751419067382812, "mean": 3.0751419067382812, "count": 41, "std": 0.0, "range": 0.0 }, "geometry": { "type": "Polygon", "coordinates": [ [ [ 719100.0, 6180300.0 ], [ 719200.0, 6180300.0 ], [ 719200.0, 6180400.0 ], [ 719200.0, 6180500.0 ], [ 719100.0, 6180500.0 ], [ 719000.0, 6180500.0 ], [ 719000.0, 6180600.0 ], [ 719000.0, 6180700.0 ], [ 719000.0, 6180800.0 ], [ 718900.0, 6180800.0 ], [ 718800.0, 6180800.0 ], [ 718800.0, 6180900.0 ], [ 718900.0, 6180900.0 ], [ 719000.0, 6180900.0 ], [ 719100.0, 6180900.0 ], [ 719200.0, 6180900.0 ], [ 719200.0, 6180800.0 ], [ 719300.0, 6180800.0 ], [ 719400.0, 6180800.0 ], [ 719500.0, 6180800.0 ], [ 719500.0, 6180700.0 ], [ 719600.0, 6180700.0 ], [ 719600.0, 6180600.0 ], [ 719700.0, 6180600.0 ], [ 719700.0, 6180500.0 ], [ 719700.0, 6180400.0 ], [ 719700.0, 6180300.0 ], [ 719600.0, 6180300.0 ], [ 719600.0, 6180200.0 ], [ 719500.0, 6180200.0 ], [ 719500.0, 6180100.0 ], [ 719400.0, 6180100.0 ], [ 719300.0, 6180100.0 ], [ 719200.0, 6180100.0 ], [ 719100.0, 6180100.0 ], [ 719100.0, 6180200.0 ], [ 719100.0, 6180300.0 ] ] ] } },
{ "type": "Feature", "properties": { "Shape_Area": 90000.0, "Shape_Leng": 1400.0, "cluster_id": "101_1063", "fid_1": 1063.0, "id_munic": 1063.0, "munic_clus": "101_1063", "munic_code": 101.0, "min": 2.9640123844146729, "max": 2.9640123844146729, "mean": 2.9640123579237194, "count": 9, "std": 2.6490953430879927e-08, "range": 0.0 }, "geometry": { "type": "Polygon", "coordinates": [ [ [ 722500.0, 6180700.0 ], [ 722600.0, 6180700.0 ], [ 722600.0, 6180800.0 ], [ 722700.0, 6180800.0 ], [ 722800.0, 6180800.0 ], [ 722800.0, 6180700.0 ], [ 722900.0, 6180700.0 ], [ 722900.0, 6180600.0 ], [ 722800.0, 6180600.0 ], [ 722800.0, 6180500.0 ], [ 722700.0, 6180500.0 ], [ 722600.0, 6180500.0 ], [ 722500.0, 6180500.0 ], [ 722500.0, 6180600.0 ], [ 722500.0, 6180700.0 ] ] ] } },
{ "type": "Feature", "properties": { "Shape_Area": 40000.0, "Shape_Leng": 800.0, "cluster_id": "101_1064", "fid_1": 1064.0, "id_munic": 1064.0, "munic_clus": "101_1064", "munic_code": 101.0, "min": 3.6126294136047363, "max": 3.6126294136047363, "mean": 3.6126294136047363, "count": 4, "std": 0.0, "range": 0.0 }, "geometry": { "type": "Polygon", "coordinates": [ [ [ 720000.0, 6172800.0 ], [ 720000.0, 6172900.0 ], [ 720100.0, 6172900.0 ], [ 720200.0, 6172900.0 ], [ 720200.0, 6172800.0 ], [ 720200.0, 6172700.0 ], [ 720100.0, 6172700.0 ], [ 720000.0, 6172700.0 ], [ 720000.0, 6172800.0 ] ] ] } },
{ "type": "Feature", "properties": { "Shape_Area": 110000.0, "Shape_Leng": 1600.0, "cluster_id": "101_1065", "fid_1": 1065.0, "id_munic": 1065.0, "munic_clus": "101_1065", "munic_code": 101.0, "min": 2.5528161525726318, "max": 2.5528161525726318, "mean": 2.5528162175958808, "count": 11, "std": 6.5023249007367667e-08, "range": 0.0 }, "geometry": { "type": "Polygon", "coordinates": [ [ [ 719200.0, 6175600.0 ], [ 719200.0, 6175700.0 ], [ 719300.0, 6175700.0 ], [ 719400.0, 6175700.0 ], [ 719500.0, 6175700.0 ], [ 719500.0, 6175800.0 ], [ 719600.0, 6175800.0 ], [ 719600.0, 6175700.0 ], [ 719600.0, 6175600.0 ], [ 719600.0, 6175500.0 ], [ 719600.0, 6175400.0 ], [ 719500.0, 6175400.0 ], [ 719400.0, 6175400.0 ], [ 719300.0, 6175400.0 ], [ 719300.0, 6175500.0 ], [ 719300.0, 6175600.0 ], [ 719200.0, 6175600.0 ] ] ] } },
{ "type": "Feature", "properties": { "Shape_Area": 60000.0, "Shape_Leng": 1000.0, "cluster_id": "101_1066", "fid_1": 1066.0, "id_munic": 1066.0, "munic_clus": "101_1066", "munic_code": 101.0, "min": 2.7477507591247559, "max": 2.7477507591247559, "mean": 2.7477509180704751, "count": 6, "std": 1.5894571925301193e-07, "range": 0.0 }, "geometry": { "type": "Polygon", "coordinates": [ [ [ 719600.0, 6175100.0 ], [ 719500.0, 6175100.0 ], [ 719400.0, 6175100.0 ], [ 719400.0, 6175200.0 ], [ 719400.0, 6175300.0 ], [ 719400.0, 6175400.0 ], [ 719500.0, 6175400.0 ], [ 719600.0, 6175400.0 ], [ 719600.0, 6175300.0 ], [ 719600.0, 6175200.0 ], [ 719600.0, 6175100.0 ] ] ] } },
{ "type": "Feature", "properties": { "Shape_Area": 270000.0, "Shape_Leng": 3200.0, "cluster_id": "101_1067", "fid_1": 1067.0, "id_munic": 1067.0, "munic_clus": "101_1067", "munic_code": 101.0, "min": 2.8802065849304199, "max": 2.8802065849304199, "mean": 2.8802060727719909, "count": 27, "std": 5.1215842900020903e-07, "range": 0.0 }, "geometry": { "type": "Polygon", "coordinates": [ [ [ 718500.0, 6177600.0 ], [ 718500.0, 6177500.0 ], [ 718600.0, 6177500.0 ], [ 718600.0, 6177400.0 ], [ 718600.0, 6177300.0 ], [ 718500.0, 6177300.0 ], [ 718500.0, 6177200.0 ], [ 718400.0, 6177200.0 ], [ 718300.0, 6177200.0 ], [ 718200.0, 6177200.0 ], [ 718100.0, 6177200.0 ], [ 718100.0, 6177300.0 ], [ 718100.0, 6177400.0 ], [ 718200.0, 6177400.0 ], [ 718200.0, 6177500.0 ], [ 718100.0, 6177500.0 ], [ 718100.0, 6177600.0 ], [ 718100.0, 6177700.0 ], [ 718000.0, 6177700.0 ], [ 718000.0, 6177800.0 ], [ 718000.0, 6177900.0 ], [ 718000.0, 6178000.0 ], [ 718000.0, 6178100.0 ], [ 718100.0, 6178100.0 ], [ 718100.0, 6178000.0 ], [ 718100.0, 6177900.0 ], [ 718100.0, 6177800.0 ], [ 718200.0, 6177800.0 ], [ 718300.0, 6177800.0 ], [ 718400.0, 6177800.0 ], [ 718400.0, 6177700.0 ], [ 718400.0, 6177600.0 ], [ 718500.0, 6177600.0 ] ] ] } },
{ "type": "Feature", "properties": { "Shape_Area": 170000.0, "Shape_Leng": 2400.0, "cluster_id": "101_1068", "fid_1": 1068.0, "id_munic": 1068.0, "munic_clus": "101_1068", "munic_code": 101.0, "min": 3.4973344802856445, "max": 3.4973344802856445, "mean": 3.4973344241871551, "count": 17, "std": 5.6098489409350805e-08, "range": 0.0 }, "geometry": { "type": "Polygon", "coordinates": [ [ [ 722300.0, 6178900.0 ], [ 722300.0, 6179000.0 ], [ 722300.0, 6179100.0 ], [ 722300.0, 6179200.0 ], [ 722300.0, 6179300.0 ], [ 722400.0, 6179300.0 ], [ 722400.0, 6179200.0 ], [ 722500.0, 6179200.0 ], [ 722500.0, 6179100.0 ], [ 722600.0, 6179100.0 ], [ 722600.0, 6179000.0 ], [ 722600.0, 6178900.0 ], [ 722500.0, 6178900.0 ], [ 722500.0, 6178800.0 ], [ 722500.0, 6178700.0 ], [ 722500.0, 6178600.0 ], [ 722400.0, 6178600.0 ], [ 722400.0, 6178500.0 ], [ 722400.0, 6178400.0 ], [ 722300.0, 6178400.0 ], [ 722300.0, 6178500.0 ], [ 722300.0, 6178600.0 ], [ 722300.0, 6178700.0 ], [ 722300.0, 6178800.0 ], [ 722300.0, 6178900.0 ] ] ] } },
{ "type": "Feature", "properties": { "Shape_Area": 40000.0, "Shape_Leng": 800.0, "cluster_id": "101_1069", "fid_1": 1069.0, "id_munic": 1069.0, "munic_clus": "101_1069", "munic_code": 101.0, "min": 3.8123960494995117, "max": 3.8123960494995117, "mean": 3.8123960494995117, "count": 4, "std": 0.0, "range": 0.0 }, "geometry": { "type": "Polygon", "coordinates": [ [ [ 726400.0, 6174200.0 ], [ 726400.0, 6174300.0 ], [ 726500.0, 6174300.0 ], [ 726600.0, 6174300.0 ], [ 726600.0, 6174200.0 ], [ 726600.0, 6174100.0 ], [ 726500.0, 6174100.0 ], [ 726400.0, 6174100.0 ], [ 726400.0, 6174200.0 ] ] ] } },
{ "type": "Feature", "properties": { "Shape_Area": 70000.0, "Shape_Leng": 1200.0, "cluster_id": "101_1070", "fid_1": 1070.0, "id_munic": 1070.0, "munic_clus": "101_1070", "munic_code": 101.0, "min": 3.0059986114501953, "max": 3.0059986114501953, "mean": 3.0059986114501953, "count": 7, "std": 0.0, "range": 0.0 }, "geometry": { "type": "Polygon", "coordinates": [ [ [ 719400.0, 6176100.0 ], [ 719500.0, 6176100.0 ], [ 719500.0, 6176000.0 ], [ 719500.0, 6175900.0 ], [ 719500.0, 6175800.0 ], [ 719500.0, 6175700.0 ], [ 719400.0, 6175700.0 ], [ 719300.0, 6175700.0 ], [ 719300.0, 6175800.0 ], [ 719300.0, 6175900.0 ], [ 719300.0, 6176000.0 ], [ 719400.0, 6176000.0 ], [ 719400.0, 6176100.0 ] ] ] } },
{ "type": "Feature", "properties": { "Shape_Area": 270000.0, "Shape_Leng": 2400.0, "cluster_id": "101_1071", "fid_1": 1071.0, "id_munic": 1071.0, "munic_clus": "101_1071", "munic_code": 101.0, "min": 2.7075974941253662, "max": 2.7075974941253662, "mean": 2.7075972380461515, "count": 27, "std": 2.5607921472214912e-07, "range": 0.0 }, "geometry": { "type": "Polygon", "coordinates": [ [ [ 720300.0, 6179200.0 ], [ 720300.0, 6179100.0 ], [ 720200.0, 6179100.0 ], [ 720100.0, 6179100.0 ], [ 720000.0, 6179100.0 ], [ 719900.0, 6179100.0 ], [ 719800.0, 6179100.0 ], [ 719700.0, 6179100.0 ], [ 719600.0, 6179100.0 ], [ 719600.0, 6179200.0 ], [ 719600.0, 6179300.0 ], [ 719600.0, 6179400.0 ], [ 719700.0, 6179400.0 ], [ 719800.0, 6179400.0 ], [ 719800.0, 6179500.0 ], [ 719900.0, 6179500.0 ], [ 720000.0, 6179500.0 ], [ 720100.0, 6179500.0 ], [ 720100.0, 6179600.0 ], [ 720200.0, 6179600.0 ], [ 720200.0, 6179500.0 ], [ 720300.0, 6179500.0 ], [ 720300.0, 6179400.0 ], [ 720300.0, 6179300.0 ], [ 720300.0, 6179200.0 ] ] ] } },
{ "type": "Feature", "properties": { "Shape_Area": 20000.0, "Shape_Leng": 600.0, "cluster_id": "101_1073", "fid_1": 1073.0, "id_munic": 1073.0, "munic_clus": "101_1073", "munic_code": 101.0, "min": 3.7120957374572754, "max": 3.7120957374572754, "mean": 3.7120957374572754, "count": 2, "std": 0.0, "range": 0.0 }, "geometry": { "type": "Polygon", "coordinates": [ [ [ 726600.0, 6175000.0 ], [ 726700.0, 6175000.0 ], [ 726800.0, 6175000.0 ], [ 726800.0, 6174900.0 ], [ 726700.0, 6174900.0 ], [ 726600.0, 6174900.0 ], [ 726600.0, 6175000.0 ] ] ] } },
{ "type": "Feature", "properties": { "Shape_Area": 50000.0, "Shape_Leng": 1200.0, "cluster_id": "101_1074", "fid_1": 1074.0, "id_munic": 1074.0, "munic_clus": "101_1074", "munic_code": 101.0, "min": 2.342552661895752, "max": 2.342552661895752, "mean": 2.3425525665283202, "count": 5, "std": 9.5367431729442842e-08, "range": 0.0 }, "geometry": { "type": "Polygon", "coordinates": [ [ [ 724800.0, 6177500.0 ], [ 724800.0, 6177600.0 ], [ 724800.0, 6177700.0 ], [ 724900.0, 6177700.0 ], [ 724900.0, 6177600.0 ], [ 724900.0, 6177500.0 ], [ 724900.0, 6177400.0 ], [ 724800.0, 6177400.0 ], [ 724800.0, 6177300.0 ], [ 724700.0, 6177300.0 ], [ 724700.0, 6177400.0 ], [ 724700.0, 6177500.0 ], [ 724800.0, 6177500.0 ] ] ] } },
{ "type": "Feature", "properties": { "Shape_Area": 60000.0, "Shape_Leng": 1200.0, "cluster_id": "101_1075", "fid_1": 1075.0, "id_munic": 1075.0, "munic_clus": "101_1075", "munic_code": 101.0, "min": 2.9530153274536133, "max": 2.9530153274536133, "mean": 2.9530153274536133, "count": 6, "std": 0.0, "range": 0.0 }, "geometry": { "type": "Polygon", "coordinates": [ [ [ 723700.0, 6179200.0 ], [ 723600.0, 6179200.0 ], [ 723600.0, 6179300.0 ], [ 723600.0, 6179400.0 ], [ 723700.0, 6179400.0 ], [ 723700.0, 6179500.0 ], [ 723800.0, 6179500.0 ], [ 723900.0, 6179500.0 ], [ 723900.0, 6179400.0 ], [ 723800.0, 6179400.0 ], [ 723800.0, 6179300.0 ], [ 723800.0, 6179200.0 ], [ 723700.0, 6179200.0 ] ] ] } },
{ "type": "Feature", "properties": { "Shape_Area": 40000.0, "Shape_Leng": 800.0, "cluster_id": "101_1076", "fid_1": 1076.0, "id_munic": 1076.0, "munic_clus": "101_1076", "munic_code": 101.0, "min": 2.5524826049804688, "max": 2.5524826049804688, "mean": 2.5524826049804688, "count": 4, "std": 0.0, "range": 0.0 }, "geometry": { "type": "Polygon", "coordinates": [ [ [ 725200.0, 6179000.0 ], [ 725100.0, 6179000.0 ], [ 725000.0, 6179000.0 ], [ 725000.0, 6179100.0 ], [ 725000.0, 6179200.0 ], [ 725100.0, 6179200.0 ], [ 725200.0, 6179200.0 ], [ 725200.0, 6179100.0 ], [ 725200.0, 6179000.0 ] ] ] } },
{ "type": "Feature", "properties": { "Shape_Area": 100000.0, "Shape_Leng": 1800.0, "cluster_id": "101_1077", "fid_1": 1077.0, "id_munic": 1077.0, "munic_clus": "101_1077", "munic_code": 101.0, "min": 3.5106632709503174, "max": 3.5106632709503174, "mean": 3.5106636047363282, "count": 10, "std": 3.3378601083100534e-07, "range": 0.0 }, "geometry": { "type": "Polygon", "coordinates": [ [ [ 725800.0, 6175500.0 ], [ 725700.0, 6175500.0 ], [ 725700.0, 6175600.0 ], [ 725600.0, 6175600.0 ], [ 725600.0, 6175700.0 ], [ 725600.0, 6175800.0 ], [ 725700.0, 6175800.0 ], [ 725700.0, 6175900.0 ], [ 725700.0, 6176000.0 ], [ 725800.0, 6176000.0 ], [ 725800.0, 6175900.0 ], [ 725900.0, 6175900.0 ], [ 725900.0, 6175800.0 ], [ 725900.0, 6175700.0 ], [ 725800.0, 6175700.0 ], [ 725800.0, 6175600.0 ], [ 725900.0, 6175600.0 ], [ 725900.0, 6175500.0 ], [ 725800.0, 6175500.0 ] ] ] } },
{ "type": "Feature", "properties": { "Shape_Area": 50000.0, "Shape_Leng": 1000.0, "cluster_id": "101_1078", "fid_1": 1078.0, "id_munic": 1078.0, "munic_clus": "101_1078", "munic_code": 101.0, "min": 2.8715434074401855, "max": 2.8715434074401855, "mean": 2.8715435028076173, "count": 5, "std": 9.5367431729442842e-08, "range": 0.0 }, "geometry": { "type": "Polygon", "coordinates": [ [ [ 725700.0, 6175800.0 ], [ 725600.0, 6175800.0 ], [ 725500.0, 6175800.0 ], [ 725500.0, 6175900.0 ], [ 725500.0, 6176000.0 ], [ 725500.0, 6176100.0 ], [ 725600.0, 6176100.0 ], [ 725600.0, 6176000.0 ], [ 725700.0, 6176000.0 ], [ 725700.0, 6175900.0 ], [ 725700.0, 6175800.0 ] ] ] } },
{ "type": "Feature", "properties": { "Shape_Area": 160000.0, "Shape_Leng": 2600.0, "cluster_id": "101_1079", "fid_1": 1079.0, "id_munic": 1079.0, "munic_clus": "101_1079", "munic_code": 101.0, "min": 2.7187607288360596, "max": 2.7187607288360596, "mean": 2.7187607288360596, "count": 16, "std": 0.0, "range": 0.0 }, "geometry": { "type": "Polygon", "coordinates": [ [ [ 721200.0, 6177700.0 ], [ 721200.0, 6177800.0 ], [ 721200.0, 6177900.0 ], [ 721200.0, 6178000.0 ], [ 721300.0, 6178000.0 ], [ 721300.0, 6177900.0 ], [ 721400.0, 6177900.0 ], [ 721500.0, 6177900.0 ], [ 721500.0, 6178000.0 ], [ 721600.0, 6178000.0 ], [ 721600.0, 6177900.0 ], [ 721700.0, 6177900.0 ], [ 721700.0, 6177800.0 ], [ 721600.0, 6177800.0 ], [ 721500.0, 6177800.0 ], [ 721500.0, 6177700.0 ], [ 721400.0, 6177700.0 ], [ 721400.0, 6177600.0 ], [ 721300.0, 6177600.0 ], [ 721300.0, 6177500.0 ], [ 721200.0, 6177500.0 ], [ 721200.0, 6177400.0 ], [ 721100.0, 6177400.0 ], [ 721100.0, 6177500.0 ], [ 721100.0, 6177600.0 ], [ 721100.0, 6177700.0 ], [ 721200.0, 6177700.0 ] ] ] } },
{ "type": "Feature", "properties": { "Shape_Area": 30000.0, "Shape_Leng": 800.0, "cluster_id": "101_1081", "fid_1": 1081.0, "id_munic": 1081.0, "munic_clus": "101_1081", "munic_code": 101.0, "min": 3.139786958694458, "max": 3.139786958694458, "mean": 3.1397870381673179, "count": 3, "std": 7.947285984855057e-08, "range": 0.0 }, "geometry": { "type": "Polygon", "coordinates": [ [ [ 723300.0, 6177600.0 ], [ 723400.0, 6177600.0 ], [ 723500.0, 6177600.0 ], [ 723500.0, 6177500.0 ], [ 723400.0, 6177500.0 ], [ 723300.0, 6177500.0 ], [ 723200.0, 6177500.0 ], [ 723200.0, 6177600.0 ], [ 723300.0, 6177600.0 ] ] ] } },
{ "type": "Feature", "properties": { "Shape_Area": 30000.0, "Shape_Leng": 800.0, "cluster_id": "101_1082", "fid_1": 1082.0, "id_munic": 1082.0, "munic_clus": "101_1082", "munic_code": 101.0, "min": 3.0969686508178711, "max": 3.0969686508178711, "mean": 3.0969686508178711, "count": 3, "std": 0.0, "range": 0.0 }, "geometry": { "type": "Polygon", "coordinates": [ [ [ 718400.0, 6179200.0 ], [ 718400.0, 6179300.0 ], [ 718500.0, 6179300.0 ], [ 718600.0, 6179300.0 ], [ 718600.0, 6179200.0 ], [ 718500.0, 6179200.0 ], [ 718500.0, 6179100.0 ], [ 718400.0, 6179100.0 ], [ 718400.0, 6179200.0 ] ] ] } },
{ "type": "Feature", "properties": { "Shape_Area": 20000.0, "Shape_Leng": 600.0, "cluster_id": "101_1083", "fid_1": 1083.0, "id_munic": 1083.0, "munic_clus": "101_1083", "munic_code": 101.0, "min": 3.0596468448638916, "max": 3.0596468448638916, "mean": 3.0596468448638916, "count": 2, "std": 0.0, "range": 0.0 }, "geometry": { "type": "Polygon", "coordinates": [ [ [ 720100.0, 6177500.0 ], [ 720100.0, 6177600.0 ], [ 720200.0, 6177600.0 ], [ 720200.0, 6177500.0 ], [ 720200.0, 6177400.0 ], [ 720100.0, 6177400.0 ], [ 720100.0, 6177500.0 ] ] ] } },
{ "type": "Feature", "properties": { "Shape_Area": 60000.0, "Shape_Leng": 1200.0, "cluster_id": "101_1084", "fid_1": 1084.0, "id_munic": 1084.0, "munic_clus": "101_1084", "munic_code": 101.0, "min": 2.2294237613677979, "max": 2.2294237613677979, "mean": 2.2294238408406577, "count": 6, "std": 7.947285984855057e-08, "range": 0.0 }, "geometry": { "type": "Polygon", "coordinates": [ [ [ 718600.0, 6176000.0 ], [ 718500.0, 6176000.0 ], [ 718500.0, 6176100.0 ], [ 718400.0, 6176100.0 ], [ 718400.0, 6176200.0 ], [ 718500.0, 6176200.0 ], [ 718600.0, 6176200.0 ], [ 718700.0, 6176200.0 ], [ 718800.0, 6176200.0 ], [ 718800.0, 6176100.0 ], [ 718700.0, 6176100.0 ], [ 718700.0, 6176000.0 ], [ 718600.0, 6176000.0 ] ] ] } },
{ "type": "Feature", "properties": { "Shape_Area": 30000.0, "Shape_Leng": 800.0, "cluster_id": "101_1085", "fid_1": 1085.0, "id_munic": 1085.0, "munic_clus": "101_1085", "munic_code": 101.0, "min": 2.8898701667785645, "max": 2.8898701667785645, "mean": 2.8898703257242837, "count": 3, "std": 1.5894571925301193e-07, "range": 0.0 }, "geometry": { "type": "Polygon", "coordinates": [ [ [ 721400.0, 6174400.0 ], [ 721400.0, 6174500.0 ], [ 721500.0, 6174500.0 ], [ 721500.0, 6174400.0 ], [ 721500.0, 6174300.0 ], [ 721400.0, 6174300.0 ], [ 721300.0, 6174300.0 ], [ 721300.0, 6174400.0 ], [ 721400.0, 6174400.0 ] ] ] } },
{ "type": "Feature", "properties": { "Shape_Area": 100000.0, "Shape_Leng": 1400.0, "cluster_id": "101_1086", "fid_1": 1086.0, "id_munic": 1086.0, "munic_clus": "101_1086", "munic_code": 101.0, "min": 3.204765796661377, "max": 3.204765796661377, "mean": 3.2047657012939452, "count": 10, "std": 9.5367431729442855e-08, "range": 0.0 }, "geometry": { "type": "Polygon", "coordinates": [ [ [ 723500.0, 6178500.0 ], [ 723400.0, 6178500.0 ], [ 723300.0, 6178500.0 ], [ 723300.0, 6178600.0 ], [ 723300.0, 6178700.0 ], [ 723300.0, 6178800.0 ], [ 723300.0, 6178900.0 ], [ 723300.0, 6179000.0 ], [ 723400.0, 6179000.0 ], [ 723500.0, 6179000.0 ], [ 723500.0, 6178900.0 ], [ 723500.0, 6178800.0 ], [ 723500.0, 6178700.0 ], [ 723500.0, 6178600.0 ], [ 723500.0, 6178500.0 ] ] ] } },
{ "type": "Feature", "properties": { "Shape_Area": 130000.0, "Shape_Leng": 1800.0, "cluster_id": "101_1087", "fid_1": 1087.0, "id_munic": 1087.0, "munic_clus": "101_1087", "munic_code": 101.0, "min": 2.8975343704223633, "max": 2.8975343704223633, "mean": 2.8975342970628004, "count": 13, "std": 7.3359562868802199e-08, "range": 0.0 }, "geometry": { "type": "Polygon", "coordinates": [ [ [ 721400.0, 6173300.0 ], [ 721500.0, 6173300.0 ], [ 721500.0, 6173400.0 ], [ 721500.0, 6173500.0 ], [ 721600.0, 6173500.0 ], [ 721700.0, 6173500.0 ], [ 721700.0, 6173600.0 ], [ 721800.0, 6173600.0 ], [ 721800.0, 6173500.0 ], [ 721800.0, 6173400.0 ], [ 721800.0, 6173300.0 ], [ 721700.0, 6173300.0 ], [ 721700.0, 6173200.0 ], [ 721700.0, 6173100.0 ], [ 721600.0, 6173100.0 ], [ 721500.0, 6173100.0 ], [ 721400.0, 6173100.0 ], [ 721400.0, 6173200.0 ], [ 721400.0, 6173300.0 ] ] ] } },
{ "type": "Feature", "properties": { "Shape_Area": 60000.0, "Shape_Leng": 1000.0, "cluster_id": "101_1088", "fid_1": 1088.0, "id_munic": 1088.0, "munic_clus": "101_1088", "munic_code": 101.0, "min": 3.7620792388916016, "max": 3.7620792388916016, "mean": 3.7620792388916016, "count": 6, "std": 0.0, "range": 0.0 }, "geometry": { "type": "Polygon", "coordinates": [ [ [ 718800.0, 6176500.0 ], [ 718700.0, 6176500.0 ], [ 718700.0, 6176600.0 ], [ 718700.0, 6176700.0 ], [ 718700.0, 6176800.0 ], [ 718800.0, 6176800.0 ], [ 718900.0, 6176800.0 ], [ 718900.0, 6176700.0 ], [ 718900.0, 6176600.0 ], [ 718900.0, 6176500.0 ], [ 718800.0, 6176500.0 ] ] ] } },
{ "type": "Feature", "properties": { "Shape_Area": 20000.0, "Shape_Leng": 600.0, "cluster_id": "101_1089", "fid_1": 1089.0, "id_munic": 1089.0, "munic_clus": "101_1089", "munic_code": 101.0, "min": 3.5511496067047119, "max": 3.5511496067047119, "mean": 3.5511496067047119, "count": 2, "std": 0.0, "range": 0.0 }, "geometry": { "type": "Polygon", "coordinates": [ [ [ 724100.0, 6180000.0 ], [ 724200.0, 6180000.0 ], [ 724300.0, 6180000.0 ], [ 724300.0, 6179900.0 ], [ 724200.0, 6179900.0 ], [ 724100.0, 6179900.0 ], [ 724100.0, 6180000.0 ] ] ] } },
{ "type": "Feature", "properties": { "Shape_Area": 240000.0, "Shape_Leng": 2800.0, "cluster_id": "101_1090", "fid_1": 1090.0, "id_munic": 1090.0, "munic_clus": "101_1090", "munic_code": 101.0, "min": 3.020827054977417, "max": 3.020827054977417, "mean": 3.0208269755045571, "count": 24, "std": 7.947285984855057e-08, "range": 0.0 }, "geometry": { "type": "Polygon", "coordinates": [ [ [ 724000.0, 6179000.0 ], [ 724000.0, 6179100.0 ], [ 723900.0, 6179100.0 ], [ 723800.0, 6179100.0 ], [ 723800.0, 6179200.0 ], [ 723900.0, 6179200.0 ], [ 724000.0, 6179200.0 ], [ 724000.0, 6179300.0 ], [ 724000.0, 6179400.0 ], [ 724100.0, 6179400.0 ], [ 724100.0, 6179300.0 ], [ 724200.0, 6179300.0 ], [ 724300.0, 6179300.0 ], [ 724400.0, 6179300.0 ], [ 724400.0, 6179200.0 ], [ 724500.0, 6179200.0 ], [ 724500.0, 6179100.0 ], [ 724600.0, 6179100.0 ], [ 724600.0, 6179000.0 ], [ 724500.0, 6179000.0 ], [ 724500.0, 6178900.0 ], [ 724400.0, 6178900.0 ], [ 724400.0, 6178800.0 ], [ 724300.0, 6178800.0 ], [ 724200.0, 6178800.0 ], [ 724200.0, 6178900.0 ], [ 724100.0, 6178900.0 ], [ 724100.0, 6179000.0 ], [ 724000.0, 6179000.0 ] ] ] } },
{ "type": "Feature", "properties": { "Shape_Area": 20000.0, "Shape_Leng": 600.0, "cluster_id": "101_1091", "fid_1": 1091.0, "id_munic": 1091.0, "munic_clus": "101_1091", "munic_code": 101.0, "min": 2.7194271087646484, "max": 2.7194271087646484, "mean": 2.7194271087646484, "count": 2, "std": 0.0, "range": 0.0 }, "geometry": { "type": "Polygon", "coordinates": [ [ [ 721200.0, 6174100.0 ], [ 721200.0, 6174200.0 ], [ 721300.0, 6174200.0 ], [ 721300.0, 6174100.0 ], [ 721300.0, 6174000.0 ], [ 721200.0, 6174000.0 ], [ 721200.0, 6174100.0 ] ] ] } },
{ "type": "Feature", "properties": { "Shape_Area": 40000.0, "Shape_Leng": 800.0, "cluster_id": "101_1092", "fid_1": 1092.0, "id_munic": 1092.0, "munic_clus": "101_1092", "munic_code": 101.0, "min": 2.8097302913665771, "max": 2.8097302913665771, "mean": 2.8097302913665771, "count": 4, "std": 0.0, "range": 0.0 }, "geometry": { "type": "Polygon", "coordinates": [ [ [ 727000.0, 6174500.0 ], [ 726900.0, 6174500.0 ], [ 726800.0, 6174500.0 ], [ 726800.0, 6174600.0 ], [ 726800.0, 6174700.0 ], [ 726900.0, 6174700.0 ], [ 727000.0, 6174700.0 ], [ 727000.0, 6174600.0 ], [ 727000.0, 6174500.0 ] ] ] } },
{ "type": "Feature", "properties": { "Shape_Area": 20000.0, "Shape_Leng": 600.0, "cluster_id": "101_1093", "fid_1": 1093.0, "id_munic": 1093.0, "munic_clus": "101_1093", "munic_code": 101.0, "min": 2.4500164985656738, "max": 2.4500164985656738, "mean": 2.4500164985656738, "count": 2, "std": 0.0, "range": 0.0 }, "geometry": { "type": "Polygon", "coordinates": [ [ [ 722900.0, 6177800.0 ], [ 723000.0, 6177800.0 ], [ 723100.0, 6177800.0 ], [ 723100.0, 6177700.0 ], [ 723000.0, 6177700.0 ], [ 722900.0, 6177700.0 ], [ 722900.0, 6177800.0 ] ] ] } },
{ "type": "Feature", "properties": { "Shape_Area": 30000.0, "Shape_Leng": 800.0, "cluster_id": "101_1094", "fid_1": 1094.0, "id_munic": 1094.0, "munic_clus": "101_1094", "munic_code": 101.0, "min": 3.7559149265289307, "max": 3.7559149265289307, "mean": 3.7559150060017905, "count": 3, "std": 7.947285984855057e-08, "range": 0.0 }, "geometry": { "type": "Polygon", "coordinates": [ [ [ 727900.0, 6172800.0 ], [ 727900.0, 6172900.0 ], [ 728000.0, 6172900.0 ], [ 728000.0, 6172800.0 ], [ 728000.0, 6172700.0 ], [ 728000.0, 6172600.0 ], [ 727900.0, 6172600.0 ], [ 727900.0, 6172700.0 ], [ 727900.0, 6172800.0 ] ] ] } },
{ "type": "Feature", "properties": { "Shape_Area": 30000.0, "Shape_Leng": 800.0, "cluster_id": "101_1095", "fid_1": 1095.0, "id_munic": 1095.0, "munic_clus": "101_1095", "munic_code": 101.0, "min": 2.9830057621002197, "max": 2.9830057621002197, "mean": 2.9830058415730796, "count": 3, "std": 7.947285984855057e-08, "range": 0.0 }, "geometry": { "type": "Polygon", "coordinates": [ [ [ 725000.0, 6174800.0 ], [ 725100.0, 6174800.0 ], [ 725200.0, 6174800.0 ], [ 725200.0, 6174700.0 ], [ 725100.0, 6174700.0 ], [ 725000.0, 6174700.0 ], [ 724900.0, 6174700.0 ], [ 724900.0, 6174800.0 ], [ 725000.0, 6174800.0 ] ] ] } },
{ "type": "Feature", "properties": { "Shape_Area": 40000.0, "Shape_Leng": 1000.0, "cluster_id": "101_1097", "fid_1": 1097.0, "id_munic": 1097.0, "munic_clus": "101_1097", "munic_code": 101.0, "min": 3.1569480895996094, "max": 3.1569480895996094, "mean": 3.1569480895996094, "count": 4, "std": 0.0, "range": 0.0 }, "geometry": { "type": "Polygon", "coordinates": [ [ [ 719200.0, 6176500.0 ], [ 719200.0, 6176400.0 ], [ 719300.0, 6176400.0 ], [ 719300.0, 6176300.0 ], [ 719200.0, 6176300.0 ], [ 719100.0, 6176300.0 ], [ 719100.0, 6176400.0 ], [ 719000.0, 6176400.0 ], [ 719000.0, 6176500.0 ], [ 719100.0, 6176500.0 ], [ 719200.0, 6176500.0 ] ] ] } },
{ "type": "Feature", "properties": { "Shape_Area": 70000.0, "Shape_Leng": 1400.0, "cluster_id": "101_1099", "fid_1": 1099.0, "id_munic": 1099.0, "munic_clus": "101_1099", "munic_code": 101.0, "min": 2.9575142860412598, "max": 2.9575142860412598, "mean": 2.9575143541608537, "count": 7, "std": 6.8119593965576541e-08, "range": 0.0 }, "geometry": { "type": "Polygon", "coordinates": [ [ [ 720100.0, 6174500.0 ], [ 720200.0, 6174500.0 ], [ 720300.0, 6174500.0 ], [ 720300.0, 6174400.0 ], [ 720200.0, 6174400.0 ], [ 720100.0, 6174400.0 ], [ 720100.0, 6174300.0 ], [ 720000.0, 6174300.0 ], [ 719900.0, 6174300.0 ], [ 719900.0, 6174400.0 ], [ 719800.0, 6174400.0 ], [ 719800.0, 6174500.0 ], [ 719900.0, 6174500.0 ], [ 720000.0, 6174500.0 ], [ 720100.0, 6174500.0 ] ] ] } },
{ "type": "Feature", "properties": { "Shape_Area": 110000.0, "Shape_Leng": 1600.0, "cluster_id": "101_1100", "fid_1": 1100.0, "id_munic": 1100.0, "munic_clus": "101_1100", "munic_code": 101.0, "min": 3.5786406993865967, "max": 3.5786406993865967, "mean": 3.57864033092152, "count": 11, "std": 3.6846507667220862e-07, "range": 0.0 }, "geometry": { "type": "Polygon", "coordinates": [ [ [ 722300.0, 6174300.0 ], [ 722300.0, 6174400.0 ], [ 722300.0, 6174500.0 ], [ 722300.0, 6174600.0 ], [ 722300.0, 6174700.0 ], [ 722400.0, 6174700.0 ], [ 722500.0, 6174700.0 ], [ 722500.0, 6174800.0 ], [ 722600.0, 6174800.0 ], [ 722600.0, 6174700.0 ], [ 722600.0, 6174600.0 ], [ 722600.0, 6174500.0 ], [ 722500.0, 6174500.0 ], [ 722500.0, 6174400.0 ], [ 722500.0, 6174300.0 ], [ 722400.0, 6174300.0 ], [ 722300.0, 6174300.0 ] ] ] } },
{ "type": "Feature", "properties": { "Shape_Area": 20000.0, "Shape_Leng": 600.0, "cluster_id": "101_1101", "fid_1": 1101.0, "id_munic": 1101.0, "munic_clus": "101_1101", "munic_code": 101.0, "min": 4.2759084701538086, "max": 4.2759084701538086, "mean": 4.2759084701538086, "count": 2, "std": 0.0, "range": 0.0 }, "geometry": { "type": "Polygon", "coordinates": [ [ [ 722100.0, 6172700.0 ], [ 722200.0, 6172700.0 ], [ 722300.0, 6172700.0 ], [ 722300.0, 6172600.0 ], [ 722200.0, 6172600.0 ], [ 722100.0, 6172600.0 ], [ 722100.0, 6172700.0 ] ] ] } },
{ "type": "Feature", "properties": { "Shape_Area": 50000.0, "Shape_Leng": 1000.0, "cluster_id": "101_1102", "fid_1": 1102.0, "id_munic": 1102.0, "munic_clus": "101_1102", "munic_code": 101.0, "min": 3.3843717575073242, "max": 3.3843717575073242, "mean": 3.3843719482421877, "count": 5, "std": 1.9073486345888568e-07, "range": 0.0 }, "geometry": { "type": "Polygon", "coordinates": [ [ [ 719300.0, 6174900.0 ], [ 719200.0, 6174900.0 ], [ 719100.0, 6174900.0 ], [ 719100.0, 6175000.0 ], [ 719100.0, 6175100.0 ], [ 719200.0, 6175100.0 ], [ 719300.0, 6175100.0 ], [ 719400.0, 6175100.0 ], [ 719400.0, 6175000.0 ], [ 719300.0, 6175000.0 ], [ 719300.0, 6174900.0 ] ] ] } },
{ "type": "Feature", "properties": { "Shape_Area": 20000.0, "Shape_Leng": 600.0, "cluster_id": "101_1103", "fid_1": 1103.0, "id_munic": 1103.0, "munic_clus": "101_1103", "munic_code": 101.0, "min": 3.5476508140563965, "max": 3.5476508140563965, "mean": 3.5476508140563965, "count": 2, "std": 0.0, "range": 0.0 }, "geometry": { "type": "Polygon", "coordinates": [ [ [ 718800.0, 6176200.0 ], [ 718900.0, 6176200.0 ], [ 719000.0, 6176200.0 ], [ 719000.0, 6176100.0 ], [ 718900.0, 6176100.0 ], [ 718800.0, 6176100.0 ], [ 718800.0, 6176200.0 ] ] ] } },
{ "type": "Feature", "properties": { "Shape_Area": 80000.0, "Shape_Leng": 1600.0, "cluster_id": "101_1104", "fid_1": 1104.0, "id_munic": 1104.0, "munic_clus": "101_1104", "munic_code": 101.0, "min": 4.1069645881652832, "max": 4.1069645881652832, "mean": 4.1069645881652832, "count": 8, "std": 0.0, "range": 0.0 }, "geometry": { "type": "Polygon", "coordinates": [ [ [ 721100.0, 6179300.0 ], [ 721200.0, 6179300.0 ], [ 721200.0, 6179400.0 ], [ 721300.0, 6179400.0 ], [ 721300.0, 6179500.0 ], [ 721300.0, 6179600.0 ], [ 721400.0, 6179600.0 ], [ 721400.0, 6179500.0 ], [ 721400.0, 6179400.0 ], [ 721500.0, 6179400.0 ], [ 721500.0, 6179300.0 ], [ 721400.0, 6179300.0 ], [ 721400.0, 6179200.0 ], [ 721300.0, 6179200.0 ], [ 721200.0, 6179200.0 ], [ 721100.0, 6179200.0 ], [ 721100.0, 6179300.0 ] ] ] } },
{ "type": "Feature", "properties": { "Shape_Area": 20000.0, "Shape_Leng": 600.0, "cluster_id": "101_1105", "fid_1": 1105.0, "id_munic": 1105.0, "munic_clus": "101_1105", "munic_code": 101.0, "min": 3.6264584064483643, "max": 3.6264584064483643, "mean": 3.6264584064483643, "count": 2, "std": 0.0, "range": 0.0 }, "geometry": { "type": "Polygon", "coordinates": [ [ [ 720600.0, 6177600.0 ], [ 720700.0, 6177600.0 ], [ 720800.0, 6177600.0 ], [ 720800.0, 6177500.0 ], [ 720700.0, 6177500.0 ], [ 720600.0, 6177500.0 ], [ 720600.0, 6177600.0 ] ] ] } },
{ "type": "Feature", "properties": { "Shape_Area": 30000.0, "Shape_Leng": 800.0, "cluster_id": "101_1106", "fid_1": 1106.0, "id_munic": 1106.0, "munic_clus": "101_1106", "munic_code": 101.0, "min": 3.0688107013702393, "max": 3.0688107013702393, "mean": 3.0688107808430991, "count": 3, "std": 7.947285984855057e-08, "range": 0.0 }, "geometry": { "type": "Polygon", "coordinates": [ [ [ 719300.0, 6177000.0 ], [ 719400.0, 6177000.0 ], [ 719500.0, 6177000.0 ], [ 719600.0, 6177000.0 ], [ 719600.0, 6176900.0 ], [ 719500.0, 6176900.0 ], [ 719400.0, 6176900.0 ], [ 719300.0, 6176900.0 ], [ 719300.0, 6177000.0 ] ] ] } },
{ "type": "Feature", "properties": { "Shape_Area": 40000.0, "Shape_Leng": 1000.0, "cluster_id": "101_1107", "fid_1": 1107.0, "id_munic": 1107.0, "munic_clus": "101_1107", "munic_code": 101.0, "min": 2.1657781600952148, "max": 2.1657781600952148, "mean": 2.1657781600952148, "count": 4, "std": 0.0, "range": 0.0 }, "geometry": { "type": "Polygon", "coordinates": [ [ [ 719900.0, 6177400.0 ], [ 719900.0, 6177500.0 ], [ 719900.0, 6177600.0 ], [ 720000.0, 6177600.0 ], [ 720000.0, 6177500.0 ], [ 720100.0, 6177500.0 ], [ 720100.0, 6177400.0 ], [ 720000.0, 6177400.0 ], [ 720000.0, 6177300.0 ], [ 719900.0, 6177300.0 ], [ 719900.0, 6177400.0 ] ] ] } },
{ "type": "Feature", "properties": { "Shape_Area": 70000.0, "Shape_Leng": 1200.0, "cluster_id": "101_1108", "fid_1": 1108.0, "id_munic": 1108.0, "munic_clus": "101_1108", "munic_code": 101.0, "min": 2.7232592105865479, "max": 2.7232592105865479, "mean": 2.7232592446463451, "count": 7, "std": 3.4059797204832876e-08, "range": 0.0 }, "geometry": { "type": "Polygon", "coordinates": [ [ [ 718400.0, 6179000.0 ], [ 718400.0, 6179100.0 ], [ 718500.0, 6179100.0 ], [ 718600.0, 6179100.0 ], [ 718600.0, 6179000.0 ], [ 718600.0, 6178900.0 ], [ 718700.0, 6178900.0 ], [ 718700.0, 6178800.0 ], [ 718600.0, 6178800.0 ], [ 718500.0, 6178800.0 ], [ 718400.0, 6178800.0 ], [ 718400.0, 6178900.0 ], [ 718400.0, 6179000.0 ] ] ] } },
{ "type": "Feature", "properties": { "Shape_Area": 30000.0, "Shape_Leng": 800.0, "cluster_id": "101_1109", "fid_1": 1109.0, "id_munic": 1109.0, "munic_clus": "101_1109", "munic_code": 101.0, "min": 2.7362551689147949, "max": 2.7362551689147949, "mean": 2.7362550099690757, "count": 3, "std": 1.5894571925301193e-07, "range": 0.0 }, "geometry": { "type": "Polygon", "coordinates": [ [ [ 723800.0, 6179900.0 ], [ 723900.0, 6179900.0 ], [ 724000.0, 6179900.0 ], [ 724000.0, 6179800.0 ], [ 723900.0, 6179800.0 ], [ 723800.0, 6179800.0 ], [ 723700.0, 6179800.0 ], [ 723700.0, 6179900.0 ], [ 723800.0, 6179900.0 ] ] ] } },
{ "type": "Feature", "properties": { "Shape_Area": 50000.0, "Shape_Leng": 1000.0, "cluster_id": "101_1110", "fid_1": 1110.0, "id_munic": 1110.0, "munic_clus": "101_1110", "munic_code": 101.0, "min": 3.7417528629302979, "max": 3.7417528629302979, "mean": 3.7417530059814452, "count": 5, "std": 1.4305114737211966e-07, "range": 0.0 }, "geometry": { "type": "Polygon", "coordinates": [ [ [ 720200.0, 6174600.0 ], [ 720200.0, 6174500.0 ], [ 720100.0, 6174500.0 ], [ 720000.0, 6174500.0 ], [ 719900.0, 6174500.0 ], [ 719900.0, 6174600.0 ], [ 719900.0, 6174700.0 ], [ 720000.0, 6174700.0 ], [ 720100.0, 6174700.0 ], [ 720100.0, 6174600.0 ], [ 720200.0, 6174600.0 ] ] ] } },
{ "type": "Feature", "properties": { "Shape_Area": 220000.0, "Shape_Leng": 3000.0, "cluster_id": "101_1111", "fid_1": 1111.0, "id_munic": 1111.0, "munic_clus": "101_1111", "munic_code": 101.0, "min": 3.0464849472045898, "max": 3.0464849472045898, "mean": 3.0464848605069248, "count": 22, "std": 8.6697665047097416e-08, "range": 0.0 }, "geometry": { "type": "Polygon", "coordinates": [ [ [ 724800.0, 6177200.0 ], [ 724700.0, 6177200.0 ], [ 724700.0, 6177300.0 ], [ 724800.0, 6177300.0 ], [ 724800.0, 6177400.0 ], [ 724900.0, 6177400.0 ], [ 724900.0, 6177500.0 ], [ 725000.0, 6177500.0 ], [ 725000.0, 6177600.0 ], [ 725100.0, 6177600.0 ], [ 725200.0, 6177600.0 ], [ 725200.0, 6177700.0 ], [ 725200.0, 6177800.0 ], [ 725300.0, 6177800.0 ], [ 725300.0, 6177700.0 ], [ 725400.0, 6177700.0 ], [ 725400.0, 6177600.0 ], [ 725500.0, 6177600.0 ], [ 725500.0, 6177500.0 ], [ 725400.0, 6177500.0 ], [ 725400.0, 6177400.0 ], [ 725300.0, 6177400.0 ], [ 725200.0, 6177400.0 ], [ 725200.0, 6177300.0 ], [ 725100.0, 6177300.0 ], [ 725100.0, 6177200.0 ], [ 725000.0, 6177200.0 ], [ 725000.0, 6177100.0 ], [ 724900.0, 6177100.0 ], [ 724900.0, 6177200.0 ], [ 724800.0, 6177200.0 ] ] ] } },
{ "type": "Feature", "properties": { "Shape_Area": 130000.0, "Shape_Leng": 2200.0, "cluster_id": "101_1112", "fid_1": 1112.0, "id_munic": 1112.0, "munic_clus": "101_1112", "munic_code": 101.0, "min": 2.8317234516143799, "max": 2.8317234516143799, "mean": 2.8317234332744894, "count": 13, "std": 1.8339890495155942e-08, "range": 0.0 }, "geometry": { "type": "Polygon", "coordinates": [ [ [ 718200.0, 6178000.0 ], [ 718200.0, 6178100.0 ], [ 718100.0, 6178100.0 ], [ 718000.0, 6178100.0 ], [ 718000.0, 6178200.0 ], [ 718100.0, 6178200.0 ], [ 718200.0, 6178200.0 ], [ 718300.0, 6178200.0 ], [ 718300.0, 6178300.0 ], [ 718400.0, 6178300.0 ], [ 718400.0, 6178200.0 ], [ 718400.0, 6178100.0 ], [ 718500.0, 6178100.0 ], [ 718600.0, 6178100.0 ], [ 718700.0, 6178100.0 ], [ 718700.0, 6178000.0 ], [ 718700.0, 6177900.0 ], [ 718600.0, 6177900.0 ], [ 718500.0, 6177900.0 ], [ 718400.0, 6177900.0 ], [ 718400.0, 6178000.0 ], [ 718300.0, 6178000.0 ], [ 718200.0, 6178000.0 ] ] ] } },
{ "type": "Feature", "properties": { "Shape_Area": 30000.0, "Shape_Leng": 800.0, "cluster_id": "101_1113", "fid_1": 1113.0, "id_munic": 1113.0, "munic_clus": "101_1113", "munic_code": 101.0, "min": 3.564812183380127, "max": 3.564812183380127, "mean": 3.5648123423258462, "count": 3, "std": 1.5894571925301193e-07, "range": 0.0 }, "geometry": { "type": "Polygon", "coordinates": [ [ [ 723400.0, 6177100.0 ], [ 723400.0, 6177200.0 ], [ 723500.0, 6177200.0 ], [ 723600.0, 6177200.0 ], [ 723600.0, 6177100.0 ], [ 723500.0, 6177100.0 ], [ 723500.0, 6177000.0 ], [ 723400.0, 6177000.0 ], [ 723400.0, 6177100.0 ] ] ] } },
{ "type": "Feature", "properties": { "Shape_Area": 40000.0, "Shape_Leng": 1000.0, "cluster_id": "101_1114", "fid_1": 1114.0, "id_munic": 1114.0, "munic_clus": "101_1114", "munic_code": 101.0, "min": 3.4828395843505859, "max": 3.4828395843505859, "mean": 3.4828395843505859, "count": 4, "std": 0.0, "range": 0.0 }, "geometry": { "type": "Polygon", "coordinates": [ [ [ 721800.0, 6178000.0 ], [ 721900.0, 6178000.0 ], [ 721900.0, 6177900.0 ], [ 721800.0, 6177900.0 ], [ 721700.0, 6177900.0 ], [ 721600.0, 6177900.0 ], [ 721600.0, 6178000.0 ], [ 721600.0, 6178100.0 ], [ 721700.0, 6178100.0 ], [ 721700.0, 6178000.0 ], [ 721800.0, 6178000.0 ] ] ] } },
{ "type": "Feature", "properties": { "Shape_Area": 20000.0, "Shape_Leng": 600.0, "cluster_id": "101_1115", "fid_1": 1115.0, "id_munic": 1115.0, "munic_clus": "101_1115", "munic_code": 101.0, "min": 3.5351552963256836, "max": 3.5351552963256836, "mean": 3.5351552963256836, "count": 2, "std": 0.0, "range": 0.0 }, "geometry": { "type": "Polygon", "coordinates": [ [ [ 723000.0, 6176900.0 ], [ 723100.0, 6176900.0 ], [ 723200.0, 6176900.0 ], [ 723200.0, 6176800.0 ], [ 723100.0, 6176800.0 ], [ 723000.0, 6176800.0 ], [ 723000.0, 6176900.0 ] ] ] } },
{ "type": "Feature", "properties": { "Shape_Area": 160000.0, "Shape_Leng": 1800.0, "cluster_id": "101_1116", "fid_1": 1116.0, "id_munic": 1116.0, "munic_clus": "101_1116", "munic_code": 101.0, "min": 3.1497836112976074, "max": 3.1497836112976074, "mean": 3.1497836112976074, "count": 16, "std": 0.0, "range": 0.0 }, "geometry": { "type": "Polygon", "coordinates": [ [ [ 720700.0, 6174200.0 ], [ 720600.0, 6174200.0 ], [ 720600.0, 6174300.0 ], [ 720600.0, 6174400.0 ], [ 720600.0, 6174500.0 ], [ 720700.0, 6174500.0 ], [ 720800.0, 6174500.0 ], [ 720900.0, 6174500.0 ], [ 721000.0, 6174500.0 ], [ 721100.0, 6174500.0 ], [ 721100.0, 6174400.0 ], [ 721100.0, 6174300.0 ], [ 721200.0, 6174300.0 ], [ 721200.0, 6174200.0 ], [ 721100.0, 6174200.0 ], [ 721000.0, 6174200.0 ], [ 720900.0, 6174200.0 ], [ 720800.0, 6174200.0 ], [ 720700.0, 6174200.0 ] ] ] } },
{ "type": "Feature", "properties": { "Shape_Area": 20000.0, "Shape_Leng": 600.0, "cluster_id": "101_1117", "fid_1": 1117.0, "id_munic": 1117.0, "munic_clus": "101_1117", "munic_code": 101.0, "min": 2.7202599048614502, "max": 2.7202599048614502, "mean": 2.7202599048614502, "count": 2, "std": 0.0, "range": 0.0 }, "geometry": { "type": "Polygon", "coordinates": [ [ [ 727200.0, 6174400.0 ], [ 727300.0, 6174400.0 ], [ 727400.0, 6174400.0 ], [ 727400.0, 6174300.0 ], [ 727300.0, 6174300.0 ], [ 727200.0, 6174300.0 ], [ 727200.0, 6174400.0 ] ] ] } },
{ "type": "Feature", "properties": { "Shape_Area": 60000.0, "Shape_Leng": 1400.0, "cluster_id": "101_1118", "fid_1": 1118.0, "id_munic": 1118.0, "munic_clus": "101_1118", "munic_code": 101.0, "min": 3.2977347373962402, "max": 3.2977347373962402, "mean": 3.2977348963419595, "count": 6, "std": 1.5894571925301193e-07, "range": 0.0 }, "geometry": { "type": "Polygon", "coordinates": [ [ [ 726600.0, 6173800.0 ], [ 726700.0, 6173800.0 ], [ 726700.0, 6173900.0 ], [ 726800.0, 6173900.0 ], [ 726800.0, 6173800.0 ], [ 726900.0, 6173800.0 ], [ 726900.0, 6173700.0 ], [ 726800.0, 6173700.0 ], [ 726700.0, 6173700.0 ], [ 726600.0, 6173700.0 ], [ 726600.0, 6173600.0 ], [ 726500.0, 6173600.0 ], [ 726500.0, 6173700.0 ], [ 726500.0, 6173800.0 ], [ 726600.0, 6173800.0 ] ] ] } },
{ "type": "Feature", "properties": { "Shape_Area": 20000.0, "Shape_Leng": 600.0, "cluster_id": "101_1119", "fid_1": 1119.0, "id_munic": 1119.0, "munic_clus": "101_1119", "munic_code": 101.0, "min": 2.9361884593963623, "max": 2.9361884593963623, "mean": 2.9361884593963623, "count": 2, "std": 0.0, "range": 0.0 }, "geometry": { "type": "Polygon", "coordinates": [ [ [ 721900.0, 6179600.0 ], [ 721900.0, 6179700.0 ], [ 722000.0, 6179700.0 ], [ 722000.0, 6179600.0 ], [ 722000.0, 6179500.0 ], [ 721900.0, 6179500.0 ], [ 721900.0, 6179600.0 ] ] ] } },
{ "type": "Feature", "properties": { "Shape_Area": 30000.0, "Shape_Leng": 800.0, "cluster_id": "101_1120", "fid_1": 1120.0, "id_munic": 1120.0, "munic_clus": "101_1120", "munic_code": 101.0, "min": 2.7970676422119141, "max": 2.7970676422119141, "mean": 2.7970676422119141, "count": 3, "std": 0.0, "range": 0.0 }, "geometry": { "type": "Polygon", "coordinates": [ [ [ 725900.0, 6175700.0 ], [ 725900.0, 6175800.0 ], [ 726000.0, 6175800.0 ], [ 726000.0, 6175700.0 ], [ 726000.0, 6175600.0 ], [ 726000.0, 6175500.0 ], [ 725900.0, 6175500.0 ], [ 725900.0, 6175600.0 ], [ 725900.0, 6175700.0 ] ] ] } },
{ "type": "Feature", "properties": { "Shape_Area": 40000.0, "Shape_Leng": 1000.0, "cluster_id": "101_1121", "fid_1": 1121.0, "id_munic": 1121.0, "munic_clus": "101_1121", "munic_code": 101.0, "min": 2.6926026344299316, "max": 2.6926026344299316, "mean": 2.6926026344299316, "count": 4, "std": 0.0, "range": 0.0 }, "geometry": { "type": "Polygon", "coordinates": [ [ [ 722100.0, 6178300.0 ], [ 722100.0, 6178400.0 ], [ 722100.0, 6178500.0 ], [ 722200.0, 6178500.0 ], [ 722300.0, 6178500.0 ], [ 722300.0, 6178400.0 ], [ 722200.0, 6178400.0 ], [ 722200.0, 6178300.0 ], [ 722200.0, 6178200.0 ], [ 722100.0, 6178200.0 ], [ 722100.0, 6178300.0 ] ] ] } },
{ "type": "Feature", "properties": { "Shape_Area": 170000.0, "Shape_Leng": 2000.0, "cluster_id": "101_1122", "fid_1": 1122.0, "id_munic": 1122.0, "munic_clus": "101_1122", "munic_code": 101.0, "min": 2.9191937446594238, "max": 2.9191937446594238, "mean": 2.9191937166101791, "count": 17, "std": 2.8049244704675402e-08, "range": 0.0 }, "geometry": { "type": "Polygon", "coordinates": [ [ [ 726000.0, 6176100.0 ], [ 725900.0, 6176100.0 ], [ 725800.0, 6176100.0 ], [ 725800.0, 6176200.0 ], [ 725800.0, 6176300.0 ], [ 725800.0, 6176400.0 ], [ 725800.0, 6176500.0 ], [ 725900.0, 6176500.0 ], [ 725900.0, 6176600.0 ], [ 725900.0, 6176700.0 ], [ 726000.0, 6176700.0 ], [ 726100.0, 6176700.0 ], [ 726200.0, 6176700.0 ], [ 726200.0, 6176600.0 ], [ 726200.0, 6176500.0 ], [ 726100.0, 6176500.0 ], [ 726100.0, 6176400.0 ], [ 726100.0, 6176300.0 ], [ 726100.0, 6176200.0 ], [ 726000.0, 6176200.0 ], [ 726000.0, 6176100.0 ] ] ] } },
{ "type": "Feature", "properties": { "Shape_Area": 70000.0, "Shape_Leng": 1200.0, "cluster_id": "101_1123", "fid_1": 1123.0, "id_munic": 1123.0, "munic_clus": "101_1123", "munic_code": 101.0, "min": 3.4611797332763672, "max": 3.4611797332763672, "mean": 3.4611797332763672, "count": 7, "std": 0.0, "range": 0.0 }, "geometry": { "type": "Polygon", "coordinates": [ [ [ 728000.0, 6172700.0 ], [ 728000.0, 6172800.0 ], [ 728000.0, 6172900.0 ], [ 728000.0, 6173000.0 ], [ 728100.0, 6173000.0 ], [ 728200.0, 6173000.0 ], [ 728200.0, 6172900.0 ], [ 728200.0, 6172800.0 ], [ 728300.0, 6172800.0 ], [ 728300.0, 6172700.0 ], [ 728200.0, 6172700.0 ], [ 728100.0, 6172700.0 ], [ 728000.0, 6172700.0 ] ] ] } },
{ "type": "Feature", "properties": { "Shape_Area": 60000.0, "Shape_Leng": 1200.0, "cluster_id": "101_1124", "fid_1": 1124.0, "id_munic": 1124.0, "munic_clus": "101_1124", "munic_code": 101.0, "min": 3.1956017017364502, "max": 3.1956017017364502, "mean": 3.19560178120931, "count": 6, "std": 7.947285984855057e-08, "range": 0.0 }, "geometry": { "type": "Polygon", "coordinates": [ [ [ 728000.0, 6172400.0 ], [ 728000.0, 6172500.0 ], [ 728000.0, 6172600.0 ], [ 728000.0, 6172700.0 ], [ 728100.0, 6172700.0 ], [ 728100.0, 6172600.0 ], [ 728200.0, 6172600.0 ], [ 728200.0, 6172500.0 ], [ 728300.0, 6172500.0 ], [ 728300.0, 6172400.0 ], [ 728200.0, 6172400.0 ], [ 728100.0, 6172400.0 ], [ 728000.0, 6172400.0 ] ] ] } },
{ "type": "Feature", "properties": { "Shape_Area": 250000.0, "Shape_Leng": 2600.0, "cluster_id": "101_1125", "fid_1": 1125.0, "id_munic": 1125.0, "munic_clus": "101_1125", "munic_code": 101.0, "min": 2.8455514907836914, "max": 2.8455514907836914, "mean": 2.8455514526367187, "count": 25, "std": 3.8146972691777137e-08, "range": 0.0 }, "geometry": { "type": "Polygon", "coordinates": [ [ [ 726000.0, 6172600.0 ], [ 726000.0, 6172500.0 ], [ 725900.0, 6172500.0 ], [ 725800.0, 6172500.0 ], [ 725700.0, 6172500.0 ], [ 725700.0, 6172400.0 ], [ 725600.0, 6172400.0 ], [ 725600.0, 6172500.0 ], [ 725600.0, 6172600.0 ], [ 725600.0, 6172700.0 ], [ 725700.0, 6172700.0 ], [ 725700.0, 6172800.0 ], [ 725700.0, 6172900.0 ], [ 725700.0, 6173000.0 ], [ 725700.0, 6173100.0 ], [ 725700.0, 6173200.0 ], [ 725700.0, 6173300.0 ], [ 725800.0, 6173300.0 ], [ 725800.0, 6173200.0 ], [ 725900.0, 6173200.0 ], [ 726000.0, 6173200.0 ], [ 726000.0, 6173100.0 ], [ 726000.0, 6173000.0 ], [ 726000.0, 6172900.0 ], [ 726000.0, 6172800.0 ], [ 726000.0, 6172700.0 ], [ 726000.0, 6172600.0 ] ] ] } },
{ "type": "Feature", "properties": { "Shape_Area": 40000.0, "Shape_Leng": 800.0, "cluster_id": "101_1126", "fid_1": 1126.0, "id_munic": 1126.0, "munic_clus": "101_1126", "munic_code": 101.0, "min": 3.2982344627380371, "max": 3.2982344627380371, "mean": 3.2982344627380371, "count": 4, "std": 0.0, "range": 0.0 }, "geometry": { "type": "Polygon", "coordinates": [ [ [ 722000.0, 6179500.0 ], [ 722100.0, 6179500.0 ], [ 722200.0, 6179500.0 ], [ 722200.0, 6179400.0 ], [ 722200.0, 6179300.0 ], [ 722100.0, 6179300.0 ], [ 722000.0, 6179300.0 ], [ 722000.0, 6179400.0 ], [ 722000.0, 6179500.0 ] ] ] } },
{ "type": "Feature", "properties": { "Shape_Area": 30000.0, "Shape_Leng": 800.0, "cluster_id": "101_1127", "fid_1": 1127.0, "id_munic": 1127.0, "munic_clus": "101_1127", "munic_code": 101.0, "min": 3.7382545471191406, "max": 3.7382545471191406, "mean": 3.7382545471191406, "count": 3, "std": 0.0, "range": 0.0 }, "geometry": { "type": "Polygon", "coordinates": [ [ [ 718900.0, 6174100.0 ], [ 719000.0, 6174100.0 ], [ 719100.0, 6174100.0 ], [ 719100.0, 6174000.0 ], [ 719000.0, 6174000.0 ], [ 718900.0, 6174000.0 ], [ 718800.0, 6174000.0 ], [ 718800.0, 6174100.0 ], [ 718900.0, 6174100.0 ] ] ] } },
{ "type": "Feature", "properties": { "Shape_Area": 30000.0, "Shape_Leng": 800.0, "cluster_id": "101_1128", "fid_1": 1128.0, "id_munic": 1128.0, "munic_clus": "101_1128", "munic_code": 101.0, "min": 3.8812065124511719, "max": 3.8812065124511719, "mean": 3.8812065124511719, "count": 3, "std": 0.0, "range": 0.0 }, "geometry": { "type": "Polygon", "coordinates": [ [ [ 720500.0, 6178900.0 ], [ 720600.0, 6178900.0 ], [ 720700.0, 6178900.0 ], [ 720700.0, 6178800.0 ], [ 720600.0, 6178800.0 ], [ 720500.0, 6178800.0 ], [ 720400.0, 6178800.0 ], [ 720400.0, 6178900.0 ], [ 720500.0, 6178900.0 ] ] ] } },
{ "type": "Feature", "properties": { "Shape_Area": 120000.0, "Shape_Leng": 1600.0, "cluster_id": "101_1129", "fid_1": 1129.0, "id_munic": 1129.0, "munic_clus": "101_1129", "munic_code": 101.0, "min": 3.6402866840362549, "max": 3.6402866840362549, "mean": 3.6402864456176758, "count": 12, "std": 2.384185791015625e-07, "range": 0.0 }, "geometry": { "type": "Polygon", "coordinates": [ [ [ 719000.0, 6173800.0 ], [ 719100.0, 6173800.0 ], [ 719200.0, 6173800.0 ], [ 719300.0, 6173800.0 ], [ 719300.0, 6173900.0 ], [ 719400.0, 6173900.0 ], [ 719500.0, 6173900.0 ], [ 719500.0, 6173800.0 ], [ 719500.0, 6173700.0 ], [ 719500.0, 6173600.0 ], [ 719400.0, 6173600.0 ], [ 719300.0, 6173600.0 ], [ 719200.0, 6173600.0 ], [ 719100.0, 6173600.0 ], [ 719000.0, 6173600.0 ], [ 719000.0, 6173700.0 ], [ 719000.0, 6173800.0 ] ] ] } },
{ "type": "Feature", "properties": { "Shape_Area": 20000.0, "Shape_Leng": 600.0, "cluster_id": "101_1130", "fid_1": 1130.0, "id_munic": 1130.0, "munic_clus": "101_1130", "munic_code": 101.0, "min": 3.5359885692596436, "max": 3.5359885692596436, "mean": 3.5359885692596436, "count": 2, "std": 0.0, "range": 0.0 }, "geometry": { "type": "Polygon", "coordinates": [ [ [ 725200.0, 6177400.0 ], [ 725300.0, 6177400.0 ], [ 725400.0, 6177400.0 ], [ 725400.0, 6177300.0 ], [ 725300.0, 6177300.0 ], [ 725200.0, 6177300.0 ], [ 725200.0, 6177400.0 ] ] ] } },
{ "type": "Feature", "properties": { "Shape_Area": 40000.0, "Shape_Leng": 1000.0, "cluster_id": "101_1131", "fid_1": 1131.0, "id_munic": 1131.0, "munic_clus": "101_1131", "munic_code": 101.0, "min": 3.3275578022003174, "max": 3.3275578022003174, "mean": 3.3275578022003174, "count": 4, "std": 0.0, "range": 0.0 }, "geometry": { "type": "Polygon", "coordinates": [ [ [ 726500.0, 6173500.0 ], [ 726600.0, 6173500.0 ], [ 726600.0, 6173400.0 ], [ 726500.0, 6173400.0 ], [ 726500.0, 6173300.0 ], [ 726400.0, 6173300.0 ], [ 726400.0, 6173400.0 ], [ 726300.0, 6173400.0 ], [ 726300.0, 6173500.0 ], [ 726400.0, 6173500.0 ], [ 726500.0, 6173500.0 ] ] ] } },
{ "type": "Feature", "properties": { "Shape_Area": 20000.0, "Shape_Leng": 600.0, "cluster_id": "101_1132", "fid_1": 1132.0, "id_munic": 1132.0, "munic_clus": "101_1132", "munic_code": 101.0, "min": 2.784738302230835, "max": 2.784738302230835, "mean": 2.784738302230835, "count": 2, "std": 0.0, "range": 0.0 }, "geometry": { "type": "Polygon", "coordinates": [ [ [ 721900.0, 6179200.0 ], [ 721900.0, 6179300.0 ], [ 722000.0, 6179300.0 ], [ 722000.0, 6179200.0 ], [ 722000.0, 6179100.0 ], [ 721900.0, 6179100.0 ], [ 721900.0, 6179200.0 ] ] ] } },
{ "type": "Feature", "properties": { "Shape_Area": 30000.0, "Shape_Leng": 800.0, "cluster_id": "101_1133", "fid_1": 1133.0, "id_munic": 1133.0, "munic_clus": "101_1133", "munic_code": 101.0, "min": 2.981673002243042, "max": 2.981673002243042, "mean": 2.9816729227701821, "count": 3, "std": 7.947285984855057e-08, "range": 0.0 }, "geometry": { "type": "Polygon", "coordinates": [ [ [ 722400.0, 6177700.0 ], [ 722500.0, 6177700.0 ], [ 722600.0, 6177700.0 ], [ 722600.0, 6177600.0 ], [ 722500.0, 6177600.0 ], [ 722500.0, 6177500.0 ], [ 722400.0, 6177500.0 ], [ 722400.0, 6177600.0 ], [ 722400.0, 6177700.0 ] ] ] } },
{ "type": "Feature", "properties": { "Shape_Area": 30000.0, "Shape_Leng": 800.0, "cluster_id": "101_1134", "fid_1": 1134.0, "id_munic": 1134.0, "munic_clus": "101_1134", "munic_code": 101.0, "min": 3.6239588260650635, "max": 3.6239588260650635, "mean": 3.6239589055379233, "count": 3, "std": 7.947285984855057e-08, "range": 0.0 }, "geometry": { "type": "Polygon", "coordinates": [ [ [ 726100.0, 6174500.0 ], [ 726200.0, 6174500.0 ], [ 726300.0, 6174500.0 ], [ 726300.0, 6174400.0 ], [ 726200.0, 6174400.0 ], [ 726100.0, 6174400.0 ], [ 726000.0, 6174400.0 ], [ 726000.0, 6174500.0 ], [ 726100.0, 6174500.0 ] ] ] } },
{ "type": "Feature", "properties": { "Shape_Area": 20000.0, "Shape_Leng": 600.0, "cluster_id": "101_1135", "fid_1": 1135.0, "id_munic": 1135.0, "munic_clus": "101_1135", "munic_code": 101.0, "min": 3.4286906719207764, "max": 3.4286906719207764, "mean": 3.4286906719207764, "count": 2, "std": 0.0, "range": 0.0 }, "geometry": { "type": "Polygon", "coordinates": [ [ [ 721800.0, 6180200.0 ], [ 721800.0, 6180300.0 ], [ 721900.0, 6180300.0 ], [ 721900.0, 6180200.0 ], [ 721900.0, 6180100.0 ], [ 721800.0, 6180100.0 ], [ 721800.0, 6180200.0 ] ] ] } },
{ "type": "Feature", "properties": { "Shape_Area": 90000.0, "Shape_Leng": 1600.0, "cluster_id": "101_1136", "fid_1": 1136.0, "id_munic": 1136.0, "munic_clus": "101_1136", "munic_code": 101.0, "min": 2.690603494644165, "max": 2.690603494644165, "mean": 2.6906034681532116, "count": 9, "std": 2.6490953430879927e-08, "range": 0.0 }, "geometry": { "type": "Polygon", "coordinates": [ [ [ 727400.0, 6174400.0 ], [ 727500.0, 6174400.0 ], [ 727500.0, 6174500.0 ], [ 727600.0, 6174500.0 ], [ 727700.0, 6174500.0 ], [ 727700.0, 6174600.0 ], [ 727800.0, 6174600.0 ], [ 727800.0, 6174500.0 ], [ 727900.0, 6174500.0 ], [ 727900.0, 6174400.0 ], [ 727800.0, 6174400.0 ], [ 727800.0, 6174300.0 ], [ 727700.0, 6174300.0 ], [ 727600.0, 6174300.0 ], [ 727500.0, 6174300.0 ], [ 727400.0, 6174300.0 ], [ 727400.0, 6174400.0 ] ] ] } },
{ "type": "Feature", "properties": { "Shape_Area": 30000.0, "Shape_Leng": 800.0, "cluster_id": "101_1137", "fid_1": 1137.0, "id_munic": 1137.0, "munic_clus": "101_1137", "munic_code": 101.0, "min": 3.1849391460418701, "max": 3.1849391460418701, "mean": 3.1849390665690103, "count": 3, "std": 7.947285984855057e-08, "range": 0.0 }, "geometry": { "type": "Polygon", "coordinates": [ [ [ 720600.0, 6177700.0 ], [ 720700.0, 6177700.0 ], [ 720700.0, 6177800.0 ], [ 720800.0, 6177800.0 ], [ 720800.0, 6177700.0 ], [ 720800.0, 6177600.0 ], [ 720700.0, 6177600.0 ], [ 720600.0, 6177600.0 ], [ 720600.0, 6177700.0 ] ] ] } },
{ "type": "Feature", "properties": { "Shape_Area": 30000.0, "Shape_Leng": 800.0, "cluster_id": "101_1138", "fid_1": 1138.0, "id_munic": 1138.0, "munic_clus": "101_1138", "munic_code": 101.0, "min": 3.8292241096496582, "max": 3.8292241096496582, "mean": 3.8292242685953775, "count": 3, "std": 1.5894571925301193e-07, "range": 0.0 }, "geometry": { "type": "Polygon", "coordinates": [ [ [ 718300.0, 6178400.0 ], [ 718200.0, 6178400.0 ], [ 718200.0, 6178500.0 ], [ 718300.0, 6178500.0 ], [ 718400.0, 6178500.0 ], [ 718400.0, 6178400.0 ], [ 718400.0, 6178300.0 ], [ 718300.0, 6178300.0 ], [ 718300.0, 6178400.0 ] ] ] } },
{ "type": "Feature", "properties": { "Shape_Area": 170000.0, "Shape_Leng": 2000.0, "cluster_id": "101_1139", "fid_1": 1139.0, "id_munic": 1139.0, "munic_clus": "101_1139", "munic_code": 101.0, "min": 3.2234256267547607, "max": 3.2234256267547607, "mean": 3.2234256968778721, "count": 17, "std": 7.0123111317599296e-08, "range": 0.0 }, "geometry": { "type": "Polygon", "coordinates": [ [ [ 725300.0, 6175000.0 ], [ 725400.0, 6175000.0 ], [ 725500.0, 6175000.0 ], [ 725500.0, 6174900.0 ], [ 725600.0, 6174900.0 ], [ 725600.0, 6174800.0 ], [ 725600.0, 6174700.0 ], [ 725500.0, 6174700.0 ], [ 725500.0, 6174600.0 ], [ 725500.0, 6174500.0 ], [ 725400.0, 6174500.0 ], [ 725400.0, 6174600.0 ], [ 725300.0, 6174600.0 ], [ 725200.0, 6174600.0 ], [ 725200.0, 6174700.0 ], [ 725200.0, 6174800.0 ], [ 725100.0, 6174800.0 ], [ 725100.0, 6174900.0 ], [ 725100.0, 6175000.0 ], [ 725200.0, 6175000.0 ], [ 725300.0, 6175000.0 ] ] ] } },
{ "type": "Feature", "properties": { "Shape_Area": 20000.0, "Shape_Leng": 600.0, "cluster_id": "101_1140", "fid_1": 1140.0, "id_munic": 1140.0, "munic_clus": "101_1140", "munic_code": 101.0, "min": 2.9608471393585205, "max": 2.9608471393585205, "mean": 2.9608471393585205, "count": 2, "std": 0.0, "range": 0.0 }, "geometry": { "type": "Polygon", "coordinates": [ [ [ 720200.0, 6177500.0 ], [ 720300.0, 6177500.0 ], [ 720400.0, 6177500.0 ], [ 720400.0, 6177400.0 ], [ 720300.0, 6177400.0 ], [ 720200.0, 6177400.0 ], [ 720200.0, 6177500.0 ] ] ] } },
{ "type": "Feature", "properties": { "Shape_Area": 60000.0, "Shape_Leng": 1200.0, "cluster_id": "101_1141", "fid_1": 1141.0, "id_munic": 1141.0, "munic_clus": "101_1141", "munic_code": 101.0, "min": 3.1239593029022217, "max": 3.1239593029022217, "mean": 3.1239592234293618, "count": 6, "std": 7.947285984855057e-08, "range": 0.0 }, "geometry": { "type": "Polygon", "coordinates": [ [ [ 722600.0, 6174600.0 ], [ 722600.0, 6174700.0 ], [ 722700.0, 6174700.0 ], [ 722700.0, 6174800.0 ], [ 722800.0, 6174800.0 ], [ 722900.0, 6174800.0 ], [ 722900.0, 6174700.0 ], [ 722900.0, 6174600.0 ], [ 722800.0, 6174600.0 ], [ 722700.0, 6174600.0 ], [ 722700.0, 6174500.0 ], [ 722600.0, 6174500.0 ], [ 722600.0, 6174600.0 ] ] ] } },
{ "type": "Feature", "properties": { "Shape_Area": 20000.0, "Shape_Leng": 600.0, "cluster_id": "101_1142", "fid_1": 1142.0, "id_munic": 1142.0, "munic_clus": "101_1142", "munic_code": 101.0, "min": 3.0209932327270508, "max": 3.0209932327270508, "mean": 3.0209932327270508, "count": 2, "std": 0.0, "range": 0.0 }, "geometry": { "type": "Polygon", "coordinates": [ [ [ 722700.0, 6178400.0 ], [ 722700.0, 6178500.0 ], [ 722800.0, 6178500.0 ], [ 722800.0, 6178400.0 ], [ 722800.0, 6178300.0 ], [ 722700.0, 6178300.0 ], [ 722700.0, 6178400.0 ] ] ] } },
{ "type": "Feature", "properties": { "Shape_Area": 30000.0, "Shape_Leng": 800.0, "cluster_id": "101_1143", "fid_1": 1143.0, "id_munic": 1143.0, "munic_clus": "101_1143", "munic_code": 101.0, "min": 2.576474666595459, "max": 2.576474666595459, "mean": 2.576474666595459, "count": 3, "std": 0.0, "range": 0.0 }, "geometry": { "type": "Polygon", "coordinates": [ [ [ 722900.0, 6174900.0 ], [ 722900.0, 6174800.0 ], [ 722800.0, 6174800.0 ], [ 722700.0, 6174800.0 ], [ 722700.0, 6174900.0 ], [ 722700.0, 6175000.0 ], [ 722800.0, 6175000.0 ], [ 722800.0, 6174900.0 ], [ 722900.0, 6174900.0 ] ] ] } },
{ "type": "Feature", "properties": { "Shape_Area": 60000.0, "Shape_Leng": 1000.0, "cluster_id": "101_1144", "fid_1": 1144.0, "id_munic": 1144.0, "munic_clus": "101_1144", "munic_code": 101.0, "min": 2.9418528079986572, "max": 2.9418528079986572, "mean": 2.9418528874715171, "count": 6, "std": 7.947285984855057e-08, "range": 0.0 }, "geometry": { "type": "Polygon", "coordinates": [ [ [ 727100.0, 6172800.0 ], [ 727200.0, 6172800.0 ], [ 727300.0, 6172800.0 ], [ 727400.0, 6172800.0 ], [ 727400.0, 6172700.0 ], [ 727400.0, 6172600.0 ], [ 727300.0, 6172600.0 ], [ 727200.0, 6172600.0 ], [ 727100.0, 6172600.0 ], [ 727100.0, 6172700.0 ], [ 727100.0, 6172800.0 ] ] ] } },
{ "type": "Feature", "properties": { "Shape_Area": 160000.0, "Shape_Leng": 1800.0, "cluster_id": "101_1145", "fid_1": 1145.0, "id_munic": 1145.0, "munic_clus": "101_1145", "munic_code": 101.0, "min": 3.1429524421691895, "max": 3.1429524421691895, "mean": 3.1429524421691895, "count": 16, "std": 0.0, "range": 0.0 }, "geometry": { "type": "Polygon", "coordinates": [ [ [ 718000.0, 6178900.0 ], [ 717900.0, 6178900.0 ], [ 717900.0, 6179000.0 ], [ 717800.0, 6179000.0 ], [ 717800.0, 6179100.0 ], [ 717800.0, 6179200.0 ], [ 717800.0, 6179300.0 ], [ 717900.0, 6179300.0 ], [ 717900.0, 6179400.0 ], [ 718000.0, 6179400.0 ], [ 718100.0, 6179400.0 ], [ 718100.0, 6179300.0 ], [ 718200.0, 6179300.0 ], [ 718200.0, 6179200.0 ], [ 718200.0, 6179100.0 ], [ 718200.0, 6179000.0 ], [ 718100.0, 6179000.0 ], [ 718100.0, 6178900.0 ], [ 718000.0, 6178900.0 ] ] ] } },
{ "type": "Feature", "properties": { "Shape_Area": 20000.0, "Shape_Leng": 600.0, "cluster_id": "101_1146", "fid_1": 1146.0, "id_munic": 1146.0, "munic_clus": "101_1146", "munic_code": 101.0, "min": 2.9736757278442383, "max": 2.9736757278442383, "mean": 2.9736757278442383, "count": 2, "std": 0.0, "range": 0.0 }, "geometry": { "type": "Polygon", "coordinates": [ [ [ 721700.0, 6178800.0 ], [ 721700.0, 6178900.0 ], [ 721800.0, 6178900.0 ], [ 721800.0, 6178800.0 ], [ 721800.0, 6178700.0 ], [ 721700.0, 6178700.0 ], [ 721700.0, 6178800.0 ] ] ] } },
{ "type": "Feature", "properties": { "Shape_Area": 50000.0, "Shape_Leng": 1000.0, "cluster_id": "101_1147", "fid_1": 1147.0, "id_munic": 1147.0, "munic_clus": "101_1147", "munic_code": 101.0, "min": 1.8797067403793335, "max": 1.8797067403793335, "mean": 1.8797067642211913, "count": 5, "std": 2.3841857821338408e-08, "range": 0.0 }, "geometry": { "type": "Polygon", "coordinates": [ [ [ 723700.0, 6179700.0 ], [ 723800.0, 6179700.0 ], [ 723800.0, 6179800.0 ], [ 723900.0, 6179800.0 ], [ 724000.0, 6179800.0 ], [ 724000.0, 6179700.0 ], [ 724000.0, 6179600.0 ], [ 723900.0, 6179600.0 ], [ 723800.0, 6179600.0 ], [ 723700.0, 6179600.0 ], [ 723700.0, 6179700.0 ] ] ] } },
{ "type": "Feature", "properties": { "Shape_Area": 50000.0, "Shape_Leng": 1000.0, "cluster_id": "101_1148", "fid_1": 1148.0, "id_munic": 1148.0, "munic_clus": "101_1148", "munic_code": 101.0, "min": 2.8610465526580811, "max": 2.8610465526580811, "mean": 2.8610466003417967, "count": 5, "std": 4.7683715642676816e-08, "range": 0.0 }, "geometry": { "type": "Polygon", "coordinates": [ [ [ 718900.0, 6176700.0 ], [ 719000.0, 6176700.0 ], [ 719100.0, 6176700.0 ], [ 719200.0, 6176700.0 ], [ 719200.0, 6176600.0 ], [ 719100.0, 6176600.0 ], [ 719100.0, 6176500.0 ], [ 719000.0, 6176500.0 ], [ 718900.0, 6176500.0 ], [ 718900.0, 6176600.0 ], [ 718900.0, 6176700.0 ] ] ] } },
{ "type": "Feature", "properties": { "Shape_Area": 30000.0, "Shape_Leng": 800.0, "cluster_id": "101_1149", "fid_1": 1149.0, "id_munic": 1149.0, "munic_clus": "101_1149", "munic_code": 101.0, "min": 2.2699103355407715, "max": 2.2699103355407715, "mean": 2.2699103355407715, "count": 3, "std": 0.0, "range": 0.0 }, "geometry": { "type": "Polygon", "coordinates": [ [ [ 721200.0, 6174300.0 ], [ 721100.0, 6174300.0 ], [ 721100.0, 6174400.0 ], [ 721200.0, 6174400.0 ], [ 721300.0, 6174400.0 ], [ 721300.0, 6174300.0 ], [ 721300.0, 6174200.0 ], [ 721200.0, 6174200.0 ], [ 721200.0, 6174300.0 ] ] ] } },
{ "type": "Feature", "properties": { "Shape_Area": 20000.0, "Shape_Leng": 600.0, "cluster_id": "101_1150", "fid_1": 1150.0, "id_munic": 1150.0, "munic_clus": "101_1150", "munic_code": 101.0, "min": 2.7930691242218018, "max": 2.7930691242218018, "mean": 2.7930691242218018, "count": 2, "std": 0.0, "range": 0.0 }, "geometry": { "type": "Polygon", "coordinates": [ [ [ 722500.0, 6173100.0 ], [ 722600.0, 6173100.0 ], [ 722700.0, 6173100.0 ], [ 722700.0, 6173000.0 ], [ 722600.0, 6173000.0 ], [ 722500.0, 6173000.0 ], [ 722500.0, 6173100.0 ] ] ] } },
{ "type": "Feature", "properties": { "Shape_Area": 40000.0, "Shape_Leng": 1000.0, "cluster_id": "101_1151", "fid_1": 1151.0, "id_munic": 1151.0, "munic_clus": "101_1151", "munic_code": 101.0, "min": 2.6272907257080078, "max": 2.6272907257080078, "mean": 2.6272907257080078, "count": 4, "std": 0.0, "range": 0.0 }, "geometry": { "type": "Polygon", "coordinates": [ [ [ 723800.0, 6177400.0 ], [ 723700.0, 6177400.0 ], [ 723700.0, 6177500.0 ], [ 723800.0, 6177500.0 ], [ 723900.0, 6177500.0 ], [ 724000.0, 6177500.0 ], [ 724000.0, 6177400.0 ], [ 724000.0, 6177300.0 ], [ 723900.0, 6177300.0 ], [ 723900.0, 6177400.0 ], [ 723800.0, 6177400.0 ] ] ] } },
{ "type": "Feature", "properties": { "Shape_Area": 30000.0, "Shape_Leng": 800.0, "cluster_id": "101_1152", "fid_1": 1152.0, "id_munic": 1152.0, "munic_clus": "101_1152", "munic_code": 101.0, "min": 2.4845051765441895, "max": 2.4845051765441895, "mean": 2.4845051765441895, "count": 3, "std": 0.0, "range": 0.0 }, "geometry": { "type": "Polygon", "coordinates": [ [ [ 719200.0, 6177300.0 ], [ 719300.0, 6177300.0 ], [ 719300.0, 6177400.0 ], [ 719400.0, 6177400.0 ], [ 719400.0, 6177300.0 ], [ 719400.0, 6177200.0 ], [ 719300.0, 6177200.0 ], [ 719200.0, 6177200.0 ], [ 719200.0, 6177300.0 ] ] ] } },
{ "type": "Feature", "properties": { "Shape_Area": 20000.0, "Shape_Leng": 600.0, "cluster_id": "101_1153", "fid_1": 1153.0, "id_munic": 1153.0, "munic_clus": "101_1153", "munic_code": 101.0, "min": 2.5683109760284424, "max": 2.5683109760284424, "mean": 2.5683109760284424, "count": 2, "std": 0.0, "range": 0.0 }, "geometry": { "type": "Polygon", "coordinates": [ [ [ 726900.0, 6173900.0 ], [ 727000.0, 6173900.0 ], [ 727100.0, 6173900.0 ], [ 727100.0, 6173800.0 ], [ 727000.0, 6173800.0 ], [ 726900.0, 6173800.0 ], [ 726900.0, 6173900.0 ] ] ] } },
{ "type": "Feature", "properties": { "Shape_Area": 60000.0, "Shape_Leng": 1000.0, "cluster_id": "101_1154", "fid_1": 1154.0, "id_munic": 1154.0, "munic_clus": "101_1154", "munic_code": 101.0, "min": 3.1896038055419922, "max": 3.1896038055419922, "mean": 3.1896038055419922, "count": 6, "std": 0.0, "range": 0.0 }, "geometry": { "type": "Polygon", "coordinates": [ [ [ 719100.0, 6173400.0 ], [ 719000.0, 6173400.0 ], [ 719000.0, 6173500.0 ], [ 719000.0, 6173600.0 ], [ 719100.0, 6173600.0 ], [ 719200.0, 6173600.0 ], [ 719300.0, 6173600.0 ], [ 719300.0, 6173500.0 ], [ 719300.0, 6173400.0 ], [ 719200.0, 6173400.0 ], [ 719100.0, 6173400.0 ] ] ] } },
{ "type": "Feature", "properties": { "Shape_Area": 20000.0, "Shape_Leng": 600.0, "cluster_id": "101_1155", "fid_1": 1155.0, "id_munic": 1155.0, "munic_clus": "101_1155", "munic_code": 101.0, "min": 3.3775410652160645, "max": 3.3775410652160645, "mean": 3.3775410652160645, "count": 2, "std": 0.0, "range": 0.0 }, "geometry": { "type": "Polygon", "coordinates": [ [ [ 721900.0, 6179800.0 ], [ 722000.0, 6179800.0 ], [ 722100.0, 6179800.0 ], [ 722100.0, 6179700.0 ], [ 722000.0, 6179700.0 ], [ 721900.0, 6179700.0 ], [ 721900.0, 6179800.0 ] ] ] } },
{ "type": "Feature", "properties": { "Shape_Area": 50000.0, "Shape_Leng": 1200.0, "cluster_id": "101_1156", "fid_1": 1156.0, "id_munic": 1156.0, "munic_clus": "101_1156", "munic_code": 101.0, "min": 1.9898368120193481, "max": 1.9898368120193481, "mean": 1.9898368835449218, "count": 5, "std": 7.1525573686059829e-08, "range": 0.0 }, "geometry": { "type": "Polygon", "coordinates": [ [ [ 719700.0, 6178900.0 ], [ 719700.0, 6178800.0 ], [ 719600.0, 6178800.0 ], [ 719500.0, 6178800.0 ], [ 719400.0, 6178800.0 ], [ 719400.0, 6178900.0 ], [ 719400.0, 6179000.0 ], [ 719400.0, 6179100.0 ], [ 719500.0, 6179100.0 ], [ 719500.0, 6179000.0 ], [ 719500.0, 6178900.0 ], [ 719600.0, 6178900.0 ], [ 719700.0, 6178900.0 ] ] ] } },
{ "type": "Feature", "properties": { "Shape_Area": 40000.0, "Shape_Leng": 1000.0, "cluster_id": "101_1158", "fid_1": 1158.0, "id_munic": 1158.0, "munic_clus": "101_1158", "munic_code": 101.0, "min": 2.7167613506317139, "max": 2.7167613506317139, "mean": 2.7167613506317139, "count": 4, "std": 0.0, "range": 0.0 }, "geometry": { "type": "Polygon", "coordinates": [ [ [ 727200.0, 6173000.0 ], [ 727300.0, 6173000.0 ], [ 727400.0, 6173000.0 ], [ 727500.0, 6173000.0 ], [ 727600.0, 6173000.0 ], [ 727600.0, 6172900.0 ], [ 727500.0, 6172900.0 ], [ 727400.0, 6172900.0 ], [ 727300.0, 6172900.0 ], [ 727200.0, 6172900.0 ], [ 727200.0, 6173000.0 ] ] ] } },
{ "type": "Feature", "properties": { "Shape_Area": 30000.0, "Shape_Leng": 800.0, "cluster_id": "101_1159", "fid_1": 1159.0, "id_munic": 1159.0, "munic_clus": "101_1159", "munic_code": 101.0, "min": 3.0039987564086914, "max": 3.0039987564086914, "mean": 3.0039987564086914, "count": 3, "std": 0.0, "range": 0.0 }, "geometry": { "type": "Polygon", "coordinates": [ [ [ 719500.0, 6175000.0 ], [ 719400.0, 6175000.0 ], [ 719400.0, 6175100.0 ], [ 719500.0, 6175100.0 ], [ 719600.0, 6175100.0 ], [ 719600.0, 6175000.0 ], [ 719600.0, 6174900.0 ], [ 719500.0, 6174900.0 ], [ 719500.0, 6175000.0 ] ] ] } },
{ "type": "Feature", "properties": { "Shape_Area": 30000.0, "Shape_Leng": 800.0, "cluster_id": "101_1160", "fid_1": 1160.0, "id_munic": 1160.0, "munic_clus": "101_1160", "munic_code": 101.0, "min": 2.5779743194580078, "max": 2.5779743194580078, "mean": 2.5779743194580078, "count": 3, "std": 0.0, "range": 0.0 }, "geometry": { "type": "Polygon", "coordinates": [ [ [ 727000.0, 6174700.0 ], [ 727000.0, 6174800.0 ], [ 727100.0, 6174800.0 ], [ 727100.0, 6174700.0 ], [ 727100.0, 6174600.0 ], [ 727100.0, 6174500.0 ], [ 727000.0, 6174500.0 ], [ 727000.0, 6174600.0 ], [ 727000.0, 6174700.0 ] ] ] } },
{ "type": "Feature", "properties": { "Shape_Area": 100000.0, "Shape_Leng": 1800.0, "cluster_id": "101_1161", "fid_1": 1161.0, "id_munic": 1161.0, "munic_clus": "101_1161", "munic_code": 101.0, "min": 3.5666453838348389, "max": 3.5666453838348389, "mean": 3.5666454315185545, "count": 10, "std": 4.7683715642676809e-08, "range": 0.0 }, "geometry": { "type": "Polygon", "coordinates": [ [ [ 722000.0, 6172800.0 ], [ 721900.0, 6172800.0 ], [ 721800.0, 6172800.0 ], [ 721700.0, 6172800.0 ], [ 721600.0, 6172800.0 ], [ 721600.0, 6172900.0 ], [ 721700.0, 6172900.0 ], [ 721700.0, 6173000.0 ], [ 721600.0, 6173000.0 ], [ 721600.0, 6173100.0 ], [ 721700.0, 6173100.0 ], [ 721800.0, 6173100.0 ], [ 721800.0, 6173000.0 ], [ 721900.0, 6173000.0 ], [ 722000.0, 6173000.0 ], [ 722100.0, 6173000.0 ], [ 722100.0, 6172900.0 ], [ 722000.0, 6172900.0 ], [ 722000.0, 6172800.0 ] ] ] } },
{ "type": "Feature", "properties": { "Shape_Area": 40000.0, "Shape_Leng": 800.0, "cluster_id": "101_1162", "fid_1": 1162.0, "id_munic": 1162.0, "munic_clus": "101_1162", "munic_code": 101.0, "min": 2.48850417137146, "max": 2.48850417137146, "mean": 2.48850417137146, "count": 4, "std": 0.0, "range": 0.0 }, "geometry": { "type": "Polygon", "coordinates": [ [ [ 722500.0, 6178500.0 ], [ 722600.0, 6178500.0 ], [ 722700.0, 6178500.0 ], [ 722700.0, 6178400.0 ], [ 722700.0, 6178300.0 ], [ 722600.0, 6178300.0 ], [ 722500.0, 6178300.0 ], [ 722500.0, 6178400.0 ], [ 722500.0, 6178500.0 ] ] ] } },
{ "type": "Feature", "properties": { "Shape_Area": 130000.0, "Shape_Leng": 1800.0, "cluster_id": "101_1163", "fid_1": 1163.0, "id_munic": 1163.0, "munic_clus": "101_1163", "munic_code": 101.0, "min": 3.2719097137451172, "max": 3.2719097137451172, "mean": 3.2719098604642429, "count": 13, "std": 1.467191257376044e-07, "range": 0.0 }, "geometry": { "type": "Polygon", "coordinates": [ [ [ 718600.0, 6176900.0 ], [ 718600.0, 6177000.0 ], [ 718600.0, 6177100.0 ], [ 718500.0, 6177100.0 ], [ 718500.0, 6177200.0 ], [ 718500.0, 6177300.0 ], [ 718600.0, 6177300.0 ], [ 718700.0, 6177300.0 ], [ 718800.0, 6177300.0 ], [ 718800.0, 6177200.0 ], [ 718800.0, 6177100.0 ], [ 718800.0, 6177000.0 ], [ 718800.0, 6176900.0 ], [ 718900.0, 6176900.0 ], [ 718900.0, 6176800.0 ], [ 718800.0, 6176800.0 ], [ 718700.0, 6176800.0 ], [ 718600.0, 6176800.0 ], [ 718600.0, 6176900.0 ] ] ] } },
{ "type": "Feature", "properties": { "Shape_Area": 110000.0, "Shape_Leng": 1600.0, "cluster_id": "101_1164", "fid_1": 1164.0, "id_munic": 1164.0, "munic_clus": "101_1164", "munic_code": 101.0, "min": 2.3590474128723145, "max": 2.3590474128723145, "mean": 2.3590472828258169, "count": 11, "std": 1.3004649757064612e-07, "range": 0.0 }, "geometry": { "type": "Polygon", "coordinates": [ [ [ 719300.0, 6177700.0 ], [ 719200.0, 6177700.0 ], [ 719200.0, 6177800.0 ], [ 719100.0, 6177800.0 ], [ 719100.0, 6177900.0 ], [ 719100.0, 6178000.0 ], [ 719100.0, 6178100.0 ], [ 719200.0, 6178100.0 ], [ 719300.0, 6178100.0 ], [ 719300.0, 6178000.0 ], [ 719400.0, 6178000.0 ], [ 719500.0, 6178000.0 ], [ 719500.0, 6177900.0 ], [ 719400.0, 6177900.0 ], [ 719400.0, 6177800.0 ], [ 719400.0, 6177700.0 ], [ 719300.0, 6177700.0 ] ] ] } },
{ "type": "Feature", "properties": { "Shape_Area": 470000.0, "Shape_Leng": 3800.0, "cluster_id": "101_1165", "fid_1": 1165.0, "id_munic": 1165.0, "munic_clus": "101_1165", "munic_code": 101.0, "min": 4.1124625205993652, "max": 4.1124625205993652, "mean": 4.1124624698720078, "count": 47, "std": 5.0727357425728314e-08, "range": 0.0 }, "geometry": { "type": "Polygon", "coordinates": [ [ [ 718500.0, 6176500.0 ], [ 718600.0, 6176500.0 ], [ 718600.0, 6176400.0 ], [ 718600.0, 6176300.0 ], [ 718600.0, 6176200.0 ], [ 718500.0, 6176200.0 ], [ 718400.0, 6176200.0 ], [ 718300.0, 6176200.0 ], [ 718300.0, 6176100.0 ], [ 718200.0, 6176100.0 ], [ 718100.0, 6176100.0 ], [ 718000.0, 6176100.0 ], [ 718000.0, 6176200.0 ], [ 718000.0, 6176300.0 ], [ 718000.0, 6176400.0 ], [ 718000.0, 6176500.0 ], [ 717900.0, 6176500.0 ], [ 717900.0, 6176600.0 ], [ 717900.0, 6176700.0 ], [ 717900.0, 6176800.0 ], [ 717900.0, 6176900.0 ], [ 717900.0, 6177000.0 ], [ 717800.0, 6177000.0 ], [ 717800.0, 6177100.0 ], [ 717900.0, 6177100.0 ], [ 717900.0, 6177200.0 ], [ 718000.0, 6177200.0 ], [ 718100.0, 6177200.0 ], [ 718200.0, 6177200.0 ], [ 718200.0, 6177100.0 ], [ 718200.0, 6177000.0 ], [ 718200.0, 6176900.0 ], [ 718200.0, 6176800.0 ], [ 718200.0, 6176700.0 ], [ 718300.0, 6176700.0 ], [ 718400.0, 6176700.0 ], [ 718400.0, 6176600.0 ], [ 718400.0, 6176500.0 ], [ 718500.0, 6176500.0 ] ] ] } },
{ "type": "Feature", "properties": { "Shape_Area": 200000.0, "Shape_Leng": 2400.0, "cluster_id": "101_1166", "fid_1": 1166.0, "id_munic": 1166.0, "munic_clus": "101_1166", "munic_code": 101.0, "min": 3.6479506492614746, "max": 3.6479506492614746, "mean": 3.6479507446289063, "count": 20, "std": 9.5367431729442842e-08, "range": 0.0 }, "geometry": { "type": "Polygon", "coordinates": [ [ [ 723600.0, 6175900.0 ], [ 723600.0, 6176000.0 ], [ 723700.0, 6176000.0 ], [ 723800.0, 6176000.0 ], [ 723800.0, 6176100.0 ], [ 723900.0, 6176100.0 ], [ 724000.0, 6176100.0 ], [ 724100.0, 6176100.0 ], [ 724100.0, 6176000.0 ], [ 724000.0, 6176000.0 ], [ 724000.0, 6175900.0 ], [ 724000.0, 6175800.0 ], [ 724000.0, 6175700.0 ], [ 723900.0, 6175700.0 ], [ 723900.0, 6175600.0 ], [ 723800.0, 6175600.0 ], [ 723700.0, 6175600.0 ], [ 723700.0, 6175500.0 ], [ 723600.0, 6175500.0 ], [ 723500.0, 6175500.0 ], [ 723500.0, 6175600.0 ], [ 723600.0, 6175600.0 ], [ 723600.0, 6175700.0 ], [ 723600.0, 6175800.0 ], [ 723600.0, 6175900.0 ] ] ] } },
{ "type": "Feature", "properties": { "Shape_Area": 40000.0, "Shape_Leng": 800.0, "cluster_id": "101_1167", "fid_1": 1167.0, "id_munic": 1167.0, "munic_clus": "101_1167", "munic_code": 101.0, "min": 3.2605800628662109, "max": 3.2605800628662109, "mean": 3.2605800628662109, "count": 4, "std": 0.0, "range": 0.0 }, "geometry": { "type": "Polygon", "coordinates": [ [ [ 727700.0, 6173100.0 ], [ 727600.0, 6173100.0 ], [ 727500.0, 6173100.0 ], [ 727500.0, 6173200.0 ], [ 727500.0, 6173300.0 ], [ 727600.0, 6173300.0 ], [ 727700.0, 6173300.0 ], [ 727700.0, 6173200.0 ], [ 727700.0, 6173100.0 ] ] ] } },
{ "type": "Feature", "properties": { "Shape_Area": 20000.0, "Shape_Leng": 600.0, "cluster_id": "101_1168", "fid_1": 1168.0, "id_munic": 1168.0, "munic_clus": "101_1168", "munic_code": 101.0, "min": 3.4976675510406494, "max": 3.4976675510406494, "mean": 3.4976675510406494, "count": 2, "std": 0.0, "range": 0.0 }, "geometry": { "type": "Polygon", "coordinates": [ [ [ 727700.0, 6173200.0 ], [ 727700.0, 6173300.0 ], [ 727800.0, 6173300.0 ], [ 727800.0, 6173200.0 ], [ 727800.0, 6173100.0 ], [ 727700.0, 6173100.0 ], [ 727700.0, 6173200.0 ] ] ] } },
{ "type": "Feature", "properties": { "Shape_Area": 100000.0, "Shape_Leng": 1600.0, "cluster_id": "101_1169", "fid_1": 1169.0, "id_munic": 1169.0, "munic_clus": "101_1169", "munic_code": 101.0, "min": 2.6682772636413574, "max": 2.6682772636413574, "mean": 2.6682771682739257, "count": 10, "std": 9.5367431729442842e-08, "range": 0.0 }, "geometry": { "type": "Polygon", "coordinates": [ [ [ 724600.0, 6176500.0 ], [ 724500.0, 6176500.0 ], [ 724500.0, 6176600.0 ], [ 724500.0, 6176700.0 ], [ 724600.0, 6176700.0 ], [ 724600.0, 6176800.0 ], [ 724700.0, 6176800.0 ], [ 724700.0, 6176700.0 ], [ 724800.0, 6176700.0 ], [ 724900.0, 6176700.0 ], [ 724900.0, 6176600.0 ], [ 724900.0, 6176500.0 ], [ 724800.0, 6176500.0 ], [ 724800.0, 6176400.0 ], [ 724700.0, 6176400.0 ], [ 724700.0, 6176500.0 ], [ 724600.0, 6176500.0 ] ] ] } },
{ "type": "Feature", "properties": { "Shape_Area": 190000.0, "Shape_Leng": 2200.0, "cluster_id": "101_1170", "fid_1": 1170.0, "id_munic": 1170.0, "munic_clus": "101_1170", "munic_code": 101.0, "min": 2.6302905082702637, "max": 2.6302905082702637, "mean": 2.6302905835603414, "count": 19, "std": 7.5290077727885318e-08, "range": 0.0 }, "geometry": { "type": "Polygon", "coordinates": [ [ [ 720500.0, 6177100.0 ], [ 720600.0, 6177100.0 ], [ 720600.0, 6177000.0 ], [ 720500.0, 6177000.0 ], [ 720400.0, 6177000.0 ], [ 720300.0, 6177000.0 ], [ 720300.0, 6176900.0 ], [ 720200.0, 6176900.0 ], [ 720100.0, 6176900.0 ], [ 720100.0, 6177000.0 ], [ 720100.0, 6177100.0 ], [ 720000.0, 6177100.0 ], [ 720000.0, 6177200.0 ], [ 720100.0, 6177200.0 ], [ 720100.0, 6177300.0 ], [ 720200.0, 6177300.0 ], [ 720200.0, 6177400.0 ], [ 720300.0, 6177400.0 ], [ 720400.0, 6177400.0 ], [ 720500.0, 6177400.0 ], [ 720500.0, 6177300.0 ], [ 720500.0, 6177200.0 ], [ 720500.0, 6177100.0 ] ] ] } },
{ "type": "Feature", "properties": { "Shape_Area": 90000.0, "Shape_Leng": 1400.0, "cluster_id": "101_1172", "fid_1": 1172.0, "id_munic": 1172.0, "munic_clus": "101_1172", "munic_code": 101.0, "min": 3.7557482719421387, "max": 3.7557482719421387, "mean": 3.7557483249240451, "count": 9, "std": 5.2981906417670643e-08, "range": 0.0 }, "geometry": { "type": "Polygon", "coordinates": [ [ [ 727300.0, 6172000.0 ], [ 727300.0, 6172100.0 ], [ 727400.0, 6172100.0 ], [ 727400.0, 6172200.0 ], [ 727400.0, 6172300.0 ], [ 727500.0, 6172300.0 ], [ 727600.0, 6172300.0 ], [ 727600.0, 6172200.0 ], [ 727600.0, 6172100.0 ], [ 727600.0, 6172000.0 ], [ 727500.0, 6172000.0 ], [ 727500.0, 6171900.0 ], [ 727400.0, 6171900.0 ], [ 727300.0, 6171900.0 ], [ 727300.0, 6172000.0 ] ] ] } },
{ "type": "Feature", "properties": { "Shape_Area": 40000.0, "Shape_Leng": 800.0, "cluster_id": "101_1173", "fid_1": 1173.0, "id_munic": 1173.0, "munic_clus": "101_1173", "munic_code": 101.0, "min": 3.0728092193603516, "max": 3.0728092193603516, "mean": 3.0728092193603516, "count": 4, "std": 0.0, "range": 0.0 }, "geometry": { "type": "Polygon", "coordinates": [ [ [ 722800.0, 6178900.0 ], [ 722700.0, 6178900.0 ], [ 722600.0, 6178900.0 ], [ 722600.0, 6179000.0 ], [ 722600.0, 6179100.0 ], [ 722700.0, 6179100.0 ], [ 722800.0, 6179100.0 ], [ 722800.0, 6179000.0 ], [ 722800.0, 6178900.0 ] ] ] } },
{ "type": "Feature", "properties": { "Shape_Area": 140000.0, "Shape_Leng": 1800.0, "cluster_id": "101_1174", "fid_1": 1174.0, "id_munic": 1174.0, "munic_clus": "101_1174", "munic_code": 101.0, "min": 2.9630122184753418, "max": 2.9630122184753418, "mean": 2.9630121503557478, "count": 14, "std": 6.8119593965576528e-08, "range": 0.0 }, "geometry": { "type": "Polygon", "coordinates": [ [ [ 725400.0, 6176000.0 ], [ 725300.0, 6176000.0 ], [ 725300.0, 6176100.0 ], [ 725300.0, 6176200.0 ], [ 725200.0, 6176200.0 ], [ 725200.0, 6176300.0 ], [ 725200.0, 6176400.0 ], [ 725300.0, 6176400.0 ], [ 725300.0, 6176500.0 ], [ 725400.0, 6176500.0 ], [ 725400.0, 6176400.0 ], [ 725500.0, 6176400.0 ], [ 725600.0, 6176400.0 ], [ 725600.0, 6176300.0 ], [ 725600.0, 6176200.0 ], [ 725600.0, 6176100.0 ], [ 725500.0, 6176100.0 ], [ 725500.0, 6176000.0 ], [ 725400.0, 6176000.0 ] ] ] } },
{ "type": "Feature", "properties": { "Shape_Area": 70000.0, "Shape_Leng": 1200.0, "cluster_id": "101_1176", "fid_1": 1176.0, "id_munic": 1176.0, "munic_clus": "101_1176", "munic_code": 101.0, "min": 3.1961014270782471, "max": 3.1961014270782471, "mean": 3.1961015973772322, "count": 7, "std": 1.7029898513598596e-07, "range": 0.0 }, "geometry": { "type": "Polygon", "coordinates": [ [ [ 722000.0, 6178100.0 ], [ 722000.0, 6178200.0 ], [ 721900.0, 6178200.0 ], [ 721900.0, 6178300.0 ], [ 721900.0, 6178400.0 ], [ 721900.0, 6178500.0 ], [ 722000.0, 6178500.0 ], [ 722100.0, 6178500.0 ], [ 722100.0, 6178400.0 ], [ 722100.0, 6178300.0 ], [ 722100.0, 6178200.0 ], [ 722100.0, 6178100.0 ], [ 722000.0, 6178100.0 ] ] ] } },
{ "type": "Feature", "properties": { "Shape_Area": 150000.0, "Shape_Leng": 1600.0, "cluster_id": "101_1177", "fid_1": 1177.0, "id_munic": 1177.0, "munic_clus": "101_1177", "munic_code": 101.0, "min": 4.1476178169250488, "max": 4.1476178169250488, "mean": 4.1476178487141926, "count": 15, "std": 3.1789143761784544e-08, "range": 0.0 }, "geometry": { "type": "Polygon", "coordinates": [ [ [ 726400.0, 6172600.0 ], [ 726300.0, 6172600.0 ], [ 726300.0, 6172500.0 ], [ 726200.0, 6172500.0 ], [ 726100.0, 6172500.0 ], [ 726000.0, 6172500.0 ], [ 726000.0, 6172600.0 ], [ 726000.0, 6172700.0 ], [ 726000.0, 6172800.0 ], [ 726000.0, 6172900.0 ], [ 726100.0, 6172900.0 ], [ 726200.0, 6172900.0 ], [ 726300.0, 6172900.0 ], [ 726400.0, 6172900.0 ], [ 726400.0, 6172800.0 ], [ 726400.0, 6172700.0 ], [ 726400.0, 6172600.0 ] ] ] } },
{ "type": "Feature", "properties": { "Shape_Area": 80000.0, "Shape_Leng": 1200.0, "cluster_id": "101_1179", "fid_1": 1179.0, "id_munic": 1179.0, "munic_clus": "101_1179", "munic_code": 101.0, "min": 2.3980343341827393, "max": 2.3980343341827393, "mean": 2.3980343341827393, "count": 8, "std": 0.0, "range": 0.0 }, "geometry": { "type": "Polygon", "coordinates": [ [ [ 720900.0, 6174700.0 ], [ 720900.0, 6174800.0 ], [ 721000.0, 6174800.0 ], [ 721100.0, 6174800.0 ], [ 721200.0, 6174800.0 ], [ 721200.0, 6174700.0 ], [ 721200.0, 6174600.0 ], [ 721100.0, 6174600.0 ], [ 721100.0, 6174500.0 ], [ 721000.0, 6174500.0 ], [ 720900.0, 6174500.0 ], [ 720900.0, 6174600.0 ], [ 720900.0, 6174700.0 ] ] ] } },
{ "type": "Feature", "properties": { "Shape_Area": 250000.0, "Shape_Leng": 3000.0, "cluster_id": "101_1180", "fid_1": 1180.0, "id_munic": 1180.0, "munic_clus": "101_1180", "munic_code": 101.0, "min": 2.8202266693115234, "max": 2.8202266693115234, "mean": 2.8202267456054688, "count": 25, "std": 7.6293945383554274e-08, "range": 0.0 }, "geometry": { "type": "Polygon", "coordinates": [ [ [ 724800.0, 6175800.0 ], [ 724800.0, 6175700.0 ], [ 724700.0, 6175700.0 ], [ 724700.0, 6175600.0 ], [ 724600.0, 6175600.0 ], [ 724500.0, 6175600.0 ], [ 724500.0, 6175700.0 ], [ 724400.0, 6175700.0 ], [ 724300.0, 6175700.0 ], [ 724200.0, 6175700.0 ], [ 724200.0, 6175600.0 ], [ 724100.0, 6175600.0 ], [ 724100.0, 6175700.0 ], [ 724000.0, 6175700.0 ], [ 724000.0, 6175800.0 ], [ 724000.0, 6175900.0 ], [ 724000.0, 6176000.0 ], [ 724100.0, 6176000.0 ], [ 724100.0, 6176100.0 ], [ 724200.0, 6176100.0 ], [ 724200.0, 6176000.0 ], [ 724300.0, 6176000.0 ], [ 724300.0, 6175900.0 ], [ 724400.0, 6175900.0 ], [ 724400.0, 6176000.0 ], [ 724500.0, 6176000.0 ], [ 724600.0, 6176000.0 ], [ 724700.0, 6176000.0 ], [ 724700.0, 6175900.0 ], [ 724700.0, 6175800.0 ], [ 724800.0, 6175800.0 ] ] ] } },
{ "type": "Feature", "properties": { "Shape_Area": 170000.0, "Shape_Leng": 2000.0, "cluster_id": "101_1181", "fid_1": 1181.0, "id_munic": 1181.0, "munic_clus": "101_1181", "munic_code": 101.0, "min": 2.8865382671356201, "max": 2.8865382671356201, "mean": 2.8865383372587314, "count": 17, "std": 7.0123111317599296e-08, "range": 0.0 }, "geometry": { "type": "Polygon", "coordinates": [ [ [ 728400.0, 6173100.0 ], [ 728400.0, 6173200.0 ], [ 728400.0, 6173300.0 ], [ 728500.0, 6173300.0 ], [ 728500.0, 6173400.0 ], [ 728500.0, 6173500.0 ], [ 728600.0, 6173500.0 ], [ 728600.0, 6173400.0 ], [ 728700.0, 6173400.0 ], [ 728800.0, 6173400.0 ], [ 728800.0, 6173300.0 ], [ 728800.0, 6173200.0 ], [ 728800.0, 6173100.0 ], [ 728800.0, 6173000.0 ], [ 728700.0, 6173000.0 ], [ 728700.0, 6172900.0 ], [ 728600.0, 6172900.0 ], [ 728500.0, 6172900.0 ], [ 728500.0, 6173000.0 ], [ 728500.0, 6173100.0 ], [ 728400.0, 6173100.0 ] ] ] } },
{ "type": "Feature", "properties": { "Shape_Area": 120000.0, "Shape_Leng": 1600.0, "cluster_id": "101_1182", "fid_1": 1182.0, "id_munic": 1182.0, "munic_clus": "101_1182", "munic_code": 101.0, "min": 3.7184274196624756, "max": 3.7184274196624756, "mean": 3.7184270222981772, "count": 12, "std": 3.9736429835457443e-07, "range": 0.0 }, "geometry": { "type": "Polygon", "coordinates": [ [ [ 725600.0, 6176600.0 ], [ 725600.0, 6176700.0 ], [ 725700.0, 6176700.0 ], [ 725700.0, 6176800.0 ], [ 725700.0, 6176900.0 ], [ 725700.0, 6177000.0 ], [ 725800.0, 6177000.0 ], [ 725900.0, 6177000.0 ], [ 725900.0, 6176900.0 ], [ 725900.0, 6176800.0 ], [ 725900.0, 6176700.0 ], [ 725900.0, 6176600.0 ], [ 725900.0, 6176500.0 ], [ 725800.0, 6176500.0 ], [ 725700.0, 6176500.0 ], [ 725600.0, 6176500.0 ], [ 725600.0, 6176600.0 ] ] ] } },
{ "type": "Feature", "properties": { "Shape_Area": 110000.0, "Shape_Leng": 1400.0, "cluster_id": "101_1183", "fid_1": 1183.0, "id_munic": 1183.0, "munic_clus": "101_1183", "munic_code": 101.0, "min": 2.8262250423431396, "max": 2.8262250423431396, "mean": 2.8262251073663887, "count": 11, "std": 6.5023249007367667e-08, "range": 0.0 }, "geometry": { "type": "Polygon", "coordinates": [ [ [ 726900.0, 6172000.0 ], [ 726800.0, 6172000.0 ], [ 726700.0, 6172000.0 ], [ 726700.0, 6172100.0 ], [ 726700.0, 6172200.0 ], [ 726700.0, 6172300.0 ], [ 726700.0, 6172400.0 ], [ 726800.0, 6172400.0 ], [ 726900.0, 6172400.0 ], [ 726900.0, 6172300.0 ], [ 727000.0, 6172300.0 ], [ 727000.0, 6172200.0 ], [ 727000.0, 6172100.0 ], [ 727000.0, 6172000.0 ], [ 726900.0, 6172000.0 ] ] ] } },
{ "type": "Feature", "properties": { "Shape_Area": 50000.0, "Shape_Leng": 1000.0, "cluster_id": "101_1184", "fid_1": 1184.0, "id_munic": 1184.0, "munic_clus": "101_1184", "munic_code": 101.0, "min": 3.0033326148986816, "max": 3.0033326148986816, "mean": 3.0033325195312499, "count": 5, "std": 9.5367431729442842e-08, "range": 0.0 }, "geometry": { "type": "Polygon", "coordinates": [ [ [ 723800.0, 6175400.0 ], [ 723800.0, 6175500.0 ], [ 723900.0, 6175500.0 ], [ 724000.0, 6175500.0 ], [ 724000.0, 6175400.0 ], [ 724000.0, 6175300.0 ], [ 723900.0, 6175300.0 ], [ 723800.0, 6175300.0 ], [ 723700.0, 6175300.0 ], [ 723700.0, 6175400.0 ], [ 723800.0, 6175400.0 ] ] ] } },
{ "type": "Feature", "properties": { "Shape_Area": 130000.0, "Shape_Leng": 2000.0, "cluster_id": "101_1185", "fid_1": 1185.0, "id_munic": 1185.0, "munic_clus": "101_1185", "munic_code": 101.0, "min": 3.0083308219909668, "max": 3.0083308219909668, "mean": 3.0083307119516225, "count": 13, "std": 1.1003934430320328e-07, "range": 0.0 }, "geometry": { "type": "Polygon", "coordinates": [ [ [ 719800.0, 6172500.0 ], [ 719700.0, 6172500.0 ], [ 719700.0, 6172600.0 ], [ 719700.0, 6172700.0 ], [ 719700.0, 6172800.0 ], [ 719600.0, 6172800.0 ], [ 719600.0, 6172900.0 ], [ 719700.0, 6172900.0 ], [ 719800.0, 6172900.0 ], [ 719800.0, 6172800.0 ], [ 719900.0, 6172800.0 ], [ 719900.0, 6172700.0 ], [ 720000.0, 6172700.0 ], [ 720100.0, 6172700.0 ], [ 720100.0, 6172600.0 ], [ 720100.0, 6172500.0 ], [ 720000.0, 6172500.0 ], [ 719900.0, 6172500.0 ], [ 719900.0, 6172400.0 ], [ 719800.0, 6172400.0 ], [ 719800.0, 6172500.0 ] ] ] } },
{ "type": "Feature", "properties": { "Shape_Area": 150000.0, "Shape_Leng": 1800.0, "cluster_id": "101_1186", "fid_1": 1186.0, "id_munic": 1186.0, "munic_clus": "101_1186", "munic_code": 101.0, "min": 2.5726428031921387, "max": 2.5726428031921387, "mean": 2.5726427714029949, "count": 15, "std": 3.1789143761784544e-08, "range": 0.0 }, "geometry": { "type": "Polygon", "coordinates": [ [ [ 722200.0, 6178600.0 ], [ 722100.0, 6178600.0 ], [ 722100.0, 6178700.0 ], [ 722000.0, 6178700.0 ], [ 722000.0, 6178800.0 ], [ 721900.0, 6178800.0 ], [ 721900.0, 6178900.0 ], [ 722000.0, 6178900.0 ], [ 722000.0, 6179000.0 ], [ 722000.0, 6179100.0 ], [ 722100.0, 6179100.0 ], [ 722200.0, 6179100.0 ], [ 722300.0, 6179100.0 ], [ 722300.0, 6179000.0 ], [ 722300.0, 6178900.0 ], [ 722300.0, 6178800.0 ], [ 722300.0, 6178700.0 ], [ 722300.0, 6178600.0 ], [ 722200.0, 6178600.0 ] ] ] } },
{ "type": "Feature", "properties": { "Shape_Area": 230000.0, "Shape_Leng": 2600.0, "cluster_id": "101_1187", "fid_1": 1187.0, "id_munic": 1187.0, "munic_clus": "101_1187", "munic_code": 101.0, "min": 3.2819061279296875, "max": 3.2819061279296875, "mean": 3.2819061279296875, "count": 23, "std": 0.0, "range": 0.0 }, "geometry": { "type": "Polygon", "coordinates": [ [ [ 717600.0, 6179600.0 ], [ 717600.0, 6179700.0 ], [ 717600.0, 6179800.0 ], [ 717500.0, 6179800.0 ], [ 717400.0, 6179800.0 ], [ 717400.0, 6179900.0 ], [ 717500.0, 6179900.0 ], [ 717500.0, 6180000.0 ], [ 717600.0, 6180000.0 ], [ 717700.0, 6180000.0 ], [ 717700.0, 6180100.0 ], [ 717800.0, 6180100.0 ], [ 717900.0, 6180100.0 ], [ 717900.0, 6180000.0 ], [ 717900.0, 6179900.0 ], [ 717900.0, 6179800.0 ], [ 717900.0, 6179700.0 ], [ 717900.0, 6179600.0 ], [ 717900.0, 6179500.0 ], [ 717800.0, 6179500.0 ], [ 717800.0, 6179400.0 ], [ 717700.0, 6179400.0 ], [ 717600.0, 6179400.0 ], [ 717500.0, 6179400.0 ], [ 717500.0, 6179500.0 ], [ 717600.0, 6179500.0 ], [ 717600.0, 6179600.0 ] ] ] } },
{ "type": "Feature", "properties": { "Shape_Area": 80000.0, "Shape_Leng": 1400.0, "cluster_id": "101_1188", "fid_1": 1188.0, "id_munic": 1188.0, "munic_clus": "101_1188", "munic_code": 101.0, "min": 2.829890251159668, "max": 2.829890251159668, "mean": 2.829890251159668, "count": 8, "std": 0.0, "range": 0.0 }, "geometry": { "type": "Polygon", "coordinates": [ [ [ 727800.0, 6172600.0 ], [ 727800.0, 6172700.0 ], [ 727700.0, 6172700.0 ], [ 727700.0, 6172800.0 ], [ 727700.0, 6172900.0 ], [ 727600.0, 6172900.0 ], [ 727600.0, 6173000.0 ], [ 727700.0, 6173000.0 ], [ 727800.0, 6173000.0 ], [ 727900.0, 6173000.0 ], [ 727900.0, 6172900.0 ], [ 727900.0, 6172800.0 ], [ 727900.0, 6172700.0 ], [ 727900.0, 6172600.0 ], [ 727800.0, 6172600.0 ] ] ] } },
{ "type": "Feature", "properties": { "Shape_Area": 80000.0, "Shape_Leng": 1400.0, "cluster_id": "101_1189", "fid_1": 1189.0, "id_munic": 1189.0, "munic_clus": "101_1189", "munic_code": 101.0, "min": 2.9400200843811035, "max": 2.9400200843811035, "mean": 2.9400200843811035, "count": 8, "std": 0.0, "range": 0.0 }, "geometry": { "type": "Polygon", "coordinates": [ [ [ 724500.0, 6176200.0 ], [ 724400.0, 6176200.0 ], [ 724400.0, 6176300.0 ], [ 724400.0, 6176400.0 ], [ 724400.0, 6176500.0 ], [ 724500.0, 6176500.0 ], [ 724600.0, 6176500.0 ], [ 724600.0, 6176400.0 ], [ 724600.0, 6176300.0 ], [ 724700.0, 6176300.0 ], [ 724700.0, 6176200.0 ], [ 724700.0, 6176100.0 ], [ 724600.0, 6176100.0 ], [ 724600.0, 6176200.0 ], [ 724500.0, 6176200.0 ] ] ] } },
{ "type": "Feature", "properties": { "Shape_Area": 200000.0, "Shape_Leng": 2600.0, "cluster_id": "101_1190", "fid_1": 1190.0, "id_munic": 1190.0, "munic_clus": "101_1190", "munic_code": 101.0, "min": 2.957514762878418, "max": 2.957514762878418, "mean": 2.9575149536132814, "count": 20, "std": 1.9073486345888568e-07, "range": 0.0 }, "geometry": { "type": "Polygon", "coordinates": [ [ [ 719100.0, 6176800.0 ], [ 719100.0, 6176900.0 ], [ 719000.0, 6176900.0 ], [ 718900.0, 6176900.0 ], [ 718800.0, 6176900.0 ], [ 718800.0, 6177000.0 ], [ 718800.0, 6177100.0 ], [ 718800.0, 6177200.0 ], [ 718900.0, 6177200.0 ], [ 718900.0, 6177300.0 ], [ 719000.0, 6177300.0 ], [ 719000.0, 6177200.0 ], [ 719100.0, 6177200.0 ], [ 719100.0, 6177100.0 ], [ 719200.0, 6177100.0 ], [ 719200.0, 6177000.0 ], [ 719200.0, 6176900.0 ], [ 719300.0, 6176900.0 ], [ 719400.0, 6176900.0 ], [ 719400.0, 6176800.0 ], [ 719400.0, 6176700.0 ], [ 719400.0, 6176600.0 ], [ 719300.0, 6176600.0 ], [ 719200.0, 6176600.0 ], [ 719200.0, 6176700.0 ], [ 719100.0, 6176700.0 ], [ 719100.0, 6176800.0 ] ] ] } },
{ "type": "Feature", "properties": { "Shape_Area": 150000.0, "Shape_Leng": 1800.0, "cluster_id": "101_1191", "fid_1": 1191.0, "id_munic": 1191.0, "munic_clus": "101_1191", "munic_code": 101.0, "min": 3.1492841243743896, "max": 3.1492841243743896, "mean": 3.1492841084798178, "count": 15, "std": 1.5894571880892272e-08, "range": 0.0 }, "geometry": { "type": "Polygon", "coordinates": [ [ [ 723000.0, 6177000.0 ], [ 723000.0, 6177100.0 ], [ 723000.0, 6177200.0 ], [ 723000.0, 6177300.0 ], [ 723000.0, 6177400.0 ], [ 723100.0, 6177400.0 ], [ 723100.0, 6177500.0 ], [ 723200.0, 6177500.0 ], [ 723300.0, 6177500.0 ], [ 723300.0, 6177400.0 ], [ 723400.0, 6177400.0 ], [ 723400.0, 6177300.0 ], [ 723300.0, 6177300.0 ], [ 723300.0, 6177200.0 ], [ 723300.0, 6177100.0 ], [ 723300.0, 6177000.0 ], [ 723200.0, 6177000.0 ], [ 723100.0, 6177000.0 ], [ 723000.0, 6177000.0 ] ] ] } },
{ "type": "Feature", "properties": { "Shape_Area": 130000.0, "Shape_Leng": 1800.0, "cluster_id": "101_1192", "fid_1": 1192.0, "id_munic": 1192.0, "munic_clus": "101_1192", "munic_code": 101.0, "min": 3.6399540901184082, "max": 3.6399540901184082, "mean": 3.6399542001577525, "count": 13, "std": 1.1003934430320328e-07, "range": 0.0 }, "geometry": { "type": "Polygon", "coordinates": [ [ [ 723100.0, 6179100.0 ], [ 723100.0, 6179200.0 ], [ 723100.0, 6179300.0 ], [ 723000.0, 6179300.0 ], [ 723000.0, 6179400.0 ], [ 723100.0, 6179400.0 ], [ 723100.0, 6179500.0 ], [ 723200.0, 6179500.0 ], [ 723200.0, 6179600.0 ], [ 723300.0, 6179600.0 ], [ 723300.0, 6179500.0 ], [ 723400.0, 6179500.0 ], [ 723400.0, 6179400.0 ], [ 723400.0, 6179300.0 ], [ 723400.0, 6179200.0 ], [ 723300.0, 6179200.0 ], [ 723300.0, 6179100.0 ], [ 723200.0, 6179100.0 ], [ 723100.0, 6179100.0 ] ] ] } },
{ "type": "Feature", "properties": { "Shape_Area": 50000.0, "Shape_Leng": 1000.0, "cluster_id": "101_1193", "fid_1": 1193.0, "id_munic": 1193.0, "munic_clus": "101_1193", "munic_code": 101.0, "min": 2.4210267066955566, "max": 2.4210267066955566, "mean": 2.4210266113281249, "count": 5, "std": 9.5367431729442842e-08, "range": 0.0 }, "geometry": { "type": "Polygon", "coordinates": [ [ [ 723600.0, 6179400.0 ], [ 723600.0, 6179300.0 ], [ 723600.0, 6179200.0 ], [ 723500.0, 6179200.0 ], [ 723400.0, 6179200.0 ], [ 723400.0, 6179300.0 ], [ 723400.0, 6179400.0 ], [ 723400.0, 6179500.0 ], [ 723500.0, 6179500.0 ], [ 723500.0, 6179400.0 ], [ 723600.0, 6179400.0 ] ] ] } },
{ "type": "Feature", "properties": { "Shape_Area": 40000.0, "Shape_Leng": 1000.0, "cluster_id": "101_1194", "fid_1": 1194.0, "id_munic": 1194.0, "munic_clus": "101_1194", "munic_code": 101.0, "min": 3.469843864440918, "max": 3.469843864440918, "mean": 3.469843864440918, "count": 4, "std": 0.0, "range": 0.0 }, "geometry": { "type": "Polygon", "coordinates": [ [ [ 721600.0, 6178200.0 ], [ 721600.0, 6178300.0 ], [ 721600.0, 6178400.0 ], [ 721700.0, 6178400.0 ], [ 721700.0, 6178300.0 ], [ 721700.0, 6178200.0 ], [ 721700.0, 6178100.0 ], [ 721600.0, 6178100.0 ], [ 721500.0, 6178100.0 ], [ 721500.0, 6178200.0 ], [ 721600.0, 6178200.0 ] ] ] } },
{ "type": "Feature", "properties": { "Shape_Area": 140000.0, "Shape_Leng": 1800.0, "cluster_id": "101_1195", "fid_1": 1195.0, "id_munic": 1195.0, "munic_clus": "101_1195", "munic_code": 101.0, "min": 2.9528493881225586, "max": 2.9528493881225586, "mean": 2.9528495243617465, "count": 14, "std": 1.3623918793115306e-07, "range": 0.0 }, "geometry": { "type": "Polygon", "coordinates": [ [ [ 720600.0, 6178600.0 ], [ 720700.0, 6178600.0 ], [ 720700.0, 6178500.0 ], [ 720600.0, 6178500.0 ], [ 720600.0, 6178400.0 ], [ 720600.0, 6178300.0 ], [ 720500.0, 6178300.0 ], [ 720400.0, 6178300.0 ], [ 720400.0, 6178400.0 ], [ 720400.0, 6178500.0 ], [ 720300.0, 6178500.0 ], [ 720300.0, 6178600.0 ], [ 720300.0, 6178700.0 ], [ 720300.0, 6178800.0 ], [ 720400.0, 6178800.0 ], [ 720500.0, 6178800.0 ], [ 720600.0, 6178800.0 ], [ 720600.0, 6178700.0 ], [ 720600.0, 6178600.0 ] ] ] } },
{ "type": "Feature", "properties": { "Shape_Area": 80000.0, "Shape_Leng": 1400.0, "cluster_id": "101_1196", "fid_1": 1196.0, "id_munic": 1196.0, "munic_clus": "101_1196", "munic_code": 101.0, "min": 2.645451545715332, "max": 2.645451545715332, "mean": 2.645451545715332, "count": 8, "std": 0.0, "range": 0.0 }, "geometry": { "type": "Polygon", "coordinates": [ [ [ 721100.0, 6178300.0 ], [ 721200.0, 6178300.0 ], [ 721200.0, 6178400.0 ], [ 721200.0, 6178500.0 ], [ 721300.0, 6178500.0 ], [ 721300.0, 6178400.0 ], [ 721400.0, 6178400.0 ], [ 721400.0, 6178300.0 ], [ 721400.0, 6178200.0 ], [ 721300.0, 6178200.0 ], [ 721300.0, 6178100.0 ], [ 721200.0, 6178100.0 ], [ 721100.0, 6178100.0 ], [ 721100.0, 6178200.0 ], [ 721100.0, 6178300.0 ] ] ] } },
{ "type": "Feature", "properties": { "Shape_Area": 100000.0, "Shape_Leng": 1600.0, "cluster_id": "101_1197", "fid_1": 1197.0, "id_munic": 1197.0, "munic_clus": "101_1197", "munic_code": 101.0, "min": 3.0609798431396484, "max": 3.0609798431396484, "mean": 3.0609798431396484, "count": 10, "std": 0.0, "range": 0.0 }, "geometry": { "type": "Polygon", "coordinates": [ [ [ 727500.0, 6173600.0 ], [ 727500.0, 6173700.0 ], [ 727500.0, 6173800.0 ], [ 727600.0, 6173800.0 ], [ 727700.0, 6173800.0 ], [ 727800.0, 6173800.0 ], [ 727800.0, 6173700.0 ], [ 727900.0, 6173700.0 ], [ 727900.0, 6173600.0 ], [ 727800.0, 6173600.0 ], [ 727700.0, 6173600.0 ], [ 727700.0, 6173500.0 ], [ 727600.0, 6173500.0 ], [ 727500.0, 6173500.0 ], [ 727400.0, 6173500.0 ], [ 727400.0, 6173600.0 ], [ 727500.0, 6173600.0 ] ] ] } },
{ "type": "Feature", "properties": { "Shape_Area": 90000.0, "Shape_Leng": 1400.0, "cluster_id": "101_1198", "fid_1": 1198.0, "id_munic": 1198.0, "munic_clus": "101_1198", "munic_code": 101.0, "min": 3.2762415409088135, "max": 3.2762415409088135, "mean": 3.27624151441786, "count": 9, "std": 2.6490953430879927e-08, "range": 0.0 }, "geometry": { "type": "Polygon", "coordinates": [ [ [ 725600.0, 6176700.0 ], [ 725600.0, 6176600.0 ], [ 725600.0, 6176500.0 ], [ 725500.0, 6176500.0 ], [ 725500.0, 6176400.0 ], [ 725400.0, 6176400.0 ], [ 725400.0, 6176500.0 ], [ 725300.0, 6176500.0 ], [ 725200.0, 6176500.0 ], [ 725200.0, 6176600.0 ], [ 725200.0, 6176700.0 ], [ 725300.0, 6176700.0 ], [ 725400.0, 6176700.0 ], [ 725500.0, 6176700.0 ], [ 725600.0, 6176700.0 ] ] ] } },
{ "type": "Feature", "properties": { "Shape_Area": 50000.0, "Shape_Leng": 1000.0, "cluster_id": "101_1199", "fid_1": 1199.0, "id_munic": 1199.0, "munic_clus": "101_1199", "munic_code": 101.0, "min": 3.3922030925750732, "max": 3.3922030925750732, "mean": 3.3922031402587889, "count": 5, "std": 4.7683715642676816e-08, "range": 0.0 }, "geometry": { "type": "Polygon", "coordinates": [ [ [ 721600.0, 6179000.0 ], [ 721700.0, 6179000.0 ], [ 721700.0, 6179100.0 ], [ 721800.0, 6179100.0 ], [ 721900.0, 6179100.0 ], [ 721900.0, 6179000.0 ], [ 721900.0, 6178900.0 ], [ 721800.0, 6178900.0 ], [ 721700.0, 6178900.0 ], [ 721600.0, 6178900.0 ], [ 721600.0, 6179000.0 ] ] ] } },
{ "type": "Feature", "properties": { "Shape_Area": 270000.0, "Shape_Leng": 3200.0, "cluster_id": "101_1200", "fid_1": 1200.0, "id_munic": 1200.0, "munic_clus": "101_1200", "munic_code": 101.0, "min": 2.9298567771911621, "max": 2.9298567771911621, "mean": 2.9298570421006946, "count": 27, "std": 2.6490953253244243e-07, "range": 0.0 }, "geometry": { "type": "Polygon", "coordinates": [ [ [ 724600.0, 6174900.0 ], [ 724600.0, 6175000.0 ], [ 724500.0, 6175000.0 ], [ 724500.0, 6175100.0 ], [ 724600.0, 6175100.0 ], [ 724600.0, 6175200.0 ], [ 724600.0, 6175300.0 ], [ 724700.0, 6175300.0 ], [ 724800.0, 6175300.0 ], [ 724800.0, 6175400.0 ], [ 724700.0, 6175400.0 ], [ 724700.0, 6175500.0 ], [ 724800.0, 6175500.0 ], [ 724800.0, 6175600.0 ], [ 724900.0, 6175600.0 ], [ 725000.0, 6175600.0 ], [ 725000.0, 6175500.0 ], [ 725100.0, 6175500.0 ], [ 725100.0, 6175400.0 ], [ 725200.0, 6175400.0 ], [ 725200.0, 6175300.0 ], [ 725100.0, 6175300.0 ], [ 725100.0, 6175200.0 ], [ 725100.0, 6175100.0 ], [ 725100.0, 6175000.0 ], [ 725000.0, 6175000.0 ], [ 725000.0, 6175100.0 ], [ 724900.0, 6175100.0 ], [ 724900.0, 6175000.0 ], [ 724800.0, 6175000.0 ], [ 724800.0, 6174900.0 ], [ 724700.0, 6174900.0 ], [ 724600.0, 6174900.0 ] ] ] } },
{ "type": "Feature", "properties": { "Shape_Area": 120000.0, "Shape_Leng": 1600.0, "cluster_id": "101_1201", "fid_1": 1201.0, "id_munic": 1201.0, "munic_clus": "101_1201", "munic_code": 101.0, "min": 3.2584142684936523, "max": 3.2584142684936523, "mean": 3.2584142684936523, "count": 12, "std": 0.0, "range": 0.0 }, "geometry": { "type": "Polygon", "coordinates": [ [ [ 720800.0, 6179200.0 ], [ 720700.0, 6179200.0 ], [ 720600.0, 6179200.0 ], [ 720500.0, 6179200.0 ], [ 720500.0, 6179300.0 ], [ 720500.0, 6179400.0 ], [ 720600.0, 6179400.0 ], [ 720600.0, 6179500.0 ], [ 720600.0, 6179600.0 ], [ 720700.0, 6179600.0 ], [ 720800.0, 6179600.0 ], [ 720800.0, 6179500.0 ], [ 720900.0, 6179500.0 ], [ 720900.0, 6179400.0 ], [ 720900.0, 6179300.0 ], [ 720800.0, 6179300.0 ], [ 720800.0, 6179200.0 ] ] ] } },
{ "type": "Feature", "properties": { "Shape_Area": 420000.0, "Shape_Leng": 3600.0, "cluster_id": "101_1202", "fid_1": 1202.0, "id_munic": 1202.0, "munic_clus": "101_1202", "munic_code": 101.0, "min": 3.6996004581451416, "max": 3.6996004581451416, "mean": 3.6996005830310641, "count": 42, "std": 1.2488592249226826e-07, "range": 0.0 }, "geometry": { "type": "Polygon", "coordinates": [ [ [ 727900.0, 6174200.0 ], [ 728000.0, 6174200.0 ], [ 728000.0, 6174300.0 ], [ 728000.0, 6174400.0 ], [ 728100.0, 6174400.0 ], [ 728200.0, 6174400.0 ], [ 728300.0, 6174400.0 ], [ 728300.0, 6174500.0 ], [ 728400.0, 6174500.0 ], [ 728400.0, 6174400.0 ], [ 728500.0, 6174400.0 ], [ 728600.0, 6174400.0 ], [ 728700.0, 6174400.0 ], [ 728700.0, 6174300.0 ], [ 728800.0, 6174300.0 ], [ 728800.0, 6174200.0 ], [ 728800.0, 6174100.0 ], [ 728900.0, 6174100.0 ], [ 728900.0, 6174000.0 ], [ 728800.0, 6174000.0 ], [ 728800.0, 6173900.0 ], [ 728700.0, 6173900.0 ], [ 728600.0, 6173900.0 ], [ 728500.0, 6173900.0 ], [ 728500.0, 6173800.0 ], [ 728400.0, 6173800.0 ], [ 728300.0, 6173800.0 ], [ 728300.0, 6173900.0 ], [ 728200.0, 6173900.0 ], [ 728200.0, 6174000.0 ], [ 728100.0, 6174000.0 ], [ 728100.0, 6174100.0 ], [ 728000.0, 6174100.0 ], [ 727900.0, 6174100.0 ], [ 727800.0, 6174100.0 ], [ 727800.0, 6174200.0 ], [ 727900.0, 6174200.0 ] ] ] } },
{ "type": "Feature", "properties": { "Shape_Area": 220000.0, "Shape_Leng": 2600.0, "cluster_id": "101_1204", "fid_1": 1204.0, "id_munic": 1204.0, "munic_clus": "101_1204", "munic_code": 101.0, "min": 2.8697102069854736, "max": 2.8697102069854736, "mean": 2.8697100552645596, "count": 22, "std": 1.5172091405446508e-07, "range": 0.0 }, "geometry": { "type": "Polygon", "coordinates": [ [ [ 720000.0, 6178100.0 ], [ 720100.0, 6178100.0 ], [ 720200.0, 6178100.0 ], [ 720300.0, 6178100.0 ], [ 720300.0, 6178200.0 ], [ 720300.0, 6178300.0 ], [ 720400.0, 6178300.0 ], [ 720500.0, 6178300.0 ], [ 720600.0, 6178300.0 ], [ 720700.0, 6178300.0 ], [ 720700.0, 6178200.0 ], [ 720700.0, 6178100.0 ], [ 720700.0, 6178000.0 ], [ 720800.0, 6178000.0 ], [ 720800.0, 6177900.0 ], [ 720700.0, 6177900.0 ], [ 720600.0, 6177900.0 ], [ 720500.0, 6177900.0 ], [ 720500.0, 6177800.0 ], [ 720400.0, 6177800.0 ], [ 720400.0, 6177900.0 ], [ 720300.0, 6177900.0 ], [ 720200.0, 6177900.0 ], [ 720200.0, 6178000.0 ], [ 720100.0, 6178000.0 ], [ 720000.0, 6178000.0 ], [ 720000.0, 6178100.0 ] ] ] } },
{ "type": "Feature", "properties": { "Shape_Area": 380000.0, "Shape_Leng": 3400.0, "cluster_id": "101_1206", "fid_1": 1206.0, "id_munic": 1206.0, "munic_clus": "101_1206", "munic_code": 101.0, "min": 3.0381538867950439, "max": 3.0381538867950439, "mean": 3.0381537989566199, "count": 38, "std": 8.7838424089881086e-08, "range": 0.0 }, "geometry": { "type": "Polygon", "coordinates": [ [ [ 725500.0, 6175400.0 ], [ 725400.0, 6175400.0 ], [ 725300.0, 6175400.0 ], [ 725200.0, 6175400.0 ], [ 725100.0, 6175400.0 ], [ 725100.0, 6175500.0 ], [ 725000.0, 6175500.0 ], [ 725000.0, 6175600.0 ], [ 724900.0, 6175600.0 ], [ 724900.0, 6175700.0 ], [ 724800.0, 6175700.0 ], [ 724800.0, 6175800.0 ], [ 724800.0, 6175900.0 ], [ 724900.0, 6175900.0 ], [ 725000.0, 6175900.0 ], [ 725000.0, 6176000.0 ], [ 725100.0, 6176000.0 ], [ 725200.0, 6176000.0 ], [ 725200.0, 6175900.0 ], [ 725300.0, 6175900.0 ], [ 725300.0, 6175800.0 ], [ 725400.0, 6175800.0 ], [ 725500.0, 6175800.0 ], [ 725600.0, 6175800.0 ], [ 725600.0, 6175700.0 ], [ 725600.0, 6175600.0 ], [ 725700.0, 6175600.0 ], [ 725700.0, 6175500.0 ], [ 725800.0, 6175500.0 ], [ 725800.0, 6175400.0 ], [ 725700.0, 6175400.0 ], [ 725700.0, 6175300.0 ], [ 725600.0, 6175300.0 ], [ 725500.0, 6175300.0 ], [ 725500.0, 6175400.0 ] ] ] } },
{ "type": "Feature", "properties": { "Shape_Area": 320000.0, "Shape_Leng": 2800.0, "cluster_id": "101_1207", "fid_1": 1207.0, "id_munic": 1207.0, "munic_clus": "101_1207", "munic_code": 101.0, "min": 2.5771410465240479, "max": 2.5771410465240479, "mean": 2.5771410465240479, "count": 32, "std": 0.0, "range": 0.0 }, "geometry": { "type": "Polygon", "coordinates": [ [ [ 726400.0, 6172700.0 ], [ 726400.0, 6172800.0 ], [ 726400.0, 6172900.0 ], [ 726400.0, 6173000.0 ], [ 726500.0, 6173000.0 ], [ 726500.0, 6173100.0 ], [ 726500.0, 6173200.0 ], [ 726500.0, 6173300.0 ], [ 726600.0, 6173300.0 ], [ 726700.0, 6173300.0 ], [ 726700.0, 6173200.0 ], [ 726800.0, 6173200.0 ], [ 726900.0, 6173200.0 ], [ 726900.0, 6173100.0 ], [ 726900.0, 6173000.0 ], [ 727000.0, 6173000.0 ], [ 727100.0, 6173000.0 ], [ 727100.0, 6172900.0 ], [ 727100.0, 6172800.0 ], [ 727000.0, 6172800.0 ], [ 726900.0, 6172800.0 ], [ 726800.0, 6172800.0 ], [ 726800.0, 6172700.0 ], [ 726800.0, 6172600.0 ], [ 726700.0, 6172600.0 ], [ 726600.0, 6172600.0 ], [ 726500.0, 6172600.0 ], [ 726400.0, 6172600.0 ], [ 726400.0, 6172700.0 ] ] ] } },
{ "type": "Feature", "properties": { "Shape_Area": 100000.0, "Shape_Leng": 1600.0, "cluster_id": "147_1", "fid_1": 1209.0, "id_munic": 1.0, "munic_clus": "147_1", "munic_code": 147.0, "min": 3.1008002758026123, "max": 3.1008002758026123, "mean": 3.1008003234863279, "count": 10, "std": 4.7683715642676816e-08, "range": 0.0 }, "geometry": { "type": "Polygon", "coordinates": [ [ [ 721200.0, 6176400.0 ], [ 721100.0, 6176400.0 ], [ 721000.0, 6176400.0 ], [ 720900.0, 6176400.0 ], [ 720900.0, 6176500.0 ], [ 720800.0, 6176500.0 ], [ 720800.0, 6176600.0 ], [ 720900.0, 6176600.0 ], [ 720900.0, 6176700.0 ], [ 720900.0, 6176800.0 ], [ 721000.0, 6176800.0 ], [ 721000.0, 6176700.0 ], [ 721100.0, 6176700.0 ], [ 721100.0, 6176600.0 ], [ 721200.0, 6176600.0 ], [ 721200.0, 6176500.0 ], [ 721200.0, 6176400.0 ] ] ] } },
{ "type": "Feature", "properties": { "Shape_Area": 10000.0, "Shape_Leng": 400.0, "cluster_id": "147_2", "fid_1": 1210.0, "id_munic": 2.0, "munic_clus": "147_2", "munic_code": 147.0, "min": 3.4348552227020264, "max": 3.4348552227020264, "mean": 3.4348552227020264, "count": 1, "std": 0.0, "range": 0.0 }, "geometry": { "type": "Polygon", "coordinates": [ [ [ 722100.0, 6175000.0 ], [ 722100.0, 6175100.0 ], [ 722200.0, 6175100.0 ], [ 722200.0, 6175000.0 ], [ 722100.0, 6175000.0 ] ] ] } },
{ "type": "Feature", "properties": { "Shape_Area": 40000.0, "Shape_Leng": 1000.0, "cluster_id": "147_3", "fid_1": 1211.0, "id_munic": 3.0, "munic_clus": "147_3", "munic_code": 147.0, "min": 2.7640786170959473, "max": 2.7640786170959473, "mean": 2.7640786170959473, "count": 4, "std": 0.0, "range": 0.0 }, "geometry": { "type": "Polygon", "coordinates": [ [ [ 722200.0, 6174900.0 ], [ 722200.0, 6174800.0 ], [ 722100.0, 6174800.0 ], [ 722000.0, 6174800.0 ], [ 722000.0, 6174900.0 ], [ 722000.0, 6175000.0 ], [ 722000.0, 6175100.0 ], [ 722100.0, 6175100.0 ], [ 722100.0, 6175000.0 ], [ 722100.0, 6174900.0 ], [ 722200.0, 6174900.0 ] ] ] } },
{ "type": "Feature", "properties": { "Shape_Area": 50000.0, "Shape_Leng": 1200.0, "cluster_id": "147_4", "fid_1": 1212.0, "id_munic": 4.0, "munic_clus": "147_4", "munic_code": 147.0, "min": 2.418694019317627, "max": 2.418694019317627, "mean": 2.4186939239501952, "count": 5, "std": 9.5367431729442842e-08, "range": 0.0 }, "geometry": { "type": "Polygon", "coordinates": [ [ [ 722200.0, 6175000.0 ], [ 722200.0, 6175100.0 ], [ 722300.0, 6175100.0 ], [ 722400.0, 6175100.0 ], [ 722500.0, 6175100.0 ], [ 722500.0, 6175000.0 ], [ 722400.0, 6175000.0 ], [ 722300.0, 6175000.0 ], [ 722300.0, 6174900.0 ], [ 722200.0, 6174900.0 ], [ 722100.0, 6174900.0 ], [ 722100.0, 6175000.0 ], [ 722200.0, 6175000.0 ] ] ] } },
{ "type": "Feature", "properties": { "Shape_Area": 10000.0, "Shape_Leng": 400.0, "cluster_id": "147_5", "fid_1": 1213.0, "id_munic": 5.0, "munic_clus": "147_5", "munic_code": 147.0, "min": 2.790569543838501, "max": 2.790569543838501, "mean": 2.790569543838501, "count": 1, "std": 0.0, "range": 0.0 }, "geometry": { "type": "Polygon", "coordinates": [ [ [ 721400.0, 6174600.0 ], [ 721400.0, 6174700.0 ], [ 721500.0, 6174700.0 ], [ 721500.0, 6174600.0 ], [ 721400.0, 6174600.0 ] ] ] } },
{ "type": "Feature", "properties": { "Shape_Area": 10000.0, "Shape_Leng": 400.0, "cluster_id": "147_6", "fid_1": 1214.0, "id_munic": 6.0, "munic_clus": "147_6", "munic_code": 147.0, "min": 3.7399203777313232, "max": 3.7399203777313232, "mean": 3.7399203777313232, "count": 1, "std": 0.0, "range": 0.0 }, "geometry": { "type": "Polygon", "coordinates": [ [ [ 720400.0, 6175400.0 ], [ 720400.0, 6175500.0 ], [ 720500.0, 6175500.0 ], [ 720500.0, 6175400.0 ], [ 720400.0, 6175400.0 ] ] ] } },
{ "type": "Feature", "properties": { "Shape_Area": 80000.0, "Shape_Leng": 1400.0, "cluster_id": "147_7", "fid_1": 1215.0, "id_munic": 7.0, "munic_clus": "147_7", "munic_code": 147.0, "min": 2.2532491683959961, "max": 2.2532491683959961, "mean": 2.2532491683959961, "count": 8, "std": 0.0, "range": 0.0 }, "geometry": { "type": "Polygon", "coordinates": [ [ [ 720400.0, 6175500.0 ], [ 720300.0, 6175500.0 ], [ 720300.0, 6175600.0 ], [ 720300.0, 6175700.0 ], [ 720200.0, 6175700.0 ], [ 720200.0, 6175800.0 ], [ 720200.0, 6175900.0 ], [ 720300.0, 6175900.0 ], [ 720400.0, 6175900.0 ], [ 720400.0, 6175800.0 ], [ 720400.0, 6175700.0 ], [ 720500.0, 6175700.0 ], [ 720500.0, 6175600.0 ], [ 720500.0, 6175500.0 ], [ 720400.0, 6175500.0 ] ] ] } },
{ "type": "Feature", "properties": { "Shape_Area": 10000.0, "Shape_Leng": 400.0, "cluster_id": "147_8", "fid_1": 1216.0, "id_munic": 8.0, "munic_clus": "147_8", "munic_code": 147.0, "min": 3.1292905807495117, "max": 3.1292905807495117, "mean": 3.1292905807495117, "count": 1, "std": 0.0, "range": 0.0 }, "geometry": { "type": "Polygon", "coordinates": [ [ [ 720400.0, 6175300.0 ], [ 720400.0, 6175400.0 ], [ 720500.0, 6175400.0 ], [ 720500.0, 6175300.0 ], [ 720400.0, 6175300.0 ] ] ] } },
{ "type": "Feature", "properties": { "Shape_Area": 80000.0, "Shape_Leng": 1400.0, "cluster_id": "147_9", "fid_1": 1217.0, "id_munic": 9.0, "munic_clus": "147_9", "munic_code": 147.0, "min": 3.1517829895019531, "max": 3.1517829895019531, "mean": 3.1517829895019531, "count": 8, "std": 0.0, "range": 0.0 }, "geometry": { "type": "Polygon", "coordinates": [ [ [ 720500.0, 6175300.0 ], [ 720500.0, 6175200.0 ], [ 720400.0, 6175200.0 ], [ 720300.0, 6175200.0 ], [ 720200.0, 6175200.0 ], [ 720200.0, 6175300.0 ], [ 720200.0, 6175400.0 ], [ 720100.0, 6175400.0 ], [ 720100.0, 6175500.0 ], [ 720200.0, 6175500.0 ], [ 720300.0, 6175500.0 ], [ 720400.0, 6175500.0 ], [ 720400.0, 6175400.0 ], [ 720400.0, 6175300.0 ], [ 720500.0, 6175300.0 ] ] ] } },
{ "type": "Feature", "properties": { "Shape_Area": 20000.0, "Shape_Leng": 600.0, "cluster_id": "147_10", "fid_1": 1218.0, "id_munic": 10.0, "munic_clus": "147_10", "munic_code": 147.0, "min": 2.7290909290313721, "max": 2.7290909290313721, "mean": 2.7290909290313721, "count": 2, "std": 0.0, "range": 0.0 }, "geometry": { "type": "Polygon", "coordinates": [ [ [ 722100.0, 6175200.0 ], [ 722100.0, 6175300.0 ], [ 722200.0, 6175300.0 ], [ 722200.0, 6175200.0 ], [ 722200.0, 6175100.0 ], [ 722100.0, 6175100.0 ], [ 722100.0, 6175200.0 ] ] ] } },
{ "type": "Feature", "properties": { "Shape_Area": 40000.0, "Shape_Leng": 800.0, "cluster_id": "147_11", "fid_1": 1219.0, "id_munic": 11.0, "munic_clus": "147_11", "munic_code": 147.0, "min": 3.583139181137085, "max": 3.583139181137085, "mean": 3.583139181137085, "count": 4, "std": 0.0, "range": 0.0 }, "geometry": { "type": "Polygon", "coordinates": [ [ [ 720600.0, 6175700.0 ], [ 720500.0, 6175700.0 ], [ 720400.0, 6175700.0 ], [ 720400.0, 6175800.0 ], [ 720400.0, 6175900.0 ], [ 720500.0, 6175900.0 ], [ 720600.0, 6175900.0 ], [ 720600.0, 6175800.0 ], [ 720600.0, 6175700.0 ] ] ] } },
{ "type": "Feature", "properties": { "Shape_Area": 10000.0, "Shape_Leng": 400.0, "cluster_id": "147_12", "fid_1": 1220.0, "id_munic": 12.0, "munic_clus": "147_12", "munic_code": 147.0, "min": 3.7375874519348145, "max": 3.7375874519348145, "mean": 3.7375874519348145, "count": 1, "std": 0.0, "range": 0.0 }, "geometry": { "type": "Polygon", "coordinates": [ [ [ 720100.0, 6175800.0 ], [ 720100.0, 6175900.0 ], [ 720200.0, 6175900.0 ], [ 720200.0, 6175800.0 ], [ 720100.0, 6175800.0 ] ] ] } },
{ "type": "Feature", "properties": { "Shape_Area": 20000.0, "Shape_Leng": 600.0, "cluster_id": "147_13", "fid_1": 1221.0, "id_munic": 13.0, "munic_clus": "147_13", "munic_code": 147.0, "min": 3.2847385406494141, "max": 3.2847385406494141, "mean": 3.2847385406494141, "count": 2, "std": 0.0, "range": 0.0 }, "geometry": { "type": "Polygon", "coordinates": [ [ [ 720000.0, 6175800.0 ], [ 720000.0, 6175900.0 ], [ 720100.0, 6175900.0 ], [ 720100.0, 6175800.0 ], [ 720100.0, 6175700.0 ], [ 720000.0, 6175700.0 ], [ 720000.0, 6175800.0 ] ] ] } },
{ "type": "Feature", "properties": { "Shape_Area": 20000.0, "Shape_Leng": 600.0, "cluster_id": "147_14", "fid_1": 1222.0, "id_munic": 14.0, "munic_clus": "147_14", "munic_code": 147.0, "min": 2.9261913299560547, "max": 2.9261913299560547, "mean": 2.9261913299560547, "count": 2, "std": 0.0, "range": 0.0 }, "geometry": { "type": "Polygon", "coordinates": [ [ [ 720000.0, 6175300.0 ], [ 720000.0, 6175400.0 ], [ 720100.0, 6175400.0 ], [ 720100.0, 6175300.0 ], [ 720100.0, 6175200.0 ], [ 720000.0, 6175200.0 ], [ 720000.0, 6175300.0 ] ] ] } },
{ "type": "Feature", "properties": { "Shape_Area": 250000.0, "Shape_Leng": 2200.0, "cluster_id": "147_15", "fid_1": 1223.0, "id_munic": 15.0, "munic_clus": "147_15", "munic_code": 147.0, "min": 2.488170862197876, "max": 2.488170862197876, "mean": 2.488170928955078, "count": 25, "std": 6.6757201988565398e-08, "range": 0.0 }, "geometry": { "type": "Polygon", "coordinates": [ [ [ 719600.0, 6175600.0 ], [ 719600.0, 6175700.0 ], [ 719600.0, 6175800.0 ], [ 719700.0, 6175800.0 ], [ 719800.0, 6175800.0 ], [ 719900.0, 6175800.0 ], [ 720000.0, 6175800.0 ], [ 720000.0, 6175700.0 ], [ 720000.0, 6175600.0 ], [ 720000.0, 6175500.0 ], [ 720100.0, 6175500.0 ], [ 720100.0, 6175400.0 ], [ 720000.0, 6175400.0 ], [ 720000.0, 6175300.0 ], [ 720000.0, 6175200.0 ], [ 719900.0, 6175200.0 ], [ 719800.0, 6175200.0 ], [ 719700.0, 6175200.0 ], [ 719600.0, 6175200.0 ], [ 719600.0, 6175300.0 ], [ 719600.0, 6175400.0 ], [ 719600.0, 6175500.0 ], [ 719600.0, 6175600.0 ] ] ] } },
{ "type": "Feature", "properties": { "Shape_Area": 70000.0, "Shape_Leng": 1200.0, "cluster_id": "147_16", "fid_1": 1224.0, "id_munic": 16.0, "munic_clus": "147_16", "munic_code": 147.0, "min": 3.0864715576171875, "max": 3.0864715576171875, "mean": 3.0864715576171875, "count": 7, "std": 0.0, "range": 0.0 }, "geometry": { "type": "Polygon", "coordinates": [ [ [ 720300.0, 6175500.0 ], [ 720200.0, 6175500.0 ], [ 720100.0, 6175500.0 ], [ 720000.0, 6175500.0 ], [ 720000.0, 6175600.0 ], [ 720000.0, 6175700.0 ], [ 720100.0, 6175700.0 ], [ 720100.0, 6175800.0 ], [ 720200.0, 6175800.0 ], [ 720200.0, 6175700.0 ], [ 720300.0, 6175700.0 ], [ 720300.0, 6175600.0 ], [ 720300.0, 6175500.0 ] ] ] } },
{ "type": "Feature", "properties": { "Shape_Area": 10000.0, "Shape_Leng": 400.0, "cluster_id": "147_17", "fid_1": 1225.0, "id_munic": 17.0, "munic_clus": "147_17", "munic_code": 147.0, "min": 2.5911366939544678, "max": 2.5911366939544678, "mean": 2.5911366939544678, "count": 1, "std": 0.0, "range": 0.0 }, "geometry": { "type": "Polygon", "coordinates": [ [ [ 719800.0, 6175800.0 ], [ 719800.0, 6175900.0 ], [ 719900.0, 6175900.0 ], [ 719900.0, 6175800.0 ], [ 719800.0, 6175800.0 ] ] ] } },
{ "type": "Feature", "properties": { "Shape_Area": 10000.0, "Shape_Leng": 400.0, "cluster_id": "147_18", "fid_1": 1226.0, "id_munic": 18.0, "munic_clus": "147_18", "munic_code": 147.0, "min": 3.2400867938995361, "max": 3.2400867938995361, "mean": 3.2400867938995361, "count": 1, "std": 0.0, "range": 0.0 }, "geometry": { "type": "Polygon", "coordinates": [ [ [ 719700.0, 6175800.0 ], [ 719700.0, 6175900.0 ], [ 719800.0, 6175900.0 ], [ 719800.0, 6175800.0 ], [ 719700.0, 6175800.0 ] ] ] } },
{ "type": "Feature", "properties": { "Shape_Area": 10000.0, "Shape_Leng": 400.0, "cluster_id": "147_19", "fid_1": 1227.0, "id_munic": 19.0, "munic_clus": "147_19", "munic_code": 147.0, "min": 2.7914035320281982, "max": 2.7914035320281982, "mean": 2.7914035320281982, "count": 1, "std": 0.0, "range": 0.0 }, "geometry": { "type": "Polygon", "coordinates": [ [ [ 719600.0, 6175800.0 ], [ 719600.0, 6175900.0 ], [ 719700.0, 6175900.0 ], [ 719700.0, 6175800.0 ], [ 719600.0, 6175800.0 ] ] ] } },
{ "type": "Feature", "properties": { "Shape_Area": 20000.0, "Shape_Leng": 600.0, "cluster_id": "147_20", "fid_1": 1228.0, "id_munic": 20.0, "munic_clus": "147_20", "munic_code": 147.0, "min": 2.7569146156311035, "max": 2.7569146156311035, "mean": 2.7569146156311035, "count": 2, "std": 0.0, "range": 0.0 }, "geometry": { "type": "Polygon", "coordinates": [ [ [ 719700.0, 6176000.0 ], [ 719800.0, 6176000.0 ], [ 719900.0, 6176000.0 ], [ 719900.0, 6175900.0 ], [ 719800.0, 6175900.0 ], [ 719700.0, 6175900.0 ], [ 719700.0, 6176000.0 ] ] ] } },
{ "type": "Feature", "properties": { "Shape_Area": 180000.0, "Shape_Leng": 2200.0, "cluster_id": "147_21", "fid_1": 1229.0, "id_munic": 21.0, "munic_clus": "147_21", "munic_code": 147.0, "min": 2.8427188396453857, "max": 2.8427188396453857, "mean": 2.8427191840277777, "count": 18, "std": 3.4438239193690379e-07, "range": 0.0 }, "geometry": { "type": "Polygon", "coordinates": [ [ [ 719900.0, 6176300.0 ], [ 719800.0, 6176300.0 ], [ 719700.0, 6176300.0 ], [ 719700.0, 6176400.0 ], [ 719700.0, 6176500.0 ], [ 719800.0, 6176500.0 ], [ 719800.0, 6176600.0 ], [ 719900.0, 6176600.0 ], [ 719900.0, 6176700.0 ], [ 720000.0, 6176700.0 ], [ 720000.0, 6176800.0 ], [ 720100.0, 6176800.0 ], [ 720200.0, 6176800.0 ], [ 720300.0, 6176800.0 ], [ 720300.0, 6176700.0 ], [ 720200.0, 6176700.0 ], [ 720200.0, 6176600.0 ], [ 720200.0, 6176500.0 ], [ 720100.0, 6176500.0 ], [ 720100.0, 6176400.0 ], [ 720100.0, 6176300.0 ], [ 720000.0, 6176300.0 ], [ 719900.0, 6176300.0 ] ] ] } },
{ "type": "Feature", "properties": { "Shape_Area": 30000.0, "Shape_Leng": 800.0, "cluster_id": "147_22", "fid_1": 1230.0, "id_munic": 22.0, "munic_clus": "147_22", "munic_code": 147.0, "min": 3.1656119823455811, "max": 3.1656119823455811, "mean": 3.1656119028727212, "count": 3, "std": 7.947285984855057e-08, "range": 0.0 }, "geometry": { "type": "Polygon", "coordinates": [ [ [ 720200.0, 6176700.0 ], [ 720300.0, 6176700.0 ], [ 720400.0, 6176700.0 ], [ 720500.0, 6176700.0 ], [ 720500.0, 6176600.0 ], [ 720400.0, 6176600.0 ], [ 720300.0, 6176600.0 ], [ 720200.0, 6176600.0 ], [ 720200.0, 6176700.0 ] ] ] } },
{ "type": "Feature", "properties": { "Shape_Area": 10000.0, "Shape_Leng": 400.0, "cluster_id": "147_23", "fid_1": 1231.0, "id_munic": 23.0, "munic_clus": "147_23", "munic_code": 147.0, "min": 3.336054801940918, "max": 3.336054801940918, "mean": 3.336054801940918, "count": 1, "std": 0.0, "range": 0.0 }, "geometry": { "type": "Polygon", "coordinates": [ [ [ 720700.0, 6176400.0 ], [ 720700.0, 6176500.0 ], [ 720800.0, 6176500.0 ], [ 720800.0, 6176400.0 ], [ 720700.0, 6176400.0 ] ] ] } },
{ "type": "Feature", "properties": { "Shape_Area": 20000.0, "Shape_Leng": 600.0, "cluster_id": "147_24", "fid_1": 1232.0, "id_munic": 24.0, "munic_clus": "147_24", "munic_code": 147.0, "min": 3.140286922454834, "max": 3.140286922454834, "mean": 3.140286922454834, "count": 2, "std": 0.0, "range": 0.0 }, "geometry": { "type": "Polygon", "coordinates": [ [ [ 720500.0, 6176400.0 ], [ 720600.0, 6176400.0 ], [ 720700.0, 6176400.0 ], [ 720700.0, 6176300.0 ], [ 720600.0, 6176300.0 ], [ 720500.0, 6176300.0 ], [ 720500.0, 6176400.0 ] ] ] } },
{ "type": "Feature", "properties": { "Shape_Area": 10000.0, "Shape_Leng": 400.0, "cluster_id": "147_25", "fid_1": 1233.0, "id_munic": 25.0, "munic_clus": "147_25", "munic_code": 147.0, "min": 3.0328226089477539, "max": 3.0328226089477539, "mean": 3.0328226089477539, "count": 1, "std": 0.0, "range": 0.0 }, "geometry": { "type": "Polygon", "coordinates": [ [ [ 722400.0, 6176400.0 ], [ 722400.0, 6176500.0 ], [ 722500.0, 6176500.0 ], [ 722500.0, 6176400.0 ], [ 722400.0, 6176400.0 ] ] ] } },
{ "type": "Feature", "properties": { "Shape_Area": 20000.0, "Shape_Leng": 600.0, "cluster_id": "147_26", "fid_1": 1234.0, "id_munic": 26.0, "munic_clus": "147_26", "munic_code": 147.0, "min": 2.7432525157928467, "max": 2.7432525157928467, "mean": 2.7432525157928467, "count": 2, "std": 0.0, "range": 0.0 }, "geometry": { "type": "Polygon", "coordinates": [ [ [ 722500.0, 6176600.0 ], [ 722500.0, 6176700.0 ], [ 722600.0, 6176700.0 ], [ 722600.0, 6176600.0 ], [ 722600.0, 6176500.0 ], [ 722500.0, 6176500.0 ], [ 722500.0, 6176600.0 ] ] ] } },
{ "type": "Feature", "properties": { "Shape_Area": 10000.0, "Shape_Leng": 400.0, "cluster_id": "147_27", "fid_1": 1235.0, "id_munic": 27.0, "munic_clus": "147_27", "munic_code": 147.0, "min": 2.8067309856414795, "max": 2.8067309856414795, "mean": 2.8067309856414795, "count": 1, "std": 0.0, "range": 0.0 }, "geometry": { "type": "Polygon", "coordinates": [ [ [ 722500.0, 6176400.0 ], [ 722500.0, 6176500.0 ], [ 722600.0, 6176500.0 ], [ 722600.0, 6176400.0 ], [ 722500.0, 6176400.0 ] ] ] } },
{ "type": "Feature", "properties": { "Shape_Area": 10000.0, "Shape_Leng": 400.0, "cluster_id": "147_28", "fid_1": 1236.0, "id_munic": 28.0, "munic_clus": "147_28", "munic_code": 147.0, "min": 2.893535852432251, "max": 2.893535852432251, "mean": 2.893535852432251, "count": 1, "std": 0.0, "range": 0.0 }, "geometry": { "type": "Polygon", "coordinates": [ [ [ 722400.0, 6176600.0 ], [ 722400.0, 6176700.0 ], [ 722500.0, 6176700.0 ], [ 722500.0, 6176600.0 ], [ 722400.0, 6176600.0 ] ] ] } },
{ "type": "Feature", "properties": { "Shape_Area": 20000.0, "Shape_Leng": 600.0, "cluster_id": "147_29", "fid_1": 1237.0, "id_munic": 29.0, "munic_clus": "147_29", "munic_code": 147.0, "min": 2.9953351020812988, "max": 2.9953351020812988, "mean": 2.9953351020812988, "count": 2, "std": 0.0, "range": 0.0 }, "geometry": { "type": "Polygon", "coordinates": [ [ [ 722300.0, 6176600.0 ], [ 722400.0, 6176600.0 ], [ 722500.0, 6176600.0 ], [ 722500.0, 6176500.0 ], [ 722400.0, 6176500.0 ], [ 722300.0, 6176500.0 ], [ 722300.0, 6176600.0 ] ] ] } },
{ "type": "Feature", "properties": { "Shape_Area": 20000.0, "Shape_Leng": 600.0, "cluster_id": "147_30", "fid_1": 1238.0, "id_munic": 30.0, "munic_clus": "147_30", "munic_code": 147.0, "min": 3.2040989398956299, "max": 3.2040989398956299, "mean": 3.2040989398956299, "count": 2, "std": 0.0, "range": 0.0 }, "geometry": { "type": "Polygon", "coordinates": [ [ [ 722200.0, 6175200.0 ], [ 722200.0, 6175300.0 ], [ 722300.0, 6175300.0 ], [ 722300.0, 6175200.0 ], [ 722300.0, 6175100.0 ], [ 722200.0, 6175100.0 ], [ 722200.0, 6175200.0 ] ] ] } },
{ "type": "Feature", "properties": { "Shape_Area": 10000.0, "Shape_Leng": 400.0, "cluster_id": "147_31", "fid_1": 1239.0, "id_munic": 31.0, "munic_clus": "147_31", "munic_code": 147.0, "min": 3.5016665458679199, "max": 3.5016665458679199, "mean": 3.5016665458679199, "count": 1, "std": 0.0, "range": 0.0 }, "geometry": { "type": "Polygon", "coordinates": [ [ [ 722600.0, 6176500.0 ], [ 722600.0, 6176600.0 ], [ 722700.0, 6176600.0 ], [ 722700.0, 6176500.0 ], [ 722600.0, 6176500.0 ] ] ] } },
{ "type": "Feature", "properties": { "Shape_Area": 10000.0, "Shape_Leng": 400.0, "cluster_id": "147_32", "fid_1": 1240.0, "id_munic": 32.0, "munic_clus": "147_32", "munic_code": 147.0, "min": 3.4846718311309814, "max": 3.4846718311309814, "mean": 3.4846718311309814, "count": 1, "std": 0.0, "range": 0.0 }, "geometry": { "type": "Polygon", "coordinates": [ [ [ 723000.0, 6176300.0 ], [ 723000.0, 6176400.0 ], [ 723100.0, 6176400.0 ], [ 723100.0, 6176300.0 ], [ 723000.0, 6176300.0 ] ] ] } },
{ "type": "Feature", "properties": { "Shape_Area": 10000.0, "Shape_Leng": 400.0, "cluster_id": "147_33", "fid_1": 1241.0, "id_munic": 33.0, "munic_clus": "147_33", "munic_code": 147.0, "min": 3.8835394382476807, "max": 3.8835394382476807, "mean": 3.8835394382476807, "count": 1, "std": 0.0, "range": 0.0 }, "geometry": { "type": "Polygon", "coordinates": [ [ [ 723000.0, 6176200.0 ], [ 723000.0, 6176300.0 ], [ 723100.0, 6176300.0 ], [ 723100.0, 6176200.0 ], [ 723000.0, 6176200.0 ] ] ] } },
{ "type": "Feature", "properties": { "Shape_Area": 60000.0, "Shape_Leng": 1200.0, "cluster_id": "147_34", "fid_1": 1242.0, "id_munic": 34.0, "munic_clus": "147_34", "munic_code": 147.0, "min": 3.6776072978973389, "max": 3.6776072978973389, "mean": 3.677607218424479, "count": 6, "std": 7.947285984855057e-08, "range": 0.0 }, "geometry": { "type": "Polygon", "coordinates": [ [ [ 722600.0, 6176400.0 ], [ 722600.0, 6176500.0 ], [ 722700.0, 6176500.0 ], [ 722700.0, 6176600.0 ], [ 722800.0, 6176600.0 ], [ 722900.0, 6176600.0 ], [ 722900.0, 6176500.0 ], [ 722900.0, 6176400.0 ], [ 722800.0, 6176400.0 ], [ 722800.0, 6176300.0 ], [ 722700.0, 6176300.0 ], [ 722700.0, 6176400.0 ], [ 722600.0, 6176400.0 ] ] ] } },
{ "type": "Feature", "properties": { "Shape_Area": 20000.0, "Shape_Leng": 600.0, "cluster_id": "147_35", "fid_1": 1243.0, "id_munic": 35.0, "munic_clus": "147_35", "munic_code": 147.0, "min": 2.7577474117279053, "max": 2.7577474117279053, "mean": 2.7577474117279053, "count": 2, "std": 0.0, "range": 0.0 }, "geometry": { "type": "Polygon", "coordinates": [ [ [ 723000.0, 6176500.0 ], [ 723100.0, 6176500.0 ], [ 723200.0, 6176500.0 ], [ 723200.0, 6176400.0 ], [ 723100.0, 6176400.0 ], [ 723000.0, 6176400.0 ], [ 723000.0, 6176500.0 ] ] ] } },
{ "type": "Feature", "properties": { "Shape_Area": 10000.0, "Shape_Leng": 400.0, "cluster_id": "147_36", "fid_1": 1244.0, "id_munic": 36.0, "munic_clus": "147_36", "munic_code": 147.0, "min": 3.6521167755126953, "max": 3.6521167755126953, "mean": 3.6521167755126953, "count": 1, "std": 0.0, "range": 0.0 }, "geometry": { "type": "Polygon", "coordinates": [ [ [ 722300.0, 6176400.0 ], [ 722300.0, 6176500.0 ], [ 722400.0, 6176500.0 ], [ 722400.0, 6176400.0 ], [ 722300.0, 6176400.0 ] ] ] } },
{ "type": "Feature", "properties": { "Shape_Area": 20000.0, "Shape_Leng": 600.0, "cluster_id": "147_37", "fid_1": 1245.0, "id_munic": 37.0, "munic_clus": "147_37", "munic_code": 147.0, "min": 2.5966348648071289, "max": 2.5966348648071289, "mean": 2.5966348648071289, "count": 2, "std": 0.0, "range": 0.0 }, "geometry": { "type": "Polygon", "coordinates": [ [ [ 722200.0, 6176400.0 ], [ 722300.0, 6176400.0 ], [ 722400.0, 6176400.0 ], [ 722400.0, 6176300.0 ], [ 722300.0, 6176300.0 ], [ 722200.0, 6176300.0 ], [ 722200.0, 6176400.0 ] ] ] } },
{ "type": "Feature", "properties": { "Shape_Area": 30000.0, "Shape_Leng": 800.0, "cluster_id": "147_38", "fid_1": 1246.0, "id_munic": 38.0, "munic_clus": "147_38", "munic_code": 147.0, "min": 3.0498168468475342, "max": 3.0498168468475342, "mean": 3.0498167673746743, "count": 3, "std": 7.947285984855057e-08, "range": 0.0 }, "geometry": { "type": "Polygon", "coordinates": [ [ [ 722800.0, 6176400.0 ], [ 722900.0, 6176400.0 ], [ 722900.0, 6176500.0 ], [ 723000.0, 6176500.0 ], [ 723000.0, 6176400.0 ], [ 723000.0, 6176300.0 ], [ 722900.0, 6176300.0 ], [ 722800.0, 6176300.0 ], [ 722800.0, 6176400.0 ] ] ] } },
{ "type": "Feature", "properties": { "Shape_Area": 20000.0, "Shape_Leng": 600.0, "cluster_id": "147_39", "fid_1": 1247.0, "id_munic": 39.0, "munic_clus": "147_39", "munic_code": 147.0, "min": 2.5364878177642822, "max": 2.5364878177642822, "mean": 2.5364878177642822, "count": 2, "std": 0.0, "range": 0.0 }, "geometry": { "type": "Polygon", "coordinates": [ [ [ 721500.0, 6176500.0 ], [ 721600.0, 6176500.0 ], [ 721700.0, 6176500.0 ], [ 721700.0, 6176400.0 ], [ 721600.0, 6176400.0 ], [ 721500.0, 6176400.0 ], [ 721500.0, 6176500.0 ] ] ] } },
{ "type": "Feature", "properties": { "Shape_Area": 10000.0, "Shape_Leng": 400.0, "cluster_id": "147_40", "fid_1": 1248.0, "id_munic": 40.0, "munic_clus": "147_40", "munic_code": 147.0, "min": 2.9440183639526367, "max": 2.9440183639526367, "mean": 2.9440183639526367, "count": 1, "std": 0.0, "range": 0.0 }, "geometry": { "type": "Polygon", "coordinates": [ [ [ 721600.0, 6176500.0 ], [ 721600.0, 6176600.0 ], [ 721700.0, 6176600.0 ], [ 721700.0, 6176500.0 ], [ 721600.0, 6176500.0 ] ] ] } },
{ "type": "Feature", "properties": { "Shape_Area": 40000.0, "Shape_Leng": 800.0, "cluster_id": "147_41", "fid_1": 1249.0, "id_munic": 41.0, "munic_clus": "147_41", "munic_code": 147.0, "min": 2.7197601795196533, "max": 2.7197601795196533, "mean": 2.7197601795196533, "count": 4, "std": 0.0, "range": 0.0 }, "geometry": { "type": "Polygon", "coordinates": [ [ [ 722200.0, 6176200.0 ], [ 722100.0, 6176200.0 ], [ 722000.0, 6176200.0 ], [ 722000.0, 6176300.0 ], [ 722000.0, 6176400.0 ], [ 722100.0, 6176400.0 ], [ 722200.0, 6176400.0 ], [ 722200.0, 6176300.0 ], [ 722200.0, 6176200.0 ] ] ] } },
{ "type": "Feature", "properties": { "Shape_Area": 10000.0, "Shape_Leng": 400.0, "cluster_id": "147_42", "fid_1": 1250.0, "id_munic": 42.0, "munic_clus": "147_42", "munic_code": 147.0, "min": 3.8583810329437256, "max": 3.8583810329437256, "mean": 3.8583810329437256, "count": 1, "std": 0.0, "range": 0.0 }, "geometry": { "type": "Polygon", "coordinates": [ [ [ 722100.0, 6176100.0 ], [ 722100.0, 6176200.0 ], [ 722200.0, 6176200.0 ], [ 722200.0, 6176100.0 ], [ 722100.0, 6176100.0 ] ] ] } },
{ "type": "Feature", "properties": { "Shape_Area": 20000.0, "Shape_Leng": 600.0, "cluster_id": "147_43", "fid_1": 1251.0, "id_munic": 43.0, "munic_clus": "147_43", "munic_code": 147.0, "min": 3.3333892822265625, "max": 3.3333892822265625, "mean": 3.3333892822265625, "count": 2, "std": 0.0, "range": 0.0 }, "geometry": { "type": "Polygon", "coordinates": [ [ [ 721800.0, 6176500.0 ], [ 721900.0, 6176500.0 ], [ 722000.0, 6176500.0 ], [ 722000.0, 6176400.0 ], [ 721900.0, 6176400.0 ], [ 721800.0, 6176400.0 ], [ 721800.0, 6176500.0 ] ] ] } },
{ "type": "Feature", "properties": { "Shape_Area": 10000.0, "Shape_Leng": 400.0, "cluster_id": "147_44", "fid_1": 1252.0, "id_munic": 44.0, "munic_clus": "147_44", "munic_code": 147.0, "min": 2.431023120880127, "max": 2.431023120880127, "mean": 2.431023120880127, "count": 1, "std": 0.0, "range": 0.0 }, "geometry": { "type": "Polygon", "coordinates": [ [ [ 721700.0, 6176400.0 ], [ 721700.0, 6176500.0 ], [ 721800.0, 6176500.0 ], [ 721800.0, 6176400.0 ], [ 721700.0, 6176400.0 ] ] ] } },
{ "type": "Feature", "properties": { "Shape_Area": 20000.0, "Shape_Leng": 600.0, "cluster_id": "147_45", "fid_1": 1253.0, "id_munic": 45.0, "munic_clus": "147_45", "munic_code": 147.0, "min": 4.2387542724609375, "max": 4.2387542724609375, "mean": 4.2387542724609375, "count": 2, "std": 0.0, "range": 0.0 }, "geometry": { "type": "Polygon", "coordinates": [ [ [ 721600.0, 6176200.0 ], [ 721700.0, 6176200.0 ], [ 721800.0, 6176200.0 ], [ 721800.0, 6176100.0 ], [ 721700.0, 6176100.0 ], [ 721600.0, 6176100.0 ], [ 721600.0, 6176200.0 ] ] ] } },
{ "type": "Feature", "properties": { "Shape_Area": 30000.0, "Shape_Leng": 800.0, "cluster_id": "147_46", "fid_1": 1254.0, "id_munic": 46.0, "munic_clus": "147_46", "munic_code": 147.0, "min": 2.0433189868927002, "max": 2.0433189868927002, "mean": 2.04331906636556, "count": 3, "std": 7.947285984855057e-08, "range": 0.0 }, "geometry": { "type": "Polygon", "coordinates": [ [ [ 721600.0, 6176100.0 ], [ 721700.0, 6176100.0 ], [ 721800.0, 6176100.0 ], [ 721900.0, 6176100.0 ], [ 721900.0, 6176000.0 ], [ 721800.0, 6176000.0 ], [ 721700.0, 6176000.0 ], [ 721600.0, 6176000.0 ], [ 721600.0, 6176100.0 ] ] ] } },
{ "type": "Feature", "properties": { "Shape_Area": 10000.0, "Shape_Leng": 400.0, "cluster_id": "147_47", "fid_1": 1255.0, "id_munic": 47.0, "munic_clus": "147_47", "munic_code": 147.0, "min": 2.9550154209136963, "max": 2.9550154209136963, "mean": 2.9550154209136963, "count": 1, "std": 0.0, "range": 0.0 }, "geometry": { "type": "Polygon", "coordinates": [ [ [ 722200.0, 6176500.0 ], [ 722200.0, 6176600.0 ], [ 722300.0, 6176600.0 ], [ 722300.0, 6176500.0 ], [ 722200.0, 6176500.0 ] ] ] } },
{ "type": "Feature", "properties": { "Shape_Area": 20000.0, "Shape_Leng": 600.0, "cluster_id": "147_48", "fid_1": 1256.0, "id_munic": 48.0, "munic_clus": "147_48", "munic_code": 147.0, "min": 2.6241252422332764, "max": 2.6241252422332764, "mean": 2.6241252422332764, "count": 2, "std": 0.0, "range": 0.0 }, "geometry": { "type": "Polygon", "coordinates": [ [ [ 721700.0, 6176600.0 ], [ 721700.0, 6176700.0 ], [ 721800.0, 6176700.0 ], [ 721800.0, 6176600.0 ], [ 721800.0, 6176500.0 ], [ 721700.0, 6176500.0 ], [ 721700.0, 6176600.0 ] ] ] } },
{ "type": "Feature", "properties": { "Shape_Area": 20000.0, "Shape_Leng": 600.0, "cluster_id": "147_49", "fid_1": 1257.0, "id_munic": 49.0, "munic_clus": "147_49", "munic_code": 147.0, "min": 3.0804736614227295, "max": 3.0804736614227295, "mean": 3.0804736614227295, "count": 2, "std": 0.0, "range": 0.0 }, "geometry": { "type": "Polygon", "coordinates": [ [ [ 721600.0, 6176700.0 ], [ 721600.0, 6176800.0 ], [ 721700.0, 6176800.0 ], [ 721700.0, 6176700.0 ], [ 721700.0, 6176600.0 ], [ 721600.0, 6176600.0 ], [ 721600.0, 6176700.0 ] ] ] } },
{ "type": "Feature", "properties": { "Shape_Area": 20000.0, "Shape_Leng": 600.0, "cluster_id": "147_50", "fid_1": 1258.0, "id_munic": 50.0, "munic_clus": "147_50", "munic_code": 147.0, "min": 2.3628790378570557, "max": 2.3628790378570557, "mean": 2.3628790378570557, "count": 2, "std": 0.0, "range": 0.0 }, "geometry": { "type": "Polygon", "coordinates": [ [ [ 722200.0, 6176700.0 ], [ 722300.0, 6176700.0 ], [ 722400.0, 6176700.0 ], [ 722400.0, 6176600.0 ], [ 722300.0, 6176600.0 ], [ 722200.0, 6176600.0 ], [ 722200.0, 6176700.0 ] ] ] } },
{ "type": "Feature", "properties": { "Shape_Area": 20000.0, "Shape_Leng": 600.0, "cluster_id": "147_51", "fid_1": 1259.0, "id_munic": 51.0, "munic_clus": "147_51", "munic_code": 147.0, "min": 3.1649456024169922, "max": 3.1649456024169922, "mean": 3.1649456024169922, "count": 2, "std": 0.0, "range": 0.0 }, "geometry": { "type": "Polygon", "coordinates": [ [ [ 722100.0, 6175400.0 ], [ 722100.0, 6175500.0 ], [ 722200.0, 6175500.0 ], [ 722200.0, 6175400.0 ], [ 722200.0, 6175300.0 ], [ 722100.0, 6175300.0 ], [ 722100.0, 6175400.0 ] ] ] } },
{ "type": "Feature", "properties": { "Shape_Area": 20000.0, "Shape_Leng": 600.0, "cluster_id": "147_52", "fid_1": 1260.0, "id_munic": 52.0, "munic_clus": "147_52", "munic_code": 147.0, "min": 3.0818068981170654, "max": 3.0818068981170654, "mean": 3.0818068981170654, "count": 2, "std": 0.0, "range": 0.0 }, "geometry": { "type": "Polygon", "coordinates": [ [ [ 722200.0, 6176800.0 ], [ 722300.0, 6176800.0 ], [ 722400.0, 6176800.0 ], [ 722400.0, 6176700.0 ], [ 722300.0, 6176700.0 ], [ 722200.0, 6176700.0 ], [ 722200.0, 6176800.0 ] ] ] } },
{ "type": "Feature", "properties": { "Shape_Area": 10000.0, "Shape_Leng": 400.0, "cluster_id": "147_53", "fid_1": 1261.0, "id_munic": 53.0, "munic_clus": "147_53", "munic_code": 147.0, "min": 3.6742753982543945, "max": 3.6742753982543945, "mean": 3.6742753982543945, "count": 1, "std": 0.0, "range": 0.0 }, "geometry": { "type": "Polygon", "coordinates": [ [ [ 722100.0, 6176700.0 ], [ 722100.0, 6176800.0 ], [ 722200.0, 6176800.0 ], [ 722200.0, 6176700.0 ], [ 722100.0, 6176700.0 ] ] ] } },
{ "type": "Feature", "properties": { "Shape_Area": 10000.0, "Shape_Leng": 400.0, "cluster_id": "147_54", "fid_1": 1262.0, "id_munic": 54.0, "munic_clus": "147_54", "munic_code": 147.0, "min": 3.1696105003356934, "max": 3.1696105003356934, "mean": 3.1696105003356934, "count": 1, "std": 0.0, "range": 0.0 }, "geometry": { "type": "Polygon", "coordinates": [ [ [ 721900.0, 6176500.0 ], [ 721900.0, 6176600.0 ], [ 722000.0, 6176600.0 ], [ 722000.0, 6176500.0 ], [ 721900.0, 6176500.0 ] ] ] } },
{ "type": "Feature", "properties": { "Shape_Area": 10000.0, "Shape_Leng": 400.0, "cluster_id": "147_55", "fid_1": 1263.0, "id_munic": 55.0, "munic_clus": "147_55", "munic_code": 147.0, "min": 3.1227924823760986, "max": 3.1227924823760986, "mean": 3.1227924823760986, "count": 1, "std": 0.0, "range": 0.0 }, "geometry": { "type": "Polygon", "coordinates": [ [ [ 722000.0, 6176500.0 ], [ 722000.0, 6176600.0 ], [ 722100.0, 6176600.0 ], [ 722100.0, 6176500.0 ], [ 722000.0, 6176500.0 ] ] ] } },
{ "type": "Feature", "properties": { "Shape_Area": 20000.0, "Shape_Leng": 600.0, "cluster_id": "147_56", "fid_1": 1264.0, "id_munic": 56.0, "munic_clus": "147_56", "munic_code": 147.0, "min": 2.7250914573669434, "max": 2.7250914573669434, "mean": 2.7250914573669434, "count": 2, "std": 0.0, "range": 0.0 }, "geometry": { "type": "Polygon", "coordinates": [ [ [ 722100.0, 6176500.0 ], [ 722200.0, 6176500.0 ], [ 722300.0, 6176500.0 ], [ 722300.0, 6176400.0 ], [ 722200.0, 6176400.0 ], [ 722100.0, 6176400.0 ], [ 722100.0, 6176500.0 ] ] ] } },
{ "type": "Feature", "properties": { "Shape_Area": 20000.0, "Shape_Leng": 600.0, "cluster_id": "147_57", "fid_1": 1265.0, "id_munic": 57.0, "munic_clus": "147_57", "munic_code": 147.0, "min": 2.4243588447570801, "max": 2.4243588447570801, "mean": 2.4243588447570801, "count": 2, "std": 0.0, "range": 0.0 }, "geometry": { "type": "Polygon", "coordinates": [ [ [ 722100.0, 6176600.0 ], [ 722100.0, 6176700.0 ], [ 722200.0, 6176700.0 ], [ 722200.0, 6176600.0 ], [ 722200.0, 6176500.0 ], [ 722100.0, 6176500.0 ], [ 722100.0, 6176600.0 ] ] ] } },
{ "type": "Feature", "properties": { "Shape_Area": 20000.0, "Shape_Leng": 600.0, "cluster_id": "147_58", "fid_1": 1266.0, "id_munic": 58.0, "munic_clus": "147_58", "munic_code": 147.0, "min": 2.8747086524963379, "max": 2.8747086524963379, "mean": 2.8747086524963379, "count": 2, "std": 0.0, "range": 0.0 }, "geometry": { "type": "Polygon", "coordinates": [ [ [ 721800.0, 6176600.0 ], [ 721800.0, 6176700.0 ], [ 721900.0, 6176700.0 ], [ 721900.0, 6176600.0 ], [ 721900.0, 6176500.0 ], [ 721800.0, 6176500.0 ], [ 721800.0, 6176600.0 ] ] ] } },
{ "type": "Feature", "properties": { "Shape_Area": 10000.0, "Shape_Leng": 400.0, "cluster_id": "147_59", "fid_1": 1267.0, "id_munic": 59.0, "munic_clus": "147_59", "munic_code": 147.0, "min": 2.5149953365325928, "max": 2.5149953365325928, "mean": 2.5149953365325928, "count": 1, "std": 0.0, "range": 0.0 }, "geometry": { "type": "Polygon", "coordinates": [ [ [ 722000.0, 6176400.0 ], [ 722000.0, 6176500.0 ], [ 722100.0, 6176500.0 ], [ 722100.0, 6176400.0 ], [ 722000.0, 6176400.0 ] ] ] } },
{ "type": "Feature", "properties": { "Shape_Area": 10000.0, "Shape_Leng": 400.0, "cluster_id": "147_60", "fid_1": 1268.0, "id_munic": 60.0, "munic_clus": "147_60", "munic_code": 147.0, "min": 3.096468448638916, "max": 3.096468448638916, "mean": 3.096468448638916, "count": 1, "std": 0.0, "range": 0.0 }, "geometry": { "type": "Polygon", "coordinates": [ [ [ 721700.0, 6176900.0 ], [ 721700.0, 6177000.0 ], [ 721800.0, 6177000.0 ], [ 721800.0, 6176900.0 ], [ 721700.0, 6176900.0 ] ] ] } },
{ "type": "Feature", "properties": { "Shape_Area": 20000.0, "Shape_Leng": 600.0, "cluster_id": "147_61", "fid_1": 1269.0, "id_munic": 61.0, "munic_clus": "147_61", "munic_code": 147.0, "min": 3.1614465713500977, "max": 3.1614465713500977, "mean": 3.1614465713500977, "count": 2, "std": 0.0, "range": 0.0 }, "geometry": { "type": "Polygon", "coordinates": [ [ [ 721700.0, 6176800.0 ], [ 721700.0, 6176900.0 ], [ 721800.0, 6176900.0 ], [ 721800.0, 6176800.0 ], [ 721800.0, 6176700.0 ], [ 721700.0, 6176700.0 ], [ 721700.0, 6176800.0 ] ] ] } },
{ "type": "Feature", "properties": { "Shape_Area": 10000.0, "Shape_Leng": 400.0, "cluster_id": "147_62", "fid_1": 1270.0, "id_munic": 62.0, "munic_clus": "147_62", "munic_code": 147.0, "min": 3.3298904895782471, "max": 3.3298904895782471, "mean": 3.3298904895782471, "count": 1, "std": 0.0, "range": 0.0 }, "geometry": { "type": "Polygon", "coordinates": [ [ [ 722500.0, 6175100.0 ], [ 722500.0, 6175200.0 ], [ 722600.0, 6175200.0 ], [ 722600.0, 6175100.0 ], [ 722500.0, 6175100.0 ] ] ] } },
{ "type": "Feature", "properties": { "Shape_Area": 20000.0, "Shape_Leng": 600.0, "cluster_id": "147_63", "fid_1": 1271.0, "id_munic": 63.0, "munic_clus": "147_63", "munic_code": 147.0, "min": 2.4841716289520264, "max": 2.4841716289520264, "mean": 2.4841716289520264, "count": 2, "std": 0.0, "range": 0.0 }, "geometry": { "type": "Polygon", "coordinates": [ [ [ 721800.0, 6176800.0 ], [ 721800.0, 6176900.0 ], [ 721900.0, 6176900.0 ], [ 721900.0, 6176800.0 ], [ 721900.0, 6176700.0 ], [ 721800.0, 6176700.0 ], [ 721800.0, 6176800.0 ] ] ] } },
{ "type": "Feature", "properties": { "Shape_Area": 10000.0, "Shape_Leng": 400.0, "cluster_id": "147_64", "fid_1": 1272.0, "id_munic": 64.0, "munic_clus": "147_64", "munic_code": 147.0, "min": 2.3677108287811279, "max": 2.3677108287811279, "mean": 2.3677108287811279, "count": 1, "std": 0.0, "range": 0.0 }, "geometry": { "type": "Polygon", "coordinates": [ [ [ 721900.0, 6176800.0 ], [ 721900.0, 6176900.0 ], [ 722000.0, 6176900.0 ], [ 722000.0, 6176800.0 ], [ 721900.0, 6176800.0 ] ] ] } },
{ "type": "Feature", "properties": { "Shape_Area": 20000.0, "Shape_Leng": 600.0, "cluster_id": "147_65", "fid_1": 1273.0, "id_munic": 65.0, "munic_clus": "147_65", "munic_code": 147.0, "min": 2.9286904335021973, "max": 2.9286904335021973, "mean": 2.9286904335021973, "count": 2, "std": 0.0, "range": 0.0 }, "geometry": { "type": "Polygon", "coordinates": [ [ [ 721900.0, 6176700.0 ], [ 721900.0, 6176800.0 ], [ 722000.0, 6176800.0 ], [ 722000.0, 6176700.0 ], [ 722000.0, 6176600.0 ], [ 721900.0, 6176600.0 ], [ 721900.0, 6176700.0 ] ] ] } },
{ "type": "Feature", "properties": { "Shape_Area": 10000.0, "Shape_Leng": 400.0, "cluster_id": "147_66", "fid_1": 1274.0, "id_munic": 66.0, "munic_clus": "147_66", "munic_code": 147.0, "min": 2.2939026355743408, "max": 2.2939026355743408, "mean": 2.2939026355743408, "count": 1, "std": 0.0, "range": 0.0 }, "geometry": { "type": "Polygon", "coordinates": [ [ [ 722000.0, 6176800.0 ], [ 722000.0, 6176900.0 ], [ 722100.0, 6176900.0 ], [ 722100.0, 6176800.0 ], [ 722000.0, 6176800.0 ] ] ] } },
{ "type": "Feature", "properties": { "Shape_Area": 20000.0, "Shape_Leng": 600.0, "cluster_id": "147_67", "fid_1": 1275.0, "id_munic": 67.0, "munic_clus": "147_67", "munic_code": 147.0, "min": 2.9150285720825195, "max": 2.9150285720825195, "mean": 2.9150285720825195, "count": 2, "std": 0.0, "range": 0.0 }, "geometry": { "type": "Polygon", "coordinates": [ [ [ 722000.0, 6176700.0 ], [ 722000.0, 6176800.0 ], [ 722100.0, 6176800.0 ], [ 722100.0, 6176700.0 ], [ 722100.0, 6176600.0 ], [ 722000.0, 6176600.0 ], [ 722000.0, 6176700.0 ] ] ] } },
{ "type": "Feature", "properties": { "Shape_Area": 20000.0, "Shape_Leng": 600.0, "cluster_id": "147_68", "fid_1": 1276.0, "id_munic": 68.0, "munic_clus": "147_68", "munic_code": 147.0, "min": 2.5344886779785156, "max": 2.5344886779785156, "mean": 2.5344886779785156, "count": 2, "std": 0.0, "range": 0.0 }, "geometry": { "type": "Polygon", "coordinates": [ [ [ 721900.0, 6177800.0 ], [ 722000.0, 6177800.0 ], [ 722100.0, 6177800.0 ], [ 722100.0, 6177700.0 ], [ 722000.0, 6177700.0 ], [ 721900.0, 6177700.0 ], [ 721900.0, 6177800.0 ] ] ] } },
{ "type": "Feature", "properties": { "Shape_Area": 40000.0, "Shape_Leng": 1000.0, "cluster_id": "147_69", "fid_1": 1277.0, "id_munic": 69.0, "munic_clus": "147_69", "munic_code": 147.0, "min": 2.6319563388824463, "max": 2.6319563388824463, "mean": 2.6319563388824463, "count": 4, "std": 0.0, "range": 0.0 }, "geometry": { "type": "Polygon", "coordinates": [ [ [ 721900.0, 6177700.0 ], [ 721800.0, 6177700.0 ], [ 721800.0, 6177800.0 ], [ 721700.0, 6177800.0 ], [ 721700.0, 6177900.0 ], [ 721800.0, 6177900.0 ], [ 721900.0, 6177900.0 ], [ 722000.0, 6177900.0 ], [ 722000.0, 6177800.0 ], [ 721900.0, 6177800.0 ], [ 721900.0, 6177700.0 ] ] ] } },
{ "type": "Feature", "properties": { "Shape_Area": 10000.0, "Shape_Leng": 400.0, "cluster_id": "147_70", "fid_1": 1278.0, "id_munic": 70.0, "munic_clus": "147_70", "munic_code": 147.0, "min": 2.6814398765563965, "max": 2.6814398765563965, "mean": 2.6814398765563965, "count": 1, "std": 0.0, "range": 0.0 }, "geometry": { "type": "Polygon", "coordinates": [ [ [ 722000.0, 6177600.0 ], [ 722000.0, 6177700.0 ], [ 722100.0, 6177700.0 ], [ 722100.0, 6177600.0 ], [ 722000.0, 6177600.0 ] ] ] } },
{ "type": "Feature", "properties": { "Shape_Area": 10000.0, "Shape_Leng": 400.0, "cluster_id": "147_71", "fid_1": 1279.0, "id_munic": 71.0, "munic_clus": "147_71", "munic_code": 147.0, "min": 2.5533158779144287, "max": 2.5533158779144287, "mean": 2.5533158779144287, "count": 1, "std": 0.0, "range": 0.0 }, "geometry": { "type": "Polygon", "coordinates": [ [ [ 722100.0, 6177600.0 ], [ 722100.0, 6177700.0 ], [ 722200.0, 6177700.0 ], [ 722200.0, 6177600.0 ], [ 722100.0, 6177600.0 ] ] ] } },
{ "type": "Feature", "properties": { "Shape_Area": 10000.0, "Shape_Leng": 400.0, "cluster_id": "147_72", "fid_1": 1280.0, "id_munic": 72.0, "munic_clus": "147_72", "munic_code": 147.0, "min": 2.3755416870117188, "max": 2.3755416870117188, "mean": 2.3755416870117188, "count": 1, "std": 0.0, "range": 0.0 }, "geometry": { "type": "Polygon", "coordinates": [ [ [ 722400.0, 6176800.0 ], [ 722400.0, 6176900.0 ], [ 722500.0, 6176900.0 ], [ 722500.0, 6176800.0 ], [ 722400.0, 6176800.0 ] ] ] } },
{ "type": "Feature", "properties": { "Shape_Area": 30000.0, "Shape_Leng": 800.0, "cluster_id": "147_73", "fid_1": 1281.0, "id_munic": 73.0, "munic_clus": "147_73", "munic_code": 147.0, "min": 3.5396533012390137, "max": 3.5396533012390137, "mean": 3.5396531422932944, "count": 3, "std": 1.5894571925301193e-07, "range": 0.0 }, "geometry": { "type": "Polygon", "coordinates": [ [ [ 722600.0, 6175200.0 ], [ 722600.0, 6175300.0 ], [ 722700.0, 6175300.0 ], [ 722800.0, 6175300.0 ], [ 722800.0, 6175200.0 ], [ 722700.0, 6175200.0 ], [ 722700.0, 6175100.0 ], [ 722600.0, 6175100.0 ], [ 722600.0, 6175200.0 ] ] ] } },
{ "type": "Feature", "properties": { "Shape_Area": 20000.0, "Shape_Leng": 600.0, "cluster_id": "147_74", "fid_1": 1282.0, "id_munic": 74.0, "munic_clus": "147_74", "munic_code": 147.0, "min": 2.9100301265716553, "max": 2.9100301265716553, "mean": 2.9100301265716553, "count": 2, "std": 0.0, "range": 0.0 }, "geometry": { "type": "Polygon", "coordinates": [ [ [ 722600.0, 6175400.0 ], [ 722600.0, 6175500.0 ], [ 722700.0, 6175500.0 ], [ 722700.0, 6175400.0 ], [ 722700.0, 6175300.0 ], [ 722600.0, 6175300.0 ], [ 722600.0, 6175400.0 ] ] ] } },
{ "type": "Feature", "properties": { "Shape_Area": 20000.0, "Shape_Leng": 600.0, "cluster_id": "147_75", "fid_1": 1283.0, "id_munic": 75.0, "munic_clus": "147_75", "munic_code": 147.0, "min": 3.1106297969818115, "max": 3.1106297969818115, "mean": 3.1106297969818115, "count": 2, "std": 0.0, "range": 0.0 }, "geometry": { "type": "Polygon", "coordinates": [ [ [ 722000.0, 6177400.0 ], [ 722100.0, 6177400.0 ], [ 722200.0, 6177400.0 ], [ 722200.0, 6177300.0 ], [ 722100.0, 6177300.0 ], [ 722000.0, 6177300.0 ], [ 722000.0, 6177400.0 ] ] ] } },
{ "type": "Feature", "properties": { "Shape_Area": 20000.0, "Shape_Leng": 600.0, "cluster_id": "147_76", "fid_1": 1284.0, "id_munic": 76.0, "munic_clus": "147_76", "munic_code": 147.0, "min": 3.925358772277832, "max": 3.925358772277832, "mean": 3.925358772277832, "count": 2, "std": 0.0, "range": 0.0 }, "geometry": { "type": "Polygon", "coordinates": [ [ [ 722000.0, 6177300.0 ], [ 722100.0, 6177300.0 ], [ 722200.0, 6177300.0 ], [ 722200.0, 6177200.0 ], [ 722100.0, 6177200.0 ], [ 722000.0, 6177200.0 ], [ 722000.0, 6177300.0 ] ] ] } },
{ "type": "Feature", "properties": { "Shape_Area": 40000.0, "Shape_Leng": 1000.0, "cluster_id": "147_77", "fid_1": 1285.0, "id_munic": 77.0, "munic_clus": "147_77", "munic_code": 147.0, "min": 3.9855048656463623, "max": 3.9855048656463623, "mean": 3.9855048656463623, "count": 4, "std": 0.0, "range": 0.0 }, "geometry": { "type": "Polygon", "coordinates": [ [ [ 722000.0, 6177100.0 ], [ 721900.0, 6177100.0 ], [ 721900.0, 6177200.0 ], [ 721800.0, 6177200.0 ], [ 721800.0, 6177300.0 ], [ 721900.0, 6177300.0 ], [ 721900.0, 6177400.0 ], [ 722000.0, 6177400.0 ], [ 722000.0, 6177300.0 ], [ 722000.0, 6177200.0 ], [ 722000.0, 6177100.0 ] ] ] } },
{ "type": "Feature", "properties": { "Shape_Area": 10000.0, "Shape_Leng": 400.0, "cluster_id": "147_78", "fid_1": 1286.0, "id_munic": 78.0, "munic_clus": "147_78", "munic_code": 147.0, "min": 2.2737424373626709, "max": 2.2737424373626709, "mean": 2.2737424373626709, "count": 1, "std": 0.0, "range": 0.0 }, "geometry": { "type": "Polygon", "coordinates": [ [ [ 722000.0, 6177100.0 ], [ 722000.0, 6177200.0 ], [ 722100.0, 6177200.0 ], [ 722100.0, 6177100.0 ], [ 722000.0, 6177100.0 ] ] ] } },
{ "type": "Feature", "properties": { "Shape_Area": 20000.0, "Shape_Leng": 600.0, "cluster_id": "147_79", "fid_1": 1287.0, "id_munic": 79.0, "munic_clus": "147_79", "munic_code": 147.0, "min": 2.6911029815673828, "max": 2.6911029815673828, "mean": 2.6911029815673828, "count": 2, "std": 0.0, "range": 0.0 }, "geometry": { "type": "Polygon", "coordinates": [ [ [ 721900.0, 6177500.0 ], [ 722000.0, 6177500.0 ], [ 722100.0, 6177500.0 ], [ 722100.0, 6177400.0 ], [ 722000.0, 6177400.0 ], [ 721900.0, 6177400.0 ], [ 721900.0, 6177500.0 ] ] ] } },
{ "type": "Feature", "properties": { "Shape_Area": 10000.0, "Shape_Leng": 400.0, "cluster_id": "147_80", "fid_1": 1288.0, "id_munic": 80.0, "munic_clus": "147_80", "munic_code": 147.0, "min": 2.5234923362731934, "max": 2.5234923362731934, "mean": 2.5234923362731934, "count": 1, "std": 0.0, "range": 0.0 }, "geometry": { "type": "Polygon", "coordinates": [ [ [ 722000.0, 6177500.0 ], [ 722000.0, 6177600.0 ], [ 722100.0, 6177600.0 ], [ 722100.0, 6177500.0 ], [ 722000.0, 6177500.0 ] ] ] } },
{ "type": "Feature", "properties": { "Shape_Area": 10000.0, "Shape_Leng": 400.0, "cluster_id": "147_81", "fid_1": 1289.0, "id_munic": 81.0, "munic_clus": "147_81", "munic_code": 147.0, "min": 2.7025995254516602, "max": 2.7025995254516602, "mean": 2.7025995254516602, "count": 1, "std": 0.0, "range": 0.0 }, "geometry": { "type": "Polygon", "coordinates": [ [ [ 722200.0, 6177300.0 ], [ 722200.0, 6177400.0 ], [ 722300.0, 6177400.0 ], [ 722300.0, 6177300.0 ], [ 722200.0, 6177300.0 ] ] ] } },
{ "type": "Feature", "properties": { "Shape_Area": 20000.0, "Shape_Leng": 600.0, "cluster_id": "147_82", "fid_1": 1290.0, "id_munic": 82.0, "munic_clus": "147_82", "munic_code": 147.0, "min": 2.5000002384185791, "max": 2.5000002384185791, "mean": 2.5000002384185791, "count": 2, "std": 0.0, "range": 0.0 }, "geometry": { "type": "Polygon", "coordinates": [ [ [ 722100.0, 6177500.0 ], [ 722100.0, 6177600.0 ], [ 722200.0, 6177600.0 ], [ 722200.0, 6177500.0 ], [ 722200.0, 6177400.0 ], [ 722100.0, 6177400.0 ], [ 722100.0, 6177500.0 ] ] ] } },
{ "type": "Feature", "properties": { "Shape_Area": 40000.0, "Shape_Leng": 1000.0, "cluster_id": "147_83", "fid_1": 1291.0, "id_munic": 83.0, "munic_clus": "147_83", "munic_code": 147.0, "min": 3.5233256816864014, "max": 3.5233256816864014, "mean": 3.5233256816864014, "count": 4, "std": 0.0, "range": 0.0 }, "geometry": { "type": "Polygon", "coordinates": [ [ [ 722600.0, 6177100.0 ], [ 722600.0, 6177000.0 ], [ 722500.0, 6177000.0 ], [ 722400.0, 6177000.0 ], [ 722400.0, 6177100.0 ], [ 722300.0, 6177100.0 ], [ 722300.0, 6177200.0 ], [ 722400.0, 6177200.0 ], [ 722500.0, 6177200.0 ], [ 722500.0, 6177100.0 ], [ 722600.0, 6177100.0 ] ] ] } },
{ "type": "Feature", "properties": { "Shape_Area": 10000.0, "Shape_Leng": 400.0, "cluster_id": "147_84", "fid_1": 1292.0, "id_munic": 84.0, "munic_clus": "147_84", "munic_code": 147.0, "min": 3.2162613868713379, "max": 3.2162613868713379, "mean": 3.2162613868713379, "count": 1, "std": 0.0, "range": 0.0 }, "geometry": { "type": "Polygon", "coordinates": [ [ [ 722200.0, 6177200.0 ], [ 722200.0, 6177300.0 ], [ 722300.0, 6177300.0 ], [ 722300.0, 6177200.0 ], [ 722200.0, 6177200.0 ] ] ] } },
{ "type": "Feature", "properties": { "Shape_Area": 30000.0, "Shape_Leng": 800.0, "cluster_id": "147_85", "fid_1": 1293.0, "id_munic": 85.0, "munic_clus": "147_85", "munic_code": 147.0, "min": 2.5994670391082764, "max": 2.5994670391082764, "mean": 2.5994669596354165, "count": 3, "std": 7.947285984855057e-08, "range": 0.0 }, "geometry": { "type": "Polygon", "coordinates": [ [ [ 722100.0, 6176900.0 ], [ 722000.0, 6176900.0 ], [ 722000.0, 6177000.0 ], [ 722100.0, 6177000.0 ], [ 722200.0, 6177000.0 ], [ 722200.0, 6176900.0 ], [ 722200.0, 6176800.0 ], [ 722100.0, 6176800.0 ], [ 722100.0, 6176900.0 ] ] ] } },
{ "type": "Feature", "properties": { "Shape_Area": 20000.0, "Shape_Leng": 600.0, "cluster_id": "147_86", "fid_1": 1294.0, "id_munic": 86.0, "munic_clus": "147_86", "munic_code": 147.0, "min": 2.4830062389373779, "max": 2.4830062389373779, "mean": 2.4830062389373779, "count": 2, "std": 0.0, "range": 0.0 }, "geometry": { "type": "Polygon", "coordinates": [ [ [ 721900.0, 6177100.0 ], [ 722000.0, 6177100.0 ], [ 722100.0, 6177100.0 ], [ 722100.0, 6177000.0 ], [ 722000.0, 6177000.0 ], [ 721900.0, 6177000.0 ], [ 721900.0, 6177100.0 ] ] ] } },
{ "type": "Feature", "properties": { "Shape_Area": 10000.0, "Shape_Leng": 400.0, "cluster_id": "147_87", "fid_1": 1295.0, "id_munic": 87.0, "munic_clus": "147_87", "munic_code": 147.0, "min": 2.5068314075469971, "max": 2.5068314075469971, "mean": 2.5068314075469971, "count": 1, "std": 0.0, "range": 0.0 }, "geometry": { "type": "Polygon", "coordinates": [ [ [ 721800.0, 6177100.0 ], [ 721800.0, 6177200.0 ], [ 721900.0, 6177200.0 ], [ 721900.0, 6177100.0 ], [ 721800.0, 6177100.0 ] ] ] } },
{ "type": "Feature", "properties": { "Shape_Area": 20000.0, "Shape_Leng": 600.0, "cluster_id": "147_88", "fid_1": 1296.0, "id_munic": 88.0, "munic_clus": "147_88", "munic_code": 147.0, "min": 2.5736424922943115, "max": 2.5736424922943115, "mean": 2.5736424922943115, "count": 2, "std": 0.0, "range": 0.0 }, "geometry": { "type": "Polygon", "coordinates": [ [ [ 721800.0, 6177000.0 ], [ 721800.0, 6177100.0 ], [ 721900.0, 6177100.0 ], [ 721900.0, 6177000.0 ], [ 721900.0, 6176900.0 ], [ 721800.0, 6176900.0 ], [ 721800.0, 6177000.0 ] ] ] } },
{ "type": "Feature", "properties": { "Shape_Area": 20000.0, "Shape_Leng": 600.0, "cluster_id": "147_89", "fid_1": 1297.0, "id_munic": 89.0, "munic_clus": "147_89", "munic_code": 147.0, "min": 3.0736420154571533, "max": 3.0736420154571533, "mean": 3.0736420154571533, "count": 2, "std": 0.0, "range": 0.0 }, "geometry": { "type": "Polygon", "coordinates": [ [ [ 722100.0, 6177200.0 ], [ 722200.0, 6177200.0 ], [ 722300.0, 6177200.0 ], [ 722300.0, 6177100.0 ], [ 722200.0, 6177100.0 ], [ 722100.0, 6177100.0 ], [ 722100.0, 6177200.0 ] ] ] } },
{ "type": "Feature", "properties": { "Shape_Area": 20000.0, "Shape_Leng": 600.0, "cluster_id": "147_90", "fid_1": 1298.0, "id_munic": 90.0, "munic_clus": "147_90", "munic_code": 147.0, "min": 2.3100636005401611, "max": 2.3100636005401611, "mean": 2.3100636005401611, "count": 2, "std": 0.0, "range": 0.0 }, "geometry": { "type": "Polygon", "coordinates": [ [ [ 722200.0, 6176900.0 ], [ 722300.0, 6176900.0 ], [ 722400.0, 6176900.0 ], [ 722400.0, 6176800.0 ], [ 722300.0, 6176800.0 ], [ 722200.0, 6176800.0 ], [ 722200.0, 6176900.0 ] ] ] } },
{ "type": "Feature", "properties": { "Shape_Area": 20000.0, "Shape_Leng": 600.0, "cluster_id": "147_91", "fid_1": 1299.0, "id_munic": 91.0, "munic_clus": "147_91", "munic_code": 147.0, "min": 3.2504160404205322, "max": 3.2504160404205322, "mean": 3.2504160404205322, "count": 2, "std": 0.0, "range": 0.0 }, "geometry": { "type": "Polygon", "coordinates": [ [ [ 722400.0, 6177000.0 ], [ 722500.0, 6177000.0 ], [ 722600.0, 6177000.0 ], [ 722600.0, 6176900.0 ], [ 722500.0, 6176900.0 ], [ 722400.0, 6176900.0 ], [ 722400.0, 6177000.0 ] ] ] } },
{ "type": "Feature", "properties": { "Shape_Area": 10000.0, "Shape_Leng": 400.0, "cluster_id": "147_92", "fid_1": 1300.0, "id_munic": 92.0, "munic_clus": "147_92", "munic_code": 147.0, "min": 2.4946689605712891, "max": 2.4946689605712891, "mean": 2.4946689605712891, "count": 1, "std": 0.0, "range": 0.0 }, "geometry": { "type": "Polygon", "coordinates": [ [ [ 721900.0, 6176900.0 ], [ 721900.0, 6177000.0 ], [ 722000.0, 6177000.0 ], [ 722000.0, 6176900.0 ], [ 721900.0, 6176900.0 ] ] ] } },
{ "type": "Feature", "properties": { "Shape_Area": 20000.0, "Shape_Leng": 600.0, "cluster_id": "147_93", "fid_1": 1301.0, "id_munic": 93.0, "munic_clus": "147_93", "munic_code": 147.0, "min": 2.8868710994720459, "max": 2.8868710994720459, "mean": 2.8868710994720459, "count": 2, "std": 0.0, "range": 0.0 }, "geometry": { "type": "Polygon", "coordinates": [ [ [ 721800.0, 6177600.0 ], [ 721800.0, 6177700.0 ], [ 721900.0, 6177700.0 ], [ 721900.0, 6177600.0 ], [ 721900.0, 6177500.0 ], [ 721800.0, 6177500.0 ], [ 721800.0, 6177600.0 ] ] ] } },
{ "type": "Feature", "properties": { "Shape_Area": 40000.0, "Shape_Leng": 1000.0, "cluster_id": "147_94", "fid_1": 1302.0, "id_munic": 94.0, "munic_clus": "147_94", "munic_code": 147.0, "min": 2.8128955364227295, "max": 2.8128955364227295, "mean": 2.8128955364227295, "count": 4, "std": 0.0, "range": 0.0 }, "geometry": { "type": "Polygon", "coordinates": [ [ [ 721700.0, 6177300.0 ], [ 721700.0, 6177400.0 ], [ 721700.0, 6177500.0 ], [ 721800.0, 6177500.0 ], [ 721800.0, 6177400.0 ], [ 721800.0, 6177300.0 ], [ 721800.0, 6177200.0 ], [ 721700.0, 6177200.0 ], [ 721600.0, 6177200.0 ], [ 721600.0, 6177300.0 ], [ 721700.0, 6177300.0 ] ] ] } },
{ "type": "Feature", "properties": { "Shape_Area": 80000.0, "Shape_Leng": 1200.0, "cluster_id": "147_95", "fid_1": 1303.0, "id_munic": 95.0, "munic_clus": "147_95", "munic_code": 147.0, "min": 3.0671443939208984, "max": 3.0671443939208984, "mean": 3.0671443939208984, "count": 8, "std": 0.0, "range": 0.0 }, "geometry": { "type": "Polygon", "coordinates": [ [ [ 721700.0, 6177300.0 ], [ 721600.0, 6177300.0 ], [ 721500.0, 6177300.0 ], [ 721400.0, 6177300.0 ], [ 721400.0, 6177400.0 ], [ 721400.0, 6177500.0 ], [ 721400.0, 6177600.0 ], [ 721500.0, 6177600.0 ], [ 721600.0, 6177600.0 ], [ 721600.0, 6177500.0 ], [ 721700.0, 6177500.0 ], [ 721700.0, 6177400.0 ], [ 721700.0, 6177300.0 ] ] ] } },
{ "type": "Feature", "properties": { "Shape_Area": 10000.0, "Shape_Leng": 400.0, "cluster_id": "147_96", "fid_1": 1304.0, "id_munic": 96.0, "munic_clus": "147_96", "munic_code": 147.0, "min": 3.0298237800598145, "max": 3.0298237800598145, "mean": 3.0298237800598145, "count": 1, "std": 0.0, "range": 0.0 }, "geometry": { "type": "Polygon", "coordinates": [ [ [ 721800.0, 6177300.0 ], [ 721800.0, 6177400.0 ], [ 721900.0, 6177400.0 ], [ 721900.0, 6177300.0 ], [ 721800.0, 6177300.0 ] ] ] } },
{ "type": "Feature", "properties": { "Shape_Area": 10000.0, "Shape_Leng": 400.0, "cluster_id": "147_97", "fid_1": 1305.0, "id_munic": 97.0, "munic_clus": "147_97", "munic_code": 147.0, "min": 3.9401872158050537, "max": 3.9401872158050537, "mean": 3.9401872158050537, "count": 1, "std": 0.0, "range": 0.0 }, "geometry": { "type": "Polygon", "coordinates": [ [ [ 721800.0, 6177400.0 ], [ 721800.0, 6177500.0 ], [ 721900.0, 6177500.0 ], [ 721900.0, 6177400.0 ], [ 721800.0, 6177400.0 ] ] ] } },
{ "type": "Feature", "properties": { "Shape_Area": 20000.0, "Shape_Leng": 600.0, "cluster_id": "147_98", "fid_1": 1306.0, "id_munic": 98.0, "munic_clus": "147_98", "munic_code": 147.0, "min": 2.6519491672515869, "max": 2.6519491672515869, "mean": 2.6519491672515869, "count": 2, "std": 0.0, "range": 0.0 }, "geometry": { "type": "Polygon", "coordinates": [ [ [ 721900.0, 6177600.0 ], [ 721900.0, 6177700.0 ], [ 722000.0, 6177700.0 ], [ 722000.0, 6177600.0 ], [ 722000.0, 6177500.0 ], [ 721900.0, 6177500.0 ], [ 721900.0, 6177600.0 ] ] ] } },
{ "type": "Feature", "properties": { "Shape_Area": 10000.0, "Shape_Leng": 400.0, "cluster_id": "147_99", "fid_1": 1307.0, "id_munic": 99.0, "munic_clus": "147_99", "munic_code": 147.0, "min": 2.1861052513122559, "max": 2.1861052513122559, "mean": 2.1861052513122559, "count": 1, "std": 0.0, "range": 0.0 }, "geometry": { "type": "Polygon", "coordinates": [ [ [ 721200.0, 6177200.0 ], [ 721200.0, 6177300.0 ], [ 721300.0, 6177300.0 ], [ 721300.0, 6177200.0 ], [ 721200.0, 6177200.0 ] ] ] } },
{ "type": "Feature", "properties": { "Shape_Area": 50000.0, "Shape_Leng": 1000.0, "cluster_id": "147_100", "fid_1": 1308.0, "id_munic": 100.0, "munic_clus": "147_100", "munic_code": 147.0, "min": 3.0029990673065186, "max": 3.0029990673065186, "mean": 3.0029991149902342, "count": 5, "std": 4.7683715642676816e-08, "range": 0.0 }, "geometry": { "type": "Polygon", "coordinates": [ [ [ 721400.0, 6177300.0 ], [ 721300.0, 6177300.0 ], [ 721200.0, 6177300.0 ], [ 721200.0, 6177400.0 ], [ 721200.0, 6177500.0 ], [ 721300.0, 6177500.0 ], [ 721300.0, 6177600.0 ], [ 721400.0, 6177600.0 ], [ 721400.0, 6177500.0 ], [ 721400.0, 6177400.0 ], [ 721400.0, 6177300.0 ] ] ] } },
{ "type": "Feature", "properties": { "Shape_Area": 30000.0, "Shape_Leng": 800.0, "cluster_id": "147_101", "fid_1": 1309.0, "id_munic": 101.0, "munic_clus": "147_101", "munic_code": 147.0, "min": 2.6759414672851562, "max": 2.6759414672851562, "mean": 2.6759414672851562, "count": 3, "std": 0.0, "range": 0.0 }, "geometry": { "type": "Polygon", "coordinates": [ [ [ 721000.0, 6177300.0 ], [ 721100.0, 6177300.0 ], [ 721100.0, 6177400.0 ], [ 721200.0, 6177400.0 ], [ 721200.0, 6177300.0 ], [ 721200.0, 6177200.0 ], [ 721100.0, 6177200.0 ], [ 721000.0, 6177200.0 ], [ 721000.0, 6177300.0 ] ] ] } },
{ "type": "Feature", "properties": { "Shape_Area": 20000.0, "Shape_Leng": 600.0, "cluster_id": "147_102", "fid_1": 1310.0, "id_munic": 102.0, "munic_clus": "147_102", "munic_code": 147.0, "min": 2.2615797519683838, "max": 2.2615797519683838, "mean": 2.2615797519683838, "count": 2, "std": 0.0, "range": 0.0 }, "geometry": { "type": "Polygon", "coordinates": [ [ [ 721300.0, 6177200.0 ], [ 721300.0, 6177300.0 ], [ 721400.0, 6177300.0 ], [ 721400.0, 6177200.0 ], [ 721400.0, 6177100.0 ], [ 721300.0, 6177100.0 ], [ 721300.0, 6177200.0 ] ] ] } },
{ "type": "Feature", "properties": { "Shape_Area": 20000.0, "Shape_Leng": 600.0, "cluster_id": "147_103", "fid_1": 1311.0, "id_munic": 103.0, "munic_clus": "147_103", "munic_code": 147.0, "min": 2.8463847637176514, "max": 2.8463847637176514, "mean": 2.8463847637176514, "count": 2, "std": 0.0, "range": 0.0 }, "geometry": { "type": "Polygon", "coordinates": [ [ [ 722400.0, 6175200.0 ], [ 722400.0, 6175300.0 ], [ 722500.0, 6175300.0 ], [ 722500.0, 6175200.0 ], [ 722500.0, 6175100.0 ], [ 722400.0, 6175100.0 ], [ 722400.0, 6175200.0 ] ] ] } },
{ "type": "Feature", "properties": { "Shape_Area": 10000.0, "Shape_Leng": 400.0, "cluster_id": "147_104", "fid_1": 1312.0, "id_munic": 104.0, "munic_clus": "147_104", "munic_code": 147.0, "min": 2.8695437908172607, "max": 2.8695437908172607, "mean": 2.8695437908172607, "count": 1, "std": 0.0, "range": 0.0 }, "geometry": { "type": "Polygon", "coordinates": [ [ [ 722900.0, 6175300.0 ], [ 722900.0, 6175400.0 ], [ 723000.0, 6175400.0 ], [ 723000.0, 6175300.0 ], [ 722900.0, 6175300.0 ] ] ] } },
{ "type": "Feature", "properties": { "Shape_Area": 20000.0, "Shape_Leng": 600.0, "cluster_id": "147_105", "fid_1": 1313.0, "id_munic": 105.0, "munic_clus": "147_105", "munic_code": 147.0, "min": 2.8953688144683838, "max": 2.8953688144683838, "mean": 2.8953688144683838, "count": 2, "std": 0.0, "range": 0.0 }, "geometry": { "type": "Polygon", "coordinates": [ [ [ 723200.0, 6176600.0 ], [ 723200.0, 6176700.0 ], [ 723300.0, 6176700.0 ], [ 723300.0, 6176600.0 ], [ 723300.0, 6176500.0 ], [ 723200.0, 6176500.0 ], [ 723200.0, 6176600.0 ] ] ] } },
{ "type": "Feature", "properties": { "Shape_Area": 20000.0, "Shape_Leng": 600.0, "cluster_id": "147_106", "fid_1": 1314.0, "id_munic": 106.0, "munic_clus": "147_106", "munic_code": 147.0, "min": 2.9431860446929932, "max": 2.9431860446929932, "mean": 2.9431860446929932, "count": 2, "std": 0.0, "range": 0.0 }, "geometry": { "type": "Polygon", "coordinates": [ [ [ 723300.0, 6176700.0 ], [ 723400.0, 6176700.0 ], [ 723500.0, 6176700.0 ], [ 723500.0, 6176600.0 ], [ 723400.0, 6176600.0 ], [ 723300.0, 6176600.0 ], [ 723300.0, 6176700.0 ] ] ] } },
{ "type": "Feature", "properties": { "Shape_Area": 40000.0, "Shape_Leng": 1000.0, "cluster_id": "147_107", "fid_1": 1315.0, "id_munic": 107.0, "munic_clus": "147_107", "munic_code": 147.0, "min": 2.5259914398193359, "max": 2.5259914398193359, "mean": 2.5259914398193359, "count": 4, "std": 0.0, "range": 0.0 }, "geometry": { "type": "Polygon", "coordinates": [ [ [ 723300.0, 6176500.0 ], [ 723300.0, 6176600.0 ], [ 723400.0, 6176600.0 ], [ 723500.0, 6176600.0 ], [ 723500.0, 6176500.0 ], [ 723400.0, 6176500.0 ], [ 723400.0, 6176400.0 ], [ 723300.0, 6176400.0 ], [ 723200.0, 6176400.0 ], [ 723200.0, 6176500.0 ], [ 723300.0, 6176500.0 ] ] ] } },
{ "type": "Feature", "properties": { "Shape_Area": 10000.0, "Shape_Leng": 400.0, "cluster_id": "147_108", "fid_1": 1316.0, "id_munic": 108.0, "munic_clus": "147_108", "munic_code": 147.0, "min": 3.399700403213501, "max": 3.399700403213501, "mean": 3.399700403213501, "count": 1, "std": 0.0, "range": 0.0 }, "geometry": { "type": "Polygon", "coordinates": [ [ [ 723100.0, 6176600.0 ], [ 723100.0, 6176700.0 ], [ 723200.0, 6176700.0 ], [ 723200.0, 6176600.0 ], [ 723100.0, 6176600.0 ] ] ] } },
{ "type": "Feature", "properties": { "Shape_Area": 30000.0, "Shape_Leng": 800.0, "cluster_id": "147_109", "fid_1": 1317.0, "id_munic": 109.0, "munic_clus": "147_109", "munic_code": 147.0, "min": 3.1732754707336426, "max": 3.1732754707336426, "mean": 3.1732756296793618, "count": 3, "std": 1.5894571925301193e-07, "range": 0.0 }, "geometry": { "type": "Polygon", "coordinates": [ [ [ 722900.0, 6176600.0 ], [ 723000.0, 6176600.0 ], [ 723100.0, 6176600.0 ], [ 723200.0, 6176600.0 ], [ 723200.0, 6176500.0 ], [ 723100.0, 6176500.0 ], [ 723000.0, 6176500.0 ], [ 722900.0, 6176500.0 ], [ 722900.0, 6176600.0 ] ] ] } },
{ "type": "Feature", "properties": { "Shape_Area": 130000.0, "Shape_Leng": 2000.0, "cluster_id": "147_110", "fid_1": 1318.0, "id_munic": 110.0, "munic_clus": "147_110", "munic_code": 147.0, "min": 2.4741752147674561, "max": 2.4741752147674561, "mean": 2.4741750863882213, "count": 13, "std": 1.2837923479835922e-07, "range": 0.0 }, "geometry": { "type": "Polygon", "coordinates": [ [ [ 722600.0, 6176600.0 ], [ 722600.0, 6176700.0 ], [ 722500.0, 6176700.0 ], [ 722400.0, 6176700.0 ], [ 722400.0, 6176800.0 ], [ 722500.0, 6176800.0 ], [ 722500.0, 6176900.0 ], [ 722600.0, 6176900.0 ], [ 722600.0, 6177000.0 ], [ 722700.0, 6177000.0 ], [ 722700.0, 6176900.0 ], [ 722800.0, 6176900.0 ], [ 722800.0, 6176800.0 ], [ 722900.0, 6176800.0 ], [ 723000.0, 6176800.0 ], [ 723000.0, 6176700.0 ], [ 722900.0, 6176700.0 ], [ 722900.0, 6176600.0 ], [ 722800.0, 6176600.0 ], [ 722700.0, 6176600.0 ], [ 722600.0, 6176600.0 ] ] ] } },
{ "type": "Feature", "properties": { "Shape_Area": 20000.0, "Shape_Leng": 600.0, "cluster_id": "147_111", "fid_1": 1319.0, "id_munic": 111.0, "munic_clus": "147_111", "munic_code": 147.0, "min": 2.7320892810821533, "max": 2.7320892810821533, "mean": 2.7320892810821533, "count": 2, "std": 0.0, "range": 0.0 }, "geometry": { "type": "Polygon", "coordinates": [ [ [ 722900.0, 6176700.0 ], [ 723000.0, 6176700.0 ], [ 723100.0, 6176700.0 ], [ 723100.0, 6176600.0 ], [ 723000.0, 6176600.0 ], [ 722900.0, 6176600.0 ], [ 722900.0, 6176700.0 ] ] ] } },
{ "type": "Feature", "properties": { "Shape_Area": 30000.0, "Shape_Leng": 800.0, "cluster_id": "147_112", "fid_1": 1320.0, "id_munic": 112.0, "munic_clus": "147_112", "munic_code": 147.0, "min": 2.6977677345275879, "max": 2.6977677345275879, "mean": 2.6977678934733071, "count": 3, "std": 1.5894571925301193e-07, "range": 0.0 }, "geometry": { "type": "Polygon", "coordinates": [ [ [ 721000.0, 6176800.0 ], [ 721100.0, 6176800.0 ], [ 721100.0, 6176900.0 ], [ 721200.0, 6176900.0 ], [ 721200.0, 6176800.0 ], [ 721200.0, 6176700.0 ], [ 721100.0, 6176700.0 ], [ 721000.0, 6176700.0 ], [ 721000.0, 6176800.0 ] ] ] } },
{ "type": "Feature", "properties": { "Shape_Area": 30000.0, "Shape_Leng": 800.0, "cluster_id": "147_113", "fid_1": 1321.0, "id_munic": 113.0, "munic_clus": "147_113", "munic_code": 147.0, "min": 2.690770149230957, "max": 2.690770149230957, "mean": 2.690770149230957, "count": 3, "std": 0.0, "range": 0.0 }, "geometry": { "type": "Polygon", "coordinates": [ [ [ 722500.0, 6175300.0 ], [ 722500.0, 6175400.0 ], [ 722500.0, 6175500.0 ], [ 722600.0, 6175500.0 ], [ 722600.0, 6175400.0 ], [ 722600.0, 6175300.0 ], [ 722600.0, 6175200.0 ], [ 722500.0, 6175200.0 ], [ 722500.0, 6175300.0 ] ] ] } },
{ "type": "Feature", "properties": { "Shape_Area": 20000.0, "Shape_Leng": 600.0, "cluster_id": "147_114", "fid_1": 1322.0, "id_munic": 114.0, "munic_clus": "147_114", "munic_code": 147.0, "min": 3.2605800628662109, "max": 3.2605800628662109, "mean": 3.2605800628662109, "count": 2, "std": 0.0, "range": 0.0 }, "geometry": { "type": "Polygon", "coordinates": [ [ [ 722200.0, 6175600.0 ], [ 722300.0, 6175600.0 ], [ 722400.0, 6175600.0 ], [ 722400.0, 6175500.0 ], [ 722300.0, 6175500.0 ], [ 722200.0, 6175500.0 ], [ 722200.0, 6175600.0 ] ] ] } },
{ "type": "Feature", "properties": { "Shape_Area": 30000.0, "Shape_Leng": 800.0, "cluster_id": "147_115", "fid_1": 1323.0, "id_munic": 115.0, "munic_clus": "147_115", "munic_code": 147.0, "min": 2.8932020664215088, "max": 2.8932020664215088, "mean": 2.8932021458943686, "count": 3, "std": 7.947285984855057e-08, "range": 0.0 }, "geometry": { "type": "Polygon", "coordinates": [ [ [ 722100.0, 6175900.0 ], [ 722200.0, 6175900.0 ], [ 722300.0, 6175900.0 ], [ 722400.0, 6175900.0 ], [ 722400.0, 6175800.0 ], [ 722300.0, 6175800.0 ], [ 722200.0, 6175800.0 ], [ 722100.0, 6175800.0 ], [ 722100.0, 6175900.0 ] ] ] } },
{ "type": "Feature", "properties": { "Shape_Area": 30000.0, "Shape_Leng": 800.0, "cluster_id": "147_116", "fid_1": 1324.0, "id_munic": 116.0, "munic_clus": "147_116", "munic_code": 147.0, "min": 3.3097302913665771, "max": 3.3097302913665771, "mean": 3.3097302118937173, "count": 3, "std": 7.947285984855057e-08, "range": 0.0 }, "geometry": { "type": "Polygon", "coordinates": [ [ [ 722100.0, 6175600.0 ], [ 722100.0, 6175700.0 ], [ 722200.0, 6175700.0 ], [ 722300.0, 6175700.0 ], [ 722300.0, 6175600.0 ], [ 722200.0, 6175600.0 ], [ 722200.0, 6175500.0 ], [ 722100.0, 6175500.0 ], [ 722100.0, 6175600.0 ] ] ] } },
{ "type": "Feature", "properties": { "Shape_Area": 20000.0, "Shape_Leng": 600.0, "cluster_id": "147_117", "fid_1": 1325.0, "id_munic": 117.0, "munic_clus": "147_117", "munic_code": 147.0, "min": 3.0376541614532471, "max": 3.0376541614532471, "mean": 3.0376541614532471, "count": 2, "std": 0.0, "range": 0.0 }, "geometry": { "type": "Polygon", "coordinates": [ [ [ 722800.0, 6175600.0 ], [ 722800.0, 6175700.0 ], [ 722900.0, 6175700.0 ], [ 722900.0, 6175600.0 ], [ 722900.0, 6175500.0 ], [ 722800.0, 6175500.0 ], [ 722800.0, 6175600.0 ] ] ] } },
{ "type": "Feature", "properties": { "Shape_Area": 20000.0, "Shape_Leng": 600.0, "cluster_id": "147_118", "fid_1": 1326.0, "id_munic": 118.0, "munic_clus": "147_118", "munic_code": 147.0, "min": 2.4033656120300293, "max": 2.4033656120300293, "mean": 2.4033656120300293, "count": 2, "std": 0.0, "range": 0.0 }, "geometry": { "type": "Polygon", "coordinates": [ [ [ 722600.0, 6175600.0 ], [ 722600.0, 6175700.0 ], [ 722700.0, 6175700.0 ], [ 722700.0, 6175600.0 ], [ 722700.0, 6175500.0 ], [ 722600.0, 6175500.0 ], [ 722600.0, 6175600.0 ] ] ] } },
{ "type": "Feature", "properties": { "Shape_Area": 10000.0, "Shape_Leng": 400.0, "cluster_id": "147_119", "fid_1": 1327.0, "id_munic": 119.0, "munic_clus": "147_119", "munic_code": 147.0, "min": 3.4303567409515381, "max": 3.4303567409515381, "mean": 3.4303567409515381, "count": 1, "std": 0.0, "range": 0.0 }, "geometry": { "type": "Polygon", "coordinates": [ [ [ 722700.0, 6175600.0 ], [ 722700.0, 6175700.0 ], [ 722800.0, 6175700.0 ], [ 722800.0, 6175600.0 ], [ 722700.0, 6175600.0 ] ] ] } },
{ "type": "Feature", "properties": { "Shape_Area": 10000.0, "Shape_Leng": 400.0, "cluster_id": "147_120", "fid_1": 1328.0, "id_munic": 120.0, "munic_clus": "147_120", "munic_code": 147.0, "min": 3.7440853118896484, "max": 3.7440853118896484, "mean": 3.7440853118896484, "count": 1, "std": 0.0, "range": 0.0 }, "geometry": { "type": "Polygon", "coordinates": [ [ [ 722400.0, 6175500.0 ], [ 722400.0, 6175600.0 ], [ 722500.0, 6175600.0 ], [ 722500.0, 6175500.0 ], [ 722400.0, 6175500.0 ] ] ] } },
{ "type": "Feature", "properties": { "Shape_Area": 20000.0, "Shape_Leng": 600.0, "cluster_id": "147_121", "fid_1": 1329.0, "id_munic": 121.0, "munic_clus": "147_121", "munic_code": 147.0, "min": 3.4785070419311523, "max": 3.4785070419311523, "mean": 3.4785070419311523, "count": 2, "std": 0.0, "range": 0.0 }, "geometry": { "type": "Polygon", "coordinates": [ [ [ 722500.0, 6175700.0 ], [ 722500.0, 6175800.0 ], [ 722600.0, 6175800.0 ], [ 722600.0, 6175700.0 ], [ 722600.0, 6175600.0 ], [ 722500.0, 6175600.0 ], [ 722500.0, 6175700.0 ] ] ] } },
{ "type": "Feature", "properties": { "Shape_Area": 10000.0, "Shape_Leng": 400.0, "cluster_id": "147_122", "fid_1": 1330.0, "id_munic": 122.0, "munic_clus": "147_122", "munic_code": 147.0, "min": 3.297400951385498, "max": 3.297400951385498, "mean": 3.297400951385498, "count": 1, "std": 0.0, "range": 0.0 }, "geometry": { "type": "Polygon", "coordinates": [ [ [ 722600.0, 6175700.0 ], [ 722600.0, 6175800.0 ], [ 722700.0, 6175800.0 ], [ 722700.0, 6175700.0 ], [ 722600.0, 6175700.0 ] ] ] } },
{ "type": "Feature", "properties": { "Shape_Area": 10000.0, "Shape_Leng": 400.0, "cluster_id": "147_123", "fid_1": 1331.0, "id_munic": 123.0, "munic_clus": "147_123", "munic_code": 147.0, "min": 3.1567809581756592, "max": 3.1567809581756592, "mean": 3.1567809581756592, "count": 1, "std": 0.0, "range": 0.0 }, "geometry": { "type": "Polygon", "coordinates": [ [ [ 722500.0, 6175500.0 ], [ 722500.0, 6175600.0 ], [ 722600.0, 6175600.0 ], [ 722600.0, 6175500.0 ], [ 722500.0, 6175500.0 ] ] ] } },
{ "type": "Feature", "properties": { "Shape_Area": 10000.0, "Shape_Leng": 400.0, "cluster_id": "147_124", "fid_1": 1332.0, "id_munic": 124.0, "munic_clus": "147_124", "munic_code": 147.0, "min": 2.9323558807373047, "max": 2.9323558807373047, "mean": 2.9323558807373047, "count": 1, "std": 0.0, "range": 0.0 }, "geometry": { "type": "Polygon", "coordinates": [ [ [ 722800.0, 6175400.0 ], [ 722800.0, 6175500.0 ], [ 722900.0, 6175500.0 ], [ 722900.0, 6175400.0 ], [ 722800.0, 6175400.0 ] ] ] } },
{ "type": "Feature", "properties": { "Shape_Area": 20000.0, "Shape_Leng": 600.0, "cluster_id": "147_125", "fid_1": 1333.0, "id_munic": 125.0, "munic_clus": "147_125", "munic_code": 147.0, "min": 2.9231927394866943, "max": 2.9231927394866943, "mean": 2.9231927394866943, "count": 2, "std": 0.0, "range": 0.0 }, "geometry": { "type": "Polygon", "coordinates": [ [ [ 722300.0, 6175700.0 ], [ 722400.0, 6175700.0 ], [ 722500.0, 6175700.0 ], [ 722500.0, 6175600.0 ], [ 722400.0, 6175600.0 ], [ 722300.0, 6175600.0 ], [ 722300.0, 6175700.0 ] ] ] } },
{ "type": "Feature", "properties": { "Shape_Area": 30000.0, "Shape_Leng": 800.0, "cluster_id": "147_126", "fid_1": 1334.0, "id_munic": 126.0, "munic_clus": "147_126", "munic_code": 147.0, "min": 3.0516493320465088, "max": 3.0516493320465088, "mean": 3.0516494115193686, "count": 3, "std": 7.947285984855057e-08, "range": 0.0 }, "geometry": { "type": "Polygon", "coordinates": [ [ [ 720900.0, 6174900.0 ], [ 721000.0, 6174900.0 ], [ 721100.0, 6174900.0 ], [ 721200.0, 6174900.0 ], [ 721200.0, 6174800.0 ], [ 721100.0, 6174800.0 ], [ 721000.0, 6174800.0 ], [ 720900.0, 6174800.0 ], [ 720900.0, 6174900.0 ] ] ] } },
{ "type": "Feature", "properties": { "Shape_Area": 10000.0, "Shape_Leng": 400.0, "cluster_id": "147_127", "fid_1": 1335.0, "id_munic": 127.0, "munic_clus": "147_127", "munic_code": 147.0, "min": 3.5741424560546875, "max": 3.5741424560546875, "mean": 3.5741424560546875, "count": 1, "std": 0.0, "range": 0.0 }, "geometry": { "type": "Polygon", "coordinates": [ [ [ 720100.0, 6175000.0 ], [ 720100.0, 6175100.0 ], [ 720200.0, 6175100.0 ], [ 720200.0, 6175000.0 ], [ 720100.0, 6175000.0 ] ] ] } },
{ "type": "Feature", "properties": { "Shape_Area": 40000.0, "Shape_Leng": 1000.0, "cluster_id": "147_128", "fid_1": 1336.0, "id_munic": 128.0, "munic_clus": "147_128", "munic_code": 147.0, "min": 2.6327888965606689, "max": 2.6327888965606689, "mean": 2.6327888965606689, "count": 4, "std": 0.0, "range": 0.0 }, "geometry": { "type": "Polygon", "coordinates": [ [ [ 719800.0, 6175200.0 ], [ 719900.0, 6175200.0 ], [ 720000.0, 6175200.0 ], [ 720100.0, 6175200.0 ], [ 720100.0, 6175100.0 ], [ 720000.0, 6175100.0 ], [ 719900.0, 6175100.0 ], [ 719900.0, 6175000.0 ], [ 719800.0, 6175000.0 ], [ 719800.0, 6175100.0 ], [ 719800.0, 6175200.0 ] ] ] } },
{ "type": "Feature", "properties": { "Shape_Area": 20000.0, "Shape_Leng": 600.0, "cluster_id": "147_129", "fid_1": 1337.0, "id_munic": 129.0, "munic_clus": "147_129", "munic_code": 147.0, "min": 3.6314563751220703, "max": 3.6314563751220703, "mean": 3.6314563751220703, "count": 2, "std": 0.0, "range": 0.0 }, "geometry": { "type": "Polygon", "coordinates": [ [ [ 720200.0, 6175100.0 ], [ 720300.0, 6175100.0 ], [ 720400.0, 6175100.0 ], [ 720400.0, 6175000.0 ], [ 720300.0, 6175000.0 ], [ 720200.0, 6175000.0 ], [ 720200.0, 6175100.0 ] ] ] } },
{ "type": "Feature", "properties": { "Shape_Area": 20000.0, "Shape_Leng": 600.0, "cluster_id": "147_130", "fid_1": 1338.0, "id_munic": 130.0, "munic_clus": "147_130", "munic_code": 147.0, "min": 3.5379877090454102, "max": 3.5379877090454102, "mean": 3.5379877090454102, "count": 2, "std": 0.0, "range": 0.0 }, "geometry": { "type": "Polygon", "coordinates": [ [ [ 720200.0, 6175200.0 ], [ 720300.0, 6175200.0 ], [ 720400.0, 6175200.0 ], [ 720400.0, 6175100.0 ], [ 720300.0, 6175100.0 ], [ 720200.0, 6175100.0 ], [ 720200.0, 6175200.0 ] ] ] } },
{ "type": "Feature", "properties": { "Shape_Area": 60000.0, "Shape_Leng": 1000.0, "cluster_id": "147_131", "fid_1": 1339.0, "id_munic": 131.0, "munic_clus": "147_131", "munic_code": 147.0, "min": 2.8057317733764648, "max": 2.8057317733764648, "mean": 2.8057317733764648, "count": 6, "std": 0.0, "range": 0.0 }, "geometry": { "type": "Polygon", "coordinates": [ [ [ 721000.0, 6175100.0 ], [ 721000.0, 6175200.0 ], [ 721100.0, 6175200.0 ], [ 721200.0, 6175200.0 ], [ 721200.0, 6175100.0 ], [ 721200.0, 6175000.0 ], [ 721200.0, 6174900.0 ], [ 721100.0, 6174900.0 ], [ 721000.0, 6174900.0 ], [ 721000.0, 6175000.0 ], [ 721000.0, 6175100.0 ] ] ] } },
{ "type": "Feature", "properties": { "Shape_Area": 10000.0, "Shape_Leng": 400.0, "cluster_id": "147_132", "fid_1": 1340.0, "id_munic": 132.0, "munic_clus": "147_132", "munic_code": 147.0, "min": 3.5473179817199707, "max": 3.5473179817199707, "mean": 3.5473179817199707, "count": 1, "std": 0.0, "range": 0.0 }, "geometry": { "type": "Polygon", "coordinates": [ [ [ 720500.0, 6175100.0 ], [ 720500.0, 6175200.0 ], [ 720600.0, 6175200.0 ], [ 720600.0, 6175100.0 ], [ 720500.0, 6175100.0 ] ] ] } },
{ "type": "Feature", "properties": { "Shape_Area": 140000.0, "Shape_Leng": 1600.0, "cluster_id": "147_133", "fid_1": 1341.0, "id_munic": 133.0, "munic_clus": "147_133", "munic_code": 147.0, "min": 3.0108299255371094, "max": 3.0108299255371094, "mean": 3.0108299255371094, "count": 14, "std": 0.0, "range": 0.0 }, "geometry": { "type": "Polygon", "coordinates": [ [ [ 720700.0, 6174900.0 ], [ 720600.0, 6174900.0 ], [ 720500.0, 6174900.0 ], [ 720500.0, 6175000.0 ], [ 720500.0, 6175100.0 ], [ 720600.0, 6175100.0 ], [ 720600.0, 6175200.0 ], [ 720700.0, 6175200.0 ], [ 720800.0, 6175200.0 ], [ 720900.0, 6175200.0 ], [ 721000.0, 6175200.0 ], [ 721000.0, 6175100.0 ], [ 721000.0, 6175000.0 ], [ 721000.0, 6174900.0 ], [ 720900.0, 6174900.0 ], [ 720800.0, 6174900.0 ], [ 720700.0, 6174900.0 ] ] ] } },
{ "type": "Feature", "properties": { "Shape_Area": 20000.0, "Shape_Leng": 600.0, "cluster_id": "147_134", "fid_1": 1342.0, "id_munic": 134.0, "munic_clus": "147_134", "munic_code": 147.0, "min": 3.1542823314666748, "max": 3.1542823314666748, "mean": 3.1542823314666748, "count": 2, "std": 0.0, "range": 0.0 }, "geometry": { "type": "Polygon", "coordinates": [ [ [ 723000.0, 6175700.0 ], [ 723000.0, 6175800.0 ], [ 723100.0, 6175800.0 ], [ 723100.0, 6175700.0 ], [ 723100.0, 6175600.0 ], [ 723000.0, 6175600.0 ], [ 723000.0, 6175700.0 ] ] ] } },
{ "type": "Feature", "properties": { "Shape_Area": 10000.0, "Shape_Leng": 400.0, "cluster_id": "147_135", "fid_1": 1343.0, "id_munic": 135.0, "munic_clus": "147_135", "munic_code": 147.0, "min": 3.4581811428070068, "max": 3.4581811428070068, "mean": 3.4581811428070068, "count": 1, "std": 0.0, "range": 0.0 }, "geometry": { "type": "Polygon", "coordinates": [ [ [ 723300.0, 6175600.0 ], [ 723300.0, 6175700.0 ], [ 723400.0, 6175700.0 ], [ 723400.0, 6175600.0 ], [ 723300.0, 6175600.0 ] ] ] } },
{ "type": "Feature", "properties": { "Shape_Area": 20000.0, "Shape_Leng": 600.0, "cluster_id": "147_136", "fid_1": 1344.0, "id_munic": 136.0, "munic_clus": "147_136", "munic_code": 147.0, "min": 2.8957018852233887, "max": 2.8957018852233887, "mean": 2.8957018852233887, "count": 2, "std": 0.0, "range": 0.0 }, "geometry": { "type": "Polygon", "coordinates": [ [ [ 723200.0, 6175600.0 ], [ 723200.0, 6175700.0 ], [ 723300.0, 6175700.0 ], [ 723300.0, 6175600.0 ], [ 723300.0, 6175500.0 ], [ 723200.0, 6175500.0 ], [ 723200.0, 6175600.0 ] ] ] } },
{ "type": "Feature", "properties": { "Shape_Area": 30000.0, "Shape_Leng": 800.0, "cluster_id": "147_137", "fid_1": 1345.0, "id_munic": 137.0, "munic_clus": "147_137", "munic_code": 147.0, "min": 2.9146952629089355, "max": 2.9146952629089355, "mean": 2.9146951039632163, "count": 3, "std": 1.5894571925301193e-07, "range": 0.0 }, "geometry": { "type": "Polygon", "coordinates": [ [ [ 723300.0, 6175600.0 ], [ 723400.0, 6175600.0 ], [ 723400.0, 6175700.0 ], [ 723500.0, 6175700.0 ], [ 723500.0, 6175600.0 ], [ 723500.0, 6175500.0 ], [ 723400.0, 6175500.0 ], [ 723300.0, 6175500.0 ], [ 723300.0, 6175600.0 ] ] ] } },
{ "type": "Feature", "properties": { "Shape_Area": 20000.0, "Shape_Leng": 600.0, "cluster_id": "147_138", "fid_1": 1346.0, "id_munic": 138.0, "munic_clus": "147_138", "munic_code": 147.0, "min": 3.2780745029449463, "max": 3.2780745029449463, "mean": 3.2780745029449463, "count": 2, "std": 0.0, "range": 0.0 }, "geometry": { "type": "Polygon", "coordinates": [ [ [ 722900.0, 6175700.0 ], [ 722900.0, 6175800.0 ], [ 723000.0, 6175800.0 ], [ 723000.0, 6175700.0 ], [ 723000.0, 6175600.0 ], [ 722900.0, 6175600.0 ], [ 722900.0, 6175700.0 ] ] ] } },
{ "type": "Feature", "properties": { "Shape_Area": 20000.0, "Shape_Leng": 600.0, "cluster_id": "147_139", "fid_1": 1347.0, "id_munic": 139.0, "munic_clus": "147_139", "munic_code": 147.0, "min": 2.6142952442169189, "max": 2.6142952442169189, "mean": 2.6142952442169189, "count": 2, "std": 0.0, "range": 0.0 }, "geometry": { "type": "Polygon", "coordinates": [ [ [ 723000.0, 6175900.0 ], [ 723000.0, 6176000.0 ], [ 723100.0, 6176000.0 ], [ 723100.0, 6175900.0 ], [ 723100.0, 6175800.0 ], [ 723000.0, 6175800.0 ], [ 723000.0, 6175900.0 ] ] ] } },
{ "type": "Feature", "properties": { "Shape_Area": 20000.0, "Shape_Leng": 600.0, "cluster_id": "147_140", "fid_1": 1348.0, "id_munic": 140.0, "munic_clus": "147_140", "munic_code": 147.0, "min": 3.0873043537139893, "max": 3.0873043537139893, "mean": 3.0873043537139893, "count": 2, "std": 0.0, "range": 0.0 }, "geometry": { "type": "Polygon", "coordinates": [ [ [ 722900.0, 6175500.0 ], [ 722900.0, 6175600.0 ], [ 723000.0, 6175600.0 ], [ 723000.0, 6175500.0 ], [ 723000.0, 6175400.0 ], [ 722900.0, 6175400.0 ], [ 722900.0, 6175500.0 ] ] ] } },
{ "type": "Feature", "properties": { "Shape_Area": 20000.0, "Shape_Leng": 600.0, "cluster_id": "147_141", "fid_1": 1349.0, "id_munic": 141.0, "munic_clus": "147_141", "munic_code": 147.0, "min": 2.8220596313476562, "max": 2.8220596313476562, "mean": 2.8220596313476562, "count": 2, "std": 0.0, "range": 0.0 }, "geometry": { "type": "Polygon", "coordinates": [ [ [ 723500.0, 6175900.0 ], [ 723500.0, 6176000.0 ], [ 723600.0, 6176000.0 ], [ 723600.0, 6175900.0 ], [ 723600.0, 6175800.0 ], [ 723500.0, 6175800.0 ], [ 723500.0, 6175900.0 ] ] ] } },
{ "type": "Feature", "properties": { "Shape_Area": 30000.0, "Shape_Leng": 800.0, "cluster_id": "147_142", "fid_1": 1350.0, "id_munic": 142.0, "munic_clus": "147_142", "munic_code": 147.0, "min": 3.8242254257202148, "max": 3.8242254257202148, "mean": 3.8242254257202148, "count": 3, "std": 0.0, "range": 0.0 }, "geometry": { "type": "Polygon", "coordinates": [ [ [ 723500.0, 6175700.0 ], [ 723400.0, 6175700.0 ], [ 723400.0, 6175800.0 ], [ 723500.0, 6175800.0 ], [ 723600.0, 6175800.0 ], [ 723600.0, 6175700.0 ], [ 723600.0, 6175600.0 ], [ 723500.0, 6175600.0 ], [ 723500.0, 6175700.0 ] ] ] } },
{ "type": "Feature", "properties": { "Shape_Area": 30000.0, "Shape_Leng": 800.0, "cluster_id": "147_143", "fid_1": 1351.0, "id_munic": 143.0, "munic_clus": "147_143", "munic_code": 147.0, "min": 4.1226263046264648, "max": 4.1226263046264648, "mean": 4.1226263046264648, "count": 3, "std": 0.0, "range": 0.0 }, "geometry": { "type": "Polygon", "coordinates": [ [ [ 723300.0, 6175800.0 ], [ 723300.0, 6175900.0 ], [ 723400.0, 6175900.0 ], [ 723500.0, 6175900.0 ], [ 723500.0, 6175800.0 ], [ 723400.0, 6175800.0 ], [ 723400.0, 6175700.0 ], [ 723300.0, 6175700.0 ], [ 723300.0, 6175800.0 ] ] ] } },
{ "type": "Feature", "properties": { "Shape_Area": 30000.0, "Shape_Leng": 800.0, "cluster_id": "147_144", "fid_1": 1352.0, "id_munic": 144.0, "munic_clus": "147_144", "munic_code": 147.0, "min": 2.5206596851348877, "max": 2.5206596851348877, "mean": 2.5206597646077475, "count": 3, "std": 7.947285984855057e-08, "range": 0.0 }, "geometry": { "type": "Polygon", "coordinates": [ [ [ 723300.0, 6176000.0 ], [ 723300.0, 6176100.0 ], [ 723400.0, 6176100.0 ], [ 723400.0, 6176000.0 ], [ 723500.0, 6176000.0 ], [ 723500.0, 6175900.0 ], [ 723400.0, 6175900.0 ], [ 723300.0, 6175900.0 ], [ 723300.0, 6176000.0 ] ] ] } },
{ "type": "Feature", "properties": { "Shape_Area": 10000.0, "Shape_Leng": 400.0, "cluster_id": "147_145", "fid_1": 1353.0, "id_munic": 145.0, "munic_clus": "147_145", "munic_code": 147.0, "min": 3.1676111221313477, "max": 3.1676111221313477, "mean": 3.1676111221313477, "count": 1, "std": 0.0, "range": 0.0 }, "geometry": { "type": "Polygon", "coordinates": [ [ [ 723200.0, 6176000.0 ], [ 723200.0, 6176100.0 ], [ 723300.0, 6176100.0 ], [ 723300.0, 6176000.0 ], [ 723200.0, 6176000.0 ] ] ] } },
{ "type": "Feature", "properties": { "Shape_Area": 20000.0, "Shape_Leng": 600.0, "cluster_id": "147_146", "fid_1": 1354.0, "id_munic": 146.0, "munic_clus": "147_146", "munic_code": 147.0, "min": 3.3175609111785889, "max": 3.3175609111785889, "mean": 3.3175609111785889, "count": 2, "std": 0.0, "range": 0.0 }, "geometry": { "type": "Polygon", "coordinates": [ [ [ 723000.0, 6176100.0 ], [ 723100.0, 6176100.0 ], [ 723200.0, 6176100.0 ], [ 723200.0, 6176000.0 ], [ 723100.0, 6176000.0 ], [ 723000.0, 6176000.0 ], [ 723000.0, 6176100.0 ] ] ] } },
{ "type": "Feature", "properties": { "Shape_Area": 10000.0, "Shape_Leng": 400.0, "cluster_id": "147_147", "fid_1": 1355.0, "id_munic": 147.0, "munic_clus": "147_147", "munic_code": 147.0, "min": 2.0674777030944824, "max": 2.0674777030944824, "mean": 2.0674777030944824, "count": 1, "std": 0.0, "range": 0.0 }, "geometry": { "type": "Polygon", "coordinates": [ [ [ 723200.0, 6175700.0 ], [ 723200.0, 6175800.0 ], [ 723300.0, 6175800.0 ], [ 723300.0, 6175700.0 ], [ 723200.0, 6175700.0 ] ] ] } },
{ "type": "Feature", "properties": { "Shape_Area": 20000.0, "Shape_Leng": 600.0, "cluster_id": "147_148", "fid_1": 1356.0, "id_munic": 148.0, "munic_clus": "147_148", "munic_code": 147.0, "min": 3.5289902687072754, "max": 3.5289902687072754, "mean": 3.5289902687072754, "count": 2, "std": 0.0, "range": 0.0 }, "geometry": { "type": "Polygon", "coordinates": [ [ [ 720600.0, 6176000.0 ], [ 720700.0, 6176000.0 ], [ 720800.0, 6176000.0 ], [ 720800.0, 6175900.0 ], [ 720700.0, 6175900.0 ], [ 720600.0, 6175900.0 ], [ 720600.0, 6176000.0 ] ] ] } },
{ "type": "Feature", "properties": { "Shape_Area": 10000.0, "Shape_Leng": 400.0, "cluster_id": "147_149", "fid_1": 1357.0, "id_munic": 149.0, "munic_clus": "147_149", "munic_code": 147.0, "min": 3.3780410289764404, "max": 3.3780410289764404, "mean": 3.3780410289764404, "count": 1, "std": 0.0, "range": 0.0 }, "geometry": { "type": "Polygon", "coordinates": [ [ [ 721200.0, 6176100.0 ], [ 721200.0, 6176200.0 ], [ 721300.0, 6176200.0 ], [ 721300.0, 6176100.0 ], [ 721200.0, 6176100.0 ] ] ] } },
{ "type": "Feature", "properties": { "Shape_Area": 20000.0, "Shape_Leng": 600.0, "cluster_id": "147_150", "fid_1": 1358.0, "id_munic": 150.0, "munic_clus": "147_150", "munic_code": 147.0, "min": 3.0856385231018066, "max": 3.0856385231018066, "mean": 3.0856385231018066, "count": 2, "std": 0.0, "range": 0.0 }, "geometry": { "type": "Polygon", "coordinates": [ [ [ 723000.0, 6175600.0 ], [ 723100.0, 6175600.0 ], [ 723200.0, 6175600.0 ], [ 723200.0, 6175500.0 ], [ 723100.0, 6175500.0 ], [ 723000.0, 6175500.0 ], [ 723000.0, 6175600.0 ] ] ] } },
{ "type": "Feature", "properties": { "Shape_Area": 20000.0, "Shape_Leng": 600.0, "cluster_id": "147_151", "fid_1": 1359.0, "id_munic": 151.0, "munic_clus": "147_151", "munic_code": 147.0, "min": 2.5563144683837891, "max": 2.5563144683837891, "mean": 2.5563144683837891, "count": 2, "std": 0.0, "range": 0.0 }, "geometry": { "type": "Polygon", "coordinates": [ [ [ 723000.0, 6175500.0 ], [ 723100.0, 6175500.0 ], [ 723200.0, 6175500.0 ], [ 723200.0, 6175400.0 ], [ 723100.0, 6175400.0 ], [ 723000.0, 6175400.0 ], [ 723000.0, 6175500.0 ] ] ] } },
{ "type": "Feature", "properties": { "Shape_Area": 10000.0, "Shape_Leng": 400.0, "cluster_id": "147_152", "fid_1": 1360.0, "id_munic": 152.0, "munic_clus": "147_152", "munic_code": 147.0, "min": 3.1451184749603271, "max": 3.1451184749603271, "mean": 3.1451184749603271, "count": 1, "std": 0.0, "range": 0.0 }, "geometry": { "type": "Polygon", "coordinates": [ [ [ 719900.0, 6176200.0 ], [ 719900.0, 6176300.0 ], [ 720000.0, 6176300.0 ], [ 720000.0, 6176200.0 ], [ 719900.0, 6176200.0 ] ] ] } },
{ "type": "Feature", "properties": { "Shape_Area": 10000.0, "Shape_Leng": 400.0, "cluster_id": "147_153", "fid_1": 1361.0, "id_munic": 153.0, "munic_clus": "147_153", "munic_code": 147.0, "min": 3.267911434173584, "max": 3.267911434173584, "mean": 3.267911434173584, "count": 1, "std": 0.0, "range": 0.0 }, "geometry": { "type": "Polygon", "coordinates": [ [ [ 720300.0, 6176000.0 ], [ 720300.0, 6176100.0 ], [ 720400.0, 6176100.0 ], [ 720400.0, 6176000.0 ], [ 720300.0, 6176000.0 ] ] ] } },
{ "type": "Feature", "properties": { "Shape_Area": 20000.0, "Shape_Leng": 600.0, "cluster_id": "147_154", "fid_1": 1362.0, "id_munic": 154.0, "munic_clus": "147_154", "munic_code": 147.0, "min": 2.9020328521728516, "max": 2.9020328521728516, "mean": 2.9020328521728516, "count": 2, "std": 0.0, "range": 0.0 }, "geometry": { "type": "Polygon", "coordinates": [ [ [ 720200.0, 6176200.0 ], [ 720200.0, 6176300.0 ], [ 720300.0, 6176300.0 ], [ 720300.0, 6176200.0 ], [ 720300.0, 6176100.0 ], [ 720200.0, 6176100.0 ], [ 720200.0, 6176200.0 ] ] ] } },
{ "type": "Feature", "properties": { "Shape_Area": 10000.0, "Shape_Leng": 400.0, "cluster_id": "147_155", "fid_1": 1363.0, "id_munic": 155.0, "munic_clus": "147_155", "munic_code": 147.0, "min": 3.7002668380737305, "max": 3.7002668380737305, "mean": 3.7002668380737305, "count": 1, "std": 0.0, "range": 0.0 }, "geometry": { "type": "Polygon", "coordinates": [ [ [ 720400.0, 6176100.0 ], [ 720400.0, 6176200.0 ], [ 720500.0, 6176200.0 ], [ 720500.0, 6176100.0 ], [ 720400.0, 6176100.0 ] ] ] } },
{ "type": "Feature", "properties": { "Shape_Area": 90000.0, "Shape_Leng": 1400.0, "cluster_id": "147_156", "fid_1": 1364.0, "id_munic": 156.0, "munic_clus": "147_156", "munic_code": 147.0, "min": 3.2537496089935303, "max": 3.2537496089935303, "mean": 3.2537496354844837, "count": 9, "std": 2.6490953430879927e-08, "range": 0.0 }, "geometry": { "type": "Polygon", "coordinates": [ [ [ 720100.0, 6175900.0 ], [ 720000.0, 6175900.0 ], [ 720000.0, 6175800.0 ], [ 719900.0, 6175800.0 ], [ 719900.0, 6175900.0 ], [ 719900.0, 6176000.0 ], [ 719800.0, 6176000.0 ], [ 719800.0, 6176100.0 ], [ 719800.0, 6176200.0 ], [ 719900.0, 6176200.0 ], [ 720000.0, 6176200.0 ], [ 720100.0, 6176200.0 ], [ 720100.0, 6176100.0 ], [ 720100.0, 6176000.0 ], [ 720100.0, 6175900.0 ] ] ] } },
{ "type": "Feature", "properties": { "Shape_Area": 20000.0, "Shape_Leng": 600.0, "cluster_id": "147_157", "fid_1": 1365.0, "id_munic": 157.0, "munic_clus": "147_157", "munic_code": 147.0, "min": 2.7224259376525879, "max": 2.7224259376525879, "mean": 2.7224259376525879, "count": 2, "std": 0.0, "range": 0.0 }, "geometry": { "type": "Polygon", "coordinates": [ [ [ 720400.0, 6176000.0 ], [ 720400.0, 6176100.0 ], [ 720500.0, 6176100.0 ], [ 720500.0, 6176000.0 ], [ 720500.0, 6175900.0 ], [ 720400.0, 6175900.0 ], [ 720400.0, 6176000.0 ] ] ] } },
{ "type": "Feature", "properties": { "Shape_Area": 10000.0, "Shape_Leng": 400.0, "cluster_id": "147_158", "fid_1": 1366.0, "id_munic": 158.0, "munic_clus": "147_158", "munic_code": 147.0, "min": 3.6314561367034912, "max": 3.6314561367034912, "mean": 3.6314561367034912, "count": 1, "std": 0.0, "range": 0.0 }, "geometry": { "type": "Polygon", "coordinates": [ [ [ 720500.0, 6175900.0 ], [ 720500.0, 6176000.0 ], [ 720600.0, 6176000.0 ], [ 720600.0, 6175900.0 ], [ 720500.0, 6175900.0 ] ] ] } },
{ "type": "Feature", "properties": { "Shape_Area": 30000.0, "Shape_Leng": 800.0, "cluster_id": "147_159", "fid_1": 1367.0, "id_munic": 159.0, "munic_clus": "147_159", "munic_code": 147.0, "min": 2.5629792213439941, "max": 2.5629792213439941, "mean": 2.5629792213439941, "count": 3, "std": 0.0, "range": 0.0 }, "geometry": { "type": "Polygon", "coordinates": [ [ [ 720500.0, 6176100.0 ], [ 720500.0, 6176200.0 ], [ 720600.0, 6176200.0 ], [ 720600.0, 6176100.0 ], [ 720700.0, 6176100.0 ], [ 720700.0, 6176000.0 ], [ 720600.0, 6176000.0 ], [ 720500.0, 6176000.0 ], [ 720500.0, 6176100.0 ] ] ] } },
{ "type": "Feature", "properties": { "Shape_Area": 10000.0, "Shape_Leng": 400.0, "cluster_id": "147_160", "fid_1": 1368.0, "id_munic": 160.0, "munic_clus": "147_160", "munic_code": 147.0, "min": 2.8917031288146973, "max": 2.8917031288146973, "mean": 2.8917031288146973, "count": 1, "std": 0.0, "range": 0.0 }, "geometry": { "type": "Polygon", "coordinates": [ [ [ 720300.0, 6176200.0 ], [ 720300.0, 6176300.0 ], [ 720400.0, 6176300.0 ], [ 720400.0, 6176200.0 ], [ 720300.0, 6176200.0 ] ] ] } },
{ "type": "Feature", "properties": { "Shape_Area": 10000.0, "Shape_Leng": 400.0, "cluster_id": "147_161", "fid_1": 1369.0, "id_munic": 161.0, "munic_clus": "147_161", "munic_code": 147.0, "min": 2.8900370597839355, "max": 2.8900370597839355, "mean": 2.8900370597839355, "count": 1, "std": 0.0, "range": 0.0 }, "geometry": { "type": "Polygon", "coordinates": [ [ [ 719800.0, 6176200.0 ], [ 719800.0, 6176300.0 ], [ 719900.0, 6176300.0 ], [ 719900.0, 6176200.0 ], [ 719800.0, 6176200.0 ] ] ] } },
{ "type": "Feature", "properties": { "Shape_Area": 10000.0, "Shape_Leng": 400.0, "cluster_id": "147_162", "fid_1": 1370.0, "id_munic": 162.0, "munic_clus": "147_162", "munic_code": 147.0, "min": 3.518993616104126, "max": 3.518993616104126, "mean": 3.518993616104126, "count": 1, "std": 0.0, "range": 0.0 }, "geometry": { "type": "Polygon", "coordinates": [ [ [ 720300.0, 6176100.0 ], [ 720300.0, 6176200.0 ], [ 720400.0, 6176200.0 ], [ 720400.0, 6176100.0 ], [ 720300.0, 6176100.0 ] ] ] } },
{ "type": "Feature", "properties": { "Shape_Area": 10000.0, "Shape_Leng": 400.0, "cluster_id": "147_163", "fid_1": 1371.0, "id_munic": 163.0, "munic_clus": "147_163", "munic_code": 147.0, "min": 3.0334889888763428, "max": 3.0334889888763428, "mean": 3.0334889888763428, "count": 1, "std": 0.0, "range": 0.0 }, "geometry": { "type": "Polygon", "coordinates": [ [ [ 720400.0, 6176200.0 ], [ 720400.0, 6176300.0 ], [ 720500.0, 6176300.0 ], [ 720500.0, 6176200.0 ], [ 720400.0, 6176200.0 ] ] ] } },
{ "type": "Feature", "properties": { "Shape_Area": 40000.0, "Shape_Leng": 1000.0, "cluster_id": "147_164", "fid_1": 1372.0, "id_munic": 164.0, "munic_clus": "147_164", "munic_code": 147.0, "min": 3.0029990673065186, "max": 3.0029990673065186, "mean": 3.0029990673065186, "count": 4, "std": 0.0, "range": 0.0 }, "geometry": { "type": "Polygon", "coordinates": [ [ [ 720700.0, 6176700.0 ], [ 720800.0, 6176700.0 ], [ 720800.0, 6176800.0 ], [ 720900.0, 6176800.0 ], [ 720900.0, 6176700.0 ], [ 720900.0, 6176600.0 ], [ 720800.0, 6176600.0 ], [ 720800.0, 6176500.0 ], [ 720700.0, 6176500.0 ], [ 720700.0, 6176600.0 ], [ 720700.0, 6176700.0 ] ] ] } },
{ "type": "Feature", "properties": { "Shape_Area": 40000.0, "Shape_Leng": 800.0, "cluster_id": "147_165", "fid_1": 1373.0, "id_munic": 165.0, "munic_clus": "147_165", "munic_code": 147.0, "min": 2.4338555335998535, "max": 2.4338555335998535, "mean": 2.4338555335998535, "count": 4, "std": 0.0, "range": 0.0 }, "geometry": { "type": "Polygon", "coordinates": [ [ [ 720700.0, 6176600.0 ], [ 720600.0, 6176600.0 ], [ 720500.0, 6176600.0 ], [ 720500.0, 6176700.0 ], [ 720500.0, 6176800.0 ], [ 720600.0, 6176800.0 ], [ 720700.0, 6176800.0 ], [ 720700.0, 6176700.0 ], [ 720700.0, 6176600.0 ] ] ] } },
{ "type": "Feature", "properties": { "Shape_Area": 50000.0, "Shape_Leng": 1000.0, "cluster_id": "147_166", "fid_1": 1374.0, "id_munic": 166.0, "munic_clus": "147_166", "munic_code": 147.0, "min": 2.3175609111785889, "max": 2.3175609111785889, "mean": 2.3175609588623045, "count": 5, "std": 4.7683715642676816e-08, "range": 0.0 }, "geometry": { "type": "Polygon", "coordinates": [ [ [ 721300.0, 6177000.0 ], [ 721200.0, 6177000.0 ], [ 721100.0, 6177000.0 ], [ 721100.0, 6177100.0 ], [ 721000.0, 6177100.0 ], [ 721000.0, 6177200.0 ], [ 721100.0, 6177200.0 ], [ 721200.0, 6177200.0 ], [ 721300.0, 6177200.0 ], [ 721300.0, 6177100.0 ], [ 721300.0, 6177000.0 ] ] ] } },
{ "type": "Feature", "properties": { "Shape_Area": 20000.0, "Shape_Leng": 600.0, "cluster_id": "147_167", "fid_1": 1375.0, "id_munic": 167.0, "munic_clus": "147_167", "munic_code": 147.0, "min": 2.1767745018005371, "max": 2.1767745018005371, "mean": 2.1767745018005371, "count": 2, "std": 0.0, "range": 0.0 }, "geometry": { "type": "Polygon", "coordinates": [ [ [ 721300.0, 6177100.0 ], [ 721400.0, 6177100.0 ], [ 721500.0, 6177100.0 ], [ 721500.0, 6177000.0 ], [ 721400.0, 6177000.0 ], [ 721300.0, 6177000.0 ], [ 721300.0, 6177100.0 ] ] ] } },
{ "type": "Feature", "properties": { "Shape_Area": 40000.0, "Shape_Leng": 800.0, "cluster_id": "147_168", "fid_1": 1376.0, "id_munic": 168.0, "munic_clus": "147_168", "munic_code": 147.0, "min": 2.8890373706817627, "max": 2.8890373706817627, "mean": 2.8890373706817627, "count": 4, "std": 0.0, "range": 0.0 }, "geometry": { "type": "Polygon", "coordinates": [ [ [ 721000.0, 6177000.0 ], [ 720900.0, 6177000.0 ], [ 720800.0, 6177000.0 ], [ 720800.0, 6177100.0 ], [ 720800.0, 6177200.0 ], [ 720900.0, 6177200.0 ], [ 721000.0, 6177200.0 ], [ 721000.0, 6177100.0 ], [ 721000.0, 6177000.0 ] ] ] } },
{ "type": "Feature", "properties": { "Shape_Area": 60000.0, "Shape_Leng": 1200.0, "cluster_id": "147_169", "fid_1": 1377.0, "id_munic": 169.0, "munic_clus": "147_169", "munic_code": 147.0, "min": 3.3118960857391357, "max": 3.3118960857391357, "mean": 3.3118960062662759, "count": 6, "std": 7.947285984855057e-08, "range": 0.0 }, "geometry": { "type": "Polygon", "coordinates": [ [ [ 721100.0, 6176800.0 ], [ 721000.0, 6176800.0 ], [ 720900.0, 6176800.0 ], [ 720900.0, 6176900.0 ], [ 720800.0, 6176900.0 ], [ 720800.0, 6177000.0 ], [ 720900.0, 6177000.0 ], [ 721000.0, 6177000.0 ], [ 721000.0, 6177100.0 ], [ 721100.0, 6177100.0 ], [ 721100.0, 6177000.0 ], [ 721100.0, 6176900.0 ], [ 721100.0, 6176800.0 ] ] ] } },
{ "type": "Feature", "properties": { "Shape_Area": 20000.0, "Shape_Leng": 600.0, "cluster_id": "147_170", "fid_1": 1378.0, "id_munic": 170.0, "munic_clus": "147_170", "munic_code": 147.0, "min": 3.0468180179595947, "max": 3.0468180179595947, "mean": 3.0468180179595947, "count": 2, "std": 0.0, "range": 0.0 }, "geometry": { "type": "Polygon", "coordinates": [ [ [ 722100.0, 6176000.0 ], [ 722200.0, 6176000.0 ], [ 722300.0, 6176000.0 ], [ 722300.0, 6175900.0 ], [ 722200.0, 6175900.0 ], [ 722100.0, 6175900.0 ], [ 722100.0, 6176000.0 ] ] ] } },
{ "type": "Feature", "properties": { "Shape_Area": 10000.0, "Shape_Leng": 400.0, "cluster_id": "147_171", "fid_1": 1379.0, "id_munic": 171.0, "munic_clus": "147_171", "munic_code": 147.0, "min": 3.012829065322876, "max": 3.012829065322876, "mean": 3.012829065322876, "count": 1, "std": 0.0, "range": 0.0 }, "geometry": { "type": "Polygon", "coordinates": [ [ [ 722900.0, 6175800.0 ], [ 722900.0, 6175900.0 ], [ 723000.0, 6175900.0 ], [ 723000.0, 6175800.0 ], [ 722900.0, 6175800.0 ] ] ] } },
{ "type": "Feature", "properties": { "Shape_Area": 40000.0, "Shape_Leng": 1000.0, "cluster_id": "147_172", "fid_1": 1380.0, "id_munic": 172.0, "munic_clus": "147_172", "munic_code": 147.0, "min": 3.3823728561401367, "max": 3.3823728561401367, "mean": 3.3823728561401367, "count": 4, "std": 0.0, "range": 0.0 }, "geometry": { "type": "Polygon", "coordinates": [ [ [ 723000.0, 6176000.0 ], [ 723000.0, 6175900.0 ], [ 722900.0, 6175900.0 ], [ 722800.0, 6175900.0 ], [ 722800.0, 6176000.0 ], [ 722700.0, 6176000.0 ], [ 722700.0, 6176100.0 ], [ 722800.0, 6176100.0 ], [ 722900.0, 6176100.0 ], [ 722900.0, 6176000.0 ], [ 723000.0, 6176000.0 ] ] ] } },
{ "type": "Feature", "properties": { "Shape_Area": 10000.0, "Shape_Leng": 400.0, "cluster_id": "147_173", "fid_1": 1381.0, "id_munic": 173.0, "munic_clus": "147_173", "munic_code": 147.0, "min": 3.0148289203643799, "max": 3.0148289203643799, "mean": 3.0148289203643799, "count": 1, "std": 0.0, "range": 0.0 }, "geometry": { "type": "Polygon", "coordinates": [ [ [ 722900.0, 6176000.0 ], [ 722900.0, 6176100.0 ], [ 723000.0, 6176100.0 ], [ 723000.0, 6176000.0 ], [ 722900.0, 6176000.0 ] ] ] } },
{ "type": "Feature", "properties": { "Shape_Area": 10000.0, "Shape_Leng": 400.0, "cluster_id": "147_174", "fid_1": 1382.0, "id_munic": 174.0, "munic_clus": "147_174", "munic_code": 147.0, "min": 2.5478179454803467, "max": 2.5478179454803467, "mean": 2.5478179454803467, "count": 1, "std": 0.0, "range": 0.0 }, "geometry": { "type": "Polygon", "coordinates": [ [ [ 723000.0, 6176100.0 ], [ 723000.0, 6176200.0 ], [ 723100.0, 6176200.0 ], [ 723100.0, 6176100.0 ], [ 723000.0, 6176100.0 ] ] ] } },
{ "type": "Feature", "properties": { "Shape_Area": 50000.0, "Shape_Leng": 1000.0, "cluster_id": "147_175", "fid_1": 1383.0, "id_munic": 175.0, "munic_clus": "147_175", "munic_code": 147.0, "min": 2.8360550403594971, "max": 2.8360550403594971, "mean": 2.8360549926757814, "count": 5, "std": 4.7683715642676816e-08, "range": 0.0 }, "geometry": { "type": "Polygon", "coordinates": [ [ [ 722800.0, 6176200.0 ], [ 722800.0, 6176300.0 ], [ 722900.0, 6176300.0 ], [ 723000.0, 6176300.0 ], [ 723000.0, 6176200.0 ], [ 723000.0, 6176100.0 ], [ 722900.0, 6176100.0 ], [ 722800.0, 6176100.0 ], [ 722700.0, 6176100.0 ], [ 722700.0, 6176200.0 ], [ 722800.0, 6176200.0 ] ] ] } },
{ "type": "Feature", "properties": { "Shape_Area": 10000.0, "Shape_Leng": 400.0, "cluster_id": "147_176", "fid_1": 1384.0, "id_munic": 176.0, "munic_clus": "147_176", "munic_code": 147.0, "min": 3.480506420135498, "max": 3.480506420135498, "mean": 3.480506420135498, "count": 1, "std": 0.0, "range": 0.0 }, "geometry": { "type": "Polygon", "coordinates": [ [ [ 722600.0, 6175800.0 ], [ 722600.0, 6175900.0 ], [ 722700.0, 6175900.0 ], [ 722700.0, 6175800.0 ], [ 722600.0, 6175800.0 ] ] ] } },
{ "type": "Feature", "properties": { "Shape_Area": 20000.0, "Shape_Leng": 600.0, "cluster_id": "147_177", "fid_1": 1385.0, "id_munic": 177.0, "munic_clus": "147_177", "munic_code": 147.0, "min": 2.8170614242553711, "max": 2.8170614242553711, "mean": 2.8170614242553711, "count": 2, "std": 0.0, "range": 0.0 }, "geometry": { "type": "Polygon", "coordinates": [ [ [ 722300.0, 6176000.0 ], [ 722400.0, 6176000.0 ], [ 722500.0, 6176000.0 ], [ 722500.0, 6175900.0 ], [ 722400.0, 6175900.0 ], [ 722300.0, 6175900.0 ], [ 722300.0, 6176000.0 ] ] ] } },
{ "type": "Feature", "properties": { "Shape_Area": 30000.0, "Shape_Leng": 800.0, "cluster_id": "147_178", "fid_1": 1386.0, "id_munic": 178.0, "munic_clus": "147_178", "munic_code": 147.0, "min": 2.5896370410919189, "max": 2.5896370410919189, "mean": 2.5896371205647788, "count": 3, "std": 7.947285984855057e-08, "range": 0.0 }, "geometry": { "type": "Polygon", "coordinates": [ [ [ 722400.0, 6175900.0 ], [ 722500.0, 6175900.0 ], [ 722500.0, 6176000.0 ], [ 722600.0, 6176000.0 ], [ 722600.0, 6175900.0 ], [ 722600.0, 6175800.0 ], [ 722500.0, 6175800.0 ], [ 722400.0, 6175800.0 ], [ 722400.0, 6175900.0 ] ] ] } },
{ "type": "Feature", "properties": { "Shape_Area": 50000.0, "Shape_Leng": 1000.0, "cluster_id": "147_179", "fid_1": 1387.0, "id_munic": 179.0, "munic_clus": "147_179", "munic_code": 147.0, "min": 2.7769074440002441, "max": 2.7769074440002441, "mean": 2.7769073486328124, "count": 5, "std": 9.5367431729442842e-08, "range": 0.0 }, "geometry": { "type": "Polygon", "coordinates": [ [ [ 722100.0, 6175500.0 ], [ 722000.0, 6175500.0 ], [ 722000.0, 6175600.0 ], [ 721900.0, 6175600.0 ], [ 721900.0, 6175700.0 ], [ 721900.0, 6175800.0 ], [ 722000.0, 6175800.0 ], [ 722100.0, 6175800.0 ], [ 722100.0, 6175700.0 ], [ 722100.0, 6175600.0 ], [ 722100.0, 6175500.0 ] ] ] } },
{ "type": "Feature", "properties": { "Shape_Area": 170000.0, "Shape_Leng": 1800.0, "cluster_id": "147_180", "fid_1": 1388.0, "id_munic": 180.0, "munic_clus": "147_180", "munic_code": 147.0, "min": 2.7635791301727295, "max": 2.7635791301727295, "mean": 2.763579424689798, "count": 17, "std": 2.945170685109133e-07, "range": 0.0 }, "geometry": { "type": "Polygon", "coordinates": [ [ [ 721800.0, 6175100.0 ], [ 721700.0, 6175100.0 ], [ 721600.0, 6175100.0 ], [ 721600.0, 6175200.0 ], [ 721600.0, 6175300.0 ], [ 721600.0, 6175400.0 ], [ 721700.0, 6175400.0 ], [ 721800.0, 6175400.0 ], [ 721900.0, 6175400.0 ], [ 721900.0, 6175500.0 ], [ 722000.0, 6175500.0 ], [ 722100.0, 6175500.0 ], [ 722100.0, 6175400.0 ], [ 722100.0, 6175300.0 ], [ 722100.0, 6175200.0 ], [ 722100.0, 6175100.0 ], [ 722000.0, 6175100.0 ], [ 721900.0, 6175100.0 ], [ 721800.0, 6175100.0 ] ] ] } },
{ "type": "Feature", "properties": { "Shape_Area": 10000.0, "Shape_Leng": 400.0, "cluster_id": "147_181", "fid_1": 1389.0, "id_munic": 181.0, "munic_clus": "147_181", "munic_code": 147.0, "min": 2.729090690612793, "max": 2.729090690612793, "mean": 2.729090690612793, "count": 1, "std": 0.0, "range": 0.0 }, "geometry": { "type": "Polygon", "coordinates": [ [ [ 722600.0, 6175900.0 ], [ 722600.0, 6176000.0 ], [ 722700.0, 6176000.0 ], [ 722700.0, 6175900.0 ], [ 722600.0, 6175900.0 ] ] ] } },
{ "type": "Feature", "properties": { "Shape_Area": 30000.0, "Shape_Leng": 800.0, "cluster_id": "147_182", "fid_1": 1390.0, "id_munic": 182.0, "munic_clus": "147_182", "munic_code": 147.0, "min": 2.5054981708526611, "max": 2.5054981708526611, "mean": 2.505498250325521, "count": 3, "std": 7.947285984855057e-08, "range": 0.0 }, "geometry": { "type": "Polygon", "coordinates": [ [ [ 722100.0, 6176100.0 ], [ 722200.0, 6176100.0 ], [ 722200.0, 6176200.0 ], [ 722300.0, 6176200.0 ], [ 722300.0, 6176100.0 ], [ 722300.0, 6176000.0 ], [ 722200.0, 6176000.0 ], [ 722100.0, 6176000.0 ], [ 722100.0, 6176100.0 ] ] ] } },
{ "type": "Feature", "properties": { "Shape_Area": 170000.0, "Shape_Leng": 2000.0, "cluster_id": "147_183", "fid_1": 1391.0, "id_munic": 183.0, "munic_clus": "147_183", "munic_code": 147.0, "min": 3.3510499000549316, "max": 3.3510499000549316, "mean": 3.3510499842026653, "count": 17, "std": 8.4147733669936984e-08, "range": 0.0 }, "geometry": { "type": "Polygon", "coordinates": [ [ [ 722300.0, 6176000.0 ], [ 722300.0, 6176100.0 ], [ 722300.0, 6176200.0 ], [ 722200.0, 6176200.0 ], [ 722200.0, 6176300.0 ], [ 722300.0, 6176300.0 ], [ 722400.0, 6176300.0 ], [ 722400.0, 6176400.0 ], [ 722500.0, 6176400.0 ], [ 722600.0, 6176400.0 ], [ 722700.0, 6176400.0 ], [ 722700.0, 6176300.0 ], [ 722800.0, 6176300.0 ], [ 722800.0, 6176200.0 ], [ 722700.0, 6176200.0 ], [ 722700.0, 6176100.0 ], [ 722700.0, 6176000.0 ], [ 722600.0, 6176000.0 ], [ 722500.0, 6176000.0 ], [ 722400.0, 6176000.0 ], [ 722300.0, 6176000.0 ] ] ] } },
{ "type": "Feature", "properties": { "Shape_Area": 30000.0, "Shape_Leng": 800.0, "cluster_id": "147_184", "fid_1": 1392.0, "id_munic": 184.0, "munic_clus": "147_184", "munic_code": 147.0, "min": 2.9088637828826904, "max": 2.9088637828826904, "mean": 2.9088637034098306, "count": 3, "std": 7.947285984855057e-08, "range": 0.0 }, "geometry": { "type": "Polygon", "coordinates": [ [ [ 723400.0, 6176300.0 ], [ 723400.0, 6176400.0 ], [ 723500.0, 6176400.0 ], [ 723600.0, 6176400.0 ], [ 723600.0, 6176300.0 ], [ 723500.0, 6176300.0 ], [ 723500.0, 6176200.0 ], [ 723400.0, 6176200.0 ], [ 723400.0, 6176300.0 ] ] ] } },
{ "type": "Feature", "properties": { "Shape_Area": 30000.0, "Shape_Leng": 800.0, "cluster_id": "147_185", "fid_1": 1393.0, "id_munic": 185.0, "munic_clus": "147_185", "munic_code": 147.0, "min": 2.9870049953460693, "max": 2.9870049953460693, "mean": 2.9870049158732095, "count": 3, "std": 7.947285984855057e-08, "range": 0.0 }, "geometry": { "type": "Polygon", "coordinates": [ [ [ 723500.0, 6176100.0 ], [ 723500.0, 6176200.0 ], [ 723500.0, 6176300.0 ], [ 723600.0, 6176300.0 ], [ 723600.0, 6176200.0 ], [ 723600.0, 6176100.0 ], [ 723600.0, 6176000.0 ], [ 723500.0, 6176000.0 ], [ 723500.0, 6176100.0 ] ] ] } },
{ "type": "Feature", "properties": { "Shape_Area": 40000.0, "Shape_Leng": 1000.0, "cluster_id": "147_186", "fid_1": 1394.0, "id_munic": 186.0, "munic_clus": "147_186", "munic_code": 147.0, "min": 2.520827054977417, "max": 2.520827054977417, "mean": 2.520827054977417, "count": 4, "std": 0.0, "range": 0.0 }, "geometry": { "type": "Polygon", "coordinates": [ [ [ 723400.0, 6176200.0 ], [ 723300.0, 6176200.0 ], [ 723300.0, 6176300.0 ], [ 723200.0, 6176300.0 ], [ 723100.0, 6176300.0 ], [ 723100.0, 6176400.0 ], [ 723200.0, 6176400.0 ], [ 723300.0, 6176400.0 ], [ 723400.0, 6176400.0 ], [ 723400.0, 6176300.0 ], [ 723400.0, 6176200.0 ] ] ] } },
{ "type": "Feature", "properties": { "Shape_Area": 20000.0, "Shape_Leng": 600.0, "cluster_id": "147_187", "fid_1": 1395.0, "id_munic": 187.0, "munic_clus": "147_187", "munic_code": 147.0, "min": 3.4038655757904053, "max": 3.4038655757904053, "mean": 3.4038655757904053, "count": 2, "std": 0.0, "range": 0.0 }, "geometry": { "type": "Polygon", "coordinates": [ [ [ 723200.0, 6176200.0 ], [ 723300.0, 6176200.0 ], [ 723400.0, 6176200.0 ], [ 723400.0, 6176100.0 ], [ 723300.0, 6176100.0 ], [ 723200.0, 6176100.0 ], [ 723200.0, 6176200.0 ] ] ] } },
{ "type": "Feature", "properties": { "Shape_Area": 30000.0, "Shape_Leng": 800.0, "cluster_id": "147_188", "fid_1": 1396.0, "id_munic": 188.0, "munic_clus": "147_188", "munic_code": 147.0, "min": 2.7427527904510498, "max": 2.7427527904510498, "mean": 2.74275271097819, "count": 3, "std": 7.947285984855057e-08, "range": 0.0 }, "geometry": { "type": "Polygon", "coordinates": [ [ [ 723100.0, 6176200.0 ], [ 723100.0, 6176300.0 ], [ 723200.0, 6176300.0 ], [ 723300.0, 6176300.0 ], [ 723300.0, 6176200.0 ], [ 723200.0, 6176200.0 ], [ 723200.0, 6176100.0 ], [ 723100.0, 6176100.0 ], [ 723100.0, 6176200.0 ] ] ] } },
{ "type": "Feature", "properties": { "Shape_Area": 20000.0, "Shape_Leng": 600.0, "cluster_id": "147_189", "fid_1": 1397.0, "id_munic": 189.0, "munic_clus": "147_189", "munic_code": 147.0, "min": 3.038487434387207, "max": 3.038487434387207, "mean": 3.038487434387207, "count": 2, "std": 0.0, "range": 0.0 }, "geometry": { "type": "Polygon", "coordinates": [ [ [ 723400.0, 6176100.0 ], [ 723400.0, 6176200.0 ], [ 723500.0, 6176200.0 ], [ 723500.0, 6176100.0 ], [ 723500.0, 6176000.0 ], [ 723400.0, 6176000.0 ], [ 723400.0, 6176100.0 ] ] ] } },
{ "type": "Feature", "properties": { "Shape_Area": 20000.0, "Shape_Leng": 600.0, "cluster_id": "147_190", "fid_1": 1398.0, "id_munic": 190.0, "munic_clus": "147_190", "munic_code": 147.0, "min": 3.2527496814727783, "max": 3.2527496814727783, "mean": 3.2527496814727783, "count": 2, "std": 0.0, "range": 0.0 }, "geometry": { "type": "Polygon", "coordinates": [ [ [ 720700.0, 6175800.0 ], [ 720700.0, 6175900.0 ], [ 720800.0, 6175900.0 ], [ 720800.0, 6175800.0 ], [ 720800.0, 6175700.0 ], [ 720700.0, 6175700.0 ], [ 720700.0, 6175800.0 ] ] ] } },
{ "type": "Feature", "properties": { "Shape_Area": 40000.0, "Shape_Leng": 1000.0, "cluster_id": "147_191", "fid_1": 1399.0, "id_munic": 191.0, "munic_clus": "147_191", "munic_code": 147.0, "min": 2.5873043537139893, "max": 2.5873043537139893, "mean": 2.5873043537139893, "count": 4, "std": 0.0, "range": 0.0 }, "geometry": { "type": "Polygon", "coordinates": [ [ [ 720800.0, 6175600.0 ], [ 720900.0, 6175600.0 ], [ 721000.0, 6175600.0 ], [ 721100.0, 6175600.0 ], [ 721100.0, 6175500.0 ], [ 721000.0, 6175500.0 ], [ 720900.0, 6175500.0 ], [ 720800.0, 6175500.0 ], [ 720700.0, 6175500.0 ], [ 720700.0, 6175600.0 ], [ 720800.0, 6175600.0 ] ] ] } },
{ "type": "Feature", "properties": { "Shape_Area": 20000.0, "Shape_Leng": 600.0, "cluster_id": "147_192", "fid_1": 1400.0, "id_munic": 192.0, "munic_clus": "147_192", "munic_code": 147.0, "min": 3.2337555885314941, "max": 3.2337555885314941, "mean": 3.2337555885314941, "count": 2, "std": 0.0, "range": 0.0 }, "geometry": { "type": "Polygon", "coordinates": [ [ [ 721100.0, 6175700.0 ], [ 721200.0, 6175700.0 ], [ 721300.0, 6175700.0 ], [ 721300.0, 6175600.0 ], [ 721200.0, 6175600.0 ], [ 721100.0, 6175600.0 ], [ 721100.0, 6175700.0 ] ] ] } },
{ "type": "Feature", "properties": { "Shape_Area": 20000.0, "Shape_Leng": 600.0, "cluster_id": "147_193", "fid_1": 1401.0, "id_munic": 193.0, "munic_clus": "147_193", "munic_code": 147.0, "min": 2.1099634170532227, "max": 2.1099634170532227, "mean": 2.1099634170532227, "count": 2, "std": 0.0, "range": 0.0 }, "geometry": { "type": "Polygon", "coordinates": [ [ [ 721100.0, 6175600.0 ], [ 721200.0, 6175600.0 ], [ 721300.0, 6175600.0 ], [ 721300.0, 6175500.0 ], [ 721200.0, 6175500.0 ], [ 721100.0, 6175500.0 ], [ 721100.0, 6175600.0 ] ] ] } },
{ "type": "Feature", "properties": { "Shape_Area": 50000.0, "Shape_Leng": 1000.0, "cluster_id": "147_194", "fid_1": 1402.0, "id_munic": 194.0, "munic_clus": "147_194", "munic_code": 147.0, "min": 3.0163280963897705, "max": 3.0163280963897705, "mean": 3.0163280487060549, "count": 5, "std": 4.7683715642676816e-08, "range": 0.0 }, "geometry": { "type": "Polygon", "coordinates": [ [ [ 721100.0, 6175600.0 ], [ 721000.0, 6175600.0 ], [ 720900.0, 6175600.0 ], [ 720900.0, 6175700.0 ], [ 720900.0, 6175800.0 ], [ 721000.0, 6175800.0 ], [ 721100.0, 6175800.0 ], [ 721200.0, 6175800.0 ], [ 721200.0, 6175700.0 ], [ 721100.0, 6175700.0 ], [ 721100.0, 6175600.0 ] ] ] } },
{ "type": "Feature", "properties": { "Shape_Area": 140000.0, "Shape_Leng": 2200.0, "cluster_id": "147_195", "fid_1": 1403.0, "id_munic": 195.0, "munic_clus": "147_195", "munic_code": 147.0, "min": 3.8747086524963379, "max": 3.8747086524963379, "mean": 3.8747087206159319, "count": 14, "std": 6.8119593965576541e-08, "range": 0.0 }, "geometry": { "type": "Polygon", "coordinates": [ [ [ 720800.0, 6175800.0 ], [ 720800.0, 6175900.0 ], [ 720900.0, 6175900.0 ], [ 720900.0, 6176000.0 ], [ 721000.0, 6176000.0 ], [ 721100.0, 6176000.0 ], [ 721200.0, 6176000.0 ], [ 721300.0, 6176000.0 ], [ 721400.0, 6176000.0 ], [ 721400.0, 6175900.0 ], [ 721400.0, 6175800.0 ], [ 721300.0, 6175800.0 ], [ 721200.0, 6175800.0 ], [ 721100.0, 6175800.0 ], [ 721000.0, 6175800.0 ], [ 720900.0, 6175800.0 ], [ 720900.0, 6175700.0 ], [ 720900.0, 6175600.0 ], [ 720800.0, 6175600.0 ], [ 720700.0, 6175600.0 ], [ 720700.0, 6175700.0 ], [ 720800.0, 6175700.0 ], [ 720800.0, 6175800.0 ] ] ] } },
{ "type": "Feature", "properties": { "Shape_Area": 110000.0, "Shape_Leng": 1400.0, "cluster_id": "147_196", "fid_1": 1404.0, "id_munic": 196.0, "munic_clus": "147_196", "munic_code": 147.0, "min": 2.576807975769043, "max": 2.576807975769043, "mean": 2.5768082358620386, "count": 11, "std": 2.6009299558538141e-07, "range": 0.0 }, "geometry": { "type": "Polygon", "coordinates": [ [ [ 720600.0, 6175200.0 ], [ 720500.0, 6175200.0 ], [ 720500.0, 6175300.0 ], [ 720500.0, 6175400.0 ], [ 720500.0, 6175500.0 ], [ 720500.0, 6175600.0 ], [ 720600.0, 6175600.0 ], [ 720700.0, 6175600.0 ], [ 720700.0, 6175500.0 ], [ 720800.0, 6175500.0 ], [ 720800.0, 6175400.0 ], [ 720800.0, 6175300.0 ], [ 720800.0, 6175200.0 ], [ 720700.0, 6175200.0 ], [ 720600.0, 6175200.0 ] ] ] } },
{ "type": "Feature", "properties": { "Shape_Area": 40000.0, "Shape_Leng": 1000.0, "cluster_id": "147_197", "fid_1": 1405.0, "id_munic": 197.0, "munic_clus": "147_197", "munic_code": 147.0, "min": 3.5921363830566406, "max": 3.5921363830566406, "mean": 3.5921363830566406, "count": 4, "std": 0.0, "range": 0.0 }, "geometry": { "type": "Polygon", "coordinates": [ [ [ 720600.0, 6175700.0 ], [ 720600.0, 6175800.0 ], [ 720600.0, 6175900.0 ], [ 720700.0, 6175900.0 ], [ 720700.0, 6175800.0 ], [ 720700.0, 6175700.0 ], [ 720700.0, 6175600.0 ], [ 720600.0, 6175600.0 ], [ 720500.0, 6175600.0 ], [ 720500.0, 6175700.0 ], [ 720600.0, 6175700.0 ] ] ] } },
{ "type": "Feature", "properties": { "Shape_Area": 30000.0, "Shape_Leng": 800.0, "cluster_id": "147_198", "fid_1": 1406.0, "id_munic": 198.0, "munic_clus": "147_198", "munic_code": 147.0, "min": 3.2847387790679932, "max": 3.2847387790679932, "mean": 3.284738858540853, "count": 3, "std": 7.947285984855057e-08, "range": 0.0 }, "geometry": { "type": "Polygon", "coordinates": [ [ [ 721300.0, 6176600.0 ], [ 721400.0, 6176600.0 ], [ 721500.0, 6176600.0 ], [ 721600.0, 6176600.0 ], [ 721600.0, 6176500.0 ], [ 721500.0, 6176500.0 ], [ 721400.0, 6176500.0 ], [ 721300.0, 6176500.0 ], [ 721300.0, 6176600.0 ] ] ] } },
{ "type": "Feature", "properties": { "Shape_Area": 20000.0, "Shape_Leng": 600.0, "cluster_id": "147_199", "fid_1": 1407.0, "id_munic": 199.0, "munic_clus": "147_199", "munic_code": 147.0, "min": 3.1309564113616943, "max": 3.1309564113616943, "mean": 3.1309564113616943, "count": 2, "std": 0.0, "range": 0.0 }, "geometry": { "type": "Polygon", "coordinates": [ [ [ 721400.0, 6176400.0 ], [ 721400.0, 6176500.0 ], [ 721500.0, 6176500.0 ], [ 721500.0, 6176400.0 ], [ 721500.0, 6176300.0 ], [ 721400.0, 6176300.0 ], [ 721400.0, 6176400.0 ] ] ] } },
{ "type": "Feature", "properties": { "Shape_Area": 30000.0, "Shape_Leng": 800.0, "cluster_id": "147_200", "fid_1": 1408.0, "id_munic": 200.0, "munic_clus": "147_200", "munic_code": 147.0, "min": 2.696768045425415, "max": 2.696768045425415, "mean": 2.6967681248982749, "count": 3, "std": 7.947285984855057e-08, "range": 0.0 }, "geometry": { "type": "Polygon", "coordinates": [ [ [ 720800.0, 6176300.0 ], [ 720900.0, 6176300.0 ], [ 721000.0, 6176300.0 ], [ 721100.0, 6176300.0 ], [ 721100.0, 6176200.0 ], [ 721000.0, 6176200.0 ], [ 720900.0, 6176200.0 ], [ 720800.0, 6176200.0 ], [ 720800.0, 6176300.0 ] ] ] } },
{ "type": "Feature", "properties": { "Shape_Area": 10000.0, "Shape_Leng": 400.0, "cluster_id": "147_201", "fid_1": 1409.0, "id_munic": 201.0, "munic_clus": "147_201", "munic_code": 147.0, "min": 3.5178275108337402, "max": 3.5178275108337402, "mean": 3.5178275108337402, "count": 1, "std": 0.0, "range": 0.0 }, "geometry": { "type": "Polygon", "coordinates": [ [ [ 720700.0, 6176300.0 ], [ 720700.0, 6176400.0 ], [ 720800.0, 6176400.0 ], [ 720800.0, 6176300.0 ], [ 720700.0, 6176300.0 ] ] ] } },
{ "type": "Feature", "properties": { "Shape_Area": 10000.0, "Shape_Leng": 400.0, "cluster_id": "147_202", "fid_1": 1410.0, "id_munic": 202.0, "munic_clus": "147_202", "munic_code": 147.0, "min": 3.2295904159545898, "max": 3.2295904159545898, "mean": 3.2295904159545898, "count": 1, "std": 0.0, "range": 0.0 }, "geometry": { "type": "Polygon", "coordinates": [ [ [ 721100.0, 6176200.0 ], [ 721100.0, 6176300.0 ], [ 721200.0, 6176300.0 ], [ 721200.0, 6176200.0 ], [ 721100.0, 6176200.0 ] ] ] } },
{ "type": "Feature", "properties": { "Shape_Area": 70000.0, "Shape_Leng": 1600.0, "cluster_id": "147_203", "fid_1": 1411.0, "id_munic": 203.0, "munic_clus": "147_203", "munic_code": 147.0, "min": 2.6342887878417969, "max": 2.6342887878417969, "mean": 2.6342887878417969, "count": 7, "std": 0.0, "range": 0.0 }, "geometry": { "type": "Polygon", "coordinates": [ [ [ 721000.0, 6176400.0 ], [ 721100.0, 6176400.0 ], [ 721200.0, 6176400.0 ], [ 721300.0, 6176400.0 ], [ 721400.0, 6176400.0 ], [ 721400.0, 6176300.0 ], [ 721300.0, 6176300.0 ], [ 721200.0, 6176300.0 ], [ 721100.0, 6176300.0 ], [ 721000.0, 6176300.0 ], [ 720900.0, 6176300.0 ], [ 720800.0, 6176300.0 ], [ 720800.0, 6176400.0 ], [ 720800.0, 6176500.0 ], [ 720900.0, 6176500.0 ], [ 720900.0, 6176400.0 ], [ 721000.0, 6176400.0 ] ] ] } },
{ "type": "Feature", "properties": { "Shape_Area": 20000.0, "Shape_Leng": 600.0, "cluster_id": "147_204", "fid_1": 1412.0, "id_munic": 204.0, "munic_clus": "147_204", "munic_code": 147.0, "min": 3.210263729095459, "max": 3.210263729095459, "mean": 3.210263729095459, "count": 2, "std": 0.0, "range": 0.0 }, "geometry": { "type": "Polygon", "coordinates": [ [ [ 721200.0, 6176300.0 ], [ 721300.0, 6176300.0 ], [ 721400.0, 6176300.0 ], [ 721400.0, 6176200.0 ], [ 721300.0, 6176200.0 ], [ 721200.0, 6176200.0 ], [ 721200.0, 6176300.0 ] ] ] } },
{ "type": "Feature", "properties": { "Shape_Area": 50000.0, "Shape_Leng": 1200.0, "cluster_id": "147_205", "fid_1": 1413.0, "id_munic": 205.0, "munic_clus": "147_205", "munic_code": 147.0, "min": 3.9798402786254883, "max": 3.9798402786254883, "mean": 3.9798400878906248, "count": 5, "std": 1.9073486345888568e-07, "range": 0.0 }, "geometry": { "type": "Polygon", "coordinates": [ [ [ 721400.0, 6176500.0 ], [ 721400.0, 6176400.0 ], [ 721300.0, 6176400.0 ], [ 721200.0, 6176400.0 ], [ 721200.0, 6176500.0 ], [ 721200.0, 6176600.0 ], [ 721100.0, 6176600.0 ], [ 721100.0, 6176700.0 ], [ 721200.0, 6176700.0 ], [ 721300.0, 6176700.0 ], [ 721300.0, 6176600.0 ], [ 721300.0, 6176500.0 ], [ 721400.0, 6176500.0 ] ] ] } },
{ "type": "Feature", "properties": { "Shape_Area": 40000.0, "Shape_Leng": 800.0, "cluster_id": "147_206", "fid_1": 1414.0, "id_munic": 206.0, "munic_clus": "147_206", "munic_code": 147.0, "min": 3.3905367851257324, "max": 3.3905367851257324, "mean": 3.3905367851257324, "count": 4, "std": 0.0, "range": 0.0 }, "geometry": { "type": "Polygon", "coordinates": [ [ [ 722100.0, 6175800.0 ], [ 722000.0, 6175800.0 ], [ 721900.0, 6175800.0 ], [ 721900.0, 6175900.0 ], [ 721900.0, 6176000.0 ], [ 722000.0, 6176000.0 ], [ 722100.0, 6176000.0 ], [ 722100.0, 6175900.0 ], [ 722100.0, 6175800.0 ] ] ] } },
{ "type": "Feature", "properties": { "Shape_Area": 370000.0, "Shape_Leng": 2800.0, "cluster_id": "147_207", "fid_1": 1415.0, "id_munic": 207.0, "munic_clus": "147_207", "munic_code": 147.0, "min": 3.6582808494567871, "max": 3.6582808494567871, "mean": 3.65828106854413, "count": 37, "std": 2.1908734293418775e-07, "range": 0.0 }, "geometry": { "type": "Polygon", "coordinates": [ [ [ 721300.0, 6174700.0 ], [ 721200.0, 6174700.0 ], [ 721200.0, 6174800.0 ], [ 721200.0, 6174900.0 ], [ 721200.0, 6175000.0 ], [ 721200.0, 6175100.0 ], [ 721200.0, 6175200.0 ], [ 721300.0, 6175200.0 ], [ 721400.0, 6175200.0 ], [ 721500.0, 6175200.0 ], [ 721500.0, 6175100.0 ], [ 721600.0, 6175100.0 ], [ 721700.0, 6175100.0 ], [ 721800.0, 6175100.0 ], [ 721900.0, 6175100.0 ], [ 722000.0, 6175100.0 ], [ 722000.0, 6175000.0 ], [ 722000.0, 6174900.0 ], [ 722000.0, 6174800.0 ], [ 722000.0, 6174700.0 ], [ 721900.0, 6174700.0 ], [ 721800.0, 6174700.0 ], [ 721700.0, 6174700.0 ], [ 721700.0, 6174600.0 ], [ 721600.0, 6174600.0 ], [ 721500.0, 6174600.0 ], [ 721500.0, 6174700.0 ], [ 721400.0, 6174700.0 ], [ 721300.0, 6174700.0 ] ] ] } },
{ "type": "Feature", "properties": { "Shape_Area": 130000.0, "Shape_Leng": 1800.0, "cluster_id": "147_208", "fid_1": 1416.0, "id_munic": 208.0, "munic_clus": "147_208", "munic_code": 147.0, "min": 3.6254584789276123, "max": 3.6254584789276123, "mean": 3.6254583505483775, "count": 13, "std": 1.2837923479835922e-07, "range": 0.0 }, "geometry": { "type": "Polygon", "coordinates": [ [ [ 720400.0, 6174800.0 ], [ 720300.0, 6174800.0 ], [ 720200.0, 6174800.0 ], [ 720100.0, 6174800.0 ], [ 720000.0, 6174800.0 ], [ 719900.0, 6174800.0 ], [ 719900.0, 6174900.0 ], [ 719800.0, 6174900.0 ], [ 719800.0, 6175000.0 ], [ 719900.0, 6175000.0 ], [ 719900.0, 6175100.0 ], [ 720000.0, 6175100.0 ], [ 720100.0, 6175100.0 ], [ 720100.0, 6175000.0 ], [ 720200.0, 6175000.0 ], [ 720300.0, 6175000.0 ], [ 720400.0, 6175000.0 ], [ 720400.0, 6174900.0 ], [ 720400.0, 6174800.0 ] ] ] } },
{ "type": "Feature", "properties": { "Shape_Area": 40000.0, "Shape_Leng": 1000.0, "cluster_id": "147_209", "fid_1": 1417.0, "id_munic": 209.0, "munic_clus": "147_209", "munic_code": 147.0, "min": 2.7055985927581787, "max": 2.7055985927581787, "mean": 2.7055985927581787, "count": 4, "std": 0.0, "range": 0.0 }, "geometry": { "type": "Polygon", "coordinates": [ [ [ 720400.0, 6174900.0 ], [ 720400.0, 6175000.0 ], [ 720400.0, 6175100.0 ], [ 720400.0, 6175200.0 ], [ 720500.0, 6175200.0 ], [ 720500.0, 6175100.0 ], [ 720500.0, 6175000.0 ], [ 720500.0, 6174900.0 ], [ 720500.0, 6174800.0 ], [ 720400.0, 6174800.0 ], [ 720400.0, 6174900.0 ] ] ] } },
{ "type": "Feature", "properties": { "Shape_Area": 60000.0, "Shape_Leng": 1200.0, "cluster_id": "147_210", "fid_1": 1418.0, "id_munic": 210.0, "munic_clus": "147_210", "munic_code": 147.0, "min": 2.9630124568939209, "max": 2.9630124568939209, "mean": 2.963012377421061, "count": 6, "std": 7.947285984855057e-08, "range": 0.0 }, "geometry": { "type": "Polygon", "coordinates": [ [ [ 720500.0, 6176800.0 ], [ 720400.0, 6176800.0 ], [ 720300.0, 6176800.0 ], [ 720200.0, 6176800.0 ], [ 720100.0, 6176800.0 ], [ 720100.0, 6176900.0 ], [ 720200.0, 6176900.0 ], [ 720300.0, 6176900.0 ], [ 720300.0, 6177000.0 ], [ 720400.0, 6177000.0 ], [ 720500.0, 6177000.0 ], [ 720500.0, 6176900.0 ], [ 720500.0, 6176800.0 ] ] ] } },
{ "type": "Feature", "properties": { "Shape_Area": 80000.0, "Shape_Leng": 1600.0, "cluster_id": "147_211", "fid_1": 1419.0, "id_munic": 211.0, "munic_clus": "147_211", "munic_code": 147.0, "min": 2.8083972930908203, "max": 2.8083972930908203, "mean": 2.8083972930908203, "count": 8, "std": 0.0, "range": 0.0 }, "geometry": { "type": "Polygon", "coordinates": [ [ [ 720100.0, 6176000.0 ], [ 720100.0, 6176100.0 ], [ 720100.0, 6176200.0 ], [ 720000.0, 6176200.0 ], [ 720000.0, 6176300.0 ], [ 720100.0, 6176300.0 ], [ 720200.0, 6176300.0 ], [ 720200.0, 6176200.0 ], [ 720200.0, 6176100.0 ], [ 720300.0, 6176100.0 ], [ 720300.0, 6176000.0 ], [ 720400.0, 6176000.0 ], [ 720400.0, 6175900.0 ], [ 720300.0, 6175900.0 ], [ 720200.0, 6175900.0 ], [ 720100.0, 6175900.0 ], [ 720100.0, 6176000.0 ] ] ] } },
{ "type": "Feature", "properties": { "Shape_Area": 50000.0, "Shape_Leng": 1000.0, "cluster_id": "147_212", "fid_1": 1420.0, "id_munic": 212.0, "munic_clus": "147_212", "munic_code": 147.0, "min": 3.4940025806427002, "max": 3.4940025806427002, "mean": 3.4940025329589846, "count": 5, "std": 4.7683715642676816e-08, "range": 0.0 }, "geometry": { "type": "Polygon", "coordinates": [ [ [ 722900.0, 6175700.0 ], [ 722800.0, 6175700.0 ], [ 722700.0, 6175700.0 ], [ 722700.0, 6175800.0 ], [ 722700.0, 6175900.0 ], [ 722700.0, 6176000.0 ], [ 722800.0, 6176000.0 ], [ 722800.0, 6175900.0 ], [ 722900.0, 6175900.0 ], [ 722900.0, 6175800.0 ], [ 722900.0, 6175700.0 ] ] ] } },
{ "type": "Feature", "properties": { "Shape_Area": 90000.0, "Shape_Leng": 1600.0, "cluster_id": "147_213", "fid_1": 1421.0, "id_munic": 213.0, "munic_clus": "147_213", "munic_code": 147.0, "min": 2.3830389976501465, "max": 2.3830389976501465, "mean": 2.3830390506320529, "count": 9, "std": 5.2981906417670643e-08, "range": 0.0 }, "geometry": { "type": "Polygon", "coordinates": [ [ [ 722100.0, 6177800.0 ], [ 722000.0, 6177800.0 ], [ 722000.0, 6177900.0 ], [ 721900.0, 6177900.0 ], [ 721900.0, 6178000.0 ], [ 722000.0, 6178000.0 ], [ 722100.0, 6178000.0 ], [ 722100.0, 6178100.0 ], [ 722200.0, 6178100.0 ], [ 722300.0, 6178100.0 ], [ 722300.0, 6178000.0 ], [ 722300.0, 6177900.0 ], [ 722200.0, 6177900.0 ], [ 722200.0, 6177800.0 ], [ 722200.0, 6177700.0 ], [ 722100.0, 6177700.0 ], [ 722100.0, 6177800.0 ] ] ] } },
{ "type": "Feature", "properties": { "Shape_Area": 90000.0, "Shape_Leng": 1400.0, "cluster_id": "147_214", "fid_1": 1422.0, "id_munic": 214.0, "munic_clus": "147_214", "munic_code": 147.0, "min": 2.7704100608825684, "max": 2.7704100608825684, "mean": 2.7704101138644748, "count": 9, "std": 5.2981906417670643e-08, "range": 0.0 }, "geometry": { "type": "Polygon", "coordinates": [ [ [ 721800.0, 6177600.0 ], [ 721800.0, 6177500.0 ], [ 721700.0, 6177500.0 ], [ 721600.0, 6177500.0 ], [ 721600.0, 6177600.0 ], [ 721500.0, 6177600.0 ], [ 721400.0, 6177600.0 ], [ 721400.0, 6177700.0 ], [ 721500.0, 6177700.0 ], [ 721500.0, 6177800.0 ], [ 721600.0, 6177800.0 ], [ 721700.0, 6177800.0 ], [ 721800.0, 6177800.0 ], [ 721800.0, 6177700.0 ], [ 721800.0, 6177600.0 ] ] ] } },
{ "type": "Feature", "properties": { "Shape_Area": 40000.0, "Shape_Leng": 800.0, "cluster_id": "147_215", "fid_1": 1423.0, "id_munic": 215.0, "munic_clus": "147_215", "munic_code": 147.0, "min": 2.8210597038269043, "max": 2.8210597038269043, "mean": 2.8210597038269043, "count": 4, "std": 0.0, "range": 0.0 }, "geometry": { "type": "Polygon", "coordinates": [ [ [ 721800.0, 6177200.0 ], [ 721800.0, 6177100.0 ], [ 721800.0, 6177000.0 ], [ 721700.0, 6177000.0 ], [ 721600.0, 6177000.0 ], [ 721600.0, 6177100.0 ], [ 721600.0, 6177200.0 ], [ 721700.0, 6177200.0 ], [ 721800.0, 6177200.0 ] ] ] } },
{ "type": "Feature", "properties": { "Shape_Area": 60000.0, "Shape_Leng": 1200.0, "cluster_id": "147_216", "fid_1": 1424.0, "id_munic": 216.0, "munic_clus": "147_216", "munic_code": 147.0, "min": 2.7877373695373535, "max": 2.7877373695373535, "mean": 2.7877375284830728, "count": 6, "std": 1.5894571925301193e-07, "range": 0.0 }, "geometry": { "type": "Polygon", "coordinates": [ [ [ 723100.0, 6175900.0 ], [ 723100.0, 6176000.0 ], [ 723200.0, 6176000.0 ], [ 723300.0, 6176000.0 ], [ 723300.0, 6175900.0 ], [ 723300.0, 6175800.0 ], [ 723200.0, 6175800.0 ], [ 723200.0, 6175700.0 ], [ 723200.0, 6175600.0 ], [ 723100.0, 6175600.0 ], [ 723100.0, 6175700.0 ], [ 723100.0, 6175800.0 ], [ 723100.0, 6175900.0 ] ] ] } },
{ "type": "Feature", "properties": { "Shape_Area": 40000.0, "Shape_Leng": 800.0, "cluster_id": "147_217", "fid_1": 1425.0, "id_munic": 217.0, "munic_clus": "147_217", "munic_code": 147.0, "min": 2.6394538879394531, "max": 2.6394538879394531, "mean": 2.6394538879394531, "count": 4, "std": 0.0, "range": 0.0 }, "geometry": { "type": "Polygon", "coordinates": [ [ [ 721400.0, 6176200.0 ], [ 721500.0, 6176200.0 ], [ 721600.0, 6176200.0 ], [ 721600.0, 6176100.0 ], [ 721600.0, 6176000.0 ], [ 721500.0, 6176000.0 ], [ 721400.0, 6176000.0 ], [ 721400.0, 6176100.0 ], [ 721400.0, 6176200.0 ] ] ] } },
{ "type": "Feature", "properties": { "Shape_Area": 100000.0, "Shape_Leng": 1600.0, "cluster_id": "147_218", "fid_1": 1426.0, "id_munic": 218.0, "munic_clus": "147_218", "munic_code": 147.0, "min": 3.2232589721679688, "max": 3.2232589721679688, "mean": 3.2232589721679688, "count": 10, "std": 0.0, "range": 0.0 }, "geometry": { "type": "Polygon", "coordinates": [ [ [ 719600.0, 6176100.0 ], [ 719600.0, 6176200.0 ], [ 719600.0, 6176300.0 ], [ 719700.0, 6176300.0 ], [ 719800.0, 6176300.0 ], [ 719800.0, 6176200.0 ], [ 719800.0, 6176100.0 ], [ 719800.0, 6176000.0 ], [ 719700.0, 6176000.0 ], [ 719700.0, 6175900.0 ], [ 719600.0, 6175900.0 ], [ 719600.0, 6175800.0 ], [ 719500.0, 6175800.0 ], [ 719500.0, 6175900.0 ], [ 719500.0, 6176000.0 ], [ 719500.0, 6176100.0 ], [ 719600.0, 6176100.0 ] ] ] } },
{ "type": "Feature", "properties": { "Shape_Area": 30000.0, "Shape_Leng": 800.0, "cluster_id": "147_219", "fid_1": 1427.0, "id_munic": 219.0, "munic_clus": "147_219", "munic_code": 147.0, "min": 2.4148619174957275, "max": 2.4148619174957275, "mean": 2.4148619969685874, "count": 3, "std": 7.947285984855057e-08, "range": 0.0 }, "geometry": { "type": "Polygon", "coordinates": [ [ [ 720100.0, 6175200.0 ], [ 720100.0, 6175300.0 ], [ 720100.0, 6175400.0 ], [ 720200.0, 6175400.0 ], [ 720200.0, 6175300.0 ], [ 720200.0, 6175200.0 ], [ 720200.0, 6175100.0 ], [ 720100.0, 6175100.0 ], [ 720100.0, 6175200.0 ] ] ] } },
{ "type": "Feature", "properties": { "Shape_Area": 20000.0, "Shape_Leng": 600.0, "cluster_id": "147_220", "fid_1": 1428.0, "id_munic": 220.0, "munic_clus": "147_220", "munic_code": 147.0, "min": 3.8195605278015137, "max": 3.8195605278015137, "mean": 3.8195605278015137, "count": 2, "std": 0.0, "range": 0.0 }, "geometry": { "type": "Polygon", "coordinates": [ [ [ 721200.0, 6175800.0 ], [ 721300.0, 6175800.0 ], [ 721400.0, 6175800.0 ], [ 721400.0, 6175700.0 ], [ 721300.0, 6175700.0 ], [ 721200.0, 6175700.0 ], [ 721200.0, 6175800.0 ] ] ] } },
{ "type": "Feature", "properties": { "Shape_Area": 50000.0, "Shape_Leng": 1000.0, "cluster_id": "147_221", "fid_1": 1429.0, "id_munic": 221.0, "munic_clus": "147_221", "munic_code": 147.0, "min": 2.6132962703704834, "max": 2.6132962703704834, "mean": 2.613296318054199, "count": 5, "std": 4.7683715642676816e-08, "range": 0.0 }, "geometry": { "type": "Polygon", "coordinates": [ [ [ 721400.0, 6176000.0 ], [ 721500.0, 6176000.0 ], [ 721600.0, 6176000.0 ], [ 721700.0, 6176000.0 ], [ 721700.0, 6175900.0 ], [ 721600.0, 6175900.0 ], [ 721600.0, 6175800.0 ], [ 721500.0, 6175800.0 ], [ 721400.0, 6175800.0 ], [ 721400.0, 6175900.0 ], [ 721400.0, 6176000.0 ] ] ] } },
{ "type": "Feature", "properties": { "Shape_Area": 80000.0, "Shape_Leng": 1400.0, "cluster_id": "147_222", "fid_1": 1430.0, "id_munic": 222.0, "munic_clus": "147_222", "munic_code": 147.0, "min": 2.4593470096588135, "max": 2.4593470096588135, "mean": 2.4593470096588135, "count": 8, "std": 0.0, "range": 0.0 }, "geometry": { "type": "Polygon", "coordinates": [ [ [ 722500.0, 6175500.0 ], [ 722500.0, 6175400.0 ], [ 722500.0, 6175300.0 ], [ 722400.0, 6175300.0 ], [ 722400.0, 6175200.0 ], [ 722400.0, 6175100.0 ], [ 722300.0, 6175100.0 ], [ 722300.0, 6175200.0 ], [ 722300.0, 6175300.0 ], [ 722200.0, 6175300.0 ], [ 722200.0, 6175400.0 ], [ 722200.0, 6175500.0 ], [ 722300.0, 6175500.0 ], [ 722400.0, 6175500.0 ], [ 722500.0, 6175500.0 ] ] ] } },
{ "type": "Feature", "properties": { "Shape_Area": 20000.0, "Shape_Leng": 600.0, "cluster_id": "147_223", "fid_1": 1431.0, "id_munic": 223.0, "munic_clus": "147_223", "munic_code": 147.0, "min": 3.2060980796813965, "max": 3.2060980796813965, "mean": 3.2060980796813965, "count": 2, "std": 0.0, "range": 0.0 }, "geometry": { "type": "Polygon", "coordinates": [ [ [ 720300.0, 6176800.0 ], [ 720400.0, 6176800.0 ], [ 720500.0, 6176800.0 ], [ 720500.0, 6176700.0 ], [ 720400.0, 6176700.0 ], [ 720300.0, 6176700.0 ], [ 720300.0, 6176800.0 ] ] ] } },
{ "type": "Feature", "properties": { "Shape_Area": 30000.0, "Shape_Leng": 800.0, "cluster_id": "147_224", "fid_1": 1432.0, "id_munic": 224.0, "munic_clus": "147_224", "munic_code": 147.0, "min": 2.9265251159667969, "max": 2.9265251159667969, "mean": 2.9265251159667969, "count": 3, "std": 0.0, "range": 0.0 }, "geometry": { "type": "Polygon", "coordinates": [ [ [ 721300.0, 6176100.0 ], [ 721300.0, 6176200.0 ], [ 721400.0, 6176200.0 ], [ 721400.0, 6176100.0 ], [ 721400.0, 6176000.0 ], [ 721300.0, 6176000.0 ], [ 721200.0, 6176000.0 ], [ 721200.0, 6176100.0 ], [ 721300.0, 6176100.0 ] ] ] } },
{ "type": "Feature", "properties": { "Shape_Area": 50000.0, "Shape_Leng": 1000.0, "cluster_id": "147_225", "fid_1": 1433.0, "id_munic": 225.0, "munic_clus": "147_225", "munic_code": 147.0, "min": 3.1459517478942871, "max": 3.1459517478942871, "mean": 3.1459518432617188, "count": 5, "std": 9.5367431729442842e-08, "range": 0.0 }, "geometry": { "type": "Polygon", "coordinates": [ [ [ 721500.0, 6177100.0 ], [ 721400.0, 6177100.0 ], [ 721400.0, 6177200.0 ], [ 721400.0, 6177300.0 ], [ 721500.0, 6177300.0 ], [ 721600.0, 6177300.0 ], [ 721600.0, 6177200.0 ], [ 721600.0, 6177100.0 ], [ 721600.0, 6177000.0 ], [ 721500.0, 6177000.0 ], [ 721500.0, 6177100.0 ] ] ] } },
{ "type": "Feature", "properties": { "Shape_Area": 50000.0, "Shape_Leng": 1000.0, "cluster_id": "147_226", "fid_1": 1434.0, "id_munic": 226.0, "munic_clus": "147_226", "munic_code": 147.0, "min": 2.607630729675293, "max": 2.607630729675293, "mean": 2.607630729675293, "count": 5, "std": 0.0, "range": 0.0 }, "geometry": { "type": "Polygon", "coordinates": [ [ [ 722400.0, 6176900.0 ], [ 722300.0, 6176900.0 ], [ 722200.0, 6176900.0 ], [ 722200.0, 6177000.0 ], [ 722100.0, 6177000.0 ], [ 722100.0, 6177100.0 ], [ 722200.0, 6177100.0 ], [ 722300.0, 6177100.0 ], [ 722400.0, 6177100.0 ], [ 722400.0, 6177000.0 ], [ 722400.0, 6176900.0 ] ] ] } },
{ "type": "Feature", "properties": { "Shape_Area": 40000.0, "Shape_Leng": 1000.0, "cluster_id": "147_227", "fid_1": 1435.0, "id_munic": 227.0, "munic_clus": "147_227", "munic_code": 147.0, "min": 2.7299234867095947, "max": 2.7299234867095947, "mean": 2.7299234867095947, "count": 4, "std": 0.0, "range": 0.0 }, "geometry": { "type": "Polygon", "coordinates": [ [ [ 722700.0, 6175500.0 ], [ 722700.0, 6175600.0 ], [ 722800.0, 6175600.0 ], [ 722800.0, 6175500.0 ], [ 722800.0, 6175400.0 ], [ 722900.0, 6175400.0 ], [ 722900.0, 6175300.0 ], [ 722800.0, 6175300.0 ], [ 722700.0, 6175300.0 ], [ 722700.0, 6175400.0 ], [ 722700.0, 6175500.0 ] ] ] } },
{ "type": "Feature", "properties": { "Shape_Area": 40000.0, "Shape_Leng": 1000.0, "cluster_id": "147_228", "fid_1": 1436.0, "id_munic": 228.0, "munic_clus": "147_228", "munic_code": 147.0, "min": 2.8268914222717285, "max": 2.8268914222717285, "mean": 2.8268914222717285, "count": 4, "std": 0.0, "range": 0.0 }, "geometry": { "type": "Polygon", "coordinates": [ [ [ 722200.0, 6175800.0 ], [ 722300.0, 6175800.0 ], [ 722400.0, 6175800.0 ], [ 722500.0, 6175800.0 ], [ 722500.0, 6175700.0 ], [ 722400.0, 6175700.0 ], [ 722300.0, 6175700.0 ], [ 722200.0, 6175700.0 ], [ 722100.0, 6175700.0 ], [ 722100.0, 6175800.0 ], [ 722200.0, 6175800.0 ] ] ] } },
{ "type": "Feature", "properties": { "Shape_Area": 100000.0, "Shape_Leng": 1600.0, "cluster_id": "147_229", "fid_1": 1437.0, "id_munic": 229.0, "munic_clus": "147_229", "munic_code": 147.0, "min": 2.7369213104248047, "max": 2.7369213104248047, "mean": 2.7369213104248047, "count": 10, "std": 0.0, "range": 0.0 }, "geometry": { "type": "Polygon", "coordinates": [ [ [ 720700.0, 6176700.0 ], [ 720700.0, 6176800.0 ], [ 720600.0, 6176800.0 ], [ 720500.0, 6176800.0 ], [ 720500.0, 6176900.0 ], [ 720500.0, 6177000.0 ], [ 720600.0, 6177000.0 ], [ 720600.0, 6177100.0 ], [ 720700.0, 6177100.0 ], [ 720800.0, 6177100.0 ], [ 720800.0, 6177000.0 ], [ 720800.0, 6176900.0 ], [ 720900.0, 6176900.0 ], [ 720900.0, 6176800.0 ], [ 720800.0, 6176800.0 ], [ 720800.0, 6176700.0 ], [ 720700.0, 6176700.0 ] ] ] } },
{ "type": "Feature", "properties": { "Shape_Area": 180000.0, "Shape_Leng": 2000.0, "cluster_id": "147_230", "fid_1": 1438.0, "id_munic": 230.0, "munic_clus": "147_230", "munic_code": 147.0, "min": 2.6182947158813477, "max": 2.6182947158813477, "mean": 2.6182946099175348, "count": 18, "std": 1.0596381283534129e-07, "range": 0.0 }, "geometry": { "type": "Polygon", "coordinates": [ [ [ 721300.0, 6176600.0 ], [ 721300.0, 6176700.0 ], [ 721200.0, 6176700.0 ], [ 721200.0, 6176800.0 ], [ 721200.0, 6176900.0 ], [ 721100.0, 6176900.0 ], [ 721100.0, 6177000.0 ], [ 721200.0, 6177000.0 ], [ 721300.0, 6177000.0 ], [ 721400.0, 6177000.0 ], [ 721500.0, 6177000.0 ], [ 721600.0, 6177000.0 ], [ 721700.0, 6177000.0 ], [ 721700.0, 6176900.0 ], [ 721700.0, 6176800.0 ], [ 721600.0, 6176800.0 ], [ 721600.0, 6176700.0 ], [ 721600.0, 6176600.0 ], [ 721500.0, 6176600.0 ], [ 721400.0, 6176600.0 ], [ 721300.0, 6176600.0 ] ] ] } },
{ "type": "Feature", "properties": { "Shape_Area": 100000.0, "Shape_Leng": 1400.0, "cluster_id": "147_231", "fid_1": 1439.0, "id_munic": 231.0, "munic_clus": "147_231", "munic_code": 147.0, "min": 2.8995339870452881, "max": 2.8995339870452881, "mean": 2.8995340347290037, "count": 10, "std": 4.7683715642676816e-08, "range": 0.0 }, "geometry": { "type": "Polygon", "coordinates": [ [ [ 720100.0, 6176300.0 ], [ 720100.0, 6176400.0 ], [ 720100.0, 6176500.0 ], [ 720200.0, 6176500.0 ], [ 720200.0, 6176600.0 ], [ 720300.0, 6176600.0 ], [ 720400.0, 6176600.0 ], [ 720400.0, 6176500.0 ], [ 720500.0, 6176500.0 ], [ 720500.0, 6176400.0 ], [ 720500.0, 6176300.0 ], [ 720400.0, 6176300.0 ], [ 720300.0, 6176300.0 ], [ 720200.0, 6176300.0 ], [ 720100.0, 6176300.0 ] ] ] } },
{ "type": "Feature", "properties": { "Shape_Area": 50000.0, "Shape_Leng": 1000.0, "cluster_id": "147_232", "fid_1": 1440.0, "id_munic": 232.0, "munic_clus": "147_232", "munic_code": 147.0, "min": 2.8553814888000488, "max": 2.8553814888000488, "mean": 2.8553813934326171, "count": 5, "std": 9.5367431729442842e-08, "range": 0.0 }, "geometry": { "type": "Polygon", "coordinates": [ [ [ 720700.0, 6176400.0 ], [ 720600.0, 6176400.0 ], [ 720500.0, 6176400.0 ], [ 720500.0, 6176500.0 ], [ 720400.0, 6176500.0 ], [ 720400.0, 6176600.0 ], [ 720500.0, 6176600.0 ], [ 720600.0, 6176600.0 ], [ 720700.0, 6176600.0 ], [ 720700.0, 6176500.0 ], [ 720700.0, 6176400.0 ] ] ] } },
{ "type": "Feature", "properties": { "Shape_Area": 50000.0, "Shape_Leng": 1000.0, "cluster_id": "147_233", "fid_1": 1441.0, "id_munic": 233.0, "munic_clus": "147_233", "munic_code": 147.0, "min": 2.4870045185089111, "max": 2.4870045185089111, "mean": 2.4870044708251955, "count": 5, "std": 4.7683715642676816e-08, "range": 0.0 }, "geometry": { "type": "Polygon", "coordinates": [ [ [ 722100.0, 6176000.0 ], [ 722000.0, 6176000.0 ], [ 721900.0, 6176000.0 ], [ 721900.0, 6176100.0 ], [ 721800.0, 6176100.0 ], [ 721800.0, 6176200.0 ], [ 721900.0, 6176200.0 ], [ 722000.0, 6176200.0 ], [ 722100.0, 6176200.0 ], [ 722100.0, 6176100.0 ], [ 722100.0, 6176000.0 ] ] ] } },
{ "type": "Feature", "properties": { "Shape_Area": 90000.0, "Shape_Leng": 1400.0, "cluster_id": "147_235", "fid_1": 1443.0, "id_munic": 235.0, "munic_clus": "147_235", "munic_code": 147.0, "min": 2.6944353580474854, "max": 2.6944353580474854, "mean": 2.6944353315565319, "count": 9, "std": 2.6490953430879927e-08, "range": 0.0 }, "geometry": { "type": "Polygon", "coordinates": [ [ [ 720800.0, 6176200.0 ], [ 720900.0, 6176200.0 ], [ 721000.0, 6176200.0 ], [ 721100.0, 6176200.0 ], [ 721200.0, 6176200.0 ], [ 721200.0, 6176100.0 ], [ 721200.0, 6176000.0 ], [ 721100.0, 6176000.0 ], [ 721000.0, 6176000.0 ], [ 720900.0, 6176000.0 ], [ 720900.0, 6175900.0 ], [ 720800.0, 6175900.0 ], [ 720800.0, 6176000.0 ], [ 720800.0, 6176100.0 ], [ 720800.0, 6176200.0 ] ] ] } },
{ "type": "Feature", "properties": { "Shape_Area": 60000.0, "Shape_Leng": 1200.0, "cluster_id": "147_236", "fid_1": 1444.0, "id_munic": 236.0, "munic_clus": "147_236", "munic_code": 147.0, "min": 3.0059983730316162, "max": 3.0059983730316162, "mean": 3.0059982935587564, "count": 6, "std": 7.947285984855057e-08, "range": 0.0 }, "geometry": { "type": "Polygon", "coordinates": [ [ [ 720800.0, 6176300.0 ], [ 720800.0, 6176200.0 ], [ 720800.0, 6176100.0 ], [ 720800.0, 6176000.0 ], [ 720700.0, 6176000.0 ], [ 720700.0, 6176100.0 ], [ 720600.0, 6176100.0 ], [ 720600.0, 6176200.0 ], [ 720500.0, 6176200.0 ], [ 720500.0, 6176300.0 ], [ 720600.0, 6176300.0 ], [ 720700.0, 6176300.0 ], [ 720800.0, 6176300.0 ] ] ] } },
{ "type": "Feature", "properties": { "Shape_Area": 110000.0, "Shape_Leng": 1600.0, "cluster_id": "147_237", "fid_1": 1445.0, "id_munic": 237.0, "munic_clus": "147_237", "munic_code": 147.0, "min": 2.8222260475158691, "max": 2.8222260475158691, "mean": 2.8222259174693716, "count": 11, "std": 1.3004649757064612e-07, "range": 0.0 }, "geometry": { "type": "Polygon", "coordinates": [ [ [ 721400.0, 6176300.0 ], [ 721500.0, 6176300.0 ], [ 721500.0, 6176400.0 ], [ 721600.0, 6176400.0 ], [ 721700.0, 6176400.0 ], [ 721800.0, 6176400.0 ], [ 721900.0, 6176400.0 ], [ 722000.0, 6176400.0 ], [ 722000.0, 6176300.0 ], [ 722000.0, 6176200.0 ], [ 721900.0, 6176200.0 ], [ 721800.0, 6176200.0 ], [ 721700.0, 6176200.0 ], [ 721600.0, 6176200.0 ], [ 721500.0, 6176200.0 ], [ 721400.0, 6176200.0 ], [ 721400.0, 6176300.0 ] ] ] } }
]
}
