location,tau,p_value,slope,trend_class,mean_value,std_value
101_1,0.047311827956989246,0.721148135879736,0.0,No significant trend,2.02,0.03519530760512481
101_10,0.0,1.0,0.0,No significant trend,0.0,0.0
101_100,0.025806451612903226,0.8516915353162966,0.0,No significant trend,99.99032258064516,0.053005408790822
101_1000,0.0,1.0,0.0,No significant trend,0.0,0.0
101_1001,0.3311827956989247,0.009310109795033439,0.001176470588235295,Increasing,1.446774193548387,0.03052097076778031
101_1002,0.0,1.0,0.0,No significant trend,0.0,0.0
101_1003,-0.23440860215053763,0.06641490832840091,-0.10500000000000043,No significant trend,53.5341935483871,20.653373351616164
101_1004,0.25591397849462366,0.0449013762794892,0.009999999999999787,Increasing,6.917096774193548,1.2842499845796453
101_1005,0.2,0.11789500171022893,0.0030769230769230795,No significant trend,6.384193548387097,0.13094628777081593
101_1006,0.35913978494623655,0.004781376457623443,0.0036363636363636394,Increasing,3.421935483870968,0.11217553510627336
101_1007,-0.6666666666666666,1.5054404212122563e-07,-0.9899999999999998,Decreasing,72.79516129032258,12.209412516834849
101_1008,0.0,1.0,0.0,No significant trend,0.0,0.0
101_1009,0.0,1.0,0.0,No significant trend,0.0,0.0
101_101,0.0,1.0,0.0,No significant trend,0.0,0.0
101_1010,0.43870967741935485,0.0005600206571134692,0.005999999999999961,Increasing,0.8338709677419357,1.1245147409907597
101_1013,0.24301075268817204,0.05696246823315332,0.028000000000000115,No significant trend,11.28967741935484,0.6940692717634486
101_1014,0.45161290322580644,0.0003819501147899196,0.9393103448275861,Increasing,11.620000000000001,13.675260922202638
101_1015,0.14193548387096774,0.26926051859260536,0.0,No significant trend,87.95032258064515,16.062626926094918
101_1016,0.17849462365591398,0.16340634586373248,0.0,No significant trend,67.80612903225807,35.47639903148874
101_1017,-0.37849462365591396,0.002935879872567604,-0.0009523809523807629,Decreasing,98.91161290322582,4.38478829207125
101_1018,0.36774193548387096,0.003859889400894323,0.0483333333333328,Increasing,86.2741935483871,28.52924066176197
101_1019,0.5311827956989247,2.9007853530993444e-05,0.3373333333333333,Increasing,3.322258064516129,4.5001281054721955
101_102,0.45376344086021503,0.00035800799918561665,0.09857142857142875,Increasing,5.6567741935483875,7.630018977314063
101_1020,0.06451612903225806,0.6220860087372633,0.003333333333333381,No significant trend,8.055483870967741,2.691077058281836
101_1021,0.0,1.0,0.0,No significant trend,0.0,0.0
101_1022,-0.22795698924731184,0.07432236131839742,-0.005199999999999995,No significant trend,2.571935483870968,1.5318646014344715
101_1023,0.0,1.0,0.0,No significant trend,0.0,0.0
101_1024,0.5612903225806452,9.91272679740085e-06,1.0399999999999998,Increasing,23.40193548387096,11.483957511453529
101_1025,0.0,1.0,0.0,No significant trend,0.0,0.0
101_1026,-0.11182795698924732,0.3860421406420662,-0.01666666666666572,No significant trend,82.62451612903227,1.4687779399339553
101_1027,0.0,1.0,0.0,No significant trend,0.0,0.0
101_1028,0.2860215053763441,0.024862848209154853,0.2839999999999989,Increasing,37.53129032258064,14.462953060778888
101_1029,0.3311827956989247,0.009310109795033439,0.041818181818181734,Increasing,9.209354838709679,2.2657619034492016
101_103,0.3935483870967742,0.0019791198223833018,0.040499999999999405,Increasing,99.05451612903227,0.5646057071785258
101_1030,0.0,1.0,0.0,No significant trend,0.0,0.0
101_1031,0.0,1.0,0.0,No significant trend,0.0,0.0
101_1032,0.0,1.0,0.0,No significant trend,0.0,0.0
101_1033,0.3247311827956989,0.010788909951167325,0.0,Decreasing,10.996774193548386,21.914265553640234
101_1034,0.4774193548387097,0.0001725072317639853,0.22124999999999995,Increasing,11.165161290322581,2.923506369090798
101_1035,0.34623655913978496,0.006539518436156966,0.08000000000000007,Increasing,15.87032258064516,12.620102111920353
101_1036,0.5419354838709678,1.9891905931546106e-05,1.496923076923077,Increasing,24.85,21.17052058725727
101_1037,-0.3978494623655914,0.0017639537009741524,-0.01999999999999999,Decreasing,1.369032258064516,1.1652200535319353
101_1038,0.27741935483870966,0.029589571342436338,0.05333333333333338,Increasing,18.225483870967743,1.967982164077447
101_1039,0.789247311827957,4.949776144513862e-10,0.25555555555555554,Increasing,7.701290322580644,3.0150073470573124
101_104,-0.2129032258064516,0.09578337281012361,-0.002142857142857224,No significant trend,95.58032258064515,0.3618722272362888
101_1040,0.38924731182795697,0.0022181409445904965,0.09791666666666665,Increasing,17.40064516129032,2.1529618540645887
101_1042,-0.45806451612903226,0.0003142746175728295,-1.2374074074074073,Decreasing,33.727096774193555,17.649022853980107
101_1043,0.03225806451612903,0.8119200006410021,0.0030000000000001137,No significant trend,35.41161290322581,2.603954928471483
101_1044,0.5591397849462365,1.0722196304380205e-05,0.10777777777777818,Increasing,69.25290322580646,5.205174344666728
101_1045,0.15053763440860216,0.2408949627928283,0.024000000000000198,No significant trend,31.169354838709676,2.4498583704736507
101_1046,0.0,1.0,0.0,No significant trend,0.0,0.0
101_1047,-0.15913978494623657,0.21470238954837217,-0.005769230769230442,No significant trend,91.78580645161293,2.1827339680873274
101_1048,-0.6559139784946236,2.379948262909437e-07,-0.011666666666666659,Decreasing,1.407741935483871,0.3404428773781943
101_1049,0.023655913978494623,0.8650383150743488,0.017142857142856776,No significant trend,76.5283870967742,4.615111990934321
101_105,0.09462365591397849,0.46487326576717747,0.012500000000000178,No significant trend,9.364516129032257,0.9142309961142115
101_1050,0.0,1.0,0.0,No significant trend,0.0,0.0
101_1051,0.45806451612903226,0.0003142746175728295,0.04600000000000008,Increasing,1.6883870967741936,2.278528241415998
101_1052,0.43870967741935485,0.0005600206571134692,0.09392857142857151,Increasing,44.59516129032259,1.2990340604135309
101_1054,0.44086021505376344,0.0005257753160301526,0.06199999999999992,Increasing,22.887419354838705,2.8517837855674455
101_1055,0.0,1.0,0.0,No significant trend,0.0,0.0
101_1056,0.0,1.0,0.0,No significant trend,0.0,0.0
101_1057,0.0,1.0,0.0,No significant trend,0.0,0.0
101_1058,-0.1935483870967742,0.1303606801133712,-0.04799999999999969,No significant trend,14.046129032258065,3.040365722291672
101_1059,-0.4129032258064516,0.001169091409425116,-0.9818518518518519,Decreasing,13.125483870967741,13.566189908623443
101_106,0.35913978494623655,0.004781376457623443,0.015000000000000013,Increasing,7.5209677419354835,1.9863929943472103
101_1060,0.0,1.0,0.0,No significant trend,0.0,0.0
101_1061,-0.015053763440860216,0.9187737391879132,0.0,No significant trend,99.90451612903226,0.4963079085229606
101_1063,-0.5870967741935483,3.781833670668533e-06,-0.030588235294117413,Decreasing,99.48193548387094,0.35282655297302956
101_1064,-0.4150537634408602,0.0011011819487161123,-0.014545454545454882,Decreasing,98.03580645161293,0.21409636349457817
101_1065,0.0,1.0,0.0,No significant trend,0.0,0.0
101_1066,0.0,1.0,0.0,No significant trend,0.0,0.0
101_1067,0.5720430107526882,6.667035368224106e-06,0.0006250000000000006,Increasing,0.5948387096774195,0.008374680635965923
101_1068,-0.6193548387096774,1.0718231477913065e-06,-0.6372727272727271,Decreasing,30.12677419354839,11.710049554204058
101_1069,0.28817204301075267,0.023788782312269774,0.09849999999999995,Increasing,78.9067741935484,2.6768859942909047
101_107,-0.16989247311827957,0.18493228677225515,-0.010000000000000174,No significant trend,85.21322580645162,5.255161141813903
101_1070,0.16989247311827957,0.18493228677225515,0.011111111111111072,No significant trend,14.105161290322581,0.31999869926894847
101_1071,0.0,1.0,0.0,No significant trend,0.0,0.0
101_1073,0.0,1.0,0.0,No significant trend,0.0,0.0
101_1074,0.0,1.0,0.0,No significant trend,0.0,0.0
101_1075,0.0,1.0,0.0,No significant trend,0.0,0.0
101_1076,0.0064516129032258064,0.9728828650934778,0.0,No significant trend,6.957419354838711,2.196854008308003
101_1077,-0.09462365591397849,0.46487326576717747,-0.003888888888888905,No significant trend,6.318709677419355,1.1728232876695006
101_1078,0.0,1.0,0.0,No significant trend,0.0,0.0
101_1079,0.45376344086021503,0.00035800799918561665,0.0,Decreasing,17.110000000000003,25.25156564932035
101_108,0.0,1.0,0.0,No significant trend,100.0,0.0
101_1081,-0.06236559139784946,0.6341458536966633,-0.004705882352941076,No significant trend,17.646451612903228,0.48420569067752145
101_1082,0.04086021505376344,0.7596537518193331,0.0016666666666666312,No significant trend,53.12419354838709,0.6850466157604376
101_1083,0.0,1.0,0.0,No significant trend,0.0,0.0
101_1084,0.0,1.0,0.0,No significant trend,0.0,0.0
101_1085,0.0,1.0,0.0,No significant trend,0.0,0.0
101_1086,0.14838709677419354,0.24778083040054266,0.129999999999999,No significant trend,18.403225806451612,10.639435889453239
101_1087,-0.7118279569892473,2.0371358155912844e-08,-1.18,Decreasing,38.255483870967744,11.855246514820315
101_1088,0.5956989247311828,2.718582431837646e-06,0.04266666666666671,Increasing,94.1116129032258,12.929964472863448
101_1089,0.0,1.0,0.0,No significant trend,0.0,0.0
101_109,-0.7354838709677419,6.800509932958221e-09,-0.09619047619047601,Decreasing,59.87225806451614,0.9590509747205213
101_1090,0.0,1.0,0.0,No significant trend,0.0,0.0
101_1091,0.0,1.0,0.0,No significant trend,0.0,0.0
101_1092,0.45376344086021503,0.00035800799918561665,0.18499999999999983,Increasing,2.597096774193548,3.270853882347393
101_1093,0.0,1.0,0.0,No significant trend,0.0,0.0
101_1094,0.4064516129032258,0.0013967278652837756,0.08818181818181808,Increasing,32.23516129032257,15.80375799958571
101_1095,0.0,1.0,0.0,No significant trend,0.0,0.0
101_1097,0.15913978494623657,0.21470238954837217,0.012500000000000011,No significant trend,2.4374193548387098,1.3251657662392609
101_1099,0.0,1.0,0.0,No significant trend,0.0,0.0
101_11,0.0,1.0,0.0,No significant trend,0.0,0.0
101_110,-0.06236559139784946,0.6341458536966633,-0.004444444444444449,No significant trend,16.201935483870972,0.5355396395366908
101_1100,0.17419354838709677,0.1739206495334844,0.09999999999999787,No significant trend,58.06032258064516,10.42634364633286
101_1101,0.3118279569892473,0.014385749502058731,0.048888888888889426,Increasing,41.72903225806453,18.73588558731332
101_1102,0.5935483870967742,2.9536822572229227e-06,0.006666666666666672,Increasing,1.574516129032258,0.06786317875090216
101_1103,0.0,1.0,0.0,No significant trend,0.0,0.0
101_1104,0.6,2.301109211844121e-06,0.1700000000000001,Increasing,28.552903225806446,5.80126359625344
101_1105,0.5397849462365591,2.146270321023991e-05,0.08818181818181808,Increasing,27.59677419354838,1.5018276759889218
101_1106,0.4666666666666667,0.0002413897092941042,0.5648275862068965,Increasing,8.306451612903226,9.198059244240708
101_1107,0.0,1.0,0.0,No significant trend,0.0,0.0
101_1108,0.0,1.0,0.0,No significant trend,0.0,0.0
101_1109,-0.5161290322580645,4.862413806594468e-05,-1.1422222222222222,Decreasing,16.72258064516129,15.57521852334496
101_111,0.0,1.0,0.0,No significant trend,0.0,0.0
101_1110,0.0,1.0,0.0,No significant trend,0.0,0.0
101_1111,0.0,1.0,0.0,No significant trend,0.0,0.0
101_1112,0.017204301075268817,0.9052952265477159,0.0,No significant trend,27.728387096774195,10.807193571062477
101_1113,0.5634408602150538,9.161826726389322e-06,0.36227272727272736,Increasing,32.00193548387096,4.706492029276594
101_1114,0.0,1.0,0.0,No significant trend,0.0,0.0
101_1115,0.1870967741935484,0.14382566910763628,0.21200000000000047,No significant trend,43.99870967741935,24.862058246865878
101_1116,0.5634408602150538,9.161826726389322e-06,0.5672727272727272,Increasing,23.689999999999994,6.5599945908710975
101_1117,0.4967741935483871,9.261151253348032e-05,0.08727272727272671,Increasing,33.77935483870967,5.915723681895656
101_1118,0.535483870967742,2.4965491662198858e-05,0.24407407407407394,Increasing,31.175483870967742,3.232018083937827
101_1119,0.0,1.0,0.0,No significant trend,100.0,0.0
101_112,0.0,1.0,0.0,No significant trend,0.0,0.0
101_1120,0.0,1.0,0.0,No significant trend,0.0,0.0
101_1121,0.0,1.0,0.0,No significant trend,0.0,0.0
101_1122,0.0,1.0,0.0,No significant trend,0.0,0.0
101_1123,0.35913978494623655,0.004781376457623443,0.2014285714285717,Increasing,6.591935483870968,7.409594660175126
101_1124,0.2064516129032258,0.10638442840594231,0.041538461538461476,No significant trend,45.35032258064515,22.22487787750779
101_1125,0.3827956989247312,0.002626567745024566,0.0,Decreasing,3.414516129032258,6.18095401275599
101_1126,0.6559139784946236,2.379948262909437e-07,0.07666666666666799,Increasing,70.4683870967742,1.204507921944499
101_1127,-0.008602150537634409,0.959334085947048,0.0,No significant trend,48.80870967741935,0.7458303099208763
101_1128,-0.17634408602150536,0.16860199558675504,-0.011249999999999835,No significant trend,84.59483870967742,0.3307456967534351
101_1129,0.25806451612903225,0.0431171263634158,0.019000000000000128,Increasing,24.778064516129028,1.8900681321647552
101_113,0.0,1.0,0.0,No significant trend,0.0,0.0
101_1130,0.5032258064516129,7.489794679416129e-05,0.05411764705882363,Increasing,18.89,1.9079088366670611
101_1131,0.4666666666666667,0.0002413897092941042,0.375,Increasing,55.117419354838724,29.27558808728528
101_1132,0.5505376344086022,1.4636673522749888e-05,0.12055555555555565,Increasing,50.24096774193548,1.424052270784735
101_1133,0.0,1.0,0.0,No significant trend,0.0,0.0
101_1134,0.13118279569892474,0.30783043013369626,0.07200000000000002,No significant trend,19.698709677419362,3.12410063645212
101_1135,0.5806451612903226,4.830075495565467e-06,0.04200000000000008,Increasing,9.847419354838712,0.5032665409485251
101_1136,-0.06236559139784946,0.6341458536966633,-0.03500000000000041,No significant trend,55.206129032258055,24.319400018784865
101_1137,0.0,1.0,0.0,No significant trend,0.0,0.0
101_1138,0.18924731182795698,0.13922364714154067,0.03647058823529355,No significant trend,71.68129032258065,39.508473222836436
101_1139,0.0,1.0,0.0,No significant trend,0.0,0.0
101_114,0.0,1.0,0.0,No significant trend,0.0,0.0
101_1140,0.0,1.0,0.0,No significant trend,0.0,0.0
101_1141,-0.3118279569892473,0.014385749502058731,-0.026250000000000107,Decreasing,39.849999999999994,0.5029205029207549
101_1142,0.6645161290322581,1.650774061889848e-07,0.05750000000000011,Increasing,3.6083870967741936,1.7932311740833848
101_1143,0.0,1.0,0.0,No significant trend,0.0,0.0
101_1144,-0.5956989247311828,2.718582431837646e-06,-0.22375000000000034,Decreasing,15.22741935483871,7.954738481434351
101_1145,0.2537634408602151,0.04674749402400602,0.015000000000000124,Increasing,5.203225806451614,0.37616388927180605
101_1146,0.44946236559139785,0.00040738224022218716,0.05000000000000071,Increasing,4.1654838709677415,4.902768038902947
101_1147,0.0,1.0,0.0,No significant trend,0.0,0.0
101_1148,0.14193548387096774,0.26926051859260536,0.019545454545454533,No significant trend,46.156774193548394,5.630824375041352
101_1149,0.0,1.0,0.0,No significant trend,0.0,0.0
101_115,0.0,1.0,0.0,No significant trend,0.0,0.0
101_1150,0.0,1.0,0.0,No significant trend,100.0,0.0
101_1151,0.46881720430107526,0.00022582615287181085,0.13095238095238096,Increasing,5.747096774193548,1.8395532303820266
101_1152,0.0,1.0,0.0,No significant trend,0.0,0.0
101_1153,-0.5956989247311828,2.718582431837646e-06,-1.1114814814814815,Decreasing,18.21967741935484,14.483942272976284
101_1154,0.5698924731182796,7.221474918273074e-06,0.006666666666666672,Increasing,0.9803225806451612,0.2588246868487868
101_1155,0.0,1.0,0.0,No significant trend,100.0,0.0
101_1156,0.0,1.0,0.0,No significant trend,0.0,0.0
101_1158,0.0,1.0,0.0,No significant trend,0.0,0.0
101_1159,-0.1913978494623656,0.13473584102323688,-0.01499999999999968,No significant trend,61.85612903225805,0.4656779824628555
101_116,0.0,1.0,0.0,No significant trend,0.0,0.0
101_1160,-0.4967741935483871,9.261151253348032e-05,-0.6377777777777778,Decreasing,55.12419354838709,8.945694864441794
101_1161,0.13763440860215054,0.28427093926275426,0.014583333333333096,No significant trend,35.55741935483871,1.03588505945379
101_1162,0.0,1.0,0.0,No significant trend,0.0,0.0
101_1163,0.17204301075268819,0.17936364721043319,0.018571428571428683,No significant trend,15.584838709677424,3.9168740589072137
101_1164,0.0,1.0,0.0,No significant trend,0.0,0.0
101_1165,-0.524731182795699,3.625592294853597e-05,-0.04400000000000013,Decreasing,29.787741935483872,0.6602233721587271
101_1166,0.06881720430107527,0.5982707245011594,0.0,No significant trend,0.03354838709677419,0.10250250625092597
101_1167,0.43010752688172044,0.000718850062535914,0.03285714285714292,Increasing,5.5445161290322575,7.478898417552042
101_1168,0.0,1.0,0.0,No significant trend,0.0,0.0
101_1169,-0.4989247311827957,8.630833449374542e-05,-0.07749999999999997,Decreasing,3.359354838709677,2.8625546175759893
101_117,0.0,1.0,0.0,No significant trend,0.0,0.0
101_1170,0.0,1.0,0.0,No significant trend,0.0,0.0
101_1172,-0.1053763440860215,0.4145985082462331,-0.10833333333333428,No significant trend,76.93516129032257,15.497599995455644
101_1173,-0.18064516129032257,0.158332321603736,-0.041999999999999815,No significant trend,15.879032258064516,7.74877403616053
101_1174,0.0,1.0,0.0,No significant trend,0.0,0.0
101_1176,0.0,1.0,0.0,No significant trend,0.0,0.0
101_1177,0.24301075268817204,0.05696246823315332,0.3999999999999986,No significant trend,18.9041935483871,16.799833865191136
101_1179,0.15483870967741936,0.22753013024096425,0.00555555555555556,No significant trend,0.9609677419354838,0.4312798271215545
101_118,0.0,1.0,0.0,No significant trend,0.0,0.0
101_1180,-0.5634408602150538,9.161826726389322e-06,-0.004500000000000001,Decreasing,0.3319354838709678,0.13204152217997406
101_1181,-0.06666666666666667,0.6101267703127584,0.0,No significant trend,10.008387096774191,0.1847945114076984
101_1182,0.0,1.0,0.0,No significant trend,0.0,0.0
101_1183,0.1935483870967742,0.1303606801133712,0.0,No significant trend,0.755483870967742,0.010727928482784454
101_1184,0.0,1.0,0.0,No significant trend,0.0,0.0
101_1185,-0.33548387096774196,0.008427504795672336,-0.0011111111111111122,Decreasing,1.042258064516129,0.09553616702148526
101_1186,0.2838709677419355,0.02597866016768635,0.05619047619047618,Increasing,9.296451612903226,2.2299190617267333
101_1187,-0.7311827956989247,8.32288038488116e-09,-0.43954545454545463,Decreasing,29.442580645161293,5.748018434288091
101_1188,-0.04516129032258064,0.7339104943970112,0.0,No significant trend,3.38741935483871,1.6971892660474497
101_1189,0.0,1.0,0.0,No significant trend,0.0,0.0
101_119,0.0,1.0,0.0,No significant trend,0.0,0.0
101_1190,0.3763440860215054,0.0031026895944057387,0.019444444444444424,Increasing,9.762903225806452,0.860177001846552
101_1191,-0.23440860215053763,0.06641490832840091,-0.005217391304347812,No significant trend,3.4832258064516117,0.17818777874848035
101_1192,-0.3741935483870968,0.0032780980642772573,-0.17666666666666705,Decreasing,87.94516129032259,8.77274623974093
101_1193,0.0,1.0,0.0,No significant trend,0.0,0.0
101_1194,-0.4817204301075269,0.00015052543899995996,-2.761875,Decreasing,46.34548387096774,34.45407292171567
101_1195,0.5806451612903226,4.830075495565467e-06,0.733846153846154,Increasing,44.92516129032258,10.310555152591474
101_1196,-0.46021505376344085,0.0002943335046816653,-0.22681818181818192,Decreasing,22.268387096774195,3.410400692354808
101_1197,0.38064516129032255,0.0027772931948595314,0.0027272727272727297,Increasing,1.435806451612903,0.06680613230247208
101_1198,0.0,1.0,0.0,No significant trend,0.0,0.0
101_1199,0.36989247311827955,0.0036562858092210604,0.0,Decreasing,3.27,4.156883137562907
101_12,-0.004301075268817204,0.9864394742066862,0.0,No significant trend,45.085161290322574,1.8334963444068206
101_120,-0.060215053763440864,0.6463036389969625,0.0,No significant trend,0.16483870967741937,0.9028587964036769
101_1200,0.0,1.0,0.0,No significant trend,0.0,0.0
101_1201,0.5075268817204301,6.492456359774579e-05,0.885,Increasing,15.629354838709677,9.486002569315339
101_1202,0.03225806451612903,0.8119200006410021,0.0,No significant trend,17.565161290322582,13.875138795229713
101_1204,0.4838709677419355,0.0001405505548264241,0.4447999999999999,Increasing,50.57193548387096,8.202577651255119
101_1206,0.0,1.0,0.0,No significant trend,0.0,0.0
101_1207,0.4645161290322581,0.00025795530905270425,0.31368421052631584,Increasing,24.165483870967744,12.254648581768597
101_121,0.0,1.0,0.0,No significant trend,0.0,0.0
101_122,0.0,1.0,0.0,No significant trend,0.0,0.0
101_123,0.5204301075268817,4.201023062511133e-05,0.43352941176470583,Increasing,9.486451612903226,5.23650311069361
101_124,0.0,1.0,0.0,No significant trend,0.0,0.0
101_125,0.0,1.0,0.0,No significant trend,0.0,0.0
101_126,0.0,1.0,0.0,No significant trend,0.0,0.0
101_127,0.3548387096774194,0.005313081962207367,0.0,Decreasing,10.238387096774193,19.003326889847845
101_128,0.567741935483871,7.819851200352446e-06,0.18599999999999994,Increasing,48.33774193548386,17.627955018292706
101_129,0.0,1.0,0.0,No significant trend,0.0,0.0
101_13,-0.5333333333333333,2.691459633452631e-05,-0.4231818181818181,Decreasing,29.20806451612903,4.645405929937898
101_130,0.0,1.0,0.0,No significant trend,0.0,0.0
101_131,0.0,1.0,0.0,No significant trend,0.0,0.0
101_132,0.0,1.0,0.0,No significant trend,0.0,0.0
101_133,0.0,1.0,0.0,No significant trend,0.0,0.0
101_134,0.0,1.0,0.0,No significant trend,0.0,0.0
101_135,0.0,1.0,0.0,No significant trend,0.0,0.0
101_136,-0.004301075268817204,0.9864394742066862,0.0,No significant trend,8.644193548387099,3.5255992619819128
101_137,0.0,1.0,0.0,No significant trend,0.0,0.0
101_138,0.0,1.0,0.0,No significant trend,0.0,0.0
101_139,0.0,1.0,0.0,No significant trend,0.0,0.0
101_14,-0.7526881720430108,2.9972362369790062e-09,-0.25941176470588256,Decreasing,60.67225806451612,4.556706301760022
101_140,-0.25591397849462366,0.0449013762794892,-0.10740740740740749,Decreasing,26.810645161290328,5.875284446365332
101_141,0.0,1.0,0.0,No significant trend,0.0,0.0
101_142,0.0,1.0,0.0,No significant trend,0.0,0.0
101_143,0.0,1.0,0.0,No significant trend,0.0,0.0
101_144,0.0,1.0,0.0,No significant trend,0.0,0.0
101_145,0.0,1.0,0.0,No significant trend,0.0,0.0
101_146,0.7376344086021506,6.144577069377988e-09,0.7584615384615384,Increasing,8.024193548387096,8.127834998878276
101_147,0.4,0.001664635394999392,0.134,Increasing,3.7012903225806455,1.7528626207794216
101_148,0.0,1.0,0.0,No significant trend,0.0,0.0
101_149,0.513978494623656,5.229024939912286e-05,0.043333333333333335,Increasing,0.4319354838709678,0.5860717745037097
101_15,-0.06236559139784946,0.6341458536966633,-0.0050000000000000044,No significant trend,11.32548387096774,4.964339178133008
101_150,0.0,1.0,0.0,No significant trend,0.0,0.0
101_151,-0.6,2.301109211844121e-06,-1.465185185185185,Decreasing,32.513225806451615,19.83323203161752
101_152,0.0,1.0,0.0,No significant trend,0.0,0.0
101_153,0.46881720430107526,0.00022582615287181085,0.16500000000000004,Increasing,3.088064516129033,4.056026515274754
101_154,0.6924731182795699,4.8739167368694325e-08,0.4520000000000003,Increasing,19.44129032258065,7.522112238501632
101_155,0.5268817204301075,3.3667518407387576e-05,0.002777777777777768,Increasing,1.8438709677419358,0.03366604677587029
101_156,0.46236559139784944,0.00027558237497360416,0.4740740740740741,Increasing,5.970645161290322,6.844962327229147
101_157,0.0,1.0,0.0,No significant trend,0.0,0.0
101_158,0.0,1.0,0.0,No significant trend,0.0,0.0
101_159,0.0,1.0,0.0,No significant trend,0.0,0.0
101_16,0.7419354838709677,5.012174675300685e-09,0.08499999999999996,Increasing,23.095483870967737,0.8224975290076716
101_160,-0.15053763440860216,0.2408949627928283,0.0,No significant trend,0.45741935483870966,1.3981784641775552
101_161,0.44516129032258067,0.000463060547241545,0.03200000000000003,Increasing,24.700967741935486,4.7611020375394855
101_162,0.4924731182795699,0.000106544569022482,0.14368421052631564,Increasing,35.06903225806451,1.9924297937017468
101_163,0.0,1.0,0.0,No significant trend,0.0,0.0
101_164,0.2752688172043011,0.030885487177731763,0.04055555555555558,Increasing,11.195806451612905,6.061765299249401
101_165,0.04086021505376344,0.7596537518193331,0.0,No significant trend,89.80064516129032,0.18017796728774138
101_166,0.3978494623655914,0.0017639537009741524,0.10533333333333322,Increasing,69.29903225806451,1.4526424306130827
101_167,0.0,1.0,0.0,No significant trend,0.0,0.0
101_168,0.6279569892473118,7.577055374241581e-07,0.08684210526315787,Increasing,2.080645161290322,1.0263619919919185
101_169,0.0,1.0,0.0,No significant trend,0.0,0.0
101_17,0.3913978494623656,0.002095506748773568,0.017894736842105255,Increasing,9.370645161290323,0.4094444346394662
101_170,0.0,1.0,0.0,No significant trend,0.0,0.0
101_171,0.0,1.0,0.0,No significant trend,0.0,0.0
101_172,0.6279569892473118,7.577055374241581e-07,0.4850000000000003,Increasing,7.093225806451613,6.082897435192867
101_173,0.0,1.0,0.0,No significant trend,0.0,0.0
101_174,0.0,1.0,0.0,No significant trend,0.0,0.0
101_175,0.24516129032258063,0.05478277122914399,0.049999999999998934,No significant trend,49.00516129032259,1.5198829983995934
101_176,0.7634408602150538,1.779737912599444e-09,0.13999999999999954,Increasing,52.37548387096775,1.397446608616373
101_177,0.47956989247311826,0.00016116403623755993,0.034545454545454615,Increasing,9.334516129032258,1.6018735778510342
101_178,0.3978494623655914,0.0017639537009741524,0.09846153846153854,Increasing,38.3841935483871,1.2952239168564976
101_179,0.0,1.0,0.0,No significant trend,0.0,0.0
101_18,0.0,1.0,0.0,No significant trend,100.0,0.0
101_180,0.047311827956989246,0.721148135879736,0.020000000000000462,No significant trend,45.03096774193548,3.175561271028508
101_181,0.14408602150537633,0.2619630008374654,0.004999999999999893,No significant trend,76.69387096774194,37.19659468262318
101_182,0.0,1.0,0.0,No significant trend,0.0,0.0
101_183,0.0,1.0,0.0,No significant trend,0.0,0.0
101_184,0.0,1.0,0.0,No significant trend,0.0,0.0
101_185,0.6881720430107527,5.898305532880954e-08,0.35388888888888875,Increasing,55.19483870967742,4.199490653422029
101_186,0.11182795698924732,0.3860421406420662,0.009333333333333253,No significant trend,9.978064516129036,1.9047282751850148
101_187,-0.08172043010752689,0.5294358519548577,0.0,No significant trend,51.15451612903227,2.354467049769339
101_188,-0.5290322580645161,3.125527522196414e-05,-0.06368421052631583,Decreasing,39.11483870967742,1.0079006318396924
101_189,0.0,1.0,0.0,No significant trend,0.0,0.0
101_19,0.0,1.0,0.0,No significant trend,0.0,0.0
101_191,-0.40860215053763443,0.0013166634131251964,-0.04421052631578942,Decreasing,7.750322580645161,0.9192159487616912
101_192,-0.27741935483870966,0.029589571342436338,-0.0057142857142857195,Decreasing,5.102580645161289,0.15182689085494874
101_193,0.0,1.0,0.0,No significant trend,0.0,0.0
101_194,-0.49032258064516127,0.0001142313991857602,-0.002499999999999858,Decreasing,99.42709677419356,0.02964233550363674
101_195,0.0,1.0,0.0,No significant trend,100.0,0.0
101_196,0.0,1.0,0.0,No significant trend,0.0,0.0
101_197,0.0,1.0,0.0,No significant trend,0.0,0.0
101_198,-0.23870967741935484,0.061538570047021235,-0.02888888888888867,No significant trend,59.035483870967745,15.528014608091231
101_199,0.0,1.0,0.0,No significant trend,0.0,0.0
101_2,0.0,1.0,0.0,No significant trend,0.0,0.0
101_20,0.0,1.0,0.0,No significant trend,0.0,0.0
101_200,0.0,1.0,0.0,No significant trend,0.0,0.0
101_201,0.0,1.0,0.0,No significant trend,0.0,0.0
101_202,0.0,1.0,0.0,No significant trend,0.0,0.0
101_203,0.0,1.0,0.0,No significant trend,0.0,0.0
101_204,0.0,1.0,0.0,No significant trend,0.0,0.0
101_205,-0.6559139784946236,2.379948262909437e-07,-0.0492307692307692,Decreasing,15.077096774193553,0.993174102102128
101_206,0.0,1.0,0.0,No significant trend,0.0,0.0
101_207,0.0,1.0,0.0,No significant trend,0.0,0.0
101_208,0.0,1.0,0.0,No significant trend,0.0,0.0
101_209,0.3849462365591398,0.002483355213678262,0.019230769230769232,Increasing,7.4880645161290325,2.5835377337372334
101_21,-0.15053763440860216,0.2408949627928283,-0.012500000000000178,No significant trend,46.80129032258065,6.98098049400285
101_210,-0.16129032258064516,0.20848766222654147,-0.01799999999999997,No significant trend,8.200000000000001,2.3824628081584116
101_211,-0.40860215053763443,0.0013166634131251964,-0.0027777777777777926,Decreasing,2.2290322580645165,0.591151718087774
101_212,0.0,1.0,0.0,No significant trend,0.0,0.0
101_213,0.0,1.0,0.0,No significant trend,0.0,0.0
101_214,0.3010752688172043,0.018152045535652528,0.0,Decreasing,80.64516129032258,39.50789907714804
101_215,0.0,1.0,0.0,No significant trend,0.0,0.0
101_216,0.0,1.0,0.0,No significant trend,0.0,0.0
101_217,0.2172043010752688,0.08919834224618706,0.011428571428571439,No significant trend,8.928064516129032,0.3035639843786852
101_218,0.0,1.0,0.0,No significant trend,0.0,0.0
101_219,0.0,1.0,0.0,No significant trend,0.0,0.0
101_22,0.0,1.0,0.0,No significant trend,0.0,0.0
101_220,-0.3720430107526882,0.0034624952577932966,-0.07680000000000006,Decreasing,59.66806451612904,1.1840810220611635
101_221,-0.49032258064516127,0.0001142313991857602,-0.18499999999999991,Decreasing,51.834516129032245,2.46483898408837
101_222,0.0,1.0,0.0,No significant trend,0.0,0.0
101_223,0.5225806451612903,3.903255135684347e-05,0.30666666666666725,Increasing,7.219354838709678,9.085409052336775
101_224,0.6451612903225806,3.736217171201872e-07,0.4650000000000034,Increasing,36.44548387096774,34.383027868572455
101_225,0.0,1.0,0.0,No significant trend,0.0,0.0
101_226,0.3010752688172043,0.018152045535652528,0.16499999999999987,Increasing,21.64451612903226,6.243582428386962
101_227,0.4946236559139785,9.934770157715711e-05,0.08500000000000019,Increasing,2.9374193548387093,3.6970746654897346
101_228,-0.44516129032258067,0.000463060547241545,-0.9762068965517241,Decreasing,13.180967741935484,13.64205484352699
101_229,0.0,1.0,0.0,No significant trend,100.0,0.0
101_23,0.0,1.0,0.0,No significant trend,0.0,0.0
101_230,-0.7139784946236559,1.846351960210768e-08,-0.6925000000000008,Decreasing,49.2425806451613,12.770742512008159
101_231,-0.025806451612903226,0.8516915353162966,0.0,No significant trend,99.64548387096775,1.9417648087037978
101_232,-0.021505376344086023,0.8784237055808175,0.0,No significant trend,35.25612903225806,11.826792894817217
101_233,0.008602150537634409,0.959334085947048,0.0,No significant trend,99.97032258064516,0.16254992029185605
101_234,0.0,1.0,0.0,No significant trend,100.0,0.0
101_235,-0.08817204301075268,0.49659521437046883,-0.0011111111111108901,No significant trend,48.50709677419354,2.446041164357528
101_236,0.0,1.0,0.0,No significant trend,0.0,0.0
101_237,0.2,0.11789500171022893,0.01800000000000006,No significant trend,3.4787096774193547,0.6363542426702379
101_238,0.0,1.0,0.0,No significant trend,0.0,0.0
101_239,0.0,1.0,0.0,No significant trend,0.0,0.0
101_24,0.0,1.0,0.0,No significant trend,0.0,0.0
101_240,-0.5827956989247312,4.4530492946393e-06,-0.004999999999999993,Decreasing,1.0129032258064516,0.8788709529419425
101_241,0.0,1.0,0.0,No significant trend,0.0,0.0
101_242,0.0,1.0,0.0,No significant trend,0.0,0.0
101_243,0.0,1.0,0.0,No significant trend,0.0,0.0
101_244,0.5032258064516129,7.489794679416129e-05,0.17499999999999982,Increasing,8.01483870967742,2.822708457935669
101_245,0.0,1.0,0.0,No significant trend,0.0,0.0
101_246,0.43655913978494626,0.000596334223081918,0.050625,Increasing,2.205806451612903,2.152987083540879
101_247,0.0,1.0,0.0,No significant trend,0.0,0.0
101_248,0.0,1.0,0.0,No significant trend,0.0,0.0
101_249,0.0,1.0,0.0,No significant trend,0.0,0.0
101_25,0.0,1.0,0.0,No significant trend,0.0,0.0
101_250,0.0,1.0,0.0,No significant trend,0.0,0.0
101_251,0.0,1.0,0.0,No significant trend,0.0,0.0
101_252,0.0,1.0,0.0,No significant trend,0.0,0.0
101_253,0.0,1.0,0.0,No significant trend,0.0,0.0
101_254,-0.30752688172043013,0.015800509032550147,-0.03083333333333334,Decreasing,14.104516129032264,0.5324371155337678
101_255,0.0,1.0,0.0,No significant trend,0.0,0.0
101_256,0.0,1.0,0.0,No significant trend,0.0,0.0
101_257,0.0,1.0,0.0,No significant trend,0.0,0.0
101_258,0.0,1.0,0.0,No significant trend,0.0,0.0
101_259,0.5720430107526882,6.667035368224106e-06,0.1358823529411766,Increasing,43.9816129032258,8.149492799089655
101_26,0.0,1.0,0.0,No significant trend,0.0,0.0
101_260,0.0,1.0,0.0,No significant trend,100.0,0.0
101_261,-0.15698924731182795,0.22104956212356597,-0.07074074074074062,No significant trend,55.138709677419364,2.5060903131468115
101_262,0.0,1.0,0.0,No significant trend,0.0,0.0
101_263,0.0,1.0,0.0,No significant trend,0.0,0.0
101_264,-0.15268817204301074,0.2341449862943059,-0.00952380952380949,No significant trend,13.698387096774194,2.3226987873178264
101_265,-0.14838709677419354,0.24778083040054266,-0.003846153846153764,No significant trend,9.397096774193546,0.18584061065934787
101_266,0.0,1.0,0.0,No significant trend,0.0,0.0
101_267,-0.2817204301075269,0.02713750593978581,-0.010454545454545433,Decreasing,5.684516129032257,0.8048876447726081
101_268,0.0,1.0,0.0,No significant trend,0.0,0.0
101_269,-0.3010752688172043,0.018152045535652528,-0.0460000000000008,Decreasing,39.447741935483876,0.9111379261667679
101_27,0.0,1.0,0.0,No significant trend,0.0,0.0
101_270,0.03655913978494624,0.7856661000859302,0.0009523809523809321,No significant trend,5.8177419354838715,2.7450362353533158
101_271,-0.49032258064516127,0.0001142313991857602,-0.23199999999999993,Decreasing,17.698387096774194,6.479999052555782
101_272,0.0,1.0,0.0,No significant trend,0.0,0.0
101_273,0.0,1.0,0.0,No significant trend,0.0,0.0
101_274,-0.45161290322580644,0.0003819501147899196,-0.07111111111111118,Decreasing,33.04064516129032,0.9231919923475561
101_275,-0.2752688172043011,0.030885487177731763,-0.007777777777778599,Decreasing,92.42645161290322,0.487346656690821
101_276,-0.13978494623655913,0.2766963536434415,0.0,No significant trend,97.17225806451613,0.23468179798597769
101_277,0.0,1.0,0.0,No significant trend,0.0,0.0
101_278,0.7053763440860215,2.73151810059602e-08,0.05700000000000003,Increasing,27.21129032258065,0.5731055295238946
101_279,-0.16344086021505377,0.2024043739887733,-0.008333333333333156,No significant trend,23.010967741935485,7.076475500917704
101_28,0.0,1.0,0.0,No significant trend,0.0,0.0
101_280,0.034408602150537634,0.7987646104203716,0.0,No significant trend,28.12258064516129,25.528472777910725
101_281,0.0,1.0,0.0,No significant trend,0.0,0.0
101_282,0.0,1.0,0.0,No significant trend,0.0,0.0
101_283,0.17634408602150536,0.16860199558675504,0.010555555555555825,No significant trend,61.834193548387084,5.334807052285926
101_284,-0.030107526881720432,0.8251287015820885,0.0,No significant trend,28.82161290322581,0.23061064483437443
101_285,0.12258064516129032,0.34119875170636194,0.0,No significant trend,0.2735483870967742,1.0425358302409125
101_286,0.0,1.0,0.0,No significant trend,0.0,0.0
101_287,0.0,1.0,0.0,No significant trend,0.0,0.0
101_288,0.0,1.0,0.0,No significant trend,0.0,0.0
101_289,0.0,1.0,0.0,No significant trend,0.0,0.0
101_29,0.0,1.0,0.0,No significant trend,0.0,0.0
101_290,0.0,1.0,0.0,No significant trend,0.0,0.0
101_291,-0.05161290322580645,0.6958581513960522,-0.02759999999999991,No significant trend,20.64096774193548,6.783302723428249
101_292,0.0,1.0,0.0,No significant trend,0.0,0.0
101_293,0.0,1.0,0.0,No significant trend,0.0,0.0
101_294,0.44516129032258067,0.000463060547241545,0.022666666666666658,Increasing,7.2296774193548385,0.3035752961916637
101_295,0.0,1.0,0.0,No significant trend,0.0,0.0
101_296,0.0,1.0,0.0,No significant trend,0.0,0.0
101_297,-0.2860215053763441,0.024862848209154853,-0.045555555555555176,Decreasing,84.47903225806452,1.2852948822909416
101_298,-0.6451612903225806,3.736217171201872e-07,-0.7049999999999983,Decreasing,66.99354838709677,15.821755652426125
101_299,0.0,1.0,0.0,No significant trend,0.0,0.0
101_3,0.0,1.0,0.0,No significant trend,0.0,0.0
101_30,0.2731182795698925,0.032229828676073824,0.013333333333333345,Increasing,1.7106451612903224,1.0967810246466585
101_300,0.0,1.0,0.0,No significant trend,0.0,0.0
101_301,0.0,1.0,0.0,No significant trend,0.0,0.0
101_302,-0.3978494623655914,0.0017639537009741524,-0.14999999999999977,Decreasing,64.66612903225806,22.593484170244583
101_303,-0.410752688172043,0.0012408530273542162,-0.06727272727272714,Decreasing,16.235806451612902,9.582690973057602
101_304,0.0,1.0,0.0,No significant trend,0.0,0.0
101_305,0.5827956989247312,4.4530492946393e-06,0.01882352941176472,Increasing,9.118064516129033,0.2771679280757391
101_306,-0.6688172043010753,1.3725173086953646e-07,-0.23999999999999844,Decreasing,14.29483870967742,3.5760447343017625
101_307,0.3720430107526882,0.0034624952577932966,0.11600000000000107,Increasing,59.37741935483872,17.122547663871778
101_308,0.0,1.0,0.0,No significant trend,0.0,0.0
101_309,0.3247311827956989,0.010788909951167325,0.15280000000000002,Increasing,2.4609677419354834,2.6139172862974407
101_31,0.0,1.0,0.0,No significant trend,0.0,0.0
101_310,-0.3053763440860215,0.016552728702838415,-0.030454545454545533,Decreasing,24.91709677419355,1.9544097261658135
101_311,0.0,1.0,0.0,No significant trend,0.0,0.0
101_312,0.0,1.0,0.0,No significant trend,0.0,0.0
101_313,0.17849462365591398,0.16340634586373248,0.042608695652173775,No significant trend,36.12129032258064,7.4889521821601015
101_314,0.0,1.0,0.0,No significant trend,0.0,0.0
101_315,0.0,1.0,0.0,No significant trend,0.0,0.0
101_316,0.5268817204301075,3.3667518407387576e-05,0.23538461538461541,Increasing,7.7616129032258065,4.776698209604618
101_317,-0.2817204301075269,0.02713750593978581,-0.019230769230769232,Decreasing,48.668387096774204,0.5703824227836991
101_318,0.04946236559139785,0.7084629632532715,0.0,No significant trend,11.82806451612903,10.871902056145387
101_319,0.0,1.0,0.0,No significant trend,0.0,0.0
101_32,0.7182795698924731,1.5154345778256584e-08,0.22666666666666657,Increasing,11.099032258064515,7.129119908963433
101_320,0.0,1.0,0.0,No significant trend,0.0,0.0
101_321,0.0,1.0,0.0,No significant trend,0.0,0.0
101_322,-0.18924731182795698,0.13922364714154067,-0.004285714285714279,No significant trend,4.590967741935484,1.235432155912514
101_323,0.43870967741935485,0.0005600206571134692,0.26583333333333314,Increasing,33.72096774193548,16.95463726742413
101_324,0.0,1.0,0.0,No significant trend,0.0,0.0
101_325,0.0,1.0,0.0,No significant trend,0.0,0.0
101_326,0.0,1.0,0.0,No significant trend,0.0,0.0
101_327,0.0,1.0,0.0,No significant trend,0.0,0.0
101_328,0.0,1.0,0.0,No significant trend,0.0,0.0
101_329,0.7010752688172043,3.316779961792804e-08,0.2712,Increasing,9.253225806451612,3.3672544450039035
101_33,0.0,1.0,0.0,No significant trend,0.0,0.0
101_330,0.4172043010752688,0.0010369364231381795,0.11999999999999995,Increasing,1.5493548387096774,1.9532222103800039
101_331,0.5655913978494623,8.465459469420011e-06,0.4612,Increasing,17.867419354838713,5.867391005484319
101_332,0.2172043010752688,0.08919834224618706,0.012000000000000099,No significant trend,12.70516129032258,2.378512507467426
101_333,0.0,1.0,0.0,No significant trend,0.0,0.0
101_334,0.0,1.0,0.0,No significant trend,0.0,0.0
101_335,0.0,1.0,0.0,No significant trend,0.0,0.0
101_336,-0.3161290322580645,0.013083919895177765,-0.024444444444444317,Decreasing,21.61903225806452,3.9997906032600206
101_337,0.6881720430107527,5.898305532880954e-08,0.05000000000000071,Increasing,12.171290322580647,3.9989069005896805
101_338,0.0,1.0,0.0,No significant trend,0.0,0.0
101_339,0.0,1.0,0.0,No significant trend,0.0,0.0
101_34,0.0,1.0,0.0,No significant trend,0.0,0.0
101_340,0.33978494623655914,0.007620496341621097,0.004090909090909084,Increasing,4.217741935483871,0.12437481534871964
101_341,0.0,1.0,0.0,No significant trend,0.0,0.0
101_342,-0.36989247311827955,0.0036562858092210604,-0.17333333333333437,Decreasing,64.3958064516129,21.617168620990714
101_343,-0.017204301075268817,0.9052952265477159,0.0,No significant trend,42.92516129032258,14.954624459207288
101_344,0.43655913978494626,0.000596334223081918,0.05700000000000003,Increasing,20.589354838709674,27.763669918180888
101_345,0.47956989247311826,0.00016116403623755993,0.40999999999999837,Increasing,5.081612903225807,6.78984112920424
101_346,0.5419354838709678,1.9891905931546106e-05,0.46000000000000085,Increasing,30.653870967741938,38.57313946571391
101_347,0.3333333333333333,0.008858992984779324,0.0030769230769230795,Increasing,2.28258064516129,0.41019246263136505
101_348,0.6688172043010753,1.3725173086953646e-07,1.707586206896552,Increasing,19.363548387096774,23.60048257412398
101_349,0.0,1.0,0.0,No significant trend,0.0,0.0
101_35,0.0,1.0,0.0,No significant trend,0.0,0.0
101_350,0.27741935483870966,0.029589571342436338,0.03312500000000007,Increasing,59.10774193548387,4.621525868450543
101_351,-0.3548387096774194,0.005313081962207367,-0.021666666666666667,Decreasing,0.46645161290322584,0.3176277836540932
101_352,0.0,1.0,0.0,No significant trend,0.0,0.0
101_353,0.22365591397849463,0.08000950089470127,0.016500000000000004,No significant trend,7.450322580645161,1.7532117695375404
101_354,0.0,1.0,0.0,No significant trend,0.0,0.0
101_355,0.0,1.0,0.0,No significant trend,0.0,0.0
101_356,0.0,1.0,0.0,No significant trend,0.0,0.0
101_357,0.0,1.0,0.0,No significant trend,0.0,0.0
101_358,0.4881720430107527,0.00012243917739440668,0.06545454545454535,Increasing,17.72193548387097,8.690108362424278
101_359,0.0,1.0,0.0,No significant trend,0.0,0.0
101_36,0.0,1.0,0.0,No significant trend,0.0,0.0
101_360,0.0,1.0,0.0,No significant trend,0.0,0.0
101_361,0.432258064516129,0.000675626717447253,0.17200000000000001,Increasing,2.204516129032258,2.7792582425482
101_362,0.0,1.0,0.0,No significant trend,0.0,0.0
101_363,0.07956989247311828,0.5406231028187141,0.0,No significant trend,7.989354838709679,5.483364246038617
101_364,0.0,1.0,0.0,No significant trend,0.0,0.0
101_365,-0.36774193548387096,0.003859889400894323,-0.025882352941176547,Decreasing,16.458709677419353,0.42843858998719814
101_366,-0.22795698924731184,0.07432236131839742,-0.013636363636364153,No significant trend,64.27677419354839,0.41477072638152757
101_367,-0.13333333333333333,0.2998377295670276,-0.010952380952380804,No significant trend,44.271935483870955,2.1601380173271774
101_368,0.16344086021505377,0.2024043739887733,0.002380952380952415,No significant trend,4.6819354838709675,0.27038108536201294
101_369,0.1870967741935484,0.14382566910763628,0.015833333333333293,No significant trend,23.200645161290325,0.607745359897208
101_37,0.0,1.0,0.0,No significant trend,0.0,0.0
101_370,-0.31827956989247314,0.012472954020329219,-0.0906666666666671,Decreasing,49.145161290322584,3.741822801417946
101_371,0.4258064516129032,0.0008131066227232697,0.012608695652173915,Increasing,4.860322580645161,1.612634558268665
101_372,0.0,1.0,0.0,No significant trend,0.0,0.0
101_373,0.7634408602150538,1.779737912599444e-09,0.4648,Increasing,5.670967741935484,5.638051227518308
101_374,0.03225806451612903,0.8119200006410021,0.0,No significant trend,18.849032258064515,17.11136433444324
101_375,0.11182795698924732,0.3860421406420662,0.009565217391304299,No significant trend,11.273225806451611,2.9831033711899755
101_376,0.0,1.0,0.0,No significant trend,0.0,0.0
101_377,-0.23870967741935484,0.061538570047021235,-0.025,No significant trend,47.30387096774193,6.413199934721006
101_378,-0.5526881720430108,1.354669150632759e-05,-1.2395238095238093,Decreasing,66.01387096774194,14.137149340203692
101_379,0.6344086021505376,5.824519233588177e-07,0.030000000000000027,Increasing,2.3567741935483872,1.3963232528432667
101_38,0.546236559139785,1.707260688599277e-05,0.39440000000000003,Increasing,14.988387096774199,5.4148458392699705
101_380,-0.3139784946236559,0.013721204475508175,-0.15448275862068966,Decreasing,2.661290322580645,2.264296147756529
101_381,-0.021505376344086023,0.8784237055808175,-0.0033333333333350388,No significant trend,41.828709677419354,10.783390675668759
101_382,0.0,1.0,0.0,No significant trend,0.0,0.0
101_383,0.0,1.0,0.0,No significant trend,0.0,0.0
101_384,0.0,1.0,0.0,No significant trend,0.0,0.0
101_385,0.0,1.0,0.0,No significant trend,0.0,0.0
101_386,0.3419354838709677,0.007243570523155052,0.02874999999999983,Increasing,12.508064516129032,7.383554271030791
101_387,0.0,1.0,0.0,No significant trend,0.0,0.0
101_388,0.0,1.0,0.0,No significant trend,0.0,0.0
101_389,0.0,1.0,0.0,No significant trend,0.0,0.0
101_39,0.0,1.0,0.0,No significant trend,0.0,0.0
101_390,0.0,1.0,0.0,No significant trend,0.0,0.0
101_391,0.0,1.0,0.0,No significant trend,0.0,0.0
101_392,0.0,1.0,0.0,No significant trend,0.0,0.0
101_393,0.0,1.0,0.0,No significant trend,0.0,0.0
101_394,0.0,1.0,0.0,No significant trend,0.0,0.0
101_395,0.0,1.0,0.0,No significant trend,0.0,0.0
101_396,0.0,1.0,0.0,No significant trend,0.0,0.0
101_397,-0.7290322580645161,9.203571460503213e-09,-0.15333333333333302,Decreasing,10.537741935483872,6.3820351237281265
101_398,0.43655913978494626,0.000596334223081918,0.02647058823529418,Increasing,13.760967741935485,0.40054281587180424
101_399,0.0,1.0,0.0,No significant trend,0.0,0.0
101_4,0.0,1.0,0.0,No significant trend,0.0,0.0
101_40,0.0,1.0,0.0,No significant trend,0.0,0.0
101_400,0.0,1.0,0.0,No significant trend,0.0,0.0
101_401,0.0,1.0,0.0,No significant trend,0.0,0.0
101_402,0.0,1.0,0.0,No significant trend,0.0,0.0
101_403,0.24301075268817204,0.05696246823315332,0.026190476190476226,No significant trend,23.167096774193542,6.110253251468908
101_404,0.0,1.0,0.0,No significant trend,0.0,0.0
101_405,0.0,1.0,0.0,No significant trend,0.0,0.0
101_406,0.0,1.0,0.0,No significant trend,0.0,0.0
101_407,0.0,1.0,0.0,No significant trend,100.0,0.0
101_408,0.25591397849462366,0.0449013762794892,0.008148148148148106,Increasing,92.62741935483872,8.004844084936416
101_409,0.0,1.0,0.0,No significant trend,100.0,0.0
101_41,0.2086021505376344,0.10275196797700414,0.014210526315789451,No significant trend,24.78774193548387,0.4379697270243711
101_410,0.16774193548387098,0.19062782292334934,0.0,No significant trend,96.8016129032258,4.3171549000240015
101_411,0.05591397849462366,0.6709019753135215,0.0,No significant trend,99.93451612903226,0.35866993281789933
101_412,0.15268817204301074,0.2341449862943059,0.0,No significant trend,99.85129032258064,0.38408451636690344
101_413,-0.05806451612903226,0.6585566199856316,0.0,No significant trend,94.49032258064518,0.7713268160981125
101_414,0.0,1.0,0.0,No significant trend,0.0,0.0
101_415,0.0,1.0,0.0,No significant trend,0.0,0.0
101_416,0.0,1.0,0.0,No significant trend,0.0,0.0
101_417,-0.6387096774193548,4.880823591957295e-07,-0.20999999999999944,Decreasing,75.72129032258064,9.809719913773305
101_418,0.0,1.0,0.0,No significant trend,0.0,0.0
101_419,-0.06236559139784946,0.6341458536966633,0.0,No significant trend,97.4774193548387,0.38113555070668254
101_42,0.35698924731182796,0.005040894639046778,0.0699999999999995,Increasing,64.25870967741935,28.18569503820476
101_420,-0.1956989247311828,0.12609656894220533,-0.014545454545454558,No significant trend,33.263548387096776,0.4796742738036006
101_421,0.0,1.0,0.0,No significant trend,100.0,0.0
101_422,-0.4838709677419355,0.0001405505548264241,-0.10434782608695616,Decreasing,80.63483870967738,22.890836294559186
101_423,0.7505376344086021,3.32373772948813e-09,0.17562500000000014,Increasing,73.28387096774195,9.431833426741711
101_424,0.410752688172043,0.0012408530273542162,0.5266666666666661,Increasing,13.039032258064518,16.492164777962763
101_425,0.0,1.0,0.0,No significant trend,0.0,0.0
101_426,0.4344086021505376,0.000634829801147152,0.13571428571428612,Increasing,44.04096774193547,2.9035677218016547
101_427,0.0,1.0,0.0,No significant trend,0.0,0.0
101_428,-0.15698924731182795,0.22104956212356597,-0.004000000000000152,No significant trend,94.40290322580644,0.34794506007170567
101_429,0.0,1.0,0.0,No significant trend,0.0,0.0
101_43,0.524731182795699,3.625592294853597e-05,0.05571428571428579,Increasing,52.02193548387097,0.775039725744965
101_430,0.18064516129032257,0.158332321603736,0.040000000000000036,No significant trend,8.735483870967741,4.799153714851412
101_431,0.0,1.0,0.0,No significant trend,0.0,0.0
101_432,0.4774193548387097,0.0001725072317639853,0.14333333333333323,Increasing,45.56354838709677,8.643113816282131
101_433,0.0,1.0,0.0,No significant trend,0.0,0.0
101_434,0.0,1.0,0.0,No significant trend,100.0,0.0
101_435,0.37849462365591396,0.002935879872567604,0.0,Decreasing,99.6658064516129,0.35606971221710926
101_436,0.09032258064516129,0.4858947339033992,0.0011111111111108901,No significant trend,65.45967741935483,0.5354195453007988
101_437,0.08387096774193549,0.5183675363290698,0.0,No significant trend,98.32774193548389,0.3736283272867477
101_438,0.4236559139784946,0.0008644209634274258,0.0,Decreasing,99.72483870967743,0.3987712657307789
101_439,0.0,1.0,0.0,No significant trend,100.0,0.0
101_44,0.0,1.0,0.0,No significant trend,0.0,0.0
101_440,0.0,1.0,0.0,No significant trend,0.0,0.0
101_441,0.0,1.0,0.0,No significant trend,0.0,0.0
101_442,-0.7053763440860215,2.73151810059602e-08,-0.15045454545454523,Decreasing,44.599999999999994,1.6193825983997727
101_443,0.0,1.0,0.0,No significant trend,0.0,0.0
101_444,0.0,1.0,0.0,No significant trend,0.0,0.0
101_445,0.0,1.0,0.0,No significant trend,0.0,0.0
101_446,0.0,1.0,0.0,No significant trend,0.0,0.0
101_447,0.0,1.0,0.0,No significant trend,0.0,0.0
101_448,0.6946236559139785,4.4286428968476343e-08,0.04499999999999993,Increasing,9.357419354838706,0.46786383283708
101_449,-0.1913978494623656,0.13473584102323688,-0.005555555555555536,No significant trend,10.023870967741935,0.4209794832128525
101_45,0.0,1.0,0.0,No significant trend,0.0,0.0
101_450,0.0,1.0,0.0,No significant trend,100.0,0.0
101_451,0.0,1.0,0.0,No significant trend,0.0,0.0
101_452,0.0,1.0,0.0,No significant trend,0.0,0.0
101_453,0.0,1.0,0.0,No significant trend,100.0,0.0
101_454,0.0,1.0,0.0,No significant trend,100.0,0.0
101_455,0.0,1.0,0.0,No significant trend,0.0,0.0
101_456,0.27741935483870966,0.029589571342436338,0.015000000000000003,Increasing,11.381290322580647,4.626854112702164
101_457,0.5806451612903226,4.830075495565467e-06,0.007619047619047626,Increasing,2.168709677419355,0.11524845350537168
101_458,0.2021505376344086,0.11395424835779155,0.020952380952381014,No significant trend,25.253870967741943,0.6285450553273667
101_459,0.0,1.0,0.0,No significant trend,0.0,0.0
101_46,0.0,1.0,0.0,No significant trend,0.0,0.0
101_460,0.0,1.0,0.0,No significant trend,0.0,0.0
101_461,-0.513978494623656,5.229024939912286e-05,-0.7611538461538461,Decreasing,9.662903225806451,9.98485343021583
101_462,-0.32688172043010755,0.010274278203273202,-1.785925925925926,Decreasing,45.12806451612902,29.704133460530354
101_463,0.0,1.0,0.0,No significant trend,0.0,0.0
101_464,0.0,1.0,0.0,No significant trend,0.0,0.0
101_465,-0.5053763440860215,6.974277946447671e-05,-0.006666666666666672,Decreasing,2.6970967741935485,0.1566420523685748
101_466,-0.6559139784946236,2.379948262909437e-07,-0.02499999999999991,Decreasing,4.792903225806452,0.4028542804537601
101_467,-0.47096774193548385,0.00021120825007803212,-0.09695652173913061,Decreasing,68.45548387096774,1.970113536452671
101_468,0.0,1.0,0.0,No significant trend,0.0,0.0
101_469,0.0,1.0,0.0,No significant trend,0.0,0.0
101_47,0.0,1.0,0.0,No significant trend,0.0,0.0
101_470,0.0,1.0,0.0,No significant trend,0.0,0.0
101_471,0.0,1.0,0.0,No significant trend,0.0,0.0
101_472,0.0,1.0,0.0,No significant trend,0.0,0.0
101_473,0.17419354838709677,0.1739206495334844,0.008181818181818169,No significant trend,14.050322580645163,1.4919168961352993
101_474,0.0,1.0,0.0,No significant trend,0.0,0.0
101_475,-0.4774193548387097,0.0001725072317639853,-3.6796296296296296,Decreasing,48.34516129032258,49.93090444326412
101_476,0.09247311827956989,0.47532023939393775,0.009473684210526676,No significant trend,67.71354838709676,0.6757435493091161
101_477,0.0,1.0,0.0,No significant trend,100.0,0.0
101_478,-0.524731182795699,3.625592294853597e-05,-0.41962962962962963,Decreasing,5.472903225806451,5.6552517376719145
101_479,0.0,1.0,0.0,No significant trend,0.0,0.0
101_48,0.030107526881720432,0.8251287015820885,0.0,No significant trend,31.505483870967733,0.6291204239288137
101_480,0.2989247311827957,0.019001296136927026,0.7420833333333333,Increasing,39.192903225806454,10.97790220090206
101_481,0.32903225806451614,0.009781611919498001,0.0539999999999992,Increasing,56.56612903225807,13.115770039356672
101_482,0.0,1.0,0.0,No significant trend,0.0,0.0
101_483,0.11827956989247312,0.3587201702049656,0.0,No significant trend,98.9416129032258,4.199364081484929
101_484,0.0,1.0,0.0,No significant trend,100.0,0.0
101_485,0.0,1.0,0.0,No significant trend,0.0,0.0
101_486,-0.3333333333333333,0.008858992984779324,-0.025000000000000133,Decreasing,27.73903225806452,0.4916027431004972
101_487,-0.4236559139784946,0.0008644209634274258,-0.2631578947368421,Decreasing,70.49709677419357,7.765416796469641
101_488,0.06236559139784946,0.6341458536966633,0.0,No significant trend,59.69709677419355,0.9391629545243385
101_489,0.0,1.0,0.0,No significant trend,0.0,0.0
101_49,0.0,1.0,0.0,No significant trend,0.0,0.0
101_490,-0.44086021505376344,0.0005257753160301526,-0.18840000000000004,Decreasing,54.573548387096764,2.674552176427464
101_492,0.24086021505376345,0.05921383944155778,0.0060000000000000496,No significant trend,5.010645161290323,0.2153157543922184
101_493,0.3913978494623656,0.002095506748773568,0.09217391304347815,Increasing,36.26774193548386,1.2317250155971775
101_494,-0.012903225806451613,0.9322756334126572,0.0,No significant trend,98.40225806451613,8.751192991364796
101_495,-0.5978494623655914,2.5014990017169225e-06,-0.6799999999999997,Decreasing,64.54806451612903,8.370548376592179
101_496,-0.5290322580645161,3.125527522196414e-05,-0.32173913043478264,Decreasing,12.709032258064513,3.8533423739102552
101_497,-0.7096774193548387,2.2470017180253876e-08,-1.222,Decreasing,51.79612903225806,38.46849676137767
101_498,-0.621505376344086,9.832168288426146e-07,-0.3699999999999989,Decreasing,46.75322580645161,34.67838895568701
101_499,-0.6150537634408603,1.2726449472033607e-06,-2.4434615384615386,Decreasing,35.04032258064516,34.18700644357971
101_5,0.0,1.0,0.0,No significant trend,0.0,0.0
101_50,0.2709677419354839,0.033624002608237724,0.01799999999999997,Increasing,30.64451612903226,0.4901865261153304
101_500,0.0,1.0,0.0,No significant trend,0.0,0.0
101_501,0.1053763440860215,0.4145985082462331,0.013076923076923208,No significant trend,73.09451612903226,0.7977785233512493
101_502,0.0,1.0,0.0,No significant trend,0.0,0.0
101_503,-0.47096774193548385,0.00021120825007803212,-0.08363636363636347,Decreasing,23.43096774193548,1.275886421375249
101_504,0.43655913978494626,0.000596334223081918,0.1788888888888889,Increasing,2.5580645161290327,2.4802580762634214
101_505,0.0,1.0,0.0,No significant trend,0.0,0.0
101_506,0.0,1.0,0.0,No significant trend,0.0,0.0
101_507,-0.5720430107526882,6.667035368224106e-06,-0.787272727272727,Decreasing,42.585161290322574,37.91766282362672
101_508,-0.27956989247311825,0.028340697604201104,-0.030555555555555596,Decreasing,28.137419354838713,1.6414351858367142
101_509,0.41935483870967744,0.0009761747063838921,0.10307692307692334,Increasing,68.62387096774194,1.4800799399059377
101_51,0.0,1.0,0.0,No significant trend,0.0,0.0
101_510,-0.5397849462365591,2.146270321023991e-05,-1.1348148148148147,Decreasing,31.8741935483871,15.323036584048458
101_511,0.0,1.0,0.0,No significant trend,0.0,0.0
101_512,-0.3139784946236559,0.013721204475508175,-0.03772727272727265,Decreasing,16.308064516129033,3.058565359830291
101_513,-0.46881720430107526,0.00022582615287181085,-0.5107407407407407,Decreasing,6.4951612903225815,6.715996249190935
101_514,0.0,1.0,0.0,No significant trend,0.0,0.0
101_515,0.0,1.0,0.0,No significant trend,0.0,0.0
101_516,-0.017204301075268817,0.9052952265477159,-0.0008333333333334636,No significant trend,58.377419354838715,0.4091688486702821
101_517,0.10752688172043011,0.4049437537873102,0.002105263157895066,No significant trend,94.58838709677418,0.5383972437629782
101_518,-0.22580645161290322,0.07712322019197049,-0.0024999999999999467,No significant trend,4.406451612903226,0.09852290996372938
101_519,0.0,1.0,0.0,No significant trend,0.0,0.0
101_52,0.0,1.0,0.0,No significant trend,0.0,0.0
101_520,-0.4172043010752688,0.0010369364231381795,-0.5269230769230769,Decreasing,9.743225806451612,8.687551860916184
101_521,0.0,1.0,0.0,No significant trend,0.0,0.0
101_522,0.0,1.0,0.0,No significant trend,0.0,0.0
101_523,0.0,1.0,0.0,No significant trend,0.0,0.0
101_524,0.0,1.0,0.0,No significant trend,0.0,0.0
101_525,-0.2,0.11789500171022893,-0.0061111111111111045,No significant trend,3.3187096774193554,0.3224277056802324
101_526,0.0,1.0,0.0,No significant trend,0.0,0.0
101_527,0.0,1.0,0.0,No significant trend,0.0,0.0
101_528,-0.015053763440860216,0.9187737391879132,0.0,No significant trend,4.087096774193548,0.7674221345323831
101_53,0.0,1.0,0.0,No significant trend,0.0,0.0
101_530,0.0,1.0,0.0,No significant trend,0.0,0.0
101_531,0.3032258064516129,0.017336219440732936,0.7603703703703704,Increasing,18.852258064516132,10.669808085367047
101_532,0.0,1.0,0.0,No significant trend,0.0,0.0
101_533,0.5053763440860215,6.974277946447671e-05,2.262592592592593,Increasing,31.610322580645164,30.608188708660535
101_534,0.0,1.0,0.0,No significant trend,0.0,0.0
101_535,0.0,1.0,0.0,No significant trend,0.0,0.0
101_536,-0.5118279569892473,5.6217277267789356e-05,-0.2219999999999999,Decreasing,59.36064516129032,44.025046092590685
101_537,-0.14193548387096774,0.26926051859260536,-0.625,No significant trend,32.65064516129032,19.12721653788111
101_538,0.0,1.0,0.0,No significant trend,0.0,0.0
101_539,0.0,1.0,0.0,No significant trend,0.0,0.0
101_54,0.0,1.0,0.0,No significant trend,0.0,0.0
101_540,0.0,1.0,0.0,No significant trend,0.0,0.0
101_541,0.0,1.0,0.0,No significant trend,0.0,0.0
101_542,0.3913978494623656,0.002095506748773568,0.21523809523809506,Increasing,68.96064516129032,34.53095926803748
101_543,-0.03225806451612903,0.8119200006410021,0.0,No significant trend,97.38612903225807,13.258665985885843
101_544,0.45376344086021503,0.00035800799918561665,0.06714285714285724,Increasing,15.764838709677418,7.331982907855296
101_545,0.0,1.0,0.0,No significant trend,0.0,0.0
101_546,0.3311827956989247,0.009310109795033439,0.14333333333333323,Increasing,24.989677419354837,7.964468871938087
101_547,0.4064516129032258,0.0013967278652837756,0.2980000000000004,Increasing,45.447741935483876,4.136557482299799
101_548,0.1010752688172043,0.43431144285625,0.0,No significant trend,93.53483870967742,13.461322820241689
101_549,0.1010752688172043,0.43431144285625,0.00649999999999995,No significant trend,16.371612903225806,0.9873068509323852
101_55,0.12258064516129032,0.34119875170636194,0.0,No significant trend,0.2403225806451613,0.9151220044554177
101_550,0.4258064516129032,0.0008131066227232697,0.1891304347826087,Increasing,3.8129032258064512,2.4766499141151077
101_551,0.13763440860215054,0.28427093926275426,0.10125000000000028,No significant trend,42.99612903225806,16.713946789243803
101_552,0.535483870967742,2.4965491662198858e-05,1.3887499999999995,Increasing,55.45129032258064,19.29416654979418
101_553,0.2817204301075269,0.02713750593978581,0.02260869565217374,Increasing,60.5383870967742,0.5095988097810674
101_554,0.34623655913978496,0.006539518436156966,0.9359999999999999,Increasing,79.62032258064517,24.69148298814809
101_555,0.3655913978494624,0.004073741154636101,0.003333333333333336,Increasing,2.467741935483871,0.169319504762529
101_556,0.33763440860215055,0.008014910367279748,0.1800000000000006,Increasing,35.86645161290322,38.24381455771741
101_557,0.4129032258064516,0.001169091409425116,0.0,Decreasing,10.003870967741934,13.499060822150735
101_558,-0.40860215053763443,0.0013166634131251964,-0.4300000000000004,Decreasing,39.55354838709677,6.5721124155401816
101_559,0.0,1.0,0.0,No significant trend,0.0,0.0
101_56,0.0,1.0,0.0,No significant trend,0.0,0.0
101_560,0.0,1.0,0.0,No significant trend,0.0,0.0
101_561,0.35913978494623655,0.004781376457623443,0.0,Decreasing,1.0829032258064517,1.3702441354133779
101_562,0.0,1.0,0.0,No significant trend,0.0,0.0
101_563,0.24086021505376345,0.05921383944155778,0.18964285714285722,No significant trend,18.05258064516129,2.888964506690194
101_564,0.0,1.0,0.0,No significant trend,0.0,0.0
101_565,0.0,1.0,0.0,No significant trend,0.0,0.0
101_566,0.6,2.301109211844121e-06,0.6825925925925924,Increasing,26.791612903225808,7.794504307429895
101_567,-0.1935483870967742,0.1303606801133712,-0.08999999999999986,No significant trend,60.064516129032256,26.452444711547585
101_568,0.0,1.0,0.0,No significant trend,0.0,0.0
101_569,0.0,1.0,0.0,No significant trend,0.0,0.0
101_57,0.0,1.0,0.0,No significant trend,0.0,0.0
101_570,0.0,1.0,0.0,No significant trend,0.0,0.0
101_571,0.0,1.0,0.0,No significant trend,0.0,0.0
101_572,0.0,1.0,0.0,No significant trend,0.0,0.0
101_573,0.0,1.0,0.0,No significant trend,0.0,0.0
101_574,0.12688172043010754,0.3242351019547285,0.0,No significant trend,2.003548387096774,7.742987898899068
101_575,0.0,1.0,0.0,No significant trend,0.0,0.0
101_576,0.589247311827957,3.4837237237184127e-06,0.9139285714285714,Increasing,40.03935483870968,12.789321133963204
101_577,-0.5440860215053763,1.843097094700319e-05,-0.2958333333333331,Decreasing,50.86709677419354,32.551981277944776
101_578,0.2,0.11789500171022893,0.03125,No significant trend,21.585161290322585,2.181518960262649
101_579,0.3913978494623656,0.002095506748773568,1.5422222222222222,Increasing,21.799032258064514,21.108429344365156
101_58,0.0,1.0,0.0,No significant trend,0.0,0.0
101_580,0.0,1.0,0.0,No significant trend,0.0,0.0
101_581,-0.410752688172043,0.0012408530273542162,0.0,Decreasing,99.58935483870971,0.6421482869840791
101_582,-0.38064516129032255,0.0027772931948595314,-0.07357142857142815,Decreasing,51.65935483870969,6.886341758116087
101_583,0.2817204301075269,0.02713750593978581,0.11529411764705888,Increasing,16.946774193548386,3.4637080513721816
101_584,0.0,1.0,0.0,No significant trend,0.0,0.0
101_585,0.0,1.0,0.0,No significant trend,0.0,0.0
101_586,0.0,1.0,0.0,No significant trend,0.0,0.0
101_587,0.0,1.0,0.0,No significant trend,0.0,0.0
101_588,0.0,1.0,0.0,No significant trend,0.0,0.0
101_589,0.0,1.0,0.0,No significant trend,0.0,0.0
101_59,0.004301075268817204,0.9864394742066862,0.0,No significant trend,96.26096774193547,0.3342623543566666
101_590,0.0,1.0,0.0,No significant trend,0.0,0.0
101_591,0.0,1.0,0.0,No significant trend,0.0,0.0
101_592,0.0,1.0,0.0,No significant trend,0.0,0.0
101_593,0.0,1.0,0.0,No significant trend,0.0,0.0
101_594,0.0,1.0,0.0,No significant trend,0.0,0.0
101_595,0.0,1.0,0.0,No significant trend,0.0,0.0
101_596,0.0,1.0,0.0,No significant trend,0.0,0.0
101_597,0.0,1.0,0.0,No significant trend,0.0,0.0
101_598,-0.15053763440860216,0.2408949627928283,-0.045333333333333316,No significant trend,43.06935483870967,2.379372288439267
101_599,0.0,1.0,0.0,No significant trend,0.0,0.0
101_6,0.0,1.0,0.0,No significant trend,0.0,0.0
101_60,0.3032258064516129,0.017336219440732936,0.03999999999999994,Increasing,84.92774193548387,26.03211548907673
101_600,0.0,1.0,0.0,No significant trend,0.0,0.0
101_601,-0.33548387096774196,0.008427504795672336,-0.026999999999999958,Decreasing,16.764516129032256,0.7132878833812923
101_602,0.0,1.0,0.0,No significant trend,0.0,0.0
101_603,0.44946236559139785,0.00040738224022218716,0.043333333333333335,Increasing,0.7461290322580645,0.8796321717310167
101_604,0.0,1.0,0.0,No significant trend,0.0,0.0
101_605,0.0,1.0,0.0,No significant trend,0.0,0.0
101_606,0.0,1.0,0.0,No significant trend,0.0,0.0
101_607,0.0,1.0,0.0,No significant trend,0.0,0.0
101_608,0.0,1.0,0.0,No significant trend,0.0,0.0
101_609,0.5225806451612903,3.903255135684347e-05,0.4466666666666666,Increasing,7.273870967741934,9.160762638142248
101_61,0.0,1.0,0.0,No significant trend,0.0,0.0
101_610,0.0,1.0,0.0,No significant trend,0.0,0.0
101_611,0.0,1.0,0.0,No significant trend,0.0,0.0
101_612,-0.32903225806451614,0.009781611919498001,-0.00733333333333334,Decreasing,1.9432258064516132,0.19856561598160968
101_613,0.0,1.0,0.0,No significant trend,0.0,0.0
101_614,0.5204301075268817,4.201023062511133e-05,0.14999999999999977,Increasing,23.12677419354839,6.651264923158881
101_615,-0.1010752688172043,0.43431144285625,-0.040000000000000036,No significant trend,10.894516129032256,3.594705639803714
101_616,0.4645161290322581,0.00025795530905270425,0.16999999999999993,Increasing,21.080322580645163,4.397427755368319
101_617,-0.1827956989247312,0.1533785068859166,-0.03636363636363624,No significant trend,42.912903225806446,1.3169715835678002
101_618,0.0,1.0,0.0,No significant trend,0.0,0.0
101_619,0.21505376344086022,0.09244378064522207,0.02000000000000022,No significant trend,8.84967741935484,9.05939949725038
101_62,-0.13548387096774195,0.29198463590975887,0.0,No significant trend,48.803225806451614,0.7260471285546236
101_620,0.3655913978494624,0.004073741154636101,0.0,Decreasing,45.16129032258065,49.76531813077908
101_621,0.0,1.0,0.0,No significant trend,0.0,0.0
101_622,0.0,1.0,0.0,No significant trend,0.0,0.0
101_623,0.0,1.0,0.0,No significant trend,0.0,0.0
101_624,0.21935483870967742,0.08604531406845561,0.0,No significant trend,6.166129032258064,6.825297666872499
101_625,0.40860215053763443,0.0013166634131251964,0.03736842105263163,Increasing,29.059677419354834,0.5260717715720481
101_626,0.0,1.0,0.0,No significant trend,0.0,0.0
101_627,0.5483870967741935,1.5809977126357566e-05,0.5333333333333333,Increasing,6.387419354838709,9.962493847569052
101_628,0.0,1.0,0.0,No significant trend,0.0,0.0
101_629,0.0,1.0,0.0,No significant trend,0.0,0.0
101_63,0.3118279569892473,0.014385749502058731,0.022307692307692244,Increasing,17.97451612903226,10.602551986990521
101_630,0.0,1.0,0.0,No significant trend,0.0,0.0
101_631,0.32903225806451614,0.009781611919498001,0.19833333333333295,Increasing,26.063225806451616,7.4790547906747324
101_632,0.3118279569892473,0.014385749502058731,0.016521739130434816,Increasing,9.42,7.607097704372606
101_633,-0.27741935483870966,0.029589571342436338,-0.05400000000000015,Decreasing,64.19064516129032,6.247179975659661
101_634,0.0,1.0,0.0,No significant trend,100.0,0.0
101_635,0.0,1.0,0.0,No significant trend,0.0,0.0
101_636,-0.2860215053763441,0.024862848209154853,-0.02440000000000012,Decreasing,23.406129032258058,1.2907928981565253
101_637,0.0,1.0,0.0,No significant trend,0.0,0.0
101_638,0.17849462365591398,0.16340634586373248,0.021599999999999984,No significant trend,3.8093548387096776,0.6373834389776991
101_639,-0.03655913978494624,0.7856661000859302,0.0,No significant trend,92.67354838709679,0.34764227430577993
101_64,0.3053763440860215,0.016552728702838415,0.004999999999999967,Increasing,4.634193548387097,0.21528337204939296
101_640,-0.1913978494623656,0.13473584102323688,-0.009999999999999787,No significant trend,22.889999999999997,0.36602485373043636
101_641,0.0,1.0,0.0,No significant trend,0.0,0.0
101_642,0.0,1.0,0.0,No significant trend,0.0,0.0
101_643,0.0,1.0,0.0,No significant trend,100.0,0.0
101_644,0.05806451612903226,0.6585566199856316,0.0029411764705880683,No significant trend,42.270967741935486,0.47611570048648905
101_645,-0.34623655913978496,0.006539518436156966,-0.030000000000000027,Decreasing,22.213548387096775,0.5716673315672929
101_646,-0.12688172043010754,0.3242351019547285,0.0,No significant trend,99.88645161290323,0.43665553255432527
101_647,0.17419354838709677,0.1739206495334844,0.03384615384615367,No significant trend,76.4790322580645,1.5947623037340168
101_648,-0.3311827956989247,0.009310109795033439,-0.029473684210526437,Decreasing,25.75935483870967,0.7543120577990939
101_649,-0.17849462365591398,0.16340634586373248,-0.002758620689655175,No significant trend,6.619032258064516,0.4069188302884106
101_65,0.15698924731182795,0.22104956212356597,0.0003448275862068892,No significant trend,2.1274193548387097,0.12938982714002562
101_650,0.6817204301075269,7.835865623029292e-08,0.23062500000000008,Increasing,21.651612903225807,3.7789033199817363
101_651,0.0,1.0,0.0,No significant trend,0.0,0.0
101_652,0.05161290322580645,0.6958581513960522,0.0,No significant trend,3.6977419354838705,1.8142761991910419
101_653,0.0,1.0,0.0,No significant trend,0.0,0.0
101_654,0.36774193548387096,0.003859889400894323,0.6504166666666663,Increasing,68.79193548387096,10.256367784204597
101_655,-0.11827956989247312,0.3587201702049656,0.0,No significant trend,8.173548387096774,0.3722516352103149
101_656,0.0,1.0,0.0,No significant trend,100.0,0.0
101_657,-0.18924731182795698,0.13922364714154067,-0.02071428571428616,No significant trend,72.42064516129032,0.7665336113408837
101_658,-0.6430107526881721,4.0854560912073623e-07,-1.052,Decreasing,10.661935483870968,11.458323758328545
101_659,-0.23225806451612904,0.06896994111977195,-0.0433333333333333,No significant trend,3.7667741935483865,2.7951690895783075
101_66,0.2838709677419355,0.02597866016768635,0.0008695652173913051,Increasing,1.5083870967741935,0.06792295322968703
101_660,-0.567741935483871,7.819851200352446e-06,-0.39,Decreasing,15.41516129032258,30.1476600355508
101_661,-0.22365591397849463,0.08000950089470127,-0.037272727272727284,No significant trend,39.31354838709678,0.9054015269912256
101_662,0.0,1.0,0.0,No significant trend,0.0,0.0
101_663,0.6903225806451613,5.362454658097704e-08,0.13095238095238096,Increasing,61.51903225806451,1.3650720289130203
101_664,0.0,1.0,0.0,No significant trend,0.0,0.0
101_665,0.13118279569892474,0.30783043013369626,0.013599999999999994,No significant trend,19.183548387096774,0.5474312352580076
101_666,0.0,1.0,0.0,No significant trend,0.0,0.0
101_667,0.0,1.0,0.0,No significant trend,0.0,0.0
101_668,0.4881720430107527,0.00012243917739440668,0.15625,Increasing,4.168709677419355,5.628938329930824
101_669,0.45376344086021503,0.00035800799918561665,0.3100000000000023,Increasing,24.029354838709676,30.237874555733626
101_67,0.08817204301075268,0.49659521437046883,0.0,No significant trend,72.36999999999999,39.085417130408935
101_670,0.0,1.0,0.0,No significant trend,0.0,0.0
101_671,0.0,1.0,0.0,No significant trend,0.0,0.0
101_672,0.0,1.0,0.0,No significant trend,0.0,0.0
101_673,0.021505376344086023,0.8784237055808175,0.00039999999999999145,No significant trend,3.931612903225807,0.3894669373867027
101_674,-0.2989247311827957,0.019001296136927026,-0.028500000000000015,Decreasing,12.563225806451612,0.5603937964288705
101_675,0.0,1.0,0.0,No significant trend,0.0,0.0
101_676,0.0,1.0,0.0,No significant trend,0.0,0.0
101_677,0.0,1.0,0.0,No significant trend,0.0,0.0
101_678,0.35698924731182796,0.005040894639046778,0.05666666666666664,Increasing,40.942903225806454,0.7641068729015595
101_679,0.4860215053763441,0.00013120067777006028,0.06571428571428575,Increasing,16.52225806451613,0.7937729815923009
101_68,0.36129032258064514,0.004534009191836885,0.026666666666667678,Increasing,91.38032258064514,8.974030807179112
101_680,0.5827956989247312,4.4530492946393e-06,0.1963636363636367,Increasing,47.56935483870968,11.512517152937065
101_681,0.0,1.0,0.0,No significant trend,0.0,0.0
101_682,0.17634408602150536,0.16860199558675504,0.075217391304348,No significant trend,35.46709677419355,15.104426010930274
101_683,0.2021505376344086,0.11395424835779155,0.019333333333333334,No significant trend,6.699354838709676,1.424411447182198
101_684,0.0,1.0,0.0,No significant trend,0.0,0.0
101_685,0.5827956989247312,4.4530492946393e-06,0.08608695652173914,Increasing,15.737741935483871,3.3771783504609383
101_686,0.0,1.0,0.0,No significant trend,0.0,0.0
101_687,0.6795698924731183,8.60920839063084e-08,0.14600000000000007,Increasing,29.67096774193549,1.4993468574547446
101_688,0.0,1.0,0.0,No significant trend,0.0,0.0
101_689,0.0,1.0,0.0,No significant trend,0.0,0.0
101_69,-0.34838709677419355,0.006211110408963716,-0.0033333333333333114,Decreasing,2.416774193548387,0.06113903229125337
101_690,0.0,1.0,0.0,No significant trend,0.0,0.0
101_691,0.0,1.0,0.0,No significant trend,0.0,0.0
101_692,0.0,1.0,0.0,No significant trend,0.0,0.0
101_693,0.1827956989247312,0.1533785068859166,0.016842105263157908,No significant trend,37.32387096774193,0.5523596153241103
101_694,0.0,1.0,0.0,No significant trend,0.0,0.0
101_695,-0.12903225806451613,0.3159628698783248,-0.34407407407407403,No significant trend,48.80290322580644,12.516063277180116
101_696,0.0,1.0,0.0,No significant trend,0.0,0.0
101_697,0.0,1.0,0.0,No significant trend,0.0,0.0
101_698,0.0,1.0,0.0,No significant trend,0.0,0.0
101_699,0.0,1.0,0.0,No significant trend,0.0,0.0
101_7,0.6516129032258065,2.852843357104007e-07,0.0020000000000000018,Increasing,0.37612903225806443,0.14575006046266303
101_70,0.32903225806451614,0.009781611919498001,0.006666666666666672,Increasing,5.063548387096775,0.16225325459426326
101_700,-0.5053763440860215,6.974277946447671e-05,-0.020000000000000018,Decreasing,1.9851612903225802,0.8100213894736278
101_701,0.0,1.0,0.0,No significant trend,0.0,0.0
101_702,0.1956989247311828,0.12609656894220533,0.11400000000000006,No significant trend,21.21032258064517,13.594359713681772
101_703,0.4344086021505376,0.000634829801147152,0.1899999999999995,Increasing,4.89,4.730657050456338
101_704,0.0,1.0,0.0,No significant trend,0.0,0.0
101_705,0.0,1.0,0.0,No significant trend,0.0,0.0
101_706,0.5419354838709678,1.9891905931546106e-05,0.7199999999999989,Increasing,37.10096774193548,32.24842235249293
101_707,0.46881720430107526,0.00022582615287181085,0.4900000000000002,Increasing,30.123870967741937,26.378574722119602
101_708,0.3010752688172043,0.018152045535652528,0.6860714285714286,Increasing,31.458709677419353,13.08327860210234
101_709,0.0,1.0,0.0,No significant trend,0.0,0.0
101_71,0.44731182795698926,0.0004343893018272649,0.03999999999999991,Increasing,26.606129032258067,0.5951669726103428
101_710,0.0,1.0,0.0,No significant trend,0.0,0.0
101_711,0.0,1.0,0.0,No significant trend,0.0,0.0
101_712,0.0,1.0,0.0,No significant trend,0.0,0.0
101_713,0.0,1.0,0.0,No significant trend,0.0,0.0
101_714,0.0,1.0,0.0,No significant trend,0.0,0.0
101_715,0.0,1.0,0.0,No significant trend,0.0,0.0
101_716,0.0,1.0,0.0,No significant trend,0.0,0.0
101_717,-0.4731182795698925,0.00019748250781770338,-0.14500000000000016,Decreasing,6.591290322580645,4.89194449229678
101_718,0.0,1.0,0.0,No significant trend,0.0,0.0
101_719,0.0,1.0,0.0,No significant trend,0.0,0.0
101_72,0.1935483870967742,0.1303606801133712,0.03478260869565205,No significant trend,79.30612903225806,1.6917001896724406
101_720,0.0,1.0,0.0,No significant trend,0.0,0.0
101_721,0.0,1.0,0.0,No significant trend,0.0,0.0
101_722,0.0,1.0,0.0,No significant trend,0.0,0.0
101_723,0.0,1.0,0.0,No significant trend,0.0,0.0
101_724,0.0,1.0,0.0,No significant trend,0.0,0.0
101_725,0.0,1.0,0.0,No significant trend,0.0,0.0
101_726,0.0,1.0,0.0,No significant trend,0.0,0.0
101_727,-0.05161290322580645,0.6958581513960522,0.0,No significant trend,0.12096774193548387,0.6625676098852817
101_728,0.0,1.0,0.0,No significant trend,0.0,0.0
101_729,0.0,1.0,0.0,No significant trend,0.0,0.0
101_73,0.017204301075268817,0.9052952265477159,0.0,No significant trend,5.313870967741936,0.21332509522768806
101_730,-0.08387096774193549,0.5183675363290698,0.0,No significant trend,0.11129032258064517,0.13978651777445794
101_731,0.3956989247311828,0.0018686938185774604,0.021428571428571394,Increasing,18.42548387096774,3.3840516265314537
101_732,0.42795698924731185,0.0007646309234956572,0.19500000000000028,Increasing,15.038387096774194,15.543706971980695
101_733,0.0,1.0,0.0,No significant trend,0.0,0.0
101_734,0.0,1.0,0.0,No significant trend,0.0,0.0
101_735,0.0,1.0,0.0,No significant trend,0.0,0.0
101_736,0.0,1.0,0.0,No significant trend,0.0,0.0
101_737,0.0,1.0,0.0,No significant trend,100.0,0.0
101_738,0.0,1.0,0.0,No significant trend,100.0,0.0
101_739,0.0,1.0,0.0,No significant trend,100.0,0.0
101_74,0.0,1.0,0.0,No significant trend,0.0,0.0
101_740,0.5118279569892473,5.6217277267789356e-05,0.13333333333333286,Increasing,53.69838709677421,7.322260402262623
101_741,0.6236559139784946,9.016837949626932e-07,0.125,Increasing,35.91967741935484,6.958079306667697
101_742,0.0,1.0,0.0,No significant trend,0.0,0.0
101_743,0.0,1.0,0.0,No significant trend,0.0,0.0
101_744,0.421505376344086,0.0009187244818718021,0.07000000000000028,Increasing,2.661290322580645,3.1359792851680512
101_745,0.0,1.0,0.0,No significant trend,0.0,0.0
101_746,0.5376344086021505,2.315113661621737e-05,0.022857142857142878,Increasing,5.589032258064517,0.3422162572136992
101_747,0.0,1.0,0.0,No significant trend,0.0,0.0
101_748,0.4666666666666667,0.0002413897092941042,0.0733333333333334,Increasing,2.448709677419355,2.8826720824727254
101_749,0.0,1.0,0.0,No significant trend,0.0,0.0
101_75,0.0,1.0,0.0,No significant trend,0.0,0.0
101_750,0.0,1.0,0.0,No significant trend,0.0,0.0
101_751,0.002150537634408602,1.0,0.0,No significant trend,91.23645161290322,0.27562888077404646
101_752,0.2064516129032258,0.10638442840594231,0.0008333333333325754,No significant trend,97.71451612903225,0.24220544078592873
101_753,0.0,1.0,0.0,No significant trend,0.0,0.0
101_754,-0.5483870967741935,1.5809977126357566e-05,-0.28000000000000114,Decreasing,39.248709677419356,21.891294888230224
101_755,0.0,1.0,0.0,No significant trend,0.0,0.0
101_756,-0.443010752688172,0.0004934897326194232,-0.28500000000000014,Decreasing,22.236451612903224,16.503100891100807
101_757,0.5806451612903226,4.830075495565467e-06,0.10555555555555547,Increasing,27.996774193548383,3.9568922206430694
101_758,0.6903225806451613,5.362454658097704e-08,0.4549999999999983,Increasing,47.102580645161304,4.894085942363323
101_759,0.0,1.0,0.0,No significant trend,0.0,0.0
101_76,-0.6645161290322581,1.650774061889848e-07,-0.09411764705882346,Decreasing,8.416451612903225,1.1032665527280188
101_760,0.0,1.0,0.0,No significant trend,0.0,0.0
101_761,0.5096774193548387,6.042257609317758e-05,0.1133333333333321,Increasing,18.35516129032258,24.75066618470882
101_762,0.2967741935483871,0.019885085312989492,0.09500000000000004,Increasing,22.233870967741936,7.52542429515176
101_763,0.0,1.0,0.0,No significant trend,0.0,0.0
101_764,0.0,1.0,0.0,No significant trend,0.0,0.0
101_765,0.0,1.0,0.0,No significant trend,0.0,0.0
101_766,0.0,1.0,0.0,No significant trend,0.0,0.0
101_767,0.0,1.0,0.0,No significant trend,0.0,0.0
101_768,0.0,1.0,0.0,No significant trend,0.0,0.0
101_769,0.0,1.0,0.0,No significant trend,0.0,0.0
101_77,-0.36774193548387096,0.003859889400894323,-0.02733333333333334,Decreasing,14.979032258064517,0.5219217271603068
101_770,-0.2946236559139785,0.020804552083621086,-0.004666666666666685,Decreasing,4.2854838709677425,0.20959005624155505
101_771,-0.45161290322580644,0.0003819501147899196,-0.049999999999999524,Decreasing,93.8658064516129,0.7066813590184621
101_772,0.0,1.0,0.0,No significant trend,100.0,0.0
101_773,-0.03870967741935484,0.7726279905852822,0.0,No significant trend,13.55806451612903,0.28593276171989446
101_774,0.546236559139785,1.707260688599277e-05,1.5460714285714285,Increasing,29.947096774193547,21.26229999902878
101_775,0.23440860215053763,0.06641490832840091,0.017142857142857033,No significant trend,6.8516129032258055,3.3631044575052336
101_776,0.053763440860215055,0.6833368087995224,0.0,No significant trend,40.83419354838709,22.17130472890339
101_777,0.5548387096774193,1.2534406496733652e-05,0.34666666666666757,Increasing,11.991612903225807,15.090570244419824
101_778,0.0,1.0,0.0,No significant trend,0.0,0.0
101_779,0.0,1.0,0.0,No significant trend,0.0,0.0
101_78,0.2752688172043011,0.030885487177731763,0.014583333333333245,Increasing,17.124193548387094,0.43639856149454226
101_780,0.0,1.0,0.0,No significant trend,0.0,0.0
101_781,0.0,1.0,0.0,No significant trend,0.0,0.0
101_782,0.0,1.0,0.0,No significant trend,0.0,0.0
101_783,0.0,1.0,0.0,No significant trend,0.0,0.0
101_784,0.07741935483870968,0.551927301016857,0.0,No significant trend,11.509677419354837,0.6858452937138734
101_785,0.843010752688172,3.019873240361903e-11,0.19999999999999993,Increasing,29.612903225806452,14.548374522560906
101_786,0.12688172043010754,0.3242351019547285,0.027499999999999858,No significant trend,51.01774193548386,25.001186256975554
101_787,0.0,1.0,0.0,No significant trend,0.0,0.0
101_788,-0.1870967741935484,0.14382566910763628,-0.019200000000000016,No significant trend,29.057096774193546,5.371008911980154
101_789,0.025806451612903226,0.8516915353162966,0.0,No significant trend,68.27225806451614,0.829273719072685
101_79,0.0,1.0,0.0,No significant trend,0.0,0.0
101_790,0.0,1.0,0.0,No significant trend,0.0,0.0
101_791,0.0,1.0,0.0,No significant trend,100.0,0.0
101_792,0.0,1.0,0.0,No significant trend,100.0,0.0
101_793,-0.5526881720430108,1.354669150632759e-05,-0.11230769230769237,Decreasing,32.09967741935484,1.902498330075937
101_794,0.0,1.0,0.0,No significant trend,0.0,0.0
101_795,0.0,1.0,0.0,No significant trend,100.0,0.0
101_796,-0.6129032258064516,1.3861735368436712e-06,-0.1877777777777778,Decreasing,18.49870967741936,2.1629605486618653
101_797,0.0,1.0,0.0,No significant trend,100.0,0.0
101_798,0.0,1.0,0.0,No significant trend,100.0,0.0
101_799,0.0,1.0,0.0,No significant trend,100.0,0.0
101_8,-0.34408602150537637,0.006883461529839208,-0.008333333333333328,Decreasing,3.937096774193548,0.1297937209174395
101_80,0.0,1.0,0.0,No significant trend,0.0,0.0
101_800,0.0,1.0,0.0,No significant trend,100.0,0.0
101_801,-0.18494623655913978,0.14854345071667052,0.0,No significant trend,99.9416129032258,0.1783815550676276
101_802,0.3655913978494624,0.004073741154636101,0.005000000000002558,Increasing,99.38000000000001,0.4599088268692586
101_803,-0.12258064516129032,0.34119875170636194,0.0,No significant trend,99.28322580645163,2.7306047860132656
101_804,-0.043010752688172046,0.7467467998855972,-0.0016666666666665325,No significant trend,30.312903225806455,0.4660762331967639
101_805,0.0,1.0,0.0,No significant trend,0.0,0.0
101_806,0.13333333333333333,0.2998377295670276,0.07700000000000032,No significant trend,43.9216129032258,11.874032143043367
101_807,0.44946236559139785,0.00040738224022218716,0.0118518518518516,Increasing,99.8325806451613,0.16214226612484225
101_808,0.0,1.0,0.0,No significant trend,100.0,0.0
101_809,0.0,1.0,0.0,No significant trend,100.0,0.0
101_81,0.22795698924731184,0.07432236131839742,0.40499999999999936,No significant trend,15.9441935483871,7.82278259799173
101_810,0.0,1.0,0.0,No significant trend,100.0,0.0
101_811,0.0,1.0,0.0,No significant trend,100.0,0.0
101_812,0.0,1.0,0.0,No significant trend,0.0,0.0
101_813,0.0,1.0,0.0,No significant trend,0.0,0.0
101_814,0.0,1.0,0.0,No significant trend,0.0,0.0
101_815,-0.04946236559139785,0.7084629632532715,0.0,No significant trend,88.61161290322579,0.26488094433578424
101_816,0.0,1.0,0.0,No significant trend,100.0,0.0
101_817,0.3870967741935484,0.002347320421192567,0.0023809523809522454,Increasing,99.2174193548387,0.5401610735992026
101_818,0.21505376344086022,0.09244378064522207,0.0013333333333333196,No significant trend,1.572258064516129,0.10542417172238387
101_819,0.4258064516129032,0.0008131066227232697,0.05714285714285593,Increasing,63.932580645161295,0.9555372335951543
101_82,0.0,1.0,0.0,No significant trend,0.0,0.0
101_820,0.0,1.0,0.0,No significant trend,0.0,0.0
101_821,0.36129032258064514,0.004534009191836885,0.10166666666666657,Increasing,42.38354838709677,8.442632041966878
101_822,0.0,1.0,0.0,No significant trend,0.0,0.0
101_823,-0.060215053763440864,0.6463036389969625,0.0,No significant trend,0.2874193548387097,1.5742606410874294
101_824,0.22365591397849463,0.08000950089470127,0.0,No significant trend,2.4080645161290324,6.340173203777811
101_825,0.0,1.0,0.0,No significant trend,0.0,0.0
101_826,-0.017204301075268817,0.9052952265477159,0.0,No significant trend,96.7741935483871,17.66846959694085
101_827,0.2731182795698925,0.032229828676073824,0.02000000000000008,Increasing,74.97322580645161,13.74048090135947
101_828,-0.030107526881720432,0.8251287015820885,0.0,No significant trend,34.145161290322584,0.5142415082664384
101_829,0.0,1.0,0.0,No significant trend,0.0,0.0
101_83,0.0,1.0,0.0,No significant trend,0.0,0.0
101_830,-0.15698924731182795,0.22104956212356597,-0.0007692307692300696,No significant trend,96.39806451612905,1.2574588285566597
101_831,-0.08387096774193549,0.5183675363290698,0.0,No significant trend,6.68032258064516,0.1759487438371084
101_832,0.32688172043010755,0.010274278203273202,0.0,Decreasing,91.68677419354839,16.970334341393777
101_833,0.4344086021505376,0.000634829801147152,0.28999999999999915,Increasing,18.62258064516129,9.443313718469375
101_834,-0.5526881720430108,1.354669150632759e-05,-0.39333333333333326,Decreasing,13.461290322580643,9.995285256926174
101_835,-0.6086021505376344,1.6431415847950603e-06,-1.0107692307692309,Decreasing,46.97677419354839,12.793378929465135
101_836,0.0989247311827957,0.4443675620908478,0.0050000000000000044,No significant trend,10.400967741935482,0.7633176941387011
101_837,-0.7204301075268817,1.3723514991070829e-08,-0.11333333333333329,Decreasing,2.185161290322581,1.6316326099908127
101_838,0.0,1.0,0.0,No significant trend,0.0,0.0
101_839,0.0,1.0,0.0,No significant trend,0.0,0.0
101_84,0.0,1.0,0.0,No significant trend,0.0,0.0
101_840,0.6172043010752688,1.1680885727560764e-06,0.034285714285714315,Increasing,8.363548387096774,2.8313846474564768
101_841,0.0,1.0,0.0,No significant trend,100.0,0.0
101_842,0.0,1.0,0.0,No significant trend,0.0,0.0
101_843,0.0,1.0,0.0,No significant trend,100.0,0.0
101_844,-0.12258064516129032,0.34119875170636194,-0.0017391304347826103,No significant trend,3.9409677419354843,0.3409697256328294
101_845,0.08387096774193549,0.5183675363290698,0.04807692307692308,No significant trend,45.73903225806452,2.197472675654862
101_846,0.0,1.0,0.0,No significant trend,0.0,0.0
101_847,0.0,1.0,0.0,No significant trend,0.0,0.0
101_848,-0.5053763440860215,6.974277946447671e-05,-0.3200000000000003,Decreasing,10.587741935483871,7.864422834133975
101_849,-0.3225806451612903,0.01132633122265525,-1.0216666666666672,Decreasing,23.165483870967744,17.326622223304074
101_85,0.0,1.0,0.0,No significant trend,0.0,0.0
101_850,0.0,1.0,0.0,No significant trend,0.0,0.0
101_851,0.0,1.0,0.0,No significant trend,0.0,0.0
101_852,0.0,1.0,0.0,No significant trend,0.0,0.0
101_853,0.38064516129032255,0.0027772931948595314,0.02499999999999991,Increasing,2.536451612903226,3.2024653289524556
101_854,0.060215053763440864,0.6463036389969625,0.05666666666666664,No significant trend,18.753548387096775,7.447364352309197
101_855,-0.221505376344086,0.08298294959133434,-0.002758620689655175,No significant trend,6.39258064516129,0.1779084168517064
101_856,0.0,1.0,0.0,No significant trend,0.0,0.0
101_857,0.0,1.0,0.0,No significant trend,0.0,0.0
101_858,-0.3827956989247312,0.002626567745024566,-0.10296296296296295,Decreasing,1.3680645161290321,1.4133063940913895
101_859,0.0,1.0,0.0,No significant trend,0.0,0.0
101_86,0.0,1.0,0.0,No significant trend,0.0,0.0
101_860,0.1827956989247312,0.1533785068859166,0.01157894736842118,No significant trend,17.57322580645161,3.2453523960916626
101_861,0.0,1.0,0.0,No significant trend,100.0,0.0
101_862,0.0,1.0,0.0,No significant trend,100.0,0.0
101_863,0.0,1.0,0.0,No significant trend,100.0,0.0
101_864,0.060215053763440864,0.6463036389969625,0.0,No significant trend,99.9874193548387,0.06890703142806939
101_865,0.43010752688172044,0.000718850062535914,0.0,Decreasing,3.860967741935484,7.1631955181481315
101_866,0.0,1.0,0.0,No significant trend,0.0,0.0
101_867,0.0,1.0,0.0,No significant trend,0.0,0.0
101_868,0.4258064516129032,0.0008131066227232697,0.0688888888888888,Increasing,7.945806451612903,4.906026428524181
101_869,0.33978494623655914,0.007620496341621097,0.020000000000000018,Increasing,5.29516129032258,3.3882242670258487
101_870,0.7612903225806451,1.9763957137541865e-09,0.604,Increasing,7.219354838709678,7.213595557978663
101_871,0.4645161290322581,0.00025795530905270425,0.22000000000000064,Increasing,4.8506451612903225,6.106028187695189
101_872,0.33763440860215055,0.008014910367279748,0.0,Decreasing,0.8132258064516128,1.2715405619264961
101_873,0.0,1.0,0.0,No significant trend,0.0,0.0
101_874,0.0,1.0,0.0,No significant trend,0.0,0.0
101_875,0.0,1.0,0.0,No significant trend,0.0,0.0
101_876,0.0,1.0,0.0,No significant trend,0.0,0.0
101_877,0.6580645161290323,2.172851072401727e-07,0.060714285714285755,Increasing,4.275806451612904,1.5115037891035887
101_878,0.0,1.0,0.0,No significant trend,0.0,0.0
101_879,0.2924731182795699,0.021760860424100192,0.03750000000000009,Increasing,10.73806451612903,5.8964628103005134
101_880,-0.6,2.301109211844121e-06,-0.05533333333333322,Decreasing,19.614516129032257,0.6120501703538498
101_881,0.0,1.0,0.0,No significant trend,0.0,0.0
101_882,0.0,1.0,0.0,No significant trend,0.0,0.0
101_883,0.0,1.0,0.0,No significant trend,0.0,0.0
101_884,0.0,1.0,0.0,No significant trend,0.0,0.0
101_885,0.0,1.0,0.0,No significant trend,0.0,0.0
101_886,0.0,1.0,0.0,No significant trend,0.0,0.0
101_887,0.0,1.0,0.0,No significant trend,0.0,0.0
101_888,0.0,1.0,0.0,No significant trend,0.0,0.0
101_889,0.1827956989247312,0.1533785068859166,0.02826086956521733,No significant trend,46.316451612903215,2.3379954860563736
101_89,0.0,1.0,0.0,No significant trend,0.0,0.0
101_890,0.0,1.0,0.0,No significant trend,0.0,0.0
101_891,0.0,1.0,0.0,No significant trend,0.0,0.0
101_892,0.0,1.0,0.0,No significant trend,0.0,0.0
101_894,0.0,1.0,0.0,No significant trend,0.0,0.0
101_895,0.0,1.0,0.0,No significant trend,0.0,0.0
101_896,0.0,1.0,0.0,No significant trend,0.0,0.0
101_897,0.0,1.0,0.0,No significant trend,100.0,0.0
101_898,0.0,1.0,0.0,No significant trend,100.0,0.0
101_899,-0.2752688172043011,0.030885487177731763,-0.021428571428571734,Decreasing,47.2316129032258,0.6606257872663232
101_9,0.0,1.0,0.0,No significant trend,0.0,0.0
101_90,-0.22580645161290322,0.07712322019197049,-0.013749999999999929,No significant trend,16.90967741935484,0.42602804595675076
101_900,0.0,1.0,0.0,No significant trend,0.0,0.0
101_901,-0.03655913978494624,0.7856661000859302,0.0,No significant trend,63.592580645161284,0.4970880868387438
101_902,0.32903225806451614,0.009781611919498001,0.03374999999999995,Increasing,34.534838709677416,0.7747626940231105
101_903,0.0,1.0,0.0,No significant trend,100.0,0.0
101_904,-0.16344086021505377,0.2024043739887733,-0.03799999999999955,No significant trend,16.076129032258066,2.3121358334628472
101_905,0.12903225806451613,0.3159628698783248,0.005555555555555437,No significant trend,10.501935483870966,6.383076121278143
101_906,-0.6193548387096774,1.0718231477913065e-06,-0.0368,Decreasing,12.12709677419355,0.5423972686936838
101_907,0.0,1.0,0.0,No significant trend,0.0,0.0
101_908,0.0,1.0,0.0,No significant trend,0.0,0.0
101_909,0.0,1.0,0.0,No significant trend,0.0,0.0
101_91,-0.13763440860215054,0.28427093926275426,-0.014782608695652321,No significant trend,72.68645161290321,0.8859423573584865
101_910,-0.3913978494623656,0.002095506748773568,-0.15777777777777796,Decreasing,80.80290322580645,4.146866048342147
101_911,0.3548387096774194,0.005313081962207367,0.08200000000000003,Increasing,75.8641935483871,2.7906280645756234
101_912,0.0,1.0,0.0,No significant trend,100.0,0.0
101_913,0.0,1.0,0.0,No significant trend,100.0,0.0
101_914,0.6,2.301109211844121e-06,2.512916666666667,Increasing,29.600967741935488,28.985576430337886
101_915,-0.49032258064516127,0.0001142313991857602,-0.05578947368421027,Decreasing,37.41387096774194,1.8768963355279953
101_916,0.0,1.0,0.0,No significant trend,0.0,0.0
101_917,0.44731182795698926,0.0004343893018272649,0.16000000000000014,Increasing,9.035806451612903,11.371115862682036
101_918,0.0,1.0,0.0,No significant trend,0.0,0.0
101_919,0.0,1.0,0.0,No significant trend,0.0,0.0
101_92,-0.25161290322580643,0.04865707312578982,-0.09407407407407407,Decreasing,6.898387096774194,2.2229392004429105
101_920,0.021505376344086023,0.8784237055808175,0.0,No significant trend,5.833225806451613,0.38692657548674275
101_921,0.432258064516129,0.000675626717447253,0.240000000000002,Increasing,23.903225806451612,30.079325810381388
101_922,-0.10752688172043011,0.4049437537873102,0.0,No significant trend,83.87096774193549,36.77985242255284
101_923,-0.11612903225806452,0.3676892969544798,-0.043999999999999775,No significant trend,69.73064516129033,6.5974315312531555
101_924,-0.21935483870967742,0.08604531406845561,-0.015384615384615604,No significant trend,92.30193548387099,2.9407387916982635
101_925,0.0,1.0,0.0,No significant trend,100.0,0.0
101_926,-0.03655913978494624,0.7856661000859302,0.0,No significant trend,18.908064516129034,2.9656543850087353
101_927,0.060215053763440864,0.6463036389969625,0.0014285714285714299,No significant trend,3.258387096774194,0.6084994594012153
101_928,0.45376344086021503,0.00035800799918561665,0.01956521739130447,Increasing,99.64903225806451,0.4192878358383399
101_929,0.0,1.0,0.0,No significant trend,0.0,0.0
101_93,-0.18924731182795698,0.13922364714154067,-0.005000000000002558,No significant trend,62.802580645161285,16.55503937851377
101_930,0.0,1.0,0.0,No significant trend,0.0,0.0
101_931,0.4924731182795699,0.000106544569022482,0.48999999999999844,Increasing,6.658709677419354,8.381821244057027
101_932,-0.2064516129032258,0.10638442840594231,-0.39124999999999943,No significant trend,35.94516129032258,7.2118978178615185
101_933,-0.11612903225806452,0.3676892969544798,0.0,No significant trend,93.54838709677419,24.56701001891583
101_934,0.3763440860215054,0.0031026895944057387,0.08125000000000027,Increasing,19.846129032258066,2.2317498955424875
101_935,-0.5612903225806452,9.91272679740085e-06,-0.19562499999999972,Decreasing,76.35225806451612,13.642645829300315
101_936,-0.4150537634408602,0.0011011819487161123,-0.2700000000000002,Decreasing,42.269677419354835,3.6620921958329284
101_937,0.0,1.0,0.0,No significant trend,0.0,0.0
101_938,0.0,1.0,0.0,No significant trend,0.0,0.0
101_939,-0.4817204301075269,0.00015052543899995996,-0.9241379310344828,Decreasing,12.62,13.058019659173242
101_94,0.0,1.0,0.0,No significant trend,0.0,0.0
101_940,-0.38924731182795697,0.0022181409445904965,-0.2846153846153846,Decreasing,3.858709677419355,3.9874543111432303
101_941,0.0,1.0,0.0,No significant trend,0.0,0.0
101_942,0.0,1.0,0.0,No significant trend,0.0,0.0
101_943,-0.6451612903225806,3.736217171201872e-07,-0.4596,Decreasing,5.594838709677419,5.795563303617992
101_944,0.0,1.0,0.0,No significant trend,0.0,0.0
101_945,0.0,1.0,0.0,No significant trend,0.0,0.0
101_946,0.0,1.0,0.0,No significant trend,0.0,0.0
101_947,0.0,1.0,0.0,No significant trend,0.0,0.0
101_948,0.2086021505376344,0.10275196797700414,0.04769230769230763,No significant trend,8.889032258064514,6.071355460520466
101_949,0.0,1.0,0.0,No significant trend,0.0,0.0
101_95,0.0,1.0,0.0,No significant trend,0.0,0.0
101_950,0.0,1.0,0.0,No significant trend,0.0,0.0
101_951,0.38924731182795697,0.0022181409445904965,0.0,Decreasing,6.396451612903226,10.002791722697154
101_952,0.0,1.0,0.0,No significant trend,0.0,0.0
101_953,0.22580645161290322,0.07712322019197049,0.007916666666666683,No significant trend,6.222580645161289,0.23616516557664016
101_954,0.0,1.0,0.0,No significant trend,0.0,0.0
101_955,-0.1978494623655914,0.12194188920122184,-0.001199999999999992,No significant trend,3.108387096774193,0.16370896233754523
101_956,0.0,1.0,0.0,No significant trend,0.0,0.0
101_957,0.0,1.0,0.0,No significant trend,0.0,0.0
101_958,0.0,1.0,0.0,No significant trend,0.0,0.0
101_959,0.0,1.0,0.0,No significant trend,0.0,0.0
101_96,0.0,1.0,0.0,No significant trend,0.0,0.0
101_960,0.0,1.0,0.0,No significant trend,0.0,0.0
101_961,0.0,1.0,0.0,No significant trend,0.0,0.0
101_962,0.0,1.0,0.0,No significant trend,0.0,0.0
101_963,0.0,1.0,0.0,No significant trend,0.0,0.0
101_964,0.0,1.0,0.0,No significant trend,0.0,0.0
101_965,0.0,1.0,0.0,No significant trend,0.0,0.0
101_966,0.0,1.0,0.0,No significant trend,0.0,0.0
101_967,0.546236559139785,1.707260688599277e-05,0.11999999999999922,Increasing,4.846451612903225,5.724231205395182
101_968,0.0,1.0,0.0,No significant trend,0.0,0.0
101_969,-0.513978494623656,5.229024939912286e-05,-0.07235294117647062,Decreasing,9.598387096774195,2.651754254140009
101_97,0.0,1.0,0.0,No significant trend,0.0,0.0
101_970,-0.010752688172043012,0.9457970432721066,0.0,No significant trend,9.373225806451615,1.734775967866994
101_971,0.0,1.0,0.0,No significant trend,0.0,0.0
101_972,0.0,1.0,0.0,No significant trend,0.0,0.0
101_973,0.0,1.0,0.0,No significant trend,0.0,0.0
101_974,0.0,1.0,0.0,No significant trend,0.0,0.0
101_975,0.0,1.0,0.0,No significant trend,0.0,0.0
101_976,0.5978494623655914,2.5014990017169225e-06,0.14000000000000057,Increasing,9.79516129032258,2.447846810207595
101_977,0.0,1.0,0.0,No significant trend,0.0,0.0
101_978,0.0,1.0,0.0,No significant trend,0.0,0.0
101_979,-0.2537634408602151,0.04674749402400602,-0.009999999999999964,Decreasing,20.936774193548384,5.507883726310845
101_98,0.0,1.0,0.0,No significant trend,0.0,0.0
101_980,0.44086021505376344,0.0005257753160301526,0.003333333333333336,Increasing,0.1193548387096774,0.15022425137904113
101_981,0.0,1.0,0.0,No significant trend,0.0,0.0
101_982,0.0,1.0,0.0,No significant trend,0.0,0.0
101_983,0.0,1.0,0.0,No significant trend,0.0,0.0
101_984,0.0,1.0,0.0,No significant trend,0.0,0.0
101_985,0.0,1.0,0.0,No significant trend,0.0,0.0
101_986,0.0,1.0,0.0,No significant trend,0.0,0.0
101_987,0.0,1.0,0.0,No significant trend,0.0,0.0
101_988,-0.35268817204301073,0.005598474454852953,-0.0019999999999999797,Decreasing,1.876774193548387,0.04043210930757025
101_989,0.0,1.0,0.0,No significant trend,0.0,0.0
101_99,0.6688172043010753,1.3725173086953646e-07,0.24166666666666667,Increasing,8.737741935483871,9.612212900088538
101_990,0.0,1.0,0.0,No significant trend,0.0,0.0
101_991,-0.3139784946236559,0.013721204475508175,-0.11130434782608706,Decreasing,27.764838709677417,3.2504062981445396
101_992,0.0,1.0,0.0,No significant trend,0.0,0.0
101_993,0.2967741935483871,0.019885085312989492,0.013333333333333345,Increasing,10.618387096774196,0.21278638044873638
101_994,0.44086021505376344,0.0005257753160301526,0.0025000000000000022,Increasing,1.5332258064516127,0.03344587315052861
101_995,0.2645161290322581,0.038119926564599727,0.03571428571428571,Increasing,13.964516129032257,5.39461071495144
101_996,0.0,1.0,0.0,No significant trend,0.0,0.0
101_997,0.0,1.0,0.0,No significant trend,0.0,0.0
101_998,-0.1010752688172043,0.43431144285625,-0.05166666666666705,No significant trend,40.12516129032257,11.051228473813987
147_1,0.0,1.0,0.0,No significant trend,0.0,0.0
147_10,0.0,1.0,0.0,No significant trend,0.0,0.0
147_100,0.0,1.0,0.0,No significant trend,0.0,0.0
147_101,0.07096774193548387,0.5865203757130351,0.00374999999999992,No significant trend,18.799677419354836,1.5719650407977
147_102,0.0,1.0,0.0,No significant trend,0.0,0.0
147_103,0.7118279569892473,2.0371358155912844e-08,0.09666666666666697,Increasing,21.64096774193548,0.9276656615422275
147_104,0.0,1.0,0.0,No significant trend,0.0,0.0
147_105,0.0,1.0,0.0,No significant trend,0.0,0.0
147_106,-0.7655913978494624,1.602196375571907e-09,-0.01823529411764706,Decreasing,3.8029032258064515,0.18323602879253495
147_107,0.0,1.0,0.0,No significant trend,0.0,0.0
147_108,0.0,1.0,0.0,No significant trend,0.0,0.0
147_109,0.0,1.0,0.0,No significant trend,0.0,0.0
147_11,0.0,1.0,0.0,No significant trend,0.0,0.0
147_110,0.06451612903225806,0.6220860087372633,0.0,No significant trend,0.09064516129032259,0.49648399567403767
147_111,-0.2817204301075269,0.02713750593978581,-0.023333333333333192,Decreasing,32.166451612903224,0.48128556600607253
147_112,0.0,1.0,0.0,No significant trend,0.0,0.0
147_113,0.15268817204301074,0.2341449862943059,0.034545454545454615,No significant trend,14.576451612903226,1.8243470743415817
147_114,0.0,1.0,0.0,No significant trend,0.0,0.0
147_115,0.0,1.0,0.0,No significant trend,0.0,0.0
147_116,0.0,1.0,0.0,No significant trend,0.0,0.0
147_117,0.0,1.0,0.0,No significant trend,0.0,0.0
147_118,0.0,1.0,0.0,No significant trend,0.0,0.0
147_119,0.0,1.0,0.0,No significant trend,0.0,0.0
147_12,0.0,1.0,0.0,No significant trend,0.0,0.0
147_120,0.0,1.0,0.0,No significant trend,0.0,0.0
147_121,0.0,1.0,0.0,No significant trend,0.0,0.0
147_122,0.0,1.0,0.0,No significant trend,0.0,0.0
147_123,0.0,1.0,0.0,No significant trend,0.0,0.0
147_124,0.0,1.0,0.0,No significant trend,0.0,0.0
147_125,0.0,1.0,0.0,No significant trend,0.0,0.0
147_126,0.0,1.0,0.0,No significant trend,0.0,0.0
147_127,0.0,1.0,0.0,No significant trend,0.0,0.0
147_128,0.0,1.0,0.0,No significant trend,0.0,0.0
147_129,-0.1827956989247312,0.1533785068859166,0.0,No significant trend,97.92451612903226,6.34089025941925
147_13,0.0,1.0,0.0,No significant trend,0.0,0.0
147_130,-0.24301075268817204,0.05696246823315332,-0.052857142857143505,No significant trend,54.83645161290322,11.867238325468362
147_131,0.0,1.0,0.0,No significant trend,0.0,0.0
147_132,-0.6860215053763441,6.48588167617703e-08,-0.6824137931034485,Decreasing,88.87258064516129,8.37934517718032
147_133,-0.7247311827956989,1.1244890574246824e-08,-0.2583333333333333,Decreasing,21.380967741935482,4.450739231704868
147_134,0.0,1.0,0.0,No significant trend,0.0,0.0
147_135,0.0,1.0,0.0,No significant trend,100.0,0.0
147_136,0.0,1.0,0.0,No significant trend,0.0,0.0
147_137,0.0,1.0,0.0,No significant trend,0.0,0.0
147_138,0.0,1.0,0.0,No significant trend,0.0,0.0
147_139,0.0,1.0,0.0,No significant trend,0.0,0.0
147_14,0.0,1.0,0.0,No significant trend,0.0,0.0
147_140,-0.17419354838709677,0.1739206495334844,0.0,No significant trend,1.0925806451612903,3.3406141677377095
147_141,0.0,1.0,0.0,No significant trend,0.0,0.0
147_142,0.5376344086021505,2.315113661621737e-05,1.3266666666666664,Increasing,31.612903225806452,17.591012403432938
147_143,0.3333333333333333,0.008858992984779324,0.07199999999999988,Increasing,76.58354838709678,7.249478089506812
147_144,0.4043010752688172,0.0014812606762657499,0.08000000000000007,Increasing,6.155483870967743,7.751820946827612
147_145,0.0,1.0,0.0,No significant trend,0.0,0.0
147_146,0.0,1.0,0.0,No significant trend,0.0,0.0
147_147,0.0,1.0,0.0,No significant trend,0.0,0.0
147_148,0.2989247311827957,0.019001296136927026,2.1592307692307693,Increasing,46.333548387096776,39.16286889787538
147_149,0.0,1.0,0.0,No significant trend,0.0,0.0
147_15,0.0,1.0,0.0,No significant trend,0.0,0.0
147_150,0.0,1.0,0.0,No significant trend,0.0,0.0
147_151,0.0,1.0,0.0,No significant trend,0.0,0.0
147_152,0.0,1.0,0.0,No significant trend,100.0,0.0
147_153,-0.12473118279569892,0.33264709898406286,0.0,No significant trend,36.9774193548387,40.333527873961444
147_154,0.0,1.0,0.0,No significant trend,0.0,0.0
147_155,-0.12688172043010754,0.3242351019547285,0.0,No significant trend,6.614193548387097,6.41165459707683
147_156,0.004301075268817204,0.9864394742066862,0.0,No significant trend,12.27258064516129,12.482775995990517
147_157,-0.18494623655913978,0.14854345071667052,0.0,No significant trend,7.792903225806452,13.215663774121781
147_158,0.0,1.0,0.0,No significant trend,0.0,0.0
147_159,0.46021505376344085,0.0002943335046816653,0.09407407407407407,Increasing,1.3183870967741935,1.2766667708154993
147_16,0.0,1.0,0.0,No significant trend,0.0,0.0
147_160,-0.0967741935483871,0.45455525621868187,0.0,No significant trend,16.25935483870968,15.761511090051975
147_161,0.10752688172043011,0.4049437537873102,0.025714285714285672,No significant trend,37.121612903225795,11.578387847212525
147_162,-0.16989247311827957,0.18493228677225515,0.0,No significant trend,30.592903225806452,29.648683612571688
147_163,-0.07741935483870968,0.551927301016857,0.0,No significant trend,4.781935483870967,4.669439711747453
147_164,0.0,1.0,0.0,No significant trend,0.0,0.0
147_165,0.0,1.0,0.0,No significant trend,0.0,0.0
147_166,0.0,1.0,0.0,No significant trend,0.0,0.0
147_167,0.0,1.0,0.0,No significant trend,0.0,0.0
147_168,0.0,1.0,0.0,No significant trend,0.0,0.0
147_169,0.0,1.0,0.0,No significant trend,0.0,0.0
147_17,0.24946236559139784,0.050631724603018124,0.0,No significant trend,26.621935483870967,35.89906301404203
147_170,0.0,1.0,0.0,No significant trend,0.0,0.0
147_171,0.0,1.0,0.0,No significant trend,0.0,0.0
147_172,0.0,1.0,0.0,No significant trend,0.0,0.0
147_173,0.0,1.0,0.0,No significant trend,0.0,0.0
147_174,0.0,1.0,0.0,No significant trend,0.0,0.0
147_175,0.44946236559139785,0.00040738224022218716,0.1464,Increasing,2.0064516129032253,1.944274553138334
147_176,0.0,1.0,0.0,No significant trend,0.0,0.0
147_177,0.0,1.0,0.0,No significant trend,0.0,0.0
147_178,0.0,1.0,0.0,No significant trend,0.0,0.0
147_179,0.0,1.0,0.0,No significant trend,0.0,0.0
147_18,-0.13118279569892474,0.30783043013369626,-0.004999999999999513,No significant trend,88.82354838709678,0.3918817167421213
147_180,0.0,1.0,0.0,No significant trend,0.0,0.0
147_181,0.0,1.0,0.0,No significant trend,0.0,0.0
147_182,0.060215053763440864,0.6463036389969625,0.0,No significant trend,0.046129032258064515,0.14093415116138316
147_183,0.0,1.0,0.0,No significant trend,0.0,0.0
147_184,0.3827956989247312,0.002626567745024566,0.9922222222222222,Increasing,13.798709677419355,13.37301513567298
147_185,0.40860215053763443,0.0013166634131251964,0.6119230769230769,Increasing,8.629354838709677,8.36800856391187
147_186,0.0,1.0,0.0,No significant trend,0.0,0.0
147_187,0.0,1.0,0.0,No significant trend,0.0,0.0
147_188,0.4258064516129032,0.0008131066227232697,0.3037037037037037,Increasing,4.17,4.043895439125577
147_189,0.0,1.0,0.0,No significant trend,0.0,0.0
147_19,-0.09032258064516129,0.4858947339033992,0.0,No significant trend,51.61290322580645,49.97397866074087
147_190,-0.1032258064516129,0.42438806620665614,0.0,No significant trend,11.088387096774193,10.754650635969954
147_191,0.6279569892473118,7.577055374241581e-07,0.5533333333333333,Increasing,7.616774193548387,7.37778154745142
147_192,0.0,1.0,0.0,No significant trend,0.0,0.0
147_193,0.2946236559139785,0.020804552083621086,0.0,Decreasing,0.7248387096774195,1.654200656720674
147_194,0.0,1.0,0.0,No significant trend,0.0,0.0
147_195,-0.07956989247311828,0.5406231028187141,-0.1566666666666663,No significant trend,15.101612903225808,8.25071418092503
147_196,0.6236559139784946,9.016837949626932e-07,1.1588888888888889,Increasing,10.173870967741935,13.567306452293597
147_197,-0.07526881720430108,0.5633463699559165,0.0,No significant trend,30.879677419354838,29.909164253578776
147_198,0.5956989247311828,2.718582431837646e-06,0.5666666666666667,Increasing,36.70903225806452,7.323636217793203
147_199,-0.5655913978494623,8.465459469420011e-06,-0.05272727272727289,Decreasing,50.13645161290322,0.6427087254139346
147_2,0.06451612903225806,0.6220860087372633,0.0,No significant trend,0.6451612903225806,3.5336939193881687
147_20,-0.16774193548387098,0.19062782292334934,0.0,No significant trend,29.419677419354837,36.012346402925886
147_200,0.45806451612903226,0.0003142746175728295,0.13476190476190478,Increasing,12.530322580645164,4.292756452497375
147_201,-0.11612903225806452,0.3676892969544798,0.0,No significant trend,44.64967741935484,38.9272219606455
147_202,0.0,1.0,0.0,No significant trend,0.0,0.0
147_203,0.023655913978494623,0.8650383150743488,0.001999999999999993,No significant trend,19.772903225806452,12.57018674471809
147_204,0.2021505376344086,0.11395424835779155,0.0,No significant trend,0.25741935483870965,0.47668186281320546
147_205,-0.5827956989247312,4.4530492946393e-06,-0.42136363636363644,Decreasing,18.025161290322576,9.292378032027887
147_206,0.0,1.0,0.0,No significant trend,0.0,0.0
147_207,-0.3311827956989247,0.009310109795033439,-0.29499999999999993,Decreasing,25.72322580645161,7.515893004739281
147_208,0.28817204301075267,0.023788782312269774,0.12666666666666634,Increasing,17.658709677419356,5.315070928993227
147_209,-0.06666666666666667,0.6101267703127584,-0.0014285714285701293,No significant trend,93.7648387096774,6.558214681808999
147_21,-0.5376344086021505,2.315113661621737e-05,-0.15722222222222224,Decreasing,11.612258064516126,2.524566663138154
147_210,0.04086021505376344,0.7596537518193331,0.0,No significant trend,0.026129032258064518,0.0995044955818528
147_211,-0.13548387096774195,0.29198463590975887,0.0,No significant trend,1.3761290322580644,1.339517672990507
147_212,0.0,1.0,0.0,No significant trend,0.0,0.0
147_213,-0.12473118279569892,0.33264709898406286,-0.008333333333333451,No significant trend,17.52032258064516,0.9523874376668345
147_214,0.0,1.0,0.0,No significant trend,0.0,0.0
147_215,0.45806451612903226,0.0003142746175728295,0.0011111111111110875,Increasing,1.8606451612903225,2.6968044835465155
147_216,0.0,1.0,0.0,No significant trend,0.0,0.0
147_217,-0.4666666666666667,0.0002413897092941042,-0.03200000000000003,Decreasing,5.822903225806451,1.1495558568656463
147_218,-0.2172043010752688,0.08919834224618706,-0.08666666666666671,No significant trend,41.802258064516124,13.95270137092835
147_219,0.0,1.0,0.0,No significant trend,0.0,0.0
147_22,0.0,1.0,0.0,No significant trend,0.0,0.0
147_220,0.0,1.0,0.0,No significant trend,0.0,0.0
147_221,0.0,1.0,0.0,No significant trend,0.0,0.0
147_222,0.0,1.0,0.0,No significant trend,0.0,0.0
147_223,0.0,1.0,0.0,No significant trend,0.0,0.0
147_224,0.0,1.0,0.0,No significant trend,0.0,0.0
147_225,0.0,1.0,0.0,No significant trend,0.0,0.0
147_226,0.0,1.0,0.0,No significant trend,0.0,0.0
147_227,0.0,1.0,0.0,No significant trend,0.0,0.0
147_228,0.0,1.0,0.0,No significant trend,0.0,0.0
147_229,0.0,1.0,0.0,No significant trend,0.0,0.0
147_23,-0.12043010752688173,0.34988986770468866,0.0,No significant trend,61.23516129032258,48.665689634018655
147_230,0.0,1.0,0.0,No significant trend,0.0,0.0
147_231,0.49032258064516127,0.0001142313991857602,1.08,Increasing,11.591612903225805,14.309977366762425
147_232,0.4559139784946237,0.00033547510719911244,1.565,Increasing,29.252580645161288,27.397544741388774
147_233,0.0,1.0,0.0,No significant trend,0.0,0.0
147_235,0.09032258064516129,0.4858947339033992,0.0,No significant trend,3.903548387096774,6.138715084838195
147_236,-0.14838709677419354,0.24778083040054266,-0.06833333333333336,No significant trend,23.63290322580645,4.908893964874031
147_237,0.18924731182795698,0.13922364714154067,0.0,No significant trend,0.6564516129032258,1.216018220330114
147_24,0.4946236559139785,9.934770157715711e-05,1.436923076923077,Increasing,47.7458064516129,19.685598104622894
147_25,0.0,1.0,0.0,No significant trend,0.0,0.0
147_26,0.0,1.0,0.0,No significant trend,0.0,0.0
147_27,0.0,1.0,0.0,No significant trend,0.0,0.0
147_28,0.0,1.0,0.0,No significant trend,0.0,0.0
147_29,0.0,1.0,0.0,No significant trend,0.0,0.0
147_3,0.0,1.0,0.0,No significant trend,0.0,0.0
147_30,0.0,1.0,0.0,No significant trend,0.0,0.0
147_31,0.0,1.0,0.0,No significant trend,0.0,0.0
147_32,0.0,1.0,0.0,No significant trend,0.0,0.0
147_33,0.0,1.0,0.0,No significant trend,0.0,0.0
147_34,0.0,1.0,0.0,No significant trend,0.0,0.0
147_35,0.0,1.0,0.0,No significant trend,0.0,0.0
147_36,0.4817204301075269,0.00015052543899995996,0.19500000000000028,Increasing,20.24193548387097,12.960283354965624
147_37,0.0,1.0,0.0,No significant trend,0.0,0.0
147_38,0.04086021505376344,0.7596537518193331,0.0100000000000001,No significant trend,31.920322580645156,5.095282754426355
147_39,-0.1053763440860215,0.4145985082462331,-0.0022222222222222734,No significant trend,6.516129032258063,0.1394384456485009
147_4,-0.34408602150537637,0.006883461529839208,-0.025833333333333375,Decreasing,10.15096774193548,2.011135700396925
147_40,0.3010752688172043,0.018152045535652528,0.4960000000000001,Increasing,20.910322580645158,15.665251968952829
147_41,0.0,1.0,0.0,No significant trend,0.0,0.0
147_42,-0.5268817204301075,3.3667518407387576e-05,-0.2743749999999996,Decreasing,38.75387096774194,7.797784498184396
147_43,-0.12688172043010754,0.3242351019547285,-0.011764705882353108,No significant trend,32.24129032258064,1.1457881973262565
147_44,0.0,1.0,0.0,No significant trend,0.0,0.0
147_45,-0.7290322580645161,9.203571460503213e-09,-0.5513333333333331,Decreasing,51.337419354838694,5.286425078866067
147_46,0.0,1.0,0.0,No significant trend,0.0,0.0
147_47,0.0,1.0,0.0,No significant trend,0.0,0.0
147_48,-0.034408602150537634,0.7987646104203716,0.0,No significant trend,7.780967741935484,7.667776039116962
147_49,-0.17419354838709677,0.1739206495334844,0.0,No significant trend,1.6148387096774195,1.619979830554932
147_5,0.0,1.0,0.0,No significant trend,0.0,0.0
147_50,0.0,1.0,0.0,No significant trend,0.0,0.0
147_51,0.0,1.0,0.0,No significant trend,0.0,0.0
147_52,0.0,1.0,0.0,No significant trend,0.0,0.0
147_53,0.0,1.0,0.0,No significant trend,0.0,0.0
147_54,-0.03655913978494624,0.7856661000859302,0.0,No significant trend,87.45741935483872,12.977619436687778
147_55,0.2,0.11789500171022893,0.019999999999999928,No significant trend,9.063870967741936,4.905896831904047
147_56,0.0,1.0,0.0,No significant trend,0.0,0.0
147_57,0.0,1.0,0.0,No significant trend,0.0,0.0
147_58,0.0,1.0,0.0,No significant trend,0.0,0.0
147_59,0.0,1.0,0.0,No significant trend,0.0,0.0
147_6,0.0,1.0,0.0,No significant trend,0.0,0.0
147_60,0.0,1.0,0.0,No significant trend,0.0,0.0
147_61,0.0,1.0,0.0,No significant trend,0.0,0.0
147_62,0.3978494623655914,0.0017639537009741524,0.030799999999999984,Increasing,19.947419354838715,3.267715950602033
147_63,0.0,1.0,0.0,No significant trend,0.0,0.0
147_64,0.0,1.0,0.0,No significant trend,0.0,0.0
147_65,0.12043010752688173,0.34988986770468866,0.020000000000000018,No significant trend,9.050322580645162,6.767994167937207
147_66,0.0,1.0,0.0,No significant trend,0.0,0.0
147_67,0.0,1.0,0.0,No significant trend,0.0,0.0
147_68,0.0,1.0,0.0,No significant trend,0.0,0.0
147_69,0.0,1.0,0.0,No significant trend,0.0,0.0
147_7,0.0,1.0,0.0,No significant trend,0.0,0.0
147_70,0.0,1.0,0.0,No significant trend,0.0,0.0
147_71,0.0,1.0,0.0,No significant trend,0.0,0.0
147_72,0.46021505376344085,0.0002943335046816653,0.663076923076923,Increasing,8.89225806451613,8.621375801320589
147_73,0.030107526881720432,0.8251287015820885,0.002499999999999799,No significant trend,17.875161290322584,2.1432593071899624
147_74,-0.4666666666666667,0.0002413897092941042,-0.011666666666666714,Decreasing,5.090322580645162,0.6388370677782668
147_75,0.0,1.0,0.0,No significant trend,0.0,0.0
147_76,-0.13118279569892474,0.30783043013369626,-0.016666666666666902,No significant trend,62.36935483870969,1.392231755558774
147_77,-0.5698924731182796,7.221474918273074e-06,-0.2365000000000002,Decreasing,60.98451612903226,3.812533522822204
147_78,0.0,1.0,0.0,No significant trend,0.0,0.0
147_79,0.0,1.0,0.0,No significant trend,0.0,0.0
147_8,0.0,1.0,0.0,No significant trend,0.0,0.0
147_80,0.0,1.0,0.0,No significant trend,0.0,0.0
147_81,0.0,1.0,0.0,No significant trend,0.0,0.0
147_82,0.0,1.0,0.0,No significant trend,0.0,0.0
147_83,0.0,1.0,0.0,No significant trend,0.0,0.0
147_84,0.0,1.0,0.0,No significant trend,0.0,0.0
147_85,0.0,1.0,0.0,No significant trend,0.0,0.0
147_86,-0.11827956989247312,0.3587201702049656,-0.007500000000000062,No significant trend,3.7854838709677425,1.2709352378355523
147_87,0.1870967741935484,0.14382566910763628,0.03083333333333312,No significant trend,51.853548387096765,0.8234684645903672
147_88,0.07956989247311828,0.5406231028187141,0.0,No significant trend,0.08870967741935484,0.33791334960582936
147_89,-0.7763440860215054,9.433585024254398e-10,-0.0944444444444444,Decreasing,15.254193548387098,1.1858052230679161
147_9,-0.2021505376344086,0.11395424835779155,0.0,No significant trend,11.63774193548387,19.803125154098446
147_90,0.6301075268817204,6.942911805474239e-07,0.5912499999999999,Increasing,6.702258064516129,6.644715440727421
147_91,0.0,1.0,0.0,No significant trend,0.0,0.0
147_92,0.0,1.0,0.0,No significant trend,0.0,0.0
147_93,0.0,1.0,0.0,No significant trend,0.0,0.0
147_94,0.0,1.0,0.0,No significant trend,0.0,0.0
147_95,0.0,1.0,0.0,No significant trend,0.0,0.0
147_96,0.0,1.0,0.0,No significant trend,0.0,0.0
147_97,0.0,1.0,0.0,No significant trend,0.0,0.0
147_98,0.0,1.0,0.0,No significant trend,0.0,0.0
147_99,0.0,1.0,0.0,No significant trend,0.0,0.0
