location,tau,p_value,slope,trend_class,mean_value,std_value
101_1,0.3286290322580645,0.008612477773118021,0.1655747126436782,Increasing,61.945625,3.037453639049491
101_10,0.6754032258064516,6.084656289928603e-08,0.45390217391304355,Increasing,28.0684375,4.872086378913427
101_100,0.4637096774193548,0.00020435771038096462,0.21819444444444436,Increasing,20.5059375,2.8064856352908256
101_1000,0.6028225806451613,1.3482705789602534e-06,0.36297619047619045,Increasing,11.873437500000001,4.235527276336885
101_1001,-0.5645161290322581,6.056982383206844e-06,-0.15684523809523804,Decreasing,9.284375,1.753949004211639
101_1002,0.5483870967741935,1.1094687683677051e-05,0.4951988636363638,Increasing,48.47125,5.986081121025674
101_1003,0.7237903225806451,6.417795184177066e-09,0.3463235294117648,Increasing,40.2359375,7.426239315501067
101_1004,0.7419354838709677,2.657962294705385e-09,0.33930952380952384,Increasing,24.26875,3.427321065715904
101_1005,0.41935483870967744,0.0007884847400962958,0.2488997821350764,Increasing,24.691875,4.070867872379918
101_1006,0.43548387096774194,0.0004893169184720936,0.16813852813852792,Increasing,34.8965625,2.6522697937038284
101_1007,0.5463709677419355,1.1953055304658733e-05,0.7207037037037038,Increasing,45.123125,8.835519734818941
101_1008,0.5705645161290323,4.806988263883483e-06,0.3159210526315789,Increasing,23.402499999999996,3.804025006489836
101_1009,0.6310483870967742,4.2028371116664687e-07,0.3453269230769231,Increasing,32.6296875,3.645002987288728
101_101,0.7016129032258065,1.832546869806606e-08,1.003479166666667,Increasing,26.71375,10.032850028157503
101_1010,0.6532258064516129,1.6240138478451627e-07,0.45550366300366296,Increasing,49.6296875,5.039204106537435
101_1013,0.5625,6.538795176869172e-06,0.4955555555555559,Increasing,35.628750000000004,6.078651551742376
101_1014,-0.21975806451612903,0.07988100283813182,-0.10244152046783628,No significant trend,10.1146875,2.2464541286978794
101_1015,-0.6854838709677419,3.854806762682017e-08,-0.524483695652174,Decreasing,36.537499999999994,5.440423926496905
101_1016,-0.3225806451612903,0.00992544145265839,-0.2897999999999999,Decreasing,42.089375000000004,5.644063771731765
101_1017,0.45161290322580644,0.00029887973345732455,0.31992559523809516,Increasing,32.5403125,4.5128507373215605
101_1018,-0.5584677419354839,7.614672716593773e-06,-0.7581944444444445,Decreasing,53.1365625,8.583856435693326
101_1019,-0.21774193548387097,0.08271238344821374,-0.1364210526315789,No significant trend,20.090625,3.0128588349564267
101_102,0.6229838709677419,5.893720071981079e-07,0.5937797619047619,Increasing,21.0578125,7.025684012239929
101_1020,-0.1028225806451613,0.4174675215832093,-0.035250000000000004,No significant trend,12.928125,1.8981445504426158
101_1021,0.22983870967741934,0.06688303453312439,0.12037037037037035,No significant trend,18.1965625,3.1784455805619434
101_1022,0.06451612903225806,0.6151681449180015,0.04422222222222212,No significant trend,23.075625,3.8073842214012235
101_1023,-0.20766129032258066,0.0981116209814683,-0.1160124999999999,No significant trend,45.20281250000001,3.3740787949963105
101_1024,0.7540322580645161,1.4598573461199749e-09,0.3552647058823529,Increasing,14.283437500000002,3.665974980628448
101_1025,0.2782258064516129,0.026306692194792536,0.15303571428571416,Increasing,30.551875000000003,3.385070565641875
101_1026,0.34274193548387094,0.0061330741504750375,0.28343750000000045,Increasing,38.8084375,4.4885333833663035
101_1027,0.6350806451612904,3.54369133592769e-07,0.43333333333333335,Increasing,58.7284375,5.539957755578444
101_1028,0.5201612903225806,3.077850744093169e-05,0.6339010989010989,Increasing,29.1309375,6.911430459470293
101_1029,-0.13709677419354838,0.27725679757119037,-0.020000000000001794,No significant trend,24.5390625,0.9708673936711181
101_103,-0.2782258064516129,0.026306692194792536,-0.3309429824561405,Decreasing,44.5690625,6.410011875659339
101_1030,0.2782258064516129,0.026306692194792536,0.16853535353535343,Increasing,61.64875,3.6002923058412906
101_1031,0.6451612903225806,2.303051436225445e-07,0.818794642857143,Increasing,28.1215625,7.696587762352467
101_1032,-0.1532258064516129,0.22389580114431484,-0.08211111111111125,No significant trend,44.9290625,2.576968130593343
101_1033,0.7983870967741935,1.4987833196755673e-10,0.6402941176470582,Increasing,17.3584375,7.4935818827576535
101_1034,0.6270161290322581,4.979515006997559e-07,0.266904761904762,Increasing,27.2965625,2.794981674106961
101_1035,0.5967741935483871,1.7196589441326182e-06,0.3492658730158731,Increasing,33.814687500000005,4.341442001494866
101_1036,0.4213709677419355,0.0007434794433867076,0.13207142857142828,Increasing,40.2196875,1.7453303490582375
101_1037,0.3346774193548387,0.0074570078953755115,0.14874999999999927,Increasing,47.527812499999996,2.776643358417453
101_1038,0.7459677419354839,2.178956348686256e-09,0.32879629629629625,Increasing,21.24875,3.2977584716743586
101_1039,-0.36088709677419356,0.003895172738189956,-0.17732142857142846,Decreasing,23.5746875,2.5335103912050077
101_104,-0.45564516129032256,0.00026356866715215865,-0.35125874125874135,Decreasing,28.46375,5.53751904624264
101_1040,0.024193548387096774,0.8584237820523384,0.025378787878787806,No significant trend,28.125,2.930477776745628
101_1042,0.6854838709677419,3.854806762682017e-08,0.3438550724637681,Increasing,21.3515625,3.598095945579238
101_1043,0.5,6.18958807825365e-05,0.19575098814229253,Increasing,44.5078125,2.5250479381278588
101_1044,-0.1975806451612903,0.11571975521880828,-0.17844393592677338,No significant trend,31.3309375,4.0299087763985115
101_1045,0.75,1.7844419275547807e-09,0.52175,Increasing,29.724062500000002,5.226457248566542
101_1046,0.4959677419354839,7.096380450022366e-05,0.3081999999999999,Increasing,26.785312500000003,4.069553096145048
101_1047,-0.7943548387096774,1.8528600875811208e-10,-0.8397348484848484,Decreasing,27.83,8.236429368968086
101_1048,0.5362903225806451,1.7284429657316025e-05,0.3727083333333333,Increasing,24.3203125,4.705350999377597
101_1049,-0.08669354838709678,0.49581389166704337,-0.012409090909090814,No significant trend,19.4,1.3316179069087344
101_105,0.5524193548387096,9.551213337788411e-06,0.6318803418803418,Increasing,14.51,7.229970608515639
101_1050,0.40725806451612906,0.0011160599546666816,0.25961206896551714,Increasing,28.6165625,4.168194010431106
101_1051,0.3689516129032258,0.003163426250587742,0.12284280936454856,Increasing,26.5290625,2.182261383540878
101_1052,0.3951612903225806,0.001565774864560776,0.12807017543859645,Increasing,25.2915625,2.0714685451615598
101_1054,0.657258064516129,1.3616589122911193e-07,0.23555335968379448,Increasing,28.002187499999998,2.6119649384790278
101_1055,0.7903225806451613,2.2882273853497281e-10,0.6016586538461541,Increasing,49.049375,6.364995059650478
101_1056,-0.29435483870967744,0.018703634813544978,-0.3379411764705891,Decreasing,21.555,6.511474967317313
101_1057,0.5100806451612904,4.378423530448927e-05,0.2694736842105263,Increasing,25.013437500000002,3.3101771189158065
101_1058,-0.28225806451612906,0.02419069629917514,-0.10225000000000004,Decreasing,18.3653125,2.2065215617219223
101_1059,-0.2217741935483871,0.07712890370635717,-0.18845108695652174,No significant trend,36.3534375,4.382155298319966
101_106,0.42338709677419356,0.0007008697006916087,0.21674999999999991,Increasing,13.128125,2.912800883063413
101_1060,0.7399193548387096,2.934484433225748e-09,0.5211805555555555,Increasing,19.954375,5.056536572534109
101_1061,0.7862903225806451,2.8229885096209273e-10,0.6415984654731458,Increasing,30.963437499999998,6.458579376193635
101_1063,0.7842741935483871,3.1343416750928554e-10,0.47263888888888883,Increasing,18.7940625,4.5548784694098865
101_1064,0.06048387096774194,0.6381570271128183,0.035865384615384896,No significant trend,26.056874999999998,3.747840576168495
101_1065,0.4596774193548387,0.00023219814177166676,0.22712171052631586,Increasing,49.5225,3.3312750937141176
101_1066,0.4032258064516129,0.0012506303657648932,0.18952380952380937,Increasing,35.375,2.9542257869025526
101_1067,0.7237903225806451,6.417795184177066e-09,0.3682236842105263,Increasing,63.2103125,3.610959433079214
101_1068,-0.5887096774193549,2.370209626567643e-06,-1.1583333333333332,Decreasing,40.0053125,13.229630093178862
101_1069,-0.3790322580645161,0.002425557940292755,-0.2318750000000001,Decreasing,39.299375,4.154584769790478
101_107,0.47580645161290325,0.0001384805488402474,0.45448863636363623,Increasing,22.888125000000002,5.23761183502319
101_1070,0.7782258064516129,4.2833958602273015e-10,0.40816526610644266,Increasing,21.5253125,4.048882549833195
101_1071,-0.16129032258064516,0.2001586151353414,-0.20851449275362327,No significant trend,61.363125,5.530344382077394
101_1073,-0.23387096774193547,0.062196528651478955,-0.12735714285714275,No significant trend,12.3734375,3.1526324410869324
101_1074,0.7459677419354839,2.178956348686256e-09,0.44944444444444437,Increasing,28.464375,4.5444931905961745
101_1075,0.07661290322580645,0.54850039361213,0.06162499999999978,No significant trend,27.204375,3.915314433014927
101_1076,0.6834677419354839,4.225433603011197e-08,0.6142857142857143,Increasing,20.163125,6.4048840921889445
101_1077,0.43951612903225806,0.0004332251570231538,0.2845833333333333,Increasing,25.730625,3.7221641365440883
101_1078,0.375,0.0026994076056261473,0.29888888888888865,Increasing,34.363749999999996,4.606947708353113
101_1079,0.4717741935483871,0.00015781793261271382,0.4475294117647061,Increasing,52.889375,6.249820466171408
101_108,-0.08064516129032258,0.5270983110287553,-0.0635858585858585,No significant trend,21.499375,3.6452074165093817
101_1081,-0.4798387096774194,0.0001213912313333676,-0.39442307692307693,Decreasing,25.994999999999997,4.810976382191042
101_1082,0.5403225806451613,1.4924957946416129e-05,0.27904761904761904,Increasing,16.3678125,3.622847407750394
101_1083,0.38911290322580644,0.0018484554791731167,0.308444976076555,Increasing,27.0109375,4.3705408413712075
101_1084,0.37298387096774194,0.002846673252961729,0.18032828282828278,Increasing,59.8059375,3.0938162713861583
101_1085,0.1532258064516129,0.22389580114431484,0.06333333333333332,No significant trend,20.173125000000002,2.4014870881133215
101_1086,0.28225806451612906,0.02419069629917514,0.12881868131868135,Increasing,16.2334375,2.7208553450328354
101_1087,0.6532258064516129,1.6240138478451627e-07,0.6187062937062938,Increasing,46.7646875,6.295500865883806
101_1088,-0.3709677419354839,0.0030012397054521855,-0.31374999999999986,Decreasing,29.041875,5.5037109284895225
101_1089,0.2701612903225806,0.031022165815888902,0.11223112128146454,Increasing,23.1025,2.665940265647375
101_109,-0.1310483870967742,0.299338497620361,-0.0748315789473684,No significant trend,25.653125,3.539802640596648
101_1090,0.18548387096774194,0.14002518868117475,0.3241925465838509,No significant trend,43.1171875,7.9643570182936765
101_1091,0.39919354838709675,0.0014000474750610614,0.23091428571428574,Increasing,28.744374999999998,3.427027627460129
101_1092,0.5282258064516129,2.31113806963279e-05,0.18903846153846154,Increasing,17.395937500000002,2.4569745869857407
101_1093,0.49798387096774194,6.628324270452346e-05,0.33575,Increasing,11.724062499999999,4.38073899257805
101_1094,0.30443548387096775,0.014996317848851026,0.24625,Increasing,29.1475,4.226859797769498
101_1095,0.7237903225806451,6.417795184177066e-09,0.7380434782608696,Increasing,23.9078125,6.969675716261392
101_1097,0.40524193548387094,0.0011815761851263762,0.1392857142857143,Increasing,12.2625,2.1488499831305115
101_1099,0.375,0.0026994076056261473,0.3102272727272729,Increasing,62.29625,5.775757390810317
101_11,0.5524193548387096,9.551213337788411e-06,0.4563888888888889,Increasing,16.1721875,5.657744545297512
101_110,0.3588709677419355,0.004100666980662471,0.19354166666666672,Increasing,25.445,3.421455282478495
101_1100,-0.17540322580645162,0.16313197866795437,-0.3592105263157891,No significant trend,37.596250000000005,7.327649584791838
101_1101,0.020161290322580645,0.883962377036416,0.01462121212121209,No significant trend,16.521250000000002,2.7176377035028048
101_1102,0.7479838709677419,1.9721104749237384e-09,0.48029411764705887,Increasing,28.150000000000002,4.662512064327555
101_1103,0.038306451612903226,0.7703660224129336,0.02916304347826079,No significant trend,25.47125,3.9751986978640454
101_1104,0.5120967741935484,4.0824601233779845e-05,0.4600000000000003,Increasing,24.9384375,5.764234613857572
101_1105,-0.014112903225806451,0.9224891734522682,-0.008285714285714325,No significant trend,25.7478125,2.806632473239728
101_1106,0.20161290322580644,0.10839945747110935,0.16200000000000017,No significant trend,23.5721875,3.5712110466680276
101_1107,0.7419354838709677,2.657962294705385e-09,0.6482608695652173,Increasing,16.7721875,6.389646280495013
101_1108,0.046370967741935484,0.721270009629742,0.02107954545454527,No significant trend,47.6559375,2.418724947383177
101_1109,0.7217741935483871,7.0691399400857335e-09,0.7459166666666666,Increasing,25.953125,7.425986650565365
101_111,0.2701612903225806,0.031022165815888902,0.16039999999999988,Increasing,26.4590625,3.5072838131656447
101_1110,0.6068548387096774,1.1449388537254634e-06,0.7542416666666669,Increasing,45.25031249999999,8.290788745791547
101_1111,0.02217741935483871,0.871176289997168,0.004222222222222882,No significant trend,32.1828125,8.08267794204642
101_1112,-0.24798387096774194,0.04788277895297388,-0.20999999999999908,Decreasing,50.9171875,3.8185069352881564
101_1113,-0.3528225806451613,0.00477753751407195,-0.19282051282051293,Decreasing,39.5053125,4.1991397812342175
101_1114,-0.04838709677419355,0.7091645038629479,-0.037711640211640154,No significant trend,24.9259375,3.245092313185212
101_1115,-0.3024193548387097,0.015681225244583263,-0.19775000000000031,Decreasing,44.531875,4.953711006344132
101_1116,0.5766129032258065,3.8062807836691803e-06,0.3533947368421053,Increasing,27.536250000000003,4.224334821897999
101_1117,0.5262096774193549,2.4836775924574894e-05,0.23558441558441565,Increasing,11.998437500000001,3.001282131622043
101_1118,-0.19153225806451613,0.12742215355314657,-0.11829959514170021,No significant trend,36.736875000000005,3.426635045401684
101_1119,-0.24596774193548387,0.049740271332769925,-0.08080128205128204,Decreasing,12.92625,1.9762492093610058
101_112,0.7278225806451613,5.285553328349124e-09,0.7663500000000001,Increasing,19.610625,7.776144183293864
101_1120,0.46774193548387094,0.0001796761088148635,0.16460317460317458,Increasing,14.5640625,2.516240821363041
101_1121,-0.3951612903225806,0.001565774864560776,-0.19788636363636358,Decreasing,14.591562499999998,3.7802902578497526
101_1122,0.5705645161290323,4.806988263883483e-06,0.708,Increasing,24.015625,8.402629401525155
101_1123,0.7459677419354839,2.178956348686256e-09,0.6674183006535948,Increasing,30.439687499999998,6.833202252776054
101_1124,0.5987903225806451,1.5861008195727777e-06,0.2634514170040486,Increasing,42.4025,3.4833846686807357
101_1125,0.8588709677419355,5.501599176227501e-12,1.0836515151515151,Increasing,44.303749999999994,10.989502306178382
101_1126,0.6209677419354839,6.409512869343104e-07,0.4560153256704981,Increasing,27.832187500000003,5.4118652828617
101_1127,0.26814516129032256,0.03230858389449276,0.13244047619047622,Increasing,12.295312499999998,3.1885292302790247
101_1128,0.7741935483870968,5.268148139947471e-10,0.6756439393939395,Increasing,14.687499999999998,7.10750703481889
101_1129,-0.11290322580645161,0.37244389624576013,-0.05002506265664161,No significant trend,51.2325,2.3690596763272977
101_113,0.6088709677419355,1.054676987966019e-06,0.5675595238095239,Increasing,27.9896875,6.783421649679736
101_1130,-0.03225806451612903,0.8078142165841911,-0.015108695652173907,No significant trend,9.161875,2.9167323727717975
101_1131,-0.028225806451612902,0.8330324989520455,-0.02045454545454544,No significant trend,6.8521875,2.3888749108824743
101_1132,0.7056451612903226,1.5177737733296226e-08,0.5339999999999999,Increasing,18.4759375,5.4212411282928334
101_1133,0.1875,0.13572177389937323,0.15833333333333333,No significant trend,26.718125,4.247667328590482
101_1134,0.28225806451612906,0.02419069629917514,0.13000000000000006,Increasing,23.746562500000003,3.157934064953502
101_1135,0.41330645161290325,0.0009391233403026611,0.5151000000000003,Increasing,31.44375,7.344073184377998
101_1136,0.31451612903225806,0.011952275439924609,0.06249999999999993,Increasing,10.410625,1.5941630592179084
101_1137,0.45161290322580644,0.00029887973345732455,0.36512500000000003,Increasing,29.2284375,4.674623721070366
101_1138,-0.2862903225806452,0.02222386181408309,-0.15098379629629627,Decreasing,41.8396875,3.608032258356866
101_1139,0.6774193548387096,5.5566278689411774e-08,0.773293650793651,Increasing,28.8534375,8.10546367017913
101_114,0.5,6.18958807825365e-05,0.31111111111111117,Increasing,23.830625,4.55487577869858
101_1140,0.18548387096774194,0.14002518868117475,0.10650862068965514,No significant trend,14.3940625,2.9447568441373475
101_1141,-0.2399193548387097,0.05567876996846799,-0.23274621212121221,No significant trend,38.2490625,4.948704602832316
101_1142,0.8024193548387096,1.21112231354914e-10,0.8574210526315791,Increasing,19.052187500000002,8.800311689925746
101_1143,0.6733870967741935,6.661159712706421e-08,0.8763480392156864,Increasing,24.729999999999997,9.549299058046092
101_1144,0.3548387096774194,0.004541435280679185,0.12124999999999994,Increasing,35.316874999999996,2.2062049393415384
101_1145,0.4637096774193548,0.00020435771038096462,0.2145909090909091,Increasing,48.249375,2.679878655718389
101_1146,-0.028225806451612902,0.8330324989520455,-0.023470588235294236,No significant trend,19.283749999999998,5.385948007314961
101_1147,0.5685483870967742,5.193307037965056e-06,0.45091666666666663,Increasing,24.820625,5.400330393538436
101_1148,0.7419354838709677,2.657962294705385e-09,0.4113157894736843,Increasing,18.927500000000002,4.161562957591775
101_1149,0.43548387096774194,0.0004893169184720936,0.23124999999999982,Increasing,23.319375,3.2068510036132016
101_115,0.625,5.418056365780188e-07,0.6952777777777779,Increasing,26.855312499999997,7.461721058331231
101_1150,-0.3709677419354839,0.0030012397054521855,-0.20205627705627716,Decreasing,24.3565625,3.319041286063454
101_1151,0.6814516129032258,4.630511263314929e-08,0.5643788819875776,Increasing,23.3365625,6.088547450631698
101_1152,0.6290322580645161,4.5753051591823635e-07,0.35166666666666685,Increasing,35.1421875,3.9934858945342167
101_1153,0.4032258064516129,0.0012506303657648932,0.23950000000000005,Increasing,23.1884375,3.5953834195526007
101_1154,0.6774193548387096,5.5566278689411774e-08,0.704777777777778,Increasing,31.851562499999996,7.5338175537766885
101_1155,0.29435483870967744,0.018703634813544978,0.2397916666666667,Increasing,19.185625,4.144644841162509
101_1156,0.717741935483871,8.570263387852606e-09,0.33642361111111097,Increasing,27.924062499999998,3.6031070440792834
101_1158,-0.0907258064516129,0.47552160598321747,-0.03791497975708505,No significant trend,33.66875,2.455378980422371
101_1159,-0.6895161290322581,3.2057687171516136e-08,-0.46352693602693607,Decreasing,21.215625000000003,4.948187760117334
101_116,0.3064516129032258,0.014337900827245509,0.2525612745098038,Increasing,34.558125000000004,5.637592813814687
101_1160,0.6975806451612904,2.210337290975417e-08,0.3975454545454543,Increasing,25.5878125,3.9269451663912687
101_1161,0.5241935483870968,2.6684265470366952e-05,0.20928571428571432,Increasing,18.302500000000002,2.7853399702729287
101_1162,0.41330645161290325,0.0009391233403026611,0.2981416666666667,Increasing,13.5559375,3.8873519741713314
101_1163,0.7056451612903226,1.5177737733296226e-08,0.26177083333333295,Increasing,44.928125,2.7815131195762857
101_1164,0.2782258064516129,0.026306692194792536,0.1466666666666667,Increasing,60.307500000000005,2.8296907958291135
101_1165,0.05241935483870968,0.6851751854528196,0.015208333333334009,No significant trend,52.3384375,2.68618119895024
101_1166,-0.06854838709677419,0.5925510100829448,-0.02490740740740732,No significant trend,17.7184375,1.9364531193896097
101_1167,0.41935483870967744,0.0007884847400962958,0.24562499999999998,Increasing,37.9234375,3.854330850951141
101_1168,0.6895161290322581,3.2057687171516136e-08,0.5267105263157895,Increasing,21.9840625,5.906055610226993
101_1169,0.6834677419354839,4.225433603011197e-08,0.31263736263736275,Increasing,20.634999999999998,3.181282170760714
101_117,-0.07258064516129033,0.5703230029200781,-0.03690000000000019,No significant trend,34.9146875,2.7993905412328144
101_1170,0.4032258064516129,0.0012506303657648932,0.2729999999999999,Increasing,44.893125,3.904770669882547
101_1172,0.2540322580645161,0.04265662043840912,0.12800000000000028,Increasing,24.7115625,2.779566186222906
101_1173,-0.3810483870967742,0.0022983908153568766,-0.7089285714285718,Decreasing,30.7821875,9.556421837688191
101_1174,0.2318548387096774,0.06450466084662865,0.16598181818181806,No significant trend,18.8271875,3.9561394015939015
101_1176,0.22782258064516128,0.06933314292875958,0.13789473684210524,No significant trend,15.605625,3.285275804156327
101_1177,0.5443548387096774,1.2874583818822671e-05,0.26446428571428526,Increasing,43.81625,3.8609452777137356
101_1179,-0.1814516129032258,0.14894602437860582,-0.11038461538461533,No significant trend,19.536250000000003,2.9245905162090637
101_118,0.5846774193548387,2.7784224061466745e-06,0.4731874999999996,Increasing,28.375625,5.470063378003494
101_1180,0.3245967741935484,0.009469210701438247,0.1720114942528736,Increasing,16.23875,3.1356426275167264
101_1181,0.7137096774193549,1.0379506365509883e-08,0.6387368421052633,Increasing,59.148125,6.633449535074116
101_1182,0.5,6.18958807825365e-05,0.5950757575757575,Increasing,27.986875,7.286106829739391
101_1183,0.6975806451612904,2.210337290975417e-08,0.5010714285714286,Increasing,57.722812499999996,5.967260277115768
101_1184,0.7157258064516129,9.432809422449395e-09,0.6702777777777778,Increasing,30.475625,6.709735900866367
101_1185,0.4959677419354839,7.096380450022366e-05,0.3609999999999996,Increasing,52.471875,4.398291172077515
101_1186,0.4959677419354839,7.096380450022366e-05,0.993926282051282,Increasing,24.0290625,12.480086978707071
101_1187,0.7459677419354839,2.178956348686256e-09,1.0852222222222225,Increasing,41.0971875,10.819329413824303
101_1188,-0.45564516129032256,0.00026356866715215865,-0.29773809523809514,Decreasing,56.9153125,4.222698325992961
101_1189,-0.4032258064516129,0.0012506303657648932,-0.1619642857142856,Decreasing,18.8434375,2.4396357430144673
101_119,0.7741935483870968,5.268148139947471e-10,0.9337536231884058,Increasing,25.799374999999998,8.929810306460881
101_1190,-0.06048387096774194,0.6381570271128183,-0.02595238095238109,No significant trend,49.9340625,2.2482769226885178
101_1191,0.7379032258064516,3.238943557803964e-09,0.7596428571428562,Increasing,32.433125,7.383863080012724
101_1192,-0.1935483870967742,0.12342316732733916,-0.16167582417582388,No significant trend,44.9778125,3.570321006554417
101_1193,0.03024193548387097,0.8204001472261235,0.012904761904761933,No significant trend,30.43875,3.1876330854569823
101_1194,0.4576612903225806,0.0002474174487239189,0.20727777777777778,Increasing,16.643437499999997,2.9100564957735355
101_1195,0.3346774193548387,0.0074570078953755115,0.366866028708134,Increasing,37.07843750000001,5.597373887243351
101_1196,-0.41935483870967744,0.0007884847400962958,-0.23694444444444437,Decreasing,19.3778125,3.1919231412807783
101_1197,0.6854838709677419,3.854806762682017e-08,0.46751831501831503,Increasing,17.072499999999998,4.836238853696124
101_1198,0.5645161290322581,6.056982383206844e-06,0.5236538461538462,Increasing,21.831562500000004,5.877469751822953
101_1199,0.8024193548387096,1.21112231354914e-10,1.1152083333333334,Increasing,26.0084375,11.233615599333714
101_12,0.49193548387096775,8.127869954099864e-05,0.19220833333333337,Increasing,22.444375,2.493495209414889
101_120,0.5645161290322581,6.056982383206844e-06,0.4167777777777779,Increasing,25.9521875,4.719154939164824
101_1200,0.8185483870967742,5.111089329545848e-11,0.6624404761904763,Increasing,25.793124999999996,6.612399544369275
101_1201,0.6431451612903226,2.5116283208781454e-07,0.29000000000000015,Increasing,37.2390625,4.647021464991716
101_1202,-0.1935483870967742,0.12342316732733916,-0.09839160839160853,No significant trend,51.10625,3.4219646677749314
101_1204,0.6209677419354839,6.409512869343104e-07,0.5364038461538463,Increasing,32.3228125,5.918613770541524
101_1206,-0.12096774193548387,0.3386829866956895,-0.07892857142857146,No significant trend,21.810000000000002,3.3464785596205453
101_1207,0.4495967741935484,0.000318152821317641,0.5015934065934067,Increasing,38.260000000000005,9.53474665368724
101_121,0.06048387096774194,0.6381570271128183,0.0725892857142857,No significant trend,15.956875,4.785303959454927
101_122,0.6995967741935484,2.0128545274999965e-08,0.7811666666666666,Increasing,26.935312500000002,7.776188407719026
101_123,0.6028225806451613,1.3482705789602534e-06,0.4624074074074074,Increasing,21.59375,5.8177619999016805
101_124,0.7580645161290323,1.193087628692524e-09,0.5365476190476189,Increasing,21.82125,5.072915674195659
101_125,0.5887096774193549,2.370209626567643e-06,0.46910256410256396,Increasing,26.33625,5.76710377377588
101_126,0.5483870967741935,1.1094687683677051e-05,0.5982142857142858,Increasing,32.879687499999996,7.18511590215104
101_127,0.22379032258064516,0.07445456944820861,0.21030303030303027,No significant trend,21.4253125,5.144085793641446
101_128,-0.08870967741935484,0.4856103851418121,-0.14666666666666622,No significant trend,36.31625,7.369093291409738
101_129,0.45161290322580644,0.00029887973345732455,0.37929411764705884,Increasing,12.1475,5.240038764169594
101_13,-0.5403225806451613,1.4924957946416129e-05,-0.2954563492063492,Decreasing,26.525312500000002,3.5408261609889506
101_130,0.35685483870967744,0.004315952098634668,0.24923076923076937,Increasing,32.827187499999994,4.316194963720216
101_131,0.4717741935483871,0.00015781793261271382,0.5447380952380951,Increasing,20.21625,7.250712357244632
101_132,0.3225806451612903,0.00992544145265839,0.1518823529411765,Increasing,14.372499999999999,2.777204079645571
101_133,-0.34274193548387094,0.0061330741504750375,-0.1598347826086956,Decreasing,27.361875,2.7355363248136557
101_134,0.5846774193548387,2.7784224061466745e-06,0.7682857142857146,Increasing,48.8640625,8.598752038586397
101_135,0.24798387096774194,0.04788277895297388,0.0713846153846154,Increasing,32.770624999999995,2.556749569155141
101_136,0.38306451612903225,0.0021773576915100623,0.25159722222222186,Increasing,43.271249999999995,3.9993239663098064
101_137,0.5403225806451613,1.4924957946416129e-05,0.45386904761904767,Increasing,43.936875,5.521634969316154
101_138,0.3467741935483871,0.005553981920621398,0.2374107142857143,Increasing,25.4440625,4.175955623697856
101_139,0.4112903225806452,0.0009949884229842887,0.5059829059829057,Increasing,28.405625,6.2297341122535075
101_14,0.3850806451612903,0.0020621929792057347,0.09023809523809548,Increasing,12.780625,1.4939292517970855
101_140,0.5282258064516129,2.31113806963279e-05,0.33999999999999986,Increasing,8.34,4.0402583457001855
101_141,0.49193548387096775,8.127869954099864e-05,0.5252678571428573,Increasing,28.6090625,7.098086608100366
101_142,0.5483870967741935,1.1094687683677051e-05,0.25180555555555517,Increasing,41.82,3.0825881982515924
101_143,0.4153225806451613,0.0008861761949863212,0.20016483516483513,Increasing,29.2990625,2.972108215744129
101_144,-0.40524193548387094,0.0011815761851263762,-0.29209401709401717,Decreasing,26.808124999999997,4.514525471671967
101_145,0.6854838709677419,3.854806762682017e-08,0.714577205882353,Increasing,25.2496875,7.153604635241156
101_146,0.6935483870967742,2.6632843708185305e-08,0.9448106060606062,Increasing,25.3828125,9.52410830287244
101_147,0.7258064516129032,5.824971616164021e-09,0.6537433155080214,Increasing,34.78625,6.693498127847651
101_148,0.6512096774193549,1.772900197760663e-07,0.6308333333333334,Increasing,20.4790625,6.0993736150602995
101_149,0.7258064516129032,5.824971616164021e-09,0.6359523809523808,Increasing,25.575000000000003,6.437447087161183
101_15,-0.2661290322580645,0.03364043981005893,-0.11307692307692313,Decreasing,15.76,2.8051916155585523
101_150,0.75,1.7844419275547807e-09,0.8205000000000001,Increasing,25.786875000000002,8.354167910951695
101_151,0.5443548387096774,1.2874583818822671e-05,0.5077499999999999,Increasing,22.665,6.68651488071327
101_152,0.0846774193548387,0.5061307168657696,0.044093406593406506,No significant trend,49.7175,3.3586669602686112
101_153,0.6612903225806451,1.140522314369008e-07,1.1228736842105262,Increasing,26.143125,11.98276560249657
101_154,0.6310483870967742,4.2028371116664687e-07,0.3755277777777778,Increasing,26.879375000000003,4.019085668329925
101_155,0.3911290322580645,0.001749399716013178,0.2168627450980391,Increasing,27.254687500000003,4.123220816587895
101_156,0.6491935483870968,1.934942726045108e-07,0.9068749999999999,Increasing,22.885312499999998,9.058230023152632
101_157,0.6774193548387096,5.5566278689411774e-08,1.212894736842105,Increasing,26.584375,12.083546131387715
101_158,-0.004032258064516129,0.9870617094920746,-0.0028571428571430185,No significant trend,15.118125,3.0993905020785943
101_159,0.8064516129032258,9.776668363770114e-11,1.1264772727272725,Increasing,35.886875,11.248360279808564
101_16,0.6169354838709677,7.574687868050489e-07,0.37168750000000006,Increasing,27.5121875,4.031886759303112
101_160,0.5040322580645161,5.3932561817182645e-05,0.26880952380952383,Increasing,26.6321875,3.2583265781446387
101_161,0.18951612903225806,0.13152122240591746,0.11190476190476198,No significant trend,32.6234375,3.5199472735530786
101_162,-0.1532258064516129,0.22389580114431484,-0.06728571428571423,No significant trend,33.199375,2.9461860276253775
101_163,0.5403225806451613,1.4924957946416129e-05,0.39693749999999994,Increasing,28.414375,5.955066087742016
101_164,0.5362903225806451,1.7284429657316025e-05,0.360384615384615,Increasing,33.660312499999996,3.99232035004003
101_165,0.3548387096774194,0.004541435280679185,0.19879227053140108,Increasing,18.5821875,3.6301547267084566
101_166,-0.2782258064516129,0.026306692194792536,-0.11380952380952375,Decreasing,22.307812499999997,2.4800248667793134
101_167,0.45161290322580644,0.00029887973345732455,0.2281868131868132,Increasing,23.458750000000002,2.948343549775026
101_168,0.7560483870967742,1.3199186188472822e-09,0.4131999999999999,Increasing,27.24,4.069030904281755
101_169,0.8467741935483871,1.0854206422550305e-11,0.9779583333333333,Increasing,26.0684375,8.686389176959189
101_17,0.6693548387096774,7.977093474664798e-08,0.34847222222222246,Increasing,46.8215625,4.970468482305642
101_170,0.15524193548387097,0.21778086979766753,0.1993571428571429,No significant trend,32.913125,5.440193262594169
101_171,-0.016129032258064516,0.9096221353961886,-0.01701086956521718,No significant trend,33.624375,5.873890287481969
101_172,0.5463709677419355,1.1953055304658733e-05,0.6605882352941177,Increasing,34.7171875,7.279671710650402
101_173,0.5524193548387096,9.551213337788411e-06,0.41472222222222216,Increasing,14.606874999999999,4.334889298975811
101_174,0.7258064516129032,5.824971616164021e-09,0.6877272727272727,Increasing,15.739062500000001,6.839525001496358
101_175,0.5282258064516129,2.31113806963279e-05,0.28937969924812024,Increasing,26.82875,3.6903851001623122
101_176,0.6129032258064516,8.942580020931956e-07,0.41583333333333317,Increasing,30.8128125,4.682675673676723
101_177,0.7258064516129032,5.824971616164021e-09,0.3978532608695651,Increasing,24.3434375,4.144114508383395
101_178,0.2782258064516129,0.026306692194792536,0.1767708333333335,Increasing,33.8484375,3.5621018280775956
101_179,0.7701612903225806,6.472633540255401e-10,0.7710795454545453,Increasing,31.666874999999997,8.00950273015591
101_18,-0.41935483870967744,0.0007884847400962958,-0.2242499999999999,Decreasing,20.203125,3.566663740020217
101_180,-0.3911290322580645,0.001749399716013178,-0.54325,Decreasing,33.009375,6.971963916958765
101_181,-0.012096774193548387,0.9353765292166933,-0.012291666666666683,No significant trend,6.434375,2.317455416912049
101_182,0.8306451612903226,2.6473268022186858e-11,0.6943518518518519,Increasing,14.0653125,6.647961146272122
101_183,0.6612903225806451,1.140522314369008e-07,0.4638750000000001,Increasing,30.4515625,5.357097575515473
101_184,0.3971774193548387,0.001480776176757681,0.2692307692307691,Increasing,23.3965625,4.109387583155639
101_185,0.4596774193548387,0.00023219814177166676,0.5486011904761905,Increasing,21.3215625,7.056018755898665
101_186,0.2842741935483871,0.023189178620686146,0.21675523349436399,Increasing,17.3428125,4.719867075971923
101_187,0.5262096774193549,2.4836775924574894e-05,0.48294444444444395,Increasing,47.24625,5.731760064543875
101_188,-0.6673387096774194,8.7262118642073e-08,-0.48900000000000005,Decreasing,47.605312500000004,5.006664923114363
101_189,0.33669354838709675,0.007103959439850094,0.16522727272727292,Increasing,60.6496875,2.914091286721086
101_19,0.29838709677419356,0.017134045455555746,0.35099999999999987,Increasing,25.8296875,5.819559414366671
101_191,0.44556451612903225,0.0003602388463002093,0.3633794466403161,Increasing,61.209375,4.818145349548412
101_192,0.8104838709677419,7.883982355849639e-11,0.5267628205128205,Increasing,55.0646875,5.388100885501658
101_193,-0.04838709677419355,0.7091645038629479,-0.030384615384615343,No significant trend,17.034999999999997,3.56307539212967
101_194,-0.25806451612903225,0.03944736533784576,-0.14039285714285715,Decreasing,35.389374999999994,3.2458270686182593
101_195,0.6995967741935484,2.0128545274999965e-08,0.6231666666666666,Increasing,17.279062500000002,6.254536033639405
101_196,0.5141129032258065,3.8055466680564365e-05,0.461923076923077,Increasing,22.1490625,5.762163417163189
101_197,0.3225806451612903,0.00992544145265839,0.20833333333333243,Increasing,36.653437499999995,4.134701175247583
101_198,0.11088709677419355,0.38119941574393534,0.04890025575447569,No significant trend,12.087499999999999,2.401214536437759
101_199,-0.625,5.418056365780188e-07,-0.5233793103448277,Decreasing,27.485,5.972086109560042
101_2,0.004032258064516129,0.9870617094920746,0.008809523809523918,No significant trend,61.622187499999995,4.462916461221714
101_20,-0.6270161290322581,4.979515006997559e-07,-0.6414285714285711,Decreasing,31.41875,6.409126671200999
101_200,0.6935483870967742,2.6632843708185305e-08,0.5825961538461538,Increasing,33.0478125,6.142178834895948
101_201,0.43951612903225806,0.0004332251570231538,0.24188034188034183,Increasing,27.7465625,3.573425885420565
101_202,0.5524193548387096,9.551213337788411e-06,0.27817307692307686,Increasing,13.059375,3.2578807696683745
101_203,0.5604838709677419,7.057150331224449e-06,0.22872503840245775,Increasing,18.1640625,3.1060493993324942
101_204,0.5685483870967742,5.193307037965056e-06,0.22875000000000026,Increasing,63.3059375,2.644361760632185
101_205,0.5645161290322581,6.056982383206844e-06,0.3686057692307694,Increasing,31.8453125,3.8876109183332312
101_206,0.5504032258064516,1.0295362178336376e-05,0.6091999999999997,Increasing,54.53875,7.811621850646638
101_207,0.5201612903225806,3.077850744093169e-05,0.3210151515151515,Increasing,21.866875,3.6294011536856874
101_208,0.5040322580645161,5.3932561817182645e-05,0.16353448275862073,Increasing,13.113125,2.1428273342420754
101_209,0.3911290322580645,0.001749399716013178,0.344375,Increasing,57.3184375,5.236951110483441
101_21,0.2661290322580645,0.03364043981005893,0.15162499999999982,Increasing,15.943125,3.2019910187842506
101_210,0.40524193548387094,0.0011815761851263762,0.19602941176470606,Increasing,21.5921875,2.7330268640911215
101_211,0.6411290322580645,2.738397213430943e-07,0.44272727272727264,Increasing,21.718125,4.899285303426919
101_212,0.3064516129032258,0.014337900827245509,0.1879166666666665,Increasing,19.655625,3.787115440460589
101_213,-0.20967741935483872,0.09486107679233946,-0.16252173913043466,No significant trend,27.9253125,3.6507362137442563
101_214,0.05040322580645161,0.697131994304151,0.016118421052631532,No significant trend,17.182812499999997,2.785731764697339
101_215,0.16129032258064516,0.2001586151353414,0.07571428571428575,No significant trend,17.7040625,2.661471467270267
101_216,0.30443548387096775,0.014996317848851026,0.08964285714285718,Increasing,16.3275,2.1264700797330773
101_217,0.31048387096774194,0.013097125487301797,0.10194331983805667,Increasing,18.2675,1.9390509921092842
101_218,0.3084677419354839,0.013705116027189268,0.1777093596059114,Increasing,25.0709375,5.11818410142638
101_219,0.3387096774193548,0.006765990939990862,0.23812500000000003,Increasing,14.614999999999998,3.981821976181256
101_22,0.036290322580645164,0.7827940862749598,0.01891666666666675,No significant trend,43.3209375,3.1421134998745273
101_220,0.4012096774193548,0.0013233944127710728,0.2721538461538461,Increasing,27.1246875,4.1858138279603105
101_221,-0.19153225806451613,0.12742215355314657,-0.18174242424242423,No significant trend,32.64375,4.666051428938605
101_222,-0.11290322580645161,0.37244389624576013,-0.09902173913043469,No significant trend,26.247187500000003,5.002357090896625
101_223,-0.5584677419354839,7.614672716593773e-06,-0.5138552631578948,Decreasing,21.1178125,5.675359423846542
101_224,-0.7741935483870968,5.268148139947471e-10,-0.6242499999999997,Decreasing,42.39031250000001,6.208409863028032
101_225,0.6008064516129032,1.4625443411908634e-06,0.2711011904761906,Increasing,17.847812500000003,3.6713151035894143
101_226,-0.14919354838709678,0.2364918152910518,-0.22072649572649577,No significant trend,22.844375,8.81413103257349
101_227,0.6129032258064516,8.942580020931956e-07,0.374409090909091,Increasing,22.283749999999998,4.909325150924514
101_228,0.6008064516129032,1.4625443411908634e-06,0.3110795454545454,Increasing,21.74375,3.7529811067336856
101_229,-0.6088709677419355,1.054676987966019e-06,-0.6800555555555556,Decreasing,39.075625,7.360858024671784
101_23,0.4778225806451613,0.0001296708328921703,0.25465517241379315,Increasing,51.565312500000005,3.181678983232555
101_230,0.6330645161290323,3.859708492814917e-07,0.3991304347826087,Increasing,19.3128125,4.238622443063754
101_231,0.11693548387096774,0.355310453336267,0.04842261904761897,No significant trend,37.4959375,2.50408149250254
101_232,0.14112903225806453,0.2631677566593238,0.07022727272727289,No significant trend,19.655625,2.5287743294677365
101_233,0.45564516129032256,0.00026356866715215865,0.3381785714285714,Increasing,31.121250000000003,4.148842270742525
101_234,-0.04032258064516129,0.757996646747342,-0.030000000000000426,No significant trend,39.88375,4.152557005930202
101_235,-0.10483870967741936,0.40821489473295625,-0.08088235294117622,No significant trend,25.7634375,3.4534372454981352
101_236,0.0,1.0,-0.0016666666666666683,No significant trend,1.5575,0.04145780987944254
101_237,0.6270161290322581,4.979515006997559e-07,0.3531249999999999,Increasing,50.8709375,3.948594971137677
101_238,0.3629032258064516,0.00369907566941885,0.4636538461538462,Increasing,36.36,6.802309350507371
101_239,0.3588709677419355,0.004100666980662471,0.2071874999999999,Increasing,27.683749999999996,3.9100325685983743
101_24,0.35080645161290325,0.005024693896646282,0.39512820512820523,Increasing,59.911562499999995,6.656155567111827
101_240,-0.024193548387096774,0.8584237820523384,-0.02328663793103462,No significant trend,53.963125,3.3389888416068416
101_241,-0.15120967741935484,0.23013253179706616,-0.0690652173913043,No significant trend,53.910624999999996,2.6604169521665213
101_242,0.08870967741935484,0.4856103851418121,0.10593749999999935,No significant trend,54.2478125,4.715761294832866
101_243,0.1935483870967742,0.12342316732733916,0.2226166666666666,No significant trend,43.5025,6.224510020877146
101_244,0.5181451612903226,3.304303154827437e-05,0.2318681318681318,Increasing,35.5265625,2.8305715074157276
101_245,0.8225806451612904,4.108913209677212e-11,0.6482467532467533,Increasing,44.585,6.35311045866511
101_246,0.8810483870967742,1.5452084056732929e-12,1.2416083916083918,Increasing,27.6725,12.224835888469014
101_247,0.5161290322580645,3.546525120357025e-05,0.6953125,Increasing,24.3746875,8.033173790746952
101_248,0.5786290322580645,3.519574691690508e-06,0.4019375,Increasing,16.908749999999998,4.776861384580884
101_249,0.6209677419354839,6.409512869343104e-07,0.7177795031055902,Increasing,26.447812500000005,8.05904915854493
101_25,0.13911290322580644,0.27014929445443236,0.09604166666666669,No significant trend,20.806874999999998,3.4323793109700156
101_250,0.9556451612903226,1.709743457922741e-14,1.169621212121212,Increasing,25.016875,10.912326584389554
101_251,0.7701612903225806,6.472633540255401e-10,0.5931698564593302,Increasing,24.1290625,6.012571392182695
101_252,0.7681451612903226,7.171752081092109e-10,0.7,Increasing,24.3953125,6.756758646151552
101_253,0.6471774193548387,2.1112575954163049e-07,0.49354166666666666,Increasing,21.667187499999997,5.34102063887079
101_254,0.23387096774193547,0.062196528651478955,0.1497916666666666,No significant trend,29.1878125,2.8842825520125013
101_255,0.4334677419354839,0.000519836761338599,0.27520833333333317,Increasing,32.700625,4.798872873850171
101_256,0.7701612903225806,6.472633540255401e-10,0.4206020066889633,Increasing,28.83625,4.340350468280182
101_257,0.28024193548387094,0.02522949923076112,0.19238095238095226,Increasing,60.4428125,4.215374564003032
101_258,0.29838709677419356,0.017134045455555746,0.22992647058823532,Increasing,63.286874999999995,3.955325079481458
101_259,0.6088709677419355,1.054676987966019e-06,0.4160879629629629,Increasing,16.6846875,4.685224770738726
101_26,-0.13306451612903225,0.2918511202475407,-0.07273809523809524,No significant trend,60.348125,3.1289938853208072
101_260,0.35080645161290325,0.005024693896646282,0.20273750000000007,Increasing,36.1846875,3.122455948823578
101_261,0.4737903225806452,0.00014785185590326932,0.21198863636363618,Increasing,32.6103125,2.7986564682618247
101_262,0.717741935483871,8.570263387852606e-09,0.7914285714285723,Increasing,55.363125,8.428641066884687
101_263,0.8770161290322581,1.95110594347625e-12,1.0931060606060603,Increasing,62.31875,10.131528065277223
101_264,-0.23387096774193547,0.062196528651478955,-0.16237500000000016,No significant trend,20.636874999999996,4.020221105160138
101_265,-0.13709677419354838,0.27725679757119037,-0.060678733031674204,No significant trend,18.164375,2.9688328277919256
101_266,0.25201612903225806,0.04434233973465851,0.16429149797570844,Increasing,26.326875,4.252647291320431
101_267,-0.12903225806451613,0.3069529533583135,-0.030277777777777834,No significant trend,20.7178125,1.5427202727143214
101_268,0.21370967741935484,0.08861906133688091,0.21680000000000121,No significant trend,21.0171875,5.404270437796739
101_269,-0.3165322580645161,0.011413839625523003,-0.23521825396825408,Decreasing,30.576249999999998,4.704009426808156
101_27,0.36088709677419356,0.003895172738189956,0.4069047619047613,Increasing,62.625625,6.038770020407716
101_270,-0.125,0.32256351748255696,-0.04952380952380953,No significant trend,12.444375,2.3292956788211754
101_271,0.592741935483871,2.019923096563403e-06,1.0085555555555556,Increasing,19.231562500000003,12.29471535594028
101_272,0.719758064516129,7.784594746595985e-09,0.6564285714285714,Increasing,21.6746875,6.713395184431179
101_273,0.47580645161290325,0.0001384805488402474,0.3916425120772947,Increasing,22.148125,4.777680816502396
101_274,0.17137096774193547,0.173140435185424,0.11628787878787886,No significant trend,19.0690625,3.608209700958877
101_275,0.2157258064516129,0.08562456353913106,0.1617857142857143,No significant trend,13.942499999999999,4.143417973123156
101_276,0.3911290322580645,0.001749399716013178,0.29328703703703735,Increasing,37.830312500000005,6.160640431590188
101_277,0.07258064516129033,0.5703230029200781,0.039799999999999953,No significant trend,17.2903125,3.2003695923039497
101_278,-0.22782258064516128,0.06933314292875958,-0.14835714285714285,No significant trend,34.6634375,3.827819719970332
101_279,-0.45161290322580644,0.00029887973345732455,-0.18020202020202025,Decreasing,13.6259375,3.048620445561197
101_28,0.6008064516129032,1.4625443411908634e-06,0.3506521739130435,Increasing,31.128437499999997,4.1315638000149235
101_280,0.03225806451612903,0.8078142165841911,0.020000000000001704,No significant trend,37.7946875,4.272165715693125
101_281,0.7560483870967742,1.3199186188472822e-09,0.6231666666666666,Increasing,21.587812500000002,6.2860225572172235
101_282,0.75,1.7844419275547807e-09,0.5895833333333333,Increasing,24.5465625,6.230439696248873
101_283,-0.03225806451612903,0.8078142165841911,-0.02291855203619902,No significant trend,40.96125,4.301475582576287
101_284,0.5786290322580645,3.519574691690508e-06,0.16908906882591093,Increasing,25.886249999999997,2.059899496941538
101_285,0.2782258064516129,0.026306692194792536,0.1697222222222219,Increasing,22.878124999999997,3.35913999177989
101_286,0.07661290322580645,0.54850039361213,0.02550000000000002,No significant trend,9.7340625,1.725104814523961
101_287,0.41935483870967744,0.0007884847400962958,0.3856324110671937,Increasing,29.931875,6.486924559016777
101_288,0.5524193548387096,9.551213337788411e-06,0.549375,Increasing,21.065625,5.885681745505358
101_289,-0.19556451612903225,0.11952284590988049,-0.14725563909774456,No significant trend,52.256249999999994,3.6946496366367407
101_29,0.844758064516129,1.2144951710979512e-11,0.6530454545454544,Increasing,54.402812499999996,6.274194786173263
101_290,0.08870967741935484,0.4856103851418121,0.04630952380952365,No significant trend,57.7365625,3.049997550588156
101_291,0.7258064516129032,5.824971616164021e-09,0.545357142857143,Increasing,18.790937500000002,5.122331231587211
101_292,0.08064516129032258,0.5270983110287553,0.049071428571428564,No significant trend,13.2490625,3.6903763014215434
101_293,0.75,1.7844419275547807e-09,0.773212669683258,Increasing,58.414375,7.667504865298425
101_294,0.6834677419354839,4.225433603011197e-08,0.8995833333333332,Increasing,50.14875,8.742878798628057
101_295,0.719758064516129,7.784594746595985e-09,0.563333333333333,Increasing,61.098124999999996,6.501781216280274
101_296,0.6653225806451613,9.543242263099216e-08,0.5311538461538465,Increasing,61.685624999999995,6.299818418762162
101_297,0.28225806451612906,0.02419069629917514,0.25969696969696965,Increasing,29.255,4.6464879210001175
101_298,0.5725806451612904,4.448281224922468e-06,0.8233695652173911,Increasing,37.6671875,9.650897702537508
101_299,0.6028225806451613,1.3482705789602534e-06,0.25887719298245615,Increasing,13.0615625,3.0847134281151223
101_3,0.5625,6.538795176869172e-06,0.451349206349206,Increasing,44.2125,5.593561030327638
101_30,0.8306451612903226,2.6473268022186858e-11,0.6397058823529411,Increasing,28.340000000000003,6.762840564437402
101_300,0.4274193548387097,0.0006223743467113074,0.3353124999999996,Increasing,54.8821875,5.03701035732941
101_301,0.8568548387096774,6.165290500348419e-12,0.872051282051282,Increasing,55.7196875,8.283051779226287
101_302,0.532258064516129,1.999674165320542e-05,0.7444444444444449,Increasing,28.7609375,8.33195856303269
101_303,0.6088709677419355,1.054676987966019e-06,0.2720141700404859,Increasing,54.3521875,3.8111413434617907
101_304,0.3870967741935484,0.0019526409550858492,0.22375,Increasing,21.028437500000003,3.7298417437732865
101_305,0.5443548387096774,1.2874583818822671e-05,0.3894117647058826,Increasing,27.4390625,5.07867007651548
101_306,0.1350806451612903,0.2844906362403654,0.029090909090909115,No significant trend,27.3175,1.7089653302510261
101_307,0.2439516129032258,0.05165781777373568,0.1395833333333334,No significant trend,25.871249999999996,3.326917445248679
101_308,-0.24193548387096775,0.05363683937977637,-0.10176470588235297,No significant trend,15.644375,2.437706321396201
101_309,0.10685483870967742,0.39908552967166067,0.0565686274509804,No significant trend,18.1525,2.7465933444905892
101_31,0.4838709677419355,0.00010630450788085,0.25754385964912274,Increasing,17.12,3.57292859570409
101_310,0.20766129032258066,0.0981116209814683,0.14445652173913043,No significant trend,22.061562499999997,3.6365815931439998
101_311,0.5403225806451613,1.4924957946416129e-05,0.2687954545454545,Increasing,18.699375000000003,3.4818466162907002
101_312,0.8185483870967742,5.111089329545848e-11,1.06,Increasing,35.092187499999994,9.817486864765533
101_313,-0.5826612903225806,3.0070381287217174e-06,-0.32200000000000006,Decreasing,24.7053125,3.6572017858389696
101_314,0.3629032258064516,0.00369907566941885,0.17925213675213675,Increasing,22.4140625,2.8876015776235042
101_315,0.5887096774193549,2.370209626567643e-06,0.38324999999999987,Increasing,21.17125,4.905249579532116
101_316,0.3548387096774194,0.004541435280679185,0.3020986622073578,Increasing,19.1325,4.900205990568152
101_317,0.17540322580645162,0.16313197866795437,0.1224383301707779,No significant trend,38.311875,3.802847155010967
101_318,0.13306451612903225,0.2918511202475407,0.08406249999999985,No significant trend,29.197499999999998,5.549432966529103
101_319,0.5384615384615384,0.00859504637602404,1.3299999999999994,Increasing,16.34857142857143,7.480936588749965
101_32,0.655241935483871,1.4872514997321673e-07,0.638202614379085,Increasing,24.3365625,6.645659113932473
101_320,0.3971774193548387,0.001480776176757681,0.3414000000000005,Increasing,14.21875,5.2999862912558555
101_321,0.3387096774193548,0.006765990939990862,0.1682236842105263,Increasing,23.98875,2.824450997539168
101_322,0.45564516129032256,0.00026356866715215865,0.29733893557422975,Increasing,17.0634375,4.04282126844531
101_323,0.6854838709677419,3.854806762682017e-08,0.6842647058823529,Increasing,21.7153125,7.296258880573232
101_324,0.036290322580645164,0.7827940862749598,0.01291666666666654,No significant trend,20.1184375,3.6703679221017813
101_325,0.3326612903225806,0.007825712195287604,0.18863636363636357,Increasing,16.4284375,4.213456204067363
101_326,0.5866935483870968,2.5665371479188792e-06,0.37575657894736847,Increasing,25.5146875,4.6359963764377286
101_327,0.7076612903225806,1.38075384459313e-08,0.443605072463768,Increasing,31.2821875,4.626156432703476
101_328,0.7520161290322581,1.6142178704825483e-09,0.7763920454545454,Increasing,22.565625,7.6803145026343165
101_329,0.5,6.18958807825365e-05,0.20116883116883105,Increasing,25.646874999999998,2.4126560020804875
101_33,0.5060483870967742,5.032482653111181e-05,0.4441176470588235,Increasing,25.5775,5.287044306604589
101_330,0.6814516129032258,4.630511263314929e-08,0.32285714285714284,Increasing,16.164375,3.3318594072041816
101_331,-0.28225806451612906,0.02419069629917514,-0.09623931623931627,Decreasing,24.230937500000003,2.0616321801169457
101_332,0.020161290322580645,0.883962377036416,0.00734848484848492,No significant trend,25.01375,2.2229439236067114
101_333,0.35685483870967744,0.004315952098634668,0.2985294117647058,Increasing,25.825312500000003,5.241351796277726
101_334,0.38911290322580644,0.0018484554791731167,0.3562777777777777,Increasing,22.743125,5.86864253762103
101_335,0.22580645161290322,0.07185648599690286,0.11449999999999999,No significant trend,27.278750000000002,3.1912847628345546
101_336,-0.0967741935483871,0.44595658115373604,-0.06435606060606056,No significant trend,17.536875000000002,2.6079163587766767
101_337,0.6290322580645161,4.5753051591823635e-07,0.29282051282051275,Increasing,17.8890625,3.067693921513968
101_338,0.75,1.7844419275547807e-09,0.527442396313364,Increasing,23.0346875,5.3440960322905635
101_339,0.719758064516129,7.784594746595985e-09,0.39892857142857163,Increasing,20.228749999999998,4.684740354331284
101_34,0.8991935483870968,5.340172748447003e-13,0.7944965675057208,Increasing,27.1140625,7.440713952376731
101_340,0.12096774193548387,0.3386829866956895,0.08038461538461537,No significant trend,23.35625,3.8326995626451077
101_341,0.1532258064516129,0.22389580114431484,0.06760489510489495,No significant trend,18.673125,3.3929185790960266
101_342,-0.08064516129032258,0.5270983110287553,-0.048194444444444456,No significant trend,31.3515625,2.778335955854466
101_343,-0.22983870967741934,0.06688303453312439,-0.09538888888888888,No significant trend,20.978125,2.322543645311106
101_344,-0.2862903225806452,0.02222386181408309,-0.14100000000000013,Decreasing,40.1846875,3.2586567251466896
101_345,0.6028225806451613,1.3482705789602534e-06,0.41362318840579737,Increasing,44.10625,4.759777272887882
101_346,-0.47580645161290325,0.0001384805488402474,-0.4281153846153845,Decreasing,45.62375,5.60085470598015
101_347,-0.48185483870967744,0.00011361189113179293,-0.3808928571428573,Decreasing,26.346875,5.090910059544855
101_348,0.4274193548387097,0.0006223743467113074,0.14777777777777779,Increasing,47.6375,2.165666756451694
101_349,-0.2661290322580645,0.03364043981005893,-0.12738866396761137,Decreasing,54.04875,3.6296020356920677
101_35,0.6975806451612904,2.210337290975417e-08,0.7878571428571428,Increasing,22.9521875,7.946396091300995
101_350,0.33064516129032256,0.008210665350528501,0.31720289855072475,Increasing,48.4471875,5.563370288309395
101_351,0.7056451612903226,1.5177737733296226e-08,0.21515942028985507,Increasing,6.295625,2.1798938298401143
101_352,0.1975806451612903,0.11571975521880828,0.10987619047619046,No significant trend,15.5875,3.9302456984264995
101_353,0.3467741935483871,0.005553981920621398,0.5386189258312022,Increasing,47.8059375,6.378133474700397
101_354,0.05241935483870968,0.6851751854528196,0.01594202898550725,No significant trend,23.285625,3.7411570214807877
101_355,0.7258064516129032,5.824971616164021e-09,0.6404545454545459,Increasing,40.357187499999995,6.473667929763137
101_356,0.5362903225806451,1.7284429657316025e-05,0.8654718693284937,Increasing,35.0403125,10.0033961371798
101_357,0.2903225806451613,0.020397595888393294,0.175416666666666,Increasing,47.908125,3.6630208140788656
101_358,0.4314516129032258,0.0005521233561254224,0.3044318181818182,Increasing,45.014687499999994,3.9515977657580175
101_359,0.18548387096774194,0.14002518868117475,0.1473642533936653,No significant trend,33.1059375,4.375808396295906
101_36,0.4435483870967742,0.0003831828637113066,0.3063305322128852,Increasing,28.1675,4.216155683795369
101_360,0.11088709677419355,0.38119941574393534,0.0752922077922078,No significant trend,28.9228125,3.6124128314526494
101_361,0.6794354838709677,5.073125608490159e-08,0.4776339285714286,Increasing,11.7534375,5.026615169136559
101_362,0.6955645161290323,2.4265743192586342e-08,0.736607142857143,Increasing,45.6459375,7.612010599775447
101_363,0.4334677419354839,0.000519836761338599,0.5024999999999995,Increasing,29.12125,7.14680905632017
101_364,-0.17943548387096775,0.15356609546635402,-0.09014285714285715,No significant trend,18.572812499999998,2.3324226063995668
101_365,-0.028225806451612902,0.8330324989520455,-0.0069318181818183375,No significant trend,17.783749999999998,2.0923129396674867
101_366,0.2923387096774194,0.019534580819994485,0.0916666666666667,Increasing,8.033125,2.038379315626756
101_367,0.22379032258064516,0.07445456944820861,0.1161416666666667,No significant trend,10.1553125,3.144534926240087
101_368,0.22379032258064516,0.07445456944820861,0.1146428571428573,No significant trend,19.565312499999997,2.952505275582713
101_369,-0.2963709677419355,0.017903776568633623,-0.12068181818181832,Decreasing,14.17,2.6011187496921395
101_37,0.7298387096774194,4.794858066148322e-09,0.5078842105263157,Increasing,23.820625,5.099533641361237
101_370,0.1532258064516129,0.22389580114431484,0.12211111111111093,No significant trend,26.2015625,3.714258093293161
101_371,-0.03225806451612903,0.8078142165841911,-0.047961538461538375,No significant trend,28.1003125,6.1215987925821915
101_372,-0.18951612903225806,0.13152122240591746,-0.05574074074074077,No significant trend,15.9103125,2.1930251428890988
101_373,0.6693548387096774,7.977093474664798e-08,0.5140625000000001,Increasing,21.690937499999997,5.451381911597623
101_374,-0.3528225806451613,0.00477753751407195,-0.1943749999999999,Decreasing,30.95625,3.406464213447721
101_375,-0.5483870967741935,1.1094687683677051e-05,-0.29965909090909093,Decreasing,20.917187499999997,3.851576166304355
101_376,-0.3911290322580645,0.001749399716013178,-0.36121323529411764,Decreasing,17.1025,6.3421432694318725
101_377,0.29435483870967744,0.018703634813544978,0.5752197802197803,Increasing,21.7028125,9.686746175307979
101_378,0.5,6.18958807825365e-05,0.6386128364389234,Increasing,15.1615625,7.5290819947450265
101_379,0.7237903225806451,6.417795184177066e-09,0.32282051282051294,Increasing,16.055,3.8333658513113513
101_38,0.17943548387096775,0.15356609546635402,0.13616477272727256,No significant trend,19.6159375,3.6366741840717256
101_380,0.4495967741935484,0.000318152821317641,0.2348079877112135,Increasing,22.8128125,3.2966215986739744
101_381,-0.5,6.18958807825365e-05,-0.1600000000000001,Decreasing,21.785312499999996,1.9312042622011143
101_382,-0.25,0.04608393295095614,-0.06999999999999998,Decreasing,12.831875,1.9269769677852921
101_383,0.42338709677419356,0.0007008697006916087,0.34800000000000025,Increasing,59.224375,5.129407822485458
101_384,0.7883064516129032,2.541908905584478e-10,0.8513999999999995,Increasing,58.118125,8.402117827332285
101_385,0.4475806451612903,0.0003385845397056997,0.2040350877192982,Increasing,14.2003125,2.921015966636223
101_386,0.25,0.04608393295095614,0.07576659038901601,Increasing,15.6134375,1.8525347658259343
101_387,0.5282258064516129,2.31113806963279e-05,0.4415999999999999,Increasing,24.1553125,5.634841936766616
101_388,-0.4173387096774194,0.0008360077721334402,-0.16571428571428573,Decreasing,28.5465625,2.3923362135355783
101_389,0.5987903225806451,1.5861008195727777e-06,0.4554125615763547,Increasing,28.923125,5.470320167446783
101_39,0.2963709677419355,0.017903776568633623,0.12485714285714289,Increasing,17.057187499999998,2.5051100704048417
101_390,0.5080645161290323,4.694664237403501e-05,0.381451048951049,Increasing,16.241875,4.9791103858395225
101_391,0.3709677419354839,0.0030012397054521855,0.2446428571428571,Increasing,42.2803125,3.7147051400270996
101_392,0.22379032258064516,0.07445456944820861,0.0644097222222223,No significant trend,39.7378125,1.9363024272679488
101_393,0.09879032258064516,0.4363392795127665,0.10950000000000001,No significant trend,26.0778125,4.681698899955416
101_394,0.5161290322580645,3.546525120357025e-05,0.2885054347826087,Increasing,19.4890625,3.8429548847330683
101_395,-0.22580645161290322,0.07185648599690286,-0.24875000000000055,No significant trend,55.9128125,5.126794340993576
101_396,0.12903225806451613,0.3069529533583135,0.09654040404040387,No significant trend,64.439375,4.566078690668284
101_397,0.0625,0.626617246268595,0.025470085470085564,No significant trend,29.945,2.5510463539496886
101_398,0.6814516129032258,4.630511263314929e-08,0.5004365079365081,Increasing,18.579687500000002,5.626269570269785
101_399,0.4435483870967742,0.0003831828637113066,0.3624545454545455,Increasing,18.6290625,4.948984971293987
101_4,0.34475806451612906,0.00583705710745952,0.20176190476190503,Increasing,52.2328125,3.585917973803047
101_40,0.038306451612903226,0.7703660224129336,0.011833333333333407,No significant trend,15.262812499999999,2.1159265617794367
101_400,0.31451612903225806,0.011952275439924609,0.18140909090909085,Increasing,21.609375,3.205006764325935
101_401,0.6693548387096774,7.977093474664798e-08,0.4336111111111114,Increasing,27.8575,4.577069886947325
101_402,0.45564516129032256,0.00026356866715215865,0.3991457586618876,Increasing,22.6628125,5.165399448720665
101_403,0.37298387096774194,0.002846673252961729,0.22307058823529408,Increasing,30.623437499999998,5.036533784121153
101_404,0.6108870967741935,9.712842008458011e-07,0.4950000000000001,Increasing,34.5196875,5.0626237542744335
101_405,0.028225806451612902,0.8330324989520455,0.004434523809523752,No significant trend,23.095625000000002,2.4989259411545195
101_406,0.5383064516129032,1.606344972238105e-05,0.4028846153846154,Increasing,14.303437500000001,5.098282559705155
101_407,-0.20362903225806453,0.10487931450318722,-0.15174242424242418,No significant trend,19.7153125,5.040042152834017
101_408,-0.8306451612903226,2.6473268022186858e-11,-0.8338888888888891,Decreasing,54.1634375,8.361326752291992
101_409,0.09274193548387097,0.4655488870531288,0.04628289473684223,No significant trend,25.941250000000004,3.2406787001336617
101_41,0.6290322580645161,4.5753051591823635e-07,0.3684615384615384,Increasing,18.044375000000002,4.03749453366503
101_410,-0.46975806451612906,0.00016841374055021063,-0.1992857142857139,Decreasing,30.822499999999998,3.6140360056313767
101_411,-0.719758064516129,7.784594746595985e-09,-0.5365909090909092,Decreasing,27.156875,5.760962071075889
101_412,0.0967741935483871,0.44595658115373604,0.05573578595317727,No significant trend,10.114999999999998,2.969032881259485
101_413,-0.7076612903225806,1.38075384459313e-08,-1.062888888888889,Decreasing,48.8165625,11.407943945277507
101_414,0.6834677419354839,4.225433603011197e-08,0.39784178187403996,Increasing,43.3184375,4.378177495670287
101_415,0.5967741935483871,1.7196589441326182e-06,0.3840656565656564,Increasing,49.4959375,5.018254713652322
101_416,0.5040322580645161,5.3932561817182645e-05,0.298125,Increasing,24.004374999999996,4.227347674295906
101_417,-0.4596774193548387,0.00023219814177166676,-0.5717941176470589,Decreasing,36.33624999999999,6.67361724910112
101_418,-0.3951612903225806,0.001565774864560776,-0.1924,Decreasing,10.610625,3.607131770447955
101_419,-0.1774193548387097,0.15829432695339385,-0.201410256410256,No significant trend,24.97625,5.603677782269426
101_42,0.7620967741935484,9.740654949297323e-10,0.5429545454545455,Increasing,13.985624999999999,5.8023308557316
101_420,-0.06653225806451613,0.6038119971938696,-0.038741176470588196,No significant trend,23.6753125,3.6206663616444623
101_421,0.24596774193548387,0.049740271332769925,0.08041666666666672,Increasing,6.1725,2.2202195837349064
101_422,0.6189516129032258,6.968673158525007e-07,0.9032057416267942,Increasing,16.949687500000003,9.479049096683895
101_423,-0.375,0.0026994076056261473,-0.24702380952380942,Decreasing,23.871249999999996,3.8291927592509625
101_424,-0.14919354838709678,0.2364918152910518,-0.239175824175824,No significant trend,24.479687499999997,7.5058679063346005
101_425,0.5060483870967742,5.032482653111181e-05,0.28005016722408016,Increasing,29.220625,3.665148306600294
101_426,0.48588709677419356,9.944225368752058e-05,0.4402272727272728,Increasing,18.254687500000003,5.644020610552707
101_427,0.4959677419354839,7.096380450022366e-05,0.4433181818181817,Increasing,21.795625,5.296607957870301
101_428,0.028225806451612902,0.8330324989520455,0.037811447811447726,No significant trend,22.0203125,3.657946387981069
101_429,0.07056451612903226,0.581387322246115,0.05817307692307684,No significant trend,15.2428125,2.781843177615113
101_43,-0.6935483870967742,2.6632843708185305e-08,-0.5988615384615383,Decreasing,40.3015625,6.160252688290778
101_430,-0.06653225806451613,0.6038119971938696,-0.0335,No significant trend,10.123750000000001,2.5203196101883587
101_431,0.6370967741935484,3.252720022217659e-07,0.37785560344827596,Increasing,29.45625,4.146941455759896
101_432,-0.2903225806451613,0.020397595888393294,-0.16401601830663617,Decreasing,33.3396875,3.7024556752706372
101_433,0.594758064516129,1.8639903685002679e-06,0.2161469534050179,Increasing,32.259375,2.489076055361708
101_434,-0.21169354838709678,0.09169739408279987,-0.11526153846153847,No significant trend,19.2403125,3.7690064045241085
101_435,-0.657258064516129,1.3616589122911193e-07,-0.44084795321637427,Decreasing,29.895937500000002,4.583121793176977
101_436,0.42943548387096775,0.0005862699970422547,0.20618181818181813,Increasing,13.5984375,3.595605920230101
101_437,0.31451612903225806,0.011952275439924609,0.2699999999999996,Increasing,34.995000000000005,5.584365451866488
101_438,0.5584677419354839,7.614672716593773e-06,0.5002173913043478,Increasing,22.284375,5.857509036217955
101_439,0.7318548387096774,4.348602589132611e-09,0.5433333333333332,Increasing,18.7521875,5.405698806800444
101_44,0.6008064516129032,1.4625443411908634e-06,0.3656818181818182,Increasing,24.486874999999998,4.128475382556496
101_440,0.35685483870967744,0.004315952098634668,0.24991666666666668,Increasing,22.505312500000002,4.560715393701272
101_441,0.5,6.18958807825365e-05,0.3389572192513368,Increasing,28.597812500000003,4.486002350628424
101_442,-0.024193548387096774,0.8584237820523384,-0.014491379310344835,No significant trend,32.940937500000004,2.8482948400918313
101_443,0.1532258064516129,0.22389580114431484,0.07043478260869561,No significant trend,8.729375000000001,2.1498138545871828
101_444,0.125,0.32256351748255696,0.08395622895622898,No significant trend,10.440625,3.494967755126648
101_445,0.532258064516129,1.999674165320542e-05,0.4755576923076924,Increasing,11.0484375,5.579753640044849
101_446,0.5524193548387096,9.551213337788411e-06,0.3544230769230769,Increasing,15.4175,4.34737780161789
101_447,0.3548387096774194,0.004541435280679185,0.14202631578947367,Increasing,15.224062499999999,2.6005959165340835
101_448,0.29435483870967744,0.018703634813544978,0.19965909090909106,Increasing,19.7346875,4.116203487723093
101_449,-0.020161290322580645,0.883962377036416,-0.018711484593837504,No significant trend,15.0915625,3.582409375489316
101_45,0.6330645161290323,3.859708492814917e-07,0.30511035653650254,Increasing,23.105625,3.286459852086284
101_450,0.14516129032258066,0.24958080203971633,0.0721428571428572,No significant trend,19.0615625,2.6929422911740515
101_451,0.09879032258064516,0.4363392795127665,0.07120833333333323,No significant trend,26.3321875,3.70629003719943
101_452,0.6896551724137931,1.6633067945193147e-07,0.3723214285714286,Increasing,6.7637931034482754,4.217117346697209
101_453,-0.12701612903225806,0.314694608207466,-0.045681818181818136,No significant trend,13.861875,1.8583972219025187
101_454,-0.5725806451612904,4.448281224922468e-06,-0.20727941176470588,Decreasing,20.1,2.840126537673982
101_455,-0.03225806451612903,0.8078142165841911,-0.011944444444444388,No significant trend,5.695937499999999,2.575510701024896
101_456,-0.13306451612903225,0.2918511202475407,-0.035961538461538434,No significant trend,8.620000000000001,1.4503706422842404
101_457,0.7439516129032258,2.4068798065712826e-09,0.45257647058823525,Increasing,28.065,4.572619599310662
101_458,0.006048387096774193,0.974126820887897,0.0006000000000000227,No significant trend,30.6971875,5.372743848802374
101_459,0.20161290322580644,0.10839945747110935,0.10499999999999954,No significant trend,32.4625,2.815022202399122
101_46,0.7903225806451613,2.2882273853497281e-10,0.6262745098039214,Increasing,20.418437500000003,6.076822828056924
101_460,0.5181451612903226,3.304303154827437e-05,0.2501923076923077,Increasing,20.956249999999997,3.346150540172991
101_461,0.16330645161290322,0.19452239535329507,0.06742236024844718,No significant trend,9.4215625,2.0713689757244484
101_462,-0.13911290322580644,0.27014929445443236,-0.15397058823529414,No significant trend,22.9396875,5.186739392657371
101_463,0.4153225806451613,0.0008861761949863212,0.2953913043478261,Increasing,22.155625,4.721357019901694
101_464,0.7641129032258065,8.797895745260575e-10,0.8371666666666662,Increasing,32.3725,8.325076951596303
101_465,0.4092741935483871,0.0010539167533933913,0.4138690476190477,Increasing,32.576875,5.65394355599479
101_466,0.11491935483870967,0.36381409836843837,0.05806501547987626,No significant trend,35.0040625,2.6650385308835127
101_467,-0.10483870967741936,0.40821489473295625,-0.11058823529411738,No significant trend,44.7665625,5.829808428121266
101_468,0.25,0.04608393295095614,0.09076923076923073,Increasing,17.435,2.3091868157427196
101_469,0.8306451612903226,2.6473268022186858e-11,0.5897368421052631,Increasing,20.29625,5.458119954480663
101_47,0.12615384615384614,0.37795959996135187,0.07285714285714283,No significant trend,4.726538461538461,2.412622164794805
101_470,0.7076612903225806,1.38075384459313e-08,0.5987500000000001,Increasing,22.0175,6.150929807760774
101_471,0.5685483870967742,5.193307037965056e-06,0.5782518796992482,Increasing,25.7375,7.195112490434044
101_472,0.7560483870967742,1.3199186188472822e-09,0.5112500000000002,Increasing,10.200624999999999,4.8144132154786
101_473,0.1875,0.13572177389937323,0.05996078431372554,No significant trend,22.7425,1.8663852094356086
101_474,0.0020161290322580645,1.0,0.0011363636363636526,No significant trend,18.067500000000003,2.4215039231849285
101_475,-0.4737903225806452,0.00014785185590326932,-0.42247857142857137,Decreasing,20.324062500000004,5.363052337157801
101_476,-0.28024193548387094,0.02522949923076112,-0.15999999999999998,Decreasing,27.0325,3.7571074312561255
101_477,-0.5262096774193549,2.4836775924574894e-05,-0.3810818713450292,Decreasing,35.566874999999996,4.876332149718166
101_478,0.20967741935483872,0.09486107679233946,0.11944444444444446,No significant trend,22.3015625,2.603926253486022
101_479,-0.45564516129032256,0.00026356866715215865,-0.2950999999999999,Decreasing,16.203125,4.5935310747152895
101_48,-0.03225806451612903,0.8078142165841911,-0.016222222222222152,No significant trend,15.909374999999999,3.3660566111363903
101_480,0.024193548387096774,0.8584237820523384,0.035277777777777866,No significant trend,44.38875,7.410540529374359
101_481,0.594758064516129,1.8639903685002679e-06,0.15122499999999997,Increasing,11.7896875,1.7738208836699805
101_482,0.5443548387096774,1.2874583818822671e-05,0.4273051948051949,Increasing,20.5246875,4.993389996019112
101_483,-0.1975806451612903,0.11571975521880828,-0.10629999999999999,No significant trend,8.8946875,3.236100068345191
101_484,0.020161290322580645,0.883962377036416,0.01589225589225596,No significant trend,23.8903125,5.30629960776281
101_485,0.14516129032258066,0.24958080203971633,0.20833333333333348,No significant trend,28.0740625,6.209491152348455
101_486,-0.22580645161290322,0.07185648599690286,-0.08535714285714291,No significant trend,9.813749999999999,2.391978456738271
101_487,-0.25201612903225806,0.04434233973465851,-0.05464285714285716,Decreasing,12.71875,1.4099994459218768
101_488,0.39314516129032256,0.001655245859932375,0.33892857142857136,Increasing,26.956874999999997,6.182786809714128
101_489,0.6108870967741935,9.712842008458011e-07,0.566116666666667,Increasing,63.965937499999995,6.229644281264681
101_49,0.42338709677419356,0.0007008697006916087,0.3759166666666667,Increasing,11.5003125,5.416464185919053
101_490,0.7298387096774194,4.794858066148322e-09,1.033125,Increasing,26.279375,10.587153458761945
101_492,0.3024193548387097,0.015681225244583263,0.13851190476190484,Increasing,10.9175,2.7823371470761766
101_493,-0.4032258064516129,0.0012506303657648932,-0.32721590909090903,Decreasing,34.81,4.489277503117846
101_494,-0.6088709677419355,1.054676987966019e-06,-0.750432692307692,Decreasing,28.660312499999996,8.211812560412211
101_495,0.24193548387096775,0.05363683937977637,0.09086580086580096,No significant trend,19.0871875,2.335449949119816
101_496,0.782258064516129,3.479141419404641e-10,0.6644047619047619,Increasing,22.8003125,6.705690440017623
101_497,0.056451612903225805,0.6614992026619251,0.0413690476190476,No significant trend,36.2721875,3.5857894304941764
101_498,-0.24798387096774194,0.04788277895297388,-0.20616776315789465,Decreasing,29.79375,4.8038849837917645
101_499,0.657258064516129,1.3616589122911193e-07,0.2563621794871795,Increasing,11.479062500000001,2.739293201921574
101_5,0.4112903225806452,0.0009949884229842887,0.24763392857142857,Increasing,16.999375,3.62939125190093
101_50,0.5241935483870968,2.6684265470366952e-05,0.46980769230769226,Increasing,16.0665625,5.556088220015387
101_500,0.07258064516129033,0.5703230029200781,0.03808316430020293,No significant trend,21.870312499999997,2.763781924708198
101_501,-0.5161290322580645,3.546525120357025e-05,-0.2527871148459384,Decreasing,19.151874999999997,3.368045090905851
101_502,0.29838709677419356,0.017134045455555746,0.1675,Increasing,9.338750000000001,3.6084672559827946
101_503,-0.016129032258064516,0.9096221353961886,-0.006458333333333381,No significant trend,37.6396875,5.310457539359838
101_504,0.016129032258064516,0.9096221353961886,0.015666666666666808,No significant trend,29.86625,4.167298097988672
101_505,0.3185483870967742,0.010897045103689385,0.13187500000000002,Increasing,12.73,3.2320107905141655
101_506,-0.12701612903225806,0.314694608207466,-0.10887254901960791,No significant trend,24.3603125,4.164533650643701
101_507,0.5564516129032258,8.214164165520899e-06,0.41585714285714276,Increasing,16.814375,4.8721728581173105
101_508,0.5524193548387096,9.551213337788411e-06,0.2282783882783882,Increasing,21.535625,2.687794097280333
101_509,-0.16330645161290322,0.19452239535329507,-0.10887962962962972,No significant trend,34.38374999999999,3.292903116931927
101_51,0.24596774193548387,0.049740271332769925,0.2270238095238093,Increasing,38.169375,4.634516518405668
101_510,0.40524193548387094,0.0011815761851263762,0.3110666666666666,Increasing,21.3665625,4.461868029042741
101_511,-0.0846774193548387,0.5061307168657696,-0.02500000000000023,No significant trend,18.568125,2.9418939876166514
101_512,-0.31048387096774194,0.013097125487301797,-0.20165384615384613,Decreasing,24.839687499999997,3.4610624130956884
101_513,0.41935483870967744,0.0007884847400962958,0.5256605351170569,Increasing,14.639062500000001,6.955634118906324
101_514,-0.04435483870967742,0.7334457521953335,-0.02641608391608398,No significant trend,29.706249999999997,3.233021757968851
101_515,0.3870967741935484,0.0019526409550858492,0.2590476190476191,Increasing,16.7096875,4.110715026287246
101_516,0.45564516129032256,0.00026356866715215865,0.17322916666666666,Increasing,8.9578125,2.472323975502351
101_517,0.18346774193548387,0.1444328264537258,0.08111111111111126,No significant trend,17.216875,3.3013211725572837
101_518,0.6411290322580645,2.738397213430943e-07,0.7810416666666666,Increasing,30.771875,8.205860115452554
101_519,0.717741935483871,8.570263387852606e-09,1.2341666666666669,Increasing,23.2375,10.473818549125243
101_52,0.6612903225806451,1.140522314369008e-07,0.3951470588235294,Increasing,16.481875000000002,4.420003844384641
101_520,0.6754032258064516,6.084656289928603e-08,0.45336134453781507,Increasing,25.4025,4.717731843799518
101_521,0.5282258064516129,2.31113806963279e-05,0.27707407407407414,Increasing,14.0328125,3.3031190131213486
101_522,0.08669354838709678,0.49581389166704337,0.01780193236714977,No significant trend,16.7771875,1.6415184174549335
101_523,0.43951612903225806,0.0004332251570231538,0.3013888888888888,Increasing,26.0434375,4.093723556689405
101_524,0.6008064516129032,1.4625443411908634e-06,0.24232142857142852,Increasing,19.534375,3.095089798273226
101_525,0.45161290322580644,0.00029887973345732455,0.33718750000000003,Increasing,13.3134375,5.012045870559621
101_526,0.842741935483871,1.3585577107733116e-11,0.5358,Increasing,11.587499999999999,5.261761824712328
101_527,0.7862903225806451,2.8229885096209273e-10,0.7678125,Increasing,39.220312500000006,7.4240199203223955
101_528,0.7459677419354839,2.178956348686256e-09,0.43760714285714286,Increasing,24.720625000000002,4.593019117026947
101_53,0.31048387096774194,0.013097125487301797,0.25130434782608696,Increasing,21.46125,5.261557368070788
101_530,0.10080645161290322,0.42684260879570113,0.11622222222222207,No significant trend,22.744999999999997,5.109637340359882
101_531,0.6209677419354839,6.409512869343104e-07,0.19817813765182196,Increasing,27.1959375,2.3951824817941847
101_532,0.07459677419354839,0.5593600509011936,0.038948863636363656,No significant trend,15.0034375,3.3022289909383553
101_533,-0.16733870967741934,0.18360093287848422,-0.05249999999999999,No significant trend,14.1203125,1.7912033043023758
101_534,0.594758064516129,1.8639903685002679e-06,0.8162500000000001,Increasing,30.415937500000002,9.013530405512247
101_535,0.18951612903225806,0.13152122240591746,0.09715488215488219,No significant trend,21.6528125,3.4415096926848467
101_536,-0.25806451612903225,0.03944736533784576,-0.19663009404388732,Decreasing,36.6265625,4.891319868766891
101_537,0.5987903225806451,1.5861008195727777e-06,0.5908097165991903,Increasing,32.966875,6.711095494356715
101_538,0.7137096774193549,1.0379506365509883e-08,0.6933333333333335,Increasing,23.64375,7.693958161278238
101_539,0.4314516129032258,0.0005521233561254224,0.7131875000000002,Increasing,40.248125,8.539089690029904
101_54,-0.14516129032258066,0.24958080203971633,-0.1024801587301587,No significant trend,30.730937500000003,5.1789739327490105
101_540,0.4475806451612903,0.0003385845397056997,0.1592105263157895,Increasing,26.752499999999998,2.8741574852467635
101_541,0.532258064516129,1.999674165320542e-05,0.6275000000000001,Increasing,30.143437499999997,7.3386828728726075
101_542,0.4475806451612903,0.0003385845397056997,0.6266590909090909,Increasing,23.8015625,8.421028036029433
101_543,0.6693548387096774,7.977093474664798e-08,0.48676851851851854,Increasing,19.47625,5.002220600643279
101_544,0.6693548387096774,7.977093474664798e-08,0.6590624999999999,Increasing,30.498124999999998,6.991296570334789
101_545,0.5,6.18958807825365e-05,0.5017448275862069,Increasing,12.939374999999998,6.47520073892501
101_546,0.5725806451612904,4.448281224922468e-06,0.28236363636363637,Increasing,20.7253125,3.6050623992302477
101_547,0.7540322580645161,1.4598573461199749e-09,0.4205,Increasing,18.839687500000004,4.470226842940272
101_548,0.5483870967741935,1.1094687683677051e-05,0.372,Increasing,14.5375,4.582791180056102
101_549,0.5060483870967742,5.032482653111181e-05,0.2572321428571429,Increasing,24.2796875,3.1462909556084844
101_55,-0.6444444444444445,0.01226606138621289,-0.027499999999999997,Decreasing,0.716,0.10229369482035537
101_550,0.3588709677419355,0.004100666980662471,0.24104166666666677,Increasing,17.125625,3.6649573134451376
101_551,0.48588709677419356,9.944225368752058e-05,0.3982120051085568,Increasing,11.8440625,4.797124698305616
101_552,0.6149193548387096,8.23131043548031e-07,0.26641876430205946,Increasing,8.829687499999999,3.1771936165968464
101_553,-0.4495967741935484,0.000318152821317641,-0.21344086021505362,Decreasing,19.228125,3.0566785870246482
101_554,0.6290322580645161,4.5753051591823635e-07,0.5074611801242237,Increasing,12.59,5.665826837276268
101_555,0.7923387096774194,2.0593349248088089e-10,0.6324305555555556,Increasing,19.082187500000003,6.143970995198769
101_556,-0.6935483870967742,2.6632843708185305e-08,-0.48557777777777766,Decreasing,42.108125,4.81593087931866
101_557,-0.4032258064516129,0.0012506303657648932,-0.33427272727272705,Decreasing,33.0021875,4.807481626573704
101_558,0.7016129032258065,1.832546869806606e-08,0.509999999999999,Increasing,24.786562500000002,5.24075651109587
101_559,0.3528225806451613,0.00477753751407195,0.3465686274509805,Increasing,26.906875,4.656384352088539
101_56,0.6592741935483871,1.246354144335271e-07,0.2678333333333333,Increasing,22.285,3.1473351823407687
101_560,0.5,6.18958807825365e-05,0.2344565217391305,Increasing,12.3921875,3.116616489054075
101_561,0.3951612903225806,0.001565774864560776,0.15757575757575773,Increasing,16.3425,2.668896073285732
101_562,0.5463709677419355,1.1953055304658733e-05,0.2846727272727272,Increasing,11.63375,3.3594305227969814
101_563,0.04233870967741935,0.7456889190979843,0.012873563218390862,No significant trend,20.514999999999997,2.92899833560895
101_564,0.036290322580645164,0.7827940862749598,0.022533333333333398,No significant trend,17.920312499999998,3.970476580631568
101_565,0.657258064516129,1.3616589122911193e-07,0.6802380952380953,Increasing,19.909374999999997,7.074928417261549
101_566,0.07056451612903226,0.581387322246115,0.037458333333333343,No significant trend,32.97625,2.5411387088272064
101_567,0.5483870967741935,1.1094687683677051e-05,0.23958333333333331,Increasing,11.17,2.6755560169803956
101_568,0.19556451612903225,0.11952284590988049,0.09119047619047624,No significant trend,13.85875,2.6865728051739075
101_569,0.2399193548387097,0.05567876996846799,0.09982142857142852,No significant trend,12.313125,3.308613226772661
101_57,0.5120967741935484,4.0824601233779845e-05,0.30802083333333347,Increasing,22.0075,4.331437405758047
101_570,-0.3528225806451613,0.00477753751407195,-0.19267857142857153,Decreasing,16.2153125,3.546926472644133
101_571,-0.15725806451612903,0.21178693551335703,-0.038285714285714284,No significant trend,6.919062499999999,1.5214556339551115
101_572,0.6854838709677419,3.854806762682017e-08,0.48851315789473687,Increasing,10.0471875,5.200678582150963
101_573,0.5645161290322581,6.056982383206844e-06,0.3872727272727272,Increasing,18.58,4.867153942500689
101_574,-0.16344086021505377,0.2024043739887733,-0.05642857142857143,No significant trend,5.159677419354838,2.2349907755759237
101_575,0.5967741935483871,1.7196589441326182e-06,0.7851470588235295,Increasing,32.1425,8.493274177253435
101_576,0.07258064516129033,0.5703230029200781,0.031249999999999882,No significant trend,46.8171875,2.8516620530567343
101_577,0.5584677419354839,7.614672716593773e-06,0.616235294117647,Increasing,13.191875,6.973240117361153
101_578,0.3064516129032258,0.014337900827245509,0.30073122529644286,Increasing,34.4490625,4.965764895370476
101_579,0.6391129032258065,2.984879994283318e-07,0.33685064935064934,Increasing,31.6728125,4.059601453941476
101_58,0.1774193548387097,0.15829432695339385,0.10000000000000007,No significant trend,34.3075,3.9272581084008213
101_580,0.13709677419354838,0.27725679757119037,0.25758116883116877,No significant trend,37.325625,7.722116345884397
101_581,-0.6491935483870968,1.934942726045108e-07,-0.710375,Decreasing,37.785624999999996,7.366530279539682
101_582,0.34274193548387094,0.0061330741504750375,0.2643518518518518,Increasing,28.7809375,3.710599984651236
101_583,0.5403225806451613,1.4924957946416129e-05,0.5789583333333334,Increasing,35.465625,6.876206683875565
101_584,0.6955645161290323,2.4265743192586342e-08,0.6512142857142855,Increasing,31.9625,6.840898606908306
101_585,0.016129032258064516,0.9096221353961886,0.017800000000000208,No significant trend,40.0278125,3.6450580708465745
101_586,0.7701612903225806,6.472633540255401e-10,0.6898823529411766,Increasing,34.4278125,6.942295520203944
101_587,0.5201612903225806,3.077850744093169e-05,0.47274358974358965,Increasing,40.179375,6.283479299669492
101_588,0.7116935483870968,1.1418290979392509e-08,0.7503571428571427,Increasing,40.0471875,7.704023800251642
101_589,0.4798387096774194,0.0001213912313333676,0.3401587301587301,Increasing,32.6040625,4.68624373790926
101_59,0.4879032258064516,9.2999707930419e-05,0.16240740740740744,Increasing,8.4821875,2.94497319000424
101_590,0.5645161290322581,6.056982383206844e-06,0.22639393939393931,Increasing,23.6878125,2.67647124771475
101_591,0.5705645161290323,4.806988263883483e-06,0.6435416666666667,Increasing,41.205,7.347912543709267
101_592,0.5403225806451613,1.4924957946416129e-05,0.5438461538461539,Increasing,35.748125,6.801301547084573
101_593,0.8508064516129032,8.663292305755022e-12,1.0465277777777775,Increasing,42.654062499999995,10.258299645706094
101_594,-0.21774193548387097,0.08271238344821374,-0.21918181818181826,No significant trend,36.696250000000006,4.915959818540018
101_595,-0.23790322580645162,0.05778505532796996,-0.1370758620689655,No significant trend,16.3940625,3.9989716329443685
101_596,-0.0846774193548387,0.5061307168657696,-0.09175000000000014,No significant trend,19.6975,4.760294765032938
101_597,0.5967741935483871,1.7196589441326182e-06,0.6483333333333334,Increasing,26.1525,7.269738647296752
101_598,-0.07258064516129033,0.5703230029200781,-0.040714285714285633,No significant trend,30.8090625,2.8081670616424783
101_599,-0.0020161290322580645,1.0,-0.003888888888888905,No significant trend,21.614375000000003,3.620094040128654
101_6,0.15725806451612903,0.21178693551335703,0.08598039215686269,No significant trend,11.0946875,2.709388750685983
101_60,0.3467741935483871,0.005553981920621398,0.1486666666666666,Increasing,8.6321875,2.3675920446402396
101_600,0.7237903225806451,6.417795184177066e-09,0.42895238095238086,Increasing,23.77125,4.261064824371956
101_601,-0.15725806451612903,0.21178693551335703,-0.10624999999999996,No significant trend,26.30375,3.593600866470844
101_602,0.7439516129032258,2.4068798065712826e-09,0.9012878787878789,Increasing,58.2078125,9.453591161026784
101_603,0.5383064516129032,1.606344972238105e-05,0.3603571428571438,Increasing,30.80875,4.243600881032523
101_604,0.2721774193548387,0.029779962111063263,0.2386904761904763,Increasing,35.551874999999995,4.945712434460277
101_605,0.20362903225806453,0.10487931450318722,0.13034722222222236,No significant trend,20.374375,3.5831750388970676
101_606,-0.3467741935483871,0.005553981920621398,-0.3339545454545454,Decreasing,21.7178125,4.800892973171111
101_607,0.016129032258064516,0.9096221353961886,0.017857142857142953,No significant trend,32.31625,3.980672642594465
101_608,0.1814516129032258,0.14894602437860582,0.1353571428571429,No significant trend,8.059375,4.036693369501206
101_609,0.6068548387096774,1.1449388537254634e-06,0.2234821428571428,Increasing,28.945625,2.689014616802036
101_61,-0.028225806451612902,0.8330324989520455,-0.01659090909090918,No significant trend,55.667500000000004,3.497083606378321
101_610,0.2620967741935484,0.03644545316257175,0.19404761904761902,Increasing,18.919062500000003,3.4476770797297345
101_611,-0.26411290322580644,0.035018975923764684,-0.15283333333333332,Decreasing,23.315937499999997,3.418224922542949
101_612,0.6169354838709677,7.574687868050489e-07,0.19950000000000004,Increasing,15.865312500000002,2.2532615033199654
101_613,0.4838709677419355,0.00010630450788085,0.311147342995169,Increasing,24.6225,4.759007906066137
101_614,0.05040322580645161,0.697131994304151,0.060449999999999976,No significant trend,38.11875,5.368962743165573
101_615,0.6491935483870968,1.934942726045108e-07,0.40116666666666667,Increasing,18.970937499999998,4.403905482193476
101_616,0.31451612903225806,0.011952275439924609,0.17919999999999986,Increasing,18.103125,2.7776883796378242
101_617,-0.3487903225806452,0.005283353948143166,-0.15640740740740733,Decreasing,26.63375,2.544046665747309
101_618,0.5564516129032258,8.214164165520899e-06,0.6907478632478634,Increasing,20.1803125,7.555899385734549
101_619,0.6673387096774194,8.7262118642073e-08,0.3643750000000001,Increasing,27.379062500000003,3.961684742138596
101_62,-0.008064516129032258,0.9611987334080325,-0.006222222222222485,No significant trend,45.820625,6.928725503970771
101_620,-0.3951612903225806,0.001565774864560776,-0.273339160839161,Decreasing,42.08,4.813592733084094
101_621,0.5625,6.538795176869172e-06,0.7186931818181819,Increasing,20.7078125,7.874098652534381
101_622,0.5725806451612904,4.448281224922468e-06,0.46588888888888896,Increasing,25.86,5.275793779138833
101_623,0.7560483870967742,1.3199186188472822e-09,0.669736842105263,Increasing,24.4296875,6.470661907976938
101_624,0.6008064516129032,1.4625443411908634e-06,0.27911184210526324,Increasing,24.501562500000002,3.1852012391046425
101_625,0.7419354838709677,2.657962294705385e-09,0.7125000000000001,Increasing,18.4615625,6.780360015042988
101_626,-0.3084677419354839,0.013705116027189268,-0.14958333333333346,Decreasing,44.466562499999995,3.145056248875964
101_627,-0.5241935483870968,2.6684265470366952e-05,-0.5467763157894738,Decreasing,47.76125,7.872276016978826
101_628,0.6794354838709677,5.073125608490159e-08,0.6678363636363636,Increasing,33.873437499999994,6.930800192517005
101_629,-0.4899193548387097,8.695279080095375e-05,-0.22150793650793654,Decreasing,48.2484375,2.8658704059314593
101_63,-0.4153225806451613,0.0008861761949863212,-0.41083333333333305,Decreasing,55.832499999999996,5.534424089279752
101_630,0.48185483870967744,0.00011361189113179293,0.3257647058823529,Increasing,13.80125,4.341905363719942
101_631,0.05443548387096774,0.6732967251102686,0.047151702786377786,No significant trend,39.8565625,4.303302953382872
101_632,0.11290322580645161,0.37244389624576013,0.027535714285714295,No significant trend,5.854375,2.0164199982580513
101_633,0.020161290322580645,0.883962377036416,0.023962848297213606,No significant trend,23.770000000000003,3.5234553353207128
101_634,0.4213709677419355,0.0007434794433867076,0.3981944444444447,Increasing,18.2240625,5.313727422543778
101_635,0.17137096774193547,0.173140435185424,0.14888888888888893,No significant trend,52.7240625,3.8907549551589287
101_636,-0.2056451612903226,0.1014505333614959,-0.12916666666666626,No significant trend,46.123125,3.28050437956955
101_637,0.610752688172043,1.5094086633915538e-06,0.34400000000000003,Increasing,6.256451612903226,4.032066266406214
101_638,0.018145161290322582,0.8967787608516904,0.012400000000000026,No significant trend,13.809999999999999,2.9322037361002047
101_639,-0.20766129032258066,0.0981116209814683,-0.23298076923076913,No significant trend,39.58125,5.446034537854126
101_64,0.4375,0.0004604747348062599,0.3857685185185185,Increasing,55.7446875,5.020974123847259
101_640,0.7096774193548387,1.2557821005287906e-08,0.262554347826087,Increasing,24.438125,2.8280950274654844
101_641,0.6330645161290323,3.859708492814917e-07,0.49107954545454535,Increasing,43.6578125,6.281670127429786
101_642,-0.12903225806451613,0.3069529533583135,-0.06698051948051936,No significant trend,44.466562499999995,2.785777056512913
101_643,0.36693548387096775,0.0033335638107387933,0.35634615384615376,Increasing,25.386249999999997,5.7336156513582255
101_644,0.4798387096774194,0.0001213912313333676,0.16132142857142856,Increasing,12.389375000000001,2.2598699319595807
101_645,0.42943548387096775,0.0005862699970422547,0.4866666666666668,Increasing,31.04875,7.07980170537989
101_646,0.717741935483871,8.570263387852606e-09,0.5221111111111112,Increasing,23.4409375,5.314722099611018
101_647,0.49798387096774194,6.628324270452346e-05,0.3069523809523811,Increasing,33.5553125,3.844077412376571
101_648,-0.2963709677419355,0.017903776568633623,-0.15694444444444422,Decreasing,45.233125,3.317861168640876
101_649,0.10483870967741936,0.40821489473295625,0.03339285714285743,No significant trend,60.84,2.4631344360387644
101_65,-0.2540322580645161,0.04265662043840912,-0.17090909090909098,Decreasing,55.6621875,3.4877183931395246
101_650,0.10887096774193548,0.3900801527621489,0.09496428571428574,No significant trend,21.253437499999997,2.986279676887908
101_651,0.4112903225806452,0.0009949884229842887,0.24184210526315794,Increasing,24.8840625,3.44290834485813
101_652,0.6129032258064516,8.942580020931956e-07,0.5473529411764708,Increasing,36.836875000000006,6.051474736324609
101_653,-0.5080645161290323,4.694664237403501e-05,-0.54325,Decreasing,27.939687499999998,7.031884742182834
101_654,0.05040322580645161,0.697131994304151,0.026148148148148066,No significant trend,21.8353125,3.468499301188303
101_655,0.5564516129032258,8.214164165520899e-06,0.7411666666666665,Increasing,36.7603125,8.033668015131305
101_656,0.6189516129032258,6.968673158525007e-07,0.5533333333333331,Increasing,28.375,6.997094932898937
101_657,-0.12903225806451613,0.3069529533583135,-0.08159482758620668,No significant trend,27.2675,2.947911336862084
101_658,0.7983870967741935,1.4987833196755673e-10,0.8880306905370843,Increasing,31.8971875,8.588475284638347
101_659,0.18951612903225806,0.13152122240591746,0.11562500000000009,No significant trend,53.618437500000006,3.8059099678780823
101_66,0.7379032258064516,3.238943557803964e-09,0.5109999999999999,Increasing,61.985625,5.07176370795949
101_660,0.6290322580645161,4.5753051591823635e-07,0.5886956521739131,Increasing,24.949375,6.399122467915035
101_661,0.19153225806451613,0.12742215355314657,0.09245215311004784,No significant trend,14.2275,3.1112638107367236
101_662,0.4435483870967742,0.0003831828637113066,0.4094868421052631,Increasing,29.088749999999997,5.773483973087654
101_663,0.04435483870967742,0.7334457521953335,0.019337121212121146,No significant trend,22.896875,2.568678450950021
101_664,0.10887096774193548,0.3900801527621489,0.09250000000000008,No significant trend,29.959375,4.767484227490952
101_665,0.530241935483871,2.1500434668642043e-05,0.38765384615384624,Increasing,28.783749999999998,4.9518498752991285
101_666,0.7701612903225806,6.472633540255401e-10,0.6596666666666666,Increasing,32.68,6.499727398129863
101_667,0.5241935483870968,2.6684265470366952e-05,0.39503836317135554,Increasing,19.354062499999998,4.870786550557697
101_668,0.2620967741935484,0.03644545316257175,0.4045833333333334,Increasing,22.710625,8.11478201243724
101_669,-0.08064516129032258,0.5270983110287553,-0.07609999999999964,No significant trend,26.4,4.219162387251763
101_67,-0.5806451612903226,3.253640496581056e-06,-0.5521666666666667,Decreasing,39.195625,6.692986038337074
101_670,0.7782258064516129,4.2833958602273015e-10,0.5115476190476194,Increasing,30.583437500000002,4.953207047822022
101_671,0.7701612903225806,6.472633540255401e-10,0.758046218487395,Increasing,19.7975,7.335862253341457
101_672,0.5201612903225806,3.077850744093169e-05,0.4839723320158102,Increasing,20.4434375,5.503990943723813
101_673,0.6471774193548387,2.1112575954163049e-07,0.3548571428571429,Increasing,18.4134375,4.029622818402952
101_674,0.592741935483871,2.019923096563403e-06,0.35417391304347823,Increasing,34.380624999999995,4.586173471356594
101_675,0.7741935483870968,5.268148139947471e-10,0.6201719576719577,Increasing,19.4071875,6.44879360538417
101_676,0.4153225806451613,0.0008861761949863212,0.2647499999999998,Increasing,26.050624999999997,3.3571555459011724
101_677,0.4153225806451613,0.0008861761949863212,0.37775000000000014,Increasing,29.059375,5.6257232521139
101_678,0.3971774193548387,0.001480776176757681,0.2552272727272727,Increasing,17.734375,4.565273771568908
101_679,0.5100806451612904,4.378423530448927e-05,0.5055512820512822,Increasing,33.283125,5.779200548897313
101_68,0.40725806451612906,0.0011160599546666816,0.14320833333333338,Increasing,15.529687500000001,2.3231773559811892
101_680,0.37298387096774194,0.002846673252961729,0.19489177489177495,Increasing,10.019375,3.615471906871218
101_681,0.038306451612903226,0.7703660224129336,0.031500000000000125,No significant trend,29.5525,4.152462371894536
101_682,0.4596774193548387,0.00023219814177166676,0.45819169960474315,Increasing,16.490625,5.907158230433226
101_683,0.13709677419354838,0.27725679757119037,0.04104278074866305,No significant trend,15.71875,1.7777966524605675
101_684,0.657258064516129,1.3616589122911193e-07,0.4533333333333333,Increasing,13.427187499999999,4.8584907857115205
101_685,0.5725806451612904,4.448281224922468e-06,0.7148045977011495,Increasing,26.656562500000003,8.377753506077495
101_686,0.657258064516129,1.3616589122911193e-07,0.8693212669683257,Increasing,26.714375,8.986217897946554
101_687,0.5524193548387096,9.551213337788411e-06,0.9073684210526316,Increasing,19.9165625,10.100573192081416
101_688,0.717741935483871,8.570263387852606e-09,0.7073380566801619,Increasing,15.576875000000001,7.341904315937045
101_689,0.6733870967741935,6.661159712706421e-08,0.6102046783625731,Increasing,13.863125,6.126710188541237
101_69,-0.14112903225806453,0.2631677566593238,-0.09673333333333323,No significant trend,56.416875,4.563118066013085
101_690,0.47580645161290325,0.0001384805488402474,0.45925000000000005,Increasing,17.1553125,5.5198222256105085
101_691,0.7862903225806451,2.8229885096209273e-10,0.6793749999999998,Increasing,19.3125,6.616121881434773
101_692,0.7943548387096774,1.8528600875811208e-10,0.7883333333333332,Increasing,24.393125,7.581572411734587
101_693,0.4657258064516129,0.0001916438218019234,0.45365740740740745,Increasing,24.441875,6.178053616178399
101_694,0.6875,3.5157899258564385e-08,0.4604545454545459,Increasing,33.71125,5.083466306320914
101_695,-0.18548387096774194,0.14002518868117475,-0.12011428571428587,No significant trend,25.920312499999998,3.000385896404619
101_696,0.5282258064516129,2.31113806963279e-05,0.5471130952380951,Increasing,31.371562500000003,6.547589780491272
101_697,0.26814516129032256,0.03230858389449276,0.16622171945701353,Increasing,26.128125,5.000498998537546
101_698,0.20362903225806453,0.10487931450318722,0.11262499999999998,No significant trend,30.2184375,2.9788044050581353
101_699,-0.1975806451612903,0.11571975521880828,-0.12693181818181798,No significant trend,48.188125,2.98672734516812
101_7,0.6693548387096774,7.977093474664798e-08,0.41811304347826095,Increasing,29.210625,4.45095420773737
101_70,0.6310483870967742,4.2028371116664687e-07,0.5815090909090909,Increasing,55.1271875,6.146958716702411
101_700,-0.5967741935483871,1.7196589441326182e-06,-0.5951923076923074,Decreasing,48.300312500000004,6.244896658660073
101_701,0.15524193548387097,0.21778086979766753,0.09291228070175449,No significant trend,61.580937500000005,3.99638927609583
101_702,-0.2963709677419355,0.017903776568633623,-0.1302500000000001,Decreasing,57.4940625,3.4369780143454145
101_703,0.05241935483870968,0.6851751854528196,0.016999999999999224,No significant trend,41.3503125,2.469702011851582
101_704,0.8508064516129032,8.663292305755022e-12,0.678452380952381,Increasing,35.861875,6.357492350319817
101_705,-0.3467741935483871,0.005553981920621398,-0.24246963562753038,Decreasing,26.6453125,4.17565263190603
101_706,-0.5161290322580645,3.546525120357025e-05,-0.5169117647058826,Decreasing,52.15375,5.430202430618954
101_707,-0.3004032258064516,0.016393501482819373,-0.1845370370370371,Decreasing,42.455000000000005,3.4280634110237806
101_708,-0.40524193548387094,0.0011815761851263762,-0.43893518518518526,Decreasing,26.184687500000003,7.2043255168227756
101_709,0.7016129032258065,1.832546869806606e-08,0.7199999999999995,Increasing,29.6875,7.438601178985199
101_71,0.28830645161290325,0.021293682001457093,0.12319930069930074,Increasing,16.0146875,3.1128523740042264
101_710,0.6612903225806451,1.140522314369008e-07,0.467638888888889,Increasing,14.0009375,4.861512341452374
101_711,0.5463709677419355,1.1953055304658733e-05,0.7518181818181818,Increasing,30.5946875,8.379635278599167
101_712,0.7358870967741935,3.574073925705079e-09,0.6750757575757576,Increasing,30.985625,6.6720316140868965
101_713,0.40725806451612906,0.0011160599546666816,0.2646666666666666,Increasing,35.6096875,3.891878952041514
101_714,0.6592741935483871,1.246354144335271e-07,0.5895238095238093,Increasing,20.18125,6.488162177188546
101_715,0.4112903225806452,0.0009949884229842887,0.3071052631578946,Increasing,34.93,4.2405195731183705
101_716,0.6491935483870968,1.934942726045108e-07,0.40800000000000003,Increasing,38.6425,4.7751498667581105
101_717,0.7056451612903226,1.5177737733296226e-08,0.5133333333333336,Increasing,28.8825,5.374296465585053
101_718,0.7419354838709677,2.657962294705385e-09,0.6722619047619047,Increasing,32.4578125,6.476921401394628
101_719,0.4274193548387097,0.0006223743467113074,0.22333333333333327,Increasing,42.4775,4.154420838095246
101_72,0.6955645161290323,2.4265743192586342e-08,0.5958260869565217,Increasing,12.7971875,5.959735330939097
101_720,0.6975806451612904,2.210337290975417e-08,0.845,Increasing,26.32875,8.789405821072322
101_721,0.6310483870967742,4.2028371116664687e-07,0.47130263157894725,Increasing,29.147187499999998,5.18507849167626
101_722,0.6612903225806451,1.140522314369008e-07,0.5692355889724311,Increasing,33.3959375,5.878767865896199
101_723,0.7096774193548387,1.2557821005287906e-08,0.47442307692307706,Increasing,30.609687499999996,5.015452051145913
101_724,0.33064516129032256,0.008210665350528501,0.26380952380952377,Increasing,40.69875,4.998490240812719
101_725,0.5987903225806451,1.5861008195727777e-06,0.7375258620689655,Increasing,35.99375,7.664118813503611
101_726,0.8245967741935484,3.682676386063122e-11,0.636666666666666,Increasing,42.543437499999996,6.011409261445585
101_727,0.8064516129032258,9.776668363770114e-11,0.5248076923076925,Increasing,39.0321875,4.953868270336198
101_728,0.7741935483870968,5.268148139947471e-10,0.9534469696969695,Increasing,49.13875,9.251857837077914
101_729,0.7056451612903226,1.5177737733296226e-08,0.5450865800865801,Increasing,36.279687499999994,5.638888124208863
101_73,0.24798387096774194,0.04788277895297388,0.13812678062678063,Increasing,55.792812500000004,4.607267516092781
101_730,0.7056451612903226,1.5177737733296226e-08,0.5420555555555555,Increasing,26.5575,6.235414481010865
101_731,0.6149193548387096,8.23131043548031e-07,0.43280303030303036,Increasing,34.613125,5.510054694317925
101_732,0.8064516129032258,9.776668363770114e-11,0.7899506578947368,Increasing,31.7575,7.790571224242803
101_733,0.8205645161290323,4.583267099178556e-11,0.867777777777778,Increasing,20.3128125,8.450720470163699
101_734,0.5241935483870968,2.6684265470366952e-05,0.7587500000000005,Increasing,48.06750000000001,7.8900621828981805
101_735,0.6875,3.5157899258564385e-08,0.8660454545454546,Increasing,33.613125000000004,8.776722565079462
101_736,0.5725806451612904,4.448281224922468e-06,0.41933794466403174,Increasing,37.1075,4.880832408513942
101_737,-0.036290322580645164,0.7827940862749598,-0.03229310344827584,No significant trend,22.883125,3.39910138630418
101_738,-0.22379032258064516,0.07445456944820861,-0.14916666666666653,No significant trend,24.3365625,4.310135300497393
101_739,-0.4415322580645161,0.0004074870138988107,-0.3145,Decreasing,19.38625,5.096260117723585
101_74,0.0846774193548387,0.5061307168657696,0.04565789473684204,No significant trend,26.3896875,3.2807368497555163
101_740,0.4475806451612903,0.0003385845397056997,0.2480714285714286,Increasing,14.8484375,2.984404368310995
101_741,0.04032258064516129,0.757996646747342,0.025583333333333277,No significant trend,29.4775,3.218605093825585
101_742,0.2762096774193548,0.027423400237828188,0.09637566137566125,Increasing,17.766875,2.668526556805272
101_743,0.4838709677419355,0.00010630450788085,0.4172888888888894,Increasing,62.153125,5.223964273841753
101_744,0.7157258064516129,9.432809422449395e-09,0.6378125,Increasing,15.7746875,6.392647135760252
101_745,0.6391129032258065,2.984879994283318e-07,0.47121323529411785,Increasing,35.870625,5.5642373340265605
101_746,0.7520161290322581,1.6142178704825483e-09,0.42052989130434787,Increasing,22.388125000000002,4.297993309019337
101_747,0.5403225806451613,1.4924957946416129e-05,0.769444444444445,Increasing,54.260000000000005,8.553279341866487
101_748,0.7217741935483871,7.0691399400857335e-09,0.5071394230769228,Increasing,35.6940625,5.526481622252421
101_749,0.6189516129032258,6.968673158525007e-07,0.5395739348370927,Increasing,13.04625,6.007328207073424
101_75,0.25,0.04608393295095614,0.12554347826086953,Increasing,46.02375,3.6869311001834575
101_750,0.8286290322580645,2.956013211985464e-11,0.8114347826086956,Increasing,32.675,8.279737692101122
101_751,-0.8225806451612904,4.108913209677212e-11,-0.6799999999999999,Decreasing,35.504374999999996,6.909055171249901
101_752,-0.6229838709677419,5.893720071981079e-07,-0.8065277777777778,Decreasing,37.779062499999995,8.568900658549715
101_753,0.3346774193548387,0.0074570078953755115,0.4153174603174603,Increasing,27.80375,6.413033968996266
101_754,0.1532258064516129,0.22389580114431484,0.06433035714285712,No significant trend,19.8034375,2.23421771736636
101_755,0.29838709677419356,0.017134045455555746,0.14020833333333366,Increasing,10.6371875,2.7001403139177325
101_756,0.4523076923076923,0.0012905793298498835,0.31000000000000005,Increasing,6.666923076923077,3.635220625227971
101_757,-0.19153225806451613,0.12742215355314657,-0.10982142857142843,No significant trend,28.4384375,3.086568796186754
101_758,0.15120967741935484,0.23013253179706616,0.13688275862068966,No significant trend,20.105312499999997,4.41054842421481
101_759,-0.1028225806451613,0.4174675215832093,-0.08055555555555557,No significant trend,18.13125,4.023647870713838
101_76,0.4879032258064516,9.2999707930419e-05,0.2725000000000004,Increasing,32.6721875,4.04165323102363
101_760,0.717741935483871,8.570263387852606e-09,0.4962946428571431,Increasing,22.744687499999998,4.9772990820668745
101_761,-0.1875,0.13572177389937323,-0.49305491990846684,No significant trend,57.371874999999996,11.419803916196415
101_762,0.24596774193548387,0.049740271332769925,0.21192307692307694,Increasing,27.8590625,4.887833338616789
101_763,0.3951612903225806,0.001565774864560776,0.14783625730994152,Increasing,9.110624999999999,2.632636436991443
101_764,0.5403225806451613,1.4924957946416129e-05,0.47954166666666664,Increasing,14.416562500000001,5.171388600617222
101_765,0.012903225806451613,0.9322756334126572,0.004166666666666652,No significant trend,5.670967741935483,2.060955548563085
101_766,0.6330645161290323,3.859708492814917e-07,0.661344696969697,Increasing,20.260312499999998,6.911097273757891
101_767,-0.20161290322580644,0.10839945747110935,-0.46625000000000005,No significant trend,32.041875000000005,9.365371201099025
101_768,-0.4576612903225806,0.0002474174487239189,-0.34520833333333345,Decreasing,29.694375,4.588804267930264
101_769,0.5362903225806451,1.7284429657316025e-05,0.3079797979797978,Increasing,37.7596875,4.208501428934502
101_77,-0.012096774193548387,0.9353765292166933,-0.011111111111110216,No significant trend,55.1021875,3.476664829954672
101_770,0.7217741935483871,7.0691399400857335e-09,0.8635020242914979,Increasing,34.434062499999996,8.818119789450229
101_771,0.717741935483871,8.570263387852606e-09,0.5972988505747124,Increasing,37.5,6.366649432786447
101_772,0.18951612903225806,0.13152122240591746,0.21938333333333326,No significant trend,29.73,5.92262610671989
101_773,0.5645161290322581,6.056982383206844e-06,0.37187500000000007,Increasing,22.485312500000003,4.081851589945885
101_774,0.36693548387096775,0.0033335638107387933,0.2049722222222222,Increasing,19.9540625,3.9596171369330335
101_775,0.29838709677419356,0.017134045455555746,0.28057692307692306,Increasing,26.869999999999997,5.212650477444273
101_776,-0.0020161290322580645,1.0,-0.0015217391304347889,No significant trend,20.8971875,5.117978259512612
101_777,-0.3588709677419355,0.004100666980662471,-0.34445652173913033,Decreasing,40.7309375,5.02632467575402
101_778,0.6330645161290323,3.859708492814917e-07,0.3308620689655173,Increasing,14.558125,3.636029288162432
101_779,0.18548387096774194,0.14002518868117475,0.1320980392156864,No significant trend,35.1696875,3.01526064832607
101_78,0.012096774193548387,0.9353765292166933,0.02957647058823517,No significant trend,33.5175,5.64774733854127
101_780,-0.15725806451612903,0.21178693551335703,-0.07830000000000015,No significant trend,32.88249999999999,2.4846390582939804
101_781,-0.018145161290322582,0.8967787608516904,-0.006044624746450341,No significant trend,18.527500000000003,3.159982199316952
101_782,0.17540322580645162,0.16313197866795437,0.059230769230769316,No significant trend,20.153437500000003,2.3727418335322006
101_783,0.05846774193548387,0.6497851474320837,0.020785714285714303,No significant trend,8.529062499999998,1.745437551473484
101_784,0.6794354838709677,5.073125608490159e-08,0.37284210526315786,Increasing,38.6228125,4.0340583120281925
101_785,0.4536290322580645,0.000280704353313066,0.38249999999999995,Increasing,35.1715625,6.655392132218338
101_786,-0.20161290322580644,0.10839945747110935,-0.2963392857142859,No significant trend,42.8121875,10.670201419834761
101_787,0.34274193548387094,0.0061330741504750375,0.23591269841269863,Increasing,19.9228125,5.30613632644731
101_788,-0.125,0.32256351748255696,-0.043541666666666715,No significant trend,16.3659375,1.9222949490371528
101_789,-0.2540322580645161,0.04265662043840912,-0.13100000000000006,Decreasing,30.5065625,4.103204242856277
101_79,0.3407258064516129,0.006442543344656437,0.2274436090225559,Increasing,47.235625,3.999122511173545
101_790,0.0907258064516129,0.47552160598321747,0.06435314685314686,No significant trend,32.955625,3.401694373305015
101_791,0.6995967741935484,2.0128545274999965e-08,0.46839285714285706,Increasing,28.916249999999998,4.833852468528596
101_792,0.6169354838709677,7.574687868050489e-07,0.6154166666666663,Increasing,22.0203125,6.7228660575192
101_793,0.6653225806451613,9.543242263099216e-08,0.3733928571428571,Increasing,25.40625,4.224117326436376
101_794,0.35080645161290325,0.005024693896646282,0.21106907894736818,Increasing,38.168125,3.8157923796211715
101_795,0.3629032258064516,0.00369907566941885,0.6036264822134385,Increasing,33.5509375,8.511234252215933
101_796,-0.3084677419354839,0.013705116027189268,-0.23982142857142869,Decreasing,25.70125,5.447440769526549
101_797,0.41935483870967744,0.0007884847400962958,0.5699242424242426,Increasing,42.7503125,7.847817564606337
101_798,-0.5040322580645161,5.3932561817182645e-05,-0.4522222222222221,Decreasing,47.2265625,6.162896340893115
101_799,0.7903225806451613,2.2882273853497281e-10,0.8530227272727271,Increasing,39.9346875,8.380498935167509
101_8,0.20161290322580644,0.10839945747110935,0.21096428571428552,No significant trend,50.1228125,5.556499704386184
101_80,0.3487903225806452,0.005283353948143166,0.1936713286713287,Increasing,16.4146875,3.228285133370928
101_800,0.36088709677419356,0.003895172738189956,0.27554545454545465,Increasing,45.185625,4.732239782531629
101_801,0.5987903225806451,1.5861008195727777e-06,0.6160326086956522,Increasing,11.587499999999999,6.738344102967731
101_802,0.3810483870967742,0.0022983908153568766,0.32477272727272694,Increasing,10.25875,5.240974235531024
101_803,-0.30443548387096775,0.014996317848851026,-0.368,Decreasing,39.0853125,7.207458369796092
101_804,0.2661290322580645,0.03364043981005893,0.1836038961038961,Increasing,30.068125000000002,4.035028994242173
101_805,0.10483870967741936,0.40821489473295625,0.10733618233618233,No significant trend,16.0728125,4.674711377704911
101_806,-0.018145161290322582,0.8967787608516904,-0.02866666666666736,No significant trend,43.2778125,5.084259246915302
101_807,0.014112903225806451,0.9224891734522682,0.010000000000000675,No significant trend,44.036249999999995,3.573474106174549
101_808,0.32661290322580644,0.00903177754860196,0.3401535087719299,Increasing,45.451562499999994,6.586296431500313
101_809,0.1592741935483871,0.2059131489229995,0.14314393939393938,No significant trend,49.906875,6.538066628168836
101_81,0.1975806451612903,0.11571975521880828,0.11749999999999874,No significant trend,26.497812500000002,3.4521630306003437
101_810,0.5262096774193549,2.4836775924574894e-05,0.28035714285714297,Increasing,44.699687499999996,4.5957891626296075
101_811,-0.1028225806451613,0.4174675215832093,-0.13148148148148153,No significant trend,54.700937499999995,5.987205817081432
101_812,0.6270161290322581,4.979515006997559e-07,0.5480994152046783,Increasing,34.913124999999994,6.871507948360025
101_813,0.6017316017316018,9.970267728132143e-05,0.045,Increasing,1.1440909090909093,0.5152815566703588
101_814,-0.2,0.3004271167492414,-0.03749999999999998,No significant trend,2.274375,0.34073392753730875
101_815,0.3911290322580645,0.001749399716013178,0.2316666666666667,Increasing,27.5165625,3.4794644068582956
101_816,-0.47580645161290325,0.0001384805488402474,-0.3881249999999996,Decreasing,51.441874999999996,5.246486584789386
101_817,-0.28830645161290325,0.021293682001457093,-0.21982954545454544,Decreasing,47.42031250000001,4.182803698160332
101_818,0.40725806451612906,0.0011160599546666816,0.1324264705882352,Increasing,10.1828125,1.9293849965322498
101_819,0.3629032258064516,0.00369907566941885,0.2560416666666667,Increasing,21.9746875,4.451386009137351
101_82,-0.20967741935483872,0.09486107679233946,-0.2221875000000002,No significant trend,29.876875000000002,6.1117803449056485
101_820,0.657258064516129,1.3616589122911193e-07,0.5026666666666664,Increasing,25.524375,5.251570561210713
101_821,0.5564516129032258,8.214164165520899e-06,0.2880098684210527,Increasing,16.9290625,3.8222869131049997
101_822,0.5120967741935484,4.0824601233779845e-05,0.31583333333333335,Increasing,17.2040625,3.981602111097209
101_823,0.34274193548387094,0.0061330741504750375,0.16000000000000011,Increasing,18.45,3.7211481763025778
101_824,0.42943548387096775,0.0005862699970422547,0.26185520361990966,Increasing,16.1009375,3.587141410105511
101_825,0.5725806451612904,4.448281224922468e-06,0.6378325123152708,Increasing,46.7025,7.9505738786580675
101_826,0.5141129032258065,3.8055466680564365e-05,0.40156249999999993,Increasing,33.0709375,5.487849282377728
101_827,-0.1693548387096774,0.17831360778170335,-0.08684491978609628,No significant trend,13.1675,3.1936059165150605
101_828,0.5846774193548387,2.7784224061466745e-06,0.2665714285714287,Increasing,38.576249999999995,3.2392714748072593
101_829,0.5403225806451613,1.4924957946416129e-05,0.6882954545454547,Increasing,58.2303125,8.034975686170043
101_83,0.6612903225806451,1.140522314369008e-07,0.7398153846153845,Increasing,23.451875,7.950273752165708
101_830,-0.0846774193548387,0.5061307168657696,-0.04454545454545453,No significant trend,14.073437499999999,2.7312526995123956
101_831,0.02217741935483871,0.871176289997168,0.02188311688311675,No significant trend,33.3834375,4.196924922916033
101_832,0.7943548387096774,1.8528600875811208e-10,0.9271527777777777,Increasing,29.400624999999998,8.878245159341738
101_833,0.6854838709677419,3.854806762682017e-08,1.1467948717948726,Increasing,42.2946875,10.68024519392433
101_834,-0.7459677419354839,2.178956348686256e-09,-0.5396130952380952,Decreasing,28.084375,5.514700772424104
101_835,0.6411290322580645,2.738397213430943e-07,0.485621212121212,Increasing,21.5265625,5.535230126976994
101_836,0.5201612903225806,3.077850744093169e-05,0.35286684782608696,Increasing,15.7865625,4.252019821049021
101_837,0.5443548387096774,1.2874583818822671e-05,0.285909090909091,Increasing,26.7775,3.625476692795032
101_838,0.1431451612903226,0.25631175486275115,0.19716247139588106,No significant trend,65.94437500000001,5.678065217076588
101_839,0.18548387096774194,0.14002518868117475,0.19442028985507262,No significant trend,24.639375,5.517314188930607
101_84,0.6028225806451613,1.3482705789602534e-06,0.44676086956521743,Increasing,25.668125000000003,4.979447407531783
101_840,0.7298387096774194,4.794858066148322e-09,0.42376470588235304,Increasing,22.23375,4.4403925431767854
101_841,0.7137096774193549,1.0379506365509883e-08,0.6252272727272725,Increasing,32.716875,6.597037894720251
101_842,0.7560483870967742,1.3199186188472822e-09,1.3321973684210526,Increasing,33.90875,13.66424296979163
101_843,0.6451612903225806,2.303051436225445e-07,1.0617032967032967,Increasing,26.7334375,11.648231520646977
101_844,0.5443548387096774,1.2874583818822671e-05,0.30350427350427367,Increasing,45.9265625,4.168945916966751
101_845,0.8629032258064516,4.377387341492067e-12,0.9695999999999998,Increasing,44.92125,9.233787735133399
101_846,0.592741935483871,2.019923096563403e-06,0.8088194444444443,Increasing,22.263437500000002,9.473446973440751
101_847,0.7137096774193549,1.0379506365509883e-08,0.4237500000000002,Increasing,34.732812499999994,4.293421737360977
101_848,0.6935483870967742,2.6632843708185305e-08,0.44331896551724176,Increasing,36.3971875,4.730314626411625
101_849,0.8629032258064516,4.377387341492067e-12,0.95,Increasing,30.263437500000002,8.974003290538384
101_85,0.04435483870967742,0.7334457521953335,0.04498964803312622,No significant trend,24.050625,5.302980257305792
101_850,0.31048387096774194,0.013097125487301797,0.34684761904761907,Increasing,22.675625,6.025866087905953
101_851,0.6512096774193549,1.772900197760663e-07,0.4336068111455108,Increasing,30.869687499999998,4.548576346214687
101_852,0.5766129032258065,3.8062807836691803e-06,0.47062499999999996,Increasing,17.579375,5.073305713179032
101_853,-0.2620967741935484,0.03644545316257175,-0.20096153846153847,Decreasing,11.395,4.262387828436076
101_854,0.24596774193548387,0.049740271332769925,0.18585284280936454,Increasing,23.6803125,4.803939453963148
101_855,0.7439516129032258,2.4068798065712826e-09,0.6012499999999998,Increasing,38.574687499999996,6.13172996815285
101_856,0.5060483870967742,5.032482653111181e-05,0.4827142857142858,Increasing,39.650312500000005,6.247302660136112
101_857,0.5725806451612904,4.448281224922468e-06,0.5192307692307694,Increasing,23.174999999999997,5.9801907369247
101_858,0.7036290322580645,1.667963900331415e-08,0.4552083333333333,Increasing,29.4309375,4.901508287873616
101_859,0.21370967741935484,0.08861906133688091,0.09350000000000006,No significant trend,23.825625000000002,2.756491131742491
101_86,0.7278225806451613,5.285553328349124e-09,0.6459210526315792,Increasing,26.8528125,6.901211050594219
101_860,0.7278225806451613,5.285553328349124e-09,0.31938888888888883,Increasing,22.6396875,3.2103538398973646
101_861,0.4092741935483871,0.0010539167533933913,0.21214285714285708,Increasing,47.9090625,3.0600493862180964
101_862,-0.8104838709677419,7.883982355849639e-11,-1.3656249999999999,Decreasing,43.4109375,12.964684087786086
101_863,-0.7258064516129032,5.824971616164021e-09,-0.6794021739130436,Decreasing,40.2096875,7.072027858213212
101_864,-0.6955645161290323,2.4265743192586342e-08,-0.8443749999999992,Decreasing,40.57843750000001,8.668562492339417
101_865,0.5685483870967742,5.193307037965056e-06,0.40172413793103456,Increasing,33.816875,4.63428624324987
101_866,0.3064516129032258,0.014337900827245509,0.3264285714285715,Increasing,34.9934375,6.884358906869524
101_867,0.7782258064516129,4.2833958602273015e-10,0.685182186234818,Increasing,17.695,6.968878137835386
101_868,0.46169354838709675,0.00021786074656704457,0.34366028708133967,Increasing,14.615,4.986635263381512
101_869,0.8225806451612904,4.108913209677212e-11,0.825421052631579,Increasing,27.028125000000003,8.522993692616168
101_870,0.7741935483870968,5.268148139947471e-10,0.6536904761904763,Increasing,16.270937500000002,6.467175465076988
101_871,0.5201612903225806,3.077850744093169e-05,0.37650793650793646,Increasing,25.567187500000003,4.527317248088956
101_872,0.8185483870967742,5.111089329545848e-11,0.6798000000000005,Increasing,24.4459375,6.150517183220753
101_873,0.7217741935483871,7.0691399400857335e-09,0.6178846153846154,Increasing,32.343125,6.3309011194596145
101_874,0.6229838709677419,5.893720071981079e-07,1.4327045454545453,Increasing,35.5215625,15.023945077229008
101_875,0.7540322580645161,1.4598573461199749e-09,0.8871624713958811,Increasing,29.851250000000004,8.865244902849554
101_876,-0.004032258064516129,0.9870617094920746,-0.006863354037267238,No significant trend,36.03125,4.873457929181292
101_877,0.8588709677419355,5.501599176227501e-12,0.7786909090909092,Increasing,26.6865625,7.4353486843989876
101_878,0.8306451612903226,2.6473268022186858e-11,0.6892499999999999,Increasing,26.255625000000002,7.302516662724913
101_879,0.6975806451612904,2.210337290975417e-08,0.5800000000000001,Increasing,22.810937499999998,6.261117292152715
101_880,0.7137096774193549,1.0379506365509883e-08,0.6936090225563909,Increasing,26.582812500000003,6.986886929444597
101_881,0.05241935483870968,0.6851751854528196,0.028888888888888745,No significant trend,31.018749999999997,3.2490015293163528
101_882,0.7399193548387096,2.934484433225748e-09,0.6602083333333335,Increasing,21.7128125,6.339761053450181
101_883,0.6491935483870968,1.934942726045108e-07,0.6990277777777778,Increasing,24.21875,7.507711764412643
101_884,0.3649193548387097,0.0035119952477191685,0.3767058823529411,Increasing,18.6865625,6.565557197115394
101_885,0.6088709677419355,1.054676987966019e-06,0.6010714285714285,Increasing,29.83,6.868165238984862
101_886,0.6895161290322581,3.2057687171516136e-08,0.9044886363636364,Increasing,24.8509375,9.648289148657069
101_887,0.7258064516129032,5.824971616164021e-09,0.7563392857142859,Increasing,26.6309375,7.075388840628744
101_888,0.5201612903225806,3.077850744093169e-05,0.5198295454545456,Increasing,25.870937499999997,6.689013080873273
101_889,0.5120967741935484,4.0824601233779845e-05,0.4809903381642511,Increasing,38.556250000000006,5.920231599143737
101_89,-0.014112903225806451,0.9224891734522682,-0.005862745098039136,No significant trend,15.538125,3.4214228011713197
101_890,0.6693548387096774,7.977093474664798e-08,0.5109090909090911,Increasing,30.9534375,5.30319927577625
101_891,-0.25,0.04608393295095614,-0.2749999999999986,Decreasing,58.048437500000006,5.349212622769239
101_892,0.1975806451612903,0.11571975521880828,0.20181318681318666,No significant trend,35.5609375,4.060768368928933
101_894,0.2842741935483871,0.023189178620686146,0.1463586956521744,Increasing,42.0975,3.2156171647134864
101_895,-0.32056451612903225,0.010401152469125874,-0.27602272727272703,Decreasing,63.45343750000001,4.274909070213512
101_896,0.5685483870967742,5.193307037965056e-06,0.32631868131868125,Increasing,27.0453125,4.1291637957755745
101_897,0.4153225806451613,0.0008861761949863212,0.27223112128146454,Increasing,17.389062499999998,4.176293481796239
101_898,0.5483870967741935,1.1094687683677051e-05,0.41560344827586254,Increasing,17.7409375,4.996728529357358
101_899,0.6169354838709677,7.574687868050489e-07,0.43804924242424237,Increasing,18.001875,4.717788436796949
101_9,-0.19153225806451613,0.12742215355314657,-0.08607142857142897,No significant trend,64.41593749999998,2.447061834342105
101_90,-0.08870967741935484,0.4856103851418121,-0.04619047619047631,No significant trend,16.6253125,2.829287658111799
101_900,0.3487903225806452,0.005283353948143166,0.31524509803921574,Increasing,22.77125,5.034203480939165
101_901,-0.7479838709677419,1.9721104749237384e-09,-0.49440972222222224,Decreasing,40.95375,4.938861046587563
101_902,0.7056451612903226,1.5177737733296226e-08,0.6265714285714286,Increasing,19.244374999999998,6.235504158396096
101_903,-0.3326612903225806,0.007825712195287604,-0.3361363636363635,Decreasing,35.4009375,5.380690801011869
101_904,0.23387096774193547,0.062196528651478955,0.20368421052631597,No significant trend,44.8134375,5.7893121403663965
101_905,0.45161290322580644,0.00029887973345732455,0.33115384615384613,Increasing,18.1946875,4.234755737034162
101_906,0.7943548387096774,1.8528600875811208e-10,0.6040588235294118,Increasing,26.306874999999998,6.248981135703243
101_907,0.6169354838709677,7.574687868050489e-07,0.6755357142857141,Increasing,27.8528125,7.207323200387488
101_908,0.6995967741935484,2.0128545274999965e-08,0.47332894736842107,Increasing,32.370937500000004,4.833499223760541
101_909,0.2540322580645161,0.04265662043840912,0.17759590792838859,Increasing,49.4221875,4.506003449825994
101_91,0.19556451612903225,0.11952284590988049,0.12554112554112568,No significant trend,38.929375,3.9238214293434663
101_910,0.05846774193548387,0.6497851474320837,0.08227083333333313,No significant trend,40.1315625,5.115085598853038
101_911,0.782258064516129,3.479141419404641e-10,0.8678571428571416,Increasing,20.8921875,8.466827082198133
101_912,0.4596774193548387,0.00023219814177166676,0.4574242424242425,Increasing,29.5925,6.2342927626155005
101_913,0.7096774193548387,1.2557821005287906e-08,0.6346862745098039,Increasing,20.594375,6.428283663574205
101_914,0.4435483870967742,0.0003831828637113066,0.32210526315789484,Increasing,32.881875,4.4733910777367765
101_915,-0.6370967741935484,3.252720022217659e-07,-0.5277499999999999,Decreasing,32.071875,5.635923525419326
101_916,0.7338709677419355,3.942868698203483e-09,0.6193103448275862,Increasing,21.220625000000002,6.267167391204339
101_917,0.2963709677419355,0.017903776568633623,0.19472463768115916,Increasing,35.029375,3.8184354923679145
101_918,0.6008064516129032,1.4625443411908634e-06,0.48776190476190473,Increasing,15.153125000000001,5.2678811190435
101_919,0.5020161290322581,5.77844334197497e-05,0.379,Increasing,16.2015625,5.128419048166184
101_92,0.5161290322580645,3.546525120357025e-05,0.4627083333333334,Increasing,17.552500000000002,5.512450113152952
101_920,-0.05443548387096774,0.6732967251102686,-0.01583333333333339,No significant trend,14.6321875,1.9412073150088196
101_921,-0.592741935483871,2.019923096563403e-06,-0.5605357142857142,Decreasing,37.73625,6.0794097935161435
101_922,-0.27419354838709675,0.028580768516166755,-0.4913846153846153,Decreasing,44.761250000000004,7.728410553762009
101_923,-0.4798387096774194,0.0001213912313333676,-0.308035714285714,Decreasing,33.9753125,3.922746155736278
101_924,0.5987903225806451,1.5861008195727777e-06,0.36349999999999993,Increasing,13.260625000000001,3.8506752147350727
101_925,0.4314516129032258,0.0005521233561254224,0.3518253968253968,Increasing,40.66375,4.604651690139005
101_926,0.5362903225806451,1.7284429657316025e-05,0.378179347826087,Increasing,15.635625000000001,4.9638662713025425
101_927,0.24798387096774194,0.04788277895297388,0.1955434782608696,Increasing,20.009375000000002,4.330417082611674
101_928,0.7741935483870968,5.268148139947471e-10,0.5999999999999999,Increasing,15.1353125,5.808562636517209
101_929,0.08064516129032258,0.5270983110287553,0.06569930069930068,No significant trend,11.2421875,3.1780809209086778
101_93,0.2903225806451613,0.020397595888393294,0.2313333333333332,Increasing,22.450937500000002,5.440545905154532
101_930,0.2782258064516129,0.026306692194792536,0.1786032388663969,Increasing,18.435624999999998,4.701387386652476
101_931,-0.036290322580645164,0.7827940862749598,-0.027500000000000017,No significant trend,22.520937500000002,3.4015293980934147
101_932,-0.4032258064516129,0.0012506303657648932,-0.30229166666666685,Decreasing,31.5528125,4.389291823841718
101_933,-0.375,0.0026994076056261473,-0.9287500000000001,Decreasing,53.364999999999995,10.008150740771242
101_934,-0.6451612903225806,2.303051436225445e-07,-0.6644999999999999,Decreasing,23.393437499999997,6.3235060534954615
101_935,-0.25806451612903225,0.03944736533784576,-0.29562500000000014,Decreasing,46.14875000000001,5.870824979293796
101_936,0.4213709677419355,0.0007434794433867076,0.14399999999999996,Increasing,14.5190625,2.2037912777969124
101_937,-0.16532258064516128,0.18900350850385061,-0.12916666666666793,No significant trend,20.741875,4.091329580267886
101_938,0.8245967741935484,3.682676386063122e-11,0.5005555555555554,Increasing,27.270625,4.83862579761806
101_939,0.7217741935483871,7.0691399400857335e-09,0.748734335839599,Increasing,28.7978125,7.692063984383109
101_94,-0.7096774193548387,1.2557821005287906e-08,-0.85175,Decreasing,47.6671875,8.455978001676904
101_940,0.6955645161290323,2.4265743192586342e-08,0.4850000000000001,Increasing,33.9753125,4.717959691682809
101_941,0.625,5.418056365780188e-07,0.7777272727272728,Increasing,23.7190625,8.501911681856837
101_942,0.6854838709677419,3.854806762682017e-08,0.49159722222222224,Increasing,29.7565625,4.892285770332079
101_943,0.7237903225806451,6.417795184177066e-09,0.3139999999999997,Increasing,21.204375,3.2300647608639363
101_944,0.592741935483871,2.019923096563403e-06,0.539285714285714,Increasing,35.826875,5.878509291000142
101_945,0.6995967741935484,2.0128545274999965e-08,0.4326666666666673,Increasing,49.95875,4.702008713039567
101_946,0.5241935483870968,2.6684265470366952e-05,0.3033241379310345,Increasing,21.8453125,4.24937200093658
101_947,0.12701612903225806,0.314694608207466,0.058768382352941156,No significant trend,6.109999999999999,2.482425728999762
101_948,0.3911290322580645,0.001749399716013178,0.1889655172413791,Increasing,43.7809375,3.089786966134356
101_949,0.04838709677419355,0.7091645038629479,0.04870129870129826,No significant trend,57.2421875,5.071743249598086
101_95,0.4596774193548387,0.00023219814177166676,0.42975490196078436,Increasing,13.975000000000001,5.686034976149901
101_950,0.8024193548387096,1.21112231354914e-10,0.7566964285714292,Increasing,48.137187499999996,7.184790460747186
101_951,0.7016129032258065,1.832546869806606e-08,0.7905172413793102,Increasing,53.0384375,8.45629429381415
101_952,0.4798387096774194,0.0001213912313333676,0.2986538461538462,Increasing,28.1375,3.690857793250778
101_953,0.6693548387096774,7.977093474664798e-08,0.5163461538461538,Increasing,24.2975,5.968565049490539
101_954,0.8306451612903226,2.6473268022186858e-11,0.565822510822511,Increasing,17.892812499999998,5.3738889749271666
101_955,0.6048387096774194,1.242609917628812e-06,0.3989153439153439,Increasing,54.1159375,4.439339660478093
101_956,0.5887096774193549,2.370209626567643e-06,0.48244588744588746,Increasing,9.3,5.430855135243435
101_957,0.16532258064516128,0.18900350850385061,0.08184343434343443,No significant trend,26.0009375,2.5227259058593248
101_958,0.4959677419354839,7.096380450022366e-05,0.2811607142857143,Increasing,21.456249999999997,3.6706179231159433
101_959,0.47580645161290325,0.0001384805488402474,0.36436507936507934,Increasing,15.244375,4.553276936380544
101_96,0.6290322580645161,4.5753051591823635e-07,0.5157013574660634,Increasing,8.8728125,5.581415162379856
101_960,0.7096774193548387,1.2557821005287906e-08,0.3034848484848488,Increasing,11.1325,3.1850206043289577
101_961,0.6955645161290323,2.4265743192586342e-08,0.5409333333333334,Increasing,29.2703125,5.556057215089109
101_962,-0.5705645161290323,4.806988263883483e-06,-0.5471666666666666,Decreasing,44.972187500000004,6.420958229878447
101_963,0.2399193548387097,0.05567876996846799,0.11638586956521738,No significant trend,23.295,2.8000714276603733
101_964,0.7217741935483871,7.0691399400857335e-09,0.5096,Increasing,17.064999999999998,5.33212492820639
101_965,0.4415322580645161,0.0004074870138988107,0.5489583333333332,Increasing,37.4540625,7.528502033677998
101_966,0.5846774193548387,2.7784224061466745e-06,0.4647065217391304,Increasing,23.224375000000002,5.128334852500858
101_967,0.8387096774193549,1.6986412276764895e-11,0.6634090909090915,Increasing,25.8196875,6.635501810514692
101_968,0.7076612903225806,1.38075384459313e-08,0.32903017241379307,Increasing,32.31125,3.5454413952990396
101_969,0.16129032258064516,0.2001586151353414,0.1398333333333332,No significant trend,27.7359375,4.3822153782183895
101_97,0.6391129032258065,2.984879994283318e-07,0.41964285714285693,Increasing,17.627499999999998,4.651792665199085
101_970,0.036290322580645164,0.7827940862749598,0.037692307692307775,No significant trend,29.5,5.814893055766374
101_971,0.7580645161290323,1.193087628692524e-09,0.7286607142857144,Increasing,37.094375,7.735160768166037
101_972,0.5201612903225806,3.077850744093169e-05,0.5013333333333331,Increasing,48.95343750000001,5.8190853068668575
101_973,0.7943548387096774,1.8528600875811208e-10,0.6633026315789473,Increasing,45.003125,6.802818091377646
101_974,0.4254032258064516,0.0006605386079836517,0.17581168831168803,Increasing,51.2203125,2.9189600934825664
101_975,0.3911290322580645,0.001749399716013178,0.21228448275861989,Increasing,34.8825,3.2386310765507083
101_976,0.8951612903225806,6.774580896262705e-13,0.5832083958020988,Increasing,26.920625,5.652574600071635
101_977,0.4475806451612903,0.0003385845397056997,0.32932142857142876,Increasing,32.6509375,4.5185647329759195
101_978,0.22782258064516128,0.06933314292875958,0.2066666666666664,No significant trend,35.0209375,4.854989288978272
101_979,0.8185483870967742,5.111089329545848e-11,0.6366666666666667,Increasing,22.665937500000002,6.0068871198894485
101_98,0.6411290322580645,2.738397213430943e-07,0.3689523809523808,Increasing,14.460625,4.0044349925270355
101_980,0.3870967741935484,0.0019526409550858492,0.38283333333333347,Increasing,24.9321875,5.200389248877794
101_981,0.6491935483870968,1.934942726045108e-07,0.38181818181818217,Increasing,39.559687499999995,4.493040093004263
101_982,-0.2217741935483871,0.07712890370635717,-0.08079545454545423,No significant trend,36.5396875,2.5066717031441814
101_983,0.4173387096774194,0.0008360077721334402,0.394375,Increasing,21.0875,5.6936664373670505
101_984,0.6209677419354839,6.409512869343104e-07,0.46545454545454557,Increasing,47.70125,5.275019401623088
101_985,-0.10483870967741936,0.40821489473295625,-0.12595238095238093,No significant trend,45.179375,5.940612309297334
101_986,0.5201612903225806,3.077850744093169e-05,0.19933333333333297,Increasing,20.6478125,2.8009526664768454
101_987,0.6733870967741935,6.661159712706421e-08,0.2086931818181818,Increasing,10.899687499999999,2.2743453513799854
101_988,-0.10483870967741936,0.40821489473295625,-0.1210714285714286,No significant trend,60.0546875,4.6785180508729205
101_989,-0.016129032258064516,0.9096221353961886,-0.0053151260504202,No significant trend,53.6321875,2.8461242664092774
101_99,0.8064516129032258,9.776668363770114e-11,0.7845833333333333,Increasing,17.189375,7.54883846094053
101_990,0.7620967741935484,9.740654949297323e-10,0.4766666666666668,Increasing,58.806250000000006,4.6827060485898535
101_991,0.33064516129032256,0.008210665350528501,0.14437500000000014,Increasing,19.11875,2.9245082385761885
101_992,0.6330645161290323,3.859708492814917e-07,0.4345588235294119,Increasing,35.11875,5.496116668839918
101_993,0.1431451612903226,0.25631175486275115,0.07070234113712377,No significant trend,56.1709375,3.087802980452891
101_994,0.23790322580645162,0.05778505532796996,0.41838888888888925,No significant trend,64.515625,7.993352291709344
101_995,0.5383064516129032,1.606344972238105e-05,0.3328333333333332,Increasing,38.488437499999996,4.57726044524383
101_996,0.7520161290322581,1.6142178704825483e-09,1.3412000000000002,Increasing,23.48375,12.889235516022664
101_997,0.7983870967741935,1.4987833196755673e-10,0.8219212962962963,Increasing,15.000312499999998,8.0911913849163
101_998,0.35080645161290325,0.005024693896646282,0.1190416666666666,Increasing,13.0790625,1.9681500822075915
147_1,-0.32661290322580644,0.00903177754860196,-0.38282051282051277,Decreasing,40.59125,5.6043725953490995
147_10,0.5544354838709677,8.858614525264485e-06,0.5825980392156864,Increasing,41.8246875,6.7463934737268145
147_100,-0.2923387096774194,0.019534580819994485,-0.22887499999999988,Decreasing,19.802187500000002,4.109161056693172
147_101,0.6169354838709677,7.574687868050489e-07,0.35302857142857136,Increasing,16.54,3.724424452180498
147_102,0.034274193548387094,0.7952778335350081,0.01473214285714278,No significant trend,61.4334375,4.5793187330206395
147_103,0.5080645161290323,4.694664237403501e-05,0.29937500000000006,Increasing,34.55375,3.841699453041583
147_104,0.6532258064516129,1.6240138478451627e-07,0.5565,Increasing,22.6040625,5.755218207947788
147_105,0.7560483870967742,1.3199186188472822e-09,0.6804849498327759,Increasing,28.4540625,6.774065830141729
147_106,0.6169354838709677,7.574687868050489e-07,0.49529999999999985,Increasing,31.444375,5.390165777541077
147_107,0.6754032258064516,6.084656289928603e-08,0.4834848484848483,Increasing,27.7440625,4.914322091712523
147_108,0.6048387096774194,1.242609917628812e-06,0.8275961538461537,Increasing,27.71125,9.21451428114906
147_109,0.8205645161290323,4.583267099178556e-11,0.6512857142857142,Increasing,31.723125000000003,6.107482827186255
147_11,0.6451612903225806,2.303051436225445e-07,0.4691883116883119,Increasing,40.04124999999999,4.757796726164329
147_110,0.7137096774193549,1.0379506365509883e-08,0.4844602272727275,Increasing,29.0678125,5.024940754859081
147_111,0.8266129032258065,3.299827078251383e-11,0.7002416666666667,Increasing,28.775937499999998,6.939262325427232
147_112,0.6370967741935484,3.252720022217659e-07,0.611451048951049,Increasing,48.7971875,6.485739276662588
147_113,0.5967741935483871,1.7196589441326182e-06,0.2571428571428571,Increasing,22.7903125,3.005591127772331
147_114,0.6633064516129032,1.0434107045043106e-07,0.36430555555555544,Increasing,18.958125000000003,3.920512910879774
147_115,0.4717741935483871,0.00015781793261271382,0.33702586206896556,Increasing,30.214062499999997,4.526406452263623
147_116,0.5362903225806451,1.7284429657316025e-05,0.4008333333333334,Increasing,25.283437499999998,5.022138867912132
147_117,0.6995967741935484,2.0128545274999965e-08,0.8418965517241379,Increasing,34.5859375,8.941159691063222
147_118,0.7419354838709677,2.657962294705385e-09,0.618035714285714,Increasing,34.0325,6.4390187528846345
147_119,0.7338709677419355,3.942868698203483e-09,1.0563214285714286,Increasing,47.216875,10.758693123905664
147_12,0.06048387096774194,0.6381570271128183,0.05226666666666612,No significant trend,38.395624999999995,6.227282682629319
147_120,0.7600806451612904,1.0781671111459445e-09,1.0740624999999997,Increasing,31.359375,10.883062223444972
147_121,0.0625,0.626617246268595,0.027793522267206487,No significant trend,29.901249999999997,2.691177425867718
147_122,0.4637096774193548,0.00020435771038096462,0.7909545454545455,Increasing,37.8846875,9.94758512918305
147_123,0.6270161290322581,4.979515006997559e-07,0.674404761904762,Increasing,33.703125,7.548334434454729
147_124,0.12903225806451613,0.3069529533583135,0.1643333333333333,No significant trend,32.6340625,6.932474693144848
147_125,0.6491935483870968,1.934942726045108e-07,0.7203846153846165,Increasing,25.386875000000003,7.968953600340198
147_126,0.5625,6.538795176869172e-06,0.34255072463768127,Increasing,27.574374999999996,4.462137896723385
147_127,0.48185483870967744,0.00011361189113179293,0.10456896551724142,Increasing,3.6721874999999997,1.3135751177012107
147_128,0.02217741935483871,0.871176289997168,0.01470238095238084,No significant trend,30.1875,3.265740727614487
147_129,0.5161290322580645,3.546525120357025e-05,0.8747619047619047,Increasing,18.3678125,10.116403985104775
147_13,0.5705645161290323,4.806988263883483e-06,0.41203571428571434,Increasing,40.488125,4.747550314043549
147_130,-0.05241935483870968,0.6851751854528196,-0.059429629629629624,No significant trend,36.386874999999996,5.193239257378289
147_131,0.35080645161290325,0.005024693896646282,0.2017663817663819,Increasing,26.884999999999998,3.216344975278616
147_132,0.6370967741935484,3.252720022217659e-07,1.0956746031746032,Increasing,36.0553125,11.041479742423283
147_133,0.7258064516129032,5.824971616164021e-09,0.4596666666666671,Increasing,35.1984375,4.521652843108783
147_134,0.5967741935483871,1.7196589441326182e-06,0.42131111111111097,Increasing,34.618750000000006,4.6314662567593
147_135,-0.3649193548387097,0.0035119952477191685,-0.5038181818181819,Decreasing,35.15625,7.374540981478101
147_136,0.8024193548387096,1.21112231354914e-10,0.7530303030303032,Increasing,33.9625,7.367217503915573
147_137,0.8306451612903226,2.6473268022186858e-11,0.8264285714285713,Increasing,25.971562499999997,8.035660407433463
147_138,0.7721774193548387,5.84016834892509e-10,0.6187999999999998,Increasing,24.2740625,6.1274244484198865
147_139,0.719758064516129,7.784594746595985e-09,0.9656250000000002,Increasing,31.319375,9.427712122215814
147_14,0.28830645161290325,0.021293682001457093,0.12593984962406013,Increasing,11.161875,2.450407411916435
147_140,0.6854838709677419,3.854806762682017e-08,0.7450000000000001,Increasing,30.935000000000002,8.017324990294457
147_141,0.5625,6.538795176869172e-06,0.466846153846154,Increasing,28.0371875,5.853917083017469
147_142,-0.1532258064516129,0.22389580114431484,-0.10516666666666666,No significant trend,26.237187499999997,3.511359453949958
147_143,0.24193548387096775,0.05363683937977637,0.21315476190476187,No significant trend,28.5459375,4.11626185040429
147_144,0.8387096774193549,1.6986412276764895e-11,0.9309692307692307,Increasing,32.8415625,8.758811316816555
147_145,0.5161290322580645,3.546525120357025e-05,0.9375396825396826,Increasing,41.3221875,10.068135916834047
147_146,0.7983870967741935,1.4987833196755673e-10,0.8258571428571428,Increasing,28.990000000000002,8.028470822641134
147_147,0.5362903225806451,1.7284429657316025e-05,1.000952380952381,Increasing,34.8853125,10.595275770471655
147_148,0.19153225806451613,0.12742215355314657,0.08499999999999984,No significant trend,21.0071875,2.263009934764704
147_149,-0.43548387096774194,0.0004893169184720936,-0.32188235294117656,Decreasing,19.59625,4.210507503555836
147_15,0.6391129032258065,2.984879994283318e-07,0.4100000000000001,Increasing,16.166562499999998,4.301884477597435
147_150,0.7580645161290323,1.193087628692524e-09,0.998605769230769,Increasing,39.767812500000005,9.802044663734385
147_151,0.75,1.7844419275547807e-09,1.2894444444444448,Increasing,27.3965625,13.153265186203528
147_152,-0.27419354838709675,0.028580768516166755,-0.14681159420289847,Decreasing,15.7571875,2.8872275135229213
147_153,0.2903225806451613,0.020397595888393294,0.4534583333333334,Increasing,20.2575,6.982294125142538
147_154,-0.2399193548387097,0.05567876996846799,-0.17205128205128206,No significant trend,44.361562500000005,4.113579728605458
147_155,0.4637096774193548,0.00020435771038096462,0.3057758620689656,Increasing,27.27875,4.267913534445139
147_156,0.5221774193548387,2.8661968966448015e-05,0.32612820512820506,Increasing,22.279375,3.854734862396505
147_157,0.5766129032258065,3.8062807836691803e-06,0.4189181286549708,Increasing,26.128749999999997,4.58596755739724
147_158,0.5907258064516129,2.1883453411586373e-06,0.41409722222222206,Increasing,30.8634375,5.768218209169427
147_159,0.27419354838709675,0.028580768516166755,0.1555909090909091,Increasing,18.3440625,3.7583281351012645
147_16,0.5080645161290323,4.694664237403501e-05,0.35947368421052606,Increasing,59.5028125,4.511557543115654
147_160,0.46169354838709675,0.00021786074656704457,0.40634271099744246,Increasing,12.299375,6.5753526224359256
147_161,0.2439516129032258,0.05165781777373568,0.10823076923076927,No significant trend,7.6475,3.10590365272331
147_162,0.6270161290322581,4.979515006997559e-07,0.6555,Increasing,19.6621875,7.2160146264987395
147_163,0.42943548387096775,0.0005862699970422547,0.2646606334841628,Increasing,22.263125,4.014096596293492
147_164,0.3629032258064516,0.00369907566941885,0.20187142857142848,Increasing,34.11125,3.2990914942602005
147_165,0.5645161290322581,6.056982383206844e-06,0.8042272727272727,Increasing,34.341875,7.67523225931144
147_166,0.8024193548387096,1.21112231354914e-10,0.8651449275362312,Increasing,39.365,8.270654825949393
147_167,0.6975806451612904,2.210337290975417e-08,0.6202631578947368,Increasing,16.535625,6.456738697622431
147_168,0.6129032258064516,8.942580020931956e-07,0.39535714285714285,Increasing,55.5503125,4.662351528718502
147_169,0.6673387096774194,8.7262118642073e-08,0.7635416666666663,Increasing,61.7584375,8.332266764428137
147_17,0.5786290322580645,3.519574691690508e-06,0.2215476190476191,Increasing,10.278437499999999,2.6978082647945443
147_170,-0.1592741935483871,0.2059131489229995,-0.14949999999999997,No significant trend,30.6734375,5.043022784857684
147_171,0.6008064516129032,1.4625443411908634e-06,0.7457291666666668,Increasing,45.6071875,8.63637193587931
147_172,0.19959677419354838,0.11201244642922337,0.08988095238095192,No significant trend,45.52437499999999,4.031360608947678
147_173,0.7661290322580645,7.944338520360361e-10,0.75,Increasing,25.334375,7.3863002145441525
147_174,0.4112903225806452,0.0009949884229842887,0.2958124999999999,Increasing,40.24375,4.663776467359901
147_175,0.8165322580645161,5.698219673888616e-11,0.6292857142857144,Increasing,38.375625,6.16096478722083
147_176,0.7358870967741935,3.574073925705079e-09,1.1252723311546844,Increasing,27.447499999999998,11.582347829779591
147_177,0.7056451612903226,1.5177737733296226e-08,0.7344746376811593,Increasing,36.9603125,7.662288530676964
147_178,0.7036290322580645,1.667963900331415e-08,0.6396153846153849,Increasing,38.3765625,6.523887649139411
147_179,0.7540322580645161,1.4598573461199749e-09,0.8663949275362317,Increasing,35.1759375,8.504044941737652
147_18,0.2600806451612903,0.03792115065551127,0.11554347826086958,Increasing,12.1253125,2.6300890958946144
147_180,0.09475806451612903,0.45569348519923736,0.06125454545454566,No significant trend,38.9615625,3.18611549282096
147_181,0.5685483870967742,5.193307037965056e-06,0.5409615384615385,Increasing,29.143125,6.227353188504326
147_182,0.6975806451612904,2.210337290975417e-08,0.45166666666666655,Increasing,31.2025,4.781724976407573
147_183,0.6935483870967742,2.6632843708185305e-08,0.5201417004048581,Increasing,31.989375000000003,5.532451387890815
147_184,-0.038306451612903226,0.7703660224129336,-0.026769005847953366,No significant trend,31.8215625,3.4177277807914654
147_185,-0.09475806451612903,0.45569348519923736,-0.04833333333333343,No significant trend,33.681250000000006,2.807473007439252
147_186,0.7096774193548387,1.2557821005287906e-08,0.5949011857707511,Increasing,34.480000000000004,5.772316476077867
147_187,0.6330645161290323,3.859708492814917e-07,0.6500000000000028,Increasing,35.216875,6.589671102139696
147_188,0.7701612903225806,6.472633540255401e-10,0.4382954545454548,Increasing,37.7915625,4.233301097677054
147_189,0.7318548387096774,4.348602589132611e-09,0.8309893048128343,Increasing,41.600625,8.117706317635236
147_19,0.3084677419354839,0.013705116027189268,0.09892857142857142,Increasing,11.569375,2.453508887160387
147_190,0.2963709677419355,0.017903776568633623,0.24809523809523798,Increasing,36.501562500000006,4.9035300481993325
147_191,0.6814516129032258,4.630511263314929e-08,0.37108465608465624,Increasing,20.7659375,3.7168012619850623
147_192,0.5040322580645161,5.3932561817182645e-05,0.444484126984127,Increasing,33.6315625,5.40598228202736
147_193,0.592741935483871,2.019923096563403e-06,0.45999999999999996,Increasing,26.33,6.1901433747531245
147_194,0.5282258064516129,2.31113806963279e-05,0.9739371980676328,Increasing,63.5453125,9.318448430524459
147_195,0.5201612903225806,3.077850744093169e-05,0.1851666666666666,Increasing,32.8465625,2.5349908892526116
147_196,-0.375,0.0026994076056261473,-0.39191666666666647,Decreasing,26.78,5.96311107979719
147_197,0.7016129032258065,1.832546869806606e-08,0.5984374999999997,Increasing,43.4634375,6.148083344310952
147_198,-0.1814516129032258,0.14894602437860582,-0.2078181818181814,No significant trend,32.6728125,5.226127410888845
147_199,0.3850806451612903,0.0020621929792057347,0.28729090909090904,Increasing,30.1825,4.241691142692971
147_2,0.24798387096774194,0.04788277895297388,0.2457638888888889,Increasing,34.14375,5.111615907665598
147_20,-0.1028225806451613,0.4174675215832093,-0.12454545454545454,No significant trend,28.279375,5.322422461565316
147_200,-0.39919354838709675,0.0014000474750610614,-0.13291666666666677,Decreasing,28.2828125,2.4419180913461753
147_201,0.6129032258064516,8.942580020931956e-07,0.6663461538461543,Increasing,30.7478125,7.689769882112451
147_202,0.12096774193548387,0.3386829866956895,0.06312499999999996,No significant trend,20.279375,3.731749704813413
147_203,-0.3870967741935484,0.0019526409550858492,-0.10458333333333356,Decreasing,23.0590625,2.0708714339846765
147_204,-0.004032258064516129,0.9870617094920746,-0.0033409090909091044,No significant trend,13.2875,4.837054243028498
147_205,-0.42338709677419356,0.0007008697006916087,-0.2518190476190476,Decreasing,10.140625,3.479813157250688
147_206,0.6491935483870968,1.934942726045108e-07,0.43104166666666655,Increasing,25.7153125,4.711732685790202
147_207,-0.1814516129032258,0.14894602437860582,-0.14747252747252748,No significant trend,15.729999999999999,3.9856610179492185
147_208,0.4959677419354839,7.096380450022366e-05,0.15398496240601495,Increasing,23.478749999999998,2.247050497318652
147_209,0.25806451612903225,0.03944736533784576,0.17095238095238033,Increasing,32.366875,3.4679843186460637
147_21,0.020161290322580645,0.883962377036416,0.005798319327731073,No significant trend,45.7284375,3.0665932944545724
147_210,0.6915322580645161,2.9223376829534686e-08,0.39851648351648333,Increasing,29.036250000000003,4.434240880635602
147_211,0.2862903225806452,0.02222386181408309,0.08298888888888899,Increasing,31.5984375,1.7228230999129746
147_212,0.4112903225806452,0.0009949884229842887,0.2733333333333332,Increasing,46.7653125,4.42634794750071
147_213,0.5443548387096774,1.2874583818822671e-05,0.26620370370370366,Increasing,21.409374999999997,3.3563707496900577
147_214,0.8709677419354839,2.7626789744772395e-12,0.42354166666666676,Increasing,48.64031249999999,4.267960201002787
147_215,0.6975806451612904,2.210337290975417e-08,0.4539473684210526,Increasing,21.2125,4.611707248948051
147_216,0.7862903225806451,2.8229885096209273e-10,0.8465833333333335,Increasing,35.984375,8.139616444242014
147_217,0.7943548387096774,1.8528600875811208e-10,0.5897999999999999,Increasing,25.11,5.949606079397189
147_218,0.07661290322580645,0.54850039361213,0.05543137254901959,No significant trend,26.072499999999998,3.5801492636480954
147_219,0.5201612903225806,3.077850744093169e-05,0.15290909090909088,Increasing,8.204374999999999,2.05988612776896
147_22,-0.0967741935483871,0.44595658115373604,-0.05232142857142847,No significant trend,24.1959375,4.458430118449066
147_220,0.592741935483871,2.019923096563403e-06,0.6706875000000001,Increasing,33.277812499999996,7.925041693255863
147_221,0.44556451612903225,0.0003602388463002093,0.9012500000000003,Increasing,33.2428125,11.518903820018801
147_222,0.5907258064516129,2.1883453411586373e-06,0.4478367003367004,Increasing,39.730312500000004,5.097562827209072
147_223,-0.4435483870967742,0.0003831828637113066,-0.16327142857142857,Decreasing,22.20125,2.8180143164114693
147_224,0.2963709677419355,0.017903776568633623,0.1601785714285709,Increasing,23.21375,2.804138403770399
147_225,0.5887096774193549,2.370209626567643e-06,0.4520833333333335,Increasing,42.393125,5.607633991655928
147_226,0.5403225806451613,1.4924957946416129e-05,0.25649999999999984,Increasing,35.959375,3.1993582730564882
147_227,0.7459677419354839,2.178956348686256e-09,0.6175961538461536,Increasing,32.984375,5.866321216007099
147_228,0.7520161290322581,1.6142178704825483e-09,0.7094616977225674,Increasing,37.969375,7.183200860993308
147_229,0.7419354838709677,2.657962294705385e-09,0.5355533596837945,Increasing,51.8678125,5.393703351116351
147_23,0.39314516129032256,0.001655245859932375,0.24968531468531463,Increasing,30.8096875,4.383821452493674
147_230,0.34274193548387094,0.0061330741504750375,0.21323529411764705,Increasing,34.636250000000004,3.4957999352794773
147_231,-0.24798387096774194,0.04788277895297388,-0.14286363636363636,Decreasing,31.6078125,3.294701934901509
147_232,-0.28830645161290325,0.021293682001457093,-0.10721153846153844,Decreasing,27.883125,2.180473626159005
147_233,0.4153225806451613,0.0008861761949863212,0.2289140271493213,Increasing,13.613125,3.553866237546793
147_235,0.532258064516129,1.999674165320542e-05,0.8231999999999999,Increasing,23.106250000000003,9.643520736095297
147_236,0.3649193548387097,0.0035119952477191685,0.1518333333333335,Increasing,20.8528125,2.333616070574538
147_237,-0.6310483870967742,4.2028371116664687e-07,-0.3586458333333331,Decreasing,25.844375,4.336757095961796
147_24,-0.3588709677419355,0.004100666980662471,-0.1548701298701297,Decreasing,19.7040625,3.143890761634976
147_25,0.6814516129032258,4.630511263314929e-08,0.9223557692307693,Increasing,20.6871875,9.09422146007253
147_26,0.7903225806451613,2.2882273853497281e-10,1.0182857142857142,Increasing,26.97,8.980435331875622
147_27,0.6451612903225806,2.303051436225445e-07,0.9534666666666667,Increasing,37.70625,10.461691650373758
147_28,0.5161290322580645,3.546525120357025e-05,0.43125,Increasing,19.675625,5.404657099148381
147_29,0.8306451612903226,2.6473268022186858e-11,0.5352272727272727,Increasing,21.8821875,5.2111921227147
147_3,0.6270161290322581,4.979515006997559e-07,0.2861895161290322,Increasing,21.917187499999997,3.2198497969383215
147_30,0.4032258064516129,0.0012506303657648932,0.3676623376623377,Increasing,43.662187499999995,5.854478912750797
147_31,0.8064516129032258,9.776668363770114e-11,1.0587500000000003,Increasing,41.426874999999995,10.568774301420907
147_32,0.35685483870967744,0.004315952098634668,0.33870370370370373,Increasing,23.8809375,4.981171021566491
147_33,-0.2661290322580645,0.03364043981005893,-0.1845833333333327,Decreasing,37.168437499999996,4.701024562113428
147_34,0.6491935483870968,1.934942726045108e-07,0.7648086956521738,Increasing,38.199375,8.3935372971933
147_35,0.7701612903225806,6.472633540255401e-10,1.0920279146141216,Increasing,30.12,10.76665047728401
147_36,0.7096774193548387,1.2557821005287906e-08,0.6141931216931217,Increasing,16.863750000000003,6.440101780057517
147_37,0.844758064516129,1.2144951710979512e-11,0.9410344827586207,Increasing,32.7271875,9.032950872491433
147_38,0.6814516129032258,4.630511263314929e-08,0.45500000000000007,Increasing,22.7221875,4.665552442084833
147_39,0.4737903225806452,0.00014785185590326932,0.29592436974789904,Increasing,27.373125,4.047176822721612
147_4,0.8306451612903226,2.6473268022186858e-11,0.7858499999999999,Increasing,38.954687500000006,7.573735861669837
147_40,0.31048387096774194,0.013097125487301797,0.13087121212121205,Increasing,24.692812500000002,2.8947346967975753
147_41,0.7762096774193549,4.750932980357447e-10,0.587333333333333,Increasing,34.1753125,5.680847749442309
147_42,0.5342741935483871,1.85935300431872e-05,0.6514285714285715,Increasing,23.875625,7.679246356861785
147_43,0.4717741935483871,0.00015781793261271382,0.23000000000000004,Increasing,28.174062499999998,3.5179502726863197
147_44,-0.49193548387096775,8.127869954099864e-05,-0.35775000000000007,Decreasing,31.54875,4.4712161027510176
147_45,-0.006048387096774193,0.974126820887897,-0.0018845315904140406,No significant trend,32.539375,2.8617738571338935
147_46,0.7620967741935484,9.740654949297323e-10,0.34392344497607646,Increasing,20.965937500000003,3.7917475022862153
147_47,0.5221774193548387,2.8661968966448015e-05,0.42636243386243383,Increasing,12.945625,5.206703574179636
147_48,0.17137096774193547,0.173140435185424,0.09978787878787865,No significant trend,34.2596875,3.7339259536503597
147_49,0.6229838709677419,5.893720071981079e-07,0.34236363636363637,Increasing,16.1971875,3.7601506239569376
147_5,0.23588709677419356,0.0599571524375313,0.15022727272727265,No significant trend,16.238125,4.143158847350051
147_50,0.7076612903225806,1.38075384459313e-08,0.49487499999999995,Increasing,16.988437500000003,4.962144892442557
147_51,0.7278225806451613,5.285553328349124e-09,0.5533333333333336,Increasing,18.085,6.099940573481024
147_52,0.5725806451612904,4.448281224922468e-06,0.3548148148148148,Increasing,29.403750000000002,4.728378917504392
147_53,0.6975806451612904,2.210337290975417e-08,0.7554761904761904,Increasing,22.966562500000002,7.4839773054568886
147_54,0.530241935483871,2.1500434668642043e-05,0.3521538461538463,Increasing,19.0715625,4.272137279347862
147_55,0.6774193548387096,5.5566278689411774e-08,0.8065584415584413,Increasing,32.0090625,8.293264721814548
147_56,0.8306451612903226,2.6473268022186858e-11,0.6610416666666665,Increasing,19.0353125,6.527159118050038
147_57,0.40725806451612906,0.0011160599546666816,0.2080769230769235,Increasing,25.1546875,3.2471545085418634
147_58,0.625,5.418056365780188e-07,0.5328030303030302,Increasing,26.144375000000004,5.722781195308361
147_59,0.717741935483871,8.570263387852606e-09,0.46191154422788605,Increasing,17.41,4.9855716823650225
147_6,0.6370967741935484,3.252720022217659e-07,0.7785227272727273,Increasing,33.504374999999996,7.675938027979056
147_60,0.5967741935483871,1.7196589441326182e-06,0.5067857142857135,Increasing,33.1803125,6.317891007080112
147_61,0.3951612903225806,0.001565774864560776,0.31200544464609803,Increasing,25.45,4.695063231736075
147_62,0.4314516129032258,0.0005521233561254224,0.4816666666666668,Increasing,16.4909375,6.411140869306628
147_63,0.1975806451612903,0.11571975521880828,0.1182754010695187,No significant trend,21.8634375,3.6664403797953335
147_64,0.32056451612903225,0.010401152469125874,0.23750988142292495,Increasing,15.881875,4.49911063260007
147_65,0.6310483870967742,4.2028371116664687e-07,0.363789592760181,Increasing,23.6021875,3.9967774005870966
147_66,0.6693548387096774,7.977093474664798e-08,0.5661004784688994,Increasing,17.623749999999998,5.64239850927777
147_67,0.24596774193548387,0.049740271332769925,0.27725000000000005,Increasing,11.8675,6.2029781153894135
147_68,0.31048387096774194,0.013097125487301797,0.39678571428571424,Increasing,25.4921875,6.887584724694408
147_69,0.8629032258064516,4.377387341492067e-12,0.9486666666666667,Increasing,37.7440625,9.323278949548477
147_7,0.5604838709677419,7.057150331224449e-06,0.42541666666666667,Increasing,36.095625,4.769961960998746
147_70,0.1774193548387097,0.15829432695339385,0.16213068181818174,No significant trend,27.4375,4.313641877810443
147_71,0.16532258064516128,0.18900350850385061,0.14750000000000002,No significant trend,20.84,3.9823422755961095
147_72,0.3165322580645161,0.011413839625523003,0.1760541310541311,Increasing,15.612499999999999,3.0169085998750447
147_73,0.7459677419354839,2.178956348686256e-09,0.7070833333333335,Increasing,26.7228125,6.839725065003983
147_74,0.6733870967741935,6.661159712706421e-08,0.4337121212121211,Increasing,26.778437500000003,4.581856275964333
147_75,0.5806451612903226,3.253640496581056e-06,0.5489999999999993,Increasing,26.626875,6.888514189168444
147_76,-0.09879032258064516,0.4363392795127665,-0.0333333333333332,No significant trend,30.847499999999997,2.7306855824133245
147_77,-0.5846774193548387,2.7784224061466745e-06,-0.46756250000000016,Decreasing,37.503437500000004,4.912312088883783
147_78,0.6733870967741935,6.661159712706421e-08,0.45267500000000016,Increasing,36.3390625,4.993699379827921
147_79,0.5766129032258065,3.8062807836691803e-06,0.3695652173913043,Increasing,14.978125,4.164652924839595
147_8,0.4092741935483871,0.0010539167533933913,0.2689682539682542,Increasing,27.73875,4.142861141469746
147_80,0.08870967741935484,0.4856103851418121,0.04562499999999996,No significant trend,15.303749999999999,2.9928913173551757
147_81,0.18951612903225806,0.13152122240591746,0.11086206896551715,No significant trend,12.704375,3.215552963235872
147_82,-0.2056451612903226,0.1014505333614959,-0.11250000000000004,No significant trend,15.4025,3.2372943950156894
147_83,0.5887096774193549,2.370209626567643e-06,0.3557478632478633,Increasing,21.04375,4.016398223221896
147_84,0.5645161290322581,6.056982383206844e-06,0.3474424552429667,Increasing,21.2684375,4.15401997270039
147_85,0.7903225806451613,2.2882273853497281e-10,0.5021634615384615,Increasing,20.7578125,5.125430307773558
147_86,0.782258064516129,3.479141419404641e-10,0.9004310344827586,Increasing,30.076875,9.06957945465913
147_87,-0.02620967741935484,0.8457081092653058,-0.010139751552795083,No significant trend,25.4275,2.907534393605689
147_88,0.31451612903225806,0.011952275439924609,0.21166666666666673,Increasing,16.913125,4.0225516136371695
147_89,0.3709677419354839,0.0030012397054521855,0.3675347222222223,Increasing,23.81875,6.278865218930886
147_9,0.5483870967741935,1.1094687683677051e-05,0.1931363636363636,Increasing,18.71875,2.472401097617456
147_90,0.6653225806451613,9.543242263099216e-08,0.5090392156862745,Increasing,18.9675,5.198374746014373
147_91,0.592741935483871,2.019923096563403e-06,0.3252226720647774,Increasing,21.1159375,4.199083872833901
147_92,0.717741935483871,8.570263387852606e-09,0.8522222222222223,Increasing,27.7275,9.191434531671321
147_93,0.07459677419354839,0.5593600509011936,0.08666666666666675,No significant trend,31.898125,5.56775899571587
147_94,0.7540322580645161,1.4598573461199749e-09,0.7656818181818184,Increasing,37.52875,7.719480532231427
147_95,0.5745967741935484,4.115299975682163e-06,0.2881730769230768,Increasing,60.225625,3.1901302260840385
147_96,0.7520161290322581,1.6142178704825483e-09,0.6915909090909091,Increasing,19.8628125,7.087147360881086
147_97,0.6935483870967742,2.6632843708185305e-08,0.5179478260869566,Increasing,22.714999999999996,5.3573162590983925
147_98,0.40725806451612906,0.0011160599546666816,0.24357142857142855,Increasing,16.769062499999997,3.6406552976207114
147_99,0.6370967741935484,3.252720022217659e-07,0.6950000000000001,Increasing,18.583437500000002,7.103469930857296
