location,tau,p_value,slope,trend_class,mean_value,std_value
101_1,0.967741935483871,7.993605777301127e-15,1.3383749999999999,Increasing,51.894375000000004,12.47716312345779
101_10,0.8991935483870968,5.340172748447003e-13,1.1017857142857146,Increasing,35.079375000000006,10.790483057276676
101_100,0.8790322580645161,1.7366108551186699e-12,0.9433603238866397,Increasing,20.224375000000002,8.922306294303901
101_1000,0.955026455026455,1.1408651801048109e-12,1.2915587044534411,Increasing,18.965714285714284,10.646904120303647
101_1001,0.9314516129032258,7.682743330406083e-14,1.2920833333333333,Increasing,28.371875000000003,12.535969108304911
101_1002,0.7358870967741935,3.574073925705079e-09,0.7235551075268817,Increasing,43.983125,7.445227262103891
101_1003,0.8346774193548387,2.121680608979659e-11,0.5285054347826087,Increasing,18.8790625,5.022307960100989
101_1004,0.9717741935483871,6.217248937900877e-15,1.4646428571428576,Increasing,35.419375,13.383041259720267
101_1005,0.9556451612903226,1.709743457922741e-14,1.361416083916084,Increasing,39.7325,12.924609520213755
101_1006,0.9395161290322581,4.6851411639181606e-14,1.1046874999999998,Increasing,36.674375,10.119298066534803
101_1007,0.8508064516129032,8.663292305755022e-12,1.2502083333333334,Increasing,23.38375,13.607231016540434
101_1008,0.9637096774193549,1.021405182655144e-14,1.5229074074074074,Increasing,40.922812500000006,13.910143384050494
101_1009,0.9395161290322581,4.6851411639181606e-14,0.9203030303030304,Increasing,50.4065625,8.89191262094909
101_101,0.9112903225806451,2.6001423236721166e-13,1.3594444444444445,Increasing,39.323750000000004,13.035707630869144
101_1010,0.9395161290322581,4.6851411639181606e-14,1.009166666666667,Increasing,43.07625,9.827762572808727
101_1013,0.8346774193548387,2.121680608979659e-11,0.9823611111111112,Increasing,37.0515625,9.30052555953661
101_1014,0.8346774193548387,2.121680608979659e-11,0.8956547619047619,Increasing,24.911875000000002,8.730692067893301
101_1015,0.8951612903225806,6.774580896262705e-13,0.7219047619047618,Increasing,46.517187500000006,6.824384237046134
101_1016,0.5665322580645161,5.609253585836527e-06,0.22579487179487173,Increasing,13.8378125,2.581169471352811
101_1017,0.6774193548387096,5.5566278689411774e-08,0.3173387096774194,Increasing,15.508125,3.3866386704777054
101_1018,0.1693548387096774,0.17831360778170335,0.16412413793103453,No significant trend,18.42,3.7516729601605734
101_1019,0.907258064516129,3.3084646133829665e-13,1.4046231884057974,Increasing,41.628125,13.216795762754867
101_102,0.9516129032258065,2.19824158875781e-14,1.1982857142857144,Increasing,29.24875,11.605896063531674
101_1020,0.9354838709677419,5.995204332975845e-14,1.3800000000000001,Increasing,34.1303125,13.061217277778658
101_1021,0.6754032258064516,6.084656289928603e-08,0.5398387096774193,Increasing,44.268437500000005,5.57165713083583
101_1022,0.844758064516129,1.2144951710979512e-11,1.087471264367817,Increasing,50.857187499999995,10.525439787241375
101_1023,0.8548387096774194,6.907363570007874e-12,0.7575000000000004,Increasing,45.944375,7.249493489849825
101_1024,0.7661290322580645,7.944338520360361e-10,0.7259356725146198,Increasing,24.720312500000002,7.668364592750122
101_1025,0.8346774193548387,2.121680608979659e-11,0.7816666666666671,Increasing,52.9078125,7.447949690340541
101_1026,0.8629032258064516,4.377387341492067e-12,0.39560869565217394,Increasing,12.7315625,3.9202862693422977
101_1027,0.9395161290322581,4.6851411639181606e-14,1.1283333333333325,Increasing,42.6796875,10.684389162574702
101_1028,0.8306878306878307,6.258036311379556e-10,0.7361904761904762,Increasing,11.088214285714287,7.649622798156889
101_1029,0.9758064516129032,4.884981308350689e-15,1.1929642857142855,Increasing,27.685312500000002,10.914863141713859
101_103,0.5463709677419355,1.1953055304658733e-05,0.41447628458498026,Increasing,14.87125,5.10137159864874
101_1030,0.8951612903225806,6.774580896262705e-13,0.7658212560386475,Increasing,51.752187500000005,7.195381215741369
101_1031,0.8387096774193549,1.6986412276764895e-11,0.7481985294117648,Increasing,44.021249999999995,7.2713396074932435
101_1032,0.8709677419354839,2.7626789744772395e-12,0.7930000000000001,Increasing,44.3321875,7.474922965478892
101_1033,0.7620967741935484,9.740654949297323e-10,0.695198412698413,Increasing,38.6540625,9.061820615698247
101_1034,0.9516129032258065,2.19824158875781e-14,0.8958148148148148,Increasing,35.3346875,8.463291316169126
101_1035,0.8548387096774194,6.907363570007874e-12,0.8269411764705883,Increasing,27.03,7.460629162476849
101_1036,0.9556451612903226,1.709743457922741e-14,0.7707407407407405,Increasing,20.283125000000002,7.453108176081641
101_1037,0.9576612903225806,1.509903313490213e-14,1.0297619047619047,Increasing,34.8771875,9.572139009377358
101_1038,0.967741935483871,7.993605777301127e-15,0.9314685314685316,Increasing,19.5896875,9.145534253248618
101_1039,0.9475806451612904,2.842170943040401e-14,0.9880434782608694,Increasing,40.4628125,10.205784277302932
101_104,0.8145161290322581,6.351164039131163e-11,0.6133455882352942,Increasing,14.4015625,5.904379258956334
101_1040,0.9112903225806451,2.6001423236721166e-13,0.8977352941176471,Increasing,36.0209375,8.524093925227112
101_1042,0.9274193548387096,9.814371537686384e-14,1.0262045454545454,Increasing,23.350625,9.812612081366256
101_1043,0.9556451612903226,1.709743457922741e-14,0.732621483375959,Increasing,28.384375,6.884791181246893
101_1044,0.9758064516129032,4.884981308350689e-15,0.880125,Increasing,18.1328125,9.061528994316784
101_1045,0.8951612903225806,6.774580896262705e-13,1.0499999999999998,Increasing,28.70125,9.924486683829043
101_1046,0.8508064516129032,8.663292305755022e-12,0.9449519230769234,Increasing,46.931875000000005,8.94289922141444
101_1047,0.5745967741935484,4.115299975682163e-06,0.14033823529411768,Increasing,10.6959375,1.683591509569275
101_1048,0.9193548387096774,1.6009416015094757e-13,1.0057424242424242,Increasing,47.116875,9.968347229324177
101_1049,0.8387096774193549,1.6986412276764895e-11,0.4102083333333334,Increasing,11.080312500000002,3.985799390002431
101_105,0.8064516129032258,9.776668363770114e-11,0.9303703703703704,Increasing,23.01375,9.199562404674474
101_1050,0.9556451612903226,1.709743457922741e-14,1.3508666666666667,Increasing,46.56875,12.689985655527748
101_1051,0.9637096774193549,1.021405182655144e-14,1.6096328671328672,Increasing,29.81875,15.003227100777353
101_1052,0.9778225806451613,4.218847493575595e-15,1.0846428571428568,Increasing,20.8759375,10.324914605995234
101_1054,0.9879032258064516,2.220446049250313e-15,1.5411805555555558,Increasing,35.394999999999996,14.471368499558015
101_1055,0.9193548387096774,1.6009416015094757e-13,1.2378615384615383,Increasing,38.355625,11.640732616952207
101_1056,0.9637096774193549,1.021405182655144e-14,1.376547619047619,Increasing,27.549375,13.611319264104232
101_1057,0.9435483870967742,3.6415315207705135e-14,1.1151470588235295,Increasing,34.094375,10.640127741685012
101_1058,0.9233870967741935,1.254552017826427e-13,1.2311025641025644,Increasing,32.545,11.580555632179314
101_1059,0.8770161290322581,1.95110594347625e-12,0.8543750000000001,Increasing,35.859375,8.17387184016088
101_106,0.8326612903225806,2.3702817486537242e-11,0.9400000000000002,Increasing,22.426875,9.067345407249853
101_1060,0.9475806451612904,2.842170943040401e-14,1.6028571428571432,Increasing,39.59125,14.79502634967238
101_1061,0.8608870967741935,4.908073947262892e-12,0.5435391304347825,Increasing,14.543750000000001,5.132154000758356
101_1063,0.8729838709677419,2.460920356384122e-12,0.5959803921568625,Increasing,21.610625,5.8630596414649405
101_1064,0.7016129032258065,1.832546869806606e-08,0.34145000000000003,Increasing,12.403749999999999,3.994576596774682
101_1065,0.8145161290322581,6.351164039131163e-11,1.0957222222222223,Increasing,43.7278125,10.537638117236886
101_1066,0.905241935483871,3.730349362740526e-13,1.1320000000000001,Increasing,37.6340625,10.613693059962387
101_1067,0.967741935483871,7.993605777301127e-15,1.20672619047619,Increasing,45.9825,11.15054763229143
101_1068,0.7217741935483871,7.0691399400857335e-09,0.6952454545454545,Increasing,27.9546875,7.576301036940371
101_1069,0.8971774193548387,6.017408793468348e-13,0.5818333333333333,Increasing,19.42125,6.099991162903435
101_107,0.8548387096774194,6.907363570007874e-12,0.7690238095238096,Increasing,14.254375,7.2894315354062424
101_1070,0.9274193548387096,9.814371537686384e-14,1.0235416666666666,Increasing,25.648125,9.579185259424467
101_1071,0.9375,5.284661597215745e-14,0.7838095238095241,Increasing,56.795312499999994,7.327042370721201
101_1073,0.8467741935483871,1.0854206422550305e-11,1.091746031746032,Increasing,32.73125,10.759771068080399
101_1074,0.9435483870967742,3.6415315207705135e-14,0.9487626262626261,Increasing,50.966875,8.971583763994794
101_1075,0.7358870967741935,3.574073925705079e-09,0.5441666666666667,Increasing,39.4521875,5.539959800381565
101_1076,0.9314516129032258,7.682743330406083e-14,1.2933333333333337,Increasing,39.3965625,12.149818571015524
101_1077,0.9153225806451613,2.0405899192610377e-13,0.9996249999999998,Increasing,50.459999999999994,9.204867258684397
101_1078,0.7258064516129032,5.824971616164021e-09,0.653409090909091,Increasing,51.2046875,6.538629914006737
101_1079,0.7681451612903226,7.171752081092109e-10,0.7168915343915343,Increasing,40.095312500000006,8.002757721707171
101_108,0.8024193548387096,1.21112231354914e-10,0.6385294117647059,Increasing,17.323125,7.357223252312995
101_1081,0.8346774193548387,2.121680608979659e-11,1.3135789473684212,Increasing,39.4403125,12.586435030513753
101_1082,0.8729838709677419,2.460920356384122e-12,0.6106274509803922,Increasing,16.082187500000003,5.87522751387925
101_1083,0.7943548387096774,1.8528600875811208e-10,0.8575119617224881,Increasing,18.1953125,8.624488022621618
101_1084,0.8991935483870968,5.340172748447003e-13,1.1099999999999999,Increasing,56.777812499999996,10.34274254440493
101_1085,0.9314516129032258,7.682743330406083e-14,1.4688735177865615,Increasing,39.5840625,13.498230870047147
101_1086,0.9354838709677419,5.995204332975845e-14,1.2582407407407405,Increasing,32.20281249999999,11.859452251889365
101_1087,0.9354838709677419,5.995204332975845e-14,1.0324415204678363,Increasing,44.690625000000004,9.478865945321465
101_1088,0.8911290322580645,8.586464872450961e-13,0.8119565217391305,Increasing,19.6303125,7.424250165999509
101_1089,0.7580645161290323,1.193087628692524e-09,0.8199999999999998,Increasing,32.283125,8.324146141459495
101_109,0.9657258064516129,9.103828801926284e-15,0.7710101010101011,Increasing,23.211875000000003,7.449887347092908
101_1090,0.8225806451612904,4.108913209677212e-11,0.8227222222222222,Increasing,48.790000000000006,9.274762463265569
101_1091,0.8387096774193549,1.6986412276764895e-11,1.2158906882591092,Increasing,41.611562500000005,12.32880648861007
101_1092,0.9596774193548387,1.3322676295501878e-14,1.2445000000000002,Increasing,30.26375,11.716186386256409
101_1093,0.9193548387096774,1.6009416015094757e-13,1.5541666666666667,Increasing,34.195,14.455485982837105
101_1094,0.8366935483870968,1.8986590077929577e-11,0.9553216374269005,Increasing,28.4671875,9.315939040957907
101_1095,0.9717741935483871,6.217248937900877e-15,1.495961538461539,Increasing,37.760937500000004,13.648079159577502
101_1097,0.9516129032258065,2.19824158875781e-14,1.0320303030303033,Increasing,24.259999999999998,9.872158451929344
101_1099,0.8991935483870968,5.340172748447003e-13,1.2342065217391305,Increasing,53.0396875,11.717389983581828
101_11,0.8084677419354839,8.780598470536916e-11,0.7305555555555556,Increasing,43.550625,7.185832388065769
101_110,0.9516129032258065,2.19824158875781e-14,1.2482857142857142,Increasing,30.595937499999998,12.263651541082442
101_1100,0.9637096774193549,1.021405182655144e-14,1.1732456140350875,Increasing,36.6553125,12.854245403847857
101_1101,0.9415322580645161,4.1300296516055823e-14,0.9635307692307692,Increasing,18.4665625,9.32302445875767
101_1102,0.9516129032258065,2.19824158875781e-14,1.0377285714285713,Increasing,32.5265625,9.681961839348146
101_1103,0.8588709677419355,5.501599176227501e-12,1.0340833333333332,Increasing,38.233437499999994,9.89877663191739
101_1104,0.967741935483871,7.993605777301127e-15,1.1116666666666681,Increasing,21.2771875,12.25986929844049
101_1105,0.8971774193548387,6.017408793468348e-13,0.8313043478260869,Increasing,25.5215625,8.649659353615826
101_1106,0.844758064516129,1.2144951710979512e-11,0.85,Increasing,26.263125,8.70381684862308
101_1107,0.9435483870967742,3.6415315207705135e-14,1.1906666666666665,Increasing,37.86750000000001,11.148166329042636
101_1108,0.907258064516129,3.3084646133829665e-13,0.8852500000000001,Increasing,31.773125000000004,8.25201923679138
101_1109,0.9596774193548387,1.3322676295501878e-14,1.3865833333333333,Increasing,39.557500000000005,12.90935295628716
101_111,0.7903225806451613,2.2882273853497281e-10,1.009078431372549,Increasing,49.024375000000006,9.542477055742655
101_1110,0.9233870967741935,1.254552017826427e-13,1.3557142857142859,Increasing,48.750937500000006,12.699251296674689
101_1111,0.6854838709677419,3.854806762682017e-08,0.6989999999999996,Increasing,54.7825,7.57525618378679
101_1112,0.9596774193548387,1.3322676295501878e-14,0.7446190476190477,Increasing,26.3565625,7.492820150557049
101_1113,0.8629032258064516,4.377387341492067e-12,0.7522500000000001,Increasing,36.719375,7.317100662788165
101_1114,0.9092741935483871,2.9332092310596636e-13,1.073353846153846,Increasing,25.5040625,12.278902602476077
101_1115,0.8548387096774194,6.907363570007874e-12,1.0806076923076924,Increasing,31.647187499999998,10.436168847562968
101_1116,0.9798387096774194,3.774758283725532e-15,1.216125,Increasing,30.753125000000004,11.299836402991637
101_1117,0.9193548387096774,1.6009416015094757e-13,1.0395000000000003,Increasing,24.317187500000003,9.888342010410225
101_1118,0.8548387096774194,6.907363570007874e-12,0.9526136363636366,Increasing,24.74625,8.930087398088554
101_1119,0.8649193548387096,3.903322109977125e-12,0.5612878787878788,Increasing,17.0146875,5.46241246175568
101_112,0.8387096774193549,1.6986412276764895e-11,1.4280357142857145,Increasing,51.0703125,12.899411198862675
101_1120,0.8830645161290323,1.3746781490908688e-12,0.7306875,Increasing,36.6928125,6.982225752927483
101_1121,0.8205645161290323,4.583267099178556e-11,1.28425,Increasing,35.311875,12.241987031702616
101_1122,0.8286290322580645,2.956013211985464e-11,0.915,Increasing,47.200624999999995,8.75631305741035
101_1123,0.9516129032258065,2.19824158875781e-14,1.1540601503759398,Increasing,30.367812500000003,10.910176938979667
101_1124,0.8266129032258065,3.299827078251383e-11,0.8123529411764705,Increasing,22.674999999999997,7.652348495723388
101_1125,0.9637096774193549,1.021405182655144e-14,1.5838999999999999,Increasing,32.706875,15.96204960944474
101_1126,0.8508064516129032,8.663292305755022e-12,0.6030624999999998,Increasing,23.120625,5.7253973320089315
101_1127,0.7379032258064516,3.238943557803964e-09,0.5687499999999999,Increasing,23.6446875,5.760810481377056
101_1128,0.8346774193548387,2.121680608979659e-11,0.8036363636363635,Increasing,19.2246875,8.173996492068232
101_1129,0.8729838709677419,2.460920356384122e-12,0.8625636363636362,Increasing,33.626562500000006,8.201568679746195
101_113,0.6693548387096774,7.977093474664798e-08,0.8994444444444446,Increasing,51.9834375,8.700263145939537
101_1130,0.8084677419354839,8.780598470536916e-11,0.7518055555555554,Increasing,28.716562500000002,7.653430852146883
101_1131,0.907258064516129,3.3084646133829665e-13,0.5527884615384615,Increasing,13.3134375,6.009670128933347
101_1132,0.842741935483871,1.3585577107733116e-11,1.1724358974358975,Increasing,25.390625,11.22483851150541
101_1133,0.9717741935483871,6.217248937900877e-15,1.773421052631579,Increasing,29.3596875,16.62266552864924
101_1134,0.9314516129032258,7.682743330406083e-14,1.1652777777777779,Increasing,32.3853125,10.795276450945744
101_1135,0.9092741935483871,2.9332092310596636e-13,0.7829503105590065,Increasing,40.208749999999995,7.981394282172758
101_1136,0.9032258064516129,4.205524817280093e-13,0.5643518518518518,Increasing,13.0003125,5.308136139676878
101_1137,0.9354838709677419,5.995204332975845e-14,1.021875,Increasing,26.127187499999998,9.77270089150608
101_1138,0.8306451612903226,2.6473268022186858e-11,0.40075396825396836,Increasing,14.6640625,4.193854029540579
101_1139,0.9717741935483871,6.217248937900877e-15,1.793131868131868,Increasing,42.1846875,17.926719057104226
101_114,0.8346774193548387,2.121680608979659e-11,1.1487500000000002,Increasing,46.94125,10.309900202596532
101_1140,0.8004032258064516,1.3474710236494047e-10,0.8300986842105265,Increasing,24.8421875,8.162794303413737
101_1141,0.9556451612903226,1.709743457922741e-14,1.4053703703703704,Increasing,26.7078125,13.049450116378228
101_1142,0.8891129032258065,9.661160760288112e-13,1.278988095238095,Increasing,40.21875,12.155358064964602
101_1143,0.9516129032258065,2.19824158875781e-14,1.5186071428571433,Increasing,36.994375000000005,14.332327954989553
101_1144,0.9193548387096774,1.6009416015094757e-13,0.8240398550724638,Increasing,26.805937500000002,7.739257821076499
101_1145,0.9112903225806451,2.6001423236721166e-13,0.9123118279569892,Increasing,23.728125,9.404417657908171
101_1146,0.8870967741935484,1.0869083411080283e-12,1.303245614035088,Increasing,33.4178125,12.256251908305563
101_1147,0.8568548387096774,6.165290500348419e-12,1.3301623376623377,Increasing,44.824375,12.485397204709788
101_1148,0.9455645161290323,3.219646771412954e-14,0.979020979020979,Increasing,23.2046875,9.162625164348029
101_1149,0.8467741935483871,1.0854206422550305e-11,0.9163622291021671,Increasing,28.9134375,8.817605120359708
101_115,0.9294354838709677,8.681944052568724e-14,1.295357142857143,Increasing,39.970937500000005,12.117855204040595
101_1150,0.8487903225806451,9.698242209310592e-12,0.6468303571428571,Increasing,14.304375,6.616913431455409
101_1151,0.9475806451612904,2.842170943040401e-14,1.4675714285714285,Increasing,45.626875000000005,13.57286457364012
101_1152,0.907258064516129,3.3084646133829665e-13,0.6965000000000001,Increasing,31.5325,6.954125574074716
101_1153,0.875,2.191358206005134e-12,1.0740196078431374,Increasing,29.3375,10.141860960888785
101_1154,0.9274193548387096,9.814371537686384e-14,1.1379166666666667,Increasing,24.8653125,11.231646969716586
101_1155,0.8508064516129032,8.663292305755022e-12,0.7291176470588236,Increasing,14.19625,7.802483478835441
101_1156,0.9395161290322581,4.6851411639181606e-14,0.7761458333333331,Increasing,30.535937500000003,7.8741062426851816
101_1158,0.875,2.191358206005134e-12,0.936098901098901,Increasing,32.3015625,9.020735872621133
101_1159,0.8951612903225806,6.774580896262705e-13,0.797738095238095,Increasing,22.137812500000003,7.654181755082887
101_116,0.9032258064516129,4.205524817280093e-13,0.991111111111111,Increasing,48.962812500000005,9.577784593257658
101_1160,0.9475806451612904,2.842170943040401e-14,1.1250383631713556,Increasing,26.9765625,10.508017061205875
101_1161,0.8104838709677419,7.883982355849639e-11,0.724375,Increasing,22.774375000000003,7.081776762181579
101_1162,0.9354838709677419,5.995204332975845e-14,1.4201666666666664,Increasing,36.012812499999995,13.747004727024857
101_1163,0.8830645161290323,1.3746781490908688e-12,0.938693181818182,Increasing,36.182500000000005,8.928797861414491
101_1164,0.9012096774193549,4.740652315149418e-13,1.0299621212121206,Increasing,46.884375000000006,9.65057314926813
101_1165,0.9334677419354839,6.772360450213455e-14,0.7439802631578948,Increasing,48.89093750000001,6.901754468690823
101_1166,0.9233870967741935,1.254552017826427e-13,1.1883333333333335,Increasing,45.5775,10.823804783901085
101_1167,0.9213709677419355,1.4166445794216997e-13,1.2216785714285714,Increasing,32.4540625,11.342269906023827
101_1168,0.9475806451612904,2.842170943040401e-14,1.0444009216589862,Increasing,24.278750000000002,10.03034606519137
101_1169,0.842741935483871,1.3585577107733116e-11,0.9256818181818185,Increasing,46.2521875,8.283862978094444
101_117,0.8387096774193549,1.6986412276764895e-11,1.2949999999999995,Increasing,44.1634375,12.560525120734154
101_1170,0.9294354838709677,8.681944052568724e-14,0.914375,Increasing,52.0425,8.518614177200421
101_1172,0.8266129032258065,3.299827078251383e-11,0.7081249999999999,Increasing,13.599062499999999,6.912126282562678
101_1173,0.9233870967741935,1.254552017826427e-13,0.8451960784313723,Increasing,28.503125000000004,9.284827488132184
101_1174,0.7278225806451613,5.285553328349124e-09,0.7169166666666666,Increasing,44.573125000000005,7.078847645229766
101_1176,0.9838709677419355,2.886579864025407e-15,1.340766806722689,Increasing,38.1540625,12.384208659462008
101_1177,0.9475806451612904,2.842170943040401e-14,1.000688888888889,Increasing,23.226875,9.844553836227165
101_1179,0.8709677419354839,2.7626789744772395e-12,1.1404545454545456,Increasing,30.244687499999998,11.075929979118852
101_118,0.8951612903225806,6.774580896262705e-13,1.2100000000000004,Increasing,37.905312499999994,11.08100119133392
101_1180,0.8508064516129032,8.663292305755022e-12,1.1139166666666669,Increasing,44.54375,10.370266616027767
101_1181,0.9435483870967742,3.6415315207705135e-14,1.283095238095238,Increasing,38.93,11.93033161735247
101_1182,0.717741935483871,8.570263387852606e-09,0.8032447817836814,Increasing,50.825937499999995,9.036991638321558
101_1183,0.9233870967741935,1.254552017826427e-13,1.3426190476190476,Increasing,27.7378125,12.524537849351718
101_1184,0.9395161290322581,4.6851411639181606e-14,1.3561684782608696,Increasing,43.220625,12.714736759342484
101_1185,0.9516129032258065,2.19824158875781e-14,1.4501847290640395,Increasing,36.639375,13.585982421576109
101_1186,0.9233870967741935,1.254552017826427e-13,1.5627111111111112,Increasing,34.858125,15.244438624769854
101_1187,0.9314516129032258,7.682743330406083e-14,1.3481238095238095,Increasing,30.392500000000002,12.93171392352924
101_1188,0.9435483870967742,3.6415315207705135e-14,1.418755980861244,Increasing,36.544375,13.160570593989265
101_1189,0.8548387096774194,6.907363570007874e-12,0.8499999999999998,Increasing,46.0,8.220653486797751
101_119,0.967741935483871,7.993605777301127e-15,1.6047515527950313,Increasing,42.644999999999996,14.894608294614532
101_1190,0.8870967741935484,1.0869083411080283e-12,0.7869696969696968,Increasing,46.7715625,7.406543183806717
101_1191,0.9375,5.284661597215745e-14,1.812875,Increasing,38.878125,17.31482104251658
101_1192,0.7419354838709677,2.657962294705385e-09,0.7208333333333331,Increasing,29.706562499999997,7.570351547886911
101_1193,0.9516129032258065,2.19824158875781e-14,1.0852190476190473,Increasing,25.464687499999997,10.196030166311973
101_1194,0.8709677419354839,2.7626789744772395e-12,0.9265413533834586,Increasing,26.444375,8.935408824411729
101_1195,0.7298387096774194,4.794858066148322e-09,0.44882352941176473,Increasing,27.601875,4.544090556357235
101_1196,0.967741935483871,7.993605777301127e-15,1.3417914438502674,Increasing,29.7115625,12.49581307613049
101_1197,0.9475806451612904,2.842170943040401e-14,0.9433251231527096,Increasing,26.823749999999997,8.81705618035294
101_1198,0.7318548387096774,4.348602589132611e-09,0.6029347826086959,Increasing,43.6253125,6.153658456751052
101_1199,0.9717741935483871,6.217248937900877e-15,1.6475,Increasing,38.0303125,15.489801581277398
101_12,0.8568548387096774,6.165290500348419e-12,0.7996547619047619,Increasing,37.1940625,7.525446772191917
101_120,0.8649193548387096,3.903322109977125e-12,1.0422727272727275,Increasing,44.0275,10.608611772988962
101_1200,0.9274193548387096,9.814371537686384e-14,0.8696296296296295,Increasing,48.527499999999996,8.136398542967276
101_1201,0.9556451612903226,1.709743457922741e-14,0.7770496894409937,Increasing,23.71,7.300812026754285
101_1202,0.9879032258064516,2.220446049250313e-15,1.2154999999999998,Increasing,37.496562499999996,11.658207840770114
101_1204,0.8669354838709677,3.4794389591752406e-12,0.4268333333333333,Increasing,29.08625,4.67917978255805
101_1206,0.9112903225806451,2.6001423236721166e-13,1.1186607142857143,Increasing,52.299062500000005,10.546199362618447
101_1207,0.842741935483871,1.3585577107733116e-11,1.1436039886039886,Increasing,26.833437500000002,12.133670510550125
101_121,0.7540322580645161,1.4598573461199749e-09,0.8560689655172413,Increasing,38.637187499999996,9.140761126123127
101_122,0.9012096774193549,4.740652315149418e-13,1.641201923076923,Increasing,45.853125,15.789089476102635
101_123,0.9395161290322581,4.6851411639181606e-14,1.6512,Increasing,38.4584375,15.39300289688772
101_124,0.9596774193548387,1.3322676295501878e-14,1.3111263736263736,Increasing,40.481249999999996,12.214658905900729
101_125,0.9153225806451613,2.0405899192610377e-13,1.3178442028985509,Increasing,44.9090625,12.27975553486688
101_126,0.8911290322580645,8.586464872450961e-13,1.4080482758620687,Increasing,43.611562500000005,13.662614388673704
101_127,0.907258064516129,3.3084646133829665e-13,1.3353362068965517,Increasing,34.981875,12.471950137583738
101_128,0.907258064516129,3.3084646133829665e-13,0.845439393939394,Increasing,36.750625,8.039502836579821
101_129,0.7943548387096774,1.8528600875811208e-10,1.4245000000000005,Increasing,41.569375,13.632685891245899
101_13,0.8548387096774194,6.907363570007874e-12,0.8613620689655173,Increasing,40.9434375,8.220969228661165
101_130,0.9274193548387096,9.814371537686384e-14,1.0015384615384615,Increasing,51.6978125,9.536698437606368
101_131,0.8870967741935484,1.0869083411080283e-12,1.3410416666666667,Increasing,29.291249999999998,12.582042448962728
101_132,0.7721774193548387,5.84016834892509e-10,0.892217391304348,Increasing,33.058125,8.649593717879181
101_133,0.9516129032258065,2.19824158875781e-14,1.6889010989010989,Increasing,29.0734375,15.519259729722734
101_134,0.7096774193548387,1.2557821005287906e-08,0.7437500000000001,Increasing,45.440937500000004,7.723618953968001
101_135,0.9596774193548387,1.3322676295501878e-14,1.182611111111111,Increasing,35.2490625,11.026962512228549
101_136,0.8810483870967742,1.5452084056732929e-12,0.7689402173913042,Increasing,44.263437499999995,7.369309927570814
101_137,0.782258064516129,3.479141419404641e-10,1.0462393162393164,Increasing,53.2809375,9.663144661345692
101_138,0.9254032258064516,1.1102230246251565e-13,1.0461904761904763,Increasing,50.6428125,9.751547708689312
101_139,0.842741935483871,1.3585577107733116e-11,1.08,Increasing,48.42875000000001,10.68919306765015
101_14,0.8830645161290323,1.3746781490908688e-12,0.7556413793103448,Increasing,34.401875000000004,7.191715475766196
101_140,0.780241935483871,3.8608760632996564e-10,0.5091666666666665,Increasing,9.873750000000001,4.9021486041836795
101_141,0.9112903225806451,2.6001423236721166e-13,0.8498125000000001,Increasing,49.10375,8.219769518514493
101_142,0.8588709677419355,5.501599176227501e-12,0.8563571428571428,Increasing,55.279375,8.907420339771498
101_143,0.9032258064516129,4.205524817280093e-13,1.4370767195767198,Increasing,49.4421875,13.305837237462502
101_144,0.7379032258064516,3.238943557803964e-09,0.7141666666666666,Increasing,46.5703125,7.508941122245116
101_145,0.8709677419354839,2.7626789744772395e-12,1.4454545454545453,Increasing,41.7984375,14.001932926692435
101_146,0.9596774193548387,1.3322676295501878e-14,2.0410664335664332,Increasing,41.3365625,19.30917052357749
101_147,0.9415322580645161,4.1300296516055823e-14,1.2556725146198828,Increasing,44.2475,11.53444813374268
101_148,0.9274193548387096,9.814371537686384e-14,1.6399142156862743,Increasing,36.86687499999999,15.153490199765036
101_149,0.9798387096774194,3.774758283725532e-15,1.6425,Increasing,38.8953125,15.385112524851543
101_15,0.7883064516129032,2.541908905584478e-10,0.9566960784313724,Increasing,41.266875,9.505476525896796
101_150,0.9516129032258065,2.19824158875781e-14,1.5048809523809523,Increasing,44.065937500000004,14.420008638038112
101_151,0.8467741935483871,1.0854206422550305e-11,1.0269444444444447,Increasing,26.0825,10.778872563955844
101_152,0.8346774193548387,2.121680608979659e-11,0.9487500000000013,Increasing,57.825625,9.403579417401387
101_153,0.8830645161290323,1.3746781490908688e-12,1.882628205128205,Increasing,44.9828125,17.69103166762311
101_154,0.9596774193548387,1.3322676295501878e-14,1.6691304347826088,Increasing,36.051249999999996,15.472581545672979
101_155,0.9032258064516129,4.205524817280093e-13,1.538230769230769,Increasing,41.080937500000005,14.498631909462828
101_156,0.9395161290322581,4.6851411639181606e-14,1.7620000000000002,Increasing,41.0325,16.23730600346006
101_157,0.782258064516129,3.479141419404641e-10,1.3639889705882355,Increasing,46.8265625,12.87782896332273
101_158,0.9395161290322581,4.6851411639181606e-14,1.3584473684210525,Increasing,40.0675,12.601011120144287
101_159,0.8588709677419355,5.501599176227501e-12,1.30625,Increasing,44.63374999999999,12.55455090544859
101_16,0.9516129032258065,2.19824158875781e-14,1.199236111111111,Increasing,36.3846875,11.122639351895922
101_160,0.875,2.191358206005134e-12,1.4764102564102561,Increasing,34.5884375,13.937283879350156
101_161,0.9173387096774194,1.8074430840897548e-13,1.240714285714286,Increasing,37.469375,11.852039101326614
101_162,0.9395161290322581,4.6851411639181606e-14,1.0920202020202021,Increasing,35.832499999999996,10.22797664496747
101_163,0.7701612903225806,6.472633540255401e-10,1.0124833333333334,Increasing,42.2409375,11.1866771650966
101_164,0.8951612903225806,6.774580896262705e-13,1.11514705882353,Increasing,45.259375000000006,10.525396054751337
101_165,0.8669354838709677,3.4794389591752406e-12,0.6964102564102564,Increasing,22.424062499999998,6.658655954552221
101_166,0.9032258064516129,4.205524817280093e-13,1.1179831932773108,Increasing,30.7525,10.430060522355564
101_167,0.9354838709677419,5.995204332975845e-14,1.3392592592592591,Increasing,41.3053125,12.586982607135983
101_168,0.8951612903225806,6.774580896262705e-13,1.2080406212664276,Increasing,45.160625,11.504428478172004
101_169,0.9475806451612904,2.842170943040401e-14,1.746235294117647,Increasing,36.9875,16.67336348791089
101_17,0.9556451612903226,1.709743457922741e-14,1.1334285714285715,Increasing,40.4334375,10.42596746391402
101_170,0.9435483870967742,3.6415315207705135e-14,1.8377294117647058,Increasing,36.11,17.043799459040816
101_171,0.967741935483871,7.993605777301127e-15,2.1558333333333333,Increasing,30.689375000000002,21.298368326221027
101_172,0.9435483870967742,3.6415315207705135e-14,1.911151315789474,Increasing,32.4209375,18.106101588859314
101_173,0.8911290322580645,8.586464872450961e-13,0.9161111111111112,Increasing,30.049375,9.060379385510025
101_174,0.9495967741935484,2.5091040356528538e-14,1.5841944444444442,Increasing,42.7578125,14.62248412855503
101_175,0.9274193548387096,9.814371537686384e-14,1.2399999999999998,Increasing,34.7025,11.654241448931801
101_176,0.967741935483871,7.993605777301127e-15,1.4181333333333335,Increasing,30.97,13.421749606515538
101_177,0.9435483870967742,3.6415315207705135e-14,1.6115625000000002,Increasing,38.4096875,15.073414196105134
101_178,0.9516129032258065,2.19824158875781e-14,1.6427391304347827,Increasing,31.1109375,15.227690517478143
101_179,0.9556451612903226,1.709743457922741e-14,1.6954181818181815,Increasing,36.1121875,16.30199024168042
101_18,0.7399193548387096,2.934484433225748e-09,0.5628881987577641,Increasing,31.333125,5.610636905412344
101_180,0.9153225806451613,2.0405899192610377e-13,1.302730263157895,Increasing,35.607187499999995,12.309901561947754
101_181,0.8387096774193549,1.6986412276764895e-11,0.6907499999999998,Increasing,11.1125,6.721004854186612
101_182,0.9274193548387096,9.814371537686384e-14,1.6178879310344825,Increasing,44.534375000000004,15.075287090446238
101_183,0.8830645161290323,1.3746781490908688e-12,1.5759272727272728,Increasing,43.7540625,14.89920296932335
101_184,0.9435483870967742,3.6415315207705135e-14,1.246570512820513,Increasing,38.950937499999995,11.9500992044457
101_185,0.9354838709677419,5.995204332975845e-14,1.4302777777777778,Increasing,29.543750000000003,13.2288290180008
101_186,0.8306451612903226,2.6473268022186858e-11,1.0096122994652403,Increasing,34.045,9.984696415014328
101_187,0.6733870967741935,6.661159712706421e-08,0.4741136363636361,Increasing,40.296875,4.913420039481156
101_188,0.8104838709677419,7.883982355849639e-11,0.5299444444444446,Increasing,47.7115625,5.292882077242393
101_189,0.9395161290322581,4.6851411639181606e-14,0.9787500000000003,Increasing,47.8290625,9.588067896927605
101_19,0.7903225806451613,2.2882273853497281e-10,0.7497826086956523,Increasing,38.5046875,7.754651823411787
101_191,0.8971774193548387,6.017408793468348e-13,0.7732388663967611,Increasing,57.8615625,7.624836108638254
101_192,0.9576612903225806,1.509903313490213e-14,1.1267166666666666,Increasing,52.436562499999994,10.508233857722892
101_193,0.8165322580645161,5.698219673888616e-11,0.9464102564102568,Increasing,27.61375,9.043727712481177
101_194,0.8185483870967742,5.111089329545848e-11,0.3661180124223602,Increasing,14.609375,3.5233825522323006
101_195,0.4475806451612903,0.0003385845397056997,0.20750000000000002,Increasing,12.891875,3.168059774432137
101_196,0.8145161290322581,6.351164039131163e-11,1.2953260869565217,Increasing,34.188125,12.467740732962609
101_197,0.8830645161290323,1.3746781490908688e-12,1.3081878306878307,Increasing,38.048437500000006,12.01361027891257
101_198,0.8629032258064516,4.377387341492067e-12,1.009736842105263,Increasing,23.09,9.421669836074708
101_199,0.9112903225806451,2.6001423236721166e-13,1.0045089285714286,Increasing,24.2359375,9.583378794615903
101_2,0.9475806451612904,2.842170943040401e-14,1.0068506493506497,Increasing,49.114375,9.498839053240928
101_20,0.9213709677419355,1.4166445794216997e-13,0.91390756302521,Increasing,41.2540625,8.637799871558368
101_200,0.875,2.191358206005134e-12,0.8320416666666666,Increasing,27.459375,8.046644851077684
101_201,0.9032258064516129,4.205524817280093e-13,0.7479532967032967,Increasing,25.587187500000002,7.061222111989096
101_202,0.8487903225806451,9.698242209310592e-12,1.0474999999999999,Increasing,25.059375,9.784988482843248
101_203,0.9395161290322581,4.6851411639181606e-14,1.0374736842105263,Increasing,26.07875,9.511453539680463
101_204,0.9375,5.284661597215745e-14,1.1180833333333338,Increasing,35.678125,10.76116322636057
101_205,0.9294354838709677,8.681944052568724e-14,0.8585839160839162,Increasing,23.79625,8.222396909508808
101_206,0.8991935483870968,5.340172748447003e-13,0.703066361556064,Increasing,45.7353125,6.772630574772535
101_207,0.9758064516129032,4.884981308350689e-15,1.0935416666666669,Increasing,22.059062500000003,11.000450376966105
101_208,0.9294354838709677,8.681944052568724e-14,1.099561904761905,Increasing,24.823437499999997,10.221392275937449
101_209,0.9798387096774194,3.774758283725532e-15,1.3842364532019706,Increasing,36.3075,12.84732219180324
101_21,0.8649193548387096,3.903322109977125e-12,0.6989204545454544,Increasing,32.655625,6.711148810701116
101_210,0.9032258064516129,4.205524817280093e-13,0.672357142857143,Increasing,21.6534375,7.921767719934342
101_211,0.9616935483870968,1.176836406102666e-14,1.0387820512820514,Increasing,25.471249999999998,9.636366908098715
101_212,0.8064516129032258,9.776668363770114e-11,0.832115384615384,Increasing,22.7603125,7.868338247517309
101_213,0.7923387096774194,2.0593349248088089e-10,0.9703333333333335,Increasing,29.5715625,9.198514862932697
101_214,0.8850806451612904,1.2225775947172224e-12,0.644810606060606,Increasing,13.9025,6.553060830634796
101_215,0.875,2.191358206005134e-12,0.9513461538461537,Increasing,22.4465625,9.156679122836715
101_216,0.8649193548387096,3.903322109977125e-12,1.1047241379310344,Increasing,28.251562500000002,10.614002281589812
101_217,0.9556451612903226,1.709743457922741e-14,1.189763157894737,Increasing,26.7109375,11.055703663543708
101_218,0.9153225806451613,2.0405899192610377e-13,1.2918236714975846,Increasing,28.181874999999998,12.293992038161363
101_219,0.7741935483870968,5.268148139947471e-10,1.1680944055944056,Increasing,39.7184375,12.01382617793323
101_22,0.9375,5.284661597215745e-14,1.003076923076923,Increasing,34.876875,9.368434847100929
101_220,0.8608870967741935,4.908073947262892e-12,0.7410714285714286,Increasing,16.2134375,7.064473887600814
101_221,0.7883064516129032,2.541908905584478e-10,0.49333333333333335,Increasing,19.203125,5.140555926587609
101_222,0.9193548387096774,1.6009416015094757e-13,0.7406250000000001,Increasing,19.991875,7.733840991666107
101_223,0.875,2.191358206005134e-12,1.1025555555555553,Increasing,30.075,10.360919662365886
101_224,0.7379032258064516,3.238943557803964e-09,0.2662352941176471,Increasing,19.9446875,2.727990313828799
101_225,0.8870967741935484,1.0869083411080283e-12,1.4049999999999998,Increasing,30.3728125,13.015475700674322
101_226,0.8185483870967742,5.111089329545848e-11,0.8217672413793102,Increasing,23.611562499999998,8.666360651022652
101_227,0.8306451612903226,2.6473268022186858e-11,1.177386363636364,Increasing,27.997812500000002,11.361401413991311
101_228,0.9435483870967742,3.6415315207705135e-14,1.2041176470588235,Increasing,32.230000000000004,11.250904963601817
101_229,0.7379032258064516,3.238943557803964e-09,0.45306020066889624,Increasing,12.9296875,4.755416309572039
101_23,0.9314516129032258,7.682743330406083e-14,0.9754999999999996,Increasing,40.7609375,9.00747306385613
101_230,0.9475806451612904,2.842170943040401e-14,0.900036231884058,Increasing,20.770937500000002,8.541152351766929
101_231,0.8487903225806451,9.698242209310592e-12,0.5915641711229946,Increasing,11.801250000000001,6.171182904233191
101_232,0.7923387096774194,2.0593349248088089e-10,0.6842898550724638,Increasing,17.1659375,6.617726129199799
101_233,0.8911290322580645,8.586464872450961e-13,0.38417874396135265,Increasing,14.692812499999999,3.7505968144874955
101_234,0.8629032258064516,4.377387341492067e-12,0.5480434782608696,Increasing,11.782812499999999,5.437040919916251
101_235,0.7681451612903226,7.171752081092109e-10,1.3618214285714285,Increasing,33.4134375,13.595099440923326
101_236,0.7397849462365591,5.5503484031049766e-09,1.239285714285714,Increasing,25.848709677419354,12.00514452679605
101_237,0.9596774193548387,1.3322676295501878e-14,1.2233333333333332,Increasing,31.865625,12.438608477614165
101_238,0.8467741935483871,1.0854206422550305e-11,1.3482692307692308,Increasing,39.17,13.00759898098031
101_239,0.9556451612903226,1.709743457922741e-14,1.3017142857142852,Increasing,39.896249999999995,12.172409567850567
101_24,0.9233870967741935,1.254552017826427e-13,0.9942454545454547,Increasing,40.3534375,9.661400199173707
101_240,0.8669354838709677,3.4794389591752406e-12,1.3554120879120881,Increasing,26.160937500000003,13.013812460078476
101_241,0.8991935483870968,5.340172748447003e-13,1.086625386996904,Increasing,25.310624999999998,10.038043241059237
101_242,0.9153225806451613,2.0405899192610377e-13,1.2831250000000005,Increasing,29.1565625,12.0096358732725
101_243,0.9233870967741935,1.254552017826427e-13,1.2278444444444445,Increasing,32.336875000000006,11.454403748531611
101_244,0.9556451612903226,1.709743457922741e-14,1.1208333333333338,Increasing,24.2490625,10.850084204562366
101_245,0.9596774193548387,1.3322676295501878e-14,1.1260294117647058,Increasing,55.175625,10.282712111081151
101_246,0.9314516129032258,7.682743330406083e-14,1.5676363636363635,Increasing,36.5146875,14.602930567264359
101_247,0.9435483870967742,3.6415315207705135e-14,1.5511805555555558,Increasing,38.5925,14.39198170857648
101_248,0.9012096774193549,4.740652315149418e-13,1.436770833333333,Increasing,37.251562500000006,13.779417193175977
101_249,0.8306451612903226,2.6473268022186858e-11,1.080763157894737,Increasing,42.2253125,10.140020027216108
101_25,0.8508064516129032,8.663292305755022e-12,0.9048160535117058,Increasing,28.853125,8.792358343150886
101_250,0.9637096774193549,1.021405182655144e-14,1.7976515151515153,Increasing,32.125625,16.599507887566276
101_251,0.9879032258064516,2.220446049250313e-15,1.5352777777777777,Increasing,37.231562499999995,14.108912101349052
101_252,0.9637096774193549,1.021405182655144e-14,1.4653472222222221,Increasing,35.06875,13.60108422838047
101_253,0.8991935483870968,5.340172748447003e-13,1.2579454545454545,Increasing,30.471562499999997,11.940011282808477
101_254,0.8870967741935484,1.0869083411080283e-12,0.9320454545454546,Increasing,28.823125,8.769425023020323
101_255,0.8387096774193549,1.6986412276764895e-11,0.9133791208791209,Increasing,38.0675,9.10334725526825
101_256,0.9112903225806451,2.6001423236721166e-13,1.1248684210526316,Increasing,32.8440625,10.668103410217476
101_257,0.8951612903225806,6.774580896262705e-13,0.9885855263157892,Increasing,48.451875,9.3155191204986
101_258,0.9354838709677419,5.995204332975845e-14,1.2626244343891402,Increasing,47.4825,11.934266315949213
101_259,0.9415322580645161,4.1300296516055823e-14,1.4583333333333335,Increasing,23.205624999999998,14.008166354286882
101_26,0.9153225806451613,2.0405899192610377e-13,1.126723484848485,Increasing,50.088750000000005,10.39443503455094
101_260,0.9395161290322581,4.6851411639181606e-14,0.6199999999999999,Increasing,15.6759375,5.946206700165557
101_261,0.9475806451612904,2.842170943040401e-14,1.1464000000000003,Increasing,19.9875,11.887406939698833
101_262,0.9092741935483871,2.9332092310596636e-13,1.0205000000000002,Increasing,47.89125,9.507575187054792
101_263,0.8548387096774194,6.907363570007874e-12,1.2657509881422926,Increasing,48.2365625,11.684536685662541
101_264,0.7358870967741935,3.574073925705079e-09,0.9818,Increasing,39.32375,9.953273252428067
101_265,0.8346774193548387,2.121680608979659e-11,0.8058306451612902,Increasing,45.9953125,8.199783908880999
101_266,0.8689516129032258,3.1008529077780622e-12,1.2134523809523812,Increasing,43.1259375,11.436090038605577
101_267,0.9294354838709677,8.681944052568724e-14,0.88445652173913,Increasing,46.961875,8.498906708181647
101_268,0.8467741935483871,1.0854206422550305e-11,1.4020604395604397,Increasing,53.368750000000006,12.921450854586725
101_269,0.8629032258064516,4.377387341492067e-12,1.1070726495726495,Increasing,36.5628125,10.379739951696466
101_27,0.9556451612903226,1.709743457922741e-14,1.366098484848485,Increasing,39.690625000000004,12.698415486168933
101_270,0.907258064516129,3.3084646133829665e-13,1.6414204545454547,Increasing,39.658437500000005,15.902062191225193
101_271,0.7318548387096774,4.348602589132611e-09,1.2093695652173913,Increasing,37.35375,14.355419653827608
101_272,0.8104838709677419,7.883982355849639e-11,0.6943447293447294,Increasing,37.551249999999996,6.796674623483163
101_273,0.9435483870967742,3.6415315207705135e-14,1.2003846153846156,Increasing,48.066250000000004,11.410343375091742
101_274,0.844758064516129,1.2144951710979512e-11,0.7158424908424907,Increasing,23.545,7.323919288878052
101_275,0.8508064516129032,8.663292305755022e-12,1.1111688311688313,Increasing,23.26375,10.716711176359096
101_276,0.6915322580645161,2.9223376829534686e-08,0.4790000000000002,Increasing,17.5809375,5.143075052543347
101_277,0.875,2.191358206005134e-12,1.5909090909090908,Increasing,34.3109375,15.419112604040928
101_278,0.7661290322580645,7.944338520360361e-10,0.37370370370370376,Increasing,16.825625,3.693994228389508
101_279,0.8306451612903226,2.6473268022186858e-11,1.3719374999999998,Increasing,33.3328125,13.25561183857025
101_28,0.9314516129032258,7.682743330406083e-14,1.2546727272727272,Increasing,39.589375,11.614031636747637
101_280,0.8629032258064516,4.377387341492067e-12,1.0401666666666665,Increasing,23.306250000000002,9.933845161240434
101_281,0.9354838709677419,5.995204332975845e-14,1.5021693121693123,Increasing,32.5996875,13.846745439898278
101_282,0.782258064516129,3.479141419404641e-10,1.0312862318840579,Increasing,28.133125,10.233690816825325
101_283,0.8245967741935484,3.682676386063122e-11,0.56,Increasing,27.4084375,5.429792301146864
101_284,0.9516129032258065,2.19824158875781e-14,1.1200000000000006,Increasing,29.4409375,10.369460979052564
101_285,0.9354838709677419,5.995204332975845e-14,1.2419607843137253,Increasing,41.56,11.398531977846972
101_286,0.07459677419354839,0.5593600509011936,0.044722222222222205,No significant trend,41.6353125,2.823305890679179
101_287,0.8407258064516129,1.5192958002785417e-11,1.0368303571428572,Increasing,24.9915625,9.88823862897704
101_288,0.8810483870967742,1.5452084056732929e-12,0.8366842105263158,Increasing,20.83375,8.063529294762933
101_289,0.7479838709677419,1.9721104749237384e-09,0.566153846153846,Increasing,44.839375,6.146675390760033
101_29,0.9798387096774194,3.774758283725532e-15,1.0743749999999999,Increasing,37.2171875,9.831886020232524
101_290,0.9637096774193549,1.021405182655144e-14,1.1399999999999997,Increasing,38.9046875,10.650844738908917
101_291,0.9112903225806451,2.6001423236721166e-13,0.8699999999999998,Increasing,33.2446875,8.17061349608117
101_292,0.8185483870967742,5.111089329545848e-11,0.8615384615384616,Increasing,17.2825,7.9668763483563625
101_293,0.9475806451612904,2.842170943040401e-14,1.457471590909091,Increasing,46.6203125,13.690326302807533
101_294,0.9274193548387096,9.814371537686384e-14,1.3153846153846156,Increasing,33.208749999999995,12.327893613164417
101_295,0.8487903225806451,9.698242209310592e-12,1.7384166666666667,Increasing,35.678124999999994,15.794875442192476
101_296,0.9092741935483871,2.9332092310596636e-13,1.5263377192982457,Increasing,36.970937500000005,14.89253448866558
101_297,0.8709677419354839,2.7626789744772395e-12,0.7563970588235296,Increasing,13.82,7.949665480383436
101_298,0.6713709677419355,7.29042284319803e-08,0.5272500000000001,Increasing,27.90125,5.606114268145094
101_299,0.8306451612903226,2.6473268022186858e-11,1.0340833333333332,Increasing,33.07125,10.086884662149162
101_3,0.7298387096774194,4.794858066148322e-09,0.9512500000000004,Increasing,43.0984375,10.070345422754562
101_30,0.8870967741935484,1.0869083411080283e-12,1.2959210526315794,Increasing,45.6453125,11.72387654115923
101_300,0.8951612903225806,6.774580896262705e-13,0.9963333333333334,Increasing,38.02125,9.907909324751614
101_301,0.9354838709677419,5.995204332975845e-14,1.1128174603174603,Increasing,40.290625,10.444712459391834
101_302,0.7580645161290323,1.193087628692524e-09,0.7384259259259259,Increasing,16.234375,7.379690854593775
101_303,0.9274193548387096,9.814371537686384e-14,1.239642857142857,Increasing,29.987500000000004,12.146317857688395
101_304,0.9314516129032258,7.682743330406083e-14,1.298131868131868,Increasing,27.726875,12.22733986745993
101_305,0.8850806451612904,1.2225775947172224e-12,1.0048076923076918,Increasing,29.638437500000002,9.471757396787238
101_306,0.9556451612903226,1.709743457922741e-14,1.017291666666667,Increasing,26.70625,9.98097275757729
101_307,0.9717741935483871,6.217248937900877e-15,0.9191071428571429,Increasing,22.3584375,8.945007025351838
101_308,0.9354838709677419,5.995204332975845e-14,1.1053137254901961,Increasing,26.294687500000002,10.389342491339082
101_309,0.9032258064516129,4.205524817280093e-13,1.2484294871794872,Increasing,27.6628125,11.775907935902172
101_31,0.907258064516129,3.3084646133829665e-13,1.4082954545454547,Increasing,42.9234375,12.348760213421983
101_310,0.8870967741935484,1.0869083411080283e-12,1.177195652173913,Increasing,34.636250000000004,10.847980154733875
101_311,0.967741935483871,7.993605777301127e-15,1.435,Increasing,42.82843749999999,13.436930478483312
101_312,0.9274193548387096,9.814371537686384e-14,1.1125,Increasing,41.6209375,10.733154056291829
101_313,0.9314516129032258,7.682743330406083e-14,1.038257575757576,Increasing,23.373124999999998,9.701261012588775
101_314,0.9516129032258065,2.19824158875781e-14,1.22675,Increasing,27.916249999999998,11.592253272660152
101_315,0.9153225806451613,2.0405899192610377e-13,1.294896551724138,Increasing,32.3453125,12.345046573518616
101_316,0.9516129032258065,2.19824158875781e-14,1.4636244019138756,Increasing,34.892500000000005,13.608830772700497
101_317,0.7903225806451613,2.2882273853497281e-10,0.5669615384615385,Increasing,27.0765625,5.568477467727938
101_318,0.8568548387096774,6.165290500348419e-12,1.3470138888888892,Increasing,29.2578125,12.94686466252906
101_319,0.7701612903225806,6.472633540255401e-10,1.3772348484848485,Increasing,33.95875,13.461893846613856
101_32,0.9495967741935484,2.5091040356528538e-14,1.4947603485838779,Increasing,40.42125,14.130613652191471
101_320,0.8245967741935484,3.682676386063122e-11,1.1746428571428567,Increasing,34.018125,11.656631277276253
101_321,0.9092741935483871,2.9332092310596636e-13,0.6653632478632479,Increasing,34.526250000000005,6.245815974514459
101_322,0.907258064516129,3.3084646133829665e-13,1.4063858695652174,Increasing,28.738125,13.426419021257121
101_323,0.8608870967741935,4.908073947262892e-12,1.007962962962963,Increasing,37.72,9.696056543770771
101_324,0.8931451612903226,7.629452625224076e-13,1.3352380952380951,Increasing,20.95375,12.521767484564629
101_325,0.8790322580645161,1.7366108551186699e-12,1.12,Increasing,28.658125,11.035497960417327
101_326,0.8346774193548387,2.121680608979659e-11,0.9145000000000001,Increasing,26.6259375,8.948101704892148
101_327,0.967741935483871,7.993605777301127e-15,1.2882589285714285,Increasing,24.3403125,13.101632647397183
101_328,0.8225806451612904,4.108913209677212e-11,1.2243181818181816,Increasing,28.225,11.66347879065247
101_329,0.9657258064516129,9.103828801926284e-15,1.2311607142857146,Increasing,25.629375,11.399204176580705
101_33,0.8709677419354839,2.7626789744772395e-12,1.045203804347826,Increasing,46.0321875,9.823934654192472
101_330,0.9375,5.284661597215745e-14,1.299642857142857,Increasing,30.1146875,12.18486714750488
101_331,0.9596774193548387,1.3322676295501878e-14,1.224,Increasing,31.439687499999998,11.340178427932418
101_332,0.9274193548387096,9.814371537686384e-14,1.3335555555555554,Increasing,31.2596875,12.524764340191945
101_333,0.7741935483870968,5.268148139947471e-10,0.8974999999999997,Increasing,50.84125,8.864785935796759
101_334,0.03024193548387097,0.8204001472261235,0.02510869565217405,No significant trend,34.4303125,5.60272616922724
101_335,0.8850806451612904,1.2225775947172224e-12,0.9086580882352941,Increasing,40.785937499999996,9.299690135756876
101_336,0.9032258064516129,4.205524817280093e-13,0.9108703703703702,Increasing,50.465625,8.631060529238281
101_337,0.8951612903225806,6.774580896262705e-13,1.3017156862745098,Increasing,44.4815625,12.332144762108243
101_338,0.8709677419354839,2.7626789744772395e-12,1.156733333333333,Increasing,37.24843750000001,10.629051612613129
101_339,0.9516129032258065,2.19824158875781e-14,0.9113392857142858,Increasing,24.591562500000002,8.416265542602238
101_34,0.8911290322580645,8.586464872450961e-13,1.153125,Increasing,46.295312499999994,10.825253168048485
101_340,0.8709677419354839,2.7626789744772395e-12,1.2878409090909093,Increasing,29.7340625,12.2421556157849
101_341,0.8266129032258065,3.299827078251383e-11,0.8761363636363639,Increasing,58.18062499999999,8.713585634477635
101_342,0.9112903225806451,2.6001423236721166e-13,1.0502380952380954,Increasing,46.711875,10.390619699246768
101_343,0.8850806451612904,1.2225775947172224e-12,0.9460661764705882,Increasing,35.3534375,9.180188794823
101_344,0.8548387096774194,6.907363570007874e-12,0.8703050397877985,Increasing,26.454375,8.205062057009382
101_345,0.9455645161290323,3.219646771412954e-14,1.389366883116883,Increasing,24.276875,12.971907010319454
101_346,0.7903225806451613,2.2882273853497281e-10,0.4199999999999996,Increasing,17.290625000000002,4.390544483247494
101_347,0.8669354838709677,3.4794389591752406e-12,0.49083333333333345,Increasing,10.787500000000001,5.870390212754175
101_348,0.8548387096774194,6.907363570007874e-12,0.7672727272727271,Increasing,26.518749999999997,7.381937309236648
101_349,0.8245967741935484,3.682676386063122e-11,0.9952777777777777,Increasing,36.408437500000005,9.278730081945145
101_35,0.8991935483870968,5.340172748447003e-13,1.1438875598086125,Increasing,41.4746875,10.590704646167023
101_350,0.8770161290322581,1.95110594347625e-12,0.8460977011494253,Increasing,18.230625,9.08020922718056
101_351,0.8326612903225806,2.3702817486537242e-11,0.477888888888889,Increasing,17.4309375,4.530462420779335
101_352,0.8326612903225806,2.3702817486537242e-11,0.8526495726495726,Increasing,30.400624999999998,8.555941626108432
101_353,0.9032258064516129,4.205524817280093e-13,0.9047727272727272,Increasing,41.99875,8.65262523385244
101_354,0.844758064516129,1.2144951710979512e-11,0.9195238095238092,Increasing,29.014374999999998,8.90862711697908
101_355,0.8387096774193549,1.6986412276764895e-11,1.1460769230769234,Increasing,33.0878125,11.353242029915673
101_356,0.7237903225806451,6.417795184177066e-09,1.0984971509971513,Increasing,32.46125,11.221118969937892
101_357,0.9193548387096774,1.6009416015094757e-13,1.1589880952380955,Increasing,34.939375,10.980833853099455
101_358,0.9233870967741935,1.254552017826427e-13,0.9213461538461538,Increasing,23.981562500000003,8.805826944903798
101_359,0.905241935483871,3.730349362740526e-13,1.0047222222222223,Increasing,31.638749999999998,9.634400198637174
101_36,0.7157258064516129,9.432809422449395e-09,1.2939285714285713,Increasing,47.271875,13.327465634334796
101_360,0.8366935483870968,1.8986590077929577e-11,1.047215909090909,Increasing,32.271875,9.745495574078056
101_361,0.8346774193548387,2.121680608979659e-11,1.1697826086956522,Increasing,43.4675,10.949572765637935
101_362,0.9314516129032258,7.682743330406083e-14,1.217375,Increasing,36.8628125,11.655932029007536
101_363,0.8830645161290323,1.3746781490908688e-12,1.33974025974026,Increasing,31.0153125,12.784033250595986
101_364,0.842741935483871,1.3585577107733116e-11,0.9765128205128204,Increasing,28.098125,9.327456592468014
101_365,0.907258064516129,3.3084646133829665e-13,1.3150579710144927,Increasing,27.319062499999998,12.485218850548586
101_366,0.8891129032258065,9.661160760288112e-13,0.9741666666666664,Increasing,19.193749999999998,9.67596434147522
101_367,0.6794354838709677,5.073125608490159e-08,0.56325,Increasing,22.5640625,5.9780524940062
101_368,0.8467741935483871,1.0854206422550305e-11,0.8885714285714289,Increasing,31.192812500000002,8.590412982787484
101_369,0.8004032258064516,1.3474710236494047e-10,0.75834008097166,Increasing,29.957500000000003,7.735695670073896
101_37,0.9516129032258065,2.19824158875781e-14,1.1002941176470586,Increasing,45.7390625,10.248306981940663
101_370,0.9153225806451613,2.0405899192610377e-13,0.9657738095238093,Increasing,21.61125,8.969930932705111
101_371,0.9133064516129032,2.304822999121825e-13,0.9118803418803416,Increasing,24.701875,8.953750065440458
101_372,0.9334677419354839,6.772360450213455e-14,1.8013333333333335,Increasing,32.7121875,16.495151888959487
101_373,0.9395161290322581,4.6851411639181606e-14,1.456,Increasing,27.784062499999997,13.414260569300634
101_374,0.9274193548387096,9.814371537686384e-14,1.480875,Increasing,30.508125,14.024757002685465
101_375,0.8709677419354839,2.7626789744772395e-12,1.194375,Increasing,28.805,11.237382368683555
101_376,0.8669354838709677,3.4794389591752406e-12,1.3258333333333332,Increasing,31.228749999999998,12.421435542540966
101_377,0.7883064516129032,2.541908905584478e-10,1.1017236024844719,Increasing,25.8940625,11.048701241371935
101_378,0.8629032258064516,4.377387341492067e-12,1.3572777777777776,Increasing,30.695,12.845427445203994
101_379,0.9133064516129032,2.304822999121825e-13,0.8981652661064427,Increasing,32.55875,8.75688505905496
101_38,0.9475806451612904,2.842170943040401e-14,1.4276721014492755,Increasing,39.55375,13.413204489886077
101_380,0.9596774193548387,1.3322676295501878e-14,1.2807142857142857,Increasing,32.2625,11.998520221260621
101_381,0.9193548387096774,1.6009416015094757e-13,0.9018060200668896,Increasing,19.63375,8.600292418720423
101_382,0.9112903225806451,2.6001423236721166e-13,1.2864285714285715,Increasing,30.60625,12.034636146867921
101_383,0.9254032258064516,1.1102230246251565e-13,1.3240925925925928,Increasing,43.1484375,12.791678962653563
101_384,0.8991935483870968,5.340172748447003e-13,1.2664999999999997,Increasing,42.6609375,11.844855518160353
101_385,0.8508064516129032,8.663292305755022e-12,1.1125789473684211,Increasing,32.90375,10.526861993846978
101_386,0.967741935483871,7.993605777301127e-15,1.0419692307692308,Increasing,25.195,9.785205031066033
101_387,0.9536290322580645,1.9539925233402755e-14,1.4754545454545456,Increasing,34.611562500000005,13.711091110250626
101_388,0.8991935483870968,5.340172748447003e-13,1.1466923076923077,Increasing,24.274375,11.643898868479363
101_389,0.8911290322580645,8.586464872450961e-13,1.135217391304348,Increasing,19.111562499999998,11.430216563284956
101_39,0.9314516129032258,7.682743330406083e-14,1.3937739463601533,Increasing,38.3484375,13.27920910421979
101_390,0.8669354838709677,3.4794389591752406e-12,1.5129545454545454,Increasing,38.6625,14.276295913156186
101_391,0.8588709677419355,5.501599176227501e-12,0.9815925925925926,Increasing,31.5846875,9.50291500816164
101_392,0.9314516129032258,7.682743330406083e-14,0.9142760180995475,Increasing,39.9703125,8.533282444484287
101_393,0.719758064516129,7.784594746595985e-09,0.9786965811965812,Increasing,31.567812500000002,9.624524902032503
101_394,0.905241935483871,3.730349362740526e-13,1.22469696969697,Increasing,28.4953125,11.74760001669889
101_395,0.844758064516129,1.2144951710979512e-11,0.764779411764706,Increasing,50.043437499999996,7.22994709929428
101_396,0.8709677419354839,2.7626789744772395e-12,1.095132275132275,Increasing,48.211875,10.338388848576695
101_397,0.9233870967741935,1.254552017826427e-13,0.9325694444444446,Increasing,31.7915625,8.864673255884492
101_398,0.875,2.191358206005134e-12,0.9600207039337474,Increasing,31.5415625,8.960054795233885
101_399,0.8225806451612904,4.108913209677212e-11,0.9195095693779904,Increasing,23.048125,8.87098304780113
101_4,0.8467741935483871,1.0854206422550305e-11,0.8783974358974356,Increasing,42.10125,8.30565648744878
101_40,0.9294354838709677,8.681944052568724e-14,1.3010817307692306,Increasing,34.8065625,12.022399565336105
101_400,0.8931451612903226,7.629452625224076e-13,0.9951458333333334,Increasing,25.38375,9.239809843146125
101_401,0.8790322580645161,1.7366108551186699e-12,0.8311428571428572,Increasing,27.765,7.677165411139713
101_402,0.8387096774193549,1.6986412276764895e-11,1.093888888888889,Increasing,33.204062500000006,10.768971590690253
101_403,0.9193548387096774,1.6009416015094757e-13,0.8500641025641026,Increasing,26.793437499999996,8.159028974614182
101_404,0.8689516129032258,3.1008529077780622e-12,1.1402380952380953,Increasing,29.489062500000003,11.18858663979029
101_405,0.9274193548387096,9.814371537686384e-14,1.1814143920595535,Increasing,39.9878125,11.002839046802592
101_406,0.8669354838709677,3.4794389591752406e-12,0.9756118881118883,Increasing,19.1728125,9.791119456673162
101_407,0.33064516129032256,0.008210665350528501,0.10356250000000003,Increasing,12.89125,2.0381421534083435
101_408,0.7540322580645161,1.4598573461199749e-09,0.3605392156862745,Increasing,14.7828125,3.7374692593844503
101_409,0.42338709677419356,0.0007008697006916087,0.26,Increasing,11.682187499999998,3.40688524753091
101_41,0.9435483870967742,3.6415315207705135e-14,1.4947499999999998,Increasing,37.3353125,13.867197577461127
101_410,0.7096774193548387,1.2557821005287906e-08,0.2869669117647059,Increasing,12.7925,2.890155705148081
101_411,0.7721774193548387,5.84016834892509e-10,0.22076923076923077,Increasing,10.435937500000001,2.258337136278317
101_412,0.8770161290322581,1.95110594347625e-12,0.7436904761904761,Increasing,11.56,7.038218879801906
101_413,0.5544354838709677,8.858614525264485e-06,0.3770454545454546,Increasing,17.975625,4.227256008260559
101_414,0.9354838709677419,5.995204332975845e-14,0.8434874608150471,Increasing,19.5221875,8.208273164304643
101_415,0.8951612903225806,6.774580896262705e-13,1.2013859649122804,Increasing,30.809687500000003,11.623306189606456
101_416,0.8709677419354839,2.7626789744772395e-12,0.9556140350877194,Increasing,50.213750000000005,9.18579703604973
101_417,0.782258064516129,3.479141419404641e-10,0.6286096256684494,Increasing,41.7503125,6.622527125451715
101_418,0.7681451612903226,7.171752081092109e-10,1.0664666666666667,Increasing,52.489374999999995,12.198068734819254
101_419,0.7681451612903226,7.171752081092109e-10,0.5246875,Increasing,12.3284375,5.1222493285268484
101_42,0.6370967741935484,3.252720022217659e-07,0.6200718390804598,Increasing,17.0875,6.504260622853301
101_420,0.907258064516129,3.3084646133829665e-13,0.6797537878787878,Increasing,14.43375,6.456323813711639
101_421,0.6169354838709677,7.574687868050489e-07,0.5897179487179487,Increasing,10.9771875,6.42407640948049
101_422,0.8286290322580645,2.956013211985464e-11,0.5345833333333332,Increasing,17.5865625,13.177321809024539
101_423,0.7883064516129032,2.541908905584478e-10,0.6261721611721611,Increasing,14.4159375,6.154406886215255
101_424,0.8588709677419355,5.501599176227501e-12,1.1727182539682541,Increasing,26.69,11.107025648210236
101_425,0.780241935483871,3.8608760632996564e-10,0.9404545454545457,Increasing,41.637187499999996,9.17932705675333
101_426,0.875,2.191358206005134e-12,1.5197222222222222,Increasing,32.27375,13.756544294898337
101_427,0.9173387096774194,1.8074430840897548e-13,1.6840277777777772,Increasing,29.9859375,15.789549126592998
101_428,0.7862903225806451,2.8229885096209273e-10,0.7052631578947368,Increasing,26.927500000000002,7.416823359767981
101_429,0.8870967741935484,1.0869083411080283e-12,1.2250595238095239,Increasing,37.216875,11.363462675803314
101_43,0.8104838709677419,7.883982355849639e-11,0.6804545454545452,Increasing,29.435,6.668263923241191
101_430,0.8810483870967742,1.5452084056732929e-12,1.2264705882352938,Increasing,34.78875,11.419157354529274
101_431,0.9233870967741935,1.254552017826427e-13,1.0294736842105263,Increasing,45.946875000000006,9.697349972254017
101_432,0.9657258064516129,9.103828801926284e-15,0.9593809523809522,Increasing,29.7178125,8.96423648950895
101_433,0.9354838709677419,5.995204332975845e-14,1.5912648809523808,Increasing,32.576875,14.862463086055925
101_434,0.7016129032258065,1.832546869806606e-08,0.41780303030303023,Increasing,19.708125000000003,4.388857651413976
101_435,0.8629032258064516,4.377387341492067e-12,0.4838888888888889,Increasing,25.800625,4.614452796310197
101_436,0.6854838709677419,3.854806762682017e-08,0.5584999999999998,Increasing,21.88,6.099815570982455
101_437,0.7741935483870968,5.268148139947471e-10,0.5445344129554656,Increasing,23.785625000000003,5.425758551518396
101_438,0.8629032258064516,4.377387341492067e-12,0.725169082125604,Increasing,23.3378125,6.939532915826811
101_439,0.9354838709677419,5.995204332975845e-14,0.9084461538461539,Increasing,20.166875,8.6700517002135
101_44,0.8790322580645161,1.7366108551186699e-12,1.218452380952381,Increasing,40.706875,11.603823033137614
101_440,0.7439516129032258,2.4068798065712826e-09,0.6383806818181819,Increasing,45.865,6.409648001255607
101_441,0.8125,7.077094466012568e-11,0.8294818181818181,Increasing,52.915625,8.549241537082398
101_442,0.9153225806451613,2.0405899192610377e-13,1.0343055555555556,Increasing,34.16312500000001,9.728465140214823
101_443,0.9516129032258065,2.19824158875781e-14,1.4897058823529412,Increasing,32.91,13.701777941201646
101_444,0.8467741935483871,1.0854206422550305e-11,1.2654545454545456,Increasing,33.445,12.087024034062315
101_445,0.8870967741935484,1.0869083411080283e-12,1.5832666666666666,Increasing,36.43875,14.833735569218565
101_446,0.7661290322580645,7.944338520360361e-10,1.1198692810457516,Increasing,40.8828125,10.681216057399258
101_447,0.9112903225806451,2.6001423236721166e-13,1.4373891625615762,Increasing,31.56875,13.673160468139764
101_448,0.9112903225806451,2.6001423236721166e-13,1.24375,Increasing,29.868750000000002,11.760826328855469
101_449,0.9032258064516129,1.0675904604795505e-12,1.4642105263157894,Increasing,22.77967741935484,13.613354800643366
101_45,0.9637096774193549,1.021405182655144e-14,1.3426136363636365,Increasing,47.1359375,12.587537452619307
101_450,0.9435483870967742,3.6415315207705135e-14,0.7445000000000002,Increasing,16.1834375,7.063077679637521
101_451,0.8971774193548387,6.017408793468348e-13,1.203123076923077,Increasing,40.636875,11.393363593968859
101_452,0.9113300492610837,4.461764291363579e-12,0.8977777777777776,Increasing,13.779310344827588,7.807170413741673
101_453,0.8669354838709677,3.4794389591752406e-12,0.7056465517241379,Increasing,17.2128125,7.481029438843544
101_454,0.7358870967741935,3.574073925705079e-09,0.3555,Increasing,18.0946875,3.8712764241711994
101_455,0.8870967741935484,1.0869083411080283e-12,1.4809740259740263,Increasing,34.426874999999995,14.111703794523715
101_456,0.8830645161290323,1.3746781490908688e-12,1.3093749999999995,Increasing,28.777187499999997,11.641072554315762
101_457,0.9193548387096774,1.6009416015094757e-13,1.0264142857142857,Increasing,44.080625,9.809698306236283
101_458,0.8286290322580645,2.956013211985464e-11,1.5194545454545456,Increasing,38.0084375,13.954901045281323
101_459,0.9314516129032258,7.682743330406083e-14,1.5192063492063492,Increasing,46.339375000000004,14.512877673272623
101_46,0.9112903225806451,2.6001423236721166e-13,1.1432068965517241,Increasing,41.7778125,10.579263246551896
101_460,0.9435483870967742,3.6415315207705135e-14,1.1271412037037036,Increasing,45.056875,10.472578311207561
101_461,0.3951612903225806,0.001565774864560776,0.30416666666666703,Increasing,26.385624999999997,4.327532450412706
101_462,0.875,2.191358206005134e-12,1.3895927601809956,Increasing,31.416874999999997,12.845232441819611
101_463,0.9274193548387096,9.814371537686384e-14,1.7129166666666669,Increasing,40.6125,16.12043404347414
101_464,0.9133064516129032,2.304822999121825e-13,1.2106249999999998,Increasing,24.910625,11.503821630631057
101_465,0.6834677419354839,4.225433603011197e-08,0.6347916666666664,Increasing,29.466250000000002,7.266374934415372
101_466,0.9274193548387096,9.814371537686384e-14,0.9261904761904762,Increasing,19.4590625,11.323481233529455
101_467,0.7479838709677419,1.9721104749237384e-09,0.6919565217391304,Increasing,34.45218750000001,7.510687690873836
101_468,0.8568548387096774,6.165290500348419e-12,1.0152564102564097,Increasing,50.29625,9.727212071683232
101_469,0.9314516129032258,7.682743330406083e-14,1.2808333333333333,Increasing,44.893437500000005,11.62608989766524
101_47,0.7379032258064516,3.238943557803964e-09,1.3087692307692307,Increasing,35.631249999999994,13.408292152153457
101_470,0.8951612903225806,6.774580896262705e-13,1.4605555555555556,Increasing,51.6965625,13.699119636261074
101_471,0.9354838709677419,5.995204332975845e-14,1.2655637254901961,Increasing,49.67125,11.858023061939962
101_472,0.8467741935483871,1.0854206422550305e-11,0.9839393939393939,Increasing,33.4921875,9.319198508447158
101_473,0.9717741935483871,6.217248937900877e-15,1.1865,Increasing,41.09125,10.974142264318427
101_474,0.8971774193548387,6.017408793468348e-13,1.1908888888888889,Increasing,40.406875,10.901629590771051
101_475,0.8931451612903226,7.629452625224076e-13,0.9815740740740738,Increasing,23.55375,9.065030939687961
101_476,0.9153225806451613,2.0405899192610377e-13,0.8735972850678733,Increasing,18.785,8.616990121266241
101_477,0.780241935483871,3.8608760632996564e-10,0.5271894409937887,Increasing,15.4678125,5.213866568089728
101_478,0.9758064516129032,4.884981308350689e-15,1.511111111111111,Increasing,26.268749999999997,14.271822271087178
101_479,0.8145161290322581,6.351164039131163e-11,1.0222875816993462,Increasing,37.62625,9.747700610272148
101_48,0.842741935483871,1.3585577107733116e-11,0.7633333333333333,Increasing,16.3815625,7.39497257828545
101_480,0.7681451612903226,7.171752081092109e-10,0.5602777777777779,Increasing,26.9221875,5.876396501244938
101_481,0.9717741935483871,6.217248937900877e-15,1.1335714285714285,Increasing,17.7865625,10.814211023398505
101_482,0.9274193548387096,9.814371537686384e-14,1.845357142857143,Increasing,24.928125,16.85859377244659
101_483,0.7943548387096774,1.8528600875811208e-10,0.5225420168067227,Increasing,13.8440625,5.103318074654347
101_484,0.5262096774193549,2.4836775924574894e-05,0.38847953216374265,Increasing,14.7721875,5.387195893026701
101_485,0.6693548387096774,7.977093474664798e-08,1.0495454545454546,Increasing,37.4715625,10.903296264597865
101_486,0.907258064516129,3.3084646133829665e-13,1.3190476190476188,Increasing,29.230937500000003,12.479317980005709
101_487,0.875,2.191358206005134e-12,0.8561032258064516,Increasing,21.684687500000003,8.115070850112385
101_488,0.8487903225806451,9.698242209310592e-12,1.15245,Increasing,21.7403125,11.460389523368905
101_489,0.9112903225806451,2.6001423236721166e-13,0.9796428571428573,Increasing,50.6553125,9.29551773180729
101_49,0.8548387096774194,6.907363570007874e-12,0.9821874999999997,Increasing,54.073125000000005,9.274468797962232
101_490,0.8145161290322581,6.351164039131163e-11,0.8163920454545455,Increasing,15.6996875,8.240004734667556
101_492,0.8951612903225806,6.774580896262705e-13,1.335603448275862,Increasing,31.0928125,12.870390979486356
101_493,0.9637096774193549,1.021405182655144e-14,0.9374242424242424,Increasing,35.0796875,8.67152000962598
101_494,0.7842741935483871,3.1343416750928554e-10,0.7518289473684212,Increasing,16.3203125,7.929284127671536
101_495,0.9274193548387096,9.814371537686384e-14,0.7548333333333332,Increasing,18.002499999999998,10.164988625178093
101_496,0.967741935483871,7.993605777301127e-15,1.746306818181818,Increasing,26.6759375,16.808982133701427
101_497,0.8548387096774194,6.907363570007874e-12,0.8809558823529414,Increasing,29.271250000000002,8.622387194826036
101_498,0.717741935483871,8.570263387852606e-09,1.0686666666666667,Increasing,28.7334375,10.36330051472955
101_499,0.9596774193548387,1.3322676295501878e-14,1.0217142857142862,Increasing,23.430625,9.888773602392513
101_5,0.8608870967741935,4.908073947262892e-12,1.3229425837320576,Increasing,30.8675,12.503702201748089
101_50,0.9354838709677419,5.995204332975845e-14,0.8391883116883119,Increasing,26.052500000000002,8.12817437989614
101_500,0.9314516129032258,7.682743330406083e-14,1.5368543956043959,Increasing,31.976875000000003,14.579119580220715
101_501,0.8689516129032258,3.1008529077780622e-12,1.1260765550239236,Increasing,28.3915625,11.547886199802706
101_502,0.9354838709677419,5.995204332975845e-14,1.2730075187969927,Increasing,31.9596875,11.771488989390585
101_503,0.8185483870967742,5.111089329545848e-11,0.5943650793650794,Increasing,52.012187499999996,6.857241033378055
101_504,0.9233870967741935,1.254552017826427e-13,0.8518465909090909,Increasing,49.539375,8.093435201407063
101_505,0.9112903225806451,2.6001423236721166e-13,1.1704000000000003,Increasing,30.2596875,10.988854149880403
101_506,0.967741935483871,7.993605777301127e-15,1.558333333333331,Increasing,26.6234375,14.928764309499757
101_507,0.7721774193548387,5.84016834892509e-10,0.6607142857142857,Increasing,28.93625,6.628761078625477
101_508,0.9637096774193549,1.021405182655144e-14,1.303923076923077,Increasing,23.456249999999997,12.599235281853419
101_509,0.8266129032258065,3.299827078251383e-11,0.8446232439335888,Increasing,24.774375,8.063935506895811
101_51,0.9596774193548387,1.3322676295501878e-14,1.669999999999999,Increasing,27.3040625,15.665668047392481
101_510,0.9213709677419355,1.4166445794216997e-13,1.2253571428571426,Increasing,22.1434375,11.617560417686398
101_511,0.9032258064516129,4.205524817280093e-13,1.1338749999999997,Increasing,33.519375,10.844364013595955
101_512,0.8830645161290323,1.3746781490908688e-12,1.1742666666666666,Increasing,25.3896875,11.209903123013317
101_513,0.9375,5.284661597215745e-14,1.655,Increasing,24.0453125,15.557043216895162
101_514,0.6814516129032258,4.630511263314929e-08,0.7686956521739128,Increasing,48.374375,8.909189756053857
101_515,0.9274193548387096,9.814371537686384e-14,1.3547619047619048,Increasing,37.9890625,12.8631361260034
101_516,0.8951612903225806,6.774580896262705e-13,1.004141876430206,Increasing,37.1196875,9.694312921880732
101_517,0.9354838709677419,5.995204332975845e-14,0.8276984126984126,Increasing,27.20875,7.780151328059114
101_518,0.967741935483871,7.993605777301127e-15,1.318362573099415,Increasing,41.5990625,12.35550063720988
101_519,0.7318548387096774,4.348602589132611e-09,1.3353571428571427,Increasing,49.076874999999994,13.255594205254436
101_52,0.9193548387096774,1.6009416015094757e-13,1.451705685618729,Increasing,46.1103125,13.506170461213044
101_520,0.8991935483870968,5.340172748447003e-13,0.8454248366013069,Increasing,51.82125,7.998793952059273
101_521,0.9274193548387096,9.814371537686384e-14,1.6630555555555557,Increasing,46.690625,15.524183540829933
101_522,0.8991935483870968,5.340172748447003e-13,1.1165773809523807,Increasing,41.399375,10.954447994279537
101_523,0.8588709677419355,5.501599176227501e-12,1.1291379310344822,Increasing,45.181250000000006,10.705072322852377
101_524,0.7358870967741935,3.574073925705079e-09,1.1079710144927537,Increasing,48.549375000000005,11.037565384149486
101_525,0.7540322580645161,1.4598573461199749e-09,1.166111111111111,Increasing,36.8071875,11.957581338416384
101_526,0.8991935483870968,5.340172748447003e-13,1.2648529411764708,Increasing,33.1403125,11.91479476438196
101_527,0.9112903225806451,2.6001423236721166e-13,1.1884615384615373,Increasing,47.3359375,11.02378787536724
101_528,0.8790322580645161,1.7366108551186699e-12,1.0885144927536232,Increasing,38.338125,10.36913642664494
101_53,0.8346774193548387,2.121680608979659e-11,1.0994444444444444,Increasing,43.9834375,10.503220223274086
101_530,0.8991935483870968,5.340172748447003e-13,1.4414583333333333,Increasing,39.651250000000005,13.199536391006315
101_531,0.9637096774193549,1.021405182655144e-14,1.03447261663286,Increasing,34.1884375,9.607887745680305
101_532,0.9395161290322581,4.6851411639181606e-14,1.672956577266922,Increasing,32.55499999999999,15.584535403726349
101_533,0.9516129032258065,2.19824158875781e-14,1.0057707509881424,Increasing,25.7415625,9.36781294826032
101_534,0.6955645161290323,2.4265743192586342e-08,0.5300721153846153,Increasing,47.49625,5.5595546977703165
101_535,0.842741935483871,1.3585577107733116e-11,0.6398214285714283,Increasing,50.9359375,6.238459775545063
101_536,0.6471774193548387,2.1112575954163049e-07,0.3375791855203618,Increasing,46.7734375,3.387766234348785
101_537,0.7701612903225806,6.472633540255401e-10,0.6576449275362318,Increasing,33.362500000000004,6.509802704383596
101_538,0.907258064516129,3.3084646133829665e-13,1.42625,Increasing,41.808749999999996,13.460330082784003
101_539,0.9153225806451613,2.0405899192610377e-13,1.9834848484848484,Increasing,37.275625000000005,18.466636459013724
101_54,0.8870967741935484,1.0869083411080283e-12,0.7992857142857126,Increasing,56.7903125,7.936790316453103
101_540,0.9314516129032258,7.682743330406083e-14,1.4493888888888886,Increasing,44.31,13.476302812715362
101_541,0.9112903225806451,2.6001423236721166e-13,2.196517857142857,Increasing,38.645625,20.517662960468353
101_542,0.8185483870967742,5.111089329545848e-11,1.0185353535353534,Increasing,19.466875,9.95082705026949
101_543,0.8951612903225806,6.774580896262705e-13,0.9043653846153845,Increasing,20.44375,8.83210116209614
101_544,0.9435483870967742,3.6415315207705135e-14,1.0181018518518519,Increasing,18.06375,10.032562530953893
101_545,0.8951612903225806,6.774580896262705e-13,0.9727205882352941,Increasing,20.519375,10.06291270504594
101_546,0.6975806451612904,2.210337290975417e-08,0.7597916666666666,Increasing,24.3053125,7.548546211181578
101_547,0.7983870967741935,1.4987833196755673e-10,0.9106249999999998,Increasing,24.197499999999998,9.132932168805372
101_548,0.5290322580645161,3.125527522196414e-05,0.28923076923076924,Increasing,15.895483870967741,4.061700612138108
101_549,0.9717741935483871,6.217248937900877e-15,1.0512777777777778,Increasing,24.0925,9.783942840184624
101_55,0.8709677419354839,2.7626789744772395e-12,1.1951785714285714,Increasing,26.207187499999996,11.503356095715883
101_550,0.9596774193548387,1.3322676295501878e-14,1.516969696969697,Increasing,39.830937500000005,14.224300369300902
101_551,0.719758064516129,7.784594746595985e-09,0.6744568965517241,Increasing,15.238125,7.441615011835469
101_552,0.657258064516129,1.3616589122911193e-07,0.4684782608695653,Increasing,9.2965625,5.089321915402262
101_553,0.7983870967741935,1.4987833196755673e-10,1.109375,Increasing,29.970937499999998,10.850719261693841
101_554,0.6471774193548387,2.1112575954163049e-07,0.39149999999999996,Increasing,14.1625,5.958144635706656
101_555,0.9717741935483871,6.217248937900877e-15,1.3320833333333333,Increasing,27.25125,12.593582877303026
101_556,0.6774193548387096,5.5566278689411774e-08,0.5624999999999996,Increasing,20.8515625,8.032061966493645
101_557,0.8346774193548387,2.121680608979659e-11,0.9702499999999998,Increasing,42.92,9.296575310295722
101_558,0.7358870967741935,3.574073925705079e-09,0.8752622377622379,Increasing,25.1334375,8.536867695975717
101_559,0.7056451612903226,1.5177737733296226e-08,0.9729945054945055,Increasing,47.389375,9.57819102750488
101_56,0.6975806451612904,2.210337290975417e-08,0.6320238095238095,Increasing,49.330625,6.421693671405932
101_560,0.8588709677419355,5.501599176227501e-12,0.72875,Increasing,47.6096875,6.88097444242774
101_561,0.7056451612903226,1.5177737733296226e-08,0.5070000000000003,Increasing,50.133125,5.699070887818031
101_562,0.7258064516129032,5.824971616164021e-09,1.961666666666666,Increasing,50.5540625,17.00694837033069
101_563,0.8044354838709677,1.0882916789967112e-10,0.8182857142857147,Increasing,51.358125,7.822920425542816
101_564,0.8629032258064516,4.377387341492067e-12,0.8852579365079366,Increasing,40.785,8.497310236186507
101_565,0.6935483870967742,2.6632843708185305e-08,0.65875,Increasing,39.28,6.678502826232838
101_566,0.8911290322580645,8.586464872450961e-13,0.8553361344537814,Increasing,44.089062500000004,7.983764133921652
101_567,0.8346774193548387,2.121680608979659e-11,0.8340804597701149,Increasing,22.2034375,7.962889947035168
101_568,0.6471774193548387,2.1112575954163049e-07,0.5774537037037036,Increasing,49.435625,5.969959661452915
101_569,0.7298387096774194,4.794858066148322e-09,0.6988257575757573,Increasing,46.57625,7.0323492474065885
101_57,0.7540322580645161,1.4598573461199749e-09,0.6004545454545449,Increasing,48.0928125,7.366285204554854
101_570,0.7258064516129032,5.824971616164021e-09,0.7681363636363634,Increasing,45.708125,7.567327565552782
101_571,0.592741935483871,2.019923096563403e-06,0.30366666666666653,Increasing,19.2715625,3.2706957491631274
101_572,0.9193548387096774,1.6009416015094757e-13,1.0992708333333334,Increasing,25.505625,10.392434428918712
101_573,0.8991935483870968,5.340172748447003e-13,1.2952272727272724,Increasing,44.112187500000005,12.206302095222933
101_574,0.6713709677419355,7.29042284319803e-08,0.46277972027972025,Increasing,18.180625,4.920599517271753
101_575,0.8165322580645161,5.698219673888616e-11,0.9921323529411763,Increasing,48.10312499999999,9.699224336738222
101_576,0.8165322580645161,5.698219673888616e-11,0.6877525252525254,Increasing,37.90625,7.030749315506848
101_577,0.7943548387096774,1.8528600875811208e-10,1.0167692307692309,Increasing,43.76375,9.841799489295644
101_578,0.8467741935483871,1.0854206422550305e-11,1.00675,Increasing,37.91375,9.474862383565261
101_579,0.9758064516129032,4.884981308350689e-15,0.9342760180995475,Increasing,48.595937500000005,8.81427246691942
101_58,0.9717741935483871,6.217248937900877e-15,1.2967251461988303,Increasing,26.8659375,13.120130015403573
101_580,0.8790322580645161,1.7366108551186699e-12,0.9533333333333334,Increasing,37.414375,9.05707870173242
101_581,0.7923387096774194,2.0593349248088089e-10,0.6851,Increasing,31.6675,7.20377288301068
101_582,0.7701612903225806,6.472633540255401e-10,0.5913333333333333,Increasing,39.93625,8.379911153317797
101_583,0.8951612903225806,6.774580896262705e-13,0.9898,Increasing,46.156875,9.497292850300814
101_584,0.8346774193548387,2.121680608979659e-11,1.0711111111111111,Increasing,38.6803125,10.582984422049563
101_585,0.7459677419354839,2.178956348686256e-09,0.4825000000000008,Increasing,62.721875000000004,8.972959878678552
101_586,0.8830645161290323,1.3746781490908688e-12,1.1928431372549018,Increasing,53.3209375,11.254081859311924
101_587,0.9536290322580645,1.9539925233402755e-14,1.263095238095238,Increasing,40.760625,11.918483003695352
101_588,0.7842741935483871,3.1343416750928554e-10,1.1833300395256918,Increasing,46.38125,11.697137937867536
101_589,0.7963709677419355,1.666657922783088e-10,1.0899692307692306,Increasing,45.450312499999995,11.434326468023542
101_59,0.7520161290322581,1.6142178704825483e-09,0.4597916666666666,Increasing,13.2375,4.589750810229244
101_590,0.9516129032258065,2.19824158875781e-14,1.4607142857142859,Increasing,41.919375,13.599624061325187
101_591,0.7862903225806451,2.8229885096209273e-10,1.0550000000000015,Increasing,56.613125,10.612508668282679
101_592,0.8945868945868946,6.796407880926836e-11,0.9243478260869564,Increasing,12.787777777777777,8.83383283004245
101_593,0.7560483870967742,1.3199186188472822e-09,1.068666666666667,Increasing,50.831875,11.058674038254994
101_594,0.9012096774193549,4.740652315149418e-13,0.7892857142857143,Increasing,12.3103125,7.78677504024251
101_595,0.8266129032258065,3.299827078251383e-11,0.8523888888888891,Increasing,57.4659375,9.820513561983086
101_596,0.8729838709677419,2.460920356384122e-12,1.0026666666666664,Increasing,44.82843749999999,9.443364770228554
101_597,0.8669354838709677,3.4794389591752406e-12,0.9614855072463769,Increasing,44.31625,9.234237837390804
101_598,0.7842741935483871,3.1343416750928554e-10,0.9043750000000002,Increasing,37.159687500000004,8.749455156027931
101_599,0.8467741935483871,1.0854206422550305e-11,1.084448051948052,Increasing,47.105,11.068917065368229
101_6,0.8346774193548387,2.121680608979659e-11,0.8707142857142863,Increasing,27.943125,8.491752041503272
101_60,0.8064516129032258,9.776668363770114e-11,0.40999999999999975,Increasing,8.869687500000001,4.449176528004227
101_600,0.9012096774193549,4.740652315149418e-13,1.275714285714285,Increasing,47.5478125,12.19576584679469
101_601,0.9233870967741935,1.254552017826427e-13,1.363322440087146,Increasing,39.3359375,13.245342780430176
101_602,0.7459677419354839,2.178956348686256e-09,0.6584090909090907,Increasing,68.21437499999999,6.9527341463179075
101_603,0.9233870967741935,1.254552017826427e-13,1.204285714285714,Increasing,47.287499999999994,11.128648559012007
101_604,0.7399193548387096,2.934484433225748e-09,0.6216111111111112,Increasing,50.337500000000006,5.928545352782586
101_605,0.9012096774193549,4.740652315149418e-13,1.0038717948717946,Increasing,43.7946875,9.46287515252863
101_606,0.7943548387096774,1.8528600875811208e-10,0.6909999999999998,Increasing,40.2403125,7.127801416099059
101_607,0.8770161290322581,1.95110594347625e-12,0.8168589743589741,Increasing,46.356875,8.208528506034135
101_608,0.8568548387096774,6.165290500348419e-12,1.4397435897435895,Increasing,41.1815625,13.666350580297351
101_609,0.8911290322580645,8.586464872450961e-13,1.2667647058823528,Increasing,31.0478125,12.27924945140556
101_61,0.8830645161290323,1.3746781490908688e-12,0.9620769230769233,Increasing,37.1171875,9.111520260902884
101_610,0.9475806451612904,2.842170943040401e-14,1.4885164835164835,Increasing,40.659375,13.981422258102892
101_611,0.9032258064516129,4.205524817280093e-13,1.1644444444444444,Increasing,44.213125000000005,11.249644560357229
101_612,0.9233870967741935,1.254552017826427e-13,1.2120714285714285,Increasing,38.512812499999995,11.439179722114858
101_613,0.9173387096774194,1.8074430840897548e-13,1.4455253623188407,Increasing,37.310312499999995,13.772335605384576
101_614,0.9576612903225806,1.509903313490213e-14,1.4960238095238094,Increasing,36.0840625,14.63352953395365
101_615,0.9596774193548387,1.3322676295501878e-14,1.4254761904761906,Increasing,37.1040625,13.34538985459375
101_616,0.8870967741935484,1.0869083411080283e-12,0.9682857142857144,Increasing,32.204375,9.14317673783981
101_617,0.8669354838709677,3.4794389591752406e-12,1.2957738095238096,Increasing,30.796875,12.829983543807646
101_618,0.8770161290322581,1.95110594347625e-12,1.3202179487179488,Increasing,41.4890625,13.081582558929702
101_619,0.9495967741935484,2.5091040356528538e-14,1.0458333333333334,Increasing,34.54375,10.311554123288108
101_62,0.8125,7.077094466012568e-11,0.7815840517241381,Increasing,37.765625,7.982764612549652
101_620,0.6290322580645161,4.5753051591823635e-07,0.7121538461538464,Increasing,24.3028125,7.586247933915932
101_621,0.9556451612903226,1.709743457922741e-14,1.6066233766233766,Increasing,44.504999999999995,14.919792852114268
101_622,0.9354838709677419,5.995204332975845e-14,1.496534090909091,Increasing,43.483125,14.095486298257859
101_623,0.9334677419354839,6.772360450213455e-14,1.423666666666667,Increasing,37.2509375,13.57995981202057
101_624,0.9112903225806451,2.6001423236721166e-13,1.0722500000000001,Increasing,42.186875,10.063306314744423
101_625,0.8951612903225806,6.774580896262705e-13,1.2662740384615385,Increasing,40.115624999999994,12.207827391037892
101_626,0.8649193548387096,3.903322109977125e-12,0.9258333333333333,Increasing,54.33625,8.97470255426329
101_627,0.8629032258064516,4.377387341492067e-12,0.9128846153846153,Increasing,24.802187500000002,10.079803363153657
101_628,0.7479838709677419,1.9721104749237384e-09,0.6213636363636366,Increasing,31.9378125,5.801799146802977
101_629,0.8205645161290323,4.583267099178556e-11,0.6373863636363638,Increasing,50.2684375,6.091464884048316
101_63,0.875,2.191358206005134e-12,0.8490978260869566,Increasing,31.816562500000003,7.92191998877758
101_630,0.8387096774193549,1.6986412276764895e-11,0.8152179487179487,Increasing,28.262812500000003,8.401948521911079
101_631,0.9314516129032258,7.682743330406083e-14,1.1117857142857142,Increasing,40.9459375,10.326610001403838
101_632,0.7096774193548387,1.2557821005287906e-08,0.4733088235294119,Increasing,26.283125000000002,4.850680002265147
101_633,0.7520161290322581,1.6142178704825483e-09,0.5745227272727274,Increasing,14.4125,5.668695286395274
101_634,0.9415322580645161,4.1300296516055823e-14,0.6580944055944056,Increasing,12.4496875,6.14385337368526
101_635,0.6774193548387096,5.5566278689411774e-08,0.4685591133004926,Increasing,51.176249999999996,4.583861465784061
101_636,0.8608870967741935,4.908073947262892e-12,0.8386111111111112,Increasing,41.36375,7.883068782999422
101_637,0.7620967741935484,9.740654949297323e-10,0.842175925925926,Increasing,24.81875,8.102656875216917
101_638,0.6411290322580645,2.738397213430943e-07,0.5611764705882346,Increasing,28.0140625,5.804082539135169
101_639,0.6451612903225806,2.303051436225445e-07,0.4750568181818181,Increasing,14.734062499999999,5.545202802521631
101_64,0.9112903225806451,2.6001423236721166e-13,0.8944999999999996,Increasing,41.6628125,8.310628824875032
101_640,0.9314516129032258,7.682743330406083e-14,1.1282196969696967,Increasing,29.653750000000002,10.817440995332491
101_641,0.7842741935483871,3.1343416750928554e-10,0.8299999999999998,Increasing,43.6090625,8.327235570469576
101_642,0.8790322580645161,1.7366108551186699e-12,1.1549665551839463,Increasing,26.4175,11.016004550198769
101_643,0.7137096774193549,1.0379506365509883e-08,0.49884615384615383,Increasing,9.9915625,6.123161514576743
101_644,0.9435483870967742,3.6415315207705135e-14,0.7892831541218638,Increasing,22.2559375,7.298311816515772
101_645,0.8669354838709677,3.4794389591752406e-12,0.8673099415204678,Increasing,28.2475,8.561101710644488
101_646,0.7983870967741935,1.4987833196755673e-10,0.32672932330827076,Increasing,10.20125,3.5549707716801273
101_647,0.9536290322580645,1.9539925233402755e-14,0.5059935897435898,Increasing,18.1065625,4.9808242348625145
101_648,0.8205645161290323,4.583267099178556e-11,0.8230921052631583,Increasing,25.6503125,7.784152364088446
101_649,0.9354838709677419,5.995204332975845e-14,0.844108695652174,Increasing,39.559062499999996,8.36620783247068
101_65,0.9092741935483871,2.9332092310596636e-13,0.7757142857142856,Increasing,31.6940625,7.7720202728179855
101_650,0.875,2.191358206005134e-12,1.396923076923077,Increasing,35.110625,13.3452854356651
101_651,0.8669354838709677,3.4794389591752406e-12,2.0558571428571426,Increasing,34.6978125,19.45933785075545
101_652,0.8830645161290323,1.3746781490908688e-12,1.157375,Increasing,25.77375,11.296600359732127
101_653,0.5907258064516129,2.1883453411586373e-06,0.5704583333333333,Increasing,20.356875,7.048693778592953
101_654,0.6673387096774194,8.7262118642073e-08,0.3665294117647059,Increasing,10.37125,4.271158910354425
101_655,0.8104838709677419,7.883982355849639e-11,0.9693750000000001,Increasing,25.288125,9.360334007628948
101_656,0.7655172413793103,3.1569364900008168e-09,0.6531578947368422,Increasing,10.252333333333333,7.238935779672467
101_657,0.842741935483871,1.3585577107733116e-11,0.8520454545454544,Increasing,21.119374999999998,8.020013613415815
101_658,0.967741935483871,7.993605777301127e-15,0.9889117647058825,Increasing,30.9809375,9.18311778461399
101_659,0.6612903225806451,1.140522314369008e-07,0.7013636363636365,Increasing,43.760625,7.215802076649208
101_66,0.9637096774193549,1.021405182655144e-14,0.9289999999999997,Increasing,39.108125,8.664190829752943
101_660,0.8286290322580645,2.956013211985464e-11,0.7793478260869571,Increasing,27.78875,7.421016924081227
101_661,0.8266129032258065,3.299827078251383e-11,1.2320192307692306,Increasing,32.10875,11.79907405000494
101_662,0.8991935483870968,5.340172748447003e-13,1.0451923076923078,Increasing,32.957812499999996,10.171414212873437
101_663,0.8669354838709677,3.4794389591752406e-12,0.8394444444444444,Increasing,31.378749999999997,7.796678279081419
101_664,0.8165322580645161,5.698219673888616e-11,0.9533333333333338,Increasing,45.112500000000004,9.477440978449826
101_665,0.9354838709677419,5.995204332975845e-14,1.3456206896551723,Increasing,41.6240625,13.422349100328665
101_666,0.8810483870967742,1.5452084056732929e-12,1.2877083333333328,Increasing,45.41499999999999,11.898976321516065
101_667,0.8891129032258065,9.661160760288112e-13,1.3647307692307695,Increasing,47.6315625,13.2112915978565
101_668,0.8709677419354839,2.7626789744772395e-12,1.3395000000000004,Increasing,43.2753125,13.127811361850982
101_669,0.8790322580645161,1.7366108551186699e-12,0.8089583333333332,Increasing,19.780625,7.452250472801823
101_67,0.7258064516129032,5.824971616164021e-09,0.43150000000000005,Increasing,16.901875,4.614235742176055
101_670,0.9233870967741935,1.254552017826427e-13,1.0885714285714303,Increasing,50.793437499999996,10.116514842503507
101_671,0.9314516129032258,7.682743330406083e-14,1.2372619047619047,Increasing,45.520624999999995,11.784514186396272
101_672,0.9596774193548387,1.3322676295501878e-14,1.5723333333333331,Increasing,43.246875,14.561157542735915
101_673,0.9314516129032258,7.682743330406083e-14,1.3094827586206894,Increasing,40.4703125,12.23185505258069
101_674,0.9475806451612904,2.842170943040401e-14,1.5134661835748793,Increasing,42.7278125,14.32034277138099
101_675,0.8951612903225806,6.774580896262705e-13,1.7353896103896107,Increasing,45.720625,16.291035674854285
101_676,0.8709677419354839,2.7626789744772395e-12,1.0691666666666668,Increasing,38.253437500000004,9.832201435009036
101_677,0.7762096774193549,4.750932980357447e-10,1.0128636363636363,Increasing,28.341250000000002,9.38791468791126
101_678,0.8951612903225806,6.774580896262705e-13,1.2717361111111112,Increasing,33.511250000000004,12.002730093087155
101_679,0.9637096774193549,1.021405182655144e-14,1.6859333333333333,Increasing,35.525625,15.584616200258992
101_68,0.8266129032258065,3.299827078251383e-11,0.3156168831168831,Increasing,14.1928125,3.286569482734809
101_680,0.9354838709677419,5.995204332975845e-14,1.2639743589743588,Increasing,21.543437500000003,13.794728524280343
101_681,0.7983870967741935,1.4987833196755673e-10,0.88125,Increasing,48.0384375,8.929528651255549
101_682,0.8770161290322581,1.95110594347625e-12,1.2081944444444441,Increasing,29.665625,12.515607740312694
101_683,0.9274193548387096,9.814371537686384e-14,1.5780016722408026,Increasing,35.4346875,14.849667501407017
101_684,0.8790322580645161,1.7366108551186699e-12,1.560833333333333,Increasing,39.468125,15.077556673227098
101_685,0.8709677419354839,2.7626789744772395e-12,1.5807142857142855,Increasing,39.4728125,15.200261353504542
101_686,0.9153225806451613,2.0405899192610377e-13,1.7605999999999997,Increasing,44.6665625,16.886634435511233
101_687,0.9233870967741935,1.254552017826427e-13,1.7333928571428572,Increasing,45.02625,16.305462802002893
101_688,0.9274193548387096,9.814371537686384e-14,1.7747916666666668,Increasing,39.945,16.92672590904691
101_689,0.9112903225806451,2.6001423236721166e-13,1.5248076923076912,Increasing,44.766875,14.38225652442533
101_69,0.9455645161290323,3.219646771412954e-14,1.0695833333333336,Increasing,40.5125,10.233737098440628
101_690,0.9475806451612904,2.842170943040401e-14,1.8035625,Increasing,38.28,16.82134005512046
101_691,0.9556451612903226,1.709743457922741e-14,1.696190476190476,Increasing,39.8653125,15.706539837034246
101_692,0.9354838709677419,5.995204332975845e-14,1.6883653846153845,Increasing,45.888125,15.70755579281433
101_693,0.9233870967741935,1.254552017826427e-13,1.4361904761904758,Increasing,33.273125,13.583675275284484
101_694,0.9274193548387096,9.814371537686384e-14,1.9247321428571427,Increasing,30.9465625,18.85315086553422
101_695,0.7903225806451613,2.2882273853497281e-10,0.4362834224598932,Increasing,30.7334375,4.375522546918683
101_696,0.8709677419354839,2.7626789744772395e-12,1.3477564102564101,Increasing,43.199687499999996,12.434254220794415
101_697,0.8185483870967742,5.111089329545848e-11,0.7209065934065931,Increasing,53.613749999999996,7.121729402855741
101_698,0.8870967741935484,1.0869083411080283e-12,0.7761818181818181,Increasing,45.3075,7.4696490044713615
101_699,0.9153225806451613,2.0405899192610377e-13,0.997857142857143,Increasing,52.355937499999996,9.30357688585921
101_7,0.8709677419354839,2.7626789744772395e-12,1.024722222222222,Increasing,31.0921875,9.627890388856935
101_70,0.967741935483871,7.993605777301127e-15,0.8606066176470588,Increasing,36.523125,8.063782238154438
101_700,0.8185483870967742,5.111089329545848e-11,0.7351169590643276,Increasing,49.145624999999995,6.957724546098027
101_701,0.9596774193548387,1.3322676295501878e-14,1.0029967948717946,Increasing,55.035937499999996,9.520592109795153
101_702,0.43548387096774194,0.0004893169184720936,0.47978333333333334,Increasing,48.532187500000006,6.028806232567419
101_703,0.8407258064516129,1.5192958002785417e-11,0.7602380952380952,Increasing,45.0509375,7.960735816876085
101_704,0.8971774193548387,6.017408793468348e-13,1.2469117647058823,Increasing,48.703125,11.157833413542926
101_705,0.8629032258064516,4.377387341492067e-12,1.1414786967418546,Increasing,52.1709375,10.944072984775538
101_706,0.7943548387096774,1.8528600875811208e-10,0.8055,Increasing,29.7353125,8.16286369188802
101_707,0.7943548387096774,1.8528600875811208e-10,0.7425,Increasing,28.559687500000003,7.105533268329953
101_708,0.7540322580645161,1.4598573461199749e-09,0.7922727272727272,Increasing,34.55125,8.300008565507628
101_709,0.9274193548387096,9.814371537686384e-14,1.1639920948616602,Increasing,44.205937500000005,10.845655195565353
101_71,0.8870967741935484,1.0869083411080283e-12,0.7187380952380953,Increasing,15.0265625,7.076524839820302
101_710,0.9495967741935484,2.5091040356528538e-14,1.0249137931034482,Increasing,39.969375,9.751977343563457
101_711,0.8266129032258065,3.299827078251383e-11,0.8883974358974362,Increasing,36.606249999999996,8.758025872735248
101_712,0.8951612903225806,6.774580896262705e-13,1.6177706552706552,Increasing,47.56625,14.950849630957434
101_713,0.9032258064516129,4.205524817280093e-13,1.1161721611721611,Increasing,43.988749999999996,10.601284046637936
101_714,0.8185483870967742,5.111089329545848e-11,1.093113553113553,Increasing,54.594375,10.375531895251202
101_715,0.8911290322580645,8.586464872450961e-13,0.9985652173913043,Increasing,46.8703125,9.379564716837544
101_716,0.8387096774193549,1.6986412276764895e-11,0.9000000000000008,Increasing,43.628125,8.588968738118389
101_717,0.9233870967741935,1.254552017826427e-13,1.2532413793103445,Increasing,50.8928125,12.059533892934825
101_718,0.9475806451612904,2.842170943040401e-14,1.176875,Increasing,50.12125,11.01481665473829
101_719,0.7600806451612904,1.0781671111459445e-09,0.7421957671957673,Increasing,50.956562500000004,7.726481496036456
101_72,0.875,2.191358206005134e-12,0.7607936507936508,Increasing,17.183125,7.310873937798066
101_720,0.7741935483870968,5.268148139947471e-10,1.1091287878787879,Increasing,32.891875,11.295821527643529
101_721,0.9354838709677419,5.995204332975845e-14,1.2876384615384617,Increasing,43.8659375,11.978326745463816
101_722,0.8991935483870968,5.340172748447003e-13,1.1978750000000002,Increasing,47.7040625,11.384011501711237
101_723,0.9556451612903226,1.709743457922741e-14,1.239022556390977,Increasing,53.136562500000004,11.810024769601194
101_724,0.9032258064516129,4.205524817280093e-13,0.903345588235294,Increasing,47.388125,8.638348162951932
101_725,0.9274193548387096,9.814371537686384e-14,1.3180706521739132,Increasing,52.349375,12.259414478651705
101_726,0.9596774193548387,1.3322676295501878e-14,1.0343703703703704,Increasing,50.89562500000001,10.342767079431646
101_727,0.9516129032258065,2.19824158875781e-14,1.08,Increasing,50.7759375,10.039363108339778
101_728,0.8951612903225806,6.774580896262705e-13,0.8620192307692308,Increasing,51.294687499999995,8.266207936674697
101_729,0.9153225806451613,2.0405899192610377e-13,0.9758846153846157,Increasing,53.623125,9.151831591783964
101_73,0.8790322580645161,1.7366108551186699e-12,1.4704736842105264,Increasing,33.040625,13.293100404321597
101_730,0.8830645161290323,1.3746781490908688e-12,1.3127777777777778,Increasing,43.9121875,12.292193847716678
101_731,0.905241935483871,3.730349362740526e-13,1.0083333333333333,Increasing,44.292500000000004,9.501457453990941
101_732,0.7883064516129032,2.541908905584478e-10,0.7537764705882353,Increasing,40.264062499999994,7.714016406587021
101_733,0.9153225806451613,2.0405899192610377e-13,1.2913026315789473,Increasing,51.6365625,13.13208442360137
101_734,0.7963709677419355,1.666657922783088e-10,0.8482173913043477,Increasing,54.3690625,8.32977129014319
101_735,0.8689516129032258,3.1008529077780622e-12,1.0763888888888893,Increasing,51.048750000000005,10.365950496095378
101_736,0.9213709677419355,1.4166445794216997e-13,1.239375,Increasing,43.825625,11.702327743204554
101_737,0.8649193548387096,3.903322109977125e-12,0.4496666666666667,Increasing,14.400625000000002,5.1577368689547365
101_738,0.7600806451612904,1.0781671111459445e-09,0.7250000000000001,Increasing,17.668125000000003,7.29900440021617
101_739,0.6875,3.5157899258564385e-08,0.48148550724637684,Increasing,15.393124999999998,5.048618893754509
101_74,0.8669354838709677,3.4794389591752406e-12,1.066009090909091,Increasing,32.1084375,10.300640789950581
101_740,0.842741935483871,1.3585577107733116e-11,0.8428571428571427,Increasing,20.8490625,8.411424656150334
101_741,0.7318548387096774,4.348602589132611e-09,0.48405844155844163,Increasing,38.2184375,5.118238899621017
101_742,0.9274193548387096,9.814371537686384e-14,1.089705882352943,Increasing,42.996249999999996,10.09696450362682
101_743,0.9375,5.284661597215745e-14,1.4387593984962406,Increasing,56.098749999999995,13.423608109874928
101_744,0.875,2.191358206005134e-12,0.8580833333333333,Increasing,36.875,8.374328704439538
101_745,0.7923387096774194,2.0593349248088089e-10,0.9204761904761904,Increasing,50.67375,9.297196402007435
101_746,0.8709677419354839,2.7626789744772395e-12,0.925431818181818,Increasing,31.761249999999997,8.622139290077609
101_747,0.655241935483871,1.4872514997321673e-07,0.5213215488215486,Increasing,67.70218750000001,5.605925845910178
101_748,0.8508064516129032,8.663292305755022e-12,0.8689727272727273,Increasing,49.5640625,8.239823215402971
101_749,0.896774193548387,1.5436540934388177e-12,1.196875,Increasing,19.100645161290327,11.104898638768177
101_75,0.8649193548387096,3.903322109977125e-12,1.0120170454545456,Increasing,37.418125,9.777695100808524
101_750,0.8850806451612904,1.2225775947172224e-12,1.2550000000000003,Increasing,32.7753125,11.99111884489282
101_751,0.8649193548387096,3.903322109977125e-12,0.5,Increasing,9.1246875,4.693815069039656
101_752,0.7439516129032258,2.4068798065712826e-09,0.18990588235294115,Increasing,11.4821875,2.9008304138373466
101_753,0.8508064516129032,8.663292305755022e-12,1.1162422360248447,Increasing,40.363125,10.444048675411992
101_754,0.9153225806451613,2.0405899192610377e-13,0.6458076923076921,Increasing,37.227500000000006,6.206737770358919
101_755,0.8245967741935484,3.682676386063122e-11,0.9866249999999999,Increasing,41.4625,9.516602597566003
101_756,0.7983870967741935,1.4987833196755673e-10,0.6711111111111114,Increasing,45.559062499999996,6.737655081413248
101_757,0.6713709677419355,7.29042284319803e-08,0.3548295454545455,Increasing,48.904062499999995,3.6420013894964054
101_758,0.8487903225806451,9.698242209310592e-12,0.5316666666666667,Increasing,49.650625000000005,5.085093372729256
101_759,0.8508064516129032,8.663292305755022e-12,0.9846428571428569,Increasing,47.3646875,9.641235003999421
101_76,0.8870967741935484,1.0869083411080283e-12,0.8718764302059497,Increasing,21.2759375,8.243832868944745
101_760,0.9092741935483871,2.9332092310596636e-13,1.0917673992673995,Increasing,49.8546875,10.15307496044148
101_761,0.3407258064516129,0.006442543344656437,0.33983823529411783,Increasing,46.669375,5.301556338413749
101_762,0.5846774193548387,2.7784224061466745e-06,0.5886842105263159,Increasing,46.4390625,6.9772489024037085
101_763,0.7782258064516129,4.2833958602273015e-10,1.055166666666666,Increasing,57.440625,10.055625893467546
101_764,0.7600806451612904,1.0781671111459445e-09,1.2002222222222223,Increasing,61.22125,12.124424406440909
101_765,0.8830645161290323,1.3746781490908688e-12,1.566985294117647,Increasing,59.9440625,14.251684080174307
101_766,0.9233870967741935,1.254552017826427e-13,1.2324166666666665,Increasing,47.433125000000004,11.32604256721539
101_767,0.8245967741935484,3.682676386063122e-11,0.871081871345029,Increasing,52.71906250000001,8.089059107590558
101_768,0.5443548387096774,1.2874583818822671e-05,0.8016666666666665,Increasing,39.701562499999994,13.004577585742405
101_769,0.907258064516129,3.3084646133829665e-13,0.8951904761904765,Increasing,42.4825,8.45747080988164
101_77,0.7903225806451613,2.2882273853497281e-10,0.98255,Increasing,45.189375,9.791456715390975
101_770,0.842741935483871,1.3585577107733116e-11,1.1334666666666664,Increasing,27.3259375,10.841703296580928
101_771,0.8568548387096774,6.165290500348419e-12,0.5597727272727272,Increasing,14.669374999999999,5.347000290758829
101_772,0.6471774193548387,2.1112575954163049e-07,0.4716666666666667,Increasing,10.8553125,5.058695474363302
101_773,0.23790322580645162,0.05778505532796996,0.19249999999999995,No significant trend,43.584375,4.186441610649191
101_774,0.8104838709677419,7.883982355849639e-11,0.4467424242424243,Increasing,30.5934375,4.398916492568795
101_775,0.8185483870967742,5.111089329545848e-11,0.6779999999999999,Increasing,22.9653125,6.515889705354423
101_776,0.7862903225806451,2.8229885096209273e-10,0.6785125000000001,Increasing,21.288125,7.207120800595408
101_777,0.7217741935483871,7.0691399400857335e-09,0.4186304347826087,Increasing,23.005625000000002,4.876389505502508
101_778,0.967741935483871,7.993605777301127e-15,1.086969696969697,Increasing,29.559062499999996,10.057895331335168
101_779,0.8346774193548387,2.121680608979659e-11,1.1070089285714284,Increasing,38.44562500000001,10.195159064937387
101_78,0.530241935483871,2.1500434668642043e-05,0.5172538461538461,Increasing,24.7515625,6.013353426632576
101_780,0.9717741935483871,6.217248937900877e-15,1.74,Increasing,28.395000000000003,16.26437748578162
101_781,0.875,2.191358206005134e-12,1.0753703703703705,Increasing,35.10375,10.092488466057318
101_782,0.907258064516129,3.3084646133829665e-13,1.218666666666667,Increasing,27.275624999999998,11.518459895288736
101_783,0.8991935483870968,5.340172748447003e-13,1.286349206349206,Increasing,34.825937499999995,11.99252706359647
101_784,0.8931451612903226,7.629452625224076e-13,1.088080808080808,Increasing,35.417500000000004,10.229587907144648
101_785,0.875,2.191358206005134e-12,0.5392857142857141,Increasing,20.834375,5.456897548916875
101_786,0.655241935483871,1.4872514997321673e-07,0.7164822134387352,Increasing,21.40625,7.134648620464781
101_787,0.8729838709677419,2.460920356384122e-12,1.2521428571428572,Increasing,31.404687499999998,12.256406229084597
101_788,0.9354838709677419,5.995204332975845e-14,1.3195238095238087,Increasing,27.859375,12.083379840068547
101_789,0.7641129032258065,8.797895745260575e-10,0.41041666666666676,Increasing,21.2965625,5.393696326137925
101_79,0.9254032258064516,1.1102230246251565e-13,1.017880434782609,Increasing,40.339375000000004,9.60524594215968
101_790,0.8689516129032258,3.1008529077780622e-12,0.9442753623188407,Increasing,33.4359375,8.778389608640854
101_791,0.6048387096774194,1.242609917628812e-06,0.24292124542124544,Increasing,20.970000000000002,3.2435801978677823
101_792,0.842741935483871,1.3585577107733116e-11,0.6341421568627452,Increasing,16.571875000000002,6.509551845893463
101_793,0.9153225806451613,2.0405899192610377e-13,0.7435625,Increasing,32.97875,7.1327601380882
101_794,0.844758064516129,1.2144951710979512e-11,0.8819375,Increasing,40.432500000000005,8.837242924125148
101_795,0.7298387096774194,4.794858066148322e-09,0.6136666666666667,Increasing,12.294062499999999,6.527952329872956
101_796,0.6854838709677419,3.854806762682017e-08,0.7822435897435893,Increasing,31.062499999999996,8.525664196999552
101_797,0.6491935483870968,1.934942726045108e-07,0.4542857142857143,Increasing,12.081875,4.891689660472647
101_798,0.6713709677419355,7.29042284319803e-08,0.31325757575757573,Increasing,13.5515625,3.252308900395802
101_799,0.7620967741935484,9.740654949297323e-10,0.44391666666666674,Increasing,11.7353125,4.436879523081932
101_8,0.8225806451612904,4.108913209677212e-11,0.9936666666666661,Increasing,39.0328125,9.340810401932144
101_80,0.7298387096774194,4.794858066148322e-09,0.7993859649122806,Increasing,26.9075,8.102781929683163
101_800,0.7842741935483871,3.1343416750928554e-10,0.43008578431372546,Increasing,14.6075,4.272886173302537
101_801,0.8326612903225806,2.3702817486537242e-11,0.48643749999999997,Increasing,10.011875,4.655690360663496
101_802,0.6592741935483871,1.246354144335271e-07,0.5396551724137929,Increasing,16.649375,6.524401762566051
101_803,0.6149193548387096,8.23131043548031e-07,0.38975000000000004,Increasing,14.053437500000001,4.8136236411453845
101_804,0.9133064516129032,2.304822999121825e-13,0.8736666666666668,Increasing,13.233437499999999,9.098647773630637
101_805,0.7943548387096774,1.8528600875811208e-10,0.7907142857142857,Increasing,25.8625,7.675257731828945
101_806,0.8629032258064516,4.377387341492067e-12,0.5651923076923084,Increasing,28.8628125,5.378765096641026
101_807,0.7641129032258065,8.797895745260575e-10,0.27106060606060606,Increasing,15.1365625,2.7144642765366704
101_808,0.44556451612903225,0.0003602388463002093,0.3054090909090911,Increasing,16.7728125,4.352588478692162
101_809,0.6229838709677419,5.893720071981079e-07,0.36435897435897435,Increasing,12.4240625,4.201670694032762
101_81,0.9133064516129032,2.304822999121825e-13,0.8363333333333334,Increasing,26.9290625,7.902537313805849
101_810,0.7560483870967742,1.3199186188472822e-09,0.35690476190476195,Increasing,12.396875000000001,3.8858794351311263
101_811,0.038306451612903226,0.7703660224129336,0.010416666666666704,No significant trend,12.0009375,2.0224943747990376
101_812,0.9233870967741935,1.254552017826427e-13,1.230416666666665,Increasing,43.930625,11.566925352459702
101_813,0.0967741935483871,0.44595658115373604,0.06335282651072119,No significant trend,14.6596875,3.574185645338494
101_814,-0.23387096774193547,0.062196528651478955,-0.07717261904761899,No significant trend,10.5509375,2.1515915030724932
101_815,0.8870967741935484,1.0869083411080283e-12,0.658235294117647,Increasing,11.6975,6.038039313386425
101_816,0.6451612903225806,2.303051436225445e-07,0.24800000000000005,Increasing,12.528125,2.721169828286173
101_817,0.6370967741935484,3.252720022217659e-07,0.4083771929824561,Increasing,14.213125,4.367435916458878
101_818,0.9274193548387096,9.814371537686384e-14,1.0417708333333335,Increasing,27.1984375,9.789244770848962
101_819,0.905241935483871,3.730349362740526e-13,0.6577225672877847,Increasing,19.4834375,6.361713413742696
101_82,0.8024193548387096,1.21112231354914e-10,1.3300000000000032,Increasing,37.0996875,13.638257422682113
101_820,0.9193548387096774,1.6009416015094757e-13,1.1164901960784313,Increasing,34.43375,10.460888391408256
101_821,0.9193548387096774,1.6009416015094757e-13,1.0009401709401708,Increasing,22.95375,11.969198947193584
101_822,0.8810483870967742,1.5452084056732929e-12,1.3545833333333333,Increasing,34.07781249999999,13.243547422795892
101_823,0.9516129032258065,2.19824158875781e-14,1.2193181818181817,Increasing,29.4909375,11.390093930521106
101_824,0.8588709677419355,5.501599176227501e-12,1.1454258241758242,Increasing,24.6409375,11.485771730540955
101_825,0.8286290322580645,2.956013211985464e-11,1.0953787878787877,Increasing,17.034062499999997,13.46938817731131
101_826,0.8365591397849462,4.263767117151929e-11,0.47187499999999993,Increasing,11.888064516129031,4.588202557158422
101_827,0.8185483870967742,5.111089329545848e-11,0.6794736842105263,Increasing,24.1,6.825226186728173
101_828,0.8931451612903226,7.629452625224076e-13,0.9446825396825399,Increasing,35.104375,9.501316664514187
101_829,0.905241935483871,3.730349362740526e-13,1.2496874999999998,Increasing,49.370000000000005,11.964059198282161
101_83,0.9233870967741935,1.254552017826427e-13,1.639761904761905,Increasing,40.3021875,15.246455066337347
101_830,0.8508064516129032,8.663292305755022e-12,0.6899347826086957,Increasing,22.947499999999998,6.638920751899363
101_831,0.9495967741935484,2.5091040356528538e-14,1.5278461538461539,Increasing,22.39,14.307579285120177
101_832,0.8790322580645161,1.7366108551186699e-12,0.9235714285714285,Increasing,19.8046875,8.635676719420648
101_833,0.4576612903225806,0.0002474174487239189,0.6858333333333333,Increasing,28.8796875,8.66292043870563
101_834,0.8407258064516129,1.5192958002785417e-11,0.7999305555555556,Increasing,41.6015625,7.877611911841923
101_835,0.6048387096774194,1.242609917628812e-06,0.5206249999999996,Increasing,25.6265625,5.769447877275065
101_836,0.8387096774193549,1.6986412276764895e-11,1.289642857142857,Increasing,34.8328125,12.313926626581944
101_837,0.9556451612903226,1.709743457922741e-14,1.192677865612648,Increasing,41.110937500000006,11.160630683169018
101_838,0.9193548387096774,1.6009416015094757e-13,1.170139751552795,Increasing,48.752812500000005,10.836060525617405
101_839,0.7298387096774194,4.794858066148322e-09,1.4251839464882943,Increasing,45.6446875,13.925073604916555
101_84,0.9233870967741935,1.254552017826427e-13,1.5766586538461538,Increasing,45.89,14.585902868866226
101_840,0.9193548387096774,1.6009416015094757e-13,1.1703703703703705,Increasing,36.723749999999995,10.811395825123599
101_841,0.4334677419354839,0.000519836761338599,0.3243055555555555,Increasing,13.793750000000001,4.8256332162214735
101_842,0.875,2.191358206005134e-12,0.9012318840579709,Increasing,16.1621875,8.478844531529267
101_843,0.8467741935483871,1.0854206422550305e-11,0.6205769230769231,Increasing,11.3459375,6.202225840058854
101_844,0.8830645161290323,1.3746781490908688e-12,0.8729166666666669,Increasing,38.0846875,8.2408240578442
101_845,0.967741935483871,7.993605777301127e-15,1.0637980769230768,Increasing,29.316875,9.824030307586343
101_846,0.7983870967741935,1.4987833196755673e-10,0.9452976190476194,Increasing,42.190937500000004,9.37071914241878
101_847,0.8548387096774194,6.907363570007874e-12,0.9816081871345032,Increasing,48.324375,9.451623847750977
101_848,0.7943548387096774,1.8528600875811208e-10,0.592559523809524,Increasing,55.579375,6.344049346385557
101_849,0.9032258064516129,4.205524817280093e-13,1.2182738095238097,Increasing,47.9215625,11.042127882957784
101_85,0.8548387096774194,6.907363570007874e-12,1.52875,Increasing,40.126875000000005,14.12920787710249
101_850,0.7419354838709677,2.657962294705385e-09,0.7835416666666666,Increasing,50.378125,7.640231687218326
101_851,0.9233870967741935,1.254552017826427e-13,0.9951666666666666,Increasing,47.670312499999994,9.362422724772886
101_852,0.9354838709677419,5.995204332975845e-14,1.164927536231884,Increasing,36.3809375,11.07864227900214
101_853,0.8709677419354839,2.7626789744772395e-12,1.2972727272727274,Increasing,31.439999999999998,12.833285578915477
101_854,0.9193548387096774,1.6009416015094757e-13,1.1403846153846153,Increasing,27.975625,11.142020389470439
101_855,0.8991935483870968,5.340172748447003e-13,1.1778365384615386,Increasing,36.096250000000005,11.25912012270497
101_856,0.8911290322580645,8.586464872450961e-13,1.4633846153846157,Increasing,43.254374999999996,13.380345179006968
101_857,0.9173387096774194,1.8074430840897548e-13,1.224716748768473,Increasing,35.499062499999994,11.674508115809152
101_858,0.907258064516129,3.3084646133829665e-13,0.7740833333333332,Increasing,25.5446875,7.4322821967645805
101_859,0.8629032258064516,4.377387341492067e-12,1.2630555555555558,Increasing,38.674375,11.879770341188209
101_86,0.9375,5.284661597215745e-14,1.5646963562753036,Increasing,39.832499999999996,15.446169630364674
101_860,0.907258064516129,3.3084646133829665e-13,0.8873809523809525,Increasing,24.29625,8.705358891941216
101_861,0.7036290322580645,1.667963900331415e-08,0.2857777777777778,Increasing,8.25375,2.8254156220811124
101_862,0.8387096774193549,1.6986412276764895e-11,0.7235952380952382,Increasing,18.6015625,7.64838181797913
101_863,0.75,1.7844419275547807e-09,0.29295454545454547,Increasing,13.3784375,3.250149140207838
101_864,0.10080645161290322,0.42684260879570113,0.056083333333333346,No significant trend,15.3603125,2.4522151776187484
101_865,0.8407258064516129,1.5192958002785417e-11,1.0459237536656891,Increasing,40.3153125,9.768334039248646
101_866,0.842741935483871,1.3585577107733116e-11,1.2441666666666666,Increasing,29.85875,11.995205748027002
101_867,0.9153225806451613,2.0405899192610377e-13,1.714412955465587,Increasing,42.983125,16.101905057612747
101_868,0.9193548387096774,1.6009416015094757e-13,1.5487044534412955,Increasing,36.96875,14.29748945400905
101_869,0.8870967741935484,1.0869083411080283e-12,1.8001041666666664,Increasing,44.3515625,16.170101868374047
101_870,0.907258064516129,3.3084646133829665e-13,1.7400000000000002,Increasing,39.6015625,16.542244238119377
101_871,0.967741935483871,7.993605777301127e-15,1.7129166666666666,Increasing,40.15656249999999,15.94189245537034
101_872,0.9717741935483871,6.217248937900877e-15,1.6992857142857143,Increasing,40.293437499999996,15.486087629178448
101_873,0.9153225806451613,2.0405899192610377e-13,1.3321978021978023,Increasing,36.665625,12.454097201699327
101_874,0.9737903225806451,5.329070518200751e-15,2.319305555555555,Increasing,38.1559375,21.323976801269826
101_875,0.9596774193548387,1.3322676295501878e-14,1.8324038461538459,Increasing,38.544687499999995,16.747095827406724
101_876,0.8629032258064516,4.377387341492067e-12,1.4575128205128207,Increasing,35.5553125,13.547677611027794
101_877,0.9899193548387096,1.9984014443252818e-15,1.7433516483516487,Increasing,42.1084375,16.235946828983945
101_878,0.9314516129032258,7.682743330406083e-14,1.47925,Increasing,41.7878125,13.656028827585411
101_879,0.9233870967741935,1.254552017826427e-13,1.5963529411764705,Increasing,41.564062500000006,15.587460276488077
101_880,0.9233870967741935,1.254552017826427e-13,1.4851960784313727,Increasing,34.18625,13.998287339439065
101_881,0.9596774193548387,1.3322676295501878e-14,1.815631578947368,Increasing,33.6340625,16.92158640970443
101_882,0.9637096774193549,1.021405182655144e-14,1.7895031055900623,Increasing,42.7015625,16.560037950850045
101_883,0.9233870967741935,1.254552017826427e-13,1.8184090909090909,Increasing,42.025000000000006,17.01932339283792
101_884,0.9435483870967742,3.6415315207705135e-14,1.671520979020979,Increasing,46.220937500000005,15.27591084832894
101_885,0.844758064516129,1.2144951710979512e-11,1.2080000000000002,Increasing,46.94375,11.30851414587699
101_886,0.9233870967741935,1.254552017826427e-13,2.066669230769231,Increasing,50.6996875,19.0345128129759
101_887,0.9556451612903226,1.709743457922741e-14,1.6338819875776394,Increasing,34.524375,15.239926373161223
101_888,0.8588709677419355,5.501599176227501e-12,1.8680333333333334,Increasing,43.4225,18.19555886748192
101_889,0.8629032258064516,4.377387341492067e-12,1.44725,Increasing,33.1490625,13.43182493170953
101_89,0.8790322580645161,1.7366108551186699e-12,1.59,Increasing,30.5540625,15.239808655986916
101_890,0.9737903225806451,5.329070518200751e-15,1.765625,Increasing,36.605000000000004,16.436822039250774
101_891,0.6532258064516129,1.6240138478451627e-07,0.4077525252525255,Increasing,57.5859375,4.861453524522656
101_892,0.8608870967741935,4.908073947262892e-12,0.9528609625668449,Increasing,39.41125,9.344783889288184
101_894,0.9475806451612904,2.842170943040401e-14,0.6595833333333332,Increasing,57.88125,6.578543603070516
101_895,0.7560483870967742,1.3199186188472822e-09,0.5888690476190477,Increasing,47.806250000000006,5.684292364709965
101_896,0.8951612903225806,6.774580896262705e-13,1.0745,Increasing,28.720000000000002,10.155844068810824
101_897,0.7520161290322581,1.6142178704825483e-09,0.5870588235294116,Increasing,17.065937499999997,6.928150393221394
101_898,0.7358870967741935,3.574073925705079e-09,0.7030500000000001,Increasing,19.414375,7.777164464596013
101_899,0.9112903225806451,2.6001423236721166e-13,0.7555238095238094,Increasing,28.225312499999998,7.110051856515799
101_9,0.9556451612903226,1.709743457922741e-14,1.0617904761904762,Increasing,46.158437500000005,9.979033679850657
101_90,0.9153225806451613,2.0405899192610377e-13,1.2475735294117647,Increasing,25.180937500000002,11.561301116054963
101_900,0.7439516129032258,2.4068798065712826e-09,0.6810666666666665,Increasing,28.575625,7.345971233225392
101_901,0.9213709677419355,1.4166445794216997e-13,0.7268115942028985,Increasing,32.0871875,6.844653586182704
101_902,0.8669354838709677,3.4794389591752406e-12,0.7302631578947365,Increasing,32.50125,7.268784178767451
101_903,0.7278225806451613,5.285553328349124e-09,0.6222115384615383,Increasing,26.130312500000002,6.370048314364952
101_904,0.8770161290322581,1.95110594347625e-12,0.8969179894179893,Increasing,38.9265625,8.617542649073096
101_905,0.8790322580645161,1.7366108551186699e-12,0.9762500000000001,Increasing,41.785624999999996,9.071886841191033
101_906,0.7983870967741935,1.4987833196755673e-10,0.5382312252964427,Increasing,49.40656250000001,5.584369150458604
101_907,0.7237903225806451,6.417795184177066e-09,0.8821111111111111,Increasing,46.895624999999995,8.846085270297534
101_908,0.8245967741935484,3.682676386063122e-11,0.5674275362318841,Increasing,50.0096875,5.637888281736678
101_909,0.6189516129032258,6.968673158525007e-07,0.4405555555555556,Increasing,56.7,5.047758165760321
101_91,0.7943548387096774,1.8528600875811208e-10,0.6290576923076924,Increasing,18.7859375,6.2301885301404605
101_910,0.2963709677419355,0.017903776568633623,0.1910000000000001,Increasing,38.4296875,4.580781513818766
101_911,0.8064516129032258,9.776668363770114e-11,0.7671367521367521,Increasing,24.42125,7.101548136674144
101_912,0.8467741935483871,1.0854206422550305e-11,0.7231944444444445,Increasing,15.6915625,7.076107293815841
101_913,0.9012096774193549,4.740652315149418e-13,0.81010101010101,Increasing,14.8040625,8.069802839666762
101_914,0.6794354838709677,5.073125608490159e-08,0.6804377880184331,Increasing,26.5284375,9.846074125436683
101_915,0.875,2.191358206005134e-12,1.0796428571428562,Increasing,30.3475,10.105710947281244
101_916,0.9112903225806451,2.6001423236721166e-13,1.4918899521531102,Increasing,39.8384375,15.06215064104704
101_917,0.8528225806451613,7.736700169402866e-12,1.298422619047619,Increasing,36.9928125,12.090497103710987
101_918,0.8991935483870968,5.340172748447003e-13,1.5663690476190477,Increasing,39.206562500000004,15.046478535145482
101_919,0.7943548387096774,1.8528600875811208e-10,1.3222649572649572,Increasing,33.8103125,12.967547109123752
101_92,0.8387096774193549,1.6986412276764895e-11,1.170467032967033,Increasing,29.0740625,12.481080897546244
101_920,0.8810483870967742,1.5452084056732929e-12,1.67043956043956,Increasing,31.889375,15.574118140664499
101_921,0.7903225806451613,2.2882273853497281e-10,0.6666666666666659,Increasing,27.9025,8.948481714793857
101_922,0.6774193548387096,5.5566278689411774e-08,0.5737217194570134,Increasing,20.770624999999995,5.996209707754975
101_923,0.6290322580645161,4.5753051591823635e-07,0.308642857142857,Increasing,30.2425,4.247019543162004
101_924,0.9112903225806451,2.6001423236721166e-13,0.5437076923076924,Increasing,21.7971875,5.334519211217048
101_925,0.7681451612903226,7.171752081092109e-10,0.46415229885057463,Increasing,29.175624999999997,4.59894073231815
101_926,0.8830645161290323,1.3746781490908688e-12,1.1548076923076924,Increasing,25.25125,10.970655390062163
101_927,0.875,2.191358206005134e-12,1.1939869281045752,Increasing,25.021875,11.083952205074462
101_928,0.8790322580645161,1.7366108551186699e-12,0.7685641025641025,Increasing,22.4725,7.470099145928385
101_929,0.9274193548387096,9.814371537686384e-14,1.418546365914787,Increasing,44.135625000000005,13.195832660706749
101_93,0.7137096774193549,1.0379506365509883e-08,0.7065651260504202,Increasing,14.5353125,7.0411966243205955
101_930,0.9435483870967742,3.6415315207705135e-14,1.3582843137254903,Increasing,44.2353125,12.915530134390293
101_931,0.905241935483871,3.730349362740526e-13,1.2641487068965516,Increasing,32.75875,12.269515513560426
101_932,0.8911290322580645,8.586464872450961e-13,0.8736666666666668,Increasing,40.63249999999999,8.400934471831096
101_933,0.42943548387096775,0.0005862699970422547,0.22085964912280706,Increasing,19.8125,2.9603969328453235
101_934,0.9354838709677419,5.995204332975845e-14,1.2727380952380951,Increasing,34.9790625,12.138253158757802
101_935,0.6189516129032258,6.968673158525007e-07,0.4204,Increasing,24.902187500000004,4.561512039866139
101_936,0.9314516129032258,7.682743330406083e-14,0.854605263157895,Increasing,35.933749999999996,8.087580660339656
101_937,0.8568548387096774,6.165290500348419e-12,0.9360640732265446,Increasing,31.322812499999998,8.85338608752853
101_938,0.9637096774193549,1.021405182655144e-14,1.3097916666666678,Increasing,38.5528125,12.182716044250714
101_939,0.9012096774193549,4.740652315149418e-13,1.1837259615384617,Increasing,37.588125000000005,11.098273637569719
101_94,0.8004032258064516,1.3474710236494047e-10,0.5043509615384615,Increasing,33.3934375,6.085763925637746
101_940,0.967741935483871,7.993605777301127e-15,0.9309999999999998,Increasing,41.139062499999994,9.163473126827718
101_941,0.75,1.7844419275547807e-09,0.8954629629629628,Increasing,39.82875000000001,8.931873666118436
101_942,0.9153225806451613,2.0405899192610377e-13,0.9897826086956519,Increasing,42.5834375,9.617245125741245
101_943,0.9475806451612904,2.842170943040401e-14,0.9282689210950079,Increasing,39.9225,8.719565284462293
101_944,0.8669354838709677,3.4794389591752406e-12,1.1386842105263157,Increasing,36.4021875,10.585778707296113
101_945,0.8911290322580645,8.586464872450961e-13,0.7021739130434785,Increasing,49.480937499999996,7.320033879436198
101_946,0.9354838709677419,5.995204332975845e-14,1.3449074074074074,Increasing,33.99875,12.419974524430394
101_947,0.8205645161290323,4.583267099178556e-11,0.7969736842105266,Increasing,59.9721875,8.306616991281333
101_948,0.9334677419354839,6.772360450213455e-14,1.0848529411764705,Increasing,44.36687499999999,10.273054389244466
101_949,0.9354838709677419,5.995204332975845e-14,1.2573996655518394,Increasing,48.641875,11.668582400376447
101_95,0.7862903225806451,2.8229885096209273e-10,0.954,Increasing,23.7575,9.336922003529857
101_950,0.9838709677419355,2.886579864025407e-15,1.693438596491228,Increasing,41.915625000000006,15.485481090666024
101_951,0.9092741935483871,2.9332092310596636e-13,1.0985897435897436,Increasing,44.2234375,10.672782442202864
101_952,0.9334677419354839,6.772360450213455e-14,1.1952268602540834,Increasing,28.3725,11.601877272665835
101_953,0.9092741935483871,2.9332092310596636e-13,0.8912700534759357,Increasing,28.278750000000002,8.470661407912607
101_954,0.9637096774193549,1.021405182655144e-14,1.0239999999999996,Increasing,27.0021875,10.070690683356517
101_955,0.8971774193548387,6.017408793468348e-13,1.2457727272727273,Increasing,39.2284375,11.547430209080883
101_956,0.8911290322580645,8.586464872450961e-13,1.1435,Increasing,25.755,11.133325255735594
101_957,0.9032258064516129,4.205524817280093e-13,1.1290909090909091,Increasing,29.072499999999998,11.008956864753355
101_958,0.8850806451612904,1.2225775947172224e-12,0.8439635854341738,Increasing,25.6,8.049456891616975
101_959,0.8870967741935484,1.0869083411080283e-12,0.7543506493506493,Increasing,26.3225,7.360471282465546
101_96,0.8346774193548387,2.121680608979659e-11,1.0842857142857143,Increasing,22.4284375,10.244859109992374
101_960,0.9153225806451613,2.0405899192610377e-13,0.9078888888888887,Increasing,26.27375,8.715480031960373
101_961,0.9193548387096774,1.6009416015094757e-13,0.8655654761904764,Increasing,29.511249999999997,8.236362876749665
101_962,0.7862903225806451,2.8229885096209273e-10,0.8787499999999999,Increasing,52.811875,8.52745618484053
101_963,0.842741935483871,1.3585577107733116e-11,1.2680735294117649,Increasing,33.6490625,12.396653116712338
101_964,0.8790322580645161,1.7366108551186699e-12,1.353,Increasing,30.755000000000003,12.98282471190303
101_965,0.6149193548387096,8.23131043548031e-07,0.6596380090497738,Increasing,32.746562499999996,7.189666460176977
101_966,0.907258064516129,3.3084646133829665e-13,1.3443650793650794,Increasing,42.2046875,13.282498819963951
101_967,0.8830645161290323,1.3746781490908688e-12,1.1664102564102565,Increasing,45.806875000000005,10.968756606123366
101_968,0.8548387096774194,6.907363570007874e-12,0.795666666666666,Increasing,39.97625,7.407254784162618
101_969,0.9032258064516129,4.205524817280093e-13,1.030685185185185,Increasing,44.38875,10.151970790811998
101_97,0.8346774193548387,2.121680608979659e-11,1.0645192307692308,Increasing,24.049375,10.581875406059883
101_970,0.7439516129032258,2.4068798065712826e-09,0.6733874239350913,Increasing,45.5271875,7.170908778867832
101_971,0.9193548387096774,1.6009416015094757e-13,1.3072115384615381,Increasing,51.8834375,12.127098429079965
101_972,0.5846774193548387,2.7784224061466745e-06,0.441111111111111,Increasing,69.0340625,4.894416371856174
101_973,0.8387096774193549,1.6986412276764895e-11,0.7352506265664163,Increasing,61.691874999999996,6.903628772926235
101_974,0.7298387096774194,4.794858066148322e-09,0.5921428571428569,Increasing,67.89343749999999,5.9751315934122955
101_975,0.8306451612903226,2.6473268022186858e-11,0.6804545454545452,Increasing,54.1975,6.737887280149467
101_976,0.9475806451612904,2.842170943040401e-14,1.1575551470588237,Increasing,42.25,10.948001529959702
101_977,0.9213709677419355,1.4166445794216997e-13,1.1676190476190476,Increasing,57.8546875,10.997479536345761
101_978,0.8991935483870968,5.340172748447003e-13,1.161,Increasing,53.0640625,10.843711847015014
101_979,0.9233870967741935,1.254552017826427e-13,1.1167032967032968,Increasing,40.762187499999996,10.380987951049926
101_98,0.8467741935483871,1.0854206422550305e-11,0.8692000000000001,Increasing,19.838124999999998,9.094155897298826
101_980,0.905241935483871,3.730349362740526e-13,1.1146190476190474,Increasing,43.903437499999995,10.459625533860844
101_981,0.9032258064516129,4.205524817280093e-13,0.8874999999999997,Increasing,53.484375,8.564704437946181
101_982,0.8346774193548387,2.121680608979659e-11,0.843764705882353,Increasing,36.1396875,8.34673719349925
101_983,0.8205645161290323,4.583267099178556e-11,0.9541991341991343,Increasing,30.868125,9.329459870987977
101_984,0.8145161290322581,6.351164039131163e-11,1.0551587301587302,Increasing,40.554375,10.00809639039188
101_985,0.8467741935483871,1.0854206422550305e-11,0.7991176470588239,Increasing,34.045625,8.577459537029307
101_986,0.8810483870967742,1.5452084056732929e-12,1.2173333333333332,Increasing,28.1890625,11.31240755746069
101_987,0.8044354838709677,1.0882916789967112e-10,0.7917361111111112,Increasing,26.4390625,8.092254537277839
101_988,0.8810483870967742,1.5452084056732929e-12,0.6573030303030302,Increasing,49.9859375,6.564533903568002
101_989,0.9435483870967742,3.6415315207705135e-14,0.9983676470588234,Increasing,39.963437500000005,9.409364886037407
101_99,0.842741935483871,1.3585577107733116e-11,1.2676960784313724,Increasing,26.984375,12.323466673764123
101_990,0.9032258064516129,4.205524817280093e-13,0.8819166666666666,Increasing,43.0365625,8.410324982341274
101_991,0.9032258064516129,4.205524817280093e-13,0.8669318181818185,Increasing,25.541562499999998,8.868153735902064
101_992,0.8467741935483871,1.0854206422550305e-11,0.7768888888888887,Increasing,36.99,7.493832881109639
101_993,0.9475806451612904,2.842170943040401e-14,1.00875,Increasing,45.1640625,9.489172401800579
101_994,0.9395161290322581,4.6851411639181606e-14,1.1796560846560846,Increasing,42.31281250000001,11.031972918061562
101_995,0.9274193548387096,9.814371537686384e-14,1.1997058823529412,Increasing,36.345312500000006,10.954133633124245
101_996,0.9395161290322581,4.6851411639181606e-14,2.0933529411764704,Increasing,41.416875000000005,19.68906968940826
101_997,0.9435483870967742,3.6415315207705135e-14,1.0468095238095239,Increasing,17.502499999999998,9.733620215521048
101_998,0.8991935483870968,5.340172748447003e-13,0.6093055555555555,Increasing,21.985,5.516319538424148
147_1,0.9516129032258065,2.19824158875781e-14,1.0151428571428573,Increasing,60.370625000000004,10.092174548102852
147_10,0.8951612903225806,6.774580896262705e-13,0.9551470588235295,Increasing,56.4,8.93377229953842
147_100,0.9395161290322581,4.6851411639181606e-14,0.8298703703703704,Increasing,46.8521875,7.7971179508741395
147_101,0.9193548387096774,1.6009416015094757e-13,0.7795238095238101,Increasing,27.436875,7.242836304540853
147_102,0.5181451612903226,3.304303154827437e-05,0.5424999999999973,Increasing,65.52250000000001,6.769344964618069
147_103,0.8629032258064516,4.377387341492067e-12,0.6959340659340658,Increasing,44.161249999999995,6.64150338308278
147_104,0.8387096774193549,1.6986412276764895e-11,1.1347916666666658,Increasing,45.435,11.013835900811307
147_105,0.9435483870967742,3.6415315207705135e-14,1.4476785714285711,Increasing,45.396249999999995,13.466111806586932
147_106,0.8991935483870968,5.340172748447003e-13,1.1876923076923078,Increasing,48.4665625,11.300735210976043
147_107,0.9435483870967742,3.6415315207705135e-14,1.457870813397129,Increasing,48.745,14.32463633918851
147_108,0.7056451612903226,1.5177737733296226e-08,0.8808974358974357,Increasing,48.829687500000006,8.856301246984758
147_109,0.9475806451612904,2.842170943040401e-14,1.5257407407407406,Increasing,46.1834375,14.333585038593581
147_11,0.8266129032258065,3.299827078251383e-11,0.9241666666666667,Increasing,34.9446875,8.731218050898956
147_110,0.9556451612903226,1.709743457922741e-14,1.1966185897435895,Increasing,42.37875,11.225439231384222
147_111,0.8951612903225806,6.774580896262705e-13,0.9138690476190476,Increasing,44.4209375,8.874542720393753
147_112,0.7903225806451613,2.2882273853497281e-10,0.7584523809523808,Increasing,54.794062499999995,7.283146151979497
147_113,0.9475806451612904,2.842170943040401e-14,0.9661249999999998,Increasing,45.512187499999996,9.17045620947201
147_114,0.9112903225806451,2.6001423236721166e-13,0.7899583333333334,Increasing,39.708124999999995,7.989024673536501
147_115,0.907258064516129,3.3084646133829665e-13,1.187533333333333,Increasing,47.96875,11.07198230614103
147_116,0.75,1.7844419275547807e-09,0.6195151515151517,Increasing,46.7265625,6.326277346006398
147_117,0.8729838709677419,2.460920356384122e-12,1.207440476190476,Increasing,41.57875,11.655316316492659
147_118,0.8870967741935484,1.0869083411080283e-12,1.188235294117647,Increasing,51.9865625,10.924673224339195
147_119,0.8830645161290323,1.3746781490908688e-12,0.9895454545454545,Increasing,52.12406250000001,9.31212309954576
147_12,0.8104838709677419,7.883982355849639e-11,1.0745201238390094,Increasing,44.58875,10.500322242079049
147_120,0.8125,7.077094466012568e-11,1.0721999999999992,Increasing,49.266875,10.35286356446249
147_121,0.9495967741935484,2.5091040356528538e-14,1.0875691699604748,Increasing,53.123125,10.16394591112994
147_122,0.8245967741935484,3.682676386063122e-11,0.9708823529411765,Increasing,43.06999999999999,9.827285357615295
147_123,0.7439516129032258,2.4068798065712826e-09,0.6426851851851851,Increasing,48.7709375,6.214621046056932
147_124,0.7137096774193549,1.0379506365509883e-08,0.8244421052631581,Increasing,42.8578125,8.257376147411705
147_125,0.7782258064516129,4.2833958602273015e-10,0.5864583333333335,Increasing,39.59875,5.991488624498923
147_126,0.8810483870967742,1.5452084056732929e-12,0.9615415019762845,Increasing,40.31281250000001,9.323530458728804
147_127,0.8991935483870968,5.340172748447003e-13,0.5170029239766083,Increasing,35.845937500000005,4.900355764747469
147_128,0.8629032258064516,4.377387341492067e-12,0.974623745819398,Increasing,40.760000000000005,8.77244050991513
147_129,0.8064516129032258,9.776668363770114e-11,0.6678125,Increasing,10.5065625,6.761397603942084
147_13,0.7721774193548387,5.84016834892509e-10,0.7984320175438597,Increasing,39.014062499999994,7.717699163033873
147_130,0.7298387096774194,4.794858066148322e-09,0.3668627450980393,Increasing,19.6446875,3.988439532241118
147_131,0.8870967741935484,1.0869083411080283e-12,0.8941964285714288,Increasing,43.306875,8.329697037370268
147_132,0.7560483870967742,1.3199186188472822e-09,0.8254431216931217,Increasing,19.3984375,8.095964314619584
147_133,0.9274193548387096,9.814371537686384e-14,1.1403333333333334,Increasing,40.127812500000005,11.0210964558815
147_134,0.8709677419354839,2.7626789744772395e-12,0.945720823798627,Increasing,43.9853125,9.020784674979431
147_135,0.5564516129032258,8.214164165520899e-06,0.3346296296296296,Increasing,21.133125,3.8182394810141234
147_136,0.9274193548387096,9.814371537686384e-14,0.9779166666666661,Increasing,40.1978125,10.049713532725386
147_137,0.8870967741935484,1.0869083411080283e-12,1.2832142857142856,Increasing,50.9796875,12.05753407738679
147_138,0.844758064516129,1.2144951710979512e-11,0.946060606060606,Increasing,42.0853125,8.831979882922274
147_139,0.8870967741935484,1.0869083411080283e-12,1.5145897435897435,Increasing,50.1646875,14.267999593578061
147_14,0.5745967741935484,4.115299975682163e-06,0.32842105263157806,Increasing,32.646875,3.894384930175111
147_140,0.8125,7.077094466012568e-11,0.7010367892976588,Increasing,59.2453125,6.749360610631481
147_141,0.8326612903225806,2.3702817486537242e-11,1.1805757575757574,Increasing,56.436875,12.295762592632268
147_142,0.8104838709677419,7.883982355849639e-11,0.5900000000000002,Increasing,43.39125,6.782999313541172
147_143,0.7883064516129032,2.541908905584478e-10,0.5014677419354838,Increasing,29.19625,4.805126006412319
147_144,0.9415322580645161,4.1300296516055823e-14,0.9750277777777779,Increasing,47.998125,8.944675244768533
147_145,0.7580645161290323,1.193087628692524e-09,1.1826041666666667,Increasing,55.955625,11.439485329741675
147_146,0.8810483870967742,1.5452084056732929e-12,1.150151515151515,Increasing,47.7178125,11.179069374945472
147_147,0.8165322580645161,5.698219673888616e-11,1.0930666666666669,Increasing,46.765625,10.611299383646426
147_148,0.8931451612903226,7.629452625224076e-13,0.7073,Increasing,31.497812500000002,6.6854635845125765
147_149,0.5362903225806451,1.7284429657316025e-05,0.41362394957983173,Increasing,37.730625,4.914121194005598
147_15,0.9274193548387096,9.814371537686384e-14,0.5798,Increasing,31.743125,5.423177365196071
147_150,0.8669354838709677,3.4794389591752406e-12,0.9874999999999995,Increasing,46.434375,9.25058914931233
147_151,0.7983870967741935,1.4987833196755673e-10,0.8699783549783551,Increasing,47.25875,8.922006413217826
147_152,0.8568548387096774,6.165290500348419e-12,0.8873214285714286,Increasing,23.22,8.723268094584736
147_153,0.842741935483871,1.3585577107733116e-11,1.2961204013377925,Increasing,27.4128125,13.260293698287521
147_154,0.6713709677419355,7.29042284319803e-08,0.6140734265734262,Increasing,62.1359375,6.600068114882887
147_155,0.9314516129032258,7.682743330406083e-14,1.3836538461538463,Increasing,36.144375,12.832201910014314
147_156,0.9415322580645161,4.1300296516055823e-14,0.6844362745098038,Increasing,26.12875,6.452541045006998
147_157,0.9576612903225806,1.509903313490213e-14,1.0812499999999998,Increasing,40.317499999999995,10.161874519496884
147_158,0.9233870967741935,1.254552017826427e-13,0.9529545454545457,Increasing,44.276250000000005,8.943601675918936
147_159,0.9133064516129032,2.304822999121825e-13,1.1298275862068965,Increasing,41.58500000000001,10.602265382926424
147_16,0.7963709677419355,1.666657922783088e-10,0.6996944444444448,Increasing,61.44375,6.784788938316357
147_160,0.9435483870967742,3.6415315207705135e-14,1.5312500000000004,Increasing,56.9453125,14.301007391171566
147_161,0.4717741935483871,0.00015781793261271382,0.2704444444444444,Increasing,11.465625,3.847253839997434
147_162,0.8387096774193549,1.6986412276764895e-11,1.0663939393939397,Increasing,46.5771875,9.89656829233466
147_163,0.8407258064516129,1.5192958002785417e-11,1.0099545454545455,Increasing,36.6121875,9.857423197258184
147_164,0.8004032258064516,1.3474710236494047e-10,0.7625000000000001,Increasing,44.9221875,7.174802146390085
147_165,0.8266129032258065,3.299827078251383e-11,0.8146428571428568,Increasing,52.977500000000006,7.7255671312855725
147_166,0.9233870967741935,1.254552017826427e-13,1.0806372549019607,Increasing,54.19125,10.156480305081088
147_167,0.7419354838709677,2.657962294705385e-09,0.8997435897435893,Increasing,57.64625,9.023261865173813
147_168,0.6068548387096774,1.1449388537254634e-06,0.6327694235588972,Increasing,64.3478125,7.122985563641397
147_169,0.7560483870967742,1.3199186188472822e-09,0.6453463203463206,Increasing,66.104375,6.549473231441976
147_17,0.7903225806451613,2.2882273853497281e-10,0.654,Increasing,27.305,6.820543874941352
147_170,0.8830645161290323,1.3746781490908688e-12,0.686590909090909,Increasing,36.11875,6.6491981424454485
147_171,0.7842741935483871,3.1343416750928554e-10,0.6657499999999997,Increasing,50.1959375,6.463336434930008
147_172,0.7762096774193549,4.750932980357447e-10,0.7819602272727273,Increasing,53.7453125,7.57557752929397
147_173,0.8467741935483871,1.0854206422550305e-11,1.109110576923077,Increasing,45.974999999999994,10.31363690702751
147_174,0.8487903225806451,9.698242209310592e-12,1.4220238095238096,Increasing,47.3665625,13.245004626597673
147_175,0.9173387096774194,1.8074430840897548e-13,1.0000000000000002,Increasing,56.3678125,9.351525522065572
147_176,0.8629032258064516,4.377387341492067e-12,1.2412740384615384,Increasing,47.9065625,12.230365031698511
147_177,0.8568548387096774,6.165290500348419e-12,0.962708333333333,Increasing,50.59625,9.158666234092166
147_178,0.8669354838709677,3.4794389591752406e-12,1.027222222222223,Increasing,48.371249999999996,9.814389865778718
147_179,0.7741935483870968,5.268148139947471e-10,1.1782142857142857,Increasing,61.106562499999995,10.49201261954034
147_18,0.9395161290322581,4.6851411639181606e-14,1.15656862745098,Increasing,24.9690625,10.81188043293551
147_180,0.8709677419354839,2.7626789744772395e-12,0.6339230769230768,Increasing,53.4709375,6.211574558523285
147_181,0.9596774193548387,1.3322676295501878e-14,1.406409090909091,Increasing,42.39875,13.328044856148257
147_182,0.9354838709677419,5.995204332975845e-14,1.2199999999999993,Increasing,45.167500000000004,11.20536394991256
147_183,0.9032258064516129,4.205524817280093e-13,1.2559821428571432,Increasing,48.6759375,11.73079517215665
147_184,0.8508064516129032,8.663292305755022e-12,1.1087500000000001,Increasing,36.459062499999995,10.626057994199623
147_185,0.8387096774193549,1.6986412276764895e-11,0.9249999999999999,Increasing,53.2353125,8.850883071894224
147_186,0.9475806451612904,2.842170943040401e-14,0.9631884057971012,Increasing,39.3625,8.970725305124441
147_187,0.7278225806451613,5.285553328349124e-09,0.7655533596837945,Increasing,53.0390625,7.339365333330517
147_188,0.9314516129032258,7.682743330406083e-14,0.9248896434634974,Increasing,49.22125,8.849939883270395
147_189,0.9314516129032258,7.682743330406083e-14,1.0068000000000006,Increasing,47.917500000000004,9.423971429286063
147_19,0.8548387096774194,6.907363570007874e-12,0.6928333333333333,Increasing,19.780625,6.6950228423340725
147_190,0.7479838709677419,1.9721104749237384e-09,1.2131845238095238,Increasing,44.049062500000005,10.85646188894401
147_191,0.8991935483870968,5.340172748447003e-13,1.2107670454545454,Increasing,44.094375,11.219918932834364
147_192,0.8669354838709677,3.4794389591752406e-12,0.9366911764705883,Increasing,54.362812500000004,8.920870975686384
147_193,0.9112903225806451,2.6001423236721166e-13,1.1269485294117652,Increasing,42.797812500000006,10.688836388486997
147_194,0.9254032258064516,1.1102230246251565e-13,0.9087412587412589,Increasing,61.099375,9.33111158219507
147_195,0.8508064516129032,8.663292305755022e-12,0.5526666666666666,Increasing,47.3271875,5.475757501464408
147_196,0.09274193548387097,0.4655488870531288,0.06468749999999981,No significant trend,36.2428125,4.377870654192943
147_197,0.5161290322580645,3.546525120357025e-05,0.3184000000000001,Increasing,51.711875000000006,3.9489210848502663
147_198,0.7782258064516129,4.2833958602273015e-10,0.536190476190477,Increasing,37.0184375,5.2515617375780455
147_199,0.8629032258064516,4.377387341492067e-12,0.7046236559139784,Increasing,35.041250000000005,7.754909634386464
147_2,0.6915322580645161,2.9223376829534686e-08,0.7744999999999997,Increasing,45.709374999999994,8.039145996893886
147_20,0.6592741935483871,1.246354144335271e-07,0.4012593984962406,Increasing,15.5396875,4.195604459114771
147_200,0.8951612903225806,6.774580896262705e-13,0.836,Increasing,32.6396875,8.151494297203657
147_201,0.905241935483871,3.730349362740526e-13,1.208157894736842,Increasing,27.471249999999998,11.303414238074264
147_202,0.7258064516129032,5.824971616164021e-09,0.751984126984127,Increasing,20.8909375,7.2280345527739245
147_203,0.9556451612903226,1.709743457922741e-14,0.8500271739130436,Increasing,30.922187500000003,7.826843526597663
147_204,0.9395161290322581,4.6851411639181606e-14,1.3988888888888888,Increasing,33.03125,13.035539821484187
147_205,0.4254032258064516,0.0006605386079836517,0.32969736842105263,Increasing,24.8915625,4.606905895890836
147_206,0.9395161290322581,4.6851411639181606e-14,1.0037499999999997,Increasing,43.416875,9.500722813785012
147_207,0.8467741935483871,1.0854206422550305e-11,0.46928571428571436,Increasing,29.4909375,5.119060802148549
147_208,0.875,2.191358206005134e-12,0.6969318181818183,Increasing,36.3115625,6.539760655681043
147_209,0.8689516129032258,3.1008529077780622e-12,0.5472697368421051,Increasing,14.99875,5.473427713736612
147_21,0.8508064516129032,8.663292305755022e-12,0.7899999999999991,Increasing,35.188125,8.170389157462145
147_210,0.8870967741935484,1.0869083411080283e-12,0.9831362889983579,Increasing,45.1546875,9.28523693302135
147_211,0.9758064516129032,4.884981308350689e-15,0.8772619047619041,Increasing,34.8734375,8.169931383346727
147_212,0.8266129032258065,3.299827078251383e-11,0.6576190476190478,Increasing,51.129375,6.372235644526573
147_213,0.9395161290322581,4.6851411639181606e-14,1.222425925925926,Increasing,31.2025,11.356285979579766
147_214,0.9637096774193549,1.021405182655144e-14,1.0339999999999998,Increasing,50.084375,9.568935395819903
147_215,0.7620967741935484,9.740654949297323e-10,0.7281720430107528,Increasing,51.74125,6.934414516561582
147_216,0.907258064516129,3.3084646133829665e-13,1.1427636363636364,Increasing,51.0665625,10.160413872406663
147_217,0.9274193548387096,9.814371537686384e-14,1.380238095238095,Increasing,43.3196875,12.548257967835367
147_218,0.6088709677419355,1.054676987966019e-06,0.550625,Increasing,33.753437500000004,7.783778247650286
147_219,0.907258064516129,3.3084646133829665e-13,0.7420913461538463,Increasing,32.7865625,7.07905740961279
147_22,-0.3326612903225806,0.007825712195287604,-0.18746187363834424,Decreasing,29.659062499999997,4.23619327888775
147_220,0.8387096774193549,1.6986412276764895e-11,0.8580594405594406,Increasing,42.4278125,8.254108724740895
147_221,0.9112903225806451,2.6001423236721166e-13,1.4048713235294117,Increasing,51.26625,13.559679603054786
147_222,0.9173387096774194,1.8074430840897548e-13,0.8187301587301585,Increasing,52.668124999999996,7.7528286924434875
147_223,0.9354838709677419,5.995204332975845e-14,0.983095238095238,Increasing,46.661875,9.371385782496365
147_224,0.9495967741935484,2.5091040356528538e-14,1.009375,Increasing,38.4315625,9.465777869968942
147_225,-0.06451612903225806,0.6151681449180015,-0.03752941176470573,No significant trend,59.010625000000005,2.4398321375404084
147_226,0.8568548387096774,6.165290500348419e-12,1.112613636363637,Increasing,45.2453125,10.507926765177979
147_227,0.9173387096774194,1.8074430840897548e-13,1.0926050420168067,Increasing,48.15125,9.79547719294471
147_228,0.9556451612903226,1.709743457922741e-14,1.1730952380952382,Increasing,51.84343749999999,11.423662287488797
147_229,0.8790322580645161,1.7366108551186699e-12,0.7489898989898992,Increasing,62.8446875,7.322619060305113
147_23,0.6431451612903226,2.5116283208781454e-07,0.6185714285714285,Increasing,27.159687499999997,7.104748185357715
147_230,0.8588709677419355,5.501599176227501e-12,0.8724431818181819,Increasing,50.13375,8.261246406414712
147_231,0.5625,6.538795176869172e-06,0.8334890109890111,Increasing,30.3609375,9.241698085097443
147_232,0.6653225806451613,9.543242263099216e-08,0.5109090909090908,Increasing,28.5315625,5.177266477939275
147_233,0.8629032258064516,4.377387341492067e-12,1.204166666666667,Increasing,41.264375,11.489382037750115
147_235,0.8508064516129032,8.663292305755022e-12,1.013625,Increasing,36.799375,9.699306978303914
147_236,0.9354838709677419,5.995204332975845e-14,1.0275,Increasing,36.111875,9.52824893327074
147_237,0.8991935483870968,5.340172748447003e-13,0.984151515151515,Increasing,41.237187500000005,9.293203912797983
147_24,0.7741935483870968,5.268148139947471e-10,0.9502960526315789,Increasing,26.58,9.340037473158231
147_25,0.8669354838709677,3.4794389591752406e-12,1.0521703296703295,Increasing,54.6796875,10.0492877497534
147_26,0.8669354838709677,3.4794389591752406e-12,0.903148148148148,Increasing,51.9834375,9.177028934170021
147_27,0.9395161290322581,4.6851411639181606e-14,1.6259891304347827,Increasing,49.004375,15.289409311983738
147_28,0.5846774193548387,2.7784224061466745e-06,0.60625,Increasing,53.892812500000005,6.692673809087347
147_29,0.8346774193548387,2.121680608979659e-11,0.7166250000000001,Increasing,47.039375,8.087510022211719
147_3,0.9596774193548387,1.3322676295501878e-14,1.0964583333333335,Increasing,38.6875,10.357674690778815
147_30,0.8508064516129032,8.663292305755022e-12,1.0003571428571427,Increasing,58.188437500000006,9.607570618194476
147_31,0.9012096774193549,4.740652315149418e-13,1.3875384615384618,Increasing,52.144375,12.739748314208368
147_32,0.7076612903225806,1.38075384459313e-08,0.7939610389610385,Increasing,46.1771875,7.953264359044263
147_33,0.7116935483870968,1.1418290979392509e-08,0.9918154761904763,Increasing,44.4784375,10.171246884408705
147_34,0.7237903225806451,6.417795184177066e-09,0.6953333333333331,Increasing,46.806875,7.102669585048638
147_35,0.9112903225806451,2.6001423236721166e-13,1.4237500000000005,Increasing,45.347187500000004,13.493824799323717
147_36,0.8790322580645161,1.7366108551186699e-12,1.28525,Increasing,42.4196875,12.395202066821813
147_37,0.9516129032258065,2.19824158875781e-14,1.4391883116883117,Increasing,45.462500000000006,13.510832922140663
147_38,0.8548387096774194,6.907363570007874e-12,0.9410846560846557,Increasing,41.927812499999995,9.28265914702483
147_39,0.967741935483871,7.993605777301127e-15,1.1058333333333334,Increasing,43.793437499999996,10.442685421317341
147_4,0.9556451612903226,1.709743457922741e-14,1.1174374999999999,Increasing,50.469375,10.43676732084102
147_40,0.905241935483871,3.730349362740526e-13,1.1741293103448278,Increasing,36.3946875,11.087793114607782
147_41,0.9092741935483871,2.9332092310596636e-13,1.0931111111111111,Increasing,48.175625000000004,10.428893738521598
147_42,0.8205645161290323,4.583267099178556e-11,0.9319871794871794,Increasing,35.2634375,9.181408051524219
147_43,0.8064516129032258,9.776668363770114e-11,1.1085978260869567,Increasing,42.6196875,10.420566648572608
147_44,0.9395161290322581,4.6851411639181606e-14,1.176066176470588,Increasing,39.428124999999994,10.900857029810776
147_45,0.7681451612903226,7.171752081092109e-10,0.8445341614906832,Increasing,37.169062499999995,8.542448185157095
147_46,0.9012096774193549,4.740652315149418e-13,1.270576923076923,Increasing,44.475625,11.87927026838665
147_47,0.8991935483870968,5.340172748447003e-13,1.2000357142857143,Increasing,42.565625,11.93173000278564
147_48,0.9193548387096774,1.6009416015094757e-13,1.2707846153846152,Increasing,43.6359375,11.85309976846115
147_49,0.9395161290322581,4.6851411639181606e-14,1.0993808049535605,Increasing,40.6034375,10.282526321804081
147_5,0.8004032258064516,1.3474710236494047e-10,1.0271590909090909,Increasing,32.1565625,10.128459165075098
147_50,0.9556451612903226,1.709743457922741e-14,1.583939393939394,Increasing,43.140625,14.813263680208188
147_51,0.6471774193548387,2.1112575954163049e-07,0.4540804597701148,Increasing,45.00375,4.98136135383692
147_52,0.9475806451612904,2.842170943040401e-14,1.29,Increasing,43.9775,12.178882851066431
147_53,0.8266129032258065,3.299827078251383e-11,0.955277777777777,Increasing,41.140625,9.237786171988125
147_54,0.8629032258064516,4.377387341492067e-12,1.2569782608695652,Increasing,30.025937499999998,11.246556100473324
147_55,0.8991935483870968,5.340172748447003e-13,1.3597368421052631,Increasing,49.893125,13.017354867037119
147_56,0.9717741935483871,6.217248937900877e-15,1.458181818181818,Increasing,43.409375,13.708092486169438
147_57,0.9495967741935484,2.5091040356528538e-14,1.2140357142857146,Increasing,43.01875,11.182693869882158
147_58,0.967741935483871,7.993605777301127e-15,1.538030303030303,Increasing,39.923125,14.30400062864844
147_59,0.8729838709677419,2.460920356384122e-12,1.3179999999999998,Increasing,40.5371875,12.60009008756857
147_6,0.7137096774193549,1.0379506365509883e-08,0.6158928571428572,Increasing,46.012187499999996,6.864957089439362
147_60,0.8729838709677419,2.460920356384122e-12,1.0817142857142859,Increasing,41.2046875,10.256337974752185
147_61,0.9153225806451613,2.0405899192610377e-13,1.116369047619048,Increasing,41.8434375,10.412835411577086
147_62,0.7459677419354839,2.178956348686256e-09,0.529642857142856,Increasing,41.6665625,5.529873760638099
147_63,0.8709677419354839,2.7626789744772395e-12,1.1857499999999999,Increasing,47.68375,11.91238188556344
147_64,0.844758064516129,1.2144951710979512e-11,0.9895000000000003,Increasing,41.314687500000005,9.669834210178774
147_65,0.8931451612903226,7.629452625224076e-13,1.1997689075630253,Increasing,43.02875,11.272191099670906
147_66,0.8971774193548387,6.017408793468348e-13,1.2275,Increasing,39.79718750000001,11.495305355441575
147_67,0.8911290322580645,8.586464872450961e-13,1.3954037267080748,Increasing,36.9421875,13.213461822695963
147_68,0.75,1.7844419275547807e-09,1.2952380952380955,Increasing,42.37,11.551482047772053
147_69,0.907258064516129,3.3084646133829665e-13,1.5080740740740741,Increasing,36.190937500000004,14.014316866907702
147_7,0.9213709677419355,1.4166445794216997e-13,0.7961904761904761,Increasing,41.8940625,7.447588896488162
147_70,0.8266129032258065,3.299827078251383e-11,1.1499999999999992,Increasing,43.09375,10.667374252246896
147_71,0.9475806451612904,2.842170943040401e-14,1.6908333333333334,Increasing,42.6075,15.667298147734344
147_72,0.8568548387096774,6.165290500348419e-12,1.0343571428571428,Increasing,34.2721875,9.939025271114051
147_73,0.9314516129032258,7.682743330406083e-14,0.8299545454545455,Increasing,42.711875,7.768922639875815
147_74,0.8870967741935484,1.0869083411080283e-12,0.79,Increasing,48.317499999999995,7.9465169256725305
147_75,0.9112903225806451,2.6001423236721166e-13,1.4982102272727276,Increasing,48.393437500000005,15.459189138133791
147_76,0.592741935483871,2.019923096563403e-06,0.29779761904761926,Increasing,28.5215625,3.8421975396371475
147_77,0.8568548387096774,6.165290500348419e-12,0.5,Increasing,23.347187499999997,4.959634710827376
147_78,0.8971774193548387,6.017408793468348e-13,1.1917857142857138,Increasing,53.1009375,11.715829665290196
147_79,0.8991935483870968,5.340172748447003e-13,1.2136111111111112,Increasing,35.863125,11.455405775631652
147_8,0.49798387096774194,6.628324270452346e-05,0.48620833333333335,Increasing,33.8375,5.947428540974662
147_80,0.7560483870967742,1.3199186188472822e-09,0.7663931888544893,Increasing,33.861562500000005,7.544031626630004
147_81,0.8084677419354839,8.780598470536916e-11,1.0804910714285716,Increasing,34.665625,10.563923554218622
147_82,0.8508064516129032,8.663292305755022e-12,1.1352272727272725,Increasing,41.785624999999996,10.877487915845965
147_83,0.9637096774193549,1.021405182655144e-14,1.2587368421052632,Increasing,40.182500000000005,11.788435275726801
147_84,0.907258064516129,3.3084646133829665e-13,0.9279761904761905,Increasing,43.184374999999996,8.749008850114109
147_85,0.9637096774193549,1.021405182655144e-14,1.282073578595318,Increasing,42.97875,11.894022855514445
147_86,0.9435483870967742,3.6415315207705135e-14,1.2435217391304347,Increasing,42.393437500000005,11.688455204114604
147_87,0.8508064516129032,8.663292305755022e-12,0.7813846153846153,Increasing,26.555625,7.137020972322766
147_88,0.9314516129032258,7.682743330406083e-14,1.2899215686274512,Increasing,42.56375,12.056588123822593
147_89,0.9375,5.284661597215745e-14,1.2845588235294119,Increasing,42.7484375,11.9198652753961
147_9,0.8830645161290323,1.3746781490908688e-12,0.7839010989010988,Increasing,31.100624999999997,7.312437579861793
147_90,0.9596774193548387,1.3322676295501878e-14,1.4725000000000001,Increasing,40.0796875,13.588452699897209
147_91,0.9354838709677419,5.995204332975845e-14,0.9760256410256409,Increasing,37.3659375,9.270599650027702
147_92,0.8830645161290323,1.3746781490908688e-12,1.4714583333333335,Increasing,43.06,14.18842287747303
147_93,0.7439516129032258,2.4068798065712826e-09,0.7726470588235275,Increasing,44.27375,7.631344798755983
147_94,0.8508064516129032,8.663292305755022e-12,0.8582916666666669,Increasing,58.010625,8.469718832958685
147_95,0.8245967741935484,3.682676386063122e-11,0.644166666666667,Increasing,64.209375,6.589946859374133
147_96,0.8629032258064516,4.377387341492067e-12,1.0540229885057473,Increasing,41.683749999999996,10.308693767277209
147_97,0.8669354838709677,3.4794389591752406e-12,1.039017857142857,Increasing,46.7784375,9.772772479373177
147_98,0.875,2.191358206005134e-12,1.0831209150326797,Increasing,39.6846875,10.137964226231208
147_99,0.9556451612903226,1.709743457922741e-14,1.1641666666666661,Increasing,49.3553125,11.052190106596239
