location,tau,p_value,slope,trend_class,mean_value,std_value
101_1,0.9359605911330049,1.1661782650662644e-12,0.948333333333333,Increasing,82.52413793103449,8.067715788867412
101_10,0.874384236453202,3.129319026129451e-11,1.1244999999999998,Increasing,70.85517241379311,9.647639918900179
101_100,0.8866995073891626,1.64896984955476e-11,0.9080952380952382,Increasing,40.03448275862068,8.02944047786854
101_1000,0.9605911330049262,2.944311461305915e-13,2.285304347826087,Increasing,44.851724137931036,19.953128191177324
101_1001,0.9039408866995073,6.6282535016171096e-12,0.7799999999999987,Increasing,69.48620689655174,6.6288150570552276
101_1002,0.8275862068965517,3.30075300425392e-10,0.7413194444444445,Increasing,73.92758620689655,6.443542426428887
101_1003,0.6896551724137931,1.6633067945193147e-07,0.644949494949495,Increasing,49.77931034482759,6.0481618359086
101_1004,0.9605911330049262,2.944311461305915e-13,1.3477272727272727,Increasing,68.6448275862069,11.854246618883376
101_1005,0.9433497536945813,7.744915819785092e-13,1.1000000000000014,Increasing,70.26206896551724,9.634936923119172
101_1006,0.9187192118226601,2.994049452809122e-12,1.2382275132275133,Increasing,72.78275862068965,10.647261877753367
101_1007,0.9458128078817734,6.752376435770202e-13,1.7386752136752142,Increasing,50.248275862068965,15.36899298273021
101_1008,0.9310344827586207,1.5294432387236157e-12,1.1281578947368425,Increasing,74.28275862068966,10.661437729451755
101_1009,0.7438423645320197,1.6405531599872347e-08,0.9346989966555184,Increasing,77.9551724137931,8.243140772658178
101_101,0.9532019704433498,4.46753745109163e-13,1.1408333333333323,Increasing,72.17586206896551,10.611498486024773
101_1010,0.9137931034482759,3.907540957470701e-12,1.2000000000000004,Increasing,70.40689655172415,10.157447786773142
101_1013,0.9014778325123153,7.55773221783329e-12,1.0822916666666669,Increasing,68.5448275862069,9.305859711508308
101_1014,0.6108374384236454,3.599845775026367e-06,0.8073232323232322,Increasing,61.262068965517244,7.787231538212186
101_1015,0.8374384236453202,2.0309398607309959e-10,0.6177865612648219,Increasing,65.41379310344827,5.50364920556202
101_1016,0.7118226600985221,6.578379418975544e-08,0.4972222222222223,Increasing,36.94137931034483,5.803002625952646
101_1017,0.4458128078817734,0.0007342741482312398,0.24276018099547503,Increasing,42.71724137931034,3.1007306108474455
101_1018,0.4630541871921182,0.0004519006683851856,0.23266666666666605,Increasing,37.251724137931035,3.431258006927928
101_1019,0.9236453201970444,2.291056233616473e-12,1.002777777777778,Increasing,77.2551724137931,8.943407751615307
101_102,0.896551724137931,9.815925849920859e-12,0.9422619047619047,Increasing,63.50689655172415,8.33935129514168
101_1020,0.8620689655172413,5.887601517429175e-11,1.1724747474747472,Increasing,70.02758620689656,10.067664063269307
101_1021,0.8596059113300493,6.674016894692159e-11,0.7350877192982461,Increasing,77.94137931034484,6.304049997689186
101_1022,0.8916256157635468,1.273137151258652e-11,0.9489130434782622,Increasing,78.65517241379312,8.904535311188592
101_1023,0.8842364532019704,1.875677391183217e-11,0.8343137254901958,Increasing,77.93793103448277,7.3099560729423825
101_1024,0.7955665024630542,1.54022639087259e-09,0.833409090909091,Increasing,61.165517241379305,7.388260765989141
101_1025,0.7561576354679803,9.469504513859306e-09,0.75,Increasing,78.75862068965517,6.830485277927604
101_1026,0.8325123152709359,2.59092081122958e-10,0.6238636363636364,Increasing,38.66896551724139,5.707533040868362
101_1027,0.9064039408866995,5.810907310888069e-12,1.0707142857142853,Increasing,74.14827586206896,9.019198706271553
101_1028,0.8374384236453202,2.0309398607309959e-10,1.704166666666668,Increasing,38.33793103448276,15.03736527254929
101_1029,0.9261083743842364,2.0030643810287074e-12,1.1098214285714287,Increasing,67.2,9.73511241810301
101_103,0.6477832512315271,8.895836753897157e-07,0.6190909090909091,Increasing,34.34827586206896,5.907541684278352
101_1030,0.8448275862068966,1.4058532116223432e-10,0.9627450980392154,Increasing,79.8103448275862,8.508062903143848
101_1031,0.7733990147783252,4.324605118455338e-09,0.7566964285714282,Increasing,77.6241379310345,6.872466563805909
101_1032,0.8251231527093597,3.7236480565638885e-10,0.893076923076923,Increasing,78.66896551724139,8.006510430560432
101_1033,0.9039408866995073,6.6282535016171096e-12,0.9714285714285718,Increasing,67.2551724137931,8.855646404759822
101_1034,0.812807881773399,6.768692273340093e-10,0.8880701754385963,Increasing,68.94827586206897,7.589085660689266
101_1035,0.7906403940886699,1.9420676178327767e-09,0.8775210084033613,Increasing,63.75862068965518,7.697492526852576
101_1036,0.9211822660098522,2.6194602043005943e-12,0.8645833333333335,Increasing,54.010344827586195,7.417748744249705
101_1037,0.8940886699507389,1.1180834036395026e-11,0.9633928571428574,Increasing,72.57931034482758,8.68595296065553
101_1038,0.9384236453201971,1.0178524689763435e-12,1.1325757575757578,Increasing,53.089655172413785,9.561609474516459
101_1039,0.874384236453202,3.129319026129451e-11,1.0077294685990341,Increasing,75.4896551724138,8.656205461086412
101_104,0.9310344827586207,1.5294432387236157e-12,1.2160256410256411,Increasing,36.27931034482759,10.18119901178045
101_1040,0.8399014778325123,1.7971912846803662e-10,0.9958041958041961,Increasing,68.01034482758621,8.49755927747476
101_1042,0.8817733990147784,2.1328272481468957e-11,1.4022727272727273,Increasing,58.98620689655172,12.51905373029533
101_1043,0.8768472906403941,2.7548630043838784e-11,0.9531135531135534,Increasing,61.73103448275862,8.209460625244
101_1044,0.9014778325123153,7.55773221783329e-12,1.2083916083916084,Increasing,40.47931034482758,10.586112545912242
101_1045,0.9359605911330049,1.1661782650662644e-12,1.1725000000000005,Increasing,58.099999999999994,10.111891258690742
101_1046,0.8522167487684729,9.701461856082005e-11,0.7666666666666677,Increasing,77.38275862068966,6.987183783012875
101_1047,0.41133004926108374,0.001846706891474481,0.18722826086956532,Increasing,37.024137931034474,2.509795316893226
101_1048,0.9064039408866995,5.810907310888069e-12,0.8800000000000001,Increasing,77.87931034482759,8.386704556467885
101_1049,0.8325123152709359,2.59092081122958e-10,0.6107954545454544,Increasing,34.95862068965517,5.589554127019639
101_105,0.9408866995073891,8.881784197001252e-13,1.2113247863247865,Increasing,60.093103448275855,10.170712891112224
101_1050,0.8891625615763546,1.4491741140432168e-11,1.1406593406593406,Increasing,77.13448275862069,10.296945508325607
101_1051,0.9507389162561576,5.129230373768223e-13,1.6952380952380954,Increasing,64.90344827586206,15.270243381720533
101_1052,0.9482758620689655,5.88640247656258e-13,1.2242647058823528,Increasing,53.08965517241379,10.38039746855735
101_1054,0.9852216748768473,7.194245199571014e-14,1.530625,Increasing,61.69655172413793,13.188042723164582
101_1055,0.8423645320197044,1.5897971827882884e-10,1.260990338164251,Increasing,73.6448275862069,11.084210148921118
101_1056,0.9630541871921182,2.5623947408348613e-13,1.4784161490683232,Increasing,59.934482758620696,13.161680949715981
101_1057,0.7906403940886699,1.9420676178327767e-09,0.98452380952381,Increasing,71.30000000000001,8.750408857442821
101_1058,0.8300492610837439,2.924882558374975e-10,0.9666666666666661,Increasing,67.21724137931034,8.461029079235402
101_1059,0.9039408866995073,6.6282535016171096e-12,0.8999999999999995,Increasing,71.47586206896553,7.951042229336931
101_106,0.8374384236453202,2.0309398607309959e-10,1.1292735042735045,Increasing,58.927586206896564,9.621738912007759
101_1060,0.9310344827586207,1.5294432387236157e-12,1.0020833333333332,Increasing,72.99655172413793,9.458420177139764
101_1061,0.41625615763546797,0.0016251517273098148,0.3422222222222226,Increasing,38.306896551724144,4.890520812437533
101_1063,0.5246305418719212,6.987555467663498e-05,0.3820855614973263,Increasing,49.18275862068966,5.6873767642892625
101_1064,0.8399014778325123,1.7971912846803662e-10,0.8792857142857142,Increasing,35.920689655172424,7.909112130750806
101_1065,0.8596059113300493,6.674016894692159e-11,1.1,Increasing,77.84137931034482,9.575670220223152
101_1066,0.8866995073891626,1.64896984955476e-11,0.9295031055900622,Increasing,74.20689655172414,8.568785816474165
101_1067,0.9088669950738916,5.092815058560518e-12,1.0,Increasing,78.89310344827587,8.695656110736845
101_1068,0.9433497536945813,7.744915819785092e-13,1.022875816993464,Increasing,59.541379310344816,8.678253329796478
101_1069,0.9064039408866995,5.810907310888069e-12,0.8999999999999999,Increasing,43.72758620689656,7.704270940545054
101_107,0.8669950738916257,4.577116463622133e-11,1.1735,Increasing,38.665517241379305,10.023086311871209
101_1070,0.9064039408866995,5.810907310888069e-12,1.0958333333333334,Increasing,65.6448275862069,9.339961832857723
101_1071,0.9433497536945813,7.744915819785092e-13,0.832051282051282,Increasing,82.97241379310346,7.2736129878995355
101_1073,0.5812807881773399,1.0425996386898007e-05,0.4399999999999994,Increasing,66.89999999999999,4.771177834773557
101_1074,0.9039408866995073,6.6282535016171096e-12,0.8499999999999998,Increasing,78.67931034482758,7.752791680080187
101_1075,0.8891625615763546,1.4491741140432168e-11,0.8187062937062941,Increasing,70.99310344827587,7.0774499125857835
101_1076,0.9458128078817734,6.752376435770202e-13,1.0255434782608706,Increasing,73.14827586206896,9.588449253988568
101_1077,0.9064039408866995,5.810907310888069e-12,0.9,Increasing,78.56896551724138,7.564714067950316
101_1078,0.7955665024630542,1.54022639087259e-09,0.7315340909090913,Increasing,80.22758620689656,6.890718222498923
101_1079,0.5344827586206896,5.083784650095069e-05,0.41333333333333344,Increasing,67.65517241379311,4.568677934996268
101_108,0.8029556650246306,1.0850405018913989e-09,1.0215384615384617,Increasing,41.12758620689655,8.978936906266037
101_1081,0.9655172413793104,2.227107387398064e-13,1.176388888888889,Increasing,68.61724137931034,10.805364854154217
101_1082,0.8325123152709359,2.59092081122958e-10,0.6513157894736847,Increasing,47.703448275862065,5.657493215966232
101_1083,0.9359605911330049,1.1661782650662644e-12,1.75,Increasing,52.0655172413793,14.814933655444426
101_1084,0.8423645320197044,1.5897971827882884e-10,0.8717948717948714,Increasing,84.27586206896552,7.762582896327378
101_1085,0.8940886699507389,1.1180834036395026e-11,1.1387499999999995,Increasing,73.97241379310344,10.346576863595637
101_1086,0.8472906403940886,1.242763669750957e-10,1.2978260869565204,Increasing,62.848275862068974,11.15111315580446
101_1087,0.896551724137931,9.815925849920859e-12,1.2235384615384615,Increasing,70.3896551724138,10.424286788721218
101_1088,0.6773399014778325,2.751643604081977e-07,0.5999999999999999,Increasing,40.186206896551724,5.6917195836814365
101_1089,0.958128078817734,3.383959779057477e-13,0.8285000000000002,Increasing,73.88965517241378,7.605458331541767
101_109,0.9876847290640394,6.217248937900877e-14,1.1599999999999997,Increasing,47.099999999999994,9.912583434444704
101_1090,0.8374384236453202,2.0309398607309959e-10,1.0289915966386556,Increasing,72.74827586206898,9.394041423622088
101_1091,0.9556650246305419,3.888001032237298e-13,1.126136363636364,Increasing,75.93448275862067,9.989486744678954
101_1092,0.8300492610837439,2.924882558374975e-10,1.198076923076921,Increasing,65.78965517241379,10.543320972182968
101_1093,0.8275862068965517,3.30075300425392e-10,1.0620192307692307,Increasing,64.89310344827585,10.634100355394846
101_1094,0.8645320197044335,5.192068996962007e-11,0.9599999999999997,Increasing,60.86551724137932,8.404156437270581
101_1095,0.9310344827586207,1.5294432387236157e-12,0.9541958041958043,Increasing,68.68620689655172,7.942410132687339
101_1097,0.9211822660098522,2.6194602043005943e-12,1.0499999999999972,Increasing,64.7655172413793,8.965192301803874
101_1099,0.8300492610837439,2.924882558374975e-10,1.2354166666666666,Increasing,79.22413793103448,10.672997031581497
101_11,0.9039408866995073,6.6282535016171096e-12,0.8233333333333329,Increasing,77.7344827586207,7.888851839979694
101_110,0.9039408866995073,6.6282535016171096e-12,1.1333333333333344,Increasing,64.65172413793104,9.876814392535165
101_1100,0.9014778325123153,7.55773221783329e-12,1.3805555555555555,Increasing,55.42758620689655,12.811387621732958
101_1101,0.8029556650246306,1.0850405018913989e-09,1.246291208791209,Increasing,49.63448275862068,10.919305139635092
101_1102,0.8866995073891626,1.64896984955476e-11,1.0219806763285026,Increasing,70.06551724137931,8.947751629052965
101_1103,0.9064039408866995,5.810907310888069e-12,0.9129370629370626,Increasing,73.66206896551724,8.26944578858923
101_1104,0.9729064039408867,1.461053500406706e-13,1.5240384615384612,Increasing,51.21379310344827,13.61973021500821
101_1105,0.9556650246305419,3.888001032237298e-13,1.2851449275362317,Increasing,59.610344827586204,11.03768918930564
101_1106,0.8226600985221675,4.1992764820975026e-10,0.9690476190476192,Increasing,66.91379310344827,8.885312333707725
101_1107,0.8694581280788177,4.033617884147134e-11,1.070479302832244,Increasing,70.4793103448276,9.19570286865086
101_1108,0.916256157635468,3.4210412280799574e-12,0.9869318181818176,Increasing,70.38275862068966,8.588527591101709
101_1109,0.9630541871921182,2.5623947408348613e-13,1.3143181818181817,Increasing,73.46551724137932,11.257863944573602
101_111,0.9014778325123153,7.55773221783329e-12,0.9230434782608703,Increasing,78.67586206896551,8.665415013736236
101_1110,0.9211822660098522,2.6194602043005943e-12,1.2022727272727278,Increasing,76.81379310344828,10.219411014067063
101_1111,0.7487684729064039,1.3181701508102606e-08,0.8099999999999998,Increasing,77.26206896551726,7.245898425678058
101_1112,0.7980295566502463,1.3709477997281283e-09,0.8645555555555557,Increasing,63.00000000000001,7.357567064148873
101_1113,0.8349753694581281,2.2943003052944277e-10,0.5292857142857145,Increasing,59.16896551724139,4.714402251083147
101_1114,0.9211822660098522,2.6194602043005943e-12,1.5696153846153846,Increasing,54.47931034482759,13.34255259945425
101_1115,0.7758620689655172,3.8612220087941296e-09,0.6142857142857143,Increasing,58.71379310344827,5.388027861198927
101_1116,0.874384236453202,3.129319026129451e-11,0.9732142857142863,Increasing,64.9103448275862,9.155828926392727
101_1117,0.7512315270935961,1.1809700550813318e-08,0.6563492063492061,Increasing,52.56551724137931,5.95716177861566
101_1118,0.8768472906403941,2.7548630043838784e-11,0.9999999999999998,Increasing,59.99310344827587,8.548600653161282
101_1119,0.4482758620689655,0.0006857618172484425,0.20562499999999978,Increasing,45.78965517241379,3.0451028891043843
101_112,0.8916256157635468,1.273137151258652e-11,1.0999999999999992,Increasing,75.42758620689655,9.396143616572601
101_1120,0.9384236453201971,1.0178524689763435e-12,1.233333333333333,Increasing,71.17586206896551,10.679973368571142
101_1121,0.8768472906403941,2.7548630043838784e-11,1.029824561403509,Increasing,71.3551724137931,9.076859027100712
101_1122,0.9236453201970444,2.291056233616473e-12,1.1133823529411762,Increasing,75.01724137931035,9.521412129602208
101_1123,0.874384236453202,3.129319026129451e-11,1.077591973244147,Increasing,68.84827586206896,9.19728673219689
101_1124,0.8522167487684729,9.701461856082005e-11,0.7573578595317727,Increasing,61.57241379310346,7.319642753281872
101_1125,0.9285714285714286,1.7505996652289468e-12,1.5692105263157896,Increasing,64.68965517241378,14.018764391111926
101_1126,0.7660098522167488,6.063418656054864e-09,0.5620192307692309,Increasing,46.134482758620685,4.806122235166091
101_1127,0.6600985221674877,5.488366310313353e-07,0.5908906882591092,Increasing,57.213793103448275,5.259193863618724
101_1128,0.8374384236453202,2.0309398607309959e-10,1.0,Increasing,47.92068965517241,8.310997255831861
101_1129,0.8694581280788177,4.033617884147134e-11,1.0666666666666664,Increasing,67.18275862068967,9.145719517537161
101_113,0.7438423645320197,1.6405531599872347e-08,0.5267857142857142,Increasing,74.04482758620689,4.6759536152161285
101_1130,0.8596059113300493,6.674016894692159e-11,0.540588235294118,Increasing,67.84827586206897,4.951810584203637
101_1131,0.874384236453202,3.129319026129451e-11,0.8577380952380954,Increasing,44.599999999999994,8.257911566992945
101_1132,0.8940886699507389,1.1180834036395026e-11,0.935812356979405,Increasing,53.39655172413793,8.188279376271693
101_1133,0.9729064039408867,1.461053500406706e-13,1.5000000000000002,Increasing,59.872413793103455,13.073318354354127
101_1134,0.9359605911330049,1.1661782650662644e-12,1.1278846153846152,Increasing,66.06206896551724,9.769813247539355
101_1135,0.7364532019704434,2.2719724102060468e-08,0.5,Increasing,68.35172413793103,4.655187739438374
101_1136,0.7266009852216748,3.490375055648087e-08,0.9940972222222222,Increasing,45.92413793103449,9.271783489945356
101_1137,0.9704433497536946,1.680877659282487e-13,1.1791304347826093,Increasing,62.44827586206896,10.228918461372999
101_1138,0.7955665024630542,1.54022639087259e-09,0.7897368421052631,Increasing,46.70344827586207,7.3101480129654375
101_1139,0.9655172413793104,2.227107387398064e-13,1.827747252747253,Increasing,73.14827586206897,15.83058194172139
101_114,0.9408866995073891,8.881784197001252e-13,0.9138095238095233,Increasing,75.76896551724137,8.2369270905698
101_1140,0.9408866995073891,8.881784197001252e-13,1.108116883116883,Increasing,59.300000000000004,9.749376637897738
101_1141,0.8423645320197044,1.5897971827882884e-10,1.113664596273292,Increasing,47.16206896551724,9.577142824710243
101_1142,0.9458128078817734,6.752376435770202e-13,1.0511904761904765,Increasing,70.48620689655174,9.212949063136758
101_1143,0.9408866995073891,8.881784197001252e-13,1.263768115942029,Increasing,61.66551724137932,11.45607129691709
101_1144,0.8891625615763546,1.4491741140432168e-11,0.9980769230769231,Increasing,69.0758620689655,8.650120795346066
101_1145,0.9408866995073891,8.881784197001252e-13,1.2722222222222226,Increasing,59.91034482758621,10.872310442764803
101_1146,0.854679802955665,8.567169196282975e-11,0.9105263157894735,Increasing,69.34827586206897,8.274831832426239
101_1147,0.9433497536945813,7.744915819785092e-13,1.051086956521739,Increasing,77.8206896551724,8.96511935456618
101_1148,0.8817733990147784,2.1328272481468957e-11,1.0476842105263153,Increasing,59.82758620689656,8.967100655931262
101_1149,0.8768472906403941,2.7548630043838784e-11,1.0418859649122807,Increasing,68.91724137931034,8.709292261737273
101_115,0.9088669950738916,5.092815058560518e-12,1.0833333333333333,Increasing,73.14137931034483,9.646636620994023
101_1150,0.8596059113300493,6.674016894692159e-11,1.0133928571428572,Increasing,39.9103448275862,8.851235831405855
101_1151,0.9458128078817734,6.752376435770202e-13,1.0489130434782605,Increasing,75.22068965517242,9.348146757525676
101_1152,0.9482758620689655,5.88640247656258e-13,1.1803846153846158,Increasing,70.91379310344826,9.969979909983254
101_1153,0.9704433497536946,1.680877659282487e-13,1.2901913875598088,Increasing,66.8,11.324005627350944
101_1154,0.9753694581280788,1.2678746941219288e-13,1.573235294117647,Increasing,59.7344827586207,13.247778626077839
101_1155,0.812807881773399,6.768692273340093e-10,0.8380882352941177,Increasing,36.379310344827594,7.395962519736107
101_1156,0.8152709359605911,6.010301145664698e-10,0.8922368421052633,Increasing,68.8551724137931,7.687095599989435
101_1158,0.8054187192118226,9.647940224510876e-10,0.9025000000000027,Increasing,71.19310344827586,8.050698450508664
101_1159,0.8472906403940886,1.242763669750957e-10,0.9788888888888888,Increasing,56.248275862068965,8.313205974777272
101_116,0.7438423645320197,1.6405531599872347e-08,0.81388888888889,Increasing,74.7344827586207,7.219192612324502
101_1160,0.9064039408866995,5.810907310888069e-12,1.2725000000000002,Increasing,56.57586206896552,11.170115770474476
101_1161,0.9088669950738916,5.092815058560518e-12,0.9710416666666669,Increasing,58.11379310344827,8.374621932297478
101_1162,0.8916256157635468,1.273137151258652e-11,1.204545454545456,Increasing,71.08620689655173,10.367380014786134
101_1163,0.8793103448275862,2.4243940188739543e-11,0.8674242424242425,Increasing,69.25172413793102,7.412413664771632
101_1164,0.8620689655172413,5.887601517429175e-11,0.829705882352942,Increasing,76.29310344827586,7.224619356849704
101_1165,0.8940886699507389,1.1180834036395026e-11,0.8811764705882359,Increasing,75.32758620689656,7.723091062062727
101_1166,0.8817733990147784,2.1328272481468957e-11,0.9127717391304355,Increasing,79.96896551724137,8.258333448319856
101_1167,0.8004926108374384,1.2198544396824218e-09,1.0510869565217393,Increasing,67.2551724137931,9.362345204535783
101_1168,0.9655172413793104,2.227107387398064e-13,0.9916083916083921,Increasing,65.44827586206897,8.193547532374449
101_1169,0.8596059113300493,6.674016894692159e-11,0.8861111111111108,Increasing,78.58275862068966,7.792439703195844
101_117,0.812807881773399,6.768692273340093e-10,0.9937499999999999,Increasing,75.90344827586206,8.673124670940078
101_1170,0.8866995073891626,1.64896984955476e-11,0.9857859531772573,Increasing,78.56206896551724,8.351353959733775
101_1172,0.9556650246305419,3.888001032237298e-13,0.9791443850267381,Increasing,45.53448275862069,8.37740293318133
101_1173,0.8768472906403941,2.7548630043838784e-11,0.8077777777777779,Increasing,60.86551724137931,7.103388014474887
101_1174,0.9113300492610837,4.461764291363579e-12,0.8000000000000002,Increasing,77.74827586206898,7.496648478264053
101_1176,0.8916256157635468,1.273137151258652e-11,0.9378571428571432,Increasing,69.1793103448276,8.005014777834035
101_1177,0.8399014778325123,1.7971912846803662e-10,0.9698051948051948,Increasing,54.3448275862069,8.795201913225835
101_1179,0.8768472906403941,2.7548630043838784e-11,1.2472136222910217,Increasing,67.63448275862069,10.555445591210873
101_118,0.9458128078817734,6.752376435770202e-13,1.1069047619047618,Increasing,71.07931034482759,9.392711015145249
101_1180,0.8990147783251231,8.61466453727644e-12,0.9158333333333333,Increasing,77.25517241379309,8.027735808536104
101_1181,0.9310344827586207,1.5294432387236157e-12,1.2000000000000002,Increasing,75.25517241379309,10.339765428103508
101_1182,0.9433497536945813,7.744915819785092e-13,0.875555555555555,Increasing,79.77931034482758,7.8657432430607
101_1183,0.9014778325123153,7.55773221783329e-12,1.2446022727272728,Increasing,71.66206896551724,10.58510384009475
101_1184,0.8694581280788177,4.033617884147134e-11,1.18,Increasing,73.98965517241379,10.272472248100282
101_1185,0.9088669950738916,5.092815058560518e-12,1.1839743589743583,Increasing,74.77586206896552,10.071559656379419
101_1186,0.8842364532019704,1.875677391183217e-11,1.1736231884057973,Increasing,68.02758620689654,10.365356641791632
101_1187,0.9729064039408867,1.461053500406706e-13,1.435573122529644,Increasing,62.206896551724135,11.927162018555991
101_1188,0.8399014778325123,1.7971912846803662e-10,1.1841666666666668,Increasing,72.72758620689656,10.227646661992601
101_1189,0.812807881773399,6.768692273340093e-10,0.715966386554622,Increasing,77.52758620689654,6.045853326823678
101_119,0.9236453201970444,2.291056233616473e-12,1.280384615384616,Increasing,73.42068965517241,11.53173669698167
101_1190,0.8817733990147784,2.1328272481468957e-11,0.8898989898989897,Increasing,75.03793103448275,7.623304279193819
101_1191,0.9901477832512315,5.395683899678261e-14,1.736931818181818,Increasing,62.4103448275862,15.791035100216398
101_1192,0.583743842364532,9.559587425433946e-06,0.4477272727272725,Increasing,56.279310344827586,4.5258170769520625
101_1193,0.9655172413793104,2.227107387398064e-13,1.2288888888888887,Increasing,59.95862068965518,10.478401998507719
101_1194,0.9384236453201971,1.0178524689763435e-12,1.4,Increasing,59.01379310344828,12.288366355270002
101_1195,0.7093596059113301,7.302536841891083e-08,0.5474999999999999,Increasing,57.06551724137931,4.9465610389210495
101_1196,0.8916256157635468,1.273137151258652e-11,1.3693850267379677,Increasing,61.53793103448275,11.501256716733579
101_1197,0.896551724137931,9.815925849920859e-12,1.0519230769230767,Increasing,66.92758620689655,8.832069174193599
101_1198,0.7339901477832512,2.5307151263476158e-08,0.7625874125874121,Increasing,75.2896551724138,6.695615901086849
101_1199,0.7955665024630542,1.54022639087259e-09,1.066032608695652,Increasing,68.04827586206896,9.549783196298957
101_12,0.8866995073891626,1.64896984955476e-11,0.8627705627705629,Increasing,67.3,7.468231568358114
101_120,0.8990147783251231,8.61466453727644e-12,1.015476190476191,Increasing,72.59655172413792,10.1132375783569
101_1200,0.8916256157635468,1.273137151258652e-11,0.8511904761904767,Increasing,77.60689655172415,7.411032364889278
101_1201,0.9630541871921182,2.5623947408348613e-13,1.214835164835165,Increasing,55.13448275862069,10.755440511412367
101_1202,0.896551724137931,9.815925849920859e-12,1.06656346749226,Increasing,72.96551724137932,9.025644531844803
101_1204,0.8645320197044335,5.192068996962007e-11,0.6615789473684208,Increasing,59.544827586206914,5.85995093582476
101_1206,0.9014778325123153,7.55773221783329e-12,1.1286666666666678,Increasing,81.40689655172413,9.953025221422077
101_1207,0.9384236453201971,1.0178524689763435e-12,1.4322916666666665,Increasing,52.20344827586207,12.382008158631946
101_121,0.8916256157635468,1.273137151258652e-11,0.9857499999999999,Increasing,68.17586206896553,9.312937059307886
101_122,0.9187192118226601,2.994049452809122e-12,1.4061111111111113,Increasing,74.12758620689655,13.296068813665968
101_123,0.8916256157635468,1.273137151258652e-11,1.2261363636363645,Increasing,65.63103448275862,10.687120945430495
101_124,0.9261083743842364,2.0030643810287074e-12,1.225,Increasing,69.00689655172415,10.30470033476464
101_125,0.9285714285714286,1.7505996652289468e-12,1.161250000000001,Increasing,76.0758620689655,10.114436768964884
101_126,0.916256157635468,3.4210412280799574e-12,1.1398190045248873,Increasing,68.28275862068966,9.857329461580852
101_127,0.8448275862068966,1.4058532116223432e-10,1.0,Increasing,63.5103448275862,10.024155130882125
101_128,0.7684729064039408,5.419295456832174e-09,0.44444444444444464,Increasing,59.13793103448277,3.952599650261048
101_129,0.9359605911330049,1.1661782650662644e-12,0.9102631578947376,Increasing,74.95517241379311,8.263863428407863
101_13,0.8275862068965517,3.30075300425392e-10,0.8244999999999997,Increasing,67.52068965517242,8.045447601630542
101_130,0.9236453201970444,2.291056233616473e-12,1.028030303030302,Increasing,79.8103448275862,8.930820127902924
101_131,0.8990147783251231,8.61466453727644e-12,1.5792207792207802,Increasing,63.710344827586205,13.187908381062588
101_132,0.9187192118226601,2.994049452809122e-12,1.1120772946859903,Increasing,71.48965517241379,9.53795846107708
101_133,0.9827586206896551,8.282263763703668e-14,2.037980769230769,Increasing,55.53448275862068,17.162273699179977
101_134,0.9014778325123153,7.55773221783329e-12,1.1288690476190475,Increasing,76.69310344827586,10.207331071832055
101_135,0.9285714285714286,1.7505996652289468e-12,1.3038461538461545,Increasing,69.11724137931034,11.451308281394276
101_136,0.9064039408866995,5.810907310888069e-12,0.875,Increasing,73.86551724137931,7.428986836851748
101_137,0.7635467980295566,6.7817744753284614e-09,0.8656698564593304,Increasing,76.69999999999999,7.580737840533502
101_138,0.916256157635468,3.4210412280799574e-12,1.043167701863354,Increasing,73.00344827586207,8.777026546954572
101_139,0.9064039408866995,5.810907310888069e-12,0.8852870813397129,Increasing,78.17241379310343,7.728804009352428
101_14,0.9187192118226601,2.994049452809122e-12,0.8810096153846154,Increasing,59.093103448275855,7.392070823406927
101_140,0.8817733990147784,2.1328272481468957e-11,0.9091666666666667,Increasing,46.293103448275865,7.8263009730225
101_141,0.9704433497536946,1.680877659282487e-13,0.9666666666666675,Increasing,77.12758620689655,8.542062116847758
101_142,0.9334975369458128,1.3358203432289883e-12,0.9354166666666675,Increasing,79.88275862068966,8.657548787659332
101_143,0.8990147783251231,8.61466453727644e-12,1.0,Increasing,78.35862068965517,9.006798858846016
101_144,0.8571428571428571,7.562883652667551e-11,0.8408333333333331,Increasing,78.53793103448274,7.769809556673053
101_145,0.9285714285714286,1.7505996652289468e-12,1.6,Increasing,69.7551724137931,13.742297810344692
101_146,0.9507389162561576,5.129230373768223e-13,1.4975,Increasing,69.74827586206898,13.09892390130487
101_147,0.9285714285714286,1.7505996652289468e-12,1.124404761904762,Increasing,73.36551724137931,10.072881855278181
101_148,0.9236453201970444,2.291056233616473e-12,1.3081871345029241,Increasing,69.65172413793104,11.369548581996687
101_149,0.9359605911330049,1.1661782650662644e-12,1.3020833333333335,Increasing,70.0551724137931,11.175329547154968
101_15,0.8522167487684729,9.701461856082005e-11,0.7607456140350878,Increasing,74.37586206896552,6.561415699448941
101_150,0.9359605911330049,1.1661782650662644e-12,1.3467391304347798,Increasing,73.0103448275862,12.345747413236623
101_151,0.8201970443349754,4.734030945030554e-10,1.0,Increasing,63.479310344827574,8.982564694445177
101_152,0.7635467980295566,6.7817744753284614e-09,0.7333333333333332,Increasing,79.94827586206895,6.4752910034277615
101_153,0.9310344827586207,1.5294432387236157e-12,1.3454545454545457,Increasing,70.95862068965518,11.255604496439167
101_154,0.9679802955665024,1.936228954946273e-13,1.5076923076923079,Increasing,59.934482758620696,12.76042578097501
101_155,0.9507389162561576,5.129230373768223e-13,1.4000000000000004,Increasing,69.49655172413793,12.66865484949371
101_156,0.9556650246305419,3.888001032237298e-13,1.5773809523809523,Increasing,67.57931034482759,14.46528255943781
101_157,0.9137931034482759,3.907540957470701e-12,1.1887499999999995,Increasing,71.22758620689655,11.052785467355998
101_158,0.9137931034482759,3.907540957470701e-12,1.3218253968253963,Increasing,70.26551724137931,11.431634144566557
101_159,0.854679802955665,8.567169196282975e-11,1.0023809523809524,Increasing,69.33793103448276,8.430707983241506
101_16,0.8842364532019704,1.875677391183217e-11,0.7295833333333335,Increasing,67.49310344827586,6.265115846934146
101_160,0.9507389162561576,5.129230373768223e-13,1.4326666666666663,Increasing,67.90689655172415,12.229921787171532
101_161,0.9359605911330049,1.1661782650662644e-12,0.9488095238095218,Increasing,64.43448275862069,9.425470842060376
101_162,0.9679802955665024,1.936228954946273e-13,1.0,Increasing,64.86896551724138,8.992606290467888
101_163,0.9113300492610837,4.461764291363579e-12,1.2111428571428569,Increasing,73.22068965517241,11.543094048565614
101_164,0.8275862068965517,3.30075300425392e-10,0.739047619047618,Increasing,74.28965517241377,7.15644608522618
101_165,0.8768472906403941,2.7548630043838784e-11,0.776388888888889,Increasing,44.59999999999999,6.699459576763609
101_166,0.9236453201970444,2.291056233616473e-12,1.0274436090225567,Increasing,52.12758620689656,10.437065796930902
101_167,0.8990147783251231,8.61466453727644e-12,1.1170289855072468,Increasing,72.1758620689655,9.977445432588713
101_168,0.9359605911330049,1.1661782650662644e-12,0.9552777777777777,Increasing,75.9448275862069,9.236344485402876
101_169,0.9285714285714286,1.7505996652289468e-12,1.6133928571428573,Increasing,60.64827586206896,13.923476099111198
101_17,0.9384236453201971,1.0178524689763435e-12,1.0222910216718266,Increasing,73.32413793103447,8.691956454990889
101_170,0.9556650246305419,3.888001032237298e-13,1.4714285714285715,Increasing,60.089655172413785,12.603621396046734
101_171,0.9532019704433498,4.46753745109163e-13,2.1095454545454544,Increasing,50.189655172413794,17.6184140510489
101_172,0.9408866995073891,8.881784197001252e-13,2.108012820512821,Increasing,50.59655172413793,17.43287585348977
101_173,0.896551724137931,9.815925849920859e-12,0.9295833333333332,Increasing,62.806896551724144,8.534188082687056
101_174,0.9679802955665024,1.936228954946273e-13,1.2118823529411769,Increasing,76.09655172413794,10.654495012503526
101_175,0.8817733990147784,2.1328272481468957e-11,0.8020000000000005,Increasing,58.2448275862069,6.89130317523704
101_176,0.9310344827586207,1.5294432387236157e-12,1.3130952380952385,Increasing,55.82068965517242,11.377333161563097
101_177,0.9532019704433498,4.46753745109163e-13,1.2679487179487179,Increasing,66.45517241379311,11.005753548811185
101_178,0.9014778325123153,7.55773221783329e-12,1.400000000000003,Increasing,50.827586206896555,12.664473702985168
101_179,0.9359605911330049,1.1661782650662644e-12,1.7498746867167918,Increasing,60.52068965517241,14.740195556423838
101_18,0.3522167487684729,0.00772991402206924,0.25,Increasing,56.04482758620689,3.7775732227227725
101_180,0.9605911330049262,2.944311461305915e-13,1.2574404761904763,Increasing,62.0896551724138,11.349110395870053
101_181,0.9384236453201971,1.0178524689763435e-12,1.5408333333333335,Increasing,24.872413793103448,12.958551870768428
101_182,0.8842364532019704,1.875677391183217e-11,1.1085144927536228,Increasing,76.11034482758622,9.706178083290158
101_183,0.8891625615763546,1.4491741140432168e-11,1.1171568627450985,Increasing,70.62413793103448,9.43415128475973
101_184,0.9458128078817734,6.752376435770202e-13,1.0837500000000004,Increasing,74.71379310344828,10.474294450370198
101_185,0.9113300492610837,4.461764291363579e-12,1.0677083333333326,Increasing,51.52068965517241,11.359376479681197
101_186,0.8596059113300493,6.674016894692159e-11,0.8318840579710143,Increasing,69.99655172413793,7.755375566557631
101_187,0.8571428571428571,7.562883652667551e-11,0.9056250000000002,Increasing,66.3896551724138,7.667096956682033
101_188,0.7216748768472906,4.3173282504582744e-08,0.5272727272727271,Increasing,73.13103448275861,4.895395686749481
101_189,0.916256157635468,3.4210412280799574e-12,0.910555555555555,Increasing,76.69655172413795,7.825972794378926
101_19,0.7783251231527094,3.4463079057189816e-09,0.9311111111111106,Increasing,70.88620689655173,7.898569234816759
101_191,0.8620689655172413,5.887601517429175e-11,0.7488095238095236,Increasing,83.42758620689654,6.599942348323132
101_192,0.8768472906403941,2.7548630043838784e-11,0.8817805383022774,Increasing,80.40344827586208,7.506203538252173
101_193,0.854679802955665,8.567169196282975e-11,0.7609523809523806,Increasing,70.01724137931035,6.728788842471104
101_194,0.8719211822660099,3.553424221536261e-11,0.7666666666666666,Increasing,38.699999999999996,7.136163365997649
101_195,0.5221674876847291,7.559544517210526e-05,0.3934523809523809,Increasing,31.94137931034482,4.3199231507675515
101_196,0.8497536945812808,1.0982170728368601e-10,1.1716666666666669,Increasing,72.9896551724138,10.715645822736741
101_197,0.8275862068965517,3.30075300425392e-10,1.0020833333333332,Increasing,74.0896551724138,8.936995747148044
101_198,0.7487684729064039,1.3181701508102606e-08,1.0,Increasing,55.324137931034485,9.020614520408387
101_199,0.9088669950738916,5.092815058560518e-12,1.0262013729977117,Increasing,69.63448275862069,9.469015746909495
101_2,0.9039408866995073,6.6282535016171096e-12,0.8825757575757575,Increasing,79.06896551724138,7.629123122581033
101_20,0.8719211822660099,3.553424221536261e-11,0.8261363636363641,Increasing,72.2551724137931,7.65932319900559
101_200,0.687192118226601,1.8407405466547289e-07,0.8236111111111113,Increasing,68.93103448275863,8.722230948728019
101_201,0.8916256157635468,1.273137151258652e-11,1.1410427807486632,Increasing,67.12413793103448,9.851436274504861
101_202,0.9137931034482759,3.907540957470701e-12,1.290238095238095,Increasing,66.47241379310346,10.87977866635049
101_203,0.8842364532019704,1.875677391183217e-11,1.0154761904761906,Increasing,69.02758620689654,8.73186382725594
101_204,0.854679802955665,8.567169196282975e-11,0.8598997493734337,Increasing,78.00344827586207,7.451381855580174
101_205,0.8399014778325123,1.7971912846803662e-10,1.0772256728778467,Increasing,65.62758620689655,9.119055325836761
101_206,0.9334975369458128,1.3358203432289883e-12,1.2765567765567765,Increasing,72.3344827586207,10.818001468244683
101_207,0.9384236453201971,1.0178524689763435e-12,1.4625000000000004,Increasing,60.07241379310346,12.454189062644168
101_208,0.8472906403940886,1.242763669750957e-10,1.15,Increasing,65.67586206896553,9.992502540177702
101_209,0.9334975369458128,1.3358203432289883e-12,1.1888888888888887,Increasing,73.61379310344827,10.215968708196447
101_21,0.6773399014778325,2.751643604081977e-07,0.3374999999999999,Increasing,65.17931034482758,3.6733315997357385
101_210,0.8522167487684729,9.701461856082005e-11,1.2057565789473683,Increasing,62.941379310344836,10.504400301002903
101_211,0.8645320197044335,5.192068996962007e-11,1.090808823529411,Increasing,68.41724137931035,9.23195608090003
101_212,0.8078817733990148,8.575786747400116e-10,1.0062030075187967,Increasing,68.64827586206896,8.7709796051664
101_213,0.8694581280788177,4.033617884147134e-11,0.9944444444444435,Increasing,73.60344827586206,8.607794493389585
101_214,0.7980295566502463,1.3709477997281283e-09,0.5,Increasing,46.4448275862069,4.72065061317323
101_215,0.8940886699507389,1.1180834036395026e-11,1.3958333333333333,Increasing,63.7793103448276,12.38445575517802
101_216,0.8275862068965517,3.30075300425392e-10,1.3333333333333333,Increasing,67.07241379310345,11.662758192484379
101_217,0.9137931034482759,3.907540957470701e-12,1.1047149122807016,Increasing,64.8551724137931,9.525594784828728
101_218,0.8768472906403941,2.7548630043838784e-11,1.3480769230769236,Increasing,67.57586206896552,12.379812687915418
101_219,0.8990147783251231,8.61466453727644e-12,1.312406015037594,Increasing,67.3896551724138,11.246006029041238
101_22,0.874384236453202,3.129319026129451e-11,1.091071428571429,Increasing,74.51724137931035,9.643653226989537
101_220,0.8866995073891626,1.64896984955476e-11,0.9074786324786324,Increasing,45.565517241379304,8.270023802745587
101_221,0.7512315270935961,1.1809700550813318e-08,0.725000000000001,Increasing,43.73103448275863,7.411691763147897
101_222,0.8325123152709359,2.59092081122958e-10,0.8486842105263162,Increasing,56.80689655172415,7.4482551085279205
101_223,0.8054187192118226,9.647940224510876e-10,0.7743421052631576,Increasing,65.47586206896551,7.175276285557127
101_224,0.4827586206896552,0.00025436753679164426,0.21483516483516474,Increasing,47.98620689655173,2.5819965728136443
101_225,0.8990147783251231,8.61466453727644e-12,1.275252525252525,Increasing,70.77931034482759,10.937073280277902
101_226,0.6650246305418719,4.5134746784469826e-07,0.638770053475936,Increasing,55.19655172413794,5.88788837264294
101_227,0.9334975369458128,1.3358203432289883e-12,1.230555555555556,Increasing,66.39310344827585,10.694598412104824
101_228,0.8866995073891626,1.64896984955476e-11,1.0922969187675071,Increasing,69.6448275862069,9.775958766170184
101_229,0.8300492610837439,2.924882558374975e-10,1.174999999999999,Increasing,29.889655172413796,9.56510701952085
101_23,0.729064039408867,3.1367344721644486e-08,1.004563492063492,Increasing,75.16551724137932,9.29134843641891
101_230,0.9310344827586207,1.5294432387236157e-12,1.328174603174603,Increasing,53.07241379310344,11.267619047571186
101_231,0.8004926108374384,1.2198544396824218e-09,0.8553977272727271,Increasing,32.09655172413794,7.436929416357018
101_232,0.7192118226600985,4.7991437268635195e-08,0.3902777777777777,Increasing,52.69655172413793,3.5089523693095677
101_233,0.8596059113300493,6.674016894692159e-11,0.8250000000000006,Increasing,35.851724137931036,7.194615835980987
101_234,0.8497536945812808,1.0982170728368601e-10,1.0320512820512824,Increasing,38.12068965517241,8.950953688751207
101_235,0.9187192118226601,2.994049452809122e-12,1.1968750000000004,Increasing,60.62068965517242,10.316454192724487
101_236,0.6896551724137931,1.6633067945193147e-07,0.5436507936507932,Increasing,65.72413793103448,5.516849123987088
101_237,0.9236453201970444,2.291056233616473e-12,1.4018518518518546,Increasing,65.01034482758622,11.850341034743035
101_238,0.8990147783251231,8.61466453727644e-12,0.959340659340659,Increasing,70.30689655172414,8.293118503104836
101_239,0.8472906403940886,1.242763669750957e-10,1.0156923076923077,Increasing,75.36206896551724,8.72113618796524
101_24,0.8620689655172413,5.887601517429175e-11,0.8999999999999992,Increasing,76.72758620689656,7.82951518082099
101_240,0.9236453201970444,2.291056233616473e-12,1.259166666666666,Increasing,65.02758620689654,10.729620507854337
101_241,0.8817733990147784,2.1328272481468957e-11,0.9490740740740736,Increasing,66.98275862068965,8.183712544481358
101_242,0.9137931034482759,3.907540957470701e-12,1.130842391304348,Increasing,71.22758620689655,9.750504727934084
101_243,0.9187192118226601,2.994049452809122e-12,1.1999999999999997,Increasing,70.20689655172413,10.360532905828094
101_244,0.9064039408866995,5.810907310888069e-12,1.2,Increasing,62.565517241379304,10.079520919857284
101_245,0.9532019704433498,4.46753745109163e-13,1.1458333333333326,Increasing,81.25862068965517,9.898816273410896
101_246,0.9384236453201971,1.0178524689763435e-12,1.0824761904761906,Increasing,65.07931034482759,9.168250286585723
101_247,0.9630541871921182,2.5623947408348613e-13,1.1912878787878785,Increasing,73.34482758620688,10.25659035254546
101_248,0.9310344827586207,1.5294432387236157e-12,0.9468750000000004,Increasing,69.57241379310345,8.11842929227094
101_249,0.8916256157635468,1.273137151258652e-11,0.9949999999999996,Increasing,73.90344827586206,9.096512509392351
101_25,0.8891625615763546,1.4491741140432168e-11,0.600000000000001,Increasing,65.70344827586206,5.906541245831093
101_250,0.9802955665024631,9.547918011776346e-14,1.6,Increasing,56.22068965517241,13.595267414659407
101_251,0.8916256157635468,1.273137151258652e-11,1.3046536796536798,Increasing,70.4551724137931,11.104506267864055
101_252,0.9187192118226601,2.994049452809122e-12,1.1031250000000008,Increasing,63.103448275862064,9.389079597894593
101_253,0.8645320197044335,5.192068996962007e-11,1.0500000000000003,Increasing,71.69655172413795,9.297514786911709
101_254,0.8472906403940886,1.242763669750957e-10,0.9571428571428575,Increasing,68.42413793103448,8.553428639920742
101_255,0.7832512315270936,2.7426190207791024e-09,0.8755847953216376,Increasing,74.46206896551723,7.940833526695546
101_256,0.8990147783251231,8.61466453727644e-12,1.1285425101214575,Increasing,71.96551724137932,10.28421206684837
101_257,0.9014778325123153,7.55773221783329e-12,1.014285714285714,Increasing,80.32758620689656,9.018062203031247
101_258,0.8275862068965517,3.30075300425392e-10,0.9350383631713557,Increasing,80.52413793103447,8.503170004116468
101_259,0.9605911330049262,2.944311461305915e-13,1.879513888888889,Increasing,43.75862068965517,16.299619569103537
101_26,0.8793103448275862,2.4243940188739543e-11,0.8295031055900618,Increasing,82.15172413793104,7.298210488722097
101_260,0.8596059113300493,6.674016894692159e-11,1.0666666666666662,Increasing,32.33448275862069,9.021593859565177
101_261,0.9359605911330049,1.1661782650662644e-12,1.5521739130434784,Increasing,37.93103448275862,13.169298241410766
101_262,0.8571428571428571,7.562883652667551e-11,1.055238095238095,Increasing,78.03793103448277,8.904412458810691
101_263,0.8817733990147784,2.1328272481468957e-11,0.8909090909090913,Increasing,80.76896551724137,7.996081085316036
101_264,0.7019704433497537,9.968917202840544e-08,0.8681159420289857,Increasing,71.81724137931036,7.884557974863107
101_265,0.7980295566502463,1.3709477997281283e-09,0.8000000000000009,Increasing,75.38620689655171,7.122413584420569
101_266,0.874384236453202,3.129319026129451e-11,1.1193750000000002,Increasing,76.03793103448275,10.120154482707488
101_267,0.8916256157635468,1.273137151258652e-11,0.7968749999999998,Increasing,77.59310344827588,6.970970893368799
101_268,0.874384236453202,3.129319026129451e-11,0.659166666666666,Increasing,80.61724137931036,5.920104202572977
101_269,0.8866995073891626,1.64896984955476e-11,1.1125000000000003,Increasing,68.90344827586206,9.466910895455657
101_27,0.9064039408866995,5.810907310888069e-12,0.9545454545454546,Increasing,73.62758620689657,8.284380673238049
101_270,0.9236453201970444,2.291056233616473e-12,0.9174242424242425,Increasing,71.13793103448276,8.507011866207517
101_271,0.7487684729064039,1.3181701508102606e-08,0.9732941176470589,Increasing,67.92068965517241,10.221963483372958
101_272,0.8054187192118226,9.647940224510876e-10,0.6489130434782604,Increasing,67.7448275862069,5.6317196618425385
101_273,0.9187192118226601,2.994049452809122e-12,0.9749999999999996,Increasing,74.9241379310345,9.038830225368988
101_274,0.7241379310344828,3.882557164658351e-08,0.569342105263158,Increasing,62.17931034482758,5.658096384543969
101_275,0.9211822660098522,2.6194602043005943e-12,1.157142857142857,Increasing,42.72068965517241,9.897801194704458
101_276,0.7931034482758621,1.7298125154496802e-09,0.6796066252587991,Increasing,41.57931034482758,5.761966816404035
101_277,0.8078817733990148,8.575786747400116e-10,1.417156862745098,Increasing,70.74137931034483,12.893690444163639
101_278,0.8793103448275862,2.4243940188739543e-11,0.6244047619047621,Increasing,60.11034482758621,5.627784817320173
101_279,0.916256157635468,3.4210412280799574e-12,1.106818181818182,Increasing,64.22758620689656,9.742862871467686
101_28,0.9285714285714286,1.7505996652289468e-12,1.112142857142857,Increasing,72.89655172413792,9.625343084207644
101_280,0.7980295566502463,1.3709477997281283e-09,1.1828431372549022,Increasing,53.16551724137932,10.874528158200514
101_281,0.9039408866995073,6.6282535016171096e-12,1.3710084033613446,Increasing,65.47241379310346,11.791987243001923
101_282,0.8620689655172413,5.887601517429175e-11,1.365686274509804,Increasing,63.348275862068974,11.838820441291501
101_283,0.6724137931034483,3.3574041946593525e-07,0.4916666666666667,Increasing,51.07241379310344,4.5581224622095675
101_284,0.8916256157635468,1.273137151258652e-11,1.0947222222222224,Increasing,64.77586206896552,9.383060862713661
101_285,0.9137931034482759,3.907540957470701e-12,1.061578947368421,Increasing,73.87931034482759,9.129466476474153
101_286,0.6330049261083743,1.570386139571056e-06,0.6145104895104894,Increasing,73.2655172413793,5.874508100438413
101_287,0.8596059113300493,6.674016894692159e-11,0.97156862745098,Increasing,62.92413793103448,8.754019970056467
101_288,0.854679802955665,8.567169196282975e-11,1.02859477124183,Increasing,66.17931034482758,8.798055400753087
101_289,0.8423645320197044,1.5897971827882884e-10,0.6470769230769231,Increasing,78.15172413793104,5.512657578616009
101_29,0.9359605911330049,1.1661782650662644e-12,0.8582608695652175,Increasing,75.15517241379311,7.73302752002383
101_290,0.9679802955665024,1.936228954946273e-13,1.1477272727272716,Increasing,74.93793103448276,10.425116018310959
101_291,0.8793103448275862,2.4243940188739543e-11,0.9275252525252528,Increasing,66.33793103448276,7.994326168714625
101_292,0.8719211822660099,3.553424221536261e-11,1.0222222222222224,Increasing,66.78275862068966,8.540252316611683
101_293,0.9310344827586207,1.5294432387236157e-12,1.2849999999999995,Increasing,80.04827586206896,11.101929645558675
101_294,0.9753694581280788,1.2678746941219288e-13,1.2,Increasing,71.65172413793104,10.063406590204044
101_295,0.9408866995073891,8.881784197001252e-13,1.3784615384615386,Increasing,76.01379310344828,11.53105923112342
101_296,0.9384236453201971,1.0178524689763435e-12,1.4,Increasing,73.60000000000001,11.849749015238169
101_297,0.8793103448275862,2.4243940188739543e-11,1.305769230769231,Increasing,46.48620689655172,11.154919253109846
101_298,0.8349753694581281,2.2943003052944277e-10,1.056923076923077,Increasing,52.286206896551725,9.719717753030336
101_299,0.8866995073891626,1.64896984955476e-11,1.0258241758241755,Increasing,70.13793103448276,9.279358397599793
101_3,0.7512315270935961,1.1809700550813318e-08,1.071825396825397,Increasing,77.03448275862071,10.016788523207838
101_30,0.9704433497536946,1.680877659282487e-13,1.0095454545454543,Increasing,74.56551724137931,9.514318641669512
101_300,0.8842364532019704,1.875677391183217e-11,1.0160256410256419,Increasing,73.4241379310345,8.837914216890372
101_301,0.8916256157635468,1.273137151258652e-11,1.0,Increasing,76.36896551724139,9.441365456779337
101_302,0.8054187192118226,9.647940224510876e-10,1.3916521739130434,Increasing,50.21034482758621,12.916131181924413
101_303,0.8940886699507389,1.1180834036395026e-11,1.2000000000000002,Increasing,70.70689655172414,10.458882746242223
101_304,0.9113300492610837,4.461764291363579e-12,1.1226342710997443,Increasing,67.68275862068967,10.014130325850337
101_305,0.9187192118226601,2.994049452809122e-12,0.7469166666666665,Increasing,62.31724137931034,6.627636441734337
101_306,0.9310344827586207,1.5294432387236157e-12,0.9826086956521741,Increasing,65.17586206896551,8.63032564904484
101_307,0.8349753694581281,2.2943003052944277e-10,0.6343750000000001,Increasing,47.348275862068974,5.670469219145752
101_308,0.8817733990147784,2.1328272481468957e-11,1.0312937062937062,Increasing,60.64827586206897,9.022256797332004
101_309,0.8596059113300493,6.674016894692159e-11,0.9707142857142856,Increasing,60.92758620689656,9.014773183664312
101_31,0.896551724137931,9.815925849920859e-12,1.111805555555556,Increasing,75.58275862068966,9.824496792080401
101_310,0.8990147783251231,8.61466453727644e-12,1.0104278074866313,Increasing,66.01379310344826,8.65191723372703
101_311,0.8916256157635468,1.273137151258652e-11,1.098076923076922,Increasing,76.65172413793105,9.363377694770975
101_312,0.9187192118226601,2.994049452809122e-12,0.8031250000000005,Increasing,76.22068965517242,7.861094918488085
101_313,0.9137931034482759,3.907540957470701e-12,1.0895833333333336,Increasing,59.04482758620689,9.474851876083433
101_314,0.9433497536945813,7.744915819785092e-13,1.2821428571428575,Increasing,66.34482758620689,10.95292705979411
101_315,0.916256157635468,3.4210412280799574e-12,1.2999999999999998,Increasing,70.25172413793102,12.090538355135537
101_316,0.958128078817734,3.383959779057477e-13,1.4381944444444443,Increasing,67.95517241379311,12.309838683693192
101_317,0.8694581280788177,4.033617884147134e-11,1.0455555555555558,Increasing,53.844827586206904,9.003431767440855
101_318,0.9556650246305419,3.888001032237298e-13,1.3500000000000014,Increasing,65.1103448275862,12.242389467791568
101_319,0.6600985221674877,5.488366310313353e-07,0.5131428571428577,Increasing,72.16896551724136,4.928530832938426
101_32,0.9261083743842364,2.0030643810287074e-12,1.0509259259259283,Increasing,66.19655172413795,8.912814593127278
101_320,0.8054187192118226,9.647940224510876e-10,1.1810096153846152,Increasing,73.05862068965517,10.255881987371065
101_321,0.8201970443349754,4.734030945030554e-10,0.6045548654244308,Increasing,73.42758620689655,5.942128757743546
101_322,0.8842364532019704,1.875677391183217e-11,1.0224999999999997,Increasing,60.4655172413793,8.859644106733551
101_323,0.854679802955665,8.567169196282975e-11,1.059030100334448,Increasing,64.37931034482757,9.593509994112392
101_324,0.9556650246305419,3.888001032237298e-13,1.615384615384615,Increasing,56.741379310344826,13.319068965115504
101_325,0.8522167487684729,9.701461856082005e-11,0.7447222222222223,Increasing,68.05862068965519,6.687173375401254
101_326,0.8325123152709359,2.59092081122958e-10,0.7020833333333336,Increasing,64.35862068965517,6.073885153353137
101_327,0.9507389162561576,5.129230373768223e-13,1.5675438596491227,Increasing,62.372413793103455,13.320373209841568
101_328,0.8497536945812808,1.0982170728368601e-10,0.8499999999999999,Increasing,63.38275862068967,7.227727690112966
101_329,0.8891625615763546,1.4491741140432168e-11,1.2417391304347825,Increasing,63.45862068965518,10.867081492584314
101_33,0.8201970443349754,4.734030945030554e-10,0.9126666666666663,Increasing,74.80689655172414,7.9372509370420135
101_330,0.9458128078817734,6.752376435770202e-13,1.2654761904761904,Increasing,65.29310344827586,10.753409436385272
101_331,0.8916256157635468,1.273137151258652e-11,1.1050505050505053,Increasing,64.05862068965517,9.44897430089014
101_332,0.8916256157635468,1.273137151258652e-11,1.4309999999999998,Increasing,65.65862068965518,12.006650951161202
101_333,0.6551724137931034,6.66474976318554e-07,0.4845098039215686,Increasing,69.93793103448276,5.149249278601181
101_334,-0.14039408866995073,0.2935105954425006,-0.25505050505050514,No significant trend,55.10689655172415,6.740813981058184
101_335,0.9236453201970444,2.291056233616473e-12,1.1313846153846154,Increasing,73.69310344827586,10.328164741149946
101_336,0.9408866995073891,8.881784197001252e-13,1.0849264705882344,Increasing,73.59655172413794,9.550861407571306
101_337,0.9113300492610837,4.461764291363579e-12,1.2892045454545453,Increasing,73.01379310344828,10.795488334067473
101_338,0.9408866995073891,8.881784197001252e-13,1.2775000000000012,Increasing,71.84827586206896,11.180513241246718
101_339,0.9211822660098522,2.6194602043005943e-12,0.919090909090909,Increasing,64.62413793103448,7.83742811317915
101_34,0.9605911330049262,2.944311461305915e-13,0.9333333333333333,Increasing,77.00689655172413,8.356287372061281
101_340,0.9261083743842364,2.0030643810287074e-12,1.2150375939849622,Increasing,60.65517241379311,10.416154105502848
101_341,0.8669950738916257,4.577116463622133e-11,0.8595454545454544,Increasing,80.08620689655174,7.889789304381876
101_342,0.8004926108374384,1.2198544396824218e-09,1.0392857142857144,Increasing,63.87931034482758,10.699673836806005
101_343,0.8866995073891626,1.64896984955476e-11,1.1921212121212121,Increasing,61.45517241379311,10.534298209343467
101_344,0.5935960591133005,6.733762781818697e-06,0.4548611111111106,Increasing,66.21724137931034,5.019071831044492
101_345,0.8596059113300493,6.674016894692159e-11,1.274937343358396,Increasing,58.22758620689655,10.894000137745046
101_346,0.583743842364532,9.559587425433946e-06,0.5272222222222223,Increasing,48.6,5.210533098677504
101_347,0.9433497536945813,7.744915819785092e-13,1.9,Increasing,44.02068965517241,16.52981380270092
101_348,0.8004926108374384,1.2198544396824218e-09,0.6130952380952382,Increasing,66.98620689655172,5.962973346377427
101_349,0.8497536945812808,1.0982170728368601e-10,1.0755952380952383,Increasing,70.83103448275861,9.123977635623767
101_35,0.9359605911330049,1.1661782650662644e-12,1.0944444444444446,Increasing,73.1896551724138,9.44860306506173
101_350,0.9236453201970444,2.291056233616473e-12,1.0861904761904762,Increasing,54.4344827586207,9.364285633304686
101_351,0.7881773399014779,2.1796187077427476e-09,0.8366946778711486,Increasing,50.22068965517241,7.720031235882172
101_352,0.8768472906403941,2.7548630043838784e-11,0.925,Increasing,69.92758620689655,8.38894578686632
101_353,0.9137931034482759,3.907540957470701e-12,0.822875816993464,Increasing,74.54137931034482,7.338726622673074
101_354,0.7093596059113301,7.302536841891083e-08,0.8394444444444445,Increasing,68.41379310344828,7.670576300694754
101_355,0.9285714285714286,1.7505996652289468e-12,1.3618055555555553,Increasing,71.23103448275862,11.601340690902804
101_356,0.8571428571428571,7.562883652667551e-11,1.0833333333333326,Increasing,74.87931034482759,9.181742728065068
101_357,0.8916256157635468,1.273137151258652e-11,1.1301948051948048,Increasing,75.71379310344827,9.74515703374585
101_358,0.8374384236453202,2.0309398607309959e-10,0.9289915966386554,Increasing,67.29655172413793,8.096124349879016
101_359,0.896551724137931,9.815925849920859e-12,0.899999999999999,Increasing,66.03793103448275,8.141694045238879
101_36,0.8990147783251231,8.61466453727644e-12,1.2736111111111112,Increasing,74.4,11.355023193465433
101_360,0.854679802955665,8.567169196282975e-11,1.0825757575757575,Increasing,72.43103448275862,9.92444225648269
101_361,0.8004926108374384,1.2198544396824218e-09,0.9520833333333334,Increasing,69.4,8.639324686251975
101_362,0.8940886699507389,1.1180834036395026e-11,1.0131884057971015,Increasing,75.63103448275861,8.761085724256809
101_363,0.8399014778325123,1.7971912846803662e-10,1.0392307692307696,Increasing,60.6551724137931,8.911348294088238
101_364,0.854679802955665,8.567169196282975e-11,1.1273291925465838,Increasing,63.251724137931035,9.795728157252869
101_365,0.8522167487684729,9.701461856082005e-11,1.1881944444444443,Increasing,64.50689655172413,10.42357841244229
101_366,0.8300492610837439,2.924882558374975e-10,0.7806249999999999,Increasing,47.820689655172416,6.9387656315725925
101_367,0.6650246305418719,4.5134746784469826e-07,0.526388888888889,Increasing,55.40689655172414,5.0191310578132295
101_368,0.8719211822660099,3.553424221536261e-11,0.970833333333333,Increasing,70.05172413793103,8.09906851560424
101_369,0.7807881773399015,3.0749234269933368e-09,0.6623737373737372,Increasing,67.23793103448276,5.987942700823647
101_37,0.8990147783251231,8.61466453727644e-12,1.0045454545454544,Increasing,74.4241379310345,8.644857158526094
101_370,0.9187192118226601,2.994049452809122e-12,0.8999999999999998,Increasing,56.2,7.752863764553337
101_371,0.7512315270935961,1.1809700550813318e-08,0.6345833333333335,Increasing,63.23448275862069,6.739961928781709
101_372,0.9261083743842364,2.0030643810287074e-12,1.2242647058823533,Increasing,70.53448275862068,10.57838641831636
101_373,0.896551724137931,9.815925849920859e-12,1.4218253968253967,Increasing,64.81379310344828,11.949252584848317
101_374,0.8054187192118226,9.647940224510876e-10,1.1976190476190491,Increasing,61.59310344827587,11.473295261681024
101_375,0.8349753694581281,2.2943003052944277e-10,1.0000000000000002,Increasing,67.69655172413792,8.907977159541375
101_376,0.9384236453201971,1.0178524689763435e-12,1.4651515151515153,Increasing,68.71724137931034,12.533515591392028
101_377,0.9433497536945813,7.744915819785092e-13,1.3431677018633543,Increasing,54.70689655172413,12.26497483120076
101_378,0.8866995073891626,1.64896984955476e-11,1.5601010101010098,Increasing,56.40689655172413,13.373827529260344
101_379,0.8004926108374384,1.2198544396824218e-09,0.8048054919908467,Increasing,67.84827586206897,7.070512866812576
101_38,0.8177339901477833,5.335050179411382e-10,0.9833333333333343,Increasing,70.45862068965518,8.86171608045566
101_380,0.9039408866995073,6.6282535016171096e-12,1.1774475524475525,Increasing,69.27586206896551,10.185000979209196
101_381,0.9655172413793104,2.227107387398064e-13,1.194722222222222,Increasing,53.65862068965516,10.351795354575948
101_382,0.8842364532019704,1.875677391183217e-11,1.1599999999999997,Increasing,72.08275862068967,9.937323200440444
101_383,0.9014778325123153,7.55773221783329e-12,1.1000000000000008,Increasing,79.32758620689654,9.58687668213326
101_384,0.9433497536945813,7.744915819785092e-13,1.169047619047619,Increasing,78.9551724137931,9.931683407917363
101_385,0.8029556650246306,1.0850405018913989e-09,0.805718954248366,Increasing,73.65172413793103,7.854391290519577
101_386,0.7955665024630542,1.54022639087259e-09,0.9947368421052633,Increasing,63.0,8.531362020863638
101_387,0.8768472906403941,2.7548630043838784e-11,1.3279220779220777,Increasing,70.82758620689656,11.314467289080463
101_388,0.9433497536945813,7.744915819785092e-13,1.3428571428571432,Increasing,62.99310344827586,11.385136439582933
101_389,0.9310344827586207,1.5294432387236157e-12,1.9183333333333334,Increasing,51.22413793103449,16.62844789597787
101_39,0.8472906403940886,1.242763669750957e-10,1.1205263157894736,Increasing,70.86551724137931,9.794624699717874
101_390,0.9137931034482759,3.907540957470701e-12,1.2208576998050682,Increasing,71.60344827586206,10.889301385356074
101_391,0.8522167487684729,9.701461856082005e-11,1.0547727272727279,Increasing,72.70689655172414,9.321866434190348
101_392,0.8448275862068966,1.4058532116223432e-10,0.9178571428571427,Increasing,71.51379310344828,8.162011421209385
101_393,0.7955665024630542,1.54022639087259e-09,0.5825757575757579,Increasing,68.95862068965518,5.049241475391461
101_394,0.9064039408866995,5.810907310888069e-12,1.3049768518518516,Increasing,65.03793103448277,10.779943502926082
101_395,0.6896551724137931,1.6633067945193147e-07,0.7846978557504876,Increasing,78.7655172413793,7.841590086027766
101_396,0.8177339901477833,5.335050179411382e-10,0.9285714285714286,Increasing,83.18620689655174,8.23037788288757
101_397,0.812807881773399,6.768692273340093e-10,1.1474999999999993,Increasing,64.78620689655173,11.277157997869763
101_398,0.9655172413793104,2.227107387398064e-13,0.9333333333333333,Increasing,66.89310344827587,8.019714116259996
101_399,0.8004926108374384,1.2198544396824218e-09,1.0782407407407422,Increasing,64.79655172413794,10.727100156359407
101_4,0.8694581280788177,4.033617884147134e-11,0.7316666666666664,Increasing,76.08620689655173,6.529863711833873
101_40,0.9433497536945813,7.744915819785092e-13,1.300000000000001,Increasing,67.94137931034483,11.292582772940381
101_400,0.9384236453201971,1.0178524689763435e-12,0.9739935587761676,Increasing,65.93448275862069,8.248689587132926
101_401,0.8645320197044335,5.192068996962007e-11,0.7363636363636361,Increasing,68.57241379310345,6.381000708013737
101_402,0.8645320197044335,5.192068996962007e-11,0.9264245014245016,Increasing,69.36896551724139,8.04616436563478
101_403,0.9113300492610837,4.461764291363579e-12,1.0193749999999997,Increasing,60.527586206896544,8.641156394185634
101_404,0.9532019704433498,4.46753745109163e-13,1.2944444444444445,Increasing,67.6896551724138,10.936126302388045
101_405,0.9384236453201971,1.0178524689763435e-12,1.0609523809523806,Increasing,73.48275862068965,8.962299157198188
101_406,0.8029556650246306,1.0850405018913989e-09,1.116776315789474,Increasing,61.9655172413793,10.306384892873329
101_407,0.4729064039408867,0.0003399441356934929,0.30000000000000043,Increasing,37.175862068965515,4.007033056016573
101_408,0.7487684729064039,1.3181701508102606e-08,0.5613247863247863,Increasing,39.09310344827586,5.438301651376781
101_409,0.4408866995073892,0.0008410023847793546,0.6000000000000008,Increasing,40.17931034482758,6.993858355499454
101_41,0.9113300492610837,4.461764291363579e-12,1.2,Increasing,65.80344827586207,10.152203183974596
101_410,0.7733990147783252,4.324605118455338e-09,0.6183333333333335,Increasing,35.45862068965516,5.524960117901261
101_411,0.5640394088669951,1.8956656329560673e-05,0.38571428571428573,Increasing,33.46551724137931,4.211419276047951
101_412,0.9064039408866995,5.810907310888069e-12,0.9260695187165775,Increasing,33.717241379310344,8.658026730887963
101_413,0.5886699507389163,8.028641997226416e-06,0.4699248120300753,Increasing,36.810344827586206,4.534567981367758
101_414,0.9088669950738916,5.092815058560518e-12,1.1654761904761903,Increasing,59.73103448275863,9.810729645200947
101_415,0.8940886699507389,1.1180834036395026e-11,1.3690476190476186,Increasing,61.831034482758625,11.741911477129351
101_416,0.9014778325123153,7.55773221783329e-12,0.8999999999999997,Increasing,75.82068965517242,8.618279663132427
101_417,0.7068965517241379,8.10364106929029e-08,0.5913690476190478,Increasing,65.88275862068966,6.100201747116987
101_418,0.7807881773399015,3.0749234269933368e-09,0.7414285714285713,Increasing,72.2344827586207,7.100766149147228
101_419,0.8300492610837439,2.924882558374975e-10,0.9552777777777779,Increasing,35.713793103448275,8.644859909434365
101_42,0.8152709359605911,6.010301145664698e-10,0.5937254901960785,Increasing,51.04827586206897,5.2859358411735915
101_420,0.8497536945812808,1.0982170728368601e-10,0.7442391304347825,Increasing,33.86206896551724,6.753564259125718
101_421,0.7536945812807881,1.0576877818024855e-08,0.7204861111111112,Increasing,35.255172413793105,7.082741832569164
101_422,0.8768472906403941,2.7548630043838784e-11,1.1633333333333336,Increasing,42.35862068965517,15.856675244881599
101_423,0.916256157635468,3.4210412280799574e-12,1.180909090909091,Increasing,34.03793103448275,10.036602454158976
101_424,0.9285714285714286,1.7505996652289468e-12,1.780625,Increasing,47.76206896551724,16.598595989505558
101_425,0.8793103448275862,2.4243940188739543e-11,0.9944272445820437,Increasing,76.57241379310345,8.504923383535548
101_426,0.9261083743842364,2.0030643810287074e-12,1.1613247863247862,Increasing,57.168965517241375,11.042866427239145
101_427,0.9310344827586207,1.5294432387236157e-12,2.1906926406926415,Increasing,48.420689655172424,18.604826576406698
101_428,0.7315270935960592,2.8179599764754926e-08,0.6999999999999975,Increasing,43.844827586206904,6.843349966454801
101_429,0.8669950738916257,4.577116463622133e-11,1.0096109839816936,Increasing,72.29655172413793,8.738558342340975
101_43,0.4039408866995074,0.002231439261413337,0.24833333333333318,Increasing,54.420689655172424,3.831572947043248
101_430,0.9261083743842364,2.0030643810287074e-12,0.7848076923076923,Increasing,70.97241379310344,6.755120487030007
101_431,0.9408866995073891,8.881784197001252e-13,0.9514705882352945,Increasing,75.89310344827585,8.119492553979345
101_432,0.896551724137931,9.815925849920859e-12,0.8500000000000003,Increasing,59.01379310344828,7.279812622537945
101_433,0.9802955665024631,9.547918011776346e-14,1.2,Increasing,68.08620689655172,10.22325692546609
101_434,0.6945812807881774,1.3567110213053013e-07,0.5,Increasing,52.42413793103447,5.10926509138824
101_435,0.8522167487684729,9.701461856082005e-11,0.5,Increasing,55.496551724137916,4.754125813156885
101_436,0.4827586206896552,0.00025436753679164426,0.42857142857142855,Increasing,53.90689655172414,5.4417879309883235
101_437,0.5098522167487685,0.0001114718019175065,0.3938888888888891,Increasing,56.306896551724144,4.171820989521098
101_438,0.8497536945812808,1.0982170728368601e-10,0.8000000000000003,Increasing,54.358620689655176,6.639251995746223
101_439,0.8669950738916257,4.577116463622133e-11,0.6422619047619049,Increasing,53.155172413793096,5.8542991103736535
101_44,0.8940886699507389,1.1180834036395026e-11,1.039743589743591,Increasing,70.07586206896552,8.96893701357016
101_440,0.9236453201970444,2.291056233616473e-12,0.9466063348416287,Increasing,76.72068965517241,8.398742898969846
101_441,0.8497536945812808,1.0982170728368601e-10,1.0020833333333337,Increasing,79.99655172413793,8.836268628884445
101_442,0.9211822660098522,2.6194602043005943e-12,0.75,Increasing,56.544827586206885,6.334012521731062
101_443,0.8719211822660099,3.553424221536261e-11,1.1566964285714283,Increasing,70.37586206896552,9.664890429562965
101_444,0.8793103448275862,2.4243940188739543e-11,1.0095454545454552,Increasing,66.22068965517242,8.610073463195139
101_445,0.8596059113300493,6.674016894692159e-11,1.0119047619047616,Increasing,67.48275862068965,8.732778874606325
101_446,0.8522167487684729,9.701461856082005e-11,0.8777472527472523,Increasing,72.68620689655172,7.361208865206435
101_447,0.8793103448275862,2.4243940188739543e-11,1.3236694677871148,Increasing,70.46551724137932,11.180070811634021
101_448,0.8916256157635468,1.273137151258652e-11,1.0072916666666667,Increasing,58.80689655172414,8.601480667824209
101_449,0.9211822660098522,2.6194602043005943e-12,1.6350649350649347,Increasing,46.62413793103448,15.134811555105706
101_45,0.9679802955665024,1.936228954946273e-13,0.9914285714285713,Increasing,75.54137931034484,8.794454257298169
101_450,0.5172413793103449,8.83893028427174e-05,0.4869747899159662,Increasing,38.731034482758616,5.26511639510309
101_451,0.9285714285714286,1.7505996652289468e-12,1.1350877192982467,Increasing,67.9,10.059409731089149
101_452,0.8866995073891626,1.64896984955476e-11,0.9466403162055335,Increasing,58.20344827586206,8.269365265998172
101_453,0.8300492610837439,2.924882558374975e-10,0.8876262626262625,Increasing,41.634482758620685,7.80001219548423
101_454,0.6921182266009852,1.5024636113025736e-07,0.44899999999999957,Increasing,43.48620689655172,4.167255289378008
101_455,0.8768472906403941,2.7548630043838784e-11,1.0666666666666669,Increasing,71.36896551724138,9.198729426816318
101_456,0.7660098522167488,6.063418656054864e-09,0.3285714285714282,Increasing,69.75172413793102,2.9476607545475986
101_457,0.8300492610837439,2.924882558374975e-10,0.923863636363637,Increasing,77.45172413793105,7.910648462440606
101_458,0.8226600985221675,4.1992764820975026e-10,1.0,Increasing,61.53448275862068,8.732866016972457
101_459,0.9802955665024631,9.547918011776346e-14,1.1224999999999994,Increasing,73.32413793103449,10.120162707306358
101_46,0.8472906403940886,1.242763669750957e-10,0.9026315789473691,Increasing,70.37241379310345,8.986192341269605
101_460,0.8916256157635468,1.273137151258652e-11,0.9883076923076921,Increasing,77.29655172413793,8.34036643363615
101_461,0.6477832512315271,8.895836753897157e-07,0.6627450980392158,Increasing,62.4896551724138,5.3035020848353165
101_462,0.9310344827586207,1.5294432387236157e-12,1.1019230769230812,Increasing,58.44482758620689,9.48580013918796
101_463,0.8793103448275862,2.4243940188739543e-11,1.0924603174603176,Increasing,75.92758620689655,9.41443852783014
101_464,0.874384236453202,3.129319026129451e-11,1.1256578947368423,Increasing,65.97586206896551,9.753218926551934
101_465,0.7807881773399015,3.0749234269933368e-09,1.1038461538461548,Increasing,65.01379310344826,9.664429060251933
101_466,0.9507389162561576,5.129230373768223e-13,1.30357142857143,Increasing,63.35862068965517,11.511419135419233
101_467,0.8768472906403941,2.7548630043838784e-11,0.7276363636363636,Increasing,55.22758620689655,6.483660979018276
101_468,0.9359605911330049,1.1661782650662644e-12,0.9950483091787439,Increasing,80.34137931034483,8.702576599881974
101_469,0.9384236453201971,1.0178524689763435e-12,1.0717105263157896,Increasing,76.44137931034484,9.639305928704523
101_47,0.6921182266009852,1.5024636113025736e-07,0.48747826086956536,Increasing,73.66206896551724,4.78787360426486
101_470,0.9285714285714286,1.7505996652289468e-12,1.0905982905982905,Increasing,80.61379310344829,9.30423426551259
101_471,0.9113300492610837,4.461764291363579e-12,0.8318840579710147,Increasing,81.70344827586206,7.744964226386992
101_472,0.6724137931034483,3.3574041946593525e-07,0.75,Increasing,55.527586206896544,7.2702462393305085
101_473,0.9285714285714286,1.7505996652289468e-12,1.014646464646465,Increasing,73.40689655172413,8.593860319797791
101_474,0.9802955665024631,9.547918011776346e-14,0.9,Increasing,72.0206896551724,8.03712846775105
101_475,0.8497536945812808,1.0982170728368601e-10,1.1658333333333333,Increasing,54.762068965517244,10.203698240753065
101_476,0.958128078817734,3.383959779057477e-13,1.1749999999999998,Increasing,43.77241379310345,9.916927240720323
101_477,0.7068965517241379,8.10364106929029e-08,0.7418859649122806,Increasing,39.63103448275862,7.383116968545516
101_478,0.9753694581280788,1.2678746941219288e-13,2.2044999999999995,Increasing,49.15862068965516,18.822538163730446
101_479,0.7783251231527094,3.4463079057189816e-09,0.8923684210526315,Increasing,68.77241379310344,8.09993173882366
101_48,0.8817733990147784,2.1328272481468957e-11,1.0133928571428572,Increasing,48.12413793103449,8.801553748899574
101_480,0.5467980295566502,3.390261417357543e-05,0.3968749999999992,Increasing,48.38965517241379,5.507446046041618
101_481,0.9408866995073891,8.881784197001252e-13,1.6813657407407407,Increasing,38.49310344827587,14.04581005224623
101_482,0.9236453201970444,2.291056233616473e-12,2.441372549019608,Increasing,44.400000000000006,21.523347387398196
101_483,0.7807881773399015,3.0749234269933368e-09,1.0,Increasing,32.706896551724135,8.741061682320176
101_484,0.8251231527093597,3.7236480565638885e-10,0.8866071428571429,Increasing,37.98620689655172,8.030189766209249
101_485,0.27832512315270935,0.035649488548889385,0.057142857142857106,Increasing,75.13793103448276,1.3770066969770411
101_486,0.7931034482758621,1.7298125154496802e-09,1.1912962962962967,Increasing,62.579310344827576,10.261423552191928
101_487,0.8201970443349754,4.734030945030554e-10,1.0101010101010104,Increasing,49.66206896551724,8.667036791999008
101_488,0.9113300492610837,4.461764291363579e-12,1.635857142857143,Increasing,48.417241379310354,14.05653778350051
101_489,0.8694581280788177,4.033617884147134e-11,0.9408333333333339,Increasing,80.36896551724138,7.946636827040726
101_49,0.8399014778325123,1.7971912846803662e-10,0.6072916666666666,Increasing,76.54137931034484,5.855119613100135
101_490,0.7733990147783252,4.324605118455338e-09,0.9928229665071768,Increasing,43.70344827586207,8.879829244965153
101_492,0.874384236453202,3.129319026129451e-11,0.8399999999999994,Increasing,66.3896551724138,7.431728105879185
101_493,0.8152709359605911,6.010301145664698e-10,0.9150375939849622,Increasing,61.86551724137931,8.338621231523001
101_494,0.7955665024630542,1.54022639087259e-09,1.07,Increasing,39.3551724137931,9.304859175754263
101_495,0.9211822660098522,2.6194602043005943e-12,1.2875,Increasing,41.91034482758621,11.66859459751233
101_496,0.9704433497536946,1.680877659282487e-13,2.2129166666666666,Increasing,53.77241379310345,18.975990211802664
101_497,0.729064039408867,3.1367344721644486e-08,0.6499999999999999,Increasing,61.724137931034484,6.040418755317856
101_498,0.7955665024630542,1.54022639087259e-09,0.8600000000000003,Increasing,60.39655172413793,7.632484241424969
101_499,0.8694581280788177,4.033617884147134e-11,1.4359210526315789,Increasing,56.272413793103446,12.395296564916208
101_5,0.8177339901477833,5.335050179411382e-10,0.9599999999999995,Increasing,71.14137931034485,8.454687222395483
101_50,0.8842364532019704,1.875677391183217e-11,0.8620137299771169,Increasing,62.07241379310344,7.45413084050689
101_500,0.9605911330049262,2.944311461305915e-13,1.5302173913043475,Increasing,66.1103448275862,13.061376196900387
101_501,0.9113300492610837,4.461764291363579e-12,1.0440972222222222,Increasing,54.75172413793104,9.057274488789629
101_502,0.8275862068965517,3.30075300425392e-10,1.1035714285714293,Increasing,70.36551724137931,10.037009991030574
101_503,0.916256157635468,3.4210412280799574e-12,0.9707142857142859,Increasing,76.64137931034485,8.745541415442906
101_504,0.9039408866995073,6.6282535016171096e-12,0.8891812865497077,Increasing,79.09655172413794,7.498159901102203
101_505,0.8990147783251231,8.61466453727644e-12,0.925,Increasing,63.741379310344826,7.953551245063289
101_506,0.9556650246305419,3.888001032237298e-13,1.4766304347826094,Increasing,54.7551724137931,13.069247563147053
101_507,0.9211822660098522,2.6194602043005943e-12,1.094155844155844,Increasing,65.23103448275862,9.174180540245425
101_508,0.9384236453201971,1.0178524689763435e-12,1.4874999999999994,Increasing,50.29310344827586,12.69425422656285
101_509,0.6724137931034483,3.3574041946593525e-07,0.7759615384615383,Increasing,45.755172413793105,7.1300522901258345
101_51,0.9802955665024631,9.547918011776346e-14,1.8345833333333337,Increasing,49.59655172413793,15.592603966439382
101_510,0.9433497536945813,7.744915819785092e-13,1.6479166666666667,Increasing,50.444827586206905,14.738422369296883
101_511,0.8522167487684729,9.701461856082005e-11,1.2000000000000002,Increasing,62.60344827586208,10.207552402041738
101_512,0.8916256157635468,1.273137151258652e-11,1.363858695652174,Increasing,47.08275862068965,12.519944611685272
101_513,0.9236453201970444,2.291056233616473e-12,1.9019230769230768,Increasing,49.05172413793104,16.33541996102979
101_514,0.9310344827586207,1.5294432387236157e-12,0.7905701754385965,Increasing,77.08965517241379,7.168722524949241
101_515,0.9605911330049262,2.944311461305915e-13,1.0,Increasing,75.68275862068967,9.605532492213921
101_516,0.8990147783251231,8.61466453727644e-12,0.871842105263158,Increasing,62.158620689655166,7.6690833531011595
101_517,0.8669950738916257,4.577116463622133e-11,0.6251748251748251,Increasing,50.272413793103446,5.533091456876035
101_518,0.9310344827586207,1.5294432387236157e-12,1.1354166666666665,Increasing,74.35172413793103,9.984181305329608
101_519,0.9211822660098522,2.6194602043005943e-12,1.223611111111111,Increasing,76.86896551724138,10.769020172771967
101_52,0.9261083743842364,2.0030643810287074e-12,1.03875,Increasing,77.42068965517242,8.928774843954288
101_520,0.8916256157635468,1.273137151258652e-11,0.8514705882352941,Increasing,80.4,7.679215117939216
101_521,0.9458128078817734,6.752376435770202e-13,1.014835164835164,Increasing,75.18620689655171,8.769764835361245
101_522,0.8620689655172413,5.887601517429175e-11,0.982,Increasing,75.58620689655173,8.644141892671712
101_523,0.8916256157635468,1.273137151258652e-11,0.9267857142857147,Increasing,78.28275862068966,8.352991162184308
101_524,0.8423645320197044,1.5897971827882884e-10,0.745214285714286,Increasing,79.84137931034483,6.548362113793421
101_525,0.8201970443349754,4.734030945030554e-10,1.0000000000000004,Increasing,74.35172413793104,8.785356966415671
101_526,0.8596059113300493,6.674016894692159e-11,0.7499999999999998,Increasing,68.47931034482758,6.536337649571305
101_527,0.9039408866995073,6.6282535016171096e-12,0.9270979020979021,Increasing,78.44137931034481,8.722444976803523
101_528,0.8916256157635468,1.273137151258652e-11,0.9514705882352956,Increasing,71.74827586206897,8.047043607465529
101_53,0.8916256157635468,1.273137151258652e-11,0.9666666666666668,Increasing,77.10000000000001,8.277847462999645
101_530,0.9507389162561576,5.129230373768223e-13,1.0976190476190475,Increasing,72.01379310344828,9.473437425076972
101_531,0.916256157635468,3.4210412280799574e-12,0.9658333333333334,Increasing,69.43103448275862,8.203872233250625
101_532,0.9556650246305419,3.888001032237298e-13,1.72,Increasing,57.627586206896545,14.943292730247865
101_533,0.8891625615763546,1.4491741140432168e-11,1.0,Increasing,54.29310344827586,9.196735966503242
101_534,0.874384236453202,3.129319026129451e-11,0.9544973544973544,Increasing,76.65517241379311,8.227941721370751
101_535,0.8004926108374384,1.2198544396824218e-09,0.7675438596491222,Increasing,77.75172413793102,6.832711416649356
101_536,0.6428571428571429,1.0765900477771595e-06,0.6333333333333317,Increasing,72.09655172413794,6.396630727274924
101_537,0.6428571428571429,1.0765900477771595e-06,0.6894688644688645,Increasing,61.83793103448276,6.891394623536859
101_538,0.7487684729064039,1.3181701508102606e-08,0.8021739130434784,Increasing,72.2655172413793,7.398008858962589
101_539,0.9310344827586207,1.5294432387236157e-12,1.7261363636363645,Increasing,56.53793103448276,14.898794531035133
101_54,0.7931034482758621,1.7298125154496802e-09,0.75,Increasing,81.53793103448277,6.825530864442022
101_540,0.9236453201970444,2.291056233616473e-12,1.2999999999999985,Increasing,73.24137931034483,11.074310665598679
101_541,0.9507389162561576,5.129230373768223e-13,2.23030303030303,Increasing,55.134482758620685,19.481755848469046
101_542,0.7142857142857143,5.92400826171513e-08,1.0674242424242424,Increasing,43.93793103448275,10.662645521280595
101_543,0.8103448275862069,7.620160058507963e-10,0.9178571428571427,Increasing,37.141379310344824,8.367363414558737
101_544,0.9211822660098522,2.6194602043005943e-12,1.6575187969924812,Increasing,42.186206896551724,14.320463394012876
101_545,0.8325123152709359,2.59092081122958e-10,1.4904761904761905,Increasing,47.78620689655173,13.087496642635172
101_546,0.43842364532019706,0.0008996040970226105,0.36354166666666676,Increasing,54.0,4.511670689865685
101_547,0.7635467980295566,6.7817744753284614e-09,0.49722222222222234,Increasing,52.27241379310345,5.008950371961702
101_548,0.6157635467980296,3.000911899420089e-06,0.7126984126984128,Increasing,36.00689655172415,7.662264499817304
101_549,0.9408866995073891,8.881784197001252e-13,1.06,Increasing,54.72068965517241,9.308519616749498
101_55,0.7857142857142857,2.4453867819573816e-09,0.26306818181818226,Increasing,75.64827586206897,2.410411424268676
101_550,0.9753694581280788,1.2678746941219288e-13,1.1866071428571432,Increasing,67.12068965517243,10.591192805421734
101_551,0.9113300492610837,4.461764291363579e-12,1.4460317460317462,Increasing,38.15172413793104,12.737336393715081
101_552,0.7684729064039408,5.419295456832174e-09,0.876330532212885,Increasing,31.817241379310342,7.833001316953241
101_553,0.9310344827586207,1.5294432387236157e-12,0.974342105263158,Increasing,54.758620689655174,8.44758758631939
101_554,0.5640394088669951,1.8956656329560673e-05,0.7330971659919028,Increasing,32.97241379310345,7.78508284241459
101_555,0.9827586206896551,8.282263763703668e-14,1.2422222222222215,Increasing,57.9551724137931,12.26440282665289
101_556,0.7512315270935961,1.1809700550813318e-08,0.7,Increasing,48.241379310344826,7.998125523559031
101_557,0.8793103448275862,2.4243940188739543e-11,0.7025000000000012,Increasing,72.40344827586206,7.69995444494454
101_558,0.8004926108374384,1.2198544396824218e-09,1.226098901098901,Increasing,53.07241379310344,10.115876785485286
101_559,0.8177339901477833,5.335050179411382e-10,0.6383928571428568,Increasing,76.19310344827588,6.023398687445415
101_56,0.9187192118226601,2.994049452809122e-12,0.9067873303167417,Increasing,79.08965517241379,7.728243982529778
101_560,0.7980295566502463,1.3709477997281283e-09,0.7273291925465835,Increasing,79.06896551724137,6.358274730658867
101_561,0.8078817733990148,8.575786747400116e-10,0.7133333333333332,Increasing,78.97586206896551,6.698772670521061
101_562,0.7758620689655172,3.8612220087941296e-09,0.5499999999999987,Increasing,77.65862068965517,4.959457509361094
101_563,0.6995073891625616,1.105119884492467e-07,0.5574175824175823,Increasing,76.94137931034483,5.269137025553111
101_564,0.916256157635468,3.4210412280799574e-12,1.0240384615384612,Increasing,75.77241379310345,8.797958091932237
101_565,0.8669950738916257,4.577116463622133e-11,0.9143333333333332,Increasing,74.95172413793105,8.362750772062041
101_566,0.8817733990147784,2.1328272481468957e-11,0.9361413043478264,Increasing,70.46206896551725,8.141228145641277
101_567,0.9113300492610837,4.461764291363579e-12,1.253571428571429,Increasing,45.551724137931025,11.334038470987785
101_568,0.8423645320197044,1.5897971827882884e-10,0.7799999999999999,Increasing,78.4103448275862,6.7832117724614385
101_569,0.8916256157635468,1.273137151258652e-11,0.733333333333333,Increasing,80.33448275862068,7.746691211895653
101_57,0.8177339901477833,5.335050179411382e-10,0.9525000000000005,Increasing,74.61724137931036,8.311523739529987
101_570,0.8817733990147784,2.1328272481468957e-11,0.8461309523809524,Increasing,77.68275862068967,7.9382126436760805
101_571,0.9778325123152709,1.1013412404281553e-13,1.0759615384615389,Increasing,53.93103448275861,9.48909004933182
101_572,0.9014778325123153,7.55773221783329e-12,0.9458041958041956,Increasing,61.800000000000004,8.261877552327629
101_573,0.9014778325123153,7.55773221783329e-12,1.0088888888888885,Increasing,77.13448275862069,8.753492932856279
101_574,0.47783251231527096,0.00029425488390955046,0.3499999999999997,Increasing,46.348275862068974,4.282008929886095
101_575,0.8768472906403941,2.7548630043838784e-11,1.0582608695652171,Increasing,77.62413793103448,9.11897057001705
101_576,0.8472906403940886,1.242763669750957e-10,0.6394444444444447,Increasing,62.975862068965526,5.603241375490574
101_577,0.8990147783251231,8.61466453727644e-12,0.9479166666666645,Increasing,72.78275862068965,8.723573649462592
101_578,0.6576354679802956,6.049052705403568e-07,0.4366666666666664,Increasing,68.97241379310344,4.689011111960135
101_579,0.7906403940886699,1.9420676178327767e-09,0.4666666666666646,Increasing,73.19310344827588,5.082690777631726
101_58,0.9704433497536946,1.680877659282487e-13,1.7623529411764707,Increasing,55.09310344827585,14.960290681171957
101_580,0.8423645320197044,1.5897971827882884e-10,0.8625000000000003,Increasing,73.39655172413794,7.565004854870959
101_581,0.4729064039408867,0.0003399441356934929,0.2775,Increasing,59.182758620689654,3.2249104735520464
101_582,0.6773399014778325,2.751643604081977e-07,0.34045454545454557,Increasing,66.01724137931033,3.558289880373788
101_583,0.9014778325123153,7.55773221783329e-12,1.1123737373737375,Increasing,70.60689655172413,9.83690906859371
101_584,0.9236453201970444,2.291056233616473e-12,1.0313725490196068,Increasing,70.76551724137931,9.254980983682431
101_585,0.812807881773399,6.768692273340093e-10,0.35714285714285715,Increasing,79.63793103448276,3.308027205940688
101_586,0.8990147783251231,8.61466453727644e-12,0.8854497354497348,Increasing,79.31724137931033,7.817754725094414
101_587,0.9187192118226601,2.994049452809122e-12,1.3795454545454546,Increasing,69.02068965517242,11.775584890967233
101_588,0.9014778325123153,7.55773221783329e-12,1.1741666666666668,Increasing,74.80689655172414,10.234253877912854
101_589,0.8374384236453202,2.0309398607309959e-10,0.9100250626566414,Increasing,76.25172413793103,7.841033565300941
101_59,0.5,0.00015117670993469723,0.39227053140096607,Increasing,41.21724137931035,4.52060943141422
101_590,0.9285714285714286,1.7505996652289468e-12,0.9978260869565216,Increasing,73.87586206896552,8.603994868961333
101_591,0.8472906403940886,1.242763669750957e-10,1.0052989130434784,Increasing,80.1793103448276,8.673756665758475
101_592,0.9408866995073891,8.881784197001252e-13,1.6531250000000002,Increasing,36.48275862068966,13.901204834052612
101_593,0.8768472906403941,2.7548630043838784e-11,1.0732142857142852,Increasing,74.7448275862069,9.144042198551698
101_594,0.8620689655172413,5.887601517429175e-11,1.2695046439628483,Increasing,36.803448275862074,10.793819520148164
101_595,0.8940886699507389,1.1180834036395026e-11,0.6999999999999937,Increasing,77.75172413793103,7.152410767424442
101_596,0.8817733990147784,2.1328272481468957e-11,0.9255434782608696,Increasing,78.30689655172414,7.979064461386035
101_597,0.7635467980295566,6.7817744753284614e-09,0.9653333333333332,Increasing,76.13103448275861,8.745564528939536
101_598,0.8768472906403941,2.7548630043838784e-11,0.9999999999999998,Increasing,62.75862068965518,8.415810950798024
101_599,0.8793103448275862,2.4243940188739543e-11,0.9395833333333334,Increasing,79.59655172413792,8.568445831739998
101_6,0.874384236453202,3.129319026129451e-11,0.9766968325791854,Increasing,67.89655172413794,8.440072019574268
101_60,0.8817733990147784,2.1328272481468957e-11,0.7696153846153848,Increasing,35.49655172413794,7.109608978947542
101_600,0.9187192118226601,2.994049452809122e-12,1.0166666666666666,Increasing,76.69310344827585,8.60099958242556
101_601,0.8522167487684729,9.701461856082005e-11,0.9931521739130436,Increasing,69.17586206896553,8.59709875571159
101_602,0.8004926108374384,1.2198544396824218e-09,0.906628787878788,Increasing,87.73103448275863,8.411244667757556
101_603,0.9261083743842364,2.0030643810287074e-12,1.0316666666666667,Increasing,78.03448275862071,8.978298581697791
101_604,0.9064039408866995,5.810907310888069e-12,0.8897368421052632,Increasing,77.85172413793103,7.882788789274638
101_605,0.8719211822660099,3.553424221536261e-11,1.2718253968253972,Increasing,73.71379310344827,11.093201525940328
101_606,0.7068965517241379,8.10364106929029e-08,0.49236842105263184,Increasing,65.60689655172413,4.850235048302422
101_607,0.9137931034482759,3.907540957470701e-12,0.85,Increasing,76.85517241379311,7.655360358053224
101_608,0.8374384236453202,2.0309398607309959e-10,1.045,Increasing,74.9241379310345,9.926094317241207
101_609,0.8793103448275862,2.4243940188739543e-11,1.0656862745098037,Increasing,65.15862068965517,9.49313789339543
101_61,0.7955665024630542,1.54022639087259e-09,0.7211111111111119,Increasing,74.39310344827587,6.408395949414398
101_610,0.9236453201970444,2.291056233616473e-12,1.241428571428572,Increasing,72.82758620689656,10.476011894231776
101_611,0.9310344827586207,1.5294432387236157e-12,0.9186956521739122,Increasing,74.94137931034483,7.563046149734921
101_612,0.8669950738916257,4.577116463622133e-11,1.1405882352941177,Increasing,72.62758620689655,9.800137105012926
101_613,0.9334975369458128,1.3358203432289883e-12,1.0723636363636364,Increasing,73.0,9.097062807529577
101_614,0.9187192118226601,2.994049452809122e-12,1.1427272727272717,Increasing,62.07586206896552,9.805405095375884
101_615,0.9064039408866995,5.810907310888069e-12,1.4183333333333334,Increasing,66.95862068965518,11.937524644968365
101_616,0.8866995073891626,1.64896984955476e-11,0.7777777777777779,Increasing,62.158620689655166,6.835279538787353
101_617,0.8891625615763546,1.4491741140432168e-11,1.3211111111111111,Increasing,58.60344827586208,11.356252501068047
101_618,0.9236453201970444,2.291056233616473e-12,0.9127631578947366,Increasing,72.86551724137931,7.87371339734282
101_619,0.8768472906403941,2.7548630043838784e-11,1.134705882352941,Increasing,66.63793103448276,9.73806657129473
101_62,0.8694581280788177,4.033617884147134e-11,0.8821428571428576,Increasing,63.87586206896551,7.914267133275014
101_620,0.7684729064039408,5.419295456832174e-09,0.537171052631579,Increasing,46.08275862068965,4.932025461068969
101_621,0.9088669950738916,5.092815058560518e-12,1.078219696969697,Increasing,76.35517241379311,9.49982163922934
101_622,0.8596059113300493,6.674016894692159e-11,1.1103174603174604,Increasing,74.73793103448276,9.939867958364765
101_623,0.8201970443349754,4.734030945030554e-10,0.9126984126984122,Increasing,71.5206896551724,7.973679949569636
101_624,0.7660098522167488,6.063418656054864e-09,0.7,Increasing,70.93793103448276,6.602215604764471
101_625,0.8940886699507389,1.1180834036395026e-11,1.0404891304347827,Increasing,68.37931034482759,9.154474289896484
101_626,0.812807881773399,6.768692273340093e-10,0.7312500000000004,Increasing,79.0896551724138,6.663660836444402
101_627,0.9261083743842364,2.0030643810287074e-12,1.6633333333333336,Increasing,53.63448275862069,14.308624740828193
101_628,0.8349753694581281,2.2943003052944277e-10,0.7639610389610385,Increasing,70.12758620689655,6.591629830988331
101_629,0.8349753694581281,2.2943003052944277e-10,0.6277472527472531,Increasing,80.47931034482757,5.531002235695833
101_63,0.7684729064039408,5.419295456832174e-09,0.8907004830917877,Increasing,68.2448275862069,7.746348915585821
101_630,0.6822660098522167,2.2521046982859616e-07,0.45633484162895965,Increasing,62.46551724137931,4.518717842414805
101_631,0.8694581280788177,4.033617884147134e-11,0.9162280701754384,Increasing,69.15862068965517,7.810846448076803
101_632,0.6600985221674877,5.488366310313353e-07,0.36833333333333373,Increasing,61.08620689655173,3.7339748755162936
101_633,0.7487684729064039,1.3181701508102606e-08,0.6999999999999975,Increasing,44.77586206896552,6.413490908713245
101_634,0.9187192118226601,2.994049452809122e-12,1.138,Increasing,32.04482758620689,9.611795419023963
101_635,0.6798029556650246,2.489799724170183e-07,0.4000000000000001,Increasing,78.30344827586205,3.96714809043758
101_636,0.8325123152709359,2.59092081122958e-10,0.7795833333333334,Increasing,69.97241379310346,6.757927480283824
101_637,0.7413793103448276,1.8292648951145907e-08,0.625,Increasing,59.98620689655173,6.309966071165738
101_638,0.7857142857142857,2.4453867819573816e-09,0.5999999999999968,Increasing,69.51379310344826,5.189958749283349
101_639,0.5295566502463054,5.964137474334663e-05,0.44555555555555537,Increasing,46.04137931034482,5.152737286702946
101_64,0.8448275862068966,1.4058532116223432e-10,0.9683333333333337,Increasing,76.04482758620689,8.408312234060167
101_640,0.9137931034482759,3.907540957470701e-12,1.063068181818182,Increasing,62.81034482758621,9.225053773419061
101_641,0.7733990147783252,4.324605118455338e-09,0.7780448717948719,Increasing,77.69999999999999,7.271958423309696
101_642,0.7635467980295566,6.7817744753284614e-09,1.0813852813852813,Increasing,67.51724137931035,10.133218468381255
101_643,0.8669950738916257,4.577116463622133e-11,1.539009661835749,Increasing,27.2448275862069,13.431193394659918
101_644,0.7931034482758621,1.7298125154496802e-09,0.8921052631578941,Increasing,56.56551724137931,7.942477502038794
101_645,0.9334975369458128,1.3358203432289883e-12,1.3341666666666667,Increasing,61.5344827586207,11.34409388676644
101_646,0.7463054187192119,1.470805588432711e-08,0.5555335968379447,Increasing,34.58275862068965,5.035876047166539
101_647,0.8251231527093597,3.7236480565638885e-10,0.8720779220779222,Increasing,52.43793103448275,7.3311528845014164
101_648,0.7610837438423645,7.582636074587867e-09,0.9936538461538466,Increasing,61.834482758620695,8.85656880170633
101_649,0.8842364532019704,1.875677391183217e-11,0.8976190476190475,Increasing,74.81724137931037,7.945550434070425
101_65,0.8177339901477833,5.335050179411382e-10,1.0170289855072459,Increasing,67.6758620689655,8.668597912816033
101_650,0.8251231527093597,3.7236480565638885e-10,0.8934873949579833,Increasing,61.87931034482759,8.919771889395967
101_651,0.9802955665024631,9.547918011776346e-14,1.7510000000000001,Increasing,64.44137931034483,15.231761671413599
101_652,0.8669950738916257,4.577116463622133e-11,1.1417307692307692,Increasing,67.72068965517241,10.116915821102413
101_653,0.43103448275862066,0.0010988887355547483,0.44772727272727086,Increasing,65.57586206896552,5.632152474695302
101_654,0.7931034482758621,1.7298125154496802e-09,0.9571428571428571,Increasing,32.12413793103448,8.376965756842978
101_655,0.9310344827586207,1.5294432387236157e-12,1.1405882352941177,Increasing,66.7551724137931,9.844325731516838
101_656,0.6945812807881774,1.3567110213053013e-07,0.7833333333333332,Increasing,34.327586206896555,7.548093915672337
101_657,0.7684729064039408,5.419295456832174e-09,0.5999999999999992,Increasing,50.296551724137935,5.998130901896868
101_658,0.9482758620689655,5.88640247656258e-13,1.2666666666666662,Increasing,68.00689655172413,10.502542583271747
101_659,0.8620689655172413,5.887601517429175e-11,0.8480769230769221,Increasing,77.71724137931034,7.640548317817802
101_66,0.9261083743842364,2.0030643810287074e-12,0.9581168831168831,Increasing,74.76206896551724,8.252331490538085
101_660,0.9408866995073891,8.881784197001252e-13,0.8599999999999999,Increasing,63.13103448275861,7.924606090429107
101_661,0.8374384236453202,2.0309398607309959e-10,0.9529824561403506,Increasing,66.39655172413794,8.374817867648833
101_662,0.7536945812807881,1.0576877818024855e-08,0.6243506493506497,Increasing,68.78620689655173,5.476956374630679
101_663,0.5320197044334976,5.5073196039590044e-05,0.40000000000000013,Increasing,55.496551724137916,4.698090790407399
101_664,0.8620689655172413,5.887601517429175e-11,1.0163333333333329,Increasing,71.49310344827587,8.85394636479563
101_665,0.9408866995073891,8.881784197001252e-13,1.2615789473684214,Increasing,72.38620689655171,10.691141164790112
101_666,0.9482758620689655,5.88640247656258e-13,1.1093073593073597,Increasing,76.84137931034482,9.373937355550165
101_667,0.8940886699507389,1.1180834036395026e-11,1.007763157894737,Increasing,79.10344827586206,9.163175280045767
101_668,0.7093596059113301,7.302536841891083e-08,0.6771241830065357,Increasing,69.73103448275862,6.570104888066115
101_669,0.8522167487684729,9.701461856082005e-11,1.1170673076923077,Increasing,39.772413793103446,9.582883323629298
101_67,0.854679802955665,8.567169196282975e-11,0.6519230769230762,Increasing,51.510344827586216,6.025196796189985
101_670,0.9507389162561576,5.129230373768223e-13,0.9829710144927536,Increasing,79.37931034482759,8.563933164645418
101_671,0.9482758620689655,5.88640247656258e-13,0.8461842105263154,Increasing,78.39310344827585,7.754906390616812
101_672,0.9310344827586207,1.5294432387236157e-12,1.2420833333333334,Increasing,73.60000000000001,10.66289085470307
101_673,0.7906403940886699,1.9420676178327767e-09,0.8165158371040726,Increasing,72.7551724137931,7.193655547959416
101_674,0.8719211822660099,3.553424221536261e-11,1.2288690476190474,Increasing,70.52413793103449,10.716138495597987
101_675,0.9704433497536946,1.680877659282487e-13,1.1,Increasing,76.04137931034484,10.057850501881235
101_676,0.8694581280788177,4.033617884147134e-11,0.7188596491228069,Increasing,72.74827586206897,6.348696346747926
101_677,0.9039408866995073,6.6282535016171096e-12,0.8105555555555557,Increasing,62.38965517241379,7.28149969526391
101_678,0.8891625615763546,1.4491741140432168e-11,0.8358974358974356,Increasing,64.33793103448276,8.401946153579988
101_679,0.9655172413793104,2.227107387398064e-13,1.6703703703703705,Increasing,56.3655172413793,14.288825531767436
101_68,0.8078817733990148,8.575786747400116e-10,0.5142857142857138,Increasing,41.658620689655166,4.8894338746673265
101_680,0.9778325123152709,1.1013412404281553e-13,1.9822916666666668,Increasing,37.696551724137926,16.714509137141913
101_681,0.8251231527093597,3.7236480565638885e-10,0.6093478260869563,Increasing,75.2,5.454703759458278
101_682,0.8866995073891626,1.64896984955476e-11,1.2400641025641028,Increasing,55.38965517241379,9.919063666446796
101_683,0.9408866995073891,8.881784197001252e-13,1.1499999999999986,Increasing,70.6793103448276,9.973806360536544
101_684,0.9261083743842364,2.0030643810287074e-12,1.0701754385964914,Increasing,72.09655172413794,11.92862343587519
101_685,0.8817733990147784,2.1328272481468957e-11,0.9714285714285713,Increasing,66.94137931034483,8.51260798164858
101_686,0.9334975369458128,1.3358203432289883e-12,1.247727272727273,Increasing,75.91724137931034,11.093274413697612
101_687,0.9605911330049262,2.944311461305915e-13,1.0333333333333319,Increasing,71.00344827586207,9.13241603258153
101_688,0.9064039408866995,5.810907310888069e-12,1.2050000000000014,Increasing,73.02068965517239,11.072406812785736
101_689,0.916256157635468,3.4210412280799574e-12,1.2101010101010101,Increasing,73.70689655172414,10.454859653223892
101_69,0.9088669950738916,5.092815058560518e-12,0.965151515151515,Increasing,75.57931034482759,8.465401361662122
101_690,0.9901477832512315,5.395683899678261e-14,1.4510869565217406,Increasing,67.11034482758622,13.220943281793636
101_691,0.9334975369458128,1.3358203432289883e-12,1.3148351648351646,Increasing,66.53103448275861,11.131102849852
101_692,0.9605911330049262,2.944311461305915e-13,1.2204861111111114,Increasing,73.74827586206898,10.793919766419434
101_693,0.8349753694581281,2.2943003052944277e-10,0.8167832167832165,Increasing,62.92758620689656,7.235968421793247
101_694,0.896551724137931,9.815925849920859e-12,1.7021739130434785,Increasing,55.596551724137925,14.848951727975225
101_695,0.8719211822660099,3.553424221536261e-11,0.7381818181818184,Increasing,52.49655172413794,6.588416311125453
101_696,0.8768472906403941,2.7548630043838784e-11,0.919090909090909,Increasing,77.74482758620691,7.851886933632537
101_697,0.8891625615763546,1.4491741140432168e-11,0.7811764705882354,Increasing,80.78620689655173,6.8351890793376935
101_698,0.9187192118226601,2.994049452809122e-12,0.7999999999999983,Increasing,78.22413793103448,7.322598708316877
101_699,0.8916256157635468,1.273137151258652e-11,0.9675438596491232,Increasing,79.44137931034483,8.348013071110634
101_7,0.8719211822660099,3.553424221536261e-11,0.8500000000000008,Increasing,70.71724137931035,7.622203001554633
101_70,0.9064039408866995,5.810907310888069e-12,0.8609523809523814,Increasing,71.04137931034482,7.654951845222502
101_700,0.9064039408866995,5.810907310888069e-12,0.8211111111111105,Increasing,79.1103448275862,7.32178350364154
101_701,0.916256157635468,3.4210412280799574e-12,0.9732142857142854,Increasing,77.80000000000001,8.490522099214004
101_702,0.6206896551724138,2.4982373059145857e-06,0.5454365079365077,Increasing,76.5206896551724,4.952281209659662
101_703,0.812807881773399,6.768692273340093e-10,0.7619047619047619,Increasing,75.94137931034481,6.549994326998298
101_704,0.916256157635468,3.4210412280799574e-12,1.0551839464882944,Increasing,77.94137931034483,9.505008380027842
101_705,0.9014778325123153,7.55773221783329e-12,1.0,Increasing,78.46551724137932,8.617915415677487
101_706,0.7906403940886699,1.9420676178327767e-09,0.600000000000001,Increasing,48.02068965517242,5.426968373896452
101_707,0.8620689655172413,5.887601517429175e-11,0.7062030075187972,Increasing,55.782758620689656,6.432678905965482
101_708,0.7980295566502463,1.3709477997281283e-09,0.6949999999999998,Increasing,62.59310344827586,6.184793980037278
101_709,0.9359605911330049,1.1661782650662644e-12,1.2703296703296707,Increasing,76.38275862068966,10.892897685015628
101_71,0.9458128078817734,6.752376435770202e-13,1.4856666666666674,Increasing,47.920689655172424,13.319013614465105
101_710,0.9408866995073891,8.881784197001252e-13,0.9000000000000001,Increasing,75.14827586206897,8.197797041748059
101_711,0.8201970443349754,4.734030945030554e-10,0.6612500000000002,Increasing,63.17586206896552,6.30504205309686
101_712,0.916256157635468,3.4210412280799574e-12,1.1162698412698413,Increasing,77.43448275862069,10.795378189285575
101_713,0.9359605911330049,1.1661782650662644e-12,1.0,Increasing,77.37931034482759,9.339289617463338
101_714,0.9187192118226601,2.994049452809122e-12,0.9939338235294113,Increasing,81.18965517241381,8.47044943755627
101_715,0.8916256157635468,1.273137151258652e-11,1.1921130952380952,Increasing,77.13103448275862,11.220643028112434
101_716,0.9605911330049262,2.944311461305915e-13,1.0785714285714287,Increasing,76.03448275862068,9.504056334083193
101_717,0.8842364532019704,1.875677391183217e-11,0.9618181818181817,Increasing,78.18620689655172,8.448494015480367
101_718,0.9507389162561576,5.129230373768223e-13,1.1468864468864473,Increasing,77.86551724137931,10.044565381238682
101_719,0.8891625615763546,1.4491741140432168e-11,0.8848484848484846,Increasing,80.02068965517243,8.874853250281433
101_72,0.8891625615763546,1.4491741140432168e-11,0.8387500000000004,Increasing,45.30344827586206,8.13436654840906
101_720,0.37192118226600984,0.004897349719242383,0.2812937062937063,Increasing,66.09655172413792,3.227626731251638
101_721,0.9532019704433498,4.46753745109163e-13,1.1750000000000003,Increasing,72.09655172413794,10.008185710349396
101_722,0.8620689655172413,5.887601517429175e-11,1.1404545454545452,Increasing,76.39655172413794,9.915035004672264
101_723,0.9113300492610837,4.461764291363579e-12,0.9875939849624064,Increasing,79.64137931034483,8.58420832577248
101_724,0.9285714285714286,1.7505996652289468e-12,1.0568322981366465,Increasing,75.33103448275861,9.006591588014508
101_725,0.9310344827586207,1.5294432387236157e-12,0.806971153846154,Increasing,75.4448275862069,7.107722182629671
101_726,0.8940886699507389,1.1180834036395026e-11,1.0666666666666642,Increasing,76.69655172413795,9.319963103324207
101_727,0.9433497536945813,7.744915819785092e-13,0.9949999999999999,Increasing,77.8,8.741024953709909
101_728,0.8472906403940886,1.242763669750957e-10,0.8958333333333293,Increasing,80.7103448275862,8.183766303822262
101_729,0.8620689655172413,5.887601517429175e-11,0.895048309178744,Increasing,80.72068965517242,7.92714147332876
101_73,0.9064039408866995,5.810907310888069e-12,1.0488095238095223,Increasing,70.68275862068967,8.883967309070457
101_730,0.9630541871921182,2.5623947408348613e-13,1.0696271929824561,Increasing,75.74482758620691,9.173409331506848
101_731,0.9088669950738916,5.092815058560518e-12,0.96875,Increasing,72.32758620689657,8.196125937325476
101_732,0.8103448275862069,7.620160058507963e-10,0.7056547619047622,Increasing,73.54827586206896,6.34657771964437
101_733,0.8472906403940886,1.242763669750957e-10,0.6101010101010103,Increasing,75.87586206896552,5.437713462946807
101_734,0.8842364532019704,1.875677391183217e-11,0.712698412698413,Increasing,78.70344827586207,6.8048402022647885
101_735,0.8669950738916257,4.577116463622133e-11,1.0480769230769231,Increasing,80.35172413793103,8.952811952394322
101_736,0.7315270935960592,2.8179599764754926e-08,0.7,Increasing,72.38275862068966,6.571729891689267
101_737,0.6995073891625616,1.105119884492467e-07,0.7208333333333334,Increasing,34.655172413793096,6.7478009805952155
101_738,0.6379310344827587,1.3011383832584045e-06,0.6575,Increasing,42.82413793103448,7.212663919008096
101_739,0.5862068965517241,8.762216987534543e-06,0.5333333333333332,Increasing,37.72413793103448,5.237441805942114
101_74,0.7512315270935961,1.1809700550813318e-08,0.8384210526315794,Increasing,72.9241379310345,7.419854779339841
101_740,0.7660098522167488,6.063418656054864e-09,1.1044642857142857,Increasing,50.13103448275862,9.640006562033676
101_741,0.8103448275862069,7.620160058507963e-10,0.6554999999999997,Increasing,67.93103448275862,6.180062685112053
101_742,0.7463054187192119,1.470805588432711e-08,0.807936507936508,Increasing,75.23448275862069,7.347590543942067
101_743,0.8349753694581281,2.2943003052944277e-10,1.1133928571428569,Increasing,79.14827586206896,9.90613257253252
101_744,0.8768472906403941,2.7548630043838784e-11,0.9403703703703701,Increasing,69.84137931034482,8.332260414482036
101_745,0.8645320197044335,5.192068996962007e-11,1.0224789915966392,Increasing,78.37931034482759,9.130788360054124
101_746,0.8325123152709359,2.59092081122958e-10,0.7696153846153848,Increasing,71.18275862068967,6.658469792393654
101_747,0.8300492610837439,2.924882558374975e-10,0.7253968253968255,Increasing,87.67586206896551,6.436461609451309
101_748,0.8817733990147784,2.1328272481468957e-11,0.8823076923076929,Increasing,77.40689655172415,7.56848871328296
101_749,0.9605911330049262,2.944311461305915e-13,2.5157738095238096,Increasing,45.54137931034483,21.310261689381402
101_75,0.8990147783251231,8.61466453727644e-12,0.9456439393939398,Increasing,75.07931034482758,8.22755585738831
101_750,0.8694581280788177,4.033617884147134e-11,1.1624999999999996,Increasing,65.92758620689655,10.056629192991405
101_751,0.8448275862068966,1.4058532116223432e-10,0.6730303030303032,Increasing,38.36206896551724,6.000483531844198
101_752,0.8177339901477833,5.335050179411382e-10,0.48619047619047606,Increasing,37.293103448275865,4.57277784996828
101_753,0.874384236453202,3.129319026129451e-11,0.8234432234432234,Increasing,70.75172413793103,7.272888753476972
101_754,0.9088669950738916,5.092815058560518e-12,0.8914035087719302,Increasing,67.56896551724138,7.667940578991784
101_755,0.9334975369458128,1.3358203432289883e-12,0.9500000000000005,Increasing,77.45172413793105,8.392674173704652
101_756,0.8226600985221675,4.1992764820975026e-10,0.5187500000000003,Increasing,69.95862068965518,4.851840549543302
101_757,0.9014778325123153,7.55773221783329e-12,0.8420168067226883,Increasing,74.32413793103449,7.287289604103743
101_758,0.6009852216748769,5.159167791868313e-06,0.346184210526316,Increasing,68.38620689655173,3.389102631501293
101_759,0.6625615763546798,4.977955163631975e-07,0.7999999999999985,Increasing,75.55172413793102,7.7598711635969995
101_76,0.8226600985221675,4.1992764820975026e-10,1.0075549450549453,Increasing,60.98275862068966,8.786355761203032
101_760,0.8300492610837439,2.924882558374975e-10,0.8434210526315795,Increasing,81.19655172413792,7.7438065467528
101_761,0.11083743842364532,0.409170233402842,0.06394230769230774,No significant trend,77.59655172413794,5.6406457663212395
101_762,0.5935960591133005,6.733762781818697e-06,0.5043478260869566,Increasing,73.90689655172415,5.480305241592168
101_763,0.8990147783251231,8.61466453727644e-12,0.958578431372549,Increasing,77.2448275862069,8.433168758841546
101_764,0.9532019704433498,4.46753745109163e-13,1.1,Increasing,78.97931034482757,9.267272012780163
101_765,0.8940886699507389,1.1180834036395026e-11,0.8633053221288518,Increasing,82.68275862068967,7.4931724769500825
101_766,0.9433497536945813,7.744915819785092e-13,1.2000000000000015,Increasing,77.90344827586208,10.308198369581124
101_767,0.8275862068965517,3.30075300425392e-10,0.6499999999999992,Increasing,78.55172413793103,5.665176181309759
101_768,0.8201970443349754,4.734030945030554e-10,0.71031746031746,Increasing,75.63103448275862,6.360606317242788
101_769,0.8029556650246306,1.0850405018913989e-09,0.7999999999999983,Increasing,74.93103448275862,6.968604641819147
101_77,0.8645320197044335,5.192068996962007e-11,1.1110119047619045,Increasing,72.98275862068964,9.871766392108187
101_770,0.8522167487684729,9.701461856082005e-11,0.9964285714285714,Increasing,66.94827586206897,8.61008313026692
101_771,0.8916256157635468,1.273137151258652e-11,0.9620192307692306,Increasing,39.12413793103449,8.839513763051784
101_772,0.8522167487684729,9.701461856082005e-11,1.411490683229814,Increasing,32.77586206896552,12.152980482238284
101_773,0.6625615763546798,4.977955163631975e-07,0.2803846153846159,Increasing,70.20344827586206,2.7547429642434422
101_774,0.8423645320197044,1.5897971827882884e-10,0.7418749999999997,Increasing,55.558620689655164,6.44384321184821
101_775,0.7167487684729064,5.332906183319608e-08,0.6400000000000001,Increasing,63.78275862068965,5.755840749607261
101_776,0.8054187192118226,9.647940224510876e-10,0.6022727272727281,Increasing,57.51724137931034,5.513436187796903
101_777,0.6009852216748769,5.159167791868313e-06,0.6974999999999978,Increasing,53.810344827586206,6.792355988984525
101_778,0.8645320197044335,5.192068996962007e-11,0.734666666666667,Increasing,65.21724137931034,6.238427574069322
101_779,0.8349753694581281,2.2943003052944277e-10,1.151041666666667,Increasing,72.53793103448275,10.064290364798103
101_78,0.6699507389162561,3.7066993718859464e-07,0.5736111111111113,Increasing,60.34482758620691,5.676180491340412
101_780,0.958128078817734,3.383959779057477e-13,1.7151515151515153,Increasing,50.906896551724145,14.954550248243159
101_781,0.8497536945812808,1.0982170728368601e-10,0.8977272727272684,Increasing,72.03448275862068,7.91817097750567
101_782,0.9605911330049262,2.944311461305915e-13,1.4607692307692304,Increasing,60.86896551724137,12.563798663655826
101_783,0.8620689655172413,5.887601517429175e-11,1.0999999999999996,Increasing,74.02413793103449,10.026332749054767
101_784,0.8448275862068966,1.4058532116223432e-10,0.9080128205128206,Increasing,67.28620689655172,8.191699926226041
101_785,0.7857142857142857,2.4453867819573816e-09,0.4199999999999994,Increasing,54.6448275862069,5.949012448146709
101_786,0.7881773399014779,2.1796187077427476e-09,0.6299999999999999,Increasing,51.32413793103448,5.4619470554141625
101_787,0.7684729064039408,5.419295456832174e-09,0.8898989898989901,Increasing,70.06551724137931,8.104629407684822
101_788,0.8891625615763546,1.4491741140432168e-11,1.3390476190476193,Increasing,61.98620689655172,12.06175843925126
101_789,0.7660098522167488,6.063418656054864e-09,0.5114583333333329,Increasing,51.058620689655164,4.805063223336567
101_79,0.7463054187192119,1.470805588432711e-08,0.8,Increasing,75.20344827586206,7.95636733772655
101_790,0.8325123152709359,2.59092081122958e-10,0.7289999999999999,Increasing,74.48965517241379,6.4052427248194554
101_791,0.6551724137931034,6.66474976318554e-07,0.3666666666666669,Increasing,48.83793103448276,3.443676242652505
101_792,0.6305418719211823,1.72435511314184e-06,0.5,Increasing,45.73448275862069,5.082239247314526
101_793,0.8029556650246306,1.0850405018913989e-09,0.8645833333333328,Increasing,63.92413793103448,8.099410586150327
101_794,0.8891625615763546,1.4491741140432168e-11,0.9499999999999975,Increasing,73.61379310344827,8.025679652729002
101_795,0.7660098522167488,6.063418656054864e-09,0.9775000000000004,Increasing,35.8448275862069,8.385767343290102
101_796,0.8399014778325123,1.7971912846803662e-10,0.8675438596491236,Increasing,68.45862068965518,7.707073206337657
101_797,0.729064039408867,3.1367344721644486e-08,0.6999999999999996,Increasing,37.08275862068965,6.721148760879642
101_798,0.4187192118226601,0.001523799537760162,0.3834615384615383,Increasing,33.81034482758621,4.902662529798879
101_799,0.8078817733990148,8.575786747400116e-10,0.738095238095238,Increasing,31.541379310344826,6.905346116890499
101_8,0.7955665024630542,1.54022639087259e-09,0.8974999999999955,Increasing,72.64827586206896,7.97044630298252
101_80,0.7660098522167488,6.063418656054864e-09,1.055048076923077,Increasing,67.93448275862069,10.21416446739253
101_800,0.6970443349753694,1.224679662126249e-07,0.7139610389610389,Increasing,36.56896551724138,6.4432323997688945
101_801,0.7955665024630542,1.54022639087259e-09,0.8339743589743589,Increasing,28.706896551724135,7.660284096401014
101_802,0.645320197044335,9.787964887486567e-07,0.6190909090909089,Increasing,49.52068965517242,6.009726559293624
101_803,0.7118226600985221,6.578379418975544e-08,0.6155870445344129,Increasing,34.35172413793103,6.287240537713864
101_804,0.916256157635468,3.4210412280799574e-12,1.4881944444444444,Increasing,42.69655172413793,12.583225910564037
101_805,0.7093596059113301,7.302536841891083e-08,0.6966666666666671,Increasing,53.551724137931025,7.103162029719711
101_806,0.7413793103448276,1.8292648951145907e-08,0.559411764705882,Increasing,58.46896551724138,5.0225081966103176
101_807,0.5049261083743842,0.0001299018467322277,0.30000000000000004,Increasing,34.97931034482759,3.5219880074150933
101_808,0.3103448275862069,0.01903944663470547,0.23808823529411738,Increasing,32.76896551724138,3.6264453430869663
101_809,0.5467980295566502,3.390261417357543e-05,0.537171052631579,Increasing,27.610344827586207,5.517579731004391
101_81,0.8300492610837439,2.924882558374975e-10,0.8694444444444436,Increasing,65.91724137931035,8.16532065233994
101_810,0.8201970443349754,4.734030945030554e-10,0.6433035714285713,Increasing,32.83793103448276,5.565002326306385
101_811,0.6330049261083743,1.570386139571056e-06,0.5224310776942356,Increasing,32.110344827586204,5.026985442560443
101_812,0.8374384236453202,2.0309398607309959e-10,0.9687062937062942,Increasing,77.51724137931035,8.477233973312744
101_813,0.7931034482758621,1.7298125154496802e-09,0.7877500000000004,Increasing,36.941379310344836,7.350135689171126
101_814,0.7044334975369458,8.989556476990401e-08,0.5738636363636362,Increasing,30.210344827586205,5.5506038706945935
101_815,0.8251231527093597,3.7236480565638885e-10,0.5892307692307692,Increasing,40.058620689655164,5.075602036067983
101_816,0.7192118226600985,4.7991437268635195e-08,0.36950464396284843,Increasing,29.944827586206895,3.7652298740921837
101_817,0.35960591133004927,0.006529791598751666,0.2685185185185184,Increasing,34.55172413793103,4.112019445953547
101_818,0.8275862068965517,3.30075300425392e-10,0.8974999999999994,Increasing,64.24137931034483,7.809654380686693
101_819,0.7931034482758621,1.7298125154496802e-09,1.0488095238095236,Increasing,47.00000000000001,9.287292022083093
101_82,0.9064039408866995,5.810907310888069e-12,1.1480769230769234,Increasing,63.20344827586208,15.876820726620798
101_820,0.9359605911330049,1.1661782650662644e-12,0.8,Increasing,70.94482758620688,6.692846732449996
101_821,0.8054187192118226,9.647940224510876e-10,0.8261363636363637,Increasing,48.210344827586205,7.583163966522345
101_822,0.9261083743842364,2.0030643810287074e-12,1.2431818181818182,Increasing,71.86206896551724,10.533932487462419
101_823,0.8990147783251231,8.61466453727644e-12,1.1490740740740732,Increasing,64.3103448275862,9.932126376756015
101_824,0.9088669950738916,5.092815058560518e-12,1.0922619047619055,Increasing,65.25862068965517,9.335638693824912
101_825,0.9482758620689655,5.88640247656258e-13,2.0931521739130434,Increasing,43.51724137931034,17.4948478911604
101_826,0.7733990147783252,4.324605118455338e-09,0.9944285714285714,Increasing,32.8551724137931,8.799474365449592
101_827,0.7339901477832512,2.5307151263476158e-08,0.5919871794871796,Increasing,48.50344827586208,5.638505717837239
101_828,0.9310344827586207,1.5294432387236157e-12,1.263068181818182,Increasing,61.989655172413784,10.670789804579028
101_829,0.8522167487684729,9.701461856082005e-11,1.065,Increasing,77.73103448275863,9.124582312529231
101_83,0.8990147783251231,8.61466453727644e-12,1.5485294117647046,Increasing,70.04482758620689,13.773802875746723
101_830,0.541871921182266,3.9907325472876565e-05,0.44000000000000006,Increasing,43.468965517241365,5.131182793555489
101_831,0.9236453201970444,2.291056233616473e-12,2.0316666666666667,Increasing,47.15862068965516,17.172964262053853
101_832,0.9310344827586207,1.5294432387236157e-12,1.1500000000000004,Increasing,39.658620689655166,9.708670751069654
101_833,0.5369458128078818,4.6912458210979224e-05,0.8193181818181831,Increasing,58.5,11.455581383220418
101_834,0.8374384236453202,2.0309398607309959e-10,0.8767316017316018,Increasing,69.01034482758621,7.780982334383653
101_835,0.8719211822660099,3.553424221536261e-11,0.9782352941176474,Increasing,62.31379310344826,8.312131729480008
101_836,0.8645320197044335,5.192068996962007e-11,0.9520833333333332,Increasing,70.10344827586206,8.301370171850142
101_837,0.8793103448275862,2.4243940188739543e-11,1.0956521739130405,Increasing,72.93448275862067,9.453343720138502
101_838,0.8275862068965517,3.30075300425392e-10,1.0599999999999994,Increasing,77.02758620689654,9.130505766545093
101_839,0.8251231527093597,3.7236480565638885e-10,0.8763888888888892,Increasing,78.26896551724137,8.441200415052753
101_84,0.9630541871921182,2.5623947408348613e-13,1.1045454545454547,Increasing,76.5103448275862,10.240701243081913
101_840,0.9605911330049262,2.944311461305915e-13,0.8500000000000001,Increasing,71.2,7.222808700030853
101_841,0.29310344827586204,0.026866547448008316,0.31825000000000003,Increasing,37.38275862068965,5.144134186424663
101_842,0.7266009852216748,3.490375055648087e-08,0.6399999999999993,Increasing,59.96896551724139,5.699673520491349
101_843,0.6970443349753694,1.224679662126249e-07,0.4833333333333333,Increasing,42.23793103448276,4.784919830921643
101_844,0.8103448275862069,7.620160058507963e-10,0.7999999999999997,Increasing,73.20344827586207,7.373320159762432
101_845,0.8399014778325123,1.7971912846803662e-10,1.1520833333333333,Increasing,63.310344827586206,10.116505626350953
101_846,0.8472906403940886,1.242763669750957e-10,0.9205263157894736,Increasing,70.62068965517241,7.995273574079611
101_847,0.8817733990147784,2.1328272481468957e-11,0.9425724637681157,Increasing,78.1689655172414,8.041148633350742
101_848,0.9113300492610837,4.461764291363579e-12,0.9083333333333328,Increasing,79.21724137931034,7.978681464205302
101_849,0.9507389162561576,5.129230373768223e-13,1.0666666666666662,Increasing,71.93448275862069,9.093206098305178
101_85,0.9236453201970444,2.291056233616473e-12,1.2381818181818187,Increasing,71.2448275862069,11.922583213696386
101_850,0.6009852216748769,5.159167791868313e-06,0.41059782608695616,Increasing,77.61379310344829,4.163281542073888
101_851,0.9408866995073891,8.881784197001252e-13,0.945454545454546,Increasing,77.01724137931036,7.933085192147755
101_852,0.8891625615763546,1.4491741140432168e-11,0.9924999999999997,Increasing,74.17586206896553,8.588792021860126
101_853,0.9433497536945813,7.744915819785092e-13,1.3204166666666666,Increasing,65.40689655172413,11.265018512756503
101_854,0.8448275862068966,1.4058532116223432e-10,1.1,Increasing,63.079310344827576,9.547065962372574
101_855,0.8891625615763546,1.4491741140432168e-11,0.9977272727272728,Increasing,71.68620689655172,8.997843578360435
101_856,0.8275862068965517,3.30075300425392e-10,1.0424812030075186,Increasing,78.4344827586207,9.169261838528543
101_857,0.8916256157635468,1.273137151258652e-11,1.0041958041958046,Increasing,68.80344827586208,8.458722605062398
101_858,0.8004926108374384,1.2198544396824218e-09,0.655277777777778,Increasing,64.35517241379311,5.9096989950125876
101_859,0.9039408866995073,6.6282535016171096e-12,1.0693094629156008,Increasing,74.2448275862069,9.554655345085814
101_86,0.9088669950738916,5.092815058560518e-12,1.25,Increasing,60.90344827586207,12.470060220483981
101_860,0.9655172413793104,2.227107387398064e-13,1.1947222222222225,Increasing,51.12413793103449,9.994055307942638
101_861,0.6305418719211823,1.72435511314184e-06,0.3500000000000001,Increasing,28.98965517241379,3.6430704014689934
101_862,0.6674876847290641,4.0909403620226215e-07,0.5602564102564103,Increasing,34.824137931034485,6.788105986026348
101_863,0.8349753694581281,2.2943003052944277e-10,0.8031250000000022,Increasing,35.648275862068964,7.212853502466139
101_864,0.5147783251231527,9.552862644723881e-05,0.32019230769230766,Increasing,34.09655172413793,3.8764081097752734
101_865,0.8842364532019704,1.875677391183217e-11,1.1436507936507936,Increasing,71.30344827586208,9.97785419397829
101_866,0.9458128078817734,6.752376435770202e-13,1.6641025641025644,Increasing,66.30344827586205,14.343771512849814
101_867,0.9556650246305419,3.888001032237298e-13,1.3114551083591333,Increasing,75.06896551724138,12.214239949769086
101_868,0.9753694581280788,1.2678746941219288e-13,1.1961538461538441,Increasing,70.55172413793103,12.521199146321056
101_869,0.9408866995073891,8.881784197001252e-13,1.2333333333333334,Increasing,72.84827586206896,11.970930902921493
101_870,0.8842364532019704,1.875677391183217e-11,1.5645833333333334,Increasing,67.7655172413793,13.705429980097593
101_871,0.958128078817734,3.383959779057477e-13,1.4500000000000006,Increasing,64.04137931034482,13.135488052347544
101_872,0.9655172413793104,2.227107387398064e-13,1.3834615384615385,Increasing,71.76896551724138,12.367117230180114
101_873,0.9458128078817734,6.752376435770202e-13,1.1850925925925926,Increasing,61.84482758620689,10.06162344503032
101_874,0.9384236453201971,1.0178524689763435e-12,1.8577777777777778,Increasing,60.23793103448276,17.01497137499195
101_875,0.9605911330049262,2.944311461305915e-13,1.4000000000000021,Increasing,62.186206896551724,12.426243756189088
101_876,0.9064039408866995,5.810907310888069e-12,1.3935185185185186,Increasing,67.93448275862069,12.522511477254817
101_877,0.9704433497536946,1.680877659282487e-13,1.3333333333333333,Increasing,72.36551724137931,11.902166591005503
101_878,0.9211822660098522,2.6194602043005943e-12,1.1000000000000008,Increasing,75.72413793103448,9.479111524363443
101_879,0.9039408866995073,6.6282535016171096e-12,1.258571428571428,Increasing,72.23793103448276,11.793084291172178
101_880,0.916256157635468,3.4210412280799574e-12,1.4809090909090905,Increasing,58.89310344827585,12.415616724290052
101_881,0.9408866995073891,8.881784197001252e-13,1.68968253968254,Increasing,53.531034482758635,14.776731556117868
101_882,0.9359605911330049,1.1661782650662644e-12,1.2955533596837943,Increasing,74.14827586206897,11.100096945511881
101_883,0.8990147783251231,8.61466453727644e-12,1.5677083333333335,Increasing,74.30000000000001,13.854191448426546
101_884,0.9556650246305419,3.888001032237298e-13,1.4067287784679086,Increasing,75.40344827586206,11.92067120184501
101_885,0.8300492610837439,2.924882558374975e-10,0.6500000000000008,Increasing,75.71724137931034,6.594463140707499
101_886,0.9187192118226601,2.994049452809122e-12,1.2046315789473685,Increasing,76.5551724137931,11.243529517227064
101_887,0.9458128078817734,6.752376435770202e-13,1.4381818181818184,Increasing,59.95862068965517,12.81137741232188
101_888,0.9137931034482759,3.907540957470701e-12,1.6333333333333304,Increasing,74.7103448275862,14.923745134737834
101_889,0.874384236453202,3.129319026129451e-11,1.0866071428571427,Increasing,56.11379310344828,9.493653928952279
101_89,0.8226600985221675,4.1992764820975026e-10,1.2279220779220776,Increasing,70.55862068965517,10.779307035541223
101_890,0.9507389162561576,5.129230373768223e-13,1.649999999999999,Increasing,59.79310344827587,14.272494188774742
101_891,0.7881773399014779,2.1796187077427476e-09,0.6330357142857144,Increasing,81.98965517241379,5.750942641028884
101_892,0.8201970443349754,4.734030945030554e-10,0.8954451345755694,Increasing,77.40689655172415,7.746942935853305
101_894,0.7610837438423645,7.582636074587867e-09,0.558114035087719,Increasing,80.81379310344828,5.506217434859654
101_895,0.8078817733990148,8.575786747400116e-10,0.7688259109311739,Increasing,77.72758620689656,6.67253229868924
101_896,0.7733990147783252,4.324605118455338e-09,0.8679487179487169,Increasing,66.05172413793105,7.899132239100487
101_897,0.7512315270935961,1.1809700550813318e-08,0.7943452380952382,Increasing,46.996551724137944,7.299243359871964
101_898,0.6625615763546798,4.977955163631975e-07,0.8725563909774434,Increasing,47.913793103448285,7.7090061141199415
101_899,0.8103448275862069,7.620160058507963e-10,0.685,Increasing,59.810344827586206,5.9679225766671875
101_9,0.8596059113300493,6.674016894692159e-11,1.048809523809524,Increasing,77.83793103448276,9.014448700533723
101_90,0.812807881773399,6.768692273340093e-10,1.3511904761904763,Increasing,59.11724137931035,11.669413866009672
101_900,0.7660098522167488,6.063418656054864e-09,0.5857142857142852,Increasing,71.80344827586205,5.176570743370336
101_901,0.8522167487684729,9.701461856082005e-11,0.853272727272727,Increasing,63.01724137931034,7.490733077956009
101_902,0.8669950738916257,4.577116463622133e-11,0.6399999999999997,Increasing,68.22068965517242,6.493730626951677
101_903,0.8325123152709359,2.59092081122958e-10,0.6854895104895105,Increasing,58.772413793103446,5.959744067157301
101_904,0.8645320197044335,5.192068996962007e-11,1.0535714285714284,Increasing,69.14137931034483,9.106213007550517
101_905,0.8620689655172413,5.887601517429175e-11,0.8057189542483657,Increasing,73.20689655172413,7.608250106230317
101_906,0.8768472906403941,2.7548630043838784e-11,0.7333333333333334,Increasing,77.39310344827587,6.631062276915589
101_907,0.8793103448275862,2.4243940188739543e-11,0.9224747474747477,Increasing,76.86206896551722,8.144319526330479
101_908,0.8768472906403941,2.7548630043838784e-11,0.599999999999997,Increasing,76.92758620689655,5.308477056215038
101_909,0.7783251231527094,3.4463079057189816e-09,0.7477272727272728,Increasing,79.77241379310345,6.667414147552422
101_91,0.8916256157635468,1.273137151258652e-11,0.7275252525252526,Increasing,48.45862068965517,6.41584876215784
101_910,0.5960591133004927,6.16375494844057e-06,0.5174242424242427,Increasing,63.451724137931045,4.861362139867243
101_911,0.6773399014778325,2.751643604081977e-07,0.7511857707509881,Increasing,46.262068965517244,6.93583467334202
101_912,0.8349753694581281,2.2943003052944277e-10,1.2592809364548496,Increasing,39.41379310344828,10.905573524039362
101_913,0.8842364532019704,1.875677391183217e-11,1.1749999999999998,Increasing,36.12758620689655,10.153100309646348
101_914,0.6921182266009852,1.5024636113025736e-07,0.6730676328502416,Increasing,55.420689655172424,6.24269942221311
101_915,0.8817733990147784,2.1328272481468957e-11,1.1489130434782604,Increasing,59.520689655172426,9.88102951882859
101_916,0.9679802955665024,1.936228954946273e-13,1.050000000000002,Increasing,68.03448275862068,9.663521021116724
101_917,0.9359605911330049,1.1661782650662644e-12,0.8446022727272731,Increasing,65.53448275862068,7.185583069090926
101_918,0.9285714285714286,1.7505996652289468e-12,0.9585714285714284,Increasing,71.71724137931035,9.7355399037546
101_919,0.8842364532019704,1.875677391183217e-11,1.1732142857142858,Increasing,64.6758620689655,10.080833817881022
101_92,0.8300492610837439,2.924882558374975e-10,1.2612637362637367,Increasing,63.34827586206896,10.64368424318984
101_920,0.8793103448275862,2.4243940188739543e-11,0.9885620915032678,Increasing,69.77586206896551,8.493756537534264
101_921,0.5738916256157636,1.3498107993337172e-05,0.3645833333333331,Increasing,57.203448275862065,3.980771261141677
101_922,0.7216748768472906,4.3173282504582744e-08,0.6738636363636358,Increasing,41.52758620689655,6.446110645146027
101_923,0.8177339901477833,5.335050179411382e-10,0.6505797101449273,Increasing,54.65862068965516,5.817542865682614
101_924,0.8916256157635468,1.273137151258652e-11,0.8424632352941175,Increasing,43.53793103448275,7.6145239529288045
101_925,0.7339901477832512,2.5307151263476158e-08,0.5999999999999972,Increasing,58.393103448275866,5.747559064176288
101_926,0.9039408866995073,6.6282535016171096e-12,1.1741666666666661,Increasing,53.11724137931034,11.5688961403953
101_927,0.9310344827586207,1.5294432387236157e-12,1.6522727272727276,Increasing,50.52068965517242,14.177237202529607
101_928,0.9014778325123153,7.55773221783329e-12,1.141507177033493,Increasing,40.389655172413796,9.868526942711611
101_929,0.9384236453201971,1.0178524689763435e-12,0.8563492063492064,Increasing,71.97586206896553,7.612768546756972
101_93,0.7881773399014779,2.1796187077427476e-09,0.942727272727273,Increasing,46.91724137931033,8.496371191543755
101_930,0.7536945812807881,1.0576877818024855e-08,0.6395652173913042,Increasing,72.05862068965519,6.13056318734704
101_931,0.8472906403940886,1.242763669750957e-10,0.8525000000000009,Increasing,63.834482758620695,7.695196704351893
101_932,0.9039408866995073,6.6282535016171096e-12,0.7000000000000015,Increasing,60.303448275862074,6.084150282588171
101_933,0.7339901477832512,2.5307151263476158e-08,0.5027777777777778,Increasing,43.03448275862069,4.878897265321827
101_934,0.9482758620689655,5.88640247656258e-13,1.0878571428571429,Increasing,66.85517241379308,9.254061036103481
101_935,0.8448275862068966,1.4058532116223432e-10,0.6745370370370374,Increasing,51.71724137931035,6.127612403646483
101_936,0.9458128078817734,6.752376435770202e-13,1.02638888888889,Increasing,65.40689655172413,9.06858659231977
101_937,0.9064039408866995,5.810907310888069e-12,0.937468671679198,Increasing,62.99655172413792,8.736782440906858
101_938,0.9605911330049262,2.944311461305915e-13,1.1000000000000005,Increasing,72.26551724137931,9.27834987789312
101_939,0.8177339901477833,5.335050179411382e-10,0.6405882352941181,Increasing,71.09310344827587,5.570732078089036
101_94,0.8669950738916257,4.577116463622133e-11,0.9589473684210528,Increasing,58.90689655172414,8.7078613326866
101_940,0.9261083743842364,2.0030643810287074e-12,0.9717142857142854,Increasing,76.02413793103447,8.609203382283795
101_941,0.9088669950738916,5.092815058560518e-12,1.0569230769230766,Increasing,69.48275862068965,9.517862298585722
101_942,0.9088669950738916,5.092815058560518e-12,0.9000000000000004,Increasing,76.41034482758621,7.891214880795418
101_943,0.9236453201970444,2.291056233616473e-12,1.0,Increasing,73.31724137931033,8.586519866889883
101_944,0.8522167487684729,9.701461856082005e-11,1.0677938808373593,Increasing,70.35862068965517,9.455176186523053
101_945,0.8423645320197044,1.5897971827882884e-10,1.2097285067873305,Increasing,73.1896551724138,10.629410884106555
101_946,0.9285714285714286,1.7505996652289468e-12,1.2319090909090908,Increasing,71.10344827586206,10.61763278892372
101_947,0.874384236453202,3.129319026129451e-11,0.7857142857142857,Increasing,73.34827586206897,6.7962779209706055
101_948,0.7832512315270936,2.7426190207791024e-09,0.9750000000000005,Increasing,75.42758620689655,8.672624251919494
101_949,0.9482758620689655,5.88640247656258e-13,1.1644268774703561,Increasing,77.15862068965515,10.276874516196104
101_95,0.7266009852216748,3.490375055648087e-08,0.7714285714285707,Increasing,56.19655172413792,7.198586200206771
101_950,0.9334975369458128,1.3358203432289883e-12,1.5645833333333332,Increasing,73.5,13.524256624353862
101_951,0.8891625615763546,1.4491741140432168e-11,0.8289915966386561,Increasing,74.91724137931034,7.096772892904223
101_952,0.854679802955665,8.567169196282975e-11,0.8935416666666668,Increasing,62.87241379310345,7.746985912296922
101_953,0.8251231527093597,3.7236480565638885e-10,0.9384210526315792,Increasing,67.04482758620689,8.166778211117517
101_954,0.8990147783251231,8.61466453727644e-12,1.0976190476190464,Increasing,68.50344827586207,9.440210501693812
101_955,0.9236453201970444,2.291056233616473e-12,0.9285714285714286,Increasing,72.86896551724138,7.962935840863437
101_956,0.7832512315270936,2.7426190207791024e-09,0.8460294117647058,Increasing,59.717241379310344,8.347127069899342
101_957,0.9211822660098522,2.6194602043005943e-12,1.2865151515151512,Increasing,68.20344827586206,11.23570303061416
101_958,0.9261083743842364,2.0030643810287074e-12,1.100000000000001,Increasing,61.9,9.394862866261649
101_959,0.874384236453202,3.129319026129451e-11,0.850925925925926,Increasing,62.73448275862069,7.459882400019222
101_96,0.8596059113300493,6.674016894692159e-11,1.4735054347826086,Increasing,60.79655172413794,12.989982420380999
101_960,0.8669950738916257,4.577116463622133e-11,0.9333333333333331,Increasing,60.58620689655173,8.139843433973876
101_961,0.8325123152709359,2.59092081122958e-10,0.8459935897435898,Increasing,72.05862068965517,7.5084098707488085
101_962,0.8866995073891626,1.64896984955476e-11,0.9455769230769233,Increasing,77.70344827586207,8.249743267003074
101_963,0.8571428571428571,7.562883652667551e-11,1.1333333333333346,Increasing,70.2448275862069,10.184186057802
101_964,0.9359605911330049,1.1661782650662644e-12,1.1154761904761892,Increasing,70.25517241379309,9.722160473918247
101_965,0.729064039408867,3.1367344721644486e-08,0.8215277777777779,Increasing,72.80344827586208,8.172936110182052
101_966,0.9285714285714286,1.7505996652289468e-12,0.7000000000000004,Increasing,69.34137931034483,8.046953471126107
101_967,0.9014778325123153,7.55773221783329e-12,1.0,Increasing,70.65172413793104,8.629525127369414
101_968,0.874384236453202,3.129319026129451e-11,0.9219806763285031,Increasing,76.2103448275862,8.020978735858483
101_969,0.8719211822660099,3.553424221536261e-11,0.8433333333333337,Increasing,75.54137931034484,7.9885054163565625
101_97,0.5935960591133005,6.733762781818697e-06,0.7031250000000002,Increasing,59.07586206896552,7.070270695320864
101_970,0.8349753694581281,2.2943003052944277e-10,0.796,Increasing,74.66206896551724,7.023871306706495
101_971,0.9285714285714286,1.7505996652289468e-12,0.9666666666666678,Increasing,79.35862068965515,8.747197274925751
101_972,0.7906403940886699,1.9420676178327767e-09,0.6578282828282831,Increasing,86.60000000000001,6.057312480197684
101_973,0.7733990147783252,4.324605118455338e-09,0.7225000000000001,Increasing,82.53448275862068,6.950032292758964
101_974,0.7807881773399015,3.0749234269933368e-09,0.7759615384615378,Increasing,86.79310344827586,6.6742392584438885
101_975,0.9187192118226601,2.994049452809122e-12,0.8090909090909083,Increasing,80.92068965517242,7.612801347202089
101_976,0.874384236453202,3.129319026129451e-11,1.0478835978835979,Increasing,73.82413793103449,9.370778320171842
101_977,0.8325123152709359,2.59092081122958e-10,0.6919871794871799,Increasing,81.13448275862068,6.211239859684242
101_978,0.7660098522167488,6.063418656054864e-09,0.6572082379862699,Increasing,73.63793103448276,5.788240980679379
101_979,0.9334975369458128,1.3358203432289883e-12,0.9585714285714284,Increasing,71.29655172413793,9.169194405204204
101_98,0.9088669950738916,5.092815058560518e-12,1.0,Increasing,57.05517241379311,8.953234291618774
101_980,0.9704433497536946,1.680877659282487e-13,1.0489130434782612,Increasing,73.15172413793104,9.748054472194214
101_981,0.9384236453201971,1.0178524689763435e-12,0.8103896103896109,Increasing,79.74482758620688,8.768894327615891
101_982,0.7931034482758621,1.7298125154496802e-09,0.5183473389355739,Increasing,72.33793103448275,4.550362910354888
101_983,0.6945812807881774,1.3567110213053013e-07,0.5783625730994144,Increasing,68.06896551724138,5.370423694084421
101_984,0.8571428571428571,7.562883652667551e-11,0.9166666666666666,Increasing,75.35862068965515,8.003943736613989
101_985,0.8374384236453202,2.0309398607309959e-10,0.7642857142857138,Increasing,72.8344827586207,7.470875675123433
101_986,0.812807881773399,6.768692273340093e-10,1.0580128205128205,Increasing,65.07241379310345,8.944961847289507
101_987,0.8275862068965517,3.30075300425392e-10,0.9374444444444447,Increasing,68.61724137931034,7.9217757050453255
101_988,0.9113300492610837,4.461764291363579e-12,0.8267857142857147,Increasing,79.59310344827585,7.500203722956475
101_989,0.8325123152709359,2.59092081122958e-10,0.8672240802675586,Increasing,77.0206896551724,7.653233678078325
101_99,0.7487684729064039,1.3181701508102606e-08,1.111263157894737,Increasing,62.80344827586206,10.170324741657609
101_990,0.8645320197044335,5.192068996962007e-11,0.9540935672514623,Increasing,76.31034482758622,7.92500820526438
101_991,0.8251231527093597,3.7236480565638885e-10,0.9693979933110368,Increasing,61.93103448275862,8.463597647380336
101_992,0.6699507389162561,3.7066993718859464e-07,0.6924501424501422,Increasing,76.54827586206896,6.524733879612423
101_993,0.8990147783251231,8.61466453727644e-12,0.9309090909090911,Increasing,75.53103448275863,8.19949970922431
101_994,0.8497536945812808,1.0982170728368601e-10,0.8751282051282046,Increasing,77.13103448275862,7.670098837122293
101_995,0.8990147783251231,8.61466453727644e-12,1.075000000000001,Increasing,69.41724137931034,9.254153548934298
101_996,0.9802955665024631,9.547918011776346e-14,1.7961538461538449,Increasing,70.79310344827586,15.778289995946805
101_997,0.9827586206896551,8.282263763703668e-14,2.0690476190476197,Increasing,46.593103448275855,18.333047812427335
101_998,0.9482758620689655,5.88640247656258e-13,0.8000000000000007,Increasing,54.682758620689654,7.2997434515863215
147_1,0.8300492610837439,2.924882558374975e-10,0.7441558441558436,Increasing,81.0551724137931,6.310177122323989
147_10,0.8497536945812808,1.0982170728368601e-10,0.8607692307692306,Increasing,81.95862068965516,7.473424974944464
147_100,0.8694581280788177,4.033617884147134e-11,0.785164835164835,Increasing,79.86206896551725,6.745236571762094
147_101,0.9236453201970444,2.291056233616473e-12,0.8999999999999986,Increasing,60.88620689655173,7.534414108422354
147_102,0.8300492610837439,2.924882558374975e-10,0.6544230769230768,Increasing,86.0103448275862,5.972427729536978
147_103,0.9334975369458128,1.3358203432289883e-12,0.7804761904761907,Increasing,74.14827586206896,6.594125948702254
147_104,0.9261083743842364,2.0030643810287074e-12,1.0267857142857142,Increasing,74.22758620689655,8.942031573214301
147_105,0.8990147783251231,8.61466453727644e-12,1.1974999999999998,Increasing,76.3,10.118947744122206
147_106,0.8620689655172413,5.887601517429175e-11,1.0322916666666657,Increasing,77.56896551724137,8.90792376631037
147_107,0.9014778325123153,7.55773221783329e-12,0.8908730158730158,Increasing,77.76551724137931,8.906846489506473
147_108,0.8990147783251231,8.61466453727644e-12,0.8382783882783877,Increasing,78.24137931034483,7.322921842024501
147_109,0.9556650246305419,3.888001032237298e-13,1.1749999999999985,Increasing,78.66206896551725,9.798008727783747
147_11,0.45566502463054187,0.0005575140960343283,0.26999999999999935,Increasing,71.96206896551723,3.3108404801347535
147_110,0.9187192118226601,2.994049452809122e-12,0.9105555555555551,Increasing,77.60000000000001,7.892117411783691
147_111,0.9261083743842364,2.0030643810287074e-12,0.9612499999999999,Increasing,72.44827586206897,8.647168988177983
147_112,0.8571428571428571,7.562883652667551e-11,0.7896825396825393,Increasing,83.61379310344829,7.141415108386941
147_113,0.9236453201970444,2.291056233616473e-12,0.8836666666666664,Increasing,76.98620689655174,7.475971814947101
147_114,0.874384236453202,3.129319026129451e-11,0.8999999999999986,Increasing,73.16896551724139,7.682990772199813
147_115,0.8620689655172413,5.887601517429175e-11,0.9917366946778708,Increasing,79.7344827586207,9.593973534502647
147_116,0.9433497536945813,7.744915819785092e-13,0.7470588235294119,Increasing,74.62068965517243,6.688609943228235
147_117,0.9236453201970444,2.291056233616473e-12,1.1714285714285717,Increasing,77.54827586206899,9.897914119848691
147_118,0.8448275862068966,1.4058532116223432e-10,0.9170289855072465,Increasing,81.14827586206896,8.138229100327502
147_119,0.8990147783251231,8.61466453727644e-12,0.9095454545454549,Increasing,80.94827586206897,7.817999598171106
147_12,0.8004926108374384,1.2198544396824218e-09,0.7679487179487179,Increasing,76.76206896551726,6.7260899023544205
147_120,0.8251231527093597,3.7236480565638885e-10,0.5250000000000001,Increasing,74.8103448275862,6.162754916184483
147_121,0.7364532019704434,2.2719724102060468e-08,0.75,Increasing,76.23448275862069,7.199821638694467
147_122,0.9113300492610837,4.461764291363579e-12,1.05,Increasing,75.94137931034483,8.968854816429612
147_123,0.8399014778325123,1.7971912846803662e-10,0.5500000000000023,Increasing,75.68620689655172,4.816904438639709
147_124,0.7413793103448276,1.8292648951145907e-08,0.7057142857142855,Increasing,76.27586206896552,6.351196204051197
147_125,0.9187192118226601,2.994049452809122e-12,0.8675438596491231,Increasing,74.58620689655174,7.676552932320019
147_126,0.9261083743842364,2.0030643810287074e-12,0.7550505050505047,Increasing,76.33103448275861,6.449597872964551
147_127,0.8448275862068966,1.4058532116223432e-10,0.7594117647058818,Increasing,72.00344827586207,6.631038965695044
147_128,0.854679802955665,8.567169196282975e-11,0.8535885167464115,Increasing,78.13103448275862,7.597372660574084
147_129,0.9039408866995073,6.6282535016171096e-12,1.0811764705882352,Increasing,35.22413793103448,9.586975905647087
147_13,0.8891625615763546,1.4491741140432168e-11,0.8913919413919411,Increasing,73.35172413793103,7.568884611931119
147_130,0.7339901477832512,2.5307151263476158e-08,0.43999999999999995,Increasing,53.59999999999999,4.504174309115551
147_131,0.896551724137931,9.815925849920859e-12,0.7444664031620554,Increasing,76.2241379310345,7.176333478028428
147_132,0.9359605911330049,1.1661782650662644e-12,1.2803846153846152,Increasing,45.88275862068965,11.619456600906807
147_133,0.9334975369458128,1.3358203432289883e-12,1.0763888888888888,Increasing,71.33103448275861,9.202852011020386
147_134,0.9605911330049262,2.944311461305915e-13,1.0575187969924815,Increasing,75.2,8.862357435262066
147_135,0.5911330049261084,7.353995773007327e-06,0.36871980676328486,Increasing,48.341379310344834,3.664321665727063
147_136,0.9655172413793104,2.227107387398064e-13,1.0707107843137256,Increasing,74.97241379310346,9.14345051263751
147_137,0.9334975369458128,1.3358203432289883e-12,1.027747252747253,Increasing,80.90344827586206,8.812588283093941
147_138,0.896551724137931,9.815925849920859e-12,1.0159999999999993,Increasing,74.15172413793104,9.03356273283349
147_139,0.9482758620689655,5.88640247656258e-13,1.25,Increasing,78.4241379310345,10.890130146222528
147_14,0.7142857142857143,5.92400826171513e-08,0.4142857142857136,Increasing,71.81724137931036,3.773964253025635
147_140,0.8940886699507389,1.1180834036395026e-11,0.8345238095238091,Increasing,84.76551724137931,7.062639726396579
147_141,0.9507389162561576,5.129230373768223e-13,0.9759615384615374,Increasing,84.38965517241378,8.588337915857528
147_142,0.15517241379310345,0.2448295698134384,0.05000000000000213,No significant trend,69.08965517241379,2.670960672787357
147_143,0.9605911330049262,2.944311461305915e-13,0.7891176470588238,Increasing,52.35517241379311,6.648234725870732
147_144,0.8448275862068966,1.4058532116223432e-10,0.75,Increasing,78.87586206896552,6.494594844012332
147_145,0.8645320197044335,5.192068996962007e-11,1.0207264957264954,Increasing,83.22068965517242,9.505910296171455
147_146,0.896551724137931,9.815925849920859e-12,0.976330532212885,Increasing,78.34137931034483,8.459050131781092
147_147,0.9088669950738916,5.092815058560518e-12,1.100000000000001,Increasing,76.35172413793103,9.364961133253486
147_148,0.3472906403940887,0.00863621676031956,0.25812500000000027,Increasing,63.54827586206896,4.082225617584804
147_149,0.8940886699507389,1.1180834036395026e-11,0.8275252525252528,Increasing,76.33793103448275,7.116004971461476
147_15,0.8448275862068966,1.4058532116223432e-10,0.6811764705882355,Increasing,69.17931034482758,5.977335313951379
147_150,0.916256157635468,3.4210412280799574e-12,1.0325757575757577,Increasing,81.31034482758619,8.943514114076198
147_151,0.8891625615763546,1.4491741140432168e-11,0.8500000000000014,Increasing,74.61379310344827,7.382305225331207
147_152,0.7807881773399015,3.0749234269933368e-09,1.0,Increasing,43.175862068965515,10.212860559537727
147_153,0.8866995073891626,1.64896984955476e-11,1.804347826086957,Increasing,54.051724137931025,16.2419979382879
147_154,0.7512315270935961,1.1809700550813318e-08,1.016228070175438,Increasing,84.8103448275862,9.211475033613622
147_155,0.9458128078817734,6.752376435770202e-13,1.0723809523809522,Increasing,74.05172413793103,9.53717303193884
147_156,0.7906403940886699,1.9420676178327767e-09,0.4057189542483659,Increasing,54.50344827586208,4.641453603955278
147_157,0.8325123152709359,2.59092081122958e-10,1.1423913043478255,Increasing,74.1103448275862,10.36181134569881
147_158,0.9088669950738916,5.092815058560518e-12,0.8074175824175823,Increasing,78.19310344827586,7.728225519416059
147_159,0.8571428571428571,7.562883652667551e-11,0.7977272727272713,Increasing,76.21379310344827,6.941962563501469
147_16,0.7586206896551724,8.475165236276894e-09,0.8500000000000008,Increasing,82.86206896551727,7.947518102857252
147_160,0.9334975369458128,1.3358203432289883e-12,1.0834841628959275,Increasing,71.1896551724138,9.419727824883639
147_161,0.4852216748768473,0.00023638163651873434,0.4426630434782609,Increasing,33.66206896551725,5.4002179900510825
147_162,0.7339901477832512,2.5307151263476158e-08,0.7928571428571414,Increasing,63.47241379310345,7.99318229112286
147_163,0.8620689655172413,5.887601517429175e-11,0.8750000000000002,Increasing,72.36896551724139,7.989437140775134
147_164,0.812807881773399,6.768692273340093e-10,0.6741666666666662,Increasing,79.2655172413793,6.051746733428688
147_165,0.8152709359605911,6.010301145664698e-10,0.8244047619047621,Increasing,82.75862068965517,7.517772837904226
147_166,0.9187192118226601,2.994049452809122e-12,0.9325757575757571,Increasing,81.37241379310343,8.074433749836544
147_167,0.9285714285714286,1.7505996652289468e-12,0.9,Increasing,77.04827586206896,8.328663455704215
147_168,0.8152709359605911,6.010301145664698e-10,0.8600000000000001,Increasing,84.9793103448276,7.359459280659557
147_169,0.7315270935960592,2.8179599764754926e-08,0.6179144385026737,Increasing,83.86896551724139,5.538585867584256
147_17,0.6108374384236454,3.599845775026367e-06,0.5174242424242427,Increasing,56.27241379310346,5.13305021584929
147_170,0.8768472906403941,2.7548630043838784e-11,0.7829545454545457,Increasing,74.4241379310345,7.128798088589099
147_171,0.8103448275862069,7.620160058507963e-10,0.7620137299771168,Increasing,81.12758620689657,6.611322396372399
147_172,0.7881773399014779,2.1796187077427476e-09,0.9857142857142845,Increasing,82.17931034482761,8.536791746170172
147_173,0.9014778325123153,7.55773221783329e-12,0.98792270531401,Increasing,79.66206896551724,8.342017195606557
147_174,0.916256157635468,3.4210412280799574e-12,1.0660256410256408,Increasing,80.14137931034483,9.03935904202319
147_175,0.9261083743842364,2.0030643810287074e-12,0.8775210084033617,Increasing,80.39999999999999,7.439456784025251
147_176,0.9113300492610837,4.461764291363579e-12,0.9526315789473682,Increasing,80.44482758620688,8.082914556575131
147_177,0.8103448275862069,7.620160058507963e-10,0.7966666666666675,Increasing,80.0448275862069,7.076945873843318
147_178,0.9310344827586207,1.5294432387236157e-12,0.9659420289855071,Increasing,80.65517241379312,8.6804412015192
147_179,0.9211822660098522,2.6194602043005943e-12,1.0585714285714283,Increasing,83.45862068965518,9.233541452372181
147_18,0.9408866995073891,8.881784197001252e-13,1.048076923076923,Increasing,47.551724137931025,9.152750507630731
147_180,0.9088669950738916,5.092815058560518e-12,0.6978260869565207,Increasing,78.0206896551724,6.103553476591903
147_181,0.9310344827586207,1.5294432387236157e-12,1.0367499999999996,Increasing,76.90689655172413,8.859163618749866
147_182,0.9064039408866995,5.810907310888069e-12,1.057142857142858,Increasing,77.16896551724139,9.07737252916799
147_183,0.9064039408866995,5.810907310888069e-12,0.9190909090909088,Increasing,79.54137931034484,7.919313678090148
147_184,0.8152709359605911,6.010301145664698e-10,0.7686274509803928,Increasing,69.89310344827585,6.7570617484271285
147_185,0.8645320197044335,5.192068996962007e-11,0.756349206349207,Increasing,80.64137931034483,6.550520760629187
147_186,0.9236453201970444,2.291056233616473e-12,1.1195238095238094,Increasing,75.60000000000001,9.467985985450635
147_187,0.916256157635468,3.4210412280799574e-12,0.8,Increasing,80.89655172413795,6.69253226435208
147_188,0.9310344827586207,1.5294432387236157e-12,0.8249999999999995,Increasing,77.79655172413794,7.437856697149026
147_189,0.9384236453201971,1.0178524689763435e-12,0.9858333333333338,Increasing,78.08965517241379,8.438922337948224
147_19,0.6305418719211823,1.72435511314184e-06,0.7809090909090908,Increasing,46.89655172413793,7.456054367430755
147_190,0.8891625615763546,1.4491741140432168e-11,1.163768115942029,Increasing,78.46896551724137,10.102922194141648
147_191,0.8866995073891626,1.64896984955476e-11,0.9366028708133969,Increasing,77.48620689655174,7.811694334200931
147_192,0.7758620689655172,3.8612220087941296e-09,0.889454545454545,Increasing,83.54482758620689,7.697047629555946
147_193,0.9088669950738916,5.092815058560518e-12,1.0242647058823535,Increasing,76.88275862068966,9.566719214440388
147_194,0.7783251231527094,3.4463079057189816e-09,0.8577380952380951,Increasing,82.74137931034483,7.389018750653092
147_195,0.6403940886699507,1.183751961786328e-06,0.6398496240601502,Increasing,74.44137931034483,5.894797077106351
147_196,0.42857142857142855,0.00117390956654706,0.329583333333333,Increasing,73.5,3.8695985713570167
147_197,0.5246305418719212,6.987555467663498e-05,0.6635714285714287,Increasing,74.10344827586206,7.118963638185504
147_198,0.8571428571428571,7.562883652667551e-11,0.5510869565217402,Increasing,70.22068965517242,4.959517448046654
147_199,0.9285714285714286,1.7505996652289468e-12,0.9577777777777776,Increasing,63.82068965517242,8.373372381640335
147_2,0.8325123152709359,2.59092081122958e-10,0.8339743589743591,Increasing,77.05172413793103,7.198784413173408
147_20,0.8620689655172413,5.887601517429175e-11,1.1409698996655515,Increasing,43.15172413793104,10.831009781613965
147_200,0.9137931034482759,3.907540957470701e-12,0.9703296703296709,Increasing,68.52758620689654,8.335007045555807
147_201,0.8448275862068966,1.4058532116223432e-10,1.0974999999999997,Increasing,49.94137931034483,9.68537885757415
147_202,0.7955665024630542,1.54022639087259e-09,0.818333333333334,Increasing,47.61724137931034,10.820640205596774
147_203,0.8768472906403941,2.7548630043838784e-11,1.008712121212121,Increasing,65.32413793103449,8.892021032922749
147_204,0.9334975369458128,1.3358203432289883e-12,1.0999999999999996,Increasing,65.28275862068963,9.249792876171922
147_205,0.3448275862068966,0.00912405504798941,0.41041666666666676,Increasing,47.35172413793103,6.40224210131889
147_206,0.9630541871921182,2.5623947408348613e-13,0.9376470588235291,Increasing,76.67241379310344,8.02358147530417
147_207,0.37192118226600984,0.004897349719242383,0.3569230769230771,Increasing,62.40689655172414,4.669337325388257
147_208,0.8669950738916257,4.577116463622133e-11,0.7818181818181813,Increasing,71.28620689655173,6.719797007295888
147_209,0.9458128078817734,6.752376435770202e-13,1.05,Increasing,44.237931034482756,9.542768115467783
147_21,0.916256157635468,3.4210412280799574e-12,1.2142857142857142,Increasing,67.22758620689656,10.279101549083046
147_210,0.8990147783251231,8.61466453727644e-12,1.0,Increasing,79.41724137931034,8.765452128139286
147_211,0.9088669950738916,5.092815058560518e-12,0.9499999999999993,Increasing,69.3,8.073028744123748
147_212,0.7266009852216748,3.490375055648087e-08,0.8380000000000001,Increasing,72.02413793103447,8.9077128599191
147_213,0.9384236453201971,1.0178524689763435e-12,1.151190476190476,Increasing,63.08620689655172,9.78819571052493
147_214,0.8768472906403941,2.7548630043838784e-11,0.9531135531135528,Increasing,79.64137931034483,8.386792459139274
147_215,0.8522167487684729,9.701461856082005e-11,0.7422222222222223,Increasing,79.46551724137932,7.073421640053601
147_216,0.9507389162561576,5.129230373768223e-13,0.9885620915032687,Increasing,79.36896551724138,8.653845206662753
147_217,0.9261083743842364,2.0030643810287074e-12,1.1633333333333336,Increasing,77.46206896551725,10.249959252840908
147_218,0.9384236453201971,1.0178524689763435e-12,1.0811764705882358,Increasing,61.58620689655172,9.346979011790332
147_219,0.8571428571428571,7.562883652667551e-11,0.6799999999999999,Increasing,71.53793103448275,6.027146279219199
147_22,0.6847290640394089,2.0364072783607412e-07,0.30208333333333326,Increasing,71.57586206896552,3.0832870024692354
147_220,0.9088669950738916,5.092815058560518e-12,0.9673529411764707,Increasing,75.45172413793104,8.333671653853717
147_221,0.8645320197044335,5.192068996962007e-11,1.3020833333333335,Increasing,80.77586206896552,11.955539912595526
147_222,0.8817733990147784,2.1328272481468957e-11,0.939444444444445,Increasing,79.31379310344828,8.081427158782729
147_223,0.8423645320197044,1.5897971827882884e-10,0.8086956521739128,Increasing,80.28620689655172,7.086009729617107
147_224,0.9211822660098522,2.6194602043005943e-12,0.8400000000000005,Increasing,75.58620689655173,7.183876781541163
147_225,0.7536945812807881,1.0576877818024855e-08,0.5187500000000002,Increasing,80.31724137931032,4.992619999456941
147_226,0.9310344827586207,1.5294432387236157e-12,1.1564473684210528,Increasing,76.22068965517242,9.729882138079962
147_227,0.9384236453201971,1.0178524689763435e-12,1.0,Increasing,78.60000000000001,8.29112529278684
147_228,0.9359605911330049,1.1661782650662644e-12,1.037719298245614,Increasing,80.91724137931034,9.061440433774283
147_229,0.7586206896551724,8.475165236276894e-09,0.7912878787878789,Increasing,84.53793103448275,7.537099679681213
147_23,0.7684729064039408,5.419295456832174e-09,1.1566964285714287,Increasing,53.444827586206905,10.861910234198714
147_230,0.8645320197044335,5.192068996962007e-11,0.9681159420289867,Increasing,78.71724137931035,8.606335636010664
147_231,0.8620689655172413,5.887601517429175e-11,1.2230158730158731,Increasing,62.489655172413784,11.383937408277362
147_232,0.6280788177339901,1.892777330425588e-06,0.39666666666666617,Increasing,58.682758620689654,3.848158445866627
147_233,0.9408866995073891,8.881784197001252e-13,0.9886904761904765,Increasing,77.0,8.448137929908498
147_235,0.9039408866995073,6.6282535016171096e-12,1.007393483709273,Increasing,75.14827586206896,8.830262256020884
147_236,0.9310344827586207,1.5294432387236157e-12,0.9817805383022777,Increasing,66.45517241379311,8.421138681580505
147_237,0.9236453201970444,2.291056233616473e-12,1.0219806763285026,Increasing,77.70344827586206,8.606432348224551
147_24,0.854679802955665,8.567169196282975e-11,0.8126984126984127,Increasing,52.33103448275862,8.802237311528593
147_25,0.9261083743842364,2.0030643810287074e-12,0.8,Increasing,81.16551724137932,7.150465423099684
147_26,0.9310344827586207,1.5294432387236157e-12,0.9099025974025973,Increasing,76.64827586206897,8.005499001856643
147_27,0.9827586206896551,8.282263763703668e-14,1.2524027459954232,Increasing,79.19310344827585,10.917651984349355
147_28,0.7192118226600985,4.7991437268635195e-08,0.5449494949494944,Increasing,77.6793103448276,5.220079224550394
147_29,0.9064039408866995,5.810907310888069e-12,0.8709790209790209,Increasing,75.38620689655173,7.779625207616811
147_3,0.958128078817734,3.383959779057477e-13,1.0043478260869563,Increasing,70.58620689655173,8.89562946302288
147_30,0.7955665024630542,1.54022639087259e-09,0.5999999999999999,Increasing,81.95517241379311,5.565880430827947
147_31,0.9655172413793104,2.227107387398064e-13,1.1110323886639675,Increasing,80.86896551724138,9.477345163263736
147_32,0.8719211822660099,3.553424221536261e-11,0.7414285714285711,Increasing,76.95862068965518,7.097766391807735
147_33,0.8817733990147784,2.1328272481468957e-11,1.0031250000000003,Increasing,80.28620689655172,8.668640435020741
147_34,0.9187192118226601,2.994049452809122e-12,0.7869318181818179,Increasing,77.77931034482758,6.873456155703312
147_35,0.9532019704433498,4.46753745109163e-13,0.9651515151515155,Increasing,77.08620689655173,8.948847898797615
147_36,0.916256157635468,3.4210412280799574e-12,0.9404545454545457,Increasing,69.00344827586207,7.943137691445091
147_37,0.9778325123152709,1.1013412404281553e-13,1.1500000000000006,Increasing,76.80000000000001,10.190225201396307
147_38,0.8325123152709359,2.59092081122958e-10,0.753137254901961,Increasing,70.8896551724138,7.030443397386296
147_39,0.916256157635468,3.4210412280799574e-12,0.902777777777781,Increasing,77.02758620689654,7.82215670725876
147_4,0.9482758620689655,5.88640247656258e-13,1.0666666666666675,Increasing,78.5034482758621,9.28055002675212
147_40,0.8103448275862069,7.620160058507963e-10,0.8514705882352951,Increasing,65.03793103448277,7.543319208736889
147_41,0.9236453201970444,2.291056233616473e-12,0.9944444444444445,Increasing,79.6103448275862,8.283358673604367
147_42,0.6896551724137931,1.6633067945193147e-07,0.6071794871794871,Increasing,65.84827586206897,5.838257929214676
147_43,0.9187192118226601,2.994049452809122e-12,1.0782407407407404,Increasing,70.22413793103448,9.798369152565161
147_44,0.8842364532019704,1.875677391183217e-11,1.0045454545454549,Increasing,77.71724137931034,8.989498431235434
147_45,0.8694581280788177,4.033617884147134e-11,1.2285714285714289,Increasing,68.4103448275862,10.893571176824533
147_46,0.9261083743842364,2.0030643810287074e-12,1.097499999999997,Increasing,78.6,9.32183199398798
147_47,0.9014778325123153,7.55773221783329e-12,1.0690476190476192,Increasing,76.85862068965517,9.551909621004995
147_48,0.9334975369458128,1.3358203432289883e-12,1.0574786324786325,Increasing,73.94482758620688,9.52458112779395
147_49,0.9137931034482759,3.907540957470701e-12,0.9302173913043479,Increasing,76.10689655172413,7.764549458896073
147_5,0.8522167487684729,9.701461856082005e-11,0.8563157894736855,Increasing,76.9241379310345,7.705244750858355
147_50,0.9729064039408867,1.461053500406706e-13,0.9749999999999999,Increasing,78.64482758620689,9.29384617337792
147_51,0.8694581280788177,4.033617884147134e-11,0.6430288461538461,Increasing,80.38275862068964,5.732969920917937
147_52,0.9704433497536946,1.680877659282487e-13,1.1000000000000005,Increasing,75.26896551724137,9.319098056411782
147_53,0.7315270935960592,2.8179599764754926e-08,0.5,Increasing,72.95517241379311,5.078323522370319
147_54,0.8940886699507389,1.1180834036395026e-11,1.0947368421052621,Increasing,52.08965517241379,10.722304976963906
147_55,0.9137931034482759,3.907540957470701e-12,1.1090909090909087,Increasing,78.12758620689655,9.675347148783082
147_56,0.9187192118226601,2.994049452809122e-12,1.0725000000000002,Increasing,77.22413793103448,8.92407264272872
147_57,0.9630541871921182,2.5623947408348613e-13,1.0560386473429952,Increasing,77.35517241379311,9.328214014183605
147_58,0.9556650246305419,3.888001032237298e-13,1.2519230769230771,Increasing,73.17241379310344,10.839388472117093
147_59,0.9039408866995073,6.6282535016171096e-12,1.033333333333335,Increasing,77.86896551724136,9.948872868000603
147_6,0.8275862068965517,3.30075300425392e-10,0.394097222222222,Increasing,77.58275862068965,3.6607959343250065
147_60,0.8817733990147784,2.1328272481468957e-11,0.8904545454545463,Increasing,76.32758620689657,7.602717143673457
147_61,0.9334975369458128,1.3358203432289883e-12,1.0046536796536794,Increasing,74.93793103448276,8.508876249524759
147_62,0.9064039408866995,5.810907310888069e-12,0.8848076923076924,Increasing,71.88620689655171,7.479753090979769
147_63,0.8817733990147784,2.1328272481468957e-11,0.9364389233954452,Increasing,78.04137931034482,8.701348180969918
147_64,0.9310344827586207,1.5294432387236157e-12,1.0861111111111108,Increasing,75.63103448275861,9.469446455375559
147_65,0.8817733990147784,2.1328272481468957e-11,0.9884868421052632,Increasing,74.0206896551724,8.795429036617193
147_66,0.8891625615763546,1.4491741140432168e-11,1.1,Increasing,76.38620689655171,10.352901446985134
147_67,0.8842364532019704,1.875677391183217e-11,1.0158333333333327,Increasing,78.28275862068965,8.517044532138229
147_68,0.896551724137931,9.815925849920859e-12,0.8466666666666665,Increasing,75.54137931034484,8.526814388430438
147_69,0.9039408866995073,6.6282535016171096e-12,0.9617216117216116,Increasing,74.06551724137931,8.136222789733912
147_7,0.8325123152709359,2.59092081122958e-10,0.851,Increasing,75.4793103448276,7.945303505860416
147_70,0.9113300492610837,4.461764291363579e-12,0.8466403162055335,Increasing,79.99655172413793,7.416778869499128
147_71,0.8990147783251231,8.61466453727644e-12,0.9924999999999999,Increasing,77.65517241379311,8.818264205100862
147_72,0.9088669950738916,5.092815058560518e-12,1.0047727272727274,Increasing,70.09655172413792,8.753146538033631
147_73,0.9532019704433498,4.46753745109163e-13,0.8803571428571431,Increasing,75.28620689655173,7.96603670496063
147_74,0.9310344827586207,1.5294432387236157e-12,0.8583591331269347,Increasing,79.11379310344827,7.332907601233515
147_75,0.9729064039408867,1.461053500406706e-13,1.0999999999999992,Increasing,77.91379310344827,10.954473944716362
147_76,0.8374384236453202,2.0309398607309959e-10,0.695652173913043,Increasing,56.913793103448285,6.253866342755966
147_77,0.8399014778325123,1.7971912846803662e-10,0.5999999999999991,Increasing,49.69310344827588,5.465057089299109
147_78,0.9088669950738916,5.092815058560518e-12,1.0639610389610383,Increasing,77.54482758620692,9.737966445183247
147_79,0.9679802955665024,1.936228954946273e-13,0.9250000000000007,Increasing,72.54137931034484,7.992561940539781
147_8,0.4088669950738916,0.001967596839909991,0.35499999999999987,Increasing,72.8103448275862,4.488094967000818
147_80,0.9507389162561576,5.129230373768223e-13,0.8111111111111108,Increasing,68.65172413793104,7.323962592874922
147_81,0.8374384236453202,2.0309398607309959e-10,0.7695652173913045,Increasing,74.8,6.797058187186572
147_82,0.8694581280788177,4.033617884147134e-11,0.8999999999999999,Increasing,76.65172413793104,7.734812513148285
147_83,0.8916256157635468,1.273137151258652e-11,1.1111111111111112,Increasing,73.40689655172413,9.482249516114317
147_84,0.7167487684729064,5.332906183319608e-08,0.47499999999999964,Increasing,72.42068965517242,4.458806033963989
147_85,0.8866995073891626,1.64896984955476e-11,0.8999999999999997,Increasing,74.63103448275862,7.786243547758948
147_86,0.8793103448275862,2.4243940188739543e-11,0.9888736263736262,Increasing,76.25172413793103,8.472048186573554
147_87,0.8374384236453202,2.0309398607309959e-10,0.7108187134502917,Increasing,57.72758620689655,6.4529007939345755
147_88,0.9261083743842364,2.0030643810287074e-12,1.0888888888888886,Increasing,75.2103448275862,9.764797606447717
147_89,0.9236453201970444,2.291056233616473e-12,1.3188235294117647,Increasing,70.0206896551724,11.23971957284077
147_9,0.7906403940886699,1.9420676178327767e-09,0.7733333333333328,Increasing,68.31034482758619,6.786057960238375
147_90,0.9458128078817734,6.752376435770202e-13,0.9800000000000008,Increasing,74.22413793103448,9.170291431928009
147_91,0.8990147783251231,8.61466453727644e-12,0.8633333333333322,Increasing,72.9551724137931,8.257351425032144
147_92,0.9408866995073891,8.881784197001252e-13,1.119615384615384,Increasing,74.45862068965518,9.699858414941774
147_93,0.8251231527093597,3.7236480565638885e-10,1.0345238095238096,Increasing,80.11034482758622,9.022819531326503
147_94,0.896551724137931,9.815925849920859e-12,0.8511904761904767,Increasing,83.06551724137931,8.592228881160839
147_95,0.7438423645320197,1.6405531599872347e-08,0.677884615384615,Increasing,87.61724137931033,6.242516566230887
147_96,0.8349753694581281,2.2943003052944277e-10,0.8599999999999999,Increasing,77.14827586206897,7.4629947159834344
147_97,0.9408866995073891,8.881784197001252e-13,1.0,Increasing,76.11034482758622,8.454476260928951
147_98,0.8645320197044335,5.192068996962007e-11,0.8885620915032681,Increasing,78.08965517241379,7.7005304263155265
147_99,0.9433497536945813,7.744915819785092e-13,1.0311740890688263,Increasing,78.69655172413792,8.824749005266117
