location,tau,p_value,slope,trend_class,mean_value,std_value
101_1,-0.008602150537634409,0.959334085947048,0.0,No significant trend,-0.13161290322580646,2.5577776351358708
101_10,-0.07956989247311828,0.5406231028187141,-0.030769230769230767,No significant trend,-0.34903225806451615,2.9007700366301066
101_100,-0.0967741935483871,0.45455525621868187,-0.05999999999999998,No significant trend,-1.4161290322580646,3.7101175334998397
101_1000,-0.17419354838709677,0.1739206495334844,-0.05249999999999999,No significant trend,0.4783870967741936,2.4636153564121237
101_1001,0.34623655913978496,0.006539518436156966,0.10647058823529412,Increasing,-0.604516129032258,1.634317138074606
101_1002,-0.017204301075268817,0.9052952265477159,-0.006666666666666672,No significant trend,-0.82,3.563589165705761
101_1003,-0.25591397849462366,0.0449013762794892,-0.10055555555555558,Decreasing,3.195483870967741,18.338656833129527
101_1004,-0.03655913978494624,0.7856661000859302,-0.02071428571428571,No significant trend,-0.47161290322580635,3.8003260443946743
101_1005,-0.13333333333333333,0.2998377295670276,-0.05833333333333333,No significant trend,-0.7074193548387097,2.5293196429869407
101_1006,-0.02795698924731183,0.8383870987564421,-0.008888888888888884,No significant trend,-0.20741935483870969,1.9262046381453053
101_1007,-0.2924731182795699,0.021760860424100192,-0.11400000000000002,Decreasing,1.5625806451612907,6.784265937300253
101_1008,-0.12473118279569892,0.33264709898406286,-0.04363636363636363,No significant trend,-0.864516129032258,2.3768030014715924
101_1009,-0.13118279569892474,0.30783043013369626,-0.026666666666666665,No significant trend,-0.3532258064516129,1.88308666837837
101_101,-0.2645161290322581,0.038119926564599727,-0.134375,Decreasing,0.3487096774193547,5.530741501903166
101_1010,-0.13548387096774195,0.29198463590975887,-0.04823529411764708,No significant trend,-1.1251612903225807,2.1441742089908558
101_1013,-0.0989247311827957,0.4443675620908478,-0.04800000000000004,No significant trend,-0.29774193548387085,3.6736776946774263
101_1014,0.08602150537634409,0.5074200543722851,0.07090909090909091,No significant trend,-2.0932258064516125,3.3655037365340044
101_1015,-0.2,0.11789500171022893,-0.09238095238095238,No significant trend,-0.6283870967741937,2.369942284276402
101_1016,-0.09247311827956989,0.47532023939393775,-0.023684210526315787,No significant trend,-0.7196774193548388,5.742926916944101
101_1017,-0.07526881720430108,0.5633463699559165,-0.033846153846153845,No significant trend,0.7116129032258064,3.3893639109903546
101_1018,-0.6,2.301109211844121e-06,-0.22999999999999998,Decreasing,-1.2125806451612904,4.54690179363
101_1019,-0.30752688172043013,0.015800509032550147,-0.1409090909090909,Decreasing,0.381935483870968,3.322178083975048
101_102,-0.15268817204301074,0.2341449862943059,-0.08052631578947367,No significant trend,0.20645161290322592,4.912157103447426
101_1020,-0.16344086021505377,0.2024043739887733,-0.07416666666666667,No significant trend,0.1858064516129032,3.198129265875396
101_1021,0.04086021505376344,0.7596537518193331,0.03333333333333334,No significant trend,0.014516129032258313,4.822921640765653
101_1022,-0.09462365591397849,0.46487326576717747,-0.03944444444444444,No significant trend,0.29645161290322586,2.4989011112462456
101_1023,-0.26881720430107525,0.035069438571895484,-0.08823529411764706,Decreasing,-0.6883870967741935,2.184839400275177
101_1024,-0.22365591397849463,0.08000950089470127,-0.1280000000000001,No significant trend,3.565806451612903,4.28414313651539
101_1025,0.03225806451612903,0.8119200006410021,0.016666666666666656,No significant trend,1.1309677419354838,3.6032022987075027
101_1026,-0.2924731182795699,0.021760860424100192,-0.08222222222222222,Decreasing,0.5916129032258064,3.842884582533311
101_1027,-0.034408602150537634,0.7987646104203716,-0.016250000000000004,No significant trend,-0.7699999999999999,2.3829434225005657
101_1028,-0.3333333333333333,0.008858992984779324,-0.35235294117647054,Decreasing,5.84,8.033760618628074
101_1029,-0.10752688172043011,0.4049437537873102,-0.03699999999999999,No significant trend,-0.7825806451612903,2.1242409919506438
101_103,-0.17849462365591398,0.16340634586373248,-0.0825,No significant trend,-1.0067741935483872,2.974766336279718
101_1030,-0.047311827956989246,0.721148135879736,-0.016153846153846154,No significant trend,-0.23290322580645165,1.8043695951207017
101_1031,-0.1827956989247312,0.1533785068859166,-0.07473684210526316,No significant trend,-0.17193548387096774,2.3479550736962014
101_1032,0.16774193548387098,0.19062782292334934,0.06200000000000001,No significant trend,-0.7877419354838711,2.7174082881250006
101_1033,-0.4752688172043011,0.00018459819815141998,-0.5473076923076923,Decreasing,4.3748387096774195,13.819242047971988
101_1034,-0.25591397849462366,0.0449013762794892,-0.05899999999999998,Decreasing,0.1980645161290323,1.9963489567527997
101_1035,-0.26881720430107525,0.035069438571895484,-0.08833333333333333,Decreasing,2.0632258064516127,3.6033133382385127
101_1036,-0.015053763440860216,0.9187737391879132,-0.012592592592592591,No significant trend,1.3438709677419354,2.6810935147740707
101_1037,0.002150537634408602,1.0,0.0,No significant trend,-0.362258064516129,2.102059987599598
101_1038,-0.07311827956989247,0.5748781452473757,-0.022222222222222216,No significant trend,-0.12419354838709679,2.0554581534547323
101_1039,-0.13978494623655913,0.2766963536434415,-0.09083333333333332,No significant trend,-1.9135483870967744,4.208502567489049
101_104,-0.0967741935483871,0.45455525621868187,-0.039999999999999994,No significant trend,-0.7622580645161291,2.1213761657538512
101_1040,-0.16989247311827957,0.18493228677225515,-0.04357142857142858,No significant trend,-0.5596774193548386,2.1800968961463365
101_1042,0.030107526881720432,0.8251287015820885,0.007199999999999997,No significant trend,-0.48870967741935484,1.7006047158536775
101_1043,-0.043010752688172046,0.7467467998855972,-0.007777777777777772,No significant trend,1.0119354838709678,1.8613529927393149
101_1044,0.15483870967741936,0.22753013024096425,0.03749999999999998,No significant trend,0.4861290322580644,4.023012574787589
101_1045,-0.35053763440860214,0.005897626336997419,-0.17,Decreasing,-0.3061290322580646,2.9978795489149146
101_1046,-0.03225806451612903,0.8119200006410021,-0.021250000000000005,No significant trend,-0.13838709677419359,3.554950293898857
101_1047,-0.017204301075268817,0.9052952265477159,-0.002857142857142857,No significant trend,-0.2035483870967742,2.0550983782857895
101_1048,-0.2172043010752688,0.08919834224618706,-0.15333333333333332,No significant trend,0.5158064516129033,5.933567046728544
101_1049,-0.10752688172043011,0.4049437537873102,-0.05428571428571427,No significant trend,4.529032258064516,4.835106400296194
101_105,-0.16989247311827957,0.18493228677225515,-0.07277777777777777,No significant trend,-0.026451612903225764,2.897648154677143
101_1050,-0.023655913978494623,0.8650383150743488,-0.012499999999999992,No significant trend,-0.7529032258064516,2.852274919505693
101_1051,-0.043010752688172046,0.7467467998855972,-0.023846153846153833,No significant trend,-0.6719354838709678,3.1355499793907002
101_1052,-0.05161290322580645,0.6958581513960522,-0.014705882352941176,No significant trend,-0.3496774193548387,2.2551982730528235
101_1054,-0.2645161290322581,0.038119926564599727,-0.09875000000000003,Decreasing,-1.253225806451613,3.301230842889316
101_1055,-0.060215053763440864,0.6463036389969625,-0.02947368421052632,No significant trend,-0.5367741935483871,2.523676768701256
101_1056,0.002150537634408602,1.0,0.0042857142857143,No significant trend,-2.381935483870967,5.55245857741435
101_1057,-0.053763440860215055,0.6833368087995224,-0.03142857142857143,No significant trend,-0.4148387096774193,2.6436434669669517
101_1058,-0.16129032258064516,0.20848766222654147,-0.05500000000000005,No significant trend,-0.07741935483870975,3.018435792027575
101_1059,-0.07096774193548387,0.5865203757130351,-0.028181818181818183,No significant trend,-0.3958064516129033,2.6358456734323283
101_106,0.034408602150537634,0.7987646104203716,0.016,No significant trend,-0.2225806451612903,2.248018436013737
101_1060,-0.030107526881720432,0.8251287015820885,-0.01181818181818181,No significant trend,-0.9232258064516129,3.27164789009352
101_1061,-0.24301075268817204,0.05696246823315332,-0.14833333333333334,No significant trend,-1.6706451612903224,3.3563910490420343
101_1063,-0.32688172043010755,0.010274278203273202,-0.09318181818181817,Decreasing,0.975806451612903,1.7495709597453266
101_1064,-0.015053763440860216,0.9187737391879132,-0.008260869565217408,No significant trend,-0.16064516129032252,2.810281739387468
101_1065,-0.09247311827956989,0.47532023939393775,-0.036551724137931035,No significant trend,-0.8716129032258066,2.445229848387757
101_1066,0.025806451612903226,0.8516915353162966,0.003999999999999981,No significant trend,-0.9316129032258063,2.4602387725377435
101_1067,0.03225806451612903,0.8119200006410021,0.0050000000000000044,No significant trend,-0.527741935483871,1.5450643784006883
101_1068,-0.17849462365591398,0.16340634586373248,-0.09,No significant trend,0.2177419354838709,5.646919062740729
101_1069,-0.25806451612903225,0.0431171263634158,-0.09545454545454547,Decreasing,0.7419354838709677,2.7498685239595497
101_107,-0.13978494623655913,0.2766963536434415,-0.09636363636363637,No significant trend,0.6993548387096775,3.369124453588337
101_1070,-0.08602150537634409,0.5074200543722851,-0.03150000000000001,No significant trend,0.012903225806451625,1.9904014727920647
101_1071,-0.05161290322580645,0.6958581513960522,-0.023478260869565216,No significant trend,-0.6906451612903225,2.153823210590086
101_1073,0.3913978494623656,0.002095506748773568,0.18434782608695652,Increasing,-1.6851612903225806,2.8779325811643623
101_1074,-0.25806451612903225,0.0431171263634158,-0.09000000000000001,Decreasing,-0.72,2.417219143374629
101_1075,-0.3655913978494624,0.004073741154636101,-0.19,Decreasing,0.08935483870967732,3.1134970852557324
101_1076,-0.04946236559139785,0.7084629632532715,-0.024347826086956525,No significant trend,-0.09838709677419358,3.227514870183074
101_1077,-0.2903225806451613,0.022755199240110047,-0.09363636363636364,Decreasing,-0.48741935483870974,2.1506202672296517
101_1078,0.06881720430107527,0.5982707245011594,0.01263157894736842,No significant trend,-1.1899999999999997,2.782754495216055
101_1079,0.04946236559139785,0.7084629632532715,0.045,No significant trend,3.2261290322580636,11.970499943050687
101_108,-0.02795698924731183,0.8383870987564421,-0.021333333333333353,No significant trend,-1.1158064516129034,3.0322298557370106
101_1081,-0.22795698924731184,0.07432236131839742,-0.1824,No significant trend,-0.5174193548387096,5.21622652371637
101_1082,0.1053763440860215,0.4145985082462331,0.041666666666666664,No significant trend,0.10225806451612902,2.3640447974542376
101_1083,-0.08602150537634409,0.5074200543722851,-0.03125,No significant trend,-0.07161290322580642,2.94243381461366
101_1084,-0.021505376344086023,0.8784237055808175,-0.0020000000000000018,No significant trend,-0.5158064516129032,2.6545855325522654
101_1085,-0.221505376344086,0.08298294959133434,-0.11416666666666665,No significant trend,-1.0512903225806454,2.8038760521308355
101_1086,-0.002150537634408602,1.0,-0.0033333333333333344,No significant trend,0.31258064516129047,5.657552741043596
101_1087,-0.22365591397849463,0.08000950089470127,-0.10800000000000001,No significant trend,0.8787096774193549,3.637245272699837
101_1088,-0.017204301075268817,0.9052952265477159,-0.0010526315789473693,No significant trend,-0.08258064516129036,2.8899368982305518
101_1089,-0.16129032258064516,0.20848766222654147,-0.1252173913043478,No significant trend,-0.4490322580645162,3.581119265328621
101_109,0.04086021505376344,0.7596537518193331,0.007058823529411764,No significant trend,0.13193548387096773,1.4183075314973779
101_1090,-0.2752688172043011,0.030885487177731763,-0.1553846153846154,Decreasing,1.2338709677419355,8.47120727863179
101_1091,-0.17204301075268819,0.17936364721043319,-0.06208333333333333,No significant trend,-1.2619354838709678,2.744016857085011
101_1092,-0.08602150537634409,0.5074200543722851,-0.056999999999999995,No significant trend,-1.6751612903225805,3.2436517363750164
101_1093,-0.06666666666666667,0.6101267703127584,-0.03642857142857143,No significant trend,0.22612903225806466,5.702304954121823
101_1094,-0.023655913978494623,0.8650383150743488,-0.0005000000000000004,No significant trend,-0.382258064516129,2.8518129035104165
101_1095,-0.15268817204301074,0.2341449862943059,-0.05499999999999999,No significant trend,-0.43,1.9204216606877538
101_1097,-0.21935483870967742,0.08604531406845561,-0.10300000000000001,No significant trend,0.12774193548387094,2.427763752227245
101_1099,0.034408602150537634,0.7987646104203716,0.006153846153846159,No significant trend,-1.4161290322580644,1.9670637646803466
101_11,-0.09462365591397849,0.46487326576717747,-0.03599999999999999,No significant trend,0.33741935483870966,2.477738260724415
101_110,-0.23225806451612904,0.06896994111977195,-0.09880000000000001,No significant trend,-0.7087096774193548,2.5224945946877524
101_1100,0.33978494623655914,0.007620496341621097,0.3563157894736842,Increasing,0.6290322580645157,9.137661645836868
101_1101,-0.16129032258064516,0.20848766222654147,-0.10208333333333335,No significant trend,3.359677419354838,4.6462169723341855
101_1102,0.08817204301075268,0.49659521437046883,0.02615384615384616,No significant trend,-0.5767741935483872,2.0392256390787074
101_1103,-0.30752688172043013,0.015800509032550147,-0.18000000000000002,Decreasing,0.13290322580645159,3.3414939613682617
101_1104,-0.09247311827956989,0.47532023939393775,-0.05399999999999998,No significant trend,-0.7941935483870968,5.281727951730135
101_1105,-0.11827956989247312,0.3587201702049656,-0.07214285714285715,No significant trend,0.6177419354838708,3.7908750455299973
101_1106,-0.11827956989247312,0.3587201702049656,-0.06181818181818182,No significant trend,0.5658064516129033,3.718742220761545
101_1107,-0.25591397849462366,0.0449013762794892,-0.10545454545454545,Decreasing,0.34258064516129033,2.278287369993204
101_1108,-0.02795698924731183,0.8383870987564421,-0.011428571428571439,No significant trend,-0.6996774193548387,3.6095147416426046
101_1109,-0.23440860215053763,0.06641490832840091,-0.09375000000000003,No significant trend,0.07225806451612908,2.6719797054442482
101_111,-0.07096774193548387,0.5865203757130351,-0.0331818181818182,No significant trend,-0.3929032258064515,3.8075571658584346
101_1110,-0.05591397849462366,0.6709019753135215,-0.03399999999999999,No significant trend,-1.4312903225806453,2.8905304144746724
101_1111,-0.16344086021505377,0.2024043739887733,-0.11421052631578947,No significant trend,-1.146774193548387,4.812298349086885
101_1112,-0.07526881720430108,0.5633463699559165,-0.02666666666666666,No significant trend,-0.8454838709677418,2.100683204854842
101_1113,-0.14408602150537633,0.2619630008374654,-0.047692307692307694,No significant trend,-1.008387096774194,2.860257259774297
101_1114,-0.021505376344086023,0.8784237055808175,-0.015652173913043483,No significant trend,-0.4735483870967744,2.7890772533363153
101_1115,-0.2064516129032258,0.10638442840594231,-0.10166666666666668,No significant trend,-1.123225806451613,3.15572330760679
101_1116,-0.05161290322580645,0.6958581513960522,-0.016521739130434778,No significant trend,0.5629032258064517,4.182663292262625
101_1117,-0.17204301075268819,0.17936364721043319,-0.058333333333333334,No significant trend,0.41161290322580646,2.278999634494718
101_1118,-0.12258064516129032,0.34119875170636194,-0.03578947368421054,No significant trend,-1.0129032258064516,1.5416919769931599
101_1119,-0.04086021505376344,0.7596537518193331,-0.008888888888888847,No significant trend,0.2219354838709678,2.6705592254213033
101_112,0.030107526881720432,0.8251287015820885,0.009500000000000003,No significant trend,0.2912903225806451,3.644252869962364
101_1120,-0.0967741935483871,0.45455525621868187,-0.03142857142857144,No significant trend,0.5274193548387097,1.683009914566345
101_1121,-0.17204301075268819,0.17936364721043319,-0.079,No significant trend,-0.4980645161290323,5.300175541435512
101_1122,-0.210752688172043,0.09921885768990202,-0.10250000000000004,No significant trend,-0.43645161290322576,2.9039611971848838
101_1123,-0.05161290322580645,0.6958581513960522,-0.019444444444444448,No significant trend,0.2880645161290322,3.3182860124398257
101_1124,0.034408602150537634,0.7987646104203716,0.012500000000000011,No significant trend,0.09064516129032257,2.6668876816145737
101_1125,-0.27956989247311825,0.028340697604201104,-0.18866666666666668,Decreasing,2.683548387096774,6.323714480295885
101_1126,-0.2903225806451613,0.022755199240110047,-0.126,Decreasing,-0.11999999999999991,2.290078178690878
101_1127,-0.11827956989247312,0.3587201702049656,-0.052307692307692305,No significant trend,-0.18387096774193548,2.7575675085110496
101_1128,-0.15268817204301074,0.2341449862943059,-0.06375,No significant trend,1.2835483870967739,2.8229789212096805
101_1129,-0.16559139784946236,0.19645146482180031,-0.026956521739130435,No significant trend,-0.8770967741935484,2.1764993994476645
101_113,-0.1053763440860215,0.4145985082462331,-0.08461538461538462,No significant trend,-0.987741935483871,4.490480044513827
101_1130,-0.18924731182795698,0.13922364714154067,-0.055555555555555546,No significant trend,2.984193548387097,1.931240240302803
101_1131,-0.35053763440860214,0.005897626336997419,-0.15833333333333335,Decreasing,8.635806451612904,3.459744325994148
101_1132,-0.2709677419354839,0.033624002608237724,-0.1040909090909091,Decreasing,0.14935483870967745,2.382902723616414
101_1133,0.01935483870967742,0.8918439412522505,0.0038461538461538494,No significant trend,-1.477741935483871,2.2841751665463885
101_1134,0.06666666666666667,0.6101267703127584,0.038181818181818185,No significant trend,0.22516129032258067,3.210391264434855
101_1135,-0.2129032258064516,0.09578337281012361,-0.0635,No significant trend,-0.5180645161290324,2.164822006174714
101_1136,-0.12903225806451613,0.3159628698783248,-0.05571428571428571,No significant trend,4.627741935483871,4.086612059756968
101_1137,-0.16129032258064516,0.20848766222654147,-0.0691304347826087,No significant trend,-0.3109677419354839,2.2738149764979814
101_1138,0.05161290322580645,0.6958581513960522,0.036250000000000004,No significant trend,-0.7212903225806452,2.9229721307263814
101_1139,-0.34408602150537637,0.006883461529839208,-0.11960000000000001,Decreasing,1.5812903225806454,7.6657161952866835
101_114,-0.14408602150537633,0.2619630008374654,-0.045,No significant trend,-0.9148387096774194,2.93249521735192
101_1140,-0.18064516129032257,0.158332321603736,-0.09571428571428571,No significant trend,-0.19419354838709682,2.711804272832375
101_1141,0.22795698924731184,0.07432236131839742,0.0866666666666667,No significant trend,-1.526774193548387,1.9706628770081145
101_1142,-0.053763440860215055,0.6833368087995224,-0.03307692307692309,No significant trend,-1.2793548387096776,2.770568749673997
101_1143,-0.12258064516129032,0.34119875170636194,-0.06277777777777777,No significant trend,0.5693548387096775,5.490964387641533
101_1144,-0.1913978494623656,0.13473584102323688,-0.06200000000000001,No significant trend,-0.8109677419354838,2.3033556934551647
101_1145,-0.26021505376344084,0.04139316901026291,-0.11076923076923076,Decreasing,0.36806451612903246,2.708723564832037
101_1146,-0.11397849462365592,0.3767967991819643,-0.06230769230769233,No significant trend,0.2835483870967743,5.132406558951499
101_1147,-0.16559139784946236,0.19645146482180031,-0.088,No significant trend,0.4632258064516129,5.178665531866962
101_1148,-0.06236559139784946,0.6341458536966633,-0.026521739130434777,No significant trend,0.16161290322580638,1.841100822131385
101_1149,0.12258064516129032,0.34119875170636194,0.06100000000000003,No significant trend,-1.056774193548387,3.1405807836591095
101_115,0.16774193548387098,0.19062782292334934,0.11125000000000002,No significant trend,0.2851612903225806,4.638297011569421
101_1150,0.002150537634408602,1.0,0.0,No significant trend,-1.050967741935484,2.724351778288304
101_1151,-0.11827956989247312,0.3587201702049656,-0.043888888888888894,No significant trend,-0.6516129032258063,3.023620023036042
101_1152,-0.06236559139784946,0.6341458536966633,-0.032727272727272716,No significant trend,0.22516129032258062,2.349789106484489
101_1153,-0.1956989247311828,0.12609656894220533,-0.14600000000000005,No significant trend,0.10096774193548366,3.7985934195042974
101_1154,-0.5204301075268817,4.201023062511133e-05,-0.39799999999999985,Decreasing,3.9616129032258063,6.018173067963612
101_1155,-0.16559139784946236,0.19645146482180031,-0.08583333333333336,No significant trend,0.5425806451612905,2.7922657787145244
101_1156,-0.021505376344086023,0.8784237055808175,-0.0029629629629629654,No significant trend,-0.9022580645161291,2.1470169999137956
101_1158,-0.11612903225806452,0.3676892969544798,-0.057499999999999996,No significant trend,-0.37580645161290316,2.45462272798338
101_1159,-0.07311827956989247,0.5748781452473757,-0.02416666666666667,No significant trend,-0.9087096774193549,2.1706929797847954
101_116,-0.11827956989247312,0.3587201702049656,-0.06103448275862069,No significant trend,-1.0925806451612903,3.6376126234571853
101_1160,-0.004301075268817204,0.9864394742066862,0.0,No significant trend,0.5948387096774194,5.554379191214072
101_1161,-0.28817204301075267,0.023788782312269774,-0.10916666666666668,Decreasing,-0.5370967741935483,2.305888945579217
101_1162,-0.08387096774193549,0.5183675363290698,-0.03789473684210527,No significant trend,-1.3090322580645164,2.8719065880652037
101_1163,-0.10967741935483871,0.3954246967469044,-0.04142857142857143,No significant trend,-0.11161290322580644,1.8671335573878558
101_1164,-0.2172043010752688,0.08919834224618706,-0.09050000000000001,No significant trend,-1.2012903225806453,2.504350719970353
101_1165,-0.24731182795698925,0.05267307614212502,-0.08285714285714284,No significant trend,-0.18806451612903227,1.8308475374850548
101_1166,-0.09032258064516129,0.4858947339033992,-0.035199999999999995,No significant trend,1.4732258064516133,3.640922771280765
101_1167,0.05161290322580645,0.6958581513960522,0.019999999999999997,No significant trend,-0.2090322580645161,4.067579414010499
101_1168,0.002150537634408602,1.0,0.0,No significant trend,-0.3038709677419355,2.5192608714044256
101_1169,-0.15698924731182795,0.22104956212356597,-0.06222222222222223,No significant trend,0.3122580645161289,2.79220194028623
101_117,0.002150537634408602,1.0,0.0,No significant trend,-0.8019354838709678,4.7934265603413655
101_1170,0.05806451612903226,0.6585566199856316,0.015,No significant trend,-0.6261290322580644,1.534259677350684
101_1172,-0.16774193548387098,0.19062782292334934,-0.11799999999999997,No significant trend,2.6267741935483873,5.839504169791426
101_1173,-0.15268817204301074,0.2341449862943059,-0.06545454545454545,No significant trend,0.6170967741935484,8.660664205158039
101_1174,-0.15053763440860216,0.2408949627928283,-0.11352941176470588,No significant trend,0.31258064516129036,4.260878273648662
101_1176,-0.15913978494623657,0.21470238954837217,-0.075,No significant trend,-0.6264516129032257,2.7881911680503855
101_1177,-0.2623655913978495,0.03972794794507628,-0.09545454545454546,Decreasing,0.9541935483870965,5.906346381261621
101_1179,-0.34408602150537637,0.006883461529839208,-0.1993103448275862,Decreasing,1.3470967741935485,5.65454153388024
101_118,0.004301075268817204,0.9864394742066862,0.003333333333333336,No significant trend,-0.7912903225806451,3.140414747558122
101_1180,0.015053763440860216,0.9187737391879132,0.009999999999999934,No significant trend,0.773225806451613,3.9134115033015293
101_1181,0.03655913978494624,0.7856661000859302,0.011724137931034478,No significant trend,-0.6383870967741935,2.5196506372961816
101_1182,-0.09462365591397849,0.46487326576717747,-0.055625,No significant trend,0.014516129032257956,3.991480312922705
101_1183,-0.05806451612903226,0.6585566199856316,-0.028181818181818176,No significant trend,-0.15548387096774194,1.91293363409438
101_1184,-0.20430107526881722,0.1101179540129047,-0.0896153846153846,No significant trend,-0.1709677419354836,4.183187050824433
101_1185,-0.07096774193548387,0.5865203757130351,-0.03142857142857143,No significant trend,-0.6703225806451613,2.4212266737377455
101_1186,-0.15268817204301074,0.2341449862943059,-0.10999999999999999,No significant trend,2.8603225806451618,12.604509301621045
101_1187,-0.15913978494623657,0.21470238954837217,-0.06166666666666666,No significant trend,0.2893548387096774,4.6599258858040065
101_1188,-0.06881720430107527,0.5982707245011594,-0.026666666666666665,No significant trend,-1.183225806451613,2.4157312218266793
101_1189,0.03225806451612903,0.8119200006410021,0.01571428571428573,No significant trend,0.19064516129032258,2.7717863524750443
101_119,-0.10752688172043011,0.4049437537873102,-0.050555555555555555,No significant trend,-0.8093548387096773,3.023953762536798
101_1190,0.1010752688172043,0.43431144285625,0.031,No significant trend,-0.5535483870967743,2.2386697495742176
101_1191,-0.0989247311827957,0.4443675620908478,-0.04749999999999999,No significant trend,-1.686774193548387,2.6092915700240447
101_1192,-0.18924731182795698,0.13922364714154067,-0.045714285714285714,No significant trend,-0.1303225806451614,6.392718884375521
101_1193,0.2924731182795699,0.021760860424100192,0.1625,Increasing,0.8296774193548386,4.058512745131317
101_1194,-0.04516129032258064,0.7339104943970112,-0.023999999999999976,No significant trend,-0.4780645161290323,2.2770912676041246
101_1195,-0.25591397849462366,0.0449013762794892,-0.09869565217391305,Decreasing,1.6741935483870964,3.019478457629299
101_1196,0.12903225806451613,0.3159628698783248,0.041999999999999996,No significant trend,-1.2216129032258065,2.13471021947332
101_1197,-0.025806451612903226,0.8516915353162966,-0.002631578947368412,No significant trend,-0.2625806451612903,1.8536989485575737
101_1198,-0.14838709677419354,0.24778083040054266,-0.09481481481481481,No significant trend,0.20419354838709688,3.882252234741056
101_1199,-0.021505376344086023,0.8784237055808175,-0.005000000000000017,No significant trend,1.1693548387096773,7.178375652132016
101_12,0.010752688172043012,0.9457970432721066,0.0030434782608695678,No significant trend,-0.7216129032258066,3.0611573783974877
101_120,-0.11612903225806452,0.3676892969544798,-0.07947368421052632,No significant trend,-0.7135483870967744,4.309774747790301
101_1200,0.002150537634408602,1.0,0.0050000000000000044,No significant trend,0.8270967741935484,3.0138264110256987
101_1201,-0.25806451612903225,0.0431171263634158,-0.09533333333333334,Decreasing,0.25258064516129025,4.053742967918412
101_1202,-0.06666666666666667,0.6101267703127584,-0.03166666666666667,No significant trend,3.898709677419355,8.915172909847962
101_1204,0.02795698924731183,0.8383870987564421,0.016428571428571428,No significant trend,1.2470967741935486,2.3984244741864797
101_1206,-0.37849462365591396,0.002935879872567604,-0.23307692307692307,Decreasing,1.0090322580645164,5.104533314006103
101_1207,-0.0989247311827957,0.4443675620908478,-0.024285714285714275,No significant trend,1.5006451612903224,8.46923919174519
101_121,-0.12688172043010754,0.3242351019547285,-0.08937500000000004,No significant trend,-2.49741935483871,5.2118883753438885
101_122,-0.24516129032258063,0.05478277122914399,-0.13750000000000007,No significant trend,-0.8454838709677418,3.352725264818571
101_123,-0.02795698924731183,0.8383870987564421,-0.01200000000000001,No significant trend,-0.494516129032258,5.203220986738564
101_124,-0.017204301075268817,0.9052952265477159,-0.00785714285714288,No significant trend,-1.0670967741935484,2.303187403673702
101_125,-0.16344086021505377,0.2024043739887733,-0.09111111111111111,No significant trend,-1.2964516129032257,2.868096534555568
101_126,-0.14838709677419354,0.24778083040054266,-0.1059090909090909,No significant trend,-1.4432258064516128,4.177574838307101
101_127,0.43655913978494626,0.000596334223081918,0.43238095238095237,Increasing,5.507741935483871,8.073023461155705
101_128,-0.2967741935483871,0.019885085312989492,-0.1436,Decreasing,1.9925806451612902,6.84980949475707
101_129,-0.017204301075268817,0.9052952265477159,-0.018333333333333313,No significant trend,0.27870967741935476,5.0312063210273
101_13,-0.4752688172043011,0.00018459819815141998,-0.32476190476190475,Decreasing,-1.8858064516129032,5.596403092651766
101_130,-0.053763440860215055,0.6833368087995224,-0.03959999999999999,No significant trend,-1.6738709677419357,2.5608726806650273
101_131,-0.008602150537634409,0.959334085947048,-0.006923076923076912,No significant trend,0.07322580645161278,3.8278903371024637
101_132,-0.05591397849462366,0.6709019753135215,-0.030769230769230778,No significant trend,-0.0058064516129033026,3.6773375486090463
101_133,0.12688172043010754,0.3242351019547285,0.05785714285714283,No significant trend,-1.6822580645161291,2.9508792671899906
101_134,0.012903225806451613,0.9322756334126572,0.005,No significant trend,-0.3390322580645161,3.0293088265644617
101_135,-0.11827956989247312,0.3587201702049656,-0.08166666666666667,No significant trend,-0.19999999999999998,3.2310809137141314
101_136,-0.07526881720430108,0.5633463699559165,-0.013333333333333345,No significant trend,0.5438709677419356,2.9195234668817545
101_137,-0.06236559139784946,0.6341458536966633,-0.04454545454545453,No significant trend,-0.5625806451612902,4.691543502627333
101_138,0.03655913978494624,0.7856661000859302,0.0115,No significant trend,-0.07935483870967744,2.8104355482493606
101_139,-0.18064516129032257,0.158332321603736,-0.07750000000000001,No significant trend,-0.9790322580645161,2.7308965263570673
101_14,-0.0967741935483871,0.45455525621868187,-0.04476190476190477,No significant trend,1.0493548387096772,2.444521109488452
101_140,-0.18924731182795698,0.13922364714154067,-0.11173913043478262,No significant trend,3.8087096774193556,3.6548348375687714
101_141,-0.22365591397849463,0.08000950089470127,-0.08562499999999998,No significant trend,-0.8974193548387097,2.1911448881613724
101_142,-0.12258064516129032,0.34119875170636194,-0.041999999999999996,No significant trend,-0.725483870967742,2.510786843266568
101_143,-0.0967741935483871,0.45455525621868187,-0.06789473684210524,No significant trend,-1.3525806451612907,2.886955051486394
101_144,-0.025806451612903226,0.8516915353162966,-0.003333333333333336,No significant trend,-2.451290322580646,3.5595539245134704
101_145,-0.13978494623655913,0.2766963536434415,-0.10812500000000003,No significant trend,-0.5554838709677419,4.272597486541169
101_146,-0.16989247311827957,0.18493228677225515,-0.10727272727272727,No significant trend,-1.9125806451612906,3.9053404029420014
101_147,-0.221505376344086,0.08298294959133434,-0.05117647058823529,No significant trend,-0.8283870967741936,1.7986573787926148
101_148,0.034408602150537634,0.7987646104203716,0.02090909090909091,No significant trend,-1.2432258064516128,3.0879332132765773
101_149,-0.11397849462365592,0.3767967991819643,-0.036,No significant trend,-0.9841935483870969,1.8863170707946424
101_15,-0.03225806451612903,0.8119200006410021,-0.021111111111111105,No significant trend,-0.16935483870967752,3.2892090778727425
101_150,-0.010752688172043012,0.9457970432721066,-0.008333333333333331,No significant trend,-0.8806451612903227,3.856557829651246
101_151,-0.0989247311827957,0.4443675620908478,-0.06200000000000001,No significant trend,0.1612903225806451,3.9213803872513124
101_152,0.44731182795698926,0.0004343893018272649,0.33100000000000007,Increasing,0.3216129032258063,6.166582729505339
101_153,-0.12258064516129032,0.34119875170636194,-0.07,No significant trend,-1.721290322580645,4.219135931975527
101_154,-0.42795698924731185,0.0007646309234956572,-0.24916666666666668,Decreasing,0.26193548387096777,3.4186258504719538
101_155,-0.15698924731182795,0.22104956212356597,-0.065,No significant trend,-1.5693548387096774,2.4702708947490613
101_156,0.021505376344086023,0.8784237055808175,0.025263157894736866,No significant trend,-1.076774193548387,8.226096705821515
101_157,-0.02795698924731183,0.8383870987564421,-0.02708333333333333,No significant trend,-0.1812903225806452,5.03656612535442
101_158,0.09462365591397849,0.46487326576717747,0.06999999999999999,No significant trend,-1.6254838709677424,3.485613602398253
101_159,-0.09247311827956989,0.47532023939393775,-0.06699999999999999,No significant trend,-1.3577419354838711,3.6612431430809873
101_16,-0.14408602150537633,0.2619630008374654,-0.048,No significant trend,-0.7209677419354839,2.0336862365263815
101_160,0.010752688172043012,0.9457970432721066,0.011874999999999997,No significant trend,-1.554838709677419,3.0271884869092234
101_161,-0.3720430107526882,0.0034624952577932966,-0.1395,Decreasing,-0.9296774193548386,2.6526292299199294
101_162,-0.13978494623655913,0.2766963536434415,-0.05500000000000005,No significant trend,-1.4606451612903228,2.192622432648632
101_163,0.16129032258064516,0.20848766222654147,0.11333333333333336,No significant trend,-1.3699999999999999,4.0419142702118185
101_164,0.03655913978494624,0.7856661000859302,0.019285714285714288,No significant trend,-0.9783870967741936,3.179091061795548
101_165,-0.22580645161290322,0.07712322019197049,-0.10772727272727273,No significant trend,-0.25354838709677424,3.1428860256521127
101_166,-0.16129032258064516,0.20848766222654147,-0.07478260869565216,No significant trend,-0.4793548387096773,3.0573570026791814
101_167,-0.2946236559139785,0.020804552083621086,-0.11407407407407408,Decreasing,-2.6364516129032256,2.8901764075940983
101_168,-0.26881720430107525,0.035069438571895484,-0.08636363636363636,Decreasing,-0.834516129032258,2.8077885210200773
101_169,-0.210752688172043,0.09921885768990202,-0.07249999999999998,No significant trend,-0.6212903225806452,1.8237744306183579
101_17,-0.18924731182795698,0.13922364714154067,-0.07142857142857142,No significant trend,-0.13419354838709677,2.4120153187786544
101_170,0.021505376344086023,0.8784237055808175,0.00714285714285715,No significant trend,-1.5554838709677419,3.180124605704055
101_171,-0.004301075268817204,0.9864394742066862,-0.0027272727272727297,No significant trend,-1.9999999999999998,3.108344648138765
101_172,0.01935483870967742,0.8918439412522505,0.01263157894736842,No significant trend,-1.461935483870968,3.448133126831648
101_173,0.0064516129032258064,0.9728828650934778,0.006999999999999939,No significant trend,10.558387096774192,10.11432299546577
101_174,-0.14193548387096774,0.26926051859260536,-0.04538461538461539,No significant trend,-0.8870967741935485,4.553769933092578
101_175,-0.07311827956989247,0.5748781452473757,-0.016428571428571428,No significant trend,-0.13806451612903228,2.6758627422183876
101_176,-0.015053763440860216,0.9187737391879132,-0.009999999999999998,No significant trend,-1.464516129032258,1.8432297018035546
101_177,-0.12903225806451613,0.3159628698783248,-0.060416666666666674,No significant trend,-0.427741935483871,2.7064674150794015
101_178,-0.12688172043010754,0.3242351019547285,-0.07136363636363635,No significant trend,-1.532258064516129,4.088066590643031
101_179,-0.12903225806451613,0.3159628698783248,-0.07347826086956522,No significant trend,-1.2483870967741937,3.80396066664495
101_18,-0.047311827956989246,0.721148135879736,-0.017647058823529415,No significant trend,-0.7361290322580645,2.44894009650173
101_180,-0.28817204301075267,0.023788782312269774,-0.16642857142857143,Decreasing,-0.5612903225806453,5.250414264414843
101_181,-0.25161290322580643,0.04865707312578982,-0.1711111111111112,Decreasing,6.442258064516129,14.496140022306141
101_182,-0.01935483870967742,0.8918439412522505,-0.013125000000000026,No significant trend,-0.7035483870967744,3.7345903159923513
101_183,-0.08817204301075268,0.49659521437046883,-0.053913043478260876,No significant trend,-0.7270967741935483,3.506008845238817
101_184,-0.13978494623655913,0.2766963536434415,-0.09,No significant trend,-0.6712903225806452,3.1291416342706038
101_185,-0.1978494623655914,0.12194188920122184,-0.09821428571428571,No significant trend,-1.3212903225806452,2.8480573367002555
101_186,-0.17204301075268819,0.17936364721043319,-0.08,No significant trend,-0.8574193548387096,3.487955282102678
101_187,0.025806451612903226,0.8516915353162966,0.00333333333333333,No significant trend,-0.4438709677419355,4.659905632035879
101_188,-0.01935483870967742,0.8918439412522505,-0.015555555555555555,No significant trend,-0.414516129032258,2.057008223217646
101_189,-0.08817204301075268,0.49659521437046883,-0.034285714285714294,No significant trend,-0.40451612903225814,2.3220483709080284
101_19,0.17419354838709677,0.1739206495334844,0.11499999999999999,No significant trend,3.1803225806451616,6.975897437407753
101_191,0.15268817204301074,0.2341449862943059,0.054761904761904755,No significant trend,-0.2822580645161291,2.336416762532193
101_192,-0.06236559139784946,0.6341458536966633,-0.022666666666666665,No significant trend,-0.38322580645161286,2.032077257701958
101_193,-0.1053763440860215,0.4145985082462331,-0.06647058823529414,No significant trend,-1.651935483870968,5.2309768528017155
101_194,-0.03870967741935484,0.7726279905852822,-0.012142857142857153,No significant trend,-0.2209677419354839,1.9809387719751097
101_195,-0.10752688172043011,0.4049437537873102,-0.04799999999999986,No significant trend,7.0041935483870965,2.696856921095667
101_196,0.15913978494623657,0.21470238954837217,0.10600000000000001,No significant trend,-1.4425806451612904,3.9139312534074464
101_197,-0.12258064516129032,0.34119875170636194,-0.040624999999999994,No significant trend,-2.5161290322580645,3.2253078646945244
101_198,-0.04086021505376344,0.7596537518193331,-0.019375000000000003,No significant trend,-1.0006451612903227,4.165081368901856
101_199,-0.11827956989247312,0.3587201702049656,-0.08307692307692308,No significant trend,-0.027741935483870894,4.002257193519692
101_2,0.015053763440860216,0.9187737391879132,0.0040000000000000036,No significant trend,-0.2941935483870967,2.1083195788138926
101_20,-0.24516129032258063,0.05478277122914399,-0.2925,No significant trend,-7.339677419354839,9.710912213843455
101_200,0.07096774193548387,0.5865203757130351,0.043478260869565216,No significant trend,-0.32677419354838716,4.494663780239691
101_201,0.043010752688172046,0.7467467998855972,0.015238095238095252,No significant trend,-0.3141935483870967,2.7512352348313898
101_202,-0.1870967741935484,0.14382566910763628,-0.06999999999999998,No significant trend,0.12129032258064508,2.352986766253566
101_203,-0.12688172043010754,0.3242351019547285,-0.038571428571428576,No significant trend,-0.1209677419354839,1.9662004538616782
101_204,0.017204301075268817,0.9052952265477159,0.006666666666666672,No significant trend,-0.5432258064516129,2.01462937774088
101_205,-0.2989247311827957,0.019001296136927026,-0.16299999999999998,Decreasing,-0.21677419354838706,2.6402485062618437
101_206,0.04086021505376344,0.7596537518193331,0.023076923076923064,No significant trend,0.3151612903225805,2.5995270921876714
101_207,-0.21935483870967742,0.08604531406845561,-0.08352941176470588,No significant trend,-0.7329032258064516,2.016336815099372
101_208,-0.10967741935483871,0.3954246967469044,-0.03217391304347826,No significant trend,-0.1390322580645161,2.0737862440608943
101_209,-0.1935483870967742,0.1303606801133712,-0.06666666666666665,No significant trend,0.017096774193548395,1.951550572185114
101_21,0.09247311827956989,0.47532023939393775,0.03923076923076922,No significant trend,-0.9603225806451612,2.0954212508520507
101_210,0.07956989247311828,0.5406231028187141,0.03,No significant trend,-0.44161290322580643,2.583330054936212
101_211,-0.053763440860215055,0.6833368087995224,-0.0190909090909091,No significant trend,-0.2019354838709677,2.217745759527495
101_212,-0.15268817204301074,0.2341449862943059,-0.09769230769230769,No significant trend,-0.39999999999999986,4.144848337627745
101_213,0.04946236559139785,0.7084629632532715,0.03812499999999999,No significant trend,-0.8670967741935485,2.7469715800500185
101_214,0.07526881720430108,0.5633463699559165,0.04499999999999993,No significant trend,-0.36032258064516115,3.384446858956869
101_215,-0.034408602150537634,0.7987646104203716,-0.019999999999999997,No significant trend,-0.7419354838709679,3.462698387799597
101_216,0.023655913978494623,0.8650383150743488,0.011428571428571408,No significant trend,-1.2529032258064514,3.2971015556173136
101_217,-0.03225806451612903,0.8119200006410021,-0.015000000000000013,No significant trend,-0.8893548387096775,2.6050978998183307
101_218,-0.010752688172043012,0.9457970432721066,-0.009285714285714277,No significant trend,-0.8293548387096773,3.690136753724212
101_219,-0.03225806451612903,0.8119200006410021,-0.009583333333333333,No significant trend,2.1051612903225814,11.605192628376635
101_22,-0.16989247311827957,0.18493228677225515,-0.05181818181818181,No significant trend,-0.687741935483871,2.1165594566188553
101_220,-0.04516129032258064,0.7339104943970112,-0.018947368421052633,No significant trend,0.31387096774193546,2.3874127951232937
101_221,-0.017204301075268817,0.9052952265477159,-0.014374999999999999,No significant trend,-1.4545161290322581,3.7848030917457574
101_222,-0.060215053763440864,0.6463036389969625,-0.031481481481481485,No significant trend,-0.8612903225806451,2.6609708899202795
101_223,-0.10752688172043011,0.4049437537873102,-0.06818181818181818,No significant trend,-0.5399999999999999,3.115268331009955
101_224,-0.03225806451612903,0.8119200006410021,-0.01285714285714286,No significant trend,-1.2167741935483873,3.6010611223743427
101_225,-0.04516129032258064,0.7339104943970112,-0.030714285714285725,No significant trend,0.007096774193548465,3.682329376331787
101_226,0.2086021505376344,0.10275196797700414,0.21894736842105264,No significant trend,-2.51741935483871,8.476523164197323
101_227,-0.11397849462365592,0.3767967991819643,-0.06400000000000002,No significant trend,-0.9783870967741933,3.8430801631606215
101_228,-0.1870967741935484,0.14382566910763628,-0.05482758620689656,No significant trend,-0.15645161290322587,2.206061368998542
101_229,-0.002150537634408602,1.0,0.0,No significant trend,-0.9519354838709678,2.974692631836471
101_23,-0.18924731182795698,0.13922364714154067,-0.0625,No significant trend,-0.5961290322580646,2.2172413511291746
101_230,-0.25161290322580643,0.04865707312578982,-0.12333333333333332,Decreasing,5.0919354838709685,3.4876985843378883
101_231,0.017204301075268817,0.9052952265477159,0.006296296296296294,No significant trend,0.2235483870967742,3.920482646708509
101_232,-0.1032258064516129,0.42438806620665614,-0.03959999999999999,No significant trend,-0.3235483870967742,2.1227683513433915
101_233,-0.09247311827956989,0.47532023939393775,-0.04772727272727272,No significant trend,-0.24548387096774196,2.5442583540828747
101_234,-0.23225806451612904,0.06896994111977195,-0.10000000000000003,No significant trend,-0.8306451612903225,2.7022260065025137
101_235,0.07311827956989247,0.5748781452473757,0.04416666666666669,No significant trend,-1.0499999999999998,2.7094946558948183
101_236,0.060215053763440864,0.6463036389969625,0.052000000000000005,No significant trend,-0.30032258064516126,4.072146524291159
101_237,-0.18064516129032257,0.158332321603736,-0.08500000000000003,No significant trend,-0.07870967741935482,2.30902820214337
101_238,-0.15483870967741936,0.22753013024096425,-0.09249999999999999,No significant trend,0.0061290322580645285,2.5997315958474347
101_239,-0.2172043010752688,0.08919834224618706,-0.06875000000000003,No significant trend,-0.834516129032258,1.7033171407573866
101_24,-0.13763440860215054,0.28427093926275426,-0.04555555555555555,No significant trend,0.10516129032258072,2.318522709535232
101_240,0.12258064516129032,0.34119875170636194,0.06347826086956522,No significant trend,0.9183870967741935,3.439292966326161
101_241,0.08387096774193549,0.5183675363290698,0.06666666666666667,No significant trend,-0.8251612903225807,3.4381980191877726
101_242,0.05806451612903226,0.6585566199856316,0.019999999999999993,No significant trend,-0.389032258064516,2.2041095851784562
101_243,-0.01935483870967742,0.8918439412522505,-0.010740740740740742,No significant trend,0.2806451612903226,2.6094925170749455
101_244,0.01935483870967742,0.8918439412522505,0.0050000000000000044,No significant trend,-0.10903225806451611,1.7842236132797995
101_245,0.25591397849462366,0.0449013762794892,0.11249999999999999,Increasing,1.2567741935483872,5.465376879308728
101_246,-0.11182795698924732,0.3860421406420662,-0.027500000000000024,No significant trend,-0.3267741935483871,2.012381652856481
101_247,-0.14408602150537633,0.2619630008374654,-0.08,No significant trend,-1.1806451612903226,3.115275512575217
101_248,-0.08602150537634409,0.5074200543722851,-0.028749999999999998,No significant trend,-1.1977419354838708,2.5969705796306632
101_249,-0.043010752688172046,0.7467467998855972,-0.007999999999999997,No significant trend,-0.27548387096774196,2.8141048410092093
101_25,-0.1935483870967742,0.1303606801133712,-0.08071428571428571,No significant trend,-0.28709677419354834,2.2999553902383343
101_250,-0.13763440860215054,0.28427093926275426,-0.07571428571428572,No significant trend,-0.2796774193548387,3.68383433121153
101_251,-0.34623655913978496,0.006539518436156966,-0.10363636363636365,Decreasing,-0.5351612903225806,1.7948058947395633
101_252,-0.025806451612903226,0.8516915353162966,-0.006666666666666672,No significant trend,-0.9809677419354839,2.125229937978947
101_253,-0.16989247311827957,0.18493228677225515,-0.09142857142857143,No significant trend,-0.7064516129032258,3.5395320889842226
101_254,-0.12258064516129032,0.34119875170636194,-0.056428571428571425,No significant trend,-0.2180645161290323,2.7556211399256996
101_255,-0.221505376344086,0.08298294959133434,-0.10500000000000001,No significant trend,-0.8725806451612902,2.957301481071548
101_256,-0.07311827956989247,0.5748781452473757,-0.025454545454545455,No significant trend,-0.35387096774193555,1.7154810806853529
101_257,0.017204301075268817,0.9052952265477159,0.0016666666666666635,No significant trend,-0.5241935483870969,2.062184520065333
101_258,-0.08387096774193549,0.5183675363290698,-0.037058823529411755,No significant trend,-0.7496774193548388,2.9322527768858246
101_259,-0.12258064516129032,0.34119875170636194,-0.09000000000000001,No significant trend,-0.5141935483870969,3.5884957529570296
101_26,-0.08172043010752689,0.5294358519548577,-0.021052631578947368,No significant trend,-0.9148387096774194,2.4254016906653226
101_260,-0.1870967741935484,0.14382566910763628,-0.05999999999999999,No significant trend,-0.6070967741935483,2.1631222857001915
101_261,-0.053763440860215055,0.6833368087995224,-0.02217391304347827,No significant trend,-0.7593548387096773,2.923909154720309
101_262,0.09462365591397849,0.46487326576717747,0.04933333333333333,No significant trend,-0.6925806451612904,2.4261637948880104
101_263,0.0,1.0,0.0,No significant trend,-0.05548387096774198,2.2597085720032606
101_264,-0.12043010752688173,0.34988986770468866,-0.04000000000000001,No significant trend,-0.44967741935483874,1.995806060574423
101_265,-0.021505376344086023,0.8784237055808175,-0.003333333333333336,No significant trend,-0.9919354838709677,2.903532241892388
101_266,-0.16559139784946236,0.19645146482180031,-0.0895,No significant trend,-0.863225806451613,4.20482548224159
101_267,-0.021505376344086023,0.8784237055808175,-0.007,No significant trend,-0.49645161290322576,2.2853397409421765
101_268,-0.002150537634408602,1.0,0.0,No significant trend,-0.5225806451612904,2.9538514691095883
101_269,-0.1032258064516129,0.42438806620665614,-0.05,No significant trend,-0.4977419354838711,4.001976696807442
101_27,-0.24731182795698925,0.05267307614212502,-0.11888888888888889,No significant trend,-0.32096774193548383,2.818998168920791
101_270,0.4666666666666667,0.0002413897092941042,0.3216666666666666,Increasing,-3.4751612903225793,4.284282505494783
101_271,-0.22365591397849463,0.08000950089470127,-0.184,No significant trend,3.2699999999999996,10.032041570115036
101_272,-0.017204301075268817,0.9052952265477159,-0.0020000000000000018,No significant trend,0.7970967741935484,3.4504578411010036
101_273,-0.1913978494623656,0.13473584102323688,-0.08133333333333331,No significant trend,-0.25483870967741934,2.209329004789641
101_274,-0.12688172043010754,0.3242351019547285,-0.06125,No significant trend,2.02,6.315996077548885
101_275,-0.210752688172043,0.09921885768990202,-0.11058823529411764,No significant trend,0.9993548387096775,3.7039054675840704
101_276,-0.13118279569892474,0.30783043013369626,-0.1025,No significant trend,0.7409677419354839,4.113068358481301
101_277,0.008602150537634409,0.959334085947048,0.004444444444444449,No significant trend,-1.1825806451612901,3.802886821742165
101_278,-0.13763440860215054,0.28427093926275426,-0.04263157894736842,No significant trend,-0.7006451612903224,1.8366447941548039
101_279,0.4172043010752688,0.0010369364231381795,0.20214285714285715,Increasing,-1.903870967741936,2.8962151914116427
101_28,-0.05591397849462366,0.6709019753135215,-0.014137931034482763,No significant trend,-0.29516129032258065,2.425948262841859
101_280,0.02795698924731183,0.8383870987564421,0.007499999999999993,No significant trend,-1.2716129032258066,2.883646992818009
101_281,-0.2537634408602151,0.04674749402400602,-0.13999999999999999,Decreasing,-1.1312903225806454,3.4386988742794657
101_282,-0.05161290322580645,0.6958581513960522,-0.02227272727272728,No significant trend,-1.1099999999999999,6.415388756983149
101_283,0.0,1.0,0.0,No significant trend,0.51,2.1351935773843143
101_284,-0.12473118279569892,0.33264709898406286,-0.033125,No significant trend,-0.5396774193548387,1.7516066060600881
101_285,0.07956989247311828,0.5406231028187141,0.044,No significant trend,2.311935483870968,5.878520452079341
101_286,-0.008602150537634409,0.959334085947048,-0.0026315789473684206,No significant trend,-0.402258064516129,2.7021779861597897
101_287,0.025806451612903226,0.8516915353162966,0.037272727272727284,No significant trend,-0.5322580645161291,5.284769784516463
101_288,-0.06236559139784946,0.6341458536966633,-0.045454545454545456,No significant trend,-0.26548387096774195,3.065006276591666
101_289,-0.07741935483870968,0.551927301016857,-0.05000000000000001,No significant trend,-0.8235483870967742,3.193471716251359
101_29,-0.0967741935483871,0.45455525621868187,-0.03933333333333334,No significant trend,-0.08548387096774197,1.781381918641377
101_290,0.0064516129032258064,0.9728828650934778,0.0,No significant trend,-0.7996774193548386,1.7183065254187233
101_291,-0.23440860215053763,0.06641490832840091,-0.08043478260869566,No significant trend,0.164516129032258,2.6245378563505755
101_292,0.012903225806451613,0.9322756334126572,0.0015789473684210541,No significant trend,-0.5787096774193549,3.3674090182747274
101_293,0.07526881720430108,0.5633463699559165,0.03222222222222222,No significant trend,0.34774193548387095,2.7340065243773997
101_294,-0.06666666666666667,0.6101267703127584,-0.018695652173913044,No significant trend,-0.135483870967742,1.9105797780908107
101_295,0.14193548387096774,0.26926051859260536,0.07333333333333332,No significant trend,-0.8083870967741936,3.282815566507579
101_296,-0.08817204301075268,0.49659521437046883,-0.04999999999999998,No significant trend,0.4535483870967742,3.5604145720797797
101_297,-0.1827956989247312,0.1533785068859166,-0.07937499999999999,No significant trend,0.3845161290322581,2.6381895535968596
101_298,-0.3849462365591398,0.002483355213678262,-0.2681818181818182,Decreasing,4.620000000000001,8.73699734351826
101_299,-0.13978494623655913,0.2766963536434415,-0.08399999999999999,No significant trend,-0.5483870967741935,3.429980811358151
101_3,0.023655913978494623,0.8650383150743488,0.023333333333333428,No significant trend,-0.5448387096774193,4.093526652882133
101_30,-0.13978494623655913,0.2766963536434415,-0.05437500000000001,No significant trend,-1.3587096774193546,2.1176337097373628
101_300,-0.12473118279569892,0.33264709898406286,-0.0684615384615385,No significant trend,-0.25129032258064515,3.2960746369715284
101_301,0.05806451612903226,0.6585566199856316,0.026666666666666665,No significant trend,-0.12774193548387103,2.531610108182995
101_302,0.14623655913978495,0.2548032960076365,0.17416666666666666,No significant trend,0.506774193548387,10.896138524975857
101_303,0.004301075268817204,0.9864394742066862,0.00500000000000002,No significant trend,-0.025161290322580625,3.791788981953354
101_304,-0.15913978494623657,0.21470238954837217,-0.10166666666666668,No significant trend,-0.7009677419354837,3.4043201726143644
101_305,-0.10752688172043011,0.4049437537873102,-0.039999999999999994,No significant trend,-0.4893548387096774,2.094470347219032
101_306,-0.021505376344086023,0.8784237055808175,-0.009999999999999993,No significant trend,-0.5193548387096775,2.516132382131765
101_307,-0.221505376344086,0.08298294959133434,-0.1015,No significant trend,0.599032258064516,3.724689512791818
101_308,-0.12258064516129032,0.34119875170636194,-0.05222222222222222,No significant trend,-0.27290322580645165,3.611120095686859
101_309,-0.13118279569892474,0.30783043013369626,-0.08214285714285717,No significant trend,0.23806451612903234,2.9723211515742594
101_31,-0.24086021505376345,0.05921383944155778,-0.11999999999999998,No significant trend,-1.4270967741935483,3.293514833483628
101_310,-0.07526881720430108,0.5633463699559165,-0.033,No significant trend,-0.45225806451612904,3.3253578121104495
101_311,-0.10752688172043011,0.4049437537873102,-0.05039999999999999,No significant trend,-0.4161290322580646,2.5160474345743356
101_312,-0.07741935483870968,0.551927301016857,-0.023125000000000003,No significant trend,-0.15225806451612908,2.3941712953477703
101_313,-0.2967741935483871,0.019885085312989492,-0.1505,Decreasing,0.532258064516129,5.799264530498073
101_314,-0.03225806451612903,0.8119200006410021,-0.011999999999999988,No significant trend,-0.7293548387096773,1.5117089997403406
101_315,0.008602150537634409,0.959334085947048,0.0016000000000000014,No significant trend,-0.5929032258064516,4.238087817102599
101_316,-0.2946236559139785,0.020804552083621086,-0.12937500000000002,Decreasing,-0.41935483870967744,3.625667400616877
101_317,-0.01935483870967742,0.8918439412522505,-0.010588235294117657,No significant trend,-1.5396774193548386,3.12229184214971
101_318,-0.09247311827956989,0.47532023939393775,-0.06722222222222222,No significant trend,0.5758064516129032,8.849136926821497
101_319,0.06666666666666667,0.6101267703127584,0.055000000000000014,No significant trend,-0.1083870967741933,8.798702652453095
101_32,-0.04086021505376344,0.7596537518193331,-0.02,No significant trend,-0.5038709677419354,4.224315693710032
101_320,-0.07741935483870968,0.551927301016857,-0.025454545454545455,No significant trend,-0.3587096774193548,2.196490958009166
101_321,-0.002150537634408602,1.0,0.0,No significant trend,-0.3367741935483871,2.0411056255906743
101_322,-0.17419354838709677,0.1739206495334844,-0.10719999999999999,No significant trend,0.5987096774193547,4.234544376553766
101_323,-0.11397849462365592,0.3767967991819643,-0.0736842105263158,No significant trend,1.683870967741936,4.643237661734609
101_324,-0.16559139784946236,0.19645146482180031,-0.1,No significant trend,-0.51,3.066226008545989
101_325,-0.14623655913978495,0.2548032960076365,-0.07666666666666666,No significant trend,-0.5503225806451613,3.198214707504261
101_326,-0.043010752688172046,0.7467467998855972,-0.03666666666666666,No significant trend,-0.40645161290322585,3.238694030292494
101_327,-0.14623655913978495,0.2548032960076365,-0.03125,No significant trend,-0.5403225806451613,2.076833016834212
101_328,0.021505376344086023,0.8784237055808175,0.018888888888888896,No significant trend,-0.8835483870967742,3.015197579132597
101_329,-0.24516129032258063,0.05478277122914399,-0.07,No significant trend,-1.0770967741935484,1.849851246937452
101_33,0.09247311827956989,0.47532023939393775,0.03181818181818183,No significant trend,-0.5987096774193547,3.1326158727228877
101_330,-0.12258064516129032,0.34119875170636194,-0.04000000000000001,No significant trend,-0.5170967741935484,2.5177245148288643
101_331,-0.07741935483870968,0.551927301016857,-0.025714285714285717,No significant trend,-0.7748387096774192,2.136193284368009
101_332,-0.16344086021505377,0.2024043739887733,-0.07111111111111111,No significant trend,-0.9603225806451614,4.708617003907848
101_333,0.07526881720430108,0.5633463699559165,0.044705882352941165,No significant trend,-0.7874193548387095,3.955871069804439
101_334,0.043010752688172046,0.7467467998855972,0.01863636363636364,No significant trend,-0.0645161290322581,3.0599291987483563
101_335,-0.12258064516129032,0.34119875170636194,-0.05222222222222222,No significant trend,-0.8125806451612902,2.606327248709825
101_336,-0.16344086021505377,0.2024043739887733,-0.06666666666666667,No significant trend,-0.37548387096774194,3.295691066313492
101_337,-0.13763440860215054,0.28427093926275426,-0.06428571428571425,No significant trend,-0.8174193548387095,3.2630373419728533
101_338,-0.26666666666666666,0.036567588572864906,-0.1125,Decreasing,0.6487096774193547,2.337235397389312
101_339,-0.17634408602150536,0.16860199558675504,-0.0961111111111111,No significant trend,-1.0354838709677419,3.025859343371547
101_34,-0.03870967741935484,0.7726279905852822,-0.014999999999999958,No significant trend,-1.1383870967741938,2.840245442340632
101_340,-0.08387096774193549,0.5183675363290698,-0.04863636363636364,No significant trend,-1.1961290322580647,2.894200739208417
101_341,-0.02795698924731183,0.8383870987564421,-0.024800000000000003,No significant trend,-1.1225806451612905,4.544607558018578
101_342,0.002150537634408602,1.0,0.0,No significant trend,0.9864516129032255,5.886673603880755
101_343,-0.002150537634408602,1.0,0.0,No significant trend,-0.9406451612903225,3.2208132968932444
101_344,-0.06881720430107527,0.5982707245011594,-0.03321428571428571,No significant trend,-0.17709677419354838,4.971375608646732
101_345,-0.004301075268817204,0.9864394742066862,-0.0031818181818181845,No significant trend,0.28290322580645155,3.117423660806682
101_346,0.05591397849462366,0.6709019753135215,0.014799999999999995,No significant trend,-1.0816129032258064,2.589458900724857
101_347,-0.11612903225806452,0.3676892969544798,-0.05666666666666668,No significant trend,-0.6683870967741936,3.4354490684288996
101_348,0.04516129032258064,0.7339104943970112,0.012608695652173915,No significant trend,-0.7854838709677419,3.6496202530777553
101_349,-0.015053763440860216,0.9187737391879132,-0.011249999999999991,No significant trend,-0.6209677419354839,3.7034825413984724
101_35,-0.025806451612903226,0.8516915353162966,-0.006363636363636369,No significant trend,-0.6961290322580642,3.880871765566344
101_350,-0.002150537634408602,1.0,-0.004090909090909084,No significant trend,1.550322580645161,7.91688008110028
101_351,-0.3161290322580645,0.013083919895177765,-0.20937500000000003,Decreasing,3.7890322580645166,5.789358065054452
101_352,0.004301075268817204,0.9864394742066862,0.0,No significant trend,0.18580645161290327,3.48294255849344
101_353,-0.05161290322580645,0.6958581513960522,-0.025714285714285717,No significant trend,0.4690322580645161,6.90458583226311
101_354,-0.14838709677419354,0.24778083040054266,-0.11499999999999999,No significant trend,-1.005483870967742,3.9749877976762815
101_355,-0.2021505376344086,0.11395424835779155,-0.14037037037037037,No significant trend,-0.6351612903225808,3.3793126529286246
101_356,0.008602150537634409,0.959334085947048,0.004074074074074069,No significant trend,-1.1116129032258064,3.742211780678161
101_357,-0.043010752688172046,0.7467467998855972,-0.02333333333333333,No significant trend,-0.2174193548387097,2.6521567215672652
101_358,-0.2731182795698925,0.032229828676073824,-0.12,Decreasing,0.2593548387096773,2.444555419022063
101_359,-0.2086021505376344,0.10275196797700414,-0.1200000000000001,No significant trend,-0.14161290322580644,3.2231862584417454
101_36,-0.06451612903225806,0.6220860087372633,-0.04714285714285714,No significant trend,-0.5432258064516129,4.6252158708796784
101_360,-0.07096774193548387,0.5865203757130351,-0.03928571428571429,No significant trend,-1.133225806451613,3.2239550816297498
101_361,-0.1935483870967742,0.1303606801133712,-0.13999999999999999,No significant trend,-0.13580645161290322,3.937972930487042
101_362,0.04516129032258064,0.7339104943970112,0.020000000000000007,No significant trend,-0.5096774193548387,3.1085682669253503
101_363,-0.16774193548387098,0.19062782292334934,-0.1105263157894737,No significant trend,-0.9919354838709676,4.227352118208458
101_364,0.021505376344086023,0.8784237055808175,0.006666666666666672,No significant trend,-1.4819354838709677,2.1307827114888096
101_365,-0.06451612903225806,0.6220860087372633,-0.025714285714285707,No significant trend,-0.9154838709677421,2.48107265916628
101_366,-0.22795698924731184,0.07432236131839742,-0.08041666666666668,No significant trend,0.2048387096774193,2.167931779321454
101_367,0.05591397849462366,0.6709019753135215,0.018000000000000002,No significant trend,-0.18999999999999997,2.5576299512912213
101_368,-0.16989247311827957,0.18493228677225515,-0.08388888888888889,No significant trend,0.46741935483870956,4.0254456517396005
101_369,0.034408602150537634,0.7987646104203716,0.023333333333333355,No significant trend,0.053225806451612914,3.0947441262689166
101_37,-0.2172043010752688,0.08919834224618706,-0.07785714285714285,No significant trend,-0.6561290322580645,2.607443040443478
101_370,-0.1827956989247312,0.1533785068859166,-0.10400000000000001,No significant trend,-0.2925806451612903,4.480280785945866
101_371,-0.18494623655913978,0.14854345071667052,-0.1111111111111111,No significant trend,-0.49483870967741933,3.704405285922766
101_372,-0.2946236559139785,0.020804552083621086,-0.12666666666666668,Decreasing,-1.077741935483871,2.757698560894128
101_373,-0.08387096774193549,0.5183675363290698,-0.04222222222222221,No significant trend,-0.4625806451612904,3.7309749376579626
101_374,-0.07526881720430108,0.5633463699559165,-0.049374999999999974,No significant trend,-1.8241935483870966,3.4581523821287714
101_375,0.12258064516129032,0.34119875170636194,0.08000000000000002,No significant trend,-0.7487096774193549,3.4209117271196954
101_376,0.08602150537634409,0.5074200543722851,0.060000000000000005,No significant trend,-1.531290322580645,5.527016194339129
101_377,0.1978494623655914,0.12194188920122184,0.21000000000000002,No significant trend,-1.8487096774193545,5.107521172605751
101_378,-0.12258064516129032,0.34119875170636194,-0.1275,No significant trend,1.617741935483871,7.683934522095716
101_379,-0.4064516129032258,0.0013967278652837756,-0.23444444444444443,Decreasing,1.085806451612903,3.767291124156975
101_38,-0.0967741935483871,0.45455525621868187,-0.07695652173913044,No significant trend,-0.9600000000000001,3.176685227128754
101_380,0.015053763440860216,0.9187737391879132,0.009130434782608703,No significant trend,-1.5109677419354839,1.6607020568241802
101_381,-0.2709677419354839,0.033624002608237724,-0.1,Decreasing,0.26903225806451614,2.15616049860246
101_382,-0.12258064516129032,0.34119875170636194,-0.06777777777777777,No significant trend,-1.0212903225806451,2.9581257600864426
101_383,0.08172043010752689,0.5294358519548577,0.0316,No significant trend,-0.5251612903225806,3.1881290609806405
101_384,-0.08602150537634409,0.5074200543722851,-0.048749999999999995,No significant trend,-0.03838709677419362,2.8245560276584873
101_385,-0.015053763440860216,0.9187737391879132,-0.007333333333333325,No significant trend,-0.4241935483870969,3.4689551966099836
101_386,-0.2172043010752688,0.08919834224618706,-0.06625,No significant trend,0.3954838709677418,3.7807584481540526
101_387,-0.22365591397849463,0.08000950089470127,-0.09954545454545455,No significant trend,-0.03483870967741936,2.243624474023459
101_388,0.015053763440860216,0.9187737391879132,0.0,No significant trend,-0.8883870967741936,3.017717677183925
101_389,-0.15913978494623657,0.21470238954837217,-0.06869565217391305,No significant trend,0.8677419354838708,3.166531336904193
101_39,-0.1053763440860215,0.4145985082462331,-0.03727272727272726,No significant trend,-0.8538709677419354,2.8909164496461233
101_390,-0.16559139784946236,0.19645146482180031,-0.06181818181818179,No significant trend,-0.185483870967742,2.6996795971298537
101_391,-0.053763440860215055,0.6833368087995224,-0.03181818181818183,No significant trend,-0.9287096774193547,3.53867365524054
101_392,-0.07526881720430108,0.5633463699559165,-0.026000000000000002,No significant trend,-0.43677419354838715,2.308744089671285
101_393,0.0064516129032258064,0.9728828650934778,0.0,No significant trend,-1.0212903225806453,4.361750715344651
101_394,0.06236559139784946,0.6341458536966633,0.041999999999999996,No significant trend,-0.11903225806451605,3.7526604367832332
101_395,0.05591397849462366,0.6709019753135215,0.03727272727272728,No significant trend,-0.7622580645161291,3.389156056028164
101_396,-0.08172043010752689,0.5294358519548577,-0.0275,No significant trend,-0.3651612903225806,2.300245247749005
101_397,0.09032258064516129,0.4858947339033992,0.0419047619047619,No significant trend,-0.3267741935483871,2.9799159839821137
101_398,-0.210752688172043,0.09921885768990202,-0.07687500000000001,No significant trend,0.2951612903225806,2.3677509009235203
101_399,-0.060215053763440864,0.6463036389969625,-0.01999999999999999,No significant trend,0.18612903225806457,3.464831306622399
101_4,-0.13978494623655913,0.2766963536434415,-0.07166666666666667,No significant trend,-0.6451612903225805,3.1610817574386205
101_40,0.12903225806451613,0.3159628698783248,0.06499999999999999,No significant trend,-0.0312903225806453,3.230549480811409
101_400,-0.08387096774193549,0.5183675363290698,-0.035625,No significant trend,0.11580645161290322,2.35409015941787
101_401,-0.002150537634408602,1.0,-0.0010000000000000009,No significant trend,0.12290322580645166,1.848684263676139
101_402,-0.012903225806451613,0.9322756334126572,-0.015172413793103448,No significant trend,-1.1261290322580644,5.357146976263219
101_403,0.021505376344086023,0.8784237055808175,0.017142857142857126,No significant trend,-0.5948387096774194,3.415696094897072
101_404,-0.13763440860215054,0.28427093926275426,-0.07,No significant trend,-0.8880645161290324,3.1739782906292935
101_405,-0.15698924731182795,0.22104956212356597,-0.08777777777777779,No significant trend,-0.7280645161290321,3.1292691297106825
101_406,-0.0064516129032258064,0.9728828650934778,0.0,No significant trend,0.46677419354838706,3.5710460987410997
101_407,0.03225806451612903,0.8119200006410021,0.014000000000000012,No significant trend,-0.5261290322580645,3.8353951534816697
101_408,-0.07956989247311828,0.5406231028187141,-0.029000000000000005,No significant trend,-0.03322580645161288,5.353338655032303
101_409,0.010752688172043012,0.9457970432721066,0.0012500000000000011,No significant trend,-0.6393548387096775,4.343494902824646
101_41,-0.25806451612903225,0.0431171263634158,-0.10700000000000003,Decreasing,-0.9858064516129031,2.5057260543230213
101_410,-0.12043010752688173,0.34988986770468866,-0.061999999999999965,No significant trend,-0.3641935483870967,2.5423354442178
101_411,0.06236559139784946,0.6341458536966633,0.02416666666666667,No significant trend,0.7054838709677419,2.302155846171678
101_412,0.0064516129032258064,0.9728828650934778,0.0,No significant trend,1.0574193548387094,2.43704470386935
101_413,-0.07526881720430108,0.5633463699559165,-0.037037037037037035,No significant trend,-1.2419354838709677,3.1717558171428655
101_414,-0.10967741935483871,0.3954246967469044,-0.03125000000000001,No significant trend,0.4432258064516129,2.05196426287307
101_415,-0.06666666666666667,0.6101267703127584,-0.03235294117647059,No significant trend,0.17129032258064517,3.9186623309619186
101_416,-0.1053763440860215,0.4145985082462331,-0.06999999999999999,No significant trend,-1.563225806451613,4.0362177976791305
101_417,-0.017204301075268817,0.9052952265477159,-0.0020000000000000018,No significant trend,0.3406451612903227,3.906731110642718
101_418,-0.09462365591397849,0.46487326576717747,-0.06,No significant trend,0.014516129032258098,3.2492697330518667
101_419,0.14408602150537633,0.2619630008374654,0.09533333333333337,No significant trend,-1.2741935483870965,4.378632703211791
101_42,-0.10967741935483871,0.3954246967469044,-0.039411764705882354,No significant trend,1.0151612903225804,3.03648127317995
101_420,-0.17419354838709677,0.1739206495334844,-0.04,No significant trend,0.14741935483870963,1.958788249093475
101_421,-0.11397849462365592,0.3767967991819643,-0.03884615384615386,No significant trend,0.5816129032258065,3.101815386006357
101_422,0.07096774193548387,0.5865203757130351,0.049090909090909095,No significant trend,6.143548387096774,18.528142247696735
101_423,-0.13333333333333333,0.2998377295670276,-0.07827586206896552,No significant trend,0.47161290322580635,5.31704811190849
101_424,-0.08817204301075268,0.49659521437046883,-0.085,No significant trend,4.0125806451612895,5.734521364137937
101_425,-0.08602150537634409,0.5074200543722851,-0.039999999999999994,No significant trend,-1.0935483870967744,3.4962750209118614
101_426,-0.09247311827956989,0.47532023939393775,-0.05714285714285713,No significant trend,1.3216129032258064,6.393543667196591
101_427,0.05806451612903226,0.6585566199856316,0.04962962962962963,No significant trend,-1.0041935483870967,5.016596181960594
101_428,-0.05591397849462366,0.6709019753135215,-0.034666666666666665,No significant trend,0.3338709677419354,3.0049085407362046
101_429,-0.07741935483870968,0.551927301016857,-0.0525,No significant trend,-1.0570967741935482,3.739366164634777
101_43,0.043010752688172046,0.7467467998855972,0.0164,No significant trend,-2.140645161290323,3.0934018600301316
101_430,-0.053763440860215055,0.6833368087995224,-0.017499999999999998,No significant trend,0.22064516129032263,2.683669773786382
101_431,-0.02795698924731183,0.8383870987564421,-0.012777777777777777,No significant trend,-1.8193548387096774,2.775104689084686
101_432,-0.3634408602150538,0.004298292024715877,-0.13125,Decreasing,1.2738709677419358,11.81893332816497
101_433,-0.17204301075268819,0.17936364721043319,-0.04294117647058823,No significant trend,-1.0819354838709674,1.5483069199671988
101_434,0.06236559139784946,0.6341458536966633,0.01555555555555552,No significant trend,1.056774193548387,3.1955073170824657
101_435,0.06881720430107527,0.5982707245011594,0.03052631578947369,No significant trend,0.19193548387096765,2.0573995791036155
101_436,-0.22795698924731184,0.07432236131839742,-0.21785714285714283,No significant trend,3.1267741935483873,12.116162329474328
101_437,-0.210752688172043,0.09921885768990202,-0.08125,No significant trend,0.7861290322580645,2.3199731330749036
101_438,-0.2731182795698925,0.032229828676073824,-0.15666666666666665,Decreasing,1.0648387096774192,3.2162860478706445
101_439,-0.3311827956989247,0.009310109795033439,-0.12000000000000001,Decreasing,1.0651612903225804,2.1948148146847437
101_44,-0.09247311827956989,0.47532023939393775,-0.052727272727272734,No significant trend,-0.9574193548387097,3.9117069681644976
101_440,0.17849462365591398,0.16340634586373248,0.11318181818181819,No significant trend,-0.20161290322580644,3.94416440864401
101_441,-0.14408602150537633,0.2619630008374654,-0.10880000000000002,No significant trend,-1.1638709677419354,5.308908931962085
101_442,-0.023655913978494623,0.8650383150743488,-0.010499999999999999,No significant trend,-1.172258064516129,2.1738544772457553
101_443,-0.16344086021505377,0.2024043739887733,-0.07521739130434782,No significant trend,-0.6583870967741936,3.3985035575678375
101_444,-0.002150537634408602,1.0,-0.0007142857142857149,No significant trend,-0.9767741935483871,3.446549828916593
101_445,-0.18494623655913978,0.14854345071667052,-0.09411764705882353,No significant trend,-0.3183870967741936,3.45606255242655
101_446,-0.07096774193548387,0.5865203757130351,-0.03499999999999992,No significant trend,-0.7345161290322582,3.0781737764666492
101_447,-0.16559139784946236,0.19645146482180031,-0.07333333333333332,No significant trend,-0.733225806451613,2.9862441478053614
101_448,0.05161290322580645,0.6958581513960522,0.022000000000000065,No significant trend,-0.5432258064516129,2.2397240427608764
101_449,-0.05806451612903226,0.6585566199856316,-0.04615384615384616,No significant trend,-1.242258064516129,4.15850059026197
101_45,-0.08387096774193549,0.5183675363290698,-0.03052631578947369,No significant trend,-1.202258064516129,1.9336022036059544
101_450,-0.1978494623655914,0.12194188920122184,-0.07384615384615384,No significant trend,0.29870967741935484,2.277697963402302
101_451,-0.004301075268817204,0.9864394742066862,-0.006153846153846159,No significant trend,-1.3825806451612903,3.7508252577884913
101_452,-0.13118279569892474,0.30783043013369626,-0.08333333333333331,No significant trend,1.7687096774193547,3.492980742016752
101_453,-0.13763440860215054,0.28427093926275426,-0.049473684210526316,No significant trend,0.2593548387096774,1.8717921987709567
101_454,-0.047311827956989246,0.721148135879736,-0.01846153846153846,No significant trend,-0.5109677419354839,2.0675860240148056
101_455,-0.04516129032258064,0.7339104943970112,-0.013500000000000002,No significant trend,0.5400000000000001,4.624864775704084
101_456,-0.0989247311827957,0.4443675620908478,-0.04266666666666667,No significant trend,-0.2774193548387096,2.2490700124530836
101_457,-0.04516129032258064,0.7339104943970112,-0.02055555555555555,No significant trend,-1.3335483870967744,2.3747537032047124
101_458,-0.03870967741935484,0.7726279905852822,-0.02799999999999999,No significant trend,-1.9122580645161293,3.9848841078201445
101_459,-0.210752688172043,0.09921885768990202,-0.07363636363636364,No significant trend,-0.9816129032258064,2.468005720668585
101_46,0.12258064516129032,0.34119875170636194,0.0875,No significant trend,-1.9225806451612903,4.835282937140912
101_460,-0.11182795698924732,0.3860421406420662,-0.03666666666666667,No significant trend,-0.8261290322580644,2.13564325494286
101_461,-0.13333333333333333,0.2998377295670276,-0.06400000000000006,No significant trend,2.3932258064516128,2.500302416672411
101_462,-0.09462365591397849,0.46487326576717747,-0.04705882352941176,No significant trend,-0.29935483870967744,2.818988534556403
101_463,0.034408602150537634,0.7987646104203716,0.018181818181818184,No significant trend,0.13999999999999993,4.42873680380979
101_464,-0.11397849462365592,0.3767967991819643,-0.04263157894736842,No significant trend,-0.44870967741935486,3.713865686191093
101_465,-0.14623655913978495,0.2548032960076365,-0.09937499999999999,No significant trend,-1.2319354838709677,3.8562738319270604
101_466,-0.06666666666666667,0.6101267703127584,-0.023,No significant trend,0.34580645161290324,3.1229357302772414
101_467,-0.22580645161290322,0.07712322019197049,-0.11800000000000001,No significant trend,-1.0448387096774194,2.9417548756106418
101_468,-0.14193548387096774,0.26926051859260536,-0.07636363636363636,No significant trend,-1.0680645161290323,2.470470007985079
101_469,-0.2645161290322581,0.038119926564599727,-0.08,Decreasing,-1.4877419354838708,1.8743819793122338
101_47,-0.023655913978494623,0.8650383150743488,-0.002222222222222212,No significant trend,-0.11129032258064524,6.294513095487305
101_470,-0.23655913978494625,0.06393835708593554,-0.10666666666666667,No significant trend,-0.2319354838709677,2.626086772704427
101_471,-0.002150537634408602,1.0,-0.006428571428571418,No significant trend,-1.523548387096774,3.4787637295982554
101_472,0.03225806451612903,0.8119200006410021,0.04368421052631579,No significant trend,-9.253870967741936,10.473631923109101
101_473,-0.01935483870967742,0.8918439412522505,-0.0008000000000000007,No significant trend,-0.6874193548387098,1.9460579969176985
101_474,-0.16774193548387098,0.19062782292334934,-0.06,No significant trend,-0.706774193548387,2.5995339372562403
101_475,-0.06881720430107527,0.5982707245011594,-0.03461538461538461,No significant trend,-0.8538709677419356,3.438093692937293
101_476,-0.04516129032258064,0.7339104943970112,-0.012083333333333333,No significant trend,-1.2112903225806453,2.9462778507427494
101_477,-0.034408602150537634,0.7987646104203716,-0.02375000000000002,No significant trend,-1.2970967741935484,4.387883017781072
101_478,0.021505376344086023,0.8784237055808175,0.014285714285714235,No significant trend,-0.6212903225806452,2.6118535525999405
101_479,-0.03655913978494624,0.7856661000859302,-0.02363636363636362,No significant trend,-0.7509677419354837,3.6675915933666348
101_48,-0.12043010752688173,0.34988986770468866,-0.0811764705882353,No significant trend,0.24677419354838712,3.815714863135528
101_480,-0.35698924731182796,0.005040894639046778,-0.314,Decreasing,1.28,4.819180762931231
101_481,-0.15698924731182795,0.22104956212356597,-0.12142857142857137,No significant trend,1.533548387096774,5.435905449335032
101_482,0.06666666666666667,0.6101267703127584,0.030714285714285694,No significant trend,-0.7187096774193549,4.261404237690098
101_483,-0.06236559139784946,0.6341458536966633,-0.03833333333333333,No significant trend,1.2841935483870965,5.358727445346214
101_484,-0.18494623655913978,0.14854345071667052,-0.08391304347826087,No significant trend,-1.1525806451612903,3.090411777283697
101_485,-0.03225806451612903,0.8119200006410021,-0.00578947368421052,No significant trend,-0.9296774193548387,2.321938127973111
101_486,-0.04516129032258064,0.7339104943970112,-0.020869565217391303,No significant trend,-0.8425806451612904,3.117988358667601
101_487,-0.12903225806451613,0.3159628698783248,-0.04125,No significant trend,0.2658064516129031,4.684413258396642
101_488,-0.13118279569892474,0.30783043013369626,-0.10416666666666667,No significant trend,-0.8987096774193551,4.089776981012838
101_489,-0.03225806451612903,0.8119200006410021,-0.020000000000000018,No significant trend,-0.1225806451612904,3.3227660142465405
101_49,-0.08387096774193549,0.5183675363290698,-0.07470588235294118,No significant trend,0.14322580645161295,4.876891121762672
101_490,-0.13548387096774195,0.29198463590975887,-0.13,No significant trend,1.0499999999999998,5.627338796934468
101_492,-0.08817204301075268,0.49659521437046883,-0.053461538461538456,No significant trend,-0.31451612903225806,2.9693638274994925
101_493,0.04946236559139785,0.7084629632532715,0.012857142857142853,No significant trend,-1.4293548387096775,2.206931800229378
101_494,-0.04946236559139785,0.7084629632532715,-0.028235294117647056,No significant trend,-1.5174193548387096,3.466690313161434
101_495,-0.3720430107526882,0.0034624952577932966,-0.17200000000000001,Decreasing,1.4374193548387098,3.390813935727256
101_496,-0.26021505376344084,0.04139316901026291,-0.12833333333333333,Decreasing,1.8525806451612905,5.991476724503781
101_497,-0.04086021505376344,0.7596537518193331,-0.030000000000000013,No significant trend,-0.8919354838709678,3.6740874832463293
101_498,0.06451612903225806,0.6220860087372633,0.03888888888888889,No significant trend,-1.5941935483870968,4.595946161981159
101_499,-0.32903225806451614,0.009781611919498001,-0.13636363636363638,Decreasing,-0.48451612903225805,2.40290259788056
101_5,-0.08602150537634409,0.5074200543722851,-0.02727272727272728,No significant trend,-0.9670967741935484,2.6975534836377886
101_50,-0.13548387096774195,0.29198463590975887,-0.04833333333333334,No significant trend,0.1751612903225807,2.8043098983963053
101_500,-0.04946236559139785,0.7084629632532715,-0.035263157894736843,No significant trend,-0.9787096774193549,3.905479807733747
101_501,-0.1827956989247312,0.1533785068859166,-0.08,No significant trend,-0.5709677419354838,3.320982515751499
101_502,-0.210752688172043,0.09921885768990202,-0.1317857142857143,No significant trend,-0.3135483870967742,3.646933796852698
101_503,-0.03225806451612903,0.8119200006410021,-0.03437499999999999,No significant trend,-1.335161290322581,3.550096655628972
101_504,-0.030107526881720432,0.8251287015820885,-0.0108,No significant trend,-0.43387096774193545,3.279090823461889
101_505,-0.14838709677419354,0.24778083040054266,-0.07200000000000001,No significant trend,-0.3041935483870968,2.952220349973404
101_506,-0.17634408602150536,0.16860199558675504,-0.08428571428571428,No significant trend,-1.4103225806451616,2.1222135185985342
101_507,-0.1032258064516129,0.42438806620665614,-0.033333333333333326,No significant trend,-1.1177419354838707,3.157333204725274
101_508,-0.12473118279569892,0.33264709898406286,-0.055000000000000014,No significant trend,-0.65,2.4868246367996174
101_509,-0.21935483870967742,0.08604531406845561,-0.15296296296296297,No significant trend,-0.9612903225806451,3.973969123323954
101_51,-0.27741935483870966,0.029589571342436338,-0.0905,Decreasing,-0.5645161290322582,2.0942037345964977
101_510,-0.30752688172043013,0.015800509032550147,-0.14333333333333334,Decreasing,-0.5609677419354839,3.230816689759786
101_511,-0.043010752688172046,0.7467467998855972,-0.026428571428571437,No significant trend,-0.18580645161290307,7.819887704083385
101_512,-0.08602150537634409,0.5074200543722851,-0.10600000000000001,No significant trend,-1.8390322580645164,4.681037488281989
101_513,-0.15053763440860216,0.2408949627928283,-0.10333333333333335,No significant trend,-0.29064516129032264,3.470709637843322
101_514,-0.26881720430107525,0.035069438571895484,-0.14333333333333342,Decreasing,-0.05999999999999978,12.587892800675192
101_515,-0.07311827956989247,0.5748781452473757,-0.043333333333333335,No significant trend,-0.9180645161290323,3.395000517226279
101_516,-0.21935483870967742,0.08604531406845561,-0.08499999999999996,No significant trend,0.14838709677419357,2.153282710375312
101_517,-0.2129032258064516,0.09578337281012361,-0.09263157894736844,No significant trend,0.5280645161290323,2.135077877789184
101_518,-0.13548387096774195,0.29198463590975887,-0.037777777777777785,No significant trend,-0.4625806451612904,1.8125885388687342
101_519,-0.03655913978494624,0.7856661000859302,-0.010666666666666677,No significant trend,-1.4135483870967742,3.5426512291685803
101_52,-0.1010752688172043,0.43431144285625,-0.03423076923076923,No significant trend,0.42999999999999994,2.167248887861171
101_520,-0.12688172043010754,0.3242351019547285,-0.05611111111111111,No significant trend,-0.49193548387096764,2.513077305660287
101_521,-0.023655913978494623,0.8650383150743488,-0.016428571428571428,No significant trend,-1.0725806451612903,2.885731268357083
101_522,0.10967741935483871,0.3954246967469044,0.027857142857142834,No significant trend,-1.2438709677419353,2.1501728023870244
101_523,-0.1053763440860215,0.4145985082462331,-0.07952380952380952,No significant trend,-1.5132258064516129,3.8861685145146487
101_524,-0.2129032258064516,0.09578337281012361,-0.09,No significant trend,0.78741935483871,3.3590416910491063
101_525,-0.06236559139784946,0.6341458536966633,-0.052941176470588235,No significant trend,1.11483870967742,4.945879921691577
101_526,-0.3096774193548387,0.015078520915366989,-0.14857142857142858,Decreasing,0.44,3.0551226151413933
101_527,0.08172043010752689,0.5294358519548577,0.04277777777777777,No significant trend,-0.5125806451612903,2.2283278379030715
101_528,-0.03225806451612903,0.8119200006410021,-0.008800000000000007,No significant trend,0.5796774193548387,2.0857016826106634
101_53,0.05591397849462366,0.6709019753135215,0.028235294117647056,No significant trend,0.20483870967741938,4.75368032022439
101_530,-0.05806451612903226,0.6585566199856316,-0.03380952380952381,No significant trend,-1.295806451612903,4.627745758060688
101_531,-0.12043010752688173,0.34988986770468866,-0.04045454545454546,No significant trend,-0.2309677419354839,2.0326200394480685
101_532,0.043010752688172046,0.7467467998855972,0.013913043478260863,No significant trend,-0.41322580645161294,2.477260957637942
101_533,-0.3010752688172043,0.018152045535652528,-0.08388888888888889,Decreasing,0.4390322580645162,1.7327571816536558
101_534,-0.07096774193548387,0.5865203757130351,-0.05066666666666666,No significant trend,-0.42870967741935473,5.83127205838817
101_535,-0.2903225806451613,0.022755199240110047,-0.1338888888888889,Decreasing,0.10096774193548391,3.0313548071285474
101_536,0.12043010752688173,0.34988986770468866,0.0808695652173913,No significant trend,-0.2761290322580644,3.069832061624297
101_537,-0.08387096774193549,0.5183675363290698,-0.03149999999999999,No significant trend,0.5080645161290323,2.4649876258995036
101_538,-0.06451612903225806,0.6220860087372633,-0.04249999999999998,No significant trend,-1.0896774193548386,3.363584382164617
101_539,0.11612903225806452,0.3676892969544798,0.07103448275862069,No significant trend,-1.5774193548387099,3.534032666608735
101_54,0.002150537634408602,1.0,0.00291666666666666,No significant trend,-0.16709677419354824,6.2819070422451295
101_540,-0.043010752688172046,0.7467467998855972,-0.012666666666666633,No significant trend,-1.6270967741935483,2.5946659845305553
101_541,0.13118279569892474,0.30783043013369626,0.06916666666666667,No significant trend,-1.8412903225806452,3.8820835293197935
101_542,-0.053763440860215055,0.6833368087995224,-0.08066666666666669,No significant trend,-2.0406451612903225,14.519918673788926
101_543,-0.2623655913978495,0.03972794794507628,-0.14777777777777779,Decreasing,0.7658064516129033,3.3638800314168207
101_544,-0.14623655913978495,0.2548032960076365,-0.083125,No significant trend,0.0741935483870969,6.027138503733275
101_545,-0.043010752688172046,0.7467467998855972,-0.04083333333333333,No significant trend,-1.5719354838709678,5.71352747905374
101_546,-0.23225806451612904,0.06896994111977195,-0.14235294117647057,No significant trend,-0.8548387096774195,4.107011212915992
101_547,-0.11827956989247312,0.3587201702049656,-0.04739130434782608,No significant trend,0.19032258064516125,2.6360068577312625
101_548,-0.07311827956989247,0.5748781452473757,-0.034583333333333334,No significant trend,1.3416129032258068,6.090625846741433
101_549,-0.2086021505376344,0.10275196797700414,-0.063,No significant trend,-0.42709677419354847,2.245588066593761
101_55,0.17419354838709677,0.1739206495334844,0.10434782608695654,No significant trend,1.0848387096774192,4.147684834954853
101_550,-0.21505376344086022,0.09244378064522207,-0.09772727272727272,No significant trend,-1.153225806451613,2.3316398591725984
101_551,-0.13978494623655913,0.2766963536434415,-0.14400000000000004,No significant trend,3.0548387096774197,14.641522235105276
101_552,-0.16129032258064516,0.20848766222654147,-0.06000000000000001,No significant trend,3.1996774193548383,6.686904623540611
101_553,0.004301075268817204,0.9864394742066862,0.006666666666666672,No significant trend,-0.06419354838709675,2.9770550226188823
101_554,-0.16559139784946236,0.19645146482180031,-0.20400000000000001,No significant trend,4.458064516129032,8.109009891176143
101_555,-0.2989247311827957,0.019001296136927026,-0.10199999999999998,Decreasing,3.4135483870967738,2.7483150831092464
101_556,-0.0967741935483871,0.45455525621868187,-0.040588235294117654,No significant trend,-1.0290322580645161,2.1655787497895482
101_557,-0.06881720430107527,0.5982707245011594,-0.048,No significant trend,-0.6561290322580645,3.9933635894499044
101_558,-0.13118279569892474,0.30783043013369626,-0.06333333333333331,No significant trend,0.14548387096774187,2.9442374977722574
101_559,-0.07956989247311828,0.5406231028187141,-0.050000000000000044,No significant trend,0.1983870967741935,4.351787246322235
101_56,-0.2129032258064516,0.09578337281012361,-0.10807692307692308,No significant trend,-0.1941935483870968,3.033520018802333
101_560,0.008602150537634409,0.959334085947048,0.0036363636363636372,No significant trend,0.04645161290322579,3.794707305969891
101_561,-0.07096774193548387,0.5865203757130351,-0.035555555555555535,No significant trend,0.15967741935483878,3.35827190955741
101_562,-0.2064516129032258,0.10638442840594231,-0.15714285714285714,No significant trend,1.1335483870967742,3.9906677817669665
101_563,0.060215053763440864,0.6463036389969625,0.02866666666666665,No significant trend,-1.789032258064516,3.8294810183531602
101_564,0.008602150537634409,0.959334085947048,0.0030434782608695777,No significant trend,0.5364516129032257,6.004035496868642
101_565,0.060215053763440864,0.6463036389969625,0.049375,No significant trend,-0.6006451612903226,4.480357802160428
101_566,-0.06666666666666667,0.6101267703127584,-0.015294117647058821,No significant trend,-0.9758064516129031,3.1235667930950544
101_567,-0.11397849462365592,0.3767967991819643,-0.06777777777777781,No significant trend,5.510322580645162,8.380354324586708
101_568,-0.02795698924731183,0.8383870987564421,-0.027222222222222234,No significant trend,-0.42677419354838714,4.0929769803792775
101_569,0.002150537634408602,1.0,0.0006666666666666673,No significant trend,0.32806451612903226,3.9886390429810157
101_57,0.14838709677419354,0.24778083040054266,0.08545454545454546,No significant trend,-0.19096774193548394,3.3396507011079817
101_570,-0.07096774193548387,0.5865203757130351,-0.04416666666666667,No significant trend,-0.35225806451612895,4.172847491997188
101_571,-0.32903225806451614,0.009781611919498001,-0.09857142857142863,Decreasing,6.211935483870969,2.8861330523448965
101_572,-0.07526881720430108,0.5633463699559165,-0.0412,No significant trend,0.8135483870967744,3.6856063084059745
101_573,-0.12688172043010754,0.3242351019547285,-0.0642857142857143,No significant trend,-1.0280645161290323,3.039412527441233
101_574,0.06236559139784946,0.6341458536966633,0.03999999999999999,No significant trend,3.387741935483871,4.547475520640223
101_575,0.021505376344086023,0.8784237055808175,0.021176470588235262,No significant trend,-0.5441935483870967,5.189890156208199
101_576,-0.1827956989247312,0.1533785068859166,-0.05789473684210527,No significant trend,-1.0241935483870968,3.2514580096236014
101_577,-0.22580645161290322,0.07712322019197049,-0.12458333333333334,No significant trend,0.7980645161290321,3.0797941063930154
101_578,-0.023655913978494623,0.8650383150743488,-0.003333333333333336,No significant trend,-0.27032258064516124,2.2483233665240094
101_579,0.10752688172043011,0.4049437537873102,0.04666666666666666,No significant trend,-0.9970967741935485,2.246714007021017
101_58,-0.17419354838709677,0.1739206495334844,-0.07130434782608694,No significant trend,-0.13451612903225804,2.8000286158787473
101_580,-0.023655913978494623,0.8650383150743488,-0.010000000000000009,No significant trend,-0.9732258064516129,3.7138862239566945
101_581,0.04516129032258064,0.7339104943970112,0.016000000000000014,No significant trend,-0.5680645161290323,2.204860348667913
101_582,-0.23225806451612904,0.06896994111977195,-0.11692307692307692,No significant trend,0.9722580645161295,6.962629605987733
101_583,-0.6602150537634408,1.9832196151980952e-07,-0.41538461538461535,Decreasing,3.04483870967742,5.774672101272179
101_584,-0.17419354838709677,0.1739206495334844,-0.10625,No significant trend,-0.5967741935483873,5.23408702769906
101_585,-0.43870967741935485,0.0005600206571134692,-0.2692307692307692,Decreasing,2.9212903225806452,17.131025757273203
101_586,-0.2731182795698925,0.032229828676073824,-0.12333333333333336,Decreasing,-1.4551612903225806,2.541680763396082
101_587,-0.06451612903225806,0.6220860087372633,-0.03333333333333335,No significant trend,-0.8183870967741936,3.620432247205809
101_588,-0.05161290322580645,0.6958581513960522,-0.02615384615384616,No significant trend,-1.5612903225806454,3.29962533741722
101_589,0.06451612903225806,0.6220860087372633,0.055789473684210555,No significant trend,-1.580967741935484,5.713390809960973
101_59,-0.14838709677419354,0.24778083040054266,-0.08222222222222222,No significant trend,0.04419354838709683,2.7952468575775353
101_590,-0.22580645161290322,0.07712322019197049,-0.07250000000000001,No significant trend,-0.7948387096774193,1.8567485819480452
101_591,-0.1053763440860215,0.4145985082462331,-0.06285714285714285,No significant trend,-1.931935483870968,3.8817118100759145
101_592,-0.06451612903225806,0.6220860087372633,-0.04714285714285715,No significant trend,-0.2793548387096776,4.704940392810088
101_593,-0.08172043010752689,0.5294358519548577,-0.044285714285714275,No significant trend,-0.5009677419354839,3.415184645117997
101_594,-0.24301075268817204,0.05696246823315332,-0.12777777777777777,No significant trend,-0.5403225806451613,3.5520339324437833
101_595,-0.2838709677419355,0.02597866016768635,-0.12545454545454546,Decreasing,1.369032258064516,2.6372962142201737
101_596,-0.18064516129032257,0.158332321603736,-0.0883333333333333,No significant trend,-1.4487096774193546,2.4995764053205853
101_597,-0.03225806451612903,0.8119200006410021,-0.00866666666666666,No significant trend,-0.7629032258064516,3.0119784447975517
101_598,-0.18494623655913978,0.14854345071667052,-0.07928571428571429,No significant trend,-0.4280645161290323,2.6365072439594344
101_599,0.030107526881720432,0.8251287015820885,0.01777777777777776,No significant trend,-0.6558064516129032,3.3869148338231483
101_6,-0.1935483870967742,0.1303606801133712,-0.08210526315789474,No significant trend,-0.3980645161290322,2.9406192230876322
101_60,0.15698924731182795,0.22104956212356597,0.11749999999999994,No significant trend,4.901935483870968,10.739584727766244
101_600,-0.13333333333333333,0.2998377295670276,-0.05039999999999999,No significant trend,-0.7958064516129033,2.5660573173815524
101_601,0.02795698924731183,0.8383870987564421,0.013000000000000012,No significant trend,-1.7896774193548388,3.215372836326588
101_602,0.017204301075268817,0.9052952265477159,0.008888888888888847,No significant trend,-1.567741935483871,3.570434788448599
101_603,-0.09462365591397849,0.46487326576717747,-0.047857142857142855,No significant trend,-1.3129032258064515,2.1304538264801205
101_604,0.14408602150537633,0.2619630008374654,0.07599999999999998,No significant trend,-1.3316129032258064,2.6197846461286796
101_605,-0.05161290322580645,0.6958581513960522,-0.04,No significant trend,-1.7274193548387096,3.4138021256619107
101_606,-0.13978494623655913,0.2766963536434415,-0.07294117647058823,No significant trend,-1.2248387096774194,2.52242698154203
101_607,0.1956989247311828,0.12609656894220533,0.10428571428571429,No significant trend,-0.9077419354838709,3.282330711726751
101_608,-0.021505376344086023,0.8784237055808175,-0.0040000000000000036,No significant trend,-1.048709677419355,3.0992348087203347
101_609,-0.1827956989247312,0.1533785068859166,-0.06428571428571428,No significant trend,-1.5293548387096774,3.1402321010210437
101_61,-0.09247311827956989,0.47532023939393775,-0.054615384615384614,No significant trend,-0.5403225806451613,3.3096130598030866
101_610,-0.0967741935483871,0.45455525621868187,-0.03238095238095238,No significant trend,-1.1690322580645163,3.1035155454572645
101_611,-0.043010752688172046,0.7467467998855972,-0.01866666666666666,No significant trend,-0.8990322580645161,4.319951728253834
101_612,-0.11827956989247312,0.3587201702049656,-0.0645,No significant trend,-0.5229032258064517,3.428723258617287
101_613,-0.16559139784946236,0.19645146482180031,-0.08842105263157893,No significant trend,-0.9893548387096774,3.0565001443078663
101_614,-0.03870967741935484,0.7726279905852822,-0.006250000000000033,No significant trend,-1.9509677419354843,2.385989150177735
101_615,-0.2946236559139785,0.020804552083621086,-0.12241379310344827,Decreasing,-0.6129032258064515,2.4882513532773105
101_616,-0.23010752688172043,0.07160518117391312,-0.12222222222222223,No significant trend,1.8725806451612905,4.185268301987985
101_617,-0.15698924731182795,0.22104956212356597,-0.12526315789473683,No significant trend,-1.1593548387096775,4.033236062041746
101_618,-0.12688172043010754,0.3242351019547285,-0.13800000000000007,No significant trend,-1.3970967741935485,4.8548646660971535
101_619,-0.021505376344086023,0.8784237055808175,-0.006666666666666672,No significant trend,-0.9074193548387095,2.092863400042701
101_62,-0.410752688172043,0.0012408530273542162,-0.1826086956521739,Decreasing,-0.5183870967741937,3.3600970577131934
101_620,-0.015053763440860216,0.9187737391879132,-0.010714285714285723,No significant trend,-1.716451612903226,2.6229305801533997
101_621,-0.13978494623655913,0.2766963536434415,-0.09499999999999997,No significant trend,-0.6735483870967743,3.782404550433832
101_622,0.221505376344086,0.08298294959133434,0.19999999999999996,No significant trend,-3.4364516129032263,6.448299875154439
101_623,-0.16989247311827957,0.18493228677225515,-0.08444444444444442,No significant trend,-0.6416129032258063,2.8323546533607247
101_624,0.15268817204301074,0.2341449862943059,0.07461538461538461,No significant trend,-0.3825806451612903,3.3913114484326785
101_625,-0.07096774193548387,0.5865203757130351,-0.04555555555555556,No significant trend,-1.419677419354839,2.9690646771722657
101_626,0.002150537634408602,1.0,0.0,No significant trend,-0.5909677419354838,2.6931518348231003
101_627,0.4,0.001664635394999392,0.25666666666666665,Increasing,4.226451612903226,13.028655897893813
101_628,-0.16129032258064516,0.20848766222654147,-0.07166666666666666,No significant trend,-0.3658064516129032,2.0635825005878905
101_629,0.034408602150537634,0.7987646104203716,0.011250000000000038,No significant trend,0.2464516129032259,2.7887857785470778
101_63,-0.08602150537634409,0.5074200543722851,-0.03749999999999998,No significant trend,-0.32290322580645164,2.743037160084146
101_630,-0.3118279569892473,0.014385749502058731,-0.16428571428571428,Decreasing,-0.04419354838709675,3.2399599501642076
101_631,-0.14408602150537633,0.2619630008374654,-0.0688,No significant trend,-1.2580645161290325,2.8418036291773245
101_632,-0.2,0.11789500171022893,-0.13119999999999998,No significant trend,12.463548387096774,3.5186861077791587
101_633,-0.04946236559139785,0.7084629632532715,-0.010357142857142858,No significant trend,-0.4383870967741935,2.141860958672415
101_634,-0.2645161290322581,0.038119926564599727,-0.125,Decreasing,0.8803225806451611,2.7875917272579946
101_635,-0.09032258064516129,0.4858947339033992,-0.02562500000000001,No significant trend,-0.1358064516129033,2.5049406331173296
101_636,-0.11827956989247312,0.3587201702049656,-0.05,No significant trend,-0.4161290322580646,3.300935036074315
101_637,-0.2838709677419355,0.02597866016768635,-0.13714285714285715,Decreasing,1.1245161290322583,3.7672064080307037
101_638,-0.24946236559139784,0.050631724603018124,-0.15588235294117647,No significant trend,-0.764193548387097,3.9467379541423893
101_639,-0.18064516129032257,0.158332321603736,-0.12136363636363635,No significant trend,-0.6609677419354837,3.784761768476413
101_64,-0.06666666666666667,0.6101267703127584,-0.039999999999999994,No significant trend,-0.2596774193548388,2.6154830354725975
101_640,-0.3913978494623656,0.002095506748773568,-0.1603448275862069,Decreasing,-0.47354838709677416,2.5056601066863267
101_641,-0.053763440860215055,0.6833368087995224,-0.06052631578947368,No significant trend,-0.25193548387096776,4.250355901117016
101_642,-0.07311827956989247,0.5748781452473757,-0.07736842105263161,No significant trend,-1.8941935483870964,4.099423857390088
101_643,-0.15268817204301074,0.2341449862943059,-0.08625000000000005,No significant trend,0.6374193548387096,6.586585569876307
101_644,-0.1913978494623656,0.13473584102323688,-0.060000000000000005,No significant trend,-0.6164516129032257,2.1175374443687764
101_645,-0.2946236559139785,0.020804552083621086,-0.1605,Decreasing,-0.45935483870967736,3.6142575514596413
101_646,-0.15913978494623657,0.21470238954837217,-0.08000000000000007,No significant trend,0.28064516129032246,3.542378402296574
101_647,-0.18494623655913978,0.14854345071667052,-0.08349999999999999,No significant trend,0.5880645161290322,2.619677915877149
101_648,-0.13763440860215054,0.28427093926275426,-0.06363636363636362,No significant trend,0.10774193548387093,3.4024542467378813
101_649,-0.060215053763440864,0.6463036389969625,-0.058333333333333334,No significant trend,-1.1367741935483873,3.685375095451308
101_65,0.004301075268817204,0.9864394742066862,0.0,No significant trend,-0.997741935483871,1.9430549768547785
101_650,0.012903225806451613,0.9322756334126572,0.00785714285714288,No significant trend,-1.5161290322580647,3.224079440928091
101_651,0.010752688172043012,0.9457970432721066,0.012941176470588234,No significant trend,-0.9429032258064515,4.281600690688674
101_652,-0.05591397849462366,0.6709019753135215,-0.036666666666666625,No significant trend,-0.21806451612903213,4.468188937694381
101_653,0.002150537634408602,1.0,0.0,No significant trend,-1.5896774193548386,4.538146903230057
101_654,-0.32688172043010755,0.010274278203273202,-0.3216666666666667,Decreasing,2.326129032258064,6.382065434415189
101_655,0.012903225806451613,0.9322756334126572,0.0036363636363636394,No significant trend,-0.6454838709677418,3.4694889822749047
101_656,-0.047311827956989246,0.721148135879736,-0.012105263157894735,No significant trend,0.21193548387096772,3.2891624773320767
101_657,-0.06451612903225806,0.6220860087372633,-0.04666666666666666,No significant trend,-0.01483870967741934,4.312635502101404
101_658,-0.18924731182795698,0.13922364714154067,-0.06857142857142856,No significant trend,0.2912903225806452,2.0807826411193857
101_659,0.03870967741935484,0.7726279905852822,0.023333333333333317,No significant trend,-0.3912903225806451,3.157001171932593
101_66,-0.02795698924731183,0.8383870987564421,-0.01111111111111112,No significant trend,-0.2793548387096774,1.909651100516111
101_660,-0.21935483870967742,0.08604531406845561,-0.08785714285714286,No significant trend,0.27387096774193553,2.5199432628269243
101_661,-0.08602150537634409,0.5074200543722851,-0.05571428571428571,No significant trend,-0.14322580645161295,3.895574318581548
101_662,0.010752688172043012,0.9457970432721066,0.003333333333333336,No significant trend,-0.8751612903225807,3.5038677900449477
101_663,-0.07526881720430108,0.5633463699559165,-0.02,No significant trend,-0.2783870967741936,2.4129597630084976
101_664,-0.11827956989247312,0.3587201702049656,-0.06799999999999998,No significant trend,-0.3687096774193549,3.2957076110675048
101_665,-0.06451612903225806,0.6220860087372633,-0.0436,No significant trend,-0.785483870967742,3.7662592365418273
101_666,-0.3161290322580645,0.013083919895177765,-0.09571428571428571,Decreasing,-1.433548387096774,2.400442900513659
101_667,0.0064516129032258064,0.9728828650934778,0.0,No significant trend,-1.5151612903225806,2.48545299430278
101_668,-0.01935483870967742,0.8918439412522505,-0.011428571428571408,No significant trend,-1.0048387096774196,4.840243842809616
101_669,-0.1913978494623656,0.13473584102323688,-0.09333333333333332,No significant trend,1.5441935483870972,3.003448313021324
101_67,-0.06666666666666667,0.6101267703127584,-0.018181818181818177,No significant trend,-0.5925806451612903,1.6895503653471668
101_670,-0.17419354838709677,0.1739206495334844,-0.05291666666666667,No significant trend,-0.5419354838709679,1.9957202909497707
101_671,-0.12688172043010754,0.3242351019547285,-0.042727272727272704,No significant trend,-0.7919354838709677,2.4234851195891274
101_672,-0.210752688172043,0.09921885768990202,-0.095,No significant trend,-1.073548387096774,3.099342852707075
101_673,-0.002150537634408602,1.0,-0.001666666666666668,No significant trend,-0.9087096774193549,4.568370036093896
101_674,-0.0989247311827957,0.4443675620908478,-0.03428571428571425,No significant trend,-1.1529032258064515,2.5740556596588684
101_675,-0.1053763440860215,0.4145985082462331,-0.06166666666666668,No significant trend,-0.9896774193548387,3.3635604061201496
101_676,-0.015053763440860216,0.9187737391879132,-0.010000000000000009,No significant trend,-0.5896774193548386,2.4893391840729704
101_677,-0.01935483870967742,0.8918439412522505,-0.0037500000000000033,No significant trend,-0.3583870967741936,2.0634188616330866
101_678,-0.23010752688172043,0.07160518117391312,-0.07857142857142858,No significant trend,-0.763548387096774,2.422693180668714
101_679,-0.08602150537634409,0.5074200543722851,-0.028000000000000004,No significant trend,-1.6983870967741934,2.6154850247463117
101_68,-0.023655913978494623,0.8650383150743488,-0.005384615384615372,No significant trend,0.725483870967742,2.4764254138546176
101_680,-0.14838709677419354,0.24778083040054266,-0.14347826086956522,No significant trend,2.6035483870967746,6.237475475877627
101_681,-0.05161290322580645,0.6958581513960522,-0.04208333333333336,No significant trend,-0.9119354838709677,4.799113775281404
101_682,-0.15913978494623657,0.21470238954837217,-0.10133333333333333,No significant trend,0.9525806451612906,9.088083288372724
101_683,-0.12258064516129032,0.34119875170636194,-0.043636363636363654,No significant trend,-0.30451612903225805,2.5021304969832014
101_684,-0.09462365591397849,0.46487326576717747,-0.05888888888888889,No significant trend,-0.8332258064516128,3.529596876457957
101_685,0.043010752688172046,0.7467467998855972,0.03749999999999998,No significant trend,-0.42677419354838714,4.150578962410545
101_686,-0.1010752688172043,0.43431144285625,-0.046000000000000006,No significant trend,-1.1290322580645158,3.9327617767299103
101_687,-0.30752688172043013,0.015800509032550147,-0.15111111111111114,Decreasing,-0.9680645161290323,3.8047545971093544
101_688,-0.034408602150537634,0.7987646104203716,-0.018750000000000017,No significant trend,-0.9109677419354839,3.2019171221354146
101_689,-0.06451612903225806,0.6220860087372633,-0.029999999999999995,No significant trend,-0.3816129032258065,2.482847086835535
101_69,0.12043010752688173,0.34988986770468866,0.084375,No significant trend,-0.5267741935483873,3.2471162263955264
101_690,-0.053763440860215055,0.6833368087995224,-0.03687500000000002,No significant trend,-1.2538709677419357,3.7473480320986012
101_691,-0.15483870967741936,0.22753013024096425,-0.105,No significant trend,-1.423548387096774,3.834193819782548
101_692,-0.2924731182795699,0.021760860424100192,-0.0814285714285714,Decreasing,-0.9487096774193549,2.4107711815737196
101_693,-0.08172043010752689,0.5294358519548577,-0.015000000000000013,No significant trend,-0.5316129032258065,2.4105401573415213
101_694,-0.13978494623655913,0.2766963536434415,-0.07130434782608697,No significant trend,-1.4170967741935483,3.616483047906632
101_695,-0.2623655913978495,0.03972794794507628,-0.14166666666666675,Decreasing,1.1319354838709679,5.287876224305899
101_696,-0.16129032258064516,0.20848766222654147,-0.10285714285714286,No significant trend,-0.021612903225806564,3.97033198967298
101_697,-0.05161290322580645,0.6958581513960522,-0.031875,No significant trend,-1.5554838709677419,4.522805893797086
101_698,-0.1935483870967742,0.1303606801133712,-0.07857142857142858,No significant trend,-0.23580645161290328,2.048854556769974
101_699,-0.06666666666666667,0.6101267703127584,-0.020833333333333332,No significant trend,-0.08161290322580646,2.255452313944737
101_7,-0.1053763440860215,0.4145985082462331,-0.06222222222222223,No significant trend,-0.6467741935483872,3.62746902532008
101_70,0.12903225806451613,0.3159628698783248,0.046363636363636364,No significant trend,-0.5616129032258065,2.336977779200878
101_700,-0.07096774193548387,0.5865203757130351,-0.03428571428571419,No significant trend,1.0570967741935484,8.15169453729373
101_701,-0.1870967741935484,0.14382566910763628,-0.07461538461538461,No significant trend,0.029032258064516127,2.2894348574924233
101_702,0.012903225806451613,0.9322756334126572,0.010000000000000009,No significant trend,0.6525806451612904,7.307981923341317
101_703,-0.27956989247311825,0.028340697604201104,-0.10071428571428573,Decreasing,-0.2958064516129032,2.564269089338914
101_704,-0.15698924731182795,0.22104956212356597,-0.050370370370370364,No significant trend,-0.8261290322580644,1.7963361949496426
101_705,-0.06451612903225806,0.6220860087372633,-0.0366666666666667,No significant trend,-1.740645161290323,3.2177130081972427
101_706,-0.16129032258064516,0.20848766222654147,-0.07125,No significant trend,-1.5283870967741937,5.571932019578241
101_707,-0.13333333333333333,0.2998377295670276,-0.0433333333333333,No significant trend,-1.2490322580645161,2.010447478417565
101_708,-0.012903225806451613,0.9322756334126572,-0.0011111111111111122,No significant trend,-2.117096774193548,3.823386603479566
101_709,-0.060215053763440864,0.6463036389969625,-0.01962962962962964,No significant trend,-0.9654838709677419,5.031707103833858
101_71,-0.16344086021505377,0.2024043739887733,-0.07538461538461538,No significant trend,0.36677419354838725,3.040296448933647
101_710,-0.2129032258064516,0.09578337281012361,-0.06749999999999999,No significant trend,-0.9851612903225805,2.007998314752766
101_711,0.13978494623655913,0.2766963536434415,0.10333333333333335,No significant trend,-1.8751612903225807,4.655007619942997
101_712,-0.010752688172043012,0.9457970432721066,-0.009999999999999985,No significant trend,-1.2348387096774192,3.5925647869146324
101_713,-0.023655913978494623,0.8650383150743488,-0.01466666666666665,No significant trend,-1.4164516129032259,2.6458482978811584
101_714,-0.11397849462365592,0.3767967991819643,-0.07719999999999999,No significant trend,0.4941935483870969,4.676536334892661
101_715,-0.10967741935483871,0.3954246967469044,-0.058823529411764705,No significant trend,-0.7538709677419356,3.9876160534587943
101_716,-0.030107526881720432,0.8251287015820885,-0.027142857142857135,No significant trend,-0.3916129032258064,3.176299426015198
101_717,-0.02795698924731183,0.8383870987564421,-0.010909090909090898,No significant trend,-0.926451612903226,1.6483570478922664
101_718,-0.11182795698924732,0.3860421406420662,-0.042777777777777776,No significant trend,-0.6667741935483871,2.186317255697314
101_719,-0.1956989247311828,0.12609656894220533,-0.09545454545454544,No significant trend,-1.5212903225806456,3.622520724520947
101_72,-0.210752688172043,0.09921885768990202,-0.12000000000000001,No significant trend,0.8716129032258064,2.999925909594987
101_720,-0.13978494623655913,0.2766963536434415,-0.13444444444444445,No significant trend,-0.9158064516129032,4.438557433623146
101_721,-0.02795698924731183,0.8383870987564421,-0.013333333333333345,No significant trend,-0.6706451612903226,2.3365744646657847
101_722,0.023655913978494623,0.8650383150743488,0.009999999999999993,No significant trend,-1.050967741935484,2.666807145970276
101_723,-0.053763440860215055,0.6833368087995224,-0.02,No significant trend,-1.4161290322580644,2.132868245132036
101_724,-0.2752688172043011,0.030885487177731763,-0.13999999999999999,Decreasing,-0.3064516129032258,3.3921280297534957
101_725,-0.030107526881720432,0.8251287015820885,-0.012500000000000011,No significant trend,-1.1951612903225806,2.8590488729394603
101_726,0.07526881720430108,0.5633463699559165,0.022272727272727263,No significant trend,-1.2838709677419358,1.7175858478227513
101_727,-0.08387096774193549,0.5183675363290698,-0.017499999999999988,No significant trend,-1.2258064516129032,1.4446916719685037
101_728,-0.23225806451612904,0.06896994111977195,-0.09125,No significant trend,-0.4883870967741935,2.1763095379552047
101_729,-0.060215053763440864,0.6463036389969625,-0.026999999999999996,No significant trend,-0.2812903225806451,3.5330848642012946
101_73,0.05161290322580645,0.6958581513960522,0.022413793103448272,No significant trend,-0.5216129032258064,2.5101074347579337
101_730,-0.17419354838709677,0.1739206495334844,-0.07833333333333337,No significant trend,-1.6174193548387092,2.729850483607334
101_731,-0.221505376344086,0.08298294959133434,-0.06615384615384615,No significant trend,-0.07032258064516125,1.8404198046185143
101_732,0.24946236559139784,0.050631724603018124,0.17200000000000001,No significant trend,3.7229032258064514,3.9272375529227115
101_733,-0.221505376344086,0.08298294959133434,-0.125,No significant trend,-0.6025806451612904,3.408340782354025
101_734,-0.010752688172043012,0.9457970432721066,-0.007499999999999998,No significant trend,-0.9290322580645163,3.818496879442781
101_735,0.04516129032258064,0.7339104943970112,0.050833333333333286,No significant trend,-1.2535483870967739,4.316345189630434
101_736,-0.010752688172043012,0.9457970432721066,-0.0040000000000000036,No significant trend,-0.4016129032258066,3.6780053296582915
101_737,-0.08602150537634409,0.5074200543722851,-0.05173913043478263,No significant trend,-0.5577419354838712,3.094897684146956
101_738,0.06451612903225806,0.6220860087372633,0.02695652173913043,No significant trend,-1.6761290322580644,2.9752036280752225
101_739,-0.06451612903225806,0.6220860087372633,-0.024583333333333336,No significant trend,-0.6467741935483873,3.7527997179712367
101_74,-0.12688172043010754,0.3242351019547285,-0.057333333333333354,No significant trend,-1.1548387096774193,3.5044311774111416
101_740,-0.14623655913978495,0.2548032960076365,-0.07625,No significant trend,1.4438709677419357,4.432297647379243
101_741,-0.2924731182795699,0.021760860424100192,-0.13,Decreasing,-0.39806451612903226,3.4066097226258956
101_742,0.004301075268817204,0.9864394742066862,0.0,No significant trend,-0.5970967741935483,3.315508226062238
101_743,0.1956989247311828,0.12609656894220533,0.094,No significant trend,-0.9951612903225805,3.062698442253004
101_744,0.03655913978494624,0.7856661000859302,0.02416666666666667,No significant trend,-0.07290322580645155,3.8465998337437353
101_745,-0.210752688172043,0.09921885768990202,-0.1288235294117647,No significant trend,-1.5935483870967744,3.953992305364857
101_746,-0.12043010752688173,0.34988986770468866,-0.0435,No significant trend,-0.6454838709677418,1.8914678353914716
101_747,-0.07956989247311828,0.5406231028187141,-0.0485,No significant trend,-1.5435483870967743,2.6892684559753137
101_748,-0.14193548387096774,0.26926051859260536,-0.05434782608695652,No significant trend,-1.1409677419354838,2.642041433142805
101_749,-0.1978494623655914,0.12194188920122184,-0.13416666666666666,No significant trend,0.9900000000000004,4.301119134184917
101_75,-0.02795698924731183,0.8383870987564421,-0.01153846153846155,No significant trend,-0.7332258064516131,2.5492078302709396
101_750,-0.24301075268817204,0.05696246823315332,-0.12052631578947369,No significant trend,-0.18677419354838706,4.022637865956162
101_751,-0.08387096774193549,0.5183675363290698,-0.049999999999999996,No significant trend,-0.8090322580645162,3.2698005807188144
101_752,-0.047311827956989246,0.721148135879736,-0.015,No significant trend,-0.7567741935483872,2.03969382126223
101_753,-0.06666666666666667,0.6101267703127584,-0.03105263157894736,No significant trend,-0.7793548387096776,3.717432287153777
101_754,-0.09462365591397849,0.46487326576717747,-0.024117647058823532,No significant trend,0.0764516129032258,1.7236711541528706
101_755,-0.1913978494623656,0.13473584102323688,-0.10333333333333332,No significant trend,0.6177419354838709,2.829336762219702
101_756,-0.05161290322580645,0.6958581513960522,-0.0128571428571429,No significant trend,2.278387096774193,2.923516548857969
101_757,-0.15913978494623657,0.21470238954837217,-0.07562500000000001,No significant trend,-0.57,2.7517818274358983
101_758,-0.22365591397849463,0.08000950089470127,-0.07600000000000001,No significant trend,3.3487096774193543,2.1044388447271802
101_759,0.08387096774193549,0.5183675363290698,0.05363636363636364,No significant trend,-1.324516129032258,3.868882341493535
101_76,-0.17634408602150536,0.16860199558675504,-0.04863636363636364,No significant trend,1.8135483870967744,4.260856757997717
101_760,-0.15053763440860216,0.2408949627928283,-0.0975,No significant trend,-0.876774193548387,3.2968160467010654
101_761,-0.09462365591397849,0.46487326576717747,-0.0664,No significant trend,-1.1516129032258062,5.831597521829478
101_762,0.11182795698924732,0.3860421406420662,0.09391304347826088,No significant trend,-0.16258064516129014,5.065962296092604
101_763,-0.16559139784946236,0.19645146482180031,-0.06846153846153848,No significant trend,1.048064516129032,4.7907258655049665
101_764,-0.34623655913978496,0.006539518436156966,-0.18529411764705883,Decreasing,0.9093548387096775,3.9815412281563582
101_765,0.07096774193548387,0.5865203757130351,0.023333333333333355,No significant trend,2.0041935483870965,3.619911578133748
101_766,-0.11182795698924732,0.3860421406420662,-0.04500000000000001,No significant trend,0.8558064516129031,3.6006260873080858
101_767,-0.2064516129032258,0.10638442840594231,-0.19238095238095237,No significant trend,-2.382903225806451,6.015857643277735
101_768,-0.07741935483870968,0.551927301016857,-0.0675,No significant trend,-2.9099999999999997,5.58806042870321
101_769,-0.25591397849462366,0.0449013762794892,-0.09882352941176471,Decreasing,-0.9080645161290322,2.3011111192062073
101_77,-0.08817204301075268,0.49659521437046883,-0.031052631578947366,No significant trend,-0.6964516129032259,2.554734439058256
101_770,-0.060215053763440864,0.6463036389969625,-0.02423076923076923,No significant trend,-0.31258064516129036,2.7126727300340803
101_771,-0.0967741935483871,0.45455525621868187,-0.04230769230769231,No significant trend,-0.04258064516129027,2.996297680785982
101_772,-0.3548387096774194,0.005313081962207367,-0.13722222222222222,Decreasing,-0.3170967741935484,3.161610648682181
101_773,-0.15483870967741936,0.22753013024096425,-0.09230769230769229,No significant trend,-1.0512903225806454,3.116279566256474
101_774,-0.2731182795698925,0.032229828676073824,-0.10400000000000001,Decreasing,0.6580645161290323,2.5871910529036635
101_775,-0.18924731182795698,0.13922364714154067,-0.15294117647058825,No significant trend,-1.2129032258064516,5.107607351941073
101_776,0.023655913978494623,0.8650383150743488,0.009374999999999994,No significant trend,-0.7293548387096773,4.222556888964446
101_777,-0.06666666666666667,0.6101267703127584,-0.019545454545454553,No significant trend,-0.2858064516129032,2.0402889962810353
101_778,-0.2086021505376344,0.10275196797700414,-0.07428571428571429,No significant trend,-0.47483870967741937,2.062638258854096
101_779,0.025806451612903226,0.8516915353162966,0.02863636363636363,No significant trend,-0.8551612903225807,3.0628774905915725
101_78,-0.2021505376344086,0.11395424835779155,-0.11952380952380953,No significant trend,-0.8206451612903226,4.434618167716848
101_780,-0.13763440860215054,0.28427093926275426,-0.045714285714285756,No significant trend,-0.9338709677419356,3.141277403427809
101_781,-0.10967741935483871,0.3954246967469044,-0.07150000000000001,No significant trend,-0.7241935483870968,3.1444716200008282
101_782,-0.08387096774193549,0.5183675363290698,-0.03105263157894736,No significant trend,-0.3283870967741934,2.6201158516299503
101_783,-0.18064516129032257,0.158332321603736,-0.04941176470588235,No significant trend,0.03000000000000002,2.1050630210472665
101_784,-0.11397849462365592,0.3767967991819643,-0.034,No significant trend,-0.42612903225806453,3.4076381731097194
101_785,-0.12688172043010754,0.3242351019547285,-0.04416666666666667,No significant trend,0.4254838709677417,8.325345614722465
101_786,-0.1870967741935484,0.14382566910763628,-0.09888888888888887,No significant trend,2.1109677419354833,19.190722112325734
101_787,-0.06451612903225806,0.6220860087372633,-0.05782608695652174,No significant trend,-0.6206451612903227,7.114828647307053
101_788,-0.04516129032258064,0.7339104943970112,-0.027058823529411764,No significant trend,0.061935483870967645,2.5087208144530404
101_789,-0.12903225806451613,0.3159628698783248,-0.0733333333333333,No significant trend,-0.2690322580645161,3.4042055156097444
101_79,-0.034408602150537634,0.7987646104203716,-0.029999999999999992,No significant trend,-0.2945161290322581,2.8864241061749043
101_790,-0.034408602150537634,0.7987646104203716,-0.0036363636363636394,No significant trend,-1.0000000000000002,2.579054590474029
101_791,-0.10752688172043011,0.4049437537873102,-0.045555555555555544,No significant trend,0.8206451612903225,3.4583624089312623
101_792,0.043010752688172046,0.7467467998855972,0.022068965517241385,No significant trend,1.4025806451612906,4.2913288172418
101_793,-0.06666666666666667,0.6101267703127584,-0.042499999999999996,No significant trend,-0.3783870967741936,2.8151572428141542
101_794,-0.11612903225806452,0.3676892969544798,-0.04521739130434783,No significant trend,-0.6045161290322582,2.895740853123693
101_795,-0.18494623655913978,0.14854345071667052,-0.1758333333333333,No significant trend,-1.1406451612903228,5.798801286297062
101_796,-0.060215053763440864,0.6463036389969625,-0.025833333333333337,No significant trend,-1.5816129032258064,5.179474438884636
101_797,-0.20430107526881722,0.1101179540129047,-0.14153846153846153,No significant trend,-2.0319354838709676,4.013420566175312
101_798,-0.27741935483870966,0.029589571342436338,-0.13375,Decreasing,1.1412903225806452,5.7467779145869
101_799,-0.22365591397849463,0.08000950089470127,-0.11823529411764705,No significant trend,0.01290322580645151,5.1764268368331425
101_8,0.12903225806451613,0.3159628698783248,0.08777777777777783,No significant trend,-0.6538709677419353,3.387890843939257
101_80,-0.13548387096774195,0.29198463590975887,-0.08714285714285715,No significant trend,0.06290322580645155,3.6542208856276512
101_800,-0.24731182795698925,0.05267307614212502,-0.12000000000000001,No significant trend,-1.3790322580645162,3.082215745561174
101_801,-0.2021505376344086,0.11395424835779155,-0.12944444444444445,No significant trend,1.0916129032258068,4.18645211002239
101_802,-0.12688172043010754,0.3242351019547285,-0.08625,No significant trend,1.1251612903225807,4.074646132244822
101_803,0.08172043010752689,0.5294358519548577,0.05894736842105264,No significant trend,-0.7580645161290325,3.7422499867832997
101_804,-0.13978494623655913,0.2766963536434415,-0.0661904761904762,No significant trend,-0.05064516129032272,2.4817526786447632
101_805,0.002150537634408602,1.0,0.006666666666666669,No significant trend,-1.642258064516129,4.29700098694308
101_806,-0.3935483870967742,0.0019791198223833018,-0.1394736842105263,Decreasing,1.6235483870967744,6.29952356026774
101_807,-0.1010752688172043,0.43431144285625,-0.02400000000000002,No significant trend,-2.2735483870967736,1.857111090510581
101_808,-0.11827956989247312,0.3587201702049656,-0.08166666666666667,No significant trend,-2.1303225806451613,3.5444190423191544
101_809,-0.17849462365591398,0.16340634586373248,-0.12937500000000002,No significant trend,-1.5987096774193548,4.0710327943271345
101_81,-0.02795698924731183,0.8383870987564421,-0.015416666666666662,No significant trend,2.2264516129032255,4.853606273747585
101_810,-0.27956989247311825,0.028340697604201104,-0.1737037037037037,Decreasing,-1.9493548387096775,3.3485046595061876
101_811,-0.15698924731182795,0.22104956212356597,-0.08857142857142859,No significant trend,-2.388709677419355,3.3744110520164647
101_812,-0.08817204301075268,0.49659521437046883,-0.07120000000000001,No significant trend,-0.786774193548387,3.4946746464435456
101_813,-0.012903225806451613,0.9322756334126572,-0.003461538461538456,No significant trend,15.768064516129032,6.184453672042836
101_814,0.06666666666666667,0.6101267703127584,0.0799999999999983,No significant trend,23.258709677419358,6.082513668592618
101_815,-0.1827956989247312,0.1533785068859166,-0.07866666666666668,No significant trend,0.48741935483870974,2.730519231896092
101_816,-0.23010752688172043,0.07160518117391312,-0.12142857142857144,No significant trend,-0.6648387096774194,2.9097820237258896
101_817,-0.16129032258064516,0.20848766222654147,-0.08749999999999991,No significant trend,-1.5951612903225807,3.186327515887461
101_818,-0.2989247311827957,0.019001296136927026,-0.13624999999999998,Decreasing,-0.43548387096774194,2.662472581969597
101_819,-0.3204301075268817,0.011887389113116376,-0.09857142857142856,Decreasing,-0.3280645161290322,2.249631395405147
101_82,0.2064516129032258,0.10638442840594231,0.19999999999999996,No significant trend,-2.0264516129032257,10.562629055790953
101_820,-0.13763440860215054,0.28427093926275426,-0.06235294117647059,No significant trend,-0.5448387096774193,3.256040412454032
101_821,-0.1870967741935484,0.14382566910763628,-0.10875,No significant trend,-0.3738709677419355,7.972575039317236
101_822,-0.210752688172043,0.09921885768990202,-0.078,No significant trend,-0.7548387096774194,2.7847741218040114
101_823,-0.25591397849462366,0.0449013762794892,-0.14000000000000004,Decreasing,-0.6041935483870969,3.8241952762543545
101_824,-0.26881720430107525,0.035069438571895484,-0.2841666666666666,Decreasing,4.616129032258065,7.886507742369081
101_825,-0.08172043010752689,0.5294358519548577,-0.040000000000000036,No significant trend,-0.002580645161290296,4.852185385750415
101_826,-0.2817204301075269,0.02713750593978581,-0.11857142857142862,Decreasing,0.5183870967741937,2.955034082849342
101_827,0.06666666666666667,0.6101267703127584,0.05307692307692309,No significant trend,-0.0006451612903226099,3.5571617314604786
101_828,-0.1978494623655914,0.12194188920122184,-0.07846153846153846,No significant trend,-0.5467741935483871,2.7151716955117626
101_829,-0.03655913978494624,0.7856661000859302,-0.010000000000000009,No significant trend,-0.904516129032258,2.6833282639886793
101_83,0.017204301075268817,0.9052952265477159,0.009333333333333312,No significant trend,-2.157741935483871,3.9487619208552256
101_830,-0.017204301075268817,0.9052952265477159,-0.0028571428571428597,No significant trend,0.024516129032258135,2.00029004140396
101_831,-0.24516129032258063,0.05478277122914399,-0.10266666666666667,No significant trend,-0.7609677419354839,2.9291508786553075
101_832,-0.26881720430107525,0.035069438571895484,-0.1485714285714286,Decreasing,-0.9180645161290324,8.335582654463096
101_833,-0.0967741935483871,0.45455525621868187,-0.06714285714285714,No significant trend,-2.4287096774193544,5.651524910936748
101_834,0.16774193548387098,0.19062782292334934,0.10363636363636365,No significant trend,-0.13129032258064524,3.8882733060845367
101_835,-0.24731182795698925,0.05267307614212502,-0.12666666666666668,No significant trend,1.5945161290322578,6.474532659039235
101_836,-0.1956989247311828,0.12609656894220533,-0.09380952380952381,No significant trend,-0.20516129032258051,3.259663421144386
101_837,-0.15698924731182795,0.22104956212356597,-0.05250000000000005,No significant trend,-0.9738709677419356,2.260919991763779
101_838,-0.08602150537634409,0.5074200543722851,-0.017599999999999998,No significant trend,-0.4080645161290322,2.4606980642857432
101_839,-0.210752688172043,0.09921885768990202,-0.15785714285714286,No significant trend,-1.557741935483871,4.095288173465365
101_84,-0.13548387096774195,0.29198463590975887,-0.06583333333333334,No significant trend,-0.7412903225806453,3.5882071558275666
101_840,-0.16774193548387098,0.19062782292334934,-0.08416666666666667,No significant trend,-0.09322580645161288,2.37482004356836
101_841,0.04516129032258064,0.7339104943970112,0.022352941176470582,No significant trend,0.9080645161290323,3.8706917105884724
101_842,-0.15268817204301074,0.2341449862943059,-0.065,No significant trend,0.6680645161290324,2.8432902559725832
101_843,-0.09247311827956989,0.47532023939393775,-0.023,No significant trend,1.0929032258064517,6.765183731881835
101_844,-0.14838709677419354,0.24778083040054266,-0.08749999999999998,No significant trend,-0.7187096774193547,2.932163950368709
101_845,0.16344086021505377,0.2024043739887733,0.05428571428571427,No significant trend,0.5309677419354839,2.9279777837588217
101_846,-0.07096774193548387,0.5865203757130351,-0.040000000000000036,No significant trend,-1.3448387096774195,4.4188386088886284
101_847,-0.05806451612903226,0.6585566199856316,-0.02277777777777778,No significant trend,-1.1406451612903223,4.060891317610498
101_848,-0.3053763440860215,0.016552728702838415,-0.07904761904761906,Decreasing,-0.34838709677419355,1.6692302587143872
101_849,-0.15913978494623657,0.21470238954837217,-0.05333333333333334,No significant trend,-0.05096774193548389,2.0323280069889496
101_85,-0.02795698924731183,0.8383870987564421,-0.03115384615384614,No significant trend,-0.9477419354838711,4.9940633851296905
101_850,-0.16989247311827957,0.18493228677225515,-0.11444444444444442,No significant trend,0.7096774193548387,3.7563155282210556
101_851,-0.05591397849462366,0.6709019753135215,-0.02894736842105262,No significant trend,-1.400967741935484,2.76160233389464
101_852,-0.1053763440860215,0.4145985082462331,-0.041304347826086954,No significant trend,0.5296774193548388,2.2332985641393517
101_853,0.017204301075268817,0.9052952265477159,0.007999999999999997,No significant trend,-0.5180645161290323,4.867276790020923
101_854,-0.15483870967741936,0.22753013024096425,-0.08636363636363636,No significant trend,0.6512903225806453,6.602790584015062
101_855,-0.025806451612903226,0.8516915353162966,-0.011052631578947366,No significant trend,-0.5429032258064516,2.940364464515095
101_856,-0.01935483870967742,0.8918439412522505,-0.004761904761904766,No significant trend,-0.6103225806451613,3.957402605221346
101_857,-0.0064516129032258064,0.9728828650934778,-0.0029629629629629615,No significant trend,-0.6925806451612904,3.152545277607813
101_858,-0.012903225806451613,0.9322756334126572,-0.0026086956521739106,No significant trend,-0.2738709677419355,1.7878202215661951
101_859,0.03225806451612903,0.8119200006410021,0.02347826086956522,No significant trend,-0.9393548387096774,4.765945010365879
101_86,-0.023655913978494623,0.8650383150743488,-0.021111111111111105,No significant trend,-1.7025806451612904,5.437076401144594
101_860,-0.1956989247311828,0.12609656894220533,-0.06538461538461539,No significant trend,1.2467741935483871,3.540524279653777
101_861,-0.25806451612903225,0.0431171263634158,-0.08333333333333333,Decreasing,-0.5296774193548387,1.955413468150815
101_862,0.04946236559139785,0.7084629632532715,0.03136363636363635,No significant trend,-0.7432258064516128,3.356572163822332
101_863,-0.023655913978494623,0.8650383150743488,-0.008823529411764727,No significant trend,-1.673225806451613,2.496024435230855
101_864,0.15268817204301074,0.2341449862943059,0.07190476190476194,No significant trend,4.020967741935484,4.978298293813382
101_865,-0.025806451612903226,0.8516915353162966,-0.02400000000000002,No significant trend,-0.5209677419354838,6.30375124101807
101_866,0.07096774193548387,0.5865203757130351,0.04538461538461539,No significant trend,-0.7745161290322581,3.8987771769551425
101_867,-0.1935483870967742,0.1303606801133712,-0.13545454545454547,No significant trend,-0.825483870967742,3.7753016018887453
101_868,-0.02795698924731183,0.8383870987564421,-0.022142857142857113,No significant trend,-1.190322580645161,11.649050489859532
101_869,-0.04086021505376344,0.7596537518193331,-0.023703703703703703,No significant trend,-0.39741935483870994,9.15528578780584
101_870,0.13978494623655913,0.2766963536434415,0.15444444444444447,No significant trend,0.29129032258064524,4.951747649737468
101_871,-0.2086021505376344,0.10275196797700414,-0.142,No significant trend,0.6145161290322579,4.204558078661375
101_872,0.06666666666666667,0.6101267703127584,0.02999999999999999,No significant trend,-1.2167741935483871,1.815884014870735
101_873,-0.1053763440860215,0.4145985082462331,-0.05727272727272728,No significant trend,-1.085483870967742,5.952062715758337
101_874,0.05591397849462366,0.6709019753135215,0.030000000000000027,No significant trend,-1.2390322580645163,3.09717389893589
101_875,-0.14408602150537633,0.2619630008374654,-0.07538461538461538,No significant trend,-0.8993548387096773,2.7496732186886064
101_876,-0.023655913978494623,0.8650383150743488,-0.009230769230769239,No significant trend,-1.9348387096774196,3.3914473748778824
101_877,-0.15268817204301074,0.2341449862943059,-0.05799999999999999,No significant trend,-1.256451612903226,1.8418513624087793
101_878,-0.13978494623655913,0.2766963536434415,-0.10555555555555557,No significant trend,-0.8387096774193549,4.071697547180144
101_879,-0.07096774193548387,0.5865203757130351,-0.0484,No significant trend,-1.3764516129032258,3.5806194709918264
101_880,-0.09247311827956989,0.47532023939393775,-0.04708333333333333,No significant trend,-0.5251612903225805,3.014732504014183
101_881,0.08172043010752689,0.5294358519548577,0.07125,No significant trend,-0.5412903225806452,4.333759257597216
101_882,-0.11182795698924732,0.3860421406420662,-0.04,No significant trend,-1.1861290322580644,1.9301991831353784
101_883,-0.01935483870967742,0.8918439412522505,-0.010000000000000009,No significant trend,-1.3412903225806452,4.103482189190435
101_884,-0.14408602150537633,0.2619630008374654,-0.04533333333333333,No significant trend,-0.8106451612903227,2.8487166725634725
101_885,0.16989247311827957,0.18493228677225515,0.12363636363636363,No significant trend,3.1790322580645163,6.380719625124057
101_886,0.10967741935483871,0.3954246967469044,0.05687499999999998,No significant trend,-2.168064516129032,3.6250761232094804
101_887,-0.030107526881720432,0.8251287015820885,-0.01111111111111117,No significant trend,-1.1080645161290321,2.6029244339282873
101_888,0.0064516129032258064,0.9728828650934778,0.006470588235294124,No significant trend,-1.8348387096774192,5.988548141657807
101_889,-0.07311827956989247,0.5748781452473757,-0.052352941176470595,No significant trend,-0.8748387096774195,4.390430848846337
101_89,-0.03655913978494624,0.7856661000859302,-0.02846153846153845,No significant trend,-0.9893548387096772,3.637892810391194
101_890,0.0989247311827957,0.4443675620908478,0.03083333333333334,No significant trend,-1.5358064516129033,2.7180872949896555
101_891,0.015053763440860216,0.9187737391879132,0.005454545454545459,No significant trend,-0.786774193548387,3.0305044689140823
101_892,-0.04086021505376344,0.7596537518193331,-0.010625,No significant trend,-0.24225806451612905,2.1051300008549303
101_894,-0.08172043010752689,0.5294358519548577,-0.03266666666666665,No significant trend,0.13129032258064519,2.1382503277446014
101_895,-0.12473118279569892,0.33264709898406286,-0.07600000000000003,No significant trend,0.030967741935483746,4.164565852630368
101_896,-0.043010752688172046,0.7467467998855972,-0.023571428571428573,No significant trend,-0.31709677419354837,3.8041456109545058
101_897,-0.017204301075268817,0.9052952265477159,-0.006666666666666672,No significant trend,0.7880645161290322,3.7377183132742973
101_898,-0.32903225806451614,0.009781611919498001,-0.19074074074074077,Decreasing,-0.003225806451612992,6.244199572711475
101_899,-0.20430107526881722,0.1101179540129047,-0.10000000000000009,No significant trend,-0.5135483870967741,2.4612553162014006
101_9,-0.27741935483870966,0.029589571342436338,-0.09962962962962964,Decreasing,-0.4993548387096775,2.0666989972071965
101_90,0.03870967741935484,0.7726279905852822,0.010476190476190476,No significant trend,-0.9490322580645161,1.8048042603878838
101_900,-0.17419354838709677,0.1739206495334844,-0.11166666666666665,No significant trend,-0.11451612903225789,3.940849620781136
101_901,0.0064516129032258064,0.9728828650934778,0.0012500000000000011,No significant trend,-0.7838709677419355,2.02736230576445
101_902,0.03870967741935484,0.7726279905852822,0.014000000000000004,No significant trend,0.4535483870967742,2.79043706645612
101_903,-0.015053763440860216,0.9187737391879132,-0.0014285714285714299,No significant trend,-0.4351612903225807,2.662632545200262
101_904,-0.32903225806451614,0.009781611919498001,-0.26875000000000004,Decreasing,-0.42516129032258065,4.63061541995595
101_905,-0.14408602150537633,0.2619630008374654,-0.083,No significant trend,1.5219354838709678,4.53733573903683
101_906,-0.07526881720430108,0.5633463699559165,-0.024117647058823525,No significant trend,0.6461290322580645,2.1690635372233715
101_907,-0.44086021505376344,0.0005257753160301526,-0.27999999999999997,Decreasing,2.5390322580645153,4.2058771129553945
101_908,-0.06236559139784946,0.6341458536966633,-0.03777777777777781,No significant trend,2.2303225806451614,2.4677304237555657
101_909,-0.04946236559139785,0.7084629632532715,-0.02812500000000001,No significant trend,-1.0987096774193548,3.699312701583889
101_91,0.047311827956989246,0.721148135879736,0.026666666666666616,No significant trend,-1.202258064516129,4.045463974887476
101_910,-0.18494623655913978,0.14854345071667052,-0.12133333333333332,No significant trend,-0.3400000000000001,3.446596263917724
101_911,-0.23440860215053763,0.06641490832840091,-0.1325,No significant trend,-0.16451612903225804,3.2473163497796618
101_912,-0.2,0.11789500171022893,-0.12499999999999999,No significant trend,-0.43548387096774194,4.059363400520061
101_913,-0.33978494623655914,0.007620496341621097,-0.2372222222222222,Decreasing,-0.07387096774193554,4.260901523128912
101_914,-0.2172043010752688,0.08919834224618706,-0.07733333333333334,No significant trend,-0.5038709677419355,2.0589296897227074
101_915,-0.12688172043010754,0.3242351019547285,-0.047058823529411764,No significant trend,-0.8129032258064515,2.0894947584221084
101_916,-0.1032258064516129,0.42438806620665614,-0.06466666666666666,No significant trend,-0.06258064516129028,3.9636338554753707
101_917,-0.03225806451612903,0.8119200006410021,-0.011071428571428574,No significant trend,-1.2629032258064519,2.5053416398907036
101_918,-0.02795698924731183,0.8383870987564421,-0.018181818181818188,No significant trend,-1.730967741935484,3.989137957519232
101_919,-0.21505376344086022,0.09244378064522207,-0.1742857142857143,No significant trend,-1.6883870967741934,4.966090886085932
101_92,-0.13118279569892474,0.30783043013369626,-0.11307692307692307,No significant trend,-0.5916129032258065,4.84872720031343
101_920,-0.0967741935483871,0.45455525621868187,-0.05437500000000001,No significant trend,-0.4329032258064516,3.8996130441186803
101_921,-0.13978494623655913,0.2766963536434415,-0.048095238095238094,No significant trend,-0.6451612903225806,2.1650268134639097
101_922,-0.3247311827956989,0.010788909951167325,-0.22428571428571425,Decreasing,-3.2974193548387096,5.137127330642905
101_923,-0.034408602150537634,0.7987646104203716,-0.014117647058823542,No significant trend,0.9822580645161291,7.478903106427986
101_924,-0.3139784946236559,0.013721204475508175,-0.21482758620689657,Decreasing,4.251935483870968,4.7120377205311765
101_925,-0.08602150537634409,0.5074200543722851,-0.045,No significant trend,-0.4967741935483871,2.287179397024365
101_926,-0.23655913978494625,0.06393835708593554,-0.19230769230769232,No significant trend,0.0816129032258066,4.925311253812319
101_927,-0.25806451612903225,0.0431171263634158,-0.12642857142857147,Decreasing,0.6658064516129031,2.968557566740984
101_928,-0.17419354838709677,0.1739206495334844,-0.1406666666666667,No significant trend,0.8700000000000004,7.494515844398188
101_929,-0.14838709677419354,0.24778083040054266,-0.08652173913043477,No significant trend,-0.2738709677419356,3.4919129404025346
101_93,-0.28817204301075267,0.023788782312269774,-0.20375000000000001,Decreasing,-0.4193548387096773,4.168360036059568
101_930,-0.11397849462365592,0.3767967991819643,-0.06285714285714288,No significant trend,-1.0612903225806452,2.8630321642931844
101_931,-0.36129032258064514,0.004534009191836885,-0.15249999999999997,Decreasing,-0.637741935483871,2.3891633164682453
101_932,-0.12903225806451613,0.3159628698783248,-0.0666666666666667,No significant trend,-0.6380645161290324,2.970406097309666
101_933,-0.46021505376344085,0.0002943335046816653,-0.17166666666666666,Decreasing,-1.5793548387096774,2.2045816448769138
101_934,-0.13763440860215054,0.28427093926275426,-0.06875,No significant trend,0.8158064516129033,10.557583659944758
101_935,-0.35053763440860214,0.005897626336997419,-0.15523809523809523,Decreasing,-1.064516129032258,2.6094837441590197
101_936,-0.22365591397849463,0.08000950089470127,-0.07466666666666665,No significant trend,0.03645161290322589,2.1275694877202116
101_937,0.015053763440860216,0.9187737391879132,0.013076923076923088,No significant trend,-2.109677419354839,4.028837568580576
101_938,-0.06666666666666667,0.6101267703127584,-0.025600000000000005,No significant trend,-0.6635483870967742,2.081438008479368
101_939,-0.18924731182795698,0.13922364714154067,-0.08125,No significant trend,-0.7025806451612904,2.5437234173827785
101_94,-0.13333333333333333,0.2998377295670276,-0.11,No significant trend,-0.759032258064516,3.9444132437751875
101_940,-0.1010752688172043,0.43431144285625,-0.026799999999999997,No significant trend,-0.9412903225806452,1.7407965213131673
101_941,-0.11827956989247312,0.3587201702049656,-0.09615384615384616,No significant trend,0.41483870967741937,4.110769389540775
101_942,-0.22365591397849463,0.08000950089470127,-0.12125,No significant trend,-1.1529032258064518,3.5538032272104676
101_943,-0.2172043010752688,0.08919834224618706,-0.08307692307692308,No significant trend,-0.5419354838709677,2.277300919884906
101_944,-0.1913978494623656,0.13473584102323688,-0.09,No significant trend,-0.34096774193548396,3.2968385196678756
101_945,-0.07526881720430108,0.5633463699559165,-0.053000000000000005,No significant trend,-0.8461290322580647,3.3745534255750576
101_946,-0.2731182795698925,0.032229828676073824,-0.09333333333333334,Decreasing,-0.5,2.278454484669307
101_947,0.021505376344086023,0.8784237055808175,0.010000000000000009,No significant trend,-0.055483870967741926,3.7323441036169713
101_948,-0.0064516129032258064,0.9728828650934778,-0.0004347826086956622,No significant trend,-0.018064516129032253,2.5059856336056017
101_949,0.04086021505376344,0.7596537518193331,0.02111111111111113,No significant trend,-0.950967741935484,3.5690157266428417
101_95,-0.07741935483870968,0.551927301016857,-0.0433333333333333,No significant trend,-0.5819354838709676,3.6474254458363427
101_950,0.03655913978494624,0.7856661000859302,0.009999999999999995,No significant trend,-0.5403225806451613,2.217113036929415
101_951,0.010752688172043012,0.9457970432721066,0.002272727272727275,No significant trend,0.02935483870967738,5.22215376127011
101_952,-0.12258064516129032,0.34119875170636194,-0.04999999999999996,No significant trend,-0.6883870967741936,1.9154618692985597
101_953,-0.09247311827956989,0.47532023939393775,-0.04833333333333334,No significant trend,-0.227741935483871,2.965953809134396
101_954,-0.2752688172043011,0.030885487177731763,-0.08428571428571428,Decreasing,-0.1538709677419355,2.0298286554405154
101_955,-0.2731182795698925,0.032229828676073824,-0.1392857142857143,Decreasing,-0.8038709677419353,3.4002321338396646
101_956,-0.23870967741935484,0.061538570047021235,-0.16466666666666666,No significant trend,5.073225806451613,5.142298586766726
101_957,-0.210752688172043,0.09921885768990202,-0.12375000000000003,No significant trend,-0.7193548387096773,3.484080788185833
101_958,-0.012903225806451613,0.9322756334126572,-0.004117647058823533,No significant trend,-0.0016129032258064317,3.261554247321452
101_959,-0.25591397849462366,0.0449013762794892,-0.08499999999999999,Decreasing,-0.5264516129032258,2.368955872336596
101_96,-0.15483870967741936,0.22753013024096425,-0.09200000000000001,No significant trend,0.06483870967741932,3.695892987355753
101_960,-0.13978494623655913,0.2766963536434415,-0.047692307692307694,No significant trend,0.25806451612903236,2.2158598700232837
101_961,-0.04946236559139785,0.7084629632532715,-0.020000000000000018,No significant trend,0.13451612903225807,2.4812156733105226
101_962,-0.03225806451612903,0.8119200006410021,-0.009600000000000008,No significant trend,-1.0948387096774197,3.9104375392248603
101_963,0.053763440860215055,0.6833368087995224,0.014444444444444446,No significant trend,-1.1287096774193548,2.6947987439791325
101_964,-0.2086021505376344,0.10275196797700414,-0.09428571428571429,No significant trend,-0.29451612903225816,3.3311054434746294
101_965,-0.01935483870967742,0.8918439412522505,-0.0018181818181818197,No significant trend,-0.8235483870967742,3.4355555951925285
101_966,-0.13978494623655913,0.2766963536434415,-0.06400000000000006,No significant trend,0.14290322580645165,5.333792570412084
101_967,-0.23225806451612904,0.06896994111977195,-0.09631578947368422,No significant trend,-1.063225806451613,3.2216739659003104
101_968,-0.05161290322580645,0.6958581513960522,-0.020476190476190474,No significant trend,-0.3241935483870968,1.8102125595979381
101_969,-0.24301075268817204,0.05696246823315332,-0.09142857142857141,No significant trend,-0.5558064516129031,2.2467607854542835
101_97,-0.11827956989247312,0.3587201702049656,-0.06666666666666667,No significant trend,0.23258064516129037,3.7314703214182727
101_970,-0.08387096774193549,0.5183675363290698,-0.03588235294117647,No significant trend,-0.8877419354838708,2.969406055173236
101_971,-0.1053763440860215,0.4145985082462331,-0.05478260869565217,No significant trend,-0.7887096774193548,2.244430730231961
101_972,0.10967741935483871,0.3954246967469044,0.07214285714285715,No significant trend,-0.5835483870967741,3.027922260461887
101_973,-0.07956989247311828,0.5406231028187141,-0.040588235294117654,No significant trend,-1.0512903225806451,2.6770671746611594
101_974,0.05591397849462366,0.6709019753135215,0.022105263157894732,No significant trend,-0.866774193548387,3.189482096796538
101_975,0.05161290322580645,0.6958581513960522,0.01666666666666668,No significant trend,-1.536129032258065,2.0165935464881795
101_976,-0.07526881720430108,0.5633463699559165,-0.02923076923076923,No significant trend,-0.7261290322580645,3.8012660687310698
101_977,-0.13333333333333333,0.2998377295670276,-0.06357142857142857,No significant trend,-0.2429032258064516,2.989135373474634
101_978,-0.1032258064516129,0.42438806620665614,-0.08125,No significant trend,0.1141935483870967,3.9371790902047463
101_979,-0.3548387096774194,0.005313081962207367,-0.10400000000000001,Decreasing,-0.3796774193548387,1.9580017527274234
101_98,-0.12258064516129032,0.34119875170636194,-0.06200000000000001,No significant trend,-0.6674193548387096,2.7258665005792615
101_980,-0.17634408602150536,0.16860199558675504,-0.07041666666666667,No significant trend,-1.1212903225806454,2.8768685282118858
101_981,-0.02795698924731183,0.8383870987564421,-0.0088235294117647,No significant trend,-0.7612903225806451,1.7742017595117912
101_982,0.01935483870967742,0.8918439412522505,0.00681818181818182,No significant trend,-0.8803225806451613,3.2985886364801416
101_983,-0.2731182795698925,0.032229828676073824,-0.17166666666666663,Decreasing,-0.06967741935483875,3.3955905789439185
101_984,0.03870967741935484,0.7726279905852822,0.022500000000000003,No significant trend,0.2551612903225806,3.3320504884914937
101_985,-0.05591397849462366,0.6709019753135215,-0.006999999999999995,No significant trend,-0.8177419354838711,3.692426171256089
101_986,-0.16129032258064516,0.20848766222654147,-0.08321428571428571,No significant trend,-0.4848387096774195,3.0605996365542083
101_987,-0.06666666666666667,0.6101267703127584,-0.033636363636363624,No significant trend,-0.36,2.99807787886538
101_988,-0.11182795698924732,0.3860421406420662,-0.052142857142857144,No significant trend,-0.48,2.9095715237149444
101_989,-0.010752688172043012,0.9457970432721066,-0.0050000000000000044,No significant trend,0.04935483870967741,2.0053861915639333
101_99,0.05806451612903226,0.6585566199856316,0.054210526315789466,No significant trend,2.095806451612903,4.596544125538544
101_990,-0.012903225806451613,0.9322756334126572,-0.0018181818181818173,No significant trend,0.12516129032258067,1.9833498397631864
101_991,-0.4236559139784946,0.0008644209634274258,-0.2,Decreasing,1.2183870967741934,4.546216503348403
101_992,-0.03655913978494624,0.7856661000859302,-0.012222222222222216,No significant trend,-0.5687096774193549,3.012118257901533
101_993,0.043010752688172046,0.7467467998855972,0.017333333333333333,No significant trend,-0.5596774193548387,2.082132101834587
101_994,-0.2086021505376344,0.10275196797700414,-0.08333333333333333,No significant trend,-0.09354838709677424,2.460200029091651
101_995,0.043010752688172046,0.7467467998855972,0.002222222222222175,No significant trend,2.6393548387096772,8.811035578799105
101_996,0.04946236559139785,0.7084629632532715,0.011379310344827588,No significant trend,-1.9025806451612906,3.015962872773465
101_997,-0.23870967741935484,0.061538570047021235,-0.12842105263157896,No significant trend,0.41516129032258076,3.480363228140403
101_998,-0.12688172043010754,0.3242351019547285,-0.079047619047619,No significant trend,4.679354838709679,4.441001002741111
147_1,-0.35268817204301073,0.005598474454852953,-0.13153846153846155,Decreasing,0.06000000000000007,4.762592137793005
147_10,-0.15268817204301074,0.2341449862943059,-0.057692307692307696,No significant trend,-1.413225806451613,2.2556715430890573
147_100,0.06881720430107527,0.5982707245011594,0.017307692307692305,No significant trend,0.5932258064516129,1.8206510482061153
147_101,-0.047311827956989246,0.721148135879736,-0.010000000000000083,No significant trend,2.050967741935484,2.8991960563495813
147_102,-0.22795698924731184,0.07432236131839742,-0.09999999999999998,No significant trend,-0.11935483870967736,2.774826859444737
147_103,-0.1935483870967742,0.1303606801133712,-0.08583333333333333,No significant trend,-1.2983870967741935,3.0148654244552016
147_104,-0.008602150537634409,0.959334085947048,-0.0025000000000000022,No significant trend,-0.44999999999999984,2.93579466628384
147_105,-0.1935483870967742,0.1303606801133712,-0.1,No significant trend,-0.35258064516129045,2.937486272024955
147_106,-0.2967741935483871,0.019885085312989492,-0.12799999999999997,Decreasing,-0.6458064516129033,2.708560829848692
147_107,-0.03655913978494624,0.7856661000859302,-0.018888888888888882,No significant trend,-1.5461290322580645,2.692449031978561
147_108,-0.12258064516129032,0.34119875170636194,-0.08299999999999999,No significant trend,-1.8622580645161289,4.095059737779579
147_109,-0.030107526881720432,0.8251287015820885,-0.02176470588235294,No significant trend,-1.4161290322580644,2.663075686566744
147_11,-0.16559139784946236,0.19645146482180031,-0.0828,No significant trend,-0.30580645161290326,3.281880631386226
147_110,-0.17849462365591398,0.16340634586373248,-0.095625,No significant trend,-0.35548387096774203,2.5736629334279857
147_111,-0.24946236559139784,0.050631724603018124,-0.09692307692307692,No significant trend,-0.3674193548387097,2.1381314841459957
147_112,0.010752688172043012,0.9457970432721066,0.0015384615384615398,No significant trend,-1.674838709677419,4.488645798346946
147_113,0.010752688172043012,0.9457970432721066,0.0028571428571428597,No significant trend,-0.2951612903225807,2.2703969682283036
147_114,-0.1978494623655914,0.12194188920122184,-0.05000000000000001,No significant trend,1.2464516129032257,2.2017361893875225
147_115,-0.15268817204301074,0.2341449862943059,-0.11,No significant trend,-0.20354838709677422,3.3457412008615606
147_116,-0.2860215053763441,0.024862848209154853,-0.15666666666666668,Decreasing,0.017741935483871072,4.281233399065469
147_117,-0.17204301075268819,0.17936364721043319,-0.082,No significant trend,0.12677419354838718,3.7345780839527882
147_118,-0.23655913978494625,0.06393835708593554,-0.11249999999999999,No significant trend,-0.6496774193548386,3.0671437631261536
147_119,-0.09247311827956989,0.47532023939393775,-0.06249999999999999,No significant trend,-1.3903225806451613,2.984192205898973
147_12,0.06451612903225806,0.6220860087372633,0.03470588235294117,No significant trend,-0.22129032258064527,3.314305981879049
147_120,-0.14838709677419354,0.24778083040054266,-0.12,No significant trend,0.21870967741935488,5.429604477922912
147_121,-0.03225806451612903,0.8119200006410021,-0.009166666666666668,No significant trend,-0.7887096774193548,2.6960541560745757
147_122,-0.09462365591397849,0.46487326576717747,-0.08222222222222222,No significant trend,0.1306451612903226,4.423546187629275
147_123,0.025806451612903226,0.8516915353162966,0.015,No significant trend,-0.17548387096774198,4.010112088136349
147_124,-0.15053763440860216,0.2408949627928283,-0.10333333333333333,No significant trend,-0.39483870967741935,5.184249639902012
147_125,-0.13118279569892474,0.30783043013369626,-0.06666666666666667,No significant trend,0.7009677419354838,2.524676095275628
147_126,-0.021505376344086023,0.8784237055808175,-0.016666666666666656,No significant trend,0.07548387096774195,4.296148942205195
147_127,-0.18924731182795698,0.13922364714154067,-0.06875000000000003,No significant trend,1.8,2.5732845836376312
147_128,-0.0967741935483871,0.45455525621868187,-0.04600000000000002,No significant trend,0.5696774193548388,3.2415492949245115
147_129,0.12258064516129032,0.34119875170636194,0.056521739130434775,No significant trend,1.4851612903225806,4.294674024182212
147_13,0.004301075268817204,0.9864394742066862,0.0025000000000000022,No significant trend,-0.2190322580645161,2.709061681192919
147_130,-0.07956989247311828,0.5406231028187141,-0.04571428571428569,No significant trend,0.8677419354838709,3.192757640779761
147_131,-0.09247311827956989,0.47532023939393775,-0.0519047619047619,No significant trend,0.8725806451612904,3.272995045226467
147_132,-0.24301075268817204,0.05696246823315332,-0.2032,No significant trend,1.1138709677419356,5.2749130415821925
147_133,-0.23010752688172043,0.07160518117391312,-0.11,No significant trend,0.5651612903225807,4.624135749045257
147_134,-0.09247311827956989,0.47532023939393775,-0.034,No significant trend,-0.2935483870967742,2.4409405225763825
147_135,-0.3655913978494624,0.004073741154636101,-0.15285714285714286,Decreasing,0.22000000000000003,2.3475670315758688
147_136,-0.18064516129032257,0.158332321603736,-0.06,No significant trend,-0.9725806451612903,1.974132668258001
147_137,-0.14193548387096774,0.26926051859260536,-0.04,No significant trend,-0.6722580645161289,1.8776765149229055
147_138,-0.15913978494623657,0.21470238954837217,-0.07117647058823529,No significant trend,0.5725806451612903,2.645871973766092
147_139,-0.002150537634408602,1.0,-0.0026315789473684236,No significant trend,-0.8487096774193548,2.898361875417576
147_14,-0.13118279569892474,0.30783043013369626,-0.07235294117647059,No significant trend,2.4470967741935485,2.8647154827463
147_140,-0.05591397849462366,0.6709019753135215,-0.04349999999999998,No significant trend,-0.21709677419354836,4.03647498207995
147_141,-0.03870967741935484,0.7726279905852822,-0.03214285714285715,No significant trend,0.8216129032258063,5.980447225036469
147_142,-0.221505376344086,0.08298294959133434,-0.11772727272727274,No significant trend,0.5606451612903224,4.448024523809651
147_143,-0.44516129032258067,0.000463060547241545,-0.1375,Decreasing,1.6374193548387095,1.959674047521326
147_144,-0.11182795698924732,0.3860421406420662,-0.038571428571428576,No significant trend,-0.1819354838709677,2.442035665052019
147_145,-0.2752688172043011,0.030885487177731763,-0.15285714285714286,Decreasing,-1.1670967741935483,3.428441942329646
147_146,-0.2,0.11789500171022893,-0.165,No significant trend,-0.9587096774193549,4.4883107979437655
147_147,-0.09462365591397849,0.46487326576717747,-0.04307692307692308,No significant trend,-1.187741935483871,2.4166755486817535
147_148,-0.03655913978494624,0.7856661000859302,-0.006206896551724136,No significant trend,0.13741935483870962,1.9561960580907798
147_149,0.23870967741935484,0.061538570047021235,0.17045454545454544,No significant trend,0.5964516129032257,3.42808848117365
147_15,-0.2989247311827957,0.019001296136927026,-0.13999999999999999,Decreasing,7.343548387096774,2.5453684040183298
147_150,-0.24086021505376345,0.05921383944155778,-0.13166666666666668,No significant trend,-0.7264516129032258,2.962355806630602
147_151,-0.24731182795698925,0.05267307614212502,-0.1888235294117647,No significant trend,0.9829032258064515,5.696002669415596
147_152,-0.053763440860215055,0.6833368087995224,-0.027777777777777776,No significant trend,-0.6048387096774194,2.357675004235812
147_153,0.03655913978494624,0.7856661000859302,0.029285714285714297,No significant trend,-1.2806451612903227,3.614386964915905
147_154,-0.07311827956989247,0.5748781452473757,-0.04,No significant trend,-1.2693548387096771,3.0569391559404235
147_155,-0.0967741935483871,0.45455525621868187,-0.06000000000000005,No significant trend,-0.7538709677419354,3.3602166572039187
147_156,-0.07311827956989247,0.5748781452473757,-0.021764705882352946,No significant trend,0.3732258064516129,2.2433764689123206
147_157,-0.3118279569892473,0.014385749502058731,-0.10461538461538461,Decreasing,-0.9370967741935485,2.104934591809457
147_158,-0.2537634408602151,0.04674749402400602,-0.17136363636363636,Decreasing,0.5796774193548385,4.873404773819852
147_159,-0.16129032258064516,0.20848766222654147,-0.07190476190476192,No significant trend,-0.44677419354838704,2.9314439765619134
147_16,-0.17204301075268819,0.17936364721043319,-0.09625,No significant trend,-0.06838709677419354,2.953703085056488
147_160,-0.04946236559139785,0.7084629632532715,-0.054615384615384614,No significant trend,-0.10741935483870979,4.973016198894199
147_161,-0.3548387096774194,0.005313081962207367,-0.20750000000000002,Decreasing,-0.003225806451612892,3.205777432856412
147_162,-0.05806451612903226,0.6585566199856316,-0.03307692307692308,No significant trend,-0.48096774193548375,4.089876056832253
147_163,-0.14193548387096774,0.26926051859260536,-0.09043478260869565,No significant trend,-0.2899999999999999,4.040519768544637
147_164,0.03655913978494624,0.7856661000859302,0.01666666666666667,No significant trend,-0.013225806451612908,2.9393376334142003
147_165,-0.12043010752688173,0.34988986770468866,-0.05533333333333334,No significant trend,0.5658064516129033,2.6819645834826287
147_166,-0.17849462365591398,0.16340634586373248,-0.056999999999999995,No significant trend,0.30225806451612897,2.29337856092824
147_167,-0.16344086021505377,0.2024043739887733,-0.10124999999999999,No significant trend,0.8003225806451613,3.7321890868246066
147_168,-0.04946236559139785,0.7084629632532715,-0.002666666666666669,No significant trend,-0.6106451612903225,2.7006020063441656
147_169,-0.16129032258064516,0.20848766222654147,-0.09,No significant trend,0.2032258064516129,3.5840537394235543
147_17,-0.17634408602150536,0.16860199558675504,-0.08772727272727272,No significant trend,0.7170967741935484,3.040368391885544
147_170,0.4043010752688172,0.0014812606762657499,0.518,Increasing,-5.476129032258065,7.815755665865711
147_171,-0.11612903225806452,0.3676892969544798,-0.07692307692307693,No significant trend,-0.7319354838709676,3.4946977527297607
147_172,0.07956989247311828,0.5406231028187141,0.051000000000000004,No significant trend,-0.9493548387096773,3.482993647002135
147_173,-0.13118279569892474,0.30783043013369626,-0.08428571428571428,No significant trend,-0.0735483870967742,3.34655870273995
147_174,0.1053763440860215,0.4145985082462331,0.07909090909090909,No significant trend,-0.5796774193548386,4.3104842059205035
147_175,-0.2623655913978495,0.03972794794507628,-0.08285714285714285,Decreasing,-0.23483870967741935,1.966381761522911
147_176,-0.034408602150537634,0.7987646104203716,-0.017916666666666668,No significant trend,-0.20161290322580633,3.492598715231963
147_177,-0.16989247311827957,0.18493228677225515,-0.09153846153846157,No significant trend,-2.071290322580645,3.782738163352969
147_178,-0.14408602150537633,0.2619630008374654,-0.05904761904761905,No significant trend,-0.29709677419354835,2.300127897633839
147_179,-0.23440860215053763,0.06641490832840091,-0.09999999999999999,No significant trend,-0.3606451612903226,2.450084837877898
147_18,-0.16344086021505377,0.2024043739887733,-0.07888888888888888,No significant trend,0.0799999999999999,3.0239623653572107
147_180,-0.015053763440860216,0.9187737391879132,-0.015294117647058863,No significant trend,-0.41290322580645156,3.096441447177073
147_181,-0.04946236559139785,0.7084629632532715,-0.02545454545454545,No significant trend,-0.7180645161290323,3.7167696860396764
147_182,-0.24516129032258063,0.05478277122914399,-0.11842105263157894,No significant trend,0.07258064516129038,2.8456894031113498
147_183,-0.2903225806451613,0.022755199240110047,-0.11894736842105262,Decreasing,-1.5806451612903225,2.7339631348056956
147_184,-0.08817204301075268,0.49659521437046883,-0.028181818181818176,No significant trend,0.26516129032258057,3.2361305757057592
147_185,-0.04086021505376344,0.7596537518193331,-0.048999999999999974,No significant trend,-0.9703225806451612,3.9389719338860143
147_186,-0.25161290322580643,0.04865707312578982,-0.09111111111111111,Decreasing,-0.6319354838709677,2.7992895635060333
147_187,-0.07526881720430108,0.5633463699559165,-0.034999999999999996,No significant trend,0.42677419354838697,4.645314244793608
147_188,-0.07526881720430108,0.5633463699559165,-0.020000000000000018,No significant trend,-1.0283870967741935,2.5543866087439233
147_189,-0.2,0.11789500171022893,-0.08411764705882352,No significant trend,0.14935483870967733,2.467240767157058
147_19,0.12688172043010754,0.3242351019547285,0.04083333333333333,No significant trend,0.2806451612903227,2.389923653098123
147_190,-0.16559139784946236,0.19645146482180031,-0.11222222222222225,No significant trend,-0.49483870967741944,3.8074306559400246
147_191,-0.0989247311827957,0.4443675620908478,-0.03571428571428571,No significant trend,-1.1658064516129032,1.9183154138605965
147_192,-0.24301075268817204,0.05696246823315332,-0.1981818181818182,No significant trend,-1.9893548387096776,4.219070326799091
147_193,-0.04086021505376344,0.7596537518193331,-0.02090909090909091,No significant trend,-1.3054838709677419,2.558643590642003
147_194,0.0989247311827957,0.4443675620908478,0.04217391304347827,No significant trend,-1.0670967741935486,3.0357973853385385
147_195,-0.09247311827956989,0.47532023939393775,-0.03555555555555559,No significant trend,1.4187096774193546,2.989759664454097
147_196,0.2,0.11789500171022893,0.09000000000000001,No significant trend,3.718064516129032,7.4056501617628605
147_197,0.025806451612903226,0.8516915353162966,0.0028571428571428597,No significant trend,0.4383870967741935,2.9973128791164556
147_198,-0.01935483870967742,0.8918439412522505,-0.013750000000000012,No significant trend,-0.247741935483871,3.3311091920757776
147_199,-0.22580645161290322,0.07712322019197049,-0.095,No significant trend,-0.8125806451612904,2.4964283748173375
147_2,-0.11827956989247312,0.3587201702049656,-0.07999999999999985,No significant trend,-0.9170967741935484,3.1936854972196125
147_20,-0.004301075268817204,0.9864394742066862,-0.0006666666666666524,No significant trend,-0.4251612903225807,3.2644476596160232
147_200,-0.07096774193548387,0.5865203757130351,-0.04,No significant trend,-1.0067741935483872,3.492540795334532
147_201,0.08602150537634409,0.5074200543722851,0.04758620689655172,No significant trend,-1.0351612903225804,2.991469453314619
147_202,-0.17849462365591398,0.16340634586373248,-0.059,No significant trend,0.6290322580645162,3.1292938035021316
147_203,-0.08602150537634409,0.5074200543722851,-0.02200000000000001,No significant trend,-1.1461290322580644,1.582049869568684
147_204,0.08387096774193549,0.5183675363290698,0.040000000000000036,No significant trend,1.285483870967742,3.8216698247938496
147_205,-0.07311827956989247,0.5748781452473757,-0.037777777777777764,No significant trend,16.746129032258064,3.585617936053795
147_206,-0.017204301075268817,0.9052952265477159,-0.004782608695652188,No significant trend,-0.22903225806451616,2.542043063058391
147_207,-0.08387096774193549,0.5183675363290698,-0.09444444444444446,No significant trend,7.29741935483871,12.63790151214169
147_208,-0.21935483870967742,0.08604531406845561,-0.12624999999999997,No significant trend,1.971290322580645,5.246619029269558
147_209,0.034408602150537634,0.7987646104203716,0.006666666666666668,No significant trend,0.875806451612903,2.212614530213796
147_21,-0.05591397849462366,0.6709019753135215,-0.02879999999999999,No significant trend,-0.15645161290322585,5.770079413769543
147_210,-0.1827956989247312,0.1533785068859166,-0.07466666666666666,No significant trend,-0.16451612903225804,2.711453411839961
147_211,-0.2903225806451613,0.022755199240110047,-0.11200000000000002,Decreasing,0.04612903225806448,2.0587322710823375
147_212,0.025806451612903226,0.8516915353162966,0.009090909090909078,No significant trend,-1.2632258064516126,2.725008892671817
147_213,-0.01935483870967742,0.8918439412522505,-0.012,No significant trend,-0.6054838709677418,3.1318487158182005
147_214,0.010752688172043012,0.9457970432721066,0.000999999999999998,No significant trend,-0.24580645161290318,1.6629739667691508
147_215,0.0,1.0,0.0,No significant trend,0.7725806451612904,2.1007095080102687
147_216,-0.12903225806451613,0.3159628698783248,-0.055,No significant trend,-0.7741935483870966,2.0739548851806853
147_217,-0.15483870967741936,0.22753013024096425,-0.10142857142857142,No significant trend,-0.14483870967741935,2.759415402052073
147_218,-0.07096774193548387,0.5865203757130351,-0.034,No significant trend,1.1009677419354835,7.171751194269625
147_219,-0.21505376344086022,0.09244378064522207,-0.06227272727272728,No significant trend,1.7267741935483873,2.032048683530307
147_22,-0.22580645161290322,0.07712322019197049,-0.12416666666666666,No significant trend,-0.5787096774193549,3.201506441717392
147_220,-0.17849462365591398,0.16340634586373248,-0.08400000000000003,No significant trend,0.36612903225806454,3.191506548303921
147_221,-0.2623655913978495,0.03972794794507628,-0.11416666666666668,Decreasing,2.5254838709677427,10.961952333385566
147_222,-0.13548387096774195,0.29198463590975887,-0.071,No significant trend,-0.2206451612903227,2.4616516032990887
147_223,-0.15053763440860216,0.2408949627928283,-0.09631578947368422,No significant trend,-0.2716129032258064,4.334674223554711
147_224,-0.023655913978494623,0.8650383150743488,-0.012777777777777777,No significant trend,0.24935483870967737,3.3102391839162695
147_225,-0.43010752688172044,0.000718850062535914,-0.21529411764705889,Decreasing,6.68451612903226,4.050653343326774
147_226,-0.13978494623655913,0.2766963536434415,-0.07280000000000002,No significant trend,0.5064516129032258,4.703500102625769
147_227,-0.0967741935483871,0.45455525621868187,-0.027894736842105264,No significant trend,-0.4964516129032258,2.1671990967786146
147_228,-0.01935483870967742,0.8918439412522505,-0.0115,No significant trend,-0.45935483870967747,2.116114722610941
147_229,0.0064516129032258064,0.9728828650934778,0.00235294117647059,No significant trend,-0.2445161290322581,2.3977729434726576
147_23,0.24086021505376345,0.05921383944155778,0.1288,No significant trend,-1.3429032258064517,4.0752464350961395
147_230,-0.2967741935483871,0.019885085312989492,-0.19799999999999995,Decreasing,1.085483870967742,3.7636031455025423
147_231,0.2172043010752688,0.08919834224618706,0.10566666666666666,No significant trend,2.5993548387096768,8.578715196489307
147_232,-0.15053763440860216,0.2408949627928283,-0.043157894736842096,No significant trend,1.393548387096774,2.5841621196360562
147_233,-0.017204301075268817,0.9052952265477159,-0.015263157894736845,No significant trend,1.0164516129032255,7.111192245389271
147_235,-0.25161290322580643,0.04865707312578982,-0.13272727272727272,Decreasing,1.8516129032258068,6.829313996047311
147_236,-0.10752688172043011,0.4049437537873102,-0.033125,No significant trend,0.027741935483871,1.8932540849492174
147_237,0.13978494623655913,0.2766963536434415,0.043,No significant trend,-0.8570967741935481,2.4624498600408904
147_24,-0.23225806451612904,0.06896994111977195,-0.15181818181818182,No significant trend,4.242903225806452,5.61477152814034
147_25,-0.12473118279569892,0.33264709898406286,-0.058181818181818196,No significant trend,-0.34612903225806463,3.2580725327272826
147_26,-0.2064516129032258,0.10638442840594231,-0.08866666666666666,No significant trend,0.6200000000000001,2.6478512286441354
147_27,-0.14838709677419354,0.24778083040054266,-0.07166666666666667,No significant trend,-0.8183870967741934,3.235726070759822
147_28,-0.08602150537634409,0.5074200543722851,-0.06499999999999999,No significant trend,0.6535483870967741,4.3690174199012555
147_29,-0.11397849462365592,0.3767967991819643,-0.05666666666666672,No significant trend,0.2080645161290323,2.8006179264639472
147_3,-0.05806451612903226,0.6585566199856316,-0.02399999999999999,No significant trend,0.23967741935483874,2.737171230952611
147_30,-0.10752688172043011,0.4049437537873102,-0.04461538461538462,No significant trend,-0.29967741935483866,3.4097530739005113
147_31,-0.060215053763440864,0.6463036389969625,-0.03333333333333334,No significant trend,-0.17322580645161287,2.920112003040597
147_32,-0.03655913978494624,0.7856661000859302,-0.0225,No significant trend,-1.0932258064516127,3.691245429388188
147_33,0.2129032258064516,0.09578337281012361,0.13199999999999998,No significant trend,-0.9416129032258063,4.865828906458824
147_34,-0.10752688172043011,0.4049437537873102,-0.04363636363636363,No significant trend,-1.373548387096774,2.634028618634908
147_35,-0.26881720430107525,0.035069438571895484,-0.15105263157894738,Decreasing,-0.7393548387096774,3.326030216808282
147_36,0.23010752688172043,0.07160518117391312,0.152,No significant trend,3.1764516129032256,5.060778053394873
147_37,-0.27956989247311825,0.028340697604201104,-0.07944444444444444,Decreasing,-1.0761290322580648,1.8260740143628684
147_38,-0.11827956989247312,0.3587201702049656,-0.035217391304347825,No significant trend,0.53,5.320779714872017
147_39,-0.15698924731182795,0.22104956212356597,-0.06000000000000001,No significant trend,-0.46580645161290335,2.3135530198035763
147_4,-0.09032258064516129,0.4858947339033992,-0.026000000000000002,No significant trend,-0.147741935483871,2.261603355996431
147_40,0.053763440860215055,0.6833368087995224,0.026538461538461518,No significant trend,-0.5558064516129033,3.803620324827683
147_41,0.04946236559139785,0.7084629632532715,0.019166666666666665,No significant trend,-1.6848387096774193,3.0985572823573797
147_42,-0.13548387096774195,0.29198463590975887,-0.0842857142857143,No significant trend,0.11129032258064517,3.8917304733245754
147_43,-0.06236559139784946,0.6341458536966633,-0.026470588235294103,No significant trend,-0.5700000000000001,3.9968447232705304
147_44,0.002150537634408602,1.0,0.0020000000000000018,No significant trend,-1.0748387096774195,2.193535768464654
147_45,-0.17849462365591398,0.16340634586373248,-0.07181818181818182,No significant trend,0.4458064516129031,3.189857691429397
147_46,-0.31827956989247314,0.012472954020329219,-0.11454545454545455,Decreasing,-0.446774193548387,2.544816853916837
147_47,-0.01935483870967742,0.8918439412522505,-0.015625,No significant trend,-1.205483870967742,3.171337195029656
147_48,-0.08817204301075268,0.49659521437046883,-0.04874999999999999,No significant trend,-1.9809677419354839,3.5268896603634725
147_49,0.05161290322580645,0.6958581513960522,0.013333333333333336,No significant trend,-0.590967741935484,2.3334086306665394
147_5,-0.09462365591397849,0.46487326576717747,-0.06714285714285714,No significant trend,0.13967741935483866,3.9240560680211978
147_50,-0.10752688172043011,0.4049437537873102,-0.03583333333333335,No significant trend,-0.86,2.451456446620543
147_51,-0.01935483870967742,0.8918439412522505,-0.0030434782608695678,No significant trend,0.7161290322580646,3.2316356364195027
147_52,-0.15268817204301074,0.2341449862943059,-0.08884615384615385,No significant trend,-0.6838709677419355,2.615414205670231
147_53,-0.12258064516129032,0.34119875170636194,-0.08545454545454545,No significant trend,-1.9809677419354839,3.3357558072213607
147_54,-0.07096774193548387,0.5865203757130351,-0.046666666666666634,No significant trend,-0.3806451612903226,5.473153797125814
147_55,-0.021505376344086023,0.8784237055808175,-0.02157894736842105,No significant trend,-0.5993548387096774,3.8406635309488464
147_56,0.03225806451612903,0.8119200006410021,0.010454545454545456,No significant trend,-0.9187096774193548,2.4703085114048506
147_57,-0.13333333333333333,0.2998377295670276,-0.038,No significant trend,-1.5603225806451613,1.7706705197438946
147_58,0.010752688172043012,0.9457970432721066,0.001111111111111104,No significant trend,-1.4525806451612908,2.4488561750492828
147_59,-0.12258064516129032,0.34119875170636194,-0.03999999999999998,No significant trend,-0.6725806451612902,3.7424133732659173
147_6,-0.22580645161290322,0.07712322019197049,-0.098,No significant trend,0.2477419354838709,2.512942895873051
147_60,0.06451612903225806,0.6220860087372633,0.03526315789473684,No significant trend,-1.4816129032258065,4.237667569642674
147_61,-0.14193548387096774,0.26926051859260536,-0.04923076923076923,No significant trend,-0.6229032258064515,2.7834119159514574
147_62,0.023655913978494623,0.8650383150743488,0.0050000000000000044,No significant trend,0.5516129032258066,3.5629745608302943
147_63,-0.1010752688172043,0.43431144285625,-0.06115384615384615,No significant trend,-1.1306451612903226,2.8056876972918157
147_64,-0.2021505376344086,0.11395424835779155,-0.17650000000000002,No significant trend,-1.282258064516129,4.9156220422684
147_65,-0.04086021505376344,0.7596537518193331,-0.02066666666666667,No significant trend,-1.2941935483870968,2.4354621661070865
147_66,-0.18064516129032257,0.158332321603736,-0.0916,No significant trend,-0.030000000000000027,3.064420168276853
147_67,-0.12688172043010754,0.3242351019547285,-0.05500000000000001,No significant trend,0.09322580645161292,2.947542866356899
147_68,-0.060215053763440864,0.6463036389969625,-0.0611764705882353,No significant trend,1.3770967741935485,9.409571720241932
147_69,0.043010752688172046,0.7467467998855972,0.008333333333333331,No significant trend,-0.031935483870967694,2.494224838346528
147_7,-0.06666666666666667,0.6101267703127584,-0.023999999999999994,No significant trend,0.019354838709677476,2.178381961654954
147_70,-0.13333333333333333,0.2998377295670276,-0.07173913043478261,No significant trend,-1.7777419354838713,2.7426849450121416
147_71,-0.03870967741935484,0.7726279905852822,-0.01909090909090909,No significant trend,-1.1151612903225807,2.7399715927038626
147_72,-0.04086021505376344,0.7596537518193331,-0.028421052631578948,No significant trend,-0.05451612903225812,3.871226227928868
147_73,-0.25591397849462366,0.0449013762794892,-0.12875,Decreasing,0.12967741935483865,3.1950208075156348
147_74,0.07741935483870968,0.551927301016857,0.03043478260869566,No significant trend,-0.07774193548387104,2.662520888517084
147_75,-0.08602150537634409,0.5074200543722851,-0.039999999999999994,No significant trend,0.7129032258064514,7.042881647014989
147_76,-0.04946236559139785,0.7084629632532715,-0.01307692307692308,No significant trend,0.19516129032258062,2.1033197584398566
147_77,-0.3935483870967742,0.0019791198223833018,-0.1366666666666667,Decreasing,-1.2999999999999998,2.0945366721467877
147_78,-0.210752688172043,0.09921885768990202,-0.06636363636363637,No significant trend,-0.8570967741935483,2.0430625233961206
147_79,-0.08817204301075268,0.49659521437046883,-0.06000000000000002,No significant trend,-1.0225806451612902,3.1941023957387618
147_8,-0.12903225806451613,0.3159628698783248,-0.04454545454545456,No significant trend,-0.020645161290322636,3.654052929224392
147_80,-0.05161290322580645,0.6958581513960522,-0.05545454545454545,No significant trend,0.11451612903225802,3.551960693176219
147_81,-0.1032258064516129,0.42438806620665614,-0.028000000000000004,No significant trend,-0.41870967741935483,2.417390944847136
147_82,-0.18494623655913978,0.14854345071667052,-0.09000000000000001,No significant trend,-0.7135483870967742,2.5713402409551835
147_83,-0.4236559139784946,0.0008644209634274258,-0.203,Decreasing,1.4945161290322582,4.090387503300783
147_84,-0.23010752688172043,0.07160518117391312,-0.11555555555555554,No significant trend,-0.09774193548387092,2.978549884973168
147_85,-0.12688172043010754,0.3242351019547285,-0.05714285714285715,No significant trend,-0.6848387096774194,2.442874920500687
147_86,-0.11397849462365592,0.3767967991819643,-0.031363636363636364,No significant trend,-0.2680645161290323,2.509736420236889
147_87,-0.17849462365591398,0.16340634586373248,-0.09043478260869564,No significant trend,-0.6238709677419354,2.8603526484811725
147_88,-0.0967741935483871,0.45455525621868187,-0.06944444444444445,No significant trend,-0.2506451612903225,3.5072192233365027
147_89,0.012903225806451613,0.9322756334126572,0.0007692307692307699,No significant trend,0.28741935483870973,2.6074471110733475
147_9,-0.13978494623655913,0.2766963536434415,-0.0366666666666667,No significant trend,0.850967741935484,2.498216595943943
147_90,-0.17634408602150536,0.16860199558675504,-0.07058823529411766,No significant trend,-0.5270967741935484,2.596258093373798
147_91,-0.08172043010752689,0.5294358519548577,-0.025833333333333302,No significant trend,3.794838709677419,2.3591180295210408
147_92,-0.1827956989247312,0.1533785068859166,-0.09307692307692307,No significant trend,-0.7990322580645162,2.767029797849171
147_93,-0.16774193548387098,0.19062782292334934,-0.12625,No significant trend,-0.3945161290322582,4.12081329172091
147_94,-0.10752688172043011,0.4049437537873102,-0.05142857142857143,No significant trend,0.45258064516129026,2.2971342142624294
147_95,0.053763440860215055,0.6833368087995224,0.03333333333333333,No significant trend,0.14999999999999997,3.2410173631727273
147_96,-0.16344086021505377,0.2024043739887733,-0.10454545454545454,No significant trend,-2.0903225806451617,4.233083588843394
147_97,-0.043010752688172046,0.7467467998855972,-0.022222222222222216,No significant trend,-1.0264516129032257,3.73619052873559
147_98,-0.1053763440860215,0.4145985082462331,-0.07000000000000006,No significant trend,0.6138709677419353,3.974025891939091
147_99,-0.09462365591397849,0.46487326576717747,-0.042142857142857135,No significant trend,1.157741935483871,3.278197488271929
