location,tau,p_value,slope,trend_class,mean_value,std_value
101_1,0.6693548387096774,7.977093474664798e-08,1.4714285714285715,Increasing,273.90625,17.01352288438523
101_10,0.6108870967741935,9.712842008458011e-07,1.5477272727272728,Increasing,308.15625,17.478753843952948
101_100,-0.1431451612903226,0.25631175486275115,-0.3956521739130435,No significant trend,527.34375,22.11561859721541
101_1000,0.34274193548387094,0.0061330741504750375,0.8304597701149425,Increasing,222.875,13.706180175380739
101_1001,0.1592741935483871,0.2059131489229995,0.6794871794871795,No significant trend,940.15625,26.50248735378436
101_1002,0.4213709677419355,0.0007434794433867076,0.8571428571428571,Increasing,215.5625,12.38430836785002
101_1003,0.7963709677419355,1.666657922783088e-10,12.96875,Increasing,1068.28125,310.7907489749936
101_1004,0.7056451612903226,1.5177737733296226e-08,6.524705882352941,Increasing,950.0,86.86447778004539
101_1005,0.6854838709677419,3.854806762682017e-08,5.146428571428572,Increasing,822.96875,52.16768897926666
101_1006,0.5060483870967742,5.032482653111181e-05,1.6666666666666667,Increasing,595.375,25.537656020081403
101_1007,0.8548387096774194,6.907363570007874e-12,26.348913043478262,Increasing,1028.40625,286.99072931183247
101_1008,0.842741935483871,1.3585577107733116e-11,6.8875,Increasing,596.96875,72.16841603802524
101_1009,0.7036290322580645,1.667963900331415e-08,1.9393382352941178,Increasing,523.53125,20.8086285813722
101_101,0.8004032258064516,1.3474710236494047e-10,9.22252747252747,Increasing,432.15625,85.56397802777464
101_1010,0.5342741935483871,1.85935300431872e-05,1.0,Increasing,442.0625,14.652084962557376
101_1013,0.6834677419354839,4.225433603011197e-08,3.071794871794872,Increasing,411.1875,32.6500741767917
101_1014,0.5443548387096774,1.2874583818822671e-05,2.8119658119658117,Increasing,498.625,92.37144783427398
101_1015,-0.24596774193548387,0.049740271332769925,-0.4,Decreasing,304.1875,9.818469521773748
101_1016,-0.2963709677419355,0.017903776568633623,-2.1547619047619047,Decreasing,372.09375,47.13236638380785
101_1017,0.7862903225806451,2.8229885096209273e-10,4.105555555555555,Increasing,351.6875,40.69277999535053
101_1018,-0.22983870967741934,0.06688303453312439,-7.708333333333334,No significant trend,1270.5,158.23044902925605
101_1019,0.7318548387096774,4.348602589132611e-09,6.734999999999999,Increasing,507.5625,65.63865929275217
101_102,0.5786290322580645,3.519574691690508e-06,3.796551724137931,Increasing,389.625,45.07823061079483
101_1020,0.8508064516129032,8.663292305755022e-12,5.666666666666667,Increasing,623.46875,59.85815753460425
101_1021,0.8387096774193549,1.6986412276764895e-11,7.5811688311688314,Increasing,314.25,81.49961656351519
101_1022,0.8830645161290323,1.3746781490908688e-12,2.4444444444444446,Increasing,262.4375,23.691952088209195
101_1023,0.4475806451612903,0.0003385845397056997,1.0,Increasing,413.9375,14.840690474165951
101_1024,0.5423387096774194,1.3863660637269959e-05,2.2888888888888888,Increasing,438.65625,30.851062962846193
101_1025,0.6673387096774194,8.7262118642073e-08,2.0,Increasing,265.75,24.247422543437477
101_1026,0.8548387096774194,6.907363570007874e-12,8.8328173374613,Increasing,927.21875,112.20871578641965
101_1027,0.7641129032258065,8.797895745260575e-10,1.8844444444444444,Increasing,321.5,19.5943231574862
101_1028,0.0020161290322580645,1.0,0.0,No significant trend,235.0625,19.12612333302282
101_1029,0.7540322580645161,1.4598573461199749e-09,9.098214285714285,Increasing,1314.34375,92.66458647151835
101_103,-0.20362903225806453,0.10487931450318722,-0.9110671936758893,No significant trend,306.4375,22.54985795409807
101_1030,0.7661290322580645,7.944338520360361e-10,2.2857142857142856,Increasing,347.9375,22.541541512283494
101_1031,0.5665322580645161,5.609253585836527e-06,1.6125,Increasing,426.78125,18.809463002369313
101_1032,0.43951612903225806,0.0004332251570231538,3.745967741935484,Increasing,437.46875,44.74230686316364
101_1033,-0.46169354838709675,0.00021786074656704457,-6.0,Decreasing,664.15625,99.29536412107818
101_1034,0.7016129032258065,1.832546869806606e-08,8.4625,Increasing,1005.0625,85.87379456941449
101_1035,0.7883064516129032,2.541908905584478e-10,2.823529411764706,Increasing,512.0,32.176272313616444
101_1036,0.3810483870967742,0.0022983908153568766,4.936594202898551,Increasing,1512.46875,144.13166384746103
101_1037,0.4596774193548387,0.00023219814177166676,0.9555335968379447,Increasing,376.5,14.148763196831021
101_1038,0.4153225806451613,0.0008861761949863212,2.5,Increasing,938.875,41.184607258052125
101_1039,-0.6189516129032258,6.968673158525007e-07,-7.346666666666667,Decreasing,855.03125,82.26765934094333
101_104,-0.3689516129032258,0.003163426250587742,-0.8660714285714286,Decreasing,310.71875,15.174473580243237
101_1040,0.6512096774193549,1.772900197760663e-07,2.545955882352941,Increasing,740.15625,31.341974027452387
101_1042,0.7641129032258065,8.797895745260575e-10,7.833333333333333,Increasing,1001.71875,82.58716394475294
101_1043,0.5161290322580645,3.546525120357025e-05,4.3875,Increasing,1159.1875,55.57227135676569
101_1044,-0.3790322580645161,0.002425557940292755,-1.898989898989899,Decreasing,504.03125,27.79105563733591
101_1045,0.7883064516129032,2.541908905584478e-10,8.0,Increasing,706.5625,79.00195310085694
101_1046,0.8064516129032258,9.776668363770114e-11,4.535897435897436,Increasing,314.96875,42.6603477885202
101_1047,-0.7479838709677419,1.9721104749237384e-09,-3.233031674208145,Decreasing,475.0,31.29197181386945
101_1048,0.9354838709677419,5.995204332975845e-14,16.427272727272726,Increasing,737.71875,170.85707374421904
101_1049,0.655241935483871,1.4872514997321673e-07,3.1166666666666667,Increasing,521.375,44.80705162136871
101_105,0.5665322580645161,5.609253585836527e-06,1.1666666666666667,Increasing,240.25,14.792312192487016
101_1050,0.5665322580645161,5.609253585836527e-06,2.696969696969697,Increasing,440.53125,30.790607714650584
101_1051,0.7600806451612904,1.0781671111459445e-09,6.19375,Increasing,711.96875,60.281881800732634
101_1052,0.3024193548387097,0.015681225244583263,2.520833333333333,Increasing,563.90625,42.43477301621277
101_1054,0.4153225806451613,0.0008861761949863212,4.0,Increasing,1217.59375,61.75650743798179
101_1055,0.75,1.7844419275547807e-09,1.9285714285714286,Increasing,409.28125,19.772509917496564
101_1056,0.5645161290322581,6.056982383206844e-06,6.866071428571429,Increasing,420.8125,71.30850120252143
101_1057,0.6592741935483871,1.246354144335271e-07,3.436141304347826,Increasing,465.6875,36.35625590940299
101_1058,0.9012096774193549,4.740652315149418e-13,17.98076923076923,Increasing,1036.0,178.5294093419905
101_1059,-0.4274193548387097,0.0006223743467113074,-1.5217391304347827,Decreasing,312.4375,19.335746526834697
101_106,0.10483870967741936,0.40821489473295625,0.2857142857142857,No significant trend,380.6875,15.379445495530716
101_1060,0.625,5.418056365780188e-07,5.815340909090909,Increasing,638.78125,62.99341948519305
101_1061,0.7681451612903226,7.171752081092109e-10,9.485294117647058,Increasing,1177.75,103.86529738079028
101_1063,0.7883064516129032,2.541908905584478e-10,3.7967032967032965,Increasing,605.75,42.69221240460607
101_1064,0.4153225806451613,0.0008861761949863212,1.824074074074074,Increasing,461.90625,25.451374441029703
101_1065,0.7923387096774194,2.0593349248088089e-10,2.7142857142857144,Increasing,498.71875,28.107199227911345
101_1066,0.7439516129032258,2.4068798065712826e-09,3.5345238095238094,Increasing,391.125,39.5187850901315
101_1067,0.7600806451612904,1.0781671111459445e-09,5.042727272727273,Increasing,945.90625,51.86542645093647
101_1068,0.8387096774193549,1.6986412276764895e-11,21.484126984126984,Increasing,936.75,257.04911981953956
101_1069,-0.1028225806451613,0.4174675215832093,-0.9583333333333333,No significant trend,1078.40625,60.43946319200312
101_107,0.17540322580645162,0.16313197866795437,0.4,No significant trend,414.4375,15.93725490007611
101_1070,0.6612903225806451,1.140522314369008e-07,3.6095238095238096,Increasing,641.875,40.40478777323301
101_1071,0.1975806451612903,0.11571975521880828,0.6055555555555556,No significant trend,574.90625,18.662059397009216
101_1073,0.10685483870967742,0.39908552967166067,0.3333333333333333,No significant trend,592.5625,16.0310977088283
101_1074,0.7016129032258065,1.832546869806606e-08,4.35812356979405,Increasing,868.3125,52.247869274736935
101_1075,0.7318548387096774,4.348602589132611e-09,3.75,Increasing,472.5625,37.567387369232904
101_1076,0.8729838709677419,2.460920356384122e-12,10.566964285714285,Increasing,656.0,102.82813330990697
101_1077,0.7681451612903226,7.171752081092109e-10,6.4,Increasing,859.78125,64.18953106572364
101_1078,0.7076612903225806,1.38075384459313e-08,2.898989898989899,Increasing,386.625,31.41033866420418
101_1079,0.7419354838709677,2.657962294705385e-09,12.057142857142857,Increasing,338.96875,173.6403402825435
101_108,-0.45564516129032256,0.00026356866715215865,-2.4772727272727275,Decreasing,325.4375,33.31754183234411
101_1081,0.036290322580645164,0.7827940862749598,0.07738095238095238,No significant trend,394.09375,28.604369612657084
101_1082,-0.0967741935483871,0.44595658115373604,-0.12916666666666665,No significant trend,216.65625,7.376522618246351
101_1083,0.5786290322580645,3.519574691690508e-06,0.7656862745098039,Increasing,203.65625,9.77755521270527
101_1084,0.6270161290322581,4.979515006997559e-07,1.2263427109974425,Increasing,244.46875,13.423357383214528
101_1085,0.7318548387096774,4.348602589132611e-09,3.3693181818181817,Increasing,520.0625,36.8204575440067
101_1086,0.7520161290322581,1.6142178704825483e-09,9.12142857142857,Increasing,563.34375,86.40009019635049
101_1087,-0.25201612903225806,0.04434233973465851,-1.75,Decreasing,529.4375,35.48938001360407
101_1088,-0.18548387096774194,0.14002518868117475,-0.3333333333333333,No significant trend,289.34375,8.727146494559376
101_1089,0.42338709677419356,0.0007008697006916087,1.2950310559006213,Increasing,302.5,17.647591903713096
101_109,0.46975806451612906,0.00016841374055021063,1.5147058823529411,Increasing,592.28125,19.597886325762275
101_1090,0.45564516129032256,0.00026356866715215865,1.7692307692307692,Increasing,290.6875,61.751739601002335
101_1091,0.7298387096774194,4.794858066148322e-09,1.8834841628959276,Increasing,311.125,19.106199909976866
101_1092,0.6491935483870968,1.934942726045108e-07,3.618181818181818,Increasing,542.5,40.86410405233424
101_1093,0.36088709677419356,0.003895172738189956,1.4365079365079365,Increasing,202.75,22.5416281576997
101_1094,0.08266129032258064,0.5165593764787639,0.2,No significant trend,193.75,10.538619454178995
101_1095,0.7379032258064516,3.238943557803964e-09,4.0,Increasing,829.25,44.376936577461045
101_1097,0.6088709677419355,1.054676987966019e-06,6.684659090909091,Increasing,731.6875,75.75884333693328
101_1099,0.6935483870967742,2.6632843708185305e-08,1.5477272727272728,Increasing,388.53125,15.974558630444223
101_11,0.9032258064516129,4.205524817280093e-13,5.875,Increasing,389.625,58.802503135495854
101_110,0.6995967741935484,2.0128545274999965e-08,1.56125,Increasing,460.9375,17.162709394206964
101_1100,-0.10483870967741936,0.40821489473295625,-0.5,No significant trend,348.90625,146.65485829299178
101_1101,0.5262096774193549,2.4836775924574894e-05,1.75,Increasing,338.65625,26.62307431416402
101_1102,0.3024193548387097,0.015681225244583263,2.0,Increasing,549.34375,33.91497583572042
101_1103,0.004032258064516129,0.9870617094920746,0.0,No significant trend,200.59375,8.119649680712833
101_1104,0.5060483870967742,5.032482653111181e-05,15.0,Increasing,1104.03125,167.67220334163173
101_1105,0.008064516129032258,0.9611987334080325,0.0,No significant trend,193.5625,7.180431306683464
101_1106,0.7701612903225806,6.472633540255401e-10,2.6666666666666665,Increasing,351.15625,33.92741275042204
101_1107,0.625,5.418056365780188e-07,3.025,Increasing,462.4375,33.928175514607325
101_1108,0.719758064516129,7.784594746595985e-09,3.0,Increasing,291.65625,29.466728456642418
101_1109,0.8528225806451613,7.736700169402866e-12,11.102254428341386,Increasing,668.65625,115.55778029166838
101_111,0.6673387096774194,8.7262118642073e-08,2.0,Increasing,228.59375,24.393722777335565
101_1110,0.15120967741935484,0.23013253179706616,0.2788888888888889,No significant trend,285.78125,10.720116530966443
101_1111,0.6048387096774194,1.242609917628812e-06,2.0625,Increasing,264.4375,126.39247839072544
101_1112,0.3588709677419355,0.004100666980662471,0.6076923076923078,Increasing,488.28125,11.133379919750336
101_1113,0.14919354838709678,0.2364918152910518,0.9782608695652174,No significant trend,577.40625,40.23979635805206
101_1114,0.8467741935483871,1.0854206422550305e-11,3.428929765886288,Increasing,410.6875,33.89361803865147
101_1115,0.3790322580645161,0.002425557940292755,2.875,Increasing,566.34375,47.57665484181817
101_1116,0.7318548387096774,4.348602589132611e-09,23.75,Increasing,1218.71875,255.3548063938439
101_1117,0.41330645161290325,0.0009391233403026611,1.0392307692307692,Increasing,290.125,14.930568475446606
101_1118,0.006048387096774193,0.974126820887897,0.0,No significant trend,720.1875,14.371059242449737
101_1119,0.3528225806451613,0.00477753751407195,1.1155555555555556,Increasing,317.875,15.862199563742728
101_112,0.8165322580645161,5.698219673888616e-11,3.0,Increasing,237.125,29.15127570107353
101_1120,0.3165322580645161,0.011413839625523003,0.6666666666666666,Increasing,515.53125,13.935082469705732
101_1121,0.7943548387096774,1.8528600875811208e-10,13.486842105263158,Increasing,495.125,145.87874888070573
101_1122,0.9032258064516129,4.205524817280093e-13,7.46547619047619,Increasing,414.8125,72.81030039596045
101_1123,0.7540322580645161,1.4598573461199749e-09,3.7777777777777777,Increasing,354.6875,38.720502886068
101_1124,0.5665322580645161,5.609253585836527e-06,1.1715686274509804,Increasing,334.15625,14.59689473612453
101_1125,0.7399193548387096,2.934484433225748e-09,23.0,Increasing,745.625,234.39706562796385
101_1126,0.7842741935483871,3.1343416750928554e-10,6.0,Increasing,641.28125,60.87088506369445
101_1127,0.48185483870967744,0.00011361189113179293,1.8224789915966386,Increasing,342.8125,22.842446098218115
101_1128,0.6471774193548387,2.1112575954163049e-07,2.937739463601533,Increasing,438.53125,35.190538834145464
101_1129,0.18548387096774194,0.14002518868117475,0.4409722222222222,No significant trend,474.46875,12.881635122821171
101_113,0.7036290322580645,1.667963900331415e-08,2.0,Increasing,173.78125,21.24666793729078
101_1130,0.2056451612903226,0.1014505333614959,0.6978260869565217,No significant trend,478.71875,14.252706705657701
101_1131,0.3165322580645161,0.011413839625523003,0.8284313725490196,Increasing,709.0,18.062391868188442
101_1132,0.6068548387096774,1.1449388537254634e-06,2.25,Increasing,434.375,24.757259036492712
101_1133,-0.3407258064516129,0.006442543344656437,-1.175101214574899,Decreasing,672.21875,31.359542382463108
101_1134,0.8548387096774194,6.907363570007874e-12,9.887368421052631,Increasing,769.375,102.26673151616805
101_1135,0.6370967741935484,3.252720022217659e-07,2.2583333333333333,Increasing,311.25,23.19617425352724
101_1136,0.4334677419354839,0.000519836761338599,1.7801932367149758,Increasing,846.28125,36.034908747456264
101_1137,0.5141129032258065,3.8055466680564365e-05,1.7154882154882154,Increasing,404.90625,21.266698402373134
101_1138,-0.06653225806451613,0.6038119971938696,-0.18706293706293708,No significant trend,321.21875,14.719745189285717
101_1139,0.8548387096774194,6.907363570007874e-12,65.95833333333334,Increasing,1396.03125,705.6458692385562
101_114,0.46975806451612906,0.00016841374055021063,1.75,Increasing,290.6875,21.227101633289458
101_1140,0.4032258064516129,0.0012506303657648932,0.6666666666666666,Increasing,282.03125,11.463213922696374
101_1141,-0.06854838709677419,0.5925510100829448,-0.12916666666666665,No significant trend,432.34375,17.443855248697176
101_1142,0.4959677419354839,7.096380450022366e-05,2.717142857142857,Increasing,421.4375,32.08381357865676
101_1143,0.6975806451612904,2.210337290975417e-08,8.474937343358395,Increasing,461.34375,86.03655087192594
101_1144,0.22580645161290322,0.07185648599690286,0.6282894736842105,No significant trend,592.09375,15.99874873036951
101_1145,0.31048387096774194,0.013097125487301797,1.4491379310344827,Increasing,818.625,40.84325984786229
101_1146,0.6451612903225806,2.303051436225445e-07,2.901913875598086,Increasing,399.9375,43.971537313926156
101_1147,0.7358870967741935,3.574073925705079e-09,2.0,Increasing,275.5,31.753936763809303
101_1148,0.6169354838709677,7.574687868050489e-07,3.75,Increasing,687.25,40.330664512254195
101_1149,0.4717741935483871,0.00015781793261271382,2.841614906832298,Increasing,451.875,42.64369091671123
101_115,0.3528225806451613,0.00477753751407195,3.6296296296296298,Increasing,305.53125,51.40767475229258
101_1150,-0.3346774193548387,0.0074570078953755115,-0.6666666666666666,Decreasing,334.84375,12.43510498297059
101_1151,0.7540322580645161,1.4598573461199749e-09,7.375,Increasing,654.75,75.9473501841901
101_1152,0.6814516129032258,4.630511263314929e-08,1.5657142857142858,Increasing,292.5625,15.76375887122104
101_1153,0.7862903225806451,2.8229885096209273e-10,5.666666666666667,Increasing,386.9375,55.17242149616056
101_1154,-0.25201612903225806,0.04434233973465851,-1.0,Decreasing,386.6875,21.477368175593583
101_1155,0.657258064516129,1.3616589122911193e-07,2.02,Increasing,351.875,21.812768622987775
101_1156,0.24596774193548387,0.049740271332769925,2.0,Increasing,615.71875,39.378162075413066
101_1158,0.6108870967741935,9.712842008458011e-07,2.5,Increasing,393.40625,27.408779814823934
101_1159,-0.5262096774193549,2.4836775924574894e-05,-1.318840579710145,Decreasing,487.78125,15.539736112222112
101_116,0.27419354838709675,0.028580768516166755,0.30434782608695654,Increasing,136.09375,6.39999694824146
101_1160,0.7701612903225806,6.472633540255401e-10,14.422064777327936,Increasing,640.46875,147.54278709390542
101_1161,0.6048387096774194,1.242609917628812e-06,2.9258241758241756,Increasing,529.21875,30.83700534159405
101_1162,0.6451612903225806,2.303051436225445e-07,6.470588235294118,Increasing,597.96875,72.93382461819412
101_1163,0.8306451612903226,2.6473268022186858e-11,4.75,Increasing,611.5625,46.570469116705276
101_1164,0.7943548387096774,1.8528600875811208e-10,3.674242424242424,Increasing,459.375,35.90329894313334
101_1165,0.6512096774193549,1.772900197760663e-07,2.912878787878788,Increasing,636.53125,30.528659050759174
101_1166,0.6895161290322581,3.2057687171516136e-08,6.160256410256411,Increasing,445.5,70.32735954093542
101_1167,0.5987903225806451,1.5861008195727777e-06,3.343137254901961,Increasing,442.78125,38.69006201129044
101_1168,0.5221774193548387,2.8661968966448015e-05,1.3090185676392574,Increasing,322.5625,15.646360399466708
101_1169,0.907258064516129,3.3084646133829665e-13,13.363095238095237,Increasing,765.5,135.1439047830127
101_117,0.7016129032258065,1.832546869806606e-08,2.875,Increasing,215.28125,26.642581489741193
101_1170,0.3870967741935484,0.0019526409550858492,3.6,Increasing,772.46875,46.96540240898081
101_1172,-0.024193548387096774,0.8584237820523384,-0.4392857142857143,No significant trend,839.4375,67.82419254034654
101_1173,0.5423387096774194,1.3863660637269959e-05,3.8918269230769234,Increasing,402.78125,93.3436976899753
101_1174,0.8346774193548387,2.121680608979659e-11,6.527777777777778,Increasing,305.5625,64.00289910425933
101_1176,0.7540322580645161,1.4598573461199749e-09,6.795833333333333,Increasing,535.4375,63.3832280161716
101_1177,0.7600806451612904,1.0781671111459445e-09,6.090909090909091,Increasing,547.0,114.49754364177426
101_1179,0.6935483870967742,2.6632843708185305e-08,5.371710526315789,Increasing,555.59375,71.50867926998443
101_118,0.7600806451612904,1.0781671111459445e-09,2.7801932367149758,Increasing,311.53125,28.112479852149296
101_1180,0.8165322580645161,5.698219673888616e-11,11.626623376623376,Increasing,514.34375,132.72895534109165
101_1181,0.657258064516129,1.3616589122911193e-07,3.8237577639751557,Increasing,508.0,40.78832553562355
101_1182,0.8951612903225806,6.774580896262705e-13,9.313846153846153,Increasing,375.65625,89.47402184957095
101_1183,0.8629032258064516,4.377387341492067e-12,2.299107142857143,Increasing,365.46875,23.40136798218215
101_1184,0.8931451612903226,7.629452625224076e-13,12.69,Increasing,501.375,122.5843459622802
101_1185,0.7096774193548387,1.2557821005287906e-08,3.3,Increasing,470.6875,32.8333267237726
101_1186,0.7056451612903226,1.5177737733296226e-08,52.77403846153846,Increasing,893.375,594.0930982388198
101_1187,0.7217741935483871,7.0691399400857335e-09,14.339743589743591,Increasing,657.75,160.23673892088544
101_1188,0.5161290322580645,3.546525120357025e-05,1.4,Increasing,362.6875,16.980572538934016
101_1189,0.8125,7.077094466012568e-11,11.152073732718893,Increasing,556.90625,112.43480315692958
101_119,0.8225806451612904,4.108913209677212e-11,3.1,Increasing,298.21875,30.43202915412477
101_1190,0.6290322580645161,4.5753051591823635e-07,7.817805383022774,Increasing,865.1875,82.25624501367662
101_1191,0.5141129032258065,3.8055466680564365e-05,1.1111111111111112,Increasing,585.96875,16.59345574127041
101_1192,0.7560483870967742,1.3199186188472822e-09,22.094729344729345,Increasing,945.59375,254.8580314821126
101_1193,0.5,6.18958807825365e-05,4.9226190476190474,Increasing,568.34375,76.57700755407919
101_1194,0.3387096774193548,0.006765990939990862,1.0,Increasing,570.0,19.371370627810517
101_1195,0.7883064516129032,2.541908905584478e-10,14.244444444444444,Increasing,634.375,175.19395501843093
101_1196,0.4334677419354839,0.000519836761338599,3.7416666666666667,Increasing,943.625,46.392853706147456
101_1197,0.46169354838709675,0.00021786074656704457,4.02,Increasing,844.90625,49.79229318817823
101_1198,0.7661290322580645,7.944338520360361e-10,9.537766830870279,Increasing,454.5,102.51067017632847
101_1199,0.9455645161290323,3.219646771412954e-14,23.86190476190476,Increasing,522.625,232.64105264333722
101_12,0.2661290322580645,0.03364043981005893,1.1339285714285714,Increasing,545.59375,33.124631483799185
101_120,0.39314516129032256,0.001655245859932375,1.6666666666666667,Increasing,333.03125,25.087950762019204
101_1200,0.8850806451612904,1.2225775947172224e-12,16.0,Increasing,652.0625,165.91713622694311
101_1201,0.8266129032258065,3.299827078251383e-11,11.827380952380953,Increasing,636.84375,113.541322151618
101_1202,0.967741935483871,7.993605777301127e-15,91.69090909090909,Increasing,1637.25,1014.3423361962174
101_1204,0.8891129032258065,9.661160760288112e-13,42.65942028985507,Increasing,1220.75,493.5192498778543
101_1206,0.8508064516129032,8.663292305755022e-12,19.28,Increasing,613.78125,189.80281451663856
101_1207,0.1975806451612903,0.11571975521880828,1.0,No significant trend,607.8125,143.21824200760878
101_121,0.3870967741935484,0.0019526409550858492,4.854166666666666,Increasing,523.9375,74.96246456560776
101_122,0.8467741935483871,1.0854206422550305e-11,5.875,Increasing,464.59375,56.63526914333064
101_123,0.6975806451612904,2.210337290975417e-08,6.767857142857142,Increasing,603.21875,78.7800475909827
101_124,0.7016129032258065,1.832546869806606e-08,7.692105263157895,Increasing,997.34375,80.34753005498986
101_125,0.6008064516129032,1.4625443411908634e-06,1.1578947368421053,Increasing,286.65625,12.895273782960174
101_126,0.7762096774193549,4.750932980357447e-10,3.5962962962962965,Increasing,226.21875,34.98904683522402
101_127,0.7338709677419355,3.942868698203483e-09,8.047727272727272,Increasing,425.75,86.7161317172301
101_128,0.2600806451612903,0.03792115065551127,1.5692307692307694,Increasing,609.6875,138.6056540829053
101_129,0.5826612903225806,3.0070381287217174e-06,1.8416666666666668,Increasing,262.0625,21.395001606683746
101_13,0.8487903225806451,9.698242209310592e-12,10.606481481481481,Increasing,554.625,102.98809093773902
101_130,0.5685483870967742,5.193307037965056e-06,2.0,Increasing,610.9375,23.680077992903655
101_131,0.6008064516129032,1.4625443411908634e-06,0.9183333333333333,Increasing,137.28125,10.192627160722598
101_132,0.43951612903225806,0.0004332251570231538,0.8410526315789473,Increasing,202.625,12.272301128965179
101_133,-0.14112903225806453,0.2631677566593238,-0.543560606060606,No significant trend,426.3125,18.461848329731236
101_134,0.4475806451612903,0.0003385845397056997,1.25,Increasing,181.1875,15.736973779923508
101_135,0.6209677419354839,6.409512869343104e-07,1.4557692307692307,Increasing,276.15625,17.25563200631898
101_136,0.6915322580645161,2.9223376829534686e-08,1.6,Increasing,209.75,16.51892853668179
101_137,0.45161290322580644,0.00029887973345732455,1.6666666666666667,Increasing,216.71875,23.062732891778026
101_138,0.7338709677419355,3.942868698203483e-09,2.0,Increasing,296.375,21.26433340126137
101_139,0.6149193548387096,8.23131043548031e-07,2.2,Increasing,334.34375,21.948247901313216
101_14,0.5846774193548387,2.7784224061466745e-06,5.689931350114417,Increasing,657.6875,58.93769883317468
101_140,0.5423387096774194,1.3863660637269959e-05,2.1539473684210524,Increasing,310.1875,25.100345490650124
101_141,0.6512096774193549,1.772900197760663e-07,3.2264957264957266,Increasing,449.65625,33.782955553614606
101_142,0.6854838709677419,3.854806762682017e-08,1.8888888888888888,Increasing,417.03125,20.38149340547694
101_143,0.6754032258064516,6.084656289928603e-08,3.3038461538461537,Increasing,449.375,33.240365145407175
101_144,-0.3245967741935484,0.009469210701438247,-0.7669683257918551,Decreasing,211.21875,14.18347272135777
101_145,0.7560483870967742,1.3199186188472822e-09,1.532563025210084,Increasing,155.0625,15.237571779978593
101_146,0.7983870967741935,1.4987833196755673e-10,6.384099616858238,Increasing,503.9375,61.69934030238897
101_147,0.8185483870967742,5.111089329545848e-11,10.0,Increasing,1066.65625,94.25948538973412
101_148,0.592741935483871,2.019923096563403e-06,2.625,Increasing,443.5625,30.686863537188025
101_149,0.7217741935483871,7.0691399400857335e-09,4.594117647058823,Increasing,915.65625,46.307133207935685
101_15,0.48185483870967744,0.00011361189113179293,0.9814814814814814,Increasing,341.4375,13.817872258419529
101_150,0.4475806451612903,0.0003385845397056997,2.4625668449197864,Increasing,494.59375,32.96386219691952
101_151,0.5604838709677419,7.057150331224449e-06,1.5669642857142856,Increasing,243.71875,21.426085700321
101_152,0.25,0.04608393295095614,2.165217391304348,Increasing,350.125,85.39494642541794
101_153,0.5806451612903226,3.253640496581056e-06,3.4444444444444446,Increasing,465.5,39.4960441057076
101_154,-0.6169354838709677,7.574687868050489e-07,-2.108187134502924,Decreasing,479.15625,25.145960628647696
101_155,0.2782258064516129,0.026306692194792536,0.8819444444444444,Increasing,412.71875,21.827783864549787
101_156,0.4314516129032258,0.0005521233561254224,1.9205882352941175,Increasing,221.9375,25.920476341109165
101_157,0.7258064516129032,5.824971616164021e-09,4.627877237851663,Increasing,341.09375,47.36451689754156
101_158,0.3850806451612903,0.0020621929792057347,1.275252525252525,Increasing,297.90625,21.210786429020022
101_159,0.6955645161290323,2.4265743192586342e-08,1.474937343358396,Increasing,214.03125,14.440577323552546
101_16,0.2701612903225806,0.031022165815888902,1.060846560846561,Increasing,633.53125,20.46641208022305
101_160,0.6612903225806451,1.140522314369008e-07,2.75,Increasing,427.59375,29.386284401698354
101_161,0.11290322580645161,0.37244389624576013,0.8901098901098901,No significant trend,697.75,42.954918228300706
101_162,-0.034274193548387094,0.7952778335350081,-0.11666666666666667,No significant trend,797.5,22.734885088779315
101_163,0.6048387096774194,1.242609917628812e-06,2.267857142857143,Increasing,289.96875,24.340660907984812
101_164,0.7137096774193549,1.0379506365509883e-08,8.195238095238095,Increasing,808.6875,88.35915257487478
101_165,0.5241935483870968,2.6684265470366952e-05,0.9486842105263158,Increasing,295.03125,12.481196795079388
101_166,0.1975806451612903,0.11571975521880828,0.3550420168067227,No significant trend,337.0625,11.792310789238893
101_167,0.782258064516129,3.479141419404641e-10,12.701086956521738,Increasing,1026.34375,141.53436185583166
101_168,0.7338709677419355,3.942868698203483e-09,7.0,Increasing,803.1875,71.70226526233324
101_169,0.594758064516129,1.8639903685002679e-06,3.591666666666667,Increasing,663.28125,41.894386836872314
101_17,0.532258064516129,1.999674165320542e-05,1.418859649122807,Increasing,408.0,19.691368667515217
101_170,0.19959677419354838,0.11201244642922337,0.7928571428571429,No significant trend,308.53125,20.046795839672235
101_171,-0.3387096774193548,0.006765990939990862,-1.1428571428571428,Decreasing,389.75,19.504807099789527
101_172,0.5725806451612904,4.448281224922468e-06,1.9226190476190477,Increasing,290.375,20.153706234834328
101_173,0.592741935483871,2.019923096563403e-06,6.479166666666666,Increasing,878.4375,173.18540236910846
101_174,0.5846774193548387,2.7784224061466745e-06,6.463157894736842,Increasing,1331.5,90.86012601796236
101_175,0.5866935483870968,2.5665371479188792e-06,2.658333333333333,Increasing,463.1875,37.254561381795924
101_176,0.5080645161290323,4.694664237403501e-05,1.9215384615384616,Increasing,632.5,24.089676212020784
101_177,0.7116935483870968,1.1418290979392509e-08,6.754940711462451,Increasing,746.875,67.96816810095737
101_178,-0.29838709677419356,0.017134045455555746,-0.6666666666666666,Decreasing,255.90625,13.528579413134995
101_179,0.3709677419354839,0.0030012397054521855,0.75,Increasing,280.90625,13.175164550680192
101_18,-0.23387096774193547,0.062196528651478955,-0.375,No significant trend,304.9375,8.188931172625644
101_180,-0.07258064516129033,0.5703230029200781,-0.39230769230769236,No significant trend,619.59375,58.204305776613296
101_181,-0.010080645161290322,0.9482808409102057,0.0,No significant trend,344.28125,47.5658979568083
101_182,0.5766129032258065,3.8062807836691803e-06,1.4733333333333332,Increasing,277.84375,17.769547994743704
101_183,0.5504032258064516,1.0295362178336376e-05,1.6515151515151516,Increasing,191.15625,19.485746994598387
101_184,0.657258064516129,1.3616589122911193e-07,5.1380952380952385,Increasing,550.75,57.00328937877182
101_185,0.3346774193548387,0.0074570078953755115,1.0,Increasing,357.21875,17.705462389824785
101_186,0.5443548387096774,1.2874583818822671e-05,1.3333333333333333,Increasing,243.09375,15.25278535014179
101_187,0.6754032258064516,6.084656289928603e-08,1.581140350877193,Increasing,204.90625,16.720794267543035
101_188,0.17540322580645162,0.16313197866795437,0.5934065934065934,No significant trend,539.6875,22.670792746395087
101_189,0.7883064516129032,2.541908905584478e-10,2.5479166666666666,Increasing,347.0625,25.069824366157814
101_19,0.2540322580645161,0.04265662043840912,4.0,Increasing,508.71875,71.5896441424142
101_191,0.21169354838709678,0.09169739408279987,0.3660714285714286,No significant trend,254.03125,11.069339340606557
101_192,0.7883064516129032,2.541908905584478e-10,1.8834841628959276,Increasing,346.65625,18.642373398725283
101_193,0.5483870967741935,1.1094687683677051e-05,1.5,Increasing,153.625,17.689597932118186
101_194,0.6129032258064516,8.942580020931956e-07,1.0839160839160837,Increasing,369.09375,13.295580503968226
101_195,0.11491935483870967,0.36381409836843837,0.08166666666666667,No significant trend,143.21875,4.65520122416851
101_196,0.3487903225806452,0.005283353948143166,0.6666666666666666,Increasing,215.375,11.326821045642065
101_197,0.6955645161290323,2.4265743192586342e-08,2.0,Increasing,258.0625,27.304918856315982
101_198,0.4637096774193548,0.00020435771038096462,0.8708333333333333,Increasing,285.40625,11.895007815781375
101_199,0.5866935483870968,2.5665371479188792e-06,0.861904761904762,Increasing,185.1875,10.730906007882092
101_2,0.20766129032258066,0.0981116209814683,0.375,No significant trend,425.75,10.413332799829265
101_20,0.5725806451612904,4.448281224922468e-06,10.841666666666667,Increasing,568.375,121.92409267655019
101_200,0.19153225806451613,0.12742215355314657,0.16666666666666666,No significant trend,164.78125,6.7069664109416856
101_201,0.5362903225806451,1.7284429657316025e-05,1.2366946778711485,Increasing,306.53125,15.688340365937373
101_202,0.7762096774193549,4.750932980357447e-10,2.460606060606061,Increasing,321.8125,24.81108308296919
101_203,0.592741935483871,2.019923096563403e-06,3.638181818181818,Increasing,762.5625,48.69287518467152
101_204,0.6129032258064516,8.942580020931956e-07,1.6923076923076923,Increasing,413.28125,18.728711873417776
101_205,0.7701612903225806,6.472633540255401e-10,4.166666666666667,Increasing,556.125,42.586492870392604
101_206,0.6875,3.5157899258564385e-08,2.6282894736842106,Increasing,258.15625,27.34285712827941
101_207,0.6471774193548387,2.1112575954163049e-07,4.11437908496732,Increasing,951.5,43.110323589599744
101_208,0.37701612903225806,0.0025591348086346777,1.1702898550724639,Increasing,539.9375,17.054943381612265
101_209,0.5625,6.538795176869172e-06,2.3333333333333335,Increasing,481.21875,26.335259604520704
101_21,0.45161290322580644,0.00029887973345732455,1.4058823529411764,Increasing,488.03125,18.797414009312558
101_210,0.6653225806451613,9.543242263099216e-08,3.5634920634920633,Increasing,487.28125,38.22812640501101
101_211,0.8125,7.077094466012568e-11,4.9591666666666665,Increasing,702.78125,48.65871862716383
101_212,0.6189516129032258,6.968673158525007e-07,1.2857142857142858,Increasing,242.0625,14.159664323351738
101_213,0.3971774193548387,0.001480776176757681,1.1622807017543861,Increasing,258.75,16.16516316032721
101_214,-0.42338709677419356,0.0007008697006916087,-0.5,Decreasing,179.15625,6.88798489672415
101_215,0.6915322580645161,2.9223376829534686e-08,1.7638888888888888,Increasing,256.53125,19.158849742025225
101_216,0.5120967741935484,4.0824601233779845e-05,2.2612085769980506,Increasing,453.5,27.30270133155326
101_217,0.27419354838709675,0.028580768516166755,0.9318181818181819,Increasing,618.0625,21.781496591143593
101_218,0.43548387096774194,0.0004893169184720936,0.6153846153846154,Increasing,220.96875,9.345735574982848
101_219,0.7116935483870968,1.1418290979392509e-08,7.0,Increasing,280.1875,125.83059979094911
101_22,0.7137096774193549,1.0379506365509883e-08,2.0417391304347827,Increasing,355.34375,22.122682611688393
101_220,0.5282258064516129,2.31113806963279e-05,1.2620137299771166,Increasing,227.09375,14.576006343902982
101_221,0.6028225806451613,1.3482705789602534e-06,1.1751918158567776,Increasing,257.625,14.408656252406052
101_222,-0.03225806451612903,0.8078142165841911,-0.09166666666666667,No significant trend,273.03125,9.322299793371805
101_223,-0.2056451612903226,0.1014505333614959,-0.3944444444444445,No significant trend,292.3125,9.74178339679137
101_224,-0.5181451612903226,3.304303154827437e-05,-3.0595238095238093,Decreasing,549.28125,36.79608876548566
101_225,0.7560483870967742,1.3199186188472822e-09,4.5773809523809526,Increasing,350.03125,45.92894265533989
101_226,0.6229838709677419,5.893720071981079e-07,10.158333333333333,Increasing,421.84375,107.18940869291845
101_227,0.40725806451612906,0.0011160599546666816,2.676923076923077,Increasing,357.0625,35.868629660888914
101_228,0.6169354838709677,7.574687868050489e-07,2.9372549019607845,Increasing,552.8125,32.440751282145115
101_229,-0.5282258064516129,2.31113806963279e-05,-0.9372549019607843,Decreasing,194.53125,11.00847507321064
101_23,0.6975806451612904,2.210337290975417e-08,3.0,Increasing,365.40625,31.54050904689872
101_230,-0.1814516129032258,0.14894602437860582,-0.6043478260869566,No significant trend,566.84375,16.54937569630649
101_231,0.29838709677419356,0.017134045455555746,2.25,Increasing,372.96875,33.78468992661469
101_232,0.592741935483871,2.019923096563403e-06,1.458041958041958,Increasing,415.3125,15.599353952968693
101_233,-0.10080645161290322,0.42684260879570113,-0.17028985507246375,No significant trend,437.375,9.694553883495619
101_234,0.125,0.32256351748255696,0.27525252525252525,No significant trend,318.5,12.422258248804845
101_235,0.014112903225806451,0.9224891734522682,0.0,No significant trend,324.375,10.002343475406152
101_236,0.4798387096774194,0.0001213912313333676,0.6,Increasing,195.78125,7.720647540038335
101_237,0.7560483870967742,1.3199186188472822e-09,4.095454545454546,Increasing,505.34375,40.83626557286428
101_238,0.8225806451612904,4.108913209677212e-11,3.0,Increasing,250.90625,27.679368868120893
101_239,0.6955645161290323,2.4265743192586342e-08,6.4006410256410255,Increasing,758.9375,64.9917963573096
101_24,0.7520161290322581,1.6142178704825483e-09,2.3333333333333335,Increasing,274.9375,22.9223383133135
101_240,0.8125,7.077094466012568e-11,6.0,Increasing,342.96875,81.64231607100267
101_241,0.3971774193548387,0.001480776176757681,1.1483516483516483,Increasing,318.71875,17.956952648974156
101_242,0.11693548387096774,0.355310453336267,0.15587044534412955,No significant trend,260.3125,7.5929140486377165
101_243,0.8145161290322581,6.351164039131163e-11,4.0,Increasing,348.0625,39.15349401713722
101_244,0.6733870967741935,6.661159712706421e-08,2.0,Increasing,608.125,27.01128236496742
101_245,0.8366935483870968,1.8986590077929577e-11,12.3875,Increasing,1108.4375,336.3900207998894
101_246,0.6149193548387096,8.23131043548031e-07,2.3944444444444444,Increasing,577.875,25.754550568782985
101_247,0.3326612903225806,0.007825712195287604,0.8819444444444444,Increasing,399.0,16.537835408541227
101_248,0.37298387096774194,0.002846673252961729,1.245,Increasing,458.5,20.024984394500787
101_249,0.7358870967741935,3.574073925705079e-09,1.5519713261648747,Increasing,193.0625,15.513980590100015
101_25,0.7358870967741935,3.574073925705079e-09,1.8603896103896105,Increasing,294.46875,19.03284065602137
101_250,0.7258064516129032,5.824971616164021e-09,2.866071428571429,Increasing,504.15625,32.26754307252878
101_251,0.5685483870967742,5.193307037965056e-06,4.75,Increasing,1068.46875,53.24881710834054
101_252,0.6028225806451613,1.3482705789602534e-06,4.803846153846154,Increasing,916.125,54.34884428394039
101_253,0.6673387096774194,8.7262118642073e-08,1.8544973544973544,Increasing,237.34375,20.82457888979991
101_254,0.5887096774193549,2.370209626567643e-06,3.279220779220779,Increasing,411.8125,38.27649205125778
101_255,0.6794354838709677,5.073125608490159e-08,1.2709790209790208,Increasing,185.46875,14.252158553619168
101_256,0.5685483870967742,5.193307037965056e-06,2.578787878787879,Increasing,438.84375,29.70280855302239
101_257,-0.08266129032258064,0.5165593764787639,-0.09523809523809523,No significant trend,242.34375,6.4595344985145795
101_258,0.5362903225806451,1.7284429657316025e-05,1.0,Increasing,322.90625,11.953972600667111
101_259,0.2560483870967742,0.041025411522529254,0.4375,Increasing,243.78125,9.133504170771479
101_26,0.35080645161290325,0.005024693896646282,0.4037037037037037,Increasing,270.125,7.5859656603493795
101_260,0.14919354838709678,0.2364918152910518,0.6168478260869565,No significant trend,465.0,21.672274915199836
101_261,0.1350806451612903,0.2844906362403654,0.8138528138528138,No significant trend,870.5625,36.431388852883444
101_262,0.7701612903225806,6.472633540255401e-10,1.5741758241758241,Increasing,238.875,15.357713859816506
101_263,0.8810483870967742,1.5452084056732929e-12,4.351470588235294,Increasing,275.375,40.323496562178235
101_264,0.24798387096774194,0.04788277895297388,0.45454545454545453,Increasing,314.1875,10.995560183546813
101_265,0.4153225806451613,0.0008861761949863212,0.7613636363636364,Increasing,316.46875,12.384426649526413
101_266,0.5524193548387096,9.551213337788411e-06,1.5520833333333335,Increasing,226.59375,17.16802874349586
101_267,0.42338709677419356,0.0007008697006916087,2.0,Increasing,561.625,27.597271151329437
101_268,0.6491935483870968,1.934942726045108e-07,1.1846590909090908,Increasing,257.8125,13.049036123407737
101_269,-0.04032258064516129,0.757996646747342,-0.043560606060606064,No significant trend,188.875,7.704503553117489
101_27,0.5463709677419355,1.1953055304658733e-05,1.5,Increasing,266.28125,17.704579871815653
101_270,0.05040322580645161,0.697131994304151,0.08695652173913043,No significant trend,473.78125,10.916542421366758
101_271,0.8145161290322581,6.351164039131163e-11,3.196428571428571,Increasing,243.6875,137.42121322325022
101_272,0.7600806451612904,1.0781671111459445e-09,1.4226190476190477,Increasing,243.03125,15.66342151119927
101_273,0.8245967741935484,3.682676386063122e-11,6.2,Increasing,704.5625,59.12853451380306
101_274,0.6834677419354839,4.225433603011197e-08,1.25,Increasing,191.46875,23.35324438782543
101_275,0.2923387096774194,0.019534580819994485,0.35,Increasing,161.09375,6.611350916227333
101_276,0.7762096774193549,4.750932980357447e-10,2.44949494949495,Increasing,234.0625,23.279467213619817
101_277,0.4959677419354839,7.096380450022366e-05,1.2,Increasing,268.84375,16.69788417547265
101_278,0.31048387096774194,0.013097125487301797,0.5,Increasing,487.5,10.35917467755033
101_279,-0.7258064516129032,5.824971616164021e-09,-2.5,Decreasing,502.6875,25.394927520077704
101_28,0.5625,6.538795176869172e-06,1.6666666666666667,Increasing,398.0,18.689903691565668
101_280,0.6391129032258065,2.984879994283318e-07,2.1818181818181817,Increasing,362.53125,23.029850703760545
101_281,0.37298387096774194,0.002846673252961729,0.8257575757575758,Increasing,302.4375,15.526061759184136
101_282,0.4495967741935484,0.000318152821317641,2.0925925925925926,Increasing,279.84375,30.327493070438578
101_283,0.3346774193548387,0.0074570078953755115,2.5227272727272725,Increasing,772.125,37.848175319293794
101_284,0.6814516129032258,4.630511263314929e-08,2.8333333333333335,Increasing,733.40625,28.773750380120767
101_285,0.8185483870967742,5.111089329545848e-11,3.9309523809523808,Increasing,618.65625,165.55750688488124
101_286,0.4415322580645161,0.0004074870138988107,1.1666666666666667,Increasing,237.46875,16.155464197524626
101_287,0.3951612903225806,0.001565774864560776,0.5384615384615384,Increasing,152.03125,9.478542790824969
101_288,0.37298387096774194,0.002846673252961729,1.3452380952380953,Increasing,344.15625,18.361150180135773
101_289,0.27419354838709675,0.028580768516166755,0.4,Increasing,201.75,7.956915231419774
101_29,0.7379032258064516,3.238943557803964e-09,3.0,Increasing,530.09375,29.523676277481094
101_290,0.3185483870967742,0.010897045103689385,0.5454545454545454,Increasing,281.90625,9.884834896825542
101_291,0.6431451612903226,2.5116283208781454e-07,5.527777777777778,Increasing,864.59375,60.50044389041704
101_292,0.2439516129032258,0.05165781777373568,0.3333333333333333,No significant trend,188.5,7.668930825088983
101_293,0.7620967741935484,9.740654949297323e-10,2.3333333333333335,Increasing,295.46875,23.386674056767884
101_294,0.6854838709677419,3.854806762682017e-08,2.5,Increasing,296.34375,25.516672705066778
101_295,0.4959677419354839,7.096380450022366e-05,0.9110671936758893,Increasing,253.625,13.230528145164879
101_296,0.6975806451612904,2.210337290975417e-08,2.0,Increasing,198.5625,20.296147263705002
101_297,0.6068548387096774,1.1449388537254634e-06,1.8038461538461539,Increasing,237.21875,19.280388959704624
101_298,0.038306451612903226,0.7703660224129336,0.245014245014245,No significant trend,282.34375,33.297531228868905
101_299,0.4435483870967742,0.0003831828637113066,2.2821969696969697,Increasing,345.375,31.856857582002654
101_3,0.6350806451612904,3.54369133592769e-07,2.0,Increasing,176.75,18.026022855860358
101_30,0.6895161290322581,3.2057687171516136e-08,5.930952380952381,Increasing,915.75,60.264521071688606
101_300,0.7379032258064516,3.238943557803964e-09,1.906926406926407,Increasing,235.0,19.737337713075693
101_301,0.8588709677419355,5.501599176227501e-12,2.415229885057471,Increasing,289.5,23.643180835073778
101_302,0.35685483870967744,0.004315952098634668,1.2509803921568627,Increasing,218.375,50.110346985428066
101_303,0.2217741935483871,0.07712890370635717,0.4365079365079365,No significant trend,345.875,12.626237563106438
101_304,0.5806451612903226,3.253640496581056e-06,1.8,Increasing,280.65625,19.628756607016655
101_305,0.75,1.7844419275547807e-09,1.8908730158730158,Increasing,320.1875,19.04179203095129
101_306,0.6814516129032258,4.630511263314929e-08,5.0,Increasing,558.28125,52.80698011094272
101_307,0.2318548387096774,0.06450466084662865,1.0,No significant trend,401.0625,25.091006232313603
101_308,0.5262096774193549,2.4836775924574894e-05,1.733201581027668,Increasing,390.09375,25.02044086217307
101_309,0.5423387096774194,1.3863660637269959e-05,2.2899159663865545,Increasing,278.96875,26.540634382725294
101_31,0.2963709677419355,0.017903776568633623,0.6666666666666666,Increasing,285.84375,15.447712967863561
101_310,0.5806451612903226,3.253640496581056e-06,2.9486842105263156,Increasing,451.875,35.54288782583655
101_311,0.6875,3.5157899258564385e-08,4.192592592592593,Increasing,685.9375,44.28242985372415
101_312,0.844758064516129,1.2144951710979512e-11,4.019230769230769,Increasing,338.4375,38.74833665784894
101_313,0.18951612903225806,0.13152122240591746,0.8284313725490196,No significant trend,524.84375,51.26713699766645
101_314,0.32661290322580644,0.00903177754860196,1.4,Increasing,727.9375,26.58352109390327
101_315,0.6693548387096774,7.977093474664798e-08,2.0,Increasing,254.65625,24.321555993346724
101_316,0.6350806451612904,3.54369133592769e-07,2.452272727272727,Increasing,322.3125,28.844884186801654
101_317,0.08064516129032258,0.5270983110287553,0.09523809523809523,No significant trend,226.125,7.618849978835389
101_318,0.6008064516129032,1.4625443411908634e-06,3.3912037037037037,Increasing,271.5,48.433588551747846
101_319,0.46169354838709675,0.00021786074656704457,1.8,Increasing,252.5,41.587257663856604
101_32,0.4495967741935484,0.000318152821317641,3.236074270557029,Increasing,374.28125,38.729215696131774
101_320,0.5080645161290323,4.694664237403501e-05,2.311740890688259,Increasing,371.59375,26.55873135030173
101_321,0.5060483870967742,5.032482653111181e-05,1.9115384615384614,Increasing,543.34375,24.82892639518471
101_322,0.6875,3.5157899258564385e-08,2.2240802675585285,Increasing,278.375,26.100466949845934
101_323,0.7076612903225806,1.38075384459313e-08,4.292857142857143,Increasing,532.25,47.11422290561524
101_324,0.2217741935483871,0.07712890370635717,0.424812030075188,No significant trend,319.75,13.150570329837409
101_325,0.5120967741935484,4.0824601233779845e-05,0.8164983164983165,Increasing,202.6875,10.610836147542756
101_326,0.26411290322580644,0.035018975923764684,0.7207792207792207,Increasing,332.46875,16.868951462301975
101_327,0.33669354838709675,0.007103959439850094,3.55,Increasing,719.21875,66.00934326621876
101_328,0.5584677419354839,7.614672716593773e-06,1.2330316742081449,Increasing,258.15625,14.939689954530516
101_329,0.6088709677419355,1.054676987966019e-06,3.857142857142857,Increasing,978.90625,45.32821925619294
101_33,0.5604838709677419,7.057150331224449e-06,2.0,Increasing,318.28125,22.634644871026804
101_330,0.7258064516129032,5.824971616164021e-09,4.74537037037037,Increasing,778.125,47.82765282762682
101_331,-0.008064516129032258,0.9611987334080325,0.0,No significant trend,609.75,22.02129651042372
101_332,0.5483870967741935,1.1094687683677051e-05,2.825,Increasing,606.65625,40.462644327051834
101_333,0.04838709677419355,0.7091645038629479,0.08712121212121213,No significant trend,172.25,9.826622003516773
101_334,0.6975806451612904,2.210337290975417e-08,9.49,Increasing,280.625,103.80834202991588
101_335,0.48588709677419356,9.944225368752058e-05,1.0,Increasing,317.375,12.885917701118535
101_336,0.6411290322580645,2.738397213430943e-07,1.4127789046653145,Increasing,336.5625,16.479034976296397
101_337,0.28225806451612906,0.02419069629917514,0.8571428571428571,Increasing,483.5625,16.598075001336753
101_338,0.75,1.7844419275547807e-09,2.6449579831932772,Increasing,449.71875,27.13189356527664
101_339,0.28024193548387094,0.02522949923076112,0.631578947368421,Increasing,401.75,14.25
101_34,0.6189516129032258,6.968673158525007e-07,2.1666666666666665,Increasing,610.5625,27.558956688343628
101_340,0.45564516129032256,0.00026356866715215865,1.4543650793650793,Increasing,326.4375,19.697616448443704
101_341,0.625,5.418056365780188e-07,1.1666666666666667,Increasing,194.34375,13.685323742517019
101_342,0.5403225806451613,1.4924957946416129e-05,10.966666666666667,Increasing,644.375,153.75828229724732
101_343,0.7056451612903226,1.5177737733296226e-08,1.2105263157894737,Increasing,231.75,12.801367114492107
101_344,0.6693548387096774,7.977093474664798e-08,2.2456896551724137,Increasing,267.96875,24.9568181753504
101_345,0.8004032258064516,1.3474710236494047e-10,2.6961538461538463,Increasing,330.0625,27.156879308013284
101_346,-0.5987903225806451,1.5861008195727777e-06,-1.7207792207792207,Decreasing,394.65625,19.779423296383037
101_347,-0.29838709677419356,0.017134045455555746,-0.5714285714285714,Decreasing,288.25,12.75245074485685
101_348,0.6270161290322581,4.979515006997559e-07,1.9761904761904763,Increasing,573.34375,24.75455687217002
101_349,0.532258064516129,1.999674165320542e-05,1.0,Increasing,219.875,12.095324509908776
101_35,0.6411290322580645,2.738397213430943e-07,2.6325000000000003,Increasing,319.09375,31.367139827174235
101_350,0.28225806451612906,0.02419069629917514,1.8844444444444444,Increasing,300.46875,64.49950793174705
101_351,-0.7096774193548387,1.2557821005287906e-08,-2.0,Decreasing,302.625,27.91365033455854
101_352,0.7217741935483871,7.0691399400857335e-09,1.3333333333333333,Increasing,209.5625,13.70660766747192
101_353,0.8064516129032258,9.776668363770114e-11,3.5714285714285716,Increasing,548.78125,144.79743056573034
101_354,0.3689516129032258,0.003163426250587742,1.7320574162679425,Increasing,258.25,26.971049293640764
101_355,0.5846774193548387,2.7784224061466745e-06,0.9428104575163399,Increasing,209.0,10.845505981741931
101_356,0.43951612903225806,0.0004332251570231538,1.2,Increasing,183.65625,15.667660512581321
101_357,0.46169354838709675,0.00021786074656704457,0.5555555555555556,Increasing,173.96875,8.248046643751477
101_358,0.7701612903225806,6.472633540255401e-10,1.5092592592592593,Increasing,218.90625,14.591006166042835
101_359,0.19153225806451613,0.12742215355314657,0.21980676328502413,No significant trend,178.4375,7.676821852172942
101_36,0.717741935483871,8.570263387852606e-09,3.177865612648221,Increasing,226.25,32.670705532632745
101_360,0.5806451612903226,3.253640496581056e-06,1.319090909090909,Increasing,276.09375,16.04750637754975
101_361,0.6512096774193549,1.772900197760663e-07,1.4220647773279351,Increasing,220.375,15.175535410653556
101_362,0.8266129032258065,3.299827078251383e-11,1.6055555555555556,Increasing,198.59375,15.266096781348532
101_363,0.3689516129032258,0.003163426250587742,0.75,Increasing,189.34375,12.433848396112122
101_364,-0.09274193548387097,0.4655488870531288,-0.22634271099744246,No significant trend,396.1875,12.281687333180242
101_365,0.43548387096774194,0.0004893169184720936,2.1180555555555554,Increasing,544.0625,29.328886677642572
101_366,0.14717741935483872,0.24297435488893093,0.2857142857142857,No significant trend,390.53125,12.239751771890637
101_367,0.19153225806451613,0.12742215355314657,0.3618181818181818,No significant trend,200.53125,9.682407935916562
101_368,0.3709677419354839,0.0030012397054521855,0.6870629370629371,Increasing,262.3125,15.444330472700978
101_369,0.08266129032258064,0.5165593764787639,0.1380952380952381,No significant trend,188.125,9.758810122140916
101_37,0.6955645161290323,2.4265743192586342e-08,4.5,Increasing,420.5,46.32291549546509
101_370,0.5967741935483871,1.7196589441326182e-06,3.6515151515151514,Increasing,779.25,67.67846777225382
101_371,0.13306451612903225,0.2918511202475407,0.3405797101449275,No significant trend,326.375,26.117223723052955
101_372,0.4112903225806452,0.0009949884229842887,1.0816666666666666,Increasing,497.90625,16.024121222004656
101_373,0.5846774193548387,2.7784224061466745e-06,4.345238095238095,Increasing,512.78125,49.316411045791845
101_374,0.10483870967741936,0.40821489473295625,0.29411764705882354,No significant trend,360.0,11.95303308788192
101_375,0.4959677419354839,7.096380450022366e-05,1.8397435897435899,Increasing,292.125,22.866118494401274
101_376,0.7439516129032258,2.4068798065712826e-09,4.711309523809524,Increasing,223.53125,47.09364631707233
101_377,0.2318548387096774,0.06450466084662865,0.4557692307692308,No significant trend,144.25,16.874537030686206
101_378,0.6310483870967742,4.2028371116664687e-07,6.3875,Increasing,210.25,78.16888767278193
101_379,0.5463709677419355,1.1953055304658733e-05,2.6055555555555556,Increasing,561.0625,32.329299308058005
101_38,0.6411290322580645,2.738397213430943e-07,4.298029556650246,Increasing,590.0,48.973845060399334
101_380,0.35080645161290325,0.005024693896646282,1.1346153846153846,Increasing,1099.125,20.743598410111975
101_381,0.7520161290322581,1.6142178704825483e-09,5.596014492753623,Increasing,766.78125,57.03767087142935
101_382,0.6834677419354839,4.225433603011197e-08,3.2886904761904763,Increasing,538.5625,34.87740807098486
101_383,0.05241935483870968,0.6851751854528196,0.054093567251461985,No significant trend,233.78125,10.899353120139745
101_384,0.8387096774193549,1.6986412276764895e-11,2.203448275862069,Increasing,237.28125,21.71726613636026
101_385,0.5282258064516129,2.31113806963279e-05,1.1666666666666667,Increasing,256.40625,14.424067073384677
101_386,0.1693548387096774,0.17831360778170335,0.41875,No significant trend,752.59375,23.465212782702398
101_387,0.6915322580645161,2.9223376829534686e-08,2.7142857142857144,Increasing,458.3125,27.648957371843156
101_388,0.15725806451612903,0.21178693551335703,0.25,No significant trend,239.3125,9.200670831520927
101_389,0.7217741935483871,7.0691399400857335e-09,4.0,Increasing,317.75,43.55815078719481
101_39,0.7076612903225806,1.38075384459313e-08,2.1132478632478633,Increasing,323.125,21.72807803281275
101_390,0.49193548387096775,8.127869954099864e-05,1.25,Increasing,301.125,17.700194207974103
101_391,0.3810483870967742,0.0022983908153568766,0.7687165775401069,Increasing,272.9375,12.315989353275684
101_392,0.6129032258064516,8.942580020931956e-07,3.973684210526316,Increasing,689.9375,44.8573694475055
101_393,0.48185483870967744,0.00011361189113179293,1.0,Increasing,155.0625,13.083714829894452
101_394,0.49193548387096775,8.127869954099864e-05,1.3923076923076922,Increasing,274.40625,22.826600950152432
101_395,-0.014112903225806451,0.9224891734522682,0.0,No significant trend,231.46875,12.054522945247564
101_396,0.5463709677419355,1.1953055304658733e-05,0.8153409090909092,Increasing,217.40625,10.145378797142076
101_397,0.40524193548387094,0.0011815761851263762,0.6837500000000001,Increasing,235.28125,10.630834794949077
101_398,0.7600806451612904,1.0781671111459445e-09,2.848076923076923,Increasing,389.375,27.69109739609465
101_399,0.6673387096774194,8.7262118642073e-08,1.0,Increasing,163.65625,10.218272160081664
101_4,0.30443548387096775,0.014996317848851026,0.734006734006734,Increasing,223.6875,11.859694083322722
101_40,0.7620967741935484,9.740654949297323e-10,4.208695652173914,Increasing,505.625,56.44231014939059
101_400,0.5907258064516129,2.1883453411586373e-06,2.0,Increasing,504.90625,24.24015183404386
101_401,0.7580645161290323,1.193087628692524e-09,2.4,Increasing,404.28125,24.476052550145827
101_402,0.625,5.418056365780188e-07,2.7,Increasing,271.25,29.907147975024298
101_403,-0.17137096774193547,0.173140435185424,-0.2928571428571428,No significant trend,269.0625,11.999837238479529
101_404,0.5584677419354839,7.614672716593773e-06,1.3798076923076923,Increasing,226.03125,15.595440790099522
101_405,0.26814516129032256,0.03230858389449276,0.8918128654970761,Increasing,491.28125,21.39105299973566
101_406,0.5362903225806451,1.7284429657316025e-05,1.0,Increasing,201.21875,12.292615606025432
101_407,-0.4495967741935484,0.000318152821317641,-0.5323886639676113,Decreasing,193.0625,7.80599729374793
101_408,0.038306451612903226,0.7703660224129336,0.18012422360248448,No significant trend,578.34375,50.67088005884149
101_409,0.09879032258064516,0.4363392795127665,0.09545454545454546,No significant trend,207.4375,9.041354641313436
101_41,0.7459677419354839,2.178956348686256e-09,5.301282051282051,Increasing,773.5,60.806558034475195
101_410,0.09475806451612903,0.45569348519923736,0.5921658986175116,No significant trend,585.78125,30.48025423839998
101_411,-0.4012096774193548,0.0013233944127710728,-0.8153409090909092,Decreasing,410.625,12.414079708137853
101_412,0.17338709677419356,0.16808028138689668,0.17914438502673796,No significant trend,204.8125,7.6093589578886345
101_413,-0.5826612903225806,3.0070381287217174e-06,-3.0784615384615384,Decreasing,336.71875,37.14938961056426
101_414,0.6068548387096774,1.1449388537254634e-06,2.5,Increasing,301.90625,25.638544438744958
101_415,0.6935483870967742,2.6632843708185305e-08,2.4791304347826086,Increasing,238.25,27.643941470058138
101_416,-0.13306451612903225,0.2918511202475407,-0.2426470588235294,No significant trend,238.3125,11.267867755258756
101_417,0.2923387096774194,0.019534580819994485,2.9027777777777777,Increasing,327.84375,41.55050343783454
101_418,0.22379032258064516,0.07445456944820861,0.3125,No significant trend,246.71875,8.836127457065114
101_419,0.2923387096774194,0.019534580819994485,0.4,Increasing,140.3125,7.625768403905274
101_42,0.5625,6.538795176869172e-06,0.6035714285714285,Increasing,136.0625,7.228145941387736
101_420,0.3588709677419355,0.004100666980662471,0.8759398496240601,Increasing,339.34375,13.799024818352201
101_421,0.34274193548387094,0.0061330741504750375,0.6666666666666666,Increasing,205.0625,11.00834200731427
101_422,0.5181451612903226,3.304303154827437e-05,1.3333333333333333,Increasing,427.90625,588.2166033536774
101_423,-0.22983870967741934,0.06688303453312439,-0.7,No significant trend,339.8125,21.503542586048468
101_424,-0.5967741935483871,1.7196589441326182e-06,-1.7222222222222223,Decreasing,212.65625,20.890502290215522
101_425,0.4939516129032258,7.595584729669369e-05,1.1538461538461537,Increasing,293.5,15.767847031221478
101_426,0.7641129032258065,8.797895745260575e-10,2.5,Increasing,362.21875,60.483848244283365
101_427,0.3810483870967742,0.0022983908153568766,1.660919540229885,Increasing,194.53125,23.310384454948398
101_428,0.4959677419354839,7.096380450022366e-05,1.1695402298850575,Increasing,299.65625,14.43868366359967
101_429,0.5100806451612904,4.378423530448927e-05,4.398190045248869,Increasing,366.59375,51.27612710548155
101_43,-0.1693548387096774,0.17831360778170335,-0.3693181818181818,No significant trend,284.5,12.572290960680158
101_430,0.7016129032258065,1.832546869806606e-08,3.8333333333333335,Increasing,805.96875,37.273888627798144
101_431,0.7157258064516129,9.432809422449395e-09,2.5,Increasing,322.9375,25.3425747261402
101_432,0.5060483870967742,5.032482653111181e-05,4.0,Increasing,1329.46875,162.01137775921018
101_433,0.592741935483871,2.019923096563403e-06,4.675438596491228,Increasing,1280.4375,52.713220293869355
101_434,-0.11693548387096774,0.355310453336267,-0.09090909090909091,No significant trend,135.03125,4.304680410611222
101_435,0.014112903225806451,0.9224891734522682,0.050505050505050504,No significant trend,534.5,18.819869818890883
101_436,0.6451612903225806,2.303051436225445e-07,1.1428571428571428,Increasing,156.09375,30.82344823243337
101_437,0.8407258064516129,1.5192958002785417e-11,2.0,Increasing,217.125,19.106199909976866
101_438,0.6693548387096774,7.977093474664798e-08,1.0,Increasing,210.34375,11.679601274765334
101_439,0.717741935483871,8.570263387852606e-09,1.7386363636363638,Increasing,346.09375,20.49749889468225
101_44,0.5342741935483871,1.85935300431872e-05,1.6485294117647058,Increasing,343.53125,21.177795528276782
101_440,0.7520161290322581,1.6142178704825483e-09,4.569047619047619,Increasing,340.78125,51.009027617055196
101_441,0.6633064516129032,1.0434107045043106e-07,5.916666666666667,Increasing,336.28125,63.26147839275889
101_442,0.6169354838709677,7.574687868050489e-07,3.3333333333333335,Increasing,558.78125,36.88896716414679
101_443,0.7036290322580645,1.667963900331415e-08,6.1042780748663095,Increasing,620.09375,67.38339900107073
101_444,0.5241935483870968,2.6684265470366952e-05,1.2546296296296298,Increasing,195.0,16.02927010191044
101_445,0.4717741935483871,0.00015781793261271382,0.8,Increasing,196.9375,14.028848625243628
101_446,0.46975806451612906,0.00016841374055021063,1.7236363636363636,Increasing,296.625,22.733166849341515
101_447,0.6028225806451613,1.3482705789602534e-06,3.2847222222222223,Increasing,473.25,36.084103148062304
101_448,0.41935483870967744,0.0007884847400962958,1.0,Increasing,338.96875,14.5676962295862
101_449,0.2600806451612903,0.03792115065551127,0.48050974512743627,Increasing,161.34375,11.32919176011687
101_45,0.6834677419354839,4.225433603011197e-08,6.655172413793103,Increasing,1023.03125,68.24793237481632
101_450,0.7883064516129032,2.541908905584478e-10,2.8333333333333335,Increasing,420.8125,28.313465767192824
101_451,0.29838709677419356,0.017134045455555746,0.5,Increasing,267.03125,10.964386596499596
101_452,0.024193548387096774,0.8584237820523384,0.0,No significant trend,219.1875,9.139329502211856
101_453,0.23588709677419356,0.0599571524375313,0.8366666666666667,No significant trend,318.1875,16.568866700833826
101_454,0.2217741935483871,0.07712890370635717,0.6666666666666666,No significant trend,419.21875,15.392235004621648
101_455,0.3709677419354839,0.0030012397054521855,0.8722826086956521,Increasing,275.0,15.262290129597195
101_456,-0.11088709677419355,0.38119941574393534,-0.3333333333333333,No significant trend,611.875,15.30063315683374
101_457,0.4717741935483871,0.00015781793261271382,2.2,Increasing,641.25,32.77575323314477
101_458,0.046370967741935484,0.721270009629742,0.09545454545454546,No significant trend,229.21875,9.860699693099876
101_459,0.7399193548387096,2.934484433225748e-09,3.7482517482517483,Increasing,496.15625,42.90477054987592
101_46,0.4092741935483871,0.0010539167533933913,4.585714285714285,Increasing,560.90625,60.53633174332171
101_460,0.4637096774193548,0.00020435771038096462,2.4814814814814814,Increasing,624.125,32.66950986776508
101_461,0.5625,6.538795176869172e-06,1.0784615384615384,Increasing,248.3125,12.001139268836106
101_462,0.10887096774193548,0.3900801527621489,0.17624223602484473,No significant trend,274.21875,8.922353861930159
101_463,0.8387096774193549,1.6986412276764895e-11,10.0,Increasing,344.625,105.98223612945709
101_464,0.8024193548387096,1.21112231354914e-10,3.2426470588235294,Increasing,238.25,35.289871068055774
101_465,0.6209677419354839,6.409512869343104e-07,3.3205128205128203,Increasing,302.96875,38.41019101016682
101_466,0.8064516129032258,9.776668363770114e-11,3.1791443850267376,Increasing,332.53125,36.52566253249214
101_467,0.2782258064516129,0.026306692194792536,0.8079710144927537,Increasing,276.09375,16.498786650463117
101_468,0.7459677419354839,2.178956348686256e-09,2.6295238095238096,Increasing,364.78125,26.81036923351672
101_469,0.7016129032258065,1.832546869806606e-08,5.254032258064516,Increasing,997.59375,61.471466640527616
101_47,0.17137096774193547,0.173140435185424,0.13333333333333333,No significant trend,148.53125,5.9001291034603645
101_470,0.875,2.191358206005134e-12,4.0,Increasing,321.40625,37.87302748576485
101_471,0.6048387096774194,1.242609917628812e-06,2.091666666666667,Increasing,344.15625,24.26044797479016
101_472,-0.26411290322580644,0.035018975923764684,-1.1105476673427992,Decreasing,317.71875,33.141962048700435
101_473,0.5221774193548387,2.8661968966448015e-05,1.6112637362637363,Increasing,673.125,21.911398289474818
101_474,0.45161290322580644,0.00029887973345732455,0.7142857142857143,Increasing,353.125,9.697776807083157
101_475,-0.35080645161290325,0.005024693896646282,-0.6132478632478633,Decreasing,257.5625,10.428139515273086
101_476,0.1875,0.13572177389937323,0.40689655172413797,No significant trend,323.65625,11.94678140494334
101_477,-0.43548387096774194,0.0004893169184720936,-0.7928571428571429,Decreasing,186.84375,12.886789202027789
101_478,0.4153225806451613,0.0008861761949863212,1.2094298245614035,Increasing,418.78125,18.421682834027408
101_479,0.30443548387096775,0.014996317848851026,0.6363636363636364,Increasing,270.09375,12.052902593877542
101_48,-0.0625,0.626617246268595,-0.06904761904761905,No significant trend,139.125,6.009107670860957
101_480,-0.6411290322580645,2.738397213430943e-07,-2.3166666666666664,Decreasing,293.5625,36.599980788929386
101_481,0.5201612903225806,3.077850744093169e-05,5.947916666666666,Increasing,967.21875,75.82658437802338
101_482,0.5645161290322581,6.056982383206844e-06,1.2264957264957266,Increasing,224.0,14.70969068335565
101_483,0.03225806451612903,0.8078142165841911,0.05555555555555555,No significant trend,142.4375,8.385021988641412
101_484,-0.020161290322580645,0.883962377036416,0.0,No significant trend,211.84375,8.678671323278696
101_485,0.3326612903225806,0.007825712195287604,1.9322222222222223,Increasing,679.75,31.668201717179965
101_486,0.3387096774193548,0.006765990939990862,0.6939799331103679,Increasing,320.96875,14.090077126740649
101_487,0.25,0.04608393295095614,1.1831103678929766,Increasing,687.59375,27.495294341714185
101_488,0.5080645161290323,4.694664237403501e-05,0.6666666666666666,Increasing,155.9375,9.45693363358335
101_489,0.7399193548387096,2.934484433225748e-09,2.648529411764706,Increasing,266.53125,27.747730059186825
101_49,0.2721774193548387,0.029779962111063263,0.4142156862745098,Increasing,158.71875,9.196583519845834
101_490,0.7137096774193549,1.0379506365509883e-08,2.1318840579710145,Increasing,161.59375,24.160736970082265
101_492,0.3951612903225806,0.001565774864560776,1.346989966555184,Increasing,291.03125,18.250829390400316
101_493,0.40524193548387094,0.0011815761851263762,1.75,Increasing,803.90625,25.80741096928361
101_494,-0.24596774193548387,0.049740271332769925,-0.4258241758241758,Decreasing,223.5625,9.85183199968412
101_495,0.6270161290322581,4.979515006997559e-07,11.256493506493506,Increasing,874.03125,132.03704129310645
101_496,0.842741935483871,1.3585577107733116e-11,25.709615384615383,Increasing,549.28125,287.36912612254906
101_497,0.4637096774193548,0.00020435771038096462,0.65,Increasing,159.25,8.533024082938006
101_498,0.35685483870967744,0.004315952098634668,0.3138461538461539,Increasing,144.0,5.836308764964376
101_499,0.7419354838709677,2.657962294705385e-09,3.5954545454545457,Increasing,915.34375,42.956089043784004
101_5,0.6149193548387096,8.23131043548031e-07,2.8047619047619046,Increasing,386.28125,31.66744619380445
101_50,0.6008064516129032,1.4625443411908634e-06,2.6547619047619047,Increasing,354.1875,29.487749045154327
101_500,0.594758064516129,1.8639903685002679e-06,2.5,Increasing,340.9375,28.81182211783906
101_501,0.39314516129032256,0.001655245859932375,1.0,Increasing,354.3125,18.923261974353153
101_502,0.8064516129032258,9.776668363770114e-11,2.245,Increasing,283.8125,22.813698598649015
101_503,0.2540322580645161,0.04265662043840912,0.7136363636363636,Increasing,209.96875,14.862882406770902
101_504,0.6149193548387096,8.23131043548031e-07,2.3819444444444446,Increasing,408.9375,27.24419376215784
101_505,0.5645161290322581,6.056982383206844e-06,2.0,Increasing,406.25,21.8832127440191
101_506,0.0,1.0,0.0,No significant trend,433.3125,14.653151324885716
101_507,-0.38306451612903225,0.0021773576915100623,-0.3798076923076923,Decreasing,232.15625,6.88798489672415
101_508,0.782258064516129,3.479141419404641e-10,5.916666666666667,Increasing,705.3125,58.5803067911905
101_509,-0.17540322580645162,0.16313197866795437,-0.3333333333333333,No significant trend,216.34375,10.58480448272428
101_51,0.34475806451612906,0.00583705710745952,1.7141666666666666,Increasing,625.40625,27.187841233490754
101_510,0.6653225806451613,9.543242263099216e-08,2.6923076923076925,Increasing,365.0625,28.74558389996627
101_511,0.4475806451612903,0.0003385845397056997,3.120320855614973,Increasing,209.1875,61.898322624688305
101_512,0.32661290322580644,0.00903177754860196,0.5,Increasing,183.96875,9.231347325147071
101_513,0.5403225806451613,1.4924957946416129e-05,1.057565789473684,Increasing,213.25,12.908330643425586
101_514,0.7116935483870968,1.1418290979392509e-08,10.654761904761905,Increasing,390.21875,142.18050463561275
101_515,0.6733870967741935,6.661159712706421e-08,1.949874686716792,Increasing,324.84375,21.254572118429014
101_516,0.6693548387096774,7.977093474664798e-08,2.7846153846153845,Increasing,680.90625,30.348351865257857
101_517,0.5282258064516129,2.31113806963279e-05,1.3333333333333333,Increasing,480.03125,16.56518256577633
101_518,0.7681451612903226,7.171752081092109e-10,4.0,Increasing,507.21875,39.28480493062808
101_519,0.17943548387096775,0.15356609546635402,0.19201228878648233,No significant trend,215.1875,7.165182743656996
101_52,0.8608870967741935,4.908073947262892e-12,6.611111111111111,Increasing,568.53125,63.63027206791984
101_520,0.6794354838709677,5.073125608490159e-08,2.7916666666666665,Increasing,479.34375,29.38814533000509
101_521,0.18346774193548387,0.1444328264537258,0.20761494252873564,No significant trend,274.875,9.184735978785673
101_522,0.3225806451612903,0.00992544145265839,0.9083333333333333,Increasing,463.71875,16.382602004489396
101_523,0.5483870967741935,1.1094687683677051e-05,2.5857843137254903,Increasing,338.5625,29.115006332645713
101_524,0.719758064516129,7.784594746595985e-09,2.9198717948717947,Increasing,410.90625,30.449096225298707
101_525,0.6532258064516129,1.6240138478451627e-07,1.9333333333333333,Increasing,184.15625,21.78030844449867
101_526,0.7379032258064516,3.238943557803964e-09,2.658333333333333,Increasing,349.78125,27.87666404786448
101_527,0.7862903225806451,2.8229885096209273e-10,4.0,Increasing,464.0625,39.23004070543389
101_528,0.7620967741935484,9.740654949297323e-10,2.6818181818181817,Increasing,333.96875,26.72368375500466
101_53,0.8326612903225806,2.3702817486537242e-11,5.275,Increasing,227.84375,76.24102790451805
101_530,0.4173387096774194,0.0008360077721334402,1.4821428571428572,Increasing,269.3125,24.2879052976991
101_531,0.7157258064516129,9.432809422449395e-09,5.177865612648221,Increasing,788.125,56.478286756947575
101_532,0.5443548387096774,1.2874583818822671e-05,1.2,Increasing,269.34375,14.484063170861276
101_533,0.04233870967741935,0.7456889190979843,0.11818181818181818,No significant trend,647.96875,14.191732573491512
101_534,-0.3024193548387097,0.015681225244583263,-0.6666666666666666,Decreasing,159.28125,11.611509309194046
101_535,0.7681451612903226,7.171752081092109e-10,1.6,Increasing,258.34375,15.850097347887173
101_536,-0.35685483870967744,0.004315952098634668,-0.7295652173913043,Decreasing,200.125,11.629031558990627
101_537,0.4717741935483871,0.00015781793261271382,1.3333333333333333,Increasing,290.65625,16.64258351150746
101_538,0.7258064516129032,5.824971616164021e-09,1.7049689440993787,Increasing,195.71875,16.72429814484004
101_539,0.3951612903225806,0.001565774864560776,1.5,Increasing,216.9375,17.668717943020088
101_54,0.7157258064516129,9.432809422449395e-09,5.0,Increasing,225.46875,53.46668610861814
101_540,0.4717741935483871,0.00015781793261271382,1.5505050505050506,Increasing,494.8125,20.98725431660845
101_541,0.30443548387096775,0.014996317848851026,0.9282296650717703,Increasing,234.9375,15.696212719952543
101_542,0.48185483870967744,0.00011361189113179293,2.5419580419580416,Increasing,302.21875,51.831297479780496
101_543,0.6713709677419355,7.29042284319803e-08,2.8596059113300494,Increasing,336.375,30.23424176327232
101_544,0.5080645161290323,4.694664237403501e-05,4.0,Increasing,531.59375,63.93104653403931
101_545,0.5745967741935484,4.115299975682163e-06,5.21286231884058,Increasing,440.09375,69.58374422907623
101_546,0.7278225806451613,5.285553328349124e-09,3.6306818181818183,Increasing,423.0625,40.843403307633416
101_547,0.7741935483870968,5.268148139947471e-10,2.5773809523809526,Increasing,289.28125,25.36635859632793
101_548,0.4637096774193548,0.00020435771038096462,0.875,Increasing,162.90625,13.020079144824734
101_549,0.8084677419354839,8.780598470536916e-11,11.431538461538462,Increasing,1291.90625,115.88824341121709
101_55,0.7862903225806451,2.8229885096209273e-10,4.322916666666666,Increasing,542.59375,47.764303731316964
101_550,0.7056451612903226,1.5177737733296226e-08,3.8137931034482757,Increasing,437.6875,38.06773363033318
101_551,0.17338709677419356,0.16808028138689668,0.5,No significant trend,279.21875,31.633382658791014
101_552,0.3024193548387097,0.015681225244583263,1.2380952380952381,Increasing,282.96875,24.580841593352737
101_553,-0.5665322580645161,5.609253585836527e-06,-1.0,Decreasing,260.34375,12.218350377096739
101_554,0.24596774193548387,0.049740271332769925,2.96875,Increasing,321.09375,70.85476314925836
101_555,0.24798387096774194,0.04788277895297388,0.7543103448275862,Increasing,495.125,18.538389223446572
101_556,0.28225806451612906,0.02419069629917514,0.8257575757575758,Increasing,645.3125,19.247463306888
101_557,0.25806451612903225,0.03944736533784576,0.40588235294117647,Increasing,207.84375,8.979523146442688
101_558,0.4112903225806452,0.0009949884229842887,0.5801282051282051,Increasing,278.3125,8.647389418200154
101_559,0.7217741935483871,7.0691399400857335e-09,3.5458333333333334,Increasing,326.46875,37.21977328568109
101_56,0.7701612903225806,6.472633540255401e-10,8.202445652173914,Increasing,498.0,84.73709341250738
101_560,0.6794354838709677,5.073125608490159e-08,2.9038901601830664,Increasing,287.40625,31.2778469677422
101_561,0.7379032258064516,3.238943557803964e-09,8.982758620689655,Increasing,473.5,94.85778829384543
101_562,0.6189516129032258,6.968673158525007e-07,3.3833333333333333,Increasing,343.59375,42.84919731964066
101_563,0.3709677419354839,0.0030012397054521855,0.7207792207792207,Increasing,193.0625,11.053668791401341
101_564,0.8548387096774194,6.907363570007874e-12,7.212406015037594,Increasing,304.40625,69.83322068283475
101_565,0.7358870967741935,3.574073925705079e-09,4.313846153846153,Increasing,235.09375,40.65199824040019
101_566,0.5625,6.538795176869172e-06,3.8496240601503757,Increasing,659.1875,46.45390019955268
101_567,0.2701612903225806,0.031022165815888902,0.4,Increasing,228.90625,13.151424293113655
101_568,0.8024193548387096,1.21112231354914e-10,5.557777777777778,Increasing,342.96875,61.82358185544979
101_569,0.8387096774193549,1.6986412276764895e-11,8.0,Increasing,398.84375,85.61837907796141
101_57,0.8508064516129032,8.663292305755022e-12,6.90079365079365,Increasing,371.1875,67.83778330510218
101_570,0.7762096774193549,4.750932980357447e-10,4.693979933110368,Increasing,325.78125,53.08644740833106
101_571,-0.4596774193548387,0.00023219814177166676,-1.2416666666666667,Decreasing,350.78125,19.6257712826146
101_572,0.37701612903225806,0.0025591348086346777,0.6414285714285715,Increasing,275.875,11.493884243370472
101_573,0.4435483870967742,0.0003831828637113066,1.1539473684210526,Increasing,245.125,15.422690264671726
101_574,0.3084677419354839,0.013705116027189268,0.25,Increasing,155.5,18.619546181365433
101_575,0.6875,3.5157899258564385e-08,1.7817460317460316,Increasing,197.28125,19.51159010530664
101_576,0.49193548387096775,8.127869954099864e-05,2.071794871794872,Increasing,690.53125,45.445010985118046
101_577,0.7540322580645161,1.4598573461199749e-09,1.2,Increasing,219.875,12.113396509649967
101_578,0.6955645161290323,2.4265743192586342e-08,1.6583333333333332,Increasing,293.625,16.838850168583363
101_579,0.6995967741935484,2.0128545274999965e-08,6.522222222222222,Increasing,945.84375,159.4943395106469
101_58,0.42338709677419356,0.0007008697006916087,1.9226190476190477,Increasing,584.1875,25.647170287382583
101_580,0.5907258064516129,2.1883453411586373e-06,1.6337792642140467,Increasing,254.4375,20.487705917208007
101_581,-0.6068548387096774,1.1449388537254634e-06,-0.6201923076923077,Decreasing,172.125,7.227335262736882
101_582,0.5342741935483871,1.85935300431872e-05,1.7573529411764706,Increasing,296.84375,42.71644104952448
101_583,-0.036290322580645164,0.7827940862749598,-0.45,No significant trend,739.15625,76.66612247882045
101_584,0.3326612903225806,0.007825712195287604,1.5147058823529411,Increasing,247.8125,25.261677374038328
101_585,0.05241935483870968,0.6851751854528196,0.6729323308270676,No significant trend,750.0,232.41208015075293
101_586,0.6512096774193549,1.772900197760663e-07,3.0,Increasing,468.96875,30.431772433387774
101_587,0.3004032258064516,0.016393501482819373,1.3021739130434784,Increasing,238.25,22.511108368980857
101_588,0.7338709677419355,3.942868698203483e-09,1.3618181818181818,Increasing,177.875,13.441423845709204
101_589,0.5987903225806451,1.5861008195727777e-06,1.1111111111111112,Increasing,190.65625,13.57297262715504
101_59,0.17943548387096775,0.15356609546635402,0.4444444444444444,No significant trend,288.5625,14.652084962557376
101_590,0.5665322580645161,5.609253585836527e-06,2.488095238095238,Increasing,645.3125,28.66447878036508
101_591,0.24596774193548387,0.049740271332769925,0.3944444444444445,Increasing,203.0625,9.453628602288118
101_592,0.5504032258064516,1.0295362178336376e-05,0.8823076923076922,Increasing,186.59375,12.28530467418289
101_593,0.7923387096774194,2.0593349248088089e-10,1.30625,Increasing,213.9375,13.495224849923769
101_594,-0.14516129032258066,0.24958080203971633,-0.2899159663865546,No significant trend,254.15625,12.935197560822177
101_595,0.7620967741935484,9.740654949297323e-10,2.3246187363834423,Increasing,251.3125,26.38233014254048
101_596,0.4899193548387097,8.695279080095375e-05,1.0,Increasing,339.1875,14.948740540594047
101_597,0.3971774193548387,0.001480776176757681,0.8047619047619048,Increasing,224.46875,11.470027176842258
101_598,0.1774193548387097,0.15829432695339385,0.16666666666666666,No significant trend,279.4375,6.427176187875979
101_599,0.7600806451612904,1.0781671111459445e-09,2.2113095238095237,Increasing,274.46875,22.038296745381665
101_6,0.5463709677419355,1.1953055304658733e-05,1.7698412698412698,Increasing,340.4375,21.304250602872656
101_60,-0.3689516129032258,0.003163426250587742,-0.9372549019607843,Decreasing,327.0625,44.201200139249615
101_600,0.5423387096774194,1.3863660637269959e-05,1.3333333333333333,Increasing,335.25,16.284578594486256
101_601,0.49193548387096775,8.127869954099864e-05,1.4270833333333335,Increasing,347.5,20.098196436496483
101_602,0.5362903225806451,1.7284429657316025e-05,1.354895104895105,Increasing,192.8125,15.3428271107381
101_603,0.5625,6.538795176869172e-06,3.267857142857143,Increasing,729.65625,36.49367186153649
101_604,0.6592741935483871,1.246354144335271e-07,1.311740890688259,Increasing,330.78125,14.668704729371983
101_605,0.5967741935483871,1.7196589441326182e-06,2.821428571428571,Increasing,293.71875,31.319157850068382
101_606,0.16129032258064516,0.2001586151353414,2.0,No significant trend,482.1875,52.6072936364341
101_607,0.32661290322580644,0.00903177754860196,0.6064516129032258,Increasing,241.75,10.422331792837916
101_608,0.49193548387096775,8.127869954099864e-05,1.3461538461538463,Increasing,235.65625,17.256537484023266
101_609,0.47580645161290325,0.0001384805488402474,2.7596153846153846,Increasing,541.6875,40.47409472428012
101_61,0.5907258064516129,2.1883453411586373e-06,1.1762422360248448,Increasing,247.25,12.321221530351607
101_610,0.5282258064516129,2.31113806963279e-05,5.472148541114058,Increasing,676.75,63.99560531786538
101_611,0.7479838709677419,1.9721104749237384e-09,2.5714285714285716,Increasing,257.0625,27.843241437555363
101_612,0.7862903225806451,2.8229885096209273e-10,6.367543859649123,Increasing,653.3125,62.202510751174664
101_613,0.7641129032258065,8.797895745260575e-10,4.091097308488613,Increasing,315.65625,41.03170220619052
101_614,-0.036290322580645164,0.7827940862749598,-0.06696428571428571,No significant trend,337.15625,12.64691013400111
101_615,0.1935483870967742,0.12342316732733916,0.7100840336134454,No significant trend,916.53125,20.768040914768537
101_616,0.5342741935483871,1.85935300431872e-05,3.834782608695652,Increasing,667.78125,63.43635313002711
101_617,0.6028225806451613,1.3482705789602534e-06,2.6666666666666665,Increasing,314.90625,29.522617785987407
101_618,0.8125,7.077094466012568e-11,2.7306763285024154,Increasing,231.34375,27.02384291579382
101_619,0.8508064516129032,8.663292305755022e-12,5.8,Increasing,668.21875,56.4594624348966
101_62,0.06653225806451613,0.6038119971938696,0.1639784946236559,No significant trend,159.46875,9.532786761356828
101_620,0.11088709677419355,0.38119941574393534,0.3333333333333333,No significant trend,344.53125,15.491901866378447
101_621,0.6754032258064516,6.084656289928603e-08,2.5,Increasing,317.25,26.788523662195345
101_622,0.4778225806451613,0.0001296708328921703,4.9423076923076925,Increasing,435.78125,55.77562996898825
101_623,0.7903225806451613,2.2882273853497281e-10,5.057565789473684,Increasing,476.46875,50.878522221439376
101_624,0.6633064516129032,1.0434107045043106e-07,4.678571428571429,Increasing,458.90625,50.75268427322342
101_625,0.7600806451612904,1.0781671111459445e-09,2.815340909090909,Increasing,438.71875,27.36927380179277
101_626,0.06451612903225806,0.6151681449180015,0.06003584229390681,No significant trend,238.625,8.402938474129154
101_627,0.13911290322580644,0.27014929445443236,2.225,No significant trend,593.90625,519.4108657517068
101_628,0.3245967741935484,0.009469210701438247,0.6666666666666666,Increasing,258.9375,11.747173862252998
101_629,0.625,5.418056365780188e-07,1.0527777777777778,Increasing,291.21875,14.214285013235804
101_63,-0.3548387096774194,0.004541435280679185,-0.5,Decreasing,226.875,9.551668702378658
101_630,0.7036290322580645,1.667963900331415e-08,2.5954545454545457,Increasing,267.53125,29.75418497350415
101_631,0.5685483870967742,5.193307037965056e-06,3.0666666666666664,Increasing,625.25,41.00533501875091
101_632,-0.17943548387096775,0.15356609546635402,-0.25,No significant trend,363.75,10.228636272739392
101_633,0.717741935483871,8.570263387852606e-09,3.075,Increasing,453.5625,31.001953063476503
101_634,0.45564516129032256,0.00026356866715215865,1.4330357142857144,Increasing,393.90625,17.72596854723318
101_635,0.1693548387096774,0.17831360778170335,0.14285714285714285,No significant trend,213.46875,5.214069757636543
101_636,0.4092741935483871,0.0010539167533933913,0.8441295546558705,Increasing,242.59375,12.275125699458235
101_637,0.5544354838709677,8.858614525264485e-06,0.8775,Increasing,178.4375,10.368032298850153
101_638,-0.3629032258064516,0.00369907566941885,-2.325757575757576,Decreasing,329.21875,33.26102671953318
101_639,-0.23790322580645162,0.05778505532796996,-0.468013468013468,No significant trend,191.59375,12.944253973771529
101_64,0.42943548387096775,0.0005862699970422547,0.7272727272727273,Increasing,235.09375,10.716107546002887
101_640,0.9133064516129032,2.304822999121825e-13,7.385185185185185,Increasing,608.375,70.25745067250875
101_641,0.7963709677419355,1.666657922783088e-10,1.6666666666666667,Increasing,171.21875,16.41594951373511
101_642,0.655241935483871,1.4872514997321673e-07,0.9614814814814814,Increasing,166.34375,10.812635476029884
101_643,0.4899193548387097,8.695279080095375e-05,1.1,Increasing,199.34375,17.29813822171334
101_644,0.33064516129032256,0.008210665350528501,2.5,Increasing,757.1875,40.50650989347268
101_645,0.5786290322580645,3.519574691690508e-06,1.25,Increasing,167.40625,14.450041900890806
101_646,0.6048387096774194,1.242609917628812e-06,1.809090909090909,Increasing,349.65625,19.708198444746287
101_647,0.5403225806451613,1.4924957946416129e-05,1.6939799331103678,Increasing,293.71875,19.572356742035435
101_648,0.6774193548387096,5.5566278689411774e-08,2.16025641025641,Increasing,223.53125,22.116148476565716
101_649,0.6028225806451613,1.3482705789602534e-06,1.2182539682539684,Increasing,245.125,14.146002085395011
101_65,0.17338709677419356,0.16808028138689668,0.3333333333333333,No significant trend,380.34375,11.370491895142443
101_650,0.3588709677419355,0.004100666980662471,0.9045454545454545,Increasing,420.21875,15.76335619205187
101_651,0.2903225806451613,0.020397595888393294,0.7338056680161943,Increasing,287.1875,16.335233201579953
101_652,0.7923387096774194,2.0593349248088089e-10,2.4444444444444446,Increasing,176.28125,23.401701827805173
101_653,-0.1350806451612903,0.2844906362403654,-0.3333333333333333,No significant trend,157.65625,10.40615615573301
101_654,-0.39919354838709675,0.0014000474750610614,-0.8121693121693121,Decreasing,159.09375,11.951358121046328
101_655,0.3689516129032258,0.003163426250587742,0.88,Increasing,149.46875,12.8840608286945
101_656,0.6673387096774194,8.7262118642073e-08,1.0532212885154062,Increasing,138.1875,11.009761293960919
101_657,0.46169354838709675,0.00021786074656704457,0.75,Increasing,177.5,9.519716382329886
101_658,0.7963709677419355,1.666657922783088e-10,2.539393939393939,Increasing,317.78125,24.49583430784712
101_659,0.3185483870967742,0.010897045103689385,0.6666666666666666,Increasing,226.125,11.89209296129155
101_66,0.8245967741935484,3.682676386063122e-11,5.153846153846154,Increasing,731.0,50.133571586313295
101_660,0.7439516129032258,2.4068798065712826e-09,2.8117647058823527,Increasing,316.21875,27.41889673997661
101_661,0.6935483870967742,2.6632843708185305e-08,1.0,Increasing,149.125,10.599970518826927
101_662,0.5181451612903226,3.304303154827437e-05,0.75,Increasing,154.09375,9.121949404458457
101_663,-0.04032258064516129,0.757996646747342,-0.05606060606060606,No significant trend,256.5625,9.730549509149007
101_664,0.49798387096774194,6.628324270452346e-05,1.100111234705228,Increasing,236.9375,15.662330406104962
101_665,0.6633064516129032,1.0434107045043106e-07,1.9607692307692308,Increasing,346.71875,20.889941322021468
101_666,0.7157258064516129,9.432809422449395e-09,2.4583333333333335,Increasing,413.96875,24.94053474642234
101_667,0.43951612903225806,0.0004332251570231538,1.5917508417508417,Increasing,513.78125,21.858542916615004
101_668,0.6875,3.5157899258564385e-08,2.2,Increasing,170.65625,22.320967405950398
101_669,-0.11088709677419355,0.38119941574393534,-0.5714285714285714,No significant trend,479.0625,26.629327699925135
101_67,-0.8145161290322581,6.351164039131163e-11,-2.0,Decreasing,409.53125,19.30832782603144
101_670,0.8104838709677419,7.883982355849639e-11,5.951190476190476,Increasing,735.46875,54.84522790031508
101_671,0.8004032258064516,1.3474710236494047e-10,7.057453416149068,Increasing,705.46875,66.62346826334921
101_672,0.6713709677419355,7.29042284319803e-08,3.3923076923076922,Increasing,468.375,36.37886577396277
101_673,0.5584677419354839,7.614672716593773e-06,4.0,Increasing,341.53125,58.15119537410646
101_674,0.5907258064516129,2.1883453411586373e-06,3.535869565217391,Increasing,407.875,45.12119097497317
101_675,0.8629032258064516,4.377387341492067e-12,5.0,Increasing,449.875,53.67596645613379
101_676,0.5060483870967742,5.032482653111181e-05,1.4,Increasing,350.59375,18.218910805465292
101_677,0.36088709677419356,0.003895172738189956,1.0,Increasing,301.03125,14.169695601441127
101_678,0.5806451612903226,3.253640496581056e-06,2.94281045751634,Increasing,564.875,31.50768755399228
101_679,0.07862903225806452,0.5377458862517748,0.2792207792207792,No significant trend,512.84375,20.771238189802265
101_68,0.2923387096774194,0.019534580819994485,0.8571428571428571,Increasing,514.96875,21.120908442524435
101_680,0.6068548387096774,1.1449388537254634e-06,5.609126984126984,Increasing,541.5625,58.12644487451473
101_681,0.3810483870967742,0.0022983908153568766,0.6160714285714286,Increasing,138.59375,9.848411594643068
101_682,0.21975806451612903,0.07988100283813182,0.6220238095238095,No significant trend,252.90625,19.21971542290624
101_683,0.7479838709677419,1.9721104749237384e-09,4.56,Increasing,662.53125,44.78210048040958
101_684,0.4899193548387097,8.695279080095375e-05,1.4,Increasing,352.25,17.49642820692269
101_685,0.4637096774193548,0.00020435771038096462,0.8297101449275363,Increasing,145.125,10.66756181139814
101_686,0.6189516129032258,6.968673158525007e-07,2.8460526315789476,Increasing,329.3125,32.53405667527491
101_687,0.7399193548387096,2.934484433225748e-09,2.943452380952381,Increasing,346.1875,30.417344455918567
101_688,0.5685483870967742,5.193307037965056e-06,2.6,Increasing,331.46875,31.260982445174367
101_689,0.4415322580645161,0.0004074870138988107,2.2704678362573096,Increasing,426.84375,29.244774506525093
101_69,0.5987903225806451,1.5861008195727777e-06,1.0,Increasing,221.65625,11.447186813252415
101_690,0.3326612903225806,0.007825712195287604,1.0741758241758241,Increasing,475.8125,19.701582265137997
101_691,0.4475806451612903,0.0003385845397056997,2.142857142857143,Increasing,410.21875,29.6655675563017
101_692,0.7883064516129032,2.541908905584478e-10,5.446022727272727,Increasing,573.09375,55.242284175597774
101_693,0.20362903225806453,0.10487931450318722,0.391304347826087,No significant trend,255.0,11.22218784373172
101_694,-0.028225806451612902,0.8330324989520455,-0.05012531328320802,No significant trend,259.0625,9.086175969570476
101_695,-0.15120967741935484,0.23013253179706616,-0.8603896103896104,No significant trend,575.8125,31.37717870921476
101_696,0.8044354838709677,1.0882916789967112e-10,4.80625,Increasing,298.5625,47.79640251891349
101_697,0.08870967741935484,0.4856103851418121,0.17549261083743845,No significant trend,153.09375,9.284931929610469
101_698,0.6048387096774194,1.242609917628812e-06,2.763925729442971,Increasing,758.3125,31.906540767529155
101_699,0.5766129032258065,3.8062807836691803e-06,1.100250626566416,Increasing,276.6875,14.94037629211527
101_7,0.4495967741935484,0.000318152821317641,2.0846560846560847,Increasing,405.25,25.973544232545546
101_70,0.7721774193548387,5.84016834892509e-10,2.7596153846153846,Increasing,336.875,26.148314955270063
101_700,0.6814516129032258,4.630511263314929e-08,13.78409090909091,Increasing,457.34375,151.53065064843318
101_701,0.5705645161290323,4.806988263883483e-06,1.6,Increasing,405.78125,20.65752643559969
101_702,0.7762096774193549,4.750932980357447e-10,4.660256410256411,Increasing,267.0625,50.61863385898517
101_703,0.657258064516129,1.3616589122911193e-07,4.8798076923076925,Increasing,589.875,52.89952150067144
101_704,0.6754032258064516,6.084656289928603e-08,4.267942583732058,Increasing,907.875,43.85968393638969
101_705,0.05040322580645161,0.697131994304151,0.26794871794871794,No significant trend,370.1875,21.21090153081665
101_706,-0.11088709677419355,0.38119941574393534,-0.6921052631578948,No significant trend,309.96875,25.18616234041026
101_707,-0.0967741935483871,0.44595658115373604,-0.5396825396825398,No significant trend,604.5625,25.181761132811978
101_708,0.2056451612903226,0.1014505333614959,0.2403846153846154,No significant trend,162.96875,6.862417463073782
101_709,0.2661290322580645,0.03364043981005893,0.7928571428571429,Increasing,300.5,23.651109910530625
101_71,0.23588709677419356,0.0599571524375313,0.8685714285714285,No significant trend,291.46875,17.807976399285238
101_710,0.532258064516129,1.999674165320542e-05,4.269047619047619,Increasing,921.59375,48.59453375573738
101_711,0.6270161290322581,4.979515006997559e-07,3.537037037037037,Increasing,232.625,39.82755798439066
101_712,0.592741935483871,2.019923096563403e-06,1.8,Increasing,386.6875,20.181113540882723
101_713,0.6955645161290323,2.4265743192586342e-08,1.9083333333333332,Increasing,358.9375,20.080988365864865
101_714,0.7237903225806451,6.417795184177066e-09,1.9354166666666668,Increasing,163.53125,19.495166668625842
101_715,0.6995967741935484,2.0128545274999965e-08,2.4513888888888893,Increasing,234.9375,24.00252265387953
101_716,0.7237903225806451,6.417795184177066e-09,4.2,Increasing,415.4375,45.66244182859695
101_717,0.7681451612903226,7.171752081092109e-10,4.6201923076923075,Increasing,800.03125,45.64022648319681
101_718,0.8568548387096774,6.165290500348419e-12,5.654761904761905,Increasing,800.6875,54.80729735856349
101_719,0.6814516129032258,4.630511263314929e-08,1.6875,Increasing,250.4375,19.07704363233465
101_72,0.5907258064516129,2.1883453411586373e-06,1.5,Increasing,264.4375,16.418239666602506
101_720,0.5866935483870968,2.5665371479188792e-06,1.5657142857142858,Increasing,162.46875,18.96045947326963
101_721,0.6633064516129032,1.0434107045043106e-07,1.3660287081339713,Increasing,357.9375,15.225261697258277
101_722,0.7298387096774194,4.794858066148322e-09,2.979166666666667,Increasing,374.21875,29.915228537276796
101_723,0.7883064516129032,2.541908905584478e-10,5.120772946859903,Increasing,808.59375,50.00428692559769
101_724,0.7056451612903226,1.5177737733296226e-08,2.4166666666666665,Increasing,307.78125,24.107486356679743
101_725,0.8387096774193549,1.6986412276764895e-11,5.166956521739131,Increasing,401.125,49.47774120753695
101_726,0.7419354838709677,2.657962294705385e-09,4.647515527950311,Increasing,829.6875,46.11293033141572
101_727,0.7217741935483871,7.0691399400857335e-09,6.576704545454545,Increasing,1170.46875,69.74685672800962
101_728,0.8366935483870968,1.8986590077929577e-11,7.666666666666667,Increasing,698.5625,70.47869248042277
101_729,0.4536290322580645,0.000280704353313066,5.245,Increasing,488.9375,63.60765357840202
101_73,0.2661290322580645,0.03364043981005893,1.0505050505050506,Increasing,241.40625,25.75710991042085
101_730,0.5745967741935484,4.115299975682163e-06,3.375,Increasing,731.84375,38.477354845902546
101_731,0.7479838709677419,1.9721104749237384e-09,4.366028708133971,Increasing,590.375,45.701989836329886
101_732,0.7459677419354839,2.178956348686256e-09,3.3333333333333335,Increasing,267.03125,33.607555302900266
101_733,0.7419354838709677,2.657962294705385e-09,2.2376470588235295,Increasing,294.34375,23.396860600035637
101_734,0.7560483870967742,1.3199186188472822e-09,3.769230769230769,Increasing,284.96875,34.56740189018405
101_735,0.7439516129032258,2.4068798065712826e-09,2.5652173913043477,Increasing,251.6875,25.978882650144907
101_736,0.5241935483870968,2.6684265470366952e-05,1.2857142857142858,Increasing,276.3125,16.51218773361059
101_737,0.125,0.32256351748255696,0.15192307692307694,No significant trend,291.5625,9.161527915691792
101_738,0.06653225806451613,0.6038119971938696,0.0754985754985755,No significant trend,225.28125,6.7603364145211
101_739,-0.125,0.32256351748255696,-0.1464285714285714,No significant trend,140.0,7.407766195014527
101_74,0.7479838709677419,1.9721104749237384e-09,3.3,Increasing,352.6875,32.301739020523335
101_740,0.4657258064516129,0.0001916438218019234,1.701111111111111,Increasing,444.53125,27.07626309957672
101_741,0.04838709677419355,0.7091645038629479,0.20202020202020202,No significant trend,463.03125,31.750476743467964
101_742,0.5826612903225806,3.0070381287217174e-06,2.0,Increasing,406.40625,35.557927539966386
101_743,0.18951612903225806,0.13152122240591746,0.3333333333333333,No significant trend,196.75,9.877373132569206
101_744,0.6995967741935484,2.0128545274999965e-08,3.365185185185185,Increasing,236.21875,35.37101070703946
101_745,0.6512096774193549,1.772900197760663e-07,1.75,Increasing,285.65625,20.850074003166032
101_746,0.7137096774193549,1.0379506365509883e-08,3.4201680672268906,Increasing,800.4375,35.26412615888844
101_747,0.2721774193548387,0.029779962111063263,0.25,Increasing,208.625,5.98304897188716
101_748,0.6229838709677419,5.893720071981079e-07,2.0,Increasing,427.5625,22.30462045742989
101_749,0.3185483870967742,0.010897045103689385,1.4316770186335404,Increasing,261.625,21.47636782605476
101_75,0.5020161290322581,5.77844334197497e-05,1.8397435897435899,Increasing,365.03125,22.371137061792368
101_750,0.8004032258064516,1.3474710236494047e-10,5.0,Increasing,289.4375,50.14101209339516
101_751,-0.48185483870967744,0.00011361189113179293,-1.25,Decreasing,317.34375,17.24385646940672
101_752,-0.4576612903225806,0.0002474174487239189,-2.3717105263157894,Decreasing,530.875,32.585224795910186
101_753,0.717741935483871,8.570263387852606e-09,2.0,Increasing,273.46875,20.360783959305202
101_754,0.7056451612903226,1.5177737733296226e-08,2.1396103896103895,Increasing,579.9375,22.238673381071994
101_755,0.7157258064516129,9.432809422449395e-09,1.7777777777777777,Increasing,284.0,19.162137145944865
101_756,0.7358870967741935,3.574073925705079e-09,1.3333333333333333,Increasing,239.8125,22.607296250325913
101_757,-0.4495967741935484,0.000318152821317641,-0.8798076923076923,Decreasing,357.9375,11.800258206920729
101_758,-0.3286290322580645,0.008612477773118021,-0.7857142857142857,Decreasing,526.1875,13.895677160541691
101_759,0.06048387096774194,0.6381570271128183,0.0625,No significant trend,165.15625,5.506299659253935
101_76,0.8366935483870968,1.8986590077929577e-11,9.894444444444446,Increasing,556.21875,96.48210144082425
101_760,0.5987903225806451,1.5861008195727777e-06,1.8110119047619047,Increasing,350.9375,22.441503821045504
101_761,0.6512096774193549,1.772900197760663e-07,4.320971867007673,Increasing,241.71875,56.86015431246648
101_762,0.4959677419354839,7.096380450022366e-05,1.688259109311741,Increasing,226.75,20.952326839756964
101_763,0.6229838709677419,5.893720071981079e-07,1.6666666666666667,Increasing,256.0,20.087309426600665
101_764,0.6391129032258065,2.984879994283318e-07,1.4,Increasing,190.5625,14.461019803250391
101_765,0.4637096774193548,0.00020435771038096462,1.133399209486166,Increasing,220.53125,14.14431063846874
101_766,0.8467741935483871,1.0854206422550305e-11,11.982142857142858,Increasing,557.34375,118.92871009952769
101_767,0.4274193548387097,0.0006223743467113074,2.519230769230769,Increasing,341.75,111.87129882145823
101_768,-0.5584677419354839,7.614672716593773e-06,-3.0,Decreasing,489.40625,37.15748526121621
101_769,0.8629032258064516,4.377387341492067e-12,2.857142857142857,Increasing,335.8125,26.961126529690855
101_77,0.6713709677419355,7.29042284319803e-08,2.2376470588235295,Increasing,305.84375,23.5943708527585
101_770,0.717741935483871,8.570263387852606e-09,4.666666666666667,Increasing,293.09375,58.09279181565903
101_771,0.7096774193548387,1.2557821005287906e-08,2.424812030075188,Increasing,306.15625,24.40941080684866
101_772,0.6915322580645161,2.9223376829534686e-08,1.6666666666666667,Increasing,195.5,16.89119593160887
101_773,0.7036290322580645,1.667963900331415e-08,3.1483516483516483,Increasing,377.4375,32.23734005388782
101_774,0.7923387096774194,2.0593349248088089e-10,3.267857142857143,Increasing,543.78125,31.6906279274725
101_775,0.6814516129032258,4.630511263314929e-08,2.975,Increasing,244.96875,30.8985076247624
101_776,0.4254032258064516,0.0006605386079836517,1.1375,Increasing,187.09375,16.799105956493637
101_777,-0.12298387096774194,0.33055966993879626,-0.9541666666666666,No significant trend,525.03125,28.94119509345632
101_778,0.26411290322580644,0.035018975923764684,1.170909090909091,Increasing,702.3125,26.639300736881214
101_779,0.7258064516129032,5.824971616164021e-09,1.9215384615384616,Increasing,349.09375,19.84999901605791
101_78,0.4475806451612903,0.0003385845397056997,1.3571428571428572,Increasing,186.90625,16.1252119656611
101_780,0.3689516129032258,0.003163426250587742,0.8181818181818182,Increasing,414.34375,14.464632243423958
101_781,0.6330645161290323,3.859708492814917e-07,3.270979020979021,Increasing,328.75,34.694199803425356
101_782,0.8205645161290323,4.583267099178556e-11,3.4891304347826084,Increasing,506.9375,35.208253205037025
101_783,0.7862903225806451,2.8229885096209273e-10,2.02,Increasing,366.59375,21.280653442446262
101_784,0.26814516129032256,0.03230858389449276,0.8,Increasing,324.09375,18.680470040593196
101_785,-0.03024193548387097,0.8204001472261235,-0.3333333333333333,No significant trend,590.71875,102.39056181327213
101_786,-0.11088709677419355,0.38119941574393534,-3.092156862745098,No significant trend,958.90625,313.57468801058786
101_787,0.6794354838709677,5.073125608490159e-08,3.2182539682539684,Increasing,218.46875,35.10251448881547
101_788,0.4778225806451613,0.0001296708328921703,1.5178571428571428,Increasing,451.09375,20.09875520865658
101_789,-0.008064516129032258,0.9611987334080325,0.0,No significant trend,313.3125,13.025065978719647
101_79,0.9173387096774194,1.8074430840897548e-13,6.530100334448161,Increasing,371.5625,62.373340408783626
101_790,0.46774193548387094,0.0001796761088148635,0.7692307692307693,Increasing,203.78125,9.863868330300237
101_791,0.8185483870967742,5.111089329545848e-11,4.41875,Increasing,473.09375,50.13940527107896
101_792,0.38911290322580644,0.0018484554791731167,0.9,Increasing,177.03125,12.758537276565052
101_793,0.6451612903225806,2.303051436225445e-07,3.5895721925133692,Increasing,396.0,38.4146781842566
101_794,0.5463709677419355,1.1953055304658733e-05,1.1366459627329193,Increasing,235.375,13.900876770909093
101_795,0.3588709677419355,0.004100666980662471,1.2,Increasing,158.53125,19.329356518971345
101_796,0.5201612903225806,3.077850744093169e-05,2.0,Increasing,177.1875,23.094151721810437
101_797,0.6048387096774194,1.242609917628812e-06,1.8138528138528138,Increasing,167.0625,18.124461198888092
101_798,0.2056451612903226,0.1014505333614959,1.343137254901961,No significant trend,418.46875,36.65973981682767
101_799,0.7217741935483871,7.0691399400857335e-09,6.979166666666666,Increasing,595.25,75.05373075337428
101_8,0.44556451612903225,0.0003602388463002093,0.8956442831215972,Increasing,206.59375,11.768228878531383
101_80,0.34475806451612906,0.00583705710745952,0.5,Increasing,193.0,9.055385138137417
101_800,0.4012096774193548,0.0013233944127710728,3.1889880952380953,Increasing,548.875,43.181122901101126
101_801,0.6068548387096774,1.1449388537254634e-06,2.1538461538461537,Increasing,246.875,24.551922022521985
101_802,0.13911290322580644,0.27014929445443236,0.4142156862745098,No significant trend,169.71875,12.194349037054007
101_803,0.6270161290322581,4.979515006997559e-07,3.0,Increasing,272.125,32.586183805410535
101_804,0.0967741935483871,0.44595658115373604,0.4481605351170569,No significant trend,503.03125,28.491757991347253
101_805,0.5362903225806451,1.7284429657316025e-05,1.7113095238095237,Increasing,181.53125,19.846259683817
101_806,0.7540322580645161,1.4598573461199749e-09,9.825757575757576,Increasing,1222.71875,288.82458283262093
101_807,0.02620967741935484,0.8457081092653058,0.256578947368421,No significant trend,760.96875,39.53122529643497
101_808,0.532258064516129,1.999674165320542e-05,2.18,Increasing,215.375,23.64945823903795
101_809,0.12096774193548387,0.3386829866956895,0.358974358974359,No significant trend,199.8125,12.38052275754138
101_81,0.6754032258064516,6.084656289928603e-08,5.381818181818182,Increasing,369.6875,58.57817292942824
101_810,0.6088709677419355,1.054676987966019e-06,3.633928571428571,Increasing,387.59375,37.91508553250935
101_811,-0.0846774193548387,0.5061307168657696,-0.3035714285714286,No significant trend,279.25,18.44925472749509
101_812,0.6028225806451613,1.3482705789602534e-06,1.84,Increasing,207.0,19.8588771082355
101_813,-0.8790322580645161,1.7366108551186699e-12,-8.3875,Decreasing,366.5625,82.8367888908666
101_814,-0.7258064516129032,5.824971616164021e-09,-1.7894736842105263,Decreasing,256.59375,20.077754130816025
101_815,0.5786290322580645,3.519574691690508e-06,3.7960662525879916,Increasing,437.25,42.17671158352675
101_816,-0.1532258064516129,0.22389580114431484,-0.38675213675213677,No significant trend,260.03125,12.743832760888695
101_817,0.006048387096774193,0.974126820887897,0.0,No significant trend,256.71875,13.077256915634104
101_818,0.7560483870967742,1.3199186188472822e-09,5.0,Increasing,732.125,51.41482641223249
101_819,0.8346774193548387,2.121680608979659e-11,8.414285714285715,Increasing,721.71875,74.30395109573581
101_82,0.02620967741935484,0.8457081092653058,0.09166666666666667,No significant trend,288.75,31.452344904633105
101_820,0.6088709677419355,1.054676987966019e-06,3.0434782608695654,Increasing,397.5,36.334384541367974
101_821,0.5967741935483871,1.7196589441326182e-06,2.4330357142857144,Increasing,365.28125,36.77994899993065
101_822,0.7883064516129032,2.541908905584478e-10,2.75,Increasing,341.5,28.07467720206236
101_823,0.8407258064516129,1.5192958002785417e-11,12.281578947368422,Increasing,630.40625,134.09484968087887
101_824,0.4274193548387097,0.0006223743467113074,2.3076923076923075,Increasing,320.125,128.93645479460028
101_825,0.6754032258064516,6.084656289928603e-08,3.4,Increasing,197.25,46.61812952060604
101_826,0.6814516129032258,4.630511263314929e-08,2.0,Increasing,285.59375,21.742612790037448
101_827,0.25,0.04608393295095614,0.4,Increasing,198.125,8.73122986755016
101_828,0.6612903225806451,1.140522314369008e-07,1.6282894736842106,Increasing,360.0,18.947295321496416
101_829,0.7318548387096774,4.348602589132611e-09,2.0539772727272725,Increasing,212.09375,21.24905788352745
101_83,0.18951612903225806,0.13152122240591746,0.5,No significant trend,418.53125,17.05869348565417
101_830,0.28024193548387094,0.02522949923076112,0.5857699805068226,Increasing,395.875,13.483207148152847
101_831,-0.38306451612903225,0.0021773576915100623,-0.7596153846153846,Decreasing,258.4375,13.17653572643432
101_832,0.719758064516129,7.784594746595985e-09,6.562608695652173,Increasing,522.53125,76.33887622592763
101_833,0.5080645161290323,4.694664237403501e-05,1.6666666666666667,Increasing,200.40625,22.811536794733932
101_834,-0.07661290322580645,0.54850039361213,-0.1380952380952381,No significant trend,191.875,23.28995223266892
101_835,0.25,0.04608393295095614,0.6754385964912281,Increasing,239.4375,26.071940736163082
101_836,0.7278225806451613,5.285553328349124e-09,2.460606060606061,Increasing,366.9375,24.858270127866902
101_837,0.7681451612903226,7.171752081092109e-10,3.8,Increasing,597.34375,38.898593624159474
101_838,0.11491935483870967,0.36381409836843837,0.19047619047619047,No significant trend,268.4375,10.470009252622464
101_839,0.19959677419354838,0.11201244642922337,0.2928571428571428,No significant trend,187.65625,10.433148419221304
101_84,0.8084677419354839,8.780598470536916e-11,4.633333333333333,Increasing,438.625,47.62860878715649
101_840,0.719758064516129,7.784594746595985e-09,3.943939393939394,Increasing,601.25,41.752993904629164
101_841,0.8286290322580645,2.956013211985464e-11,4.245,Increasing,303.84375,45.28597283858988
101_842,0.7620967741935484,9.740654949297323e-10,8.947368421052632,Increasing,368.4375,88.46042105795111
101_843,0.5463709677419355,1.1953055304658733e-05,1.6,Increasing,188.09375,42.23177075304208
101_844,0.6512096774193549,1.772900197760663e-07,1.5714285714285714,Increasing,241.40625,18.210332532315274
101_845,0.8145161290322581,6.351164039131163e-11,6.162337662337663,Increasing,434.53125,62.77986558951444
101_846,0.5846774193548387,2.7784224061466745e-06,1.9145454545454546,Increasing,158.0,21.130546609115438
101_847,0.6028225806451613,1.3482705789602534e-06,3.7453703703703702,Increasing,716.28125,46.82829965349479
101_848,0.8346774193548387,2.121680608979659e-11,6.115555555555556,Increasing,774.3125,57.8140540331674
101_849,0.8306451612903226,2.6473268022186858e-11,5.658333333333333,Increasing,648.0625,56.52982481619769
101_85,0.09879032258064516,0.4363392795127665,0.25705329153605017,No significant trend,215.0,13.932874793092774
101_850,0.8407258064516129,1.5192958002785417e-11,2.184659090909091,Increasing,184.5625,20.867045640195453
101_851,0.7641129032258065,8.797895745260575e-10,2.514705882352941,Increasing,360.0,26.179667683146782
101_852,0.8004032258064516,1.3474710236494047e-10,3.9045454545454543,Increasing,501.53125,38.551089782748036
101_853,0.7338709677419355,3.942868698203483e-09,2.8268365817091454,Increasing,190.1875,33.94521091037733
101_854,0.8064516129032258,9.776668363770114e-11,9.065217391304348,Increasing,587.25,104.54275441177164
101_855,0.719758064516129,7.784594746595985e-09,1.9045454545454545,Increasing,313.875,19.58754387359477
101_856,0.22379032258064516,0.07445456944820861,0.26296296296296295,No significant trend,171.09375,7.480639072799863
101_857,0.2560483870967742,0.041025411522529254,0.735,Increasing,248.46875,18.540469881788326
101_858,0.46169354838709675,0.00021786074656704457,1.9366471734892787,Increasing,498.96875,24.224837944504397
101_859,0.4435483870967742,0.0003831828637113066,1.4880952380952381,Increasing,336.875,31.56516077893474
101_86,0.5080645161290323,4.694664237403501e-05,1.4166666666666667,Increasing,434.0625,30.848356418940703
101_860,0.22983870967741934,0.06688303453312439,0.6125,No significant trend,463.65625,21.253836969768543
101_861,0.375,0.0026994076056261473,1.6035714285714286,Increasing,407.1875,22.86569141202601
101_862,-0.4637096774193548,0.00020435771038096462,-1.4166666666666667,Decreasing,224.6875,19.253956573909687
101_863,-0.6633064516129032,1.0434107045043106e-07,-4.162280701754386,Decreasing,439.65625,46.02418479383964
101_864,-0.024193548387096774,0.8584237820523384,-0.1225,No significant trend,551.125,51.91745250876626
101_865,0.5100806451612904,4.378423530448927e-05,4.565714285714286,Increasing,394.8125,160.3958847469286
101_866,0.5604838709677419,7.057150331224449e-06,1.1055555555555556,Increasing,153.46875,14.997883965329908
101_867,0.8306451612903226,2.6473268022186858e-11,3.822134387351779,Increasing,387.96875,36.5628605751451
101_868,0.4959677419354839,7.096380450022366e-05,1.7958333333333334,Increasing,310.28125,48.99696060407727
101_869,0.7943548387096774,1.8528600875811208e-10,7.842592592592593,Increasing,649.09375,91.6008185604119
101_870,0.7036290322580645,1.667963900331415e-08,5.488095238095238,Increasing,528.8125,56.42884762025537
101_871,0.5383064516129032,1.606344972238105e-05,2.33974358974359,Increasing,512.40625,30.949413741418432
101_872,0.7157258064516129,9.432809422449395e-09,8.30952380952381,Increasing,1026.875,85.58174089722644
101_873,0.4112903225806452,0.0009949884229842887,1.0,Increasing,329.90625,20.53557793044793
101_874,0.3629032258064516,0.00369907566941885,2.2397372742200328,Increasing,308.59375,31.035120604526416
101_875,0.6048387096774194,1.242609917628812e-06,3.2963636363636364,Increasing,555.84375,37.22827334080242
101_876,0.125,0.32256351748255696,0.20869565217391306,No significant trend,226.15625,8.147504890302306
101_877,0.7943548387096774,1.8528600875811208e-10,13.420168067226891,Increasing,1878.15625,128.72939383038164
101_878,0.5766129032258065,3.8062807836691803e-06,2.5172413793103448,Increasing,316.96875,27.936853320256024
101_879,0.6875,3.5157899258564385e-08,4.604347826086956,Increasing,691.46875,49.585144180868326
101_880,0.7237903225806451,6.417795184177066e-09,2.823529411764706,Increasing,364.90625,27.808900750254406
101_881,0.6592741935483871,1.246354144335271e-07,2.175,Increasing,317.90625,23.27197801944433
101_882,0.6774193548387096,5.5566278689411774e-08,5.053977272727273,Increasing,855.3125,52.59957075632842
101_883,0.46774193548387094,0.0001796761088148635,2.3095238095238093,Increasing,310.0625,27.85334080052158
101_884,0.6149193548387096,8.23131043548031e-07,1.5590277777777777,Increasing,313.8125,16.85681890956891
101_885,0.5725806451612904,4.448281224922468e-06,1.7613636363636362,Increasing,193.40625,64.72965866538692
101_886,0.6310483870967742,4.2028371116664687e-07,1.9282051282051282,Increasing,313.375,21.13757022460245
101_887,0.5040322580645161,5.3932561817182645e-05,3.3666666666666667,Increasing,655.375,45.25258970489976
101_888,0.26814516129032256,0.03230858389449276,0.55625,Increasing,148.25,10.703387314303823
101_889,0.5625,6.538795176869172e-06,2.279166666666667,Increasing,289.03125,27.143696753344045
101_89,0.43548387096774194,0.0004893169184720936,0.7303030303030302,Increasing,236.84375,11.054154691223568
101_890,0.3064516129032258,0.014337900827245509,1.0,Increasing,458.96875,20.52815806246386
101_891,-0.3004032258064516,0.016393501482819373,-0.3333333333333333,Decreasing,225.46875,8.414958314662051
101_892,0.625,5.418056365780188e-07,4.455555555555556,Increasing,620.6875,47.692660271261865
101_894,0.75,1.7844419275547807e-09,3.25,Increasing,517.96875,30.95610236185266
101_895,0.02620967741935484,0.8457081092653058,0.0,No significant trend,236.5625,23.88113468305055
101_896,0.6653225806451613,9.543242263099216e-08,2.3684210526315788,Increasing,260.65625,24.20564161383664
101_897,0.4576612903225806,0.0002474174487239189,1.0916666666666668,Increasing,187.84375,14.157836555685336
101_898,0.4254032258064516,0.0006605386079836517,4.89272030651341,Increasing,591.65625,69.23041662403527
101_899,0.5504032258064516,1.0295362178336376e-05,2.6961538461538463,Increasing,456.125,31.54832602532185
101_9,0.3286290322580645,0.008612477773118021,0.5590277777777778,Increasing,348.34375,10.667149850709889
101_90,0.4959677419354839,7.096380450022366e-05,1.1318840579710145,Increasing,495.28125,17.092093155535398
101_900,0.5645161290322581,6.056982383206844e-06,1.0,Increasing,164.65625,12.836981184745111
101_901,-0.35685483870967744,0.004315952098634668,-0.5773809523809523,Decreasing,516.375,10.78700027811254
101_902,0.5665322580645161,5.609253585836527e-06,1.8839285714285714,Increasing,292.4375,18.96203031718914
101_903,-0.46169354838709675,0.00021786074656704457,-0.5,Decreasing,221.0,6.932712311931024
101_904,0.16330645161290322,0.19452239535329507,1.755952380952381,No significant trend,340.75,44.4641709694446
101_905,0.4495967741935484,0.000318152821317641,1.2086956521739132,Increasing,359.5625,26.62698056013862
101_906,0.7661290322580645,7.944338520360361e-10,5.06203007518797,Increasing,485.9375,51.25788811246519
101_907,0.5463709677419355,1.1953055304658733e-05,1.25,Increasing,350.71875,16.392136786810315
101_908,0.7883064516129032,2.541908905584478e-10,4.658333333333333,Increasing,415.0625,45.997919450231656
101_909,0.6754032258064516,6.084656289928603e-08,2.19375,Increasing,259.5625,22.994479636425783
101_91,0.4717741935483871,0.00015781793261271382,0.6666666666666666,Increasing,186.8125,9.780201621132358
101_910,0.14516129032258066,0.24958080203971633,0.5941176470588235,No significant trend,307.9375,24.042849118812853
101_911,0.625,5.418056365780188e-07,2.83974358974359,Increasing,337.03125,35.98305536551197
101_912,0.5383064516129032,1.606344972238105e-05,1.3205128205128205,Increasing,224.90625,20.21193857445396
101_913,0.594758064516129,1.8639903685002679e-06,3.0,Increasing,336.90625,38.557067587376245
101_914,0.8528225806451613,7.736700169402866e-12,4.070197044334975,Increasing,413.3125,37.64508392539456
101_915,0.4778225806451613,0.0001296708328921703,1.9807692307692308,Increasing,621.6875,26.240995479402073
101_916,0.719758064516129,7.784594746595985e-09,4.833333333333333,Increasing,601.0625,87.30726541216373
101_917,0.7016129032258065,1.832546869806606e-08,2.2546296296296298,Increasing,359.625,23.740458609723614
101_918,0.4032258064516129,0.0012506303657648932,2.1,Increasing,286.125,29.001885714553115
101_919,0.46975806451612906,0.00016841374055021063,0.9258241758241759,Increasing,160.1875,12.93599025007363
101_92,0.5745967741935484,4.115299975682163e-06,0.9565217391304348,Increasing,158.34375,11.50437247039142
101_920,0.39919354838709675,0.0014000474750610614,1.0860805860805862,Increasing,256.5625,15.897990242480336
101_921,0.5745967741935484,4.115299975682163e-06,3.1547619047619047,Increasing,594.125,34.8673826806659
101_922,-0.09274193548387097,0.4655488870531288,-0.554945054945055,No significant trend,224.59375,35.49635489648902
101_923,0.5604838709677419,7.057150331224449e-06,2.8791866028708135,Increasing,575.46875,79.76409921410446
101_924,0.21774193548387097,0.08271238344821374,0.8708791208791209,No significant trend,449.625,31.210725319992164
101_925,0.48185483870967744,0.00011361189113179293,1.7836257309941521,Increasing,417.28125,22.412655988023822
101_926,0.7520161290322581,1.6142178704825483e-09,2.9,Increasing,280.28125,27.678098714281298
101_927,0.7963709677419355,1.666657922783088e-10,2.212406015037594,Increasing,279.3125,23.38460698301342
101_928,0.6008064516129032,1.4625443411908634e-06,2.7735042735042734,Increasing,337.375,31.23674718980835
101_929,0.6592741935483871,1.246354144335271e-07,2.043560606060606,Increasing,343.46875,22.854135805965186
101_93,0.5141129032258065,3.8055466680564365e-05,0.8333333333333334,Increasing,152.28125,10.025699398919759
101_930,0.4314516129032258,0.0005521233561254224,1.4558823529411766,Increasing,334.0625,23.33979635193932
101_931,0.7661290322580645,7.944338520360361e-10,1.3693957115009747,Increasing,294.40625,14.214559822150667
101_932,0.14919354838709678,0.2364918152910518,0.32575757575757575,No significant trend,352.0625,11.784358011788338
101_933,-0.11895161290322581,0.34693332021517254,-4.601307189542483,No significant trend,1209.5,143.83584393328388
101_934,0.16733870967741934,0.18360093287848422,1.0,No significant trend,584.875,61.37576374270222
101_935,-0.0625,0.626617246268595,-1.2,No significant trend,570.84375,48.64547086767174
101_936,0.4012096774193548,0.0013233944127710728,1.7435064935064934,Increasing,465.875,22.958862667823944
101_937,-0.010080645161290322,0.9482808409102057,0.0,No significant trend,193.96875,8.698003991577608
101_938,0.782258064516129,3.479141419404641e-10,4.333333333333333,Increasing,566.46875,43.79068420837359
101_939,0.6350806451612904,3.54369133592769e-07,3.1100000000000003,Increasing,515.96875,34.2787145826313
101_94,-0.34475806451612906,0.00583705710745952,-1.179144385026738,Decreasing,178.625,17.802299710992397
101_940,0.7641129032258065,8.797895745260575e-10,9.142857142857142,Increasing,1100.21875,96.41892137146888
101_941,0.6673387096774194,8.7262118642073e-08,1.418859649122807,Increasing,170.5,16.588776326179094
101_942,0.4778225806451613,0.0001296708328921703,1.3,Increasing,574.8125,25.225777366614494
101_943,0.75,1.7844419275547807e-09,3.75,Increasing,573.71875,39.0802334747056
101_944,0.7217741935483871,7.0691399400857335e-09,1.6594202898550725,Increasing,217.6875,16.840126001606993
101_945,-0.5564516129032258,8.214164165520899e-06,-0.5779352226720648,Decreasing,209.96875,7.962742833816749
101_946,0.45161290322580644,0.00029887973345732455,2.486842105263158,Increasing,511.40625,31.380586529532874
101_947,-0.11088709677419355,0.38119941574393534,-0.16333333333333333,No significant trend,255.53125,9.460392351139566
101_948,0.4637096774193548,0.00020435771038096462,1.5357142857142856,Increasing,488.1875,20.611643402455808
101_949,0.4475806451612903,0.0003385845397056997,1.0,Increasing,239.53125,13.993267075186552
101_95,0.12903225806451613,0.3069529533583135,0.2222222222222222,No significant trend,183.65625,9.42605887619529
101_950,0.3709677419354839,0.0030012397054521855,5.777777777777778,Increasing,925.75,83.97841984700594
101_951,0.6532258064516129,1.6240138478451627e-07,6.0,Increasing,306.1875,65.70694288848021
101_952,0.5483870967741935,1.1094687683677051e-05,1.3405797101449275,Increasing,457.40625,16.307320777414663
101_953,0.5100806451612904,4.378423530448927e-05,2.0,Increasing,336.5,23.219065442002613
101_954,0.7520161290322581,1.6142178704825483e-09,4.0,Increasing,708.9375,40.02728561556479
101_955,0.655241935483871,1.4872514997321673e-07,1.875,Increasing,323.875,20.73455750673257
101_956,-0.23588709677419356,0.0599571524375313,-0.4422222222222222,No significant trend,326.0,18.995065148611626
101_957,0.31048387096774194,0.013097125487301797,0.5714285714285714,Increasing,269.125,10.322154571599865
101_958,0.3951612903225806,0.001565774864560776,0.33974358974358976,Increasing,183.3125,5.997069596894804
101_959,0.46169354838709675,0.00021786074656704457,0.8121693121693121,Increasing,332.09375,11.766901076217986
101_96,0.3064516129032258,0.014337900827245509,0.6666666666666666,Increasing,277.40625,13.183463541023656
101_960,0.6653225806451613,9.543242263099216e-08,2.9309523809523808,Increasing,478.78125,31.061163829410834
101_961,0.7681451612903226,7.171752081092109e-10,1.75,Increasing,336.9375,18.326786236271758
101_962,-0.28024193548387094,0.02522949923076112,-0.2916666666666667,Decreasing,150.625,6.23873985673389
101_963,0.46774193548387094,0.0001796761088148635,2.325757575757576,Increasing,382.875,28.79425941051445
101_964,0.48588709677419356,9.944225368752058e-05,1.452991452991453,Increasing,316.96875,17.842162801563603
101_965,0.6048387096774194,1.242609917628812e-06,0.6666666666666666,Increasing,166.21875,7.841135022271967
101_966,0.7298387096774194,4.794858066148322e-09,2.2679425837320575,Increasing,270.34375,24.821373570725292
101_967,0.7338709677419355,3.942868698203483e-09,3.677083333333333,Increasing,453.6875,36.13813558763097
101_968,0.6854838709677419,3.854806762682017e-08,2.0,Increasing,402.71875,20.428586550162986
101_969,0.7016129032258065,1.832546869806606e-08,5.729020979020979,Increasing,681.09375,55.87170536986946
101_97,0.7923387096774194,2.0593349248088089e-10,1.8461538461538463,Increasing,243.6875,18.657166016037912
101_970,0.6370967741935484,3.252720022217659e-07,1.5,Increasing,360.125,17.202379922557228
101_971,0.8608870967741935,4.908073947262892e-12,4.930952380952381,Increasing,511.15625,47.47309065078342
101_972,0.3024193548387097,0.015681225244583263,0.7142857142857143,Increasing,194.09375,13.087110488473
101_973,0.48588709677419356,9.944225368752058e-05,1.6035714285714286,Increasing,523.5625,22.617661102554347
101_974,-0.1975806451612903,0.11571975521880828,-0.1715686274509804,No significant trend,217.6875,7.835964761916684
101_975,0.28024193548387094,0.02522949923076112,0.6485294117647059,Increasing,552.96875,12.25378608583894
101_976,0.7298387096774194,4.794858066148322e-09,5.4222222222222225,Increasing,963.53125,67.39899126424297
101_977,0.6995967741935484,2.0128545274999965e-08,2.4045454545454543,Increasing,206.59375,24.088196506536143
101_978,0.38306451612903225,0.0021773576915100623,0.46862745098039216,Increasing,160.28125,7.571469371099641
101_979,0.7782258064516129,4.2833958602273015e-10,5.605555555555555,Increasing,729.90625,54.54605816131446
101_98,0.27419354838709675,0.028580768516166755,0.5773809523809523,Increasing,226.0,10.96300597464035
101_980,0.7459677419354839,2.178956348686256e-09,3.75,Increasing,585.34375,40.53903163541897
101_981,0.34274193548387094,0.0061330741504750375,0.6666666666666666,Increasing,595.1875,11.381008028729266
101_982,0.5987903225806451,1.5861008195727777e-06,1.4629120879120878,Increasing,291.625,17.341694698039174
101_983,0.7237903225806451,6.417795184177066e-09,1.5,Increasing,171.09375,14.942304405194669
101_984,0.45161290322580644,0.00029887973345732455,0.6111111111111112,Increasing,194.0625,8.756916908935473
101_985,0.008064516129032258,0.9611987334080325,0.0,No significant trend,178.65625,9.774358594685383
101_986,0.40524193548387094,0.0011815761851263762,0.6132478632478633,Increasing,302.5625,10.083828328070645
101_987,0.4375,0.0004604747348062599,2.660919540229885,Increasing,626.3125,35.961296469259835
101_988,0.5907258064516129,2.1883453411586373e-06,2.0,Increasing,302.4375,22.6976561289927
101_989,-0.23387096774193547,0.062196528651478955,-0.39230769230769236,No significant trend,311.15625,9.58550133991436
101_99,0.7358870967741935,3.574073925705079e-09,7.658333333333333,Increasing,405.75,81.94777300207737
101_990,0.7016129032258065,1.832546869806606e-08,3.0,Increasing,352.875,28.885279555510625
101_991,0.39314516129032256,0.001655245859932375,4.301994301994302,Increasing,442.0625,62.5844117472554
101_992,0.4112903225806452,0.0009949884229842887,0.8110119047619048,Increasing,165.59375,11.216225342667649
101_993,0.1693548387096774,0.17831360778170335,0.34523809523809523,No significant trend,357.375,14.194519188757328
101_994,0.7459677419354839,2.178956348686256e-09,2.942434210526316,Increasing,365.9375,30.42504878796417
101_995,0.7237903225806451,6.417795184177066e-09,1.375,Increasing,239.0625,35.52106549288746
101_996,0.3245967741935484,0.009469210701438247,3.6515151515151514,Increasing,760.75,62.51549807847651
101_997,0.782258064516129,3.479141419404641e-10,3.6666666666666665,Increasing,347.9375,37.341278683917615
101_998,-0.08870967741935484,0.4856103851418121,-0.8968253968253967,No significant trend,919.71875,55.23655626881079
147_1,-0.21169354838709678,0.09169739408279987,-3.4722222222222223,No significant trend,1032.46875,101.8871877295546
147_10,0.8185483870967742,5.111089329545848e-11,4.1,Increasing,433.625,38.33466936077576
147_100,0.15524193548387097,0.21778086979766753,0.6333333333333333,No significant trend,608.75,15.805457918073744
147_101,0.3407258064516129,0.006442543344656437,1.0529891304347827,Increasing,454.03125,16.24516153928609
147_102,0.5362903225806451,1.7284429657316025e-05,0.9089026915113871,Increasing,179.0,11.731368206650066
147_103,0.038306451612903226,0.7703660224129336,0.06203007518796992,No significant trend,409.25,16.926310879810757
147_104,0.5766129032258065,3.8062807836691803e-06,1.5,Increasing,300.0,17.268106439329124
147_105,0.8487903225806451,9.698242209310592e-12,3.75,Increasing,425.15625,39.024118643955305
147_106,0.8366935483870968,1.8986590077929577e-11,4.0,Increasing,434.125,37.881187613378756
147_107,0.4576612903225806,0.0002474174487239189,2.16,Increasing,506.1875,29.1927190194747
147_108,0.5987903225806451,1.5861008195727777e-06,1.8156108597285068,Increasing,175.21875,19.432148580059284
147_109,0.6088709677419355,1.054676987966019e-06,3.642857142857143,Increasing,523.9375,41.59547564038666
147_11,0.75,1.7844419275547807e-09,2.4285714285714284,Increasing,281.875,25.56822979793478
147_110,0.780241935483871,3.8608760632996564e-10,9.638181818181819,Increasing,917.1875,96.44863837167428
147_111,0.6875,3.5157899258564385e-08,2.2939814814814814,Increasing,346.53125,23.44006235993198
147_112,0.5060483870967742,5.032482653111181e-05,0.950956937799043,Increasing,235.9375,14.660613689406048
147_113,0.7116935483870968,1.1418290979392509e-08,4.367003367003367,Increasing,633.96875,46.06617819439225
147_114,0.8225806451612904,4.108913209677212e-11,4.0627450980392155,Increasing,414.28125,40.172467542304396
147_115,0.8286290322580645,2.956013211985464e-11,4.333333333333333,Increasing,328.125,42.42106640573761
147_116,0.48185483870967744,0.00011361189113179293,1.1277173913043477,Increasing,325.6875,18.517622518833242
147_117,0.5846774193548387,2.7784224061466745e-06,2.8723684210526317,Increasing,247.34375,31.1293765748288
147_118,0.7600806451612904,1.0781671111459445e-09,3.047727272727273,Increasing,364.3125,30.91564884892439
147_119,0.6975806451612904,2.210337290975417e-08,1.418859649122807,Increasing,246.21875,14.220878961495313
147_12,0.2782258064516129,0.026306692194792536,0.4117647058823529,Increasing,177.78125,7.849101759914952
147_120,0.6834677419354839,4.225433603011197e-08,1.5590277777777777,Increasing,159.53125,15.994109022934039
147_121,0.5745967741935484,4.115299975682163e-06,2.5,Increasing,325.625,26.886044242320214
147_122,0.8084677419354839,8.780598470536916e-11,1.9166666666666667,Increasing,175.84375,18.65661641181219
147_123,0.5040322580645161,5.3932561817182645e-05,1.1277173913043477,Increasing,219.96875,14.990589495997147
147_124,0.530241935483871,2.1500434668642043e-05,0.8333333333333334,Increasing,194.5,16.28265948793378
147_125,0.6129032258064516,8.942580020931956e-07,1.5,Increasing,252.8125,15.51700176419401
147_126,0.6350806451612904,3.54369133592769e-07,1.7678571428571428,Increasing,277.5,23.325147373596593
147_127,0.6149193548387096,8.23131043548031e-07,1.8460526315789474,Increasing,603.21875,30.196993201931544
147_128,0.3185483870967742,0.010897045103689385,0.8110119047619048,Increasing,302.40625,15.08073973442616
147_129,0.4375,0.0004604747348062599,2.25,Increasing,210.40625,28.373468433335745
147_13,0.7661290322580645,7.944338520360361e-10,1.6483516483516483,Increasing,256.78125,16.03070174501104
147_130,-0.03225806451612903,0.8078142165841911,-0.12142857142857143,No significant trend,307.3125,16.500828577680576
147_131,0.7943548387096774,1.8528600875811208e-10,5.408333333333333,Increasing,494.75,59.845112582398905
147_132,0.7600806451612904,1.0781671111459445e-09,3.6666666666666665,Increasing,205.84375,35.48512837707509
147_133,0.7883064516129032,2.541908905584478e-10,12.2,Increasing,831.4375,136.63933765116838
147_134,0.5383064516129032,1.606344972238105e-05,2.5941176470588236,Increasing,474.9375,29.469197372001837
147_135,-0.2217741935483871,0.07712890370635717,-1.3875,No significant trend,433.25,31.16588679951206
147_136,0.42943548387096775,0.0005862699970422547,1.0,Increasing,491.9375,17.12260475949848
147_137,0.8608870967741935,4.908073947262892e-12,3.7338056680161946,Increasing,429.1875,35.48541733938041
147_138,0.8649193548387096,3.903322109977125e-12,3.590909090909091,Increasing,317.84375,34.46747504441687
147_139,0.7540322580645161,1.4598573461199749e-09,3.19375,Increasing,365.21875,31.62053760513094
147_14,0.375,0.0026994076056261473,0.42857142857142855,Increasing,256.46875,6.600115410922752
147_140,0.5604838709677419,7.057150331224449e-06,1.3923076923076922,Increasing,217.875,15.763387167737777
147_141,0.5866935483870968,2.5665371479188792e-06,2.75,Increasing,212.84375,30.82420860196576
147_142,0.1592741935483871,0.2059131489229995,0.3666666666666667,No significant trend,269.90625,21.145861555810395
147_143,0.5604838709677419,7.057150331224449e-06,2.6666666666666665,Increasing,690.0,36.411708281815066
147_144,0.8508064516129032,8.663292305755022e-12,5.666666666666667,Increasing,610.46875,55.05848275640639
147_145,0.6471774193548387,2.1112575954163049e-07,2.230769230769231,Increasing,192.65625,23.20642337667526
147_146,0.7641129032258065,8.797895745260575e-10,5.952850877192983,Increasing,351.375,59.39368127166391
147_147,0.7782258064516129,4.2833958602273015e-10,2.575187969924812,Increasing,265.1875,24.744238597095688
147_148,0.41935483870967744,0.0007884847400962958,0.8918128654970761,Increasing,474.5,12.786711852544421
147_149,0.09879032258064516,0.4363392795127665,0.2113095238095238,No significant trend,202.6875,11.985505569228192
147_15,0.125,0.32256351748255696,0.6742424242424242,No significant trend,1165.75,27.561295325147547
147_150,0.7943548387096774,1.8528600875811208e-10,3.524027459954233,Increasing,376.3125,33.98477370455775
147_151,0.5645161290322581,6.056982383206844e-06,3.474937343358396,Increasing,236.84375,38.61355767003994
147_152,0.07661290322580645,0.54850039361213,0.2,No significant trend,415.59375,12.457074734362799
147_153,0.3225806451612903,0.00992544145265839,1.2041666666666666,Increasing,256.875,18.9369843164111
147_154,0.5987903225806451,1.5861008195727777e-06,1.0,Increasing,194.5,11.363318177363512
147_155,0.6149193548387096,8.23131043548031e-07,1.6,Increasing,273.71875,17.353375707265144
147_156,0.5665322580645161,5.609253585836527e-06,2.0588235294117645,Increasing,384.90625,22.825916431492953
147_157,0.6491935483870968,1.934942726045108e-07,2.1421404682274248,Increasing,510.375,22.92344596695706
147_158,0.7560483870967742,1.3199186188472822e-09,2.585714285714286,Increasing,192.625,28.47230013539475
147_159,0.6068548387096774,1.1449388537254634e-06,1.5895721925133688,Increasing,304.90625,17.40215391661331
147_16,0.16330645161290322,0.19452239535329507,0.3333333333333333,No significant trend,300.8125,11.679141396095861
147_160,0.20362903225806453,0.10487931450318722,0.6809090909090909,No significant trend,205.46875,17.066019554585655
147_161,-0.18346774193548387,0.1444328264537258,-0.3333333333333333,No significant trend,244.84375,10.980406911289764
147_162,0.4637096774193548,0.00020435771038096462,0.7619047619047619,Increasing,214.46875,15.182194289281771
147_163,0.5766129032258065,3.8062807836691803e-06,1.2222222222222223,Increasing,169.75,13.729530217745982
147_164,0.6270161290322581,4.979515006997559e-07,2.0899503722084365,Increasing,351.8125,22.7533479679365
147_165,0.7903225806451613,2.2882273853497281e-10,3.1739130434782608,Increasing,334.84375,30.85359518658239
147_166,0.9193548387096774,1.6009416015094757e-13,4.7272727272727275,Increasing,441.03125,45.850630022252695
147_167,0.6129032258064516,8.942580020931956e-07,1.625,Increasing,298.75,18.45602882529175
147_168,0.5342741935483871,1.85935300431872e-05,1.0,Increasing,163.84375,12.29102664294159
147_169,0.6733870967741935,6.661159712706421e-08,1.5,Increasing,218.125,15.531721572317732
147_17,0.6935483870967742,2.6632843708185305e-08,1.3333333333333333,Increasing,262.15625,14.37904155142129
147_170,0.15120967741935484,0.23013253179706616,0.7583333333333333,No significant trend,296.96875,22.313791104101966
147_171,0.5524193548387096,9.551213337788411e-06,1.3923076923076922,Increasing,192.09375,16.967541393422323
147_172,0.36693548387096775,0.0033335638107387933,0.5,Increasing,213.40625,9.74313660673502
147_173,0.7721774193548387,5.84016834892509e-10,1.8607085346215781,Increasing,214.71875,20.213291380611423
147_174,0.5564516129032258,8.214164165520899e-06,1.282857142857143,Increasing,220.59375,15.357936415335883
147_175,0.7540322580645161,1.4598573461199749e-09,5.833333333333333,Increasing,837.96875,59.27872951942796
147_176,0.5282258064516129,2.31113806963279e-05,1.619047619047619,Increasing,183.40625,18.523396312164245
147_177,0.7358870967741935,3.574073925705079e-09,3.4316770186335406,Increasing,313.6875,33.91573887961163
147_178,0.6975806451612904,2.210337290975417e-08,4.333333333333333,Increasing,558.0,46.41591860558186
147_179,0.7701612903225806,6.472633540255401e-10,2.5,Increasing,343.25,23.681480105770415
147_18,0.07661290322580645,0.54850039361213,0.0754985754985755,No significant trend,243.5,6.408002808988148
147_180,0.3790322580645161,0.002425557940292755,0.6153846153846154,Increasing,273.40625,10.077386116325007
147_181,0.046370967741935484,0.721270009629742,0.10526315789473684,No significant trend,291.375,10.673419086684454
147_182,0.7298387096774194,4.794858066148322e-09,2.05,Increasing,395.625,23.526248638488884
147_183,0.7137096774193549,1.0379506365509883e-08,4.0,Increasing,616.1875,43.55989949196394
147_184,0.5483870967741935,1.1094687683677051e-05,0.8333333333333334,Increasing,213.9375,9.679028554044047
147_185,0.5604838709677419,7.057150331224449e-06,1.1464285714285714,Increasing,204.28125,14.191182066251564
147_186,0.594758064516129,1.8639903685002679e-06,2.366071428571429,Increasing,538.34375,29.546160257087553
147_187,0.8649193548387096,3.903322109977125e-12,3.026315789473684,Increasing,317.90625,55.67952910125498
147_188,0.7540322580645161,1.4598573461199749e-09,5.230769230769231,Increasing,504.1875,50.840090910127216
147_189,0.7681451612903226,7.171752081092109e-10,3.1143790849673203,Increasing,399.0,30.369598285127186
147_19,0.21975806451612903,0.07988100283813182,0.42105263157894735,No significant trend,212.25,9.317322576792112
147_190,0.5201612903225806,3.077850744093169e-05,0.6428571428571429,Increasing,213.78125,9.133504170771479
147_191,0.3790322580645161,0.002425557940292755,1.766304347826087,Increasing,667.75,24.26030708791626
147_192,0.5745967741935484,4.115299975682163e-06,1.2,Increasing,283.21875,18.61910036595485
147_193,0.4939516129032258,7.595584729669369e-05,1.3,Increasing,443.90625,16.675879615105764
147_194,0.75,1.7844419275547807e-09,2.205263157894737,Increasing,315.96875,23.01424066610715
147_195,0.7701612903225806,6.472633540255401e-10,8.066666666666666,Increasing,731.90625,76.79329372371978
147_196,0.7842741935483871,3.1343416750928554e-10,8.404970760233919,Increasing,297.9375,90.49790657109146
147_197,0.5967741935483871,1.7196589441326182e-06,1.6,Increasing,209.0625,18.046705897476137
147_198,0.41330645161290325,0.0009391233403026611,0.6583333333333333,Increasing,316.65625,9.860303541854075
147_199,0.30443548387096775,0.014996317848851026,1.0,Increasing,516.28125,17.688687018473136
147_2,0.30443548387096775,0.014996317848851026,0.45454545454545453,Increasing,208.53125,9.708193623815916
147_20,-0.5161290322580645,3.546525120357025e-05,-1.3130671506352087,Decreasing,237.40625,16.255497868029142
147_200,0.5766129032258065,3.8062807836691803e-06,2.343137254901961,Increasing,522.84375,26.058958842162134
147_201,0.4637096774193548,0.00020435771038096462,1.3333333333333333,Increasing,337.5625,18.9009548369917
147_202,0.6229838709677419,5.893720071981079e-07,1.5,Increasing,285.78125,23.482352915274483
147_203,-0.47580645161290325,0.0001384805488402474,-2.7573529411764706,Decreasing,1498.34375,39.134870460211054
147_204,0.07459677419354839,0.5593600509011936,0.25,No significant trend,265.28125,23.39769536594363
147_205,-0.32056451612903225,0.010401152469125874,-0.20344827586206898,Decreasing,164.21875,4.392709691921377
147_206,0.4778225806451613,0.0001296708328921703,3.3266666666666667,Increasing,479.65625,42.10300566393687
147_207,0.3245967741935484,0.009469210701438247,0.8460526315789474,Increasing,534.03125,76.92061019933149
147_208,-0.04435483870967742,0.7334457521953335,-0.12771739130434784,No significant trend,740.625,34.32632918038281
147_209,0.8084677419354839,8.780598470536916e-11,6.02,Increasing,602.6875,62.419667123031026
147_21,0.4334677419354839,0.000519836761338599,8.326666666666668,Increasing,921.6875,107.26003376724249
147_210,0.7983870967741935,1.4987833196755673e-10,3.1011904761904763,Increasing,443.875,30.110992594067703
147_211,0.7419354838709677,2.657962294705385e-09,4.0,Increasing,714.15625,40.96348173602313
147_212,0.2540322580645161,0.04265662043840912,0.3956521739130435,Increasing,264.6875,8.37942979861995
147_213,0.594758064516129,1.8639903685002679e-06,4.809090909090909,Increasing,490.34375,57.01184601411798
147_214,0.7963709677419355,1.666657922783088e-10,4.279220779220779,Increasing,698.625,42.857868297431686
147_215,0.7701612903225806,6.472633540255401e-10,4.675438596491228,Increasing,576.78125,50.77753832589268
147_216,0.8548387096774194,6.907363570007874e-12,9.922619047619047,Increasing,981.9375,89.42976905790375
147_217,0.7842741935483871,3.1343416750928554e-10,10.213636363636363,Increasing,772.5,95.55070643380927
147_218,-0.07258064516129033,0.5703230029200781,-0.4083333333333333,No significant trend,616.96875,36.21333005175718
147_219,0.5584677419354839,7.614672716593773e-06,1.4248120300751879,Increasing,496.0,18.207141456033124
147_22,0.0,1.0,0.0,No significant trend,254.6875,13.180092706426613
147_220,0.4637096774193548,0.00020435771038096462,1.656862745098039,Increasing,261.84375,21.18240628298636
147_221,0.6512096774193549,1.772900197760663e-07,22.196923076923078,Increasing,483.78125,270.68463365776324
147_222,0.6754032258064516,6.084656289928603e-08,2.6887351778656123,Increasing,580.0625,32.334132024070165
147_223,0.5181451612903226,3.304303154827437e-05,1.1151315789473686,Increasing,255.6875,17.69964247520271
147_224,0.8004032258064516,1.3474710236494047e-10,3.2899159663865545,Increasing,380.21875,33.95192775730857
147_225,0.20766129032258066,0.0981116209814683,0.6,No significant trend,487.21875,29.316947290560456
147_226,0.780241935483871,3.8608760632996564e-10,8.315172413793103,Increasing,410.90625,84.49606476598481
147_227,0.7358870967741935,3.574073925705079e-09,6.0,Increasing,814.1875,61.09032119534157
147_228,0.8084677419354839,8.780598470536916e-11,4.066964285714286,Increasing,534.15625,39.200693054300714
147_229,0.4092741935483871,0.0010539167533933913,0.8888888888888888,Increasing,386.53125,12.94214137758895
147_23,0.3004032258064516,0.016393501482819373,1.0,Increasing,237.125,16.18013828741893
147_230,0.04838709677419355,0.7091645038629479,0.06666666666666667,No significant trend,314.9375,11.486234968430692
147_231,0.7479838709677419,1.9721104749237384e-09,26.596296296296295,Increasing,565.5,305.7517375257253
147_232,-0.11491935483870967,0.36381409836843837,-0.4114420062695925,No significant trend,541.875,25.279376475696548
147_233,0.7379032258064516,3.238943557803964e-09,8.934782608695652,Increasing,375.40625,100.35868777010539
147_235,0.8508064516129032,8.663292305755022e-12,27.287058823529414,Increasing,703.09375,281.3208087947593
147_236,0.6310483870967742,4.2028371116664687e-07,3.0,Increasing,798.65625,32.012311474454634
147_237,0.3064516129032258,0.014337900827245509,1.3572463768115943,Increasing,798.90625,44.167549863417825
147_24,-0.2762096774193548,0.027423400237828188,-1.3636363636363635,Decreasing,526.5,31.13679495388053
147_25,0.7096774193548387,1.2557821005287906e-08,3.9212962962962963,Increasing,403.78125,37.838253110278494
147_26,0.8366935483870968,1.8986590077929577e-11,6.298148148148148,Increasing,569.34375,62.83938323963325
147_27,0.5685483870967742,5.193307037965056e-06,1.7141666666666666,Increasing,243.9375,19.31957799099142
147_28,0.4717741935483871,0.00015781793261271382,2.5,Increasing,235.59375,29.731989690188914
147_29,0.7862903225806451,2.8229885096209273e-10,4.633874239350913,Increasing,482.3125,48.20038738174207
147_3,0.7076612903225806,1.38075384459313e-08,2.687062937062937,Increasing,408.09375,26.99925852569844
147_30,0.6391129032258065,2.984879994283318e-07,2.1026315789473684,Increasing,207.6875,22.724487755502874
147_31,0.5544354838709677,8.858614525264485e-06,1.9582608695652173,Increasing,204.09375,22.46157743653593
147_32,0.3286290322580645,0.008612477773118021,0.5505050505050505,Increasing,223.1875,10.168694299171355
147_33,0.4959677419354839,7.096380450022366e-05,1.0,Increasing,170.84375,14.699297123927389
147_34,0.5967741935483871,1.7196589441326182e-06,1.588235294117647,Increasing,213.15625,18.015807945731993
147_35,0.8205645161290323,4.583267099178556e-11,4.869318181818182,Increasing,334.4375,43.40646373237516
147_36,0.6774193548387096,5.5566278689411774e-08,2.8544973544973544,Increasing,254.46875,30.36237842194679
147_37,0.8548387096774194,6.907363570007874e-12,5.759615384615385,Increasing,595.125,56.69807646649046
147_38,0.6532258064516129,1.6240138478451627e-07,1.5,Increasing,360.21875,23.24426592597624
147_39,0.8608870967741935,4.908073947262892e-12,4.857142857142857,Increasing,613.59375,47.89954290948401
147_4,0.907258064516129,3.3084646133829665e-13,11.56832298136646,Increasing,1103.78125,108.55578473042098
147_40,0.2701612903225806,0.031022165815888902,1.1055555555555556,Increasing,271.75,20.09197601033806
147_41,0.7520161290322581,1.6142178704825483e-09,2.8899999999999997,Increasing,312.40625,27.377978576540308
147_42,0.6673387096774194,8.7262118642073e-08,2.0,Increasing,160.65625,21.092962948279695
147_43,0.6310483870967742,4.2028371116664687e-07,1.6594202898550725,Increasing,322.46875,19.515994041746886
147_44,-0.2318548387096774,0.06450466084662865,-0.8297101449275363,No significant trend,347.1875,16.140859448926502
147_45,0.719758064516129,7.784594746595985e-09,3.8333333333333335,Increasing,419.5625,43.035550347939086
147_46,0.7782258064516129,4.2833958602273015e-10,3.45628078817734,Increasing,654.875,34.295362295797375
147_47,0.6592741935483871,1.246354144335271e-07,1.5405844155844157,Increasing,288.625,15.49142908191494
147_48,-0.016129032258064516,0.9096221353961886,0.0,No significant trend,354.03125,20.390690852384086
147_49,0.3487903225806452,0.005283353948143166,1.8086080586080586,Increasing,464.875,25.498468091240305
147_5,0.46169354838709675,0.00021786074656704457,0.46862745098039216,Increasing,209.03125,9.060506246203905
147_50,0.5403225806451613,1.4924957946416129e-05,2.8484848484848486,Increasing,621.59375,33.72022702974433
147_51,0.5987903225806451,1.5861008195727777e-06,0.7559523809523809,Increasing,165.78125,9.177875486053404
147_52,0.6633064516129032,1.0434107045043106e-07,2.6,Increasing,372.3125,28.530069115759254
147_53,0.5282258064516129,2.31113806963279e-05,1.19375,Increasing,205.0,15.706288549495072
147_54,0.25201612903225806,0.04434233973465851,0.7495652173913043,Increasing,299.03125,17.6608401113169
147_55,0.7137096774193549,1.0379506365509883e-08,2.414285714285714,Increasing,226.75,24.266746794739504
147_56,0.7439516129032258,2.4068798065712826e-09,4.410526315789474,Increasing,635.28125,47.788750228871855
147_57,0.5181451612903226,3.304303154827437e-05,2.224747474747475,Increasing,687.8125,29.794543858733597
147_58,0.375,0.0026994076056261473,2.6201923076923075,Increasing,535.875,36.08994839286972
147_59,0.46774193548387094,0.0001796761088148635,2.0,Increasing,319.21875,24.01137019075546
147_6,0.7419354838709677,2.657962294705385e-09,2.466666666666667,Increasing,258.28125,23.09658304679504
147_60,0.5201612903225806,3.077850744093169e-05,1.6111111111111112,Increasing,214.78125,19.002852376353925
147_61,0.7741935483870968,5.268148139947471e-10,3.0,Increasing,476.5625,32.849978595883435
147_62,0.33669354838709675,0.007103959439850094,0.5,Increasing,197.40625,7.470188146057635
147_63,0.6270161290322581,4.979515006997559e-07,2.091666666666667,Increasing,462.5625,22.128795578386097
147_64,0.5120967741935484,4.0824601233779845e-05,1.7142857142857142,Increasing,249.6875,23.317693791410846
147_65,0.4415322580645161,0.0004074870138988107,1.3484848484848484,Increasing,529.0625,18.498205149419228
147_66,0.6108870967741935,9.712842008458011e-07,2.0,Increasing,287.5625,21.88597938749829
147_67,0.2782258064516129,0.026306692194792536,1.3112648221343872,Increasing,303.65625,21.62407422151293
147_68,0.7782258064516129,4.2833958602273015e-10,4.633333333333333,Increasing,332.15625,75.80365648131692
147_69,0.8528225806451613,7.736700169402866e-12,3.7453703703703702,Increasing,321.8125,37.85039423506709
147_7,0.7036290322580645,1.667963900331415e-08,2.467611336032389,Increasing,459.1875,25.341958167237195
147_70,0.657258064516129,1.3616589122911193e-07,1.6132478632478633,Increasing,276.40625,18.851159405657256
147_71,0.7076612903225806,1.38075384459313e-08,1.8421052631578947,Increasing,346.8125,19.964714967912766
147_72,0.375,0.0026994076056261473,0.5714285714285714,Increasing,270.40625,10.702976732549688
147_73,0.7237903225806451,6.417795184177066e-09,5.0773809523809526,Increasing,724.71875,73.28507452706519
147_74,0.7641129032258065,8.797895745260575e-10,2.5,Increasing,418.0625,25.55990206847436
147_75,0.5181451612903226,3.304303154827437e-05,3.5777777777777775,Increasing,337.5625,67.44531928718256
147_76,0.28024193548387094,0.02522949923076112,0.6666666666666666,Increasing,493.84375,18.66833779257007
147_77,0.4899193548387097,8.695279080095375e-05,3.1762422360248443,Increasing,1297.90625,45.348897020076464
147_78,0.8306451612903226,2.6473268022186858e-11,2.039230769230769,Increasing,274.40625,19.877530302769003
147_79,0.43548387096774194,0.0004893169184720936,1.5,Increasing,359.09375,21.042159132025876
147_8,0.6290322580645161,4.5753051591823635e-07,1.75,Increasing,247.40625,23.272649418093764
147_80,0.4012096774193548,0.0013233944127710728,0.5917508417508417,Increasing,210.90625,8.840105256019298
147_81,0.4536290322580645,0.000280704353313066,0.75,Increasing,209.03125,9.488428396604993
147_82,0.6512096774193549,1.772900197760663e-07,1.9614814814814814,Increasing,372.40625,22.042373078629716
147_83,0.7318548387096774,4.348602589132611e-09,3.428929765886288,Increasing,417.4375,35.0855539182439
147_84,0.5907258064516129,2.1883453411586373e-06,1.2264957264957266,Increasing,229.8125,13.791839752186798
147_85,0.7540322580645161,1.4598573461199749e-09,4.543560606060606,Increasing,768.71875,48.770658683654254
147_86,0.8387096774193549,1.6986412276764895e-11,5.367003367003367,Increasing,503.78125,50.98512918918123
147_87,0.16733870967741934,0.18360093287848422,0.31009615384615385,No significant trend,243.25,9.797958971132712
147_88,0.8346774193548387,2.121680608979659e-11,7.828431372549019,Increasing,381.28125,75.9898160837194
147_89,0.8024193548387096,1.21112231354914e-10,2.0,Increasing,228.6875,23.770303821154663
147_9,0.6310483870967742,4.2028371116664687e-07,3.2886904761904763,Increasing,581.0625,36.987276106115196
147_90,0.3286290322580645,0.008612477773118021,1.3,Increasing,508.5625,20.537979300554376
147_91,0.5766129032258065,3.8062807836691803e-06,1.4714285714285715,Increasing,371.96875,16.551971889702447
147_92,0.6895161290322581,3.2057687171516136e-08,2.3333333333333335,Increasing,264.09375,23.894768484701835
147_93,0.32056451612903225,0.010401152469125874,0.4,Increasing,178.125,8.192031188905473
147_94,0.8205645161290323,4.583267099178556e-11,2.4,Increasing,350.5,24.15833189605607
147_95,0.7661290322580645,7.944338520360361e-10,5.1201923076923075,Increasing,436.65625,54.40106236037583
147_96,0.24596774193548387,0.049740271332769925,1.0,Increasing,265.0625,21.034105489656554
147_97,0.48588709677419356,9.944225368752058e-05,0.8153409090909092,Increasing,212.40625,11.210651673185641
147_98,0.7842741935483871,3.1343416750928554e-10,2.761904761904762,Increasing,408.78125,30.514068860732092
147_99,0.4899193548387097,8.695279080095375e-05,1.275252525252525,Increasing,207.46875,14.536558170265064
