location,tau,p_value,slope,trend_class,mean_value,std_value
101_1,0.9010752688172043,1.2074785615823203e-12,5205.974761904762,Increasing,274580.7735483871,46523.41065543306
101_10,0.8709677419354839,6.577183242484352e-12,2910.0200000000004,Increasing,199215.3790322581,26549.93920069284
101_100,0.7634408602150538,1.779737912599444e-09,1597.294090909091,Increasing,156701.44806451615,15329.786143848363
101_1000,0.9182795698924732,4.4719783431901305e-13,2651.649411764706,Increasing,155963.26258064518,23874.06012120551
101_1001,0.8064516129032258,2.0618773355352005e-10,848.6731578947365,Increasing,106797.85290322581,8361.476906216676
101_1002,0.8666666666666667,8.341327628613726e-12,4083.7305263157914,Increasing,223830.33838709682,37222.751942604045
101_1003,0.7849462365591398,6.143836550620563e-10,1422.7942857142855,Increasing,169308.58806451608,13791.57335186831
101_1004,0.9354838709677419,1.6253665080512292e-13,2974.767142857146,Increasing,169604.37064516128,27212.886516030616
101_1005,0.8494623655913979,2.1334267685801933e-11,2247.245333333333,Increasing,170783.70870967742,20523.326040874963
101_1006,0.9397849462365592,1.2589929099249275e-13,3584.1488888888885,Increasing,213730.17935483874,32671.717701677535
101_1007,0.9440860215053763,9.725553695716371e-14,3817.4522727272733,Increasing,191525.73419354841,37082.51311397865
101_1008,0.8924731182795699,1.971089957919503e-12,3146.371999999997,Increasing,183267.73032258064,28423.74823342684
101_1009,0.9354838709677419,1.6253665080512292e-13,4630.650000000002,Increasing,225771.785483871,41120.753951924824
101_101,0.9483870967741935,7.527312106958561e-14,4077.3777777777773,Increasing,185442.54838709676,36872.1134115383
101_1010,0.9612903225806452,3.441691376337985e-14,4671.242500000004,Increasing,222825.24193548385,42002.76362904065
101_1013,0.9053763440860215,9.43689570931383e-13,3737.301052631579,Increasing,201491.38387096775,34081.62586704792
101_1014,0.8279569892473119,6.726863510664316e-11,1107.4878571428583,Increasing,150069.3080645161,12550.792441567168
101_1015,0.8021505376344086,2.5708679629588005e-10,2117.3370833333333,Increasing,206009.3270967742,19712.92119486545
101_1016,0.5311827956989247,2.9007853530993444e-05,464.33666666666653,Increasing,163804.1687096774,5378.258679384896
101_1017,0.6043010752688172,1.945575674344724e-06,1031.9639999999995,Increasing,164156.67516129027,11204.973122818988
101_1018,0.6989247311827957,3.653338875864165e-08,853.5059090909093,Increasing,149233.84645161295,8444.17490253968
101_1019,0.9225806451612903,3.4772185131259903e-13,3180.969047619048,Increasing,204269.0287096774,29027.872499972444
101_102,0.8838709677419355,3.2027713814386516e-12,2274.048636363637,Increasing,174337.60838709673,20690.08782568243
101_1020,0.8451612903225807,2.6903368421926643e-11,1724.6825000000026,Increasing,176381.99645161288,16470.08798839543
101_1021,0.8021505376344086,2.5708679629588005e-10,2509.82666666667,Increasing,209132.8070967742,23489.053583012388
101_1022,0.875268817204301,5.1803006329009804e-12,3088.714583333332,Increasing,218575.08935483868,29444.186193012363
101_1023,0.9311827956989247,2.0961010704922955e-13,3881.1281249999993,Increasing,239191.3577419355,35517.55349398812
101_1024,0.896774193548387,1.5436540934388177e-12,2675.968181818181,Increasing,172629.8303225806,24035.864011824076
101_1025,0.9311827956989247,2.0961010704922955e-13,4372.155238095239,Increasing,253506.84709677417,39323.20698591373
101_1026,0.6645161290322581,1.650774061889848e-07,1296.8047619047616,Increasing,165403.99161290322,13327.836821385943
101_1027,0.9440860215053763,9.725553695716371e-14,4772.619999999995,Increasing,238498.17741935482,44064.60849768578
101_1028,0.9225806451612903,3.4772185131259903e-13,2665.239999999998,Increasing,161474.26032258064,26292.22060242958
101_1029,0.9440860215053763,9.725553695716371e-14,2516.043999999999,Increasing,178907.93935483872,23065.119011268373
101_103,0.7462365591397849,4.083862803483385e-09,1318.9566666666651,Increasing,156835.09129032257,14091.298713047718
101_1030,0.956989247311828,4.4853010194856324e-14,5667.483333333327,Increasing,266342.16193548386,51012.17905953892
101_1031,0.9182795698924732,4.4719783431901305e-13,4071.329999999999,Increasing,223290.0506451613,37786.12551825074
101_1032,0.8623655913978494,1.0566436614567465e-11,3683.5345454545472,Increasing,231416.6616129032,32951.032592678224
101_1033,0.789247311827957,4.949776144513862e-10,2679.6979999999994,Increasing,172929.55870967737,26421.057398593868
101_1034,0.978494623655914,1.199040866595169e-14,3160.137499999997,Increasing,193507.56419354837,29081.91262977316
101_1035,0.9655913978494624,2.6423307986078726e-14,3526.7171999999996,Increasing,204699.25451612903,31589.39873025114
101_1036,0.956989247311828,4.4853010194856324e-14,2378.5431578947373,Increasing,185791.79225806452,22299.127351664527
101_1037,0.9483870967741935,7.527312106958561e-14,4381.211052631579,Increasing,229072.17032258064,39896.61856494515
101_1038,0.875268817204301,5.1803006329009804e-12,2017.4942857142867,Increasing,165542.07322580647,18795.73039629589
101_1039,0.9096774193548387,7.365219545363288e-13,2536.0512500000004,Increasing,198652.84032258063,22983.70913399672
101_104,0.7806451612903226,7.617340092025415e-10,1366.4492307692306,Increasing,163400.7077419355,13790.858644427899
101_1040,0.9182795698924732,4.4719783431901305e-13,2292.5650000000023,Increasing,200756.03838709675,21184.305850810666
101_1042,0.9483870967741935,7.527312106958561e-14,2389.273076923076,Increasing,168798.53096774194,22178.50156528896
101_1043,0.9612903225806452,3.441691376337985e-14,3265.8795652173903,Increasing,201931.51741935484,29320.526862848586
101_1044,0.896774193548387,1.5436540934388177e-12,2132.366666666659,Increasing,155247.23677419353,19643.24135490231
101_1045,0.9354838709677419,1.6253665080512292e-13,2226.984444444443,Increasing,169376.63451612904,21168.44705326193
101_1046,0.853763440860215,1.6898704657819508e-11,3106.8407692307687,Increasing,209547.66677419352,28203.567751916613
101_1047,0.7935483870967742,3.983280372210629e-10,1077.6812500000003,Increasing,164510.2812903226,10015.34981224473
101_1048,0.9096774193548387,7.365219545363288e-13,3686.660769230771,Increasing,210904.47935483875,35402.15086141764
101_1049,0.9096774193548387,7.365219545363288e-13,1788.6284210526317,Increasing,164211.2522580645,16098.179241229116
101_105,0.8795698924731182,4.075406678794025e-12,2035.1944444444443,Increasing,165069.41580645164,19150.908283394772
101_1050,0.9225806451612903,3.4772185131259903e-13,4018.840555555556,Increasing,215933.17516129033,36496.052727859074
101_1051,0.9440860215053763,9.725553695716371e-14,3642.7000000000007,Increasing,178647.34709677417,32767.61284428094
101_1052,0.9010752688172043,1.2074785615823203e-12,2031.7280952380943,Increasing,174284.41645161287,18613.12492923926
101_1054,0.9483870967741935,7.527312106958561e-14,2912.0773333333345,Increasing,162877.68516129034,28446.029313584615
101_1055,0.9354838709677419,1.6253665080512292e-13,4697.313333333334,Increasing,221975.8996774193,42453.14024570023
101_1056,0.7290322580645161,9.203571460503213e-09,1577.8077777777783,Increasing,148424.5735483871,15423.437229398547
101_1057,0.8795698924731182,4.075406678794025e-12,2612.151666666667,Increasing,193764.10612903227,23554.556171776312
101_1058,0.6602150537634408,1.9832196151980952e-07,1404.9409090909096,Increasing,167637.48322580644,14027.706738486395
101_1059,0.9655913978494624,2.6423307986078726e-14,3565.235714285715,Increasing,204409.05419354842,32740.787787306974
101_106,0.9010752688172043,1.2074785615823203e-12,2333.548888888889,Increasing,172014.96322580645,21328.92445323492
101_1060,0.8838709677419355,3.2027713814386516e-12,2249.980000000001,Increasing,168166.8135483871,21223.509136054236
101_1061,0.6946236559139785,4.4286428968476343e-08,661.4200000000003,Increasing,133585.02258064516,7225.049077733066
101_1063,0.8150537634408602,1.3217715810753816e-10,1853.730476190476,Increasing,170037.56,16620.05992732917
101_1064,0.8064516129032258,2.0618773355352005e-10,1526.0985714285719,Increasing,163450.7183870968,14247.864995137526
101_1065,0.9397849462365592,1.2589929099249275e-13,4552.665000000008,Increasing,235341.99258064516,41188.26760737279
101_1066,0.8838709677419355,3.2027713814386516e-12,2696.009166666668,Increasing,202986.46935483874,25186.73043055307
101_1067,0.9612903225806452,3.441691376337985e-14,6012.788461538463,Increasing,260607.5190322581,53932.15243331404
101_1068,0.41935483870967744,0.0009761747063838921,775.5742857142852,Increasing,153265.55483870965,10322.814078321193
101_1069,0.7935483870967742,3.983280372210629e-10,1181.482222222222,Increasing,160521.25677419355,11318.917994038575
101_107,0.9225806451612903,3.4772185131259903e-13,2014.8025000000005,Increasing,165950.95064516127,18045.773298416578
101_1070,0.9053763440860215,9.43689570931383e-13,1983.304545454546,Increasing,177832.3370967742,18286.630155184183
101_1071,0.9397849462365592,1.2589929099249275e-13,5829.573636363636,Increasing,282571.5316129032,52941.40375471845
101_1073,0.6774193548387096,9.456222072046216e-08,772.4842857142856,Increasing,92082.04161290321,8281.64625930567
101_1074,0.9440860215053763,9.725553695716371e-14,4037.5656521739133,Increasing,213399.52387096768,36181.47361003317
101_1075,0.9096774193548387,7.365219545363288e-13,2425.465909090909,Increasing,200746.04032258067,22787.090186494534
101_1076,0.9526881720430107,5.795364188543317e-14,3160.154999999999,Increasing,176677.3025806452,28837.453361201264
101_1077,0.9053763440860215,9.43689570931383e-13,3937.2928571428556,Increasing,225876.1412903226,35324.6303608284
101_1078,0.7978494623655914,3.2018854234650007e-10,3267.28,Increasing,214922.3758064516,30736.668845843036
101_1079,0.8795698924731182,4.075406678794025e-12,3366.6188888888896,Increasing,209327.64387096776,29566.258159738132
101_108,0.8408602150537634,3.388800351444843e-11,1717.8930000000007,Increasing,158634.5535483871,16189.238682146046
101_1081,0.8924731182795699,1.971089957919503e-12,2099.301764705881,Increasing,167981.294516129,20557.01493719371
101_1082,0.853763440860215,1.6898704657819508e-11,1793.9318749999984,Increasing,167341.1425806452,17331.459609238467
101_1083,0.8924731182795699,1.971089957919503e-12,2836.791428571428,Increasing,180061.49935483868,25655.32729527401
101_1084,0.9311827956989247,2.0961010704922955e-13,6672.514999999999,Increasing,285591.33032258064,60621.9971859131
101_1085,0.875268817204301,5.1803006329009804e-12,2681.4400000000023,Increasing,193730.3341935484,23879.489466630585
101_1086,0.7720430107526882,1.166970520216637e-09,1335.7482608695648,Increasing,158621.58225806453,12825.42136575982
101_1087,0.9225806451612903,3.4772185131259903e-13,5119.800000000001,Increasing,229199.20516129033,46841.44876920384
101_1088,0.832258064516129,5.3585580417347956e-11,1502.5672727272745,Increasing,170021.6906451613,14245.76321785034
101_1089,0.896774193548387,1.5436540934388177e-12,2847.0625,Increasing,186594.92580645162,25676.347416266046
101_109,0.9741935483870968,1.554312234475219e-14,2157.1843478260867,Increasing,177643.85903225804,19696.75652751428
101_1090,0.7720430107526882,1.166970520216637e-09,2779.035416666667,Increasing,207444.24548387097,26559.584390604654
101_1091,0.9612903225806452,3.441691376337985e-14,3437.3252,Increasing,200798.28161290317,31218.909566723993
101_1092,0.8580645161290322,1.3370193840955835e-11,2223.5668749999986,Increasing,165889.34193548386,20625.97892528246
101_1093,0.8666666666666667,8.341327628613726e-12,2209.9008333333327,Increasing,160956.7541935484,20447.578200658943
101_1094,0.8924731182795699,1.971089957919503e-12,2843.162142857143,Increasing,194696.04000000004,26398.911569159867
101_1095,0.9612903225806452,3.441691376337985e-14,3346.396666666666,Increasing,185923.50709677418,30750.2988944304
101_1097,0.9354838709677419,1.6253665080512292e-13,2346.8466666666595,Increasing,175509.735483871,21061.472187159405
101_1099,0.9741935483870968,1.554312234475219e-14,6401.075000000001,Increasing,262241.27096774196,57728.47743908103
101_11,0.875268817204301,5.1803006329009804e-12,2897.4618181818196,Increasing,205700.74322580645,27189.12838048223
101_110,0.9225806451612903,3.4772185131259903e-13,2646.232222222222,Increasing,187126.0832258064,25236.085925700223
101_1100,0.9354838709677419,1.6253665080512292e-13,3998.625714285715,Increasing,195110.71032258065,47345.70790478618
101_1101,0.8881720430107527,2.5139890169612045e-12,2038.9509090909085,Increasing,175940.1251612903,19114.795509760002
101_1102,0.9698924731182795,2.042810365310288e-14,3454.1115000000004,Increasing,191036.86387096776,31056.357612416305
101_1103,0.9268817204301075,2.702282841937631e-13,3390.8788888888894,Increasing,197120.16709677418,31359.741557202655
101_1104,0.8795698924731182,4.075406678794025e-12,1830.9943750000002,Increasing,154945.62,17097.61063556467
101_1105,0.9182795698924732,4.4719783431901305e-13,2758.714347826087,Increasing,176646.00129032254,25689.38597710293
101_1106,0.8838709677419355,3.2027713814386516e-12,2972.0641176470585,Increasing,182520.25193548386,26557.70697197737
101_1107,0.9526881720430107,5.795364188543317e-14,2904.105000000001,Increasing,188877.26290322578,26265.83833459816
101_1108,0.875268817204301,5.1803006329009804e-12,3511.490999999999,Increasing,221806.37129032257,32015.79729638074
101_1109,0.9827956989247312,9.103828801926284e-15,3761.4816666666666,Increasing,191408.67612903222,33655.29428584594
101_111,0.896774193548387,1.5436540934388177e-12,3929.093333333333,Increasing,211274.40774193552,35511.60104512342
101_1110,0.9440860215053763,9.725553695716371e-14,5694.104000000001,Increasing,236267.2577419355,51896.06503319133
101_1111,0.5053763440860215,6.974277946447671e-05,2474.821071428571,Increasing,216619.95258064516,28470.167632278048
101_1112,0.8924731182795699,1.971089957919503e-12,3141.25294117647,Increasing,216287.36903225805,28556.806984552215
101_1113,0.8666666666666667,8.341327628613726e-12,1366.7227777777782,Increasing,165490.09064516128,12544.020241714954
101_1114,0.7419354838709677,5.012174675300685e-09,1500.6886666666678,Increasing,160504.88354838712,13849.418300512993
101_1115,0.8795698924731182,4.075406678794025e-12,1695.339230769231,Increasing,159419.9041935484,16446.279963139375
101_1116,0.9827956989247312,9.103828801926284e-15,3489.246000000002,Increasing,187747.51967741936,31308.7699541357
101_1117,0.8709677419354839,6.577183242484352e-12,1818.1010526315797,Increasing,163970.51161290324,16868.852577757145
101_1118,0.8666666666666667,8.341327628613726e-12,1948.375,Increasing,181401.80129032262,18242.687602693917
101_1119,0.8709677419354839,6.577183242484352e-12,1683.98894736842,Increasing,158009.43322580642,15451.250199011332
101_112,0.8924731182795699,1.971089957919503e-12,4293.847999999998,Increasing,191491.3993548387,39129.50555979308
101_1120,0.9612903225806452,3.441691376337985e-14,3580.1512500000026,Increasing,200630.27967741934,33004.98866382508
101_1121,0.41935483870967744,0.0009761747063838921,959.8944444444447,Increasing,149506.1677419355,14641.690826266797
101_1122,0.9526881720430107,5.795364188543317e-14,3617.6366666666645,Increasing,213734.1741935484,32804.561912729085
101_1123,0.9440860215053763,9.725553695716371e-14,3860.3899999999976,Increasing,198716.5593548387,35028.88467824784
101_1124,0.9010752688172043,1.2074785615823203e-12,3729.8000000000015,Increasing,209430.34806451606,33805.026174370956
101_1125,0.9870967741935484,7.105427357601002e-15,6488.494814814814,Increasing,212399.71645161288,58702.537161743145
101_1126,0.7978494623655914,3.2018854234650007e-10,1417.9834999999991,Increasing,163152.2822580645,13074.076443731203
101_1127,0.7806451612903226,7.617340092025415e-10,1363.05,Increasing,162918.48806451616,13270.40866237515
101_1128,0.8666666666666667,8.341327628613726e-12,1398.865714285714,Increasing,168425.23161290324,14581.382806024261
101_1129,0.9268817204301075,2.702282841937631e-13,3617.968333333333,Increasing,217109.135483871,32852.75037486107
101_113,0.8193548387096774,1.0564926711253975e-10,3231.9993749999994,Increasing,206760.33967741937,29765.989076268008
101_1130,0.8709677419354839,6.577183242484352e-12,1736.7005882352935,Increasing,143596.2129032258,15492.14166392322
101_1131,0.6344086021505376,5.824519233588177e-07,1508.2324999999983,Increasing,149054.83677419357,15809.446590465968
101_1132,0.8236559139784946,8.434986042971104e-11,1521.7100000000064,Increasing,162162.8483870968,14434.199691974187
101_1133,0.896774193548387,1.5436540934388177e-12,2540.690555555556,Increasing,160803.69806451612,24432.52795218325
101_1134,0.9053763440860215,9.43689570931383e-13,2270.641666666665,Increasing,176829.11903225805,20767.136935602994
101_1135,0.9268817204301075,2.702282841937631e-13,2634.902352941176,Increasing,187154.07322580644,23789.26980061991
101_1136,0.9655913978494624,2.6423307986078726e-14,2480.4949999999994,Increasing,168444.28677419355,22402.50403298737
101_1137,0.9096774193548387,7.365219545363288e-13,2430.596470588236,Increasing,176350.6312903226,23171.703891565507
101_1138,0.8064516129032258,2.0618773355352005e-10,1971.8511111111115,Increasing,180285.08548387102,17991.241069872223
101_1139,0.9612903225806452,3.441691376337985e-14,6130.135000000009,Increasing,211698.40096774194,56849.078657817015
101_114,0.8838709677419355,3.2027713814386516e-12,3117.3355555555545,Increasing,194746.10516129032,28838.277687370803
101_1140,0.8580645161290322,1.3370193840955835e-11,1746.6600000000035,Increasing,166703.70000000004,16733.96274114972
101_1141,0.9096774193548387,7.365219545363288e-13,3013.076923076923,Increasing,166364.01806451616,28694.742339777767
101_1142,0.9483870967741935,7.527312106958561e-14,2557.997727272728,Increasing,168561.6664516129,23788.263244481957
101_1143,0.9655913978494624,2.6423307986078726e-14,3748.7347058823525,Increasing,175041.36806451617,33992.983869716736
101_1144,0.9655913978494624,2.6423307986078726e-14,2777.493333333327,Increasing,198636.28451612906,25673.901473110636
101_1145,0.9612903225806452,3.441691376337985e-14,3660.697,Increasing,197559.76741935484,33135.56912830497
101_1146,0.8279569892473119,6.726863510664316e-11,1407.180000000001,Increasing,163318.44645161292,13278.328015509878
101_1147,0.8666666666666667,8.341327628613726e-12,3196.0063333333333,Increasing,197845.775483871,29715.236838452125
101_1148,0.9354838709677419,1.6253665080512292e-13,2199.5627272727274,Increasing,176965.0525806452,20509.021635662142
101_1149,0.8193548387096774,1.0564926711253975e-10,2322.2418181818184,Increasing,185391.274516129,22713.056699371475
101_115,0.9139784946236559,5.74207348336131e-13,3343.662500000002,Increasing,191060.96161290322,32449.29705896889
101_1150,0.6731182795698925,1.139885490442083e-07,1569.9579166666663,Increasing,165387.43000000002,15319.356373418354
101_1151,0.9311827956989247,2.0961010704922955e-13,3463.876000000001,Increasing,180094.0280645161,31736.232833011734
101_1152,0.9311827956989247,2.0961010704922955e-13,3312.980666666666,Increasing,201434.82677419359,30767.832341374302
101_1153,0.8451612903225807,2.6903368421926643e-11,2511.5131578947367,Increasing,182807.31935483866,23555.614329466087
101_1154,0.9612903225806452,3.441691376337985e-14,3803.2660000000005,Increasing,183039.11129032256,35918.54841826378
101_1155,0.6430107526881721,4.0854560912073623e-07,814.3675000000003,Increasing,151283.5629032258,9365.141780347703
101_1156,0.9397849462365592,1.2589929099249275e-13,2694.832500000004,Increasing,190041.0845161291,24137.66178624677
101_1158,0.8795698924731182,4.075406678794025e-12,3017.819615384615,Increasing,205854.96161290322,26901.384213002766
101_1159,0.8924731182795699,1.971089957919503e-12,1905.8318749999999,Increasing,169168.3038709677,17406.66057926449
101_116,0.8365591397849462,4.263767117151929e-11,3601.737368421053,Increasing,205297.23129032258,33122.18176413862
101_1160,0.8795698924731182,4.075406678794025e-12,2229.8460000000023,Increasing,170028.04870967745,21121.160929062582
101_1161,0.8451612903225807,2.6903368421926643e-11,1818.576666666666,Increasing,166898.6425806452,16539.24166567402
101_1162,0.7978494623655914,3.2018854234650007e-10,1668.8754545454549,Increasing,158310.55967741937,17499.501303427696
101_1163,0.9225806451612903,3.4772185131259903e-13,3735.0430769230766,Increasing,220633.57129032255,33487.90029761647
101_1164,0.9053763440860215,9.43689570931383e-13,4480.3020000000015,Increasing,246711.3664516129,40988.249619521965
101_1165,0.9526881720430107,5.795364188543317e-14,5316.8611111111095,Increasing,260130.24774193554,47738.59822093721
101_1166,0.8709677419354839,6.577183242484352e-12,3236.6849999999995,Increasing,242370.75387096772,29855.74815881456
101_1167,0.9612903225806452,3.441691376337985e-14,2993.347857142857,Increasing,196092.6116129032,28656.807686993274
101_1168,0.9311827956989247,2.0961010704922955e-13,2517.5495454545453,Increasing,175917.514516129,22917.326913314333
101_1169,0.8150537634408602,1.3217715810753816e-10,3265.7271428571426,Increasing,208668.8838709678,30061.22423291879
101_117,0.8365591397849462,4.263767117151929e-11,3337.4981818181814,Increasing,226014.70387096776,31193.699442904533
101_1170,0.9354838709677419,1.6253665080512292e-13,4714.624347826088,Increasing,240410.55903225808,42758.71726364212
101_1172,0.8580645161290322,1.3370193840955835e-11,1735.1590476190474,Increasing,160605.83290322582,17678.92575255346
101_1173,0.7849462365591398,6.143836550620563e-10,1689.5429999999992,Increasing,156976.44096774192,16508.619586973608
101_1174,0.853763440860215,1.6898704657819508e-11,3165.0533333333296,Increasing,208745.65000000002,29418.715354027012
101_1176,0.7978494623655914,3.2018854234650007e-10,2328.1224999999995,Increasing,172474.7819354839,22570.657503048344
101_1177,0.9182795698924732,4.4719783431901305e-13,2615.5500000000006,Increasing,189811.0922580645,24228.433722588346
101_1179,0.8150537634408602,1.3217715810753816e-10,2738.156666666667,Increasing,184760.25741935486,24282.297894218354
101_118,0.9311827956989247,2.0961010704922955e-13,3674.755000000002,Increasing,191117.03064516129,33069.305104301
101_1180,0.8881720430107527,2.5139890169612045e-12,3585.0738461538454,Increasing,194629.0180645161,32553.854533824946
101_1181,0.9655913978494624,2.6423307986078726e-14,6330.004,Increasing,250233.31129032257,56842.52005668427
101_1182,0.8924731182795699,1.971089957919503e-12,4364.223500000002,Increasing,223549.23354838707,41321.78358862805
101_1183,0.9397849462365592,1.2589929099249275e-13,5030.599285714285,Increasing,245381.99354838708,46626.150793706205
101_1184,0.9397849462365592,1.2589929099249275e-13,4196.961875000001,Increasing,199644.88000000003,38091.88347171774
101_1185,0.9741935483870968,1.554312234475219e-14,4572.072500000001,Increasing,234780.8464516129,42258.22009623587
101_1186,0.8451612903225807,2.6903368421926643e-11,2855.533636363636,Increasing,178082.41322580646,27816.825800816034
101_1187,0.9655913978494624,2.6423307986078726e-14,4133.5772,Increasing,209775.70225806447,37637.53564167222
101_1188,0.9612903225806452,3.441691376337985e-14,5027.310000000001,Increasing,238692.00258064514,45173.6689756676
101_1189,0.7935483870967742,3.983280372210629e-10,2328.056818181818,Increasing,178611.78032258063,22123.106332254854
101_119,0.9182795698924732,4.4719783431901305e-13,4382.78857142857,Increasing,194732.3464516129,40548.54539949667
101_1190,0.9741935483870968,1.554312234475219e-14,4237.5599999999995,Increasing,236816.41967741938,37753.78247108446
101_1191,0.9526881720430107,5.795364188543317e-14,3567.3833333333314,Increasing,168459.49677419354,33828.001418158
101_1192,0.8021505376344086,2.5708679629588005e-10,1176.156111111111,Increasing,177732.3119354839,11288.916853172756
101_1193,0.9225806451612903,3.4772185131259903e-13,2178.365714285714,Increasing,185184.71387096777,20368.660553760536
101_1194,0.832258064516129,5.3585580417347956e-11,1731.125,Increasing,161355.55548387094,15883.997753648639
101_1195,0.7763440860215054,9.433585024254398e-10,1761.3179999999993,Increasing,179060.12516129037,16991.401047046325
101_1196,0.8580645161290322,1.3370193840955835e-11,1978.7167999999992,Increasing,166634.90967741937,18336.728336814223
101_1197,0.9139784946236559,5.74207348336131e-13,2309.44,Increasing,178390.63193548386,21517.907485517415
101_1198,0.8064516129032258,2.0618773355352005e-10,2309.8133333333317,Increasing,204182.18258064514,22471.52541467663
101_1199,0.9268817204301075,2.702282841937631e-13,4061.516666666665,Increasing,184645.55193548388,37728.462106414714
101_12,0.9483870967741935,7.527312106958561e-14,2559.8600000000006,Increasing,186698.3958064516,24435.42479673745
101_120,0.8623655913978494,1.0566436614567465e-11,3651.670000000002,Increasing,190300.77193548385,33577.97300001138
101_1200,0.896774193548387,1.5436540934388177e-12,3903.0043478260886,Increasing,221774.595483871,35134.95304003526
101_1201,0.9698924731182795,2.042810365310288e-14,2667.657222222223,Increasing,185923.87129032257,23937.063169370304
101_1202,0.956989247311828,4.4853010194856324e-14,4910.094090909091,Increasing,238545.6590322581,44464.50135645356
101_1204,0.7333333333333333,7.524344702858343e-09,1977.1628571428564,Increasing,186385.16129032258,18579.482080569887
101_1206,0.8881720430107527,2.5139890169612045e-12,5509.18375,Increasing,239504.53064516129,50643.10523958005
101_1207,0.9698924731182795,2.042810365310288e-14,5049.324999999999,Increasing,197497.06709677415,50593.501527838605
101_121,0.44516129032258067,0.000463060547241545,2382.718148148149,Increasing,122895.15225806451,37255.524101360366
101_122,0.9096774193548387,7.365219545363288e-13,4886.464285714285,Increasing,194689.46516129028,44093.111841078426
101_123,0.9526881720430107,5.795364188543317e-14,3272.0833333333335,Increasing,164907.00419354838,29421.15086245101
101_124,0.9225806451612903,3.4772185131259903e-13,2604.0726086956515,Increasing,167549.33548387096,23676.173377484698
101_125,0.9053763440860215,9.43689570931383e-13,3522.805384615385,Increasing,189616.95483870967,32227.68771009446
101_126,0.9397849462365592,1.2589929099249275e-13,4142.525000000001,Increasing,190553.5535483871,37251.789104858166
101_127,0.9182795698924732,4.4719783431901305e-13,2329.9872727272714,Increasing,169634.3529032258,26688.66911883734
101_128,0.9010752688172043,1.2074785615823203e-12,2553.4149999999986,Increasing,176263.37870967746,24297.605336438817
101_129,0.8193548387096774,1.0564926711253975e-10,2652.320000000007,Increasing,179040.5251612903,24462.74990984876
101_13,0.6086021505376344,1.6431415847950603e-06,1492.8044444444433,Increasing,175709.125483871,15879.396804730019
101_130,0.9354838709677419,1.6253665080512292e-13,3794.222352941175,Increasing,215490.66354838706,34801.031383711066
101_131,0.8623655913978494,1.0566436614567465e-11,2878.55,Increasing,175370.87096774194,26187.880333192592
101_132,0.8408602150537634,3.388800351444843e-11,2161.2194999999992,Increasing,181725.4412903226,19609.9214955537
101_133,0.9612903225806452,3.441691376337985e-14,2613.2821428571415,Increasing,167732.85709677424,25147.341286516617
101_134,0.9526881720430107,5.795364188543317e-14,4090.654375,Increasing,230386.8935483871,37151.03702746907
101_135,0.9354838709677419,1.6253665080512292e-13,3463.0840000000026,Increasing,200914.2141935484,31778.29410223931
101_136,0.9139784946236559,5.74207348336131e-13,4219.80285714286,Increasing,230061.42483870967,39861.57407270654
101_137,0.8580645161290322,1.3370193840955835e-11,5805.960769230768,Increasing,245777.69161290323,53997.92574825117
101_138,0.9053763440860215,9.43689570931383e-13,3258.9371428571426,Increasing,210298.79387096775,29612.459429017556
101_139,0.8494623655913979,2.1334267685801933e-11,3010.332777777777,Increasing,191939.42387096776,27766.873677835058
101_14,0.9440860215053763,9.725553695716371e-14,2467.2757142857154,Increasing,188974.91838709675,22902.393017207458
101_140,0.7720430107526882,1.166970520216637e-09,1122.530869565217,Increasing,156844.07354838712,10919.226199198436
101_141,0.9139784946236559,5.74207348336131e-13,2562.118695652174,Increasing,189697.79999999996,23821.22947149129
101_142,0.9741935483870968,1.554312234475219e-14,4601.0071428571455,Increasing,234803.84612903226,41273.17546538348
101_143,0.9354838709677419,1.6253665080512292e-13,4142.155833333334,Increasing,204262.51870967742,37669.96401861583
101_144,0.7677419354838709,1.4419592186953878e-09,3424.7841176470597,Increasing,206416.1767741936,31797.787416172116
101_145,0.9182795698924732,4.4719783431901305e-13,3861.4392857142852,Increasing,178757.34903225806,35385.045967939746
101_146,0.9526881720430107,5.795364188543317e-14,4466.493599999999,Increasing,179288.70741935482,40499.45043494206
101_147,0.9741935483870968,1.554312234475219e-14,4136.083043478261,Increasing,196283.95645161287,37255.129934350334
101_148,0.9526881720430107,5.795364188543317e-14,3231.8072727272734,Increasing,167235.76290322578,29643.681610049523
101_149,0.9268817204301075,2.702282841937631e-13,3797.334,Increasing,172531.4464516129,33990.45290019694
101_15,0.9053763440860215,9.43689570931383e-13,2254.9739999999993,Increasing,198616.18806451614,20263.856477604273
101_150,0.956989247311828,4.4853010194856324e-14,3732.8623076923095,Increasing,176726.18193548382,33533.03211927052
101_151,0.8838709677419355,3.2027713814386516e-12,2264.0822222222214,Increasing,178750.66419354838,21486.025300322126
101_152,0.8881720430107527,2.5139890169612045e-12,5245.610000000001,Increasing,259727.8235483871,47514.502928714675
101_153,0.9311827956989247,2.0961010704922955e-13,4351.831249999999,Increasing,176016.54258064518,39651.95481181704
101_154,0.956989247311828,4.4853010194856324e-14,3300.275714285713,Increasing,161045.26354838713,29962.003421500434
101_155,0.8924731182795699,1.971089957919503e-12,2766.488461538462,Increasing,172993.86322580645,25644.53343849811
101_156,0.9483870967741935,7.527312106958561e-14,4364.461428571429,Increasing,178455.07129032258,39359.61508620863
101_157,0.9139784946236559,5.74207348336131e-13,3851.830370370371,Increasing,191153.0796774193,34768.009899235694
101_158,0.9182795698924732,4.4719783431901305e-13,3004.3288235294117,Increasing,182847.4280645161,31296.047293322215
101_159,0.875268817204301,5.1803006329009804e-12,3533.876999999999,Increasing,181915.57806451613,32221.60437777138
101_16,0.9397849462365592,1.2589929099249275e-13,2758.9323076923097,Increasing,186392.23032258064,25139.290009801003
101_160,0.9311827956989247,2.0961010704922955e-13,3446.529090909091,Increasing,172550.7629032258,33066.158763133586
101_161,0.956989247311828,4.4853010194856324e-14,3104.5389999999998,Increasing,180685.11258064516,28195.846262312374
101_162,0.9311827956989247,2.0961010704922955e-13,2405.0463636363643,Increasing,169594.40322580645,22117.37186155575
101_163,0.9483870967741935,7.527312106958561e-14,3775.7957142857153,Increasing,182597.40999999997,33905.83359251401
101_164,0.9311827956989247,2.0961010704922955e-13,3013.2683333333343,Increasing,182310.3367741935,27095.402474449475
101_165,0.7978494623655914,3.2018854234650007e-10,1701.9943999999994,Increasing,165459.80258064513,16540.079585661584
101_166,0.7849462365591398,6.143836550620563e-10,1672.4607692307686,Increasing,166588.06032258063,17278.03395847558
101_167,0.8838709677419355,3.2027713814386516e-12,2028.041250000002,Increasing,162054.58387096773,19526.653357239305
101_168,0.896774193548387,1.5436540934388177e-12,2910.5250000000015,Increasing,182944.89322580647,26132.990848253958
101_169,0.9483870967741935,7.527312106958561e-14,3235.3842105263166,Increasing,165184.79806451613,30903.733401029596
101_17,0.9483870967741935,7.527312106958561e-14,4586.051428571431,Increasing,231855.61322580645,41464.871964544094
101_170,0.9397849462365592,1.2589929099249275e-13,3093.9891304347825,Increasing,168399.04838709676,28213.702424639752
101_171,0.8881720430107527,2.5139890169612045e-12,2730.6174999999994,Increasing,156976.59290322583,28055.24607909213
101_172,0.9655913978494624,2.6423307986078726e-14,3801.4029166666674,Increasing,169234.83483870968,33917.331791594625
101_173,0.896774193548387,1.5436540934388177e-12,2697.186315789474,Increasing,167129.43064516128,24945.341757111484
101_174,0.9698924731182795,2.042810365310288e-14,3525.4300000000007,Increasing,169461.65193548388,31235.55700682223
101_175,0.896774193548387,1.5436540934388177e-12,1776.3516666666644,Increasing,168273.53193548386,17782.84118966269
101_176,0.9311827956989247,2.0961010704922955e-13,2279.3908333333334,Increasing,171371.73612903224,21367.49594346466
101_177,0.9483870967741935,7.527312106958561e-14,2889.1283333333317,Increasing,162161.4241935484,26599.69007703901
101_178,0.8838709677419355,3.2027713814386516e-12,2493.3822222222225,Increasing,165646.2183870968,24370.08256366957
101_179,0.9397849462365592,1.2589929099249275e-13,3288.8940000000002,Increasing,174615.51258064518,29991.356863069836
101_18,0.7591397849462366,2.1941650718559913e-09,1809.587272727272,Increasing,171211.13677419355,17929.029729171765
101_180,0.8666666666666667,8.341327628613726e-12,1917.2635714285716,Increasing,158822.74903225809,17418.097844732638
101_181,0.9311827956989247,2.0961010704922955e-13,2167.661250000001,Increasing,161079.0758064516,22285.4518447022
101_182,0.8924731182795699,1.971089957919503e-12,2464.917499999996,Increasing,163583.29387096775,22220.516069236797
101_183,0.8623655913978494,1.0566436614567465e-11,2426.7233333333375,Increasing,175363.6970967742,22728.843891375076
101_184,0.9354838709677419,1.6253665080512292e-13,3077.722631578948,Increasing,188030.11225806444,27677.27020025087
101_185,0.8709677419354839,6.577183242484352e-12,2480.405000000001,Increasing,157096.0364516129,22523.8382184743
101_186,0.7247311827956989,1.1244890574246824e-08,2740.8286666666663,Increasing,183611.24774193545,24037.264612558414
101_187,0.8666666666666667,8.341327628613726e-12,3193.8057142857133,Increasing,229765.07419354838,29548.68751145131
101_188,0.9010752688172043,1.2074785615823203e-12,4676.2936363636345,Increasing,249716.70741935485,39944.62389291164
101_189,0.9440860215053763,9.725553695716371e-14,4963.457142857144,Increasing,255604.8819354839,46617.24388798796
101_19,0.9397849462365592,1.2589929099249275e-13,3229.9580000000014,Increasing,189391.19806451612,29703.129297357948
101_191,0.9397849462365592,1.2589929099249275e-13,6949.41043478261,Increasing,291330.92935483874,62307.23723819264
101_192,0.9612903225806452,3.441691376337985e-14,5830.9800000000005,Increasing,269391.7322580645,52283.49819097928
101_193,0.7161290322580646,1.672965166399365e-08,1787.4166666666667,Increasing,171216.64612903225,18791.350874682827
101_194,0.6989247311827957,3.653338875864165e-08,1042.6354166666667,Increasing,162481.34838709678,10176.37275169653
101_195,0.8021505376344086,2.5708679629588005e-10,2031.536470588235,Increasing,151105.0419354839,19984.419480642093
101_196,0.875268817204301,5.1803006329009804e-12,2899.2155,Increasing,185290.86096774193,26831.14397860698
101_197,0.8193548387096774,1.0564926711253975e-10,3486.2119999999995,Increasing,212024.76709677422,32571.251597007584
101_198,0.8709677419354839,6.577183242484352e-12,1796.2666666666653,Increasing,155136.6887096774,17680.666730230572
101_199,0.9397849462365592,1.2589929099249275e-13,2809.24625,Increasing,204255.5835483871,25753.626526667802
101_2,0.9354838709677419,1.6253665080512292e-13,5573.433333333333,Increasing,258234.22548387098,50459.67479016588
101_20,0.3634408602150538,0.004298292024715877,1427.2559999999999,Increasing,186916.9774193548,26117.129235591845
101_200,0.9354838709677419,1.6253665080512292e-13,3928.617333333334,Increasing,200692.36,35153.16651504449
101_201,0.9139784946236559,5.74207348336131e-13,2571.9395000000004,Increasing,185581.78516129035,23549.680811151597
101_202,0.8021505376344086,2.5708679629588005e-10,1922.314999999995,Increasing,167015.52322580648,16764.066769406672
101_203,0.9483870967741935,7.527312106958561e-14,2382.2250000000004,Increasing,178214.30032258065,21637.236319589683
101_204,0.9440860215053763,9.725553695716371e-14,5814.169999999999,Increasing,260670.15580645166,52587.99942214412
101_205,0.9182795698924732,4.4719783431901305e-13,3285.5615789473677,Increasing,199146.1122580645,29505.18035907568
101_206,0.978494623655914,1.199040866595169e-14,5665.4292857142855,Increasing,242380.92387096776,51047.76368201348
101_207,0.9182795698924732,4.4719783431901305e-13,2256.6363157894734,Increasing,167086.36096774193,21281.114046017625
101_208,0.9354838709677419,1.6253665080512292e-13,2255.2877777777776,Increasing,173046.1251612903,19967.851196842174
101_209,0.9741935483870968,1.554312234475219e-14,5779.7023529411745,Increasing,252434.14548387093,52826.83128952197
101_21,0.8236559139784946,8.434986042971104e-11,1995.6131818181814,Increasing,172506.27516129037,18500.818580896652
101_210,0.8795698924731182,4.075406678794025e-12,2148.800000000003,Increasing,175647.99967741937,19690.999082810118
101_211,0.8881720430107527,2.5139890169612045e-12,2167.5242857142835,Increasing,177450.5370967742,19683.29248913701
101_212,0.8709677419354839,6.577183242484352e-12,3163.253043478261,Increasing,197765.63903225807,28701.92105728615
101_213,0.8795698924731182,4.075406678794025e-12,3188.365714285714,Increasing,211786.93096774194,28918.020575986688
101_214,0.8881720430107527,2.5139890169612045e-12,1948.0359999999987,Increasing,171909.25967741938,17953.524370719955
101_215,0.8838709677419355,3.2027713814386516e-12,2068.0943749999988,Increasing,171600.66096774192,19252.578815019504
101_216,0.7806451612903226,7.617340092025415e-10,1667.5552631578958,Increasing,165994.89838709676,16655.971117729696
101_217,0.9225806451612903,3.4772185131259903e-13,1987.3955555555553,Increasing,171497.45225806453,18405.77378002291
101_218,0.9010752688172043,1.2074785615823203e-12,3263.8350000000064,Increasing,188742.23999999993,30764.593471207838
101_219,0.6387096774193548,4.880823591957295e-07,1611.6669230769241,Increasing,165264.80322580648,22163.9433781384
101_22,0.9483870967741935,7.527312106958561e-14,4134.69625,Increasing,219001.80483870968,37123.188483526545
101_220,0.8408602150537634,3.388800351444843e-11,2127.4564285714287,Increasing,168062.37419354837,19451.134169386194
101_221,0.5483870967741935,1.5809977126357566e-05,645.0847368421046,Increasing,159188.17677419356,7481.11213548489
101_222,0.7634408602150538,1.779737912599444e-09,1999.4131578947372,Increasing,176400.8512903226,18629.654276508303
101_223,0.8580645161290322,1.3370193840955835e-11,1626.2371428571435,Increasing,169963.07032258064,15381.85152547187
101_224,0.7075268817204301,2.4777915275109308e-08,1096.6703846153855,Increasing,178686.6070967742,10878.995324924554
101_225,0.8709677419354839,6.577183242484352e-12,2313.4168421052636,Increasing,184552.87903225803,20982.34334218506
101_226,0.6989247311827957,3.653338875864165e-08,1338.094761904763,Increasing,163230.00548387098,15451.917305573952
101_227,0.832258064516129,5.3585580417347956e-11,2144.625454545452,Increasing,174906.67935483874,20858.97631918287
101_228,0.9655913978494624,2.6423307986078726e-14,2616.9857142857136,Increasing,179383.61322580642,23723.854625195207
101_229,0.4967741935483871,9.261151253348032e-05,681.8857894736851,Increasing,150931.03387096772,8700.739774421734
101_23,0.9311827956989247,2.0961010704922955e-13,4863.9760869565225,Increasing,243450.1258064516,43485.84619276237
101_230,0.9182795698924732,4.4719783431901305e-13,2605.3449999999984,Increasing,162810.3619354839,23916.046842087402
101_231,0.875268817204301,5.1803006329009804e-12,1715.2300000000007,Increasing,165607.8232258065,16011.782445470582
101_232,0.7419354838709677,5.012174675300685e-09,587.9273333333335,Increasing,114222.13387096775,5813.80287136191
101_233,0.7505376344086021,3.32373772948813e-09,1379.6531578947354,Increasing,161688.16838709678,13739.94452598608
101_234,0.5698924731182796,7.221474918273074e-06,1170.9200000000012,Increasing,163167.52258064513,12482.09156674214
101_235,0.7935483870967742,3.983280372210629e-10,1855.2610000000016,Increasing,158332.2980645161,17157.05099066936
101_236,0.3720430107526882,0.0034624952577932966,293.2900000000002,Increasing,87116.6922580645,5448.512848436605
101_237,0.9483870967741935,7.527312106958561e-14,4162.638750000002,Increasing,213778.52354838708,40376.56560254767
101_238,0.7376344086021506,6.144577069377988e-09,2737.78304347826,Increasing,202603.8206451613,25768.461722887954
101_239,0.853763440860215,1.6898704657819508e-11,2797.6099999999997,Increasing,202029.60967741936,25338.62357040977
101_24,0.9612903225806452,3.441691376337985e-14,5931.653333333333,Increasing,261806.17354838707,53843.52420661474
101_240,0.9225806451612903,3.4772185131259903e-13,3565.263333333331,Increasing,222961.27096774188,33325.27940814759
101_241,0.9225806451612903,3.4772185131259903e-13,4344.096666666667,Increasing,226250.51935483867,39464.17251050342
101_242,0.9483870967741935,7.527312106958561e-14,4322.0561538461525,Increasing,247727.08419354836,39152.15354260801
101_243,0.9397849462365592,1.2589929099249275e-13,4058.669130434782,Increasing,220471.59548387103,36974.900739160345
101_244,0.9741935483870968,1.554312234475219e-14,2740.694615384615,Increasing,195327.11258064513,25595.238715375646
101_245,0.9612903225806452,3.441691376337985e-14,5702.1994736842125,Increasing,246715.87290322583,53155.29322349248
101_246,0.9655913978494624,2.6423307986078726e-14,3138.4007692307687,Increasing,180013.89064516127,29468.555266347776
101_247,0.9311827956989247,2.0961010704922955e-13,3526.7600000000093,Increasing,186633.06161290326,32541.732197148667
101_248,0.8924731182795699,1.971089957919503e-12,2909.999285714285,Increasing,177260.6738709678,27152.411914684384
101_249,0.8709677419354839,6.577183242484352e-12,3668.019999999999,Increasing,196602.03225806452,33403.2752303474
101_25,0.8580645161290322,1.3370193840955835e-11,2325.823636363636,Increasing,180580.0416129032,21784.483092490704
101_250,0.9268817204301075,2.702282841937631e-13,3725.6266666666684,Increasing,170010.13032258066,34254.67258874191
101_251,0.9440860215053763,9.725553695716371e-14,3164.330000000001,Increasing,180830.98903225805,28753.995141453048
101_252,0.9397849462365592,1.2589929099249275e-13,2977.7625,Increasing,175132.34838709678,27232.463921335497
101_253,0.9225806451612903,3.4772185131259903e-13,2734.828518518518,Increasing,187408.74354838708,24935.14414298002
101_254,0.832258064516129,5.3585580417347956e-11,3279.0399999999986,Increasing,196735.49516129034,29697.56225214256
101_255,0.8580645161290322,1.3370193840955835e-11,3039.1718181818183,Increasing,208835.26580645159,28250.848109663464
101_256,0.8924731182795699,1.971089957919503e-12,2768.469285714285,Increasing,190966.88419354838,25770.615700324746
101_257,0.9225806451612903,3.4772185131259903e-13,6546.907619047619,Increasing,275387.6093548388,59946.14763540177
101_258,0.9268817204301075,2.702282841937631e-13,5686.540000000037,Increasing,264678.3429032258,51527.101113526856
101_259,0.7763440860215054,9.433585024254398e-10,1826.9846428571425,Increasing,144368.5490322581,17948.067714270914
101_26,0.9440860215053763,9.725553695716371e-14,5164.636956521737,Increasing,262604.9635483871,46552.00459306605
101_260,0.6774193548387096,9.456222072046216e-08,952.3670833333332,Increasing,152261.0241935484,9819.342250696893
101_261,0.8924731182795699,1.971089957919503e-12,1603.490869565217,Increasing,151359.17258064516,15465.466913688491
101_262,0.9397849462365592,1.2589929099249275e-13,6103.397272727275,Increasing,261125.77677419354,55271.03730390333
101_263,0.9268817204301075,2.702282841937631e-13,6429.138333333336,Increasing,275487.195483871,58216.66300463938
101_264,0.853763440860215,1.6898704657819508e-11,1447.2549999999974,Increasing,163344.09838709675,14367.892996451428
101_265,0.7677419354838709,1.4419592186953878e-09,2316.7053333333324,Increasing,199668.72741935484,21726.13412498398
101_266,0.8795698924731182,4.075406678794025e-12,3332.0242857142835,Increasing,211894.0983870968,32459.604544176495
101_267,0.9225806451612903,3.4772185131259903e-13,2837.0124999999994,Increasing,198582.82193548387,26183.671486521274
101_268,0.8021505376344086,2.5708679629588005e-10,2255.3466666666695,Increasing,171571.43322580645,20750.29938161536
101_269,0.8365591397849462,4.263767117151929e-11,2866.6899999999987,Increasing,198271.96709677423,27725.022256642882
101_27,0.9182795698924732,4.4719783431901305e-13,5170.008888888888,Increasing,252243.67967741936,48008.90021347013
101_270,0.8494623655913979,2.1334267685801933e-11,1483.0268749999996,Increasing,117029.61645161288,14402.413925727318
101_271,0.9225806451612903,3.4772185131259903e-13,4253.726153846154,Increasing,190854.16838709672,50152.336634071464
101_272,0.9311827956989247,2.0961010704922955e-13,2762.1357142857146,Increasing,182491.2722580645,25211.224076874416
101_273,0.8838709677419355,3.2027713814386516e-12,3011.554137931034,Increasing,202085.92870967745,27860.00593018784
101_274,0.8795698924731182,4.075406678794025e-12,2702.39611111111,Increasing,198180.64129032262,24681.352766266846
101_275,0.9354838709677419,1.6253665080512292e-13,2409.213749999999,Increasing,177682.67677419356,22754.26913045456
101_276,0.6344086021505376,5.824519233588177e-07,1226.5636,Increasing,174248.73903225808,13072.669488252439
101_277,0.7763440860215054,9.433585024254398e-10,2502.548571428571,Increasing,171397.86870967742,23853.40272840236
101_278,0.789247311827957,4.949776144513862e-10,1834.7615384615403,Increasing,180294.50548387098,17330.4811442999
101_279,0.8838709677419355,3.2027713814386516e-12,1670.3099999999993,Increasing,128523.6864516129,15183.158155216579
101_28,0.9311827956989247,2.0961010704922955e-13,3192.392105263157,Increasing,195807.0161290323,29450.02258293528
101_280,0.7204301075268817,1.3723514991070829e-08,1891.9054999999994,Increasing,166392.2635483871,18787.616253990727
101_281,0.9311827956989247,2.0961010704922955e-13,2656.1375000000007,Increasing,169718.35935483873,23913.529005931938
101_282,0.8666666666666667,8.341327628613726e-12,2816.271428571429,Increasing,172239.2338709677,25735.5664015345
101_283,0.8623655913978494,1.0566436614567465e-11,1157.509999999999,Increasing,150351.80064516127,10763.108578192492
101_284,0.9526881720430107,5.795364188543317e-14,2359.9410000000003,Increasing,185032.1506451613,21941.10554788269
101_285,0.956989247311828,4.4853010194856324e-14,2903.847727272727,Increasing,197013.7835483871,26023.4731588657
101_286,0.5268817204301075,3.3667518407387576e-05,1794.6233333333319,Increasing,188539.68677419357,18192.552882841635
101_287,0.8881720430107527,2.5139890169612045e-12,2780.0985,Increasing,185685.0758064516,26393.546449746405
101_288,0.875268817204301,5.1803006329009804e-12,2155.7179999999994,Increasing,181946.5848387097,19736.773715634652
101_289,0.9526881720430107,5.795364188543317e-14,4475.6030434782615,Increasing,244855.86612903225,40903.79230920059
101_29,0.9397849462365592,1.2589929099249275e-13,3937.9759999999997,Increasing,210941.65967741932,35637.829316193194
101_290,0.9655913978494624,2.6423307986078726e-14,6371.896818181817,Increasing,263576.6864516129,58141.91778880127
101_291,0.956989247311828,4.4853010194856324e-14,2573.0399999999986,Increasing,181296.54870967747,23143.0339930209
101_292,0.8279569892473119,6.726863510664316e-11,2035.4925000000003,Increasing,190696.06419354837,18782.36723578223
101_293,0.9526881720430107,5.795364188543317e-14,6374.361538461539,Increasing,261584.0264516129,59329.59875401688
101_294,0.9440860215053763,9.725553695716371e-14,5003.486315789473,Increasing,223568.13645161293,46725.94585189616
101_295,0.9655913978494624,2.6423307986078726e-14,6486.280000000001,Increasing,256441.11677419356,60580.19736394317
101_296,0.9354838709677419,1.6253665080512292e-13,6660.018,Increasing,266330.6464516129,62607.3548298475
101_297,0.875268817204301,5.1803006329009804e-12,2408.6533333333305,Increasing,174815.1616129032,22568.979947907388
101_298,0.8795698924731182,4.075406678794025e-12,4964.4745454545455,Increasing,199298.37516129034,47336.264587370104
101_299,0.7806451612903226,7.617340092025415e-10,2195.035000000001,Increasing,176266.8070967742,19883.701958459995
101_3,0.875268817204301,5.1803006329009804e-12,4556.843333333333,Increasing,226496.73774193545,39986.77976332836
101_30,0.9612903225806452,3.441691376337985e-14,3830.314,Increasing,191398.48774193547,34774.22194000717
101_300,0.9096774193548387,7.365219545363288e-13,4449.614000000001,Increasing,251197.7629032258,41064.39769318117
101_301,0.9526881720430107,5.795364188543317e-14,6107.336363636365,Increasing,267535.3896774193,56070.624533147275
101_302,0.8365591397849462,4.263767117151929e-11,2529.3393749999996,Increasing,184540.98645161287,24754.18980355806
101_303,0.956989247311828,4.4853010194856324e-14,5264.959999999997,Increasing,240578.22129032263,50182.47983023845
101_304,0.9096774193548387,7.365219545363288e-13,2837.7305555555554,Increasing,188069.32483870964,25881.813242871587
101_305,0.8408602150537634,3.388800351444843e-11,2114.403,Increasing,175234.08806451614,19315.687047424137
101_306,0.8838709677419355,3.2027713814386516e-12,1639.1944444444443,Increasing,174889.94096774195,15778.824823360346
101_307,0.8064516129032258,2.0618773355352005e-10,1697.7491666666658,Increasing,165929.49161290325,15754.89078387347
101_308,0.8150537634408602,1.3217715810753816e-10,1717.748888888891,Increasing,166295.87999999998,15415.199979881609
101_309,0.8494623655913979,2.1334267685801933e-11,2398.0244444444447,Increasing,176602.97741935484,22446.72893916703
101_31,0.9354838709677419,1.6253665080512292e-13,3488.623529411765,Increasing,177559.414516129,30823.733990072655
101_310,0.896774193548387,1.5436540934388177e-12,2420.0438095238087,Increasing,175915.6038709677,23743.48673767006
101_311,0.9096774193548387,7.365219545363288e-13,2818.0260000000007,Increasing,192926.47709677424,26347.11111069787
101_312,0.9354838709677419,1.6253665080512292e-13,3654.529000000001,Increasing,206051.62870967746,32902.58807522366
101_313,0.8580645161290322,1.3370193840955835e-11,1679.5016666666659,Increasing,157482.6941935484,15708.099186367717
101_314,0.9311827956989247,2.0961010704922955e-13,2361.52947368421,Increasing,177295.2051612903,22177.18180893536
101_315,0.8709677419354839,6.577183242484352e-12,2556.0109090909086,Increasing,178284.3606451613,23509.650415918626
101_316,0.956989247311828,4.4853010194856324e-14,2674.5799999999995,Increasing,175601.75741935484,24005.027486375806
101_317,0.8838709677419355,3.2027713814386516e-12,1990.6239999999991,Increasing,178632.66096774195,18251.723645194288
101_318,0.9354838709677419,1.6253665080512292e-13,2827.6659999999974,Increasing,167790.27129032262,26191.905140773346
101_319,0.875268817204301,5.1803006329009804e-12,2739.3343750000004,Increasing,106438.98612903229,28471.95307782059
101_32,0.9096774193548387,7.365219545363288e-13,3267.75,Increasing,177243.55032258068,30054.783001466752
101_320,0.8236559139784946,8.434986042971104e-11,2607.4200000000033,Increasing,189046.61612903225,24780.705143221316
101_321,0.9139784946236559,5.74207348336131e-13,2255.063636363635,Increasing,198374.67870967745,20249.178134041398
101_322,0.8193548387096774,1.0564926711253975e-10,1522.4783333333326,Increasing,159615.09677419352,15581.751593655
101_323,0.956989247311828,4.4853010194856324e-14,3623.567586206896,Increasing,190323.2964516129,33544.53954890707
101_324,0.8580645161290322,1.3370193840955835e-11,2122.094,Increasing,166153.8112903226,21563.709629313926
101_325,0.7419354838709677,5.012174675300685e-09,2026.916956521739,Increasing,177388.21,19586.980271212087
101_326,0.8924731182795699,1.971089957919503e-12,2258.7112500000003,Increasing,183066.12709677411,20387.606161200027
101_327,0.9397849462365592,1.2589929099249275e-13,2527.122105263158,Increasing,176683.95709677422,28756.075109977355
101_328,0.8881720430107527,2.5139890169612045e-12,2458.946000000002,Increasing,178166.6225806452,22083.258798773768
101_329,0.9268817204301075,2.702282841937631e-13,1895.685789473684,Increasing,168148.58580645162,17878.40156588278
101_33,0.9483870967741935,7.527312106958561e-14,3327.710555555556,Increasing,185320.94677419352,30615.451897686842
101_330,0.9311827956989247,2.0961010704922955e-13,2600.6007999999997,Increasing,171964.8751612903,23746.132632678535
101_331,0.8709677419354839,6.577183242484352e-12,2034.655,Increasing,172487.4912903226,19512.392185052922
101_332,0.9139784946236559,5.74207348336131e-13,2580.121666666666,Increasing,170662.4719354839,27021.952975445056
101_333,0.875268817204301,5.1803006329009804e-12,3179.8899999999994,Increasing,188186.6893548387,28674.534013170025
101_334,0.6172043010752688,1.1680885727560764e-06,1190.174545454546,Increasing,150449.164516129,12758.53479450061
101_335,0.9053763440860215,9.43689570931383e-13,2911.3161111111112,Increasing,193596.5612903226,26548.603608100315
101_336,0.810752688172043,1.651789816037308e-10,2270.0476,Increasing,199521.6796774194,21715.71738907017
101_337,0.9010752688172043,1.2074785615823203e-12,2792.6850000000027,Increasing,174619.38999999996,26867.396672422925
101_338,0.9225806451612903,3.4772185131259903e-13,2832.1299999999997,Increasing,193189.1948387097,26047.75019908244
101_339,0.9053763440860215,9.43689570931383e-13,2431.626153846154,Increasing,174067.44258064515,21478.796143231353
101_34,0.9311827956989247,2.0961010704922955e-13,3386.2442105263167,Increasing,186671.79548387098,30779.941571194395
101_340,0.8365591397849462,4.263767117151929e-11,1778.8350000000003,Increasing,161880.474516129,18390.652881089918
101_341,0.7462365591397849,4.083862803483385e-09,2739.76,Increasing,203895.13483870964,26137.979041523246
101_342,0.7978494623655914,3.2018854234650007e-10,2927.9813793103444,Increasing,209769.63548387104,30414.121508227785
101_343,0.8623655913978494,1.0566436614567465e-11,2515.4837499999994,Increasing,171868.78000000006,26146.925622909006
101_344,0.896774193548387,1.5436540934388177e-12,3029.341666666665,Increasing,176578.1,27417.559041687957
101_345,0.9397849462365592,1.2589929099249275e-13,3990.25,Increasing,193623.46419354837,36931.69465312074
101_346,0.8193548387096774,1.0564926711253975e-10,1534.0981250000004,Increasing,187988.44935483873,14262.87609104612
101_347,0.8838709677419355,3.2027713814386516e-12,2406.2008333333324,Increasing,164881.43677419354,22116.48819672158
101_348,0.9010752688172043,1.2074785615823203e-12,2793.924999999998,Increasing,200920.46548387097,25852.879656337136
101_349,0.8021505376344086,2.5708679629588005e-10,3632.568181818182,Increasing,226975.70741935482,34067.13440567988
101_35,0.9225806451612903,3.4772185131259903e-13,3603.902000000002,Increasing,182642.77935483868,33537.98870288081
101_350,0.9268817204301075,2.702282841937631e-13,2908.7093333333323,Increasing,201372.75806451615,27919.670957185703
101_351,0.7935483870967742,3.983280372210629e-10,1154.6388888888873,Increasing,122971.71161290324,14966.038900523023
101_352,0.9268817204301075,2.702282841937631e-13,2001.3760000000009,Increasing,196418.91322580646,18609.450773158485
101_353,0.853763440860215,1.6898704657819508e-11,4197.170000000001,Increasing,229197.50096774194,37357.57023646473
101_354,0.8279569892473119,6.726863510664316e-11,1984.8861111111119,Increasing,186071.5829032258,18688.091221860224
101_355,0.9655913978494624,2.6423307986078726e-14,4369.2689999999975,Increasing,213246.4596774193,42764.78548770596
101_356,0.8838709677419355,3.2027713814386516e-12,3574.3656666666666,Increasing,204170.85903225807,32314.42179890396
101_357,0.9225806451612903,3.4772185131259903e-13,4218.169999999998,Increasing,228341.71967741934,42787.869757302484
101_358,0.9010752688172043,1.2074785615823203e-12,3298.75,Increasing,214891.42677419353,29624.67742183755
101_359,0.8838709677419355,3.2027713814386516e-12,2572.032916666667,Increasing,192283.42645161288,23614.830185117826
101_36,0.9225806451612903,3.4772185131259903e-13,3985.351818181819,Increasing,205475.5977419355,36181.68675462944
101_360,0.9139784946236559,5.74207348336131e-13,3312.9916666666686,Increasing,198000.82612903227,30128.288500008108
101_361,0.9268817204301075,2.702282841937631e-13,2933.9509090909096,Increasing,181568.98129032258,26723.081206414266
101_362,0.9268817204301075,2.702282841937631e-13,5119.95666666667,Increasing,239624.91290322584,46359.83075077599
101_363,0.853763440860215,1.6898704657819508e-11,2742.0828571428597,Increasing,181930.18612903228,27123.201285733176
101_364,0.8150537634408602,1.3217715810753816e-10,2188.0380000000005,Increasing,169736.47096774192,20156.69426670157
101_365,0.9139784946236559,5.74207348336131e-13,2220.5425,Increasing,173264.94645161286,20497.810179118118
101_366,0.8494623655913979,2.1334267685801933e-11,1690.621428571428,Increasing,156783.67967741934,15356.38874538195
101_367,0.8666666666666667,8.341327628613726e-12,1718.6,Increasing,169308.20774193548,15808.657652703636
101_368,0.8064516129032258,2.0618773355352005e-10,2461.0099999999975,Increasing,200113.4467741936,23376.822571917928
101_369,0.7849462365591398,6.143836550620563e-10,1970.2927272727275,Increasing,180432.0461290322,18929.792144015137
101_37,0.896774193548387,1.5436540934388177e-12,2768.097999999998,Increasing,189492.94548387092,25085.75516330923
101_370,0.9440860215053763,9.725553695716371e-14,1494.589,Increasing,150958.92903225805,13757.270541346808
101_371,0.8623655913978494,1.0566436614567465e-11,2474.7619999999997,Increasing,181230.0422580645,22755.196753674605
101_372,0.9182795698924732,4.4719783431901305e-13,2593.5457142857153,Increasing,178333.0903225806,24578.982929432717
101_373,0.875268817204301,5.1803006329009804e-12,2765.219,Increasing,170743.54612903224,25592.205443400606
101_374,0.8193548387096774,1.0564926711253975e-10,1895.1283333333329,Increasing,169703.23225806453,18233.316250564196
101_375,0.6430107526881721,4.0854560912073623e-07,1591.2587499999997,Increasing,173111.50580645163,16731.182572174737
101_376,0.8279569892473119,6.726863510664316e-11,2439.133499999999,Increasing,161336.71,22837.173799223816
101_377,0.9182795698924732,4.4719783431901305e-13,2881.1403846153853,Increasing,180270.78677419355,26311.46678193116
101_378,0.896774193548387,1.5436540934388177e-12,4048.654761904762,Increasing,182740.7122580645,37612.17996116561
101_379,0.8623655913978494,1.0566436614567465e-11,2358.41333333334,Increasing,170086.8970967742,21154.332683619825
101_38,0.8408602150537634,3.388800351444843e-11,2215.6366666666677,Increasing,162129.74129032256,21185.006323291822
101_380,0.9268817204301075,2.702282841937631e-13,2368.514545454543,Increasing,174826.01612903227,22157.59154110678
101_381,0.8795698924731182,4.075406678794025e-12,2008.0981818181806,Increasing,167189.45096774193,18456.07747855368
101_382,0.9010752688172043,1.2074785615823203e-12,1929.2313636363635,Increasing,173416.79354838707,17900.04594966233
101_383,0.9698924731182795,2.042810365310288e-14,6372.853636363638,Increasing,268415.29290322575,61463.6575917548
101_384,0.9526881720430107,5.795364188543317e-14,7191.83142857143,Increasing,268629.34774193546,65026.04518860735
101_385,0.7806451612903226,7.617340092025415e-10,1631.6433333333334,Increasing,149816.63096774195,15603.841586714874
101_386,0.956989247311828,4.4853010194856324e-14,2719.2574999999997,Increasing,177586.76580645159,24677.03514032989
101_387,0.8666666666666667,8.341327628613726e-12,2981.290000000001,Increasing,194694.61580645165,27887.902705343786
101_388,0.9096774193548387,7.365219545363288e-13,2869.6262499999975,Increasing,184115.63322580644,28149.0997328403
101_389,0.8881720430107527,2.5139890169612045e-12,3019.566315789474,Increasing,176375.97548387095,28315.333428617658
101_39,0.7763440860215054,9.433585024254398e-10,1890.6493750000009,Increasing,165667.16096774192,19365.54786824028
101_390,0.9397849462365592,1.2589929099249275e-13,2941.504761904761,Increasing,181728.63,27060.49733362196
101_391,0.9311827956989247,2.0961010704922955e-13,4244.9465,Increasing,215314.35870967738,38685.70871525571
101_392,0.9311827956989247,2.0961010704922955e-13,3718.4619999999995,Increasing,208556.82709677416,33782.84507557064
101_393,0.7505376344086021,3.32373772948813e-09,2073.7661538461534,Increasing,190453.99999999997,19452.63535357431
101_394,0.8838709677419355,3.2027713814386516e-12,2805.7283333333326,Increasing,191171.68516129034,25321.20041677022
101_395,0.9225806451612903,3.4772185131259903e-13,5802.0695000000005,Increasing,272481.8664516129,52523.027421019484
101_396,0.9096774193548387,7.365219545363288e-13,5619.403928571427,Increasing,272928.3393548387,50965.39971647248
101_397,0.9311827956989247,2.0961010704922955e-13,2947.0845454545474,Increasing,200688.13451612904,27180.30111364002
101_398,0.9483870967741935,7.527312106958561e-14,2259.483124999999,Increasing,180235.06677419355,20594.842927093367
101_399,0.7548387096774194,2.7020465864779908e-09,1895.5519047619046,Increasing,168895.83419354836,18636.997698249914
101_4,0.9311827956989247,2.0961010704922955e-13,4901.892857142855,Increasing,244758.66451612904,44651.222116094264
101_40,0.8623655913978494,1.0566436614567465e-11,1366.395333333333,Increasing,154188.43483870968,13384.158774714731
101_400,0.9440860215053763,9.725553695716371e-14,2826.4875000000006,Increasing,183176.1961290323,25448.349346780786
101_401,0.9268817204301075,2.702282841937631e-13,3013.718823529412,Increasing,189095.85354838707,27148.153488629705
101_402,0.789247311827957,4.949776144513862e-10,1919.8361538461536,Increasing,181139.5712903226,19545.668400167873
101_403,0.9354838709677419,1.6253665080512292e-13,3279.2036363636357,Increasing,196106.27129032262,30548.607162013843
101_404,0.9698924731182795,2.042810365310288e-14,3473.70909090909,Increasing,196295.91129032258,31255.681477289
101_405,0.9268817204301075,2.702282841937631e-13,3238.252,Increasing,208557.41612903224,29188.95612560369
101_406,0.8580645161290322,1.3370193840955835e-11,1894.6600000000035,Increasing,171735.7751612903,17753.34719051228
101_407,0.4838709677419355,0.0001405505548264241,829.328260869566,Increasing,166483.62161290323,10465.986675615228
101_408,0.7763440860215054,9.433585024254398e-10,866.8608695652182,Increasing,163129.94677419352,8395.594045240248
101_409,0.7333333333333333,7.524344702858343e-09,1211.5899999999965,Increasing,161643.50096774194,12015.657695809263
101_41,0.853763440860215,1.6898704657819508e-11,2297.8987500000003,Increasing,164194.91419354835,20865.440786557112
101_410,0.7376344086021506,6.144577069377988e-09,1065.026249999999,Increasing,157913.47967741935,10120.380360767875
101_411,0.7978494623655914,3.2018854234650007e-10,887.9740740740737,Increasing,165573.7370967742,8180.78550329553
101_412,0.7935483870967742,3.983280372210629e-10,1363.8575000000003,Increasing,158431.1206451613,12791.52288470236
101_413,0.6688172043010753,1.3725173086953646e-07,953.7626315789469,Increasing,174183.99161290322,9934.769854077693
101_414,0.9483870967741935,7.527312106958561e-14,3546.145,Increasing,213765.86000000002,33225.774444657734
101_415,0.8795698924731182,4.075406678794025e-12,3821.547857142856,Increasing,215962.32548387095,34760.8380975924
101_416,0.8881720430107527,2.5139890169612045e-12,4478.1614285714295,Increasing,215713.09451612903,40383.88381701197
101_417,0.896774193548387,1.5436540934388177e-12,2790.43375,Increasing,218435.42774193548,38743.75068494711
101_418,0.8623655913978494,1.0566436614567465e-11,2690.7021052631576,Increasing,184048.6887096774,25813.736639221544
101_419,0.6344086021505376,5.824519233588177e-07,1398.343333333333,Increasing,154106.09193548386,14589.358618051683
101_42,0.832258064516129,5.3585580417347956e-11,1701.4800000000007,Increasing,163188.54,16417.095449556982
101_420,0.621505376344086,9.832168288426146e-07,681.0970588235291,Increasing,161878.13967741933,7212.204026034726
101_421,0.853763440860215,1.6898704657819508e-11,1168.5574999999953,Increasing,154867.44,11660.094025409637
101_422,0.8838709677419355,3.2027713814386516e-12,1731.638695652174,Increasing,160916.56967741938,24788.49774843755
101_423,0.8709677419354839,6.577183242484352e-12,1832.6919999999998,Increasing,155746.84870967738,16683.831464343097
101_424,0.9010752688172043,1.2074785615823203e-12,3982.9889473684216,Increasing,161637.5580645161,37143.755856997566
101_425,0.9268817204301075,2.702282841937631e-13,2795.8399999999992,Increasing,194612.2593548387,26445.8828509015
101_426,0.853763440860215,1.6898704657819508e-11,2147.5183333333334,Increasing,164254.99387096777,19680.003717235206
101_427,0.8365591397849462,4.263767117151929e-11,2160.698823529412,Increasing,150891.28870967744,22568.415159151467
101_428,0.6602150537634408,1.9832196151980952e-07,1120.2688888888888,Increasing,150256.30193548388,10740.882727253338
101_429,0.6387096774193548,4.880823591957295e-07,1791.607142857143,Increasing,164919.94774193547,17921.92692157556
101_43,0.7118279569892473,2.0371358155912844e-08,1856.4099999999976,Increasing,163010.50387096772,18001.18734797588
101_430,0.8494623655913979,2.1334267685801933e-11,1514.2808695652177,Increasing,141542.27387096774,14035.097858645862
101_431,0.9139784946236559,5.74207348336131e-13,2799.489999999998,Increasing,196140.62193548388,25478.455181623223
101_432,0.7032258064516129,3.0103803894121484e-08,1286.1728000000003,Increasing,162985.574516129,12941.03182605743
101_433,0.9440860215053763,9.725553695716371e-14,2568.9088,Increasing,182588.66258064515,23416.430480022133
101_434,0.6989247311827957,3.653338875864165e-08,1187.907777777777,Increasing,175947.8451612903,11672.848899080589
101_435,0.8193548387096774,1.0564926711253975e-10,1687.2804347826093,Increasing,184489.65032258065,16249.32326572392
101_436,0.7118279569892473,2.0371358155912844e-08,1295.8083333333295,Increasing,173541.68903225806,12122.133329410926
101_437,0.8021505376344086,2.5708679629588005e-10,2272.631904761906,Increasing,183587.40806451617,20707.10993172174
101_438,0.8580645161290322,1.3370193840955835e-11,2248.7053333333324,Increasing,175641.61225806453,21096.000216972287
101_439,0.8494623655913979,2.1334267685801933e-11,2525.545909090908,Increasing,174183.82193548387,23293.378151177585
101_44,0.8623655913978494,1.0566436614567465e-11,2455.7383333333323,Increasing,171917.6316129032,22633.693193672654
101_440,0.8408602150537634,3.388800351444843e-11,3109.5766666666677,Increasing,191124.6764516129,29476.317328485224
101_441,0.789247311827957,4.949776144513862e-10,4842.285384615385,Increasing,239908.65032258062,46266.44131269351
101_442,0.9053763440860215,9.43689570931383e-13,1743.2394117647045,Increasing,169434.4929032258,15841.393750579256
101_443,0.9268817204301075,2.702282841937631e-13,1695.9540000000009,Increasing,160174.55387096776,15428.837625507897
101_444,0.7677419354838709,1.4419592186953878e-09,1379.9755555555555,Increasing,164083.59645161295,13790.360177803854
101_445,0.810752688172043,1.651789816037308e-10,1911.1641176470594,Increasing,163756.05903225805,18393.692545018614
101_446,0.789247311827957,4.949776144513862e-10,1969.622000000003,Increasing,176686.63645161293,18250.33038973224
101_447,0.8838709677419355,3.2027713814386516e-12,2582.055652173913,Increasing,170607.98774193547,24010.346009557
101_448,0.8064516129032258,2.0618773355352005e-10,2102.25,Increasing,166766.5364516129,19933.34137997417
101_449,0.7118279569892473,2.0371358155912844e-08,1554.329166666667,Increasing,150726.8312903226,16730.3083629638
101_45,0.956989247311828,4.4853010194856324e-14,2542.82625,Increasing,175840.1906451613,23356.685123865078
101_450,0.7204301075268817,1.3723514991070829e-08,1348.008518518519,Increasing,154886.9351612903,12893.616266146008
101_451,0.8709677419354839,6.577183242484352e-12,2323.891666666663,Increasing,178514.18419354834,21468.306957666504
101_452,0.7204301075268817,1.3723514991070829e-08,1240.2299999999998,Increasing,162860.845483871,13016.666541902458
101_453,0.5870967741935483,3.781833670668533e-06,930.361666666664,Increasing,160296.69838709678,10077.022364966717
101_454,0.6516129032258065,2.852843357104007e-07,1137.6714285714302,Increasing,164963.90129032254,10675.866818803548
101_455,0.7978494623655914,3.2018854234650007e-10,1381.7910000000004,Increasing,160332.5283870968,14539.66897662904
101_456,0.8408602150537634,3.388800351444843e-11,1125.6120000000003,Increasing,109643.88516129035,10329.082714337776
101_457,0.9053763440860215,9.43689570931383e-13,3056.33347826087,Increasing,193698.92322580641,27493.827393077834
101_458,0.8580645161290322,1.3370193840955835e-11,2359.799411764707,Increasing,168672.0580645161,21512.52658571286
101_459,0.9397849462365592,1.2589929099249275e-13,3543.803529411763,Increasing,182518.2906451613,31783.574160017848
101_46,0.9182795698924732,4.4719783431901305e-13,3443.4270000000006,Increasing,171940.22483870972,30846.65323785008
101_460,0.9397849462365592,1.2589929099249275e-13,3119.588695652173,Increasing,194066.0961290323,29508.413423247745
101_461,0.9612903225806452,3.441691376337985e-14,2404.5328571428545,Increasing,165202.50483870966,22882.930000844884
101_462,0.8451612903225807,2.6903368421926643e-11,1918.5766666666664,Increasing,166340.07419354838,17413.343886786617
101_463,0.8064516129032258,2.0618773355352005e-10,2570.493333333333,Increasing,184880.08645161285,24520.887248372634
101_464,0.7505376344086021,3.32373772948813e-09,2086.888500000001,Increasing,187438.90806451612,20158.36092621018
101_465,0.7806451612903226,7.617340092025415e-10,2543.672499999999,Increasing,196186.31903225803,25454.514620242222
101_466,0.9182795698924732,4.4719783431901305e-13,3486.6431818181813,Increasing,195520.26741935484,31784.208670683634
101_467,0.8408602150537634,3.388800351444843e-11,2221.591875,Increasing,175429.33903225805,20912.4701058473
101_468,0.8623655913978494,1.0566436614567465e-11,2726.043749999999,Increasing,199882.74096774193,25961.44392749077
101_469,0.956989247311828,4.4853010194856324e-14,3462.100666666667,Increasing,187611.21193548394,30520.208565569905
101_47,0.7032258064516129,3.0103803894121484e-08,1026.3142307692308,Increasing,117197.75161290323,10440.460533417683
101_470,0.9440860215053763,9.725553695716371e-14,4788.9275,Increasing,220917.92193548387,43747.82576897902
101_471,0.8924731182795699,1.971089957919503e-12,3857.059333333334,Increasing,200684.91387096778,35709.32427891752
101_472,0.8021505376344086,2.5708679629588005e-10,1929.0150000000006,Increasing,163009.3232258065,18016.35625550928
101_473,0.9612903225806452,3.441691376337985e-14,2542.4294736842107,Increasing,191224.34032258068,24171.504347484082
101_474,0.8838709677419355,3.2027713814386516e-12,2713.1599999999994,Increasing,188763.99322580645,24663.342980350466
101_475,0.8365591397849462,4.263767117151929e-11,1532.2589999999996,Increasing,161669.23774193547,14344.460031016068
101_476,0.7247311827956989,1.1244890574246824e-08,1334.77,Increasing,158506.99838709677,12733.313006032919
101_477,0.7591397849462366,2.1941650718559913e-09,1268.5077777777785,Increasing,160534.25806451612,12061.345332809546
101_478,0.8709677419354839,6.577183242484352e-12,2167.1300000000047,Increasing,154060.0141935484,20659.98367719584
101_479,0.6860215053763441,6.48588167617703e-08,1895.7681818181816,Increasing,166788.12322580643,18482.39543303606
101_48,0.6774193548387096,9.456222072046216e-08,1665.057499999999,Increasing,170279.13516129032,16129.102433162174
101_480,0.7935483870967742,3.983280372210629e-10,2944.29,Increasing,156863.92387096776,27986.748966822724
101_481,0.9010752688172043,1.2074785615823203e-12,2102.566500000001,Increasing,153455.10612903227,19071.375505076117
101_482,0.832258064516129,5.3585580417347956e-11,2829.1869230769234,Increasing,152947.17096774196,26921.73342874325
101_483,0.6860215053763441,6.48588167617703e-08,1275.226000000001,Increasing,154204.57193548387,12574.475795809904
101_484,0.6946236559139785,4.4286428968476343e-08,1419.6735999999999,Increasing,157336.64774193545,13986.582998180726
101_485,0.7720430107526882,1.166970520216637e-09,928.7240740740742,Increasing,100439.78548387099,8667.566697365693
101_486,0.7548387096774194,2.7020465864779908e-09,1573.6859999999997,Increasing,167872.07322580647,16017.553831888952
101_487,0.8150537634408602,1.3217715810753816e-10,1448.8044444444433,Increasing,158404.5658064516,13509.203773687457
101_488,0.8408602150537634,3.388800351444843e-11,1924.6155555555554,Increasing,162897.56967741932,18013.72831646168
101_489,0.9655913978494624,2.6423307986078726e-14,5715.4266666666645,Increasing,275620.7361290323,52200.794614491395
101_49,0.896774193548387,1.5436540934388177e-12,2618.044583333334,Increasing,193660.66387096778,24390.11329782778
101_490,0.7290322580645161,9.203571460503213e-09,1480.6943749999991,Increasing,153337.65677419354,14739.143598010154
101_492,0.832258064516129,5.3585580417347956e-11,1794.4962500000001,Increasing,159197.28387096775,17760.12835401429
101_493,0.789247311827957,4.949776144513862e-10,1585.2966666666664,Increasing,164200.72,14508.900237740838
101_494,0.44516129032258067,0.000463060547241545,283.1176923076922,Increasing,147716.07677419356,5881.3568533144025
101_495,0.7677419354838709,1.4419592186953878e-09,1064.9099999999962,Increasing,148674.36709677416,9874.007786592614
101_496,0.9096774193548387,7.365219545363288e-13,2451.9706666666666,Increasing,162186.92741935488,23246.93603626757
101_497,0.832258064516129,5.3585580417347956e-11,2120.9992592592585,Increasing,188491.91516129035,20980.75509682206
101_498,0.7720430107526882,1.166970520216637e-09,1846.2309999999998,Increasing,172818.43193548385,17971.242686174402
101_499,0.8709677419354839,6.577183242484352e-12,1658.0169230769231,Increasing,155496.59451612906,14819.998879022603
101_5,0.8150537634408602,1.3217715810753816e-10,1732.3822222222225,Increasing,178033.86967741937,16868.98401181206
101_50,0.8580645161290322,1.3370193840955835e-11,1877.7299999999996,Increasing,172321.94709677418,17082.181963054496
101_500,0.7118279569892473,2.0371358155912844e-08,1606.1159999999975,Increasing,162955.09580645163,16384.246024139004
101_501,0.7505376344086021,3.32373772948813e-09,1409.6466666666674,Increasing,157264.2219354839,13997.304072319444
101_502,0.7290322580645161,9.203571460503213e-09,1470.7436842105265,Increasing,155710.75,13814.975053455111
101_503,0.8795698924731182,4.075406678794025e-12,3503.719166666667,Increasing,229390.72483870966,33295.2380937227
101_504,0.9311827956989247,2.0961010704922955e-13,3165.2774999999992,Increasing,220615.10677419355,30228.863275658798
101_505,0.7204301075268817,1.3723514991070829e-08,1676.7376470588224,Increasing,164384.50677419355,16008.097331830859
101_506,0.7290322580645161,9.203571460503213e-09,1808.4922222222215,Increasing,155145.1890322581,17513.388723435117
101_507,0.8236559139784946,8.434986042971104e-11,2117.3704545454543,Increasing,173443.63354838712,20600.548282920663
101_508,0.8580645161290322,1.3370193840955835e-11,1755.5990476190484,Increasing,154967.15580645163,16738.703783695106
101_509,0.8236559139784946,8.434986042971104e-11,1699.2350000000006,Increasing,150860.77387096774,15419.798744902017
101_51,0.956989247311828,4.4853010194856324e-14,2894.9675,Increasing,164387.93806451614,27140.73768761001
101_510,0.8623655913978494,1.0566436614567465e-11,1731.1727272727267,Increasing,153550.22516129038,16165.368339840228
101_511,0.5698924731182796,7.221474918273074e-06,1090.1276923076925,Increasing,157647.87387096774,11704.630990500787
101_512,0.832258064516129,5.3585580417347956e-11,2110.09,Increasing,154031.20741935482,19375.237431510683
101_513,0.8924731182795699,1.971089957919503e-12,2111.166296296297,Increasing,153692.35483870967,19785.54690537105
101_514,0.8709677419354839,6.577183242484352e-12,4517.829999999987,Increasing,213376.16645161287,40873.14729914443
101_515,0.9483870967741935,7.527312106958561e-14,2928.728,Increasing,171156.6770967742,26998.86747240828
101_516,0.9483870967741935,7.527312106958561e-14,1992.1571428571438,Increasing,173995.6751612903,18036.34639826461
101_517,0.8795698924731182,4.075406678794025e-12,2016.3669999999997,Increasing,169740.04,18276.952359717434
101_518,0.9397849462365592,1.2589929099249275e-13,3960.0677777777764,Increasing,206142.6277419355,36601.88791495136
101_519,0.9053763440860215,9.43689570931383e-13,4304.386470588236,Increasing,180468.98806451613,39357.3108745045
101_52,0.9268817204301075,2.702282841937631e-13,3543.0260000000007,Increasing,204920.55225806453,31969.73174738152
101_520,0.9010752688172043,1.2074785615823203e-12,3289.4248,Increasing,210428.68258064517,31644.69907628825
101_521,0.9354838709677419,1.6253665080512292e-13,4055.143333333331,Increasing,200208.01193548384,36900.40065661351
101_522,0.8623655913978494,1.0566436614567465e-11,2293.8131818181823,Increasing,179922.3935483871,21519.544096105954
101_523,0.8580645161290322,1.3370193840955835e-11,2919.661666666667,Increasing,191199.51548387096,26097.1134650174
101_524,0.9096774193548387,7.365219545363288e-13,2855.37875,Increasing,184605.66032258063,26068.801689425432
101_525,0.7677419354838709,1.4419592186953878e-09,2530.1100000000006,Increasing,204685.89483870968,30699.77038977095
101_526,0.8623655913978494,1.0566436614567465e-11,2368.380588235294,Increasing,173399.1635483871,22047.45537401825
101_527,0.9397849462365592,1.2589929099249275e-13,4166.065999999999,Increasing,219906.8803225806,37906.969355842855
101_528,0.9182795698924732,4.4719783431901305e-13,3094.1765217391303,Increasing,203904.72967741938,28522.30164635414
101_53,0.8924731182795699,1.971089957919503e-12,3780.8650000000002,Increasing,217106.2022580645,34925.93049224553
101_530,0.8494623655913979,2.1334267685801933e-11,2770.004705882352,Increasing,180055.98451612904,25407.16164907723
101_531,0.9268817204301075,2.702282841937631e-13,2774.0011111111107,Increasing,186876.69548387092,25694.50428305681
101_532,0.9053763440860215,9.43689570931383e-13,3047.2268749999994,Increasing,160794.7622580645,27869.388600150025
101_533,0.9139784946236559,5.74207348336131e-13,2157.661818181818,Increasing,163166.89870967742,19914.002501993054
101_534,0.9010752688172043,1.2074785615823203e-12,4636.615714285716,Increasing,236266.91580645164,43390.7160814967
101_535,0.8451612903225807,2.6903368421926643e-11,3020.180000000005,Increasing,222908.05741935488,28380.34762675818
101_536,0.7376344086021506,6.144577069377988e-09,1854.5920000000012,Increasing,212644.1767741936,18918.137413451877
101_537,0.9612903225806452,3.441691376337985e-14,3691.7629411764706,Increasing,191075.80709677417,34032.12297630106
101_538,0.7204301075268817,1.3723514991070829e-08,2318.6120000000024,Increasing,172747.2664516129,22347.351813820827
101_539,0.9311827956989247,2.0961010704922955e-13,3305.3874999999994,Increasing,170603.0370967742,31286.250862736782
101_54,0.8924731182795699,1.971089957919503e-12,4508.0254545454545,Increasing,240177.61709677416,41006.51872846852
101_540,0.9010752688172043,1.2074785615823203e-12,2973.195714285715,Increasing,178934.29741935484,29939.87989695996
101_541,0.9053763440860215,9.43689570931383e-13,3362.7233333333334,Increasing,169067.0132258065,33123.36099877882
101_542,0.7290322580645161,9.203571460503213e-09,2028.2706249999992,Increasing,148065.2425806451,19925.172718178343
101_543,0.7720430107526882,1.166970520216637e-09,1310.4566666666651,Increasing,151213.0022580645,14164.85671838621
101_544,0.8279569892473119,6.726863510664316e-11,2045.841578947368,Increasing,154756.33161290322,18966.12964491516
101_545,0.5956989247311828,2.718582431837646e-06,1266.4627999999998,Increasing,143963.93225806454,15101.156450669534
101_546,0.5870967741935483,3.781833670668533e-06,1149.0666666666666,Increasing,155347.6183870968,12110.073565638435
101_547,0.832258064516129,5.3585580417347956e-11,1742.6439999999989,Increasing,165338.12838709675,15828.475232670347
101_548,0.7849462365591398,6.143836550620563e-10,2089.651363636364,Increasing,156019.85,19463.182196018537
101_549,0.7591397849462366,2.1941650718559913e-09,1576.921818181818,Increasing,161645.9280645161,14194.114452689688
101_55,0.8451612903225807,2.6903368421926643e-11,1155.2433333333345,Increasing,89384.63258064518,11628.624289144873
101_550,0.8580645161290322,1.3370193840955835e-11,2250.33409090909,Increasing,173935.69064516126,21674.038055647834
101_551,0.832258064516129,5.3585580417347956e-11,2741.737692307692,Increasing,154656.5593548387,25756.302716088856
101_552,0.7505376344086021,3.32373772948813e-09,1843.0786956521738,Increasing,153881.4206451613,17313.795459722925
101_553,0.9268817204301075,2.702282841937631e-13,2643.8505263157895,Increasing,177831.63322580646,24047.727171171617
101_554,0.4752688172043011,0.00018459819815141998,902.4934999999998,Increasing,145796.51161290324,11264.358373377136
101_555,0.9655913978494624,2.6423307986078726e-14,2546.0111764705885,Increasing,166323.85129032258,24458.757072636443
101_556,0.6129032258064516,1.3861735368436712e-06,786.7455555555547,Increasing,167497.7003225806,9825.058937546111
101_557,0.810752688172043,1.651789816037308e-10,2583.287333333335,Increasing,195279.87741935477,24567.981749683477
101_558,0.8838709677419355,3.2027713814386516e-12,2829.26,Increasing,177745.39064516127,25331.869095192596
101_559,0.810752688172043,1.651789816037308e-10,2330.615862068965,Increasing,200721.00258064517,21727.77656391141
101_56,0.9225806451612903,3.4772185131259903e-13,3113.0778947368412,Increasing,209300.81838709678,27946.95783992576
101_560,0.8193548387096774,1.0564926711253975e-10,2563.9381818181823,Increasing,215498.54129032255,24741.299487944565
101_561,0.7161290322580646,1.672965166399365e-08,2721.348333333334,Increasing,205683.474516129,26825.56781966772
101_562,0.7935483870967742,3.983280372210629e-10,1801.7712500000016,Increasing,143312.77516129034,18408.86078101081
101_563,0.7419354838709677,5.012174675300685e-09,1789.0,Increasing,192516.86709677422,19219.761468284567
101_564,0.7935483870967742,3.983280372210629e-10,2801.852500000001,Increasing,193286.08806451617,26148.11339942995
101_565,0.8064516129032258,2.0618773355352005e-10,3280.858,Increasing,196660.41548387092,31076.567702612585
101_566,0.8193548387096774,1.0564926711253975e-10,2132.2704999999987,Increasing,184982.83290322582,20405.58211389119
101_567,0.9397849462365592,1.2589929099249275e-13,3015.22909090909,Increasing,178787.70870967745,28112.1991004323
101_568,0.7849462365591398,6.143836550620563e-10,2248.3345,Increasing,210532.04677419356,22013.2526998402
101_569,0.7720430107526882,1.166970520216637e-09,2933.1690000000003,Increasing,206051.89483870968,27634.020031669457
101_57,0.8924731182795699,1.971089957919503e-12,4370.032222222223,Increasing,221933.1570967742,40801.00802667473
101_570,0.7806451612903226,7.617340092025415e-10,1970.8062499999996,Increasing,193291.2822580645,18925.543743474303
101_571,0.9139784946236559,5.74207348336131e-13,2316.343636363636,Increasing,152059.65161290322,21155.114533946948
101_572,0.8838709677419355,3.2027713814386516e-12,1890.5785714285698,Increasing,150535.8258064516,18396.592298719217
101_573,0.810752688172043,1.651789816037308e-10,2181.772777777778,Increasing,181604.64741935485,20641.52334941938
101_574,0.7032258064516129,3.0103803894121484e-08,1164.7892592592598,Increasing,142339.984516129,11465.912341722744
101_575,0.8365591397849462,4.263767117151929e-11,4433.662222222221,Increasing,222871.93,40513.28711130732
101_576,0.8580645161290322,1.3370193840955835e-11,1647.7346428571432,Increasing,179783.35032258063,15679.155257546508
101_577,0.9311827956989247,2.0961010704922955e-13,2837.7921428571426,Increasing,175240.9222580645,25906.210756307402
101_578,0.8838709677419355,3.2027713814386516e-12,2741.8312,Increasing,212155.9083870968,26751.090539865076
101_579,0.9741935483870968,1.554312234475219e-14,3551.137222222222,Increasing,205977.14903225805,32162.89635948485
101_58,0.9612903225806452,3.441691376337985e-14,2481.0099999999998,Increasing,168217.31451612903,25564.56888223241
101_580,0.7118279569892473,2.0371358155912844e-08,2980.6075,Increasing,206190.46741935486,27460.777289673566
101_581,0.875268817204301,5.1803006329009804e-12,2073.3711111111106,Increasing,187900.6864516129,18984.063140092778
101_582,0.7677419354838709,1.4419592186953878e-09,1766.7190000000003,Increasing,198873.34129032257,16907.78607588284
101_583,0.8838709677419355,3.2027713814386516e-12,4815.836874999999,Increasing,215653.53161290323,45010.35723732763
101_584,0.9096774193548387,7.365219545363288e-13,3345.7419999999984,Increasing,190337.8293548387,33112.87749940711
101_585,0.832258064516129,5.3585580417347956e-11,2883.816315789473,Increasing,219622.21129032254,26040.446893179243
101_586,0.9268817204301075,2.702282841937631e-13,3976.802499999999,Increasing,215095.56935483875,37106.55594217296
101_587,0.896774193548387,1.5436540934388177e-12,4351.918,Increasing,203642.74096774193,40066.017507276214
101_588,0.8924731182795699,1.971089957919503e-12,3292.049999999999,Increasing,201162.68354838708,31166.35739966358
101_589,0.8451612903225807,2.6903368421926643e-11,3156.068235294118,Increasing,203658.2129032258,30019.15447587189
101_59,0.5870967741935483,3.781833670668533e-06,757.3012500000004,Increasing,152264.0806451613,8550.732398889519
101_590,0.9311827956989247,2.0961010704922955e-13,3136.9749999999985,Increasing,193766.1996774193,28357.843678193538
101_591,0.9526881720430107,5.795364188543317e-14,5502.607499999998,Increasing,237128.7783870968,49649.99542118746
101_592,0.8838709677419355,3.2027713814386516e-12,1728.6535000000003,Increasing,164415.53903225806,17874.15509789508
101_593,0.9225806451612903,3.4772185131259903e-13,4018.263333333331,Increasing,210691.21612903223,39398.045247504895
101_594,0.8408602150537634,3.388800351444843e-11,1243.581250000001,Increasing,160695.05387096773,12190.93621272409
101_595,0.8150537634408602,1.3217715810753816e-10,3033.5781818181817,Increasing,213898.52903225808,31693.36876333519
101_596,0.896774193548387,1.5436540934388177e-12,2961.532666666666,Increasing,195844.94741935484,27063.76041746839
101_597,0.9010752688172043,1.2074785615823203e-12,3133.019999999999,Increasing,200642.29096774192,28525.864282727856
101_598,0.9096774193548387,7.365219545363288e-13,3401.43076923077,Increasing,198199.79387096773,30583.48824436002
101_599,0.8924731182795699,1.971089957919503e-12,3221.124074074074,Increasing,204727.9419354839,30058.902624687013
101_6,0.8795698924731182,4.075406678794025e-12,2331.2284615384615,Increasing,170631.8029032258,21447.93193633907
101_60,0.978494623655914,1.199040866595169e-14,2777.3141666666656,Increasing,167028.29741935487,27353.003178171817
101_600,0.9440860215053763,9.725553695716371e-14,3788.748695652174,Increasing,205665.54225806452,34112.43550401153
101_601,0.875268817204301,5.1803006329009804e-12,1888.1214285714293,Increasing,165539.88,17456.902600458743
101_602,0.9311827956989247,2.0961010704922955e-13,7166.708181818182,Increasing,297662.9183870967,65730.47567558131
101_603,0.9698924731182795,2.042810365310288e-14,4105.7699999999995,Increasing,211526.81387096774,37201.49051584147
101_604,0.9268817204301075,2.702282841937631e-13,3512.1500000000015,Increasing,213892.4025806451,31608.587980554963
101_605,0.9096774193548387,7.365219545363288e-13,3620.8542857142857,Increasing,201015.22838709675,33019.23488638804
101_606,0.410752688172043,0.0012408530273542162,1618.9700000000003,Increasing,127474.27354838711,22388.34357742231
101_607,0.8064516129032258,2.0618773355352005e-10,3235.1633333333302,Increasing,210854.13999999998,30374.408742775548
101_608,0.7032258064516129,3.0103803894121484e-08,1751.938260869566,Increasing,165564.61000000002,18390.172501797733
101_609,0.7118279569892473,2.0371358155912844e-08,1729.3359999999998,Increasing,163879.8938709677,16930.304055879224
101_61,0.9483870967741935,7.527312106958561e-14,4438.677333333334,Increasing,256974.82709677416,40711.43439146092
101_610,0.8795698924731182,4.075406678794025e-12,2274.8245454545463,Increasing,174674.78870967744,21380.824959798294
101_611,0.7935483870967742,3.983280372210629e-10,2471.1699999999837,Increasing,190481.614516129,25328.78837863591
101_612,0.9225806451612903,3.4772185131259903e-13,2344.526470588234,Increasing,173622.8958064516,21695.03788863738
101_613,0.9010752688172043,1.2074785615823203e-12,2198.8466666666695,Increasing,177200.5183870968,20559.965041972777
101_614,0.8795698924731182,4.075406678794025e-12,2677.830588235294,Increasing,167084.10193548386,24407.892756185665
101_615,0.896774193548387,1.5436540934388177e-12,2409.2973684210538,Increasing,165854.28774193552,24635.40365025973
101_616,0.8451612903225807,2.6903368421926643e-11,1794.0983333333327,Increasing,149470.74967741937,16549.48580669473
101_617,0.7935483870967742,3.983280372210629e-10,1631.0066666666632,Increasing,160373.7551612903,15971.047543788543
101_618,0.8365591397849462,4.263767117151929e-11,1972.4436842105274,Increasing,159755.53967741935,20832.763389606574
101_619,0.9139784946236559,5.74207348336131e-13,1932.9655172413793,Increasing,175197.83612903222,17506.27624444365
101_62,0.9182795698924732,4.4719783431901305e-13,3747.38074074074,Increasing,220081.17548387102,33827.34508758994
101_620,0.7118279569892473,2.0371358155912844e-08,1066.0849999999998,Increasing,165024.30935483868,10874.82778859626
101_621,0.9225806451612903,3.4772185131259903e-13,3153.3833333333314,Increasing,184812.13322580644,29940.041881290163
101_622,0.9139784946236559,5.74207348336131e-13,3656.253333333333,Increasing,180718.32612903227,33232.05077843518
101_623,0.810752688172043,1.651789816037308e-10,1955.2007692307693,Increasing,169107.11709677416,19113.214825841034
101_624,0.8709677419354839,6.577183242484352e-12,1801.3859999999997,Increasing,171590.71806451614,16584.319466701152
101_625,0.9010752688172043,1.2074785615823203e-12,2008.2018181818182,Increasing,166442.0606451613,20159.90473630845
101_626,0.8451612903225807,2.6903368421926643e-11,4266.277142857141,Increasing,252974.32483870967,39619.9412482617
101_627,0.810752688172043,1.651789816037308e-10,3428.039999999999,Increasing,186409.25612903226,28888.811389027487
101_628,0.8924731182795699,1.971089957919503e-12,2957.5882352941176,Increasing,195029.38516129035,27431.33240945869
101_629,0.875268817204301,5.1803006329009804e-12,4258.290000000001,Increasing,252482.49387096774,38962.96020270904
101_63,0.9612903225806452,3.441691376337985e-14,4586.5085714285715,Increasing,242014.1322580645,41477.88052690888
101_630,0.7247311827956989,1.1244890574246824e-08,1352.901000000001,Increasing,161172.8516129032,14429.185165806479
101_631,0.9397849462365592,1.2589929099249275e-13,2730.625,Increasing,190466.51967741933,26659.56285570708
101_632,0.9096774193548387,7.365219545363288e-13,1677.6906249999993,Increasing,163992.55,16492.75526398945
101_633,0.6086021505376344,1.6431415847950603e-06,799.7033333333287,Increasing,145629.19193548386,9109.59865019219
101_634,0.8881720430107527,2.5139890169612045e-12,1366.1261538461526,Increasing,157571.04193548387,12888.615574997464
101_635,0.9225806451612903,3.4772185131259903e-13,4285.444,Increasing,254126.99612903225,39707.00851643462
101_636,0.9397849462365592,1.2589929099249275e-13,3865.939999999999,Increasing,223955.9925806451,35074.89833113621
101_637,0.8021505376344086,2.5708679629588005e-10,1453.6166666666686,Increasing,152951.11354838707,14465.161976275529
101_638,0.8193548387096774,1.0564926711253975e-10,2913.864374999999,Increasing,173901.75096774194,28217.39941505725
101_639,0.7290322580645161,9.203571460503213e-09,1837.4018181818194,Increasing,184242.34645161292,18678.21691050499
101_64,0.9526881720430107,5.795364188543317e-14,5432.888095238095,Increasing,255158.82709677418,49292.643473061544
101_640,0.7118279569892473,2.0371358155912844e-08,1355.3883333333335,Increasing,164171.49612903228,13105.63062775166
101_641,0.8279569892473119,6.726863510664316e-11,3721.424117647058,Increasing,230749.69387096778,34737.7193683366
101_642,0.9182795698924732,4.4719783431901305e-13,4178.598695652174,Increasing,212933.56096774194,38814.43027865101
101_643,0.6989247311827957,3.653338875864165e-08,845.4763636363627,Increasing,148572.62645161294,8216.086991220745
101_644,0.8838709677419355,3.2027713814386516e-12,1395.7820000000006,Increasing,164396.79322580647,13113.500439448968
101_645,0.9096774193548387,7.365219545363288e-13,3301.5337500000023,Increasing,189578.18741935486,31855.794073862533
101_646,0.8666666666666667,8.341327628613726e-12,1381.9082608695646,Increasing,157141.6870967742,12649.513505666782
101_647,0.8451612903225807,2.6903368421926643e-11,2371.431666666666,Increasing,190646.00580645158,22172.892787289267
101_648,0.8494623655913979,2.1334267685801933e-11,2859.6240909090902,Increasing,210799.11225806453,27007.257802866407
101_649,0.9225806451612903,3.4772185131259903e-13,4712.532000000001,Increasing,243689.46225806454,43723.21333240086
101_65,0.9182795698924732,4.4719783431901305e-13,3799.5595000000003,Increasing,223134.2025806452,34525.998932721835
101_650,0.832258064516129,5.3585580417347956e-11,1787.0979310344826,Increasing,145025.74935483868,17752.958234274545
101_651,0.9182795698924732,4.4719783431901305e-13,2567.747272727273,Increasing,158255.15193548388,28194.36245669455
101_652,0.9010752688172043,1.2074785615823203e-12,3002.779999999999,Increasing,202638.99903225806,26658.342678219567
101_653,0.45376344086021503,0.00035800799918561665,1164.3187499999997,Increasing,180177.75870967744,15689.021523458172
101_654,0.7462365591397849,4.083862803483385e-09,2266.965000000001,Increasing,163629.27161290325,21939.58426690091
101_655,0.9139784946236559,5.74207348336131e-13,3859.1266666666684,Increasing,204657.0335483871,35617.274243172214
101_656,0.7505376344086021,3.32373772948813e-09,1362.7258333333327,Increasing,156572.1925806452,13439.715502210403
101_657,0.789247311827957,4.949776144513862e-10,1858.85,Increasing,165576.81064516128,17421.572750525087
101_658,0.9311827956989247,2.0961010704922955e-13,3301.1581818181835,Increasing,191280.1890322581,30919.03292099078
101_659,0.9053763440860215,9.43689570931383e-13,4771.855,Increasing,227915.15774193555,44487.24597048699
101_66,0.9483870967741935,7.527312106958561e-14,4634.213333333331,Increasing,244678.13580645164,41668.037018242
101_660,0.875268817204301,5.1803006329009804e-12,2080.4300000000003,Increasing,175237.31838709675,19180.8413568767
101_661,0.621505376344086,9.832168288426146e-07,1363.1104999999995,Increasing,173946.57322580647,15387.191773945939
101_662,0.8709677419354839,6.577183242484352e-12,2482.154999999999,Increasing,187963.95096774196,22973.327306456984
101_663,0.8494623655913979,2.1334267685801933e-11,1949.1514285714304,Increasing,174452.86161290322,18663.11798903926
101_664,0.9182795698924732,4.4719783431901305e-13,3562.2525000000005,Increasing,192677.51580645159,32694.848953638808
101_665,0.9268817204301075,2.702282841937631e-13,4089.1762500000004,Increasing,201887.1167741936,36678.92579977811
101_666,0.9741935483870968,1.554312234475219e-14,3958.2733333333326,Increasing,196671.2806451613,35914.806953958905
101_667,0.9483870967741935,7.527312106958561e-14,3552.4364285714287,Increasing,189744.55387096776,32119.967269216308
101_668,0.7849462365591398,6.143836550620563e-10,1693.3724,Increasing,155956.48967741936,17182.391858834024
101_669,0.9397849462365592,1.2589929099249275e-13,2568.772499999999,Increasing,152566.9558064516,22704.06997722751
101_67,0.8150537634408602,1.3217715810753816e-10,1692.9809999999998,Increasing,178521.99451612897,16155.63173780643
101_670,0.9741935483870968,1.554312234475219e-14,3559.5090476190476,Increasing,209801.4629032258,32495.789926185644
101_671,0.9268817204301075,2.702282841937631e-13,3563.2166666666662,Increasing,186276.37,31789.747298389124
101_672,0.8838709677419355,3.2027713814386516e-12,2582.064000000001,Increasing,170087.1441935484,24282.406394938167
101_673,0.7720430107526882,1.166970520216637e-09,1862.0005000000006,Increasing,157752.0983870968,18750.009689937815
101_674,0.9397849462365592,1.2589929099249275e-13,2637.0637500000003,Increasing,168649.91548387098,26530.958157341374
101_675,0.9311827956989247,2.0961010704922955e-13,3193.2066666666674,Increasing,171847.48935483873,28704.906476965374
101_676,0.9311827956989247,2.0961010704922955e-13,2637.925789473684,Increasing,183091.8816129032,23527.95548218018
101_677,0.9311827956989247,2.0961010704922955e-13,2391.494375,Increasing,175931.19451612904,22054.95246199875
101_678,0.896774193548387,1.5436540934388177e-12,2061.5676470588232,Increasing,158992.51096774192,21051.548046285036
101_679,0.9440860215053763,9.725553695716371e-14,2713.6112500000017,Increasing,162078.5648387097,25124.106462403393
101_68,0.7720430107526882,1.166970520216637e-09,1304.1134782608701,Increasing,161109.21322580645,12980.112196063734
101_680,0.9311827956989247,2.0961010704922955e-13,1988.6439999999996,Increasing,148786.7793548387,18081.513958083113
101_681,0.7548387096774194,2.7020465864779908e-09,3245.4888235294115,Increasing,200893.14774193548,30078.18927473127
101_682,0.875268817204301,5.1803006329009804e-12,2798.3840000000005,Increasing,161618.1012903226,25966.904729731898
101_683,0.8365591397849462,4.263767117151929e-11,1567.5507692307694,Increasing,158880.62806451612,15686.013041926653
101_684,0.896774193548387,1.5436540934388177e-12,2432.680624999999,Increasing,150604.83548387096,22178.205486846888
101_685,0.9139784946236559,5.74207348336131e-13,3173.595238095238,Increasing,177713.03322580646,28618.551025013698
101_686,0.896774193548387,1.5436540934388177e-12,3795.438421052631,Increasing,180069.24193548388,35114.68006587764
101_687,0.9440860215053763,9.725553695716371e-14,3371.1036842105264,Increasing,172747.8177419355,31140.795154143707
101_688,0.9053763440860215,9.43689570931383e-13,2573.2399999999907,Increasing,169708.05580645162,23865.182046876707
101_689,0.853763440860215,1.6898704657819508e-11,2404.9646666666667,Increasing,166445.92806451613,25494.746465099295
101_69,0.9182795698924732,4.4719783431901305e-13,4651.30294117647,Increasing,257052.25838709678,42076.24688850814
101_690,0.9182795698924732,4.4719783431901305e-13,2599.1960000000004,Increasing,151758.0293548387,26166.294275324693
101_691,0.9139784946236559,5.74207348336131e-13,2612.124166666666,Increasing,156661.92645161288,25769.57396750804
101_692,0.9182795698924732,4.4719783431901305e-13,3146.9468181818174,Increasing,174913.51032258067,29621.664996640713
101_693,0.8494623655913979,2.1334267685801933e-11,2334.7709999999993,Increasing,169407.33032258064,22054.054846916253
101_694,0.9268817204301075,2.702282841937631e-13,2799.0525925925926,Increasing,163559.14322580647,28893.03646365336
101_695,0.9182795698924732,4.4719783431901305e-13,1788.5550000000003,Increasing,168821.95741935485,18037.97007725182
101_696,0.9268817204301075,2.702282841937631e-13,4186.216923076923,Increasing,211756.86838709677,37404.31361996506
101_697,0.9268817204301075,2.702282841937631e-13,4464.993333333334,Increasing,223237.48580645162,40567.96961706984
101_698,0.9397849462365592,1.2589929099249275e-13,3436.3777777777773,Increasing,213388.17709677422,31119.286747955804
101_699,0.9354838709677419,1.6253665080512292e-13,5533.726499999999,Increasing,252378.4077419355,49637.647504144225
101_7,0.9139784946236559,5.74207348336131e-13,2915.197619047619,Increasing,189493.50677419355,26633.54529711058
101_70,0.9612903225806452,3.441691376337985e-14,4830.039999999998,Increasing,237299.054516129,43279.394006920025
101_700,0.7634408602150538,1.779737912599444e-09,3172.800454545455,Increasing,235014.48483870964,29464.624090021414
101_701,0.9655913978494624,2.6423307986078726e-14,5647.895714285713,Increasing,271837.11322580645,50563.38482208607
101_702,0.9225806451612903,3.4772185131259903e-13,3842.5444000000007,Increasing,243045.72645161292,34712.262558274946
101_703,0.9268817204301075,2.702282841937631e-13,3738.940416666666,Increasing,220023.02032258068,33314.24157954183
101_704,0.9397849462365592,1.2589929099249275e-13,4617.879999999998,Increasing,216286.18838709677,41611.51866771632
101_705,0.9225806451612903,3.4772185131259903e-13,2825.5570588235296,Increasing,197157.3248387097,26963.186238150338
101_706,0.8580645161290322,1.3370193840955835e-11,1621.0232142857142,Increasing,160093.45290322584,15311.809170309334
101_707,0.8580645161290322,1.3370193840955835e-11,1574.84619047619,Increasing,161410.41322580643,14927.649050942326
101_708,0.7118279569892473,2.0371358155912844e-08,2253.6875,Increasing,176913.96774193548,22394.51212146285
101_709,0.9440860215053763,9.725553695716371e-14,3964.076363636363,Increasing,201868.43774193546,39462.10619548775
101_71,0.875268817204301,5.1803006329009804e-12,2015.3255555555563,Increasing,158478.85645161293,18667.680977217242
101_710,0.9483870967741935,7.527312106958561e-14,2563.25,Increasing,169541.1258064516,23176.61412393728
101_711,0.7849462365591398,6.143836550620563e-10,2767.308947368421,Increasing,183903.08064516133,25341.99773734284
101_712,0.9354838709677419,1.6253665080512292e-13,4842.564782608695,Increasing,214430.75741935486,43953.98378109844
101_713,0.9483870967741935,7.527312106958561e-14,3640.8619999999996,Increasing,203396.91096774192,33403.27718815889
101_714,0.8666666666666667,8.341327628613726e-12,3789.445555555555,Increasing,216490.33741935485,34659.45464494835
101_715,0.9397849462365592,1.2589929099249275e-13,4781.831999999999,Increasing,218601.59129032257,43904.37711254971
101_716,0.9440860215053763,9.725553695716371e-14,3908.799000000002,Increasing,218182.51935483873,35140.275593292215
101_717,0.9096774193548387,7.365219545363288e-13,3636.709000000001,Increasing,197644.0335483871,32975.494497830885
101_718,0.9526881720430107,5.795364188543317e-14,4239.2952173913045,Increasing,202117.8612903226,38520.38573854191
101_719,0.8924731182795699,1.971089957919503e-12,4360.322499999999,Increasing,245632.53838709675,39756.33835706072
101_72,0.9354838709677419,1.6253665080512292e-13,1739.8242857142864,Increasing,156162.53838709675,16184.362858439205
101_720,0.9010752688172043,1.2074785615823203e-12,3246.8486666666654,Increasing,181727.91290322575,30079.629119692818
101_721,0.9354838709677419,1.6253665080512292e-13,3456.491249999999,Increasing,192100.02000000005,31472.949953829935
101_722,0.9440860215053763,9.725553695716371e-14,3761.1785714285716,Increasing,204877.014516129,33704.934066661786
101_723,0.9354838709677419,1.6253665080512292e-13,4096.741739130434,Increasing,202654.6851612903,36795.22112245914
101_724,0.8623655913978494,1.0566436614567465e-11,3831.0099999999975,Increasing,224192.00548387098,35074.316029404305
101_725,0.9053763440860215,9.43689570931383e-13,3846.597142857142,Increasing,208085.57838709676,35125.66609219312
101_726,0.9526881720430107,5.795364188543317e-14,4626.86210526316,Increasing,220804.56354838712,41409.549410591164
101_727,0.9311827956989247,2.0961010704922955e-13,3883.550000000008,Increasing,211906.2393548387,34666.77926659125
101_728,0.9053763440860215,9.43689570931383e-13,4477.96294117647,Increasing,230264.95096774193,40077.81658868329
101_729,0.9526881720430107,5.795364188543317e-14,5403.896818181817,Increasing,233777.74838709677,48761.56424196697
101_73,0.9010752688172043,1.2074785615823203e-12,4291.73925925926,Increasing,236694.5141935484,38114.2762507916
101_730,0.9440860215053763,9.725553695716371e-14,3711.2216666666695,Increasing,185431.60580645158,33091.51809501212
101_731,0.9698924731182795,2.042810365310288e-14,4151.936250000001,Increasing,213468.0241935484,37808.202248091344
101_732,0.896774193548387,1.5436540934388177e-12,3558.2342857142835,Increasing,218791.78645161286,32816.22022727456
101_733,0.8881720430107527,2.5139890169612045e-12,3380.861666666664,Increasing,194160.06516129032,30494.382782214474
101_734,0.8838709677419355,3.2027713814386516e-12,4006.0281818181816,Increasing,230131.13838709675,37047.05529343051
101_735,0.8924731182795699,1.971089957919503e-12,4912.149285714286,Increasing,236600.93129032257,44838.03527663178
101_736,0.9053763440860215,9.43689570931383e-13,3488.2920000000013,Increasing,199948.10258064515,31649.93347068786
101_737,0.8408602150537634,3.388800351444843e-11,1359.3600000000006,Increasing,158787.984516129,12478.957572995103
101_738,0.8064516129032258,2.0618773355352005e-10,1861.3634782608701,Increasing,165678.35645161287,18188.33135254092
101_739,0.6860215053763441,6.48588167617703e-08,855.6950000000007,Increasing,160734.4922580645,8508.27671447261
101_74,0.7978494623655914,3.2018854234650007e-10,2546.097058823531,Increasing,198960.73483870967,23761.736191742406
101_740,0.8924731182795699,1.971089957919503e-12,2114.1588461538454,Increasing,170388.88,19788.736023836813
101_741,0.9139784946236559,5.74207348336131e-13,2734.6539130434785,Increasing,194426.61967741937,24492.289573476435
101_742,0.9354838709677419,1.6253665080512292e-13,2644.407499999999,Increasing,184113.9983870968,25753.340866242164
101_743,0.9655913978494624,2.6423307986078726e-14,6878.027142857143,Increasing,274276.5467741936,62486.02889209196
101_744,0.9182795698924732,4.4719783431901305e-13,3141.623333333334,Increasing,177079.86677419354,28916.630018540272
101_745,0.9010752688172043,1.2074785615823203e-12,4350.929333333334,Increasing,221892.8893548387,39759.92760489839
101_746,0.9096774193548387,7.365219545363288e-13,2295.7141176470595,Increasing,167458.40322580648,21282.083815314552
101_747,0.9268817204301075,2.702282841937631e-13,6945.230476190476,Increasing,284933.5893548387,63607.13001748315
101_748,0.9440860215053763,9.725553695716371e-14,4718.932499999999,Increasing,224352.84483870966,43215.95469075154
101_749,0.9483870967741935,7.527312106958561e-14,2869.7331250000007,Increasing,159557.9977419355,25885.452235914127
101_75,0.9354838709677419,1.6253665080512292e-13,4048.7883333333352,Increasing,213380.37064516128,36736.008717425386
101_750,0.9311827956989247,2.0961010704922955e-13,3776.476666666666,Increasing,195603.40806451612,34347.14166527458
101_751,0.6903225806451613,5.362454658097704e-08,791.463846153846,Increasing,166979.84419354834,8184.060570093542
101_752,0.6774193548387096,9.456222072046216e-08,741.0100000000001,Increasing,167641.55645161288,7687.923668473883
101_753,0.853763440860215,1.6898704657819508e-11,2551.3088235294117,Increasing,186733.29870967745,23717.71045211964
101_754,0.8451612903225807,2.6903368421926643e-11,1688.1283333333315,Increasing,187490.6822580645,15951.08247545717
101_755,0.896774193548387,1.5436540934388177e-12,2958.8233333333337,Increasing,214957.17999999996,27293.800034151798
101_756,0.789247311827957,4.949776144513862e-10,1785.272105263157,Increasing,210265.99000000002,16539.909428474766
101_757,0.9225806451612903,3.4772185131259903e-13,3463.623846153845,Increasing,218273.03032258066,31330.855046098386
101_758,0.9397849462365592,1.2589929099249275e-13,2482.405294117648,Increasing,196453.18258064517,22096.7568685109
101_759,0.8580645161290322,1.3370193840955835e-11,2955.2850000000035,Increasing,214154.71,29223.07673598241
101_76,0.8881720430107527,2.5139890169612045e-12,2068.089,Increasing,176680.74903225806,18521.999045779423
101_760,0.896774193548387,1.5436540934388177e-12,3231.295333333333,Increasing,207765.10612903227,28887.87659474379
101_761,0.6430107526881721,4.0854560912073623e-07,4172.734999999998,Increasing,252097.9735483871,42157.446749264214
101_762,0.7333333333333333,7.524344702858343e-09,2380.161428571429,Increasing,194043.28677419355,23337.350957019644
101_763,0.8408602150537634,3.388800351444843e-11,3981.1207142857143,Increasing,218593.42483870964,39900.85754757367
101_764,0.8795698924731182,4.075406678794025e-12,3957.709999999992,Increasing,242238.21612903225,36722.851929682576
101_765,0.9354838709677419,1.6253665080512292e-13,3567.4300000000026,Increasing,212242.02032258068,32709.52586108276
101_766,0.896774193548387,1.5436540934388177e-12,4390.391739130435,Increasing,219772.73193548384,39465.03139247219
101_767,0.5440860215053763,1.843097094700319e-05,3189.4792,Increasing,202997.27870967746,24659.87721295972
101_768,0.7677419354838709,1.4419592186953878e-09,2370.6479166666663,Increasing,212895.42129032259,22081.47639950819
101_769,0.8623655913978494,1.0566436614567465e-11,2882.3474074074074,Increasing,209324.4567741936,26603.14766600839
101_77,0.8924731182795699,1.971089957919503e-12,4340.891818181818,Increasing,232687.1922580645,39124.80637111932
101_770,0.7806451612903226,7.617340092025415e-10,2212.818333333334,Increasing,194451.27548387097,20588.172320712223
101_771,0.8795698924731182,4.075406678794025e-12,1729.6575000000012,Increasing,163891.5712903226,15900.448808183866
101_772,0.6344086021505376,5.824519233588177e-07,1334.4760869565223,Increasing,157351.65387096774,12871.22379754448
101_773,0.7720430107526882,1.166970520216637e-09,1511.3257692307693,Increasing,176697.99064516125,14948.193998678737
101_774,0.8408602150537634,3.388800351444843e-11,1276.0773913043479,Increasing,169413.12806451615,12250.18428219187
101_775,0.8279569892473119,6.726863510664316e-11,1859.564800000001,Increasing,182029.98258064516,17001.97474141488
101_776,0.8838709677419355,3.2027713814386516e-12,1849.251904761905,Increasing,170811.70612903225,16778.07378338259
101_777,0.9225806451612903,3.4772185131259903e-13,1871.885000000002,Increasing,169544.3112903226,17104.635550752962
101_778,0.9268817204301075,2.702282841937631e-13,2051.1032000000005,Increasing,170652.42419354836,18795.51251599233
101_779,0.8795698924731182,4.075406678794025e-12,2851.846153846154,Increasing,204015.33806451614,26374.54836095959
101_78,0.621505376344086,9.832168288426146e-07,2019.0928571428562,Increasing,175209.12322580646,19608.292333140736
101_780,0.9655913978494624,2.6423307986078726e-14,2896.6533333333336,Increasing,162784.1041935484,27494.063536323123
101_781,0.7290322580645161,9.203571460503213e-09,1999.7149999999965,Increasing,182502.58451612908,17838.58558859867
101_782,0.9397849462365592,1.2589929099249275e-13,2614.890000000001,Increasing,174288.22967741938,24053.964606502082
101_783,0.8881720430107527,2.5139890169612045e-12,2133.109999999999,Increasing,181248.01354838713,19301.610858732132
101_784,0.9440860215053763,9.725553695716371e-14,3852.815714285713,Increasing,209141.36838709674,34417.46260594665
101_785,0.9096774193548387,7.365219545363288e-13,1882.9171428571433,Increasing,169764.59387096777,17081.49672253117
101_786,0.9225806451612903,3.4772185131259903e-13,1357.234375,Increasing,164823.95967741936,12441.47482168477
101_787,0.8365591397849462,4.263767117151929e-11,2116.5699999999997,Increasing,174660.10741935484,19611.784136508493
101_788,0.896774193548387,1.5436540934388177e-12,2169.0481818181815,Increasing,181913.24387096774,19856.393822578008
101_789,0.8623655913978494,1.0566436614567465e-11,1569.3773333333315,Increasing,184714.10161290324,14564.658331196257
101_79,0.9483870967741935,7.527312106958561e-14,3201.647,Increasing,225645.3441935484,30064.242393896973
101_790,0.832258064516129,5.3585580417347956e-11,2830.102105263158,Increasing,210080.0312903226,25878.15615258636
101_791,0.6043010752688172,1.945575674344724e-06,930.100625000001,Increasing,174497.46903225806,9859.031711658741
101_792,0.6817204301075269,7.835865623029292e-08,1290.9418181818182,Increasing,167266.7583870968,13366.27808761772
101_793,0.8666666666666667,8.341327628613726e-12,2490.654615384616,Increasing,191460.8354838709,22923.423693770423
101_794,0.9397849462365592,1.2589929099249275e-13,4014.881428571426,Increasing,212744.89064516127,36315.130606581384
101_795,0.22580645161290322,0.07712322019197049,288.3753333333317,No significant trend,147296.27741935485,7717.229645128165
101_796,0.8021505376344086,2.5708679629588005e-10,2682.353529411765,Increasing,188698.80032258065,25841.821198071924
101_797,0.13118279569892474,0.30783043013369626,159.39687500000036,No significant trend,152904.19516129035,5836.418066350709
101_798,0.6903225806451613,5.362454658097704e-08,992.2055555555562,Increasing,149831.7029032258,10013.580785951419
101_799,0.6344086021505376,5.824519233588177e-07,613.9458333333326,Increasing,151517.8206451613,7121.233652776169
101_8,0.9139784946236559,5.74207348336131e-13,4484.178235294119,Increasing,228233.70387096776,40539.609217902784
101_80,0.7806451612903226,7.617340092025415e-10,2636.1541379310347,Increasing,178637.39064516127,24378.98374100541
101_800,0.5268817204301075,3.3667518407387576e-05,409.9737499999974,Increasing,149020.8280645161,6574.047828812351
101_801,0.7763440860215054,9.433585024254398e-10,1170.9100000000003,Increasing,149966.23806451613,11783.083482564867
101_802,0.8193548387096774,1.0564926711253975e-10,1487.1921739130441,Increasing,160622.94612903227,14203.260539259121
101_803,0.2731182795698925,0.032229828676073824,271.9753846153841,Increasing,149080.79548387098,6721.46419004066
101_804,0.832258064516129,5.3585580417347956e-11,2069.9859999999985,Increasing,164563.80000000002,18733.355465923654
101_805,0.4838709677419355,0.0001405505548264241,850.038125000001,Increasing,159349.84967741935,10718.171081222974
101_806,0.8451612903225807,2.6903368421926643e-11,1975.4880000000005,Increasing,179209.19258064515,19222.141832219622
101_807,0.3634408602150538,0.004298292024715877,296.7221428571429,Increasing,152499.2819354839,5815.142072651263
101_808,0.5010752688172043,8.041203646391715e-05,633.6071428571429,Increasing,155982.68451612903,7939.175506074735
101_809,0.5311827956989247,2.9007853530993444e-05,537.5,Increasing,151900.32903225807,8727.973464435638
101_81,0.9354838709677419,1.6253665080512292e-13,2805.1724999999988,Increasing,182091.57838709676,25436.809742707082
101_810,0.3935483870967742,0.0019791198223833018,429.70333333333355,Increasing,153138.38548387098,7769.073436069716
101_811,0.24731182795698925,0.05267307614212502,175.76500000000232,No significant trend,150719.7796774193,5844.531731753545
101_812,0.896774193548387,1.5436540934388177e-12,4308.088461538462,Increasing,223886.2558064516,39774.18378470774
101_813,0.8881720430107527,2.5139890169612045e-12,1739.6624999999985,Increasing,130193.12451612901,17364.74306436926
101_814,0.9053763440860215,9.43689570931383e-13,2490.2540000000035,Increasing,138411.52161290322,23495.678107941207
101_815,0.7978494623655914,3.2018854234650007e-10,1464.8179166666669,Increasing,167181.68741935483,14288.852375122086
101_816,0.2989247311827957,0.019001296136927026,322.8460000000002,Increasing,168129.68806451617,5891.428709880918
101_817,0.10967741935483871,0.3954246967469044,92.48640000000015,No significant trend,158493.1264516129,4498.325223267096
101_818,0.6860215053763441,6.48588167617703e-08,1297.7883333333339,Increasing,157512.50967741932,12775.22697054771
101_819,0.7247311827956989,1.1244890574246824e-08,1233.965833333333,Increasing,151882.55419354836,11595.355459068382
101_82,0.9397849462365592,1.2589929099249275e-13,3834.2230769230778,Increasing,172034.83999999994,34936.41163826257
101_820,0.9311827956989247,2.0961010704922955e-13,2697.5818181818177,Increasing,181980.27612903228,24540.86165163143
101_821,0.556989247311828,1.159455156796163e-05,1033.1400000000008,Increasing,152573.27870967743,11858.649156624648
101_822,0.8064516129032258,2.0618773355352005e-10,1876.5190909090902,Increasing,169667.8112903226,18040.585591914645
101_823,0.7376344086021506,6.144577069377988e-09,1470.8636363636363,Increasing,160580.54387096775,14204.955134614273
101_824,0.6086021505376344,1.6431415847950603e-06,893.06,Increasing,152751.61161290322,9948.517487679512
101_825,0.8494623655913979,2.1334267685801933e-11,2601.161666666665,Increasing,176387.6158064516,29186.26307361855
101_826,0.621505376344086,9.832168288426146e-07,1215.3575000000008,Increasing,155578.61451612902,11644.902534779545
101_827,0.7978494623655914,3.2018854234650007e-10,1225.8350000000005,Increasing,154162.5951612903,12167.785386610503
101_828,0.9225806451612903,3.4772185131259903e-13,3243.25,Increasing,192096.9751612903,29221.772276626307
101_829,0.9354838709677419,1.6253665080512292e-13,4445.1831578947385,Increasing,242835.71741935483,42945.08760258166
101_83,0.9354838709677419,1.6253665080512292e-13,4460.315000000002,Increasing,176077.81387096772,39201.39519441134
101_830,0.7935483870967742,3.983280372210629e-10,1332.5785185185184,Increasing,156151.31161290326,12336.586513503462
101_831,0.9440860215053763,9.725553695716371e-14,2980.0550000000017,Increasing,168969.3670967742,27765.90363514194
101_832,0.8193548387096774,1.0564926711253975e-10,1565.4040000000002,Increasing,154490.10322580644,14840.294982302872
101_833,0.6989247311827957,3.653338875864165e-08,3206.6295000000014,Increasing,183586.80645161294,31934.573419205546
101_834,0.7075268817204301,2.4777915275109308e-08,2797.76380952381,Increasing,191353.32677419359,23774.26872087733
101_835,0.9311827956989247,2.0961010704922955e-13,2959.2650000000017,Increasing,182537.38419354838,26446.85222127832
101_836,0.9053763440860215,9.43689570931383e-13,2235.281428571429,Increasing,180249.67225806447,20442.094619608273
101_837,0.9010752688172043,1.2074785615823203e-12,2534.7657142857142,Increasing,196899.5290322581,23342.494589668
101_838,0.9397849462365592,1.2589929099249275e-13,6495.176428571431,Increasing,272351.65032258065,58293.888389742744
101_839,0.9268817204301075,2.702282841937631e-13,4153.56357142857,Increasing,208570.01677419356,37243.555824373885
101_84,0.9225806451612903,3.4772185131259903e-13,3923.5270833333343,Increasing,201000.16354838706,35418.70128261218
101_840,0.9053763440860215,9.43689570931383e-13,2407.720000000001,Increasing,182304.77709677417,22044.48856778817
101_841,0.8881720430107527,2.5139890169612045e-12,1442.2618181818186,Increasing,175213.85806451616,12919.557431246132
101_842,0.6817204301075269,7.835865623029292e-08,1518.0630769230763,Increasing,180342.88096774192,15396.799349988787
101_843,0.7419354838709677,5.012174675300685e-09,1318.1240909090914,Increasing,166704.33838709674,12920.720003257857
101_844,0.896774193548387,1.5436540934388177e-12,3698.2925,Increasing,230886.06870967735,33769.75110766847
101_845,0.896774193548387,1.5436540934388177e-12,3435.2776923076935,Increasing,217128.66548387098,31289.583311441485
101_846,0.9483870967741935,7.527312106958561e-14,4867.1641666666665,Increasing,190787.3170967742,44017.10996190555
101_847,0.875268817204301,5.1803006329009804e-12,3528.9949999999953,Increasing,194440.92806451616,37421.723411708546
101_848,0.9311827956989247,2.0961010704922955e-13,4200.904117647058,Increasing,226739.63935483873,37546.91992141874
101_849,0.9483870967741935,7.527312106958561e-14,3704.588260869565,Increasing,200829.08870967745,33318.80949579214
101_85,0.875268817204301,5.1803006329009804e-12,3465.4700000000003,Increasing,176457.31870967743,32013.201106497658
101_850,0.8150537634408602,1.3217715810753816e-10,3044.968571428571,Increasing,225441.1358064516,28930.64908759598
101_851,0.875268817204301,5.1803006329009804e-12,2970.359375,Increasing,195606.2712903226,27282.499685556406
101_852,0.9397849462365592,1.2589929099249275e-13,2999.5923076923086,Increasing,197128.44516129032,26992.718081302894
101_853,0.6946236559139785,4.4286428968476343e-08,1135.5527586206897,Increasing,155997.86838709677,13309.7557457904
101_854,0.8451612903225807,2.6903368421926643e-11,1728.936785714286,Increasing,159988.015483871,16236.944423974926
101_855,0.956989247311828,4.4853010194856324e-14,3144.646666666666,Increasing,203739.24580645165,29137.558488102466
101_856,0.8838709677419355,3.2027713814386516e-12,4054.9829166666664,Increasing,215739.74129032256,37475.76723647307
101_857,0.8623655913978494,1.0566436614567465e-11,2628.8323809523813,Increasing,182785.79516129033,24611.642755371784
101_858,0.8924731182795699,1.971089957919503e-12,2376.354615384614,Increasing,184279.90290322583,22058.032508222223
101_859,0.896774193548387,1.5436540934388177e-12,2577.25,Increasing,190708.85290322578,23534.777005898915
101_86,0.9182795698924732,4.4719783431901305e-13,3870.7924999999996,Increasing,162770.93677419354,34822.85989798761
101_860,0.9526881720430107,5.795364188543317e-14,2446.9545833333323,Increasing,176523.39451612908,22460.672677291695
101_861,0.6645161290322581,1.650774061889848e-07,699.1150000000016,Increasing,159382.34322580643,7566.466904983393
101_862,0.7720430107526882,1.166970520216637e-09,1332.5336363636359,Increasing,164291.97354838712,13285.585074056906
101_863,0.6258064516129033,8.266810680446213e-07,983.9100000000003,Increasing,159674.44516129035,10524.347844637607
101_864,0.8795698924731182,4.075406678794025e-12,1782.0800000000017,Increasing,157275.54,16314.40391177646
101_865,0.832258064516129,5.3585580417347956e-11,3242.5,Increasing,197639.84032258057,29232.521357435664
101_866,0.8795698924731182,4.075406678794025e-12,3056.6911111111112,Increasing,179291.61967741937,29180.936451690675
101_867,0.9354838709677419,1.6253665080512292e-13,3750.1108333333345,Increasing,174220.94967741932,33425.703923327215
101_868,0.8838709677419355,3.2027713814386516e-12,3325.2219999999993,Increasing,168455.2319354839,30584.89119144566
101_869,0.9440860215053763,9.725553695716371e-14,4461.950000000001,Increasing,187540.96580645163,40091.562519836516
101_870,0.9698924731182795,2.042810365310288e-14,4491.338125,Increasing,176950.89806451614,39992.319392502664
101_871,0.9440860215053763,9.725553695716371e-14,4351.921304347826,Increasing,172037.40548387097,38830.61284824425
101_872,0.956989247311828,4.4853010194856324e-14,3649.244,Increasing,175956.1164516129,33340.077213934776
101_873,0.9440860215053763,9.725553695716371e-14,3097.8824999999997,Increasing,179719.38967741936,29514.094611807297
101_874,0.956989247311828,4.4853010194856324e-14,4538.918888888889,Increasing,174365.26806451616,40596.29551169953
101_875,0.9612903225806452,3.441691376337985e-14,3977.6339130434776,Increasing,175126.37193548388,36348.33600919344
101_876,0.9139784946236559,5.74207348336131e-13,4033.6542857142854,Increasing,195063.41741935478,35981.15465229308
101_877,0.9741935483870968,1.554312234475219e-14,3683.5583333333343,Increasing,177757.24612903228,32803.8762744207
101_878,0.9010752688172043,1.2074785615823203e-12,3250.212499999999,Increasing,192053.9022580645,30473.48154733816
101_879,0.9268817204301075,2.702282841937631e-13,4157.24947368421,Increasing,182244.1780645161,37426.62132987009
101_880,0.956989247311828,4.4853010194856324e-14,3544.8866666666663,Increasing,175842.14612903225,32287.75890915054
101_881,0.9053763440860215,9.43689570931383e-13,3090.8071428571443,Increasing,171402.4,31283.06701093142
101_882,0.9397849462365592,1.2589929099249275e-13,3563.1661111111116,Increasing,175031.90677419354,33738.18269220636
101_883,0.9139784946236559,5.74207348336131e-13,3660.924705882353,Increasing,188297.1348387096,32790.61668364003
101_884,0.9182795698924732,4.4719783431901305e-13,3111.2529999999997,Increasing,183155.98516129033,30564.973520111045
101_885,0.9053763440860215,9.43689570931383e-13,3198.2629999999976,Increasing,231638.00290322577,36290.64808425462
101_886,0.9612903225806452,3.441691376337985e-14,4614.948333333334,Increasing,182861.9432258065,41667.357107602125
101_887,0.9698924731182795,2.042810365310288e-14,3261.300909090909,Increasing,171812.34870967746,29847.000818593824
101_888,0.9182795698924732,4.4719783431901305e-13,4266.230740740741,Increasing,190221.79032258064,39234.207393128214
101_889,0.8881720430107527,2.5139890169612045e-12,3307.6823529411768,Increasing,172089.39161290327,30689.579094274803
101_89,0.789247311827957,4.949776144513862e-10,2638.132631578947,Increasing,183338.2093548387,25655.279184589257
101_890,0.9483870967741935,7.527312106958561e-14,3639.703076923078,Increasing,175645.9193548387,33501.11473450523
101_891,0.9397849462365592,1.2589929099249275e-13,5545.228571428573,Increasing,260346.06032258066,50076.73388220326
101_892,0.8795698924731182,4.075406678794025e-12,3814.6812500000015,Increasing,218894.84483870966,34873.36572332131
101_894,0.9268817204301075,2.702282841937631e-13,4442.2124,Increasing,265779.13000000006,40894.62367417357
101_895,0.9483870967741935,7.527312106958561e-14,5340.569090909092,Increasing,273678.39451612905,47993.212725645055
101_896,0.8193548387096774,1.0564926711253975e-10,2088.3213043478268,Increasing,185959.2480645162,19307.57523729706
101_897,0.6774193548387096,9.456222072046216e-08,1385.50125,Increasing,158492.4090322581,14266.393826354102
101_898,0.6688172043010753,1.3725173086953646e-07,1079.3072727272731,Increasing,156198.78096774197,11099.195056428816
101_899,0.9053763440860215,9.43689570931383e-13,2297.935454545454,Increasing,177609.85451612904,21480.026243647364
101_9,0.9870967741935484,7.105427357601002e-15,5800.994444444445,Increasing,261703.9406451613,52013.47976921279
101_90,0.8451612903225807,2.6903368421926643e-11,2171.680000000022,Increasing,171386.14935483868,20790.47225031401
101_900,0.7806451612903226,7.617340092025415e-10,2524.934285714283,Increasing,190555.23290322578,24533.953377401773
101_901,0.9225806451612903,3.4772185131259903e-13,2800.734545454547,Increasing,203688.14967741937,25752.821633136788
101_902,0.9354838709677419,1.6253665080512292e-13,2774.390689655173,Increasing,184879.57129032255,24601.789685102674
101_903,0.810752688172043,1.651789816037308e-10,2338.5406249999996,Increasing,186172.4658064516,21383.641114284408
101_904,0.789247311827957,4.949776144513862e-10,4433.546363636363,Increasing,217780.90870967746,41916.398432525784
101_905,0.8408602150537634,3.388800351444843e-11,2964.0664999999995,Increasing,195219.73774193545,28045.13095421662
101_906,0.9139784946236559,5.74207348336131e-13,4140.63153846154,Increasing,241134.4735483871,37258.30213530268
101_907,0.896774193548387,1.5436540934388177e-12,4338.279,Increasing,215863.54483870973,39814.4133471265
101_908,0.8494623655913979,2.1334267685801933e-11,3286.631250000001,Increasing,247408.90419354843,29501.73441859164
101_909,0.8408602150537634,3.388800351444843e-11,4409.616666666667,Increasing,257077.2770967742,40849.063513560715
101_91,0.8408602150537634,3.388800351444843e-11,1986.2573913043484,Increasing,172284.32870967744,18557.54586307418
101_910,0.7419354838709677,5.012174675300685e-09,1689.2061538461533,Increasing,189514.51451612904,16371.25682423586
101_911,0.7591397849462366,2.1941650718559913e-09,1144.6479999999997,Increasing,151025.1183870968,12654.501828035052
101_912,0.8021505376344086,2.5708679629588005e-10,1400.3478571428568,Increasing,155403.70225806453,12884.129840666
101_913,0.5913978494623656,3.2082201719685344e-06,922.0813333333334,Increasing,150472.4035483871,10673.344058024399
101_914,0.44516129032258067,0.000463060547241545,973.1374999999989,Increasing,165892.71354838708,13067.270531639295
101_915,0.8580645161290322,1.3370193840955835e-11,1282.6283333333315,Increasing,160000.1941935484,14710.20648580363
101_916,0.875268817204301,5.1803006329009804e-12,2459.2159999999994,Increasing,169221.3280645161,21519.582708783575
101_917,0.7935483870967742,3.983280372210629e-10,2083.728235294118,Increasing,165990.4174193548,19530.627914600216
101_918,0.8193548387096774,1.0564926711253975e-10,1892.7450000000026,Increasing,159353.35483870964,17802.983508403027
101_919,0.6731182795698925,1.139885490442083e-07,1507.1889285714278,Increasing,158654.7264516129,16750.67743684619
101_92,0.7161290322580646,1.672965166399365e-08,1662.3064000000002,Increasing,179037.15096774194,18869.95902037165
101_920,0.6559139784946236,2.379948262909437e-07,1198.8774999999994,Increasing,154604.3438709677,14353.821178238102
101_921,0.12258064516129032,0.34119875170636194,158.2474999999995,No significant trend,160579.53612903226,8633.933416743821
101_922,0.5956989247311828,2.718582431837646e-06,557.5914285714292,Increasing,130839.4964516129,6681.109632487197
101_923,0.6645161290322581,1.650774061889848e-07,1505.1280000000029,Increasing,178919.2693548387,14277.902634156431
101_924,0.8279569892473119,6.726863510664316e-11,2019.3369999999995,Increasing,156803.4629032258,18621.700024012425
101_925,0.7247311827956989,1.1244890574246824e-08,1367.2890909090916,Increasing,182298.37774193552,13369.501339553422
101_926,0.7720430107526882,1.166970520216637e-09,1398.4710526315796,Increasing,152222.06419354837,13698.786786642651
101_927,0.810752688172043,1.651789816037308e-10,1988.2886363636353,Increasing,166856.1893548387,18450.934077397385
101_928,0.6860215053763441,6.48588167617703e-08,1226.856842105263,Increasing,156430.9758064516,11898.166504508641
101_929,0.853763440860215,1.6898704657819508e-11,2719.4561538461535,Increasing,166465.02580645165,24126.25437376092
101_93,0.853763440860215,1.6898704657819508e-11,1518.2391666666663,Increasing,167226.71258064514,14750.487843395154
101_930,0.8709677419354839,6.577183242484352e-12,2046.0527777777768,Increasing,174788.1422580645,19267.029654985276
101_931,0.8365591397849462,4.263767117151929e-11,1621.072000000001,Increasing,167202.26322580644,16523.13982026895
101_932,0.7806451612903226,7.617340092025415e-10,1620.5233333333356,Increasing,166855.8029032258,15942.53634036138
101_933,0.44086021505376344,0.0005257753160301526,476.92333333333374,Increasing,151280.5690322581,5779.747076294758
101_934,0.8709677419354839,6.577183242484352e-12,2154.9184615384606,Increasing,173852.25709677418,19783.496704332712
101_935,0.6301075268817204,6.942911805474239e-07,874.8773333333316,Increasing,155364.72774193547,10011.38222923827
101_936,0.8408602150537634,3.388800351444843e-11,2218.6324999999997,Increasing,179960.02419354834,20059.390610873466
101_937,0.875268817204301,5.1803006329009804e-12,2570.1066666666675,Increasing,167718.80838709677,23686.31879314875
101_938,0.9139784946236559,5.74207348336131e-13,2768.8738888888893,Increasing,182278.02774193548,25691.288653059375
101_939,0.9268817204301075,2.702282841937631e-13,2675.9200000000005,Increasing,195418.6409677419,24760.132039319797
101_94,0.875268817204301,5.1803006329009804e-12,2875.4644000000008,Increasing,205989.4522580645,27001.525364911744
101_940,0.9483870967741935,7.527312106958561e-14,3025.4325000000026,Increasing,203689.96870967743,27433.988373670392
101_941,0.8709677419354839,6.577183242484352e-12,2604.9222222222243,Increasing,198279.0258064516,24757.902500502194
101_942,0.9225806451612903,3.4772185131259903e-13,2581.5242105263155,Increasing,192780.3596774193,23821.122659338187
101_943,0.9182795698924732,4.4719783431901305e-13,2403.946250000001,Increasing,188467.9051612903,23138.46144879251
101_944,0.8881720430107527,2.5139890169612045e-12,3000.5376470588226,Increasing,201177.0183870968,28053.14992022891
101_945,0.9655913978494624,2.6423307986078726e-14,5496.3862500000005,Increasing,239809.32161290324,50071.60599945353
101_946,0.956989247311828,4.4853010194856324e-14,2806.751304347826,Increasing,184638.44677419352,26093.24220151763
101_947,0.9139784946236559,5.74207348336131e-13,3341.739545454545,Increasing,209765.05516129037,30347.484662558527
101_948,0.9483870967741935,7.527312106958561e-14,4875.2464285714295,Increasing,233862.68677419357,43661.98410182917
101_949,0.9483870967741935,7.527312106958561e-14,6513.274782608696,Increasing,259712.47967741935,60159.47567175944
101_95,0.8838709677419355,3.2027713814386516e-12,2068.540000000001,Increasing,165319.9577419355,19381.547248552728
101_950,0.9612903225806452,3.441691376337985e-14,5686.305909090911,Increasing,225997.1164516129,51040.98875949202
101_951,0.9440860215053763,9.725553695716371e-14,4853.588888888891,Increasing,228567.4506451613,43483.89285440463
101_952,0.9268817204301075,2.702282841937631e-13,2177.0387499999997,Increasing,177468.1622580645,20448.33629606097
101_953,0.9354838709677419,1.6253665080512292e-13,2424.428999999999,Increasing,180943.88580645167,22302.609777333055
101_954,0.9397849462365592,1.2589929099249275e-13,2595.074117647058,Increasing,177938.34322580643,23284.17193171353
101_955,0.9354838709677419,1.6253665080512292e-13,4547.169285714287,Increasing,238289.73516129036,41150.62323709224
101_956,0.9182795698924732,4.4719783431901305e-13,2715.2975000000006,Increasing,162961.76741935484,25529.807507485526
101_957,0.8881720430107527,2.5139890169612045e-12,2474.829166666668,Increasing,189094.21709677417,23970.1438100305
101_958,0.875268817204301,5.1803006329009804e-12,2796.904999999999,Increasing,182638.99451612902,25654.26800504225
101_959,0.9225806451612903,3.4772185131259903e-13,2205.457500000002,Increasing,176943.23354838713,20363.810715277607
101_96,0.8623655913978494,1.0566436614567465e-11,2144.5600000000004,Increasing,161395.56741935483,19858.314185761406
101_960,0.9096774193548387,7.365219545363288e-13,1891.1800000000028,Increasing,165566.80096774193,17501.26753938519
101_961,0.9139784946236559,5.74207348336131e-13,3300.1875,Increasing,192427.40354838708,30164.23899924978
101_962,0.9053763440860215,9.43689570931383e-13,4653.503809523809,Increasing,253219.11677419354,43376.1560054121
101_963,0.8064516129032258,2.0618773355352005e-10,2312.457619047618,Increasing,177684.60741935478,21086.85860476996
101_964,0.9440860215053763,9.725553695716371e-14,2456.7516666666666,Increasing,179592.46935483871,22847.604452005813
101_965,0.9010752688172043,1.2074785615823203e-12,3279.959,Increasing,207349.12387096774,30838.73698163448
101_966,0.9354838709677419,1.6253665080512292e-13,3295.7773333333334,Increasing,185525.35225806452,29669.00383325155
101_967,0.9397849462365592,1.2589929099249275e-13,3398.9929999999995,Increasing,185975.1167741936,30319.137214761322
101_968,0.9182795698924732,4.4719783431901305e-13,3864.8280000000027,Increasing,218949.84548387094,34980.74636145717
101_969,0.9268817204301075,2.702282841937631e-13,2859.627999999997,Increasing,194916.88064516132,26950.34949825158
101_97,0.7591397849462366,2.1941650718559913e-09,1856.1650000000081,Increasing,167693.04677419356,17791.713321371648
101_970,0.8623655913978494,1.0566436614567465e-11,2470.621,Increasing,195557.34967741935,25076.377812130155
101_971,0.9526881720430107,5.795364188543317e-14,4640.937199999999,Increasing,216688.57322580647,41858.49946656268
101_972,0.9053763440860215,9.43689570931383e-13,7311.813666666667,Increasing,304837.04645161296,66781.93768617739
101_973,0.9741935483870968,1.554312234475219e-14,6223.6525,Increasing,265095.1709677419,55781.82141787628
101_974,0.9483870967741935,7.527312106958561e-14,7753.065555555555,Increasing,303809.4980645161,70238.32618461232
101_975,0.9268817204301075,2.702282841937631e-13,4575.513333333332,Increasing,234151.89419354842,41131.04116471142
101_976,0.9354838709677419,1.6253665080512292e-13,3380.632380952381,Increasing,184207.83161290328,30451.806744843947
101_977,0.9139784946236559,5.74207348336131e-13,3752.882380952381,Increasing,225987.37838709677,34346.2940196516
101_978,0.853763440860215,1.6898704657819508e-11,3838.475294117646,Increasing,211097.29096774195,35378.47287247653
101_979,0.9225806451612903,3.4772185131259903e-13,3310.9679999999994,Increasing,185331.3535483871,30016.03638607832
101_98,0.8795698924731182,4.075406678794025e-12,2205.548571428571,Increasing,168842.3161290323,20106.031240161727
101_980,0.9311827956989247,2.0961010704922955e-13,2598.2283333333326,Increasing,177731.51032258064,23360.51149974764
101_981,0.9483870967741935,7.527312106958561e-14,4452.74590909091,Increasing,225524.40677419357,40624.13218894693
101_982,0.8838709677419355,3.2027713814386516e-12,2817.2996153846157,Increasing,203847.0941935484,25944.465775685592
101_983,0.9225806451612903,3.4772185131259903e-13,2937.6911111111112,Increasing,185801.90290322583,25558.49124162687
101_984,0.9440860215053763,9.725553695716371e-14,4171.623333333332,Increasing,236753.38387096772,38226.45442966662
101_985,0.832258064516129,5.3585580417347956e-11,4308.905000000001,Increasing,230067.79612903224,39619.69614401864
101_986,0.8795698924731182,4.075406678794025e-12,2939.866428571429,Increasing,182970.2741935484,25763.87465684183
101_987,0.9010752688172043,1.2074785615823203e-12,2010.0360000000044,Increasing,171494.6293548387,18592.979935093597
101_988,0.9096774193548387,7.365219545363288e-13,4872.967999999999,Increasing,251621.89903225808,44108.83048648937
101_989,0.978494623655914,1.199040866595169e-14,5630.776153846154,Increasing,244156.49870967746,50430.14935226812
101_99,0.9311827956989247,2.0961010704922955e-13,2774.736499999999,Increasing,171427.14129032256,26002.787764484237
101_990,0.9182795698924732,4.4719783431901305e-13,5082.1426666666675,Increasing,258621.08645161285,46682.447706574276
101_991,0.6301075268817204,6.942911805474239e-07,1911.6503999999998,Increasing,164628.94161290323,18873.969545481643
101_992,0.9096774193548387,7.365219545363288e-13,3508.327727272727,Increasing,215177.85709677418,31904.20256025561
101_993,0.9440860215053763,9.725553695716371e-14,4749.422500000001,Increasing,246310.44838709675,43072.42745219462
101_994,0.9354838709677419,1.6253665080512292e-13,5205.432142857142,Increasing,259504.36161290325,47339.79813730713
101_995,0.9397849462365592,1.2589929099249275e-13,3940.5225000000028,Increasing,214303.13645161287,35739.786717567986
101_996,0.9741935483870968,1.554312234475219e-14,4491.498888888888,Increasing,170948.84967741935,40464.99936033573
101_997,0.9483870967741935,7.527312106958561e-14,2776.7235714285716,Increasing,161524.1877419355,25511.65380998422
101_998,0.9741935483870968,1.554312234475219e-14,2978.6266666666666,Increasing,172679.0116129033,27693.341207199283
147_1,0.9268817204301075,2.702282841937631e-13,3183.975000000006,Increasing,248954.90387096774,29692.408906685516
147_10,0.9397849462365592,1.2589929099249275e-13,4790.572499999998,Increasing,247677.97451612906,42950.97521926401
147_100,0.9139784946236559,5.74207348336131e-13,3704.6024999999995,Increasing,264024.59387096774,33631.9319107838
147_101,0.9397849462365592,1.2589929099249275e-13,2595.976666666664,Increasing,193843.69677419352,24127.62508994395
147_102,0.8666666666666667,8.341327628613726e-12,5868.136249999996,Increasing,308371.66354838706,54698.17014856963
147_103,0.9354838709677419,1.6253665080512292e-13,3562.813333333333,Increasing,213601.32838709676,32104.442679270247
147_104,0.9010752688172043,1.2074785615823203e-12,2816.4568181818177,Increasing,197477.37258064517,25780.979106304007
147_105,0.9354838709677419,1.6253665080512292e-13,3718.9979999999982,Increasing,209402.5909677419,34175.75956840135
147_106,0.9397849462365592,1.2589929099249275e-13,3891.0972727272733,Increasing,222083.729032258,36779.34764629582
147_107,0.956989247311828,4.4853010194856324e-14,3705.4669565217387,Increasing,208438.52677419354,33825.59368469159
147_108,0.8580645161290322,1.3370193840955835e-11,3196.050000000003,Increasing,209129.1693548387,30045.512942206573
147_109,0.978494623655914,1.199040866595169e-14,4054.2216666666645,Increasing,225632.87387096777,40309.98363825955
147_11,0.875268817204301,5.1803006329009804e-12,3057.463333333328,Increasing,225453.14161290327,28013.09871637945
147_110,0.9440860215053763,9.725553695716371e-14,3509.775,Increasing,203075.41935483867,31639.817746841625
147_111,0.9010752688172043,1.2074785615823203e-12,3035.0328571428568,Increasing,219456.0719354839,28805.43038616676
147_112,0.8881720430107527,2.5139890169612045e-12,6946.530833333338,Increasing,288545.71709677414,64237.06371841853
147_113,0.9225806451612903,3.4772185131259903e-13,3303.9886956521736,Increasing,229611.23709677422,31375.693563958608
147_114,0.8924731182795699,1.971089957919503e-12,2783.0440000000003,Increasing,220600.99612903225,26970.98051295416
147_115,0.896774193548387,1.5436540934388177e-12,4517.873333333333,Increasing,227563.24451612902,40462.136155190965
147_116,0.9225806451612903,3.4772185131259903e-13,2966.0218181818186,Increasing,215510.4474193548,29984.148633409186
147_117,0.875268817204301,5.1803006329009804e-12,4579.995499999999,Increasing,223484.62032258065,44433.60833121344
147_118,0.9225806451612903,3.4772185131259903e-13,5073.370000000001,Increasing,245012.09225806448,45986.98054896019
147_119,0.9440860215053763,9.725553695716371e-14,4851.965833333333,Increasing,232577.89870967742,45737.37649619596
147_12,0.8236559139784946,8.434986042971104e-11,2724.5699999999997,Increasing,206921.0583870968,25452.44909898432
147_120,0.896774193548387,1.5436540934388177e-12,4299.846363636363,Increasing,223212.44451612904,42289.66412028631
147_121,0.8236559139784946,8.434986042971104e-11,2464.539999999999,Increasing,226414.9716129032,23550.632873122555
147_122,0.8666666666666667,8.341327628613726e-12,3975.4899999999907,Increasing,237137.18225806454,36878.82782497652
147_123,0.8494623655913979,2.1334267685801933e-11,3324.8755555555563,Increasing,216661.25903225804,31646.892323299176
147_124,0.8580645161290322,1.3370193840955835e-11,2771.8854545454565,Increasing,226715.24064516134,25843.07551853936
147_125,0.8924731182795699,1.971089957919503e-12,2799.627857142858,Increasing,208358.58709677414,26436.564419674647
147_126,0.9483870967741935,7.527312106958561e-14,2949.7687499999993,Increasing,217957.99387096777,27160.540976229408
147_127,0.8494623655913979,2.1334267685801933e-11,2030.1599999999962,Increasing,199359.21419354834,19063.745238811844
147_128,0.9010752688172043,1.2074785615823203e-12,4328.1175,Increasing,263273.3525806452,39380.232444886315
147_129,0.7333333333333333,7.524344702858343e-09,1121.0893333333331,Increasing,161897.6670967742,10862.548112606524
147_13,0.9010752688172043,1.2074785615823203e-12,3474.506,Increasing,233223.8077419355,33969.53728447836
147_130,0.7634408602150538,1.779737912599444e-09,1033.3861111111119,Increasing,177077.49935483868,11198.134162867216
147_131,0.8623655913978494,1.0566436614567465e-11,2339.4787499999998,Increasing,210826.64096774187,22999.540290799552
147_132,0.896774193548387,1.5436540934388177e-12,2400.5605555555553,Increasing,176641.08580645162,21870.257612198675
147_133,0.9139784946236559,5.74207348336131e-13,4089.5892592592595,Increasing,223245.04999999996,36925.04657698261
147_134,0.9397849462365592,1.2589929099249275e-13,3396.045789473684,Increasing,213525.71838709677,30762.59350145836
147_135,0.7978494623655914,3.2018854234650007e-10,1007.6950000000012,Increasing,173355.67741935485,10401.554387409531
147_136,0.9182795698924732,4.4719783431901305e-13,4539.181875,Increasing,205684.63225806452,43002.612488449355
147_137,0.9827956989247312,9.103828801926284e-15,4195.345,Increasing,218704.6351612903,38005.94239015499
147_138,0.8924731182795699,1.971089957919503e-12,3973.476666666668,Increasing,222799.5,36174.10746618628
147_139,0.9440860215053763,9.725553695716371e-14,4983.052499999998,Increasing,217036.75,45323.46162891505
147_14,0.8451612903225807,2.6903368421926643e-11,1704.7619999999995,Increasing,205119.24193548385,15832.636557782222
147_140,0.9182795698924732,4.4719783431901305e-13,4817.289999999998,Increasing,262864.08258064516,44074.78754273548
147_141,0.9010752688172043,1.2074785615823203e-12,4158.200000000002,Increasing,255212.4929032258,37328.79405204394
147_142,0.8064516129032258,2.0618773355352005e-10,2876.658888888889,Increasing,211989.21806451614,27550.69819471444
147_143,0.9010752688172043,1.2074785615823203e-12,2436.674000000001,Increasing,190993.1422580645,22170.715685416188
147_144,0.9440860215053763,9.725553695716371e-14,4113.1175,Increasing,239011.8535483871,39558.31081382256
147_145,0.9053763440860215,9.43689570931383e-13,6031.0615789473695,Increasing,253691.56741935486,55301.53734168291
147_146,0.8881720430107527,2.5139890169612045e-12,3454.1136363636365,Increasing,220536.4980645161,34570.06056105806
147_147,0.9397849462365592,1.2589929099249275e-13,4966.113125,Increasing,223953.6693548387,44759.97690742716
147_148,0.9397849462365592,1.2589929099249275e-13,2464.2530769230775,Increasing,195700.27032258062,21928.08405245531
147_149,0.8236559139784946,8.434986042971104e-11,3415.312222222222,Increasing,248172.36096774196,31329.112200475192
147_15,0.9741935483870968,1.554312234475219e-14,2605.9533333333384,Increasing,191960.40354838705,24653.230452671956
147_150,0.9483870967741935,7.527312106958561e-14,4853.351,Increasing,240754.42967741936,44012.21333527748
147_151,0.9096774193548387,7.365219545363288e-13,4872.939411764706,Increasing,219457.56774193552,48969.03792249039
147_152,0.8623655913978494,1.0566436614567465e-11,1765.4588888888893,Increasing,158202.52838709674,16577.411572652614
147_153,0.9397849462365592,1.2589929099249275e-13,2692.867142857144,Increasing,171578.76064516132,26066.503297047962
147_154,0.8494623655913979,2.1334267685801933e-11,4314.426666666676,Increasing,271225.0022580645,41220.134722593204
147_155,0.9010752688172043,1.2074785615823203e-12,2555.5599999999977,Increasing,204661.36483870965,23957.08812396823
147_156,0.8150537634408602,1.3217715810753816e-10,2261.128181818182,Increasing,184886.6335483871,21253.683982152295
147_157,0.9698924731182795,2.042810365310288e-14,3247.125,Increasing,203734.82677419356,29171.864596823583
147_158,0.9010752688172043,1.2074785615823203e-12,3763.644999999997,Increasing,207532.0577419355,34345.829658037015
147_159,0.8064516129032258,2.0618773355352005e-10,2091.2750000000015,Increasing,200759.10354838712,20038.429271909503
147_16,0.9440860215053763,9.725553695716371e-14,6357.286249999997,Increasing,298359.8222580645,61834.44930217411
147_160,0.9397849462365592,1.2589929099249275e-13,4409.410400000001,Increasing,228569.10645161287,39944.79367888318
147_161,0.7548387096774194,2.7020465864779908e-09,1217.3099999999993,Increasing,144126.33806451614,12118.465353425876
147_162,0.875268817204301,5.1803006329009804e-12,3472.2503448275866,Increasing,210840.40774193552,32616.40735561829
147_163,0.8494623655913979,2.1334267685801933e-11,2870.3513333333326,Increasing,204848.62580645166,27166.658537285784
147_164,0.9225806451612903,3.4772185131259903e-13,3537.0300000000025,Increasing,255307.2503225807,32000.65013872853
147_165,0.9483870967741935,7.527312106958561e-14,4185.470000000001,Increasing,250848.40064516128,38499.49383353777
147_166,0.9483870967741935,7.527312106958561e-14,4498.49238095238,Increasing,249407.16129032258,40872.27911941317
147_167,0.853763440860215,1.6898704657819508e-11,3574.8064,Increasing,229394.9822580645,32769.26236806245
147_168,0.9354838709677419,1.6253665080512292e-13,6762.052307692312,Increasing,282593.420967742,60689.046161190614
147_169,0.9139784946236559,5.74207348336131e-13,7080.716,Increasing,311938.39,64505.46638909506
147_17,0.8795698924731182,4.075406678794025e-12,1779.973333333331,Increasing,164229.31225806454,16223.050966164345
147_170,0.8881720430107527,2.5139890169612045e-12,3450.116666666667,Increasing,201958.5883870968,33556.79761159117
147_171,0.8795698924731182,4.075406678794025e-12,4468.99714285714,Increasing,240792.2109677419,41786.93614204212
147_172,0.9053763440860215,9.43689570931383e-13,6174.556190476192,Increasing,276142.780967742,55911.72552956925
147_173,0.8623655913978494,1.0566436614567465e-11,3372.7618749999983,Increasing,220260.58354838708,30400.685234447785
147_174,0.9397849462365592,1.2589929099249275e-13,5145.20294117647,Increasing,225047.0222580645,48948.975899418794
147_175,0.9655913978494624,2.6423307986078726e-14,4554.0657142857135,Increasing,235099.62903225806,41748.98658436535
147_176,0.9440860215053763,9.725553695716371e-14,4256.669230769229,Increasing,228617.92709677416,39594.94094314692
147_177,0.8881720430107527,2.5139890169612045e-12,4044.5912499999977,Increasing,226932.31741935483,37152.86677440982
147_178,0.9182795698924732,4.4719783431901305e-13,4649.964166666668,Increasing,242945.1725806452,43752.200116401815
147_179,0.9096774193548387,7.365219545363288e-13,5156.1579999999985,Increasing,262878.075483871,46879.17791010225
147_18,0.8795698924731182,4.075406678794025e-12,1966.9442105263158,Increasing,163156.02774193548,17981.857190018247
147_180,0.8838709677419355,3.2027713814386516e-12,3360.3947619047635,Increasing,230842.99483870965,30847.66266255651
147_181,0.9354838709677419,1.6253665080512292e-13,3788.6349999999948,Increasing,227582.27967741934,35722.54623729674
147_182,0.9268817204301075,2.702282841937631e-13,3799.771764705882,Increasing,220940.48580645156,34086.4239414679
147_183,0.8279569892473119,6.726863510664316e-11,4320.035000000001,Increasing,210417.73548387093,40782.15252073259
147_184,0.853763440860215,1.6898704657819508e-11,2738.7094117647057,Increasing,204939.1522580645,25437.542166868207
147_185,0.8924731182795699,1.971089957919503e-12,4189.405789473685,Increasing,246487.45451612902,38549.735816582404
147_186,0.9139784946236559,5.74207348336131e-13,3884.220952380953,Increasing,221862.32096774198,34977.3429516982
147_187,0.8365591397849462,4.263767117151929e-11,3981.8411764705875,Increasing,239220.75419354843,34204.23847173157
147_188,0.9397849462365592,1.2589929099249275e-13,3976.330476190475,Increasing,231970.82451612898,35498.972961434585
147_189,0.9053763440860215,9.43689570931383e-13,4288.1118181818165,Increasing,235394.80258064516,39194.61505961714
147_19,0.8064516129032258,2.0618773355352005e-10,1281.9757142857145,Increasing,157663.17064516133,12814.27792712537
147_190,0.9225806451612903,3.4772185131259903e-13,4660.518888888891,Increasing,226339.32387096778,43170.72967270217
147_191,0.9483870967741935,7.527312106958561e-14,3243.6184210526317,Increasing,202775.60677419355,28931.215024507463
147_192,0.8150537634408602,1.3217715810753816e-10,3252.5806249999987,Increasing,237953.78032258063,31597.43331105147
147_193,0.9354838709677419,1.6253665080512292e-13,3580.031176470588,Increasing,201800.6938709677,32327.79301400234
147_194,0.9096774193548387,7.365219545363288e-13,7160.094399999999,Increasing,290412.9006451613,65730.19116702024
147_195,0.9096774193548387,7.365219545363288e-13,4019.333076923076,Increasing,223422.40225806454,36438.40520977325
147_196,0.7419354838709677,5.012174675300685e-09,2039.6003448275862,Increasing,222405.10967741933,20656.922202191767
147_197,0.8838709677419355,3.2027713814386516e-12,4744.423181818182,Increasing,254859.18580645166,43574.355870932646
147_198,0.9010752688172043,1.2074785615823203e-12,3325.838749999999,Increasing,215390.82838709673,30988.216295781884
147_199,0.9225806451612903,3.4772185131259903e-13,2877.4864285714284,Increasing,196152.81387096774,26197.150383938362
147_2,0.9397849462365592,1.2589929099249275e-13,4026.3389999999986,Increasing,228583.71580645163,35785.49056781107
147_20,0.8494623655913979,2.1334267685801933e-11,2045.8532000000007,Increasing,172175.1206451613,19091.50666930158
147_200,0.8881720430107527,2.5139890169612045e-12,2433.036923076924,Increasing,189171.5264516129,21493.60082595201
147_201,0.875268817204301,5.1803006329009804e-12,2541.107857142858,Increasing,174550.89548387093,23516.214165756668
147_202,0.9225806451612903,3.4772185131259903e-13,2392.2486363636363,Increasing,175299.8148387097,22213.57148544903
147_203,0.9655913978494624,2.6423307986078726e-14,2379.9738888888905,Increasing,186098.48161290324,21455.43712229894
147_204,0.9268817204301075,2.702282841937631e-13,2537.58375,Increasing,185641.0929032258,25112.141332258336
147_205,0.8580645161290322,1.3370193840955835e-11,2636.7469230769225,Increasing,168405.4687096774,25888.43758114393
147_206,0.9397849462365592,1.2589929099249275e-13,3109.958124999999,Increasing,204540.69387096778,28108.03434987316
147_207,0.9182795698924732,4.4719783431901305e-13,2452.800000000001,Increasing,188344.53193548392,24869.3057486505
147_208,0.8881720430107527,2.5139890169612045e-12,3683.5050000000006,Increasing,241791.96806451614,34021.733172074986
147_209,0.8709677419354839,6.577183242484352e-12,1701.642173913043,Increasing,172232.90096774194,15890.38049021693
147_21,0.9741935483870968,1.554312234475219e-14,4042.5016666666684,Increasing,217525.8832258064,37546.438222046534
147_210,0.8924731182795699,1.971089957919503e-12,3244.50999999998,Increasing,225883.49451612897,29560.908324396045
147_211,0.832258064516129,5.3585580417347956e-11,3220.976153846154,Increasing,210754.85322580647,29883.060598889126
147_212,0.8795698924731182,4.075406678794025e-12,5102.328333333331,Increasing,255397.64161290324,46267.8549333448
147_213,0.7935483870967742,3.983280372210629e-10,1495.470434782609,Increasing,176578.9541935484,14589.391237072889
147_214,0.956989247311828,4.4853010194856324e-14,4966.671111111112,Increasing,264301.7225806452,45087.87391918599
147_215,0.8279569892473119,6.726863510664316e-11,2853.284444444444,Increasing,221266.63225806452,26175.68401279839
147_216,0.9655913978494624,2.6423307986078726e-14,4500.535000000001,Increasing,225544.91064516126,42737.83099634591
147_217,0.9311827956989247,2.0961010704922955e-13,3740.2642307692304,Increasing,203591.96580645163,33748.11297735162
147_218,0.9526881720430107,5.795364188543317e-14,3097.7016666666655,Increasing,206851.59516129034,31051.678450610816
147_219,0.7462365591397849,4.083862803483385e-09,1674.6377272727273,Increasing,188888.24032258062,15634.77122404036
147_22,0.6989247311827957,3.653338875864165e-08,1341.5466666666678,Increasing,217986.0341935484,15623.487091685283
147_220,0.9010752688172043,1.2074785615823203e-12,3570.7305263157896,Increasing,211235.13709677418,33131.96570817375
147_221,0.9440860215053763,9.725553695716371e-14,7093.006666666668,Increasing,257223.2680645161,65176.06041187578
147_222,0.9139784946236559,5.74207348336131e-13,5715.261666666668,Increasing,260579.74677419354,51459.70258706092
147_223,0.8666666666666667,8.341327628613726e-12,3092.8600000000056,Increasing,230211.73580645162,28284.684583655446
147_224,0.9225806451612903,3.4772185131259903e-13,2780.701999999999,Increasing,219590.15516129034,25813.716789214977
147_225,0.9268817204301075,2.702282841937631e-13,6159.102500000001,Increasing,264737.65129032254,61097.04153924253
147_226,0.9440860215053763,9.725553695716371e-14,4836.91923076923,Increasing,224788.94774193555,44281.5859982082
147_227,0.9311827956989247,2.0961010704922955e-13,4044.3541666666665,Increasing,226938.74193548388,36913.45907597534
147_228,0.9612903225806452,3.441691376337985e-14,5489.392307692306,Increasing,242678.54290322578,49054.89796014173
147_229,0.9397849462365592,1.2589929099249275e-13,6820.865625,Increasing,291399.8687096774,61756.13199419496
147_23,0.8838709677419355,3.2027713814386516e-12,2521.5050000000047,Increasing,171953.42064516133,22911.334028262638
147_230,0.9225806451612903,3.4772185131259903e-13,4820.5875000000015,Increasing,237147.12967741935,44248.624201619554
147_231,0.8236559139784946,8.434986042971104e-11,2315.599047619047,Increasing,182459.7619354839,21176.43125509956
147_232,0.9225806451612903,3.4772185131259903e-13,1830.2466666666664,Increasing,193248.055483871,16843.04629368641
147_233,0.6946236559139785,4.4286428968476343e-08,2117.755789473685,Increasing,192008.34838709675,20501.32376481595
147_235,0.9096774193548387,7.365219545363288e-13,3712.7885714285712,Increasing,202957.28419354837,34586.44870071018
147_236,0.9397849462365592,1.2589929099249275e-13,2211.829166666668,Increasing,186641.07935483873,21108.752519593498
147_237,0.8795698924731182,4.075406678794025e-12,3599.486363636363,Increasing,231580.55032258065,32516.226979092968
147_24,0.9311827956989247,2.0961010704922955e-13,1734.1227272727278,Increasing,156697.47483870966,16108.886647310823
147_25,0.8666666666666667,8.341327628613726e-12,3114.5969230769238,Increasing,228389.34580645163,28846.41887544223
147_26,0.9096774193548387,7.365219545363288e-13,3271.110454545454,Increasing,225926.1806451613,30817.07619606711
147_27,0.9311827956989247,2.0961010704922955e-13,4647.408260869566,Increasing,231918.15032258065,42329.00665662652
147_28,0.6903225806451613,5.362454658097704e-08,2591.04,Increasing,230433.19741935478,27282.475957595692
147_29,0.832258064516129,5.3585580417347956e-11,2674.444285714286,Increasing,214784.03322580646,25726.548382973815
147_3,0.9225806451612903,3.4772185131259903e-13,3580.7033333333343,Increasing,207100.31161290323,32322.102710723542
147_30,0.9354838709677419,1.6253665080512292e-13,4066.935714285715,Increasing,230869.43709677423,39060.78622746175
147_31,0.9483870967741935,7.527312106958561e-14,5446.1179999999995,Increasing,239519.25709677418,49011.16452995985
147_32,0.7247311827956989,1.1244890574246824e-08,2552.0033333333363,Increasing,207051.224516129,24003.84209626583
147_33,0.7204301075268817,1.3723514991070829e-08,2924.083703703704,Increasing,215399.1793548387,29729.241553898497
147_34,0.9182795698924732,4.4719783431901305e-13,3246.00652173913,Increasing,220335.83645161285,29647.795733396393
147_35,0.9053763440860215,9.43689570931383e-13,4172.322142857141,Increasing,218451.9874193549,38373.504447380044
147_36,0.9311827956989247,2.0961010704922955e-13,4033.0418181818172,Increasing,211638.07903225807,37264.00846377731
147_37,0.956989247311828,4.4853010194856324e-14,4638.966,Increasing,216225.00193548386,42315.51375188739
147_38,0.9526881720430107,5.795364188543317e-14,2772.751250000001,Increasing,189552.8451612904,26604.875470906292
147_39,0.9096774193548387,7.365219545363288e-13,2731.3863157894734,Increasing,203783.37096774194,25957.496726992536
147_4,0.9612903225806452,3.441691376337985e-14,5071.619999999995,Increasing,241617.1787096774,46057.92223715844
147_40,0.9397849462365592,1.2589929099249275e-13,3264.570952380952,Increasing,189114.47967741932,29072.663912082982
147_41,0.8580645161290322,1.3370193840955835e-11,3689.648333333336,Increasing,226856.47967741935,32794.390483198884
147_42,0.8838709677419355,3.2027713814386516e-12,3265.1488888888885,Increasing,195130.43322580648,29376.20266838684
147_43,0.8709677419354839,6.577183242484352e-12,3244.0992857142846,Increasing,201739.42387096773,29597.108364075757
147_44,0.9311827956989247,2.0961010704922955e-13,4011.700588235294,Increasing,225062.91903225807,36217.32831832774
147_45,0.9139784946236559,5.74207348336131e-13,3223.0689285714284,Increasing,210345.86483870962,29408.870809061944
147_46,0.9268817204301075,2.702282841937631e-13,3130.604210526315,Increasing,203643.06838709678,29367.439461704816
147_47,0.9096774193548387,7.365219545363288e-13,3166.5530769230772,Increasing,182630.10677419353,29394.116378951494
147_48,0.9225806451612903,3.4772185131259903e-13,3135.687619047619,Increasing,198079.615483871,28560.15732935
147_49,0.8924731182795699,1.971089957919503e-12,2605.523333333333,Increasing,200557.44387096775,24089.97004323512
147_5,0.8150537634408602,1.3217715810753816e-10,2332.470000000001,Increasing,192876.96677419357,20832.36437597788
147_50,0.9655913978494624,2.6423307986078726e-14,3471.4538095238095,Increasing,191089.1561290323,32663.069643299452
147_51,0.810752688172043,1.651789816037308e-10,3521.590999999999,Increasing,253608.52935483868,32758.737774925467
147_52,0.9483870967741935,7.527312106958561e-14,3259.1875,Increasing,197310.38419354838,29934.3220094915
147_53,0.875268817204301,5.1803006329009804e-12,3469.8044999999997,Increasing,183177.59612903223,33313.75435444623
147_54,0.9397849462365592,1.2589929099249275e-13,2459.757857142858,Increasing,171152.8190322581,22237.998355289543
147_55,0.9268817204301075,2.702282841937631e-13,4217.486,Increasing,218699.97483870963,38473.94000269666
147_56,0.9225806451612903,3.4772185131259903e-13,3758.1169999999984,Increasing,196566.48225806456,33916.6775563874
147_57,0.9483870967741935,7.527312106958561e-14,3030.019375,Increasing,194872.48967741933,28053.1825000744
147_58,0.9354838709677419,1.6253665080512292e-13,3391.7654545454557,Increasing,194705.82161290324,30992.030799662974
147_59,0.8580645161290322,1.3370193840955835e-11,2837.9841666666666,Increasing,189019.7090322581,26231.434867033517
147_6,0.8838709677419355,3.2027713814386516e-12,2309.1983333333337,Increasing,220731.15387096774,24136.08234625157
147_60,0.9397849462365592,1.2589929099249275e-13,2681.3629411764714,Increasing,193093.3674193548,23990.616942822828
147_61,0.9311827956989247,2.0961010704922955e-13,3221.334285714285,Increasing,200681.45483870967,29097.536829017197
147_62,0.8580645161290322,1.3370193840955835e-11,3314.399999999994,Increasing,234664.80741935485,32263.24245783057
147_63,0.9311827956989247,2.0961010704922955e-13,3320.6611111111124,Increasing,201624.87290322583,30559.578793411358
147_64,0.9053763440860215,9.43689570931383e-13,2698.357272727275,Increasing,190285.3341935484,25319.529912252143
147_65,0.9311827956989247,2.0961010704922955e-13,3213.7071428571417,Increasing,197593.67129032259,29044.663898753137
147_66,0.9139784946236559,5.74207348336131e-13,3450.6395652173924,Increasing,211618.0041935484,31456.33221681578
147_67,0.8666666666666667,8.341327628613726e-12,3530.5833333333335,Increasing,230460.59806451612,34123.9323790966
147_68,0.7204301075268817,1.3723514991070829e-08,2247.8222222222216,Increasing,196936.1287096774,21703.27055630716
147_69,0.896774193548387,1.5436540934388177e-12,3303.5194736842104,Increasing,214841.11064516124,30934.662341567273
147_7,0.9139784946236559,5.74207348336131e-13,3154.7662962962963,Increasing,237498.14451612905,29119.229470465143
147_70,0.7849462365591398,6.143836550620563e-10,2589.695925925926,Increasing,202240.16999999998,24196.171974631485
147_71,0.8150537634408602,1.3217715810753816e-10,2521.1095,Increasing,194673.06258064517,23860.035217330085
147_72,0.8838709677419355,3.2027713814386516e-12,1963.5827272727277,Increasing,176697.01548387102,20097.437768947602
147_73,0.9354838709677419,1.6253665080512292e-13,3556.3183333333322,Increasing,223358.32645161296,31852.47809022669
147_74,0.9354838709677419,1.6253665080512292e-13,3924.519230769231,Increasing,245811.07645161293,36427.98342892821
147_75,0.9225806451612903,3.4772185131259903e-13,4139.315,Increasing,213240.91548387098,39127.91792122988
147_76,0.7376344086021506,6.144577069377988e-09,1779.1699999999837,Increasing,182914.1783870968,16454.756218018152
147_77,0.8580645161290322,1.3370193840955835e-11,1266.1905882352935,Increasing,170469.10096774195,12188.815401728023
147_78,0.9139784946236559,5.74207348336131e-13,3761.9425000000047,Increasing,223059.86709677416,33964.60350070009
147_79,0.9096774193548387,7.365219545363288e-13,2077.2370588235294,Increasing,176547.34193548388,20222.005210324467
147_8,0.6559139784946236,2.379948262909437e-07,1837.5124999999996,Increasing,211348.85935483873,19050.17068133307
147_80,0.7634408602150538,1.779737912599444e-09,2042.6581818181824,Increasing,186879.77774193548,19956.106259851447
147_81,0.8064516129032258,2.0618773355352005e-10,1579.7133333333331,Increasing,186050.27161290325,19388.20487066184
147_82,0.8150537634408602,1.3217715810753816e-10,2444.894285714285,Increasing,193562.77612903225,22271.26039342497
147_83,0.9139784946236559,5.74207348336131e-13,3358.685555555557,Increasing,209677.11774193548,30849.688572944608
147_84,0.896774193548387,1.5436540934388177e-12,2407.442777777778,Increasing,192949.4422580645,21769.691058235472
147_85,0.9526881720430107,5.795364188543317e-14,3140.4781249999996,Increasing,198680.63193548386,28886.504447985062
147_86,0.9182795698924732,4.4719783431901305e-13,2952.6039130434788,Increasing,204061.89548387096,27603.066412125754
147_87,0.875268817204301,5.1803006329009804e-12,1444.1707142857153,Increasing,167171.33161290325,13472.797161556535
147_88,0.8408602150537634,3.388800351444843e-11,2568.860434782609,Increasing,187877.4164516129,23903.861393326086
147_89,0.9053763440860215,9.43689570931383e-13,3349.738888888888,Increasing,204508.87677419352,35369.30797820221
147_9,0.9096774193548387,7.365219545363288e-13,2319.7299999999987,Increasing,188854.75064516126,21222.594282502836
147_90,0.9354838709677419,1.6253665080512292e-13,2942.6693333333337,Increasing,188497.60290322584,27505.72525979452
147_91,0.8709677419354839,6.577183242484352e-12,3124.7705,Increasing,198000.43645161294,28550.651304596566
147_92,0.9053763440860215,9.43689570931383e-13,3440.527500000004,Increasing,193543.1625806451,32091.5562424965
147_93,0.8838709677419355,3.2027713814386516e-12,4318.0283333333355,Increasing,229419.01774193547,39356.612265656666
147_94,0.9268817204301075,2.702282841937631e-13,5015.448888888886,Increasing,266183.95516129036,45164.98095146532
147_95,0.9010752688172043,1.2074785615823203e-12,6569.15409090909,Increasing,311336.05064516125,59733.54778974276
147_96,0.8279569892473119,6.726863510664316e-11,2116.0992307692313,Increasing,198298.2706451613,23113.810793973364
147_97,0.9096774193548387,7.365219545363288e-13,3419.2899999999936,Increasing,206127.02322580642,31469.55481885713
147_98,0.810752688172043,1.651789816037308e-10,2369.9582608695655,Increasing,200095.22096774195,23301.246360710236
147_99,0.9526881720430107,5.795364188543317e-14,4053.9400000000023,Increasing,249618.7932258064,38003.53807905389
