location,tau,p_value,slope,trend_class,mean_value,std_value
101_1,-0.8044354838709677,1.0882916789967112e-10,-0.4784593837535014,Decreasing,12.4840625,4.486389736870143
101_10,-0.8266129032258065,3.299827078251383e-11,-0.9073461538461538,Decreasing,22.8634375,8.25399396102237
101_100,-0.9112903225806451,2.6001423236721166e-13,-0.7124999999999999,Decreasing,43.480624999999996,6.939905860987956
101_1000,-0.9657258064516129,9.103828801926284e-15,-2.1694736842105273,Decreasing,44.70343750000001,20.513494127246915
101_1001,-0.782258064516129,3.479141419404641e-10,-0.4284523809523809,Decreasing,13.619062499999998,4.153716227198694
101_1002,-0.5887096774193549,2.370209626567643e-06,-0.36071428571428565,Decreasing,17.9859375,3.975610691591136
101_1003,-0.592741935483871,2.019923096563403e-06,-0.22499999999999992,Decreasing,38.971875,2.7987278778714804
101_1004,-0.9334677419354839,6.772360450213455e-14,-0.9548076923076924,Decreasing,22.6784375,8.940963702733265
101_1005,-0.8951612903225806,6.774580896262705e-13,-0.6364285714285715,Decreasing,20.9315625,6.111560822211765
101_1006,-0.9435483870967742,3.6415315207705135e-14,-0.8219047619047618,Decreasing,22.015,7.748371603117651
101_1007,-0.9274193548387096,9.814371537686384e-14,-1.318598901098901,Decreasing,42.663125,12.969619654576421
101_1008,-0.9193548387096774,1.6009416015094757e-13,-0.696287878787879,Decreasing,17.623125,7.462810059513441
101_1009,-0.7338709677419355,3.942868698203483e-09,-0.3071428571428572,Decreasing,14.318750000000001,3.144846727187193
101_101,-0.8649193548387096,3.903322109977125e-12,-0.7089285714285718,Decreasing,19.1515625,7.520918789190171
101_1010,-0.8709677419354839,2.7626789744772395e-12,-0.6473461538461538,Decreasing,24.3821875,6.427292749660913
101_1013,-0.7580645161290323,1.193087628692524e-09,-0.6179666666666666,Decreasing,22.824375,6.098182074141031
101_1014,-0.7842741935483871,3.1343416750928554e-10,-0.5932291666666669,Decreasing,27.3425,6.129938825143364
101_1015,-0.7560483870967742,1.3199186188472822e-09,-0.44572727272727275,Decreasing,21.415,4.569154735834627
101_1016,-0.7298387096774194,4.794858066148322e-09,-0.5259166666666668,Decreasing,49.3275,5.7987687270661175
101_1017,-0.43548387096774194,0.0004893169184720936,-0.18833333333333357,Decreasing,42.1140625,2.741795556035087
101_1018,-0.05241935483870968,0.6851751854528196,-0.027223529411764705,No significant trend,46.042812500000004,3.5855754719213135
101_1019,-0.9314516129032258,7.682743330406083e-14,-0.6967361111111112,Decreasing,15.645624999999999,7.433516974445878
101_102,-0.844758064516129,1.2144951710979512e-11,-0.6625541125541123,Decreasing,26.488437500000003,6.422649915229208
101_1020,-0.9294354838709677,8.681944052568724e-14,-0.8623809523809525,Decreasing,21.3709375,8.424060169899889
101_1021,-0.7782258064516129,4.2833958602273015e-10,-0.31683333333333336,Decreasing,14.0840625,3.169144067582563
101_1022,-0.8245967741935484,3.682676386063122e-11,-0.6207142857142858,Decreasing,15.3828125,6.266783582097259
101_1023,-0.7479838709677419,1.9721104749237384e-09,-0.41249999999999987,Decreasing,17.3284375,4.0971248374431735
101_1024,-0.8185483870967742,5.111089329545848e-11,-0.5149411764705882,Decreasing,29.0953125,5.008268153997323
101_1025,-0.6350806451612904,3.54369133592769e-07,-0.30431372549019603,Decreasing,15.0659375,3.374510945469543
101_1026,-0.7520161290322581,1.6142178704825483e-09,-0.43010536398467436,Decreasing,47.6934375,4.182379413514961
101_1027,-0.8467741935483871,1.0854206422550305e-11,-0.6090625000000001,Decreasing,21.765,5.8956721414949795
101_1028,-0.8669354838709677,3.4794389591752406e-12,-1.2973030303030306,Decreasing,53.416875000000005,12.372670093168047
101_1029,-0.9596774193548387,1.3322676295501878e-14,-0.7479861111111112,Decreasing,25.1665625,7.036277695528635
101_103,-0.594758064516129,1.8639903685002679e-06,-0.5361151960784314,Decreasing,49.9928125,6.124915935328725
101_1030,-0.7923387096774194,2.0593349248088089e-10,-0.47593045112781956,Decreasing,15.349062499999999,4.854321115881576
101_1031,-0.6915322580645161,2.9223376829534686e-08,-0.20740384615384613,Decreasing,15.4559375,2.3198300845307074
101_1032,-0.7963709677419355,1.666657922783088e-10,-0.4383958333333334,Decreasing,15.689374999999998,4.427035504643598
101_1033,-0.8245967741935484,3.682676386063122e-11,-0.8492444444444447,Decreasing,23.679375,9.26651361674794
101_1034,-0.844758064516129,1.2144951710979512e-11,-0.4607878787878788,Decreasing,23.878437499999997,4.475562191903242
101_1035,-0.7741935483870968,5.268148139947471e-10,-0.5559078947368421,Decreasing,32.5634375,5.4074945731451045
101_1036,-0.9858870967741935,2.4424906541753444e-15,-0.8059340659340661,Decreasing,41.2009375,7.890677790664991
101_1037,-0.7923387096774194,2.0593349248088089e-10,-0.5666071428571429,Decreasing,23.754687500000003,5.732830880319404
101_1038,-0.9758064516129032,4.884981308350689e-15,-0.9587083333333334,Decreasing,34.713125,8.884289658401228
101_1039,-0.9274193548387096,9.814371537686384e-14,-0.6121025641025641,Decreasing,17.814375000000002,5.725421347759045
101_104,-0.8266129032258065,3.299827078251383e-11,-0.8258188585607942,Decreasing,50.256249999999994,8.006714662550428
101_1040,-0.8669354838709677,3.4794389591752406e-12,-0.6027443609022557,Decreasing,24.6703125,5.826483976408393
101_1042,-0.9274193548387096,9.814371537686384e-14,-0.7887301587301585,Decreasing,31.2653125,7.476102754934803
101_1043,-0.9475806451612904,2.842170943040401e-14,-0.6303571428571431,Decreasing,31.877812499999997,5.80699832872748
101_1044,-0.8568548387096774,6.165290500348419e-12,-1.0750000000000002,Decreasing,45.1671875,10.227760090305392
101_1045,-0.9475806451612904,2.842170943040401e-14,-0.8955357142857141,Decreasing,33.5040625,8.321233704871757
101_1046,-0.7056451612903226,1.5177737733296226e-08,-0.3605172413793103,Decreasing,16.127499999999998,3.6402232074420935
101_1047,-0.1935483870967742,0.12342316732733916,-0.0842642140468228,No significant trend,48.9103125,2.003174799497974
101_1048,-0.842741935483871,1.3585577107733116e-11,-0.44412698412698404,Decreasing,16.423125,5.319324697212513
101_1049,-0.4737903225806452,0.00014785185590326932,-0.3166,Decreasing,55.085625,4.491814038823847
101_105,-0.9133064516129032,2.304822999121825e-13,-0.7893749999999997,Decreasing,32.3553125,7.8242791139084344
101_1050,-0.8467741935483871,1.0854206422550305e-11,-0.6426965517241379,Decreasing,16.7578125,6.878097817699581
101_1051,-0.9758064516129032,4.884981308350689e-15,-1.3580555555555558,Decreasing,28.948125,13.661755111784688
101_1052,-0.9637096774193549,1.021405182655144e-14,-1.065597701149425,Decreasing,39.184687499999995,9.975346793587867
101_1054,-0.9354838709677419,5.995204332975845e-14,-1.0245833333333332,Decreasing,27.4221875,9.69542989453504
101_1055,-0.8709677419354839,2.7626789744772395e-12,-0.8167129629629628,Decreasing,21.059375,7.7877467607373445
101_1056,-0.9556451612903226,1.709743457922741e-14,-1.2395238095238086,Decreasing,30.4034375,11.808849861802534
101_1057,-0.8306451612903226,2.6473268022186858e-11,-0.48816666666666664,Decreasing,21.791562499999998,4.678761260589575
101_1058,-0.9193548387096774,1.6009416015094757e-13,-0.6764102564102565,Decreasing,23.137500000000003,6.900179345495304
101_1059,-0.7318548387096774,4.348602589132611e-09,-0.3361904761904765,Decreasing,19.863750000000003,3.541248676314613
101_106,-0.8649193548387096,3.903322109977125e-12,-0.7309999999999999,Decreasing,35.294687499999995,6.837455202949687
101_1060,-0.9153225806451613,2.0405899192610377e-13,-0.5960714285714283,Decreasing,16.965000000000003,7.318788748829959
101_1061,-0.41330645161290325,0.0009391233403026611,-0.34850000000000014,Decreasing,43.4925,4.9472637639406285
101_1063,-0.7520161290322581,1.6142178704825483e-09,-0.39442647058823543,Decreasing,33.544062499999995,4.029021949691233
101_1064,-0.8366935483870968,1.8986590077929577e-11,-0.6139047619047613,Decreasing,52.393125,5.946753545790761
101_1065,-0.8608870967741935,4.908073947262892e-12,-0.5585438596491228,Decreasing,15.7575,5.564816933197354
101_1066,-0.8870967741935484,1.0869083411080283e-12,-0.615,Decreasing,18.565624999999997,6.548837653307264
101_1067,-0.9274193548387096,9.814371537686384e-14,-0.5771428571428572,Decreasing,17.0090625,5.377219518124004
101_1068,-0.8951612903225806,6.774580896262705e-13,-0.7152777777777777,Decreasing,29.128437500000004,6.875929077847863
101_1069,-0.9032258064516129,4.205524817280093e-13,-0.7904040404040403,Decreasing,41.659062500000005,7.736368802357715
101_107,-0.8245967741935484,3.682676386063122e-11,-0.9822407407407409,Decreasing,47.556875000000005,9.401134053100987
101_1070,-0.9556451612903226,1.709743457922741e-14,-0.7296820175438596,Decreasing,26.6328125,6.807752581788189
101_1071,-0.6935483870967742,2.6632843708185305e-08,-0.35095000000000004,Decreasing,12.154687500000001,3.641203427761727
101_1073,-0.5967741935483871,1.7196589441326182e-06,-0.33830484330484334,Decreasing,11.29875,4.036603422123605
101_1074,-0.8669354838709677,3.4794389591752406e-12,-0.3630357142857143,Decreasing,14.695,4.030451277462612
101_1075,-0.8568548387096774,6.165290500348419e-12,-0.49696153846153834,Decreasing,20.863750000000003,4.573766056271352
101_1076,-0.8891129032258065,9.661160760288112e-13,-0.5586363636363636,Decreasing,18.7778125,6.210563447855899
101_1077,-0.8729838709677419,2.460920356384122e-12,-0.4276455026455026,Decreasing,15.930625000000001,3.9804985063902487
101_1078,-0.6149193548387096,8.23131043548031e-07,-0.20577380952380953,Decreasing,13.587499999999999,3.4494365481916027
101_1079,-0.5766129032258065,3.8062807836691803e-06,-0.3587499999999999,Decreasing,24.494687499999998,4.414326806246198
101_108,-0.7923387096774194,2.0593349248088089e-10,-0.8434999999999997,Decreasing,42.7078125,8.19945376777281
101_1081,-0.8387096774193549,1.6986412276764895e-11,-0.8196428571428572,Decreasing,21.830937499999997,8.302215577548788
101_1082,-0.7560483870967742,1.3199186188472822e-09,-0.5237647058823527,Decreasing,39.240624999999994,5.119625192274821
101_1083,-0.8770161290322581,1.95110594347625e-12,-1.4000000000000001,Decreasing,43.2028125,13.154867025737802
101_1084,-0.6875,3.5157899258564385e-08,-0.37299107142857135,Decreasing,11.029375,3.834312957933272
101_1085,-0.9193548387096774,1.6009416015094757e-13,-0.8395285714285714,Decreasing,18.1475,8.189880569947281
101_1086,-0.9012096774193549,4.740652315149418e-13,-1.1839732142857144,Decreasing,30.0990625,11.665883314009863
101_1087,-0.8689516129032258,3.1008529077780622e-12,-0.6225,Decreasing,22.095937499999998,5.859246890266167
101_1088,-0.6693548387096774,7.977093474664798e-08,-0.5080769230769231,Decreasing,45.9559375,5.297806066768937
101_1089,-0.8649193548387096,3.903322109977125e-12,-0.5291428571428571,Decreasing,20.287812499999998,4.920770223231699
101_109,-0.9475806451612904,2.842170943040401e-14,-0.8872294372294371,Decreasing,42.386562500000004,8.350399170614166
101_1090,-0.9153225806451613,2.0405899192610377e-13,-0.7276630434782609,Decreasing,20.88,7.5076207116502625
101_1091,-0.8931451612903226,7.629452625224076e-13,-0.6761111111111116,Decreasing,15.8828125,6.313685648244118
101_1092,-0.8669354838709677,3.4794389591752406e-12,-0.6543872549019608,Decreasing,25.584375,6.484670354719275
101_1093,-0.842741935483871,1.3585577107733116e-11,-1.0531944444444445,Decreasing,22.745,11.155957209043068
101_1094,-0.8366935483870968,1.8986590077929577e-11,-0.6964835164835164,Decreasing,30.0459375,6.76358718588692
101_1095,-0.9435483870967742,3.6415315207705135e-14,-0.7040454545454545,Decreasing,20.6678125,6.554159335097351
101_1097,-0.9254032258064516,1.1102230246251565e-13,-0.662379679144385,Decreasing,27.7159375,6.061745756883387
101_1099,-0.8104838709677419,7.883982355849639e-11,-0.64725,Decreasing,16.652812500000003,6.5061808278623605
101_11,-0.7298387096774194,4.794858066148322e-09,-0.4353125,Decreasing,15.596562500000001,4.324188948068036
101_110,-0.8548387096774194,6.907363570007874e-12,-0.7423863636363635,Decreasing,27.4440625,7.186585098020738
101_1100,-0.8790322580645161,1.7366108551186699e-12,-0.6956212121212123,Decreasing,32.939062500000006,8.590821904573145
101_1101,-0.8689516129032258,3.1008529077780622e-12,-0.9316964285714289,Decreasing,44.0925,8.53724999633957
101_1102,-0.8306451612903226,2.6473268022186858e-11,-0.45008181818181825,Decreasing,23.9071875,5.601673987732931
101_1103,-0.7681451612903226,7.171752081092109e-10,-0.43428571428571416,Decreasing,19.303125,5.3812425595186655
101_1104,-0.9556451612903226,1.709743457922741e-14,-1.4489444444444446,Decreasing,39.0328125,13.391853455173552
101_1105,-0.8689516129032258,3.1008529077780622e-12,-0.9164560439560439,Decreasing,32.212500000000006,8.672192629318147
101_1106,-0.7580645161290323,1.193087628692524e-09,-0.5871990740740741,Decreasing,24.985,6.30512737777755
101_1107,-0.9012096774193549,4.740652315149418e-13,-0.7140584415584416,Decreasing,20.0175,6.648764452888972
101_1108,-0.9153225806451613,2.0405899192610377e-13,-0.7286853448275861,Decreasing,25.480625,6.788851586194458
101_1109,-0.9213709677419355,1.4166445794216997e-13,-0.6652777777777776,Decreasing,17.4546875,6.369971538581923
101_111,-0.7580645161290323,1.193087628692524e-09,-0.46250000000000013,Decreasing,14.6540625,5.651730298863681
101_1110,-0.8528225806451613,7.736700169402866e-12,-0.5407539682539684,Decreasing,17.74625,5.369888703455594
101_1111,-0.7116935483870968,1.1418290979392509e-08,-0.41874999999999984,Decreasing,15.274375000000003,4.526855239498498
101_1112,-0.8346774193548387,2.121680608979659e-11,-0.6212500000000003,Decreasing,32.5871875,5.944512298317142
101_1113,-0.7701612903225806,6.472633540255401e-10,-0.3560571428571429,Decreasing,27.0778125,3.7519617655093116
101_1114,-0.8830645161290323,1.3746781490908688e-12,-1.4139000000000004,Decreasing,33.6165625,13.159160689747418
101_1115,-0.8165322580645161,5.698219673888616e-11,-0.5173714285714286,Decreasing,26.6953125,5.061444942142881
101_1116,-0.8790322580645161,1.7366108551186699e-12,-0.6375952380952381,Decreasing,27.6840625,6.307563346577959
101_1117,-0.8084677419354839,8.780598470536916e-11,-0.6486921296296295,Decreasing,33.43375,6.3132354769563275
101_1118,-0.9173387096774194,1.8074430840897548e-13,-0.6958116883116885,Decreasing,31.6378125,6.511861165584211
101_1119,-0.3084677419354839,0.013705116027189268,-0.11558333333333326,Decreasing,38.3875,3.144127462428965
101_112,-0.8165322580645161,5.698219673888616e-11,-0.610859649122807,Decreasing,14.69125,5.854314514740389
101_1120,-0.9475806451612904,2.842170943040401e-14,-0.755224358974359,Decreasing,25.761875000000003,7.054512490907858
101_1121,-0.9213709677419355,1.4166445794216997e-13,-0.8363492063492063,Decreasing,16.7425,7.772936623310395
101_1122,-0.8104838709677419,7.883982355849639e-11,-0.6071956521739131,Decreasing,17.0359375,6.279565500183413
101_1123,-0.9274193548387096,9.814371537686384e-14,-0.7333080808080807,Decreasing,24.889062499999998,7.4498059368076
101_1124,-0.8548387096774194,6.907363570007874e-12,-0.5948529411764706,Decreasing,31.519375000000004,5.780864412817084
101_1125,-0.8991935483870968,5.340172748447003e-13,-1.1638043478260869,Decreasing,33.0003125,12.153633840434052
101_1126,-0.782258064516129,3.479141419404641e-10,-0.48784615384615393,Decreasing,39.731562499999995,4.742249011133193
101_1127,-0.5262096774193549,2.4836775924574894e-05,-0.23792105263157892,Decreasing,29.9490625,2.8514134207606143
101_1128,-0.7741935483870968,5.268148139947471e-10,-0.682261904761905,Decreasing,39.009375,6.682915689231385
101_1129,-0.8588709677419355,5.501599176227501e-12,-0.6411666666666667,Decreasing,26.354375,6.1469194202767135
101_113,-0.6008064516129032,1.4625443411908634e-06,-0.3182142857142858,Decreasing,16.475625,3.4324607950237396
101_1130,-0.6411290322580645,2.738397213430943e-07,-0.18624999999999992,Decreasing,18.816875000000003,1.8989280487619853
101_1131,-0.8225806451612904,4.108913209677212e-11,-0.8604166666666666,Decreasing,46.363749999999996,8.582091000304063
101_1132,-0.9032258064516129,4.205524817280093e-13,-0.8879807692307693,Decreasing,32.6715625,8.492918413807692
101_1133,-0.9637096774193549,1.021405182655144e-14,-1.3483653846153847,Decreasing,27.923125,12.871241547899526
101_1134,-0.9596774193548387,1.3322676295501878e-14,-0.9299999999999997,Decreasing,24.671875,8.686783221329687
101_1135,-0.6330645161290323,3.859708492814917e-07,-0.3352272727272723,Decreasing,20.442812500000002,3.652068963593616
101_1136,-0.8870967741935484,1.0869083411080283e-12,-0.5756403940886698,Decreasing,47.53625,5.541132414723546
101_1137,-0.9556451612903226,1.709743457922741e-14,-0.9425634057971015,Decreasing,30.5390625,8.80862587161549
101_1138,-0.8770161290322581,1.95110594347625e-12,-0.7047272727272726,Decreasing,43.3815625,6.7217785543406405
101_1139,-0.9516129032258065,2.19824158875781e-14,-1.164469696969697,Decreasing,20.553125,11.13315387634497
101_114,-0.8911290322580645,8.586464872450961e-13,-0.57875,Decreasing,17.164375,5.734883901124329
101_1140,-0.8891129032258065,9.661160760288112e-13,-0.8910833333333334,Decreasing,29.609375,8.58313496686234
101_1141,-0.8266129032258065,3.299827078251383e-11,-0.9267948717948719,Decreasing,40.098749999999995,8.563764413942039
101_1142,-0.8810483870967742,1.5452084056732929e-12,-0.6408333333333334,Decreasing,19.74125,6.046900936636881
101_1143,-0.9435483870967742,3.6415315207705135e-14,-1.05125,Decreasing,27.415625,10.48218218499254
101_1144,-0.8870967741935484,1.0869083411080283e-12,-0.47,Decreasing,24.025937499999998,4.787800812595878
101_1145,-0.9435483870967742,3.6415315207705135e-14,-1.0788690476190477,Decreasing,38.785624999999996,9.983722983405288
101_1146,-0.8487903225806451,9.698242209310592e-12,-0.6396428571428572,Decreasing,19.541875,6.420449963544222
101_1147,-0.8830645161290323,1.3746781490908688e-12,-0.6032291666666666,Decreasing,15.3640625,5.953277909781614
101_1148,-0.9354838709677419,5.995204332975845e-14,-0.7835349462365593,Decreasing,29.895625,7.2763409148675136
101_1149,-0.9254032258064516,1.1102230246251565e-13,-0.5568750000000001,Decreasing,23.996562500000003,5.24478408121762
101_115,-0.8911290322580645,8.586464872450961e-13,-0.6347017543859648,Decreasing,19.516875,5.915323552805459
101_1150,-0.907258064516129,3.3084646133829665e-13,-0.9751754385964913,Decreasing,45.5465625,9.35753025956068
101_1151,-0.8850806451612904,1.2225775947172224e-12,-0.6131704260651628,Decreasing,16.0915625,6.3528783384851435
101_1152,-0.9112903225806451,2.6001423236721166e-13,-0.6975757575757575,Decreasing,22.9209375,6.621526617487372
101_1153,-0.8709677419354839,2.7626789744772395e-12,-0.7323039215686276,Decreasing,24.439999999999998,6.897849755539765
101_1154,-0.9556451612903226,1.709743457922741e-14,-1.423333333333333,Decreasing,38.392187500000006,13.251849808228425
101_1155,-0.8064516129032258,9.776668363770114e-11,-0.8264583333333333,Decreasing,47.4171875,8.056038586975845
101_1156,-0.8951612903225806,6.774580896262705e-13,-0.5016823529411765,Decreasing,23.316875,4.705024201252848
101_1158,-0.7943548387096774,1.8528600875811208e-10,-0.5227380952380949,Decreasing,22.942812500000002,5.158395604724762
101_1159,-0.8830645161290323,1.3746781490908688e-12,-0.6511722488038278,Decreasing,31.924062500000005,6.046870502259309
101_116,-0.7137096774193549,1.0379506365509883e-08,-0.5591153846153847,Decreasing,15.7934375,5.313640236089921
101_1160,-0.8689516129032258,3.1008529077780622e-12,-0.7888857142857144,Decreasing,32.1103125,7.448484948453863
101_1161,-0.8588709677419355,5.501599176227501e-12,-0.6282638888888891,Decreasing,33.722812499999996,6.266230044041134
101_1162,-0.9516129032258065,2.19824158875781e-14,-0.8433730158730157,Decreasing,18.771250000000002,8.082478251594619
101_1163,-0.8185483870967742,5.111089329545848e-11,-0.48140909090909095,Decreasing,24.665,4.723094854012568
101_1164,-0.6653225806451613,9.543242263099216e-08,-0.34907407407407354,Decreasing,18.869375,3.6837836675590765
101_1165,-0.8770161290322581,1.95110594347625e-12,-0.4063961038961039,Decreasing,18.262500000000003,3.8739635710729132
101_1166,-0.9092741935483871,2.9332092310596636e-13,-0.48439613526570047,Decreasing,14.21875,4.578204308186781
101_1167,-0.907258064516129,3.3084646133829665e-13,-0.8058477011494253,Decreasing,25.521875,7.806622764318448
101_1168,-0.9032258064516129,4.205524817280093e-13,-0.7911,Decreasing,25.803437499999998,7.662938245777122
101_1169,-0.8649193548387096,3.903322109977125e-12,-0.38533333333333336,Decreasing,14.4334375,3.8855779889990303
101_117,-0.7943548387096774,1.8528600875811208e-10,-0.669368686868687,Decreasing,17.674374999999998,6.7771034269350645
101_1170,-0.9092741935483871,2.9332092310596636e-13,-0.5119642857142856,Decreasing,15.6615625,4.798633991418156
101_1172,-0.8669354838709677,3.4794389591752406e-12,-0.6948214285714284,Decreasing,43.18968749999999,6.621498359687462
101_1173,-0.8205645161290323,4.583267099178556e-11,-0.5834523809523811,Decreasing,25.226875,5.977935177331299
101_1174,-0.6491935483870968,1.934942726045108e-07,-0.3325625,Decreasing,15.792187499999999,4.40808754902211
101_1176,-0.8387096774193549,1.6986412276764895e-11,-0.5723376623376625,Decreasing,19.494687499999998,5.497168580491574
101_1177,-0.9254032258064516,1.1102230246251565e-13,-0.9044090909090907,Decreasing,40.7715625,8.60561775432733
101_1179,-0.8689516129032258,3.1008529077780622e-12,-0.8916666666666666,Decreasing,25.124375,8.004672829627392
101_118,-0.8971774193548387,6.017408793468348e-13,-0.6048684210526318,Decreasing,20.8190625,5.943618089690299
101_1180,-0.8125,7.077094466012568e-11,-0.40725,Decreasing,14.8353125,4.1094175259206445
101_1181,-0.9153225806451613,2.0405899192610377e-13,-0.714281045751634,Decreasing,20.7434375,6.62675477202784
101_1182,-0.6754032258064516,6.084656289928603e-08,-0.43297202797202794,Decreasing,14.445,4.512860788900983
101_1183,-0.9193548387096774,1.6009416015094757e-13,-0.8367948717948718,Decreasing,25.914375,7.849882537934883
101_1184,-0.8266129032258065,3.299827078251383e-11,-0.6266720779220778,Decreasing,17.49375,5.829822440477926
101_1185,-0.9274193548387096,9.814371537686384e-14,-0.8800000000000001,Decreasing,20.4609375,8.247384191129557
101_1186,-0.8891129032258065,9.661160760288112e-13,-0.8339444444444445,Decreasing,23.750625,8.451422564241774
101_1187,-0.9737903225806451,5.329070518200751e-15,-1.140714285714286,Decreasing,32.613125000000004,10.685425950067456
101_1188,-0.8709677419354839,2.7626789744772395e-12,-0.8072077922077923,Decreasing,23.39875,7.6579194098331955
101_1189,-0.7479838709677419,1.9721104749237384e-09,-0.3165972222222222,Decreasing,13.610937499999999,3.2408740713106625
101_119,-0.8891129032258065,9.661160760288112e-13,-0.7765,Decreasing,18.95,7.930484695149471
101_1190,-0.875,2.191358206005134e-12,-0.4143333333333333,Decreasing,17.554375,4.074535968595074
101_1191,-0.9455645161290323,3.219646771412954e-14,-1.5189473684210517,Decreasing,30.5315625,13.272122359803413
101_1192,-0.48185483870967744,0.00011361189113179293,-0.26535117056856183,Decreasing,28.96125,3.326948442266576
101_1193,-0.9032258064516129,4.205524817280093e-13,-0.9531666666666666,Decreasing,37.642187500000006,9.094578651034018
101_1194,-0.8951612903225806,6.774580896262705e-13,-0.7585833333333334,Decreasing,29.5928125,7.188735213154241
101_1195,-0.4012096774193548,0.0013233944127710728,-0.1571249999999999,Decreasing,32.518125,2.502991257350892
101_1196,-0.9596774193548387,1.3322676295501878e-14,-1.1024671052631578,Decreasing,29.557499999999997,10.51453666359103
101_1197,-0.9032258064516129,4.205524817280093e-13,-0.6172794117647058,Decreasing,24.987499999999997,5.659229739991123
101_1198,-0.5745967741935484,4.115299975682163e-06,-0.4164423076923077,Decreasing,16.447499999999998,4.923370923462907
101_1199,-0.7056451612903226,1.5177737733296226e-08,-0.6189545454545455,Decreasing,23.0625,7.112086103950092
101_12,-0.8145161290322581,6.351164039131163e-11,-0.49445012787723785,Decreasing,21.75375,4.844296743336436
101_120,-0.7580645161290323,1.193087628692524e-09,-0.5987500000000001,Decreasing,19.146250000000002,6.916168443401302
101_1200,-0.7741935483870968,5.268148139947471e-10,-0.3195652173913043,Decreasing,14.86,3.4960245279459925
101_1201,-0.9556451612903226,1.709743457922741e-14,-1.1518347338935573,Decreasing,42.1790625,10.55165785533694
101_1202,-0.8830645161290323,1.3746781490908688e-12,-0.5405769230769231,Decreasing,21.377187499999998,5.053155718444044
101_1204,-0.5463709677419355,1.1953055304658733e-05,-0.21213235294117644,Decreasing,28.2803125,2.485195520948754
101_1206,-0.9032258064516129,4.205524817280093e-13,-0.6610101010101009,Decreasing,13.263125,6.527178006947183
101_1207,-0.8145161290322581,6.351164039131163e-11,-1.0083478260869565,Decreasing,47.1759375,11.599367132352254
101_121,-0.6411290322580645,2.738397213430943e-07,-0.468974358974359,Decreasing,19.695625,4.945169952526911
101_122,-0.8467741935483871,1.0854206422550305e-11,-0.8429285714285712,Decreasing,16.55125,8.199628707295227
101_123,-0.9153225806451613,2.0405899192610377e-13,-0.8271999999999999,Decreasing,21.8434375,8.07480596104908
101_124,-0.9798387096774194,3.774758283725532e-15,-0.8489021164021164,Decreasing,20.0371875,7.940427898724586
101_125,-0.8125,7.077094466012568e-11,-0.5117045454545455,Decreasing,15.074375,5.058999986101502
101_126,-0.8911290322580645,8.586464872450961e-13,-0.8255576923076923,Decreasing,22.601875,7.801007722363503
101_127,-0.8608870967741935,4.908073947262892e-12,-0.7745833333333334,Decreasing,29.93375,8.05824606769364
101_128,-0.6633064516129032,1.0434107045043106e-07,-0.38115591397849463,Decreasing,25.124375,4.092904635998131
101_129,-0.7560483870967742,1.3199186188472822e-09,-0.5358333333333334,Decreasing,17.434375,5.925287407322534
101_13,-0.8306451612903226,2.6473268022186858e-11,-0.4761833333333333,Decreasing,22.570625,4.779199682935941
101_130,-0.9112903225806451,2.6001423236721166e-13,-0.533452380952381,Decreasing,14.3653125,5.166803281753985
101_131,-0.8729838709677419,2.460920356384122e-12,-1.3607142857142853,Decreasing,31.168124999999996,13.210057351668652
101_132,-0.8850806451612904,1.2225775947172224e-12,-0.842389705882353,Decreasing,20.058125,7.919903502213584
101_133,-0.9717741935483871,6.217248937900877e-15,-1.6700000000000002,Decreasing,39.0215625,15.57906149078287
101_134,-0.75,1.7844419275547807e-09,-0.5517733990147783,Decreasing,16.225625,5.877018237114379
101_135,-0.8145161290322581,6.351164039131163e-11,-1.0251602564102564,Decreasing,25.7390625,9.792266195630804
101_136,-0.719758064516129,7.784594746595985e-09,-0.34192857142857147,Decreasing,18.496249999999996,3.532876616512385
101_137,-0.45564516129032256,0.00026356866715215865,-0.21809523809523818,Decreasing,13.317812499999999,3.4843495935172393
101_138,-0.8709677419354839,2.7626789744772395e-12,-0.5259333333333334,Decreasing,18.721249999999998,5.004494698518522
101_139,-0.7943548387096774,1.8528600875811208e-10,-0.38190058479532163,Decreasing,13.954375,4.0096905565610665
101_14,-0.7258064516129032,5.824971616164021e-09,-0.4222474747474748,Decreasing,30.1246875,4.462932741185302
101_140,-0.8568548387096774,6.165290500348419e-12,-0.7605555555555554,Decreasing,40.5509375,7.104886680735572
101_141,-0.8266129032258065,3.299827078251383e-11,-0.5436666666666667,Decreasing,14.424062500000002,5.789075843439413
101_142,-0.782258064516129,3.479141419404641e-10,-0.46408620689655167,Decreasing,14.025312499999998,4.823394152704478
101_143,-0.7379032258064516,3.238943557803964e-09,-0.43928571428571433,Decreasing,14.2221875,4.433487435399333
101_144,-0.7137096774193549,1.0379506365509883e-08,-0.4285,Decreasing,15.633125,4.692206595448989
101_145,-0.8870967741935484,1.0869083411080283e-12,-1.0120393374741201,Decreasing,20.754687500000003,10.020013093920774
101_146,-0.9354838709677419,5.995204332975845e-14,-1.0258791208791211,Decreasing,22.1828125,10.535961997598688
101_147,-0.8951612903225806,6.774580896262705e-13,-0.4715287356321839,Decreasing,19.1853125,5.01865581130483
101_148,-0.9032258064516129,4.205524817280093e-13,-0.8807878787878789,Decreasing,22.2925,8.514097133577934
101_149,-0.9395161290322581,4.6851411639181606e-14,-0.6510714285714285,Decreasing,21.49625,6.834170921735862
101_15,-0.8266129032258065,3.299827078251383e-11,-0.4362272727272727,Decreasing,17.26375,4.126934205618015
101_150,-0.9616935483870968,1.176836406102666e-14,-0.8253809523809523,Decreasing,18.763437500000002,8.462556354825281
101_151,-0.782258064516129,3.479141419404641e-10,-0.6454658385093168,Decreasing,25.079375,6.4046501355948395
101_152,-0.7217741935483871,7.0691399400857335e-09,-0.3705000000000001,Decreasing,10.899687499999999,3.9493357703978207
101_153,-0.8629032258064516,4.377387341492067e-12,-0.707797619047619,Decreasing,18.7221875,7.07720492778355
101_154,-0.9112903225806451,2.6001423236721166e-13,-1.0729629629629627,Decreasing,31.5753125,10.012910099084268
101_155,-0.8971774193548387,6.017408793468348e-13,-0.908105590062112,Decreasing,22.7728125,9.067200241245573
101_156,-0.8326612903225806,2.3702817486537242e-11,-1.0149565217391303,Decreasing,24.5559375,10.029841056621672
101_157,-0.6854838709677419,3.854806762682017e-08,-0.7637499999999999,Decreasing,21.08,7.819727456887484
101_158,-0.8649193548387096,3.903322109977125e-12,-0.8662348178137651,Decreasing,21.114687500000002,8.225628009601683
101_159,-0.7741935483870968,5.268148139947471e-10,-0.7181481481481482,Decreasing,19.805937500000002,7.115598121106458
101_16,-0.9475806451612904,2.842170943040401e-14,-0.5602272727272728,Decreasing,21.142500000000002,5.2314690814340095
101_160,-0.8790322580645161,1.7366108551186699e-12,-0.9790454545454547,Decreasing,24.2421875,9.129364960929307
101_161,-0.8830645161290323,1.3746781490908688e-12,-0.6606225296442688,Decreasing,25.8003125,6.663080877292707
101_162,-0.8870967741935484,1.0869083411080283e-12,-0.5637857142857143,Decreasing,24.9653125,5.625625512095855
101_163,-0.7358870967741935,3.574073925705079e-09,-0.5820454545454545,Decreasing,18.8828125,7.53397564137579
101_164,-0.8024193548387096,1.21112231354914e-10,-0.37875000000000003,Decreasing,15.340625,5.033254996458554
101_165,-0.8245967741935484,3.682676386063122e-11,-0.6574475524475523,Decreasing,40.4284375,6.203813902237377
101_166,-0.8064516129032258,9.776668363770114e-11,-0.8842999999999999,Decreasing,35.105625,9.052265233596229
101_167,-0.8790322580645161,1.7366108551186699e-12,-0.6803541666666666,Decreasing,18.216875,6.408445812704903
101_168,-0.9032258064516129,4.205524817280093e-13,-0.5876818181818184,Decreasing,17.322499999999998,6.369132594003676
101_169,-0.9415322580645161,4.1300296516055823e-14,-1.3310978835978835,Decreasing,27.0859375,12.36085728706119
101_17,-0.8588709677419355,5.501599176227501e-12,-0.5240999999999999,Decreasing,21.026875,4.936297598846224
101_170,-0.9556451612903226,1.709743457922741e-14,-1.231890756302521,Decreasing,28.2178125,11.711072147324675
101_171,-0.9516129032258065,2.19824158875781e-14,-1.7708893280632414,Decreasing,37.3559375,16.499710387491465
101_172,-0.9112903225806451,2.6001423236721166e-13,-1.85,Decreasing,38.699375,16.916921066180304
101_173,-0.6008064516129032,1.4625443411908634e-06,-0.35831501831501833,Decreasing,31.915625,4.302014744207067
101_174,-0.9153225806451613,2.0405899192610377e-13,-0.6895238095238092,Decreasing,14.661875,6.443527487671252
101_175,-0.9112903225806451,2.6001423236721166e-13,-0.6332864450127877,Decreasing,27.341562500000002,6.053814453185177
101_176,-0.9536290322580645,1.9539925233402755e-14,-1.2049690402476778,Decreasing,31.22375,11.37918240417562
101_177,-0.8810483870967742,1.5452084056732929e-12,-0.8605,Decreasing,23.275,8.154739802715964
101_178,-0.9153225806451613,2.0405899192610377e-13,-1.2004323308270675,Decreasing,36.6990625,12.261961343769347
101_179,-0.9314516129032258,7.682743330406083e-14,-1.5697826086956521,Decreasing,28.839375000000004,14.309863717358562
101_18,-0.22379032258064516,0.07445456944820861,-0.12944444444444467,No significant trend,27.944375,3.0901465757104467
101_180,-0.9112903225806451,2.6001423236721166e-13,-0.7482857142857144,Decreasing,25.21625,7.055302859374642
101_181,-0.9153225806451613,2.0405899192610377e-13,-1.3978030303030304,Decreasing,63.1984375,12.609966571470114
101_182,-0.8326612903225806,2.3702817486537242e-11,-0.6242500000000001,Decreasing,13.886875,6.0124430545640095
101_183,-0.8608870967741935,4.908073947262892e-12,-0.9209357142857142,Decreasing,17.8953125,8.600135531045064
101_184,-0.8629032258064516,4.377387341492067e-12,-0.6842499999999996,Decreasing,17.177187500000002,7.502997831856527
101_185,-0.875,2.191358206005134e-12,-1.0203846153846152,Decreasing,34.079375,11.200391716782722
101_186,-0.7056451612903226,1.5177737733296226e-08,-0.607171052631579,Decreasing,21.957499999999996,6.036067117751426
101_187,-0.6310483870967742,4.2028371116664687e-07,-0.4056692307692308,Decreasing,23.5459375,4.827782137906986
101_188,-0.02217741935483871,0.871176289997168,-0.007750000000000234,No significant trend,18.1975,1.554919612070026
101_189,-0.7903225806451613,2.2882273853497281e-10,-0.4846060606060606,Decreasing,19.051250000000003,4.910185682588796
101_19,-0.6108870967741935,9.712842008458011e-07,-0.2646428571428572,Decreasing,22.6790625,4.0505827970915185
101_191,-0.7096774193548387,1.2557821005287906e-08,-0.2846875,Decreasing,11.121875,2.9165523712724584
101_192,-0.8064516129032258,9.776668363770114e-11,-0.3770833333333333,Decreasing,14.9975,3.9167604598698658
101_193,-0.4717741935483871,0.00015781793261271382,-0.34227272727272745,Decreasing,20.68875,4.386276716932027
101_194,-0.8225806451612904,4.108913209677212e-11,-0.6966666666666667,Decreasing,48.1346875,6.469842533040797
101_195,-0.41330645161290325,0.0009391233403026611,-0.2515201465201466,Decreasing,52.486875,3.5757625388684575
101_196,-0.8245967741935484,3.682676386063122e-11,-0.7316111111111111,Decreasing,17.86125,7.28073302885774
101_197,-0.7661290322580645,7.944338520360361e-10,-0.4912918660287081,Decreasing,19.6365625,5.0498506224039685
101_198,-0.7379032258064516,3.238943557803964e-09,-0.4703124999999999,Decreasing,31.1553125,4.718749824089401
101_199,-0.875,2.191358206005134e-12,-0.7201010101010101,Decreasing,24.7875,7.268323826715482
101_2,-0.7782258064516129,4.2833958602273015e-10,-0.4359078947368421,Decreasing,17.074062500000004,4.296937033643122
101_20,-0.8407258064516129,1.5192958002785417e-11,-0.4961111111111111,Decreasing,20.353125000000002,4.775665815818251
101_200,-0.4778225806451613,0.0001296708328921703,-0.40484848484848496,Decreasing,25.714374999999997,4.899649820076431
101_201,-0.9314516129032258,7.682743330406083e-14,-0.8551875,Decreasing,27.419062500000003,8.11054805460727
101_202,-0.8548387096774194,6.907363570007874e-12,-0.943939393939394,Decreasing,27.1271875,8.966345142522886
101_203,-0.9233870967741935,1.254552017826427e-13,-0.6477857142857142,Decreasing,22.4328125,6.164338586972956
101_204,-0.7620967741935484,9.740654949297323e-10,-0.3922619047619047,Decreasing,18.5234375,4.212446297413623
101_205,-0.875,2.191358206005134e-12,-0.6614673913043478,Decreasing,28.20375,6.257119320222365
101_206,-0.8467741935483871,1.0854206422550305e-11,-0.673373015873016,Decreasing,24.319374999999997,6.497612031306193
101_207,-0.969758064516129,7.105427357601002e-15,-1.174248120300752,Decreasing,34.0778125,10.840570710983982
101_208,-0.9032258064516129,4.205524817280093e-13,-0.8347222222222224,Decreasing,27.493125,7.912933020339235
101_209,-0.9274193548387096,9.814371537686384e-14,-0.7588888888888887,Decreasing,23.011875,7.158795480691915
101_21,-0.5786290322580645,3.519574691690508e-06,-0.19602564102564105,Decreasing,20.979062499999998,2.873064956817675
101_210,-0.9475806451612904,2.842170943040401e-14,-0.9467628205128205,Decreasing,29.970625,8.91537048357358
101_211,-0.9435483870967742,3.6415315207705135e-14,-0.6639722222222222,Decreasing,23.23,6.6590239525023485
101_212,-0.8346774193548387,2.121680608979659e-11,-0.6379292929292929,Decreasing,25.1965625,6.14580477306217
101_213,-0.8467741935483871,1.0854206422550305e-11,-0.6335833333333329,Decreasing,19.770625000000003,6.035857922398025
101_214,-0.7983870967741935,1.4987833196755673e-10,-0.5507478632478633,Decreasing,39.500625,5.358042983158589
101_215,-0.8729838709677419,2.460920356384122e-12,-1.0442370370370369,Decreasing,28.176562499999996,9.867035905407143
101_216,-0.8669354838709677,3.4794389591752406e-12,-1.0361229946524064,Decreasing,24.0528125,9.73786175014021
101_217,-0.842741935483871,1.3585577107733116e-11,-0.769423076923077,Decreasing,26.5271875,7.41703918115873
101_218,-0.8608870967741935,4.908073947262892e-12,-1.047,Decreasing,25.970625,10.129746707562584
101_219,-0.905241935483871,3.730349362740526e-13,-1.1316249999999999,Decreasing,21.29,10.982759500690161
101_22,-0.907258064516129,3.3084646133829665e-13,-0.693568376068376,Decreasing,20.72625,7.116511939672411
101_220,-0.8689516129032258,3.1008529077780622e-12,-0.8008333333333334,Decreasing,41.324999999999996,7.816574537481237
101_221,-0.7701612903225806,6.472633540255401e-10,-0.7765522875816991,Decreasing,42.6834375,7.929755911034952
101_222,-0.8629032258064516,4.377387341492067e-12,-0.7633566433566431,Decreasing,32.4415625,7.181311731403515
101_223,-0.8125,7.077094466012568e-11,-0.5412955465587045,Decreasing,24.7821875,5.7360770209127905
101_224,-0.6895161290322581,3.2057687171516136e-08,-0.28505952380952393,Decreasing,40.0275,3.4078292210731456
101_225,-0.907258064516129,3.3084646133829665e-13,-0.959548872180451,Decreasing,20.986562499999998,9.026846974918415
101_226,-0.37298387096774194,0.002846673252961729,-0.2853214285714286,Decreasing,36.5775,5.1269654767708355
101_227,-0.8548387096774194,6.907363570007874e-12,-0.8946309523809524,Decreasing,24.736874999999998,8.538170704804104
101_228,-0.9193548387096774,1.6009416015094757e-13,-0.5750470588235295,Decreasing,21.2378125,5.711308811458521
101_229,-0.8387096774193549,1.6986412276764895e-11,-0.9934285714285722,Decreasing,54.4596875,9.024548979164763
101_23,-0.7056451612903226,1.5177737733296226e-08,-0.5448245614035088,Decreasing,21.567812500000002,5.983513670064083
101_230,-0.9032258064516129,4.205524817280093e-13,-0.7515882352941173,Decreasing,36.565625000000004,7.0729767148899185
101_231,-0.8104838709677419,7.883982355849639e-11,-0.6751923076923078,Decreasing,53.369062500000005,6.767581436236564
101_232,-0.7620967741935484,9.740654949297323e-10,-0.34094298245614035,Decreasing,28.732187500000002,3.517849782160084
101_233,-0.8649193548387096,3.903322109977125e-12,-0.6846022727272727,Decreasing,49.177499999999995,6.516942342847602
101_234,-0.8467741935483871,1.0854206422550305e-11,-0.921190476190477,Decreasing,46.9325,8.624353598966128
101_235,-0.8508064516129032,8.663292305755022e-12,-0.8700000000000001,Decreasing,23.3625,8.343657021953863
101_236,-0.5827956989247312,4.4530492946393e-06,-0.4785714285714286,Decreasing,11.59032258064516,5.5270504785749806
101_237,-0.9596774193548387,1.3322676295501878e-14,-1.01065,Decreasing,31.47625,9.44988219172599
101_238,-0.8145161290322581,6.351164039131163e-11,-0.6462608695652173,Decreasing,22.967812499999997,6.296009517134147
101_239,-0.8870967741935484,1.0869083411080283e-12,-0.5623809523809522,Decreasing,17.278125,5.387168457025917
101_24,-0.7903225806451613,2.2882273853497281e-10,-0.48583333333333323,Decreasing,19.408125,4.718238838208066
101_240,-0.9314516129032258,7.682743330406083e-14,-1.044199134199134,Decreasing,32.394375000000004,9.86439586895087
101_241,-0.8487903225806451,9.698242209310592e-12,-0.5626666666666664,Decreasing,29.768124999999998,5.342007720358985
101_242,-0.9314516129032258,7.682743330406083e-14,-0.8023172413793103,Decreasing,24.9965625,7.549915400757398
101_243,-0.9475806451612904,2.842170943040401e-14,-0.8834285714285715,Decreasing,24.4525,8.388813235494041
101_244,-0.9354838709677419,5.995204332975845e-14,-0.8667361111111112,Decreasing,32.5625,7.921118134455514
101_245,-0.9435483870967742,3.6415315207705135e-14,-0.5620833333333333,Decreasing,13.638124999999999,5.2906063201087825
101_246,-0.9112903225806451,2.6001423236721166e-13,-0.8560000000000001,Decreasing,24.217499999999998,7.81814595988077
101_247,-0.907258064516129,3.3084646133829665e-13,-0.7726136363636363,Decreasing,18.5071875,7.262367569521922
101_248,-0.9536290322580645,1.9539925233402755e-14,-0.7552777777777779,Decreasing,18.908125,7.29336103825767
101_249,-0.8165322580645161,5.698219673888616e-11,-0.5196666666666667,Decreasing,18.468125,5.085609254000449
101_25,-0.8548387096774194,6.907363570007874e-12,-0.74,Decreasing,21.618125,6.9191759974996305
101_250,-0.9596774193548387,1.3322676295501878e-14,-1.3338333333333332,Decreasing,32.521875,12.492890837767494
101_251,-0.9737903225806451,5.329070518200751e-15,-0.8529583333333335,Decreasing,21.03375,7.7823119757241805
101_252,-0.9314516129032258,7.682743330406083e-14,-0.9153939393939394,Decreasing,25.840625,8.670172986127497
101_253,-0.8205645161290323,4.583267099178556e-11,-0.6639583333333332,Decreasing,19.809687500000003,7.0246203119701605
101_254,-0.875,2.191358206005134e-12,-0.5709326018808778,Decreasing,24.403437500000003,5.894824853937032
101_255,-0.780241935483871,3.8608760632996564e-10,-0.6246218487394961,Decreasing,18.9825,6.492179429898714
101_256,-0.9032258064516129,4.205524817280093e-13,-0.8051578947368421,Decreasing,21.8284375,7.74537325979799
101_257,-0.8245967741935484,3.682676386063122e-11,-0.5786974789915966,Decreasing,16.3275,5.613957494495304
101_258,-0.594758064516129,1.8639903685002679e-06,-0.4770833333333332,Decreasing,15.3415625,5.385526384077396
101_259,-0.9233870967741935,1.254552017826427e-13,-1.747420634920635,Decreasing,42.074687499999996,17.140496270596827
101_26,-0.7419354838709677,2.657962294705385e-09,-0.34261904761904766,Decreasing,11.879375,3.4337169524256073
101_260,-0.9112903225806451,2.6001423236721166e-13,-0.9750277777777779,Decreasing,51.733125,9.157056513114627
101_261,-0.9395161290322581,4.6851411639181606e-14,-1.3949649122807017,Decreasing,47.768437500000005,13.062746674554848
101_262,-0.8185483870967742,5.111089329545848e-11,-0.5426736111111111,Decreasing,17.192812500000002,5.2176462811160125
101_263,-0.6713709677419355,7.29042284319803e-08,-0.3917555555555555,Decreasing,15.39,4.244152595041795
101_264,-0.5907258064516129,2.1883453411586373e-06,-0.3071176470588237,Decreasing,17.6565625,3.273031478399459
101_265,-0.625,5.418056365780188e-07,-0.3916737891737892,Decreasing,18.208437500000002,4.280416969594639
101_266,-0.8689516129032258,3.1008529077780622e-12,-0.6791904761904761,Decreasing,18.043750000000003,7.107886355133993
101_267,-0.7721774193548387,5.84016834892509e-10,-0.2484117647058824,Decreasing,14.9459375,2.474987196147437
101_268,-0.5241935483870968,2.6684265470366952e-05,-0.18055555555555564,Decreasing,9.5234375,2.2417077884045793
101_269,-0.7379032258064516,3.238943557803964e-09,-0.7175333333333334,Decreasing,20.0384375,6.515753558384
101_27,-0.7338709677419355,3.942868698203483e-09,-0.5248333333333333,Decreasing,22.933750000000003,5.283736101235564
101_270,-0.7883064516129032,2.541908905584478e-10,-0.5176000000000001,Decreasing,13.2846875,5.190783288901951
101_271,-0.6653225806451613,9.543242263099216e-08,-0.5280000000000001,Decreasing,21.7246875,6.029041167743321
101_272,-0.8225806451612904,4.108913209677212e-11,-0.4222027972027972,Decreasing,21.1396875,4.107413636017652
101_273,-0.9173387096774194,1.8074430840897548e-13,-0.56,Decreasing,17.1915625,5.424807663281137
101_274,-0.5403225806451613,1.4924957946416129e-05,-0.44230769230769107,Decreasing,27.208125000000003,5.031068125594703
101_275,-0.8346774193548387,2.121680608979659e-11,-0.7555303030303031,Decreasing,42.1465625,8.21225403336951
101_276,-0.5403225806451613,1.4924957946416129e-05,-0.3029679802955663,Decreasing,41.804375,3.463713629816269
101_277,-0.844758064516129,1.2144951710979512e-11,-1.0096296296296297,Decreasing,20.134375,10.228035288332507
101_278,-0.3467741935483871,0.005553981920621398,-0.10171794871794879,Decreasing,32.2396875,1.9010136841547849
101_279,-0.8185483870967742,5.111089329545848e-11,-0.5751250000000001,Decreasing,22.099375,5.724957389306491
101_28,-0.9032258064516129,4.205524817280093e-13,-0.7317045454545454,Decreasing,19.51875,6.8988743420575505
101_280,-0.8185483870967742,5.111089329545848e-11,-0.7130602006688963,Decreasing,40.196875,7.060893373672697
101_281,-0.8931451612903226,7.629452625224076e-13,-0.9173333333333333,Decreasing,27.010937499999997,8.860001890298543
101_282,-0.8024193548387096,1.21112231354914e-10,-0.892986111111111,Decreasing,26.821562500000002,8.857260478477176
101_283,-0.6370967741935484,3.252720022217659e-07,-0.3803571428571427,Decreasing,33.5415625,4.084366619635626
101_284,-0.875,2.191358206005134e-12,-0.6486312399355878,Decreasing,26.015625,6.112250474201381
101_285,-0.9516129032258065,2.19824158875781e-14,-0.6337412587412588,Decreasing,17.319062499999998,5.905174827733193
101_286,-0.4254032258064516,0.0006605386079836517,-0.18763888888888897,Decreasing,17.6875,3.1372968061692856
101_287,-0.5786290322580645,3.519574691690508e-06,-0.45993750000000005,Decreasing,26.6503125,5.331060802255378
101_288,-0.8709677419354839,2.7626789744772395e-12,-0.7149999999999999,Decreasing,27.2090625,6.583222690756689
101_289,-0.3870967741935484,0.0019526409550858492,-0.1395652173913044,Decreasing,16.694375,2.108156685205111
101_29,-0.8266129032258065,3.299827078251383e-11,-0.4418181818181819,Decreasing,18.082812500000003,4.525553304828455
101_290,-0.9395161290322581,4.6851411639181606e-14,-0.7171111111111113,Decreasing,23.098750000000003,7.025913085677904
101_291,-0.9354838709677419,5.995204332975845e-14,-0.5720416666666666,Decreasing,24.428125,5.275558286511011
101_292,-0.7883064516129032,2.541908905584478e-10,-0.6630333333333334,Decreasing,27.3825,6.615785100802474
101_293,-0.8931451612903226,7.629452625224076e-13,-0.8002272727272728,Decreasing,15.953125,7.572734577705401
101_294,-0.9354838709677419,5.995204332975845e-14,-0.8011490683229815,Decreasing,23.369687499999998,7.49244431259544
101_295,-0.8669354838709677,3.4794389591752406e-12,-0.8876363636363637,Decreasing,21.5640625,8.59962712104971
101_296,-0.8346774193548387,2.121680608979659e-11,-0.8012632275132274,Decreasing,24.479062499999998,7.692768259611994
101_297,-0.8346774193548387,2.121680608979659e-11,-1.1045833333333333,Decreasing,44.2965625,10.394242579841677
101_298,-0.5201612903225806,3.077850744093169e-05,-0.27667385057471267,Decreasing,40.7721875,3.578430813896469
101_299,-0.8951612903225806,6.774580896262705e-13,-0.736388888888889,Decreasing,21.1090625,7.174011412459124
101_3,-0.7338709677419355,3.942868698203483e-09,-0.647,Decreasing,15.57875,6.782315123724347
101_30,-0.9314516129032258,7.682743330406083e-14,-0.499,Decreasing,19.055625,5.896875198728137
101_300,-0.7903225806451613,2.2882273853497281e-10,-0.5551666666666666,Decreasing,23.92,5.320957385659089
101_301,-0.8608870967741935,4.908073947262892e-12,-0.5743333333333333,Decreasing,20.425937500000003,5.515662278556742
101_302,-0.8326612903225806,2.3702817486537242e-11,-0.9164646464646464,Decreasing,36.9703125,8.721329989017946
101_303,-0.7379032258064516,3.238943557803964e-09,-0.5236666666666667,Decreasing,25.362499999999997,5.584884734710287
101_304,-0.9032258064516129,4.205524817280093e-13,-0.8102777777777774,Decreasing,25.4096875,7.95435630817125
101_305,-0.8931451612903226,7.629452625224076e-13,-0.6807500000000001,Decreasing,26.27375,6.373545299713496
101_306,-0.8387096774193549,1.6986412276764895e-11,-0.6509774436090225,Decreasing,24.645,6.266973452153758
101_307,-0.8467741935483871,1.0854206422550305e-11,-0.5769696969696971,Decreasing,39.056875000000005,5.63014899752884
101_308,-0.8951612903225806,6.774580896262705e-13,-0.99825,Decreasing,27.6578125,9.292737330294221
101_309,-0.8629032258064516,4.377387341492067e-12,-0.8676774193548387,Decreasing,28.283749999999998,8.361021823766519
101_31,-0.7459677419354839,2.178956348686256e-09,-0.5674789915966386,Decreasing,16.6865625,7.208311439483851
101_310,-0.8709677419354839,2.7626789744772395e-12,-0.6664782608695652,Decreasing,23.556562500000002,6.439404868354975
101_311,-0.9395161290322581,4.6851411639181606e-14,-0.6840897435897435,Decreasing,15.098749999999999,6.4501084050967705
101_312,-0.7338709677419355,3.942868698203483e-09,-0.37535714285714294,Decreasing,15.705312500000002,4.218911281639346
101_313,-0.8629032258064516,4.377387341492067e-12,-0.7675465838509317,Decreasing,29.50875,7.327853006679378
101_314,-0.967741935483871,7.993605777301127e-15,-0.789399641577061,Decreasing,25.853749999999998,7.453940128381768
101_315,-0.875,2.191358206005134e-12,-0.9809215686274511,Decreasing,21.7796875,9.491832503649848
101_316,-0.9596774193548387,1.3322676295501878e-14,-1.1,Decreasing,23.775,10.345431056751575
101_317,-0.7681451612903226,7.171752081092109e-10,-0.7042222222222222,Decreasing,36.3109375,7.0569776459964615
101_318,-0.8810483870967742,1.5452084056732929e-12,-0.9896592592592591,Decreasing,26.2915625,9.543118302399575
101_319,-0.29435483870967744,0.018703634813544978,-0.11519230769230769,Decreasing,7.478125,2.8592081918557453
101_32,-0.8870967741935484,1.0869083411080283e-12,-0.8010818181818182,Decreasing,21.780625,7.455665604717998
101_320,-0.8951612903225806,6.774580896262705e-13,-0.8143928571428571,Decreasing,18.62375,8.121032011850465
101_321,-0.7278225806451613,5.285553328349124e-09,-0.19474358974359007,Decreasing,20.021250000000002,2.255172873085343
101_322,-0.8951612903225806,6.774580896262705e-13,-1.0510000000000004,Decreasing,25.871875,9.838989860975312
101_323,-0.8024193548387096,1.21112231354914e-10,-0.5074999999999998,Decreasing,28.14625,5.14940454688695
101_324,-0.8870967741935484,1.0869083411080283e-12,-1.2473626373626376,Decreasing,37.9521875,11.901862179501313
101_325,-0.8891129032258065,9.661160760288112e-13,-0.6646190476190476,Decreasing,20.947812499999998,6.344851128264851
101_326,-0.8669354838709677,3.4794389591752406e-12,-0.5528157894736843,Decreasing,24.846249999999998,5.342324956187147
101_327,-0.9798387096774194,3.774758283725532e-15,-1.259236842105263,Decreasing,33.2746875,11.783267793882295
101_328,-0.844758064516129,1.2144951710979512e-11,-0.7089454545454547,Decreasing,25.497187500000003,6.611517523598025
101_329,-0.9475806451612904,2.842170943040401e-14,-0.9729285714285713,Decreasing,28.6796875,8.91805524076543
101_33,-0.717741935483871,8.570263387852606e-09,-0.2781250000000002,Decreasing,17.359375,3.304584824055058
101_330,-0.9596774193548387,1.3322676295501878e-14,-0.911547619047619,Decreasing,27.4690625,8.459519918180568
101_331,-0.9274193548387096,9.814371537686384e-14,-0.7528636363636365,Decreasing,26.099375,7.012078836505975
101_332,-0.9233870967741935,1.254552017826427e-13,-1.0241666666666664,Decreasing,24.685312500000002,9.496258468594025
101_333,-0.40524193548387094,0.0011815761851263762,-0.219812030075188,Decreasing,19.019687499999996,3.2614888130030053
101_334,0.2560483870967742,0.041025411522529254,0.3911074561403509,Increasing,31.0340625,7.305708324392219
101_335,-0.8588709677419355,5.501599176227501e-12,-0.729223076923077,Decreasing,20.972499999999997,6.994179276369745
101_336,-0.9112903225806451,2.6001423236721166e-13,-0.6148913043478252,Decreasing,18.054375,6.305507482302673
101_337,-0.8991935483870968,5.340172748447003e-13,-0.759999999999999,Decreasing,17.97,7.4005443211969215
101_338,-0.8669354838709677,3.4794389591752406e-12,-0.8555844155844157,Decreasing,22.078125,7.951815609304268
101_339,-0.8770161290322581,1.95110594347625e-12,-0.48150000000000004,Decreasing,24.73625,4.8900356274264505
101_34,-0.7883064516129032,2.541908905584478e-10,-0.3370833333333334,Decreasing,16.25875,4.203495383308991
101_340,-0.9274193548387096,9.814371537686384e-14,-1.0648325358851676,Decreasing,26.733125,10.116638348995926
101_341,-0.7016129032258065,1.832546869806606e-08,-0.3408,Decreasing,12.403125,3.468738457188002
101_342,-0.8467741935483871,1.0854206422550305e-11,-0.7394444444444446,Decreasing,24.8840625,8.684678268139457
101_343,-0.8568548387096774,6.165290500348419e-12,-0.8202272727272728,Decreasing,28.32875,7.989810991975968
101_344,-0.5,6.18958807825365e-05,-0.3020869565217391,Decreasing,23.302812499999998,3.9834330626789436
101_345,-0.842741935483871,1.3585577107733116e-11,-1.0924908424908424,Decreasing,38.92,10.35868536543127
101_346,-0.7096774193548387,1.2557821005287906e-08,-0.4693333333333334,Decreasing,41.333125,4.666750366622903
101_347,-0.9193548387096774,1.6009416015094757e-13,-1.5473355263157895,Decreasing,47.1428125,14.332935462243727
101_348,-0.7036290322580645,1.667963900331415e-08,-0.5144836956521739,Decreasing,25.255625000000002,5.019282155784331
101_349,-0.7439516129032258,2.4068798065712826e-09,-0.6174666666666666,Decreasing,25.116875,6.1333684859443265
101_35,-0.8346774193548387,2.121680608979659e-11,-0.5902857142857139,Decreasing,17.302187500000002,6.190791414661275
101_350,-0.8366935483870968,1.8986590077929577e-11,-0.8325230769230769,Decreasing,38.3275,7.98534830173362
101_351,-0.6895161290322581,3.2057687171516136e-08,-0.6692888888888887,Decreasing,34.3365625,7.3978829781629925
101_352,-0.8387096774193549,1.6986412276764895e-11,-0.6283333333333334,Decreasing,23.2340625,6.299993481829466
101_353,-0.6653225806451613,9.543242263099216e-08,-0.47931818181818187,Decreasing,19.005,5.020222231136786
101_354,-0.6693548387096774,7.977093474664798e-08,-0.45964444444444436,Decreasing,25.7178125,4.644460904114034
101_355,-0.8810483870967742,1.5452084056732929e-12,-0.8458041958041957,Decreasing,22.8284375,7.939006592993468
101_356,-0.8145161290322581,6.351164039131163e-11,-0.6690384615384615,Decreasing,17.5440625,6.294156446347179
101_357,-0.8608870967741935,4.908073947262892e-12,-0.7773901098901098,Decreasing,20.378125,7.464614623969211
101_358,-0.75,1.7844419275547807e-09,-0.5820202020202021,Decreasing,27.4340625,5.805282001857768
101_359,-0.8770161290322581,1.95110594347625e-12,-0.7357589285714285,Decreasing,24.58125,7.25329827992066
101_36,-0.7459677419354839,2.178956348686256e-09,-0.7978103448275862,Decreasing,16.69875,8.01221440598665
101_360,-0.7661290322580645,7.944338520360361e-10,-0.6978461538461538,Decreasing,20.130000000000003,6.79169023513293
101_361,-0.7580645161290323,1.193087628692524e-09,-0.6046333333333332,Decreasing,22.0984375,6.320558771469003
101_362,-0.7137096774193549,1.0379506365509883e-08,-0.4454583333333334,Decreasing,20.721562499999997,4.792142728842053
101_363,-0.8608870967741935,4.908073947262892e-12,-0.8377976190476191,Decreasing,28.6709375,8.183932184231107
101_364,-0.8991935483870968,5.340172748447003e-13,-0.8573484848484847,Decreasing,29.554375,8.016717274506755
101_365,-0.9294354838709677,8.681944052568724e-14,-0.8302545454545454,Decreasing,26.5859375,8.120385173813725
101_366,-0.8306451612903226,2.6473268022186858e-11,-0.6503851851851852,Decreasing,37.422812500000006,6.4151145909362945
101_367,-0.6713709677419355,7.29042284319803e-08,-0.4723660714285716,Decreasing,32.043437499999996,5.025774572998052
101_368,-0.8467741935483871,1.0854206422550305e-11,-0.6252272727272727,Decreasing,22.9603125,6.3069889231981175
101_369,-0.4576612903225806,0.0002474174487239189,-0.20000000000000023,Decreasing,22.3365625,2.656041002807327
101_37,-0.875,2.191358206005134e-12,-0.5786931818181817,Decreasing,19.1315625,5.583625675454413
101_370,-0.7016129032258065,1.832546869806606e-08,-0.4661250000000001,Decreasing,31.9440625,4.580066770375051
101_371,-0.7903225806451613,2.2882273853497281e-10,-0.5281628787878787,Decreasing,26.189687499999998,6.152474341867973
101_372,-0.9495967741935484,2.5091040356528538e-14,-0.8656521739130435,Decreasing,21.5390625,7.9963403189267614
101_373,-0.8991935483870968,5.340172748447003e-13,-0.992828947368421,Decreasing,27.8103125,9.19523262497169
101_374,-0.8951612903225806,6.774580896262705e-13,-1.003712121212121,Decreasing,30.9696875,9.647299325580384
101_375,-0.7782258064516129,4.2833958602273015e-10,-0.6587373737373736,Decreasing,22.706875,6.925767754146467
101_376,-0.9012096774193549,4.740652315149418e-13,-1.1074444444444445,Decreasing,21.895937500000002,10.283611616114923
101_377,-0.8971774193548387,6.017408793468348e-13,-1.0552139037433155,Decreasing,32.9503125,11.305106557540435
101_378,-0.8528225806451613,7.736700169402866e-12,-1.0387307692307695,Decreasing,32.3515625,9.937885561506217
101_379,-0.8387096774193549,1.6986412276764895e-11,-0.54,Decreasing,23.5421875,5.285209748897744
101_38,-0.844758064516129,1.2144951710979512e-11,-0.5628333333333333,Decreasing,17.9471875,5.65264055241829
101_380,-0.9133064516129032,2.304822999121825e-13,-0.7292857142857145,Decreasing,22.185000000000002,7.354916722846017
101_381,-0.9516129032258065,2.19824158875781e-14,-0.889474358974359,Decreasing,37.763437499999995,8.364034466607233
101_382,-0.8951612903225806,6.774580896262705e-13,-0.838090909090909,Decreasing,18.1371875,8.005351817056122
101_383,-0.8084677419354839,8.780598470536916e-11,-0.5257039337474121,Decreasing,17.103125,5.329989116722003
101_384,-0.8024193548387096,1.21112231354914e-10,-0.5513124999999998,Decreasing,17.85875,5.60683107356553
101_385,-0.780241935483871,3.8608760632996564e-10,-0.36125000000000007,Decreasing,13.5553125,4.416399823650905
101_386,-0.9274193548387096,9.814371537686384e-14,-0.5694476190476192,Decreasing,29.685,5.86862632990038
101_387,-0.8709677419354839,2.7626789744772395e-12,-0.8534761904761905,Decreasing,22.410625,8.87886181384613
101_388,-0.907258064516129,3.3084646133829665e-13,-0.9485121457489879,Decreasing,32.97375,9.523907991864474
101_389,-0.9112903225806451,2.6001423236721166e-13,-1.4195486111111113,Decreasing,44.025,13.726820234489852
101_39,-0.8548387096774194,6.907363570007874e-12,-0.729722222222222,Decreasing,18.106875,7.607130058989067
101_390,-0.8548387096774194,6.907363570007874e-12,-0.9225000000000005,Decreasing,19.714062499999997,8.59256104843566
101_391,-0.8306451612903226,2.6473268022186858e-11,-0.5190909090909089,Decreasing,21.862187499999997,5.113184999571573
101_392,-0.8346774193548387,2.121680608979659e-11,-0.48193498452012384,Decreasing,21.21875,4.53785931772901
101_393,-0.43951612903225806,0.0004332251570231538,-0.2886666666666662,Decreasing,21.0003125,3.748891073016626
101_394,-0.875,2.191358206005134e-12,-0.9834549071618037,Decreasing,28.808437499999997,9.272096954497066
101_395,-0.5866935483870968,2.5665371479188792e-06,-0.29143518518518513,Decreasing,16.6640625,3.2609209391050484
101_396,-0.8205645161290323,4.583267099178556e-11,-0.5461904761904761,Decreasing,13.580937500000001,5.407771236479382
101_397,-0.8528225806451613,7.736700169402866e-12,-0.6267105263157895,Decreasing,25.6553125,6.070199741552476
101_398,-0.9274193548387096,9.814371537686384e-14,-0.6177341137123745,Decreasing,24.815625,5.83368126566536
101_399,-0.780241935483871,3.8608760632996564e-10,-0.8402777777777778,Decreasing,27.4221875,9.069198467331264
101_4,-0.6854838709677419,3.854806762682017e-08,-0.28266666666666673,Decreasing,18.8175,2.9482622000086764
101_40,-0.9536290322580645,1.9539925233402755e-14,-1.0623951048951048,Decreasing,20.8171875,9.909017747226198
101_400,-0.7983870967741935,1.4987833196755673e-10,-0.49996551724137944,Decreasing,27.784062499999997,4.896173160856727
101_401,-0.6774193548387096,5.5566278689411774e-08,-0.3432666666666666,Decreasing,22.1115625,3.534471415020038
101_402,-0.7620967741935484,9.740654949297323e-10,-0.6275791855203621,Decreasing,21.3578125,6.13693161032806
101_403,-0.8790322580645161,1.7366108551186699e-12,-0.644722222222222,Decreasing,33.130624999999995,6.33272894251562
101_404,-0.8870967741935484,1.0869083411080283e-12,-0.8103124999999999,Decreasing,26.15625,7.586313230911309
101_405,-0.9435483870967742,3.6415315207705135e-14,-0.6552777777777778,Decreasing,19.72875,6.223835106869397
101_406,-0.8165322580645161,5.698219673888616e-11,-0.9346153846153846,Decreasing,26.513125000000002,9.458071763545412
101_407,-0.4334677419354839,0.000519836761338599,-0.19062499999999893,Decreasing,48.31,2.8963759683438886
101_408,-0.6794354838709677,5.073125608490159e-08,-0.4953571428571433,Decreasing,45.86875,4.977050299876424
101_409,-0.42338709677419356,0.0007008697006916087,-0.5234444444444442,Decreasing,44.762499999999996,6.475825236987175
101_41,-0.9435483870967742,3.6415315207705135e-14,-0.875388888888889,Decreasing,23.544687500000002,8.07486996194637
101_410,-0.780241935483871,3.8608760632996564e-10,-0.48355238095238096,Decreasing,49.5196875,4.684033040804019
101_411,-0.4435483870967742,0.0003831828637113066,-0.33827586206896554,Decreasing,51.963125,4.106643578930973
101_412,-0.8770161290322581,1.95110594347625e-12,-0.8493823529411766,Decreasing,51.681875000000005,8.856340397386214
101_413,-0.6088709677419355,1.054676987966019e-06,-0.47955533596837957,Decreasing,49.7796875,5.047734321192404
101_414,-0.8810483870967742,1.5452084056732929e-12,-0.8933333333333333,Decreasing,38.0740625,8.477152698347114
101_415,-0.8790322580645161,1.7366108551186699e-12,-1.045,Decreasing,35.496875,10.077410207209738
101_416,-0.6270161290322581,4.979515006997559e-07,-0.36797619047619046,Decreasing,17.694375,4.128825451550961
101_417,-0.657258064516129,1.3616589122911193e-07,-0.3795601851851853,Decreasing,22.5453125,4.100749157452056
101_418,-0.7883064516129032,2.541908905584478e-10,-0.6107142857142855,Decreasing,17.2109375,7.032660573786691
101_419,-0.7600806451612904,1.0781671111459445e-09,-0.811441798941799,Decreasing,48.4346875,8.242928023605675
101_42,-0.6774193548387096,5.5566278689411774e-08,-0.5122499999999999,Decreasing,34.6309375,5.089334656523754
101_420,-0.8669354838709677,3.4794389591752406e-12,-0.7866666666666665,Decreasing,54.576562499999994,7.396140298060451
101_421,-0.7620967741935484,9.740654949297323e-10,-0.7444901315789475,Decreasing,48.8309375,7.445505926133816
101_422,-0.7862903225806451,2.8229885096209273e-10,-0.8662337662337662,Decreasing,45.200937499999995,14.43253407223048
101_423,-0.9233870967741935,1.254552017826427e-13,-1.0945,Decreasing,52.215,10.308992433792936
101_424,-0.9435483870967742,3.6415315207705135e-14,-1.6325341130604287,Decreasing,40.66875,15.82591876282385
101_425,-0.8467741935483871,1.0854206422550305e-11,-0.5642548076923076,Decreasing,15.798437499999999,5.387103877186122
101_426,-0.9193548387096774,1.6009416015094757e-13,-1.0891666666666666,Decreasing,29.6725,11.483604072763915
101_427,-0.9233870967741935,1.254552017826427e-13,-2.006676923076923,Decreasing,39.569374999999994,18.734457047359953
101_428,-0.7520161290322581,1.6142178704825483e-09,-0.6417028985507245,Decreasing,39.5559375,6.60071580369082
101_429,-0.7721774193548387,5.84016834892509e-10,-0.7070424836601308,Decreasing,17.65625,7.26065456329524
101_43,-0.1693548387096774,0.17831360778170335,-0.08633333333333332,No significant trend,30.6046875,3.486550932131029
101_430,-0.8387096774193549,1.6986412276764895e-11,-0.39128787878787885,Decreasing,15.954375,4.047777891556675
101_431,-0.8790322580645161,1.7366108551186699e-12,-0.6068333333333333,Decreasing,17.3428125,5.936573208918067
101_432,-0.8870967741935484,1.0869083411080283e-12,-0.4690624999999994,Decreasing,28.7515625,4.44326534584575
101_433,-0.9596774193548387,1.3322676295501878e-14,-0.9155,Decreasing,23.1471875,8.402164614838474
101_434,-0.7278225806451613,5.285553328349124e-09,-0.48866071428571417,Decreasing,33.222187500000004,5.061878192908611
101_435,-0.842741935483871,1.3585577107733116e-11,-0.41723529411764726,Decreasing,31.197187500000002,4.7087904725994925
101_436,-0.5443548387096774,1.2874583818822671e-05,-0.46587499999999993,Decreasing,33.0671875,6.095506661865259
101_437,-0.29838709677419356,0.017134045455555746,-0.17340579710144916,Decreasing,29.159062499999997,3.10959941087172
101_438,-0.8064516129032258,9.776668363770114e-11,-0.6488888888888888,Decreasing,30.762500000000003,6.13889749873705
101_439,-0.7903225806451613,2.2882273853497281e-10,-0.3743650793650791,Decreasing,31.41,4.055782908391424
101_44,-0.7439516129032258,2.4068798065712826e-09,-0.678,Decreasing,20.209374999999998,6.367928400145137
101_440,-0.7661290322580645,7.944338520360361e-10,-0.5510714285714287,Decreasing,16.9825,5.585718955515038
101_441,-0.5524193548387096,9.551213337788411e-06,-0.3218398268398268,Decreasing,12.8553125,4.010106750741649
101_442,-0.8548387096774194,6.907363570007874e-12,-0.5700000000000003,Decreasing,29.2253125,5.433626197333025
101_443,-0.8951612903225806,6.774580896262705e-13,-0.7698076923076923,Decreasing,19.5240625,7.667207305863964
101_444,-0.8830645161290323,1.3746781490908688e-12,-0.9017669172932331,Decreasing,21.2225,8.733202448128637
101_445,-0.8790322580645161,1.7366108551186699e-12,-0.9183333333333332,Decreasing,19.936875,8.681669423813315
101_446,-0.7459677419354839,2.178956348686256e-09,-0.4469736842105264,Decreasing,17.6984375,4.823766104776821
101_447,-0.8991935483870968,5.340172748447003e-13,-0.9687225274725275,Decreasing,20.33125,9.371020738825626
101_448,-0.9173387096774194,1.8074430840897548e-13,-0.8618695652173916,Decreasing,29.0284375,8.225996181836809
101_449,-0.9314516129032258,7.682743330406083e-14,-1.6847916666666665,Decreasing,40.905625,16.181114944878644
101_45,-0.8588709677419355,5.501599176227501e-12,-0.582911877394636,Decreasing,14.4678125,5.76627139838594
101_450,-0.5201612903225806,3.077850744093169e-05,-0.44975,Decreasing,45.878125,5.099887521737611
101_451,-0.9354838709677419,5.995204332975845e-14,-0.7668817204301077,Decreasing,24.3375,7.22501038061538
101_452,-0.9211822660098522,2.6194602043005943e-12,-0.8132867132867134,Decreasing,27.69206896551724,7.1260669518423905
101_453,-0.8588709677419355,5.501599176227501e-12,-0.8603472222222222,Decreasing,42.7884375,8.106434600586978
101_454,-0.6875,3.5157899258564385e-08,-0.4005769230769233,Decreasing,40.8996875,4.1804967440895995
101_455,-0.9314516129032258,7.682743330406083e-14,-0.7704365079365079,Decreasing,17.555,7.105576155386697
101_456,-0.7721774193548387,5.84016834892509e-10,-0.20391666666666663,Decreasing,10.5090625,2.194237281173973
101_457,-0.8629032258064516,4.377387341492067e-12,-0.47198412698412706,Decreasing,13.88875,4.725151948614986
101_458,-0.7721774193548387,5.84016834892509e-10,-0.7935714285714284,Decreasing,25.198124999999997,7.553753800884365
101_459,-0.9475806451612904,2.842170943040401e-14,-0.7280075187969925,Decreasing,18.852187500000003,7.682261115052244
101_46,-0.6975806451612904,2.210337290975417e-08,-0.4956034482758621,Decreasing,19.83625,5.646186074466551
101_460,-0.9375,5.284661597215745e-14,-0.47638888888888886,Decreasing,14.82875,5.547219320299136
101_461,-0.5645161290322581,6.056982383206844e-06,-0.40466666666666695,Decreasing,24.60875,3.901972057498618
101_462,-0.8951612903225806,6.774580896262705e-13,-0.8778863636363637,Decreasing,28.193125000000002,8.542346149294993
101_463,-0.8568548387096774,6.165290500348419e-12,-0.7772556390977443,Decreasing,14.357812500000001,7.665667263183535
101_464,-0.8286290322580645,2.956013211985464e-11,-0.8973750000000004,Decreasing,28.481875000000002,8.92079222851732
101_465,-0.6995967741935484,2.0128545274999965e-08,-0.6746666666666667,Decreasing,29.0721875,6.8678497974143085
101_466,-0.8991935483870968,5.340172748447003e-13,-1.1084782608695654,Decreasing,32.1353125,10.53508601779519
101_467,-0.7278225806451613,5.285553328349124e-09,-0.3658333333333329,Decreasing,31.5859375,3.7238033811002627
101_468,-0.875,2.191358206005134e-12,-0.5653260869565218,Decreasing,11.3984375,5.194282980700392
101_469,-0.9193548387096774,1.6009416015094757e-13,-0.6019444444444444,Decreasing,15.342187500000001,5.709473889058758
101_47,-0.6688172043010753,1.3725173086953646e-07,-0.36571428571428566,Decreasing,8.050645161290323,3.8277980998799204
101_470,-0.8770161290322581,1.95110594347625e-12,-0.5757777777777778,Decreasing,12.1878125,5.576861647902318
101_471,-0.7379032258064516,3.238943557803964e-09,-0.3426785714285714,Decreasing,9.684687499999999,4.027860772462692
101_472,-0.6955645161290323,2.4265743192586342e-08,-0.6759473684210529,Decreasing,32.0846875,7.239322302698213
101_473,-0.9596774193548387,1.3322676295501878e-14,-0.6153708791208792,Decreasing,18.19875,5.825277756253344
101_474,-0.8044354838709677,1.0882916789967112e-10,-0.4949230769230769,Decreasing,21.8153125,4.776535083336429
101_475,-0.7681451612903226,7.171752081092109e-10,-0.7799999999999999,Decreasing,31.191875,7.761214642977928
101_476,-0.8588709677419355,5.501599176227501e-12,-0.8859090909090905,Decreasing,41.642187500000006,8.268318954893052
101_477,-0.6512096774193549,1.772900197760663e-07,-0.6063809523809527,Decreasing,44.67218749999999,6.633575927796693
101_478,-0.9717741935483871,6.217248937900877e-15,-2.0477083333333335,Decreasing,38.329375,18.98377892068318
101_479,-0.7520161290322581,1.6142178704825483e-09,-0.5675446428571429,Decreasing,20.369374999999998,5.696305786154304
101_48,-0.8689516129032258,3.1008529077780622e-12,-0.9245535714285714,Decreasing,40.798125,9.031103696911856
101_480,-0.10685483870967742,0.39908552967166067,-0.10619047619047614,No significant trend,36.85187500000001,4.837082305933506
101_481,-0.9838709677419355,2.886579864025407e-15,-1.5755050505050505,Decreasing,48.3746875,14.667428622711745
101_482,-0.8951612903225806,6.774580896262705e-13,-2.1063095238095237,Decreasing,42.4340625,20.53292947611455
101_483,-0.7560483870967742,1.3199186188472822e-09,-0.8929789473684211,Decreasing,51.3828125,8.923104222457773
101_484,-0.8326612903225806,2.3702817486537242e-11,-0.8062962962962963,Decreasing,46.2134375,8.064569737970757
101_485,0.5080645161290323,4.694664237403501e-05,0.07348484848484851,Increasing,3.94625,0.9070479245883317
101_486,-0.8266129032258065,3.299827078251383e-11,-0.8356349206349205,Decreasing,26.6571875,8.152487440336461
101_487,-0.8346774193548387,2.121680608979659e-11,-0.631602564102564,Decreasing,38.375937500000006,6.354663572612932
101_488,-0.9112903225806451,2.6001423236721166e-13,-1.445,Decreasing,41.715312499999996,13.822376781955546
101_489,-0.7681451612903226,7.171752081092109e-10,-0.49550480769230776,Decreasing,15.686875,4.9364463670108885
101_49,-0.8467741935483871,1.0854206422550305e-11,-0.4842222222222222,Decreasing,12.743749999999999,4.898519387274077
101_490,-0.7782258064516129,4.2833958602273015e-10,-0.9822180451127819,Decreasing,42.34375,9.517351177586125
101_492,-0.8911290322580645,8.586464872450961e-13,-0.7156875000000003,Decreasing,20.54875,6.7790793761026285
101_493,-0.8588709677419355,5.501599176227501e-12,-0.6489296187683283,Decreasing,29.094375,6.1311851105128925
101_494,-0.8286290322580645,2.956013211985464e-11,-0.9936875000000001,Decreasing,43.876875,9.792584068282233
101_495,-0.9112903225806451,2.6001423236721166e-13,-1.1014,Decreasing,42.652499999999996,11.50477672534326
101_496,-0.9717741935483871,6.217248937900877e-15,-1.7740773809523809,Decreasing,37.385,16.399483604674874
101_497,-0.6471774193548387,2.1112575954163049e-07,-0.3882,Decreasing,26.315625,4.257424351573966
101_498,-0.7358870967741935,3.574073925705079e-09,-0.5587878787878788,Decreasing,26.920625,6.064772222381892
101_499,-0.9314516129032258,7.682743330406083e-14,-0.7835432330827067,Decreasing,33.3178125,7.323793729334801
101_5,-0.8306451612903226,2.6473268022186858e-11,-0.6174999999999999,Decreasing,19.209375,6.419161227089954
101_50,-0.8306451612903226,2.6473268022186858e-11,-0.6166363636363636,Decreasing,27.4625,6.21603873057432
101_500,-0.9354838709677419,5.995204332975845e-14,-1.1481666666666668,Decreasing,23.948124999999997,10.822212238464694
101_501,-0.8024193548387096,1.21112231354914e-10,-0.7504347826086957,Decreasing,29.64375,7.20395800497893
101_502,-0.844758064516129,1.2144951710979512e-11,-0.7950000000000002,Decreasing,18.5340625,8.028403039901134
101_503,-0.7540322580645161,1.4598573461199749e-09,-0.43183333333333335,Decreasing,15.87125,4.967399816553928
101_504,-0.8971774193548387,6.017408793468348e-13,-0.5399999999999998,Decreasing,14.55,5.060289640919777
101_505,-0.9395161290322581,4.6851411639181606e-14,-0.865222222222222,Decreasing,24.3428125,7.916911579956148
101_506,-0.9314516129032258,7.682743330406083e-14,-1.3725833333333335,Decreasing,32.933437500000004,13.257651000784179
101_507,-0.592741935483871,2.019923096563403e-06,-0.28242857142857136,Decreasing,22.420625,3.4059873178529307
101_508,-0.9516129032258065,2.19824158875781e-14,-1.3675833333333332,Decreasing,36.254062499999996,12.711023970203728
101_509,-0.6491935483870968,1.934942726045108e-07,-0.6197833333333334,Decreasing,37.9559375,6.695812525085641
101_51,-0.9758064516129032,4.884981308350689e-15,-1.662628205128204,Decreasing,40.0315625,15.806226840507943
101_510,-0.9334677419354839,6.772360450213455e-14,-1.5486309523809525,Decreasing,36.65875,14.758042669592061
101_511,-0.875,2.191358206005134e-12,-1.1281649831649831,Decreasing,24.4859375,10.804437126527867
101_512,-0.8931451612903226,7.629452625224076e-13,-1.1808333333333332,Decreasing,40.626875,12.201362740873455
101_513,-0.9153225806451613,2.0405899192610377e-13,-1.7070138888888886,Decreasing,38.1234375,16.03678771009312
101_514,-0.6391129032258065,2.984879994283318e-07,-0.30272575250836115,Decreasing,14.831875,5.014709262198059
101_515,-0.9274193548387096,9.814371537686384e-14,-0.5813333333333333,Decreasing,15.0675,6.591794141203137
101_516,-0.8266129032258065,3.299827078251383e-11,-0.4982070707070707,Decreasing,25.5621875,4.666668869744644
101_517,-0.8850806451612904,1.2225775947172224e-12,-0.47500000000000064,Decreasing,34.95281250000001,4.82678609064497
101_518,-0.9616935483870968,1.176836406102666e-14,-0.6384583333333333,Decreasing,19.1990625,6.651715643057342
101_519,-0.7983870967741935,1.4987833196755673e-10,-0.6987999999999999,Decreasing,13.4775,7.2638501326775735
101_52,-0.9254032258064516,1.1102230246251565e-13,-0.5771590909090909,Decreasing,14.260000000000002,5.491327822120986
101_520,-0.8104838709677419,7.883982355849639e-11,-0.29424999999999996,Decreasing,10.0034375,2.9687387993209757
101_521,-0.8971774193548387,6.017408793468348e-13,-0.6269285714285715,Decreasing,17.201875,5.814614366780913
101_522,-0.907258064516129,3.3084646133829665e-13,-0.5881845238095237,Decreasing,16.6390625,5.802684917009863
101_523,-0.8266129032258065,3.299827078251383e-11,-0.5065972222222221,Decreasing,13.81625,5.288027603700646
101_524,-0.7318548387096774,4.348602589132611e-09,-0.17473389355742297,Decreasing,10.3090625,1.8060771705809664
101_525,-0.6149193548387096,8.23131043548031e-07,-0.4720833333333333,Decreasing,17.789375,5.098959414368289
101_526,-0.8487903225806451,9.698242209310592e-12,-0.5732986111111109,Decreasing,19.6090625,5.466958912054649
101_527,-0.8467741935483871,1.0854206422550305e-11,-0.4948235294117648,Decreasing,15.10125,5.116346199926272
101_528,-0.5967741935483871,1.7196589441326182e-06,-0.5024715909090909,Decreasing,20.2671875,4.71213409347015
101_53,-0.7358870967741935,3.574073925705079e-09,-0.46241545893719815,Decreasing,16.053125,4.779170585402346
101_530,-0.8528225806451613,7.736700169402866e-12,-0.6243703148425787,Decreasing,18.5909375,6.197870279063103
101_531,-0.8971774193548387,6.017408793468348e-13,-0.6216387959866222,Decreasing,22.1021875,5.818047210176602
101_532,-0.9455645161290323,3.219646771412954e-14,-1.4725000000000001,Decreasing,30.1715625,13.950219332813148
101_533,-0.9435483870967742,3.6415315207705135e-14,-0.990625000000001,Decreasing,38.9303125,9.306804461110362
101_534,-0.7762096774193549,4.750932980357447e-10,-0.5827777777777778,Decreasing,15.2190625,5.846406673854784
101_535,-0.7862903225806451,2.8229885096209273e-10,-0.30691576086956524,Decreasing,16.19,3.1697762144984303
101_536,-0.594758064516129,1.8639903685002679e-06,-0.2177777777777777,Decreasing,15.185,2.50430878687114
101_537,-0.4879032258064516,9.2999707930419e-05,-0.35205357142857135,Decreasing,28.030625,4.656559175976937
101_538,-0.7842741935483871,3.1343416750928554e-10,-0.6714285714285713,Decreasing,15.6984375,7.185599796370081
101_539,-0.9334677419354839,6.772360450213455e-14,-1.4901604278074867,Decreasing,32.5409375,14.203355096458504
101_54,-0.6149193548387096,8.23131043548031e-07,-0.20849624060150368,Decreasing,11.8703125,2.6645185826606186
101_540,-0.8790322580645161,1.7366108551186699e-12,-0.8164978448275862,Decreasing,17.8753125,7.954414648630265
101_541,-0.9314516129032258,7.682743330406083e-14,-2.1433333333333335,Decreasing,34.16875,20.04827108349994
101_542,-0.75,1.7844419275547807e-09,-1.0213383838383838,Decreasing,40.035624999999996,11.231235166239507
101_543,-0.7842741935483871,3.1343416750928554e-10,-0.8099206349206349,Decreasing,46.3221875,7.856924388069657
101_544,-0.9556451612903226,1.709743457922741e-14,-1.50085,Decreasing,45.65625,14.114801572728538
101_545,-0.9032258064516129,4.205524817280093e-13,-1.4463925925925927,Decreasing,39.220312500000006,13.894765085360161
101_546,-0.44556451612903225,0.0003602388463002093,-0.2965999999999999,Decreasing,31.8921875,3.9558941264704934
101_547,-0.8608870967741935,4.908073947262892e-12,-0.49422222222222223,Decreasing,34.2878125,5.045571532526693
101_548,-0.5201612903225806,3.077850744093169e-05,-0.6224999999999996,Decreasing,48.9446875,7.559977258718689
101_549,-0.967741935483871,7.993605777301127e-15,-0.9782142857142855,Decreasing,32.59343749999999,9.478483729404918
101_55,-0.38306451612903225,0.0021773576915100623,-0.038690476190476206,Decreasing,1.7803125,0.7368195351263089
101_550,-0.9455645161290323,3.219646771412954e-14,-1.0006666666666668,Decreasing,24.1515625,9.363104823379569
101_551,-0.9153225806451613,2.0405899192610377e-13,-1.2818928571428572,Decreasing,48.99125,12.088631991979074
101_552,-0.8024193548387096,1.21112231354914e-10,-0.9391319444444446,Decreasing,55.548437500000006,9.206493329905463
101_553,-0.9274193548387096,9.814371537686384e-14,-0.7952412280701754,Decreasing,31.9384375,7.459402250421528
101_554,-0.7016129032258065,1.832546869806606e-08,-0.7294816053511707,Decreasing,51.1165625,8.313382137168587
101_555,-0.9516129032258065,2.19824158875781e-14,-1.2746875,Decreasing,33.4428125,11.977214626733703
101_556,-0.6713709677419355,7.29042284319803e-08,-0.7894886363636362,Decreasing,38.580312500000005,9.201577474941118
101_557,-0.7560483870967742,1.3199186188472822e-09,-0.6105194805194807,Decreasing,19.9571875,7.03810975794238
101_558,-0.8346774193548387,2.121680608979659e-11,-0.9147884615384618,Decreasing,36.1003125,8.780084525637765
101_559,-0.6774193548387096,5.5566278689411774e-08,-0.2741428571428571,Decreasing,16.1675,3.1900215516513364
101_56,-0.7762096774193549,4.750932980357447e-10,-0.4195,Decreasing,13.376875,4.133719146770255
101_560,-0.6814516129032258,4.630511263314929e-08,-0.25051724137931036,Decreasing,14.693125,2.6973510587936085
101_561,-0.780241935483871,3.8608760632996564e-10,-0.4232051282051282,Decreasing,14.1640625,4.150758107995906
101_562,-0.40725806451612906,0.0011160599546666816,-0.0672142857142857,Decreasing,7.79875,0.9514585842273956
101_563,-0.6088709677419355,1.054676987966019e-06,-0.24458333333333337,Decreasing,13.13,2.673185132010127
101_564,-0.8548387096774194,6.907363570007874e-12,-0.5899999999999999,Decreasing,17.10875,5.793023147502519
101_565,-0.6209677419354839,6.409512869343104e-07,-0.365521978021978,Decreasing,16.721562499999997,4.324811491104988
101_566,-0.8830645161290323,1.3746781490908688e-12,-0.39716666666666667,Decreasing,18.958125000000003,4.247564329633514
101_567,-0.7358870967741935,3.574073925705079e-09,-1.0757499999999998,Decreasing,47.19,10.218525456248567
101_568,-0.8185483870967742,5.111089329545848e-11,-0.3611274509803922,Decreasing,15.623437500000001,3.545197992862141
101_569,-0.8044354838709677,1.0882916789967112e-10,-0.4519518716577541,Decreasing,13.214375,4.644693839143222
101_57,-0.5907258064516129,2.1883453411586373e-06,-0.23673333333333335,Decreasing,15.05375,2.842871292812955
101_570,-0.717741935483871,8.570263387852606e-09,-0.49923076923076914,Decreasing,15.224375,4.892367101861327
101_571,-0.8568548387096774,6.165290500348419e-12,-0.7199999999999995,Decreasing,42.74625,6.765232696478371
101_572,-0.7318548387096774,4.348602589132611e-09,-0.4822500000000001,Decreasing,28.3578125,4.910638791424569
101_573,-0.8568548387096774,6.165290500348419e-12,-0.5666666666666667,Decreasing,12.1021875,5.416317207276892
101_574,-0.43548387096774194,0.0004893169184720936,-0.24404166666666677,Decreasing,40.248437499999994,4.599832272332736
101_575,-0.717741935483871,8.570263387852606e-09,-0.574,Decreasing,14.979062500000001,6.009627879169704
101_576,-0.5625,6.538795176869172e-06,-0.26199999999999996,Decreasing,26.8496875,3.062687223231218
101_577,-0.8528225806451613,7.736700169402866e-12,-0.44631221719457015,Decreasing,15.54875,4.291122194426535
101_578,-0.6391129032258065,2.984879994283318e-07,-0.3220217391304348,Decreasing,21.509999999999998,3.6573564565133654
101_579,-0.6169354838709677,7.574687868050489e-07,-0.29125,Decreasing,17.0459375,3.2352645364936925
101_58,-0.9475806451612904,2.842170943040401e-14,-1.288981818181818,Decreasing,41.5025,12.389851694027657
101_580,-0.6814516129032258,4.630511263314929e-08,-0.44480769230769235,Decreasing,18.130000000000003,4.796676583844277
101_581,-0.2439516129032258,0.05165781777373568,-0.12339285714285717,No significant trend,26.58625,2.670222076438587
101_582,-0.5544354838709677,8.858614525264485e-06,-0.24366071428571434,Decreasing,22.677500000000002,3.596593874765401
101_583,-0.8064516129032258,9.776668363770114e-11,-0.5060833333333333,Decreasing,21.7015625,5.1592405626791376
101_584,-0.8568548387096774,6.165290500348419e-12,-0.6113333333333333,Decreasing,18.826875,6.047628376841206
101_585,-0.6814516129032258,4.630511263314929e-08,-0.1832671957671958,Decreasing,11.448437499999999,2.30762609267484
101_586,-0.7721774193548387,5.84016834892509e-10,-0.3855397727272728,Decreasing,11.883750000000001,3.79341349413691
101_587,-0.875,2.191358206005134e-12,-1.017346153846154,Decreasing,24.5775,9.635057732053296
101_588,-0.7479838709677419,1.9721104749237384e-09,-0.6462142857142859,Decreasing,16.3578125,6.475351696228071
101_589,-0.6733870967741935,6.661159712706421e-08,-0.3902380952380953,Decreasing,12.615625000000001,4.171184587065766
101_59,-0.6229838709677419,5.893720071981079e-07,-0.4304864253393665,Decreasing,42.909062500000005,4.76579699484711
101_590,-0.8911290322580645,8.586464872450961e-13,-0.5623757763975155,Decreasing,15.8553125,5.268786022637829
101_591,-0.7237903225806451,6.417795184177066e-09,-0.47050000000000003,Decreasing,11.759062499999999,4.83556379816188
101_592,-0.9395161290322581,4.6851411639181606e-14,-1.5095384615384613,Decreasing,53.76531250000001,14.091520496466794
101_593,-0.7217741935483871,7.0691399400857335e-09,-0.6419666666666666,Decreasing,19.059375000000003,6.473425936810817
101_594,-0.8548387096774194,6.907363570007874e-12,-1.170863636363636,Decreasing,52.596875000000004,10.968438368080252
101_595,-0.8669354838709677,3.4794389591752406e-12,-0.5850000000000001,Decreasing,13.014375000000001,5.98101994724771
101_596,-0.8024193548387096,1.21112231354914e-10,-0.4209761904761905,Decreasing,13.522187500000001,4.044071845287093
101_597,-0.7298387096774194,4.794858066148322e-09,-0.4834749999999999,Decreasing,16.6553125,4.949492388350925
101_598,-0.844758064516129,1.2144951710979512e-11,-0.6291666666666664,Decreasing,29.4453125,6.112017866657766
101_599,-0.75,1.7844419275547807e-09,-0.5737500000000001,Decreasing,12.846875,5.8601138200870295
101_6,-0.8306451612903226,2.6473268022186858e-11,-0.5963235294117647,Decreasing,20.646875,5.8935698209468095
101_60,-0.7459677419354839,2.178956348686256e-09,-0.5928454545454547,Decreasing,59.5990625,5.707111988220817
101_600,-0.842741935483871,1.3585577107733116e-11,-0.6658041958041958,Decreasing,14.6128125,6.343478065292238
101_601,-0.7903225806451613,2.2882273853497281e-10,-0.5608838383838384,Decreasing,20.197499999999998,5.646749618143167
101_602,-0.46169354838709675,0.00021786074656704457,-0.28496715927750416,Decreasing,9.025625000000002,3.659900901578484
101_603,-0.8951612903225806,6.774580896262705e-13,-0.5512019230769231,Decreasing,15.0771875,5.170677079923262
101_604,-0.6895161290322581,3.2057687171516136e-08,-0.2929166666666667,Decreasing,13.9390625,3.0314470135718605
101_605,-0.9112903225806451,2.6001423236721166e-13,-0.9206818181818183,Decreasing,19.764062499999998,8.73718950069722
101_606,-0.3286290322580645,0.008612477773118021,-0.1801322751322751,Decreasing,20.5159375,3.2080785325633396
101_607,-0.8528225806451613,7.736700169402866e-12,-0.5071548821548821,Decreasing,16.564687499999998,5.673336752066085
101_608,-0.7923387096774194,2.0593349248088089e-10,-0.6636666666666667,Decreasing,14.07875,6.912551875935543
101_609,-0.8931451612903226,7.629452625224076e-13,-0.8774901960784314,Decreasing,24.313125,8.31769027340974
101_61,-0.6149193548387096,8.23131043548031e-07,-0.3735565217391305,Decreasing,21.9065625,4.1085669714139685
101_610,-0.9334677419354839,6.772360450213455e-14,-0.8708391608391608,Decreasing,18.3553125,8.20805929573756
101_611,-0.8125,7.077094466012568e-11,-0.4741440217391304,Decreasing,15.806874999999998,4.589093345572195
101_612,-0.8870967741935484,1.0869083411080283e-12,-0.6837087912087911,Decreasing,17.2715625,6.59186245939596
101_613,-0.9032258064516129,4.205524817280093e-13,-0.6594,Decreasing,18.11,6.169181975756592
101_614,-0.8064516129032258,9.776668363770114e-11,-0.8378787878787876,Decreasing,27.024375,8.337978973310918
101_615,-0.9294354838709677,8.681944052568724e-14,-0.9682275132275132,Decreasing,22.73875,9.0969983888918
101_616,-0.8346774193548387,2.121680608979659e-11,-0.5496428571428571,Decreasing,23.902812500000003,5.1859197800239585
101_617,-0.7741935483870968,5.268148139947471e-10,-0.9507738095238099,Decreasing,29.32125,9.210010094321287
101_618,-0.7298387096774194,4.794858066148322e-09,-0.38062500000000044,Decreasing,15.4253125,4.115127568173769
101_619,-0.9274193548387096,9.814371537686384e-14,-0.7796428571428571,Decreasing,24.8584375,7.29020409066809
101_62,-0.7016129032258065,1.832546869806606e-08,-0.5605263157894738,Decreasing,28.0134375,6.042257240352628
101_620,-0.7056451612903226,1.5177737733296226e-08,-0.5648076923076923,Decreasing,40.5675,5.852397478811568
101_621,-0.8467741935483871,1.0854206422550305e-11,-0.6145,Decreasing,13.42875,6.23185202708633
101_622,-0.8629032258064516,4.377387341492067e-12,-0.5749999999999998,Decreasing,16.1715625,5.901801160119998
101_623,-0.8770161290322581,1.95110594347625e-12,-0.5524810606060605,Decreasing,18.46375,5.677861475723056
101_624,-0.7278225806451613,5.285553328349124e-09,-0.41586904761904764,Decreasing,19.6390625,4.259122092179767
101_625,-0.844758064516129,1.2144951710979512e-11,-0.6096153846153846,Decreasing,20.0615625,5.990694403288632
101_626,-0.7419354838709677,2.657962294705385e-09,-0.4228991596638656,Decreasing,14.6453125,4.345813347619034
101_627,-0.9354838709677419,5.995204332975845e-14,-1.266666666666667,Decreasing,45.725625,15.009781797527072
101_628,-0.7580645161290323,1.193087628692524e-09,-0.5,Decreasing,19.835,4.915733032824301
101_629,-0.6411290322580645,2.738397213430943e-07,-0.1938749999999999,Decreasing,13.2071875,2.1613208264493613
101_63,-0.7036290322580645,1.667963900331415e-08,-0.4928214285714285,Decreasing,27.648125,5.366563400759838
101_630,-0.6330645161290323,3.859708492814917e-07,-0.37911764705882345,Decreasing,24.865000000000002,4.2915738663105865
101_631,-0.842741935483871,1.3585577107733116e-11,-0.5511111111111111,Decreasing,20.933749999999996,5.299996314857209
101_632,0.20967741935483872,0.09486107679233946,0.08522058823529441,No significant trend,30.8678125,2.0884694371342256
101_633,-0.7258064516129032,5.824971616164021e-09,-0.6665686274509803,Decreasing,40.08,6.659015974601653
101_634,-0.9314516129032258,7.682743330406083e-14,-1.0515340909090907,Decreasing,53.305625000000006,9.823593708993414
101_635,-0.40725806451612906,0.0011160599546666816,-0.12905982905982905,Decreasing,12.56625,2.1359215663268163
101_636,-0.719758064516129,7.784594746595985e-09,-0.3243928571428574,Decreasing,22.975625,3.3210624594209306
101_637,-0.7137096774193549,1.0379506365509883e-08,-0.5580803571428572,Decreasing,26.7240625,5.939168112715261
101_638,-0.4334677419354839,0.000519836761338599,-0.15558823529411775,Decreasing,19.904062500000002,2.270122325138835
101_639,-0.5887096774193549,2.370209626567643e-06,-0.3853349282296651,Decreasing,41.246875,4.823163794064535
101_64,-0.7641129032258065,8.797895745260575e-10,-0.5977124183006535,Decreasing,19.629062500000003,6.269454401787588
101_640,-0.9233870967741935,1.254552017826427e-13,-0.8061098398169337,Decreasing,26.413125,7.670694817575199
101_641,-0.5403225806451613,1.4924957946416129e-05,-0.31858333333333333,Decreasing,15.573125000000001,4.0227302897876465
101_642,-0.8629032258064516,4.377387341492067e-12,-0.7095833333333335,Decreasing,26.6090625,6.8053707464100555
101_643,-0.842741935483871,1.3585577107733116e-11,-1.3966042780748666,Decreasing,56.411875,13.56165721747807
101_644,-0.8608870967741935,4.908073947262892e-12,-0.6508380952380952,Decreasing,32.6078125,6.329769315689455
101_645,-0.8709677419354839,2.7626789744772395e-12,-1.0692962184873949,Decreasing,31.3753125,10.018425832052845
101_646,-0.7540322580645161,1.4598573461199749e-09,-0.3896666666666662,Decreasing,49.91,3.926821233517003
101_647,-0.6754032258064516,6.084656289928603e-08,-0.5858999999999996,Decreasing,36.455,6.0439463515157055
101_648,-0.7600806451612904,1.0781671111459445e-09,-0.7235714285714284,Decreasing,33.474374999999995,7.2758805040610035
101_649,-0.8588709677419355,5.501599176227501e-12,-0.573137254901961,Decreasing,20.708125,6.092170917199796
101_65,-0.8729838709677419,2.460920356384122e-12,-0.7396014492753624,Decreasing,29.583750000000002,7.119229132251609
101_650,-0.7903225806451613,2.2882273853497281e-10,-0.6852777777777778,Decreasing,22.6140625,8.012411801142884
101_651,-0.875,2.191358206005134e-12,-1.49125,Decreasing,28.814375,13.264603258649503
101_652,-0.8971774193548387,6.017408793468348e-13,-0.9545000000000001,Decreasing,27.9284375,9.809261602363032
101_653,-0.2056451612903226,0.1014505333614959,-0.1438999999999999,No significant trend,28.0165625,3.9203265244866716
101_654,-0.75,1.7844419275547807e-09,-0.7987878787878786,Decreasing,55.5321875,8.032033418745451
101_655,-0.8286290322580645,2.956013211985464e-11,-0.7358684210526315,Decreasing,26.5215625,7.297617808819104
101_656,-0.6915322580645161,2.9223376829534686e-08,-0.659946949602122,Decreasing,50.5778125,7.049358009056126
101_657,-0.4153225806451613,0.0008861761949863212,-0.24027777777777778,Decreasing,36.3371875,3.6320536841907707
101_658,-0.8266129032258065,3.299827078251383e-11,-0.7042222222222223,Decreasing,24.2928125,6.816827173608243
101_659,-0.5141129032258065,3.8055466680564365e-05,-0.30792857142857144,Decreasing,15.39375,3.785535587932043
101_66,-0.9254032258064516,1.1102230246251565e-13,-0.6462692307692308,Decreasing,21.45375,5.951765363108664
101_660,-0.8084677419354839,8.780598470536916e-11,-0.5055844155844156,Decreasing,27.7125,4.832597645159382
101_661,-0.7963709677419355,1.666657922783088e-10,-0.6394444444444445,Decreasing,21.1953125,6.54119206661475
101_662,-0.7459677419354839,2.178956348686256e-09,-0.46738888888888885,Decreasing,20.7728125,4.694086195932468
101_663,-0.4939516129032258,7.595584729669369e-05,-0.24708333333333318,Decreasing,30.729687499999997,3.424200166074371
101_664,-0.8467741935483871,1.0854206422550305e-11,-0.6197222222222227,Decreasing,19.345,6.706438138087908
101_665,-0.8649193548387096,3.903322109977125e-12,-0.818695652173913,Decreasing,19.444375,7.589512475078686
101_666,-0.8911290322580645,8.586464872450961e-13,-0.6347127329192548,Decreasing,16.004375,6.42354114639075
101_667,-0.875,2.191358206005134e-12,-0.5414285714285714,Decreasing,12.389375,5.674950405895632
101_668,-0.7943548387096774,1.8528600875811208e-10,-0.6539285714285713,Decreasing,16.3003125,7.139073593775579
101_669,-0.8508064516129032,8.663292305755022e-12,-0.9802083333333335,Decreasing,47.134375,9.182115067312923
101_67,-0.8508064516129032,8.663292305755022e-12,-0.5822894736842104,Decreasing,37.68718750000001,6.582072353358306
101_670,-0.8971774193548387,6.017408793468348e-13,-0.44638888888888895,Decreasing,13.9521875,4.6100188003785565
101_671,-0.8508064516129032,8.663292305755022e-12,-0.31527777777777755,Decreasing,12.578125,3.892876055614281
101_672,-0.9435483870967742,3.6415315207705135e-14,-0.7878461538461539,Decreasing,16.6715625,7.520800368550794
101_673,-0.5846774193548387,2.7784224061466745e-06,-0.31851851851851865,Decreasing,15.098125,3.649691286174079
101_674,-0.8387096774193549,1.6986412276764895e-11,-0.6799999999999999,Decreasing,19.063125,6.777659273995337
101_675,-0.9495967741935484,2.5091040356528538e-14,-0.6534311740890688,Decreasing,13.2540625,6.587140340928964
101_676,-0.8588709677419355,5.501599176227501e-12,-0.5228333333333333,Decreasing,15.784062500000001,5.148838375895456
101_677,-0.9133064516129032,2.304822999121825e-13,-0.6323863636363634,Decreasing,26.225625,6.293065597097729
101_678,-0.6854838709677419,3.854806762682017e-08,-0.5046666666666668,Decreasing,24.208437500000002,5.552975615252938
101_679,-0.9637096774193549,1.021405182655144e-14,-1.5404999999999998,Decreasing,31.236874999999998,13.761240504924512
101_68,-0.5221774193548387,2.8661968966448015e-05,-0.3309523809523809,Decreasing,46.2696875,4.355909408762279
101_680,-0.9758064516129032,4.884981308350689e-15,-1.8123106060606058,Decreasing,48.2875,17.03290803855877
101_681,-0.7923387096774194,2.0593349248088089e-10,-0.4641875000000001,Decreasing,13.637812499999999,4.674652884422944
101_682,-0.6814516129032258,4.630511263314929e-08,-0.7063888888888885,Decreasing,36.167500000000004,7.306496681036679
101_683,-0.9475806451612904,2.842170943040401e-14,-0.848,Decreasing,18.93875,8.01324908744886
101_684,-0.8387096774193549,1.6986412276764895e-11,-0.7542499999999999,Decreasing,17.5171875,8.249916755025092
101_685,-0.8991935483870968,5.340172748447003e-13,-0.8269318181818179,Decreasing,21.1990625,7.861773559197298
101_686,-0.8145161290322581,6.351164039131163e-11,-0.7365185185185185,Decreasing,13.9059375,7.073642033711753
101_687,-0.7641129032258065,8.797895745260575e-10,-0.5168333333333333,Decreasing,17.0890625,5.740407955545821
101_688,-0.8649193548387096,3.903322109977125e-12,-0.7697727272727273,Decreasing,16.27875,8.242646628207472
101_689,-0.8951612903225806,6.774580896262705e-13,-0.7649336870026524,Decreasing,15.7478125,8.05235941136781
101_69,-0.8407258064516129,1.5192958002785417e-11,-0.5642600574712644,Decreasing,20.4990625,5.621943257993071
101_690,-0.9314516129032258,7.682743330406083e-14,-1.0743157894736841,Decreasing,22.2984375,10.179740329870588
101_691,-0.9193548387096774,1.6009416015094757e-13,-1.011783088235294,Decreasing,20.28875,9.641249189679728
101_692,-0.8830645161290323,1.3746781490908688e-12,-0.7425724637681159,Decreasing,16.81625,7.463096186402799
101_693,-0.8810483870967742,1.5452084056732929e-12,-0.6827556818181817,Decreasing,23.9234375,6.991741829372259
101_694,-0.8951612903225806,6.774580896262705e-13,-1.5439285714285713,Decreasing,33.0996875,14.762252852371272
101_695,-0.8004032258064516,1.3474710236494047e-10,-0.515138888888889,Decreasing,33.8103125,5.417357799457569
101_696,-0.8044354838709677,1.0882916789967112e-10,-0.42489999999999994,Decreasing,15.775624999999998,4.22171021143979
101_697,-0.6209677419354839,6.409512869343104e-07,-0.28708333333333336,Decreasing,12.021875,3.193022116173798
101_698,-0.8366935483870968,1.8986590077929577e-11,-0.38861904761904775,Decreasing,16.286875,3.8163713438782394
101_699,-0.8608870967741935,4.908073947262892e-12,-0.4826136363636366,Decreasing,15.2478125,4.644036319823925
101_7,-0.8064516129032258,9.776668363770114e-11,-0.5025000000000002,Decreasing,22.593125,4.834352617918453
101_70,-0.7560483870967742,1.3199186188472822e-09,-0.39525,Decreasing,24.819375,3.993819394937007
101_700,-0.8225806451612904,4.108913209677212e-11,-0.3742810457516339,Decreasing,14.0971875,3.9489327944197474
101_701,-0.8629032258064516,4.377387341492067e-12,-0.5069852941176473,Decreasing,18.472812500000003,4.8715944735624035
101_702,-0.3649193548387097,0.0035119952477191685,-0.24954022988505747,Decreasing,14.776875,3.728493695096587
101_703,-0.6975806451612904,2.210337290975417e-08,-0.3008333333333334,Decreasing,17.573124999999997,3.474408616495043
101_704,-0.8568548387096774,6.165290500348419e-12,-0.4820833333333333,Decreasing,15.040000000000001,4.528667712473504
101_705,-0.7923387096774194,2.0593349248088089e-10,-0.492261663286004,Decreasing,13.021249999999998,4.741458603373017
101_706,-0.8205645161290323,4.583267099178556e-11,-0.5297222222222221,Decreasing,37.606875,5.182616639726983
101_707,-0.7056451612903226,1.5177737733296226e-08,-0.4991304347826088,Decreasing,35.4740625,5.125057840755921
101_708,-0.4375,0.0004604747348062599,-0.37188405797101465,Decreasing,27.7928125,5.169775281851596
101_709,-0.7157258064516129,9.432809422449395e-09,-0.7439230769230769,Decreasing,17.8328125,7.483789245084588
101_71,-0.8991935483870968,5.340172748447003e-13,-1.3693840579710144,Decreasing,44.9309375,13.080743566253936
101_710,-0.8568548387096774,6.165290500348419e-12,-0.4800000000000002,Decreasing,16.040625,4.848970211227844
101_711,-0.7096774193548387,1.2557821005287906e-08,-0.481,Decreasing,26.1409375,5.213124278788465
101_712,-0.7681451612903226,7.171752081092109e-10,-0.6535523809523811,Decreasing,16.5165625,6.964138321328328
101_713,-0.9112903225806451,2.6001423236721166e-13,-0.5355769230769231,Decreasing,16.105,5.835713859503394
101_714,-0.8346774193548387,2.121680608979659e-11,-0.4868472906403941,Decreasing,11.6825,4.5554164189456925
101_715,-0.8487903225806451,9.698242209310592e-12,-0.5558333333333336,Decreasing,15.002812500000001,6.108173435229533
101_716,-0.8991935483870968,5.340172748447003e-13,-0.5771818181818182,Decreasing,18.0809375,5.359090034333604
101_717,-0.8588709677419355,5.501599176227501e-12,-0.42113095238095233,Decreasing,13.345625,4.313459268310645
101_718,-0.9536290322580645,1.9539925233402755e-14,-0.63,Decreasing,14.834375,6.30913174370095
101_719,-0.5080645161290323,4.694664237403501e-05,-0.3666666666666666,Decreasing,14.306249999999999,5.811961668619297
101_72,-0.8487903225806451,9.698242209310592e-12,-0.6199999999999986,Decreasing,43.888125,6.1739591417805
101_720,-0.5826612903225806,3.0070381287217174e-06,-0.2804166666666666,Decreasing,16.1996875,3.2908067821347022
101_721,-0.8951612903225806,6.774580896262705e-13,-0.6320416666666667,Decreasing,20.0915625,6.036246820963648
101_722,-0.8387096774193549,1.6986412276764895e-11,-0.5436458333333333,Decreasing,16.848750000000003,5.331967126445924
101_723,-0.9112903225806451,2.6001423236721166e-13,-0.385486111111111,Decreasing,12.8115625,4.6502594748673705
101_724,-0.7983870967741935,1.4987833196755673e-10,-0.557826086956522,Decreasing,18.145312500000003,5.784179384523249
101_725,-0.8689516129032258,3.1008529077780622e-12,-0.54,Decreasing,13.9928125,5.084743869148548
101_726,-0.8911290322580645,8.586464872450961e-13,-0.4513043478260874,Decreasing,17.8203125,4.914077662933681
101_727,-0.8870967741935484,1.0869083411080283e-12,-0.48437499999999994,Decreasing,15.759687499999998,4.828067343911408
101_728,-0.7661290322580645,7.944338520360361e-10,-0.4172988505747127,Decreasing,12.9225,4.174396662992151
101_729,-0.8326612903225806,2.3702817486537242e-11,-0.31956521739130433,Decreasing,11.8765625,3.263641188702237
101_73,-0.8387096774193549,1.6986412276764895e-11,-0.7179606625258799,Decreasing,24.976875,6.849077692242584
101_730,-0.7600806451612904,1.0781671111459445e-09,-0.5199999999999998,Decreasing,16.368125,5.049779350068179
101_731,-0.7903225806451613,2.2882273853497281e-10,-0.3273863636363636,Decreasing,20.6528125,3.0598776878894602
101_732,-0.5967741935483871,1.7196589441326182e-06,-0.3124999999999999,Decreasing,18.178125,3.4774536638717417
101_733,-0.8024193548387096,1.21112231354914e-10,-0.4042727272727273,Decreasing,13.38125,3.9901086686329736
101_734,-0.5040322580645161,5.3932561817182645e-05,-0.2359965034965035,Decreasing,14.816875,2.9180134911228564
101_735,-0.7338709677419355,3.942868698203483e-09,-0.4703411306042885,Decreasing,13.9109375,4.744647879041579
101_736,-0.7338709677419355,3.942868698203483e-09,-0.39393382352941175,Decreasing,14.303125000000001,4.065278617066117
101_737,-0.6532258064516129,1.6240138478451627e-07,-0.5311442006269593,Decreasing,49.6846875,5.642420792739916
101_738,-0.6290322580645161,4.5753051591823635e-07,-0.5265551839464883,Decreasing,42.368125,6.197378194395998
101_739,-0.5282258064516129,2.31113806963279e-05,-0.32798951048951064,Decreasing,46.401875,4.224944110207258
101_74,-0.7258064516129032,5.824971616164021e-09,-0.4420982142857143,Decreasing,18.413125,4.765528195738118
101_740,-0.8104838709677419,7.883982355849639e-11,-0.6936666666666662,Decreasing,40.653124999999996,6.90659261028005
101_741,-0.48588709677419356,9.944225368752058e-05,-0.20833333333333343,Decreasing,22.955624999999998,3.0762679677451708
101_742,-0.7358870967741935,3.574073925705079e-09,-0.44305147058823535,Decreasing,15.3440625,4.73305058826691
101_743,-0.8508064516129032,8.663292305755022e-12,-0.7381818181818174,Decreasing,15.99125,6.889232427310027
101_744,-0.6431451612903226,2.5116283208781454e-07,-0.37071428571428516,Decreasing,19.667812499999997,4.0611634219572785
101_745,-0.7560483870967742,1.3199186188472822e-09,-0.47356363636363635,Decreasing,14.8275,4.797212732410352
101_746,-0.7862903225806451,2.8229885096209273e-10,-0.2582857142857141,Decreasing,19.6796875,2.9273745536476454
101_747,-0.2620967741935484,0.03644545316257175,-0.07724358974358973,Decreasing,6.713750000000001,1.9002429943299357
101_748,-0.6129032258064516,8.942580020931956e-07,-0.29333333333333333,Decreasing,17.42125,3.0184202718475106
101_749,-0.9516129032258065,2.19824158875781e-14,-2.357125,Decreasing,43.7734375,21.687460462409927
101_75,-0.75,1.7844419275547807e-09,-0.444375,Decreasing,18.710625,4.390634163691505
101_750,-0.844758064516129,1.2144951710979512e-11,-0.8919967532467532,Decreasing,25.1821875,8.736952319879268
101_751,-0.8528225806451613,7.736700169402866e-12,-0.4910818713450293,Decreasing,48.6625,4.603237990806037
101_752,-0.7540322580645161,1.4598573461199749e-09,-0.33227083333333324,Decreasing,50.344687500000006,3.3602771317770426
101_753,-0.7056451612903226,1.5177737733296226e-08,-0.37735714285714295,Decreasing,22.8909375,3.8473012939063858
101_754,-0.7157258064516129,9.432809422449395e-09,-0.24239999999999973,Decreasing,23.6384375,2.966358362301114
101_755,-0.905241935483871,3.730349362740526e-13,-0.531127450980392,Decreasing,17.847187499999997,5.5485787788264975
101_756,-0.8387096774193549,1.6986412276764895e-11,-0.38936507936507936,Decreasing,19.759999999999998,3.529807891373127
101_757,-0.592741935483871,2.019923096563403e-06,-0.2525909090909091,Decreasing,16.8215625,2.814045252584569
101_758,-0.5403225806451613,1.4924957946416129e-05,-0.19181818181818183,Decreasing,19.445625,2.2322115400147453
101_759,-0.6915322580645161,2.9223376829534686e-08,-0.4719642857142857,Decreasing,15.399375000000001,4.831721314332502
101_76,-0.8487903225806451,9.698242209310592e-12,-0.6491844919786096,Decreasing,31.727187499999996,6.173311628683891
101_760,-0.7358870967741935,3.574073925705079e-09,-0.44590277777777776,Decreasing,12.473437500000001,4.355044926128059
101_761,0.10483870967741936,0.40821489473295625,0.11750000000000013,No significant trend,14.436562499999999,4.683478014103808
101_762,-0.30443548387096775,0.014996317848851026,-0.17853535353535355,Decreasing,13.569375,3.5976406656828583
101_763,-0.8508064516129032,8.663292305755022e-12,-0.47062271062271055,Decreasing,15.469375,5.215762131211028
101_764,-0.8870967741935484,1.0869083411080283e-12,-0.7810545454545454,Decreasing,17.740937499999998,7.390351124682355
101_765,-0.8286290322580645,2.956013211985464e-11,-0.3779285714285715,Decreasing,10.8046875,3.806727584467235
101_766,-0.8629032258064516,4.377387341492067e-12,-0.6653846153846154,Decreasing,16.8046875,6.2208002823064295
101_767,-0.8044354838709677,1.0882916789967112e-10,-0.4141787439613526,Decreasing,13.1559375,4.124577902172991
101_768,-0.8366935483870968,1.8986590077929577e-11,-0.6319507575757577,Decreasing,15.401875,6.149312175713232
101_769,-0.842741935483871,1.3585577107733116e-11,-0.41640909090909095,Decreasing,17.618125000000003,4.02092374142746
101_77,-0.8185483870967742,5.111089329545848e-11,-0.6849624060150374,Decreasing,20.045625,6.697886764448545
101_770,-0.842741935483871,1.3585577107733116e-11,-0.8390000000000002,Decreasing,26.479687499999997,7.980967784507325
101_771,-0.8729838709677419,2.460920356384122e-12,-0.7787259615384614,Decreasing,49.4075,7.579625238097197
101_772,-0.8548387096774194,6.907363570007874e-12,-1.3202672413793102,Decreasing,52.31125,12.746748543746362
101_773,-0.6129032258064516,8.942580020931956e-07,-0.1830604288499026,Decreasing,17.5334375,1.9757808731217517
101_774,-0.8790322580645161,1.7366108551186699e-12,-0.7923214285714287,Decreasing,31.781249999999996,7.188331582328406
101_775,-0.625,5.418056365780188e-07,-0.41468864468864486,Decreasing,29.7296875,4.578541992528161
101_776,-0.6169354838709677,7.574687868050489e-07,-0.4262499999999999,Decreasing,31.9984375,4.7059577328736975
101_777,-0.5362903225806451,1.7284429657316025e-05,-0.4209615384615385,Decreasing,36.870625,4.848840027199804
101_778,-0.8225806451612904,4.108913209677212e-11,-0.6328869565217391,Decreasing,22.7096875,5.999537213597708
101_779,-0.7620967741935484,9.740654949297323e-10,-0.7583055555555556,Decreasing,20.6090625,7.610155369379376
101_78,-0.3528225806451613,0.00477753751407195,-0.25749999999999984,Decreasing,29.63625,4.2283121263099765
101_780,-0.967741935483871,7.993605777301127e-15,-1.512950310559006,Decreasing,37.739999999999995,14.462470181473149
101_781,-0.7520161290322581,1.6142178704825483e-09,-0.47552941176470576,Decreasing,19.5384375,4.807895270655731
101_782,-0.9556451612903226,1.709743457922741e-14,-1.2416402116402117,Decreasing,30.405625,11.508175337966266
101_783,-0.8709677419354839,2.7626789744772395e-12,-0.8198179271708684,Decreasing,16.8421875,7.72723702819085
101_784,-0.7379032258064516,3.238943557803964e-09,-0.712311111111111,Decreasing,24.8596875,7.026821598514063
101_785,-0.5040322580645161,5.3932561817182645e-05,-0.24578181818181805,Decreasing,33.5859375,3.0410399736099736
101_786,-0.6471774193548387,2.1112575954163049e-07,-0.6549999999999997,Decreasing,37.48625,6.845547709095307
101_787,-0.7096774193548387,1.2557821005287906e-08,-0.5786666666666668,Decreasing,19.1184375,6.059793266572198
101_788,-0.9516129032258065,2.19824158875781e-14,-1.128114035087719,Decreasing,29.942812500000002,10.732645944260145
101_789,-0.7258064516129032,5.824971616164021e-09,-0.4347916666666666,Decreasing,36.53875,4.217994747211049
101_79,-0.6935483870967742,2.6632843708185305e-08,-0.33000000000000007,Decreasing,18.256875,3.6778181690201865
101_790,-0.6270161290322581,4.979515006997559e-07,-0.29621428571428576,Decreasing,17.244375,3.517435089575215
101_791,-0.6149193548387096,8.23131043548031e-07,-0.2502777777777777,Decreasing,36.276250000000005,2.7366879503333954
101_792,-0.6209677419354839,6.409512869343104e-07,-0.4125,Decreasing,38.9140625,4.605422659332555
101_793,-0.7540322580645161,1.4598573461199749e-09,-0.4493750000000002,Decreasing,28.6265625,5.001678849005976
101_794,-0.7701612903225806,6.472633540255401e-10,-0.44553571428571426,Decreasing,19.85875,4.739295009545196
101_795,-0.7661290322580645,7.944338520360361e-10,-0.9159482758620692,Decreasing,47.266875,8.804001376327415
101_796,-0.6794354838709677,5.073125608490159e-08,-0.4306818181818183,Decreasing,21.2025,4.5584125526327695
101_797,-0.7782258064516129,4.2833958602273015e-10,-0.7047777777777778,Decreasing,46.36875,7.153690371933916
101_798,-0.3790322580645161,0.002425557940292755,-0.30322055137844617,Decreasing,49.6815625,4.610429148527689
101_799,-0.8266129032258065,3.299827078251383e-11,-0.7671638655462185,Decreasing,52.691874999999996,7.555704565715563
101_8,-0.7782258064516129,4.2833958602273015e-10,-0.4797916666666667,Decreasing,20.805,4.8642426183322724
101_80,-0.7661290322580645,7.944338520360361e-10,-0.7572500000000002,Decreasing,24.287187499999998,7.880446622168299
101_800,-0.7883064516129032,2.541908905584478e-10,-0.6582730263157892,Decreasing,46.9428125,6.547626590211429
101_801,-0.7419354838709677,2.657962294705385e-09,-0.7506250000000001,Decreasing,55.557812500000004,7.804770069633298
101_802,-0.6491935483870968,1.934942726045108e-07,-0.4945454545454545,Decreasing,34.8540625,5.688327884457238
101_803,-0.5524193548387096,9.551213337788411e-06,-0.5888235294117647,Decreasing,48.5046875,6.735660687886805
101_804,-0.9314516129032258,7.682743330406083e-14,-1.3045138888888888,Decreasing,45.326875,12.430789254282086
101_805,-0.5524193548387096,9.551213337788411e-06,-0.4109583333333334,Decreasing,38.576562499999994,5.131150339699057
101_806,-0.8044354838709677,1.0882916789967112e-10,-0.2628587962962962,Decreasing,32.3571875,2.819646735824144
101_807,-0.6008064516129032,1.4625443411908634e-06,-0.3285839160839163,Decreasing,48.698750000000004,3.745050692247036
101_808,-0.11491935483870967,0.36381409836843837,-0.043111111111110746,No significant trend,51.4075,3.24088240298842
101_809,-0.49798387096774194,6.628324270452346e-05,-0.46573529411764697,Decreasing,56.501875,5.768066962542564
101_81,-0.719758064516129,7.784594746595985e-09,-0.5223317307692307,Decreasing,23.89875,5.248615144731037
101_810,-0.7903225806451613,2.2882273853497281e-10,-0.5833333333333333,Decreasing,51.2909375,5.709025945473863
101_811,-0.6189516129032258,6.968673158525007e-07,-0.47644347826086936,Decreasing,51.5378125,5.061007640761249
101_812,-0.8810483870967742,1.5452084056732929e-12,-0.6429824561403508,Decreasing,15.151875,6.579574187162495
101_813,-0.717741935483871,8.570263387852606e-09,-0.6688888888888889,Decreasing,49.4484375,7.024747819928752
101_814,-0.33669354838709675,0.007103959439850094,-0.23266666666666652,Decreasing,57.535624999999996,4.518599020645116
101_815,-0.8044354838709677,1.0882916789967112e-10,-0.4586607142857144,Decreasing,45.86,4.433076668635453
101_816,-0.7016129032258065,1.832546869806606e-08,-0.354949494949495,Decreasing,56.3509375,3.91735031572283
101_817,-0.4737903225806452,0.00014785185590326932,-0.32715277777777785,Decreasing,50.1778125,4.2068907271099585
101_818,-0.8104838709677419,7.883982355849639e-11,-0.6939444444444445,Decreasing,26.38,6.634395224886742
101_819,-0.9133064516129032,2.304822999121825e-13,-0.7577282608695652,Decreasing,41.575312499999995,7.2882237995511465
101_82,-0.8991935483870968,5.340172748447003e-13,-0.9646617647058823,Decreasing,25.9775,14.994959361398749
101_820,-0.8870967741935484,1.0869083411080283e-12,-0.43973684210526326,Decreasing,19.700312500000003,4.20662014298222
101_821,-0.8669354838709677,3.4794389591752406e-12,-0.8948684210526314,Decreasing,37.4771875,8.645289987319323
101_822,-0.9112903225806451,2.6001423236721166e-13,-0.93,Decreasing,18.964687500000004,8.922301057033648
101_823,-0.9112903225806451,2.6001423236721166e-13,-0.9487971014492753,Decreasing,26.823124999999997,9.078172805381874
101_824,-0.7600806451612904,1.0781671111459445e-09,-0.9452976190476192,Decreasing,24.781875,9.311333295204022
101_825,-0.9294354838709677,8.681944052568724e-14,-1.540909090909091,Decreasing,50.160624999999996,14.470719992777658
101_826,-0.780241935483871,3.8608760632996564e-10,-0.9267532467532468,Decreasing,52.6478125,8.780218083273544
101_827,-0.7762096774193549,4.750932980357447e-10,-0.5478888888888891,Decreasing,35.8565625,5.5102328724468395
101_828,-0.8790322580645161,1.7366108551186699e-12,-0.8661249999999999,Decreasing,29.3803125,8.143550547970078
101_829,-0.875,2.191358206005134e-12,-0.7046666666666667,Decreasing,17.004375,6.7528609388447345
101_83,-0.842741935483871,1.3585577107733116e-11,-0.9225505050505051,Decreasing,19.2665625,8.791724663488601
101_830,-0.5141129032258065,3.8055466680564365e-05,-0.37161111111111106,Decreasing,37.4296875,5.169518524712311
101_831,-0.9133064516129032,2.304822999121825e-13,-1.9018082788671022,Decreasing,43.0975,17.598392859860812
101_832,-0.9153225806451613,2.0405899192610377e-13,-1.1259893048128342,Decreasing,45.012187499999996,10.71441486222387
101_833,-0.3185483870967742,0.010897045103689385,-0.6950555555555555,Decreasing,35.4021875,11.386703247202139
101_834,-0.6955645161290323,2.4265743192586342e-08,-0.48198051948051945,Decreasing,20.0546875,5.027689569011173
101_835,-0.5282258064516129,2.31113806963279e-05,-0.4247391304347827,Decreasing,27.534687499999997,4.966699724398864
101_836,-0.8064516129032258,9.776668363770114e-11,-0.6736111111111112,Decreasing,21.201875,6.62221094003921
101_837,-0.9193548387096774,1.6009416015094757e-13,-0.787398148148148,Decreasing,19.3775,7.468782949718113
101_838,-0.842741935483871,1.3585577107733116e-11,-0.6029761904761903,Decreasing,20.2328125,5.741661472504606
101_839,-0.782258064516129,3.479141419404641e-10,-0.5006818181818182,Decreasing,12.5459375,5.380316474994176
101_84,-0.8911290322580645,8.586464872450961e-13,-0.6601666666666668,Decreasing,15.952187499999999,7.70848831417962
101_840,-0.782258064516129,3.479141419404641e-10,-0.46418750000000003,Decreasing,19.5034375,4.806868529364388
101_841,-0.1028225806451613,0.4174675215832093,-0.1304166666666668,No significant trend,48.8871875,5.222843594713875
101_842,-0.7217741935483871,7.0691399400857335e-09,-0.41489130434782606,Decreasing,35.3828125,4.189765233857829
101_843,-0.6814516129032258,4.630511263314929e-08,-0.45288690476190485,Decreasing,43.0396875,4.917981346786886
101_844,-0.8286290322580645,2.956013211985464e-11,-0.5828779840848807,Decreasing,20.9215625,5.760665168502136
101_845,-0.8911290322580645,8.586464872450961e-13,-0.9536666666666666,Decreasing,29.655625,9.108141940559282
101_846,-0.8185483870967742,5.111089329545848e-11,-0.5658260869565219,Decreasing,18.459375,5.550463909384062
101_847,-0.7540322580645161,1.4598573461199749e-09,-0.3884375000000001,Decreasing,13.6328125,4.079516848211777
101_848,-0.7258064516129032,5.824971616164021e-09,-0.27366666666666656,Decreasing,12.700312499999999,3.0443980155925328
101_849,-0.875,2.191358206005134e-12,-0.42368357487922714,Decreasing,17.1434375,3.9360486288400645
101_85,-0.7883064516129032,2.541908905584478e-10,-0.8391249999999999,Decreasing,19.732187500000002,8.970505397682103
101_850,-0.5806451612903226,3.253640496581056e-06,-0.281388888888889,Decreasing,13.868125,3.2134166372219775
101_851,-0.8790322580645161,1.7366108551186699e-12,-0.48828571428571427,Decreasing,15.076562499999998,4.739149191426004
101_852,-0.9233870967741935,1.254552017826427e-13,-0.5348809523809523,Decreasing,19.120937500000004,5.734233470664911
101_853,-0.907258064516129,3.3084646133829665e-13,-1.1652777777777779,Decreasing,24.2971875,11.207712253838594
101_854,-0.8709677419354839,2.7626789744772395e-12,-0.8328125,Decreasing,26.479062499999998,7.8327072105430915
101_855,-0.7096774193548387,1.2557821005287906e-08,-0.5498948106591866,Decreasing,20.0390625,5.494379150194656
101_856,-0.8044354838709677,1.0882916789967112e-10,-0.6382236842105262,Decreasing,16.008125,6.752267877119139
101_857,-0.9012096774193549,4.740652315149418e-13,-0.7337727272727272,Decreasing,23.309375000000003,7.3957639638765515
101_858,-0.8649193548387096,3.903322109977125e-12,-0.4923461538461536,Decreasing,24.793125,4.765160961014328
101_859,-0.7479838709677419,1.9721104749237384e-09,-0.6815340909090908,Decreasing,17.6334375,6.829711107257301
101_86,-0.8891129032258065,9.661160760288112e-13,-1.0056434782608694,Decreasing,26.4190625,11.349327722208649
101_860,-0.9153225806451613,2.0405899192610377e-13,-1.0171875,Decreasing,38.0515625,9.582650699759109
101_861,-0.5866935483870968,2.5665371479188792e-06,-0.28279448621553893,Decreasing,56.14375,3.3056275406494304
101_862,-0.48185483870967744,0.00011361189113179293,-0.4804285714285715,Decreasing,50.61125,6.1875029040397225
101_863,-0.8346774193548387,2.121680608979659e-11,-0.730859649122807,Decreasing,48.870312500000004,7.019689934558631
101_864,-0.1350806451612903,0.2844906362403654,-0.07510000000000147,No significant trend,50.1425,2.9356536750781754
101_865,-0.842741935483871,1.3585577107733116e-11,-0.78475,Decreasing,20.6803125,7.5541915038833745
101_866,-0.8991935483870968,5.340172748447003e-13,-1.2364758620689655,Decreasing,27.3090625,11.929216329922673
101_867,-0.9475806451612904,2.842170943040401e-14,-0.7749999999999999,Decreasing,15.2521875,7.853875927836125
101_868,-0.8548387096774194,6.907363570007874e-12,-0.7397222222222222,Decreasing,21.135312499999998,9.716276931126641
101_869,-0.842741935483871,1.3585577107733116e-11,-0.6567500000000004,Decreasing,17.5278125,7.873051240773411
101_870,-0.9092741935483871,2.9332092310596636e-13,-0.902551724137931,Decreasing,23.8578125,9.627357417268964
101_871,-0.9375,5.284661597215745e-14,-0.7327777777777779,Decreasing,25.434375,9.568674456756014
101_872,-0.9758064516129032,4.884981308350689e-15,-0.8653571428571427,Decreasing,20.7746875,8.707377613400245
101_873,-0.9233870967741935,1.254552017826427e-13,-0.9934090909090908,Decreasing,27.384999999999998,9.409367672697247
101_874,-0.9153225806451613,2.0405899192610377e-13,-1.6088690476190477,Decreasing,28.873125,15.897296632898783
101_875,-0.9717741935483871,6.217248937900877e-15,-1.1867293233082707,Decreasing,27.046875,11.467158114998458
101_876,-0.8629032258064516,4.377387341492067e-12,-0.8924500000000001,Decreasing,26.9803125,8.88251916841972
101_877,-0.9959677419354839,1.3322676295501878e-15,-0.8174999999999999,Decreasing,19.8709375,8.32322029001358
101_878,-0.717741935483871,8.570263387852606e-09,-0.4155,Decreasing,15.944062500000001,4.344891295659046
101_879,-0.7701612903225806,6.472633540255401e-10,-0.7002173913043479,Decreasing,18.669062500000003,8.245136581409295
101_880,-0.8991935483870968,5.340172748447003e-13,-1.2555000000000003,Decreasing,29.8265625,11.13069871160808
101_881,-0.9556451612903226,1.709743457922741e-14,-1.4505,Decreasing,35.737500000000004,14.10898627648351
101_882,-0.9717741935483871,6.217248937900877e-15,-0.7805357142857142,Decreasing,17.1721875,7.171551756059754
101_883,-0.8467741935483871,1.0854206422550305e-11,-1.081875,Decreasing,18.0384375,10.244846908743622
101_884,-0.9435483870967742,3.6415315207705135e-14,-0.9275,Decreasing,16.491875,8.840501059576601
101_885,-0.7620967741935484,9.740654949297323e-10,-0.43633333333333313,Decreasing,13.8284375,4.211941438765947
101_886,-0.7923387096774194,2.0593349248088089e-10,-0.58755,Decreasing,14.581249999999999,6.775076913770057
101_887,-0.9334677419354839,6.772360450213455e-14,-1.2161363636363636,Decreasing,29.2184375,11.977342962176284
101_888,-0.8931451612903226,7.629452625224076e-13,-1.1666666666666667,Decreasing,18.033125,12.236944940808348
101_889,-0.8709677419354839,2.7626789744772395e-12,-0.8008695652173912,Decreasing,30.0253125,7.654196554984968
101_89,-0.8709677419354839,2.7626789744772395e-12,-0.7239285714285715,Decreasing,20.760312499999998,7.839755849345294
101_890,-0.967741935483871,7.993605777301127e-15,-1.3954017857142857,Decreasing,29.525625000000005,13.211048391758128
101_891,-0.1875,0.13572177389937323,-0.10629629629629636,No significant trend,12.08625,2.620217965647133
101_892,-0.842741935483871,1.3585577107733116e-11,-0.4460765550239235,Decreasing,15.950312499999999,4.248736933177171
101_894,-0.7620967741935484,9.740654949297323e-10,-0.19460606060606056,Decreasing,12.0425,2.6814664831021107
101_895,-0.5826612903225806,3.0070381287217174e-06,-0.2901346153846154,Decreasing,18.07125,3.3846064671538993
101_896,-0.780241935483871,3.8608760632996564e-10,-0.6199999999999988,Decreasing,27.5684375,6.165835359754082
101_897,-0.717741935483871,8.570263387852606e-09,-0.6574305555555555,Decreasing,36.675312500000004,7.063228716553341
101_898,-0.6713709677419355,7.29042284319803e-08,-0.8148333333333333,Decreasing,35.543437499999996,8.305222607407567
101_899,-0.780241935483871,3.8608760632996564e-10,-0.2970089285714286,Decreasing,28.3840625,3.2257197446606782
101_9,-0.8306451612903226,2.6473268022186858e-11,-0.5047727272727274,Decreasing,17.458125000000003,4.910693330312432
101_90,-0.8891129032258065,9.661160760288112e-13,-1.0524666666666667,Decreasing,32.6965625,9.735427446116258
101_900,-0.4435483870967742,0.0003831828637113066,-0.33767206477732803,Decreasing,21.143437499999997,4.855068620379505
101_901,-0.8548387096774194,6.907363570007874e-12,-0.45120588235294123,Decreasing,26.322499999999998,4.762234244553706
101_902,-0.6733870967741935,6.661159712706421e-08,-0.3294117647058822,Decreasing,23.5978125,3.4067210540112836
101_903,-0.8205645161290323,4.583267099178556e-11,-0.5513742690058481,Decreasing,27.22,5.350360385058188
101_904,-0.8608870967741935,4.908073947262892e-12,-0.6102941176470588,Decreasing,25.0690625,5.7359656768580605
101_905,-0.7641129032258065,8.797895745260575e-10,-0.5027083333333334,Decreasing,17.884999999999998,4.722962523670922
101_906,-0.5786290322580645,3.519574691690508e-06,-0.1780000000000001,Decreasing,15.12,1.975215178151484
101_907,-0.7842741935483871,3.1343416750928554e-10,-0.5053846153846153,Decreasing,17.550625,4.882377710642121
101_908,-0.4637096774193548,0.00020435771038096462,-0.2294444444444446,Decreasing,18.372187500000003,2.672753419199712
101_909,-0.6895161290322581,3.2057687171516136e-08,-0.39550505050505047,Decreasing,13.17,3.945582973402029
101_91,-0.6612903225806451,1.140522314369008e-07,-0.46154411764705894,Decreasing,39.894062500000004,4.739396625214411
101_910,-0.3185483870967742,0.010897045103689385,-0.24350000000000022,Decreasing,23.931874999999998,3.921698800822802
101_911,-0.6895161290322581,3.2057687171516136e-08,-0.6099999999999997,Decreasing,37.4428125,6.2864622574897995
101_912,-0.8225806451612904,4.108913209677212e-11,-1.2055357142857144,Decreasing,44.62,11.534449759307984
101_913,-0.8669354838709677,3.4794389591752406e-12,-1.211243961352657,Decreasing,47.515625,11.302895629411738
101_914,-0.6129032258064516,8.942580020931956e-07,-0.5912833333333334,Decreasing,34.1803125,6.5023483663476345
101_915,-0.9213709677419355,1.4166445794216997e-13,-0.7951666666666667,Decreasing,29.2115625,8.0422909940883
101_916,-0.967741935483871,7.993605777301127e-15,-0.9820833333333332,Decreasing,19.968125,9.546062485882596
101_917,-0.7237903225806451,6.417795184177066e-09,-0.4735515873015873,Decreasing,24.8321875,4.806832854369262
101_918,-0.875,2.191358206005134e-12,-0.6727302631578947,Decreasing,17.47625,7.6168783591114275
101_919,-0.8064516129032258,9.776668363770114e-11,-0.9245085470085469,Decreasing,23.260312499999998,8.907713821589901
101_92,-0.8508064516129032,8.663292305755022e-12,-1.000925925925926,Decreasing,29.333437500000002,9.874982787761898
101_920,-0.782258064516129,3.479141419404641e-10,-0.6122478991596638,Decreasing,19.348125,5.9778489220099065
101_921,-0.3548387096774194,0.004541435280679185,-0.37062500000000015,Decreasing,30.155625,5.142352293394046
101_922,-0.5685483870967742,5.193307037965056e-06,-0.5511805555555556,Decreasing,39.880625,6.24599368470502
101_923,-0.7540322580645161,1.4598573461199749e-09,-0.3200000000000001,Decreasing,32.4553125,3.8061767106039297
101_924,-0.8548387096774194,6.907363570007874e-12,-0.6853870967741937,Decreasing,40.533125,6.985137094887616
101_925,-0.7983870967741935,1.4987833196755673e-10,-0.573219696969697,Decreasing,26.821875000000002,5.805709171528918
101_926,-0.9556451612903226,1.709743457922741e-14,-1.1425,Decreasing,33.9453125,12.316761187598944
101_927,-0.9516129032258065,2.19824158875781e-14,-1.6176018808777428,Decreasing,38.8053125,15.155261665584787
101_928,-0.9213709677419355,1.4166445794216997e-13,-1.0961263736263738,Decreasing,43.698437500000004,10.512017560087775
101_929,-0.9032258064516129,4.205524817280093e-13,-0.6961111111111111,Decreasing,15.641250000000001,6.78388428096323
101_93,-0.6975806451612904,2.210337290975417e-08,-0.6505833333333331,Decreasing,43.3546875,6.59833358904684
101_930,-0.75,1.7844419275547807e-09,-0.5020714285714286,Decreasing,15.920937499999999,5.609544522159865
101_931,-0.8387096774193549,1.6986412276764895e-11,-0.7200000000000001,Decreasing,23.6390625,6.890036447370489
101_932,-0.8709677419354839,2.7626789744772395e-12,-0.5742954545454546,Decreasing,26.442812500000002,5.613886373524472
101_933,-0.8346774193548387,2.121680608979659e-11,-0.43812500000000015,Decreasing,40.089687500000004,4.305288524285423
101_934,-0.9395161290322581,4.6851411639181606e-14,-0.8457828282828282,Decreasing,23.1246875,8.143100985026757
101_935,-0.8205645161290323,4.583267099178556e-11,-0.37978260869565245,Decreasing,35.1125,4.603114434814759
101_936,-0.9233870967741935,1.254552017826427e-13,-0.7034661835748793,Decreasing,24.16,6.560529227890079
101_937,-0.8306451612903226,2.6473268022186858e-11,-0.756904761904762,Decreasing,24.686875,7.557666818163857
101_938,-0.9193548387096774,1.6009416015094757e-13,-0.7492000000000001,Decreasing,17.825000000000003,6.921885581256022
101_939,-0.7681451612903226,7.171752081092109e-10,-0.456111111111111,Decreasing,18.650937499999998,4.434546453256945
101_94,-0.8366935483870968,1.8986590077929577e-11,-0.7862500000000001,Decreasing,33.343125,7.668723181493449
101_940,-0.9133064516129032,2.304822999121825e-13,-0.49349999999999994,Decreasing,17.0109375,4.842080750678757
101_941,-0.7983870967741935,1.4987833196755673e-10,-0.7667293233082706,Decreasing,23.003125,7.665045024941145
101_942,-0.8911290322580645,8.586464872450961e-13,-0.4676190476190476,Decreasing,16.18875,4.537317317259175
101_943,-0.8729838709677419,2.460920356384122e-12,-0.5299846153846155,Decreasing,19.2903125,5.405414810848817
101_944,-0.7116935483870968,1.1418290979392509e-08,-0.6873429951690821,Decreasing,23.4684375,7.00977581193534
101_945,-0.8568548387096774,6.165290500348419e-12,-0.7518026315789474,Decreasing,22.564375,7.273942336132106
101_946,-0.9475806451612904,2.842170943040401e-14,-0.7985714285714285,Decreasing,20.599062500000002,7.2908471555844425
101_947,-0.8991935483870968,5.340172748447003e-13,-0.5874166666666669,Decreasing,17.378125,5.464951073374308
101_948,-0.8326612903225806,2.3702817486537242e-11,-0.56775,Decreasing,18.419999999999998,5.669500088191198
101_949,-0.8024193548387096,1.21112231354914e-10,-0.7323333333333333,Decreasing,21.2928125,6.935160071320903
101_95,-0.7620967741935484,9.740654949297323e-10,-0.7130844155844157,Decreasing,32.46125,7.015236876791831
101_950,-0.9314516129032258,7.682743330406083e-14,-1.0651488095238095,Decreasing,21.970625,10.053254117915005
101_951,-0.532258064516129,1.999674165320542e-05,-0.2803708791208791,Decreasing,15.962812499999998,3.352937363692282
101_952,-0.8245967741935484,3.682676386063122e-11,-0.7469078947368422,Decreasing,26.33,7.1091995857480335
101_953,-0.7661290322580645,7.944338520360361e-10,-0.5819930069930068,Decreasing,25.850625,5.686084954463396
101_954,-0.8649193548387096,3.903322109977125e-12,-0.6750000000000005,Decreasing,24.509375,6.454530839602132
101_955,-0.6370967741935484,3.252720022217659e-07,-0.4796273291925467,Decreasing,22.60125,4.957584309671395
101_956,-0.6875,3.5157899258564385e-08,-0.5486111111111114,Decreasing,27.954375,6.801333939704402
101_957,-0.9193548387096774,1.6009416015094757e-13,-1.0,Decreasing,26.15625,9.781876976710553
101_958,-0.9012096774193549,4.740652315149418e-13,-0.9375,Decreasing,27.724375000000002,8.822176580038228
101_959,-0.8629032258064516,4.377387341492067e-12,-0.6651666666666671,Decreasing,26.098125,6.7004642737929
101_96,-0.9112903225806451,2.6001423236721166e-13,-1.1793307692307693,Decreasing,32.6078125,11.263353112632302
101_960,-0.8104838709677419,7.883982355849639e-11,-0.7532695652173913,Decreasing,26.9584375,7.310728464632902
101_961,-0.7862903225806451,2.8229885096209273e-10,-0.4715584415584415,Decreasing,21.0025,4.7991236179119205
101_962,-0.7540322580645161,1.4598573461199749e-09,-0.5043402777777779,Decreasing,17.659062499999997,5.199842761670179
101_963,-0.8649193548387096,3.903322109977125e-12,-0.7456125,Decreasing,20.666249999999998,7.49650449793102
101_964,-0.9193548387096774,1.6009416015094757e-13,-0.8156696428571428,Decreasing,21.75125,7.602974644012696
101_965,-0.5342741935483871,1.85935300431872e-05,-0.397,Decreasing,20.355625,4.9471032796349625
101_966,-0.8024193548387096,1.21112231354914e-10,-0.50875,Decreasing,20.328125,7.413998346666595
101_967,-0.8608870967741935,4.908073947262892e-12,-0.5406451612903226,Decreasing,19.8409375,5.160137085978797
101_968,-0.8185483870967742,5.111089329545848e-11,-0.4768214285714285,Decreasing,17.271250000000002,4.498414130279692
101_969,-0.7983870967741935,1.4987833196755673e-10,-0.33527310924369746,Decreasing,16.9565625,4.281218145410691
101_97,-0.625,5.418056365780188e-07,-0.5797324414715719,Decreasing,29.088437499999998,6.149068074399058
101_970,-0.782258064516129,3.479141419404641e-10,-0.4074999999999999,Decreasing,14.709999999999999,4.329585719211481
101_971,-0.8991935483870968,5.340172748447003e-13,-0.5043076923076921,Decreasing,13.6178125,4.823570859834418
101_972,-0.38306451612903225,0.0021773576915100623,-0.11536637931034482,Decreasing,9.35875,2.190550373193915
101_973,-0.5483870967741935,1.1094687683677051e-05,-0.2305555555555558,Decreasing,12.355,3.131293662370235
101_974,-0.5846774193548387,2.7784224061466745e-06,-0.17380952380952386,Decreasing,8.804375,2.2459420872709517
101_975,-0.7318548387096774,4.348602589132611e-09,-0.31249999999999994,Decreasing,13.445,3.2481244588223523
101_976,-0.9415322580645161,4.1300296516055823e-14,-0.5477777777777778,Decreasing,17.9478125,6.156210651841256
101_977,-0.4415322580645161,0.0004074870138988107,-0.19475000000000003,Decreasing,14.712187499999999,2.782841100358364
101_978,-0.5806451612903226,3.253640496581056e-06,-0.3475714285714284,Decreasing,16.620625,3.932776482254617
101_979,-0.8467741935483871,1.0854206422550305e-11,-0.6075892857142858,Decreasing,20.314999999999998,5.886773840568363
101_98,-0.907258064516129,3.3084646133829665e-13,-0.9318285714285716,Decreasing,31.709687499999998,8.977222038433926
101_980,-0.9032258064516129,4.205524817280093e-13,-0.7612698412698413,Decreasing,17.72875,7.70362769657906
101_981,-0.75,1.7844419275547807e-09,-0.285050505050505,Decreasing,12.735625000000002,2.960785302816636
101_982,-0.04032258064516129,0.757996646747342,-0.011750000000000031,No significant trend,20.5925,1.673532939622044
101_983,-0.6935483870967742,2.6632843708185305e-08,-0.37094155844155857,Decreasing,21.044375,3.975895290293119
101_984,-0.7661290322580645,7.944338520360361e-10,-0.5253240740740741,Decreasing,19.517500000000002,5.169802341482699
101_985,-0.44556451612903225,0.0003602388463002093,-0.3483478260869566,Decreasing,22.787187499999998,5.016008270013493
101_986,-0.9112903225806451,2.6001423236721166e-13,-0.8143650793650793,Decreasing,29.0009375,7.79616586830307
101_987,-0.907258064516129,3.3084646133829665e-13,-0.6361263736263738,Decreasing,22.7821875,5.876241748757768
101_988,-0.8004032258064516,1.3474710236494047e-10,-0.3415810276679842,Decreasing,14.7984375,3.4340192462468453
101_989,-0.7943548387096774,1.8528600875811208e-10,-0.5214547413793104,Decreasing,18.863125,5.032292865521144
101_99,-0.7883064516129032,2.541908905584478e-10,-0.7930158730158732,Decreasing,29.1859375,8.53382016573432
101_990,-0.7157258064516129,9.432809422449395e-09,-0.5098611111111111,Decreasing,19.66,5.014399266113539
101_991,-0.8064516129032258,9.776668363770114e-11,-0.6324666666666667,Decreasing,28.934375,6.081280671813709
101_992,-0.3125,0.012513111296831969,-0.15302499999999994,Decreasing,16.6096875,2.791019621454451
101_993,-0.8709677419354839,2.7626789744772395e-12,-0.4631884057971014,Decreasing,19.466875,4.388297247723199
101_994,-0.8629032258064516,4.377387341492067e-12,-0.48461842105263153,Decreasing,20.34875,4.804682449184337
101_995,-0.8064516129032258,9.776668363770114e-11,-0.7073214285714284,Decreasing,25.3121875,6.858454059760389
101_996,-0.9354838709677419,5.995204332975845e-14,-1.3240458937198067,Decreasing,20.841562500000002,11.80869862362461
101_997,-0.9798387096774194,3.774758283725532e-15,-2.033717948717949,Decreasing,46.9990625,19.6930900570757
101_998,-0.5887096774193549,2.370209626567643e-06,-0.37333333333333296,Decreasing,37.78125,5.299403120871256
147_1,-0.8104838709677419,7.883982355849639e-11,-0.33000000000000007,Decreasing,11.590937499999999,3.078786651603802
147_10,-0.7721774193548387,5.84016834892509e-10,-0.352304347826087,Decreasing,12.9278125,3.4015049375010102
147_100,-0.875,2.191358206005134e-12,-0.3548351648351649,Decreasing,15.294375,3.431443698995366
147_101,-0.8830645161290323,1.3746781490908688e-12,-0.5354545454545455,Decreasing,35.1565625,4.984834255879903
147_102,-0.04435483870967742,0.7334457521953335,-0.030714285714285666,No significant trend,9.541875000000001,2.5099333127346233
147_103,-0.6995967741935484,2.0128545274999965e-08,-0.2774782608695653,Decreasing,18.3678125,3.0248767892004707
147_104,-0.8709677419354839,2.7626789744772395e-12,-0.637326923076923,Decreasing,17.159062499999997,6.320441716849681
147_105,-0.9193548387096774,1.6009416015094757e-13,-0.7110073260073261,Decreasing,17.858125,7.001055472882285
147_106,-0.8467741935483871,1.0854206422550305e-11,-0.49,Decreasing,16.1940625,4.952704349251402
147_107,-0.8346774193548387,2.121680608979659e-11,-0.5085714285714285,Decreasing,15.779375,5.967342864238237
147_108,-0.6854838709677419,3.854806762682017e-08,-0.3824038461538461,Decreasing,13.42125,4.03445918773508
147_109,-0.9274193548387096,9.814371537686384e-14,-0.6779365079365078,Decreasing,15.285625,6.293580031220307
147_11,-0.5866935483870968,2.5665371479188792e-06,-0.23670634920634903,Decreasing,16.43,2.943234827532455
147_110,-0.8991935483870968,5.340172748447003e-13,-0.4213750000000001,Decreasing,14.5128125,4.431527836406283
147_111,-0.7862903225806451,2.8229885096209273e-10,-0.5689335664335664,Decreasing,18.2425,5.523011519995228
147_112,-0.5665322580645161,5.609253585836527e-06,-0.17387500000000014,Decreasing,11.834375000000001,2.3153022717077354
147_113,-0.9112903225806451,2.6001423236721166e-13,-0.43355882352941183,Decreasing,17.591875,4.418776299426686
147_114,-0.8225806451612904,4.108913209677212e-11,-0.3783653846153844,Decreasing,21.186875,3.752895080384609
147_115,-0.780241935483871,3.8608760632996564e-10,-0.44820075757575756,Decreasing,13.4615625,4.93010529132936
147_116,-0.7439516129032258,2.4068798065712826e-09,-0.27970588235294114,Decreasing,18.3915625,2.941444276812625
147_117,-0.8387096774193549,1.6986412276764895e-11,-0.6041452991452991,Decreasing,16.5228125,5.822407274044281
147_118,-0.6451612903225806,2.303051436225445e-07,-0.34597222222222224,Decreasing,13.935000000000002,4.436430857119268
147_119,-0.8145161290322581,6.351164039131163e-11,-0.4089002557544757,Decreasing,11.670937499999999,4.045215043244766
147_12,-0.7721774193548387,5.84016834892509e-10,-0.6238515406162466,Decreasing,13.8271875,6.198134414067168
147_120,-0.4576612903225806,0.0002474174487239189,-0.28825892857142854,Decreasing,17.699375000000003,4.581976195854252
147_121,-0.8064516129032258,9.776668363770114e-11,-0.4992063492063491,Decreasing,16.357187500000002,4.929290792278717
147_122,-0.6794354838709677,5.073125608490159e-08,-0.31892857142857145,Decreasing,16.3290625,3.722628741372654
147_123,-0.7641129032258065,8.797895745260575e-10,-0.28201923076923086,Decreasing,15.695937500000001,3.470087228167867
147_124,-0.6028225806451613,1.3482705789602534e-06,-0.37287081339712924,Decreasing,18.002499999999998,4.207124166220912
147_125,-0.9112903225806451,2.6001423236721166e-13,-0.4375714285714284,Decreasing,20.3021875,4.426035002103322
147_126,-0.5866935483870968,2.5665371479188792e-06,-0.246962962962963,Decreasing,16.018124999999998,2.8237103665877283
147_127,-0.9334677419354839,6.772360450213455e-14,-0.4950357142857145,Decreasing,19.195,4.72286261180653
147_128,-0.8588709677419355,5.501599176227501e-12,-0.44770833333333326,Decreasing,16.825937500000002,4.37670670951273
147_129,-0.9233870967741935,1.254552017826427e-13,-1.051736111111111,Decreasing,50.5559375,10.1193885250589
147_13,-0.8044354838709677,1.0882916789967112e-10,-0.4408391608391609,Decreasing,21.705624999999998,4.421702823503067
147_130,-0.3528225806451613,0.00477753751407195,-0.13672932330827076,Decreasing,33.606875,2.3201972404032816
147_131,-0.7076612903225806,1.38075384459313e-08,-0.32759523809523816,Decreasing,14.6240625,3.644112425693498
147_132,-0.8870967741935484,1.0869083411080283e-12,-1.1933035714285714,Decreasing,40.9634375,11.65240951728842
147_133,-0.8951612903225806,6.774580896262705e-13,-0.6926666666666668,Decreasing,21.651562499999997,6.5390314216704715
147_134,-0.8951612903225806,6.774580896262705e-13,-0.615,Decreasing,18.523125,5.80377540781645
147_135,-0.31048387096774194,0.013097125487301797,-0.17494047619047615,Decreasing,35.750625,3.336477312881806
147_136,-0.8911290322580645,8.586464872450961e-13,-0.5261330049261084,Decreasing,18.4103125,5.160320050863488
147_137,-0.8931451612903226,7.629452625224076e-13,-0.48,Decreasing,12.398125,4.555181416186955
147_138,-0.8467741935483871,1.0854206422550305e-11,-0.4809316770186335,Decreasing,18.4228125,4.84096596402451
147_139,-0.8709677419354839,2.7626789744772395e-12,-0.688,Decreasing,15.321562500000002,6.991498457669411
147_14,-0.4213709677419355,0.0007434794433867076,-0.12213888888888891,Decreasing,22.114375,1.8063965122239911
147_140,-0.5362903225806451,1.7284429657316025e-05,-0.1928991596638655,Decreasing,8.8365625,2.4677603831396904
147_141,-0.8286290322580645,2.956013211985464e-11,-0.4846111111111111,Decreasing,11.4746875,5.5678333894203185
147_142,-0.05241935483870968,0.6851751854528196,-0.010000000000000002,No significant trend,20.5,1.8011628188478688
147_143,-0.8205645161290323,4.583267099178556e-11,-0.45708333333333406,Decreasing,35.462500000000006,4.315551094588036
147_144,-0.8326612903225806,2.3702817486537242e-11,-0.2987121212121212,Decreasing,16.074375000000003,3.0536514387491906
147_145,-0.7116935483870968,1.1418290979392509e-08,-0.4543589743589744,Decreasing,12.1621875,5.302317732826253
147_146,-0.7983870967741935,1.4987833196755673e-10,-0.49404761904761907,Decreasing,15.1215625,4.701518444459593
147_147,-0.7540322580645161,1.4598573461199749e-09,-0.6351785714285714,Decreasing,18.871875,6.3499549395546895
147_148,-0.8064516129032258,9.776668363770114e-11,-0.36468749999999994,Decreasing,23.487499999999997,3.601502290711475
147_149,-0.7217741935483871,7.0691399400857335e-09,-0.4251041666666668,Decreasing,19.3675,4.152648251417401
147_15,-0.6875,3.5157899258564385e-08,-0.24205357142857145,Decreasing,24.119062500000002,3.0178918131857793
147_150,-0.8104838709677419,7.883982355849639e-11,-0.523030303030303,Decreasing,13.6496875,5.207892138604999
147_151,-0.3467741935483871,0.005553981920621398,-0.15918864097363078,Decreasing,17.6715625,2.7805284000696253
147_152,-0.8225806451612904,4.108913209677212e-11,-0.9417885375494072,Decreasing,41.665000000000006,10.3332609204452
147_153,-0.8387096774193549,1.6986412276764895e-11,-1.3085795454545455,Decreasing,35.67625,12.237151616593627
147_154,-0.7157258064516129,9.432809422449395e-09,-0.5839204545454546,Decreasing,10.4628125,5.963990502578265
147_155,-0.8870967741935484,1.0869083411080283e-12,-0.8078888888888889,Decreasing,19.7509375,7.910663040864132
147_156,-0.8165322580645161,5.698219673888616e-11,-0.45405882352941185,Decreasing,32.551874999999995,4.5243317445093485
147_157,-0.9556451612903226,1.709743457922741e-14,-0.757596153846154,Decreasing,18.8359375,7.282317136124583
147_158,-0.7298387096774194,4.794858066148322e-09,-0.27881793478260863,Decreasing,15.577499999999997,4.246752435685415
147_159,-0.7721774193548387,5.84016834892509e-10,-0.4485897435897436,Decreasing,15.724062500000002,5.018503798055129
147_16,-0.7318548387096774,4.348602589132611e-09,-0.3990625,Decreasing,11.6453125,4.148253385744867
147_160,-0.8951612903225806,6.774580896262705e-13,-0.9315476190476191,Decreasing,19.1528125,8.742156925773166
147_161,-0.4657258064516129,0.0001916438218019234,-0.48637362637362647,Decreasing,53.073750000000004,6.090489384072515
147_162,-0.9032258064516129,4.205524817280093e-13,-0.7767272727272727,Decreasing,24.66,7.607486033506733
147_163,-0.7842741935483871,3.1343416750928554e-10,-0.7208333333333332,Decreasing,18.125625,7.0348667087141745
147_164,-0.5181451612903226,3.304303154827437e-05,-0.2104545454545455,Decreasing,15.16875,2.534994760842712
147_165,-0.7258064516129032,5.824971616164021e-09,-0.42423913043478256,Decreasing,11.315,4.217343654482049
147_166,-0.8629032258064516,4.377387341492067e-12,-0.49459490740740736,Decreasing,12.9453125,4.845706207803332
147_167,-0.8790322580645161,1.7366108551186699e-12,-0.48784090909090905,Decreasing,15.349374999999998,4.956387253774164
147_168,-0.5685483870967742,5.193307037965056e-06,-0.19466666666666638,Decreasing,9.73,2.3187658355254417
147_169,-0.37298387096774194,0.002846673252961729,-0.14309523809523833,Decreasing,11.1275,2.2644107953284447
147_17,-0.6653225806451613,9.543242263099216e-08,-0.4464423076923075,Decreasing,31.165312500000002,5.02118573171156
147_170,-0.4153225806451613,0.0008861761949863212,-0.18237499999999998,Decreasing,19.06375,3.4518787909629736
147_171,-0.4213709677419355,0.0007434794433867076,-0.1627192982456141,Decreasing,12.256250000000001,2.4796783435558734
147_172,-0.6693548387096774,7.977093474664798e-08,-0.38999999999999924,Decreasing,11.3109375,3.9287779265432845
147_173,-0.8185483870967742,5.111089329545848e-11,-0.5303632478632478,Decreasing,14.083437499999999,5.002354201632842
147_174,-0.8044354838709677,1.0882916789967112e-10,-0.5070294117647058,Decreasing,13.151875,5.12099443315212
147_175,-0.8911290322580645,8.586464872450961e-13,-0.3500000000000001,Decreasing,13.705937500000001,3.2997195518852434
147_176,-0.7620967741935484,9.740654949297323e-10,-0.4344155844155844,Decreasing,13.008125,4.510912073447564
147_177,-0.7338709677419355,3.942868698203483e-09,-0.34377272727272723,Decreasing,14.040000000000001,3.6677181257561213
147_178,-0.8770161290322581,1.95110594347625e-12,-0.43686274509803913,Decreasing,14.1321875,4.392564551585298
147_179,-0.8870967741935484,1.0869083411080283e-12,-0.5703595317725751,Decreasing,12.405000000000001,5.3789061387981105
147_18,-0.9516129032258065,2.19824158875781e-14,-0.923846153846154,Decreasing,37.8196875,9.269844417644977
147_180,-0.8024193548387096,1.21112231354914e-10,-0.3653125000000001,Decreasing,13.6125,3.535413695736328
147_181,-0.875,2.191358206005134e-12,-0.5611290322580645,Decreasing,17.83,5.341731928878498
147_182,-0.9112903225806451,2.6001423236721166e-13,-0.586025641025641,Decreasing,18.0878125,5.491052229750119
147_183,-0.8145161290322581,6.351164039131163e-11,-0.3448333333333334,Decreasing,12.0709375,3.5560831326184923
147_184,-0.7903225806451613,2.2882273853497281e-10,-0.6202333333333333,Decreasing,20.1734375,6.137251832750042
147_185,-0.6370967741935484,3.252720022217659e-07,-0.3010166666666666,Decreasing,12.339375,3.2902554398367005
147_186,-0.9314516129032258,7.682743330406083e-14,-0.5841396103896104,Decreasing,18.70375,5.530827667492452
147_187,-0.7762096774193549,4.750932980357447e-10,-0.29733333333333334,Decreasing,12.66,3.1092000578927053
147_188,-0.7721774193548387,5.84016834892509e-10,-0.38527777777777794,Decreasing,17.640625,3.700936484104395
147_189,-0.8528225806451613,7.736700169402866e-12,-0.45591666666666664,Decreasing,14.98375,4.31954768320712
147_19,-0.7701612903225806,6.472633540255401e-10,-0.6892432950191572,Decreasing,39.513125,6.9276030475464605
147_190,-0.7903225806451613,2.2882273853497281e-10,-0.6436250000000001,Decreasing,13.950625,6.249080401097029
147_191,-0.9193548387096774,1.6009416015094757e-13,-0.5807142857142857,Decreasing,15.315312500000001,5.767196017333185
147_192,-0.6290322580645161,4.5753051591823635e-07,-0.3869047619047619,Decreasing,9.8390625,4.1373998170461785
147_193,-0.8104838709677419,7.883982355849639e-11,-0.6810714285714285,Decreasing,16.71375,6.954291278591946
147_194,-0.7116935483870968,1.1418290979392509e-08,-0.2987683823529412,Decreasing,9.33375,3.4125391481270952
147_195,-0.48185483870967744,0.00011361189113179293,-0.13924999999999998,Decreasing,18.4059375,2.1124805611161843
147_196,0.2056451612903226,0.1014505333614959,0.1017777777777778,No significant trend,22.166249999999998,3.139621543673696
147_197,-0.7399193548387096,2.934484433225748e-09,-0.39489130434782604,Decreasing,15.436875,3.981606489141663
147_198,-0.375,0.0026994076056261473,-0.13696969696969674,Decreasing,21.44125,2.4745387827835716
147_199,-0.8185483870967742,5.111089329545848e-11,-0.4730921052631579,Decreasing,26.594375,4.661025194029206
147_2,-0.7459677419354839,2.178956348686256e-09,-0.37114906832298133,Decreasing,17.544375000000002,3.705844149363947
147_20,-0.875,2.191358206005134e-12,-1.074970238095238,Decreasing,45.981874999999995,10.23277804334556
147_200,-0.8911290322580645,8.586464872450961e-13,-0.6475,Decreasing,23.9653125,6.093157527287781
147_201,-0.8709677419354839,2.7626789744772395e-12,-0.8995277777777779,Decreasing,38.1196875,8.54417984813895
147_202,-0.6754032258064516,6.084656289928603e-08,-0.5633216783216783,Decreasing,45.184375,5.901721643671023
147_203,-0.9879032258064516,2.220446049250313e-15,-0.6484161490683229,Decreasing,28.654062500000002,6.483363738916224
147_204,-0.9314516129032258,7.682743330406083e-14,-0.9609018567639257,Decreasing,24.8990625,9.087034499554504
147_205,-0.1774193548387097,0.15829432695339385,-0.15749999999999986,No significant trend,41.1084375,5.949649732008915
147_206,-0.9012096774193549,4.740652315149418e-13,-0.4121111111111111,Decreasing,16.480625,4.003536668918495
147_207,0.012096774193548387,0.9353765292166933,0.00769736842105283,No significant trend,27.466875,2.4335370830079825
147_208,-0.8044354838709677,1.0882916789967112e-10,-0.43999999999999984,Decreasing,23.75,4.320580834795248
147_209,-0.8770161290322581,1.95110594347625e-12,-0.752,Decreasing,44.2975,7.457373029425309
147_21,-0.9495967741935484,2.5091040356528538e-14,-0.8169333333333334,Decreasing,30.32,7.61641196693036
147_210,-0.8709677419354839,2.7626789744772395e-12,-0.6045789473684209,Decreasing,13.19875,5.926930988083124
147_211,-0.8669354838709677,3.4794389591752406e-12,-0.5299999999999999,Decreasing,25.1475,5.713735096239587
147_212,-0.38306451612903225,0.0021773576915100623,-0.20423611111111117,Decreasing,19.504375000000003,3.3710467008593934
147_213,-0.9536290322580645,1.9539925233402755e-14,-0.9184615384615374,Decreasing,29.041874999999997,8.506845933386534
147_214,-0.9092741935483871,2.9332092310596636e-13,-0.5229261363636364,Decreasing,15.5165625,5.151379432598006
147_215,-0.7862903225806451,2.8229885096209273e-10,-0.3308846153846154,Decreasing,13.622187499999999,3.2284039539443863
147_216,-0.907258064516129,3.3084646133829665e-13,-0.45,Decreasing,15.495937500000002,4.624003851760263
147_217,-0.9395161290322581,4.6851411639181606e-14,-0.7750000000000001,Decreasing,15.749375,7.4478478172808416
147_218,-0.8387096774193549,1.6986412276764895e-11,-0.6879144385026738,Decreasing,32.951562499999994,8.889306465275778
147_219,-0.7741935483870968,5.268148139947471e-10,-0.42723214285714295,Decreasing,21.041562499999998,4.125259923155601
147_22,-0.25,0.04608393295095614,-0.052739130434782594,Decreasing,22.8090625,1.741203533793149
147_220,-0.7842741935483871,3.1343416750928554e-10,-0.38924444444444445,Decreasing,15.986249999999998,3.8359294424558956
147_221,-0.6754032258064516,6.084656289928603e-08,-0.6790972222222222,Decreasing,15.290624999999999,7.072163272957929
147_222,-0.8346774193548387,2.121680608979659e-11,-0.320357142857143,Decreasing,16.9453125,3.144789325589832
147_223,-0.9092741935483871,2.9332092310596636e-13,-0.45409722222222226,Decreasing,13.034375,4.380047044196558
147_224,-0.8870967741935484,1.0869083411080283e-12,-0.45185507246376805,Decreasing,19.700312500000003,4.316317501915696
147_225,0.2620967741935484,0.03644545316257175,0.11489130434782617,Increasing,15.6678125,2.1030182690228227
147_226,-0.8629032258064516,4.377387341492067e-12,-0.59,Decreasing,17.874375,5.712655871779343
147_227,-0.9354838709677419,5.995204332975845e-14,-0.44226190476190474,Decreasing,15.8034375,4.055411207090318
147_228,-0.8870967741935484,1.0869083411080283e-12,-0.463125,Decreasing,14.490625,4.551665174348285
147_229,-0.7076612903225806,1.38075384459313e-08,-0.2088181818181818,Decreasing,9.706875,2.4956530176238445
147_23,-0.7762096774193549,4.750932980357447e-10,-0.8368461538461538,Decreasing,33.538125,9.19308756535991
147_230,-0.7379032258064516,3.238943557803964e-09,-0.4213571428571428,Decreasing,14.879999999999999,4.169145595922503
147_231,-0.5564516129032258,8.214164165520899e-06,-0.7641666666666664,Decreasing,27.652812499999996,8.923186172261776
147_232,-0.5201612903225806,3.077850744093169e-05,-0.18840909090909094,Decreasing,35.3875,2.3757288355365818
147_233,-0.8629032258064516,4.377387341492067e-12,-0.5966666666666667,Decreasing,15.926874999999999,6.247195589572573
147_235,-0.8004032258064516,1.3474710236494047e-10,-0.4158333333333334,Decreasing,17.851562499999996,3.968166381793202
147_236,-0.9395161290322581,4.6851411639181606e-14,-0.6224561403508773,Decreasing,25.7615625,5.963069212544305
147_237,-0.9193548387096774,1.6009416015094757e-13,-0.5387236842105263,Decreasing,18.095,5.082174116458428
147_24,-0.8024193548387096,1.21112231354914e-10,-0.831850649350649,Decreasing,34.7059375,9.335254368312293
147_25,-0.842741935483871,1.3585577107733116e-11,-0.35102631578947374,Decreasing,11.368749999999999,3.6835620922552668
147_26,-0.8346774193548387,2.121680608979659e-11,-0.4455333333333332,Decreasing,16.966250000000002,4.449002521633361
147_27,-0.9495967741935484,2.5091040356528538e-14,-0.8689999999999999,Decreasing,16.465625,8.374065596194896
147_28,-0.7157258064516129,9.432809422449395e-09,-0.4582266009852216,Decreasing,14.506874999999999,4.583613774564236
147_29,-0.8024193548387096,1.21112231354914e-10,-0.49175925925925934,Decreasing,16.844375,5.221893177706243
147_3,-0.7862903225806451,2.8229885096209273e-10,-0.5029217391304348,Decreasing,23.369062500000002,5.204207047773345
147_30,-0.5604838709677419,7.057150331224449e-06,-0.2535833333333334,Decreasing,7.2928125,3.3699102680700195
147_31,-0.8205645161290323,4.583267099178556e-11,-0.525026455026455,Decreasing,12.825312499999999,5.097737846569177
147_32,-0.8346774193548387,2.121680608979659e-11,-0.4322499999999999,Decreasing,16.511875,4.814994442818704
147_33,-0.8044354838709677,1.0882916789967112e-10,-0.6189393939393939,Decreasing,12.3125,5.999767182983019
147_34,-0.719758064516129,7.784594746595985e-09,-0.3488333333333334,Decreasing,16.46875,4.446024031367801
147_35,-0.8185483870967742,5.111089329545848e-11,-0.45205555555555554,Decreasing,16.946875,5.1709407011079715
147_36,-0.7540322580645161,1.4598573461199749e-09,-0.4951754385964913,Decreasing,25.2515625,5.312700060571249
147_37,-0.9233870967741935,1.254552017826427e-13,-0.633846153846154,Decreasing,17.791249999999998,6.475294274200981
147_38,-0.5241935483870968,2.6684265470366952e-05,-0.26788888888888895,Decreasing,19.6946875,4.3411101578218165
147_39,-0.8991935483870968,5.340172748447003e-13,-0.4791666666666666,Decreasing,16.1640625,4.487320232732866
147_4,-0.9395161290322581,4.6851411639181606e-14,-0.52027950310559,Decreasing,15.553125,5.1821384566967135
147_40,-0.7862903225806451,2.8229885096209273e-10,-0.6738518518518519,Decreasing,23.699687500000003,6.796780250776374
147_41,-0.8649193548387096,3.903322109977125e-12,-0.48459595959595964,Decreasing,14.38375,4.660917124075475
147_42,-0.32661290322580644,0.00903177754860196,-0.14176282051282058,Decreasing,24.7215625,2.7875584179697026
147_43,-0.8911290322580645,8.586464872450961e-13,-0.6761956521739134,Decreasing,20.885624999999997,6.83002467853338
147_44,-0.8346774193548387,2.121680608979659e-11,-0.6198878205128205,Decreasing,18.029375,6.0674355875752815
147_45,-0.7620967741935484,9.740654949297323e-10,-0.7012142857142858,Decreasing,22.6175,7.150445790298672
147_46,-0.967741935483871,7.993605777301127e-15,-0.6522272727272729,Decreasing,14.93375,6.513987234213773
147_47,-0.8165322580645161,5.698219673888616e-11,-0.5941666666666664,Decreasing,13.978125000000002,6.3421937438377745
147_48,-0.8911290322580645,8.586464872450961e-13,-0.6231666666666666,Decreasing,20.176875,5.928431199261319
147_49,-0.9193548387096774,1.6009416015094757e-13,-0.5035416666666667,Decreasing,17.3925,4.692635853121357
147_5,-0.8548387096774194,6.907363570007874e-12,-0.46884453781512603,Decreasing,13.9525,5.047459138021822
147_50,-0.8830645161290323,1.3746781490908688e-12,-0.5386062378167642,Decreasing,13.2921875,5.608038724888029
147_51,-0.5060483870967742,5.032482653111181e-05,-0.2611378205128204,Decreasing,16.726875,3.4154551650365725
147_52,-0.8991935483870968,5.340172748447003e-13,-0.6944239130434783,Decreasing,16.9115625,6.936849117833957
147_53,-0.6955645161290323,2.4265743192586342e-08,-0.29316666666666646,Decreasing,15.4846875,3.4508902695310018
147_54,-0.8004032258064516,1.3474710236494047e-10,-1.0482070707070705,Decreasing,33.6959375,10.556395827700559
147_55,-0.7560483870967742,1.3199186188472822e-09,-0.6215740740740742,Decreasing,14.834375000000001,6.167363160976902
147_56,-0.8346774193548387,2.121680608979659e-11,-0.5344957983193277,Decreasing,15.6375,5.3686380954577295
147_57,-0.9354838709677419,5.995204332975845e-14,-0.5987500000000001,Decreasing,16.0271875,6.339292761408306
147_58,-0.9354838709677419,5.995204332975845e-14,-0.8364743589743591,Decreasing,20.643124999999998,8.353507660520519
147_59,-0.8145161290322581,6.351164039131163e-11,-0.63225,Decreasing,14.8665625,7.214295101296713
147_6,-0.7358870967741935,3.574073925705079e-09,-0.2925,Decreasing,14.057500000000001,3.441094484317454
147_60,-0.7318548387096774,4.348602589132611e-09,-0.4767708333333333,Decreasing,16.1684375,4.697223321665018
147_61,-0.9032258064516129,4.205524817280093e-13,-0.6096291208791209,Decreasing,18.3496875,5.724822314041175
147_62,-0.7721774193548387,5.84016834892509e-10,-0.4203,Decreasing,22.274375,4.092168539952259
147_63,-0.8387096774193549,1.6986412276764895e-11,-0.4494444444444445,Decreasing,15.957812500000001,5.65373202759414
147_64,-0.8830645161290323,1.3746781490908688e-12,-0.6293279569892473,Decreasing,17.4440625,5.866327566808194
147_65,-0.8870967741935484,1.0869083411080283e-12,-0.5966699604743083,Decreasing,19.6315625,6.094486293658699
147_66,-0.8991935483870968,5.340172748447003e-13,-0.7683666666666668,Decreasing,18.6015625,8.383369366405953
147_67,-0.905241935483871,3.730349362740526e-13,-0.59,Decreasing,17.2765625,5.477632135201646
147_68,-0.7762096774193549,4.750932980357447e-10,-0.5792171717171717,Decreasing,16.1421875,6.288496806856449
147_69,-0.8689516129032258,3.1008529077780622e-12,-0.5459545454545455,Decreasing,20.370312499999997,5.202601202989111
147_7,-0.8064516129032258,9.776668363770114e-11,-0.29738636363636367,Decreasing,17.489687500000002,2.899357131735197
147_70,-0.8588709677419355,5.501599176227501e-12,-0.4510833333333333,Decreasing,10.544374999999999,4.396072776851516
147_71,-0.8790322580645161,1.7366108551186699e-12,-0.6446285714285714,Decreasing,13.139375000000001,6.077763228308174
147_72,-0.844758064516129,1.2144951710979512e-11,-0.7006439393939394,Decreasing,22.5459375,6.622365447564317
147_73,-0.8508064516129032,8.663292305755022e-12,-0.49894871794871787,Decreasing,18.6628125,5.102307832230799
147_74,-0.8064516129032258,9.776668363770114e-11,-0.35849002849002853,Decreasing,15.84375,3.3498486439688584
147_75,-0.8508064516129032,8.663292305755022e-12,-0.6578333333333333,Decreasing,13.3040625,7.735234668133459
147_76,-0.8467741935483871,1.0854206422550305e-11,-0.415108695652174,Decreasing,32.4978125,4.169960082524022
147_77,-0.8104838709677419,7.883982355849639e-11,-0.4342499999999999,Decreasing,36.606875,4.3195959283681855
147_78,-0.9556451612903226,1.709743457922741e-14,-0.6666666666666665,Decreasing,16.9184375,6.672909368003865
147_79,-0.8891129032258065,9.661160760288112e-13,-0.5193933823529412,Decreasing,17.3690625,5.045884064868489
147_8,-0.5080645161290323,4.694664237403501e-05,-0.26974747474747474,Decreasing,17.894375000000004,3.3912303607061256
147_80,-0.7318548387096774,4.348602589132611e-09,-0.5066013824884792,Decreasing,24.8046875,4.991591670233428
147_81,-0.7681451612903226,7.171752081092109e-10,-0.3477232142857143,Decreasing,17.814375,4.603915410753655
147_82,-0.8387096774193549,1.6986412276764895e-11,-0.47650793650793655,Decreasing,15.354999999999999,5.142749143211246
147_83,-0.9354838709677419,5.995204332975845e-14,-0.7110964912280702,Decreasing,21.476875,6.747735470835752
147_84,-0.6411290322580645,2.738397213430943e-07,-0.33733552631578956,Decreasing,16.9840625,3.9766944968269504
147_85,-0.9314516129032258,7.682743330406083e-14,-0.4437320574162679,Decreasing,18.135624999999997,4.270076065994024
147_86,-0.7580645161290323,1.193087628692524e-09,-0.500930735930736,Decreasing,16.8509375,5.069177299729588
147_87,-0.4838709677419355,0.00010630450788085,-0.2565338164251207,Decreasing,33.183125000000004,3.5808880161735015
147_88,-0.8891129032258065,9.661160760288112e-13,-0.8504347826086958,Decreasing,17.7984375,8.268681919362587
147_89,-0.8467741935483871,1.0854206422550305e-11,-0.7856428571428571,Decreasing,22.7571875,7.513961685744993
147_9,-0.9112903225806451,2.6001423236721166e-13,-0.3716228070175439,Decreasing,23.9784375,3.471243571631606
147_90,-0.8991935483870968,5.340172748447003e-13,-0.5960130718954249,Decreasing,18.283125,6.697369090499269
147_91,-0.7681451612903226,7.171752081092109e-10,-0.6045673076923077,Decreasing,21.9059375,6.2075366789970525
147_92,-0.842741935483871,1.3585577107733116e-11,-0.7159210526315789,Decreasing,17.6703125,6.501068894985173
147_93,-0.8286290322580645,2.956013211985464e-11,-0.5037727272727273,Decreasing,13.818124999999998,5.141140095773991
147_94,-0.8387096774193549,1.6986412276764895e-11,-0.398625,Decreasing,12.0,4.581785268866274
147_95,-0.3165322580645161,0.011413839625523003,-0.08723636363636363,Decreasing,9.568124999999998,1.597007822264813
147_96,-0.7983870967741935,1.4987833196755673e-10,-0.49959999999999993,Decreasing,16.038125,5.296690262265201
147_97,-0.8125,7.077094466012568e-11,-0.49150000000000005,Decreasing,15.175625,5.022404763594328
147_98,-0.8467741935483871,1.0854206422550305e-11,-0.4936038961038962,Decreasing,14.657812500000002,4.7825756230135825
147_99,-0.9032258064516129,4.205524817280093e-13,-0.6700000000000003,Decreasing,16.555,6.592159168284697
