location,tau,p_value,slope,trend_class,mean_value,std_value
101_1,0.03870967741935484,0.7726279905852822,0.0,No significant trend,0.0332258064516129,0.1819852368484907
101_10,-0.10752688172043011,0.4049437537873102,0.0,No significant trend,0.7325806451612904,0.79834089146193
101_100,-0.2817204301075269,0.02713750593978581,-0.04764705882352942,Decreasing,4.360645161290322,1.2184599891080676
101_1000,-0.43010752688172044,0.000718850062535914,-0.0731578947368421,Decreasing,1.219032258064516,1.2167443467758667
101_1001,-0.35268817204301073,0.005598474454852953,-0.02666666666666669,Decreasing,1.2093548387096777,0.5215790880175624
101_1002,-0.06881720430107527,0.5982707245011594,0.0,No significant trend,0.4135483870967742,0.787775751566055
101_1003,-0.18494623655913978,0.14854345071667052,-0.025999999999999978,No significant trend,1.570967741935484,0.6042609713857601
101_1004,-0.789247311827957,4.949776144513862e-10,-0.13666666666666666,Decreasing,2.4961290322580645,1.5775331445203786
101_1005,-0.6129032258064516,1.3861735368436712e-06,-0.046666666666666634,Decreasing,1.2874193548387098,0.5583268076507873
101_1006,-0.03655913978494624,0.7856661000859302,0.0,No significant trend,0.6083870967741937,0.48092717424811937
101_1007,-0.546236559139785,1.707260688599277e-05,-0.08,Decreasing,2.3161290322580643,0.8778701403685377
101_1008,-0.556989247311828,1.159455156796163e-05,-0.0604,Decreasing,1.001290322580645,0.7417057147721746
101_1009,-0.16344086021505377,0.2024043739887733,0.0,No significant trend,0.4087096774193549,0.44977945803925895
101_101,-0.7806451612903226,7.617340092025415e-10,-0.178,Decreasing,2.148709677419354,2.507586864588091
101_1010,-0.20430107526881722,0.1101179540129047,-0.01769230769230769,No significant trend,0.9732258064516127,0.6473189725608641
101_1013,-0.06666666666666667,0.6101267703127584,-0.0049999999999999975,No significant trend,1.1245161290322583,0.6533478977897654
101_1014,0.0989247311827957,0.4443675620908478,0.012666666666666663,No significant trend,3.420000000000001,0.7678793588041155
101_1015,-0.14408602150537633,0.2619630008374654,0.0,No significant trend,0.4774193548387097,0.7110100391375797
101_1016,-0.18924731182795698,0.13922364714154067,-0.03291666666666665,No significant trend,2.4548387096774196,1.0622461623697694
101_1017,0.32903225806451614,0.009781611919498001,0.05692307692307692,Increasing,1.9693548387096775,1.055898747234824
101_1018,-0.33548387096774196,0.008427504795672336,-0.024782608695652176,Decreasing,2.118387096774194,0.4261916634884535
101_1019,-0.5268817204301075,3.3667518407387576e-05,-0.04695652173913044,Decreasing,0.6464516129032257,0.6482509887635208
101_102,-0.11182795698924732,0.3860421406420662,0.0,No significant trend,0.6954838709677419,0.5665506196083135
101_1020,-0.2129032258064516,0.09578337281012361,-0.016923076923076923,No significant trend,0.9235483870967742,0.57914034394201
101_1021,0.13333333333333333,0.2998377295670276,0.0,No significant trend,0.5399999999999999,0.6908620141393252
101_1022,0.017204301075268817,0.9052952265477159,0.0,No significant trend,0.4293548387096775,0.6524936558033982
101_1023,-0.030107526881720432,0.8251287015820885,0.0,No significant trend,0.4961290322580645,0.5743028167144578
101_1024,0.034408602150537634,0.7987646104203716,0.002631578947368412,No significant trend,1.322258064516129,0.5899738084805358
101_1025,0.053763440860215055,0.6833368087995224,0.0,No significant trend,0.10064516129032257,0.3103061493872698
101_1026,0.10967741935483871,0.3954246967469044,0.011052631578947366,No significant trend,1.5870967741935484,0.4128593726712491
101_1027,-0.1978494623655914,0.12194188920122184,0.0,No significant trend,0.4051612903225806,0.5593133518863421
101_1028,-0.06451612903225806,0.6220860087372633,-0.0005000000000000115,No significant trend,1.3758064516129032,0.896774773729216
101_1029,-0.4860215053763441,0.00013120067777006028,-0.03538461538461539,Decreasing,1.388709677419355,0.48056916480815964
101_103,-0.09247311827956989,0.47532023939393775,-0.017857142857142867,No significant trend,2.5816129032258064,0.8972614132483769
101_1030,0.07956989247311828,0.5406231028187141,0.0,No significant trend,0.19903225806451613,0.4130246797180424
101_1031,-0.3548387096774194,0.005313081962207367,0.0,Decreasing,0.3496774193548387,0.4915904660022486
101_1032,-0.32688172043010755,0.010274278203273202,-0.010000000000000009,Decreasing,0.4619354838709678,0.4565538469802962
101_1033,0.18494623655913978,0.14854345071667052,0.0,No significant trend,0.3674193548387097,0.3934050505762967
101_1034,0.03655913978494624,0.7856661000859302,0.0011111111111111122,No significant trend,1.2045161290322577,0.2901594523781199
101_1035,-0.26021505376344084,0.04139316901026291,-0.01333333333333333,Decreasing,0.6587096774193548,0.488386031447255
101_1036,0.04086021505376344,0.7596537518193331,0.0050000000000000044,No significant trend,1.694193548387097,0.37927583114062113
101_1037,-0.5096774193548387,6.042257609317758e-05,-0.06749999999999995,Decreasing,0.7993548387096775,1.039472370759974
101_1038,-0.7548387096774194,2.7020465864779908e-09,-0.1223076923076923,Decreasing,2.392258064516129,1.242901676949547
101_1039,-0.25161290322580643,0.04865707312578982,-0.01727272727272727,Decreasing,0.8858064516129033,0.48992938394088925
101_104,-0.053763440860215055,0.6833368087995224,-0.0066666666666666576,No significant trend,2.0716129032258066,0.7999116756653603
101_1040,-0.26021505376344084,0.04139316901026291,-0.00833333333333334,Decreasing,0.7609677419354838,0.31946886201651475
101_1042,-0.5806451612903226,4.830075495565467e-06,-0.06124999999999997,Decreasing,2.5235483870967745,0.7068035652971434
101_1043,-0.34408602150537637,0.006883461529839208,-0.018571428571428555,Decreasing,1.0009677419354839,0.32808687715210016
101_1044,-0.7677419354838709,1.4419592186953878e-09,-0.14586206896551726,Decreasing,2.701612903225807,1.5072536374397782
101_1045,-0.36989247311827955,0.0036562858092210604,-0.03631578947368421,Decreasing,2.259677419354839,0.6676510768791258
101_1046,-0.06666666666666667,0.6101267703127584,0.0,No significant trend,0.6635483870967742,0.6644063485893145
101_1047,0.010752688172043012,0.9457970432721066,0.000666666666666682,No significant trend,2.313225806451613,0.8701071016640911
101_1048,-0.3720430107526882,0.0034624952577932966,-0.025185185185185182,Decreasing,0.8183870967741936,0.42927618581104
101_1049,0.10967741935483871,0.3954246967469044,0.015454545454545469,No significant trend,1.701290322580645,0.7934763932723777
101_105,-0.15913978494623657,0.21470238954837217,-0.01857142857142859,No significant trend,1.637741935483871,1.1126275488387674
101_1050,-0.05591397849462366,0.6709019753135215,0.0,No significant trend,0.4283870967741935,0.5228217285399555
101_1051,-0.7053763440860215,2.73151810059602e-08,-0.14344827586206896,Decreasing,2.2238709677419357,1.636208594280032
101_1052,-0.17849462365591398,0.16340634586373248,-0.014545454545454549,No significant trend,1.0796774193548389,0.6313604556622038
101_1054,-0.7483870967741936,3.6847678241969106e-09,-0.14588235294117646,Decreasing,2.403225806451612,1.6613818327442782
101_1055,-0.4731182795698925,0.00019748250781770338,-0.042083333333333334,Decreasing,0.7887096774193548,0.6656102799274192
101_1056,-0.6731182795698925,1.139885490442083e-07,-0.19125000000000003,Decreasing,4.1003225806451615,2.2204162409418875
101_1057,-0.21505376344086022,0.09244378064522207,-0.012857142857142869,No significant trend,0.9964516129032258,0.4048460351477064
101_1058,-0.35268817204301073,0.005598474454852953,-0.02586206896551724,Decreasing,1.253870967741936,0.4946597228552093
101_1059,-0.010752688172043012,0.9457970432721066,0.0,No significant trend,0.5870967741935483,0.6223379102270109
101_106,-0.17634408602150536,0.16860199558675504,-0.01666666666666667,No significant trend,1.4029032258064518,0.7328785207103742
101_1060,-0.46881720430107526,0.00022582615287181085,-0.061666666666666675,Decreasing,1.1638709677419352,0.7797008418012097
101_1061,-0.06666666666666667,0.6101267703127584,-0.006999999999999984,No significant trend,1.702258064516129,0.5172489865121698
101_1063,0.5612903225806452,9.91272679740085e-06,0.07111111111111112,Increasing,1.9738709677419355,0.8953524352737733
101_1064,-0.42795698924731185,0.0007646309234956572,-0.058823529411764705,Decreasing,2.1683870967741936,0.8468198451595754
101_1065,-0.4731182795698925,0.00019748250781770338,-0.03631578947368421,Decreasing,0.7932258064516129,0.5663088584906604
101_1066,-0.14193548387096774,0.26926051859260536,-0.00875,No significant trend,1.003548387096774,0.6667182428887215
101_1067,-0.27741935483870966,0.029589571342436338,-0.004827586206896552,Decreasing,0.30387096774193545,0.27432824016254026
101_1068,-0.2709677419354839,0.033624002608237724,-0.02499999999999999,Decreasing,1.5332258064516129,0.5535013890868964
101_1069,-0.043010752688172046,0.7467467998855972,-0.0033333333333332624,No significant trend,1.9022580645161289,0.4987125985809369
101_107,-0.09032258064516129,0.4858947339033992,-0.013181818181818183,No significant trend,2.5070967741935473,0.9514613329264149
101_1070,-0.08172043010752689,0.5294358519548577,-0.0040000000000000036,No significant trend,0.9496774193548385,0.39166710577757097
101_1071,-0.034408602150537634,0.7987646104203716,0.0,No significant trend,0.22774193548387098,0.3113830715913652
101_1073,-0.6236559139784946,9.016837949626932e-07,-0.08227272727272728,Decreasing,0.9903225806451611,0.9229772438776164
101_1074,-0.5376344086021505,2.315113661621737e-05,-0.04499999999999999,Decreasing,0.8558064516129034,0.5529322083720126
101_1075,-0.5505376344086022,1.4636673522749888e-05,-0.050666666666666665,Decreasing,1.067741935483871,0.6430607741179345
101_1076,-0.6086021505376344,1.6431415847950603e-06,-0.09400000000000001,Decreasing,1.8116129032258064,1.0352562306305204
101_1077,-0.4129032258064516,0.001169091409425116,-0.028947368421052635,Decreasing,0.7558064516129032,0.4426006296626017
101_1078,0.04086021505376344,0.7596537518193331,0.0,No significant trend,0.46967741935483864,0.5471184566610293
101_1079,0.04946236559139785,0.7084629632532715,0.0,No significant trend,0.6167741935483869,0.7360591977278957
101_108,-0.2967741935483871,0.019885085312989492,-0.05999999999999994,Decreasing,3.6145161290322574,1.059564240040269
101_1081,-0.5032258064516129,7.489794679416129e-05,-0.06949999999999999,Decreasing,1.6638709677419357,1.028828577273781
101_1082,0.16774193548387098,0.19062782292334934,0.009333333333333327,No significant trend,1.3593548387096774,0.9166908772383799
101_1083,-0.053763440860215055,0.6833368087995224,0.0,No significant trend,0.6977419354838709,0.8529104240582488
101_1084,-0.26881720430107525,0.035069438571895484,0.0,Decreasing,0.315483870967742,0.6640920977213803
101_1085,-0.43010752688172044,0.000718850062535914,-0.0376923076923077,Decreasing,0.9477419354838711,0.6366480248899339
101_1086,-0.26666666666666666,0.036567588572864906,-0.032142857142857154,Decreasing,2.903548387096774,0.7814772957595897
101_1087,-0.17849462365591398,0.16340634586373248,-0.015789473684210523,No significant trend,0.8977419354838709,0.5321939355306566
101_1088,-0.15053763440860216,0.2408949627928283,-0.031904761904761915,No significant trend,2.6041935483870966,1.0670120300242363
101_1089,-0.27741935483870966,0.029589571342436338,0.0,Decreasing,0.6606451612903226,0.8067255018776911
101_109,-0.45376344086021503,0.00035800799918561665,-0.041999999999999996,Decreasing,2.081612903225807,0.661504135379235
101_1090,-0.02795698924731183,0.8383870987564421,0.0,No significant trend,0.30516129032258066,0.48490019570204707
101_1091,-0.06451612903225806,0.6220860087372633,0.0,No significant trend,0.16032258064516128,0.3660026782113163
101_1092,-0.6559139784946236,2.379948262909437e-07,-0.11199999999999999,Decreasing,2.412258064516129,1.4623990666630295
101_1093,-0.5096774193548387,6.042257609317758e-05,-0.1255,Decreasing,1.904516129032258,1.815307383034935
101_1094,-0.08602150537634409,0.5074200543722851,0.0,No significant trend,1.0038709677419355,1.1403668832932525
101_1095,-0.6516129032258065,2.852843357104007e-07,-0.04642857142857142,Decreasing,0.914516129032258,0.6327351721905075
101_1097,-0.34408602150537637,0.006883461529839208,-0.025,Decreasing,1.215806451612903,0.45097581791651914
101_1099,-0.24301075268817204,0.05696246823315332,0.0,No significant trend,0.1403225806451613,0.323074782823677
101_11,-0.0967741935483871,0.45455525621868187,-0.0030769230769230795,No significant trend,0.8938709677419356,0.6639115633846406
101_110,-0.053763440860215055,0.6833368087995224,-0.003333333333333336,No significant trend,1.2480645161290325,0.6568272682781966
101_1100,0.01935483870967742,0.8918439412522505,0.0015384615384615398,No significant trend,1.5703225806451615,0.771276628634118
101_1101,-0.05806451612903226,0.6585566199856316,0.0,No significant trend,0.8435483870967743,0.842540506873827
101_1102,-0.18924731182795698,0.13922364714154067,-0.015238095238095242,No significant trend,0.9309677419354838,0.5602439263605928
101_1103,-0.2903225806451613,0.022755199240110047,0.0,Decreasing,0.6087096774193549,1.0090229766094043
101_1104,-0.6150537634408603,1.2726449472033607e-06,-0.12,Decreasing,2.745806451612903,1.233460315387486
101_1105,-0.21505376344086022,0.09244378064522207,0.0,No significant trend,0.917741935483871,1.2219595835072805
101_1106,-0.13333333333333333,0.2998377295670276,-0.003333333333333336,No significant trend,0.795483870967742,0.6187596266291991
101_1107,-0.3247311827956989,0.010788909951167325,-0.02642857142857143,Decreasing,0.6980645161290322,0.5872429807314127
101_1108,-0.4172043010752688,0.0010369364231381795,-0.00714285714285715,Decreasing,0.5380645161290323,0.7503178653500634
101_1109,-0.42795698924731185,0.0007646309234956572,-0.030625,Decreasing,0.824516129032258,0.47620027441482804
101_111,-0.2946236559139785,0.020804552083621086,0.0,Decreasing,0.577741935483871,0.7497944220505974
101_1110,-0.23870967741935484,0.061538570047021235,0.0,No significant trend,0.4503225806451613,0.6828757213288793
101_1111,0.004301075268817204,0.9864394742066862,0.0,No significant trend,0.06290322580645161,0.3445351571403463
101_1112,-0.34623655913978496,0.006539518436156966,-0.034545454545454546,Decreasing,0.7819354838709677,0.5808804182908889
101_1113,-0.17204301075268819,0.17936364721043319,-0.021428571428571415,No significant trend,2.0464516129032257,0.7525464229045481
101_1114,-0.4064516129032258,0.0013967278652837756,-0.061176470588235284,Decreasing,1.8806451612903228,0.9146652321984889
101_1115,-0.04516129032258064,0.7339104943970112,-0.005833333333333339,No significant trend,1.812258064516129,0.5797146666188704
101_1116,-0.6172043010752688,1.1680885727560764e-06,-0.06722222222222224,Decreasing,1.4454838709677422,0.7542432169963582
101_1117,0.22580645161290322,0.07712322019197049,0.044999999999999984,No significant trend,2.364193548387096,1.2865451967125692
101_1118,0.14193548387096774,0.26926051859260536,0.008461538461538468,No significant trend,1.3929032258064515,0.45629075017939125
101_1119,0.47096774193548385,0.00021120825007803212,0.09636363636363637,Increasing,2.4167741935483877,1.3233154528384847
101_112,-0.17204301075268819,0.17936364721043319,0.0,No significant trend,0.6006451612903225,0.9181606278890524
101_1120,-0.4258064516129032,0.0008131066227232697,-0.03333333333333333,Decreasing,1.1154838709677422,0.5406438139947798
101_1121,-0.34838709677419355,0.006211110408963716,-0.042631578947368416,Decreasing,1.11,0.8238892816313953
101_1122,-0.2860215053763441,0.024862848209154853,-0.0040000000000000036,Decreasing,0.4945161290322581,0.5740171892990855
101_1123,-0.36129032258064514,0.004534009191836885,-0.05374999999999999,Decreasing,1.3090322580645162,0.9212346373340146
101_1124,0.07311827956989247,0.5748781452473757,0.0050000000000000044,No significant trend,0.992258064516129,0.7291121851704275
101_1125,0.08172043010752689,0.5294358519548577,0.011923076923076925,No significant trend,1.47,0.8677705955214275
101_1126,0.06666666666666667,0.6101267703127584,0.007272727272727259,No significant trend,1.9922580645161292,0.5001013424872446
101_1127,0.22365591397849463,0.08000950089470127,0.04148148148148149,No significant trend,2.548064516129032,1.2531030371218963
101_1128,0.14408602150537633,0.2619630008374654,0.012499999999999983,No significant trend,1.3993548387096773,0.7064172918456358
101_1129,0.02795698924731183,0.8383870987564421,0.0,No significant trend,0.7812903225806451,0.5453542319386954
101_113,-0.13118279569892474,0.30783043013369626,0.0,No significant trend,0.36935483870967745,0.7548934361192591
101_1130,-0.17419354838709677,0.1739206495334844,-0.012380952380952381,No significant trend,0.7306451612903226,0.6018891521774129
101_1131,0.33548387096774196,0.008427504795672336,0.05764705882352941,Increasing,1.7193548387096773,0.8400650339028904
101_1132,0.05161290322580645,0.6958581513960522,0.006842105263157901,No significant trend,1.3629032258064517,0.6302697504852116
101_1133,-0.6688172043010753,1.3725173086953646e-07,-0.1534782608695652,Decreasing,2.3006451612903223,1.6773557059884676
101_1134,-0.30752688172043013,0.015800509032550147,-0.021578947368421055,Decreasing,1.2503225806451614,0.48220918945343655
101_1135,-0.2172043010752688,0.08919834224618706,-0.011153846153846155,No significant trend,0.9245161290322581,0.7027771578607419
101_1136,0.2086021505376344,0.10275196797700414,0.017777777777777778,No significant trend,0.8535483870967743,0.42109341839255526
101_1137,-0.3053763440860215,0.016552728702838415,-0.0144,Decreasing,0.8574193548387098,0.49068725827337506
101_1138,-0.07741935483870968,0.551927301016857,-0.0061111111111111045,No significant trend,1.4529032258064516,0.6638751998360355
101_1139,-0.621505376344086,9.832168288426146e-07,-0.0711111111111111,Decreasing,1.3209677419354837,0.8851183804138936
101_114,-0.15268817204301074,0.2341449862943059,0.0,No significant trend,0.7606451612903226,0.7951057364615138
101_1140,0.043010752688172046,0.7467467998855972,0.0,No significant trend,1.1448387096774193,0.9635213340047049
101_1141,-0.3935483870967742,0.0019791198223833018,-0.05571428571428571,Decreasing,2.065483870967742,0.8957132271121853
101_1142,-0.6408602150537634,4.4660907083660106e-07,-0.07,Decreasing,1.3593548387096772,0.830048329272579
101_1143,-0.4731182795698925,0.00019748250781770338,-0.06625,Decreasing,1.4670967741935486,1.0062199898899395
101_1144,-0.35698924731182796,0.005040894639046778,-0.02999999999999999,Decreasing,0.6090322580645161,0.5249046293634294
101_1145,-0.3247311827956989,0.010788909951167325,-0.0225,Decreasing,1.2232258064516133,0.4916292013215769
101_1146,-0.14408602150537633,0.2619630008374654,-0.016842105263157908,No significant trend,1.4770967741935483,0.645441552029592
101_1147,-0.0989247311827957,0.4443675620908478,0.0,No significant trend,0.24064516129032257,0.562195784310005
101_1148,0.021505376344086023,0.8784237055808175,0.003809523809523813,No significant trend,2.188064516129032,0.6142785926483652
101_1149,-0.4645161290322581,0.00025795530905270425,-0.04611111111111112,Decreasing,1.2661290322580645,0.6699575211346387
101_115,-0.22580645161290322,0.07712322019197049,-0.011818181818181818,No significant trend,0.7600000000000001,0.703346837764661
101_1150,-0.3333333333333333,0.008858992984779324,-0.07307692307692305,Decreasing,2.434838709677419,1.2815511542978713
101_1151,-0.44516129032258067,0.000463060547241545,-0.04461538461538462,Decreasing,1.3925806451612903,0.6340599734630556
101_1152,0.13118279569892474,0.30783043013369626,0.0,No significant trend,0.2780645161290322,0.5757319008393755
101_1153,-0.4731182795698925,0.00019748250781770338,-0.065,Decreasing,1.5367741935483872,0.8619684415178649
101_1154,-0.4021505376344086,0.001570485444849723,-0.037142857142857144,Decreasing,0.9290322580645162,0.6292717492810942
101_1155,0.3204301075268817,0.011887389113116376,0.10761904761904763,Increasing,3.2909677419354835,1.8880273966688939
101_1156,-0.2172043010752688,0.08919834224618706,-0.012500000000000002,No significant trend,1.0254838709677419,0.3375991009550541
101_1158,-0.06881720430107527,0.5982707245011594,0.0,No significant trend,0.6538709677419355,0.6015446644686298
101_1159,0.043010752688172046,0.7467467998855972,0.0047826086956521685,No significant trend,2.0735483870967744,0.6727533622126063
101_116,-0.06451612903225806,0.6220860087372633,0.0,No significant trend,0.10419354838709677,0.5706915679811893
101_1160,-0.4774193548387097,0.0001725072317639853,-0.049,Decreasing,1.9293548387096773,0.6599263667814471
101_1161,0.25591397849462366,0.0449013762794892,0.032857142857142856,Increasing,2.2258064516129035,0.7515908898894587
101_1162,-0.32688172043010755,0.010274278203273202,-0.04624999999999999,Decreasing,1.6590322580645158,0.7564874467061125
101_1163,-0.36989247311827955,0.0036562858092210604,-0.025333333333333333,Decreasing,1.1345161290322578,0.5926966188514313
101_1164,0.06451612903225806,0.6220860087372633,0.0,No significant trend,0.6103225806451612,0.5480551177306527
101_1165,-0.16344086021505377,0.2024043739887733,-0.003333333333333336,No significant trend,0.5025806451612902,0.36004451106491103
101_1166,-0.053763440860215055,0.6833368087995224,0.0,No significant trend,0.3529032258064516,0.43580991378964307
101_1167,-0.4064516129032258,0.0013967278652837756,-0.04047619047619048,Decreasing,0.9058064516129032,0.6337383921112844
101_1168,-0.5204301075268817,4.201023062511133e-05,-0.06999999999999999,Decreasing,1.3354838709677421,0.903408737235836
101_1169,-0.1870967741935484,0.14382566910763628,-0.01,No significant trend,0.6590322580645162,0.5474713416491854
101_117,-0.08817204301075268,0.49659521437046883,0.0,No significant trend,0.17612903225806448,0.5463348696562295
101_1170,-0.2,0.11789500171022893,-0.009999999999999998,No significant trend,0.6109677419354839,0.4274331099430019
101_1172,0.12258064516129032,0.34119875170636194,0.01529411764705881,No significant trend,1.9454838709677418,0.6647863528240819
101_1173,-0.35053763440860214,0.005897626336997419,-0.04894736842105263,Decreasing,1.1764516129032256,0.9119477502969081
101_1174,-0.12473118279569892,0.33264709898406286,0.0,No significant trend,0.5293548387096776,0.6571096804598195
101_1176,-0.2752688172043011,0.030885487177731763,-0.013333333333333334,Decreasing,0.913225806451613,0.4319601766051318
101_1177,-0.36989247311827955,0.0036562858092210604,-0.045500000000000006,Decreasing,1.5070967741935484,0.8448981368203492
101_1179,-0.42795698924731185,0.0007646309234956572,-0.048571428571428564,Decreasing,1.2445161290322582,0.7608053403262143
101_118,-0.23870967741935484,0.061538570047021235,0.0,No significant trend,0.7474193548387096,0.9861524050961915
101_1180,-0.4043010752688172,0.0014812606762657499,-0.03851851851851852,Decreasing,0.944516129032258,0.6145590536189469
101_1181,-0.2817204301075269,0.02713750593978581,-0.008000000000000007,Decreasing,0.47322580645161283,0.513755226622965
101_1182,0.04946236559139785,0.7084629632532715,0.0,No significant trend,0.18258064516129033,0.3948537315295495
101_1183,-0.23440860215053763,0.06641490832840091,0.0,No significant trend,0.47451612903225804,0.6119869211636292
101_1184,-0.4344086021505376,0.000634829801147152,-0.050909090909090904,Decreasing,0.8325806451612903,0.7665800370305618
101_1185,-0.05591397849462366,0.6709019753135215,0.0,No significant trend,0.39774193548387105,0.46651563385219147
101_1186,-0.2645161290322581,0.038119926564599727,-0.0246153846153846,Decreasing,1.2716129032258063,0.5160963699342529
101_1187,-0.11397849462365592,0.3767967991819643,-0.012,No significant trend,1.2583870967741932,0.592991849882488
101_1188,0.0064516129032258064,0.9728828650934778,0.0,No significant trend,0.704516129032258,0.7069235424719879
101_1189,-0.24516129032258063,0.05478277122914399,-0.023571428571428577,No significant trend,0.8538709677419356,0.5345282962385701
101_119,-0.45161290322580644,0.0003819501147899196,-0.058461538461538454,Decreasing,0.9716129032258063,0.936493448556019
101_1190,-0.24946236559139784,0.050631724603018124,-0.015000000000000003,No significant trend,0.5158064516129033,0.3955867360830344
101_1191,-0.7634408602150538,1.779737912599444e-09,-0.16333333333333333,Decreasing,2.299354838709677,1.5951922434127896
101_1192,-0.3763440860215054,0.0031026895944057387,-0.02833333333333332,Decreasing,1.614838709677419,0.4872428749060597
101_1193,-0.4344086021505376,0.000634829801147152,-0.05590909090909091,Decreasing,1.4532258064516128,0.7584338153308124
101_1194,-0.5397849462365591,2.146270321023991e-05,-0.07153846153846155,Decreasing,1.9770967741935483,0.9000293670778179
101_1195,0.11182795698924732,0.3860421406420662,0.008333333333333328,No significant trend,1.2545161290322584,0.4809589796047423
101_1196,-0.7397849462365591,5.5503484031049766e-09,-0.1358823529411765,Decreasing,2.8003225806451613,1.5762501108868352
101_1197,-0.30752688172043013,0.015800509032550147,-0.021818181818181827,Decreasing,1.1051612903225805,0.508951299829694
101_1198,-0.3118279569892473,0.014385749502058731,-0.0352,Decreasing,1.0780645161290323,0.7400672129669283
101_1199,-0.5075268817204301,6.492456359774579e-05,-0.06444444444444446,Decreasing,1.447096774193548,0.9266596046514707
101_12,-0.1935483870967742,0.1303606801133712,-0.018846153846153846,No significant trend,1.238709677419355,0.5957902961639453
101_120,-0.35698924731182796,0.005040894639046778,-0.05136363636363636,Decreasing,1.1603225806451614,0.8943099118998807
101_1200,-0.17634408602150536,0.16860199558675504,-0.005909090909090906,No significant trend,0.5929032258064516,0.4312711410312176
101_1201,-0.34623655913978496,0.006539518436156966,-0.019999999999999987,Decreasing,1.0861290322580646,0.4414614835013271
101_1202,-0.2838709677419355,0.02597866016768635,-0.01916666666666666,Decreasing,0.7364516129032258,0.40209570668698796
101_1204,0.32688172043010755,0.010274278203273202,0.027333333333333328,Increasing,0.9451612903225806,0.4192918066773093
101_1206,-0.40860215053763443,0.0013166634131251964,-0.02066666666666667,Decreasing,0.5554838709677419,0.3852258550737135
101_1207,-0.010752688172043012,0.9457970432721066,0.0,No significant trend,0.8006451612903227,0.5280819552956199
101_121,-0.43010752688172044,0.000718850062535914,-0.04777777777777778,Decreasing,1.0364516129032257,0.6935999980796628
101_122,-0.6709677419354839,1.2509800617621636e-07,-0.06833333333333334,Decreasing,1.0067741935483872,0.7442657654740058
101_123,-0.7161290322580646,1.672965166399365e-08,-0.12399999999999999,Decreasing,2.1348387096774193,1.4421016718837643
101_124,-0.6150537634408603,1.2726449472033607e-06,-0.0661111111111111,Decreasing,1.5448387096774194,0.9821663710579001
101_125,-0.4559139784946237,0.00033547510719911244,-0.09571428571428571,Decreasing,1.4516129032258065,1.4775919747022435
101_126,-0.5763440860215053,5.677859565178522e-06,-0.12874999999999998,Decreasing,1.5280645161290323,1.521564176834078
101_127,-0.6580645161290323,2.172851072401727e-07,-0.13583333333333333,Decreasing,1.8422580645161293,1.5799156973782051
101_128,-0.4129032258064516,0.001169091409425116,-0.04000000000000001,Decreasing,1.243548387096774,0.6734578483209922
101_129,-0.3333333333333333,0.008858992984779324,-0.04285714285714283,Decreasing,1.2764516129032255,1.1123110158790057
101_13,-0.632258064516129,6.360064654931108e-07,-0.07291666666666667,Decreasing,1.4209677419354836,0.8682364581993284
101_130,-0.210752688172043,0.09921885768990202,-0.001176470588235295,No significant trend,0.49064516129032254,0.5696911188211413
101_131,-0.34623655913978496,0.006539518436156966,0.0,Decreasing,1.0858064516129031,1.4431166411480314
101_132,-0.030107526881720432,0.8251287015820885,0.0,No significant trend,0.1670967741935484,0.5209990003605488
101_133,-0.6129032258064516,1.3861735368436712e-06,-0.11166666666666666,Decreasing,1.5496774193548386,1.2928026166507967
101_134,-0.2731182795698925,0.032229828676073824,0.0,Decreasing,0.6861290322580645,0.9814198977037001
101_135,-0.34408602150537637,0.006883461529839208,-0.02888888888888889,Decreasing,0.9070967741935484,0.7450706550102051
101_136,-0.017204301075268817,0.9052952265477159,0.0,No significant trend,0.2303225806451613,0.6414322877846851
101_137,0.0,1.0,0.0,No significant trend,0.0,0.0
101_138,-0.034408602150537634,0.7987646104203716,0.0,No significant trend,0.2670967741935484,0.5046825482476318
101_139,-0.3225806451612903,0.01132633122265525,0.0,Decreasing,0.29580645161290314,0.4729030057650327
101_14,0.2021505376344086,0.11395424835779155,0.018750000000000003,No significant trend,2.3054838709677425,0.6121661102299342
101_140,0.10967741935483871,0.3954246967469044,0.0,No significant trend,0.8183870967741936,0.7475469422058048
101_141,-0.5075268817204301,6.492456359774579e-05,-0.046538461538461535,Decreasing,0.6374193548387096,0.6517567710869203
101_142,-0.3655913978494624,0.004073741154636101,-0.018750000000000003,Decreasing,0.5151612903225806,0.6258561669643972
101_143,-0.3032258064516129,0.017336219440732936,0.0,Decreasing,0.5590322580645162,0.7721497215616959
101_144,-0.3720430107526882,0.0034624952577932966,0.0,Decreasing,0.4390322580645161,0.8735147942270989
101_145,-0.47096774193548385,0.00021120825007803212,-0.11,Decreasing,1.2480645161290322,1.8270713730692845
101_146,-0.578494623655914,5.237567391791487e-06,-0.12449999999999999,Decreasing,2.2716129032258063,1.6619190166485318
101_147,-0.6430107526881721,4.0854560912073623e-07,-0.0753846153846154,Decreasing,1.3322580645161295,0.8342688886468174
101_148,-0.6236559139784946,9.016837949626932e-07,-0.0890909090909091,Decreasing,1.2638709677419355,0.9438858508737742
101_149,-0.6946236559139785,4.4286428968476343e-08,-0.09384615384615384,Decreasing,1.6770967741935483,1.189318572987957
101_15,-0.13548387096774195,0.29198463590975887,0.0,No significant trend,0.45483870967741935,0.5650570680156689
101_150,-0.6752688172043011,1.038365675665176e-07,-0.17999999999999997,Decreasing,1.84,1.8839988356958253
101_151,-0.06236559139784946,0.6341458536966633,0.0,No significant trend,0.8664516129032257,0.7269403329425935
101_152,-0.012903225806451613,0.9322756334126572,0.0,No significant trend,0.1867741935483871,0.4817735185800427
101_153,-0.6365591397849463,5.332578838501689e-07,-0.10800000000000001,Decreasing,1.6538709677419354,1.341678480352502
101_154,-0.6645161290322581,1.650774061889848e-07,-0.17655172413793105,Decreasing,2.634193548387097,1.812639804073941
101_155,-0.6559139784946236,2.379948262909437e-07,-0.094,Decreasing,1.4535483870967743,1.007518665118376
101_156,-0.5182795698924731,4.5202596182347676e-05,-0.1315,Decreasing,1.8138709677419356,1.6358714308249855
101_157,-0.4838709677419355,0.0001405505548264241,-0.06166666666666667,Decreasing,1.1783870967741938,0.9068808534830536
101_158,-0.46236559139784944,0.00027558237497360416,-0.06727272727272728,Decreasing,1.5974193548387094,0.9672107144138773
101_159,-0.34838709677419355,0.006211110408963716,0.0,Decreasing,0.44290322580645164,0.8679385794694977
101_16,-0.5483870967741935,1.5809977126357566e-05,-0.05000000000000001,Decreasing,1.2390322580645161,0.6222298861493891
101_160,-0.43010752688172044,0.000718850062535914,-0.05249999999999999,Decreasing,1.2316129032258063,1.094844507369598
101_161,-0.6946236559139785,4.4286428968476343e-08,-0.12842105263157896,Decreasing,2.522903225806451,1.660468634876597
101_162,-0.4774193548387097,0.0001725072317639853,-0.04714285714285714,Decreasing,1.63258064516129,0.6096903907136934
101_163,-0.46021505376344085,0.0002943335046816653,-0.05947368421052631,Decreasing,0.804516129032258,1.0193034899275897
101_164,-0.4021505376344086,0.001570485444849723,-0.038125,Decreasing,1.2348387096774194,0.6597207178786605
101_165,-0.35913978494623655,0.004781376457623443,-0.05499999999999994,Decreasing,2.427741935483871,0.8668285155312956
101_166,-0.25591397849462366,0.0449013762794892,-0.04142857142857143,Decreasing,1.9564516129032254,0.9283406924222788
101_167,-0.6301075268817204,6.942911805474239e-07,-0.07444444444444444,Decreasing,1.7299999999999998,0.9230803970157956
101_168,-0.32688172043010755,0.010274278203273202,-0.03470588235294117,Decreasing,1.0225806451612902,0.6051124541818945
101_169,-0.8236559139784946,8.434986042971104e-11,-0.20240000000000002,Decreasing,3.3693548387096777,2.1329155201331758
101_17,-0.210752688172043,0.09921885768990202,-0.01200000000000001,No significant trend,0.7761290322580646,0.6354661860974643
101_170,-0.5935483870967742,2.9536822572229227e-06,-0.1111111111111111,Decreasing,1.7870967741935486,1.364225394177453
101_171,-0.6903225806451613,5.362454658097704e-08,-0.20058823529411765,Decreasing,3.321612903225806,2.006963838776396
101_172,-0.7462365591397849,4.083862803483385e-09,-0.2214285714285714,Decreasing,3.4051612903225807,2.2499044724778328
101_173,-0.632258064516129,6.360064654931108e-07,-0.07000000000000002,Decreasing,1.3267741935483872,1.201835658071205
101_174,-0.6709677419354839,1.2509800617621636e-07,-0.06285714285714286,Decreasing,1.4351612903225806,0.9077368915649581
101_175,-0.31827956989247314,0.012472954020329219,-0.04250000000000009,Decreasing,2.327741935483871,0.8644659349896584
101_176,-0.4774193548387097,0.0001725072317639853,-0.06413793103448276,Decreasing,2.0580645161290323,0.9292849118814812
101_177,-0.6774193548387096,9.456222072046216e-08,-0.135,Decreasing,2.595483870967742,1.5756367657178447
101_178,-0.5440860215053763,1.843097094700319e-05,-0.11759999999999998,Decreasing,2.322258064516129,1.4600170340973144
101_179,-0.5397849462365591,2.146270321023991e-05,-0.125,Decreasing,1.7177419354838708,1.6404104712076992
101_18,0.421505376344086,0.0009187244818718021,0.07666666666666669,Increasing,2.526774193548387,1.2132956640350634
101_180,-0.4344086021505376,0.000634829801147152,-0.048,Decreasing,2.148387096774194,0.9152193348051868
101_181,-0.1956989247311828,0.12609656894220533,-0.015714285714285712,No significant trend,1.1177419354838711,0.9803906715624015
101_182,-0.6236559139784946,9.016837949626932e-07,-0.08722222222222221,Decreasing,1.154516129032258,0.9478186797799748
101_183,-0.04516129032258064,0.7339104943970112,0.0,No significant trend,0.18741935483870967,0.6087001896793797
101_184,-0.3741935483870968,0.0032780980642772573,-0.024,Decreasing,0.8003225806451613,0.5045565531202286
101_185,-0.6860215053763441,6.48588167617703e-08,-0.21833333333333335,Decreasing,4.8106451612903225,2.6970580572935523
101_186,-0.2731182795698925,0.032229828676073824,0.0,Decreasing,0.6483870967741936,0.9348593020728928
101_187,-0.04946236559139785,0.7084629632532715,0.0,No significant trend,0.8596774193548387,1.3711108843678725
101_188,0.44516129032258067,0.000463060547241545,0.044210526315789464,Increasing,0.8677419354838711,0.6241521199888506
101_189,0.05591397849462366,0.6709019753135215,0.0,No significant trend,0.30516129032258066,0.49904341376692024
101_19,-0.14623655913978495,0.2548032960076365,0.0,No significant trend,0.18870967741935482,0.301894469229744
101_191,-0.03225806451612903,0.8119200006410021,0.0,No significant trend,0.11741935483870966,0.3587430362766685
101_192,0.002150537634408602,1.0,0.0,No significant trend,0.20516129032258065,0.3857282259674711
101_193,-0.1827956989247312,0.1533785068859166,0.0,No significant trend,0.5667741935483871,1.1710662004283274
101_194,-0.05591397849462366,0.6709019753135215,-0.006999999999999984,No significant trend,2.6229032258064513,0.8218672428247178
101_195,0.35268817204301073,0.005598474454852953,0.10285714285714288,Increasing,2.466774193548387,1.925942395374734
101_196,-0.32688172043010755,0.010274278203273202,0.0,Decreasing,0.9125806451612904,1.2091024870297469
101_197,-0.43010752688172044,0.000718850062535914,-0.04846153846153846,Decreasing,0.6241935483870968,0.8457932874642994
101_198,-0.2838709677419355,0.02597866016768635,-0.0409090909090909,Decreasing,2.960645161290322,0.841867875174472
101_199,-0.3247311827956989,0.010788909951167325,0.0,Decreasing,0.807741935483871,1.004032866951493
101_2,-0.35268817204301073,0.005598474454852953,0.0,Decreasing,0.2906451612903226,0.5152946885278112
101_20,-0.4989247311827957,8.630833449374542e-05,-0.044999999999999984,Decreasing,0.6119354838709679,0.5626803329848945
101_200,-0.22580645161290322,0.07712322019197049,0.0,No significant trend,0.9251612903225807,1.4240103999433156
101_201,-0.07526881720430108,0.5633463699559165,0.0,No significant trend,0.5319354838709678,0.8085088598666252
101_202,-0.3763440860215054,0.0031026895944057387,-0.0475,Decreasing,1.213548387096774,0.7990177372454771
101_203,-0.047311827956989246,0.721148135879736,-0.0025000000000000022,No significant trend,0.9948387096774195,0.3316514976913502
101_204,-0.3763440860215054,0.0031026895944057387,-0.003333333333333336,Decreasing,0.43709677419354837,0.5731868667224873
101_205,-0.16344086021505377,0.2024043739887733,-0.009545454545454544,No significant trend,0.980967741935484,0.47924910916645075
101_206,-0.08172043010752689,0.5294358519548577,0.0,No significant trend,0.21967741935483873,0.5143080780694911
101_207,-0.7956989247311828,3.5717806490254134e-10,-0.15478260869565216,Decreasing,2.8474193548387103,1.7740876214712868
101_208,-0.24301075268817204,0.05696246823315332,-0.015000000000000013,No significant trend,1.0674193548387099,0.49075956758251515
101_209,-0.4860215053763441,0.00013120067777006028,-0.056666666666666664,Decreasing,0.6896774193548388,0.8419619325965558
101_21,-0.05591397849462366,0.6709019753135215,-0.0037500000000000033,No significant trend,1.6045161290322576,0.4575308112993501
101_210,-0.1913978494623656,0.13473584102323688,-0.030555555555555558,No significant trend,2.133225806451613,0.807722353673804
101_211,-0.27956989247311825,0.028340697604201104,-0.03294117647058824,Decreasing,1.5083870967741935,0.5972036815466408
101_212,-0.12688172043010754,0.3242351019547285,0.0,No significant trend,0.7941935483870968,0.8803253584513911
101_213,-0.09032258064516129,0.4858947339033992,0.0,No significant trend,0.4051612903225806,0.6577129041671698
101_214,0.13548387096774195,0.29198463590975887,0.023199999999999995,No significant trend,2.853870967741936,1.3837552399163076
101_215,-0.4774193548387097,0.0001725072317639853,-0.1035,Decreasing,1.9,1.2869017557810145
101_216,-0.5806451612903226,4.830075495565467e-06,-0.08166666666666667,Decreasing,1.7935483870967743,1.087386770930276
101_217,-0.3096774193548387,0.015078520915366989,-0.032857142857142856,Decreasing,1.6158064516129038,0.5995523824597943
101_218,-0.43010752688172044,0.000718850062535914,-0.06,Decreasing,1.0348387096774192,1.087577571479585
101_219,0.010752688172043012,0.9457970432721066,0.0,No significant trend,0.562258064516129,0.8330500108033607
101_22,-0.24731182795698925,0.05267307614212502,0.0,No significant trend,0.5387096774193548,0.6323266914697317
101_220,-0.060215053763440864,0.6463036389969625,0.0,No significant trend,1.4719354838709675,0.9904330084487117
101_221,-0.18064516129032257,0.158332321603736,-0.04950000000000001,No significant trend,3.2658064516129026,1.309855382792064
101_222,-0.3010752688172043,0.018152045535652528,-0.020476190476190474,Decreasing,0.8412903225806451,0.9057904832706992
101_223,-0.053763440860215055,0.6833368087995224,-0.0019999999999999575,No significant trend,1.7051612903225808,0.9209282517944456
101_224,0.1053763440860215,0.4145985082462331,0.010000000000000009,No significant trend,1.7151612903225808,0.44275436259661527
101_225,-0.3849462365591398,0.002483355213678262,-0.03166666666666667,Decreasing,0.9764516129032258,0.6376294220915104
101_226,0.23010752688172043,0.07160518117391312,0.31,No significant trend,9.835483870967742,5.2246202755734705
101_227,-0.46236559139784944,0.00027558237497360416,-0.046875,Decreasing,1.5512903225806456,0.6398827611139902
101_228,-0.3827956989247312,0.002626567745024566,-0.03600000000000001,Decreasing,0.726774193548387,0.58223920977425
101_229,-0.1870967741935484,0.14382566910763628,-0.03200000000000003,No significant trend,3.1158064516129036,1.4638763701403035
101_23,-0.16774193548387098,0.19062782292334934,0.0,No significant trend,0.38870967741935486,0.5266065553142081
101_230,-0.021505376344086023,0.8784237055808175,0.0,No significant trend,0.7996774193548388,0.4253156996030409
101_231,-0.2021505376344086,0.11395424835779155,-0.04173913043478262,No significant trend,2.745161290322581,1.0732310906721962
101_232,-0.03225806451612903,0.8119200006410021,-0.0040000000000000036,No significant trend,2.6712903225806452,0.962422152479756
101_233,-0.4043010752688172,0.0014812606762657499,-0.09285714285714285,Decreasing,3.196451612903226,1.510707051696584
101_234,-0.5075268817204301,6.492456359774579e-05,-0.12333333333333307,Decreasing,3.286774193548387,1.5110419116255067
101_235,-0.33548387096774196,0.008427504795672336,-0.0445,Decreasing,1.0196774193548386,0.9016382361263043
101_236,-0.3311827956989247,0.009310109795033439,-0.007200000000000007,Decreasing,0.9906451612903227,1.1845291305773213
101_237,-0.34623655913978496,0.006539518436156966,-0.030909090909090907,Decreasing,1.096451612903226,0.6330497019018678
101_238,-0.09462365591397849,0.46487326576717747,0.0,No significant trend,0.38096774193548383,0.6529899215677792
101_239,-0.31827956989247314,0.012472954020329219,-0.02571428571428572,Decreasing,0.8074193548387096,0.43249439856104555
101_24,0.012903225806451613,0.9322756334126572,0.0,No significant trend,0.18967741935483873,0.4352417487014487
101_240,-0.23010752688172043,0.07160518117391312,0.0,No significant trend,0.7474193548387097,0.876182952400355
101_241,-0.33763440860215055,0.008014910367279748,-0.03764705882352941,Decreasing,0.7506451612903224,0.7733251850492299
101_242,0.060215053763440864,0.6463036389969625,0.0,No significant trend,0.14903225806451612,0.38726797289523573
101_243,-0.36989247311827955,0.0036562858092210604,-0.021000000000000005,Decreasing,0.7145161290322581,0.6555118104281739
101_244,-0.4129032258064516,0.001169091409425116,-0.028181818181818176,Decreasing,1.0832258064516131,0.47018450116999677
101_245,-0.621505376344086,9.832168288426146e-07,-0.034166666666666665,Decreasing,0.6112903225806453,0.3851915479550726
101_246,-0.6387096774193548,4.880823591957295e-07,-0.07181818181818182,Decreasing,1.2090322580645163,0.7473279490796169
101_247,-0.46881720430107526,0.00022582615287181085,-0.0625,Decreasing,1.0412903225806454,0.7774430460852728
101_248,-0.3634408602150538,0.004298292024715877,-0.04818181818181819,Decreasing,1.0561290322580645,0.7189852949250203
101_249,-0.11397849462365592,0.3767967991819643,0.0,No significant trend,0.11129032258064517,0.42382849495067454
101_25,-0.15913978494623657,0.21470238954837217,0.0,No significant trend,0.5090322580645161,0.6144725240646525
101_250,-0.8279569892473119,6.726863510664316e-11,-0.22307692307692312,Decreasing,3.225483870967742,2.0700223447596815
101_251,-0.6043010752688172,1.945575674344724e-06,-0.04714285714285714,Decreasing,1.0893548387096772,0.5633879971918222
101_252,-0.7161290322580646,1.672965166399365e-08,-0.08533333333333332,Decreasing,1.5499999999999998,0.8642281658107684
101_253,-0.24731182795698925,0.05267307614212502,0.0,No significant trend,0.4167741935483871,0.8245443985259245
101_254,-0.25161290322580643,0.04865707312578982,-0.017916666666666668,Decreasing,0.8751612903225805,0.6475754830469544
101_255,0.04516129032258064,0.7339104943970112,0.0,No significant trend,0.1858064516129032,0.5720860198885522
101_256,0.017204301075268817,0.9052952265477159,0.0,No significant trend,0.7058064516129033,0.6142804560362101
101_257,-0.17419354838709677,0.1739206495334844,0.0,No significant trend,0.1338709677419355,0.412597416996237
101_258,-0.07741935483870968,0.551927301016857,0.0,No significant trend,0.15354838709677418,0.42676236786580746
101_259,-0.6365591397849463,5.332578838501689e-07,-0.23571428571428577,Decreasing,6.548387096774195,2.5775621099793598
101_26,-0.2129032258064516,0.09578337281012361,0.0,No significant trend,0.2980645161290323,0.5661837120914633
101_260,-0.45806451612903226,0.0003142746175728295,-0.08555555555555554,Decreasing,3.6551612903225803,1.1831283598667204
101_261,-0.7333333333333333,7.524344702858343e-09,-0.16291666666666668,Decreasing,3.55,1.6751254165853742
101_262,-0.0967741935483871,0.45455525621868187,0.0,No significant trend,0.17225806451612902,0.5417040596501148
101_263,-0.010752688172043012,0.9457970432721066,0.0,No significant trend,0.08612903225806451,0.3381990005837357
101_264,-0.25591397849462366,0.0449013762794892,-0.013913043478260867,Decreasing,0.8948387096774195,0.7333655118598309
101_265,-0.15913978494623657,0.21470238954837217,-0.006153846153846125,No significant trend,1.1487096774193548,0.7777044049761135
101_266,-0.210752688172043,0.09921885768990202,0.0,No significant trend,0.9506451612903226,1.0018561337832732
101_267,-0.2537634408602151,0.04674749402400602,-0.011764705882352944,Decreasing,0.7254838709677418,0.44680831359173817
101_268,-0.15698924731182795,0.22104956212356597,0.0,No significant trend,0.19000000000000003,0.5858382469700174
101_269,-0.1827956989247312,0.1533785068859166,0.0,No significant trend,0.4980645161290323,0.8643491653889863
101_27,0.04086021505376344,0.7596537518193331,0.0,No significant trend,0.4196774193548387,0.6173381144515788
101_270,-0.5548387096774193,1.2534406496733652e-05,-0.07884615384615384,Decreasing,1.0325806451612902,0.9853637538327282
101_271,0.17419354838709677,0.1739206495334844,0.0,No significant trend,0.2712903225806452,0.5629630248299637
101_272,-0.08172043010752689,0.5294358519548577,0.0,No significant trend,0.32483870967741935,0.6210286522284278
101_273,-0.32903225806451614,0.009781611919498001,-0.019999999999999997,Decreasing,0.8180645161290322,0.4472310462623261
101_274,-0.053763440860215055,0.6833368087995224,0.0,No significant trend,0.49290322580645163,0.7824700078695672
101_275,0.2129032258064516,0.09578337281012361,0.007692307692307682,No significant trend,1.481935483870968,1.5591652426546025
101_276,0.3419354838709677,0.007243570523155052,0.04333333333333337,Increasing,0.989032258064516,1.029040752316039
101_277,-0.24086021505376345,0.05921383944155778,-0.02999999999999998,No significant trend,1.2012903225806453,0.7889795039468915
101_278,0.12688172043010754,0.3242351019547285,0.008571428571428574,No significant trend,1.4029032258064518,0.6854393154400209
101_279,-0.25591397849462366,0.0449013762794892,-0.032999999999999995,Decreasing,1.4287096774193546,0.7522171183455971
101_28,-0.17849462365591398,0.16340634586373248,-0.010000000000000009,No significant trend,0.7499999999999999,0.6592958120160748
101_280,-0.4774193548387097,0.0001725072317639853,-0.06260869565217392,Decreasing,1.7706451612903231,0.8957063728407623
101_281,-0.4258064516129032,0.0008131066227232697,-0.07714285714285717,Decreasing,1.4338709677419357,1.2090083310883342
101_282,-0.34408602150537637,0.006883461529839208,-0.08315789473684211,Decreasing,1.9158064516129032,1.4608013138918154
101_283,-0.030107526881720432,0.8251287015820885,-0.0026315789473684236,No significant trend,1.217741935483871,0.4263703499754519
101_284,-0.12258064516129032,0.34119875170636194,-0.009565217391304347,No significant trend,0.9464516129032258,0.5302923623758622
101_285,-0.5053763440860215,6.974277946447671e-05,-0.03200000000000001,Decreasing,0.5848387096774194,0.46267713934854665
101_286,-0.010752688172043012,0.9457970432721066,0.0,No significant trend,0.3364516129032258,0.7096275642312334
101_287,-0.030107526881720432,0.8251287015820885,0.0,No significant trend,0.3006451612903226,0.8079481598024711
101_288,-0.2021505376344086,0.11395424835779155,0.0,No significant trend,0.40354838709677415,0.5844023602163416
101_289,0.03655913978494624,0.7856661000859302,0.0,No significant trend,0.09709677419354838,0.36978802601374544
101_29,-0.5204301075268817,4.201023062511133e-05,-0.027647058823529417,Decreasing,0.3325806451612903,0.3881383835524136
101_290,-0.10967741935483871,0.3954246967469044,0.0,No significant trend,0.2967741935483871,0.5088658299418561
101_291,-0.08172043010752689,0.5294358519548577,-0.006521739130434788,No significant trend,1.3693548387096774,0.457065926520742
101_292,0.012903225806451613,0.9322756334126572,0.0,No significant trend,0.2948387096774194,0.8099019095036694
101_293,-0.16559139784946236,0.19645146482180031,0.0,No significant trend,0.21806451612903227,0.6777020915342723
101_294,-0.08172043010752689,0.5294358519548577,0.0,No significant trend,0.2874193548387097,0.4970491488772351
101_295,-0.13978494623655913,0.2766963536434415,0.0,No significant trend,0.28161290322580645,0.5874004886166295
101_296,-0.06881720430107527,0.5982707245011594,0.0,No significant trend,0.16580645161290322,0.5249686577037527
101_297,0.15053763440860216,0.2408949627928283,0.010000000000000009,No significant trend,1.3729032258064517,0.9592812953133096
101_298,0.24731182795698925,0.05267307614212502,0.0,No significant trend,0.7877419354838711,1.0089109736530495
101_299,-0.34408602150537637,0.006883461529839208,-0.033333333333333326,Decreasing,0.9119354838709678,0.6846775523386018
101_3,0.04946236559139785,0.7084629632532715,0.0,No significant trend,0.1735483870967742,0.5452347726769711
101_30,-0.7784946236559139,8.47815373461458e-10,-0.07190476190476189,Decreasing,1.2664516129032255,0.7726809147673998
101_300,-0.13118279569892474,0.30783043013369626,0.0,No significant trend,0.7419354838709677,0.9959576987870283
101_301,-0.06236559139784946,0.6341458536966633,0.0,No significant trend,0.37032258064516127,0.5458257069737008
101_302,-0.07526881720430108,0.5633463699559165,0.0,No significant trend,0.48709677419354835,0.7163896648647844
101_303,-0.16989247311827957,0.18493228677225515,0.0,No significant trend,0.3093548387096774,0.5590598991733207
101_304,-0.26666666666666666,0.036567588572864906,0.0,Decreasing,0.7619354838709678,1.07705218777574
101_305,-0.2731182795698925,0.032229828676073824,-0.008888888888888898,Decreasing,0.8216129032258065,0.6865063342244417
101_306,-0.5032258064516129,7.489794679416129e-05,-0.03833333333333333,Decreasing,1.277741935483871,0.6007613968817826
101_307,-0.11612903225806452,0.3676892969544798,-0.010624999999999996,No significant trend,1.691612903225807,0.6475616636433966
101_308,-0.053763440860215055,0.6833368087995224,-0.0040000000000000036,No significant trend,1.4561290322580647,0.7176964827942189
101_309,-0.4129032258064516,0.001169091409425116,-0.043846153846153854,Decreasing,1.3248387096774195,0.7354431228100904
101_31,-0.3634408602150538,0.004298292024715877,-0.007000000000000006,Decreasing,0.6777419354838712,0.8760420879468738
101_310,-0.10752688172043011,0.4049437537873102,-0.011428571428571439,No significant trend,1.3593548387096772,0.5778544044992369
101_311,-0.589247311827957,3.4837237237184127e-06,-0.055000000000000014,Decreasing,0.8774193548387096,0.6546014189488947
101_312,-0.21935483870967742,0.08604531406845561,0.0,No significant trend,0.6474193548387097,0.792891676862794
101_313,-0.27956989247311825,0.028340697604201104,-0.030555555555555558,Decreasing,1.8938709677419352,0.7101825182001652
101_314,-0.3419354838709677,0.007243570523155052,-0.031111111111111114,Decreasing,1.106451612903226,0.5917527185545948
101_315,-0.3978494623655914,0.0017639537009741524,-0.06913043478260869,Decreasing,1.5516129032258061,1.2893736833507103
101_316,-0.4559139784946237,0.00033547510719911244,-0.06333333333333334,Decreasing,1.7187096774193549,0.8331662961276829
101_317,-0.24516129032258063,0.05478277122914399,-0.03259259259259259,No significant trend,1.3396774193548386,1.1533107570786547
101_318,-0.42795698924731185,0.0007646309234956572,-0.09625,Decreasing,2.1670967741935483,1.3298973851958973
101_319,-0.3225806451612903,0.01132633122265525,0.0,Decreasing,0.6325806451612903,0.8434528410701223
101_32,-0.6365591397849463,5.332578838501689e-07,-0.1335294117647059,Decreasing,1.3819354838709679,1.4601865089771782
101_320,-0.02795698924731183,0.8383870987564421,0.0,No significant trend,0.5506451612903226,0.5464898870703239
101_321,-0.15913978494623657,0.21470238954837217,-0.0040000000000000036,No significant trend,0.6990322580645162,0.3332959049399495
101_322,-0.33763440860215055,0.008014910367279748,-0.048,Decreasing,1.313225806451613,0.9625684293958071
101_323,-0.09032258064516129,0.4858947339033992,-0.016250000000000004,No significant trend,1.4693548387096775,1.0180561347216217
101_324,-0.12258064516129032,0.34119875170636194,-0.021666666666666685,No significant trend,1.5545161290322578,1.1572487916903982
101_325,-0.4064516129032258,0.0013967278652837756,-0.06733333333333331,Decreasing,1.1838709677419357,1.2229516842706234
101_326,-0.025806451612903226,0.8516915353162966,0.0,No significant trend,0.6677419354838708,0.7021106873375973
101_327,-0.5526881720430108,1.354669150632759e-05,-0.04318181818181818,Decreasing,1.6509677419354838,0.5577914677906631
101_328,-0.2967741935483871,0.019885085312989492,-0.018260869565217396,Decreasing,0.9612903225806452,0.9425351604136711
101_329,-0.6064516129032258,1.7882246405864777e-06,-0.06434782608695652,Decreasing,1.6806451612903226,0.6958213317385384
101_33,-0.15483870967741936,0.22753013024096425,-0.01050000000000001,No significant trend,1.013548387096774,0.8041326659406907
101_330,-0.6559139784946236,2.379948262909437e-07,-0.10555555555555556,Decreasing,2.0316129032258066,1.122181334246066
101_331,-0.4043010752688172,0.0014812606762657499,-0.044285714285714296,Decreasing,1.432258064516129,0.6913927490238131
101_332,-0.6580645161290323,2.172851072401727e-07,-0.07166666666666667,Decreasing,1.4938709677419355,0.8798888398243554
101_333,-0.3247311827956989,0.010788909951167325,0.0,Decreasing,1.0025806451612904,1.5369302621111771
101_334,0.34623655913978496,0.006539518436156966,0.14411764705882352,Increasing,4.22,2.3712580028603027
101_335,-0.35698924731182796,0.005040894639046778,-0.04214285714285715,Decreasing,0.8277419354838711,0.8683306553099991
101_336,-0.22580645161290322,0.07712322019197049,-0.009666666666666667,No significant trend,0.8890322580645164,0.8260373921033877
101_337,-0.5290322580645161,3.125527522196414e-05,-0.07583333333333332,Decreasing,1.234193548387097,0.960697912284634
101_338,-0.37849462365591396,0.002935879872567604,-0.02318181818181818,Decreasing,1.2112903225806453,0.4888547639421429
101_339,-0.3096774193548387,0.015078520915366989,-0.021428571428571425,Decreasing,1.2,0.5809724883831114
101_34,-0.34623655913978496,0.006539518436156966,-0.037500000000000006,Decreasing,0.9903225806451613,0.7464085358524112
101_340,-0.7139784946236559,1.846351960210768e-08,-0.1409090909090909,Decreasing,2.1293548387096775,1.6680816400765457
101_341,-0.11827956989247312,0.3587201702049656,0.0,No significant trend,0.18548387096774194,0.5919123666049344
101_342,-0.6021505376344086,2.1161827552518275e-06,-0.07083333333333332,Decreasing,1.6129032258064517,0.8571678555395317
101_343,-0.4129032258064516,0.001169091409425116,-0.086,Decreasing,1.6958064516129032,1.3964396530013408
101_344,0.25161290322580643,0.04865707312578982,0.01863636363636363,Increasing,0.9341935483870967,0.8241937377690584
101_345,-0.44946236559139785,0.00040738224022218716,-0.044,Decreasing,1.3783870967741934,0.8359815431447445
101_346,-0.2967741935483871,0.019885085312989492,-0.03800000000000002,Decreasing,1.5016129032258063,0.7488576107136986
101_347,-0.5978494623655914,2.5014990017169225e-06,-0.1392857142857143,Decreasing,1.783548387096774,1.5961274675977415
101_348,-0.33978494623655914,0.007620496341621097,-0.030000000000000006,Decreasing,1.4654838709677418,0.5719792389063211
101_349,-0.1956989247311828,0.12609656894220533,0.0,No significant trend,1.02,1.1125675042948642
101_35,-0.2172043010752688,0.08919834224618706,-0.028666666666666677,No significant trend,1.5438709677419358,0.8779877191416628
101_350,-0.12258064516129032,0.34119875170636194,-0.0015789473684210541,No significant trend,1.2132258064516128,1.1029180857389889
101_351,-0.03225806451612903,0.8119200006410021,0.0,No significant trend,0.959677419354839,0.9475587780592881
101_352,-0.060215053763440864,0.6463036389969625,0.0,No significant trend,0.3180645161290323,0.6784109486089591
101_353,-0.15268817204301074,0.2341449862943059,-0.005833333333333339,No significant trend,0.7203225806451612,0.5666396924881081
101_354,-0.12043010752688173,0.34988986770468866,0.0,No significant trend,0.8254838709677418,0.8673944621483702
101_355,0.008602150537634409,0.959334085947048,0.0,No significant trend,0.5132258064516129,0.7603962765548916
101_356,-0.3247311827956989,0.010788909951167325,0.0,Decreasing,0.5780645161290323,0.9506514552590011
101_357,-0.12473118279569892,0.33264709898406286,0.0,No significant trend,0.24741935483870967,0.6469629681875427
101_358,-0.1032258064516129,0.42438806620665614,0.0,No significant trend,0.4970967741935484,0.872220723575607
101_359,-0.16559139784946236,0.19645146482180031,0.0,No significant trend,0.4145161290322581,0.777451746079324
101_36,-0.35913978494623655,0.004781376457623443,-0.055,Decreasing,1.028709677419355,1.333391847484679
101_360,-0.1827956989247312,0.1533785068859166,0.0,No significant trend,0.7490322580645161,0.924464465161595
101_361,-0.07311827956989247,0.5748781452473757,0.0,No significant trend,0.8138709677419356,0.9582735733678523
101_362,-0.05161290322580645,0.6958581513960522,0.0,No significant trend,0.05354838709677419,0.293296595309218
101_363,-0.2860215053763441,0.024862848209154853,-0.040999999999999995,Decreasing,1.8061290322580645,1.193638183195785
101_364,-0.5440860215053763,1.843097094700319e-05,-0.09500000000000004,Decreasing,1.6458064516129034,1.1629489051920594
101_365,0.05161290322580645,0.6958581513960522,0.0021739130434782626,No significant trend,1.4996774193548383,0.5319985682188333
101_366,0.2623655913978495,0.03972794794507628,0.046,Increasing,2.6087096774193546,0.9308467942806038
101_367,0.2903225806451613,0.022755199240110047,0.10090909090909093,Increasing,3.0822580645161293,1.8566631700314122
101_368,-0.05161290322580645,0.6958581513960522,0.0,No significant trend,0.16838709677419353,0.4499899409212177
101_369,0.12903225806451613,0.3159628698783248,0.0,No significant trend,0.970967741935484,1.049397230483535
101_37,-0.10967741935483871,0.3954246967469044,-0.002666666666666669,No significant trend,0.7538709677419354,0.6305792391912879
101_370,-0.004301075268817204,0.9864394742066862,-0.0003571428571428654,No significant trend,1.7538709677419353,0.5046345047167072
101_371,-0.5268817204301075,3.3667518407387576e-05,-0.08625,Decreasing,1.4074193548387095,1.0413451838288086
101_372,-0.31827956989247314,0.012472954020329219,-0.02954545454545454,Decreasing,1.1135483870967744,0.6363684689736365
101_373,-0.5505376344086022,1.4636673522749888e-05,-0.09000000000000002,Decreasing,1.8451612903225805,1.1152314123166052
101_374,-0.4129032258064516,0.001169091409425116,-0.05499999999999999,Decreasing,1.5774193548387097,0.871938765761847
101_375,-0.08387096774193549,0.5183675363290698,0.0,No significant trend,0.9909677419354839,0.8268531672853044
101_376,-0.5806451612903226,4.830075495565467e-06,-0.13000000000000003,Decreasing,2.3200000000000007,1.7421658748477056
101_377,-0.36774193548387096,0.003859889400894323,-0.07538461538461538,Decreasing,2.0032258064516126,1.7234481324195623
101_378,0.10752688172043011,0.4049437537873102,0.043000000000000003,No significant trend,2.5196774193548386,1.7295934332463292
101_379,-0.33978494623655914,0.007620496341621097,-0.027391304347826082,Decreasing,1.2445161290322577,0.5150373535446782
101_38,-0.5526881720430108,1.354669150632759e-05,-0.05368421052631579,Decreasing,1.4503225806451612,0.7616174802775394
101_380,-0.6580645161290323,2.172851072401727e-07,-0.055714285714285716,Decreasing,1.378064516129032,0.6336500476875571
101_381,-0.210752688172043,0.09921885768990202,-0.022222222222222216,No significant trend,1.8783870967741931,0.6099449831043388
101_382,-0.46021505376344085,0.0002943335046816653,-0.038888888888888876,Decreasing,1.1725806451612903,0.6570361984525687
101_383,-0.03870967741935484,0.7726279905852822,0.0,No significant trend,0.04096774193548387,0.2243895638811486
101_384,-0.07096774193548387,0.5865203757130351,0.0,No significant trend,0.08741935483870968,0.33288540837540653
101_385,-0.16774193548387098,0.19062782292334934,0.0,No significant trend,0.5858064516129032,0.7965197451880938
101_386,0.008602150537634409,0.959334085947048,0.0,No significant trend,0.8729032258064515,0.46491201767984286
101_387,-0.3204301075268817,0.011887389113116376,-0.03611111111111111,Decreasing,0.8761290322580644,0.7887993220379
101_388,-0.3096774193548387,0.015078520915366989,-0.026153846153846177,Decreasing,1.11258064516129,1.1978770676921775
101_389,-0.4645161290322581,0.00025795530905270425,-0.06807692307692308,Decreasing,1.4645161290322577,0.9909000102861114
101_39,-0.4064516129032258,0.0013967278652837756,-0.04892857142857143,Decreasing,1.0883870967741935,0.881853242029913
101_390,-0.2645161290322581,0.038119926564599727,0.0,Decreasing,0.6629032258064517,0.7570110731213275
101_391,-0.31827956989247314,0.012472954020329219,0.0,Decreasing,0.4883870967741936,0.7282506515248784
101_392,-0.2064516129032258,0.10638442840594231,-0.010714285714285707,No significant trend,0.8951612903225808,0.3649911264298471
101_393,-0.06236559139784946,0.6341458536966633,0.0,No significant trend,0.18774193548387097,0.5752514719523546
101_394,-0.2838709677419355,0.02597866016768635,-0.053000000000000026,Decreasing,2.1200000000000006,1.140297075044411
101_395,0.17204301075268819,0.17936364721043319,0.0,No significant trend,0.5229032258064517,0.7214286612101023
101_396,-0.07956989247311828,0.5406231028187141,0.0,No significant trend,0.0929032258064516,0.35380141640143087
101_397,-0.02795698924731183,0.8383870987564421,0.0,No significant trend,0.47290322580645167,0.6955072112906784
101_398,0.07311827956989247,0.5748781452473757,0.0045833333333333325,No significant trend,0.915483870967742,0.6268654159704891
101_399,0.01935483870967742,0.8918439412522505,0.0,No significant trend,0.4835483870967742,0.8318713780351941
101_4,-0.08172043010752689,0.5294358519548577,0.0,No significant trend,0.22322580645161294,0.509948682407226
101_40,-0.6129032258064516,1.3861735368436712e-06,-0.086,Decreasing,1.4435483870967742,1.0523140350217943
101_400,-0.16129032258064516,0.20848766222654147,-0.008260869565217389,No significant trend,1.0816129032258064,0.4906618096473476
101_401,0.008602150537634409,0.959334085947048,0.0,No significant trend,0.7458064516129033,0.6059265056761894
101_402,-0.16774193548387098,0.19062782292334934,-0.031764705882352945,No significant trend,1.691935483870968,1.0502332132861167
101_403,-0.13763440860215054,0.28427093926275426,-0.014800000000000004,No significant trend,1.1241935483870966,0.8032023574760915
101_404,-0.0967741935483871,0.45455525621868187,0.0,No significant trend,0.4270967741935484,0.7365840667628843
101_405,-0.03225806451612903,0.8119200006410021,0.0,No significant trend,0.4625806451612903,0.46951565807092865
101_406,-0.09032258064516129,0.4858947339033992,0.0,No significant trend,0.8903225806451612,0.9550290786688213
101_407,-0.0989247311827957,0.4443675620908478,-0.01157894736842104,No significant trend,2.1570967741935485,1.4077279648045715
101_408,-0.16344086021505377,0.2024043739887733,-0.015882352941176472,No significant trend,2.3464516129032256,0.6367991955087761
101_409,-0.3741935483870968,0.0032780980642772573,-0.06608695652173914,Decreasing,2.4954838709677425,1.3589294617447658
101_41,-0.4645161290322581,0.00025795530905270425,-0.037142857142857144,Decreasing,1.4503225806451612,0.5200030016722779
101_410,-0.22365591397849463,0.08000950089470127,-0.034499999999999996,No significant trend,3.4932258064516133,0.9422395664714731
101_411,0.13763440860215054,0.28427093926275426,0.024999999999999998,No significant trend,2.7580645161290316,0.926458464347026
101_412,-0.1935483870967742,0.1303606801133712,-0.04039999999999999,No significant trend,2.5893548387096774,1.2927488479077867
101_413,0.13548387096774195,0.29198463590975887,0.020000000000000018,No significant trend,2.824516129032258,0.8233794982430345
101_414,-0.44086021505376344,0.0005257753160301526,-0.05299999999999999,Decreasing,0.8303225806451613,0.921553680620021
101_415,-0.17204301075268819,0.17936364721043319,0.0,No significant trend,0.633225806451613,0.7746690743910575
101_416,-0.4559139784946237,0.00033547510719911244,-0.07749999999999996,Decreasing,1.155483870967742,1.1262407887552217
101_417,-0.021505376344086023,0.8784237055808175,0.0,No significant trend,0.7451612903225807,0.7021941233652256
101_418,-0.3204301075268817,0.011887389113116376,0.0,Decreasing,0.41096774193548385,0.7286237793694652
101_419,-0.043010752688172046,0.7467467998855972,-0.007826086956521747,No significant trend,3.3280645161290323,1.6597676078194503
101_42,0.18494623655913978,0.14854345071667052,0.0,No significant trend,0.7838709677419355,1.3966380772535694
101_420,0.07311827956989247,0.5748781452473757,0.0050000000000000044,No significant trend,1.931290322580645,0.8782561237694877
101_421,0.4946236559139785,9.934770157715711e-05,0.11785714285714288,Increasing,3.6209677419354844,1.8018473581813814
101_422,0.2967741935483871,0.019885085312989492,0.06421052631578948,Increasing,1.943548387096774,1.4292239003515539
101_423,-0.4258064516129032,0.0008131066227232697,-0.10000000000000009,Decreasing,3.2206451612903217,1.5921378111122673
101_424,-0.632258064516129,6.360064654931108e-07,-0.24833333333333338,Decreasing,3.1729032258064516,2.719339570614927
101_425,-0.17849462365591398,0.16340634586373248,0.0,No significant trend,0.6025806451612903,0.7173606091056005
101_426,0.10967741935483871,0.3954246967469044,0.01266666666666667,No significant trend,1.3877419354838711,0.8142588542900853
101_427,-0.7763440860215054,9.433585024254398e-10,-0.31833333333333336,Decreasing,4.43967741935484,3.2348360719008253
101_428,0.16774193548387098,0.19062782292334934,0.02076923076923077,No significant trend,2.8932258064516128,0.7553097510155606
101_429,-0.2064516129032258,0.10638442840594231,-0.024285714285714282,No significant trend,1.45741935483871,0.925572073288297
101_43,-0.2064516129032258,0.10638442840594231,-0.03375,No significant trend,1.6293548387096777,1.0502194409215104
101_430,-0.05161290322580645,0.6958581513960522,-0.004285714285714289,No significant trend,0.9551612903225807,0.3036431582200049
101_431,-0.14408602150537633,0.2619630008374654,0.0,No significant trend,0.18935483870967743,0.4502181226477427
101_432,-0.2946236559139785,0.020804552083621086,-0.031000000000000007,Decreasing,2.009677419354839,0.585141195372854
101_433,-0.6301075268817204,6.942911805474239e-07,-0.03785714285714286,Decreasing,0.8167741935483872,0.4400908051225132
101_434,0.07096774193548387,0.5865203757130351,0.0,No significant trend,0.6435483870967742,1.1103575372653236
101_435,0.1827956989247312,0.1533785068859166,0.007777777777777778,No significant trend,0.910967741935484,0.4523583709113945
101_436,0.2838709677419355,0.02597866016768635,0.0,Decreasing,0.812258064516129,1.319488438696724
101_437,0.21935483870967742,0.08604531406845561,0.03399999999999999,No significant trend,1.4158064516129032,1.2373769712543685
101_438,0.3096774193548387,0.015078520915366989,0.023,Increasing,0.8616129032258065,0.9804511692671786
101_439,0.47096774193548385,0.00021120825007803212,0.0536,Increasing,0.7525806451612904,0.8184366203689044
101_44,-0.34623655913978496,0.006539518436156966,-0.03263157894736843,Decreasing,1.3925806451612903,0.7585638712212468
101_440,-0.36129032258064514,0.004534009191836885,-0.03000000000000001,Decreasing,1.1748387096774193,0.6921768884852872
101_441,-0.002150537634408602,1.0,0.0,No significant trend,0.5958064516129032,0.6833162692555655
101_442,-0.5311827956989247,2.9007853530993444e-05,-0.06666666666666665,Decreasing,2.0622580645161293,0.7949222306348868
101_443,-0.6021505376344086,2.1161827552518275e-06,-0.05500000000000001,Decreasing,1.0838709677419356,0.6418455116069841
101_444,-0.06666666666666667,0.6101267703127584,0.0,No significant trend,1.2658064516129033,1.2029017984576174
101_445,-0.07526881720430108,0.5633463699559165,0.0,No significant trend,0.4606451612903226,0.803150793232588
101_446,0.07311827956989247,0.5748781452473757,0.0,No significant trend,0.5493548387096774,0.7084418863587575
101_447,-0.11612903225806452,0.3676892969544798,-0.006666666666666672,No significant trend,1.0490322580645162,0.6231312958459423
101_448,-0.45161290322580644,0.0003819501147899196,-0.03222222222222223,Decreasing,1.322258064516129,0.7674285074506073
101_449,-0.589247311827957,3.4837237237184127e-06,-0.26375,Decreasing,3.496451612903226,3.089343335995319
101_45,-0.6365591397849463,5.332578838501689e-07,-0.03874999999999999,Decreasing,1.0574193548387096,0.5455980308233283
101_450,0.2817204301075269,0.02713750593978581,0.04625000000000001,Increasing,2.149032258064516,0.8649682255536799
101_451,-0.33763440860215055,0.008014910367279748,-0.05571428571428571,Decreasing,1.2287096774193547,1.0466436123135088
101_452,0.12688172043010754,0.3242351019547285,0.0,No significant trend,1.033548387096774,0.9421339826198161
101_453,0.36774193548387096,0.003859889400894323,0.06192307692307693,Increasing,2.5154838709677425,1.3449639369423028
101_454,0.42795698924731185,0.0007646309234956572,0.058620689655172406,Increasing,1.9622580645161292,0.887852464049537
101_455,-0.06236559139784946,0.6341458536966633,0.0,No significant trend,0.5216129032258066,0.7493399107007385
101_456,-0.40860215053763443,0.0013166634131251964,-0.044,Decreasing,1.3212903225806452,0.6352126488516945
101_457,-0.13978494623655913,0.2766963536434415,-0.006000000000000005,No significant trend,0.6216129032258065,0.48408274935242585
101_458,-0.2645161290322581,0.038119926564599727,-0.04000000000000001,Decreasing,1.3412903225806452,1.5016630392517272
101_459,-0.5655913978494623,8.465459469420011e-06,-0.10615384615384614,Decreasing,1.3329032258064517,1.3868209027993512
101_46,-0.6021505376344086,2.1161827552518275e-06,-0.13200000000000003,Decreasing,2.2203225806451616,1.3897493017620763
101_460,-0.3634408602150538,0.004298292024715877,-0.023333333333333334,Decreasing,0.6751612903225808,0.4248557323848539
101_461,0.03655913978494624,0.7856661000859302,0.0,No significant trend,0.08806451612903225,0.33764286682097755
101_462,-0.45806451612903226,0.0003142746175728295,-0.06375000000000001,Decreasing,1.0103225806451612,0.904506580410692
101_463,-0.3870967741935484,0.002347320421192567,-0.06538461538461539,Decreasing,0.9803225806451613,1.035014364466216
101_464,-0.26881720430107525,0.035069438571895484,-0.041666666666666664,Decreasing,1.4109677419354838,1.123339936022326
101_465,-0.3311827956989247,0.009310109795033439,-0.04749999999999999,Decreasing,1.622258064516129,0.916633777355931
101_466,-0.3225806451612903,0.01132633122265525,-0.03578947368421054,Decreasing,1.5596774193548388,0.7627728866359165
101_467,-0.27956989247311825,0.028340697604201104,-0.04416666666666669,Decreasing,1.4574193548387098,0.9864402201920232
101_468,-0.2172043010752688,0.08919834224618706,0.0,No significant trend,0.3754838709677419,0.5433162134561885
101_469,-0.610752688172043,1.5094086633915538e-06,-0.051000000000000004,Decreasing,0.8677419354838709,0.6795288200464152
101_47,-0.0989247311827957,0.4443675620908478,0.0,No significant trend,0.43096774193548393,1.031883198062304
101_470,-0.13548387096774195,0.29198463590975887,0.0,No significant trend,0.3574193548387096,0.5355489661172554
101_471,-0.21505376344086022,0.09244378064522207,0.0,No significant trend,0.24677419354838712,0.4717051231489805
101_472,0.05806451612903226,0.6585566199856316,0.00714285714285715,No significant trend,1.711290322580645,0.8138151566917307
101_473,-0.4129032258064516,0.001169091409425116,-0.018,Decreasing,0.8161290322580647,0.39366497479828516
101_474,-0.04516129032258064,0.7339104943970112,0.0,No significant trend,0.47838709677419355,0.7601786580084784
101_475,-0.021505376344086023,0.8784237055808175,0.0,No significant trend,1.0261290322580645,0.7510580812528366
101_476,-0.12043010752688173,0.34988986770468866,-0.01727272727272725,No significant trend,2.566129032258064,1.0490569572142918
101_477,-0.11182795698924732,0.3860421406420662,-0.013333333333333324,No significant trend,2.208709677419354,1.2644793444287625
101_478,-0.7548387096774194,2.7020465864779908e-09,-0.21750000000000003,Decreasing,3.387096774193549,2.262539528862869
101_479,-0.05591397849462366,0.6709019753135215,0.0,No significant trend,1.3777419354838711,1.1617303825715337
101_48,0.12043010752688173,0.34988986770468866,0.0,No significant trend,1.0729032258064515,1.4004542893080112
101_480,0.07956989247311828,0.5406231028187141,0.013157894736842105,No significant trend,2.4677419354838706,0.9171579864518342
101_481,-0.7440860215053764,4.52490889202295e-09,-0.12499999999999996,Decreasing,2.843225806451613,1.3509265329389837
101_482,-0.7182795698924731,1.5154345778256584e-08,-0.3871428571428571,Decreasing,5.1164516129032265,4.095821276017551
101_483,0.09032258064516129,0.4858947339033992,0.02649999999999999,No significant trend,4.027096774193548,1.9534604424743733
101_484,0.010752688172043012,0.9457970432721066,0.0004761904761904766,No significant trend,3.0496774193548393,1.4036760123171697
101_485,0.0967741935483871,0.45455525621868187,0.0,No significant trend,0.17451612903225808,0.2642681764698372
101_486,-0.221505376344086,0.08298294959133434,-0.02999999999999999,No significant trend,1.5899999999999996,1.049675833216479
101_487,-0.13978494623655913,0.2766963536434415,-0.011428571428571439,No significant trend,2.6938709677419364,0.5796254486908172
101_488,-0.15053763440860216,0.2408949627928283,0.0,No significant trend,0.7138709677419355,1.239020626294387
101_489,-0.23440860215053763,0.06641490832840091,0.0,No significant trend,0.2812903225806452,0.5847786564189237
101_49,-0.0064516129032258064,0.9728828650934778,0.0,No significant trend,0.5461290322580645,1.041923399510468
101_490,0.23655913978494625,0.06393835708593554,0.05999999999999996,No significant trend,2.2787096774193554,2.000728483352975
101_492,-0.22795698924731184,0.07432236131839742,-0.02642857142857142,No significant trend,1.1403225806451613,1.001909415359936
101_493,-0.589247311827957,3.4837237237184127e-06,-0.06944444444444445,Decreasing,2.048387096774194,0.7939127146879462
101_494,-0.33548387096774196,0.008427504795672336,-0.06375,Decreasing,2.9867741935483867,1.4043696487398782
101_495,-0.17849462365591398,0.16340634586373248,-0.038235294117647055,No significant trend,3.414838709677419,0.9606075730855461
101_496,-0.16129032258064516,0.20848766222654147,-0.02250000000000002,No significant trend,2.0816129032258064,0.9921078790658173
101_497,-0.015053763440860216,0.9187737391879132,0.0,No significant trend,0.395483870967742,0.8207621898701837
101_498,-0.17634408602150536,0.16860199558675504,0.0,No significant trend,1.02,1.2498567659871553
101_499,-0.410752688172043,0.0012408530273542162,-0.12363636363636367,Decreasing,5.713225806451613,1.788754093517598
101_5,-0.053763440860215055,0.6833368087995224,-0.003333333333333336,No significant trend,1.4929032258064516,0.6859379899951791
101_50,0.22365591397849463,0.08000950089470127,0.02857142857142857,No significant trend,1.2580645161290323,0.8086245564271616
101_500,-0.40860215053763443,0.0013166634131251964,-0.0519047619047619,Decreasing,1.166774193548387,0.8936059140676094
101_501,0.11182795698924732,0.3860421406420662,0.013749999999999984,No significant trend,2.334838709677419,0.8659317970898391
101_502,-0.2021505376344086,0.11395424835779155,-0.013333333333333336,No significant trend,1.165483870967742,0.8274517380319606
101_503,-0.047311827956989246,0.721148135879736,0.0,No significant trend,0.8054838709677419,1.1614141511041682
101_504,-0.2924731182795699,0.021760860424100192,0.0,Decreasing,0.37548387096774194,0.5989982966730989
101_505,-0.3161290322580645,0.013083919895177765,-0.031000000000000007,Decreasing,1.1825806451612901,0.6230516353164892
101_506,-0.6301075268817204,6.942911805474239e-07,-0.11200000000000002,Decreasing,2.2858064516129026,1.194435415809085
101_507,-0.11182795698924732,0.3860421406420662,0.0,No significant trend,0.8464516129032258,0.8114683957715839
101_508,-0.7698924731182796,1.2973813134919965e-09,-0.19125000000000003,Decreasing,3.907741935483871,1.9368992674149017
101_509,-0.27956989247311825,0.028340697604201104,-0.04749999999999999,Decreasing,1.764193548387097,1.1818377547988785
101_51,-0.6967741935483871,4.022918975721268e-08,-0.100625,Decreasing,2.074193548387097,1.0143066094741238
101_510,-0.5741935483870968,6.153454805701841e-06,-0.12166666666666669,Decreasing,2.279354838709678,1.4018557642521252
101_511,-0.4043010752688172,0.0014812606762657499,-0.0890909090909091,Decreasing,1.3509677419354837,1.4653841395275071
101_512,-0.7204301075268817,1.3723514991070829e-08,-0.20550000000000002,Decreasing,3.0074193548387096,2.0910731428282583
101_513,-0.7569892473118279,2.4352428962259864e-09,-0.345,Decreasing,4.656129032258065,3.7461857396896248
101_514,-0.23870967741935484,0.061538570047021235,0.0,No significant trend,0.37806451612903225,0.6718266834622325
101_515,-0.5978494623655914,2.5014990017169225e-06,-0.09285714285714286,Decreasing,1.1635483870967742,1.1379255273185522
101_516,0.24946236559139784,0.050631724603018124,0.02941176470588234,No significant trend,2.294516129032258,0.668874059748448
101_517,0.16344086021505377,0.2024043739887733,0.018947368421052626,No significant trend,2.2267741935483865,0.7198359450049184
101_518,-0.5505376344086022,1.4636673522749888e-05,-0.037586206896551726,Decreasing,0.5690322580645161,0.5767280056558762
101_519,-0.2645161290322581,0.038119926564599727,0.0,Decreasing,0.4706451612903226,0.9221011612121767
101_52,-0.34838709677419355,0.006211110408963716,-0.035,Decreasing,0.6067741935483869,0.6527726823465411
101_520,0.12043010752688173,0.34988986770468866,0.0,No significant trend,0.2945161290322581,0.41450972757702964
101_521,-0.30752688172043013,0.015800509032550147,-0.004347826086956525,Decreasing,0.7112903225806452,0.8618724624439805
101_522,-0.410752688172043,0.0012408530273542162,-0.03125000000000001,Decreasing,0.8461290322580644,0.6712370737355975
101_523,-0.10967741935483871,0.3954246967469044,0.0,No significant trend,0.21354838709677423,0.4557556531746199
101_524,-0.12903225806451613,0.3159628698783248,0.0,No significant trend,0.1487096774193548,0.3450081058934037
101_525,0.04086021505376344,0.7596537518193331,0.0,No significant trend,0.14806451612903226,0.45448602203452404
101_526,-0.3139784946236559,0.013721204475508175,-0.031818181818181815,Decreasing,0.9306451612903226,0.8264027584965945
101_527,-0.2086021505376344,0.10275196797700414,-0.0050000000000000044,No significant trend,0.5496774193548387,0.528244102120978
101_528,-0.11827956989247312,0.3587201702049656,0.0,No significant trend,0.3632258064516129,0.6056209135646905
101_53,-0.16559139784946236,0.19645146482180031,0.0,No significant trend,0.44258064516129036,0.7132794219791698
101_530,-0.3032258064516129,0.017336219440732936,0.0,Decreasing,0.6170967741935484,0.9174164057844711
101_531,-0.14193548387096774,0.26926051859260536,-0.011818181818181818,No significant trend,1.034516129032258,0.44940705529926606
101_532,-0.6559139784946236,2.379948262909437e-07,-0.24555555555555555,Decreasing,2.9580645161290327,2.8068090243305615
101_533,-0.567741935483871,7.819851200352446e-06,-0.05999999999999994,Decreasing,2.004838709677419,0.7647131908814
101_534,0.0,1.0,0.0,No significant trend,0.0,0.0
101_535,-0.08172043010752689,0.5294358519548577,0.0,No significant trend,0.37032258064516127,0.5898522716692208
101_536,-0.04516129032258064,0.7339104943970112,0.0,No significant trend,0.15096774193548387,0.4617662782551481
101_537,0.15268817204301074,0.2341449862943059,0.0,No significant trend,0.5087096774193548,0.7088961975766309
101_538,-0.14838709677419354,0.24778083040054266,0.0,No significant trend,0.41774193548387095,0.8924403284558126
101_539,-0.6688172043010753,1.3725173086953646e-07,-0.19666666666666677,Decreasing,2.7016129032258065,2.0830283425730287
101_54,0.17634408602150536,0.16860199558675504,0.0,No significant trend,0.15129032258064518,0.39640922107275567
101_540,-0.6064516129032258,1.7882246405864777e-06,-0.082,Decreasing,1.2796774193548388,0.9662948320224735
101_541,-0.6064516129032258,1.7882246405864777e-06,-0.14000000000000004,Decreasing,2.4338709677419357,1.5780176977202816
101_542,-0.5978494623655914,2.5014990017169225e-06,-0.32035714285714284,Decreasing,4.624516129032258,3.96587527556689
101_543,-0.1053763440860215,0.4145985082462331,-0.014210526315789474,No significant trend,2.7335483870967745,0.7764374739053334
101_544,-0.7483870967741936,3.6847678241969106e-09,-0.15407407407407409,Decreasing,2.6258064516129034,1.6975879932413183
101_545,-0.6924731182795699,4.8739167368694325e-08,-0.32,Decreasing,4.705806451612905,3.845926017265667
101_546,-0.2129032258064516,0.09578337281012361,-0.03058823529411765,No significant trend,2.3141935483870966,0.8046989987989633
101_547,0.2,0.11789500171022893,0.026666666666666655,No significant trend,1.8403225806451613,0.7889089398001307
101_548,-0.06881720430107527,0.5982707245011594,0.0,No significant trend,1.6406451612903228,1.6250259263120281
101_549,-0.2731182795698925,0.032229828676073824,-0.01874999999999999,Decreasing,1.5638709677419351,0.41183834457266577
101_55,-0.06881720430107527,0.5982707245011594,0.0,No significant trend,0.12129032258064516,0.259649166966404
101_550,-0.3849462365591398,0.002483355213678262,-0.04499999999999997,Decreasing,1.2732258064516129,0.7825697416999648
101_551,-0.46021505376344085,0.0002943335046816653,-0.09083333333333334,Decreasing,2.467096774193548,1.4888601259036132
101_552,0.11182795698924732,0.3860421406420662,0.007500000000000007,No significant trend,1.3316129032258062,0.9672111447575364
101_553,-0.11827956989247312,0.3587201702049656,-0.013333333333333345,No significant trend,1.9212903225806455,0.9137153574404212
101_554,0.31827956989247314,0.012472954020329219,0.088125,Increasing,4.09,2.2523392857348377
101_555,-0.2989247311827957,0.019001296136927026,-0.0315,Decreasing,0.8658064516129033,0.6080575853117457
101_556,-0.33548387096774196,0.008427504795672336,-0.028749999999999998,Decreasing,1.6829032258064514,0.49462395979420304
101_557,-0.01935483870967742,0.8918439412522505,0.0,No significant trend,0.19064516129032258,0.5920927100676857
101_558,-0.034408602150537634,0.7987646104203716,-0.0010714285714285723,No significant trend,1.4522580645161292,0.7468070082666967
101_559,-0.3247311827956989,0.010788909951167325,-0.026000000000000002,Decreasing,0.6729032258064516,0.7444036086493935
101_56,-0.17419354838709677,0.1739206495334844,0.0,No significant trend,0.48709677419354835,0.5553911353410321
101_560,0.11182795698924732,0.3860421406420662,0.0,No significant trend,0.5667741935483871,0.6572247963082449
101_561,-0.09032258064516129,0.4858947339033992,0.0,No significant trend,0.5983870967741937,0.5706764337972713
101_562,-0.13548387096774195,0.29198463590975887,0.0,No significant trend,0.3467741935483871,0.6291078531912715
101_563,-0.13118279569892474,0.30783043013369626,0.0,No significant trend,0.5235483870967742,0.8268812310358327
101_564,0.034408602150537634,0.7987646104203716,0.0,No significant trend,0.4803225806451613,0.6285337975410746
101_565,-0.2623655913978495,0.03972794794507628,0.0,Decreasing,0.8303225806451613,1.168929711375015
101_566,-0.47096774193548385,0.00021120825007803212,-0.044285714285714275,Decreasing,1.4838709677419353,0.6111896248663132
101_567,0.14193548387096774,0.26926051859260536,0.0,No significant trend,0.42483870967741943,0.6924378205122497
101_568,0.002150537634408602,1.0,0.0,No significant trend,0.4835483870967742,0.5978917173897002
101_569,-0.1913978494623656,0.13473584102323688,-0.010000000000000009,No significant trend,0.6906451612903225,0.5834322001346911
101_57,0.11182795698924732,0.3860421406420662,0.0,No significant trend,0.29387096774193544,0.492974365749539
101_570,-0.1935483870967742,0.1303606801133712,0.0,No significant trend,0.6348387096774195,0.873701325536076
101_571,0.0,1.0,0.0,No significant trend,0.21451612903225806,0.40472084134286146
101_572,-0.42795698924731185,0.0007646309234956572,-0.04869565217391305,Decreasing,0.7919354838709678,1.0790211195721935
101_573,-0.15483870967741936,0.22753013024096425,0.0,No significant trend,0.5074193548387096,0.7143820598022641
101_574,0.0,1.0,0.0,No significant trend,0.0,0.0
101_575,-0.04946236559139785,0.7084629632532715,0.0,No significant trend,0.12193548387096775,0.46935384103651867
101_576,-0.1827956989247312,0.1533785068859166,-0.014999999999999986,No significant trend,1.5161290322580645,0.38903252554422946
101_577,0.14193548387096774,0.26926051859260536,0.0,No significant trend,0.1661290322580645,0.4323952598838605
101_578,-0.15483870967741936,0.22753013024096425,0.0,No significant trend,0.6161290322580646,0.7221369605568526
101_579,-0.24731182795698925,0.05267307614212502,-0.013529411764705887,No significant trend,1.0112903225806449,0.41365984105288234
101_58,-0.4645161290322581,0.00025795530905270425,-0.06333333333333332,Decreasing,1.671935483870968,0.9205412831058613
101_580,-0.13118279569892474,0.30783043013369626,0.0,No significant trend,0.34387096774193554,0.5920422686487894
101_581,-0.23440860215053763,0.06641490832840091,0.0,No significant trend,0.8987096774193548,1.1039919995487457
101_582,0.2129032258064516,0.09578337281012361,0.0,No significant trend,0.5348387096774193,0.7086555693148229
101_583,-0.25161290322580643,0.04865707312578982,-0.018,Decreasing,0.6387096774193549,0.40448886053072497
101_584,-0.3741935483870968,0.0032780980642772573,-0.03454545454545455,Decreasing,0.7661290322580645,0.8857352601610777
101_585,0.03870967741935484,0.7726279905852822,0.0,No significant trend,0.4987096774193548,0.41975985404471194
101_586,-0.1010752688172043,0.43431144285625,0.0,No significant trend,0.41967741935483865,0.4882257798096693
101_587,-0.4946236559139785,9.934770157715711e-05,-0.08684210526315789,Decreasing,1.2187096774193547,1.2475466037852154
101_588,-0.24086021505376345,0.05921383944155778,0.0,No significant trend,0.5964516129032258,0.878523498821329
101_589,0.053763440860215055,0.6833368087995224,0.0,No significant trend,0.14483870967741935,0.44348961487453215
101_59,0.2903225806451613,0.022755199240110047,0.04913043478260871,Increasing,2.97258064516129,1.2282822197029042
101_590,-0.2129032258064516,0.09578337281012361,-0.010000000000000004,No significant trend,0.6006451612903226,0.4056212716623402
101_591,-0.12258064516129032,0.34119875170636194,0.0,No significant trend,0.1874193548387097,0.584686117844082
101_592,-0.2838709677419355,0.02597866016768635,-0.012142857142857153,Decreasing,1.2893548387096774,1.541367083790463
101_593,-0.3139784946236559,0.013721204475508175,0.0,Decreasing,0.8606451612903225,1.1305064108872767
101_594,-0.33763440860215055,0.008014910367279748,-0.06933333333333333,Decreasing,2.308387096774194,1.1732065153140951
101_595,-0.15053763440860216,0.2408949627928283,0.0,No significant trend,0.18161290322580645,0.4881901848743994
101_596,-0.2817204301075269,0.02713750593978581,0.0,Decreasing,0.5116129032258063,0.6830061482469862
101_597,-0.025806451612903226,0.8516915353162966,0.0,No significant trend,0.23,0.5311703450719655
101_598,-0.26666666666666666,0.036567588572864906,-0.03750000000000009,Decreasing,1.5177419354838708,0.8491882639298861
101_599,-0.2967741935483871,0.019885085312989492,0.0,Decreasing,0.5019354838709676,0.7899343351837452
101_6,-0.34408602150537637,0.006883461529839208,-0.033333333333333326,Decreasing,1.0229032258064517,0.7403625683205758
101_60,-0.26666666666666666,0.036567588572864906,-0.046,Decreasing,1.684516129032258,1.1215968993263865
101_600,-0.26021505376344084,0.04139316901026291,0.0,Decreasing,0.4325806451612903,0.72008049613617
101_601,-0.5204301075268817,4.201023062511133e-05,-0.07499999999999998,Decreasing,1.922258064516129,1.0553571775055035
101_602,0.0,1.0,0.0,No significant trend,0.0,0.0
101_603,-0.4043010752688172,0.0014812606762657499,-0.0345,Decreasing,0.8009677419354838,0.6163228879290658
101_604,-0.13333333333333333,0.2998377295670276,0.0,No significant trend,0.5596774193548387,0.6602369265404154
101_605,-0.1935483870967742,0.1303606801133712,0.0,No significant trend,0.2564516129032258,0.6031826791552309
101_606,-0.1032258064516129,0.42438806620665614,0.0,No significant trend,0.4383870967741936,0.47907233458945486
101_607,-0.12903225806451613,0.3159628698783248,0.0,No significant trend,0.22806451612903228,0.5253595963862168
101_608,-0.35268817204301073,0.005598474454852953,-0.07166666666666666,Decreasing,1.27,1.3454655028483038
101_609,-0.632258064516129,6.360064654931108e-07,-0.08909090909090907,Decreasing,2.0961290322580646,1.1500453775601425
101_61,-0.14193548387096774,0.26926051859260536,0.0,No significant trend,0.4867741935483871,0.6701198116118282
101_610,-0.44516129032258067,0.000463060547241545,-0.04416666666666666,Decreasing,1.1287096774193546,0.6832689072274304
101_611,0.025806451612903226,0.8516915353162966,0.0,No significant trend,0.4890322580645161,0.6889419416463315
101_612,-0.46236559139784944,0.00027558237497360416,-0.04333333333333337,Decreasing,1.5622580645161288,0.8127798165412937
101_613,-0.26021505376344084,0.04139316901026291,-0.03666666666666666,Decreasing,1.27,0.8404798936398795
101_614,-0.3204301075268817,0.011887389113116376,-0.0440909090909091,Decreasing,1.4296774193548387,1.0255116232837707
101_615,-0.7827956989247312,6.841995858763994e-10,-0.1163157894736842,Decreasing,2.025161290322581,1.2804229920231676
101_616,0.1870967741935484,0.14382566910763628,0.016000000000000004,No significant trend,1.7174193548387098,0.5518997556355244
101_617,-0.33978494623655914,0.007620496341621097,-0.065,Decreasing,1.5641935483870966,1.1035975604550092
101_618,-0.15483870967741936,0.22753013024096425,-0.029999999999999975,No significant trend,3.2745161290322584,1.3184958162549436
101_619,-0.46236559139784944,0.00027558237497360416,-0.04363636363636363,Decreasing,1.6300000000000001,0.6718870872881219
101_62,-0.20430107526881722,0.1101179540129047,0.0,No significant trend,0.7312903225806451,1.1076180252715049
101_620,-0.2129032258064516,0.09578337281012361,-0.029999999999999995,No significant trend,2.237096774193548,0.8496078546975585
101_621,-0.44946236559139785,0.00040738224022218716,-0.05647058823529411,Decreasing,0.7925806451612905,0.9582004899707729
101_622,-0.410752688172043,0.0012408530273542162,-0.034999999999999996,Decreasing,0.8864516129032258,0.6382513833152655
101_623,-0.3913978494623656,0.002095506748773568,-0.03583333333333333,Decreasing,1.1496774193548387,0.6427435342190826
101_624,-0.5053763440860215,6.974277946447671e-05,-0.05238095238095238,Decreasing,0.980967741935484,0.7317647905145728
101_625,0.05806451612903226,0.6585566199856316,0.007499999999999979,No significant trend,1.464516129032258,0.7030066246174237
101_626,0.023655913978494623,0.8650383150743488,0.0,No significant trend,0.09645161290322582,0.36938089779885586
101_627,-0.2,0.11789500171022893,-0.030000000000000027,No significant trend,2.1583870967741934,0.9773766625404293
101_628,-0.13118279569892474,0.30783043013369626,0.0,No significant trend,0.5170967741935483,0.8027460673832488
101_629,0.07311827956989247,0.5748781452473757,0.0,No significant trend,0.13096774193548388,0.3404395151499695
101_63,-0.03655913978494624,0.7856661000859302,0.0,No significant trend,0.42161290322580647,0.6678327817273092
101_630,-0.04946236559139785,0.7084629632532715,0.0,No significant trend,0.9580645161290321,0.8316187842330655
101_631,-0.5075268817204301,6.492456359774579e-05,-0.046363636363636364,Decreasing,1.207741935483871,0.6211628516270232
101_632,0.17204301075268819,0.17936364721043319,0.0,No significant trend,0.42645161290322575,0.5631567041820069
101_633,-0.08387096774193549,0.5183675363290698,-0.006428571428571418,No significant trend,1.729677419354839,0.6029630271175502
101_634,0.3827956989247312,0.002626567745024566,0.09653846153846155,Increasing,3.8983870967741945,1.553119850337032
101_635,-0.11397849462365592,0.3767967991819643,0.0,No significant trend,0.13451612903225807,0.41105559399278035
101_636,-0.07526881720430108,0.5633463699559165,0.0,No significant trend,0.9825806451612904,0.8365789311311199
101_637,0.06451612903225806,0.6220860087372633,0.0,No significant trend,0.04903225806451613,0.2685607378735008
101_638,0.3311827956989247,0.009310109795033439,0.028181818181818186,Increasing,0.7619354838709679,0.6256785702395632
101_639,0.15698924731182795,0.22104956212356597,0.0,No significant trend,1.0000000000000002,1.1299671705193974
101_64,-0.010752688172043012,0.9457970432721066,0.0,No significant trend,0.10193548387096775,0.3950861021293126
101_640,-0.11827956989247312,0.3587201702049656,-0.00833333333333334,No significant trend,1.2267741935483873,0.48961068864027185
101_641,-0.017204301075268817,0.9052952265477159,0.0,No significant trend,0.05903225806451613,0.3233329936240174
101_642,-0.0967741935483871,0.45455525621868187,0.0,No significant trend,0.14483870967741935,0.5569436814508381
101_643,-0.4838709677419355,0.0001405505548264241,-0.18099999999999997,Decreasing,4.331612903225806,2.305796478127067
101_644,0.1827956989247312,0.1533785068859166,0.011249999999999982,No significant trend,1.9609677419354836,0.4515732701503223
101_645,-0.010752688172043012,0.9457970432721066,0.0,No significant trend,0.26225806451612904,0.8587339130386699
101_646,0.023655913978494623,0.8650383150743488,0.0025925925925925947,No significant trend,2.438064516129032,1.0071948248439861
101_647,0.23655913978494625,0.06393835708593554,0.0,No significant trend,0.5612903225806453,0.655422749245804
101_648,-0.06881720430107527,0.5982707245011594,0.0,No significant trend,0.8116129032258066,0.964826899982728
101_649,-0.10967741935483871,0.3954246967469044,0.0,No significant trend,0.3141935483870968,0.6525422947288471
101_65,-0.2967741935483871,0.019885085312989492,-0.03222222222222223,Decreasing,0.8545161290322582,0.7208052786570409
101_650,-0.46881720430107526,0.00022582615287181085,-0.11079999999999998,Decreasing,2.2196774193548388,1.556199845925277
101_651,-0.4344086021505376,0.000634829801147152,-0.07687499999999999,Decreasing,2.8458064516129027,1.28101213560656
101_652,0.04946236559139785,0.7084629632532715,0.0,No significant trend,0.44225806451612903,0.8530843836694996
101_653,-0.1010752688172043,0.43431144285625,0.0,No significant trend,0.4919354838709677,0.9320335704698787
101_654,0.4150537634408602,0.0011011819487161123,0.0811111111111111,Increasing,1.28,1.536909341041509
101_655,-0.16989247311827957,0.18493228677225515,0.0,No significant trend,0.5483870967741935,1.061690972516876
101_656,0.3225806451612903,0.01132633122265525,0.07800000000000003,Increasing,1.8822580645161289,1.6950777119447173
101_657,0.16344086021505377,0.2024043739887733,0.0,No significant trend,1.2451612903225806,1.2295839080309474
101_658,-0.2064516129032258,0.10638442840594231,0.0,No significant trend,0.48096774193548386,0.5947965487822606
101_659,-0.24731182795698925,0.05267307614212502,0.0,No significant trend,0.26225806451612904,0.6206796985897117
101_66,0.015053763440860216,0.9187737391879132,0.0,No significant trend,0.4454838709677419,0.3703689416860717
101_660,-0.06666666666666667,0.6101267703127584,-0.00034482758620689685,No significant trend,1.2432258064516128,0.8174286477563266
101_661,0.0064516129032258064,0.9728828650934778,0.0,No significant trend,0.8387096774193549,1.271455203720382
101_662,-0.15913978494623657,0.21470238954837217,0.0,No significant trend,0.30612903225806454,0.8043778498231787
101_663,0.4344086021505376,0.000634829801147152,0.06818181818181818,Increasing,1.5941935483870964,0.9371637863996995
101_664,-0.16129032258064516,0.20848766222654147,0.0,No significant trend,0.35000000000000003,0.7431580390251739
101_665,-0.49032258064516127,0.0001142313991857602,-0.051176470588235295,Decreasing,0.8203225806451613,0.7474881976453854
101_666,-0.410752688172043,0.0012408530273542162,-0.03076923076923077,Decreasing,0.5164516129032257,0.5829156326223057
101_667,-0.2967741935483871,0.019885085312989492,-0.01384615384615385,Decreasing,0.6670967741935484,0.5548797809254873
101_668,-0.1956989247311828,0.12609656894220533,0.0,No significant trend,1.11258064516129,1.5919028332763066
101_669,-0.4924731182795699,0.000106544569022482,-0.06633333333333334,Decreasing,2.6467741935483864,0.9041887723856233
101_67,-0.012903225806451613,0.9322756334126572,0.0,No significant trend,1.1383870967741938,0.7068334510869179
101_670,-0.2924731182795699,0.021760860424100192,-0.013999999999999997,Decreasing,0.6045161290322582,0.44774588638212237
101_671,-0.5440860215053763,1.843097094700319e-05,-0.042105263157894736,Decreasing,0.7506451612903225,0.6687635942971417
101_672,-0.432258064516129,0.000675626717447253,-0.06280000000000001,Decreasing,0.9983870967741937,0.8936120857696066
101_673,-0.3204301075268817,0.011887389113116376,-0.03400000000000003,Decreasing,0.9941935483870966,0.8034954852375253
101_674,-0.3913978494623656,0.002095506748773568,-0.06000000000000001,Decreasing,1.4780645161290322,0.9120180365889019
101_675,-0.5010752688172043,8.041203646391715e-05,-0.05357142857142857,Decreasing,0.9848387096774194,0.7572866290259989
101_676,-0.410752688172043,0.0012408530273542162,-0.04576923076923077,Decreasing,0.8058064516129032,0.764214858293004
101_677,-0.24516129032258063,0.05478277122914399,-0.033333333333333326,No significant trend,0.8680645161290322,0.7637784654104656
101_678,0.02795698924731183,0.8383870987564421,0.0021052631578947385,No significant trend,2.07,0.713704556205428
101_679,-0.6516129032258065,2.852843357104007e-07,-0.08944444444444444,Decreasing,1.9332258064516126,0.9803205107770397
101_68,0.27956989247311825,0.028340697604201104,0.04272727272727273,Increasing,3.051290322580646,0.8585912765856221
101_680,-0.7161290322580646,1.672965166399365e-08,-0.16,Decreasing,3.0312903225806456,1.6215757806797044
101_681,-0.06881720430107527,0.5982707245011594,0.0,No significant trend,0.35870967741935483,0.966939775071863
101_682,-0.46236559139784944,0.00027558237497360416,-0.10260869565217391,Decreasing,2.250645161290322,1.6060549451973043
101_683,-0.40860215053763443,0.0013166634131251964,-0.04249999999999998,Decreasing,1.2006451612903228,0.6267115171292078
101_684,-0.23870967741935484,0.061538570047021235,-0.04999999999999999,No significant trend,1.6677419354838716,1.3975063267845
101_685,-0.20430107526881722,0.1101179540129047,0.0,No significant trend,0.5819354838709678,1.126494475037176
101_686,-0.2946236559139785,0.020804552083621086,-0.013749999999999984,Decreasing,0.7096774193548387,0.8169592869824595
101_687,-0.08602150537634409,0.5074200543722851,-0.005714285714285709,No significant trend,1.141290322580645,0.7769034561828955
101_688,-0.4258064516129032,0.0008131066227232697,-0.085,Decreasing,1.4838709677419355,1.4711278916781019
101_689,-0.4989247311827957,8.630833449374542e-05,-0.06999999999999999,Decreasing,1.1745161290322577,0.8549206290632592
101_69,-0.16774193548387098,0.19062782292334934,0.0,No significant trend,0.15000000000000002,0.46581873810978613
101_690,-0.6408602150537634,4.4660907083660106e-07,-0.13,Decreasing,2.5490322580645164,1.6979140045071048
101_691,-0.6193548387096774,1.0718231477913065e-06,-0.13714285714285715,Decreasing,2.689677419354839,1.5539470740166645
101_692,-0.6344086021505376,5.824519233588177e-07,-0.05444444444444444,Decreasing,1.2351612903225806,0.6098432954072495
101_693,0.15483870967741936,0.22753013024096425,0.011428571428571423,No significant trend,1.3870967741935485,1.01283120763081
101_694,-0.6602150537634408,1.9832196151980952e-07,-0.18333333333333335,Decreasing,2.856451612903226,1.936129408476708
101_695,0.4559139784946237,0.00033547510719911244,0.07000000000000002,Increasing,2.651935483870968,0.8660530392564944
101_696,0.047311827956989246,0.721148135879736,0.0,No significant trend,0.2648387096774194,0.45508503967969605
101_697,0.010752688172043012,0.9457970432721066,0.0,No significant trend,0.19838709677419356,0.6082025170689369
101_698,-0.3247311827956989,0.010788909951167325,-0.008749999999999999,Decreasing,0.33774193548387094,0.2788653239228149
101_699,-0.07526881720430108,0.5633463699559165,0.0,No significant trend,0.2383870967741935,0.49352645955928215
101_7,-0.2989247311827957,0.019001296136927026,-0.02192307692307692,Decreasing,0.7341935483870968,0.5987717223134771
101_70,-0.4258064516129032,0.0008131066227232697,-0.03153846153846153,Decreasing,0.7835483870967741,0.6834992903557058
101_700,-0.3978494623655914,0.0017639537009741524,-0.037391304347826095,Decreasing,0.6112903225806451,0.7255420306870197
101_701,0.11397849462365592,0.3767967991819643,0.0,No significant trend,0.23322580645161295,0.37490977062250674
101_702,0.017204301075268817,0.9052952265477159,0.0,No significant trend,0.4103225806451613,0.6998916223519908
101_703,0.24516129032258063,0.05478277122914399,0.023,No significant trend,0.6787096774193548,0.49173650126926827
101_704,-0.5419354838709678,1.9891905931546106e-05,-0.025555555555555567,Decreasing,0.6996774193548387,0.35361254421414173
101_705,-0.410752688172043,0.0012408530273542162,-0.043750000000000004,Decreasing,0.6009677419354839,0.7325534433381048
101_706,-0.4344086021505376,0.000634829801147152,-0.07400000000000002,Decreasing,2.1338709677419354,1.015148733483233
101_707,-0.44086021505376344,0.0005257753160301526,-0.055,Decreasing,2.188064516129032,0.8843055206783372
101_708,0.07096774193548387,0.5865203757130351,0.0,No significant trend,0.9983870967741937,1.1285991796118777
101_709,-0.33763440860215055,0.008014910367279748,-0.03400000000000001,Decreasing,0.9367741935483871,0.9137317567016013
101_71,-0.08602150537634409,0.5074200543722851,-0.013529411764705882,No significant trend,2.636129032258065,0.8565861628105012
101_710,-0.6559139784946236,2.379948262909437e-07,-0.05909090909090908,Decreasing,1.216774193548387,0.6384425964888671
101_711,-0.4967741935483871,9.261151253348032e-05,-0.13333333333333333,Decreasing,1.9200000000000004,1.864998486551319
101_712,-0.25806451612903225,0.0431171263634158,0.0,Decreasing,0.5135483870967743,0.6443378616197821
101_713,-0.22365591397849463,0.08000950089470127,0.0,No significant trend,0.5470967741935484,0.6170073118633359
101_714,-0.07311827956989247,0.5748781452473757,0.0,No significant trend,0.33677419354838706,0.7749729947293866
101_715,-0.22365591397849463,0.08000950089470127,0.0,No significant trend,0.38903225806451613,0.6698692931663305
101_716,-0.4,0.001664635394999392,-0.0395,Decreasing,0.6341935483870967,0.6652953464611735
101_717,-0.41935483870967744,0.0009761747063838921,-0.033529411764705884,Decreasing,0.6048387096774194,0.512935077120166
101_718,-0.6021505376344086,2.1161827552518275e-06,-0.04,Decreasing,0.8003225806451613,0.5441980419341411
101_719,-0.11182795698924732,0.3860421406420662,0.0,No significant trend,0.25193548387096776,0.5898355120892096
101_72,0.2172043010752688,0.08919834224618706,0.03615384615384617,No significant trend,2.7493548387096776,1.0214156383899526
101_720,-0.03870967741935484,0.7726279905852822,0.0,No significant trend,0.619032258064516,0.9805342679235236
101_721,-0.4924731182795699,0.000106544569022482,-0.058499999999999996,Decreasing,0.8880645161290323,0.8507052836962028
101_722,-0.3333333333333333,0.008858992984779324,-0.043,Decreasing,1.032258064516129,0.9097312955905712
101_723,-0.5268817204301075,3.3667518407387576e-05,-0.041304347826086954,Decreasing,0.6119354838709677,0.48129810596491135
101_724,-0.18924731182795698,0.13922364714154067,0.0,No significant trend,0.3251612903225806,0.605282503851964
101_725,-0.09247311827956989,0.47532023939393775,0.0,No significant trend,0.17193548387096774,0.35923232984436554
101_726,-0.44516129032258067,0.000463060547241545,-0.030833333333333334,Decreasing,0.8038709677419356,0.5385744470020645
101_727,-0.4752688172043011,0.00018459819815141998,-0.030000000000000002,Decreasing,0.6180645161290322,0.45074432603258835
101_728,-0.4752688172043011,0.00018459819815141998,-0.025789473684210525,Decreasing,0.3709677419354839,0.3987509113243478
101_729,-0.08172043010752689,0.5294358519548577,0.0,No significant trend,0.442258064516129,0.474917376022258
101_73,-0.15913978494623657,0.21470238954837217,0.0,No significant trend,0.33967741935483875,0.6485193253069379
101_730,-0.3978494623655914,0.0017639537009741524,-0.037500000000000006,Decreasing,1.2664516129032262,0.532647364961683
101_731,-0.04946236559139785,0.7084629632532715,-0.0012500000000000011,No significant trend,0.6451612903225808,0.40865531629212776
101_732,-0.13763440860215054,0.28427093926275426,0.0,No significant trend,0.1532258064516129,0.39996279743749535
101_733,-0.2903225806451613,0.022755199240110047,0.0,Decreasing,0.532258064516129,0.8570794734009715
101_734,-0.017204301075268817,0.9052952265477159,0.0,No significant trend,0.42032258064516126,0.537908037895001
101_735,-0.10752688172043011,0.4049437537873102,0.0,No significant trend,0.19258064516129034,0.5066586796748935
101_736,-0.07956989247311828,0.5406231028187141,0.0,No significant trend,0.49193548387096775,0.7705399001824325
101_737,-0.08817204301075268,0.49659521437046883,-0.010454545454545454,No significant trend,3.4777419354838712,1.015746061983488
101_738,-0.4236559139784946,0.0008644209634274258,-0.09368421052631576,Decreasing,3.23258064516129,1.2514816193202194
101_739,-0.12258064516129032,0.34119875170636194,-0.03799999999999999,No significant trend,4.241290322580645,1.7820335284045474
101_74,0.17634408602150536,0.16860199558675504,0.0,No significant trend,0.43,0.605954325969615
101_740,-0.27741935483870966,0.029589571342436338,-0.022000000000000002,Decreasing,1.2164516129032255,0.5963358459853608
101_741,-0.5483870967741935,1.5809977126357566e-05,-0.04941176470588234,Decreasing,1.1951612903225808,0.7020700772289546
101_742,-0.2645161290322581,0.038119926564599727,-0.014090909090909093,Decreasing,0.6570967741935484,0.618870946724171
101_743,-0.030107526881720432,0.8251287015820885,0.0,No significant trend,0.050967741935483875,0.27916181963166525
101_744,0.023655913978494623,0.8650383150743488,0.0,No significant trend,0.3412903225806452,0.6524284261102288
101_745,-0.3053763440860215,0.016552728702838415,0.0,Decreasing,0.5219354838709678,0.7546262452573574
101_746,-0.44731182795698926,0.0004343893018272649,-0.027391304347826086,Decreasing,1.1093548387096774,0.5317708424953363
101_747,0.0,1.0,0.0,No significant trend,0.0,0.0
101_748,-0.3010752688172043,0.018152045535652528,-0.024999999999999967,Decreasing,0.8677419354838709,0.6325713509540777
101_749,-0.5956989247311828,2.718582431837646e-06,-0.12,Decreasing,2.289677419354839,1.4140002369643634
101_75,-0.18064516129032257,0.158332321603736,0.0,No significant trend,0.34612903225806446,0.5193275889465134
101_750,-0.4129032258064516,0.001169091409425116,-0.038636363636363635,Decreasing,1.1093548387096779,0.7640340115882825
101_751,0.10967741935483871,0.3954246967469044,0.014545454545454518,No significant trend,2.2067741935483873,0.6687947131716018
101_752,0.13333333333333333,0.2998377295670276,0.016538461538461544,No significant trend,2.6645161290322585,0.6716942406822175
101_753,-0.1978494623655914,0.12194188920122184,-0.020384615384615386,No significant trend,1.495483870967742,1.0035383809291594
101_754,0.2537634408602151,0.04674749402400602,0.02,Increasing,1.2761290322580643,0.4781258939311388
101_755,0.01935483870967742,0.8918439412522505,0.0,No significant trend,0.1229032258064516,0.3766164605758635
101_756,-0.04086021505376344,0.7596537518193331,0.0,No significant trend,0.3203225806451613,0.6062283391326522
101_757,-0.3913978494623656,0.002095506748773568,-0.01884615384615385,Decreasing,0.46,0.5621215572821332
101_758,0.22580645161290322,0.07712322019197049,0.0026666666666666544,No significant trend,0.521290322580645,0.4989650057901072
101_759,-0.10967741935483871,0.3954246967469044,0.0,No significant trend,0.17032258064516126,0.5204990401340209
101_76,-0.36774193548387096,0.003859889400894323,-0.02866666666666667,Decreasing,0.9283870967741935,0.5393071826453469
101_760,-0.3870967741935484,0.002347320421192567,0.0,Decreasing,0.30483870967741933,0.5288933728001168
101_761,0.03655913978494624,0.7856661000859302,0.0,No significant trend,0.457741935483871,0.6938936874851491
101_762,0.06451612903225806,0.6220860087372633,0.0,No significant trend,0.4593548387096774,0.7688656725830507
101_763,0.0,1.0,0.0,No significant trend,0.0,0.0
101_764,-0.06451612903225806,0.6220860087372633,0.0,No significant trend,0.05870967741935484,0.32156614666432337
101_765,-0.025806451612903226,0.8516915353162966,0.0,No significant trend,0.060645161290322575,0.3321672284224878
101_766,-0.15268817204301074,0.2341449862943059,-0.001666666666666668,No significant trend,0.43387096774193545,0.3897946309512463
101_767,0.07956989247311828,0.5406231028187141,0.0,No significant trend,0.17838709677419357,0.3743906599864901
101_768,-0.1053763440860215,0.4145985082462331,0.0,No significant trend,0.41193548387096773,0.4337936134424705
101_769,0.023655913978494623,0.8650383150743488,0.0,No significant trend,0.49935483870967745,0.6309334379486858
101_77,-0.2172043010752688,0.08919834224618706,0.0,No significant trend,0.2858064516129032,0.547414887734354
101_770,-0.2129032258064516,0.09578337281012361,0.0,No significant trend,0.6474193548387097,0.8514691960860679
101_771,-0.07956989247311828,0.5406231028187141,-0.010999999999999987,No significant trend,2.8493548387096768,1.05600872272751
101_772,-0.2838709677419355,0.02597866016768635,-0.03562500000000002,Decreasing,2.7606451612903227,1.1789249763644598
101_773,-0.24946236559139784,0.050631724603018124,-0.030000000000000027,No significant trend,1.1838709677419355,0.7047290827863357
101_774,0.4731182795698925,0.00019748250781770338,0.08363636363636363,Increasing,1.5970967741935485,1.0165444107474362
101_775,-0.30752688172043013,0.015800509032550147,-0.046,Decreasing,1.330967741935484,1.0625482299147184
101_776,0.06236559139784946,0.6341458536966633,0.0,No significant trend,1.3993548387096773,1.4149978581629088
101_777,-0.2989247311827957,0.019001296136927026,-0.037777777777777785,Decreasing,1.9009677419354838,0.8767953188843344
101_778,-0.14408602150537633,0.2619630008374654,-0.013913043478260867,No significant trend,1.156774193548387,0.5055778367486518
101_779,-0.3827956989247312,0.002626567745024566,-0.0325,Decreasing,1.049032258064516,0.7369788145889715
101_78,0.38924731182795697,0.0022181409445904965,0.06625,Increasing,1.0893548387096772,1.3127806869976442
101_780,-0.7161290322580646,1.672965166399365e-08,-0.12153846153846154,Decreasing,1.7264516129032257,1.4149787377568084
101_781,-0.10967741935483871,0.3954246967469044,0.0,No significant trend,0.7116129032258064,0.7132754830163565
101_782,-0.578494623655914,5.237567391791487e-06,-0.05800000000000001,Decreasing,1.1845161290322581,0.7526891090623967
101_783,-0.31827956989247314,0.012472954020329219,0.0,Decreasing,0.38322580645161286,0.5340012510361943
101_784,-0.210752688172043,0.09921885768990202,-0.02277777777777778,No significant trend,0.945483870967742,0.855263923459953
101_785,0.017204301075268817,0.9052952265477159,0.0007407407407407414,No significant trend,1.324516129032258,0.6397168663515861
101_786,-0.3010752688172043,0.018152045535652528,-0.028888888888888915,Decreasing,1.9761290322580645,0.5914153467597323
101_787,-0.03870967741935484,0.7726279905852822,0.0,No significant trend,0.815483870967742,0.9479752232697871
101_788,-0.15913978494623657,0.21470238954837217,-0.004375000000000004,No significant trend,0.7612903225806452,0.6300677994008513
101_789,-0.18494623655913978,0.14854345071667052,-0.014117647058823528,No significant trend,1.2445161290322582,0.6270969401300723
101_79,-0.2021505376344086,0.11395424835779155,-0.002666666666666669,No significant trend,0.6248387096774194,0.5697643597122718
101_790,0.16344086021505377,0.2024043739887733,0.0,No significant trend,0.2812903225806452,0.6667530467798543
101_791,0.22795698924731184,0.07432236131839742,0.030000000000000027,No significant trend,1.647741935483871,0.8637790550733161
101_792,0.16129032258064516,0.20848766222654147,0.0,No significant trend,1.306774193548387,1.4226086603927128
101_793,0.23225806451612904,0.06896994111977195,0.0268,No significant trend,1.50258064516129,0.7114817239369947
101_794,0.04946236559139785,0.7084629632532715,0.0,No significant trend,0.4316129032258065,0.7106203413292685
101_795,-0.24516129032258063,0.05478277122914399,-0.06200000000000001,No significant trend,3.6293548387096775,1.5467613104512425
101_796,-0.060215053763440864,0.6463036389969625,0.0,No significant trend,0.7458064516129033,1.0606016983481699
101_797,-0.43010752688172044,0.000718850062535914,-0.08333333333333336,Decreasing,2.567096774193548,1.3399691704406966
101_798,-0.1010752688172043,0.43431144285625,-0.012380952380952371,No significant trend,2.387741935483871,0.8674014201771209
101_799,-0.3741935483870968,0.0032780980642772573,-0.07133333333333332,Decreasing,3.0151612903225806,1.0134765174412217
101_8,-0.12688172043010754,0.3242351019547285,0.0,No significant trend,0.17193548387096774,0.5382373823032331
101_80,-0.04086021505376344,0.7596537518193331,0.0,No significant trend,0.6880645161290322,1.0853761629925858
101_800,-0.43870967741935485,0.0005600206571134692,-0.071875,Decreasing,2.714516129032258,1.0657326382313095
101_801,0.4064516129032258,0.0013967278652837756,0.0982608695652174,Increasing,2.4029032258064515,1.4756632047525486
101_802,0.14838709677419354,0.24778083040054266,0.0,No significant trend,0.5093548387096773,0.9603155915530128
101_803,0.09247311827956989,0.47532023939393775,0.01857142857142859,No significant trend,2.8664516129032256,0.9560555672442314
101_804,-0.13118279569892474,0.30783043013369626,-0.010666666666666677,No significant trend,1.5690322580645164,0.5532155552515859
101_805,-0.05591397849462366,0.6709019753135215,-0.01181818181818181,No significant trend,2.683870967741936,1.8847480834820833
101_806,0.16989247311827957,0.18493228677225515,0.009999999999999992,No significant trend,1.3896774193548391,0.3797833327210334
101_807,-0.2709677419354839,0.033624002608237724,-0.02291666666666667,Decreasing,2.064516129032258,0.5570303675608859
101_808,-0.2946236559139785,0.020804552083621086,-0.03954545454545455,Decreasing,1.9612903225806453,1.0094289089204904
101_809,-0.33548387096774196,0.008427504795672336,-0.06777777777777777,Decreasing,1.857741935483871,1.3229578533686561
101_81,-0.12043010752688173,0.34988986770468866,-0.01230769230769231,No significant trend,1.1561290322580646,0.5926794129852013
101_810,-0.21505376344086022,0.09244378064522207,-0.030000000000000027,No significant trend,2.5758064516129036,0.8580802812037082
101_811,-0.33978494623655914,0.007620496341621097,-0.05055555555555556,Decreasing,1.7700000000000002,0.9699218458704671
101_812,0.034408602150537634,0.7987646104203716,0.0,No significant trend,0.04096774193548387,0.22438956388114864
101_813,0.5935483870967742,2.9536822572229227e-06,0.0895,Increasing,0.9406451612903226,1.0807104457891934
101_814,0.26881720430107525,0.035069438571895484,0.0,Decreasing,0.4070967741935484,0.7335868290775439
101_815,0.16344086021505377,0.2024043739887733,0.016,No significant trend,1.3961290322580646,0.721466595114982
101_816,0.16774193548387098,0.19062782292334934,0.026071428571428572,No significant trend,1.8512903225806454,0.8886188701338502
101_817,0.17204301075268819,0.17936364721043319,0.028928571428571432,No significant trend,2.4583870967741928,0.9934108618686772
101_818,0.02795698924731183,0.8383870987564421,0.0013636363636363648,No significant trend,1.9616129032258065,0.5860424776754314
101_819,-0.047311827956989246,0.721148135879736,-0.0061904761904761855,No significant trend,2.9574193548387093,0.7480165934934329
101_82,-0.556989247311828,1.159455156796163e-05,-0.145,Decreasing,2.5780645161290323,2.2254284391489993
101_820,-0.34408602150537637,0.006883461529839208,-0.031538461538461536,Decreasing,1.0606451612903225,0.5746973143505616
101_821,-0.14408602150537633,0.2619630008374654,-0.029999999999999954,No significant trend,3.269032258064516,1.2782784664028002
101_822,-0.23870967741935484,0.061538570047021235,-0.006999999999999995,No significant trend,0.8074193548387097,0.8081798256533826
101_823,-0.5827956989247312,4.4530492946393e-06,-0.053333333333333344,Decreasing,1.711290322580645,0.8006922083341343
101_824,0.010752688172043012,0.9457970432721066,0.0,No significant trend,1.0116129032258063,0.8148425407924648
101_825,-0.22365591397849463,0.08000950089470127,-0.04636363636363634,No significant trend,1.816451612903226,1.3160707608858608
101_826,-0.05591397849462366,0.6709019753135215,-0.007619047619047626,No significant trend,1.7241935483870965,1.0243606162950825
101_827,0.23655913978494625,0.06393835708593554,0.05899999999999998,No significant trend,2.912903225806452,1.4312620047072537
101_828,-0.38924731182795697,0.0022181409445904965,-0.05750000000000001,Decreasing,1.3712903225806448,0.906235538475881
101_829,-0.025806451612903226,0.8516915353162966,0.0,No significant trend,0.32516129032258073,0.7820233103024484
101_83,-0.6279569892473118,7.577055374241581e-07,-0.14699999999999996,Decreasing,2.0803225806451615,1.5826182550138292
101_830,0.23870967741935484,0.061538570047021235,0.04444444444444446,No significant trend,2.434838709677419,1.0686677596133631
101_831,-0.22580645161290322,0.07712322019197049,-0.02833333333333334,No significant trend,1.1851612903225806,0.910111198338022
101_832,-0.5483870967741935,1.5809977126357566e-05,-0.10428571428571429,Decreasing,3.3770967741935483,1.2938843582678627
101_833,-0.5182795698924731,4.5202596182347676e-05,-0.17166666666666666,Decreasing,2.446774193548387,2.2529871026029684
101_834,-0.12688172043010754,0.3242351019547285,0.0,No significant trend,0.17161290322580647,0.5278446544091787
101_835,0.11827956989247312,0.3587201702049656,0.0,No significant trend,0.5058064516129032,0.7096558647753076
101_836,-0.03225806451612903,0.8119200006410021,0.0,No significant trend,1.251612903225806,0.8132178090738034
101_837,-0.44731182795698926,0.0004343893018272649,-0.03599999999999999,Decreasing,0.7412903225806452,0.5272799460620998
101_838,-0.22795698924731184,0.07432236131839742,0.0,No significant trend,0.24741935483870967,0.5785798394285201
101_839,-0.002150537634408602,1.0,0.0,No significant trend,0.1032258064516129,0.3931049855402595
101_84,-0.36989247311827955,0.0036562858092210604,-0.051875000000000004,Decreasing,0.9496774193548388,1.0246367849648077
101_840,-0.16989247311827957,0.18493228677225515,-0.00714285714285715,No significant trend,0.6474193548387098,0.46118338485259847
101_841,0.2924731182795699,0.021760860424100192,0.025,Increasing,0.8619354838709677,0.668317190266277
101_842,0.14623655913978495,0.2548032960076365,0.0,No significant trend,0.29935483870967744,0.47548912326945464
101_843,-0.36129032258064514,0.004534009191836885,-0.11384615384615385,Decreasing,2.333548387096774,1.6760120647558228
101_844,0.16559139784946236,0.19645146482180031,0.0,No significant trend,0.5187096774193548,0.8017872855044972
101_845,-0.06236559139784946,0.6341458536966633,0.0,No significant trend,0.4438709677419355,0.45724756772386016
101_846,-0.12043010752688173,0.34988986770468866,0.0,No significant trend,0.2970967741935484,0.7799801219484734
101_847,-0.1870967741935484,0.14382566910763628,-0.008333333333333337,No significant trend,0.5258064516129033,0.3664016322117152
101_848,-0.26666666666666666,0.036567588572864906,-0.0031249999999999993,Decreasing,0.324516129032258,0.37645921434125496
101_849,-0.33763440860215055,0.008014910367279748,-0.023750000000000004,Decreasing,0.6406451612903226,0.5217707782707193
101_85,-0.46881720430107526,0.00022582615287181085,-0.10318181818181818,Decreasing,1.2170967741935483,1.478238257343337
101_850,-0.09462365591397849,0.46487326576717747,0.0,No significant trend,0.3677419354838709,0.8496667645742421
101_851,-0.2064516129032258,0.10638442840594231,0.0,No significant trend,0.5748387096774193,0.5423418215524105
101_852,-0.06451612903225806,0.6220860087372633,0.0,No significant trend,0.5825806451612904,0.45298983640193824
101_853,-0.15268817204301074,0.2341449862943059,0.0,No significant trend,1.1067741935483872,1.1671398376477218
101_854,-0.3096774193548387,0.015078520915366989,-0.037272727272727284,Decreasing,2.1125806451612905,0.7454722155395995
101_855,0.18494623655913978,0.14854345071667052,0.0,No significant trend,0.636774193548387,0.8030200539687428
101_856,-0.18494623655913978,0.14854345071667052,0.0,No significant trend,0.2512903225806452,0.6585602181077213
101_857,-0.025806451612903226,0.8516915353162966,0.0,No significant trend,0.15838709677419355,0.41210785289066254
101_858,0.010752688172043012,0.9457970432721066,0.0,No significant trend,0.6222580645161291,0.48718221852595034
101_859,-0.3978494623655914,0.0017639537009741524,-0.033999999999999996,Decreasing,0.6070967741935483,0.8011733071278089
101_86,-0.4967741935483871,9.261151253348032e-05,-0.19818181818181815,Decreasing,7.177419354838709,2.6599781320249978
101_860,-0.0989247311827957,0.4443675620908478,0.0,No significant trend,0.7712903225806451,0.6559294903859411
101_861,-0.034408602150537634,0.7987646104203716,-0.003913043478260864,No significant trend,2.249677419354838,0.7305167586382976
101_862,-0.053763440860215055,0.6833368087995224,-0.011000000000000032,No significant trend,2.7532258064516126,1.085066928504425
101_863,-0.25591397849462366,0.0449013762794892,-0.03789473684210527,Decreasing,2.365483870967742,0.8200780399909134
101_864,-0.12688172043010754,0.3242351019547285,-0.02,No significant trend,2.026774193548387,0.8439285518480517
101_865,-0.2967741935483871,0.019885085312989492,-0.04296296296296296,Decreasing,1.1080645161290321,0.8656730342856256
101_866,-0.1827956989247312,0.1533785068859166,0.0,No significant trend,0.8580645161290323,1.5186314283566331
101_867,-0.5483870967741935,1.5809977126357566e-05,-0.06448275862068965,Decreasing,1.1280645161290321,0.908374724989065
101_868,-0.5311827956989247,2.9007853530993444e-05,-0.1611764705882353,Decreasing,2.261612903225806,3.0915807594322313
101_869,-0.621505376344086,9.832168288426146e-07,-0.105,Decreasing,1.392258064516129,1.4524766605807262
101_870,-0.7397849462365591,5.5503484031049766e-09,-0.17375000000000002,Decreasing,2.2051612903225815,1.979108419282722
101_871,-0.6989247311827957,3.653338875864165e-08,-0.14250000000000002,Decreasing,1.7754838709677419,1.62593464676361
101_872,-0.7010752688172043,3.316779961792804e-08,-0.10000000000000005,Decreasing,1.6412903225806452,1.102380830910063
101_873,-0.5741935483870968,6.153454805701841e-06,-0.09933333333333333,Decreasing,1.261935483870968,1.2028793931842654
101_874,-0.8193548387096774,1.0564926711253975e-10,-0.18625,Decreasing,2.223225806451613,1.9283343758644345
101_875,-0.7634408602150538,1.779737912599444e-09,-0.14600000000000002,Decreasing,1.9474193548387095,1.4935106244790635
101_876,-0.05161290322580645,0.6958581513960522,0.0,No significant trend,0.702258064516129,0.7427269271013507
101_877,-0.7462365591397849,4.083862803483385e-09,-0.08,Decreasing,1.4696774193548385,0.8830938424943324
101_878,-0.31827956989247314,0.012472954020329219,-0.013333333333333345,Decreasing,0.7070967741935485,0.7832611460380375
101_879,-0.610752688172043,1.5094086633915538e-06,-0.05380952380952381,Decreasing,1.191935483870968,0.8193759204806275
101_880,-0.556989247311828,1.159455156796163e-05,-0.12666666666666665,Decreasing,1.9606451612903224,1.8066060417862337
101_881,-0.7311827956989247,8.32288038488116e-09,-0.16399999999999998,Decreasing,2.0825806451612903,1.7445527530036136
101_882,-0.632258064516129,6.360064654931108e-07,-0.07250000000000001,Decreasing,1.2138709677419355,0.8100723879217566
101_883,-0.4860215053763441,0.00013120067777006028,-0.08894736842105262,Decreasing,1.3051612903225807,1.1800953241096381
101_884,-0.38924731182795697,0.0022181409445904965,-0.03681818181818182,Decreasing,0.7445161290322582,0.8348298598523801
101_885,0.0,1.0,0.0,No significant trend,0.0,0.0
101_886,-0.40860215053763443,0.0013166634131251964,-0.09666666666666668,Decreasing,1.2635483870967743,1.5821413590184517
101_887,-0.6666666666666666,1.5054404212122563e-07,-0.09458333333333334,Decreasing,1.5903225806451615,1.107803650562586
101_888,-0.4559139784946237,0.00033547510719911244,-0.10200000000000001,Decreasing,1.397741935483871,2.0799824901208086
101_889,-0.6387096774193548,4.880823591957295e-07,-0.1511111111111111,Decreasing,2.463225806451613,1.5050889741072415
101_89,-0.27741935483870966,0.029589571342436338,-0.03071428571428571,Decreasing,1.1148387096774195,1.1693336149353144
101_890,-0.7698924731182796,1.2973813134919965e-09,-0.1473684210526316,Decreasing,2.13258064516129,1.5819260774334873
101_891,0.0,1.0,0.0,No significant trend,0.0,0.0
101_892,0.030107526881720432,0.8251287015820885,0.0,No significant trend,0.6206451612903225,0.3019820063414478
101_894,-0.1053763440860215,0.4145985082462331,0.0,No significant trend,0.21516129032258063,0.4335589476440384
101_895,-0.11827956989247312,0.3587201702049656,0.0,No significant trend,0.11483870967741935,0.44303841650759923
101_896,-0.24731182795698925,0.05267307614212502,0.0,No significant trend,0.7996774193548387,0.9960421155461887
101_897,0.34623655913978496,0.006539518436156966,0.08071428571428567,Increasing,1.9364516129032256,1.4190172619084565
101_898,-0.008602150537634409,0.959334085947048,-0.004615384615384619,No significant trend,2.6009677419354835,0.973876043111501
101_899,0.08817204301075268,0.49659521437046883,0.014705882352941176,No significant trend,2.156451612903226,0.8642563403598711
101_9,-0.12043010752688173,0.34988986770468866,0.0,No significant trend,0.14322580645161292,0.3864009875828408
101_90,-0.2645161290322581,0.038119926564599727,-0.026249999999999996,Decreasing,1.6493548387096777,0.6764324608484502
101_900,-0.017204301075268817,0.9052952265477159,0.0,No significant trend,0.32677419354838705,0.7558604884789947
101_901,0.08387096774193549,0.5183675363290698,0.005882352941176476,No significant trend,1.3070967741935484,0.5350622125322595
101_902,0.010752688172043012,0.9457970432721066,0.0,No significant trend,1.3048387096774194,1.0493281136586707
101_903,0.08602150537634409,0.5074200543722851,0.0,No significant trend,0.9483870967741935,0.9988286584123249
101_904,0.18924731182795698,0.13922364714154067,0.013333333333333345,No significant trend,0.898709677419355,0.7948209047021279
101_905,0.004301075268817204,0.9864394742066862,0.0,No significant trend,0.3425806451612903,0.532334891815993
101_906,-0.2086021505376344,0.10275196797700414,-0.0014285714285714299,No significant trend,0.40161290322580645,0.37712064275022855
101_907,-0.11397849462365592,0.3767967991819643,0.0,No significant trend,0.22709677419354843,0.4270543785604577
101_908,-0.0967741935483871,0.45455525621868187,0.0,No significant trend,0.10193548387096775,0.3223344221590937
101_909,0.05591397849462366,0.6709019753135215,0.0,No significant trend,0.20096774193548386,0.46052813187658787
101_91,0.08387096774193549,0.5183675363290698,0.0,No significant trend,1.0299999999999998,1.0514782221296373
101_910,0.03655913978494624,0.7856661000859302,0.0,No significant trend,1.0983870967741938,0.7053669682041447
101_911,-0.14838709677419354,0.24778083040054266,-0.04200000000000002,No significant trend,2.578387096774193,1.1776496460602215
101_912,0.07956989247311828,0.5406231028187141,0.013846153846153824,No significant trend,2.029677419354839,1.2097173326748631
101_913,0.26666666666666666,0.036567588572864906,0.05555555555555555,Increasing,3.1109677419354833,1.4918452631831487
101_914,-0.06451612903225806,0.6220860087372633,-0.008095238095238091,No significant trend,1.5212903225806451,0.5844586242453222
101_915,-0.3118279569892473,0.014385749502058731,-0.03833333333333335,Decreasing,1.7283870967741934,0.7505829853507359
101_916,-0.4043010752688172,0.0014812606762657499,-0.03285714285714286,Decreasing,0.9303225806451613,0.542779488707046
101_917,-0.17419354838709677,0.1739206495334844,-0.027272727272727258,No significant trend,1.3393548387096772,0.8426491845857553
101_918,-0.36989247311827955,0.0036562858092210604,-0.05137931034482759,Decreasing,0.9503225806451613,1.145387619615095
101_919,-0.3225806451612903,0.01132633122265525,-0.11444444444444438,Decreasing,2.942903225806452,1.92440722930027
101_92,0.08602150537634409,0.5074200543722851,0.0,No significant trend,0.9461290322580646,1.2381064559454902
101_920,-0.15268817204301074,0.2341449862943059,-0.009999999999999934,No significant trend,1.1303225806451613,0.8434624640135399
101_921,0.3935483870967742,0.0019791198223833018,0.02999999999999998,Increasing,1.6606451612903226,0.5688978335845831
101_922,-0.11182795698924732,0.3860421406420662,-0.023888888888888897,No significant trend,2.750322580645161,1.4016936388640886
101_923,0.07526881720430108,0.5633463699559165,0.004800000000000004,No significant trend,1.7316129032258065,0.8495011696595016
101_924,-0.012903225806451613,0.9322756334126572,-0.004999999999999949,No significant trend,2.52741935483871,1.1794448331584229
101_925,-0.14623655913978495,0.2548032960076365,-0.016190476190476182,No significant trend,1.5606451612903223,0.6434731138773697
101_926,-0.5526881720430108,1.354669150632759e-05,-0.10214285714285713,Decreasing,2.1335483870967744,1.3348518061690904
101_927,-0.2623655913978495,0.03972794794507628,-0.03444444444444445,Decreasing,1.3490322580645162,0.9043349181142502
101_928,0.01935483870967742,0.8918439412522505,0.0040000000000000036,No significant trend,2.645483870967742,1.0385220227204324
101_929,-0.11182795698924732,0.3860421406420662,0.0,No significant trend,0.3783870967741936,0.5411343925507311
101_93,-0.03225806451612903,0.8119200006410021,0.0,No significant trend,1.328709677419355,1.2589133612749808
101_930,0.0064516129032258064,0.9728828650934778,0.0,No significant trend,0.31741935483870976,0.5207684628349288
101_931,-0.23010752688172043,0.07160518117391312,-0.006000000000000005,No significant trend,0.9048387096774194,0.746384277778186
101_932,0.060215053763440864,0.6463036389969625,0.0062500000000000056,No significant trend,1.5493548387096772,0.8112234308343487
101_933,-0.43655913978494626,0.000596334223081918,-0.03823529411764707,Decreasing,2.0306451612903222,0.5584363855177554
101_934,-0.3634408602150538,0.004298292024715877,-0.048750000000000016,Decreasing,1.5841935483870968,0.8435859487103864
101_935,-0.043010752688172046,0.7467467998855972,-0.004444444444444399,No significant trend,1.9551612903225806,0.5821199907775468
101_936,-0.2709677419354839,0.033624002608237724,-0.023809523809523815,Decreasing,1.082258064516129,0.563100344449224
101_937,-0.5182795698924731,4.5202596182347676e-05,-0.12428571428571426,Decreasing,2.1070967741935482,1.7508158348064333
101_938,-0.31827956989247314,0.012472954020329219,-0.02111111111111111,Decreasing,0.5993548387096773,0.4566493359515308
101_939,-0.18064516129032257,0.158332321603736,-0.015000000000000001,No significant trend,0.8396774193548386,0.4891367238834197
101_94,0.08387096774193549,0.5183675363290698,0.0,No significant trend,0.3919354838709678,0.8317855622960285
101_940,-0.5182795698924731,4.5202596182347676e-05,-0.02,Decreasing,0.6329032258064515,0.2699246435866881
101_941,0.053763440860215055,0.6833368087995224,0.0,No significant trend,0.16516129032258065,0.5072561926218091
101_942,-0.5268817204301075,3.3667518407387576e-05,-0.03380952380952381,Decreasing,0.7393548387096773,0.420521454202195
101_943,-0.06666666666666667,0.6101267703127584,-0.0020000000000000018,No significant trend,0.7583870967741935,0.5136403710781005
101_944,0.002150537634408602,1.0,0.0,No significant trend,0.5393548387096774,0.7414803653192755
101_945,-0.15913978494623657,0.21470238954837217,0.0,No significant trend,0.3190322580645161,0.7510566957625371
101_946,-0.4752688172043011,0.00018459819815141998,-0.03799999999999999,Decreasing,0.8858064516129032,0.5207486805988791
101_947,0.043010752688172046,0.7467467998855972,0.0,No significant trend,0.25806451612903225,0.5359791724097345
101_948,-0.3849462365591398,0.002483355213678262,-0.018124999999999995,Decreasing,0.44225806451612903,0.4980718284604454
101_949,-0.15053763440860216,0.2408949627928283,0.0,No significant trend,0.18419354838709678,0.48165557359100475
101_95,0.01935483870967742,0.8918439412522505,0.0,No significant trend,0.6196774193548388,0.9393288059136411
101_950,-0.7397849462365591,5.5503484031049766e-09,-0.10083333333333332,Decreasing,1.4919354838709675,1.0298494075782545
101_951,0.1032258064516129,0.42438806620665614,0.0,No significant trend,0.3309677419354839,0.5581614683636527
101_952,-0.3763440860215054,0.0031026895944057387,-0.020000000000000018,Decreasing,0.6383870967741935,0.47019623064990407
101_953,-0.4731182795698925,0.00019748250781770338,-0.071875,Decreasing,1.5367741935483872,0.9921153259471343
101_954,-0.43655913978494626,0.000596334223081918,-0.03103448275862069,Decreasing,1.0151612903225804,0.48291367670290947
101_955,-0.06451612903225806,0.6220860087372633,0.0,No significant trend,0.457741935483871,0.6148417560768046
101_956,-0.21505376344086022,0.09244378064522207,0.0,No significant trend,0.5422580645161291,0.7176381947499699
101_957,-0.20430107526881722,0.1101179540129047,-0.011666666666666678,No significant trend,1.1974193548387098,0.979117337005831
101_958,-0.23225806451612904,0.06896994111977195,0.0,No significant trend,0.5925806451612904,0.8721533149548196
101_959,-0.210752688172043,0.09921885768990202,-0.0050000000000000044,No significant trend,0.8580645161290325,0.8255532625979115
101_96,-0.14838709677419354,0.24778083040054266,-0.018421052631578953,No significant trend,1.8703225806451609,0.9166998448887981
101_960,-0.4150537634408602,0.0011011819487161123,-0.03444444444444445,Decreasing,1.5432258064516131,0.633680427735714
101_961,-0.1935483870967742,0.1303606801133712,0.0,No significant trend,0.6125806451612903,0.643112229918349
101_962,0.0,1.0,0.0,No significant trend,0.0,0.0
101_963,-0.7075268817204301,2.4777915275109308e-08,-0.08785714285714284,Decreasing,1.5296774193548388,1.0165580251625446
101_964,-0.3053763440860215,0.016552728702838415,0.0,Decreasing,0.46709677419354834,0.6275666963572006
101_965,-0.10967741935483871,0.3954246967469044,0.0,No significant trend,0.1990322580645161,0.6179954840565227
101_966,-0.5741935483870968,6.153454805701841e-06,-0.11444444444444445,Decreasing,1.3229032258064515,1.3757817567650976
101_967,-0.4043010752688172,0.0014812606762657499,-0.02416666666666667,Decreasing,0.7180645161290323,0.5136235558538876
101_968,-0.3720430107526882,0.0034624952577932966,-0.01882352941176471,Decreasing,0.5338709677419355,0.665183348090196
101_969,-0.2064516129032258,0.10638442840594231,-0.010952380952380951,No significant trend,0.6254838709677419,0.37177723740969315
101_97,-0.2623655913978495,0.03972794794507628,-0.013529411764705882,Decreasing,1.0993548387096774,1.1362670502893946
101_970,-0.08387096774193549,0.5183675363290698,0.0,No significant trend,0.40064516129032257,0.5717767186804427
101_971,-0.43655913978494626,0.000596334223081918,-0.02615384615384616,Decreasing,0.6390322580645162,0.5664510617970719
101_972,0.0064516129032258064,0.9728828650934778,0.0,No significant trend,0.11225806451612903,0.43512482211666603
101_973,-0.6365591397849463,5.332578838501689e-07,-0.06,Decreasing,0.8567741935483871,0.6705721538563731
101_974,-0.021505376344086023,0.8784237055808175,0.0,No significant trend,0.04387096774193549,0.24029118651839543
101_975,-0.47096774193548385,0.00021120825007803212,-0.04,Decreasing,0.610967741935484,0.659199685046852
101_976,-0.5956989247311828,2.718582431837646e-06,-0.056666666666666664,Decreasing,0.9506451612903225,0.7249023760029011
101_977,-0.16989247311827957,0.18493228677225515,0.0,No significant trend,0.39096774193548384,0.7389240427100074
101_978,-0.004301075268817204,0.9864394742066862,0.0,No significant trend,0.24225806451612902,0.6299242641492673
101_979,-0.432258064516129,0.000675626717447253,-0.03600000000000001,Decreasing,1.1883870967741934,0.5359170420527221
101_98,-0.16344086021505377,0.2024043739887733,-0.008124999999999993,No significant trend,1.2677419354838708,1.0656051125925359
101_980,-0.7935483870967742,3.983280372210629e-10,-0.10578947368421052,Decreasing,1.524516129032258,1.1620750037136085
101_981,-0.46021505376344085,0.0002943335046816653,-0.020000000000000004,Decreasing,0.31129032258064515,0.38760423726406457
101_982,0.09032258064516129,0.4858947339033992,0.0,No significant trend,0.3045161290322581,0.482819933774002
101_983,-0.015053763440860216,0.9187737391879132,0.0,No significant trend,0.11258064516129034,0.43027348948595756
101_984,0.004301075268817204,0.9864394742066862,0.0,No significant trend,0.21483870967741933,0.5695548401347457
101_985,0.03655913978494624,0.7856661000859302,0.0,No significant trend,0.23129032258064514,0.6029269571953134
101_986,-0.4967741935483871,9.261151253348032e-05,-0.051000000000000004,Decreasing,0.7829032258064514,0.7670184989500122
101_987,0.034408602150537634,0.7987646104203716,0.0021739130434782626,No significant trend,1.125483870967742,0.32451292244936647
101_988,-0.004301075268817204,0.9864394742066862,0.0,No significant trend,0.20290322580645162,0.48850788977936777
101_989,-0.017204301075268817,0.9052952265477159,0.0,No significant trend,0.03064516129032258,0.16785046117093805
101_99,-0.3913978494623656,0.002095506748773568,-0.04833333333333334,Decreasing,1.2045161290322581,0.869374408780866
101_990,0.2989247311827957,0.019001296136927026,0.0,Decreasing,0.20032258064516129,0.37903514068910715
101_991,0.2172043010752688,0.08919834224618706,0.02285714285714286,No significant trend,1.3770967741935485,0.7121670407008189
101_992,-0.10752688172043011,0.4049437537873102,0.0,No significant trend,0.23387096774193547,0.6076749843267228
101_993,-0.2172043010752688,0.08919834224618706,0.0,No significant trend,0.5406451612903225,0.630907873668757
101_994,-0.05161290322580645,0.6958581513960522,0.0,No significant trend,0.18451612903225809,0.4239509916113435
101_995,-0.047311827956989246,0.721148135879736,0.0,No significant trend,0.16806451612903225,0.43790866152391766
101_996,-0.7397849462365591,5.5503484031049766e-09,-0.13857142857142854,Decreasing,1.7380645161290322,1.5669662889406324
101_997,-0.38924731182795697,0.0022181409445904965,-0.05500000000000001,Decreasing,2.0203225806451615,1.0194004685581453
101_998,0.010752688172043012,0.9457970432721066,0.0,No significant trend,0.8987096774193548,0.4428117049439635
147_1,-0.5913978494623656,3.2082201719685344e-06,-0.0325,Decreasing,0.36064516129032265,0.3392585414701565
147_10,-0.2129032258064516,0.09578337281012361,0.0,No significant trend,0.3841935483870968,0.538610962560766
147_100,-0.17419354838709677,0.1739206495334844,0.0,No significant trend,0.3019354838709678,0.3911226138482351
147_101,-0.17849462365591398,0.16340634586373248,-0.0125,No significant trend,0.777741935483871,0.5935823973425792
147_102,-0.11397849462365592,0.3767967991819643,0.0,No significant trend,0.14225806451612905,0.5479563773396762
147_103,-0.1978494623655914,0.12194188920122184,-0.012142857142857138,No significant trend,0.7238709677419356,0.488504481567945
147_104,-0.1053763440860215,0.4145985082462331,0.0,No significant trend,0.5309677419354839,0.8819127117903912
147_105,-0.6258064516129033,8.266810680446213e-07,-0.048666666666666664,Decreasing,0.613225806451613,0.6016825178092288
147_106,-0.27956989247311825,0.028340697604201104,-0.020000000000000018,Decreasing,0.7183870967741934,0.5727584458153906
147_107,-0.44086021505376344,0.0005257753160301526,-0.049999999999999996,Decreasing,0.6135483870967741,0.7670956889761442
147_108,-0.05591397849462366,0.6709019753135215,0.0,No significant trend,0.08838709677419355,0.4841160669561791
147_109,-0.3118279569892473,0.014385749502058731,-0.01384615384615385,Decreasing,0.5096774193548387,0.4644489198690571
147_11,0.1010752688172043,0.43431144285625,0.0,No significant trend,0.16,0.3666852390213287
147_110,-0.4860215053763441,0.00013120067777006028,-0.024999999999999994,Decreasing,0.7558064516129035,0.3474123160996621
147_111,-0.21935483870967742,0.08604531406845561,-0.0036363636363636394,No significant trend,0.5919354838709677,0.5348103031485072
147_112,-0.08817204301075268,0.49659521437046883,0.0,No significant trend,0.12483870967741936,0.3813970158022363
147_113,-0.4559139784946237,0.00033547510719911244,-0.025500000000000002,Decreasing,0.6887096774193548,0.40978941826955756
147_114,-0.17204301075268819,0.17936364721043319,0.0,No significant trend,0.11064516129032259,0.2912479874926561
147_115,-0.08387096774193549,0.5183675363290698,0.0,No significant trend,0.2564516129032258,0.5607342443796162
147_116,-0.010752688172043012,0.9457970432721066,0.0,No significant trend,0.1993548387096774,0.41351315838072955
147_117,-0.1913978494623656,0.13473584102323688,0.0,No significant trend,0.38999999999999996,0.6803983652860074
147_118,-0.16344086021505377,0.2024043739887733,0.0,No significant trend,0.2812903225806451,0.4873148411678804
147_119,0.04086021505376344,0.7596537518193331,0.0,No significant trend,0.07451612903225807,0.2838881959581456
147_12,-0.12688172043010754,0.3242351019547285,0.0,No significant trend,0.16838709677419353,0.5145627443743112
147_120,-0.034408602150537634,0.7987646104203716,0.0,No significant trend,0.36451612903225805,0.8676287250768983
147_121,-0.4043010752688172,0.0014812606762657499,-0.039047619047619046,Decreasing,0.6461290322580645,0.7911962254849577
147_122,0.0,1.0,0.0,No significant trend,0.0,0.0
147_123,-0.11397849462365592,0.3767967991819643,0.0,No significant trend,0.1429032258064516,0.5744741974518798
147_124,-0.3827956989247312,0.002626567745024566,0.0,Decreasing,0.5,0.9073285850728625
147_125,-0.1053763440860215,0.4145985082462331,0.0,No significant trend,0.2916129032258064,1.004416366479988
147_126,0.07741935483870968,0.551927301016857,0.0,No significant trend,0.2916129032258064,0.5737825640442978
147_127,-0.053763440860215055,0.6833368087995224,0.0,No significant trend,0.636774193548387,0.391987385386021
147_128,0.16559139784946236,0.19645146482180031,0.0,No significant trend,0.10870967741935483,0.33383153889044165
147_129,0.034408602150537634,0.7987646104203716,0.0,No significant trend,0.8335483870967741,0.8624928176871474
147_13,0.060215053763440864,0.6463036389969625,0.0,No significant trend,0.03354838709677419,0.18375208380818478
147_130,-0.18924731182795698,0.13922364714154067,-0.031052631578947373,No significant trend,1.568387096774194,0.9531343769262907
147_131,-0.16559139784946236,0.19645146482180031,0.0,No significant trend,0.3906451612903226,0.5500318787469297
147_132,-0.23010752688172043,0.07160518117391312,-0.02521739130434783,No significant trend,1.2083870967741936,1.080051064426581
147_133,-0.23870967741935484,0.061538570047021235,-0.011111111111111115,No significant trend,0.8038709677419356,0.4662110654459252
147_134,-0.11827956989247312,0.3587201702049656,0.0,No significant trend,0.29935483870967744,0.4754552011315456
147_135,0.2924731182795699,0.021760860424100192,0.0361904761904762,Increasing,1.9225806451612903,0.6258772823234727
147_136,-0.5720430107526882,6.667035368224106e-06,-0.06866666666666667,Decreasing,1.0238709677419355,0.7889015532815431
147_137,-0.3935483870967742,0.0019791198223833018,-0.008888888888888884,Decreasing,0.45774193548387093,0.6417652554323308
147_138,-0.053763440860215055,0.6833368087995224,0.0,No significant trend,0.5935483870967742,0.6601834954455381
147_139,-0.42795698924731185,0.0007646309234956572,-0.04684210526315789,Decreasing,0.6751612903225807,0.8417986540648731
147_14,-0.10752688172043011,0.4049437537873102,0.0,No significant trend,0.21548387096774194,0.5750615041983093
147_140,0.060215053763440864,0.6463036389969625,0.0,No significant trend,0.04290322580645162,0.2349906456393132
147_141,-0.04946236559139785,0.7084629632532715,0.0,No significant trend,0.1625806451612903,0.5100029585109349
147_142,-0.03870967741935484,0.7726279905852822,0.0,No significant trend,0.5658064516129032,0.7271942288068501
147_143,0.3139784946236559,0.013721204475508175,0.023636363636363636,Increasing,1.1451612903225807,0.4394782167726745
147_144,0.017204301075268817,0.9052952265477159,0.0,No significant trend,0.37387096774193546,0.37746760099681315
147_145,0.0,1.0,0.0,No significant trend,0.0,0.0
147_146,-0.17419354838709677,0.1739206495334844,0.0,No significant trend,0.6612903225806451,0.7252485310856075
147_147,-0.41935483870967744,0.0009761747063838921,-0.030000000000000013,Decreasing,0.6987096774193547,0.8981584813652225
147_148,-0.23655913978494625,0.06393835708593554,-0.013043478260869568,No significant trend,1.0793548387096776,0.4762483459212388
147_149,-0.047311827956989246,0.721148135879736,0.0,No significant trend,0.13387096774193546,0.4089851911456976
147_15,-0.1913978494623656,0.13473584102323688,-0.007000000000000001,No significant trend,0.4738709677419355,0.22794562763327572
147_150,-0.09462365591397849,0.46487326576717747,0.0,No significant trend,0.15580645161290324,0.36497259458360204
147_151,-0.2129032258064516,0.09578337281012361,0.0,No significant trend,0.6983870967741936,1.0849411958918256
147_152,-0.17849462365591398,0.16340634586373248,-0.029999999999999985,No significant trend,2.6519354838709677,0.8640393485470839
147_153,-0.3548387096774194,0.005313081962207367,-0.06200000000000001,Decreasing,2.4093548387096777,1.0598050200584554
147_154,-0.11397849462365592,0.3767967991819643,0.0,No significant trend,0.12741935483870967,0.489502497551607
147_155,-0.13548387096774195,0.29198463590975887,0.0,No significant trend,0.4574193548387097,0.8000522875732539
147_156,0.1978494623655914,0.12194188920122184,0.022,No significant trend,2.2529032258064516,0.7670689650131652
147_157,-0.4731182795698925,0.00019748250781770338,-0.042666666666666665,Decreasing,0.9067741935483871,0.6022826851922726
147_158,-0.11827956989247312,0.3587201702049656,0.0,No significant trend,0.1729032258064516,0.5340906866839166
147_159,-0.10967741935483871,0.3954246967469044,0.0,No significant trend,0.2593548387096774,0.5475454642126194
147_16,-0.23870967741935484,0.061538570047021235,0.0,No significant trend,0.24806451612903224,0.466223118085825
147_160,-0.31827956989247314,0.012472954020329219,-0.027499999999999997,Decreasing,0.9941935483870968,1.1973432261672923
147_161,0.4989247311827957,8.630833449374542e-05,0.2168,Increasing,5.108709677419354,2.688842828136758
147_162,-0.513978494623656,5.229024939912286e-05,-0.12000000000000001,Decreasing,2.542258064516129,1.9608633873182717
147_163,-0.0967741935483871,0.45455525621868187,0.0,No significant trend,0.4409677419354839,0.8505609338461436
147_164,-0.03225806451612903,0.8119200006410021,0.0,No significant trend,0.19903225806451613,0.4300439200279033
147_165,-0.15483870967741936,0.22753013024096425,0.0,No significant trend,0.14870967741935484,0.39093553577559825
147_166,-0.06666666666666667,0.6101267703127584,0.0,No significant trend,0.07032258064516128,0.2148740647068949
147_167,0.023655913978494623,0.8650383150743488,0.0,No significant trend,0.3454838709677419,0.5904937174814103
147_168,0.0,1.0,0.0,No significant trend,0.0,0.0
147_169,0.004301075268817204,0.9864394742066862,0.0,No significant trend,0.045806451612903226,0.25089226827655997
147_17,0.13763440860215054,0.28427093926275426,0.013749999999999998,No significant trend,1.494516129032258,0.8506006936644449
147_170,-0.1053763440860215,0.4145985082462331,-0.0057142857142857195,No significant trend,1.2751612903225804,0.9896101251462031
147_171,0.030107526881720432,0.8251287015820885,0.0,No significant trend,0.045806451612903226,0.25089226827655997
147_172,-0.05161290322580645,0.6958581513960522,0.0,No significant trend,0.0464516129032258,0.25442596219594815
147_173,-0.053763440860215055,0.6833368087995224,0.0,No significant trend,0.09709677419354838,0.36978802601374544
147_174,-0.012903225806451613,0.9322756334126572,0.0,No significant trend,0.17483870967741935,0.4552551285267942
147_175,-0.38064516129032255,0.0027772931948595314,-0.018888888888888893,Decreasing,0.41516129032258076,0.3058238051425746
147_176,-0.15268817204301074,0.2341449862943059,0.0,No significant trend,0.4306451612903225,1.077416071078635
147_177,-0.10967741935483871,0.3954246967469044,0.0,No significant trend,0.14451612903225808,0.4440854226869873
147_178,-0.2989247311827957,0.019001296136927026,-0.016666666666666663,Decreasing,0.6441935483870967,0.45579263956426214
147_179,-0.10967741935483871,0.3954246967469044,0.0,No significant trend,0.06290322580645161,0.23953171449237928
147_18,-0.11612903225806452,0.3676892969544798,-0.004285714285714289,No significant trend,1.7164516129032261,0.8596043665626226
147_180,-0.1935483870967742,0.1303606801133712,0.0,No significant trend,0.20483870967741935,0.5531194292534749
147_181,-0.11182795698924732,0.3860421406420662,0.0,No significant trend,0.19870967741935483,0.45697986075116476
147_182,-0.07096774193548387,0.5865203757130351,0.0,No significant trend,0.42580645161290326,0.6463584054883742
147_183,-0.14193548387096774,0.26926051859260536,0.0,No significant trend,0.3964516129032257,0.4447148298817495
147_184,-0.09247311827956989,0.47532023939393775,0.0,No significant trend,0.17096774193548386,0.5400140669536344
147_185,0.12688172043010754,0.3242351019547285,0.0,No significant trend,0.28193548387096773,0.5816518155626667
147_186,-0.34623655913978496,0.006539518436156966,-0.029285714285714283,Decreasing,0.6041935483870968,0.5779818849351728
147_187,-0.08602150537634409,0.5074200543722851,0.0,No significant trend,0.14387096774193547,0.3746884935805263
147_188,-0.030107526881720432,0.8251287015820885,0.0,No significant trend,0.4403225806451612,0.4677156833567337
147_189,-0.36129032258064514,0.004534009191836885,-0.008461538461538468,Decreasing,0.4551612903225806,0.4943087122615683
147_19,-0.33763440860215055,0.008014910367279748,-0.06666666666666665,Decreasing,3.0909677419354846,1.3377264169856828
147_190,-0.09247311827956989,0.47532023939393775,0.0,No significant trend,0.12129032258064515,0.46197152499515326
147_191,-0.43010752688172044,0.000718850062535914,-0.022857142857142854,Decreasing,0.7012903225806452,0.39158686207725213
147_192,0.01935483870967742,0.8918439412522505,0.0,No significant trend,0.2919354838709677,0.5533500283746132
147_193,-0.49032258064516127,0.0001142313991857602,-0.051034482758620686,Decreasing,0.8048387096774193,0.7413147473446035
147_194,-0.24086021505376345,0.05921383944155778,0.0,No significant trend,0.20806451612903226,0.5826603024882796
147_195,-0.3311827956989247,0.009310109795033439,-0.012857142857142859,Decreasing,0.3396774193548387,0.36891719388194333
147_196,0.21505376344086022,0.09244378064522207,0.0,No significant trend,0.2667741935483871,0.5370011539410572
147_197,0.008602150537634409,0.959334085947048,0.0,No significant trend,0.05,0.27386127875258304
147_198,0.13978494623655913,0.2766963536434415,0.00833333333333334,No significant trend,1.0093548387096773,0.8275417755125856
147_199,-0.3333333333333333,0.008858992984779324,-0.018888888888888886,Decreasing,0.9045161290322581,0.5410732387947628
147_2,0.03655913978494624,0.7856661000859302,0.0,No significant trend,0.4296774193548387,0.7536555381175646
147_20,-0.44086021505376344,0.0005257753160301526,-0.08206896551724138,Decreasing,1.9238709677419352,1.194200170769878
147_200,-0.45806451612903226,0.0003142746175728295,-0.05875,Decreasing,1.20741935483871,0.725974174169353
147_201,-0.5591397849462365,1.0722196304380205e-05,-0.09703703703703705,Decreasing,2.184838709677419,1.1596714522705291
147_202,0.3419354838709677,0.007243570523155052,0.061818181818181814,Increasing,1.934193548387097,1.2025584934966604
147_203,-0.4021505376344086,0.001570485444849723,-0.02727272727272728,Decreasing,1.7225806451612902,0.5084826748210131
147_204,-0.13333333333333333,0.2998377295670276,0.0,No significant trend,0.6587096774193549,0.8635550748653514
147_205,-0.043010752688172046,0.7467467998855972,0.0,No significant trend,0.21258064516129033,0.677261886459881
147_206,-0.4559139784946237,0.00033547510719911244,-0.032857142857142856,Decreasing,0.9474193548387099,0.5658448877958915
147_207,-0.23440860215053763,0.06641490832840091,-0.009047619047619046,No significant trend,0.5064516129032258,0.4667910245087353
147_208,0.16344086021505377,0.2024043739887733,0.0104,No significant trend,0.610967741935484,0.3584766590566944
147_209,-0.06451612903225806,0.6220860087372633,-0.007499999999999997,No significant trend,1.593548387096774,0.5042371970456913
147_21,-0.6623655913978495,1.809631058335981e-07,-0.0925,Decreasing,2.4970967741935484,1.0073382157733002
147_210,-0.10752688172043011,0.4049437537873102,0.0,No significant trend,0.28161290322580645,0.4300269817055635
147_211,-0.35698924731182796,0.005040894639046778,-0.024285714285714275,Decreasing,1.0325806451612902,0.5497680903560858
147_212,-0.3161290322580645,0.013083919895177765,0.0,Decreasing,0.6216129032258064,0.9710556170716536
147_213,-0.3978494623655914,0.0017639537009741524,-0.03894736842105263,Decreasing,1.4019354838709677,0.5705086545092257
147_214,-0.2924731182795699,0.021760860424100192,-0.006249999999999999,Decreasing,0.3293548387096774,0.32406625650570153
147_215,0.2623655913978495,0.03972794794507628,0.016666666666666663,Increasing,0.6809677419354837,0.4317582570233074
147_216,-0.34838709677419355,0.006211110408963716,-0.024999999999999998,Decreasing,0.5438709677419354,0.4338550182942033
147_217,-0.5161290322580645,4.862413806594468e-05,-0.06535714285714285,Decreasing,1.0732258064516127,0.8702331430168554
147_218,0.023655913978494623,0.8650383150743488,0.0009090909090909098,No significant trend,1.1135483870967742,0.41090418306302123
147_219,-0.36129032258064514,0.004534009191836885,-0.020000000000000018,Decreasing,0.4761290322580645,0.45165414558226313
147_22,-0.13548387096774195,0.29198463590975887,0.0,No significant trend,0.39741935483870966,0.6488250807666437
147_220,-0.15268817204301074,0.2341449862943059,0.0,No significant trend,0.3674193548387097,0.7145897435318213
147_221,0.021505376344086023,0.8784237055808175,0.0,No significant trend,0.16709677419354838,0.546987017292338
147_222,-0.3655913978494624,0.004073741154636101,-0.017500000000000005,Decreasing,0.4025806451612903,0.4407762049512164
147_223,-0.13118279569892474,0.30783043013369626,0.0,No significant trend,0.11741935483870967,0.35964110911758357
147_224,-0.12903225806451613,0.3159628698783248,0.0,No significant trend,0.4816129032258065,0.5676442364618401
147_225,-0.23010752688172043,0.07160518117391312,0.0,No significant trend,0.23129032258064516,0.36087476100740823
147_226,-0.4064516129032258,0.0013967278652837756,-0.03370370370370371,Decreasing,0.5519354838709677,0.5847327448796102
147_227,-0.6451612903225806,3.736217171201872e-07,-0.049999999999999996,Decreasing,1.1283870967741936,0.595765145187769
147_228,-0.3655913978494624,0.004073741154636101,-0.020000000000000018,Decreasing,0.5180645161290323,0.6317329946130964
147_229,-0.16559139784946236,0.19645146482180031,0.0,No significant trend,0.2170967741935484,0.41627529312585154
147_23,-0.4,0.001664635394999392,-0.11307692307692309,Decreasing,2.749354838709678,1.7973025226601274
147_230,-0.004301075268817204,0.9864394742066862,0.0,No significant trend,0.29870967741935484,0.5208290037974748
147_231,-0.43010752688172044,0.000718850062535914,-0.05428571428571429,Decreasing,1.8170967741935489,0.8867708492174583
147_232,-0.021505376344086023,0.8784237055808175,-0.0013333333333333346,No significant trend,1.4906451612903227,0.5478340664946556
147_233,-0.05591397849462366,0.6709019753135215,0.0,No significant trend,0.45774193548387093,0.6407692437416812
147_235,-0.010752688172043012,0.9457970432721066,0.0,No significant trend,1.485483870967742,0.771148446901898
147_236,-0.1870967741935484,0.14382566910763628,-0.008571428571428574,No significant trend,0.9206451612903226,0.316390280466011
147_237,-0.5397849462365591,2.146270321023991e-05,-0.05555555555555555,Decreasing,0.6870967741935484,0.6446013699323221
147_24,-0.2946236559139785,0.020804552083621086,-0.030555555555555544,Decreasing,1.8109677419354837,0.6928033507644035
147_25,-0.1956989247311828,0.12609656894220533,0.0,No significant trend,0.4474193548387097,0.509680277656338
147_26,0.04516129032258064,0.7339104943970112,0.0,No significant trend,0.5841935483870968,0.33471002561724866
147_27,-0.2172043010752688,0.08919834224618706,0.0,No significant trend,0.2903225806451613,0.6089148670352583
147_28,-0.12043010752688173,0.34988986770468866,0.0,No significant trend,0.22838709677419355,0.5367410427108039
147_29,-0.1827956989247312,0.1533785068859166,-0.01,No significant trend,0.6764516129032258,0.5409820722513811
147_3,-0.16989247311827957,0.18493228677225515,0.0,No significant trend,0.40419354838709676,0.528276407327662
147_30,-0.05161290322580645,0.6958581513960522,0.0,No significant trend,0.06935483870967742,0.37987209633422825
147_31,-0.04946236559139785,0.7084629632532715,0.0,No significant trend,0.15548387096774194,0.47510839992083714
147_32,-0.07956989247311828,0.5406231028187141,0.0,No significant trend,1.0519354838709678,0.9397028334492282
147_33,0.015053763440860216,0.9187737391879132,0.0,No significant trend,0.18193548387096772,0.5570916375353901
147_34,-0.04946236559139785,0.7084629632532715,0.0,No significant trend,0.11580645161290322,0.4457091065934285
147_35,-0.3655913978494624,0.004073741154636101,0.0,Decreasing,0.35580645161290325,0.5870691237728392
147_36,-0.36989247311827955,0.0036562858092210604,0.0,Decreasing,0.5309677419354839,0.7453267516340417
147_37,-0.2709677419354839,0.033624002608237724,-0.015833333333333335,Decreasing,0.5680645161290323,0.5215140449340512
147_38,-0.2924731182795699,0.021760860424100192,-0.02461538461538462,Decreasing,0.7896774193548387,0.8739509245503276
147_39,-0.3870967741935484,0.002347320421192567,-0.028260869565217388,Decreasing,0.7061290322580646,0.480447891970673
147_4,-0.5440860215053763,1.843097094700319e-05,-0.030000000000000002,Decreasing,0.6516129032258063,0.40150600987100926
147_40,-0.025806451612903226,0.8516915353162966,0.0,No significant trend,1.0219354838709678,0.9485214958532746
147_41,-0.06236559139784946,0.6341458536966633,0.0,No significant trend,0.08580645161290323,0.3392950395000558
147_42,0.01935483870967742,0.8918439412522505,0.0,No significant trend,0.4409677419354838,0.9293541109155038
147_43,-0.14623655913978495,0.2548032960076365,-0.0077272727272727345,No significant trend,1.4716129032258067,0.557986569234789
147_44,-0.31827956989247314,0.012472954020329219,-0.010000000000000009,Decreasing,0.5145161290322581,0.5982654428114956
147_45,-0.47956989247311826,0.00016116403623755993,-0.049523809523809526,Decreasing,0.7122580645161289,0.657878847937822
147_46,-0.7096774193548387,2.2470017180253876e-08,-0.05500000000000005,Decreasing,0.7693548387096775,0.5636055328597611
147_47,-0.2731182795698925,0.032229828676073824,0.0,Decreasing,0.6558064516129033,0.8837521700244321
147_48,-0.35268817204301073,0.005598474454852953,-0.04296296296296296,Decreasing,0.7716129032258064,0.832272818073782
147_49,-0.4021505376344086,0.001570485444849723,-0.03800000000000001,Decreasing,0.5470967741935484,0.6477514136306936
147_5,-0.36129032258064514,0.004534009191836885,0.0,Decreasing,0.4845161290322581,0.8500695937721707
147_50,-0.6451612903225806,3.736217171201872e-07,-0.07,Decreasing,1.1680645161290324,0.7584892427197238
147_51,0.0,1.0,0.0,No significant trend,0.0,0.0
147_52,-0.44516129032258067,0.000463060547241545,-0.05600000000000001,Decreasing,0.8264516129032259,0.8308897228451295
147_53,-0.23010752688172043,0.07160518117391312,0.0,No significant trend,0.5154838709677418,0.8341959184658095
147_54,-0.3139784946236559,0.013721204475508175,-0.05240000000000002,Decreasing,2.5183870967741933,0.9511795623506146
147_55,-0.13978494623655913,0.2766963536434415,0.0,No significant trend,0.2958064516129032,0.6127819914052914
147_56,-0.4731182795698925,0.00019748250781770338,-0.03739130434782609,Decreasing,0.5248387096774193,0.5970566027510773
147_57,-0.3655913978494624,0.004073741154636101,-0.022857142857142847,Decreasing,0.5551612903225807,0.40441810820423996
147_58,-0.2903225806451613,0.022755199240110047,-0.02178571428571429,Decreasing,0.6658064516129033,0.6085613611468915
147_59,-0.4150537634408602,0.0011011819487161123,-0.03869565217391304,Decreasing,0.6664516129032259,0.9206643757743531
147_6,0.07741935483870968,0.551927301016857,0.0,No significant trend,0.06967741935483872,0.265323708204291
147_60,-0.023655913978494623,0.8650383150743488,0.0,No significant trend,0.34258064516129033,0.7160778825092551
147_61,-0.23655913978494625,0.06393835708593554,0.0,No significant trend,0.5096774193548386,0.6562379774430168
147_62,-0.004301075268817204,0.9864394742066862,0.0,No significant trend,0.45032258064516134,0.9655601211497036
147_63,-0.35698924731182796,0.005040894639046778,-0.01833333333333333,Decreasing,0.5341935483870968,0.5690159825044225
147_64,-0.3032258064516129,0.017336219440732936,-0.010666666666666677,Decreasing,0.7741935483870968,0.8521690510522428
147_65,-0.47956989247311826,0.00016116403623755993,-0.02857142857142858,Decreasing,0.9945161290322581,0.46431245534819243
147_66,-0.11612903225806452,0.3676892969544798,0.0,No significant trend,0.19870967741935483,0.46157333975313564
147_67,0.0,1.0,0.0,No significant trend,0.0,0.0
147_68,-0.22365591397849463,0.08000950089470127,-0.005624999999999998,No significant trend,0.9625806451612903,1.1148440300052262
147_69,-0.043010752688172046,0.7467467998855972,0.0,No significant trend,0.43774193548387097,0.6454591248017199
147_7,-0.015053763440860216,0.9187737391879132,0.0,No significant trend,0.31806451612903225,0.3852642105967039
147_70,-0.021505376344086023,0.8784237055808175,0.0,No significant trend,0.15,0.39107791485057164
147_71,-0.1827956989247312,0.1533785068859166,0.0,No significant trend,0.402258064516129,0.4815680682628858
147_72,-0.08602150537634409,0.5074200543722851,0.0,No significant trend,0.3651612903225806,0.6463538977079091
147_73,-0.15483870967741936,0.22753013024096425,-0.004761904761904761,No significant trend,0.616451612903226,0.34547347955819085
147_74,0.2021505376344086,0.11395424835779155,0.0,No significant trend,0.27,0.4014811287896276
147_75,-0.0967741935483871,0.45455525621868187,0.0,No significant trend,0.432258064516129,0.6256336642075796
147_76,-0.09247311827956989,0.47532023939393775,-0.0057142857142857195,No significant trend,1.3038709677419353,0.39853503848352334
147_77,-0.33978494623655914,0.007620496341621097,-0.0208,Decreasing,1.5390322580645164,0.42805904656544064
147_78,-0.13118279569892474,0.30783043013369626,0.0,No significant trend,0.18387096774193548,0.42003592334354395
147_79,-0.2645161290322581,0.038119926564599727,-0.010000000000000009,Decreasing,0.6880645161290323,0.7024171141773826
147_8,-0.07311827956989247,0.5748781452473757,0.0,No significant trend,0.49516129032258066,0.7368322388298305
147_80,-0.008602150537634409,0.959334085947048,0.0,No significant trend,0.5525806451612902,0.8287455259138142
147_81,-0.15268817204301074,0.2341449862943059,0.0,No significant trend,0.34645161290322574,0.7503227193298628
147_82,-0.24946236559139784,0.050631724603018124,-0.006,No significant trend,0.6293548387096775,0.5764011566993328
147_83,-0.07956989247311828,0.5406231028187141,-0.006500000000000001,No significant trend,0.9074193548387096,0.5104771186425973
147_84,-0.2,0.11789500171022893,0.0,No significant trend,0.3629032258064516,0.7039711941888381
147_85,-0.3333333333333333,0.008858992984779324,-0.022857142857142854,Decreasing,0.6938709677419356,0.49641734145682653
147_86,-0.535483870967742,2.4965491662198858e-05,-0.06055555555555555,Decreasing,0.7648387096774193,0.7690122318241169
147_87,-0.25591397849462366,0.0449013762794892,-0.03307692307692307,Decreasing,1.2035483870967743,0.9660312837621129
147_88,-0.17634408602150536,0.16860199558675504,-0.009090909090909089,No significant trend,0.789032258064516,0.6488319770505213
147_89,0.023655913978494623,0.8650383150743488,0.0,No significant trend,0.30838709677419357,0.5722569734869768
147_9,0.23655913978494625,0.06393835708593554,0.010526315789473682,No significant trend,0.8903225806451615,0.3526991212567388
147_90,-0.36774193548387096,0.003859889400894323,-0.010869565217391304,Decreasing,0.4193548387096775,0.5346867366482496
147_91,-0.09247311827956989,0.47532023939393775,0.0,No significant trend,0.27999999999999997,0.45747554138745167
147_92,-0.3720430107526882,0.0034624952577932966,0.0,Decreasing,0.45225806451612904,0.9291817756028058
147_93,-0.06451612903225806,0.6220860087372633,0.0,No significant trend,0.056451612903225805,0.30919821794646474
147_94,-0.04086021505376344,0.7596537518193331,0.0,No significant trend,0.1164516129032258,0.38913094559541156
147_95,-0.13978494623655913,0.2766963536434415,0.0,No significant trend,0.09870967741935484,0.25656215917249126
147_96,-0.2989247311827957,0.019001296136927026,0.0,Decreasing,0.6390322580645161,0.9586595306643599
147_97,-0.07096774193548387,0.5865203757130351,0.0,No significant trend,0.13774193548387095,0.42093375218113144
147_98,-0.21935483870967742,0.08604531406845561,0.0,No significant trend,0.5332258064516128,0.6135322748130312
147_99,0.0,1.0,0.0,No significant trend,0.0,0.0
