location,tau,p_value,slope,trend_class,mean_value,std_value
101_1,0.03225806451612903,0.8119200006410021,0.012631578947368433,No significant trend,6.510645161290323,2.410382027656774
101_10,-0.26021505376344084,0.04139316901026291,-0.11423076923076926,Decreasing,14.726774193548387,2.9014316678503724
101_100,-0.47096774193548385,0.00021120825007803212,-0.22399999999999984,Decreasing,15.34290322580645,3.397820167969541
101_1000,0.5010752688172043,8.041203646391715e-05,0.3116666666666668,Increasing,11.643870967741936,3.9165634025988245
101_1001,-0.05591397849462366,0.6709019753135215,-0.02666666666666669,No significant trend,25.843870967741932,2.7302991416153497
101_1002,-0.5806451612903226,4.830075495565467e-06,-0.2742857142857143,Decreasing,12.261290322580646,3.0386719742883903
101_1003,-0.16129032258064516,0.20848766222654147,-0.06333333333333337,No significant trend,15.010645161290322,17.488064120437716
101_1004,-0.45376344086021503,0.00035800799918561665,-0.26192307692307687,Decreasing,20.95032258064516,4.245543761572314
101_1005,-0.3032258064516129,0.017336219440732936,-0.12777777777777802,Decreasing,16.45774193548387,2.537154501732358
101_1006,0.06666666666666667,0.6101267703127584,0.02666666666666669,No significant trend,11.162903225806454,2.008551385465184
101_1007,0.08387096774193549,0.5183675363290698,0.03153846153846155,No significant trend,10.690967741935484,6.489968117044163
101_1008,-0.210752688172043,0.09921885768990202,-0.08684210526315782,No significant trend,18.57032258064516,2.6577804029180583
101_1009,-0.06451612903225806,0.6220860087372633,-0.024615384615384636,No significant trend,12.040967741935484,2.702070120193643
101_101,-0.4989247311827957,8.630833449374542e-05,-0.2866666666666668,Decreasing,17.23548387096774,5.6553433703743075
101_1010,-0.2,0.11789500171022893,-0.09227272727272724,No significant trend,11.72903225806452,2.7927733410435023
101_1013,0.06666666666666667,0.6101267703127584,0.028928571428571446,No significant trend,14.350322580645164,2.8498811337645105
101_1014,-0.13978494623655913,0.2766963536434415,-0.07999999999999982,No significant trend,26.444193548387094,3.5225913978330508
101_1015,-0.221505376344086,0.08298294959133434,-0.07173913043478262,No significant trend,8.454193548387098,2.3256116423268347
101_1016,-0.2709677419354839,0.033624002608237724,-0.14842105263157895,Decreasing,9.839032258064517,6.903010729239213
101_1017,-0.015053763440860216,0.9187737391879132,-0.00807692307692311,No significant trend,10.816129032258065,2.644025129717281
101_1018,-0.24731182795698925,0.05267307614212502,-0.13800000000000026,No significant trend,9.397741935483868,4.8072799026512865
101_1019,-0.10967741935483871,0.3954246967469044,-0.0600000000000005,No significant trend,15.324516129032258,2.484661122749165
101_102,-0.11827956989247312,0.3587201702049656,-0.05333333333333338,No significant trend,14.25322580645161,4.636284933140921
101_1020,0.2086021505376344,0.10275196797700414,0.08499999999999996,No significant trend,21.48258064516129,2.9327186195680066
101_1021,0.221505376344086,0.08298294959133434,0.12647058823529414,No significant trend,19.491612903225807,3.135625776690581
101_1022,0.012903225806451613,0.9322756334126572,0.003529411764705807,No significant trend,14.098064516129032,2.624210381213733
101_1023,0.07096774193548387,0.5865203757130351,0.02759999999999998,No significant trend,9.373225806451615,1.9860666056088532
101_1024,-0.26881720430107525,0.035069438571895484,-0.08649999999999994,Decreasing,17.504838709677415,2.6774649432574327
101_1025,-0.13978494623655913,0.2766963536434415,-0.11,No significant trend,10.83806451612903,3.4970950334895137
101_1026,-0.07096774193548387,0.5865203757130351,-0.021999999999999974,No significant trend,9.725483870967741,3.708351375902668
101_1027,-0.24516129032258063,0.05478277122914399,-0.09666666666666668,No significant trend,8.58548387096774,2.462114012597747
101_1028,-0.14408602150537633,0.2619630008374654,-0.113448275862069,No significant trend,15.776774193548386,4.39837461701389
101_1029,-0.16989247311827957,0.18493228677225515,-0.03958333333333338,No significant trend,15.103548387096772,1.9325906870798384
101_103,-0.15698924731182795,0.22104956212356597,-0.09785714285714286,No significant trend,10.943870967741939,3.3402459610221626
101_1030,-0.221505376344086,0.08298294959133434,-0.08,No significant trend,6.900967741935484,2.1970909723757233
101_1031,-0.47096774193548385,0.00021120825007803212,-0.2450000000000001,Decreasing,11.09677419354839,3.1102851099441793
101_1032,0.17849462365591398,0.16340634586373248,0.07166666666666661,No significant trend,12.09741935483871,2.664806435798021
101_1033,-0.04516129032258064,0.7339104943970112,-0.05791666666666654,No significant trend,18.2958064516129,8.304077029831655
101_1034,-0.053763440860215055,0.6833368087995224,-0.018571428571428683,No significant trend,11.82064516129032,2.010652173900814
101_1035,-0.14838709677419354,0.24778083040054266,-0.05541666666666659,No significant trend,11.409032258064517,3.6447065945353874
101_1036,0.33978494623655914,0.007620496341621097,0.09230769230769226,Increasing,11.15064516129032,3.18156680358945
101_1037,-0.17419354838709677,0.1739206495334844,-0.06666666666666672,No significant trend,9.363870967741937,2.2541627119038616
101_1038,0.05806451612903226,0.6585566199856316,0.020869565217391323,No significant trend,13.412903225806453,1.9417620756356044
101_1039,0.17204301075268819,0.17936364721043319,0.07210526315789478,No significant trend,18.55032258064516,2.4200526305540144
101_104,-0.11397849462365592,0.3767967991819643,-0.05624999999999991,No significant trend,10.59290322580645,2.6109264127068452
101_1040,-0.1870967741935484,0.14382566910763628,-0.07470588235294126,No significant trend,12.571290322580646,2.350246029585789
101_1042,-0.32688172043010755,0.010274278203273202,-0.12307692307692306,Decreasing,17.378709677419355,2.35267554202346
101_1043,-0.025806451612903226,0.8516915353162966,-0.0060000000000001085,No significant trend,10.880967741935484,1.6637779683574596
101_1044,-0.5161290322580645,4.862413806594468e-05,-0.21909090909090911,Decreasing,14.506451612903223,3.0326253380869646
101_1045,-0.24516129032258063,0.05478277122914399,-0.08750000000000002,No significant trend,14.638709677419357,2.319033088185655
101_1046,0.010752688172043012,0.9457970432721066,0.010666666666666677,No significant trend,14.923548387096778,3.191942020238136
101_1047,-0.4150537634408602,0.0011011819487161123,-0.1471428571428571,Decreasing,9.42290322580645,2.4157683524233526
101_1048,-0.3161290322580645,0.013083919895177765,-0.16749999999999998,Decreasing,16.514193548387098,6.044912963536577
101_1049,0.021505376344086023,0.8784237055808175,0.005714285714285593,No significant trend,12.846451612903229,3.646412774032368
101_105,-0.04946236559139785,0.7084629632532715,-0.0216666666666665,No significant trend,14.555483870967743,2.9533183509398238
101_1050,0.04086021505376344,0.7596537518193331,0.025263157894736866,No significant trend,12.441935483870965,2.431804612475481
101_1051,-0.23010752688172043,0.07160518117391312,-0.1146666666666666,No significant trend,17.284193548387094,3.3046075109229993
101_1052,0.5053763440860215,6.974277946447671e-05,0.253,Increasing,11.809354838709679,3.077296609440921
101_1054,-0.44086021505376344,0.0005257753160301526,-0.18750000000000008,Decreasing,16.24709677419355,3.354615687376065
101_1055,-0.221505376344086,0.08298294959133434,-0.09440000000000005,No significant trend,9.865161290322579,2.883871581150256
101_1056,-0.1935483870967742,0.1303606801133712,-0.13999999999999937,No significant trend,20.40258064516129,5.258546940069634
101_1057,0.14838709677419354,0.24778083040054266,0.0620000000000001,No significant trend,16.381612903225808,2.048415747831123
101_1058,0.5655913978494623,8.465459469420011e-06,0.27133333333333337,Increasing,21.014193548387095,3.47931099426267
101_1059,-0.13118279569892474,0.30783043013369626,-0.04153846153846154,No significant trend,9.113870967741937,1.897724745361436
101_106,0.15483870967741936,0.22753013024096425,0.06555555555555553,No significant trend,13.87225806451613,2.680317397764217
101_1060,-0.3204301075268817,0.011887389113116376,-0.11600000000000002,Decreasing,20.033870967741937,2.5448476441110914
101_1061,-0.13548387096774195,0.29198463590975887,-0.06111111111111119,No significant trend,15.54032258064516,2.5452099018212277
101_1063,0.42795698924731185,0.0007646309234956572,0.1207692307692308,Increasing,10.321612903225807,1.8132079872410658
101_1064,-0.24731182795698925,0.05267307614212502,-0.10785714285714297,No significant trend,10.441612903225806,2.9589046543242814
101_1065,-0.17419354838709677,0.1739206495334844,-0.08150000000000004,No significant trend,11.628387096774196,2.259587596934583
101_1066,0.0967741935483871,0.45455525621868187,0.03687499999999999,No significant trend,15.510967741935485,2.507579934516879
101_1067,-0.043010752688172046,0.7467467998855972,-0.00933333333333337,No significant trend,7.356774193548386,1.8133134652356702
101_1068,0.2860215053763441,0.024862848209154853,0.2466666666666666,Increasing,16.54064516129032,6.134658775632458
101_1069,-0.0967741935483871,0.45455525621868187,-0.029999999999999978,No significant trend,12.073870967741936,2.0288288015333675
101_107,-0.12688172043010754,0.3242351019547285,-0.06499999999999995,No significant trend,13.737741935483871,3.311839669718152
101_1070,0.34838709677419355,0.006211110408963716,0.12363636363636359,Increasing,13.513870967741937,2.1126648474247456
101_1071,-0.012903225806451613,0.9322756334126572,-0.00551724137931035,No significant trend,7.122903225806453,2.1668681034459687
101_1073,-0.015053763440860216,0.9187737391879132,-0.005999999999999991,No significant trend,28.443225806451615,2.3340085787729317
101_1074,-0.4344086021505376,0.000634829801147152,-0.15388888888888885,Decreasing,12.838387096774193,2.088949568986525
101_1075,-0.43655913978494626,0.000596334223081918,-0.19200000000000006,Decreasing,15.443870967741935,3.0297340215628155
101_1076,-0.432258064516129,0.000675626717447253,-0.22142857142857136,Decreasing,19.843225806451613,3.1659543606198075
101_1077,-0.4258064516129032,0.0008131066227232697,-0.1536363636363636,Decreasing,13.819032258064514,2.223477884348127
101_1078,0.09462365591397849,0.46487326576717747,0.027083333333333348,No significant trend,12.534193548387098,2.573261736112171
101_1079,0.07741935483870968,0.551927301016857,0.0433333333333334,No significant trend,10.313870967741934,11.332883264206195
101_108,-0.1053763440860215,0.4145985082462331,-0.048333333333333194,No significant trend,15.573548387096775,3.163484755146733
101_1081,-0.18064516129032257,0.158332321603736,-0.12400000000000005,No significant trend,18.31064516129032,4.683642045414375
101_1082,0.07741935483870968,0.551927301016857,0.03399999999999999,No significant trend,10.529032258064516,2.9474016493905926
101_1083,0.2903225806451613,0.022755199240110047,0.09625000000000006,Increasing,11.844838709677422,2.5688893934774453
101_1084,-0.13548387096774195,0.29198463590975887,-0.06499999999999997,No significant trend,6.269677419354839,3.3555841603559955
101_1085,-0.0064516129032258064,0.9728828650934778,-0.0042857142857143215,No significant trend,17.674193548387098,2.6707601602365503
101_1086,0.002150537634408602,1.0,0.003999999999999915,No significant trend,23.686451612903223,4.482439246938814
101_1087,-0.23225806451612904,0.06896994111977195,-0.1338888888888889,No significant trend,10.984193548387099,2.8526612071080266
101_1088,0.0064516129032258064,0.9728828650934778,0.00454545454545461,No significant trend,10.685806451612903,3.310634647464234
101_1089,-0.16559139784946236,0.19645146482180031,-0.0816666666666667,No significant trend,13.887419354838709,3.2187394524644577
101_109,0.1913978494623656,0.13473584102323688,0.042941176470588205,No significant trend,6.82774193548387,1.4586708702089906
101_1090,0.2645161290322581,0.038119926564599727,0.13833333333333334,Increasing,11.366129032258065,7.990296808011882
101_1091,-0.01935483870967742,0.8918439412522505,-0.008000000000000184,No significant trend,14.196129032258062,3.383412743045443
101_1092,-0.5483870967741935,1.5809977126357566e-05,-0.34176470588235297,Decreasing,18.836129032258064,4.6411912246050235
101_1093,0.23870967741935484,0.061538570047021235,0.1890909090909091,No significant trend,21.03387096774193,5.143734477055309
101_1094,0.18064516129032257,0.158332321603736,0.09555555555555559,No significant trend,11.940645161290323,2.7714104194072675
101_1095,-0.25591397849462366,0.0449013762794892,-0.07714285714285715,Decreasing,12.771935483870969,1.7565608248283175
101_1097,0.13548387096774195,0.29198463590975887,0.05785714285714277,No significant trend,15.785806451612904,2.1616656871922135
101_1099,-0.22795698924731184,0.07432236131839742,-0.07249999999999998,No significant trend,8.749032258064515,2.195060958575557
101_11,0.1053763440860215,0.4145985082462331,0.04095238095238093,No significant trend,18.958387096774192,2.8871786616608324
101_110,-0.05806451612903226,0.6585566199856316,-0.025000000000000355,No significant trend,14.871290322580643,2.608718313328107
101_1100,0.15268817204301074,0.2341449862943059,0.12090909090909091,No significant trend,14.002580645161292,7.653659874158428
101_1101,0.004301075268817204,0.9864394742066862,0.0022222222222222734,No significant trend,14.854838709677422,4.639247624601702
101_1102,-0.13548387096774195,0.29198463590975887,-0.049999999999999975,No significant trend,12.372258064516128,2.2780788590918917
101_1103,-0.2129032258064516,0.09578337281012361,-0.10047619047619046,No significant trend,12.000322580645161,3.0031655168751823
101_1104,0.0064516129032258064,0.9728828650934778,0.005999999999999872,No significant trend,17.39096774193548,4.706232213153182
101_1105,0.0967741935483871,0.45455525621868187,0.06100000000000003,No significant trend,12.021290322580644,3.461673790501039
101_1106,0.15913978494623657,0.21470238954837217,0.07333333333333325,No significant trend,13.090645161290322,3.022844137652668
101_1107,0.4236559139784946,0.0008644209634274258,0.1466666666666666,Increasing,13.755161290322581,2.698611197142017
101_1108,-0.010752688172043012,0.9457970432721066,-0.0036000000000000654,No significant trend,10.518064516129034,2.962145494624047
101_1109,0.03655913978494624,0.7856661000859302,0.015882352941176445,No significant trend,13.198709677419357,2.615785507058751
101_111,-0.1053763440860215,0.4145985082462331,-0.06944444444444445,No significant trend,16.175806451612907,3.227997256058262
101_1110,-0.16989247311827957,0.18493228677225515,-0.09888888888888886,No significant trend,11.43774193548387,3.293150966512379
101_1111,0.21505376344086022,0.09244378064522207,0.11444444444444438,No significant trend,13.713870967741935,3.602826558295185
101_1112,-0.11827956989247312,0.3587201702049656,-0.054545454545454515,No significant trend,8.038387096774194,2.433826267786793
101_1113,-0.2946236559139785,0.020804552083621086,-0.16095238095238099,Decreasing,14.491935483870966,3.204633157360921
101_1114,0.34408602150537637,0.006883461529839208,0.18714285714285708,Increasing,14.516774193548386,3.319129682949621
101_1115,-0.47956989247311826,0.00016116403623755993,-0.24333333333333335,Decreasing,15.268064516129032,3.3235274880132413
101_1116,-0.09247311827956989,0.47532023939393775,-0.04458333333333334,No significant trend,15.721290322580645,3.890389102303997
101_1117,0.09032258064516129,0.4858947339033992,0.038571428571428513,No significant trend,15.35,2.479650079371892
101_1118,-0.2903225806451613,0.022755199240110047,-0.10000000000000024,Decreasing,11.486451612903226,1.9203671496862706
101_1119,0.20430107526881722,0.1101179540129047,0.10666666666666662,No significant trend,12.241935483870968,2.887212540479516
101_112,-0.16774193548387098,0.19062782292334934,-0.07000000000000012,No significant trend,14.986129032258066,2.854944412112765
101_1120,-0.27741935483870966,0.029589571342436338,-0.05535714285714282,Decreasing,11.308709677419355,1.4261084923110974
101_1121,0.16129032258064516,0.20848766222654147,0.09600000000000009,No significant trend,24.58677419354839,5.108896343853264
101_1122,-0.030107526881720432,0.8251287015820885,-0.012857142857142836,No significant trend,13.240645161290324,2.907544064497169
101_1123,-0.3247311827956989,0.010788909951167325,-0.191,Decreasing,16.01741935483871,3.2794088449793226
101_1124,0.11612903225806452,0.3676892969544798,0.051999999999999956,No significant trend,9.162258064516132,2.24558449848905
101_1125,-0.07956989247311828,0.5406231028187141,-0.03192307692307693,No significant trend,11.567096774193546,5.179032911061733
101_1126,-0.008602150537634409,0.959334085947048,-0.004999999999999893,No significant trend,12.45483870967742,2.1241709896663847
101_1127,0.4150537634408602,0.0011011819487161123,0.22600000000000015,Increasing,17.039354838709677,3.265371525059612
101_1128,0.4924731182795699,0.000106544569022482,0.23699999999999993,Increasing,11.450645161290321,3.130943313983792
101_1129,0.0967741935483871,0.45455525621868187,0.037333333333333364,No significant trend,10.92774193548387,2.6751710342396735
101_113,-0.1978494623655914,0.12194188920122184,-0.1416666666666666,No significant trend,11.821612903225805,4.529952714112099
101_1130,-0.17849462365591398,0.16340634586373248,-0.08230769230769233,No significant trend,24.465806451612906,2.568125680516068
101_1131,0.1935483870967742,0.1303606801133712,0.14399999999999977,No significant trend,18.57548387096774,3.6262615946682146
101_1132,0.13763440860215054,0.28427093926275426,0.0630769230769231,No significant trend,12.235161290322583,2.1686518347667163
101_1133,-0.2172043010752688,0.08919834224618706,-0.060526315789473706,No significant trend,12.97967741935484,1.9174857258516826
101_1134,0.26666666666666666,0.036567588572864906,0.11300000000000007,Increasing,14.642580645161292,2.587394963106572
101_1135,-0.23010752688172043,0.07160518117391312,-0.11874999999999991,No significant trend,11.879677419354836,2.9515796578420326
101_1136,-0.14838709677419354,0.24778083040054266,-0.05571428571428554,No significant trend,14.04451612903226,2.962907071485028
101_1137,0.45161290322580644,0.0003819501147899196,0.18545454545454537,Increasing,11.019032258064515,2.49280041362826
101_1138,0.07956989247311828,0.5406231028187141,0.03599999999999994,No significant trend,7.8274193548387085,2.0119577494151915
101_1139,-0.36129032258064514,0.004534009191836885,-0.1311764705882353,Decreasing,16.281935483870967,6.909927136236368
101_114,-0.21505376344086022,0.09244378064522207,-0.09652173913043481,No significant trend,13.610645161290323,3.3780562606173308
101_1140,-0.03870967741935484,0.7726279905852822,-0.011999999999999922,No significant trend,14.791612903225808,2.2222367354133543
101_1141,-0.047311827956989246,0.721148135879736,-0.020000000000000285,No significant trend,11.220645161290324,2.5466929035628207
101_1142,-0.2537634408602151,0.04674749402400602,-0.15124999999999988,Decreasing,18.97,3.549110747324489
101_1143,-0.05591397849462366,0.6709019753135215,-0.04473684210526314,No significant trend,16.729354838709675,3.941345713760696
101_1144,0.015053763440860216,0.9187737391879132,0.0012500000000000844,No significant trend,10.478064516129033,2.089581559215113
101_1145,0.01935483870967742,0.8918439412522505,0.003999999999999986,No significant trend,10.069354838709677,2.1442690844079144
101_1146,0.010752688172043012,0.9457970432721066,0.01187500000000008,No significant trend,19.279677419354837,4.684450932724455
101_1147,-0.05806451612903226,0.6585566199856316,-0.030000000000000093,No significant trend,15.700645161290321,4.482037220760559
101_1148,0.3419354838709677,0.007243570523155052,0.08499999999999996,Increasing,13.980967741935485,1.6376071348133765
101_1149,0.23225806451612904,0.06896994111977195,0.12727272727272715,No significant trend,15.629354838709677,3.5302489499018392
101_115,-0.11397849462365592,0.3767967991819643,-0.0640909090909091,No significant trend,15.314193548387093,3.7362123084953196
101_1150,-0.16559139784946236,0.19645146482180031,-0.06125000000000003,No significant trend,11.949677419354838,2.3740688957459044
101_1151,-0.3419354838709677,0.007243570523155052,-0.1573333333333333,Decreasing,18.455483870967743,3.2318693668801903
101_1152,-0.03655913978494624,0.7856661000859302,-0.01866666666666674,No significant trend,9.232903225806451,2.2688354175490733
101_1153,0.07956989247311828,0.5406231028187141,0.03374999999999995,No significant trend,18.083870967741937,2.9776540640722797
101_1154,-0.06236559139784946,0.6341458536966633,-0.033928571428571405,No significant trend,15.184193548387096,3.1591084636523115
101_1155,0.3053763440860215,0.016552728702838415,0.15500000000000003,Increasing,13.66,3.476317109407784
101_1156,0.16559139784946236,0.19645146482180031,0.051052631578947405,No significant trend,14.008064516129032,2.114219781895972
101_1158,0.15268817204301074,0.2341449862943059,0.08473684210526312,No significant trend,14.341290322580644,3.231872264658311
101_1159,-0.3634408602150538,0.004298292024715877,-0.15000000000000005,Decreasing,13.221935483870967,2.419941907267062
101_116,-0.4666666666666667,0.0002413897092941042,-0.31461538461538474,Decreasing,9.659354838709678,4.041847976809355
101_1160,0.03655913978494624,0.7856661000859302,0.03411764705882353,No significant trend,16.84677419354839,5.005520428033738
101_1161,0.23870967741935484,0.061538570047021235,0.12142857142857164,No significant trend,14.772903225806452,2.54068468489384
101_1162,-0.0989247311827957,0.4443675620908478,-0.0573333333333333,No significant trend,22.611290322580643,3.44192157689847
101_1163,-0.1053763440860215,0.4145985082462331,-0.04499999999999993,No significant trend,11.067741935483872,2.1312584646354193
101_1164,-0.3419354838709677,0.007243570523155052,-0.13000000000000003,Decreasing,9.678064516129034,2.259890690126746
101_1165,-0.07096774193548387,0.5865203757130351,-0.027500000000000007,No significant trend,7.267741935483871,1.7867915192888917
101_1166,0.23010752688172043,0.07160518117391312,0.14099999999999996,No significant trend,12.63774193548387,3.3040275614696517
101_1167,-0.023655913978494623,0.8650383150743488,-0.02562500000000001,No significant trend,13.999354838709676,4.1833448073659065
101_1168,-0.13763440860215054,0.28427093926275426,-0.06333333333333328,No significant trend,15.12483870967742,2.2426739094901897
101_1169,0.2731182795698925,0.032229828676073824,0.0923076923076924,Increasing,19.379032258064512,2.1665154940724958
101_117,0.07526881720430108,0.5633463699559165,0.07535714285714283,No significant trend,14.657741935483871,4.1349655454955085
101_1170,-0.0064516129032258064,0.9728828650934778,-0.0036363636363635587,No significant trend,11.757096774193549,2.26475832727409
101_1172,0.20430107526881722,0.1101179540129047,0.11928571428571441,No significant trend,14.044516129032257,4.8922280950105765
101_1173,0.2129032258064516,0.09578337281012361,0.15285714285714264,No significant trend,16.49225806451613,8.813388535732996
101_1174,-0.1827956989247312,0.1533785068859166,-0.14166666666666672,No significant trend,19.00483870967742,4.664464752315997
101_1176,-0.04516129032258064,0.7339104943970112,-0.017619047619047496,No significant trend,20.14483870967742,3.084491771769616
101_1177,-0.15913978494623657,0.21470238954837217,-0.08499999999999996,No significant trend,11.459032258064514,5.420711389356692
101_1179,0.04946236559139785,0.7084629632532715,0.03319999999999993,No significant trend,16.887096774193548,3.5378070422302725
101_118,-0.11182795698924732,0.3860421406420662,-0.05466666666666668,No significant trend,14.057096774193552,2.3967655537551047
101_1180,0.2086021505376344,0.10275196797700414,0.10500000000000007,No significant trend,20.69677419354839,3.1855818196456056
101_1181,-0.17419354838709677,0.1739206495334844,-0.09333333333333342,No significant trend,8.557096774193548,2.7811661438445228
101_1182,-0.12688172043010754,0.3242351019547285,-0.08933333333333332,No significant trend,14.40967741935484,3.971396507341262
101_1183,-0.09247311827956989,0.47532023939393775,-0.039999999999999945,No significant trend,8.168064516129032,2.49696773443419
101_1184,-0.4774193548387097,0.0001725072317639853,-0.29799999999999993,Decreasing,17.35322580645161,4.636316938633839
101_1185,0.3032258064516129,0.017336219440732936,0.07708333333333332,Increasing,9.918709677419356,1.8482576659069392
101_1186,0.03870967741935484,0.7726279905852822,0.030399999999999993,No significant trend,21.23451612903226,11.113464324052961
101_1187,0.2967741935483871,0.019885085312989492,0.14333333333333323,Increasing,11.42,4.591768933154616
101_1188,-0.017204301075268817,0.9052952265477159,-0.010769230769230745,No significant trend,10.08064516129032,2.819463384638165
101_1189,0.2752688172043011,0.030885487177731763,0.09777777777777767,Increasing,20.896451612903224,2.734495941505546
101_119,-0.5010752688172043,8.041203646391715e-05,-0.29400000000000015,Decreasing,14.792580645161292,4.128032389018609
101_1190,-0.16989247311827957,0.18493228677225515,-0.065,No significant trend,10.54451612903226,2.4028770909590826
101_1191,-0.4967741935483871,9.261151253348032e-05,-0.26388888888888895,Decreasing,12.919354838709678,3.5703184420042002
101_1192,-0.11612903225806452,0.3676892969544798,-0.052105263157894745,No significant trend,14.598709677419354,6.342460467884726
101_1193,0.3096774193548387,0.015078520915366989,0.15863636363636366,Increasing,12.706774193548387,3.7083640311761634
101_1194,0.07096774193548387,0.5865203757130351,0.029130434782608617,No significant trend,14.86258064516129,1.950315057661587
101_1195,-0.35053763440860214,0.005897626336997419,-0.1823809523809524,Decreasing,13.926129032258066,2.9279395787650846
101_1196,0.01935483870967742,0.8918439412522505,0.0053571428571429335,No significant trend,17.72387096774194,2.202870088886761
101_1197,0.008602150537634409,0.959334085947048,0.002000000000000135,No significant trend,14.93741935483871,1.9244621665787902
101_1198,-0.0064516129032258064,0.9728828650934778,-0.0074999999999999884,No significant trend,19.751290322580648,3.9392677737280257
101_1199,-0.2645161290322581,0.038119926564599727,-0.15750000000000064,Decreasing,22.562258064516133,7.059928131626078
101_12,-0.06236559139784946,0.6341458536966633,-0.022608695652173973,No significant trend,12.488387096774195,2.862009328870747
101_120,-0.5182795698924731,4.5202596182347676e-05,-0.3453333333333333,Decreasing,18.082903225806454,4.302559023642218
101_1200,-0.04946236559139785,0.7084629632532715,-0.035882352941176435,No significant trend,16.177096774193547,2.736679402473932
101_1201,0.16559139784946236,0.19645146482180031,0.0682608695652174,No significant trend,9.460967741935484,3.5109408304738565
101_1202,0.22580645161290322,0.07712322019197049,0.12720000000000006,No significant trend,13.974193548387097,8.016793170385062
101_1204,0.2129032258064516,0.09578337281012361,0.057200000000000056,No significant trend,10.373225806451613,1.9610635480101166
101_1206,-0.556989247311828,1.159455156796163e-05,-0.19222222222222207,Decreasing,15.309354838709679,4.7283864365599735
101_1207,-0.07311827956989247,0.5748781452473757,-0.01947368421052632,No significant trend,10.155483870967739,7.067194925902892
101_121,0.1870967741935484,0.14382566910763628,0.13214285714285712,No significant trend,13.713548387096774,3.5440805244502727
101_122,-0.6774193548387096,9.456222072046216e-08,-0.46428571428571436,Decreasing,19.286129032258067,4.897533070526331
101_123,-0.32903225806451614,0.009781611919498001,-0.18733333333333338,Decreasing,19.702258064516133,5.072424316786967
101_124,-0.1827956989247312,0.1533785068859166,-0.05699999999999985,No significant trend,19.029032258064518,1.9088948919824886
101_125,-0.432258064516129,0.000675626717447253,-0.3033333333333334,Decreasing,15.499677419354839,3.997184076459704
101_126,-0.13333333333333333,0.2998377295670276,-0.07750000000000012,No significant trend,16.128387096774198,3.9725875996952995
101_127,0.2129032258064516,0.09578337281012361,0.16500000000000034,No significant trend,21.393870967741936,6.521770824939197
101_128,-0.33763440860215055,0.008014910367279748,-0.20173913043478264,Decreasing,14.629354838709679,7.177575264707511
101_129,0.09247311827956989,0.47532023939393775,0.04863636363636365,No significant trend,21.936451612903223,4.713953582364907
101_13,-0.43655913978494626,0.000596334223081918,-0.2523529411764706,Decreasing,14.503225806451614,4.548557649513407
101_130,-0.1956989247311828,0.12609656894220533,-0.05999999999999961,No significant trend,12.984193548387097,2.0688126159607534
101_131,0.3849462365591398,0.002483355213678262,0.26285714285714284,Increasing,12.54806451612903,3.889551279662989
101_132,-0.13978494623655913,0.2766963536434415,-0.0642307692307693,No significant trend,18.71290322580645,3.0490159105673458
101_133,0.010752688172043012,0.9457970432721066,0.00636363636363639,No significant trend,11.769677419354839,2.0256938020867556
101_134,0.053763440860215055,0.6833368087995224,0.034545454545454615,No significant trend,8.507096774193549,3.236686072601148
101_135,0.221505376344086,0.08298294959133434,0.08615384615384616,No significant trend,13.36741935483871,2.5538484151114615
101_136,-0.13548387096774195,0.29198463590975887,-0.07923076923076919,No significant trend,11.636129032258063,3.747670827128761
101_137,-0.47096774193548385,0.00021120825007803212,-0.26857142857142857,Decreasing,10.975806451612906,4.0332079397323
101_138,0.05806451612903226,0.6585566199856316,0.02562500000000001,No significant trend,11.019354838709676,2.607622740727741
101_139,-0.3763440860215054,0.0031026895944057387,-0.16950000000000012,Decreasing,13.663225806451612,2.831311547329913
101_14,0.5182795698924731,4.5202596182347676e-05,0.19333333333333325,Increasing,12.220967741935484,2.6496309601085715
101_140,0.2946236559139785,0.020804552083621086,0.17176470588235293,Increasing,13.485161290322585,3.684576284098386
101_141,0.012903225806451613,0.9322756334126572,0.0033333333333332624,No significant trend,12.833225806451612,1.8913033347007442
101_142,-0.24301075268817204,0.05696246823315332,-0.11999999999999988,No significant trend,12.751290322580648,3.0385817382833276
101_143,-0.32903225806451614,0.009781611919498001,-0.19769230769230758,Decreasing,15.599032258064517,3.3222052089797707
101_144,-0.38064516129032255,0.0027772931948595314,-0.2600000000000001,Decreasing,15.016451612903225,4.334406644205884
101_145,-0.2946236559139785,0.020804552083621086,-0.23857142857142857,Decreasing,16.29741935483871,4.4324237655085215
101_146,-0.6516129032258065,2.852843357104007e-07,-0.5778260869565216,Decreasing,23.08645161290323,6.295744363168534
101_147,-0.6516129032258065,2.852843357104007e-07,-0.34500000000000003,Decreasing,15.01032258064516,3.9762987197700514
101_148,-0.546236559139785,1.707260688599277e-05,-0.32166666666666677,Decreasing,18.611612903225804,3.799855767020123
101_149,-0.6688172043010753,1.3725173086953646e-07,-0.39352941176470585,Decreasing,17.983548387096775,4.215145157556449
101_15,0.08387096774193549,0.5183675363290698,0.05700000000000003,No significant trend,16.934516129032257,3.4502153637405693
101_150,-0.4236559139784946,0.0008644209634274258,-0.25913043478260867,Decreasing,17.12741935483871,3.794229887216211
101_151,0.23440860215053763,0.06641490832840091,0.13538461538461538,No significant trend,13.135483870967741,3.155384377903982
101_152,0.08817204301075268,0.49659521437046883,0.09157894736842107,No significant trend,13.373548387096774,5.701781582575802
101_153,-0.7204301075268817,1.3723514991070829e-08,-0.49066666666666653,Decreasing,17.631612903225804,5.226445221812594
101_154,-0.5440860215053763,1.843097094700319e-05,-0.306,Decreasing,17.30354838709677,3.9617416733513013
101_155,-0.3978494623655914,0.0017639537009741524,-0.24904761904761907,Decreasing,16.505806451612905,3.358009946567863
101_156,-0.25591397849462366,0.0449013762794892,-0.23269230769230773,Decreasing,18.578064516129036,5.881897005468086
101_157,-0.26666666666666666,0.036567588572864906,-0.206,Decreasing,16.01709677419355,5.0656204877703415
101_158,-0.23010752688172043,0.07160518117391312,-0.1083333333333331,No significant trend,19.788709677419362,2.9820405894291784
101_159,-0.3978494623655914,0.0017639537009741524,-0.23,Decreasing,11.692258064516128,3.72416581668659
101_16,-0.38064516129032255,0.0027772931948595314,-0.1278571428571428,Decreasing,11.709999999999999,2.2958110521331614
101_160,-0.4150537634408602,0.0011011819487161123,-0.18615384615384628,Decreasing,18.66,2.951920096829268
101_161,-0.5333333333333333,2.691459633452631e-05,-0.2885714285714287,Decreasing,14.547096774193548,3.619887891285235
101_162,-0.4064516129032258,0.0013967278652837756,-0.14545454545454542,Decreasing,15.034516129032259,2.186015433510547
101_163,-0.3849462365591398,0.002483355213678262,-0.20461538461538462,Decreasing,17.169354838709676,3.403282035921351
101_164,-0.43870967741935485,0.0005600206571134692,-0.22571428571428573,Decreasing,18.841935483870966,3.9653746675317056
101_165,-0.24946236559139784,0.050631724603018124,-0.10250000000000004,No significant trend,12.991612903225809,2.500779358228787
101_166,-0.12043010752688173,0.34988986770468866,-0.03578947368421051,No significant trend,13.745161290322583,2.636505349483744
101_167,-0.5397849462365591,2.146270321023991e-05,-0.292857142857143,Decreasing,18.724838709677417,3.599497161090019
101_168,-0.2752688172043011,0.030885487177731763,-0.10000000000000009,Decreasing,17.385483870967743,2.8933425682904867
101_169,-0.46236559139784944,0.00027558237497360416,-0.16666666666666666,Decreasing,15.048387096774192,2.731458427375139
101_17,-0.3720430107526882,0.0034624952577932966,-0.135625,Decreasing,9.037419354838711,2.2581793519186735
101_170,-0.4666666666666667,0.0002413897092941042,-0.21538461538461545,Decreasing,13.091612903225805,2.8826176463966524
101_171,-0.2086021505376344,0.10275196797700414,-0.1072222222222222,No significant trend,12.913225806451614,2.7654648878236805
101_172,-0.1053763440860215,0.4145985082462331,-0.05235294117647062,No significant trend,14.615483870967742,3.7777078207256993
101_173,-0.13978494623655913,0.2766963536434415,-0.07800000000000011,No significant trend,23.34290322580646,9.51475295682155
101_174,-0.5612903225806452,9.91272679740085e-06,-0.25444444444444475,Decreasing,21.150645161290324,3.885543873986001
101_175,0.2967741935483871,0.019885085312989492,0.08333333333333333,Increasing,14.936451612903227,2.2390746193203332
101_176,-0.24086021505376345,0.05921383944155778,-0.0692857142857142,No significant trend,11.108387096774194,2.122629374869601
101_177,-0.46236559139784944,0.00027558237497360416,-0.2716666666666668,Decreasing,18.59,3.6391624346553226
101_178,-0.3032258064516129,0.017336219440732936,-0.18400000000000002,Decreasing,11.353225806451615,3.2898420268934903
101_179,-0.4064516129032258,0.0013967278652837756,-0.17555555555555558,Decreasing,13.121290322580647,2.7290891094513023
101_18,-0.2172043010752688,0.08919834224618706,-0.11375000000000002,No significant trend,10.46548387096774,2.966870664532318
101_180,-0.2129032258064516,0.09578337281012361,-0.13142857142857117,No significant trend,16.684516129032264,5.816168697197149
101_181,-0.060215053763440864,0.6463036389969625,-0.04499999999999993,No significant trend,16.006774193548384,8.668565155332068
101_182,-0.46021505376344085,0.0002943335046816653,-0.2338461538461538,Decreasing,21.071290322580644,3.5821265462197385
101_183,-0.002150537634408602,1.0,-0.008965517241379303,No significant trend,13.865483870967742,3.7931320267452455
101_184,-0.025806451612903226,0.8516915353162966,-0.00916666666666662,No significant trend,17.925806451612903,2.563895441219622
101_185,-0.5591397849462365,1.0722196304380205e-05,-0.292857142857143,Decreasing,16.342580645161288,3.2776171200175046
101_186,0.17849462365591398,0.16340634586373248,0.12125000000000008,No significant trend,15.717419354838709,4.03646201497488
101_187,0.09247311827956989,0.47532023939393775,0.0799999999999999,No significant trend,10.069999999999999,3.2794570754436503
101_188,0.07956989247311828,0.5406231028187141,0.01958333333333336,No significant trend,8.916451612903227,2.240969761836411
101_189,-0.08817204301075268,0.49659521437046883,-0.03470588235294122,No significant trend,8.216129032258063,2.2497794550252923
101_19,0.22580645161290322,0.07712322019197049,0.09800000000000005,No significant trend,14.239677419354841,6.623153173561508
101_191,-0.010752688172043012,0.9457970432721066,-0.005000000000000042,No significant trend,6.703548387096776,2.9691603552857533
101_192,-0.13978494623655913,0.2766963536434415,-0.04296296296296297,No significant trend,7.268387096774195,2.107733986971199
101_193,-0.07956989247311828,0.5406231028187141,-0.05214285714285711,No significant trend,18.39,4.736760836880668
101_194,-0.3225806451612903,0.01132633122265525,-0.16149999999999998,Decreasing,10.453870967741935,2.8097843763205734
101_195,-0.1913978494623656,0.13473584102323688,-0.11250000000000009,No significant trend,15.075806451612902,3.215753334900878
101_196,-0.1053763440860215,0.4145985082462331,-0.05535714285714288,No significant trend,16.902580645161287,3.870744670991938
101_197,-0.01935483870967742,0.8918439412522505,-0.011818181818181728,No significant trend,13.231612903225809,2.6689361137330256
101_198,-0.3419354838709677,0.007243570523155052,-0.19874999999999998,Decreasing,20.52935483870968,3.378997690176559
101_199,0.0967741935483871,0.45455525621868187,0.05999999999999999,No significant trend,12.330967741935485,2.990724752856156
101_2,0.2,0.11789500171022893,0.0663157894736842,No significant trend,7.558064516129034,2.116587971476489
101_20,-0.1053763440860215,0.4145985082462331,-0.06312499999999999,No significant trend,11.626451612903226,2.5616559014309686
101_200,-0.07526881720430108,0.5633463699559165,-0.04875000000000007,No significant trend,13.141612903225804,3.5406424574427753
101_201,0.03225806451612903,0.8119200006410021,0.016000000000000014,No significant trend,12.500000000000004,2.8106215590838795
101_202,0.18924731182795698,0.13922364714154067,0.06600000000000002,No significant trend,16.984516129032258,2.79538310457668
101_203,0.021505376344086023,0.8784237055808175,0.008846153846153863,No significant trend,15.313870967741934,2.1241418417788953
101_204,-0.13333333333333333,0.2998377295670276,-0.06285714285714292,No significant trend,7.001935483870968,2.65584008865045
101_205,-0.08387096774193549,0.5183675363290698,-0.04037037037037043,No significant trend,12.85903225806452,2.641004641247048
101_206,-0.043010752688172046,0.7467467998855972,-0.015454545454545448,No significant trend,7.171612903225805,2.177420931899071
101_207,-0.2731182795698925,0.032229828676073824,-0.11333333333333329,Decreasing,15.16709677419355,2.225625238065064
101_208,-0.015053763440860216,0.9187737391879132,-0.009374999999999911,No significant trend,15.029032258064515,2.1430041543149256
101_209,-0.04516129032258064,0.7339104943970112,-0.020999999999999998,No significant trend,7.685161290322581,2.2250739327589764
101_21,0.2172043010752688,0.08919834224618706,0.06785714285714281,No significant trend,16.252903225806453,1.6542597868072773
101_210,0.15483870967741936,0.22753013024096425,0.06125000000000003,No significant trend,16.054193548387097,2.909166574138959
101_211,-0.15698924731182795,0.22104956212356597,-0.060714285714285686,No significant trend,15.494838709677419,1.9705687257788522
101_212,-0.17634408602150536,0.16860199558675504,-0.11000000000000006,No significant trend,15.840645161290324,3.186324544031248
101_213,0.1956989247311828,0.12609656894220533,0.12791666666666668,No significant trend,14.69709677419355,3.8404655241581915
101_214,0.11182795698924732,0.3860421406420662,0.04500000000000011,No significant trend,10.463225806451614,2.9119513323396515
101_215,-0.3419354838709677,0.007243570523155052,-0.1900000000000004,Decreasing,18.572580645161292,3.496003218185143
101_216,-0.1913978494623656,0.13473584102323688,-0.10062500000000008,No significant trend,21.28806451612903,2.9739009022633605
101_217,-0.1870967741935484,0.14382566910763628,-0.05999999999999979,No significant trend,16.757741935483867,2.071920894114257
101_218,-0.06236559139784946,0.6341458536966633,-0.041428571428571814,No significant trend,14.623225806451613,3.9239343218146083
101_219,0.41935483870967744,0.0009761747063838921,0.3885714285714289,Increasing,18.17774193548387,11.200416671303888
101_22,-0.023655913978494623,0.8650383150743488,-0.009999999999999985,No significant trend,10.308064516129035,2.554265779682495
101_220,0.03655913978494624,0.7856661000859302,0.01360000000000003,No significant trend,9.826451612903226,2.525909032646876
101_221,-0.07311827956989247,0.5748781452473757,-0.03666666666666648,No significant trend,16.104193548387094,2.9321254805186565
101_222,0.2172043010752688,0.08919834224618706,0.10615384615384614,No significant trend,8.837096774193547,2.753029057353873
101_223,0.13548387096774195,0.29198463590975887,0.05130434782608694,No significant trend,15.119677419354838,2.6211404608102495
101_224,0.053763440860215055,0.6833368087995224,0.020000000000000018,No significant trend,9.411612903225807,2.875403025635451
101_225,0.3225806451612903,0.01132633122265525,0.1766666666666666,Increasing,17.674838709677417,3.5530213140166214
101_226,-0.2,0.11789500171022893,-0.22000000000000064,No significant trend,24.10516129032258,6.482382014883777
101_227,0.08387096774193549,0.5183675363290698,0.04294117647058826,No significant trend,16.303870967741933,3.6635587118215502
101_228,-0.2623655913978495,0.03972794794507628,-0.08222222222222225,Decreasing,14.044516129032257,2.048927081480384
101_229,-0.07096774193548387,0.5865203757130351,-0.037777777777777764,No significant trend,11.829999999999998,3.157758494514332
101_23,-0.2086021505376344,0.10275196797700414,-0.08033333333333334,No significant trend,9.058387096774192,2.7107683671753784
101_230,0.06666666666666667,0.6101267703127584,0.01941176470588246,No significant trend,14.93064516129032,2.925938432844951
101_231,-0.06881720430107527,0.5982707245011594,-0.035454545454545426,No significant trend,9.796451612903226,4.230919634941807
101_232,-0.4881720430107527,0.00012243917739440668,-0.22000000000000006,Decreasing,21.318387096774195,3.1130030069249583
101_233,-0.4645161290322581,0.00025795530905270425,-0.21750000000000003,Decreasing,9.68741935483871,3.061650374828894
101_234,-0.38924731182795697,0.0022181409445904965,-0.18166666666666664,Decreasing,9.346774193548388,2.766385072322052
101_235,-0.1053763440860215,0.4145985082462331,-0.037499999999999645,No significant trend,17.259354838709676,2.338921636668614
101_236,-0.1935483870967742,0.1303606801133712,-0.12384615384615408,No significant trend,31.859677419354835,3.651391678013235
101_237,-0.017204301075268817,0.9052952265477159,-0.006666666666667116,No significant trend,9.646451612903224,2.2660944779824517
101_238,0.20430107526881722,0.1101179540129047,0.11166666666666665,No significant trend,13.057741935483874,2.876040860310733
101_239,0.23870967741935484,0.061538570047021235,0.08000000000000007,No significant trend,15.64258064516129,2.1866456381229593
101_24,-0.3161290322580645,0.013083919895177765,-0.16666666666666663,Decreasing,6.839999999999999,2.897115361761564
101_240,0.2860215053763441,0.024862848209154853,0.15222222222222223,Increasing,10.134193548387096,3.7951231644713146
101_241,-0.15698924731182795,0.22104956212356597,-0.08500000000000014,No significant trend,8.554193548387095,2.952059722922338
101_242,0.16559139784946236,0.19645146482180031,0.08166666666666667,No significant trend,5.822580645161291,2.89525303116396
101_243,-0.23440860215053763,0.06641490832840091,-0.08315789473684206,No significant trend,8.07193548387097,1.8403513327883168
101_244,0.2021505376344086,0.11395424835779155,0.04999999999999992,No significant trend,10.605483870967742,1.582949143742571
101_245,-0.23010752688172043,0.07160518117391312,-0.09999999999999964,No significant trend,13.580967741935485,5.125708986263525
101_246,-0.5182795698924731,4.5202596182347676e-05,-0.21230769230769223,Decreasing,11.373548387096774,2.767317961361071
101_247,-0.2946236559139785,0.020804552083621086,-0.15384615384615385,Decreasing,15.63225806451613,2.754972875784067
101_248,-0.2752688172043011,0.030885487177731763,-0.09555555555555556,Decreasing,14.281612903225804,2.0290949782603196
101_249,-0.017204301075268817,0.9052952265477159,-0.006818181818181834,No significant trend,13.626451612903228,2.698505617974388
101_25,0.2,0.11789500171022893,0.09222222222222223,No significant trend,14.074193548387095,2.6988740474185424
101_250,-0.2817204301075269,0.02713750593978581,-0.1017391304347826,Decreasing,12.614516129032255,2.5537598324818878
101_251,-0.49032258064516127,0.0001142313991857602,-0.14800000000000005,Decreasing,14.07967741935484,1.965306319177698
101_252,-0.47096774193548385,0.00021120825007803212,-0.15666666666666665,Decreasing,14.645806451612902,2.146416028870134
101_253,0.17419354838709677,0.1739206495334844,0.08347826086956521,No significant trend,17.316451612903226,2.9610368153490154
101_254,0.07741935483870968,0.551927301016857,0.028500000000000015,No significant trend,14.065806451612902,2.6043496794519743
101_255,0.15053763440860216,0.2408949627928283,0.0875,No significant trend,13.360645161290321,3.3946190203680193
101_256,0.1032258064516129,0.42438806620665614,0.04857142857142855,No significant trend,12.467419354838709,2.234740322277398
101_257,0.03225806451612903,0.8119200006410021,0.012413793103448256,No significant trend,6.603225806451613,2.5372570750991077
101_258,-0.20430107526881722,0.1101179540129047,-0.05999999999999961,No significant trend,7.598064516129032,2.650630380719369
101_259,-0.0967741935483871,0.45455525621868187,-0.052857142857143,No significant trend,17.01064516129032,3.74235128390615
101_26,-0.3204301075268817,0.011887389113116376,-0.1516666666666667,Decreasing,7.992903225806453,2.745328223573802
101_260,-0.3161290322580645,0.013083919895177765,-0.12333333333333336,Decreasing,9.322258064516127,2.001826117416407
101_261,-0.09032258064516129,0.4858947339033992,-0.03285714285714292,No significant trend,12.699032258064516,2.2525803910880198
101_262,-0.13118279569892474,0.30783043013369626,-0.04714285714285703,No significant trend,8.563870967741934,2.5460008836368675
101_263,-0.1032258064516129,0.42438806620665614,-0.036666666666666674,No significant trend,7.570645161290322,2.022728810748348
101_264,-0.15268817204301074,0.2341449862943059,-0.11000000000000014,No significant trend,19.62193548387097,3.2193642122819126
101_265,0.22580645161290322,0.07712322019197049,0.0777777777777777,No significant trend,15.55645161290323,2.336319891358087
101_266,-0.06236559139784946,0.6341458536966633,-0.023999999999999844,No significant trend,13.941935483870967,3.633163927607717
101_267,-0.11827956989247312,0.3587201702049656,-0.04625000000000001,No significant trend,14.479677419354843,2.2769836922234212
101_268,-0.443010752688172,0.0004934897326194232,-0.2345454545454544,Decreasing,19.94225806451613,3.962860411758169
101_269,0.25161290322580643,0.04865707312578982,0.1663157894736841,Increasing,13.538709677419352,3.882401769054558
101_27,-0.22795698924731184,0.07432236131839742,-0.14100000000000001,No significant trend,7.558387096774194,3.256836082689905
101_270,-0.23010752688172043,0.07160518117391312,-0.1129999999999999,No significant trend,27.074838709677422,2.926255860495149
101_271,0.17419354838709677,0.1739206495334844,0.10115384615384612,No significant trend,16.633225806451613,9.387542667605203
101_272,0.3548387096774194,0.005313081962207367,0.13416666666666677,Increasing,11.66225806451613,2.5937228315591265
101_273,0.43010752688172044,0.000718850062535914,0.10285714285714288,Increasing,13.848387096774196,2.1478918348061793
101_274,0.1935483870967742,0.1303606801133712,0.11555555555555556,No significant trend,11.631612903225804,6.456562101671193
101_275,0.11397849462365592,0.3767967991819643,0.06500000000000002,No significant trend,9.716451612903223,3.2021933495119694
101_276,0.15268817204301074,0.2341449862943059,0.1038095238095238,No significant trend,8.897419354838709,4.007421315301783
101_277,-0.2064516129032258,0.10638442840594231,-0.08714285714285723,No significant trend,22.656451612903222,3.3608347161968815
101_278,-0.36989247311827955,0.0036562858092210604,-0.10470588235294119,Decreasing,7.79,1.6164636830778716
101_279,-0.17634408602150536,0.16860199558675504,-0.06384615384615386,No significant trend,23.345806451612905,2.260550566955941
101_28,0.012903225806451613,0.9322756334126572,0.0050000000000000044,No significant trend,13.188387096774195,2.8275454952264596
101_280,-0.25161290322580643,0.04865707312578982,-0.14222222222222222,Decreasing,14.393548387096775,3.129982529464895
101_281,-0.3978494623655914,0.0017639537009741524,-0.21222222222222223,Decreasing,16.23193548387097,3.865482000037235
101_282,-0.17634408602150536,0.16860199558675504,-0.13375000000000004,No significant trend,15.870322580645164,4.9021236239995
101_283,-0.4924731182795699,0.000106544569022482,-0.15352941176470594,Decreasing,14.379677419354842,2.109711008906911
101_284,-0.03870967741935484,0.7726279905852822,-0.010740740740740775,No significant trend,12.850000000000001,1.8547080458885898
101_285,0.16989247311827957,0.18493228677225515,0.11699999999999999,No significant trend,14.13322580645161,6.458384591339897
101_286,0.27741935483870966,0.029589571342436338,0.12562499999999988,Increasing,18.02032258064516,3.3319523327254594
101_287,0.12043010752688173,0.34988986770468866,0.08272727272727275,No significant trend,13.593870967741937,4.312220951173278
101_288,0.3096774193548387,0.015078520915366989,0.14399999999999996,Increasing,12.361935483870969,2.518415297114615
101_289,-0.02795698924731183,0.8383870987564421,-0.015454545454545448,No significant trend,9.691612903225806,3.6241912083487287
101_29,-0.11397849462365592,0.3767967991819643,-0.038620689655172416,No significant trend,5.685483870967741,1.8157746746484524
101_290,-0.04516129032258064,0.7339104943970112,-0.013103448275862066,No significant trend,6.863225806451612,2.188772504862875
101_291,0.07956989247311828,0.5406231028187141,0.01720000000000006,No significant trend,14.580967741935485,2.1701187047043775
101_292,-0.07741935483870968,0.551927301016857,-0.06000000000000005,No significant trend,12.491935483870968,4.210656541676927
101_293,-0.06236559139784946,0.6341458536966633,-0.03166666666666673,No significant trend,8.259354838709678,3.1629181457429683
101_294,-0.09247311827956989,0.47532023939393775,-0.027999999999999994,No significant trend,7.936129032258064,2.153160733582377
101_295,0.01935483870967742,0.8918439412522505,0.01888888888888893,No significant trend,8.501935483870968,2.699665952280427
101_296,0.02795698924731183,0.8383870987564421,0.01200000000000001,No significant trend,9.021612903225803,3.1986661502067806
101_297,0.15698924731182795,0.22104956212356597,0.0782758620689655,No significant trend,11.059032258064514,3.0380026915389866
101_298,-0.23440860215053763,0.06641490832840091,-0.17578947368421052,No significant trend,11.551935483870968,5.970126934056
101_299,0.2731182795698925,0.032229828676073824,0.1463636363636363,Increasing,17.56,3.645278873353331
101_3,0.03225806451612903,0.8119200006410021,0.03357142857142849,No significant trend,12.794193548387097,4.293462978719602
101_30,-0.5548387096774193,1.2534406496733652e-05,-0.21285714285714283,Decreasing,15.285806451612906,2.653513524942948
101_300,0.16129032258064516,0.20848766222654147,0.11636363636363639,No significant trend,9.506774193548386,3.9660489700560198
101_301,-0.012903225806451613,0.9322756334126572,-0.011333333333333329,No significant trend,7.15516129032258,2.9827178242580583
101_302,0.4752688172043011,0.00018459819815141998,0.43000000000000016,Increasing,11.315161290322582,9.332609451141401
101_303,0.221505376344086,0.08298294959133434,0.07199999999999988,No significant trend,8.769354838709676,2.623682385729314
101_304,0.10967741935483871,0.3954246967469044,0.05750000000000011,No significant trend,16.421290322580642,2.9559614362313646
101_305,0.008602150537634409,0.959334085947048,0.0052941176470588155,No significant trend,12.089032258064519,2.501862989516863
101_306,0.06666666666666667,0.6101267703127584,0.040000000000000334,No significant trend,15.126129032258062,2.2808185817169933
101_307,-0.1053763440860215,0.4145985082462331,-0.037692307692307706,No significant trend,11.05516129032258,3.4517240862406453
101_308,0.46021505376344085,0.0002943335046816653,0.18,Increasing,16.38935483870968,2.8864879156152234
101_309,-0.01935483870967742,0.8918439412522505,-0.00821428571428573,No significant trend,14.561612903225807,3.463086537510306
101_31,-0.5612903225806452,9.91272679740085e-06,-0.33833333333333343,Decreasing,14.517419354838708,4.432075875487355
101_310,-0.015053763440860216,0.9187737391879132,-0.004117647058823546,No significant trend,12.756451612903223,3.246730910084388
101_311,0.034408602150537634,0.7987646104203716,0.01000000000000004,No significant trend,16.60322580645161,1.8058531842885217
101_312,-0.3161290322580645,0.013083919895177765,-0.11500000000000013,Decreasing,11.781612903225808,2.6317982283359447
101_313,-0.15268817204301074,0.2341449862943059,-0.09045454545454555,No significant trend,18.943870967741937,4.602906989886307
101_314,0.05806451612903226,0.6585566199856316,0.019444444444444525,No significant trend,12.855483870967745,1.561452670844762
101_315,-0.09247311827956989,0.47532023939393775,-0.07642857142857144,No significant trend,19.68129032258064,3.5191547206638787
101_316,-0.12903225806451613,0.3159628698783248,-0.07047619047619041,No significant trend,17.384193548387096,3.3849922801584893
101_317,-0.13763440860215054,0.28427093926275426,-0.08357142857142863,No significant trend,10.449032258064515,3.5986855618618536
101_318,-0.3978494623655914,0.0017639537009741524,-0.2918181818181819,Decreasing,20.420967741935478,8.652163016837301
101_319,-0.17849462365591398,0.16340634586373248,-0.14300000000000032,No significant trend,30.159999999999997,7.501054979564649
101_32,-0.6688172043010753,1.3725173086953646e-07,-0.267142857142857,Decreasing,13.916129032258066,4.166735147546853
101_320,0.3096774193548387,0.015078520915366989,0.11280000000000008,Increasing,17.524516129032257,2.559837241184048
101_321,-0.24946236559139784,0.050631724603018124,-0.044814814814814814,No significant trend,9.588064516129032,1.3798420184345994
101_322,-0.12258064516129032,0.34119875170636194,-0.11499999999999992,No significant trend,16.65516129032258,4.062455058584364
101_323,-0.4924731182795699,0.000106544569022482,-0.2508333333333333,Decreasing,13.030645161290321,3.9215154538436603
101_324,0.13118279569892474,0.30783043013369626,0.06416666666666664,No significant trend,13.482580645161292,3.0504288093505334
101_325,-0.14623655913978495,0.2548032960076365,-0.09263157894736841,No significant trend,15.074193548387095,3.2958153078084007
101_326,-0.3204301075268817,0.011887389113116376,-0.15549999999999997,Decreasing,10.97,3.6053911245924932
101_327,0.17634408602150536,0.16860199558675504,0.05,No significant trend,13.309999999999999,2.585630265712355
101_328,-0.24086021505376345,0.05921383944155778,-0.1044444444444444,No significant trend,11.900645161290322,2.57452649637581
101_329,-0.2903225806451613,0.022755199240110047,-0.10800000000000001,Decreasing,15.335806451612903,2.3831272138469086
101_33,-0.3010752688172043,0.018152045535652528,-0.12444444444444436,Decreasing,14.96354838709677,3.2023837375457362
101_330,-0.09247311827956989,0.47532023939393775,-0.053461538461538484,No significant trend,18.00677419354839,2.3070011075640537
101_331,-0.15913978494623657,0.21470238954837217,-0.0688235294117647,No significant trend,15.470000000000002,2.203457693365501
101_332,-0.17849462365591398,0.16340634586373248,-0.09333333333333348,No significant trend,20.142258064516128,4.399789371554945
101_333,-0.3118279569892473,0.014385749502058731,-0.24100000000000002,Decreasing,13.691290322580645,4.321258584535584
101_334,-0.5268817204301075,3.3667518407387576e-05,-0.45600000000000024,Decreasing,12.315483870967743,5.831518276660906
101_335,-0.210752688172043,0.09921885768990202,-0.0705882352941176,No significant trend,12.341290322580642,2.308757160333286
101_336,-0.2537634408602151,0.04674749402400602,-0.10749999999999993,Decreasing,12.61516129032258,2.9838499388971287
101_337,-0.4344086021505376,0.000634829801147152,-0.22500000000000053,Decreasing,19.221290322580646,2.9402772986798635
101_338,0.2623655913978495,0.03972794794507628,0.08454545454545452,Increasing,11.313870967741938,2.2750252425673034
101_339,-0.6021505376344086,2.1161827552518275e-06,-0.22318181818181818,Decreasing,13.123870967741937,2.5640488111444606
101_34,-0.5720430107526882,6.667035368224106e-06,-0.2946153846153846,Decreasing,16.34354838709677,4.384517885283212
101_340,-0.24946236559139784,0.050631724603018124,-0.15100000000000016,No significant trend,17.503870967741936,3.3018447213634743
101_341,-0.432258064516129,0.000675626717447253,-0.23846153846153856,Decreasing,16.758064516129032,3.963940219069127
101_342,-0.5397849462365591,2.146270321023991e-05,-0.20925925925925928,Decreasing,9.79225806451613,5.478222992833458
101_343,-0.2086021505376344,0.10275196797700414,-0.13416666666666663,No significant trend,15.920967741935485,3.626353678139988
101_344,0.002150537634408602,1.0,0.0006666666666666524,No significant trend,17.574193548387097,4.088740459259329
101_345,-0.26881720430107525,0.035069438571895484,-0.12666666666666668,Decreasing,10.347741935483871,3.6696380323189115
101_346,-0.05806451612903226,0.6585566199856316,-0.024999999999999984,No significant trend,9.699032258064516,2.643944212527832
101_347,0.23870967741935484,0.061538570047021235,0.10588235294117651,No significant trend,11.226451612903228,2.706336111957363
101_348,-0.3247311827956989,0.010788909951167325,-0.12888888888888891,Decreasing,12.473225806451612,2.963580427289168
101_349,-0.12473118279569892,0.33264709898406286,-0.08090909090909096,No significant trend,9.262903225806452,3.3461534908284083
101_35,-0.22365591397849463,0.08000950089470127,-0.15249999999999986,No significant trend,16.86774193548387,3.49859853017436
101_350,-0.021505376344086023,0.8784237055808175,-0.006666666666666525,No significant trend,9.46032258064516,7.186881635165366
101_351,0.3204301075268817,0.011887389113116376,0.19640000000000002,Increasing,21.05,3.79392043380782
101_352,-0.13763440860215054,0.28427093926275426,-0.05499999999999998,No significant trend,15.308709677419353,3.0091331319892407
101_353,-0.03225806451612903,0.8119200006410021,-0.011249999999999982,No significant trend,13.067096774193546,5.997080576601222
101_354,0.3032258064516129,0.017336219440732936,0.17400000000000002,Increasing,15.693870967741937,3.6329901284855235
101_355,-0.025806451612903226,0.8516915353162966,-0.0071999999999999885,No significant trend,10.85258064516129,2.4174766473061435
101_356,-0.24301075268817204,0.05696246823315332,-0.14812499999999995,No significant trend,12.797741935483872,3.4064234480751585
101_357,-0.053763440860215055,0.6833368087995224,-0.036153846153846134,No significant trend,8.842258064516129,3.0287000401827022
101_358,-0.06451612903225806,0.6220860087372633,-0.041071428571428585,No significant trend,9.023548387096772,2.9942359124276754
101_359,-0.15483870967741936,0.22753013024096425,-0.12173913043478261,No significant trend,8.558709677419355,3.55904186266879
101_36,-0.15268817204301074,0.2341449862943059,-0.10714285714285714,No significant trend,18.529677419354837,3.970928618030059
101_360,-0.08387096774193549,0.5183675363290698,-0.05074074074074078,No significant trend,14.964516129032257,2.5544266937242144
101_361,-0.06236559139784946,0.6341458536966633,-0.03433333333333331,No significant trend,17.330000000000002,3.408955000223439
101_362,0.004301075268817204,0.9864394742066862,0.0008333333333333156,No significant trend,9.254516129032256,2.563972269375578
101_363,-0.24301075268817204,0.05696246823315332,-0.14538461538461542,No significant trend,14.716774193548387,3.321398255007413
101_364,-0.14623655913978495,0.2548032960076365,-0.05041666666666663,No significant trend,15.306451612903222,2.2435262400057128
101_365,0.021505376344086023,0.8784237055808175,0.013333333333333345,No significant trend,16.64645161290322,2.5512989081302155
101_366,0.410752688172043,0.0012408530273542162,0.1399999999999999,Increasing,12.720967741935487,2.295007702339608
101_367,-0.09247311827956989,0.47532023939393775,-0.03307692307692305,No significant trend,13.12,2.619379389683131
101_368,-0.10752688172043011,0.4049437537873102,-0.05071428571428565,No significant trend,12.586129032258064,2.8391112619170498
101_369,0.04086021505376344,0.7596537518193331,0.024761904761904742,No significant trend,15.501290322580646,3.4609543173351103
101_37,-0.3333333333333333,0.008858992984779324,-0.14999999999999947,Decreasing,13.615161290322582,2.9642698834160446
101_370,-0.3053763440860215,0.016552728702838415,-0.16833333333333336,Decreasing,17.36709677419355,4.124738266221058
101_371,-0.3548387096774194,0.005313081962207367,-0.156875,Decreasing,13.54258064516129,3.6688206488153354
101_372,0.2709677419354839,0.033624002608237724,0.13736842105263156,Increasing,18.014838709677417,3.4255424538337995
101_373,-0.4043010752688172,0.0014812606762657499,-0.2557142857142857,Decreasing,19.720645161290328,3.8453364595302597
101_374,-0.2903225806451613,0.022755199240110047,-0.12999999999999995,Decreasing,17.181935483870966,3.0396958881789247
101_375,0.21505376344086022,0.09244378064522207,0.13947368421052625,No significant trend,19.299032258064514,3.5741368051860047
101_376,0.1956989247311828,0.12609656894220533,0.17052631578947378,No significant trend,24.72612903225806,6.652545802981744
101_377,-0.2172043010752688,0.08919834224618706,-0.16888888888888895,No significant trend,13.814838709677417,3.7411951436696924
101_378,0.23225806451612904,0.06896994111977195,0.12708333333333335,No significant trend,16.648709677419355,6.650465781376609
101_379,-0.10752688172043011,0.4049437537873102,-0.04909090909090901,No significant trend,18.801290322580645,2.5060980362559047
101_38,-0.002150537634408602,1.0,-0.0033333333333338544,No significant trend,21.194838709677416,4.094135751856623
101_380,-0.46881720430107526,0.00022582615287181085,-0.17777777777777773,Decreasing,16.67225806451613,2.5535082883288234
101_381,0.30752688172043013,0.015800509032550147,0.12318181818181823,Increasing,13.973225806451612,2.4072610417661386
101_382,0.22580645161290322,0.07712322019197049,0.11400000000000006,No significant trend,22.057419354838707,2.88643207341938
101_383,0.13978494623655913,0.2766963536434415,0.06904761904761905,No significant trend,7.789354838709678,2.628166213975638
101_384,-0.14193548387096774,0.26926051859260536,-0.06388888888888891,No significant trend,7.895161290322581,2.459716572930044
101_385,-0.3548387096774194,0.005313081962207367,-0.21799999999999997,Decreasing,22.84806451612904,3.7234430990639162
101_386,0.008602150537634409,0.959334085947048,0.0014285714285711443,No significant trend,14.96903225806451,2.781321749884176
101_387,0.13118279569892474,0.30783043013369626,0.03411764705882353,No significant trend,16.125806451612902,1.9978145708031103
101_388,0.33548387096774196,0.008427504795672336,0.1764,Increasing,14.445806451612901,2.9483322504957297
101_389,0.23440860215053763,0.06641490832840091,0.10368421052631582,No significant trend,10.443225806451611,3.297478398370658
101_39,-0.15698924731182795,0.22104956212356597,-0.08592592592592593,No significant trend,20.728709677419353,3.452012729329765
101_390,0.1870967741935484,0.14382566910763628,0.08199999999999967,No significant trend,14.73516129032258,2.345246215793794
101_391,-0.2731182795698925,0.032229828676073824,-0.15111111111111114,Decreasing,10.559032258064516,2.9734180991760653
101_392,-0.07741935483870968,0.551927301016857,-0.03785714285714281,No significant trend,12.83935483870968,2.5463597489089564
101_393,0.221505376344086,0.08298294959133434,0.1907692307692308,No significant trend,16.36709677419355,4.768663296542968
101_394,0.15913978494623657,0.21470238954837217,0.06687500000000002,No significant trend,17.271290322580647,3.6952731287900713
101_395,-0.1053763440860215,0.4145985082462331,-0.04913043478260873,No significant trend,8.498387096774195,3.329113121048417
101_396,0.1053763440860215,0.4145985082462331,0.06857142857142857,No significant trend,7.440000000000001,2.922083878595614
101_397,0.2129032258064516,0.09578337281012361,0.09307692307692307,No significant trend,12.27516129032258,2.98305955837696
101_398,0.0064516129032258064,0.9728828650934778,0.0009999999999999788,No significant trend,12.16451612903226,2.7779010859438897
101_399,-0.08172043010752689,0.5294358519548577,-0.05666666666666664,No significant trend,15.660645161290324,4.035657147977882
101_4,-0.08602150537634409,0.5074200543722851,-0.05727272727272726,No significant trend,8.13483870967742,3.242108902439237
101_40,0.2731182795698925,0.032229828676073824,0.15439999999999998,Increasing,21.664516129032254,3.365102537583295
101_400,0.043010752688172046,0.7467467998855972,0.01555555555555562,No significant trend,12.746451612903224,1.4791443655405319
101_401,0.2817204301075269,0.02713750593978581,0.06590909090909092,Increasing,8.943870967741937,1.799651717953038
101_402,0.05806451612903226,0.6585566199856316,0.03500000000000014,No significant trend,18.87838709677419,4.084103800120179
101_403,0.12473118279569892,0.33264709898406286,0.08199999999999993,No significant trend,10.493548387096775,3.2796681071138862
101_404,-0.3161290322580645,0.013083919895177765,-0.15666666666666687,Decreasing,12.878064516129033,2.778993110015764
101_405,0.06881720430107527,0.5982707245011594,0.03799999999999999,No significant trend,14.485161290322582,3.15448055226698
101_406,0.2860215053763441,0.024862848209154853,0.13900000000000007,Increasing,12.34,3.236768599659533
101_407,-0.1913978494623656,0.13473584102323688,-0.15071428571428575,No significant trend,11.232903225806453,3.97378765732059
101_408,-0.2645161290322581,0.038119926564599727,-0.13692307692307687,Decreasing,12.055806451612902,5.167337727335564
101_409,-0.3118279569892473,0.014385749502058731,-0.2195454545454546,Decreasing,10.416129032258064,4.076386506587987
101_41,-0.05806451612903226,0.6585566199856316,-0.028823529411764613,No significant trend,18.661290322580648,2.423143442208746
101_410,-0.556989247311828,1.159455156796163e-05,-0.26625000000000004,Decreasing,12.753548387096773,3.507141606445153
101_411,-0.05161290322580645,0.6958581513960522,-0.037777777777777764,No significant trend,8.59032258064516,2.181933862382793
101_412,0.1032258064516129,0.42438806620665614,0.04208333333333333,No significant trend,9.080967741935485,2.201196675767758
101_413,-0.24301075268817204,0.05696246823315332,-0.13695652173913045,No significant trend,9.004838709677419,3.405291774688276
101_414,-0.017204301075268817,0.9052952265477159,-0.005555555555555437,No significant trend,8.39258064516129,2.275418384416703
101_415,-0.22580645161290322,0.07712322019197049,-0.16000000000000014,No significant trend,9.507096774193549,3.9599219555264678
101_416,-0.16129032258064516,0.20848766222654147,-0.09076923076923074,No significant trend,13.310322580645163,3.0382098760257557
101_417,0.12043010752688173,0.34988986770468866,0.06142857142857139,No significant trend,9.852580645161293,3.8470801393180087
101_418,0.36774193548387096,0.003859889400894323,0.20588235294117646,Increasing,16.65,3.403211955330321
101_419,-0.25161290322580643,0.04865707312578982,-0.178695652173913,Decreasing,12.530645161290321,4.606326599912042
101_42,0.40860215053763443,0.0013166634131251964,0.27888888888888885,Increasing,11.601290322580647,3.933856961447906
101_420,-0.24301075268817204,0.05696246823315332,-0.09846153846153848,No significant trend,11.260967741935485,2.3835042714169075
101_421,0.4559139784946237,0.00033547510719911244,0.30347826086956525,Increasing,12.011612903225807,3.8868231465731413
101_422,0.6881720430107527,5.898305532880954e-08,0.5445,Increasing,17.94709677419355,18.39636643532882
101_423,-0.0064516129032258064,0.9728828650934778,-0.0009999999999999788,No significant trend,12.968709677419353,5.009548780102747
101_424,-0.13763440860215054,0.28427093926275426,-0.12045454545454555,No significant trend,19.303870967741933,4.271284975061882
101_425,0.24301075268817204,0.05696246823315332,0.12388888888888891,No significant trend,15.183870967741939,3.2060956834969496
101_426,0.2817204301075269,0.02713750593978581,0.16111111111111112,Increasing,16.297096774193548,6.101511813476197
101_427,-0.18064516129032257,0.158332321603736,-0.12916666666666674,No significant trend,16.156129032258065,4.058727495974137
101_428,0.14838709677419354,0.24778083040054266,0.06428571428571418,No significant trend,13.837419354838708,2.438547912368283
101_429,-0.13118279569892474,0.30783043013369626,-0.05888888888888902,No significant trend,22.360322580645157,3.1710581157337816
101_43,-0.2989247311827957,0.019001296136927026,-0.17357142857142863,Decreasing,12.362580645161291,3.361866769962818
101_430,0.2946236559139785,0.020804552083621086,0.10874999999999968,Increasing,22.475483870967743,2.1772872122387903
101_431,-0.13118279569892474,0.30783043013369626,-0.04928571428571425,No significant trend,16.040967741935486,2.6382378709046588
101_432,-0.4172043010752688,0.0010369364231381795,-0.19857142857142865,Decreasing,17.907419354838705,11.128741043408203
101_433,0.047311827956989246,0.721148135879736,0.012142857142857138,No significant trend,10.74677419354839,1.583541125894286
101_434,-0.14193548387096774,0.26926051859260536,-0.06538461538461536,No significant trend,7.500645161290322,2.3587721457105206
101_435,0.1870967741935484,0.14382566910763628,0.052727272727272734,No significant trend,6.642580645161291,1.8783073501322605
101_436,-0.01935483870967742,0.8918439412522505,-0.01722222222222225,No significant trend,14.676129032258064,11.107396453865807
101_437,-0.11397849462365592,0.3767967991819643,-0.052105263157894745,No significant trend,8.730967741935483,2.3475950011196565
101_438,0.3634408602150538,0.004298292024715877,0.21642857142857144,Increasing,8.92516129032258,3.6380089121596684
101_439,0.5913978494623656,3.2082201719685344e-06,0.2594117647058823,Increasing,9.105806451612905,3.0230947337109093
101_44,-0.2731182795698925,0.032229828676073824,-0.1873913043478261,Decreasing,17.096451612903223,3.8367514387170556
101_440,-0.01935483870967742,0.8918439412522505,-0.012307692307692387,No significant trend,16.80129032258064,3.736622368150736
101_441,-0.14193548387096774,0.26926051859260536,-0.0655172413793103,No significant trend,17.03451612903226,3.268587382271783
101_442,-0.24301075268817204,0.05696246823315332,-0.10761904761904761,No significant trend,14.427096774193549,2.3826675123704786
101_443,0.35698924731182796,0.005040894639046778,0.17615384615384608,Increasing,23.226129032258065,3.5034772380513943
101_444,0.4150537634408602,0.0011011819487161123,0.22500000000000053,Increasing,18.81322580645161,3.272504601733401
101_445,0.2752688172043011,0.030885487177731763,0.1620000000000001,Increasing,16.399677419354838,4.057038872388427
101_446,0.05806451612903226,0.6585566199856316,0.015882352941176653,No significant trend,16.723870967741934,2.991193178066567
101_447,0.3419354838709677,0.007243570523155052,0.1924999999999999,Increasing,19.078709677419358,3.0719928825684972
101_448,-0.08387096774193549,0.5183675363290698,-0.041818181818181734,No significant trend,13.29967741935484,2.9185585083923655
101_449,0.0967741935483871,0.45455525621868187,0.055000000000000014,No significant trend,14.80548387096774,3.754621959158001
101_45,-0.4881720430107527,0.00012243917739440668,-0.14153846153846153,Decreasing,17.944193548387098,1.938520843146448
101_450,0.35268817204301073,0.005598474454852953,0.15416666666666665,Increasing,13.199354838709679,2.784638663631732
101_451,-0.047311827956989246,0.721148135879736,-0.016000000000000014,No significant trend,12.861290322580645,3.238523899054175
101_452,0.26021505376344084,0.04139316901026291,0.13312500000000005,Increasing,11.263225806451608,2.8183916565404123
101_453,0.25591397849462366,0.0449013762794892,0.12000000000000001,Increasing,11.789032258064516,2.5234146793820287
101_454,0.25161290322580643,0.04865707312578982,0.0932,Increasing,10.584193548387098,2.5233423484934248
101_455,0.2645161290322581,0.038119926564599727,0.1843478260869566,Increasing,22.32064516129033,4.824470511133753
101_456,-0.06666666666666667,0.6101267703127584,-0.024705882352941067,No significant trend,23.947419354838708,2.318766312339019
101_457,0.010752688172043012,0.9457970432721066,0.009047619047619108,No significant trend,15.761290322580646,2.029819222739582
101_458,-0.23870967741935484,0.061538570047021235,-0.17588235294117638,No significant trend,14.149354838709675,4.1637133980602306
101_459,-0.32688172043010755,0.010274278203273202,-0.14961538461538465,Decreasing,14.525806451612901,3.234901179318833
101_46,-0.410752688172043,0.0012408530273542162,-0.259999999999998,Decreasing,19.7841935483871,3.873746019114255
101_460,0.2537634408602151,0.04674749402400602,0.08999999999999941,Increasing,16.124838709677416,2.0970807220110994
101_461,-0.2752688172043011,0.030885487177731763,-0.11285714285714286,Decreasing,10.551612903225807,2.4970228683363707
101_462,0.2086021505376344,0.10275196797700414,0.10999999999999999,No significant trend,14.389999999999999,3.362391621949299
101_463,0.20430107526881722,0.1101179540129047,0.14999999999999997,No significant trend,23.739032258064512,4.854589019406949
101_464,-0.14623655913978495,0.2548032960076365,-0.10000000000000024,No significant trend,17.489354838709676,4.1497057303239036
101_465,0.004301075268817204,0.9864394742066862,0.003846153846153901,No significant trend,17.669032258064515,3.194661226765387
101_466,0.3139784946236559,0.013721204475508175,0.1746153846153846,Increasing,13.864838709677418,3.3246070550908158
101_467,-0.3548387096774194,0.005313081962207367,-0.16399999999999987,Decreasing,12.200967741935482,3.6176051201604396
101_468,0.22580645161290322,0.07712322019197049,0.09523809523809523,No significant trend,17.895161290322584,2.5538217673022374
101_469,-0.24516129032258063,0.05478277122914399,-0.05833333333333327,No significant trend,15.993225806451614,1.7189670324613164
101_47,-0.16344086021505377,0.2024043739887733,-0.14399999999999977,No significant trend,26.629032258064516,6.42071564438546
101_470,0.10967741935483871,0.3954246967469044,0.04555555555555557,No significant trend,18.19709677419355,2.787379615277943
101_471,-0.2924731182795699,0.021760860424100192,-0.15210526315789477,Decreasing,16.414193548387097,2.9601218089513384
101_472,-0.04086021505376344,0.7596537518193331,-0.0947999999999999,No significant trend,40.569677419354825,7.5236845314114404
101_473,-0.10752688172043011,0.4049437537873102,-0.036428571428571414,No significant trend,14.36548387096774,1.7320058085086192
101_474,-0.025806451612903226,0.8516915353162966,-0.00800000000000054,No significant trend,14.734838709677419,2.615687007723311
101_475,-0.02795698924731183,0.8383870987564421,-0.01499999999999968,No significant trend,10.57548387096774,2.4803483609516097
101_476,0.060215053763440864,0.6463036389969625,0.029473684210526343,No significant trend,14.370967741935484,2.7245720052629627
101_477,-0.36774193548387096,0.003859889400894323,-0.21454545454545457,Decreasing,10.94096774193548,3.7855424078380184
101_478,0.0967741935483871,0.45455525621868187,0.03374999999999995,No significant trend,15.258709677419354,2.0651122627228484
101_479,-0.17849462365591398,0.16340634586373248,-0.08500000000000019,No significant trend,19.979999999999997,2.67571154238728
101_48,0.04086021505376344,0.7596537518193331,0.021428571428571352,No significant trend,13.640645161290323,3.898893089801564
101_480,-0.5268817204301075,3.3667518407387576e-05,-0.41999999999999993,Decreasing,13.824516129032258,5.223540906758418
101_481,0.3978494623655914,0.0017639537009741524,0.16,Increasing,15.245161290322583,2.977920763008919
101_482,0.13333333333333333,0.2998377295670276,0.0772727272727274,No significant trend,17.87258064516129,4.080325704695593
101_483,0.03225806451612903,0.8119200006410021,0.052727272727272734,No significant trend,15.321290322580644,4.8474980190553
101_484,-0.3956989247311828,0.0018686938185774604,-0.20769230769230765,Decreasing,14.171612903225807,3.5678321752573012
101_485,-0.12043010752688173,0.34988986770468866,-0.06666666666666761,No significant trend,22.41387096774193,2.4808189041047672
101_486,0.3032258064516129,0.017336219440732936,0.21199999999999974,Increasing,18.30258064516129,3.9056237102512834
101_487,0.08172043010752689,0.5294358519548577,0.041999999999999996,No significant trend,15.492258064516129,2.7015475967070564
101_488,0.35698924731182796,0.005040894639046778,0.21999999999999995,Increasing,13.368064516129031,3.803048369277398
101_489,-0.012903225806451613,0.9322756334126572,-0.00470588235294118,No significant trend,8.214516129032258,2.828251299129937
101_49,-0.008602150537634409,0.959334085947048,-0.0018181818181817794,No significant trend,16.73193548387097,3.7065264317668176
101_490,0.2086021505376344,0.10275196797700414,0.22818181818181815,No significant trend,16.616774193548387,5.7832507808474585
101_492,0.1053763440860215,0.4145985082462331,0.041538461538461476,No significant trend,17.81322580645162,2.1481250445623417
101_493,-0.24946236559139784,0.050631724603018124,-0.09000000000000004,No significant trend,14.786774193548387,2.2608325430515914
101_494,0.11397849462365592,0.3767967991819643,0.060000000000000005,No significant trend,13.937741935483873,3.5621484181259975
101_495,0.4752688172043011,0.00018459819815141998,0.30823529411764716,Increasing,16.968064516129033,4.70745491085928
101_496,0.47956989247311826,0.00016116403623755993,0.528888888888889,Increasing,18.66774193548387,8.340993098479736
101_497,-0.08172043010752689,0.5294358519548577,-0.04071428571428574,No significant trend,9.886451612903226,3.6042157648948754
101_498,-0.17849462365591398,0.16340634586373248,-0.13999999999999985,No significant trend,13.291935483870969,4.029082517313531
101_499,-0.33548387096774196,0.008427504795672336,-0.10928571428571436,Decreasing,17.953225806451613,2.1812683305032894
101_5,0.034408602150537634,0.7987646104203716,0.007599999999999909,No significant trend,18.284193548387094,2.511343008128222
101_50,0.23225806451612904,0.06896994111977195,0.10285714285714283,No significant trend,13.830967741935481,2.260684102625275
101_500,0.21505376344086022,0.09244378064522207,0.13827586206896544,No significant trend,18.797096774193545,3.697706519826011
101_501,0.03655913978494624,0.7856661000859302,0.023499999999999945,No significant trend,17.38741935483871,3.2422393373894707
101_502,0.2064516129032258,0.10638442840594231,0.1221428571428572,No significant trend,22.65451612903226,3.7951903677100587
101_503,-0.36774193548387096,0.003859889400894323,-0.21411764705882355,Decreasing,9.68193548387097,3.412675064024095
101_504,-0.07741935483870968,0.551927301016857,-0.03416666666666668,No significant trend,12.428387096774197,3.06658378464059
101_505,0.3118279569892473,0.014385749502058731,0.10705882352941178,Increasing,16.465483870967745,2.1836664029602306
101_506,0.17204301075268819,0.17936364721043319,0.05826086956521739,No significant trend,14.56290322580645,2.1347980089511633
101_507,-0.2946236559139785,0.020804552083621086,-0.19384615384615367,Decreasing,15.01741935483871,3.5275514378563164
101_508,-0.07526881720430108,0.5633463699559165,-0.030000000000000037,No significant trend,15.699354838709676,2.225610370044761
101_509,-0.1010752688172043,0.43431144285625,-0.0700000000000001,No significant trend,13.851290322580645,3.704938066554301
101_51,-0.24516129032258063,0.05478277122914399,-0.07250000000000001,No significant trend,11.297419354838711,2.1196925640472024
101_510,-0.04086021505376344,0.7596537518193331,-0.024999999999999974,No significant trend,15.602903225806452,2.7368974588596076
101_511,0.22580645161290322,0.07712322019197049,0.2403846153846154,No significant trend,20.347741935483874,7.596790795132877
101_512,0.02795698924731183,0.8383870987564421,0.010624999999999996,No significant trend,13.735806451612907,3.343824133160529
101_513,-0.015053763440860216,0.9187737391879132,-0.006666666666666525,No significant trend,17.05129032258064,2.5904374296637864
101_514,-0.2645161290322581,0.038119926564599727,-0.12105263157894731,Decreasing,14.306451612903226,11.331730656303721
101_515,-0.4150537634408602,0.0011011819487161123,-0.1824000000000001,Decreasing,20.553225806451607,3.1906692463077437
101_516,0.20430107526881722,0.1101179540129047,0.06050000000000004,No significant trend,16.781935483870967,1.8194990791598318
101_517,-0.16559139784946236,0.19645146482180031,-0.0592307692307692,No significant trend,8.809354838709679,2.047163159868248
101_518,-0.2731182795698925,0.032229828676073824,-0.11523809523809524,Decreasing,11.307419354838713,2.0555996970383363
101_519,-0.4559139784946237,0.00033547510719911244,-0.30700000000000005,Decreasing,15.791290322580643,4.24735343929528
101_52,-0.17204301075268819,0.17936364721043319,-0.06857142857142863,No significant trend,15.951612903225806,1.9679612780976083
101_520,0.023655913978494623,0.8650383150743488,0.00759999999999998,No significant trend,14.344193548387098,2.692093290567707
101_521,-0.08817204301075268,0.49659521437046883,-0.04733333333333339,No significant trend,15.517096774193549,2.6759094848817138
101_522,0.06236559139784946,0.6341458536966633,0.03629629629629631,No significant trend,18.72064516129032,2.912969813120968
101_523,-0.13978494623655913,0.2766963536434415,-0.07470588235294115,No significant trend,17.947741935483872,3.4841009482036642
101_524,-0.2129032258064516,0.09578337281012361,-0.09807692307692296,No significant trend,21.959032258064514,3.2589196258870334
101_525,0.23440860215053763,0.06641490832840091,0.13500000000000156,No significant trend,14.690967741935482,4.199527895769537
101_526,-0.07096774193548387,0.5865203757130351,-0.03133333333333337,No significant trend,15.99774193548387,2.2406835214014773
101_527,-0.4236559139784946,0.0008644209634274258,-0.14071428571428576,Decreasing,12.339032258064519,2.547059474512001
101_528,0.2129032258064516,0.09578337281012361,0.08909090909090912,No significant trend,10.635806451612902,2.2017570317941875
101_53,0.2537634408602151,0.04674749402400602,0.19074074074074082,Increasing,17.50548387096774,4.373682171078601
101_530,-0.010752688172043012,0.9457970432721066,-0.00523809523809538,No significant trend,17.731935483870966,3.523682475675988
101_531,0.16774193548387098,0.19062782292334934,0.06592592592592597,No significant trend,15.71967741935484,2.221120734065703
101_532,0.07311827956989247,0.5748781452473757,0.027142857142857326,No significant trend,15.286129032258065,2.6564245645644906
101_533,-0.06666666666666667,0.6101267703127584,-0.022000000000000065,No significant trend,11.735806451612904,1.6919863764294596
101_534,-0.1827956989247312,0.1533785068859166,-0.1929411764705882,No significant trend,13.971935483870968,5.449454201350064
101_535,-0.24301075268817204,0.05696246823315332,-0.08407407407407406,No significant trend,11.494193548387097,2.831910074881694
101_536,0.3634408602150538,0.004298292024715877,0.16249999999999998,Increasing,6.64032258064516,2.934635751284292
101_537,0.03655913978494624,0.7856661000859302,0.01173913043478259,No significant trend,10.100000000000003,2.2128860151686602
101_538,-0.16559139784946236,0.19645146482180031,-0.12666666666666662,No significant trend,14.78225806451613,4.164304309847638
101_539,-0.23010752688172043,0.07160518117391312,-0.16400000000000006,No significant trend,12.974193548387097,3.484520399445514
101_54,-0.03655913978494624,0.7856661000859302,-0.024444444444444484,No significant trend,10.863870967741937,5.2271713669516995
101_540,-0.1956989247311828,0.12609656894220533,-0.08941176470588233,No significant trend,18.79967741935484,2.572284642693825
101_541,-0.12688172043010754,0.3242351019547285,-0.12666666666666673,No significant trend,14.681612903225803,4.550558347006543
101_542,-0.4344086021505376,0.000634829801147152,-0.4207407407407408,Decreasing,21.49774193548387,11.457278489458814
101_543,0.09462365591397849,0.46487326576717747,0.055833333333333325,No significant trend,12.814193548387097,3.280561295594387
101_544,-0.21505376344086022,0.09244378064522207,-0.13733333333333336,No significant trend,13.875806451612904,6.56133334905168
101_545,0.03225806451612903,0.8119200006410021,0.018571428571428936,No significant trend,21.081612903225807,4.454430992063893
101_546,-0.1010752688172043,0.43431144285625,-0.04384615384615387,No significant trend,18.1141935483871,3.394100930118217
101_547,0.24301075268817204,0.05696246823315332,0.10062499999999996,No significant trend,12.60548387096774,2.5885079008891703
101_548,-0.012903225806451613,0.9322756334126572,-0.002999999999999936,No significant trend,13.98451612903226,4.794495391195143
101_549,0.2645161290322581,0.038119926564599727,0.11035714285714285,Increasing,14.47193548387097,2.60775570218709
101_55,-0.16559139784946236,0.19645146482180031,-0.15333333333333338,No significant trend,30.852580645161293,4.690606926642921
101_550,0.04516129032258064,0.7339104943970112,0.01999999999999996,No significant trend,17.388387096774192,2.9794155053268243
101_551,-0.023655913978494623,0.8650383150743488,-0.01499999999999968,No significant trend,16.41774193548387,9.919949177054193
101_552,0.053763440860215055,0.6833368087995224,0.03000000000000012,No significant trend,13.777741935483869,4.624807378501446
101_553,-0.2129032258064516,0.09578337281012361,-0.06499999999999995,No significant trend,11.873548387096774,2.091029301081472
101_554,0.2860215053763441,0.024862848209154853,0.2233333333333333,Increasing,17.730645161290326,6.933792862116278
101_555,-0.03225806451612903,0.8119200006410021,-0.00869565217391309,No significant trend,13.489032258064517,1.5488525510086069
101_556,0.4881720430107527,0.00012243917739440668,0.2621428571428571,Increasing,11.833870967741937,3.3653621550976625
101_557,-0.2129032258064516,0.09578337281012361,-0.11105263157894733,No significant trend,13.37258064516129,2.949301686339454
101_558,-0.38064516129032255,0.0027772931948595314,-0.181875,Decreasing,10.637419354838707,2.9801515091837034
101_559,-0.16129032258064516,0.20848766222654147,-0.109047619047619,No significant trend,16.770645161290318,3.681323338047173
101_56,-0.14623655913978495,0.2548032960076365,-0.05999999999999991,No significant trend,16.857741935483876,2.495763778210693
101_560,0.3956989247311828,0.0018686938185774604,0.23263157894736852,Increasing,15.85967741935484,3.8390938815592404
101_561,0.17849462365591398,0.16340634586373248,0.10624999999999996,No significant trend,19.602258064516132,3.1952774726072057
101_562,-0.16129032258064516,0.20848766222654147,-0.09833333333333331,No significant trend,21.796451612903223,3.4720957215018706
101_563,-0.08817204301075268,0.49659521437046883,-0.03730769230769233,No significant trend,15.641290322580643,3.4391219265083084
101_564,0.3548387096774194,0.005313081962207367,0.2475000000000002,Increasing,20.16935483870968,4.921590967185614
101_565,0.010752688172043012,0.9457970432721066,0.010526315789473648,No significant trend,19.076451612903224,3.4071855270003457
101_566,-0.2172043010752688,0.08919834224618706,-0.11937500000000001,No significant trend,15.698387096774193,3.4646222125886306
101_567,-0.13978494623655913,0.2766963536434415,-0.08124999999999982,No significant trend,14.418064516129032,5.572148725150155
101_568,0.08172043010752689,0.5294358519548577,0.03571428571428571,No significant trend,17.817741935483877,3.020117183880527
101_569,0.04946236559139785,0.7084629632532715,0.04199999999999946,No significant trend,22.708387096774196,3.7496718968500504
101_57,0.3161290322580645,0.013083919895177765,0.16636363636363638,Increasing,12.732903225806455,3.340725431697373
101_570,-0.03870967741935484,0.7726279905852822,-0.03260869565217391,No significant trend,19.855806451612906,3.6249171507271436
101_571,-0.3419354838709677,0.007243570523155052,-0.14800000000000005,Decreasing,12.592580645161288,2.904399296886436
101_572,-0.27956989247311825,0.028340697604201104,-0.15833333333333352,Decreasing,18.14032258064516,3.1033732779659844
101_573,-0.09247311827956989,0.47532023939393775,-0.03749999999999987,No significant trend,17.816451612903226,2.8092526251967476
101_574,0.27956989247311825,0.028340697604201104,0.18062500000000004,Increasing,14.25516129032258,5.265838701674212
101_575,-0.21935483870967742,0.08604531406845561,-0.17400000000000002,No significant trend,15.560322580645161,4.806589216475829
101_576,-0.2946236559139785,0.020804552083621086,-0.11923076923076928,Decreasing,11.36967741935484,3.1516779799798886
101_577,-0.33763440860215055,0.008014910367279748,-0.14739130434782619,Decreasing,15.196451612903221,2.700208532433455
101_578,-0.26021505376344084,0.04139316901026291,-0.12000000000000002,Decreasing,9.393870967741934,2.415135977497393
101_579,-0.5333333333333333,2.691459633452631e-05,-0.1937500000000001,Decreasing,11.164516129032258,2.687994622102048
101_58,-0.23010752688172043,0.07160518117391312,-0.07538461538461541,No significant trend,10.315806451612902,2.148759243172596
101_580,0.14838709677419354,0.24778083040054266,0.10199999999999995,No significant trend,13.200645161290323,3.95539805548257
101_581,0.08817204301075268,0.49659521437046883,0.030714285714285694,No significant trend,8.360967741935482,2.0292384632898375
101_582,0.002150537634408602,1.0,0.0,No significant trend,11.025806451612903,6.710599595437129
101_583,-0.5225806451612903,3.903255135684347e-05,-0.2250000000000001,Decreasing,12.676451612903223,4.11336966362059
101_584,-0.2021505376344086,0.11395424835779155,-0.14894736842105272,No significant trend,15.54225806451613,4.442212983577805
101_585,0.16559139784946236,0.19645146482180031,0.17119999999999996,No significant trend,17.338387096774195,16.624367675925285
101_586,-0.43010752688172044,0.000718850062535914,-0.14312500000000006,Decreasing,15.52225806451613,2.3051159227409093
101_587,-0.1827956989247312,0.1533785068859166,-0.1525,No significant trend,14.467096774193548,4.576131760981164
101_588,-0.07526881720430108,0.5633463699559165,-0.03666666666666648,No significant trend,14.117741935483872,3.700989152591001
101_589,-0.07741935483870968,0.551927301016857,-0.05750000000000011,No significant trend,17.95967741935484,4.841124558686331
101_59,0.26881720430107525,0.035069438571895484,0.1409090909090909,Increasing,13.59129032258065,3.052133829915195
101_590,0.060215053763440864,0.6463036389969625,0.023333333333332835,No significant trend,13.913548387096776,1.7461377627118564
101_591,-0.1010752688172043,0.43431144285625,-0.05666666666666664,No significant trend,14.089032258064519,3.2720481450424206
101_592,0.221505376344086,0.08298294959133434,0.1466666666666665,No significant trend,8.297096774193548,4.267750176765261
101_593,-0.23225806451612904,0.06896994111977195,-0.10299999999999994,No significant trend,13.887419354838709,3.389596957430033
101_594,0.15698924731182795,0.22104956212356597,0.09611111111111113,No significant trend,9.79225806451613,3.0700233367584384
101_595,-0.3763440860215054,0.0031026895944057387,-0.23909090909090916,Decreasing,14.213548387096775,4.004087063913649
101_596,-0.2731182795698925,0.032229828676073824,-0.11172413793103443,Decreasing,15.667741935483875,2.5986134139841175
101_597,0.02795698924731183,0.8383870987564421,0.011538461538461565,No significant trend,10.791290322580647,2.047528395069535
101_598,-0.06666666666666667,0.6101267703127584,-0.02259259259259257,No significant trend,10.637419354838709,2.6741317164726097
101_599,-0.034408602150537634,0.7987646104203716,-0.01937500000000003,No significant trend,19.103870967741937,3.6946488570497555
101_6,0.1032258064516129,0.42438806620665614,0.0433333333333333,No significant trend,17.250967741935483,2.6119988080305405
101_60,0.2924731182795699,0.021760860424100192,0.15105263157894733,Increasing,15.459677419354838,6.647839078382596
101_600,-0.26666666666666666,0.036567588572864906,-0.13916666666666666,Decreasing,13.716774193548387,2.9347719448649303
101_601,0.053763440860215055,0.6833368087995224,0.02464285714285719,No significant trend,17.28451612903226,2.9614085997884767
101_602,-0.27741935483870966,0.029589571342436338,-0.11705882352941177,Decreasing,10.135483870967741,3.189293418267496
101_603,-0.3956989247311828,0.0018686938185774604,-0.17636363636363617,Decreasing,15.886129032258063,2.60720920800737
101_604,-0.23655913978494625,0.06393835708593554,-0.11,No significant trend,11.338064516129034,3.2264905726179505
101_605,0.23010752688172043,0.07160518117391312,0.1240740740740741,No significant trend,13.10741935483871,3.2356501742227897
101_606,-0.3096774193548387,0.015078520915366989,-0.08749999999999998,Decreasing,9.396774193548385,2.378231095280657
101_607,0.16774193548387098,0.19062782292334934,0.07153846153846152,No significant trend,11.123225806451615,2.3292022545412054
101_608,-0.021505376344086023,0.8784237055808175,-0.005714285714285846,No significant trend,24.620967741935484,3.4870130991721453
101_609,-0.23010752688172043,0.07160518117391312,-0.10952380952380955,No significant trend,18.869032258064518,3.284231490444969
101_61,-0.2645161290322581,0.038119926564599727,-0.13260869565217395,Decreasing,8.722903225806453,3.228815016378237
101_610,0.12043010752688173,0.34988986770468866,0.04200000000000017,No significant trend,19.743548387096773,2.976580142450877
101_611,0.26881720430107525,0.035069438571895484,0.1799999999999999,Increasing,16.830322580645163,3.7710685435905105
101_612,-0.36774193548387096,0.003859889400894323,-0.17894736842105255,Decreasing,21.726774193548383,3.060267105248014
101_613,-0.0989247311827957,0.4443675620908478,-0.08159999999999996,No significant trend,19.30838709677419,3.644223087939625
101_614,-0.15053763440860216,0.2408949627928283,-0.07000000000000028,No significant trend,13.924193548387095,2.9634273686038997
101_615,-0.28817204301075267,0.023788782312269774,-0.1028571428571432,Decreasing,19.622258064516124,2.243514969255537
101_616,-0.03655913978494624,0.7856661000859302,-0.040000000000000924,No significant trend,22.506451612903223,3.5562389959120835
101_617,-0.043010752688172046,0.7467467998855972,-0.017647058823529453,No significant trend,16.51451612903226,2.8376737845996973
101_618,-0.2860215053763441,0.024862848209154853,-0.24966666666666673,Decreasing,22.554516129032258,4.2755485131675846
101_619,-0.12258064516129032,0.34119875170636194,-0.053999999999999916,No significant trend,16.38193548387097,2.4600687367197804
101_62,-0.1053763440860215,0.4145985082462331,-0.0415,No significant trend,9.277096774193547,3.7854638728391325
101_620,-0.30752688172043013,0.015800509032550147,-0.1366666666666666,Decreasing,8.904193548387095,2.5254827378767044
101_621,-0.20430107526881722,0.1101179540129047,-0.12399999999999985,No significant trend,18.818387096774195,3.3286169720967114
101_622,-0.3010752688172043,0.018152045535652528,-0.1105882352941177,Decreasing,17.720967741935485,3.129887511983313
101_623,-0.015053763440860216,0.9187737391879132,-0.014375000000000027,No significant trend,17.818064516129034,2.870196598138654
101_624,0.03655913978494624,0.7856661000859302,0.020000000000000462,No significant trend,17.107741935483872,2.809718973064077
101_625,-0.5096774193548387,6.042257609317758e-05,-0.19647058823529412,Decreasing,17.537096774193547,2.42740030000023
101_626,0.17419354838709677,0.1739206495334844,0.07479999999999996,No significant trend,9.503548387096776,2.72042637595902
101_627,0.47096774193548385,0.00021120825007803212,0.6070588235294118,Increasing,16.383548387096777,13.879977816377899
101_628,-0.2086021505376344,0.10275196797700414,-0.07034482758620693,No significant trend,9.70516129032258,2.386830630324741
101_629,0.07311827956989247,0.5748781452473757,0.027916666666666663,No significant trend,8.589677419354837,2.5951039308803727
101_63,-0.23225806451612904,0.06896994111977195,-0.09761904761904765,No significant trend,6.835806451612904,3.0258187633011784
101_630,-0.15483870967741936,0.22753013024096425,-0.06285714285714288,No significant trend,16.298709677419353,2.8339141311637466
101_631,-0.23010752688172043,0.07160518117391312,-0.1111111111111111,No significant trend,17.108709677419355,2.755978535821052
101_632,0.13978494623655913,0.2766963536434415,0.09391304347826088,No significant trend,21.832580645161293,3.283680043882646
101_633,-0.3053763440860215,0.016552728702838415,-0.12875000000000014,Decreasing,14.631290322580643,2.430876308122283
101_634,0.05161290322580645,0.6958581513960522,0.02750000000000008,No significant trend,11.269354838709676,3.017822260616111
101_635,0.060215053763440864,0.6463036389969625,0.021499999999999984,No significant trend,5.994838709677418,2.1072897606346768
101_636,-0.0967741935483871,0.45455525621868187,-0.04611111111111112,No significant trend,10.048387096774192,2.9708976559979563
101_637,-0.13333333333333333,0.2998377295670276,-0.09076923076923074,No significant trend,15.32193548387097,3.7610323045458762
101_638,-0.0967741935483871,0.45455525621868187,-0.049600000000000005,No significant trend,15.73032258064516,3.1822445759405444
101_639,-0.12043010752688173,0.34988986770468866,-0.05700000000000003,No significant trend,7.59516129032258,2.851245195968565
101_64,-0.06666666666666667,0.6101267703127584,-0.04727272727272724,No significant trend,6.5841935483870975,3.2047744364222384
101_640,0.13978494623655913,0.2766963536434415,0.07999999999999999,No significant trend,17.255806451612905,2.807390906958721
101_641,-0.02795698924731183,0.8383870987564421,-0.01263157894736834,No significant trend,10.805806451612904,3.460200231194486
101_642,-0.06451612903225806,0.6220860087372633,-0.052999999999999936,No significant trend,10.136451612903222,3.8365563762707633
101_643,0.0967741935483871,0.45455525621868187,0.05555555555555555,No significant trend,12.615161290322582,6.17647298402353
101_644,0.45161290322580644,0.0003819501147899196,0.1653846153846154,Increasing,16.630967741935486,2.553510366634098
101_645,0.15913978494623657,0.21470238954837217,0.10142857142857147,No significant trend,12.558709677419357,3.9554982084439283
101_646,-0.12043010752688173,0.34988986770468866,-0.03375000000000006,No significant trend,10.754193548387097,2.1307363170654416
101_647,0.33763440860215055,0.008014910367279748,0.16045454545454543,Increasing,9.07,2.8371589606051217
101_648,0.07096774193548387,0.5865203757130351,0.02666666666666669,No significant trend,9.5041935483871,3.0187112975610786
101_649,0.010752688172043012,0.9457970432721066,0.005000000000000189,No significant trend,9.643870967741934,3.0849746978827044
101_65,-0.07741935483870968,0.551927301016857,-0.036428571428571414,No significant trend,8.270967741935483,2.361982976146225
101_650,-0.3935483870967742,0.0019791198223833018,-0.21772727272727277,Decreasing,22.19290322580645,3.3405709320301944
101_651,-0.2086021505376344,0.10275196797700414,-0.14199999999999993,No significant trend,19.669999999999995,3.9214817805057716
101_652,0.0064516129032258064,0.9728828650934778,0.007619047619047626,No significant trend,15.384516129032257,3.779973407236785
101_653,-0.12473118279569892,0.33264709898406286,-0.05874999999999986,No significant trend,17.67935483870967,2.828682510473247
101_654,0.1032258064516129,0.42438806620665614,0.06600000000000002,No significant trend,12.673225806451617,4.757192440584403
101_655,-0.002150537634408602,1.0,-0.004000000000000092,No significant trend,12.200322580645159,4.177643635777786
101_656,0.21935483870967742,0.08604531406845561,0.15384615384615385,No significant trend,9.613225806451611,3.907836945699339
101_657,-0.13978494623655913,0.2766963536434415,-0.11230769230769223,No significant trend,14.725161290322578,4.332878705573378
101_658,-0.10967741935483871,0.3954246967469044,-0.04375000000000001,No significant trend,8.624193548387096,2.344211503990681
101_659,-0.08817204301075268,0.49659521437046883,-0.03684210526315786,No significant trend,7.615483870967743,2.803667918660652
101_66,0.07096774193548387,0.5865203757130351,0.027142857142857135,No significant trend,7.343870967741935,2.121845936183649
101_660,-0.1053763440860215,0.4145985082462331,-0.03470588235294117,No significant trend,11.441935483870969,2.0069161374941515
101_661,0.1870967741935484,0.14382566910763628,0.13529411764705887,No significant trend,19.23935483870968,4.091580604342462
101_662,-0.04086021505376344,0.7596537518193331,-0.021333333333333353,No significant trend,12.600000000000003,3.3746483687790683
101_663,-0.1956989247311828,0.12609656894220533,-0.07105263157894735,No significant trend,12.64967741935484,2.235865256299857
101_664,-0.23010752688172043,0.07160518117391312,-0.13199999999999995,No significant trend,11.744193548387099,3.5443492274901454
101_665,-0.3763440860215054,0.0031026895944057387,-0.16933333333333328,Decreasing,14.811612903225805,2.841913368153852
101_666,-0.5010752688172043,8.041203646391715e-05,-0.21333333333333332,Decreasing,13.11451612903226,2.766087068241832
101_667,-0.432258064516129,0.000675626717447253,-0.2235714285714285,Decreasing,18.905806451612904,3.3312554779411943
101_668,-0.2086021505376344,0.10275196797700414,-0.1459090909090908,No significant trend,19.563870967741938,3.8794750870565737
101_669,-0.4021505376344086,0.001570485444849723,-0.22187499999999993,Decreasing,13.649677419354838,2.8745350074133644
101_67,0.03655913978494624,0.7856661000859302,0.009999999999999978,No significant trend,6.7625806451612895,2.042432085564051
101_670,-0.4258064516129032,0.0008131066227232697,-0.16133333333333333,Decreasing,13.602903225806452,2.219121002309883
101_671,-0.45376344086021503,0.00035800799918561665,-0.23199999999999993,Decreasing,18.720322580645156,2.936495040307097
101_672,-0.5225806451612903,3.903255135684347e-05,-0.23200000000000004,Decreasing,19.219032258064516,2.7956560253118843
101_673,-0.04086021505376344,0.7596537518193331,-0.018461538461538477,No significant trend,22.023225806451613,3.0075511280310963
101_674,-0.13118279569892474,0.30783043013369626,-0.061666666666666536,No significant trend,16.745806451612903,3.387668123854185
101_675,-0.35053763440860214,0.005897626336997419,-0.22099999999999972,Decreasing,20.52677419354839,3.538652365225309
101_676,-0.20430107526881722,0.1101179540129047,-0.040000000000000036,No significant trend,11.875806451612904,1.2994211470411474
101_677,-0.221505376344086,0.08298294959133434,-0.10192307692307694,No significant trend,10.918387096774195,2.599254355578691
101_678,-0.15913978494623657,0.21470238954837217,-0.09153846153846157,No significant trend,17.191612903225806,2.8607985539504734
101_679,-0.3935483870967742,0.0019791198223833018,-0.14333333333333353,Decreasing,11.202903225806452,2.451585653498814
101_68,0.23440860215053763,0.06641490832840091,0.09500000000000004,No significant trend,11.999032258064515,2.437200078936046
101_680,0.07526881720430108,0.5633463699559165,0.04555555555555557,No significant trend,16.661612903225805,4.2478769625385535
101_681,-0.20430107526881722,0.1101179540129047,-0.13571428571428568,No significant trend,13.439032258064518,4.16246155060317
101_682,-0.4731182795698925,0.00019748250781770338,-0.3475,Decreasing,18.653225806451612,7.341662107275062
101_683,0.14623655913978495,0.2548032960076365,0.04181818181818189,No significant trend,21.015161290322578,1.8850701552235298
101_684,-0.36774193548387096,0.003859889400894323,-0.18200000000000002,Decreasing,20.421290322580642,3.150765131791451
101_685,-0.010752688172043012,0.9457970432721066,-0.009999999999999787,No significant trend,13.022903225806452,3.3896323842434852
101_686,-0.34623655913978496,0.006539518436156966,-0.18333333333333238,Decreasing,19.445483870967742,3.273623659286919
101_687,-0.6021505376344086,2.1161827552518275e-06,-0.254,Decreasing,16.308709677419355,2.847556668484216
101_688,-0.43870967741935485,0.0005600206571134692,-0.27736842105263154,Decreasing,21.742258064516133,3.9930534114015965
101_689,-0.025806451612903226,0.8516915353162966,-0.005263157894736917,No significant trend,19.18967741935484,2.681793434434126
101_69,0.15483870967741936,0.22753013024096425,0.093,No significant trend,7.06483870967742,3.4301310714801874
101_690,-0.3419354838709677,0.007243570523155052,-0.19959999999999994,Decreasing,21.67032258064516,3.6824005878625035
101_691,-0.43010752688172044,0.000718850062535914,-0.29437500000000005,Decreasing,19.76064516129032,3.9989473901175794
101_692,-0.5698924731182796,7.221474918273074e-06,-0.24928571428571425,Decreasing,17.56161290322581,2.907933638119081
101_693,-0.002150537634408602,1.0,-0.0007692307692307529,No significant trend,11.73032258064516,2.8927166424247432
101_694,-0.421505376344086,0.0009187244818718021,-0.23111111111111132,Decreasing,15.386129032258065,3.339230814867936
101_695,-0.14623655913978495,0.2548032960076365,-0.06421052631578951,No significant trend,12.362903225806456,3.596089447332394
101_696,-0.24731182795698925,0.05267307614212502,-0.11470588235294124,No significant trend,11.864193548387096,4.320775598083131
101_697,0.1032258064516129,0.42438806620665614,0.05874999999999986,No significant trend,15.191290322580645,3.733203019751343
101_698,-0.13548387096774195,0.29198463590975887,-0.03374999999999995,No significant trend,11.82451612903226,1.6775401321283328
101_699,0.1913978494623656,0.13473584102323688,0.09449999999999995,No significant trend,9.991935483870966,3.1694004921607233
101_7,-0.0064516129032258064,0.9728828650934778,-0.007333333333333295,No significant trend,13.02774193548387,2.4526703152560456
101_70,0.07956989247311828,0.5406231028187141,0.05333333333333334,No significant trend,7.028064516129031,2.719344583457493
101_700,0.23010752688172043,0.07160518117391312,0.209,No significant trend,13.460322580645164,7.849801511306479
101_701,-0.25591397849462366,0.0449013762794892,-0.11399999999999988,Decreasing,8.983548387096775,2.8643577767913597
101_702,0.07741935483870968,0.551927301016857,0.05076923076923078,No significant trend,10.324516129032258,6.121228971432746
101_703,0.17634408602150536,0.16860199558675504,0.03421052631578949,No significant trend,10.871935483870969,2.4004911048001754
101_704,-0.3634408602150538,0.004298292024715877,-0.12592592592592594,Decreasing,13.221935483870968,2.2533006891752527
101_705,0.047311827956989246,0.721148135879736,0.02869565217391305,No significant trend,15.589354838709676,2.527456882608352
101_706,-0.33978494623655914,0.007620496341621097,-0.18227272727272725,Decreasing,10.580967741935483,4.753863186136914
101_707,-0.4967741935483871,9.261151253348032e-05,-0.1946153846153847,Decreasing,10.825806451612902,2.6590791204833737
101_708,-0.24731182795698925,0.05267307614212502,-0.1308695652173912,No significant trend,16.696129032258064,3.647092237632919
101_709,-0.3333333333333333,0.008858992984779324,-0.18440000000000004,Decreasing,15.340967741935483,3.8414625531620783
101_71,0.30752688172043013,0.015800509032550147,0.15863636363636366,Increasing,13.92,3.2786838429369007
101_710,-0.5440860215053763,1.843097094700319e-05,-0.16888888888888903,Decreasing,19.52967741935484,2.0227280905252174
101_711,-0.22365591397849463,0.08000950089470127,-0.10857142857142854,No significant trend,14.108064516129033,3.40527808476009
101_712,-0.4924731182795699,0.000106544569022482,-0.23807692307692313,Decreasing,15.22225806451613,3.6503430768304495
101_713,0.08602150537634409,0.5074200543722851,0.029999999999999954,No significant trend,11.435806451612903,2.873032313117352
101_714,-0.04086021505376344,0.7596537518193331,-0.02411764705882354,No significant trend,15.734193548387099,4.468063572910673
101_715,-0.2623655913978495,0.03972794794507628,-0.1442105263157894,Decreasing,13.381935483870967,3.3184269683427967
101_716,-0.05806451612903226,0.6585566199856316,-0.018749999999999933,No significant trend,13.239999999999998,2.780466426408903
101_717,-0.44946236559139785,0.00040738224022218716,-0.16000000000000003,Decreasing,15.329677419354839,2.620533661324593
101_718,-0.410752688172043,0.0012408530273542162,-0.14250000000000007,Decreasing,14.101290322580645,2.6703240614450063
101_719,-0.17419354838709677,0.1739206495334844,-0.10600000000000023,No significant trend,10.352258064516128,3.3294131127479796
101_72,0.2172043010752688,0.08919834224618706,0.09285714285714278,No significant trend,13.859032258064515,2.7151419553439737
101_720,-0.33763440860215055,0.008014910367279748,-0.2311764705882353,Decreasing,15.292258064516128,4.31261443769802
101_721,-0.1913978494623656,0.13473584102323688,-0.0782142857142857,No significant trend,12.553548387096773,2.2534769527756318
101_722,-0.034408602150537634,0.7987646104203716,-0.008947368421052627,No significant trend,13.894193548387094,2.3709651963997747
101_723,-0.35698924731182796,0.005040894639046778,-0.15954545454545455,Decreasing,14.276129032258066,2.5355443233374446
101_724,-0.20430107526881722,0.1101179540129047,-0.11789473684210518,No significant trend,11.316451612903226,3.0673962357370015
101_725,-0.12473118279569892,0.33264709898406286,-0.061363636363636426,No significant trend,11.201612903225808,2.8697196634741657
101_726,-0.3827956989247312,0.002626567745024566,-0.15538461538461534,Decreasing,11.388709677419353,2.5051543535414416
101_727,-0.2860215053763441,0.024862848209154853,-0.10999999999999996,Decreasing,12.301290322580645,2.021646952260401
101_728,-0.3225806451612903,0.01132633122265525,-0.1305263157894737,Decreasing,9.999677419354839,2.191400323951034
101_729,-0.4064516129032258,0.0013967278652837756,-0.1759999999999998,Decreasing,11.807096774193546,3.4394600040801486
101_73,0.2860215053763441,0.024862848209154853,0.16583333333333336,Increasing,8.063225806451614,3.8361391773137123
101_730,-0.3053763440860215,0.016552728702838415,-0.1530000000000001,Decreasing,16.434193548387096,2.6907832822835145
101_731,-0.1053763440860215,0.4145985082462331,-0.032727272727272834,No significant trend,12.40548387096774,1.6865288626580228
101_732,-0.14408602150537633,0.2619630008374654,-0.08374999999999999,No significant trend,14.14516129032258,2.9475641895308717
101_733,-0.4731182795698925,0.00019748250781770338,-0.21500000000000008,Decreasing,14.118064516129031,3.4114810135064633
101_734,-0.221505376344086,0.08298294959133434,-0.1385714285714284,No significant trend,11.349677419354839,3.142619088380169
101_735,-0.2086021505376344,0.10275196797700414,-0.12649999999999997,No significant trend,12.314193548387095,3.206002207748368
101_736,-0.04086021505376344,0.7596537518193331,-0.027692307692307787,No significant trend,13.795483870967743,3.8271979463711565
101_737,-0.4236559139784946,0.0008644209634274258,-0.2155555555555556,Decreasing,11.939999999999998,3.2631184372443287
101_738,-0.3655913978494624,0.004073741154636101,-0.15333333333333332,Decreasing,14.306129032258065,2.5228602270609763
101_739,-0.15698924731182795,0.22104956212356597,-0.08499999999999996,No significant trend,12.454838709677418,3.4724313978385677
101_74,0.3096774193548387,0.015078520915366989,0.14363636363636365,Increasing,16.660322580645158,3.6286818755584296
101_740,-0.2,0.11789500171022893,-0.06294117647058825,No significant trend,14.902903225806453,3.5692361101487236
101_741,-0.15698924731182795,0.22104956212356597,-0.09157894736842097,No significant trend,13.953870967741935,3.5954986889248555
101_742,-0.22580645161290322,0.07712322019197049,-0.07764705882352943,No significant trend,19.283548387096772,2.2983002813258673
101_743,-0.025806451612903226,0.8516915353162966,-0.018666666666666623,No significant trend,7.2622580645161285,2.209198817959505
101_744,-0.18064516129032257,0.158332321603736,-0.11333333333333329,No significant trend,19.423870967741934,3.661250163201666
101_745,-0.14408602150537633,0.2619630008374654,-0.08166666666666661,No significant trend,15.75903225806452,3.085506551018612
101_746,-0.5526881720430108,1.354669150632759e-05,-0.14200000000000018,Decreasing,15.279032258064513,1.8857964088770587
101_747,-0.4,0.001664635394999392,-0.17800000000000002,Decreasing,10.81806451612903,3.340936144019863
101_748,-0.36774193548387096,0.003859889400894323,-0.22000000000000006,Decreasing,14.524516129032257,3.3177108691129455
101_749,0.3634408602150538,0.004298292024715877,0.23800000000000002,Increasing,13.88709677419355,3.786274186643277
101_75,0.17634408602150536,0.16860199558675504,0.08666666666666673,No significant trend,12.677741935483873,2.4341133507645956
101_750,0.2129032258064516,0.09578337281012361,0.10700000000000003,No significant trend,15.229999999999999,3.6082575546439535
101_751,-0.09462365591397849,0.46487326576717747,-0.03799999999999999,No significant trend,9.116451612903226,3.343608779001146
101_752,0.04516129032258064,0.7339104943970112,0.025000000000000022,No significant trend,8.285161290322582,2.113118580505068
101_753,-0.053763440860215055,0.6833368087995224,-0.019230769230769232,No significant trend,15.519677419354839,2.584251915053534
101_754,-0.034408602150537634,0.7987646104203716,-0.01565217391304353,No significant trend,11.750967741935483,1.9984709555682165
101_755,0.410752688172043,0.0012408530273542162,0.21499999999999986,Increasing,11.587096774193547,3.2887885734655153
101_756,0.05591397849462366,0.6709019753135215,0.01736842105263158,No significant trend,9.171935483870968,3.225142576848186
101_757,-0.07096774193548387,0.5865203757130351,-0.03857142857142876,No significant trend,10.165161290322581,2.595059662397916
101_758,-0.23010752688172043,0.07160518117391312,-0.08631578947368423,No significant trend,12.853870967741935,2.702613642287722
101_759,0.06881720430107527,0.5982707245011594,0.05076923076923078,No significant trend,18.051290322580645,3.8723775658485313
101_76,0.021505376344086023,0.8784237055808175,0.018888888888888882,No significant trend,15.583870967741936,4.251207553245316
101_760,-0.36774193548387096,0.003859889400894323,-0.21159999999999995,Decreasing,16.94741935483871,3.381694524406305
101_761,-0.03225806451612903,0.8119200006410021,-0.015625,No significant trend,8.839677419354837,3.8196828815094803
101_762,-0.015053763440860216,0.9187737391879132,-0.03357142857142849,No significant trend,22.027096774193552,5.032436204456553
101_763,0.16989247311827957,0.18493228677225515,0.06875000000000002,No significant trend,14.399677419354838,3.5430017197659254
101_764,0.2645161290322581,0.038119926564599727,0.12888888888888886,Increasing,11.05258064516129,3.2176949952110188
101_765,0.5075268817204301,6.492456359774579e-05,0.21666666666666679,Increasing,11.638064516129031,3.3809050318734695
101_766,0.2752688172043011,0.030885487177731763,0.11190476190476198,Increasing,16.180967741935486,2.9617446415145356
101_767,-0.02795698924731183,0.8383870987564421,-0.017499999999999627,No significant trend,15.51,3.730623056152521
101_768,0.5440860215053763,1.843097094700319e-05,0.4472727272727271,Increasing,24.63225806451613,5.631680955542103
101_769,-0.17419354838709677,0.1739206495334844,-0.09588235294117642,No significant trend,14.079032258064515,2.7836519930325805
101_77,-0.1935483870967742,0.1303606801133712,-0.09000000000000022,No significant trend,10.983870967741938,2.721699750475385
101_770,0.4752688172043011,0.00018459819815141998,0.27919999999999995,Increasing,13.732903225806453,4.051226173242341
101_771,-0.11612903225806452,0.3676892969544798,-0.036923076923076954,No significant trend,10.032903225806454,2.7224066600882426
101_772,0.0064516129032258064,0.9728828650934778,0.019583333333333286,No significant trend,12.308387096774194,3.0396913009374478
101_773,-0.38064516129032255,0.0027772931948595314,-0.1864,Decreasing,18.096774193548388,3.232205266454363
101_774,0.32688172043010755,0.010274278203273202,0.13578947368421054,Increasing,12.040000000000001,2.464336592008015
101_775,-0.1913978494623656,0.13473584102323688,-0.10399999999999991,No significant trend,17.205161290322582,4.106076434220734
101_776,0.443010752688172,0.0004934897326194232,0.2537499999999999,Increasing,15.79225806451613,4.864243938649975
101_777,-0.15268817204301074,0.2341449862943059,-0.07352941176470588,No significant trend,11.194193548387098,3.1836312947016236
101_778,-0.10967741935483871,0.3954246967469044,-0.04633333333333335,No significant trend,15.171935483870968,1.8763630217487384
101_779,0.14408602150537633,0.2619630008374654,0.06499999999999995,No significant trend,14.93741935483871,2.20368894201831
101_78,-0.23655913978494625,0.06393835708593554,-0.191666666666667,No significant trend,12.227096774193548,4.052226145289802
101_780,0.015053763440860216,0.9187737391879132,0.004666666666666567,No significant trend,11.710967741935484,2.698726527443483
101_781,0.23010752688172043,0.07160518117391312,0.12692307692307708,No significant trend,18.15161290322581,3.6029218400681353
101_782,0.2086021505376344,0.10275196797700414,0.09166666666666669,No significant trend,15.305161290322577,3.042497775828426
101_783,0.4150537634408602,0.0011011819487161123,0.17874999999999996,Increasing,19.108387096774198,2.417133862288269
101_784,-0.04946236559139785,0.7084629632532715,-0.020000000000000018,No significant trend,10.296774193548389,3.2820787935508133
101_785,-0.2860215053763441,0.024862848209154853,-0.09590909090909089,Decreasing,10.488387096774193,7.509748974273888
101_786,-0.23010752688172043,0.07160518117391312,-0.09555555555555569,No significant trend,15.004838709677419,17.825551771031588
101_787,0.2989247311827957,0.019001296136927026,0.222962962962963,Increasing,18.20387096774194,6.483563176774145
101_788,0.2645161290322581,0.038119926564599727,0.15300000000000002,Increasing,14.629677419354838,2.949913595094333
101_789,-0.10752688172043011,0.4049437537873102,-0.07300000000000004,No significant trend,9.618709677419355,3.6394449611706206
101_79,0.17204301075268819,0.17936364721043319,0.07888888888888886,No significant trend,13.489032258064517,2.657645519748041
101_790,-0.09247311827956989,0.47532023939393775,-0.040000000000000036,No significant trend,8.969032258064518,2.5201156589417257
101_791,0.3161290322580645,0.013083919895177765,0.2077777777777779,Increasing,9.561612903225809,3.548775433295623
101_792,0.47956989247311826,0.00016116403623755993,0.41857142857142854,Increasing,12.47935483870968,6.386843298978174
101_793,0.16774193548387098,0.19062782292334934,0.07888888888888898,No significant trend,14.968709677419357,2.610697276696689
101_794,-0.11397849462365592,0.3767967991819643,-0.040909090909090846,No significant trend,9.513870967741937,2.726813900482907
101_795,-0.41935483870967744,0.0009761747063838921,-0.2944,Decreasing,11.291935483870967,5.185661633435297
101_796,0.14838709677419354,0.24778083040054266,0.10250000000000004,No significant trend,17.506451612903227,4.9964591000008465
101_797,-0.33763440860215055,0.008014910367279748,-0.23499999999999996,Decreasing,10.691290322580645,4.022468141324536
101_798,-0.17849462365591398,0.16340634586373248,-0.09888888888888875,No significant trend,14.092580645161293,4.813535329934602
101_799,0.16989247311827957,0.18493228677225515,0.10230769230769231,No significant trend,12.030000000000003,4.209935253505649
101_8,-0.09462365591397849,0.46487326576717747,-0.045833333333333316,No significant trend,10.232903225806453,3.268963724078998
101_80,0.017204301075268817,0.9052952265477159,0.018235294117646985,No significant trend,15.904193548387097,3.6558523777226437
101_800,-0.1827956989247312,0.1533785068859166,-0.0905555555555556,No significant trend,11.574838709677419,2.744419406215318
101_801,0.4150537634408602,0.0011011819487161123,0.2860000000000001,Increasing,12.169677419354837,4.222691760286717
101_802,0.5956989247311828,2.718582431837646e-06,0.45583333333333337,Increasing,10.336129032258064,5.986978169014306
101_803,0.13978494623655913,0.2766963536434415,0.05437499999999995,No significant trend,10.545483870967743,2.903676022439184
101_804,0.35913978494623655,0.004781376457623443,0.14777777777777779,Increasing,9.692580645161291,3.3553019841419163
101_805,-0.05806451612903226,0.6585566199856316,-0.02708333333333342,No significant trend,22.62322580645161,4.218003951646823
101_806,-0.017204301075268817,0.9052952265477159,-0.00454545454545461,No significant trend,12.202580645161293,5.4367049839223425
101_807,-0.2860215053763441,0.024862848209154853,-0.09294117647058824,Decreasing,9.669677419354839,2.2035916193736953
101_808,-0.221505376344086,0.08298294959133434,-0.1599999999999999,No significant trend,10.470322580645158,3.6031755562961565
101_809,-0.3419354838709677,0.007243570523155052,-0.31999999999999995,Decreasing,11.791290322580647,5.550047800977228
101_81,0.24301075268817204,0.05696246823315332,0.12199999999999989,No significant trend,16.20387096774193,3.5533298126608264
101_810,-0.17419354838709677,0.1739206495334844,-0.10600000000000023,No significant trend,12.108064516129033,3.479794598457008
101_811,-0.4881720430107527,0.00012243917739440668,-0.2445454545454545,Decreasing,9.31290322580645,3.312885102189959
101_812,-0.23010752688172043,0.07160518117391312,-0.10888888888888894,No significant trend,13.761935483870968,3.0985890851189537
101_813,0.410752688172043,0.0012408530273542162,0.40956521739130425,Increasing,25.915806451612905,5.835368675194588
101_814,0.24516129032258063,0.05478277122914399,0.19499999999999984,No significant trend,26.32935483870968,5.309865398624417
101_815,0.4150537634408602,0.0011011819487161123,0.21449999999999997,Increasing,9.19677419354839,2.840095849242137
101_816,-0.32688172043010755,0.010274278203273202,-0.20600000000000004,Decreasing,8.42290322580645,3.59331026604357
101_817,-0.3247311827956989,0.010788909951167325,-0.18882352941176475,Decreasing,10.01516129032258,3.3878796023164526
101_818,0.26021505376344084,0.04139316901026291,0.08999999999999986,Increasing,19.860645161290325,2.143914020128231
101_819,0.22365591397849463,0.08000950089470127,0.07374999999999998,No significant trend,15.329677419354839,2.2317510612000473
101_82,-0.3311827956989247,0.009310109795033439,-0.18250000000000002,Decreasing,17.924516129032256,8.888014342889939
101_820,-0.3053763440860215,0.016552728702838415,-0.1594736842105263,Decreasing,12.518387096774195,2.949220888668071
101_821,0.16344086021505377,0.2024043739887733,0.07187499999999991,No significant trend,18.64032258064516,5.369369809764108
101_822,0.35053763440860214,0.005897626336997419,0.21400000000000005,Increasing,20.78806451612903,3.4047428204281487
101_823,0.1978494623655914,0.12194188920122184,0.08250000000000017,No significant trend,21.104193548387098,3.8602087309380035
101_824,0.26881720430107525,0.035069438571895484,0.18285714285714302,Increasing,24.72161290322581,6.4384440600716735
101_825,0.3118279569892473,0.014385749502058731,0.2635294117647059,Increasing,12.989032258064517,5.846971840930726
101_826,-0.23440860215053763,0.06641490832840091,-0.08000000000000007,No significant trend,9.422258064516129,1.7594110262270033
101_827,0.221505376344086,0.08298294959133434,0.1441666666666667,No significant trend,13.488064516129032,3.495867070768399
101_828,0.053763440860215055,0.6833368087995224,0.019999999999999983,No significant trend,10.671290322580646,2.302236979387914
101_829,-0.1913978494623656,0.13473584102323688,-0.09846153846153848,No significant trend,7.970645161290323,3.329367793793223
101_83,-0.5182795698924731,4.5202596182347676e-05,-0.35823529411764704,Decreasing,21.401612903225804,4.541225567686293
101_830,0.06236559139784946,0.6341458536966633,0.016000000000000014,No significant trend,11.398064516129033,2.0469275470652213
101_831,0.2860215053763441,0.024862848209154853,0.13666666666666658,Increasing,10.107096774193547,2.973515561937816
101_832,-0.3720430107526882,0.0034624952577932966,-0.13692307692307687,Decreasing,14.763225806451615,5.158031874657154
101_833,-0.410752688172043,0.0012408530273542162,-0.2650000000000001,Decreasing,15.761935483870968,4.9990537293958
101_834,0.22365591397849463,0.08000950089470127,0.17307692307692307,No significant trend,13.381612903225804,4.5041451136697175
101_835,0.053763440860215055,0.6833368087995224,0.031428571428571396,No significant trend,13.225483870967745,5.077681613917961
101_836,-0.012903225806451613,0.9322756334126572,-0.004999999999999893,No significant trend,18.903870967741938,2.7027449337477374
101_837,0.023655913978494623,0.8650383150743488,0.004999999999999992,No significant trend,15.63032258064516,2.0285057012029064
101_838,-0.12688172043010754,0.3242351019547285,-0.07785714285714285,No significant trend,7.441935483870967,3.236495934080798
101_839,-0.06881720430107527,0.5982707245011594,-0.03571428571428571,No significant trend,14.896129032258063,3.662034228817106
101_84,-0.41935483870967744,0.0009761747063838921,-0.23111111111111093,Decreasing,17.304516129032258,3.578291030834798
101_840,-0.017204301075268817,0.9052952265477159,-0.00916666666666662,No significant trend,14.779999999999998,2.4652749633988678
101_841,0.27741935483870966,0.029589571342436338,0.16384615384615392,Increasing,10.99451612903226,4.539253056864751
101_842,0.5956989247311828,2.718582431837646e-06,0.2596296296296296,Increasing,10.226774193548389,2.96100068862601
101_843,0.432258064516129,0.000675626717447253,0.24923076923076926,Increasing,14.44225806451613,7.374586575477242
101_844,0.221505376344086,0.08298294959133434,0.11541666666666665,No significant trend,8.517419354838708,3.3127670606813076
101_845,0.44516129032258067,0.000463060547241545,0.16739130434782606,Increasing,9.676129032258066,3.245036584533922
101_846,0.18064516129032257,0.158332321603736,0.11857142857142858,No significant trend,12.36032258064516,3.6473184881507463
101_847,0.017204301075268817,0.9052952265477159,0.0004999999999999894,No significant trend,12.425483870967742,1.7153083776350582
101_848,-0.2989247311827957,0.019001296136927026,-0.09142857142857151,Decreasing,11.61967741935484,1.9973587137581468
101_849,-0.5956989247311828,2.718582431837646e-06,-0.2417647058823529,Decreasing,11.831935483870966,2.5601794535827653
101_85,-0.3247311827956989,0.010788909951167325,-0.24714285714285694,Decreasing,19.18612903225807,4.666734492346908
101_850,-0.12688172043010754,0.3242351019547285,-0.08812500000000001,No significant trend,13.058387096774192,3.514087865659514
101_851,-0.33763440860215055,0.008014910367279748,-0.16749999999999998,Decreasing,14.673870967741937,2.8510164315605224
101_852,0.41935483870967744,0.0009761747063838921,0.16999999999999993,Increasing,14.579677419354839,2.5991617555330406
101_853,0.17849462365591398,0.16340634586373248,0.13041666666666663,No significant trend,23.93096774193548,5.831350396826821
101_854,0.2,0.11789500171022893,0.10370370370370366,No significant trend,20.32677419354839,5.626765751297914
101_855,-0.15268817204301074,0.2341449862943059,-0.07000000000000006,No significant trend,12.536774193548387,2.5999582963116605
101_856,-0.13118279569892474,0.30783043013369626,-0.11000000000000003,No significant trend,12.261935483870968,4.214740966559216
101_857,0.27741935483870966,0.029589571342436338,0.12363636363636359,Increasing,11.59483870967742,2.583835447381803
101_858,-0.023655913978494623,0.8650383150743488,-0.010000000000000009,No significant trend,8.721612903225807,1.6452788699285923
101_859,0.3978494623655914,0.0017639537009741524,0.24333333333333348,Increasing,19.521612903225805,4.281293968382045
101_86,-0.5849462365591398,4.104311808639238e-06,-0.4187500000000002,Decreasing,19.905806451612904,6.011946587336803
101_860,-0.01935483870967742,0.8918439412522505,-0.00777777777777781,No significant trend,10.361935483870967,2.9877863413644756
101_861,-0.38924731182795697,0.0022181409445904965,-0.16807692307692307,Decreasing,8.529032258064515,2.5214580457304407
101_862,0.1827956989247312,0.1533785068859166,0.12727272727272732,No significant trend,9.664838709677419,3.9968744812849355
101_863,-0.21505376344086022,0.09244378064522207,-0.12,No significant trend,9.078387096774193,2.866523236092691
101_864,0.1053763440860215,0.4145985082462331,0.049999999999998934,No significant trend,13.286129032258065,4.048563008644373
101_865,0.24731182795698925,0.05267307614212502,0.1299999999999999,No significant trend,18.008387096774193,4.555449127515518
101_866,-0.16989247311827957,0.18493228677225515,-0.13583333333333333,No significant trend,15.385806451612904,4.436110454276249
101_867,-0.46021505376344085,0.0002943335046816653,-0.2742857142857142,Decreasing,21.19774193548387,3.6944375884149174
101_868,-0.17634408602150536,0.16860199558675504,-0.24272727272727287,No significant trend,21.25225806451613,9.026654333114331
101_869,-0.556989247311828,1.159455156796163e-05,-0.30666666666666664,Decreasing,16.93290322580645,6.792355852198324
101_870,-0.621505376344086,9.832168288426146e-07,-0.4280000000000001,Decreasing,20.4941935483871,5.844008662969417
101_871,-0.4645161290322581,0.00025795530905270425,-0.293333333333333,Decreasing,18.103870967741937,4.769312304129226
101_872,-0.5204301075268817,4.201023062511133e-05,-0.2578947368421052,Decreasing,16.845483870967744,3.2344524776822765
101_873,-0.567741935483871,7.819851200352446e-06,-0.2259999999999998,Decreasing,12.14483870967742,5.356620185592321
101_874,-0.5913978494623656,3.2082201719685344e-06,-0.40476190476190477,Decreasing,14.373548387096772,4.582752059757005
101_875,-0.5225806451612903,3.903255135684347e-05,-0.26999999999999996,Decreasing,13.641935483870968,3.3101665676390204
101_876,-0.03225806451612903,0.8119200006410021,-0.017142857142857286,No significant trend,12.766451612903227,3.2428398032579673
101_877,-0.5827956989247312,4.4530492946393e-06,-0.25,Decreasing,16.548709677419353,3.035458983134749
101_878,-0.3225806451612903,0.01132633122265525,-0.22588235294117637,Decreasing,17.598709677419354,4.172639562161199
101_879,-0.5913978494623656,3.2082201719685344e-06,-0.3280000000000001,Decreasing,19.033870967741937,4.839198598954672
101_880,-0.2731182795698925,0.032229828676073824,-0.11699999999999999,Decreasing,13.582258064516129,2.7452794789007684
101_881,-0.03655913978494624,0.7856661000859302,-0.02,No significant trend,12.630322580645162,3.34303559549041
101_882,-0.6989247311827957,3.653338875864165e-08,-0.23875000000000024,Decreasing,17.324516129032258,2.79543387908219
101_883,-0.07096774193548387,0.5865203757130351,-0.05,No significant trend,17.03129032258064,4.012877450389164
101_884,-0.23440860215053763,0.06641490832840091,-0.12769230769230772,No significant trend,14.785161290322582,2.6283171004346193
101_885,0.221505376344086,0.08298294959133434,0.14500000000000002,No significant trend,11.293225806451613,5.83083371845204
101_886,-0.6623655913978495,1.809631058335981e-07,-0.5362500000000001,Decreasing,18.75225806451613,5.546786753449371
101_887,-0.6129032258064516,1.3861735368436712e-06,-0.2716666666666668,Decreasing,12.758064516129037,2.9157164995100415
101_888,-0.3870967741935484,0.002347320421192567,-0.33749999999999947,Decreasing,18.099677419354837,5.466455762705773
101_889,-0.3870967741935484,0.002347320421192567,-0.25705882352941173,Decreasing,12.877419354838711,4.555685542223627
101_89,-0.05806451612903226,0.6585566199856316,-0.033333333333333215,No significant trend,21.12548387096774,3.571742900393875
101_890,-0.4924731182795699,0.000106544569022482,-0.2666666666666665,Decreasing,13.067741935483872,3.46203903155111
101_891,-0.047311827956989246,0.721148135879736,-0.03285714285714279,No significant trend,7.200322580645159,2.286074934384074
101_892,0.16559139784946236,0.19645146482180031,0.04142857142857143,No significant trend,11.966774193548387,1.7026135263115902
101_894,0.03225806451612903,0.8119200006410021,0.016818181818181864,No significant trend,8.882580645161289,2.1151541814341317
101_895,-0.02795698924731183,0.8383870987564421,-0.022222222222222192,No significant trend,6.10258064516129,4.4739215443983635
101_896,-0.26021505376344084,0.04139316901026291,-0.12666666666666693,Decreasing,14.886129032258061,3.0072006889049954
101_897,0.3634408602150538,0.004298292024715877,0.18249999999999966,Increasing,13.251290322580644,4.177805985346456
101_898,0.5053763440860215,6.974277946447671e-05,0.28888888888888903,Increasing,17.353870967741933,6.456817191264996
101_899,0.13978494623655913,0.2766963536434415,0.06400000000000006,No significant trend,14.921612903225808,2.439696037087795
101_9,-0.2817204301075269,0.02713750593978581,-0.14428571428571438,Decreasing,6.895806451612903,2.9963480720688365
101_90,0.15053763440860216,0.2408949627928283,0.08714285714285731,No significant trend,17.344193548387096,2.7438197700069438
101_900,0.02795698924731183,0.8383870987564421,0.018461538461538477,No significant trend,13.734516129032258,3.469816243818812
101_901,-0.02795698924731183,0.8383870987564421,-0.014285714285714235,No significant trend,9.398387096774194,1.8438793200560282
101_902,0.07526881720430108,0.5633463699559165,0.039090909090909065,No significant trend,12.595483870967742,2.5424966631242443
101_903,-0.15913978494623657,0.21470238954837217,-0.07560000000000003,No significant trend,9.030645161290325,2.8612493723658
101_904,-0.23010752688172043,0.07160518117391312,-0.0971428571428571,No significant trend,11.689354838709678,3.5433708531738177
101_905,-0.07096774193548387,0.5865203757130351,-0.022777777777777786,No significant trend,11.990967741935485,4.401882555363953
101_906,0.030107526881720432,0.8251287015820885,0.01705882352941182,No significant trend,12.639354838709677,2.651645788980595
101_907,-0.0989247311827957,0.4443675620908478,-0.04111111111111102,No significant trend,13.883548387096772,3.472078998271689
101_908,-0.10967741935483871,0.3954246967469044,-0.04500000000000015,No significant trend,13.039032258064518,2.630036617969918
101_909,-0.11827956989247312,0.3587201702049656,-0.06333333333333346,No significant trend,11.675483870967744,2.977081097760536
101_91,-0.0989247311827957,0.4443675620908478,-0.04583333333333336,No significant trend,9.063870967741936,3.1289900229939756
101_910,-0.32903225806451614,0.009781611919498001,-0.14857142857142872,Decreasing,10.987419354838707,2.857569424824164
101_911,-0.2645161290322581,0.038119926564599727,-0.11312499999999992,Decreasing,16.519354838709678,3.254501533096612
101_912,0.015053763440860216,0.9187737391879132,0.008499999999999997,No significant trend,12.338064516129034,3.6903653279725823
101_913,0.17849462365591398,0.16340634586373248,0.1088,No significant trend,13.48806451612903,3.225790645122564
101_914,0.07526881720430108,0.5633463699559165,0.027647058823529448,No significant trend,14.29193548387097,2.926823026439374
101_915,0.1010752688172043,0.43431144285625,0.04357142857142841,No significant trend,15.649032258064514,2.368112566579485
101_916,0.3655913978494624,0.004073741154636101,0.13533333333333342,Increasing,15.408064516129032,3.01027425538137
101_917,-0.27741935483870966,0.029589571342436338,-0.13749999999999998,Decreasing,14.942258064516128,2.9259580285806575
101_918,-0.2924731182795699,0.021760860424100192,-0.18333333333333332,Decreasing,20.705483870967736,3.383376666747983
101_919,-0.2172043010752688,0.08919834224618706,-0.17055555555555557,No significant trend,22.4741935483871,4.214927217213838
101_92,0.38064516129032255,0.0027772931948595314,0.34111111111111103,Increasing,15.833870967741934,4.741934869431604
101_920,0.01935483870967742,0.8918439412522505,0.010500000000000042,No significant trend,21.079032258064515,3.556360367493084
101_921,0.2645161290322581,0.038119926564599727,0.13961538461538459,Increasing,15.608709677419357,3.100524140846329
101_922,-0.2645161290322581,0.038119926564599727,-0.27249999999999996,Decreasing,15.060322580645161,4.923417698248403
101_923,0.5204301075268817,4.201023062511133e-05,0.25130434782608685,Increasing,12.366451612903225,6.9194883963349145
101_924,-0.14408602150537633,0.2619630008374654,-0.06481481481481481,No significant trend,13.329999999999998,3.7981115851042637
101_925,-0.14408602150537633,0.2619630008374654,-0.05499999999999998,No significant trend,9.002580645161292,2.82522390519125
101_926,0.5010752688172043,8.041203646391715e-05,0.2876470588235294,Increasing,15.941612903225803,3.7860824052294935
101_927,0.4021505376344086,0.001570485444849723,0.232222222222222,Increasing,12.21258064516129,3.436813948188657
101_928,0.3655913978494624,0.004073741154636101,0.18125,Increasing,14.071290322580644,8.105013877099216
101_929,0.17419354838709677,0.1739206495334844,0.09142857142857126,No significant trend,18.122580645161293,3.521159969927373
101_93,-0.017204301075268817,0.9052952265477159,-0.006190476190476228,No significant trend,11.941612903225806,2.785035005020286
101_930,0.25591397849462366,0.0449013762794892,0.12083333333333342,Increasing,16.067419354838712,3.1623990155922668
101_931,-0.008602150537634409,0.959334085947048,-0.000800000000000125,No significant trend,15.71032258064516,2.627825648302644
101_932,0.2,0.11789500171022893,0.08000000000000007,No significant trend,15.658709677419354,2.7323896453063417
101_933,-0.28817204301075267,0.023788782312269774,-0.1213333333333333,Decreasing,9.499354838709676,2.819614404527421
101_934,0.3225806451612903,0.01132633122265525,0.16181818181818192,Increasing,16.956774193548387,8.452576010133004
101_935,-0.2086021505376344,0.10275196797700414,-0.11666666666666654,No significant trend,12.076129032258063,2.837587204764111
101_936,0.11182795698924732,0.3860421406420662,0.040869565217391206,No significant trend,14.31483870967742,1.9905257385728314
101_937,-0.2645161290322581,0.038119926564599727,-0.16578947368421063,Decreasing,18.07612903225807,3.83069578234804
101_938,0.03225806451612903,0.8119200006410021,0.010476190476190422,No significant trend,11.544193548387097,1.8783241916641107
101_939,-0.12258064516129032,0.34119875170636194,-0.04857142857142855,No significant trend,11.74709677419355,1.8419085360437646
101_94,-0.08602150537634409,0.5074200543722851,-0.02999999999999998,No significant trend,5.746774193548387,2.790670386677001
101_940,-0.2946236559139785,0.020804552083621086,-0.08611111111111115,Decreasing,11.642903225806451,1.8065797189599293
101_941,-0.04946236559139785,0.7084629632532715,-0.023043478260869613,No significant trend,14.05483870967742,3.4254878352534406
101_942,-0.12473118279569892,0.33264709898406286,-0.035500000000000045,No significant trend,13.44032258064516,2.853279362724263
101_943,0.043010752688172046,0.7467467998855972,0.016111111111111062,No significant trend,14.391612903225806,1.8489667502971692
101_944,0.1870967741935484,0.14382566910763628,0.13347826086956524,No significant trend,12.289032258064514,3.7328069131114083
101_945,-0.25591397849462366,0.0449013762794892,-0.18357142857142858,Decreasing,9.317741935483873,4.035888765433345
101_946,0.5827956989247312,4.4530492946393e-06,0.16038461538461538,Increasing,13.346451612903225,1.9987069180930161
101_947,0.12688172043010754,0.3242351019547285,0.08277777777777778,No significant trend,16.204838709677418,3.7809811586904964
101_948,-0.08172043010752689,0.5294358519548577,-0.03764705882352944,No significant trend,11.889677419354838,2.19983208137901
101_949,0.015053763440860216,0.9187737391879132,0.01947368421052632,No significant trend,8.509677419354839,2.8490977449813575
101_95,0.3139784946236559,0.013721204475508175,0.17058823529411768,Increasing,12.138387096774192,3.4013755251455713
101_950,-0.26881720430107525,0.035069438571895484,-0.08384615384615383,Decreasing,11.120645161290323,2.0157923847970105
101_951,-0.22580645161290322,0.07712322019197049,-0.10666666666666656,No significant trend,11.621290322580645,5.6238339246893645
101_952,0.3010752688172043,0.018152045535652528,0.08931034482758621,Increasing,9.182258064516128,2.016905502092363
101_953,0.010752688172043012,0.9457970432721066,0.00933333333333337,No significant trend,15.309032258064516,3.4381534380355316
101_954,0.04516129032258064,0.7339104943970112,0.010000000000000054,No significant trend,14.318709677419351,1.4941838681507145
101_955,-0.16129032258064516,0.20848766222654147,-0.06925925925925926,No significant trend,9.073870967741936,2.5947262611781325
101_956,0.08817204301075268,0.49659521437046883,0.05413793103448277,No significant trend,18.664193548387097,3.48773128421989
101_957,0.23225806451612904,0.06896994111977195,0.09375,No significant trend,13.940967741935486,3.0675653420899898
101_958,0.08602150537634409,0.5074200543722851,0.04642857142857145,No significant trend,10.351290322580645,2.9019634531562826
101_959,0.15268817204301074,0.2341449862943059,0.05269230769230766,No significant trend,13.100000000000003,1.9925457860931122
101_96,0.06451612903225806,0.6220860087372633,0.03333333333333338,No significant trend,18.491290322580646,2.911978312059749
101_960,-0.023655913978494623,0.8650383150743488,-0.007142857142857244,No significant trend,15.984838709677419,2.105088874022619
101_961,0.008602150537634409,0.959334085947048,0.0010000000000000675,No significant trend,11.94741935483871,2.5937007658654836
101_962,-0.2021505376344086,0.11395424835779155,-0.10000000000000002,No significant trend,8.28709677419355,2.807861307056852
101_963,0.17419354838709677,0.1739206495334844,0.08388888888888878,No significant trend,18.57193548387097,3.3311737923061515
101_964,0.15053763440860216,0.2408949627928283,0.0745833333333333,No significant trend,15.258064516129032,2.6266050937318908
101_965,-0.2924731182795699,0.021760860424100192,-0.18241379310344824,Decreasing,13.065483870967743,3.6005912047792097
101_966,-0.2021505376344086,0.11395424835779155,-0.11375000000000002,No significant trend,15.657741935483873,4.306844297669751
101_967,-0.3032258064516129,0.017336219440732936,-0.13500000000000015,Decreasing,13.383225806451614,2.7780921593398658
101_968,-0.017204301075268817,0.9052952265477159,-0.004999999999999992,No significant trend,10.98967741935484,1.8579445525789664
101_969,-0.432258064516129,0.000675626717447253,-0.16199999999999998,Decreasing,13.85967741935484,2.713288070590044
101_97,-0.23440860215053763,0.06641490832840091,-0.1323529411764706,No significant trend,14.239999999999998,3.306973082403595
101_970,-0.2731182795698925,0.032229828676073824,-0.16272727272727272,Decreasing,14.175483870967744,3.9808905136913673
101_971,-0.5096774193548387,6.042257609317758e-05,-0.30380952380952386,Decreasing,12.499032258064519,3.518512657578492
101_972,-0.2860215053763441,0.024862848209154853,-0.12809523809523815,Decreasing,9.841290322580646,2.9544550744055225
101_973,-0.24946236559139784,0.050631724603018124,-0.08750000000000002,No significant trend,10.749677419354839,2.06225914937176
101_974,-0.13118279569892474,0.30783043013369626,-0.04956521739130433,No significant trend,8.569999999999999,2.543386109741462
101_975,-0.34838709677419355,0.006211110408963716,-0.13200000000000003,Decreasing,13.290322580645164,2.085758907094099
101_976,-0.410752688172043,0.0012408530273542162,-0.16260869565217392,Decreasing,14.523870967741933,3.203286293812164
101_977,-0.33763440860215055,0.008014910367279748,-0.17157894736842105,Decreasing,11.600000000000001,3.419307607707887
101_978,-0.07526881720430108,0.5633463699559165,-0.0700000000000001,No significant trend,12.134193548387096,4.544251082194171
101_979,-0.35268817204301073,0.005598474454852953,-0.16928571428571434,Decreasing,14.2058064516129,2.8477186955509906
101_98,-0.09462365591397849,0.46487326576717747,-0.04518518518518514,No significant trend,13.645483870967745,3.6797193430054205
101_980,-0.3978494623655914,0.0017639537009741524,-0.14333333333333323,Decreasing,17.606129032258067,2.5244209523455075
101_981,-0.3978494623655914,0.0017639537009741524,-0.14199999999999982,Decreasing,10.831290322580646,2.4014897821513452
101_982,0.14838709677419354,0.24778083040054266,0.08714285714285706,No significant trend,14.305483870967741,3.5750784685362453
101_983,-0.0064516129032258064,0.9728828650934778,-0.005714285714285846,No significant trend,11.794838709677418,3.428140538926401
101_984,0.03225806451612903,0.8119200006410021,0.017407407407407365,No significant trend,9.442903225806452,3.337177862717082
101_985,-0.15698924731182795,0.22104956212356597,-0.10499999999999998,No significant trend,9.758709677419354,3.3295468469501035
101_986,-0.22580645161290322,0.07712322019197049,-0.10875000000000012,No significant trend,16.531935483870967,3.080371175115563
101_987,0.44086021505376344,0.0005257753160301526,0.17000000000000012,Increasing,16.98967741935484,2.685504078195794
101_988,0.002150537634408602,1.0,0.008333333333333304,No significant trend,7.129677419354839,2.4947124520718558
101_989,-0.021505376344086023,0.8784237055808175,-0.008888888888888898,No significant trend,7.503548387096773,1.9866060349201775
101_99,-0.09247311827956989,0.47532023939393775,-0.0519047619047619,No significant trend,18.892903225806453,3.951491505706043
101_990,-0.16129032258064516,0.20848766222654147,-0.05499999999999997,No significant trend,6.9470967741935485,1.6073765312506592
101_991,0.24731182795698925,0.05267307614212502,0.12249999999999983,No significant trend,16.289032258064516,3.16356613276517
101_992,-0.22365591397849463,0.08000950089470127,-0.13000000000000003,No significant trend,10.41774193548387,3.8806988975444496
101_993,0.004301075268817204,0.9864394742066862,0.00045454545454544484,No significant trend,8.75,2.416339540336488
101_994,-0.2903225806451613,0.022755199240110047,-0.1409090909090909,Decreasing,6.914838709677419,2.9604411952882335
101_995,0.02795698924731183,0.8383870987564421,0.019999999999999973,No significant trend,10.508387096774195,8.608603010107968
101_996,-0.7462365591397849,4.083862803483385e-09,-0.41874999999999996,Decreasing,19.19645161290323,4.29016094771934
101_997,0.23870967741935484,0.061538570047021235,0.12599999999999997,No significant trend,12.753548387096775,3.1401926675913012
101_998,0.16989247311827957,0.18493228677225515,0.08749999999999991,No significant trend,15.091935483870966,3.187556875500004
147_1,-0.7849462365591398,6.143836550620563e-10,-0.5164,Decreasing,14.08516129032258,6.84477331605503
147_10,-0.5010752688172043,8.041203646391715e-05,-0.21749999999999992,Decreasing,11.293870967741933,2.7232626037819285
147_100,0.25591397849462366,0.0449013762794892,0.07333333333333325,Increasing,7.853548387096773,1.7375632703951909
147_101,0.06236559139784946,0.6341458536966633,0.028235294117647084,No significant trend,10.016129032258064,2.231154304779876
147_102,0.05591397849462366,0.6709019753135215,0.02923076923076929,No significant trend,7.705806451612905,3.946746944815437
147_103,-0.5397849462365591,2.146270321023991e-05,-0.2833333333333335,Decreasing,12.39709677419355,3.990269773035715
147_104,-0.2645161290322581,0.038119926564599727,-0.11099999999999995,Decreasing,15.037741935483872,2.5355863477608276
147_105,-0.11397849462365592,0.3767967991819643,-0.0571428571428572,No significant trend,14.740645161290322,2.7047639399518184
147_106,-0.22365591397849463,0.08000950089470127,-0.08882352941176469,No significant trend,13.558709677419355,2.3631140498264136
147_107,-0.23870967741935484,0.061538570047021235,-0.11625000000000019,No significant trend,15.335161290322581,2.60108150083488
147_108,-0.35698924731182796,0.005040894639046778,-0.18857142857142847,Decreasing,14.140645161290323,3.928531643513832
147_109,-0.07096774193548387,0.5865203757130351,-0.028399999999999963,No significant trend,14.015806451612903,2.17043592201458
147_11,0.14408602150537633,0.2619630008374654,0.07769230769230767,No significant trend,11.489032258064517,3.02861658489718
147_110,0.23655913978494625,0.06393835708593554,0.10000000000000024,No significant trend,15.093870967741937,2.455346605082999
147_111,-0.1935483870967742,0.1303606801133712,-0.08583333333333328,No significant trend,12.494193548387099,2.5252809159526204
147_112,-0.3849462365591398,0.002483355213678262,-0.2736363636363637,Decreasing,10.411935483870968,4.472568302624804
147_113,0.2903225806451613,0.022755199240110047,0.06312499999999999,Increasing,12.647419354838709,2.171656076468855
147_114,0.2172043010752688,0.08919834224618706,0.08333333333333333,No significant trend,8.613225806451613,2.0364190377715836
147_115,-0.20430107526881722,0.1101179540129047,-0.10347826086956526,No significant trend,13.113225806451613,3.1162688474611118
147_116,-0.5376344086021505,2.315113661621737e-05,-0.3227999999999999,Decreasing,13.384838709677418,3.795716491475997
147_117,-0.15698924731182795,0.22104956212356597,-0.09666666666666664,No significant trend,14.64032258064516,3.253220224858071
147_118,-0.3247311827956989,0.010788909951167325,-0.16333333333333325,Decreasing,10.69806451612903,2.960080011293111
147_119,-0.23870967741935484,0.061538570047021235,-0.13399999999999998,No significant trend,8.472258064516128,3.137274047566093
147_12,0.047311827956989246,0.721148135879736,0.025714285714285672,No significant trend,8.45032258064516,3.574131506390606
147_120,-0.30752688172043013,0.015800509032550147,-0.24300000000000005,Decreasing,12.434838709677416,4.7657283713477945
147_121,0.07096774193548387,0.5865203757130351,0.03307692307692305,No significant trend,11.34258064516129,2.5987105583494676
147_122,-0.11827956989247312,0.3587201702049656,-0.08833333333333353,No significant trend,11.267096774193549,3.7130946953237274
147_123,0.11827956989247312,0.3587201702049656,0.08333333333333333,No significant trend,10.582580645161288,3.7454402107801186
147_124,0.010752688172043012,0.9457970432721066,0.011538461538461565,No significant trend,11.151935483870965,4.948865245856278
147_125,0.025806451612903226,0.8516915353162966,0.006153846153846159,No significant trend,10.16225806451613,2.5731688881515518
147_126,0.1053763440860215,0.4145985082462331,0.046,No significant trend,13.116774193548387,3.2760710015315544
147_127,0.3634408602150538,0.004298292024715877,0.1685714285714286,Increasing,9.027096774193549,3.4021825950394837
147_128,0.14838709677419354,0.24778083040054266,0.04961538461538465,No significant trend,9.549032258064518,3.146854399533388
147_129,0.3161290322580645,0.013083919895177765,0.16666666666666666,Increasing,8.61258064516129,3.709904761617278
147_13,0.14838709677419354,0.24778083040054266,0.06199999999999992,No significant trend,9.169354838709678,2.744326623422397
147_130,-0.09032258064516129,0.4858947339033992,-0.05090909090909095,No significant trend,9.933870967741935,3.6920399793551977
147_131,0.26021505376344084,0.04139316901026291,0.10842105263157897,Increasing,15.295806451612906,3.067681455256741
147_132,0.025806451612903226,0.8516915353162966,0.016071428571428577,No significant trend,11.77741935483871,5.321473218126565
147_133,0.1010752688172043,0.43431144285625,0.04800000000000004,No significant trend,13.781935483870969,3.930472695330791
147_134,0.06666666666666667,0.6101267703127584,0.02749999999999993,No significant trend,12.043548387096774,2.210283222819656
147_135,-0.38064516129032255,0.0027772931948595314,-0.17666666666666664,Decreasing,8.251290322580648,2.7432553559541017
147_136,-0.4666666666666667,0.0002413897092941042,-0.19649999999999998,Decreasing,14.520967741935483,2.7884315800067196
147_137,-0.22580645161290322,0.07712322019197049,-0.08833333333333337,No significant trend,12.823870967741936,2.237317918227457
147_138,-0.08817204301075268,0.49659521437046883,-0.04499999999999993,No significant trend,14.493870967741936,2.5313806986336904
147_139,-0.3720430107526882,0.0034624952577932966,-0.18416666666666673,Decreasing,15.31,3.25987334010823
147_14,0.1978494623655914,0.12194188920122184,0.1045,No significant trend,10.93483870967742,2.942635280380542
147_140,0.004301075268817204,0.9864394742066862,0.0040000000000000036,No significant trend,10.678387096774195,3.469313492352717
147_141,-0.26666666666666666,0.036567588572864906,-0.11249999999999998,Decreasing,10.83290322580645,4.577317282728365
147_142,-0.35053763440860214,0.005897626336997419,-0.24333333333333337,Decreasing,10.641935483870965,4.770410423510842
147_143,-0.432258064516129,0.000675626717447253,-0.12882352941176467,Decreasing,8.759032258064517,1.9510879592591077
147_144,-0.14408602150537633,0.2619630008374654,-0.04909090909090901,No significant trend,10.488387096774193,1.9492762871651816
147_145,-0.45806451612903226,0.0003142746175728295,-0.2546666666666667,Decreasing,12.75548387096774,3.9869422665542364
147_146,-0.26881720430107525,0.035069438571895484,-0.185,Decreasing,17.22645161290323,3.9398129547767153
147_147,-0.4559139784946237,0.00033547510719911244,-0.23857142857142857,Decreasing,12.282580645161293,3.1216816887820262
147_148,0.023655913978494623,0.8650383150743488,0.006428571428571418,No significant trend,9.431290322580647,1.874294261910047
147_149,0.23225806451612904,0.06896994111977195,0.12214285714285714,No significant trend,8.55,3.1424194500416394
147_15,0.34623655913978496,0.006539518436156966,0.10000000000000003,Increasing,15.12516129032258,1.6444782895961785
147_150,-0.3849462365591398,0.002483355213678262,-0.1781818181818182,Decreasing,11.949032258064516,3.1013268282678
147_151,-0.535483870967742,2.4965491662198858e-05,-0.4125000000000001,Decreasing,17.225161290322582,5.729889303084164
147_152,0.06236559139784946,0.6341458536966633,0.03200000000000003,No significant trend,12.362580645161293,2.6520290074581734
147_153,0.16989247311827957,0.18493228677225515,0.13684210526315788,No significant trend,16.225806451612904,5.112574488261554
147_154,0.015053763440860216,0.9187737391879132,0.02318181818181817,No significant trend,12.245483870967742,3.56267101566632
147_155,-0.25591397849462366,0.0449013762794892,-0.15119999999999997,Decreasing,13.418064516129032,3.4009907658483955
147_156,-0.03225806451612903,0.8119200006410021,-0.012000000000000099,No significant trend,11.28096774193548,2.543467730428993
147_157,-0.0967741935483871,0.45455525621868187,-0.04692307692307702,No significant trend,13.684516129032259,2.218406633526716
147_158,-0.1978494623655914,0.12194188920122184,-0.1432,No significant trend,11.636774193548387,4.633146626072702
147_159,0.21505376344086022,0.09244378064522207,0.09499999999999975,No significant trend,13.364838709677421,2.5881627198281048
147_16,-0.3118279569892473,0.014385749502058731,-0.14142857142857143,Decreasing,6.651290322580645,2.748034772207438
147_160,0.2129032258064516,0.09578337281012361,0.08086956521739128,No significant trend,16.131612903225808,3.346678754954793
147_161,0.06666666666666667,0.6101267703127584,0.029999999999999954,No significant trend,10.393870967741936,2.407817479712435
147_162,-0.23440860215053763,0.06641490832840091,-0.18200000000000002,No significant trend,12.827741935483871,4.41000307927434
147_163,-0.1032258064516129,0.42438806620665614,-0.08000000000000007,No significant trend,15.362903225806452,4.531331210474672
147_164,-0.12043010752688173,0.34988986770468866,-0.05958333333333332,No significant trend,10.846129032258068,2.3817432994848544
147_165,-0.10967741935483871,0.3954246967469044,-0.040000000000000036,No significant trend,8.101935483870967,2.407474140623976
147_166,0.060215053763440864,0.6463036389969625,0.019999999999999976,No significant trend,11.641612903225807,2.066020167865516
147_167,0.1913978494623656,0.13473584102323688,0.13370370370370369,No significant trend,11.958064516129031,3.4364051165236513
147_168,0.15698924731182795,0.22104956212356597,0.07238095238095237,No significant trend,7.413225806451614,2.891215155958426
147_169,-0.04516129032258064,0.7339104943970112,-0.03571428571428571,No significant trend,9.729032258064517,3.4123233546044216
147_17,0.15268817204301074,0.2341449862943059,0.08124999999999998,No significant trend,13.676129032258064,2.9142493942244845
147_170,0.08817204301075268,0.49659521437046883,0.05125000000000002,No significant trend,14.328387096774192,2.9127861584734975
147_171,-0.2709677419354839,0.033624002608237724,-0.16538461538461538,Decreasing,9.345483870967742,3.7350336516251246
147_172,-0.36774193548387096,0.003859889400894323,-0.15499999999999997,Decreasing,10.29451612903226,2.6259312802222246
147_173,-0.11397849462365592,0.3767967991819643,-0.034285714285714315,No significant trend,10.891290322580646,2.9065340649219147
147_174,-0.09032258064516129,0.4858947339033992,-0.034999999999999996,No significant trend,10.514516129032257,3.001178089877242
147_175,-0.2946236559139785,0.020804552083621086,-0.10176470588235297,Decreasing,11.514193548387095,1.9886269768012306
147_176,-0.11397849462365592,0.3767967991819643,-0.06500000000000039,No significant trend,12.821935483870966,3.3360981838986494
147_177,-0.2064516129032258,0.10638442840594231,-0.07999999999999947,No significant trend,12.329354838709675,3.117840376931599
147_178,-0.26021505376344084,0.04139316901026291,-0.10000000000000003,Decreasing,13.166129032258064,2.4319628040175427
147_179,-0.1978494623655914,0.12194188920122184,-0.06666666666666643,No significant trend,7.806129032258065,1.98280947211413
147_18,0.12688172043010754,0.3242351019547285,0.06000000000000001,No significant trend,10.867741935483869,2.6620471260187415
147_180,-0.5010752688172043,8.041203646391715e-05,-0.27799999999999975,Decreasing,8.489354838709678,3.6446336472239
147_181,-0.07311827956989247,0.5748781452473757,-0.01565217391304353,No significant trend,9.74,2.3037823037834553
147_182,-0.23440860215053763,0.06641490832840091,-0.08250000000000002,No significant trend,12.127741935483872,2.117642800421473
147_183,-0.3204301075268817,0.011887389113116376,-0.12962962962962962,Decreasing,14.372580645161289,2.7252924882885807
147_184,0.047311827956989246,0.721148135879736,0.01937500000000003,No significant trend,10.200967741935484,2.9553465544710544
147_185,0.14408602150537633,0.2619630008374654,0.06421052631578951,No significant trend,13.340000000000002,3.124187636345931
147_186,-0.33763440860215055,0.008014910367279748,-0.11272727272727275,Decreasing,11.439354838709678,2.3197009477501007
147_187,0.025806451612903226,0.8516915353162966,0.01750000000000007,No significant trend,12.435161290322583,4.612065432605071
147_188,-0.23440860215053763,0.06641490832840091,-0.09999999999999996,No significant trend,11.857741935483872,2.9531969660859874
147_189,-0.23010752688172043,0.07160518117391312,-0.07565217391304349,No significant trend,8.923548387096776,2.0940877579464687
147_19,0.17634408602150536,0.16860199558675504,0.06952380952380957,No significant trend,13.254838709677419,2.70789392150329
147_190,-0.12903225806451613,0.3159628698783248,-0.04272727272727262,No significant trend,11.914193548387098,2.975986444421031
147_191,-0.25806451612903225,0.0431171263634158,-0.08434782608695658,Decreasing,14.046774193548389,1.8137759350481615
147_192,-0.0989247311827957,0.4443675620908478,-0.034347826086956565,No significant trend,14.819999999999999,3.26119016469794
147_193,-0.16344086021505377,0.2024043739887733,-0.07949999999999999,No significant trend,13.799354838709677,2.3331439891462957
147_194,-0.2645161290322581,0.038119926564599727,-0.18740740740740744,Decreasing,8.618387096774194,3.9826341556685847
147_195,-0.17849462365591398,0.16340634586373248,-0.0674999999999999,No significant trend,12.080967741935485,2.9953817731136296
147_196,0.15698924731182795,0.22104956212356597,0.05833333333333335,No significant trend,12.075806451612902,6.98844842911572
147_197,-0.02795698924731183,0.8383870987564421,-0.023749999999999938,No significant trend,8.64548387096774,3.2122254758662834
147_198,-0.05806451612903226,0.6585566199856316,-0.03999999999999999,No significant trend,13.096451612903227,3.49270165177386
147_199,-0.3763440860215054,0.0031026895944057387,-0.1346153846153846,Decreasing,11.523225806451611,2.3209930954251994
147_2,-0.2537634408602151,0.04674749402400602,-0.10800000000000007,Decreasing,10.58225806451613,3.0197123444262246
147_20,-0.06666666666666667,0.6101267703127584,-0.029583333333333333,No significant trend,8.756129032258064,2.2970874650435826
147_200,0.06881720430107527,0.5982707245011594,0.022857142857142878,No significant trend,14.016774193548388,2.624301304368121
147_201,-0.1978494623655914,0.12194188920122184,-0.10777777777777775,No significant trend,11.553870967741936,3.4274185502845356
147_202,0.004301075268817204,0.9864394742066862,0.0016666666666666312,No significant trend,10.716774193548387,2.46345860607605
147_203,-0.18924731182795698,0.13922364714154067,-0.06111111111111099,No significant trend,12.763225806451612,1.854204267371985
147_204,0.4666666666666667,0.0002413897092941042,0.20999999999999983,Increasing,13.524838709677422,3.3641409496072163
147_205,-0.06451612903225806,0.6220860087372633,-0.04052631578947385,No significant trend,20.528709677419354,3.6440280282335245
147_206,-0.12688172043010754,0.3242351019547285,-0.05962962962962961,No significant trend,13.444838709677418,2.582359350031499
147_207,-0.15483870967741936,0.22753013024096425,-0.0757894736842105,No significant trend,18.311612903225804,10.824389455113048
147_208,-0.15053763440860216,0.2408949627928283,-0.07304347826086956,No significant trend,11.188064516129032,4.114916547074321
147_209,0.2709677419354839,0.033624002608237724,0.11826086956521734,Increasing,11.10741935483871,2.6811455998075386
147_21,0.002150537634408602,1.0,0.0013043478260869287,No significant trend,11.615161290322579,4.992456161287
147_210,-0.010752688172043012,0.9457970432721066,-0.003333333333333347,No significant trend,16.26838709677419,2.177766089477625
147_211,-0.3139784946236559,0.013721204475508175,-0.10769230769230759,Decreasing,10.61258064516129,1.9721659416897133
147_212,-0.3548387096774194,0.005313081962207367,-0.19399999999999995,Decreasing,11.006129032258064,3.4110178950168044
147_213,0.5010752688172043,8.041203646391715e-05,0.2130769230769231,Increasing,15.76967741935484,3.080110475470485
147_214,0.11397849462365592,0.3767967991819643,0.04399999999999995,No significant trend,8.939032258064517,2.020768545650008
147_215,0.23870967741935484,0.061538570047021235,0.10222222222222221,No significant trend,13.148387096774192,2.3400911159186193
147_216,-0.6688172043010753,1.3725173086953646e-07,-0.24750000000000005,Decreasing,12.891935483870967,2.8661724723050006
147_217,-0.27956989247311825,0.028340697604201104,-0.11649999999999991,Decreasing,16.386774193548387,2.476927580559033
147_218,-0.5526881720430108,1.354669150632759e-05,-0.24249999999999994,Decreasing,13.161290322580648,6.187211963675943
147_219,0.4064516129032258,0.0013967278652837756,0.12391304347826085,Increasing,13.12322580645161,2.189238175192714
147_22,-0.7483870967741936,3.6847678241969106e-09,-0.5383333333333332,Decreasing,12.203870967741938,5.255776961327568
147_220,-0.17419354838709677,0.1739206495334844,-0.10562499999999997,No significant trend,10.271290322580645,2.7802050770674285
147_221,-0.12258064516129032,0.34119875170636194,-0.052222222222222225,No significant trend,14.771935483870966,10.437711842734819
147_222,-0.3655913978494624,0.004073741154636101,-0.15153846153846146,Decreasing,11.76935483870968,2.44148677004055
147_223,0.1978494623655914,0.12194188920122184,0.07714285714285728,No significant trend,12.574516129032256,3.192871938785173
147_224,-0.09247311827956989,0.47532023939393775,-0.036666666666666625,No significant trend,12.08516129032258,2.995666624037549
147_225,-0.2817204301075269,0.02713750593978581,-0.12222222222222218,Decreasing,13.65838709677419,3.2977040857622235
147_226,0.060215053763440864,0.6463036389969625,0.03499999999999996,No significant trend,14.993548387096773,3.805506662369165
147_227,-0.16989247311827957,0.18493228677225515,-0.047083333333333366,No significant trend,13.018064516129032,1.804470111399589
147_228,-0.3311827956989247,0.009310109795033439,-0.1466666666666666,Decreasing,13.355806451612906,2.697202582119229
147_229,-0.22365591397849463,0.08000950089470127,-0.12437500000000001,No significant trend,8.953548387096774,3.2137783495313976
147_23,-0.3548387096774194,0.005313081962207367,-0.24333333333333348,Decreasing,14.526774193548388,5.492666892700917
147_230,-0.11397849462365592,0.3767967991819643,-0.05266666666666661,No significant trend,15.11967741935484,2.570872180196726
147_231,0.35053763440860214,0.005897626336997419,0.2966666666666666,Increasing,18.399677419354838,8.26860540719006
147_232,-0.14838709677419354,0.24778083040054266,-0.058571428571428594,No significant trend,11.60193548387097,3.32142742279128
147_233,0.05806451612903226,0.6585566199856316,0.04727272727272724,No significant trend,20.792258064516123,6.890525851779954
147_235,0.25591397849462366,0.0449013762794892,0.11699999999999999,Increasing,18.598064516129035,5.978734044095891
147_236,0.11182795698924732,0.3860421406420662,0.052499999999999956,No significant trend,12.897096774193548,2.110861609052152
147_237,-0.16129032258064516,0.20848766222654147,-0.04916666666666666,No significant trend,11.528709677419355,2.0254457763989024
147_24,0.13548387096774195,0.29198463590975887,0.06437500000000007,No significant trend,19.193225806451615,4.900830335899165
147_25,0.0064516129032258064,0.9728828650934778,0.00636363636363639,No significant trend,14.973225806451616,2.84794593449132
147_26,0.17419354838709677,0.1739206495334844,0.08428571428571427,No significant trend,12.195161290322583,2.527068773676066
147_27,-0.36774193548387096,0.003859889400894323,-0.17565217391304344,Decreasing,9.863870967741937,3.5665703028660687
147_28,0.2903225806451613,0.022755199240110047,0.17999999999999997,Increasing,13.688387096774195,3.8826288872312453
147_29,0.16129032258064516,0.20848766222654147,0.0638095238095238,No significant trend,14.075483870967739,2.623319540397276
147_3,-0.3139784946236559,0.013721204475508175,-0.1409523809523809,Decreasing,10.626774193548387,2.861248754107621
147_30,-0.2645161290322581,0.038119926564599727,-0.12166666666666674,Decreasing,8.758387096774193,3.1120847662124453
147_31,-0.26666666666666666,0.036567588572864906,-0.13699999999999993,Decreasing,9.137096774193548,3.665685865101168
147_32,-0.06451612903225806,0.6220860087372633,-0.03272727272727276,No significant trend,13.173870967741935,3.1154699095873526
147_33,0.14408602150537633,0.2619630008374654,0.10749999999999993,No significant trend,12.937419354838708,4.2589707735493985
147_34,-0.14838709677419354,0.24778083040054266,-0.07444444444444444,No significant trend,9.195806451612903,2.888185918188594
147_35,-0.4817204301075269,0.00015052543899995996,-0.23208333333333334,Decreasing,13.443870967741935,2.86264335031324
147_36,-0.13978494623655913,0.2766963536434415,-0.06894736842105266,No significant trend,14.377419354838713,4.200092908144383
147_37,-0.41935483870967744,0.0009761747063838921,-0.125,Decreasing,12.617419354838708,2.118083381559445
147_38,-0.06666666666666667,0.6101267703127584,-0.043636363636363515,No significant trend,16.98225806451613,4.058824483944487
147_39,0.16989247311827957,0.18493228677225515,0.05263157894736842,No significant trend,14.769354838709678,2.1795840613615023
147_4,-0.43655913978494626,0.000596334223081918,-0.12166666666666674,Decreasing,11.60806451612903,2.274257651807598
147_40,-0.04516129032258064,0.7339104943970112,-0.02631578947368421,No significant trend,12.808387096774192,3.0133606753645514
147_41,-0.3247311827956989,0.010788909951167325,-0.14647058823529402,Decreasing,14.063548387096775,2.8679840603182116
147_42,0.1053763440860215,0.4145985082462331,0.06166666666666676,No significant trend,12.972903225806451,3.7131746208370413
147_43,0.03655913978494624,0.7856661000859302,0.02300000000000004,No significant trend,14.633548387096777,3.6619680486855932
147_44,-0.33548387096774196,0.008427504795672336,-0.12173913043478264,Decreasing,10.651935483870966,2.2049334996260437
147_45,-0.12903225806451613,0.3159628698783248,-0.06999999999999851,No significant trend,11.956451612903223,3.598799574398517
147_46,-0.18494623655913978,0.14854345071667052,-0.07000000000000028,No significant trend,14.279032258064516,2.0459501378824836
147_47,-0.47956989247311826,0.00016116403623755993,-0.29239999999999994,Decreasing,19.53903225806451,3.8744384440875987
147_48,-0.2172043010752688,0.08919834224618706,-0.08592592592592593,No significant trend,12.519677419354839,2.8354592094050286
147_49,-0.0064516129032258064,0.9728828650934778,-0.0021428571428571607,No significant trend,15.903225806451612,2.4212718426703392
147_5,-0.24301075268817204,0.05696246823315332,-0.1549999999999998,No significant trend,16.12516129032258,3.814082455058547
147_50,-0.5698924731182796,7.221474918273074e-06,-0.33160000000000006,Decreasing,19.71483870967742,3.868543837879873
147_51,-0.23225806451612904,0.06896994111977195,-0.12041666666666669,No significant trend,9.039032258064518,3.3320674148378107
147_52,-0.15913978494623657,0.21470238954837217,-0.05999999999999991,No significant trend,14.40258064516129,2.536793718954818
147_53,-0.4752688172043011,0.00018459819815141998,-0.3199999999999998,Decreasing,15.309032258064518,4.5650250713643645
147_54,-0.3720430107526882,0.0034624952577932966,-0.25272727272727286,Decreasing,13.108064516129032,4.791782225755202
147_55,-0.5483870967741935,1.5809977126357566e-05,-0.23714285714285716,Decreasing,12.798064516129033,3.7550090583240587
147_56,-0.3247311827956989,0.010788909951167325,-0.11333333333333329,Decreasing,16.513225806451615,2.27492415626398
147_57,-0.2,0.11789500171022893,-0.0855555555555556,No significant trend,14.364516129032259,1.9692995950086272
147_58,-0.15268817204301074,0.2341449862943059,-0.08000000000000007,No significant trend,12.85677419354839,2.22254342400595
147_59,-0.3096774193548387,0.015078520915366989,-0.16142857142857153,Decreasing,20.082580645161293,3.5357163509625744
147_6,-0.09462365591397849,0.46487326576717747,-0.05333333333333338,No significant trend,9.440967741935484,2.790804433502317
147_60,-0.021505376344086023,0.8784237055808175,-0.018749999999999822,No significant trend,14.231612903225807,3.885059136656401
147_61,-0.26881720430107525,0.035069438571895484,-0.075,Decreasing,13.353225806451613,2.1324276444205243
147_62,0.2924731182795699,0.021760860424100192,0.15583333333333327,Increasing,9.93032258064516,3.7085285177425114
147_63,-0.07526881720430108,0.5633463699559165,-0.04631578947368416,No significant trend,16.959677419354836,3.184935796052094
147_64,-0.27741935483870966,0.029589571342436338,-0.15454545454545449,Decreasing,19.088387096774195,3.7765004254017125
147_65,-0.15268817204301074,0.2341449862943059,-0.05333333333333338,No significant trend,12.445483870967744,2.030864806589321
147_66,0.25806451612903225,0.0431171263634158,0.10555555555555568,Increasing,13.011290322580644,2.3976059859993457
147_67,0.4150537634408602,0.0011011819487161123,0.16400000000000006,Increasing,12.720645161290323,2.816488245205332
147_68,-0.0967741935483871,0.45455525621868187,-0.11500000000000021,No significant trend,23.511935483870968,7.959501289027548
147_69,-0.07096774193548387,0.5865203757130351,-0.025454545454545396,No significant trend,12.291612903225806,2.7492228776149177
147_7,-0.0064516129032258064,0.9728828650934778,-0.0033333333333334597,No significant trend,9.281935483870965,2.272275283406393
147_70,0.06881720430107527,0.5982707245011594,0.03333333333333333,No significant trend,19.21935483870968,3.1177462243182625
147_71,0.2172043010752688,0.08919834224618706,0.11400000000000006,No significant trend,19.721290322580643,2.8342692543291257
147_72,-0.04946236559139785,0.7084629632532715,-0.03625000000000004,No significant trend,17.301935483870967,3.2884552892484424
147_73,-0.2752688172043011,0.030885487177731763,-0.14818181818181808,Decreasing,12.346451612903229,3.088352257598463
147_74,0.38064516129032255,0.0027772931948595314,0.18299999999999983,Increasing,12.034516129032259,3.7266614296217164
147_75,-0.2086021505376344,0.10275196797700414,-0.12133333333333335,No significant trend,18.45741935483871,6.3232943474732135
147_76,-0.1956989247311828,0.12609656894220533,-0.09590909090909089,No significant trend,11.50483870967742,2.499599801474992
147_77,-0.6043010752688172,1.945575674344724e-06,-0.18333333333333343,Decreasing,9.930967741935484,2.22401751391153
147_78,-0.06236559139784946,0.6341458536966633,-0.02647058823529418,No significant trend,11.503870967741934,2.066590892952581
147_79,-0.14408602150537633,0.2619630008374654,-0.05999999999999991,No significant trend,17.020967741935486,2.397843594187332
147_8,0.05591397849462366,0.6709019753135215,0.06099999999999994,No significant trend,15.268387096774193,5.214550422444931
147_80,-0.1053763440860215,0.4145985082462331,-0.05600000000000011,No significant trend,14.07516129032258,3.138714418323509
147_81,0.06881720430107527,0.5982707245011594,0.04500000000000015,No significant trend,15.316774193548387,3.698464709453906
147_82,0.13333333333333333,0.2998377295670276,0.07142857142857142,No significant trend,18.50322580645161,2.8887807307412188
147_83,-0.07526881720430108,0.5633463699559165,-0.033333333333333215,No significant trend,17.233870967741936,2.0936519682114882
147_84,-0.14408602150537633,0.2619630008374654,-0.061000000000000124,No significant trend,11.890645161290323,2.6962565871531794
147_85,-0.3849462365591398,0.002483355213678262,-0.1221428571428572,Decreasing,13.234193548387097,1.9052538129003387
147_86,0.0064516129032258064,0.9728828650934778,0.0016666666666666312,No significant trend,11.986129032258065,2.799080122421967
147_87,-0.41935483870967744,0.0009761747063838921,-0.20846153846153853,Decreasing,15.20032258064516,3.246849076905145
147_88,0.23870967741935484,0.061538570047021235,0.15500000000000008,No significant trend,20.20193548387097,3.901144099640547
147_89,0.17204301075268819,0.17936364721043319,0.11476190476190477,No significant trend,12.488387096774192,3.2475510344140597
147_9,0.3333333333333333,0.008858992984779324,0.1345454545454545,Increasing,12.126129032258063,2.2570815833002706
147_90,-0.3935483870967742,0.0019791198223833018,-0.14888888888888888,Decreasing,16.311290322580643,2.842184237218524
147_91,0.05806451612903226,0.6585566199856316,0.020000000000000018,No significant trend,15.584193548387097,2.1780366627939265
147_92,-0.26666666666666666,0.036567588572864906,-0.129,Decreasing,13.334193548387095,2.88777933902958
147_93,-0.26881720430107525,0.035069438571895484,-0.11153846153846156,Decreasing,10.806451612903228,2.62383067459564
147_94,0.2817204301075269,0.02713750593978581,0.13466666666666668,Increasing,10.263225806451615,2.6903500037281085
147_95,-0.16344086021505377,0.2024043739887733,-0.08800000000000002,No significant trend,9.543548387096774,2.7102762011220123
147_96,-0.1010752688172043,0.43431144285625,-0.05076923076923064,No significant trend,15.254516129032256,2.7825073848085378
147_97,-0.03655913978494624,0.7856661000859302,-0.018125000000000058,No significant trend,14.571935483870966,3.3581085491829676
147_98,-0.15913978494623657,0.21470238954837217,-0.05000000000000006,No significant trend,18.898709677419358,2.8350772213815745
147_99,0.11397849462365592,0.3767967991819643,0.06923076923076912,No significant trend,9.521290322580645,3.2505728943555856
