location,tau,p_value,slope,trend_class,mean_value,std_value
101_1,-0.9112903225806451,2.6001423236721166e-13,-0.9018543956043956,Decreasing,35.6234375,8.345024194608051
101_10,-0.25,0.04608393295095614,-0.16473429951690818,Decreasing,42.057500000000005,4.813486262575183
101_100,-0.49193548387096775,8.127869954099864e-05,-0.19168956043956048,Decreasing,36.295,2.943067065154989
101_1000,0.701058201058201,1.8310345972771813e-07,0.9015833333333332,Increasing,40.66321428571428,8.397808835630633
101_1001,-0.875,2.191358206005134e-12,-0.8952777777777778,Decreasing,58.005624999999995,8.654667793126146
101_1002,-0.592741935483871,2.019923096563403e-06,-0.36251488095238105,Decreasing,38.0315625,4.226105705444878
101_1003,-0.7399193548387096,2.934484433225748e-09,-0.29000000000000015,Decreasing,42.1490625,2.9179437959107006
101_1004,-0.7903225806451613,2.2882273853497281e-10,-0.45944444444444454,Decreasing,41.901562500000004,4.881945763073751
101_1005,-0.8225806451612904,4.108913209677212e-11,-0.7186666666666666,Decreasing,39.336875,7.082201475132926
101_1006,-0.5786290322580645,3.519574691690508e-06,-0.24921052631578944,Decreasing,41.31156250000001,2.8568044969149975
101_1007,-0.028225806451612902,0.8330324989520455,-0.018684210526316015,No significant trend,33.95343749999999,2.16240261251085
101_1008,-0.8205645161290323,4.583267099178556e-11,-0.7333928571428572,Decreasing,41.453125,7.084848021261641
101_1009,-0.8689516129032258,3.1008529077780622e-12,-0.6076817042606517,Decreasing,35.2746875,6.0246488405834695
101_101,-0.7157258064516129,9.432809422449395e-09,-0.5475000000000003,Decreasing,41.5253125,6.169020376230229
101_1010,-0.7096774193548387,1.2557821005287906e-08,-0.3510175438596493,Decreasing,32.540625,3.89674859458177
101_1013,-0.6270161290322581,4.979515006997559e-07,-0.3759999999999998,Decreasing,40.1225,3.9378658560189677
101_1014,-0.41935483870967744,0.0007884847400962958,-0.27357585139318885,Decreasing,47.74625,4.443469048783845
101_1015,-0.625,5.418056365780188e-07,-0.27577935222672073,Decreasing,32.06875,3.1768004245624244
101_1016,0.7278225806451613,5.285553328349124e-09,0.31397435897435844,Increasing,36.8375,3.825130716720672
101_1017,-0.2620967741935484,0.03644545316257175,-0.12908333333333322,Decreasing,42.378750000000004,2.9419283110742183
101_1018,-0.4737903225806452,0.00014785185590326932,-0.1228333333333334,Decreasing,35.5378125,2.001093036278861
101_1019,-0.6854838709677419,3.854806762682017e-08,-0.6533958333333332,Decreasing,42.728125,6.92436388662345
101_102,-0.8548387096774194,6.907363570007874e-12,-0.5879166666666668,Decreasing,44.2634375,5.5550774124753435
101_1020,-0.6895161290322581,3.2057687171516136e-08,-0.49129166666666657,Decreasing,44.498125,5.250137758609291
101_1021,-0.45564516129032256,0.00026356866715215865,-0.2136274509803921,Decreasing,41.647499999999994,3.1215781265251077
101_1022,-0.5463709677419355,1.1953055304658733e-05,-0.449090909090909,Decreasing,33.7603125,5.360273712912779
101_1023,-0.5504032258064516,1.0295362178336376e-05,-0.33809782608695654,Decreasing,36.7275,4.02739602597013
101_1024,-0.37701612903225806,0.0025591348086346777,-0.2384090909090908,Decreasing,46.185625,3.464666233474012
101_1025,-0.7056451612903226,1.5177737733296226e-08,-0.5018518518518518,Decreasing,32.0253125,5.0697965839216605
101_1026,0.06451612903225806,0.6151681449180015,0.015208333333333341,No significant trend,39.575312499999995,1.2180311581990622
101_1027,-0.8145161290322581,6.351164039131163e-11,-0.48375,Decreasing,35.555,5.118092906542436
101_1028,0.5687830687830688,2.3588764094251147e-05,0.4987500000000002,Increasing,37.98714285714285,5.18301336589251
101_1029,-0.6995967741935484,2.0128545274999965e-08,-0.43548571428571436,Decreasing,47.148125,4.3078427297633555
101_103,0.17338709677419356,0.16808028138689668,0.0831882591093118,No significant trend,35.1346875,2.580389970981858
101_1030,-0.592741935483871,2.019923096563403e-06,-0.2615454545454545,Decreasing,32.8984375,3.1227072683160286
101_1031,-0.6532258064516129,1.6240138478451627e-07,-0.5641515151515148,Decreasing,40.521875,5.634775637447777
101_1032,-0.6794354838709677,5.073125608490159e-08,-0.3341428571428573,Decreasing,39.9796875,3.554705934018136
101_1033,0.07258064516129033,0.5703230029200781,0.029285714285714345,No significant trend,37.6659375,3.7491922958276964
101_1034,-0.8548387096774194,6.907363570007874e-12,-0.44333333333333363,Decreasing,40.7865625,4.178059963499058
101_1035,-0.4899193548387097,8.695279080095375e-05,-0.2586342592592592,Decreasing,40.4059375,3.296512228263949
101_1036,0.20161290322580644,0.10839945747110935,0.052310924369748046,No significant trend,38.5153125,1.4308869285669468
101_1037,-0.7379032258064516,3.238943557803964e-09,-0.47152298850574703,Decreasing,41.3675,4.611390110368022
101_1038,0.05241935483870968,0.6851751854528196,0.026904761904761754,No significant trend,45.6965625,2.0828145161280567
101_1039,-0.5282258064516129,2.31113806963279e-05,-0.3566289592760181,Decreasing,41.722187500000004,5.292418359298871
101_104,0.375,0.0026994076056261473,0.20515837104072387,Increasing,35.3425,3.13020167081931
101_1040,-0.7540322580645161,1.4598573461199749e-09,-0.290830745341615,Decreasing,39.309375,2.9260894739182195
101_1042,-0.6149193548387096,8.23131043548031e-07,-0.2571500000000002,Decreasing,45.3825,2.9263832199491575
101_1043,-0.4838709677419355,0.00010630450788085,-0.11661111111111117,Decreasing,39.737812500000004,1.57203437934536
101_1044,0.20967741935483872,0.09486107679233946,0.13723809523809521,No significant trend,36.699375,3.2708369891168525
101_1045,-0.28225806451612906,0.02419069629917514,-0.1388076923076924,Decreasing,37.7965625,2.724213888187517
101_1046,-0.7862903225806451,2.8229885096209273e-10,-0.5966666666666666,Decreasing,36.940625,5.852795238975561
101_1047,-0.2701612903225806,0.031022165815888902,-0.07631642512077283,Decreasing,40.393750000000004,1.798980179851907
101_1048,-0.7661290322580645,7.944338520360361e-10,-0.5271428571428571,Decreasing,36.459999999999994,5.155604959653134
101_1049,-0.09274193548387097,0.4655488870531288,-0.04581451612903235,No significant trend,33.834375,2.1393426816139107
101_105,-0.2782258064516129,0.026306692194792536,-0.11248717948717944,Decreasing,44.6325,2.520818319514518
101_1050,-0.842741935483871,1.3585577107733116e-11,-0.6660606060606061,Decreasing,36.6728125,6.357732120406125
101_1051,-0.3346774193548387,0.0074570078953755115,-0.2533596837944664,Decreasing,41.233125,4.055911147248543
101_1052,-0.11895161290322581,0.34693332021517254,-0.06079022988505754,No significant trend,39.940625,2.116941982996936
101_1054,-0.7217741935483871,7.0691399400857335e-09,-0.5560571428571428,Decreasing,37.18375,5.313772053588674
101_1055,-0.7782258064516129,4.2833958602273015e-10,-0.4200000000000002,Decreasing,40.5834375,4.1747968583625426
101_1056,-0.11693548387096774,0.355310453336267,-0.08195238095238094,No significant trend,42.04625,4.324641422996825
101_1057,-0.7298387096774194,4.794858066148322e-09,-0.6206250000000002,Decreasing,44.113749999999996,6.394792192675225
101_1058,-0.6370967741935484,3.252720022217659e-07,-0.5242407407407409,Decreasing,44.3171875,5.779278844704047
101_1059,-0.6391129032258065,2.984879994283318e-07,-0.49722222222222234,Decreasing,44.2771875,5.446707281912968
101_106,-0.5241935483870968,2.6684265470366952e-05,-0.2338750000000001,Decreasing,42.278125,2.8454178488185184
101_1060,-0.8145161290322581,6.351164039131163e-11,-0.9187499999999971,Decreasing,43.4440625,8.395950980746239
101_1061,-0.34274193548387094,0.0061330741504750375,-0.22611111111111112,Decreasing,41.9646875,3.5765826779684193
101_1063,-0.5060483870967742,5.032482653111181e-05,-0.2672619047619047,Decreasing,44.844375,2.8500394048810977
101_1064,0.625,5.418056365780188e-07,0.2501785714285715,Increasing,35.204375,2.647354738106512
101_1065,-0.6592741935483871,1.246354144335271e-07,-0.5036363636363635,Decreasing,40.515,5.437019519001196
101_1066,-0.6209677419354839,6.409512869343104e-07,-0.4472136222910217,Decreasing,43.800312500000004,4.862666760877589
101_1067,-0.8568548387096774,6.165290500348419e-12,-0.6408680555555553,Decreasing,37.009375,6.07729891558536
101_1068,-0.02217741935483871,0.871176289997168,-0.021083333333333343,No significant trend,42.916250000000005,4.0197930217238795
101_1069,0.6693548387096774,7.977093474664798e-08,0.16683333333333342,Increasing,38.9178125,2.0889272581504006
101_107,0.4475806451612903,0.0003385845397056997,0.2155000000000003,Increasing,38.189375,2.9543621747130127
101_1070,-0.657258064516129,1.3616589122911193e-07,-0.28965151515151516,Decreasing,47.72,3.2327610103439444
101_1071,-0.8629032258064516,4.377387341492067e-12,-0.4363750000000001,Decreasing,31.050625,4.202805564069672
101_1073,-0.7338709677419355,3.942868698203483e-09,-0.7563419913419913,Decreasing,55.969375,7.791029672602653
101_1074,-0.844758064516129,1.2144951710979512e-11,-0.5329824561403508,Decreasing,34.338125000000005,5.214230790286809
101_1075,-0.08064516129032258,0.5270983110287553,-0.03957236842105272,No significant trend,39.685625,2.750931589366591
101_1076,-0.7762096774193549,4.750932980357447e-10,-0.6619407894736841,Decreasing,41.8259375,6.568822125852834
101_1077,-0.8145161290322581,6.351164039131163e-11,-0.5802777777777779,Decreasing,33.6090625,5.424675888575625
101_1078,-0.6733870967741935,6.661159712706421e-08,-0.3716666666666668,Decreasing,35.206875,4.022300676773804
101_1079,-0.4254032258064516,0.0006605386079836517,-0.4342352941176475,Decreasing,35.41,6.110499161279706
101_108,0.24596774193548387,0.049740271332769925,0.1644,Increasing,39.96875,3.47557706539504
101_1081,-0.5866935483870968,2.5665371479188792e-06,-0.424642857142857,Decreasing,38.7278125,5.189289290436963
101_1082,-0.1532258064516129,0.22389580114431484,-0.067638888888889,No significant trend,44.6778125,2.3914649463966122
101_1083,0.592741935483871,2.019923096563403e-06,0.50804347826087,Increasing,38.60156250000001,5.892080547955344
101_1084,-0.8830645161290323,1.3746781490908688e-12,-0.7274999999999998,Decreasing,32.19375,6.868378060903463
101_1085,-0.7741935483870968,5.268148139947471e-10,-0.5949671052631579,Decreasing,42.2675,5.893697375162725
101_1086,-0.06451612903225806,0.6151681449180015,-0.046944444444444185,No significant trend,37.6978125,4.6599609268580515
101_1087,-0.7741935483870968,5.268148139947471e-10,-0.3988709677419354,Decreasing,33.2134375,4.046436402390842
101_1088,-0.38306451612903225,0.0021773576915100623,-0.2362030075187969,Decreasing,34.413125,4.14897610674911
101_1089,-0.4717741935483871,0.00015781793261271382,-0.2990624999999998,Decreasing,47.43,4.301339907517191
101_109,0.20766129032258066,0.0981116209814683,0.07824999999999996,No significant trend,34.399375,1.9998264573144844
101_1090,-0.2862903225806452,0.02222386181408309,-0.12071428571428619,Decreasing,30.329375,2.590936048877895
101_1091,-0.625,5.418056365780188e-07,-0.5458223684210526,Decreasing,42.5040625,6.661507364785671
101_1092,-0.7056451612903226,1.5177737733296226e-08,-0.6418750000000001,Decreasing,44.153124999999996,6.168233862652664
101_1093,-0.5483870967741935,1.1094687683677051e-05,-0.4396666666666663,Decreasing,43.060312499999995,5.570153433913984
101_1094,-0.5423387096774194,1.3863660637269959e-05,-0.26750000000000007,Decreasing,41.4875,3.314767148684806
101_1095,-0.9012096774193549,4.740652315149418e-13,-0.7787499999999998,Decreasing,41.571875,7.248591862173991
101_1097,-0.7479838709677419,1.9721104749237384e-09,-0.3757843137254902,Decreasing,48.0228125,4.1163486811546655
101_1099,-0.8508064516129032,8.663292305755022e-12,-0.5655059523809524,Decreasing,30.308437500000004,5.416455315387892
101_11,-0.5967741935483871,1.7196589441326182e-06,-0.313533834586466,Decreasing,40.8534375,3.596174711911776
101_110,-0.7459677419354839,2.178956348686256e-09,-0.5292499999999969,Decreasing,41.96,5.682333367552452
101_1100,-0.8306451612903226,2.6473268022186858e-11,-0.48791666666666667,Decreasing,30.4034375,4.736462029679299
101_1101,-0.2600806451612903,0.03792115065551127,-0.07586956521739135,Decreasing,37.439375,1.979145866118766
101_1102,-0.7580645161290323,1.193087628692524e-09,-0.5652753623188405,Decreasing,43.565312500000005,5.172547114560075
101_1103,-0.6693548387096774,7.977093474664798e-08,-0.5234539473684208,Decreasing,42.4628125,5.438987287615568
101_1104,0.3125,0.012513111296831969,0.23340579710144946,Increasing,39.690312500000005,3.6059382312158026
101_1105,0.09274193548387097,0.4655488870531288,0.0723913043478259,No significant trend,42.266875,3.9816174771536006
101_1106,-0.49798387096774194,6.628324270452346e-05,-0.2899999999999996,Decreasing,48.750625,4.158563406920111
101_1107,-0.8024193548387096,1.21112231354914e-10,-0.4814511494252871,Decreasing,42.114999999999995,4.717411233929049
101_1108,-0.5403225806451613,1.4924957946416129e-05,-0.14034113060428843,Decreasing,42.747187499999995,2.1002905072498304
101_1109,-0.8387096774193549,1.6986412276764895e-11,-0.7544444444444458,Decreasing,42.9865625,6.936679054749019
101_111,-0.625,5.418056365780188e-07,-0.4320261437908497,Decreasing,36.3209375,4.908871662214622
101_1110,-0.8487903225806451,9.698242209310592e-12,-0.804965034965035,Decreasing,33.5021875,7.622472013057426
101_1111,-0.31048387096774194,0.013097125487301797,-0.25854636591478686,Decreasing,29.942187500000003,4.334857072596944
101_1112,-0.48588709677419356,9.944225368752058e-05,-0.20005952380952374,Decreasing,41.0553125,2.5005761640757416
101_1113,-0.6733870967741935,6.661159712706421e-08,-0.39683333333333337,Decreasing,36.201875,4.290853235007578
101_1114,0.18346774193548387,0.1444328264537258,0.1456570512820513,No significant trend,40.8790625,5.003951787946577
101_1115,-0.655241935483871,1.4872514997321673e-07,-0.5645999999999998,Decreasing,41.6575,6.085816502327358
101_1116,-0.7782258064516129,4.2833958602273015e-10,-0.5491106719367591,Decreasing,41.563125,5.507211429968438
101_1117,-0.6693548387096774,7.977093474664798e-08,-0.3929621848739496,Decreasing,42.25031250000001,4.316901003885049
101_1118,-0.4657258064516129,0.0001916438218019234,-0.25671428571428584,Decreasing,43.616249999999994,3.258814728931364
101_1119,-0.5241935483870968,2.6684265470366952e-05,-0.45434210526315877,Decreasing,44.5978125,5.011767237197249
101_112,-0.6875,3.5157899258564385e-08,-0.7505,Decreasing,34.238749999999996,7.452462994708528
101_1120,0.036290322580645164,0.7827940862749598,0.010902777777777779,No significant trend,37.545,1.5932651223195717
101_1121,-0.4314516129032258,0.0005521233561254224,-0.45341666666666625,Decreasing,47.9446875,6.040763085268594
101_1122,-0.4879032258064516,9.2999707930419e-05,-0.24873684210526342,Decreasing,35.763125,3.4653187421036757
101_1123,-0.5604838709677419,7.057150331224449e-06,-0.42455182072829123,Decreasing,44.744062500000005,4.544701488667187
101_1124,-0.39919354838709675,0.0014000474750610614,-0.26741830065359473,Decreasing,45.80625,3.158138049151746
101_1125,-0.9112903225806451,2.6001423236721166e-13,-0.4229047619047618,Decreasing,34.294062499999995,4.1140208885096525
101_1126,-0.4959677419354839,7.096380450022366e-05,-0.11535714285714249,Decreasing,37.150000000000006,1.5947119645879633
101_1127,-0.5120967741935484,4.0824601233779845e-05,-0.34475845410628037,Decreasing,46.40625,4.1719133425204316
101_1128,-0.3971774193548387,0.001480776176757681,-0.1620588235294118,Decreasing,41.766562500000006,2.447024480587342
101_1129,-0.49193548387096775,8.127869954099864e-05,-0.23050000000000004,Decreasing,40.01875,2.9677398281352088
101_113,-0.657258064516129,1.3616589122911193e-07,-0.5658333333333336,Decreasing,31.5428125,5.634600271079019
101_1130,-0.7903225806451613,2.2882273853497281e-10,-0.596777777777778,Decreasing,52.46625,6.0521606420765135
101_1131,0.4959677419354839,7.096380450022366e-05,0.21909090909090898,Increasing,40.324062500000004,3.2565279241999066
101_1132,-0.45564516129032256,0.00026356866715215865,-0.2813999999999999,Decreasing,41.938437500000006,3.8622816357166068
101_1133,-0.43548387096774194,0.0004893169184720936,-0.4883725490196078,Decreasing,42.7165625,6.063123477927342
101_1134,-0.4798387096774194,0.0001213912313333676,-0.24759615384615383,Decreasing,42.9434375,3.132645257381331
101_1135,-0.657258064516129,1.3616589122911193e-07,-0.48763636363636376,Decreasing,39.3490625,5.260315674566855
101_1136,-0.020161290322580645,0.883962377036416,-0.003351851851851935,No significant trend,39.4634375,1.4853589830723584
101_1137,-0.20967741935483872,0.09486107679233946,-0.10790617848970255,No significant trend,43.3328125,2.514058266000164
101_1138,0.625,5.418056365780188e-07,0.2738666666666667,Increasing,41.954375,3.1040366233946077
101_1139,-0.7681451612903226,7.171752081092109e-10,-0.6814583333333335,Decreasing,37.260625000000005,7.2044933624353495
101_114,-0.7318548387096774,4.348602589132611e-09,-0.4925401069518719,Decreasing,35.8934375,4.859355415957321
101_1140,0.15725806451612903,0.21178693551335703,0.06598039215686341,No significant trend,45.549375,3.100576496294681
101_1141,-0.5967741935483871,1.7196589441326182e-06,-0.5421515151515152,Decreasing,33.1928125,5.598869994458145
101_1142,-0.7641129032258065,8.797895745260575e-10,-0.6483387096774194,Decreasing,40.040625,6.661326321339843
101_1143,-0.6653225806451613,9.543242263099216e-08,-0.4610347826086956,Decreasing,35.59,4.647598842413144
101_1144,-0.6854838709677419,3.854806762682017e-08,-0.355625,Decreasing,49.168124999999996,3.5973770283881836
101_1145,0.3024193548387097,0.015681225244583263,0.1538131313131313,Increasing,37.485625,2.472880326537255
101_1146,-0.75,1.7844419275547807e-09,-0.6282327586206896,Decreasing,47.040625,6.4084441059726025
101_1147,-0.7540322580645161,1.4598573461199749e-09,-0.7027142857142856,Decreasing,39.810625,6.967578012435526
101_1148,-0.4274193548387097,0.0006223743467113074,-0.2097666666666667,Decreasing,46.8996875,2.781410932843932
101_1149,-0.5524193548387096,9.551213337788411e-06,-0.36084967320261446,Decreasing,47.0896875,4.275311746217316
101_115,-0.782258064516129,3.479141419404641e-10,-0.6626587301587299,Decreasing,40.514062499999994,6.512644844538489
101_1150,0.4879032258064516,9.2999707930419e-05,0.3076018808777431,Increasing,40.1490625,3.8888658045879847
101_1151,-0.7741935483870968,5.268148139947471e-10,-0.7992857142857142,Decreasing,38.2815625,7.754406452694736
101_1152,-0.036290322580645164,0.7827940862749598,-0.011782608695652178,No significant trend,45.549375,2.1341683648145007
101_1153,-0.5766129032258065,3.8062807836691803e-06,-0.34845238095238085,Decreasing,46.223749999999995,3.9635067727329543
101_1154,0.5161290322580645,3.546525120357025e-05,0.28040485829959505,Increasing,36.74312499999999,3.2651085716060035
101_1155,0.14112903225806453,0.2631677566593238,0.049734848484848465,No significant trend,38.3865625,2.42651835117597
101_1156,-0.6875,3.5157899258564385e-08,-0.3146410256410255,Decreasing,46.1471875,3.5643269301291296
101_1158,-0.6895161290322581,3.2057687171516136e-08,-0.41952380952380947,Decreasing,44.75625,4.468167794241841
101_1159,-0.29435483870967744,0.018703634813544978,-0.1775412087912091,Decreasing,45.9390625,3.139155299773134
101_116,-0.7056451612903226,1.5177737733296226e-08,-0.5099396551724138,Decreasing,35.243125000000006,5.34116819940872
101_1160,-0.6653225806451613,9.543242263099216e-08,-0.36460227272727264,Decreasing,40.911874999999995,3.753455439241953
101_1161,-0.05241935483870968,0.6851751854528196,-0.041709401709401656,No significant trend,43.501875,2.933947253168502
101_1162,-0.6229838709677419,5.893720071981079e-07,-0.5986730769230768,Decreasing,45.216875,6.484526504254185
101_1163,-0.5846774193548387,2.7784224061466745e-06,-0.4578888888888887,Decreasing,39.1509375,5.021293010380269
101_1164,-0.8649193548387096,3.903322109977125e-12,-0.6608333333333334,Decreasing,34.2471875,6.425462645976844
101_1165,-0.8508064516129032,8.663292305755022e-12,-0.3237980769230766,Decreasing,32.8475,3.279855179729739
101_1166,-0.8346774193548387,2.121680608979659e-11,-0.7295333333333334,Decreasing,40.204687500000006,6.482172178548156
101_1167,-0.6653225806451613,9.543242263099216e-08,-0.38355555555555554,Decreasing,42.0246875,4.171004813272667
101_1168,-0.4415322580645161,0.0004074870138988107,-0.2732083333333334,Decreasing,49.918749999999996,3.805672369963027
101_1169,-0.7379032258064516,3.238943557803964e-09,-0.502909090909091,Decreasing,39.3128125,4.606188930650126
101_117,-0.6814516129032258,4.630511263314929e-08,-0.5918907563025211,Decreasing,38.1628125,6.625207182786343
101_1170,-0.8528225806451613,7.736700169402866e-12,-0.4002500000000003,Decreasing,32.296875,3.8811374279165896
101_1172,-0.034274193548387094,0.7952778335350081,-0.009914215686274618,No significant trend,43.211875000000006,1.4349987750430313
101_1173,-0.6491935483870968,1.934942726045108e-07,-0.2921111111111111,Decreasing,46.268437500000005,3.872497667345166
101_1174,-0.5725806451612904,4.448281224922468e-06,-0.2935632183908046,Decreasing,39.6353125,3.476632695920544
101_1176,-0.8790322580645161,1.7366108551186699e-12,-0.7549404761904761,Decreasing,42.3509375,7.3341625115682945
101_1177,-0.24596774193548387,0.049740271332769925,-0.18134848484848487,Decreasing,36.00125,3.4801129202225605
101_1179,-0.6854838709677419,3.854806762682017e-08,-0.3347916666666667,Decreasing,44.631875,3.4783342255129823
101_118,-0.6935483870967742,2.6632843708185305e-08,-0.5700000000000001,Decreasing,41.275625,5.671880716250563
101_1180,-0.8125,7.077094466012568e-11,-0.6520942982456142,Decreasing,40.6215625,6.539385535628998
101_1181,-0.8467741935483871,1.0854206422550305e-11,-0.5860314685314687,Decreasing,40.326249999999995,5.514232579199031
101_1182,-0.6330645161290323,3.859708492814917e-07,-0.39942307692307694,Decreasing,34.7303125,4.862882044358442
101_1183,-0.5544354838709677,8.858614525264485e-06,-0.5421428571428576,Decreasing,46.348749999999995,5.468051383948399
101_1184,-0.8991935483870968,5.340172748447003e-13,-0.7423157894736842,Decreasing,39.285,7.069638869843353
101_1185,-0.7056451612903226,1.5177737733296226e-08,-0.550111111111111,Decreasing,42.899375,6.077152364337676
101_1186,-0.7741935483870968,5.268148139947471e-10,-0.7436071428571427,Decreasing,41.391875,7.222646432186405
101_1187,-0.4334677419354839,0.000519836761338599,-0.22080000000000008,Decreasing,36.994375000000005,3.1771419325196977
101_1188,-0.782258064516129,3.479141419404641e-10,-0.5975369458128078,Decreasing,40.0571875,6.0411227404219945
101_1189,-0.7580645161290323,1.193087628692524e-09,-0.5218990384615383,Decreasing,40.389062499999994,5.43189041642905
101_119,-0.8991935483870968,5.340172748447003e-13,-0.7699278846153845,Decreasing,38.4059375,7.434968837936966
101_1190,-0.7903225806451613,2.2882273853497281e-10,-0.35086666666666677,Decreasing,35.67375,3.5018385795892994
101_1191,-0.41330645161290325,0.0009391233403026611,-0.4173349436392914,Decreasing,30.589374999999997,5.443706766475854
101_1192,-0.6733870967741935,6.661159712706421e-08,-0.4897083333333335,Decreasing,41.332812499999996,4.705354818166612
101_1193,-0.4778225806451613,0.0001296708328921703,-0.11249999999999999,Decreasing,36.8925,1.8380645391280472
101_1194,-0.4153225806451613,0.0008861761949863212,-0.15805555555555517,Decreasing,43.9628125,2.708520392177942
101_1195,-0.4717741935483871,0.00015781793261271382,-0.25663888888888886,Decreasing,39.880624999999995,3.1517613503206428
101_1196,-0.4092741935483871,0.0010539167533933913,-0.17607692307692274,Decreasing,40.730937499999996,3.362928745319139
101_1197,-0.8467741935483871,1.0854206422550305e-11,-0.3207692307692309,Decreasing,48.188437500000006,3.365721606668286
101_1198,-0.4596774193548387,0.00023219814177166676,-0.1871041666666668,Decreasing,39.9265625,2.5495239866676584
101_1199,-0.8104838709677419,7.883982355849639e-11,-1.0078846153846155,Decreasing,38.9075,9.838430070392327
101_12,-0.625,5.418056365780188e-07,-0.3255337690631808,Decreasing,41.0525,3.2744140697230093
101_120,-0.6895161290322581,3.2057687171516136e-08,-0.45585714285714285,Decreasing,36.8265625,4.4922207824854015
101_1200,-0.8306451612903226,2.6473268022186858e-11,-0.5263235294117645,Decreasing,36.611875,5.081328835489296
101_1201,0.8286290322580645,2.956013211985464e-11,0.3616985645933016,Increasing,34.1096875,3.485678273642556
101_1202,-0.8205645161290323,4.583267099178556e-11,-0.6897222222222221,Decreasing,41.125625,6.976227014610046
101_1204,-0.592741935483871,2.019923096563403e-06,-0.2864901477832512,Decreasing,42.633750000000006,3.0372394435572576
101_1206,-0.7963709677419355,1.666657922783088e-10,-0.47724747474747464,Decreasing,34.4384375,4.418655840138915
101_1207,-0.3689516129032258,0.003163426250587742,-0.09769736842105269,Decreasing,25.990624999999998,1.6024062716349436
101_121,-0.6391129032258065,2.984879994283318e-07,-0.4337912087912088,Decreasing,41.66625,4.6079135394991955
101_122,-0.8266129032258065,3.299827078251383e-11,-0.8550833333333328,Decreasing,37.595625000000005,8.056971723878332
101_123,-0.782258064516129,3.479141419404641e-10,-0.8127615384615385,Decreasing,39.6978125,7.734236280321655
101_124,-0.8266129032258065,3.299827078251383e-11,-0.45316666666666683,Decreasing,39.4803125,4.572680753928022
101_125,-0.7056451612903226,1.5177737733296226e-08,-0.7524475524475525,Decreasing,40.01593750000001,7.719066434556303
101_126,-0.6673387096774194,8.7262118642073e-08,-0.5748190476190477,Decreasing,33.786875,6.681505461673663
101_127,-0.6713709677419355,7.29042284319803e-08,-0.5427777777777778,Decreasing,35.0853125,5.363337920767603
101_128,-0.844758064516129,1.2144951710979512e-11,-0.43645833333333345,Decreasing,38.125,4.535762063865344
101_129,-0.6370967741935484,3.252720022217659e-07,-0.8471874999999998,Decreasing,40.996562499999996,9.201452198354005
101_13,-0.5725806451612904,4.448281224922468e-06,-0.37431818181818177,Decreasing,36.48625,4.559532425315122
101_130,-0.7883064516129032,2.541908905584478e-10,-0.45922268907563046,Decreasing,33.9378125,4.551152830859864
101_131,0.1028225806451613,0.4174675215832093,0.061413690476190566,No significant trend,39.5415625,2.7541696904137463
101_132,-0.04032258064516129,0.757996646747342,-0.03251111111111107,No significant trend,46.8834375,3.457610816531229
101_133,0.008064516129032258,0.9611987334080325,0.008454106280193194,No significant trend,31.904999999999998,3.0330224199632947
101_134,-0.32056451612903225,0.010401152469125874,-0.2037254901960783,Decreasing,38.332499999999996,3.563693659673906
101_135,-0.24193548387096775,0.05363683937977637,-0.09991666666666679,No significant trend,39.011250000000004,2.8911316447889397
101_136,-0.7479838709677419,1.9721104749237384e-09,-0.43562500000000004,Decreasing,37.238749999999996,4.533885440491411
101_137,-0.7943548387096774,1.8528600875811208e-10,-0.713355614973262,Decreasing,33.40125,7.072201191107334
101_138,-0.7016129032258065,1.832546869806606e-08,-0.5202272727272729,Decreasing,30.635625,5.371461007898596
101_139,-0.7701612903225806,6.472633540255401e-10,-0.6916083916083915,Decreasing,37.6159375,7.079253076497107
101_14,-0.7540322580645161,1.4598573461199749e-09,-0.3099999999999999,Decreasing,35.4734375,3.110749115340829
101_140,0.5221774193548387,2.8661968966448015e-05,0.25754166666666667,Increasing,49.575312499999995,3.1308974196456436
101_141,-0.7520161290322581,1.6142178704825483e-09,-0.2858571428571428,Decreasing,36.4740625,2.981342880497604
101_142,-0.7137096774193549,1.0379506365509883e-08,-0.3866666666666667,Decreasing,30.6940625,4.431402754331156
101_143,-0.8870967741935484,1.0869083411080283e-12,-0.996576923076923,Decreasing,36.335625,9.162358777049445
101_144,-0.5100806451612904,4.378423530448927e-05,-0.2904545454545452,Decreasing,37.7965625,4.005305551215007
101_145,-0.5423387096774194,1.3863660637269959e-05,-0.392246376811594,Decreasing,37.447812500000005,5.32846467942162
101_146,-0.8387096774193549,1.6986412276764895e-11,-0.9840384615384616,Decreasing,36.48125,9.379360236044887
101_147,-0.9274193548387096,9.814371537686384e-14,-0.7453571428571433,Decreasing,36.566562499999996,6.697371970302512
101_148,-0.7540322580645161,1.4598573461199749e-09,-0.7082909090909091,Decreasing,40.840312499999996,7.321658147396923
101_149,-0.8346774193548387,2.121680608979659e-11,-0.9636750000000003,Decreasing,39.608125,9.091518862894967
101_15,-0.6774193548387096,5.5566278689411774e-08,-0.5201923076923081,Decreasing,41.47125,5.911474408935557
101_150,-0.717741935483871,8.570263387852606e-09,-0.5993333333333337,Decreasing,37.1715625,6.5261915144741
101_151,-0.6411290322580645,2.738397213430943e-07,-0.45490196078431355,Decreasing,48.8396875,5.180748307662104
101_152,-0.7338709677419355,3.942868698203483e-09,-0.6099999999999994,Decreasing,31.2753125,6.173833383915033
101_153,-0.7963709677419355,1.666657922783088e-10,-1.11989898989899,Decreasing,36.29625,11.030405350099333
101_154,-0.8266129032258065,3.299827078251383e-11,-0.6087142857142858,Decreasing,32.373125,5.914781503519382
101_155,-0.8064516129032258,9.776668363770114e-11,-0.6487820512820512,Decreasing,36.1471875,6.109180199899472
101_156,-0.7701612903225806,6.472633540255401e-10,-0.6955238095238094,Decreasing,34.4134375,6.98777262857012
101_157,-0.75,1.7844419275547807e-09,-0.57775,Decreasing,32.0934375,5.595252233688285
101_158,-0.7439516129032258,2.4068798065712826e-09,-0.5038194444444444,Decreasing,38.8171875,5.026596906938506
101_159,-0.6733870967741935,6.661159712706421e-08,-0.6036363636363637,Decreasing,35.56,6.213016578120487
101_16,-0.8004032258064516,1.3474710236494047e-10,-0.6726190476190477,Decreasing,42.47375,6.136056220203657
101_160,-0.6330645161290323,3.859708492814917e-07,-0.5273949579831931,Decreasing,41.169062499999995,5.418525721641796
101_161,-0.7923387096774194,2.0593349248088089e-10,-0.5706153846153849,Decreasing,36.7290625,5.470028770134006
101_162,-0.782258064516129,3.479141419404641e-10,-0.531164021164021,Decreasing,39.2034375,5.126459919729573
101_163,-0.532258064516129,1.999674165320542e-05,-0.3508333333333332,Decreasing,38.875937500000006,5.14390528889226
101_164,-0.7580645161290323,1.193087628692524e-09,-0.6540384615384618,Decreasing,39.399375000000006,6.425177009964395
101_165,-0.1975806451612903,0.11571975521880828,-0.06653333333333322,No significant trend,37.1478125,2.1916556731940697
101_166,-0.32661290322580644,0.00903177754860196,-0.19642857142857112,Decreasing,34.141875,3.6977961658770484
101_167,-0.8185483870967742,5.111089329545848e-11,-0.6833928571428571,Decreasing,40.4790625,6.416601202824884
101_168,-0.7338709677419355,3.942868698203483e-09,-0.5469395711500973,Decreasing,37.517187500000006,5.613044647501367
101_169,-0.6693548387096774,7.977093474664798e-08,-0.4748571428571437,Decreasing,35.925625,5.188348688106362
101_17,-0.8467741935483871,1.0854206422550305e-11,-0.6216783216783217,Decreasing,38.539375,5.847125863137803
101_170,-0.5544354838709677,8.858614525264485e-06,-0.6103240740740739,Decreasing,35.6725,6.702695819593785
101_171,-0.4778225806451613,0.0001296708328921703,-0.46699999999999997,Decreasing,31.954375,5.5608592734733895
101_172,-0.12096774193548387,0.3386829866956895,-0.11685770750988138,No significant trend,28.879374999999996,4.756032312692483
101_173,-0.7701612903225806,6.472633540255401e-10,-0.5839285714285716,Decreasing,38.0353125,5.761115334928104
101_174,-0.8508064516129032,8.663292305755022e-12,-0.8667424242424242,Decreasing,42.581875,8.489916606444082
101_175,-0.8366935483870968,1.8986590077929577e-11,-0.5929166666666659,Decreasing,37.956875,5.767203307008952
101_176,-0.29838709677419356,0.017134045455555746,-0.24201372997711681,Decreasing,37.80625,4.238361822390816
101_177,-0.8185483870967742,5.111089329545848e-11,-0.7279608294930875,Decreasing,38.3165625,7.381196807333737
101_178,-0.4274193548387097,0.0006223743467113074,-0.5040000000000001,Decreasing,32.19,5.8129773997496335
101_179,-0.3084677419354839,0.013705116027189268,-0.21891666666666687,Decreasing,35.047812500000006,3.8736156675441813
101_18,-0.7318548387096774,4.348602589132611e-09,-0.4453333333333334,Decreasing,40.721875,4.521525211073693
101_180,-0.7620967741935484,9.740654949297323e-10,-0.552897877984085,Decreasing,39.1759375,5.69883697530415
101_181,0.7258064516129032,5.824971616164021e-09,0.6483333333333335,Increasing,25.6884375,6.279583539821232
101_182,-0.8508064516129032,8.663292305755022e-12,-1.0189035087719298,Decreasing,41.580625,9.699234485740355
101_183,-0.75,1.7844419275547807e-09,-0.6621969696969697,Decreasing,38.350625,6.626968074419477
101_184,-0.6391129032258065,2.984879994283318e-07,-0.5138515406162465,Decreasing,43.870625000000004,5.476369656019853
101_185,-0.4274193548387097,0.0006223743467113074,-0.41783333333333356,Decreasing,36.3771875,5.541229124918383
101_186,-0.4959677419354839,7.096380450022366e-05,-0.45716666666666667,Decreasing,43.99625,5.531521462265152
101_187,-0.03225806451612903,0.8078142165841911,-0.014333333333332851,No significant trend,36.1575,3.006549101544826
101_188,-0.7620967741935484,9.740654949297323e-10,-0.5200000000000001,Decreasing,34.091562499999995,5.03714087390791
101_189,-0.717741935483871,8.570263387852606e-09,-0.5325,Decreasing,33.118750000000006,5.299932635185093
101_19,-0.7258064516129032,5.824971616164021e-09,-0.4845454545454545,Decreasing,38.8153125,4.876363260909072
101_191,-0.7963709677419355,1.666657922783088e-10,-0.5270588235294115,Decreasing,31.0175,5.140842586580531
101_192,-0.8709677419354839,2.7626789744772395e-12,-0.7494070512820511,Decreasing,32.565625,7.034361617046355
101_193,-0.719758064516129,7.784594746595985e-09,-0.5900000000000005,Decreasing,51.6984375,6.189011991715136
101_194,0.6008064516129032,1.4625443411908634e-06,0.29683006535947715,Increasing,37.255937499999995,3.5478222716328043
101_195,-0.024193548387096774,0.8584237820523384,-0.021666666666666945,No significant trend,34.621875,3.562266165571433
101_196,-0.532258064516129,1.999674165320542e-05,-0.563733766233766,Decreasing,47.950625,6.973712666820666
101_197,-0.782258064516129,3.479141419404641e-10,-0.8026739130434783,Decreasing,42.315000000000005,7.790054556933475
101_198,-0.7620967741935484,9.740654949297323e-10,-0.5250000000000001,Decreasing,45.754374999999996,5.338742792959312
101_199,-0.4012096774193548,0.0013233944127710728,-0.2981250000000001,Decreasing,50.9775,4.375116427022258
101_2,-0.9133064516129032,2.304822999121825e-13,-0.5794736842105261,Decreasing,33.811875,5.5016074000581865
101_20,-0.8004032258064516,1.3474710236494047e-10,-0.4210555555555555,Decreasing,38.392187500000006,4.241992260700596
101_200,-0.5967741935483871,1.7196589441326182e-06,-0.4748589743589744,Decreasing,46.825312499999995,5.487670831267465
101_201,0.3629032258064516,0.00369907566941885,0.1025937031484257,Increasing,46.995625000000004,1.890105713809416
101_202,-0.17137096774193547,0.173140435185424,-0.07928571428571393,No significant trend,47.81281249999999,2.6211867951070853
101_203,-0.6491935483870968,1.934942726045108e-07,-0.39977272727272706,Decreasing,51.487812500000004,3.9983283494285144
101_204,-0.717741935483871,8.570263387852606e-09,-0.8448727272727272,Decreasing,45.798437500000006,7.375441558550495
101_205,-0.5806451612903226,3.253640496581056e-06,-0.20504608294930876,Decreasing,48.000625,2.584935852081246
101_206,-0.125,0.32256351748255696,-0.03105263157894733,No significant trend,29.945625,1.6972992103265117
101_207,0.016129032258064516,0.9096221353961886,0.009864532019704475,No significant trend,43.8634375,2.761987067057656
101_208,-0.5483870967741935,1.1094687683677051e-05,-0.2540489130434784,Decreasing,47.68375,3.008215573641623
101_209,-0.6350806451612904,3.54369133592769e-07,-0.6463602941176472,Decreasing,40.680625,6.345968177463152
101_21,-0.8024193548387096,1.21112231354914e-10,-0.4462745098039217,Decreasing,46.3640625,4.526761990771521
101_210,0.37701612903225806,0.0025591348086346777,0.17053921568627467,Increasing,48.376875,2.5154018534570177
101_211,-0.6129032258064516,8.942580020931956e-07,-0.34842592592592575,Decreasing,51.2971875,3.6027743080636827
101_212,-0.35080645161290325,0.005024693896646282,-0.18718750000000006,Decreasing,52.044062499999995,3.6371072463007947
101_213,-0.3346774193548387,0.0074570078953755115,-0.3323611111111106,Decreasing,50.65656250000001,5.307855975683002
101_214,-0.34274193548387094,0.0061330741504750375,-0.12595959595959613,Decreasing,46.598125,2.2442140014657688
101_215,0.20161290322580644,0.10839945747110935,0.07968750000000044,No significant trend,49.37625,2.786040817629922
101_216,-0.1310483870967742,0.299338497620361,-0.08324275362318863,No significant trend,47.694375,3.4979145014386783
101_217,-0.7157258064516129,9.432809422449395e-09,-0.42880701754385964,Decreasing,46.7621875,4.200453646910504
101_218,-0.41330645161290325,0.0009391233403026611,-0.23074999999999984,Decreasing,45.845937500000005,4.212944234272957
101_219,-0.10685483870967742,0.39908552967166067,-0.07240000000000024,No significant trend,38.9909375,4.998746317437378
101_22,-0.5362903225806451,1.7284429657316025e-05,-0.34309523809523845,Decreasing,44.39812500000001,3.610953334560695
101_220,0.2399193548387097,0.05567876996846799,0.09000000000000163,No significant trend,42.461875,1.9340298561229612
101_221,0.26814516129032256,0.03230858389449276,0.2191666666666669,Increasing,38.113749999999996,4.720542043822933
101_222,-0.018145161290322582,0.8967787608516904,-0.008192934782608505,No significant trend,47.56625,2.26185591660919
101_223,-0.7379032258064516,3.238943557803964e-09,-0.5388888888888891,Decreasing,45.1415625,5.662899052922783
101_224,0.19556451612903225,0.11952284590988049,0.05745726495726499,No significant trend,40.02875,1.7652226311431656
101_225,-0.5665322580645161,5.609253585836527e-06,-0.4489130434782606,Decreasing,48.64,4.838491500457555
101_226,-0.6693548387096774,7.977093474664798e-08,-0.598,Decreasing,39.81125,6.928465175455528
101_227,-0.3225806451612903,0.00992544145265839,-0.2847089947089948,Decreasing,47.265625,4.544353596428759
101_228,-0.8266129032258065,3.299827078251383e-11,-0.6388888888888888,Decreasing,46.532187500000006,5.930509429201151
101_229,0.7358870967741935,3.574073925705079e-09,0.5015142857142858,Increasing,32.6109375,4.876287880764809
101_23,-0.5745967741935484,4.115299975682163e-06,-0.41813577586206896,Decreasing,37.671875,4.480485769911004
101_230,-0.3951612903225806,0.001565774864560776,-0.17648221343873527,Decreasing,42.665,2.757201933119879
101_231,0.23588709677419356,0.0599571524375313,0.06433035714285712,No significant trend,34.8271875,1.5999047518036034
101_232,-0.6431451612903226,2.5116283208781454e-07,-0.342583333333333,Decreasing,54.1021875,3.5485047329605965
101_233,0.6834677419354839,4.225433603011197e-08,0.2976785714285717,Increasing,36.131249999999994,3.1015245747051567
101_234,0.6108870967741935,9.712842008458011e-07,0.34956349206349197,Increasing,41.284062500000005,3.816332384776482
101_235,-0.6451612903225806,2.303051436225445e-07,-0.5492857142857142,Decreasing,43.2240625,5.790671301420393
101_236,-0.6411290322580645,2.738397213430943e-07,-0.7500000000000002,Decreasing,62.196875000000006,8.520262773786675
101_237,-0.3951612903225806,0.001565774864560776,-0.30840909090909085,Decreasing,36.6590625,4.0479519199335545
101_238,-0.6975806451612904,2.210337290975417e-08,-0.7028354978354978,Decreasing,37.861875000000005,7.20432441207189
101_239,-0.8588709677419355,5.501599176227501e-12,-0.7431249999999996,Decreasing,42.824687499999996,7.048354854314853
101_24,-0.782258064516129,3.479141419404641e-10,-0.5239878542510121,Decreasing,40.238125,5.225565422456693
101_240,-0.4032258064516129,0.0012506303657648932,-0.27150297619047625,Decreasing,41.4453125,4.1848446688430085
101_241,-0.625,5.418056365780188e-07,-0.4995919540229884,Decreasing,44.921875,5.322132113577696
101_242,-0.6834677419354839,4.225433603011197e-08,-0.4519617224880381,Decreasing,45.846562500000005,4.738038629917844
101_243,-0.4314516129032258,0.0005521233561254224,-0.31510467980295565,Decreasing,43.2103125,4.067337492432088
101_244,-0.4637096774193548,0.00020435771038096462,-0.27674999999999994,Decreasing,43.189375,3.582809597142304
101_245,-0.8629032258064516,4.377387341492067e-12,-0.54535,Decreasing,31.185624999999998,5.159366444571949
101_246,-0.8104838709677419,7.883982355849639e-11,-0.7074342105263156,Decreasing,39.26875,7.17156004210381
101_247,-0.8508064516129032,8.663292305755022e-12,-0.8047272727272723,Decreasing,42.900000000000006,7.342970703332542
101_248,-0.655241935483871,1.4872514997321673e-07,-0.7039285714285715,Decreasing,43.8396875,7.10960375318792
101_249,-0.7338709677419355,3.942868698203483e-09,-0.5293095238095239,Decreasing,39.308125000000004,5.442928001946655
101_25,-0.36693548387096775,0.0033335638107387933,-0.2205555555555559,Decreasing,49.529062499999995,3.7391562880005096
101_250,-0.6149193548387096,8.23131043548031e-07,-0.49694117647058805,Decreasing,35.352500000000006,4.875951189255282
101_251,-0.907258064516129,3.3084646133829665e-13,-0.696076923076923,Decreasing,41.7353125,6.539439475394183
101_252,-0.7661290322580645,7.944338520360361e-10,-0.5833333333333335,Decreasing,39.0909375,5.3367706523789975
101_253,-0.6008064516129032,1.4625443411908634e-06,-0.5592708333333334,Decreasing,49.7184375,6.314652162518039
101_254,-0.6149193548387096,8.23131043548031e-07,-0.3168333333333333,Decreasing,46.7740625,3.691980210008411
101_255,-0.4314516129032258,0.0005521233561254224,-0.30452380952380964,Decreasing,42.949375,4.530126886674919
101_256,-0.5282258064516129,2.31113806963279e-05,-0.3164327485380119,Decreasing,45.3284375,3.8730576659267224
101_257,-0.6774193548387096,5.5566278689411774e-08,-0.43077692307692295,Decreasing,35.2209375,4.386413226782647
101_258,-0.7842741935483871,3.1343416750928554e-10,-0.7865277777777778,Decreasing,37.1765625,7.882621950125082
101_259,0.3467741935483871,0.005553981920621398,0.33702380952380956,Increasing,34.71875,5.3868791695656215
101_26,-0.8971774193548387,6.017408793468348e-13,-0.7846801346801349,Decreasing,38.033125000000005,7.315699487019338
101_260,0.6895161290322581,3.2057687171516136e-08,0.36729166666666674,Increasing,32.59125,3.6582985713990044
101_261,0.2782258064516129,0.026306692194792536,0.191666666666667,Increasing,32.2446875,3.8039247695431295
101_262,-0.8185483870967742,5.111089329545848e-11,-0.4570833333333342,Decreasing,34.915625000000006,4.694551987077681
101_263,-0.8467741935483871,1.0854206422550305e-11,-0.8541666666666665,Decreasing,36.3734375,7.881244987855267
101_264,-0.6794354838709677,5.073125608490159e-08,-0.7424222222222223,Decreasing,43.019999999999996,7.4467635587549035
101_265,-0.6915322580645161,2.9223376829534686e-08,-0.4253983516483516,Decreasing,35.7965625,4.657160890348727
101_266,-0.5040322580645161,5.3932561817182645e-05,-0.4779999999999999,Decreasing,38.8290625,5.635495408222222
101_267,-0.8830645161290323,1.3746781490908688e-12,-0.66325,Decreasing,38.093125,6.210288558865442
101_268,-0.8266129032258065,3.299827078251383e-11,-1.2272916666666667,Decreasing,37.10875,11.332544603375714
101_269,-0.625,5.418056365780188e-07,-0.4627083333333335,Decreasing,43.3984375,5.5495935151679125
101_27,-0.9032258064516129,4.205524817280093e-13,-0.8269047619047619,Decreasing,37.37468749999999,7.843748300547625
101_270,-0.7943548387096774,1.8528600875811208e-10,-1.1608823529411767,Decreasing,47.0571875,11.296220395107548
101_271,-0.6108870967741935,9.712842008458011e-07,-0.7442666666666662,Decreasing,40.921875,8.673341857921605
101_272,-0.5705645161290323,4.806988263883483e-06,-0.28600000000000003,Decreasing,41.309062499999996,3.4181348709630734
101_273,-0.8205645161290323,4.583267099178556e-11,-0.6501833333333331,Decreasing,34.7428125,6.094798106979734
101_274,-0.4879032258064516,9.2999707930419e-05,-0.30162727272727274,Decreasing,49.2471875,4.075224866782659
101_275,-0.4717741935483871,0.00015781793261271382,-0.3209999999999995,Decreasing,34.59,3.843617274131232
101_276,-0.4596774193548387,0.00023219814177166676,-0.1752500000000003,Decreasing,40.6153125,2.621331942418538
101_277,-0.717741935483871,8.570263387852606e-09,-0.5674999999999999,Decreasing,45.5559375,6.130952647924607
101_278,-0.6290322580645161,4.5753051591823635e-07,-0.27791666666666653,Decreasing,50.933749999999996,2.8637134436776317
101_279,-0.6330645161290323,3.859708492814917e-07,-0.7747826086956522,Decreasing,44.5671875,8.224263353932907
101_28,-0.8245967741935484,3.682676386063122e-11,-0.509,Decreasing,40.89125,4.94224629470244
101_280,-0.5443548387096774,1.2874583818822671e-05,-0.3011890838206628,Decreasing,36.498749999999994,3.668340692670189
101_281,-0.592741935483871,2.019923096563403e-06,-0.608,Decreasing,40.3884375,6.302425182704967
101_282,-0.3971774193548387,0.001480776176757681,-0.14031045751633978,Decreasing,45.045312499999994,2.3953574685928927
101_283,-0.3709677419354839,0.0030012397054521855,-0.1975000000000003,Decreasing,39.050625000000004,2.9571491101016534
101_284,-0.7782258064516129,4.2833958602273015e-10,-0.5004166666666665,Decreasing,44.543125,4.70912441270933
101_285,-0.8266129032258065,3.299827078251383e-11,-0.6047802197802197,Decreasing,41.120937500000004,5.737521437528033
101_286,0.22782258064516128,0.06933314292875958,0.15574999999999975,No significant trend,40.6765625,2.7304264884068483
101_287,-0.6209677419354839,6.409512869343104e-07,-0.573425925925926,Decreasing,48.35875,6.3337818234842915
101_288,-0.23387096774193547,0.062196528651478955,-0.12816666666666698,No significant trend,51.95625,2.823012298503144
101_289,-0.7459677419354839,2.178956348686256e-09,-0.4451286764705884,Decreasing,38.466875,4.738880694254182
101_29,-0.8649193548387096,3.903322109977125e-12,-0.6210507246376809,Decreasing,44.700937499999995,5.740638226372896
101_290,-0.7661290322580645,7.944338520360361e-10,-0.42756493506493526,Decreasing,37.997187499999995,4.170949557935669
101_291,-0.6794354838709677,5.073125608490159e-08,-0.30909090909091025,Decreasing,42.32781249999999,3.1701781637383966
101_292,-0.3185483870967742,0.010897045103689385,-0.19833333333333328,Decreasing,55.335625,3.2136952421433804
101_293,-0.7923387096774194,2.0593349248088089e-10,-0.6778863636363638,Decreasing,37.4278125,6.510477005553722
101_294,-0.7580645161290323,1.193087628692524e-09,-0.5162946428571429,Decreasing,43.42218749999999,5.1495410805084125
101_295,-0.6814516129032258,4.630511263314929e-08,-0.7458269230769232,Decreasing,42.759375,8.13413637759873
101_296,-0.6915322580645161,2.9223376829534686e-08,-0.7844642857142855,Decreasing,38.5515625,7.810055661363352
101_297,0.31048387096774194,0.013097125487301797,0.276411238825032,Increasing,41.883125,4.613152011843421
101_298,-0.2963709677419355,0.017903776568633623,-0.23490740740740745,Decreasing,31.3271875,4.171948910862135
101_299,-0.5846774193548387,2.7784224061466745e-06,-0.2943333333333335,Decreasing,45.81999999999999,3.577349752260744
101_3,-0.40725806451612906,0.0011160599546666816,-0.3313942307692308,Decreasing,41.3221875,5.229200903564879
101_30,-0.8306451612903226,2.6473268022186858e-11,-0.6634415584415583,Decreasing,35.29875,6.157821626801153
101_300,-0.7963709677419355,1.666657922783088e-10,-0.4717582417582418,Decreasing,38.05875,4.9973760302282635
101_301,-0.7681451612903226,7.171752081092109e-10,-0.5836363636363637,Decreasing,39.282812500000006,5.411908301592309
101_302,0.37701612903225806,0.0025591348086346777,0.15078947368421058,Increasing,46.7959375,2.743832697358523
101_303,-0.8870967741935484,1.0869083411080283e-12,-0.7341826923076921,Decreasing,44.6490625,6.844022647251669
101_304,-0.7338709677419355,3.942868698203483e-09,-0.4878846153846149,Decreasing,46.864062499999996,5.039242167339625
101_305,-0.6088709677419355,1.054676987966019e-06,-0.33034482758620676,Decreasing,44.0871875,3.72426606391699
101_306,-0.5745967741935484,4.115299975682163e-06,-0.46382894736842095,Decreasing,48.64875,4.64765515475277
101_307,-0.7560483870967742,1.3199186188472822e-09,-0.3784962406015038,Decreasing,38.582812499999996,3.797746234919303
101_308,-0.2661290322580645,0.03364043981005893,-0.1601724137931017,Decreasing,46.046875,3.4353424479045755
101_309,-0.6088709677419355,1.054676987966019e-06,-0.4294117647058824,Decreasing,44.051875,4.337957063454525
101_31,-0.6935483870967742,2.6632843708185305e-08,-0.6782954545454546,Decreasing,40.3909375,6.63106013365086
101_310,-0.7661290322580645,7.944338520360361e-10,-0.4903703703703704,Decreasing,41.805625,4.901432148808652
101_311,-0.9213709677419355,1.4166445794216997e-13,-0.757043010752688,Decreasing,42.0734375,7.097570275002125
101_312,-0.7782258064516129,4.2833958602273015e-10,-0.7391666666666665,Decreasing,42.6725,7.177804330016248
101_313,-0.6028225806451613,1.3482705789602534e-06,-0.30100000000000027,Decreasing,47.1178125,3.2594542625788985
101_314,-0.5705645161290323,4.806988263883483e-06,-0.4129323308270676,Decreasing,46.2303125,4.79856715878227
101_315,-0.4717741935483871,0.00015781793261271382,-0.30380952380952464,Decreasing,45.874375,3.9776177995598068
101_316,-0.6149193548387096,8.23131043548031e-07,-0.34745098039215716,Decreasing,41.3334375,4.029081478276872
101_317,0.2862903225806452,0.02222386181408309,0.12956521739130453,Increasing,36.612812500000004,2.951396104362095
101_318,-0.6088709677419355,1.054676987966019e-06,-0.37198717948717996,Decreasing,44.449687499999996,4.133233815953769
101_319,-0.75,1.7844419275547807e-09,-1.3030944055944054,Decreasing,58.5640625,12.541004709396043
101_32,-0.7862903225806451,2.8229885096209273e-10,-0.6836666666666666,Decreasing,37.7975,6.9844031598984895
101_320,-0.46169354838709675,0.00021786074656704457,-0.34392857142857114,Decreasing,47.358125,4.766125547483512
101_321,-0.8125,7.077094466012568e-11,-0.4713571428571429,Decreasing,45.45375,4.451825292787218
101_322,-0.4657258064516129,0.0001916438218019234,-0.3624038461538466,Decreasing,45.3915625,4.671914161625163
101_323,-0.782258064516129,3.479141419404641e-10,-0.4736904761904762,Decreasing,34.1334375,4.898222642815836
101_324,-0.14112903225806453,0.2631677566593238,-0.05500000000000016,No significant trend,41.093125,2.4131869973905875
101_325,-0.625,5.418056365780188e-07,-0.4865625,Decreasing,50.394375000000004,5.304988181831793
101_326,-0.4254032258064516,0.0006605386079836517,-0.36251111111111123,Decreasing,48.53,4.615586365782792
101_327,-0.1350806451612903,0.2844906362403654,-0.1296428571428572,No significant trend,42.3865625,4.259723149289604
101_328,-0.5504032258064516,1.0295362178336376e-05,-0.5031666666666668,Decreasing,46.2775,5.9787268711658
101_329,-0.4879032258064516,9.2999707930419e-05,-0.2630588235294118,Decreasing,45.69125,3.5170742013071035
101_33,-0.7580645161290323,1.193087628692524e-09,-0.7444791666666661,Decreasing,36.60875,7.2086492103236655
101_330,-0.6088709677419355,1.054676987966019e-06,-0.384173913043478,Decreasing,42.416250000000005,4.158990074224751
101_331,-0.8266129032258065,3.299827078251383e-11,-0.46629347826086964,Decreasing,42.4615625,4.572102299117305
101_332,-0.6189516129032258,6.968673158525007e-07,-0.2870454545454546,Decreasing,44.056875000000005,3.8183049556544066
101_333,-0.6915322580645161,2.9223376829534686e-08,-0.6769696969696972,Decreasing,30.140625,6.890267110887284
101_334,-0.5625,6.538795176869172e-06,-0.37111111111111117,Decreasing,34.535937499999996,4.5262400644567835
101_335,-0.3548387096774194,0.004541435280679185,-0.20038461538461677,Decreasing,38.2403125,3.260652239559403
101_336,-0.5362903225806451,1.7284429657316025e-05,-0.25182773109243684,Decreasing,31.48,3.1906983953360433
101_337,-0.6088709677419355,1.054676987966019e-06,-0.5253764705882352,Decreasing,37.548125,5.980931907685875
101_338,-0.3548387096774194,0.004541435280679185,-0.27898148148148155,Decreasing,40.673437500000006,4.154285144112492
101_339,-0.7983870967741935,1.4987833196755673e-10,-0.40376984126984183,Decreasing,50.67125,3.9668278810026534
101_34,-0.8024193548387096,1.21112231354914e-10,-0.7495833333333328,Decreasing,37.44562499999999,7.171116517626456
101_340,-0.33064516129032256,0.008210665350528501,-0.21111111111111136,Decreasing,43.533125,3.520504613599449
101_341,-0.6915322580645161,2.9223376829534686e-08,-0.5287318840579709,Decreasing,29.416562499999998,5.788766929026747
101_342,-0.6209677419354839,6.409512869343104e-07,-0.2627272727272726,Decreasing,28.403437500000003,2.6491727592955785
101_343,-0.4375,0.0004604747348062599,-0.1527717391304348,Decreasing,36.316562499999996,2.2381655565649625
101_344,-0.6713709677419355,7.29042284319803e-08,-0.5402272727272723,Decreasing,50.2428125,5.706550640697387
101_345,-0.5383064516129032,1.606344972238105e-05,-0.3001212121212123,Decreasing,36.8021875,3.828174119582827
101_346,0.11290322580645161,0.37244389624576013,0.028705882352941234,No significant trend,41.3765625,2.509540059172945
101_347,0.8104838709677419,7.883982355849639e-11,0.9721052631578947,Increasing,42.0709375,9.266721156703364
101_348,-0.6532258064516129,1.6240138478451627e-07,-0.28243589743589725,Decreasing,48.22375,3.0421186593392435
101_349,-0.6370967741935484,3.252720022217659e-07,-0.3831818181818182,Decreasing,38.474375,4.115820040936557
101_35,-0.6935483870967742,2.6632843708185305e-08,-0.4910416666666667,Decreasing,41.2234375,5.176152413578424
101_350,-0.125,0.32256351748255696,-0.07963478260869566,No significant trend,43.441874999999996,3.154618080588362
101_351,0.3467741935483871,0.005553981920621398,0.22563492063492058,Increasing,48.231875,3.976046589814435
101_352,-0.32056451612903225,0.010401152469125874,-0.2909583333333332,Decreasing,46.3653125,4.544559236311455
101_353,-0.5806451612903226,3.253640496581056e-06,-0.4542857142857143,Decreasing,38.995000000000005,5.10521240988071
101_354,-0.6532258064516129,1.6240138478451627e-07,-0.48291666666666655,Decreasing,45.26875,5.185397616142854
101_355,-0.43951612903225806,0.0004332251570231538,-0.3134523809523806,Decreasing,44.084062499999995,4.282694726582055
101_356,-0.4879032258064516,9.2999707930419e-05,-0.4537445887445887,Decreasing,49.99375,6.076001846403603
101_357,-0.5524193548387096,9.551213337788411e-06,-0.42679166666666707,Decreasing,44.681875000000005,4.960205664523902
101_358,-0.532258064516129,1.999674165320542e-05,-0.3467500000000001,Decreasing,48.584999999999994,4.243105437059041
101_359,-0.6491935483870968,1.934942726045108e-07,-0.2543749999999996,Decreasing,43.781875,3.072451624415753
101_36,-0.5685483870967742,5.193307037965056e-06,-0.5041183574879227,Decreasing,36.029375,5.987649756738866
101_360,-0.5705645161290323,4.806988263883483e-06,-0.3434640522875816,Decreasing,47.5978125,3.8710049844767376
101_361,-0.5524193548387096,9.551213337788411e-06,-0.5223369565217391,Decreasing,34.4334375,6.224845183504065
101_362,-0.9092741935483871,2.9332092310596636e-13,-0.7755000000000001,Decreasing,42.416875000000005,7.341483772669869
101_363,-0.6189516129032258,6.968673158525007e-07,-0.48693014705882354,Decreasing,40.314375,5.429063534291618
101_364,-0.4032258064516129,0.0012506303657648932,-0.14027368421052633,Decreasing,42.346875,2.218293879172685
101_365,-0.7076612903225806,1.38075384459313e-08,-0.49475935828877005,Decreasing,46.097187500000004,4.885559867082149
101_366,-0.6774193548387096,5.5566278689411774e-08,-0.37999999999999945,Decreasing,43.383125,3.8415942633723055
101_367,-0.12903225806451613,0.3069529533583135,-0.09486666666666652,No significant trend,45.3921875,4.082571749503461
101_368,-0.46774193548387094,0.0001796761088148635,-0.24021739130434777,Decreasing,45.846875,3.3246470089883227
101_369,-0.6875,3.5157899258564385e-08,-0.5864705882352923,Decreasing,47.706250000000004,6.220455545014368
101_37,-0.8185483870967742,5.111089329545848e-11,-0.5246470588235294,Decreasing,35.128437500000004,4.989073128707751
101_370,-0.8467741935483871,1.0854206422550305e-11,-0.5213025210084032,Decreasing,46.4446875,4.949056718440772
101_371,-0.6330645161290323,3.859708492814917e-07,-0.3550000000000004,Decreasing,49.107499999999995,3.8395011069148035
101_372,-0.7963709677419355,1.666657922783088e-10,-0.9243249999999996,Decreasing,45.74875,8.78043661713357
101_373,-0.5645161290322581,6.056982383206844e-06,-0.4628472222222225,Decreasing,44.40625,5.084287529979004
101_374,-0.5685483870967742,5.193307037965056e-06,-0.49424999999999997,Decreasing,38.5240625,5.511162456423667
101_375,-0.532258064516129,1.999674165320542e-05,-0.5387652173913042,Decreasing,48.488437499999996,6.048950895287028
101_376,-0.32056451612903225,0.010401152469125874,-0.2480769230769232,Decreasing,46.87625,4.318363948013183
101_377,0.04838709677419355,0.7091645038629479,0.06129629629629621,No significant trend,41.155625,4.884905921240961
101_378,-0.40725806451612906,0.0011160599546666816,-0.3259752747252747,Decreasing,36.9534375,4.889604156636174
101_379,-0.7963709677419355,1.666657922783088e-10,-0.36310276679841874,Decreasing,43.8984375,3.770678080079729
101_38,-0.842741935483871,1.3585577107733116e-11,-0.8966666666666672,Decreasing,42.498125,8.325913027072467
101_380,-0.6330645161290323,3.859708492814917e-07,-0.4950925925925922,Decreasing,45.5515625,5.2937316170725675
101_381,0.0,1.0,0.00228632478632465,No significant trend,42.604375000000005,2.665240300493559
101_382,-0.4939516129032258,7.595584729669369e-05,-0.44636904761904755,Decreasing,51.2565625,5.139356482926025
101_383,-0.7701612903225806,6.472633540255401e-10,-0.8103637566137565,Decreasing,39.74875,8.181188311455738
101_384,-0.8306451612903226,2.6473268022186858e-11,-0.7236813186813181,Decreasing,39.481875,6.613967907721884
101_385,-0.6995967741935484,2.0128545274999965e-08,-0.7133333333333335,Decreasing,53.54125,7.081960246817261
101_386,-0.6633064516129032,1.0434107045043106e-07,-0.5062500000000005,Decreasing,45.1190625,4.738645217368964
101_387,-0.7842741935483871,3.1343416750928554e-10,-0.5717391304347827,Decreasing,42.978750000000005,5.501355372769514
101_388,-0.42338709677419356,0.0007008697006916087,-0.20274999999999954,Decreasing,42.751562500000006,3.1448262167556646
101_389,0.6733870967741935,6.661159712706421e-08,0.26598214285714294,Increasing,36.863125000000004,2.9074220083047804
101_39,-0.6733870967741935,6.661159712706421e-08,-0.7320833333333328,Decreasing,43.5453125,6.8927230578591905
101_390,-0.6955645161290323,2.4265743192586342e-08,-0.6212237762237762,Decreasing,41.623437499999994,6.442106414721334
101_391,-0.6471774193548387,2.1112575954163049e-07,-0.4519047619047623,Decreasing,46.5540625,4.930209718774015
101_392,-0.8346774193548387,2.121680608979659e-11,-0.44435294117647034,Decreasing,38.811875,4.281212910423283
101_393,-0.6733870967741935,6.661159712706421e-08,-0.6804871794871795,Decreasing,47.431875000000005,7.060347210610467
101_394,-0.49193548387096775,8.127869954099864e-05,-0.2498534798534799,Decreasing,42.6959375,3.6318477213525555
101_395,-0.7076612903225806,1.38075384459313e-08,-0.4807894736842111,Decreasing,33.291250000000005,4.93769350886626
101_396,-0.625,5.418056365780188e-07,-0.6653947368421056,Decreasing,38.208437499999995,6.120471340803236
101_397,-0.5826612903225806,3.0070381287217174e-06,-0.3045238095238094,Decreasing,42.554375,3.5631516399635585
101_398,-0.6149193548387096,8.23131043548031e-07,-0.340291666666667,Decreasing,43.643125,3.6444087633490017
101_399,-0.10887096774193548,0.3900801527621489,-0.06389200561009822,No significant trend,49.53031250000001,4.412180218139753
101_4,-0.7580645161290323,1.193087628692524e-09,-0.6172556390977445,Decreasing,39.08125,5.869444580835567
101_40,-0.375,0.0026994076056261473,-0.23118589743589718,Decreasing,44.374375,3.4715539905602792
101_400,-0.6169354838709677,7.574687868050489e-07,-0.47100000000000025,Decreasing,46.831875,5.26065195430899
101_401,-0.7056451612903226,1.5177737733296226e-08,-0.4933928571428568,Decreasing,50.12375,4.971554554412532
101_402,-0.6995967741935484,2.0128545274999965e-08,-0.4545634920634918,Decreasing,45.4375,5.1412382992816035
101_403,-0.34274193548387094,0.0061330741504750375,-0.1953713527851459,Decreasing,40.07749999999999,3.05460512996361
101_404,-0.5181451612903226,3.304303154827437e-05,-0.33960000000000046,Decreasing,44.3540625,4.2543535491416025
101_405,-0.7923387096774194,2.0593349248088089e-10,-0.5418095238095233,Decreasing,40.284062500000005,5.119238749178803
101_406,-0.008064516129032258,0.9611987334080325,-0.004000000000000271,No significant trend,54.3146875,5.166375654396779
101_407,0.22379032258064516,0.07445456944820861,0.07631239935587748,No significant trend,38.799375,2.270923459602943
101_408,0.20967741935483872,0.09486107679233946,0.09681818181818161,No significant trend,39.348749999999995,2.4430536092153194
101_409,0.3911290322580645,0.001749399716013178,0.2565096774193548,Increasing,43.5553125,3.461129678637273
101_41,-0.8064516129032258,9.776668363770114e-11,-0.6136545454545457,Decreasing,39.120000000000005,6.051949066209993
101_410,0.5625,6.538795176869172e-06,0.20236111111111105,Increasing,37.688125,2.310794556938154
101_411,0.23790322580645162,0.05778505532796996,0.12790570175438598,No significant trend,37.6003125,2.5139454602961755
101_412,0.34274193548387094,0.0061330741504750375,0.17136363636363616,Increasing,36.7596875,2.639294986799268
101_413,0.17943548387096775,0.15356609546635402,0.07683333333333298,No significant trend,32.2440625,2.3012195942790314
101_414,0.10887096774193548,0.3900801527621489,0.06101674641148326,No significant trend,42.40375,2.658517855403646
101_415,-0.28830645161290325,0.021293682001457093,-0.15859782608695655,Decreasing,33.694374999999994,2.9295455465609335
101_416,-0.8145161290322581,6.351164039131163e-11,-0.6125657894736842,Decreasing,32.0903125,5.8151260113039465
101_417,-0.6008064516129032,1.4625443411908634e-06,-0.3199999999999998,Decreasing,35.7040625,3.273842218417642
101_418,-0.6774193548387096,5.5566278689411774e-08,-0.4682932692307692,Decreasing,30.3003125,5.47575650274405
101_419,0.45564516129032256,0.00026356866715215865,0.31267857142857125,Increasing,39.235937500000006,4.413966370634664
101_42,-0.1935483870967742,0.12342316732733916,-0.16728070175438592,No significant trend,48.2825,4.895121295739259
101_420,0.18548387096774194,0.14002518868117475,0.07866161616161593,No significant trend,30.99,2.3480936416591223
101_421,0.2600806451612903,0.03792115065551127,0.13696969696969713,Increasing,40.1921875,3.4156375085544064
101_422,0.40725806451612906,0.0011160599546666816,0.1894375,Increasing,37.212500000000006,3.1245469671618
101_423,0.6955645161290323,2.4265743192586342e-08,0.49632352941176483,Increasing,33.3690625,4.995055905202038
101_424,0.6633064516129032,1.0434107045043106e-07,0.506,Increasing,32.640625,5.571577950578723
101_425,-0.5040322580645161,5.3932561817182645e-05,-0.4078409090909092,Decreasing,42.5640625,4.80747325744967
101_426,-0.3911290322580645,0.001749399716013178,-0.29595108695652184,Decreasing,38.05625,4.313076591888904
101_427,0.3004032258064516,0.016393501482819373,0.27338942307692304,Increasing,30.443749999999998,5.846451781850254
101_428,-0.3024193548387097,0.015681225244583263,-0.1366923076923075,Decreasing,33.5165625,2.3564361456644116
101_429,-0.6108870967741935,9.712842008458011e-07,-0.48098947368421047,Decreasing,45.1265625,5.455428838193543
101_43,-0.6209677419354839,6.409512869343104e-07,-0.6193518518518522,Decreasing,39.9603125,6.591585774860534
101_430,-0.7983870967741935,1.4987833196755673e-10,-0.8166911764705885,Decreasing,49.2578125,7.701577246891948
101_431,-0.7762096774193549,4.750932980357447e-10,-0.4463624338624339,Decreasing,36.70875,4.204446864630352
101_432,-0.8286290322580645,2.956013211985464e-11,-0.48176877470355745,Decreasing,41.53,4.761218331477774
101_433,-0.7358870967741935,3.574073925705079e-09,-0.7404782608695655,Decreasing,44.2740625,7.0166261743870715
101_434,0.11290322580645161,0.37244389624576013,0.04784722222222218,No significant trend,47.0696875,2.8906265371617534
101_435,-0.07258064516129033,0.5703230029200781,-0.01708333333333408,No significant trend,43.0025,1.6193633008068327
101_436,-0.07862903225806452,0.5377458862517748,-0.031682352941176425,No significant trend,45.0534375,3.0359981980550894
101_437,-0.6048387096774194,1.242609917628812e-06,-0.3484444444444445,Decreasing,47.0553125,4.147961083754734
101_438,-0.3125,0.012513111296831969,-0.08971786833855813,Decreasing,45.9,1.8783420215711515
101_439,-0.8266129032258065,3.299827078251383e-11,-0.5076811594202892,Decreasing,48.4225,4.996278615129465
101_44,-0.7439516129032258,2.4068798065712826e-09,-0.60526455026455,Decreasing,39.084374999999994,6.166645632706244
101_440,-0.2217741935483871,0.07712890370635717,-0.0823717948717951,No significant trend,37.1534375,1.9458394868523328
101_441,-0.7258064516129032,5.824971616164021e-09,-0.5480217785843919,Decreasing,34.227500000000006,5.33356705217062
101_442,-0.7943548387096774,1.8528600875811208e-10,-0.46514705882352947,Decreasing,36.610937500000006,4.4605376353186115
101_443,-0.7762096774193549,4.750932980357447e-10,-0.7000000000000004,Decreasing,47.565312500000005,6.61245604161901
101_444,-0.4495967741935484,0.000318152821317641,-0.4052777777777784,Decreasing,45.3328125,4.943311285448626
101_445,-0.7036290322580645,1.667963900331415e-08,-0.650588235294117,Decreasing,43.625,6.720702623238138
101_446,-0.7096774193548387,1.2557821005287906e-08,-0.6125155279503105,Decreasing,41.418437499999996,6.234055215796034
101_447,-0.4838709677419355,0.00010630450788085,-0.4688333333333335,Decreasing,48.099375,6.143919218168073
101_448,-0.5282258064516129,2.31113806963279e-05,-0.3912500000000001,Decreasing,41.1028125,4.548157067961017
101_449,0.11182795698924732,0.3860421406420662,0.08956521739130445,No significant trend,37.387741935483874,4.703703214851327
101_45,-0.9475806451612904,2.842170943040401e-14,-0.7559999999999999,Decreasing,38.396249999999995,7.020929314378547
101_450,-0.5564516129032258,8.214164165520899e-06,-0.301309523809524,Decreasing,37.9371875,3.669316382494667
101_451,-0.6209677419354839,6.409512869343104e-07,-0.42000000000000004,Decreasing,35.0253125,4.638625863587594
101_452,-0.02620967741935484,0.8457081092653058,-0.01268181818181821,No significant trend,58.2465625,2.3302355156922974
101_453,0.28830645161290325,0.021293682001457093,0.10710317460317478,Increasing,39.998125,2.0561651768218914
101_454,0.13306451612903225,0.2918511202475407,0.041776556776556756,No significant trend,41.0040625,1.9238533262943278
101_455,-0.7338709677419355,3.942868698203483e-09,-0.7204242424242422,Decreasing,48.01875,7.506636542919871
101_456,-0.8467741935483871,1.0854206422550305e-11,-1.0921978021978025,Decreasing,60.7134375,9.725852022244311
101_457,-0.782258064516129,3.479141419404641e-10,-0.5469047619047621,Decreasing,42.031875,5.449273138169438
101_458,-0.8024193548387096,1.21112231354914e-10,-0.7242121212121213,Decreasing,36.794687499999995,6.838264118352241
101_459,-0.6854838709677419,3.854806762682017e-08,-0.7485251322751323,Decreasing,34.807812500000004,7.813509428537458
101_46,-0.7459677419354839,2.178956348686256e-09,-0.6969696969696968,Decreasing,38.386875,6.27146735097736
101_460,-0.7580645161290323,1.193087628692524e-09,-0.6009920634920634,Decreasing,40.11625,5.686704752095012
101_461,-0.06854838709677419,0.5925510100829448,-0.036038647342995264,No significant trend,49.0046875,2.9525835978586197
101_462,-0.5483870967741935,1.1094687683677051e-05,-0.48377391304347817,Decreasing,40.3909375,5.765379085202789
101_463,-0.7661290322580645,7.944338520360361e-10,-0.9400649350649349,Decreasing,45.03,9.26844310011126
101_464,-0.6391129032258065,2.984879994283318e-07,-0.29205357142857136,Decreasing,46.60875,3.4466068005358537
101_465,-0.018145161290322582,0.8967787608516904,-0.007916666666665684,No significant trend,41.4621875,3.6111509023916115
101_466,0.07056451612903226,0.581387322246115,0.03569999999999986,No significant trend,48.405,3.3348772466164327
101_467,-0.46169354838709675,0.00021786074656704457,-0.3724444444444444,Decreasing,33.96062499999999,4.606483839044158
101_468,-0.7721774193548387,5.84016834892509e-10,-0.46594155844155827,Decreasing,38.3065625,4.857008859225372
101_469,-0.8185483870967742,5.111089329545848e-11,-0.6324561403508773,Decreasing,39.76375,6.151124262075999
101_47,-0.6688172043010753,1.3725173086953646e-07,-0.9854545454545458,Decreasing,56.89741935483872,10.32057793072372
101_470,-0.8346774193548387,2.121680608979659e-11,-0.9004444444444446,Decreasing,36.115625,8.468552834420707
101_471,-0.8346774193548387,2.121680608979659e-11,-0.878090909090909,Decreasing,40.644062500000004,8.499621263391314
101_472,-0.39919354838709675,0.0014000474750610614,-0.30064777327935244,Decreasing,34.423437500000006,4.375947475529585
101_473,-0.8649193548387096,3.903322109977125e-12,-0.5724999999999998,Decreasing,40.71062500000001,5.386320020141302
101_474,-0.7842741935483871,3.1343416750928554e-10,-0.683749999999999,Decreasing,37.777499999999996,6.617412164131837
101_475,-0.4092741935483871,0.0010539167533933913,-0.19874999999999954,Decreasing,45.2540625,2.7634261562585216
101_476,0.06854838709677419,0.5925510100829448,0.04994485294117621,No significant trend,39.573125,2.8097146624479508
101_477,0.16129032258064516,0.2001586151353414,0.0742647058823526,No significant trend,39.861875,2.804395475744283
101_478,0.5241935483870968,2.6684265470366952e-05,0.48984615384615404,Increasing,35.4015625,5.892147374565045
101_479,-0.5403225806451613,1.4924957946416129e-05,-0.4393181818181824,Decreasing,42.0034375,5.436577283419574
101_48,0.3407258064516129,0.006442543344656437,0.22035000000000005,Increasing,42.8215625,3.758048121511185
101_480,-0.5423387096774194,1.3863660637269959e-05,-0.4064285714285715,Decreasing,36.225625,4.744330786251629
101_481,0.7056451612903226,1.5177737733296226e-08,0.42527777777777753,Increasing,33.8378125,4.674963057591337
101_482,0.5,6.18958807825365e-05,0.3847321428571429,Increasing,32.63875,4.983201625210443
101_483,0.45161290322580644,0.00029887973345732455,0.3466666666666665,Increasing,34.7721875,4.849729202733257
101_484,0.6088709677419355,1.054676987966019e-06,0.3913888888888888,Increasing,39.015625,4.5279389195720166
101_485,-0.6612903225806451,1.140522314369008e-07,-1.1002777777777781,Decreasing,58.583749999999995,11.372917597850606
101_486,-0.6754032258064516,6.084656289928603e-08,-0.5005846153846156,Decreasing,44.111875,5.21213694029378
101_487,-0.4798387096774194,0.0001213912313333676,-0.2134188034188032,Decreasing,39.9396875,3.2826737238634833
101_488,0.4838709677419355,0.00010630450788085,0.3316538461538462,Increasing,36.544375,4.018451923237977
101_489,-0.7721774193548387,5.84016834892509e-10,-0.48837499999999995,Decreasing,33.6578125,4.960790470262149
101_49,-0.7137096774193549,1.0379506365509883e-08,-0.4473320158102767,Decreasing,33.1821875,4.941943402128737
101_490,0.18951612903225806,0.13152122240591746,0.1608333333333336,No significant trend,41.958125,4.3133980496094955
101_492,-0.6794354838709677,5.073125608490159e-08,-0.6276206896551724,Decreasing,48.358125,6.790282319931551
101_493,-0.7379032258064516,3.238943557803964e-09,-0.2899999999999999,Decreasing,35.82625,2.9705741764009184
101_494,0.375,0.0026994076056261473,0.2738636363636365,Increasing,39.80093749999999,3.9218039211686437
101_495,0.4153225806451613,0.0008861761949863212,0.12078947368421108,Increasing,39.345,3.2657847448966995
101_496,-0.014112903225806451,0.9224891734522682,-0.015600000000000024,No significant trend,35.9375,3.990671152826301
101_497,-0.6875,3.5157899258564385e-08,-0.509687499999999,Decreasing,44.41375,5.426548022223705
101_498,-0.4637096774193548,0.00020435771038096462,-0.5211578947368422,Decreasing,44.347500000000004,6.84722525918346
101_499,-0.7338709677419355,3.942868698203483e-09,-0.26076923076923064,Decreasing,43.251875,2.9746201832124717
101_5,-0.7903225806451613,2.2882273853497281e-10,-0.6172916666666668,Decreasing,49.923125,6.563658201367208
101_50,-0.46169354838709675,0.00021786074656704457,-0.25588068181818185,Decreasing,46.48468749999999,3.357303591030121
101_500,-0.43548387096774194,0.0004893169184720936,-0.4023958333333342,Decreasing,44.074687499999996,5.312219395162794
101_501,-0.6693548387096774,7.977093474664798e-08,-0.3625155279503106,Decreasing,41.96375,5.0442496654606614
101_502,-0.6290322580645161,4.5753051591823635e-07,-0.4718,Decreasing,49.505,5.036321202028321
101_503,-0.5282258064516129,2.31113806963279e-05,-0.21288461538461534,Decreasing,32.116875,2.646643437332464
101_504,-0.8084677419354839,8.780598470536916e-11,-0.30533333333333323,Decreasing,35.9103125,3.208902152971286
101_505,-0.6048387096774194,1.242609917628812e-06,-0.3325686813186812,Decreasing,45.3965625,3.795944060256125
101_506,-0.20161290322580644,0.10839945747110935,-0.18645454545454518,No significant trend,40.4428125,4.72316911245445
101_507,-0.5524193548387096,9.551213337788411e-06,-0.3755967741935484,Decreasing,48.6415625,4.44786192272127
101_508,0.16330645161290322,0.19452239535329507,0.11397222222222236,No significant trend,40.2890625,3.3367380772385697
101_509,-0.3790322580645161,0.002425557940292755,-0.22896428571428562,Decreasing,37.269999999999996,3.7553120709203385
101_51,-0.008064516129032258,0.9611987334080325,-0.014600000000000293,No significant trend,32.663124999999994,4.140226018513362
101_510,0.2862903225806452,0.02222386181408309,0.32047619047619047,Increasing,41.198750000000004,5.322422938615457
101_511,-0.07862903225806452,0.5377458862517748,-0.042321428571428475,No significant trend,41.9959375,3.38771111830595
101_512,0.034274193548387094,0.7952778335350081,0.03712499999999996,No significant trend,33.984375,5.048337558976717
101_513,0.11290322580645161,0.37244389624576013,0.07654761904761853,No significant trend,37.83,5.029378689261727
101_514,-0.5524193548387096,9.551213337788411e-06,-0.36710000000000004,Decreasing,36.794062499999995,4.516113414330264
101_515,-0.7943548387096774,1.8528600875811208e-10,-0.6911858974358975,Decreasing,46.94375000000001,6.798316772370938
101_516,-0.6048387096774194,1.242609917628812e-06,-0.5141666666666664,Decreasing,37.318125,5.5926198229787625
101_517,-0.6471774193548387,2.1112575954163049e-07,-0.34999999999999987,Decreasing,37.838750000000005,3.581599459389617
101_518,-0.7701612903225806,6.472633540255401e-10,-0.6389999999999999,Decreasing,39.201562499999994,6.170583496201453
101_519,-0.5362903225806451,1.7284429657316025e-05,-0.5968531468531468,Decreasing,37.4453125,6.781572911378579
101_52,-0.7903225806451613,2.2882273853497281e-10,-0.8477865612648221,Decreasing,39.631249999999994,8.2798583736378
101_520,-0.8528225806451613,7.736700169402866e-12,-0.5239285714285715,Decreasing,38.1771875,5.254000401108069
101_521,-0.8608870967741935,4.908073947262892e-12,-1.0416165413533836,Decreasing,36.109375,9.931764362859955
101_522,-0.717741935483871,8.570263387852606e-09,-0.5262608695652169,Decreasing,41.962500000000006,5.526561996395227
101_523,-0.6330645161290323,3.859708492814917e-07,-0.5897058823529392,Decreasing,41.003437500000004,6.318931184036882
101_524,-0.6975806451612904,2.210337290975417e-08,-0.9289035087719298,Decreasing,41.14125,9.473772595302254
101_525,-0.6875,3.5157899258564385e-08,-0.7682954545454546,Decreasing,45.4025,7.683529055713917
101_526,-0.8366935483870968,1.8986590077929577e-11,-0.6799999999999997,Decreasing,47.25,6.698468574980403
101_527,-0.8266129032258065,3.299827078251383e-11,-0.6729256965944272,Decreasing,37.561875,6.376075613916056
101_528,-0.7943548387096774,1.8528600875811208e-10,-0.7170380434782608,Decreasing,41.39375,6.650705202269907
101_53,-0.6794354838709677,5.073125608490159e-08,-0.699617391304348,Decreasing,39.965,6.966260205447396
101_530,-0.8185483870967742,5.111089329545848e-11,-0.7769791666666668,Decreasing,41.7584375,7.276685418759956
101_531,-0.8064516129032258,9.776668363770114e-11,-0.40913194444444434,Decreasing,43.709374999999994,4.053563199134189
101_532,-0.2600806451612903,0.03792115065551127,-0.16487903225806455,Decreasing,37.273125,3.2283078360613313
101_533,-0.03225806451612903,0.8078142165841911,-0.012915360501567306,No significant trend,35.3271875,1.5323577307025107
101_534,0.16129032258064516,0.2001586151353414,0.07443452380952376,No significant trend,37.285,2.8241646995173637
101_535,-0.7036290322580645,1.667963900331415e-08,-0.3288690476190477,Decreasing,32.874375,3.4412814995834036
101_536,-0.30443548387096775,0.014996317848851026,-0.1105833333333333,Decreasing,38.040625000000006,2.171662579540155
101_537,-0.5141129032258065,3.8055466680564365e-05,-0.2646524064171123,Decreasing,38.6071875,3.8848722906736266
101_538,-0.7762096774193549,4.750932980357447e-10,-0.7454615384615387,Decreasing,42.493125,7.195324192444355
101_539,-0.4657258064516129,0.0001916438218019234,-0.4974456521739132,Decreasing,30.183124999999997,5.800827762860659
101_54,-0.7338709677419355,3.942868698203483e-09,-0.6067424242424242,Decreasing,31.3390625,6.161304325878876
101_540,-0.8145161290322581,6.351164039131163e-11,-0.6168333333333331,Decreasing,37.815,5.973073957352278
101_541,-0.09879032258064516,0.4363392795127665,-0.11431818181818182,No significant trend,27.1840625,5.436326229274117
101_542,-0.04233870967741935,0.7456889190979843,-0.03418181818181836,No significant trend,40.4965625,5.220599588035243
101_543,-0.3286290322580645,0.008612477773118021,-0.10787878787878805,Decreasing,33.2325,2.254679855323146
101_544,0.5362903225806451,1.7284429657316025e-05,0.433986928104575,Increasing,36.2803125,5.0523846377076
101_545,0.4334677419354839,0.000519836761338599,0.4152272727272728,Increasing,40.261875,5.573928393366298
101_546,-0.7842741935483871,3.1343416750928554e-10,-0.45071428571428573,Decreasing,43.803125,4.4218438161444595
101_547,-0.4475806451612903,0.0003385845397056997,-0.44272727272727264,Decreasing,41.5159375,5.292482203191027
101_548,0.44516129032258067,0.000463060547241545,0.25428571428571345,Increasing,35.4441935483871,4.369789818665564
101_549,-0.004032258064516129,0.9870617094920746,-0.004230769230769209,No significant trend,43.315937500000004,2.5050335069802454
101_55,-0.8669354838709677,3.4794389591752406e-12,-1.1658680555555554,Decreasing,72.013125,11.072655067072892
101_550,-0.6975806451612904,2.210337290975417e-08,-0.5567460317460313,Decreasing,36.019062500000004,5.496618482857778
101_551,0.49193548387096775,8.127869954099864e-05,0.5641244239631334,Increasing,35.7703125,7.075248884480584
101_552,0.6754032258064516,6.084656289928603e-08,0.48416666666666675,Increasing,35.154375,5.3273398248445725
101_553,-0.3709677419354839,0.0030012397054521855,-0.28028619528619536,Decreasing,38.09125,4.5558655530535574
101_554,0.4778225806451613,0.0001296708328921703,0.19336470588235288,Increasing,34.7203125,3.9599869668148853
101_555,-0.07459677419354839,0.5593600509011936,-0.050591168091168086,No significant trend,39.307500000000005,2.830401914923037
101_556,0.3004032258064516,0.016393501482819373,0.14917142857142868,Increasing,40.568749999999994,2.8359960221234446
101_557,-0.4032258064516129,0.0012506303657648932,-0.2835714285714288,Decreasing,37.1228125,4.450821717935212
101_558,0.010080645161290322,0.9482808409102057,0.0024999999999997563,No significant trend,38.7671875,2.7145755128276963
101_559,-0.719758064516129,7.784594746595985e-09,-0.6656547619047619,Decreasing,36.4425,6.725458627484077
101_56,-0.49193548387096775,8.127869954099864e-05,-0.2172672064777328,Decreasing,37.292500000000004,2.894014296785695
101_560,-0.7560483870967742,1.3199186188472822e-09,-0.49050000000000027,Decreasing,37.6971875,4.684911441515597
101_561,-0.3245967741935484,0.009469210701438247,-0.15149999999999936,Decreasing,35.704375,2.6099029406043055
101_562,-0.7278225806451613,5.285553328349124e-09,-1.9059523809523808,Decreasing,41.647499999999994,16.52835423597885
101_563,-0.7298387096774194,4.794858066148322e-09,-0.59125,Decreasing,35.513437499999995,5.832916085337912
101_564,-0.4798387096774194,0.0001213912313333676,-0.30815476190476204,Decreasing,42.106249999999996,3.905634351485044
101_565,-0.46774193548387094,0.0001796761088148635,-0.26672932330827087,Decreasing,43.9971875,3.5074324961207375
101_566,-0.6350806451612904,3.54369133592769e-07,-0.39873684210526306,Decreasing,36.950625,4.305301918492477
101_567,0.5080645161290323,4.694664237403501e-05,0.2134162895927601,Increasing,30.6084375,3.3322825410810752
101_568,-0.3870967741935484,0.0019526409550858492,-0.20469230769230745,Decreasing,34.940937500000004,3.322595332882678
101_569,-0.5483870967741935,1.1094687683677051e-05,-0.2700000000000003,Decreasing,40.2109375,3.1722856107377453
101_57,-0.6733870967741935,6.661159712706421e-08,-0.4119090909090909,Decreasing,36.8553125,4.899036885178938
101_570,-0.5282258064516129,2.31113806963279e-05,-0.24027777777777873,Decreasing,39.06625,3.457457293662497
101_571,0.7298387096774194,4.794858066148322e-09,0.45358974358974347,Increasing,37.981875,4.610152815729105
101_572,-0.7903225806451613,2.2882273853497281e-10,-0.6319375000000003,Decreasing,46.137812499999995,6.104941509944526
101_573,-0.7520161290322581,1.6142178704825483e-09,-0.7206944444444443,Decreasing,43.78625,7.278660913073228
101_574,-0.3951612903225806,0.001565774864560776,-0.2016250000000001,Decreasing,41.5709375,2.870685196271746
101_575,-0.5524193548387096,9.551213337788411e-06,-0.4114371980676329,Decreasing,36.919375,5.304512193347754
101_576,-0.7358870967741935,3.574073925705079e-09,-0.4805555555555553,Decreasing,35.245,4.756096088179885
101_577,-0.5786290322580645,3.519574691690508e-06,-0.5750000000000002,Decreasing,40.6875,6.4387974420694425
101_578,-0.6653225806451613,9.543242263099216e-08,-0.6591176470588236,Decreasing,40.57625,6.538204431455168
101_579,-0.8508064516129032,8.663292305755022e-12,-0.6213392857142858,Decreasing,34.359375,6.557236907369979
101_58,-0.14717741935483872,0.24297435488893093,-0.06005517241379307,No significant trend,31.631249999999998,2.2066047873373247
101_580,-0.6189516129032258,6.968673158525007e-07,-0.5183796296296295,Decreasing,44.455625,5.691987755553854
101_581,-0.6653225806451613,9.543242263099216e-08,-0.5551470588235292,Decreasing,41.74625,5.87641405854795
101_582,-0.6653225806451613,9.543242263099216e-08,-0.3996428571428573,Decreasing,37.3853125,5.581659690660453
101_583,-0.8306451612903226,2.6473268022186858e-11,-0.5071538461538463,Decreasing,32.1428125,4.85750401079029
101_584,-0.4717741935483871,0.00015781793261271382,-0.46323863636363627,Decreasing,42.4921875,5.6941415805934925
101_585,-0.5907258064516129,2.1883453411586373e-06,-0.3341666666666669,Decreasing,25.829687500000002,6.934078653818671
101_586,-0.8306451612903226,2.6473268022186858e-11,-0.8146956521739129,Decreasing,34.795625,7.762022907037507
101_587,-0.37701612903225806,0.0025591348086346777,-0.2607620320855615,Decreasing,34.659375,4.043147704372795
101_588,-0.5665322580645161,5.609253585836527e-06,-0.5316737891737892,Decreasing,37.2603125,6.227304033636366
101_589,-0.6350806451612904,3.54369133592769e-07,-0.6680827067669175,Decreasing,41.9359375,8.594542912284151
101_59,-0.11088709677419355,0.38119941574393534,-0.046111111111111214,No significant trend,43.8540625,2.292179447838618
101_590,-0.8548387096774194,6.907363570007874e-12,-0.893470588235294,Decreasing,42.224374999999995,8.51329362581692
101_591,-0.6048387096774194,1.242609917628812e-06,-0.5978152173913045,Decreasing,31.63,6.608229717556738
101_592,0.6353276353276354,3.691890443802137e-06,0.7471428571428572,Increasing,36.50370370370371,6.156542529066822
101_593,-0.5826612903225806,3.0070381287217174e-06,-0.38817500000000005,Decreasing,30.108125,5.425540547666656
101_594,0.5403225806451613,1.4924957946416129e-05,0.3413025210084033,Increasing,35.09375,4.089612412869953
101_595,-0.4536290322580645,0.000280704353313066,-0.29255952380952377,Decreasing,29.518437499999997,4.500492410125112
101_596,-0.7600806451612904,1.0781671111459445e-09,-0.5822431077694236,Decreasing,41.649375000000006,5.840743176974571
101_597,-0.6673387096774194,8.7262118642073e-08,-0.49078869047619017,Decreasing,39.028125,5.1383809691745315
101_598,-0.5967741935483871,1.7196589441326182e-06,-0.2723214285714285,Decreasing,33.394062500000004,3.0777679202782253
101_599,-0.655241935483871,1.4872514997321673e-07,-0.5379545454545455,Decreasing,40.0490625,6.435976207701032
101_6,-0.48185483870967744,0.00011361189113179293,-0.2540350877192986,Decreasing,51.40875,3.472658158745257
101_60,0.1693548387096774,0.17831360778170335,0.06150717703349289,No significant trend,31.5309375,2.555287849948368
101_600,-0.8225806451612904,4.108913209677212e-11,-0.6222222222222222,Decreasing,37.838125,6.178898282410466
101_601,-0.6915322580645161,2.9223376829534686e-08,-0.8103571428571426,Decreasing,40.46625,8.732499910535356
101_602,-0.6229838709677419,5.893720071981079e-07,-0.38303030303030305,Decreasing,22.76125,4.520203777209607
101_603,-0.8266129032258065,3.299827078251383e-11,-0.6243421052631579,Decreasing,37.635,6.086125614871912
101_604,-0.5907258064516129,2.1883453411586373e-06,-0.24885775862068932,Decreasing,35.7234375,3.344963199886323
101_605,-0.20161290322580644,0.10839945747110935,-0.08227272727272819,No significant trend,36.440625,2.254481561107786
101_606,-0.7580645161290323,1.193087628692524e-09,-0.49786764705882364,Decreasing,39.243125,4.87753551851496
101_607,-0.6370967741935484,3.252720022217659e-07,-0.28062037037037035,Decreasing,37.0784375,3.2403820274149386
101_608,-0.7217741935483871,7.0691399400857335e-09,-0.6951578947368419,Decreasing,44.739374999999995,7.8473980311549765
101_609,-0.5120967741935484,4.0824601233779845e-05,-0.41735,Decreasing,44.637812499999995,5.117885143283674
101_61,-0.782258064516129,3.479141419404641e-10,-0.580625,Decreasing,40.9759375,5.710024550831087
101_610,-0.7701612903225806,6.472633540255401e-10,-0.6348214285714275,Decreasing,40.98531249999999,6.258288995591666
101_611,-0.7681451612903226,7.171752081092109e-10,-0.7231410256410256,Decreasing,39.979375000000005,7.217210739570724
101_612,-0.75,1.7844419275547807e-09,-0.5160750000000003,Decreasing,44.215625,5.304941056164056
101_613,-0.8508064516129032,8.663292305755022e-12,-0.8182730263157896,Decreasing,44.58,7.8646900765383
101_614,-0.6814516129032258,4.630511263314929e-08,-0.7676666666666672,Decreasing,36.8909375,7.487942958255875
101_615,-0.5887096774193549,2.370209626567643e-06,-0.4560477453580902,Decreasing,40.1571875,4.988174286734952
101_616,-0.6693548387096774,7.977093474664798e-08,-0.4201304347826087,Decreasing,43.89375,4.613981300081308
101_617,-0.43548387096774194,0.0004893169184720936,-0.38371237458193974,Decreasing,39.880624999999995,5.039255858693325
101_618,-0.6975806451612904,2.210337290975417e-08,-0.9916666666666666,Decreasing,43.08562500000001,9.877865070923727
101_619,-0.7419354838709677,2.657962294705385e-09,-0.300909090909091,Decreasing,40.59625,3.225180954225669
101_62,-0.4012096774193548,0.0013233944127710728,-0.2861111111111111,Decreasing,34.220625,4.184815510793158
101_620,-0.21774193548387097,0.08271238344821374,-0.1420833333333329,No significant trend,35.129374999999996,3.2589347737220824
101_621,-0.8669354838709677,3.4794389591752406e-12,-0.9854385964912282,Decreasing,42.0671875,9.1337322034776
101_622,-0.8306451612903226,2.6473268022186858e-11,-0.9040789473684206,Decreasing,40.3446875,8.679892706845157
101_623,-0.8205645161290323,4.583267099178556e-11,-0.8645098039215688,Decreasing,44.286875,8.363941369616061
101_624,-0.8568548387096774,6.165290500348419e-12,-0.6658333333333335,Decreasing,38.17375,6.426187511853354
101_625,-0.8225806451612904,4.108913209677212e-11,-0.6504761904761904,Decreasing,39.8234375,6.458473895479779
101_626,-0.7096774193548387,1.2557821005287906e-08,-0.5343582375478926,Decreasing,31.0178125,5.32776379824066
101_627,0.6612903225806451,1.140522314369008e-07,0.42053571428571423,Increasing,29.473125,5.818978345412106
101_628,-0.28830645161290325,0.021293682001457093,-0.12080000000000005,Decreasing,48.228125000000006,2.5844709776615797
101_629,-0.7963709677419355,1.666657922783088e-10,-0.4411996336996336,Decreasing,36.5234375,4.328049942941249
101_63,-0.625,5.418056365780188e-07,-0.2930952380952384,Decreasing,40.534687500000004,3.857011459970497
101_630,-0.6875,3.5157899258564385e-08,-0.45031249999999967,Decreasing,46.870625000000004,4.862543018768574
101_631,-0.8004032258064516,1.3474710236494047e-10,-0.5555,Decreasing,38.118125000000006,5.423178517656873
101_632,-0.7661290322580645,7.944338520360361e-10,-0.5512500000000002,Decreasing,42.8490625,5.504814006494111
101_633,0.3165322580645161,0.011413839625523003,0.10528461538461534,Increasing,45.5071875,2.171500394852312
101_634,0.842741935483871,1.3585577107733116e-11,0.400625000000001,Increasing,34.245000000000005,3.8361406387149053
101_635,-0.6653225806451613,9.543242263099216e-08,-0.3181649831649831,Decreasing,36.2584375,3.2411621270145914
101_636,-0.7358870967741935,3.574073925705079e-09,-0.5110000000000001,Decreasing,35.659687500000004,5.202100828256191
101_637,-0.3286290322580645,0.008612477773118021,-0.21440476190476207,Decreasing,48.4575,4.5006284283419795
101_638,-0.5161290322580645,3.546525120357025e-05,-0.37759615384615464,Decreasing,52.0834375,4.870505369937883
101_639,-0.1774193548387097,0.15829432695339385,-0.10970588235294118,No significant trend,44.020625,3.5021118070922572
101_64,-0.5766129032258065,3.8062807836691803e-06,-0.2944252873563219,Decreasing,38.707812499999996,3.160505037148929
101_640,-0.5685483870967742,5.193307037965056e-06,-0.2991666666666666,Decreasing,43.9328125,3.814964149876608
101_641,-0.7661290322580645,7.944338520360361e-10,-0.4347916666666666,Decreasing,40.818749999999994,5.161079556400966
101_642,-0.6471774193548387,2.1112575954163049e-07,-0.45153846153846156,Decreasing,46.974375,4.746395301634178
101_643,0.7600806451612904,1.0781671111459445e-09,0.7811142857142856,Increasing,33.59406250000001,8.021561903463299
101_644,-0.39919354838709675,0.0014000474750610614,-0.14148809523809522,Decreasing,45.1371875,2.1252356257233576
101_645,0.23790322580645162,0.05778505532796996,0.1943125000000001,No significant trend,40.3775,4.464738234208138
101_646,0.2056451612903226,0.1014505333614959,0.04499999999999986,No significant trend,39.8878125,1.6401347779508078
101_647,0.12701612903225806,0.314694608207466,0.07721014492753614,No significant trend,45.43781249999999,2.8128185757072472
101_648,-0.1350806451612903,0.2844906362403654,-0.05919166666666664,No significant trend,40.875625,2.4146233369565118
101_649,-0.36693548387096775,0.0033335638107387933,-0.2400000000000012,Decreasing,39.731875,3.767974785528029
101_65,-0.11693548387096774,0.355310453336267,-0.08533333333333282,No significant trend,38.720625,2.537058998008324
101_650,-0.6774193548387096,5.5566278689411774e-08,-0.6702625,Decreasing,42.275937500000005,6.757934623173988
101_651,-0.5846774193548387,2.7784224061466745e-06,-0.7242222222222228,Decreasing,36.487187500000005,7.30448545175112
101_652,-0.29435483870967744,0.018703634813544978,-0.19909090909090904,Decreasing,46.299062500000005,4.413695559969417
101_653,-0.5987903225806451,1.5861008195727777e-06,-0.4534999999999992,Decreasing,51.6259375,5.641886242303522
101_654,0.5907258064516129,2.1883453411586373e-06,0.39625,Increasing,34.0953125,4.997573776578366
101_655,-0.5362903225806451,1.7284429657316025e-05,-0.23148809523809538,Decreasing,48.1903125,2.8502801226096612
101_656,-0.13793103448275862,0.29251480690391274,-0.05000000000000071,No significant trend,39.71566666666668,2.6376121566464032
101_657,-0.6512096774193549,1.772900197760663e-07,-0.5414880952380952,Decreasing,42.542500000000004,6.4023257492883
101_658,-0.6391129032258065,2.984879994283318e-07,-0.26150735294117633,Decreasing,44.72625,3.4162806438435345
101_659,-0.6330645161290323,3.859708492814917e-07,-0.3567311827956989,Decreasing,40.8446875,4.250894012127772
101_66,-0.5887096774193549,2.370209626567643e-06,-0.2732575757575759,Decreasing,39.4384375,3.1755000682717283
101_660,-0.5564516129032258,8.214164165520899e-06,-0.28165178571428606,Decreasing,44.49875,3.281963731898937
101_661,-0.6471774193548387,2.1112575954163049e-07,-0.54462962962963,Decreasing,46.695625,6.2506214378552
101_662,-0.7137096774193549,1.0379506365509883e-08,-0.6323214285714285,Decreasing,46.270625,6.354951778682117
101_663,-0.625,5.418056365780188e-07,-0.5840178571428573,Decreasing,37.8915625,6.176542372848562
101_664,-0.5040322580645161,5.3932561817182645e-05,-0.2817857142857148,Decreasing,35.543125,3.439579768572754
101_665,-0.7560483870967742,1.3199186188472822e-09,-0.6196666666666668,Decreasing,38.9334375,6.413871008103745
101_666,-0.6693548387096774,7.977093474664798e-08,-0.5827941176470595,Decreasing,38.5809375,6.06476368015224
101_667,-0.8387096774193549,1.6986412276764895e-11,-0.81275,Decreasing,39.978750000000005,7.748261397726589
101_668,-0.7298387096774194,4.794858066148322e-09,-0.659772727272727,Decreasing,40.424375,6.828491294522897
101_669,0.3024193548387097,0.015681225244583263,0.16953629032258075,Increasing,33.0846875,3.1972429376485842
101_67,0.5887096774193549,2.370209626567643e-06,0.224857142857143,Increasing,45.410624999999996,2.4878064352708393
101_670,-0.8387096774193549,1.6986412276764895e-11,-0.6166369047619049,Decreasing,35.254375,5.83884456544058
101_671,-0.875,2.191358206005134e-12,-0.8685326086956523,Decreasing,41.9009375,8.333715542667253
101_672,-0.8870967741935484,1.0869083411080283e-12,-0.7631999999999992,Decreasing,40.0834375,7.26434426211986
101_673,-0.8185483870967742,5.111089329545848e-11,-0.969393382352941,Decreasing,44.4296875,9.62678018744293
101_674,-0.8911290322580645,8.586464872450961e-13,-0.8465624999999994,Decreasing,38.2103125,7.88570204720821
101_675,-0.7318548387096774,4.348602589132611e-09,-1.0648684210526314,Decreasing,41.0265625,10.270434085694419
101_676,-0.7137096774193549,1.0379506365509883e-08,-0.5052777777777779,Decreasing,45.961875,5.1142731873038425
101_677,-0.6149193548387096,8.23131043548031e-07,-0.3495882352941178,Decreasing,45.433749999999996,3.7330339119140077
101_678,-0.6915322580645161,2.9223376829534686e-08,-0.8336874999999999,Decreasing,42.280312499999994,7.910891022972302
101_679,-0.3911290322580645,0.001749399716013178,-0.22291666666666704,Decreasing,33.237187500000005,3.501707828309459
101_68,0.046370967741935484,0.721270009629742,0.02744565217391287,No significant trend,39.5371875,2.523390866442166
101_680,0.6209677419354839,6.409512869343104e-07,0.3880625000000001,Increasing,30.168750000000003,4.27992534251475
101_681,-0.5060483870967742,5.032482653111181e-05,-0.4529831932773107,Decreasing,38.3228125,5.255667318699287
101_682,-0.6633064516129032,1.0434107045043106e-07,-0.6377232142857143,Decreasing,34.168125,6.518765909616252
101_683,-0.7459677419354839,2.178956348686256e-09,-0.743693181818182,Decreasing,45.627187500000005,7.3187418805996804
101_684,-0.7379032258064516,3.238943557803964e-09,-0.7916590909090908,Decreasing,43.014375,7.684731589936958
101_685,-0.6491935483870968,1.934942726045108e-07,-0.7901620370370368,Decreasing,39.328125,8.028177890055439
101_686,-0.7721774193548387,5.84016834892509e-10,-1.071401515151515,Decreasing,41.4271875,10.395935574292665
101_687,-0.842741935483871,1.3585577107733116e-11,-1.1958333333333342,Decreasing,37.88625,11.271284240826331
101_688,-0.7137096774193549,1.0379506365509883e-08,-0.9480059523809525,Decreasing,43.7765625,9.924429961392933
101_689,-0.7137096774193549,1.0379506365509883e-08,-0.7396875000000012,Decreasing,39.485625,7.5642022619292115
101_69,-0.8649193548387096,3.903322109977125e-12,-0.5249999999999997,Decreasing,38.9878125,4.969707445096114
101_690,-0.7016129032258065,1.832546869806606e-08,-0.7039663461538459,Decreasing,39.4234375,7.496233891668118
101_691,-0.7439516129032258,2.4068798065712826e-09,-0.6514264705882353,Decreasing,39.8465625,6.673011224971359
101_692,-0.7358870967741935,3.574073925705079e-09,-0.9234705882352943,Decreasing,37.294687499999995,8.96906070345963
101_693,-0.7963709677419355,1.666657922783088e-10,-0.7597727272727273,Decreasing,42.803124999999994,7.287372828007017
101_694,-0.29838709677419356,0.017134045455555746,-0.513989898989899,Decreasing,35.955,8.43719555006283
101_695,0.4435483870967742,0.0003831828637113066,0.09698051948051936,Increasing,35.455312500000005,1.4939983776242025
101_696,-0.7540322580645161,1.4598573461199749e-09,-0.8595454545454553,Decreasing,41.0240625,8.544835011344206
101_697,-0.6008064516129032,1.4625443411908634e-06,-0.43219806763285024,Decreasing,34.3634375,4.959039479434879
101_698,-0.7701612903225806,6.472633540255401e-10,-0.3926884057971015,Decreasing,38.404375,3.8508302168980397
101_699,-0.7217741935483871,7.0691399400857335e-09,-0.49808529945553526,Decreasing,32.3959375,5.061444864966302
101_7,-0.6048387096774194,1.242609917628812e-06,-0.52,Decreasing,46.314062500000006,5.773494316364548
101_70,-0.8266129032258065,3.299827078251383e-11,-0.469090909090909,Decreasing,38.658437500000005,4.55724773669303
101_700,-0.6290322580645161,4.5753051591823635e-07,-0.3045000000000002,Decreasing,36.7565625,3.644263994086289
101_701,-0.8951612903225806,6.774580896262705e-13,-0.5164285714285715,Decreasing,26.49125,4.878683704391995
101_702,-0.5100806451612904,4.378423530448927e-05,-0.29781250000000004,Decreasing,36.689687500000005,3.211484746553181
101_703,-0.8145161290322581,6.351164039131163e-11,-0.48695833333333327,Decreasing,37.3759375,4.7852297877002465
101_704,-0.8508064516129032,8.663292305755022e-12,-0.7303846153846156,Decreasing,36.255625,6.733890469808297
101_705,-0.7096774193548387,1.2557821005287906e-08,-0.6391666666666633,Decreasing,34.806250000000006,6.545870239127873
101_706,-0.6209677419354839,6.409512869343104e-07,-0.2813636363636366,Decreasing,32.6575,3.3796837869836285
101_707,-0.44556451612903225,0.0003602388463002093,-0.2303509852216748,Decreasing,35.967187499999994,3.229186463312973
101_708,-0.6653225806451613,9.543242263099216e-08,-0.44781250000000017,Decreasing,37.654375,4.9361276178169256
101_709,-0.5766129032258065,3.8062807836691803e-06,-0.4138247863247864,Decreasing,37.9621875,5.382405209554902
101_71,0.6451612903225806,2.303051436225445e-07,0.6887500000000002,Increasing,40.0421875,7.118412188813159
101_710,-0.7903225806451613,2.2882273853497281e-10,-0.5239495798319326,Decreasing,43.9896875,5.358736724018427
101_711,-0.5564516129032258,8.214164165520899e-06,-0.4235384615384614,Decreasing,37.2525,4.902297930562769
101_712,-0.8266129032258065,3.299827078251383e-11,-0.9112246963562753,Decreasing,35.915625,8.651257472724701
101_713,-0.6733870967741935,6.661159712706421e-08,-0.5577826086956523,Decreasing,39.9075,5.657846874032559
101_714,-0.6875,3.5157899258564385e-08,-0.624083333333333,Decreasing,33.723124999999996,6.402420166185205
101_715,-0.6270161290322581,4.979515006997559e-07,-0.4314285714285717,Decreasing,38.12625,4.444527358167569
101_716,-0.6411290322580645,2.738397213430943e-07,-0.3014945652173915,Decreasing,38.2915625,3.58468278702506
101_717,-0.8145161290322581,6.351164039131163e-11,-0.8445768025078371,Decreasing,35.7625,7.985324038509646
101_718,-0.8326612903225806,2.3702817486537242e-11,-0.503933823529412,Decreasing,35.04375,4.924239630389651
101_719,-0.4778225806451613,0.0001296708328921703,-0.3468333333333332,Decreasing,34.737187500000005,4.336873322434464
101_72,-0.28225806451612906,0.02419069629917514,-0.08871212121212102,Decreasing,38.9271875,2.0781440553637633
101_720,-0.7399193548387096,2.934484433225748e-09,-0.8733088235294115,Decreasing,50.909375,8.74977926060852
101_721,-0.7983870967741935,1.4987833196755673e-10,-0.6600000000000001,Decreasing,36.0421875,6.254966393981965
101_722,-0.7762096774193549,4.750932980357447e-10,-0.6317965367965368,Decreasing,35.4465625,6.424603883399641
101_723,-0.8931451612903226,7.629452625224076e-13,-0.7972888888888889,Decreasing,34.050937499999996,7.46518475967566
101_724,-0.7318548387096774,4.348602589132611e-09,-0.3405769230769231,Decreasing,34.465312499999996,3.424236214448961
101_725,-0.8971774193548387,6.017408793468348e-13,-0.775982142857143,Decreasing,33.6578125,7.395727117048313
101_726,-0.8709677419354839,2.7626789744772395e-12,-0.5764583333333333,Decreasing,31.283125000000002,5.698077766613491
101_727,-0.7903225806451613,2.2882273853497281e-10,-0.5629166666666666,Decreasing,33.4634375,5.608523429441456
101_728,-0.8387096774193549,1.6986412276764895e-11,-0.4372115384615385,Decreasing,35.7825,4.269047756818844
101_729,-0.8689516129032258,3.1008529077780622e-12,-0.6479666666666667,Decreasing,34.5015625,6.094707288590138
101_73,-0.7903225806451613,2.2882273853497281e-10,-0.6997058823529414,Decreasing,41.9821875,6.733668546182218
101_730,-0.8508064516129032,8.663292305755022e-12,-0.8053703703703705,Decreasing,39.720312500000006,7.482110532954172
101_731,-0.7459677419354839,2.178956348686256e-09,-0.7030303030303031,Decreasing,35.05625,6.874154379812836
101_732,-0.7258064516129032,5.824971616164021e-09,-0.43459523809523803,Decreasing,41.55875,4.921017901562643
101_733,-0.9112903225806451,2.6001423236721166e-13,-0.9312272727272728,Decreasing,34.981562499999995,9.315602540018212
101_734,-0.655241935483871,1.4872514997321673e-07,-0.6419999999999999,Decreasing,30.815312499999997,6.480681380251906
101_735,-0.6673387096774194,8.7262118642073e-08,-0.6552727272727275,Decreasing,35.04,6.56451683294361
101_736,-0.7661290322580645,7.944338520360361e-10,-0.8906118881118881,Decreasing,41.871562499999996,8.447123441361192
101_737,-0.02620967741935484,0.8457081092653058,-0.016571428571428216,No significant trend,35.916250000000005,3.686478460197482
101_738,-0.3487903225806452,0.005283353948143166,-0.21352272727272725,Decreasing,39.964375000000004,3.5392124278397024
101_739,-0.28225806451612906,0.02419069629917514,-0.16821428571428576,Decreasing,38.203125,3.440869655243424
101_74,-0.7681451612903226,7.171752081092109e-10,-0.6213846153846153,Decreasing,49.4778125,6.148331955892081
101_740,-0.2782258064516129,0.026306692194792536,-0.16200000000000186,Decreasing,38.49875,2.9846280651866826
101_741,-0.530241935483871,2.1500434668642043e-05,-0.27217113665389514,Decreasing,38.82781249999999,3.359803504647817
101_742,-0.7661290322580645,7.944338520360361e-10,-0.6119548872180451,Decreasing,41.6609375,6.226799619073489
101_743,-0.8568548387096774,6.165290500348419e-12,-0.7254166666666666,Decreasing,27.909062499999997,6.862357630296876
101_744,-0.6653225806451613,9.543242263099216e-08,-0.49852380952380965,Decreasing,43.45875,5.517685061463729
101_745,-0.6169354838709677,7.574687868050489e-07,-0.46572115384615387,Decreasing,34.498437499999994,5.138106478421185
101_746,-0.7701612903225806,6.472633540255401e-10,-0.6486111111111111,Decreasing,48.5584375,6.209073053491458
101_747,-0.6391129032258065,2.984879994283318e-07,-0.4551250000000001,Decreasing,25.5840625,4.880990460049452
101_748,-0.8145161290322581,6.351164039131163e-11,-0.6032051282051285,Decreasing,33.0153125,5.818825581880226
101_749,0.7290322580645161,9.203571460503213e-09,1.0887499999999997,Increasing,38.25322580645161,10.994759569052409
101_75,-0.7116935483870968,1.1418290979392509e-08,-0.5764930555555556,Decreasing,43.870937500000004,5.91675288871301
101_750,-0.5362903225806451,1.7284429657316025e-05,-0.4248511904761904,Decreasing,42.0415625,4.728104872313404
101_751,-0.05846774193548387,0.6497851474320837,-0.014807692307692133,No significant trend,42.2109375,1.4008866821030703
101_752,0.2721774193548387,0.029779962111063263,0.07058823529411781,Increasing,38.1725,1.5038845534149219
101_753,-0.7580645161290323,1.193087628692524e-09,-0.7083198380566802,Decreasing,36.746562499999996,7.238309371572464
101_754,-0.6713709677419355,7.29042284319803e-08,-0.39535714285714263,Decreasing,39.135000000000005,4.034618166567934
101_755,-0.532258064516129,1.999674165320542e-05,-0.4073076923076925,Decreasing,40.690937500000004,4.987663756318558
101_756,-0.5766129032258065,3.8062807836691803e-06,-0.3232456140350877,Decreasing,34.6809375,3.586896603764005
101_757,-0.3790322580645161,0.002425557940292755,-0.09690476190476292,Decreasing,34.2740625,1.703169580838546
101_758,-0.6713709677419355,7.29042284319803e-08,-0.361047619047619,Decreasing,30.903750000000002,3.688111601822808
101_759,-0.6088709677419355,1.054676987966019e-06,-0.5045,Decreasing,37.2359375,6.182181987057138
101_76,-0.4959677419354839,7.096380450022366e-05,-0.21946428571428583,Decreasing,46.9953125,2.8488659853253453
101_760,-0.8286290322580645,2.956013211985464e-11,-0.6632371794871794,Decreasing,37.670625,6.416025316297856
101_761,-0.6310483870967742,4.2028371116664687e-07,-0.3447222222222223,Decreasing,38.895624999999995,4.287784930401127
101_762,-0.4274193548387097,0.0006223743467113074,-0.47763888888888917,Decreasing,39.993125,6.703180885547921
101_763,-0.5181451612903226,3.304303154827437e-05,-0.4883333333333334,Decreasing,27.089375,5.779911838373921
101_764,-0.40725806451612906,0.0011160599546666816,-0.4275,Decreasing,21.037187499999998,5.857060501210804
101_765,-0.8044354838709677,1.0882916789967112e-10,-1.1368363636363639,Decreasing,29.2515625,10.723774437370164
101_766,-0.7661290322580645,7.944338520360361e-10,-0.5481296296296299,Decreasing,35.7621875,5.450534798516908
101_767,-0.6370967741935484,3.252720022217659e-07,-0.41093749999999996,Decreasing,34.124375,4.683665056275374
101_768,-0.028225806451612902,0.8330324989520455,-0.05250000000000021,No significant trend,44.8975,9.778227408380314
101_769,-0.8245967741935484,3.682676386063122e-11,-0.4521929824561404,Decreasing,39.900625,4.7061588221579385
101_77,-0.5100806451612904,4.378423530448927e-05,-0.3102287581699348,Decreasing,34.76531250000001,4.510303471202769
101_770,-0.23790322580645162,0.05778505532796996,-0.1583333333333331,No significant trend,46.1940625,4.730972983551454
101_771,0.4274193548387097,0.0006223743467113074,0.23757777777777783,Increasing,35.924375,3.3690632391474935
101_772,0.8810483870967742,1.5452084056732929e-12,0.8436666666666668,Increasing,36.832499999999996,8.215135041495058
101_773,-0.06854838709677419,0.5925510100829448,-0.05823809523809516,No significant trend,38.8840625,3.9622853722433655
101_774,0.6713709677419355,7.29042284319803e-08,0.3025394736842104,Increasing,37.624062499999994,3.3620463071013384
101_775,-0.40725806451612906,0.0011160599546666816,-0.28386363636363654,Decreasing,47.305,3.9314024215284804
101_776,-0.46169354838709675,0.00021786074656704457,-0.2276111111111108,Decreasing,46.7140625,3.9202852729225905
101_777,-0.12096774193548387,0.3386829866956895,-0.04452205882352939,No significant trend,40.12375,2.0257494755028325
101_778,-0.8125,7.077094466012568e-11,-0.44866959064327505,Decreasing,47.7325,4.664921623135807
101_779,-0.5725806451612904,4.448281224922468e-06,-0.28055555555555545,Decreasing,40.9459375,3.4220807443854606
101_78,-0.22379032258064516,0.07445456944820861,-0.21933043478260872,No significant trend,45.613125,4.836493718012566
101_780,-0.3004032258064516,0.016393501482819373,-0.280625,Decreasing,33.862812500000004,4.758430830099745
101_781,-0.6895161290322581,3.2057687171516136e-08,-0.5705555555555553,Decreasing,45.3584375,5.98567514434201
101_782,0.04032258064516129,0.757996646747342,0.020454545454547196,No significant trend,42.317499999999995,2.2922696176497217
101_783,-0.6895161290322581,3.2057687171516136e-08,-0.5049999999999992,Decreasing,48.331875,4.876785850780717
101_784,-0.6391129032258065,2.984879994283318e-07,-0.43479166666666647,Decreasing,39.721562500000005,4.2806870866245
101_785,-0.7580645161290323,1.193087628692524e-09,-0.2969047619047619,Decreasing,45.57875,3.0472013286784976
101_786,-0.10080645161290322,0.42684260879570113,-0.03500000000000014,No significant trend,41.106875,1.7369143572367058
101_787,-0.7883064516129032,2.541908905584478e-10,-0.6794999999999998,Decreasing,49.4778125,6.733355745083112
101_788,-0.33064516129032256,0.008210665350528501,-0.1616666666666665,Decreasing,42.1971875,2.666614466855633
101_789,-0.24798387096774194,0.04788277895297388,-0.1301346153846153,Decreasing,42.1653125,2.605660885906634
101_79,-0.7782258064516129,4.2833958602273015e-10,-0.7116666666666668,Decreasing,41.4028125,6.644780486580707
101_790,-0.7520161290322581,1.6142178704825483e-09,-0.6260714285714284,Decreasing,49.32062499999999,6.101021398862243
101_791,-0.1350806451612903,0.2844906362403654,-0.033660714285713995,No significant trend,42.7540625,1.7302779028507962
101_792,-0.4737903225806452,0.00014785185590326932,-0.26771241830065373,Decreasing,44.513125,3.480503230048063
101_793,-0.5846774193548387,2.7784224061466745e-06,-0.32075,Decreasing,38.393125,3.318817972467758
101_794,-0.5987903225806451,1.5861008195727777e-06,-0.4819880952380954,Decreasing,39.707499999999996,5.073495466638362
101_795,0.4173387096774194,0.0008360077721334402,0.25665413533834597,Increasing,40.440937500000004,4.14269791272472
101_796,-0.5806451612903226,3.253640496581056e-06,-0.3872500000000001,Decreasing,47.7353125,4.837495467940383
101_797,0.4475806451612903,0.0003385845397056997,0.23500000000000001,Increasing,41.549062500000005,3.5554855148198463
101_798,-0.036290322580645164,0.7827940862749598,-0.015483091787439458,No significant trend,36.7653125,3.050179282000281
101_799,0.6935483870967742,2.6632843708185305e-08,0.3314786967418547,Increasing,35.574374999999996,3.5268709020001
101_8,-0.6955645161290323,2.4265743192586342e-08,-0.5268333333333335,Decreasing,40.1609375,5.072552586823892
101_80,-0.06048387096774194,0.6381570271128183,-0.034295977011494165,No significant trend,48.8034375,3.5357898776077956
101_800,0.4254032258064516,0.0006605386079836517,0.2437499999999999,Increasing,38.449375,3.4266263816434663
101_801,0.5161290322580645,3.546525120357025e-05,0.2687999999999981,Increasing,34.4290625,3.532157944669767
101_802,-0.16129032258064516,0.2001586151353414,-0.06082792207792195,No significant trend,48.4978125,2.2727485210299334
101_803,0.3084677419354839,0.013705116027189268,0.1534374999999999,Increasing,37.441875,3.016999168772673
101_804,0.592741935483871,2.019923096563403e-06,0.4266666666666669,Increasing,41.44,4.570403428582646
101_805,-0.6088709677419355,1.054676987966019e-06,-0.36303571428571435,Decreasing,35.561875,4.161885418217926
101_806,-0.7782258064516129,4.2833958602273015e-10,-0.2944999999999999,Decreasing,38.7790625,2.8637501193528996
101_807,0.21774193548387097,0.08271238344821374,0.059318181818182936,No significant trend,36.16374999999999,1.6770281564422225
101_808,-0.5987903225806451,1.5861008195727777e-06,-0.2629702194357366,Decreasing,31.819375,2.940048827719533
101_809,0.13911290322580644,0.27014929445443236,0.08363636363636363,No significant trend,31.073125000000005,2.848785308578904
101_81,-0.6592741935483871,1.246354144335271e-07,-0.31380952380952376,Decreasing,49.1690625,3.9022696595819393
101_810,0.5120967741935484,4.0824601233779845e-05,0.2134427609427611,Increasing,36.311562499999994,2.760937464629315
101_811,0.6048387096774194,1.242609917628812e-06,0.41692307692307695,Increasing,36.46062500000001,4.6930520036938645
101_812,-0.6633064516129032,1.0434107045043106e-07,-0.5522916666666664,Decreasing,40.919687499999995,5.694009727542073
101_813,0.5120967741935484,4.0824601233779845e-05,0.5436090225563908,Increasing,35.891875,6.6377059466637265
101_814,0.4899193548387097,8.695279080095375e-05,0.41613846153846135,Increasing,31.9121875,5.075028777242918
101_815,-0.45564516129032256,0.00026356866715215865,-0.18999999999999992,Decreasing,42.443125,2.6500323553449303
101_816,0.23387096774193547,0.062196528651478955,0.12555555555555564,No significant trend,31.120625,2.988437026168529
101_817,-0.2217741935483871,0.07712890370635717,-0.09431818181818175,No significant trend,35.6084375,2.9525445692815118
101_818,-0.6411290322580645,2.738397213430943e-07,-0.37372549019607915,Decreasing,46.42125,4.053569992919821
101_819,0.16330645161290322,0.19452239535329507,0.06599999999999966,No significant trend,38.94093749999999,2.29405939245124
101_82,0.18548387096774194,0.14002518868117475,0.1269047619047619,No significant trend,36.9234375,4.578136636077363
101_820,-0.8185483870967742,5.111089329545848e-11,-0.6705769230769231,Decreasing,45.8653125,6.526154105010374
101_821,-0.31451612903225806,0.011952275439924609,-0.34542857142857175,Decreasing,39.568437499999995,5.829616791316025
101_822,-0.41935483870967744,0.0007884847400962958,-0.355551724137931,Decreasing,46.957187499999996,6.225706402878613
101_823,-0.5161290322580645,3.546525120357025e-05,-0.2558571428571429,Decreasing,43.6865625,3.1557344721306553
101_824,-0.3911290322580645,0.001749399716013178,-0.2624999999999999,Decreasing,50.57625,4.283298779854144
101_825,0.28225806451612906,0.02419069629917514,0.29765151515151517,Increasing,32.80500000000001,5.573721265904853
101_826,0.45376344086021503,0.00035800799918561665,0.36708333333333343,Increasing,36.097741935483874,4.464479675405902
101_827,-0.33064516129032256,0.008210665350528501,-0.14201417004048567,Decreasing,40.044062499999995,2.478951213939829
101_828,-0.0907258064516129,0.47552160598321747,-0.06676923076923058,No significant trend,35.515625,3.3863253844506733
101_829,-0.8064516129032258,9.776668363770114e-11,-0.527904761904762,Decreasing,33.625,5.579157082391569
101_83,-0.8266129032258065,3.299827078251383e-11,-0.7143653846153848,Decreasing,40.430937500000006,6.949753754349412
101_830,-0.45161290322580644,0.00029887973345732455,-0.2755000000000003,Decreasing,39.623125,4.062448797754256
101_831,0.4092741935483871,0.0010539167533933913,0.3849999999999999,Increasing,34.511875,5.980931385192026
101_832,0.5020161290322581,5.77844334197497e-05,0.1965,Increasing,35.1821875,2.8635279097371735
101_833,-0.04435483870967742,0.7334457521953335,-0.050000000000000315,No significant trend,35.72,5.754907145210947
101_834,-0.5423387096774194,1.3863660637269959e-05,-0.2918333333333334,Decreasing,38.343125,4.229516400769123
101_835,-0.2056451612903226,0.1014505333614959,-0.10538961038961042,No significant trend,46.8384375,2.6367452822739152
101_836,-0.6169354838709677,7.574687868050489e-07,-0.6448125,Decreasing,43.966562499999995,6.928677998622374
101_837,-0.7157258064516129,9.432809422449395e-09,-0.3987343358395989,Decreasing,39.5125,4.059670553136055
101_838,-0.8084677419354839,8.780598470536916e-11,-0.5627884615384615,Decreasing,31.01375,5.484861979804051
101_839,-0.6673387096774194,8.7262118642073e-08,-0.8897500000000003,Decreasing,41.809062499999996,9.222452344473988
101_84,-0.7620967741935484,9.740654949297323e-10,-0.7608496732026142,Decreasing,38.15843749999999,7.819022920646399
101_840,-0.8467741935483871,1.0854206422550305e-11,-0.6899999999999988,Decreasing,43.77250000000001,6.561912830874851
101_841,-0.10887096774193548,0.3900801527621489,-0.08507352941176477,No significant trend,37.31875,3.389754554167603
101_842,-0.6693548387096774,7.977093474664798e-08,-0.47789473684210526,Decreasing,48.454375,4.980150560914298
101_843,-0.2620967741935484,0.03644545316257175,-0.17430769230769222,Decreasing,45.6134375,3.82782053636188
101_844,-0.46975806451612906,0.00016841374055021063,-0.3069172932330829,Decreasing,40.99499999999999,3.812814741106628
101_845,-0.13709677419354838,0.27725679757119037,-0.08460317460317451,No significant trend,41.0275,3.14714056724513
101_846,-0.4334677419354839,0.000519836761338599,-0.38365079365079346,Decreasing,39.35125000000001,4.934515395406118
101_847,-0.8145161290322581,6.351164039131163e-11,-0.5736944444444443,Decreasing,38.043125,5.862190523547917
101_848,-0.6733870967741935,6.661159712706421e-08,-0.35136363636363654,Decreasing,31.721249999999998,3.665339129944186
101_849,-0.8689516129032258,3.1008529077780622e-12,-0.7670294117647058,Decreasing,34.934375,7.203398910193368
101_85,-0.6733870967741935,6.661159712706421e-08,-0.5774825174825174,Decreasing,40.1403125,6.1165081359664475
101_850,-0.6330645161290323,3.859708492814917e-07,-0.5035416666666666,Decreasing,35.754999999999995,5.602887090598918
101_851,-0.7439516129032258,2.4068798065712826e-09,-0.4875877192982456,Decreasing,37.2540625,4.970451349836727
101_852,-0.8064516129032258,9.776668363770114e-11,-0.5792368421052636,Decreasing,44.498124999999995,5.662927377635616
101_853,-0.07258064516129033,0.5703230029200781,-0.07954545454545492,No significant trend,44.262187499999996,4.862404069988811
101_854,-0.5504032258064516,1.0295362178336376e-05,-0.33899999999999997,Decreasing,45.5453125,3.950358357458695
101_855,-0.6995967741935484,2.0128545274999965e-08,-0.693447204968944,Decreasing,43.86375,6.624422498414484
101_856,-0.6895161290322581,3.2057687171516136e-08,-0.8280909090909092,Decreasing,40.7375,7.766160570062919
101_857,-0.6592741935483871,1.246354144335271e-07,-0.5088214285714288,Decreasing,41.1925,5.169145238818504
101_858,-0.6814516129032258,4.630511263314929e-08,-0.25775000000000003,Decreasing,49.6615625,3.1642940656003753
101_859,-0.7963709677419355,1.666657922783088e-10,-0.5889999999999997,Decreasing,43.692499999999995,5.488731069199875
101_86,-0.7096774193548387,1.2557821005287906e-08,-0.4553095238095237,Decreasing,33.74875,4.980723937089868
101_860,0.14112903225806453,0.2631677566593238,0.061924242424242326,No significant trend,37.6525,2.956029854382394
101_861,0.06048387096774194,0.6381570271128183,0.01994318181818201,No significant trend,35.601875,2.033310781551851
101_862,-0.44556451612903225,0.0003602388463002093,-0.23549999999999968,Decreasing,30.786562500000002,3.536624988402609
101_863,0.7741935483870968,5.268148139947471e-10,0.4020089285714284,Increasing,37.7490625,4.067980425972297
101_864,0.11290322580645161,0.37244389624576013,0.02409722222222224,No significant trend,34.496562499999996,1.2227264856024629
101_865,-0.4435483870967742,0.0003831828637113066,-0.23291666666666672,Decreasing,39.004999999999995,3.243873070883015
101_866,0.036290322580645164,0.7827940862749598,0.02883241758241739,No significant trend,42.8321875,4.9621855910318144
101_867,-0.8004032258064516,1.3474710236494047e-10,-0.8913571428571427,Decreasing,41.7634375,8.701418925014112
101_868,-0.6733870967741935,6.661159712706421e-08,-0.6099999999999994,Decreasing,41.89625,6.5823095063586905
101_869,-0.8528225806451613,7.736700169402866e-12,-0.9542115384615385,Decreasing,38.1215625,8.77573861185449
101_870,-0.7459677419354839,2.178956348686256e-09,-0.7469999999999999,Decreasing,36.5396875,7.688189596865035
101_871,-0.7580645161290323,1.193087628692524e-09,-0.7305882352941175,Decreasing,34.409375,7.434264395982632
101_872,-0.8366935483870968,1.8986590077929577e-11,-0.7580030959752322,Decreasing,38.933437500000004,7.168373076130577
101_873,-0.6633064516129032,1.0434107045043106e-07,-0.358762626262626,Decreasing,35.9490625,3.815929080328112
101_874,-0.5625,6.538795176869172e-06,-0.7170158102766799,Decreasing,32.969687500000006,7.518688584277431
101_875,-0.6532258064516129,1.6240138478451627e-07,-0.6993749999999996,Decreasing,34.408125,6.63891530932388
101_876,-0.7016129032258065,1.832546869806606e-08,-0.5077935222672065,Decreasing,37.464375000000004,5.333793172721923
101_877,-0.9012096774193549,4.740652315149418e-13,-0.8746499999999999,Decreasing,38.02125,8.159807270242355
101_878,-0.7862903225806451,2.8229885096209273e-10,-0.9985164835164838,Decreasing,42.2684375,10.04687952468794
101_879,-0.7741935483870968,5.268148139947471e-10,-0.84615,Decreasing,39.76625,8.221102324962267
101_880,-0.6370967741935484,3.252720022217659e-07,-0.333811188811189,Decreasing,35.989374999999995,3.539883417483548
101_881,-0.5766129032258065,3.8062807836691803e-06,-0.39226190476190503,Decreasing,30.627499999999998,3.9915058248736157
101_882,-0.9233870967741935,1.254552017826427e-13,-0.9958547008547007,Decreasing,40.1259375,9.48450837529778
101_883,-0.7620967741935484,9.740654949297323e-10,-0.7506521739130434,Decreasing,39.93625,7.542642006452382
101_884,-0.7479838709677419,1.9721104749237384e-09,-0.7174999999999997,Decreasing,37.2871875,6.95543592917394
101_885,-0.8024193548387096,1.21112231354914e-10,-0.775751633986928,Decreasing,39.228125000000006,7.477080578967636
101_886,-0.8508064516129032,8.663292305755022e-12,-1.3354629629629629,Decreasing,34.7203125,12.999971751020992
101_887,-0.4838709677419355,0.00010630450788085,-0.3793181818181821,Decreasing,36.25687500000001,4.6389050684806
101_888,-0.6532258064516129,1.6240138478451627e-07,-0.6390873015873014,Decreasing,38.5440625,6.861881511006566
101_889,-0.6451612903225806,2.303051436225445e-07,-0.6651470588235293,Decreasing,36.8234375,6.632975204129271
101_89,-0.6491935483870968,1.934942726045108e-07,-0.7761538461538463,Decreasing,48.686875,8.656094470624438
101_890,-0.6733870967741935,6.661159712706421e-08,-0.36038461538461547,Decreasing,33.86875,3.734175569988642
101_891,-0.6653225806451613,9.543242263099216e-08,-0.3406048387096773,Decreasing,30.3275,3.6544553287733597
101_892,-0.7318548387096774,4.348602589132611e-09,-0.5854258241758241,Decreasing,44.638437499999995,5.449875634690552
101_894,-0.8931451612903226,7.629452625224076e-13,-0.450208333333333,Decreasing,30.075937500000002,4.252523412174676
101_895,-0.5766129032258065,3.8062807836691803e-06,-0.2718713450292398,Decreasing,34.1225,3.2096261464538207
101_896,-0.5604838709677419,7.057150331224449e-06,-0.42868131868131865,Decreasing,43.711875,4.833160480924982
101_897,-0.038306451612903226,0.7703660224129336,-0.014000000000000058,No significant trend,46.260625000000005,2.348906577404687
101_898,0.14717741935483872,0.24297435488893093,0.06805555555555584,No significant trend,45.0428125,2.8081947430411143
101_899,-0.7096774193548387,1.2557821005287906e-08,-0.4457999999999999,Decreasing,43.391562500000006,4.489195438337894
101_9,-0.8024193548387096,1.21112231354914e-10,-0.5558571428571428,Decreasing,36.384375,5.673449092868905
101_90,-0.3387096774193548,0.006765990939990862,-0.20096982758620685,Decreasing,42.123125,3.4995307163068308
101_900,-0.5161290322580645,3.546525120357025e-05,-0.34612499999999985,Decreasing,50.28093749999999,4.762746948567995
101_901,-0.7096774193548387,1.2557821005287906e-08,-0.2599632352941178,Decreasing,41.590625,2.5688700549803993
101_902,-0.7036290322580645,1.667963900331415e-08,-0.442016806722689,Decreasing,43.9003125,4.375695290733091
101_903,-0.1693548387096774,0.17831360778170335,-0.08686813186813186,No significant trend,46.65125,2.742103150412106
101_904,-0.5907258064516129,2.1883453411586373e-06,-0.29153846153846164,Decreasing,36.004374999999996,3.5266865978386854
101_905,-0.6814516129032258,4.630511263314929e-08,-0.5144314381270905,Decreasing,40.329375,5.094998121626248
101_906,-0.7479838709677419,1.9721104749237384e-09,-0.38496240601503723,Decreasing,35.4734375,3.887988401293624
101_907,-0.5625,6.538795176869172e-06,-0.4000000000000027,Decreasing,35.5540625,4.310650226020867
101_908,-0.6451612903225806,2.303051436225445e-07,-0.3722252747252746,Decreasing,31.61875,4.338838230160235
101_909,-0.22580645161290322,0.07185648599690286,-0.06417543859649118,No significant trend,30.130312500000002,2.4018592855002456
101_91,-0.3790322580645161,0.002425557940292755,-0.18041666666666661,Decreasing,41.321875000000006,2.745628841335805
101_910,0.0,1.0,-0.0006656346749226332,No significant trend,37.6375,1.9345380585555816
101_911,-0.2056451612903226,0.1014505333614959,-0.10477272727272742,No significant trend,38.135000000000005,3.604074083589292
101_912,0.6471774193548387,2.1112575954163049e-07,0.48333333333333334,Increasing,39.68875,5.110530029996889
101_913,0.5141129032258065,3.8055466680564365e-05,0.3441908212560386,Increasing,37.6803125,4.485199608416972
101_914,-0.28830645161290325,0.021293682001457093,-0.28229166666666666,Decreasing,39.2928125,5.205622101617034
101_915,-0.29435483870967744,0.018703634813544978,-0.23428571428571404,Decreasing,40.440937500000004,3.8638293500223004
101_916,-0.7016129032258065,1.832546869806606e-08,-0.5263461538461538,Decreasing,40.194375,6.396724228804537
101_917,-0.8387096774193549,1.6986412276764895e-11,-0.7839166666666668,Decreasing,38.175000000000004,7.614424223143861
101_918,-0.7661290322580645,7.944338520360361e-10,-0.7756428571428571,Decreasing,43.316874999999996,8.155154595982532
101_919,-0.4798387096774194,0.0001213912313333676,-0.3994279176201373,Decreasing,42.92937500000001,5.3043690349913435
101_92,-0.33669354838709675,0.007103959439850094,-0.2290000000000001,Decreasing,41.5928125,3.7845824029665085
101_920,-0.7943548387096774,1.8528600875811208e-10,-1.0637254901960786,Decreasing,48.762812499999995,10.10549393720286
101_921,-0.6411290322580645,2.738397213430943e-07,-0.5372363636363635,Decreasing,41.9415625,5.498697066905373
101_922,-0.09274193548387097,0.4655488870531288,-0.05516666666666635,No significant trend,39.349375,2.964837619394189
101_923,0.04435483870967742,0.7334457521953335,0.020138888888888762,No significant trend,37.3028125,1.783436350096002
101_924,0.4495967741935484,0.000318152821317641,0.1603571428571426,Increasing,37.67125,2.3016430951604985
101_925,0.2923387096774194,0.019534580819994485,0.10356249999999992,Increasing,44.0028125,2.003389681226234
101_926,0.06653225806451613,0.6038119971938696,0.073095238095238,No significant trend,40.803125,4.828205824566202
101_927,0.6733870967741935,6.661159712706421e-08,0.44982758620689794,Increasing,36.1725,4.899538243549079
101_928,0.5806451612903226,3.253640496581056e-06,0.3730714285714286,Increasing,33.82843749999999,4.116307590984151
101_929,-0.7943548387096774,1.8528600875811208e-10,-0.706929411764706,Decreasing,40.223124999999996,6.877042622695821
101_93,-0.2600806451612903,0.03792115065551127,-0.10756410256410262,Decreasing,42.10968750000001,2.566543741560573
101_930,-0.7943548387096774,1.8528600875811208e-10,-0.809645308924485,Decreasing,39.844375,8.056228932284323
101_931,-0.6975806451612904,2.210337290975417e-08,-0.5483478260869565,Decreasing,43.6034375,6.023733585459581
101_932,-0.6129032258064516,8.942580020931956e-07,-0.30582010582010555,Decreasing,32.9246875,3.4048457971461423
101_933,0.5786290322580645,3.519574691690508e-06,0.21156250000000032,Increasing,40.096875000000004,2.410708450720452
101_934,-0.7701612903225806,6.472633540255401e-10,-0.3770833333333332,Decreasing,41.8959375,4.437586519843162
101_935,0.12298387096774194,0.33055966993879626,0.06600000000000036,No significant trend,39.986875,2.552215260195542
101_936,-0.4092741935483871,0.0010539167533933913,-0.157090909090909,Decreasing,39.9078125,2.5077414320148215
101_937,-0.3346774193548387,0.0074570078953755115,-0.17530000000000037,Decreasing,43.990625,3.004483043615823
101_938,-0.7479838709677419,1.9721104749237384e-09,-0.5993888888888887,Decreasing,43.624062499999994,5.684364992775689
101_939,-0.8729838709677419,2.460920356384122e-12,-0.7712946428571429,Decreasing,43.76,7.0466406003144515
101_94,0.375,0.0026994076056261473,0.20482456140350863,Increasing,33.262187499999996,3.827747978883112
101_940,-0.9112903225806451,2.6001423236721166e-13,-0.46966666666666634,Decreasing,41.85124999999999,4.415778350132624
101_941,-0.07459677419354839,0.5593600509011936,-0.07191578947368424,No significant trend,37.168124999999996,4.298054383599049
101_942,-0.7862903225806451,2.8229885096209273e-10,-0.5262500000000004,Decreasing,41.226875,5.493107862073619
101_943,-0.6612903225806451,1.140522314369008e-07,-0.4010416666666664,Decreasing,40.789375,4.0718914044182215
101_944,-0.5725806451612904,4.448281224922468e-06,-0.40000000000000047,Decreasing,40.1290625,4.635716880493647
101_945,-0.006048387096774193,0.974126820887897,-0.001805555555555295,No significant trend,27.955,2.2595104558288726
101_946,-0.8830645161290323,1.3746781490908688e-12,-0.5551190476190473,Decreasing,45.4034375,5.232143806184398
101_947,-0.3245967741935484,0.009469210701438247,-0.20717532467532457,Decreasing,22.6509375,4.369227877565297
101_948,-0.7016129032258065,1.832546869806606e-08,-0.5468103448275863,Decreasing,37.2121875,5.3687037159675475
101_949,-0.7903225806451613,2.2882273853497281e-10,-0.5448084291187738,Decreasing,30.064999999999998,5.275654580239309
101_95,-0.2903225806451613,0.020397595888393294,-0.22666666666666657,Decreasing,43.7803125,4.5575956410528295
101_950,-0.7983870967741935,1.4987833196755673e-10,-0.6115876436781609,Decreasing,36.1134375,5.88786602332235
101_951,-0.8729838709677419,2.460920356384122e-12,-0.82243961352657,Decreasing,39.81375,7.930250528041344
101_952,-0.7399193548387096,2.934484433225748e-09,-0.49122619047619054,Decreasing,45.2978125,4.868356841876297
101_953,-0.7318548387096774,4.348602589132611e-09,-0.3406818181818181,Decreasing,45.869375000000005,3.408592027417625
101_954,-0.625,5.418056365780188e-07,-0.40958333333333263,Decreasing,48.488437499999996,4.38422250046616
101_955,-0.8790322580645161,1.7366108551186699e-12,-0.7523382352941177,Decreasing,38.167812500000004,7.175118350232542
101_956,-0.6774193548387096,5.5566278689411774e-08,-0.5423552631578947,Decreasing,46.29,5.656774699420157
101_957,-0.2318548387096774,0.06450466084662865,-0.14412280701754343,No significant trend,44.7715625,3.328299217857936
101_958,0.2157258064516129,0.08562456353913106,0.11199999999999957,No significant trend,46.67625,2.7399951528241804
101_959,-0.2661290322580645,0.03364043981005893,-0.12572727272727277,Decreasing,47.5790625,2.71797760220605
101_96,0.12298387096774194,0.33055966993879626,0.08125000000000042,No significant trend,44.9640625,3.4535867762507073
101_960,-0.43548387096774194,0.0004893169184720936,-0.19592592592592595,Decreasing,46.768125,2.8127404758304664
101_961,-0.6653225806451613,9.543242263099216e-08,-0.41944444444444384,Decreasing,49.48625,4.206415301358153
101_962,-0.48185483870967744,0.00011361189113179293,-0.3655000000000002,Decreasing,29.528750000000002,4.498705195664638
101_963,-0.6149193548387096,8.23131043548031e-07,-0.5147739130434781,Decreasing,45.684375,5.609799426840054
101_964,-0.6431451612903226,2.5116283208781454e-07,-0.5547961956521738,Decreasing,47.494375,6.176202280477463
101_965,-0.34274193548387094,0.0061330741504750375,-0.21567251461988296,Decreasing,46.8971875,4.3902179860279995
101_966,-0.8064516129032258,9.776668363770114e-11,-0.7209375,Decreasing,37.468125,6.88244571241757
101_967,-0.6935483870967742,2.6632843708185305e-08,-0.6331874999999998,Decreasing,34.3528125,6.265470969116667
101_968,-0.5826612903225806,3.0070381287217174e-06,-0.3782121212121212,Decreasing,42.7515625,3.7931378084105707
101_969,-0.8185483870967742,5.111089329545848e-11,-0.6709265734265735,Decreasing,38.6553125,6.241466666765413
101_97,-0.7258064516129032,5.824971616164021e-09,-0.5142564102564102,Decreasing,46.863125,5.288275024464499
101_970,-0.5443548387096774,1.2874583818822671e-05,-0.2865333333333332,Decreasing,39.763125,3.4574380304460988
101_971,-0.8850806451612904,1.2225775947172224e-12,-0.778209090909091,Decreasing,34.500625,7.4441134199698356
101_972,-0.5221774193548387,2.8661968966448015e-05,-0.2936309523809522,Decreasing,21.6075,3.5491513070028446
101_973,-0.7379032258064516,3.238943557803964e-09,-0.45432142857142876,Decreasing,25.9528125,4.638071551285486
101_974,-0.7520161290322581,1.6142178704825483e-09,-0.414078947368421,Decreasing,23.302812499999998,4.222496473041008
101_975,-0.6975806451612904,2.210337290975417e-08,-0.38038461538461554,Decreasing,32.356875,3.9301880024211315
101_976,-0.875,2.191358206005134e-12,-0.5265833333333333,Decreasing,39.8021875,5.093908576902784
101_977,-0.8568548387096774,6.165290500348419e-12,-0.9378461538461539,Decreasing,27.433125,9.727547043544687
101_978,-0.6955645161290323,2.4265743192586342e-08,-0.812391304347826,Decreasing,30.3159375,8.440871496539545
101_979,-0.8790322580645161,1.7366108551186699e-12,-0.48818181818181794,Decreasing,38.9228125,4.772124287447232
101_98,0.004032258064516129,0.9870617094920746,0.00020833333333329188,No significant trend,48.4540625,3.298288248636518
101_980,-0.6108870967741935,9.712842008458011e-07,-0.27742105263157896,Decreasing,38.3675,3.2895164918267246
101_981,-0.8326612903225806,2.3702817486537242e-11,-0.615735294117647,Decreasing,33.7790625,5.851943245289872
101_982,-0.8145161290322581,6.351164039131163e-11,-0.8282857142857143,Decreasing,43.266562500000006,8.243522308976532
101_983,-0.655241935483871,1.4872514997321673e-07,-0.5974649859943978,Decreasing,48.0859375,6.499618190408861
101_984,-0.5766129032258065,3.8062807836691803e-06,-0.5536000000000001,Decreasing,39.927187499999995,6.1250235889214135
101_985,-0.6008064516129032,1.4625443411908634e-06,-0.47624999999999995,Decreasing,43.168125,5.5613270884182855
101_986,-0.5564516129032258,8.214164165520899e-06,-0.41544891640866854,Decreasing,42.8103125,4.7745552701108975
101_987,-0.40725806451612906,0.0011160599546666816,-0.16068681318681305,Decreasing,50.779062499999995,2.935442214742738
101_988,-0.7157258064516129,9.432809422449395e-09,-0.3228598484848485,Decreasing,35.216875,3.545832445896873
101_989,-0.7338709677419355,3.942868698203483e-09,-0.5102941176470592,Decreasing,41.1725,4.981826974113011
101_99,-0.4274193548387097,0.0006223743467113074,-0.4441304347826085,Decreasing,43.830312500000005,6.066344906724622
101_990,-0.7762096774193549,4.750932980357447e-10,-0.38305555555555537,Decreasing,37.3034375,3.8555841073167825
101_991,-0.5463709677419355,1.1953055304658733e-05,-0.2550000000000011,Decreasing,45.524375000000006,3.586668838821756
101_992,-0.6935483870967742,2.6632843708185305e-08,-0.6552380952380954,Decreasing,46.4,6.738952069869618
101_993,-0.7842741935483871,3.1343416750928554e-10,-0.5679238095238095,Decreasing,35.36875,5.349606147886029
101_994,-0.8709677419354839,2.7626789744772395e-12,-0.7165151515151515,Decreasing,37.338125,6.555566545644625
101_995,-0.7016129032258065,1.832546869806606e-08,-0.46937499999999976,Decreasing,38.341875,4.909337046320512
101_996,-0.7943548387096774,1.8528600875811208e-10,-0.8519883040935672,Decreasing,37.739999999999995,8.275649521336678
101_997,0.7943548387096774,1.8528600875811208e-10,1.0630952380952374,Increasing,35.499375,10.369368030857764
101_998,-0.37298387096774194,0.002846673252961729,-0.2116250000000003,Decreasing,40.23375,2.8127341569192064
147_1,-0.9233870967741935,1.254552017826427e-13,-0.7439428571428572,Decreasing,28.04,7.185641063955254
147_10,-0.7943548387096774,1.8528600875811208e-10,-0.593809523809524,Decreasing,30.671875,5.930033957269975
147_100,-0.8245967741935484,3.682676386063122e-11,-0.4652777777777778,Decreasing,37.853125000000006,4.540010626020053
147_101,-0.7116935483870968,1.1418290979392509e-08,-0.2502272727272727,Decreasing,37.405312499999994,2.526286781492503
147_102,-0.5806451612903226,3.253640496581056e-06,-0.4604545454545459,Decreasing,24.93625,5.9784089386307455
147_103,-0.7540322580645161,1.4598573461199749e-09,-0.4104347826086955,Decreasing,37.4703125,4.0865499540986585
147_104,-0.5040322580645161,5.3932561817182645e-05,-0.46333333333333304,Decreasing,37.404375,5.7265145035505665
147_105,-0.7379032258064516,3.238943557803964e-09,-0.7238181818181815,Decreasing,36.746249999999996,7.025536789989786
147_106,-0.8346774193548387,2.121680608979659e-11,-0.7350000000000014,Decreasing,35.339375000000004,6.745972843806518
147_107,-0.875,2.191358206005134e-12,-0.9254195804195804,Decreasing,35.4746875,8.766382871649158
147_108,-0.5604838709677419,7.057150331224449e-06,-0.5037912087912092,Decreasing,37.746875,5.679295971718237
147_109,-0.907258064516129,3.3084646133829665e-13,-0.8515625,Decreasing,38.5315625,8.182338873060303
147_11,-0.7883064516129032,2.541908905584478e-10,-0.6828124999999998,Decreasing,48.6259375,6.519777536165919
147_110,-0.8387096774193549,1.6986412276764895e-11,-0.7686036789297658,Decreasing,43.1096875,7.321308150005963
147_111,-0.6451612903225806,2.303051436225445e-07,-0.3688562091503267,Decreasing,37.3365625,4.104510940245349
147_112,-0.7217741935483871,7.0691399400857335e-09,-0.5588888888888891,Decreasing,33.3725,5.605233603517341
147_113,-0.8709677419354839,2.7626789744772395e-12,-0.5017669172932331,Decreasing,36.896562499999995,5.098087024423352
147_114,-0.8306451612903226,2.6473268022186858e-11,-0.4670757575757578,Decreasing,39.106249999999996,4.474693250659759
147_115,-0.7903225806451613,2.2882273853497281e-10,-0.6886956521739129,Decreasing,38.5703125,6.68243335375249
147_116,-0.6491935483870968,1.934942726045108e-07,-0.34433333333333316,Decreasing,34.88125000000001,3.6868022644969716
147_117,-0.655241935483871,1.4872514997321673e-07,-0.6164381270903012,Decreasing,41.900625,6.441179500633017
147_118,-0.7379032258064516,3.238943557803964e-09,-0.7460714285714286,Decreasing,34.07968749999999,7.290766199607813
147_119,-0.75,1.7844419275547807e-09,-0.5777818627450981,Decreasing,36.2059375,5.843513422684485
147_12,-0.4495967741935484,0.000318152821317641,-0.44846153846153847,Decreasing,41.583437499999995,6.16878817585705
147_120,-0.7258064516129032,5.824971616164021e-09,-0.7848504273504273,Decreasing,33.0325,7.43936573237262
147_121,-0.780241935483871,3.8608760632996564e-10,-0.5780000000000001,Decreasing,30.5203125,5.7217083792643395
147_122,-0.6491935483870968,1.934942726045108e-07,-0.6521111111111111,Decreasing,40.6015625,6.8402956393414565
147_123,-0.5241935483870968,2.6684265470366952e-05,-0.2942982456140355,Decreasing,35.533125,3.6812119586319665
147_124,-0.5705645161290323,4.806988263883483e-06,-0.5491666666666666,Decreasing,39.137812499999995,5.531737822768153
147_125,-0.3588709677419355,0.004100666980662471,-0.13852380952380938,Decreasing,40.0990625,2.1429745089696586
147_126,-0.8044354838709677,1.0882916789967112e-10,-0.7130571428571428,Decreasing,43.67,7.245930323291827
147_127,-0.08064516129032258,0.5270983110287553,-0.029765217391304347,No significant trend,44.95875000000001,1.6492701984514238
147_128,-0.6592741935483871,1.246354144335271e-07,-0.48305555555555546,Decreasing,42.413125,4.938069231427907
147_129,0.7399193548387096,2.934484433225748e-09,0.36846590909090926,Increasing,38.9371875,3.8086572719061706
147_13,-0.6391129032258065,2.984879994283318e-07,-0.3389736842105263,Decreasing,39.280625,3.6616815958484157
147_130,-0.5846774193548387,2.7784224061466745e-06,-0.23949999999999982,Decreasing,46.7496875,2.951396369067318
147_131,-0.6451612903225806,2.303051436225445e-07,-0.5519433198380566,Decreasing,42.0696875,5.712371707736091
147_132,0.6028225806451613,1.3482705789602534e-06,0.40421182266009853,Increasing,39.63875,4.4804957524251705
147_133,-0.7540322580645161,1.4598573461199749e-09,-0.46685185185185185,Decreasing,38.219375,4.832664209250939
147_134,-0.5423387096774194,1.3863660637269959e-05,-0.33250374812593697,Decreasing,37.490625,3.8824597047973337
147_135,-0.4032258064516129,0.0012506303657648932,-0.12769736842105292,Decreasing,43.11625,2.3975035844603036
147_136,-0.8306451612903226,2.6473268022186858e-11,-0.5139230769230769,Decreasing,41.391562500000006,5.105976956821657
147_137,-0.8225806451612904,4.108913209677212e-11,-0.8123541666666669,Decreasing,36.6209375,7.650471945971291
147_138,-0.6875,3.5157899258564385e-08,-0.41973684210526396,Decreasing,39.4925,4.32372235463842
147_139,-0.6330645161290323,3.859708492814917e-07,-0.723235294117647,Decreasing,34.5125,7.795465428696351
147_14,-0.4213709677419355,0.0007434794433867076,-0.21999999999999947,Decreasing,45.2371875,2.9314770534397416
147_140,-0.7681451612903226,7.171752081092109e-10,-0.5031111111111111,Decreasing,31.916562499999998,4.930002287889302
147_141,-0.7741935483870968,5.268148139947471e-10,-0.7035000000000002,Decreasing,32.088125,7.063460305287699
147_142,-0.7762096774193549,4.750932980357447e-10,-0.612855072463768,Decreasing,36.108125,6.43129722407346
147_143,-0.2600806451612903,0.03792115065551127,-0.0492424242424241,Decreasing,35.340312499999996,1.149416929292304
147_144,-0.7862903225806451,2.8229885096209273e-10,-0.6629166666666668,Decreasing,35.9284375,6.366119849138386
147_145,-0.6290322580645161,4.5753051591823635e-07,-0.6612142857142859,Decreasing,31.881875,7.020256600322741
147_146,-0.7479838709677419,1.9721104749237384e-09,-0.6623863636363636,Decreasing,37.159687500000004,6.934135889016291
147_147,-0.5987903225806451,1.5861008195727777e-06,-0.46578571428571425,Decreasing,34.363749999999996,5.170252502296189
147_148,-0.5443548387096774,1.2874583818822671e-05,-0.32387499999999997,Decreasing,45.014062499999994,3.721633427823561
147_149,-0.05040322580645161,0.697131994304151,-0.018117647058823655,No significant trend,42.901875,2.6690136725717615
147_15,-0.6975806451612904,2.210337290975417e-08,-0.3210714285714287,Decreasing,44.138125,3.15681350167776
147_150,-0.7419354838709677,2.657962294705385e-09,-0.43635714285714305,Decreasing,39.915,4.555384176993199
147_151,-0.75,1.7844419275547807e-09,-0.7069444444444446,Decreasing,35.07,7.617251390757692
147_152,0.010080645161290322,0.9482808409102057,0.02128571428571445,No significant trend,35.1146875,4.502413925034409
147_153,-0.06653225806451613,0.6038119971938696,-0.057547619047619125,No significant trend,36.910312499999996,4.356227929911812
147_154,-0.07862903225806452,0.5377458862517748,-0.038090909090909175,No significant trend,27.4021875,2.710659207617909
147_155,-0.7258064516129032,5.824971616164021e-09,-0.5319999999999999,Decreasing,44.105937499999996,5.453652365258877
147_156,-0.5040322580645161,5.3932561817182645e-05,-0.21480769230769248,Decreasing,41.319375,2.890714593206151
147_157,-0.7278225806451613,5.285553328349124e-09,-0.3120833333333337,Decreasing,40.845937500000005,3.3713831169260113
147_158,-0.6915322580645161,2.9223376829534686e-08,-0.5845833333333337,Decreasing,40.145312499999996,6.007777243069498
147_159,-0.7439516129032258,2.4068798065712826e-09,-0.6545617816091954,Decreasing,42.6903125,6.357562172511076
147_16,-0.6491935483870968,1.934942726045108e-07,-0.2816025641025641,Decreasing,26.91125,3.1176721584380873
147_160,-0.7379032258064516,3.238943557803964e-09,-0.6149808429118773,Decreasing,23.9015625,6.115546331571182
147_161,0.39919354838709675,0.0014000474750610614,0.21086956521739147,Increasing,35.4615625,3.1032433732457645
147_162,-0.375,0.0026994076056261473,-0.2807608695652173,Decreasing,28.7634375,3.9932721618484446
147_163,-0.5060483870967742,5.032482653111181e-05,-0.29283834586466173,Decreasing,45.2634375,3.9880764547076764
147_164,-0.8125,7.077094466012568e-11,-0.5407142857142858,Decreasing,39.910000000000004,5.279443034070924
147_165,-0.8064516129032258,9.776668363770114e-11,-0.3851315789473678,Decreasing,35.707499999999996,3.7284430396614616
147_166,-0.7883064516129032,2.541908905584478e-10,-0.5999999999999996,Decreasing,32.8634375,5.574449305410693
147_167,-0.46774193548387094,0.0001796761088148635,-0.37461538461538463,Decreasing,27.0053125,4.6137166311276365
147_168,-0.5705645161290323,4.806988263883483e-06,-0.4895535714285715,Decreasing,25.9209375,5.838591096839523
147_169,-0.6693548387096774,7.977093474664798e-08,-0.5368954248366015,Decreasing,22.7690625,5.56358605092918
147_17,-0.5282258064516129,2.31113806963279e-05,-0.23185096153846152,Decreasing,41.529375,2.9523274055183997
147_170,-0.7862903225806451,2.8229885096209273e-10,-0.4437037037037037,Decreasing,44.817499999999995,4.3058194632380955
147_171,-0.592741935483871,2.019923096563403e-06,-0.47630952380952374,Decreasing,37.54718749999999,5.431508903135827
147_172,-0.6633064516129032,1.0434107045043106e-07,-0.409190476190476,Decreasing,34.94500000000001,4.324636545422054
147_173,-0.5564516129032258,8.214164165520899e-06,-0.5619523809523811,Decreasing,39.9428125,6.283715677435108
147_174,-0.75,1.7844419275547807e-09,-0.9018253968253969,Decreasing,39.480625,8.61675473187992
147_175,-0.8387096774193549,1.6986412276764895e-11,-0.6541477272727272,Decreasing,29.925312499999997,6.314572919235611
147_176,-0.6693548387096774,7.977093474664798e-08,-0.7799404761904762,Decreasing,39.0853125,8.284560558795123
147_177,-0.8467741935483871,1.0854206422550305e-11,-0.6150000000000002,Decreasing,35.3628125,5.810967665960959
147_178,-0.7419354838709677,2.657962294705385e-09,-0.5764583333333333,Decreasing,37.496562499999996,5.715155077387992
147_179,-0.6512096774193549,1.772900197760663e-07,-0.5526666666666669,Decreasing,26.488125,5.3369481198879
147_18,-0.4536290322580645,0.000280704353313066,-0.26262443438914007,Decreasing,37.2109375,3.2178859125353947
147_180,-0.717741935483871,8.570263387852606e-09,-0.27732492997198893,Decreasing,32.9153125,2.9834836856171596
147_181,-0.8588709677419355,5.501599176227501e-12,-0.854909090909091,Decreasing,39.770937499999995,8.435272061178214
147_182,-0.8366935483870968,1.8986590077929577e-11,-0.615,Decreasing,36.7434375,5.892825939953916
147_183,-0.8649193548387096,3.903322109977125e-12,-0.9010314685314688,Decreasing,39.2528125,8.420151881934421
147_184,-0.7258064516129032,5.824971616164021e-09,-0.5217142857142858,Decreasing,43.36625,4.975534990078955
147_185,-0.7459677419354839,2.178956348686256e-09,-0.6009090909090908,Decreasing,34.424062500000005,6.218818145041206
147_186,-0.6955645161290323,2.4265743192586342e-08,-0.35540740740740745,Decreasing,41.932500000000005,3.8740248773078374
147_187,-0.6411290322580645,2.738397213430943e-07,-0.5117094017094019,Decreasing,34.301249999999996,4.898027504771691
147_188,-0.8266129032258065,3.299827078251383e-11,-0.5756249999999998,Decreasing,33.139375,5.518083871179832
147_189,-0.7580645161290323,1.193087628692524e-09,-0.5624,Decreasing,37.0990625,5.388888660576849
147_19,-0.05040322580645161,0.697131994304151,-0.021666666666666584,No significant trend,40.7059375,3.0451876577796892
147_190,-0.5786290322580645,3.519574691690508e-06,-0.5087087912087911,Decreasing,42.000625,5.4548515891245835
147_191,-0.7419354838709677,2.657962294705385e-09,-0.5995833333333334,Decreasing,40.590312499999996,5.929648221213781
147_192,-0.717741935483871,8.570263387852606e-09,-0.5408166666666667,Decreasing,35.799375,5.54451358185504
147_193,-0.7661290322580645,7.944338520360361e-10,-0.4248750000000003,Decreasing,40.488437499999996,4.343669322542146
147_194,-0.8346774193548387,2.121680608979659e-11,-0.6476461538461538,Decreasing,29.567187500000003,6.330190673656186
147_195,-0.780241935483871,3.8608760632996564e-10,-0.4237651821862347,Decreasing,34.267812500000005,4.206870670681921
147_196,-0.1935483870967742,0.12342316732733916,-0.12406249999999996,No significant trend,41.590312499999996,3.2829497829457805
147_197,0.1975806451612903,0.11571975521880828,0.09027777777777792,No significant trend,32.8503125,2.806625514268648
147_198,-0.5443548387096774,1.2874583818822671e-05,-0.3856923076923077,Decreasing,41.541250000000005,4.564592499610453
147_199,-0.47580645161290325,0.0001384805488402474,-0.26899610136452234,Decreasing,38.363749999999996,3.8019211837569697
147_2,-0.5806451612903226,3.253640496581056e-06,-0.42761538461538456,Decreasing,36.745937500000004,4.964866475656093
147_20,0.8306451612903226,2.6473268022186858e-11,0.6790833333333339,Increasing,38.4790625,6.603391344308904
147_200,-0.6028225806451613,1.3482705789602534e-06,-0.21277777777777807,Decreasing,43.394062500000004,2.7537994881787875
147_201,-0.530241935483871,2.1500434668642043e-05,-0.2997916666666666,Decreasing,34.4071875,3.5575406132388356
147_202,-0.4112903225806452,0.0009949884229842887,-0.18175000000000002,Decreasing,33.924375,2.533187144562162
147_203,-0.41935483870967744,0.0007884847400962958,-0.1507142857142859,Decreasing,40.423125,1.974582926689837
147_204,-0.6673387096774194,8.7262118642073e-08,-0.4354999999999999,Decreasing,42.068124999999995,4.478727803112732
147_205,-0.16330645161290322,0.19452239535329507,-0.10772727272727262,No significant trend,34.0009375,4.557839646816652
147_206,-0.8245967741935484,3.682676386063122e-11,-0.5869805194805194,Decreasing,40.101875,5.799813810319691
147_207,-0.7419354838709677,2.657962294705385e-09,-0.5181749999999998,Decreasing,43.0428125,5.262768540876917
147_208,-0.5120967741935484,4.0824601233779845e-05,-0.22625714285714293,Decreasing,39.93718749999999,3.1077526389408394
147_209,0.47580645161290325,0.0001384805488402474,0.21775862068965549,Increasing,40.704375,2.805558029942529
147_21,-0.04233870967741935,0.7456889190979843,-0.02744565217391287,No significant trend,34.493125,2.3230589175427725
147_210,-0.7661290322580645,7.944338520360361e-10,-0.37390756302521044,Decreasing,41.646875,3.7326611129829343
147_211,-0.6935483870967742,2.6632843708185305e-08,-0.30461538461538484,Decreasing,39.9790625,3.258143987931434
147_212,-0.6229838709677419,5.893720071981079e-07,-0.4452769230769233,Decreasing,29.3659375,4.896875189454368
147_213,-0.5625,6.538795176869172e-06,-0.34137820512820516,Decreasing,39.7559375,3.661876960124924
147_214,-0.9032258064516129,4.205524817280093e-13,-0.48854166666666676,Decreasing,34.3984375,4.632521660348039
147_215,-0.5967741935483871,1.7196589441326182e-06,-0.37132211538461535,Decreasing,34.637812499999995,4.150798668912255
147_216,-0.7943548387096774,1.8528600875811208e-10,-0.623980263157895,Decreasing,33.438125,5.841823044596182
147_217,-0.7641129032258065,8.797895745260575e-10,-0.5582608695652173,Decreasing,40.93124999999999,5.608890125283255
147_218,0.31451612903225806,0.011952275439924609,0.24666666666666615,Increasing,33.294374999999995,4.161608716515166
147_219,-0.6512096774193549,1.772900197760663e-07,-0.3326666666666668,Decreasing,46.171875,3.6021299580074846
147_22,0.532258064516129,1.999674165320542e-05,0.2500000000000002,Increasing,47.53093750000001,3.48828338815724
147_220,-0.7237903225806451,6.417795184177066e-09,-0.47468749999999993,Decreasing,41.58562499999999,4.881113434389229
147_221,-0.8387096774193549,1.6986412276764895e-11,-0.687280701754386,Decreasing,33.4421875,6.906012658534862
147_222,-0.7520161290322581,1.6142178704825483e-09,-0.538,Decreasing,30.387187500000003,5.061261104195648
147_223,-0.7600806451612904,1.0781671111459445e-09,-0.5207549857549859,Decreasing,40.302499999999995,5.219698267141502
147_224,-0.8467741935483871,1.0854206422550305e-11,-0.5661111111111112,Decreasing,41.868125,5.413911731306208
147_225,-0.0907258064516129,0.47552160598321747,-0.04527777777777768,No significant trend,25.320625,2.4154644189834387
147_226,-0.7298387096774194,4.794858066148322e-09,-0.5205882352941177,Decreasing,36.879687499999996,5.205637859796218
147_227,-0.8225806451612904,4.108913209677212e-11,-0.660333333333334,Decreasing,36.045,5.917352659762641
147_228,-0.8870967741935484,1.0869083411080283e-12,-0.7388888888888889,Decreasing,33.6675,7.020981501898435
147_229,-0.8205645161290323,4.583267099178556e-11,-0.5310000000000001,Decreasing,27.447499999999998,5.273087923598467
147_23,0.2842741935483871,0.023189178620686146,0.25981203007518816,Increasing,39.301875,4.902577407280277
147_230,-0.6411290322580645,2.738397213430943e-07,-0.44937499999999986,Decreasing,34.987812500000004,4.771224773561161
147_231,-0.12298387096774194,0.33055966993879626,-0.047386363636363685,No significant trend,41.9871875,2.3251495037618004
147_232,-0.6713709677419355,7.29042284319803e-08,-0.3043181818181818,Decreasing,36.082499999999996,3.1736296255234318
147_233,-0.6592741935483871,1.246354144335271e-07,-0.590357142857143,Decreasing,42.8090625,6.007017437638562
147_235,-0.7681451612903226,7.171752081092109e-10,-0.6099999999999999,Decreasing,45.3484375,5.999512537164478
147_236,-0.7096774193548387,1.2557821005287906e-08,-0.4558333333333335,Decreasing,38.1246875,4.076547240293402
147_237,-0.8245967741935484,3.682676386063122e-11,-0.4497368421052631,Decreasing,40.668124999999996,4.301694751417749
147_24,-0.0967741935483871,0.44595658115373604,-0.1175694444444444,No significant trend,38.713125,4.856309322353242
147_25,-0.7540322580645161,1.4598573461199749e-09,-0.6774019607843138,Decreasing,33.950625,6.751530353140316
147_26,-0.7116935483870968,1.1418290979392509e-08,-0.4771874999999998,Decreasing,31.049999999999997,4.904165321438501
147_27,-0.7923387096774194,2.0593349248088089e-10,-0.8123125,Decreasing,34.5290625,7.399529275304866
147_28,-0.18548387096774194,0.14002518868117475,-0.11121794871794871,No significant trend,31.6003125,3.0300314399926203
147_29,-0.4536290322580645,0.000280704353313066,-0.23158333333333345,Decreasing,36.1159375,3.4052632601744244
147_3,-0.9213709677419355,1.4166445794216997e-13,-0.5790117647058821,Decreasing,37.9428125,5.439174014944157
147_30,-0.7923387096774194,2.0593349248088089e-10,-0.7222008547008547,Decreasing,34.518125,7.067608522999488
147_31,-0.8669354838709677,3.4794389591752406e-12,-0.8424999999999999,Decreasing,35.029375,7.848718421460601
147_32,-0.4375,0.0004604747348062599,-0.32308823529411734,Decreasing,37.310625,4.144158492308782
147_33,-0.4213709677419355,0.0007434794433867076,-0.39034313725490205,Decreasing,43.208124999999995,5.66487777753192
147_34,-0.625,5.418056365780188e-07,-0.31696153846153846,Decreasing,36.7246875,3.3299605706890505
147_35,-0.782258064516129,3.479141419404641e-10,-0.9506845238095238,Decreasing,37.705,9.156644786710904
147_36,-0.7903225806451613,2.2882273853497281e-10,-0.8039423076923076,Decreasing,32.3296875,7.924769903747601
147_37,-0.7943548387096774,1.8528600875811208e-10,-0.7522064777327934,Decreasing,36.747812499999995,7.499673632221854
147_38,-0.8346774193548387,2.121680608979659e-11,-0.6505208333333338,Decreasing,38.378125,6.0511483607968986
147_39,-0.9133064516129032,2.304822999121825e-13,-0.6159393939393942,Decreasing,40.0421875,6.118387621738569
147_4,-0.8709677419354839,2.7626789744772395e-12,-0.5650000000000001,Decreasing,33.979375000000005,5.482390524157778
147_40,-0.7116935483870968,1.1418290979392509e-08,-0.4821250000000002,Decreasing,39.905312499999994,5.1280503022439
147_41,-0.8306451612903226,2.6473268022186858e-11,-0.6025331564986736,Decreasing,37.4409375,6.081608216261037
147_42,-0.8205645161290323,4.583267099178556e-11,-0.7808333333333333,Decreasing,40.0159375,7.776890790739815
147_43,-0.5967741935483871,1.7196589441326182e-06,-0.35630681818181803,Decreasing,36.494375,4.093061153876766
147_44,-0.7842741935483871,3.1343416750928554e-10,-0.5505000000000002,Decreasing,42.5425,5.4318591430559025
147_45,-0.47580645161290325,0.0001384805488402474,-0.13083333333333336,Decreasing,40.2146875,2.1560177184670226
147_46,-0.75,1.7844419275547807e-09,-0.5778888888888891,Decreasing,40.591562499999995,5.759789009468467
147_47,-0.6975806451612904,2.210337290975417e-08,-0.6080402930402931,Decreasing,43.4571875,6.280634041626988
147_48,-0.7963709677419355,1.666657922783088e-10,-0.627032967032967,Decreasing,36.188125,6.207940196584935
147_49,-0.8629032258064516,4.377387341492067e-12,-0.5962019230769233,Decreasing,42.0034375,5.749279090337653
147_5,-0.6754032258064516,6.084656289928603e-08,-0.5197727272727268,Decreasing,53.88875,5.830599642189472
147_50,-0.875,2.191358206005134e-12,-0.9861229946524063,Decreasing,43.568749999999994,9.710101940118857
147_51,-0.4717741935483871,0.00015781793261271382,-0.23000000000000015,Decreasing,38.26875,2.9995226182677803
147_52,-0.7762096774193549,4.750932980357447e-10,-0.5667608695652173,Decreasing,39.111562500000005,5.601757039857561
147_53,-0.7258064516129032,5.824971616164021e-09,-0.6275000000000002,Decreasing,43.37375,6.565681490713665
147_54,-0.3004032258064516,0.016393501482819373,-0.09431677018633544,Decreasing,36.2775,2.562256085952378
147_55,-0.8366935483870968,1.8986590077929577e-11,-0.7980357142857145,Decreasing,35.27125,7.46607023054967
147_56,-0.9032258064516129,4.205524817280093e-13,-0.9237980769230769,Decreasing,40.95375,8.753905110720586
147_57,-0.7762096774193549,4.750932980357447e-10,-0.5752,Decreasing,40.953125,5.48040511589928
147_58,-0.7903225806451613,2.2882273853497281e-10,-0.6609299516908214,Decreasing,39.4328125,6.474364946837933
147_59,-0.6411290322580645,2.738397213430943e-07,-0.591547619047619,Decreasing,44.596875,6.678305098179851
147_6,-0.6149193548387096,8.23131043548031e-07,-0.32196428571428576,Decreasing,39.9296875,3.690476327974988
147_60,-0.7157258064516129,9.432809422449395e-09,-0.6022549019607846,Decreasing,42.627187500000005,6.338291486263767
147_61,-0.8528225806451613,7.736700169402866e-12,-0.49621428571428583,Decreasing,39.80500000000001,4.792566509710637
147_62,-0.21169354838709678,0.09169739408279987,-0.13760000000000006,No significant trend,36.06,2.9973477859601148
147_63,-0.7903225806451613,2.2882273853497281e-10,-0.671421568627451,Decreasing,36.3575,6.635205347236813
147_64,-0.5362903225806451,1.7284429657316025e-05,-0.3723333333333334,Decreasing,41.24125,4.544995015123779
147_65,-0.8064516129032258,9.776668363770114e-11,-0.5639285714285713,Decreasing,37.339999999999996,5.563198832506348
147_66,-0.6310483870967742,4.2028371116664687e-07,-0.35675000000000023,Decreasing,41.6021875,3.9068663388761777
147_67,-0.7661290322580645,7.944338520360361e-10,-0.8816666666666677,Decreasing,45.780625,8.178759432785329
147_68,-0.532258064516129,1.999674165320542e-05,-0.576666666666666,Decreasing,41.4884375,6.259046507543601
147_69,-0.7479838709677419,1.9721104749237384e-09,-0.9393750000000023,Decreasing,43.439062500000006,9.151550537810177
147_7,-0.7862903225806451,2.8229885096209273e-10,-0.47788461538461524,Decreasing,40.616875,4.923639048953019
147_70,-0.6733870967741935,6.661159712706421e-08,-0.688809523809524,Decreasing,46.3615625,6.8151059737610655
147_71,-0.8346774193548387,2.121680608979659e-11,-1.044151515151515,Decreasing,44.2534375,9.985890236157903
147_72,-0.5584677419354839,7.614672716593773e-06,-0.33375,Decreasing,43.1815625,4.057547064864898
147_73,-0.6975806451612904,2.210337290975417e-08,-0.31499999999999995,Decreasing,38.625625,3.2191593793061877
147_74,-0.7963709677419355,1.666657922783088e-10,-0.4864661654135337,Decreasing,35.838125,4.925697563226451
147_75,-0.8588709677419355,5.501599176227501e-12,-0.835952380952381,Decreasing,38.303125,8.145444830356105
147_76,0.27419354838709675,0.028580768516166755,0.12454545454545463,Increasing,38.98125,2.4671298481231183
147_77,-0.26814516129032256,0.03230858389449276,-0.06377976190476214,Decreasing,40.044375,1.527966249422741
147_78,-0.7540322580645161,1.4598573461199749e-09,-0.501801242236025,Decreasing,29.9790625,5.392292160676548
147_79,-0.7782258064516129,4.2833958602273015e-10,-0.6700000000000017,Decreasing,46.7675,6.759118840499847
147_8,-0.3689516129032258,0.003163426250587742,-0.20631249999999973,Decreasing,48.2684375,3.6097490471767903
147_80,-0.4778225806451613,0.0001296708328921703,-0.25903225806451635,Decreasing,41.331875000000004,3.428092069121685
147_81,-0.5987903225806451,1.5861008195727777e-06,-0.7189473684210526,Decreasing,47.5209375,7.626538516659688
147_82,-0.6935483870967742,2.6632843708185305e-08,-0.6138690476190476,Decreasing,42.85875,6.649713222199886
147_83,-0.7379032258064516,3.238943557803964e-09,-0.5377380952380955,Decreasing,38.340937499999995,5.57819267290883
147_84,-0.7137096774193549,1.0379506365509883e-08,-0.59535,Decreasing,39.8321875,5.968196824824375
147_85,-0.9395161290322581,4.6851411639181606e-14,-0.82,Decreasing,38.885625,7.705198301106532
147_86,-0.7963709677419355,1.666657922783088e-10,-0.7620982142857142,Decreasing,40.7553125,7.4935426303147
147_87,-0.6149193548387096,8.23131043548031e-07,-0.5073863636363637,Decreasing,40.260625000000005,5.537461589878074
147_88,-0.6088709677419355,1.054676987966019e-06,-0.4041883116883117,Decreasing,39.6384375,4.466554956965575
147_89,-0.7620967741935484,9.740654949297323e-10,-0.5049137931034482,Decreasing,34.4946875,4.945974363292207
147_9,-0.717741935483871,8.570263387852606e-09,-0.4067788461538462,Decreasing,44.92125,4.1717163359341685
147_90,-0.8407258064516129,1.5192958002785417e-11,-0.7588562091503268,Decreasing,41.636562500000004,7.349140089737965
147_91,-0.6169354838709677,7.574687868050489e-07,-0.3934057971014492,Decreasing,40.729375000000005,4.147655917427939
147_92,-0.6733870967741935,6.661159712706421e-08,-0.771434634974533,Decreasing,39.2703125,8.251547765561547
147_93,-0.34475806451612906,0.00583705710745952,-0.2487330316742079,Decreasing,41.909375,4.006998516268131
147_94,-0.6895161290322581,3.2057687171516136e-08,-0.42773657289002553,Decreasing,29.9890625,4.3241136081391005
147_95,-0.8387096774193549,1.6986412276764895e-11,-0.5704861111111108,Decreasing,26.221875,5.631760069851609
147_96,-0.6088709677419355,1.054676987966019e-06,-0.5437065217391304,Decreasing,42.27875,6.063024590705533
147_97,-0.7278225806451613,5.285553328349124e-09,-0.5312500000000002,Decreasing,38.04718750000001,5.287566331956863
147_98,-0.7137096774193549,1.0379506365509883e-08,-0.5725490196078429,Decreasing,45.658437500000005,5.712442619720021
147_99,-0.8487903225806451,9.698242209310592e-12,-0.4799404761904762,Decreasing,34.09,4.695132452870739
