location,tau,p_value,slope,trend_class,mean_value,std_value
101_1,0.004032258064516129,0.9870617094920746,0.006666666666666673,No significant trend,23.886562499999997,2.8894372390819894
101_10,-0.6330645161290323,3.859708492814917e-07,-0.2886974789915967,Decreasing,23.0690625,3.49856609857435
101_100,-0.6028225806451613,1.3482705789602534e-06,-0.4187142857142859,Decreasing,17.4553125,4.555118675988997
101_1000,-0.3346774193548387,0.0074570078953755115,-0.4183695652173913,Decreasing,29.4309375,6.192153482117005
101_1001,0.31451612903225806,0.011952275439924609,0.09946666666666668,Increasing,13.311562499999999,1.7430937105026079
101_1002,-0.46774193548387094,0.0001796761088148635,-0.29086956521739127,Decreasing,17.659374999999997,3.876950265269726
101_1003,-0.7096774193548387,1.2557821005287906e-08,-0.2912500000000004,Decreasing,17.582812500000003,5.111451135914707
101_1004,-0.4637096774193548,0.00020435771038096462,-0.23881481481481484,Decreasing,19.0340625,3.13272231790399
101_1005,-0.42338709677419356,0.0007008697006916087,-0.23358974358974371,Decreasing,23.8946875,3.1313874564390383
101_1006,-0.37701612903225806,0.0025591348086346777,-0.1358901515151515,Decreasing,24.526875,2.311943767563346
101_1007,-0.5685483870967742,5.193307037965056e-06,-0.2066666666666666,Decreasing,16.536875000000002,2.501759927406105
101_1008,-0.2056451612903226,0.1014505333614959,-0.09905448717948717,No significant trend,24.1721875,2.377479934687935
101_1009,-0.3951612903225806,0.001565774864560776,-0.14469202898550726,Decreasing,25.181874999999998,2.2121983374858143
101_101,-0.4032258064516129,0.0012506303657648932,-0.2786742424242423,Decreasing,21.979062499999998,3.958277213143838
101_1010,-0.5766129032258065,3.8062807836691803e-06,-0.24272486772486773,Decreasing,16.7725,2.7908488851960436
101_1013,-0.594758064516129,1.8639903685002679e-06,-0.17312937062937062,Decreasing,19.114375000000003,2.0956874431496217
101_1014,-0.4435483870967742,0.0003831828637113066,-0.2256410256410259,Decreasing,20.0721875,3.2594005721671815
101_1015,0.2217741935483871,0.07712890370635717,0.069520202020202,No significant trend,20.011562500000004,1.8963783070879474
101_1016,0.3084677419354839,0.013705116027189268,0.08639318885448913,Increasing,8.0465625,1.5407985133020312
101_1017,-0.7076612903225806,1.38075384459313e-08,-0.6827307692307693,Decreasing,20.7253125,6.451013478698037
101_1018,0.34475806451612906,0.00583705710745952,0.14991666666666664,Increasing,9.4284375,3.2677850959929646
101_1019,0.3084677419354839,0.013705116027189268,0.0873863636363637,Increasing,28.721875,1.5889293515996863
101_102,-0.6612903225806451,1.140522314369008e-07,-0.664722222222222,Decreasing,27.561875,6.850826335879125
101_1020,0.11693548387096774,0.355310453336267,0.04100000000000019,No significant trend,25.0471875,2.6521939436707402
101_1021,-0.4879032258064516,9.2999707930419e-05,-0.30781249999999993,Decreasing,24.79,3.784968626025849
101_1022,-0.5040322580645161,5.3932561817182645e-05,-0.36803030303030304,Decreasing,28.1375,4.737299468051392
101_1023,0.5846774193548387,2.7784224061466745e-06,0.2520039682539684,Increasing,20.533437499999998,3.478936268256972
101_1024,-0.2620967741935484,0.03644545316257175,-0.0870320855614973,Decreasing,20.968125,2.6865642993189276
101_1025,0.5201612903225806,3.077850744093169e-05,0.17522727272727273,Increasing,25.6703125,2.5694594329048575
101_1026,-0.6532258064516129,1.6240138478451627e-07,-0.6213194444444445,Decreasing,18.097187499999997,7.665308308531611
101_1027,-0.6471774193548387,2.1112575954163049e-07,-0.3715517241379309,Decreasing,20.968125,3.9974495286838834
101_1028,-0.09475806451612903,0.45569348519923736,-0.04433189655172409,No significant trend,14.3403125,2.2902080751197587
101_1029,-0.40725806451612906,0.0011160599546666816,-0.07417989417989428,Decreasing,27.6034375,1.2685686061832646
101_103,0.14516129032258066,0.24958080203971633,0.09799999999999986,No significant trend,14.701250000000002,3.514218218537375
101_1030,-0.13911290322580644,0.27014929445443236,-0.0575213675213675,No significant trend,21.714687500000004,2.6913913506481646
101_1031,-0.3528225806451613,0.00477753751407195,-0.19756862745098042,Decreasing,31.9809375,3.1702576387564703
101_1032,-0.2620967741935484,0.03644545316257175,-0.06559523809523812,Decreasing,23.425,1.6510091610890598
101_1033,-0.03225806451612903,0.8078142165841911,-0.010994318181818235,No significant trend,17.5246875,1.9930880317596986
101_1034,-0.7137096774193549,1.0379506365509883e-08,-0.30273809523809525,Decreasing,23.755000000000003,2.986511342687317
101_1035,-0.2721774193548387,0.029779962111063263,-0.08470085470085467,Decreasing,19.872500000000002,1.8323055831383588
101_1036,-0.7399193548387096,2.934484433225748e-09,-0.1697826086956521,Decreasing,21.270625,1.6998399511056916
101_1037,0.006048387096774193,0.974126820887897,0.0017558528428092885,No significant trend,25.5371875,3.303350793488901
101_1038,-0.1975806451612903,0.11571975521880828,-0.0817788461538463,No significant trend,20.416249999999998,1.8378889894386985
101_1039,-0.20967741935483872,0.09486107679233946,-0.06749999999999998,No significant trend,24.4,2.1182658001299077
101_104,-0.17943548387096775,0.15356609546635402,-0.10313492063492061,No significant trend,16.633750000000003,2.723592239579927
101_1040,-0.2862903225806452,0.02222386181408309,-0.13186813186813182,Decreasing,25.32375,2.3907409285616876
101_1042,-0.5907258064516129,2.1883453411586373e-06,-0.1910416666666667,Decreasing,20.0075,2.61659248833287
101_1043,0.0967741935483871,0.44595658115373604,0.023138888888888865,No significant trend,20.6478125,1.2299358072044861
101_1044,-0.05443548387096774,0.6732967251102686,-0.022403846153846184,No significant trend,13.475312500000001,1.7036743093513353
101_1045,-0.592741935483871,2.019923096563403e-06,-0.2510416666666665,Decreasing,19.580624999999998,3.0613558449443605
101_1046,-0.46774193548387094,0.0001796761088148635,-0.2611858974358974,Decreasing,22.131875,3.6111480493570185
101_1047,0.40725806451612906,0.0011160599546666816,0.1670885093167702,Increasing,21.516875,2.6745635596065016
101_1048,-0.3346774193548387,0.0074570078953755115,-0.1402500000000001,Decreasing,24.15625,2.522116856432311
101_1049,-0.7923387096774194,2.0593349248088089e-10,-0.6042063492063492,Decreasing,20.7178125,6.004033922276235
101_105,-0.4375,0.0004604747348062599,-0.40048611111111115,Decreasing,25.113125,5.321788607637003
101_1050,-0.2923387096774194,0.019534580819994485,-0.20497491638795984,Decreasing,28.950625000000002,3.6976495384737316
101_1051,0.05040322580645161,0.697131994304151,0.010851851851851746,No significant trend,22.053124999999998,1.8031941061280676
101_1052,-0.9112903225806451,2.6001423236721166e-13,-0.8314646464646465,Decreasing,26.3128125,7.870004063839088
101_1054,0.12298387096774194,0.33055966993879626,0.02784090909090927,No significant trend,17.8109375,1.3326626527721672
101_1055,-0.5766129032258065,3.8062807836691803e-06,-0.2378571428571425,Decreasing,23.158437499999998,3.0166714991184818
101_1056,0.19959677419354838,0.11201244642922337,0.09358333333333317,No significant trend,16.96875,2.9382538926205815
101_1057,-0.17540322580645162,0.16313197866795437,-0.0696212121212122,No significant trend,21.3421875,2.4456105249699407
101_1058,-0.4274193548387097,0.0006223743467113074,-0.22750000000000004,Decreasing,26.0665625,3.1878829273663345
101_1059,0.3467741935483871,0.005553981920621398,0.18295833333333333,Increasing,26.5228125,2.9423558103743592
101_106,-0.8064516129032258,9.776668363770114e-11,-0.37235294117647066,Decreasing,26.5709375,3.8820849418957533
101_1060,-0.5725806451612904,4.448281224922468e-06,-0.42103678929765875,Decreasing,25.9071875,4.926610925864122
101_1061,-0.7258064516129032,5.824971616164021e-09,-0.3393020594965675,Decreasing,15.06875,3.5565500752133383
101_1063,-0.7479838709677419,1.9721104749237384e-09,-0.7927407407407407,Decreasing,23.7665625,8.09015860837065
101_1064,-0.8387096774193549,1.6986412276764895e-11,-0.73,Decreasing,22.8640625,6.933304073174185
101_1065,0.09879032258064516,0.4363392795127665,0.031249999999999938,No significant trend,21.2465625,2.066543928541987
101_1066,-0.4314516129032258,0.0005521233561254224,-0.23186507936507939,Decreasing,25.5384375,3.3117896496597954
101_1067,-0.7560483870967742,1.3199186188472822e-09,-0.21375000000000022,Decreasing,20.6871875,2.1337895198083037
101_1068,0.018145161290322582,0.8967787608516904,0.015499999999999986,No significant trend,16.801250000000003,3.6375341493242366
101_1069,0.3528225806451613,0.00477753751407195,0.13630681818181817,Increasing,11.32625,1.9748176339854777
101_107,-0.7883064516129032,2.541908905584478e-10,-0.5656190476190476,Decreasing,20.9384375,5.451584694709764
101_1070,-0.717741935483871,8.570263387852606e-09,-0.31837719298245615,Decreasing,27.6296875,3.147858879833045
101_1071,0.3911290322580645,0.001749399716013178,0.26261904761904764,Increasing,21.3471875,3.4798286904449403
101_1073,0.2963709677419355,0.017903776568633623,0.1409299516908212,Increasing,15.944062500000001,2.5561297152323372
101_1074,-0.3629032258064516,0.00369907566941885,-0.10076923076923075,Decreasing,22.534374999999997,1.6154371264072769
101_1075,-0.5705645161290323,4.806988263883483e-06,-0.2521052631578947,Decreasing,26.076875,3.4330575270995674
101_1076,0.056451612903225805,0.6614992026619251,0.01708333333333334,No significant trend,21.474062500000002,1.9211257431760551
101_1077,-0.2318548387096774,0.06450466084662865,-0.13724358974358963,No significant trend,30.0609375,2.7493412385685683
101_1078,-0.3548387096774194,0.004541435280679185,-0.23678774928774923,Decreasing,23.2571875,3.6769537615863146
101_1079,-0.7782258064516129,4.2833958602273015e-10,-0.4475,Decreasing,17.7403125,4.7121289538109785
101_108,-0.5201612903225806,3.077850744093169e-05,-0.26900793650793653,Decreasing,17.155,3.4263008478532644
101_1081,-0.1028225806451613,0.4174675215832093,-0.03633333333333321,No significant trend,19.800625,1.9719310610097405
101_1082,-0.6834677419354839,4.225433603011197e-08,-0.609,Decreasing,27.9984375,6.253138266790025
101_1083,-0.28024193548387094,0.02522949923076112,-0.17888888888888888,Decreasing,25.0984375,3.4999777761571216
101_1084,0.05241935483870968,0.6851751854528196,0.014852941176470576,No significant trend,22.2559375,2.2097735452063296
101_1085,-0.25,0.04608393295095614,-0.14432234432234442,Decreasing,24.2740625,3.2388374258510955
101_1086,0.07661290322580645,0.54850039361213,0.03399999999999993,No significant trend,18.2528125,2.466192959774995
101_1087,-0.056451612903225805,0.6614992026619251,-0.020526315789473632,No significant trend,17.1334375,1.5539799897661972
101_1088,0.038306451612903226,0.7703660224129336,0.02500000000000001,No significant trend,11.626875000000002,2.180972313986356
101_1089,-0.038306451612903226,0.7703660224129336,-0.0239130434782609,No significant trend,25.479062499999998,2.6177797837277583
101_109,0.2318548387096774,0.06450466084662865,0.13812500000000005,No significant trend,25.923125,2.623283292817419
101_1090,0.14717741935483872,0.24297435488893093,0.1102631578947367,No significant trend,17.9646875,3.314884033015899
101_1091,-0.7237903225806451,6.417795184177066e-09,-0.37948148148148153,Decreasing,28.930625,3.9064649440862773
101_1092,-0.18951612903225806,0.13152122240591746,-0.09247058823529425,No significant trend,22.065625,3.944050850252187
101_1093,-0.5665322580645161,5.609253585836527e-06,-0.6033155080213903,Decreasing,19.784374999999997,6.841883392705184
101_1094,-0.7701612903225806,6.472633540255401e-10,-0.7532051282051282,Decreasing,27.3621875,7.314039468026116
101_1095,-0.4596774193548387,0.00023219814177166676,-0.18749999999999983,Decreasing,24.9528125,2.5394441251667166
101_1097,-0.3487903225806452,0.005283353948143166,-0.13866666666666672,Decreasing,28.6546875,2.643359586273451
101_1099,-0.36693548387096775,0.0033335638107387933,-0.08875000000000019,Decreasing,16.090625,2.3327745517677014
101_11,-0.25,0.04608393295095614,-0.14427777777777784,Decreasing,24.0225,3.4263537470611527
101_110,-0.4737903225806452,0.00014785185590326932,-0.2803461538461539,Decreasing,22.455,3.546648946540946
101_1100,0.38911290322580644,0.0018484554791731167,0.17951298701298699,Increasing,19.4925,2.830387561801387
101_1101,0.7056451612903226,1.5177737733296226e-08,0.3358695652173913,Increasing,19.36,3.8774838813333576
101_1102,-0.7116935483870968,1.1418290979392509e-08,-0.3776623376623377,Decreasing,22.713749999999997,4.009964736440958
101_1103,-0.2923387096774194,0.019534580819994485,-0.18083333333333346,Decreasing,22.7509375,3.501004640970039
101_1104,-0.16129032258064516,0.2001586151353414,-0.09115288220551379,No significant trend,17.558437499999997,3.0483726287305744
101_1105,-0.12701612903225806,0.314694608207466,-0.07684615384615384,No significant trend,26.485,3.1559942965727936
101_1106,-0.2701612903225806,0.031022165815888902,-0.2607999999999999,Decreasing,23.3684375,5.958622486245772
101_1107,-0.4435483870967742,0.0003831828637113066,-0.38726190476190475,Decreasing,24.899375,5.759223003962861
101_1108,-0.6794354838709677,5.073125608490159e-08,-0.3242777777777778,Decreasing,27.478749999999998,3.4843137326452105
101_1109,-0.5665322580645161,5.609253585836527e-06,-0.36296783625731005,Decreasing,28.2471875,4.368985318680271
101_111,-0.7096774193548387,1.2557821005287906e-08,-0.409512987012987,Decreasing,23.3278125,4.5923732524527825
101_1110,-0.49798387096774194,6.628324270452346e-05,-0.2534705882352941,Decreasing,20.3275,3.333290416390387
101_1111,-0.592741935483871,2.019923096563403e-06,-0.4257427536231885,Decreasing,25.774687500000002,4.731381923111233
101_1112,0.2217741935483871,0.07712890370635717,0.07300492610837432,No significant trend,22.2021875,1.8339484970532163
101_1113,-0.004032258064516129,0.9870617094920746,-0.0026984126984127676,No significant trend,14.66,1.5361925335061357
101_1114,-0.2661290322580645,0.03364043981005893,-0.13080000000000125,Decreasing,20.61625,3.1400753872319687
101_1115,0.14112903225806453,0.2631677566593238,0.087445054945055,No significant trend,12.526250000000001,3.526670481842612
101_1116,-0.6129032258064516,8.942580020931956e-07,-0.23299107142857162,Decreasing,20.556874999999998,2.47358979711168
101_1117,-0.4637096774193548,0.00020435771038096462,-0.25756493506493494,Decreasing,22.469687500000003,3.450213294470901
101_1118,0.02620967741935484,0.8457081092653058,0.0042222222222221325,No significant trend,19.3528125,2.223759815007851
101_1119,-0.8387096774193549,1.6986412276764895e-11,-0.8995000000000002,Decreasing,21.776249999999997,7.968629018689476
101_112,-0.3850806451612903,0.0020621929792057347,-0.21029411764705894,Decreasing,19.6865625,4.002108514095258
101_1120,0.5120967741935484,4.0824601233779845e-05,0.1674999999999999,Increasing,27.279375,2.217101059801966
101_1121,0.15725806451612903,0.21178693551335703,0.09765120967741928,No significant trend,27.7078125,4.135716182216056
101_1122,-0.4959677419354839,7.096380450022366e-05,-0.30199999999999994,Decreasing,26.7071875,4.157298728121874
101_1123,-0.39919354838709675,0.0014000474750610614,-0.22569805194805195,Decreasing,22.359375,3.3250469334093617
101_1124,-0.8084677419354839,8.780598470536916e-11,-0.5478000000000003,Decreasing,22.165,5.40094609767585
101_1125,-0.6209677419354839,6.409512869343104e-07,-0.2257500000000001,Decreasing,18.3740625,2.685326864851605
101_1126,-0.5524193548387096,9.551213337788411e-06,-0.4033653846153846,Decreasing,17.17,4.855886247638015
101_1127,-0.2903225806451613,0.020397595888393294,-0.1977053140096619,Decreasing,24.641875,3.6959905958179875
101_1128,-0.8467741935483871,1.0854206422550305e-11,-0.7490909090909093,Decreasing,29.269999999999996,7.2671959860733075
101_1129,0.012096774193548387,0.9353765292166933,0.006201372997711709,No significant trend,18.2490625,2.0095822939341774
101_113,-0.6592741935483871,1.246354144335271e-07,-0.6187499999999999,Decreasing,25.5825,6.1062181421891575
101_1130,0.3225806451612903,0.00992544145265839,0.06394285714285715,Increasing,13.0825,1.569074169693708
101_1131,-0.6129032258064516,8.942580020931956e-07,-0.21834782608695652,Decreasing,13.14875,2.469876957967745
101_1132,-0.7701612903225806,6.472633540255401e-10,-0.4680000000000001,Decreasing,24.4265625,4.994315899960049
101_1133,0.008064516129032258,0.9611987334080325,0.002539682539682486,No significant trend,21.48625,1.5609126937468347
101_1134,-0.5483870967741935,1.1094687683677051e-05,-0.26649122807017533,Decreasing,24.831250000000004,2.893779697471803
101_1135,-0.20161290322580644,0.10839945747110935,-0.10473557692307701,No significant trend,21.1725,3.272486630988735
101_1136,-0.594758064516129,1.8639903685002679e-06,-0.16204166666666664,Decreasing,24.6625,1.9224609879006644
101_1137,-0.7338709677419355,3.942868698203483e-09,-0.40638709677419366,Decreasing,29.535625,4.08030861080078
101_1138,-0.4717741935483871,0.00015781793261271382,-0.16190883190883182,Decreasing,19.9853125,2.1696788131757545
101_1139,0.1975806451612903,0.11571975521880828,0.10083333333333329,No significant trend,25.9128125,3.454502708761965
101_114,-0.4334677419354839,0.000519836761338599,-0.2632456140350877,Decreasing,22.361874999999998,3.9166203842566873
101_1140,-0.3629032258064516,0.00369907566941885,-0.24131410256410257,Decreasing,23.54375,3.9408459989575837
101_1141,-0.5504032258064516,1.0295362178336376e-05,-0.12715000000000015,Decreasing,19.699062500000004,1.6989083983822524
101_1142,-0.48185483870967744,0.00011361189113179293,-0.3009999999999998,Decreasing,24.8265625,4.114989071503563
101_1143,-0.23387096774193547,0.062196528651478955,-0.09633333333333316,No significant trend,21.2765625,2.21991921217727
101_1144,-0.21370967741935484,0.08861906133688091,-0.07764492753623192,No significant trend,24.2440625,2.280160163473994
101_1145,0.23387096774193547,0.062196528651478955,0.06936507936507932,No significant trend,19.625625,1.819081048050086
101_1146,-0.15725806451612903,0.21178693551335703,-0.09535885167464114,No significant trend,23.765,3.3720023724784065
101_1147,-0.46774193548387094,0.0001796761088148635,-0.3851315789473684,Decreasing,24.036250000000003,4.960640552136387
101_1148,-0.6048387096774194,1.242609917628812e-06,-0.46333333333333354,Decreasing,25.576562499999998,4.498414727278238
101_1149,-0.6653225806451613,9.543242263099216e-08,-0.4035000000000001,Decreasing,27.4934375,4.683121694830676
101_115,-0.5483870967741935,1.1094687683677051e-05,-0.5575267379679143,Decreasing,24.4384375,6.2342421900014235
101_1150,0.31451612903225806,0.011952275439924609,0.1527777777777778,Increasing,18.63375,2.6787342510036343
101_1151,-0.5786290322580645,3.519574691690508e-06,-0.25125,Decreasing,22.8896875,2.9648561141046543
101_1152,-0.49798387096774194,6.628324270452346e-05,-0.24071428571428555,Decreasing,24.3990625,3.0679974732867286
101_1153,-0.5685483870967742,5.193307037965056e-06,-0.4313846153846155,Decreasing,23.177812499999998,5.350114913704541
101_1154,0.07862903225806452,0.5377458862517748,0.033809523809523734,No significant trend,19.721249999999998,2.591043165888982
101_1155,-0.5725806451612904,4.448281224922468e-06,-0.3414615384615384,Decreasing,16.9534375,3.913167362711918
101_1156,-0.5645161290322581,6.056982383206844e-06,-0.27104166666666685,Decreasing,24.8121875,3.2359897388347436
101_1158,-0.3911290322580645,0.001749399716013178,-0.2136428571428572,Decreasing,21.8275,2.8837941587429574
101_1159,-0.37298387096774194,0.002846673252961729,-0.17414285714285707,Decreasing,21.5659375,2.6521063084072916
101_116,-0.17943548387096775,0.15356609546635402,-0.1571,No significant trend,23.429375,5.021119109259907
101_1160,-0.7258064516129032,5.824971616164021e-09,-0.4191666666666668,Decreasing,22.262500000000003,4.788174887156901
101_1161,-0.4798387096774194,0.0001213912313333676,-0.23816666666666664,Decreasing,24.444375,2.9040445260661896
101_1162,-0.5685483870967742,5.193307037965056e-06,-0.3357,Decreasing,25.22625,3.993521902719453
101_1163,-0.6935483870967742,2.6632843708185305e-08,-0.2441640866873065,Decreasing,20.52375,2.8683278556503957
101_1164,-0.11491935483870967,0.36381409836843837,-0.05088235294117652,No significant trend,18.0425,2.7810946585831995
101_1165,0.2701612903225806,0.031022165815888902,0.10905555555555557,Increasing,24.942187500000003,2.211068370685029
101_1166,-0.1814516129032258,0.14894602437860582,-0.12999999999999962,No significant trend,37.4128125,3.7515831944452134
101_1167,-0.23790322580645162,0.05778505532796996,-0.12449712643678164,No significant trend,20.885624999999997,2.7907592352933275
101_1168,-0.18346774193548387,0.1444328264537258,-0.09020833333333345,No significant trend,22.881875,2.7331980324109337
101_1169,-0.5362903225806451,1.7284429657316025e-05,-0.20285714285714296,Decreasing,25.87375,2.6369629192500983
101_117,-0.4314516129032258,0.0005521233561254224,-0.37516666666666676,Decreasing,29.7575,4.753349476947808
101_1170,-0.4112903225806452,0.0009949884229842887,-0.1422180451127819,Decreasing,21.444375,1.9714619218678813
101_1172,-0.38911290322580644,0.0018484554791731167,-0.12928571428571442,Decreasing,21.4615625,2.004041400169605
101_1173,-0.04838709677419355,0.7091645038629479,-0.033824884792626755,No significant trend,19.5740625,5.863800953399915
101_1174,-0.3286290322580645,0.008612477773118021,-0.1732291666666667,Decreasing,27.465937500000003,3.2010104453271864
101_1176,-0.5604838709677419,7.057150331224449e-06,-0.40173611111111107,Decreasing,25.598437500000003,4.7569443378700305
101_1177,-0.4717741935483871,0.00015781793261271382,-0.22916666666666696,Decreasing,19.30625,2.6482857073019894
101_1179,0.7721774193548387,5.84016834892509e-10,0.5633529411764706,Increasing,25.511875,5.921268570532416
101_118,-0.7036290322580645,1.667963900331415e-08,-0.41205263157894734,Decreasing,23.548437500000002,4.213785493305722
101_1180,-0.21975806451612903,0.07988100283813182,-0.03999999999999959,No significant trend,21.6853125,1.4349128553134334
101_1181,-0.875,2.191358206005134e-12,-0.4993280632411067,Decreasing,22.27375,5.275220226445528
101_1182,-0.3387096774193548,0.006765990939990862,-0.1448684210526316,Decreasing,27.800625,2.5214516373262055
101_1183,-0.7580645161290323,1.193087628692524e-09,-0.41876666666666684,Decreasing,24.0096875,4.153385279184168
101_1184,-0.6975806451612904,2.210337290975417e-08,-0.4627884615384616,Decreasing,25.4284375,4.522005300040432
101_1185,-0.6149193548387096,8.23131043548031e-07,-0.3583725490196078,Decreasing,25.55125,3.918370795049902
101_1186,-0.6411290322580645,2.738397213430943e-07,-0.670138888888889,Decreasing,25.3278125,6.978868431905258
101_1187,-0.8729838709677419,2.460920356384122e-12,-0.7817424242424241,Decreasing,24.5528125,7.409661865756341
101_1188,0.5463709677419355,1.1953055304658733e-05,0.19718749999999996,Increasing,19.436875,2.4937640193841517
101_1189,-0.3387096774193548,0.006765990939990862,-0.17713636363636365,Decreasing,24.4171875,2.839439022913461
101_119,-0.45564516129032256,0.00026356866715215865,-0.3851944444444444,Decreasing,24.650625,5.0034881192399165
101_1190,0.13709677419354838,0.27725679757119037,0.05386363636363703,No significant trend,21.987187499999997,2.100608891451179
101_1191,0.23588709677419356,0.0599571524375313,0.08110671936758894,No significant trend,17.5559375,2.079270995107119
101_1192,0.1028225806451613,0.4174675215832093,0.03840336134453792,No significant trend,12.3353125,2.0931316017737034
101_1193,0.02620967741935484,0.8457081092653058,0.01020000000000022,No significant trend,23.1825,1.8953726546513223
101_1194,0.0,1.0,-0.00043750000000004614,No significant trend,23.679375,3.571079088927463
101_1195,-0.5241935483870968,2.6684265470366952e-05,-0.25133333333333374,Decreasing,17.25375,3.990176805293219
101_1196,0.5645161290322581,6.056982383206844e-06,0.20286363636363636,Increasing,22.2971875,2.2699149686373166
101_1197,-0.5967741935483871,1.7196589441326182e-06,-0.3225000000000001,Decreasing,25.50875,3.6426490618092764
101_1198,-0.6209677419354839,6.409512869343104e-07,-0.5529120879120879,Decreasing,25.4078125,5.935267861675979
101_1199,-0.7237903225806451,6.417795184177066e-09,-0.4038516746411483,Decreasing,23.733125,4.234950145441502
101_12,-0.5685483870967742,5.193307037965056e-06,-0.27038461538461533,Decreasing,25.059375000000003,2.9609583937257544
101_120,0.1693548387096774,0.17831360778170335,0.0868981481481483,No significant trend,23.369999999999997,2.863761730661264
101_1200,-0.6270161290322581,4.979515006997559e-07,-0.3436111111111112,Decreasing,31.285625,3.5546500684842384
101_1201,-0.8245967741935484,3.682676386063122e-11,-0.6347303921568627,Decreasing,24.810625,6.905654357798036
101_1202,-0.4435483870967742,0.0003831828637113066,-0.28713333333333324,Decreasing,23.560312500000002,3.415907167553555
101_1204,-0.8487903225806451,9.698242209310592e-12,-0.4966352941176472,Decreasing,22.5390625,4.788630649370836
101_1206,0.6290322580645161,4.5753051591823635e-07,0.6617380952380953,Increasing,34.98375,7.1793570176931585
101_1207,-0.22379032258064516,0.07445456944820861,-0.10071428571428581,No significant trend,14.536249999999999,2.39283794635157
101_121,-0.1935483870967742,0.12342316732733916,-0.053904761904761844,No significant trend,20.420625,2.2942481577577873
101_122,-0.4959677419354839,7.096380450022366e-05,-0.20834615384615382,Decreasing,21.568125000000002,2.716843800142916
101_123,-0.32661290322580644,0.00903177754860196,-0.11978571428571425,Decreasing,19.509375,2.0878082669093443
101_124,-0.6935483870967742,2.6632843708185305e-08,-0.3749534161490683,Decreasing,19.814687499999998,3.7155383058641385
101_125,-0.6088709677419355,1.054676987966019e-06,-0.3185438596491229,Decreasing,21.6253125,3.5700743903095002
101_126,-0.4274193548387097,0.0006223743467113074,-0.2710000000000001,Decreasing,18.544375000000002,3.9213174902543915
101_127,-0.5645161290322581,6.056982383206844e-06,-0.18999999999999995,Decreasing,17.810312500000002,2.721455819473054
101_128,0.125,0.32256351748255696,0.08675324675324693,No significant trend,17.340937500000003,3.3438659880583956
101_129,-0.4798387096774194,0.0001213912313333676,-0.4104583333333333,Decreasing,25.550312499999997,4.9754651066351325
101_13,-0.43548387096774194,0.0004893169184720936,-0.14769841269841277,Decreasing,18.333437500000002,2.1623722641103567
101_130,-0.5161290322580645,3.546525120357025e-05,-0.29333333333333317,Decreasing,25.009375,3.388347622274757
101_131,-0.06854838709677419,0.5925510100829448,-0.027812499999999997,No significant trend,19.1475,3.42669392417823
101_132,-0.19959677419354838,0.11201244642922337,-0.20107692307692315,No significant trend,23.974062500000002,4.858320092490176
101_133,0.46169354838709675,0.00021786074656704457,0.1455494505494506,Increasing,19.994999999999997,2.0977219787188193
101_134,-0.5725806451612904,4.448281224922468e-06,-0.47354691075514876,Decreasing,23.800312499999997,5.417932887858962
101_135,-0.03225806451612903,0.8078142165841911,-0.014239130434782647,No significant trend,19.663125,3.3692649768718104
101_136,-0.10887096774193548,0.3900801527621489,-0.05796666666666659,No significant trend,25.1946875,3.227671359098344
101_137,0.08266129032258064,0.5165593764787639,0.03878947368421047,No significant trend,28.1421875,3.8826841025048315
101_138,-0.2439516129032258,0.05165781777373568,-0.07726190476190467,No significant trend,24.7265625,2.1087371952412064
101_139,-0.46774193548387094,0.0001796761088148635,-0.3141304347826088,Decreasing,23.053125,3.9076187102089426
101_14,0.16129032258064516,0.2001586151353414,0.055166666666666614,No significant trend,21.4971875,1.6730926348662676
101_140,-0.5262096774193549,2.4836775924574894e-05,-0.31975490196078427,Decreasing,24.939687499999998,3.7716644902938747
101_141,-0.7641129032258065,8.797895745260575e-10,-0.5495454545454546,Decreasing,22.94875,5.538422468311713
101_142,-0.07258064516129033,0.5703230029200781,-0.03457880434782601,No significant trend,20.361874999999998,2.4845842679158623
101_143,-0.43548387096774194,0.0004893169184720936,-0.21328947368421045,Decreasing,24.7253125,3.4037258853121166
101_144,0.04233870967741935,0.7456889190979843,0.0224444444444444,No significant trend,24.656875,2.832039280161029
101_145,-0.7278225806451613,5.285553328349124e-09,-0.5596000000000003,Decreasing,22.705624999999998,5.866069242633862
101_146,-0.31048387096774194,0.013097125487301797,-0.2073291925465839,Decreasing,20.1959375,3.7421792275482675
101_147,-0.6310483870967742,4.2028371116664687e-07,-0.28169934640522876,Decreasing,19.689375,2.8739029836400185
101_148,-0.08669354838709678,0.49581389166704337,-0.03184587813620081,No significant trend,24.778750000000002,2.3733622642782537
101_149,-0.5282258064516129,2.31113806963279e-05,-0.15653333333333336,Decreasing,19.05,2.1918185942271777
101_15,0.3951612903225806,0.001565774864560776,0.20357142857142854,Increasing,19.466250000000002,3.177108305912784
101_150,-0.13911290322580644,0.27014929445443236,-0.054374999999999965,No significant trend,18.61,2.5592613680513367
101_151,-0.3286290322580645,0.008612477773118021,-0.18612500000000004,Decreasing,24.55625,3.2508208098109623
101_152,-0.07056451612903226,0.581387322246115,-0.02956818181818178,No significant trend,21.475625,2.2475763856596735
101_153,-0.5685483870967742,5.193307037965056e-06,-0.3532564102564102,Decreasing,20.17875,4.033558253887008
101_154,-0.028225806451612902,0.8330324989520455,-0.008137931034482647,No significant trend,16.255312500000002,1.645799548044582
101_155,-0.31451612903225806,0.011952275439924609,-0.20137037037037037,Decreasing,20.595625,3.3756322903087357
101_156,-0.07459677419354839,0.5593600509011936,-0.03577546296296298,No significant trend,16.701875,3.891556916502057
101_157,-0.7943548387096774,1.8528600875811208e-10,-0.8265259740259739,Decreasing,23.4465625,7.929770098091984
101_158,0.034274193548387094,0.7952778335350081,0.015777777777777818,No significant trend,21.3121875,3.3146943056402276
101_159,-0.8185483870967742,5.111089329545848e-11,-0.781625,Decreasing,17.406875,7.59470228082543
101_16,-0.6612903225806451,1.140522314369008e-07,-0.2677350427350428,Decreasing,20.979999999999997,2.8581812398796544
101_160,-0.5020161290322581,5.77844334197497e-05,-0.2651821862348178,Decreasing,22.709687499999998,3.3264991774151627
101_161,-0.5403225806451613,1.4924957946416129e-05,-0.27031249999999996,Decreasing,14.9628125,3.0425444063881386
101_162,-0.4576612903225806,0.0002474174487239189,-0.1353571428571428,Decreasing,19.138437500000002,1.9297297566223486
101_163,-0.36693548387096775,0.0033335638107387933,-0.1952139037433155,Decreasing,22.4334375,3.3466257347653543
101_164,-0.4596774193548387,0.00023219814177166676,-0.2067499999999999,Decreasing,18.4175,2.741552935837643
101_165,-0.6633064516129032,1.0434107045043106e-07,-0.4605,Decreasing,20.778125,5.262274007914734
101_166,0.23387096774193547,0.062196528651478955,0.08737684729064041,No significant trend,21.5315625,2.400375113100815
101_167,-0.5241935483870968,2.6684265470366952e-05,-0.19911764705882345,Decreasing,20.515625,2.8169153536048968
101_168,-0.3467741935483871,0.005553981920621398,-0.20498717948717948,Decreasing,21.7671875,3.4765861796946376
101_169,-0.3790322580645161,0.002425557940292755,-0.08907407407407399,Decreasing,19.263437500000002,1.6869658587516672
101_17,-0.1693548387096774,0.17831360778170335,-0.06499999999999972,No significant trend,23.3153125,2.5002099716511315
101_170,-0.14919354838709678,0.2364918152910518,-0.06425641025641021,No significant trend,16.704375,2.728070446189944
101_171,0.4153225806451613,0.0008861761949863212,0.17272727272727267,Increasing,16.931874999999998,2.3106228022710673
101_172,0.16330645161290322,0.19452239535329507,0.10531249999999998,No significant trend,12.3078125,2.8745496760090528
101_173,-0.46774193548387094,0.0001796761088148635,-0.14857142857142852,Decreasing,14.191875,3.8072836753222106
101_174,0.1975806451612903,0.11571975521880828,0.04457516339869287,No significant trend,22.8065625,1.397347060895664
101_175,-0.5262096774193549,2.4836775924574894e-05,-0.18145833333333333,Decreasing,18.3453125,2.080479188154438
101_176,-0.7258064516129032,5.824971616164021e-09,-0.2864316239316239,Decreasing,17.375625,3.0416853238583053
101_177,-0.19556451612903225,0.11952284590988049,-0.06333333333333296,No significant trend,19.678749999999997,1.6620746636357828
101_178,-0.07862903225806452,0.5377458862517748,-0.01949999999999985,No significant trend,17.369374999999998,2.386263996161154
101_179,-0.3850806451612903,0.0020621929792057347,-0.17041176470588232,Decreasing,21.021562499999998,2.851719995650651
101_18,-0.5846774193548387,2.7784224061466745e-06,-0.46868055555555566,Decreasing,20.104687499999997,4.854785644324964
101_180,0.1975806451612903,0.11571975521880828,0.12656862745098033,No significant trend,16.809375,2.9811595243084525
101_181,-0.2217741935483871,0.07712890370635717,-0.08954545454545457,No significant trend,13.9609375,2.3167614240775314
101_182,-0.4032258064516129,0.0012506303657648932,-0.1854186795491143,Decreasing,24.078125,3.4210282057263135
101_183,-0.37298387096774194,0.002846673252961729,-0.2332417582417584,Decreasing,22.4240625,3.9887011195492885
101_184,-0.5987903225806451,1.5861008195727777e-06,-0.3718398268398268,Decreasing,23.4296875,3.9604754168336593
101_185,-0.09879032258064516,0.4363392795127665,-0.04098461538461541,No significant trend,14.1715625,2.2407589525858755
101_186,-0.3528225806451613,0.00477753751407195,-0.28750000000000014,Decreasing,27.5253125,5.097574781437125
101_187,-0.592741935483871,2.019923096563403e-06,-0.29688095238095236,Decreasing,18.9903125,3.788958039797188
101_188,0.3064516129032258,0.014337900827245509,0.0999999999999995,Increasing,23.487812499999997,1.7286731443056982
101_189,-0.5826612903225806,3.0070381287217174e-06,-0.2681944444444444,Decreasing,21.8546875,3.0124937597186405
101_19,-0.6733870967741935,6.661159712706421e-08,-0.4035064935064937,Decreasing,21.681875,4.357824455433583
101_191,-0.37298387096774194,0.002846673252961729,-0.19000000000000009,Decreasing,25.486562499999998,2.6477025528925546
101_192,-0.6955645161290323,2.4265743192586342e-08,-0.3411688311688311,Decreasing,25.705625,3.4652921391096307
101_193,0.5786290322580645,3.519574691690508e-06,0.5694122383252818,Increasing,30.248437499999998,6.155983933019461
101_194,0.6229838709677419,5.893720071981079e-07,0.2674782608695652,Increasing,13.6153125,2.8542205419945654
101_195,-0.6088709677419355,1.054676987966019e-06,-0.39834615384615385,Decreasing,13.306874999999998,4.324151967076897
101_196,-0.6088709677419355,1.054676987966019e-06,-0.2906944444444445,Decreasing,25.1096875,3.5263113557007055
101_197,-0.2439516129032258,0.05165781777373568,-0.1356410256410256,No significant trend,25.2475,4.233966078040777
101_198,0.04032258064516129,0.757996646747342,0.019999999999999938,No significant trend,22.064375,3.1665171497048616
101_199,0.3286290322580645,0.008612477773118021,0.2522180451127819,Increasing,29.8015625,4.337428752566864
101_2,0.10483870967741936,0.40821489473295625,0.07403409090909097,No significant trend,21.49125,3.7796839732310956
101_20,-0.26411290322580644,0.035018975923764684,-0.10666666666666677,Decreasing,20.253125,2.617172182790999
101_200,-0.21169354838709678,0.09169739408279987,-0.10333333333333333,No significant trend,18.5175,3.872977698102585
101_201,-0.5524193548387096,9.551213337788411e-06,-0.26099206349206355,Decreasing,25.7559375,3.0930970112645597
101_202,0.1875,0.13572177389937323,0.08641414141414153,No significant trend,24.6546875,3.077903085274738
101_203,-0.5443548387096774,1.2874583818822671e-05,-0.22625000000000003,Decreasing,26.6921875,3.2698487487716843
101_204,0.06854838709677419,0.5925510100829448,0.011380952380952198,No significant trend,20.616875,1.5315421915099174
101_205,-0.36693548387096775,0.0033335638107387933,-0.16941176470588226,Decreasing,24.546875,2.8593797814167674
101_206,-0.6310483870967742,4.2028371116664687e-07,-0.4294444444444445,Decreasing,23.833125,4.667634195647191
101_207,0.28830645161290325,0.021293682001457093,0.05227272727272734,Increasing,21.70625,1.1631335639125888
101_208,-0.4012096774193548,0.0013233944127710728,-0.22357142857142864,Decreasing,26.478125000000002,3.9662351776432776
101_209,-0.3528225806451613,0.00477753751407195,-0.16604166666666664,Decreasing,25.74125,2.6818169563749126
101_21,-0.13709677419354838,0.27725679757119037,-0.04870967741935498,No significant trend,19.9984375,2.635263399281701
101_210,-0.24596774193548387,0.049740271332769925,-0.1250641025641026,Decreasing,21.9371875,2.9481267721798785
101_211,-0.7479838709677419,1.9721104749237384e-09,-0.4143076923076924,Decreasing,27.25875,4.247363704405357
101_212,-0.22782258064516128,0.06933314292875958,-0.20552777777777784,No significant trend,27.490937499999998,4.618739925141244
101_213,0.5100806451612904,4.378423530448927e-05,0.23966666666666636,Increasing,26.8884375,3.018391655102722
101_214,-0.4717741935483871,0.00015781793261271382,-0.5479513888888888,Decreasing,21.426250000000003,6.300543999330533
101_215,-0.3588709677419355,0.004100666980662471,-0.2196875000000001,Decreasing,28.92875,3.6696813127981565
101_216,-0.22580645161290322,0.07185648599690286,-0.14241418764302058,No significant trend,26.079375,3.385427352547238
101_217,-0.34274193548387094,0.0061330741504750375,-0.11472222222222234,Decreasing,26.4528125,2.2602270825834627
101_218,-0.3245967741935484,0.009469210701438247,-0.35134615384615375,Decreasing,26.8578125,7.084868883038256
101_219,0.2862903225806452,0.02222386181408309,0.24413461538461545,Increasing,27.311875,6.00489458561722
101_22,-0.28225806451612906,0.02419069629917514,-0.1507142857142859,Decreasing,22.576249999999998,3.891602136331514
101_220,-0.7258064516129032,5.824971616164021e-09,-0.43676282051282045,Decreasing,22.8975,4.4147911898525845
101_221,0.3709677419354839,0.0030012397054521855,0.15417613636363636,Increasing,12.2859375,2.5777835190515415
101_222,-0.1350806451612903,0.2844906362403654,-0.06284090909090911,No significant trend,26.666249999999998,2.9128623701610072
101_223,0.3487903225806452,0.005283353948143166,0.4775416666666666,Increasing,22.7496875,7.048715079881137
101_224,0.5282258064516129,2.31113806963279e-05,0.20696969696969697,Increasing,14.0590625,2.577984143879428
101_225,0.024193548387096774,0.8584237820523384,0.016820652173912952,No significant trend,27.368437500000002,3.562321144084816
101_226,-0.532258064516129,1.999674165320542e-05,-0.3005555555555557,Decreasing,16.65875,4.362706836070927
101_227,-0.23790322580645162,0.05778505532796996,-0.14849999999999977,No significant trend,28.903125,3.630037394349402
101_228,-0.5060483870967742,5.032482653111181e-05,-0.25732142857142853,Decreasing,27.160937500000003,3.291748546911466
101_229,0.6048387096774194,1.242609917628812e-06,0.3017320261437908,Increasing,12.876562499999999,3.3998755578099837
101_23,-0.2540322580645161,0.04265662043840912,-0.1264510489510489,Decreasing,26.010625,2.790642777099032
101_230,-0.12903225806451613,0.3069529533583135,-0.087037037037037,No significant trend,21.4878125,2.725858505103255
101_231,-0.25806451612903225,0.03944736533784576,-0.07619047619047617,Decreasing,14.0984375,1.7262388836988203
101_232,0.3487903225806452,0.005283353948143166,0.09225,Increasing,9.075624999999999,1.672507357046599
101_233,-0.6612903225806451,1.140522314369008e-07,-0.2816517857142856,Decreasing,17.415625,3.1630265742442
101_234,0.30443548387096775,0.014996317848851026,0.18940476190476194,Increasing,13.5978125,3.213343988720123
101_235,-0.4153225806451613,0.0008861761949863212,-0.26363095238095247,Decreasing,23.294375,3.7038248283868667
101_236,0.3333333333333333,0.7340951823194757,3.8700000000000006,No significant trend,12.245000000000001,4.529511563071674
101_237,-0.6713709677419355,7.29042284319803e-08,-0.2876948051948052,Decreasing,22.621875000000003,3.2635385679312874
101_238,-0.5806451612903226,3.253640496581056e-06,-0.8402499999999999,Decreasing,23.4821875,8.964005359762105
101_239,-0.6834677419354839,4.225433603011197e-08,-0.3981944444444445,Decreasing,27.1484375,4.15357384472622
101_24,-0.22379032258064516,0.07445456944820861,-0.15659420289855117,No significant trend,22.942812500000002,4.207681394169924
101_240,-0.47580645161290325,0.0001384805488402474,-0.33,Decreasing,25.8346875,4.200981272553324
101_241,-0.4314516129032258,0.0005521233561254224,-0.14238095238095222,Decreasing,26.785312500000003,2.09642550603253
101_242,-0.010080645161290322,0.9482808409102057,-0.006750000000000078,No significant trend,30.574375,4.27050124216994
101_243,-0.19153225806451613,0.12742215355314657,-0.11577391304347823,No significant trend,24.101875,3.436736676612713
101_244,-0.7278225806451613,5.285553328349124e-09,-0.4396428571428571,Decreasing,25.251875000000002,4.406439490606333
101_245,0.2721774193548387,0.029779962111063263,0.09500000000000033,Increasing,20.880625,2.097213832534727
101_246,-0.6471774193548387,2.1112575954163049e-07,-0.5546727272727273,Decreasing,20.9765625,5.946217605217097
101_247,-0.4112903225806452,0.0009949884229842887,-0.20902777777777784,Decreasing,23.801875000000003,3.5082789918099446
101_248,-0.42338709677419356,0.0007008697006916087,-0.260094696969697,Decreasing,24.427812499999998,3.5549997665040363
101_249,-0.6512096774193549,1.772900197760663e-07,-0.6252756892230575,Decreasing,27.6784375,6.486320272974019
101_25,-0.655241935483871,1.4872514997321673e-07,-0.5716517857142858,Decreasing,28.982187500000002,5.856401803995672
101_250,-0.3790322580645161,0.002425557940292755,-0.14375000000000013,Decreasing,17.800312499999997,2.3324885910425692
101_251,-0.6774193548387096,5.5566278689411774e-08,-0.2490598290598291,Decreasing,24.0715625,2.6497442204095383
101_252,0.17137096774193547,0.173140435185424,0.02753320683111958,No significant trend,19.908749999999998,1.1290392763318733
101_253,-0.5,6.18958807825365e-05,-0.3403846153846154,Decreasing,28.96125,4.490086824049174
101_254,-0.2721774193548387,0.029779962111063263,-0.12871052631578947,Decreasing,25.677500000000002,2.8315488252897913
101_255,-0.10887096774193548,0.3900801527621489,-0.07812865497076016,No significant trend,23.677500000000002,3.6586489992892184
101_256,-0.5645161290322581,6.056982383206844e-06,-0.21944444444444447,Decreasing,26.6503125,2.4083065683886153
101_257,-0.20362903225806453,0.10487931450318722,-0.08730303030303022,No significant trend,19.557187499999998,2.713571486960266
101_258,-0.3971774193548387,0.001480776176757681,-0.11921750663129982,Decreasing,19.7278125,1.989594390785154
101_259,0.5161290322580645,3.546525120357025e-05,0.20217261904761905,Increasing,12.802187499999999,2.8373234905177362
101_26,0.5725806451612904,4.448281224922468e-06,0.2975000000000001,Increasing,22.1646875,3.5743425832373354
101_260,-0.23790322580645162,0.05778505532796996,-0.08213958810068649,No significant trend,10.936250000000001,1.8093364633201865
101_261,0.5161290322580645,3.546525120357025e-05,0.17928571428571433,Increasing,15.245625,2.486113856880855
101_262,-0.6673387096774194,8.7262118642073e-08,-0.5531481481481481,Decreasing,19.4434375,5.617016339534161
101_263,-0.8790322580645161,1.7366108551186699e-12,-0.6354166666666667,Decreasing,21.7325,6.221513079629424
101_264,0.0907258064516129,0.47552160598321747,0.05477777777777773,No significant trend,24.37875,2.9695188478101966
101_265,-0.06048387096774194,0.6381570271128183,-0.04701388888888888,No significant trend,21.4303125,3.326122446234316
101_266,0.0967741935483871,0.44595658115373604,0.06377272727272709,No significant trend,23.441249999999997,3.087353994523466
101_267,0.5241935483870968,2.6684265470366952e-05,0.23400641025641017,Increasing,22.8503125,2.791125987364911
101_268,0.18951612903225806,0.13152122240591746,0.09658653846153836,No significant trend,29.355312500000004,3.3679769376205284
101_269,0.2762096774193548,0.027423400237828188,0.19152777777777807,Increasing,30.095625,3.803117912893972
101_27,-0.4657258064516129,0.0001916438218019234,-0.3925000000000003,Decreasing,25.5475,5.040379450001756
101_270,-0.05846774193548387,0.6497851474320837,-0.028400000000000602,No significant trend,40.955,3.297778608396871
101_271,0.13306451612903225,0.2918511202475407,0.11857142857142869,No significant trend,21.6003125,4.722215769884277
101_272,-0.5161290322580645,3.546525120357025e-05,-0.31789743589743596,Decreasing,28.888749999999998,3.9166142505357864
101_273,-0.6330645161290323,3.859708492814917e-07,-0.28247596153846155,Decreasing,27.179375,3.3126376740257903
101_274,-0.48588709677419356,9.944225368752058e-05,-0.3190131578947368,Decreasing,37.043124999999996,4.373746561516225
101_275,-0.657258064516129,1.3616589122911193e-07,-0.6055833333333334,Decreasing,27.304375,6.386902583363472
101_276,-0.6633064516129032,1.0434107045043106e-07,-0.7753246753246754,Decreasing,20.9096875,10.029733759045838
101_277,0.26814516129032256,0.03230858389449276,0.1541333333333333,Increasing,28.2846875,3.0609056915141553
101_278,-0.30443548387096775,0.014996317848851026,-0.06535714285714278,Decreasing,22.5584375,1.4174737858576962
101_279,-0.6975806451612904,2.210337290975417e-08,-0.42393939393939395,Decreasing,29.68,4.719548442383021
101_28,-0.29435483870967744,0.018703634813544978,-0.13539215686274506,Decreasing,24.734375,2.712338632872931
101_280,0.45564516129032256,0.00026356866715215865,0.15499999999999997,Increasing,14.695625,2.300220013254167
101_281,-0.5524193548387096,9.551213337788411e-06,-0.32138235294117634,Decreasing,25.530625,3.7743119716545688
101_282,-0.10483870967741936,0.40821489473295625,-0.04477536231884059,No significant trend,21.7821875,2.5960772503613505
101_283,-0.47580645161290325,0.0001384805488402474,-0.35619047619047595,Decreasing,20.9521875,4.292534751151556
101_284,-0.6370967741935484,3.252720022217659e-07,-0.33187500000000014,Decreasing,27.8040625,3.4408128212812965
101_285,-0.5524193548387096,9.551213337788411e-06,-0.19854166666666662,Decreasing,30.2859375,2.3699932217400437
101_286,0.08064516129032258,0.5270983110287553,0.04674999999999994,No significant trend,23.134999999999998,3.5614823107801614
101_287,-0.4879032258064516,9.2999707930419e-05,-0.7547083333333331,Decreasing,23.497812500000002,9.00584766081704
101_288,-0.7318548387096774,4.348602589132611e-09,-0.5709166666666665,Decreasing,31.56625,5.828026976387464
101_289,0.2862903225806452,0.02222386181408309,0.11038461538461534,Increasing,22.739375000000003,2.8115964520846517
101_29,-0.6955645161290323,2.4265743192586342e-08,-0.36833333333333346,Decreasing,25.997812500000002,3.5904297569850536
101_290,-0.10685483870967742,0.39908552967166067,-0.06097619047619039,No significant trend,27.0590625,3.4464033420500493
101_291,-0.717741935483871,8.570263387852606e-09,-0.28000000000000064,Decreasing,24.041249999999998,3.1998933087682784
101_292,-0.7076612903225806,1.38075384459313e-08,-0.3838690476190476,Decreasing,28.9878125,4.0613496327998835
101_293,-0.7096774193548387,1.2557821005287906e-08,-0.40380952380952384,Decreasing,23.0390625,4.594343913563041
101_294,-0.5100806451612904,4.378423530448927e-05,-0.5270833333333331,Decreasing,26.294687500000002,6.060386737027906
101_295,-0.7399193548387096,2.934484433225748e-09,-0.49888888888888894,Decreasing,20.940624999999997,5.185341079367394
101_296,-0.5241935483870968,2.6684265470366952e-05,-0.37300751879699245,Decreasing,20.067812500000002,4.700096231976931
101_297,-0.4092741935483871,0.0010539167533933913,-0.5290740740740741,Decreasing,18.9628125,7.253281685888378
101_298,-0.23387096774193547,0.062196528651478955,-0.06724999999999998,No significant trend,16.308124999999997,1.820812726332667
101_299,-0.5604838709677419,7.057150331224449e-06,-0.3548653198653199,Decreasing,29.450937500000002,4.222588334907128
101_3,-0.38306451612903225,0.0021773576915100623,-0.28385416666666663,Decreasing,23.8065625,4.515065482204411
101_30,-0.41935483870967744,0.0007884847400962958,-0.2600694444444446,Decreasing,21.462812500000002,3.490104076505993
101_300,-0.6532258064516129,1.6240138478451627e-07,-0.4917142857142859,Decreasing,21.88375,5.212827777463975
101_301,-0.8024193548387096,1.21112231354914e-10,-0.7111912225705329,Decreasing,26.14375,6.716634550688314
101_302,-0.7721774193548387,5.84016834892509e-10,-0.8485869565217394,Decreasing,23.806874999999998,8.264465514137923
101_303,-0.8205645161290323,4.583267099178556e-11,-0.48242857142857143,Decreasing,26.036562500000002,4.714444962940362
101_304,-0.06854838709677419,0.5925510100829448,-0.03864444444444427,No significant trend,28.0934375,2.8735013587248837
101_305,-0.6169354838709677,7.574687868050489e-07,-0.37507326007326003,Decreasing,25.27375,4.214144893985019
101_306,-0.3467741935483871,0.005553981920621398,-0.11844736842105266,Decreasing,21.753124999999997,2.079579941809162
101_307,-0.6330645161290323,3.859708492814917e-07,-0.36164021164021165,Decreasing,19.2096875,5.1108716749047565
101_308,0.15120967741935484,0.23013253179706616,0.050441729323308204,No significant trend,26.5446875,2.7255033759553022
101_309,-0.2318548387096774,0.06450466084662865,-0.09508928571428574,No significant trend,25.9384375,2.483993897656303
101_31,-0.07661290322580645,0.54850039361213,-0.03782051282051284,No significant trend,19.726875,3.0115708499676708
101_310,-0.36693548387096775,0.0033335638107387933,-0.16603896103896112,Decreasing,27.035625000000003,2.7271825405306114
101_311,-0.3165322580645161,0.011413839625523003,-0.15801282051282048,Decreasing,27.2221875,2.7318443110550334
101_312,-0.6451612903225806,2.303051436225445e-07,-0.46261133603238874,Decreasing,26.7659375,5.236610222376089
101_313,-0.29838709677419356,0.017134045455555746,-0.08179166666666662,Decreasing,22.338749999999997,2.122112376265687
101_314,-0.5100806451612904,4.378423530448927e-05,-0.11679864253393667,Decreasing,27.374375,1.7373416069889653
101_315,-0.3487903225806452,0.005283353948143166,-0.2693478260869566,Decreasing,26.0003125,4.899423744415638
101_316,-0.5161290322580645,3.546525120357025e-05,-0.22933333333333322,Decreasing,26.7228125,2.903344229478094
101_317,0.06451612903225806,0.6151681449180015,0.0379765886287626,No significant trend,20.651874999999997,3.642066238328869
101_318,-0.17137096774193547,0.173140435185424,-0.09814009661835749,No significant trend,20.9546875,3.0595301767336354
101_319,0.16483516483516483,0.4434214028640828,0.33142857142857146,No significant trend,9.12857142857143,3.69108164004393
101_32,-0.010080645161290322,0.9482808409102057,-0.01004545454545467,No significant trend,21.105312499999997,3.0041720826783123
101_320,-0.12903225806451613,0.3069529533583135,-0.07500000000000048,No significant trend,29.4921875,2.91791313953033
101_321,-0.5584677419354839,7.614672716593773e-06,-0.19255434782608688,Decreasing,30.9259375,2.313619809107311
101_322,-0.5705645161290323,4.806988263883483e-06,-0.4025000000000002,Decreasing,28.33625,4.576261950271204
101_323,-0.375,0.0026994076056261473,-0.1796153846153844,Decreasing,18.5453125,2.8640901526215528
101_324,-0.17943548387096775,0.15356609546635402,-0.11816666666666661,No significant trend,21.993125,3.9892107909177974
101_325,-0.29435483870967744,0.018703634813544978,-0.27946666666666664,Decreasing,28.222187499999997,5.449972324686039
101_326,-0.6512096774193549,1.772900197760663e-07,-0.48751918158567786,Decreasing,26.208437500000002,5.354530855601988
101_327,-0.10887096774193548,0.3900801527621489,-0.03856037151702778,No significant trend,20.3125,1.9991826454828983
101_328,-0.7137096774193549,1.0379506365509883e-08,-0.6020833333333333,Decreasing,25.3746875,6.328394338403996
101_329,-0.23790322580645162,0.05778505532796996,-0.07583333333333306,No significant trend,23.600624999999997,1.6835044132330035
101_33,-0.36693548387096775,0.0033335638107387933,-0.19676282051282057,Decreasing,23.5171875,3.468390507835551
101_330,-0.5181451612903226,3.304303154827437e-05,-0.12472222222222208,Decreasing,26.816562499999996,1.688415694843468
101_331,-0.22580645161290322,0.07185648599690286,-0.09380952380952381,No significant trend,19.8521875,2.197185322143708
101_332,0.21370967741935484,0.08861906133688091,0.09,No significant trend,24.719375,2.8112807773993334
101_333,0.10080645161290322,0.42684260879570113,0.06550000000000011,No significant trend,20.7609375,3.4820193129983856
101_334,-0.5060483870967742,5.032482653111181e-05,-0.2767293233082707,Decreasing,13.884374999999999,4.17844837940772
101_335,0.020161290322580645,0.883962377036416,0.0166666666666671,No significant trend,26.786875000000002,3.5225775696746555
101_336,0.4657258064516129,0.0001916438218019234,0.22211111111111104,Increasing,24.11625,3.1157420364176494
101_337,0.03225806451612903,0.8078142165841911,0.019592391304348013,No significant trend,24.00125,2.3269638883102592
101_338,-0.3165322580645161,0.011413839625523003,-0.13716577540106964,Decreasing,24.5128125,2.8537237015597277
101_339,-0.5161290322580645,3.546525120357025e-05,-0.2802614379084968,Decreasing,25.6921875,3.640752613106767
101_34,-0.7479838709677419,1.9721104749237384e-09,-0.5343956043956044,Decreasing,22.689687499999998,5.479673510104754
101_340,0.25806451612903225,0.03944736533784576,0.13533333333333342,Increasing,20.5740625,3.7000133947181526
101_341,0.04838709677419355,0.7091645038629479,0.031445454545454596,No significant trend,24.63625,4.030025395391448
101_342,0.6532258064516129,1.6240138478451627e-07,0.47394636015325686,Increasing,25.1028125,6.051972423503245
101_343,-0.1350806451612903,0.2844906362403654,-0.08923992673992671,No significant trend,20.9390625,4.455724098964583
101_344,0.14717741935483872,0.24297435488893093,0.15062500000000012,No significant trend,19.3875,4.3217270853213305
101_345,-0.4879032258064516,9.2999707930419e-05,-0.22669117647058823,Decreasing,21.6290625,3.146141842971126
101_346,0.4717741935483871,0.00015781793261271382,0.15747826086956512,Increasing,15.039375,2.288247060388148
101_347,0.4012096774193548,0.0013233944127710728,0.2350000000000001,Increasing,22.105625,3.7862786293899453
101_348,-0.4092741935483871,0.0010539167533933913,-0.2459420289855072,Decreasing,21.9740625,3.286704142616696
101_349,0.17540322580645162,0.16313197866795437,0.10624999999999993,No significant trend,22.1259375,2.9124762438677076
101_35,-0.29838709677419356,0.017134045455555746,-0.23388461538461536,Decreasing,23.564375,4.194313812696303
101_350,-0.5564516129032258,8.214164165520899e-06,-0.37310526315789466,Decreasing,23.87375,4.6187692827743625
101_351,-0.5,6.18958807825365e-05,-0.15138888888888893,Decreasing,15.7871875,2.311398703132748
101_352,0.40725806451612906,0.0011160599546666816,0.3261578947368421,Increasing,30.53875,4.312277349324831
101_353,-0.6028225806451613,1.3482705789602534e-06,-0.34750000000000014,Decreasing,20.6325,4.19188725397046
101_354,-0.28830645161290325,0.021293682001457093,-0.14782142857142844,Decreasing,23.690625,3.309003756325308
101_355,-0.7076612903225806,1.38075384459313e-08,-0.5580000000000003,Decreasing,26.495625,5.500106213463064
101_356,-0.2540322580645161,0.04265662043840912,-0.180909090909091,Decreasing,24.455000000000002,4.577168202065552
101_357,-0.4596774193548387,0.00023219814177166676,-0.31549999999999956,Decreasing,24.3540625,4.233793260315594
101_358,-0.12096774193548387,0.3386829866956895,-0.07152380952380948,No significant trend,22.5425,3.5108207729817256
101_359,0.2721774193548387,0.029779962111063263,0.16721014492753628,Increasing,27.621562500000003,3.858715062503806
101_36,-0.12096774193548387,0.3386829866956895,-0.05954545454545464,No significant trend,19.791874999999997,3.610778514998531
101_360,-0.41935483870967744,0.0007884847400962958,-0.24660714285714308,Decreasing,24.0534375,3.6567101072676995
101_361,0.07459677419354839,0.5593600509011936,0.03422077922077919,No significant trend,21.6884375,2.717063108136016
101_362,-0.4032258064516129,0.0012506303657648932,-0.39250000000000007,Decreasing,31.118437500000002,5.513363373077612
101_363,-0.719758064516129,7.784594746595985e-09,-0.5960256410256415,Decreasing,23.638125000000002,5.839996488387215
101_364,-0.2762096774193548,0.027423400237828188,-0.12590000000000004,Decreasing,26.2015625,2.740497342380348
101_365,-0.6330645161290323,3.859708492814917e-07,-0.24961538461538457,Decreasing,29.6778125,3.005332484076221
101_366,-0.7379032258064516,3.238943557803964e-09,-0.4642857142857141,Decreasing,26.141875000000002,4.712953186100516
101_367,-0.6471774193548387,2.1112575954163049e-07,-0.47609523809523796,Decreasing,23.2278125,5.0653576714624755
101_368,-0.7439516129032258,2.4068798065712826e-09,-0.5091454545454546,Decreasing,24.733437499999997,5.592495311450314
101_369,-0.3467741935483871,0.005553981920621398,-0.24302884615384618,Decreasing,25.1809375,4.614566853572906
101_37,-0.4838709677419355,0.00010630450788085,-0.26729166666666637,Decreasing,18.98125,3.3226568341464335
101_370,-0.12096774193548387,0.3386829866956895,-0.031574074074074074,No significant trend,13.329374999999999,1.3802194968101995
101_371,-0.36693548387096775,0.0033335638107387933,-0.29564102564102573,Decreasing,23.3553125,4.535715891934122
101_372,-0.16733870967741934,0.18360093287848422,-0.0658333333333333,No significant trend,28.6646875,3.2018607718549768
101_373,-0.4576612903225806,0.0002474174487239189,-0.1972916666666666,Decreasing,25.604374999999997,2.724677661554665
101_374,0.0907258064516129,0.47552160598321747,0.047470238095238135,No significant trend,19.766875,2.8006321133585184
101_375,-0.5524193548387096,9.551213337788411e-06,-0.37683333333333324,Decreasing,26.459375,4.252531553013451
101_376,0.4254032258064516,0.0006605386079836517,0.27525000000000027,Increasing,26.923125,4.422527866998126
101_377,-0.6209677419354839,6.409512869343104e-07,-0.48144444444444445,Decreasing,19.0715625,5.0543682279384585
101_378,-0.17137096774193547,0.173140435185424,-0.10875000000000004,No significant trend,22.12625,3.4092628877075466
101_379,-0.22379032258064516,0.07445456944820861,-0.08784210526315789,No significant trend,22.0709375,2.8102350428556235
101_38,-0.5483870967741935,1.1094687683677051e-05,-0.2908333333333334,Decreasing,26.2709375,3.42514722254296
101_380,-0.4415322580645161,0.0004074870138988107,-0.2878611111111111,Decreasing,25.405625,3.665044284776788
101_381,-0.4032258064516129,0.0012506303657648932,-0.13467391304347828,Decreasing,21.211875,1.9389453278457855
101_382,-0.07459677419354839,0.5593600509011936,-0.04650815217391313,No significant trend,28.250625,2.3961139600142145
101_383,-0.06854838709677419,0.5925510100829448,-0.023115384615384656,No significant trend,23.7409375,2.5881030207651605
101_384,-0.8588709677419355,5.501599176227501e-12,-0.611125,Decreasing,21.939375,6.273445493456925
101_385,-0.3125,0.012513111296831969,-0.13990517241379313,Decreasing,20.838124999999998,2.905311340351495
101_386,-0.5120967741935484,4.0824601233779845e-05,-0.16000000000000014,Decreasing,26.11625,2.566267657026445
101_387,-0.5282258064516129,2.31113806963279e-05,-0.21968750000000004,Decreasing,22.7546875,2.5676874132852987
101_388,-0.17943548387096775,0.15356609546635402,-0.07201923076923081,No significant trend,22.89875,2.192337151876964
101_389,-0.7157258064516129,9.432809422449395e-09,-0.4638333333333332,Decreasing,27.00375,4.8962452131710075
101_39,-0.05241935483870968,0.6851751854528196,-0.025166666666666622,No significant trend,26.860625000000002,2.409234755970244
101_390,-0.49193548387096775,8.127869954099864e-05,-0.3354090909090909,Decreasing,24.378124999999997,4.127487460232315
101_391,-0.07661290322580645,0.54850039361213,-0.028214285714285768,No significant trend,23.8946875,2.4704857624248215
101_392,-0.07258064516129033,0.5703230029200781,-0.01292857142857137,No significant trend,21.254999999999995,1.3241483111796806
101_393,-0.5786290322580645,3.519574691690508e-06,-0.5938333333333332,Decreasing,18.1846875,7.199451361204112
101_394,-0.3548387096774194,0.004541435280679185,-0.16606060606060608,Decreasing,26.295625,3.0982353218203103
101_395,0.3951612903225806,0.001565774864560776,0.39809829059829055,Increasing,23.618125,5.449543809749124
101_396,-0.2439516129032258,0.05165781777373568,-0.13135416666666644,No significant trend,20.8453125,3.981555117330884
101_397,0.18951612903225806,0.13152122240591746,0.09203448275862057,No significant trend,26.4928125,3.1669881535685835
101_398,-0.38306451612903225,0.0021773576915100623,-0.3257419354838708,Decreasing,24.560312500000002,4.381249453905101
101_399,-0.4012096774193548,0.0013233944127710728,-0.26274999999999993,Decreasing,24.781875,4.249145088647245
101_4,-0.6068548387096774,1.1449388537254634e-06,-0.3410096153846155,Decreasing,23.3628125,4.244367763854088
101_40,-0.24596774193548387,0.049740271332769925,-0.09821428571428559,Decreasing,20.7778125,2.719696369053676
101_400,-0.6068548387096774,1.1449388537254634e-06,-0.34977500000000017,Decreasing,26.071875,4.259246146253466
101_401,-0.6754032258064516,6.084656289928603e-08,-0.6291666666666667,Decreasing,27.851875,5.860719579059811
101_402,-0.4153225806451613,0.0008861761949863212,-0.21909926470588237,Decreasing,22.7246875,3.3637525402953994
101_403,-0.7237903225806451,6.417795184177066e-09,-0.6125828460038987,Decreasing,27.9625,6.303420202556704
101_404,0.014112903225806451,0.9224891734522682,0.008529411764705983,No significant trend,25.364375,2.9275981382995515
101_405,-0.4435483870967742,0.0003831828637113066,-0.310465367965368,Decreasing,26.183124999999997,4.229331682946491
101_406,-0.5645161290322581,6.056982383206844e-06,-0.4980588235294117,Decreasing,32.0103125,5.5510666116831775
101_407,-0.22580645161290322,0.07185648599690286,-0.16320161290322577,No significant trend,22.0465625,3.4994505009492203
101_408,0.7016129032258065,1.832546869806606e-08,0.3148737373737373,Increasing,10.6034375,3.287456852734915
101_409,-0.02620967741935484,0.8457081092653058,-0.007841634738186422,No significant trend,16.605,1.4080416364582404
101_41,-0.6330645161290323,3.859708492814917e-07,-0.29487455197132617,Decreasing,24.094375,3.0597936383643582
101_410,-0.14919354838709678,0.2364918152910518,-0.03821691176470593,No significant trend,14.356250000000001,1.6240319231776206
101_411,-0.17338709677419356,0.16808028138689668,-0.10312500000000001,No significant trend,21.8084375,3.216004031961675
101_412,-0.31451612903225806,0.011952275439924609,-0.19589285714285715,Decreasing,28.8284375,3.505526092271137
101_413,0.8548387096774194,6.907363570007874e-12,0.615,Increasing,14.6753125,6.052662629152871
101_414,-0.6975806451612904,2.210337290975417e-08,-0.3597058823529411,Decreasing,28.729999999999997,3.4889996775580254
101_415,-0.5241935483870968,2.6684265470366952e-05,-0.3033928571428571,Decreasing,20.463124999999998,4.048219081815484
101_416,-0.25,0.04608393295095614,-0.06368162692847124,Decreasing,20.484375,2.597616620938317
101_417,0.2903225806451613,0.020397595888393294,0.37098214285714287,Increasing,22.231875000000002,6.568596424227554
101_418,-0.16330645161290322,0.19452239535329507,-0.0802777777777775,No significant trend,22.344375,2.915126431113237
101_419,-0.4576612903225806,0.0002474174487239189,-0.4997368421052632,Decreasing,15.0803125,6.362762511468093
101_42,-0.8084677419354839,8.780598470536916e-11,-0.896192528735632,Decreasing,22.831875000000004,8.532808900612682
101_420,0.02620967741935484,0.8457081092653058,0.008895833333333318,No significant trend,12.9034375,1.4252820101978942
101_421,-0.6088709677419355,1.054676987966019e-06,-0.6484375,Decreasing,21.515625,6.946686682107879
101_422,-0.5524193548387096,9.551213337788411e-06,-0.8806666666666667,Decreasing,23.8228125,9.567546457417583
101_423,-0.05241935483870968,0.6851751854528196,-0.03638157894736846,No significant trend,16.1575,3.027334842728832
101_424,0.3024193548387097,0.015681225244583263,0.18972222222222193,Increasing,12.591249999999999,4.064151010666312
101_425,-0.2842741935483871,0.023189178620686146,-0.21649509803921568,Decreasing,21.2928125,4.115661576811649
101_426,-0.22983870967741934,0.06688303453312439,-0.1876388888888889,No significant trend,23.978749999999998,4.445404052220676
101_427,0.5201612903225806,3.077850744093169e-05,0.3538809523809524,Increasing,19.534375,4.3118832439405175
101_428,-0.4737903225806452,0.00014785185590326932,-0.2551298701298701,Decreasing,15.177812500000002,3.328358017077452
101_429,-0.3467741935483871,0.005553981920621398,-0.12489130434782603,Decreasing,25.1846875,2.3502114058832557
101_43,0.09274193548387097,0.4655488870531288,0.0368750000000001,No significant trend,17.488437499999996,2.703667774264018
101_430,-0.30443548387096775,0.014996317848851026,-0.1921666666666665,Decreasing,25.0484375,3.4487208764400967
101_431,-0.0625,0.626617246268595,-0.017142857142857158,No significant trend,24.1815625,2.2109544168964113
101_432,-0.34274193548387094,0.0061330741504750375,-0.11633333333333346,Decreasing,17.2446875,2.7878710340228707
101_433,-0.6028225806451613,1.3482705789602534e-06,-0.21745989304812846,Decreasing,26.4303125,2.377822644215449
101_434,0.06048387096774194,0.6381570271128183,0.02254807692307683,No significant trend,26.635312499999998,2.7481209311716523
101_435,-0.40725806451612906,0.0011160599546666816,-0.13055555555555542,Decreasing,28.4915625,1.776383456237349
101_436,-0.5806451612903226,3.253640496581056e-06,-0.626060606060606,Decreasing,28.199375,6.842771248505608
101_437,-0.3467741935483871,0.005553981920621398,-0.42692941176470584,Decreasing,20.229374999999997,6.886035206080129
101_438,-0.8588709677419355,5.501599176227501e-12,-1.1902173913043477,Decreasing,31.17375,11.481041914281995
101_439,-0.9314516129032258,7.682743330406083e-14,-1.7806944444444448,Decreasing,33.553125,16.082674574969644
101_44,0.012096774193548387,0.9353765292166933,0.009278846153846169,No significant trend,23.479375,3.1854855767017685
101_440,0.014112903225806451,0.9224891734522682,0.004444444444444502,No significant trend,18.8046875,1.824056236069423
101_441,-0.09879032258064516,0.4363392795127665,-0.0490972222222222,No significant trend,24.870937499999997,3.0927944073432605
101_442,-0.42943548387096775,0.0005862699970422547,-0.1516346153846155,Decreasing,15.3978125,2.3368270881354807
101_443,-0.04032258064516129,0.757996646747342,-0.01076923076922972,No significant trend,26.403437500000003,2.029120205555538
101_444,0.0846774193548387,0.5061307168657696,0.08156249999999995,No significant trend,30.528124999999996,4.638831640011847
101_445,-0.5725806451612904,4.448281224922468e-06,-0.7602807017543862,Decreasing,28.784062499999997,8.652390514828474
101_446,-0.1774193548387097,0.15829432695339385,-0.10110671936758894,No significant trend,26.3821875,3.1573245540874875
101_447,-0.20967741935483872,0.09486107679233946,-0.11128571428571427,No significant trend,28.2665625,3.237932991677522
101_448,0.21370967741935484,0.08861906133688091,0.09569230769230767,No significant trend,22.793437500000003,3.3093292460246
101_449,0.11693548387096774,0.355310453336267,0.08993478260869564,No significant trend,19.53625,4.4627918321942825
101_45,-0.49798387096774194,6.628324270452346e-05,-0.1644761904761906,Decreasing,25.758125,2.1026448188828755
101_450,-0.7862903225806451,2.8229885096209273e-10,-0.5717083333333334,Decreasing,23.8190625,5.922047977354942
101_451,-0.2923387096774194,0.019534580819994485,-0.1405000000000003,Decreasing,21.675937500000003,2.700343565380848
101_452,-0.6206896551724138,2.4982373059145857e-06,-0.5514285714285714,Decreasing,29.452068965517242,5.3680898672460735
101_453,-0.6048387096774194,1.242609917628812e-06,-0.34999999999999987,Decreasing,19.6028125,4.342041739187194
101_454,-0.5604838709677419,7.057150331224449e-06,-0.32022222222222224,Decreasing,19.676250000000003,3.676196871428406
101_455,0.3870967741935484,0.0019526409550858492,0.21334541062801932,Increasing,26.059687500000003,3.6261933245958837
101_456,0.4778225806451613,0.0001296708328921703,0.1478625,Increasing,8.4303125,1.9714548631261508
101_457,-0.6713709677419355,7.29042284319803e-08,-0.3878030303030301,Decreasing,24.175624999999997,4.066485689065559
101_458,-0.17137096774193547,0.173140435185424,-0.06333333333333338,No significant trend,19.6628125,3.0108047453868125
101_459,-0.2157258064516129,0.08562456353913106,-0.10068181818181832,No significant trend,19.03875,2.2457344984436607
101_46,-0.4838709677419355,0.00010630450788085,-0.18916666666666665,Decreasing,18.983125,2.7927198184520767
101_460,-0.49798387096774194,6.628324270452346e-05,-0.18291666666666656,Decreasing,28.959062499999998,2.4087644127422982
101_461,0.5423387096774194,1.3863660637269959e-05,0.3013571428571429,Increasing,26.95375,3.344342003668285
101_462,-0.2661290322580645,0.03364043981005893,-0.1185833333333333,Decreasing,24.018124999999998,2.9529883566270625
101_463,-0.6209677419354839,6.409512869343104e-07,-0.2944675925925927,Decreasing,23.316875,3.4376694844581848
101_464,-0.5806451612903226,3.253640496581056e-06,-0.4395742753623187,Decreasing,25.396250000000002,5.514564664368349
101_465,-0.7137096774193549,1.0379506365509883e-08,-0.48877574370709387,Decreasing,27.49625,5.409480537676423
101_466,-0.4657258064516129,0.0001916438218019234,-0.22288888888888908,Decreasing,23.38875,3.342077151637885
101_467,-0.18346774193548387,0.1444328264537258,-0.06555555555555556,No significant trend,12.567187500000001,2.1208448115889458
101_468,0.1814516129032258,0.14894602437860582,0.041357466063348364,No significant trend,30.207500000000003,2.287308735173282
101_469,-0.6814516129032258,4.630511263314929e-08,-0.3049305555555557,Decreasing,25.441249999999997,3.0813458402944645
101_47,-0.08923076923076922,0.537126940170827,-0.04461538461538462,No significant trend,10.663461538461538,2.112197073970594
101_470,-0.43951612903225806,0.0004332251570231538,-0.3200000000000002,Decreasing,30.630312500000002,4.593522262637218
101_471,-0.2782258064516129,0.026306692194792536,-0.1993596059113299,Decreasing,27.531875,4.421152591166132
101_472,-0.22580645161290322,0.07185648599690286,-0.11249999999999996,No significant trend,13.7475,3.1079997586872494
101_473,0.375,0.0026994076056261473,0.16645000000000004,Increasing,23.088437499999998,2.382988026321943
101_474,-0.4778225806451613,0.0001296708328921703,-0.2255594405594405,Decreasing,24.5453125,3.0727084798828135
101_475,-0.6370967741935484,3.252720022217659e-07,-0.4347820512820514,Decreasing,25.858125,4.734544221398191
101_476,-0.05443548387096774,0.6732967251102686,-0.04062499999999991,No significant trend,21.883125,3.162170375608341
101_477,-0.16129032258064516,0.2001586151353414,-0.059259259259259255,No significant trend,17.017187500000002,2.34843463073677
101_478,0.41330645161290325,0.0009391233403026611,0.21826797385620916,Increasing,20.79,3.4624990974728065
101_479,0.1935483870967742,0.12342316732733916,0.10405844155844146,No significant trend,20.604062499999998,2.948163474282549
101_48,-0.49193548387096775,8.127869954099864e-05,-0.5207142857142855,Decreasing,21.823125,6.357953403759342
101_480,0.5766129032258065,3.8062807836691803e-06,0.24656250000000002,Increasing,10.3090625,3.0511446206454633
101_481,-0.24596774193548387,0.049740271332769925,-0.1283333333333333,Decreasing,18.590625,2.693311086632029
101_482,0.4012096774193548,0.0013233944127710728,0.20389999999999986,Increasing,18.831249999999997,3.367172172238895
101_483,-0.3528225806451613,0.00477753751407195,-0.33260651629072685,Decreasing,16.55875,4.987781790285136
101_484,-0.5362903225806451,1.7284429657316025e-05,-0.41894607843137255,Decreasing,15.4909375,5.050730367589796
101_485,-0.375,0.0026994076056261473,-0.26440789473684206,Decreasing,16.4825,4.790296180822225
101_486,-0.5282258064516129,2.31113806963279e-05,-0.37642857142857156,Decreasing,29.951875,5.016715457784605
101_487,-0.3125,0.012513111296831969,-0.13701111111111103,Decreasing,20.9334375,3.174738778008948
101_488,-0.7318548387096774,4.348602589132611e-09,-0.7222192513368983,Decreasing,25.403125000000003,6.86438882817509
101_489,-0.5907258064516129,2.1883453411586373e-06,-0.33950000000000014,Decreasing,20.4621875,3.967131941320297
101_49,-0.125,0.32256351748255696,-0.0813875598086124,No significant trend,20.011874999999996,4.501668050220385
101_490,-0.6673387096774194,8.7262118642073e-08,-0.6938888888888889,Decreasing,22.2853125,9.033879629059918
101_492,-0.24193548387096775,0.05363683937977637,-0.1522909698996655,No significant trend,25.4246875,3.3991533728773917
101_493,0.016129032258064516,0.9096221353961886,0.004642857142857171,No significant trend,15.105625,2.127658539186916
101_494,-0.08266129032258064,0.5165593764787639,-0.039062499999999986,No significant trend,19.9521875,2.8833918117112964
101_495,-0.016129032258064516,0.9096221353961886,-0.005733333333333282,No significant trend,18.42375,2.7973790746875906
101_496,-0.4334677419354839,0.000519836761338599,-0.42499094202898546,Decreasing,22.5925,6.508257255210491
101_497,-0.5766129032258065,3.8062807836691803e-06,-0.3580357142857141,Decreasing,21.9975,5.138260284376416
101_498,-0.20161290322580644,0.10839945747110935,-0.17032467532467557,No significant trend,25.9390625,4.807545735205621
101_499,-0.46169354838709675,0.00021786074656704457,-0.2219433198380567,Decreasing,21.6096875,3.159427840186218
101_5,-0.4879032258064516,9.2999707930419e-05,-0.34539215686274505,Decreasing,26.4896875,4.493405226255891
101_50,-0.6975806451612904,2.210337290975417e-08,-0.6090978260869566,Decreasing,28.09,6.187350503244502
101_500,-0.4274193548387097,0.0006223743467113074,-0.24598095238095247,Decreasing,27.2809375,3.7074581583739756
101_501,-0.24193548387096775,0.05363683937977637,-0.12414772727272705,No significant trend,21.1334375,2.9490958459490173
101_502,-0.06048387096774194,0.6381570271128183,-0.04272727272727278,No significant trend,26.329062500000003,3.2069917362060276
101_503,0.0,1.0,-0.0023399014778324317,No significant trend,24.775937499999998,3.647690073333225
101_504,0.06854838709677419,0.5925510100829448,0.024250000000000237,No significant trend,25.365,2.1766803853574825
101_505,0.2056451612903226,0.1014505333614959,0.0944615384615385,No significant trend,27.361250000000005,2.655867031215983
101_506,0.3649193548387097,0.0035119952477191685,0.14394444444444443,Increasing,21.5475,2.6229599215390236
101_507,-0.5705645161290323,4.806988263883483e-06,-0.2547647058823529,Decreasing,22.2,3.260928740405101
101_508,0.1693548387096774,0.17831360778170335,0.04796551724137922,No significant trend,19.4703125,1.5926363449776442
101_509,-0.20161290322580644,0.10839945747110935,-0.09552777777777774,No significant trend,15.405312499999999,3.3092776632286007
101_51,-0.10685483870967742,0.39908552967166067,-0.042916666666666714,No significant trend,19.3415625,2.32554846941399
101_510,-0.16129032258064516,0.2001586151353414,-0.08972527472527478,No significant trend,19.476249999999997,3.088983196377086
101_511,0.14516129032258066,0.24958080203971633,0.39983516483516474,No significant trend,27.358125,8.271523226369796
101_512,0.4375,0.0004604747348062599,0.3289583333333332,Increasing,20.091874999999998,4.658687071952246
101_513,0.016129032258064516,0.9096221353961886,0.008285714285714226,No significant trend,19.3815625,2.4167709725155486
101_514,0.6391129032258065,2.984879994283318e-07,0.43975000000000064,Increasing,25.775000000000002,5.2954963176268945
101_515,0.1875,0.13572177389937323,0.0871666666666665,No significant trend,22.0421875,3.054366479295461
101_516,-0.4375,0.0004604747348062599,-0.18938260869565215,Decreasing,22.7196875,2.631035305225635
101_517,-0.6995967741935484,2.0128545274999965e-08,-0.37225,Decreasing,21.0175,3.7307799117610783
101_518,-0.75,1.7844419275547807e-09,-0.6155050505050506,Decreasing,25.539375,6.108053053909649
101_519,-0.4153225806451613,0.0008861761949863212,-0.39045454545454555,Decreasing,20.946875,5.56396915289571
101_52,-0.020161290322580645,0.883962377036416,-0.0075499999999996525,No significant trend,29.167187499999997,2.596221093212931
101_520,-0.02620967741935484,0.8457081092653058,-0.006666666666667117,No significant trend,25.205937499999997,1.8440933737459582
101_521,-0.5201612903225806,3.077850744093169e-05,-0.43437500000000007,Decreasing,30.1684375,5.591833950824519
101_522,-0.3185483870967742,0.010897045103689385,-0.14885662431941926,Decreasing,27.397187499999998,2.9157248609640365
101_523,-0.3185483870967742,0.010897045103689385,-0.23710714285714285,Decreasing,26.964687500000004,4.474425231506697
101_524,0.04435483870967742,0.7334457521953335,0.016583333333333262,No significant trend,18.8346875,2.0011949311208417
101_525,-0.1028225806451613,0.4174675215832093,-0.09728888888888892,No significant trend,23.32875,4.435243616477003
101_526,-0.23790322580645162,0.05778505532796996,-0.1050811359026369,No significant trend,26.9346875,2.563858157610079
101_527,-0.8185483870967742,5.111089329545848e-11,-0.7018681318681318,Decreasing,24.661875000000002,6.543304515638486
101_528,-0.46774193548387094,0.0001796761088148635,-0.22483333333333327,Decreasing,28.9209375,3.0426760008409945
101_53,-0.5463709677419355,1.1953055304658733e-05,-0.46115601503759396,Decreasing,29.2521875,5.364141785024306
101_530,0.036290322580645164,0.7827940862749598,0.040166666666666614,No significant trend,27.2171875,4.057085803239038
101_531,-0.26814516129032256,0.03230858389449276,-0.09679487179487188,Decreasing,22.486875,2.3449232896568275
101_532,0.4798387096774194,0.0001213912313333676,0.2211111111111111,Increasing,22.724375,3.00753630225389
101_533,-0.08669354838709678,0.49581389166704337,-0.01499999999999983,No significant trend,20.2496875,1.2630951180903796
101_534,-0.2661290322580645,0.03364043981005893,-0.24027777777777784,Decreasing,31.5309375,4.54304369295451
101_535,0.45564516129032256,0.00026356866715215865,0.3412254901960783,Increasing,28.70625,4.524104711155567
101_536,-0.4717741935483871,0.00015781793261271382,-0.2954629629629628,Decreasing,26.318125,3.959762017391323
101_537,-0.6733870967741935,6.661159712706421e-08,-0.5300000000000007,Decreasing,25.896875,5.533353660699359
101_538,-0.6673387096774194,8.7262118642073e-08,-0.5327327935222672,Decreasing,27.71,5.559704353650471
101_539,0.25201612903225806,0.04434233973465851,0.18500000000000022,Increasing,15.773124999999999,3.8245885706014184
101_54,0.2217741935483871,0.07712890370635717,0.10822884012539176,No significant trend,34.108125,3.5873279031021124
101_540,-0.4778225806451613,0.0001296708328921703,-0.1868067226890755,Decreasing,24.3528125,2.8887727004462893
101_541,0.04032258064516129,0.757996646747342,0.01719696969696961,No significant trend,17.8778125,2.929333045224416
101_542,-0.06854838709677419,0.5925510100829448,-0.029908088235294127,No significant trend,12.545,2.95380474980998
101_543,-0.7096774193548387,1.2557821005287906e-08,-0.6486153846153846,Decreasing,17.09375,6.190850986536503
101_544,0.39314516129032256,0.001655245859932375,0.2249665551839466,Increasing,15.505624999999998,3.2186001785520055
101_545,0.3548387096774194,0.004541435280679185,0.2947727272727273,Increasing,18.900624999999998,4.333829093235566
101_546,-0.2318548387096774,0.06450466084662865,-0.12939999999999996,No significant trend,18.544375,3.2115630321348196
101_547,-0.6895161290322581,3.2057687171516136e-08,-0.7033333333333334,Decreasing,30.008125,7.270152782739507
101_548,-0.4798387096774194,0.0001213912313333676,-0.40000000000000013,Decreasing,17.4915625,5.405069442994581
101_549,-0.3487903225806452,0.005283353948143166,-0.15575367647058813,Decreasing,21.9778125,2.8104934335172804
101_55,-0.4222222222222222,0.10740463633025366,-0.15874999999999995,No significant trend,8.637,1.498586333849338
101_550,-0.2439516129032258,0.05165781777373568,-0.09916666666666671,No significant trend,26.0303125,2.4784048352405526
101_551,0.14112903225806453,0.2631677566593238,0.10119047619047622,No significant trend,19.832812500000003,2.964524871685807
101_552,-0.2620967741935484,0.03644545316257175,-0.11715686274509798,Decreasing,21.4003125,2.5964765601375546
101_553,-0.5544354838709677,8.858614525264485e-06,-0.2991176470588235,Decreasing,20.3115625,3.4547531653641697
101_554,0.11290322580645161,0.37244389624576013,0.03296703296703292,No significant trend,16.5925,2.0152589783945882
101_555,-0.7217741935483871,7.0691399400857335e-09,-0.43977272727272715,Decreasing,25.892812499999998,4.483306699841507
101_556,-0.2056451612903226,0.1014505333614959,-0.11721153846153848,No significant trend,14.4025,2.399645807197387
101_557,0.6532258064516129,1.6240138478451627e-07,0.32052631578947355,Increasing,24.190312499999997,3.4505302892952194
101_558,-0.7217741935483871,7.0691399400857335e-09,-0.544913793103448,Decreasing,26.184375,5.686914770714874
101_559,-0.10483870967741936,0.40821489473295625,-0.05169047619047622,No significant trend,18.857187500000002,3.0238233603905753
101_56,-0.1532258064516129,0.22389580114431484,-0.07355731225296439,No significant trend,25.2959375,2.9417542166356707
101_560,-0.4737903225806452,0.00014785185590326932,-0.25039999999999996,Decreasing,26.8065625,3.331243770514814
101_561,-0.5604838709677419,7.057150331224449e-06,-0.3901999999999999,Decreasing,24.4871875,4.69124399438398
101_562,-0.1975806451612903,0.11571975521880828,-0.09364102564102567,No significant trend,17.738125,3.0964510305146113
101_563,0.18548387096774194,0.14002518868117475,0.1410416666666669,No significant trend,21.170312499999998,4.402826140939902
101_564,0.04032258064516129,0.757996646747342,0.03322981366459625,No significant trend,23.585625,4.053577846714554
101_565,-0.15725806451612903,0.21178693551335703,-0.06794736842105259,No significant trend,22.6315625,3.2959682846765608
101_566,-0.43951612903225806,0.0004332251570231538,-0.11456439393939392,Decreasing,19.644687500000003,1.8864963960590413
101_567,-0.4838709677419355,0.00010630450788085,-0.3265714285714289,Decreasing,22.94125,3.977186309126089
101_568,-0.2399193548387097,0.05567876996846799,-0.11833333333333362,No significant trend,29.40125,3.160506041364262
101_569,0.10080645161290322,0.42684260879570113,0.04085227272727282,No significant trend,27.4159375,2.9224057505920955
101_57,-0.0907258064516129,0.47552160598321747,-0.020995370370370373,No significant trend,33.2665625,1.958177739275409
101_570,-0.5141129032258065,3.8055466680564365e-05,-0.3176190476190477,Decreasing,23.93125,3.5060187089489414
101_571,-0.17943548387096775,0.15356609546635402,-0.021394230769230742,No significant trend,13.31875,1.033198159841567
101_572,-0.02217741935483871,0.871176289997168,-0.009749999999999925,No significant trend,18.357187500000002,2.9898058406598493
101_573,-0.1532258064516129,0.22389580114431484,-0.09256060606060595,No significant trend,24.856875000000002,3.2890162259215137
101_574,-0.3935483870967742,0.0019791198223833018,-0.22499999999999964,Decreasing,35.54129032258064,3.509478172712442
101_575,-0.6189516129032258,6.968673158525007e-07,-0.5191647597254005,Decreasing,23.869374999999998,5.762002656140918
101_576,-0.05040322580645161,0.697131994304151,-0.026181818181818153,No significant trend,14.624375,2.173493641438824
101_577,-0.6108870967741935,9.712842008458011e-07,-0.3233831908831909,Decreasing,14.416875000000001,4.040177469415793
101_578,-0.7741935483870968,5.268148139947471e-10,-0.44262499999999994,Decreasing,26.0775,4.46980144972906
101_579,-0.3185483870967742,0.010897045103689385,-0.06707142857142862,Decreasing,16.791249999999998,1.1934659347882537
101_58,0.34274193548387094,0.0061330741504750375,0.1245000000000001,Increasing,18.3740625,2.0310940084333247
101_580,-0.8286290322580645,2.956013211985464e-11,-0.7484782608695653,Decreasing,21.692187500000003,7.229732764068375
101_581,0.4012096774193548,0.0013233944127710728,0.21696969696969698,Increasing,26.116875,3.5452181152046203
101_582,-0.7338709677419355,3.942868698203483e-09,-0.5991964285714285,Decreasing,24.98875,5.85786103774236
101_583,-0.3165322580645161,0.011413839625523003,-0.09659770114942522,Decreasing,21.814375,1.9694811142468465
101_584,-0.4959677419354839,7.096380450022366e-05,-0.6257189542483659,Decreasing,21.38,7.41058533450631
101_585,-0.06854838709677419,0.5925510100829448,-0.08607142857142852,No significant trend,18.8896875,4.641881679593282
101_586,-0.5080645161290323,4.694664237403501e-05,-0.21857142857142822,Decreasing,19.9790625,2.7875149768375684
101_587,-0.2701612903225806,0.031022165815888902,-0.13909090909090943,Decreasing,19.1559375,2.991587015464158
101_588,-0.5443548387096774,1.2874583818822671e-05,-0.34072966507177027,Decreasing,18.654375,4.778870772407954
101_589,-0.24193548387096775,0.05363683937977637,-0.1349999999999999,No significant trend,19.1121875,3.9969611381452976
101_59,-0.4959677419354839,7.096380450022366e-05,-0.33590740740740743,Decreasing,20.146250000000002,4.192188233786742
101_590,-0.5221774193548387,2.8661968966448015e-05,-0.3444999999999999,Decreasing,27.025625,3.788372785164496
101_591,-0.20161290322580644,0.10839945747110935,-0.09807692307692309,No significant trend,18.955624999999998,2.977648965102334
101_592,-0.40725806451612906,0.0011160599546666816,-0.26279220779220774,Decreasing,22.6346875,4.060642640314923
101_593,-0.3286290322580645,0.008612477773118021,-0.19716599190283396,Decreasing,17.878437499999997,4.1665364133286715
101_594,0.23790322580645162,0.05778505532796996,0.11160455486542445,No significant trend,19.942187500000003,3.017862172108553
101_595,0.40725806451612906,0.0011160599546666816,0.3479696969696969,Increasing,35.451875,5.000866448364224
101_596,0.19556451612903225,0.11952284590988049,0.13423076923076926,No significant trend,25.1890625,4.129665815304399
101_597,-0.6774193548387096,5.5566278689411774e-08,-0.5107500000000001,Decreasing,27.93,5.097368193489657
101_598,0.3407258064516129,0.006442543344656437,0.14350649350649336,Increasing,22.522187499999998,2.4133233496246933
101_599,-0.4737903225806452,0.00014785185590326932,-0.37502392344497604,Decreasing,28.2890625,4.4922505212970645
101_6,-0.03024193548387097,0.8204001472261235,-0.009285714285714088,No significant trend,23.0371875,2.8519009388202377
101_60,-0.05040322580645161,0.697131994304151,-0.027485380116959147,No significant trend,15.23,2.809042319011944
101_600,0.038306451612903226,0.7703660224129336,0.016409090909090797,No significant trend,25.059375,2.4851168703654563
101_601,-0.3125,0.012513111296831969,-0.09649999999999995,Decreasing,20.2928125,2.3008507045968347
101_602,-0.4415322580645161,0.0004074870138988107,-0.24980000000000002,Decreasing,16.166249999999998,3.2547069280505116
101_603,0.44556451612903225,0.0003602388463002093,0.1358947368421053,Increasing,21.7425,1.846286814121793
101_604,0.22983870967741934,0.06688303453312439,0.09889285714285706,No significant trend,19.6721875,2.8132251669291866
101_605,-0.11693548387096774,0.355310453336267,-0.06325630252100843,No significant trend,30.945625,3.091771273780614
101_606,0.6471774193548387,2.1112575954163049e-07,0.6109046052631578,Increasing,28.310000000000002,6.351162787238255
101_607,-0.3467741935483871,0.005553981920621398,-0.2529230769230767,Decreasing,27.586875,4.4185443286647015
101_608,0.25806451612903225,0.03944736533784576,0.18258620689655158,Increasing,28.7571875,3.799481242859839
101_609,-0.27419354838709675,0.028580768516166755,-0.1360180995475114,Decreasing,20.4278125,2.9259867292665134
101_61,-0.21169354838709678,0.09169739408279987,-0.06110197368421055,No significant trend,25.0871875,1.754209641075932
101_610,-0.7056451612903226,1.5177737733296226e-08,-0.3353463203463204,Decreasing,27.509375,3.372652829654277
101_611,-0.4032258064516129,0.0012506303657648932,-0.2505397727272727,Decreasing,23.915,3.9023822852201446
101_612,0.25806451612903225,0.03944736533784576,0.14333333333333326,Increasing,25.0103125,2.9569721468664105
101_613,-0.4778225806451613,0.0001296708328921703,-0.2678937728937729,Decreasing,24.421875,3.6023806689986273
101_614,0.036290322580645164,0.7827940862749598,0.02525000000000004,No significant trend,16.9209375,4.041971486303899
101_615,0.0967741935483871,0.44595658115373604,0.022916666666666696,No significant trend,23.368125,2.1412619490326255
101_616,-0.1310483870967742,0.299338497620361,-0.04200000000000017,No significant trend,20.597500000000004,2.1720410907715353
101_617,-0.125,0.32256351748255696,-0.06409090909090878,No significant trend,17.833750000000002,2.738071572749697
101_618,-0.5846774193548387,2.7784224061466745e-06,-0.3330921052631578,Decreasing,23.059375000000003,4.105039538101308
101_619,-0.6814516129032258,4.630511263314929e-08,-0.25,Decreasing,20.9128125,2.631242855542557
101_62,-0.3064516129032258,0.014337900827245509,-0.4023897058823529,Decreasing,22.619374999999998,7.215074903240783
101_620,0.26411290322580644,0.035018975923764684,0.10173809523809524,Increasing,14.147187500000001,1.9677068416925707
101_621,-0.12903225806451613,0.3069529533583135,-0.05629120879120864,No significant trend,25.630625000000002,2.7653943406637325
101_622,-0.0846774193548387,0.5061307168657696,-0.03035714285714301,No significant trend,24.473750000000003,2.6319013445606196
101_623,-0.6491935483870968,1.934942726045108e-07,-0.41904761904761895,Decreasing,26.2975,4.513735287984886
101_624,-0.4274193548387097,0.0006223743467113074,-0.2584153846153846,Decreasing,24.8140625,3.5288948866598093
101_625,-0.4314516129032258,0.0005521233561254224,-0.2826515151515153,Decreasing,27.2184375,4.011476590183937
101_626,0.17540322580645162,0.16313197866795437,0.07805555555555582,No significant trend,24.404375,2.5190734128593797
101_627,0.1935483870967742,0.12342316732733916,0.08648809523809525,No significant trend,16.40625,2.2521472393029724
101_628,-0.5403225806451613,1.4924957946416129e-05,-0.42937499999999995,Decreasing,25.926875000000003,5.3041159946191785
101_629,0.6391129032258065,2.984879994283318e-07,0.41645833333333326,Increasing,25.051875000000003,4.349235879367202
101_63,0.16733870967741934,0.18360093287848422,0.05037037037037048,No significant trend,25.1778125,1.779161906585162
101_630,-0.6008064516129032,1.4625443411908634e-06,-0.3200000000000002,Decreasing,24.3159375,3.6531415071269486
101_631,-0.37701612903225806,0.0025591348086346777,-0.1574725274725275,Decreasing,20.869375,2.8350109540132293
101_632,0.26411290322580644,0.035018975923764684,0.10043076923076924,Increasing,13.0396875,2.1407686767476184
101_633,-0.7762096774193549,4.750932980357447e-10,-0.44077777777777777,Decreasing,15.7503125,4.338533367088901
101_634,-0.7943548387096774,1.8528600875811208e-10,-0.666875,Decreasing,18.93,6.679600474579299
101_635,-0.004032258064516129,0.9870617094920746,-0.00777777777777781,No significant trend,23.1634375,3.3708211252740408
101_636,0.4012096774193548,0.0013233944127710728,0.19572222222222224,Increasing,20.198437499999997,3.121509159620351
101_637,-0.4021505376344086,0.001570485444849723,-0.21750000000000003,Decreasing,22.594838709677422,3.3142710685640844
101_638,0.0,1.0,0.0002083333333333659,No significant trend,23.4828125,3.5487843291532593
101_639,-0.5504032258064516,1.0295362178336376e-05,-0.2962781954887217,Decreasing,21.305625,3.4841524592610753
101_64,-0.4939516129032258,7.595584729669369e-05,-0.30623749999999983,Decreasing,28.090000000000003,4.002422703813279
101_640,-0.6612903225806451,1.140522314369008e-07,-0.4437500000000001,Decreasing,23.8890625,5.295752637358901
101_641,-0.7741935483870968,5.268148139947471e-10,-0.4854482758620689,Decreasing,26.722187499999997,5.451449196300351
101_642,0.26411290322580644,0.035018975923764684,0.14657142857142846,Increasing,26.625937500000003,3.1001984405992062
101_643,0.16129032258064516,0.2001586151353414,0.08466666666666664,No significant trend,13.6340625,3.328363767843556
101_644,-0.5504032258064516,1.0295362178336376e-05,-0.3562272727272727,Decreasing,25.964062499999997,3.8388392283467345
101_645,-0.7137096774193549,1.0379506365509883e-08,-0.6130812324929973,Decreasing,24.7284375,7.248085139096653
101_646,-0.7520161290322581,1.6142178704825483e-09,-0.9455928853754941,Decreasing,19.263437500000002,9.832046013348075
101_647,-0.9153225806451613,2.0405899192610377e-13,-0.9658333333333334,Decreasing,29.724375,9.16701148735917
101_648,-0.2056451612903226,0.1014505333614959,-0.15689814814814823,No significant trend,23.11,3.9080341925320976
101_649,-0.2762096774193548,0.027423400237828188,-0.12566964285714283,Decreasing,18.9428125,2.4420166286992706
101_65,0.2056451612903226,0.1014505333614959,0.11156108597285073,No significant trend,23.947812499999998,2.645741548194712
101_650,0.09274193548387097,0.4655488870531288,0.03536842105263191,No significant trend,22.3965625,2.6362670214896196
101_651,0.2721774193548387,0.029779962111063263,0.106264367816092,Increasing,16.8809375,2.3265040288152843
101_652,-0.45564516129032256,0.00026356866715215865,-0.26916666666666655,Decreasing,25.68,4.020871329699571
101_653,0.1935483870967742,0.12342316732733916,0.09315934065934056,No significant trend,23.063125,3.360286852989637
101_654,-0.7520161290322581,1.6142178704825483e-09,-0.9148136645962733,Decreasing,21.898125,10.427992507399255
101_655,-0.7560483870967742,1.3199186188472822e-09,-0.9574458874458873,Decreasing,28.760625,9.712150230992878
101_656,-0.8709677419354839,2.7626789744772395e-12,-1.6765865384615384,Decreasing,23.6996875,16.122392906369196
101_657,-0.43951612903225806,0.0004332251570231538,-0.3540384615384615,Decreasing,17.471562499999997,4.860276554229579
101_658,-0.8286290322580645,2.956013211985464e-11,-0.6678240740740743,Decreasing,26.885,6.728157251432223
101_659,0.012096774193548387,0.9353765292166933,0.022076923076923043,No significant trend,27.481562500000003,4.3731675515115755
101_66,-0.6895161290322581,3.2057687171516136e-08,-0.38392857142857145,Decreasing,22.575312500000003,4.009989856887889
101_660,-0.530241935483871,2.1500434668642043e-05,-0.5707954545454544,Decreasing,23.978437500000002,6.605323189185655
101_661,-0.010080645161290322,0.9482808409102057,-0.0017307692307692963,No significant trend,27.394687500000003,3.170365696941561
101_662,-0.15524193548387097,0.21778086979766753,-0.08766666666666657,No significant trend,22.1725,3.777332061124624
101_663,-0.594758064516129,1.8639903685002679e-06,-0.4020813397129187,Decreasing,23.996875,4.514353800310184
101_664,-0.3185483870967742,0.010897045103689385,-0.19289525691699605,Decreasing,22.621562500000003,3.568776146467266
101_665,-0.35080645161290325,0.005024693896646282,-0.2544597701149426,Decreasing,23.03125,4.086147138503458
101_666,-0.6673387096774194,8.7262118642073e-08,-0.37314903846153846,Decreasing,23.05375,3.9392343402620766
101_667,-0.4717741935483871,0.00015781793261271382,-0.3475854037267081,Decreasing,25.4225,4.956888514985989
101_668,-0.5342741935483871,1.85935300431872e-05,-0.49924242424242427,Decreasing,28.1446875,6.928834671309725
101_669,-0.4637096774193548,0.00020435771038096462,-0.18040000000000006,Decreasing,13.3471875,2.396504269732009
101_67,0.7237903225806451,6.417795184177066e-09,0.35999999999999965,Increasing,25.94875,3.4532835370846686
101_670,-0.7399193548387096,2.934484433225748e-09,-0.460611111111111,Decreasing,23.4146875,4.452860726807402
101_671,-0.43951612903225806,0.0004332251570231538,-0.2639999999999999,Decreasing,26.485,3.630547479375528
101_672,-0.4173387096774194,0.0008360077721334402,-0.25677380952380957,Decreasing,24.386874999999996,4.087777847972538
101_673,0.21169354838709678,0.09169739408279987,0.13086309523809522,No significant trend,24.80875,4.742702782960365
101_674,-0.375,0.0026994076056261473,-0.19317543859649117,Decreasing,18.1221875,2.819073134887378
101_675,-0.3951612903225806,0.001565774864560776,-0.23215517241379297,Decreasing,27.22375,3.6623717980975115
101_676,-0.17338709677419356,0.16808028138689668,-0.05956521739130431,No significant trend,24.690625,2.6458244668486604
101_677,-0.5483870967741935,1.1094687683677051e-05,-0.2992628205128206,Decreasing,26.48625,3.536679896103124
101_678,-0.41935483870967744,0.0007884847400962958,-0.2998076923076922,Decreasing,23.969375,4.6105374805303345
101_679,-0.2217741935483871,0.07712890370635717,-0.11177631578947363,No significant trend,16.3959375,2.3423157069647442
101_68,-0.6975806451612904,2.210337290975417e-08,-0.6072222222222224,Decreasing,22.363125,6.14191869324033
101_680,0.875,2.191358206005134e-12,0.7422727272727272,Increasing,19.334062499999998,7.218031180390796
101_681,-0.2903225806451613,0.020397595888393294,-0.16033333333333347,Decreasing,23.3009375,3.820019927447205
101_682,-0.16330645161290322,0.19452239535329507,-0.11183333333333337,No significant trend,21.733125,3.615629645632279
101_683,0.09274193548387097,0.4655488870531288,0.04348484848484818,No significant trend,27.568749999999998,2.401415923470984
101_684,-0.02620967741935484,0.8457081092653058,-0.009615384615384411,No significant trend,22.051875000000003,2.896750806399301
101_685,-0.13911290322580644,0.27014929445443236,-0.08086956521739132,No significant trend,23.603437500000002,3.971262086364202
101_686,-0.5806451612903226,3.253640496581056e-06,-0.32641666666666674,Decreasing,22.52875,3.8619617343391686
101_687,-0.3689516129032258,0.003163426250587742,-0.40615789473684216,Decreasing,24.894375,6.149463359462758
101_688,-0.2762096774193548,0.027423400237828188,-0.12880952380952382,Decreasing,21.7378125,3.1372716394733415
101_689,-0.2318548387096774,0.06450466084662865,-0.06537433155080223,No significant trend,19.06125,2.0685649464060827
101_69,-0.3125,0.012513111296831969,-0.22326086956521746,Decreasing,27.614687500000002,4.156753529179202
101_690,-0.016129032258064516,0.9096221353961886,-0.007750000000000123,No significant trend,20.9971875,3.3707874027953393
101_691,-0.5443548387096774,1.2874583818822671e-05,-0.2792559523809526,Decreasing,20.083125,3.425696496243501
101_692,-0.717741935483871,8.570263387852606e-09,-0.4883766233766234,Decreasing,23.649375,4.9501622053600425
101_693,-0.6048387096774194,1.242609917628812e-06,-0.4502272727272728,Decreasing,24.008125,4.9890633123237675
101_694,0.29838709677419356,0.017134045455555746,0.15107142857142863,Increasing,17.5903125,3.300258024358664
101_695,0.6653225806451613,9.543242263099216e-08,0.25296703296703293,Increasing,15.045625,2.8269693771555082
101_696,-0.45564516129032256,0.00026356866715215865,-0.4065384615384612,Decreasing,24.2925,5.152869952754484
101_697,0.14516129032258066,0.24958080203971633,0.10444444444444445,No significant trend,22.6125,4.946685759172499
101_698,-0.5665322580645161,5.609253585836527e-06,-0.22978787878787876,Decreasing,25.386249999999997,2.717626204521144
101_699,0.3245967741935484,0.009469210701438247,0.12165158371040732,Increasing,25.565312499999997,2.4657060149871377
101_7,-0.5443548387096774,1.2874583818822671e-05,-0.3407271364317841,Decreasing,22.5690625,4.416473677731336
101_70,-0.6955645161290323,2.4265743192586342e-08,-0.39469899665551844,Decreasing,25.4853125,4.067822654976953
101_700,0.12903225806451613,0.3069529533583135,0.07392473118279573,No significant trend,20.881562499999998,2.496511452726334
101_701,-0.18951612903225806,0.13152122240591746,-0.049000000000000196,No significant trend,21.151249999999997,2.1615731395213067
101_702,-0.15120967741935484,0.23013253179706616,-0.05347402597402599,No significant trend,18.932499999999997,2.6501049507519503
101_703,-0.36693548387096775,0.0033335638107387933,-0.19187499999999993,Decreasing,19.9103125,2.8987383940852185
101_704,-0.6794354838709677,5.073125608490159e-08,-0.32301994301994297,Decreasing,24.654687499999998,3.256481982499481
101_705,0.35685483870967744,0.004315952098634668,0.2039583333333333,Increasing,24.1525,3.2994374520514858
101_706,-0.31451612903225806,0.011952275439924609,-0.1344375,Decreasing,12.518125,2.125740220340905
101_707,-0.3165322580645161,0.011413839625523003,-0.0956250000000001,Decreasing,14.3975,1.8900578694844243
101_708,0.2540322580645161,0.04265662043840912,0.25286904761904766,Increasing,18.645937500000002,5.39681784675875
101_709,-0.21370967741935484,0.08861906133688091,-0.1349999999999998,No significant trend,20.4834375,3.4644999723760646
101_71,-0.6008064516129032,1.4625443411908634e-06,-0.37930952380952376,Decreasing,22.4621875,4.352160192346296
101_710,-0.09475806451612903,0.45569348519923736,-0.03277472527472533,No significant trend,22.86375,1.786523771882143
101_711,-0.5524193548387096,9.551213337788411e-06,-0.1898611111111113,Decreasing,15.8178125,3.031179364512062
101_712,-0.36693548387096775,0.0033335638107387933,-0.16592105263157875,Decreasing,23.154062500000002,3.1014057894918796
101_713,-0.5967741935483871,1.7196589441326182e-06,-0.4127777777777777,Decreasing,28.7253125,4.275591321951123
101_714,0.12903225806451613,0.3069529533583135,0.08871428571428572,No significant trend,20.6878125,4.503882862580215
101_715,0.11491935483870967,0.36381409836843837,0.030538720538720653,No significant trend,25.231875000000002,2.0798428989649675
101_716,-0.6532258064516129,1.6240138478451627e-07,-0.3680701754385966,Decreasing,21.258125,4.146733230432722
101_717,-0.6451612903225806,2.303051436225445e-07,-0.3745098039215685,Decreasing,20.598125,3.918199871672577
101_718,-0.5161290322580645,3.546525120357025e-05,-0.2683574879227053,Decreasing,22.074374999999996,3.219360318351302
101_719,-0.3387096774193548,0.006765990939990862,-0.2015079365079364,Decreasing,29.9234375,3.3823665987875633
101_72,-0.7862903225806451,2.8229885096209273e-10,-0.9061111111111111,Decreasing,21.104999999999997,9.315401225926879
101_720,-0.38306451612903225,0.0021773576915100623,-0.2718750000000001,Decreasing,22.0325,4.666855204524777
101_721,-0.41330645161290325,0.0009391233403026611,-0.29450724637681147,Decreasing,23.284687499999997,4.165378122373015
101_722,-0.4274193548387097,0.0006223743467113074,-0.2321692307692308,Decreasing,21.8903125,3.5705606040709843
101_723,-0.5826612903225806,3.0070381287217174e-06,-0.23641325536062377,Decreasing,23.898125,2.910160473990223
101_724,-0.13911290322580644,0.27014929445443236,-0.05450000000000026,No significant trend,24.6221875,1.9874083852705642
101_725,-0.4334677419354839,0.000519836761338599,-0.31342222222222227,Decreasing,21.58625,4.05151187058609
101_726,-0.49798387096774194,6.628324270452346e-05,-0.13407407407407385,Decreasing,21.9259375,2.1187921962981053
101_727,-0.6189516129032258,6.968673158525007e-07,-0.16181985294117646,Decreasing,21.153437500000003,1.8362352949972804
101_728,-0.6653225806451613,9.543242263099216e-08,-0.6196153846153851,Decreasing,20.03375,6.679351460845581
101_729,-0.4576612903225806,0.0002474174487239189,-0.20813793103448283,Decreasing,24.2390625,3.0484067143499325
101_73,-0.5645161290322581,6.056982383206844e-06,-0.352254901960784,Decreasing,21.761875000000003,4.16655766003244
101_730,-0.43548387096774194,0.0004893169184720936,-0.17160256410256422,Decreasing,20.215,2.7759964427210635
101_731,-0.6774193548387096,5.5566278689411774e-08,-0.4024404761904762,Decreasing,22.9778125,4.146334777830144
101_732,-0.594758064516129,1.8639903685002679e-06,-0.733173076923077,Decreasing,23.195625,8.878502455897333
101_733,-0.31048387096774194,0.013097125487301797,-0.20992105263157895,Decreasing,17.415,3.4098350399982698
101_734,-0.6693548387096774,7.977093474664798e-08,-0.6805113636363638,Decreasing,20.3309375,6.896618446463002
101_735,-0.8266129032258065,3.299827078251383e-11,-0.7193749999999994,Decreasing,25.473750000000003,6.874951249827158
101_736,-0.3165322580645161,0.011413839625523003,-0.15619444444444444,Decreasing,18.015,2.6457654846943632
101_737,-0.3185483870967742,0.010897045103689385,-0.11281746031746029,Decreasing,19.580000000000002,2.5962196074292327
101_738,-0.3971774193548387,0.001480776176757681,-0.2177500000000001,Decreasing,21.0996875,3.420763332553679
101_739,-0.07862903225806452,0.5377458862517748,-0.024305263157894746,No significant trend,19.229375,2.0182370671888377
101_74,-0.22782258064516128,0.06933314292875958,-0.12376518218623488,No significant trend,26.5434375,2.939441496031814
101_740,-0.4254032258064516,0.0006605386079836517,-0.13291666666666654,Decreasing,22.9609375,2.5453270410879916
101_741,0.3407258064516129,0.006442543344656437,0.12968750000000007,Increasing,18.521875,2.2314561354360074
101_742,0.07258064516129033,0.5703230029200781,0.049074074074073916,No significant trend,24.35625,3.3783481078035753
101_743,-0.4435483870967742,0.0003831828637113066,-0.16594117647058806,Decreasing,20.1846875,2.33882046175925
101_744,-0.4274193548387097,0.0006223743467113074,-0.31949999999999995,Decreasing,24.71125,5.012547848898801
101_745,-0.23387096774193547,0.062196528651478955,-0.12177631578947351,No significant trend,20.9134375,3.398041356221809
101_746,-0.19959677419354838,0.11201244642922337,-0.07416666666666658,No significant trend,19.9125,1.8080272398390462
101_747,0.5100806451612904,4.378423530448927e-05,0.21000000000000024,Increasing,17.997500000000002,2.7550964139209353
101_748,-0.2923387096774194,0.019534580819994485,-0.11537433155080215,Decreasing,17.8696875,2.7289598343221817
101_749,-0.26814516129032256,0.03230858389449276,-0.2263214285714285,Decreasing,25.6375,3.9299173019288838
101_75,-0.5826612903225806,3.0070381287217174e-06,-0.3402083333333333,Decreasing,23.8409375,4.3802713667184765
101_750,-0.6713709677419355,7.29042284319803e-08,-0.43837499999999974,Decreasing,23.7696875,4.794824999657834
101_751,0.7258064516129032,5.824971616164021e-09,0.26129629629629636,Increasing,19.701249999999998,2.7324676919407485
101_752,0.32056451612903225,0.010401152469125874,0.10362500000000001,Increasing,14.98125,2.0091536619930292
101_753,-0.4173387096774194,0.0008360077721334402,-0.30035714285714277,Decreasing,19.361875,4.223290658287089
101_754,-0.4939516129032258,7.595584729669369e-05,-0.1854700854700856,Decreasing,20.30875,2.6433829532438162
101_755,0.13709677419354838,0.27725679757119037,0.09387500000000024,No significant trend,27.3903125,3.8690474315189967
101_756,-0.24615384615384617,0.08163407054432281,-0.10124999999999984,No significant trend,26.811153846153843,2.4137623471748526
101_757,0.3810483870967742,0.0022983908153568766,0.13676086956521744,Increasing,21.004687499999996,2.183148506708545
101_758,-0.17943548387096775,0.15356609546635402,-0.06791666666666671,No significant trend,15.4384375,2.1148095501944733
101_759,0.3064516129032258,0.014337900827245509,0.3832850241545894,Increasing,34.1009375,6.873043521329815
101_76,-0.3548387096774194,0.004541435280679185,-0.15801948051948064,Decreasing,22.824375,3.195411688558299
101_760,-0.4798387096774194,0.0001213912313333676,-0.31673076923076926,Decreasing,26.7628125,4.072320617884077
101_761,0.4213709677419355,0.0007434794433867076,0.3360256410256409,Increasing,17.525624999999998,4.1016109163809045
101_762,-0.3548387096774194,0.004541435280679185,-0.1988749999999999,Decreasing,24.4034375,3.4683530037459778
101_763,0.028225806451612902,0.8330324989520455,0.022857142857142625,No significant trend,31.2990625,3.2539133740918404
101_764,0.3709677419354839,0.0030012397054521855,0.19411538461538452,Increasing,29.660625,2.932429600071415
101_765,0.5806451612903226,4.830075495565467e-06,0.4555999999999999,Increasing,27.43193548387097,4.759524521762339
101_766,-0.6733870967741935,6.661159712706421e-08,-0.35171428571428565,Decreasing,28.4440625,3.735610608868883
101_767,-0.40725806451612906,0.0011160599546666816,-0.21843434343434348,Decreasing,22.254375000000003,3.3004771790416916
101_768,0.3548387096774194,0.004541435280679185,0.2616666666666666,Increasing,31.669062500000003,4.9055092494147585
101_769,-0.45161290322580644,0.00029887973345732455,-0.23133928571428558,Decreasing,20.76875,3.2167051757194036
101_77,0.20766129032258066,0.0981116209814683,0.06755952380952379,No significant trend,17.479374999999997,2.087654092366597
101_770,-0.8467741935483871,1.0854206422550305e-11,-1.040808270676692,Decreasing,32.78156249999999,10.057337529564858
101_771,-0.717741935483871,8.570263387852606e-09,-0.4926307189542485,Decreasing,15.2740625,5.635210654544669
101_772,-0.5100806451612904,4.378423530448927e-05,-0.7249000000000003,Decreasing,17.550312499999997,8.548622873150022
101_773,-0.1814516129032258,0.14894602437860582,-0.09430059523809521,No significant trend,24.10875,3.3987743654882414
101_774,-0.5362903225806451,1.7284429657316025e-05,-0.28651851851851856,Decreasing,20.3034375,3.8254743246548855
101_775,-0.6612903225806451,1.140522314369008e-07,-0.4788461538461541,Decreasing,23.78875,5.623766948185175
101_776,-0.532258064516129,1.999674165320542e-05,-0.340576923076923,Decreasing,24.659062499999997,4.2794277942376535
101_777,0.08064516129032258,0.5270983110287553,0.03105555555555549,No significant trend,14.370000000000001,2.1684801705341923
101_778,-0.2862903225806452,0.02222386181408309,-0.15372023809523813,Decreasing,24.6359375,2.8395574692359635
101_779,0.23588709677419356,0.0599571524375313,0.11270833333333341,No significant trend,22.335,2.8350716481246114
101_78,-0.4778225806451613,0.0001296708328921703,-0.42238095238095263,Decreasing,20.2034375,4.924848100052808
101_780,0.3387096774193548,0.006765990939990862,0.12224999999999994,Increasing,19.501875000000002,2.168917410685571
101_781,-0.43548387096774194,0.0004893169184720936,-0.2379166666666666,Decreasing,26.697499999999998,3.363639212222381
101_782,0.41935483870967744,0.0007884847400962958,0.19408333333333322,Increasing,23.791249999999998,2.844394432475918
101_783,0.13911290322580644,0.27014929445443236,0.09821212121212124,No significant trend,29.833437500000002,3.183115228607621
101_784,-0.5705645161290323,4.806988263883483e-06,-0.25692007797270966,Decreasing,24.995937499999997,3.1756405450072194
101_785,-0.6310483870967742,4.2028371116664687e-07,-0.45680555555555546,Decreasing,21.869999999999997,5.25669335228906
101_786,-0.008064516129032258,0.9611987334080325,-0.011098901098901125,No significant trend,14.207812500000001,4.593201317147306
101_787,-0.3165322580645161,0.011413839625523003,-0.2650000000000001,Decreasing,27.5528125,5.389280004308901
101_788,-0.26814516129032256,0.03230858389449276,-0.09750000000000014,Decreasing,31.2096875,1.9489075214960174
101_789,-0.4475806451612903,0.0003385845397056997,-0.2079166666666667,Decreasing,19.835,3.122162711967459
101_79,-0.6491935483870968,1.934942726045108e-07,-0.392797619047619,Decreasing,21.9365625,4.103029071136805
101_790,-0.4959677419354839,7.096380450022366e-05,-0.3816666666666666,Decreasing,29.258125,4.6947560090355065
101_791,-0.8951612903225806,6.774580896262705e-13,-0.6813068181818183,Decreasing,24.059375000000003,6.431939801442097
101_792,-0.9294354838709677,8.681944052568724e-14,-1.3214236111111108,Decreasing,30.169375,12.299310940429752
101_793,-0.4576612903225806,0.0002474174487239189,-0.18080000000000007,Decreasing,20.7975,2.6294700036319103
101_794,-0.6693548387096774,7.977093474664798e-08,-0.36858333333333293,Decreasing,26.995625,4.001121668904234
101_795,-0.6290322580645161,4.5753051591823635e-07,-0.4648924731182795,Decreasing,18.5690625,5.16298929846787
101_796,-0.12298387096774194,0.33055966993879626,-0.07099999999999973,No significant trend,27.0653125,4.0756632775959
101_797,-0.6693548387096774,7.977093474664798e-08,-0.5087179487179487,Decreasing,14.83375,6.484219666814195
101_798,0.5120967741935484,4.0824601233779845e-05,0.13100000000000006,Increasing,8.1334375,1.906150586547073
101_799,-0.9153225806451613,2.0405899192610377e-13,-0.59,Decreasing,16.533125,7.32305325560145
101_8,-0.2661290322580645,0.03364043981005893,-0.16611111111111063,Decreasing,19.972187500000004,3.5600445348118543
101_80,-0.22580645161290322,0.07185648599690286,-0.1084890109890111,No significant trend,27.406875,2.5103379223473086
101_800,-0.1350806451612903,0.2844906362403654,-0.051666666666666694,No significant trend,14.364687499999999,1.5491085831353946
101_801,-0.8407258064516129,1.5192958002785417e-11,-1.0443198529411766,Decreasing,22.870625,10.45753285241672
101_802,-0.8689516129032258,3.1008529077780622e-12,-1.745083333333333,Decreasing,35.346875,16.280362679755477
101_803,0.04435483870967742,0.7334457521953335,0.024313186813186824,No significant trend,11.985,2.655067089547833
101_804,-0.8125,7.077094466012568e-11,-0.6356249999999999,Decreasing,26.884375,6.347113978760346
101_805,-0.22782258064516128,0.06933314292875958,-0.17367857142857135,No significant trend,19.916875,5.478638880632214
101_806,0.14919354838709678,0.2364918152910518,0.1117857142857143,No significant trend,17.415937500000002,2.673463179303906
101_807,-0.5241935483870968,2.6684265470366952e-05,-0.11290909090909096,Decreasing,12.3175,1.476056824786905
101_808,-0.5846774193548387,2.7784224061466745e-06,-0.29628787878787877,Decreasing,13.8471875,3.4270488710906575
101_809,-0.046370967741935484,0.721270009629742,-0.036992481203007535,No significant trend,11.5790625,3.2681582728034684
101_81,-0.5866935483870968,2.5665371479188792e-06,-0.2784375000000001,Decreasing,23.552500000000002,3.5666142908926948
101_810,-0.46774193548387094,0.0001796761088148635,-0.30109649122807025,Decreasing,14.7834375,4.042105430168014
101_811,0.7701612903225806,6.472633540255401e-10,0.44258333333333333,Increasing,11.0009375,4.171912300863209
101_812,-0.3548387096774194,0.004541435280679185,-0.24000000000000007,Decreasing,24.802500000000002,3.943605583726648
101_813,-0.5324675324675324,0.0005813973809076778,-0.19642857142857142,Decreasing,9.032272727272728,1.8361568853009311
101_814,-0.44166666666666665,0.019223366516952112,-0.13000000000000006,Decreasing,8.04625,1.082421330859661
101_815,-0.8608870967741935,4.908073947262892e-12,-1.0643589743589745,Decreasing,26.0159375,10.191432020137983
101_816,0.16733870967741934,0.18360093287848422,0.10969780219780213,No significant trend,18.51625,3.4624808212465235
101_817,-0.4112903225806452,0.0009949884229842887,-0.11263768115942033,Decreasing,11.119687500000001,1.7905698889861155
101_818,-0.3245967741935484,0.009469210701438247,-0.1053809523809523,Decreasing,24.2353125,2.2752444708962045
101_819,-0.5161290322580645,3.546525120357025e-05,-0.3543401759530792,Decreasing,20.083125000000003,4.341210543658876
101_82,0.38306451612903225,0.0021773576915100623,0.15445833333333325,Increasing,19.96125,2.685610673105839
101_820,-0.6048387096774194,1.242609917628812e-06,-0.3968333333333334,Decreasing,23.125,4.522278186931891
101_821,-0.2661290322580645,0.03364043981005893,-0.12213527851458887,Decreasing,21.6703125,2.5065270849012884
101_822,-0.31048387096774194,0.013097125487301797,-0.15451388888888876,Decreasing,26.619999999999997,3.479869789230626
101_823,0.06653225806451613,0.6038119971938696,0.040984848484848506,No significant trend,24.567812500000002,3.1845895873477557
101_824,-0.10887096774193548,0.3900801527621489,-0.05988095238095237,No significant trend,21.20125,3.141687195998354
101_825,-0.4415322580645161,0.0004074870138988107,-0.4375000000000001,Decreasing,15.205312500000002,5.756748748412054
101_826,-0.7560483870967742,1.3199186188472822e-09,-0.5816847826086957,Decreasing,17.408749999999998,5.8032117992970065
101_827,-0.20766129032258066,0.0981116209814683,-0.2071345029239765,No significant trend,24.153437500000003,4.973407791303037
101_828,-0.7681451612903226,7.171752081092109e-10,-0.5378235294117646,Decreasing,17.4696875,5.676573286529801
101_829,-0.26411290322580644,0.035018975923764684,-0.11783333333333319,Decreasing,20.116562499999997,2.5517513708419455
101_83,-0.1875,0.13572177389937323,-0.07449404761904765,No significant trend,19.184375,2.6325960779001023
101_830,-0.46975806451612906,0.00016841374055021063,-0.31607142857142856,Decreasing,23.4321875,4.116209371478052
101_831,-0.41935483870967744,0.0007884847400962958,-0.2330681818181819,Decreasing,23.4403125,3.759048653229132
101_832,-0.8387096774193549,1.6986412276764895e-11,-0.5745673076923077,Decreasing,14.545312500000001,5.639256923774954
101_833,-0.3467741935483871,0.005553981920621398,-0.17206932773109235,Decreasing,13.721874999999999,3.1176337556510707
101_834,-0.25806451612903225,0.03944736533784576,-0.1480909090909091,Decreasing,20.6928125,2.966464893580194
101_835,-0.5,6.18958807825365e-05,-0.37521390374331554,Decreasing,23.415625,5.045571038978146
101_836,-0.4959677419354839,7.096380450022366e-05,-0.3357714285714286,Decreasing,24.628124999999997,3.9534395131802635
101_837,-0.6935483870967742,2.6632843708185305e-08,-0.38999999999999946,Decreasing,25.074375,4.070925061871687
101_838,-0.06854838709677419,0.5925510100829448,-0.0307272727272727,No significant trend,19.256249999999998,2.600010516805653
101_839,0.4012096774193548,0.0013233944127710728,0.33671497584541055,Increasing,23.513125,5.045172468248731
101_84,-0.41935483870967744,0.0007884847400962958,-0.1720039682539683,Decreasing,19.8175,2.721175067870496
101_840,-0.3790322580645161,0.002425557940292755,-0.1954135338345865,Decreasing,22.647187499999998,3.174682301403363
101_841,-0.8387096774193549,1.6986412276764895e-11,-1.081666666666667,Decreasing,29.5753125,10.535634468428741
101_842,-0.8911290322580645,8.586464872450961e-13,-1.3481944444444447,Decreasing,32.4525,12.540452045281302
101_843,-0.842741935483871,1.3585577107733116e-11,-0.9643233082706766,Decreasing,23.904062500000002,8.76090708038236
101_844,-0.6592741935483871,1.246354144335271e-07,-0.38316666666666654,Decreasing,29.378125,4.437148181475912
101_845,-0.8951612903225806,6.774580896262705e-13,-1.0657142857142856,Decreasing,28.106250000000003,10.341658398801423
101_846,-0.32661290322580644,0.00903177754860196,-0.29,Decreasing,24.754687499999996,6.049339315358641
101_847,-0.2862903225806452,0.02222386181408309,-0.10322390572390572,Decreasing,22.856875000000002,2.2880579066918303
101_848,-0.5806451612903226,3.253640496581056e-06,-0.20544407894736835,Decreasing,26.34375,2.4875763179247383
101_849,-0.5342741935483871,1.85935300431872e-05,-0.20485294117647063,Decreasing,21.689687499999998,2.505044266543757
101_85,-0.4153225806451613,0.0008861761949863212,-0.44675,Decreasing,22.5146875,6.016453473795318
101_850,-0.4495967741935484,0.000318152821317641,-0.29205263157894734,Decreasing,30.254687500000003,4.556358184158018
101_851,-0.4959677419354839,7.096380450022366e-05,-0.5262499999999999,Decreasing,27.4315625,5.890934831042841
101_852,-0.49193548387096775,8.127869954099864e-05,-0.3221837944664031,Decreasing,27.6871875,4.046648485456051
101_853,-0.1592741935483871,0.2059131489229995,-0.15527972027972015,No significant trend,25.4575,5.139831587707908
101_854,-0.5362903225806451,1.7284429657316025e-05,-0.2420813397129188,Decreasing,22.61625,2.969877680561946
101_855,-0.5725806451612904,4.448281224922468e-06,-0.4325000000000001,Decreasing,23.059375000000003,5.282219548577567
101_856,-0.10483870967741936,0.40821489473295625,-0.049761904761904785,No significant trend,23.9871875,3.258013423060708
101_857,-0.6471774193548387,2.1112575954163049e-07,-0.64987922705314,Decreasing,31.016875000000002,6.907858947197387
101_858,-0.7782258064516129,4.2833958602273015e-10,-0.4697619047619046,Decreasing,26.0159375,4.692952734802872
101_859,-0.4717741935483871,0.00015781793261271382,-0.3235714285714287,Decreasing,29.6225,4.525203724695719
101_86,-0.3911290322580645,0.001749399716013178,-0.21360576923076924,Decreasing,16.92625,3.6451883953370645
101_860,-0.6129032258064516,8.942580020931956e-07,-0.2758571428571432,Decreasing,26.958125,3.2197131447343255
101_861,0.10685483870967742,0.39908552967166067,0.04195238095238099,No significant trend,10.3246875,2.7774279742855166
101_862,0.43548387096774194,0.0004893169184720936,0.19061666666666666,Increasing,16.253124999999997,3.0356892107682896
101_863,0.5766129032258065,3.8062807836691803e-06,0.26376842105263165,Increasing,11.8790625,2.7324889745603276
101_864,0.5,6.18958807825365e-05,0.15574175824175823,Increasing,11.310312499999998,2.187709253384405
101_865,-0.25201612903225806,0.04434233973465851,-0.1570833333333332,Decreasing,21.3109375,3.272162281442311
101_866,-0.42943548387096775,0.0005862699970422547,-0.343475,Decreasing,19.0009375,4.862335061068267
101_867,-0.34274193548387094,0.0061330741504750375,-0.17342657342657344,Decreasing,28.3440625,3.398996046054445
101_868,0.10887096774193548,0.3900801527621489,0.07544642857142864,No significant trend,25.173125,3.682236444659007
101_869,-0.5987903225806451,1.5861008195727777e-06,-0.3806696428571429,Decreasing,23.0040625,5.138813007017647
101_870,-0.15725806451612903,0.21178693551335703,-0.12067193675889328,No significant trend,20.7809375,4.2006363798945685
101_871,-0.12096774193548387,0.3386829866956895,-0.03510869565217403,No significant trend,18.996562500000003,2.048160164292273
101_872,-0.6008064516129032,1.4625443411908634e-06,-0.3279411764705882,Decreasing,23.295312499999998,3.670678568377208
101_873,-0.532258064516129,1.999674165320542e-05,-0.3039583333333332,Decreasing,22.1284375,3.7447889705020425
101_874,-0.375,0.0026994076056261473,-0.1859329710144927,Decreasing,16.910625,3.382436194427768
101_875,-0.3588709677419355,0.004100666980662471,-0.16500000000000054,Decreasing,18.915625000000002,2.9469899235279042
101_876,-0.3951612903225806,0.001565774864560776,-0.23908333333333334,Decreasing,25.526562499999997,3.707752527959997
101_877,-0.657258064516129,1.3616589122911193e-07,-0.3466995614035089,Decreasing,22.511250000000004,3.718294089700276
101_878,-0.5443548387096774,1.2874583818822671e-05,-0.3877499999999999,Decreasing,24.3475,4.406010809110663
101_879,-0.5362903225806451,1.7284429657316025e-05,-0.4251594202898551,Decreasing,23.054374999999997,4.71001588207248
101_880,-0.6290322580645161,4.5753051591823635e-07,-0.36770202020202003,Decreasing,22.328125,4.70214142539067
101_881,-0.2661290322580645,0.03364043981005893,-0.12900000000000006,Decreasing,22.233125,2.7610521516941695
101_882,-0.43548387096774194,0.0004893169184720936,-0.20041666666666663,Decreasing,24.0784375,2.4675659937666814
101_883,-0.6774193548387096,5.5566278689411774e-08,-0.6569696969696971,Decreasing,24.7740625,6.81876815275998
101_884,-0.19556451612903225,0.11952284590988049,-0.09246753246753246,No significant trend,28.2615625,3.591577046868652
101_885,-0.2862903225806452,0.02222386181408309,-0.2536666666666668,Decreasing,27.4378125,6.008281126066235
101_886,-0.33669354838709675,0.007103959439850094,-0.27449999999999997,Decreasing,24.657812500000002,4.607826720900402
101_887,-0.5443548387096774,1.2874583818822671e-05,-0.20577935222672067,Decreasing,23.19125,2.9653654391153887
101_888,-0.32661290322580644,0.00903177754860196,-0.2433636363636363,Decreasing,24.6809375,4.253225510843946
101_889,-0.5806451612903226,3.253640496581056e-06,-0.35230392156862744,Decreasing,19.8375,4.1999188980264845
101_89,0.20766129032258066,0.0981116209814683,0.18311111111111114,No significant trend,30.555,4.839002350691722
101_890,-0.47580645161290325,0.0001384805488402474,-0.23026315789473684,Decreasing,18.908749999999998,3.3269878925989493
101_891,0.4879032258064516,9.2999707930419e-05,0.3606250000000002,Increasing,20.835625,4.562560915689236
101_892,0.020161290322580645,0.883962377036416,0.007255555555555557,No significant trend,26.792187499999997,3.1240385864844478
101_894,-0.4375,0.0004604747348062599,-0.1364166666666668,Decreasing,30.1290625,2.027952106459556
101_895,0.7056451612903226,1.5177737733296226e-08,0.39809523809523834,Increasing,22.9375,4.040604843337195
101_896,-0.20766129032258066,0.0981116209814683,-0.1367857142857141,No significant trend,22.888437500000002,3.6696049765054752
101_897,-0.532258064516129,1.999674165320542e-05,-0.3384090909090909,Decreasing,22.7246875,4.259156301703866
101_898,-0.4153225806451613,0.0008861761949863212,-0.23979166666666663,Decreasing,20.1834375,3.0996981802417065
101_899,-0.8024193548387096,1.21112231354914e-10,-0.4318749999999998,Decreasing,23.724062500000002,4.212069606629709
101_9,0.5241935483870968,2.6684265470366952e-05,0.2540833333333333,Increasing,21.570625,3.1836485923190394
101_90,0.19153225806451613,0.12742215355314657,0.10249999999999927,No significant trend,28.511875,2.523779949673703
101_900,-0.42943548387096775,0.0005862699970422547,-0.2826666666666666,Decreasing,28.619374999999998,4.593285138043903
101_901,-0.07258064516129033,0.5703230029200781,-0.024285714285714275,No significant trend,21.84375,2.2264247545111417
101_902,-0.7782258064516129,4.2833958602273015e-10,-0.5776461538461539,Decreasing,25.805,5.775388515069787
101_903,-0.3588709677419355,0.004100666980662471,-0.24434210526315792,Decreasing,27.0709375,4.1332140636668875
101_904,-0.4939516129032258,7.595584729669369e-05,-0.1852488687782806,Decreasing,16.9803125,2.44839932963227
101_905,-0.3850806451612903,0.0020621929792057347,-0.18533936651583716,Decreasing,23.333125,2.6834358077611995
101_906,-0.6028225806451613,1.3482705789602534e-06,-0.2654058441558442,Decreasing,30.732187500000002,3.170766601288046
101_907,0.17338709677419356,0.16808028138689668,0.0882843137254902,No significant trend,21.276875000000004,2.757943569831515
101_908,-0.4274193548387097,0.0006223743467113074,-0.15705741626794253,Decreasing,17.191562499999996,2.2900765671902215
101_909,-0.05443548387096774,0.6732967251102686,-0.024841269841269904,No significant trend,18.598125,2.5580527720074504
101_91,-0.6733870967741935,6.661159712706421e-08,-0.7015,Decreasing,17.379375,7.7207771376575165
101_910,-0.028225806451612902,0.8330324989520455,-0.012699999999999961,No significant trend,15.428125,2.14951656992334
101_911,-0.6350806451612904,3.54369133592769e-07,-0.43309210526315794,Decreasing,16.6078125,5.03496011303404
101_912,-0.5625,6.538795176869172e-06,-0.38204326923076926,Decreasing,16.276875,5.276013787356416
101_913,-0.5483870967741935,1.1094687683677051e-05,-0.5752105263157894,Decreasing,15.710312499999999,7.077976178071225
101_914,-0.2903225806451613,0.020397595888393294,-0.2137037037037038,Decreasing,18.8559375,4.016685402305456
101_915,0.21774193548387097,0.08271238344821374,0.09930769230769232,No significant trend,19.746250000000003,2.6565611582457502
101_916,-0.6451612903225806,2.303051436225445e-07,-0.6194444444444445,Decreasing,27.4384375,6.621280139338144
101_917,-0.2620967741935484,0.03644545316257175,-0.1324999999999999,Decreasing,17.4534375,3.0978557194604384
101_918,-0.4899193548387097,8.695279080095375e-05,-0.40091911764705895,Decreasing,24.5403125,5.255952865784067
101_919,-0.3971774193548387,0.001480776176757681,-0.3104999999999999,Decreasing,24.426875000000003,5.803674718174253
101_92,-0.5282258064516129,2.31113806963279e-05,-0.393798076923077,Decreasing,24.926562500000003,4.8857308878604595
101_920,0.10887096774193548,0.3900801527621489,0.09026315789473772,No significant trend,21.8753125,4.12762642475597
101_921,-0.0846774193548387,0.5061307168657696,-0.06125000000000025,No significant trend,16.9609375,4.0058366474550295
101_922,-0.020161290322580645,0.883962377036416,-0.010642857142857131,No significant trend,11.3428125,3.0016695712292765
101_923,0.5725806451612904,4.448281224922468e-06,0.2637857142857144,Increasing,17.013125000000002,3.0452600848490756
101_924,-0.12298387096774194,0.33055966993879626,-0.05513157894736838,No significant trend,14.920000000000002,2.9781002753433268
101_925,-0.6693548387096774,7.977093474664798e-08,-0.3863720538720539,Decreasing,21.710625,4.06364825118698
101_926,-0.0907258064516129,0.47552160598321747,-0.04557692307692296,No significant trend,21.9434375,2.828647655434262
101_927,-0.2842741935483871,0.023189178620686146,-0.2693154761904764,Decreasing,20.9203125,4.380998376779401
101_928,-0.38306451612903225,0.0021773576915100623,-0.4123148148148148,Decreasing,16.0009375,6.358754968238181
101_929,0.08064516129032258,0.5270983110287553,0.04964194373401535,No significant trend,28.823125,3.0550740963804786
101_93,-0.6512096774193549,1.772900197760663e-07,-0.5213888888888887,Decreasing,24.4621875,5.72913591563717
101_930,-0.6854838709677419,3.854806762682017e-08,-0.4058613445378151,Decreasing,28.685625,4.250966755853896
101_931,-0.09475806451612903,0.45569348519923736,-0.05623737373737382,No significant trend,27.57875,3.311042839876887
101_932,0.4879032258064516,9.2999707930419e-05,0.299031954887218,Increasing,15.918750000000001,3.9648122197022144
101_933,-0.020161290322580645,0.883962377036416,-0.009999999999999913,No significant trend,9.5078125,2.746179999534581
101_934,0.38306451612903225,0.0021773576915100623,0.19224999999999992,Increasing,22.969375,2.6968974506597396
101_935,0.05241935483870968,0.6851751854528196,0.03462962962962965,No significant trend,14.237812499999999,2.9175779063880625
101_936,-0.3971774193548387,0.001480776176757681,-0.17567857142857132,Decreasing,26.19875,2.726288399546167
101_937,0.13306451612903225,0.2918511202475407,0.07712499999999994,No significant trend,20.1975,4.03474596474177
101_938,-0.6532258064516129,1.6240138478451627e-07,-0.3421853546910756,Decreasing,25.927499999999995,3.6803600367355367
101_939,-0.6895161290322581,3.2057687171516136e-08,-0.4874999999999997,Decreasing,24.49625,5.087502917689581
101_94,0.5100806451612904,4.378423530448927e-05,0.4673949579831933,Increasing,16.8159375,5.701521649620718
101_940,-0.8286290322580645,2.956013211985464e-11,-0.4077499999999998,Decreasing,27.033749999999998,3.9493605099433498
101_941,-0.2782258064516129,0.026306692194792536,-0.24103703703703694,Decreasing,30.5384375,5.407521445504747
101_942,-0.46774193548387094,0.0001796761088148635,-0.3192083333333333,Decreasing,26.286562500000002,4.359372524640874
101_943,-0.5846774193548387,2.7784224061466745e-06,-0.2169830827067668,Decreasing,27.904375,2.5578078229951124
101_944,-0.6229838709677419,5.893720071981079e-07,-0.5563865546218487,Decreasing,21.8071875,6.120037905507101
101_945,-0.32056451612903225,0.010401152469125874,-0.15184350132625996,Decreasing,20.755000000000003,2.9957511578901213
101_946,-0.594758064516129,1.8639903685002679e-06,-0.2624545454545454,Decreasing,28.0475,3.386458326925049
101_947,-0.4314516129032258,0.0005521233561254224,-0.20683333333333326,Decreasing,21.92875,3.1652278255285196
101_948,-0.1814516129032258,0.14894602437860582,-0.047772727272727314,No significant trend,19.870624999999997,1.4163883151787862
101_949,0.532258064516129,1.999674165320542e-05,0.3601764705882352,Increasing,21.4453125,4.120535450926706
101_95,-0.6491935483870968,1.934942726045108e-07,-0.9196153846153844,Decreasing,33.49625,9.649596737040362
101_950,-0.5887096774193549,2.370209626567643e-06,-0.24815476190476188,Decreasing,17.44,2.643942368887794
101_951,-0.8387096774193549,1.6986412276764895e-11,-0.5242857142857142,Decreasing,17.504375,5.268716006711217
101_952,-0.7036290322580645,1.667963900331415e-08,-0.5520833333333337,Decreasing,28.127187499999998,5.594659414552753
101_953,-0.21370967741935484,0.08861906133688091,-0.10934782608695642,No significant trend,22.987812499999997,3.5928120379229065
101_954,-0.6350806451612904,3.54369133592769e-07,-0.27,Decreasing,27.205624999999998,3.0184939720620614
101_955,-0.5241935483870968,2.6684265470366952e-05,-0.23730994152046786,Decreasing,19.738125,3.440769751723442
101_956,-0.22580645161290322,0.07185648599690286,-0.1496428571428573,No significant trend,22.737812499999997,3.4813410978879604
101_957,0.3326612903225806,0.007825712195287604,0.1765476190476192,Increasing,27.3359375,2.671162971646199
101_958,-0.3911290322580645,0.001749399716013178,-0.2642788461538461,Decreasing,27.846875,4.634246458095966
101_959,-0.40725806451612906,0.0011160599546666816,-0.2663684210526318,Decreasing,24.76,4.026481093957849
101_96,0.17338709677419356,0.16808028138689668,0.06784090909090904,No significant trend,22.776875,2.7403928065835745
101_960,-0.47580645161290325,0.0001384805488402474,-0.23412500000000006,Decreasing,23.2090625,3.283280904231886
101_961,-0.6975806451612904,2.210337290975417e-08,-0.4135000000000001,Decreasing,25.8728125,4.200371437723543
101_962,0.49798387096774194,6.628324270452346e-05,0.40403846153846157,Increasing,33.170625,5.184974648865218
101_963,-0.3165322580645161,0.011413839625523003,-0.12583333333333335,Decreasing,25.724375000000002,2.0777962145925186
101_964,-0.4274193548387097,0.0006223743467113074,-0.24836363636363626,Decreasing,26.128437500000004,3.386331080032452
101_965,-0.6330645161290323,3.859708492814917e-07,-0.72735,Decreasing,24.778750000000002,7.104296565283575
101_966,-0.23387096774193547,0.062196528651478955,-0.1420000000000003,No significant trend,23.072187500000002,3.406155947669418
101_967,0.21975806451612903,0.07988100283813182,0.053999999999999916,No significant trend,20.885625,1.5702188093940919
101_968,-0.15725806451612903,0.21178693551335703,-0.058823529411764705,No significant trend,26.644062499999997,2.05309957651687
101_969,-0.29838709677419356,0.017134045455555746,-0.1875091575091576,Decreasing,20.497187500000003,4.050608159874731
101_97,-0.29838709677419356,0.017134045455555746,-0.15666666666666648,Decreasing,22.481875,3.3777899926394186
101_970,-0.2157258064516129,0.08562456353913106,-0.16294258373205733,No significant trend,25.4184375,3.8689090107669566
101_971,-0.6028225806451613,1.3482705789602534e-06,-0.27782407407407395,Decreasing,20.693125000000002,3.1005971577060762
101_972,0.2903225806451613,0.020397595888393294,0.11863636363636373,Increasing,18.0778125,3.204142567028463
101_973,-0.28225806451612906,0.02419069629917514,-0.08501602564102557,Decreasing,18.385624999999997,1.7398059114093734
101_974,0.7318548387096774,4.348602589132611e-09,0.41579629629629633,Increasing,21.9590625,4.165218601237365
101_975,-0.22379032258064516,0.07445456944820861,-0.10019230769230772,No significant trend,21.60125,2.4665293810331956
101_976,-0.5866935483870968,2.5665371479188792e-06,-0.22354166666666658,Decreasing,20.81125,2.760461634853851
101_977,-0.4213709677419355,0.0007434794433867076,-0.16378787878787876,Decreasing,20.177500000000002,2.653290410038072
101_978,0.4032258064516129,0.0012506303657648932,0.2176212121212121,Increasing,16.6125,3.658666082057776
101_979,-0.6229838709677419,5.893720071981079e-07,-0.3410882352941177,Decreasing,21.6828125,3.8096696332941717
101_98,0.04233870967741935,0.7456889190979843,0.02765384615384623,No significant trend,18.8846875,3.187128394392631
101_980,-0.4435483870967742,0.0003831828637113066,-0.33704545454545465,Decreasing,21.0828125,4.2667136316893535
101_981,-0.12903225806451613,0.3069529533583135,-0.03788888888888883,No significant trend,21.490000000000002,2.0019381234194027
101_982,-0.48588709677419356,9.944225368752058e-05,-0.2436222222222223,Decreasing,26.278437500000003,3.328871908559077
101_983,-0.22379032258064516,0.07445456944820861,-0.1547348484848485,No significant trend,28.070625,4.571212870713308
101_984,-0.8165322580645161,5.698219673888616e-11,-0.702820512820513,Decreasing,23.592187499999998,6.52022657503892
101_985,-0.10080645161290322,0.42684260879570113,-0.04950854700854697,No significant trend,21.425625000000004,2.639686223658979
101_986,-0.4879032258064516,9.2999707930419e-05,-0.28349856321839073,Decreasing,23.2815625,3.699408828933854
101_987,0.07661290322580645,0.54850039361213,0.033571428571428565,No significant trend,25.5615625,2.241794913366017
101_988,0.1350806451612903,0.2844906362403654,0.12572916666666678,No significant trend,19.111874999999998,3.2415509766738206
101_989,-0.5685483870967742,5.193307037965056e-06,-0.1602941176470588,Decreasing,21.1715625,2.2452701805336814
101_99,-0.6532258064516129,1.6240138478451627e-07,-0.3752777777777778,Decreasing,22.6315625,4.240174752718778
101_990,-0.6915322580645161,2.9223376829534686e-08,-0.35999999999999943,Decreasing,27.84,3.8211312133974147
101_991,-0.008064516129032258,0.9611987334080325,-0.007749999999999946,No significant trend,23.880625000000002,3.7095088434151227
101_992,-0.5665322580645161,5.609253585836527e-06,-0.44111111111111134,Decreasing,24.4240625,5.709144451762782
101_993,-0.014112903225806451,0.9224891734522682,-0.008411371237458267,No significant trend,22.250625,2.2718892709317946
101_994,-0.1935483870967742,0.12342316732733916,-0.11489999999999917,No significant trend,21.5328125,3.0572702636246847
101_995,-0.7479838709677419,1.9721104749237384e-09,-0.41366666666666674,Decreasing,24.24375,4.296974044313044
101_996,-0.3346774193548387,0.0074570078953755115,-0.15826190476190471,Decreasing,20.115,3.193137172123991
101_997,-0.5685483870967742,5.193307037965056e-06,-0.50075,Decreasing,25.26625,6.092881989461145
101_998,-0.2056451612903226,0.1014505333614959,-0.043944444444444425,No significant trend,17.5746875,1.6098233295438817
147_1,0.21774193548387097,0.08271238344821374,0.1563133640552994,No significant trend,24.6628125,3.5882588347057336
147_10,-0.17540322580645162,0.16313197866795437,-0.14022727272727276,No significant trend,23.293125000000003,4.220610469395985
147_100,-0.014112903225806451,0.9224891734522682,-0.008166666666666492,No significant trend,40.823125000000005,2.7253307568761267
147_101,-0.8649193548387096,3.903322109977125e-12,-0.46106060606060606,Decreasing,25.744375,4.549383157019752
147_102,0.046370967741935484,0.721270009629742,0.031160714285714333,No significant trend,16.777812500000003,3.3805849478816166
147_103,0.18346774193548387,0.1444328264537258,0.05868421052631585,No significant trend,24.5146875,2.038271302438355
147_104,-0.2762096774193548,0.027423400237828188,-0.17952380952380959,Decreasing,26.719375,3.1986949853612177
147_105,-0.5967741935483871,1.7196589441326182e-06,-0.5508035714285713,Decreasing,29.0428125,6.674432669886165
147_106,-0.4959677419354839,7.096380450022366e-05,-0.30852272727272734,Decreasing,26.7628125,4.225237592709284
147_107,-0.5120967741935484,4.0824601233779845e-05,-0.13564814814814818,Decreasing,27.4675,1.7671640416214902
147_108,-0.5987903225806451,1.5861008195727777e-06,-0.3956470588235294,Decreasing,21.7184375,5.49017082462775
147_109,-0.7782258064516129,4.2833958602273015e-10,-0.5027949183303085,Decreasing,26.990000000000002,4.905012104979967
147_11,-0.625,5.418056365780188e-07,-0.44763888888888886,Decreasing,24.8103125,4.667816998056345
147_110,-0.7338709677419355,3.942868698203483e-09,-0.3404999999999999,Decreasing,28.535625000000003,3.5018717651243314
147_111,-0.6935483870967742,2.6632843708185305e-08,-0.4924999999999998,Decreasing,24.719375,4.949597797738217
147_112,-0.31451612903225806,0.011952275439924609,-0.1939935064935065,Decreasing,22.9928125,3.9364413135272
147_113,-0.22580645161290322,0.07185648599690286,-0.06236363636363629,No significant trend,29.915625,1.4554164728265921
147_114,-0.37701612903225806,0.0025591348086346777,-0.0941428571428575,Decreasing,38.996562499999996,2.199135638971309
147_115,-0.5423387096774194,1.3863660637269959e-05,-0.41673076923076924,Decreasing,26.533750000000005,4.8339895208305945
147_116,-0.46774193548387094,0.0001796761088148635,-0.26375000000000015,Decreasing,26.8328125,3.640786517339866
147_117,-0.5907258064516129,2.1883453411586373e-06,-0.48350274725274733,Decreasing,26.754062499999996,5.525798505292584
147_118,-0.5443548387096774,1.2874583818822671e-05,-0.3484444444444445,Decreasing,33.754374999999996,4.136320781730426
147_119,-0.6733870967741935,6.661159712706421e-08,-0.5804444444444443,Decreasing,20.9978125,6.433200862699978
147_12,-0.2439516129032258,0.05165781777373568,-0.09459490740740732,No significant trend,26.478125,3.0126985800731876
147_120,-0.038306451612903226,0.7703660224129336,-0.025397727272727308,No significant trend,23.3271875,3.8050806778363784
147_121,-0.35685483870967744,0.004315952098634668,-0.17115530303030313,Decreasing,29.7990625,2.900083360197384
147_122,-0.4435483870967742,0.0003831828637113066,-0.696999999999999,Decreasing,30.56625,7.642141286151414
147_123,-0.6088709677419355,1.054676987966019e-06,-0.5220454545454544,Decreasing,24.237812500000004,5.630346755737497
147_124,-0.12701612903225806,0.314694608207466,-0.0629999999999994,No significant trend,28.83625,2.941551195797891
147_125,-0.6754032258064516,6.084656289928603e-08,-0.5788888888888888,Decreasing,29.805625,5.651768493964964
147_126,-0.3951612903225806,0.001565774864560776,-0.2693212669683257,Decreasing,28.823125,4.158091838136214
147_127,0.48185483870967744,0.00011361189113179293,0.11784090909090943,Increasing,25.030625,2.988996421773536
147_128,-0.41935483870967744,0.0007884847400962958,-0.2262727272727273,Decreasing,38.5625,3.39115209036693
147_129,-0.7983870967741935,1.4987833196755673e-10,-0.8590625000000001,Decreasing,33.8846875,8.467285937792804
147_13,-0.22580645161290322,0.07185648599690286,-0.11819565217391309,No significant trend,25.6703125,3.0820959633573626
147_130,-0.24798387096774194,0.04788277895297388,-0.14894444444444438,Decreasing,20.6728125,2.816062448676121
147_131,-0.30443548387096775,0.014996317848851026,-0.21226284584980248,Decreasing,25.3859375,3.467881971909331
147_132,-0.6532258064516129,1.6240138478451627e-07,-0.8951785714285714,Decreasing,20.5575,8.638467746076268
147_133,-0.5040322580645161,5.3932561817182645e-05,-0.3035714285714286,Decreasing,23.7575,3.749449126205074
147_134,-0.5907258064516129,2.1883453411586373e-06,-0.3240160183066362,Decreasing,24.0153125,3.6436074023340863
147_135,0.21774193548387097,0.08271238344821374,0.12237577639751557,No significant trend,17.69125,2.6387316437068775
147_136,-0.33064516129032256,0.008210665350528501,-0.14375000000000004,Decreasing,19.341875,2.5802112770808128
147_137,-0.3649193548387097,0.0035119952477191685,-0.2945791245791246,Decreasing,27.2653125,4.268833260077483
147_138,-0.19153225806451613,0.12742215355314657,-0.07410526315789484,No significant trend,27.103749999999998,2.3048369654923535
147_139,-0.5020161290322581,5.77844334197497e-05,-0.23322916666666665,Decreasing,22.630625000000002,3.317789114662805
147_14,-0.4334677419354839,0.000519836761338599,-0.2583333333333333,Decreasing,29.707500000000003,3.6191150506719176
147_140,-0.5705645161290323,4.806988263883483e-06,-0.40065000000000006,Decreasing,35.46781250000001,5.141907923119954
147_141,-0.3870967741935484,0.0019526409550858492,-0.31049199084668194,Decreasing,35.3790625,4.4145776690521314
147_142,0.2862903225806452,0.02222386181408309,0.21462962962963056,Increasing,29.795625,3.8894038244151248
147_143,-0.5080645161290323,4.694664237403501e-05,-0.2676388888888889,Decreasing,21.040937500000002,3.008513294983712
147_144,-0.8004032258064516,1.3474710236494047e-10,-0.5098148148148148,Decreasing,29.2490625,4.964247399767033
147_145,-0.6088709677419355,1.054676987966019e-06,-0.7608187134502924,Decreasing,24.508125,7.428230962643461
147_146,-0.5040322580645161,5.3932561817182645e-05,-0.3319580419580418,Decreasing,27.564687499999998,3.9381951643289272
147_147,-0.46169354838709675,0.00021786074656704457,-0.386846405228758,Decreasing,24.43625,5.559197755746776
147_148,-0.8548387096774194,6.907363570007874e-12,-0.5558333333333332,Decreasing,27.3684375,5.764551212678551
147_149,0.6955645161290323,2.4265743192586342e-08,0.4854411764705881,Increasing,39.8315625,5.333489775334133
147_15,-0.7439516129032258,2.4068798065712826e-09,-0.3304000000000009,Decreasing,24.061875,3.232190083267845
147_150,-0.6350806451612904,3.54369133592769e-07,-0.6248178137651822,Decreasing,22.962500000000002,7.264622323287013
147_151,-0.4495967741935484,0.000318152821317641,-0.21409698996655524,Decreasing,24.474375,3.7013645604526717
147_152,-0.6310483870967742,4.2028371116664687e-07,-0.23262500000000008,Decreasing,21.165,2.6266970704670154
147_153,0.14919354838709678,0.2364918152910518,0.07076704545454549,No significant trend,17.439375,3.186569410726056
147_154,0.3084677419354839,0.013705116027189268,0.22041666666666665,Increasing,26.545,3.788953516473909
147_155,-0.5544354838709677,8.858614525264485e-06,-0.44490384615384615,Decreasing,30.018437499999997,4.901955674380762
147_156,-0.780241935483871,3.8608760632996564e-10,-0.4863961038961038,Decreasing,23.4740625,4.884257146290903
147_157,-0.6774193548387096,5.5566278689411774e-08,-0.5818840579710145,Decreasing,27.84625,5.803386807503012
147_158,-0.0967741935483871,0.44595658115373604,-0.06675324675324677,No significant trend,31.0571875,3.054072316570737
147_159,0.15725806451612903,0.21178693551335703,0.05731249999999997,No significant trend,24.851875,2.1302588421069864
147_16,-0.22782258064516128,0.06933314292875958,-0.10481818181818178,No significant trend,22.42,2.5460005400627863
147_160,-0.39314516129032256,0.001655245859932375,-0.2577666666666665,Decreasing,20.7153125,3.819959901928782
147_161,-0.7741935483870968,5.268148139947471e-10,-0.5291161290322579,Decreasing,15.888124999999999,5.1967318080092415
147_162,-0.1814516129032258,0.14894602437860582,-0.09964285714285712,No significant trend,20.3934375,3.3113296134021066
147_163,-0.09879032258064516,0.4363392795127665,-0.07854166666666665,No significant trend,25.853749999999998,3.823873812967682
147_164,-0.1310483870967742,0.299338497620361,-0.028854166666666882,No significant trend,28.8959375,2.0923967408437987
147_165,-0.5846774193548387,2.7784224061466745e-06,-0.4143076923076924,Decreasing,23.9534375,4.639624587032205
147_166,-0.5282258064516129,2.31113806963279e-05,-0.3140993788819876,Decreasing,26.005312500000002,3.661683342718721
147_167,-0.4899193548387097,8.695279080095375e-05,-0.6515090909090908,Decreasing,33.18375,7.384718490741539
147_168,-0.46975806451612906,0.00016841374055021063,-0.25439440993788826,Decreasing,24.68375,3.3064791981048365
147_169,-0.39919354838709675,0.0014000474750610614,-0.3366096866096866,Decreasing,17.929375,4.922911319470929
147_17,-0.4173387096774194,0.0008360077721334402,-0.1711250000000001,Decreasing,26.041249999999998,2.715384123379232
147_170,-0.13709677419354838,0.27725679757119037,-0.08138888888888893,No significant trend,23.583437500000002,3.3145188276118978
147_171,-0.49798387096774194,6.628324270452346e-05,-0.328233082706767,Decreasing,24.286562500000002,4.1323106500593285
147_172,0.5786290322580645,3.519574691690508e-06,0.5703448275862069,Increasing,25.355625,6.862584670470376
147_173,-0.4596774193548387,0.00023219814177166676,-0.22815789473684206,Decreasing,24.885312499999998,3.189126040523288
147_174,-0.39314516129032256,0.001655245859932375,-0.19150000000000017,Decreasing,26.0284375,3.3127265105338455
147_175,-0.5241935483870968,2.6684265470366952e-05,-0.20577380952380947,Decreasing,22.544375000000002,2.7755178993072627
147_176,-0.5423387096774194,1.3863660637269959e-05,-0.33852380952380956,Decreasing,26.7053125,4.516994288500236
147_177,-0.6411290322580645,2.738397213430943e-07,-0.5438750000000001,Decreasing,25.108125,5.844161850460253
147_178,-0.4375,0.0004604747348062599,-0.2683333333333334,Decreasing,27.2775,3.4704862771663567
147_179,-0.6310483870967742,4.2028371116664687e-07,-0.39342857142857157,Decreasing,33.729375000000005,4.371548593962442
147_18,-0.6209677419354839,6.409512869343104e-07,-0.36730603448275867,Decreasing,19.4846875,4.1444247070424325
147_180,0.2318548387096774,0.06450466084662865,0.1063333333333335,No significant trend,31.415937500000002,3.6988679512918208
147_181,-0.5463709677419355,1.1953055304658733e-05,-0.38477272727272727,Decreasing,35.0246875,4.331546335010599
147_182,-0.4959677419354839,7.096380450022366e-05,-0.24196428571428588,Decreasing,26.603437500000002,3.087968192613672
147_183,0.05040322580645161,0.697131994304151,0.00777777777777781,No significant trend,18.2646875,1.5431947065564182
147_184,0.20161290322580644,0.10839945747110935,0.14336309523809515,No significant trend,30.1734375,3.7031891740220013
147_185,-0.012096774193548387,0.9353765292166933,-0.002283653846153887,No significant trend,26.50125,2.2299590102735074
147_186,-0.43951612903225806,0.0004332251570231538,-0.34575,Decreasing,27.7078125,5.001732658773732
147_187,-0.6814516129032258,4.630511263314929e-08,-0.5652941176470587,Decreasing,29.67375,6.01722098958481
147_188,-0.5786290322580645,3.519574691690508e-06,-0.29392857142857143,Decreasing,27.6790625,3.33588009318287
147_189,-0.49798387096774194,6.628324270452346e-05,-0.32979545454545456,Decreasing,24.384999999999998,3.8641323411601727
147_19,-0.06451612903225806,0.6151681449180015,-0.033715789473684254,No significant trend,20.385624999999997,3.6939197824770096
147_190,-0.13306451612903225,0.2918511202475407,-0.047675438596491315,No significant trend,25.6828125,3.1912509639393374
147_191,-0.6794354838709677,5.073125608490159e-08,-0.3293181818181818,Decreasing,26.0909375,3.580382625655217
147_192,-0.38911290322580644,0.0018484554791731167,-0.21427272727272717,Decreasing,24.0471875,3.08064850556563
147_193,-0.6149193548387096,8.23131043548031e-07,-0.4802000000000002,Decreasing,24.881874999999997,5.099591550739627
147_194,-0.31451612903225806,0.011952275439924609,-0.09798611111111101,Decreasing,15.188125,1.9710220025091045
147_195,0.0,1.0,0.0,No significant trend,19.9715625,1.8044305011813975
147_196,-0.056451612903225805,0.6614992026619251,-0.037171428571428425,No significant trend,32.5140625,3.203145777371637
147_197,-0.5221774193548387,2.8661968966448015e-05,-0.4309999999999999,Decreasing,29.03375,4.843036076419419
147_198,-0.18548387096774194,0.14002518868117475,-0.14628787878787844,No significant trend,24.404062500000002,3.444116232227616
147_199,-0.31048387096774194,0.013097125487301797,-0.17500000000000004,Decreasing,26.305625,3.1771812758127282
147_2,-0.34274193548387094,0.0061330741504750375,-0.26205882352941184,Decreasing,28.413125,4.245974886215767
147_20,-0.4334677419354839,0.000519836761338599,-0.24795138888888898,Decreasing,20.9825,3.311049682502514
147_200,-0.028225806451612902,0.8330324989520455,-0.007260869565217353,No significant trend,21.9190625,1.9944961133313222
147_201,-0.6814516129032258,4.630511263314929e-08,-0.5407142857142858,Decreasing,18.2759375,5.630959542661779
147_202,-0.2903225806451613,0.020397595888393294,-0.21522222222222234,Decreasing,20.3834375,4.187604931054714
147_203,-0.4213709677419355,0.0007434794433867076,-0.12837719298245628,Decreasing,23.923750000000002,1.709803990959198
147_204,-0.5020161290322581,5.77844334197497e-05,-0.3263333333333337,Decreasing,27.88125,4.202231364108835
147_205,0.2056451612903226,0.1014505333614959,0.16696457326892108,No significant trend,14.919062499999999,4.524786154736348
147_206,-0.3790322580645161,0.002425557940292755,-0.22041666666666654,Decreasing,29.370624999999997,3.0856582943312105
147_207,-0.7338709677419355,3.942868698203483e-09,-0.35317857142857134,Decreasing,23.0940625,3.6174722350135253
147_208,0.33064516129032256,0.008210665350528501,0.11755060728744926,Increasing,39.584375,2.0291607524725586
147_209,-0.7782258064516129,4.2833958602273015e-10,-0.6974384615384617,Decreasing,19.6315625,6.783098531172443
147_21,0.4112903225806452,0.0009949884229842887,0.14129166666666665,Increasing,17.4015625,1.9343750757269773
147_210,-0.6330645161290323,3.859708492814917e-07,-0.3838304093567251,Decreasing,26.6103125,4.294066025033121
147_211,-0.6955645161290323,2.4265743192586342e-08,-0.21556547619047609,Decreasing,22.485,2.1839156348174256
147_212,-0.36088709677419356,0.003895172738189956,-0.1384259259259259,Decreasing,22.660625,2.4706020742675254
147_213,-0.6330645161290323,3.859708492814917e-07,-0.38095454545454555,Decreasing,24.3884375,4.213100186750102
147_214,-0.8024193548387096,1.21112231354914e-10,-0.2154887218045114,Decreasing,23.280624999999997,2.076714558954841
147_215,-0.6673387096774194,8.7262118642073e-08,-0.35859090909090907,Decreasing,31.434375,3.7648513728134065
147_216,-0.7762096774193549,4.750932980357447e-10,-0.458625,Decreasing,21.82,4.337376799403068
147_217,-0.5745967741935484,4.115299975682163e-06,-0.3632857142857142,Decreasing,24.7515625,4.070455371772764
147_218,-0.7258064516129032,5.824971616164021e-09,-0.4267543859649123,Decreasing,21.293437500000003,4.153791648433242
147_219,-0.4717741935483871,0.00015781793261271382,-0.1848235294117646,Decreasing,17.3521875,2.167120402710415
147_22,0.21774193548387097,0.08271238344821374,0.18228846153846145,No significant trend,33.264375,4.963625777531481
147_220,-0.6733870967741935,6.661159712706421e-08,-0.599285714285714,Decreasing,25.8653125,6.254139621270359
147_221,0.28024193548387094,0.02522949923076112,0.1515625,Increasing,27.8671875,3.328828842828022
147_222,0.3004032258064516,0.016393501482819373,0.124327485380117,Increasing,24.581875,2.3971916348875824
147_223,-0.08870967741935484,0.4856103851418121,-0.037476780185758445,No significant trend,33.504999999999995,3.2022667752702927
147_224,-0.7258064516129032,5.824971616164021e-09,-0.44732142857142865,Decreasing,31.394375,4.4472898611823135
147_225,-0.38911290322580644,0.0018484554791731167,-0.10376623376623366,Decreasing,16.9125,2.145167534249947
147_226,-0.3064516129032258,0.014337900827245509,-0.1148750000000002,Decreasing,20.705,2.463721778123496
147_227,-0.6854838709677419,3.854806762682017e-08,-0.3743461538461539,Decreasing,26.5946875,3.909366144574303
147_228,-0.1693548387096774,0.17831360778170335,-0.0734469696969696,No significant trend,25.976875,2.5533904390780116
147_229,-0.3548387096774194,0.004541435280679185,-0.2047000000000001,Decreasing,21.7128125,2.8720422115358524
147_23,0.12903225806451613,0.3069529533583135,0.050555555555555506,No significant trend,13.2584375,2.6650458595667263
147_230,0.3286290322580645,0.008612477773118021,0.1505311355311355,Increasing,22.703125,2.742630395145325
147_231,0.006048387096774193,0.974126820887897,0.0015882352941176134,No significant trend,14.5790625,1.9176016260145772
147_232,0.05241935483870968,0.6851751854528196,0.0148076923076923,No significant trend,19.465937500000003,1.7537493039467613
147_233,-0.2721774193548387,0.029779962111063263,-0.10792207792207802,Decreasing,28.059687500000003,3.24322898934746
147_235,-0.7298387096774194,4.794858066148322e-09,-0.508550724637681,Decreasing,26.713124999999998,5.258678206961802
147_236,-0.2862903225806452,0.02222386181408309,-0.23000000000000007,Decreasing,26.08875,3.35326496678983
147_237,0.5745967741935484,4.115299975682163e-06,0.3151041666666665,Increasing,33.35906249999999,3.6348197680344145
147_24,0.5120967741935484,4.0824601233779845e-05,0.21366666666666673,Increasing,13.396562500000002,2.7314963954934575
147_25,-0.4415322580645161,0.0004074870138988107,-0.1848809523809523,Decreasing,25.4815625,3.0443545183821397
147_26,-0.45161290322580644,0.00029887973345732455,-0.3492499999999998,Decreasing,24.725625,4.035725567896683
147_27,-0.6068548387096774,1.1449388537254634e-06,-0.46267647058823524,Decreasing,29.12,5.610060160105237
147_28,-0.3629032258064516,0.00369907566941885,-0.26132631578947374,Decreasing,22.4203125,4.392016538828576
147_29,-0.5362903225806451,1.7284429657316025e-05,-0.3317832167832168,Decreasing,25.120312499999997,3.4058511090979517
147_3,-0.12096774193548387,0.3386829866956895,-0.0450000000000001,No significant trend,23.86875,2.2872482784997348
147_30,-0.1814516129032258,0.14894602437860582,-0.10407894736842085,No significant trend,24.565312500000005,4.193781098524785
147_31,-0.7318548387096774,4.348602589132611e-09,-0.706,Decreasing,23.945625,7.221021801613329
147_32,-0.24798387096774194,0.04788277895297388,-0.23666666666666664,Decreasing,25.0678125,4.622438300274407
147_33,-0.4415322580645161,0.0004074870138988107,-0.26157575757575746,Decreasing,22.92,3.678029363667452
147_34,-0.7116935483870968,1.1418290979392509e-08,-0.46928571428571364,Decreasing,28.0090625,4.907503412743973
147_35,-0.6330645161290323,3.859708492814917e-07,-0.48265,Decreasing,27.4246875,5.088763347056312
147_36,-0.4959677419354839,7.096380450022366e-05,-0.36221153846153836,Decreasing,20.166562499999998,4.427995179377881
147_37,-0.6451612903225806,2.303051436225445e-07,-0.473388888888889,Decreasing,28.1546875,5.058026408822294
147_38,-0.5564516129032258,8.214164165520899e-06,-0.4221875000000008,Decreasing,25.867812500000003,4.584710824015376
147_39,-0.2157258064516129,0.08562456353913106,-0.14460526315789474,No significant trend,24.160625,3.432077484465495
147_4,-0.7258064516129032,5.824971616164021e-09,-0.510576923076923,Decreasing,25.4584375,5.184472073759657
147_40,-0.2782258064516129,0.026306692194792536,-0.10335664335664338,Decreasing,23.060625,2.49163091355341
147_41,-0.6310483870967742,4.2028371116664687e-07,-0.48936868686868684,Decreasing,28.0053125,5.354630580380288
147_42,-0.7096774193548387,1.2557821005287906e-08,-0.4853260869565217,Decreasing,28.919375000000002,5.171314471135458
147_43,-0.36088709677419356,0.003895172738189956,-0.16370129870129868,Decreasing,22.2903125,2.837725194120063
147_44,-0.036290322580645164,0.7827940862749598,-0.008333333333333392,No significant trend,26.653750000000002,3.3683107320287418
147_45,0.3185483870967742,0.010897045103689385,0.21165,Increasing,22.1025,3.869927324899009
147_46,-0.25,0.04608393295095614,-0.08195714285714287,Decreasing,27.691562500000003,2.450030751560835
147_47,-0.3407258064516129,0.006442543344656437,-0.23574193548387096,Decreasing,25.276562499999997,4.364953185154882
147_48,-0.40524193548387094,0.0011815761851263762,-0.27831439393939383,Decreasing,22.2284375,4.309082058117918
147_49,-0.0907258064516129,0.47552160598321747,-0.032564935064935116,No significant trend,26.552500000000002,2.7383457597608083
147_5,0.08064516129032258,0.5270983110287553,0.046992481203007544,No significant trend,25.911875,2.4782875104343725
147_50,-0.33064516129032256,0.008210665350528501,-0.0907323232323232,Decreasing,24.370625,2.1611208571884637
147_51,-0.28830645161290325,0.021293682001457093,-0.125554298642534,Decreasing,37.343125,3.2061078794037803
147_52,-0.4717741935483871,0.00015781793261271382,-0.29386904761904775,Decreasing,23.4359375,3.962496734521525
147_53,-0.5423387096774194,1.3863660637269959e-05,-0.32491477272727287,Decreasing,22.415625,3.9173906633593494
147_54,-0.5443548387096774,1.2874583818822671e-05,-0.34072222222222226,Decreasing,18.4434375,3.9764467566652706
147_55,-0.4939516129032258,7.595584729669369e-05,-0.26436274509803925,Decreasing,20.723125,3.7533380455768968
147_56,-0.4435483870967742,0.0003831828637113066,-0.18360795454545453,Decreasing,27.18375,2.5868860986715285
147_57,-0.47580645161290325,0.0001384805488402474,-0.17532567049808437,Decreasing,25.4703125,2.3775742422359287
147_58,-0.6854838709677419,3.854806762682017e-08,-0.30722222222222223,Decreasing,28.959375,3.300015092295034
147_59,-0.07056451612903226,0.581387322246115,-0.036771428571428434,No significant trend,25.555,2.6878650914805973
147_6,-0.6491935483870968,1.934942726045108e-07,-0.5812500000000002,Decreasing,27.845,6.1122995877165565
147_60,-0.2217741935483871,0.07712890370635717,-0.16457912457912463,No significant trend,22.575312500000003,4.19915540940601
147_61,-0.4717741935483871,0.00015781793261271382,-0.3440393518518518,Decreasing,26.6709375,4.2408411307302885
147_62,-0.4112903225806452,0.0009949884229842887,-0.2931,Decreasing,29.72125,4.23612569897306
147_63,-0.4838709677419355,0.00010630450788085,-0.281,Decreasing,30.7075,3.5338125657708557
147_64,-0.17137096774193547,0.173140435185424,-0.13779166666666665,No significant trend,27.127812499999997,3.7950096626812098
147_65,-0.6270161290322581,4.979515006997559e-07,-0.29773504273504275,Decreasing,24.811875,3.37748282517839
147_66,-0.38306451612903225,0.0021773576915100623,-0.2610526315789473,Decreasing,29.3146875,4.053060559915648
147_67,-0.3709677419354839,0.0030012397054521855,-0.18006993006993005,Decreasing,33.388125,3.2136529424278226
147_68,-0.6491935483870968,1.934942726045108e-07,-0.6275438596491227,Decreasing,26.27875,6.9245043820839625
147_69,-0.7056451612903226,1.5177737733296226e-08,-0.7042780748663102,Decreasing,24.556562500000002,6.968066271110928
147_7,-0.7479838709677419,1.9721104749237384e-09,-0.50915991902834,Decreasing,29.870625,4.931859396756461
147_70,-0.14112903225806453,0.2631677566593238,-0.11653846153846156,No significant trend,26.669062500000003,4.032915632156684
147_71,-0.37298387096774194,0.002846673252961729,-0.15877500000000003,Decreasing,31.580000000000002,2.606060244890743
147_72,-0.5201612903225806,3.077850744093169e-05,-0.2814285714285715,Decreasing,28.210625,4.029462539765695
147_73,-0.7278225806451613,5.285553328349124e-09,-0.44599999999999973,Decreasing,26.8453125,4.49343686974055
147_74,-0.6149193548387096,8.23131043548031e-07,-0.29231092436974787,Decreasing,30.495,3.342484106170139
147_75,-0.2862903225806452,0.02222386181408309,-0.18517857142857147,Decreasing,26.932499999999997,3.7857355626086724
147_76,-0.10483870967741936,0.40821489473295625,-0.05157051282051278,No significant trend,18.5878125,2.2581030954860655
147_77,-0.2540322580645161,0.04265662043840912,-0.06553571428571422,Decreasing,16.552187500000002,1.527360333989249
147_78,-0.5524193548387096,9.551213337788411e-06,-0.5417500000000001,Decreasing,24.944375,6.209809245007048
147_79,-0.4213709677419355,0.0007434794433867076,-0.18299047619047615,Decreasing,26.518749999999997,2.684889138772772
147_8,-0.3709677419354839,0.0030012397054521855,-0.39082535885167463,Decreasing,25.435312500000002,5.6456100115349575
147_80,-0.3790322580645161,0.002425557940292755,-0.19758540372670805,Decreasing,33.142187500000006,3.1647973220798438
147_81,-0.2963709677419355,0.017903776568633623,-0.13928571428571396,Decreasing,35.642812500000005,2.8738152280276736
147_82,-0.43548387096774194,0.0004893169184720936,-0.15411538461538465,Decreasing,25.997812500000002,2.9605486552062867
147_83,-0.1693548387096774,0.17831360778170335,-0.08328877005347601,No significant trend,25.8440625,3.017110434023546
147_84,-0.1431451612903226,0.25631175486275115,-0.06020833333333364,No significant trend,23.111250000000002,2.9277559132379873
147_85,-0.5403225806451613,1.4924957946416129e-05,-0.28361111111111115,Decreasing,25.004375000000003,3.448089994384572
147_86,-0.7379032258064516,3.238943557803964e-09,-0.7131666666666667,Decreasing,26.6940625,7.07176554129828
147_87,0.05241935483870968,0.6851751854528196,0.047321428571428625,No significant trend,17.754375000000003,3.8240333235178534
147_88,-0.5241935483870968,2.6684265470366952e-05,-0.4181666666666667,Decreasing,26.108125,5.271456414917513
147_89,-0.3467741935483871,0.005553981920621398,-0.14100000000000024,Decreasing,23.854375,3.0403370881162175
147_9,-0.7056451612903226,1.5177737733296226e-08,-0.26137499999999997,Decreasing,25.040625,2.7725168366260644
147_90,-0.3165322580645161,0.011413839625523003,-0.12083333333333328,Decreasing,27.065,2.825249988939032
147_91,-0.5403225806451613,1.4924957946416129e-05,-0.302111111111111,Decreasing,24.5996875,3.7950778025415697
147_92,-0.5685483870967742,5.193307037965056e-06,-0.5935714285714284,Decreasing,26.604374999999997,6.810845183189455
147_93,-0.34475806451612906,0.00583705710745952,-0.32358695652173963,Decreasing,27.081562499999997,5.01438562374233
147_94,-0.6411290322580645,2.738397213430943e-07,-0.5977350427350426,Decreasing,25.735625,5.724653339668263
147_95,-0.25806451612903225,0.03944736533784576,-0.10477272727272713,Decreasing,19.445,2.2005027834565447
147_96,-0.31451612903225806,0.011952275439924609,-0.26020833333333415,Decreasing,28.864062500000003,5.862399177904363
147_97,-0.8104838709677419,7.883982355849639e-11,-0.8961336032388664,Decreasing,26.053125,8.679805022831735
147_98,-0.27419354838709675,0.028580768516166755,-0.1781196581196582,Decreasing,26.42625,3.7813429740635804
147_99,-0.6129032258064516,8.942580020931956e-07,-0.2745751633986928,Decreasing,37.2103125,3.483759180446282
