location,tau,p_value,slope,trend_class,mean_value,std_value
101_1,0.6376811594202898,1.419839430583103e-05,0.42409722222222224,Increasing,14.077916666666665,4.235655182659336
101_10,0.4666666666666667,0.0003134918703511236,0.26000000000000006,Increasing,19.841666666666665,3.4740208052853623
101_100,0.7677419354838709,1.4419592186953878e-09,0.5646153846153847,Increasing,38.13193548387097,5.378241959644697
101_1000,-0.6559139784946236,2.379948262909437e-07,-1.8255555555555556,Decreasing,37.3558064516129,19.419080536054352
101_1001,0.13333333333333333,0.2998377295670276,0.0904761904761904,No significant trend,39.87903225806452,4.3514812864191645
101_1002,0.15019762845849802,0.32847663901669866,0.07250000000000008,No significant trend,19.430434782608696,2.5074800762325533
101_1003,0.05806451612903226,0.6585566199856316,0.039473684210526314,No significant trend,36.63354838709678,4.303871886499483
101_1004,-0.5225806451612903,3.903255135684347e-05,-0.16500000000000004,Decreasing,25.336774193548386,2.2553783562091323
101_1005,-0.3161290322580645,0.013083919895177765,-0.0740000000000002,Decreasing,24.076129032258066,1.65568946250615
101_1006,0.25591397849462366,0.0449013762794892,0.07421052631578948,Increasing,16.884516129032257,1.6081362458522364
101_1007,-0.4236559139784946,0.0008644209634274258,-0.43882352941176456,Decreasing,36.497419354838705,7.532421522022769
101_1008,-0.4881720430107527,0.00012243917739440668,-0.18923076923076929,Decreasing,20.62483870967742,2.5215610512687876
101_1009,0.1935483870967742,0.1303606801133712,0.04249999999999989,No significant trend,21.34322580645161,1.3004028832207597
101_101,-0.5032258064516129,7.489794679416129e-05,-0.3904761904761904,Decreasing,21.25483870967742,5.1726107908231675
101_1010,0.0049261083743842365,0.9850341097366098,0.002874999999999983,No significant trend,19.300689655172416,2.1123021123956005
101_1013,-0.04946236559139785,0.7084629632532715,-0.03833333333333341,No significant trend,26.015483870967742,3.2137846633903586
101_1014,0.4236559139784946,0.0008644209634274258,0.28222222222222215,Increasing,34.9841935483871,4.066084566812956
101_1015,0.6881720430107527,5.898305532880954e-08,0.418,Increasing,25.97709677419355,4.640413770169282
101_1016,0.3161290322580645,0.013083919895177765,0.48842105263157903,Increasing,40.569677419354825,8.399515916877425
101_1017,0.410752688172043,0.0012408530273542162,0.36947368421052645,Increasing,41.16129032258064,4.9118761555362624
101_1018,-0.3978494623655914,0.0017639537009741524,-0.5575000000000001,Decreasing,57.353548387096765,9.013127182199161
101_1019,0.05591397849462366,0.6709019753135215,0.04285714285714296,No significant trend,23.82032258064516,2.6073908400383554
101_102,-0.2817204301075269,0.02713750593978581,-0.15500000000000025,Decreasing,23.260645161290324,3.31262485873886
101_1020,0.3978494623655914,0.0017639537009741524,0.19818181818181815,Increasing,21.22161290322581,3.023250863828531
101_1021,0.5204301075268817,4.201023062511133e-05,0.3322727272727273,Increasing,21.44129032258065,4.465083709026744
101_1022,0.042735042735042736,0.7703961609830146,0.05363636363636362,No significant trend,22.973703703703702,3.279405036540925
101_1023,0.43010752688172044,0.000718850062535914,0.3285,Increasing,18.240967741935485,4.066337303209799
101_1024,-0.10967741935483871,0.3954246967469044,-0.06230769230769235,No significant trend,26.128709677419355,3.10004759790252
101_1025,0.22792022792022792,0.09957739169464963,0.15399999999999991,No significant trend,23.98148148148148,3.0352529990390558
101_1026,-0.15698924731182795,0.22104956212356597,-0.07100000000000009,No significant trend,41.74000000000001,2.6523890630779414
101_1027,0.15873015873015872,0.24376219217341522,0.07898976982097185,No significant trend,17.464642857142856,2.382484420789803
101_1028,-0.5886699507389163,8.028641997226416e-06,-0.3201923076923078,Decreasing,35.294137931034484,3.6308767035176848
101_1029,0.4021505376344086,0.001570485444849723,0.1083333333333333,Increasing,22.121612903225806,1.6278961224967514
101_103,-0.4150537634408602,0.0011011819487161123,-0.2693103448275863,Decreasing,43.51709677419355,4.605152929791125
101_1030,0.5098814229249012,0.0007234396098074747,0.3176923076923078,Increasing,13.930869565217392,2.890248842970293
101_1031,0.3842364532019704,0.003643308280238511,0.1823519736842106,Increasing,26.34379310344828,2.620237438297508
101_1032,0.5816091954022988,6.926332824397363e-06,0.508,Increasing,20.017999999999997,5.236849816444997
101_1033,-0.25057471264367814,0.05400065135336596,-0.13333333333333286,No significant trend,30.327666666666666,3.137111923763993
101_1034,0.432258064516129,0.000675626717447253,0.21125000000000002,Increasing,25.723548387096777,2.6923997550896996
101_1035,0.6413793103448275,7.056338862110323e-07,0.4476190476190475,Increasing,22.20833333333333,4.354466736071773
101_1036,0.35913978494623655,0.004781376457623443,0.17833333333333337,Increasing,31.605806451612903,2.6091993261974724
101_1037,0.19770114942528735,0.1293960945210686,0.17857142857142858,No significant trend,20.511333333333337,3.8670442919050667
101_1038,-0.24946236559139784,0.050631724603018124,-0.11909090909090897,No significant trend,29.07290322580646,2.2791243275240984
101_1039,0.3419354838709677,0.007243570523155052,0.10749999999999993,Increasing,18.017741935483873,1.8310154236897629
101_104,0.14193548387096774,0.26926051859260536,0.06666666666666682,No significant trend,40.28387096774193,2.5895131905429323
101_1040,0.6043010752688172,1.945575674344724e-06,0.16999999999999957,Increasing,22.201290322580647,1.9959083014935488
101_1042,0.3204301075268817,0.011887389113116376,0.1052173913043479,Increasing,26.999677419354843,1.775644333521647
101_1043,0.2946236559139785,0.020804552083621086,0.10444444444444459,Increasing,24.019032258064513,2.010201971619109
101_1044,0.05161290322580645,0.6958581513960522,0.04842105263157904,No significant trend,40.235806451612895,3.607587679567169
101_1045,-0.3032258064516129,0.017336219440732936,-0.10599999999999987,Decreasing,30.930967741935476,2.186420487314028
101_1046,0.15913978494623657,0.21470238954837217,0.07400000000000005,No significant trend,21.364838709677414,2.623796647027581
101_1047,0.5268817204301075,3.3667518407387576e-05,0.4490000000000002,Increasing,40.004516129032254,5.485688029132323
101_1048,0.017204301075268817,0.9052952265477159,0.016249999999999876,No significant trend,22.036451612903228,2.5751311252390274
101_1049,-0.053763440860215055,0.6833368087995224,-0.0236363636363641,No significant trend,45.73096774193548,3.1694981335085624
101_105,-0.42795698924731185,0.0007646309234956572,-0.30100000000000016,Decreasing,27.62774193548387,4.406129681717548
101_1050,0.34838709677419355,0.006211110408963716,0.13115384615384615,Increasing,20.438064516129035,2.6498331284707146
101_1051,-0.6516129032258065,2.852843357104007e-07,-0.49285714285714277,Decreasing,25.03,5.0255258110390155
101_1052,-0.6602150537634408,1.9832196151980952e-07,-0.45428571428571424,Decreasing,32.622903225806446,4.965298414544031
101_1054,-0.7290322580645161,9.203571460503213e-09,-0.41874999999999973,Decreasing,29.288387096774194,4.1766965622051995
101_1055,0.010752688172043012,0.9457970432721066,0.004285714285714448,No significant trend,18.096451612903227,2.202664879240447
101_1056,0.07956989247311828,0.5406231028187141,0.05875000000000008,No significant trend,29.870967741935484,4.577612671814094
101_1057,0.14193548387096774,0.26926051859260536,0.12124999999999986,No significant trend,21.423225806451608,3.0828185543969377
101_1058,0.4881720430107527,0.00012243917739440668,0.3280000000000001,Increasing,24.306451612903224,3.7831345156877147
101_1059,0.44946236559139785,0.00040738224022218716,0.21384615384615366,Increasing,22.844193548387093,2.530464415100005
101_106,-0.05806451612903226,0.6585566199856316,-0.019615384615384538,No significant trend,26.145806451612902,2.2174117056190625
101_1060,0.01935483870967742,0.8918439412522505,0.016842105263157908,No significant trend,20.925161290322585,1.815207925471655
101_1061,-0.23440860215053763,0.06641490832840091,-0.13384615384615345,No significant trend,45.74161290322581,2.900550667155589
101_1063,0.5053763440860215,6.974277946447671e-05,0.3652941176470589,Increasing,39.40580645161291,4.0801682240726995
101_1064,-0.4129032258064516,0.001169091409425116,-0.2156,Decreasing,43.345483870967726,3.697326705319519
101_1065,0.2367816091954023,0.06879172817146428,0.11833333333333347,No significant trend,16.463666666666665,2.832577722774003
101_1066,0.4850574712643678,0.00017923577437306548,0.21600000000000014,Increasing,19.656666666666663,2.7387154328666976
101_1067,0.6827586206896552,1.285191457700563e-07,0.2400000000000008,Increasing,15.514666666666669,2.355609946961131
101_1068,0.04516129032258064,0.7339104943970112,0.039199999999999874,No significant trend,41.77129032258065,4.947620309013659
101_1069,0.02795698924731183,0.8383870987564421,0.026800000000000067,No significant trend,39.027419354838706,3.2512657264735414
101_107,0.12473118279569892,0.33264709898406286,0.05153846153846167,No significant trend,40.770967741935486,2.8697930180940485
101_1070,-0.38924731182795697,0.0022181409445904965,-0.15869565217391313,Decreasing,22.631290322580643,2.4534948634030314
101_1071,0.4413793103448276,0.0006552802320947126,0.3133333333333333,Increasing,13.571666666666665,3.806260705148237
101_1073,-0.0022988505747126436,1.0,-0.000999999999999801,No significant trend,48.330333333333336,5.3036851863167325
101_1074,-0.09247311827956989,0.47532023939393775,-0.021818181818181837,No significant trend,20.838709677419352,1.5256680016296698
101_1075,-0.6301075268817204,6.942911805474239e-07,-0.3040000000000006,Decreasing,26.284838709677416,3.5384285476590676
101_1076,-0.25161290322580643,0.04865707312578982,-0.09666666666666668,Decreasing,21.88677419354839,2.036114875865584
101_1077,0.4258064516129032,0.0008131066227232697,0.18083333333333318,Increasing,21.857096774193543,2.4000970323777127
101_1078,0.32413793103448274,0.012498629719276622,0.2283333333333335,Increasing,22.99133333333333,3.6375410497874645
101_1079,0.4497354497354497,0.0008412543423057528,0.34179487179487167,Increasing,21.34857142857143,5.182886478102522
101_108,0.4043010752688172,0.0014812606762657499,0.2707692307692305,Increasing,35.57516129032258,3.896514464747364
101_1081,-0.4752688172043011,0.00018459819815141998,-0.28259259259259256,Decreasing,28.426129032258068,3.7678929488074973
101_1082,0.28078817733990147,0.0340346452378244,0.30000000000000016,Increasing,38.51,5.193501908054478
101_1083,-0.2561576354679803,0.05334958689623126,-0.12477272727272731,No significant trend,26.742413793103452,3.2391779024850864
101_1084,0.5151515151515151,0.023642218909198487,0.9335,Increasing,11.695833333333335,4.115323920692298
101_1085,0.1053763440860215,0.4145985082462331,0.03750000000000009,No significant trend,18.99451612903226,2.0541191326284305
101_1086,-0.12688172043010754,0.3242351019547285,-0.06545454545454535,No significant trend,36.039032258064516,3.303161100676734
101_1087,0.22795698924731184,0.07432236131839742,0.10999999999999995,No significant trend,22.705806451612897,2.7061718875784053
101_1088,0.6150537634408603,1.2726449472033607e-06,0.36636363636363645,Increasing,37.824516129032254,4.277449374681793
101_1089,-0.35053763440860214,0.005897626336997419,-0.2139130434782608,Decreasing,24.666451612903227,4.026341930888742
101_109,0.5419354838709678,1.9891905931546106e-05,0.2395454545454547,Increasing,36.52064516129032,2.9845591185557057
101_1090,0.07936507936507936,0.566685952792318,0.1255555555555555,No significant trend,23.22392857142857,4.480319933797549
101_1091,-0.30295566502463056,0.022109377347751424,-0.09287878787878795,Decreasing,18.50241379310345,1.9869516683159518
101_1092,0.410752688172043,0.0012408530273542162,0.2331578947368421,Increasing,25.127419354838715,3.6903133600155504
101_1093,-0.2967741935483871,0.019885085312989492,-0.19157894736842107,Decreasing,25.30548387096774,4.079486715586052
101_1094,0.3522167487684729,0.00772991402206924,0.27547619047619054,Increasing,25.221379310344826,4.480043660607701
101_1095,-0.421505376344086,0.0009187244818718021,-0.10533333333333322,Decreasing,20.018064516129034,1.5696032359861878
101_1097,-0.513978494623656,5.229024939912286e-05,-0.17428571428571463,Decreasing,22.84516129032259,2.0585022287086154
101_1099,0.19704433497536947,0.13837039523899164,0.086530303030303,No significant trend,15.58448275862069,2.755943528532716
101_11,0.13763440860215054,0.28427093926275426,0.0514285714285716,No significant trend,23.71483870967742,2.255293230298578
101_110,0.36774193548387096,0.003859889400894323,0.14454545454545453,Increasing,22.749354838709674,2.849519411074347
101_1100,-0.21505376344086022,0.09244378064522207,-0.11749999999999972,No significant trend,30.316451612903226,4.031206133754509
101_1101,0.22167487684729065,0.09502476539267057,0.10874999999999996,No significant trend,32.23068965517241,3.5317700271076173
101_1102,-0.2817204301075269,0.02713750593978581,-0.09499999999999975,Decreasing,18.62322580645161,1.906930293052117
101_1103,0.022988505747126436,0.8724326526649888,0.03666666666666766,No significant trend,20.48433333333333,3.6689532415784325
101_1104,-0.7870967741935484,5.515361500840754e-10,-0.586,Decreasing,37.28806451612903,5.861864406348744
101_1105,-0.4729064039408867,0.0003399441356934929,-0.4945959595959596,Decreasing,29.015862068965514,5.813153051035912
101_1106,-0.3057471264367816,0.01852190355643346,-0.27680000000000005,Decreasing,24.753333333333334,4.598742098540522
101_1107,-0.7526881720430108,2.9972362369790062e-09,-0.41357142857142853,Decreasing,23.273225806451613,4.327724118492957
101_1108,0.36923076923076925,0.008717346167893103,0.18529411764705894,Increasing,19.291538461538458,2.7198595726019668
101_1109,-0.632258064516129,6.360064654931108e-07,-0.2719999999999999,Decreasing,20.73451612903226,3.086503229420589
101_111,-0.060215053763440864,0.6463036389969625,-0.01909090909090917,No significant trend,20.840967741935486,3.1735991116617206
101_1110,0.31527093596059114,0.017206096582279562,0.1665476190476191,Increasing,16.15448275862069,2.9158905733771343
101_1111,0.5797101449275363,8.016707191549344e-05,0.8111666666666667,Increasing,28.58458333333333,11.56055000824163
101_1112,0.5075268817204301,6.492456359774579e-05,0.1668421052631578,Increasing,23.981290322580648,2.2995914671334123
101_1113,0.4838709677419355,0.0001405505548264241,0.4003999999999999,Increasing,32.49193548387096,4.249143685538745
101_1114,-0.6473118279569893,3.4158769013359347e-07,-0.4557142857142856,Decreasing,30.539354838709674,4.7970555051250745
101_1115,-0.23870967741935484,0.061538570047021235,-0.2253333333333335,No significant trend,33.62032258064516,4.727027630395487
101_1116,-0.44946236559139785,0.00040738224022218716,-0.12857142857142886,Decreasing,24.206451612903223,1.8575574464908289
101_1117,-0.04367816091954023,0.7481053914270006,-0.013749999999999707,No significant trend,30.945000000000004,2.438125987994331
101_1118,0.5225806451612903,3.903255135684347e-05,0.2546666666666667,Increasing,27.350645161290323,3.042766075500798
101_1119,0.5311827956989247,2.9007853530993444e-05,0.439047619047619,Increasing,41.6325806451613,5.524203032720844
101_112,-0.32903225806451614,0.009781611919498001,-0.1633333333333331,Decreasing,19.932903225806452,2.944290476496773
101_1120,-0.33763440860215055,0.008014910367279748,-0.186896551724138,Decreasing,30.54548387096774,2.987602165843498
101_1121,0.2838709677419355,0.02597866016768635,0.2455,Increasing,22.577741935483875,5.172765348704457
101_1122,0.3053763440860215,0.016552728702838415,0.14846153846153845,Increasing,22.89935483870968,2.8836143712069795
101_1123,-0.2924731182795699,0.021760860424100192,-0.18666666666666654,Decreasing,23.12774193548387,3.1397110095875522
101_1124,0.27816091954022987,0.0322801899241516,0.09181818181818163,Increasing,26.126333333333335,2.634998397638138
101_1125,-0.4881720430107527,0.00012243917739440668,-0.5633333333333338,Decreasing,36.32677419354838,9.358212672988493
101_1126,0.0989247311827957,0.4443675620908478,0.03999999999999915,No significant trend,36.49354838709678,2.301922826523858
101_1127,0.32903225806451614,0.009781611919498001,0.2195238095238095,Increasing,29.028709677419354,3.442659082870984
101_1128,-0.610752688172043,1.5094086633915538e-06,-0.35666666666666674,Decreasing,43.608064516129026,3.8196558022223126
101_1129,0.5010752688172043,8.041203646391715e-05,0.3204000000000001,Increasing,19.529032258064518,4.12407436718304
101_113,0.30049261083743845,0.023224244299516306,0.22322649572649575,Increasing,23.895172413793098,4.055328228299036
101_1130,0.09655172413793103,0.4644846295722058,0.04285714285714296,No significant trend,31.235999999999997,3.2498252260698575
101_1131,0.05806451612903226,0.6585566199856316,0.030625000000000124,No significant trend,47.66225806451613,4.20374004726929
101_1132,-0.44516129032258067,0.000463060547241545,-0.1942857142857142,Decreasing,32.354193548387094,2.75659768578019
101_1133,-0.8021505376344086,2.5708679629588005e-10,-0.5730434782608695,Decreasing,29.200322580645164,5.2686188946660435
101_1134,0.25591397849462366,0.0449013762794892,0.0816666666666664,Increasing,24.41516129032258,1.9285342436223791
101_1135,-0.14408602150537633,0.2619630008374654,-0.05624999999999991,No significant trend,22.10322580645161,2.378875292798861
101_1136,-0.5483870967741935,1.5809977126357566e-05,-0.238421052631579,Decreasing,39.69129032258064,3.133634128483519
101_1137,-0.546236559139785,1.707260688599277e-05,-0.6895652173913042,Decreasing,27.519999999999996,7.507725913157511
101_1138,0.6537634408602151,2.6060545232908794e-07,0.4708333333333332,Increasing,32.06903225806452,5.282837919417024
101_1139,-0.6279569892473118,7.577055374241581e-07,-0.34562500000000007,Decreasing,20.612903225806456,3.7891238186704057
101_114,0.017204301075268817,0.9052952265477159,0.011724137931034478,No significant trend,23.111290322580647,2.998140006130127
101_1140,-0.2574712643678161,0.047663715394174355,-0.08428571428571427,Decreasing,24.591333333333335,1.7790685453036625
101_1141,-0.6172043010752688,1.1680885727560764e-06,-0.45750000000000046,Decreasing,33.703548387096774,4.9889765893366365
101_1142,-0.5096774193548387,6.042257609317758e-05,-0.19869565217391305,Decreasing,22.836129032258068,2.9416000445438457
101_1143,-0.5913978494623656,3.2082201719685344e-06,-0.4750000000000001,Decreasing,25.093870967741935,5.537690025819461
101_1144,-0.060215053763440864,0.6463036389969625,-0.01538461538461533,No significant trend,18.805806451612906,1.6473689172847095
101_1145,-0.6344086021505376,5.824519233588177e-07,-0.2770588235294118,Decreasing,25.345161290322583,3.0752003564076844
101_1146,0.034408602150537634,0.7987646104203716,0.025,No significant trend,24.382580645161287,2.8683646771140716
101_1147,-0.42592592592592593,0.0015720522513125168,-0.2906641604010024,Decreasing,18.148571428571433,3.833749297159295
101_1148,0.21935483870967742,0.08604531406845561,0.07899999999999992,No significant trend,30.1358064516129,1.9271385677509583
101_1149,0.2860215053763441,0.024862848209154853,0.18714285714285714,Increasing,20.603870967741937,3.8557587240631883
101_115,-0.04086021505376344,0.7596537518193331,-0.03583333333333331,No significant trend,25.91129032258064,2.87123750091847
101_1150,0.27956989247311825,0.028340697604201104,0.2426666666666667,Increasing,37.18322580645162,4.6270560466336335
101_1151,-0.43655913978494626,0.000596334223081918,-0.16727272727272727,Decreasing,22.38193548387097,2.5817903507435505
101_1152,-0.39901477832512317,0.0025273466528255017,-0.19538011695906432,Decreasing,22.301379310344828,2.9772154592179625
101_1153,0.36774193548387096,0.003859889400894323,0.1781481481481481,Increasing,22.165806451612905,2.6065324564275025
101_1154,-0.589247311827957,3.4837237237184127e-06,-0.48000000000000004,Decreasing,28.20451612903226,5.454053738754664
101_1155,-0.023655913978494623,0.8650383150743488,-0.03083333333333312,No significant trend,48.53064516129032,4.770195732430944
101_1156,0.17419354838709677,0.1739206495334844,0.0521428571428573,No significant trend,18.946129032258064,1.775502977204024
101_1158,0.167816091954023,0.1989481007752456,0.06600000000000036,No significant trend,19.846,2.902323896466416
101_1159,0.4881720430107527,0.00012243917739440668,0.3421428571428568,Increasing,30.000967741935483,4.0713985508974355
101_116,0.11578947368421053,0.49566272449002957,0.08964285714285716,No significant trend,18.5325,3.381413720620416
101_1160,0.03225806451612903,0.8119200006410021,0.01518518518518519,No significant trend,31.012580645161297,2.8335489746753018
101_1161,0.35053763440860214,0.005897626336997419,0.13642857142857143,Increasing,27.223548387096777,2.034886932560099
101_1162,0.12258064516129032,0.34119875170636194,0.057272727272727184,No significant trend,23.614193548387096,2.401239967577972
101_1163,0.6451612903225806,3.736217171201872e-07,0.3657142857142857,Increasing,25.456451612903233,3.8985204376144287
101_1164,0.6064516129032258,1.7882246405864777e-06,0.4285714285714288,Increasing,15.14774193548387,4.543908158486211
101_1165,0.6645161290322581,1.650774061889848e-07,0.2665217391304349,Increasing,19.44483870967742,2.5394549465580867
101_1166,0.22660098522167488,0.08782509563019492,0.10388888888888875,No significant trend,24.39068965517241,2.478460215863293
101_1167,0.4817204301075269,0.00015052543899995996,0.28909090909090907,Increasing,22.91870967741935,3.209783172192008
101_1168,0.08045977011494253,0.5441196833389506,0.025714285714285672,No significant trend,20.13733333333334,1.9341836061300441
101_1169,0.4129032258064516,0.001169091409425116,0.13909090909090918,Increasing,22.404838709677417,2.4019681056244364
101_117,0.5584045584045584,4.800210612310174e-05,0.6025,Increasing,18.88037037037037,6.054380404719216
101_1170,0.6172043010752688,1.1680885727560764e-06,0.24789473684210522,Increasing,16.65483870967742,2.668842773221941
101_1172,0.3720430107526882,0.0034624952577932966,0.24833333333333366,Increasing,38.41903225806453,3.5425190188564146
101_1173,-0.43010752688172044,0.000718850062535914,-0.24583333333333326,Decreasing,31.694838709677423,4.184009399057893
101_1174,0.09885057471264368,0.45366236627030876,0.07100000000000009,No significant trend,21.027666666666665,3.2591355534183535
101_1176,0.26021505376344084,0.04139316901026291,0.10894736842105264,Increasing,22.429354838709667,2.369220554397546
101_1177,0.07096774193548387,0.5865203757130351,0.05818181818181823,No significant trend,30.056129032258067,4.103991508998443
101_1179,0.5806451612903226,4.830075495565467e-06,0.3479999999999999,Increasing,22.650322580645163,3.972533508554319
101_118,-0.22528735632183908,0.08352670005142548,-0.14571428571428566,No significant trend,21.577,2.9440076426531236
101_1180,0.2045977011494253,0.11641261541028025,0.05727272727272734,No significant trend,25.51566666666667,1.9942395097435568
101_1181,-0.10574712643678161,0.42206352235629385,-0.039583333333333304,No significant trend,17.821333333333335,2.0275662477188976
101_1182,0.47586206896551725,0.00023761439944935958,0.23666666666666672,Increasing,21.48866666666667,3.419020067537221
101_1183,-0.2,0.11789500171022893,-0.07083333333333346,No significant trend,17.767096774193547,1.9830494496272693
101_1184,-0.31264367816091954,0.016016506792411844,-0.12333333333333336,Decreasing,20.668333333333337,2.227780784148706
101_1185,-0.30423280423280424,0.024306906006234863,-0.10889233954451344,Decreasing,18.116071428571427,2.203311370391838
101_1186,0.01935483870967742,0.8918439412522505,0.014999999999999977,No significant trend,21.038709677419355,3.2814058178651497
101_1187,-0.46236559139784944,0.00027558237497360416,-0.1969230769230768,Decreasing,27.15838709677419,2.5578810494351205
101_1188,0.3419354838709677,0.007243570523155052,0.11923076923076928,Increasing,17.38967741935484,2.391288603716479
101_1189,0.3311827956989247,0.009310109795033439,0.22000000000000006,Increasing,25.221612903225804,3.9034840490418077
101_119,-0.2482758620689655,0.05626334075035566,-0.1365,No significant trend,22.130666666666663,2.89883187201711
101_1190,0.49032258064516127,0.0001142313991857602,0.22166666666666698,Increasing,17.129354838709677,2.649190911767726
101_1191,-0.896774193548387,1.5436540934388177e-12,-0.764,Decreasing,30.1,6.958533401283218
101_1192,-0.221505376344086,0.08298294959133434,-0.18933333333333355,No significant trend,33.14709677419355,5.943711338423639
101_1193,-0.6279569892473118,7.577055374241581e-07,-0.3876923076923076,Decreasing,29.83903225806452,4.299635659612455
101_1194,-0.4645161290322581,0.00025795530905270425,-0.2385714285714283,Decreasing,26.85064516129032,2.982502667963949
101_1195,0.5505376344086022,1.4636673522749888e-05,0.29437500000000005,Increasing,32.13225806451613,3.5687204806326007
101_1196,-0.42795698924731185,0.0007646309234956572,-0.1955555555555556,Decreasing,29.596451612903227,2.635043671532693
101_1197,0.14193548387096774,0.26926051859260536,0.040769230769230856,No significant trend,20.679999999999996,1.3053018437226718
101_1198,0.4114942528735632,0.0014947363150921156,0.2549999999999999,Increasing,23.278333333333332,3.3648438134464564
101_1199,0.3247311827956989,0.010788909951167325,0.24666666666666734,Increasing,23.658387096774195,4.712623470975412
101_12,0.5182795698924731,4.5202596182347676e-05,0.27333333333333343,Increasing,26.76032258064516,3.240556985050731
101_120,0.06236559139784946,0.6341458536966633,0.026842105263157976,No significant trend,25.24258064516129,2.5510313761704375
101_1200,0.410752688172043,0.0012408530273542162,0.21166666666666675,Increasing,20.915483870967737,3.101139060981675
101_1201,-0.6365591397849463,5.332578838501689e-07,-0.5555555555555556,Decreasing,32.531290322580645,5.754337910366452
101_1202,0.45806451612903226,0.0003142746175728295,0.1349999999999998,Increasing,19.21129032258065,2.2027501021420908
101_1204,0.45806451612903226,0.0003142746175728295,0.4499999999999993,Increasing,30.301612903225806,5.950293620716269
101_1206,0.44086021505376344,0.0005257753160301526,0.28266666666666657,Increasing,23.742258064516133,3.481947647118445
101_1207,-0.5763440860215053,5.677859565178522e-06,-0.6399999999999998,Decreasing,47.72193548387096,7.497783078524735
101_121,-0.43655913978494626,0.000596334223081918,-0.36923076923076914,Decreasing,21.377741935483876,5.110147848171998
101_122,-0.1010752688172043,0.43431144285625,-0.04899999999999996,No significant trend,20.643225806451614,2.481211185895196
101_123,-0.6580645161290323,2.172851072401727e-07,-0.3819047619047621,Decreasing,25.67774193548387,4.037960767418272
101_124,-0.35913978494623655,0.004781376457623443,-0.1557142857142857,Decreasing,22.891612903225806,2.5878152409172936
101_125,-0.3264367816091954,0.011883489302096706,-0.198076923076923,Decreasing,20.376333333333335,3.2052160440271242
101_126,-0.35053763440860214,0.005897626336997419,-0.16875000000000004,Decreasing,23.34677419354838,3.210813771934415
101_127,-0.5655913978494623,8.465459469420011e-06,-0.3285714285714287,Decreasing,25.095806451612905,3.9224751683611703
101_128,-0.1827956989247312,0.1533785068859166,-0.26533333333333337,No significant trend,33.39774193548387,6.098735833934143
101_129,-0.38850574712643676,0.002723885889168942,-0.1881818181818182,Decreasing,24.999333333333333,3.1074490431148756
101_13,0.7612903225806451,1.9763957137541865e-09,1.0919230769230768,Increasing,28.45548387096774,11.835757696478069
101_130,0.1053763440860215,0.4145985082462331,0.036190476190476266,No significant trend,20.11516129032258,2.0990548886578297
101_131,-0.549407114624506,0.0002677632428869092,-1.4159999999999997,Decreasing,29.717391304347824,11.514582518963131
101_132,-0.2706552706552707,0.050041445891310765,-0.12117647058823543,No significant trend,19.625925925925927,2.819711384310339
101_133,-0.8408602150537634,3.388800351444843e-11,-0.7135000000000001,Decreasing,30.18032258064516,6.45999424940869
101_134,0.36363636363636365,0.016245562312226625,0.1633333333333328,Increasing,18.268260869565218,1.8073272415459316
101_135,-0.4415954415954416,0.0013253924982186138,-0.2815384615384617,Decreasing,22.051481481481485,3.5836033011519888
101_136,0.4492753623188406,0.002281249640504912,0.34624999999999995,Increasing,18.881666666666664,4.561120719979051
101_137,0.21212121212121213,0.37269149047151817,0.20749999999999985,No significant trend,22.439999999999998,1.9832086795561046
101_138,-0.025806451612903226,0.8516915353162966,-0.014166666666666808,No significant trend,23.929999999999996,3.953412572416638
101_139,0.2860215053763441,0.024862848209154853,0.1482608695652174,Increasing,20.29387096774193,2.84598718903035
101_14,-0.16559139784946236,0.19645146482180031,-0.05999999999999969,No significant trend,35.76032258064516,1.801652438414511
101_140,-0.5913978494623656,3.2082201719685344e-06,-0.5300000000000005,Decreasing,51.165161290322594,6.121170492625727
101_141,0.21935483870967742,0.08604531406845561,0.11750000000000016,No significant trend,20.62387096774194,2.327943405557727
101_142,0.432258064516129,0.000675626717447253,0.1747058823529412,Increasing,17.569032258064517,2.7868983277618864
101_143,-0.04086021505376344,0.7596537518193331,-0.026842105263157976,No significant trend,18.276451612903223,2.915957816840664
101_144,0.02849002849002849,0.8511728303234574,0.03999999999999915,No significant trend,19.25925925925926,4.545571655306445
101_145,-0.6349206349206349,2.337571199495514e-06,-0.6338333333333334,Decreasing,22.211071428571426,5.899866426627031
101_146,-0.6537634408602151,2.6060545232908794e-07,-0.3818181818181818,Decreasing,24.507096774193553,4.013006429541072
101_147,-0.6301075268817204,6.942911805474239e-07,-0.19590909090909084,Decreasing,20.89258064516129,2.4030182200884376
101_148,-0.6258064516129033,8.266810680446213e-07,-0.2769565217391305,Decreasing,21.507419354838706,3.03485023039288
101_149,-0.5268817204301075,3.3667518407387576e-05,-0.18076923076923088,Decreasing,22.14032258064516,2.2392286746181265
101_15,0.3247311827956989,0.010788909951167325,0.12966666666666668,Increasing,21.67290322580645,2.29621033310552
101_150,-0.44086021505376344,0.0005257753160301526,-0.16416666666666688,Decreasing,22.258064516129032,2.346502434104219
101_151,-0.5812807881773399,1.0425996386898007e-05,-0.3211111111111111,Decreasing,24.63413793103448,3.80569583763091
101_152,0.6206896551724138,2.4982373059145857e-06,0.3944362745098038,Increasing,17.741724137931033,3.795066733287705
101_153,-0.45376344086021503,0.00035800799918561665,-0.29210526315789476,Decreasing,22.514193548387095,3.8111244418053465
101_154,-0.5075268817204301,6.492456359774579e-05,-0.29999999999999993,Decreasing,32.98870967741936,4.119015496165107
101_155,-0.4946236559139785,9.934770157715711e-05,-0.1641666666666667,Decreasing,24.02774193548387,2.2301464000510753
101_156,-0.6860215053763441,6.48588167617703e-08,-0.4470588235294116,Decreasing,24.925806451612903,4.908637399913477
101_157,-0.2946236559139785,0.020804552083621086,-0.13434782608695653,Decreasing,21.8483870967742,2.544524921466194
101_158,-0.38924731182795697,0.0022181409445904965,-0.19238095238095235,Decreasing,22.488709677419358,3.0686928413287755
101_159,-0.06451612903225806,0.6220860087372633,-0.05,No significant trend,21.503225806451617,3.1534716016732784
101_16,0.2172043010752688,0.08919834224618706,0.05999999999999991,No significant trend,21.65419354838709,1.881382083252677
101_160,-0.4064516129032258,0.0013967278652837756,-0.1566666666666666,Decreasing,22.565161290322582,2.402067484437497
101_161,-0.32903225806451614,0.009781611919498001,-0.11041666666666661,Decreasing,27.593870967741942,2.147380515913486
101_162,0.06451612903225806,0.6220860087372633,0.015294117647058706,No significant trend,28.55258064516129,2.260540854126237
101_163,-0.21935483870967742,0.08604531406845561,-0.11846153846153867,No significant trend,22.55612903225806,2.729230870527629
101_164,0.24731182795698925,0.05267307614212502,0.10818181818181814,No significant trend,19.940645161290327,2.2705135634546263
101_165,0.23440860215053763,0.06641490832840091,0.13538461538461577,No significant trend,38.4825806451613,3.066918141825381
101_166,0.38064516129032255,0.0027772931948595314,0.1633333333333336,Increasing,36.17645161290323,2.943223543719344
101_167,0.26666666666666666,0.036567588572864906,0.08714285714285756,Increasing,24.951290322580643,2.2538880270087605
101_168,-0.08172043010752689,0.5294358519548577,-0.02000000000000022,No significant trend,20.485806451612905,1.5997959026953896
101_169,-0.8623655913978494,1.0566436614567465e-11,-0.7107692307692308,Decreasing,27.280967741935484,6.546357940815793
101_17,0.1632183908045977,0.21171183194124232,0.08545454545454524,No significant trend,18.863999999999994,2.3427983267878605
101_170,-0.6817204301075269,7.835865623029292e-08,-0.4626315789473684,Decreasing,30.250000000000004,5.23598775227134
101_171,-0.8817204301075269,3.6133318559450345e-12,-1.0993103448275863,Decreasing,33.627419354838715,10.121146169870459
101_172,-0.8408602150537634,3.388800351444843e-11,-0.9166666666666666,Decreasing,35.43709677419355,8.347099628999358
101_173,-0.3419354838709677,0.007243570523155052,-0.23999999999999844,Decreasing,31.72193548387097,3.7397976651796063
101_174,-0.05591397849462366,0.6709019753135215,-0.013000000000000077,No significant trend,20.936129032258062,1.6979507143942567
101_175,0.06451612903225806,0.6220860087372633,0.041666666666666664,No significant trend,29.47838709677419,3.1440995395617195
101_176,-0.4924731182795699,0.000106544569022482,-0.1825000000000001,Decreasing,31.27903225806451,2.3958342271786477
101_177,-0.7161290322580646,1.672965166399365e-08,-0.376,Decreasing,27.335806451612903,3.755827965239423
101_178,-0.578494623655914,5.237567391791487e-06,-0.3966666666666668,Decreasing,34.9916129032258,4.451399270236193
101_179,-0.8387096774193549,3.801714498763431e-11,-0.5115384615384617,Decreasing,25.197741935483872,4.842103454996245
101_18,0.8172043010752689,1.1818768186344641e-10,0.9288235294117648,Increasing,32.656451612903226,8.692419963871043
101_180,-0.35913978494623655,0.004781376457623443,-0.29100000000000037,Decreasing,35.06064516129032,4.316417970944883
101_181,-0.43655913978494626,0.000596334223081918,-0.5359090909090906,Decreasing,75.59,7.24623105594412
101_182,0.26881720430107525,0.035069438571895484,0.10814814814814808,Increasing,19.53451612903226,2.342763516640368
101_183,0.012315270935960592,0.9401890545268214,0.012619047619047597,No significant trend,25.46448275862069,3.3315747402246187
101_184,-0.05806451612903226,0.6585566199856316,-0.04000000000000012,No significant trend,19.397741935483868,3.020812441110909
101_185,-0.12903225806451613,0.3159628698783248,-0.0889999999999997,No significant trend,34.15516129032258,3.877009049194213
101_186,-0.1477832512315271,0.2684125627342089,-0.148235294117647,No significant trend,21.244137931034484,3.7510509030839283
101_187,0.5291005291005291,8.440085805161424e-05,0.36908088235294106,Increasing,23.524285714285718,4.033794233518531
101_188,0.6365591397849463,5.332578838501689e-07,0.3031818181818183,Increasing,22.568709677419356,3.337098161804542
101_189,0.3080459770114943,0.017651090302326367,0.13272727272727264,Increasing,16.301333333333332,2.38202397599651
101_19,-0.1913978494623656,0.13473584102323688,-0.1169230769230769,No significant trend,20.9558064516129,2.9745379410152126
101_191,0.5,0.007899662130493645,0.7702447552447551,Increasing,15.053125000000001,4.893907843878448
101_192,0.4266666666666667,0.0030162106167233027,0.2889605263157894,Increasing,17.125999999999998,2.9218432538382344
101_193,0.39901477832512317,0.0025273466528255017,0.2744755244755245,Increasing,19.957586206896554,3.7796101378703737
101_194,0.08602150537634409,0.5074200543722851,0.039090909090909065,No significant trend,43.388387096774196,3.3058717036696734
101_195,0.46153846153846156,0.0007897783504151601,0.5753333333333335,Increasing,43.97185185185186,6.593619270868104
101_196,0.5287356321839081,4.3963799136514936e-05,0.2333333333333331,Increasing,20.779999999999994,2.5654967030447207
101_197,0.3471264367816092,0.0074472272290626584,0.22736842105263158,Increasing,20.869999999999997,3.9694592410889755
101_198,0.7032258064516129,3.0103803894121484e-08,0.5516666666666667,Increasing,29.963225806451618,5.501820453618071
101_199,0.21052631578947367,0.22076555137346388,0.12083333333333357,No significant trend,18.48315789473684,2.133773658966862
101_2,0.47354497354497355,0.00043701240774662864,0.28273809523809523,Increasing,16.10892857142857,3.326482847957449
101_20,0.3956989247311828,0.0018686938185774604,0.998,Increasing,29.55096774193548,13.074893536811665
101_200,0.06,0.69134204811853,0.022222222222222497,No significant trend,22.2352,3.176471148932413
101_201,0.22167487684729065,0.09502476539267057,0.10574999999999993,No significant trend,22.42655172413793,2.39414555467703
101_202,0.08602150537634409,0.5074200543722851,0.029655172413793084,No significant trend,22.449677419354842,1.971774186951646
101_203,-0.4666666666666667,0.0002413897092941042,-0.10944444444444458,Decreasing,19.48193548387097,1.5215196549350913
101_204,0.48717948717948717,0.0003941430755782793,0.405,Increasing,16.374444444444446,4.078637511549326
101_205,0.34838709677419355,0.006211110408963716,0.09434782608695644,Increasing,20.747096774193547,1.6302645610519328
101_206,-0.03463203463203463,0.8435258690926943,-0.038461538461538464,No significant trend,17.060454545454547,3.0232319811040385
101_207,-0.5913978494623656,3.2082201719685344e-06,-0.34142857142857125,Decreasing,27.38258064516129,4.085021394299355
101_208,-0.07956989247311828,0.5406231028187141,-0.025714285714285672,No significant trend,21.769032258064517,2.207588605372912
101_209,0.33548387096774196,0.008427504795672336,0.14125,Increasing,17.786451612903225,2.8956826020007194
101_21,0.32903225806451614,0.009781611919498001,0.1370833333333333,Increasing,24.645483870967745,2.4234657117837393
101_210,-0.2172043010752688,0.08919834224618706,-0.07187499999999991,No significant trend,24.546451612903226,1.764147511181272
101_211,-0.09462365591397849,0.46487326576717747,-0.02384615384615402,No significant trend,19.611290322580647,1.6994795065349138
101_212,0.06461538461538462,0.6593353383597194,0.020000000000000757,No significant trend,18.029999999999998,1.70872872222417
101_213,0.33251231527093594,0.011951257161396445,0.16806249999999998,Increasing,18.499655172413792,2.6915262722472884
101_214,0.541871921182266,3.9907325472876565e-05,0.6862787723785168,Increasing,33.03103448275861,7.332314563688598
101_215,-0.0022988505747126436,1.0,-0.005652173913043435,No significant trend,21.17366666666667,3.0935335603301426
101_216,0.04086021505376344,0.7596537518193331,0.009599999999999937,No significant trend,20.554838709677412,2.9676034329532226
101_217,-0.004301075268817204,0.9864394742066862,-0.0006666666666667708,No significant trend,21.338064516129034,1.8955557859828744
101_218,0.24597701149425288,0.05860441886618495,0.11000000000000014,No significant trend,22.638,2.4320257674073544
101_219,-0.15763546798029557,0.23730177865000002,-0.07420000000000015,No significant trend,24.134482758620692,3.146865529935437
101_22,-0.07126436781609195,0.5924901808547871,-0.024375000000000036,No significant trend,17.58866666666667,1.833366181523908
101_220,-0.07407407407407407,0.5937387052742729,-0.046590909090909106,No significant trend,32.27285714285715,2.841409178990062
101_221,0.33763440860215055,0.008014910367279748,0.19166666666666674,Increasing,33.49741935483871,3.4999308451619027
101_222,0.01839080459770115,0.9006128384732583,0.0077272727272726435,No significant trend,23.95333333333333,3.043638538912851
101_223,0.1103448275862069,0.4017339722220903,0.05,No significant trend,24.10833333333333,2.3995542410113493
101_224,0.7784946236559139,8.47815373461458e-10,0.5072222222222221,Increasing,29.68548387096774,5.0500027714522435
101_225,-0.5182795698924731,4.5202596182347676e-05,-0.21095238095238095,Decreasing,19.894838709677423,2.766776243290564
101_226,0.24731182795698925,0.05267307614212502,0.6608333333333333,No significant trend,41.119354838709675,11.389377035693666
101_227,-0.2086021505376344,0.10275196797700414,-0.10285714285714269,No significant trend,18.73516129032258,2.409549376915087
101_228,0.22365591397849463,0.08000950089470127,0.08038461538461537,No significant trend,20.250967741935487,1.7647011166816555
101_229,0.12413793103448276,0.34436558250434857,0.19545454545454596,No significant trend,42.822333333333326,5.593995997694513
101_23,0.17195767195767195,0.20608030550813927,0.0686111111111111,No significant trend,16.2225,2.445041082038734
101_230,-0.7032258064516129,3.0103803894121484e-08,-0.41090909090909056,Decreasing,36.15645161290323,4.169778015586872
101_231,-0.07956989247311828,0.5406231028187141,-0.07000000000000028,No significant trend,44.09032258064516,4.4773101687904795
101_232,0.14193548387096774,0.26926051859260536,0.10130434782608688,No significant trend,43.958387096774196,3.567477736236511
101_233,-0.13763440860215054,0.28427093926275426,-0.06666666666666682,No significant trend,41.92774193548387,3.3287629298404724
101_234,-0.06881720430107527,0.5982707245011594,-0.05263157894736842,No significant trend,40.855483870967724,4.129282401697135
101_235,0.18924731182795698,0.13922364714154067,0.13428571428571448,No significant trend,32.63709677419355,3.5860574033766075
101_236,0.16666666666666666,0.2524605042504313,0.27153846153846134,No significant trend,44.2712,6.690633046281944
101_237,-0.3741935483870968,0.0032780980642772573,-0.14192307692307699,Decreasing,21.59451612903226,2.5181647678670576
101_238,0.167816091954023,0.1989481007752456,0.09333333333333371,No significant trend,19.97766666666667,3.357364723840543
101_239,0.3634408602150538,0.004298292024715877,0.10703703703703706,Increasing,17.952258064516133,1.7347747082089406
101_24,0.025362318840579712,0.8816906042001806,0.03966666666666662,No significant trend,16.092083333333335,3.0912160217389464
101_240,0.11822660098522167,0.3779775180071052,0.05214673913043477,No significant trend,19.533103448275863,1.9170057533205194
101_241,0.07881773399014778,0.560903574193679,0.09410000000000003,No significant trend,20.245862068965522,4.16107870401114
101_242,0.11904761904761904,0.4686200614953533,0.11916666666666678,No significant trend,20.509047619047617,2.666406364846576
101_243,0.25591397849462366,0.0449013762794892,0.19909090909090904,Increasing,22.461935483870974,3.9753453243021006
101_244,-0.07526881720430108,0.5633463699559165,-0.05958333333333332,No significant trend,25.67322580645162,3.2074453577894344
101_245,0.0064516129032258064,0.9728828650934778,0.002000000000000135,No significant trend,17.291290322580643,1.6689995881935438
101_246,-0.5956989247311828,2.718582431837646e-06,-0.2182352941176469,Decreasing,22.96516129032258,2.471351818882757
101_247,-0.23010752688172043,0.07160518117391312,-0.11499999999999977,No significant trend,20.27,2.5234679159007833
101_248,-0.4924731182795699,0.000106544569022482,-0.18923076923076929,Decreasing,22.504193548387097,2.421183094159186
101_249,-0.15333333333333332,0.29327072669776233,-0.15688888888888872,No significant trend,20.9696,4.339762647887555
101_25,-0.2735632183908046,0.03527027770400415,-0.15,Decreasing,18.23766666666667,3.4000310619496146
101_250,-0.8279569892473119,6.726863510664316e-11,-0.8233333333333337,Decreasing,30.13322580645161,7.6481207420186115
101_251,-0.1978494623655914,0.12194188920122184,-0.06296296296296307,No significant trend,21.434193548387096,1.6924877170060768
101_252,-0.6086021505376344,1.6431415847950603e-06,-0.2811538461538461,Decreasing,22.547096774193545,3.0113422080295957
101_253,-0.12535612535612536,0.37003002267186025,-0.061000000000000124,No significant trend,17.24185185185185,3.2347694829279194
101_254,-0.015053763440860216,0.9187737391879132,-0.0042857142857143215,No significant trend,19.133870967741938,2.288180961458891
101_255,-0.5238095238095238,0.0007150266789361925,-0.3941666666666667,Decreasing,17.605454545454545,3.405898262603657
101_256,-0.004301075268817204,0.9864394742066862,-0.0004545454545455256,No significant trend,19.2041935483871,2.1685252520989087
101_257,0.0,1.0,0.0,No significant trend,15.631578947368425,1.9576900006140285
101_258,0.40217391304347827,0.0063626112907329,0.18527777777777762,Increasing,13.45875,2.1226129975810473
101_259,-0.7225806451612903,1.2424284268064412e-08,-1.1009090909090908,Decreasing,47.82677419354839,10.746426679057848
101_26,0.41025641025641024,0.002872073677507858,0.22611111111111104,Increasing,16.107777777777777,2.7107294813366485
101_260,-0.053763440860215055,0.6833368087995224,-0.039615384615384656,No significant trend,48.78258064516128,3.81052529419369
101_261,-0.5827956989247312,4.4530492946393e-06,-0.5833333333333334,Decreasing,42.545806451612904,5.378413709176262
101_262,-0.3904761904761905,0.014447075828058153,-0.1995238095238095,Decreasing,13.284285714285712,2.8679701988034134
101_263,0.06315789473684211,0.721176307474874,0.06596256684491979,No significant trend,13.953,1.985059444953727
101_264,0.3634408602150538,0.004298292024715877,0.243846153846154,Increasing,29.381612903225808,3.9559054236829057
101_265,0.30752688172043013,0.015800509032550147,0.14250000000000007,Increasing,23.451290322580647,3.0210239045465745
101_266,0.3275862068965517,0.013283970288789027,0.19800000000000006,Increasing,20.89103448275862,3.3296518869794953
101_267,-0.07526881720430108,0.5633463699559165,-0.01833333333333324,No significant trend,24.422258064516132,1.6160599431501042
101_268,0.4236453201970443,0.0013383422197923434,0.27978260869565214,Increasing,29.038620689655176,4.146961267322784
101_269,0.04923076923076923,0.7409290735196365,0.03434782608695664,No significant trend,22.165384615384614,3.858604003013396
101_27,0.25691699604743085,0.090976463086059,0.13166666666666652,No significant trend,15.382173913043479,1.9892230436983032
101_270,-0.4924731182795699,0.000106544569022482,-0.47650000000000003,Decreasing,40.828387096774186,6.073611933164006
101_271,-0.6246153846153846,8.491845974623047e-06,-0.6231578947368419,Decreasing,27.264999999999993,5.738714175197731
101_272,-0.45320197044334976,0.0005975471482759787,-0.3445760233918129,Decreasing,29.383793103448276,4.014926815834152
101_273,0.04516129032258064,0.7339104943970112,0.019333333333333515,No significant trend,20.872903225806454,1.986620072690146
101_274,-0.26495726495726496,0.05512169907077391,-0.16400000000000006,No significant trend,30.282962962962962,2.747480751544902
101_275,-0.11083743842364532,0.409170233402842,-0.06178571428571432,No significant trend,45.00413793103447,3.9672595572722655
101_276,0.27635327635327633,0.04535970827923452,0.45650000000000013,Increasing,33.58481481481481,7.620629589218781
101_277,-0.2857142857142857,0.034519744286669374,-0.1330555555555556,Decreasing,19.934642857142855,3.0701843617779896
101_278,0.41935483870967744,0.0009761747063838921,0.3381818181818184,Increasing,23.391290322580645,4.332656744319805
101_279,-0.13548387096774195,0.29198463590975887,-0.10375000000000008,No significant trend,39.07677419354839,5.380064987673671
101_28,-0.221505376344086,0.08298294959133434,-0.11333333333333329,No significant trend,18.12161290322581,2.9545755623070287
101_280,0.16559139784946236,0.19645146482180031,0.1800000000000005,No significant trend,34.36516129032258,5.158593751218878
101_281,-0.14193548387096774,0.26926051859260536,-0.07083333333333315,No significant trend,19.879677419354838,2.479087350112963
101_282,-0.1913978494623656,0.13473584102323688,-0.08040000000000007,No significant trend,20.093870967741932,2.3762503363008767
101_283,0.07956989247311828,0.5406231028187141,0.029473684210526437,No significant trend,41.71774193548387,2.5106633356576515
101_284,0.5741935483870968,6.153454805701841e-06,0.3000000000000007,Increasing,24.48096774193548,3.1160390022391486
101_285,-0.3118279569892473,0.014385749502058731,-0.14000000000000012,Decreasing,24.351612903225806,2.372786706255304
101_286,0.5526881720430108,1.354669150632759e-05,0.37833333333333324,Increasing,20.140645161290323,4.479582307345523
101_287,-0.005698005698005698,0.983367777119948,-0.003571428571428622,No significant trend,22.12592592592593,4.521755033955911
101_288,-0.5870967741935483,3.781833670668533e-06,-0.27190476190476176,Decreasing,24.367419354838717,3.1491360492045413
101_289,0.47035573122529645,0.0018305274191598997,0.32187500000000013,Increasing,17.277391304347827,3.0734886245343054
101_29,-0.271264367816092,0.03685193531328901,-0.125,Decreasing,19.16166666666667,2.6160454676646756
101_290,0.3047619047619048,0.0571180853056803,0.2871527777777777,No significant trend,15.71714285714286,3.707462413972717
101_291,-0.3720430107526882,0.0034624952577932966,-0.10650000000000012,Decreasing,24.648709677419355,1.941389163319589
101_292,0.12698412698412698,0.35311901773888854,0.09666666666666669,No significant trend,22.835714285714285,4.4019301193351765
101_293,0.14855072463768115,0.3211116191778596,0.10293650793650808,No significant trend,16.385833333333334,2.56271814789601
101_294,0.09401709401709402,0.5047075455861032,0.06769230769230762,No significant trend,20.378888888888884,3.3161013849190026
101_295,-0.2857142857142857,0.15125067953931137,-0.21999999999999975,No significant trend,17.423333333333336,1.8721704575765052
101_296,-0.39705882352941174,0.02902040244056625,-0.3761904761904765,Decreasing,18.058235294117647,2.807913680787628
101_297,-0.6597701149425287,3.3513397701412373e-07,-0.5734615384615384,Decreasing,41.32966666666667,6.188928008055102
101_298,-0.2813852813852814,0.07112672748994053,-0.21384615384615394,No significant trend,38.60863636363637,3.113858021307251
101_299,-0.2946236559139785,0.020804552083621086,-0.15285714285714289,Decreasing,19.80774193548387,2.955706028506741
101_3,0.06666666666666667,0.6946444974614776,0.08500000000000035,No significant trend,15.615238095238096,2.7395630848169223
101_30,-0.5634408602150538,9.161826726389322e-06,-0.15714285714285708,Decreasing,22.778387096774193,1.8778524054375785
101_300,0.45454545454545453,0.003361532188057792,0.6235714285714284,Increasing,20.280454545454546,5.734811146349767
101_301,0.25132275132275134,0.06329510291107421,0.17379166666666673,No significant trend,15.010357142857142,3.918671861506557
101_302,-0.40615384615384614,0.0038838678692534323,-0.5455,Decreasing,29.73769230769231,7.887262519985726
101_303,0.25517241379310346,0.04970274086760851,0.10250000000000004,Increasing,21.93233333333333,2.720200584924248
101_304,0.3161290322580645,0.013083919895177765,0.1472413793103448,Increasing,19.65645161290323,2.9206401732928753
101_305,-0.15483870967741936,0.22753013024096425,-0.07807692307692299,No significant trend,22.598064516129032,2.7543753104245576
101_306,0.02795698924731183,0.8383870987564421,0.013333333333333246,No significant trend,25.390322580645158,2.2732461993894324
101_307,-0.04516129032258064,0.7339104943970112,-0.025000000000000355,No significant trend,38.73129032258065,3.235183339208683
101_308,-0.24516129032258063,0.05478277122914399,-0.09428571428571406,No significant trend,21.529354838709672,2.2172911917310723
101_309,-0.07816091954022988,0.5560262922004524,-0.04785714285714272,No significant trend,25.032666666666664,2.6543422704860213
101_31,0.37849462365591396,0.002935879872567604,0.19166666666666657,Increasing,24.844838709677415,3.213878042297129
101_310,0.08387096774193549,0.5183675363290698,0.030909090909090896,No significant trend,22.861612903225804,1.9542989779758304
101_311,-0.04086021505376344,0.7596537518193331,-0.016249999999999876,No significant trend,21.5041935483871,1.6675707156133681
101_312,-0.14838709677419354,0.24778083040054266,-0.09000000000000025,No significant trend,18.934838709677415,3.8432654722403012
101_313,-0.05806451612903226,0.6585566199856316,-0.02499999999999858,No significant trend,26.989032258064512,2.7537368802067914
101_314,0.06236559139784946,0.6341458536966633,0.017777777777777795,No significant trend,21.55290322580645,1.5768858521258777
101_315,-0.2724867724867725,0.04388736468170107,-0.10884615384615351,Decreasing,19.163214285714286,2.457756022954139
101_316,-0.5118279569892473,5.6217277267789356e-05,-0.2741176470588235,Decreasing,22.65225806451613,3.4907367830074802
101_317,0.42795698924731185,0.0007646309234956572,0.23200000000000004,Increasing,28.88225806451613,3.77864347538212
101_318,-0.14838709677419354,0.24778083040054266,-0.10307692307692307,No significant trend,30.49032258064516,3.8935185876936456
101_319,-0.6126482213438735,4.757930548193734e-05,-1.052,Decreasing,37.00826086956521,8.161875132043955
101_32,-0.5956989247311828,2.718582431837646e-06,-0.3639130434782609,Decreasing,27.135161290322582,4.073551886742751
101_320,-0.022167487684729065,0.880713731855977,-0.01320512820512814,No significant trend,17.845172413793104,2.7136317701682717
101_321,0.5419354838709678,1.9891905931546106e-05,0.26000000000000156,Increasing,21.04548387096774,3.052837747777629
101_322,-0.02795698924731183,0.8383870987564421,-0.018333333333333385,No significant trend,27.592580645161288,2.6893601202515782
101_323,-0.45161290322580644,0.0003819501147899196,-0.2028,Decreasing,33.06516129032258,3.1943981925700977
101_324,-0.7849462365591398,6.143836550620563e-10,-0.6566666666666665,Decreasing,31.03741935483871,7.277812489381211
101_325,0.004597701149425287,0.9857656719542729,0.008999999999999985,No significant trend,19.257666666666676,2.464696983854653
101_326,0.3419354838709677,0.007243570523155052,0.1533333333333332,Increasing,19.257419354838714,2.511262332286469
101_327,-0.5526881720430108,1.354669150632759e-05,-0.3132142857142857,Decreasing,26.002903225806456,3.532720959505793
101_328,0.09655172413793103,0.4644846295722058,0.02363636363636362,No significant trend,20.427,2.4031287245311406
101_329,-0.3870967741935484,0.002347320421192567,-0.11869565217391306,Decreasing,26.539677419354838,1.9519460659374854
101_33,0.21935483870967742,0.08604531406845561,0.09519999999999997,No significant trend,24.538387096774194,2.635358942038426
101_330,-0.610752688172043,1.5094086633915538e-06,-0.3335714285714287,Decreasing,24.319677419354843,3.5645978679870547
101_331,-0.3161290322580645,0.013083919895177765,-0.1314814814814815,Decreasing,27.651290322580646,2.2508632636928065
101_332,-0.410752688172043,0.0012408530273542162,-0.33100000000000007,Decreasing,23.837741935483876,3.9116077955625785
101_333,0.21428571428571427,0.10670251471535197,0.1384440559440559,No significant trend,21.745517241379314,3.217735963757958
101_334,0.556989247311828,1.159455156796163e-05,0.8630434782608696,Increasing,32.44516129032258,10.11917434824178
101_335,-0.03225806451612903,0.8119200006410021,-0.019999999999999574,No significant trend,22.610322580645164,2.2718821014829316
101_336,0.5655913978494623,8.465459469420011e-06,0.3979999999999997,Increasing,29.31129032258064,5.077430606209611
101_337,-0.16559139784946236,0.19645146482180031,-0.056153846153846186,No significant trend,22.899032258064516,1.7844188623691388
101_338,-0.3956989247311828,0.0018686938185774604,-0.17818181818181794,Decreasing,26.87903225806452,2.6605448809361487
101_339,0.0,1.0,0.0,No significant trend,21.422258064516125,2.332373441129567
101_34,0.13548387096774195,0.29198463590975887,0.04111111111111122,No significant trend,21.77838709677419,1.79385527659895
101_340,-0.6021505376344086,2.1161827552518275e-06,-0.375,Decreasing,26.68064516129032,3.9440808532933627
101_341,0.6091954022988506,2.4767767645705874e-06,0.44000000000000006,Increasing,22.004333333333324,5.2071832970319845
101_342,-0.053763440860215055,0.6833368087995224,-0.049200000000000015,No significant trend,31.347741935483878,3.5532290717920954
101_343,0.17849462365591398,0.16340634586373248,0.08444444444444461,No significant trend,28.84354838709678,3.262616749498829
101_344,0.10256410256410256,0.46560913496093637,0.10423076923076927,No significant trend,28.95148148148148,3.2600292019865726
101_345,-0.2724867724867725,0.04388736468170107,-0.10774509803921566,Decreasing,27.469285714285718,2.5794309014800545
101_346,0.5612903225806452,9.91272679740085e-06,0.5359999999999999,Increasing,28.765161290322585,5.657696938808651
101_347,-0.7724137931034483,2.276395516531693e-09,-0.9471428571428573,Decreasing,34.236,9.15904711200898
101_348,0.5698924731182796,7.221474918273074e-06,0.21933333333333327,Increasing,27.42096774193548,2.4985058177919184
101_349,0.4329004329004329,0.00524489507673942,0.39714285714285713,Increasing,19.30590909090909,4.653837770242484
101_35,-0.030107526881720432,0.8251287015820885,-0.014000000000000058,No significant trend,21.311935483870965,1.9252606348145962
101_350,-0.04926108374384237,0.7215386520496392,-0.0566544117647058,No significant trend,28.846206896551728,4.299479049271533
101_351,-0.36752136752136755,0.007621244708566399,-0.28578947368421054,Decreasing,46.26481481481481,4.381875440164161
101_352,0.07692307692307693,0.5968073797467659,0.03599999999999994,No significant trend,21.594999999999995,2.870563131566295
101_353,0.3204301075268817,0.011887389113116376,0.12869565217391302,Increasing,17.570322580645165,2.1860385202623402
101_354,0.33004926108374383,0.01260202493993634,0.1877083333333332,Increasing,17.64655172413793,3.1783386202945163
101_355,-0.021164021164021163,0.8900067739861677,-0.016992753623188535,No significant trend,17.36678571428572,3.870431919023498
101_356,0.27350427350427353,0.04765226267782463,0.14695652173913046,Increasing,17.240000000000002,2.6606668615495908
101_357,0.2535612535612536,0.06657564401317706,0.15375000000000005,No significant trend,17.64185185185185,2.9478266156322537
101_358,0.04843304843304843,0.7387187313672434,0.02631578947368421,No significant trend,22.74407407407407,4.168193728400348
101_359,0.2523809523809524,0.1163592989903568,0.20557142857142846,No significant trend,21.716190476190473,3.3564784212460306
101_36,0.1632183908045977,0.21171183194124232,0.11166666666666665,No significant trend,21.108,3.1818101766133067
101_360,0.07671957671957672,0.5801384175488182,0.028607954545454534,No significant trend,18.270714285714288,1.8758082611645202
101_361,-0.3333333333333333,0.013527746372970828,-0.2878571428571429,Decreasing,26.82107142857143,5.315383563156039
101_362,-0.18571428571428572,0.2511820389804784,-0.21415384615384608,No significant trend,18.823809523809523,3.523485120202759
101_363,-0.5156695156695157,0.00017511910284429,-0.35761904761904767,Decreasing,24.394074074074073,4.0034321009735665
101_364,-0.0989247311827957,0.4443675620908478,-0.025,No significant trend,22.987741935483875,1.781131770817535
101_365,-0.22580645161290322,0.07712322019197049,-0.07173913043478271,No significant trend,23.43032258064516,1.7523265343646721
101_366,0.16989247311827957,0.18493228677225515,0.1234615384615385,No significant trend,36.830322580645166,3.843370063411644
101_367,0.6280788177339901,1.892777330425588e-06,0.610940170940171,Increasing,34.106206896551726,5.9442887186766855
101_368,0.002849002849002849,1.0,0.0024999999999995026,No significant trend,19.93,2.7171471967651826
101_369,-0.027692307692307693,0.8600328045734926,-0.007333333333333295,No significant trend,20.729230769230767,2.135797316581046
101_37,0.2064516129032258,0.10638442840594231,0.10071428571428573,No significant trend,24.338387096774195,2.5157274286610183
101_370,0.2731182795698925,0.032229828676073824,0.10894736842105264,Increasing,36.20677419354839,2.26775772031399
101_371,-0.20430107526881722,0.1101179540129047,-0.09000000000000045,No significant trend,17.91290322580645,2.8000612822192203
101_372,-0.15483870967741936,0.22753013024096425,-0.055714285714285626,No significant trend,21.03419354838709,2.2735445882579666
101_373,-0.3247311827956989,0.010788909951167325,-0.1500000000000001,Decreasing,22.89645161290323,2.776339605037071
101_374,-0.053763440860215055,0.6833368087995224,-0.02857142857142847,No significant trend,27.380322580645164,2.625879249208843
101_375,0.3956989247311828,0.0018686938185774604,0.2244444444444444,Increasing,20.980967741935483,3.053444754687263
101_376,0.30295566502463056,0.022109377347751424,0.17253846153846183,Increasing,22.202758620689654,3.1068199692042624
101_377,-0.03133903133903134,0.8348627075364896,-0.008571428571428896,No significant trend,29.559999999999995,3.2851044292550444
101_378,-0.17733990147783252,0.18291855854907912,-0.10200000000000001,No significant trend,30.799999999999997,3.76820180292752
101_379,-0.27956989247311825,0.028340697604201104,-0.08800000000000026,Decreasing,23.241612903225814,2.2002186061099054
101_38,-0.13548387096774195,0.29198463590975887,-0.04466666666666678,No significant trend,23.352258064516125,2.1068746302512293
101_380,0.28817204301075267,0.023788782312269774,0.08100000000000022,Increasing,19.71161290322581,1.6718467609477763
101_381,-0.5096774193548387,6.042257609317758e-05,-0.2133333333333335,Decreasing,32.92677419354839,2.5027679993736665
101_382,0.2924731182795699,0.021760860424100192,0.11333333333333329,Increasing,19.53322580645161,2.6270299519355094
101_383,0.4857142857142857,0.013347575926843103,0.899,Increasing,17.15266666666667,5.044250147995791
101_384,0.42857142857142855,0.0014686916846269327,0.21022222222222225,Increasing,18.211785714285714,2.659227940548895
101_385,0.3399014778325123,0.010174124498760317,0.27966666666666673,Increasing,25.368275862068963,4.077891670413065
101_386,-0.23010752688172043,0.07160518117391312,-0.1052380952380951,No significant trend,23.00935483870968,2.709789821017396
101_387,0.13548387096774195,0.29198463590975887,0.05206896551724143,No significant trend,20.929032258064513,1.9876949769871792
101_388,0.16009852216748768,0.22993901894124003,0.10774999999999987,No significant trend,25.25,2.9066914477484174
101_389,-0.7634408602150538,1.779737912599444e-09,-1.1110526315789475,Decreasing,35.75870967741936,10.905661667206799
101_39,0.21935483870967742,0.08604531406845561,0.1200000000000004,No significant trend,21.24258064516129,2.72142155421655
101_390,-0.35913978494623655,0.004781376457623443,-0.3210526315789474,Decreasing,21.183548387096774,4.401588091987897
101_391,0.03225806451612903,0.8119200006410021,0.02944444444444451,No significant trend,19.788709677419355,2.7294838717302174
101_392,0.36774193548387096,0.003859889400894323,0.17714285714285719,Increasing,19.048064516129028,2.630700163583143
101_393,0.2727272727272727,0.07250866728742089,0.20538461538461525,No significant trend,17.179999999999996,3.3064613949843324
101_394,-0.3333333333333333,0.010196053861281307,-0.21714285714285708,Decreasing,26.423666666666666,3.8394170419768443
101_395,0.719047619047619,5.911271491187975e-06,0.7185555555555554,Increasing,18.203809523809525,4.934952574858219
101_396,0.23076923076923078,0.2735614117247491,0.3419999999999998,No significant trend,15.693571428571428,4.5387185213809556
101_397,0.2512315270935961,0.058150155399916414,0.17519999999999974,No significant trend,23.879310344827587,3.3808098713835872
101_398,0.04827586206896552,0.7212260985001633,0.027058823529411608,No significant trend,24.298000000000002,2.754882211638095
101_399,-0.026455026455026454,0.8588732339133709,-0.024999999999999807,No significant trend,22.30428571428572,3.2794908452504683
101_4,0.3333333333333333,0.03210967274372978,0.2766666666666661,Increasing,18.340454545454545,3.526031090040739
101_40,-0.3247311827956989,0.010788909951167325,-0.08499999999999996,Decreasing,26.37322580645161,1.58800623037856
101_400,-0.6408602150537634,4.4660907083660106e-07,-0.3857894736842106,Decreasing,23.24129032258065,3.948819130906862
101_401,-0.546236559139785,1.707260688599277e-05,-0.2743749999999998,Decreasing,22.540322580645164,3.3906212998752214
101_402,0.0582010582010582,0.6782246933005027,0.04100000000000001,No significant trend,19.773571428571433,3.2139886370651145
101_403,-0.2064516129032258,0.10638442840594231,-0.11000000000000014,No significant trend,25.065161290322575,3.0471211913264287
101_404,0.2413793103448276,0.06883030562898762,0.15531250000000063,No significant trend,20.475172413793103,3.317683675438857
101_405,0.04516129032258064,0.7339104943970112,0.023499999999999945,No significant trend,17.7858064516129,2.201510880301846
101_406,-0.0024630541871921183,1.0,-0.002692307692307703,No significant trend,22.79,5.850725271869853
101_407,0.6137931034482759,2.0777186033882344e-06,0.4665000000000001,Increasing,38.028,6.178024171745095
101_408,0.3204301075268817,0.011887389113116376,0.18312499999999998,Increasing,36.10870967741935,4.480395102058691
101_409,0.5849462365591398,4.104311808639238e-06,0.38434782608695667,Increasing,40.22516129032258,4.367841329216441
101_41,-0.18924731182795698,0.13922364714154067,-0.07666666666666681,No significant trend,26.251290322580648,2.25911593033216
101_410,0.17419354838709677,0.1739206495334844,0.19333333333333325,No significant trend,42.62548387096775,5.4144655940447795
101_411,0.6903225806451613,5.362454658097704e-08,0.9610526315789473,Increasing,44.09225806451613,8.720950935748078
101_412,0.18924731182795698,0.13922364714154067,0.21250000000000036,No significant trend,52.088387096774184,5.7919856179503055
101_413,0.7655172413793103,3.1569364900008168e-09,0.8414285714285713,Increasing,35.3,7.523167772510018
101_414,-0.12698412698412698,0.35311901773888854,-0.08363636363636459,No significant trend,24.06142857142857,2.5934955923916863
101_415,-0.5678160919540229,1.1392877466764872e-05,-0.3022727272727272,Decreasing,23.694999999999997,3.7195373816287063
101_416,0.2019704433497537,0.12866108508859364,0.07057500000000008,No significant trend,25.993103448275864,1.7928826787169545
101_417,0.3412698412698413,0.011444197860777772,0.2409090909090909,Increasing,27.546428571428578,3.8975772825525072
101_418,-0.34472934472934474,0.012362332780089913,-0.2762500000000001,Decreasing,22.67777777777778,3.459214568669999
101_419,0.34623655913978496,0.006539518436156966,0.22708333333333316,Increasing,40.68354838709678,4.140304296427199
101_42,-0.36752136752136755,0.007621244708566399,-0.3133333333333326,Decreasing,36.50814814814815,4.569330964105534
101_420,0.09247311827956989,0.47532023939393775,0.05239999999999981,No significant trend,47.3316129032258,3.0540856788942667
101_421,-0.08505747126436781,0.5206932698330875,-0.08076923076923109,No significant trend,47.00466666666667,4.977796522782166
101_422,-0.6559139784946236,2.379948262909437e-07,-1.0572727272727276,Decreasing,42.09,10.732239041258337
101_423,-0.1956989247311828,0.12609656894220533,-0.14571428571428566,No significant trend,45.318387096774195,4.067859147476037
101_424,-0.6193548387096774,1.0718231477913065e-06,-0.9630434782608696,Decreasing,33.36677419354838,10.742192780024244
101_425,0.1164021164021164,0.39558625614378773,0.06785714285714291,No significant trend,17.878571428571426,2.0077558799489013
101_426,-0.27741935483870966,0.029589571342436338,-0.16642857142857156,Decreasing,31.888709677419353,3.548083300778209
101_427,-0.6896551724137931,1.6633067945193147e-07,-0.7993769230769232,Decreasing,32.06965517241379,7.549252295818541
101_428,0.40860215053763443,0.0013166634131251964,0.25363636363636355,Increasing,45.83548387096774,4.270658964571549
101_429,0.034408602150537634,0.7987646104203716,0.014615384615384714,No significant trend,20.73935483870968,2.725874746233584
101_43,-0.01935483870967742,0.8918439412522505,-0.010909090909091,No significant trend,29.276451612903227,3.2095890083463012
101_430,-0.11827956989247312,0.3587201702049656,-0.11500000000000021,No significant trend,32.589354838709674,3.8632110457192095
101_431,-0.06666666666666667,0.617392769071009,-0.02350000000000012,No significant trend,19.319666666666667,2.500376616076511
101_432,0.4258064516129032,0.0008131066227232697,0.1806249999999998,Increasing,29.693548387096776,2.9350699814562824
101_433,-0.4236559139784946,0.0008644209634274258,-0.11285714285714299,Decreasing,20.74354838709678,1.5351380065882
101_434,0.6666666666666666,1.6012153842615007e-05,0.9450000000000003,Increasing,41.84636363636363,6.918840250592808
101_435,0.6043010752688172,1.945575674344724e-06,0.5968181818181818,Increasing,32.66225806451613,6.43288763217899
101_436,0.10052910052910052,0.4647845151096839,0.11272727272727275,No significant trend,35.92964285714286,5.177293475320077
101_437,0.3226600985221675,0.01474639854891957,0.3221515151515152,Increasing,27.320344827586197,5.336189705281205
101_438,-0.3292307692307692,0.019470175913089083,-0.409473684210526,Decreasing,37.18692307692307,6.164670912191607
101_439,-0.5548387096774193,1.2534406496733652e-05,-0.6308333333333328,Decreasing,38.762580645161286,7.31026100224306
101_44,-0.008602150537634409,0.959334085947048,-0.002692307692307703,No significant trend,18.731290322580648,2.288386869412577
101_440,0.4559139784946237,0.00033547510719911244,0.18833333333333335,Increasing,24.704838709677425,4.130286150336664
101_441,0.367816091954023,0.004557900377223367,0.14148148148148149,Increasing,19.969333333333335,2.310046079386489
101_442,0.2817204301075269,0.02713750593978581,0.09380952380952376,Increasing,29.96451612903226,1.8433977021927561
101_443,0.053763440860215055,0.6833368087995224,0.03384615384615394,No significant trend,20.779354838709676,3.1015188115833863
101_444,-0.023809523809523808,0.8744157006694249,-0.01746031746031754,No significant trend,22.048928571428576,3.586768680348167
101_445,-0.0967741935483871,0.45455525621868187,-0.0799999999999983,No significant trend,20.978387096774192,4.324346750423469
101_446,0.08387096774193549,0.5183675363290698,0.0499999999999997,No significant trend,19.970000000000002,3.2356163096426944
101_447,-0.2924731182795699,0.021760860424100192,-0.12166666666666674,Decreasing,21.144193548387097,2.398141449988288
101_448,-0.47126436781609193,0.0002730933496506438,-0.2133333333333333,Decreasing,26.389999999999997,2.7638704745338556
101_449,-0.5849462365591398,4.104311808639238e-06,-0.4452173913043479,Decreasing,35.90032258064517,5.608807868200991
101_45,-0.03655913978494624,0.7856661000859302,-0.012272727272727253,No significant trend,18.784516129032255,2.0443925491209227
101_450,0.4150537634408602,0.0011011819487161123,0.2152380952380954,Increasing,41.71387096774195,3.0133216881464717
101_451,0.07526881720430108,0.5633463699559165,0.014166666666666513,No significant trend,26.72677419354839,2.2653339668290657
101_452,-0.6193548387096774,1.0718231477913065e-06,-0.5164705882352942,Decreasing,41.12064516129032,5.5621485379267295
101_453,0.6967741935483871,4.022918975721268e-08,0.40476190476190477,Increasing,40.54806451612903,4.565446251978949
101_454,0.7161290322580646,1.672965166399365e-08,0.6128571428571428,Increasing,36.39645161290323,6.163531951618847
101_455,-0.1793103448275862,0.16951639322117718,-0.12434782608695664,No significant trend,19.592666666666666,3.448404397527774
101_456,0.07096774193548387,0.5865203757130351,0.10368421052631573,No significant trend,32.01483870967742,4.802471723123914
101_457,-0.1010752688172043,0.43431144285625,-0.030624999999999902,No significant trend,16.617419354838713,1.7108929337024958
101_458,-0.32903225806451614,0.009781611919498001,-0.3014285714285719,Decreasing,32.098387096774196,4.176663351693778
101_459,-0.6129032258064516,1.3861735368436712e-06,-0.27066666666666683,Decreasing,22.64354838709677,2.899416569106115
101_46,-0.32903225806451614,0.009781611919498001,-0.22315789473684222,Decreasing,25.419999999999995,3.777750653497396
101_460,-0.12903225806451613,0.3159628698783248,-0.03500000000000014,No significant trend,18.646129032258067,1.9085878539522096
101_461,-0.015873015873015872,0.9213108861184411,-0.041388888888888746,No significant trend,37.60892857142858,5.86301564243772
101_462,-0.3053763440860215,0.016552728702838415,-0.1276470588235295,Decreasing,25.576451612903224,2.632672563822522
101_463,-0.16009852216748768,0.22993901894124003,-0.07441729323308274,No significant trend,19.271034482758616,2.589278084488211
101_464,0.21428571428571427,0.11398747357445549,0.1324999999999999,No significant trend,21.611428571428572,2.939253688421256
101_465,0.2817204301075269,0.02713750593978581,0.1372727272727271,Increasing,20.74354838709677,2.954394811001332
101_466,-0.5612903225806452,9.91272679740085e-06,-0.3994117647058823,Decreasing,23.243870967741934,4.4446065012656195
101_467,0.3311827956989247,0.009310109795033439,0.2278571428571432,Increasing,35.10870967741935,4.461485895930163
101_468,0.3057471264367816,0.01852190355643346,0.15500000000000003,Increasing,16.488666666666667,2.802786391353354
101_469,0.2709677419354839,0.033624002608237724,0.06576923076923066,Increasing,20.517419354838708,1.3239943663800218
101_47,-0.27472527472527475,0.1888874775395375,-0.4710000000000001,No significant trend,31.857142857142858,4.977772635241918
101_470,-0.1032258064516129,0.42438806620665614,-0.04181818181818189,No significant trend,16.61967741935484,2.090503078626812
101_471,-0.13978494623655913,0.2766963536434415,-0.05555555555555555,No significant trend,15.456451612903223,2.1229552566769363
101_472,-0.07956989247311828,0.5406231028187141,-0.043999999999999775,No significant trend,38.20258064516129,4.498769701167367
101_473,-0.12258064516129032,0.34119875170636194,-0.03759999999999991,No significant trend,19.867419354838706,1.6574912401693993
101_474,-0.10752688172043011,0.4049437537873102,-0.062222222222222276,No significant trend,25.121612903225806,2.7159517986769814
101_475,-0.14193548387096774,0.26926051859260536,-0.10058823529411728,No significant trend,30.824193548387097,3.1218499211654875
101_476,0.17634408602150536,0.16860199558675504,0.08400000000000034,No significant trend,34.76580645161291,3.1775216292693442
101_477,0.6946236559139785,4.4286428968476343e-08,0.7420000000000002,Increasing,35.261935483870964,7.505470013588086
101_478,-0.8623655913978494,1.0566436614567465e-11,-1.0556249999999998,Decreasing,34.987096774193546,10.132707243743349
101_479,0.02795698924731183,0.8383870987564421,0.020714285714285654,No significant trend,26.460645161290326,3.4306276445250963
101_48,0.07792207792207792,0.6316791258883696,0.08999999999999986,No significant trend,33.194545454545455,4.064079597548086
101_480,0.04946236559139785,0.7084629632532715,0.0750000000000003,No significant trend,39.522903225806445,6.979050306752571
101_481,-0.7139784946236559,1.846351960210768e-08,-0.6444444444444449,Decreasing,50.81806451612903,7.283570738690955
101_482,-0.7720430107526882,1.166970520216637e-09,-1.3633333333333333,Decreasing,36.47903225806452,12.736746015504728
101_483,0.38064516129032255,0.0027772931948595314,0.31476190476190474,Increasing,50.25096774193548,5.625952165914048
101_484,0.047311827956989246,0.721148135879736,0.04227272727272726,No significant trend,39.85967741935484,3.9871402022898463
101_485,0.25806451612903225,0.0431171263634158,0.3161111111111114,Increasing,41.22032258064515,5.423238815576945
101_486,0.06236559139784946,0.6341458536966633,0.05850000000000009,No significant trend,28.445161290322584,4.115881805701127
101_487,0.44731182795698926,0.0004343893018272649,0.3190909090909089,Increasing,36.02451612903226,4.155364848474005
101_488,-0.016091954022988506,0.9147523390847367,-0.023888888888888873,No significant trend,34.15233333333333,4.929126821478854
101_489,-0.3526315789473684,0.03224801902709995,-0.20666666666666728,Decreasing,13.779500000000002,2.4075287641064644
101_49,-0.12413793103448276,0.34436558250434857,-0.12857142857142853,No significant trend,18.666999999999994,4.501156999409523
101_490,-0.5042735042735043,0.000243447606952385,-0.5900000000000002,Decreasing,36.55777777777777,6.766794926717294
101_492,-0.20430107526881722,0.1101179540129047,-0.13500000000000004,No significant trend,23.853870967741933,3.530682724272985
101_493,0.4236559139784946,0.0008644209634274258,0.11545454545454542,Increasing,31.873225806451618,1.8408332389240407
101_494,0.4896551724137931,0.00015538682123561465,0.4700000000000003,Increasing,38.74333333333334,5.1062950256412805
101_495,-0.40860215053763443,0.0013166634131251964,-0.39136363636363636,Decreasing,40.70096774193548,4.614663413328675
101_496,-0.8279569892473119,6.726863510664316e-11,-0.7260000000000002,Decreasing,33.06967741935483,7.037748670388468
101_497,-0.18181818181818182,0.24763407176883345,-0.07523809523809516,No significant trend,22.435454545454544,2.3746267214271173
101_498,0.15692307692307692,0.2704279639103757,0.06521739130434782,No significant trend,21.60153846153846,2.4046824391457795
101_499,-0.09247311827956989,0.47532023939393775,-0.043999999999999775,No significant trend,33.79677419354839,2.305163050837604
101_5,0.34838709677419355,0.006211110408963716,0.2036363636363635,Increasing,18.273225806451613,2.9835315587261135
101_50,-0.01935483870967742,0.8918439412522505,-0.019285714285714257,No significant trend,24.25161290322581,3.5146688888916953
101_500,-0.3204301075268817,0.011887389113116376,-0.18562500000000015,Decreasing,21.608709677419352,3.4465454812641716
101_501,0.503448275862069,0.00010051524183496419,0.28235294117647064,Increasing,29.432666666666666,3.5646523283796165
101_502,0.02528735632183908,0.8584007529637274,0.028461538461538538,No significant trend,20.171666666666663,3.4141285694725805
101_503,0.5793650793650794,1.655425124069687e-05,0.47717894736842104,Increasing,22.458571428571435,4.821010352231836
101_504,0.29195402298850576,0.024578108913372976,0.27760000000000007,Increasing,23.159666666666666,4.571380158721823
101_505,0.010752688172043012,0.9457970432721066,0.008800000000000096,No significant trend,21.489354838709676,2.400185389995438
101_506,-0.6344086021505376,5.824519233588177e-07,-0.5088888888888891,Decreasing,31.866129032258062,5.282976725305996
101_507,0.2896551724137931,0.02573888834443805,0.14714285714285713,Increasing,19.554,2.8942294311267034
101_508,-0.6946236559139785,4.4286428968476343e-08,-0.41999999999999993,Decreasing,34.18645161290323,4.018410493319464
101_509,-0.41935483870967744,0.0009761747063838921,-0.6350000000000001,Decreasing,41.69258064516129,7.594284339593372
101_51,-0.8516129032258064,1.8989920747003453e-11,-0.8711111111111111,Decreasing,32.53290322580645,8.199428065635919
101_510,-0.6774193548387096,9.456222072046216e-08,-0.6072727272727273,Decreasing,33.46032258064517,6.471111727726228
101_511,0.06403940886699508,0.6391042707127212,0.029583333333333517,No significant trend,21.743103448275864,2.7393632578144818
101_512,-0.49885057471264366,0.0001163638772934128,-0.46333333333333354,Decreasing,34.71333333333334,6.337755824334738
101_513,-0.8301075268817204,6.004707842066637e-11,-0.8977777777777778,Decreasing,35.61999999999999,8.522845958117891
101_514,0.6774193548387096,9.456222072046216e-08,0.36607142857142855,Increasing,19.3741935483871,3.6891906396176175
101_515,-0.06666666666666667,0.6101267703127584,-0.03652173913043478,No significant trend,20.611935483870965,2.9561607832597385
101_516,0.45806451612903226,0.0003142746175728295,0.18105263157894724,Increasing,30.322903225806456,2.504089807660321
101_517,0.2989247311827957,0.019001296136927026,0.22000000000000064,Increasing,40.55483870967741,4.21650816470426
101_518,-0.5440860215053763,1.843097094700319e-05,-0.22666666666666674,Decreasing,20.1858064516129,2.7147681825746495
101_519,-0.5053763440860215,6.974277946447671e-05,-0.24000000000000005,Decreasing,18.923870967741934,3.270353317618809
101_52,0.3913978494623656,0.002095506748773568,0.17727272727272736,Increasing,20.886129032258065,2.59943626322641
101_520,0.3793103448275862,0.0034342921262227044,0.08500000000000085,Increasing,19.652,1.7936748125937805
101_521,-0.4458128078817734,0.0007342741482312398,-0.17947368421052612,Decreasing,19.82965517241379,2.4012144668014757
101_522,0.2623655913978495,0.03972794794507628,0.12133333333333335,Increasing,18.666129032258063,2.31701097414717
101_523,0.31264367816091954,0.016016506792411844,0.09600000000000009,Increasing,18.487000000000002,2.019787365046133
101_524,0.2676923076923077,0.058016482085702537,0.14857142857142897,No significant trend,23.168461538461543,3.0057760962567395
101_525,-0.08695652173913043,0.5791548907057673,-0.07000000000000028,No significant trend,25.302608695652175,3.451467510685229
101_526,-0.27741935483870966,0.029589571342436338,-0.21423076923076925,Decreasing,23.485161290322583,4.090215603566986
101_527,-0.27741935483870966,0.029589571342436338,-0.1058333333333333,Decreasing,17.01032258064516,2.1271812090044717
101_528,-0.09359605911330049,0.4876519268316106,-0.04999999999999999,No significant trend,23.93206896551724,2.3462550928577652
101_53,0.29846153846153844,0.034345754006712914,0.184,Increasing,19.722307692307695,2.969996513456006
101_530,-0.28078817733990147,0.0340346452378244,-0.17961538461538473,Decreasing,18.866206896551724,3.284517929036061
101_531,-0.25591397849462366,0.0449013762794892,-0.07874999999999988,Decreasing,23.420645161290327,2.0106986997524676
101_532,-0.7784946236559139,8.47815373461458e-10,-0.8333333333333331,Decreasing,31.993870967741934,7.94872506612847
101_533,-0.4666666666666667,0.0002413897092941042,-0.31240000000000007,Decreasing,37.10935483870968,3.6171454932378344
101_534,0.2857142857142857,0.38647623077123283,1.1233333333333322,No significant trend,21.99,5.0103517840566845
101_535,0.20797720797720798,0.13336137676854287,0.15416666666666648,No significant trend,24.53148148148148,2.9880399914321436
101_536,0.4866666666666667,0.0007079791172892591,0.34699300699300706,Increasing,25.7896,3.6635463474617054
101_537,-0.455026455026455,0.0007291826963615744,-0.28265037593984954,Decreasing,23.39071428571429,3.602326558302712
101_538,0.1935483870967742,0.1303606801133712,0.13142857142857142,No significant trend,18.846129032258066,3.824775496189796
101_539,-0.6919540229885057,8.683879948456763e-08,-0.8254545454545454,Decreasing,32.43566666666666,8.066701384222812
101_54,0.5335968379446641,0.0004016440946343902,0.4908333333333334,Increasing,19.72695652173913,4.292938017744561
101_540,-0.27956989247311825,0.028340697604201104,-0.1388888888888889,Decreasing,21.24870967741936,2.619364293642557
101_541,-0.7440860215053764,4.52490889202295e-09,-1.0299999999999998,Decreasing,32.639032258064525,9.511348520392824
101_542,-0.3419354838709677,0.007243570523155052,-0.22999999999999687,Decreasing,38.034516129032255,4.558594745773249
101_543,-0.4774193548387097,0.0001725072317639853,-0.36999999999999983,Decreasing,44.70612903225806,4.891006016589881
101_544,-0.8279569892473119,6.726863510664316e-11,-0.9122222222222223,Decreasing,39.82354838709677,8.768226196600738
101_545,-0.5440860215053763,1.843097094700319e-05,-0.6384000000000001,Decreasing,34.76806451612903,7.310549787080727
101_546,0.2129032258064516,0.09578337281012361,0.1327272727272728,No significant trend,30.708387096774192,3.8471121106736113
101_547,0.3492063492063492,0.009650582375742678,0.1975454545454543,Increasing,31.83678571428572,3.106134544932735
101_548,-0.6,3.506617245463417e-06,-0.39136363636363636,Decreasing,52.20133333333333,4.845440972937574
101_549,-0.5311827956989247,2.9007853530993444e-05,-0.17250000000000032,Decreasing,28.226451612903226,2.5181759250684164
101_55,-0.8,0.08641073297370006,-3.1612499999999994,No significant trend,40.168000000000006,5.147556313436502
101_550,-0.13978494623655913,0.2766963536434415,-0.061666666666666536,No significant trend,25.31903225806452,2.176133527151235
101_551,-0.5714285714285714,1.4701607930822647e-05,-0.6151691729323309,Decreasing,47.05724137931034,9.687969039698148
101_552,-0.4064516129032258,0.0013967278652837756,-0.5252000000000001,Decreasing,48.64935483870968,7.06862670217735
101_553,0.24301075268817204,0.05696246823315332,0.19416666666666652,No significant trend,34.07354838709677,3.98454639696844
101_554,-0.7440860215053764,4.52490889202295e-09,-0.8214285714285714,Decreasing,56.67032258064516,8.365328015037278
101_555,-0.8064516129032258,2.0618773355352005e-10,-0.7774999999999999,Decreasing,33.38903225806451,7.869653578816052
101_556,0.32903225806451614,0.009781611919498001,0.4640909090909091,Increasing,31.309677419354834,6.062651120229429
101_557,0.20899470899470898,0.12331471230448843,0.14607692307692294,No significant trend,21.635714285714283,3.2206348404484175
101_558,-0.22298850574712645,0.08676057117588454,-0.1385714285714284,No significant trend,33.213,3.3904484954058813
101_559,0.5126436781609195,7.4727591625523e-05,0.31333333333333335,Increasing,24.465333333333334,4.067467462138518
101_56,0.4459770114942529,0.0005746211219834763,0.22263157894736826,Increasing,22.848333333333333,2.9189039990303813
101_560,0.1827956989247312,0.1533785068859166,0.08714285714285706,No significant trend,24.06483870967742,2.906157945852822
101_561,0.5011494252873563,0.00010816600284369038,0.2613333333333335,Increasing,23.31266666666666,3.7127536351817847
101_562,0.3827956989247312,0.002626567745024566,0.41625000000000006,Increasing,25.67806451612903,5.241756304629965
101_563,0.4236453201970443,0.0013383422197923434,0.1803,Increasing,23.143103448275863,2.4944505350992783
101_564,0.2903225806451613,0.022755199240110047,0.16200000000000003,Increasing,24.61451612903226,3.6106918635644916
101_565,-0.04926108374384237,0.7215386520496392,-0.023854545454545507,No significant trend,20.18241379310345,2.493912111899438
101_566,0.3655913978494624,0.004073741154636101,0.21045454545454542,Increasing,25.616774193548384,3.006424719525293
101_567,0.23809523809523808,0.12783672945149904,0.5099999999999995,No significant trend,53.53818181818181,7.8576289717605805
101_568,0.5720430107526882,6.667035368224106e-06,0.2689999999999998,Increasing,22.533548387096772,3.6081239414259243
101_569,0.6043010752688172,1.945575674344724e-06,0.3633333333333333,Increasing,21.68580645161291,3.629700755632928
101_57,0.018518518518518517,0.9056405027223156,0.009851190476190567,No significant trend,24.762142857142862,2.7123439482996163
101_570,0.4043010752688172,0.0014812606762657499,0.2400000000000002,Increasing,23.49774193548387,3.4659102139008247
101_571,0.603448275862069,4.717656459707342e-06,0.42701388888888875,Increasing,59.26379310344827,4.193009300213461
101_572,0.19658119658119658,0.15631053721479238,0.12444444444444416,No significant trend,33.36296296296297,3.3896070075002687
101_573,-0.04827586206896552,0.7212260985001633,-0.010000000000000231,No significant trend,17.911000000000005,2.188059033329159
101_574,-0.010526315789473684,0.9741177473553713,-0.003888888888888905,No significant trend,47.727999999999994,4.833109351132044
101_575,0.014285714285714285,0.9518419613523095,0.027111111111110926,No significant trend,24.960952380952378,3.9016393438093417
101_576,0.36774193548387096,0.003859889400894323,0.29857142857142854,Increasing,29.681935483870976,4.041040603251592
101_577,-0.0049261083743842365,0.9850341097366098,-0.005287878787878855,No significant trend,24.902413793103445,3.0641595069362304
101_578,0.6650246305418719,4.5134746784469826e-07,0.6258796296296294,Increasing,23.905862068965515,5.841762557146471
101_579,0.513978494623656,5.229024939912286e-05,0.23045454545454547,Increasing,25.69225806451613,3.051154947564588
101_58,-0.632258064516129,6.360064654931108e-07,-0.5647058823529413,Decreasing,34.118387096774185,5.901782178496098
101_580,0.07389162561576355,0.5864526254323217,0.0677033492822966,No significant trend,20.253103448275862,3.8056148204609785
101_581,0.5978260869565217,4.7434233837240214e-05,0.7227205882352943,Increasing,26.987916666666667,6.085793552177253
101_582,0.535632183908046,3.4864178955151814e-05,0.3938095238095238,Increasing,27.96933333333333,4.270156853741506
101_583,0.38064516129032255,0.0027772931948595314,0.10764705882352953,Increasing,23.707419354838706,1.6489526837280015
101_584,-0.1870967741935484,0.14382566910763628,-0.10466666666666669,No significant trend,19.965161290322584,3.0874312017595362
101_585,0.589247311827957,3.4837237237184127e-06,0.45520000000000005,Increasing,18.503548387096775,4.280232544471791
101_586,-0.002150537634408602,1.0,-0.00058823529411753,No significant trend,17.553870967741936,1.8917659908127744
101_587,-0.6878306878306878,3.1053473881215155e-07,-0.4511590909090908,Decreasing,26.61321428571429,4.268531073508802
101_588,0.23646723646723647,0.08736825213310095,0.15499999999999994,No significant trend,17.471481481481483,3.56261941055621
101_589,0.6333333333333333,1.0143621907543476e-05,0.4985294117647059,Increasing,17.0004,4.575718068238033
101_59,0.6279569892473118,7.577055374241581e-07,0.43999999999999995,Increasing,45.94483870967741,4.732936666607157
101_590,0.210752688172043,0.09921885768990202,0.0600000000000005,No significant trend,17.86032258064516,1.811834721278972
101_591,0.14855072463768115,0.3211116191778596,0.08569852941176487,No significant trend,15.350833333333332,3.0201212953934298
101_592,-0.7230769230769231,2.499712186132541e-07,-1.0161538461538462,Decreasing,37.49961538461538,8.16741154776301
101_593,0.009230769230769232,0.964838162737043,0.030000000000001137,No significant trend,21.88307692307692,3.5235272637938
101_594,-0.4088669950738916,0.001967596839909991,-0.25904761904761936,Decreasing,39.57551724137931,3.8512493147270397
101_595,0.25057471264367814,0.05400065135336596,0.18357142857142833,No significant trend,23.154333333333334,4.056250060777264
101_596,0.3724137931034483,0.0040735925818755625,0.18,Increasing,19.784,3.2801581262697277
101_597,-0.25,0.08394024899068953,-0.08448412698412688,No significant trend,19.6748,1.598181766883855
101_598,0.10098522167487685,0.45306051056758023,0.0364560439560441,No significant trend,27.295862068965516,2.2142150741895272
101_599,0.24603174603174602,0.06912532325821674,0.1271428571428571,No significant trend,17.20464285714286,2.8273984535799195
101_6,-0.17204301075268819,0.17936364721043319,-0.05333333333333338,No significant trend,23.662580645161288,1.868052233403061
101_60,-0.5870967741935483,3.781833670668533e-06,-0.5636363636363639,Decreasing,65.10580645161292,7.502488092322589
101_600,0.36129032258064514,0.004534009191836885,0.15625,Increasing,21.158387096774195,2.5590939636270136
101_601,-0.23010752688172043,0.07160518117391312,-0.1276470588235295,No significant trend,27.03709677419355,3.3385569545870943
101_602,0.18128654970760233,0.29391717025195696,0.1345454545454544,No significant trend,14.090526315789472,2.128237406830778
101_603,-0.2086021505376344,0.10275196797700414,-0.039285714285714333,No significant trend,18.193225806451615,1.6083198748940424
101_604,0.2021505376344086,0.11395424835779155,0.09250000000000003,No significant trend,19.713870967741933,2.6600481167359877
101_605,-0.23646723646723647,0.08736825213310095,-0.11476190476190477,No significant trend,31.126296296296296,2.674573206725595
101_606,-0.4924731182795699,0.000106544569022482,-0.3133333333333333,Decreasing,16.938064516129035,3.61160621880468
101_607,0.5,0.0005016191668583136,0.5882857142857141,Increasing,20.4976,5.741844498068543
101_608,0.4827586206896552,0.00019241248835100144,0.37,Increasing,19.050666666666665,4.8512863815235185
101_609,0.32903225806451614,0.009781611919498001,0.1780000000000001,Increasing,23.82935483870968,3.11449880551805
101_61,0.3333333333333333,0.020769866768182377,0.2254166666666666,Increasing,15.816799999999999,3.4467918068836125
101_610,0.12903225806451613,0.3159628698783248,0.025555555555555602,No significant trend,18.639677419354836,1.595959583672444
101_611,0.07741935483870968,0.551927301016857,0.041666666666666664,No significant trend,20.22258064516129,2.869879133952571
101_612,0.2064516129032258,0.10638442840594231,0.06571428571428584,No significant trend,20.31806451612903,2.0730566793596528
101_613,0.17419354838709677,0.1739206495334844,0.08750000000000006,No significant trend,21.437096774193545,2.4304402807673946
101_614,-0.2924731182795699,0.021760860424100192,-0.1544444444444443,Decreasing,29.058387096774194,3.3443791041225537
101_615,-0.6817204301075269,7.835865623029292e-08,-0.4408333333333336,Decreasing,27.302903225806457,4.291358303312478
101_616,0.46021505376344085,0.0002943335046816653,0.1999999999999998,Increasing,27.99709677419355,3.4248957540513008
101_617,-0.24731182795698925,0.05267307614212502,-0.15749999999999992,No significant trend,33.14741935483871,3.497256959889616
101_618,0.5238095238095238,9.940717034617741e-05,0.31874999999999987,Increasing,22.218214285714282,3.460958840688339
101_619,-0.2645161290322581,0.038119926564599727,-0.05999999999999991,Decreasing,24.915483870967744,1.6666130202951355
101_62,0.5753846153846154,4.1363520666415354e-05,0.4630000000000001,Increasing,24.25538461538462,4.618264101760474
101_620,0.10967741935483871,0.3954246967469044,0.19000000000000009,No significant trend,39.74387096774194,5.762488081252445
101_621,-0.5073891625615764,0.0001203546276991041,-0.2993181818181818,Decreasing,19.7951724137931,3.3170641575715565
101_622,-0.4021505376344086,0.001570485444849723,-0.2539999999999999,Decreasing,22.30677419354838,5.41811084032467
101_623,-0.12688172043010754,0.3242351019547285,-0.050999999999999976,No significant trend,19.083870967741937,2.462303769708039
101_624,-0.04516129032258064,0.7339104943970112,-0.019310344827586163,No significant trend,23.481290322580644,1.9613848661423272
101_625,0.14623655913978495,0.2548032960076365,0.07499999999999989,No significant trend,24.180322580645164,2.5066730088627596
101_626,0.5731225296442688,0.0001428933389768794,0.5131249999999998,Increasing,19.695217391304347,4.209559379570779
101_627,-0.4731182795698925,0.00019748250781770338,-0.37571428571428556,Decreasing,32.024516129032264,5.023970823002958
101_628,0.06884057971014493,0.6552510950540036,0.03434210526315798,No significant trend,17.798750000000002,3.2503555094020102
101_629,0.46405228758169936,0.008014957359750774,0.7044444444444444,Increasing,17.126111111111115,4.87357402379733
101_63,0.5588235294117647,0.0020052942771016102,0.6252777777777777,Increasing,14.428823529411765,3.492110237382921
101_630,0.3935483870967742,0.0019791198223833018,0.17666666666666658,Increasing,23.484193548387093,3.0285818827635382
101_631,-0.025806451612903226,0.8516915353162966,-0.008461538461538418,No significant trend,24.950967741935482,2.9542046086767852
101_632,0.5415384615384615,0.00011465983753833342,0.5407142857142857,Increasing,32.967307692307685,5.356136349798532
101_633,0.5741935483870968,6.153454805701841e-06,0.40949999999999986,Increasing,40.81258064516128,5.566060729991003
101_634,-0.5204301075268817,4.201023062511133e-05,-0.23157894736842097,Decreasing,51.562258064516115,2.883596219863169
101_635,0.45263157894736844,0.005819816954009793,0.37414473684210525,Increasing,16.461000000000002,4.036573918560144
101_636,0.05333333333333334,0.7260951618325295,0.07791125541125545,No significant trend,23.6308,3.550086105997994
101_637,0.2413793103448276,0.06352953541982798,0.26499999999999996,No significant trend,27.729,5.054050751624879
101_638,0.06451612903225806,0.6220860087372633,0.019599999999999937,No significant trend,25.284193548387098,2.655590298503662
101_639,0.24216524216524216,0.07992172236117878,0.21888888888888877,No significant trend,28.984074074074076,4.291914240332033
101_64,0.21739130434782608,0.15382082239203032,0.13071428571428573,No significant trend,16.580434782608698,2.0976705056072364
101_640,0.20430107526881722,0.1101179540129047,0.14090909090909098,No significant trend,25.719354838709677,3.5487825586083797
101_641,0.5969230769230769,2.099671969024719e-05,0.6275,Increasing,18.998076923076923,5.6443320918700035
101_642,-0.19480519480519481,0.21471330142519163,-0.12916666666666643,No significant trend,19.49772727272727,2.61911840097906
101_643,-0.5612903225806452,9.91272679740085e-06,-0.6031578947368421,Decreasing,53.12870967741936,6.401977387034407
101_644,0.3935483870967742,0.0019791198223833018,0.22650000000000006,Increasing,28.287096774193547,3.2168329381435217
101_645,0.029556650246305417,0.8365263661204168,0.004952380952381033,No significant trend,26.107931034482753,3.623506949894454
101_646,-0.3118279569892473,0.014385749502058731,-0.11380952380952383,Decreasing,46.79774193548386,2.4833051722581327
101_647,-0.29064039408866993,0.02818561034109579,-0.3583436853002069,Decreasing,32.96344827586207,5.863685598584627
101_648,-0.1225296442687747,0.42817779030963843,-0.10071428571428573,No significant trend,26.29,3.407498125936516
101_649,0.5846153846153846,3.101904139102274e-05,0.46750000000000025,Increasing,15.06653846153846,4.293488757416185
101_65,-0.4188034188034188,0.0023372777885459772,-0.20894736842105258,Decreasing,20.793333333333337,2.439729796817976
101_650,-0.3870967741935484,0.002347320421192567,-0.16888888888888884,Decreasing,27.512580645161286,2.594045250111375
101_651,-0.6881720430107527,5.898305532880954e-08,-0.4576923076923079,Decreasing,30.770967741935486,4.881913529410045
101_652,0.5033333333333333,0.00045962606940053163,0.4373076923076923,Increasing,17.290400000000005,4.175230273889094
101_653,0.38,0.008312365597504368,0.8518125,Increasing,22.4956,9.072011940027416
101_654,-0.47293447293447294,0.0005822729577582564,-0.5666666666666667,Decreasing,44.47037037037036,6.471779468774829
101_655,-0.23376623376623376,0.1350475209566928,-0.21899999999999994,No significant trend,22.10727272727273,4.088715270348801
101_656,-0.1339031339031339,0.3375799754591595,-0.08916666666666669,No significant trend,45.306296296296296,4.104384420076178
101_657,0.42528735632183906,0.0010279989595816108,0.45333333333333314,Increasing,32.632666666666665,5.041807832734427
101_658,-0.4781609195402299,0.00022154259274120847,-0.27500000000000036,Decreasing,24.052666666666667,3.240369251935478
101_659,-0.07246376811594203,0.6374381847429542,-0.06575757575757576,No significant trend,17.767916666666665,3.781407342915539
101_66,0.37849462365591396,0.002935879872567604,0.1105882352941177,Increasing,16.317419354838712,2.0750063625894453
101_660,0.053763440860215055,0.6833368087995224,0.018965517241379334,No significant trend,27.82225806451613,2.936059142497204
101_661,0.5052910052910053,0.00017421647101034665,0.37000000000000055,Increasing,25.195714285714285,4.161713613895318
101_662,0.2766798418972332,0.06840621923054635,0.2164285714285715,No significant trend,18.758695652173913,3.748906280327203
101_663,0.4752688172043011,0.00018459819815141998,0.45222222222222225,Increasing,30.616774193548384,5.821800180022346
101_664,-0.06451612903225806,0.6220860087372633,-0.041000000000000016,No significant trend,20.66225806451613,2.9860111592356997
101_665,-0.535483870967742,2.4965491662198858e-05,-0.2649999999999997,Decreasing,20.32354838709678,3.0110329900241095
101_666,-0.33763440860215055,0.008014910367279748,-0.10714285714285714,Decreasing,16.284193548387098,1.7961909054971394
101_667,0.2,0.11789500171022893,0.11458333333333333,No significant trend,16.919677419354837,2.650455206029246
101_668,0.0,1.0,0.0,No significant trend,25.409032258064517,3.0287635663575494
101_669,-0.4967741935483871,9.261151253348032e-05,-0.34615384615384615,Decreasing,45.43387096774194,4.252067184110499
101_67,0.7569892473118279,2.4352428962259864e-09,0.49272727272727274,Increasing,34.15774193548388,4.878536077142747
101_670,-0.17419354838709677,0.1739206495334844,-0.06260869565217397,No significant trend,17.652580645161287,1.9182821073805483
101_671,-0.24086021505376345,0.05921383944155778,-0.06999999999999984,No significant trend,16.906774193548387,1.8459640144271052
101_672,-0.3010752688172043,0.018152045535652528,-0.11444444444444457,Decreasing,21.183548387096774,2.6821519386217174
101_673,0.1827956989247312,0.1533785068859166,0.16090909090909086,No significant trend,22.37193548387097,4.834995025753747
101_674,-0.15698924731182795,0.22104956212356597,-0.0765217391304347,No significant trend,24.953548387096774,2.7120668804046337
101_675,-0.3849462365591398,0.002483355213678262,-0.1350000000000001,Decreasing,18.517419354838708,2.1899123089557064
101_676,0.35268817204301073,0.005598474454852953,0.21842105263157907,Increasing,19.088064516129034,3.610832643994241
101_677,0.1839080459770115,0.15870467504648134,0.10833333333333349,No significant trend,20.857666666666667,3.337866267875665
101_678,0.2860215053763441,0.024862848209154853,0.17999999999999972,Increasing,28.835483870967742,3.2278194364394026
101_679,-0.6817204301075269,7.835865623029292e-08,-0.3878947368421051,Decreasing,32.688709677419354,4.018075885164267
101_68,0.38064516129032255,0.0027772931948595314,0.24600000000000008,Increasing,42.88258064516129,3.5469486820609313
101_680,-0.7462365591397849,4.083862803483385e-09,-0.9928571428571422,Decreasing,47.58354838709678,9.894808527508038
101_681,0.37333333333333335,0.009530847381806318,0.23320512820512823,Increasing,21.658,3.055982984245822
101_682,-0.023655913978494623,0.8650383150743488,-0.008333333333333451,No significant trend,35.531612903225806,3.7788828326714916
101_683,0.12473118279569892,0.33264709898406286,0.046799999999999925,No significant trend,22.975161290322585,2.1373330849263796
101_684,-0.13548387096774195,0.29198463590975887,-0.06181818181818179,No significant trend,24.08290322580645,2.5521176451146848
101_685,-0.11255411255411256,0.48084244507466556,-0.13999999999999702,No significant trend,22.36818181818182,4.434923014975608
101_686,-0.27741935483870966,0.029589571342436338,-0.1269565217391305,Decreasing,18.23354838709677,2.866017297729464
101_687,-0.07526881720430108,0.5633463699559165,-0.024999999999999762,No significant trend,22.032903225806447,2.30316079243201
101_688,-0.25806451612903225,0.0431171263634158,-0.0809090909090908,Decreasing,21.17290322580645,2.1179512217545358
101_689,-0.4752688172043011,0.00018459819815141998,-0.2326666666666668,Decreasing,22.80903225806451,2.726497640940882
101_69,-0.10476190476190476,0.6206907170753546,-0.10714285714285714,No significant trend,15.706,1.7792725105128409
101_690,-0.5913978494623656,3.2082201719685344e-06,-0.28099999999999986,Decreasing,25.180645161290325,3.100112313765496
101_691,-0.40860215053763443,0.0013166634131251964,-0.16947368421052625,Decreasing,24.48870967741935,2.544959270775536
101_692,-0.13333333333333333,0.2998377295670276,-0.0586666666666666,No significant trend,19.579677419354844,2.141033039583203
101_693,0.1032258064516129,0.42438806620665614,0.06428571428571418,No significant trend,25.686774193548384,3.320975747691238
101_694,-0.7741935483870968,1.0493721447346616e-09,-0.6425925925925926,Decreasing,29.521290322580644,6.705505557874107
101_695,0.44086021505376344,0.0005257753160301526,0.595,Increasing,40.91161290322581,7.200564985348066
101_696,0.5665024630541872,1.7422449417159314e-05,0.519711111111111,Increasing,19.8448275862069,5.091665685513152
101_697,0.03557312252964427,0.8326659395181515,0.030909090909090896,No significant trend,16.70130434782609,3.1020796731671396
101_698,0.16344086021505377,0.2024043739887733,0.07875000000000032,No significant trend,21.870322580645166,2.7581123557443177
101_699,-0.18840579710144928,0.20586252630799207,-0.11461111111111108,No significant trend,16.700833333333335,2.711447824605068
101_7,0.017204301075268817,0.9052952265477159,0.011249999999999982,No significant trend,17.87096774193548,1.7575135567571658
101_70,0.4603174603174603,0.0006311141915491536,0.24690476190476185,Increasing,21.01,2.807959350540124
101_700,0.49538461538461537,0.0004208556852847156,0.5310526315789473,Increasing,20.05384615384616,5.182499454097026
101_701,0.32019704433497537,0.015529473461965315,0.1318198529411764,Increasing,17.411034482758623,2.186326386378863
101_702,0.5608465608465608,3.0644186301609366e-05,0.5329761904761905,Increasing,17.105,5.240560561619338
101_703,0.12873563218390804,0.32646616711742227,0.08300000000000018,No significant trend,20.73966666666667,3.4065304767297904
101_704,-0.3741935483870968,0.0032780980642772573,-0.10599999999999994,Decreasing,20.526451612903227,1.6472940634657969
101_705,0.5440860215053763,1.843097094700319e-05,0.2672727272727274,Increasing,19.279999999999998,3.2841820310243506
101_706,-0.2645161290322581,0.038119926564599727,-0.1803333333333332,Decreasing,35.90193548387097,4.049180259019251
101_707,0.1870967741935484,0.14382566910763628,0.11100000000000029,No significant trend,37.67548387096775,4.261363433721182
101_708,0.5471264367816092,2.3543821941363063e-05,0.33000000000000007,Increasing,29.872999999999994,3.8042153374031464
101_709,-0.11182795698924732,0.3860421406420662,-0.055384615384615296,No significant trend,21.484193548387093,2.319867591040138
101_71,-0.6172043010752688,1.1680885727560764e-06,-0.65,Decreasing,38.47709677419355,7.067156746139548
101_710,0.16559139784946236,0.19645146482180031,0.043333333333333,No significant trend,20.635161290322582,1.8879582263143462
101_711,-0.19704433497536947,0.13837039523899164,-0.10399209486166008,No significant trend,30.244137931034484,3.272208488890666
101_712,-0.24301075268817204,0.05696246823315332,-0.0876923076923076,No significant trend,18.42548387096774,2.5491932167239635
101_713,-0.16091954022988506,0.21831121810764875,-0.08615384615384623,No significant trend,20.585333333333335,2.873173313409564
101_714,0.1632183908045977,0.21171183194124232,0.07428571428571422,No significant trend,22.52566666666667,3.0532678486427547
101_715,-0.0812807881773399,0.5483343190497294,-0.050588235294117524,No significant trend,21.791724137931034,4.0647942383055735
101_716,0.22413793103448276,0.09136793744862515,0.09562499999999963,No significant trend,18.526896551724136,2.230794049827713
101_717,-0.10967741935483871,0.3954246967469044,-0.03722222222222212,No significant trend,18.910967741935483,1.7994467874585514
101_718,-0.16129032258064516,0.20848766222654147,-0.03500000000000014,No significant trend,17.848064516129032,1.4503045716939527
101_719,0.7666666666666667,4.1845028615705715e-05,0.6791428571428573,Increasing,20.28875,3.6587290740775
101_72,0.060215053763440864,0.6463036389969625,0.027777777777777776,No significant trend,41.380322580645164,3.055409252848682
101_720,-0.43333333333333335,0.0025885719761729042,-0.22025000000000014,Decreasing,17.723599999999998,2.908417961710455
101_721,-0.5720430107526882,6.667035368224106e-06,-0.23473684210526322,Decreasing,22.25677419354839,2.6159071541883954
101_722,0.26021505376344084,0.04139316901026291,0.1466666666666666,Increasing,19.616129032258065,3.220932220716147
101_723,-0.03225806451612903,0.8119200006410021,-0.015000000000000036,No significant trend,17.497419354838712,1.5079380661148831
101_724,0.3253968253968254,0.015939609790324827,0.12016042780748676,Increasing,19.634642857142858,1.9316877929913614
101_725,0.24086021505376345,0.05921383944155778,0.11875000000000006,No significant trend,21.620322580645166,2.8624504321624316
101_726,-0.35913978494623655,0.004781376457623443,-0.1392307692307694,Decreasing,20.571290322580648,2.1824338913026318
101_727,0.3311827956989247,0.009310109795033439,0.09500000000000004,Increasing,19.70935483870968,1.6895025713521776
101_728,-0.11397849462365592,0.3767967991819643,-0.027222222222222134,No significant trend,16.922258064516125,1.6063236119493265
101_729,0.2946236559139785,0.020804552083621086,0.1514285714285715,Increasing,19.096774193548388,2.860348937767146
101_73,0.44,0.0017486569672595653,0.30357142857142844,Increasing,17.266923076923078,3.8427481844986224
101_730,-0.42795698924731185,0.0007646309234956572,-0.13866666666666655,Decreasing,19.604193548387094,1.9287632243078068
101_731,-0.09462365591397849,0.46487326576717747,-0.03473684210526316,No significant trend,22.1516129032258,1.6839682335027613
101_732,-0.12561576354679804,0.34829421412482797,-0.057008928571428474,No significant trend,20.181379310344827,2.195030003939041
101_733,-0.06896551724137931,0.604884009383966,-0.03999999999999998,No significant trend,19.45733333333333,3.8245783500348844
101_734,0.5197044334975369,8.175614866723357e-05,0.2717142857142856,Increasing,18.821379310344824,3.076932781014607
101_735,0.42165242165242167,0.002180372618665327,0.22294117647058828,Increasing,18.331111111111113,3.3686290577021185
101_736,-0.3507692307692308,0.012749342831694932,-0.14050000000000012,Decreasing,21.879230769230766,2.088904613716744
101_737,0.6903225806451613,5.362454658097704e-08,0.48000000000000015,Increasing,40.87032258064516,4.453196375689923
101_738,0.5526881720430108,1.354669150632759e-05,0.3860000000000002,Increasing,34.91129032258065,4.844035069487263
101_739,0.535632183908046,3.4864178955151814e-05,0.7706666666666668,Increasing,38.23733333333333,8.424670095749876
101_74,0.023655913978494623,0.8650383150743488,0.011249999999999982,No significant trend,17.005483870967744,3.626902027110187
101_740,0.0967741935483871,0.45455525621868187,0.058571428571428594,No significant trend,31.909677419354836,2.7721535635337187
101_741,0.567741935483871,7.819851200352446e-06,0.24583333333333343,Increasing,23.412258064516127,2.8798126167506544
101_742,0.23010752688172043,0.07160518117391312,0.09909090909090908,No significant trend,19.55806451612903,2.5673965969752803
101_743,0.5494505494505495,0.0073074235451335845,0.3099999999999999,Increasing,14.809285714285716,2.1026325821479612
101_744,-0.029885057471264367,0.8304750241244809,-0.02000000000000008,No significant trend,22.606999999999996,2.861376300547227
101_745,-0.3842364532019704,0.003643308280238511,-0.2305555555555555,Decreasing,18.107931034482753,2.8658108069882515
101_746,0.15268817204301074,0.2341449862943059,0.07045454545454549,No significant trend,24.09129032258064,2.6759945295468026
101_747,0.41830065359477125,0.01701908553354614,0.4499999999999999,Increasing,13.982777777777779,3.813073717204993
101_748,0.3032258064516129,0.017336219440732936,0.12227272727272732,Increasing,19.07548387096774,2.8997150457439864
101_749,-0.8365591397849462,4.263767117151929e-11,-1.485,Decreasing,35.57709677419354,14.400078896188075
101_75,-0.39770114942528734,0.0021502307218466132,-0.24307692307692308,Decreasing,15.883333333333335,3.491263699897535
101_750,-0.33793103448275863,0.009193044503264414,-0.293333333333333,Decreasing,21.388999999999996,4.830677212703549
101_751,0.5440860215053763,1.843097094700319e-05,0.6423076923076925,Increasing,37.98806451612902,7.658427539837042
101_752,0.6516129032258065,2.852843357104007e-07,0.6007692307692309,Increasing,38.424193548387095,6.771691919041355
101_753,0.5440860215053763,1.843097094700319e-05,0.3433333333333333,Increasing,29.329677419354837,3.814358681876449
101_754,0.11182795698924732,0.3860421406420662,0.07199999999999988,No significant trend,30.24225806451613,2.774294109205159
101_755,-0.6758893280632411,7.129757994661645e-06,-0.5583333333333336,Decreasing,28.198695652173914,4.243480220954644
101_756,0.20615384615384616,0.1457406036479898,0.2971428571428569,No significant trend,40.669999999999995,6.057436624640695
101_757,0.6602150537634408,1.9832196151980952e-07,0.6042857142857149,Increasing,26.173870967741937,5.356324376105349
101_758,0.7784946236559139,8.47815373461458e-10,0.4294736842105261,Increasing,26.32,4.0329393746993025
101_759,0.34782608695652173,0.0215783168006054,0.26125,Increasing,21.268695652173914,3.2225581309531717
101_76,-0.4129032258064516,0.001169091409425116,-0.20619047619047612,Decreasing,25.733870967741943,3.060915609821259
101_760,0.5225806451612903,3.903255135684347e-05,0.3100000000000001,Increasing,18.893870967741933,3.441193226492862
101_761,0.580952380952381,0.00025835980497745936,1.0211263736263736,Increasing,19.440952380952382,8.212535079152104
101_762,0.38461538461538464,0.006273131918895336,0.41250000000000053,Increasing,19.270384615384618,5.171131761831722
101_763,-0.0718954248366013,0.7048534612178423,-0.04874999999999963,No significant trend,31.214999999999993,3.2636146456889725
101_764,-0.4368421052631579,0.0078040644595023245,-0.577,Decreasing,26.744000000000007,4.382695973941154
101_765,-0.5272727272727272,0.02927250918630464,-1.7599999999999993,Decreasing,38.73727272727273,7.258568718053907
101_766,-0.26881720430107525,0.035069438571895484,-0.07285714285714291,Decreasing,22.95193548387097,1.734485922454405
101_767,0.35913978494623655,0.004781376457623443,0.3700000000000001,Increasing,22.503548387096775,10.917796820281508
101_768,-0.39692307692307693,0.004782669315397836,-0.1366666666666664,Decreasing,9.231153846153846,1.6954357890503844
101_769,0.3057471264367816,0.01852190355643346,0.12888888888888897,Increasing,17.586666666666666,2.409672637978492
101_77,0.49195402298850577,0.00014461459569914403,0.25,Increasing,19.825,2.9171650050462805
101_770,-0.4630541871921182,0.0004519006683851856,-0.5748076923076924,Decreasing,23.674482758620687,6.395602253168752
101_771,-0.23225806451612904,0.06896994111977195,-0.11799999999999997,No significant trend,43.30935483870969,3.0910744926725364
101_772,-0.5655172413793104,1.2364900059846917e-05,-0.5685714285714292,Decreasing,44.83533333333334,5.658388306065803
101_773,0.04367816091954023,0.7481053914270006,0.012307692307692318,No significant trend,22.05633333333333,2.27007412996923
101_774,-0.44731182795698926,0.0004343893018272649,-0.4682142857142857,Decreasing,33.97451612903226,5.718498471265764
101_775,0.25161290322580643,0.04865707312578982,0.12480000000000004,Increasing,23.522580645161288,3.0113955266105292
101_776,0.421505376344086,0.0009187244818718021,0.3145833333333334,Increasing,30.425161290322578,4.380485958435428
101_777,-0.1053763440860215,0.4145985082462331,-0.08285714285714262,No significant trend,34.79258064516129,3.7996052152669035
101_778,0.15483870967741936,0.22753013024096425,0.0723076923076924,No significant trend,19.754516129032258,2.1383078005141947
101_779,0.16551724137931034,0.20525785795158535,0.06833333333333336,No significant trend,21.521666666666665,2.3243810406691545
101_78,0.4584615384615385,0.0011057080962590948,0.24624999999999986,Increasing,27.639230769230775,3.409223826707732
101_780,-0.8580645161290322,1.3370193840955835e-11,-0.8773913043478262,Decreasing,30.82225806451613,8.028847066903522
101_781,0.4942528735632184,0.00013454848403249287,0.31291666666666673,Increasing,16.774,3.9744589568896043
101_782,-0.5913978494623656,3.2082201719685344e-06,-0.3539999999999999,Decreasing,22.114838709677418,4.0954907311363975
101_783,0.17419354838709677,0.1739206495334844,0.07714285714285715,No significant trend,16.61774193548387,2.8237663131830195
101_784,-0.034408602150537634,0.7987646104203716,-0.022857142857142878,No significant trend,19.903225806451616,2.1633835313809144
101_785,-0.12688172043010754,0.3242351019547285,-0.11624999999999996,No significant trend,31.551612903225802,5.278420521803354
101_786,-0.10967741935483871,0.3954246967469044,-0.10615384615384635,No significant trend,37.04387096774193,5.800332958974303
101_787,0.3333333333333333,0.010196053861281307,0.18428571428571416,Increasing,19.19366666666667,2.824674002822666
101_788,-0.589247311827957,3.4837237237184127e-06,-0.3832000000000001,Decreasing,26.03677419354839,4.210916984724022
101_789,0.2731182795698925,0.032229828676073824,0.16499999999999915,Increasing,33.61290322580645,2.8539538996981886
101_79,0.44516129032258067,0.000463060547241545,0.2621428571428571,Increasing,17.924193548387095,3.608041890710204
101_790,0.39076923076923076,0.0054823458538613146,0.1620000000000001,Increasing,19.588461538461537,3.0763761052297234
101_791,0.24731182795698925,0.05267307614212502,0.16571428571428523,No significant trend,40.150967741935496,3.924828621562582
101_792,-0.32608695652173914,0.02727273655786444,-0.4128846153846154,Decreasing,46.88583333333333,5.620922905142496
101_793,0.5287356321839081,4.3963799136514936e-05,0.2618181818181817,Increasing,24.84233333333333,3.033981634017509
101_794,0.08262108262108261,0.5594130972023401,0.035238095238095166,No significant trend,19.30222222222222,2.2077126311475403
101_795,0.08602150537634409,0.5074200543722851,0.1543333333333334,No significant trend,49.360967741935475,8.623712378813883
101_796,0.43915343915343913,0.0011148069421513807,0.3301666666666666,Increasing,19.59107142857143,3.7997625295026323
101_797,0.14942528735632185,0.2535263593015791,0.332,No significant trend,42.71533333333333,7.9903348838177966
101_798,-0.25161290322580643,0.04865707312578982,-0.22062500000000007,Decreasing,45.179677419354846,4.630450047012408
101_799,-0.6365591397849463,5.332578838501689e-07,-0.6399999999999999,Decreasing,46.702903225806445,6.270377461266888
101_8,0.1383399209486166,0.3692092650321579,0.151578947368421,No significant trend,17.135652173913044,3.6062889827138234
101_80,-0.18,0.2157852878709825,-0.15386513157894743,No significant trend,20.692000000000004,3.861933194657827
101_800,-0.3333333333333333,0.008858992984779324,-0.3500000000000014,Decreasing,44.06129032258064,5.672890110519979
101_801,-0.7569892473118279,2.4352428962259864e-09,-0.8666666666666671,Decreasing,55.24516129032258,8.653639126707084
101_802,-0.44664031620553357,0.003096711402745367,-0.9416666666666664,Decreasing,47.21260869565218,9.07508831787965
101_803,0.12688172043010754,0.3242351019547285,0.16400000000000006,No significant trend,46.17096774193549,5.870369200258747
101_804,-0.7161290322580646,1.672965166399365e-08,-0.6670833333333334,Decreasing,35.501612903225805,8.06376646838236
101_805,0.08505747126436781,0.5206932698330875,0.04799999999999969,No significant trend,28.69733333333333,3.7914614010372776
101_806,0.02795698924731183,0.8383870987564421,0.025714285714285672,No significant trend,33.43064516129033,4.383905267021463
101_807,0.060215053763440864,0.6463036389969625,0.045999999999999944,No significant trend,43.9741935483871,3.917463608488194
101_808,0.16129032258064516,0.20848766222654147,0.14699999999999988,No significant trend,40.114838709677414,4.854109579798864
101_809,0.22528735632183908,0.08352670005142548,0.26727272727272705,No significant trend,41.91599999999999,5.6121645259798525
101_81,-0.10837438423645321,0.41989889923791557,-0.06472222222222222,No significant trend,18.628275862068968,3.608401182839003
101_810,-0.45376344086021503,0.00035800799918561665,-0.41440000000000027,Decreasing,44.72096774193548,5.972558405087826
101_811,0.16129032258064516,0.20848766222654147,0.11000000000000121,No significant trend,41.5841935483871,3.791331176720293
101_812,-0.5889328063241107,9.277585144285005e-05,-0.375,Decreasing,15.764347826086958,3.197648356128578
101_813,-0.39076923076923076,0.0054823458538613146,-0.6108333333333332,Decreasing,62.391923076923085,11.393723649863878
101_814,0.6365591397849463,5.332578838501689e-07,0.7525000000000007,Increasing,70.5858064516129,8.130479799433157
101_815,0.05591397849462366,0.6709019753135215,0.03999999999999915,No significant trend,40.21548387096774,4.521370644816058
101_816,0.43870967741935485,0.0005600206571134692,0.26772727272727276,Increasing,43.938709677419354,3.755913824576954
101_817,0.29195402298850576,0.024578108913372976,0.21999999999999886,Increasing,42.00233333333334,4.516724243175454
101_818,0.16559139784946236,0.19645146482180031,0.11142857142857142,No significant trend,24.852903225806454,3.482646559033932
101_819,-0.1978494623655914,0.12194188920122184,-0.0749999999999998,No significant trend,38.18677419354839,2.4806403792059277
101_82,-0.6301075268817204,6.942911805474239e-07,-0.3924999999999999,Decreasing,28.01129032258064,4.091535512640293
101_820,-0.3333333333333333,0.010196053861281307,-0.09227272727272716,Decreasing,21.157666666666664,1.7049646786826864
101_821,-0.015053763440860216,0.9187737391879132,-0.008571428571428643,No significant trend,32.714838709677416,3.32050605448272
101_822,-0.23010752688172043,0.07160518117391312,-0.09379310344827582,No significant trend,20.039032258064516,2.216978989000368
101_823,0.03655913978494624,0.7856661000859302,0.015333333333333362,No significant trend,23.93548387096774,2.5671169202040485
101_824,0.4666666666666667,0.0003134918703511236,0.4090909090909091,Increasing,24.514333333333333,5.380080967998737
101_825,-0.7037037037037037,2.923084081452032e-07,-1.0750000000000002,Decreasing,34.88185185185185,8.76833952650821
101_826,0.15483870967741936,0.22753013024096425,0.11631578947368426,No significant trend,46.73935483870967,4.013927314612549
101_827,0.6709677419354839,1.2509800617621636e-07,0.6353333333333334,Increasing,37.70774193548388,6.466785964263565
101_828,0.12258064516129032,0.34119875170636194,0.04965517241379315,No significant trend,27.938064516129028,2.616298073374075
101_829,0.35333333333333333,0.014195743882660095,0.24252525252525242,Increasing,16.5044,3.5482018882808792
101_83,-0.4666666666666667,0.0002413897092941042,-0.29999999999999954,Decreasing,25.611290322580643,3.9370397770451064
101_830,0.6236559139784946,9.016837949626932e-07,0.6072727272727275,Increasing,38.425161290322585,6.3584649552300485
101_831,-0.6091954022988506,2.4767767645705874e-06,-0.7268749999999999,Decreasing,31.622666666666667,7.601559021382098
101_832,-0.15268817204301074,0.2341449862943059,-0.09961538461538447,No significant trend,42.98322580645161,3.436620984007565
101_833,-0.36091954022988504,0.0053825476031263975,-0.3654166666666668,Decreasing,29.552333333333333,5.979423987494299
101_834,0.4276923076923077,0.002352196545423846,0.22714285714285712,Increasing,23.745,4.2703064653128004
101_835,0.03076923076923077,0.8427524920264726,0.0168181818181817,No significant trend,26.399615384615384,2.7866253105327554
101_836,-0.030107526881720432,0.8251287015820885,-0.010999999999999944,No significant trend,21.544838709677418,2.062028238860079
101_837,0.2645161290322581,0.038119926564599727,0.10916666666666656,Increasing,18.505806451612905,2.4625580382137757
101_838,0.03333333333333333,0.8925584658515613,0.03708333333333328,No significant trend,12.537500000000001,2.0622090703902938
101_839,0.2276923076923077,0.10760908121126733,0.16956521739130428,No significant trend,16.77653846153846,3.8262825324002776
101_84,0.1827956989247312,0.1533785068859166,0.06894736842105256,No significant trend,19.143225806451607,2.266845736739211
101_840,-0.44731182795698926,0.0004343893018272649,-0.15041666666666678,Decreasing,22.670322580645163,2.0307355792214605
101_841,-0.32873563218390806,0.011295345713621785,-0.3471428571428576,Decreasing,37.75966666666667,5.849595133188468
101_842,-0.6137566137566137,5.024647263596194e-06,-0.7597166666666665,Decreasing,30.638928571428576,7.447497345362646
101_843,-0.3978494623655914,0.0017639537009741524,-0.7287499999999998,Decreasing,44.0432258064516,9.026483753323408
101_844,0.6017316017316018,9.970267728132143e-05,0.2727272727272727,Increasing,20.692272727272726,3.165360717370831
101_845,-0.4458128078817734,0.0007342741482312398,-0.22611111111111112,Decreasing,26.13344827586207,2.8780803897881717
101_846,-0.3333333333333333,0.05824026959156137,-0.5650000000000002,No significant trend,29.80611111111111,6.3561275237966575
101_847,0.025806451612903226,0.8516915353162966,0.006666666666666525,No significant trend,17.016451612903225,1.510091961282377
101_848,0.2537634408602151,0.04674749402400602,0.07850000000000001,Increasing,24.294838709677425,2.138419481114788
101_849,-0.1827956989247312,0.1533785068859166,-0.06235294117647072,No significant trend,23.847096774193545,1.8802302425044395
101_85,-0.46436781609195404,0.0003357281778226806,-0.22538461538461535,Decreasing,21.743666666666666,3.2131972481557303
101_850,0.6,1.902292520972182e-05,0.28999999999999915,Increasing,19.697307692307696,2.7507111775409134
101_851,0.410752688172043,0.0012408530273542162,0.14840000000000003,Increasing,19.674193548387095,2.2864337270836157
101_852,-0.25161290322580643,0.04865707312578982,-0.11000000000000003,Decreasing,21.357741935483876,2.232375719442752
101_853,-0.08275862068965517,0.532341233012158,-0.05333333333333338,No significant trend,22.909,3.657923226823293
101_854,-0.3913978494623656,0.002095506748773568,-0.17647058823529413,Decreasing,29.362580645161295,2.4672028928452763
101_855,-0.11182795698924732,0.3860421406420662,-0.02684210526315779,No significant trend,18.135161290322582,1.6945507939687938
101_856,0.16,0.26096250848546054,0.0971428571428571,No significant trend,19.84307692307692,2.9600113945086934
101_857,-0.458128078817734,0.0005199907170403417,-0.4120813397129187,Decreasing,25.216206896551725,5.973529779465348
101_858,0.1913978494623656,0.13473584102323688,0.09272727272727269,No significant trend,21.530322580645162,2.2128940091973965
101_859,0.19310344827586207,0.13865839096227162,0.041874999999999885,No significant trend,15.848333333333334,1.2179903758058004
101_86,-0.7354838709677419,6.800509932958221e-09,-0.5100000000000003,Decreasing,32.73483870967742,4.9782234627378035
101_860,-0.7247311827956989,1.1244890574246824e-08,-0.4627777777777779,Decreasing,32.88516129032258,4.543549039815818
101_861,0.10967741935483871,0.3954246967469044,0.0727272727272728,No significant trend,41.25677419354838,4.023866209454794
101_862,0.4,0.002025290613728581,0.32142857142857145,Increasing,37.21233333333332,3.739340123010416
101_863,0.5698924731182796,7.221474918273074e-06,0.362222222222222,Increasing,41.045806451612904,4.103784857431905
101_864,0.5612903225806452,9.91272679740085e-06,0.5746153846153845,Increasing,41.39806451612904,6.1361679853329285
101_865,0.1053763440860215,0.4145985082462331,0.034285714285714065,No significant trend,17.754193548387097,2.04680990843036
101_866,-0.3103448275862069,0.01903944663470547,-0.20845238095238078,Decreasing,22.719999999999995,3.9056855109372064
101_867,-0.4989247311827957,8.630833449374542e-05,-0.23307692307692301,Decreasing,18.515161290322578,2.796697212171185
101_868,-0.567741935483871,7.819851200352446e-06,-0.33999999999999986,Decreasing,24.752580645161288,3.8772420924539084
101_869,-0.4881720430107527,0.00012243917739440668,-0.19666666666666663,Decreasing,18.37483870967742,2.7229572052691844
101_870,-0.7763440860215054,9.433585024254398e-10,-0.3841666666666666,Decreasing,24.66709677419355,4.0446094700018085
101_871,-0.6494623655913978,3.1221288576688266e-07,-0.5231818181818183,Decreasing,23.37774193548387,5.410697116660793
101_872,-0.8279569892473119,6.726863510664316e-11,-0.34666666666666696,Decreasing,21.843548387096778,3.2078950473410854
101_873,-0.7333333333333333,7.524344702858343e-09,-0.4474999999999998,Decreasing,23.575806451612905,4.823486741936355
101_874,-0.8236559139784946,8.434986042971104e-11,-1.0,Decreasing,29.071935483870966,9.619965602297446
101_875,-0.9118279569892473,6.503686478254167e-13,-0.8940000000000001,Decreasing,26.79806451612903,8.287555544252086
101_876,-0.5816091954022988,6.926332824397363e-06,-0.3949999999999996,Decreasing,23.10000000000001,4.189929991459683
101_877,-0.6860215053763441,6.48588167617703e-08,-0.21833333333333313,Decreasing,21.40774193548387,2.2881936948203507
101_878,0.01839080459770115,0.9006128384732583,0.006666666666666525,No significant trend,16.94033333333333,2.1892456590240292
101_879,-0.5397849462365591,2.146270321023991e-05,-0.24000000000000005,Decreasing,20.333870967741934,2.899378885008744
101_880,-0.7978494623655914,3.2018854234650007e-10,-0.5640000000000001,Decreasing,27.66677419354838,5.509495841987942
101_881,-0.6967741935483871,4.022918975721268e-08,-0.60625,Decreasing,30.306451612903224,6.349671339418004
101_882,-0.3913978494623656,0.002095506748773568,-0.16999999999999993,Decreasing,20.44193548387097,2.4916200447601504
101_883,-0.5612903225806452,9.91272679740085e-06,-0.24399999999999977,Decreasing,19.86806451612903,3.1938655104846663
101_884,-0.1103448275862069,0.4017339722220903,-0.07076923076923076,No significant trend,20.07133333333333,2.8210349558667684
101_885,-0.21904761904761905,0.2762784158080178,-0.13444444444444453,No significant trend,25.817999999999998,3.0388467110621646
101_886,-0.41935483870967744,0.0009761747063838921,-0.20923076923076914,Decreasing,17.74935483870968,2.7818199374531902
101_887,-0.7462365591397849,4.083862803483385e-09,-0.37636363636363623,Decreasing,25.644516129032258,3.7385289833592665
101_888,-0.5954022988505747,4.164762371638986e-06,-0.49666666666666676,Decreasing,22.272,5.369374513541281
101_889,-0.4967741935483871,9.261151253348032e-05,-0.4666666666666662,Decreasing,31.02290322580645,5.308940841787795
101_89,0.32413793103448274,0.012498629719276622,0.2381818181818181,Increasing,17.821,3.7846905201526493
101_890,-0.8301075268817204,6.004707842066637e-11,-0.6657894736842105,Decreasing,25.390967741935487,6.330651678648792
101_891,0.43333333333333335,0.006573284569783899,0.3283333333333319,Increasing,14.748095238095237,3.0928452289077324
101_892,0.07741935483870968,0.551927301016857,0.025999999999999978,No significant trend,18.56903225806452,2.304145429492188
101_894,0.4729064039408867,0.0003399441356934929,0.32693181818181805,Increasing,21.41034482758621,3.782405258068779
101_895,0.28654970760233917,0.09309214399370513,0.48499999999999943,No significant trend,14.36421052631579,5.385877552294542
101_896,0.19576719576719576,0.1492386498370859,0.16730519480519473,No significant trend,21.78607142857143,3.342534687591903
101_897,0.5741935483870968,6.153454805701841e-06,0.47749999999999976,Increasing,41.82612903225806,5.567664523066668
101_898,0.24301075268817204,0.05696246823315332,0.17857142857142858,No significant trend,36.07774193548387,4.543031323997455
101_899,0.5182795698924731,4.5202596182347676e-05,0.29818181818181827,Increasing,28.887096774193544,3.2997773077826533
101_9,0.4492753623188406,0.002281249640504912,0.28372670807453415,Increasing,13.230833333333337,3.2950605920916773
101_90,-0.5053763440860215,6.974277946447671e-05,-0.16411764705882348,Decreasing,27.48516129032258,2.225543602993242
101_900,0.30434782608695654,0.039516712961947364,0.20374999999999965,Increasing,17.9325,3.128750083233452
101_901,0.7139784946236559,1.846351960210768e-08,0.46999999999999986,Increasing,25.46032258064516,4.546534649081273
101_902,0.18518518518518517,0.1728195361124838,0.11315476190476174,No significant trend,29.18892857142857,2.873212909526439
101_903,0.5123152709359606,0.00010321004155233737,0.23460416666666642,Increasing,30.71379310344827,2.810300528527526
101_904,0.4630541871921182,0.0004519006683851856,0.5582142857142856,Increasing,25.184827586206893,7.629287317323519
101_905,-0.1425287356321839,0.27646141460796736,-0.0932142857142857,No significant trend,31.294,2.891804050530856
101_906,0.30752688172043013,0.015800509032550147,0.10851851851851851,Increasing,23.90290322580645,2.0591404306689234
101_907,-0.26108374384236455,0.04888463391618103,-0.11111111111111122,Decreasing,23.969655172413795,2.3370693153054343
101_908,0.49333333333333335,0.0005965451621383622,0.554,Increasing,31.053199999999997,5.384396508430633
101_909,0.48412698412698413,0.0003235371823069322,0.4546428571428571,Increasing,23.168928571428573,5.175834190381926
101_91,-0.025806451612903226,0.8516915353162966,-0.01947368421052618,No significant trend,34.86032258064516,3.1334990066974635
101_910,0.2021505376344086,0.11395424835779155,0.14299999999999996,No significant trend,30.05096774193548,3.5469472151903414
101_911,-0.5182795698924731,4.5202596182347676e-05,-0.3839999999999999,Decreasing,40.25193548387097,4.78925573001177
101_912,-0.47586206896551725,0.00023761439944935958,-0.4227272727272726,Decreasing,41.07899999999999,5.0013960384409994
101_913,-0.4774193548387097,0.0001725072317639853,-0.32866666666666666,Decreasing,47.14612903225807,4.5630392230499845
101_914,0.3053763440860215,0.016552728702838415,0.2526666666666669,Increasing,30.094516129032257,4.151096892512891
101_915,0.07956989247311828,0.5406231028187141,0.04499999999999993,No significant trend,31.169032258064508,2.589046847703722
101_916,-0.3935483870967742,0.0019791198223833018,-0.19409090909090906,Decreasing,19.764838709677417,3.4049374689608944
101_917,-0.3935483870967742,0.0019791198223833018,-0.1855555555555556,Decreasing,25.021290322580644,3.1346695477796884
101_918,-0.30114942528735633,0.020376931601497006,-0.16874999999999996,Decreasing,19.96333333333333,3.0773888643169913
101_919,0.10541310541310542,0.45296039168917024,0.1169230769230769,No significant trend,23.889629629629635,5.416056705131156
101_92,-0.05665024630541872,0.6798430140521747,-0.022756410256410193,No significant trend,27.69551724137931,3.601013828705788
101_920,0.15268817204301074,0.2341449862943059,0.08153846153846171,No significant trend,24.4941935483871,2.9195976017402483
101_921,0.33763440860215055,0.008014910367279748,0.33750000000000036,Increasing,31.208709677419353,5.090832837584527
101_922,-0.1978494623655914,0.12194188920122184,-0.21875,No significant trend,52.48903225806452,6.11806808788458
101_923,0.5505376344086022,1.4636673522749888e-05,0.3627272727272729,Increasing,31.92290322580645,3.6247128416169945
101_924,-0.4236559139784946,0.0008644209634274258,-0.3140740740740742,Decreasing,50.171612903225814,4.590804340779226
101_925,0.2537634408602151,0.04674749402400602,0.19769230769230772,Increasing,36.51741935483871,3.6877976360948383
101_926,-0.7096774193548387,2.2470017180253876e-08,-0.7336363636363636,Decreasing,36.76935483870968,7.3434187939791995
101_927,-0.8114942528735632,3.3847968872180445e-10,-1.0188235294117647,Decreasing,33.91633333333334,9.600734514724497
101_928,-0.5548387096774193,1.2534406496733652e-05,-0.47777777777777775,Decreasing,47.93774193548387,5.362383743940159
101_929,-0.2731182795698925,0.032229828676073824,-0.2096153846153846,Decreasing,18.814838709677424,3.402129191918138
101_93,0.5541871921182266,2.6479418574476554e-05,0.3863425925925926,Increasing,32.38103448275862,4.574224897466678
101_930,-0.0967741935483871,0.45455525621868187,-0.04480000000000004,No significant trend,19.541612903225804,2.6047303083406437
101_931,0.167816091954023,0.1989481007752456,0.09181818181818197,No significant trend,24.372333333333334,3.2368108618755524
101_932,0.1010752688172043,0.43431144285625,0.06624999999999999,No significant trend,30.664516129032254,3.4506762672486033
101_933,-0.06236559139784946,0.6341458536966633,-0.08714285714285706,No significant trend,51.2283870967742,7.323209721450673
101_934,-0.7118279569892473,2.0371358155912844e-08,-0.4382352941176472,Decreasing,30.035161290322588,4.41892474949816
101_935,-0.08387096774193549,0.5183675363290698,-0.11043478260869592,No significant trend,43.0758064516129,5.03330185618171
101_936,-0.11827956989247312,0.3587201702049656,-0.04812499999999997,No significant trend,27.76548387096774,1.9885735505303508
101_937,-0.08994708994708994,0.5144236588926046,-0.07043421052631588,No significant trend,22.669642857142858,3.7513107063140105
101_938,-0.33763440860215055,0.008014910367279748,-0.12666666666666673,Decreasing,21.20612903225807,2.0419703915886904
101_939,-0.3741935483870968,0.0032780980642772573,-0.16680000000000006,Decreasing,20.471612903225804,2.2553936739180673
101_94,-0.0291005291005291,0.8433852684296161,-0.030000000000000013,No significant trend,21.62428571428572,4.130429265629343
101_940,0.20430107526881722,0.1101179540129047,0.06769230769230762,No significant trend,19.084516129032263,1.7690490222965107
101_941,-0.6243386243386243,3.4374885653498666e-06,-0.46392857142857163,Decreasing,25.512857142857143,4.516695898190922
101_942,0.35913978494623655,0.004781376457623443,0.17636363636363647,Increasing,17.937741935483874,2.4837338043401633
101_943,0.16989247311827957,0.18493228677225515,0.06359999999999999,No significant trend,19.40225806451613,2.2602065416288974
101_944,0.32193732193732194,0.019551053507286476,0.19722222222222227,Increasing,18.594074074074076,3.0753226380083056
101_945,-0.3939393939393939,0.011154735335949129,-0.30125,Decreasing,21.03590909090909,3.0317646512924523
101_946,-0.36091954022988504,0.0053825476031263975,-0.19111111111111098,Decreasing,20.755999999999997,2.696758053663695
101_947,0.15268817204301074,0.2341449862943059,0.06124999999999995,No significant trend,18.669354838709673,2.7098064869414817
101_948,0.2086021505376344,0.10275196797700414,0.09000000000000002,No significant trend,17.385483870967743,2.527534612519043
101_949,-0.2826086956521739,0.05614106379127515,-0.19046218487394947,No significant trend,14.607499999999996,2.8147990603238444
101_95,-0.6825396825396826,3.8258342316410676e-07,-0.5056818181818179,Decreasing,27.733214285714286,4.74655819182356
101_950,-0.6752688172043011,1.038365675665176e-07,-0.25,Decreasing,21.58225806451613,2.4967290985341646
101_951,-0.018518518518518517,0.9056405027223156,-0.010139318885448846,No significant trend,14.986785714285714,3.219427692675726
101_952,-0.3720430107526882,0.0034624952577932966,-0.19166666666666674,Decreasing,22.897419354838707,2.733236257085133
101_953,0.09462365591397849,0.46487326576717747,0.039000000000000055,No significant trend,20.929032258064517,2.1874028713385334
101_954,-0.3548387096774194,0.005313081962207367,-0.13545454545454547,Decreasing,19.871612903225806,2.456538473036994
101_955,0.07936507936507936,0.566685952792318,0.031125000000000024,No significant trend,16.7275,2.555016948504033
101_956,-0.5816091954022988,6.926332824397363e-06,-0.43760000000000004,Decreasing,22.412666666666663,4.485514413705027
101_957,-0.5726495726495726,3.054267084956486e-05,-0.5133333333333331,Decreasing,25.791851851851852,5.079694535170861
101_958,-0.47384615384615386,0.0007452770499547512,-0.46000000000000085,Decreasing,24.433461538461533,5.112067128417211
101_959,-0.2172043010752688,0.08919834224618706,-0.12555555555555564,No significant trend,21.119354838709683,2.692962076423883
101_96,-0.2967741935483871,0.019885085312989492,-0.2585714285714285,Decreasing,25.680967741935483,4.5333690063071765
101_960,-0.13118279569892474,0.30783043013369626,-0.03159999999999997,No significant trend,23.16032258064516,2.3384120389023964
101_961,-0.46206896551724136,0.0003594335929295589,-0.2709999999999999,Decreasing,22.909333333333333,3.3760222484785585
101_962,0.580952380952381,0.002985470891268882,0.69875,Increasing,15.631333333333336,3.417870422093591
101_963,0.2512315270935961,0.058150155399916414,0.08756410256410248,No significant trend,22.41137931034482,1.9716275862551433
101_964,-0.5862068965517241,8.762216987534543e-06,-0.25973684210526304,Decreasing,21.04655172413793,2.8971297042394704
101_965,0.30735930735930733,0.04839822318129827,0.21999999999999975,Increasing,18.695454545454545,2.7663032885599366
101_966,-0.5655913978494623,8.465459469420011e-06,-0.32222222222222247,Decreasing,22.687419354838706,3.9410306231401724
101_967,-0.6086021505376344,1.6431415847950603e-06,-0.1558333333333334,Decreasing,24.080967741935485,1.8287124940941897
101_968,0.3842364532019704,0.003643308280238511,0.2424038461538462,Increasing,18.88034482758621,4.07562348330236
101_969,0.010752688172043012,0.9457970432721066,0.005999999999999872,No significant trend,21.32322580645161,2.181927805636897
101_97,0.1632183908045977,0.21171183194124232,0.10266666666666685,No significant trend,23.286666666666665,4.21399836523725
101_970,0.4731182795698925,0.00019748250781770338,0.2841666666666667,Increasing,19.046774193548384,3.738860777931345
101_971,0.017204301075268817,0.9052952265477159,0.011249999999999982,No significant trend,18.13774193548387,2.2458114557310966
101_972,0.49673202614379086,0.004499663436874357,0.36307692307692313,Increasing,12.973888888888887,2.902801594798624
101_973,0.07096774193548387,0.5865203757130351,0.02791666666666674,No significant trend,21.51903225806452,2.10346619445559
101_974,0.41578947368421054,0.011385003920118653,0.5041153846153845,Increasing,19.776500000000002,4.972542885687362
101_975,0.6473118279569893,3.4158769013359347e-07,0.24433333333333326,Increasing,19.83290322580645,2.643293636488249
101_976,-0.49032258064516127,0.0001142313991857602,-0.1742857142857143,Decreasing,21.16806451612903,2.4473084878182703
101_977,0.5,0.0005016191668583136,0.37249999999999994,Increasing,17.706400000000002,4.506441505223385
101_978,0.036923076923076927,0.8084260268187058,0.04359999999999999,No significant trend,20.952692307692306,4.001366648930287
101_979,0.36774193548387096,0.003859889400894323,0.18411764705882347,Increasing,24.94645161290323,2.6808021769938226
101_98,0.3161290322580645,0.013083919895177765,0.2549999999999996,Increasing,19.881290322580643,4.54103778243688
101_980,-0.3849462365591398,0.002483355213678262,-0.18000000000000005,Decreasing,21.932580645161288,3.1814836950015746
101_981,-0.11827956989247312,0.3587201702049656,-0.04125000000000001,No significant trend,18.01451612903226,2.121799052097486
101_982,0.43915343915343913,0.0011148069421513807,0.3825333333333333,Increasing,17.83857142857143,4.241961906515255
101_983,0.007389162561576354,0.9700734843637595,0.004166666666667318,No significant trend,17.019999999999996,3.2795510626324744
101_984,0.26900584795321636,0.11540639132690167,0.28999999999999915,No significant trend,18.062631578947364,3.2266437542588284
101_985,0.5019762845849802,0.0008756060724179893,0.49449999999999983,Increasing,18.41304347826087,5.021437897985699
101_986,-0.05172413793103448,0.7075405568724964,-0.04284313725490206,No significant trend,20.38413793103448,2.929160780415912
101_987,-0.17849462365591398,0.16340634586373248,-0.05666666666666664,No significant trend,21.220967741935482,1.7406660846682387
101_988,0.549407114624506,0.0002677632428869092,0.355,Increasing,13.942608695652178,3.0275793421424755
101_989,-0.12554112554112554,0.4297952723395557,-0.05571428571428579,No significant trend,17.423181818181817,2.4431227899846024
101_99,-0.09247311827956989,0.47532023939393775,-0.06666666666666643,No significant trend,23.559032258064516,3.6759430256726873
101_990,0.452991452991453,0.0009883866103712613,0.45045454545454544,Increasing,16.743703703703705,4.656266305980416
101_991,0.4236559139784946,0.0008644209634274258,0.36083333333333334,Increasing,29.179354838709674,6.552876706619316
101_992,0.4852941176470588,0.007416924668827818,0.40428571428571436,Increasing,17.13,3.269185903338664
101_993,0.5,0.00015117670993469723,0.17316666666666666,Increasing,16.672413793103445,2.3109986722752627
101_994,0.48616600790513836,0.001272655153373936,0.3233333333333335,Increasing,15.26478260869565,3.3693837258275368
101_995,-0.39766081871345027,0.019076468848135297,-0.37399999999999983,Decreasing,25.29842105263158,3.8355871891892357
101_996,-0.7376344086021506,6.144577069377988e-09,-0.5879166666666666,Decreasing,21.91064516129032,5.729035799911721
101_997,-0.9225806451612903,3.4772185131259903e-13,-1.6719047619047618,Decreasing,36.195806451612896,16.952604096125125
101_998,-0.23010752688172043,0.07160518117391312,-0.08071428571428589,No significant trend,35.65193548387097,5.410153190458175
147_1,0.7010752688172043,3.316779961792804e-08,0.39875,Increasing,19.031612903225806,3.9308958978626625
147_10,0.3311827956989247,0.009310109795033439,0.17500000000000007,Increasing,19.29935483870967,2.674322266251192
147_100,0.5311827956989247,2.9007853530993444e-05,0.49187499999999984,Increasing,28.013225806451608,5.043449528106714
147_101,0.07936507936507936,0.566685952792318,0.0442499999999999,No significant trend,39.958571428571425,2.616846131026696
147_102,-0.05454545454545454,0.8762696636277618,-0.21000000000000013,No significant trend,14.109090909090908,2.916814746339371
147_103,0.5182795698924731,4.5202596182347676e-05,0.2816666666666669,Increasing,21.007741935483867,3.203520955768491
147_104,-0.23655913978494625,0.06393835708593554,-0.08079999999999998,No significant trend,21.115483870967743,2.6743112935672135
147_105,0.004597701149425287,0.9857656719542729,0.0006666666666667708,No significant trend,18.569000000000006,1.6751106431118714
147_106,0.3931034482758621,0.0024215544339303285,0.14999999999999986,Increasing,18.281333333333336,2.3714464409347773
147_107,0.30752688172043013,0.015800509032550147,0.14599999999999996,Increasing,18.80064516129032,2.6133132294808847
147_108,0.10098522167487685,0.45306051056758023,0.0475831202046035,No significant trend,13.947241379310345,2.510251940304995
147_109,-0.24516129032258063,0.05478277122914399,-0.08999999999999986,No significant trend,19.10129032258065,1.8491179099086834
147_11,0.35714285714285715,0.006909790070356747,0.1952277432712216,Increasing,19.950000000000006,3.2039426143209977
147_110,-0.11182795698924732,0.3860421406420662,-0.06818181818181818,No significant trend,19.747741935483873,2.9051608246831493
147_111,0.3053763440860215,0.016552728702838415,0.15923076923076926,Increasing,22.693548387096776,3.15361804342056
147_112,0.15151515151515152,0.3376949763722794,0.14461538461538467,No significant trend,16.88681818181818,3.277614690266572
147_113,0.3419354838709677,0.007243570523155052,0.14444444444444451,Increasing,25.31548387096775,2.3653027340984076
147_114,0.03908045977011494,0.7752944295177846,0.0386363636363637,No significant trend,27.620333333333328,3.696410405905828
147_115,0.054187192118226604,0.6936406217837585,0.041416666666666685,No significant trend,19.405172413793107,2.7760423586771936
147_116,0.6157635467980296,3.000911899420089e-06,0.3963863636363636,Increasing,21.599310344827586,4.58236118252745
147_117,-0.2608695652173913,0.07821934455010537,-0.24412698412698414,No significant trend,20.44458333333333,3.711982824994689
147_118,0.046798029556650245,0.7356306413096991,0.023250000000000083,No significant trend,21.00793103448276,2.476196164184013
147_119,-0.13846153846153847,0.3321321174074414,-0.07666666666666663,No significant trend,19.10576923076923,3.0047336667804725
147_12,0.11666666666666667,0.4271553081827699,0.10216666666666707,No significant trend,23.0304,3.1917148744836212
147_120,-0.1,0.5458845697561467,-0.05312499999999987,No significant trend,24.024761904761906,4.354163436186673
147_121,0.5714285714285714,1.4701607930822647e-05,0.35450000000000004,Increasing,22.480344827586205,3.4720137084174594
147_122,0.5684210526315789,0.0005174852909002325,0.5375000000000001,Increasing,17.075499999999998,4.408550186852816
147_123,-0.18181818181818182,0.2346480807364668,-0.19999999999999996,No significant trend,22.26347826086956,4.113658700196375
147_124,0.21164021164021163,0.11857919895819413,0.14766666666666656,No significant trend,21.27178571428571,3.9636446553748517
147_125,-0.2660098522167488,0.04473767313816901,-0.15182186234817802,Decreasing,24.47413793103448,2.769647702284197
147_126,-0.1076923076923077,0.4536084832864735,-0.05999999999999991,No significant trend,18.315384615384616,3.1653377882320024
147_127,-0.3839080459770115,0.003060340147684304,-0.24200000000000016,Decreasing,40.03533333333334,4.6322836220978045
147_128,0.4588744588744589,0.0030685843108435584,0.4066666666666667,Increasing,21.473636363636363,3.8639411644477777
147_129,-0.3694581280788177,0.0051907547828196066,-0.2858333333333333,Decreasing,46.62068965517241,5.133771169513447
147_13,0.6017316017316018,9.970267728132143e-05,0.5370000000000001,Increasing,20.525909090909092,4.094963268889444
147_130,0.46236559139784944,0.00027558237497360416,0.4163157894736842,Increasing,36.48677419354838,5.313307934524025
147_131,-0.08817204301075268,0.49659521437046883,-0.06818181818181818,No significant trend,21.561290322580643,4.120551749725323
147_132,-0.6495726495726496,2.220462714586091e-06,-0.964375,Decreasing,35.96074074074074,9.050746613739554
147_133,-0.09462365591397849,0.46487326576717747,-0.028999999999999915,No significant trend,22.72806451612903,2.092944244059286
147_134,0.13333333333333333,0.2998377295670276,0.0695652173913044,No significant trend,20.84032258064516,2.7894345407684424
147_135,0.6129032258064516,1.3861735368436712e-06,0.6875,Increasing,44.79709677419354,7.758298447281231
147_136,-0.3419354838709677,0.007243570523155052,-0.15499999999999994,Decreasing,20.960322580645162,3.3493412774329108
147_137,0.15913978494623657,0.21470238954837217,0.10999999999999999,No significant trend,21.380322580645167,3.0949506055477585
147_138,-0.06896551724137931,0.604884009383966,-0.03285714285714275,No significant trend,20.141000000000002,2.4870294864891864
147_139,0.13548387096774195,0.29198463590975887,0.05434782608695652,No significant trend,17.87032258064516,2.7171717789986873
147_14,-0.2450592885375494,0.10717147527008408,-0.20428571428571424,No significant trend,33.63304347826087,3.0803351522656683
147_140,0.5714285714285714,0.0003263486811857508,0.4205555555555558,Increasing,17.707619047619044,3.6204155309549826
147_141,0.4152046783625731,0.014325742543108033,0.6099999999999999,Increasing,21.44736842105263,5.575754697187933
147_142,0.5195402298850574,5.963967002298176e-05,0.4621428571428571,Increasing,25.194999999999997,5.027247590216075
147_143,0.5698924731182796,7.221474918273074e-06,0.3237500000000004,Increasing,38.99225806451613,3.5784117126199457
147_144,0.3935483870967742,0.0019791198223833018,0.197142857142857,Increasing,20.62935483870968,2.8092829247886097
147_145,0.04743083003952569,0.7714222615536246,0.02750000000000008,No significant trend,17.6504347826087,2.6506200722634357
147_146,0.2367816091954023,0.06879172817146428,0.10153846153846156,No significant trend,18.49266666666667,2.1767267985568504
147_147,-0.10052910052910052,0.4647845151096839,-0.035875000000000073,No significant trend,22.520714285714288,2.456796591050207
147_148,-0.025806451612903226,0.8516915353162966,-0.014117647058823646,No significant trend,29.628064516129033,2.613161994354903
147_149,0.2,0.2299690777236405,0.47544117647058837,No significant trend,30.151000000000003,6.585486238691869
147_15,-0.3096774193548387,0.015078520915366989,-0.15375000000000005,Decreasing,29.56096774193549,2.9066557158652833
147_150,-0.15343915343915343,0.2601140477282804,-0.08250000000000002,No significant trend,16.033928571428568,2.533044948117517
147_151,0.42735042735042733,0.0018951516882832475,0.2911111111111112,Increasing,25.32592592592593,4.080637440454488
147_152,-0.6516129032258065,2.852843357104007e-07,-0.3128571428571429,Decreasing,37.793225806451616,3.355783055674693
147_153,-0.47096774193548385,0.00021120825007803212,-0.4800000000000004,Decreasing,32.14225806451613,6.4501831480261185
147_154,-0.06666666666666667,0.7526419827681854,-0.08361111111111136,No significant trend,17.486875000000005,3.152101915290018
147_155,-0.10098522167487685,0.45306051056758023,-0.05211309523809525,No significant trend,18.491724137931033,2.4029996612933555
147_156,0.23225806451612904,0.06896994111977195,0.1857142857142858,No significant trend,34.164838709677426,3.1768729512177503
147_157,-0.4344086021505376,0.000634829801147152,-0.20636363636363633,Decreasing,21.37774193548386,2.6770719556977456
147_158,0.05434782608695652,0.7283947649545108,0.027386363636363598,No significant trend,19.089583333333334,2.8750050422661095
147_159,0.05591397849462366,0.6709019753135215,0.04280000000000001,No significant trend,19.749677419354835,3.48848657810506
147_16,0.02857142857142857,0.9211586502250249,0.046666666666666856,No significant trend,16.284666666666666,2.414030838429553
147_160,-0.5985221674876847,5.640089432379369e-06,-0.3980952380952381,Decreasing,23.068620689655173,3.9473969809342937
147_161,-0.22365591397849463,0.08000950089470127,-0.1083333333333331,No significant trend,62.42258064516129,3.1630466812888614
147_162,-0.49032258064516127,0.0001142313991857602,-0.33750000000000036,Decreasing,29.426129032258064,4.678695487763832
147_163,0.043478260869565216,0.7849697273207377,0.08666666666666692,No significant trend,17.474166666666665,4.67116769543643
147_164,0.23646723646723647,0.08736825213310095,0.21529411764705883,No significant trend,22.416296296296302,3.6799296975452087
147_165,-0.8029556650246306,1.0850405018913989e-09,-0.49571895424836604,Decreasing,21.000000000000004,4.482650847510841
147_166,0.13793103448275862,0.3022157697479979,0.08031250000000001,No significant trend,17.828275862068963,2.554120496395386
147_167,-0.5527065527065527,5.7350881807138876e-05,-0.7153846153846154,Decreasing,26.273333333333333,6.963197966877427
147_168,0.0,1.0,0.01249999999999929,No significant trend,13.51125,2.083137282442038
147_169,0.7555555555555555,0.003161222020906962,0.7744444444444445,Increasing,14.838,2.482014504389529
147_17,-0.26021505376344084,0.04139316901026291,-0.12333333333333336,Decreasing,29.441290322580638,3.0798017761260104
147_170,-0.432258064516129,0.000675626717447253,-0.3222222222222222,Decreasing,26.443548387096772,5.444618857709252
147_171,0.20923076923076922,0.13973357354013838,0.16000000000000003,No significant trend,15.443076923076923,3.474272219562149
147_172,0.39920948616600793,0.00826505849047754,0.28999999999999915,Increasing,17.89304347826087,3.264430751071988
147_173,0.3057471264367816,0.01852190355643346,0.13999999999999985,Increasing,17.904,2.908132963489347
147_174,-0.245014245014245,0.07639665766048731,-0.14722222222222214,No significant trend,17.474444444444444,2.9904642688401877
147_175,0.13763440860215054,0.28427093926275426,0.05090909090909079,No significant trend,18.84322580645161,2.121290518797574
147_176,-0.38666666666666666,0.007235176109436026,-0.2876041666666667,Decreasing,17.8196,2.9498128483007187
147_177,0.4605911330049261,0.00048483205271554475,0.3252777777777778,Increasing,19.111034482758622,4.103865582953329
147_178,0.33978494623655914,0.007620496341621097,0.15041666666666664,Increasing,16.948709677419355,2.632567423313873
147_179,0.229064039408867,0.08439389439885292,0.1462,No significant trend,18.975862068965515,2.9163516618298604
147_18,0.23870967741935484,0.061538570047021235,0.1522222222222222,No significant trend,42.385161290322586,3.8609541449581215
147_180,0.43666666666666665,0.0023962339696750323,0.27486111111111106,Increasing,18.1268,3.238601821774328
147_181,0.11594202898550725,0.4419310120112123,0.066388888888889,No significant trend,21.326666666666668,2.3874841477076982
147_182,0.30114942528735633,0.020376931601497006,0.15823529411764714,Increasing,19.926333333333336,2.973926118039175
147_183,0.011494252873563218,0.9431079616717606,0.002142857142857224,No significant trend,29.435999999999996,2.783182351194403
147_184,-0.02849002849002849,0.8511728303234574,-0.01333333333333305,No significant trend,26.17592592592593,2.0899340043793675
147_185,0.32763532763532766,0.017475500066583827,0.12294117647058822,Increasing,19.92962962962963,2.552782768436396
147_186,-0.2021505376344086,0.11395424835779155,-0.05649999999999995,No significant trend,18.25193548387097,1.934285596811189
147_187,0.4074074074074074,0.0025049116870556887,0.2711458333333333,Increasing,18.031785714285714,3.423793899808712
147_188,0.3720430107526882,0.0034624952577932966,0.30473684210526314,Increasing,17.15838709677419,4.1850849583037855
147_189,-0.09247311827956989,0.47532023939393775,-0.03111111111111124,No significant trend,18.826774193548385,2.3516588340131506
147_19,0.11182795698924732,0.3860421406420662,0.10239999999999981,No significant trend,36.70387096774194,4.198528680398036
147_190,0.43859649122807015,0.00962740239307891,0.4211764705882353,Increasing,17.668421052631576,4.099814197533057
147_191,0.2645161290322581,0.038119926564599727,0.1368421052631578,Increasing,18.229032258064514,2.7121594239452262
147_192,0.4074074074074074,0.003073782996336094,0.24869565217391315,Increasing,15.66259259259259,3.333022866199961
147_193,-0.04946236559139785,0.7084629632532715,-0.030714285714285694,No significant trend,20.70709677419355,2.125067275668849
147_194,0.08615384615384615,0.5517620105782679,0.02190476190476186,No significant trend,15.227307692307694,2.5395404758346274
147_195,0.7954022988505747,7.500378096381155e-10,0.8889999999999999,Increasing,27.453666666666663,7.949563293386344
147_196,0.4707692307692308,0.0008071950066894651,0.9491666666666664,Increasing,27.28846153846154,9.975939397565792
147_197,-0.5032679738562091,0.00399311317492268,-0.37,Decreasing,23.228888888888886,3.1566541514867867
147_198,0.5238095238095238,9.940717034617741e-05,0.33478571428571435,Increasing,23.486785714285713,3.76438863711287
147_199,0.7311827956989247,8.32288038488116e-09,0.365,Increasing,26.363548387096778,3.611482180210955
147_2,0.41,0.004381469881425737,0.33208333333333345,Increasing,18.4428,3.7140194075960347
147_20,-0.6516129032258065,2.852843357104007e-07,-0.3357142857142859,Decreasing,36.05967741935484,3.7378555900503647
147_200,0.26021505376344084,0.04139316901026291,0.15611111111111123,Increasing,24.02903225806451,3.511527886224685
147_201,-0.30752688172043013,0.015800509032550147,-0.1811111111111106,Decreasing,32.002903225806456,2.893785547874336
147_202,-0.08387096774193549,0.5183675363290698,-0.03590909090909087,No significant trend,37.313225806451605,2.83314072512579
147_203,0.4043010752688172,0.0014812606762657499,0.1293333333333334,Increasing,27.72645161290323,1.8436929077211501
147_204,-0.6650246305418719,4.5134746784469826e-07,-0.3829166666666668,Decreasing,22.918620689655175,4.502249035022945
147_205,-0.15384615384615385,0.4766607428425911,-0.22909090909090873,No significant trend,51.684285714285714,3.491595448431878
147_206,0.2172043010752688,0.08919834224618706,0.05086956521739122,No significant trend,20.092903225806452,2.0455115198237164
147_207,0.47783251231527096,0.00029425488390955046,0.45306818181818187,Increasing,30.213793103448282,5.002121214729706
147_208,0.3849462365591398,0.002483355213678262,0.4590000000000002,Increasing,35.22387096774193,5.256169755580551
147_209,-0.4666666666666667,0.0002413897092941042,-0.2562499999999999,Decreasing,39.98516129032258,3.7181636735111177
147_21,0.34623655913978496,0.006539518436156966,0.12307692307692292,Increasing,28.39838709677419,2.2589893497788234
147_210,0.15483870967741936,0.22753013024096425,0.04277777777777795,No significant trend,16.56451612903226,1.581944166686691
147_211,0.15483870967741936,0.22753013024096425,0.10333333333333337,No significant trend,29.431935483870966,3.2031601526585587
147_212,0.4,0.005448604576648863,0.3049545454545454,Increasing,21.319200000000002,3.408187694361917
147_213,0.02795698924731183,0.8383870987564421,0.00777777777777781,No significant trend,24.405806451612904,2.3989470461602433
147_214,0.2021505376344086,0.11395424835779155,0.06391304347826082,No significant trend,16.91516129032258,1.6362957201138344
147_215,-0.2172043010752688,0.08919834224618706,-0.12090909090909108,No significant trend,24.871612903225802,3.1023987563987436
147_216,0.04516129032258064,0.7339104943970112,0.03176470588235289,No significant trend,17.23161290322581,2.283193994801585
147_217,0.047311827956989246,0.721148135879736,0.01750000000000007,No significant trend,18.96677419354839,1.7944239566245823
147_218,0.3333333333333333,0.010196053861281307,0.23400000000000035,Increasing,33.91333333333333,5.530866920193334
147_219,-0.578494623655914,5.237567391791487e-06,-0.31799999999999995,Decreasing,30.629354838709677,4.061563289911959
147_22,0.8266666666666667,7.989618522330488e-09,0.8346249999999998,Increasing,22.663200000000003,6.299576950875352
147_220,-0.5763546798029556,1.2388947222774505e-05,-0.2687820512820515,Decreasing,23.21931034482759,3.023158808191881
147_221,-0.4236453201970443,0.0013383422197923434,-0.3302173913043478,Decreasing,21.862068965517246,4.1744463843644475
147_222,0.2924731182795699,0.021760860424100192,0.1452380952380951,Increasing,22.05064516129032,2.4928775127238656
147_223,0.30434782608695654,0.039516712961947364,0.17083333333333345,Increasing,19.72,2.5742927831412907
147_224,0.5311827956989247,2.9007853530993444e-05,0.27434782608695646,Increasing,21.797419354838713,3.1882232565833495
147_225,0.2246376811594203,0.13026223878322818,0.09656862745098027,No significant trend,20.80375,2.5022187029714247
147_226,-0.11576354679802955,0.38820848236055805,-0.04714015151515155,No significant trend,18.393448275862067,2.0849795762864227
147_227,0.06236559139784946,0.6341458536966633,0.04933333333333323,No significant trend,20.72290322580645,2.737256919298526
147_228,-0.1935483870967742,0.1303606801133712,-0.08176470588235277,No significant trend,18.26774193548387,2.536296143385289
147_229,0.17,0.24290826090432383,0.07083333333333329,No significant trend,16.392,2.051576954442606
147_23,0.2860215053763441,0.024862848209154853,0.14250000000000007,Increasing,31.589677419354842,2.8594049503586008
147_230,-0.16339869281045752,0.36331590966639116,-0.14749999999999996,No significant trend,18.521111111111107,3.0340363450706844
147_231,0.08172043010752689,0.5294358519548577,0.06038461538461526,No significant trend,32.642580645161296,3.4046836504476286
147_232,0.44516129032258067,0.000463060547241545,0.42555555555555535,Increasing,36.12322580645161,5.083805652929052
147_233,0.4645161290322581,0.00025795530905270425,0.26166666666666655,Increasing,20.043225806451613,3.28471375204635
147_235,-0.053763440860215055,0.6833368087995224,-0.02153846153846149,No significant trend,24.385483870967743,2.5411463487703516
147_236,0.13978494623655913,0.2766963536434415,0.041578947368421194,No significant trend,29.643870967741936,1.8333921978378254
147_237,0.5870967741935483,3.781833670668533e-06,0.3015384615384615,Increasing,21.72870967741935,3.2475794876516915
147_24,0.0,1.0,0.00031250000000001177,No significant trend,42.165517241379305,3.4063627949885267
147_25,0.10804597701149425,0.41182433473249125,0.07333333333333335,No significant trend,21.233999999999998,3.1312410745049104
147_26,-0.12043010752688173,0.34988986770468866,-0.041538461538461476,No significant trend,23.313225806451605,1.7948247952894014
147_27,0.08262108262108261,0.5594130972023401,0.04499999999999993,No significant trend,20.747777777777774,2.8194238094482977
147_28,-0.3789173789173789,0.005927013253599789,-0.22099999999999992,Decreasing,25.425555555555555,3.0938018482997918
147_29,0.07816091954022988,0.5560262922004524,0.05,No significant trend,21.94833333333333,2.507730824647831
147_3,0.025806451612903226,0.8516915353162966,0.0054545454545455,No significant trend,24.353225806451608,2.2792519812808627
147_30,0.5217391304347826,0.00038960077113503466,0.5564141414141415,Increasing,18.102083333333333,4.869346276423789
147_31,-0.1568627450980392,0.38365199033908226,-0.07750000000000012,No significant trend,15.598333333333336,2.38741433819566
147_32,0.25862068965517243,0.05107626859698655,0.12142543859649116,No significant trend,18.94379310344827,2.916343262745203
147_33,-0.02666666666666667,0.8701367570919354,-0.013962848297213629,No significant trend,16.4656,3.361724652615083
147_34,0.13043478260869565,0.39803568959424807,0.13000000000000034,No significant trend,19.179565217391303,3.831853312819279
147_35,0.4,0.001664635394999392,0.18565217391304345,Increasing,19.051612903225806,3.2622326579617553
147_36,0.1921182266009852,0.148634710747773,0.21583333333333304,No significant trend,23.62551724137931,4.551522357073963
147_37,-0.3720430107526882,0.0034624952577932966,-0.11466666666666671,Decreasing,17.12451612903226,2.020512293246248
147_38,0.31827956989247314,0.012472954020329219,0.26400000000000007,Increasing,25.539032258064516,3.9421341484176695
147_39,0.556989247311828,1.159455156796163e-05,0.2538095238095239,Increasing,16.981290322580648,2.7474407351446466
147_4,0.04086021505376344,0.7596537518193331,0.011666666666666714,No significant trend,18.059354838709677,1.6804568032644804
147_40,-0.06451612903225806,0.6220860087372633,-0.02857142857142847,No significant trend,22.780322580645162,2.2543498939447764
147_41,0.3827956989247312,0.002626567745024566,0.1569565217391304,Increasing,15.09483870967742,2.4194625782462142
147_42,-0.3933333333333333,0.00628497005627171,-0.401590909090909,Decreasing,32.544000000000004,4.193556008926076
147_43,-0.06206896551724138,0.6427431760684212,-0.026363636363636447,No significant trend,26.85966666666667,3.1185236713690165
147_44,0.5720430107526882,6.667035368224106e-06,0.23736842105263156,Increasing,17.16096774193548,2.644146736983663
147_45,0.45806451612903226,0.0003142746175728295,0.22480000000000003,Increasing,27.672903225806454,3.198597670097145
147_46,-0.3032258064516129,0.017336219440732936,-0.11272727272727291,Decreasing,18.855483870967742,2.211154768674092
147_47,0.15913978494623657,0.21470238954837217,0.06916666666666682,No significant trend,19.76129032258065,2.2237033074544286
147_48,0.39655172413793105,0.002688384930605192,0.1354166666666667,Increasing,19.81310344827586,1.9925847075807495
147_49,0.1793103448275862,0.16951639322117718,0.09499999999999999,No significant trend,18.68933333333333,2.6216914811285905
147_5,0.27384615384615385,0.05242145358650174,0.21000000000000027,No significant trend,17.678846153846152,3.182845034680906
147_50,0.13548387096774195,0.29198463590975887,0.0400000000000001,No significant trend,16.655161290322578,2.3220956482866684
147_51,0.4199134199134199,0.006789399984843847,0.3949999999999996,Increasing,24.776363636363637,4.432995647778501
147_52,-0.03225806451612903,0.8119200006410021,-0.015238095238095252,No significant trend,17.79774193548387,2.074394913217672
147_53,-0.19310344827586207,0.13865839096227162,-0.13076923076923072,No significant trend,19.665333333333333,3.505001886193818
147_54,-0.1870967741935484,0.14382566910763628,-0.07055555555555554,No significant trend,32.35967741935484,2.040903474619983
147_55,-0.11396011396011396,0.4162011514299371,-0.04642857142857145,No significant trend,14.884814814814815,2.092024308283053
147_56,-0.16989247311827957,0.18493228677225515,-0.045714285714285756,No significant trend,19.269032258064517,1.4213245862942703
147_57,-0.11397849462365592,0.3767967991819643,-0.03280000000000001,No significant trend,17.554838709677416,1.6990754050512145
147_58,-0.32688172043010755,0.010274278203273202,-0.14052631578947378,Decreasing,19.195161290322584,2.762104002816065
147_59,-0.23440860215053763,0.06641490832840091,-0.11833333333333318,No significant trend,19.566774193548394,2.562740955905603
147_6,-0.09538461538461539,0.5084542305885602,-0.04857142857142855,No significant trend,17.94423076923077,2.291972904050004
147_60,-0.037037037037037035,0.7973063403989813,-0.019374999999999844,No significant trend,19.184285714285714,2.4623543155911185
147_61,-0.2623655913978495,0.03972794794507628,-0.13333333333333333,Decreasing,18.261935483870968,2.540248170953227
147_62,0.0582010582010582,0.6782246933005027,0.08611111111111125,No significant trend,33.63857142857143,7.761840132655268
147_63,0.1032258064516129,0.42438806620665614,0.03571428571428571,No significant trend,17.232903225806453,2.0784752375757094
147_64,0.03201970443349754,0.8219040154225936,0.007740384615384698,No significant trend,20.105862068965514,2.5771081323457534
147_65,-0.18924731182795698,0.13922364714154067,-0.07083333333333346,No significant trend,20.05064516129032,2.0280388357353467
147_66,-0.6507936507936508,1.2961243196496497e-06,-0.450952380952381,Decreasing,22.852142857142862,4.070144220981836
147_67,-0.2,0.16822084690819583,-0.13544444444444462,No significant trend,23.9952,3.0219399332217045
147_68,0.16774193548387098,0.19062782292334934,0.0592307692307692,No significant trend,17.44225806451613,2.1667884807935174
147_69,-0.32019704433497537,0.015529473461965315,-0.20303529411764715,Decreasing,20.360689655172415,3.4439641664146503
147_7,0.09655172413793103,0.4644846295722058,0.02350000000000012,No significant trend,19.150999999999996,1.4852908806021798
147_70,0.09247311827956989,0.47532023939393775,0.08111111111111097,No significant trend,14.91709677419355,2.7668279188576657
147_71,0.25591397849462366,0.0449013762794892,0.11750000000000001,Increasing,14.904838709677419,2.5265645053692745
147_72,0.0735632183908046,0.5802141355026136,0.023333333333333428,No significant trend,20.785999999999994,2.7192150828256794
147_73,0.5913978494623656,3.2082201719685344e-06,0.17857142857142858,Increasing,22.13,2.1713530789690534
147_74,0.2597701149425287,0.045695472216719324,0.18272727272727288,Increasing,22.679,3.5142750319233698
147_75,-0.4574712643678161,0.0004116126465696368,-0.28148148148148144,Decreasing,16.148,3.8005783770368424
147_76,0.610752688172043,1.5094086633915538e-06,0.41545454545454547,Increasing,30.170322580645156,4.257337865661279
147_77,0.8602150537634409,1.1887602013871401e-11,0.6611111111111109,Increasing,34.761290322580635,5.7735563714037905
147_78,-0.19576719576719576,0.1492386498370859,-0.08153846153846069,No significant trend,15.248571428571427,2.3972703439622363
147_79,0.34838709677419355,0.006211110408963716,0.16760000000000005,Increasing,19.257096774193553,2.359521812610162
147_8,-0.052873563218390804,0.6946868300138667,-0.038076923076923154,No significant trend,17.836333333333332,3.6170535737745935
147_80,-0.12962962962962962,0.34297016748429265,-0.05252192982456132,No significant trend,23.23357142857143,2.898119112071673
147_81,-0.23666666666666666,0.10208096113248466,-0.23011363636363633,No significant trend,22.666800000000002,4.100931328369204
147_82,0.2850574712643678,0.0282033035942284,0.1750000000000007,Increasing,17.452999999999996,2.7586399426770676
147_83,0.18719211822660098,0.1594704970550871,0.17470238095238105,No significant trend,25.47413793103448,3.653625990372681
147_84,0.33497536945812806,0.011330460027788813,0.308921568627451,Increasing,24.139655172413793,4.5743245084580675
147_85,0.11612903225806452,0.3676892969544798,0.04655172413793096,No significant trend,20.150645161290324,1.827661886362924
147_86,0.4344086021505376,0.000634829801147152,0.16631578947368422,Increasing,23.291290322580643,2.5454713004705534
147_87,0.5246305418719212,6.987555467663498e-05,0.34299999999999986,Increasing,32.557586206896545,4.207611047295958
147_88,0.3419354838709677,0.007243570523155052,0.20916666666666664,Increasing,20.70870967741936,3.602335928466313
147_89,-0.24946236559139784,0.050631724603018124,-0.19642857142857142,No significant trend,25.756774193548384,4.356957644590246
147_9,0.2086021505376344,0.10275196797700414,0.08125000000000027,No significant trend,26.17419354838709,2.5755698075390545
147_90,-0.4021505376344086,0.001570485444849723,-0.14200000000000018,Decreasing,19.654516129032256,2.212236991781028
147_91,0.44946236559139785,0.00040738224022218716,0.2088888888888888,Increasing,20.921935483870968,2.9591775441451893
147_92,-0.44946236559139785,0.00040738224022218716,-0.15555555555555559,Decreasing,16.82387096774194,2.530002776256739
147_93,0.396011396011396,0.004016364736216804,0.2607142857142856,Increasing,17.454074074074075,2.94665568029533
147_94,-0.6566666666666666,4.703998780275498e-06,-0.4002500000000001,Decreasing,18.2592,3.383729209023677
147_95,0.5098814229249012,0.0007234396098074747,0.29050000000000004,Increasing,13.110434782608696,2.6784818514142272
147_96,0.26153846153846155,0.06409905424175921,0.2450000000000001,No significant trend,21.382307692307695,3.9743759139423944
147_97,-0.30687830687830686,0.023086525936651725,-0.13842803030303025,Decreasing,16.756428571428575,2.5339962993062874
147_98,-0.16559139784946236,0.19645146482180031,-0.06375000000000004,No significant trend,18.18903225806452,2.219161938353494
147_99,-0.1895424836601307,0.28888280402716404,-0.34307692307692317,No significant trend,30.314999999999998,4.868512492424035
